dataset,decision_month,feature,na_reason
baseline_2008_monthly,2008-01,ey,
baseline_2008_monthly,2008-01,eyg,
baseline_2008_monthly,2008-01,term_spread,
baseline_2008_monthly,2008-01,pmi_gap,NOT_RELEASED
baseline_2008_monthly,2008-01,delta_pmi,NOT_RELEASED
baseline_2008_monthly,2008-01,loans_12m,NOT_RELEASED
baseline_2008_monthly,2008-01,val.pb,
baseline_2008_monthly,2008-01,rate.fr007_mean,
baseline_2008_monthly,2008-01,gro.ip_yoy,NOT_APPLICABLE
baseline_2008_monthly,2008-01,gro.retail_yoy,NOT_RELEASED
baseline_2008_monthly,2008-01,gro.gdp_yoy,
baseline_2008_monthly,2008-01,inf.cpi_yoy,NOT_RELEASED
baseline_2008_monthly,2008-01,inf.ppi_yoy,
baseline_2008_monthly,2008-01,liq.m2_yoy,NOT_RELEASED
baseline_2008_monthly,2008-02,ey,
baseline_2008_monthly,2008-02,eyg,
baseline_2008_monthly,2008-02,term_spread,
baseline_2008_monthly,2008-02,pmi_gap,
baseline_2008_monthly,2008-02,delta_pmi,NOT_RELEASED
baseline_2008_monthly,2008-02,loans_12m,INSUFFICIENT_HISTORY
baseline_2008_monthly,2008-02,val.pb,
baseline_2008_monthly,2008-02,rate.fr007_mean,
baseline_2008_monthly,2008-02,gro.ip_yoy,NOT_RELEASED
baseline_2008_monthly,2008-02,gro.retail_yoy,
baseline_2008_monthly,2008-02,gro.gdp_yoy,
baseline_2008_monthly,2008-02,inf.cpi_yoy,
baseline_2008_monthly,2008-02,inf.ppi_yoy,
baseline_2008_monthly,2008-02,liq.m2_yoy,
baseline_2008_monthly,2008-03,ey,
baseline_2008_monthly,2008-03,eyg,
baseline_2008_monthly,2008-03,term_spread,
baseline_2008_monthly,2008-03,pmi_gap,
baseline_2008_monthly,2008-03,delta_pmi,
baseline_2008_monthly,2008-03,loans_12m,INSUFFICIENT_HISTORY
baseline_2008_monthly,2008-03,val.pb,
baseline_2008_monthly,2008-03,rate.fr007_mean,
baseline_2008_monthly,2008-03,gro.ip_yoy,
baseline_2008_monthly,2008-03,gro.retail_yoy,
baseline_2008_monthly,2008-03,gro.gdp_yoy,
baseline_2008_monthly,2008-03,inf.cpi_yoy,
baseline_2008_monthly,2008-03,inf.ppi_yoy,
baseline_2008_monthly,2008-03,liq.m2_yoy,
baseline_2008_monthly,2008-04,ey,
baseline_2008_monthly,2008-04,eyg,
baseline_2008_monthly,2008-04,term_spread,
baseline_2008_monthly,2008-04,pmi_gap,
baseline_2008_monthly,2008-04,delta_pmi,
baseline_2008_monthly,2008-04,loans_12m,INSUFFICIENT_HISTORY
baseline_2008_monthly,2008-04,val.pb,
baseline_2008_monthly,2008-04,rate.fr007_mean,
baseline_2008_monthly,2008-04,gro.ip_yoy,
baseline_2008_monthly,2008-04,gro.retail_yoy,
baseline_2008_monthly,2008-04,gro.gdp_yoy,
baseline_2008_monthly,2008-04,inf.cpi_yoy,
baseline_2008_monthly,2008-04,inf.ppi_yoy,
baseline_2008_monthly,2008-04,liq.m2_yoy,
baseline_2008_monthly,2008-05,ey,
baseline_2008_monthly,2008-05,eyg,
baseline_2008_monthly,2008-05,term_spread,
baseline_2008_monthly,2008-05,pmi_gap,
baseline_2008_monthly,2008-05,delta_pmi,
baseline_2008_monthly,2008-05,loans_12m,INSUFFICIENT_HISTORY
baseline_2008_monthly,2008-05,val.pb,
baseline_2008_monthly,2008-05,rate.fr007_mean,
baseline_2008_monthly,2008-05,gro.ip_yoy,
baseline_2008_monthly,2008-05,gro.retail_yoy,
baseline_2008_monthly,2008-05,gro.gdp_yoy,
baseline_2008_monthly,2008-05,inf.cpi_yoy,
baseline_2008_monthly,2008-05,inf.ppi_yoy,
baseline_2008_monthly,2008-05,liq.m2_yoy,
baseline_2008_monthly,2008-06,ey,
baseline_2008_monthly,2008-06,eyg,
baseline_2008_monthly,2008-06,term_spread,
baseline_2008_monthly,2008-06,pmi_gap,
baseline_2008_monthly,2008-06,delta_pmi,
baseline_2008_monthly,2008-06,loans_12m,INSUFFICIENT_HISTORY
baseline_2008_monthly,2008-06,val.pb,
baseline_2008_monthly,2008-06,rate.fr007_mean,
baseline_2008_monthly,2008-06,gro.ip_yoy,
baseline_2008_monthly,2008-06,gro.retail_yoy,
baseline_2008_monthly,2008-06,gro.gdp_yoy,
baseline_2008_monthly,2008-06,inf.cpi_yoy,
baseline_2008_monthly,2008-06,inf.ppi_yoy,
baseline_2008_monthly,2008-06,liq.m2_yoy,
baseline_2008_monthly,2008-07,ey,
baseline_2008_monthly,2008-07,eyg,
baseline_2008_monthly,2008-07,term_spread,
baseline_2008_monthly,2008-07,pmi_gap,
baseline_2008_monthly,2008-07,delta_pmi,
baseline_2008_monthly,2008-07,loans_12m,INSUFFICIENT_HISTORY
baseline_2008_monthly,2008-07,val.pb,
baseline_2008_monthly,2008-07,rate.fr007_mean,
baseline_2008_monthly,2008-07,gro.ip_yoy,
baseline_2008_monthly,2008-07,gro.retail_yoy,
baseline_2008_monthly,2008-07,gro.gdp_yoy,
baseline_2008_monthly,2008-07,inf.cpi_yoy,
baseline_2008_monthly,2008-07,inf.ppi_yoy,
baseline_2008_monthly,2008-07,liq.m2_yoy,
baseline_2008_monthly,2008-08,ey,
baseline_2008_monthly,2008-08,eyg,
baseline_2008_monthly,2008-08,term_spread,
baseline_2008_monthly,2008-08,pmi_gap,
baseline_2008_monthly,2008-08,delta_pmi,
baseline_2008_monthly,2008-08,loans_12m,INSUFFICIENT_HISTORY
baseline_2008_monthly,2008-08,val.pb,
baseline_2008_monthly,2008-08,rate.fr007_mean,
baseline_2008_monthly,2008-08,gro.ip_yoy,
baseline_2008_monthly,2008-08,gro.retail_yoy,
baseline_2008_monthly,2008-08,gro.gdp_yoy,
baseline_2008_monthly,2008-08,inf.cpi_yoy,
baseline_2008_monthly,2008-08,inf.ppi_yoy,
baseline_2008_monthly,2008-08,liq.m2_yoy,
baseline_2008_monthly,2008-09,ey,
baseline_2008_monthly,2008-09,eyg,
baseline_2008_monthly,2008-09,term_spread,
baseline_2008_monthly,2008-09,pmi_gap,
baseline_2008_monthly,2008-09,delta_pmi,
baseline_2008_monthly,2008-09,loans_12m,INSUFFICIENT_HISTORY
baseline_2008_monthly,2008-09,val.pb,
baseline_2008_monthly,2008-09,rate.fr007_mean,
baseline_2008_monthly,2008-09,gro.ip_yoy,
baseline_2008_monthly,2008-09,gro.retail_yoy,
baseline_2008_monthly,2008-09,gro.gdp_yoy,
baseline_2008_monthly,2008-09,inf.cpi_yoy,
baseline_2008_monthly,2008-09,inf.ppi_yoy,
baseline_2008_monthly,2008-09,liq.m2_yoy,
baseline_2008_monthly,2008-10,ey,
baseline_2008_monthly,2008-10,eyg,
baseline_2008_monthly,2008-10,term_spread,
baseline_2008_monthly,2008-10,pmi_gap,
baseline_2008_monthly,2008-10,delta_pmi,
baseline_2008_monthly,2008-10,loans_12m,INSUFFICIENT_HISTORY
baseline_2008_monthly,2008-10,val.pb,
baseline_2008_monthly,2008-10,rate.fr007_mean,
baseline_2008_monthly,2008-10,gro.ip_yoy,
baseline_2008_monthly,2008-10,gro.retail_yoy,
baseline_2008_monthly,2008-10,gro.gdp_yoy,
baseline_2008_monthly,2008-10,inf.cpi_yoy,
baseline_2008_monthly,2008-10,inf.ppi_yoy,
baseline_2008_monthly,2008-10,liq.m2_yoy,
baseline_2008_monthly,2008-11,ey,
baseline_2008_monthly,2008-11,eyg,
baseline_2008_monthly,2008-11,term_spread,
baseline_2008_monthly,2008-11,pmi_gap,
baseline_2008_monthly,2008-11,delta_pmi,
baseline_2008_monthly,2008-11,loans_12m,INSUFFICIENT_HISTORY
baseline_2008_monthly,2008-11,val.pb,
baseline_2008_monthly,2008-11,rate.fr007_mean,
baseline_2008_monthly,2008-11,gro.ip_yoy,
baseline_2008_monthly,2008-11,gro.retail_yoy,
baseline_2008_monthly,2008-11,gro.gdp_yoy,
baseline_2008_monthly,2008-11,inf.cpi_yoy,
baseline_2008_monthly,2008-11,inf.ppi_yoy,
baseline_2008_monthly,2008-11,liq.m2_yoy,
baseline_2008_monthly,2008-12,ey,
baseline_2008_monthly,2008-12,eyg,
baseline_2008_monthly,2008-12,term_spread,
baseline_2008_monthly,2008-12,pmi_gap,
baseline_2008_monthly,2008-12,delta_pmi,
baseline_2008_monthly,2008-12,loans_12m,INSUFFICIENT_HISTORY
baseline_2008_monthly,2008-12,val.pb,
baseline_2008_monthly,2008-12,rate.fr007_mean,
baseline_2008_monthly,2008-12,gro.ip_yoy,
baseline_2008_monthly,2008-12,gro.retail_yoy,
baseline_2008_monthly,2008-12,gro.gdp_yoy,
baseline_2008_monthly,2008-12,inf.cpi_yoy,
baseline_2008_monthly,2008-12,inf.ppi_yoy,
baseline_2008_monthly,2008-12,liq.m2_yoy,
baseline_2008_monthly,2009-01,ey,
baseline_2008_monthly,2009-01,eyg,
baseline_2008_monthly,2009-01,term_spread,
baseline_2008_monthly,2009-01,pmi_gap,
baseline_2008_monthly,2009-01,delta_pmi,
baseline_2008_monthly,2009-01,loans_12m,
baseline_2008_monthly,2009-01,val.pb,
baseline_2008_monthly,2009-01,rate.fr007_mean,
baseline_2008_monthly,2009-01,gro.ip_yoy,
baseline_2008_monthly,2009-01,gro.retail_yoy,
baseline_2008_monthly,2009-01,gro.gdp_yoy,
baseline_2008_monthly,2009-01,inf.cpi_yoy,
baseline_2008_monthly,2009-01,inf.ppi_yoy,
baseline_2008_monthly,2009-01,liq.m2_yoy,
baseline_2008_monthly,2009-02,ey,
baseline_2008_monthly,2009-02,eyg,
baseline_2008_monthly,2009-02,term_spread,
baseline_2008_monthly,2009-02,pmi_gap,
baseline_2008_monthly,2009-02,delta_pmi,
baseline_2008_monthly,2009-02,loans_12m,
baseline_2008_monthly,2009-02,val.pb,
baseline_2008_monthly,2009-02,rate.fr007_mean,
baseline_2008_monthly,2009-02,gro.ip_yoy,
baseline_2008_monthly,2009-02,gro.retail_yoy,
baseline_2008_monthly,2009-02,gro.gdp_yoy,
baseline_2008_monthly,2009-02,inf.cpi_yoy,
baseline_2008_monthly,2009-02,inf.ppi_yoy,
baseline_2008_monthly,2009-02,liq.m2_yoy,
baseline_2008_monthly,2009-03,ey,
baseline_2008_monthly,2009-03,eyg,
baseline_2008_monthly,2009-03,term_spread,
baseline_2008_monthly,2009-03,pmi_gap,
baseline_2008_monthly,2009-03,delta_pmi,
baseline_2008_monthly,2009-03,loans_12m,
baseline_2008_monthly,2009-03,val.pb,
baseline_2008_monthly,2009-03,rate.fr007_mean,
baseline_2008_monthly,2009-03,gro.ip_yoy,
baseline_2008_monthly,2009-03,gro.retail_yoy,
baseline_2008_monthly,2009-03,gro.gdp_yoy,
baseline_2008_monthly,2009-03,inf.cpi_yoy,
baseline_2008_monthly,2009-03,inf.ppi_yoy,
baseline_2008_monthly,2009-03,liq.m2_yoy,
baseline_2008_monthly,2009-04,ey,
baseline_2008_monthly,2009-04,eyg,
baseline_2008_monthly,2009-04,term_spread,
baseline_2008_monthly,2009-04,pmi_gap,
baseline_2008_monthly,2009-04,delta_pmi,
baseline_2008_monthly,2009-04,loans_12m,
baseline_2008_monthly,2009-04,val.pb,
baseline_2008_monthly,2009-04,rate.fr007_mean,
baseline_2008_monthly,2009-04,gro.ip_yoy,
baseline_2008_monthly,2009-04,gro.retail_yoy,
baseline_2008_monthly,2009-04,gro.gdp_yoy,
baseline_2008_monthly,2009-04,inf.cpi_yoy,
baseline_2008_monthly,2009-04,inf.ppi_yoy,
baseline_2008_monthly,2009-04,liq.m2_yoy,
baseline_2008_monthly,2009-05,ey,
baseline_2008_monthly,2009-05,eyg,
baseline_2008_monthly,2009-05,term_spread,
baseline_2008_monthly,2009-05,pmi_gap,
baseline_2008_monthly,2009-05,delta_pmi,
baseline_2008_monthly,2009-05,loans_12m,
baseline_2008_monthly,2009-05,val.pb,
baseline_2008_monthly,2009-05,rate.fr007_mean,
baseline_2008_monthly,2009-05,gro.ip_yoy,
baseline_2008_monthly,2009-05,gro.retail_yoy,
baseline_2008_monthly,2009-05,gro.gdp_yoy,
baseline_2008_monthly,2009-05,inf.cpi_yoy,
baseline_2008_monthly,2009-05,inf.ppi_yoy,
baseline_2008_monthly,2009-05,liq.m2_yoy,
baseline_2008_monthly,2009-06,ey,
baseline_2008_monthly,2009-06,eyg,
baseline_2008_monthly,2009-06,term_spread,
baseline_2008_monthly,2009-06,pmi_gap,
baseline_2008_monthly,2009-06,delta_pmi,
baseline_2008_monthly,2009-06,loans_12m,
baseline_2008_monthly,2009-06,val.pb,
baseline_2008_monthly,2009-06,rate.fr007_mean,
baseline_2008_monthly,2009-06,gro.ip_yoy,
baseline_2008_monthly,2009-06,gro.retail_yoy,
baseline_2008_monthly,2009-06,gro.gdp_yoy,
baseline_2008_monthly,2009-06,inf.cpi_yoy,
baseline_2008_monthly,2009-06,inf.ppi_yoy,
baseline_2008_monthly,2009-06,liq.m2_yoy,
baseline_2008_monthly,2009-07,ey,
baseline_2008_monthly,2009-07,eyg,
baseline_2008_monthly,2009-07,term_spread,
baseline_2008_monthly,2009-07,pmi_gap,
baseline_2008_monthly,2009-07,delta_pmi,
baseline_2008_monthly,2009-07,loans_12m,
baseline_2008_monthly,2009-07,val.pb,
baseline_2008_monthly,2009-07,rate.fr007_mean,
baseline_2008_monthly,2009-07,gro.ip_yoy,
baseline_2008_monthly,2009-07,gro.retail_yoy,
baseline_2008_monthly,2009-07,gro.gdp_yoy,
baseline_2008_monthly,2009-07,inf.cpi_yoy,
baseline_2008_monthly,2009-07,inf.ppi_yoy,
baseline_2008_monthly,2009-07,liq.m2_yoy,
baseline_2008_monthly,2009-08,ey,
baseline_2008_monthly,2009-08,eyg,
baseline_2008_monthly,2009-08,term_spread,
baseline_2008_monthly,2009-08,pmi_gap,
baseline_2008_monthly,2009-08,delta_pmi,
baseline_2008_monthly,2009-08,loans_12m,
baseline_2008_monthly,2009-08,val.pb,
baseline_2008_monthly,2009-08,rate.fr007_mean,
baseline_2008_monthly,2009-08,gro.ip_yoy,
baseline_2008_monthly,2009-08,gro.retail_yoy,
baseline_2008_monthly,2009-08,gro.gdp_yoy,
baseline_2008_monthly,2009-08,inf.cpi_yoy,
baseline_2008_monthly,2009-08,inf.ppi_yoy,
baseline_2008_monthly,2009-08,liq.m2_yoy,
baseline_2008_monthly,2009-09,ey,
baseline_2008_monthly,2009-09,eyg,
baseline_2008_monthly,2009-09,term_spread,
baseline_2008_monthly,2009-09,pmi_gap,
baseline_2008_monthly,2009-09,delta_pmi,
baseline_2008_monthly,2009-09,loans_12m,
baseline_2008_monthly,2009-09,val.pb,
baseline_2008_monthly,2009-09,rate.fr007_mean,
baseline_2008_monthly,2009-09,gro.ip_yoy,
baseline_2008_monthly,2009-09,gro.retail_yoy,
baseline_2008_monthly,2009-09,gro.gdp_yoy,
baseline_2008_monthly,2009-09,inf.cpi_yoy,
baseline_2008_monthly,2009-09,inf.ppi_yoy,
baseline_2008_monthly,2009-09,liq.m2_yoy,
baseline_2008_monthly,2009-10,ey,
baseline_2008_monthly,2009-10,eyg,
baseline_2008_monthly,2009-10,term_spread,
baseline_2008_monthly,2009-10,pmi_gap,
baseline_2008_monthly,2009-10,delta_pmi,
baseline_2008_monthly,2009-10,loans_12m,
baseline_2008_monthly,2009-10,val.pb,
baseline_2008_monthly,2009-10,rate.fr007_mean,
baseline_2008_monthly,2009-10,gro.ip_yoy,
baseline_2008_monthly,2009-10,gro.retail_yoy,
baseline_2008_monthly,2009-10,gro.gdp_yoy,
baseline_2008_monthly,2009-10,inf.cpi_yoy,
baseline_2008_monthly,2009-10,inf.ppi_yoy,
baseline_2008_monthly,2009-10,liq.m2_yoy,
baseline_2008_monthly,2009-11,ey,
baseline_2008_monthly,2009-11,eyg,
baseline_2008_monthly,2009-11,term_spread,
baseline_2008_monthly,2009-11,pmi_gap,
baseline_2008_monthly,2009-11,delta_pmi,
baseline_2008_monthly,2009-11,loans_12m,
baseline_2008_monthly,2009-11,val.pb,
baseline_2008_monthly,2009-11,rate.fr007_mean,
baseline_2008_monthly,2009-11,gro.ip_yoy,
baseline_2008_monthly,2009-11,gro.retail_yoy,
baseline_2008_monthly,2009-11,gro.gdp_yoy,
baseline_2008_monthly,2009-11,inf.cpi_yoy,
baseline_2008_monthly,2009-11,inf.ppi_yoy,
baseline_2008_monthly,2009-11,liq.m2_yoy,
baseline_2008_monthly,2009-12,ey,
baseline_2008_monthly,2009-12,eyg,
baseline_2008_monthly,2009-12,term_spread,
baseline_2008_monthly,2009-12,pmi_gap,
baseline_2008_monthly,2009-12,delta_pmi,
baseline_2008_monthly,2009-12,loans_12m,
baseline_2008_monthly,2009-12,val.pb,
baseline_2008_monthly,2009-12,rate.fr007_mean,
baseline_2008_monthly,2009-12,gro.ip_yoy,
baseline_2008_monthly,2009-12,gro.retail_yoy,
baseline_2008_monthly,2009-12,gro.gdp_yoy,
baseline_2008_monthly,2009-12,inf.cpi_yoy,
baseline_2008_monthly,2009-12,inf.ppi_yoy,
baseline_2008_monthly,2009-12,liq.m2_yoy,
baseline_2008_monthly,2010-01,ey,
baseline_2008_monthly,2010-01,eyg,
baseline_2008_monthly,2010-01,term_spread,
baseline_2008_monthly,2010-01,pmi_gap,
baseline_2008_monthly,2010-01,delta_pmi,
baseline_2008_monthly,2010-01,loans_12m,
baseline_2008_monthly,2010-01,val.pb,
baseline_2008_monthly,2010-01,rate.fr007_mean,
baseline_2008_monthly,2010-01,gro.ip_yoy,
baseline_2008_monthly,2010-01,gro.retail_yoy,
baseline_2008_monthly,2010-01,gro.gdp_yoy,
baseline_2008_monthly,2010-01,inf.cpi_yoy,
baseline_2008_monthly,2010-01,inf.ppi_yoy,
baseline_2008_monthly,2010-01,liq.m2_yoy,
baseline_2008_monthly,2010-02,ey,
baseline_2008_monthly,2010-02,eyg,
baseline_2008_monthly,2010-02,term_spread,
baseline_2008_monthly,2010-02,pmi_gap,
baseline_2008_monthly,2010-02,delta_pmi,
baseline_2008_monthly,2010-02,loans_12m,
baseline_2008_monthly,2010-02,val.pb,
baseline_2008_monthly,2010-02,rate.fr007_mean,
baseline_2008_monthly,2010-02,gro.ip_yoy,
baseline_2008_monthly,2010-02,gro.retail_yoy,
baseline_2008_monthly,2010-02,gro.gdp_yoy,
baseline_2008_monthly,2010-02,inf.cpi_yoy,
baseline_2008_monthly,2010-02,inf.ppi_yoy,
baseline_2008_monthly,2010-02,liq.m2_yoy,
baseline_2008_monthly,2010-03,ey,
baseline_2008_monthly,2010-03,eyg,
baseline_2008_monthly,2010-03,term_spread,
baseline_2008_monthly,2010-03,pmi_gap,
baseline_2008_monthly,2010-03,delta_pmi,
baseline_2008_monthly,2010-03,loans_12m,
baseline_2008_monthly,2010-03,val.pb,
baseline_2008_monthly,2010-03,rate.fr007_mean,
baseline_2008_monthly,2010-03,gro.ip_yoy,
baseline_2008_monthly,2010-03,gro.retail_yoy,
baseline_2008_monthly,2010-03,gro.gdp_yoy,
baseline_2008_monthly,2010-03,inf.cpi_yoy,
baseline_2008_monthly,2010-03,inf.ppi_yoy,
baseline_2008_monthly,2010-03,liq.m2_yoy,
baseline_2008_monthly,2010-04,ey,
baseline_2008_monthly,2010-04,eyg,
baseline_2008_monthly,2010-04,term_spread,
baseline_2008_monthly,2010-04,pmi_gap,
baseline_2008_monthly,2010-04,delta_pmi,
baseline_2008_monthly,2010-04,loans_12m,
baseline_2008_monthly,2010-04,val.pb,
baseline_2008_monthly,2010-04,rate.fr007_mean,
baseline_2008_monthly,2010-04,gro.ip_yoy,
baseline_2008_monthly,2010-04,gro.retail_yoy,
baseline_2008_monthly,2010-04,gro.gdp_yoy,
baseline_2008_monthly,2010-04,inf.cpi_yoy,
baseline_2008_monthly,2010-04,inf.ppi_yoy,
baseline_2008_monthly,2010-04,liq.m2_yoy,
baseline_2008_monthly,2010-05,ey,
baseline_2008_monthly,2010-05,eyg,
baseline_2008_monthly,2010-05,term_spread,
baseline_2008_monthly,2010-05,pmi_gap,
baseline_2008_monthly,2010-05,delta_pmi,
baseline_2008_monthly,2010-05,loans_12m,
baseline_2008_monthly,2010-05,val.pb,
baseline_2008_monthly,2010-05,rate.fr007_mean,
baseline_2008_monthly,2010-05,gro.ip_yoy,
baseline_2008_monthly,2010-05,gro.retail_yoy,
baseline_2008_monthly,2010-05,gro.gdp_yoy,
baseline_2008_monthly,2010-05,inf.cpi_yoy,
baseline_2008_monthly,2010-05,inf.ppi_yoy,
baseline_2008_monthly,2010-05,liq.m2_yoy,
baseline_2008_monthly,2010-06,ey,
baseline_2008_monthly,2010-06,eyg,
baseline_2008_monthly,2010-06,term_spread,
baseline_2008_monthly,2010-06,pmi_gap,
baseline_2008_monthly,2010-06,delta_pmi,
baseline_2008_monthly,2010-06,loans_12m,
baseline_2008_monthly,2010-06,val.pb,
baseline_2008_monthly,2010-06,rate.fr007_mean,
baseline_2008_monthly,2010-06,gro.ip_yoy,
baseline_2008_monthly,2010-06,gro.retail_yoy,
baseline_2008_monthly,2010-06,gro.gdp_yoy,
baseline_2008_monthly,2010-06,inf.cpi_yoy,
baseline_2008_monthly,2010-06,inf.ppi_yoy,
baseline_2008_monthly,2010-06,liq.m2_yoy,
baseline_2008_monthly,2010-07,ey,
baseline_2008_monthly,2010-07,eyg,
baseline_2008_monthly,2010-07,term_spread,
baseline_2008_monthly,2010-07,pmi_gap,
baseline_2008_monthly,2010-07,delta_pmi,
baseline_2008_monthly,2010-07,loans_12m,
baseline_2008_monthly,2010-07,val.pb,
baseline_2008_monthly,2010-07,rate.fr007_mean,
baseline_2008_monthly,2010-07,gro.ip_yoy,
baseline_2008_monthly,2010-07,gro.retail_yoy,
baseline_2008_monthly,2010-07,gro.gdp_yoy,
baseline_2008_monthly,2010-07,inf.cpi_yoy,
baseline_2008_monthly,2010-07,inf.ppi_yoy,
baseline_2008_monthly,2010-07,liq.m2_yoy,
baseline_2008_monthly,2010-08,ey,
baseline_2008_monthly,2010-08,eyg,
baseline_2008_monthly,2010-08,term_spread,
baseline_2008_monthly,2010-08,pmi_gap,
baseline_2008_monthly,2010-08,delta_pmi,
baseline_2008_monthly,2010-08,loans_12m,
baseline_2008_monthly,2010-08,val.pb,
baseline_2008_monthly,2010-08,rate.fr007_mean,
baseline_2008_monthly,2010-08,gro.ip_yoy,
baseline_2008_monthly,2010-08,gro.retail_yoy,
baseline_2008_monthly,2010-08,gro.gdp_yoy,
baseline_2008_monthly,2010-08,inf.cpi_yoy,
baseline_2008_monthly,2010-08,inf.ppi_yoy,
baseline_2008_monthly,2010-08,liq.m2_yoy,
baseline_2008_monthly,2010-09,ey,
baseline_2008_monthly,2010-09,eyg,
baseline_2008_monthly,2010-09,term_spread,
baseline_2008_monthly,2010-09,pmi_gap,
baseline_2008_monthly,2010-09,delta_pmi,
baseline_2008_monthly,2010-09,loans_12m,
baseline_2008_monthly,2010-09,val.pb,
baseline_2008_monthly,2010-09,rate.fr007_mean,
baseline_2008_monthly,2010-09,gro.ip_yoy,
baseline_2008_monthly,2010-09,gro.retail_yoy,
baseline_2008_monthly,2010-09,gro.gdp_yoy,
baseline_2008_monthly,2010-09,inf.cpi_yoy,
baseline_2008_monthly,2010-09,inf.ppi_yoy,
baseline_2008_monthly,2010-09,liq.m2_yoy,
baseline_2008_monthly,2010-10,ey,
baseline_2008_monthly,2010-10,eyg,
baseline_2008_monthly,2010-10,term_spread,
baseline_2008_monthly,2010-10,pmi_gap,
baseline_2008_monthly,2010-10,delta_pmi,
baseline_2008_monthly,2010-10,loans_12m,
baseline_2008_monthly,2010-10,val.pb,
baseline_2008_monthly,2010-10,rate.fr007_mean,
baseline_2008_monthly,2010-10,gro.ip_yoy,
baseline_2008_monthly,2010-10,gro.retail_yoy,
baseline_2008_monthly,2010-10,gro.gdp_yoy,
baseline_2008_monthly,2010-10,inf.cpi_yoy,
baseline_2008_monthly,2010-10,inf.ppi_yoy,
baseline_2008_monthly,2010-10,liq.m2_yoy,
baseline_2008_monthly,2010-11,ey,
baseline_2008_monthly,2010-11,eyg,
baseline_2008_monthly,2010-11,term_spread,
baseline_2008_monthly,2010-11,pmi_gap,
baseline_2008_monthly,2010-11,delta_pmi,
baseline_2008_monthly,2010-11,loans_12m,
baseline_2008_monthly,2010-11,val.pb,
baseline_2008_monthly,2010-11,rate.fr007_mean,
baseline_2008_monthly,2010-11,gro.ip_yoy,
baseline_2008_monthly,2010-11,gro.retail_yoy,
baseline_2008_monthly,2010-11,gro.gdp_yoy,
baseline_2008_monthly,2010-11,inf.cpi_yoy,
baseline_2008_monthly,2010-11,inf.ppi_yoy,
baseline_2008_monthly,2010-11,liq.m2_yoy,
baseline_2008_monthly,2010-12,ey,
baseline_2008_monthly,2010-12,eyg,
baseline_2008_monthly,2010-12,term_spread,
baseline_2008_monthly,2010-12,pmi_gap,
baseline_2008_monthly,2010-12,delta_pmi,
baseline_2008_monthly,2010-12,loans_12m,
baseline_2008_monthly,2010-12,val.pb,
baseline_2008_monthly,2010-12,rate.fr007_mean,
baseline_2008_monthly,2010-12,gro.ip_yoy,
baseline_2008_monthly,2010-12,gro.retail_yoy,
baseline_2008_monthly,2010-12,gro.gdp_yoy,
baseline_2008_monthly,2010-12,inf.cpi_yoy,
baseline_2008_monthly,2010-12,inf.ppi_yoy,
baseline_2008_monthly,2010-12,liq.m2_yoy,
baseline_2008_monthly,2011-01,ey,
baseline_2008_monthly,2011-01,eyg,
baseline_2008_monthly,2011-01,term_spread,
baseline_2008_monthly,2011-01,pmi_gap,
baseline_2008_monthly,2011-01,delta_pmi,
baseline_2008_monthly,2011-01,loans_12m,
baseline_2008_monthly,2011-01,val.pb,
baseline_2008_monthly,2011-01,rate.fr007_mean,
baseline_2008_monthly,2011-01,gro.ip_yoy,
baseline_2008_monthly,2011-01,gro.retail_yoy,
baseline_2008_monthly,2011-01,gro.gdp_yoy,
baseline_2008_monthly,2011-01,inf.cpi_yoy,
baseline_2008_monthly,2011-01,inf.ppi_yoy,
baseline_2008_monthly,2011-01,liq.m2_yoy,
baseline_2008_monthly,2011-02,ey,
baseline_2008_monthly,2011-02,eyg,
baseline_2008_monthly,2011-02,term_spread,
baseline_2008_monthly,2011-02,pmi_gap,
baseline_2008_monthly,2011-02,delta_pmi,
baseline_2008_monthly,2011-02,loans_12m,
baseline_2008_monthly,2011-02,val.pb,
baseline_2008_monthly,2011-02,rate.fr007_mean,
baseline_2008_monthly,2011-02,gro.ip_yoy,
baseline_2008_monthly,2011-02,gro.retail_yoy,
baseline_2008_monthly,2011-02,gro.gdp_yoy,
baseline_2008_monthly,2011-02,inf.cpi_yoy,
baseline_2008_monthly,2011-02,inf.ppi_yoy,
baseline_2008_monthly,2011-02,liq.m2_yoy,
baseline_2008_monthly,2011-03,ey,
baseline_2008_monthly,2011-03,eyg,
baseline_2008_monthly,2011-03,term_spread,
baseline_2008_monthly,2011-03,pmi_gap,
baseline_2008_monthly,2011-03,delta_pmi,
baseline_2008_monthly,2011-03,loans_12m,
baseline_2008_monthly,2011-03,val.pb,
baseline_2008_monthly,2011-03,rate.fr007_mean,
baseline_2008_monthly,2011-03,gro.ip_yoy,
baseline_2008_monthly,2011-03,gro.retail_yoy,
baseline_2008_monthly,2011-03,gro.gdp_yoy,
baseline_2008_monthly,2011-03,inf.cpi_yoy,
baseline_2008_monthly,2011-03,inf.ppi_yoy,
baseline_2008_monthly,2011-03,liq.m2_yoy,
baseline_2008_monthly,2011-04,ey,
baseline_2008_monthly,2011-04,eyg,
baseline_2008_monthly,2011-04,term_spread,
baseline_2008_monthly,2011-04,pmi_gap,
baseline_2008_monthly,2011-04,delta_pmi,
baseline_2008_monthly,2011-04,loans_12m,
baseline_2008_monthly,2011-04,val.pb,
baseline_2008_monthly,2011-04,rate.fr007_mean,
baseline_2008_monthly,2011-04,gro.ip_yoy,
baseline_2008_monthly,2011-04,gro.retail_yoy,
baseline_2008_monthly,2011-04,gro.gdp_yoy,
baseline_2008_monthly,2011-04,inf.cpi_yoy,
baseline_2008_monthly,2011-04,inf.ppi_yoy,
baseline_2008_monthly,2011-04,liq.m2_yoy,
baseline_2008_monthly,2011-05,ey,
baseline_2008_monthly,2011-05,eyg,
baseline_2008_monthly,2011-05,term_spread,
baseline_2008_monthly,2011-05,pmi_gap,
baseline_2008_monthly,2011-05,delta_pmi,
baseline_2008_monthly,2011-05,loans_12m,
baseline_2008_monthly,2011-05,val.pb,
baseline_2008_monthly,2011-05,rate.fr007_mean,
baseline_2008_monthly,2011-05,gro.ip_yoy,
baseline_2008_monthly,2011-05,gro.retail_yoy,
baseline_2008_monthly,2011-05,gro.gdp_yoy,
baseline_2008_monthly,2011-05,inf.cpi_yoy,
baseline_2008_monthly,2011-05,inf.ppi_yoy,
baseline_2008_monthly,2011-05,liq.m2_yoy,
baseline_2008_monthly,2011-06,ey,
baseline_2008_monthly,2011-06,eyg,
baseline_2008_monthly,2011-06,term_spread,
baseline_2008_monthly,2011-06,pmi_gap,
baseline_2008_monthly,2011-06,delta_pmi,
baseline_2008_monthly,2011-06,loans_12m,
baseline_2008_monthly,2011-06,val.pb,
baseline_2008_monthly,2011-06,rate.fr007_mean,
baseline_2008_monthly,2011-06,gro.ip_yoy,
baseline_2008_monthly,2011-06,gro.retail_yoy,
baseline_2008_monthly,2011-06,gro.gdp_yoy,
baseline_2008_monthly,2011-06,inf.cpi_yoy,
baseline_2008_monthly,2011-06,inf.ppi_yoy,
baseline_2008_monthly,2011-06,liq.m2_yoy,
baseline_2008_monthly,2011-07,ey,
baseline_2008_monthly,2011-07,eyg,
baseline_2008_monthly,2011-07,term_spread,
baseline_2008_monthly,2011-07,pmi_gap,
baseline_2008_monthly,2011-07,delta_pmi,
baseline_2008_monthly,2011-07,loans_12m,
baseline_2008_monthly,2011-07,val.pb,
baseline_2008_monthly,2011-07,rate.fr007_mean,
baseline_2008_monthly,2011-07,gro.ip_yoy,
baseline_2008_monthly,2011-07,gro.retail_yoy,
baseline_2008_monthly,2011-07,gro.gdp_yoy,
baseline_2008_monthly,2011-07,inf.cpi_yoy,
baseline_2008_monthly,2011-07,inf.ppi_yoy,
baseline_2008_monthly,2011-07,liq.m2_yoy,
baseline_2008_monthly,2011-08,ey,
baseline_2008_monthly,2011-08,eyg,
baseline_2008_monthly,2011-08,term_spread,
baseline_2008_monthly,2011-08,pmi_gap,
baseline_2008_monthly,2011-08,delta_pmi,
baseline_2008_monthly,2011-08,loans_12m,
baseline_2008_monthly,2011-08,val.pb,
baseline_2008_monthly,2011-08,rate.fr007_mean,
baseline_2008_monthly,2011-08,gro.ip_yoy,
baseline_2008_monthly,2011-08,gro.retail_yoy,
baseline_2008_monthly,2011-08,gro.gdp_yoy,
baseline_2008_monthly,2011-08,inf.cpi_yoy,
baseline_2008_monthly,2011-08,inf.ppi_yoy,
baseline_2008_monthly,2011-08,liq.m2_yoy,
baseline_2008_monthly,2011-09,ey,
baseline_2008_monthly,2011-09,eyg,
baseline_2008_monthly,2011-09,term_spread,
baseline_2008_monthly,2011-09,pmi_gap,
baseline_2008_monthly,2011-09,delta_pmi,
baseline_2008_monthly,2011-09,loans_12m,
baseline_2008_monthly,2011-09,val.pb,
baseline_2008_monthly,2011-09,rate.fr007_mean,
baseline_2008_monthly,2011-09,gro.ip_yoy,
baseline_2008_monthly,2011-09,gro.retail_yoy,
baseline_2008_monthly,2011-09,gro.gdp_yoy,
baseline_2008_monthly,2011-09,inf.cpi_yoy,
baseline_2008_monthly,2011-09,inf.ppi_yoy,
baseline_2008_monthly,2011-09,liq.m2_yoy,
baseline_2008_monthly,2011-10,ey,
baseline_2008_monthly,2011-10,eyg,
baseline_2008_monthly,2011-10,term_spread,
baseline_2008_monthly,2011-10,pmi_gap,
baseline_2008_monthly,2011-10,delta_pmi,
baseline_2008_monthly,2011-10,loans_12m,
baseline_2008_monthly,2011-10,val.pb,
baseline_2008_monthly,2011-10,rate.fr007_mean,
baseline_2008_monthly,2011-10,gro.ip_yoy,
baseline_2008_monthly,2011-10,gro.retail_yoy,
baseline_2008_monthly,2011-10,gro.gdp_yoy,
baseline_2008_monthly,2011-10,inf.cpi_yoy,
baseline_2008_monthly,2011-10,inf.ppi_yoy,
baseline_2008_monthly,2011-10,liq.m2_yoy,
baseline_2008_monthly,2011-11,ey,
baseline_2008_monthly,2011-11,eyg,
baseline_2008_monthly,2011-11,term_spread,
baseline_2008_monthly,2011-11,pmi_gap,
baseline_2008_monthly,2011-11,delta_pmi,
baseline_2008_monthly,2011-11,loans_12m,
baseline_2008_monthly,2011-11,val.pb,
baseline_2008_monthly,2011-11,rate.fr007_mean,
baseline_2008_monthly,2011-11,gro.ip_yoy,
baseline_2008_monthly,2011-11,gro.retail_yoy,
baseline_2008_monthly,2011-11,gro.gdp_yoy,
baseline_2008_monthly,2011-11,inf.cpi_yoy,
baseline_2008_monthly,2011-11,inf.ppi_yoy,
baseline_2008_monthly,2011-11,liq.m2_yoy,
baseline_2008_monthly,2011-12,ey,
baseline_2008_monthly,2011-12,eyg,
baseline_2008_monthly,2011-12,term_spread,
baseline_2008_monthly,2011-12,pmi_gap,
baseline_2008_monthly,2011-12,delta_pmi,
baseline_2008_monthly,2011-12,loans_12m,
baseline_2008_monthly,2011-12,val.pb,
baseline_2008_monthly,2011-12,rate.fr007_mean,
baseline_2008_monthly,2011-12,gro.ip_yoy,
baseline_2008_monthly,2011-12,gro.retail_yoy,
baseline_2008_monthly,2011-12,gro.gdp_yoy,
baseline_2008_monthly,2011-12,inf.cpi_yoy,
baseline_2008_monthly,2011-12,inf.ppi_yoy,
baseline_2008_monthly,2011-12,liq.m2_yoy,
baseline_2008_monthly,2012-01,ey,
baseline_2008_monthly,2012-01,eyg,
baseline_2008_monthly,2012-01,term_spread,
baseline_2008_monthly,2012-01,pmi_gap,
baseline_2008_monthly,2012-01,delta_pmi,
baseline_2008_monthly,2012-01,loans_12m,
baseline_2008_monthly,2012-01,val.pb,
baseline_2008_monthly,2012-01,rate.fr007_mean,
baseline_2008_monthly,2012-01,gro.ip_yoy,
baseline_2008_monthly,2012-01,gro.retail_yoy,
baseline_2008_monthly,2012-01,gro.gdp_yoy,
baseline_2008_monthly,2012-01,inf.cpi_yoy,
baseline_2008_monthly,2012-01,inf.ppi_yoy,
baseline_2008_monthly,2012-01,liq.m2_yoy,
baseline_2008_monthly,2012-02,ey,
baseline_2008_monthly,2012-02,eyg,
baseline_2008_monthly,2012-02,term_spread,
baseline_2008_monthly,2012-02,pmi_gap,
baseline_2008_monthly,2012-02,delta_pmi,
baseline_2008_monthly,2012-02,loans_12m,
baseline_2008_monthly,2012-02,val.pb,
baseline_2008_monthly,2012-02,rate.fr007_mean,
baseline_2008_monthly,2012-02,gro.ip_yoy,
baseline_2008_monthly,2012-02,gro.retail_yoy,
baseline_2008_monthly,2012-02,gro.gdp_yoy,
baseline_2008_monthly,2012-02,inf.cpi_yoy,
baseline_2008_monthly,2012-02,inf.ppi_yoy,
baseline_2008_monthly,2012-02,liq.m2_yoy,
baseline_2008_monthly,2012-03,ey,
baseline_2008_monthly,2012-03,eyg,
baseline_2008_monthly,2012-03,term_spread,
baseline_2008_monthly,2012-03,pmi_gap,
baseline_2008_monthly,2012-03,delta_pmi,
baseline_2008_monthly,2012-03,loans_12m,
baseline_2008_monthly,2012-03,val.pb,
baseline_2008_monthly,2012-03,rate.fr007_mean,
baseline_2008_monthly,2012-03,gro.ip_yoy,
baseline_2008_monthly,2012-03,gro.retail_yoy,
baseline_2008_monthly,2012-03,gro.gdp_yoy,
baseline_2008_monthly,2012-03,inf.cpi_yoy,
baseline_2008_monthly,2012-03,inf.ppi_yoy,
baseline_2008_monthly,2012-03,liq.m2_yoy,
baseline_2008_monthly,2012-04,ey,
baseline_2008_monthly,2012-04,eyg,
baseline_2008_monthly,2012-04,term_spread,
baseline_2008_monthly,2012-04,pmi_gap,
baseline_2008_monthly,2012-04,delta_pmi,
baseline_2008_monthly,2012-04,loans_12m,
baseline_2008_monthly,2012-04,val.pb,
baseline_2008_monthly,2012-04,rate.fr007_mean,
baseline_2008_monthly,2012-04,gro.ip_yoy,
baseline_2008_monthly,2012-04,gro.retail_yoy,
baseline_2008_monthly,2012-04,gro.gdp_yoy,
baseline_2008_monthly,2012-04,inf.cpi_yoy,
baseline_2008_monthly,2012-04,inf.ppi_yoy,
baseline_2008_monthly,2012-04,liq.m2_yoy,
baseline_2008_monthly,2012-05,ey,
baseline_2008_monthly,2012-05,eyg,
baseline_2008_monthly,2012-05,term_spread,
baseline_2008_monthly,2012-05,pmi_gap,
baseline_2008_monthly,2012-05,delta_pmi,
baseline_2008_monthly,2012-05,loans_12m,
baseline_2008_monthly,2012-05,val.pb,
baseline_2008_monthly,2012-05,rate.fr007_mean,
baseline_2008_monthly,2012-05,gro.ip_yoy,
baseline_2008_monthly,2012-05,gro.retail_yoy,
baseline_2008_monthly,2012-05,gro.gdp_yoy,
baseline_2008_monthly,2012-05,inf.cpi_yoy,
baseline_2008_monthly,2012-05,inf.ppi_yoy,
baseline_2008_monthly,2012-05,liq.m2_yoy,
baseline_2008_monthly,2012-06,ey,
baseline_2008_monthly,2012-06,eyg,
baseline_2008_monthly,2012-06,term_spread,
baseline_2008_monthly,2012-06,pmi_gap,
baseline_2008_monthly,2012-06,delta_pmi,
baseline_2008_monthly,2012-06,loans_12m,
baseline_2008_monthly,2012-06,val.pb,
baseline_2008_monthly,2012-06,rate.fr007_mean,
baseline_2008_monthly,2012-06,gro.ip_yoy,
baseline_2008_monthly,2012-06,gro.retail_yoy,
baseline_2008_monthly,2012-06,gro.gdp_yoy,
baseline_2008_monthly,2012-06,inf.cpi_yoy,
baseline_2008_monthly,2012-06,inf.ppi_yoy,
baseline_2008_monthly,2012-06,liq.m2_yoy,
baseline_2008_monthly,2012-07,ey,
baseline_2008_monthly,2012-07,eyg,
baseline_2008_monthly,2012-07,term_spread,
baseline_2008_monthly,2012-07,pmi_gap,
baseline_2008_monthly,2012-07,delta_pmi,
baseline_2008_monthly,2012-07,loans_12m,
baseline_2008_monthly,2012-07,val.pb,
baseline_2008_monthly,2012-07,rate.fr007_mean,
baseline_2008_monthly,2012-07,gro.ip_yoy,
baseline_2008_monthly,2012-07,gro.retail_yoy,
baseline_2008_monthly,2012-07,gro.gdp_yoy,
baseline_2008_monthly,2012-07,inf.cpi_yoy,
baseline_2008_monthly,2012-07,inf.ppi_yoy,
baseline_2008_monthly,2012-07,liq.m2_yoy,
baseline_2008_monthly,2012-08,ey,
baseline_2008_monthly,2012-08,eyg,
baseline_2008_monthly,2012-08,term_spread,
baseline_2008_monthly,2012-08,pmi_gap,
baseline_2008_monthly,2012-08,delta_pmi,
baseline_2008_monthly,2012-08,loans_12m,
baseline_2008_monthly,2012-08,val.pb,
baseline_2008_monthly,2012-08,rate.fr007_mean,
baseline_2008_monthly,2012-08,gro.ip_yoy,
baseline_2008_monthly,2012-08,gro.retail_yoy,
baseline_2008_monthly,2012-08,gro.gdp_yoy,
baseline_2008_monthly,2012-08,inf.cpi_yoy,
baseline_2008_monthly,2012-08,inf.ppi_yoy,
baseline_2008_monthly,2012-08,liq.m2_yoy,
baseline_2008_monthly,2012-09,ey,
baseline_2008_monthly,2012-09,eyg,
baseline_2008_monthly,2012-09,term_spread,
baseline_2008_monthly,2012-09,pmi_gap,
baseline_2008_monthly,2012-09,delta_pmi,
baseline_2008_monthly,2012-09,loans_12m,
baseline_2008_monthly,2012-09,val.pb,
baseline_2008_monthly,2012-09,rate.fr007_mean,
baseline_2008_monthly,2012-09,gro.ip_yoy,
baseline_2008_monthly,2012-09,gro.retail_yoy,
baseline_2008_monthly,2012-09,gro.gdp_yoy,
baseline_2008_monthly,2012-09,inf.cpi_yoy,
baseline_2008_monthly,2012-09,inf.ppi_yoy,
baseline_2008_monthly,2012-09,liq.m2_yoy,
baseline_2008_monthly,2012-10,ey,
baseline_2008_monthly,2012-10,eyg,
baseline_2008_monthly,2012-10,term_spread,
baseline_2008_monthly,2012-10,pmi_gap,
baseline_2008_monthly,2012-10,delta_pmi,
baseline_2008_monthly,2012-10,loans_12m,
baseline_2008_monthly,2012-10,val.pb,
baseline_2008_monthly,2012-10,rate.fr007_mean,
baseline_2008_monthly,2012-10,gro.ip_yoy,
baseline_2008_monthly,2012-10,gro.retail_yoy,
baseline_2008_monthly,2012-10,gro.gdp_yoy,
baseline_2008_monthly,2012-10,inf.cpi_yoy,
baseline_2008_monthly,2012-10,inf.ppi_yoy,
baseline_2008_monthly,2012-10,liq.m2_yoy,
baseline_2008_monthly,2012-11,ey,
baseline_2008_monthly,2012-11,eyg,
baseline_2008_monthly,2012-11,term_spread,
baseline_2008_monthly,2012-11,pmi_gap,
baseline_2008_monthly,2012-11,delta_pmi,
baseline_2008_monthly,2012-11,loans_12m,
baseline_2008_monthly,2012-11,val.pb,
baseline_2008_monthly,2012-11,rate.fr007_mean,
baseline_2008_monthly,2012-11,gro.ip_yoy,
baseline_2008_monthly,2012-11,gro.retail_yoy,
baseline_2008_monthly,2012-11,gro.gdp_yoy,
baseline_2008_monthly,2012-11,inf.cpi_yoy,
baseline_2008_monthly,2012-11,inf.ppi_yoy,
baseline_2008_monthly,2012-11,liq.m2_yoy,
baseline_2008_monthly,2012-12,ey,
baseline_2008_monthly,2012-12,eyg,
baseline_2008_monthly,2012-12,term_spread,
baseline_2008_monthly,2012-12,pmi_gap,
baseline_2008_monthly,2012-12,delta_pmi,
baseline_2008_monthly,2012-12,loans_12m,
baseline_2008_monthly,2012-12,val.pb,
baseline_2008_monthly,2012-12,rate.fr007_mean,
baseline_2008_monthly,2012-12,gro.ip_yoy,
baseline_2008_monthly,2012-12,gro.retail_yoy,
baseline_2008_monthly,2012-12,gro.gdp_yoy,
baseline_2008_monthly,2012-12,inf.cpi_yoy,
baseline_2008_monthly,2012-12,inf.ppi_yoy,
baseline_2008_monthly,2012-12,liq.m2_yoy,
baseline_2008_monthly,2013-01,ey,
baseline_2008_monthly,2013-01,eyg,
baseline_2008_monthly,2013-01,term_spread,
baseline_2008_monthly,2013-01,pmi_gap,
baseline_2008_monthly,2013-01,delta_pmi,
baseline_2008_monthly,2013-01,loans_12m,
baseline_2008_monthly,2013-01,val.pb,
baseline_2008_monthly,2013-01,rate.fr007_mean,
baseline_2008_monthly,2013-01,gro.ip_yoy,
baseline_2008_monthly,2013-01,gro.retail_yoy,
baseline_2008_monthly,2013-01,gro.gdp_yoy,
baseline_2008_monthly,2013-01,inf.cpi_yoy,
baseline_2008_monthly,2013-01,inf.ppi_yoy,
baseline_2008_monthly,2013-01,liq.m2_yoy,
baseline_2008_monthly,2013-02,ey,
baseline_2008_monthly,2013-02,eyg,
baseline_2008_monthly,2013-02,term_spread,
baseline_2008_monthly,2013-02,pmi_gap,
baseline_2008_monthly,2013-02,delta_pmi,
baseline_2008_monthly,2013-02,loans_12m,
baseline_2008_monthly,2013-02,val.pb,
baseline_2008_monthly,2013-02,rate.fr007_mean,
baseline_2008_monthly,2013-02,gro.ip_yoy,
baseline_2008_monthly,2013-02,gro.retail_yoy,
baseline_2008_monthly,2013-02,gro.gdp_yoy,
baseline_2008_monthly,2013-02,inf.cpi_yoy,
baseline_2008_monthly,2013-02,inf.ppi_yoy,
baseline_2008_monthly,2013-02,liq.m2_yoy,
baseline_2008_monthly,2013-03,ey,
baseline_2008_monthly,2013-03,eyg,
baseline_2008_monthly,2013-03,term_spread,
baseline_2008_monthly,2013-03,pmi_gap,
baseline_2008_monthly,2013-03,delta_pmi,
baseline_2008_monthly,2013-03,loans_12m,
baseline_2008_monthly,2013-03,val.pb,
baseline_2008_monthly,2013-03,rate.fr007_mean,
baseline_2008_monthly,2013-03,gro.ip_yoy,
baseline_2008_monthly,2013-03,gro.retail_yoy,
baseline_2008_monthly,2013-03,gro.gdp_yoy,
baseline_2008_monthly,2013-03,inf.cpi_yoy,
baseline_2008_monthly,2013-03,inf.ppi_yoy,
baseline_2008_monthly,2013-03,liq.m2_yoy,
baseline_2008_monthly,2013-04,ey,
baseline_2008_monthly,2013-04,eyg,
baseline_2008_monthly,2013-04,term_spread,
baseline_2008_monthly,2013-04,pmi_gap,
baseline_2008_monthly,2013-04,delta_pmi,
baseline_2008_monthly,2013-04,loans_12m,
baseline_2008_monthly,2013-04,val.pb,
baseline_2008_monthly,2013-04,rate.fr007_mean,
baseline_2008_monthly,2013-04,gro.ip_yoy,
baseline_2008_monthly,2013-04,gro.retail_yoy,
baseline_2008_monthly,2013-04,gro.gdp_yoy,
baseline_2008_monthly,2013-04,inf.cpi_yoy,
baseline_2008_monthly,2013-04,inf.ppi_yoy,
baseline_2008_monthly,2013-04,liq.m2_yoy,
baseline_2008_monthly,2013-05,ey,
baseline_2008_monthly,2013-05,eyg,
baseline_2008_monthly,2013-05,term_spread,
baseline_2008_monthly,2013-05,pmi_gap,
baseline_2008_monthly,2013-05,delta_pmi,
baseline_2008_monthly,2013-05,loans_12m,
baseline_2008_monthly,2013-05,val.pb,
baseline_2008_monthly,2013-05,rate.fr007_mean,
baseline_2008_monthly,2013-05,gro.ip_yoy,
baseline_2008_monthly,2013-05,gro.retail_yoy,
baseline_2008_monthly,2013-05,gro.gdp_yoy,
baseline_2008_monthly,2013-05,inf.cpi_yoy,
baseline_2008_monthly,2013-05,inf.ppi_yoy,
baseline_2008_monthly,2013-05,liq.m2_yoy,
baseline_2008_monthly,2013-06,ey,
baseline_2008_monthly,2013-06,eyg,
baseline_2008_monthly,2013-06,term_spread,
baseline_2008_monthly,2013-06,pmi_gap,
baseline_2008_monthly,2013-06,delta_pmi,
baseline_2008_monthly,2013-06,loans_12m,
baseline_2008_monthly,2013-06,val.pb,
baseline_2008_monthly,2013-06,rate.fr007_mean,
baseline_2008_monthly,2013-06,gro.ip_yoy,
baseline_2008_monthly,2013-06,gro.retail_yoy,
baseline_2008_monthly,2013-06,gro.gdp_yoy,
baseline_2008_monthly,2013-06,inf.cpi_yoy,
baseline_2008_monthly,2013-06,inf.ppi_yoy,
baseline_2008_monthly,2013-06,liq.m2_yoy,
baseline_2008_monthly,2013-07,ey,
baseline_2008_monthly,2013-07,eyg,
baseline_2008_monthly,2013-07,term_spread,
baseline_2008_monthly,2013-07,pmi_gap,
baseline_2008_monthly,2013-07,delta_pmi,
baseline_2008_monthly,2013-07,loans_12m,
baseline_2008_monthly,2013-07,val.pb,
baseline_2008_monthly,2013-07,rate.fr007_mean,
baseline_2008_monthly,2013-07,gro.ip_yoy,
baseline_2008_monthly,2013-07,gro.retail_yoy,
baseline_2008_monthly,2013-07,gro.gdp_yoy,
baseline_2008_monthly,2013-07,inf.cpi_yoy,
baseline_2008_monthly,2013-07,inf.ppi_yoy,
baseline_2008_monthly,2013-07,liq.m2_yoy,
baseline_2008_monthly,2013-08,ey,
baseline_2008_monthly,2013-08,eyg,
baseline_2008_monthly,2013-08,term_spread,
baseline_2008_monthly,2013-08,pmi_gap,
baseline_2008_monthly,2013-08,delta_pmi,
baseline_2008_monthly,2013-08,loans_12m,
baseline_2008_monthly,2013-08,val.pb,
baseline_2008_monthly,2013-08,rate.fr007_mean,
baseline_2008_monthly,2013-08,gro.ip_yoy,
baseline_2008_monthly,2013-08,gro.retail_yoy,
baseline_2008_monthly,2013-08,gro.gdp_yoy,
baseline_2008_monthly,2013-08,inf.cpi_yoy,
baseline_2008_monthly,2013-08,inf.ppi_yoy,
baseline_2008_monthly,2013-08,liq.m2_yoy,
baseline_2008_monthly,2013-09,ey,
baseline_2008_monthly,2013-09,eyg,
baseline_2008_monthly,2013-09,term_spread,
baseline_2008_monthly,2013-09,pmi_gap,
baseline_2008_monthly,2013-09,delta_pmi,
baseline_2008_monthly,2013-09,loans_12m,
baseline_2008_monthly,2013-09,val.pb,
baseline_2008_monthly,2013-09,rate.fr007_mean,
baseline_2008_monthly,2013-09,gro.ip_yoy,
baseline_2008_monthly,2013-09,gro.retail_yoy,
baseline_2008_monthly,2013-09,gro.gdp_yoy,
baseline_2008_monthly,2013-09,inf.cpi_yoy,
baseline_2008_monthly,2013-09,inf.ppi_yoy,
baseline_2008_monthly,2013-09,liq.m2_yoy,
baseline_2008_monthly,2013-10,ey,
baseline_2008_monthly,2013-10,eyg,
baseline_2008_monthly,2013-10,term_spread,
baseline_2008_monthly,2013-10,pmi_gap,
baseline_2008_monthly,2013-10,delta_pmi,
baseline_2008_monthly,2013-10,loans_12m,
baseline_2008_monthly,2013-10,val.pb,
baseline_2008_monthly,2013-10,rate.fr007_mean,
baseline_2008_monthly,2013-10,gro.ip_yoy,
baseline_2008_monthly,2013-10,gro.retail_yoy,
baseline_2008_monthly,2013-10,gro.gdp_yoy,
baseline_2008_monthly,2013-10,inf.cpi_yoy,
baseline_2008_monthly,2013-10,inf.ppi_yoy,
baseline_2008_monthly,2013-10,liq.m2_yoy,
baseline_2008_monthly,2013-11,ey,
baseline_2008_monthly,2013-11,eyg,
baseline_2008_monthly,2013-11,term_spread,
baseline_2008_monthly,2013-11,pmi_gap,
baseline_2008_monthly,2013-11,delta_pmi,
baseline_2008_monthly,2013-11,loans_12m,
baseline_2008_monthly,2013-11,val.pb,
baseline_2008_monthly,2013-11,rate.fr007_mean,
baseline_2008_monthly,2013-11,gro.ip_yoy,
baseline_2008_monthly,2013-11,gro.retail_yoy,
baseline_2008_monthly,2013-11,gro.gdp_yoy,
baseline_2008_monthly,2013-11,inf.cpi_yoy,
baseline_2008_monthly,2013-11,inf.ppi_yoy,
baseline_2008_monthly,2013-11,liq.m2_yoy,
baseline_2008_monthly,2013-12,ey,
baseline_2008_monthly,2013-12,eyg,
baseline_2008_monthly,2013-12,term_spread,
baseline_2008_monthly,2013-12,pmi_gap,
baseline_2008_monthly,2013-12,delta_pmi,
baseline_2008_monthly,2013-12,loans_12m,
baseline_2008_monthly,2013-12,val.pb,
baseline_2008_monthly,2013-12,rate.fr007_mean,
baseline_2008_monthly,2013-12,gro.ip_yoy,
baseline_2008_monthly,2013-12,gro.retail_yoy,
baseline_2008_monthly,2013-12,gro.gdp_yoy,
baseline_2008_monthly,2013-12,inf.cpi_yoy,
baseline_2008_monthly,2013-12,inf.ppi_yoy,
baseline_2008_monthly,2013-12,liq.m2_yoy,
baseline_2008_monthly,2014-01,ey,
baseline_2008_monthly,2014-01,eyg,
baseline_2008_monthly,2014-01,term_spread,
baseline_2008_monthly,2014-01,pmi_gap,
baseline_2008_monthly,2014-01,delta_pmi,
baseline_2008_monthly,2014-01,loans_12m,
baseline_2008_monthly,2014-01,val.pb,
baseline_2008_monthly,2014-01,rate.fr007_mean,
baseline_2008_monthly,2014-01,gro.ip_yoy,
baseline_2008_monthly,2014-01,gro.retail_yoy,
baseline_2008_monthly,2014-01,gro.gdp_yoy,
baseline_2008_monthly,2014-01,inf.cpi_yoy,
baseline_2008_monthly,2014-01,inf.ppi_yoy,
baseline_2008_monthly,2014-01,liq.m2_yoy,
baseline_2008_monthly,2014-02,ey,
baseline_2008_monthly,2014-02,eyg,
baseline_2008_monthly,2014-02,term_spread,
baseline_2008_monthly,2014-02,pmi_gap,
baseline_2008_monthly,2014-02,delta_pmi,
baseline_2008_monthly,2014-02,loans_12m,
baseline_2008_monthly,2014-02,val.pb,
baseline_2008_monthly,2014-02,rate.fr007_mean,
baseline_2008_monthly,2014-02,gro.ip_yoy,
baseline_2008_monthly,2014-02,gro.retail_yoy,
baseline_2008_monthly,2014-02,gro.gdp_yoy,
baseline_2008_monthly,2014-02,inf.cpi_yoy,
baseline_2008_monthly,2014-02,inf.ppi_yoy,
baseline_2008_monthly,2014-02,liq.m2_yoy,
baseline_2008_monthly,2014-03,ey,
baseline_2008_monthly,2014-03,eyg,
baseline_2008_monthly,2014-03,term_spread,
baseline_2008_monthly,2014-03,pmi_gap,
baseline_2008_monthly,2014-03,delta_pmi,
baseline_2008_monthly,2014-03,loans_12m,
baseline_2008_monthly,2014-03,val.pb,
baseline_2008_monthly,2014-03,rate.fr007_mean,
baseline_2008_monthly,2014-03,gro.ip_yoy,
baseline_2008_monthly,2014-03,gro.retail_yoy,
baseline_2008_monthly,2014-03,gro.gdp_yoy,
baseline_2008_monthly,2014-03,inf.cpi_yoy,
baseline_2008_monthly,2014-03,inf.ppi_yoy,
baseline_2008_monthly,2014-03,liq.m2_yoy,
baseline_2008_monthly,2014-04,ey,
baseline_2008_monthly,2014-04,eyg,
baseline_2008_monthly,2014-04,term_spread,
baseline_2008_monthly,2014-04,pmi_gap,
baseline_2008_monthly,2014-04,delta_pmi,
baseline_2008_monthly,2014-04,loans_12m,
baseline_2008_monthly,2014-04,val.pb,
baseline_2008_monthly,2014-04,rate.fr007_mean,
baseline_2008_monthly,2014-04,gro.ip_yoy,
baseline_2008_monthly,2014-04,gro.retail_yoy,
baseline_2008_monthly,2014-04,gro.gdp_yoy,
baseline_2008_monthly,2014-04,inf.cpi_yoy,
baseline_2008_monthly,2014-04,inf.ppi_yoy,
baseline_2008_monthly,2014-04,liq.m2_yoy,
baseline_2008_monthly,2014-05,ey,
baseline_2008_monthly,2014-05,eyg,
baseline_2008_monthly,2014-05,term_spread,
baseline_2008_monthly,2014-05,pmi_gap,
baseline_2008_monthly,2014-05,delta_pmi,
baseline_2008_monthly,2014-05,loans_12m,
baseline_2008_monthly,2014-05,val.pb,
baseline_2008_monthly,2014-05,rate.fr007_mean,
baseline_2008_monthly,2014-05,gro.ip_yoy,
baseline_2008_monthly,2014-05,gro.retail_yoy,
baseline_2008_monthly,2014-05,gro.gdp_yoy,
baseline_2008_monthly,2014-05,inf.cpi_yoy,
baseline_2008_monthly,2014-05,inf.ppi_yoy,
baseline_2008_monthly,2014-05,liq.m2_yoy,
baseline_2008_monthly,2014-06,ey,
baseline_2008_monthly,2014-06,eyg,
baseline_2008_monthly,2014-06,term_spread,
baseline_2008_monthly,2014-06,pmi_gap,
baseline_2008_monthly,2014-06,delta_pmi,
baseline_2008_monthly,2014-06,loans_12m,
baseline_2008_monthly,2014-06,val.pb,
baseline_2008_monthly,2014-06,rate.fr007_mean,
baseline_2008_monthly,2014-06,gro.ip_yoy,
baseline_2008_monthly,2014-06,gro.retail_yoy,
baseline_2008_monthly,2014-06,gro.gdp_yoy,
baseline_2008_monthly,2014-06,inf.cpi_yoy,
baseline_2008_monthly,2014-06,inf.ppi_yoy,
baseline_2008_monthly,2014-06,liq.m2_yoy,
baseline_2008_monthly,2014-07,ey,
baseline_2008_monthly,2014-07,eyg,
baseline_2008_monthly,2014-07,term_spread,
baseline_2008_monthly,2014-07,pmi_gap,
baseline_2008_monthly,2014-07,delta_pmi,
baseline_2008_monthly,2014-07,loans_12m,
baseline_2008_monthly,2014-07,val.pb,
baseline_2008_monthly,2014-07,rate.fr007_mean,
baseline_2008_monthly,2014-07,gro.ip_yoy,
baseline_2008_monthly,2014-07,gro.retail_yoy,
baseline_2008_monthly,2014-07,gro.gdp_yoy,
baseline_2008_monthly,2014-07,inf.cpi_yoy,
baseline_2008_monthly,2014-07,inf.ppi_yoy,
baseline_2008_monthly,2014-07,liq.m2_yoy,
baseline_2008_monthly,2014-08,ey,
baseline_2008_monthly,2014-08,eyg,
baseline_2008_monthly,2014-08,term_spread,
baseline_2008_monthly,2014-08,pmi_gap,
baseline_2008_monthly,2014-08,delta_pmi,
baseline_2008_monthly,2014-08,loans_12m,
baseline_2008_monthly,2014-08,val.pb,
baseline_2008_monthly,2014-08,rate.fr007_mean,
baseline_2008_monthly,2014-08,gro.ip_yoy,
baseline_2008_monthly,2014-08,gro.retail_yoy,
baseline_2008_monthly,2014-08,gro.gdp_yoy,
baseline_2008_monthly,2014-08,inf.cpi_yoy,
baseline_2008_monthly,2014-08,inf.ppi_yoy,
baseline_2008_monthly,2014-08,liq.m2_yoy,
baseline_2008_monthly,2014-09,ey,
baseline_2008_monthly,2014-09,eyg,
baseline_2008_monthly,2014-09,term_spread,
baseline_2008_monthly,2014-09,pmi_gap,
baseline_2008_monthly,2014-09,delta_pmi,
baseline_2008_monthly,2014-09,loans_12m,
baseline_2008_monthly,2014-09,val.pb,
baseline_2008_monthly,2014-09,rate.fr007_mean,
baseline_2008_monthly,2014-09,gro.ip_yoy,
baseline_2008_monthly,2014-09,gro.retail_yoy,
baseline_2008_monthly,2014-09,gro.gdp_yoy,
baseline_2008_monthly,2014-09,inf.cpi_yoy,
baseline_2008_monthly,2014-09,inf.ppi_yoy,
baseline_2008_monthly,2014-09,liq.m2_yoy,
baseline_2008_monthly,2014-10,ey,
baseline_2008_monthly,2014-10,eyg,
baseline_2008_monthly,2014-10,term_spread,
baseline_2008_monthly,2014-10,pmi_gap,
baseline_2008_monthly,2014-10,delta_pmi,
baseline_2008_monthly,2014-10,loans_12m,
baseline_2008_monthly,2014-10,val.pb,
baseline_2008_monthly,2014-10,rate.fr007_mean,
baseline_2008_monthly,2014-10,gro.ip_yoy,
baseline_2008_monthly,2014-10,gro.retail_yoy,
baseline_2008_monthly,2014-10,gro.gdp_yoy,
baseline_2008_monthly,2014-10,inf.cpi_yoy,
baseline_2008_monthly,2014-10,inf.ppi_yoy,
baseline_2008_monthly,2014-10,liq.m2_yoy,
baseline_2008_monthly,2014-11,ey,
baseline_2008_monthly,2014-11,eyg,
baseline_2008_monthly,2014-11,term_spread,
baseline_2008_monthly,2014-11,pmi_gap,
baseline_2008_monthly,2014-11,delta_pmi,
baseline_2008_monthly,2014-11,loans_12m,
baseline_2008_monthly,2014-11,val.pb,
baseline_2008_monthly,2014-11,rate.fr007_mean,
baseline_2008_monthly,2014-11,gro.ip_yoy,
baseline_2008_monthly,2014-11,gro.retail_yoy,
baseline_2008_monthly,2014-11,gro.gdp_yoy,
baseline_2008_monthly,2014-11,inf.cpi_yoy,
baseline_2008_monthly,2014-11,inf.ppi_yoy,
baseline_2008_monthly,2014-11,liq.m2_yoy,
baseline_2008_monthly,2014-12,ey,
baseline_2008_monthly,2014-12,eyg,
baseline_2008_monthly,2014-12,term_spread,
baseline_2008_monthly,2014-12,pmi_gap,
baseline_2008_monthly,2014-12,delta_pmi,
baseline_2008_monthly,2014-12,loans_12m,
baseline_2008_monthly,2014-12,val.pb,
baseline_2008_monthly,2014-12,rate.fr007_mean,
baseline_2008_monthly,2014-12,gro.ip_yoy,
baseline_2008_monthly,2014-12,gro.retail_yoy,
baseline_2008_monthly,2014-12,gro.gdp_yoy,
baseline_2008_monthly,2014-12,inf.cpi_yoy,
baseline_2008_monthly,2014-12,inf.ppi_yoy,
baseline_2008_monthly,2014-12,liq.m2_yoy,
baseline_2008_monthly,2015-01,ey,
baseline_2008_monthly,2015-01,eyg,
baseline_2008_monthly,2015-01,term_spread,
baseline_2008_monthly,2015-01,pmi_gap,
baseline_2008_monthly,2015-01,delta_pmi,
baseline_2008_monthly,2015-01,loans_12m,
baseline_2008_monthly,2015-01,val.pb,
baseline_2008_monthly,2015-01,rate.fr007_mean,
baseline_2008_monthly,2015-01,gro.ip_yoy,
baseline_2008_monthly,2015-01,gro.retail_yoy,
baseline_2008_monthly,2015-01,gro.gdp_yoy,
baseline_2008_monthly,2015-01,inf.cpi_yoy,
baseline_2008_monthly,2015-01,inf.ppi_yoy,
baseline_2008_monthly,2015-01,liq.m2_yoy,
baseline_2008_monthly,2015-02,ey,
baseline_2008_monthly,2015-02,eyg,
baseline_2008_monthly,2015-02,term_spread,
baseline_2008_monthly,2015-02,pmi_gap,
baseline_2008_monthly,2015-02,delta_pmi,
baseline_2008_monthly,2015-02,loans_12m,
baseline_2008_monthly,2015-02,val.pb,
baseline_2008_monthly,2015-02,rate.fr007_mean,
baseline_2008_monthly,2015-02,gro.ip_yoy,
baseline_2008_monthly,2015-02,gro.retail_yoy,
baseline_2008_monthly,2015-02,gro.gdp_yoy,
baseline_2008_monthly,2015-02,inf.cpi_yoy,
baseline_2008_monthly,2015-02,inf.ppi_yoy,
baseline_2008_monthly,2015-02,liq.m2_yoy,
baseline_2008_monthly,2015-03,ey,
baseline_2008_monthly,2015-03,eyg,
baseline_2008_monthly,2015-03,term_spread,
baseline_2008_monthly,2015-03,pmi_gap,
baseline_2008_monthly,2015-03,delta_pmi,
baseline_2008_monthly,2015-03,loans_12m,
baseline_2008_monthly,2015-03,val.pb,
baseline_2008_monthly,2015-03,rate.fr007_mean,
baseline_2008_monthly,2015-03,gro.ip_yoy,
baseline_2008_monthly,2015-03,gro.retail_yoy,
baseline_2008_monthly,2015-03,gro.gdp_yoy,
baseline_2008_monthly,2015-03,inf.cpi_yoy,
baseline_2008_monthly,2015-03,inf.ppi_yoy,
baseline_2008_monthly,2015-03,liq.m2_yoy,
baseline_2008_monthly,2015-04,ey,
baseline_2008_monthly,2015-04,eyg,
baseline_2008_monthly,2015-04,term_spread,
baseline_2008_monthly,2015-04,pmi_gap,
baseline_2008_monthly,2015-04,delta_pmi,
baseline_2008_monthly,2015-04,loans_12m,
baseline_2008_monthly,2015-04,val.pb,
baseline_2008_monthly,2015-04,rate.fr007_mean,
baseline_2008_monthly,2015-04,gro.ip_yoy,
baseline_2008_monthly,2015-04,gro.retail_yoy,
baseline_2008_monthly,2015-04,gro.gdp_yoy,
baseline_2008_monthly,2015-04,inf.cpi_yoy,
baseline_2008_monthly,2015-04,inf.ppi_yoy,
baseline_2008_monthly,2015-04,liq.m2_yoy,
baseline_2008_monthly,2015-05,ey,
baseline_2008_monthly,2015-05,eyg,
baseline_2008_monthly,2015-05,term_spread,
baseline_2008_monthly,2015-05,pmi_gap,
baseline_2008_monthly,2015-05,delta_pmi,
baseline_2008_monthly,2015-05,loans_12m,
baseline_2008_monthly,2015-05,val.pb,
baseline_2008_monthly,2015-05,rate.fr007_mean,
baseline_2008_monthly,2015-05,gro.ip_yoy,
baseline_2008_monthly,2015-05,gro.retail_yoy,
baseline_2008_monthly,2015-05,gro.gdp_yoy,
baseline_2008_monthly,2015-05,inf.cpi_yoy,
baseline_2008_monthly,2015-05,inf.ppi_yoy,
baseline_2008_monthly,2015-05,liq.m2_yoy,
baseline_2008_monthly,2015-06,ey,
baseline_2008_monthly,2015-06,eyg,
baseline_2008_monthly,2015-06,term_spread,
baseline_2008_monthly,2015-06,pmi_gap,
baseline_2008_monthly,2015-06,delta_pmi,
baseline_2008_monthly,2015-06,loans_12m,
baseline_2008_monthly,2015-06,val.pb,
baseline_2008_monthly,2015-06,rate.fr007_mean,
baseline_2008_monthly,2015-06,gro.ip_yoy,
baseline_2008_monthly,2015-06,gro.retail_yoy,
baseline_2008_monthly,2015-06,gro.gdp_yoy,
baseline_2008_monthly,2015-06,inf.cpi_yoy,
baseline_2008_monthly,2015-06,inf.ppi_yoy,
baseline_2008_monthly,2015-06,liq.m2_yoy,
baseline_2008_monthly,2015-07,ey,
baseline_2008_monthly,2015-07,eyg,
baseline_2008_monthly,2015-07,term_spread,
baseline_2008_monthly,2015-07,pmi_gap,
baseline_2008_monthly,2015-07,delta_pmi,
baseline_2008_monthly,2015-07,loans_12m,
baseline_2008_monthly,2015-07,val.pb,
baseline_2008_monthly,2015-07,rate.fr007_mean,
baseline_2008_monthly,2015-07,gro.ip_yoy,
baseline_2008_monthly,2015-07,gro.retail_yoy,
baseline_2008_monthly,2015-07,gro.gdp_yoy,
baseline_2008_monthly,2015-07,inf.cpi_yoy,
baseline_2008_monthly,2015-07,inf.ppi_yoy,
baseline_2008_monthly,2015-07,liq.m2_yoy,
baseline_2008_monthly,2015-08,ey,
baseline_2008_monthly,2015-08,eyg,
baseline_2008_monthly,2015-08,term_spread,
baseline_2008_monthly,2015-08,pmi_gap,
baseline_2008_monthly,2015-08,delta_pmi,
baseline_2008_monthly,2015-08,loans_12m,
baseline_2008_monthly,2015-08,val.pb,
baseline_2008_monthly,2015-08,rate.fr007_mean,
baseline_2008_monthly,2015-08,gro.ip_yoy,
baseline_2008_monthly,2015-08,gro.retail_yoy,
baseline_2008_monthly,2015-08,gro.gdp_yoy,
baseline_2008_monthly,2015-08,inf.cpi_yoy,
baseline_2008_monthly,2015-08,inf.ppi_yoy,
baseline_2008_monthly,2015-08,liq.m2_yoy,
baseline_2008_monthly,2015-09,ey,
baseline_2008_monthly,2015-09,eyg,
baseline_2008_monthly,2015-09,term_spread,
baseline_2008_monthly,2015-09,pmi_gap,
baseline_2008_monthly,2015-09,delta_pmi,
baseline_2008_monthly,2015-09,loans_12m,
baseline_2008_monthly,2015-09,val.pb,
baseline_2008_monthly,2015-09,rate.fr007_mean,
baseline_2008_monthly,2015-09,gro.ip_yoy,
baseline_2008_monthly,2015-09,gro.retail_yoy,
baseline_2008_monthly,2015-09,gro.gdp_yoy,
baseline_2008_monthly,2015-09,inf.cpi_yoy,
baseline_2008_monthly,2015-09,inf.ppi_yoy,
baseline_2008_monthly,2015-09,liq.m2_yoy,
baseline_2008_monthly,2015-10,ey,
baseline_2008_monthly,2015-10,eyg,
baseline_2008_monthly,2015-10,term_spread,
baseline_2008_monthly,2015-10,pmi_gap,
baseline_2008_monthly,2015-10,delta_pmi,
baseline_2008_monthly,2015-10,loans_12m,
baseline_2008_monthly,2015-10,val.pb,
baseline_2008_monthly,2015-10,rate.fr007_mean,
baseline_2008_monthly,2015-10,gro.ip_yoy,
baseline_2008_monthly,2015-10,gro.retail_yoy,
baseline_2008_monthly,2015-10,gro.gdp_yoy,
baseline_2008_monthly,2015-10,inf.cpi_yoy,
baseline_2008_monthly,2015-10,inf.ppi_yoy,
baseline_2008_monthly,2015-10,liq.m2_yoy,
baseline_2008_monthly,2015-11,ey,
baseline_2008_monthly,2015-11,eyg,
baseline_2008_monthly,2015-11,term_spread,
baseline_2008_monthly,2015-11,pmi_gap,
baseline_2008_monthly,2015-11,delta_pmi,
baseline_2008_monthly,2015-11,loans_12m,
baseline_2008_monthly,2015-11,val.pb,
baseline_2008_monthly,2015-11,rate.fr007_mean,
baseline_2008_monthly,2015-11,gro.ip_yoy,
baseline_2008_monthly,2015-11,gro.retail_yoy,
baseline_2008_monthly,2015-11,gro.gdp_yoy,
baseline_2008_monthly,2015-11,inf.cpi_yoy,
baseline_2008_monthly,2015-11,inf.ppi_yoy,
baseline_2008_monthly,2015-11,liq.m2_yoy,
baseline_2008_monthly,2015-12,ey,
baseline_2008_monthly,2015-12,eyg,
baseline_2008_monthly,2015-12,term_spread,
baseline_2008_monthly,2015-12,pmi_gap,
baseline_2008_monthly,2015-12,delta_pmi,
baseline_2008_monthly,2015-12,loans_12m,
baseline_2008_monthly,2015-12,val.pb,
baseline_2008_monthly,2015-12,rate.fr007_mean,
baseline_2008_monthly,2015-12,gro.ip_yoy,
baseline_2008_monthly,2015-12,gro.retail_yoy,
baseline_2008_monthly,2015-12,gro.gdp_yoy,
baseline_2008_monthly,2015-12,inf.cpi_yoy,
baseline_2008_monthly,2015-12,inf.ppi_yoy,
baseline_2008_monthly,2015-12,liq.m2_yoy,
baseline_2008_monthly,2016-01,ey,
baseline_2008_monthly,2016-01,eyg,
baseline_2008_monthly,2016-01,term_spread,
baseline_2008_monthly,2016-01,pmi_gap,
baseline_2008_monthly,2016-01,delta_pmi,
baseline_2008_monthly,2016-01,loans_12m,
baseline_2008_monthly,2016-01,val.pb,
baseline_2008_monthly,2016-01,rate.fr007_mean,
baseline_2008_monthly,2016-01,gro.ip_yoy,
baseline_2008_monthly,2016-01,gro.retail_yoy,
baseline_2008_monthly,2016-01,gro.gdp_yoy,
baseline_2008_monthly,2016-01,inf.cpi_yoy,
baseline_2008_monthly,2016-01,inf.ppi_yoy,
baseline_2008_monthly,2016-01,liq.m2_yoy,
baseline_2008_monthly,2016-02,ey,
baseline_2008_monthly,2016-02,eyg,
baseline_2008_monthly,2016-02,term_spread,
baseline_2008_monthly,2016-02,pmi_gap,
baseline_2008_monthly,2016-02,delta_pmi,
baseline_2008_monthly,2016-02,loans_12m,
baseline_2008_monthly,2016-02,val.pb,
baseline_2008_monthly,2016-02,rate.fr007_mean,
baseline_2008_monthly,2016-02,gro.ip_yoy,
baseline_2008_monthly,2016-02,gro.retail_yoy,
baseline_2008_monthly,2016-02,gro.gdp_yoy,
baseline_2008_monthly,2016-02,inf.cpi_yoy,
baseline_2008_monthly,2016-02,inf.ppi_yoy,
baseline_2008_monthly,2016-02,liq.m2_yoy,
baseline_2008_monthly,2016-03,ey,
baseline_2008_monthly,2016-03,eyg,
baseline_2008_monthly,2016-03,term_spread,
baseline_2008_monthly,2016-03,pmi_gap,
baseline_2008_monthly,2016-03,delta_pmi,
baseline_2008_monthly,2016-03,loans_12m,
baseline_2008_monthly,2016-03,val.pb,
baseline_2008_monthly,2016-03,rate.fr007_mean,
baseline_2008_monthly,2016-03,gro.ip_yoy,
baseline_2008_monthly,2016-03,gro.retail_yoy,
baseline_2008_monthly,2016-03,gro.gdp_yoy,
baseline_2008_monthly,2016-03,inf.cpi_yoy,
baseline_2008_monthly,2016-03,inf.ppi_yoy,
baseline_2008_monthly,2016-03,liq.m2_yoy,
baseline_2008_monthly,2016-04,ey,
baseline_2008_monthly,2016-04,eyg,
baseline_2008_monthly,2016-04,term_spread,
baseline_2008_monthly,2016-04,pmi_gap,
baseline_2008_monthly,2016-04,delta_pmi,
baseline_2008_monthly,2016-04,loans_12m,
baseline_2008_monthly,2016-04,val.pb,
baseline_2008_monthly,2016-04,rate.fr007_mean,
baseline_2008_monthly,2016-04,gro.ip_yoy,
baseline_2008_monthly,2016-04,gro.retail_yoy,
baseline_2008_monthly,2016-04,gro.gdp_yoy,
baseline_2008_monthly,2016-04,inf.cpi_yoy,
baseline_2008_monthly,2016-04,inf.ppi_yoy,
baseline_2008_monthly,2016-04,liq.m2_yoy,
baseline_2008_monthly,2016-05,ey,
baseline_2008_monthly,2016-05,eyg,
baseline_2008_monthly,2016-05,term_spread,
baseline_2008_monthly,2016-05,pmi_gap,
baseline_2008_monthly,2016-05,delta_pmi,
baseline_2008_monthly,2016-05,loans_12m,
baseline_2008_monthly,2016-05,val.pb,
baseline_2008_monthly,2016-05,rate.fr007_mean,
baseline_2008_monthly,2016-05,gro.ip_yoy,
baseline_2008_monthly,2016-05,gro.retail_yoy,
baseline_2008_monthly,2016-05,gro.gdp_yoy,
baseline_2008_monthly,2016-05,inf.cpi_yoy,
baseline_2008_monthly,2016-05,inf.ppi_yoy,
baseline_2008_monthly,2016-05,liq.m2_yoy,
baseline_2008_monthly,2016-06,ey,
baseline_2008_monthly,2016-06,eyg,
baseline_2008_monthly,2016-06,term_spread,
baseline_2008_monthly,2016-06,pmi_gap,
baseline_2008_monthly,2016-06,delta_pmi,
baseline_2008_monthly,2016-06,loans_12m,
baseline_2008_monthly,2016-06,val.pb,
baseline_2008_monthly,2016-06,rate.fr007_mean,
baseline_2008_monthly,2016-06,gro.ip_yoy,
baseline_2008_monthly,2016-06,gro.retail_yoy,
baseline_2008_monthly,2016-06,gro.gdp_yoy,
baseline_2008_monthly,2016-06,inf.cpi_yoy,
baseline_2008_monthly,2016-06,inf.ppi_yoy,
baseline_2008_monthly,2016-06,liq.m2_yoy,
baseline_2008_monthly,2016-07,ey,
baseline_2008_monthly,2016-07,eyg,
baseline_2008_monthly,2016-07,term_spread,
baseline_2008_monthly,2016-07,pmi_gap,
baseline_2008_monthly,2016-07,delta_pmi,
baseline_2008_monthly,2016-07,loans_12m,
baseline_2008_monthly,2016-07,val.pb,
baseline_2008_monthly,2016-07,rate.fr007_mean,
baseline_2008_monthly,2016-07,gro.ip_yoy,
baseline_2008_monthly,2016-07,gro.retail_yoy,
baseline_2008_monthly,2016-07,gro.gdp_yoy,
baseline_2008_monthly,2016-07,inf.cpi_yoy,
baseline_2008_monthly,2016-07,inf.ppi_yoy,
baseline_2008_monthly,2016-07,liq.m2_yoy,
baseline_2008_monthly,2016-08,ey,
baseline_2008_monthly,2016-08,eyg,
baseline_2008_monthly,2016-08,term_spread,
baseline_2008_monthly,2016-08,pmi_gap,
baseline_2008_monthly,2016-08,delta_pmi,
baseline_2008_monthly,2016-08,loans_12m,
baseline_2008_monthly,2016-08,val.pb,
baseline_2008_monthly,2016-08,rate.fr007_mean,
baseline_2008_monthly,2016-08,gro.ip_yoy,
baseline_2008_monthly,2016-08,gro.retail_yoy,
baseline_2008_monthly,2016-08,gro.gdp_yoy,
baseline_2008_monthly,2016-08,inf.cpi_yoy,
baseline_2008_monthly,2016-08,inf.ppi_yoy,
baseline_2008_monthly,2016-08,liq.m2_yoy,
baseline_2008_monthly,2016-09,ey,
baseline_2008_monthly,2016-09,eyg,
baseline_2008_monthly,2016-09,term_spread,
baseline_2008_monthly,2016-09,pmi_gap,
baseline_2008_monthly,2016-09,delta_pmi,
baseline_2008_monthly,2016-09,loans_12m,
baseline_2008_monthly,2016-09,val.pb,
baseline_2008_monthly,2016-09,rate.fr007_mean,
baseline_2008_monthly,2016-09,gro.ip_yoy,
baseline_2008_monthly,2016-09,gro.retail_yoy,
baseline_2008_monthly,2016-09,gro.gdp_yoy,
baseline_2008_monthly,2016-09,inf.cpi_yoy,
baseline_2008_monthly,2016-09,inf.ppi_yoy,
baseline_2008_monthly,2016-09,liq.m2_yoy,
baseline_2008_monthly,2016-10,ey,
baseline_2008_monthly,2016-10,eyg,
baseline_2008_monthly,2016-10,term_spread,
baseline_2008_monthly,2016-10,pmi_gap,
baseline_2008_monthly,2016-10,delta_pmi,
baseline_2008_monthly,2016-10,loans_12m,
baseline_2008_monthly,2016-10,val.pb,
baseline_2008_monthly,2016-10,rate.fr007_mean,
baseline_2008_monthly,2016-10,gro.ip_yoy,
baseline_2008_monthly,2016-10,gro.retail_yoy,
baseline_2008_monthly,2016-10,gro.gdp_yoy,
baseline_2008_monthly,2016-10,inf.cpi_yoy,
baseline_2008_monthly,2016-10,inf.ppi_yoy,
baseline_2008_monthly,2016-10,liq.m2_yoy,
baseline_2008_monthly,2016-11,ey,
baseline_2008_monthly,2016-11,eyg,
baseline_2008_monthly,2016-11,term_spread,
baseline_2008_monthly,2016-11,pmi_gap,
baseline_2008_monthly,2016-11,delta_pmi,
baseline_2008_monthly,2016-11,loans_12m,
baseline_2008_monthly,2016-11,val.pb,
baseline_2008_monthly,2016-11,rate.fr007_mean,
baseline_2008_monthly,2016-11,gro.ip_yoy,
baseline_2008_monthly,2016-11,gro.retail_yoy,
baseline_2008_monthly,2016-11,gro.gdp_yoy,
baseline_2008_monthly,2016-11,inf.cpi_yoy,
baseline_2008_monthly,2016-11,inf.ppi_yoy,
baseline_2008_monthly,2016-11,liq.m2_yoy,
baseline_2008_monthly,2016-12,ey,
baseline_2008_monthly,2016-12,eyg,
baseline_2008_monthly,2016-12,term_spread,
baseline_2008_monthly,2016-12,pmi_gap,
baseline_2008_monthly,2016-12,delta_pmi,
baseline_2008_monthly,2016-12,loans_12m,
baseline_2008_monthly,2016-12,val.pb,
baseline_2008_monthly,2016-12,rate.fr007_mean,
baseline_2008_monthly,2016-12,gro.ip_yoy,
baseline_2008_monthly,2016-12,gro.retail_yoy,
baseline_2008_monthly,2016-12,gro.gdp_yoy,
baseline_2008_monthly,2016-12,inf.cpi_yoy,
baseline_2008_monthly,2016-12,inf.ppi_yoy,
baseline_2008_monthly,2016-12,liq.m2_yoy,
baseline_2008_monthly,2017-01,ey,
baseline_2008_monthly,2017-01,eyg,
baseline_2008_monthly,2017-01,term_spread,
baseline_2008_monthly,2017-01,pmi_gap,
baseline_2008_monthly,2017-01,delta_pmi,
baseline_2008_monthly,2017-01,loans_12m,
baseline_2008_monthly,2017-01,val.pb,
baseline_2008_monthly,2017-01,rate.fr007_mean,
baseline_2008_monthly,2017-01,gro.ip_yoy,
baseline_2008_monthly,2017-01,gro.retail_yoy,
baseline_2008_monthly,2017-01,gro.gdp_yoy,
baseline_2008_monthly,2017-01,inf.cpi_yoy,
baseline_2008_monthly,2017-01,inf.ppi_yoy,
baseline_2008_monthly,2017-01,liq.m2_yoy,
baseline_2008_monthly,2017-02,ey,
baseline_2008_monthly,2017-02,eyg,
baseline_2008_monthly,2017-02,term_spread,
baseline_2008_monthly,2017-02,pmi_gap,
baseline_2008_monthly,2017-02,delta_pmi,
baseline_2008_monthly,2017-02,loans_12m,
baseline_2008_monthly,2017-02,val.pb,
baseline_2008_monthly,2017-02,rate.fr007_mean,
baseline_2008_monthly,2017-02,gro.ip_yoy,
baseline_2008_monthly,2017-02,gro.retail_yoy,
baseline_2008_monthly,2017-02,gro.gdp_yoy,
baseline_2008_monthly,2017-02,inf.cpi_yoy,
baseline_2008_monthly,2017-02,inf.ppi_yoy,
baseline_2008_monthly,2017-02,liq.m2_yoy,
baseline_2008_monthly,2017-03,ey,
baseline_2008_monthly,2017-03,eyg,
baseline_2008_monthly,2017-03,term_spread,
baseline_2008_monthly,2017-03,pmi_gap,
baseline_2008_monthly,2017-03,delta_pmi,
baseline_2008_monthly,2017-03,loans_12m,
baseline_2008_monthly,2017-03,val.pb,
baseline_2008_monthly,2017-03,rate.fr007_mean,
baseline_2008_monthly,2017-03,gro.ip_yoy,
baseline_2008_monthly,2017-03,gro.retail_yoy,
baseline_2008_monthly,2017-03,gro.gdp_yoy,
baseline_2008_monthly,2017-03,inf.cpi_yoy,
baseline_2008_monthly,2017-03,inf.ppi_yoy,
baseline_2008_monthly,2017-03,liq.m2_yoy,
baseline_2008_monthly,2017-04,ey,
baseline_2008_monthly,2017-04,eyg,
baseline_2008_monthly,2017-04,term_spread,
baseline_2008_monthly,2017-04,pmi_gap,
baseline_2008_monthly,2017-04,delta_pmi,
baseline_2008_monthly,2017-04,loans_12m,
baseline_2008_monthly,2017-04,val.pb,
baseline_2008_monthly,2017-04,rate.fr007_mean,
baseline_2008_monthly,2017-04,gro.ip_yoy,
baseline_2008_monthly,2017-04,gro.retail_yoy,
baseline_2008_monthly,2017-04,gro.gdp_yoy,
baseline_2008_monthly,2017-04,inf.cpi_yoy,
baseline_2008_monthly,2017-04,inf.ppi_yoy,
baseline_2008_monthly,2017-04,liq.m2_yoy,
baseline_2008_monthly,2017-05,ey,
baseline_2008_monthly,2017-05,eyg,
baseline_2008_monthly,2017-05,term_spread,
baseline_2008_monthly,2017-05,pmi_gap,
baseline_2008_monthly,2017-05,delta_pmi,
baseline_2008_monthly,2017-05,loans_12m,
baseline_2008_monthly,2017-05,val.pb,
baseline_2008_monthly,2017-05,rate.fr007_mean,
baseline_2008_monthly,2017-05,gro.ip_yoy,
baseline_2008_monthly,2017-05,gro.retail_yoy,
baseline_2008_monthly,2017-05,gro.gdp_yoy,
baseline_2008_monthly,2017-05,inf.cpi_yoy,
baseline_2008_monthly,2017-05,inf.ppi_yoy,
baseline_2008_monthly,2017-05,liq.m2_yoy,
baseline_2008_monthly,2017-06,ey,
baseline_2008_monthly,2017-06,eyg,
baseline_2008_monthly,2017-06,term_spread,
baseline_2008_monthly,2017-06,pmi_gap,
baseline_2008_monthly,2017-06,delta_pmi,
baseline_2008_monthly,2017-06,loans_12m,
baseline_2008_monthly,2017-06,val.pb,
baseline_2008_monthly,2017-06,rate.fr007_mean,
baseline_2008_monthly,2017-06,gro.ip_yoy,
baseline_2008_monthly,2017-06,gro.retail_yoy,
baseline_2008_monthly,2017-06,gro.gdp_yoy,
baseline_2008_monthly,2017-06,inf.cpi_yoy,
baseline_2008_monthly,2017-06,inf.ppi_yoy,
baseline_2008_monthly,2017-06,liq.m2_yoy,
baseline_2008_monthly,2017-07,ey,
baseline_2008_monthly,2017-07,eyg,
baseline_2008_monthly,2017-07,term_spread,
baseline_2008_monthly,2017-07,pmi_gap,
baseline_2008_monthly,2017-07,delta_pmi,
baseline_2008_monthly,2017-07,loans_12m,
baseline_2008_monthly,2017-07,val.pb,
baseline_2008_monthly,2017-07,rate.fr007_mean,
baseline_2008_monthly,2017-07,gro.ip_yoy,
baseline_2008_monthly,2017-07,gro.retail_yoy,
baseline_2008_monthly,2017-07,gro.gdp_yoy,
baseline_2008_monthly,2017-07,inf.cpi_yoy,
baseline_2008_monthly,2017-07,inf.ppi_yoy,
baseline_2008_monthly,2017-07,liq.m2_yoy,
baseline_2008_monthly,2017-08,ey,
baseline_2008_monthly,2017-08,eyg,
baseline_2008_monthly,2017-08,term_spread,
baseline_2008_monthly,2017-08,pmi_gap,
baseline_2008_monthly,2017-08,delta_pmi,
baseline_2008_monthly,2017-08,loans_12m,
baseline_2008_monthly,2017-08,val.pb,
baseline_2008_monthly,2017-08,rate.fr007_mean,
baseline_2008_monthly,2017-08,gro.ip_yoy,
baseline_2008_monthly,2017-08,gro.retail_yoy,
baseline_2008_monthly,2017-08,gro.gdp_yoy,
baseline_2008_monthly,2017-08,inf.cpi_yoy,
baseline_2008_monthly,2017-08,inf.ppi_yoy,
baseline_2008_monthly,2017-08,liq.m2_yoy,
baseline_2008_monthly,2017-09,ey,
baseline_2008_monthly,2017-09,eyg,
baseline_2008_monthly,2017-09,term_spread,
baseline_2008_monthly,2017-09,pmi_gap,
baseline_2008_monthly,2017-09,delta_pmi,
baseline_2008_monthly,2017-09,loans_12m,
baseline_2008_monthly,2017-09,val.pb,
baseline_2008_monthly,2017-09,rate.fr007_mean,
baseline_2008_monthly,2017-09,gro.ip_yoy,
baseline_2008_monthly,2017-09,gro.retail_yoy,
baseline_2008_monthly,2017-09,gro.gdp_yoy,
baseline_2008_monthly,2017-09,inf.cpi_yoy,
baseline_2008_monthly,2017-09,inf.ppi_yoy,
baseline_2008_monthly,2017-09,liq.m2_yoy,
baseline_2008_monthly,2017-10,ey,
baseline_2008_monthly,2017-10,eyg,
baseline_2008_monthly,2017-10,term_spread,
baseline_2008_monthly,2017-10,pmi_gap,
baseline_2008_monthly,2017-10,delta_pmi,
baseline_2008_monthly,2017-10,loans_12m,
baseline_2008_monthly,2017-10,val.pb,
baseline_2008_monthly,2017-10,rate.fr007_mean,
baseline_2008_monthly,2017-10,gro.ip_yoy,
baseline_2008_monthly,2017-10,gro.retail_yoy,
baseline_2008_monthly,2017-10,gro.gdp_yoy,
baseline_2008_monthly,2017-10,inf.cpi_yoy,
baseline_2008_monthly,2017-10,inf.ppi_yoy,
baseline_2008_monthly,2017-10,liq.m2_yoy,
baseline_2008_monthly,2017-11,ey,
baseline_2008_monthly,2017-11,eyg,
baseline_2008_monthly,2017-11,term_spread,
baseline_2008_monthly,2017-11,pmi_gap,
baseline_2008_monthly,2017-11,delta_pmi,
baseline_2008_monthly,2017-11,loans_12m,
baseline_2008_monthly,2017-11,val.pb,
baseline_2008_monthly,2017-11,rate.fr007_mean,
baseline_2008_monthly,2017-11,gro.ip_yoy,
baseline_2008_monthly,2017-11,gro.retail_yoy,
baseline_2008_monthly,2017-11,gro.gdp_yoy,
baseline_2008_monthly,2017-11,inf.cpi_yoy,
baseline_2008_monthly,2017-11,inf.ppi_yoy,
baseline_2008_monthly,2017-11,liq.m2_yoy,
baseline_2008_monthly,2017-12,ey,
baseline_2008_monthly,2017-12,eyg,
baseline_2008_monthly,2017-12,term_spread,
baseline_2008_monthly,2017-12,pmi_gap,
baseline_2008_monthly,2017-12,delta_pmi,
baseline_2008_monthly,2017-12,loans_12m,
baseline_2008_monthly,2017-12,val.pb,
baseline_2008_monthly,2017-12,rate.fr007_mean,
baseline_2008_monthly,2017-12,gro.ip_yoy,
baseline_2008_monthly,2017-12,gro.retail_yoy,
baseline_2008_monthly,2017-12,gro.gdp_yoy,
baseline_2008_monthly,2017-12,inf.cpi_yoy,
baseline_2008_monthly,2017-12,inf.ppi_yoy,
baseline_2008_monthly,2017-12,liq.m2_yoy,
baseline_2008_monthly,2018-01,ey,
baseline_2008_monthly,2018-01,eyg,
baseline_2008_monthly,2018-01,term_spread,
baseline_2008_monthly,2018-01,pmi_gap,
baseline_2008_monthly,2018-01,delta_pmi,
baseline_2008_monthly,2018-01,loans_12m,
baseline_2008_monthly,2018-01,val.pb,
baseline_2008_monthly,2018-01,rate.fr007_mean,
baseline_2008_monthly,2018-01,gro.ip_yoy,
baseline_2008_monthly,2018-01,gro.retail_yoy,
baseline_2008_monthly,2018-01,gro.gdp_yoy,
baseline_2008_monthly,2018-01,inf.cpi_yoy,
baseline_2008_monthly,2018-01,inf.ppi_yoy,
baseline_2008_monthly,2018-01,liq.m2_yoy,
baseline_2008_monthly,2018-02,ey,
baseline_2008_monthly,2018-02,eyg,
baseline_2008_monthly,2018-02,term_spread,
baseline_2008_monthly,2018-02,pmi_gap,
baseline_2008_monthly,2018-02,delta_pmi,
baseline_2008_monthly,2018-02,loans_12m,
baseline_2008_monthly,2018-02,val.pb,
baseline_2008_monthly,2018-02,rate.fr007_mean,
baseline_2008_monthly,2018-02,gro.ip_yoy,
baseline_2008_monthly,2018-02,gro.retail_yoy,
baseline_2008_monthly,2018-02,gro.gdp_yoy,
baseline_2008_monthly,2018-02,inf.cpi_yoy,
baseline_2008_monthly,2018-02,inf.ppi_yoy,
baseline_2008_monthly,2018-02,liq.m2_yoy,
baseline_2008_monthly,2018-03,ey,
baseline_2008_monthly,2018-03,eyg,
baseline_2008_monthly,2018-03,term_spread,
baseline_2008_monthly,2018-03,pmi_gap,
baseline_2008_monthly,2018-03,delta_pmi,
baseline_2008_monthly,2018-03,loans_12m,
baseline_2008_monthly,2018-03,val.pb,
baseline_2008_monthly,2018-03,rate.fr007_mean,
baseline_2008_monthly,2018-03,gro.ip_yoy,
baseline_2008_monthly,2018-03,gro.retail_yoy,
baseline_2008_monthly,2018-03,gro.gdp_yoy,
baseline_2008_monthly,2018-03,inf.cpi_yoy,
baseline_2008_monthly,2018-03,inf.ppi_yoy,
baseline_2008_monthly,2018-03,liq.m2_yoy,
baseline_2008_monthly,2018-04,ey,
baseline_2008_monthly,2018-04,eyg,
baseline_2008_monthly,2018-04,term_spread,
baseline_2008_monthly,2018-04,pmi_gap,
baseline_2008_monthly,2018-04,delta_pmi,
baseline_2008_monthly,2018-04,loans_12m,
baseline_2008_monthly,2018-04,val.pb,
baseline_2008_monthly,2018-04,rate.fr007_mean,
baseline_2008_monthly,2018-04,gro.ip_yoy,
baseline_2008_monthly,2018-04,gro.retail_yoy,
baseline_2008_monthly,2018-04,gro.gdp_yoy,
baseline_2008_monthly,2018-04,inf.cpi_yoy,
baseline_2008_monthly,2018-04,inf.ppi_yoy,
baseline_2008_monthly,2018-04,liq.m2_yoy,
baseline_2008_monthly,2018-05,ey,
baseline_2008_monthly,2018-05,eyg,
baseline_2008_monthly,2018-05,term_spread,
baseline_2008_monthly,2018-05,pmi_gap,
baseline_2008_monthly,2018-05,delta_pmi,
baseline_2008_monthly,2018-05,loans_12m,
baseline_2008_monthly,2018-05,val.pb,
baseline_2008_monthly,2018-05,rate.fr007_mean,
baseline_2008_monthly,2018-05,gro.ip_yoy,
baseline_2008_monthly,2018-05,gro.retail_yoy,
baseline_2008_monthly,2018-05,gro.gdp_yoy,
baseline_2008_monthly,2018-05,inf.cpi_yoy,
baseline_2008_monthly,2018-05,inf.ppi_yoy,
baseline_2008_monthly,2018-05,liq.m2_yoy,
baseline_2008_monthly,2018-06,ey,
baseline_2008_monthly,2018-06,eyg,
baseline_2008_monthly,2018-06,term_spread,
baseline_2008_monthly,2018-06,pmi_gap,
baseline_2008_monthly,2018-06,delta_pmi,
baseline_2008_monthly,2018-06,loans_12m,
baseline_2008_monthly,2018-06,val.pb,
baseline_2008_monthly,2018-06,rate.fr007_mean,
baseline_2008_monthly,2018-06,gro.ip_yoy,
baseline_2008_monthly,2018-06,gro.retail_yoy,
baseline_2008_monthly,2018-06,gro.gdp_yoy,
baseline_2008_monthly,2018-06,inf.cpi_yoy,
baseline_2008_monthly,2018-06,inf.ppi_yoy,
baseline_2008_monthly,2018-06,liq.m2_yoy,
baseline_2008_monthly,2018-07,ey,
baseline_2008_monthly,2018-07,eyg,
baseline_2008_monthly,2018-07,term_spread,
baseline_2008_monthly,2018-07,pmi_gap,
baseline_2008_monthly,2018-07,delta_pmi,
baseline_2008_monthly,2018-07,loans_12m,
baseline_2008_monthly,2018-07,val.pb,
baseline_2008_monthly,2018-07,rate.fr007_mean,
baseline_2008_monthly,2018-07,gro.ip_yoy,
baseline_2008_monthly,2018-07,gro.retail_yoy,
baseline_2008_monthly,2018-07,gro.gdp_yoy,
baseline_2008_monthly,2018-07,inf.cpi_yoy,
baseline_2008_monthly,2018-07,inf.ppi_yoy,
baseline_2008_monthly,2018-07,liq.m2_yoy,
baseline_2008_monthly,2018-08,ey,
baseline_2008_monthly,2018-08,eyg,
baseline_2008_monthly,2018-08,term_spread,
baseline_2008_monthly,2018-08,pmi_gap,
baseline_2008_monthly,2018-08,delta_pmi,
baseline_2008_monthly,2018-08,loans_12m,
baseline_2008_monthly,2018-08,val.pb,
baseline_2008_monthly,2018-08,rate.fr007_mean,
baseline_2008_monthly,2018-08,gro.ip_yoy,
baseline_2008_monthly,2018-08,gro.retail_yoy,
baseline_2008_monthly,2018-08,gro.gdp_yoy,
baseline_2008_monthly,2018-08,inf.cpi_yoy,
baseline_2008_monthly,2018-08,inf.ppi_yoy,
baseline_2008_monthly,2018-08,liq.m2_yoy,
baseline_2008_monthly,2018-09,ey,
baseline_2008_monthly,2018-09,eyg,
baseline_2008_monthly,2018-09,term_spread,
baseline_2008_monthly,2018-09,pmi_gap,
baseline_2008_monthly,2018-09,delta_pmi,
baseline_2008_monthly,2018-09,loans_12m,
baseline_2008_monthly,2018-09,val.pb,
baseline_2008_monthly,2018-09,rate.fr007_mean,
baseline_2008_monthly,2018-09,gro.ip_yoy,
baseline_2008_monthly,2018-09,gro.retail_yoy,
baseline_2008_monthly,2018-09,gro.gdp_yoy,
baseline_2008_monthly,2018-09,inf.cpi_yoy,
baseline_2008_monthly,2018-09,inf.ppi_yoy,
baseline_2008_monthly,2018-09,liq.m2_yoy,
baseline_2008_monthly,2018-10,ey,
baseline_2008_monthly,2018-10,eyg,
baseline_2008_monthly,2018-10,term_spread,
baseline_2008_monthly,2018-10,pmi_gap,
baseline_2008_monthly,2018-10,delta_pmi,
baseline_2008_monthly,2018-10,loans_12m,
baseline_2008_monthly,2018-10,val.pb,
baseline_2008_monthly,2018-10,rate.fr007_mean,
baseline_2008_monthly,2018-10,gro.ip_yoy,
baseline_2008_monthly,2018-10,gro.retail_yoy,
baseline_2008_monthly,2018-10,gro.gdp_yoy,
baseline_2008_monthly,2018-10,inf.cpi_yoy,
baseline_2008_monthly,2018-10,inf.ppi_yoy,
baseline_2008_monthly,2018-10,liq.m2_yoy,
baseline_2008_monthly,2018-11,ey,
baseline_2008_monthly,2018-11,eyg,
baseline_2008_monthly,2018-11,term_spread,
baseline_2008_monthly,2018-11,pmi_gap,
baseline_2008_monthly,2018-11,delta_pmi,
baseline_2008_monthly,2018-11,loans_12m,
baseline_2008_monthly,2018-11,val.pb,
baseline_2008_monthly,2018-11,rate.fr007_mean,
baseline_2008_monthly,2018-11,gro.ip_yoy,
baseline_2008_monthly,2018-11,gro.retail_yoy,
baseline_2008_monthly,2018-11,gro.gdp_yoy,
baseline_2008_monthly,2018-11,inf.cpi_yoy,
baseline_2008_monthly,2018-11,inf.ppi_yoy,
baseline_2008_monthly,2018-11,liq.m2_yoy,
baseline_2008_monthly,2018-12,ey,
baseline_2008_monthly,2018-12,eyg,
baseline_2008_monthly,2018-12,term_spread,
baseline_2008_monthly,2018-12,pmi_gap,
baseline_2008_monthly,2018-12,delta_pmi,
baseline_2008_monthly,2018-12,loans_12m,
baseline_2008_monthly,2018-12,val.pb,
baseline_2008_monthly,2018-12,rate.fr007_mean,
baseline_2008_monthly,2018-12,gro.ip_yoy,
baseline_2008_monthly,2018-12,gro.retail_yoy,
baseline_2008_monthly,2018-12,gro.gdp_yoy,
baseline_2008_monthly,2018-12,inf.cpi_yoy,
baseline_2008_monthly,2018-12,inf.ppi_yoy,
baseline_2008_monthly,2018-12,liq.m2_yoy,
baseline_2008_monthly,2019-01,ey,
baseline_2008_monthly,2019-01,eyg,
baseline_2008_monthly,2019-01,term_spread,
baseline_2008_monthly,2019-01,pmi_gap,
baseline_2008_monthly,2019-01,delta_pmi,
baseline_2008_monthly,2019-01,loans_12m,
baseline_2008_monthly,2019-01,val.pb,
baseline_2008_monthly,2019-01,rate.fr007_mean,
baseline_2008_monthly,2019-01,gro.ip_yoy,
baseline_2008_monthly,2019-01,gro.retail_yoy,
baseline_2008_monthly,2019-01,gro.gdp_yoy,
baseline_2008_monthly,2019-01,inf.cpi_yoy,
baseline_2008_monthly,2019-01,inf.ppi_yoy,
baseline_2008_monthly,2019-01,liq.m2_yoy,
baseline_2008_monthly,2019-02,ey,
baseline_2008_monthly,2019-02,eyg,
baseline_2008_monthly,2019-02,term_spread,
baseline_2008_monthly,2019-02,pmi_gap,
baseline_2008_monthly,2019-02,delta_pmi,
baseline_2008_monthly,2019-02,loans_12m,
baseline_2008_monthly,2019-02,val.pb,
baseline_2008_monthly,2019-02,rate.fr007_mean,
baseline_2008_monthly,2019-02,gro.ip_yoy,
baseline_2008_monthly,2019-02,gro.retail_yoy,
baseline_2008_monthly,2019-02,gro.gdp_yoy,
baseline_2008_monthly,2019-02,inf.cpi_yoy,
baseline_2008_monthly,2019-02,inf.ppi_yoy,
baseline_2008_monthly,2019-02,liq.m2_yoy,
baseline_2008_monthly,2019-03,ey,
baseline_2008_monthly,2019-03,eyg,
baseline_2008_monthly,2019-03,term_spread,
baseline_2008_monthly,2019-03,pmi_gap,
baseline_2008_monthly,2019-03,delta_pmi,
baseline_2008_monthly,2019-03,loans_12m,
baseline_2008_monthly,2019-03,val.pb,
baseline_2008_monthly,2019-03,rate.fr007_mean,
baseline_2008_monthly,2019-03,gro.ip_yoy,
baseline_2008_monthly,2019-03,gro.retail_yoy,
baseline_2008_monthly,2019-03,gro.gdp_yoy,
baseline_2008_monthly,2019-03,inf.cpi_yoy,
baseline_2008_monthly,2019-03,inf.ppi_yoy,
baseline_2008_monthly,2019-03,liq.m2_yoy,
baseline_2008_monthly,2019-04,ey,
baseline_2008_monthly,2019-04,eyg,
baseline_2008_monthly,2019-04,term_spread,
baseline_2008_monthly,2019-04,pmi_gap,
baseline_2008_monthly,2019-04,delta_pmi,
baseline_2008_monthly,2019-04,loans_12m,
baseline_2008_monthly,2019-04,val.pb,
baseline_2008_monthly,2019-04,rate.fr007_mean,
baseline_2008_monthly,2019-04,gro.ip_yoy,
baseline_2008_monthly,2019-04,gro.retail_yoy,
baseline_2008_monthly,2019-04,gro.gdp_yoy,
baseline_2008_monthly,2019-04,inf.cpi_yoy,
baseline_2008_monthly,2019-04,inf.ppi_yoy,
baseline_2008_monthly,2019-04,liq.m2_yoy,
baseline_2008_monthly,2019-05,ey,
baseline_2008_monthly,2019-05,eyg,
baseline_2008_monthly,2019-05,term_spread,
baseline_2008_monthly,2019-05,pmi_gap,
baseline_2008_monthly,2019-05,delta_pmi,
baseline_2008_monthly,2019-05,loans_12m,
baseline_2008_monthly,2019-05,val.pb,
baseline_2008_monthly,2019-05,rate.fr007_mean,
baseline_2008_monthly,2019-05,gro.ip_yoy,
baseline_2008_monthly,2019-05,gro.retail_yoy,
baseline_2008_monthly,2019-05,gro.gdp_yoy,
baseline_2008_monthly,2019-05,inf.cpi_yoy,
baseline_2008_monthly,2019-05,inf.ppi_yoy,
baseline_2008_monthly,2019-05,liq.m2_yoy,
baseline_2008_monthly,2019-06,ey,
baseline_2008_monthly,2019-06,eyg,
baseline_2008_monthly,2019-06,term_spread,
baseline_2008_monthly,2019-06,pmi_gap,
baseline_2008_monthly,2019-06,delta_pmi,
baseline_2008_monthly,2019-06,loans_12m,
baseline_2008_monthly,2019-06,val.pb,
baseline_2008_monthly,2019-06,rate.fr007_mean,
baseline_2008_monthly,2019-06,gro.ip_yoy,
baseline_2008_monthly,2019-06,gro.retail_yoy,
baseline_2008_monthly,2019-06,gro.gdp_yoy,
baseline_2008_monthly,2019-06,inf.cpi_yoy,
baseline_2008_monthly,2019-06,inf.ppi_yoy,
baseline_2008_monthly,2019-06,liq.m2_yoy,
baseline_2008_monthly,2019-07,ey,
baseline_2008_monthly,2019-07,eyg,
baseline_2008_monthly,2019-07,term_spread,
baseline_2008_monthly,2019-07,pmi_gap,
baseline_2008_monthly,2019-07,delta_pmi,
baseline_2008_monthly,2019-07,loans_12m,
baseline_2008_monthly,2019-07,val.pb,
baseline_2008_monthly,2019-07,rate.fr007_mean,
baseline_2008_monthly,2019-07,gro.ip_yoy,
baseline_2008_monthly,2019-07,gro.retail_yoy,
baseline_2008_monthly,2019-07,gro.gdp_yoy,
baseline_2008_monthly,2019-07,inf.cpi_yoy,
baseline_2008_monthly,2019-07,inf.ppi_yoy,
baseline_2008_monthly,2019-07,liq.m2_yoy,
baseline_2008_monthly,2019-08,ey,
baseline_2008_monthly,2019-08,eyg,
baseline_2008_monthly,2019-08,term_spread,
baseline_2008_monthly,2019-08,pmi_gap,
baseline_2008_monthly,2019-08,delta_pmi,
baseline_2008_monthly,2019-08,loans_12m,
baseline_2008_monthly,2019-08,val.pb,
baseline_2008_monthly,2019-08,rate.fr007_mean,
baseline_2008_monthly,2019-08,gro.ip_yoy,
baseline_2008_monthly,2019-08,gro.retail_yoy,
baseline_2008_monthly,2019-08,gro.gdp_yoy,
baseline_2008_monthly,2019-08,inf.cpi_yoy,
baseline_2008_monthly,2019-08,inf.ppi_yoy,
baseline_2008_monthly,2019-08,liq.m2_yoy,
baseline_2008_monthly,2019-09,ey,
baseline_2008_monthly,2019-09,eyg,
baseline_2008_monthly,2019-09,term_spread,
baseline_2008_monthly,2019-09,pmi_gap,
baseline_2008_monthly,2019-09,delta_pmi,
baseline_2008_monthly,2019-09,loans_12m,
baseline_2008_monthly,2019-09,val.pb,
baseline_2008_monthly,2019-09,rate.fr007_mean,
baseline_2008_monthly,2019-09,gro.ip_yoy,
baseline_2008_monthly,2019-09,gro.retail_yoy,
baseline_2008_monthly,2019-09,gro.gdp_yoy,
baseline_2008_monthly,2019-09,inf.cpi_yoy,
baseline_2008_monthly,2019-09,inf.ppi_yoy,
baseline_2008_monthly,2019-09,liq.m2_yoy,
baseline_2008_monthly,2019-10,ey,
baseline_2008_monthly,2019-10,eyg,
baseline_2008_monthly,2019-10,term_spread,
baseline_2008_monthly,2019-10,pmi_gap,
baseline_2008_monthly,2019-10,delta_pmi,
baseline_2008_monthly,2019-10,loans_12m,
baseline_2008_monthly,2019-10,val.pb,
baseline_2008_monthly,2019-10,rate.fr007_mean,
baseline_2008_monthly,2019-10,gro.ip_yoy,
baseline_2008_monthly,2019-10,gro.retail_yoy,
baseline_2008_monthly,2019-10,gro.gdp_yoy,
baseline_2008_monthly,2019-10,inf.cpi_yoy,
baseline_2008_monthly,2019-10,inf.ppi_yoy,
baseline_2008_monthly,2019-10,liq.m2_yoy,
baseline_2008_monthly,2019-11,ey,
baseline_2008_monthly,2019-11,eyg,
baseline_2008_monthly,2019-11,term_spread,
baseline_2008_monthly,2019-11,pmi_gap,
baseline_2008_monthly,2019-11,delta_pmi,
baseline_2008_monthly,2019-11,loans_12m,
baseline_2008_monthly,2019-11,val.pb,
baseline_2008_monthly,2019-11,rate.fr007_mean,
baseline_2008_monthly,2019-11,gro.ip_yoy,
baseline_2008_monthly,2019-11,gro.retail_yoy,
baseline_2008_monthly,2019-11,gro.gdp_yoy,
baseline_2008_monthly,2019-11,inf.cpi_yoy,
baseline_2008_monthly,2019-11,inf.ppi_yoy,
baseline_2008_monthly,2019-11,liq.m2_yoy,
baseline_2008_monthly,2019-12,ey,
baseline_2008_monthly,2019-12,eyg,
baseline_2008_monthly,2019-12,term_spread,
baseline_2008_monthly,2019-12,pmi_gap,
baseline_2008_monthly,2019-12,delta_pmi,
baseline_2008_monthly,2019-12,loans_12m,
baseline_2008_monthly,2019-12,val.pb,
baseline_2008_monthly,2019-12,rate.fr007_mean,
baseline_2008_monthly,2019-12,gro.ip_yoy,
baseline_2008_monthly,2019-12,gro.retail_yoy,
baseline_2008_monthly,2019-12,gro.gdp_yoy,
baseline_2008_monthly,2019-12,inf.cpi_yoy,
baseline_2008_monthly,2019-12,inf.ppi_yoy,
baseline_2008_monthly,2019-12,liq.m2_yoy,
baseline_2008_monthly,2020-01,ey,
baseline_2008_monthly,2020-01,eyg,
baseline_2008_monthly,2020-01,term_spread,
baseline_2008_monthly,2020-01,pmi_gap,
baseline_2008_monthly,2020-01,delta_pmi,
baseline_2008_monthly,2020-01,loans_12m,
baseline_2008_monthly,2020-01,val.pb,
baseline_2008_monthly,2020-01,rate.fr007_mean,
baseline_2008_monthly,2020-01,gro.ip_yoy,
baseline_2008_monthly,2020-01,gro.retail_yoy,
baseline_2008_monthly,2020-01,gro.gdp_yoy,
baseline_2008_monthly,2020-01,inf.cpi_yoy,
baseline_2008_monthly,2020-01,inf.ppi_yoy,
baseline_2008_monthly,2020-01,liq.m2_yoy,
baseline_2008_monthly,2020-02,ey,
baseline_2008_monthly,2020-02,eyg,
baseline_2008_monthly,2020-02,term_spread,
baseline_2008_monthly,2020-02,pmi_gap,
baseline_2008_monthly,2020-02,delta_pmi,
baseline_2008_monthly,2020-02,loans_12m,
baseline_2008_monthly,2020-02,val.pb,
baseline_2008_monthly,2020-02,rate.fr007_mean,
baseline_2008_monthly,2020-02,gro.ip_yoy,
baseline_2008_monthly,2020-02,gro.retail_yoy,
baseline_2008_monthly,2020-02,gro.gdp_yoy,
baseline_2008_monthly,2020-02,inf.cpi_yoy,
baseline_2008_monthly,2020-02,inf.ppi_yoy,
baseline_2008_monthly,2020-02,liq.m2_yoy,
baseline_2008_monthly,2020-03,ey,
baseline_2008_monthly,2020-03,eyg,
baseline_2008_monthly,2020-03,term_spread,
baseline_2008_monthly,2020-03,pmi_gap,
baseline_2008_monthly,2020-03,delta_pmi,
baseline_2008_monthly,2020-03,loans_12m,
baseline_2008_monthly,2020-03,val.pb,
baseline_2008_monthly,2020-03,rate.fr007_mean,
baseline_2008_monthly,2020-03,gro.ip_yoy,
baseline_2008_monthly,2020-03,gro.retail_yoy,
baseline_2008_monthly,2020-03,gro.gdp_yoy,
baseline_2008_monthly,2020-03,inf.cpi_yoy,
baseline_2008_monthly,2020-03,inf.ppi_yoy,
baseline_2008_monthly,2020-03,liq.m2_yoy,
baseline_2008_monthly,2020-04,ey,
baseline_2008_monthly,2020-04,eyg,
baseline_2008_monthly,2020-04,term_spread,
baseline_2008_monthly,2020-04,pmi_gap,
baseline_2008_monthly,2020-04,delta_pmi,
baseline_2008_monthly,2020-04,loans_12m,
baseline_2008_monthly,2020-04,val.pb,
baseline_2008_monthly,2020-04,rate.fr007_mean,
baseline_2008_monthly,2020-04,gro.ip_yoy,
baseline_2008_monthly,2020-04,gro.retail_yoy,
baseline_2008_monthly,2020-04,gro.gdp_yoy,
baseline_2008_monthly,2020-04,inf.cpi_yoy,
baseline_2008_monthly,2020-04,inf.ppi_yoy,
baseline_2008_monthly,2020-04,liq.m2_yoy,
baseline_2008_monthly,2020-05,ey,
baseline_2008_monthly,2020-05,eyg,
baseline_2008_monthly,2020-05,term_spread,
baseline_2008_monthly,2020-05,pmi_gap,
baseline_2008_monthly,2020-05,delta_pmi,
baseline_2008_monthly,2020-05,loans_12m,
baseline_2008_monthly,2020-05,val.pb,
baseline_2008_monthly,2020-05,rate.fr007_mean,
baseline_2008_monthly,2020-05,gro.ip_yoy,
baseline_2008_monthly,2020-05,gro.retail_yoy,
baseline_2008_monthly,2020-05,gro.gdp_yoy,
baseline_2008_monthly,2020-05,inf.cpi_yoy,
baseline_2008_monthly,2020-05,inf.ppi_yoy,
baseline_2008_monthly,2020-05,liq.m2_yoy,
baseline_2008_monthly,2020-06,ey,
baseline_2008_monthly,2020-06,eyg,
baseline_2008_monthly,2020-06,term_spread,
baseline_2008_monthly,2020-06,pmi_gap,
baseline_2008_monthly,2020-06,delta_pmi,
baseline_2008_monthly,2020-06,loans_12m,
baseline_2008_monthly,2020-06,val.pb,
baseline_2008_monthly,2020-06,rate.fr007_mean,
baseline_2008_monthly,2020-06,gro.ip_yoy,
baseline_2008_monthly,2020-06,gro.retail_yoy,
baseline_2008_monthly,2020-06,gro.gdp_yoy,
baseline_2008_monthly,2020-06,inf.cpi_yoy,
baseline_2008_monthly,2020-06,inf.ppi_yoy,
baseline_2008_monthly,2020-06,liq.m2_yoy,
baseline_2008_monthly,2020-07,ey,
baseline_2008_monthly,2020-07,eyg,
baseline_2008_monthly,2020-07,term_spread,
baseline_2008_monthly,2020-07,pmi_gap,
baseline_2008_monthly,2020-07,delta_pmi,
baseline_2008_monthly,2020-07,loans_12m,
baseline_2008_monthly,2020-07,val.pb,
baseline_2008_monthly,2020-07,rate.fr007_mean,
baseline_2008_monthly,2020-07,gro.ip_yoy,
baseline_2008_monthly,2020-07,gro.retail_yoy,
baseline_2008_monthly,2020-07,gro.gdp_yoy,
baseline_2008_monthly,2020-07,inf.cpi_yoy,
baseline_2008_monthly,2020-07,inf.ppi_yoy,
baseline_2008_monthly,2020-07,liq.m2_yoy,
baseline_2008_monthly,2020-08,ey,
baseline_2008_monthly,2020-08,eyg,
baseline_2008_monthly,2020-08,term_spread,
baseline_2008_monthly,2020-08,pmi_gap,
baseline_2008_monthly,2020-08,delta_pmi,
baseline_2008_monthly,2020-08,loans_12m,
baseline_2008_monthly,2020-08,val.pb,
baseline_2008_monthly,2020-08,rate.fr007_mean,
baseline_2008_monthly,2020-08,gro.ip_yoy,
baseline_2008_monthly,2020-08,gro.retail_yoy,
baseline_2008_monthly,2020-08,gro.gdp_yoy,
baseline_2008_monthly,2020-08,inf.cpi_yoy,
baseline_2008_monthly,2020-08,inf.ppi_yoy,
baseline_2008_monthly,2020-08,liq.m2_yoy,
baseline_2008_monthly,2020-09,ey,
baseline_2008_monthly,2020-09,eyg,
baseline_2008_monthly,2020-09,term_spread,
baseline_2008_monthly,2020-09,pmi_gap,
baseline_2008_monthly,2020-09,delta_pmi,
baseline_2008_monthly,2020-09,loans_12m,
baseline_2008_monthly,2020-09,val.pb,
baseline_2008_monthly,2020-09,rate.fr007_mean,
baseline_2008_monthly,2020-09,gro.ip_yoy,
baseline_2008_monthly,2020-09,gro.retail_yoy,
baseline_2008_monthly,2020-09,gro.gdp_yoy,
baseline_2008_monthly,2020-09,inf.cpi_yoy,
baseline_2008_monthly,2020-09,inf.ppi_yoy,
baseline_2008_monthly,2020-09,liq.m2_yoy,
baseline_2008_monthly,2020-10,ey,
baseline_2008_monthly,2020-10,eyg,
baseline_2008_monthly,2020-10,term_spread,
baseline_2008_monthly,2020-10,pmi_gap,
baseline_2008_monthly,2020-10,delta_pmi,
baseline_2008_monthly,2020-10,loans_12m,
baseline_2008_monthly,2020-10,val.pb,
baseline_2008_monthly,2020-10,rate.fr007_mean,
baseline_2008_monthly,2020-10,gro.ip_yoy,
baseline_2008_monthly,2020-10,gro.retail_yoy,
baseline_2008_monthly,2020-10,gro.gdp_yoy,
baseline_2008_monthly,2020-10,inf.cpi_yoy,
baseline_2008_monthly,2020-10,inf.ppi_yoy,
baseline_2008_monthly,2020-10,liq.m2_yoy,
baseline_2008_monthly,2020-11,ey,
baseline_2008_monthly,2020-11,eyg,
baseline_2008_monthly,2020-11,term_spread,
baseline_2008_monthly,2020-11,pmi_gap,
baseline_2008_monthly,2020-11,delta_pmi,
baseline_2008_monthly,2020-11,loans_12m,
baseline_2008_monthly,2020-11,val.pb,
baseline_2008_monthly,2020-11,rate.fr007_mean,
baseline_2008_monthly,2020-11,gro.ip_yoy,
baseline_2008_monthly,2020-11,gro.retail_yoy,
baseline_2008_monthly,2020-11,gro.gdp_yoy,
baseline_2008_monthly,2020-11,inf.cpi_yoy,
baseline_2008_monthly,2020-11,inf.ppi_yoy,
baseline_2008_monthly,2020-11,liq.m2_yoy,
baseline_2008_monthly,2020-12,ey,
baseline_2008_monthly,2020-12,eyg,
baseline_2008_monthly,2020-12,term_spread,
baseline_2008_monthly,2020-12,pmi_gap,
baseline_2008_monthly,2020-12,delta_pmi,
baseline_2008_monthly,2020-12,loans_12m,
baseline_2008_monthly,2020-12,val.pb,
baseline_2008_monthly,2020-12,rate.fr007_mean,
baseline_2008_monthly,2020-12,gro.ip_yoy,
baseline_2008_monthly,2020-12,gro.retail_yoy,
baseline_2008_monthly,2020-12,gro.gdp_yoy,
baseline_2008_monthly,2020-12,inf.cpi_yoy,
baseline_2008_monthly,2020-12,inf.ppi_yoy,
baseline_2008_monthly,2020-12,liq.m2_yoy,
baseline_2008_monthly,2021-01,ey,
baseline_2008_monthly,2021-01,eyg,
baseline_2008_monthly,2021-01,term_spread,
baseline_2008_monthly,2021-01,pmi_gap,
baseline_2008_monthly,2021-01,delta_pmi,
baseline_2008_monthly,2021-01,loans_12m,
baseline_2008_monthly,2021-01,val.pb,
baseline_2008_monthly,2021-01,rate.fr007_mean,
baseline_2008_monthly,2021-01,gro.ip_yoy,
baseline_2008_monthly,2021-01,gro.retail_yoy,
baseline_2008_monthly,2021-01,gro.gdp_yoy,
baseline_2008_monthly,2021-01,inf.cpi_yoy,
baseline_2008_monthly,2021-01,inf.ppi_yoy,
baseline_2008_monthly,2021-01,liq.m2_yoy,
baseline_2008_monthly,2021-02,ey,
baseline_2008_monthly,2021-02,eyg,
baseline_2008_monthly,2021-02,term_spread,
baseline_2008_monthly,2021-02,pmi_gap,
baseline_2008_monthly,2021-02,delta_pmi,
baseline_2008_monthly,2021-02,loans_12m,
baseline_2008_monthly,2021-02,val.pb,
baseline_2008_monthly,2021-02,rate.fr007_mean,
baseline_2008_monthly,2021-02,gro.ip_yoy,
baseline_2008_monthly,2021-02,gro.retail_yoy,
baseline_2008_monthly,2021-02,gro.gdp_yoy,
baseline_2008_monthly,2021-02,inf.cpi_yoy,
baseline_2008_monthly,2021-02,inf.ppi_yoy,
baseline_2008_monthly,2021-02,liq.m2_yoy,
baseline_2008_monthly,2021-03,ey,
baseline_2008_monthly,2021-03,eyg,
baseline_2008_monthly,2021-03,term_spread,
baseline_2008_monthly,2021-03,pmi_gap,
baseline_2008_monthly,2021-03,delta_pmi,
baseline_2008_monthly,2021-03,loans_12m,
baseline_2008_monthly,2021-03,val.pb,
baseline_2008_monthly,2021-03,rate.fr007_mean,
baseline_2008_monthly,2021-03,gro.ip_yoy,
baseline_2008_monthly,2021-03,gro.retail_yoy,
baseline_2008_monthly,2021-03,gro.gdp_yoy,
baseline_2008_monthly,2021-03,inf.cpi_yoy,
baseline_2008_monthly,2021-03,inf.ppi_yoy,
baseline_2008_monthly,2021-03,liq.m2_yoy,
baseline_2008_monthly,2021-04,ey,
baseline_2008_monthly,2021-04,eyg,
baseline_2008_monthly,2021-04,term_spread,
baseline_2008_monthly,2021-04,pmi_gap,
baseline_2008_monthly,2021-04,delta_pmi,
baseline_2008_monthly,2021-04,loans_12m,
baseline_2008_monthly,2021-04,val.pb,
baseline_2008_monthly,2021-04,rate.fr007_mean,
baseline_2008_monthly,2021-04,gro.ip_yoy,
baseline_2008_monthly,2021-04,gro.retail_yoy,
baseline_2008_monthly,2021-04,gro.gdp_yoy,
baseline_2008_monthly,2021-04,inf.cpi_yoy,
baseline_2008_monthly,2021-04,inf.ppi_yoy,
baseline_2008_monthly,2021-04,liq.m2_yoy,
baseline_2008_monthly,2021-05,ey,
baseline_2008_monthly,2021-05,eyg,
baseline_2008_monthly,2021-05,term_spread,
baseline_2008_monthly,2021-05,pmi_gap,
baseline_2008_monthly,2021-05,delta_pmi,
baseline_2008_monthly,2021-05,loans_12m,
baseline_2008_monthly,2021-05,val.pb,
baseline_2008_monthly,2021-05,rate.fr007_mean,
baseline_2008_monthly,2021-05,gro.ip_yoy,
baseline_2008_monthly,2021-05,gro.retail_yoy,
baseline_2008_monthly,2021-05,gro.gdp_yoy,
baseline_2008_monthly,2021-05,inf.cpi_yoy,
baseline_2008_monthly,2021-05,inf.ppi_yoy,
baseline_2008_monthly,2021-05,liq.m2_yoy,
baseline_2008_monthly,2021-06,ey,
baseline_2008_monthly,2021-06,eyg,
baseline_2008_monthly,2021-06,term_spread,
baseline_2008_monthly,2021-06,pmi_gap,
baseline_2008_monthly,2021-06,delta_pmi,
baseline_2008_monthly,2021-06,loans_12m,
baseline_2008_monthly,2021-06,val.pb,
baseline_2008_monthly,2021-06,rate.fr007_mean,
baseline_2008_monthly,2021-06,gro.ip_yoy,
baseline_2008_monthly,2021-06,gro.retail_yoy,
baseline_2008_monthly,2021-06,gro.gdp_yoy,
baseline_2008_monthly,2021-06,inf.cpi_yoy,
baseline_2008_monthly,2021-06,inf.ppi_yoy,
baseline_2008_monthly,2021-06,liq.m2_yoy,
baseline_2008_monthly,2021-07,ey,
baseline_2008_monthly,2021-07,eyg,
baseline_2008_monthly,2021-07,term_spread,
baseline_2008_monthly,2021-07,pmi_gap,
baseline_2008_monthly,2021-07,delta_pmi,
baseline_2008_monthly,2021-07,loans_12m,
baseline_2008_monthly,2021-07,val.pb,
baseline_2008_monthly,2021-07,rate.fr007_mean,
baseline_2008_monthly,2021-07,gro.ip_yoy,
baseline_2008_monthly,2021-07,gro.retail_yoy,
baseline_2008_monthly,2021-07,gro.gdp_yoy,
baseline_2008_monthly,2021-07,inf.cpi_yoy,
baseline_2008_monthly,2021-07,inf.ppi_yoy,
baseline_2008_monthly,2021-07,liq.m2_yoy,
baseline_2008_monthly,2021-08,ey,
baseline_2008_monthly,2021-08,eyg,
baseline_2008_monthly,2021-08,term_spread,
baseline_2008_monthly,2021-08,pmi_gap,
baseline_2008_monthly,2021-08,delta_pmi,
baseline_2008_monthly,2021-08,loans_12m,
baseline_2008_monthly,2021-08,val.pb,
baseline_2008_monthly,2021-08,rate.fr007_mean,
baseline_2008_monthly,2021-08,gro.ip_yoy,
baseline_2008_monthly,2021-08,gro.retail_yoy,
baseline_2008_monthly,2021-08,gro.gdp_yoy,
baseline_2008_monthly,2021-08,inf.cpi_yoy,
baseline_2008_monthly,2021-08,inf.ppi_yoy,
baseline_2008_monthly,2021-08,liq.m2_yoy,
baseline_2008_monthly,2021-09,ey,
baseline_2008_monthly,2021-09,eyg,
baseline_2008_monthly,2021-09,term_spread,
baseline_2008_monthly,2021-09,pmi_gap,
baseline_2008_monthly,2021-09,delta_pmi,
baseline_2008_monthly,2021-09,loans_12m,
baseline_2008_monthly,2021-09,val.pb,
baseline_2008_monthly,2021-09,rate.fr007_mean,
baseline_2008_monthly,2021-09,gro.ip_yoy,
baseline_2008_monthly,2021-09,gro.retail_yoy,
baseline_2008_monthly,2021-09,gro.gdp_yoy,
baseline_2008_monthly,2021-09,inf.cpi_yoy,
baseline_2008_monthly,2021-09,inf.ppi_yoy,
baseline_2008_monthly,2021-09,liq.m2_yoy,
baseline_2008_monthly,2021-10,ey,
baseline_2008_monthly,2021-10,eyg,
baseline_2008_monthly,2021-10,term_spread,
baseline_2008_monthly,2021-10,pmi_gap,
baseline_2008_monthly,2021-10,delta_pmi,
baseline_2008_monthly,2021-10,loans_12m,
baseline_2008_monthly,2021-10,val.pb,
baseline_2008_monthly,2021-10,rate.fr007_mean,
baseline_2008_monthly,2021-10,gro.ip_yoy,
baseline_2008_monthly,2021-10,gro.retail_yoy,
baseline_2008_monthly,2021-10,gro.gdp_yoy,
baseline_2008_monthly,2021-10,inf.cpi_yoy,
baseline_2008_monthly,2021-10,inf.ppi_yoy,
baseline_2008_monthly,2021-10,liq.m2_yoy,
baseline_2008_monthly,2021-11,ey,
baseline_2008_monthly,2021-11,eyg,
baseline_2008_monthly,2021-11,term_spread,
baseline_2008_monthly,2021-11,pmi_gap,
baseline_2008_monthly,2021-11,delta_pmi,
baseline_2008_monthly,2021-11,loans_12m,
baseline_2008_monthly,2021-11,val.pb,
baseline_2008_monthly,2021-11,rate.fr007_mean,
baseline_2008_monthly,2021-11,gro.ip_yoy,
baseline_2008_monthly,2021-11,gro.retail_yoy,
baseline_2008_monthly,2021-11,gro.gdp_yoy,
baseline_2008_monthly,2021-11,inf.cpi_yoy,
baseline_2008_monthly,2021-11,inf.ppi_yoy,
baseline_2008_monthly,2021-11,liq.m2_yoy,
baseline_2008_monthly,2021-12,ey,
baseline_2008_monthly,2021-12,eyg,
baseline_2008_monthly,2021-12,term_spread,
baseline_2008_monthly,2021-12,pmi_gap,
baseline_2008_monthly,2021-12,delta_pmi,
baseline_2008_monthly,2021-12,loans_12m,
baseline_2008_monthly,2021-12,val.pb,
baseline_2008_monthly,2021-12,rate.fr007_mean,
baseline_2008_monthly,2021-12,gro.ip_yoy,
baseline_2008_monthly,2021-12,gro.retail_yoy,
baseline_2008_monthly,2021-12,gro.gdp_yoy,
baseline_2008_monthly,2021-12,inf.cpi_yoy,
baseline_2008_monthly,2021-12,inf.ppi_yoy,
baseline_2008_monthly,2021-12,liq.m2_yoy,
baseline_2008_monthly,2022-01,ey,
baseline_2008_monthly,2022-01,eyg,
baseline_2008_monthly,2022-01,term_spread,
baseline_2008_monthly,2022-01,pmi_gap,
baseline_2008_monthly,2022-01,delta_pmi,
baseline_2008_monthly,2022-01,loans_12m,
baseline_2008_monthly,2022-01,val.pb,
baseline_2008_monthly,2022-01,rate.fr007_mean,
baseline_2008_monthly,2022-01,gro.ip_yoy,
baseline_2008_monthly,2022-01,gro.retail_yoy,
baseline_2008_monthly,2022-01,gro.gdp_yoy,
baseline_2008_monthly,2022-01,inf.cpi_yoy,
baseline_2008_monthly,2022-01,inf.ppi_yoy,
baseline_2008_monthly,2022-01,liq.m2_yoy,
baseline_2008_monthly,2022-02,ey,
baseline_2008_monthly,2022-02,eyg,
baseline_2008_monthly,2022-02,term_spread,
baseline_2008_monthly,2022-02,pmi_gap,
baseline_2008_monthly,2022-02,delta_pmi,
baseline_2008_monthly,2022-02,loans_12m,
baseline_2008_monthly,2022-02,val.pb,
baseline_2008_monthly,2022-02,rate.fr007_mean,
baseline_2008_monthly,2022-02,gro.ip_yoy,
baseline_2008_monthly,2022-02,gro.retail_yoy,
baseline_2008_monthly,2022-02,gro.gdp_yoy,
baseline_2008_monthly,2022-02,inf.cpi_yoy,
baseline_2008_monthly,2022-02,inf.ppi_yoy,
baseline_2008_monthly,2022-02,liq.m2_yoy,
baseline_2008_monthly,2022-03,ey,
baseline_2008_monthly,2022-03,eyg,
baseline_2008_monthly,2022-03,term_spread,
baseline_2008_monthly,2022-03,pmi_gap,
baseline_2008_monthly,2022-03,delta_pmi,
baseline_2008_monthly,2022-03,loans_12m,
baseline_2008_monthly,2022-03,val.pb,
baseline_2008_monthly,2022-03,rate.fr007_mean,
baseline_2008_monthly,2022-03,gro.ip_yoy,
baseline_2008_monthly,2022-03,gro.retail_yoy,
baseline_2008_monthly,2022-03,gro.gdp_yoy,
baseline_2008_monthly,2022-03,inf.cpi_yoy,
baseline_2008_monthly,2022-03,inf.ppi_yoy,
baseline_2008_monthly,2022-03,liq.m2_yoy,
baseline_2008_monthly,2022-04,ey,
baseline_2008_monthly,2022-04,eyg,
baseline_2008_monthly,2022-04,term_spread,
baseline_2008_monthly,2022-04,pmi_gap,
baseline_2008_monthly,2022-04,delta_pmi,
baseline_2008_monthly,2022-04,loans_12m,
baseline_2008_monthly,2022-04,val.pb,
baseline_2008_monthly,2022-04,rate.fr007_mean,
baseline_2008_monthly,2022-04,gro.ip_yoy,
baseline_2008_monthly,2022-04,gro.retail_yoy,
baseline_2008_monthly,2022-04,gro.gdp_yoy,
baseline_2008_monthly,2022-04,inf.cpi_yoy,
baseline_2008_monthly,2022-04,inf.ppi_yoy,
baseline_2008_monthly,2022-04,liq.m2_yoy,
baseline_2008_monthly,2022-05,ey,
baseline_2008_monthly,2022-05,eyg,
baseline_2008_monthly,2022-05,term_spread,
baseline_2008_monthly,2022-05,pmi_gap,
baseline_2008_monthly,2022-05,delta_pmi,
baseline_2008_monthly,2022-05,loans_12m,
baseline_2008_monthly,2022-05,val.pb,
baseline_2008_monthly,2022-05,rate.fr007_mean,
baseline_2008_monthly,2022-05,gro.ip_yoy,
baseline_2008_monthly,2022-05,gro.retail_yoy,
baseline_2008_monthly,2022-05,gro.gdp_yoy,
baseline_2008_monthly,2022-05,inf.cpi_yoy,
baseline_2008_monthly,2022-05,inf.ppi_yoy,
baseline_2008_monthly,2022-05,liq.m2_yoy,
baseline_2008_monthly,2022-06,ey,
baseline_2008_monthly,2022-06,eyg,
baseline_2008_monthly,2022-06,term_spread,
baseline_2008_monthly,2022-06,pmi_gap,
baseline_2008_monthly,2022-06,delta_pmi,
baseline_2008_monthly,2022-06,loans_12m,
baseline_2008_monthly,2022-06,val.pb,
baseline_2008_monthly,2022-06,rate.fr007_mean,
baseline_2008_monthly,2022-06,gro.ip_yoy,
baseline_2008_monthly,2022-06,gro.retail_yoy,
baseline_2008_monthly,2022-06,gro.gdp_yoy,
baseline_2008_monthly,2022-06,inf.cpi_yoy,
baseline_2008_monthly,2022-06,inf.ppi_yoy,
baseline_2008_monthly,2022-06,liq.m2_yoy,
baseline_2008_monthly,2022-07,ey,
baseline_2008_monthly,2022-07,eyg,
baseline_2008_monthly,2022-07,term_spread,
baseline_2008_monthly,2022-07,pmi_gap,
baseline_2008_monthly,2022-07,delta_pmi,
baseline_2008_monthly,2022-07,loans_12m,
baseline_2008_monthly,2022-07,val.pb,
baseline_2008_monthly,2022-07,rate.fr007_mean,
baseline_2008_monthly,2022-07,gro.ip_yoy,
baseline_2008_monthly,2022-07,gro.retail_yoy,
baseline_2008_monthly,2022-07,gro.gdp_yoy,
baseline_2008_monthly,2022-07,inf.cpi_yoy,
baseline_2008_monthly,2022-07,inf.ppi_yoy,
baseline_2008_monthly,2022-07,liq.m2_yoy,
baseline_2008_monthly,2022-08,ey,
baseline_2008_monthly,2022-08,eyg,
baseline_2008_monthly,2022-08,term_spread,
baseline_2008_monthly,2022-08,pmi_gap,
baseline_2008_monthly,2022-08,delta_pmi,
baseline_2008_monthly,2022-08,loans_12m,
baseline_2008_monthly,2022-08,val.pb,
baseline_2008_monthly,2022-08,rate.fr007_mean,
baseline_2008_monthly,2022-08,gro.ip_yoy,
baseline_2008_monthly,2022-08,gro.retail_yoy,
baseline_2008_monthly,2022-08,gro.gdp_yoy,
baseline_2008_monthly,2022-08,inf.cpi_yoy,
baseline_2008_monthly,2022-08,inf.ppi_yoy,
baseline_2008_monthly,2022-08,liq.m2_yoy,
baseline_2008_monthly,2022-09,ey,
baseline_2008_monthly,2022-09,eyg,
baseline_2008_monthly,2022-09,term_spread,
baseline_2008_monthly,2022-09,pmi_gap,
baseline_2008_monthly,2022-09,delta_pmi,
baseline_2008_monthly,2022-09,loans_12m,
baseline_2008_monthly,2022-09,val.pb,
baseline_2008_monthly,2022-09,rate.fr007_mean,
baseline_2008_monthly,2022-09,gro.ip_yoy,
baseline_2008_monthly,2022-09,gro.retail_yoy,
baseline_2008_monthly,2022-09,gro.gdp_yoy,
baseline_2008_monthly,2022-09,inf.cpi_yoy,
baseline_2008_monthly,2022-09,inf.ppi_yoy,
baseline_2008_monthly,2022-09,liq.m2_yoy,
baseline_2008_monthly,2022-10,ey,
baseline_2008_monthly,2022-10,eyg,
baseline_2008_monthly,2022-10,term_spread,
baseline_2008_monthly,2022-10,pmi_gap,
baseline_2008_monthly,2022-10,delta_pmi,
baseline_2008_monthly,2022-10,loans_12m,
baseline_2008_monthly,2022-10,val.pb,
baseline_2008_monthly,2022-10,rate.fr007_mean,
baseline_2008_monthly,2022-10,gro.ip_yoy,
baseline_2008_monthly,2022-10,gro.retail_yoy,
baseline_2008_monthly,2022-10,gro.gdp_yoy,
baseline_2008_monthly,2022-10,inf.cpi_yoy,
baseline_2008_monthly,2022-10,inf.ppi_yoy,
baseline_2008_monthly,2022-10,liq.m2_yoy,
baseline_2008_monthly,2022-11,ey,
baseline_2008_monthly,2022-11,eyg,
baseline_2008_monthly,2022-11,term_spread,
baseline_2008_monthly,2022-11,pmi_gap,
baseline_2008_monthly,2022-11,delta_pmi,
baseline_2008_monthly,2022-11,loans_12m,
baseline_2008_monthly,2022-11,val.pb,
baseline_2008_monthly,2022-11,rate.fr007_mean,
baseline_2008_monthly,2022-11,gro.ip_yoy,
baseline_2008_monthly,2022-11,gro.retail_yoy,
baseline_2008_monthly,2022-11,gro.gdp_yoy,
baseline_2008_monthly,2022-11,inf.cpi_yoy,
baseline_2008_monthly,2022-11,inf.ppi_yoy,
baseline_2008_monthly,2022-11,liq.m2_yoy,
baseline_2008_monthly,2022-12,ey,
baseline_2008_monthly,2022-12,eyg,
baseline_2008_monthly,2022-12,term_spread,
baseline_2008_monthly,2022-12,pmi_gap,
baseline_2008_monthly,2022-12,delta_pmi,
baseline_2008_monthly,2022-12,loans_12m,
baseline_2008_monthly,2022-12,val.pb,
baseline_2008_monthly,2022-12,rate.fr007_mean,
baseline_2008_monthly,2022-12,gro.ip_yoy,
baseline_2008_monthly,2022-12,gro.retail_yoy,
baseline_2008_monthly,2022-12,gro.gdp_yoy,
baseline_2008_monthly,2022-12,inf.cpi_yoy,
baseline_2008_monthly,2022-12,inf.ppi_yoy,
baseline_2008_monthly,2022-12,liq.m2_yoy,
baseline_2008_monthly,2023-01,ey,
baseline_2008_monthly,2023-01,eyg,
baseline_2008_monthly,2023-01,term_spread,
baseline_2008_monthly,2023-01,pmi_gap,
baseline_2008_monthly,2023-01,delta_pmi,
baseline_2008_monthly,2023-01,loans_12m,
baseline_2008_monthly,2023-01,val.pb,
baseline_2008_monthly,2023-01,rate.fr007_mean,
baseline_2008_monthly,2023-01,gro.ip_yoy,
baseline_2008_monthly,2023-01,gro.retail_yoy,
baseline_2008_monthly,2023-01,gro.gdp_yoy,
baseline_2008_monthly,2023-01,inf.cpi_yoy,
baseline_2008_monthly,2023-01,inf.ppi_yoy,
baseline_2008_monthly,2023-01,liq.m2_yoy,
baseline_2008_monthly,2023-02,ey,
baseline_2008_monthly,2023-02,eyg,
baseline_2008_monthly,2023-02,term_spread,
baseline_2008_monthly,2023-02,pmi_gap,
baseline_2008_monthly,2023-02,delta_pmi,
baseline_2008_monthly,2023-02,loans_12m,
baseline_2008_monthly,2023-02,val.pb,
baseline_2008_monthly,2023-02,rate.fr007_mean,
baseline_2008_monthly,2023-02,gro.ip_yoy,
baseline_2008_monthly,2023-02,gro.retail_yoy,
baseline_2008_monthly,2023-02,gro.gdp_yoy,
baseline_2008_monthly,2023-02,inf.cpi_yoy,
baseline_2008_monthly,2023-02,inf.ppi_yoy,
baseline_2008_monthly,2023-02,liq.m2_yoy,
baseline_2008_monthly,2023-03,ey,
baseline_2008_monthly,2023-03,eyg,
baseline_2008_monthly,2023-03,term_spread,
baseline_2008_monthly,2023-03,pmi_gap,
baseline_2008_monthly,2023-03,delta_pmi,
baseline_2008_monthly,2023-03,loans_12m,
baseline_2008_monthly,2023-03,val.pb,
baseline_2008_monthly,2023-03,rate.fr007_mean,
baseline_2008_monthly,2023-03,gro.ip_yoy,
baseline_2008_monthly,2023-03,gro.retail_yoy,
baseline_2008_monthly,2023-03,gro.gdp_yoy,
baseline_2008_monthly,2023-03,inf.cpi_yoy,
baseline_2008_monthly,2023-03,inf.ppi_yoy,
baseline_2008_monthly,2023-03,liq.m2_yoy,
baseline_2008_monthly,2023-04,ey,
baseline_2008_monthly,2023-04,eyg,
baseline_2008_monthly,2023-04,term_spread,
baseline_2008_monthly,2023-04,pmi_gap,
baseline_2008_monthly,2023-04,delta_pmi,
baseline_2008_monthly,2023-04,loans_12m,
baseline_2008_monthly,2023-04,val.pb,
baseline_2008_monthly,2023-04,rate.fr007_mean,
baseline_2008_monthly,2023-04,gro.ip_yoy,
baseline_2008_monthly,2023-04,gro.retail_yoy,
baseline_2008_monthly,2023-04,gro.gdp_yoy,
baseline_2008_monthly,2023-04,inf.cpi_yoy,
baseline_2008_monthly,2023-04,inf.ppi_yoy,
baseline_2008_monthly,2023-04,liq.m2_yoy,
baseline_2008_monthly,2023-05,ey,
baseline_2008_monthly,2023-05,eyg,
baseline_2008_monthly,2023-05,term_spread,
baseline_2008_monthly,2023-05,pmi_gap,
baseline_2008_monthly,2023-05,delta_pmi,
baseline_2008_monthly,2023-05,loans_12m,
baseline_2008_monthly,2023-05,val.pb,
baseline_2008_monthly,2023-05,rate.fr007_mean,
baseline_2008_monthly,2023-05,gro.ip_yoy,
baseline_2008_monthly,2023-05,gro.retail_yoy,
baseline_2008_monthly,2023-05,gro.gdp_yoy,
baseline_2008_monthly,2023-05,inf.cpi_yoy,
baseline_2008_monthly,2023-05,inf.ppi_yoy,
baseline_2008_monthly,2023-05,liq.m2_yoy,
baseline_2008_monthly,2023-06,ey,
baseline_2008_monthly,2023-06,eyg,
baseline_2008_monthly,2023-06,term_spread,
baseline_2008_monthly,2023-06,pmi_gap,
baseline_2008_monthly,2023-06,delta_pmi,
baseline_2008_monthly,2023-06,loans_12m,
baseline_2008_monthly,2023-06,val.pb,
baseline_2008_monthly,2023-06,rate.fr007_mean,
baseline_2008_monthly,2023-06,gro.ip_yoy,
baseline_2008_monthly,2023-06,gro.retail_yoy,
baseline_2008_monthly,2023-06,gro.gdp_yoy,
baseline_2008_monthly,2023-06,inf.cpi_yoy,
baseline_2008_monthly,2023-06,inf.ppi_yoy,
baseline_2008_monthly,2023-06,liq.m2_yoy,
baseline_2008_monthly,2023-07,ey,
baseline_2008_monthly,2023-07,eyg,
baseline_2008_monthly,2023-07,term_spread,
baseline_2008_monthly,2023-07,pmi_gap,
baseline_2008_monthly,2023-07,delta_pmi,
baseline_2008_monthly,2023-07,loans_12m,
baseline_2008_monthly,2023-07,val.pb,
baseline_2008_monthly,2023-07,rate.fr007_mean,
baseline_2008_monthly,2023-07,gro.ip_yoy,
baseline_2008_monthly,2023-07,gro.retail_yoy,
baseline_2008_monthly,2023-07,gro.gdp_yoy,
baseline_2008_monthly,2023-07,inf.cpi_yoy,
baseline_2008_monthly,2023-07,inf.ppi_yoy,
baseline_2008_monthly,2023-07,liq.m2_yoy,
baseline_2008_monthly,2023-08,ey,
baseline_2008_monthly,2023-08,eyg,
baseline_2008_monthly,2023-08,term_spread,
baseline_2008_monthly,2023-08,pmi_gap,
baseline_2008_monthly,2023-08,delta_pmi,
baseline_2008_monthly,2023-08,loans_12m,
baseline_2008_monthly,2023-08,val.pb,
baseline_2008_monthly,2023-08,rate.fr007_mean,
baseline_2008_monthly,2023-08,gro.ip_yoy,
baseline_2008_monthly,2023-08,gro.retail_yoy,
baseline_2008_monthly,2023-08,gro.gdp_yoy,
baseline_2008_monthly,2023-08,inf.cpi_yoy,
baseline_2008_monthly,2023-08,inf.ppi_yoy,
baseline_2008_monthly,2023-08,liq.m2_yoy,
baseline_2008_monthly,2023-09,ey,
baseline_2008_monthly,2023-09,eyg,
baseline_2008_monthly,2023-09,term_spread,
baseline_2008_monthly,2023-09,pmi_gap,
baseline_2008_monthly,2023-09,delta_pmi,
baseline_2008_monthly,2023-09,loans_12m,
baseline_2008_monthly,2023-09,val.pb,
baseline_2008_monthly,2023-09,rate.fr007_mean,
baseline_2008_monthly,2023-09,gro.ip_yoy,
baseline_2008_monthly,2023-09,gro.retail_yoy,
baseline_2008_monthly,2023-09,gro.gdp_yoy,
baseline_2008_monthly,2023-09,inf.cpi_yoy,
baseline_2008_monthly,2023-09,inf.ppi_yoy,
baseline_2008_monthly,2023-09,liq.m2_yoy,
baseline_2008_monthly,2023-10,ey,
baseline_2008_monthly,2023-10,eyg,
baseline_2008_monthly,2023-10,term_spread,
baseline_2008_monthly,2023-10,pmi_gap,
baseline_2008_monthly,2023-10,delta_pmi,
baseline_2008_monthly,2023-10,loans_12m,
baseline_2008_monthly,2023-10,val.pb,
baseline_2008_monthly,2023-10,rate.fr007_mean,
baseline_2008_monthly,2023-10,gro.ip_yoy,
baseline_2008_monthly,2023-10,gro.retail_yoy,
baseline_2008_monthly,2023-10,gro.gdp_yoy,
baseline_2008_monthly,2023-10,inf.cpi_yoy,
baseline_2008_monthly,2023-10,inf.ppi_yoy,
baseline_2008_monthly,2023-10,liq.m2_yoy,
baseline_2008_monthly,2023-11,ey,
baseline_2008_monthly,2023-11,eyg,
baseline_2008_monthly,2023-11,term_spread,
baseline_2008_monthly,2023-11,pmi_gap,
baseline_2008_monthly,2023-11,delta_pmi,
baseline_2008_monthly,2023-11,loans_12m,
baseline_2008_monthly,2023-11,val.pb,
baseline_2008_monthly,2023-11,rate.fr007_mean,
baseline_2008_monthly,2023-11,gro.ip_yoy,
baseline_2008_monthly,2023-11,gro.retail_yoy,
baseline_2008_monthly,2023-11,gro.gdp_yoy,
baseline_2008_monthly,2023-11,inf.cpi_yoy,
baseline_2008_monthly,2023-11,inf.ppi_yoy,
baseline_2008_monthly,2023-11,liq.m2_yoy,
baseline_2008_monthly,2023-12,ey,
baseline_2008_monthly,2023-12,eyg,
baseline_2008_monthly,2023-12,term_spread,
baseline_2008_monthly,2023-12,pmi_gap,
baseline_2008_monthly,2023-12,delta_pmi,
baseline_2008_monthly,2023-12,loans_12m,
baseline_2008_monthly,2023-12,val.pb,
baseline_2008_monthly,2023-12,rate.fr007_mean,
baseline_2008_monthly,2023-12,gro.ip_yoy,
baseline_2008_monthly,2023-12,gro.retail_yoy,
baseline_2008_monthly,2023-12,gro.gdp_yoy,
baseline_2008_monthly,2023-12,inf.cpi_yoy,
baseline_2008_monthly,2023-12,inf.ppi_yoy,
baseline_2008_monthly,2023-12,liq.m2_yoy,
baseline_2008_monthly,2024-01,ey,
baseline_2008_monthly,2024-01,eyg,
baseline_2008_monthly,2024-01,term_spread,
baseline_2008_monthly,2024-01,pmi_gap,
baseline_2008_monthly,2024-01,delta_pmi,
baseline_2008_monthly,2024-01,loans_12m,
baseline_2008_monthly,2024-01,val.pb,
baseline_2008_monthly,2024-01,rate.fr007_mean,
baseline_2008_monthly,2024-01,gro.ip_yoy,
baseline_2008_monthly,2024-01,gro.retail_yoy,
baseline_2008_monthly,2024-01,gro.gdp_yoy,
baseline_2008_monthly,2024-01,inf.cpi_yoy,
baseline_2008_monthly,2024-01,inf.ppi_yoy,
baseline_2008_monthly,2024-01,liq.m2_yoy,
baseline_2008_monthly,2024-02,ey,
baseline_2008_monthly,2024-02,eyg,
baseline_2008_monthly,2024-02,term_spread,
baseline_2008_monthly,2024-02,pmi_gap,
baseline_2008_monthly,2024-02,delta_pmi,
baseline_2008_monthly,2024-02,loans_12m,
baseline_2008_monthly,2024-02,val.pb,
baseline_2008_monthly,2024-02,rate.fr007_mean,
baseline_2008_monthly,2024-02,gro.ip_yoy,
baseline_2008_monthly,2024-02,gro.retail_yoy,
baseline_2008_monthly,2024-02,gro.gdp_yoy,
baseline_2008_monthly,2024-02,inf.cpi_yoy,
baseline_2008_monthly,2024-02,inf.ppi_yoy,
baseline_2008_monthly,2024-02,liq.m2_yoy,
baseline_2008_monthly,2024-03,ey,
baseline_2008_monthly,2024-03,eyg,
baseline_2008_monthly,2024-03,term_spread,
baseline_2008_monthly,2024-03,pmi_gap,
baseline_2008_monthly,2024-03,delta_pmi,
baseline_2008_monthly,2024-03,loans_12m,
baseline_2008_monthly,2024-03,val.pb,
baseline_2008_monthly,2024-03,rate.fr007_mean,
baseline_2008_monthly,2024-03,gro.ip_yoy,
baseline_2008_monthly,2024-03,gro.retail_yoy,
baseline_2008_monthly,2024-03,gro.gdp_yoy,
baseline_2008_monthly,2024-03,inf.cpi_yoy,
baseline_2008_monthly,2024-03,inf.ppi_yoy,
baseline_2008_monthly,2024-03,liq.m2_yoy,
baseline_2008_monthly,2024-04,ey,
baseline_2008_monthly,2024-04,eyg,
baseline_2008_monthly,2024-04,term_spread,
baseline_2008_monthly,2024-04,pmi_gap,
baseline_2008_monthly,2024-04,delta_pmi,
baseline_2008_monthly,2024-04,loans_12m,
baseline_2008_monthly,2024-04,val.pb,
baseline_2008_monthly,2024-04,rate.fr007_mean,
baseline_2008_monthly,2024-04,gro.ip_yoy,
baseline_2008_monthly,2024-04,gro.retail_yoy,
baseline_2008_monthly,2024-04,gro.gdp_yoy,
baseline_2008_monthly,2024-04,inf.cpi_yoy,
baseline_2008_monthly,2024-04,inf.ppi_yoy,
baseline_2008_monthly,2024-04,liq.m2_yoy,
baseline_2008_monthly,2024-05,ey,
baseline_2008_monthly,2024-05,eyg,
baseline_2008_monthly,2024-05,term_spread,
baseline_2008_monthly,2024-05,pmi_gap,
baseline_2008_monthly,2024-05,delta_pmi,
baseline_2008_monthly,2024-05,loans_12m,
baseline_2008_monthly,2024-05,val.pb,
baseline_2008_monthly,2024-05,rate.fr007_mean,
baseline_2008_monthly,2024-05,gro.ip_yoy,
baseline_2008_monthly,2024-05,gro.retail_yoy,
baseline_2008_monthly,2024-05,gro.gdp_yoy,
baseline_2008_monthly,2024-05,inf.cpi_yoy,
baseline_2008_monthly,2024-05,inf.ppi_yoy,
baseline_2008_monthly,2024-05,liq.m2_yoy,
baseline_2008_monthly,2024-06,ey,
baseline_2008_monthly,2024-06,eyg,
baseline_2008_monthly,2024-06,term_spread,
baseline_2008_monthly,2024-06,pmi_gap,
baseline_2008_monthly,2024-06,delta_pmi,
baseline_2008_monthly,2024-06,loans_12m,
baseline_2008_monthly,2024-06,val.pb,
baseline_2008_monthly,2024-06,rate.fr007_mean,
baseline_2008_monthly,2024-06,gro.ip_yoy,
baseline_2008_monthly,2024-06,gro.retail_yoy,
baseline_2008_monthly,2024-06,gro.gdp_yoy,
baseline_2008_monthly,2024-06,inf.cpi_yoy,
baseline_2008_monthly,2024-06,inf.ppi_yoy,
baseline_2008_monthly,2024-06,liq.m2_yoy,
baseline_2008_monthly,2024-07,ey,
baseline_2008_monthly,2024-07,eyg,
baseline_2008_monthly,2024-07,term_spread,
baseline_2008_monthly,2024-07,pmi_gap,
baseline_2008_monthly,2024-07,delta_pmi,
baseline_2008_monthly,2024-07,loans_12m,
baseline_2008_monthly,2024-07,val.pb,
baseline_2008_monthly,2024-07,rate.fr007_mean,
baseline_2008_monthly,2024-07,gro.ip_yoy,
baseline_2008_monthly,2024-07,gro.retail_yoy,
baseline_2008_monthly,2024-07,gro.gdp_yoy,
baseline_2008_monthly,2024-07,inf.cpi_yoy,
baseline_2008_monthly,2024-07,inf.ppi_yoy,
baseline_2008_monthly,2024-07,liq.m2_yoy,
baseline_2008_monthly,2024-08,ey,
baseline_2008_monthly,2024-08,eyg,
baseline_2008_monthly,2024-08,term_spread,
baseline_2008_monthly,2024-08,pmi_gap,
baseline_2008_monthly,2024-08,delta_pmi,
baseline_2008_monthly,2024-08,loans_12m,
baseline_2008_monthly,2024-08,val.pb,
baseline_2008_monthly,2024-08,rate.fr007_mean,
baseline_2008_monthly,2024-08,gro.ip_yoy,
baseline_2008_monthly,2024-08,gro.retail_yoy,
baseline_2008_monthly,2024-08,gro.gdp_yoy,
baseline_2008_monthly,2024-08,inf.cpi_yoy,
baseline_2008_monthly,2024-08,inf.ppi_yoy,
baseline_2008_monthly,2024-08,liq.m2_yoy,
baseline_2008_monthly,2024-09,ey,
baseline_2008_monthly,2024-09,eyg,
baseline_2008_monthly,2024-09,term_spread,
baseline_2008_monthly,2024-09,pmi_gap,
baseline_2008_monthly,2024-09,delta_pmi,
baseline_2008_monthly,2024-09,loans_12m,
baseline_2008_monthly,2024-09,val.pb,
baseline_2008_monthly,2024-09,rate.fr007_mean,
baseline_2008_monthly,2024-09,gro.ip_yoy,
baseline_2008_monthly,2024-09,gro.retail_yoy,
baseline_2008_monthly,2024-09,gro.gdp_yoy,
baseline_2008_monthly,2024-09,inf.cpi_yoy,
baseline_2008_monthly,2024-09,inf.ppi_yoy,
baseline_2008_monthly,2024-09,liq.m2_yoy,
baseline_2008_monthly,2024-10,ey,
baseline_2008_monthly,2024-10,eyg,
baseline_2008_monthly,2024-10,term_spread,
baseline_2008_monthly,2024-10,pmi_gap,
baseline_2008_monthly,2024-10,delta_pmi,
baseline_2008_monthly,2024-10,loans_12m,
baseline_2008_monthly,2024-10,val.pb,
baseline_2008_monthly,2024-10,rate.fr007_mean,
baseline_2008_monthly,2024-10,gro.ip_yoy,
baseline_2008_monthly,2024-10,gro.retail_yoy,
baseline_2008_monthly,2024-10,gro.gdp_yoy,
baseline_2008_monthly,2024-10,inf.cpi_yoy,
baseline_2008_monthly,2024-10,inf.ppi_yoy,
baseline_2008_monthly,2024-10,liq.m2_yoy,
baseline_2008_monthly,2024-11,ey,
baseline_2008_monthly,2024-11,eyg,
baseline_2008_monthly,2024-11,term_spread,
baseline_2008_monthly,2024-11,pmi_gap,
baseline_2008_monthly,2024-11,delta_pmi,
baseline_2008_monthly,2024-11,loans_12m,
baseline_2008_monthly,2024-11,val.pb,
baseline_2008_monthly,2024-11,rate.fr007_mean,
baseline_2008_monthly,2024-11,gro.ip_yoy,
baseline_2008_monthly,2024-11,gro.retail_yoy,
baseline_2008_monthly,2024-11,gro.gdp_yoy,
baseline_2008_monthly,2024-11,inf.cpi_yoy,
baseline_2008_monthly,2024-11,inf.ppi_yoy,
baseline_2008_monthly,2024-11,liq.m2_yoy,
baseline_2008_monthly,2024-12,ey,
baseline_2008_monthly,2024-12,eyg,
baseline_2008_monthly,2024-12,term_spread,
baseline_2008_monthly,2024-12,pmi_gap,
baseline_2008_monthly,2024-12,delta_pmi,
baseline_2008_monthly,2024-12,loans_12m,
baseline_2008_monthly,2024-12,val.pb,
baseline_2008_monthly,2024-12,rate.fr007_mean,
baseline_2008_monthly,2024-12,gro.ip_yoy,
baseline_2008_monthly,2024-12,gro.retail_yoy,
baseline_2008_monthly,2024-12,gro.gdp_yoy,
baseline_2008_monthly,2024-12,inf.cpi_yoy,
baseline_2008_monthly,2024-12,inf.ppi_yoy,
baseline_2008_monthly,2024-12,liq.m2_yoy,
baseline_2008_monthly,2025-01,ey,
baseline_2008_monthly,2025-01,eyg,
baseline_2008_monthly,2025-01,term_spread,
baseline_2008_monthly,2025-01,pmi_gap,
baseline_2008_monthly,2025-01,delta_pmi,
baseline_2008_monthly,2025-01,loans_12m,
baseline_2008_monthly,2025-01,val.pb,
baseline_2008_monthly,2025-01,rate.fr007_mean,
baseline_2008_monthly,2025-01,gro.ip_yoy,
baseline_2008_monthly,2025-01,gro.retail_yoy,
baseline_2008_monthly,2025-01,gro.gdp_yoy,
baseline_2008_monthly,2025-01,inf.cpi_yoy,
baseline_2008_monthly,2025-01,inf.ppi_yoy,
baseline_2008_monthly,2025-01,liq.m2_yoy,
baseline_2008_monthly,2025-02,ey,
baseline_2008_monthly,2025-02,eyg,
baseline_2008_monthly,2025-02,term_spread,
baseline_2008_monthly,2025-02,pmi_gap,
baseline_2008_monthly,2025-02,delta_pmi,
baseline_2008_monthly,2025-02,loans_12m,
baseline_2008_monthly,2025-02,val.pb,
baseline_2008_monthly,2025-02,rate.fr007_mean,
baseline_2008_monthly,2025-02,gro.ip_yoy,
baseline_2008_monthly,2025-02,gro.retail_yoy,
baseline_2008_monthly,2025-02,gro.gdp_yoy,
baseline_2008_monthly,2025-02,inf.cpi_yoy,
baseline_2008_monthly,2025-02,inf.ppi_yoy,
baseline_2008_monthly,2025-02,liq.m2_yoy,
baseline_2008_monthly,2025-03,ey,
baseline_2008_monthly,2025-03,eyg,
baseline_2008_monthly,2025-03,term_spread,
baseline_2008_monthly,2025-03,pmi_gap,
baseline_2008_monthly,2025-03,delta_pmi,
baseline_2008_monthly,2025-03,loans_12m,
baseline_2008_monthly,2025-03,val.pb,
baseline_2008_monthly,2025-03,rate.fr007_mean,
baseline_2008_monthly,2025-03,gro.ip_yoy,
baseline_2008_monthly,2025-03,gro.retail_yoy,
baseline_2008_monthly,2025-03,gro.gdp_yoy,
baseline_2008_monthly,2025-03,inf.cpi_yoy,
baseline_2008_monthly,2025-03,inf.ppi_yoy,
baseline_2008_monthly,2025-03,liq.m2_yoy,
baseline_2008_monthly,2025-04,ey,
baseline_2008_monthly,2025-04,eyg,
baseline_2008_monthly,2025-04,term_spread,
baseline_2008_monthly,2025-04,pmi_gap,
baseline_2008_monthly,2025-04,delta_pmi,
baseline_2008_monthly,2025-04,loans_12m,
baseline_2008_monthly,2025-04,val.pb,
baseline_2008_monthly,2025-04,rate.fr007_mean,
baseline_2008_monthly,2025-04,gro.ip_yoy,
baseline_2008_monthly,2025-04,gro.retail_yoy,
baseline_2008_monthly,2025-04,gro.gdp_yoy,
baseline_2008_monthly,2025-04,inf.cpi_yoy,
baseline_2008_monthly,2025-04,inf.ppi_yoy,
baseline_2008_monthly,2025-04,liq.m2_yoy,
baseline_2008_monthly,2025-05,ey,
baseline_2008_monthly,2025-05,eyg,
baseline_2008_monthly,2025-05,term_spread,
baseline_2008_monthly,2025-05,pmi_gap,
baseline_2008_monthly,2025-05,delta_pmi,
baseline_2008_monthly,2025-05,loans_12m,
baseline_2008_monthly,2025-05,val.pb,
baseline_2008_monthly,2025-05,rate.fr007_mean,
baseline_2008_monthly,2025-05,gro.ip_yoy,
baseline_2008_monthly,2025-05,gro.retail_yoy,
baseline_2008_monthly,2025-05,gro.gdp_yoy,
baseline_2008_monthly,2025-05,inf.cpi_yoy,
baseline_2008_monthly,2025-05,inf.ppi_yoy,
baseline_2008_monthly,2025-05,liq.m2_yoy,
baseline_2008_monthly,2025-06,ey,
baseline_2008_monthly,2025-06,eyg,
baseline_2008_monthly,2025-06,term_spread,
baseline_2008_monthly,2025-06,pmi_gap,
baseline_2008_monthly,2025-06,delta_pmi,
baseline_2008_monthly,2025-06,loans_12m,
baseline_2008_monthly,2025-06,val.pb,
baseline_2008_monthly,2025-06,rate.fr007_mean,
baseline_2008_monthly,2025-06,gro.ip_yoy,
baseline_2008_monthly,2025-06,gro.retail_yoy,
baseline_2008_monthly,2025-06,gro.gdp_yoy,
baseline_2008_monthly,2025-06,inf.cpi_yoy,
baseline_2008_monthly,2025-06,inf.ppi_yoy,
baseline_2008_monthly,2025-06,liq.m2_yoy,
baseline_2008_monthly,2025-07,ey,
baseline_2008_monthly,2025-07,eyg,
baseline_2008_monthly,2025-07,term_spread,
baseline_2008_monthly,2025-07,pmi_gap,
baseline_2008_monthly,2025-07,delta_pmi,
baseline_2008_monthly,2025-07,loans_12m,
baseline_2008_monthly,2025-07,val.pb,
baseline_2008_monthly,2025-07,rate.fr007_mean,
baseline_2008_monthly,2025-07,gro.ip_yoy,
baseline_2008_monthly,2025-07,gro.retail_yoy,
baseline_2008_monthly,2025-07,gro.gdp_yoy,
baseline_2008_monthly,2025-07,inf.cpi_yoy,
baseline_2008_monthly,2025-07,inf.ppi_yoy,
baseline_2008_monthly,2025-07,liq.m2_yoy,
baseline_2008_monthly,2025-08,ey,
baseline_2008_monthly,2025-08,eyg,
baseline_2008_monthly,2025-08,term_spread,
baseline_2008_monthly,2025-08,pmi_gap,
baseline_2008_monthly,2025-08,delta_pmi,
baseline_2008_monthly,2025-08,loans_12m,
baseline_2008_monthly,2025-08,val.pb,
baseline_2008_monthly,2025-08,rate.fr007_mean,
baseline_2008_monthly,2025-08,gro.ip_yoy,
baseline_2008_monthly,2025-08,gro.retail_yoy,
baseline_2008_monthly,2025-08,gro.gdp_yoy,
baseline_2008_monthly,2025-08,inf.cpi_yoy,
baseline_2008_monthly,2025-08,inf.ppi_yoy,
baseline_2008_monthly,2025-08,liq.m2_yoy,
baseline_2008_monthly,2025-09,ey,
baseline_2008_monthly,2025-09,eyg,
baseline_2008_monthly,2025-09,term_spread,
baseline_2008_monthly,2025-09,pmi_gap,
baseline_2008_monthly,2025-09,delta_pmi,
baseline_2008_monthly,2025-09,loans_12m,
baseline_2008_monthly,2025-09,val.pb,
baseline_2008_monthly,2025-09,rate.fr007_mean,
baseline_2008_monthly,2025-09,gro.ip_yoy,
baseline_2008_monthly,2025-09,gro.retail_yoy,
baseline_2008_monthly,2025-09,gro.gdp_yoy,
baseline_2008_monthly,2025-09,inf.cpi_yoy,
baseline_2008_monthly,2025-09,inf.ppi_yoy,
baseline_2008_monthly,2025-09,liq.m2_yoy,
baseline_2008_monthly,2025-10,ey,
baseline_2008_monthly,2025-10,eyg,
baseline_2008_monthly,2025-10,term_spread,
baseline_2008_monthly,2025-10,pmi_gap,
baseline_2008_monthly,2025-10,delta_pmi,
baseline_2008_monthly,2025-10,loans_12m,
baseline_2008_monthly,2025-10,val.pb,
baseline_2008_monthly,2025-10,rate.fr007_mean,
baseline_2008_monthly,2025-10,gro.ip_yoy,
baseline_2008_monthly,2025-10,gro.retail_yoy,
baseline_2008_monthly,2025-10,gro.gdp_yoy,
baseline_2008_monthly,2025-10,inf.cpi_yoy,
baseline_2008_monthly,2025-10,inf.ppi_yoy,
baseline_2008_monthly,2025-10,liq.m2_yoy,
baseline_2008_monthly,2025-11,ey,
baseline_2008_monthly,2025-11,eyg,
baseline_2008_monthly,2025-11,term_spread,
baseline_2008_monthly,2025-11,pmi_gap,
baseline_2008_monthly,2025-11,delta_pmi,
baseline_2008_monthly,2025-11,loans_12m,
baseline_2008_monthly,2025-11,val.pb,
baseline_2008_monthly,2025-11,rate.fr007_mean,
baseline_2008_monthly,2025-11,gro.ip_yoy,
baseline_2008_monthly,2025-11,gro.retail_yoy,
baseline_2008_monthly,2025-11,gro.gdp_yoy,
baseline_2008_monthly,2025-11,inf.cpi_yoy,
baseline_2008_monthly,2025-11,inf.ppi_yoy,
baseline_2008_monthly,2025-11,liq.m2_yoy,
baseline_2008_monthly,2025-12,ey,
baseline_2008_monthly,2025-12,eyg,
baseline_2008_monthly,2025-12,term_spread,
baseline_2008_monthly,2025-12,pmi_gap,
baseline_2008_monthly,2025-12,delta_pmi,
baseline_2008_monthly,2025-12,loans_12m,
baseline_2008_monthly,2025-12,val.pb,
baseline_2008_monthly,2025-12,rate.fr007_mean,
baseline_2008_monthly,2025-12,gro.ip_yoy,
baseline_2008_monthly,2025-12,gro.retail_yoy,
baseline_2008_monthly,2025-12,gro.gdp_yoy,
baseline_2008_monthly,2025-12,inf.cpi_yoy,
baseline_2008_monthly,2025-12,inf.ppi_yoy,
baseline_2008_monthly,2025-12,liq.m2_yoy,
baseline_2008_monthly,2026-01,ey,
baseline_2008_monthly,2026-01,eyg,
baseline_2008_monthly,2026-01,term_spread,
baseline_2008_monthly,2026-01,pmi_gap,
baseline_2008_monthly,2026-01,delta_pmi,
baseline_2008_monthly,2026-01,loans_12m,
baseline_2008_monthly,2026-01,val.pb,
baseline_2008_monthly,2026-01,rate.fr007_mean,
baseline_2008_monthly,2026-01,gro.ip_yoy,
baseline_2008_monthly,2026-01,gro.retail_yoy,
baseline_2008_monthly,2026-01,gro.gdp_yoy,
baseline_2008_monthly,2026-01,inf.cpi_yoy,
baseline_2008_monthly,2026-01,inf.ppi_yoy,
baseline_2008_monthly,2026-01,liq.m2_yoy,
baseline_2008_monthly,2026-02,ey,
baseline_2008_monthly,2026-02,eyg,
baseline_2008_monthly,2026-02,term_spread,
baseline_2008_monthly,2026-02,pmi_gap,
baseline_2008_monthly,2026-02,delta_pmi,
baseline_2008_monthly,2026-02,loans_12m,
baseline_2008_monthly,2026-02,val.pb,
baseline_2008_monthly,2026-02,rate.fr007_mean,
baseline_2008_monthly,2026-02,gro.ip_yoy,
baseline_2008_monthly,2026-02,gro.retail_yoy,
baseline_2008_monthly,2026-02,gro.gdp_yoy,
baseline_2008_monthly,2026-02,inf.cpi_yoy,
baseline_2008_monthly,2026-02,inf.ppi_yoy,
baseline_2008_monthly,2026-02,liq.m2_yoy,
baseline_2008_monthly,2026-03,ey,
baseline_2008_monthly,2026-03,eyg,
baseline_2008_monthly,2026-03,term_spread,
baseline_2008_monthly,2026-03,pmi_gap,
baseline_2008_monthly,2026-03,delta_pmi,
baseline_2008_monthly,2026-03,loans_12m,
baseline_2008_monthly,2026-03,val.pb,
baseline_2008_monthly,2026-03,rate.fr007_mean,
baseline_2008_monthly,2026-03,gro.ip_yoy,
baseline_2008_monthly,2026-03,gro.retail_yoy,
baseline_2008_monthly,2026-03,gro.gdp_yoy,
baseline_2008_monthly,2026-03,inf.cpi_yoy,
baseline_2008_monthly,2026-03,inf.ppi_yoy,
baseline_2008_monthly,2026-03,liq.m2_yoy,
baseline_2008_monthly,2026-04,ey,
baseline_2008_monthly,2026-04,eyg,
baseline_2008_monthly,2026-04,term_spread,
baseline_2008_monthly,2026-04,pmi_gap,
baseline_2008_monthly,2026-04,delta_pmi,
baseline_2008_monthly,2026-04,loans_12m,
baseline_2008_monthly,2026-04,val.pb,
baseline_2008_monthly,2026-04,rate.fr007_mean,
baseline_2008_monthly,2026-04,gro.ip_yoy,
baseline_2008_monthly,2026-04,gro.retail_yoy,
baseline_2008_monthly,2026-04,gro.gdp_yoy,
baseline_2008_monthly,2026-04,inf.cpi_yoy,
baseline_2008_monthly,2026-04,inf.ppi_yoy,
baseline_2008_monthly,2026-04,liq.m2_yoy,
baseline_2008_monthly,2026-05,ey,
baseline_2008_monthly,2026-05,eyg,
baseline_2008_monthly,2026-05,term_spread,
baseline_2008_monthly,2026-05,pmi_gap,
baseline_2008_monthly,2026-05,delta_pmi,
baseline_2008_monthly,2026-05,loans_12m,
baseline_2008_monthly,2026-05,val.pb,
baseline_2008_monthly,2026-05,rate.fr007_mean,
baseline_2008_monthly,2026-05,gro.ip_yoy,
baseline_2008_monthly,2026-05,gro.retail_yoy,
baseline_2008_monthly,2026-05,gro.gdp_yoy,
baseline_2008_monthly,2026-05,inf.cpi_yoy,
baseline_2008_monthly,2026-05,inf.ppi_yoy,
baseline_2008_monthly,2026-05,liq.m2_yoy,
baseline_2008_monthly,2026-06,ey,
baseline_2008_monthly,2026-06,eyg,
baseline_2008_monthly,2026-06,term_spread,
baseline_2008_monthly,2026-06,pmi_gap,
baseline_2008_monthly,2026-06,delta_pmi,
baseline_2008_monthly,2026-06,loans_12m,
baseline_2008_monthly,2026-06,val.pb,
baseline_2008_monthly,2026-06,rate.fr007_mean,
baseline_2008_monthly,2026-06,gro.ip_yoy,
baseline_2008_monthly,2026-06,gro.retail_yoy,
baseline_2008_monthly,2026-06,gro.gdp_yoy,
baseline_2008_monthly,2026-06,inf.cpi_yoy,
baseline_2008_monthly,2026-06,inf.ppi_yoy,
baseline_2008_monthly,2026-06,liq.m2_yoy,
baseline_2008_monthly,2026-07,ey,
baseline_2008_monthly,2026-07,eyg,
baseline_2008_monthly,2026-07,term_spread,
baseline_2008_monthly,2026-07,pmi_gap,
baseline_2008_monthly,2026-07,delta_pmi,
baseline_2008_monthly,2026-07,loans_12m,
baseline_2008_monthly,2026-07,val.pb,
baseline_2008_monthly,2026-07,rate.fr007_mean,
baseline_2008_monthly,2026-07,gro.ip_yoy,
baseline_2008_monthly,2026-07,gro.retail_yoy,
baseline_2008_monthly,2026-07,gro.gdp_yoy,
baseline_2008_monthly,2026-07,inf.cpi_yoy,
baseline_2008_monthly,2026-07,inf.ppi_yoy,
baseline_2008_monthly,2026-07,liq.m2_yoy,
extended_2018_monthly,2018-01,ey,
extended_2018_monthly,2018-01,eyg,
extended_2018_monthly,2018-01,term_spread,
extended_2018_monthly,2018-01,pmi_gap,
extended_2018_monthly,2018-01,delta_pmi,
extended_2018_monthly,2018-01,m1_m2_gap,
extended_2018_monthly,2018-01,afre_yoy,STALE_SOURCE
extended_2018_monthly,2018-01,loans_12m,
extended_2018_monthly,2018-01,fr007_p90,
extended_2018_monthly,2018-01,fr007_vol,
extended_2018_monthly,2018-02,ey,
extended_2018_monthly,2018-02,eyg,
extended_2018_monthly,2018-02,term_spread,
extended_2018_monthly,2018-02,pmi_gap,
extended_2018_monthly,2018-02,delta_pmi,
extended_2018_monthly,2018-02,m1_m2_gap,
extended_2018_monthly,2018-02,afre_yoy,STALE_SOURCE
extended_2018_monthly,2018-02,loans_12m,
extended_2018_monthly,2018-02,fr007_p90,
extended_2018_monthly,2018-02,fr007_vol,
extended_2018_monthly,2018-03,ey,
extended_2018_monthly,2018-03,eyg,
extended_2018_monthly,2018-03,term_spread,
extended_2018_monthly,2018-03,pmi_gap,
extended_2018_monthly,2018-03,delta_pmi,
extended_2018_monthly,2018-03,m1_m2_gap,
extended_2018_monthly,2018-03,afre_yoy,STALE_SOURCE
extended_2018_monthly,2018-03,loans_12m,
extended_2018_monthly,2018-03,fr007_p90,
extended_2018_monthly,2018-03,fr007_vol,
extended_2018_monthly,2018-04,ey,
extended_2018_monthly,2018-04,eyg,
extended_2018_monthly,2018-04,term_spread,
extended_2018_monthly,2018-04,pmi_gap,
extended_2018_monthly,2018-04,delta_pmi,
extended_2018_monthly,2018-04,m1_m2_gap,
extended_2018_monthly,2018-04,afre_yoy,STALE_SOURCE
extended_2018_monthly,2018-04,loans_12m,
extended_2018_monthly,2018-04,fr007_p90,
extended_2018_monthly,2018-04,fr007_vol,
extended_2018_monthly,2018-05,ey,
extended_2018_monthly,2018-05,eyg,
extended_2018_monthly,2018-05,term_spread,
extended_2018_monthly,2018-05,pmi_gap,
extended_2018_monthly,2018-05,delta_pmi,
extended_2018_monthly,2018-05,m1_m2_gap,
extended_2018_monthly,2018-05,afre_yoy,STALE_SOURCE
extended_2018_monthly,2018-05,loans_12m,
extended_2018_monthly,2018-05,fr007_p90,
extended_2018_monthly,2018-05,fr007_vol,
extended_2018_monthly,2018-06,ey,
extended_2018_monthly,2018-06,eyg,
extended_2018_monthly,2018-06,term_spread,
extended_2018_monthly,2018-06,pmi_gap,
extended_2018_monthly,2018-06,delta_pmi,
extended_2018_monthly,2018-06,m1_m2_gap,
extended_2018_monthly,2018-06,afre_yoy,STALE_SOURCE
extended_2018_monthly,2018-06,loans_12m,
extended_2018_monthly,2018-06,fr007_p90,
extended_2018_monthly,2018-06,fr007_vol,
extended_2018_monthly,2018-07,ey,
extended_2018_monthly,2018-07,eyg,
extended_2018_monthly,2018-07,term_spread,
extended_2018_monthly,2018-07,pmi_gap,
extended_2018_monthly,2018-07,delta_pmi,
extended_2018_monthly,2018-07,m1_m2_gap,
extended_2018_monthly,2018-07,afre_yoy,STALE_SOURCE
extended_2018_monthly,2018-07,loans_12m,
extended_2018_monthly,2018-07,fr007_p90,
extended_2018_monthly,2018-07,fr007_vol,
extended_2018_monthly,2018-08,ey,
extended_2018_monthly,2018-08,eyg,
extended_2018_monthly,2018-08,term_spread,
extended_2018_monthly,2018-08,pmi_gap,
extended_2018_monthly,2018-08,delta_pmi,
extended_2018_monthly,2018-08,m1_m2_gap,
extended_2018_monthly,2018-08,afre_yoy,STALE_SOURCE
extended_2018_monthly,2018-08,loans_12m,
extended_2018_monthly,2018-08,fr007_p90,
extended_2018_monthly,2018-08,fr007_vol,
extended_2018_monthly,2018-09,ey,
extended_2018_monthly,2018-09,eyg,
extended_2018_monthly,2018-09,term_spread,
extended_2018_monthly,2018-09,pmi_gap,
extended_2018_monthly,2018-09,delta_pmi,
extended_2018_monthly,2018-09,m1_m2_gap,
extended_2018_monthly,2018-09,afre_yoy,STALE_SOURCE
extended_2018_monthly,2018-09,loans_12m,
extended_2018_monthly,2018-09,fr007_p90,
extended_2018_monthly,2018-09,fr007_vol,
extended_2018_monthly,2018-10,ey,
extended_2018_monthly,2018-10,eyg,
extended_2018_monthly,2018-10,term_spread,
extended_2018_monthly,2018-10,pmi_gap,
extended_2018_monthly,2018-10,delta_pmi,
extended_2018_monthly,2018-10,m1_m2_gap,
extended_2018_monthly,2018-10,afre_yoy,STALE_SOURCE
extended_2018_monthly,2018-10,loans_12m,
extended_2018_monthly,2018-10,fr007_p90,
extended_2018_monthly,2018-10,fr007_vol,
extended_2018_monthly,2018-11,ey,
extended_2018_monthly,2018-11,eyg,
extended_2018_monthly,2018-11,term_spread,
extended_2018_monthly,2018-11,pmi_gap,
extended_2018_monthly,2018-11,delta_pmi,
extended_2018_monthly,2018-11,m1_m2_gap,
extended_2018_monthly,2018-11,afre_yoy,STALE_SOURCE
extended_2018_monthly,2018-11,loans_12m,
extended_2018_monthly,2018-11,fr007_p90,
extended_2018_monthly,2018-11,fr007_vol,
extended_2018_monthly,2018-12,ey,
extended_2018_monthly,2018-12,eyg,
extended_2018_monthly,2018-12,term_spread,
extended_2018_monthly,2018-12,pmi_gap,
extended_2018_monthly,2018-12,delta_pmi,
extended_2018_monthly,2018-12,m1_m2_gap,
extended_2018_monthly,2018-12,afre_yoy,STALE_SOURCE
extended_2018_monthly,2018-12,loans_12m,
extended_2018_monthly,2018-12,fr007_p90,
extended_2018_monthly,2018-12,fr007_vol,
extended_2018_monthly,2019-01,ey,
extended_2018_monthly,2019-01,eyg,
extended_2018_monthly,2019-01,term_spread,
extended_2018_monthly,2019-01,pmi_gap,
extended_2018_monthly,2019-01,delta_pmi,
extended_2018_monthly,2019-01,m1_m2_gap,
extended_2018_monthly,2019-01,afre_yoy,STALE_SOURCE
extended_2018_monthly,2019-01,loans_12m,
extended_2018_monthly,2019-01,fr007_p90,
extended_2018_monthly,2019-01,fr007_vol,
extended_2018_monthly,2019-02,ey,
extended_2018_monthly,2019-02,eyg,
extended_2018_monthly,2019-02,term_spread,
extended_2018_monthly,2019-02,pmi_gap,
extended_2018_monthly,2019-02,delta_pmi,
extended_2018_monthly,2019-02,m1_m2_gap,
extended_2018_monthly,2019-02,afre_yoy,STALE_SOURCE
extended_2018_monthly,2019-02,loans_12m,
extended_2018_monthly,2019-02,fr007_p90,
extended_2018_monthly,2019-02,fr007_vol,
extended_2018_monthly,2019-03,ey,
extended_2018_monthly,2019-03,eyg,
extended_2018_monthly,2019-03,term_spread,
extended_2018_monthly,2019-03,pmi_gap,
extended_2018_monthly,2019-03,delta_pmi,
extended_2018_monthly,2019-03,m1_m2_gap,
extended_2018_monthly,2019-03,afre_yoy,STALE_SOURCE
extended_2018_monthly,2019-03,loans_12m,
extended_2018_monthly,2019-03,fr007_p90,
extended_2018_monthly,2019-03,fr007_vol,
extended_2018_monthly,2019-04,ey,
extended_2018_monthly,2019-04,eyg,
extended_2018_monthly,2019-04,term_spread,
extended_2018_monthly,2019-04,pmi_gap,
extended_2018_monthly,2019-04,delta_pmi,
extended_2018_monthly,2019-04,m1_m2_gap,
extended_2018_monthly,2019-04,afre_yoy,STALE_SOURCE
extended_2018_monthly,2019-04,loans_12m,
extended_2018_monthly,2019-04,fr007_p90,
extended_2018_monthly,2019-04,fr007_vol,
extended_2018_monthly,2019-05,ey,
extended_2018_monthly,2019-05,eyg,
extended_2018_monthly,2019-05,term_spread,
extended_2018_monthly,2019-05,pmi_gap,
extended_2018_monthly,2019-05,delta_pmi,
extended_2018_monthly,2019-05,m1_m2_gap,
extended_2018_monthly,2019-05,afre_yoy,STALE_SOURCE
extended_2018_monthly,2019-05,loans_12m,
extended_2018_monthly,2019-05,fr007_p90,
extended_2018_monthly,2019-05,fr007_vol,
extended_2018_monthly,2019-06,ey,
extended_2018_monthly,2019-06,eyg,
extended_2018_monthly,2019-06,term_spread,
extended_2018_monthly,2019-06,pmi_gap,
extended_2018_monthly,2019-06,delta_pmi,
extended_2018_monthly,2019-06,m1_m2_gap,
extended_2018_monthly,2019-06,afre_yoy,STALE_SOURCE
extended_2018_monthly,2019-06,loans_12m,
extended_2018_monthly,2019-06,fr007_p90,
extended_2018_monthly,2019-06,fr007_vol,
extended_2018_monthly,2019-07,ey,
extended_2018_monthly,2019-07,eyg,
extended_2018_monthly,2019-07,term_spread,
extended_2018_monthly,2019-07,pmi_gap,
extended_2018_monthly,2019-07,delta_pmi,
extended_2018_monthly,2019-07,m1_m2_gap,
extended_2018_monthly,2019-07,afre_yoy,STALE_SOURCE
extended_2018_monthly,2019-07,loans_12m,
extended_2018_monthly,2019-07,fr007_p90,
extended_2018_monthly,2019-07,fr007_vol,
extended_2018_monthly,2019-08,ey,
extended_2018_monthly,2019-08,eyg,
extended_2018_monthly,2019-08,term_spread,
extended_2018_monthly,2019-08,pmi_gap,
extended_2018_monthly,2019-08,delta_pmi,
extended_2018_monthly,2019-08,m1_m2_gap,
extended_2018_monthly,2019-08,afre_yoy,STALE_SOURCE
extended_2018_monthly,2019-08,loans_12m,
extended_2018_monthly,2019-08,fr007_p90,
extended_2018_monthly,2019-08,fr007_vol,
extended_2018_monthly,2019-09,ey,
extended_2018_monthly,2019-09,eyg,
extended_2018_monthly,2019-09,term_spread,
extended_2018_monthly,2019-09,pmi_gap,
extended_2018_monthly,2019-09,delta_pmi,
extended_2018_monthly,2019-09,m1_m2_gap,
extended_2018_monthly,2019-09,afre_yoy,STALE_SOURCE
extended_2018_monthly,2019-09,loans_12m,
extended_2018_monthly,2019-09,fr007_p90,
extended_2018_monthly,2019-09,fr007_vol,
extended_2018_monthly,2019-10,ey,
extended_2018_monthly,2019-10,eyg,
extended_2018_monthly,2019-10,term_spread,
extended_2018_monthly,2019-10,pmi_gap,
extended_2018_monthly,2019-10,delta_pmi,
extended_2018_monthly,2019-10,m1_m2_gap,
extended_2018_monthly,2019-10,afre_yoy,STALE_SOURCE
extended_2018_monthly,2019-10,loans_12m,
extended_2018_monthly,2019-10,fr007_p90,
extended_2018_monthly,2019-10,fr007_vol,
extended_2018_monthly,2019-11,ey,
extended_2018_monthly,2019-11,eyg,
extended_2018_monthly,2019-11,term_spread,
extended_2018_monthly,2019-11,pmi_gap,
extended_2018_monthly,2019-11,delta_pmi,
extended_2018_monthly,2019-11,m1_m2_gap,
extended_2018_monthly,2019-11,afre_yoy,STALE_SOURCE
extended_2018_monthly,2019-11,loans_12m,
extended_2018_monthly,2019-11,fr007_p90,
extended_2018_monthly,2019-11,fr007_vol,
extended_2018_monthly,2019-12,ey,
extended_2018_monthly,2019-12,eyg,
extended_2018_monthly,2019-12,term_spread,
extended_2018_monthly,2019-12,pmi_gap,
extended_2018_monthly,2019-12,delta_pmi,
extended_2018_monthly,2019-12,m1_m2_gap,
extended_2018_monthly,2019-12,afre_yoy,STALE_SOURCE
extended_2018_monthly,2019-12,loans_12m,
extended_2018_monthly,2019-12,fr007_p90,
extended_2018_monthly,2019-12,fr007_vol,
extended_2018_monthly,2020-01,ey,
extended_2018_monthly,2020-01,eyg,
extended_2018_monthly,2020-01,term_spread,
extended_2018_monthly,2020-01,pmi_gap,
extended_2018_monthly,2020-01,delta_pmi,
extended_2018_monthly,2020-01,m1_m2_gap,
extended_2018_monthly,2020-01,afre_yoy,STALE_SOURCE
extended_2018_monthly,2020-01,loans_12m,
extended_2018_monthly,2020-01,fr007_p90,
extended_2018_monthly,2020-01,fr007_vol,
extended_2018_monthly,2020-02,ey,
extended_2018_monthly,2020-02,eyg,
extended_2018_monthly,2020-02,term_spread,
extended_2018_monthly,2020-02,pmi_gap,
extended_2018_monthly,2020-02,delta_pmi,
extended_2018_monthly,2020-02,m1_m2_gap,
extended_2018_monthly,2020-02,afre_yoy,
extended_2018_monthly,2020-02,loans_12m,
extended_2018_monthly,2020-02,fr007_p90,
extended_2018_monthly,2020-02,fr007_vol,
extended_2018_monthly,2020-03,ey,
extended_2018_monthly,2020-03,eyg,
extended_2018_monthly,2020-03,term_spread,
extended_2018_monthly,2020-03,pmi_gap,
extended_2018_monthly,2020-03,delta_pmi,
extended_2018_monthly,2020-03,m1_m2_gap,
extended_2018_monthly,2020-03,afre_yoy,
extended_2018_monthly,2020-03,loans_12m,
extended_2018_monthly,2020-03,fr007_p90,
extended_2018_monthly,2020-03,fr007_vol,
extended_2018_monthly,2020-04,ey,
extended_2018_monthly,2020-04,eyg,
extended_2018_monthly,2020-04,term_spread,
extended_2018_monthly,2020-04,pmi_gap,
extended_2018_monthly,2020-04,delta_pmi,
extended_2018_monthly,2020-04,m1_m2_gap,
extended_2018_monthly,2020-04,afre_yoy,
extended_2018_monthly,2020-04,loans_12m,
extended_2018_monthly,2020-04,fr007_p90,
extended_2018_monthly,2020-04,fr007_vol,
extended_2018_monthly,2020-05,ey,
extended_2018_monthly,2020-05,eyg,
extended_2018_monthly,2020-05,term_spread,
extended_2018_monthly,2020-05,pmi_gap,
extended_2018_monthly,2020-05,delta_pmi,
extended_2018_monthly,2020-05,m1_m2_gap,
extended_2018_monthly,2020-05,afre_yoy,
extended_2018_monthly,2020-05,loans_12m,
extended_2018_monthly,2020-05,fr007_p90,
extended_2018_monthly,2020-05,fr007_vol,
extended_2018_monthly,2020-06,ey,
extended_2018_monthly,2020-06,eyg,
extended_2018_monthly,2020-06,term_spread,
extended_2018_monthly,2020-06,pmi_gap,
extended_2018_monthly,2020-06,delta_pmi,
extended_2018_monthly,2020-06,m1_m2_gap,
extended_2018_monthly,2020-06,afre_yoy,
extended_2018_monthly,2020-06,loans_12m,
extended_2018_monthly,2020-06,fr007_p90,
extended_2018_monthly,2020-06,fr007_vol,
extended_2018_monthly,2020-07,ey,
extended_2018_monthly,2020-07,eyg,
extended_2018_monthly,2020-07,term_spread,
extended_2018_monthly,2020-07,pmi_gap,
extended_2018_monthly,2020-07,delta_pmi,
extended_2018_monthly,2020-07,m1_m2_gap,
extended_2018_monthly,2020-07,afre_yoy,
extended_2018_monthly,2020-07,loans_12m,
extended_2018_monthly,2020-07,fr007_p90,
extended_2018_monthly,2020-07,fr007_vol,
extended_2018_monthly,2020-08,ey,
extended_2018_monthly,2020-08,eyg,
extended_2018_monthly,2020-08,term_spread,
extended_2018_monthly,2020-08,pmi_gap,
extended_2018_monthly,2020-08,delta_pmi,
extended_2018_monthly,2020-08,m1_m2_gap,
extended_2018_monthly,2020-08,afre_yoy,
extended_2018_monthly,2020-08,loans_12m,
extended_2018_monthly,2020-08,fr007_p90,
extended_2018_monthly,2020-08,fr007_vol,
extended_2018_monthly,2020-09,ey,
extended_2018_monthly,2020-09,eyg,
extended_2018_monthly,2020-09,term_spread,
extended_2018_monthly,2020-09,pmi_gap,
extended_2018_monthly,2020-09,delta_pmi,
extended_2018_monthly,2020-09,m1_m2_gap,
extended_2018_monthly,2020-09,afre_yoy,
extended_2018_monthly,2020-09,loans_12m,
extended_2018_monthly,2020-09,fr007_p90,
extended_2018_monthly,2020-09,fr007_vol,
extended_2018_monthly,2020-10,ey,
extended_2018_monthly,2020-10,eyg,
extended_2018_monthly,2020-10,term_spread,
extended_2018_monthly,2020-10,pmi_gap,
extended_2018_monthly,2020-10,delta_pmi,
extended_2018_monthly,2020-10,m1_m2_gap,
extended_2018_monthly,2020-10,afre_yoy,
extended_2018_monthly,2020-10,loans_12m,
extended_2018_monthly,2020-10,fr007_p90,
extended_2018_monthly,2020-10,fr007_vol,
extended_2018_monthly,2020-11,ey,
extended_2018_monthly,2020-11,eyg,
extended_2018_monthly,2020-11,term_spread,
extended_2018_monthly,2020-11,pmi_gap,
extended_2018_monthly,2020-11,delta_pmi,
extended_2018_monthly,2020-11,m1_m2_gap,
extended_2018_monthly,2020-11,afre_yoy,
extended_2018_monthly,2020-11,loans_12m,
extended_2018_monthly,2020-11,fr007_p90,
extended_2018_monthly,2020-11,fr007_vol,
extended_2018_monthly,2020-12,ey,
extended_2018_monthly,2020-12,eyg,
extended_2018_monthly,2020-12,term_spread,
extended_2018_monthly,2020-12,pmi_gap,
extended_2018_monthly,2020-12,delta_pmi,
extended_2018_monthly,2020-12,m1_m2_gap,
extended_2018_monthly,2020-12,afre_yoy,
extended_2018_monthly,2020-12,loans_12m,
extended_2018_monthly,2020-12,fr007_p90,
extended_2018_monthly,2020-12,fr007_vol,
extended_2018_monthly,2021-01,ey,
extended_2018_monthly,2021-01,eyg,
extended_2018_monthly,2021-01,term_spread,
extended_2018_monthly,2021-01,pmi_gap,
extended_2018_monthly,2021-01,delta_pmi,
extended_2018_monthly,2021-01,m1_m2_gap,
extended_2018_monthly,2021-01,afre_yoy,
extended_2018_monthly,2021-01,loans_12m,
extended_2018_monthly,2021-01,fr007_p90,
extended_2018_monthly,2021-01,fr007_vol,
extended_2018_monthly,2021-02,ey,
extended_2018_monthly,2021-02,eyg,
extended_2018_monthly,2021-02,term_spread,
extended_2018_monthly,2021-02,pmi_gap,
extended_2018_monthly,2021-02,delta_pmi,
extended_2018_monthly,2021-02,m1_m2_gap,
extended_2018_monthly,2021-02,afre_yoy,
extended_2018_monthly,2021-02,loans_12m,
extended_2018_monthly,2021-02,fr007_p90,
extended_2018_monthly,2021-02,fr007_vol,
extended_2018_monthly,2021-03,ey,
extended_2018_monthly,2021-03,eyg,
extended_2018_monthly,2021-03,term_spread,
extended_2018_monthly,2021-03,pmi_gap,
extended_2018_monthly,2021-03,delta_pmi,
extended_2018_monthly,2021-03,m1_m2_gap,
extended_2018_monthly,2021-03,afre_yoy,
extended_2018_monthly,2021-03,loans_12m,
extended_2018_monthly,2021-03,fr007_p90,
extended_2018_monthly,2021-03,fr007_vol,
extended_2018_monthly,2021-04,ey,
extended_2018_monthly,2021-04,eyg,
extended_2018_monthly,2021-04,term_spread,
extended_2018_monthly,2021-04,pmi_gap,
extended_2018_monthly,2021-04,delta_pmi,
extended_2018_monthly,2021-04,m1_m2_gap,
extended_2018_monthly,2021-04,afre_yoy,
extended_2018_monthly,2021-04,loans_12m,
extended_2018_monthly,2021-04,fr007_p90,
extended_2018_monthly,2021-04,fr007_vol,
extended_2018_monthly,2021-05,ey,
extended_2018_monthly,2021-05,eyg,
extended_2018_monthly,2021-05,term_spread,
extended_2018_monthly,2021-05,pmi_gap,
extended_2018_monthly,2021-05,delta_pmi,
extended_2018_monthly,2021-05,m1_m2_gap,
extended_2018_monthly,2021-05,afre_yoy,
extended_2018_monthly,2021-05,loans_12m,
extended_2018_monthly,2021-05,fr007_p90,
extended_2018_monthly,2021-05,fr007_vol,
extended_2018_monthly,2021-06,ey,
extended_2018_monthly,2021-06,eyg,
extended_2018_monthly,2021-06,term_spread,
extended_2018_monthly,2021-06,pmi_gap,
extended_2018_monthly,2021-06,delta_pmi,
extended_2018_monthly,2021-06,m1_m2_gap,
extended_2018_monthly,2021-06,afre_yoy,
extended_2018_monthly,2021-06,loans_12m,
extended_2018_monthly,2021-06,fr007_p90,
extended_2018_monthly,2021-06,fr007_vol,
extended_2018_monthly,2021-07,ey,
extended_2018_monthly,2021-07,eyg,
extended_2018_monthly,2021-07,term_spread,
extended_2018_monthly,2021-07,pmi_gap,
extended_2018_monthly,2021-07,delta_pmi,
extended_2018_monthly,2021-07,m1_m2_gap,
extended_2018_monthly,2021-07,afre_yoy,
extended_2018_monthly,2021-07,loans_12m,
extended_2018_monthly,2021-07,fr007_p90,
extended_2018_monthly,2021-07,fr007_vol,
extended_2018_monthly,2021-08,ey,
extended_2018_monthly,2021-08,eyg,
extended_2018_monthly,2021-08,term_spread,
extended_2018_monthly,2021-08,pmi_gap,
extended_2018_monthly,2021-08,delta_pmi,
extended_2018_monthly,2021-08,m1_m2_gap,
extended_2018_monthly,2021-08,afre_yoy,
extended_2018_monthly,2021-08,loans_12m,
extended_2018_monthly,2021-08,fr007_p90,
extended_2018_monthly,2021-08,fr007_vol,
extended_2018_monthly,2021-09,ey,
extended_2018_monthly,2021-09,eyg,
extended_2018_monthly,2021-09,term_spread,
extended_2018_monthly,2021-09,pmi_gap,
extended_2018_monthly,2021-09,delta_pmi,
extended_2018_monthly,2021-09,m1_m2_gap,
extended_2018_monthly,2021-09,afre_yoy,
extended_2018_monthly,2021-09,loans_12m,
extended_2018_monthly,2021-09,fr007_p90,
extended_2018_monthly,2021-09,fr007_vol,
extended_2018_monthly,2021-10,ey,
extended_2018_monthly,2021-10,eyg,
extended_2018_monthly,2021-10,term_spread,
extended_2018_monthly,2021-10,pmi_gap,
extended_2018_monthly,2021-10,delta_pmi,
extended_2018_monthly,2021-10,m1_m2_gap,
extended_2018_monthly,2021-10,afre_yoy,
extended_2018_monthly,2021-10,loans_12m,
extended_2018_monthly,2021-10,fr007_p90,
extended_2018_monthly,2021-10,fr007_vol,
extended_2018_monthly,2021-11,ey,
extended_2018_monthly,2021-11,eyg,
extended_2018_monthly,2021-11,term_spread,
extended_2018_monthly,2021-11,pmi_gap,
extended_2018_monthly,2021-11,delta_pmi,
extended_2018_monthly,2021-11,m1_m2_gap,
extended_2018_monthly,2021-11,afre_yoy,
extended_2018_monthly,2021-11,loans_12m,
extended_2018_monthly,2021-11,fr007_p90,
extended_2018_monthly,2021-11,fr007_vol,
extended_2018_monthly,2021-12,ey,
extended_2018_monthly,2021-12,eyg,
extended_2018_monthly,2021-12,term_spread,
extended_2018_monthly,2021-12,pmi_gap,
extended_2018_monthly,2021-12,delta_pmi,
extended_2018_monthly,2021-12,m1_m2_gap,
extended_2018_monthly,2021-12,afre_yoy,
extended_2018_monthly,2021-12,loans_12m,
extended_2018_monthly,2021-12,fr007_p90,
extended_2018_monthly,2021-12,fr007_vol,
extended_2018_monthly,2022-01,ey,
extended_2018_monthly,2022-01,eyg,
extended_2018_monthly,2022-01,term_spread,
extended_2018_monthly,2022-01,pmi_gap,
extended_2018_monthly,2022-01,delta_pmi,
extended_2018_monthly,2022-01,m1_m2_gap,
extended_2018_monthly,2022-01,afre_yoy,
extended_2018_monthly,2022-01,loans_12m,
extended_2018_monthly,2022-01,fr007_p90,
extended_2018_monthly,2022-01,fr007_vol,
extended_2018_monthly,2022-02,ey,
extended_2018_monthly,2022-02,eyg,
extended_2018_monthly,2022-02,term_spread,
extended_2018_monthly,2022-02,pmi_gap,
extended_2018_monthly,2022-02,delta_pmi,
extended_2018_monthly,2022-02,m1_m2_gap,
extended_2018_monthly,2022-02,afre_yoy,
extended_2018_monthly,2022-02,loans_12m,
extended_2018_monthly,2022-02,fr007_p90,
extended_2018_monthly,2022-02,fr007_vol,
extended_2018_monthly,2022-03,ey,
extended_2018_monthly,2022-03,eyg,
extended_2018_monthly,2022-03,term_spread,
extended_2018_monthly,2022-03,pmi_gap,
extended_2018_monthly,2022-03,delta_pmi,
extended_2018_monthly,2022-03,m1_m2_gap,
extended_2018_monthly,2022-03,afre_yoy,
extended_2018_monthly,2022-03,loans_12m,
extended_2018_monthly,2022-03,fr007_p90,
extended_2018_monthly,2022-03,fr007_vol,
extended_2018_monthly,2022-04,ey,
extended_2018_monthly,2022-04,eyg,
extended_2018_monthly,2022-04,term_spread,
extended_2018_monthly,2022-04,pmi_gap,
extended_2018_monthly,2022-04,delta_pmi,
extended_2018_monthly,2022-04,m1_m2_gap,
extended_2018_monthly,2022-04,afre_yoy,
extended_2018_monthly,2022-04,loans_12m,
extended_2018_monthly,2022-04,fr007_p90,
extended_2018_monthly,2022-04,fr007_vol,
extended_2018_monthly,2022-05,ey,
extended_2018_monthly,2022-05,eyg,
extended_2018_monthly,2022-05,term_spread,
extended_2018_monthly,2022-05,pmi_gap,
extended_2018_monthly,2022-05,delta_pmi,
extended_2018_monthly,2022-05,m1_m2_gap,
extended_2018_monthly,2022-05,afre_yoy,
extended_2018_monthly,2022-05,loans_12m,
extended_2018_monthly,2022-05,fr007_p90,
extended_2018_monthly,2022-05,fr007_vol,
extended_2018_monthly,2022-06,ey,
extended_2018_monthly,2022-06,eyg,
extended_2018_monthly,2022-06,term_spread,
extended_2018_monthly,2022-06,pmi_gap,
extended_2018_monthly,2022-06,delta_pmi,
extended_2018_monthly,2022-06,m1_m2_gap,
extended_2018_monthly,2022-06,afre_yoy,
extended_2018_monthly,2022-06,loans_12m,
extended_2018_monthly,2022-06,fr007_p90,
extended_2018_monthly,2022-06,fr007_vol,
extended_2018_monthly,2022-07,ey,
extended_2018_monthly,2022-07,eyg,
extended_2018_monthly,2022-07,term_spread,
extended_2018_monthly,2022-07,pmi_gap,
extended_2018_monthly,2022-07,delta_pmi,
extended_2018_monthly,2022-07,m1_m2_gap,
extended_2018_monthly,2022-07,afre_yoy,
extended_2018_monthly,2022-07,loans_12m,
extended_2018_monthly,2022-07,fr007_p90,
extended_2018_monthly,2022-07,fr007_vol,
extended_2018_monthly,2022-08,ey,
extended_2018_monthly,2022-08,eyg,
extended_2018_monthly,2022-08,term_spread,
extended_2018_monthly,2022-08,pmi_gap,
extended_2018_monthly,2022-08,delta_pmi,
extended_2018_monthly,2022-08,m1_m2_gap,
extended_2018_monthly,2022-08,afre_yoy,
extended_2018_monthly,2022-08,loans_12m,
extended_2018_monthly,2022-08,fr007_p90,
extended_2018_monthly,2022-08,fr007_vol,
extended_2018_monthly,2022-09,ey,
extended_2018_monthly,2022-09,eyg,
extended_2018_monthly,2022-09,term_spread,
extended_2018_monthly,2022-09,pmi_gap,
extended_2018_monthly,2022-09,delta_pmi,
extended_2018_monthly,2022-09,m1_m2_gap,
extended_2018_monthly,2022-09,afre_yoy,
extended_2018_monthly,2022-09,loans_12m,
extended_2018_monthly,2022-09,fr007_p90,
extended_2018_monthly,2022-09,fr007_vol,
extended_2018_monthly,2022-10,ey,
extended_2018_monthly,2022-10,eyg,
extended_2018_monthly,2022-10,term_spread,
extended_2018_monthly,2022-10,pmi_gap,
extended_2018_monthly,2022-10,delta_pmi,
extended_2018_monthly,2022-10,m1_m2_gap,
extended_2018_monthly,2022-10,afre_yoy,
extended_2018_monthly,2022-10,loans_12m,
extended_2018_monthly,2022-10,fr007_p90,
extended_2018_monthly,2022-10,fr007_vol,
extended_2018_monthly,2022-11,ey,
extended_2018_monthly,2022-11,eyg,
extended_2018_monthly,2022-11,term_spread,
extended_2018_monthly,2022-11,pmi_gap,
extended_2018_monthly,2022-11,delta_pmi,
extended_2018_monthly,2022-11,m1_m2_gap,
extended_2018_monthly,2022-11,afre_yoy,
extended_2018_monthly,2022-11,loans_12m,
extended_2018_monthly,2022-11,fr007_p90,
extended_2018_monthly,2022-11,fr007_vol,
extended_2018_monthly,2022-12,ey,
extended_2018_monthly,2022-12,eyg,
extended_2018_monthly,2022-12,term_spread,
extended_2018_monthly,2022-12,pmi_gap,
extended_2018_monthly,2022-12,delta_pmi,
extended_2018_monthly,2022-12,m1_m2_gap,
extended_2018_monthly,2022-12,afre_yoy,
extended_2018_monthly,2022-12,loans_12m,
extended_2018_monthly,2022-12,fr007_p90,
extended_2018_monthly,2022-12,fr007_vol,
extended_2018_monthly,2023-01,ey,
extended_2018_monthly,2023-01,eyg,
extended_2018_monthly,2023-01,term_spread,
extended_2018_monthly,2023-01,pmi_gap,
extended_2018_monthly,2023-01,delta_pmi,
extended_2018_monthly,2023-01,m1_m2_gap,
extended_2018_monthly,2023-01,afre_yoy,
extended_2018_monthly,2023-01,loans_12m,
extended_2018_monthly,2023-01,fr007_p90,
extended_2018_monthly,2023-01,fr007_vol,
extended_2018_monthly,2023-02,ey,
extended_2018_monthly,2023-02,eyg,
extended_2018_monthly,2023-02,term_spread,
extended_2018_monthly,2023-02,pmi_gap,
extended_2018_monthly,2023-02,delta_pmi,
extended_2018_monthly,2023-02,m1_m2_gap,
extended_2018_monthly,2023-02,afre_yoy,
extended_2018_monthly,2023-02,loans_12m,
extended_2018_monthly,2023-02,fr007_p90,
extended_2018_monthly,2023-02,fr007_vol,
extended_2018_monthly,2023-03,ey,
extended_2018_monthly,2023-03,eyg,
extended_2018_monthly,2023-03,term_spread,
extended_2018_monthly,2023-03,pmi_gap,
extended_2018_monthly,2023-03,delta_pmi,
extended_2018_monthly,2023-03,m1_m2_gap,
extended_2018_monthly,2023-03,afre_yoy,
extended_2018_monthly,2023-03,loans_12m,
extended_2018_monthly,2023-03,fr007_p90,
extended_2018_monthly,2023-03,fr007_vol,
extended_2018_monthly,2023-04,ey,
extended_2018_monthly,2023-04,eyg,
extended_2018_monthly,2023-04,term_spread,
extended_2018_monthly,2023-04,pmi_gap,
extended_2018_monthly,2023-04,delta_pmi,
extended_2018_monthly,2023-04,m1_m2_gap,
extended_2018_monthly,2023-04,afre_yoy,
extended_2018_monthly,2023-04,loans_12m,
extended_2018_monthly,2023-04,fr007_p90,
extended_2018_monthly,2023-04,fr007_vol,
extended_2018_monthly,2023-05,ey,
extended_2018_monthly,2023-05,eyg,
extended_2018_monthly,2023-05,term_spread,
extended_2018_monthly,2023-05,pmi_gap,
extended_2018_monthly,2023-05,delta_pmi,
extended_2018_monthly,2023-05,m1_m2_gap,
extended_2018_monthly,2023-05,afre_yoy,
extended_2018_monthly,2023-05,loans_12m,
extended_2018_monthly,2023-05,fr007_p90,
extended_2018_monthly,2023-05,fr007_vol,
extended_2018_monthly,2023-06,ey,
extended_2018_monthly,2023-06,eyg,
extended_2018_monthly,2023-06,term_spread,
extended_2018_monthly,2023-06,pmi_gap,
extended_2018_monthly,2023-06,delta_pmi,
extended_2018_monthly,2023-06,m1_m2_gap,
extended_2018_monthly,2023-06,afre_yoy,
extended_2018_monthly,2023-06,loans_12m,
extended_2018_monthly,2023-06,fr007_p90,
extended_2018_monthly,2023-06,fr007_vol,
extended_2018_monthly,2023-07,ey,
extended_2018_monthly,2023-07,eyg,
extended_2018_monthly,2023-07,term_spread,
extended_2018_monthly,2023-07,pmi_gap,
extended_2018_monthly,2023-07,delta_pmi,
extended_2018_monthly,2023-07,m1_m2_gap,
extended_2018_monthly,2023-07,afre_yoy,
extended_2018_monthly,2023-07,loans_12m,
extended_2018_monthly,2023-07,fr007_p90,
extended_2018_monthly,2023-07,fr007_vol,
extended_2018_monthly,2023-08,ey,
extended_2018_monthly,2023-08,eyg,
extended_2018_monthly,2023-08,term_spread,
extended_2018_monthly,2023-08,pmi_gap,
extended_2018_monthly,2023-08,delta_pmi,
extended_2018_monthly,2023-08,m1_m2_gap,
extended_2018_monthly,2023-08,afre_yoy,
extended_2018_monthly,2023-08,loans_12m,
extended_2018_monthly,2023-08,fr007_p90,
extended_2018_monthly,2023-08,fr007_vol,
extended_2018_monthly,2023-09,ey,
extended_2018_monthly,2023-09,eyg,
extended_2018_monthly,2023-09,term_spread,
extended_2018_monthly,2023-09,pmi_gap,
extended_2018_monthly,2023-09,delta_pmi,
extended_2018_monthly,2023-09,m1_m2_gap,
extended_2018_monthly,2023-09,afre_yoy,
extended_2018_monthly,2023-09,loans_12m,
extended_2018_monthly,2023-09,fr007_p90,
extended_2018_monthly,2023-09,fr007_vol,
extended_2018_monthly,2023-10,ey,
extended_2018_monthly,2023-10,eyg,
extended_2018_monthly,2023-10,term_spread,
extended_2018_monthly,2023-10,pmi_gap,
extended_2018_monthly,2023-10,delta_pmi,
extended_2018_monthly,2023-10,m1_m2_gap,
extended_2018_monthly,2023-10,afre_yoy,
extended_2018_monthly,2023-10,loans_12m,
extended_2018_monthly,2023-10,fr007_p90,
extended_2018_monthly,2023-10,fr007_vol,
extended_2018_monthly,2023-11,ey,
extended_2018_monthly,2023-11,eyg,
extended_2018_monthly,2023-11,term_spread,
extended_2018_monthly,2023-11,pmi_gap,
extended_2018_monthly,2023-11,delta_pmi,
extended_2018_monthly,2023-11,m1_m2_gap,
extended_2018_monthly,2023-11,afre_yoy,
extended_2018_monthly,2023-11,loans_12m,
extended_2018_monthly,2023-11,fr007_p90,
extended_2018_monthly,2023-11,fr007_vol,
extended_2018_monthly,2023-12,ey,
extended_2018_monthly,2023-12,eyg,
extended_2018_monthly,2023-12,term_spread,
extended_2018_monthly,2023-12,pmi_gap,
extended_2018_monthly,2023-12,delta_pmi,
extended_2018_monthly,2023-12,m1_m2_gap,
extended_2018_monthly,2023-12,afre_yoy,
extended_2018_monthly,2023-12,loans_12m,
extended_2018_monthly,2023-12,fr007_p90,
extended_2018_monthly,2023-12,fr007_vol,
extended_2018_monthly,2024-01,ey,
extended_2018_monthly,2024-01,eyg,
extended_2018_monthly,2024-01,term_spread,
extended_2018_monthly,2024-01,pmi_gap,
extended_2018_monthly,2024-01,delta_pmi,
extended_2018_monthly,2024-01,m1_m2_gap,
extended_2018_monthly,2024-01,afre_yoy,
extended_2018_monthly,2024-01,loans_12m,
extended_2018_monthly,2024-01,fr007_p90,
extended_2018_monthly,2024-01,fr007_vol,
extended_2018_monthly,2024-02,ey,
extended_2018_monthly,2024-02,eyg,
extended_2018_monthly,2024-02,term_spread,
extended_2018_monthly,2024-02,pmi_gap,
extended_2018_monthly,2024-02,delta_pmi,
extended_2018_monthly,2024-02,m1_m2_gap,
extended_2018_monthly,2024-02,afre_yoy,
extended_2018_monthly,2024-02,loans_12m,
extended_2018_monthly,2024-02,fr007_p90,
extended_2018_monthly,2024-02,fr007_vol,
extended_2018_monthly,2024-03,ey,
extended_2018_monthly,2024-03,eyg,
extended_2018_monthly,2024-03,term_spread,
extended_2018_monthly,2024-03,pmi_gap,
extended_2018_monthly,2024-03,delta_pmi,
extended_2018_monthly,2024-03,m1_m2_gap,
extended_2018_monthly,2024-03,afre_yoy,
extended_2018_monthly,2024-03,loans_12m,
extended_2018_monthly,2024-03,fr007_p90,
extended_2018_monthly,2024-03,fr007_vol,
extended_2018_monthly,2024-04,ey,
extended_2018_monthly,2024-04,eyg,
extended_2018_monthly,2024-04,term_spread,
extended_2018_monthly,2024-04,pmi_gap,
extended_2018_monthly,2024-04,delta_pmi,
extended_2018_monthly,2024-04,m1_m2_gap,
extended_2018_monthly,2024-04,afre_yoy,
extended_2018_monthly,2024-04,loans_12m,
extended_2018_monthly,2024-04,fr007_p90,
extended_2018_monthly,2024-04,fr007_vol,
extended_2018_monthly,2024-05,ey,
extended_2018_monthly,2024-05,eyg,
extended_2018_monthly,2024-05,term_spread,
extended_2018_monthly,2024-05,pmi_gap,
extended_2018_monthly,2024-05,delta_pmi,
extended_2018_monthly,2024-05,m1_m2_gap,
extended_2018_monthly,2024-05,afre_yoy,
extended_2018_monthly,2024-05,loans_12m,
extended_2018_monthly,2024-05,fr007_p90,
extended_2018_monthly,2024-05,fr007_vol,
extended_2018_monthly,2024-06,ey,
extended_2018_monthly,2024-06,eyg,
extended_2018_monthly,2024-06,term_spread,
extended_2018_monthly,2024-06,pmi_gap,
extended_2018_monthly,2024-06,delta_pmi,
extended_2018_monthly,2024-06,m1_m2_gap,
extended_2018_monthly,2024-06,afre_yoy,
extended_2018_monthly,2024-06,loans_12m,
extended_2018_monthly,2024-06,fr007_p90,
extended_2018_monthly,2024-06,fr007_vol,
extended_2018_monthly,2024-07,ey,
extended_2018_monthly,2024-07,eyg,
extended_2018_monthly,2024-07,term_spread,
extended_2018_monthly,2024-07,pmi_gap,
extended_2018_monthly,2024-07,delta_pmi,
extended_2018_monthly,2024-07,m1_m2_gap,
extended_2018_monthly,2024-07,afre_yoy,
extended_2018_monthly,2024-07,loans_12m,
extended_2018_monthly,2024-07,fr007_p90,
extended_2018_monthly,2024-07,fr007_vol,
extended_2018_monthly,2024-08,ey,
extended_2018_monthly,2024-08,eyg,
extended_2018_monthly,2024-08,term_spread,
extended_2018_monthly,2024-08,pmi_gap,
extended_2018_monthly,2024-08,delta_pmi,
extended_2018_monthly,2024-08,m1_m2_gap,
extended_2018_monthly,2024-08,afre_yoy,
extended_2018_monthly,2024-08,loans_12m,
extended_2018_monthly,2024-08,fr007_p90,
extended_2018_monthly,2024-08,fr007_vol,
extended_2018_monthly,2024-09,ey,
extended_2018_monthly,2024-09,eyg,
extended_2018_monthly,2024-09,term_spread,
extended_2018_monthly,2024-09,pmi_gap,
extended_2018_monthly,2024-09,delta_pmi,
extended_2018_monthly,2024-09,m1_m2_gap,
extended_2018_monthly,2024-09,afre_yoy,
extended_2018_monthly,2024-09,loans_12m,
extended_2018_monthly,2024-09,fr007_p90,
extended_2018_monthly,2024-09,fr007_vol,
extended_2018_monthly,2024-10,ey,
extended_2018_monthly,2024-10,eyg,
extended_2018_monthly,2024-10,term_spread,
extended_2018_monthly,2024-10,pmi_gap,
extended_2018_monthly,2024-10,delta_pmi,
extended_2018_monthly,2024-10,m1_m2_gap,
extended_2018_monthly,2024-10,afre_yoy,
extended_2018_monthly,2024-10,loans_12m,
extended_2018_monthly,2024-10,fr007_p90,
extended_2018_monthly,2024-10,fr007_vol,
extended_2018_monthly,2024-11,ey,
extended_2018_monthly,2024-11,eyg,
extended_2018_monthly,2024-11,term_spread,
extended_2018_monthly,2024-11,pmi_gap,
extended_2018_monthly,2024-11,delta_pmi,
extended_2018_monthly,2024-11,m1_m2_gap,
extended_2018_monthly,2024-11,afre_yoy,
extended_2018_monthly,2024-11,loans_12m,
extended_2018_monthly,2024-11,fr007_p90,
extended_2018_monthly,2024-11,fr007_vol,
extended_2018_monthly,2024-12,ey,
extended_2018_monthly,2024-12,eyg,
extended_2018_monthly,2024-12,term_spread,
extended_2018_monthly,2024-12,pmi_gap,
extended_2018_monthly,2024-12,delta_pmi,
extended_2018_monthly,2024-12,m1_m2_gap,
extended_2018_monthly,2024-12,afre_yoy,
extended_2018_monthly,2024-12,loans_12m,
extended_2018_monthly,2024-12,fr007_p90,
extended_2018_monthly,2024-12,fr007_vol,
extended_2018_monthly,2025-01,ey,
extended_2018_monthly,2025-01,eyg,
extended_2018_monthly,2025-01,term_spread,
extended_2018_monthly,2025-01,pmi_gap,
extended_2018_monthly,2025-01,delta_pmi,
extended_2018_monthly,2025-01,m1_m2_gap,
extended_2018_monthly,2025-01,afre_yoy,
extended_2018_monthly,2025-01,loans_12m,
extended_2018_monthly,2025-01,fr007_p90,
extended_2018_monthly,2025-01,fr007_vol,
extended_2018_monthly,2025-02,ey,
extended_2018_monthly,2025-02,eyg,
extended_2018_monthly,2025-02,term_spread,
extended_2018_monthly,2025-02,pmi_gap,
extended_2018_monthly,2025-02,delta_pmi,
extended_2018_monthly,2025-02,m1_m2_gap,
extended_2018_monthly,2025-02,afre_yoy,
extended_2018_monthly,2025-02,loans_12m,
extended_2018_monthly,2025-02,fr007_p90,
extended_2018_monthly,2025-02,fr007_vol,
extended_2018_monthly,2025-03,ey,
extended_2018_monthly,2025-03,eyg,
extended_2018_monthly,2025-03,term_spread,
extended_2018_monthly,2025-03,pmi_gap,
extended_2018_monthly,2025-03,delta_pmi,
extended_2018_monthly,2025-03,m1_m2_gap,
extended_2018_monthly,2025-03,afre_yoy,
extended_2018_monthly,2025-03,loans_12m,
extended_2018_monthly,2025-03,fr007_p90,
extended_2018_monthly,2025-03,fr007_vol,
extended_2018_monthly,2025-04,ey,
extended_2018_monthly,2025-04,eyg,
extended_2018_monthly,2025-04,term_spread,
extended_2018_monthly,2025-04,pmi_gap,
extended_2018_monthly,2025-04,delta_pmi,
extended_2018_monthly,2025-04,m1_m2_gap,
extended_2018_monthly,2025-04,afre_yoy,
extended_2018_monthly,2025-04,loans_12m,
extended_2018_monthly,2025-04,fr007_p90,
extended_2018_monthly,2025-04,fr007_vol,
extended_2018_monthly,2025-05,ey,
extended_2018_monthly,2025-05,eyg,
extended_2018_monthly,2025-05,term_spread,
extended_2018_monthly,2025-05,pmi_gap,
extended_2018_monthly,2025-05,delta_pmi,
extended_2018_monthly,2025-05,m1_m2_gap,
extended_2018_monthly,2025-05,afre_yoy,
extended_2018_monthly,2025-05,loans_12m,
extended_2018_monthly,2025-05,fr007_p90,
extended_2018_monthly,2025-05,fr007_vol,
extended_2018_monthly,2025-06,ey,
extended_2018_monthly,2025-06,eyg,
extended_2018_monthly,2025-06,term_spread,
extended_2018_monthly,2025-06,pmi_gap,
extended_2018_monthly,2025-06,delta_pmi,
extended_2018_monthly,2025-06,m1_m2_gap,
extended_2018_monthly,2025-06,afre_yoy,
extended_2018_monthly,2025-06,loans_12m,
extended_2018_monthly,2025-06,fr007_p90,
extended_2018_monthly,2025-06,fr007_vol,
extended_2018_monthly,2025-07,ey,
extended_2018_monthly,2025-07,eyg,
extended_2018_monthly,2025-07,term_spread,
extended_2018_monthly,2025-07,pmi_gap,
extended_2018_monthly,2025-07,delta_pmi,
extended_2018_monthly,2025-07,m1_m2_gap,
extended_2018_monthly,2025-07,afre_yoy,
extended_2018_monthly,2025-07,loans_12m,
extended_2018_monthly,2025-07,fr007_p90,
extended_2018_monthly,2025-07,fr007_vol,
extended_2018_monthly,2025-08,ey,
extended_2018_monthly,2025-08,eyg,
extended_2018_monthly,2025-08,term_spread,
extended_2018_monthly,2025-08,pmi_gap,
extended_2018_monthly,2025-08,delta_pmi,
extended_2018_monthly,2025-08,m1_m2_gap,
extended_2018_monthly,2025-08,afre_yoy,
extended_2018_monthly,2025-08,loans_12m,
extended_2018_monthly,2025-08,fr007_p90,
extended_2018_monthly,2025-08,fr007_vol,
extended_2018_monthly,2025-09,ey,
extended_2018_monthly,2025-09,eyg,
extended_2018_monthly,2025-09,term_spread,
extended_2018_monthly,2025-09,pmi_gap,
extended_2018_monthly,2025-09,delta_pmi,
extended_2018_monthly,2025-09,m1_m2_gap,
extended_2018_monthly,2025-09,afre_yoy,
extended_2018_monthly,2025-09,loans_12m,
extended_2018_monthly,2025-09,fr007_p90,
extended_2018_monthly,2025-09,fr007_vol,
extended_2018_monthly,2025-10,ey,
extended_2018_monthly,2025-10,eyg,
extended_2018_monthly,2025-10,term_spread,
extended_2018_monthly,2025-10,pmi_gap,
extended_2018_monthly,2025-10,delta_pmi,
extended_2018_monthly,2025-10,m1_m2_gap,
extended_2018_monthly,2025-10,afre_yoy,
extended_2018_monthly,2025-10,loans_12m,
extended_2018_monthly,2025-10,fr007_p90,
extended_2018_monthly,2025-10,fr007_vol,
extended_2018_monthly,2025-11,ey,
extended_2018_monthly,2025-11,eyg,
extended_2018_monthly,2025-11,term_spread,
extended_2018_monthly,2025-11,pmi_gap,
extended_2018_monthly,2025-11,delta_pmi,
extended_2018_monthly,2025-11,m1_m2_gap,
extended_2018_monthly,2025-11,afre_yoy,
extended_2018_monthly,2025-11,loans_12m,
extended_2018_monthly,2025-11,fr007_p90,
extended_2018_monthly,2025-11,fr007_vol,
extended_2018_monthly,2025-12,ey,
extended_2018_monthly,2025-12,eyg,
extended_2018_monthly,2025-12,term_spread,
extended_2018_monthly,2025-12,pmi_gap,
extended_2018_monthly,2025-12,delta_pmi,
extended_2018_monthly,2025-12,m1_m2_gap,
extended_2018_monthly,2025-12,afre_yoy,
extended_2018_monthly,2025-12,loans_12m,
extended_2018_monthly,2025-12,fr007_p90,
extended_2018_monthly,2025-12,fr007_vol,
extended_2018_monthly,2026-01,ey,
extended_2018_monthly,2026-01,eyg,
extended_2018_monthly,2026-01,term_spread,
extended_2018_monthly,2026-01,pmi_gap,
extended_2018_monthly,2026-01,delta_pmi,
extended_2018_monthly,2026-01,m1_m2_gap,
extended_2018_monthly,2026-01,afre_yoy,
extended_2018_monthly,2026-01,loans_12m,
extended_2018_monthly,2026-01,fr007_p90,
extended_2018_monthly,2026-01,fr007_vol,
extended_2018_monthly,2026-02,ey,
extended_2018_monthly,2026-02,eyg,
extended_2018_monthly,2026-02,term_spread,
extended_2018_monthly,2026-02,pmi_gap,
extended_2018_monthly,2026-02,delta_pmi,
extended_2018_monthly,2026-02,m1_m2_gap,
extended_2018_monthly,2026-02,afre_yoy,
extended_2018_monthly,2026-02,loans_12m,
extended_2018_monthly,2026-02,fr007_p90,
extended_2018_monthly,2026-02,fr007_vol,
extended_2018_monthly,2026-03,ey,
extended_2018_monthly,2026-03,eyg,
extended_2018_monthly,2026-03,term_spread,
extended_2018_monthly,2026-03,pmi_gap,
extended_2018_monthly,2026-03,delta_pmi,
extended_2018_monthly,2026-03,m1_m2_gap,
extended_2018_monthly,2026-03,afre_yoy,
extended_2018_monthly,2026-03,loans_12m,
extended_2018_monthly,2026-03,fr007_p90,
extended_2018_monthly,2026-03,fr007_vol,
extended_2018_monthly,2026-04,ey,
extended_2018_monthly,2026-04,eyg,
extended_2018_monthly,2026-04,term_spread,
extended_2018_monthly,2026-04,pmi_gap,
extended_2018_monthly,2026-04,delta_pmi,
extended_2018_monthly,2026-04,m1_m2_gap,
extended_2018_monthly,2026-04,afre_yoy,
extended_2018_monthly,2026-04,loans_12m,
extended_2018_monthly,2026-04,fr007_p90,
extended_2018_monthly,2026-04,fr007_vol,
extended_2018_monthly,2026-05,ey,
extended_2018_monthly,2026-05,eyg,
extended_2018_monthly,2026-05,term_spread,
extended_2018_monthly,2026-05,pmi_gap,
extended_2018_monthly,2026-05,delta_pmi,
extended_2018_monthly,2026-05,m1_m2_gap,
extended_2018_monthly,2026-05,afre_yoy,
extended_2018_monthly,2026-05,loans_12m,
extended_2018_monthly,2026-05,fr007_p90,
extended_2018_monthly,2026-05,fr007_vol,
extended_2018_monthly,2026-06,ey,
extended_2018_monthly,2026-06,eyg,
extended_2018_monthly,2026-06,term_spread,
extended_2018_monthly,2026-06,pmi_gap,
extended_2018_monthly,2026-06,delta_pmi,
extended_2018_monthly,2026-06,m1_m2_gap,
extended_2018_monthly,2026-06,afre_yoy,
extended_2018_monthly,2026-06,loans_12m,
extended_2018_monthly,2026-06,fr007_p90,
extended_2018_monthly,2026-06,fr007_vol,
extended_2018_monthly,2026-07,ey,
extended_2018_monthly,2026-07,eyg,
extended_2018_monthly,2026-07,term_spread,
extended_2018_monthly,2026-07,pmi_gap,
extended_2018_monthly,2026-07,delta_pmi,
extended_2018_monthly,2026-07,m1_m2_gap,
extended_2018_monthly,2026-07,afre_yoy,
extended_2018_monthly,2026-07,loans_12m,
extended_2018_monthly,2026-07,fr007_p90,
extended_2018_monthly,2026-07,fr007_vol,
