日期,收盘,成交量,成交金额,样本数量,滚动市盈率
2008-01-02,5523.94,0.0,0.0,,
2008-01-03,5561.82,0.0,0.0,,
2008-01-04,5625.03,0.0,0.0,,
2008-01-07,5699.85,0.0,0.0,,
2008-01-08,5670.58,0.0,0.0,,
2008-01-09,5758.49,0.0,0.0,,
2008-01-10,5818.39,0.0,0.0,,
2008-01-11,5846.08,0.0,0.0,,
2008-01-14,5879.53,0.0,0.0,,
2008-01-15,5843.31,0.0,0.0,,
2008-01-16,5647.66,0.0,0.0,,
2008-01-17,5503.96,0.0,0.0,,
2008-01-18,5554.06,0.0,0.0,,
2008-01-21,5278.4,0.0,0.0,,
2008-01-22,4876.43,0.0,0.0,,
2008-01-23,5103.38,0.0,0.0,,
2008-01-24,5156.82,0.0,0.0,,
2008-01-25,5208.33,0.0,0.0,,
2008-01-28,4853.88,0.0,0.0,,
2008-01-29,4884.86,0.0,0.0,,
2008-01-30,4832.1,0.0,0.0,,
2008-01-31,4739.52,0.0,0.0,,
2008-02-01,4689.82,0.0,0.0,,
2008-02-04,5077.75,0.0,0.0,,
2008-02-05,5048.72,0.0,0.0,,
2008-02-13,4940.25,0.0,0.0,,
2008-02-14,5006.07,0.0,0.0,,
2008-02-15,4937.41,0.0,0.0,,
2008-02-18,5037.61,0.0,0.0,,
2008-02-19,5150.2,0.0,0.0,,
2008-02-20,5035.27,0.0,0.0,,
2008-02-21,5001.74,0.0,0.0,,
2008-02-22,4823.47,0.0,0.0,,
2008-02-25,4636.31,0.0,0.0,,
2008-02-26,4631.95,0.0,0.0,,
2008-02-27,4759.39,0.0,0.0,,
2008-02-28,4741.22,0.0,0.0,,
2008-02-29,4795.07,0.0,0.0,,
2008-03-03,4914.26,0.0,0.0,,
2008-03-04,4791.58,0.0,0.0,,
2008-03-05,4748.11,0.0,0.0,,
2008-03-06,4805.87,0.0,0.0,,
2008-03-07,4740.89,0.0,0.0,,
2008-03-10,4545.89,0.0,0.0,,
2008-03-11,4555.73,0.0,0.0,,
2008-03-12,4420.8,0.0,0.0,,
2008-03-13,4307.26,0.0,0.0,,
2008-03-14,4265.11,0.0,0.0,,
2008-03-17,4067.55,0.0,0.0,,
2008-03-18,3861.03,0.0,0.0,,
2008-03-19,3989.16,0.0,0.0,,
2008-03-20,4105.05,0.0,0.0,,
2008-03-21,4141.97,0.0,0.0,,
2008-03-24,3956.57,0.0,0.0,,
2008-03-25,4006.51,0.0,0.0,,
2008-03-26,4015.33,0.0,0.0,,
2008-03-27,3845.61,0.0,0.0,,
2008-03-28,4019.35,0.0,0.0,,
2008-03-31,3888.42,0.0,0.0,,
2008-04-01,3675.39,0.0,0.0,,
2008-04-02,3639.61,0.0,0.0,,
2008-04-03,3744.98,0.0,0.0,,
2008-04-07,3945.14,0.0,0.0,,
2008-04-08,3991.55,0.0,0.0,,
2008-04-09,3783.37,0.0,0.0,,
2008-04-10,3851.68,0.0,0.0,,
2008-04-11,3881.45,0.0,0.0,,
2008-04-14,3627.93,0.0,0.0,,
2008-04-15,3676.12,0.0,0.0,,
2008-04-16,3584.57,0.0,0.0,,
2008-04-17,3474.74,0.0,0.0,,
2008-04-18,3357.64,0.0,0.0,,
2008-04-21,3352.56,0.0,0.0,,
2008-04-22,3382.03,0.0,0.0,,
2008-04-23,3543.71,0.0,0.0,,
2008-04-24,3873.16,0.0,0.0,,
2008-04-25,3902.47,0.0,0.0,,
2008-04-28,3826.86,0.0,0.0,,
2008-04-29,3875.91,0.0,0.0,,
2008-04-30,4062.94,0.0,0.0,,
2008-05-05,4162.13,0.0,0.0,,
2008-05-06,4116.27,0.0,0.0,,
2008-05-07,3921.9,0.0,0.0,,
2008-05-08,4028.36,0.0,0.0,,
2008-05-09,3981.3,0.0,0.0,,
2008-05-12,4008.05,0.0,0.0,,
2008-05-13,3955.14,0.0,0.0,,
2008-05-14,4082.64,0.0,0.0,,
2008-05-15,4054.31,0.0,0.0,,
2008-05-16,4042.22,0.0,0.0,,
2008-05-19,4019.59,0.0,0.0,,
2008-05-20,3810.97,0.0,0.0,,
2008-05-21,3885.4,0.0,0.0,,
2008-05-22,3812.35,0.0,0.0,,
2008-05-23,3775.63,0.0,0.0,,
2008-05-26,3656.55,0.0,0.0,,
2008-05-27,3674.34,0.0,0.0,,
2008-05-28,3777.75,0.0,0.0,,
2008-05-29,3680.35,0.0,0.0,,
2008-05-30,3711.73,0.0,0.0,,
2008-06-02,3726.69,0.0,0.0,,
2008-06-03,3714.9,0.0,0.0,,
2008-06-04,3646.35,0.0,0.0,,
2008-06-05,3610.86,0.0,0.0,,
2008-06-06,3588.79,0.0,0.0,,
2008-06-10,3298.15,0.0,0.0,,
2008-06-11,3230.17,0.0,0.0,,
2008-06-12,3173.97,0.0,0.0,,
2008-06-13,3066.51,0.0,0.0,,
2008-06-16,3039.57,0.0,0.0,,
2008-06-17,2927.22,0.0,0.0,,
2008-06-18,3081.74,0.0,0.0,,
2008-06-19,2857.36,0.0,0.0,,
2008-06-20,2936.95,0.0,0.0,,
2008-06-23,2876.84,0.0,0.0,,
2008-06-24,2940.98,0.0,0.0,,
2008-06-25,3063.36,0.0,0.0,,
2008-06-26,3075.51,0.0,0.0,,
2008-06-27,2906.81,0.0,0.0,,
2008-06-30,2882.43,0.0,0.0,,
2008-07-01,2786.87,0.0,0.0,,
2008-07-02,2788.16,0.0,0.0,,
2008-07-03,2851.29,0.0,0.0,,
2008-07-04,2831.92,0.0,0.0,,
2008-07-07,2977.97,0.0,0.0,,
2008-07-08,2997.68,0.0,0.0,,
2008-07-09,3114.85,0.0,0.0,,
2008-07-10,3072.45,0.0,0.0,,
2008-07-11,3051.7,0.0,0.0,,
2008-07-14,3075.25,0.0,0.0,,
2008-07-15,2948.32,0.0,0.0,,
2008-07-16,2837.37,0.0,0.0,,
2008-07-17,2809.23,0.0,0.0,,
2008-07-18,2909.93,0.0,0.0,,
2008-07-21,3008.87,0.0,0.0,,
2008-07-22,3003.42,0.0,0.0,,
2008-07-23,2981.27,0.0,0.0,,
2008-07-24,3078.74,0.0,0.0,,
2008-07-25,3039.28,0.0,0.0,,
2008-07-28,3063.52,0.0,0.0,,
2008-07-29,3006.39,0.0,0.0,,
2008-07-30,2984.52,0.0,0.0,,
2008-07-31,2902.64,0.0,0.0,,
2008-08-01,2939.46,0.0,0.0,,
2008-08-04,2869.72,0.0,0.0,,
2008-08-05,2797.27,0.0,0.0,,
2008-08-06,2816.53,0.0,0.0,,
2008-08-07,2815.25,0.0,0.0,,
2008-08-08,2681.87,0.0,0.0,,
2008-08-11,2542.64,0.0,0.0,,
2008-08-12,2529.56,0.0,0.0,,
2008-08-13,2530.09,0.0,0.0,,
2008-08-14,2528.89,0.0,0.0,,
2008-08-15,2533.21,0.0,0.0,,
2008-08-18,2394.3,0.0,0.0,,
2008-08-19,2430.63,0.0,0.0,,
2008-08-20,2621.65,0.0,0.0,,
2008-08-21,2529.59,0.0,0.0,,
2008-08-22,2489.17,0.0,0.0,,
2008-08-25,2484.64,0.0,0.0,,
2008-08-26,2413.36,0.0,0.0,,
2008-08-27,2406.9,0.0,0.0,,
2008-08-28,2417.91,0.0,0.0,,
2008-08-29,2475.64,0.0,0.0,,
2008-09-01,2390.27,0.0,0.0,,
2008-09-02,2365.68,0.0,0.0,,
2008-09-03,2324.85,0.0,0.0,,
2008-09-04,2330.21,0.0,0.0,,
2008-09-05,2260.12,0.0,0.0,,
2008-09-08,2201.21,0.0,0.0,,
2008-09-09,2214.28,0.0,0.0,,
2008-09-10,2218.45,0.0,0.0,,
2008-09-11,2144.9,0.0,0.0,,
2008-09-12,2150.82,0.0,0.0,,
2008-09-16,2070.92,0.0,0.0,,
2008-09-17,1996.89,0.0,0.0,,
2008-09-18,1962.58,0.0,0.0,,
2008-09-19,2146.37,0.0,0.0,,
2008-09-22,2285.72,0.0,0.0,,
2008-09-23,2198.61,0.0,0.0,,
2008-09-24,2214.53,0.0,0.0,,
2008-09-25,2302.38,0.0,0.0,,
2008-09-26,2323.22,0.0,0.0,,
2008-10-06,2204.61,0.0,0.0,,
2008-10-07,2177.43,0.0,0.0,,
2008-10-08,2095.02,0.0,0.0,,
2008-10-09,2066.45,0.0,0.0,,
2008-10-10,1974.97,0.0,0.0,,
2008-10-13,2056.29,0.0,0.0,,
2008-10-14,2003.61,0.0,0.0,,
2008-10-15,1982.63,0.0,0.0,,
2008-10-16,1885.84,0.0,0.0,,
2008-10-17,1898.64,0.0,0.0,,
2008-10-20,1964.38,0.0,0.0,,
2008-10-21,1948.5,0.0,0.0,,
2008-10-22,1898.7,0.0,0.0,,
2008-10-23,1900.21,0.0,0.0,,
2008-10-24,1845.13,0.0,0.0,,
2008-10-27,1713.68,0.0,0.0,,
2008-10-28,1766.65,0.0,0.0,,
2008-10-29,1717.36,0.0,0.0,,
2008-10-30,1758.2,0.0,0.0,,
2008-10-31,1722.99,0.0,0.0,,
2008-11-03,1712.51,0.0,0.0,,
2008-11-04,1685.81,0.0,0.0,,
2008-11-05,1751.74,0.0,0.0,,
2008-11-06,1708.61,0.0,0.0,,
2008-11-07,1737.66,0.0,0.0,,
2008-11-10,1865.92,0.0,0.0,,
2008-11-11,1844.89,0.0,0.0,,
2008-11-12,1866.08,0.0,0.0,,
2008-11-13,1940.91,0.0,0.0,,
2008-11-14,2012.97,0.0,0.0,,
2008-11-17,2058.88,0.0,0.0,,
2008-11-18,1906.16,0.0,0.0,,
2008-11-19,2023.59,0.0,0.0,,
2008-11-20,2002.11,0.0,0.0,,
2008-11-21,1989.99,0.0,0.0,,
2008-11-24,1903.9,0.0,0.0,,
2008-11-25,1900.44,0.0,0.0,,
2008-11-26,1909.97,0.0,0.0,,
2008-11-27,1937.92,0.0,0.0,,
2008-11-28,1895.91,0.0,0.0,,
2008-12-01,1931.42,0.0,0.0,,
2008-12-02,1936.01,0.0,0.0,,
2008-12-03,2023.08,0.0,0.0,,
2008-12-04,2054.43,0.0,0.0,,
2008-12-05,2085.76,0.0,0.0,,
2008-12-08,2170.58,0.0,0.0,,
2008-12-09,2114.43,0.0,0.0,,
2008-12-10,2172.02,0.0,0.0,,
2008-12-11,2120.16,0.0,0.0,,
2008-12-12,2031.11,0.0,0.0,,
2008-12-15,2046.29,0.0,0.0,,
2008-12-16,2066.41,0.0,0.0,,
2008-12-17,2073.71,0.0,0.0,,
2008-12-18,2118.97,0.0,0.0,,
2008-12-19,2126.23,0.0,0.0,,
2008-12-22,2090.42,0.0,0.0,,
2008-12-23,1988.26,0.0,0.0,,
2008-12-24,1955.23,0.0,0.0,,
2008-12-25,1938.33,0.0,0.0,,
2008-12-26,1929.35,0.0,0.0,,
2008-12-29,1921.75,0.0,0.0,,
2008-12-30,1899.65,0.0,0.0,,
2008-12-31,1883.37,0.0,0.0,,
2009-01-05,1950.97,0.0,0.0,,
2009-01-06,2012.96,0.0,0.0,,
2009-01-07,2000.93,0.0,0.0,,
2009-01-08,1956.18,0.0,0.0,,
2009-01-09,1987.65,0.0,0.0,,
2009-01-12,1990.06,0.0,0.0,,
2009-01-13,1943.95,0.0,0.0,,
2009-01-14,2025.86,0.0,0.0,,
2009-01-15,2025.48,0.0,0.0,,
2009-01-16,2062.09,0.0,0.0,,
2009-01-19,2085.15,0.0,0.0,,
2009-01-20,2098.33,0.0,0.0,,
2009-01-21,2094.73,0.0,0.0,,
2009-01-22,2118.39,0.0,0.0,,
2009-01-23,2106.1,0.0,0.0,,
2009-02-02,2131.36,0.0,0.0,,
2009-02-03,2185.08,0.0,0.0,,
2009-02-04,2244.66,0.0,0.0,,
2009-02-05,2228.66,0.0,0.0,,
2009-02-06,2318.08,0.0,0.0,,
2009-02-09,2379.62,0.0,0.0,,
2009-02-10,2410.79,0.0,0.0,,
2009-02-11,2415.33,0.0,0.0,,
2009-02-12,2402.07,0.0,0.0,,
2009-02-13,2485.71,0.0,0.0,,
2009-02-16,2551.17,0.0,0.0,,
2009-02-17,2471.44,0.0,0.0,,
2009-02-18,2358.04,0.0,0.0,,
2009-02-19,2381.42,0.0,0.0,,
2009-02-20,2428.99,0.0,0.0,,
2009-02-23,2497.54,0.0,0.0,,
2009-02-24,2384.98,0.0,0.0,,
2009-02-25,2387.47,0.0,0.0,,
2009-02-26,2269.29,0.0,0.0,,
2009-02-27,2217.8,0.0,0.0,,
2009-03-02,2242.85,0.0,0.0,,
2009-03-03,2219.52,0.0,0.0,,
2009-03-04,2367.68,0.0,0.0,,
2009-03-05,2388.16,0.0,0.0,,
2009-03-06,2369.16,0.0,0.0,,
2009-03-09,2282.07,0.0,0.0,,
2009-03-10,2321.71,0.0,0.0,,
2009-03-11,2300.57,0.0,0.0,,
2009-03-12,2295.72,0.0,0.0,,
2009-03-13,2285.07,0.0,0.0,,
2009-03-16,2322.57,0.0,0.0,,
2009-03-17,2406.28,0.0,0.0,,
2009-03-18,2416.9,0.0,0.0,,
2009-03-19,2468.61,0.0,0.0,,
2009-03-20,2465.79,0.0,0.0,,
2009-03-23,2527.5,0.0,0.0,,
2009-03-24,2540.33,0.0,0.0,,
2009-03-25,2488.05,0.0,0.0,,
2009-03-26,2569.35,0.0,0.0,,
2009-03-27,2589.18,0.0,0.0,,
2009-03-30,2574.22,0.0,0.0,,
2009-03-31,2598.36,0.0,0.0,,
2009-04-01,2640.25,0.0,0.0,,
2009-04-02,2669.5,0.0,0.0,,
2009-04-03,2663.39,0.0,0.0,,
2009-04-07,2670.07,0.0,0.0,,
2009-04-08,2568.94,0.0,0.0,,
2009-04-09,2608.65,0.0,0.0,,
2009-04-10,2689.32,0.0,0.0,,
2009-04-13,2752.51,0.0,0.0,,
2009-04-14,2773.98,0.0,0.0,,
2009-04-15,2784.51,0.0,0.0,,
2009-04-16,2784.63,0.0,0.0,,
2009-04-17,2746.89,0.0,0.0,,
2009-04-20,2805.94,0.0,0.0,,
2009-04-21,2772.54,0.0,0.0,,
2009-04-22,2669.78,0.0,0.0,,
2009-04-23,2687.69,0.0,0.0,,
2009-04-24,2666.26,0.0,0.0,,
2009-04-27,2604.59,0.0,0.0,,
2009-04-28,2610.06,0.0,0.0,,
2009-04-29,2700.18,0.0,0.0,,
2009-04-30,2718.49,0.0,0.0,,
2009-05-04,2813.19,0.0,0.0,,
2009-05-05,2826.37,0.0,0.0,,
2009-05-06,2865.73,0.0,0.0,,
2009-05-07,2867.99,0.0,0.0,,
2009-05-08,2891.1,0.0,0.0,,
2009-05-11,2825.06,0.0,0.0,,
2009-05-12,2890.62,0.0,0.0,,
2009-05-13,2917.04,0.0,0.0,,
2009-05-14,2895.01,0.0,0.0,,
2009-05-15,2898.81,0.0,0.0,,
2009-05-18,2914.03,0.0,0.0,,
2009-05-19,2944.78,0.0,0.0,,
2009-05-20,2916.64,0.0,0.0,,
2009-05-21,2851.78,0.0,0.0,,
2009-05-22,2842.1,0.0,0.0,,
2009-05-25,2854.63,0.0,0.0,,
2009-05-26,2821.54,0.0,0.0,,
2009-05-27,2864.81,0.0,0.0,,
2009-06-01,2967.62,0.0,0.0,,
2009-06-02,2974.75,0.0,0.0,,
2009-06-03,3052.11,0.0,0.0,,
2009-06-04,3068.72,0.0,0.0,,
2009-06-05,3054.03,0.0,0.0,,
2009-06-08,3064.21,0.0,0.0,,
2009-06-09,3076.92,0.0,0.0,,
2009-06-10,3107.15,0.0,0.0,,
2009-06-11,3081.2,0.0,0.0,,
2009-06-12,3024.69,0.0,0.0,,
2009-06-15,3088.05,0.0,0.0,,
2009-06-16,3083.39,0.0,0.0,,
2009-06-17,3134.88,0.0,0.0,,
2009-06-18,3183.94,0.0,0.0,,
2009-06-19,3207.45,0.0,0.0,,
2009-06-22,3211.82,0.0,0.0,,
2009-06-23,3214.0,0.0,0.0,,
2009-06-24,3253.06,0.0,0.0,,
2009-06-25,3250.29,0.0,0.0,,
2009-06-26,3262.96,0.0,0.0,,
2009-06-29,3316.9,0.0,0.0,,
2009-06-30,3303.17,0.0,0.0,,
2009-07-01,3379.44,0.0,0.0,,
2009-07-02,3426.07,0.0,0.0,,
2009-07-03,3473.09,0.0,0.0,,
2009-07-06,3522.97,0.0,0.0,,
2009-07-07,3487.2,0.0,0.0,,
2009-07-08,3499.63,0.0,0.0,,
2009-07-09,3545.79,0.0,0.0,,
2009-07-10,3548.0,0.0,0.0,,
2009-07-13,3509.77,0.0,0.0,,
2009-07-14,3607.94,0.0,0.0,,
2009-07-15,3648.3,0.0,0.0,,
2009-07-16,3656.81,0.0,0.0,,
2009-07-17,3676.21,0.0,0.0,,
2009-07-20,3751.23,0.0,0.0,,
2009-07-21,3697.81,0.0,0.0,,
2009-07-22,3767.89,0.0,0.0,,
2009-07-23,3815.17,0.0,0.0,,
2009-07-24,3831.59,0.0,0.0,,
2009-07-27,3911.5,0.0,0.0,,
2009-07-28,3924.24,0.0,0.0,,
2009-07-29,3718.1,0.0,0.0,,
2009-07-30,3797.83,0.0,0.0,,
2009-07-31,3902.26,0.0,0.0,,
2009-08-03,3957.02,0.0,0.0,,
2009-08-04,3956.59,0.0,0.0,,
2009-08-05,3908.92,0.0,0.0,,
2009-08-06,3827.7,0.0,0.0,,
2009-08-07,3715.39,0.0,0.0,,
2009-08-10,3704.49,0.0,0.0,,
2009-08-11,3716.86,0.0,0.0,,
2009-08-12,3550.75,0.0,0.0,,
2009-08-13,3596.13,0.0,0.0,,
2009-08-14,3495.43,0.0,0.0,,
2009-08-17,3282.02,0.0,0.0,,
2009-08-18,3315.17,0.0,0.0,,
2009-08-19,3150.7,0.0,0.0,,
2009-08-20,3286.39,0.0,0.0,,
2009-08-21,3348.53,0.0,0.0,,
2009-08-24,3375.68,0.0,0.0,,
2009-08-25,3250.62,0.0,0.0,,
2009-08-26,3316.01,0.0,0.0,,
2009-08-27,3299.19,0.0,0.0,,
2009-08-28,3184.71,0.0,0.0,,
2009-08-31,2958.4,0.0,0.0,,
2009-09-01,2972.73,0.0,0.0,,
2009-09-02,3022.1,0.0,0.0,,
2009-09-03,3190.44,0.0,0.0,,
2009-09-04,3216.82,0.0,0.0,,
2009-09-07,3245.12,0.0,0.0,,
2009-09-08,3314.9,0.0,0.0,,
2009-09-09,3339.93,0.0,0.0,,
2009-09-10,3306.49,0.0,0.0,,
2009-09-11,3385.12,0.0,0.0,,
2009-09-14,3442.89,0.0,0.0,,
2009-09-15,3452.56,0.0,0.0,,
2009-09-16,3406.14,0.0,0.0,,
2009-09-17,3471.11,0.0,0.0,,
2009-09-18,3345.23,0.0,0.0,,
2009-09-21,3355.77,0.0,0.0,,
2009-09-22,3274.83,0.0,0.0,,
2009-09-23,3200.61,0.0,0.0,,
2009-09-24,3222.43,0.0,0.0,,
2009-09-25,3199.0,0.0,0.0,,
2009-09-28,3109.17,0.0,0.0,,
2009-09-29,3108.8,0.0,0.0,,
2009-09-30,3142.84,0.0,0.0,,
2009-10-09,3309.04,0.0,0.0,,
2009-10-12,3296.41,0.0,0.0,,
2009-10-13,3345.45,0.0,0.0,,
2009-10-14,3375.65,0.0,0.0,,
2009-10-15,3388.46,0.0,0.0,,
2009-10-16,3390.62,0.0,0.0,,
2009-10-19,3482.09,0.0,0.0,,
2009-10-20,3532.73,0.0,0.0,,
2009-10-21,3524.06,8348894002.0,1174.45,,
2009-10-22,3501.11,6093658334.0,879.79,,
2009-10-23,3570.07,8672542956.0,1209.09,,
2009-10-26,3571.1,6844252456.0,978.01,,
2009-10-27,3467.01,7420955106.0,1052.29,,
2009-10-28,3482.29,6259484984.0,862.29,,
2009-10-29,3396.23,6130535440.0,844.15,,
2009-10-30,3431.08,6064706273.0,842.26,,
2009-11-02,3548.68,8198115866.0,1106.79,,
2009-11-03,3593.26,8379109848.0,1159.35,,
2009-11-04,3612.57,8606527380.0,1177.81,,
2009-11-05,3623.48,8064778456.0,1035.39,,
2009-11-06,3643.04,9219031563.0,1241.38,,
2009-11-09,3656.4,7805090424.0,1089.16,,
2009-11-10,3664.75,8430098739.0,1160.74,,
2009-11-11,3656.27,7262632158.0,1004.94,,
2009-11-12,3660.79,7996266107.0,1065.69,,
2009-11-13,3680.38,9121017188.0,1223.57,,
2009-11-16,3792.38,12315732345.0,1705.45,,
2009-11-17,3795.05,9739136871.0,1350.59,,
2009-11-18,3797.01,8922628372.0,1190.35,,
2009-11-19,3809.78,9494009561.0,1255.14,,
2009-11-20,3797.83,9475075113.0,1275.85,,
2009-11-23,3833.91,9399094097.0,1357.5,,
2009-11-24,3711.09,14756682212.0,2037.22,,
2009-11-25,3796.39,11460232858.0,1570.31,,
2009-11-26,3645.92,12788237874.0,1808.09,,
2009-11-27,3537.91,8929468831.0,1257.76,,
2009-11-30,3673.0,8441534106.0,1173.77,,
2009-12-01,3724.43,10151863947.0,1380.03,,
2009-12-02,3762.6,9805203278.0,1389.29,,
2009-12-03,3755.85,8997857183.0,1285.63,,
2009-12-04,3810.88,13413090149.0,1888.44,,
2009-12-07,3837.39,9122554584.0,1319.92,,
2009-12-08,3790.52,8294086429.0,1187.51,,
2009-12-09,3717.78,6852150663.0,970.92,,
2009-12-10,3741.59,5756373788.0,811.51,,
2009-12-11,3739.27,5455091172.0,742.83,,
2009-12-14,3778.73,8378502117.0,1134.42,,
2009-12-15,3748.0,6918649329.0,987.84,,
2009-12-16,3724.34,5696391237.0,813.41,,
2009-12-17,3640.07,6328620144.0,867.57,,
2009-12-18,3547.59,6611101530.0,891.38,,
2009-12-21,3552.7,4832980518.0,690.56,,
2009-12-22,3457.43,5394268521.0,754.99,,
2009-12-23,3489.79,4806450407.0,679.48,,
2009-12-24,3596.83,6437782275.0,948.12,,
2009-12-25,3582.15,4691457566.0,687.02,,
2009-12-28,3638.27,5537539037.0,789.66,,
2009-12-29,3661.6,5553576493.0,780.54,,
2009-12-30,3722.39,8842937032.0,1246.85,,
2009-12-31,3739.99,6924188981.0,980.04,,
2010-01-04,3697.67,6610107964.0,934.2,,
2010-01-05,3727.81,8580964073.0,1283.02,,
2010-01-06,3704.47,7847312460.0,1210.46,,
2010-01-07,3630.97,8035003734.0,1204.36,,
2010-01-08,3640.04,6079025292.0,901.91,,
2010-01-11,3642.05,8998017171.0,1341.14,,
2010-01-12,3697.35,9374327839.0,1340.71,,
2010-01-13,3578.35,11245790133.0,1598.6,,
2010-01-14,3628.45,8335325216.0,1181.08,,
2010-01-15,3642.77,7254310208.0,1040.35,,
2010-01-18,3661.54,8285430728.0,1178.84,,
2010-01-19,3668.65,7488323177.0,1080.24,,
2010-01-20,3550.41,9249514571.0,1284.16,,
2010-01-21,3565.2,7059506757.0,1000.77,,
2010-01-22,3520.88,8893340416.0,1191.98,,
2010-01-25,3478.51,5227092536.0,679.76,,
2010-01-26,3391.81,6175223094.0,815.86,,
2010-01-27,3345.54,5269139365.0,705.4,,
2010-01-28,3353.91,4699071550.0,640.82,,
2010-01-29,3351.39,5026261307.0,680.18,,
2010-02-01,3297.58,5700138028.0,759.82,,
2010-02-02,3290.76,5013003322.0,683.18,,
2010-02-03,3379.17,6479889399.0,875.36,,
2010-02-04,3366.71,5897272646.0,754.67,,
2010-02-05,3297.97,5910584504.0,736.93,,
2010-02-08,3295.78,3735595098.0,479.02,,
2010-02-09,3314.82,3595315790.0,452.23,,
2010-02-10,3361.82,3421989447.0,481.52,,
2010-02-11,3368.38,3579105209.0,470.0,,
2010-02-12,3400.68,3405823789.0,467.03,,
2010-02-22,3381.92,3828377155.0,499.81,,
2010-02-23,3345.61,4274289844.0,623.86,,
2010-02-24,3393.57,4998943653.0,644.14,,
2010-02-25,3443.4,6758661669.0,894.86,,
2010-02-26,3432.46,5210728832.0,701.72,,
2010-03-01,3477.18,6050452000.0,812.06,,
2010-03-02,3463.39,5703437376.0,762.34,,
2010-03-03,3488.33,6062273211.0,784.42,,
2010-03-04,3399.94,6934680979.0,894.63,,
2010-03-05,3409.55,4562913754.0,596.21,,
2010-03-08,3437.18,4154087584.0,546.87,,
2010-03-09,3457.77,5419948585.0,719.71,,
2010-03-10,3430.4,4642107872.0,617.6,,
2010-03-11,3427.27,4748775422.0,637.33,,
2010-03-12,3381.69,3995734383.0,526.11,,
2010-03-15,3329.45,3784430441.0,492.2,,
2010-03-16,3351.19,3084778019.0,415.1,,
2010-03-17,3424.35,4580093400.0,625.87,,
2010-03-18,3417.71,4694801314.0,625.09,,
2010-03-19,3445.24,4606218698.0,621.14,,
2010-03-22,3454.4,4943946169.0,656.53,,
2010-03-23,3426.1,4653953598.0,621.46,,
2010-03-24,3427.25,4454796614.0,583.3,,
2010-03-25,3377.7,4498428482.0,586.05,,
2010-03-26,3425.69,4744496535.0,615.93,,
2010-03-29,3513.07,8472491020.0,1103.27,,
2010-03-30,3521.61,5643698041.0,786.83,,
2010-03-31,3499.54,5312428745.0,721.21,,
2010-04-01,3548.0,6777266864.0,923.6,,
2010-04-02,3564.12,6907345180.0,990.41,,
2010-04-06,3561.82,6519170994.0,939.86,,
2010-04-07,3542.79,5401122840.0,767.33,,
2010-04-08,3500.73,6218532244.0,893.17,,
2010-04-09,3534.65,5128056719.0,755.9,,
2010-04-12,3507.06,7456514994.0,1059.97,,
2010-04-13,3549.17,7990769512.0,1164.4,,
2010-04-14,3561.72,6030613105.0,907.88,,
2010-04-15,3552.16,6105168451.0,887.0,,
2010-04-16,3512.14,4714036819.0,672.36,,
2010-04-19,3323.88,8841629993.0,1188.56,,
2010-04-20,3320.8,6413785916.0,880.06,,
2010-04-21,3387.23,6692833113.0,933.73,,
2010-04-22,3350.46,7108168786.0,989.7,,
2010-04-23,3338.43,6125267926.0,921.16,,
2010-04-26,3319.58,5089419930.0,749.59,,
2010-04-27,3253.03,6529657412.0,880.58,,
2010-04-28,3241.58,4599540567.0,654.85,,
2010-04-29,3202.57,4826097143.0,692.51,,
2010-04-30,3210.61,5447788109.0,731.91,,
2010-05-04,3160.53,4124860999.0,545.59,,
2010-05-05,3178.42,5967044145.0,808.35,,
2010-05-06,3033.6,5877041289.0,815.02,,
2010-05-07,2970.76,6111939880.0,791.47,,
2010-05-10,2993.34,5020917265.0,649.09,,
2010-05-11,2933.21,5836348970.0,738.95,,
2010-05-12,2951.62,5300227054.0,646.94,,
2010-05-13,3023.63,5514577778.0,674.87,,
2010-05-14,3004.16,4249871904.0,551.75,,
2010-05-17,2843.73,5216684708.0,623.96,,
2010-05-18,2903.86,5450967092.0,627.46,,
2010-05-19,2894.37,4557622108.0,546.56,,
2010-05-20,2856.81,4217480266.0,526.78,,
2010-05-21,2901.64,5447538281.0,635.02,,
2010-05-24,3012.24,7450233770.0,899.62,,
2010-05-25,2949.94,5516832669.0,679.55,,
2010-05-26,2949.97,3985856351.0,484.96,,
2010-05-27,2999.98,5344520938.0,652.67,,
2010-05-28,2990.06,5153498917.0,643.43,,
2010-05-31,2909.36,4621685416.0,566.96,,
2010-06-01,2878.87,4485142554.0,532.31,,
2010-06-02,2893.0,3958702032.0,463.64,,
2010-06-03,2870.89,3958725770.0,471.43,,
2010-06-04,2880.36,3274629103.0,398.58,,
2010-06-07,2829.43,3954199314.0,470.63,,
2010-06-08,2833.41,3514018200.0,426.77,,
2010-06-09,2920.95,6020953306.0,707.1,,
2010-06-10,2887.97,4290633366.0,503.12,,
2010-06-11,2897.44,4055858483.0,488.71,,
2010-06-17,2880.81,3261235556.0,402.93,,
2010-06-18,2832.63,4180834394.0,502.56,,
2010-06-21,2921.74,5526148194.0,628.09,,
2010-06-22,2925.3,3909605174.0,452.07,,
2010-06-23,2899.06,3560035037.0,416.0,,
2010-06-24,2899.57,2922068175.0,337.73,,
2010-06-25,2877.68,3067178198.0,346.49,,
2010-06-28,2857.22,2771004409.0,311.98,,
2010-06-29,2726.72,4875855227.0,506.36,,
2010-06-30,2696.46,3569879412.0,358.1,,
2010-07-01,2659.15,3285764642.0,324.78,,
2010-07-02,2668.64,4491410024.0,433.67,,
2010-07-05,2647.53,3217857431.0,309.22,,
2010-07-06,2700.95,3971476243.0,389.77,,
2010-07-07,2719.5,3572090923.0,370.6,,
2010-07-08,2716.08,3405696627.0,353.49,,
2010-07-09,2791.13,5849304464.0,614.7,,
2010-07-12,2821.98,5846249063.0,634.62,,
2010-07-13,2779.31,4322850629.0,451.25,,
2010-07-14,2799.64,4668886021.0,494.97,,
2010-07-15,2752.24,4044045890.0,414.45,,
2010-07-16,2760.47,3506330227.0,354.22,,
2010-07-19,2830.79,5386806974.0,598.26,,
2010-07-20,2894.12,7312834522.0,809.58,,
2010-07-21,2900.28,7075709216.0,737.35,,
2010-07-22,2936.29,6106480560.0,635.77,,
2010-07-23,2948.94,6451856468.0,704.23,,
2010-07-26,2967.92,5358002647.0,598.49,,
2010-07-27,2951.96,4979988445.0,559.64,,
2010-07-28,3023.79,7998595361.0,845.17,,
2010-07-29,3039.26,9596540896.0,922.78,,
2010-07-30,3029.91,6257559140.0,652.24,,
2010-08-02,3081.06,7174329986.0,735.69,,
2010-08-03,3026.88,8174836409.0,868.71,,
2010-08-04,3037.96,7131803938.0,756.7,,
2010-08-05,3010.91,6715758114.0,730.38,,
2010-08-06,3060.47,7491489547.0,821.45,,
2010-08-09,3082.31,7472639118.0,834.32,,
2010-08-10,2991.89,7843503363.0,842.84,,
2010-08-11,3010.46,5497913296.0,587.86,,
2010-08-12,2974.73,5989322705.0,658.26,,
2010-08-13,3016.09,5850772137.0,629.24,,
2010-08-16,3086.37,8106804254.0,914.28,,
2010-08-17,3107.71,7645291238.0,867.01,,
2010-08-18,3102.52,7074759973.0,808.32,,
2010-08-19,3121.71,7692486520.0,917.35,,
2010-08-20,3061.44,7166330582.0,822.98,,
2010-08-23,3059.28,4891551662.0,577.73,,
2010-08-24,3075.79,6109379645.0,650.37,,
2010-08-25,3003.11,6361062133.0,670.48,,
2010-08-26,3010.6,4867044240.0,518.63,,
2010-08-27,3019.57,4078958240.0,466.99,,
2010-08-30,3079.2,6574988232.0,773.42,,
2010-08-31,3066.71,6576610401.0,799.76,,
2010-09-01,3046.49,7697557820.0,879.32,,
2010-09-02,3085.94,7070085120.0,889.23,,
2010-09-03,3084.69,7264102737.0,877.25,,
2010-09-06,3142.66,9385568112.0,1104.66,,
2010-09-07,3151.13,7351936075.0,854.88,,
2010-09-08,3148.87,7287200177.0,926.61,,
2010-09-09,3091.6,8139555376.0,1032.48,,
2010-09-10,3098.04,6508670396.0,837.43,,
2010-09-13,3131.02,6727990008.0,875.36,,
2010-09-14,3133.92,7010590266.0,872.04,,
2010-09-15,3079.16,7161964171.0,864.46,,
2010-09-16,3020.97,7407428378.0,841.98,,
2010-09-17,3024.78,5193886652.0,624.66,,
2010-09-20,3012.58,5028310448.0,575.83,,
2010-09-21,3020.67,3575188087.0,447.42,,
2010-09-27,3070.94,4907182293.0,626.12,,
2010-09-28,3045.44,5866082597.0,808.6,,
2010-09-29,3038.99,5678223563.0,745.16,,
2010-09-30,3103.23,6300024690.0,807.1,,
2010-10-08,3218.09,9999471970.0,1349.87,,
2010-10-11,3311.81,15873490448.0,2126.07,,
2010-10-12,3353.92,12736170520.0,1782.45,,
2010-10-13,3401.33,14460777295.0,1954.45,,
2010-10-14,3408.27,17961183842.0,2276.54,,
2010-10-15,3517.73,19341413996.0,2456.19,,
2010-10-18,3494.98,21788205054.0,2678.84,,
2010-10-19,3568.46,13044179088.0,1654.89,,
2010-10-20,3590.88,16652845981.0,2353.72,,
2010-10-21,3567.41,12388324535.0,1753.84,,
2010-10-22,3571.61,11636185722.0,1631.54,,
2010-10-25,3679.89,14543310533.0,2088.09,,
2010-10-26,3664.03,14263699855.0,2052.16,,
2010-10-27,3598.27,12376156971.0,1770.73,,
2010-10-28,3591.73,9834945620.0,1411.36,,
2010-10-29,3573.01,10045897035.0,1455.28,,
2010-11-01,3671.34,12626914776.0,1867.26,,
2010-11-02,3660.91,15491144961.0,2339.76,,
2010-11-03,3615.68,12635930291.0,1788.03,,
2010-11-04,3679.28,11679948114.0,1647.21,,
2010-11-05,3721.87,13768802710.0,1966.18,,
2010-11-08,3751.23,12647075935.0,1740.68,,
2010-11-09,3725.21,12245453272.0,1701.75,,
2010-11-10,3698.94,12007857782.0,1765.3,,
2010-11-11,3710.43,13897623322.0,2091.22,,
2010-11-12,3479.83,16073384998.0,2242.01,,
2010-11-15,3504.21,10231572399.0,1444.93,,
2010-11-16,3350.55,10830707239.0,1542.78,,
2010-11-17,3281.17,8325807956.0,1189.81,,
2010-11-18,3327.74,6569729231.0,944.76,,
2010-11-19,3360.39,8334765430.0,1146.73,,
2010-11-22,3353.09,8321277619.0,1143.03,,
2010-11-23,3284.63,7739959050.0,1052.81,,
2010-11-24,3358.48,7533208285.0,1076.88,,
2010-11-25,3407.58,8344209419.0,1169.48,,
2010-11-26,3377.31,6446782359.0,962.26,,
2010-11-29,3372.23,5899489244.0,887.99,,
2010-11-30,3316.14,8576235503.0,1205.72,,
2010-12-01,3315.12,4888266815.0,694.73,,
2010-12-02,3335.24,6102390757.0,897.64,,
2010-12-03,3338.55,5047535369.0,713.87,,
2010-12-06,3346.38,5636263048.0,800.43,,
2010-12-07,3383.14,5848365318.0,855.48,,
2010-12-08,3353.06,5951566259.0,870.56,,
2010-12-09,3301.77,6615296455.0,831.59,,
2010-12-10,3342.58,5710810519.0,780.69,,
2010-12-13,3447.33,9571373944.0,1320.88,,
2010-12-14,3456.22,8410424066.0,1149.29,,
2010-12-15,3433.14,7226978455.0,1047.93,,
2010-12-16,3415.2,5679962476.0,792.62,,
2010-12-17,3409.91,4491914684.0,656.97,,
2010-12-20,3360.22,7475969273.0,1075.22,,
2010-12-21,3435.12,7985241998.0,1124.62,,
2010-12-22,3399.12,6993625770.0,983.09,,
2010-12-23,3370.74,6131584706.0,844.3,,
2010-12-24,3343.62,5513776658.0,729.89,,
2010-12-27,3276.76,7001710736.0,998.55,,
2010-12-28,3218.85,5632574891.0,748.44,,
2010-12-29,3236.72,4519277488.0,601.35,,
2010-12-30,3239.11,5428142910.0,702.84,,
2010-12-31,3306.94,6256607811.0,905.46,,
2011-01-04,3371.87,8541043963.0,1291.6,,
2011-01-05,3357.05,7926880984.0,1169.43,,
2011-01-06,3340.12,5968109209.0,915.68,,
2011-01-07,3347.5,8409323264.0,1136.51,,
2011-01-10,3285.72,6549440613.0,879.93,,
2011-01-11,3303.41,5698591737.0,748.32,,
2011-01-12,3321.82,5849851755.0,715.51,,
2011-01-13,3320.71,5193698810.0,669.26,,
2011-01-14,3268.46,5335143886.0,710.12,,
2011-01-17,3144.24,6680756196.0,854.54,,
2011-01-18,3147.73,4296456401.0,546.52,,
2011-01-19,3218.77,5657194165.0,727.72,,
2011-01-20,3112.91,6104664341.0,764.4,,
2011-01-21,3153.87,7310296586.0,851.58,,
2011-01-24,3122.97,6547254542.0,758.05,,
2011-01-25,3106.51,4898268850.0,575.73,,
2011-01-26,3148.55,4337497899.0,517.46,,
2011-01-27,3199.33,8258591925.0,969.76,,
2011-01-28,3210.19,6301358874.0,782.42,,
2011-01-31,3252.23,6710591430.0,830.7,,
2011-02-01,3253.05,4986252980.0,658.33,,
2011-02-09,3214.64,6039414512.0,781.48,,
2011-02-10,3281.47,6660366230.0,869.67,,
2011-02-11,3299.22,7597555313.0,990.02,,
2011-02-14,3403.11,12130233112.0,1558.29,,
2011-02-15,3401.55,10955443829.0,1477.47,,
2011-02-16,3434.17,9133428276.0,1255.5,,
2011-02-17,3431.4,8896469521.0,1275.6,,
2011-02-18,3395.43,7537868405.0,1047.43,,
2011-02-21,3444.09,7939977553.0,1080.56,,
2011-02-22,3344.37,10786374138.0,1475.89,,
2011-02-23,3356.17,7132485438.0,972.51,,
2011-02-24,3373.29,6648689345.0,949.08,,
2011-02-25,3380.35,6161927522.0,882.76,,
2011-02-28,3424.69,7663066261.0,1092.5,,
2011-03-01,3440.9,8856695446.0,1240.41,,
2011-03-02,3428.64,8091064109.0,1135.92,,
2011-03-03,3405.83,10121999734.0,1312.18,,
2011-03-04,3457.58,8001391465.0,1074.02,,
2011-03-07,3525.07,11818719724.0,1704.07,,
2011-03-08,3528.18,8487865455.0,1263.06,,
2011-03-09,3529.67,7802636064.0,1135.34,,
2011-03-10,3467.72,7821264185.0,1179.53,,
2011-03-11,3432.96,6720833456.0,1003.06,,
2011-03-14,3449.39,6368978257.0,941.35,,
2011-03-15,3387.06,9603397869.0,1296.03,,
2011-03-16,3433.82,7885951963.0,1118.26,,
2011-03-17,3379.81,8568711363.0,1172.96,,
2011-03-18,3399.45,6134016149.0,868.45,,
2011-03-21,3390.39,5910503710.0,841.06,,
2011-03-22,3407.14,5724868380.0,800.1,,
2011-03-23,3451.51,7207758489.0,985.4,,
2011-03-24,3437.17,6130424370.0,880.59,,
2011-03-25,3482.75,8689597852.0,1220.21,,
2011-03-28,3478.62,9768429990.0,1390.3,,
2011-03-29,3444.17,10528016437.0,1329.08,,
2011-03-30,3442.16,7833633657.0,1032.72,,
2011-03-31,3407.97,6450387984.0,865.65,,
2011-04-01,3460.24,6309472248.0,867.12,,
2011-04-06,3500.78,10582367379.0,1430.3,,
2011-04-07,3514.9,8468176228.0,1126.79,,
2011-04-08,3545.49,7392921009.0,1073.29,,
2011-04-11,3524.42,10442054479.0,1419.74,,
2011-04-12,3517.38,10193850613.0,1228.64,,
2011-04-13,3565.23,8703633781.0,1083.05,,
2011-04-14,3545.77,8897224144.0,1074.91,,
2011-04-15,3551.46,7851487350.0,989.35,,
2011-04-18,3552.04,8658262439.0,1071.78,,
2011-04-19,3484.87,8510693302.0,1043.69,,
2011-04-20,3484.81,7234331769.0,936.67,,
2011-04-21,3508.02,7324042426.0,967.39,,
2011-04-22,3489.61,6717145510.0,835.28,,
2011-04-25,3436.35,7442182864.0,984.56,,
2011-04-26,3416.66,5909641748.0,766.97,,
2011-04-27,3393.97,6244356650.0,751.11,,
2011-04-28,3343.5,6505023510.0,791.56,,
2011-04-29,3376.42,5368306489.0,634.56,,
2011-05-03,3395.89,5499890957.0,643.49,,
2011-05-04,3309.13,6671634041.0,835.68,,
2011-05-05,3306.08,5256774738.0,630.09,,
2011-05-06,3301.21,5535218639.0,697.47,,
2011-05-09,3310.11,4602740374.0,572.87,,
2011-05-10,3334.92,4093299539.0,549.31,,
2011-05-11,3326.68,4768853284.0,595.08,,
2011-05-12,3280.9,4879950073.0,617.03,,
2011-05-13,3309.26,4689595141.0,577.57,,
2011-05-16,3280.18,4519431871.0,542.39,,
2011-05-17,3296.93,5120373102.0,654.18,,
2011-05-18,3321.75,3964176841.0,497.57,,
2011-05-19,3302.01,4311078183.0,522.5,,
2011-05-20,3303.11,3846801207.0,489.67,,
2011-05-23,3198.83,5590247249.0,669.76,,
2011-05-24,3202.4,4160894363.0,529.72,,
2011-05-25,3164.52,3928970379.0,486.04,,
2011-05-26,3152.02,3700374660.0,483.46,,
2011-05-27,3136.67,4277090504.0,520.2,,
2011-05-30,3127.8,3467115950.0,429.6,,
2011-05-31,3178.19,3968939871.0,505.53,,
2011-06-01,3181.68,3841932732.0,490.6,,
2011-06-02,3130.55,5261786717.0,617.48,,
2011-06-03,3164.84,3907616366.0,492.74,,
2011-06-07,3184.2,3685233184.0,498.59,,
2011-06-08,3188.86,4290875764.0,511.23,,
2011-06-09,3131.43,4749663570.0,553.81,,
2011-06-10,3145.2,4220188238.0,509.43,,
2011-06-13,3136.11,3835166843.0,469.91,,
2011-06-14,3182.17,5598281504.0,661.59,,
2011-06-15,3151.75,4439085248.0,544.68,,
2011-06-16,3105.88,4113548160.0,470.67,,
2011-06-17,3079.27,4117653026.0,516.47,,
2011-06-20,3061.77,3799198208.0,454.17,,
2011-06-21,3098.89,4203892277.0,501.61,,
2011-06-22,3098.99,3731880205.0,432.64,,
2011-06-23,3153.04,4594111715.0,552.77,,
2011-06-24,3229.79,8545923951.0,1049.73,,
2011-06-27,3239.41,6561577131.0,790.44,,
2011-06-28,3245.28,5576625419.0,703.33,,14.32
2011-06-29,3202.29,5347684758.0,617.18,,
2011-06-30,3249.17,6250254885.0,738.92,,
2011-07-01,3256.37,5676665305.0,726.15,,
2011-07-04,3334.06,8046403099.0,1026.8,,
2011-07-05,3335.54,6776333470.0,820.0,,
2011-07-06,3326.46,6155580747.0,765.57,,
2011-07-07,3313.9,7181036000.0,921.21,,
2011-07-08,3322.51,5128259280.0,651.56,,
2011-07-11,3326.97,4792065972.0,622.37,,
2011-07-12,3267.02,5710798400.0,712.23,,
2011-07-13,3320.0,5411436720.0,682.95,,
2011-07-14,3330.6,6031493524.0,799.49,,
2011-07-15,3345.21,6155032203.0,794.25,,14.75
2011-07-18,3338.78,6069131080.0,782.25,,14.69
2011-07-19,3309.84,5338870931.0,685.06,,16.53
2011-07-20,3306.04,4411833100.0,569.31,,16.55
2011-07-21,3272.14,4408469138.0,579.43,,16.4
2011-07-22,3281.74,3725725505.0,496.19,,16.43
2011-07-25,3175.13,6718099565.0,775.14,,15.97
2011-07-26,3185.31,4351545736.0,495.61,,16.06
2011-07-27,3209.16,4838561172.0,587.46,,16.16
2011-07-28,3188.86,4813898447.0,606.79,,16.08
2011-07-29,3179.51,4629825343.0,543.58,,16.06
2011-08-01,3185.83,3388694936.0,412.03,,16.06
2011-08-02,3163.0,3897835718.0,484.35,,16.06
2011-08-03,3161.4,3866836208.0,495.94,,15.92
2011-08-04,3167.22,3298571938.0,413.36,,15.92
2011-08-05,3099.93,4931685409.0,602.4,,15.64
2011-08-08,2989.31,7151776634.0,836.95,,15.1
2011-08-09,2993.9,6984267621.0,796.53,,15.12
2011-08-10,3021.64,5865931177.0,685.81,,15.24
2011-08-11,3067.44,5899768896.0,692.24,,15.43
2011-08-12,3076.64,5719740616.0,634.88,,15.48
2011-08-15,3122.21,5987547590.0,611.02,,15.67
2011-08-16,3100.48,5096268108.0,574.97,,15.56
2011-08-17,3088.18,3917817890.0,418.92,,15.52
2011-08-18,3032.8,4076888253.0,457.84,,15.26
2011-08-19,3004.34,4325965046.0,484.43,,15.12
2011-08-22,2972.37,3420968495.0,401.37,,14.99
2011-08-23,3018.97,3262051449.0,364.42,,15.21
2011-08-24,3007.31,3530156519.0,419.4,,15.14
2011-08-25,3107.72,7221684504.0,757.46,,15.62
2011-08-26,3104.91,4560410155.0,517.59,,15.6
2011-08-29,3053.11,4426784975.0,498.93,,15.37
2011-08-30,3041.26,4313787168.0,485.66,,15.33
2011-08-31,3046.65,3210789924.0,376.25,,15.35
2011-09-01,3033.55,3011870243.0,351.44,,15.29
2011-09-02,3001.0,2931711557.0,319.61,,15.13
2011-09-05,2936.74,3200565980.0,360.4,,14.84
2011-09-06,2914.79,2971398224.0,337.47,,14.78
2011-09-07,2974.5,3326538127.0,370.97,,15.04
2011-09-08,2949.89,2683873450.0,312.09,,14.95
2011-09-09,2944.53,2707350329.0,303.48,,14.95
2011-09-13,2911.55,2671376423.0,300.34,,14.8
2011-09-14,2925.28,3042477956.0,328.58,,14.86
2011-09-15,2921.28,3117192481.0,325.07,,14.83
2011-09-16,2926.57,2755593220.0,297.44,,14.85
2011-09-19,2868.23,2909094090.0,297.31,,14.59
2011-09-20,2879.65,2559868102.0,272.74,,14.64
2011-09-21,2966.54,5619417113.0,591.46,,15.03
2011-09-22,2875.2,4710265958.0,477.93,,14.61
2011-09-23,2857.87,4259222402.0,459.34,,14.55
2011-09-26,2795.18,3917512370.0,404.95,,14.3
2011-09-27,2824.05,3502197416.0,373.01,,14.44
2011-09-28,2794.83,3416955504.0,361.96,,14.33
2011-09-29,2770.85,3709359340.0,377.09,,14.25
2011-09-30,2763.53,3205082181.0,323.77,,
2011-10-10,2737.55,2832512214.0,281.5,,14.12
2011-10-11,2732.1,4502984808.0,474.1,,14.13
2011-10-12,2831.41,6594568022.0,628.23,,14.55
2011-10-13,2850.51,6042620123.0,566.31,,14.65
2011-10-14,2841.07,3833694760.0,373.27,,14.61
2011-10-17,2855.17,3615831471.0,381.02,,14.68
2011-10-18,2775.15,3937344818.0,394.53,,14.35
2011-10-19,2765.42,3111616561.0,321.15,,14.31
2011-10-20,2698.45,3984246198.0,394.1,,14.03
2011-10-21,2684.9,2984350256.0,290.91,,13.97
2011-10-24,2758.55,4634580087.0,440.57,,14.3
2011-10-25,2810.75,5796737534.0,575.33,,14.53
2011-10-26,2838.84,7309823959.0,695.34,,14.64
2011-10-27,2845.08,4882039114.0,474.03,,14.69
2011-10-28,2900.26,7164310506.0,729.08,,14.91
2011-10-31,2885.58,5040711212.0,525.22,,14.85
2011-11-01,2887.96,5520665053.0,560.68,,14.84
2011-11-02,2935.99,6436158410.0,653.27,,15.04
2011-11-03,2938.03,8482075981.0,905.03,,15.08
2011-11-04,2958.85,6195821795.0,635.01,,15.21
2011-11-07,2929.41,4537505577.0,477.62,,15.08
2011-11-08,2920.27,4788425207.0,478.65,,15.07
2011-11-09,2945.9,4687795976.0,484.84,,15.18
2011-11-10,2890.16,5117370187.0,517.94,,14.91
2011-11-11,2885.33,3663669568.0,387.24,,14.91
2011-11-14,2944.42,4639094275.0,513.33,,15.19
2011-11-15,2938.52,4175986398.0,469.81,,15.16
2011-11-16,2858.69,5594923937.0,578.44,,14.78
2011-11-17,2850.02,3524765169.0,377.63,,14.75
2011-11-18,2790.57,4241471764.0,449.49,,14.49
2011-11-21,2793.99,2797189620.0,311.75,,14.49
2011-11-22,2793.76,2906907832.0,318.87,,14.48
2011-11-23,2766.5,2853141214.0,309.59,,14.37
2011-11-24,2771.75,3031960098.0,318.95,,14.39
2011-11-25,2751.47,2391376588.0,275.09,,11.56
2011-11-28,2755.2,2566693555.0,291.8,,11.58
2011-11-29,2792.94,3002587801.0,349.62,,11.72
2011-11-30,2699.74,4235264537.0,424.54,,11.36
2011-12-01,2766.22,6352025203.0,661.47,,11.64
2011-12-02,2738.06,3218370329.0,331.68,,11.54
2011-12-05,2699.6,3206338814.0,327.5,,11.44
2011-12-06,2694.2,2629758123.0,263.11,,11.41
2011-12-07,2706.92,2326183933.0,234.34,,11.44
2011-12-08,2703.47,2777774439.0,278.44,,11.42
2011-12-09,2680.41,2402905906.0,254.77,,11.36
2011-12-12,2652.82,2190124939.0,212.0,,11.24
2011-12-13,2593.11,3571753439.0,332.69,,11.06
2011-12-14,2566.94,2532010860.0,237.54,,10.98
2011-12-15,2506.24,3675083355.0,339.0,,10.75
2011-12-16,2559.06,3630233949.0,336.52,,10.96
2011-12-19,2552.94,3790975207.0,337.11,,10.92
2011-12-20,2545.18,3240232704.0,299.68,,10.91
2011-12-21,2504.53,3120952466.0,309.18,,10.8
2011-12-22,2506.92,3668385826.0,318.45,,10.82
2011-12-23,2526.0,3316190432.0,299.1,,10.9
2011-12-26,2500.88,2822408730.0,250.33,,10.81
2011-12-27,2468.05,2927731375.0,267.77,,10.71
2011-12-28,2471.15,3288201969.0,288.39,,10.74
2011-12-29,2474.82,3088770023.0,268.68,,10.77
2011-12-30,2511.63,3586524290.0,323.63,,10.89
2012-01-04,2461.32,3434456666.0,325.73,,
2012-01-05,2437.37,4301648046.0,376.35,,
2012-01-06,2452.59,3519899176.0,310.79,,
2012-01-09,2536.08,5472734110.0,514.78,,
2012-01-10,2620.42,8115498938.0,752.49,,
2012-01-11,2607.85,5870567446.0,575.87,,
2012-01-12,2607.44,4712127472.0,478.77,,
2012-01-13,2563.66,4551399697.0,472.28,,
2012-01-16,2511.53,3052714468.0,344.1,,
2012-01-17,2634.61,6420564807.0,643.24,,
2012-01-18,2593.49,6389235847.0,670.59,,
2012-01-19,2642.91,5561572584.0,563.78,,
2012-01-20,2681.17,5452978273.0,574.74,,
2012-01-30,2634.74,4351714846.0,447.71,,
2012-01-31,2638.53,3070150089.0,326.94,,
2012-02-01,2600.77,3501537398.0,377.52,,
2012-02-02,2662.06,4206698474.0,441.26,,
2012-02-03,2683.32,4994923986.0,515.08,,
2012-02-06,2681.43,4507990472.0,475.42,,
2012-02-07,2631.78,3967916363.0,400.34,,
2012-02-08,2707.03,5618645644.0,617.21,,
2012-02-09,2708.1,5929975096.0,634.56,,
2012-02-10,2712.8,6157587711.0,600.29,,
2012-02-13,2711.04,5191397256.0,542.83,,
2012-02-14,2700.47,4043010113.0,437.24,,
2012-02-15,2729.91,5809037044.0,604.22,,
2012-02-16,2715.42,5439543131.0,551.66,,
2012-02-17,2716.51,3899471623.0,404.58,,
2012-02-20,2720.38,5615332853.0,567.49,,
2012-02-21,2743.67,4789480798.0,477.58,,
2012-02-22,2781.17,7637665561.0,764.22,,
2012-02-23,2790.57,7037712567.0,726.12,,
2012-02-24,2835.28,8599970808.0,880.59,,
2012-02-27,2844.44,10151403399.0,1066.7,,
2012-02-28,2850.75,7759253590.0,772.13,,
2012-02-29,2820.43,5912020612.0,648.75,,
2012-03-01,2819.57,4214844144.0,465.24,,
2012-03-02,2869.46,6412203444.0,669.82,,
2012-03-05,2851.0,7139545782.0,749.73,,
2012-03-06,2806.41,6244714815.0,688.53,,
2012-03-07,2787.09,5694873341.0,632.43,,
2012-03-08,2822.19,5754941266.0,644.59,,12.09
2012-03-09,2852.72,5525892149.0,659.63,,12.19
2012-03-12,2842.12,6232721579.0,743.68,,12.14
2012-03-13,2870.7,5840446920.0,664.3,,12.24
2012-03-14,2789.36,10842653985.0,1170.8,,11.96
2012-03-15,2768.42,7256596031.0,770.43,,11.89
2012-03-16,2809.07,5809125882.0,674.52,,11.94
2012-03-19,2816.03,5764662490.0,688.04,,11.93
2012-03-20,2767.24,5811406546.0,642.64,,11.73
2012-03-21,2770.82,5800254408.0,666.75,,11.73
2012-03-22,2766.49,4492677676.0,501.16,,11.72
2012-03-23,2733.5,4332925606.0,478.12,,11.61
2012-03-26,2736.28,3181621138.0,363.56,,
2012-03-27,2727.39,3594460382.0,473.94,,
2012-03-28,2650.04,5000578987.0,549.94,,
2012-03-29,2616.11,4613130407.0,486.52,,
2012-03-30,2628.72,3702708624.0,391.4,,
2012-04-05,2690.79,5433168685.0,580.5,,11.44
2012-04-06,2698.28,4236857625.0,472.08,,11.61
2012-04-09,2671.85,3537098621.0,381.81,,11.51
2012-04-10,2698.24,4133590531.0,440.65,,11.6
2012-04-11,2698.57,4251030993.0,436.28,,11.85
2012-04-12,2752.77,5648840926.0,595.37,,11.82
2012-04-13,2763.49,5309264287.0,618.93,,11.85
2012-04-16,2756.63,4083969987.0,426.51,,11.83
2012-04-17,2722.19,3781546674.0,383.28,,11.72
2012-04-18,2784.4,5868840831.0,593.61,,11.95
2012-04-19,2780.43,4644810911.0,555.13,,11.92
2012-04-20,2813.4,6144637879.0,638.3,,12.06
2012-04-23,2791.12,5866493806.0,620.74,,11.94
2012-04-24,2790.23,7113955797.0,731.51,,
2012-04-25,2812.85,6246805260.0,635.29,,
2012-04-26,2818.89,5896566748.0,643.77,,12.04
2012-04-27,2813.18,4823358618.0,533.46,,12.03
2012-05-02,2874.59,8014865444.0,923.66,,12.27
2012-05-03,2883.2,5936109019.0,723.37,,12.32
2012-05-04,2909.56,6321808623.0,737.0,,12.36
2012-05-07,2913.24,6854731434.0,827.16,,12.36
2012-05-08,2903.96,6311083988.0,737.44,,12.33
2012-05-09,2848.81,5840028334.0,694.83,,12.11
2012-05-10,2848.73,4696257646.0,540.57,,12.11
2012-05-11,2827.17,4100614321.0,493.93,,12.03
2012-05-14,2804.37,5208248388.0,603.31,,11.94
2012-05-15,2806.52,4576727079.0,513.75,,11.92
2012-05-16,2761.33,4328027379.0,478.64,,11.92
2012-05-17,2803.52,4372838931.0,492.04,,11.92
2012-05-18,2761.2,4342212386.0,469.08,,11.74
2012-05-21,2775.52,3860208957.0,443.0,,11.79
2012-05-22,2818.82,4277352856.0,493.92,,11.88
2012-05-23,2807.42,4371953086.0,525.63,,11.81
2012-05-24,2784.47,4284406635.0,500.64,,11.81
2012-05-25,2760.93,3927300362.0,414.2,,11.73
2012-05-28,2806.31,5633927478.0,584.12,,11.87
2012-05-29,2845.2,7213563694.0,786.82,,12.0
2012-05-30,2835.97,5185543615.0,569.76,,11.98
2012-05-31,2827.63,4410746858.0,498.75,,11.92
2012-06-01,2829.2,4419105634.0,538.43,,11.92
2012-06-04,2749.94,5247850214.0,606.16,,11.61
2012-06-05,2750.08,3777991010.0,435.53,,
2012-06-06,2748.85,3385769361.0,413.17,,
2012-06-07,2736.05,3484118571.0,420.53,,
2012-06-08,2718.12,4385642632.0,476.38,,13.5
2012-06-11,2757.53,4009826048.0,434.5,,11.6
2012-06-12,2739.55,3793667581.0,402.6,,11.51
2012-06-13,2783.84,4501456781.0,512.91,,11.64
2012-06-14,2764.38,4024793449.0,463.32,,11.52
2012-06-15,2773.48,4278607793.0,488.68,,11.59
2012-06-18,2788.63,3569362766.0,408.52,,11.62
2012-06-19,2764.86,3270055271.0,370.2,,11.5
2012-06-20,2759.85,2985063851.0,335.74,,11.5
2012-06-21,2716.62,3539673203.0,386.08,,11.33
2012-06-25,2658.76,4010673460.0,425.04,,11.16
2012-06-26,2662.82,3173400769.0,338.97,,11.15
2012-06-27,2654.51,3000755337.0,314.38,,11.13
2012-06-28,2631.75,3054311267.0,344.19,,11.04
2012-06-29,2670.81,3799494141.0,409.77,,11.19
2012-07-02,2675.55,4051007753.0,456.51,,11.35
2012-07-03,2679.47,3869335394.0,450.05,,11.37
2012-07-04,2675.61,3445214176.0,378.38,,11.41
2012-07-05,2640.36,3472614519.0,359.46,,11.24
2012-07-06,2687.56,4961060476.0,566.02,,11.37
2012-07-09,2626.87,4922330214.0,546.02,,11.11
2012-07-10,2617.07,3554998426.0,385.39,,11.09
2012-07-11,2638.3,3762431241.0,398.52,,11.15
2012-07-12,2664.51,5671769054.0,651.38,,11.21
2012-07-13,2666.64,3672525598.0,420.14,,11.23
2012-07-16,2612.04,4277186961.0,458.45,,11.06
2012-07-17,2628.17,3342432942.0,382.85,,11.12
2012-07-18,2628.64,4175178778.0,443.25,,11.14
2012-07-19,2641.09,4694905185.0,477.04,,11.19
2012-07-20,2613.15,3761975431.0,366.84,,11.19
2012-07-23,2577.2,3239036920.0,331.79,,10.95
2012-07-24,2588.7,3031007868.0,311.49,,10.98
2012-07-25,2571.45,2489650068.0,257.31,,
2012-07-26,2557.78,3131409406.0,313.26,,10.88
2012-07-27,2559.67,3109052533.0,330.48,,10.9
2012-07-30,2545.46,3048485111.0,299.08,,10.84
2012-07-31,2542.33,3209972338.0,311.96,,10.86
2012-08-01,2570.37,3142084795.0,312.78,,10.96
2012-08-02,2546.26,3151615907.0,297.51,,10.88
2012-08-03,2567.42,2976978477.0,311.07,,10.97
2012-08-06,2602.29,4182066535.0,436.87,,11.07
2012-08-07,2605.85,3828548911.0,404.04,,11.07
2012-08-08,2607.4,3781045096.0,413.41,,11.09
2012-08-09,2631.34,3565895060.0,432.56,,11.17
2012-08-10,2618.39,3470299548.0,406.99,,11.12
2012-08-13,2566.57,4478354574.0,462.5,,10.96
2012-08-14,2572.12,3985006576.0,424.05,,10.98
2012-08-15,2544.4,3058017636.0,303.33,,10.87
2012-08-16,2531.49,2590290519.0,270.76,,10.84
2012-08-17,2525.43,2606571679.0,286.3,,10.83
2012-08-20,2512.77,2740203284.0,271.75,,10.78
2012-08-21,2525.8,3489510038.0,347.58,,10.82
2012-08-22,2506.07,3170841247.0,315.48,,10.76
2012-08-23,2513.29,3133534191.0,337.9,,10.77
2012-08-24,2484.34,3186959074.0,329.86,,10.67
2012-08-27,2432.51,3738619125.0,353.84,,10.51
2012-08-28,2443.69,3377361487.0,303.31,,10.57
2012-08-29,2417.93,2901064841.0,273.96,,10.48
2012-08-30,2414.17,3549130966.0,338.67,,10.49
2012-08-31,2407.07,2596498620.0,233.41,300.0,10.2
2012-09-03,2434.6,3854859244.0,352.99,,
2012-09-04,2408.42,3485268820.0,332.2,300.0,10.18
2012-09-05,2403.47,3475182354.0,304.45,300.0,10.14
2012-09-06,2423.08,3169588358.0,268.73,300.0,10.2
2012-09-07,2531.63,9452976372.0,843.02,300.0,10.6
2012-09-10,2542.03,6533055418.0,632.52,300.0,10.63
2012-09-11,2525.88,4626071889.0,433.9,300.0,10.56
2012-09-12,2534.82,4962251823.0,464.85,300.0,10.58
2012-09-13,2511.21,4204984932.0,380.24,300.0,10.5
2012-09-14,2529.87,6157181402.0,554.39,300.0,10.58
2012-09-17,2468.0,4898473414.0,437.53,300.0,10.37
2012-09-18,2442.64,3322869587.0,301.71,300.0,10.26
2012-09-19,2454.66,3434970607.0,326.07,300.0,10.29
2012-09-20,2399.71,4254577908.0,383.86,300.0,10.09
2012-09-21,2403.11,3812059311.0,340.43,300.0,10.11
2012-09-24,2421.09,3750168605.0,336.09,300.0,10.15
2012-09-25,2415.23,2787701932.0,266.77,300.0,10.14
2012-09-26,2387.89,2745462552.0,249.19,300.0,10.03
2012-09-27,2460.93,5301690023.0,482.11,300.0,10.31
2012-09-28,2506.22,5787582546.0,544.31,300.0,10.47
2012-10-08,2481.03,3553442427.0,339.16,300.0,10.39
2012-10-09,2535.79,5254888657.0,483.3,300.0,10.59
2012-10-10,2540.11,4268623836.0,378.74,300.0,10.6
2012-10-11,2516.52,4130065547.0,361.73,300.0,10.52
2012-10-12,2518.71,3687414498.0,332.06,300.0,10.54
2012-10-15,2508.13,2865174648.0,285.69,300.0,10.51
2012-10-16,2511.75,3205967920.0,327.05,300.0,10.51
2012-10-17,2514.63,3334940860.0,312.71,300.0,10.54
2012-10-18,2553.24,5061510040.0,450.5,300.0,10.67
2012-10-19,2549.43,3592773162.0,331.73,300.0,10.65
2012-10-22,2559.4,3436828649.0,328.15,300.0,10.68
2012-10-23,2527.17,3722127189.0,337.17,300.0,10.57
2012-10-24,2522.48,3754244532.0,303.92,300.0,10.56
2012-10-25,2504.4,4435153057.0,331.84,300.0,10.49
2012-10-26,2457.03,4090051891.0,345.3,300.0,10.32
2012-10-29,2443.86,2758132464.0,253.29,300.0,10.29
2012-10-30,2448.26,3408312542.0,295.17,300.0,10.31
2012-10-31,2464.59,3716979528.0,306.34,300.0,10.23
2012-11-01,2511.66,5076172899.0,456.02,300.0,10.41
2012-11-02,2521.43,3983328832.0,348.94,300.0,10.46
2012-11-05,2516.08,3951037224.0,336.63,300.0,10.44
2012-11-06,2505.51,3928062678.0,344.73,300.0,10.41
2012-11-07,2500.37,3306740349.0,302.78,300.0,10.4
2012-11-08,2454.35,3542647492.0,304.12,300.0,10.25
2012-11-09,2449.5,3050696820.0,243.74,300.0,10.23
2012-11-12,2461.44,3472168458.0,290.41,300.0,10.27
2012-11-13,2418.36,3408370392.0,288.18,300.0,10.12
2012-11-14,2430.02,2675878976.0,235.92,300.0,10.16
2012-11-15,2397.79,2831915064.0,237.79,300.0,10.05
2012-11-16,2379.88,3024778566.0,261.18,300.0,9.97
2012-11-19,2377.42,2697866632.0,267.37,300.0,9.96
2012-11-20,2366.38,2394891600.0,229.99,300.0,9.92
2012-11-21,2399.18,3050848197.0,271.22,300.0,10.03
2012-11-22,2380.22,2291235052.0,215.36,300.0,9.96
2012-11-23,2396.76,2866749306.0,263.08,300.0,10.02
2012-11-26,2378.09,2474269566.0,222.31,300.0,9.96
2012-11-27,2350.81,3194674593.0,261.5,300.0,9.89
2012-11-28,2327.33,3000933935.0,244.23,300.0,9.83
2012-11-29,2312.59,2967062471.0,240.16,300.0,9.78
2012-11-30,2338.81,3640691117.0,285.52,300.0,9.85
2012-12-03,2305.13,4018676194.0,341.74,300.0,9.75
2012-12-04,2329.86,3622591534.0,317.32,300.0,9.83
2012-12-05,2413.37,8248710348.0,691.09,300.0,10.11
2012-12-06,2408.7,4857468870.0,427.59,300.0,10.09
2012-12-07,2455.87,7616974801.0,649.96,300.0,10.24
2012-12-10,2482.42,7337547469.0,614.0,300.0,10.34
2012-12-11,2468.71,5146870328.0,450.88,300.0,10.3
2012-12-12,2478.84,4500645415.0,391.83,300.0,10.34
2012-12-13,2451.37,4194210005.0,366.66,300.0,10.24
2012-12-14,2575.13,11089256175.0,939.35,300.0,10.7
2012-12-17,2586.98,9408819549.0,850.01,300.0,10.73
2012-12-18,2588.53,8578484946.0,788.03,300.0,10.75
2012-12-19,2591.8,6329253047.0,611.41,300.0,10.75
2012-12-20,2606.78,6565546152.0,630.29,300.0,10.79
2012-12-21,2592.77,6871415831.0,668.88,300.0,10.71
2012-12-24,2602.85,5308700391.0,541.22,300.0,10.73
2012-12-25,2676.28,9550235023.0,898.78,300.0,11.01
2012-12-26,2686.36,7159182799.0,684.06,300.0,11.03
2012-12-27,2672.12,7325506738.0,693.28,300.0,10.97
2012-12-28,2710.88,6716632127.0,660.53,300.0,11.11
2012-12-31,2757.77,8200229315.0,811.49,300.0,11.3
2013-01-04,2759.37,9798818231.0,955.79,300.0,11.38
2013-01-07,2772.02,7516799264.0,731.68,300.0,11.4
2013-01-08,2760.37,7183710030.0,764.98,300.0,11.34
2013-01-09,2761.24,7023117031.0,742.34,300.0,11.34
2013-01-10,2766.1,7108586206.0,711.59,300.0,11.35
2013-01-11,2714.35,7423917560.0,727.76,300.0,11.22
2013-01-14,2817.64,9355409083.0,968.53,300.0,11.58
2013-01-15,2837.46,9862080494.0,1013.57,300.0,11.63
2013-01-16,2816.95,9353608381.0,955.65,300.0,11.54
2013-01-17,2790.35,6991523911.0,717.16,300.0,11.42
2013-01-18,2837.01,7794030252.0,774.35,300.0,11.58
2013-01-21,2853.9,8413374197.0,853.57,300.0,11.62
2013-01-22,2838.6,10576627525.0,1022.61,300.0,11.57
2013-01-23,2850.14,7573944379.0,727.59,300.0,11.6
2013-01-24,2823.14,11127717204.0,1095.38,300.0,11.53
2013-01-25,2811.03,5848735908.0,606.89,300.0,11.46
2013-01-28,2898.68,9127478955.0,981.73,300.0,11.75
2013-01-29,2924.92,10104022944.0,1088.27,300.0,11.81
2013-01-30,2938.96,9987499030.0,1008.57,300.0,11.94
2013-01-31,2936.96,9674010091.0,944.77,300.0,11.95
2013-02-01,2998.66,10387951514.0,1105.61,300.0,12.15
2013-02-04,3003.8,12793917881.0,1361.2,300.0,12.19
2013-02-05,3029.65,11613081869.0,1127.01,300.0,12.22
2013-02-06,3034.2,8277927076.0,889.9,300.0,12.23
2013-02-07,3016.74,8997814188.0,959.79,300.0,12.14
2013-02-08,3029.7,7742964415.0,829.04,300.0,12.21
2013-02-18,2992.26,7643822686.0,810.01,300.0,12.11
2013-02-19,2935.57,8062643071.0,824.61,300.0,11.9
2013-02-20,2954.18,7001937651.0,736.36,300.0,11.96
2013-02-21,2853.52,10065798402.0,1036.19,300.0,11.58
2013-02-22,2838.28,6020485159.0,658.99,300.0,11.52
2013-02-25,2847.41,5316194183.0,556.14,300.0,11.57
2013-02-26,2806.57,8000306526.0,833.74,300.0,11.41
2013-02-27,2836.17,6322674303.0,646.12,300.0,11.52
2013-02-28,2922.14,8692259492.0,922.35,300.0,11.79
2013-03-01,2917.23,7334375304.0,803.43,300.0,11.76
2013-03-04,2782.66,11061910251.0,1125.85,300.0,11.31
2013-03-05,2866.92,8966115200.0,923.57,300.0,11.59
2013-03-06,2896.87,9582965221.0,950.49,300.0,11.67
2013-03-07,2863.28,9408266641.0,964.98,300.0,11.55
2013-03-08,2849.56,5942955734.0,630.55,300.0,11.52
2013-03-11,2833.65,5094643643.0,524.61,300.0,11.48
2013-03-12,2793.48,7193514063.0,716.75,300.0,11.37
2013-03-13,2762.73,5643046009.0,560.04,300.0,11.26
2013-03-14,2770.15,4760575605.0,499.3,300.0,11.3
2013-03-15,2776.27,8137218545.0,827.5,300.0,11.35
2013-03-18,2735.41,5981277766.0,630.94,300.0,11.15
2013-03-19,2760.22,5453647571.0,556.01,300.0,11.24
2013-03-20,2853.22,9070062230.0,912.71,300.0,11.56
2013-03-21,2858.58,6955275594.0,716.43,300.0,11.58
2013-03-22,2862.21,5564714103.0,558.82,300.0,11.59
2013-03-25,2856.51,5626140243.0,580.05,300.0,11.58
2013-03-26,2814.92,6396296110.0,653.07,300.0,11.43
2013-03-27,2824.19,5690651672.0,586.52,300.0,11.44
2013-03-28,2732.12,8757840529.0,847.26,300.0,11.12
2013-03-29,2727.51,5240213663.0,520.56,300.0,11.11
2013-04-01,2725.43,4734602184.0,471.6,300.0,11.1
2013-04-02,2718.0,5568415160.0,556.37,300.0,11.07
2013-04-03,2714.92,4556422052.0,451.57,300.0,11.07
2013-04-08,2702.62,5329677235.0,552.49,300.0,11.01
2013-04-09,2721.35,5238982421.0,549.47,300.0,11.07
2013-04-10,2716.85,4750491288.0,519.64,300.0,11.07
2013-04-11,2708.82,4298995795.0,430.4,300.0,11.04
2013-04-12,2691.77,3991727831.0,404.28,300.0,10.98
2013-04-15,2664.22,4653973428.0,440.85,300.0,10.86
2013-04-16,2689.15,5528061347.0,537.83,300.0,10.93
2013-04-17,2687.92,4469216397.0,468.01,300.0,10.92
2013-04-18,2694.9,4286070683.0,462.7,300.0,10.95
2013-04-19,2770.31,7552087560.0,767.24,300.0,11.19
2013-04-22,2766.99,6251188262.0,630.27,300.0,11.17
2013-04-23,2678.24,6065398162.0,615.76,300.0,10.87
2013-04-24,2728.65,6305091589.0,621.89,300.0,11.04
2013-04-25,2698.36,6055792682.0,598.91,300.0,10.95
2013-04-26,2675.93,4712337824.0,463.52,300.0,10.86
2013-05-02,2678.49,4701608750.0,472.0,300.0,10.44
2013-05-03,2726.46,6233009102.0,632.67,300.0,10.56
2013-05-06,2762.62,6041878004.0,617.68,300.0,10.6
2013-05-07,2767.0,5449064325.0,592.45,300.0,10.61
2013-05-08,2781.07,5955429396.0,603.09,300.0,10.66
2013-05-09,2764.75,6024014532.0,644.38,300.0,10.6
2013-05-10,2779.05,4881672844.0,508.97,300.0,10.64
2013-05-13,2768.07,5409214708.0,551.55,300.0,10.6
2013-05-14,2727.3,5488006410.0,561.45,300.0,10.46
2013-05-15,2742.35,4418966015.0,475.79,300.0,10.49
2013-05-16,2793.65,7079618211.0,768.3,300.0,10.64
2013-05-17,2836.87,8185080103.0,835.99,300.0,10.8
2013-05-20,2857.0,8633780268.0,940.59,300.0,10.86
2013-05-21,2862.8,7150599385.0,758.38,300.0,10.87
2013-05-22,2866.74,7419181695.0,782.24,300.0,10.84
2013-05-23,2829.16,8482537040.0,813.6,300.0,10.71
2013-05-24,2845.34,6073966859.0,628.31,300.0,10.76
2013-05-27,2848.34,6419507973.0,667.02,300.0,10.75
2013-05-28,2897.57,8419611218.0,867.57,300.0,10.9
2013-05-29,2895.64,7927770880.0,819.54,300.0,10.9
2013-05-30,2886.82,7014636840.0,710.45,300.0,10.86
2013-05-31,2856.76,6252853293.0,659.04,300.0,10.76
2013-06-03,2856.57,5977446839.0,630.09,300.0,10.76
2013-06-04,2816.45,6631574962.0,631.39,300.0,10.64
2013-06-05,2812.11,4563719341.0,473.67,300.0,10.63
2013-06-06,2777.73,5249652908.0,544.48,300.0,10.5
2013-06-07,2732.89,6103089368.0,613.66,300.0,10.33
2013-06-13,2645.17,6973006570.0,640.82,300.0,10.03
2013-06-14,2664.2,5596453387.0,536.87,300.0,10.09
2013-06-17,2650.37,5039571100.0,519.84,300.0,10.04
2013-06-18,2668.36,4863037919.0,487.92,300.0,10.06
2013-06-19,2649.69,5434625963.0,529.8,300.0,9.87
2013-06-20,2562.65,5520102006.0,521.72,300.0,9.53
2013-06-21,2559.8,5870579814.0,534.86,300.0,9.49
2013-06-24,2398.48,8659725895.0,737.32,300.0,8.97
2013-06-25,2392.49,10755488180.0,870.9,300.0,8.96
2013-06-26,2398.07,7925642638.0,672.98,300.0,8.91
2013-06-27,2391.77,7540675267.0,629.27,300.0,8.92
2013-06-28,2438.25,7945132728.0,641.06,300.0,9.09
2013-07-01,2453.76,5772622733.0,518.75,300.0,9.52
2013-07-02,2463.42,6183884999.0,596.33,300.0,9.57
2013-07-03,2445.76,6583602246.0,595.37,300.0,9.37
2013-07-04,2466.82,7258114452.0,671.89,300.0,9.42
2013-07-05,2473.35,6182177542.0,584.24,300.0,9.44
2013-07-08,2405.48,5478249323.0,492.88,300.0,9.23
2013-07-09,2404.59,4149443345.0,372.46,300.0,9.25
2013-07-10,2473.09,6114978068.0,543.74,300.0,9.43
2013-07-11,2592.22,12579319176.0,1113.3,300.0,9.76
2013-07-12,2535.26,8973308179.0,820.65,300.0,9.59
2013-07-15,2570.96,7475788367.0,717.96,300.0,9.68
2013-07-16,2582.91,6562415697.0,620.86,300.0,9.7
2013-07-17,2544.52,6765524806.0,632.29,300.0,9.59
2013-07-18,2503.41,5714429206.0,519.37,300.0,9.46
2013-07-19,2442.43,7053528157.0,661.79,300.0,9.32
2013-07-22,2458.26,5328349536.0,488.73,300.0,9.36
2013-07-23,2529.34,7480973136.0,692.55,300.0,9.56
2013-07-24,2511.92,6959230697.0,692.8,300.0,9.47
2013-07-25,2500.12,6577431642.0,605.58,300.0,9.43
2013-07-26,2485.15,4894109813.0,456.36,300.0,9.37
2013-07-29,2431.59,5460092515.0,496.25,300.0,9.2
2013-07-30,2446.58,5519362271.0,509.07,300.0,9.28
2013-07-31,2451.31,4832705481.0,467.23,300.0,9.28
2013-08-01,2509.82,6260399743.0,589.45,300.0,9.64
2013-08-02,2512.03,6089089295.0,584.6,300.0,9.63
2013-08-05,2546.98,5534215097.0,536.23,300.0,9.73
2013-08-06,2564.29,7374689513.0,689.94,300.0,9.78
2013-08-07,2549.73,7304869541.0,695.6,300.0,9.71
2013-08-08,2546.54,5309842982.0,527.1,300.0,9.7
2013-08-09,2557.11,6460001686.0,626.64,300.0,9.73
2013-08-12,2631.81,9786321603.0,940.39,300.0,9.98
2013-08-13,2638.86,7839363607.0,711.79,300.0,9.99
2013-08-14,2627.69,7594212778.0,713.38,300.0,9.96
2013-08-15,2597.06,6195185326.0,594.11,300.0,9.86
2013-08-16,2577.84,12036956314.0,1040.27,300.0,9.82
2013-08-19,2608.65,7248322422.0,670.65,300.0,9.89
2013-08-20,2587.54,7308634493.0,675.9,300.0,9.81
2013-08-21,2583.42,5500738370.0,508.86,300.0,9.8
2013-08-22,2578.66,5533810444.0,516.86,300.0,9.77
2013-08-23,2559.63,6896713294.0,654.6,300.0,9.71
2013-08-26,2614.12,7037104250.0,665.41,300.0,9.89
2013-08-27,2620.01,6599033290.0,625.75,300.0,9.89
2013-08-28,2605.7,8925617443.0,809.66,300.0,9.85
2013-08-29,2594.8,6608541475.0,597.2,300.0,9.82
2013-08-30,2589.87,8765451490.0,766.96,300.0,9.8
2013-09-02,2597.07,7951024946.0,735.76,300.0,9.51
2013-09-03,2635.3,8055400477.0,726.64,300.0,9.63
2013-09-04,2631.05,7872576308.0,685.09,300.0,9.63
2013-09-05,2621.01,6295138324.0,596.06,300.0,9.56
2013-09-06,2638.97,7334011585.0,639.17,300.0,9.61
2013-09-09,2731.68,14988963996.0,1273.0,300.0,9.97
2013-09-10,2772.36,15485599234.0,1306.48,300.0,10.06
2013-09-11,2781.31,16691497392.0,1428.3,300.0,10.08
2013-09-12,2809.39,14517317495.0,1261.16,300.0,10.15
2013-09-13,2788.61,11077504852.0,982.75,300.0,10.08
2013-09-16,2776.83,10538328161.0,970.44,300.0,10.05
2013-09-17,2719.61,9945998187.0,931.15,300.0,9.85
2013-09-18,2725.42,7104075856.0,693.41,300.0,9.85
2013-09-23,2769.99,8012835242.0,809.21,300.0,10.04
2013-09-24,2738.17,9785301313.0,967.7,300.0,9.95
2013-09-25,2721.53,9051841848.0,891.19,300.0,9.9
2013-09-26,2671.57,8623676997.0,841.84,300.0,9.74
2013-09-27,2683.37,6597150802.0,663.84,300.0,9.77
2013-09-30,2699.12,5951399190.0,609.9,300.0,9.81
2013-10-08,2735.87,8478550578.0,842.3,300.0,9.92
2013-10-09,2749.06,7627764467.0,761.28,300.0,9.94
2013-10-10,2721.9,9032970592.0,894.68,300.0,9.84
2013-10-11,2765.81,9338826099.0,918.12,300.0,9.98
2013-10-14,2770.33,10008130110.0,991.09,300.0,10.01
2013-10-15,2764.7,8917349614.0,861.01,300.0,9.98
2013-10-16,2713.0,8897983365.0,831.51,300.0,9.83
2013-10-17,2703.99,7122247415.0,677.23,300.0,9.82
2013-10-18,2718.29,6029162982.0,591.39,300.0,9.85
2013-10-21,2769.02,8490979456.0,822.23,300.0,10.0
2013-10-22,2740.52,9070302893.0,834.12,300.0,9.91
2013-10-23,2709.82,9154535511.0,832.87,300.0,9.82
2013-10-24,2689.67,6456082128.0,604.27,300.0,9.74
2013-10-25,2653.87,7707018157.0,707.78,300.0,9.61
2013-10-28,2650.99,6287615238.0,566.02,300.0,9.61
2013-10-29,2657.83,10673783264.0,917.42,300.0,9.65
2013-10-30,2697.51,9217812617.0,757.35,300.0,9.79
2013-10-31,2659.69,8273696393.0,703.94,300.0,9.71
2013-11-01,2672.29,6305576153.0,578.2,300.0,9.41
2013-11-04,2667.24,5179846074.0,489.59,300.0,9.4
2013-11-05,2670.96,6208448816.0,569.36,300.0,9.41
2013-11-06,2637.12,6377666250.0,595.37,300.0,9.32
2013-11-07,2622.53,5482174655.0,509.43,300.0,9.29
2013-11-08,2586.0,5378850774.0,485.65,300.0,9.2
2013-11-11,2594.9,4573945662.0,425.67,300.0,9.22
2013-11-12,2621.91,5268754481.0,498.55,300.0,9.3
2013-11-13,2563.78,5984883074.0,531.83,300.0,9.12
2013-11-14,2582.14,5731035599.0,519.45,300.0,9.17
2013-11-15,2633.94,8639177091.0,831.48,300.0,9.31
2013-11-18,2721.53,11003463337.0,1085.5,300.0,9.58
2013-11-19,2702.77,7864829597.0,798.85,300.0,9.54
2013-11-20,2716.99,7229180117.0,677.41,300.0,9.59
2013-11-21,2700.34,8770667704.0,822.21,300.0,9.57
2013-11-22,2686.86,7500067525.0,700.52,300.0,9.54
2013-11-25,2676.4,6614473437.0,638.11,300.0,9.48
2013-11-26,2675.04,5918586382.0,533.34,300.0,9.46
2013-11-27,2705.37,7529408778.0,707.45,300.0,9.54
2013-11-28,2733.43,9066040570.0,868.52,300.0,9.64
2013-11-29,2732.79,6180374558.0,619.07,300.0,9.62
2013-12-02,2710.2,11965512338.0,1129.22,300.0,9.64
2013-12-03,2737.09,7445575239.0,720.45,300.0,9.69
2013-12-04,2773.34,10265023528.0,947.84,300.0,9.78
2013-12-05,2765.56,7770893173.0,730.0,300.0,9.75
2013-12-06,2747.74,6611408883.0,648.43,300.0,9.71
2013-12-09,2746.15,5716488371.0,576.35,300.0,9.71
2013-12-10,2748.9,6694142412.0,612.37,300.0,9.7
2013-12-11,2703.45,6807514402.0,628.09,300.0,9.55
2013-12-12,2700.37,5014771882.0,474.81,300.0,9.54
2013-12-13,2696.59,5150119633.0,475.84,300.0,9.5
2013-12-16,2653.21,6458167441.0,621.08,300.0,9.55
2013-12-17,2640.27,4848389052.0,463.06,300.0,9.5
2013-12-18,2641.22,4001520736.0,396.75,300.0,9.5
2013-12-19,2613.42,4809567968.0,451.49,300.0,9.45
2013-12-20,2552.6,6520420699.0,608.62,300.0,9.24
2013-12-23,2559.85,4558028477.0,444.15,300.0,9.28
2013-12-24,2563.93,4559916753.0,451.73,300.0,9.29
2013-12-25,2582.83,4400532648.0,412.03,300.0,9.35
2013-12-26,2538.26,5149756311.0,486.03,300.0,9.2
2013-12-27,2581.0,5338915722.0,511.98,300.0,9.33
2013-12-30,2576.5,4841430844.0,461.56,300.0,9.3
2013-12-31,2610.75,5663107037.0,570.26,300.0,9.4
2014-01-02,2601.73,4519429131.0,490.12,300.0,9.39
2014-01-03,2566.77,5978264509.0,577.4,300.0,9.28
2014-01-06,2508.35,6630040322.0,599.79,300.0,9.13
2014-01-07,2507.63,4375310333.0,425.66,300.0,9.12
2014-01-08,2512.02,5134885384.0,506.91,300.0,9.11
2014-01-09,2489.95,5598704122.0,543.99,300.0,9.04
2014-01-10,2470.49,5416929256.0,475.72,300.0,8.98
2014-01-13,2457.97,5012277233.0,461.23,300.0,8.96
2014-01-14,2479.45,5404994716.0,467.85,300.0,9.03
2014-01-15,2475.07,4896239466.0,457.56,300.0,9.01
2014-01-16,2478.34,5229890185.0,498.43,300.0,9.0
2014-01-17,2440.97,5027315523.0,462.68,300.0,8.94
2014-01-20,2426.97,4056015356.0,391.57,300.0,8.87
2014-01-21,2450.96,4030624683.0,385.91,300.0,8.94
2014-01-22,2514.14,7064137543.0,648.03,300.0,9.13
2014-01-23,2500.82,5634595115.0,557.26,300.0,9.07
2014-01-24,2516.27,6116766998.0,595.63,300.0,9.12
2014-01-27,2482.92,7034424590.0,635.04,300.0,9.0
2014-01-28,2487.34,5326912996.0,494.09,300.0,9.03
2014-01-29,2496.22,5022271668.0,487.89,300.0,9.07
2014-01-30,2467.83,4363230386.0,434.76,300.0,8.98
2014-02-07,2479.07,5045931473.0,495.97,300.0,9.0
2014-02-10,2540.76,8306571552.0,811.03,300.0,9.19
2014-02-11,2560.96,9922982864.0,926.89,300.0,9.26
2014-02-12,2567.46,7659216145.0,734.87,300.0,9.27
2014-02-13,2554.36,9621778897.0,873.52,300.0,9.25
2014-02-14,2572.31,6708299685.0,646.13,300.0,9.3
2014-02-17,2590.32,8783166551.0,868.71,300.0,9.36
2014-02-18,2557.6,8704974252.0,881.07,300.0,9.26
2014-02-19,2586.97,9935256115.0,883.42,300.0,9.39
2014-02-20,2563.19,10643953277.0,917.72,300.0,9.38
2014-02-21,2537.26,7636899262.0,699.08,300.0,9.26
2014-02-24,2481.48,8921593919.0,795.99,300.0,9.06
2014-02-25,2418.05,9323755142.0,883.07,300.0,8.89
2014-02-26,2424.21,7799329654.0,686.41,300.0,8.92
2014-02-27,2413.79,9010429597.0,815.88,300.0,8.94
2014-02-28,2441.65,7666805735.0,702.17,300.0,9.0
2014-03-03,2454.43,8207231434.0,694.09,300.0,9.04
2014-03-04,2447.59,7306924964.0,646.91,300.0,9.01
2014-03-05,2424.85,6133201520.0,556.7,300.0,8.92
2014-03-06,2435.67,6909376701.0,614.95,300.0,8.96
2014-03-07,2429.76,6426517705.0,586.93,300.0,8.96
2014-03-10,2350.68,7141640726.0,630.86,300.0,8.72
2014-03-11,2362.87,5762124323.0,530.76,300.0,8.74
2014-03-12,2369.0,7006974722.0,601.15,300.0,8.73
2014-03-13,2398.36,6922602846.0,591.63,300.0,8.83
2014-03-14,2378.75,5861773677.0,498.05,300.0,8.76
2014-03-17,2401.39,5240944461.0,475.71,300.0,8.83
2014-03-18,2395.89,5535413233.0,541.88,300.0,8.82
2014-03-19,2376.55,5930390543.0,552.84,300.0,8.78
2014-03-20,2338.56,6763128528.0,589.52,300.0,8.67
2014-03-21,2419.05,10402480687.0,835.61,300.0,8.93
2014-03-24,2438.94,10449198448.0,812.04,300.0,9.0
2014-03-25,2436.58,8687750971.0,675.48,300.0,8.99
2014-03-26,2432.77,5827617555.0,501.16,300.0,8.97
2014-03-27,2415.84,7127513167.0,621.76,300.0,8.9
2014-03-28,2411.64,7008607267.0,601.23,300.0,8.91
2014-03-31,2405.3,5545748807.0,481.05,300.0,8.9
2014-04-01,2424.14,4886640345.0,436.59,300.0,8.95
2014-04-02,2443.88,6503925748.0,567.77,300.0,9.01
2014-04-03,2426.26,7153603203.0,577.09,300.0,8.95
2014-04-04,2449.19,4794588838.0,439.13,300.0,9.01
2014-04-08,2507.3,9721911684.0,856.93,300.0,9.24
2014-04-09,2508.76,6635726800.0,611.79,300.0,9.25
2014-04-10,2548.14,11454540544.0,1016.17,300.0,9.39
2014-04-11,2544.69,9061589724.0,861.55,300.0,9.38
2014-04-14,2542.45,6226499847.0,602.54,300.0,9.37
2014-04-15,2498.58,6821812999.0,625.99,300.0,9.22
2014-04-16,2502.16,5167801032.0,477.7,300.0,9.23
2014-04-17,2493.51,4833362761.0,450.96,300.0,9.21
2014-04-18,2493.14,5075799483.0,457.1,300.0,9.19
2014-04-21,2451.41,5627827961.0,518.56,300.0,9.06
2014-04-22,2462.13,5709469366.0,523.52,300.0,9.1
2014-04-23,2459.82,4776353103.0,451.91,300.0,9.09
2014-04-24,2455.72,4505891137.0,419.27,300.0,9.06
2014-04-25,2430.44,6024538331.0,520.92,300.0,8.98
2014-04-28,2393.63,6048518699.0,499.99,300.0,8.88
2014-04-29,2419.98,4820493140.0,415.5,300.0,8.95
2014-04-30,2420.9,4533462429.0,394.93,300.0,8.91
2014-05-05,2418.45,4934407289.0,414.7,300.0,8.65
2014-05-06,2419.51,4808651916.0,414.86,300.0,8.64
2014-05-07,2397.12,4460746983.0,377.51,300.0,8.58
2014-05-08,2397.56,4833245187.0,407.3,300.0,8.58
2014-05-09,2395.78,4918113495.0,402.43,300.0,8.58
2014-05-12,2447.63,8347255957.0,662.76,300.0,8.75
2014-05-13,2441.79,6491251807.0,502.41,300.0,8.74
2014-05-14,2439.58,4851420557.0,392.14,300.0,8.74
2014-05-15,2407.86,4673403164.0,389.39,300.0,8.65
2014-05-16,2410.37,4225319734.0,349.88,300.0,8.65
2014-05-19,2376.03,4289360669.0,371.36,300.0,8.55
2014-05-20,2376.74,3729968252.0,315.76,300.0,8.56
2014-05-21,2399.52,3894604159.0,322.47,300.0,8.64
2014-05-22,2394.71,4625273636.0,392.28,300.0,8.62
2014-05-23,2415.25,3762310481.0,324.2,300.0,8.68
2014-05-26,2424.18,3955065612.0,377.88,300.0,8.7
2014-05-27,2414.67,3589717114.0,323.74,300.0,8.67
2014-05-28,2439.75,5005626014.0,456.28,300.0,8.74
2014-05-29,2423.82,4489155583.0,410.77,300.0,8.71
2014-05-30,2425.42,4392386331.0,397.69,300.0,8.71
2014-06-03,2418.5,4198295430.0,379.06,300.0,8.71
2014-06-04,2394.15,4181724902.0,356.07,300.0,8.64
2014-06-05,2419.7,3647742444.0,330.51,300.0,8.71
2014-06-06,2403.9,3573805834.0,324.16,300.0,8.65
2014-06-09,2403.52,3931105989.0,353.27,300.0,8.66
2014-06-10,2433.91,5050790194.0,444.16,300.0,8.76
2014-06-11,2433.34,4256371831.0,373.11,300.0,8.76
2014-06-12,2425.69,4302584287.0,372.52,300.0,8.74
2014-06-13,2452.25,5925287563.0,517.66,300.0,8.83
2014-06-16,2470.65,6329687540.0,569.04,300.0,9.05
2014-06-17,2447.65,4993366475.0,462.45,300.0,8.97
2014-06-18,2438.22,4946389673.0,425.38,300.0,8.92
2014-06-19,2400.96,5316264519.0,460.3,300.0,8.8
2014-06-20,2414.63,4239371944.0,354.26,300.0,8.8
2014-06-23,2413.0,4117925774.0,371.12,300.0,8.78
2014-06-24,2428.91,4016435590.0,387.79,300.0,8.82
2014-06-25,2418.37,3766610046.0,338.09,300.0,8.78
2014-06-26,2436.8,4435116557.0,406.02,300.0,8.83
2014-06-27,2440.02,5272289621.0,455.26,300.0,8.81
2014-06-30,2457.31,5430418801.0,502.78,300.0,8.86
2014-07-01,2457.4,5332310037.0,499.36,300.0,8.85
2014-07-02,2465.16,5968550135.0,532.74,300.0,8.88
2014-07-03,2478.06,6369069030.0,560.25,300.0,8.9
2014-07-04,2477.07,5285110615.0,479.9,300.0,8.89
2014-07-07,2474.69,5024233448.0,476.64,300.0,8.89
2014-07-08,2479.45,5074359872.0,460.17,300.0,8.9
2014-07-09,2444.37,6202204623.0,589.8,300.0,8.78
2014-07-10,2440.66,5573249652.0,509.32,300.0,8.77
2014-07-11,2454.79,6137427401.0,515.52,300.0,8.79
2014-07-14,2483.43,6615886257.0,604.67,300.0,8.87
2014-07-15,2487.38,7181569444.0,643.05,300.0,8.89
2014-07-16,2483.52,8156022967.0,611.26,300.0,8.88
2014-07-17,2470.57,5945356844.0,463.55,300.0,8.82
2014-07-18,2482.89,6547329504.0,537.59,300.0,8.84
2014-07-21,2485.36,5417226023.0,477.32,300.0,8.84
2014-07-22,2515.91,7854258338.0,668.06,300.0,8.93
2014-07-23,2521.92,8421387161.0,691.78,300.0,8.95
2014-07-24,2567.15,11943553421.0,999.64,300.0,9.09
2014-07-25,2594.92,9897283768.0,819.95,300.0,9.19
2014-07-28,2668.09,17986933347.0,1452.77,300.0,9.43
2014-07-29,2677.18,13426964088.0,1121.77,300.0,9.45
2014-07-30,2668.48,12302283200.0,1033.62,300.0,9.43
2014-07-31,2701.33,11098776876.0,931.36,300.0,9.53
2014-08-01,2677.44,12631738976.0,1061.25,300.0,9.46
2014-08-04,2730.56,11671375422.0,1013.02,300.0,9.63
2014-08-05,2723.54,11186178859.0,979.07,300.0,9.6
2014-08-06,2716.73,11634182939.0,966.81,300.0,9.58
2014-08-07,2675.62,11672921042.0,942.54,300.0,9.43
2014-08-08,2680.87,8673969369.0,726.06,300.0,9.45
2014-08-11,2720.22,9160117142.0,829.74,300.0,9.58
2014-08-12,2710.72,9182260834.0,829.74,300.0,9.55
2014-08-13,2712.96,11044778893.0,941.85,300.0,9.56
2014-08-14,2686.55,9796949254.0,842.51,300.0,9.48
2014-08-15,2715.69,9359254631.0,818.88,300.0,9.57
2014-08-18,2731.71,10450955354.0,901.49,300.0,9.61
2014-08-19,2732.1,11585002015.0,1027.43,300.0,9.63
2014-08-20,2722.61,10128808814.0,913.75,300.0,9.6
2014-08-21,2708.97,10069021082.0,921.92,300.0,9.54
2014-08-22,2721.79,8982393800.0,856.42,300.0,9.58
2014-08-25,2695.9,9737371655.0,851.82,300.0,9.53
2014-08-26,2674.34,9384422202.0,831.35,300.0,9.45
2014-08-27,2678.45,6767622149.0,624.49,300.0,9.46
2014-08-28,2659.67,7049065518.0,661.96,300.0,9.41
2014-08-29,2690.75,6321142278.0,583.6,300.0,9.5
2014-09-01,2710.35,7732086955.0,733.62,300.0,9.27
2014-09-02,2746.18,11443673252.0,1069.26,300.0,9.38
2014-09-03,2771.93,12973420409.0,1236.29,300.0,9.48
2014-09-04,2791.94,11127229778.0,1082.95,300.0,9.55
2014-09-05,2818.45,13355176430.0,1233.49,300.0,9.64
2014-09-09,2813.81,11819434399.0,1077.95,300.0,9.62
2014-09-10,2799.09,10917551749.0,974.73,300.0,9.56
2014-09-11,2788.75,13298258335.0,1272.03,300.0,9.52
2014-09-12,2806.5,10916016982.0,966.26,300.0,9.59
2014-09-15,2805.16,12224715900.0,1125.08,300.0,9.58
2014-09-16,2749.42,18674279054.0,1472.5,300.0,9.43
2014-09-17,2763.88,12526902751.0,980.39,300.0,9.46
2014-09-18,2772.33,11592637644.0,921.05,300.0,9.49
2014-09-19,2791.7,10181357674.0,882.21,300.0,9.53
2014-09-22,2738.42,10224087002.0,889.58,300.0,9.35
2014-09-23,2762.06,8403334089.0,754.64,300.0,9.42
2014-09-24,2811.13,14271353038.0,1203.9,300.0,9.56
2014-09-25,2805.49,13866189064.0,1196.13,300.0,9.56
2014-09-26,2805.76,10029949447.0,877.57,300.0,9.55
2014-09-29,2818.0,12340172731.0,1114.64,300.0,9.59
2014-09-30,2821.67,11580422923.0,1019.07,300.0,9.6
2014-10-08,2853.21,12195360427.0,1165.0,300.0,9.68
2014-10-09,2857.32,13792392045.0,1207.53,300.0,9.7
2014-10-10,2839.9,14763430688.0,1219.25,300.0,9.64
2014-10-13,2826.26,13159336188.0,1127.84,300.0,9.59
2014-10-14,2816.61,12739370488.0,1063.57,300.0,9.56
2014-10-15,2836.54,13580188161.0,1148.37,300.0,9.62
2014-10-16,2814.12,15816660341.0,1283.41,300.0,9.58
2014-10-17,2811.05,13275998784.0,1126.86,300.0,9.55
2014-10-20,2825.99,9143540062.0,848.44,300.0,9.59
2014-10-21,2801.45,9624191202.0,866.22,300.0,9.53
2014-10-22,2784.47,8865619250.0,822.52,300.0,9.49
2014-10-23,2758.33,10349183948.0,860.45,300.0,9.41
2014-10-24,2752.36,7497486913.0,656.01,300.0,9.38
2014-10-27,2727.18,7386244724.0,659.56,300.0,9.3
2014-10-28,2782.23,10152305451.0,905.3,300.0,9.47
2014-10-29,2822.22,15858406244.0,1345.42,300.0,9.6
2014-10-30,2842.41,18962635324.0,1391.57,300.0,9.68
2014-10-31,2887.77,23917241159.0,1816.05,300.0,9.84
2014-11-03,2892.63,20580122825.0,1514.07,300.0,9.61
2014-11-04,2893.35,21824700507.0,1552.92,300.0,9.61
2014-11-05,2882.33,19049186172.0,1461.31,300.0,9.56
2014-11-06,2885.35,14965111656.0,1188.39,300.0,9.57
2014-11-07,2880.84,20876091122.0,1768.69,300.0,9.55
2014-11-10,2954.04,22659973516.0,1876.13,300.0,9.79
2014-11-11,2945.84,32371165558.0,2658.41,300.0,9.84
2014-11-12,2986.95,18468626057.0,1578.47,300.0,9.91
2014-11-13,2970.22,21981561467.0,1929.85,300.0,9.88
2014-11-14,2971.76,16504996543.0,1454.1,300.0,9.87
2014-11-17,2955.65,15847809472.0,1477.25,300.0,9.82
2014-11-18,2926.08,14294135575.0,1242.47,300.0,9.71
2014-11-19,2921.25,12214697415.0,1130.32,300.0,9.69
2014-11-20,2921.11,10614986379.0,981.46,300.0,9.69
2014-11-21,2974.48,15102813874.0,1437.51,300.0,9.84
2014-11-24,3050.25,27983971974.0,2649.75,300.0,10.05
2014-11-25,3092.04,22261169928.0,2068.79,300.0,10.19
2014-11-26,3135.17,24396248524.0,2393.34,300.0,10.35
2014-11-27,3171.41,26546473009.0,2611.65,300.0,10.46
2014-11-28,3233.96,37532366199.0,3302.56,300.0,10.72
2014-12-01,3246.62,36548741724.0,3388.33,300.0,10.75
2014-12-02,3366.5,36146532243.0,3411.85,300.0,11.13
2014-12-03,3416.71,46615668476.0,4648.58,300.0,11.22
2014-12-04,3574.22,42681292779.0,4338.76,300.0,11.78
2014-12-05,3597.86,52488125975.0,5543.63,300.0,12.03
2014-12-08,3745.23,48446234405.0,5157.74,300.0,12.42
2014-12-09,3577.17,63287456741.0,7021.5,300.0,11.73
2014-12-10,3709.16,42501870792.0,4773.0,300.0,12.08
2014-12-11,3664.79,36709169081.0,3929.45,300.0,11.95
2014-12-12,3676.55,30106532477.0,3378.17,300.0,11.99
2014-12-15,3704.35,29019383425.0,3266.68,300.0,12.23
2014-12-16,3803.57,35812384669.0,4256.66,300.0,12.56
2014-12-17,3869.43,44814076970.0,5277.49,300.0,12.78
2014-12-18,3852.54,35597020659.0,4162.6,300.0,12.73
2014-12-19,3895.41,41121158993.0,4355.17,300.0,12.95
2014-12-22,3908.44,54980167130.0,5370.21,300.0,13.15
2014-12-23,3828.35,36973609327.0,3772.28,300.0,12.77
2014-12-24,3719.5,31744958660.0,3394.76,300.0,12.4
2014-12-25,3840.44,30979954700.0,3301.29,300.0,12.84
2014-12-26,3967.65,38461412449.0,4388.38,300.0,13.26
2014-12-29,3978.72,42501503722.0,5050.05,300.0,13.33
2014-12-30,3981.14,32823387261.0,3946.08,300.0,13.38
2014-12-31,4068.82,34593475980.0,4037.11,300.0,13.71
2015-01-05,4192.99,45119809818.0,5198.5,300.0,14.28
2015-01-06,4192.43,42096218546.0,4985.3,300.0,14.29
2015-01-07,4195.58,32019123228.0,3987.32,300.0,14.37
2015-01-08,4098.25,29500304493.0,3558.32,300.0,14.01
2015-01-09,4084.72,34998267150.0,4302.11,300.0,13.99
2015-01-12,4046.55,26656717520.0,3342.57,300.0,13.8
2015-01-13,4047.08,18715396495.0,2507.97,300.0,13.81
2015-01-14,4033.7,19601250971.0,2412.86,300.0,13.82
2015-01-15,4150.82,23781233830.0,3034.45,300.0,14.33
2015-01-16,4186.56,28268161405.0,3555.69,300.0,14.5
2015-01-19,3864.09,32950527506.0,3660.18,300.0,13.32
2015-01-20,3911.39,29784323178.0,3819.18,300.0,13.52
2015-01-21,4087.21,33792820997.0,4254.34,300.0,14.2
2015-01-22,4108.78,26885359876.0,3450.26,300.0,14.25
2015-01-23,4113.52,28017217220.0,3618.36,300.0,14.3
2015-01-26,4155.27,23976620334.0,3095.86,300.0,14.5
2015-01-27,4117.21,28766917880.0,3575.48,300.0,14.32
2015-01-28,4060.07,21622021421.0,2787.49,300.0,14.08
2015-01-29,4009.95,21161885983.0,2518.98,300.0,13.88
2015-01-30,3955.35,19647915736.0,2374.21,300.0,13.65
2015-02-02,3862.72,19518369945.0,2248.38,300.0,13.26
2015-02-03,3958.87,19284609645.0,2411.0,300.0,13.62
2015-02-04,3917.78,19130434930.0,2440.34,300.0,13.46
2015-02-05,3877.67,25043060873.0,3115.24,300.0,13.3
2015-02-06,3814.88,19266418598.0,2214.33,300.0,13.04
2015-02-09,3853.46,17235382037.0,2207.67,300.0,13.17
2015-02-10,3923.74,15930908790.0,1991.21,300.0,13.4
2015-02-11,3955.04,14461377190.0,1859.79,300.0,13.47
2015-02-12,3965.12,15608169094.0,1912.86,300.0,13.54
2015-02-13,3996.16,20108997098.0,2470.76,300.0,13.64
2015-02-16,4030.32,16564134309.0,2228.0,300.0,13.72
2015-02-17,4056.62,16532831302.0,2144.57,300.0,13.82
2015-02-25,4006.41,16553935112.0,2117.39,300.0,13.72
2015-02-26,4107.26,22932843776.0,2798.09,300.0,14.06
2015-02-27,4114.8,22278643835.0,2718.62,300.0,14.09
2015-03-02,4147.54,24817612547.0,3251.65,300.0,14.17
2015-03-03,4040.01,26186648947.0,3357.0,300.0,13.78
2015-03-04,4066.41,19966398064.0,2574.69,300.0,13.84
2015-03-05,4026.7,21750880542.0,2790.31,300.0,13.67
2015-03-06,4006.17,18151805383.0,2334.68,300.0,13.63
2015-03-09,4074.39,23394041061.0,2778.6,300.0,13.9
2015-03-10,4054.65,19426765746.0,2453.67,300.0,13.79
2015-03-11,4059.3,18894782545.0,2357.73,300.0,13.78
2015-03-12,4137.84,26566462467.0,3221.41,300.0,14.07
2015-03-13,4166.41,24686476750.0,2972.99,300.0,14.15
2015-03-16,4267.78,27543830664.0,3584.98,300.0,14.44
2015-03-17,4327.04,37162566553.0,4550.04,300.0,14.65
2015-03-18,4429.46,41519001070.0,4844.66,300.0,14.99
2015-03-19,4422.18,39154763013.0,4632.13,300.0,14.97
2015-03-20,4483.03,40181755167.0,5444.68,300.0,15.13
2015-03-23,4574.58,39111992231.0,5197.6,300.0,15.42
2015-03-24,4575.71,46858131152.0,5910.67,300.0,15.44
2015-03-25,4538.13,37996885148.0,5017.34,300.0,15.26
2015-03-26,4549.17,34675631481.0,4685.38,300.0,15.37
2015-03-27,4574.16,29875606353.0,3931.32,300.0,15.4
2015-03-30,4708.31,42829701952.0,5462.11,300.0,15.85
2015-03-31,4665.73,43606563450.0,5981.22,300.0,15.69
2015-04-01,4749.44,32951285253.0,4665.97,300.0,15.94
2015-04-02,4750.46,33907048728.0,4766.18,300.0,15.94
2015-04-03,4803.16,32130376643.0,4669.66,300.0,16.06
2015-04-07,4906.24,41536265404.0,5646.46,300.0,16.45
2015-04-08,4947.43,45867671502.0,6583.08,300.0,16.62
2015-04-09,4909.06,43969990215.0,6504.19,300.0,16.47
2015-04-10,5003.83,34819016982.0,5093.54,300.0,16.76
2015-04-13,5092.59,43415303567.0,5985.18,300.0,17.11
2015-04-14,5112.61,43443212572.0,6021.27,300.0,17.14
2015-04-15,5046.73,47215413059.0,5968.23,300.0,16.99
2015-04-16,5200.04,42260374795.0,5647.23,300.0,17.49
2015-04-17,5295.19,55280266309.0,7339.54,300.0,17.87
2015-04-20,5209.69,68643907468.0,9392.65,300.0,17.57
2015-04-21,5321.72,49031499113.0,6853.65,300.0,17.86
2015-04-22,5460.85,51621379193.0,7699.25,300.0,18.3
2015-04-23,5462.12,49743095361.0,7522.58,300.0,18.33
2015-04-24,5418.12,48015293626.0,7212.73,300.0,18.21
2015-04-27,5539.03,51307654827.0,7659.1,300.0,18.78
2015-04-28,5463.3,60863854490.0,8603.5,300.0,18.6
2015-04-29,5500.89,39505698023.0,6016.76,300.0,18.54
2015-04-30,5474.64,39972744376.0,6125.11,300.0,18.37
2015-05-04,5518.49,37784385305.0,5654.53,300.0,18.57
2015-05-05,5298.45,46041962639.0,6600.2,300.0,17.71
2015-05-06,5248.29,37607370236.0,5860.34,300.0,17.47
2015-05-07,5152.35,29775920291.0,4271.9,300.0,17.07
2015-05-08,5254.69,30240796666.0,4520.91,300.0,17.42
2015-05-11,5407.13,37383841996.0,5832.6,300.0,17.88
2015-05-12,5472.99,37705389078.0,6071.23,300.0,18.08
2015-05-13,5439.79,37073042410.0,5904.8,300.0,17.99
2015-05-14,5419.85,33772515249.0,5132.2,300.0,17.93
2015-05-15,5324.13,32843116610.0,5066.95,300.0,17.6
2015-05-18,5275.59,26918048935.0,4340.83,300.0,17.4
2015-05-19,5455.72,31478595160.0,5242.32,300.0,17.97
2015-05-20,5483.97,36318074825.0,5899.56,300.0,17.99
2015-05-21,5583.63,30505453650.0,5053.46,300.0,18.41
2015-05-22,5711.57,45584671818.0,7191.3,300.0,18.86
2015-05-25,5882.48,46573658956.0,7570.86,300.0,19.44
2015-05-26,5997.45,48794935911.0,8022.96,300.0,19.74
2015-05-27,5980.52,47079873003.0,7778.26,300.0,19.72
2015-05-28,5580.91,57182904745.0,8732.07,300.0,18.35
2015-05-29,5588.83,42787885851.0,6360.08,300.0,18.36
2015-06-01,5860.76,41750374070.0,6378.44,300.0,19.24
2015-06-02,5959.84,41297319611.0,6584.53,300.0,19.49
2015-06-03,5942.72,41425827017.0,6720.57,300.0,19.42
2015-06-04,5986.63,48276726795.0,7351.71,300.0,19.6
2015-06-05,6043.57,54596119628.0,8552.24,300.0,19.81
2015-06-08,6186.02,63731323653.0,9494.98,300.0,20.38
2015-06-09,6144.36,57042726320.0,8714.32,300.0,20.25
2015-06-10,6135.84,44216567574.0,7115.09,300.0,20.06
2015-06-11,6133.88,39233875457.0,6605.85,300.0,20.0
2015-06-12,6167.41,43013138642.0,6942.13,300.0,20.1
2015-06-15,6036.45,47574570293.0,7662.38,300.0,20.14
2015-06-16,5857.22,41167563784.0,6515.23,300.0,19.49
2015-06-17,5943.06,39712418659.0,5898.68,300.0,19.79
2015-06-18,5702.82,36439581421.0,5556.47,300.0,18.97
2015-06-19,5366.76,35810474438.0,5196.1,300.0,17.85
2015-06-23,5543.55,36508794449.0,5369.84,300.0,18.42
2015-06-24,5652.77,43463872321.0,6153.74,300.0,18.81
2015-06-25,5452.22,44613598233.0,6402.46,300.0,18.14
2015-06-26,5024.71,44663978983.0,6129.59,300.0,16.77
2015-06-29,4857.12,52566248166.0,7040.15,300.0,16.35
2015-06-30,5184.41,52704527995.0,7160.46,300.0,17.37
2015-07-01,4930.67,43172141147.0,6233.31,300.0,16.53
2015-07-02,4762.62,45706219390.0,5935.07,300.0,16.18
2015-07-03,4515.41,42930084989.0,5382.17,300.0,15.23
2015-07-06,4647.27,64809452973.0,7795.58,300.0,15.88
2015-07-07,4569.62,67938500677.0,7959.63,300.0,15.88
2015-07-08,4262.95,58146709748.0,6401.22,300.0,14.91
2015-07-09,4536.57,50387061043.0,5647.44,300.0,15.79
2015-07-10,4782.21,50070180233.0,6290.8,300.0,16.48
2015-07-13,4905.52,50209218609.0,6592.52,300.0,16.66
2015-07-14,4789.54,45442200853.0,5975.21,300.0,16.25
2015-07-15,4620.79,42195636726.0,5140.65,300.0,15.9
2015-07-16,4657.04,33053134534.0,4100.51,300.0,15.91
2015-07-17,4839.82,33110713101.0,4355.97,300.0,16.33
2015-07-20,4850.45,35267347240.0,4834.94,300.0,16.41
2015-07-21,4859.13,31837494537.0,4316.96,300.0,16.41
2015-07-22,4851.05,31894599669.0,4418.33,300.0,16.35
2015-07-23,4961.0,35447175938.0,4839.72,300.0,16.66
2015-07-24,4874.25,39204537336.0,5359.02,300.0,16.4
2015-07-27,4458.19,36505451093.0,4779.52,300.0,14.8
2015-07-28,4449.4,38352721609.0,4826.55,300.0,14.7
2015-07-29,4588.66,27697284488.0,3722.88,300.0,15.1
2015-07-30,4454.52,27154866477.0,3763.51,300.0,14.71
2015-07-31,4456.1,22237676677.0,2993.13,300.0,14.66
2015-08-03,4470.73,24580502988.0,3096.31,300.0,14.68
2015-08-04,4609.58,22023655556.0,2887.57,300.0,15.09
2015-08-05,4514.71,20048426890.0,2726.94,300.0,14.77
2015-08-06,4473.86,14727869419.0,1955.32,300.0,14.63
2015-08-07,4561.97,18334915253.0,2465.46,300.0,14.89
2015-08-10,4769.21,30678054045.0,4017.02,300.0,15.55
2015-08-11,4748.54,32203419078.0,4169.97,300.0,15.49
2015-08-12,4689.67,25514619575.0,3397.99,300.0,15.31
2015-08-13,4758.96,24283697926.0,3198.88,300.0,15.51
2015-08-14,4757.71,25339299606.0,3400.77,300.0,15.49
2015-08-17,4762.77,25693963835.0,3368.31,300.0,15.46
2015-08-18,4468.06,31988107026.0,4249.24,300.0,14.64
2015-08-19,4538.98,26904983915.0,3409.23,300.0,14.77
2015-08-20,4393.66,21216796504.0,2705.77,300.0,14.28
2015-08-21,4193.27,21798640272.0,2674.98,300.0,13.7
2015-08-24,3826.46,25543665171.0,2731.24,300.0,12.54
2015-08-25,3554.77,27608130550.0,2811.6,300.0,11.62
2015-08-26,3534.64,30827062281.0,3121.88,300.0,11.58
2015-08-27,3744.85,26729493047.0,2787.7,300.0,12.23
2015-08-28,3904.49,29949842563.0,3187.63,300.0,12.73
2015-08-31,3932.81,28025040275.0,3066.11,300.0,12.79
2015-09-01,3927.61,35245852827.0,3513.88,300.0,12.96
2015-09-02,3931.99,34778941207.0,3489.86,300.0,13.09
2015-09-07,3797.24,20422443135.0,2217.57,300.0,12.56
2015-09-08,3894.83,15459963145.0,1682.95,300.0,12.83
2015-09-09,3971.99,22046742141.0,2588.16,300.0,13.07
2015-09-10,3923.21,14488297056.0,1681.08,300.0,12.9
2015-09-11,3911.09,10854750780.0,1302.62,300.0,12.83
2015-09-14,3833.91,20545725050.0,2261.69,300.0,12.61
2015-09-15,3683.29,14355564059.0,1459.89,300.0,12.21
2015-09-16,3866.91,15970999423.0,1682.7,300.0,12.72
2015-09-17,3782.48,16940188102.0,1902.7,300.0,12.45
2015-09-18,3799.29,10690348099.0,1217.53,300.0,12.46
2015-09-21,3865.87,12278866809.0,1453.23,300.0,12.64
2015-09-22,3901.84,14622198455.0,1724.93,300.0,12.75
2015-09-23,3813.89,12317143872.0,1368.86,300.0,12.46
2015-09-24,3839.62,10201123782.0,1208.21,300.0,12.53
2015-09-25,3777.62,12141927764.0,1376.02,300.0,12.38
2015-09-28,3790.25,7421946774.0,880.07,300.0,12.39
2015-09-29,3715.63,8715063286.0,966.92,300.0,12.12
2015-09-30,3743.8,7855934914.0,958.82,300.0,12.19
2015-10-08,3853.12,13208176814.0,1641.21,300.0,12.53
2015-10-09,3904.13,12435249986.0,1447.31,300.0,12.67
2015-10-12,4030.41,22140046758.0,2637.06,300.0,13.06
2015-10-13,4027.35,14543378626.0,1749.79,300.0,12.94
2015-10-14,3981.84,15217393755.0,1745.99,300.0,12.81
2015-10-15,4076.19,17115829891.0,2018.82,300.0,13.08
2015-10-16,4131.42,20896470878.0,2522.11,300.0,13.26
2015-10-19,4131.56,20760674433.0,2548.91,300.0,13.25
2015-10-20,4182.55,17902510835.0,2265.26,300.0,13.41
2015-10-21,4060.44,28207605006.0,3268.87,300.0,13.12
2015-10-22,4120.39,18430557963.0,2235.84,300.0,13.24
2015-10-23,4174.99,19829447808.0,2470.6,300.0,13.37
2015-10-26,4196.06,20424886346.0,2704.9,300.0,13.43
2015-10-27,4200.29,19205614030.0,2390.43,300.0,13.41
2015-10-28,4120.84,17097709789.0,2133.03,300.0,13.2
2015-10-29,4130.65,12701044602.0,1610.52,300.0,13.22
2015-10-30,4131.55,13914191413.0,1833.17,300.0,13.21
2015-11-02,4063.61,13000256809.0,1674.55,300.0,13.26
2015-11-03,4051.37,10140187590.0,1322.32,300.0,13.21
2015-11-04,4242.08,20542386498.0,2669.56,300.0,13.79
2015-11-05,4332.6,39804656751.0,4951.38,300.0,14.1
2015-11-06,4434.78,29875307601.0,3897.79,300.0,14.39
2015-11-09,4489.71,35680482335.0,4631.62,300.0,14.61
2015-11-10,4481.39,28651960256.0,3809.11,300.0,14.57
2015-11-11,4481.86,23223429649.0,3070.08,300.0,14.55
2015-11-12,4437.06,21753764714.0,3024.47,300.0,14.41
2015-11-13,4379.68,20348989063.0,2819.61,300.0,14.22
2015-11-16,4400.59,16169090098.0,2274.84,300.0,14.28
2015-11-17,4393.88,24853307113.0,3651.39,300.0,14.29
2015-11-18,4343.86,18568949476.0,2541.38,300.0,14.16
2015-11-19,4413.3,15463198918.0,2045.58,300.0,14.34
2015-11-20,4412.61,18695168862.0,2422.95,300.0,14.32
2015-11-23,4388.0,17562681201.0,2346.41,300.0,14.26
2015-11-24,4388.65,14338328349.0,1924.95,300.0,14.25
2015-11-25,4421.06,15194494065.0,2151.25,300.0,14.35
2015-11-26,4395.13,17352546808.0,2397.97,300.0,14.27
2015-11-27,4158.46,20893935809.0,2697.58,300.0,13.52
2015-11-30,4169.47,17320116305.0,2200.98,300.0,13.57
2015-12-01,4199.03,13653655385.0,1765.99,300.0,13.62
2015-12-02,4351.32,21353886476.0,2609.39,300.0,14.1
2015-12-03,4383.28,19776212576.0,2366.99,300.0,14.26
2015-12-04,4299.45,15119952207.0,1964.56,300.0,13.97
2015-12-07,4311.16,11388314990.0,1612.2,300.0,13.98
2015-12-08,4235.65,12578108322.0,1633.17,300.0,13.74
2015-12-09,4250.75,11332542222.0,1543.2,300.0,13.78
2015-12-10,4235.73,12021562488.0,1686.22,300.0,13.72
2015-12-11,4218.16,11032248093.0,1452.49,300.0,13.66
2015-12-14,4338.89,15176911894.0,2032.92,300.0,14.28
2015-12-15,4319.09,12648170968.0,1867.95,300.0,14.2
2015-12-16,4309.15,11134272285.0,1601.18,300.0,14.19
2015-12-17,4391.52,17792407499.0,2425.44,300.0,14.42
2015-12-18,4405.58,17346598013.0,2322.81,300.0,14.45
2015-12-21,4520.22,21743527464.0,2899.05,300.0,14.75
2015-12-22,4532.81,18030366054.0,2437.97,300.0,14.77
2015-12-23,4520.71,20701714698.0,2947.11,300.0,14.74
2015-12-24,4477.47,14718139694.0,2036.84,300.0,14.61
2015-12-25,4487.76,11962401252.0,1633.15,300.0,14.63
2015-12-28,4358.5,15398844043.0,2100.26,300.0,14.25
2015-12-29,4398.54,10188555500.0,1404.05,300.0,14.37
2015-12-30,4402.4,10562995460.0,1557.44,300.0,14.36
2015-12-31,4362.44,10187355640.0,1450.44,300.0,14.24
2016-01-04,4056.17,11537067369.0,1459.68,300.0,13.32
2016-01-05,4067.53,16211698417.0,1960.17,300.0,13.34
2016-01-06,4138.89,14596614355.0,1609.47,300.0,13.59
2016-01-07,3851.93,4410264117.0,471.31,300.0,12.7
2016-01-08,3930.48,18595945053.0,2034.99,300.0,12.97
2016-01-11,3732.74,17463838720.0,1844.64,300.0,12.37
2016-01-12,3759.94,12822579608.0,1420.49,300.0,12.46
2016-01-13,3689.98,12066649373.0,1308.86,300.0,12.22
2016-01-14,3766.88,13453767137.0,1447.72,300.0,12.44
2016-01-15,3646.63,12460177893.0,1318.83,300.0,12.04
2016-01-18,3660.66,10112838646.0,1094.58,300.0,12.06
2016-01-19,3768.7,12765389332.0,1429.08,300.0,12.41
2016-01-20,3711.7,13065050389.0,1433.13,300.0,12.26
2016-01-21,3602.92,11118973264.0,1218.56,300.0,11.91
2016-01-22,3640.47,8995108694.0,968.86,300.0,12.03
2016-01-25,3658.51,8154006098.0,857.78,300.0,12.08
2016-01-26,3438.24,12693392119.0,1272.51,300.0,11.36
2016-01-27,3426.37,13222936576.0,1269.98,300.0,11.34
2016-01-28,3336.81,9922275633.0,956.64,300.0,11.09
2016-01-29,3444.77,11330425935.0,1094.62,300.0,11.42
2016-02-01,3392.1,8679534176.0,829.31,300.0,11.24
2016-02-02,3462.59,8860196255.0,887.4,300.0,11.44
2016-02-03,3447.75,7738899980.0,748.17,300.0,11.37
2016-02-04,3489.98,9177972422.0,915.5,300.0,11.51
2016-02-05,3465.46,7685080848.0,774.43,300.0,11.44
2016-02-15,3445.49,7291943399.0,712.85,300.0,11.35
2016-02-16,3551.11,11257964292.0,1123.0,300.0,11.69
2016-02-17,3581.84,12829160728.0,1222.79,300.0,11.79
2016-02-18,3570.59,12440146423.0,1226.19,300.0,11.75
2016-02-19,3568.12,8733801202.0,908.49,300.0,11.73
2016-02-22,3646.79,14094696834.0,1416.84,300.0,12.0
2016-02-23,3612.29,11256739112.0,1174.76,300.0,11.88
2016-02-24,3635.89,11178264950.0,1129.19,300.0,11.96
2016-02-25,3412.8,15782975162.0,1534.93,300.0,11.27
2016-02-26,3447.96,10694972868.0,1025.32,300.0,11.39
2016-02-29,3365.43,12934102011.0,1184.41,300.0,11.16
2016-03-01,3427.69,11604591768.0,1104.91,300.0,11.34
2016-03-02,3568.78,17597234681.0,1640.25,300.0,11.78
2016-03-03,3577.08,17310574351.0,1655.09,300.0,11.81
2016-03-04,3618.56,21917253384.0,2055.2,300.0,11.99
2016-03-07,3631.36,13246203658.0,1277.9,300.0,12.02
2016-03-08,3634.68,13623574210.0,1287.58,300.0,12.03
2016-03-09,3592.85,11146624542.0,1062.99,300.0,11.93
2016-03-10,3524.12,7607219708.0,781.8,300.0,11.7
2016-03-11,3530.13,7333356390.0,743.67,300.0,11.74
2016-03-14,3585.58,11710865542.0,1235.39,300.0,11.9
2016-03-15,3596.21,9831194123.0,1013.03,300.0,11.94
2016-03-16,3614.05,12473644798.0,1261.29,300.0,12.01
2016-03-17,3654.01,12166177665.0,1366.04,300.0,12.11
2016-03-18,3709.87,19730256413.0,2100.18,300.0,12.26
2016-03-21,3800.48,23326946430.0,2568.37,300.0,12.51
2016-03-22,3772.83,16102089653.0,1942.12,300.0,12.41
2016-03-23,3784.88,12567928645.0,1555.67,300.0,12.46
2016-03-24,3721.44,13313112209.0,1624.36,300.0,12.25
2016-03-25,3740.11,9739533032.0,1151.96,300.0,12.31
2016-03-28,3707.26,10344193291.0,1238.44,300.0,12.22
2016-03-29,3667.12,9729474740.0,1138.44,300.0,12.1
2016-03-30,3761.7,11780251175.0,1407.22,300.0,12.4
2016-03-31,3763.82,12155207358.0,1472.68,300.0,12.41
2016-04-01,3768.35,11812213859.0,1270.5,300.0,12.43
2016-04-05,3818.16,14604777200.0,1592.97,300.0,12.57
2016-04-06,3810.02,12019630488.0,1372.06,300.0,12.54
2016-04-07,3753.62,11240946691.0,1282.73,300.0,12.36
2016-04-08,3726.06,10100562544.0,1139.21,300.0,12.27
2016-04-11,3777.96,12521270894.0,1427.59,300.0,12.43
2016-04-12,3764.52,9286943735.0,990.87,300.0,12.39
2016-04-13,3814.74,19561386610.0,2001.6,300.0,12.56
2016-04-14,3831.64,11315732732.0,1179.89,300.0,12.6
2016-04-15,3827.5,9980752913.0,1079.64,300.0,12.57
2016-04-18,3776.37,9709006902.0,1039.56,300.0,12.43
2016-04-19,3787.93,8087143997.0,909.76,300.0,12.46
2016-04-20,3720.93,16220785794.0,1723.25,300.0,12.26
2016-04-21,3697.04,10475265076.0,1103.24,300.0,12.18
2016-04-22,3714.03,7707849224.0,824.43,300.0,12.23
2016-04-25,3699.01,6751935059.0,747.35,300.0,12.18
2016-04-26,3719.11,5902073423.0,688.72,300.0,12.24
2016-04-27,3703.97,6000414711.0,706.2,300.0,12.18
2016-04-28,3698.28,6987066016.0,788.77,300.0,12.16
2016-04-29,3694.46,5802977637.0,708.08,300.0,12.13
2016-05-03,3761.07,9816483491.0,1157.34,300.0,12.59
2016-05-04,3756.43,9086240827.0,977.97,300.0,12.57
2016-05-05,3761.64,7473368096.0,839.46,300.0,12.59
2016-05-06,3666.22,10868024024.0,1192.65,300.0,12.23
2016-05-09,3590.4,9923047727.0,1004.09,300.0,11.98
2016-05-10,3594.5,6884993543.0,706.51,300.0,11.99
2016-05-11,3610.6,8179425825.0,873.23,300.0,12.04
2016-05-12,3619.21,7876572632.0,814.19,300.0,12.05
2016-05-13,3601.41,6262975525.0,658.51,300.0,12.0
2016-05-16,3625.42,5946185552.0,644.05,300.0,12.05
2016-05-17,3615.72,6527812525.0,753.89,300.0,12.03
2016-05-18,3595.43,8271536927.0,884.59,300.0,11.94
2016-05-19,3589.21,6044416577.0,686.79,300.0,11.91
2016-05-20,3607.65,5608084195.0,651.24,300.0,11.97
2016-05-23,3619.16,5969721648.0,703.38,300.0,12.0
2016-05-24,3591.49,5873438541.0,611.06,300.0,11.92
2016-05-25,3586.7,5665280326.0,633.17,300.0,11.9
2016-05-26,3592.55,6039298060.0,659.85,300.0,11.92
2016-05-27,3590.55,6046875006.0,593.72,300.0,11.91
2016-05-30,3595.66,6309857945.0,634.97,300.0,11.94
2016-05-31,3717.2,13886311053.0,1513.98,300.0,12.29
2016-06-01,3706.66,11314848221.0,1317.01,300.0,12.25
2016-06-02,3714.46,8600342663.0,970.94,300.0,12.26
2016-06-03,3740.9,10149178289.0,1363.32,300.0,12.33
2016-06-06,3732.14,7669375083.0,1011.76,300.0,12.31
2016-06-07,3730.55,6892831386.0,887.12,300.0,12.26
2016-06-08,3717.44,7629177481.0,976.83,300.0,12.22
2016-06-13,3602.83,9297594743.0,1140.91,300.0,11.99
2016-06-14,3614.29,6627945749.0,786.22,300.0,12.03
2016-06-15,3662.01,8739325697.0,1061.7,300.0,12.15
2016-06-16,3638.97,8297470251.0,934.96,300.0,12.03
2016-06-17,3659.22,8540298548.0,979.53,300.0,12.08
2016-06-20,3662.34,6358714116.0,746.48,300.0,12.09
2016-06-21,3654.86,8796534482.0,1072.34,300.0,12.07
2016-06-22,3688.0,6648711271.0,813.49,300.0,12.17
2016-06-23,3671.44,6775173798.0,817.33,300.0,12.06
2016-06-24,3629.04,10479220839.0,1189.67,300.0,11.9
2016-06-27,3680.51,8326725923.0,1040.66,300.0,12.04
2016-06-28,3700.45,9202463673.0,1171.98,300.0,12.09
2016-06-29,3718.29,10372366839.0,1179.59,300.0,12.14
2016-06-30,3722.89,7969261650.0,1006.28,300.0,12.13
2016-07-01,3724.72,7174628277.0,912.15,300.0,12.14
2016-07-04,3784.63,13331052910.0,1498.95,300.0,12.34
2016-07-05,3789.89,13022689541.0,1438.99,300.0,12.36
2016-07-06,3802.36,12489745799.0,1472.32,300.0,12.36
2016-07-07,3801.65,11859520203.0,1404.89,300.0,12.32
2016-07-08,3787.05,8973485470.0,1110.63,300.0,12.21
2016-07-11,3801.35,13852951063.0,1552.88,300.0,12.22
2016-07-12,3884.74,17253421677.0,1908.54,300.0,12.48
2016-07-13,3904.27,17519608954.0,1965.92,300.0,12.52
2016-07-14,3897.19,10752579816.0,1280.9,300.0,12.48
2016-07-15,3899.08,10266502613.0,1251.8,300.0,12.49
2016-07-18,3882.27,11031251764.0,1297.86,300.0,12.45
2016-07-19,3867.63,8888686065.0,1071.09,300.0,12.39
2016-07-20,3855.23,7270125482.0,913.67,300.0,12.35
2016-07-21,3873.09,8600482486.0,1074.64,300.0,12.39
2016-07-22,3841.05,8602912752.0,1074.17,300.0,12.3
2016-07-25,3848.99,7020318528.0,920.16,300.0,12.31
2016-07-26,3895.39,8105108938.0,1037.46,300.0,12.45
2016-07-27,3834.76,16018866481.0,1869.28,300.0,12.28
2016-07-28,3838.23,11277996428.0,1372.96,300.0,12.29
2016-07-29,3820.43,8804483696.0,1037.87,300.0,12.24
2016-08-01,3788.09,8700349684.0,988.19,300.0,12.16
2016-08-02,3802.69,6216763906.0,706.41,300.0,12.2
2016-08-03,3808.0,7286410157.0,797.54,300.0,12.21
2016-08-04,3817.28,7350437343.0,869.2,300.0,12.23
2016-08-05,3823.19,7719636638.0,944.3,300.0,12.23
2016-08-08,3857.86,8667605054.0,1026.38,300.0,12.33
2016-08-09,3885.06,9106525857.0,1059.24,300.0,12.41
2016-08-10,3868.96,9043037213.0,1061.57,300.0,12.36
2016-08-11,3858.45,10104121307.0,1169.96,300.0,12.35
2016-08-12,3932.07,11625404388.0,1293.55,300.0,12.58
2016-08-15,4050.47,22054342116.0,2588.97,300.0,12.93
2016-08-16,4032.35,19638974024.0,2267.85,300.0,12.83
2016-08-17,4026.14,13884768776.0,1679.18,300.0,12.81
2016-08-18,4016.11,14238016910.0,1722.57,300.0,12.78
2016-08-19,4018.57,11996150767.0,1353.83,300.0,12.8
2016-08-22,3984.87,10795100771.0,1282.02,300.0,12.71
2016-08-23,3991.12,9292451587.0,1085.04,300.0,12.73
2016-08-24,3977.88,8119142901.0,940.13,300.0,12.7
2016-08-25,3952.93,10058915309.0,1125.78,300.0,12.62
2016-08-26,3950.97,8153069093.0,932.13,300.0,12.62
2016-08-29,3951.8,7703633309.0,880.12,300.0,12.62
2016-08-30,3956.82,7572598728.0,895.13,300.0,12.65
2016-08-31,3975.84,7957080479.0,992.15,300.0,12.7
2016-09-01,3944.51,8494721891.0,1009.11,300.0,13.02
2016-09-02,3959.49,8279180273.0,993.96,300.0,13.62
2016-09-05,3967.1,7829247675.0,875.31,300.0,13.63
2016-09-06,3994.52,9828399756.0,1183.67,300.0,13.69
2016-09-07,3992.36,10294010637.0,1151.2,300.0,13.69
2016-09-08,3990.86,7191615834.0,837.42,300.0,13.68
2016-09-09,3965.15,8265703619.0,954.71,300.0,13.6
2016-09-12,3898.89,12291768237.0,1344.57,300.0,13.39
2016-09-13,3896.18,6718028777.0,768.63,300.0,13.37
2016-09-14,3870.36,7043269738.0,797.81,300.0,13.28
2016-09-19,3899.52,5883108160.0,676.78,300.0,13.36
2016-09-20,3892.68,5278420585.0,616.26,300.0,13.34
2016-09-21,3904.21,5914297905.0,689.58,300.0,13.37
2016-09-22,3933.47,7575354166.0,899.92,300.0,13.46
2016-09-23,3915.0,5799398562.0,680.46,300.0,13.41
2016-09-26,3850.33,7045218599.0,787.01,300.0,13.2
2016-09-27,3874.8,5846054969.0,666.51,300.0,13.28
2016-09-28,3863.01,4472749765.0,519.96,300.0,13.23
2016-09-29,3879.34,5545255591.0,622.2,300.0,13.28
2016-09-30,3890.09,4497802219.0,526.56,300.0,13.31
2016-10-10,3938.62,8051926010.0,896.08,300.0,13.47
2016-10-11,3953.79,8771316316.0,882.13,300.0,13.51
2016-10-12,3945.96,6866978076.0,723.87,300.0,13.49
2016-10-13,3949.11,8122419838.0,799.24,300.0,13.49
2016-10-14,3952.94,8231627085.0,814.86,300.0,13.51
2016-10-17,3919.5,8611350918.0,881.99,300.0,13.41
2016-10-18,3971.46,10286071352.0,1046.25,300.0,13.58
2016-10-19,3965.37,10116772452.0,963.54,300.0,13.57
2016-10-20,3968.3,7923887076.0,824.81,300.0,13.58
2016-10-21,3979.23,10978517559.0,1071.15,300.0,13.63
2016-10-24,4026.86,15301434505.0,1500.63,300.0,13.79
2016-10-25,4026.73,11119169265.0,1105.77,300.0,13.78
2016-10-26,4011.6,9802478564.0,1047.19,300.0,13.72
2016-10-27,4000.71,7762985118.0,852.41,300.0,13.69
2016-10-28,3994.05,9313330927.0,1047.98,300.0,13.68
2016-10-31,3989.45,7135286332.0,807.02,300.0,13.66
2016-11-01,4016.68,7493819869.0,847.18,300.0,13.45
2016-11-02,3985.95,9119710444.0,1003.49,300.0,13.35
2016-11-03,4023.97,12622350368.0,1373.86,300.0,13.47
2016-11-04,4010.92,10406965505.0,1108.14,300.0,13.43
2016-11-07,4013.81,9987798787.0,943.71,300.0,13.44
2016-11-08,4031.28,10314828243.0,1051.38,300.0,13.5
2016-11-09,4009.68,13911005917.0,1451.87,300.0,13.42
2016-11-10,4054.59,13470553473.0,1332.77,300.0,13.56
2016-11-11,4086.41,19878149596.0,1906.47,300.0,13.66
2016-11-14,4101.99,21324710461.0,2083.53,300.0,13.72
2016-11-15,4101.54,13456631981.0,1352.07,300.0,13.71
2016-11-16,4101.21,12980851079.0,1289.45,300.0,13.71
2016-11-17,4109.51,12156173147.0,1215.77,300.0,13.72
2016-11-18,4086.7,11595120514.0,1173.46,300.0,13.65
2016-11-21,4114.98,14643452900.0,1475.43,300.0,13.76
2016-11-22,4147.57,16852344587.0,1672.51,300.0,13.89
2016-11-23,4155.18,16238850375.0,1712.47,300.0,13.91
2016-11-24,4171.94,14574630088.0,1650.71,300.0,13.94
2016-11-25,4210.87,15362150608.0,1668.32,300.0,14.06
2016-11-28,4227.43,20737548322.0,2198.6,300.0,14.14
2016-11-29,4262.06,23691835586.0,2483.23,300.0,14.26
2016-11-30,4230.92,17856017799.0,1906.81,300.0,14.12
2016-12-01,4263.25,18017076128.0,1996.38,300.0,14.22
2016-12-02,4220.1,19635547952.0,2037.42,300.0,14.12
2016-12-05,4148.89,18085235514.0,1901.75,300.0,13.9
2016-12-06,4136.63,11552909032.0,1257.28,300.0,13.85
2016-12-07,4156.56,11434510290.0,1152.82,300.0,13.91
2016-12-08,4149.86,11738392187.0,1191.89,300.0,13.88
2016-12-09,4178.03,15030330795.0,1526.75,300.0,14.0
2016-12-12,4076.96,18746775146.0,1991.64,300.0,13.97
2016-12-13,4072.09,12110509704.0,1244.54,300.0,13.95
2016-12-14,4040.89,12400774350.0,1261.83,300.0,13.86
2016-12-15,3994.83,11496066013.0,1215.08,300.0,13.68
2016-12-16,4001.52,9077542220.0,981.12,300.0,13.69
2016-12-19,3981.14,8164067801.0,860.96,300.0,13.64
2016-12-20,3957.31,8756959177.0,885.27,300.0,13.57
2016-12-21,3992.56,10825499536.0,1062.05,300.0,13.71
2016-12-22,3989.14,9227724941.0,925.65,300.0,13.73
2016-12-23,3955.56,9744471259.0,995.75,300.0,13.63
2016-12-26,3973.26,8979398207.0,954.93,300.0,13.68
2016-12-27,3966.07,7548635861.0,796.17,300.0,13.63
2016-12-28,3948.73,6900043650.0,717.6,300.0,13.58
2016-12-29,3943.8,7008792276.0,759.73,300.0,13.55
2016-12-30,3958.53,7174411581.0,769.21,300.0,13.6
2017-01-03,3996.97,8656789570.0,876.13,300.0,13.74
2017-01-04,4028.17,9005082665.0,980.14,300.0,13.84
2017-01-05,4027.54,8833635731.0,911.89,300.0,13.86
2017-01-06,4003.48,8745911362.0,910.72,300.0,13.82
2017-01-09,4022.89,8370794224.0,879.16,300.0,13.88
2017-01-10,4016.16,8381915980.0,825.34,300.0,13.85
2017-01-11,3987.73,9107143780.0,867.5,300.0,13.76
2017-01-12,3967.55,8123913542.0,750.32,300.0,13.7
2017-01-13,3970.29,8418058903.0,845.56,300.0,13.73
2017-01-16,3969.73,15777913504.0,1532.63,300.0,13.77
2017-01-17,3977.99,6945332799.0,747.55,300.0,13.79
2017-01-18,3993.55,7062322742.0,756.81,300.0,13.84
2017-01-19,3981.5,6615980837.0,638.7,300.0,13.79
2017-01-20,4012.12,6530046173.0,708.31,300.0,13.87
2017-01-23,4023.11,7555749785.0,764.93,300.0,13.9
2017-01-24,4023.55,6619422620.0,660.5,300.0,13.94
2017-01-25,4037.25,5837693129.0,624.83,300.0,13.98
2017-01-26,4051.67,6531664691.0,664.89,300.0,14.01
2017-02-03,4023.6,5518886051.0,571.14,300.0,13.92
2017-02-06,4034.02,6852136043.0,734.08,300.0,13.95
2017-02-07,4025.03,6375446158.0,697.58,300.0,13.92
2017-02-08,4046.08,7540287854.0,828.7,300.0,13.97
2017-02-09,4061.63,9755851503.0,1021.34,300.0,14.03
2017-02-10,4082.19,12376872042.0,1219.09,300.0,14.1
2017-02-13,4109.45,12014453809.0,1253.33,300.0,14.18
2017-02-14,4108.88,9480946549.0,985.37,300.0,14.18
2017-02-15,4092.03,12764333838.0,1246.53,300.0,14.16
2017-02-16,4115.02,10827696172.0,1018.1,300.0,14.21
2017-02-17,4091.71,11460003606.0,1180.33,300.0,14.12
2017-02-20,4151.44,13262886197.0,1346.82,300.0,14.31
2017-02-21,4165.11,11484200941.0,1206.75,300.0,14.35
2017-02-22,4173.41,10281599422.0,1092.32,300.0,14.38
2017-02-23,4153.75,9953633047.0,1065.56,300.0,14.31
2017-02-24,4154.38,9553513255.0,998.75,300.0,14.31
2017-02-27,4121.34,9867215964.0,1068.31,300.0,14.21
2017-02-28,4129.22,7521526017.0,819.79,300.0,14.24
2017-03-01,4135.95,10326035375.0,1093.18,300.0,14.26
2017-03-02,4108.04,8989807655.0,978.76,300.0,14.17
2017-03-03,4099.39,8099465245.0,900.1,300.0,14.12
2017-03-06,4121.87,8307088216.0,951.79,300.0,14.14
2017-03-07,4130.8,8033471970.0,944.84,300.0,14.18
2017-03-08,4124.56,7958769038.0,891.25,300.0,14.16
2017-03-09,4098.5,8457038128.0,900.9,300.0,14.07
2017-03-10,4099.63,7001619859.0,821.62,300.0,14.06
2017-03-13,4135.76,9168412356.0,1084.89,300.0,14.18
2017-03-14,4134.08,7707796315.0,953.18,300.0,14.18
2017-03-15,4142.47,7910495414.0,940.56,300.0,14.2
2017-03-16,4163.84,10633391342.0,1246.96,300.0,14.27
2017-03-17,4121.14,10375555958.0,1223.69,300.0,14.13
2017-03-20,4125.69,8873432185.0,1037.69,300.0,14.18
2017-03-21,4145.71,8770785525.0,1135.28,300.0,14.24
2017-03-22,4126.22,10493589371.0,1238.66,300.0,14.16
2017-03-23,4140.48,9431806166.0,1158.14,300.0,14.19
2017-03-24,4173.52,12564583306.0,1417.53,300.0,14.3
2017-03-27,4159.69,10701537674.0,1243.88,300.0,14.27
2017-03-28,4149.85,8419482015.0,974.96,300.0,14.23
2017-03-29,4145.09,10485170579.0,1146.63,300.0,14.22
2017-03-30,4111.08,11637692235.0,1220.88,300.0,14.14
2017-03-31,4134.15,9157749063.0,1009.85,300.0,14.22
2017-04-05,4191.38,14339901662.0,1607.43,300.0,14.41
2017-04-06,4203.53,13676700444.0,1452.22,300.0,14.45
2017-04-07,4207.7,14029320351.0,1445.6,300.0,14.48
2017-04-10,4193.07,14188737962.0,1557.48,300.0,14.44
2017-04-11,4207.89,16594583235.0,1894.57,300.0,14.49
2017-04-12,4198.45,18182453684.0,2021.55,300.0,14.44
2017-04-13,4204.59,12998181319.0,1333.46,300.0,14.45
2017-04-14,4171.02,13547407836.0,1304.25,300.0,14.34
2017-04-17,4163.16,11716496091.0,1238.84,300.0,14.31
2017-04-18,4142.64,11092782326.0,1267.91,300.0,14.23
2017-04-19,4122.52,12134926435.0,1270.5,300.0,14.13
2017-04-20,4141.27,11418420827.0,1339.77,300.0,14.18
2017-04-21,4147.58,10441910968.0,1152.09,300.0,14.22
2017-04-24,4105.1,11466079094.0,1227.78,300.0,14.12
2017-04-25,4116.77,9407214817.0,1075.99,300.0,14.12
2017-04-26,4121.85,11194002923.0,1313.17,300.0,14.14
2017-04-27,4123.69,12329842468.0,1346.11,300.0,14.17
2017-04-28,4115.46,10163235143.0,1137.61,300.0,14.13
2017-05-02,4099.7,9279746214.0,1016.36,300.0,13.64
2017-05-03,4083.66,9166962426.0,978.54,300.0,13.58
2017-05-04,4073.2,10348207474.0,1069.86,300.0,13.56
2017-05-05,4047.09,10989533294.0,1174.65,300.0,13.5
2017-05-08,4018.69,12374928745.0,1268.85,300.0,13.44
2017-05-09,4012.73,7677166819.0,855.29,300.0,13.41
2017-05-10,3997.17,9208262826.0,1021.95,300.0,13.36
2017-05-11,4020.44,10925288989.0,1115.76,300.0,13.44
2017-05-12,4055.89,9338646646.0,975.22,300.0,13.56
2017-05-15,4072.89,8297761101.0,921.83,300.0,13.61
2017-05-16,4108.66,10524241552.0,1128.14,300.0,13.64
2017-05-17,4086.32,9973683660.0,1105.53,300.0,13.56
2017-05-18,4072.63,8575958931.0,880.91,300.0,13.52
2017-05-19,4079.64,7147352532.0,783.97,300.0,13.53
2017-05-22,4088.83,9253955935.0,990.21,300.0,13.57
2017-05-23,4104.51,11691103296.0,1267.68,300.0,13.66
2017-05-24,4104.66,8355316105.0,926.2,300.0,13.63
2017-05-25,4179.54,13072163056.0,1366.34,300.0,13.72
2017-05-26,4173.69,10324115281.0,1125.86,300.0,13.72
2017-05-31,4188.8,10482974392.0,1159.69,300.0,13.77
2017-06-01,4194.87,10312772393.0,1160.89,300.0,13.82
2017-06-02,4181.48,8266801028.0,928.51,300.0,13.77
2017-06-05,4161.4,7973815161.0,856.09,300.0,13.65
2017-06-06,4190.59,6408938813.0,778.69,300.0,13.72
2017-06-07,4240.59,10441996766.0,1241.89,300.0,13.86
2017-06-08,4273.57,9022490527.0,1120.36,300.0,13.92
2017-06-09,4293.56,10118826473.0,1217.01,300.0,13.97
2017-06-12,4291.6,9038116687.0,1176.91,300.0,14.12
2017-06-13,4301.59,7517713796.0,942.23,300.0,14.14
2017-06-14,4253.38,8381078312.0,1061.05,300.0,13.98
2017-06-15,4246.17,8263253526.0,1060.54,300.0,13.94
2017-06-16,4239.54,7645270745.0,914.62,300.0,13.88
2017-06-19,4282.16,7979714120.0,985.72,300.0,13.96
2017-06-20,4273.55,8050955942.0,981.88,300.0,13.94
2017-06-21,4324.15,8785982358.0,1171.48,300.0,14.07
2017-06-22,4327.8,13552698690.0,1694.19,300.0,14.1
2017-06-23,4367.1,10512913422.0,1339.75,300.0,14.19
2017-06-26,4421.88,13463799496.0,1707.37,300.0,14.32
2017-06-27,4429.88,9755870242.0,1230.57,300.0,14.34
2017-06-28,4395.54,9792085760.0,1244.66,300.0,14.25
2017-06-29,4424.56,8558949815.0,1118.47,300.0,14.29
2017-06-30,4423.11,8151002814.0,1024.6,300.0,14.31
2017-07-03,4403.88,8882086044.0,1152.15,300.0,14.27
2017-07-04,4367.27,9507141275.0,1253.5,300.0,14.19
2017-07-05,4420.04,8823242499.0,1203.52,300.0,14.3
2017-07-06,4422.78,10237924478.0,1328.37,300.0,14.29
2017-07-07,4422.48,10373549720.0,1234.65,300.0,14.28
2017-07-10,4422.94,12059190955.0,1410.35,300.0,14.26
2017-07-11,4448.79,11876082627.0,1450.84,300.0,14.28
2017-07-12,4435.96,12228779198.0,1434.95,300.0,14.22
2017-07-13,4473.59,12566954948.0,1463.89,300.0,14.32
2017-07-14,4498.0,10551400469.0,1210.21,300.0,14.36
2017-07-17,4450.13,17882159983.0,1962.17,300.0,14.3
2017-07-18,4456.08,12462205557.0,1414.72,300.0,14.26
2017-07-19,4533.4,18247778688.0,1983.92,300.0,14.45
2017-07-20,4555.75,14241003866.0,1692.67,300.0,14.47
2017-07-21,4533.55,11794122573.0,1414.33,300.0,14.4
2017-07-24,4552.0,13486872155.0,1547.02,300.0,14.43
2017-07-25,4523.22,12167205894.0,1335.32,300.0,14.39
2017-07-26,4506.23,13632521011.0,1465.18,300.0,14.38
2017-07-27,4515.49,14500290363.0,1616.31,300.0,14.4
2017-07-28,4527.32,11141139217.0,1258.18,300.0,14.43
2017-07-31,4546.76,14842903906.0,1608.9,300.0,14.47
2017-08-01,4586.64,15254653888.0,1731.28,300.0,14.59
2017-08-02,4576.49,17229338260.0,1893.37,300.0,14.57
2017-08-03,4536.36,14615394396.0,1647.1,300.0,14.46
2017-08-04,4512.32,15747006036.0,1682.93,300.0,14.4
2017-08-07,4535.7,12423153004.0,1343.49,300.0,14.45
2017-08-08,4543.45,13724192813.0,1464.82,300.0,14.47
2017-08-09,4542.21,12467998860.0,1372.24,300.0,14.42
2017-08-10,4524.06,13008512753.0,1480.05,300.0,14.39
2017-08-11,4441.44,15038742068.0,1610.83,300.0,14.17
2017-08-14,4499.2,11530845104.0,1402.34,300.0,14.29
2017-08-15,4513.05,10644485669.0,1247.91,300.0,14.36
2017-08-16,4507.48,10413414118.0,1272.82,300.0,14.33
2017-08-17,4531.66,10865625103.0,1370.2,300.0,14.41
2017-08-18,4537.26,9656170477.0,1230.78,300.0,14.41
2017-08-21,4557.14,10031307318.0,1239.12,300.0,14.47
2017-08-22,4570.91,10029285594.0,1311.31,300.0,14.5
2017-08-23,4575.53,10496157286.0,1240.81,300.0,14.54
2017-08-24,4549.75,8994737205.0,1077.36,300.0,14.47
2017-08-25,4624.85,12994090035.0,1506.97,300.0,14.73
2017-08-28,4682.06,18557632545.0,2364.46,300.0,14.88
2017-08-29,4674.4,12822707016.0,1589.79,300.0,14.86
2017-08-30,4674.12,14135285692.0,1662.35,300.0,14.84
2017-08-31,4659.23,13294493536.0,1570.79,300.0,14.78
2017-09-01,4669.53,15864551095.0,1827.7,300.0,14.97
2017-09-04,4690.25,14956631992.0,1755.51,300.0,15.05
2017-09-05,4704.19,12496415485.0,1457.8,300.0,15.09
2017-09-06,4694.92,13139872344.0,1558.83,300.0,15.07
2017-09-07,4671.04,12388418115.0,1561.13,300.0,14.99
2017-09-08,4666.31,10603650410.0,1349.59,300.0,14.97
2017-09-11,4665.89,12388399705.0,1547.94,300.0,14.98
2017-09-12,4680.88,14419024180.0,1876.05,300.0,15.01
2017-09-13,4686.58,9541078547.0,1262.54,300.0,15.02
2017-09-14,4671.15,11535858270.0,1431.12,300.0,14.97
2017-09-15,4672.93,12242700582.0,1534.77,300.0,14.93
2017-09-18,4687.38,11793440545.0,1528.41,300.0,14.97
2017-09-19,4673.93,11243298685.0,1455.28,300.0,14.95
2017-09-20,4686.97,10112954191.0,1350.42,300.0,14.98
2017-09-21,4681.33,11109819231.0,1441.33,300.0,14.99
2017-09-22,4681.23,10061980193.0,1283.61,300.0,14.99
2017-09-25,4656.91,10394897617.0,1359.8,300.0,14.96
2017-09-26,4661.77,8186940722.0,1010.36,300.0,14.96
2017-09-27,4662.28,8565581066.0,1092.99,300.0,14.95
2017-09-28,4663.92,9354406916.0,1156.46,300.0,14.95
2017-09-29,4680.95,9330602810.0,1160.57,300.0,14.98
2017-10-09,4736.72,13553585121.0,1719.41,300.0,15.12
2017-10-10,4746.06,11253258590.0,1579.8,300.0,15.15
2017-10-11,4761.71,10441815071.0,1441.53,300.0,15.21
2017-10-12,4774.23,9434092113.0,1231.47,300.0,15.22
2017-10-13,4784.05,9014206805.0,1143.15,300.0,15.23
2017-10-16,4774.84,12135503276.0,1508.24,300.0,15.23
2017-10-17,4774.37,8224122705.0,1067.08,300.0,15.21
2017-10-18,4812.31,10096984109.0,1264.2,300.0,15.34
2017-10-19,4796.56,10652725169.0,1331.9,300.0,15.33
2017-10-20,4791.5,7298018026.0,945.3,300.0,15.3
2017-10-23,4796.32,8148497980.0,1002.81,300.0,15.3
2017-10-24,4831.25,9305815405.0,1201.92,300.0,15.4
2017-10-25,4852.66,8820545769.0,1068.2,300.0,15.43
2017-10-26,4872.95,12989546492.0,1704.89,300.0,15.46
2017-10-27,4907.62,12667284558.0,1529.75,300.0,15.55
2017-10-30,4892.68,15738760341.0,1934.9,300.0,15.53
2017-10-31,4889.01,10917877865.0,1428.97,300.0,15.51
2017-11-01,4876.69,13041738010.0,1664.77,300.0,14.99
2017-11-02,4877.32,12610057858.0,1519.81,300.0,14.99
2017-11-03,4871.91,12940443942.0,1581.42,300.0,14.99
2017-11-06,4906.31,12208115912.0,1589.12,300.0,15.06
2017-11-07,4947.01,15211666253.0,1939.91,300.0,15.18
2017-11-08,4939.39,15082771878.0,2009.5,300.0,15.16
2017-11-09,4973.43,12105633459.0,1592.47,300.0,15.22
2017-11-10,5017.37,14181716456.0,1988.7,300.0,15.27
2017-11-13,5037.09,15144630918.0,2059.31,300.0,15.34
2017-11-14,5002.04,14323693555.0,1996.05,300.0,15.24
2017-11-15,4970.71,12063569552.0,1777.53,300.0,15.13
2017-11-16,5008.95,12138441404.0,1729.04,300.0,15.17
2017-11-17,5028.28,19178411932.0,2530.79,300.0,15.25
2017-11-20,5056.34,13744725817.0,1915.9,300.0,15.33
2017-11-21,5146.48,18035082076.0,2533.02,300.0,15.52
2017-11-22,5158.51,18647700291.0,2542.98,300.0,15.62
2017-11-23,5005.78,17814722782.0,2375.37,300.0,15.21
2017-11-24,5008.01,13085804045.0,1829.12,300.0,15.21
2017-11-27,4941.8,14345526842.0,1830.05,300.0,15.03
2017-11-28,4948.97,10205809513.0,1355.4,300.0,15.03
2017-11-29,4946.45,12455364159.0,1657.43,300.0,15.03
2017-11-30,4888.3,10798334484.0,1458.3,300.0,14.9
2017-12-01,4878.58,9738691301.0,1360.11,300.0,14.88
2017-12-04,4903.87,10264721905.0,1382.23,300.0,14.93
2017-12-05,4929.87,15408707588.0,1963.38,300.0,15.02
2017-12-06,4900.17,10928620521.0,1441.15,300.0,14.93
2017-12-07,4845.55,9025404516.0,1196.51,300.0,14.78
2017-12-08,4884.99,8928286077.0,1243.71,300.0,14.85
2017-12-11,4965.67,9714894622.0,1484.77,300.0,15.22
2017-12-12,4900.41,8433871814.0,1235.15,300.0,15.03
2017-12-13,4941.99,7754613109.0,1150.06,300.0,15.14
2017-12-14,4912.78,8076886188.0,1150.87,300.0,15.06
2017-12-15,4857.51,8904438944.0,1184.74,300.0,14.91
2017-12-18,4862.92,7785337451.0,1117.24,300.0,14.93
2017-12-19,4923.98,7752898484.0,1159.98,300.0,15.09
2017-12-20,4918.07,9060450275.0,1268.13,300.0,15.08
2017-12-21,4963.66,9683608890.0,1378.2,300.0,15.18
2017-12-22,4947.49,7347368403.0,1044.26,300.0,15.15
2017-12-25,4931.56,9192696229.0,1299.39,300.0,15.1
2017-12-26,4946.3,9111878977.0,1197.25,300.0,15.18
2017-12-27,4870.14,10515357706.0,1405.17,300.0,15.0
2017-12-28,4903.93,11854288637.0,1536.37,300.0,15.11
2017-12-29,4918.52,9048668270.0,1212.57,300.0,15.18
2018-01-02,4987.52,14693543517.0,1784.02,300.0,15.37
2018-01-03,5016.79,15185221812.0,2057.27,300.0,15.45
2018-01-04,5038.05,13454379363.0,1745.24,300.0,15.54
2018-01-05,5050.17,14900987246.0,1852.06,300.0,15.58
2018-01-08,5076.3,17387766554.0,2264.04,300.0,15.66
2018-01-09,5111.85,13903429447.0,1819.75,300.0,15.72
2018-01-10,5134.45,15112166621.0,1948.5,300.0,15.82
2018-01-11,5131.73,12157853943.0,1704.07,300.0,15.83
2018-01-12,5155.42,11135479365.0,1576.06,300.0,15.88
2018-01-15,5155.71,17090789686.0,2349.87,300.0,15.9
2018-01-16,5196.26,16149496319.0,2282.71,300.0,16.01
2018-01-17,5183.62,21431103206.0,2845.54,300.0,16.04
2018-01-18,5212.06,17203284556.0,2252.9,300.0,16.18
2018-01-19,5229.11,20949057026.0,2585.55,300.0,16.26
2018-01-22,5291.59,17464319492.0,2339.6,300.0,16.39
2018-01-23,5347.74,20186758454.0,2571.13,300.0,16.64
2018-01-24,5356.61,21981888880.0,2844.71,300.0,16.68
2018-01-25,5326.34,19537495012.0,2503.08,300.0,16.61
2018-01-26,5347.0,17722723715.0,2233.31,300.0,16.67
2018-01-29,5250.24,19110035430.0,2561.76,300.0,16.47
2018-01-30,5194.21,13903472987.0,1866.51,300.0,16.25
2018-01-31,5218.37,14521016406.0,1944.02,300.0,16.32
2018-02-01,5181.75,19000293445.0,2392.3,300.0,16.29
2018-02-02,5212.67,14606682660.0,1911.7,300.0,16.42
2018-02-05,5216.23,16134779941.0,2173.6,300.0,16.52
2018-02-06,5063.36,21491045009.0,2794.15,300.0,16.05
2018-02-07,4943.28,20312749279.0,2615.07,300.0,15.63
2018-02-08,4896.38,15926998535.0,1990.62,300.0,15.37
2018-02-09,4687.21,20634982787.0,2467.75,300.0,14.73
2018-02-12,4747.56,11618263680.0,1498.58,300.0,14.84
2018-02-13,4803.13,11256588484.0,1444.79,300.0,15.01
2018-02-14,4841.36,7108133828.0,931.1,300.0,15.1
2018-02-22,4946.04,10581157128.0,1383.34,300.0,15.44
2018-02-23,4968.44,9945874553.0,1281.96,300.0,15.52
2018-02-26,5026.2,13788100050.0,1790.13,300.0,15.69
2018-02-27,4953.66,12593447000.0,1696.85,300.0,15.45
2018-02-28,4910.53,10934359280.0,1524.94,300.0,15.3
2018-03-01,4941.59,11019985179.0,1460.03,300.0,15.37
2018-03-02,4901.77,9616499972.0,1309.31,300.0,15.26
2018-03-05,4903.77,8795254843.0,1181.98,300.0,15.26
2018-03-06,4962.92,13876244384.0,1713.71,300.0,15.42
2018-03-07,4926.41,10695242609.0,1365.72,300.0,15.33
2018-03-08,4976.39,9115581035.0,1236.35,300.0,15.43
2018-03-09,5014.54,11370180832.0,1500.24,300.0,15.52
2018-03-12,5037.49,14090673875.0,1903.68,300.0,15.57
2018-03-13,4993.05,11176643004.0,1411.74,300.0,15.47
2018-03-14,4971.19,9901340894.0,1315.38,300.0,15.4
2018-03-15,4999.04,8816115555.0,1268.82,300.0,15.46
2018-03-16,4950.54,8489618754.0,1221.25,300.0,15.31
2018-03-19,4972.29,8150288196.0,1181.84,300.0,15.36
2018-03-20,4976.51,8060528014.0,1119.8,300.0,15.41
2018-03-21,4956.19,9760948834.0,1393.3,300.0,15.35
2018-03-22,4906.52,8909525944.0,1276.64,300.0,15.23
2018-03-23,4765.66,18008044892.0,2189.05,300.0,14.84
2018-03-26,4735.1,11513912753.0,1566.05,300.0,14.68
2018-03-27,4775.83,11370071072.0,1622.92,300.0,14.78
2018-03-28,4689.73,10149490848.0,1558.49,300.0,14.55
2018-03-29,4752.38,11662906625.0,1649.97,300.0,14.75
2018-03-30,4757.89,9751226996.0,1379.59,300.0,14.75
2018-04-02,4743.76,11124266598.0,1593.56,300.0,14.68
2018-04-03,4713.93,9513736877.0,1320.5,300.0,14.57
2018-04-04,4704.63,8873060896.0,1315.93,300.0,14.54
2018-04-09,4702.27,8410546209.0,1181.67,300.0,14.54
2018-04-10,4792.88,10617372154.0,1379.41,300.0,14.83
2018-04-11,4806.52,11193302112.0,1399.89,300.0,14.9
2018-04-12,4758.05,8269949015.0,1080.76,300.0,14.75
2018-04-13,4724.5,7154420268.0,989.22,300.0,14.65
2018-04-16,4648.51,9921776953.0,1315.67,300.0,14.39
2018-04-17,4575.02,9061078973.0,1265.19,300.0,14.19
2018-04-18,4596.58,10667670558.0,1430.78,300.0,14.28
2018-04-19,4652.18,9905406048.0,1275.2,300.0,14.44
2018-04-20,4589.95,9928292502.0,1235.51,300.0,14.26
2018-04-23,4596.63,9035629102.0,1117.63,300.0,14.28
2018-04-24,4690.8,11421952521.0,1457.01,300.0,14.56
2018-04-25,4672.86,7817261248.0,1057.5,300.0,14.48
2018-04-26,4583.51,8715064065.0,1257.72,300.0,14.27
2018-04-27,4585.66,8953172641.0,1421.14,300.0,14.32
2018-05-02,4593.99,8330103524.0,1200.83,300.0,13.37
2018-05-03,4629.82,9396111831.0,1227.4,300.0,13.46
2018-05-04,4610.44,7155428765.0,983.15,300.0,13.4
2018-05-07,4683.38,8728619523.0,1263.55,300.0,13.6
2018-05-08,4737.72,9421515705.0,1354.46,300.0,13.73
2018-05-09,4729.87,6671296624.0,923.23,300.0,13.71
2018-05-10,4756.35,7066780946.0,1032.55,300.0,13.79
2018-05-11,4731.79,7335660416.0,1077.15,300.0,13.74
2018-05-14,4776.37,8197599932.0,1225.2,300.0,13.84
2018-05-15,4794.61,7604955524.0,1060.92,300.0,13.89
2018-05-16,4756.6,7191364587.0,1065.34,300.0,13.76
2018-05-17,4721.64,5903012334.0,871.04,300.0,13.68
2018-05-18,4769.41,7261395600.0,968.24,300.0,13.87
2018-05-21,4792.02,9264173705.0,1205.29,300.0,13.91
2018-05-22,4774.5,7536877768.0,1028.83,300.0,13.86
2018-05-23,4711.4,8372231929.0,1106.85,300.0,13.65
2018-05-24,4678.11,6834502174.0,934.08,300.0,13.56
2018-05-25,4668.07,7083638567.0,956.68,300.0,13.5
2018-05-28,4688.66,7152113205.0,1000.02,300.0,13.53
2018-05-29,4653.6,8155266191.0,1172.89,300.0,13.43
2018-05-30,4555.13,8791328452.0,1158.59,300.0,13.13
2018-05-31,4652.62,9266689354.0,1305.45,300.0,13.38
2018-06-01,4614.12,7782181334.0,1059.35,300.0,13.29
2018-06-04,4659.41,7662434061.0,1151.46,300.0,13.4
2018-06-05,4707.54,7868736023.0,1212.61,300.0,13.48
2018-06-06,4697.89,7311723743.0,1071.42,300.0,13.46
2018-06-07,4696.63,8025614665.0,1123.66,300.0,13.45
2018-06-08,4637.03,8333733501.0,1078.19,300.0,13.27
2018-06-11,4637.67,6870983400.0,1055.98,300.0,13.51
2018-06-12,4694.16,7320624410.0,1162.17,300.0,13.63
2018-06-13,4648.48,6637797016.0,971.85,300.0,13.5
2018-06-14,4630.35,6847132248.0,992.34,300.0,13.47
2018-06-15,4613.77,8548889325.0,1095.35,300.0,13.42
2018-06-18,4614.35,0.0,0.0,300.0,13.42
2018-06-19,4451.68,16070654210.0,1938.49,300.0,13.01
2018-06-20,4470.27,8671809815.0,1128.05,300.0,13.04
2018-06-21,4418.77,9390855212.0,1155.84,300.0,12.89
2018-06-22,4441.3,7511786370.0,896.87,300.0,12.93
2018-06-25,4382.06,7987707781.0,1066.9,300.0,12.76
2018-06-26,4346.47,8498526899.0,1081.32,300.0,12.65
2018-06-27,4258.53,8149181732.0,1076.29,300.0,12.45
2018-06-28,4215.85,7591805075.0,985.71,300.0,12.34
2018-06-29,4327.29,7725703108.0,976.16,300.0,12.53
2018-07-02,4200.49,8435144908.0,1076.02,300.0,12.16
2018-07-03,4202.58,9527869343.0,1298.98,300.0,12.15
2018-07-04,4147.18,7515799691.0,936.49,300.0,12.02
2018-07-05,4122.76,8158798127.0,975.45,300.0,11.88
2018-07-06,4152.84,8609757902.0,1094.82,300.0,11.94
2018-07-09,4269.9,7660154548.0,1009.19,300.0,12.27
2018-07-10,4282.44,6954882287.0,901.27,300.0,12.3
2018-07-11,4209.09,7204094963.0,896.62,300.0,12.09
2018-07-12,4306.76,9635356445.0,1178.06,300.0,12.34
2018-07-13,4325.88,7295589724.0,998.0,300.0,12.31
2018-07-16,4305.34,6828199928.0,907.54,300.0,12.23
2018-07-17,4282.34,6198307632.0,857.21,300.0,12.09
2018-07-18,4260.8,6653032978.0,885.57,300.0,12.04
2018-07-19,4257.36,6847771619.0,888.05,300.0,12.02
2018-07-20,4337.83,10198472708.0,1221.97,300.0,12.27
2018-07-23,4378.92,11903662653.0,1439.61,300.0,12.41
2018-07-24,4448.5,15691243478.0,1774.49,300.0,12.6
2018-07-25,4443.75,9675850091.0,1121.77,300.0,12.58
2018-07-26,4392.36,9034964146.0,1055.77,300.0,12.46
2018-07-27,4375.19,7017810395.0,811.92,300.0,12.42
2018-07-30,4367.65,8211699505.0,961.83,300.0,12.41
2018-07-31,4371.37,6798081710.0,800.22,300.0,12.44
2018-08-01,4284.82,9034861749.0,1074.77,300.0,12.2
2018-08-02,4189.84,10130872696.0,1224.01,300.0,11.96
2018-08-03,4120.9,7079690998.0,913.96,300.0,11.81
2018-08-06,4068.72,7797508307.0,975.18,300.0,11.68
2018-08-07,4187.84,9178391638.0,1075.12,300.0,12.01
2018-08-08,4122.25,7928486535.0,909.59,300.0,11.84
2018-08-09,4225.93,9195757182.0,1088.02,300.0,12.09
2018-08-10,4235.43,6896729866.0,856.35,300.0,12.09
2018-08-13,4217.36,7619153227.0,908.69,300.0,12.02
2018-08-14,4195.68,6065144617.0,721.22,300.0,11.99
2018-08-15,4095.61,6817405540.0,834.02,300.0,11.73
2018-08-16,4076.67,7654736551.0,892.69,300.0,11.66
2018-08-17,4018.74,6739541343.0,844.52,300.0,11.52
2018-08-20,4065.56,7090422767.0,889.63,300.0,11.67
2018-08-21,4139.78,7520558321.0,979.26,300.0,11.84
2018-08-22,4116.8,5078705741.0,665.49,300.0,11.77
2018-08-23,4133.85,6111233407.0,802.13,300.0,11.8
2018-08-24,4142.12,6376589716.0,771.98,300.0,11.83
2018-08-27,4243.47,9427008184.0,1149.61,300.0,12.09
2018-08-28,4235.62,7544536261.0,949.46,300.0,12.06
2018-08-29,4218.68,6702040436.0,790.72,300.0,12.03
2018-08-30,4174.48,6838529009.0,802.26,300.0,11.9
2018-08-31,4153.82,7620562986.0,960.92,300.0,11.87
2018-09-03,4138.02,6642985451.0,813.06,300.0,11.74
2018-09-04,4190.44,6708880657.0,858.92,300.0,11.88
2018-09-05,4108.52,6430188817.0,806.57,300.0,11.66
2018-09-06,4067.32,6230028754.0,793.73,300.0,11.58
2018-09-07,4085.72,6394740797.0,812.63,300.0,11.62
2018-09-10,4026.42,6381705102.0,761.76,300.0,11.48
2018-09-11,4019.12,5849130460.0,677.22,300.0,11.46
2018-09-12,3992.14,5462789924.0,688.87,300.0,11.4
2018-09-13,4035.21,6729032689.0,858.88,300.0,11.53
2018-09-14,4042.1,6013064023.0,764.81,300.0,11.55
2018-09-17,3995.78,5225954701.0,606.51,300.0,11.43
2018-09-18,4076.25,7042503525.0,838.99,300.0,11.64
2018-09-19,4129.92,8917066649.0,1093.95,300.0,11.79
2018-09-20,4126.98,6456105681.0,766.61,300.0,11.79
2018-09-21,4252.35,10841600480.0,1235.73,300.0,12.14
2018-09-25,4214.1,6905469331.0,828.7,300.0,12.04
2018-09-26,4260.78,9317334260.0,1191.13,300.0,12.17
2018-09-27,4243.86,6976524107.0,875.73,300.0,12.14
2018-09-28,4287.99,8437775643.0,948.8,300.0,12.26
2018-10-08,4103.48,9788898898.0,1141.64,300.0,11.75
2018-10-09,4100.73,6672327353.0,783.73,300.0,11.76
2018-10-10,4091.89,6449282766.0,791.67,300.0,11.76
2018-10-11,3895.52,12094134212.0,1257.23,300.0,11.22
2018-10-12,3953.66,9861115072.0,1044.23,300.0,11.39
2018-10-15,3898.45,6960502289.0,771.38,300.0,11.22
2018-10-16,3866.68,6888772097.0,752.06,300.0,11.16
2018-10-17,3888.22,7683713766.0,861.33,300.0,11.23
2018-10-18,3796.13,7377196820.0,797.04,300.0,10.92
2018-10-19,3909.04,9883968834.0,1109.51,300.0,11.22
2018-10-22,4078.02,14586204496.0,1706.51,300.0,11.67
2018-10-23,3970.06,12101324103.0,1425.89,300.0,11.37
2018-10-24,3976.25,11090974366.0,1209.54,300.0,11.39
2018-10-25,3984.03,10695181693.0,1132.92,300.0,11.41
2018-10-26,3958.35,10129935406.0,1060.7,300.0,11.37
2018-10-29,3837.68,9183978935.0,1084.79,300.0,11.07
2018-10-30,3879.3,11607010133.0,1317.67,300.0,11.17
2018-10-31,3933.69,11120745491.0,1171.0,300.0,11.31
2018-11-01,3962.64,13265337888.0,1459.19,300.0,11.17
2018-11-02,4103.85,15346610444.0,1783.41,300.0,11.51
2018-11-05,4069.66,10970668326.0,1236.31,300.0,11.41
2018-11-06,4045.11,8386913783.0,917.04,300.0,11.36
2018-11-07,4018.61,9161552760.0,1018.15,300.0,11.28
2018-11-08,4007.22,7641453981.0,852.22,300.0,11.26
2018-11-09,3950.68,8428276212.0,881.94,300.0,11.07
2018-11-12,3997.7,8806239141.0,973.63,300.0,11.18
2018-11-13,4037.91,12649346386.0,1256.03,300.0,11.27
2018-11-14,3997.45,11380865941.0,1053.87,300.0,11.14
2018-11-15,4044.54,9855881025.0,1001.19,300.0,11.27
2018-11-16,4063.63,12687683530.0,1353.8,300.0,11.3
2018-11-19,4109.7,11595659463.0,1231.89,300.0,11.43
2018-11-20,4014.65,10936115412.0,1141.55,300.0,11.19
2018-11-21,4024.73,8411972600.0,878.13,300.0,11.2
2018-11-22,4009.68,6509829064.0,700.83,300.0,11.17
2018-11-23,3921.18,8463825474.0,868.65,300.0,10.94
2018-11-26,3918.39,5937913992.0,618.99,300.0,10.92
2018-11-27,3913.4,5540783247.0,619.46,300.0,10.9
2018-11-28,3965.41,7488195538.0,776.21,300.0,11.03
2018-11-29,3913.92,8049846600.0,869.28,300.0,10.9
2018-11-30,3957.62,7092104425.0,772.98,300.0,11.01
2018-12-03,4067.72,12148715654.0,1458.28,300.0,11.3
2018-12-04,4076.15,7941503928.0,905.44,300.0,11.32
2018-12-05,4056.56,7615305152.0,909.09,300.0,11.27
2018-12-06,3968.83,7632877073.0,956.79,300.0,11.05
2018-12-07,3969.06,5336192449.0,663.24,300.0,11.06
2018-12-10,3923.15,6343727332.0,737.17,300.0,10.96
2018-12-11,3941.92,5322387714.0,600.15,300.0,11.0
2018-12-12,3955.39,5330991402.0,605.36,300.0,11.05
2018-12-13,4016.62,9044275459.0,1033.75,300.0,11.2
2018-12-14,3949.53,8430125003.0,915.77,300.0,11.05
2018-12-17,3943.65,6649700659.0,771.51,300.0,11.19
2018-12-18,3902.77,6382031945.0,720.35,300.0,11.08
2018-12-19,3856.23,5552229939.0,678.73,300.0,10.96
2018-12-20,3826.65,6974946250.0,781.81,300.0,10.88
2018-12-21,3779.22,7675810146.0,848.24,300.0,10.77
2018-12-24,3790.2,5729961481.0,638.81,300.0,10.81
2018-12-25,3764.11,7868942488.0,804.14,300.0,10.72
2018-12-26,3745.09,5564703245.0,585.75,300.0,10.69
2018-12-27,3730.71,8054178458.0,811.59,300.0,10.64
2018-12-28,3755.91,7105377883.0,781.45,300.0,10.71
2019-01-02,3704.62,6866302129.0,761.06,300.0,10.56
2019-01-03,3698.76,7086710339.0,766.65,300.0,10.55
2019-01-04,3787.38,10331897161.0,1071.41,300.0,10.78
2019-01-07,3810.37,10116435936.0,1057.04,300.0,10.83
2019-01-08,3802.13,8617058548.0,796.29,300.0,10.81
2019-01-09,3840.52,10736434992.0,1171.3,300.0,10.91
2019-01-10,3833.3,8527175570.0,902.07,300.0,10.86
2019-01-11,3860.86,7178642398.0,774.2,300.0,10.93
2019-01-14,3827.19,6612170210.0,681.16,300.0,10.84
2019-01-15,3902.3,8877296204.0,999.77,300.0,11.01
2019-01-16,3903.12,8021434059.0,857.82,300.0,11.02
2019-01-17,3881.62,8017487070.0,828.88,300.0,10.97
2019-01-18,3952.43,10396383444.0,1067.81,300.0,11.16
2019-01-21,3974.21,9391502197.0,1055.37,300.0,11.23
2019-01-22,3921.42,7299052828.0,781.51,300.0,11.08
2019-01-23,3918.59,5987047816.0,626.7,300.0,11.08
2019-01-24,3940.71,7293463594.0,809.64,300.0,11.13
2019-01-25,3972.76,8396772867.0,932.08,300.0,11.22
2019-01-28,3971.89,8262243057.0,973.71,300.0,11.22
2019-01-29,3984.61,7765833361.0,859.44,300.0,11.26
2019-01-30,3952.81,6374651689.0,730.05,300.0,11.18
2019-01-31,3994.17,8624783863.0,975.1,300.0,11.3
2019-02-01,4051.26,8201964099.0,947.66,300.0,11.43
2019-02-11,4124.96,9881843353.0,1147.52,300.0,11.59
2019-02-12,4154.73,12223246216.0,1228.34,300.0,11.67
2019-02-13,4237.93,16382833186.0,1688.66,300.0,11.89
2019-02-14,4244.31,15112728969.0,1386.49,300.0,11.89
2019-02-15,4165.17,14366860337.0,1415.55,300.0,11.68
2019-02-18,4298.71,18288608945.0,1804.5,300.0,12.02
2019-02-19,4291.05,17908378540.0,1857.63,300.0,12.0
2019-02-20,4306.42,14739031144.0,1455.7,300.0,12.05
2019-02-21,4294.92,18014328663.0,1851.97,300.0,12.0
2019-02-22,4391.49,18723797432.0,2028.69,300.0,12.22
2019-02-25,4653.91,34255712172.0,3763.82,300.0,12.91
2019-02-26,4598.02,35803869786.0,3876.33,300.0,12.78
2019-02-27,4590.15,28623600723.0,3073.06,300.0,12.8
2019-02-28,4578.89,18481021971.0,2060.11,300.0,12.74
2019-03-01,4679.15,20471100413.0,2356.21,300.0,13.01
2019-03-04,4734.55,32349012596.0,3763.97,300.0,13.15
2019-03-05,4761.89,23085316610.0,2614.64,300.0,13.21
2019-03-06,4801.91,31807737108.0,3311.56,300.0,13.34
2019-03-07,4752.95,32984654848.0,3593.39,300.0,13.22
2019-03-08,4564.18,31799007663.0,3492.97,300.0,12.69
2019-03-11,4654.5,23091286496.0,2687.18,300.0,12.92
2019-03-12,4686.19,27492638173.0,3251.81,300.0,13.01
2019-03-13,4647.31,23368224794.0,2861.71,300.0,12.88
2019-03-14,4615.23,19081723732.0,2318.2,300.0,12.79
2019-03-15,4673.28,17517454350.0,2241.94,300.0,12.92
2019-03-18,4806.48,21692806006.0,2764.73,300.0,13.26
2019-03-19,4784.28,18172710965.0,2240.97,300.0,13.21
2019-03-20,4786.13,17563208994.0,2154.07,300.0,13.19
2019-03-21,4787.94,19631031014.0,2319.93,300.0,13.19
2019-03-22,4784.08,17135699267.0,1985.18,300.0,13.18
2019-03-25,4670.56,19858632903.0,2233.97,300.0,12.87
2019-03-26,4617.66,17304657938.0,1965.48,300.0,12.74
2019-03-27,4671.26,13875845373.0,1775.08,300.0,12.86
2019-03-28,4652.75,13327212931.0,1726.04,300.0,12.79
2019-03-29,4832.43,21563910279.0,2830.22,300.0,13.25
2019-04-01,4959.2,27138270448.0,3407.99,300.0,13.57
2019-04-02,4955.9,22600034053.0,2818.92,300.0,13.55
2019-04-03,5019.39,23191736833.0,2848.26,300.0,13.71
2019-04-04,5069.53,26041093934.0,3135.39,300.0,13.85
2019-04-08,5064.98,26750557632.0,3246.7,300.0,13.84
2019-04-09,5087.71,18295680808.0,2431.88,300.0,13.86
2019-04-10,5100.71,19468761253.0,2782.82,300.0,13.86
2019-04-11,4990.52,16904964061.0,2362.59,300.0,13.61
2019-04-12,4979.33,13586211801.0,1787.96,300.0,13.6
2019-04-15,4962.99,18264557053.0,2362.99,300.0,13.56
2019-04-16,5100.78,20204196561.0,2505.69,300.0,13.91
2019-04-17,5102.59,18036711654.0,2288.24,300.0,13.93
2019-04-18,5084.13,14656212297.0,1878.13,300.0,13.88
2019-04-19,5144.8,15079491005.0,1947.02,300.0,13.99
2019-04-22,5026.4,18935374488.0,2443.81,300.0,13.71
2019-04-23,5018.15,15561165031.0,2041.22,300.0,13.68
2019-04-24,5032.01,14549869505.0,1864.98,300.0,13.7
2019-04-25,4921.79,15972207129.0,1975.31,300.0,13.43
2019-04-26,4856.19,14200806788.0,1865.72,300.0,13.26
2019-04-29,4870.04,15387092686.0,2039.47,300.0,13.28
2019-04-30,4886.12,11623337567.0,1616.66,300.0,13.32
2019-05-06,4600.73,19747288215.0,2541.15,300.0,13.17
2019-05-07,4646.16,13284765416.0,1836.59,300.0,13.27
2019-05-08,4579.71,11286735495.0,1450.58,300.0,13.09
2019-05-09,4495.17,10103739393.0,1418.29,300.0,12.86
2019-05-10,4658.54,14800384677.0,1950.67,300.0,13.26
2019-05-13,4581.45,10339185989.0,1350.54,300.0,13.07
2019-05-14,4552.01,10231346020.0,1352.63,300.0,12.99
2019-05-15,4654.96,11016176896.0,1525.35,300.0,13.25
2019-05-16,4676.09,11625827371.0,1398.52,300.0,13.31
2019-05-17,4557.34,12845324457.0,1540.92,300.0,13.01
2019-05-20,4518.66,10896347666.0,1341.94,300.0,12.95
2019-05-21,4580.34,11102292034.0,1330.71,300.0,13.09
2019-05-22,4558.62,9834612808.0,1217.75,300.0,13.04
2019-05-23,4481.83,9989778089.0,1256.12,300.0,12.85
2019-05-24,4495.48,8093404769.0,1013.37,300.0,12.87
2019-05-27,4551.65,10883087116.0,1333.99,300.0,13.0
2019-05-28,4597.02,11788624049.0,1489.66,300.0,13.12
2019-05-29,4587.17,9335544108.0,1200.02,300.0,13.1
2019-05-30,4561.61,9420256068.0,1128.64,300.0,13.04
2019-05-31,4549.72,8922226697.0,1082.64,300.0,12.99
2019-06-03,4554.24,10072317967.0,1239.02,300.0,12.99
2019-06-04,4512.19,8709709437.0,1094.67,300.0,12.89
2019-06-05,4511.58,8864201984.0,1146.34,300.0,12.89
2019-06-06,4472.57,8553440325.0,1043.67,300.0,12.78
2019-06-10,4530.52,9237506080.0,1173.47,300.0,12.91
2019-06-11,4670.19,14348280572.0,1808.99,300.0,13.23
2019-06-12,4635.27,11917885287.0,1322.96,300.0,13.13
2019-06-13,4628.3,9633171805.0,1104.6,300.0,13.11
2019-06-14,4591.54,10181700362.0,1165.84,300.0,13.02
2019-06-17,4591.8,7297667841.0,930.93,300.0,13.25
2019-06-18,4608.21,7069226581.0,894.73,300.0,13.27
2019-06-19,4677.07,12559571454.0,1725.74,300.0,13.4
2019-06-20,4819.04,16887207339.0,2277.27,300.0,13.76
2019-06-21,4826.35,15363515458.0,1999.62,300.0,13.8
2019-06-24,4836.12,10008462083.0,1436.45,300.0,13.83
2019-06-25,4786.36,12407591237.0,1693.59,300.0,13.71
2019-06-26,4779.12,8182028290.0,1121.07,300.0,13.68
2019-06-27,4832.56,10531635785.0,1564.83,300.0,13.79
2019-06-28,4825.33,8476613856.0,1165.12,300.0,13.72
2019-07-01,4964.46,15837034035.0,2174.7,300.0,14.06
2019-07-02,4966.2,13186349612.0,1739.97,300.0,14.06
2019-07-03,4914.19,11199260318.0,1631.46,300.0,13.9
2019-07-04,4889.0,9934225603.0,1426.69,300.0,13.84
2019-07-05,4918.25,7400652704.0,1162.37,300.0,13.88
2019-07-08,4805.3,10953908632.0,1471.98,300.0,13.57
2019-07-09,4796.3,7484273179.0,1131.48,300.0,13.53
2019-07-10,4790.16,7283394786.0,1013.55,300.0,13.49
2019-07-11,4792.63,7531196525.0,1136.75,300.0,13.49
2019-07-12,4830.67,7546596661.0,1070.08,300.0,13.57
2019-07-15,4850.31,10120522162.0,1424.93,300.0,13.61
2019-07-16,4828.9,8073095201.0,1084.5,300.0,13.56
2019-07-17,4827.08,9518388459.0,1167.67,300.0,13.55
2019-07-18,4783.31,8749644511.0,1116.69,300.0,13.43
2019-07-19,4835.28,8808614862.0,1177.98,300.0,13.56
2019-07-22,4802.47,9210137701.0,1178.1,300.0,13.47
2019-07-23,4815.47,7131334591.0,1038.67,300.0,13.5
2019-07-24,4853.87,9094068377.0,1299.41,300.0,13.6
2019-07-25,4893.99,9374041726.0,1259.0,300.0,13.69
2019-07-26,4904.34,8325929960.0,1109.3,300.0,13.72
2019-07-29,4898.93,8481437000.0,1116.79,300.0,13.7
2019-07-30,4919.71,9412395542.0,1204.8,300.0,13.75
2019-07-31,4876.7,8215115508.0,1110.84,300.0,13.65
2019-08-01,4836.15,8411418046.0,1176.49,300.0,13.53
2019-08-02,4766.09,10833589691.0,1418.75,300.0,13.34
2019-08-05,4675.33,10132598090.0,1330.61,300.0,13.09
2019-08-06,4628.07,12983387102.0,1672.67,300.0,12.95
2019-08-07,4609.11,8423871611.0,1086.68,300.0,12.89
2019-08-08,4671.13,8845770717.0,1149.82,300.0,13.05
2019-08-09,4626.0,8529558002.0,1163.56,300.0,12.95
2019-08-12,4709.97,8208305641.0,1211.29,300.0,13.16
2019-08-13,4667.5,7650030186.0,1037.64,300.0,13.06
2019-08-14,4688.7,9120259017.0,1283.02,300.0,13.12
2019-08-15,4706.24,8859883182.0,1192.41,300.0,13.16
2019-08-16,4727.74,8831916926.0,1326.97,300.0,13.19
2019-08-19,4830.72,13932701264.0,1954.49,300.0,13.46
2019-08-20,4826.49,10860208818.0,1491.15,300.0,13.44
2019-08-21,4818.96,8229987958.0,1216.89,300.0,13.43
2019-08-22,4834.62,8580779224.0,1207.08,300.0,13.45
2019-08-23,4869.49,8795458261.0,1378.02,300.0,13.53
2019-08-26,4799.74,9385926890.0,1423.51,300.0,13.35
2019-08-27,4865.08,12473147788.0,1817.49,300.0,13.53
2019-08-28,4846.77,8875081224.0,1376.67,300.0,13.48
2019-08-29,4830.97,8408338735.0,1264.76,300.0,13.45
2019-08-30,4842.95,9669515006.0,1524.09,300.0,13.47
2019-09-02,4905.07,11028934864.0,1649.94,300.0,12.75
2019-09-03,4911.81,9771463094.0,1462.71,300.0,12.78
2019-09-04,4956.32,12662861461.0,1768.4,300.0,12.89
2019-09-05,5006.47,18165623072.0,2446.81,300.0,13.01
2019-09-06,5036.04,12188237610.0,1817.18,300.0,13.08
2019-09-09,5067.21,14680975390.0,2095.45,300.0,13.15
2019-09-10,5049.76,13088938553.0,1844.94,300.0,13.12
2019-09-11,5012.56,13159487549.0,1901.65,300.0,13.04
2019-09-12,5066.48,11024127293.0,1567.51,300.0,13.16
2019-09-16,5047.78,11025980468.0,1547.37,300.0,13.13
2019-09-17,4963.59,11369431699.0,1548.99,300.0,12.92
2019-09-18,4987.65,8205615233.0,1301.6,300.0,12.96
2019-09-19,5005.89,8598423763.0,1274.22,300.0,13.01
2019-09-20,5020.27,10345595487.0,1531.63,300.0,13.05
2019-09-23,4962.88,9403622500.0,1392.24,300.0,12.91
2019-09-24,4976.44,8778323013.0,1423.41,300.0,12.94
2019-09-25,4938.05,8952083464.0,1332.24,300.0,12.83
2019-09-26,4900.08,10269830095.0,1508.07,300.0,12.75
2019-09-27,4914.77,7400394670.0,1091.3,300.0,12.77
2019-09-30,4866.13,6593131283.0,1004.87,300.0,12.66
2019-10-08,4895.67,7665785960.0,1183.66,300.0,12.71
2019-10-09,4902.76,7585451224.0,1124.06,300.0,12.74
2019-10-10,4942.81,7922269416.0,1274.74,300.0,12.83
2019-10-11,4990.57,9341257658.0,1398.17,300.0,12.96
2019-10-14,5043.53,12239361148.0,1678.57,300.0,13.1
2019-10-15,5021.86,8527394874.0,1251.17,300.0,13.05
2019-10-16,5004.55,8322970682.0,1285.59,300.0,13.0
2019-10-17,5007.79,6486374539.0,999.92,300.0,13.01
2019-10-18,4936.54,8232114022.0,1221.87,300.0,12.85
2019-10-21,4951.22,7418291832.0,1108.58,300.0,12.9
2019-10-22,4970.41,6891856573.0,1028.43,300.0,12.95
2019-10-23,4938.78,7019862523.0,997.34,300.0,12.89
2019-10-24,4938.25,7133457533.0,1050.97,300.0,12.89
2019-10-25,4971.88,7745361960.0,1266.77,300.0,12.97
2019-10-28,5009.89,9740601956.0,1507.62,300.0,13.06
2019-10-29,4989.02,8225707499.0,1396.11,300.0,12.99
2019-10-30,4964.78,7787292296.0,1226.11,300.0,12.95
2019-10-31,4959.07,8671453931.0,1350.12,300.0,12.92
2019-11-01,5042.81,10068961238.0,1514.71,300.0,12.8
2019-11-04,5075.65,10419385531.0,1544.85,300.0,12.88
2019-11-05,5107.15,11291187976.0,1633.18,300.0,12.96
2019-11-06,5084.27,9731295222.0,1398.6,300.0,12.91
2019-11-07,5093.19,8725489757.0,1177.52,300.0,12.91
2019-11-08,5069.12,9710694829.0,1390.27,300.0,12.85
2019-11-11,4979.77,9415562062.0,1303.3,300.0,12.63
2019-11-12,4980.76,7654306884.0,1088.28,300.0,12.64
2019-11-13,4976.03,7674907798.0,1120.57,300.0,12.61
2019-11-14,4983.52,8700844563.0,1197.92,300.0,12.62
2019-11-15,4946.82,8373091691.0,1154.23,300.0,12.54
2019-11-18,4986.17,7664599293.0,1070.86,300.0,12.62
2019-11-19,5036.42,8216102548.0,1232.27,300.0,12.73
2019-11-20,4986.43,7681533323.0,1180.03,300.0,12.62
2019-11-21,4963.12,6913053830.0,1041.48,300.0,12.57
2019-11-22,4912.59,9104263909.0,1469.81,300.0,12.46
2019-11-25,4948.59,10606628949.0,1408.51,300.0,12.56
2019-11-26,4965.75,11151353747.0,1402.14,300.0,12.61
2019-11-27,4945.29,7643730466.0,1072.39,300.0,12.56
2019-11-28,4928.3,6523011875.0,870.82,300.0,12.51
2019-11-29,4885.38,7414433086.0,1162.01,300.0,12.4
2019-12-02,4894.81,7741217280.0,1099.93,300.0,12.42
2019-12-03,4913.99,7361123956.0,1087.04,300.0,12.46
2019-12-04,4912.37,7968338457.0,1096.46,300.0,12.43
2019-12-05,4950.07,8905119308.0,1293.58,300.0,12.53
2019-12-06,4979.44,7864888687.0,1164.25,300.0,12.59
2019-12-09,4970.7,9535380609.0,1308.73,300.0,12.58
2019-12-10,4977.0,8626292769.0,1211.18,300.0,12.58
2019-12-11,4980.01,9976548036.0,1276.9,300.0,12.6
2019-12-12,4965.05,8470832952.0,1178.74,300.0,12.57
2019-12-13,5063.83,14857134921.0,2010.19,300.0,12.82
2019-12-16,5088.49,14848667041.0,2021.55,300.0,13.07
2019-12-17,5157.72,20116293686.0,2516.38,300.0,13.24
2019-12-18,5146.3,15135176436.0,1976.2,300.0,13.22
2019-12-19,5139.12,11790055773.0,1525.54,300.0,13.2
2019-12-20,5126.49,12126766192.0,1584.6,300.0,13.17
2019-12-23,5062.49,12281624559.0,1620.48,300.0,13.0
2019-12-24,5095.49,9598904546.0,1224.99,300.0,13.07
2019-12-25,5092.82,9493889044.0,1318.96,300.0,13.06
2019-12-26,5137.64,10886064000.0,1408.15,300.0,13.18
2019-12-27,5132.59,15092641126.0,1950.9,300.0,13.17
2019-12-30,5208.65,15597148845.0,2168.15,300.0,13.35
2019-12-31,5227.73,12326425822.0,1731.19,300.0,13.39
2020-01-02,5298.75,18211677179.0,2701.06,300.0,13.55
2020-01-03,5289.47,14282624379.0,2152.16,300.0,13.53
2020-01-06,5269.47,17530995295.0,2501.82,300.0,13.5
2020-01-07,5308.94,13948903121.0,1963.89,300.0,13.59
2020-01-08,5247.81,16758584999.0,2124.06,300.0,13.43
2020-01-09,5314.23,13688632394.0,2001.5,300.0,13.57
2020-01-10,5312.72,11303171863.0,1778.27,300.0,13.57
2020-01-13,5364.79,11969198182.0,1997.95,300.0,13.68
2020-01-14,5346.79,12932078299.0,1962.21,300.0,13.64
2020-01-15,5317.25,10463313582.0,1630.82,300.0,13.56
2020-01-16,5294.67,10026764168.0,1562.43,300.0,13.49
2020-01-17,5302.09,9872568150.0,1665.92,300.0,13.5
2020-01-20,5341.62,12240914713.0,2026.92,300.0,13.59
2020-01-21,5250.35,13052750729.0,2045.87,300.0,13.38
2020-01-22,5272.84,12675876296.0,2081.36,300.0,13.44
2020-01-23,5109.45,16035760289.0,2504.09,300.0,13.07
2020-02-03,4706.78,15755964662.0,2433.03,300.0,12.06
2020-02-04,4830.92,21393332758.0,2981.66,300.0,12.34
2020-02-05,4885.66,17492552357.0,2640.43,300.0,12.48
2020-02-06,4976.58,17646223519.0,2628.2,300.0,12.69
2020-02-07,4976.7,15173175939.0,2375.09,300.0,12.69
2020-02-10,4997.29,14840696873.0,2296.25,300.0,12.73
2020-02-11,5043.81,14344167437.0,2193.07,300.0,12.84
2020-02-12,5084.61,12671032117.0,2007.77,300.0,12.93
2020-02-13,5053.33,14500184290.0,2286.06,300.0,12.86
2020-02-14,5088.82,14323980267.0,2228.95,300.0,12.93
2020-02-17,5203.28,18277896911.0,2730.68,300.0,13.22
2020-02-18,5177.87,16323621972.0,2425.53,300.0,13.15
2020-02-19,5169.95,16904644074.0,2575.55,300.0,13.14
2020-02-20,5289.07,21223262441.0,3108.36,300.0,13.41
2020-02-21,5295.24,21721360434.0,3265.64,300.0,13.43
2020-02-24,5273.99,21286930299.0,3263.88,300.0,13.38
2020-02-25,5262.53,24416783085.0,3722.14,300.0,13.32
2020-02-26,5197.65,26109406075.0,3660.22,300.0,13.19
2020-02-27,5212.79,18129098102.0,2820.5,300.0,13.21
2020-02-28,5027.97,23027509322.0,3303.59,300.0,12.76
2020-03-02,5193.38,21931355851.0,3174.26,300.0,13.15
2020-03-03,5221.06,21936977690.0,3308.03,300.0,13.22
2020-03-04,5251.3,18242472970.0,2817.85,300.0,13.29
2020-03-05,5368.28,23182311459.0,3628.39,300.0,13.57
2020-03-06,5281.23,17247571665.0,2531.69,300.0,13.37
2020-03-09,5100.82,20810203487.0,3054.29,300.0,12.95
2020-03-10,5210.05,19741640176.0,2961.84,300.0,13.2
2020-03-11,5140.75,16165611068.0,2449.91,300.0,13.05
2020-03-12,5041.83,15706045804.0,2331.53,300.0,12.82
2020-03-13,4970.88,18829672190.0,2802.13,300.0,12.65
2020-03-16,4757.17,18596825972.0,2828.36,300.0,12.19
2020-03-17,4734.0,16624612859.0,2508.24,300.0,12.12
2020-03-18,4640.3,15503754663.0,2441.27,300.0,11.89
2020-03-19,4580.11,18080740698.0,2718.27,300.0,11.74
2020-03-20,4661.95,13960299979.0,2112.23,300.0,11.94
2020-03-23,4505.09,13710878986.0,1976.7,300.0,11.56
2020-03-24,4626.08,14310302144.0,2085.54,300.0,11.86
2020-03-25,4750.38,15349595831.0,2315.62,300.0,12.15
2020-03-26,4719.15,11231066545.0,1693.36,300.0,12.08
2020-03-27,4734.48,12406099492.0,1861.03,300.0,12.12
2020-03-30,4688.6,12687667331.0,1806.41,300.0,12.02
2020-03-31,4703.97,11145302452.0,1615.96,300.0,12.06
2020-04-01,4689.83,11935261985.0,1704.23,300.0,12.0
2020-04-02,4765.78,11516820906.0,1688.93,300.0,12.2
2020-04-03,4738.58,9982508349.0,1501.33,300.0,12.13
2020-04-07,4846.8,14277802975.0,2076.43,300.0,12.38
2020-04-08,4824.24,11138951294.0,1615.77,300.0,12.32
2020-04-09,4840.15,10048503197.0,1545.95,300.0,12.36
2020-04-10,4809.99,10244495629.0,1622.51,300.0,12.27
2020-04-13,4789.67,7905334339.0,1198.74,300.0,12.23
2020-04-14,4882.12,11063758504.0,1706.13,300.0,12.44
2020-04-15,4845.96,10846198419.0,1697.0,300.0,12.36
2020-04-16,4852.36,9594796458.0,1471.64,300.0,12.38
2020-04-17,4899.71,13200430129.0,2035.95,300.0,12.5
2020-04-20,4917.54,10001311510.0,1519.24,300.0,12.53
2020-04-21,4859.59,10292188760.0,1550.77,300.0,12.4
2020-04-22,4899.58,8589946358.0,1355.47,300.0,12.48
2020-04-23,4887.29,9550845005.0,1421.23,300.0,12.46
2020-04-24,4845.7,9484413474.0,1389.61,300.0,12.35
2020-04-27,4878.75,9546273538.0,1453.01,300.0,12.42
2020-04-28,4912.41,12209347551.0,1841.8,300.0,12.48
2020-04-29,4935.43,9585459049.0,1512.82,300.0,12.53
2020-04-30,4994.07,13291712468.0,2022.68,300.0,12.68
2020-05-06,5024.29,13985567462.0,2149.36,300.0,12.95
2020-05-07,5010.15,10551464624.0,1672.08,300.0,12.9
2020-05-08,5065.03,11694334085.0,1903.0,300.0,13.02
2020-05-11,5060.75,12267380299.0,1937.58,300.0,13.01
2020-05-12,5060.94,9825055430.0,1574.66,300.0,13.0
2020-05-13,5071.23,8819066874.0,1455.63,300.0,13.02
2020-05-14,5016.23,8853000435.0,1434.99,300.0,12.89
2020-05-15,5001.15,9261838181.0,1533.02,300.0,12.85
2020-05-18,5014.05,11280176199.0,1885.28,300.0,12.88
2020-05-19,5056.88,9401529138.0,1598.86,300.0,12.99
2020-05-20,5030.97,10079114985.0,1571.03,300.0,12.92
2020-05-21,5003.65,9486103338.0,1491.54,300.0,12.85
2020-05-22,4889.59,10337835961.0,1572.87,300.0,12.58
2020-05-25,4896.69,7903332558.0,1270.12,300.0,12.59
2020-05-26,4952.88,7744807649.0,1254.46,300.0,12.71
2020-05-27,4918.39,8371183051.0,1237.38,300.0,12.64
2020-05-28,4933.76,9306405390.0,1391.08,300.0,12.68
2020-05-29,4950.61,9381383169.0,1356.58,300.0,12.69
2020-06-01,5084.27,13645665166.0,2084.37,300.0,13.01
2020-06-02,5103.22,14430306014.0,1955.63,300.0,13.04
2020-06-03,5104.39,13659748285.0,2008.83,300.0,13.05
2020-06-04,5103.1,10427773693.0,1490.58,300.0,12.98
2020-06-05,5128.45,10244394210.0,1543.11,300.0,13.04
2020-06-08,5155.09,13792581340.0,1930.48,300.0,13.09
2020-06-09,5187.28,11530447922.0,1665.34,300.0,13.17
2020-06-10,5181.61,11226572818.0,1667.79,300.0,13.14
2020-06-11,5130.54,12730894138.0,1970.79,300.0,12.99
2020-06-12,5140.3,13416664860.0,1935.04,300.0,13.0
2020-06-15,5080.19,13129786023.0,2111.25,300.0,13.01
2020-06-16,5156.97,11105153899.0,1851.04,300.0,13.19
2020-06-17,5161.59,10560579913.0,1769.78,300.0,13.19
2020-06-18,5198.3,13814876148.0,2101.93,300.0,13.26
2020-06-19,5270.53,15294698977.0,2555.5,300.0,13.42
2020-06-22,5276.75,15582946529.0,2592.01,300.0,13.42
2020-06-23,5302.54,12922951019.0,2348.07,300.0,13.47
2020-06-24,5332.68,12171246466.0,2245.51,300.0,13.53
2020-06-29,5295.2,13086585374.0,2265.22,300.0,13.45
2020-06-30,5370.27,12593352054.0,2279.36,300.0,13.57
2020-07-01,5478.56,16999045605.0,3057.12,300.0,13.82
2020-07-02,5593.2,25293936828.0,3995.72,300.0,14.12
2020-07-03,5701.92,29048553949.0,4423.35,300.0,14.42
2020-07-06,6025.88,40582102518.0,5974.38,300.0,15.26
2020-07-07,6062.7,40600855316.0,6352.55,300.0,15.34
2020-07-08,6162.39,34807484729.0,5328.5,300.0,15.56
2020-07-09,6249.94,35104689265.0,5567.19,300.0,15.76
2020-07-10,6146.69,31694965071.0,5104.72,300.0,15.41
2020-07-13,6279.9,32164544622.0,5411.05,300.0,15.69
2020-07-14,6223.09,29724198465.0,5112.11,300.0,15.55
2020-07-15,6149.73,27238900556.0,4867.48,300.0,15.33
2020-07-16,5856.24,28465713309.0,5112.38,300.0,14.62
2020-07-17,5897.23,20737556347.0,3729.74,300.0,14.7
2020-07-20,6073.54,24606891389.0,4167.14,300.0,15.12
2020-07-21,6087.58,20041565888.0,3560.7,300.0,15.14
2020-07-22,6118.94,22419921136.0,3864.71,300.0,15.21
2020-07-23,6120.32,23431456942.0,4051.75,300.0,15.17
2020-07-24,5851.71,24390520298.0,4377.27,300.0,14.56
2020-07-27,5881.75,17142055060.0,3018.93,300.0,14.64
2020-07-28,5933.46,16276849815.0,2928.36,300.0,14.76
2020-07-29,6077.49,18669530523.0,3504.33,300.0,15.09
2020-07-30,6048.03,16696756550.0,3240.09,300.0,15.02
2020-07-31,6098.73,18483902569.0,3511.19,300.0,15.12
2020-08-03,6197.8,21477623924.0,4019.15,300.0,15.35
2020-08-04,6203.69,23997498462.0,4264.11,300.0,15.38
2020-08-05,6205.85,19670054753.0,3474.08,300.0,15.37
2020-08-06,6187.3,22785440629.0,4043.23,300.0,15.34
2020-08-07,6117.34,21351821634.0,3970.41,300.0,15.18
2020-08-10,6139.36,20378883157.0,3712.98,300.0,15.27
2020-08-11,6083.38,20554651112.0,3508.29,300.0,15.14
2020-08-12,6040.43,20288723893.0,3472.99,300.0,15.05
2020-08-13,6024.93,15255009218.0,2509.46,300.0,15.01
2020-08-14,6118.03,14729292055.0,2543.44,300.0,15.24
2020-08-17,6261.9,26800155604.0,4164.69,300.0,15.61
2020-08-18,6258.95,18913985438.0,3143.96,300.0,15.61
2020-08-19,6165.31,19244294760.0,3194.03,300.0,15.4
2020-08-20,6085.97,15836863904.0,2604.87,300.0,15.19
2020-08-21,6139.26,14265786418.0,2517.75,300.0,15.31
2020-08-24,6187.83,15114351150.0,2724.29,300.0,15.39
2020-08-25,6195.83,14170135107.0,2623.09,300.0,15.39
2020-08-26,6123.2,15130517954.0,2774.56,300.0,15.23
2020-08-27,6156.01,11904285024.0,2236.32,300.0,15.31
2020-08-28,6302.93,15939976526.0,3050.48,300.0,15.64
2020-08-31,6266.43,20256702885.0,3570.05,300.0,15.54
2020-09-01,6300.14,13839540233.0,2620.18,300.0,16.08
2020-09-02,6302.44,15798952404.0,2807.79,300.0,16.09
2020-09-03,6267.58,14567120079.0,2794.12,300.0,16.01
2020-09-04,6206.59,12003279561.0,2384.63,300.0,15.85
2020-09-07,6075.37,14860779090.0,2823.16,300.0,15.52
2020-09-08,6107.92,13919922743.0,2491.98,300.0,15.61
2020-09-09,5965.06,16227710743.0,2449.05,300.0,15.28
2020-09-10,5961.66,15065287790.0,2261.46,300.0,15.29
2020-09-11,6020.61,11530242379.0,1982.41,300.0,15.43
2020-09-14,6051.54,10723517875.0,2116.53,300.0,15.49
2020-09-15,6100.24,10191592519.0,1945.74,300.0,15.59
2020-09-16,6062.95,10875364074.0,1961.2,300.0,15.5
2020-09-17,6030.87,10598363069.0,2141.47,300.0,15.41
2020-09-18,6166.75,16042647510.0,2818.86,300.0,15.75
2020-09-21,6107.32,12453582672.0,2241.38,300.0,15.6
2020-09-22,6035.16,11967294690.0,2029.09,300.0,15.44
2020-09-23,6056.73,9582652806.0,1903.93,300.0,15.48
2020-09-24,5940.52,11259368250.0,1935.16,300.0,15.22
2020-09-25,5949.72,9301515543.0,1674.57,300.0,15.23
2020-09-28,5965.26,8504838921.0,1593.15,300.0,15.28
2020-09-29,5978.14,8599385830.0,1599.38,300.0,15.3
2020-09-30,5972.42,8908120005.0,1655.32,300.0,15.29
2020-10-09,6094.46,11133751153.0,2299.27,300.0,15.56
2020-10-12,6279.36,15578455752.0,3078.49,300.0,16.01
2020-10-13,6300.25,11651633845.0,2421.73,300.0,16.05
2020-10-14,6258.46,11190692335.0,2298.36,300.0,15.96
2020-10-15,6247.56,10996496185.0,2138.78,300.0,15.94
2020-10-16,6238.63,11671610199.0,2041.75,300.0,15.95
2020-10-19,6191.52,12924636136.0,2253.92,300.0,15.85
2020-10-20,6240.97,9804815597.0,1858.49,300.0,15.95
2020-10-21,6240.13,10380570257.0,1899.79,300.0,15.97
2020-10-22,6220.81,10135089132.0,1946.15,300.0,15.91
2020-10-23,6143.88,10682518363.0,2009.86,300.0,15.72
2020-10-26,6108.57,10834327480.0,2055.19,300.0,15.62
2020-10-27,6119.44,9265630383.0,1866.76,300.0,15.66
2020-10-28,6168.91,10846340234.0,2267.54,300.0,15.77
2020-10-29,6215.33,11711725029.0,2523.04,300.0,15.85
2020-10-30,6114.3,13980230289.0,2807.83,300.0,15.61
2020-11-02,6147.5,14286769279.0,2790.28,300.0,15.31
2020-11-03,6221.38,13605540839.0,2523.91,300.0,15.49
2020-11-04,6268.38,11466180571.0,2305.14,300.0,15.57
2020-11-05,6361.93,13924459408.0,2819.52,300.0,15.78
2020-11-06,6362.72,15363903429.0,3053.65,300.0,15.76
2020-11-09,6487.26,19713198448.0,3719.23,300.0,16.06
2020-11-10,6451.48,17626721414.0,3342.71,300.0,15.98
2020-11-11,6387.7,16447051471.0,3038.59,300.0,15.86
2020-11-12,6394.07,11811461857.0,2276.46,300.0,15.85
2020-11-13,6326.83,13369307881.0,2553.53,300.0,15.68
2020-11-16,6388.48,14877097995.0,2667.05,300.0,15.83
2020-11-17,6376.25,15148746409.0,2889.11,300.0,15.8
2020-11-18,6372.19,16421661629.0,2907.27,300.0,15.8
2020-11-19,6419.5,13368137826.0,2477.27,300.0,15.91
2020-11-20,6439.43,12940034126.0,2290.54,300.0,15.95
2020-11-23,6519.86,20591518711.0,3336.34,300.0,16.14
2020-11-24,6479.81,15663791136.0,2648.04,300.0,16.05
2020-11-25,6397.21,17034052691.0,2770.71,300.0,15.86
2020-11-26,6408.79,13720233764.0,2397.48,300.0,15.89
2020-11-27,6489.49,16295292188.0,2531.79,300.0,16.12
2020-11-30,6462.76,26263894962.0,3964.96,300.0,16.04
2020-12-01,6601.97,20406563777.0,3284.51,300.0,16.35
2020-12-02,6602.03,19543547587.0,3106.1,300.0,16.33
2020-12-03,6588.89,17786574774.0,2753.35,300.0,16.3
2020-12-04,6600.43,14434716748.0,2577.99,300.0,16.33
2020-12-07,6543.52,13989621724.0,2646.58,300.0,16.18
2020-12-08,6527.45,12307302946.0,2348.81,300.0,16.15
2020-12-09,6439.92,13891696485.0,2607.73,300.0,15.96
2020-12-10,6437.09,12591427019.0,2296.51,300.0,15.95
2020-12-11,6371.22,15935769712.0,2752.13,300.0,15.83
2020-12-14,6430.12,12080155240.0,2478.78,300.0,16.5
2020-12-15,6443.5,11834263261.0,2480.93,300.0,16.51
2020-12-16,6454.92,10677896797.0,2296.96,300.0,16.54
2020-12-17,6537.85,13338547860.0,2701.8,300.0,16.71
2020-12-18,6515.04,12804961792.0,2589.39,300.0,16.65
2020-12-21,6576.11,14081178186.0,2982.04,300.0,16.79
2020-12-22,6469.18,16234497048.0,3267.59,300.0,16.52
2020-12-23,6524.36,14029281875.0,3087.29,300.0,16.64
2020-12-24,6515.1,11441866676.0,2466.74,300.0,16.62
2020-12-25,6569.82,12100697927.0,2439.92,300.0,16.76
2020-12-28,6599.01,13691440674.0,2810.19,300.0,16.82
2020-12-29,6571.03,14119866227.0,2790.35,300.0,16.74
2020-12-30,6663.25,14862644831.0,2965.78,300.0,16.94
2020-12-31,6790.39,17160250890.0,3587.31,300.0,17.25
2021-01-04,6863.92,21171138244.0,4527.96,300.0,17.41
2021-01-05,6995.25,22493115927.0,4980.42,300.0,17.7
2021-01-06,7059.31,19377344444.0,4444.34,300.0,17.88
2021-01-07,7184.38,21987208039.0,4733.85,300.0,18.17
2021-01-08,7160.63,20432495646.0,4735.68,300.0,18.12
2021-01-11,7089.92,23183598265.0,5222.98,300.0,17.95
2021-01-12,7292.14,22422018556.0,4862.34,300.0,18.41
2021-01-13,7268.18,26156988560.0,5469.6,300.0,18.38
2021-01-14,7128.09,24368338030.0,5018.9,300.0,18.08
2021-01-15,7111.97,23863743452.0,4757.1,300.0,18.04
2021-01-18,7190.72,20705186868.0,4227.17,300.0,18.18
2021-01-19,7085.18,21104342491.0,4332.05,300.0,17.95
2021-01-20,7135.88,17091325955.0,3737.7,300.0,18.06
2021-01-21,7251.24,20995019748.0,4531.84,300.0,18.33
2021-01-22,7257.51,19930002005.0,4566.22,300.0,18.31
2021-01-25,7330.67,19704701853.0,5081.67,300.0,18.5
2021-01-26,7183.48,17190459021.0,4150.08,300.0,18.17
2021-01-27,7203.08,16019084126.0,3768.93,300.0,18.21
2021-01-28,7006.5,17048558492.0,3761.67,300.0,17.77
2021-01-29,6973.69,18217878415.0,3902.88,300.0,17.72
2021-02-01,7059.28,16631370633.0,3468.59,300.0,17.9
2021-02-02,7168.01,16521056460.0,3800.17,300.0,18.14
2021-02-03,7147.3,18805431687.0,4043.44,300.0,18.08
2021-02-04,7132.64,18057565373.0,3979.95,300.0,18.05
2021-02-05,7144.98,18969959799.0,3954.0,300.0,18.09
2021-02-08,7250.71,16403377513.0,3675.83,300.0,18.32
2021-02-09,7409.27,16488725958.0,3787.69,300.0,18.7
2021-02-10,7567.55,17016978586.0,4170.56,300.0,19.09
2021-02-18,7516.29,21884868635.0,5074.81,300.0,18.97
2021-02-19,7529.92,21447578038.0,4564.34,300.0,19.0
2021-02-22,7293.41,28212438216.0,5436.33,300.0,18.48
2021-02-23,7270.4,23380772689.0,4249.04,300.0,18.4
2021-02-24,7085.24,22542860986.0,4723.69,300.0,17.94
2021-02-25,7126.92,23073602798.0,4122.06,300.0,18.06
2021-02-26,6953.88,21226454326.0,4057.18,300.0,17.63
2021-03-01,7060.76,17746352268.0,3581.47,300.0,17.86
2021-03-02,6970.65,19651111481.0,3764.45,300.0,17.62
2021-03-03,7104.32,19470905446.0,3376.1,300.0,17.95
2021-03-04,6880.84,21277521108.0,3843.82,300.0,17.45
2021-03-05,6857.51,20262795587.0,3525.4,300.0,17.44
2021-03-08,6619.35,23023163526.0,4071.34,300.0,16.89
2021-03-09,6477.41,23071100405.0,4144.15,300.0,16.55
2021-03-10,6519.9,16992848957.0,3095.77,300.0,16.62
2021-03-11,6682.27,18960076566.0,3338.59,300.0,17.01
2021-03-12,6705.93,20102058876.0,3232.38,300.0,17.08
2021-03-15,6561.51,20415308444.0,3307.41,300.0,16.76
2021-03-16,6618.61,16139005447.0,2717.55,300.0,16.91
2021-03-17,6646.62,14916237576.0,2634.92,300.0,16.95
2021-03-18,6699.92,14290151780.0,2609.3,300.0,17.08
2021-03-19,6524.43,16417484945.0,2829.74,300.0,16.65
2021-03-22,6589.67,16740263205.0,2642.09,300.0,16.8
2021-03-23,6527.24,15801396721.0,2557.55,300.0,16.66
2021-03-24,6422.27,15938598169.0,2659.7,300.0,16.42
2021-03-25,6419.22,13294518877.0,2197.82,300.0,16.41
2021-03-26,6564.7,14592669749.0,2739.02,300.0,16.73
2021-03-29,6576.28,14338821454.0,2661.77,300.0,16.79
2021-03-30,6638.63,13861856003.0,2549.28,300.0,16.94
2021-03-31,6578.3,14133574316.0,2410.58,300.0,16.82
2021-04-01,6659.88,12032489020.0,2114.93,300.0,16.98
2021-04-02,6726.05,12700225363.0,2480.6,300.0,17.13
2021-04-06,6698.4,10983420977.0,2138.52,300.0,17.07
2021-04-07,6650.71,14576374802.0,2462.71,300.0,16.97
2021-04-08,6661.74,14177104664.0,2284.22,300.0,17.0
2021-04-09,6561.57,12841650901.0,2215.2,300.0,16.76
2021-04-12,6447.43,15264431373.0,2672.18,300.0,16.52
2021-04-13,6436.87,13291935760.0,2257.53,300.0,16.49
2021-04-14,6490.28,12086083787.0,2210.36,300.0,16.6
2021-04-15,6449.03,10882938377.0,2138.21,300.0,16.5
2021-04-16,6471.46,11123992379.0,2133.89,300.0,16.57
2021-04-19,6628.92,15476982407.0,3079.0,300.0,16.92
2021-04-20,6624.37,13654169967.0,2766.41,300.0,16.9
2021-04-21,6644.41,12463727732.0,2425.75,300.0,16.93
2021-04-22,6637.23,12116764517.0,2414.89,300.0,16.9
2021-04-23,6697.49,12205699057.0,2643.45,300.0,17.02
2021-04-26,6622.27,15138196724.0,3257.6,300.0,16.83
2021-04-27,6639.59,12396183720.0,2547.38,300.0,16.87
2021-04-28,6677.05,12062031829.0,2721.83,300.0,16.96
2021-04-29,6735.65,14009248029.0,2941.12,300.0,17.09
2021-04-30,6682.75,16012162080.0,3150.75,300.0,16.93
2021-05-06,6601.41,15882263022.0,3232.58,300.0,14.74
2021-05-07,6516.59,17225832138.0,3046.38,300.0,14.59
2021-05-10,6512.03,17082058469.0,2826.57,300.0,14.6
2021-05-11,6552.03,15152649701.0,2709.32,300.0,14.69
2021-05-12,6580.48,12661908626.0,2283.44,300.0,14.76
2021-05-13,6513.26,13227940600.0,2378.21,300.0,14.62
2021-05-14,6667.31,15942617996.0,3188.03,300.0,14.94
2021-05-17,6765.26,15388963372.0,3354.4,300.0,15.12
2021-05-18,6768.68,11840426085.0,2381.82,300.0,15.14
2021-05-19,6749.67,11872998345.0,2507.36,300.0,15.08
2021-05-20,6768.42,13845477500.0,2770.88,300.0,15.11
2021-05-21,6701.61,12476848480.0,2680.54,300.0,14.96
2021-05-24,6729.62,12674233620.0,2785.13,300.0,15.02
2021-05-25,6942.32,18299683946.0,4046.83,300.0,15.47
2021-05-26,6945.19,16960709608.0,3464.45,300.0,15.48
2021-05-27,6968.4,14846285455.0,3118.94,300.0,15.52
2021-05-28,6947.26,16460580615.0,3307.12,300.0,15.48
2021-05-31,6961.77,14460326864.0,3214.51,300.0,15.49
2021-06-01,6975.5,14383147426.0,3218.46,300.0,15.5
2021-06-02,6910.75,13775431905.0,2961.76,300.0,15.37
2021-06-03,6866.66,14196887789.0,2854.49,300.0,15.22
2021-06-04,6905.41,14473208696.0,2923.26,300.0,15.28
2021-06-07,6900.24,12770497127.0,2804.63,300.0,15.28
2021-06-08,6841.14,13055953156.0,3040.42,300.0,15.15
2021-06-09,6848.02,12182032101.0,2550.75,300.0,15.18
2021-06-10,6894.27,13899196711.0,3014.54,300.0,15.26
2021-06-11,6835.59,18080717323.0,3653.63,300.0,15.14
2021-06-15,6759.65,14288005756.0,3306.17,300.0,15.55
2021-06-16,6648.22,12514798485.0,2982.87,300.0,15.33
2021-06-17,6680.61,12045251819.0,2819.27,300.0,15.36
2021-06-18,6683.8,14858580499.0,3566.97,300.0,15.33
2021-06-21,6668.1,13218451615.0,3315.27,300.0,15.3
2021-06-22,6710.15,13041675275.0,3136.9,300.0,15.4
2021-06-23,6743.92,13635605816.0,3587.66,300.0,15.42
2021-06-24,6756.92,12668562493.0,3126.07,300.0,15.45
2021-06-25,6871.85,15493106133.0,3682.66,300.0,15.69
2021-06-28,6887.63,13319378309.0,3374.53,300.0,15.71
2021-06-29,6811.75,12516299682.0,3148.97,300.0,15.53
2021-06-30,6859.06,10375267122.0,2810.16,300.0,15.62
2021-07-01,6867.0,12724062039.0,3240.97,300.0,15.63
2021-07-02,6672.11,13042642392.0,3425.79,300.0,15.22
2021-07-05,6678.4,13121158901.0,3351.98,300.0,15.24
2021-07-06,6679.83,14065522041.0,3628.29,300.0,15.23
2021-07-07,6757.16,14854905981.0,3367.31,300.0,15.36
2021-07-08,6690.49,17390100823.0,3978.8,300.0,15.21
2021-07-09,6671.81,16065322611.0,3528.46,300.0,15.15
2021-07-12,6757.03,20621203914.0,4372.03,300.0,15.29
2021-07-13,6777.87,16648220868.0,3613.28,300.0,15.32
2021-07-14,6700.34,18835271971.0,3725.68,300.0,15.12
2021-07-15,6792.09,18107710278.0,3724.84,300.0,15.3
2021-07-16,6722.11,16995598249.0,3625.94,300.0,15.14
2021-07-19,6747.16,15319958932.0,3403.23,300.0,15.17
2021-07-20,6741.74,12930004407.0,2835.43,300.0,15.15
2021-07-21,6790.98,16797646920.0,3902.76,300.0,15.24
2021-07-22,6801.89,18555686395.0,4182.22,300.0,15.28
2021-07-23,6719.81,21653684718.0,4355.21,300.0,15.13
2021-07-26,6503.35,22811170952.0,4951.54,300.0,14.67
2021-07-27,6273.91,23663122537.0,5211.46,300.0,14.2
2021-07-28,6286.78,19263439333.0,4197.06,300.0,14.21
2021-07-29,6407.1,17332205435.0,4156.76,300.0,14.43
2021-07-30,6357.65,18234977617.0,4209.44,300.0,14.32
2021-08-02,6519.61,22719491758.0,5246.59,300.0,14.67
2021-08-03,6520.57,20353336030.0,4711.94,300.0,14.65
2021-08-04,6579.57,17546646063.0,4258.01,300.0,14.76
2021-08-05,6539.88,16738182906.0,3987.72,300.0,14.67
2021-08-06,6505.27,15417968784.0,3717.74,300.0,14.6
2021-08-09,6589.97,18243687130.0,4088.97,300.0,14.78
2021-08-10,6666.18,16705190178.0,4100.99,300.0,14.95
2021-08-11,6629.44,18226607435.0,3733.86,300.0,14.89
2021-08-12,6573.99,16822373322.0,3618.28,300.0,14.78
2021-08-13,6538.52,15831432121.0,3524.59,300.0,14.71
2021-08-16,6533.72,16195337313.0,3407.35,300.0,14.72
2021-08-17,6396.86,18757347222.0,3884.57,300.0,14.42
2021-08-18,6472.36,19747437837.0,3957.92,300.0,14.59
2021-08-19,6430.05,20171171877.0,3974.25,300.0,14.48
2021-08-20,6309.78,17763581044.0,4049.38,300.0,14.23
2021-08-23,6402.75,16757909292.0,3895.99,300.0,14.42
2021-08-24,6472.27,19788316300.0,4174.81,300.0,14.57
2021-08-25,6488.28,18944801582.0,3718.68,300.0,14.6
2021-08-26,6360.39,19761738694.0,3689.88,300.0,14.34
2021-08-27,6394.45,18331021112.0,3684.21,300.0,14.41
2021-08-30,6376.2,21963575703.0,4771.82,300.0,14.38
2021-08-31,6366.06,23511865822.0,4608.06,300.0,14.39
2021-09-01,6450.64,32672107975.0,5688.2,300.0,13.85
2021-09-02,6450.57,26785801341.0,4659.54,300.0,13.85
2021-09-03,6415.67,26809189609.0,4664.3,300.0,13.79
2021-09-06,6535.77,24050724472.0,4527.56,300.0,14.03
2021-09-07,6614.07,24417851928.0,4177.6,300.0,14.19
2021-09-08,6586.65,26461531453.0,4285.91,300.0,14.15
2021-09-09,6583.84,25653021720.0,4016.76,300.0,14.17
2021-09-10,6641.48,28830435219.0,4727.63,300.0,14.26
2021-09-13,6612.52,24991529785.0,4333.3,300.0,14.25
2021-09-14,6513.83,24559040189.0,4172.46,300.0,14.06
2021-09-15,6447.8,18798473021.0,3632.57,300.0,13.93
2021-09-16,6368.82,21675209864.0,3935.17,300.0,13.78
2021-09-17,6433.84,20195812747.0,3603.97,300.0,13.88
2021-09-22,6388.6,19122037591.0,3119.53,300.0,13.83
2021-09-23,6430.24,22815106379.0,3621.41,300.0,13.9
2021-09-24,6425.25,20769329016.0,3618.49,300.0,13.87
2021-09-27,6462.27,21596702991.0,4260.83,300.0,13.95
2021-09-28,6470.83,17689088035.0,3212.72,300.0,14.0
2021-09-29,6404.75,18817136587.0,3318.42,300.0,13.84
2021-09-30,6447.75,14611389573.0,2832.55,300.0,13.89
2021-10-08,6531.97,16896807747.0,3436.36,300.0,14.06
2021-10-11,6540.25,16351162373.0,3151.86,300.0,14.08
2021-10-12,6470.88,16807933656.0,2994.24,300.0,13.93
2021-10-13,6545.44,13114281274.0,2800.45,300.0,14.05
2021-10-14,6510.34,11955701298.0,2491.52,300.0,13.97
2021-10-15,6535.84,14282200066.0,3007.28,300.0,14.04
2021-10-18,6459.86,14124519864.0,3025.39,300.0,13.9
2021-10-19,6523.4,13526649334.0,2829.28,300.0,14.02
2021-10-20,6506.78,14153318264.0,2797.48,300.0,13.98
2021-10-21,6530.53,14889815444.0,2748.03,300.0,14.04
2021-10-22,6573.54,14392622791.0,2892.53,300.0,14.09
2021-10-25,6602.85,14186148992.0,2994.08,300.0,14.16
2021-10-26,6581.07,14088894281.0,3017.86,300.0,14.11
2021-10-27,6494.97,14711159332.0,2994.6,300.0,13.94
2021-10-28,6449.85,15664947164.0,3166.32,300.0,13.81
2021-10-29,6509.03,15988735349.0,3687.32,300.0,13.91
2021-11-01,6485.05,17158397397.0,3797.31,300.0,13.72
2021-11-02,6417.63,18543768769.0,3857.32,300.0,13.57
2021-11-03,6392.79,14276381993.0,3022.7,300.0,13.52
2021-11-04,6455.95,13259297003.0,3086.88,300.0,13.64
2021-11-05,6420.95,14778935932.0,3120.71,300.0,13.55
2021-11-08,6428.69,13739826421.0,2958.94,300.0,13.56
2021-11-09,6426.95,11837552595.0,2616.45,300.0,13.56
2021-11-10,6393.06,13511817892.0,3010.59,300.0,13.48
2021-11-11,6495.78,16048486340.0,3236.25,300.0,13.68
2021-11-12,6482.15,13266296854.0,2717.73,300.0,13.64
2021-11-15,6474.2,12182314945.0,2729.98,300.0,13.63
2021-11-16,6475.45,12725440557.0,2840.95,300.0,13.64
2021-11-17,6478.98,10845922284.0,2461.78,300.0,13.65
2021-11-18,6415.21,11448056451.0,2444.85,300.0,13.54
2021-11-19,6484.85,12719831205.0,2662.81,300.0,13.69
2021-11-22,6514.47,13809283619.0,3161.49,300.0,13.74
2021-11-23,6515.73,15430441074.0,3010.22,300.0,13.76
2021-11-24,6520.12,13715067347.0,2897.07,300.0,13.78
2021-11-25,6493.31,11598403100.0,2554.51,300.0,13.72
2021-11-26,6445.15,12036897432.0,2430.41,300.0,13.62
2021-11-29,6433.61,13362686226.0,2859.95,300.0,13.59
2021-11-30,6407.89,12963059597.0,2792.68,300.0,13.55
2021-12-01,6423.57,12308678854.0,2559.69,300.0,13.59
2021-12-02,6439.9,14808852130.0,2780.52,300.0,13.63
2021-12-03,6499.38,14405962607.0,3000.53,300.0,13.75
2021-12-06,6488.25,17361568286.0,3334.06,300.0,13.73
2021-12-07,6527.34,17905346042.0,3406.18,300.0,13.8
2021-12-08,6625.25,15749055933.0,3290.65,300.0,13.99
2021-12-09,6735.01,22056877600.0,4256.81,300.0,14.21
2021-12-10,6703.75,19369515394.0,3569.18,300.0,14.14
2021-12-13,6741.79,21180159611.0,4263.77,300.0,15.22
2021-12-14,6696.56,15910779046.0,3186.86,300.0,15.11
2021-12-15,6638.48,15052975184.0,2910.73,300.0,14.99
2021-12-16,6676.72,14405386709.0,2914.75,300.0,15.09
2021-12-17,6570.67,14900539861.0,2979.43,300.0,14.87
2021-12-20,6472.08,16967569018.0,3175.37,300.0,14.67
2021-12-21,6515.93,14333989794.0,2590.23,300.0,14.78
2021-12-22,6517.22,13325673998.0,2446.42,300.0,14.77
2021-12-23,6562.68,13955540638.0,2633.6,300.0,14.88
2021-12-24,6526.35,14267332338.0,2904.84,300.0,14.81
2021-12-27,6523.67,12410095234.0,2544.22,300.0,14.8
2021-12-28,6572.26,13045775702.0,2763.17,300.0,14.88
2021-12-29,6476.14,11358700167.0,2732.25,300.0,14.67
2021-12-30,6526.57,12161717788.0,2680.22,300.0,14.77
2021-12-31,6551.59,12131373699.0,2669.75,300.0,14.82
2022-01-04,6521.61,15153477604.0,3365.17,300.0,14.76
2022-01-05,6455.77,17881609971.0,3639.45,300.0,14.64
2022-01-06,6389.61,15766582646.0,3217.5,300.0,14.5
2022-01-07,6395.1,18713941309.0,3322.19,300.0,14.54
2022-01-10,6423.84,15621169633.0,3050.34,300.0,14.59
2022-01-11,6362.48,14692800429.0,2864.46,300.0,14.45
2022-01-12,6425.88,14320020372.0,2931.53,300.0,14.59
2022-01-13,6320.24,14251965339.0,2887.99,300.0,14.39
2022-01-14,6268.27,14686312606.0,2818.28,300.0,14.25
2022-01-17,6322.04,11529569080.0,2637.88,300.0,14.35
2022-01-18,6383.13,15087080227.0,2827.49,300.0,14.5
2022-01-19,6339.41,13392735952.0,2755.35,300.0,14.42
2022-01-20,6396.61,16497131457.0,3043.44,300.0,14.53
2022-01-21,6338.0,13895258507.0,2746.99,300.0,14.39
2022-01-24,6347.85,11446388020.0,2462.62,300.0,14.41
2022-01-25,6204.24,13366758554.0,2505.56,300.0,14.09
2022-01-26,6249.15,10707084219.0,2265.53,300.0,14.19
2022-01-27,6126.57,12126380400.0,2505.36,300.0,13.94
2022-01-28,6052.16,12648011248.0,2639.68,300.0,13.76
2022-02-07,6145.41,14484971967.0,2660.32,300.0,14.0
2022-02-08,6111.84,15583070835.0,2813.65,300.0,13.97
2022-02-09,6169.25,14833554669.0,2737.72,300.0,14.08
2022-02-10,6153.07,15157666643.0,2872.24,300.0,14.06
2022-02-11,6102.06,15597458361.0,3079.38,300.0,13.99
2022-02-14,6036.14,14367389426.0,2757.38,300.0,13.84
2022-02-15,6100.34,11502559978.0,2499.77,300.0,13.95
2022-02-16,6124.06,10725895486.0,2101.91,300.0,14.01
2022-02-17,6138.88,11001464332.0,2279.46,300.0,14.03
2022-02-18,6168.15,10455022767.0,1958.26,300.0,14.1
2022-02-21,6145.71,11251651198.0,2150.39,300.0,14.05
2022-02-22,6065.93,12331723741.0,2468.73,300.0,13.89
2022-02-23,6130.77,12295291574.0,2590.5,300.0,14.01
2022-02-24,6006.47,18440305837.0,3423.47,300.0,13.75
2022-02-25,6064.96,14972258292.0,2717.28,300.0,13.85
2022-02-28,6075.87,13540697809.0,2483.64,300.0,13.88
2022-03-01,6126.31,12313921988.0,2604.31,300.0,13.99
2022-03-02,6071.83,11329832467.0,2153.0,300.0,13.89
2022-03-03,6036.06,13828587654.0,2427.02,300.0,13.83
2022-03-04,5962.86,12726680552.0,2499.7,300.0,13.67
2022-03-07,5772.36,16219770581.0,3068.99,300.0,13.28
2022-03-08,5656.47,16786327711.0,3151.77,300.0,13.03
2022-03-09,5604.69,19423290002.0,3410.09,300.0,12.9
2022-03-10,5692.87,14526638273.0,3016.36,300.0,13.08
2022-03-11,5711.02,15239992119.0,2950.09,300.0,13.12
2022-03-14,5536.28,13018723551.0,2606.92,300.0,12.75
2022-03-15,5283.06,20252469891.0,3469.89,300.0,12.18
2022-03-16,5511.51,19602198192.0,3788.84,300.0,12.64
2022-03-17,5619.74,17940734406.0,3850.39,300.0,12.86
2022-03-18,5657.15,14945830514.0,2757.91,300.0,12.95
2022-03-21,5647.66,12703636010.0,2512.15,300.0,12.92
2022-03-22,5643.08,12638246980.0,2262.14,300.0,12.93
2022-03-23,5671.23,11708907774.0,2263.91,300.0,12.98
2022-03-24,5637.79,10891827224.0,2195.94,300.0,12.91
2022-03-25,5536.04,10880804583.0,2170.13,300.0,12.71
2022-03-28,5501.41,11844902067.0,2134.69,300.0,12.67
2022-03-29,5482.42,10026697205.0,1994.64,300.0,12.64
2022-03-30,5641.61,13834602355.0,2688.69,300.0,12.96
2022-03-31,5599.84,13402918490.0,2388.77,300.0,12.9
2022-04-01,5670.87,13380305293.0,2447.59,300.0,13.05
2022-04-06,5654.55,15906219494.0,2536.91,300.0,13.04
2022-04-07,5581.96,13488035310.0,2169.96,300.0,12.89
2022-04-08,5612.01,14284379348.0,2290.82,300.0,12.96
2022-04-11,5438.64,14819707063.0,2652.25,300.0,12.61
2022-04-12,5544.63,14428568373.0,2528.3,300.0,12.82
2022-04-13,5491.49,12509748921.0,2212.81,300.0,12.73
2022-04-14,5560.25,12479131596.0,2459.94,300.0,12.88
2022-04-15,5556.51,12476226331.0,2262.3,300.0,12.87
2022-04-18,5526.9,11750461017.0,2128.55,300.0,12.78
2022-04-19,5485.13,11021747111.0,2085.71,300.0,12.72
2022-04-20,5400.3,11733165773.0,2165.37,300.0,12.53
2022-04-21,5300.87,13278382815.0,2270.27,300.0,12.32
2022-04-22,5323.98,12210181063.0,2063.72,300.0,12.38
2022-04-25,5060.86,16836450195.0,2728.89,300.0,11.83
2022-04-26,5020.03,15757761065.0,2596.26,300.0,11.75
2022-04-27,5167.83,17273404550.0,2969.24,300.0,12.03
2022-04-28,5201.75,15305658597.0,2685.02,300.0,12.13
2022-04-29,5330.21,17945837688.0,3214.15,300.0,12.39
2022-05-05,5322.45,15417071641.0,2905.38,300.0,12.16
2022-05-06,5187.9,12300555099.0,2148.25,300.0,11.88
2022-05-09,5146.36,9293669446.0,1717.57,300.0,11.8
2022-05-10,5203.05,13641691842.0,2390.6,300.0,11.9
2022-05-11,5278.25,16563225565.0,3092.95,300.0,12.04
2022-05-12,5254.96,11337606585.0,2020.29,300.0,12.0
2022-05-13,5294.6,10996835680.0,1957.27,300.0,12.1
2022-05-16,5252.53,11242529422.0,1997.18,300.0,12.0
2022-05-17,5318.05,10966145397.0,2101.18,300.0,12.13
2022-05-18,5299.48,10807423347.0,2018.01,300.0,12.08
2022-05-19,5310.7,11629342009.0,2102.07,300.0,12.1
2022-05-20,5414.34,14706917347.0,2656.09,300.0,12.32
2022-05-23,5382.98,13047781036.0,2259.82,300.0,12.26
2022-05-24,5257.21,14555433618.0,2477.13,300.0,12.01
2022-05-25,5289.47,10773401542.0,1887.01,300.0,12.08
2022-05-26,5306.59,12626368873.0,2169.87,300.0,12.11
2022-05-27,5317.8,11276933699.0,2069.44,300.0,12.14
2022-05-30,5357.32,11115224068.0,2111.45,300.0,12.21
2022-05-31,5440.86,13541551324.0,2677.7,300.0,12.39
2022-06-01,5432.1,11485087932.0,2254.16,300.0,12.35
2022-06-02,5444.17,11389363775.0,2226.58,300.0,12.36
2022-06-06,5546.51,16787101115.0,3240.76,300.0,12.54
2022-06-07,5564.11,14299288138.0,2857.34,300.0,12.58
2022-06-08,5619.68,15737405742.0,3194.8,300.0,12.69
2022-06-09,5561.98,16844915363.0,2851.73,300.0,12.59
2022-06-10,5649.51,18479621380.0,3240.91,300.0,12.77
2022-06-13,5583.82,16847562210.0,3365.86,300.0,12.75
2022-06-14,5627.79,17138590388.0,3354.19,300.0,12.88
2022-06-15,5702.5,25704659007.0,4597.67,300.0,13.03
2022-06-16,5669.77,18407441648.0,3372.36,300.0,12.92
2022-06-17,5749.64,15864909770.0,3466.76,300.0,13.07
2022-06-20,5783.09,16566638193.0,3595.69,300.0,13.1
2022-06-21,5779.8,16466761529.0,3171.63,300.0,13.09
2022-06-22,5707.65,15856585390.0,2986.56,300.0,12.92
2022-06-23,5806.63,17088236045.0,3271.45,300.0,13.13
2022-06-24,5876.26,16897219897.0,3560.55,300.0,13.26
2022-06-27,5942.86,17738567619.0,3814.33,300.0,13.39
2022-06-28,6005.55,17475648925.0,3616.86,300.0,13.5
2022-06-29,5916.52,18727668817.0,3959.26,300.0,13.33
2022-06-30,6008.25,15666628893.0,3543.44,300.0,13.49
2022-07-01,5983.74,14477959902.0,3184.92,300.0,13.44
2022-07-04,6023.08,14634565110.0,3569.69,300.0,13.49
2022-07-05,6014.58,15496241519.0,3618.92,300.0,13.48
2022-07-06,5927.94,14980023547.0,3446.73,300.0,13.28
2022-07-07,5955.84,13266090599.0,3281.33,300.0,13.32
2022-07-08,5940.22,12319573915.0,3040.31,300.0,13.29
2022-07-11,5844.16,13444857802.0,2991.95,300.0,13.07
2022-07-12,5796.11,13018783772.0,2910.72,300.0,12.95
2022-07-13,5807.57,13111317916.0,2860.76,300.0,12.95
2022-07-14,5809.35,14525092610.0,3015.7,300.0,12.93
2022-07-15,5724.22,15021445329.0,3167.93,300.0,12.71
2022-07-18,5783.67,12260119201.0,2810.55,300.0,12.85
2022-07-19,5752.59,10380573014.0,2311.18,300.0,12.8
2022-07-20,5772.12,9449014360.0,2123.02,300.0,12.86
2022-07-21,5711.85,11715634390.0,2392.28,300.0,12.71
2022-07-22,5715.43,10384062428.0,2242.95,300.0,12.71
2022-07-25,5681.29,8363666391.0,1881.36,300.0,12.65
2022-07-26,5726.74,8582327414.0,1976.01,300.0,12.75
2022-07-27,5698.49,7890494028.0,1942.45,300.0,12.68
2022-07-28,5700.54,10753192991.0,2438.71,300.0,12.68
2022-07-29,5627.26,11417928576.0,2531.99,300.0,12.51
2022-08-01,5652.33,10774902884.0,2511.25,300.0,12.56
2022-08-02,5542.14,14222442464.0,2810.14,300.0,12.33
2022-08-03,5488.47,11666612427.0,2686.96,300.0,12.22
2022-08-04,5535.16,8953264385.0,2168.99,300.0,12.32
2022-08-05,5614.42,10257100364.0,2473.26,300.0,12.46
2022-08-08,5603.1,9020813817.0,2240.81,300.0,12.45
2022-08-09,5614.2,8413695853.0,2142.24,300.0,12.47
2022-08-10,5551.66,8556583904.0,2174.47,300.0,12.35
2022-08-11,5664.87,12138505122.0,2696.31,300.0,12.59
2022-08-12,5662.27,10680829508.0,2192.08,300.0,12.59
2022-08-15,5655.08,10589849514.0,2455.4,300.0,12.57
2022-08-16,5644.55,9390613910.0,2338.19,300.0,12.53
2022-08-17,5697.4,11286465888.0,2520.44,300.0,12.64
2022-08-18,5647.84,10105264973.0,2331.15,300.0,12.53
2022-08-19,5609.19,11740297826.0,2624.94,300.0,12.46
2022-08-22,5650.17,11244272010.0,2597.47,300.0,12.55
2022-08-23,5623.71,10315351208.0,2391.01,300.0,12.49
2022-08-24,5517.44,11906967858.0,2628.44,300.0,12.29
2022-08-25,5565.11,11132074493.0,2421.5,300.0,12.4
2022-08-26,5555.92,9900049294.0,2255.19,300.0,12.37
2022-08-29,5531.54,9435443233.0,2030.86,300.0,12.33
2022-08-30,5512.97,9330166191.0,1926.49,300.0,12.3
2022-08-31,5517.09,13244976481.0,2929.75,300.0,12.31
2022-09-01,5469.61,9738707113.0,2108.99,300.0,12.02
2022-09-02,5442.39,8678927771.0,1844.68,300.0,11.96
2022-09-05,5431.32,9376710937.0,2011.19,300.0,11.96
2022-09-06,5481.41,11350626459.0,2359.22,300.0,12.06
2022-09-07,5485.07,10767805894.0,2151.47,300.0,12.06
2022-09-08,5461.86,10088604914.0,1868.89,300.0,12.02
2022-09-09,5537.75,11842711369.0,2214.43,300.0,12.18
2022-09-13,5561.19,11178973700.0,2185.21,300.0,12.22
2022-09-14,5499.3,9079368060.0,1854.85,300.0,12.1
2022-09-15,5447.86,12395119560.0,2543.67,300.0,12.01
2022-09-16,5320.11,13719365475.0,2412.52,300.0,11.73
2022-09-19,5314.39,9771957525.0,1835.74,300.0,11.72
2022-09-20,5321.5,8482413427.0,1792.48,300.0,11.72
2022-09-21,5282.12,8645839100.0,1689.39,300.0,11.66
2022-09-22,5235.68,8094691932.0,1611.34,300.0,11.58
2022-09-23,5217.65,9434246164.0,1729.05,300.0,11.56
2022-09-26,5191.61,10452603102.0,1929.06,300.0,11.49
2022-09-27,5266.87,8886015995.0,1859.55,300.0,11.63
2022-09-28,5181.47,8659221349.0,1724.38,300.0,11.48
2022-09-29,5179.35,8565414228.0,1716.36,300.0,11.48
2022-09-30,5149.23,7855996620.0,1586.93,300.0,11.43
2022-10-10,5035.62,10264759482.0,1946.36,300.0,11.2
2022-10-11,5044.76,8394462477.0,1668.0,300.0,11.21
2022-10-12,5121.38,10808931910.0,2109.31,300.0,11.35
2022-10-13,5079.17,9901891517.0,1983.69,300.0,11.25
2022-10-14,5200.7,11624229301.0,2565.51,300.0,11.48
2022-10-17,5206.04,10419201869.0,2204.89,300.0,11.48
2022-10-18,5195.02,8834690710.0,1865.56,300.0,11.45
2022-10-19,5111.46,8157484415.0,1867.36,300.0,11.28
2022-10-20,5085.05,9029089532.0,2037.82,300.0,11.24
2022-10-21,5068.89,9875003786.0,1806.86,300.0,11.21
2022-10-24,4920.58,13005686392.0,2594.51,300.0,10.91
2022-10-25,4912.56,11095388218.0,2193.03,300.0,10.88
2022-10-26,4952.44,12130154825.0,2424.54,300.0,10.95
2022-10-27,4917.56,11799867463.0,2574.73,300.0,10.88
2022-10-28,4795.92,11877216239.0,2458.16,300.0,10.65
2022-10-31,4751.83,13846565528.0,2565.75,300.0,10.52
2022-11-01,4921.76,14928669775.0,2950.9,300.0,10.8
2022-11-02,4980.85,14159291870.0,2916.48,300.0,10.92
2022-11-03,4940.34,11056603534.0,2153.79,300.0,10.84
2022-11-04,5101.88,14973494891.0,3111.45,300.0,11.17
2022-11-07,5112.88,12982637100.0,2511.96,300.0,11.2
2022-11-08,5077.71,9901645130.0,1933.51,300.0,11.13
2022-11-09,5030.6,8943452500.0,1720.3,300.0,11.04
2022-11-10,4991.89,10350930202.0,1831.55,300.0,10.97
2022-11-11,5131.06,18968558554.0,3444.71,300.0,11.26
2022-11-14,5138.61,16966504801.0,3155.37,300.0,11.27
2022-11-15,5236.07,15151564951.0,2962.68,300.0,11.46
2022-11-16,5193.29,12061096434.0,2358.45,300.0,11.38
2022-11-17,5172.0,10594063225.0,2195.41,300.0,11.33
2022-11-18,5148.92,11507877652.0,2242.76,300.0,11.29
2022-11-21,5104.98,9586696619.0,1882.3,300.0,11.2
2022-11-22,5105.59,14448633377.0,2034.91,300.0,11.23
2022-11-23,5110.98,14452791069.0,2010.71,300.0,11.26
2022-11-24,5088.33,10107344693.0,1606.99,300.0,11.22
2022-11-25,5114.02,14292971081.0,1917.11,300.0,11.3
2022-11-28,5056.56,12782574765.0,1963.06,300.0,11.18
2022-11-29,5212.57,17870139166.0,2890.62,300.0,11.5
2022-11-30,5218.82,15751140025.0,2500.51,300.0,11.51
2022-12-01,5275.34,16996458471.0,3066.78,300.0,11.61
2022-12-02,5243.08,11678634967.0,2012.53,300.0,11.54
2022-12-05,5345.92,20174722075.0,2966.16,300.0,11.78
2022-12-06,5374.86,15510832312.0,2755.83,300.0,11.84
2022-12-07,5361.64,14300135594.0,2554.91,300.0,11.79
2022-12-08,5362.64,11519998581.0,1980.38,300.0,11.8
2022-12-09,5415.56,15377495359.0,2681.67,300.0,11.9
2022-12-12,5354.87,12593536848.0,2276.06,300.0,11.79
2022-12-13,5344.36,10099410007.0,1840.21,300.0,11.78
2022-12-14,5360.44,9852800634.0,1961.75,300.0,11.81
2022-12-15,5356.51,8886472512.0,1819.95,300.0,11.79
2022-12-16,5359.54,9317856715.0,1674.88,300.0,11.81
2022-12-19,5276.86,10691907536.0,1808.01,300.0,11.62
2022-12-20,5189.84,8309682192.0,1640.46,300.0,11.45
2022-12-21,5191.9,6483921501.0,1234.5,300.0,11.45
2022-12-22,5199.34,8370517289.0,1639.7,300.0,11.47
2022-12-23,5188.75,6527814806.0,1305.59,300.0,11.45
2022-12-26,5209.8,7300571235.0,1486.93,300.0,11.48
2022-12-27,5273.97,7751534969.0,1520.32,300.0,11.62
2022-12-28,5251.47,8442465574.0,1606.71,300.0,11.59
2022-12-29,5231.71,7939481470.0,1490.11,300.0,11.53
2022-12-30,5251.97,7877327247.0,1482.95,300.0,11.58
2023-01-03,5274.03,11505187502.0,2075.4,300.0,11.62
2023-01-04,5280.88,11066074277.0,1989.98,300.0,11.64
2023-01-05,5383.48,11650239481.0,2563.13,300.0,11.84
2023-01-06,5400.17,11095303796.0,2357.44,300.0,11.87
2023-01-09,5443.9,11705442501.0,2332.12,300.0,11.95
2023-01-10,5449.8,10175114051.0,2148.71,300.0,11.96
2023-01-11,5440.1,9999788889.0,2030.0,300.0,11.95
2023-01-12,5450.74,9055262657.0,1836.86,300.0,11.97
2023-01-13,5527.4,9587189647.0,2121.74,300.0,12.13
2023-01-16,5613.66,15139545462.0,3190.08,300.0,12.28
2023-01-17,5612.68,9547904040.0,2043.82,300.0,12.27
2023-01-18,5603.28,8420064531.0,1721.26,300.0,12.25
2023-01-19,5638.14,9460839828.0,1927.0,300.0,12.31
2023-01-20,5672.76,12355380946.0,2223.42,300.0,12.38
2023-01-30,5699.65,16460706413.0,3301.93,300.0,12.43
2023-01-31,5639.29,12455083466.0,2493.65,300.0,12.3
2023-02-01,5692.3,14100895412.0,2655.54,300.0,12.41
2023-02-02,5672.25,13382373579.0,2624.97,300.0,12.37
2023-02-03,5618.64,11704122144.0,2269.15,300.0,12.26
2023-02-06,5544.36,11019271659.0,2263.45,300.0,12.12
2023-02-07,5554.34,9136007218.0,1835.37,300.0,12.14
2023-02-08,5529.79,8478609924.0,1705.92,300.0,12.08
2023-02-09,5604.02,10228996134.0,2117.23,300.0,12.23
2023-02-10,5570.72,9671673330.0,1953.48,300.0,12.18
2023-02-13,5621.27,12889257686.0,2519.9,300.0,12.28
2023-02-14,5623.6,10249988997.0,2049.15,300.0,12.29
2023-02-15,5594.3,12166450757.0,2198.56,300.0,12.23
2023-02-16,5553.32,15931058546.0,2813.16,300.0,12.16
2023-02-17,5473.31,11614258920.0,2257.38,300.0,12.01
2023-02-20,5607.59,16179448126.0,2801.23,300.0,12.3
2023-02-21,5622.33,14577617349.0,2496.74,300.0,12.33
2023-02-22,5571.59,10429029528.0,1915.86,300.0,12.23
2023-02-23,5567.11,10356490619.0,1971.94,300.0,12.22
2023-02-24,5509.31,10098942506.0,1912.1,300.0,12.1
2023-02-27,5487.24,9378763018.0,1879.59,300.0,12.06
2023-02-28,5522.0,11032359112.0,1988.0,300.0,12.14
2023-03-01,5600.0,15601579411.0,2553.75,300.0,12.31
2023-03-02,5587.51,14821763683.0,2359.54,300.0,12.29
2023-03-03,5604.9,16033174145.0,2269.15,300.0,12.36
2023-03-06,5575.67,16297180677.0,2830.8,300.0,12.3
2023-03-07,5494.04,19591206784.0,2724.92,300.0,12.16
2023-03-08,5474.03,11793649290.0,1916.6,300.0,12.12
2023-03-09,5454.68,11653962891.0,2017.38,300.0,12.09
2023-03-10,5383.15,12385540903.0,2182.87,300.0,11.93
2023-03-13,5439.53,14356137006.0,2428.66,300.0,12.08
2023-03-14,5406.98,15054417390.0,2672.25,300.0,11.99
2023-03-15,5409.97,14202600655.0,2321.01,300.0,12.02
2023-03-16,5345.18,15251564406.0,2462.64,300.0,11.9
2023-03-17,5371.87,17743381815.0,3055.41,300.0,11.98
2023-03-20,5345.08,20526496968.0,3197.6,300.0,11.92
2023-03-21,5403.83,14509067914.0,2516.32,300.0,12.01
2023-03-22,5426.99,14922896967.0,2651.81,300.0,12.07
2023-03-23,5480.79,15888742143.0,2964.8,300.0,12.18
2023-03-24,5464.45,15944233002.0,2957.86,300.0,12.11
2023-03-27,5444.68,16848227865.0,3154.75,300.0,12.04
2023-03-28,5427.09,13189511701.0,2487.37,300.0,12.03
2023-03-29,5436.08,13374350992.0,2638.67,300.0,12.05
2023-03-30,5480.21,14990103705.0,2800.05,300.0,12.15
2023-03-31,5497.03,13884254587.0,2798.64,300.0,12.17
2023-04-03,5550.83,18212431273.0,3828.96,300.0,12.26
2023-04-04,5567.84,19714663113.0,3944.43,300.0,12.31
2023-04-06,5559.07,15070337396.0,3289.82,300.0,12.29
2023-04-07,5595.22,12867673784.0,2865.68,300.0,12.34
2023-04-10,5570.16,15245300220.0,3408.23,300.0,12.31
2023-04-11,5563.83,15390133303.0,3241.93,300.0,12.31
2023-04-12,5559.95,16596527831.0,3254.25,300.0,12.33
2023-04-13,5521.7,15644429515.0,3002.91,300.0,12.27
2023-04-14,5552.94,15069568153.0,3062.02,300.0,12.34
2023-04-17,5630.81,18877309504.0,3418.31,300.0,12.54
2023-04-18,5648.19,17018413037.0,3315.46,300.0,12.6
2023-04-19,5597.33,16255459225.0,3122.2,300.0,12.49
2023-04-20,5581.87,16270667650.0,3321.72,300.0,12.46
2023-04-21,5472.98,18080243454.0,3478.52,300.0,12.24
2023-04-24,5405.22,17009921689.0,3283.76,300.0,12.12
2023-04-25,5378.17,17255540861.0,3311.11,300.0,12.1
2023-04-26,5374.85,16270200596.0,3220.63,300.0,12.0
2023-04-27,5414.77,15382819537.0,3048.04,300.0,12.09
2023-04-28,5470.07,17950848823.0,3289.36,300.0,12.22
2023-05-04,5471.65,22758284555.0,3454.93,300.0,12.4
2023-05-05,5453.49,20662692420.0,3076.94,300.0,12.37
2023-05-08,5515.65,25558308540.0,3595.4,300.0,12.61
2023-05-09,5468.49,27930604760.0,3964.22,300.0,12.49
2023-05-10,5426.44,20755270917.0,3094.85,300.0,12.33
2023-05-11,5418.02,14480461894.0,2410.52,300.0,12.3
2023-05-12,5346.62,14442172792.0,2289.93,300.0,12.15
2023-05-15,5429.81,17625736236.0,2795.31,300.0,12.32
2023-05-16,5402.51,13683327129.0,2348.41,300.0,12.25
2023-05-17,5378.06,11844818523.0,2051.96,300.0,12.19
2023-05-18,5373.13,13653394683.0,2291.34,300.0,12.23
2023-05-19,5358.76,12021247883.0,2070.95,300.0,12.17
2023-05-22,5392.49,10911660500.0,2021.86,300.0,12.24
2023-05-23,5316.31,11868507696.0,1899.56,300.0,12.04
2023-05-24,5242.87,13725826485.0,2117.68,300.0,11.85
2023-05-25,5231.64,12415076959.0,2133.14,300.0,11.82
2023-05-26,5233.54,10032643939.0,1915.38,300.0,11.83
2023-05-29,5211.28,13185996742.0,2300.96,300.0,11.83
2023-05-30,5216.64,13761962865.0,2445.66,300.0,11.83
2023-05-31,5166.12,12638736822.0,2356.06,300.0,11.71
2023-06-01,5181.3,13456188076.0,2418.3,300.0,11.74
2023-06-02,5256.77,12501511031.0,2326.97,300.0,11.87
2023-06-05,5232.89,11616398878.0,2111.44,300.0,11.85
2023-06-06,5184.02,12578125755.0,2220.92,300.0,11.75
2023-06-07,5159.86,9886243203.0,1898.8,300.0,11.71
2023-06-08,5202.26,11870093390.0,1991.19,300.0,11.82
2023-06-09,5226.72,13431986289.0,2472.96,300.0,11.87
2023-06-12,5237.75,12675854321.0,2407.91,300.0,11.83
2023-06-13,5267.81,11092494583.0,2254.35,300.0,11.87
2023-06-14,5273.53,12495575900.0,2439.33,300.0,11.85
2023-06-15,5359.15,12836993815.0,2826.36,300.0,11.99
2023-06-16,5411.95,13976007647.0,2803.75,300.0,12.07
2023-06-19,5373.28,13490584843.0,2682.13,300.0,11.97
2023-06-20,5365.58,12252031839.0,2662.74,300.0,11.92
2023-06-21,5287.74,11834657530.0,2436.31,300.0,11.76
2023-06-26,5215.29,13399041923.0,2477.14,300.0,11.6
2023-06-27,5266.67,11699268121.0,2100.98,300.0,11.72
2023-06-28,5264.97,10702154108.0,2061.88,300.0,11.71
2023-06-29,5240.66,9828927352.0,2041.1,300.0,11.65
2023-06-30,5275.95,10126842891.0,2081.46,300.0,11.71
2023-07-03,5345.99,13315805050.0,2568.77,300.0,11.88
2023-07-04,5354.41,10949452689.0,2163.36,300.0,11.88
2023-07-05,5315.31,9763638434.0,1884.0,300.0,11.79
2023-07-06,5281.04,10012184175.0,1847.42,300.0,11.71
2023-07-07,5258.51,10090692031.0,1739.19,300.0,11.66
2023-07-10,5284.16,9203344122.0,1853.61,300.0,11.7
2023-07-11,5319.22,8651071589.0,1775.86,300.0,11.77
2023-07-12,5289.9,11152202425.0,2140.47,300.0,11.7
2023-07-13,5374.87,12030023173.0,2352.79,300.0,11.88
2023-07-14,5377.86,12236484632.0,2202.3,300.0,11.89
2023-07-17,5341.13,9834014443.0,1746.24,300.0,11.73
2023-07-18,5327.66,9143861465.0,1671.04,300.0,11.65
2023-07-19,5323.45,7958569999.0,1513.11,300.0,11.65
2023-07-20,5286.36,9204207580.0,1743.21,300.0,11.56
2023-07-21,5287.99,7950756310.0,1571.44,300.0,11.55
2023-07-24,5264.96,7548354527.0,1514.48,300.0,11.51
2023-07-25,5417.37,16306631966.0,2998.54,300.0,11.83
2023-07-26,5406.94,10788171718.0,1929.13,300.0,11.8
2023-07-27,5400.54,11066710912.0,1968.45,300.0,11.8
2023-07-28,5528.07,17973548138.0,3100.92,300.0,12.07
2023-07-31,5558.39,19960683006.0,3665.44,300.0,12.11
2023-08-01,5535.38,14228685910.0,2556.21,300.0,12.08
2023-08-02,5496.83,12585569048.0,2048.76,300.0,11.96
2023-08-03,5545.41,12900663986.0,2248.1,300.0,12.06
2023-08-04,5567.24,17826718905.0,3165.3,300.0,12.11
2023-08-07,5525.1,12131066171.0,2270.91,300.0,12.03
2023-08-08,5510.72,10987169867.0,2026.11,300.0,12.01
2023-08-09,5495.28,9464026908.0,1743.94,300.0,11.97
2023-08-10,5507.15,9717684924.0,1756.47,300.0,11.99
2023-08-11,5382.39,12608293116.0,2035.46,300.0,11.73
2023-08-14,5343.11,11596633614.0,1976.24,300.0,11.64
2023-08-15,5330.13,10309711139.0,1774.37,300.0,11.64
2023-08-16,5291.05,9461694617.0,1693.24,300.0,11.55
2023-08-17,5308.74,9841549319.0,1740.94,300.0,11.58
2023-08-18,5243.7,9554963843.0,1684.46,300.0,11.47
2023-08-21,5168.28,9870836898.0,1733.8,300.0,11.31
2023-08-22,5208.23,12031832692.0,2034.64,300.0,11.42
2023-08-23,5122.87,9708163840.0,1604.76,300.0,11.27
2023-08-24,5160.18,11961452067.0,1962.57,300.0,11.31
2023-08-25,5144.11,10518261044.0,1756.01,300.0,11.28
2023-08-28,5205.28,19799037856.0,3350.48,300.0,11.42
2023-08-29,5257.4,15248614606.0,2621.35,300.0,11.5
2023-08-30,5255.18,12967166051.0,2267.27,300.0,11.48
2023-08-31,5223.55,11896164563.0,1935.77,300.0,11.42
2023-09-01,5260.5,10531904478.0,1722.19,300.0,11.49
2023-09-04,5340.23,14238520146.0,2379.35,300.0,11.67
2023-09-05,5300.5,10405233316.0,1813.78,300.0,11.58
2023-09-06,5289.0,9344239291.0,1660.82,300.0,11.57
2023-09-07,5214.69,9510390295.0,1644.06,300.0,11.44
2023-09-08,5189.05,7163816584.0,1291.98,300.0,11.38
2023-09-11,5227.49,10535801567.0,1868.72,300.0,11.45
2023-09-12,5217.87,7938537808.0,1401.18,300.0,11.43
2023-09-13,5184.63,8157690126.0,1382.38,300.0,11.38
2023-09-14,5180.27,10038607538.0,1515.78,300.0,11.4
2023-09-15,5146.7,10939568921.0,1803.99,300.0,11.31
2023-09-18,5173.01,8672774143.0,1569.67,300.0,11.36
2023-09-19,5163.01,8319903774.0,1352.17,300.0,11.37
2023-09-20,5143.12,7544820896.0,1176.92,300.0,11.33
2023-09-21,5097.01,8303100466.0,1350.12,300.0,11.23
2023-09-22,5189.29,11023116602.0,1922.36,300.0,11.42
2023-09-25,5155.53,9259647941.0,1557.94,300.0,11.35
2023-09-26,5125.42,7804452534.0,1378.08,300.0,11.29
2023-09-27,5136.13,9162921049.0,1647.9,300.0,11.29
2023-09-28,5121.09,8522171888.0,1535.0,300.0,11.27
2023-10-09,5114.44,10214805792.0,1780.72,300.0,11.25
2023-10-10,5076.13,9916373013.0,1619.39,300.0,11.16
2023-10-11,5090.6,10209158722.0,1876.68,300.0,11.18
2023-10-12,5138.99,11436322546.0,1945.98,300.0,11.3
2023-10-13,5084.93,9828798713.0,1701.52,300.0,11.21
2023-10-16,5034.11,9185311827.0,1595.38,300.0,11.13
2023-10-17,5051.88,9074518842.0,1470.56,300.0,11.18
2023-10-18,5011.9,9454587916.0,1589.82,300.0,11.1
2023-10-19,4904.97,11173751959.0,1891.95,300.0,10.86
2023-10-20,4873.11,9851860523.0,1695.91,300.0,10.78
2023-10-23,4822.74,9656165248.0,1520.55,300.0,10.68
2023-10-24,4840.75,11554728909.0,1865.29,300.0,10.7
2023-10-25,4867.63,12800961681.0,2036.92,300.0,10.72
2023-10-26,4881.08,10514356600.0,1760.88,300.0,10.76
2023-10-27,4948.43,12022510831.0,2243.02,300.0,10.88
2023-10-30,4978.14,14401042590.0,2429.73,300.0,10.88
2023-10-31,4962.49,11258726747.0,1963.18,300.0,10.87
2023-11-01,4960.43,9764553786.0,1829.44,300.0,10.88
2023-11-02,4937.04,9035964260.0,1494.65,300.0,10.85
2023-11-03,4978.64,9754210070.0,1658.66,300.0,10.92
2023-11-06,5045.97,15298246321.0,2544.66,300.0,11.01
2023-11-07,5028.12,11028859145.0,1904.34,300.0,10.98
2023-11-08,5016.18,11059422967.0,1925.94,300.0,10.95
2023-11-09,5018.62,11187205702.0,1893.55,300.0,10.98
2023-11-10,4982.03,10210703415.0,1669.25,300.0,10.91
2023-11-13,4972.2,9670764879.0,1648.21,300.0,10.9
2023-11-14,4975.87,10088415834.0,1659.35,300.0,10.91
2023-11-15,5010.86,10492921766.0,1889.32,300.0,10.98
2023-11-16,4962.55,8746478005.0,1466.29,300.0,10.89
2023-11-17,4956.59,8731920731.0,1396.22,300.0,10.87
2023-11-20,4968.05,9108044505.0,1574.5,300.0,10.89
2023-11-21,4974.64,10859431357.0,1759.22,300.0,10.91
2023-11-22,4924.31,8478438133.0,1360.41,300.0,10.82
2023-11-23,4948.07,8480016683.0,1415.0,300.0,10.87
2023-11-24,4915.41,8501840334.0,1401.02,300.0,10.81
2023-11-27,4879.23,9910231350.0,1559.75,300.0,10.73
2023-11-28,4888.38,8933578865.0,1477.41,300.0,10.74
2023-11-29,4846.67,9884141246.0,1559.48,300.0,10.66
2023-11-30,4857.64,10135082021.0,1537.9,300.0,10.7
2023-12-01,4839.13,10853094078.0,1760.78,300.0,10.67
2023-12-04,4807.53,9715682642.0,1646.64,300.0,10.61
2023-12-05,4715.99,10047200721.0,1648.41,300.0,10.42
2023-12-06,4723.41,10580551914.0,1721.43,300.0,10.4
2023-12-07,4711.86,9771324794.0,1609.5,300.0,10.39
2023-12-08,4723.65,12952205358.0,2030.34,300.0,10.42
2023-12-11,4751.44,13962624904.0,2197.61,300.0,10.61
2023-12-12,4761.65,10559001284.0,1669.8,300.0,10.65
2023-12-13,4682.17,9528536728.0,1654.56,300.0,10.49
2023-12-14,4657.65,8365513530.0,1502.46,300.0,10.43
2023-12-15,4643.19,9778778299.0,1649.07,300.0,10.39
2023-12-18,4626.25,9052682558.0,1423.03,300.0,10.38
2023-12-19,4632.75,8380811783.0,1352.94,300.0,10.39
2023-12-20,4586.12,9241286752.0,1412.91,300.0,10.29
2023-12-21,4632.53,10254619829.0,1711.21,300.0,10.38
2023-12-22,4641.37,10522013298.0,1673.36,300.0,10.4
2023-12-25,4655.82,7454269312.0,1218.38,300.0,10.44
2023-12-26,4624.3,7473293539.0,1216.9,300.0,10.39
2023-12-27,4640.39,9440392821.0,1409.25,300.0,10.43
2023-12-28,4749.13,14806485127.0,2458.56,300.0,10.63
2023-12-29,4772.18,11492893177.0,1935.73,300.0,10.67
2024-01-02,4709.92,11618072550.0,1840.96,300.0,10.57
2024-01-03,4698.72,10561385129.0,1650.99,300.0,10.57
2024-01-04,4655.26,10672101276.0,1655.12,300.0,10.5
2024-01-05,4630.31,12640057384.0,1822.52,300.0,10.45
2024-01-08,4570.43,11742948540.0,1707.62,300.0,10.33
2024-01-09,4579.39,10933046465.0,1722.76,300.0,10.34
2024-01-10,4558.01,9419936617.0,1597.78,300.0,10.29
2024-01-11,4583.8,10878973525.0,1809.79,300.0,10.31
2024-01-12,4567.8,9685355536.0,1565.36,300.0,10.29
2024-01-15,4563.28,8885153028.0,1443.32,300.0,10.29
2024-01-16,4591.04,11327666533.0,1756.51,300.0,10.35
2024-01-17,4491.18,10876972820.0,1735.16,300.0,10.15
2024-01-18,4554.67,17490916843.0,2567.85,300.0,10.26
2024-01-19,4547.78,11850140802.0,1912.62,300.0,10.24
2024-01-22,4477.02,14870562814.0,2255.1,300.0,10.1
2024-01-23,4495.15,12201199978.0,1937.91,300.0,10.14
2024-01-24,4557.98,15437195409.0,2190.36,300.0,10.31
2024-01-25,4649.51,19683361387.0,2655.21,300.0,10.56
2024-01-26,4636.86,18066400519.0,2381.45,300.0,10.57
2024-01-29,4595.33,18416479473.0,2446.98,300.0,10.51
2024-01-30,4513.38,14364934987.0,1995.93,300.0,10.35
2024-01-31,4472.09,15314346888.0,2153.33,300.0,10.29
2024-02-01,4475.37,14551679175.0,2038.15,300.0,10.27
2024-02-02,4422.4,17375808896.0,2344.95,300.0,10.18
2024-02-05,4451.32,20304296964.0,2797.13,300.0,10.29
2024-02-06,4606.08,20271309907.0,2850.42,300.0,10.59
2024-02-07,4650.5,21664793255.0,2979.98,300.0,10.66
2024-02-08,4680.13,18997757769.0,2702.4,300.0,10.7
2024-02-19,4734.2,18331980016.0,2676.74,300.0,10.87
2024-02-20,4744.0,14073458073.0,2184.59,300.0,10.9
2024-02-21,4808.01,18887936190.0,2918.24,300.0,11.03
2024-02-22,4849.46,14102078398.0,2250.98,300.0,11.15
2024-02-23,4853.72,14482127334.0,2329.26,300.0,11.16
2024-02-26,4803.12,15124833146.0,2389.52,300.0,11.0
2024-02-27,4860.74,13952824625.0,2444.89,300.0,11.11
2024-02-28,4798.81,18983754826.0,3283.01,300.0,10.99
2024-02-29,4890.36,15594453204.0,2819.72,300.0,11.17
2024-03-01,4920.57,16270956978.0,2885.76,300.0,11.22
2024-03-04,4924.83,16324461267.0,2977.2,300.0,11.25
2024-03-05,4959.11,16642238850.0,2998.96,300.0,11.34
2024-03-06,4938.99,14307661308.0,2482.94,300.0,11.28
2024-03-07,4909.33,14811051009.0,2518.4,300.0,11.24
2024-03-08,4930.45,12579266367.0,2253.79,300.0,11.28
2024-03-11,4992.14,14820282472.0,2864.19,300.0,11.38
2024-03-12,5003.59,18068555964.0,3399.97,300.0,11.35
2024-03-13,4968.64,14459059031.0,2668.99,300.0,11.27
2024-03-14,4954.53,14096272229.0,2638.04,300.0,11.25
2024-03-15,4965.34,13831604399.0,2439.92,300.0,11.27
2024-03-18,5011.98,16037943831.0,2953.15,300.0,11.36
2024-03-19,4975.96,14557178553.0,2595.53,300.0,11.29
2024-03-20,4986.75,12952896551.0,2237.52,300.0,11.34
2024-03-21,4980.78,13074337721.0,2331.62,300.0,11.33
2024-03-22,4930.58,13922735755.0,2488.51,300.0,11.23
2024-03-25,4903.82,13701572415.0,2337.47,300.0,11.2
2024-03-26,4928.84,12620953491.0,2267.31,300.0,11.25
2024-03-27,4871.87,12862676272.0,2164.05,300.0,11.15
2024-03-28,4897.15,14333471658.0,2325.31,300.0,11.18
2024-03-29,4920.26,12864328978.0,2017.49,300.0,11.26
2024-04-01,5001.15,16277656089.0,2516.37,300.0,11.4
2024-04-02,4980.33,14127297167.0,2202.08,300.0,11.38
2024-04-03,4962.43,13559233131.0,2142.23,300.0,11.36
2024-04-08,4918.76,15530428262.0,2432.49,300.0,11.29
2024-04-09,4914.7,12967094220.0,1958.94,300.0,11.26
2024-04-10,4874.67,12879027442.0,1997.55,300.0,11.2
2024-04-11,4874.02,12653439501.0,2002.93,300.0,11.19
2024-04-12,4834.52,12892111581.0,2085.66,300.0,11.12
2024-04-15,4936.38,18394124978.0,2674.72,300.0,11.38
2024-04-16,4883.58,17615306534.0,2533.16,300.0,11.31
2024-04-17,4959.09,16846639816.0,2449.88,300.0,11.45
2024-04-18,4965.6,17857410491.0,2613.3,300.0,11.46
2024-04-19,4926.66,14728150455.0,2262.3,300.0,11.4
2024-04-22,4912.53,15057904204.0,2295.11,300.0,11.34
2024-04-23,4878.56,14311350433.0,2132.57,300.0,11.26
2024-04-24,4899.98,12173985118.0,1953.0,300.0,11.3
2024-04-25,4912.03,11518772225.0,1845.25,300.0,11.34
2024-04-26,4987.35,19721613289.0,3080.45,300.0,11.47
2024-04-29,5042.74,22272138138.0,3587.1,300.0,11.54
2024-04-30,5019.19,19129689904.0,2866.74,300.0,11.5
2024-05-06,5093.66,20801800747.0,3332.7,300.0,12.59
2024-05-07,5095.24,16483428582.0,2473.68,300.0,12.61
2024-05-08,5055.17,13003533601.0,1999.23,300.0,12.53
2024-05-09,5102.99,14655901699.0,2326.95,300.0,12.61
2024-05-10,5106.04,15072053606.0,2337.31,300.0,12.62
2024-05-13,5103.84,15726745528.0,2496.88,300.0,12.61
2024-05-14,5093.77,13340649033.0,2146.44,300.0,12.58
2024-05-15,5054.72,12352276425.0,1914.81,300.0,12.49
2024-05-16,5074.68,15463050292.0,2402.89,300.0,12.53
2024-05-17,5127.69,16457041672.0,2477.3,300.0,12.65
2024-05-20,5145.8,18460942309.0,2799.71,300.0,12.7
2024-05-21,5126.58,13067828272.0,1965.75,300.0,12.67
2024-05-22,5138.8,15191460525.0,2308.39,300.0,12.68
2024-05-23,5079.36,14257299016.0,2142.05,300.0,12.55
2024-05-24,5023.9,12479117683.0,1953.45,300.0,12.43
2024-05-27,5072.07,13127264429.0,2061.44,300.0,12.56
2024-05-28,5035.45,12353223804.0,1843.81,300.0,12.5
2024-05-29,5042.26,11590632060.0,1790.73,300.0,12.5
2024-05-30,5016.31,12260299460.0,1930.7,300.0,12.42
2024-05-31,4996.33,11246201890.0,1807.08,300.0,12.37
2024-06-03,5008.93,14105459148.0,2227.57,300.0,12.41
2024-06-04,5047.05,12454509575.0,1957.91,300.0,12.48
2024-06-05,5020.11,11090676598.0,1826.4,300.0,12.42
2024-06-06,5017.83,13789351688.0,2267.64,300.0,12.42
2024-06-07,4995.57,13110302604.0,2130.02,300.0,12.35
2024-06-11,4952.94,13452230644.0,2192.82,300.0,12.22
2024-06-12,4955.19,12281372918.0,2007.23,300.0,12.23
2024-06-13,4932.59,12324546204.0,2147.92,300.0,12.18
2024-06-14,4961.28,17151694222.0,2837.69,300.0,12.22
2024-06-17,4954.18,13743343781.0,2322.94,300.0,12.18
2024-06-18,4967.52,12367183755.0,2088.24,300.0,12.22
2024-06-19,4951.52,10664279677.0,1847.9,300.0,12.19
2024-06-20,4916.88,11161739634.0,1865.16,300.0,12.14
2024-06-21,4907.3,10918661542.0,1827.37,300.0,12.1
2024-06-24,4881.73,11799018404.0,1957.88,300.0,12.06
2024-06-25,4855.18,11844811768.0,1908.86,300.0,12.01
2024-06-26,4889.74,10589886071.0,1715.38,300.0,12.06
2024-06-27,4856.09,11491810116.0,1741.13,300.0,11.99
2024-06-28,4870.47,13540915277.0,2051.19,300.0,12.06
2024-07-01,4893.82,12182976959.0,1880.18,300.0,12.14
2024-07-02,4884.82,12165012140.0,1861.05,300.0,12.17
2024-07-03,4873.71,10385710833.0,1630.35,300.0,12.12
2024-07-04,4849.4,10442990897.0,1594.77,300.0,12.09
2024-07-05,4829.91,11660965938.0,1814.17,300.0,12.0
2024-07-08,4791.55,11552821807.0,1775.6,300.0,11.92
2024-07-09,4850.1,13162944337.0,2150.49,300.0,12.05
2024-07-10,4840.25,12720345637.0,1981.49,300.0,11.99
2024-07-11,4905.59,14589246578.0,2375.51,300.0,12.09
2024-07-12,4918.72,13087458900.0,2050.56,300.0,12.11
2024-07-15,4925.23,11851708319.0,1715.85,300.0,12.16
2024-07-16,4961.97,12065901735.0,2004.56,300.0,12.2
2024-07-17,4968.26,13180206163.0,2228.31,300.0,12.18
2024-07-18,4997.1,12376819864.0,2157.84,300.0,12.24
2024-07-19,5026.61,13244797453.0,2280.65,300.0,12.27
2024-07-22,4992.51,13212633696.0,2174.57,300.0,12.16
2024-07-23,4886.88,12889766046.0,2028.58,300.0,11.97
2024-07-24,4857.52,12703626331.0,1848.84,300.0,11.93
2024-07-25,4831.03,13102224195.0,1901.31,300.0,11.84
2024-07-26,4851.22,12419555750.0,1878.53,300.0,11.83
2024-07-29,4825.6,10978778639.0,1666.97,300.0,11.81
2024-07-30,4796.31,10495216363.0,1654.43,300.0,11.72
2024-07-31,4899.82,17195917704.0,2582.49,300.0,11.91
2024-08-01,4867.61,13632346447.0,2060.38,300.0,11.85
2024-08-02,4817.96,11661525506.0,1796.71,300.0,11.75
2024-08-05,4759.52,14281251636.0,2236.31,300.0,11.6
2024-08-06,4759.14,11934027948.0,1817.25,300.0,11.58
2024-08-07,4757.02,9508437747.0,1450.79,300.0,11.59
2024-08-08,4759.69,9249569514.0,1494.83,300.0,11.6
2024-08-09,4745.0,9151162630.0,1428.52,300.0,11.58
2024-08-12,4736.8,7993875413.0,1175.45,300.0,11.57
2024-08-13,4748.97,8448967942.0,1252.59,300.0,11.61
2024-08-14,4714.14,7874240650.0,1181.82,300.0,11.54
2024-08-15,4761.49,10476639931.0,1492.49,300.0,11.65
2024-08-16,4768.66,9651908344.0,1358.85,300.0,11.7
2024-08-19,4784.88,10557111009.0,1434.22,300.0,11.76
2024-08-20,4750.72,10166833063.0,1379.11,300.0,11.69
2024-08-21,4735.15,8995475068.0,1300.06,300.0,11.66
2024-08-22,4723.12,10036650417.0,1477.03,300.0,11.67
2024-08-23,4744.35,8952577385.0,1326.81,300.0,11.71
2024-08-26,4741.39,9399077193.0,1390.71,300.0,11.7
2024-08-27,4714.45,9580815665.0,1297.56,300.0,11.7
2024-08-28,4690.48,9269665042.0,1359.82,300.0,11.62
2024-08-29,4677.9,13070233260.0,1743.4,300.0,11.51
2024-08-30,4740.34,18869544267.0,2683.76,300.0,11.6
2024-09-02,4660.41,14761235322.0,1944.1,300.0,11.35
2024-09-03,4672.42,12289730606.0,1550.89,300.0,11.3
2024-09-04,4642.16,10483248217.0,1400.7,300.0,11.21
2024-09-05,4650.47,9710945034.0,1346.18,300.0,11.21
2024-09-06,4612.77,8840041700.0,1215.42,300.0,11.13
2024-09-09,4558.67,10867306887.0,1465.16,300.0,11.0
2024-09-10,4562.68,9729007816.0,1336.1,300.0,11.03
2024-09-11,4549.86,10248211043.0,1415.14,300.0,10.94
2024-09-12,4530.36,9286865714.0,1363.87,300.0,10.91
2024-09-13,4512.07,8833667673.0,1374.49,300.0,10.88
2024-09-18,4528.87,8472281355.0,1234.52,300.0,10.95
2024-09-19,4565.32,12543927248.0,1817.85,300.0,11.0
2024-09-20,4572.77,11806409839.0,1639.85,300.0,11.03
2024-09-23,4589.5,9534485540.0,1438.76,300.0,11.09
2024-09-24,4788.31,20407221703.0,3078.8,300.0,11.57
2024-09-25,4859.48,24156425455.0,3568.63,300.0,11.73
2024-09-26,5065.65,24313401006.0,3739.84,300.0,12.17
2024-09-27,5291.92,26548777363.0,4666.93,300.0,12.56
2024-09-30,5741.03,51021770687.0,8625.29,300.0,13.54
2024-10-08,6081.45,58986789449.0,11303.87,300.0,14.21
2024-10-09,5652.7,48226929500.0,10290.32,300.0,13.21
2024-10-10,5714.22,39505309882.0,7179.52,300.0,13.43
2024-10-11,5556.27,27409650547.0,4849.98,300.0,13.11
2024-10-14,5662.29,30757899315.0,5340.77,300.0,13.36
2024-10-15,5511.74,24248644795.0,4344.11,300.0,12.99
2024-10-16,5476.93,21886640656.0,3773.01,300.0,12.94
2024-10-17,5414.94,21231381999.0,3691.71,300.0,12.79
2024-10-18,5614.78,31295883354.0,6206.74,300.0,13.17
2024-10-21,5629.22,29118563352.0,6001.1,300.0,13.16
2024-10-22,5661.61,22343339641.0,4428.82,300.0,13.23
2024-10-23,5683.99,24587394941.0,4691.21,300.0,13.27
2024-10-24,5620.82,17472406207.0,3404.87,300.0,13.14
2024-10-25,5660.74,21069488455.0,4122.31,300.0,13.19
2024-10-28,5671.81,21616041525.0,3904.5,300.0,13.2
2024-10-29,5615.28,21729398403.0,4296.25,300.0,13.07
2024-10-30,5565.4,21943662628.0,3850.11,300.0,12.93
2024-10-31,5567.99,30063671839.0,5155.34,300.0,12.91
2024-11-01,5567.04,30798648110.0,4764.73,300.0,12.64
2024-11-04,5645.38,22923905984.0,3810.49,300.0,12.78
2024-11-05,5788.22,31686279403.0,5809.72,300.0,13.06
2024-11-06,5759.55,33580793766.0,6391.24,300.0,12.98
2024-11-07,5934.58,34143641417.0,6581.46,300.0,13.37
2024-11-08,5875.05,33235038509.0,6884.47,300.0,13.24
2024-11-11,5913.93,28959422656.0,6256.06,300.0,13.26
2024-11-12,5848.96,29777808606.0,6603.81,300.0,13.11
2024-11-13,5885.83,24048409936.0,5127.34,300.0,13.19
2024-11-14,5783.79,23015278374.0,4641.58,300.0,13.02
2024-11-15,5682.56,24739946339.0,4740.8,300.0,12.84
2024-11-18,5656.36,30677794552.0,4724.08,300.0,12.84
2024-11-19,5694.32,24294646531.0,4026.11,300.0,12.88
2024-11-20,5707.04,18459937247.0,3475.78,300.0,12.9
2024-11-21,5712.27,16612592668.0,3242.35,300.0,12.9
2024-11-22,5535.29,21628580938.0,3975.67,300.0,12.53
2024-11-25,5510.46,19070295294.0,3490.07,300.0,12.48
2024-11-26,5499.13,14989244108.0,2644.03,300.0,12.48
2024-11-27,5594.88,17413609648.0,3206.32,300.0,12.67
2024-11-28,5546.4,15011729067.0,2864.33,300.0,12.57
2024-11-29,5609.78,18765671335.0,3752.62,300.0,12.68
2024-12-02,5654.3,19728978444.0,3685.91,300.0,12.78
2024-12-03,5660.4,18249686701.0,3272.95,300.0,12.82
2024-12-04,5629.85,17462631767.0,3120.4,300.0,12.81
2024-12-05,5617.0,13853403794.0,2577.16,300.0,12.76
2024-12-06,5690.84,19205790724.0,3517.52,300.0,12.92
2024-12-09,5681.43,17595995801.0,3082.27,300.0,12.93
2024-12-10,5723.11,25346379523.0,4872.78,300.0,13.01
2024-12-11,5713.66,17725284644.0,3107.13,300.0,12.98
2024-12-12,5770.54,18162177690.0,3336.68,300.0,13.11
2024-12-13,5634.17,23035307923.0,4214.79,300.0,12.83
2024-12-16,5603.61,17851125059.0,3276.19,300.0,12.9
2024-12-17,5618.21,16093908963.0,3060.37,300.0,12.93
2024-12-18,5646.84,15773832059.0,2768.25,300.0,12.99
2024-12-19,5651.96,16108104036.0,3217.72,300.0,12.97
2024-12-20,5631.33,15498649647.0,3321.43,300.0,12.9
2024-12-23,5639.68,19006736163.0,3540.63,300.0,12.97
2024-12-24,5711.53,16149458904.0,3103.85,300.0,13.14
2024-12-25,5714.38,15939074705.0,2992.95,300.0,13.19
2024-12-26,5717.07,14342528644.0,3057.7,300.0,13.18
2024-12-27,5708.06,16926866569.0,3450.11,300.0,13.17
2024-12-30,5734.58,16461248518.0,3226.99,300.0,13.23
2024-12-31,5642.6,18392839662.0,3478.8,300.0,13.06
2025-01-02,5478.38,21789872449.0,3886.37,300.0,12.68
2025-01-03,5413.52,17534267595.0,3043.23,300.0,12.55
2025-01-06,5404.64,15094666987.0,2628.04,300.0,12.53
2025-01-07,5444.91,14645577916.0,2668.56,300.0,12.59
2025-01-08,5436.57,16916696758.0,3009.66,300.0,12.58
2025-01-09,5423.17,12979400233.0,2514.86,300.0,12.51
2025-01-10,5356.81,13752317117.0,2753.54,300.0,12.37
2025-01-13,5342.51,13644619919.0,2478.62,300.0,12.32
2025-01-14,5483.19,17066465741.0,3454.61,300.0,12.6
2025-01-15,5448.01,14147552027.0,2788.51,300.0,12.54
2025-01-16,5454.27,14450587071.0,3057.35,300.0,12.57
2025-01-17,5471.55,12662196142.0,2654.37,300.0,12.59
2025-01-20,5496.99,13958127652.0,2921.75,300.0,12.61
2025-01-21,5501.25,14121840636.0,2850.73,300.0,12.6
2025-01-22,5451.05,13725506191.0,2987.46,300.0,12.48
2025-01-23,5462.78,18056955084.0,3451.98,300.0,12.55
2025-01-24,5508.03,14897172245.0,2964.74,300.0,12.62
2025-01-27,5485.73,14667077178.0,2829.4,300.0,12.63
2025-02-05,5454.12,15716830837.0,3460.16,300.0,12.5
2025-02-06,5522.74,16728817574.0,3718.92,300.0,12.64
2025-02-07,5594.42,22185770726.0,4873.82,300.0,12.77
2025-02-10,5606.43,18890303953.0,3849.68,300.0,12.78
2025-02-11,5580.67,16657490916.0,3378.66,300.0,12.77
2025-02-12,5633.45,16422853965.0,3548.31,300.0,12.86
2025-02-13,5612.29,17248587408.0,3764.73,300.0,12.84
2025-02-14,5660.96,17297645243.0,3609.74,300.0,12.93
2025-02-17,5673.02,21358824600.0,4309.3,300.0,12.96
2025-02-18,5623.27,20942510073.0,4001.86,300.0,12.89
2025-02-19,5662.62,18282951696.0,3636.8,300.0,12.94
2025-02-20,5646.43,16389523583.0,3259.72,300.0,12.91
2025-02-21,5717.64,22740033044.0,5046.45,300.0,13.02
2025-02-24,5705.1,22081061766.0,4550.89,300.0,12.98
2025-02-25,5641.77,17810858011.0,3779.81,300.0,12.83
2025-02-26,5691.05,19106250108.0,3864.58,300.0,12.93
2025-02-27,5702.8,20288796298.0,4282.73,300.0,12.97
2025-02-28,5590.6,19810414708.0,4203.08,300.0,12.76
2025-03-03,5588.34,17762316605.0,3560.58,300.0,12.74
2025-03-04,5583.66,14985096667.0,2977.39,300.0,12.7
2025-03-05,5608.6,15865275086.0,2908.6,300.0,12.78
2025-03-06,5685.72,19396091466.0,3974.19,300.0,12.92
2025-03-07,5668.16,16673237516.0,3406.27,300.0,12.88
2025-03-10,5646.3,15276523192.0,2925.75,300.0,12.82
2025-03-11,5664.42,14475440239.0,2874.8,300.0,12.87
2025-03-12,5644.04,15673218967.0,3096.27,300.0,12.82
2025-03-13,5621.54,15653644342.0,2951.73,300.0,12.8
2025-03-14,5758.04,21613900261.0,4508.95,300.0,13.08
2025-03-17,5744.0,16220291082.0,3189.04,300.0,13.07
2025-03-18,5759.72,14020849578.0,2927.39,300.0,13.08
2025-03-19,5763.23,14441942830.0,2860.75,300.0,13.1
2025-03-20,5712.68,13375467008.0,2600.21,300.0,13.0
2025-03-21,5626.02,16590529380.0,3093.49,300.0,12.83
2025-03-24,5654.99,15223467351.0,2660.51,300.0,12.9
2025-03-25,5651.32,14047539896.0,2392.46,300.0,12.91
2025-03-26,5632.72,13116418664.0,2209.43,300.0,12.87
2025-03-27,5651.48,12679373847.0,2321.74,300.0,12.92
2025-03-28,5626.88,12635621396.0,2133.79,300.0,12.86
2025-03-31,5586.83,16679852300.0,2684.8,300.0,12.81
2025-04-01,5587.87,14038027391.0,2460.42,300.0,12.81
2025-04-02,5583.13,11304317465.0,1982.68,300.0,12.8
2025-04-03,5550.24,14259978855.0,2636.85,300.0,12.76
2025-04-07,5159.2,31257858570.0,5129.72,300.0,11.95
2025-04-08,5247.33,28019731169.0,4640.21,300.0,12.18
2025-04-09,5299.12,26230570800.0,4550.31,300.0,12.26
2025-04-10,5368.58,22725222713.0,4038.43,300.0,12.38
2025-04-11,5390.71,16875969076.0,3185.35,300.0,12.42
2025-04-14,5403.11,16446240278.0,2925.71,300.0,12.47
2025-04-15,5406.12,13400603978.0,2286.05,300.0,12.51
2025-04-16,5423.53,15635900577.0,2617.11,300.0,12.57
2025-04-17,5422.76,12237100231.0,2090.12,300.0,12.56
2025-04-18,5424.62,10294850935.0,1731.09,300.0,12.57
2025-04-21,5442.39,12135572968.0,2080.86,300.0,12.58
2025-04-22,5444.34,12568825660.0,2102.01,300.0,12.61
2025-04-23,5448.56,13198686987.0,2471.17,300.0,12.6
2025-04-24,5444.93,11716456010.0,2054.83,300.0,12.63
2025-04-25,5449.41,12459113348.0,2205.35,300.0,12.61
2025-04-28,5441.68,12514509051.0,2106.35,300.0,12.61
2025-04-29,5432.28,11151469389.0,1974.63,300.0,12.56
2025-04-30,5427.04,14368165834.0,2448.2,300.0,12.51
2025-05-06,5481.7,15852045943.0,2679.37,300.0,12.16
2025-05-07,5514.93,16117229877.0,2860.11,300.0,12.26
2025-05-08,5545.54,12495983348.0,2469.87,300.0,12.31
2025-05-09,5537.16,11938952627.0,2166.98,300.0,12.31
2025-05-12,5601.37,15333245983.0,2961.23,300.0,12.42
2025-05-13,5610.0,14732029898.0,2675.86,300.0,12.45
2025-05-14,5678.15,17203377938.0,3194.65,300.0,12.61
2025-05-15,5627.52,13808174922.0,2414.65,300.0,12.53
2025-05-16,5601.47,11840534480.0,2088.36,300.0,12.45
2025-05-19,5584.44,9864341377.0,1848.88,300.0,12.4
2025-05-20,5615.6,10488523411.0,2016.37,300.0,12.46
2025-05-21,5643.36,10979134324.0,2170.38,300.0,12.52
2025-05-22,5639.93,10759705212.0,1975.11,300.0,12.52
2025-05-23,5594.98,12027741869.0,2329.45,300.0,12.41
2025-05-26,5563.42,10960120740.0,2088.77,300.0,12.34
2025-05-27,5533.66,9857242500.0,1784.67,300.0,12.29
2025-05-28,5529.53,8903102612.0,1624.96,300.0,12.29
2025-05-29,5562.33,10847188635.0,2094.6,300.0,12.34
2025-05-30,5536.49,11167222757.0,1993.9,300.0,12.3
2025-06-03,5553.47,13140308971.0,2267.83,300.0,12.33
2025-06-04,5577.59,11680387345.0,2117.36,300.0,12.37
2025-06-05,5591.12,12287818442.0,2317.49,300.0,12.4
2025-06-06,5589.55,11098797116.0,2020.35,300.0,12.4
2025-06-09,5606.2,13630629345.0,2620.24,300.0,12.41
2025-06-10,5577.66,14556385855.0,2636.48,300.0,12.37
2025-06-11,5621.83,14241477229.0,2572.18,300.0,12.45
2025-06-12,5625.02,13399869697.0,2602.4,300.0,12.44
2025-06-13,5587.06,17253953584.0,3091.72,300.0,12.37
2025-06-16,5601.24,13734183489.0,2468.61,300.0,12.37
2025-06-17,5596.8,12234252595.0,2204.0,300.0,12.38
2025-06-18,5604.74,12752862095.0,2305.54,300.0,12.41
2025-06-19,5559.32,13028065750.0,2348.4,300.0,12.33
2025-06-20,5569.69,11815101962.0,2135.23,300.0,12.34
2025-06-23,5586.72,13380089246.0,2324.82,300.0,12.39
2025-06-24,5653.7,16365618775.0,2942.29,300.0,12.45
2025-06-25,5739.45,18721367142.0,3617.27,300.0,12.6
2025-06-26,5725.13,16531626346.0,3281.03,300.0,12.54
2025-06-27,5693.88,19455791271.0,3434.68,300.0,12.41
2025-06-30,5719.97,14517023588.0,2888.21,300.0,12.45
2025-07-01,5729.84,12895936213.0,2360.7,300.0,12.46
2025-07-02,5731.18,14706306223.0,2466.38,300.0,12.46
2025-07-03,5767.32,14100400586.0,2696.1,300.0,12.51
2025-07-04,5788.3,15719713315.0,2905.13,300.0,12.58
2025-07-07,5766.06,13113527341.0,2251.07,300.0,12.54
2025-07-08,5814.49,15640289541.0,2920.9,300.0,12.62
2025-07-09,5804.94,17329379574.0,3053.99,300.0,12.61
2025-07-10,5835.13,20977890431.0,3478.37,300.0,12.68
2025-07-11,5850.28,26205277348.0,4437.81,300.0,12.66
2025-07-14,5856.98,20791717508.0,3214.16,300.0,12.69
2025-07-15,5859.99,19104293135.0,3535.25,300.0,12.67
2025-07-16,5845.41,15102730784.0,3006.57,300.0,12.64
2025-07-17,5888.84,16124904110.0,3255.17,300.0,12.68
2025-07-18,5930.93,18621106282.0,3542.44,300.0,12.75
2025-07-21,5971.02,22326847624.0,3779.39,300.0,12.83
2025-07-22,6020.61,25759698539.0,4508.74,300.0,12.91
2025-07-23,6022.19,30050615385.0,4703.31,300.0,12.93
2025-07-24,6065.46,31963239192.0,4870.0,300.0,12.98
2025-07-25,6036.08,27359496317.0,4304.46,300.0,12.9
2025-07-28,6050.25,22275981547.0,4067.93,300.0,12.92
2025-07-29,6074.94,23080787994.0,4287.64,300.0,12.76
2025-07-30,6073.86,24985304824.0,4451.68,300.0,12.79
2025-07-31,5964.36,26708740629.0,4921.43,300.0,12.61
2025-08-01,5934.19,19622182634.0,3596.85,300.0,12.53
2025-08-04,5957.38,16227590211.0,2959.77,300.0,12.59
2025-08-05,6005.31,17885199944.0,3069.34,300.0,12.71
2025-08-06,6019.99,17667615475.0,3076.75,300.0,12.74
2025-08-07,6021.72,19864190230.0,3581.08,300.0,12.77
2025-08-08,6009.78,17317120147.0,3085.08,300.0,12.75
2025-08-11,6035.47,19044371620.0,3606.86,300.0,12.76
2025-08-12,6066.67,17728782286.0,3830.88,300.0,12.85
2025-08-13,6114.81,21393499878.0,4627.77,300.0,12.92
2025-08-14,6110.92,22110359531.0,4850.76,300.0,12.92
2025-08-15,6154.1,26132756645.0,5186.87,300.0,12.97
2025-08-18,6208.37,30147910201.0,6353.66,300.0,13.07
2025-08-19,6185.28,25081877075.0,5535.36,300.0,13.06
2025-08-20,6256.68,24648177342.0,5388.15,300.0,13.2
2025-08-21,6281.17,25903001448.0,5585.21,300.0,13.26
2025-08-22,6414.12,29043489710.0,6759.35,300.0,13.48
2025-08-25,6548.68,35809000640.0,8236.82,300.0,13.71
2025-08-26,6524.31,27062139525.0,6279.5,300.0,13.66
2025-08-27,6427.05,33313389840.0,7850.98,300.0,13.43
2025-08-28,6540.84,29683453629.0,7394.24,300.0,13.61
2025-08-29,6591.65,35193894689.0,8311.94,300.0,13.71
2025-09-01,6631.78,32036670832.0,7703.78,300.0,14.31
2025-09-02,6583.03,30393256560.0,7779.99,300.0,14.28
2025-09-03,6538.13,25432021745.0,6556.97,300.0,14.15
2025-09-04,6400.17,30793460909.0,7731.25,300.0,13.97
2025-09-05,6540.07,24962565703.0,6641.67,300.0,14.14
2025-09-08,6550.87,26763838203.0,6836.31,300.0,14.14
2025-09-09,6504.96,22137546048.0,5628.61,300.0,14.07
2025-09-10,6518.42,20359764573.0,5355.39,300.0,14.11
2025-09-11,6669.26,25326405136.0,6931.57,300.0,14.38
2025-09-12,6631.51,26644200259.0,6895.76,300.0,14.31
2025-09-15,6647.73,23188567798.0,6133.15,300.0,14.32
2025-09-16,6634.83,24926920582.0,6137.28,300.0,14.27
2025-09-17,6676.25,23571647233.0,6084.54,300.0,14.33
2025-09-18,6598.84,30985982575.0,8399.87,300.0,14.15
2025-09-19,6604.49,22504400006.0,6038.87,300.0,14.14
2025-09-22,6634.84,19645995604.0,5631.49,300.0,14.17
2025-09-23,6630.7,25282706198.0,6805.14,300.0,14.2
2025-09-24,6699.32,22048260800.0,6291.61,300.0,14.28
2025-09-25,6739.93,22982333341.0,6698.67,300.0,14.32
2025-09-26,6676.92,20848211442.0,5987.24,300.0,14.22
2025-09-29,6779.71,27435887743.0,6933.95,300.0,14.39
2025-09-30,6811.55,24798035895.0,6646.24,300.0,14.42
2025-10-09,6912.51,34767869635.0,8622.08,300.0,14.62
2025-10-10,6776.93,31902089860.0,7927.43,300.0,14.42
2025-10-13,6743.87,31501035376.0,7140.02,300.0,14.35
2025-10-14,6663.26,37295402975.0,8089.59,300.0,14.27
2025-10-15,6763.28,28477185485.0,6073.26,300.0,14.45
2025-10-16,6782.75,24823551833.0,5605.67,300.0,14.54
2025-10-17,6631.03,25690561690.0,5590.86,300.0,14.27
2025-10-20,6666.75,21842040492.0,5057.99,300.0,14.36
2025-10-21,6769.11,21571117462.0,5513.9,300.0,14.57
2025-10-22,6746.87,18533395968.0,4409.35,300.0,14.57
2025-10-23,6767.21,20046391746.0,4208.0,300.0,14.62
2025-10-24,6852.31,20881448337.0,5519.87,300.0,14.75
2025-10-27,6934.01,26220067419.0,6726.7,300.0,14.93
2025-10-28,6899.53,22090664503.0,5715.63,300.0,14.88
2025-10-29,6981.96,24621132398.0,6458.99,300.0,15.01
2025-10-30,6926.26,27328911823.0,7199.56,300.0,14.9
2025-10-31,6824.43,28146473950.0,6807.12,300.0,14.68
2025-11-03,6843.6,23986980882.0,5576.03,300.0,14.75
2025-11-04,6792.68,23322403177.0,5051.78,300.0,14.69
2025-11-05,6805.38,20304587097.0,4683.61,300.0,14.71
2025-11-06,6902.66,22424100756.0,5536.42,300.0,14.88
2025-11-07,6881.46,21249737702.0,5075.74,300.0,14.83
2025-11-10,6906.26,23602676449.0,5939.77,300.0,14.89
2025-11-11,6843.18,18663885840.0,4776.29,300.0,14.79
2025-11-12,6834.4,20946059230.0,4923.09,300.0,14.82
2025-11-13,6917.02,20736747359.0,5100.61,300.0,14.94
2025-11-14,6808.31,19209267561.0,4447.2,300.0,14.74
2025-11-17,6764.12,18895546572.0,4389.4,300.0,14.62
2025-11-18,6721.39,17771318456.0,4201.5,300.0,14.53
2025-11-19,6750.96,17292497448.0,3852.3,300.0,14.63
2025-11-20,6717.62,19456259309.0,4150.65,300.0,14.59
2025-11-21,6554.04,22285101300.0,4812.96,300.0,14.3
2025-11-24,6546.06,18583372915.0,4258.07,300.0,14.24
2025-11-25,6608.54,16957192879.0,4115.24,300.0,14.35
2025-11-26,6648.68,15620036776.0,4273.61,300.0,14.38
2025-11-27,6645.41,15031177234.0,4177.9,300.0,14.41
2025-11-28,6662.16,14290209561.0,3418.32,300.0,14.42
2025-12-01,6735.49,20038231682.0,4638.62,300.0,14.54
2025-12-02,6702.89,14849313161.0,3643.66,300.0,14.5
2025-12-03,6668.62,16976278993.0,3744.86,300.0,14.44
2025-12-04,6691.47,14719810972.0,3487.67,300.0,14.46
2025-12-05,6747.36,19679996828.0,4121.47,300.0,14.54
2025-12-08,6802.13,19962098991.0,4967.16,300.0,14.62
2025-12-09,6767.6,18416034404.0,4521.14,300.0,14.57
2025-12-10,6758.18,16911110557.0,4014.53,300.0,14.51
2025-12-11,6700.71,16841940502.0,4324.31,300.0,14.42
2025-12-12,6743.99,21282651966.0,5238.63,300.0,14.45
2025-12-15,6703.6,16758996682.0,4243.83,300.0,14.56
2025-12-16,6623.39,16516520069.0,3905.0,300.0,14.42
2025-12-17,6745.78,17842482971.0,4525.05,300.0,14.64
2025-12-18,6707.32,15168132801.0,3821.02,300.0,14.1
2025-12-19,6734.07,15487622017.0,3715.77,300.0,14.11
2025-12-22,6798.12,16525285609.0,4482.41,300.0,14.21
2025-12-23,6811.77,16925641195.0,4331.41,300.0,14.26
2025-12-24,6831.51,15371124054.0,4063.76,300.0,14.28
2025-12-25,6845.16,13943418606.0,3853.56,300.0,14.31
2025-12-26,6866.84,17539656531.0,4604.27,300.0,14.31
2025-12-29,6840.53,20039713255.0,4826.14,300.0,14.31
2025-12-30,6858.09,18037497415.0,4571.85,300.0,14.34
2025-12-31,6826.62,17076022420.0,4444.92,300.0,14.31
2026-01-05,6956.12,23414483923.0,6305.77,300.0,14.49
2026-01-06,7063.68,29697068640.0,7254.15,300.0,14.69
2026-01-07,7043.03,25909556435.0,6648.98,300.0,14.62
2026-01-08,6985.57,23880495730.0,6306.56,300.0,14.52
2026-01-09,7017.31,25468803779.0,6687.89,300.0,14.59
2026-01-12,7063.39,29483316513.0,7999.54,300.0,14.67
2026-01-13,7020.88,30144949672.0,8010.55,300.0,14.62
2026-01-14,6994.02,36495102327.0,8913.34,300.0,14.52
2026-01-15,7008.2,25400363572.0,6740.59,300.0,14.51
2026-01-16,6983.07,32527892948.0,7856.24,300.0,14.43
2026-01-19,6986.89,26761249175.0,6551.49,300.0,14.43
2026-01-20,6963.9,28271957851.0,6719.61,300.0,14.43
2026-01-21,6970.08,26635333233.0,6653.31,300.0,14.39
2026-01-22,6971.03,27419993239.0,6902.35,300.0,14.38
2026-01-23,6941.39,31463544498.0,7556.18,300.0,14.28
2026-01-26,6947.98,36300448122.0,7968.33,300.0,14.34
2026-01-27,6946.1,30147569658.0,7152.68,300.0,14.33
2026-01-28,6964.26,38225560212.0,8294.14,300.0,14.36
2026-01-29,7017.31,41551305460.0,9179.66,300.0,14.48
2026-01-30,6947.51,31978653134.0,7505.65,300.0,14.35
2026-02-02,6799.36,30477350028.0,7259.2,300.0,14.1
2026-02-03,6879.27,26554940473.0,6666.27,300.0,14.18
2026-02-04,6936.26,26488103206.0,6360.19,300.0,14.32
2026-02-05,6895.07,23785635132.0,5504.33,300.0,14.27
2026-02-06,6858.16,20271647749.0,5057.6,300.0,14.21
2026-02-09,6970.39,20725193756.0,5227.57,300.0,14.39
2026-02-10,6978.22,18700095773.0,4503.4,300.0,14.41
2026-02-11,6962.88,17339168064.0,4334.29,300.0,14.41
2026-02-12,6972.31,19784143935.0,4904.74,300.0,14.39
2026-02-13,6884.89,18916775621.0,4528.79,300.0,14.2
2026-02-24,6954.53,21848888988.0,5260.84,300.0,14.32
2026-02-25,6996.4,28426835404.0,5969.04,300.0,14.38
2026-02-26,6983.09,23484764362.0,5998.49,300.0,14.35
2026-02-27,6959.11,26142086496.0,5788.21,300.0,14.32
2026-03-02,6985.74,34926075182.0,7526.82,300.0,14.45
2026-03-03,6878.23,37062427179.0,8016.59,300.0,14.4
2026-03-04,6799.53,30303566599.0,6089.23,300.0,14.23
2026-03-05,6866.11,25931782508.0,5704.44,300.0,14.32
2026-03-06,6884.95,23852792606.0,4878.07,300.0,14.34
2026-03-09,6818.49,32278761698.0,6658.22,300.0,14.26
2026-03-10,6906.1,26390374754.0,5576.08,300.0,14.33
2026-03-11,6950.03,27017544284.0,5795.64,300.0,14.44
2026-03-12,6925.01,30298681597.0,5721.05,300.0,14.42
2026-03-13,6897.8,31077200887.0,5803.06,300.0,14.37
2026-03-16,6901.38,29621506976.0,5987.99,300.0,14.37
2026-03-17,6850.97,26302191290.0,5785.02,300.0,14.32
2026-03-18,6881.84,23469070457.0,5241.74,300.0,14.35
2026-03-19,6770.92,25413044875.0,5478.5,300.0,14.21
2026-03-20,6746.93,25787370302.0,6154.63,300.0,14.12
2026-03-23,6526.78,32808194467.0,6717.2,300.0,13.7
2026-03-24,6610.59,25553251697.0,5301.49,300.0,13.84
2026-03-25,6703.28,26263927929.0,5504.28,300.0,13.99
2026-03-26,6614.74,21373678785.0,4711.27,300.0,13.85
2026-03-27,6651.72,19240038816.0,4405.18,300.0,13.9
2026-03-30,6636.04,20929309205.0,4446.3,300.0,13.91
2026-03-31,6574.14,22454158516.0,4845.58,300.0,13.84
2026-04-01,6686.44,21648319643.0,5037.44,300.0,14.0
2026-04-02,6616.78,19099216058.0,4299.49,300.0,13.94
2026-04-03,6560.45,16832170508.0,3732.35,300.0,13.81
2026-04-07,6560.3,16263878651.0,3782.62,300.0,13.8
2026-04-08,6789.2,25333921334.0,6417.79,300.0,14.13
2026-04-09,6745.86,18493978328.0,5004.46,300.0,14.04
2026-04-10,6850.09,20867860488.0,6257.18,300.0,14.18
2026-04-13,6864.25,19671227704.0,5566.21,300.0,14.22
2026-04-14,6945.7,20470033181.0,6057.18,300.0,14.36
2026-04-15,6922.33,20168849952.0,6045.51,300.0,14.34
2026-04-16,6998.22,19205760044.0,5676.11,300.0,14.45
2026-04-17,6986.81,18291533618.0,5876.23,300.0,14.4
2026-04-20,7029.32,22163349402.0,6265.68,300.0,14.49
2026-04-21,7045.26,20561405801.0,5804.08,300.0,14.53
2026-04-22,7096.98,20448182977.0,6195.06,300.0,14.57
2026-04-23,7077.31,23286573582.0,6938.54,300.0,14.58
2026-04-24,7052.45,19379831352.0,6800.98,300.0,14.54
2026-04-27,7054.79,19279654994.0,6489.05,300.0,14.53
2026-04-28,7036.24,21672423271.0,6315.22,300.0,14.54
2026-04-29,7113.72,23329810970.0,6810.21,300.0,14.64
2026-04-30,7109.91,25063336968.0,7266.65,300.0,14.61
2026-05-06,7213.12,27444387993.0,8817.44,300.0,14.82
2026-05-07,7247.75,25783397245.0,7872.36,300.0,14.82
2026-05-08,7205.74,25172099581.0,7165.46,300.0,14.75
2026-05-11,7324.27,30573480081.0,9044.79,300.0,14.92
2026-05-12,7318.93,27381200094.0,8193.51,300.0,14.9
2026-05-13,7396.38,26845453692.0,8231.73,300.0,15.0
2026-05-14,7272.54,28069537921.0,8574.46,300.0,14.8
2026-05-15,7191.91,27696776889.0,8876.87,300.0,14.66
2026-05-18,7153.47,23907758742.0,7334.53,300.0,14.6
2026-05-19,7182.62,23228085231.0,7124.01,300.0,14.67
2026-05-20,7180.41,22002320604.0,7296.53,300.0,14.6
2026-05-21,7080.48,28734250670.0,8919.36,300.0,14.42
2026-05-22,7172.75,28694043516.0,7718.23,300.0,14.52
2026-05-25,7286.12,26474323553.0,8611.79,300.0,14.68
2026-05-26,7325.64,30279947556.0,8990.94,300.0,14.75
2026-05-27,7269.07,30170917513.0,9090.12,300.0,14.63
2026-05-28,7278.67,26743273122.0,8198.98,300.0,14.62
2026-05-29,7247.7,33251861023.0,9422.36,300.0,14.62
2026-06-01,7177.02,29613405104.0,8239.85,300.0,14.56
2026-06-02,7281.35,28173166180.0,8067.51,300.0,14.73
2026-06-03,7317.46,30403594652.0,9060.48,300.0,14.75
2026-06-04,7267.64,26480891002.0,7361.43,300.0,14.6
2026-06-05,7140.2,30192933586.0,8398.64,300.0,14.43
2026-06-08,6987.79,29964756459.0,7610.46,300.0,14.24
2026-06-09,7118.71,25839160127.0,7132.87,300.0,14.41
2026-06-10,7046.93,25929710899.0,6946.28,300.0,14.31
2026-06-11,7009.13,24717705899.0,6539.32,300.0,14.24
2026-06-12,7094.65,33592206307.0,8714.77,300.0,14.42
2026-06-15,7265.64,33131607612.0,9141.46,300.0,14.92
2026-06-16,7254.73,28258474331.0,8572.03,300.0,14.84
2026-06-17,7325.56,27605395024.0,8503.68,300.0,14.9
2026-06-18,7341.66,33445990225.0,10217.11,300.0,14.84
2026-06-22,7517.35,37510012385.0,11459.0,300.0,15.15
2026-06-23,7309.07,34271933554.0,10470.53,300.0,14.84
2026-06-24,7344.52,31224902528.0,9649.46,300.0,14.84
2026-06-25,7459.49,34666428916.0,11100.41,300.0,14.95
2026-06-26,7244.11,34117923813.0,10680.83,300.0,14.54
2026-06-29,7336.65,32321613403.0,10537.24,300.0,14.69
2026-06-30,7415.78,30615022640.0,9857.95,300.0,14.76
2026-07-01,7385.59,34293474749.0,11017.18,300.0,14.75
2026-07-02,7167.86,34324375793.0,10277.97,300.0,14.42
2026-07-03,7213.45,30106756820.0,9425.7,300.0,14.53
2026-07-06,7213.96,29405054302.0,9079.46,300.0,14.58
2026-07-07,7139.92,24630599943.0,7626.18,300.0,14.45
2026-07-08,7085.31,24392874897.0,7832.49,300.0,14.41
2026-07-09,7266.38,28162770478.0,9471.19,300.0,14.66
2026-07-10,7132.35,30413028605.0,10839.13,300.0,14.46
2026-07-13,7007.52,27863485305.0,9079.45,300.0,14.31
2026-07-14,7158.68,28325098623.0,9240.97,300.0,14.55
2026-07-15,7144.6,27869266861.0,8583.15,300.0,14.57
2026-07-16,7018.51,25156097716.0,7988.3,300.0,14.34
2026-07-17,6770.28,30262988586.0,9208.22,300.0,14.0
2026-07-20,6874.72,33311605817.0,9334.03,300.0,14.29
2026-07-21,7085.43,34540359048.0,10167.27,300.0,14.53
2026-07-22,7052.97,28555635736.0,9215.19,300.0,14.53
2026-07-23,7069.24,24733167503.0,7418.19,300.0,14.59
2026-07-24,6952.09,22126121159.0,6263.79,300.0,14.39
2026-07-27,7031.82,20478694073.0,6045.52,300.0,14.52
2026-07-28,6833.9,21570504473.0,6520.27,300.0,14.29
2026-07-29,6880.4,24808235675.0,7515.45,300.0,14.34
2026-07-30,6806.04,27465112960.0,8036.97,300.0,14.31
2026-07-31,6866.0,27924369791.0,8329.09,300.0,14.36
2026-08-03,6799.37,23204258373.0,6157.51,300.0,14.23
2026-08-04,6885.8,24207361091.0,6988.18,300.0,14.25
2026-08-05,6971.44,27692191881.0,8791.61,300.0,14.38
2026-08-06,6961.2,24751073004.0,7477.84,300.0,14.39
2026-08-07,7027.38,23907202037.0,7884.06,300.0,14.49
2026-08-10,7039.72,21307599623.0,7331.03,300.0,14.55
2026-08-11,6983.35,20969909806.0,6453.85,300.0,14.44
2026-08-12,7023.97,18493914797.0,5753.26,300.0,14.46
2026-08-13,6984.85,21549961509.0,6907.16,300.0,14.42
2026-08-14,6988.12,17843069566.0,5497.7,300.0,14.4
2026-08-17,7100.77,19056928587.0,6576.02,300.0,14.57
2026-08-18,7077.88,20424551419.0,6198.29,300.0,14.57
2026-08-19,6873.44,24407008996.0,7052.54,300.0,14.29
2026-08-20,6879.65,20087418893.0,5540.21,300.0,14.29
2026-08-21,6922.19,17107589135.0,5055.01,300.0,14.35
2026-08-24,6838.79,20661687196.0,5904.26,300.0,14.27
2026-08-25,6822.16,17151016816.0,4804.22,300.0,14.25
