日期,开盘,最高,最低,收盘,成交量,成交金额,样本数量,滚动市盈率
2008-01-02,5127.64,5209.48,5084.85,5195.47,10039081350.0,1802.5,,
2008-01-03,5192.33,5251.1,5161.75,5251.1,13126437197.0,2344.09,,
2008-01-04,5259.64,5306.86,5243.33,5296.57,10597180227.0,2010.35,,
2008-01-07,5292.67,5381.46,5292.67,5372.95,11666491389.0,2192.5,,
2008-01-08,5377.01,5410.22,5288.74,5314.17,13295710437.0,2508.52,,
2008-01-09,5293.24,5415.55,5293.24,5415.55,10186916877.0,1920.88,,
2008-01-10,5415.55,5491.51,5415.55,5462.92,12866319166.0,2434.76,,
2008-01-11,5475.03,5480.22,5414.41,5478.62,11097539382.0,2075.8,,
2008-01-14,5481.23,5539.61,5469.08,5521.69,10534628956.0,1964.71,,
2008-01-15,5529.56,5551.83,5465.25,5510.95,10993709341.0,2117.97,,
2008-01-16,5466.67,5466.67,5353.03,5360.72,11990937481.0,2246.56,,
2008-01-17,5310.32,5386.82,5084.16,5227.13,13228084129.0,2424.19,,
2008-01-18,5221.15,5273.96,5189.13,5273.18,9442774560.0,1679.43,,
2008-01-21,5284.05,5284.05,5021.23,5026.34,10335958202.0,1834.97,,
2008-01-22,4903.33,4903.33,4607.73,4633.54,12336263477.0,2149.25,,
2008-01-23,4654.86,4854.06,4649.99,4854.06,11673958834.0,1972.32,,
2008-01-24,4905.13,4980.74,4858.53,4936.43,12229754249.0,2111.82,,
2008-01-25,4932.85,5012.98,4894.34,4973.84,10603684464.0,1853.91,,
2008-01-28,4940.5,4940.5,4632.4,4634.53,9376167028.0,1531.96,,
2008-01-29,4644.98,4728.92,4611.44,4679.12,6580443936.0,1087.58,,
2008-01-30,4726.98,4772.21,4560.75,4647.53,7302070629.0,1277.2,,
2008-01-31,4632.46,4660.96,4532.05,4533.97,6066170295.0,1058.4,,
2008-02-01,4532.81,4536.51,4325.12,4441.4,7095507608.0,1148.09,,
2008-02-04,4556.27,4803.43,4556.27,4803.43,7515815832.0,1346.43,,
2008-02-05,4797.77,4835.44,4761.71,4787.86,6576155647.0,1186.35,,
2008-02-13,4733.94,4771.57,4682.15,4708.89,4664439311.0,787.34,,
2008-02-14,4745.0,4805.33,4740.59,4780.83,4574875197.0,767.49,,
2008-02-15,4750.24,4750.24,4659.76,4728.07,5387679230.0,899.75,,
2008-02-18,4787.02,4869.3,4782.91,4838.86,7404513483.0,1270.63,,
2008-02-19,4852.87,4940.69,4831.43,4940.69,8095318355.0,1430.5,,
2008-02-20,4953.61,4972.1,4846.95,4854.17,8834044504.0,1588.99,,
2008-02-21,4827.05,4875.35,4768.47,4849.46,8224408275.0,1391.03,,
2008-02-22,4829.01,4829.01,4634.6,4696.75,8745682000.0,1484.89,,
2008-02-25,4699.72,4699.72,4521.89,4523.73,7461769842.0,1235.45,,
2008-02-26,4632.65,4632.65,4401.71,4520.35,7227354735.0,1238.23,,
2008-02-27,4542.54,4646.68,4521.95,4637.09,6595612139.0,1122.28,,
2008-02-28,4646.77,4670.48,4595.12,4628.22,6330781354.0,1045.45,,
2008-02-29,4622.52,4683.17,4622.52,4682.94,6294629418.0,1035.65,,
2008-03-03,4661.75,4816.46,4645.14,4812.43,9814715775.0,1659.48,,
2008-03-04,4832.99,4858.01,4721.99,4723.17,11320444314.0,1856.79,,
2008-03-05,4703.89,4741.16,4587.84,4702.66,9952800091.0,1588.21,,
2008-03-06,4718.27,4792.1,4688.64,4744.69,11460264304.0,1839.92,,
2008-03-07,4706.75,4742.19,4654.63,4673.17,7632612578.0,1274.91,,
2008-03-10,4641.63,4641.63,4488.14,4496.46,7044315919.0,1154.56,,
2008-03-11,4458.24,4521.88,4386.8,4521.88,6034246974.0,1008.49,,
2008-03-12,4607.94,4607.94,4393.0,4393.07,6456353873.0,1093.19,,
2008-03-13,4348.34,4355.77,4183.26,4261.04,7586111364.0,1217.39,,
2008-03-14,4241.01,4264.35,4166.29,4223.51,5014163349.0,818.41,,
2008-03-17,4204.39,4204.39,3985.14,3987.21,6224831621.0,966.81,,
2008-03-18,3947.28,4019.61,3710.11,3757.58,7237364127.0,1038.06,,
2008-03-19,3836.68,3954.02,3774.39,3896.21,7794069939.0,1186.73,,
2008-03-20,3847.92,4068.49,3715.64,4021.48,9216251680.0,1409.17,,
2008-03-21,4025.84,4104.17,4017.26,4061.54,8392661778.0,1302.64,,
2008-03-24,4108.92,4116.24,3911.55,3911.55,7578186017.0,1177.86,,
2008-03-25,3837.11,3980.3,3819.53,3959.76,6802211352.0,1044.64,,
2008-03-26,3978.97,4037.92,3937.7,3962.98,5896272670.0,925.21,,
2008-03-27,3902.88,3907.8,3781.47,3783.23,6686372371.0,990.65,,
2008-03-28,3744.92,3933.94,3679.71,3932.39,7780340487.0,1174.42,,
2008-03-31,3821.99,3883.08,3785.62,3787.38,5925463046.0,882.0,,
2008-04-01,3770.67,3789.12,3544.57,3546.86,7113313015.0,996.39,,
2008-04-02,3577.07,3619.15,3426.14,3462.17,7847558324.0,1087.17,,
2008-04-03,3432.96,3574.36,3370.94,3556.96,6232673374.0,855.45,,
2008-04-07,3518.32,3758.0,3518.32,3758.0,7458793034.0,1092.35,,
2008-04-08,3765.65,3842.13,3761.91,3814.99,8359332662.0,1240.83,,
2008-04-09,3785.52,3833.43,3614.64,3614.64,7669707933.0,1092.22,,
2008-04-10,3567.75,3691.38,3542.0,3691.38,6050008930.0,836.99,,
2008-04-11,3725.87,3762.8,3697.7,3727.66,5709917892.0,810.27,,
2008-04-14,3647.15,3647.15,3478.58,3485.93,6554341456.0,911.11,,
2008-04-15,3464.33,3550.62,3392.07,3550.62,5876067748.0,812.54,,
2008-04-16,3541.87,3548.43,3453.64,3464.16,5284709393.0,728.25,,
2008-04-17,3462.72,3522.55,3317.36,3354.39,5622421913.0,760.77,,
2008-04-18,3326.36,3344.35,3222.43,3225.75,5384658943.0,686.24,,
2008-04-21,3459.75,3459.75,3185.9,3216.52,7517778322.0,1012.63,,
2008-04-22,3162.36,3223.95,3066.49,3221.21,6172031461.0,764.26,,
2008-04-23,3194.32,3380.86,3194.32,3371.01,7918796832.0,1049.24,,
2008-04-24,3646.83,3679.97,3570.07,3679.88,16947618915.0,2312.9,,
2008-04-25,3684.26,3815.1,3670.82,3708.25,15089717514.0,2238.2,,
2008-04-28,3649.52,3699.93,3629.09,3651.33,9607707915.0,1414.73,,
2008-04-29,3629.99,3707.87,3629.99,3693.36,8519818480.0,1271.72,,
2008-04-30,3707.82,3868.31,3707.82,3859.43,12758844982.0,1919.23,,
2008-05-05,3908.61,3967.83,3884.81,3963.93,12385353243.0,1866.97,,
2008-05-06,3933.41,3980.59,3881.73,3931.51,11976424597.0,1827.5,,
2008-05-07,3908.03,3956.24,3751.17,3751.17,11220811299.0,1692.3,,
2008-05-08,3705.88,3860.02,3705.88,3860.02,9250908521.0,1359.22,,
2008-05-09,3892.79,3897.47,3768.78,3830.46,11148149148.0,1686.37,,
2008-05-12,3763.75,3915.14,3741.62,3874.23,10367837051.0,1551.93,,
2008-05-13,3759.19,3895.29,3759.19,3844.15,12309438247.0,1698.28,,
2008-05-14,3837.86,3953.07,3837.86,3953.07,11965189916.0,1700.81,,
2008-05-15,3978.52,4009.16,3923.06,3923.06,11226824160.0,1571.3,,
2008-05-16,3921.09,3951.29,3843.75,3898.54,8716381977.0,1249.82,,
2008-05-19,3888.0,3907.42,3851.19,3884.42,6664227970.0,949.87,,
2008-05-20,3882.95,3910.72,3671.67,3671.8,8965534491.0,1234.81,,
2008-05-21,3626.22,3748.43,3553.56,3748.43,9826609409.0,1307.09,,
2008-05-22,3702.49,3754.73,3684.02,3688.9,9151141353.0,1249.67,,
2008-05-23,3674.01,3705.81,3601.62,3650.09,7894380151.0,1019.89,,
2008-05-26,3620.2,3620.2,3536.81,3538.04,6985723017.0,909.27,,
2008-05-27,3527.02,3565.15,3512.76,3554.32,5565561126.0,735.35,,
2008-05-28,3560.19,3664.73,3543.32,3652.3,6823091349.0,918.87,,
2008-05-29,3643.48,3655.28,3559.87,3560.69,6792891273.0,899.28,,
2008-05-30,3562.24,3594.89,3528.39,3585.35,6407107437.0,866.35,,
2008-06-02,3575.23,3622.44,3558.45,3605.58,6347613931.0,813.77,,
2008-06-03,3618.22,3618.22,3573.37,3593.08,6989628131.0,883.69,,
2008-06-04,3571.6,3571.6,3498.81,3528.43,6195459336.0,784.86,,
2008-06-05,3495.38,3523.54,3474.14,3491.99,5219870900.0,672.06,,
2008-06-06,3505.13,3505.13,3454.46,3468.75,4584941736.0,575.18,,
2008-06-10,3326.73,3326.73,3166.7,3182.77,6396690503.0,777.41,,
2008-06-11,3128.93,3148.98,3066.79,3113.48,6160200104.0,721.38,,
2008-06-12,3096.88,3122.81,3024.84,3065.71,6403654897.0,753.44,,
2008-06-13,3068.96,3086.49,2947.73,2949.76,5384988651.0,604.22,,
2008-06-16,2949.56,2972.31,2866.09,2912.06,5334207304.0,580.84,,
2008-06-17,2909.18,2936.18,2781.46,2784.35,5676774433.0,588.98,,
2008-06-18,2761.46,2945.04,2710.8,2931.81,8588843762.0,912.5,,
2008-06-19,2907.48,2907.48,2708.39,2709.6,7450634017.0,791.79,,
2008-06-20,2728.4,2869.22,2634.0,2779.19,9627517375.0,1034.15,,
2008-06-23,2733.38,2776.36,2709.1,2722.54,5378120667.0,558.43,,
2008-06-24,2709.38,2798.66,2709.38,2790.0,6361571502.0,661.94,,
2008-06-25,2784.41,2917.05,2784.41,2917.05,8678476439.0,903.75,,
2008-06-26,2913.02,2961.19,2884.18,2936.03,9032284902.0,961.63,,
2008-06-27,2842.42,2851.86,2736.22,2763.05,8158472636.0,852.16,,
2008-06-30,2740.24,2777.96,2709.26,2750.47,5123098979.0,552.3,,
2008-07-01,2756.81,2756.81,2663.72,2671.15,5568237383.0,600.22,,
2008-07-02,2675.08,2721.48,2655.87,2685.38,5609697144.0,615.52,,
2008-07-03,2644.59,2795.05,2609.39,2763.6,9521953528.0,1050.49,,
2008-07-04,2754.42,2787.46,2725.43,2749.77,8104740463.0,891.04,,
2008-07-07,2755.25,2891.46,2755.25,2891.46,10776371951.0,1159.65,,
2008-07-08,2905.85,2933.54,2863.27,2918.65,11336794709.0,1246.84,,
2008-07-09,2937.73,3020.85,2937.73,3020.85,13624106795.0,1490.19,,
2008-07-10,2979.6,3054.48,2972.63,2972.63,12907367775.0,1428.81,,
2008-07-11,2959.59,2972.89,2919.9,2952.48,9284828292.0,1014.8,,
2008-07-14,2928.54,2991.34,2928.54,2986.97,7795098711.0,862.79,,
2008-07-15,2997.52,3007.6,2876.48,2876.52,10128737082.0,1090.71,,
2008-07-16,2843.58,2843.58,2717.09,2758.55,8529154944.0,875.7,,
2008-07-17,2800.72,2821.43,2730.26,2731.14,7173294090.0,739.76,,
2008-07-18,2755.71,2825.79,2698.55,2825.79,7933780605.0,831.76,,
2008-07-21,2806.52,2930.13,2802.29,2926.98,9272128418.0,990.96,,
2008-07-22,2922.79,2949.52,2913.58,2925.58,8668547649.0,918.22,,
2008-07-23,2941.3,2956.12,2902.51,2903.26,8536989447.0,902.41,,
2008-07-24,2922.33,2992.32,2921.87,2990.01,9890335566.0,1071.54,,
2008-07-25,2955.15,2984.85,2939.46,2956.49,8525652167.0,902.35,,
2008-07-28,2975.13,3007.25,2969.76,2984.33,8602667747.0,912.99,,
2008-07-29,2947.2,2947.2,2907.11,2927.23,8050337986.0,829.18,,
2008-07-30,2960.23,2960.23,2888.66,2908.04,6775699608.0,689.96,,
2008-07-31,2916.26,2916.26,2820.78,2821.01,6270894798.0,620.87,,
2008-08-01,2803.35,2882.44,2765.51,2858.2,6863362847.0,705.61,,
2008-08-04,2836.24,2849.93,2789.67,2790.4,5189607902.0,538.42,,
2008-08-05,2795.06,2795.06,2715.23,2716.41,6057106467.0,621.0,,
2008-08-06,2734.71,2755.43,2692.54,2729.62,5682476723.0,585.38,,
2008-08-07,2725.76,2749.44,2699.04,2733.05,5212068586.0,522.31,,
2008-08-08,2732.44,2732.44,2581.26,2585.27,6630170332.0,643.33,,
2008-08-11,2573.16,2573.16,2422.98,2431.98,6398258508.0,566.84,,
2008-08-12,2403.14,2437.26,2382.79,2413.08,5121737995.0,443.79,,
2008-08-13,2396.65,2420.74,2333.41,2413.23,5640853514.0,493.66,,
2008-08-14,2399.17,2426.95,2387.09,2416.3,4380341722.0,397.69,,
2008-08-15,2412.64,2444.23,2389.91,2417.01,4309007914.0,385.9,,
2008-08-18,2420.85,2420.85,2271.72,2272.07,4922702040.0,409.32,,
2008-08-19,2243.11,2306.58,2243.11,2306.58,4266468382.0,349.78,,
2008-08-20,2292.68,2489.1,2271.19,2489.1,8839196850.0,761.46,,
2008-08-21,2452.83,2485.34,2396.05,2401.54,7837440296.0,704.96,,
2008-08-22,2380.42,2385.99,2319.69,2361.1,5583551123.0,478.59,,
2008-08-25,2362.69,2390.5,2334.24,2356.28,4192596468.0,361.71,,
2008-08-26,2328.44,2335.13,2251.03,2272.21,5289580884.0,424.91,,
2008-08-27,2262.14,2305.54,2232.24,2265.62,5093224118.0,423.58,,
2008-08-28,2264.1,2294.98,2254.27,2272.23,4338811786.0,377.3,,
2008-08-29,2281.28,2348.22,2278.18,2330.33,6076869263.0,508.84,,
2008-09-01,2312.81,2312.81,2245.06,2253.84,4752156741.0,392.5,,
2008-09-02,2238.59,2261.08,2220.07,2240.65,4480262688.0,353.67,,
2008-09-03,2234.56,2250.67,2179.45,2207.81,5644199762.0,447.7,,
2008-09-04,2200.25,2230.77,2184.34,2214.78,4513547376.0,352.18,,
2008-09-05,2156.98,2178.17,2136.57,2137.28,5055786247.0,380.42,,
2008-09-08,2140.89,2140.89,2064.38,2067.31,4942243614.0,370.73,,
2008-09-09,2074.17,2087.01,2053.65,2080.42,3991145737.0,295.39,,
2008-09-10,2067.0,2116.84,2045.91,2087.91,4864193842.0,374.37,,
2008-09-11,2081.16,2090.1,2026.54,2027.29,4533837747.0,353.2,,
2008-09-12,2025.91,2057.37,2024.54,2031.72,3801572336.0,295.6,,
2008-09-16,2011.82,2011.82,1958.37,1966.09,5868622129.0,439.69,,
2008-09-17,1951.44,1968.58,1902.07,1906.69,5716999054.0,414.24,,
2008-09-18,1859.35,1882.88,1776.3,1866.97,8316701563.0,565.56,,
2008-09-19,2033.72,2043.6,2025.07,2043.6,7508331313.0,570.94,,
2008-09-22,2186.49,2224.97,2099.23,2163.19,17733342682.0,1483.9,,
2008-09-23,2096.79,2113.54,2064.13,2064.16,12275238785.0,986.02,,
2008-09-24,2018.57,2087.41,2006.37,2087.41,8120876007.0,636.65,,
2008-09-25,2091.38,2186.27,2091.38,2160.9,13007211096.0,1089.91,,
2008-09-26,2170.51,2187.97,2128.41,2175.48,10305530163.0,880.27,,
2008-10-06,2137.95,2137.95,2073.46,2073.46,8057278478.0,651.12,,
2008-10-07,1997.82,2082.02,1986.73,2052.2,7401954129.0,617.57,,
2008-10-08,1999.19,2020.59,1974.08,1982.81,6519461226.0,528.08,,
2008-10-09,2018.3,2018.3,1956.54,1956.83,6037031867.0,484.87,,
2008-10-10,1880.78,1885.67,1843.82,1857.77,7082570258.0,507.9,,
2008-10-13,1839.37,1922.58,1788.5,1922.58,7274152671.0,542.65,,
2008-10-14,1986.69,1986.69,1870.94,1870.94,9015811603.0,700.75,,
2008-10-15,1850.01,1861.43,1834.52,1853.07,5549809825.0,397.68,,
2008-10-16,1778.87,1797.23,1757.98,1758.6,7059052265.0,482.75,,
2008-10-17,1773.74,1782.43,1751.26,1773.21,5258707483.0,354.91,,
2008-10-20,1769.5,1833.73,1750.9,1833.73,6159086398.0,437.27,,
2008-10-21,1838.55,1862.24,1822.8,1822.96,7415938632.0,527.91,,
2008-10-22,1799.57,1825.31,1779.75,1780.33,6274823574.0,419.53,,
2008-10-23,1744.84,1786.24,1732.94,1786.24,6341997446.0,434.84,,
2008-10-24,1783.26,1791.47,1731.28,1742.45,6049508992.0,415.24,,
2008-10-27,1710.35,1710.35,1615.06,1616.61,6885277136.0,439.77,,
2008-10-28,1579.64,1671.69,1575.84,1663.07,8074240660.0,531.84,,
2008-10-29,1680.54,1685.09,1612.63,1612.63,7091364722.0,471.0,,
2008-10-30,1622.81,1666.29,1601.63,1643.68,7061616928.0,464.62,,
2008-10-31,1636.71,1642.61,1607.45,1611.83,5295262768.0,329.63,,
2008-11-03,1598.87,1626.39,1592.21,1598.81,4761002792.0,302.36,,
2008-11-04,1591.93,1591.93,1557.85,1574.76,5155226349.0,310.3,,
2008-11-05,1585.51,1651.06,1585.51,1633.23,7791027440.0,481.85,,
2008-11-06,1594.05,1603.88,1585.19,1596.99,6065742294.0,353.97,,
2008-11-07,1568.98,1629.72,1568.98,1623.23,6242020626.0,378.0,,
2008-11-10,1654.94,1742.14,1654.94,1742.14,11734658622.0,728.97,,
2008-11-11,1736.54,1763.78,1723.42,1723.72,12411484206.0,777.85,,
2008-11-12,1703.7,1749.66,1703.7,1749.66,8963811555.0,562.97,,
2008-11-13,1727.66,1839.68,1723.36,1822.75,16191435868.0,1047.9,,
2008-11-14,1840.76,1895.46,1823.29,1895.46,18129103957.0,1205.54,,
2008-11-17,1888.75,1951.82,1883.47,1951.82,18015733282.0,1205.47,,
2008-11-18,1939.82,1960.0,1803.58,1808.19,19925894656.0,1308.81,,
2008-11-19,1798.45,1927.63,1795.43,1923.27,16769233161.0,1109.03,,
2008-11-20,1889.82,1944.14,1874.38,1909.28,17710838641.0,1176.2,,
2008-11-21,1851.43,1934.63,1812.78,1893.97,16941606534.0,1121.97,,
2008-11-24,1889.17,1892.07,1815.48,1815.51,11056169793.0,730.9,,
2008-11-25,1844.87,1844.87,1778.88,1808.99,9102525216.0,607.89,,
2008-11-26,1806.74,1834.01,1790.4,1817.1,8552043369.0,559.24,,
2008-11-27,1934.83,1934.83,1843.77,1843.84,16553610654.0,1141.78,,
2008-11-28,1825.35,1835.73,1794.99,1810.69,10328740022.0,680.13,,
2008-12-01,1804.71,1857.59,1784.89,1857.59,11287878035.0,729.66,,
2008-12-02,1816.55,1886.58,1816.55,1871.45,14851602132.0,967.03,,
2008-12-03,1899.01,1952.94,1899.01,1952.94,18422219811.0,1234.72,,
2008-12-04,1978.51,2035.68,1973.99,1974.23,23969418320.0,1685.24,,
2008-12-05,1961.65,2012.64,1961.65,2012.64,16160683808.0,1119.62,,
2008-12-08,2039.33,2096.28,2039.33,2096.28,22168745760.0,1580.81,,
2008-12-09,2104.17,2104.37,2039.44,2042.62,19302847811.0,1398.25,,
2008-12-10,2030.36,2100.13,2018.94,2100.13,17237632913.0,1252.9,,
2008-12-11,2093.85,2105.24,2045.19,2046.11,16075741182.0,1177.11,,
2008-12-12,2026.96,2026.96,1933.0,1958.69,14237288893.0,991.9,,
2008-12-15,1988.5,2001.41,1948.29,1980.54,10956224967.0,760.54,,
2008-12-16,1963.92,2004.27,1927.06,2004.27,10744435911.0,739.21,,
2008-12-17,2011.45,2041.99,2006.22,2017.37,13302121853.0,949.93,,
2008-12-18,2016.86,2058.82,2001.0,2058.82,12724577692.0,900.75,,
2008-12-19,2053.56,2090.51,2053.12,2070.02,14277707888.0,1025.62,,
2008-12-22,2069.0,2069.63,2024.35,2047.1,12397246907.0,877.48,,
2008-12-23,2049.38,2049.38,1938.19,1938.42,14052161371.0,973.23,,
2008-12-24,1911.14,1928.84,1891.68,1903.38,10239777662.0,678.02,,
2008-12-25,1907.99,1919.76,1866.65,1891.39,8856184408.0,592.96,,
2008-12-26,1890.15,1901.55,1872.14,1880.46,7374989028.0,521.84,,
2008-12-29,1871.33,1878.56,1833.95,1875.27,7198048275.0,500.69,,
2008-12-30,1873.38,1889.51,1854.87,1857.86,7713378908.0,534.54,,
2008-12-31,1859.47,1863.93,1837.56,1838.32,7090079687.0,486.94,,
2009-01-05,1868.01,1907.53,1863.72,1907.53,9516143630.0,680.71,,
2009-01-06,1904.88,1972.4,1904.88,1968.61,14012530177.0,1014.97,,
2009-01-07,1968.45,1982.78,1961.5,1963.84,13022603941.0,937.2,,
2009-01-08,1928.24,1936.15,1908.99,1919.18,11307876376.0,839.12,,
2009-01-09,1917.61,1958.12,1917.61,1957.02,10491933385.0,785.22,,
2009-01-12,1951.69,1992.31,1951.66,1966.55,12317275894.0,914.59,,
2009-01-13,1941.02,1952.86,1918.6,1918.6,10905894812.0,770.59,,
2009-01-14,1915.47,1997.04,1915.47,1997.04,12514083619.0,940.45,,
2009-01-15,1978.45,2024.57,1978.45,2002.73,16588161834.0,1215.57,,
2009-01-16,2012.81,2062.33,2012.81,2030.83,18712356512.0,1425.52,,
2009-01-19,2048.6,2075.9,2028.07,2045.51,15044919778.0,1143.64,,
2009-01-20,2040.34,2060.92,2022.34,2060.92,10773540155.0,811.45,,
2009-01-21,2031.44,2080.42,2031.44,2057.99,12852572959.0,1016.82,,
2009-01-22,2070.9,2086.2,2055.67,2084.62,12895985330.0,987.99,,
2009-01-23,2080.26,2091.98,2068.43,2071.7,12283360538.0,919.34,,
2009-02-02,2091.11,2108.37,2074.22,2108.37,12372063410.0,916.28,,
2009-02-03,2108.33,2162.5,2108.33,2162.5,19260487400.0,1417.11,,
2009-02-04,2172.2,2216.76,2172.2,2216.76,21588252191.0,1608.2,,
2009-02-05,2214.86,2249.07,2187.42,2195.74,23785989998.0,1827.75,,
2009-02-06,2202.21,2286.37,2202.21,2286.37,23424267969.0,1802.82,,
2009-02-09,2319.81,2358.87,2303.51,2351.28,27921058797.0,2237.86,,
2009-02-10,2341.69,2392.67,2322.58,2392.67,25357389125.0,2044.76,,
2009-02-11,2352.74,2436.98,2352.74,2396.88,30392666024.0,2566.31,,
2009-02-12,2402.12,2402.12,2325.83,2401.41,25103036060.0,2096.79,,
2009-02-13,2404.97,2486.68,2404.65,2484.37,28689336855.0,2423.07,,
2009-02-16,2507.51,2542.83,2477.66,2542.83,30343946795.0,2611.2,,
2009-02-17,2539.05,2545.49,2457.5,2457.5,28148831455.0,2453.05,,
2009-02-18,2403.04,2443.83,2349.82,2351.26,22937846712.0,1975.4,,
2009-02-19,2372.85,2399.62,2344.89,2382.71,18661834953.0,1608.02,,
2009-02-20,2386.12,2439.84,2372.55,2439.84,18813216517.0,1647.36,,
2009-02-23,2430.45,2520.37,2412.05,2512.42,23161005546.0,2050.19,,
2009-02-24,2479.65,2515.05,2403.45,2403.45,26914077680.0,2376.92,,
2009-02-25,2426.83,2428.09,2336.96,2411.12,22312412791.0,1988.48,,
2009-02-26,2404.55,2433.83,2251.05,2275.22,21553846854.0,1881.42,,
2009-02-27,2244.65,2255.4,2175.51,2196.87,17849399563.0,1441.54,,
2009-03-02,2175.74,2241.05,2175.74,2231.85,12794475597.0,1077.49,,
2009-03-03,2175.7,2242.5,2173.65,2222.5,14282244417.0,1203.01,,
2009-03-04,2230.4,2369.35,2230.4,2365.74,21570889399.0,1852.05,,
2009-03-05,2393.81,2416.86,2344.79,2385.69,25198032438.0,2198.98,,
2009-03-06,2341.05,2391.25,2341.05,2367.21,17438752287.0,1516.32,,
2009-03-09,2380.35,2409.03,2271.14,2274.79,17498123974.0,1496.58,,
2009-03-10,2247.27,2319.93,2241.79,2319.93,11868429094.0,1001.82,,
2009-03-11,2365.96,2365.96,2299.21,2302.72,14702016017.0,1270.75,,
2009-03-12,2289.93,2302.14,2236.57,2302.14,12391214849.0,1038.52,,
2009-03-13,2314.16,2331.48,2283.91,2287.8,11847637404.0,1028.02,,
2009-03-16,2279.75,2324.82,2270.58,2323.47,10481316768.0,896.92,,
2009-03-17,2326.27,2411.76,2324.1,2407.27,18647642527.0,1646.2,,
2009-03-18,2419.51,2460.77,2418.42,2423.25,21517071450.0,1892.99,,
2009-03-19,2427.47,2475.2,2427.47,2475.2,20745015131.0,1856.86,,
2009-03-20,2480.94,2484.33,2435.79,2469.37,21800257500.0,1989.56,,
2009-03-23,2472.85,2533.54,2470.97,2527.33,23250537114.0,2206.63,,
2009-03-24,2561.34,2562.91,2532.1,2541.95,23195970502.0,2176.15,,
2009-03-25,2526.56,2556.7,2485.92,2485.92,20415261566.0,1912.94,,
2009-03-26,2489.58,2559.9,2463.98,2559.9,21199996980.0,1967.47,,
2009-03-27,2579.42,2594.61,2563.05,2580.21,25385724292.0,2291.61,,
2009-03-30,2582.46,2591.48,2564.79,2572.31,19468037866.0,1809.61,,
2009-03-31,2522.74,2597.75,2509.5,2597.75,19611540961.0,1880.52,,
2009-04-01,2608.98,2655.75,2608.98,2639.59,25478943617.0,2420.07,,
2009-04-02,2649.74,2685.28,2649.74,2661.14,26387941107.0,2498.58,,
2009-04-03,2680.74,2689.16,2640.49,2649.79,24032328088.0,2295.69,,
2009-04-07,2651.65,2674.01,2636.12,2665.37,17794575458.0,1727.49,,
2009-04-08,2653.62,2656.19,2568.45,2568.45,20616317529.0,1964.96,,
2009-04-09,2565.24,2610.25,2546.4,2610.25,16231168881.0,1562.02,,
2009-04-10,2630.55,2691.62,2627.03,2691.62,22730297739.0,2273.14,,
2009-04-13,2716.17,2755.67,2716.17,2746.58,27088650500.0,2706.94,,
2009-04-14,2742.29,2779.36,2737.14,2775.99,24092542969.0,2420.23,,
2009-04-15,2761.85,2796.37,2733.08,2796.37,26061643355.0,2581.51,,
2009-04-16,2800.68,2813.19,2763.57,2799.77,26916096678.0,2591.41,,
2009-04-17,2789.25,2803.07,2736.2,2761.42,23073816483.0,2287.92,,
2009-04-20,2753.6,2824.61,2753.6,2824.61,21991815549.0,2105.86,,
2009-04-21,2789.35,2816.89,2763.55,2800.45,24122111742.0,2307.44,,
2009-04-22,2812.5,2834.35,2684.81,2685.06,26725404146.0,2538.52,,
2009-04-23,2661.86,2709.37,2650.65,2702.75,17498932388.0,1642.04,,
2009-04-24,2714.2,2718.2,2681.99,2682.45,16271536103.0,1589.6,,
2009-04-27,2677.06,2677.16,2601.84,2606.82,16031426800.0,1491.7,,
2009-04-28,2585.52,2626.78,2585.52,2621.77,13447030262.0,1315.12,,
2009-04-29,2622.56,2706.99,2622.56,2703.4,17711800436.0,1715.51,,
2009-04-30,2714.2,2740.35,2712.03,2727.97,18846822710.0,1834.17,,
2009-05-04,2739.41,2821.33,2739.41,2821.33,21671223958.0,2106.3,,
2009-05-05,2840.14,2853.67,2824.84,2839.91,22468574060.0,2189.81,,
2009-05-06,2834.82,2880.99,2834.23,2880.15,22931737252.0,2270.87,,
2009-05-07,2897.39,2906.89,2835.98,2875.71,25934692999.0,2580.83,,
2009-05-08,2860.32,2902.67,2839.42,2893.89,23596863224.0,2313.25,,
2009-05-11,2910.53,2928.85,2814.35,2814.35,25481929007.0,2499.04,,
2009-05-12,2790.19,2880.44,2790.19,2880.44,17406028413.0,1651.64,,
2009-05-13,2884.19,2909.71,2869.47,2904.8,20908757566.0,2111.25,,
2009-05-14,2875.38,2902.71,2860.94,2893.23,18162261136.0,1802.4,,
2009-05-15,2908.91,2916.48,2881.56,2902.92,16383809465.0,1605.31,,
2009-05-18,2891.85,2921.77,2848.73,2919.78,16951260428.0,1697.46,,
2009-05-19,2942.95,2954.9,2930.98,2948.83,21450458748.0,2189.38,,
2009-05-20,2951.58,2958.05,2924.23,2924.23,20223222338.0,2056.95,,
2009-05-21,2907.13,2920.25,2858.22,2863.08,19823490000.0,2011.79,,
2009-05-22,2847.77,2879.59,2838.26,2857.6,14240621393.0,1458.89,,
2009-05-25,2795.34,2876.45,2784.52,2869.12,16523884895.0,1716.02,,
2009-05-26,2873.1,2886.3,2848.95,2849.31,17268472686.0,1816.77,,
2009-05-27,2862.93,2884.25,2845.67,2877.98,15029136663.0,1527.35,,
2009-06-01,2912.25,2966.64,2912.25,2962.08,20179443140.0,2172.37,,
2009-06-02,2980.12,2991.67,2965.1,2972.05,21473757999.0,2276.85,,
2009-06-03,2971.92,3031.62,2971.92,3031.62,21979408329.0,2303.18,,
2009-06-04,3019.1,3046.79,2995.9,3039.71,23887047709.0,2543.16,,
2009-06-05,3049.8,3057.83,3025.08,3025.2,20761132952.0,2238.86,,
2009-06-08,3024.31,3054.67,3002.1,3030.7,18726036401.0,1996.57,,
2009-06-09,3030.36,3044.49,2979.22,3044.49,18788636705.0,1936.0,,
2009-06-10,3054.44,3077.11,3054.44,3075.31,20469435273.0,2060.35,,
2009-06-11,3069.24,3083.94,3045.93,3049.77,18773981194.0,1893.93,,
2009-06-12,3044.04,3057.03,2969.29,2990.85,17770317410.0,1772.93,,
2009-06-15,2984.15,3046.43,2984.15,3046.43,14694703360.0,1563.83,,
2009-06-16,3023.64,3054.5,3020.61,3040.81,14273619168.0,1557.81,,
2009-06-17,3039.78,3092.72,3020.89,3089.84,16104390126.0,1747.88,,
2009-06-18,3110.92,3131.49,3110.92,3130.47,19518883359.0,2132.44,,
2009-06-19,3138.42,3154.93,3121.75,3147.73,21158079030.0,2189.62,,
2009-06-22,3170.55,3172.71,3135.41,3141.73,20110551157.0,2109.68,,
2009-06-23,3098.2,3167.79,3092.0,3139.99,19547394296.0,2017.5,,
2009-06-24,3137.5,3176.69,3129.1,3176.69,19384896600.0,2099.45,,
2009-06-25,3181.08,3190.73,3167.4,3174.65,17102190811.0,1884.3,,
2009-06-26,3182.03,3191.74,3170.52,3187.13,15663259278.0,1678.3,,
2009-06-29,3190.6,3231.35,3190.25,3229.27,18293616321.0,1975.12,,
2009-06-30,3238.87,3238.87,3205.41,3212.59,17731229035.0,2025.57,,
2009-07-01,3201.42,3274.97,3201.42,3274.97,19548429873.0,2196.98,,
2009-07-02,3285.73,3316.67,3285.73,3316.67,22667168791.0,2570.93,,
2009-07-03,3292.58,3359.21,3292.58,3359.21,22799887241.0,2566.81,,
2009-07-06,3365.44,3396.71,3363.24,3394.32,25438324746.0,2881.38,,
2009-07-07,3388.61,3411.07,3361.2,3371.11,24552799721.0,2679.13,,
2009-07-08,3341.5,3398.14,3311.09,3391.02,21399276442.0,2416.01,,
2009-07-09,3389.07,3441.92,3380.65,3441.92,23805780517.0,2698.16,,
2009-07-10,3445.1,3471.78,3435.18,3447.9,23360210303.0,2633.08,,
2009-07-13,3434.3,3461.15,3425.42,3430.72,22418741241.0,2540.38,,
2009-07-14,3459.95,3514.65,3459.95,3514.65,23187597784.0,2644.26,,
2009-07-15,3526.6,3553.36,3526.6,3551.52,27416733962.0,3166.35,,
2009-07-16,3571.32,3592.43,3542.24,3552.11,26868501930.0,3189.69,,
2009-07-17,3549.73,3574.55,3539.52,3571.81,23084677151.0,2705.63,,
2009-07-20,3583.9,3643.13,3573.01,3640.8,27979167910.0,3376.25,,
2009-07-21,3650.62,3650.62,3577.26,3577.85,27528795976.0,3309.22,,
2009-07-22,3571.01,3643.34,3571.01,3643.34,23704743321.0,2940.28,,
2009-07-23,3649.36,3685.93,3638.1,3685.93,23798164466.0,2846.29,,
2009-07-24,3703.78,3714.04,3617.66,3690.39,26185493520.0,3182.24,,
2009-07-27,3702.25,3762.93,3701.49,3762.93,26698205385.0,3359.74,,
2009-07-28,3764.97,3785.22,3734.17,3785.22,28962388349.0,3595.82,,
2009-07-29,3772.44,3786.0,3555.65,3575.59,32119856361.0,3830.74,,
2009-07-30,3598.54,3658.85,3531.45,3640.82,24848013557.0,2998.79,,
2009-07-31,3671.99,3745.07,3647.69,3744.92,25404199185.0,3105.3,,
2009-08-03,3762.82,3806.28,3743.56,3805.8,27436395495.0,3406.36,,
2009-08-04,3818.29,3818.29,3750.53,3817.53,29178696756.0,3623.61,,
2009-08-05,3812.99,3827.12,3732.37,3787.1,27894975313.0,3473.17,,
2009-08-06,3756.05,3785.13,3669.77,3716.64,24515165644.0,3145.07,,
2009-08-07,3709.33,3730.76,3606.28,3607.86,21093804739.0,2656.04,,
2009-08-10,3643.13,3652.89,3555.78,3610.55,17374956107.0,2202.66,,
2009-08-11,3623.97,3632.66,3584.31,3625.64,13914648755.0,1754.69,,
2009-08-12,3616.05,3616.05,3461.6,3461.81,18156012356.0,2240.4,,
2009-08-13,3462.97,3503.93,3419.7,3494.98,15799502172.0,1967.92,,
2009-08-14,3492.96,3501.82,3378.48,3378.48,17175808815.0,2098.27,,
2009-08-17,3321.33,3346.34,3164.37,3164.74,17188738911.0,1963.08,,
2009-08-18,3134.78,3209.5,3114.85,3204.47,14056824774.0,1584.68,,
2009-08-19,3209.34,3211.51,3019.01,3044.72,15474375937.0,1718.27,,
2009-08-20,3048.88,3171.94,3048.88,3171.94,15052488475.0,1728.23,,
2009-08-21,3163.63,3246.12,3156.63,3241.17,17406121988.0,1967.61,,
2009-08-24,3255.76,3293.77,3226.67,3281.76,17287028077.0,2024.96,,
2009-08-25,3263.7,3263.7,3100.01,3182.04,19915717061.0,2286.4,,
2009-08-26,3157.51,3285.35,3157.51,3256.39,18393503916.0,2108.56,,
2009-08-27,3237.34,3299.99,3213.43,3255.57,19248130707.0,2133.43,,
2009-08-28,3248.74,3250.59,3141.82,3149.91,16680890422.0,1896.86,,
2009-08-31,3104.74,3104.74,2926.66,2927.96,16368182546.0,1798.97,,
2009-09-01,2899.87,2983.79,2896.64,2930.15,13386750076.0,1453.92,,
2009-09-02,2911.81,2980.72,2911.81,2968.89,11486085283.0,1248.37,,
2009-09-03,2974.5,3132.91,2974.5,3126.89,17467005250.0,1942.69,,
2009-09-04,3127.74,3175.12,3127.74,3161.49,17730570986.0,2022.93,,
2009-09-07,3180.69,3236.75,3180.69,3193.33,18282785024.0,2123.5,,
2009-09-08,3174.25,3257.9,3148.24,3257.9,17953458375.0,2155.37,,
2009-09-09,3271.21,3286.54,3235.39,3280.16,18586839372.0,2295.33,,
2009-09-10,3264.63,3284.64,3240.34,3248.23,14934187542.0,1750.69,,
2009-09-11,3237.41,3329.76,3237.41,3319.71,17123705749.0,2005.29,,
2009-09-14,3329.93,3387.73,3325.07,3384.57,20341841231.0,2352.61,,
2009-09-15,3389.45,3422.2,3365.83,3402.12,20622563679.0,2387.51,,
2009-09-16,3390.8,3395.9,3322.89,3373.17,20927893359.0,2473.89,,
2009-09-17,3414.21,3450.35,3405.19,3441.64,22434250924.0,2599.9,,
2009-09-18,3448.02,3450.06,3299.07,3321.82,23887928145.0,2710.91,,
2009-09-21,3286.44,3345.12,3226.09,3344.64,17469351834.0,2034.69,,
2009-09-22,3333.15,3369.9,3264.44,3264.44,16948402550.0,2026.57,,
2009-09-23,3259.76,3275.37,3169.69,3182.92,15025360418.0,1746.76,,
2009-09-24,3163.75,3222.92,3099.89,3190.0,13913011922.0,1604.04,,
2009-09-25,3169.72,3198.14,3143.39,3165.24,10301993554.0,1170.92,,
2009-09-28,3173.14,3198.18,3071.34,3075.57,9806580778.0,1098.4,,
2009-09-29,3075.82,3090.55,3004.41,3055.64,10057165650.0,1072.75,,
2009-09-30,3076.6,3119.55,3076.6,3087.86,8945574462.0,1000.42,,
2009-10-09,3155.34,3249.01,3155.34,3249.01,11650108530.0,1356.2,,
2009-10-12,3264.33,3283.26,3244.38,3245.92,12342202069.0,1467.5,,
2009-10-13,3238.54,3296.15,3238.54,3296.15,11301582276.0,1306.58,,
2009-10-14,3306.37,3367.97,3306.37,3326.39,16789659168.0,1998.07,,
2009-10-15,3353.45,3379.85,3324.03,3338.46,13551173335.0,1610.92,,
2009-10-16,3348.02,3363.54,3297.63,3343.78,12965407466.0,1548.42,,
2009-10-19,3342.33,3430.27,3342.33,3430.27,17206398845.0,2119.42,,
2009-10-20,3453.82,3480.51,3444.3,3480.51,20208261758.0,2476.64,,
2009-10-21,3476.89,3510.45,3465.65,3467.13,19305282729.0,2296.83,,
2009-10-22,3459.62,3481.3,3445.87,3455.62,15574201296.0,1839.62,,
2009-10-23,3462.1,3536.23,3462.1,3516.72,20139044145.0,2374.07,,
2009-10-26,3525.16,3534.11,3490.42,3520.37,16872951662.0,2039.63,,
2009-10-27,3492.24,3492.68,3421.18,3421.18,17604549993.0,2147.85,,
2009-10-28,3409.53,3442.49,3374.18,3441.46,14741366851.0,1751.74,,
2009-10-29,3380.02,3404.85,3357.75,3363.7,14392752384.0,1731.24,,
2009-10-30,3417.65,3444.33,3394.58,3401.14,14958623389.0,1811.25,,
2009-11-02,3340.99,3516.53,3332.25,3516.53,19351025946.0,2314.29,,
2009-11-03,3527.15,3576.87,3527.15,3572.25,22192565484.0,2659.61,,
2009-11-04,3579.09,3607.72,3555.93,3594.75,21724422731.0,2605.55,,
2009-11-05,3597.92,3618.33,3581.06,3613.44,20347331025.0,2331.19,,
2009-11-06,3638.1,3654.63,3621.68,3631.11,23410544296.0,2735.68,,
2009-11-09,3634.86,3648.86,3606.11,3648.86,19652921386.0,2342.12,,
2009-11-10,3670.9,3680.37,3656.4,3656.66,20201615313.0,2438.33,,
2009-11-11,3651.98,3664.69,3623.79,3655.84,17956285008.0,2140.65,,
2009-11-12,3665.15,3692.64,3650.73,3663.31,19413521271.0,2285.33,,
2009-11-13,3652.3,3690.36,3617.35,3690.36,20118930961.0,2420.24,,
2009-11-16,3713.8,3793.52,3713.8,3793.52,27071364651.0,3355.61,,
2009-11-17,3811.39,3811.39,3787.52,3802.01,23101975863.0,2847.24,,
2009-11-18,3805.54,3823.8,3787.58,3809.3,22318526386.0,2675.08,,
2009-11-19,3816.05,3837.63,3795.94,3837.63,24234212696.0,2877.66,,
2009-11-20,3826.27,3859.37,3805.09,3837.74,24588298688.0,2949.22,,
2009-11-23,3838.25,3885.25,3838.25,3885.25,23728322352.0,2993.25,,
2009-11-24,3900.07,3912.39,3732.95,3733.21,34021358007.0,4239.44,,
2009-11-25,3724.15,3835.94,3724.0,3835.94,25995962441.0,3198.98,,
2009-11-26,3842.05,3853.58,3667.7,3682.68,30200263979.0,3758.31,,
2009-11-27,3633.13,3679.38,3578.4,3578.88,20850827913.0,2550.06,,
2009-11-30,3611.14,3722.85,3611.14,3722.85,19143960269.0,2369.46,,
2009-12-01,3720.44,3791.64,3710.23,3791.64,23146811416.0,2844.27,,
2009-12-02,3809.97,3843.58,3802.4,3836.41,24661137911.0,3059.71,,
2009-12-03,3833.57,3840.12,3796.76,3840.12,22509775817.0,2819.84,,
2009-12-04,3831.3,3874.01,3744.04,3845.3,28948749874.0,3650.92,,
2009-12-07,3846.4,3884.31,3840.76,3884.31,18983106663.0,2456.97,,
2009-12-08,3886.29,3886.29,3825.75,3850.13,19150704103.0,2416.02,,
2009-12-09,3805.81,3833.2,3767.71,3780.7,16155952928.0,2027.2,,
2009-12-10,3803.57,3825.29,3776.61,3806.54,13356979853.0,1689.59,,
2009-12-11,3817.77,3839.21,3799.79,3804.61,13337935213.0,1646.65,,
2009-12-14,3802.43,3827.1,3717.22,3826.07,16166446927.0,2028.51,,
2009-12-15,3811.71,3836.41,3801.84,3809.27,14792236673.0,1914.11,,
2009-12-16,3794.79,3830.7,3780.07,3787.96,13264256188.0,1701.7,,
2009-12-17,3795.15,3795.82,3692.4,3692.4,14155977734.0,1775.4,,
2009-12-18,3658.49,3658.49,3582.71,3585.26,13814605646.0,1692.92,,
2009-12-21,3579.35,3603.73,3559.41,3603.73,10139936911.0,1286.64,,
2009-12-22,3608.69,3608.69,3500.86,3506.14,11570633257.0,1457.77,,
2009-12-23,3503.26,3548.46,3503.26,3548.46,10330460675.0,1309.03,,
2009-12-24,3556.83,3659.03,3552.97,3658.3,13991178132.0,1828.74,,
2009-12-25,3654.19,3668.98,3640.32,3655.8,11777538312.0,1513.8,,
2009-12-28,3664.4,3718.03,3664.4,3713.54,12780539703.0,1636.6,,
2009-12-29,3717.21,3734.93,3686.63,3734.93,13212913563.0,1683.22,,
2009-12-30,3736.14,3772.7,3729.59,3772.42,16871621590.0,2213.81,,
2009-12-31,3773.56,3796.69,3757.13,3795.33,14606886152.0,1916.81,,
2010-01-04,3813.75,3813.75,3772.5,3772.5,15363135335.0,1991.86,,
2010-01-05,3780.46,3806.98,3742.44,3806.74,18369058609.0,2449.46,,
2010-01-06,3801.95,3830.13,3788.77,3788.8,17966711940.0,2406.15,,
2010-01-07,3786.88,3798.87,3699.47,3713.54,18149405810.0,2379.73,,
2010-01-08,3692.47,3735.54,3678.07,3735.38,14213894042.0,1843.42,,
2010-01-11,3778.21,3778.21,3728.92,3745.84,18997926794.0,2540.18,,
2010-01-12,3740.65,3809.63,3713.1,3809.63,20234981409.0,2652.92,,
2010-01-13,3722.06,3780.1,3709.01,3716.07,22694958404.0,2981.34,,
2010-01-14,3726.89,3784.21,3724.52,3784.21,20229034356.0,2627.6,,
2010-01-15,3788.52,3805.78,3781.13,3804.15,17966545441.0,2356.6,,
2010-01-18,3795.3,3839.08,3787.16,3839.08,19488309634.0,2556.4,,
2010-01-19,3844.86,3856.47,3830.39,3843.87,19034311214.0,2492.03,,
2010-01-20,3847.26,3847.26,3708.37,3715.21,22937865558.0,2930.03,,
2010-01-21,3708.45,3749.85,3687.19,3730.97,16084854078.0,2068.92,,
2010-01-22,3685.0,3705.22,3596.73,3665.17,19064433017.0,2371.4,,
2010-01-25,3636.49,3673.82,3617.69,3617.69,11453644652.0,1412.0,,
2010-01-26,3619.66,3619.66,3487.14,3510.55,13357450010.0,1629.12,,
2010-01-27,3509.4,3526.59,3471.12,3471.12,10970446301.0,1356.55,,
2010-01-28,3468.07,3504.85,3449.58,3494.78,10201695357.0,1277.24,,
2010-01-29,3477.73,3547.57,3473.78,3504.57,11953596026.0,1490.07,,
2010-02-01,3498.1,3498.1,3418.89,3454.91,12892954254.0,1586.75,,
2010-02-02,3470.62,3510.09,3443.19,3443.36,11687015678.0,1454.5,,
2010-02-03,3453.54,3521.39,3385.31,3521.39,14805472944.0,1808.3,,
2010-02-04,3498.62,3551.95,3483.19,3526.18,14888391659.0,1777.98,,
2010-02-05,3449.85,3483.61,3430.91,3453.97,14905662350.0,1754.67,,
2010-02-08,3450.39,3471.96,3436.94,3452.08,9569583486.0,1130.87,,
2010-02-09,3446.67,3476.4,3444.37,3465.49,8992894986.0,1036.08,,
2010-02-10,3489.35,3512.46,3480.67,3512.46,8112469881.0,1021.42,,
2010-02-11,3514.56,3531.74,3511.14,3513.18,8034203882.0,976.35,,
2010-02-12,3524.14,3551.86,3524.14,3551.14,7882047738.0,992.11,,
2010-02-22,3548.39,3569.25,3536.15,3541.11,9637012686.0,1162.87,,
2010-02-23,3534.24,3534.24,3472.5,3529.61,11645431965.0,1454.77,,
2010-02-24,3508.61,3589.37,3507.54,3589.37,13972879470.0,1669.57,,
2010-02-25,3597.16,3644.82,3597.16,3644.42,17273550450.0,2120.93,,
2010-02-26,3636.91,3655.86,3633.78,3638.8,14872519886.0,1840.45,,
2010-03-01,3645.23,3688.04,3645.23,3685.07,16497673262.0,2031.69,,
2010-03-02,3688.07,3699.13,3660.59,3676.66,16269210431.0,2008.51,,
2010-03-03,3669.8,3711.34,3663.45,3711.34,17572904575.0,2141.46,,
2010-03-04,3714.86,3723.59,3595.95,3603.66,19279969573.0,2348.83,,
2010-03-05,3605.94,3632.96,3585.09,3614.57,13366554912.0,1593.7,,
2010-03-08,3623.88,3654.22,3621.72,3647.57,11915655021.0,1443.33,,
2010-03-09,3645.94,3674.53,3620.2,3662.14,13632915940.0,1659.54,,
2010-03-10,3667.1,3673.27,3612.24,3627.76,12462911064.0,1520.24,,
2010-03-11,3628.33,3644.99,3590.88,3617.07,11524252770.0,1423.53,,
2010-03-12,3623.96,3623.96,3566.39,3566.39,10375086429.0,1265.21,,
2010-03-15,3562.94,3562.94,3507.33,3520.15,9135899340.0,1117.36,,
2010-03-16,3520.11,3547.04,3505.13,3547.04,8251824480.0,1012.76,,
2010-03-17,3562.93,3630.65,3557.19,3630.65,12548812511.0,1565.3,,
2010-03-18,3636.14,3652.45,3621.74,3630.38,13289906329.0,1645.55,,
2010-03-19,3633.01,3659.69,3617.88,3658.56,12923225616.0,1598.15,,
2010-03-22,3662.85,3676.36,3653.25,3673.78,13754829641.0,1692.17,,
2010-03-23,3675.76,3678.89,3642.44,3646.58,13292694365.0,1654.51,,
2010-03-24,3652.16,3667.17,3647.58,3653.16,13225549311.0,1639.66,,
2010-03-25,3646.08,3646.08,3599.61,3601.7,13313041330.0,1634.35,,
2010-03-26,3597.35,3660.12,3595.57,3652.18,12704477788.0,1574.48,,
2010-03-29,3670.77,3720.89,3670.77,3720.89,17168608316.0,2166.42,,
2010-03-30,3722.19,3736.99,3716.82,3733.56,14103123389.0,1841.22,,
2010-03-31,3734.89,3734.89,3715.72,3722.86,14246549515.0,1833.79,,
2010-04-01,3726.16,3776.17,3726.16,3776.17,17929713379.0,2305.38,,
2010-04-02,3783.19,3795.09,3776.55,3791.72,17390693841.0,2255.39,,
2010-04-06,3805.8,3814.4,3771.43,3793.43,16555923070.0,2172.81,,
2010-04-07,3791.1,3795.75,3766.12,3783.85,14595394605.0,1917.72,,
2010-04-08,3777.74,3781.96,3750.37,3755.69,16236630379.0,2166.33,,
2010-04-09,3757.31,3799.51,3755.67,3799.51,15320963384.0,2068.57,,
2010-04-12,3808.73,3811.58,3766.22,3792.27,20194029138.0,2703.03,,
2010-04-13,3791.77,3820.79,3732.52,3801.3,20993813621.0,2850.27,,
2010-04-14,3800.81,3827.27,3793.38,3827.27,15958161813.0,2172.92,,
2010-04-15,3829.1,3833.51,3781.86,3804.06,15923787539.0,2136.65,,
2010-04-16,3795.26,3798.71,3757.76,3773.16,12273385128.0,1619.33,,
2010-04-19,3729.93,3729.93,3586.6,3586.87,18926499941.0,2411.8,,
2010-04-20,3584.15,3602.04,3545.78,3602.04,15412780798.0,1989.87,,
2010-04-21,3606.54,3687.75,3606.54,3687.75,17606313218.0,2343.92,,
2010-04-22,3674.26,3696.32,3634.94,3666.34,18312950594.0,2445.36,,
2010-04-23,3682.13,3688.8,3628.83,3646.31,15947098872.0,2197.02,,
2010-04-26,3650.98,3662.38,3627.75,3633.64,13508713920.0,1848.83,,
2010-04-27,3622.96,3622.96,3502.0,3552.64,15730385826.0,2014.92,,
2010-04-28,3498.33,3559.32,3498.33,3536.49,12125076980.0,1597.39,,
2010-04-29,3562.6,3563.09,3468.15,3468.15,13218187306.0,1739.21,,
2010-04-30,3462.01,3462.01,3382.33,3435.98,13001735893.0,1625.82,,
2010-05-04,3368.51,3437.58,3368.51,3400.09,9562677910.0,1188.8,,
2010-05-05,3374.8,3449.61,3349.97,3449.61,13151178288.0,1665.53,,
2010-05-06,3418.65,3427.25,3311.19,3311.33,13447196235.0,1736.37,,
2010-05-07,3238.62,3306.75,3224.89,3248.09,13143036981.0,1631.22,,
2010-05-10,3250.35,3275.42,3173.75,3240.75,11748316892.0,1447.56,,
2010-05-11,3303.91,3303.91,3158.86,3165.43,12594052195.0,1514.94,,
2010-05-12,3140.49,3186.72,3096.1,3149.0,11564008428.0,1327.93,,
2010-05-13,3148.85,3228.7,3128.07,3228.7,11828206796.0,1344.55,,
2010-05-14,3205.53,3243.69,3192.66,3222.39,10455460127.0,1241.0,,
2010-05-17,3178.77,3178.77,3038.31,3038.31,11652124591.0,1292.36,,
2010-05-18,3029.52,3100.67,2992.48,3091.45,11950712581.0,1282.83,,
2010-05-19,3068.25,3130.02,3044.53,3085.79,10416832950.0,1181.62,,
2010-05-20,3060.06,3118.09,3037.67,3038.31,9805529635.0,1115.85,,
2010-05-21,2957.25,3090.11,2957.25,3090.11,12198968236.0,1337.43,,
2010-05-24,3112.28,3221.08,3112.28,3215.12,16520420532.0,1890.9,,
2010-05-25,3191.93,3203.74,3143.31,3165.85,13587848930.0,1550.18,,
2010-05-26,3162.18,3185.89,3145.96,3169.71,9978232277.0,1149.56,,
2010-05-27,3162.41,3228.2,3126.37,3223.43,12846025915.0,1475.95,,
2010-05-28,3251.12,3252.37,3207.15,3221.74,12875471785.0,1519.04,,
2010-05-31,3205.76,3229.12,3130.95,3130.95,11720265713.0,1365.43,,
2010-06-01,3105.94,3122.56,3043.66,3087.96,11074331025.0,1244.13,,
2010-06-02,3071.91,3114.22,3040.76,3114.22,9470860622.0,1064.7,,
2010-06-03,3126.76,3151.19,3091.48,3091.48,10411332193.0,1198.44,,
2010-06-04,3073.0,3107.23,3069.07,3106.37,8531784016.0,967.47,,
2010-06-07,3045.55,3079.91,3036.19,3067.17,9781732010.0,1123.75,,
2010-06-08,3064.13,3093.4,3054.76,3081.74,9572399793.0,1121.36,,
2010-06-09,3094.26,3169.27,3077.73,3169.27,14150128865.0,1586.09,,
2010-06-10,3144.93,3173.29,3139.74,3148.91,12309890543.0,1336.78,,
2010-06-11,3164.28,3177.63,3146.11,3148.4,10499228389.0,1188.76,,
2010-06-17,3168.67,3168.67,3123.84,3123.84,8446735253.0,984.9,,
2010-06-18,3117.85,3124.55,3029.24,3042.93,10350338439.0,1170.23,,
2010-06-21,3041.28,3133.85,3025.38,3133.85,11600812845.0,1243.8,,
2010-06-22,3126.87,3155.27,3126.87,3145.72,10026159366.0,1075.38,,
2010-06-23,3129.35,3152.03,3093.31,3122.84,9285684507.0,1014.88,,
2010-06-24,3118.38,3146.37,3107.97,3122.77,7579349380.0,827.58,,
2010-06-25,3108.74,3116.12,3072.31,3088.87,7771263979.0,841.5,,
2010-06-28,3086.0,3098.09,3048.29,3055.48,6649064844.0,723.01,,
2010-06-29,3055.54,3055.54,2903.19,2903.19,10889135552.0,1107.16,,
2010-06-30,2878.7,2878.7,2839.9,2862.78,8151134966.0,800.23,,
2010-07-01,2857.06,2869.69,2820.99,2821.48,7488851839.0,770.16,,
2010-07-02,2817.37,2822.38,2725.53,2819.72,10167921709.0,1014.41,,
2010-07-05,2787.68,2809.67,2761.27,2798.44,7290457166.0,724.35,,
2010-07-06,2790.69,2863.21,2790.69,2863.21,9270357597.0,933.34,,
2010-07-07,2863.56,2890.86,2850.32,2890.86,8789606445.0,908.65,,
2010-07-08,2901.24,2909.95,2869.09,2882.32,8460705822.0,876.44,,
2010-07-09,2884.33,2975.9,2866.73,2963.6,13053403295.0,1366.63,,
2010-07-12,2964.25,3007.63,2964.25,2996.35,12877983956.0,1367.76,,
2010-07-13,2968.99,2968.99,2928.2,2951.07,10540091471.0,1110.25,,
2010-07-14,2956.91,3001.25,2956.91,2974.54,11053364641.0,1169.76,,
2010-07-15,2970.07,2999.61,2916.7,2916.7,9893960956.0,1020.36,,
2010-07-16,2902.58,2928.33,2874.2,2928.33,8512575688.0,872.18,,
2010-07-19,2900.83,3007.01,2900.83,2999.13,11557156984.0,1250.72,,
2010-07-20,3003.09,3072.46,3003.09,3072.46,16615326229.0,1796.12,,
2010-07-21,3075.04,3096.04,3067.42,3078.94,16182394983.0,1720.87,,
2010-07-22,3069.17,3119.91,3069.17,3119.91,14384830660.0,1517.76,,
2010-07-23,3125.1,3136.33,3102.43,3128.35,14479206959.0,1583.4,,
2010-07-26,3134.02,3157.16,3116.66,3157.16,13377559247.0,1473.85,,
2010-07-27,3149.79,3161.94,3139.31,3146.78,12757431473.0,1430.21,,
2010-07-28,3144.99,3220.09,3133.58,3220.09,18309701037.0,1971.75,,
2010-07-29,3224.64,3244.22,3213.51,3238.27,19643081012.0,2081.21,,
2010-07-30,3230.79,3236.22,3201.54,3231.48,14233824274.0,1581.51,,
2010-08-02,3231.59,3289.32,3231.59,3289.32,16703082602.0,1849.79,,
2010-08-03,3297.22,3302.83,3233.47,3233.47,18580710113.0,2087.68,,
2010-08-04,3223.45,3255.49,3183.73,3255.49,16505451971.0,1834.2,,
2010-08-05,3254.07,3268.3,3222.82,3244.38,16838739290.0,1896.43,,
2010-08-06,3240.51,3301.8,3218.03,3301.8,18276382919.0,2075.87,,
2010-08-09,3299.9,3333.61,3298.6,3333.61,17819903506.0,2107.64,,
2010-08-10,3334.92,3334.92,3226.1,3226.13,18432297527.0,2135.97,,
2010-08-11,3214.4,3263.28,3214.4,3253.15,12711122910.0,1490.49,,
2010-08-12,3220.1,3264.2,3213.62,3214.21,13891219070.0,1635.59,,
2010-08-13,3215.42,3265.49,3201.87,3265.49,12908297885.0,1525.62,,
2010-08-16,3262.31,3343.3,3262.31,3340.92,17996767597.0,2128.06,,
2010-08-17,3347.78,3372.04,3343.83,3366.39,17872453729.0,2120.83,,
2010-08-18,3369.83,3379.83,3343.66,3362.68,16881184597.0,2042.5,,
2010-08-19,3364.74,3399.03,3350.71,3376.85,17790175129.0,2185.77,,
2010-08-20,3362.86,3368.76,3308.81,3308.99,16983276093.0,2040.08,,
2010-08-23,3306.49,3334.1,3306.49,3318.44,13361486522.0,1615.33,,
2010-08-24,3312.5,3362.04,3294.4,3345.49,15607904931.0,1796.01,,
2010-08-25,3325.31,3337.78,3271.81,3271.81,15747098494.0,1795.52,,
2010-08-26,3281.22,3300.29,3266.0,3285.2,12428876284.0,1441.91,,
2010-08-27,3281.7,3300.6,3269.57,3299.99,10709374399.0,1309.99,,
2010-08-30,3317.06,3375.87,3317.06,3374.5,16233439415.0,2038.33,,
2010-08-31,3364.18,3384.53,3355.95,3378.09,17196147393.0,2208.13,,
2010-09-01,3382.71,3401.18,3322.46,3347.77,19225463806.0,2398.14,,
2010-09-02,3380.36,3406.72,3368.84,3401.52,18842555786.0,2384.63,,
2010-09-03,3407.29,3416.79,3378.66,3411.98,19440513799.0,2479.5,,
2010-09-06,3428.64,3452.05,3415.04,3446.5,21105557587.0,2618.14,,
2010-09-07,3448.56,3460.92,3427.3,3460.92,16926650094.0,2037.95,,
2010-09-08,3446.27,3471.51,3439.39,3471.41,17158627906.0,2185.35,,
2010-09-09,3478.46,3478.46,3411.6,3415.42,20243370907.0,2596.08,,
2010-09-10,3415.52,3436.08,3372.66,3434.13,17106525083.0,2222.83,,
2010-09-13,3432.55,3489.37,3432.55,3479.45,17537773053.0,2330.72,,
2010-09-14,3488.06,3496.64,3472.96,3486.03,18073855031.0,2338.0,,
2010-09-15,3485.46,3485.46,3416.72,3426.31,17832508910.0,2241.59,,
2010-09-16,3420.65,3428.65,3324.62,3353.93,17022975577.0,2104.3,,
2010-09-17,3360.2,3374.46,3339.04,3355.77,12466019170.0,1576.07,,
2010-09-20,3359.43,3364.14,3311.37,3331.84,11814052118.0,1439.16,,
2010-09-21,3340.31,3347.99,3316.95,3333.74,8771687315.0,1105.97,,
2010-09-27,3348.31,3402.62,3345.29,3402.62,11298371517.0,1442.96,,
2010-09-28,3398.8,3402.69,3376.05,3380.64,13216338188.0,1764.49,,
2010-09-29,3376.33,3395.62,3357.16,3358.65,12516372361.0,1636.74,,
2010-09-30,3340.42,3420.96,3340.42,3420.96,12247256254.0,1596.68,,
2010-10-08,3451.98,3540.18,3451.98,3528.45,18699924626.0,2517.0,,
2010-10-11,3550.95,3617.58,3550.95,3595.39,28330170612.0,3825.34,,
2010-10-12,3582.96,3629.27,3582.96,3629.27,24127741541.0,3285.38,,
2010-10-13,3632.08,3667.78,3616.47,3667.78,26876510978.0,3599.82,,
2010-10-14,3688.9,3699.72,3628.17,3628.32,29664883106.0,3942.33,,
2010-10-15,3606.98,3700.67,3606.98,3700.67,29797471548.0,4013.96,,
2010-10-18,3713.76,3732.87,3652.15,3667.07,34060580231.0,4334.29,,
2010-10-19,3662.51,3758.12,3649.87,3758.12,23122648108.0,2999.9,,
2010-10-20,3681.04,3812.2,3681.04,3778.9,28656275897.0,3995.54,,
2010-10-21,3787.28,3800.48,3743.41,3774.81,22922795819.0,3195.76,,
2010-10-22,3769.4,3811.91,3757.16,3791.9,22537757269.0,3142.14,,
2010-10-25,3802.47,3899.03,3796.21,3899.03,27934469677.0,3962.33,,
2010-10-26,3909.56,3913.56,3868.59,3900.68,28746923684.0,4090.99,,
2010-10-27,3889.92,3928.04,3844.4,3844.4,25905729813.0,3660.69,,
2010-10-28,3829.91,3858.04,3816.97,3842.25,20658140545.0,2910.39,,
2010-10-29,3845.3,3863.34,3808.7,3846.18,21356920378.0,3086.13,,
2010-11-01,3858.6,3953.59,3858.6,3953.59,26910179707.0,3974.74,,
2010-11-02,3964.73,3995.07,3940.1,3940.28,32190973264.0,4798.68,,
2010-11-03,3937.2,3948.69,3889.06,3889.06,25351401450.0,3668.52,,
2010-11-04,3894.5,3966.45,3890.65,3966.45,24388246835.0,3475.33,,
2010-11-05,4020.39,4021.83,3997.68,4018.23,28757706495.0,4120.44,,
2010-11-08,4034.38,4071.82,4019.59,4071.82,28848695563.0,4005.24,,
2010-11-09,4072.24,4072.24,4039.09,4064.7,27717126028.0,3908.24,,
2010-11-10,4049.97,4057.94,4020.9,4054.48,26687724860.0,3948.49,,
2010-11-11,4041.95,4118.08,4041.95,4048.11,30277326228.0,4516.21,,
2010-11-12,4021.91,4030.08,3797.95,3797.95,33298219237.0,4688.99,,
2010-11-15,3804.2,3856.26,3762.13,3856.26,21513957485.0,3057.91,,
2010-11-16,3855.12,3855.12,3683.37,3704.69,23829713938.0,3421.84,,
2010-11-17,3651.22,3683.45,3592.55,3600.78,17577773083.0,2491.58,,
2010-11-18,3631.27,3657.56,3588.17,3652.74,13909655150.0,1992.02,,
2010-11-19,3673.89,3718.2,3611.61,3718.2,17789077504.0,2542.11,,
2010-11-22,3688.17,3763.15,3688.17,3736.31,19338012703.0,2802.03,,
2010-11-23,3720.07,3720.07,3614.45,3668.45,17372040387.0,2470.96,,
2010-11-24,3644.81,3759.74,3644.81,3759.74,17315283456.0,2548.68,,
2010-11-25,3780.8,3811.82,3761.45,3805.28,19443494206.0,2783.73,,
2010-11-26,3796.46,3805.52,3744.04,3778.27,16017981677.0,2333.06,,
2010-11-29,3767.07,3790.45,3744.93,3780.91,14858367031.0,2216.5,,
2010-11-30,3776.38,3792.71,3615.63,3701.82,19979075175.0,2829.93,,
2010-12-01,3689.06,3715.04,3678.38,3702.45,12056528013.0,1722.54,,
2010-12-02,3753.78,3759.77,3722.27,3722.5,14728804268.0,2147.65,,
2010-12-03,3726.58,3731.12,3684.13,3713.28,12144412781.0,1730.3,,
2010-12-06,3721.48,3726.64,3671.76,3696.29,12057573150.0,1733.04,,
2010-12-07,3682.75,3748.42,3635.28,3741.37,12137190330.0,1772.93,,
2010-12-08,3735.68,3764.02,3713.08,3718.65,12247378760.0,1816.15,,
2010-12-09,3700.62,3707.42,3654.54,3654.54,13174470228.0,1761.07,,
2010-12-10,3636.42,3704.68,3636.42,3701.41,11144728594.0,1588.44,,
2010-12-13,3718.35,3812.64,3718.35,3812.64,17677750668.0,2535.62,,
2010-12-14,3823.71,3839.0,3816.74,3837.36,17470526218.0,2495.9,,
2010-12-15,3837.82,3855.29,3818.42,3818.62,15876528041.0,2354.54,,
2010-12-16,3814.05,3831.3,3795.66,3804.38,12834735532.0,1833.43,,
2010-12-17,3801.57,3808.02,3785.35,3802.81,10402370149.0,1522.32,,
2010-12-20,3816.61,3820.78,3676.93,3750.68,15951692587.0,2350.71,,
2010-12-21,3755.2,3816.78,3734.06,3816.78,15410027794.0,2219.89,,
2010-12-22,3820.29,3826.4,3777.06,3780.46,14465164112.0,2071.57,,
2010-12-23,3773.52,3781.83,3725.91,3731.45,12541734719.0,1781.12,,
2010-12-24,3711.71,3720.53,3665.79,3688.43,11253537703.0,1536.79,,
2010-12-27,3711.71,3743.2,3596.05,3602.29,13356187725.0,1902.24,,
2010-12-28,3583.46,3583.46,3524.58,3531.3,11072151926.0,1498.0,,
2010-12-29,3534.87,3567.78,3525.84,3567.78,8687459659.0,1208.79,,
2010-12-30,3568.12,3586.72,3541.93,3575.24,9869935894.0,1376.47,,
2010-12-31,3580.05,3652.17,3580.05,3652.17,11199695680.0,1708.78,,
2011-01-04,3677.99,3715.53,3663.89,3715.53,16069350060.0,2404.41,,
2011-01-05,3695.93,3722.18,3694.44,3709.43,15055505527.0,2244.6,,
2011-01-06,3710.29,3728.81,3685.17,3691.12,12509960163.0,1886.31,,
2011-01-07,3685.65,3727.1,3667.95,3687.25,15398864689.0,2103.15,,
2011-01-10,3682.01,3696.59,3605.54,3605.54,12814650942.0,1773.44,,
2011-01-11,3591.7,3607.07,3566.89,3607.07,11189822165.0,1497.15,,
2011-01-12,3616.1,3637.11,3585.34,3628.09,11105321330.0,1403.16,,
2011-01-13,3640.72,3640.72,3613.75,3626.51,10177768043.0,1340.35,,
2011-01-14,3615.67,3615.67,3557.78,3562.68,10815326620.0,1448.79,,
2011-01-17,3536.64,3536.64,3420.94,3421.59,12711978258.0,1648.33,,
2011-01-18,3410.01,3435.16,3393.22,3429.72,8224806260.0,1054.52,,
2011-01-19,3430.61,3509.18,3426.56,3509.18,10759246575.0,1405.17,,
2011-01-20,3501.82,3501.82,3391.44,3391.51,11879926431.0,1519.31,,
2011-01-21,3379.9,3466.03,3379.9,3427.49,12839413328.0,1568.79,,
2011-01-24,3429.31,3441.7,3373.03,3375.65,11747142380.0,1461.18,,
2011-01-25,3369.26,3369.47,3322.19,3343.79,9266586080.0,1140.8,,
2011-01-26,3343.72,3396.35,3343.72,3394.8,8323919942.0,1034.98,,
2011-01-27,3370.26,3457.69,3357.93,3450.21,13857847865.0,1692.95,,
2011-01-28,3444.22,3476.45,3442.93,3471.97,11478018312.0,1467.0,,
2011-01-31,3470.08,3518.07,3467.31,3518.07,12213208256.0,1573.45,,
2011-02-01,3523.21,3528.63,3506.41,3522.85,9813147975.0,1330.02,,
2011-02-09,3498.25,3533.14,3492.89,3492.89,11630069563.0,1542.43,,
2011-02-10,3486.82,3574.73,3483.61,3574.73,13608410251.0,1800.59,,
2011-02-11,3572.4,3610.9,3572.4,3601.83,15347671678.0,2034.3,,
2011-02-14,3605.19,3700.82,3605.19,3693.83,21390845543.0,2814.69,,
2011-02-15,3698.0,3733.46,3691.7,3693.8,20953093762.0,2849.76,,
2011-02-16,3686.73,3740.3,3686.37,3740.3,17978532823.0,2517.24,,
2011-02-17,3748.32,3759.19,3712.6,3748.31,18898555544.0,2719.12,,
2011-02-18,3741.06,3745.73,3701.34,3712.3,16260439004.0,2302.05,,
2011-02-21,3689.86,3773.7,3689.86,3773.7,17388723664.0,2415.54,,
2011-02-22,3782.55,3782.67,3669.5,3669.54,21952404171.0,3088.29,,
2011-02-23,3656.44,3701.46,3656.44,3696.7,15944803087.0,2227.55,,
2011-02-24,3691.71,3719.31,3688.87,3719.31,15999246400.0,2222.09,,
2011-02-25,3717.12,3733.03,3684.86,3725.68,14648549126.0,2045.99,,
2011-02-28,3729.22,3774.15,3706.57,3774.15,17302867769.0,2412.65,,
2011-03-01,3776.69,3809.71,3772.32,3792.09,19652369344.0,2734.96,,
2011-03-02,3773.19,3792.39,3737.99,3780.56,18214889655.0,2517.32,,
2011-03-03,3783.35,3801.42,3738.29,3738.29,20077591602.0,2656.53,,
2011-03-04,3738.36,3789.42,3731.44,3789.42,16195857773.0,2158.42,,
2011-03-07,3805.74,3852.05,3805.74,3852.05,22784399929.0,3195.16,,
2011-03-08,3851.92,3862.66,3837.82,3862.66,18440141242.0,2644.27,,
2011-03-09,3867.55,3876.73,3854.31,3868.73,17920444866.0,2565.81,,
2011-03-10,3860.84,3860.84,3818.47,3818.76,17880200665.0,2625.85,,
2011-03-11,3799.78,3841.22,3794.12,3794.69,16959234653.0,2468.51,,
2011-03-14,3784.05,3820.5,3779.88,3820.5,16915420471.0,2457.49,,
2011-03-15,3809.07,3809.07,3706.52,3762.91,21739899636.0,2972.96,,
2011-03-16,3761.13,3814.91,3761.13,3813.22,18565441365.0,2609.01,,
2011-03-17,3778.04,3796.05,3738.55,3749.13,19391215170.0,2654.75,,
2011-03-18,3778.64,3785.7,3762.02,3770.43,14457652975.0,2023.33,,
2011-03-21,3771.53,3783.36,3739.2,3754.42,14057333010.0,1968.6,,
2011-03-22,3763.51,3767.56,3716.04,3765.03,13314902922.0,1869.34,,
2011-03-23,3763.56,3813.22,3763.56,3813.22,16050558780.0,2182.06,,
2011-03-24,3817.1,3822.74,3803.23,3808.21,15958169975.0,2209.7,,
2011-03-25,3810.0,3855.46,3810.0,3848.79,19857363533.0,2717.87,,
2011-03-28,3860.54,3873.71,3838.49,3841.94,22722901502.0,3139.69,,
2011-03-29,3836.51,3847.31,3793.0,3793.73,23945526422.0,3067.64,,
2011-03-30,3789.75,3804.25,3760.74,3779.12,18096276695.0,2363.31,,
2011-03-31,3779.11,3785.98,3731.89,3737.72,15574936480.0,2037.31,,
2011-04-01,3739.86,3790.17,3735.67,3790.17,13964666903.0,1863.67,,
2011-04-06,3782.34,3816.81,3780.4,3814.88,19412917912.0,2599.15,,
2011-04-07,3815.7,3833.13,3804.76,3833.13,17337684053.0,2291.43,,
2011-04-08,3830.35,3870.62,3828.86,3870.62,16380678880.0,2272.41,,
2011-04-11,3879.45,3886.72,3845.43,3846.02,21237208702.0,2823.64,,
2011-04-12,3836.6,3862.95,3827.32,3841.72,20579923350.0,2510.84,,
2011-04-13,3826.47,3887.91,3814.71,3887.91,17971297866.0,2235.75,,
2011-04-14,3889.01,3893.28,3868.13,3873.12,18567909135.0,2306.39,,
2011-04-15,3864.89,3886.22,3840.46,3878.76,18236642491.0,2275.17,,
2011-04-18,3865.84,3888.84,3864.64,3886.02,19980012862.0,2503.07,,
2011-04-19,3861.24,3861.24,3816.24,3826.11,20999265008.0,2614.52,,
2011-04-20,3828.38,3847.64,3818.88,3837.61,17544384936.0,2271.02,,
2011-04-21,3852.73,3869.13,3846.44,3863.05,17788316471.0,2347.47,,
2011-04-22,3862.03,3863.87,3836.53,3842.82,17046536628.0,2139.59,,
2011-04-25,3833.96,3833.96,3775.01,3775.01,17167316438.0,2217.43,,
2011-04-26,3763.09,3775.09,3720.33,3734.64,13706288625.0,1738.66,,
2011-04-27,3743.51,3757.47,3685.13,3702.52,14686671601.0,1763.04,,
2011-04-28,3713.95,3716.22,3620.36,3620.67,14678665630.0,1753.96,,
2011-04-29,3617.87,3665.82,3606.89,3665.82,11687925144.0,1380.54,,
2011-05-03,3665.96,3704.25,3641.46,3704.25,12774665588.0,1520.05,,
2011-05-04,3686.14,3686.14,3611.73,3617.76,14841547103.0,1825.74,,
2011-05-05,3601.56,3630.41,3599.7,3621.68,12147943523.0,1447.26,,
2011-05-06,3588.47,3642.25,3580.02,3627.42,12814997777.0,1584.85,,
2011-05-09,3632.5,3660.33,3632.5,3645.97,11547833986.0,1440.58,,
2011-05-10,3650.7,3672.02,3635.34,3672.02,11415016172.0,1458.9,,
2011-05-11,3671.57,3687.23,3646.79,3669.31,13009089483.0,1612.24,,
2011-05-12,3644.5,3665.9,3618.25,3618.25,14099060917.0,1718.4,,
2011-05-13,3618.9,3647.63,3599.28,3647.63,12847893591.0,1559.17,,
2011-05-16,3641.71,3658.13,3625.47,3627.76,12477952066.0,1492.7,,
2011-05-17,3622.53,3652.47,3593.59,3629.4,13968675455.0,1713.68,,
2011-05-18,3620.26,3659.03,3616.38,3655.52,11247002702.0,1359.77,,
2011-05-19,3663.16,3671.44,3634.73,3635.84,11662670263.0,1416.78,,
2011-05-20,3633.7,3642.93,3619.26,3631.62,10278511038.0,1265.71,,
2011-05-23,3624.35,3624.35,3508.69,3508.69,14178859037.0,1659.23,,
2011-05-24,3494.68,3510.26,3466.39,3510.26,11150603633.0,1366.51,,
2011-05-25,3504.5,3516.95,3468.15,3469.13,11070831796.0,1313.99,,
2011-05-26,3488.33,3498.88,3447.58,3447.89,11338742081.0,1364.58,,
2011-05-27,3445.96,3447.53,3391.81,3392.38,11748676083.0,1350.91,,
2011-05-30,3379.71,3402.86,3355.15,3362.27,9349560329.0,1076.96,,
2011-05-31,3365.16,3423.78,3354.76,3423.78,9813788677.0,1161.17,,
2011-06-01,3418.31,3440.74,3412.73,3440.54,10025552396.0,1188.36,,
2011-06-02,3400.77,3413.06,3354.34,3388.54,11944425709.0,1365.11,,
2011-06-03,3384.5,3437.25,3384.5,3432.73,9808392890.0,1187.72,,
2011-06-07,3426.41,3458.15,3426.41,3458.15,9476426337.0,1180.48,,
2011-06-08,3456.52,3468.08,3415.36,3468.08,11079204660.0,1321.06,,
2011-06-09,3459.06,3459.33,3397.6,3397.6,11755555967.0,1376.25,,
2011-06-10,3390.01,3407.1,3362.64,3407.1,10366187654.0,1214.42,,
2011-06-13,3383.6,3403.75,3360.09,3397.93,8923656663.0,1063.22,,
2011-06-14,3395.27,3453.6,3395.27,3448.5,12069772599.0,1420.76,,
2011-06-15,3439.68,3458.16,3415.57,3415.57,10852210903.0,1283.16,,
2011-06-16,3387.94,3389.95,3353.32,3353.32,10149823544.0,1147.24,,
2011-06-17,3349.76,3367.4,3315.45,3315.64,9149956461.0,1087.53,,
2011-06-20,3309.67,3312.14,3270.7,3285.56,8486289567.0,978.66,,
2011-06-21,3292.84,3326.55,3285.73,3326.55,9355542414.0,1089.07,,
2011-06-22,3330.5,3338.69,3310.51,3323.38,8603271486.0,993.8,,
2011-06-23,3312.67,3382.41,3299.36,3381.0,10857660918.0,1282.55,,
2011-06-24,3369.66,3476.86,3369.66,3460.73,17918473890.0,2158.22,,
2011-06-27,3462.26,3497.95,3462.26,3485.79,15005419043.0,1824.21,,
2011-06-28,3488.61,3497.93,3461.77,3492.89,12676894204.0,1584.94,,11.67
2011-06-29,3490.1,3497.07,3446.54,3446.54,12673986850.0,1513.82,,
2011-06-30,3446.86,3504.44,3446.86,3496.74,13288457940.0,1596.61,,
2011-07-01,3505.62,3527.94,3496.49,3507.99,14032128837.0,1728.46,,
2011-07-04,3522.1,3591.0,3522.1,3591.0,18506285249.0,2324.36,,
2011-07-05,3593.14,3603.4,3580.67,3602.28,17002629184.0,2129.39,,
2011-07-06,3595.1,3602.45,3568.07,3601.9,15770855116.0,1996.58,,
2011-07-07,3606.26,3634.73,3593.51,3593.65,17782657989.0,2310.75,,
2011-07-08,3593.89,3606.39,3580.47,3596.06,13094637925.0,1671.54,,
2011-07-11,3584.99,3617.11,3577.56,3612.67,13159633596.0,1689.89,,
2011-07-12,3577.58,3586.25,3551.92,3552.08,15024735402.0,1888.12,,
2011-07-13,3553.29,3614.9,3553.29,3614.84,14207730071.0,1835.52,,
2011-07-14,3621.17,3636.06,3604.42,3635.62,16225912545.0,2145.33,,
2011-07-15,3625.33,3655.58,3618.58,3655.58,16988840235.0,2218.57,,11.68
2011-07-18,3658.85,3668.33,3640.81,3652.59,16545613825.0,2153.45,,11.63
2011-07-19,3636.08,3636.08,3606.9,3616.54,14233421060.0,1838.91,,12.85
2011-07-20,3635.34,3644.05,3587.96,3616.39,12796924474.0,1643.27,,12.88
2011-07-21,3615.53,3620.01,3573.29,3573.99,12513603958.0,1607.15,,12.79
2011-07-22,3580.82,3602.59,3574.67,3586.67,10907747618.0,1418.75,,20.39
2011-07-25,3570.48,3570.48,3447.37,3458.39,16245380567.0,1965.3,,19.74
2011-07-26,3453.59,3472.0,3440.58,3471.91,10725330401.0,1290.02,,19.84
2011-07-27,3457.58,3514.39,3444.33,3511.53,11982460080.0,1503.81,,20.03
2011-07-28,3481.12,3494.75,3459.62,3491.17,11714817460.0,1486.26,,19.95
2011-07-29,3490.23,3502.83,3450.25,3470.45,11095238960.0,1360.34,,19.87
2011-08-01,3466.26,3493.14,3455.16,3481.1,8929026445.0,1116.38,,19.87
2011-08-02,3463.56,3463.56,3409.94,3457.89,10547328700.0,1304.33,1882.0,19.87
2011-08-03,3426.67,3476.43,3420.98,3462.98,10060691200.0,1295.02,1882.0,19.79
2011-08-04,3469.79,3494.59,3462.34,3473.52,9395642500.0,1202.74,1882.0,19.79
2011-08-05,3374.55,3423.34,3357.11,3400.43,11845663400.0,1463.56,1882.0,19.44
2011-08-08,3358.38,3379.72,3201.07,3257.11,16112387500.0,1899.15,1882.0,18.68
2011-08-09,3166.64,3273.86,3123.15,3256.3,15244555300.0,1757.76,1882.0,18.68
2011-08-10,3308.8,3334.33,3290.03,3294.26,14195422000.0,1706.54,1882.0,18.88
2011-08-11,3234.28,3348.46,3231.05,3348.18,14194828900.0,1705.53,1882.0,19.15
2011-08-12,3366.34,3388.4,3361.43,3370.21,14504890900.0,1693.52,1882.0,19.26
2011-08-15,3378.01,3419.9,3370.05,3419.9,13953848300.0,1585.13,1882.0,19.51
2011-08-16,3423.58,3433.89,3385.31,3395.64,12750372200.0,1508.95,1882.0,19.37
2011-08-17,3389.34,3407.65,3376.54,3384.14,10615476700.0,1229.71,1882.0,19.32
2011-08-18,3383.38,3386.13,3321.95,3323.58,10645816800.0,1251.45,1882.0,18.99
2011-08-19,3263.71,3293.25,3258.51,3292.86,10283691700.0,1198.05,1882.0,18.82
2011-08-22,3293.28,3319.69,3252.95,3263.78,8854046500.0,1071.4,1882.0,18.67
2011-08-23,3274.34,3316.45,3263.81,3316.38,8964928200.0,1054.36,1881.0,18.96
2011-08-24,3331.53,3346.73,3302.34,3307.9,9996809800.0,1223.56,1881.0,18.9
2011-08-25,3314.87,3397.27,3309.36,3397.27,14691651800.0,1641.04,1881.0,19.41
2011-08-26,3383.27,3407.09,3374.49,3400.35,11371371100.0,1351.79,1881.0,19.42
2011-08-29,3377.47,3377.47,3350.65,3356.71,10936541100.0,1310.89,1881.0,19.18
2011-08-30,3377.48,3404.7,3334.05,3336.01,11097773100.0,1302.52,1881.0,19.09
2011-08-31,3336.62,3349.1,3302.95,3331.98,8777135300.0,1040.63,1881.0,19.07
2011-09-01,3336.38,3355.39,3302.59,3313.78,8184382500.0,953.97,1881.0,18.98
2011-09-02,3307.08,3315.11,3259.73,3276.96,7649415700.0,871.51,1881.0,18.77
2011-09-05,3249.61,3249.61,3202.65,3203.01,7847901600.0,896.54,1881.0,18.38
2011-09-06,3182.41,3204.31,3165.3,3179.7,6920272300.0,796.45,1881.0,18.28
2011-09-07,3194.13,3249.36,3189.09,3249.36,8703726500.0,1004.49,1881.0,18.65
2011-09-08,3259.94,3260.43,3219.75,3219.83,7925957800.0,937.86,1881.0,18.51
2011-09-09,3227.91,3257.14,3194.88,3208.34,7022000500.0,819.41,1881.0,18.48
2011-09-13,3165.2,3173.0,3142.47,3165.22,6907260600.0,795.64,1881.0,18.26
2011-09-14,3174.31,3189.81,3120.97,3189.48,7515724800.0,850.28,1881.0,18.37
2011-09-15,3191.41,3215.31,3185.79,3188.57,7899386900.0,878.65,1881.0,18.35
2011-09-16,3202.56,3216.43,3188.03,3192.08,7047295800.0,797.24,1881.0,18.37
2011-09-19,3176.89,3176.89,3128.65,3129.02,7042309500.0,758.66,1881.0,18.03
2011-09-20,3122.69,3156.1,3109.7,3143.22,6682438800.0,748.81,1881.0,18.1
2011-09-21,3144.04,3241.66,3131.42,3236.14,12426673500.0,1383.93,1881.0,18.6
2011-09-22,3208.58,3219.64,3139.07,3139.47,10829951100.0,1187.29,1881.0,18.08
2011-09-23,3089.2,3129.34,3075.69,3117.81,9562758300.0,1056.41,1881.0,17.98
2011-09-26,3096.71,3130.33,3048.82,3057.86,8489074300.0,919.99,1881.0,17.69
2011-09-27,3081.32,3094.38,3052.29,3080.89,8010486600.0,881.82,1881.0,17.82
2011-09-28,3097.83,3104.09,3030.7,3039.79,8078711300.0,884.23,1881.0,17.63
2011-09-29,3021.2,3022.44,2979.47,2981.47,8702794900.0,901.02,1881.0,17.38
2011-09-30,2987.43,3001.1,2955.9,2972.77,6897921000.0,708.98,1881.0,
2011-10-10,2980.45,2989.34,2943.52,2950.19,5967725500.0,611.82,1881.0,17.24
2011-10-11,3021.65,3036.51,2914.31,2943.77,9054624100.0,965.68,1881.0,17.24
2011-10-12,2929.72,3051.17,2909.39,3049.38,12944710300.0,1298.74,1881.0,17.79
2011-10-13,3042.17,3087.72,3034.07,3079.31,12894334900.0,1311.8,1881.0,17.96
2011-10-14,3071.53,3080.77,3039.94,3067.6,8984188800.0,940.87,1881.0,17.9
2011-10-17,3073.49,3101.34,3064.11,3080.96,8729122500.0,964.62,1881.0,17.98
2011-10-18,3060.25,3063.02,2989.02,2992.03,9591469600.0,1021.92,1881.0,17.54
2011-10-19,2998.21,3014.29,2974.36,2979.86,7646479600.0,820.69,1881.0,17.48
2011-10-20,2964.47,2964.47,2878.55,2901.72,9047486100.0,927.75,1881.0,17.09
2011-10-21,2900.42,2913.11,2868.38,2871.39,6880790800.0,702.68,1881.0,16.94
2011-10-24,2877.94,2938.29,2846.0,2938.16,9772341100.0,971.61,1881.0,17.31
2011-10-25,2934.43,3011.32,2922.84,3003.89,12964672400.0,1333.91,1881.0,17.65
2011-10-26,2987.82,3063.09,2983.68,3033.2,15552581700.0,1585.92,1881.0,17.79
2011-10-27,3038.97,3060.83,3026.45,3038.43,12028970300.0,1223.41,1881.0,17.84
2011-10-28,3076.42,3108.15,3068.4,3100.59,15987796000.0,1655.33,1881.0,18.15
2011-10-31,3096.79,3109.23,3078.95,3100.44,12821884800.0,1398.93,1881.0,18.14
2011-11-01,3074.06,3126.69,3067.52,3102.53,13160457300.0,1418.99,1881.0,18.14
2011-11-02,3056.82,3156.17,3047.44,3155.78,15748429000.0,1704.01,1881.0,18.41
2011-11-03,3167.06,3206.0,3163.82,3164.57,20868233600.0,2334.65,1881.0,18.47
2011-11-04,3187.36,3201.64,3166.06,3187.58,15400731100.0,1679.28,1881.0,18.62
2011-11-07,3176.46,3199.63,3159.81,3164.37,11712915800.0,1292.58,1881.0,18.49
2011-11-08,3170.2,3180.7,3137.36,3142.49,11731681500.0,1258.02,1881.0,18.41
2011-11-09,3152.3,3180.28,3120.27,3180.28,11980035200.0,1338.85,1881.0,18.6
2011-11-10,3145.43,3159.96,3126.98,3127.82,13073362500.0,1471.95,1881.0,18.31
2011-11-11,3132.15,3146.53,3112.06,3124.66,10381300900.0,1154.56,1881.0,18.31
2011-11-14,3148.97,3193.56,3148.97,3193.56,12825058900.0,1472.24,1881.0,18.69
2011-11-15,3191.02,3201.97,3181.93,3199.47,12300159700.0,1409.74,1881.0,18.7
2011-11-16,3200.33,3200.45,3103.23,3115.88,14426933900.0,1566.77,1881.0,18.23
2011-11-17,3116.23,3141.01,3103.7,3109.42,10148565300.0,1131.23,1881.0,18.21
2011-11-18,3089.15,3089.15,3027.88,3033.94,10980868500.0,1190.62,1881.0,17.82
2011-11-21,3033.24,3038.93,3006.66,3037.41,7564713800.0,835.88,1881.0,17.82
2011-11-22,3014.99,3036.59,2997.8,3035.62,7717132500.0,846.37,1881.0,17.8
2011-11-23,3039.52,3046.46,3006.84,3013.38,7537582300.0,835.77,1881.0,17.69
2011-11-24,2990.48,3032.37,2975.96,3014.87,8097003600.0,876.32,1881.0,17.71
2011-11-25,3011.01,3028.52,2985.61,2993.84,7080242600.0,800.19,1881.0,14.26
2011-11-28,3000.39,3012.46,2980.51,2997.06,7022523100.0,803.48,1881.0,14.28
2011-11-29,3020.8,3041.75,3006.43,3041.41,8473853700.0,981.9,1881.0,14.47
2011-11-30,3034.02,3034.02,2905.63,2929.29,11177954400.0,1176.1,1881.0,13.98
2011-12-01,3012.22,3046.8,2988.34,2995.85,14177676600.0,1516.21,1881.0,14.3
2011-12-02,2981.09,2983.01,2935.78,2951.96,8701981900.0,925.97,1881.0,14.12
2011-12-05,2950.95,2950.95,2883.15,2887.6,7773129000.0,812.86,1881.0,13.9
2011-12-06,2879.33,2893.65,2857.92,2884.76,6625065500.0,684.2,1881.0,13.87
2011-12-07,2884.3,2905.21,2874.66,2896.42,5996799500.0,632.85,1881.0,13.92
2011-12-08,2891.77,2920.22,2852.13,2894.19,7372001300.0,783.61,1881.0,13.91
2011-12-09,2873.18,2896.35,2860.08,2868.24,6018637100.0,648.33,1881.0,13.81
2011-12-12,2864.01,2870.26,2834.05,2836.17,5594368100.0,576.95,1881.0,13.66
2011-12-13,2823.22,2823.72,2752.73,2757.9,8352901000.0,807.44,1881.0,13.37
2011-12-14,2749.52,2770.77,2715.04,2720.68,6314433400.0,620.49,1881.0,13.24
2011-12-15,2703.75,2703.75,2653.26,2654.35,8341980400.0,778.32,1881.0,12.96
2011-12-16,2652.77,2718.62,2645.7,2718.43,8227110500.0,787.55,1881.0,13.24
2011-12-19,2698.99,2719.5,2647.1,2717.11,8491610000.0,819.26,1881.0,13.22
2011-12-20,2708.39,2747.47,2704.09,2708.55,8004497500.0,779.72,1881.0,13.2
2011-12-21,2728.92,2738.73,2654.83,2656.21,7464397600.0,750.59,1881.0,13.02
2011-12-22,2638.16,2662.43,2576.78,2641.15,8911222200.0,817.0,1881.0,12.97
2011-12-23,2634.44,2686.6,2626.27,2662.01,7877154900.0,738.61,1881.0,13.08
2011-12-26,2651.46,2678.1,2638.63,2639.32,6579054200.0,616.76,1881.0,12.98
2011-12-27,2633.84,2639.01,2586.25,2589.55,6776449800.0,639.46,1881.0,12.8
2011-12-28,2576.15,2586.25,2531.98,2584.89,7413023000.0,672.82,1881.0,12.8
2011-12-29,2572.66,2601.37,2567.36,2587.59,6683389100.0,605.3,1881.0,12.82
2011-12-30,2594.05,2630.16,2594.05,2629.35,7622774400.0,709.35,1881.0,13.0
2012-01-04,2646.83,2653.25,2571.95,2571.95,7580506700.0,726.42,2057.0,
2012-01-05,2560.07,2570.84,2510.13,2513.7,8972870700.0,812.37,2057.0,
2012-01-06,2507.86,2527.25,2475.44,2527.25,7704523600.0,690.42,2057.0,
2012-01-09,2527.41,2619.87,2504.42,2619.64,11422284300.0,1047.02,2057.0,
2012-01-10,2617.54,2715.43,2612.56,2713.53,16947196200.0,1548.29,2057.0,
2012-01-11,2710.66,2722.65,2689.88,2707.8,13642443900.0,1296.9,2057.0,
2012-01-12,2697.49,2738.79,2692.35,2706.03,11452887600.0,1113.29,2057.0,
2012-01-13,2706.77,2712.64,2618.52,2638.11,11210965500.0,1103.82,2057.0,
2012-01-16,2616.32,2631.45,2570.85,2570.85,7373823700.0,746.1,2057.0,
2012-01-17,2570.44,2701.59,2552.65,2701.59,13196886700.0,1270.4,2057.0,
2012-01-18,2706.01,2727.99,2641.6,2650.58,13308086700.0,1335.32,2057.0,
2012-01-19,2648.82,2704.24,2635.48,2690.35,10806095800.0,1065.92,2057.0,
2012-01-20,2697.0,2734.47,2685.97,2728.34,10380915300.0,1046.84,2057.0,
2012-01-30,2734.57,2734.79,2694.0,2694.4,8634520100.0,860.98,2057.0,
2012-01-31,2693.11,2703.6,2674.89,2697.42,7176419000.0,713.87,2057.0,
2012-02-01,2691.44,2717.95,2660.3,2667.52,7911239900.0,802.25,2057.0,
2012-02-02,2674.57,2725.67,2668.96,2725.67,9387797000.0,943.33,2057.0,
2012-02-03,2719.64,2764.25,2713.01,2757.06,12237933900.0,1197.55,2057.0,
2012-02-06,2761.89,2777.79,2747.69,2766.55,11839251200.0,1173.27,2057.0,
2012-02-07,2751.89,2751.89,2699.88,2717.7,10190876400.0,987.23,2057.0,
2012-02-08,2714.83,2793.2,2708.35,2792.75,13247161000.0,1346.85,2057.0,
2012-02-09,2789.99,2823.01,2780.82,2802.28,15758574100.0,1554.96,2057.0,
2012-02-10,2795.62,2834.0,2794.39,2811.14,14797405000.0,1397.79,2057.0,
2012-02-13,2783.27,2841.19,2772.42,2822.69,13968949600.0,1388.74,2057.0,
2012-02-14,2819.78,2825.23,2798.48,2817.06,11891471200.0,1176.98,2057.0,
2012-02-15,2811.33,2861.41,2804.2,2853.77,15732047900.0,1527.61,2057.0,
2012-02-16,2848.85,2869.03,2822.27,2845.04,15388203000.0,1483.7,2057.0,
2012-02-17,2856.73,2864.9,2821.06,2841.68,11589701300.0,1149.21,2057.0,
2012-02-20,2878.52,2883.18,2846.27,2847.06,14557271900.0,1449.85,2057.0,
2012-02-21,2848.07,2875.74,2820.35,2875.49,13215235200.0,1346.17,2057.0,
2012-02-22,2876.47,2922.35,2874.23,2922.19,19251106400.0,1963.3,2057.0,
2012-02-23,2920.59,2939.06,2908.38,2931.25,17720245100.0,1838.55,2057.0,
2012-02-24,2931.22,2974.6,2925.07,2974.6,20553426800.0,2041.95,2057.0,
2012-02-27,2984.26,3025.4,2982.53,2982.53,24401400700.0,2469.45,2057.0,
2012-02-28,2974.36,2988.74,2949.11,2977.76,18813201000.0,1890.95,2056.0,
2012-02-29,2969.84,2981.92,2941.04,2943.45,14704218000.0,1551.83,2056.0,
2012-03-01,2931.07,2966.61,2930.07,2950.12,11816870100.0,1256.69,2055.0,
2012-03-02,2954.52,3004.72,2954.52,3004.72,16179950300.0,1654.49,2055.0,
2012-03-05,3013.14,3023.26,2993.49,2996.01,17684292500.0,1862.4,2055.0,
2012-03-06,2987.57,2987.65,2944.14,2957.48,16334342300.0,1732.06,2055.0,
2012-03-07,2928.39,2970.44,2924.69,2938.74,15103547100.0,1599.48,2055.0,
2012-03-08,2947.71,2988.3,2947.71,2978.29,15050545200.0,1590.55,2055.0,14.64
2012-03-09,2986.73,3015.74,2974.98,3015.74,15374943300.0,1711.99,2055.0,14.81
2012-03-12,3016.67,3024.56,2994.98,3017.15,16383919700.0,1858.06,2055.0,14.8
2012-03-13,3015.83,3047.2,3009.18,3047.04,16312586500.0,1796.27,2055.0,14.93
2012-03-14,3060.04,3074.56,2924.83,2939.65,27581761400.0,2954.38,2055.0,14.49
2012-03-15,2934.95,2954.37,2891.39,2912.91,18460219800.0,1932.95,2055.0,14.38
2012-03-16,2918.1,2969.11,2907.21,2969.03,15874953600.0,1755.91,2055.0,14.49
2012-03-19,2965.21,2990.64,2946.54,2990.1,15687584400.0,1767.02,2055.0,14.53
2012-03-20,2981.89,2981.89,2932.29,2932.54,15039394500.0,1614.64,2054.0,14.23
2012-03-21,2944.19,2961.75,2905.87,2938.38,14663639200.0,1630.11,2054.0,14.24
2012-03-22,2936.14,2950.37,2916.23,2931.92,12165618500.0,1304.15,2054.0,14.22
2012-03-23,2921.63,2923.76,2876.67,2887.5,11672297000.0,1250.21,2054.0,14.04
2012-03-26,2883.51,2896.62,2867.97,2886.87,8801626600.0,958.09,2054.0,
2012-03-27,2897.48,2908.05,2874.85,2877.95,9627386500.0,1120.99,2054.0,
2012-03-28,2867.48,2867.48,2771.34,2776.02,13081965800.0,1351.91,2054.0,
2012-03-29,2761.52,2773.4,2713.11,2733.41,11393995600.0,1133.86,2054.0,
2012-03-30,2735.23,2750.67,2716.45,2737.2,9436635200.0,934.2,2054.0,
2012-04-05,2734.04,2813.89,2727.27,2811.07,11959493800.0,1220.85,2054.0,13.74
2012-04-06,2808.54,2832.04,2802.05,2824.33,11075671000.0,1151.09,2054.0,13.98
2012-04-09,2815.16,2825.92,2793.97,2794.77,9522122800.0,963.09,2054.0,13.86
2012-04-10,2786.25,2823.93,2744.51,2823.86,10931125300.0,1089.34,2054.0,13.97
2012-04-11,2794.44,2846.63,2785.58,2829.66,11884653300.0,1132.91,2054.0,14.32
2012-04-12,2832.07,2886.76,2826.7,2886.76,15399797800.0,1480.62,2054.0,14.27
2012-04-13,2892.89,2918.27,2887.58,2903.38,16054636500.0,1607.59,2054.0,14.32
2012-04-16,2883.93,2915.19,2878.03,2902.52,13871495000.0,1287.48,2054.0,14.29
2012-04-17,2899.88,2910.53,2864.14,2864.53,13730042600.0,1259.57,2054.0,14.17
2012-04-18,2871.85,2930.99,2867.79,2929.29,16424975500.0,1563.49,2054.0,14.45
2012-04-19,2927.52,2938.27,2911.22,2924.67,14080038100.0,1455.92,2054.0,14.43
2012-04-20,2918.93,2955.95,2915.09,2954.36,16604262900.0,1601.06,2054.0,14.57
2012-04-23,2951.43,2956.01,2912.21,2922.33,17744015600.0,1735.2,2054.0,14.46
2012-04-24,2903.92,2948.0,2847.2,2911.87,19541282600.0,1841.3,2054.0,
2012-04-25,2904.06,2949.47,2898.27,2943.04,19480800900.0,1763.85,2054.0,
2012-04-26,2948.42,2957.28,2925.49,2940.1,17628571700.0,1671.96,2054.0,14.54
2012-04-27,2936.48,2943.54,2924.22,2926.84,13498117900.0,1304.58,2054.0,14.49
2012-05-02,2962.32,2994.24,2940.72,2979.69,18218237900.0,1877.25,2054.0,14.77
2012-05-03,2974.39,2992.1,2969.83,2990.6,15092097100.0,1604.61,2054.0,14.85
2012-05-04,2988.37,3016.0,2976.32,3015.88,15595145100.0,1652.46,2054.0,14.93
2012-05-07,2999.44,3026.91,2996.45,3026.91,16248159600.0,1786.09,2054.0,14.96
2012-05-08,3026.11,3028.95,2995.02,3021.79,15663746400.0,1694.04,2054.0,14.93
2012-05-09,2998.45,2998.45,2965.78,2967.8,14959351300.0,1609.85,2054.0,14.68
2012-05-10,2966.24,2982.89,2962.11,2972.47,12299415300.0,1319.09,2054.0,14.69
2012-05-11,2968.27,2984.76,2952.24,2952.36,11832692900.0,1286.8,2054.0,14.58
2012-05-14,2972.67,2976.67,2934.61,2936.58,13768217400.0,1451.06,2054.0,14.5
2012-05-15,2915.43,2934.91,2901.74,2934.81,12419676800.0,1283.19,2054.0,14.48
2012-05-16,2927.41,2932.12,2892.67,2893.03,11781795800.0,1197.22,2054.0,14.47
2012-05-17,2894.01,2940.45,2886.16,2936.01,12902548300.0,1282.49,2054.0,14.49
2012-05-18,2916.79,2927.52,2882.95,2890.43,13191687300.0,1263.03,2054.0,14.28
2012-05-21,2887.47,2915.47,2870.08,2896.94,11230127100.0,1130.87,2054.0,14.31
2012-05-22,2907.68,2940.53,2907.68,2940.53,11650586100.0,1214.19,2054.0,14.45
2012-05-23,2934.44,2948.68,2907.05,2931.78,12980355800.0,1383.56,2054.0,14.36
2012-05-24,2925.96,2943.21,2900.59,2908.34,12373333200.0,1297.51,2054.0,14.36
2012-05-25,2907.69,2914.27,2871.0,2879.71,11667769700.0,1138.4,2054.0,14.23
2012-05-28,2868.64,2922.61,2839.13,2922.59,14690445900.0,1417.18,2054.0,14.4
2012-05-29,2922.33,2970.49,2919.77,2965.03,17633666600.0,1815.82,2054.0,14.58
2012-05-30,2960.53,2972.9,2954.63,2962.26,14170301000.0,1446.33,2054.0,14.58
2012-05-31,2943.43,2972.81,2937.23,2957.27,12770555600.0,1331.06,2054.0,14.53
2012-06-01,2957.74,2976.26,2943.56,2955.83,12177356800.0,1307.36,2054.0,14.52
2012-06-04,2913.79,2926.68,2867.4,2867.4,13700353800.0,1423.6,2054.0,14.12
2012-06-05,2872.09,2884.22,2855.19,2866.42,10115304200.0,1049.35,2054.0,
2012-06-06,2871.25,2883.22,2849.29,2861.28,9154545100.0,965.42,2054.0,
2012-06-07,2885.97,2892.96,2839.18,2845.28,9586223000.0,997.67,2054.0,
2012-06-08,2866.16,2866.85,2823.65,2828.7,10542701000.0,1061.23,2054.0,13.91
2012-06-11,2832.23,2876.3,2825.29,2871.92,10360587000.0,1062.57,2054.0,14.15
2012-06-12,2857.18,2868.92,2843.38,2854.21,9762739500.0,972.86,2054.0,14.05
2012-06-13,2860.33,2902.81,2855.06,2902.56,11945917900.0,1227.2,2054.0,14.24
2012-06-14,2895.65,2910.9,2879.96,2882.04,11232641900.0,1183.45,2054.0,14.11
2012-06-15,2886.48,2903.15,2853.88,2887.46,10935899200.0,1153.29,2054.0,14.17
2012-06-18,2897.04,2917.95,2895.81,2908.23,10027527700.0,1072.88,2054.0,14.24
2012-06-19,2904.37,2905.81,2882.99,2886.11,10253310900.0,1075.14,2054.0,14.1
2012-06-20,2890.9,2898.64,2873.33,2877.22,9146773400.0,940.09,2054.0,14.1
2012-06-21,2871.2,2871.2,2822.5,2835.27,9744719000.0,990.18,2054.0,13.9
2012-06-25,2823.65,2823.65,2768.56,2769.36,9907637800.0,982.49,2054.0,13.66
2012-06-26,2753.9,2776.42,2734.92,2766.75,8887694500.0,867.14,2054.0,13.64
2012-06-27,2764.01,2787.79,2756.65,2758.89,8626806600.0,862.6,2054.0,13.62
2012-06-28,2763.7,2772.42,2729.34,2729.54,8999255500.0,915.29,2054.0,13.49
2012-06-29,2719.9,2768.5,2715.28,2767.83,9696415500.0,968.77,2054.0,13.68
2012-07-02,2781.76,2794.69,2766.35,2783.99,10502926300.0,1154.71,2151.0,13.93
2012-07-03,2782.97,2811.78,2775.96,2789.57,10915434400.0,1188.91,2151.0,13.97
2012-07-04,2794.17,2800.5,2772.07,2781.86,9763816700.0,1044.09,2151.0,13.97
2012-07-05,2768.58,2768.58,2723.04,2733.35,9787846100.0,990.45,2151.0,13.75
2012-07-06,2741.47,2785.96,2718.99,2783.1,12222613700.0,1314.19,2151.0,13.94
2012-07-09,2765.16,2778.86,2717.17,2717.87,12248523500.0,1316.3,2151.0,13.62
2012-07-10,2710.31,2722.14,2694.0,2699.77,9502220100.0,989.68,2151.0,13.56
2012-07-11,2694.28,2722.67,2692.33,2722.6,9221506600.0,974.34,2151.0,13.65
2012-07-12,2717.02,2763.73,2700.72,2753.28,13138543200.0,1442.58,2151.0,13.75
2012-07-13,2743.17,2768.58,2737.96,2747.58,9866623800.0,1075.17,2151.0,13.74
2012-07-16,2747.45,2747.46,2669.66,2669.99,11633026200.0,1208.7,2151.0,13.43
2012-07-17,2659.89,2691.82,2657.51,2687.48,9052669300.0,955.52,2151.0,13.5
2012-07-18,2684.03,2695.82,2644.66,2695.35,10753697200.0,1074.56,2151.0,13.55
2012-07-19,2688.09,2735.55,2681.64,2715.88,12808480600.0,1223.6,2151.0,13.64
2012-07-20,2707.71,2720.33,2685.81,2692.55,10529886000.0,995.74,2151.0,13.65
2012-07-23,2673.77,2673.77,2646.22,2660.15,9107340900.0,878.71,2151.0,13.37
2012-07-24,2645.64,2691.93,2645.02,2675.53,8847047800.0,854.49,2151.0,13.43
2012-07-25,2667.24,2680.5,2652.76,2656.74,8265275600.0,793.13,2151.0,
2012-07-26,2655.57,2673.93,2636.13,2638.34,8717093400.0,834.32,2151.0,13.28
2012-07-27,2645.45,2652.29,2623.16,2632.71,8278647300.0,830.1,2151.0,13.27
2012-07-30,2632.6,2648.21,2595.3,2600.72,8372427400.0,768.42,2151.0,13.14
2012-07-31,2598.9,2604.1,2574.05,2580.4,8302074300.0,760.03,2151.0,13.09
2012-08-01,2578.22,2629.35,2578.0,2615.48,8106486100.0,770.02,2151.0,13.24
2012-08-02,2611.04,2620.05,2582.04,2593.6,8103373600.0,750.05,2151.0,13.15
2012-08-03,2598.94,2628.8,2590.65,2628.53,8489964800.0,814.77,2151.0,13.32
2012-08-06,2622.73,2677.66,2619.91,2675.8,11479855700.0,1116.98,2151.0,13.5
2012-08-07,2674.0,2689.59,2671.46,2689.0,12096574400.0,1137.08,2151.0,13.54
2012-08-08,2689.11,2701.71,2674.07,2686.01,11382749400.0,1089.13,2151.0,13.54
2012-08-09,2683.66,2716.69,2671.9,2716.33,12005554000.0,1190.36,2151.0,13.66
2012-08-10,2713.93,2718.18,2698.67,2706.73,11358390500.0,1098.81,2151.0,13.63
2012-08-13,2700.62,2700.62,2650.2,2651.26,11671300700.0,1109.68,2151.0,13.4
2012-08-14,2650.11,2664.73,2615.04,2664.73,11330769100.0,1093.07,2151.0,13.45
2012-08-15,2657.9,2657.9,2634.8,2636.57,9222602500.0,851.03,2151.0,13.32
2012-08-16,2631.23,2640.0,2616.74,2620.77,7836834300.0,741.96,2151.0,13.26
2012-08-17,2618.49,2624.2,2593.53,2617.06,7347273600.0,715.93,2151.0,13.25
2012-08-20,2599.81,2618.1,2583.91,2612.8,7783495500.0,722.53,2151.0,13.23
2012-08-21,2612.39,2648.09,2607.78,2637.7,10374323700.0,995.77,2151.0,13.33
2012-08-22,2638.9,2640.6,2606.56,2617.65,9849779100.0,940.04,2151.0,13.25
2012-08-23,2618.19,2634.78,2605.41,2629.53,9773606200.0,953.45,2151.0,13.28
2012-08-24,2621.81,2624.65,2589.42,2589.8,9826254900.0,925.04,2151.0,13.12
2012-08-27,2580.1,2580.1,2533.08,2533.08,9724701400.0,888.05,2151.0,12.9
2012-08-28,2530.32,2561.05,2525.1,2546.6,8748884000.0,780.52,2151.0,12.96
2012-08-29,2539.9,2554.87,2525.59,2525.71,8488234700.0,774.48,2151.0,12.87
2012-08-30,2516.68,2531.49,2474.4,2504.94,10229566800.0,936.53,2151.0,12.81
2012-08-31,2498.58,2515.83,2495.91,2504.76,7329168800.0,643.18,2151.0,12.48
2012-09-03,2500.54,2545.46,2497.18,2539.72,9618550252.0,869.62,2151.0,
2012-09-04,2542.37,2546.03,2509.61,2514.3,9211654700.0,852.78,2151.0,12.5
2012-09-05,2509.11,2527.75,2498.81,2518.5,9147313800.0,803.31,2151.0,12.5
2012-09-06,2523.03,2542.93,2520.53,2542.35,9174851300.0,801.45,2151.0,12.6
2012-09-07,2560.07,2669.53,2560.07,2644.54,22061631900.0,1953.63,2151.0,13.07
2012-09-10,2648.41,2669.54,2640.31,2661.06,17371243100.0,1612.61,2151.0,13.13
2012-09-11,2650.69,2650.69,2628.0,2647.72,13470271000.0,1240.8,2151.0,13.06
2012-09-12,2660.14,2672.17,2634.88,2661.14,13872571900.0,1270.5,2151.0,13.1
2012-09-13,2658.32,2667.16,2630.4,2630.4,13014405500.0,1187.35,2151.0,12.98
2012-09-14,2654.92,2664.21,2622.67,2642.75,14641022800.0,1327.56,2151.0,13.05
2012-09-17,2639.24,2641.13,2572.35,2572.49,12325885800.0,1098.56,2151.0,12.75
2012-09-18,2562.01,2572.28,2543.78,2553.31,8704640900.0,788.49,2151.0,12.64
2012-09-19,2555.44,2572.51,2549.74,2570.37,8646713500.0,795.18,2151.0,12.7
2012-09-20,2562.55,2562.55,2501.85,2503.59,11066711600.0,973.82,2151.0,12.41
2012-09-21,2496.85,2522.11,2488.98,2497.76,9672747600.0,851.08,2151.0,12.39
2012-09-24,2482.93,2525.85,2467.67,2515.74,9047287900.0,795.89,2151.0,12.45
2012-09-25,2509.58,2525.51,2496.61,2504.28,7771589800.0,695.65,2151.0,12.42
2012-09-26,2501.38,2509.68,2457.56,2461.83,7855323100.0,674.9,2151.0,12.23
2012-09-27,2460.99,2542.66,2460.82,2528.33,11590430300.0,1007.12,2151.0,12.55
2012-09-28,2513.53,2576.39,2510.65,2574.14,12022379300.0,1083.92,2151.0,12.75
2012-10-08,2573.54,2587.42,2543.29,2556.07,8279159000.0,751.67,2151.0,12.68
2012-10-09,2564.45,2617.15,2564.45,2617.14,12760661300.0,1137.85,2151.0,12.95
2012-10-10,2611.47,2631.77,2604.02,2631.23,12767326700.0,1085.58,2151.0,13.0
2012-10-11,2623.62,2629.09,2599.38,2600.44,12167712900.0,1043.54,2151.0,12.87
2012-10-12,2607.92,2630.61,2578.07,2599.43,10687233200.0,901.73,2151.0,12.87
2012-10-15,2599.4,2600.2,2565.54,2586.19,8971487600.0,797.31,2151.0,12.82
2012-10-16,2583.84,2611.01,2577.66,2592.09,9269061200.0,856.49,2151.0,12.84
2012-10-17,2599.36,2606.66,2572.4,2596.88,9378774400.0,815.53,2151.0,12.87
2012-10-18,2601.28,2643.35,2600.85,2638.11,13836155400.0,1148.14,2151.0,13.05
2012-10-19,2636.88,2644.83,2627.89,2632.66,10708980200.0,909.9,2151.0,13.03
2012-10-22,2619.38,2648.28,2613.92,2643.57,9811917900.0,858.0,2151.0,13.07
2012-10-23,2642.87,2646.57,2609.28,2612.12,11315381000.0,957.89,2151.0,12.93
2012-10-24,2600.62,2621.5,2599.31,2607.51,11080025100.0,843.97,2151.0,12.91
2012-10-25,2606.93,2624.73,2583.54,2585.73,12534623600.0,922.63,2151.0,12.82
2012-10-26,2584.1,2586.32,2521.64,2535.05,11333990500.0,896.56,2151.0,12.6
2012-10-29,2528.65,2537.58,2515.21,2525.49,7844242200.0,641.23,2151.0,12.56
2012-10-30,2525.24,2549.19,2521.89,2529.28,8903615200.0,714.41,2151.0,12.58
2012-10-31,2529.63,2542.54,2520.39,2542.54,9033066300.0,723.28,2151.0,12.51
2012-11-01,2543.84,2596.15,2543.67,2589.82,12937486900.0,1065.04,2151.0,12.73
2012-11-02,2590.23,2603.83,2576.74,2601.47,11774323900.0,936.01,2151.0,12.79
2012-11-05,2597.09,2610.97,2582.49,2593.9,10989950500.0,899.62,2151.0,12.76
2012-11-06,2593.36,2594.75,2544.84,2579.63,11126695200.0,914.22,2151.0,12.7
2012-11-07,2576.35,2588.5,2563.43,2575.57,9186443400.0,788.81,2151.0,12.69
2012-11-08,2555.74,2560.12,2521.68,2521.68,10431391100.0,840.47,2151.0,12.47
2012-11-09,2516.78,2529.88,2507.72,2515.23,8298005500.0,661.08,2151.0,12.45
2012-11-12,2516.86,2531.18,2508.51,2529.77,8884630700.0,723.42,2151.0,12.5
2012-11-13,2529.14,2529.14,2478.9,2482.91,9558330700.0,756.49,2151.0,12.3
2012-11-14,2482.31,2493.72,2469.67,2491.71,7673902200.0,622.76,2151.0,12.34
2012-11-15,2479.37,2489.95,2453.82,2454.24,8003134300.0,634.17,2151.0,12.19
2012-11-16,2449.63,2450.69,2421.36,2437.33,7751316100.0,626.12,2151.0,12.1
2012-11-19,2435.26,2440.09,2408.67,2439.7,7051306600.0,609.19,2151.0,12.11
2012-11-20,2445.01,2450.58,2429.16,2430.18,6895265500.0,581.83,2151.0,12.07
2012-11-21,2429.53,2460.38,2408.05,2460.38,8601690000.0,693.76,2151.0,12.19
2012-11-22,2447.2,2448.57,2429.71,2436.54,7071791400.0,577.7,2151.0,12.09
2012-11-23,2440.3,2460.69,2436.15,2449.26,7530319400.0,621.08,2151.0,12.15
2012-11-26,2445.04,2447.83,2422.52,2425.89,6715683900.0,551.56,2151.0,12.06
2012-11-27,2418.26,2418.26,2371.87,2372.31,8840636700.0,673.12,2151.0,11.86
2012-11-28,2362.85,2362.85,2332.31,2336.53,7710019700.0,587.07,2151.0,11.73
2012-11-29,2335.8,2351.07,2317.09,2318.07,7457024100.0,564.57,2151.0,11.65
2012-11-30,2316.4,2349.42,2311.79,2346.83,8391421700.0,616.82,2151.0,11.76
2012-12-03,2344.2,2358.97,2302.91,2303.79,9042127000.0,696.61,2151.0,11.6
2012-12-04,2298.03,2333.6,2284.83,2330.01,9357738100.0,715.91,2151.0,11.7
2012-12-05,2325.71,2426.74,2322.8,2414.62,17389992900.0,1345.27,2151.0,12.07
2012-12-06,2412.55,2425.86,2397.9,2411.41,11878636500.0,931.9,2151.0,12.05
2012-12-07,2410.75,2465.31,2404.51,2461.65,17355286400.0,1336.15,2151.0,12.26
2012-12-10,2467.85,2498.77,2462.13,2494.75,17683241800.0,1373.36,2151.0,12.4
2012-12-11,2486.7,2500.37,2476.19,2479.56,14242716700.0,1122.74,2151.0,12.35
2012-12-12,2477.67,2493.4,2462.33,2485.39,11910810900.0,938.75,2151.0,12.38
2012-12-13,2478.68,2486.81,2455.12,2455.78,11184490700.0,867.37,2151.0,12.25
2012-12-14,2456.09,2570.11,2456.09,2569.54,23905894700.0,1879.27,2151.0,12.77
2012-12-17,2573.55,2592.83,2570.12,2583.26,21427956700.0,1783.17,2151.0,12.82
2012-12-18,2577.88,2613.6,2562.84,2581.45,19249007400.0,1620.69,2151.0,12.82
2012-12-19,2576.52,2601.81,2572.28,2587.89,14810526900.0,1280.04,2151.0,12.85
2012-12-20,2579.29,2605.26,2560.25,2600.04,15267526400.0,1320.49,2151.0,12.89
2012-12-21,2601.49,2631.31,2582.36,2591.21,16212712500.0,1446.9,2151.0,12.83
2012-12-24,2586.6,2614.72,2585.1,2604.32,12693878800.0,1182.63,2151.0,12.88
2012-12-25,2597.64,2681.8,2589.83,2672.23,22304806400.0,1921.84,2151.0,13.21
2012-12-26,2670.27,2693.84,2667.94,2693.84,19386804300.0,1670.9,2151.0,13.28
2012-12-27,2699.8,2713.8,2674.76,2675.29,19756785700.0,1702.98,2151.0,13.2
2012-12-28,2676.04,2711.24,2670.78,2710.57,17263426800.0,1512.05,2151.0,13.37
2012-12-31,2716.07,2749.85,2716.07,2749.85,19165177000.0,1730.73,2151.0,13.57
2013-01-04,2775.42,2781.73,2719.25,2745.76,21722743800.0,1972.72,2290.0,13.69
2013-01-07,2740.2,2768.49,2733.93,2766.23,19000889000.0,1723.38,2290.0,13.76
2013-01-08,2765.71,2780.8,2739.21,2773.17,21069761900.0,1985.93,2290.0,13.76
2013-01-09,2766.68,2789.25,2751.26,2775.96,21115895200.0,1965.28,2290.0,13.77
2013-01-10,2774.93,2803.9,2766.75,2786.29,19897063100.0,1788.13,2290.0,13.79
2013-01-11,2788.71,2793.6,2721.97,2729.87,21246631300.0,1926.67,2290.0,13.6
2013-01-14,2721.79,2834.11,2721.45,2829.59,24358857700.0,2319.98,2290.0,14.05
2013-01-15,2832.21,2872.71,2831.01,2862.97,28243578800.0,2673.43,2290.0,14.17
2013-01-16,2858.79,2868.32,2806.75,2849.66,25845739500.0,2433.0,2290.0,14.09
2013-01-17,2843.59,2849.03,2809.3,2820.92,19654704900.0,1864.12,2290.0,13.94
2013-01-18,2833.0,2874.73,2820.25,2867.3,20921471900.0,1944.34,2290.0,14.15
2013-01-21,2876.39,2887.05,2856.78,2886.81,22240587600.0,2069.69,2290.0,14.22
2013-01-22,2885.42,2887.75,2837.15,2857.39,24210381100.0,2249.28,2290.0,14.1
2013-01-23,2847.82,2871.28,2830.28,2866.98,19196968300.0,1758.91,2290.0,14.13
2013-01-24,2865.97,2912.85,2803.92,2824.58,25578506500.0,2371.92,2290.0,13.97
2013-01-25,2821.3,2834.96,2809.88,2815.89,14951888000.0,1431.47,2290.0,13.91
2013-01-28,2819.16,2897.07,2819.16,2896.96,20041430500.0,1982.92,2290.0,14.26
2013-01-29,2900.2,2931.92,2892.68,2923.65,22422892300.0,2204.14,2290.0,14.35
2013-01-30,2925.87,2936.27,2905.87,2935.02,23356610100.0,2167.81,2290.0,14.47
2013-01-31,2935.11,2939.11,2911.11,2926.96,21646217000.0,1999.0,2290.0,14.45
2013-02-01,2918.23,2971.6,2913.42,2971.19,22025535600.0,2137.62,2290.0,14.65
2013-02-04,2980.29,2991.46,2949.71,2965.34,25871209600.0,2538.22,2290.0,14.65
2013-02-05,2946.31,2996.06,2943.74,2992.21,22738109700.0,2100.41,2290.0,14.72
2013-02-06,2992.56,3012.52,2989.85,3002.05,18206588700.0,1795.19,2290.0,14.75
2013-02-07,2998.35,3004.8,2962.5,2996.61,18249784300.0,1826.92,2290.0,14.71
2013-02-08,2993.06,3037.1,2992.27,3021.59,17241383800.0,1740.32,2290.0,14.83
2013-02-18,3034.94,3039.38,2996.22,3008.44,19129285900.0,1885.1,2290.0,14.78
2013-02-19,3005.95,3011.08,2942.48,2954.18,20076649300.0,1904.25,2290.0,14.52
2013-02-20,2952.98,2989.78,2942.97,2989.72,18471194600.0,1815.21,2290.0,14.67
2013-02-21,2965.54,2965.54,2880.79,2906.31,23602046800.0,2303.65,2290.0,14.27
2013-02-22,2902.08,2920.86,2889.15,2894.49,16126911200.0,1636.71,2290.0,14.21
2013-02-25,2901.96,2924.71,2895.13,2913.19,14952173300.0,1495.81,2290.0,14.3
2013-02-26,2897.19,2933.75,2870.2,2872.45,19449289300.0,1960.23,2290.0,14.11
2013-02-27,2879.19,2913.5,2864.48,2890.58,16266416600.0,1626.86,2290.0,14.2
2013-02-28,2904.12,2965.45,2889.19,2965.17,20491750800.0,2050.49,2290.0,14.52
2013-03-01,2963.92,2979.71,2935.61,2978.12,20486466800.0,2101.77,2290.0,14.56
2013-03-04,2935.86,2935.86,2838.68,2857.58,27106411800.0,2612.42,2290.0,14.02
2013-03-05,2857.66,2934.81,2850.75,2934.54,21539881900.0,2117.68,2290.0,14.36
2013-03-06,2944.77,2977.68,2936.67,2972.8,24751699000.0,2410.58,2290.0,14.51
2013-03-07,2964.52,2977.88,2910.11,2938.91,24107209800.0,2377.49,2290.0,14.36
2013-03-08,2940.63,2952.48,2913.89,2918.76,16592019900.0,1644.81,2290.0,14.28
2013-03-11,2912.86,2927.38,2890.42,2909.62,14058422600.0,1350.4,2290.0,14.24
2013-03-12,2907.78,2932.22,2823.55,2854.86,19409507700.0,1835.95,2290.0,14.04
2013-03-13,2849.11,2851.92,2806.03,2826.4,14683684600.0,1372.37,2290.0,13.9
2013-03-14,2817.63,2848.48,2815.06,2835.13,12628800700.0,1217.87,2290.0,13.94
2013-03-15,2834.74,2893.92,2804.92,2840.83,17885624700.0,1739.33,2290.0,14.0
2013-03-18,2828.47,2845.26,2800.17,2802.65,14685005200.0,1441.51,2290.0,13.79
2013-03-19,2804.69,2819.99,2778.93,2819.67,14044683000.0,1343.01,2290.0,13.87
2013-03-20,2820.52,2904.72,2819.84,2904.72,19993364800.0,1902.04,2290.0,14.25
2013-03-21,2905.59,2932.02,2901.66,2921.36,19192704300.0,1867.13,2290.0,14.31
2013-03-22,2918.05,2933.78,2908.58,2927.39,16386627500.0,1543.58,2290.0,14.34
2013-03-25,2934.28,2945.91,2912.49,2923.44,15834886600.0,1532.69,2290.0,14.32
2013-03-26,2912.27,2915.74,2864.65,2890.98,16439705000.0,1594.02,2290.0,14.17
2013-03-27,2890.61,2925.7,2880.55,2899.8,15303695100.0,1508.37,2290.0,14.2
2013-03-28,2860.96,2860.96,2807.97,2810.36,19318521700.0,1808.72,2290.0,13.8
2013-03-29,2812.28,2823.34,2794.8,2807.68,13298487100.0,1273.16,2290.0,13.8
2013-04-01,2801.66,2828.45,2799.68,2814.73,12870661600.0,1243.07,2290.0,13.84
2013-04-02,2816.11,2844.44,2785.81,2793.55,15019807200.0,1460.23,2290.0,13.74
2013-04-03,2798.46,2807.79,2770.04,2780.52,13610186800.0,1276.95,2290.0,13.7
2013-04-08,2740.23,2779.33,2717.77,2778.87,14358572800.0,1381.03,2290.0,13.67
2013-04-09,2781.68,2812.09,2781.68,2800.91,13644017400.0,1327.39,2290.0,13.76
2013-04-10,2799.07,2807.1,2772.33,2794.06,13152705200.0,1305.05,2290.0,13.74
2013-04-11,2806.92,2813.81,2783.55,2785.08,12075005100.0,1129.29,2290.0,13.7
2013-04-12,2782.26,2795.87,2762.96,2765.45,11205010200.0,1054.32,2290.0,13.61
2013-04-15,2756.38,2760.22,2725.95,2733.45,11541842900.0,1048.29,2290.0,13.46
2013-04-16,2711.81,2760.43,2707.53,2759.7,12551417400.0,1160.75,2290.0,13.55
2013-04-17,2758.21,2771.64,2743.23,2770.14,11393719800.0,1130.58,2290.0,13.59
2013-04-18,2752.99,2788.55,2745.35,2777.63,11842912500.0,1186.32,2290.0,13.63
2013-04-19,2781.02,2853.12,2780.97,2845.67,17822072600.0,1741.77,2290.0,13.91
2013-04-22,2834.97,2852.05,2833.43,2851.75,16694974300.0,1639.44,2290.0,13.92
2013-04-23,2852.07,2852.07,2764.37,2766.06,16550760100.0,1609.59,2290.0,13.55
2013-04-24,2768.0,2831.52,2762.57,2820.86,16265220700.0,1618.17,2290.0,13.79
2013-04-25,2812.21,2830.14,2781.4,2783.02,17326854500.0,1740.39,2290.0,13.64
2013-04-26,2787.67,2797.19,2742.48,2747.91,13322516600.0,1297.67,2289.0,13.47
2013-05-02,2735.54,2759.76,2725.96,2756.81,11392261900.0,1138.21,2289.0,13.02
2013-05-03,2764.31,2828.66,2764.31,2807.88,15330851500.0,1533.99,2289.0,13.21
2013-05-06,2816.73,2856.83,2816.73,2850.85,16516264500.0,1677.67,2289.0,13.3
2013-05-07,2845.34,2864.7,2833.07,2856.48,15401344700.0,1585.25,2289.0,13.32
2013-05-08,2865.45,2883.51,2856.49,2876.9,16527270200.0,1678.58,2289.0,13.41
2013-05-09,2875.66,2878.04,2844.57,2869.45,18205061000.0,1911.09,2289.0,13.36
2013-05-10,2862.12,2887.73,2856.72,2885.84,16491103300.0,1704.61,2289.0,13.42
2013-05-13,2887.15,2891.98,2867.18,2885.67,15929144000.0,1620.97,2289.0,13.4
2013-05-14,2880.99,2880.99,2831.34,2847.5,15380502800.0,1563.8,2289.0,13.22
2013-05-15,2847.64,2873.6,2846.23,2873.6,14074370800.0,1479.2,2289.0,13.31
2013-05-16,2868.51,2914.9,2855.95,2913.58,20551435200.0,2152.46,2289.0,13.46
2013-05-17,2910.59,2962.21,2909.05,2956.85,22505256200.0,2218.93,2289.0,13.66
2013-05-20,2962.76,2995.43,2955.49,2987.07,25138116400.0,2634.15,2289.0,13.77
2013-05-21,2984.27,3007.96,2975.32,3007.96,23684207500.0,2444.95,2289.0,13.85
2013-05-22,3005.03,3018.96,2982.22,2996.78,23633594500.0,2411.81,2289.0,13.75
2013-05-23,2983.05,3010.66,2960.0,2965.26,22881912900.0,2229.47,2289.0,13.62
2013-05-24,2970.63,2995.76,2961.27,2994.76,18740363600.0,1913.92,2289.0,13.73
2013-05-27,2993.16,3014.51,2990.93,3009.88,20281088800.0,2122.03,2289.0,13.78
2013-05-28,3010.07,3035.99,2981.55,3035.99,23313382500.0,2357.91,2289.0,13.88
2013-05-29,3039.16,3055.54,3037.21,3044.28,22121139100.0,2213.73,2289.0,13.91
2013-05-30,3034.42,3049.2,3026.95,3042.46,20562594900.0,2088.33,2289.0,13.88
2013-05-31,3045.75,3053.48,3016.04,3017.23,19974054500.0,2067.31,2289.0,13.76
2013-06-03,3015.32,3032.37,2997.07,3004.29,18148580500.0,1904.68,2289.0,13.71
2013-06-04,3001.18,3001.18,2937.24,2953.44,18917387000.0,1872.0,2289.0,13.51
2013-06-05,2951.43,2964.27,2934.47,2956.44,13785163000.0,1419.04,2289.0,13.53
2013-06-06,2946.99,2950.81,2911.62,2913.96,14983224800.0,1509.94,2289.0,13.34
2013-06-07,2913.46,2927.17,2853.58,2865.33,16291241100.0,1618.45,2289.0,13.12
2013-06-13,2828.31,2828.31,2737.18,2777.61,16379953900.0,1534.03,2289.0,12.74
2013-06-14,2782.11,2817.35,2781.42,2813.83,14431165800.0,1465.11,2289.0,12.88
2013-06-17,2820.27,2829.94,2795.28,2810.44,14457263600.0,1536.87,2289.0,12.85
2013-06-18,2816.54,2827.85,2790.73,2823.22,13211803900.0,1359.9,2289.0,12.86
2013-06-19,2810.82,2810.82,2763.37,2805.03,13968580100.0,1396.92,2289.0,12.65
2013-06-20,2788.95,2788.95,2712.87,2713.98,14040701500.0,1388.44,2289.0,12.21
2013-06-21,2668.17,2720.26,2642.69,2704.65,14283211300.0,1355.57,2289.0,12.15
2013-06-24,2696.26,2696.26,2523.47,2537.95,18926267500.0,1690.51,2289.0,11.47
2013-06-25,2510.5,2537.07,2357.43,2530.91,23666232200.0,2015.92,2289.0,11.45
2013-06-26,2533.92,2558.42,2503.26,2558.25,18503037100.0,1725.47,2289.0,11.51
2013-06-27,2563.34,2597.32,2532.08,2534.05,19267239700.0,1788.35,2289.0,11.45
2013-06-28,2519.03,2595.43,2500.84,2557.2,17383610300.0,1525.25,2289.0,11.57
2013-07-01,2545.8,2591.28,2531.45,2590.97,14431849600.0,1376.67,2344.0,12.26
2013-07-02,2590.36,2619.08,2578.04,2617.4,16544474300.0,1679.45,2344.0,12.38
2013-07-03,2606.27,2613.69,2558.6,2607.74,17580236500.0,1732.44,2344.0,12.19
2013-07-04,2590.7,2654.39,2577.37,2626.45,19009505200.0,1833.72,2344.0,12.25
2013-07-05,2630.09,2656.89,2619.42,2620.47,17139182200.0,1639.73,2344.0,12.22
2013-07-08,2582.61,2589.28,2534.36,2535.79,15668428300.0,1440.77,2344.0,11.88
2013-07-09,2531.17,2549.38,2518.68,2543.03,11882096100.0,1127.43,2344.0,11.92
2013-07-10,2543.02,2615.2,2539.06,2615.2,16517254100.0,1532.1,2344.0,12.19
2013-07-11,2620.61,2734.5,2620.61,2710.37,27289936100.0,2461.71,2344.0,12.57
2013-07-12,2704.57,2727.22,2670.45,2671.82,21558816600.0,2081.1,2344.0,12.41
2013-07-15,2683.04,2734.08,2676.61,2719.19,19403101700.0,1959.4,2343.0,12.58
2013-07-16,2716.1,2739.98,2696.23,2739.98,19150785900.0,1906.73,2343.0,12.65
2013-07-17,2733.31,2750.49,2694.41,2700.01,19768241700.0,1947.94,2343.0,12.5
2013-07-18,2690.0,2701.7,2660.53,2675.37,17727423800.0,1725.35,2343.0,12.39
2013-07-19,2676.55,2693.04,2612.95,2613.58,20479427600.0,2014.78,2343.0,12.18
2013-07-22,2593.09,2646.52,2581.67,2645.86,16177016800.0,1606.69,2343.0,12.3
2013-07-23,2654.72,2720.03,2653.34,2716.08,21312189400.0,2121.92,2343.0,12.58
2013-07-24,2705.57,2722.86,2672.48,2715.14,21337184300.0,2200.14,2343.0,12.53
2013-07-25,2718.36,2729.66,2672.89,2681.4,20117041300.0,2047.72,2343.0,12.39
2013-07-26,2670.06,2688.31,2646.11,2672.79,15378650800.0,1544.7,2343.0,12.34
2013-07-29,2655.27,2655.27,2613.66,2619.84,15669824100.0,1526.66,2343.0,12.12
2013-07-30,2624.74,2651.75,2584.15,2623.5,15347479100.0,1505.46,2343.0,12.16
2013-07-31,2641.48,2664.63,2624.27,2632.49,14123664700.0,1382.01,2343.0,12.19
2013-08-01,2642.39,2701.69,2638.68,2701.69,18295841000.0,1803.45,2343.0,12.7
2013-08-02,2717.8,2734.38,2704.22,2707.5,19229241500.0,1918.15,2343.0,12.72
2013-08-05,2708.81,2747.29,2705.85,2747.29,17141075100.0,1705.97,2343.0,12.87
2013-08-06,2741.49,2777.73,2730.01,2770.21,20876973400.0,2035.64,2343.0,12.96
2013-08-07,2767.73,2783.03,2742.39,2747.08,21205588800.0,2066.05,2343.0,12.84
2013-08-08,2741.9,2768.56,2733.54,2749.01,16713093500.0,1657.61,2343.0,12.85
2013-08-09,2758.05,2774.68,2723.41,2757.32,18470342200.0,1831.7,2343.0,12.88
2013-08-12,2766.62,2815.57,2764.64,2815.57,24210880600.0,2327.55,2343.0,13.14
2013-08-13,2815.78,2828.4,2807.63,2828.36,21345681400.0,1949.66,2343.0,13.18
2013-08-14,2830.87,2847.08,2808.36,2819.04,21538542400.0,2031.77,2342.0,13.14
2013-08-15,2816.83,2828.97,2785.12,2786.79,18566912900.0,1819.12,2342.0,13.01
2013-08-16,2774.73,2858.74,2746.18,2747.39,26179133100.0,2391.42,2342.0,12.87
2013-08-19,2728.23,2792.73,2725.62,2789.96,17671485900.0,1695.42,2342.0,13.02
2013-08-20,2785.3,2813.45,2766.53,2778.13,19286637500.0,1867.46,2342.0,12.96
2013-08-21,2782.11,2785.71,2757.37,2784.15,16974388200.0,1633.31,2342.0,12.99
2013-08-22,2778.41,2802.75,2773.56,2785.15,17894283300.0,1749.08,2342.0,12.98
2013-08-23,2795.04,2801.34,2727.22,2773.28,21365198300.0,2127.16,2342.0,12.93
2013-08-26,2778.92,2831.39,2775.42,2831.0,21168251400.0,2063.45,2342.0,13.18
2013-08-27,2828.98,2845.87,2820.7,2845.87,21832374400.0,2089.73,2342.0,13.23
2013-08-28,2828.3,2849.27,2807.92,2825.69,26912317200.0,2532.15,2342.0,13.15
2013-08-29,2832.24,2837.69,2805.02,2819.86,22510639000.0,2032.91,2342.0,13.13
2013-08-30,2818.15,2836.61,2786.91,2799.24,28303443100.0,2501.92,2342.0,13.05
2013-09-02,2804.23,2819.63,2777.85,2812.89,23644538100.0,2110.09,2342.0,12.66
2013-09-03,2815.95,2855.34,2811.24,2855.01,23321021100.0,2104.6,2342.0,12.83
2013-09-04,2854.14,2865.52,2845.23,2855.86,23913863300.0,2167.35,2342.0,12.84
2013-09-05,2854.02,2863.19,2844.05,2855.1,21826371200.0,2086.54,2342.0,12.8
2013-09-06,2850.4,2879.85,2849.45,2876.2,22930425800.0,2171.53,2342.0,12.89
2013-09-09,2888.89,2943.42,2885.74,2939.44,33344083400.0,3037.53,2342.0,13.23
2013-09-10,2944.08,2972.02,2936.05,2971.76,35681261700.0,3184.66,2342.0,13.34
2013-09-11,2978.15,2989.4,2947.49,2961.37,38504065000.0,3367.19,2342.0,13.29
2013-09-12,2955.41,2993.05,2949.04,2979.32,31271177500.0,2722.5,2342.0,13.36
2013-09-13,2975.48,2985.2,2957.64,2972.44,26711117500.0,2406.1,2342.0,13.32
2013-09-16,2981.21,2989.85,2960.5,2972.23,24724525200.0,2371.74,2342.0,13.32
2013-09-17,2973.26,2973.7,2916.54,2917.22,24623500100.0,2328.37,2342.0,13.07
2013-09-18,2914.6,2935.36,2902.39,2933.5,18927752700.0,1877.26,2342.0,13.13
2013-09-23,2942.03,2987.4,2942.03,2987.09,22659398400.0,2313.28,2342.0,13.41
2013-09-24,2985.68,2985.68,2941.84,2972.43,26586195900.0,2670.62,2342.0,13.35
2013-09-25,2969.22,2984.52,2950.83,2956.96,26671675800.0,2660.25,2342.0,13.29
2013-09-26,2949.27,2950.01,2900.81,2902.39,23597672300.0,2354.62,2342.0,13.06
2013-09-27,2899.76,2922.56,2898.58,2913.18,18273415900.0,1893.89,2342.0,13.09
2013-09-30,2924.14,2942.9,2923.73,2942.85,16244600700.0,1746.26,2342.0,13.2
2013-10-08,2942.38,2990.09,2931.07,2987.54,22182089300.0,2324.19,2342.0,13.37
2013-10-09,2978.95,3013.75,2970.01,3013.55,23004823300.0,2391.72,2342.0,13.46
2013-10-10,3017.34,3017.56,2979.02,2987.01,26483511600.0,2721.66,2342.0,13.32
2013-10-11,2999.45,3034.03,2999.45,3033.06,26929614400.0,2726.24,2342.0,13.51
2013-10-14,3037.31,3057.67,3029.17,3051.61,28772783900.0,2936.68,2342.0,13.59
2013-10-15,3054.81,3058.7,3026.03,3048.28,27493481900.0,2792.37,2342.0,13.56
2013-10-16,3039.0,3039.0,2961.8,2976.25,27080727400.0,2695.06,2342.0,13.28
2013-10-17,2988.88,3004.81,2962.26,2969.99,23062850100.0,2304.09,2342.0,13.26
2013-10-18,2970.22,2994.59,2964.26,2986.39,18727567800.0,1891.4,2342.0,13.32
2013-10-21,2993.38,3051.98,2987.75,3051.97,24946604300.0,2563.01,2342.0,13.58
2013-10-22,3051.11,3056.11,3011.86,3019.58,27808937200.0,2872.13,2342.0,13.44
2013-10-23,3021.24,3035.64,2954.0,2965.48,26258270900.0,2563.97,2342.0,13.22
2013-10-24,2957.47,2970.28,2938.39,2944.28,18237522600.0,1806.62,2342.0,13.12
2013-10-25,2944.94,2957.87,2879.92,2897.5,20471861100.0,2040.79,2342.0,12.92
2013-10-28,2898.83,2904.35,2876.04,2893.3,16703018200.0,1646.08,2342.0,12.92
2013-10-29,2893.37,2924.17,2798.75,2860.94,25815575800.0,2390.38,2342.0,12.83
2013-10-30,2856.82,2905.32,2851.97,2905.02,20503641500.0,1885.33,2342.0,13.02
2013-10-31,2896.2,2896.2,2862.77,2865.65,19471113400.0,1801.28,2342.0,12.89
2013-11-01,2859.45,2878.94,2839.14,2866.14,15815379700.0,1522.58,2342.0,12.44
2013-11-04,2873.45,2888.31,2864.92,2871.91,13735002400.0,1352.18,2342.0,12.45
2013-11-05,2860.14,2894.1,2834.81,2893.99,16684888400.0,1603.61,2342.0,12.53
2013-11-06,2882.93,2904.21,2861.86,2862.25,18645507600.0,1815.66,2342.0,12.42
2013-11-07,2855.37,2862.4,2825.23,2835.46,15022929100.0,1455.23,2342.0,12.33
2013-11-08,2822.26,2833.36,2792.03,2795.87,14799168700.0,1409.6,2342.0,12.19
2013-11-11,2792.54,2819.07,2776.96,2808.51,12505158000.0,1222.96,2342.0,12.24
2013-11-12,2810.12,2837.56,2804.97,2836.47,14330899200.0,1410.15,2342.0,12.34
2013-11-13,2824.71,2824.75,2779.02,2779.23,15333505200.0,1455.15,2342.0,12.12
2013-11-14,2777.59,2809.81,2761.37,2809.2,15370375500.0,1542.37,2342.0,12.23
2013-11-15,2810.87,2891.69,2810.87,2865.33,22081514500.0,2250.17,2342.0,12.45
2013-11-18,2883.55,2946.85,2878.47,2946.82,26212298000.0,2637.72,2342.0,12.78
2013-11-19,2947.67,2953.07,2928.91,2941.95,22061186900.0,2259.7,2342.0,12.76
2013-11-20,2953.4,2962.57,2933.5,2962.5,21096291700.0,2073.44,2342.0,12.84
2013-11-21,2949.95,2954.77,2922.67,2949.04,23822935400.0,2338.75,2342.0,12.81
2013-11-22,2952.49,2958.19,2928.55,2935.14,20598971300.0,2027.96,2342.0,12.77
2013-11-25,2924.61,2959.33,2917.78,2929.89,19304336100.0,1942.52,2342.0,12.72
2013-11-26,2927.94,2942.75,2920.02,2933.35,18051268100.0,1816.8,2342.0,12.72
2013-11-27,2931.55,2972.06,2929.18,2968.9,20683601400.0,2168.26,2342.0,12.86
2013-11-28,2973.78,3016.51,2972.67,2995.76,23990108200.0,2440.74,2342.0,12.97
2013-11-29,2998.02,3010.73,2992.8,3008.75,20343248000.0,2230.65,2342.0,13.02
2013-12-02,2961.82,2998.76,2895.65,2918.94,30000546700.0,2978.64,2342.0,12.76
2013-12-03,2901.39,2965.26,2897.35,2960.49,20212688400.0,2078.94,2342.0,12.89
2013-12-04,2956.3,3020.09,2952.24,3000.6,26716651000.0,2635.91,2342.0,13.03
2013-12-05,3000.21,3007.59,2981.6,2991.01,21832895800.0,2174.28,2342.0,12.99
2013-12-06,2985.06,2995.36,2967.82,2977.32,18413729200.0,1840.5,2342.0,12.94
2013-12-09,2985.32,2997.05,2979.27,2991.35,17095764300.0,1777.27,2342.0,12.99
2013-12-10,2995.94,3006.98,2980.95,2993.85,19654275900.0,1938.78,2342.0,12.99
2013-12-11,2982.43,2982.43,2937.08,2955.24,18992614700.0,1846.28,2342.0,12.82
2013-12-12,2949.29,2978.41,2949.01,2962.43,15915701300.0,1645.56,2342.0,12.85
2013-12-13,2943.57,2973.76,2937.28,2964.94,15802770600.0,1600.34,2342.0,12.84
2013-12-16,2967.16,2970.49,2916.97,2920.04,18539986100.0,1857.85,2405.0,12.71
2013-12-17,2919.67,2925.59,2894.81,2903.89,14749661200.0,1483.97,2405.0,12.64
2013-12-18,2904.23,2917.35,2893.53,2902.26,12487267200.0,1277.07,2405.0,12.63
2013-12-19,2909.61,2919.64,2872.87,2874.12,13417307100.0,1349.79,2405.0,12.59
2013-12-20,2875.09,2882.97,2818.63,2823.69,15355097600.0,1494.83,2405.0,12.37
2013-12-23,2826.35,2835.85,2789.33,2823.99,12594644200.0,1279.62,2405.0,12.39
2013-12-24,2829.13,2863.14,2814.99,2838.26,13117402100.0,1373.09,2405.0,12.44
2013-12-25,2840.54,2868.54,2831.12,2868.54,13214192000.0,1431.3,2405.0,12.57
2013-12-26,2865.36,2866.51,2818.05,2819.03,15242211500.0,1594.25,2405.0,12.37
2013-12-27,2818.9,2876.71,2817.24,2866.68,15257896300.0,1587.02,2405.0,12.56
2013-12-30,2878.29,2883.69,2864.24,2871.45,15050429500.0,1571.55,2405.0,12.55
2013-12-31,2861.11,2894.54,2855.66,2893.21,15226324800.0,1600.58,2405.0,12.64
2014-01-02,2887.01,2900.91,2878.86,2900.63,14227983100.0,1565.2,2405.0,12.69
2014-01-03,2891.71,2895.09,2862.22,2874.32,17047318100.0,1813.52,2405.0,12.58
2014-01-06,2868.36,2868.36,2798.03,2803.29,17711065400.0,1769.86,2405.0,12.33
2014-01-07,2787.42,2818.93,2781.72,2814.1,13193737800.0,1383.97,2405.0,12.36
2014-01-08,2817.66,2846.58,2809.62,2825.83,15540849800.0,1726.15,2405.0,12.39
2014-01-09,2820.81,2845.43,2792.66,2793.5,16235804800.0,1787.94,2405.0,12.26
2014-01-10,2785.34,2792.84,2752.45,2758.99,14770089700.0,1455.31,2405.0,12.13
2014-01-13,2759.69,2779.85,2734.15,2748.42,13173518300.0,1333.79,2405.0,12.11
2014-01-14,2747.78,2789.06,2739.11,2788.85,14339450800.0,1423.17,2405.0,12.27
2014-01-15,2786.32,2797.83,2776.97,2797.39,14249296000.0,1520.05,2405.0,12.29
2014-01-16,2797.93,2816.67,2790.83,2798.91,14861547600.0,1589.52,2405.0,12.28
2014-01-17,2790.53,2792.6,2762.7,2764.64,13400412200.0,1407.97,2405.0,12.19
2014-01-20,2760.02,2770.57,2733.12,2746.05,12154170200.0,1324.89,2405.0,12.1
2014-01-21,2746.91,2782.69,2746.91,2781.52,13085186000.0,1436.69,2405.0,12.23
2014-01-22,2784.64,2850.18,2783.85,2849.94,19681955500.0,2065.83,2405.0,12.51
2014-01-23,2849.11,2866.71,2845.21,2854.23,18049370400.0,2041.76,2405.0,12.5
2014-01-24,2847.58,2890.31,2843.88,2882.48,19601200600.0,2160.57,2405.0,12.61
2014-01-27,2868.39,2882.47,2850.66,2860.21,19361989000.0,2106.77,2405.0,12.5
2014-01-28,2863.21,2878.57,2838.65,2859.09,15236984200.0,1680.13,2405.0,12.52
2014-01-29,2864.02,2882.22,2861.89,2879.79,14988677600.0,1685.08,2405.0,12.61
2014-01-30,2874.51,2874.51,2851.54,2856.84,12906657900.0,1476.22,2405.0,12.51
2014-02-07,2839.61,2890.7,2830.91,2890.7,15309927900.0,1707.94,2405.0,12.62
2014-02-10,2900.65,2966.33,2900.65,2965.07,25146845800.0,2759.09,2405.0,12.91
2014-02-11,2966.37,2988.62,2946.29,2977.54,27350035800.0,2941.15,2405.0,12.97
2014-02-12,2978.63,2999.4,2966.21,2999.06,24635019900.0,2624.87,2405.0,13.04
2014-02-13,2995.92,3008.95,2964.68,2964.7,27425372100.0,2859.23,2405.0,12.92
2014-02-14,2963.32,3003.12,2959.71,3002.93,21604312500.0,2303.84,2405.0,13.07
2014-02-17,3017.28,3044.7,3010.33,3044.69,27033781700.0,2926.76,2405.0,13.23
2014-02-18,3044.53,3044.53,3014.24,3024.97,27442409700.0,2979.99,2405.0,13.14
2014-02-19,3022.79,3054.89,3009.01,3042.6,28291960700.0,2876.49,2405.0,13.24
2014-02-20,3047.39,3057.48,3003.45,3005.35,28710471800.0,2820.78,2405.0,13.15
2014-02-21,3000.58,3007.95,2961.52,2984.67,21709547100.0,2195.24,2405.0,13.04
2014-02-24,2967.91,2967.91,2917.03,2955.74,23493666500.0,2435.71,2405.0,12.89
2014-02-25,2958.19,2975.54,2847.92,2860.97,28574397400.0,3117.55,2405.0,12.53
2014-02-26,2844.91,2874.03,2816.12,2873.72,21993380000.0,2259.52,2405.0,12.58
2014-02-27,2880.35,2909.02,2843.19,2846.49,25066589800.0,2612.3,2405.0,12.53
2014-02-28,2840.05,2877.7,2811.49,2877.26,21081552300.0,2154.23,2405.0,12.63
2014-03-03,2873.64,2915.71,2867.47,2915.71,22907635800.0,2262.08,2405.0,12.77
2014-03-04,2906.11,2916.35,2880.01,2912.23,21833404500.0,2216.81,2405.0,12.74
2014-03-05,2917.48,2919.91,2890.47,2895.41,20305266300.0,2058.23,2405.0,12.65
2014-03-06,2889.76,2909.18,2855.84,2901.32,20492711500.0,2055.84,2405.0,12.68
2014-03-07,2898.71,2918.94,2881.17,2893.16,19665788000.0,2014.87,2405.0,12.67
2014-03-10,2869.88,2869.88,2788.85,2792.69,21179928600.0,2060.61,2405.0,12.28
2014-03-11,2784.55,2813.75,2772.78,2797.95,17201199400.0,1694.78,2405.0,12.29
2014-03-12,2790.5,2821.66,2761.23,2799.26,18596534800.0,1735.05,2405.0,12.28
2014-03-13,2802.21,2837.17,2799.92,2834.67,17471428800.0,1629.62,2405.0,12.43
2014-03-14,2821.99,2837.63,2799.63,2819.06,15984716700.0,1507.03,2405.0,12.35
2014-03-17,2825.93,2863.76,2818.03,2863.74,16475418600.0,1656.99,2405.0,12.53
2014-03-18,2867.03,2885.71,2863.43,2869.03,18320551800.0,1907.87,2405.0,12.57
2014-03-19,2861.31,2861.31,2829.31,2856.79,18544985100.0,1812.23,2405.0,12.53
2014-03-20,2850.77,2870.69,2795.26,2795.26,20699570900.0,1976.07,2405.0,12.3
2014-03-21,2782.65,2869.68,2770.37,2866.0,24504938800.0,2171.08,2405.0,12.6
2014-03-24,2867.7,2894.89,2856.61,2884.39,25139569900.0,2161.61,2405.0,12.68
2014-03-25,2877.44,2899.64,2868.34,2883.67,23221297400.0,1986.41,2405.0,12.67
2014-03-26,2889.54,2896.92,2878.5,2887.8,18556938000.0,1714.51,2405.0,12.69
2014-03-27,2883.67,2891.99,2851.41,2851.41,21113405200.0,1937.56,2405.0,12.53
2014-03-28,2846.43,2859.43,2806.71,2815.04,21711591600.0,1943.48,2405.0,12.42
2014-03-31,2815.63,2824.22,2785.23,2801.24,15960936100.0,1415.58,2405.0,12.37
2014-04-01,2797.68,2835.21,2795.87,2834.97,14455179300.0,1323.09,2405.0,12.5
2014-04-02,2837.22,2849.02,2830.36,2841.92,17827988500.0,1567.82,2405.0,12.54
2014-04-03,2847.05,2856.01,2822.44,2831.17,18229464800.0,1569.35,2405.0,12.48
2014-04-04,2823.87,2861.2,2819.41,2860.84,14866432000.0,1382.14,2405.0,12.59
2014-04-08,2851.27,2909.31,2847.91,2906.99,21307879100.0,1944.21,2405.0,12.83
2014-04-09,2910.19,2925.36,2906.96,2922.67,18497685000.0,1795.05,2405.0,12.89
2014-04-10,2925.99,2967.53,2917.02,2951.85,25450973300.0,2408.79,2405.0,13.03
2014-04-11,2942.68,2953.0,2928.67,2943.27,21210816500.0,2032.99,2405.0,13.0
2014-04-14,2941.17,2953.54,2932.97,2952.68,17742169300.0,1724.16,2405.0,13.03
2014-04-15,2947.62,2947.62,2913.96,2918.78,19101424300.0,1825.54,2405.0,12.87
2014-04-16,2911.32,2929.56,2904.4,2921.63,15934599800.0,1529.29,2405.0,12.88
2014-04-17,2926.87,2931.87,2913.99,2916.66,15795626500.0,1519.87,2405.0,12.86
2014-04-18,2907.74,2923.01,2896.96,2922.43,15051285200.0,1445.36,2405.0,12.87
2014-04-21,2904.24,2929.07,2875.69,2876.06,17118821800.0,1667.47,2405.0,12.68
2014-04-22,2870.86,2885.2,2830.47,2871.33,17395600300.0,1670.13,2405.0,12.67
2014-04-23,2865.76,2881.34,2854.04,2864.56,13782897300.0,1335.0,2405.0,12.64
2014-04-24,2861.4,2874.13,2844.8,2848.01,14083124200.0,1350.49,2405.0,12.57
2014-04-25,2849.61,2854.54,2803.32,2803.59,16507794400.0,1492.63,2405.0,12.41
2014-04-28,2795.92,2796.01,2734.82,2737.39,16490570700.0,1450.6,2405.0,12.16
2014-04-29,2733.64,2770.08,2733.03,2770.01,12862540300.0,1165.26,2405.0,12.29
2014-04-30,2769.1,2786.59,2764.73,2782.73,12239428200.0,1124.66,2405.0,12.28
2014-05-05,2776.95,2796.73,2760.92,2795.58,13208513600.0,1189.81,2405.0,12.01
2014-05-06,2791.27,2820.47,2789.26,2805.43,13818994700.0,1306.11,2405.0,12.04
2014-05-07,2797.58,2797.58,2768.05,2768.45,13430330900.0,1234.98,2405.0,11.9
2014-05-08,2760.92,2804.92,2756.86,2768.01,13683533700.0,1223.24,2405.0,11.91
2014-05-09,2768.53,2770.67,2734.41,2752.85,13543200100.0,1205.25,2405.0,11.85
2014-05-12,2771.02,2815.31,2761.0,2814.11,19513243900.0,1667.07,2405.0,12.1
2014-05-13,2812.89,2821.24,2799.47,2809.57,16618507500.0,1441.22,2405.0,12.09
2014-05-14,2808.51,2819.05,2801.68,2807.94,13152214800.0,1172.31,2405.0,12.09
2014-05-15,2803.7,2805.64,2761.65,2763.5,13675610900.0,1264.41,2405.0,11.93
2014-05-16,2759.84,2765.8,2735.87,2760.31,12062033700.0,1109.16,2405.0,11.92
2014-05-19,2754.18,2754.18,2718.36,2734.65,11402699200.0,1055.28,2405.0,11.81
2014-05-20,2746.57,2762.4,2734.61,2740.79,11311532600.0,1092.01,2405.0,11.84
2014-05-21,2732.22,2765.51,2715.38,2765.51,11250184300.0,1047.53,2405.0,11.95
2014-05-22,2764.91,2796.39,2761.68,2763.34,14049849400.0,1340.67,2405.0,11.94
2014-05-23,2761.89,2789.86,2758.96,2789.86,12310250400.0,1203.47,2405.0,12.04
2014-05-26,2802.06,2812.6,2799.38,2812.25,13948372100.0,1462.13,2405.0,12.12
2014-05-27,2810.57,2816.16,2799.43,2801.61,13067121200.0,1317.05,2405.0,12.08
2014-05-28,2801.49,2834.58,2796.65,2833.39,16121552700.0,1623.13,2405.0,12.2
2014-05-29,2834.34,2841.78,2807.72,2807.8,15716908500.0,1605.98,2405.0,12.11
2014-05-30,2806.91,2822.21,2793.02,2812.16,14316406600.0,1421.69,2405.0,12.13
2014-06-03,2813.42,2826.14,2805.61,2805.94,13512261000.0,1337.15,2405.0,12.12
2014-06-04,2803.99,2804.05,2763.15,2781.95,13559265000.0,1305.16,2405.0,12.03
2014-06-05,2778.76,2814.58,2775.86,2814.33,13152530600.0,1324.3,2405.0,12.15
2014-06-06,2813.54,2815.24,2785.95,2800.26,13272310600.0,1347.49,2405.0,12.09
2014-06-09,2793.05,2815.69,2789.39,2791.17,12740178400.0,1283.33,2405.0,12.06
2014-06-10,2794.71,2826.11,2784.73,2826.07,15114809400.0,1521.08,2405.0,12.21
2014-06-11,2821.62,2836.26,2818.4,2834.22,14955738400.0,1541.26,2405.0,12.24
2014-06-12,2828.89,2836.93,2819.34,2827.94,15612736700.0,1573.33,2405.0,12.22
2014-06-13,2824.61,2862.49,2823.73,2858.13,18461349500.0,1865.01,2405.0,12.35
2014-06-16,2859.41,2880.38,2859.11,2877.47,18565331200.0,1906.26,2421.0,12.52
2014-06-17,2871.64,2871.64,2848.95,2850.28,17273818600.0,1727.65,2421.0,12.4
2014-06-18,2849.1,2852.73,2832.94,2834.03,16964240100.0,1635.17,2421.0,12.33
2014-06-19,2833.11,2839.21,2761.37,2773.13,17949881400.0,1709.69,2421.0,12.09
2014-06-20,2770.32,2793.51,2767.32,2793.45,13106731800.0,1229.19,2421.0,12.14
2014-06-23,2795.44,2816.07,2795.44,2806.46,13971231800.0,1399.6,2421.0,12.18
2014-06-24,2804.61,2823.37,2804.08,2823.21,14208097800.0,1458.24,2421.0,12.24
2014-06-25,2820.02,2820.02,2798.82,2809.01,13549849900.0,1369.06,2421.0,12.19
2014-06-26,2809.97,2842.01,2809.82,2839.68,16766175000.0,1715.41,2421.0,12.31
2014-06-27,2837.99,2863.27,2831.08,2851.29,19841945300.0,1918.97,2421.0,12.32
2014-06-30,2854.28,2875.74,2853.21,2875.34,20015476700.0,1986.91,2421.0,12.41
2014-07-01,2879.44,2884.48,2870.11,2884.27,20298254800.0,2045.52,2421.0,12.44
2014-07-02,2884.04,2897.98,2872.35,2897.54,21783497300.0,2148.3,2421.0,12.49
2014-07-03,2896.05,2920.45,2889.71,2914.8,24307690900.0,2305.34,2421.0,12.55
2014-07-04,2914.74,2918.48,2904.73,2911.08,21283477900.0,2080.2,2421.0,12.53
2014-07-07,2910.99,2919.85,2897.16,2909.62,19685724100.0,1972.78,2421.0,12.53
2014-07-08,2907.46,2923.97,2889.23,2923.69,19758917400.0,2011.19,2421.0,12.59
2014-07-09,2919.83,2924.84,2880.09,2880.61,23107497100.0,2372.06,2421.0,12.41
2014-07-10,2877.93,2891.24,2872.58,2876.9,19598431300.0,1986.86,2421.0,12.4
2014-07-11,2871.54,2899.32,2869.95,2892.87,20527202300.0,1984.19,2421.0,12.45
2014-07-14,2895.3,2927.8,2891.42,2927.8,22809728900.0,2254.9,2421.0,12.59
2014-07-15,2926.02,2930.87,2908.72,2925.13,24831306400.0,2376.73,2421.0,12.58
2014-07-16,2921.75,2932.47,2898.6,2907.06,24486714900.0,2171.07,2421.0,12.52
2014-07-17,2901.95,2901.95,2874.21,2890.52,19066678800.0,1701.57,2421.0,12.45
2014-07-18,2879.72,2912.35,2876.68,2897.0,19211672000.0,1726.79,2421.0,12.47
2014-07-21,2895.91,2903.37,2883.09,2894.52,17552043200.0,1650.87,2421.0,12.45
2014-07-22,2890.09,2933.68,2889.79,2931.31,22211163500.0,2046.25,2421.0,12.59
2014-07-23,2930.59,2943.63,2908.91,2919.56,24531421400.0,2206.83,2421.0,12.55
2014-07-24,2919.04,2942.09,2907.21,2938.45,28549057600.0,2490.91,2421.0,12.65
2014-07-25,2941.49,2967.13,2938.73,2967.13,24537356200.0,2122.37,2421.0,12.77
2014-07-28,2979.45,3036.49,2979.45,3035.29,38010028800.0,3237.05,2421.0,13.07
2014-07-29,3038.42,3067.96,3029.41,3057.03,34237886300.0,3090.38,2421.0,13.14
2014-07-30,3050.47,3065.87,3043.69,3058.97,31972185200.0,2942.98,2421.0,13.15
2014-07-31,3058.21,3089.15,3052.81,3089.05,29158097000.0,2686.18,2421.0,13.27
2014-08-01,3078.89,3106.62,3057.1,3058.65,33878075000.0,3061.53,2421.0,13.16
2014-08-04,3064.62,3111.22,3062.89,3111.22,29850697300.0,2722.88,2421.0,13.37
2014-08-05,3113.2,3119.19,3093.21,3118.93,31449197000.0,2923.83,2421.0,13.39
2014-08-06,3108.27,3130.33,3087.57,3122.62,31436901600.0,2831.89,2421.0,13.39
2014-08-07,3122.25,3132.69,3084.92,3086.34,30827911200.0,2782.82,2421.0,13.23
2014-08-08,3088.35,3108.38,3083.88,3100.81,24465278400.0,2321.23,2421.0,13.29
2014-08-11,3107.74,3146.91,3107.74,3146.77,27492815200.0,2681.91,2421.0,13.48
2014-08-12,3144.51,3150.26,3132.37,3150.05,28219741400.0,2784.44,2421.0,13.48
2014-08-13,3150.39,3161.17,3116.34,3151.46,31426024400.0,2970.69,2421.0,13.49
2014-08-14,3149.1,3164.71,3126.75,3129.17,30751280500.0,2919.61,2421.0,13.4
2014-08-15,3130.38,3167.03,3125.21,3162.78,28220464500.0,2742.99,2421.0,13.53
2014-08-18,3169.73,3196.87,3169.73,3196.87,31564637300.0,3118.25,2421.0,13.65
2014-08-19,3202.43,3208.56,3181.5,3203.57,34391102300.0,3450.87,2421.0,13.69
2014-08-20,3201.38,3211.62,3188.4,3197.24,31654636900.0,3055.19,2421.0,13.66
2014-08-21,3197.98,3199.9,3159.21,3192.98,30647240200.0,3013.38,2421.0,13.63
2014-08-22,3191.13,3216.08,3188.02,3212.5,29311880000.0,3007.36,2421.0,13.71
2014-08-25,3213.65,3213.98,3178.56,3186.19,29034893500.0,2876.1,2421.0,13.62
2014-08-26,3180.44,3191.68,3132.87,3143.27,29408063400.0,2847.62,2421.0,13.47
2014-08-27,3141.41,3162.27,3141.41,3153.17,22456825400.0,2249.14,2421.0,13.5
2014-08-28,3154.1,3162.48,3122.9,3128.23,22913060200.0,2288.52,2421.0,13.41
2014-08-29,3130.38,3163.47,3126.05,3163.42,18932963500.0,1924.56,2421.0,13.55
2014-09-01,3167.33,3204.65,3167.12,3204.56,23947220700.0,2513.25,2421.0,13.22
2014-09-02,3211.78,3249.98,3205.92,3249.98,34096312900.0,3513.3,2421.0,13.4
2014-09-03,3255.11,3280.85,3255.04,3277.32,37574734600.0,3866.65,2421.0,13.52
2014-09-04,3280.39,3304.76,3270.94,3304.76,36446496200.0,3805.13,2421.0,13.63
2014-09-05,3311.38,3327.33,3299.11,3326.79,37592550900.0,3782.68,2421.0,13.73
2014-09-09,3330.76,3339.33,3309.67,3336.28,35617147700.0,3592.15,2421.0,13.75
2014-09-10,3325.23,3341.44,3310.12,3337.43,34743444000.0,3478.94,2421.0,13.74
2014-09-11,3336.05,3376.96,3314.72,3330.68,40701175400.0,4182.02,2421.0,13.71
2014-09-12,3326.12,3361.66,3319.72,3361.66,34334119500.0,3348.9,2421.0,13.84
2014-09-15,3359.11,3381.74,3349.35,3379.95,38810388500.0,3902.2,2421.0,13.89
2014-09-16,3382.96,3387.26,3287.99,3289.85,52156829200.0,4782.66,2421.0,13.63
2014-09-17,3294.43,3312.28,3266.78,3311.88,36232543800.0,3245.51,2421.0,13.7
2014-09-18,3306.82,3332.27,3298.85,3329.81,32701580000.0,2919.29,2421.0,13.76
2014-09-19,3330.95,3361.33,3323.06,3358.1,30374135300.0,2937.77,2421.0,13.85
2014-09-22,3352.29,3352.29,3300.75,3308.43,31292386300.0,3070.5,2421.0,13.65
2014-09-23,3308.47,3346.37,3308.4,3345.85,28488789900.0,2870.79,2421.0,13.79
2014-09-24,3338.23,3397.44,3331.25,3396.85,38323288500.0,3727.49,2421.0,13.99
2014-09-25,3409.0,3427.73,3384.08,3394.84,39519724300.0,3923.5,2421.0,14.0
2014-09-26,3387.68,3404.14,3376.05,3403.22,31414638800.0,3126.67,2421.0,14.02
2014-09-29,3413.26,3430.21,3411.42,3428.75,35469994800.0,3588.3,2421.0,14.11
2014-09-30,3434.79,3447.76,3425.93,3444.72,33216467700.0,3359.39,2421.0,14.18
2014-10-08,3456.95,3489.71,3438.89,3489.71,35929234100.0,3753.8,2421.0,14.33
2014-10-09,3493.71,3504.71,3459.3,3499.16,42748716900.0,4329.44,2421.0,14.37
2014-10-10,3487.59,3500.81,3465.02,3482.06,41009243100.0,4060.11,2421.0,14.29
2014-10-13,3469.41,3474.91,3430.0,3474.64,36714689800.0,3676.53,2421.0,14.25
2014-10-14,3469.85,3496.13,3446.51,3464.74,35972730300.0,3582.63,2421.0,14.21
2014-10-15,3462.88,3483.75,3437.28,3483.46,35895653400.0,3542.83,2421.0,14.29
2014-10-16,3464.32,3501.61,3442.78,3442.78,41081966500.0,3993.75,2421.0,14.16
2014-10-17,3437.22,3451.96,3365.74,3419.32,36851671300.0,3604.6,2421.0,14.07
2014-10-20,3426.85,3454.64,3422.27,3454.64,27734554600.0,2873.32,2421.0,14.19
2014-10-21,3453.29,3462.51,3422.82,3425.04,28874998100.0,2916.71,2421.0,14.09
2014-10-22,3425.15,3441.74,3391.43,3393.29,26376156500.0,2742.27,2421.0,13.99
2014-10-23,3386.28,3398.39,3338.95,3348.92,28427971700.0,2786.04,2421.0,13.82
2014-10-24,3350.26,3370.65,3340.66,3350.71,22186164400.0,2224.57,2421.0,13.82
2014-10-27,3337.39,3352.83,3318.64,3351.84,22157399300.0,2252.83,2421.0,13.81
2014-10-28,3358.67,3429.62,3358.67,3429.54,30655911600.0,3155.89,2421.0,14.11
2014-10-29,3439.4,3489.18,3431.97,3477.86,43889941600.0,4339.9,2421.0,14.3
2014-10-30,3477.16,3498.93,3468.48,3489.96,45362637300.0,4164.47,2421.0,14.36
2014-10-31,3494.7,3512.22,3470.55,3510.72,48669076400.0,4361.22,2421.0,14.48
2014-11-03,3517.9,3538.25,3513.57,3533.41,45740042800.0,4055.27,2421.0,14.15
2014-11-04,3532.14,3538.93,3508.77,3523.3,46786463100.0,4084.48,2421.0,14.12
2014-11-05,3524.35,3528.56,3503.04,3515.16,40825764500.0,3641.07,2421.0,14.07
2014-11-06,3514.95,3531.94,3491.16,3531.79,35427551400.0,3374.18,2421.0,14.13
2014-11-07,3535.47,3563.74,3496.51,3511.74,45563941500.0,4445.66,2421.0,14.06
2014-11-10,3532.91,3566.4,3516.7,3566.4,44408274500.0,4161.73,2421.0,14.31
2014-11-11,3577.07,3586.47,3468.61,3499.26,59954589900.0,5519.15,2421.0,14.15
2014-11-12,3485.2,3552.15,3477.79,3552.15,36592715400.0,3490.34,2421.0,14.31
2014-11-13,3553.32,3559.14,3500.59,3519.25,43976172400.0,4272.37,2421.0,14.2
2014-11-14,3505.29,3517.21,3486.35,3514.63,33016345700.0,3175.43,2421.0,14.18
2014-11-17,3539.46,3555.65,3504.86,3528.76,32732632100.0,3314.6,2421.0,14.21
2014-11-18,3525.6,3536.61,3507.47,3519.92,30360798000.0,2963.37,2421.0,14.14
2014-11-19,3517.77,3542.67,3514.68,3529.7,29618429300.0,3067.11,2421.0,14.16
2014-11-20,3519.4,3534.41,3511.66,3526.77,26405679000.0,2748.41,2421.0,14.15
2014-11-21,3526.68,3576.23,3525.84,3575.87,33263310500.0,3460.68,2421.0,14.35
2014-11-24,3612.7,3657.75,3597.3,3641.0,55239574400.0,5540.92,2421.0,14.6
2014-11-25,3642.82,3694.15,3636.61,3694.15,49037799400.0,5031.11,2421.0,14.81
2014-11-26,3703.17,3730.73,3693.01,3730.46,52082358100.0,5496.23,2421.0,14.99
2014-11-27,3744.36,3765.2,3724.67,3765.2,56565232200.0,5907.15,2421.0,15.13
2014-11-28,3765.01,3801.68,3747.31,3801.61,68823830800.0,6800.07,2421.0,15.35
2014-12-01,3812.67,3827.84,3772.88,3789.73,65474689800.0,6588.94,2421.0,15.31
2014-12-02,3779.1,3892.88,3775.99,3879.9,62695897000.0,6401.34,2421.0,15.71
2014-12-03,3890.63,3947.54,3860.05,3928.62,83209495400.0,8725.17,2421.0,15.85
2014-12-04,3935.34,4051.75,3930.08,4051.31,79041582400.0,8489.24,2421.0,16.43
2014-12-05,4080.58,4092.41,3897.07,4018.93,93437677700.0,10262.08,2421.0,16.49
2014-12-08,4000.43,4131.52,3964.62,4115.81,84490621400.0,9403.28,2421.0,16.86
2014-12-09,4095.75,4204.73,3911.17,3935.37,109595524800.0,12174.13,2421.0,16.01
2014-12-10,3937.74,4078.06,3897.3,4074.05,73023767200.0,8215.93,2421.0,16.52
2014-12-11,4047.66,4120.01,4030.36,4078.68,70205133500.0,7559.24,2421.0,16.51
2014-12-12,4080.39,4122.59,4072.85,4105.88,59954235500.0,6657.16,2421.0,16.62
2014-12-15,4091.0,4160.42,4072.8,4153.42,60355098000.0,6840.0,2479.0,16.86
2014-12-16,4157.18,4210.72,4144.0,4210.72,65936446400.0,7653.09,2479.0,17.14
2014-12-17,4220.91,4235.5,4150.0,4225.94,76216370900.0,8758.77,2479.0,17.25
2014-12-18,4221.19,4252.65,4196.69,4212.88,61114141000.0,7092.59,2479.0,17.19
2014-12-19,4209.51,4221.76,4119.4,4217.02,72454708800.0,7718.64,2479.0,17.32
2014-12-22,4221.0,4222.86,4104.39,4136.18,91469716700.0,9072.42,2479.0,17.2
2014-12-23,4101.31,4159.29,4048.34,4055.34,59899727700.0,6157.61,2479.0,16.77
2014-12-24,4066.31,4083.65,3982.43,4027.01,52466304300.0,5607.82,2479.0,16.57
2014-12-25,4047.34,4126.02,4026.75,4125.63,51996109000.0,5583.43,2479.0,17.04
2014-12-26,4131.61,4214.86,4123.72,4210.81,62731913100.0,7024.94,2479.0,17.44
2014-12-29,4248.4,4253.18,4143.83,4186.36,70575126900.0,8089.92,2479.0,17.41
2014-12-30,4178.88,4197.2,4128.92,4152.93,55809227700.0,6481.77,2479.0,17.34
2014-12-31,4155.73,4222.19,4149.04,4219.0,56033066400.0,6338.3,2479.0,17.67
2015-01-05,4243.09,4330.56,4218.6,4310.69,74310118400.0,8198.35,2479.0,18.21
2015-01-06,4280.13,4348.27,4255.39,4338.93,70551961000.0,8090.28,2479.0,18.31
2015-01-07,4322.46,4355.4,4299.12,4341.89,55314515300.0,6550.87,2479.0,18.38
2015-01-08,4344.2,4351.56,4263.7,4277.76,52778530900.0,6112.11,2479.0,18.05
2015-01-09,4264.04,4375.97,4253.51,4257.06,56466147000.0,6745.9,2479.0,18.0
2015-01-12,4238.44,4254.43,4167.46,4209.38,45505353500.0,5471.38,2479.0,17.76
2015-01-13,4204.24,4252.94,4202.85,4236.69,34975360100.0,4514.07,2479.0,17.86
2015-01-14,4242.15,4260.34,4191.83,4220.66,35525578400.0,4353.13,2479.0,17.85
2015-01-15,4219.93,4304.69,4211.03,4304.69,39627587400.0,4923.41,2479.0,18.34
2015-01-16,4315.2,4365.77,4308.69,4349.65,47692698700.0,5912.33,2479.0,18.57
2015-01-19,4158.21,4244.65,4064.53,4102.1,58405705700.0,6625.37,2479.0,17.37
2015-01-20,4096.62,4197.63,4096.62,4196.97,52570724200.0,6665.93,2479.0,17.77
2015-01-21,4218.97,4347.11,4215.3,4342.22,61021789800.0,7659.09,2479.0,18.49
2015-01-22,4345.71,4390.16,4327.68,4385.06,53526776200.0,6763.0,2479.0,18.62
2015-01-23,4397.3,4421.36,4347.06,4368.62,53887399900.0,6760.55,2479.0,18.59
2015-01-26,4376.61,4436.85,4370.45,4435.87,49087627800.0,6139.45,2479.0,18.9
2015-01-27,4443.05,4451.14,4350.41,4425.6,56966256900.0,6986.68,2479.0,18.79
2015-01-28,4402.65,4437.59,4370.17,4383.22,46217631200.0,5805.73,2479.0,18.56
2015-01-29,4335.37,4368.13,4315.31,4342.75,42449700200.0,5042.35,2479.0,18.35
2015-01-30,4354.43,4372.58,4287.78,4287.84,40660853800.0,4856.1,2479.0,18.09
2015-02-02,4218.59,4274.21,4203.9,4227.98,37727860600.0,4417.01,2479.0,17.75
2015-02-03,4255.15,4318.58,4244.74,4317.46,38800884900.0,4920.7,2479.0,18.17
2015-02-04,4326.77,4354.01,4288.92,4290.96,39905250200.0,5088.74,2479.0,18.04
2015-02-05,4362.56,4363.66,4261.62,4261.62,47565315500.0,6047.37,2479.0,17.88
2015-02-06,4246.73,4259.06,4160.42,4184.68,38874073400.0,4677.2,2479.0,17.54
2015-02-09,4175.8,4220.65,4168.54,4192.66,31972243000.0,4102.27,2479.0,17.6
2015-02-10,4190.52,4258.28,4186.52,4257.97,29451526800.0,3745.51,2479.0,17.88
2015-02-11,4266.48,4307.68,4265.13,4300.68,29463479500.0,3894.38,2479.0,18.03
2015-02-12,4303.29,4331.15,4285.81,4323.56,32101101000.0,4148.49,2479.0,18.15
2015-02-13,4343.35,4405.3,4343.35,4376.23,41973839800.0,5339.27,2479.0,18.35
2015-02-16,4384.13,4437.58,4383.46,4436.61,38314030000.0,5170.8,2479.0,18.56
2015-02-17,4451.68,4476.74,4451.08,4468.3,37042373700.0,4891.84,2479.0,18.7
2015-02-25,4478.62,4478.62,4421.31,4436.94,37929126100.0,4955.18,2479.0,18.61
2015-02-26,4432.06,4514.12,4422.45,4512.46,45931823200.0,5738.55,2479.0,18.95
2015-02-27,4512.46,4549.66,4509.32,4540.14,47291403300.0,5976.6,2479.0,19.05
2015-03-02,4574.93,4608.11,4547.2,4607.95,57814547300.0,7651.8,2479.0,19.28
2015-03-03,4589.02,4598.5,4534.21,4537.47,62328253000.0,8101.31,2479.0,18.92
2015-03-04,4540.6,4590.23,4536.88,4589.9,50175174000.0,6614.23,2479.0,19.1
2015-03-05,4580.06,4586.35,4546.28,4575.79,53319937000.0,7048.43,2479.0,18.98
2015-03-06,4580.14,4593.33,4530.54,4535.46,47211755000.0,6186.98,2479.0,18.84
2015-03-09,4508.98,4606.42,4480.8,4605.0,49365924400.0,6206.97,2479.0,19.17
2015-03-10,4597.77,4649.96,4593.07,4624.65,46959098300.0,6189.33,2479.0,19.18
2015-03-11,4628.55,4655.94,4610.88,4625.73,46530737100.0,6123.28,2479.0,19.14
2015-03-12,4649.26,4664.26,4636.41,4661.81,54272083100.0,6990.25,2479.0,19.36
2015-03-13,4674.08,4711.14,4673.97,4710.85,49676597100.0,6416.05,2479.0,19.54
2015-03-16,4741.94,4841.61,4734.42,4841.61,63859721500.0,8680.1,2479.0,20.03
2015-03-17,4872.13,4919.02,4851.14,4908.65,81851101500.0,10654.61,2479.0,20.31
2015-03-18,4917.84,5012.06,4909.14,5012.04,85051768000.0,10714.46,2479.0,20.77
2015-03-19,5016.05,5034.69,4979.34,5027.45,83145284400.0,10543.17,2479.0,20.81
2015-03-20,5037.04,5097.51,5027.66,5089.96,79794192100.0,11122.34,2479.0,21.05
2015-03-23,5123.68,5209.12,5123.68,5208.89,84390123600.0,11754.29,2479.0,21.53
2015-03-24,5223.73,5238.99,5077.38,5231.42,100876654900.0,13752.69,2479.0,21.64
2015-03-25,5225.61,5275.58,5193.83,5241.52,83784287600.0,11992.69,2479.0,21.6
2015-03-26,5217.51,5278.03,5166.46,5212.77,77937480200.0,11437.5,2479.0,21.56
2015-03-27,5213.55,5270.22,5195.74,5256.35,63177142600.0,9015.55,2479.0,21.69
2015-03-30,5279.64,5362.05,5279.64,5350.51,84231313000.0,11572.75,2479.0,22.11
2015-03-31,5392.41,5408.91,5321.02,5335.49,85831056500.0,12336.68,2479.0,22.02
2015-04-01,5340.98,5459.5,5337.01,5448.17,71869579400.0,10747.47,2479.0,22.42
2015-04-02,5479.64,5509.47,5429.94,5509.21,78147130700.0,11734.89,2479.0,22.63
2015-04-03,5485.5,5590.95,5465.77,5590.94,77568309700.0,11842.08,2479.0,22.91
2015-04-07,5634.75,5711.9,5629.41,5711.52,89116982300.0,13273.84,2478.0,23.44
2015-04-08,5734.9,5743.28,5591.37,5706.1,95529860000.0,14660.08,2478.0,23.48
2015-04-09,5720.62,5721.47,5526.25,5660.24,90590982900.0,13998.92,2478.0,23.27
2015-04-10,5640.91,5794.29,5613.88,5787.21,75624003700.0,11777.76,2478.0,23.74
2015-04-13,5834.96,5915.08,5805.79,5901.75,89901653800.0,13649.9,2478.0,24.33
2015-04-14,5912.49,5966.35,5854.55,5915.94,90898304400.0,13709.93,2478.0,24.36
2015-04-15,5907.72,5908.62,5761.52,5764.91,90240263400.0,12840.21,2478.0,23.84
2015-04-16,5711.43,5911.27,5670.33,5885.23,79099081100.0,11524.57,2478.0,24.36
2015-04-17,5950.61,5993.94,5915.37,5958.14,101246377100.0,14559.97,2478.0,24.74
2015-04-20,5964.04,6023.32,5823.12,5852.96,120315517300.0,17293.6,2478.0,24.29
2015-04-21,5855.95,6023.45,5851.84,6023.42,92536383300.0,13695.87,2478.0,24.88
2015-04-22,6059.88,6188.91,6059.88,6188.01,102389099200.0,15825.09,2478.0,25.57
2015-04-23,6219.51,6266.53,6152.63,6224.56,102379493200.0,16050.12,2478.0,25.71
2015-04-24,6152.29,6229.89,6092.32,6205.16,96234878400.0,15151.45,2478.0,25.62
2015-04-27,6265.77,6325.65,6222.48,6300.93,99593216900.0,15680.67,2478.0,26.18
2015-04-28,6308.11,6312.67,6112.33,6167.86,108138134400.0,16310.94,2478.0,25.73
2015-04-29,6147.27,6275.12,6118.84,6257.59,77312133400.0,12390.03,2478.0,25.88
2015-04-30,6278.27,6333.42,6258.5,6258.61,78601221300.0,12795.88,2478.0,25.83
2015-05-04,6270.57,6316.5,6197.55,6307.57,74216538900.0,11786.39,2478.0,26.5
2015-05-05,6305.52,6305.84,6054.75,6086.06,85572061900.0,13011.62,2478.0,25.29
2015-05-06,6112.61,6218.8,5978.91,6028.22,72815006600.0,11844.34,2478.0,24.99
2015-05-07,5993.22,6020.87,5906.36,5912.67,60334594500.0,9240.51,2478.0,24.45
2015-05-08,5973.49,6095.28,5942.44,6094.72,63365505600.0,10268.73,2478.0,25.16
2015-05-11,6149.59,6324.47,6104.44,6324.11,78511349600.0,13292.67,2478.0,26.03
2015-05-12,6347.78,6441.02,6312.8,6440.47,83155157000.0,14444.31,2478.0,26.45
2015-05-13,6425.06,6509.21,6375.74,6450.72,83489545600.0,14498.23,2478.0,26.57
2015-05-14,6455.59,6489.57,6399.5,6453.7,76439385800.0,13055.24,2478.0,26.57
2015-05-15,6435.81,6448.34,6316.47,6384.32,72863729700.0,12433.27,2478.0,26.24
2015-05-18,6359.58,6472.34,6342.71,6435.07,65418985300.0,11692.4,2478.0,26.35
2015-05-19,6453.78,6629.01,6453.78,6623.79,72824369500.0,13038.4,2478.0,27.13
2015-05-20,6659.26,6825.42,6659.26,6715.71,86736541600.0,15430.12,2478.0,27.39
2015-05-21,6746.53,6904.41,6736.54,6903.76,79653966500.0,14500.94,2476.0,28.17
2015-05-22,6997.62,7034.45,6888.31,7026.53,105985243200.0,18667.44,2476.0,28.69
2015-05-25,6989.3,7203.36,6965.41,7202.85,107229618400.0,18942.04,2476.0,29.4
2015-05-26,7255.98,7410.27,7196.54,7409.93,112076443200.0,20187.48,2476.0,30.1
2015-05-27,7443.12,7481.77,7294.83,7451.34,109618074800.0,20127.96,2476.0,30.24
2015-05-28,7451.54,7528.69,6990.27,6993.6,126587301600.0,22234.49,2476.0,28.25
2015-05-29,6984.65,7168.1,6708.68,7047.31,98729121700.0,17057.04,2476.0,28.41
2015-06-01,7098.98,7402.93,7086.05,7402.48,92514035800.0,16434.88,2476.0,29.8
2015-06-02,7451.6,7624.8,7408.8,7624.02,98704856000.0,18216.29,2476.0,30.55
2015-06-03,7665.33,7691.43,7468.33,7643.01,98878729900.0,18738.51,2476.0,30.57
2015-06-04,7650.89,7679.39,7189.76,7655.22,104622561600.0,18875.14,2476.0,30.62
2015-06-05,7763.04,7823.48,7576.57,7748.37,118738464400.0,21612.64,2476.0,31.01
2015-06-08,7766.5,7778.89,7610.08,7755.74,124523422900.0,21711.95,2476.0,31.21
2015-06-09,7756.0,7796.61,7629.38,7731.52,105264438400.0,18525.85,2476.0,31.09
2015-06-10,7667.53,7897.11,7600.2,7813.59,92737581100.0,17291.23,2476.0,31.17
2015-06-11,7814.78,7892.24,7767.81,7891.57,89081199900.0,17128.38,2476.0,31.34
2015-06-12,7927.39,8017.38,7897.0,7984.43,98236806100.0,18619.84,2476.0,31.64
2015-06-15,8012.07,8018.94,7811.42,7830.24,101652298500.0,19263.38,2526.0,31.41
2015-06-16,7740.05,7748.18,7480.39,7549.98,88129936800.0,16384.61,2526.0,30.26
2015-06-17,7545.87,7709.65,7334.11,7686.79,82662575200.0,14781.07,2526.0,30.8
2015-06-18,7662.7,7702.75,7404.79,7411.9,77587417100.0,14067.74,2526.0,29.65
2015-06-19,7252.27,7331.23,6939.9,6943.04,72318404000.0,12361.51,2526.0,27.85
2015-06-23,6927.05,7049.03,6572.39,7048.74,74629906500.0,12475.99,2526.0,28.35
2015-06-24,7102.39,7196.05,6989.82,7195.78,85191124800.0,14309.01,2526.0,28.96
2015-06-25,7224.9,7237.39,6855.78,6932.39,88136794400.0,14964.48,2526.0,27.88
2015-06-26,6711.65,6746.02,6331.78,6377.07,82038127600.0,12689.99,2526.0,25.69
2015-06-29,6513.03,6519.88,5874.54,6044.15,98731358200.0,14541.28,2526.0,24.54
2015-06-30,5927.89,6379.31,5693.21,6374.83,105823115700.0,15669.59,2526.0,25.87
2015-07-01,6294.82,6482.67,6019.18,6038.69,89422834000.0,14211.77,2526.0,24.55
2015-07-02,6033.6,6064.56,5638.61,5725.83,86852875700.0,12179.45,2526.0,23.55
2015-07-03,5535.23,5780.63,5294.28,5390.68,83161080200.0,10914.19,2526.0,22.09
2015-07-06,5789.07,5789.07,5175.2,5353.86,118355121100.0,14701.21,2526.0,22.27
2015-07-07,5171.22,5230.36,5022.71,5145.51,90878800800.0,10437.07,2526.0,21.7
2015-07-08,4859.06,4968.29,4832.77,4900.42,97690998200.0,10910.24,2526.0,20.68
2015-07-09,4829.34,5166.03,4789.57,5144.13,80873079100.0,8845.72,2526.0,21.7
2015-07-10,5211.38,5434.99,5188.12,5386.22,70581626700.0,8781.63,2526.0,22.6
2015-07-13,5505.61,5643.35,5448.41,5598.64,83180207000.0,11024.91,2526.0,23.23
2015-07-14,5649.47,5770.79,5549.79,5610.2,90432784000.0,12325.83,2526.0,23.14
2015-07-15,5592.37,5614.12,5324.39,5375.38,91122157000.0,11772.62,2526.0,22.38
2015-07-16,5293.44,5540.95,5168.3,5437.81,77851241100.0,10102.86,2526.0,22.51
2015-07-17,5471.02,5733.79,5460.79,5691.55,75405881800.0,10362.12,2526.0,23.35
2015-07-20,5718.52,5846.09,5658.37,5768.49,86084533900.0,12488.03,2526.0,23.64
2015-07-21,5704.65,5876.19,5656.36,5830.52,77977361500.0,11344.18,2526.0,23.83
2015-07-22,5821.59,5892.75,5739.41,5869.74,82041810100.0,12129.07,2526.0,23.92
2015-07-23,5876.39,6044.36,5855.04,6026.95,89072291700.0,13135.4,2526.0,24.49
2015-07-24,6038.91,6121.44,5897.02,5940.26,98110148700.0,14790.84,2526.0,24.18
2015-07-27,5822.25,5956.15,5476.94,5478.87,88028051200.0,13019.55,2526.0,22.03
2015-07-28,5243.97,5543.41,5150.57,5375.72,89988515900.0,12289.23,2526.0,21.63
2015-07-29,5438.96,5591.85,5280.03,5590.31,69883146500.0,10134.29,2526.0,22.4
2015-07-30,5566.2,5671.85,5412.87,5433.39,72139248400.0,10759.22,2526.0,21.8
2015-07-31,5359.03,5485.03,5314.0,5380.01,55545564400.0,8058.73,2526.0,21.59
2015-08-03,5302.48,5353.51,5178.12,5270.29,57845701700.0,7787.29,2526.0,21.22
2015-08-04,5269.3,5507.72,5250.39,5507.63,58965930200.0,8224.57,2526.0,22.09
2015-08-05,5502.36,5568.0,5398.5,5433.98,60512487100.0,8792.02,2526.0,21.76
2015-08-06,5325.87,5470.49,5310.25,5400.55,45083469600.0,6445.74,2526.0,21.6
2015-08-07,5451.42,5555.91,5443.84,5547.11,56423329700.0,8292.2,2526.0,22.14
2015-08-10,5609.37,5838.96,5592.02,5811.7,78229462600.0,11445.58,2526.0,23.19
2015-08-11,5816.04,5893.69,5776.74,5822.53,85030187100.0,12480.78,2526.0,23.2
2015-08-12,5762.85,5850.97,5747.14,5748.5,69356071900.0,10299.54,2526.0,22.92
2015-08-13,5726.11,5871.54,5681.57,5871.15,68457793500.0,10132.95,2526.0,23.36
2015-08-14,5911.72,5960.02,5860.81,5898.59,76190397400.0,11532.15,2526.0,23.42
2015-08-17,5878.68,5965.4,5828.9,5963.36,75647491100.0,11277.65,2526.0,23.59
2015-08-18,5973.56,5984.87,5547.49,5561.44,89473700700.0,13202.79,2526.0,22.13
2015-08-19,5400.27,5702.88,5279.7,5674.28,77495850700.0,10896.67,2526.0,22.48
2015-08-20,5616.97,5691.62,5490.65,5490.65,64749654200.0,9366.51,2526.0,21.73
2015-08-21,5397.41,5465.01,5199.24,5215.02,60646574000.0,8299.5,2526.0,20.72
2015-08-24,4994.26,5017.41,4781.26,4788.04,51121400800.0,6040.2,2526.0,19.02
2015-08-25,4463.34,4607.51,4423.78,4442.48,55084251300.0,6104.09,2526.0,17.61
2015-08-26,4444.94,4611.55,4257.86,4334.14,75971778800.0,8409.53,2526.0,17.27
2015-08-27,4415.82,4531.39,4282.04,4530.14,64246114200.0,7166.68,2526.0,18.07
2015-08-28,4592.71,4770.0,4563.53,4764.94,72664506000.0,8450.53,2526.0,18.98
2015-08-31,4724.86,4724.86,4590.2,4684.96,63843129500.0,7558.1,2526.0,18.7
2015-09-01,4608.46,4608.46,4425.97,4529.78,65832080800.0,6936.64,2526.0,18.19
2015-09-02,4325.37,4589.5,4317.28,4466.57,67483872300.0,7144.86,2526.0,18.11
2015-09-07,4484.15,4598.49,4394.09,4421.33,50528547900.0,5728.12,2526.0,17.77
2015-09-08,4386.45,4582.81,4333.48,4575.43,43342201500.0,4889.95,2526.0,18.33
2015-09-09,4599.05,4731.52,4581.77,4701.48,65578175600.0,7946.71,2526.0,18.8
2015-09-10,4627.71,4710.37,4609.95,4637.7,47433792900.0,5713.84,2526.0,18.55
2015-09-11,4626.67,4689.82,4595.66,4657.69,39533158000.0,4852.6,2526.0,18.57
2015-09-14,4685.4,4696.7,4379.27,4450.35,56234869200.0,6447.32,2526.0,17.84
2015-09-15,4334.63,4401.95,4227.99,4245.27,42953465900.0,4510.44,2526.0,17.12
2015-09-16,4248.88,4521.19,4233.03,4490.13,48723006100.0,5309.65,2526.0,18.01
2015-09-17,4472.7,4589.46,4407.81,4407.81,56437218800.0,6566.61,2526.0,17.66
2015-09-18,4434.21,4477.2,4392.67,4449.18,37838316700.0,4448.17,2526.0,17.77
2015-09-21,4400.64,4573.52,4385.99,4570.03,44477607000.0,5381.22,2526.0,18.18
2015-09-22,4577.65,4652.1,4556.81,4604.73,51396730600.0,6298.41,2526.0,18.32
2015-09-23,4530.51,4591.79,4499.82,4533.3,44684231000.0,5401.56,2526.0,17.99
2015-09-24,4551.96,4595.91,4528.27,4581.45,41466405800.0,5140.55,2526.0,18.13
2015-09-25,4560.82,4588.7,4428.44,4463.49,44058124600.0,5256.0,2526.0,17.71
2015-09-28,4461.4,4523.71,4401.88,4521.85,30548879300.0,3780.42,2526.0,17.88
2015-09-29,4451.05,4490.43,4410.86,4440.56,32302143900.0,3955.1,2526.0,17.52
2015-09-30,4462.0,4488.28,4426.41,4460.1,27762138400.0,3467.55,2526.0,17.59
2015-10-08,4610.88,4655.81,4578.3,4615.69,44045917800.0,5507.71,2526.0,18.18
2015-10-09,4617.3,4698.9,4605.93,4681.41,45313215500.0,5594.87,2526.0,18.42
2015-10-12,4702.2,4899.9,4698.98,4852.99,69091663200.0,8681.76,2526.0,19.07
2015-10-13,4816.52,4896.84,4802.78,4886.24,56241631500.0,7203.92,2526.0,19.05
2015-10-14,4865.36,4907.03,4821.46,4829.1,56362924200.0,7222.28,2526.0,18.84
2015-10-15,4813.27,4962.72,4813.06,4962.58,59924338400.0,7795.25,2526.0,19.33
2015-10-16,4995.11,5040.12,4944.69,5036.52,71884131400.0,9394.53,2526.0,19.6
2015-10-19,5053.71,5084.63,4977.96,5036.66,70030295400.0,9417.11,2526.0,19.59
2015-10-20,5026.78,5114.45,5005.08,5114.45,62243576200.0,8580.43,2526.0,19.88
2015-10-21,5115.55,5137.62,4830.08,4875.25,84732590800.0,11122.92,2526.0,19.08
2015-10-22,4857.92,5015.59,4850.07,5009.16,62506140000.0,8477.35,2526.0,19.5
2015-10-23,5038.22,5137.15,5017.55,5118.84,69880668700.0,9923.0,2526.0,19.87
2015-10-26,5179.94,5193.79,5095.01,5151.29,72682065900.0,10517.66,2526.0,19.98
2015-10-27,5113.87,5194.16,4971.61,5174.62,66572481300.0,9411.19,2526.0,20.03
2015-10-28,5143.39,5195.34,5048.59,5065.55,60798877400.0,8675.74,2526.0,19.64
2015-10-29,5094.3,5144.2,5037.45,5096.52,49604787000.0,7113.44,2526.0,19.74
2015-10-30,5087.12,5153.8,5023.3,5090.64,51642961800.0,7596.5,2526.0,19.72
2015-11-02,4999.05,5114.81,4981.72,4989.7,48008980900.0,6905.62,2526.0,20.0
2015-11-03,5001.46,5031.9,4948.39,4978.49,39463858600.0,5759.13,2526.0,19.94
2015-11-04,4999.04,5221.36,4999.04,5221.36,64692147400.0,9276.32,2526.0,20.89
2015-11-05,5227.66,5345.91,5222.01,5274.37,94394164500.0,13003.42,2526.0,21.14
2015-11-06,5271.78,5410.4,5270.92,5401.92,77480924100.0,11083.74,2526.0,21.62
2015-11-09,5388.92,5517.94,5375.89,5481.53,88917780400.0,12892.53,2526.0,21.97
2015-11-10,5447.24,5534.16,5433.37,5498.48,79687176200.0,11801.4,2526.0,22.0
2015-11-11,5498.06,5556.44,5467.58,5551.08,71192351300.0,10676.66,2526.0,22.16
2015-11-12,5567.67,5574.82,5475.64,5533.36,72370411800.0,11354.36,2526.0,22.09
2015-11-13,5475.37,5520.33,5398.22,5445.36,67279347600.0,10477.61,2526.0,21.71
2015-11-16,5349.13,5526.62,5344.58,5526.14,54438063000.0,8526.37,2526.0,21.99
2015-11-17,5573.91,5626.6,5486.37,5497.87,75710061400.0,12040.18,2526.0,21.92
2015-11-18,5501.22,5527.93,5405.91,5419.63,57898933000.0,8855.09,2526.0,21.64
2015-11-19,5434.81,5542.65,5425.02,5542.24,51890486500.0,8072.21,2526.0,22.11
2015-11-20,5555.43,5613.65,5540.1,5592.71,65031756800.0,10187.45,2526.0,22.25
2015-11-23,5596.92,5642.68,5535.55,5555.0,65255404100.0,10150.45,2526.0,22.13
2015-11-24,5546.48,5587.88,5483.06,5587.51,50845784300.0,7922.4,2526.0,22.25
2015-11-25,5585.43,5669.07,5578.73,5668.74,57359413100.0,9517.2,2526.0,22.54
2015-11-26,5692.13,5703.26,5627.65,5636.34,63023865900.0,10351.49,2526.0,22.42
2015-11-27,5606.26,5618.21,5268.11,5306.07,69229412800.0,10641.52,2526.0,21.13
2015-11-30,5306.74,5363.23,5093.79,5330.91,59900969400.0,9093.15,2526.0,21.23
2015-12-01,5325.23,5400.39,5289.35,5345.86,49841385400.0,7725.73,2526.0,21.27
2015-12-02,5335.14,5404.53,5244.84,5402.59,54180941400.0,7797.53,2526.0,21.56
2015-12-03,5397.42,5497.22,5394.99,5496.62,50978362000.0,7423.09,2526.0,21.95
2015-12-04,5466.67,5500.76,5409.76,5439.65,49438910900.0,7591.92,2526.0,21.67
2015-12-07,5448.92,5493.1,5415.02,5488.94,43294360600.0,6984.25,2526.0,21.83
2015-12-08,5461.22,5461.22,5377.24,5385.93,46326735800.0,7342.96,2526.0,21.43
2015-12-09,5364.56,5419.57,5350.64,5384.63,40765142000.0,6661.31,2526.0,21.43
2015-12-10,5381.19,5431.96,5359.12,5371.41,40822443700.0,6800.52,2526.0,21.38
2015-12-11,5349.12,5376.28,5305.23,5335.84,36703725600.0,5889.64,2526.0,21.24
2015-12-14,5284.55,5456.95,5277.61,5456.51,42300242400.0,6645.6,2724.0,22.31
2015-12-15,5458.0,5505.55,5456.54,5484.63,42188173500.0,7068.68,2724.0,22.37
2015-12-16,5501.34,5536.47,5487.26,5503.52,42146743800.0,7207.8,2724.0,22.45
2015-12-17,5537.95,5635.26,5537.95,5635.12,60348434200.0,9869.49,2724.0,22.95
2015-12-18,5632.99,5670.17,5608.74,5633.02,56762827300.0,9437.55,2724.0,22.94
2015-12-21,5622.84,5731.73,5619.48,5722.03,58998422300.0,9336.9,2724.0,23.28
2015-12-22,5733.23,5760.52,5692.41,5760.29,54206347500.0,8656.88,2724.0,23.4
2015-12-23,5762.75,5788.64,5702.42,5711.29,59868920100.0,9811.18,2724.0,23.23
2015-12-24,5697.33,5711.29,5607.67,5685.58,45113067900.0,7369.8,2724.0,23.12
2015-12-25,5692.0,5729.41,5680.42,5716.56,40429740900.0,6739.98,2724.0,23.24
2015-12-28,5732.99,5744.1,5576.04,5576.04,53604670600.0,8821.87,2724.0,22.68
2015-12-29,5567.89,5631.84,5535.13,5631.47,38804286400.0,6489.4,2724.0,22.97
2015-12-30,5638.66,5670.52,5609.0,5670.35,41088386700.0,7095.83,2724.0,23.1
2015-12-31,5669.19,5683.65,5592.02,5592.64,39038834300.0,6680.61,2724.0,22.82
2016-01-04,5585.08,5586.9,5155.92,5156.02,38026929400.0,5794.43,2724.0,21.12
2016-01-05,4943.77,5186.41,4927.81,5101.97,54949601500.0,7909.77,2724.0,20.92
2016-01-06,5118.37,5220.12,5086.38,5219.81,48173629800.0,6805.63,2724.0,21.39
2016-01-07,5125.78,5125.78,4801.31,4809.71,13835171500.0,1795.74,2724.0,19.77
2016-01-08,4919.26,4969.67,4649.65,4874.65,55696129100.0,7326.2,2724.0,20.07
2016-01-11,4773.98,4831.73,4571.97,4571.97,52276868900.0,6425.64,2724.0,18.89
2016-01-12,4577.6,4631.53,4495.53,4583.36,41636478400.0,5303.13,2724.0,18.98
2016-01-13,4611.39,4646.61,4446.67,4446.67,39319108200.0,4959.02,2724.0,18.45
2016-01-14,4311.83,4586.47,4307.32,4578.46,43125323500.0,5310.5,2724.0,18.95
2016-01-15,4544.46,4583.62,4393.7,4420.99,40953068700.0,5177.07,2724.0,18.31
2016-01-18,4335.53,4526.78,4333.79,4478.99,34926819600.0,4543.9,2724.0,18.51
2016-01-19,4473.89,4640.15,4460.14,4634.16,42651677600.0,5631.18,2724.0,19.13
2016-01-20,4604.96,4658.88,4548.46,4583.39,43474206400.0,5753.52,2724.0,18.94
2016-01-21,4513.89,4625.18,4414.23,4414.23,38871977300.0,5157.84,2724.0,18.27
2016-01-22,4462.95,4498.51,4354.61,4474.63,32695226600.0,4275.64,2724.0,18.51
2016-01-25,4506.0,4548.31,4469.87,4514.42,30862587800.0,4056.87,2724.0,18.64
2016-01-26,4463.5,4473.55,4197.15,4204.88,41422985900.0,5056.23,2724.0,17.39
2016-01-27,4217.0,4231.82,3993.11,4169.19,42632014800.0,4931.0,2724.0,17.28
2016-01-28,4121.17,4169.69,3997.54,4013.12,33026376900.0,3850.56,2724.0,16.71
2016-01-29,4005.65,4187.46,3996.01,4154.91,35782692900.0,4139.05,2724.0,17.27
2016-02-01,4143.35,4162.61,4040.62,4097.08,30133762200.0,3564.63,2724.0,17.04
2016-02-02,4098.84,4229.46,4098.84,4218.69,31764245300.0,3895.11,2724.0,17.5
2016-02-03,4171.31,4238.75,4143.54,4224.52,29807943300.0,3617.72,2724.0,17.5
2016-02-04,4239.91,4318.15,4239.91,4299.54,34089928800.0,4258.96,2724.0,17.79
2016-02-05,4303.76,4315.64,4259.97,4261.11,27845495900.0,3473.59,2724.0,17.64
2016-02-15,4131.59,4275.75,4129.36,4252.9,25828548000.0,3165.85,2724.0,17.59
2016-02-16,4274.07,4420.94,4274.07,4412.03,38762676500.0,4859.49,2724.0,18.22
2016-02-17,4406.93,4469.99,4387.26,4465.17,43715207300.0,5521.53,2724.0,18.43
2016-02-18,4491.84,4510.86,4445.22,4453.4,44297488200.0,5680.37,2724.0,18.37
2016-02-19,4440.52,4489.52,4425.49,4466.16,34333717400.0,4637.34,2724.0,18.41
2016-02-22,4518.58,4566.98,4500.03,4561.69,45686846400.0,5832.8,2724.0,18.81
2016-02-23,4561.78,4568.82,4473.21,4528.73,41608439500.0,5528.95,2724.0,18.66
2016-02-24,4509.37,4557.52,4456.58,4550.35,42467907800.0,5592.45,2724.0,18.74
2016-02-25,4540.58,4540.61,4210.43,4227.46,52704277700.0,6457.51,2724.0,17.48
2016-02-26,4258.15,4278.61,4158.83,4241.59,38803198900.0,4687.89,2724.0,17.56
2016-02-29,4220.94,4220.99,3998.71,4056.61,40638664100.0,4482.36,2724.0,16.89
2016-03-01,4059.91,4167.45,4012.13,4140.27,38676383000.0,4444.19,2724.0,17.21
2016-03-02,4136.88,4336.52,4136.36,4330.47,52881035900.0,5941.37,2724.0,17.97
2016-03-03,4330.51,4397.29,4321.14,4340.99,56438957200.0,6430.3,2724.0,18.0
2016-03-04,4322.01,4351.11,4209.61,4280.62,56184276100.0,6230.63,2724.0,17.85
2016-03-07,4314.12,4373.22,4301.12,4343.78,40795488200.0,4654.53,2724.0,18.06
2016-03-08,4338.12,4361.7,4190.42,4361.63,45544017400.0,5188.48,2724.0,18.12
2016-03-09,4265.54,4314.58,4235.09,4283.77,35545289900.0,4128.14,2724.0,17.85
2016-03-10,4274.46,4304.38,4205.85,4207.43,28277231900.0,3434.64,2724.0,17.54
2016-03-11,4166.65,4224.13,4148.73,4203.89,24790402900.0,2937.77,2724.0,17.56
2016-03-14,4243.53,4366.07,4243.32,4317.66,39179303500.0,4875.74,2724.0,17.99
2016-03-15,4307.05,4322.79,4262.34,4303.37,32692812200.0,4148.68,2724.0,17.95
2016-03-16,4316.66,4332.68,4269.27,4287.42,33699780100.0,4112.08,2724.0,17.91
2016-03-17,4300.75,4412.9,4289.56,4392.54,42355489300.0,5552.22,2724.0,18.29
2016-03-18,4411.65,4536.89,4407.19,4514.16,61768296400.0,7936.91,2724.0,18.75
2016-03-21,4564.14,4631.83,4557.46,4631.23,67580245400.0,8784.35,2724.0,19.18
2016-03-22,4596.69,4644.95,4575.15,4610.2,53752864300.0,7368.82,2724.0,19.08
2016-03-23,4595.53,4643.45,4579.91,4643.03,45384267700.0,6496.39,2724.0,19.23
2016-03-24,4603.39,4645.23,4564.17,4570.48,49493351700.0,7145.68,2724.0,18.94
2016-03-25,4560.22,4607.36,4548.81,4600.65,37510759500.0,5353.36,2724.0,19.05
2016-03-28,4622.25,4659.56,4554.89,4568.76,43042854800.0,6084.79,2724.0,18.92
2016-03-29,4563.94,4571.94,4467.17,4496.18,37864737300.0,5191.28,2724.0,18.64
2016-03-30,4534.3,4641.47,4534.3,4641.47,43016398800.0,6100.99,2724.0,19.22
2016-03-31,4661.1,4689.75,4635.62,4650.48,45946999900.0,6764.87,2724.0,19.25
2016-04-01,4634.78,4650.1,4560.76,4639.56,41121992300.0,5643.89,2724.0,19.22
2016-04-05,4636.62,4745.4,4626.19,4738.23,50696942000.0,6926.12,2724.0,19.59
2016-04-06,4718.46,4757.59,4703.22,4749.75,48151284000.0,6818.02,2724.0,19.62
2016-04-07,4762.48,4770.34,4677.82,4677.99,47193468900.0,6743.97,2724.0,19.33
2016-04-08,4641.5,4656.76,4590.12,4640.2,39810727400.0,5632.23,2724.0,19.16
2016-04-11,4680.42,4749.32,4680.42,4725.52,45331512000.0,6417.79,2724.0,19.5
2016-04-12,4720.71,4730.74,4654.31,4698.08,38695147700.0,5536.98,2724.0,19.38
2016-04-13,4724.97,4816.35,4724.97,4763.06,60666832300.0,7966.87,2724.0,19.64
2016-04-14,4786.99,4802.44,4751.44,4802.24,43663140700.0,5947.05,2724.0,19.78
2016-04-15,4805.43,4813.77,4775.07,4799.42,39678063700.0,5569.48,2724.0,19.74
2016-04-18,4768.42,4768.42,4709.07,4732.4,38106591900.0,5348.41,2724.0,19.47
2016-04-19,4754.16,4766.63,4718.33,4748.91,33587415600.0,4846.18,2724.0,19.52
2016-04-20,4761.03,4768.38,4493.23,4585.19,57242294900.0,7700.47,2724.0,18.91
2016-04-21,4559.77,4613.95,4537.22,4541.68,39309192400.0,5207.99,2724.0,18.73
2016-04-22,4510.83,4573.46,4502.36,4573.18,29909744700.0,4038.48,2724.0,18.84
2016-04-25,4557.71,4566.05,4500.38,4552.14,27106257400.0,3712.1,2724.0,18.75
2016-04-26,4546.95,4595.62,4537.05,4595.4,26202444500.0,3646.5,2724.0,18.91
2016-04-27,4600.23,4623.84,4572.66,4579.56,29105152000.0,4074.28,2724.0,18.83
2016-04-28,4580.44,4587.85,4504.12,4568.66,30010188200.0,4123.69,2724.0,18.8
2016-04-29,4550.84,4587.61,4544.33,4564.67,24246604400.0,3459.93,2724.0,18.77
2016-05-03,4566.71,4677.57,4549.67,4677.33,36351586000.0,5146.72,2724.0,19.52
2016-05-04,4661.31,4704.64,4655.27,4676.39,35797387500.0,5089.51,2724.0,19.49
2016-05-05,4668.44,4699.84,4654.63,4696.78,30998863000.0,4477.79,2724.0,19.57
2016-05-06,4698.31,4709.04,4537.49,4537.64,44974563800.0,6289.09,2724.0,18.87
2016-05-09,4500.47,4500.47,4372.87,4391.48,36974343900.0,4744.29,2724.0,18.3
2016-05-10,4376.96,4408.82,4365.4,4387.49,24848990500.0,3252.49,2724.0,18.28
2016-05-11,4408.77,4424.68,4357.46,4377.84,27998405100.0,3711.61,2724.0,18.25
2016-05-12,4327.43,4379.58,4271.86,4378.54,28312590400.0,3618.31,2724.0,18.24
2016-05-13,4364.52,4409.32,4342.08,4363.05,24861779100.0,3302.96,2724.0,18.17
2016-05-16,4349.2,4421.17,4330.83,4420.87,25536545700.0,3436.46,2724.0,18.34
2016-05-17,4421.92,4448.5,4388.26,4411.97,29240302800.0,4098.89,2724.0,18.29
2016-05-18,4380.25,4380.28,4281.04,4325.8,30739008900.0,3937.58,2724.0,17.94
2016-05-19,4319.21,4382.69,4318.96,4337.45,25935954000.0,3552.04,2724.0,17.96
2016-05-20,4307.44,4374.43,4294.08,4374.19,25029535100.0,3445.21,2724.0,18.1
2016-05-23,4379.84,4422.09,4379.76,4418.14,27975792000.0,3927.57,2724.0,18.26
2016-05-24,4411.07,4411.13,4352.94,4377.67,25910495900.0,3485.58,2724.0,18.09
2016-05-25,4403.59,4421.66,4352.06,4366.37,24685501700.0,3457.2,2724.0,18.04
2016-05-26,4358.41,4381.42,4292.61,4381.21,27112913300.0,3634.58,2724.0,18.09
2016-05-27,4371.65,4402.92,4359.84,4378.09,25970998800.0,3473.66,2724.0,18.04
2016-05-30,4359.69,4394.4,4325.35,4368.69,23613635600.0,3089.4,2724.0,17.99
2016-05-31,4372.31,4532.85,4372.31,4532.85,45707131400.0,5958.26,2724.0,18.6
2016-06-01,4538.42,4572.75,4534.34,4545.76,44019791700.0,6139.95,2724.0,18.63
2016-06-02,4540.29,4574.87,4536.58,4574.87,37777986700.0,5219.74,2724.0,18.71
2016-06-03,4579.55,4618.55,4562.79,4597.34,40978486100.0,6015.63,2724.0,18.78
2016-06-06,4606.84,4615.65,4574.7,4599.42,33814767100.0,4944.39,2724.0,18.78
2016-06-07,4601.56,4604.99,4577.44,4601.11,31891767200.0,4646.27,2724.0,18.73
2016-06-08,4593.24,4608.98,4552.6,4587.39,33822129800.0,5026.8,2724.0,18.67
2016-06-13,4532.46,4560.17,4400.92,4401.32,38862142800.0,5608.91,2701.0,18.01
2016-06-14,4384.06,4422.3,4375.14,4416.46,27835664830.0,3893.5,2701.0,18.06
2016-06-15,4370.48,4541.25,4365.47,4526.74,38368654949.0,5444.94,2701.0,18.44
2016-06-16,4517.84,4541.12,4499.55,4512.46,39750035275.0,5685.26,2701.0,18.31
2016-06-17,4517.41,4569.34,4510.1,4538.5,38503372994.0,5409.69,2701.0,18.39
2016-06-20,4540.01,4555.53,4499.09,4548.53,32371302118.0,4679.23,2701.0,18.44
2016-06-21,4571.01,4603.05,4497.11,4515.17,38494596166.0,5549.04,2701.0,18.28
2016-06-22,4503.93,4575.61,4499.1,4575.46,31654761372.0,4568.53,2701.0,18.5
2016-06-23,4570.35,4577.42,4526.07,4554.49,34199711611.0,4961.25,2701.0,18.35
2016-06-24,4545.27,4577.24,4403.02,4505.96,44765438362.0,6156.78,2701.0,18.13
2016-06-27,4480.04,4595.23,4480.0,4595.1,37947979735.0,5520.07,2701.0,18.44
2016-06-28,4577.2,4636.11,4570.06,4632.58,42845538001.0,6291.92,2701.0,18.57
2016-06-29,4645.28,4659.28,4630.57,4648.8,42897860034.0,6040.93,2701.0,18.63
2016-06-30,4651.68,4663.23,4632.48,4650.62,36430640792.0,5362.3,2701.0,18.6
2016-07-01,4654.96,4674.46,4632.57,4644.61,33367222555.0,4864.93,2701.0,18.59
2016-07-04,4618.99,4732.0,4616.47,4725.52,45969174170.0,6197.9,2701.0,18.91
2016-07-05,4725.96,4746.4,4714.16,4740.63,48143393554.0,6599.04,2701.0,18.96
2016-07-06,4726.14,4759.45,4710.24,4759.22,44660231840.0,6200.42,2701.0,18.99
2016-07-07,4750.6,4776.14,4718.88,4759.86,48804085037.0,6936.43,2701.0,18.97
2016-07-08,4748.7,4765.37,4726.79,4741.75,38367730627.0,5567.98,2701.0,18.86
2016-07-11,4750.97,4794.8,4734.68,4738.82,47042939938.0,6569.56,2701.0,18.81
2016-07-12,4734.47,4808.51,4697.76,4808.27,52538451975.0,6944.47,2701.0,19.1
2016-07-13,4814.35,4846.44,4808.32,4835.9,52351819786.0,6926.3,2701.0,19.21
2016-07-14,4828.77,4837.56,4806.02,4836.23,40306665722.0,5594.55,2700.0,19.2
2016-07-15,4837.5,4842.91,4807.34,4824.85,38542207622.0,5355.85,2700.0,19.16
2016-07-18,4814.46,4830.36,4781.09,4803.76,38482839810.0,5299.71,2700.0,19.08
2016-07-19,4800.0,4809.12,4761.22,4808.13,34432755103.0,4865.85,2700.0,19.07
2016-07-20,4807.11,4823.78,4791.46,4801.61,32908409257.0,4788.69,2700.0,19.04
2016-07-21,4800.31,4845.6,4796.32,4816.65,36887990405.0,5267.91,2700.0,19.1
2016-07-22,4813.74,4820.12,4770.51,4775.5,35942003218.0,5083.69,2700.0,18.93
2016-07-25,4767.47,4802.83,4759.71,4781.75,32639955254.0,4646.77,2700.0,18.95
2016-07-26,4779.83,4840.39,4779.79,4840.17,33491275834.0,4595.46,2700.0,19.17
2016-07-27,4841.47,4847.59,4612.5,4683.8,58042746544.0,7696.16,2700.0,18.61
2016-07-28,4669.37,4707.19,4627.09,4682.34,39651205695.0,5297.84,2700.0,18.62
2016-07-29,4678.23,4689.56,4641.23,4652.71,30777510413.0,4053.23,2700.0,18.52
2016-08-01,4636.93,4636.93,4553.71,4595.01,30856924951.0,3945.57,2700.0,18.32
2016-08-02,4589.48,4627.1,4585.61,4627.03,23543353521.0,3035.69,2700.0,18.44
2016-08-03,4616.48,4645.97,4606.85,4641.88,28082190507.0,3537.5,2700.0,18.49
2016-08-04,4637.91,4667.27,4617.87,4665.23,29004212635.0,3793.79,2700.0,18.56
2016-08-05,4662.63,4683.03,4650.72,4653.34,28540400218.0,3723.16,2700.0,18.51
2016-08-08,4643.38,4702.74,4618.45,4702.57,30929126888.0,3858.97,2700.0,18.69
2016-08-09,4699.64,4744.04,4696.34,4743.89,33897493256.0,4281.5,2700.0,18.85
2016-08-10,4741.23,4755.92,4726.76,4727.33,33564136927.0,4286.86,2700.0,18.77
2016-08-11,4718.25,4741.59,4680.32,4680.32,32635012857.0,4130.12,2700.0,18.62
2016-08-12,4674.78,4745.25,4674.78,4745.21,32295715119.0,3916.01,2700.0,18.89
2016-08-15,4754.63,4884.96,4753.29,4866.18,56266923606.0,7042.81,2700.0,19.37
2016-08-16,4875.04,4896.36,4861.2,4875.12,52258938207.0,6669.05,2700.0,19.35
2016-08-17,4871.93,4892.97,4851.07,4881.81,43749704770.0,5770.58,2700.0,19.37
2016-08-18,4876.6,4907.57,4858.33,4876.93,46547028854.0,5916.14,2700.0,19.34
2016-08-19,4870.34,4894.55,4848.86,4882.43,39488773369.0,5018.6,2700.0,19.37
2016-08-22,4882.17,4891.89,4830.25,4831.48,38602502002.0,5002.32,2700.0,19.2
2016-08-23,4825.23,4857.34,4809.35,4839.36,33741671313.0,4288.28,2700.0,19.23
2016-08-24,4841.07,4859.8,4828.08,4839.62,31367312931.0,4142.38,2700.0,19.24
2016-08-25,4814.4,4815.36,4758.05,4808.0,35668448466.0,4601.92,2700.0,19.13
2016-08-26,4814.67,4850.74,4807.96,4817.57,32267210111.0,4351.43,2700.0,19.16
2016-08-29,4815.16,4835.27,4805.38,4824.8,29867428170.0,3964.75,2700.0,19.17
2016-08-30,4827.5,4849.98,4818.56,4827.81,29156514229.0,3875.23,2700.0,19.19
2016-08-31,4825.67,4845.22,4806.09,4840.0,29793094250.0,3964.65,2700.0,19.23
2016-09-01,4838.35,4845.48,4802.78,4803.14,32028948508.0,4139.15,2700.0,19.32
2016-09-02,4796.02,4822.37,4773.39,4799.62,30240853283.0,3943.32,2700.0,20.63
2016-09-05,4809.93,4840.21,4805.91,4817.08,29559488806.0,3747.25,2700.0,20.68
2016-09-06,4818.45,4874.08,4783.64,4873.57,37568622082.0,4931.15,2700.0,20.88
2016-09-07,4874.65,4899.15,4867.6,4873.11,40603461908.0,5246.33,2700.0,20.88
2016-09-08,4869.02,4885.65,4859.5,4883.98,31713507843.0,4173.36,2700.0,20.9
2016-09-09,4883.64,4895.07,4852.06,4852.07,34259984859.0,4482.48,2700.0,20.77
2016-09-12,4773.24,4785.76,4720.1,4735.62,40869301797.0,5067.19,2700.0,20.31
2016-09-13,4751.32,4761.79,4727.41,4753.9,28700155624.0,3683.76,2700.0,20.36
2016-09-14,4730.36,4751.17,4713.96,4726.5,27499273280.0,3490.98,2700.0,20.24
2016-09-19,4733.58,4772.41,4733.58,4772.18,24975839068.0,3224.64,2700.0,20.42
2016-09-20,4773.77,4774.82,4756.4,4768.62,24903113655.0,3231.9,2700.0,20.41
2016-09-21,4767.55,4789.12,4765.42,4779.21,24661474638.0,3206.29,2700.0,20.44
2016-09-22,4803.37,4826.55,4799.24,4810.08,29669840030.0,3862.55,2700.0,20.56
2016-09-23,4813.41,4816.33,4790.5,4790.9,27663749201.0,3638.84,2700.0,20.48
2016-09-26,4781.15,4781.19,4699.25,4699.25,30734821875.0,3891.47,2700.0,20.02
2016-09-27,4689.28,4730.5,4676.48,4730.5,25584494600.0,3204.96,2700.0,20.17
2016-09-28,4734.22,4734.22,4714.53,4720.99,22106735522.0,2785.27,2700.0,20.09
2016-09-29,4725.27,4756.01,4725.27,4738.01,23755797287.0,2945.33,2700.0,20.16
2016-09-30,4732.28,4765.14,4731.18,4757.4,21618180163.0,2720.48,2700.0,20.23
2016-10-10,4778.4,4837.68,4769.13,4837.64,32911313253.0,4198.14,2700.0,20.56
2016-10-11,4840.06,4864.83,4834.89,4864.44,34579120421.0,4274.88,2700.0,20.65
2016-10-12,4851.45,4862.72,4842.28,4862.15,30672006331.0,3871.09,2700.0,20.68
2016-10-13,4861.51,4877.65,4854.02,4868.11,32653979496.0,4007.28,2700.0,20.69
2016-10-14,4861.39,4867.13,4832.25,4865.17,31915631215.0,3906.55,2700.0,20.69
2016-10-17,4868.3,4874.12,4810.85,4822.99,33632411607.0,4262.73,2700.0,20.53
2016-10-18,4817.03,4892.08,4817.03,4892.03,35427180921.0,4436.95,2700.0,20.81
2016-10-19,4897.07,4907.77,4874.22,4886.2,36420201785.0,4519.45,2700.0,20.79
2016-10-20,4887.16,4901.13,4879.7,4895.33,33934709612.0,4378.87,2700.0,20.83
2016-10-21,4891.38,4907.08,4850.79,4887.91,36837125952.0,4602.55,2700.0,20.82
2016-10-24,4890.81,4947.63,4885.55,4935.44,42386310866.0,5052.13,2700.0,21.02
2016-10-25,4936.91,4947.8,4931.95,4947.8,38566752380.0,4794.27,2700.0,21.05
2016-10-26,4946.24,4946.31,4916.79,4928.15,38676776241.0,4916.9,2700.0,20.91
2016-10-27,4922.49,4924.78,4901.84,4920.99,31386297025.0,3999.37,2700.0,20.86
2016-10-28,4919.46,4941.75,4888.71,4890.55,34986175753.0,4483.04,2700.0,20.75
2016-10-31,4878.57,4892.73,4855.25,4887.24,29602739648.0,3849.86,2700.0,20.74
2016-11-01,4890.58,4931.77,4887.18,4931.76,31690377051.0,4243.94,2700.0,20.8
2016-11-02,4921.13,4930.45,4894.6,4897.74,36645008678.0,4829.01,2700.0,20.65
2016-11-03,4886.57,4958.58,4883.32,4934.25,43171188492.0,5687.03,2700.0,20.8
2016-11-04,4930.71,4952.51,4910.38,4919.62,37640667299.0,4951.67,2700.0,20.75
2016-11-07,4918.21,4933.99,4903.08,4923.66,36158540291.0,4486.54,2700.0,20.76
2016-11-08,4937.74,4961.07,4930.47,4949.3,36619863052.0,4629.6,2700.0,20.87
2016-11-09,4948.51,4952.79,4863.95,4918.45,46046240562.0,5765.31,2700.0,20.73
2016-11-10,4952.04,4982.32,4952.04,4980.24,45674511813.0,5620.6,2700.0,20.98
2016-11-11,4978.61,5014.52,4971.3,5012.47,55775130122.0,6654.79,2700.0,21.11
2016-11-14,5001.38,5045.32,4999.94,5030.26,58392885930.0,6862.63,2700.0,21.2
2016-11-15,5030.21,5044.59,5015.63,5044.48,45782100812.0,5609.02,2700.0,21.25
2016-11-16,5048.6,5057.71,5036.49,5047.23,44902643578.0,5661.59,2700.0,21.26
2016-11-17,5038.41,5049.94,5014.36,5044.14,40345269163.0,4918.44,2700.0,21.24
2016-11-18,5044.41,5052.44,5015.56,5022.16,38433848578.0,4786.45,2700.0,21.16
2016-11-21,5016.97,5063.95,5016.95,5044.9,40818241330.0,5180.3,2700.0,21.29
2016-11-22,5049.12,5087.21,5049.12,5086.51,46023658108.0,5796.27,2700.0,21.48
2016-11-23,5092.24,5105.82,5062.9,5074.33,46972914178.0,6068.87,2700.0,21.43
2016-11-24,5068.22,5098.38,5058.35,5069.83,43745005617.0,5674.95,2700.0,21.41
2016-11-25,5068.23,5096.93,5006.27,5096.93,43282873938.0,5487.17,2700.0,21.53
2016-11-28,5112.68,5125.25,5099.93,5107.02,48025605541.0,5879.75,2700.0,21.59
2016-11-29,5096.08,5132.64,5088.92,5094.99,52635574675.0,6307.35,2700.0,21.57
2016-11-30,5084.1,5092.63,5054.8,5068.87,41966749590.0,5166.35,2700.0,21.44
2016-12-01,5074.86,5105.47,5074.86,5100.05,40759780712.0,5071.27,2700.0,21.57
2016-12-02,5095.76,5097.59,5026.94,5030.27,44439988446.0,5377.7,2700.0,21.32
2016-12-05,4968.76,5007.75,4961.37,4977.03,38741549592.0,4655.01,2700.0,21.1
2016-12-06,4978.8,4995.35,4973.98,4977.17,29494109609.0,3778.75,2700.0,21.08
2016-12-07,4976.65,5018.51,4966.88,5018.43,31663638574.0,3900.5,2700.0,21.23
2016-12-08,5023.8,5024.73,4996.13,5000.31,32030255680.0,4035.91,2700.0,21.15
2016-12-09,4993.2,5024.98,4990.63,5006.61,34976054677.0,4335.13,2700.0,21.21
2016-12-12,5002.65,5004.46,4815.33,4818.29,50154740904.0,6093.84,2807.0,20.82
2016-12-13,4801.09,4842.95,4766.92,4829.24,34593121594.0,4188.97,2807.0,20.84
2016-12-14,4821.41,4845.92,4788.4,4798.5,35863901347.0,4324.13,2807.0,20.72
2016-12-15,4779.42,4830.76,4774.71,4799.28,34377621874.0,4227.41,2807.0,20.66
2016-12-16,4795.96,4834.83,4792.26,4827.35,31791268248.0,4003.17,2807.0,20.77
2016-12-19,4824.13,4826.9,4805.67,4815.73,30053102733.0,3703.09,2807.0,20.72
2016-12-20,4812.34,4813.14,4775.51,4799.13,29597372716.0,3561.21,2807.0,20.65
2016-12-21,4805.65,4838.81,4805.65,4838.25,32843824291.0,3976.22,2807.0,20.85
2016-12-22,4833.83,4841.02,4815.22,4834.8,30242708899.0,3685.42,2807.0,20.86
2016-12-23,4831.09,4833.46,4780.09,4786.61,30040512890.0,3676.86,2807.0,20.69
2016-12-26,4766.99,4806.31,4722.7,4806.21,28260566821.0,3458.8,2807.0,20.78
2016-12-27,4803.21,4821.56,4801.03,4806.41,26669825366.0,3351.53,2807.0,20.77
2016-12-28,4804.38,4812.11,4778.3,4788.62,26302315629.0,3239.04,2807.0,20.69
2016-12-29,4780.77,4803.23,4768.07,4777.3,25161305763.0,3149.99,2807.0,20.64
2016-12-30,4780.41,4796.09,4770.72,4786.98,25341827429.0,3156.55,2807.0,20.68
2017-01-03,4792.78,4831.9,4792.78,4831.69,27187100614.0,3275.04,2807.0,20.88
2017-01-04,4831.48,4880.37,4828.42,4879.99,33062811381.0,4154.77,2807.0,21.07
2017-01-05,4878.94,4890.73,4874.04,4881.35,33338083117.0,4148.3,2807.0,21.09
2017-01-06,4878.19,4880.02,4849.78,4850.94,33821965750.0,4175.01,2807.0,20.98
2017-01-09,4844.95,4875.72,4839.92,4875.43,31551211836.0,3896.46,2807.0,21.08
2017-01-10,4871.88,4883.09,4859.17,4861.77,32323821833.0,3880.48,2807.0,21.02
2017-01-11,4854.64,4869.48,4817.66,4818.12,31496678148.0,3717.87,2807.0,20.84
2017-01-12,4813.67,4827.3,4779.11,4782.32,28143696435.0,3317.59,2807.0,20.71
2017-01-13,4780.83,4791.44,4734.52,4741.08,28562478898.0,3456.93,2807.0,20.58
2017-01-16,4730.12,4730.21,4543.0,4645.33,43182129197.0,4820.06,2807.0,20.27
2017-01-17,4625.93,4675.78,4590.51,4675.6,26054506776.0,3150.68,2807.0,20.38
2017-01-18,4667.46,4695.66,4655.79,4675.03,23882384733.0,2873.4,2806.0,20.37
2017-01-19,4662.6,4681.3,4648.97,4656.82,22452567554.0,2619.71,2806.0,20.29
2017-01-20,4652.02,4716.99,4651.76,4711.31,23397734999.0,2851.32,2806.0,20.49
2017-01-23,4716.9,4755.42,4716.9,4741.02,25279248349.0,2988.28,2806.0,20.68
2017-01-24,4738.66,4742.2,4724.43,4732.9,23892997961.0,2753.77,2806.0,20.67
2017-01-25,4726.57,4749.87,4721.24,4746.12,21140769135.0,2535.02,2806.0,20.75
2017-01-26,4748.98,4772.91,4748.98,4770.43,20388415823.0,2389.05,2806.0,20.85
2017-02-03,4773.95,4776.4,4739.66,4748.21,18022258062.0,2137.23,2806.0,20.74
2017-02-06,4750.02,4780.85,4741.01,4780.5,23729369556.0,2885.17,2806.0,20.87
2017-02-07,4777.15,4788.13,4756.48,4778.28,25167478639.0,3103.86,2806.0,20.84
2017-02-08,4771.64,4806.99,4749.95,4806.69,27464354999.0,3355.9,2806.0,20.95
2017-02-09,4804.46,4837.25,4802.01,4835.26,34348869112.0,4056.64,2806.0,21.07
2017-02-10,4835.19,4855.59,4830.38,4842.3,40367808083.0,4464.93,2806.0,21.1
2017-02-13,4842.92,4873.29,4842.26,4872.11,37644465533.0,4275.67,2806.0,21.24
2017-02-14,4871.73,4874.81,4853.83,4870.58,32667226268.0,3770.95,2805.0,21.24
2017-02-15,4867.24,4880.93,4829.39,4836.76,39568187884.0,4456.39,2805.0,21.14
2017-02-16,4833.79,4867.64,4830.87,4867.22,35260426029.0,3872.45,2805.0,21.23
2017-02-17,4866.7,4878.93,4827.93,4831.84,37566439549.0,4284.17,2805.0,21.08
2017-02-20,4829.96,4888.74,4829.96,4888.1,38228013895.0,4343.84,2805.0,21.32
2017-02-21,4891.21,4918.6,4887.87,4918.36,37638687192.0,4412.57,2805.0,21.45
2017-02-22,4917.78,4935.31,4908.17,4935.19,37898481151.0,4483.27,2805.0,21.53
2017-02-23,4932.24,4937.85,4898.7,4923.3,38671324367.0,4577.44,2805.0,21.49
2017-02-24,4916.76,4930.34,4903.51,4930.06,33840353301.0,4095.76,2805.0,21.53
2017-02-27,4926.89,4929.16,4886.9,4891.91,33310967381.0,4070.9,2805.0,21.38
2017-02-28,4889.72,4909.15,4884.94,4906.27,28078762608.0,3526.27,2805.0,21.46
2017-03-01,4903.09,4931.7,4899.82,4917.19,34225272790.0,4253.69,2805.0,21.51
2017-03-02,4921.99,4927.32,4884.11,4885.97,32269841440.0,4049.23,2805.0,21.37
2017-03-03,4872.18,4889.95,4856.12,4888.78,29543020907.0,3825.57,2805.0,21.35
2017-03-06,4890.29,4930.11,4890.29,4929.8,30657230719.0,4074.95,2805.0,21.47
2017-03-07,4930.57,4940.29,4916.79,4940.14,31135701021.0,4125.23,2805.0,21.53
2017-03-08,4937.87,4940.0,4913.77,4926.43,29389216630.0,3790.31,2805.0,21.48
2017-03-09,4918.46,4918.6,4878.05,4892.83,30156334266.0,3753.6,2805.0,21.33
2017-03-10,4888.99,4906.69,4888.99,4894.77,26076208557.0,3510.76,2805.0,21.33
2017-03-13,4890.89,4933.24,4866.59,4933.24,30060208978.0,3974.76,2805.0,21.49
2017-03-14,4933.01,4941.71,4916.75,4927.2,28052406644.0,3812.44,2805.0,21.48
2017-03-15,4919.79,4932.01,4908.61,4928.46,27413287943.0,3646.25,2805.0,21.48
2017-03-16,4937.94,4966.41,4937.94,4966.28,33679925715.0,4399.42,2805.0,21.63
2017-03-17,4969.77,4975.76,4919.69,4923.53,35932478540.0,4801.99,2805.0,21.45
2017-03-20,4923.97,4934.95,4902.43,4934.95,30929566461.0,4118.9,2805.0,21.52
2017-03-21,4933.44,4950.99,4927.82,4950.67,29263919181.0,4050.8,2805.0,21.6
2017-03-22,4928.78,4945.2,4901.87,4927.75,34081666376.0,4463.98,2805.0,21.49
2017-03-23,4929.45,4952.0,4891.5,4936.26,34527882335.0,4682.85,2805.0,21.52
2017-03-24,4935.99,4969.78,4928.96,4962.37,37709976001.0,4772.02,2805.0,21.65
2017-03-27,4961.58,4974.37,4942.1,4946.99,35256452110.0,4563.1,2805.0,21.59
2017-03-28,4945.49,4950.64,4923.88,4934.17,29555252290.0,3860.82,2805.0,21.53
2017-03-29,4936.12,4945.52,4904.52,4915.45,37298540037.0,4565.56,2805.0,21.46
2017-03-30,4907.27,4911.26,4833.02,4844.46,42900313618.0,5043.6,2805.0,21.2
2017-03-31,4841.94,4864.98,4839.07,4863.51,33207577472.0,3958.63,2805.0,21.3
2017-04-05,4889.74,4949.59,4889.74,4949.59,42513317096.0,5075.54,2805.0,21.65
2017-04-06,4956.18,4971.83,4944.96,4965.08,41548327496.0,4877.72,2805.0,21.71
2017-04-07,4963.98,4982.47,4953.82,4970.4,41981255286.0,5018.73,2805.0,21.73
2017-04-10,4967.4,4967.5,4937.38,4942.59,44471623666.0,5477.05,2805.0,21.61
2017-04-11,4939.33,4974.27,4896.6,4972.47,52118130920.0,6394.81,2805.0,21.72
2017-04-12,4967.91,4971.52,4936.55,4944.72,50451518068.0,5974.68,2805.0,21.59
2017-04-13,4934.47,4966.64,4930.04,4958.74,39588355022.0,4491.98,2805.0,21.63
2017-04-14,4959.17,4959.77,4893.2,4901.23,41549845937.0,4664.07,2805.0,21.39
2017-04-17,4883.25,4883.25,4833.44,4858.68,38746063277.0,4521.94,2805.0,21.22
2017-04-18,4852.83,4873.97,4824.51,4824.73,35180996099.0,4256.28,2805.0,21.07
2017-04-19,4806.73,4810.93,4735.91,4780.79,38538773890.0,4385.01,2805.0,20.88
2017-04-20,4777.03,4798.0,4748.11,4780.83,34240223643.0,4133.29,2805.0,20.89
2017-04-21,4779.51,4796.39,4756.38,4768.25,29233231160.0,3431.94,2805.0,20.87
2017-04-24,4755.39,4755.39,4659.24,4671.02,32677788055.0,3668.86,2805.0,20.51
2017-04-25,4668.97,4708.67,4662.54,4686.41,28859636848.0,3402.74,2805.0,20.54
2017-04-26,4684.55,4714.16,4683.32,4696.71,31425902977.0,3790.5,2805.0,20.58
2017-04-27,4683.77,4714.88,4617.31,4709.19,38812855331.0,4489.55,2805.0,20.64
2017-04-28,4697.51,4718.13,4691.4,4718.13,30666480682.0,3619.57,2805.0,20.65
2017-05-02,4707.49,4719.24,4695.93,4713.02,29431511924.0,3548.28,2805.0,19.82
2017-05-03,4705.78,4720.1,4681.52,4698.04,30874564664.0,3711.0,2805.0,19.75
2017-05-04,4685.68,4717.77,4664.43,4684.75,32906579488.0,3894.62,2805.0,19.71
2017-05-05,4669.99,4674.53,4636.34,4637.68,31736295884.0,3741.15,2805.0,19.54
2017-05-08,4622.64,4627.68,4572.79,4573.67,32383099347.0,3680.24,2805.0,19.31
2017-05-09,4553.5,4586.96,4530.43,4585.07,25251800746.0,2960.47,2805.0,19.34
2017-05-10,4582.91,4606.05,4527.96,4528.31,29078832627.0,3380.46,2805.0,19.12
2017-05-11,4504.33,4528.16,4440.58,4526.13,33928683219.0,3661.35,2805.0,19.12
2017-05-12,4516.6,4549.85,4505.7,4540.47,27539361954.0,3121.19,2805.0,19.18
2017-05-15,4548.99,4570.29,4548.99,4557.81,24632277223.0,2910.69,2805.0,19.23
2017-05-16,4548.48,4626.59,4520.72,4626.38,33649784518.0,3952.08,2805.0,19.43
2017-05-17,4621.03,4648.0,4618.17,4622.53,33374468875.0,4021.26,2805.0,19.39
2017-05-18,4589.65,4624.79,4580.92,4597.1,28452374148.0,3387.92,2805.0,19.26
2017-05-19,4594.57,4607.84,4580.18,4599.61,25166442692.0,2996.31,2805.0,19.25
2017-05-22,4593.63,4614.91,4544.28,4562.41,28815227106.0,3289.65,2805.0,19.12
2017-05-23,4552.96,4565.9,4502.02,4505.6,32421725295.0,3655.82,2805.0,18.95
2017-05-24,4484.37,4517.7,4436.95,4517.7,26417500358.0,2957.68,2805.0,18.97
2017-05-25,4507.11,4578.99,4491.5,4574.75,34072648036.0,3730.79,2805.0,19.04
2017-05-26,4568.13,4590.65,4562.39,4569.97,29028942653.0,3287.4,2805.0,18.98
2017-05-31,4600.12,4614.27,4569.67,4572.15,28442251733.0,3245.41,2805.0,19.0
2017-06-01,4560.76,4564.91,4518.02,4519.04,29349978702.0,3271.81,2805.0,18.84
2017-06-02,4506.96,4543.1,4475.54,4536.55,26889334776.0,2929.29,2805.0,18.89
2017-06-05,4535.32,4552.36,4535.22,4545.59,24864870103.0,2751.72,2805.0,18.85
2017-06-06,4539.39,4570.67,4532.98,4570.62,22368219713.0,2561.45,2805.0,18.93
2017-06-07,4570.46,4645.41,4567.81,4644.84,34102543520.0,3916.5,2805.0,19.21
2017-06-08,4642.18,4666.11,4638.44,4662.67,30854950933.0,3655.92,2805.0,19.23
2017-06-09,4659.52,4677.37,4652.42,4674.94,30315839780.0,3553.71,2805.0,19.26
2017-06-12,4659.76,4680.51,4635.31,4641.12,28705696665.0,3552.33,2965.0,19.32
2017-06-13,4633.75,4682.4,4633.31,4679.13,26761543292.0,3281.46,2965.0,19.45
2017-06-14,4670.13,4675.77,4643.03,4649.45,28454314200.0,3530.79,2965.0,19.32
2017-06-15,4642.67,4675.46,4639.1,4672.08,30668821481.0,3774.11,2965.0,19.39
2017-06-16,4666.95,4677.05,4657.27,4661.43,27103933246.0,3322.44,2965.0,19.3
2017-06-19,4660.5,4698.86,4660.5,4698.6,26854237938.0,3261.13,2965.0,19.42
2017-06-20,4704.67,4711.51,4690.31,4697.38,29767056507.0,3658.54,2965.0,19.4
2017-06-21,4711.97,4725.15,4688.62,4725.04,28552690447.0,3619.57,2965.0,19.5
2017-06-22,4720.18,4751.87,4685.64,4685.72,36449467176.0,4463.89,2965.0,19.37
2017-06-23,4676.05,4708.71,4643.26,4708.62,31039767250.0,3762.69,2965.0,19.44
2017-06-26,4710.44,4769.29,4710.44,4768.79,33762916355.0,4140.62,2965.0,19.65
2017-06-27,4766.7,4780.0,4750.45,4776.66,29219093369.0,3548.15,2965.0,19.67
2017-06-28,4764.79,4768.58,4738.95,4743.92,28444286135.0,3432.36,2965.0,19.55
2017-06-29,4746.38,4769.58,4746.38,4768.11,26371025190.0,3246.94,2965.0,19.61
2017-06-30,4752.78,4774.48,4741.61,4772.14,24879237076.0,3040.04,2965.0,19.64
2017-07-03,4773.5,4781.39,4749.29,4781.39,28044533840.0,3384.52,2965.0,19.67
2017-07-04,4777.13,4777.13,4745.08,4755.13,28315272104.0,3506.47,2965.0,19.58
2017-07-05,4747.69,4798.72,4742.95,4798.55,29736604037.0,3698.46,2965.0,19.73
2017-07-06,4793.71,4808.66,4763.92,4802.65,35460465111.0,4315.59,2965.0,19.72
2017-07-07,4789.08,4809.03,4778.55,4808.63,34670557883.0,4158.27,2965.0,19.74
2017-07-10,4800.46,4816.1,4787.12,4794.94,38422315938.0,4511.14,2965.0,19.67
2017-07-11,4785.99,4816.98,4774.24,4774.45,35322580625.0,4194.98,2965.0,19.57
2017-07-12,4772.37,4786.95,4729.09,4765.29,35549231186.0,4138.11,2965.0,19.51
2017-07-13,4761.49,4790.81,4757.11,4784.51,34928221419.0,4070.74,2965.0,19.56
2017-07-14,4777.17,4784.76,4758.21,4781.47,30218502707.0,3565.0,2965.0,19.55
2017-07-17,4770.07,4771.45,4613.02,4637.95,48337956618.0,5294.24,2965.0,19.07
2017-07-18,4617.42,4662.6,4598.76,4662.57,34609889299.0,3822.71,2965.0,19.11
2017-07-19,4654.42,4738.99,4650.49,4738.17,46172232468.0,4907.47,2965.0,19.38
2017-07-20,4733.0,4770.93,4730.05,4762.31,41427194170.0,4693.58,2965.0,19.43
2017-07-21,4751.85,4768.9,4746.75,4754.61,36636986128.0,4165.31,2965.0,19.38
2017-07-24,4747.63,4785.53,4743.75,4778.46,40966882947.0,4604.88,2965.0,19.46
2017-07-25,4774.55,4784.51,4741.27,4758.42,36659413911.0,4056.98,2965.0,19.41
2017-07-26,4759.89,4772.23,4725.27,4749.99,38659818910.0,4309.3,2965.0,19.4
2017-07-27,4743.13,4784.18,4718.39,4780.15,45506246308.0,5145.28,2965.0,19.51
2017-07-28,4769.82,4795.59,4765.38,4790.23,37024232298.0,4271.91,2965.0,19.53
2017-07-31,4789.61,4825.74,4783.22,4823.0,46027149203.0,5078.78,2965.0,19.64
2017-08-01,4822.73,4843.28,4817.31,4843.14,44940949421.0,5076.53,2965.0,19.73
2017-08-02,4840.48,4853.01,4817.0,4818.7,49243499173.0,5469.8,2965.0,19.65
2017-08-03,4810.08,4833.8,4792.99,4807.26,43864354407.0,4870.59,2965.0,19.59
2017-08-04,4803.94,4822.23,4782.68,4782.95,49089814231.0,5308.43,2965.0,19.51
2017-08-07,4777.27,4817.52,4770.77,4817.34,40354897131.0,4275.66,2965.0,19.62
2017-08-08,4815.87,4833.85,4807.13,4826.82,45727799879.0,4903.8,2965.0,19.66
2017-08-09,4822.61,4836.46,4808.35,4836.05,42652195868.0,4614.35,2965.0,19.66
2017-08-10,4826.2,4844.33,4771.32,4806.04,43654422022.0,4868.06,2965.0,19.56
2017-08-11,4771.7,4787.57,4717.2,4720.92,46066353583.0,4975.43,2965.0,19.25
2017-08-14,4724.21,4798.02,4724.21,4798.02,37423197215.0,4407.81,2965.0,19.51
2017-08-15,4798.85,4819.54,4792.41,4814.08,35258621952.0,4187.02,2965.0,19.59
2017-08-16,4808.73,4825.53,4785.03,4819.96,37232536408.0,4466.38,2965.0,19.61
2017-08-17,4825.15,4852.95,4821.63,4852.56,40602528173.0,4855.1,2965.0,19.73
2017-08-18,4828.32,4856.09,4819.35,4845.86,36914579296.0,4426.57,2965.0,19.7
2017-08-21,4852.25,4876.05,4852.25,4875.81,35221083319.0,4171.51,2965.0,19.82
2017-08-22,4876.33,4882.12,4857.04,4869.0,35596697225.0,4410.3,2965.0,19.8
2017-08-23,4861.32,4873.47,4839.09,4854.16,32683827517.0,3848.56,2965.0,19.77
2017-08-24,4853.28,4858.15,4816.68,4824.6,29934126998.0,3557.03,2965.0,19.65
2017-08-25,4823.85,4888.52,4823.85,4887.11,35300569527.0,4117.76,2965.0,19.94
2017-08-28,4893.95,4962.09,4893.95,4944.07,46033573085.0,5738.36,2965.0,20.15
2017-08-29,4940.79,4951.59,4924.27,4934.65,39314821181.0,4835.45,2965.0,20.13
2017-08-30,4932.93,4955.9,4932.93,4946.83,41843351921.0,4944.12,2965.0,20.16
2017-08-31,4947.07,4952.97,4920.91,4947.92,39681964859.0,4741.55,2965.0,20.14
2017-09-01,4951.63,4976.32,4951.63,4972.25,48760010325.0,5694.04,2965.0,20.64
2017-09-04,4971.56,4997.26,4958.69,4996.98,49023914281.0,5811.6,2965.0,20.75
2017-09-05,4994.98,5009.09,4982.81,5005.27,41222283999.0,4987.65,2965.0,20.78
2017-09-06,4991.16,5015.49,4981.74,5014.38,43492691262.0,5370.38,2965.0,20.81
2017-09-07,5014.81,5025.5,4987.16,4989.18,44020309260.0,5573.92,2965.0,20.71
2017-09-08,4987.7,5010.27,4970.77,4993.19,38780456711.0,4905.29,2965.0,20.71
2017-09-11,4994.4,5021.8,4986.89,5018.19,41932200131.0,5292.7,2965.0,20.81
2017-09-12,5024.81,5049.52,5008.11,5020.05,53845655958.0,6888.58,2965.0,20.81
2017-09-13,5015.42,5035.89,5004.0,5035.3,38801902106.0,4879.5,2965.0,20.86
2017-09-14,5036.01,5047.46,5007.68,5023.95,43369047032.0,5326.69,2965.0,20.8
2017-09-15,5017.64,5026.19,4994.53,5010.15,42139589977.0,5112.22,2965.0,20.72
2017-09-18,5008.26,5040.93,5008.26,5036.71,37294902950.0,4640.61,2965.0,20.82
2017-09-19,5041.19,5048.0,5003.2,5018.54,38203928997.0,4753.35,2965.0,20.76
2017-09-20,5014.49,5047.99,5008.49,5046.25,38862915323.0,4862.74,2965.0,20.86
2017-09-21,5045.18,5052.15,5014.21,5014.24,39470909166.0,4936.09,2965.0,20.76
2017-09-22,4999.69,5007.23,4980.03,5001.32,34948062317.0,4288.28,2965.0,20.71
2017-09-25,4991.82,4997.23,4948.65,4953.99,33200505522.0,4145.61,2965.0,20.57
2017-09-26,4946.87,4962.08,4939.78,4962.04,27855382700.0,3438.87,2965.0,20.58
2017-09-27,4961.07,4990.9,4961.03,4983.24,29369100977.0,3688.87,2965.0,20.64
2017-09-28,4980.99,4989.91,4972.36,4973.82,31139026902.0,3887.2,2965.0,20.6
2017-09-29,4977.92,5008.25,4977.92,5002.55,30340033797.0,3813.78,2965.0,20.69
2017-10-09,5074.96,5086.27,5051.26,5060.32,38534676732.0,4857.41,2965.0,20.9
2017-10-10,5059.87,5082.88,5041.53,5082.46,36887914475.0,4817.98,2965.0,20.98
2017-10-11,5080.11,5093.79,5072.29,5080.57,38342593617.0,5012.73,2965.0,21.0
2017-10-12,5077.31,5086.1,5054.21,5081.27,33692095510.0,4273.74,2965.0,20.99
2017-10-13,5080.09,5103.96,5077.8,5100.55,31272011511.0,4032.0,2965.0,21.06
2017-10-16,5101.8,5104.47,5048.56,5049.98,38422883793.0,4832.1,2965.0,20.9
2017-10-17,5042.38,5063.5,5029.19,5047.15,26179961041.0,3374.17,2965.0,20.88
2017-10-18,5048.34,5064.3,5032.95,5044.09,31278871678.0,3856.43,2965.0,20.9
2017-10-19,5038.46,5043.77,5003.14,5010.82,31909379823.0,3845.42,2965.0,20.8
2017-10-20,4999.85,5037.26,4997.04,5036.93,25152985806.0,3171.81,2965.0,20.89
2017-10-23,5039.22,5056.04,5033.62,5054.9,26401248016.0,3339.57,2965.0,20.95
2017-10-24,5049.17,5061.91,5040.05,5061.88,27398840851.0,3527.58,2965.0,20.98
2017-10-25,5058.69,5090.44,5055.03,5089.7,26144831438.0,3338.08,2965.0,21.07
2017-10-26,5089.2,5123.07,5082.56,5109.78,34325177816.0,4507.59,2965.0,21.13
2017-10-27,5106.41,5119.51,5097.49,5109.68,32521666138.0,4072.2,2965.0,21.14
2017-10-30,5105.48,5113.54,4999.85,5045.26,40357764672.0,4964.52,2965.0,20.92
2017-10-31,5032.69,5062.76,5026.76,5062.09,28897742298.0,3775.83,2965.0,20.98
2017-11-01,5062.48,5085.43,5048.89,5055.37,32063362192.0,4170.07,2965.0,20.1
2017-11-02,5049.77,5049.84,5012.67,5026.97,32225648767.0,4005.53,2965.0,20.0
2017-11-03,5021.5,5030.07,4973.4,5003.17,32895971581.0,4055.84,2965.0,19.93
2017-11-06,5001.19,5047.51,4984.06,5047.01,31028850021.0,4051.84,2965.0,20.08
2017-11-07,5046.94,5082.26,5044.65,5081.41,35773663194.0,4568.51,2965.0,20.22
2017-11-08,5077.08,5118.01,5072.47,5083.47,36737301091.0,4806.75,2965.0,20.22
2017-11-09,5079.65,5117.08,5078.94,5116.79,32125436242.0,4165.82,2965.0,20.33
2017-11-10,5110.45,5150.06,5105.39,5145.69,36884338549.0,4979.52,2965.0,20.39
2017-11-13,5148.71,5163.51,5143.58,5159.42,39218211232.0,5242.02,2965.0,20.46
2017-11-14,5158.52,5162.95,5105.2,5122.52,38550731889.0,5197.99,2965.0,20.32
2017-11-15,5106.57,5120.44,5062.65,5082.26,32382114284.0,4509.94,2965.0,20.15
2017-11-16,5072.27,5109.92,5067.07,5100.84,31444656267.0,4286.9,2965.0,20.18
2017-11-17,5091.22,5105.06,5021.8,5026.99,45599446102.0,5753.98,2965.0,19.94
2017-11-20,4997.35,5055.51,4940.79,5055.08,33787913556.0,4373.36,2965.0,20.05
2017-11-21,5043.17,5104.02,5039.04,5102.29,37483809121.0,5037.32,2965.0,20.2
2017-11-22,5108.67,5137.2,5065.69,5105.44,38895746946.0,5126.6,2965.0,20.25
2017-11-23,5092.54,5092.54,4962.05,4970.2,38867129051.0,4991.1,2965.0,19.74
2017-11-24,4953.44,4987.4,4934.53,4973.51,30017852829.0,3924.24,2965.0,19.75
2017-11-27,4960.59,4960.67,4904.9,4912.66,30907673394.0,3824.38,2965.0,19.52
2017-11-28,4900.33,4952.68,4894.1,4952.68,26342897983.0,3261.1,2965.0,19.65
2017-11-29,4955.53,4962.37,4900.81,4957.89,33188815753.0,4035.37,2965.0,19.68
2017-11-30,4940.94,4958.11,4897.82,4913.7,28539295193.0,3568.57,2965.0,19.53
2017-12-01,4910.29,4947.48,4898.53,4929.92,26765032789.0,3447.17,2965.0,19.58
2017-12-04,4922.15,4950.38,4915.25,4921.59,28098290860.0,3545.22,2965.0,19.54
2017-12-05,4909.58,4929.15,4861.66,4874.02,36200801051.0,4376.16,2965.0,19.41
2017-12-06,4859.42,4878.91,4808.8,4878.73,28903362528.0,3515.52,2965.0,19.4
2017-12-07,4866.15,4881.79,4833.91,4845.48,24864167025.0,3110.13,2965.0,19.27
2017-12-08,4837.39,4899.46,4835.67,4889.23,25816430244.0,3275.35,2965.0,19.42
2017-12-11,4894.12,4956.64,4894.12,4956.48,27926000042.0,3795.96,3228.0,19.98
2017-12-12,4954.52,4954.98,4902.24,4902.42,26454514441.0,3564.31,3228.0,19.76
2017-12-13,4897.19,4939.78,4892.92,4939.44,23614992263.0,3175.27,3228.0,19.9
2017-12-14,4937.96,4946.29,4911.61,4927.61,25441650491.0,3356.38,3228.0,19.85
2017-12-15,4919.76,4922.71,4877.71,4889.44,27628638821.0,3554.91,3228.0,19.71
2017-12-18,4887.51,4905.62,4857.74,4876.23,24442522477.0,3217.95,3228.0,19.67
2017-12-19,4875.5,4922.36,4875.44,4922.09,23513054886.0,3135.3,3228.0,19.85
2017-12-20,4920.1,4922.6,4884.05,4896.19,26647832579.0,3422.47,3228.0,19.76
2017-12-21,4887.88,4938.6,4863.07,4926.17,27357398804.0,3590.74,3228.0,19.87
2017-12-22,4921.98,4935.15,4909.24,4915.8,23807820263.0,3124.47,3228.0,19.84
2017-12-25,4916.04,4929.82,4864.26,4878.31,27326711089.0,3508.24,3228.0,19.71
2017-12-26,4875.24,4900.52,4848.3,4899.36,26025529642.0,3249.75,3228.0,19.82
2017-12-27,4891.86,4895.91,4845.14,4848.96,29164633927.0,3659.48,3228.0,19.64
2017-12-28,4846.12,4890.18,4835.93,4873.34,31167034605.0,3828.92,3228.0,19.74
2017-12-29,4875.07,4899.29,4872.18,4898.9,26186724146.0,3297.07,3228.0,19.86
2018-01-02,4911.06,4959.42,4911.06,4959.1,34964845187.0,4168.44,3228.0,20.1
2018-01-03,4960.95,5010.41,4956.96,4995.41,39234287455.0,4962.94,3228.0,20.23
2018-01-04,4993.91,5017.46,4987.32,5013.85,36679496398.0,4615.01,3228.0,20.32
2018-01-05,5015.1,5031.6,5005.34,5020.49,38345565463.0,4663.21,3228.0,20.36
2018-01-08,5020.1,5038.98,5001.35,5038.76,42155527878.0,5223.02,3228.0,20.44
2018-01-09,5034.85,5054.99,5030.39,5054.53,35526648177.0,4429.05,3228.0,20.48
2018-01-10,5052.21,5058.43,5013.08,5049.2,38603694893.0,4772.19,3228.0,20.49
2018-01-11,5037.24,5063.03,5025.29,5058.45,34456986694.0,4363.72,3228.0,20.53
2018-01-12,5054.94,5069.29,5040.23,5057.91,34016529776.0,4184.31,3228.0,20.53
2018-01-15,5054.87,5060.91,4984.9,4996.06,43445460756.0,5410.23,3228.0,20.32
2018-01-16,4986.03,5030.76,4985.29,5030.06,38251185701.0,4905.54,3228.0,20.46
2018-01-17,5026.0,5031.65,4984.62,5016.0,44797768216.0,5574.09,3228.0,20.46
2018-01-18,5017.36,5046.51,5013.68,5035.34,35450153402.0,4408.76,3228.0,20.58
2018-01-19,5040.22,5070.86,5024.04,5036.99,41025858985.0,4960.34,3228.0,20.63
2018-01-22,5027.36,5092.17,5025.14,5091.0,38069320299.0,4783.22,3228.0,20.8
2018-01-23,5095.16,5121.69,5092.62,5121.19,39710986677.0,4888.31,3228.0,21.0
2018-01-24,5122.33,5140.03,5097.61,5139.49,44396230739.0,5566.94,3228.0,21.08
2018-01-25,5131.2,5151.54,5112.62,5120.39,43590927036.0,5351.17,3228.0,21.01
2018-01-26,5107.01,5142.88,5104.96,5126.61,38124351677.0,4653.05,3228.0,21.04
2018-01-29,5128.31,5134.04,5035.6,5048.67,41791540602.0,5198.77,3228.0,20.78
2018-01-30,5034.78,5055.5,5011.36,5017.2,32845209309.0,4049.99,3228.0,20.62
2018-01-31,4990.07,5007.04,4950.68,4974.35,38197715293.0,4530.04,3228.0,20.49
2018-02-01,4969.13,4980.33,4849.6,4864.46,46503431774.0,5275.79,3228.0,20.15
2018-02-02,4826.25,4875.16,4767.74,4874.81,37503904070.0,4293.62,3228.0,20.23
2018-02-05,4805.65,4873.18,4796.1,4868.81,35144652521.0,4203.33,3228.0,20.27
2018-02-06,4774.25,4797.9,4677.85,4680.83,46023275420.0,5316.36,3228.0,19.52
2018-02-07,4748.55,4764.22,4601.42,4627.1,42883029379.0,4959.86,3228.0,19.23
2018-02-08,4604.27,4664.87,4593.46,4629.54,33921239313.0,3833.65,3228.0,19.14
2018-02-09,4511.39,4525.85,4385.52,4457.46,43210416414.0,4645.94,3228.0,18.44
2018-02-12,4469.06,4555.27,4461.65,4540.01,28421603571.0,3240.31,3228.0,18.71
2018-02-13,4570.74,4623.52,4569.53,4574.79,27926140186.0,3197.79,3228.0,18.88
2018-02-14,4580.77,4603.24,4557.84,4600.61,19019668162.0,2162.02,3228.0,18.97
2018-02-22,4646.82,4694.24,4640.92,4692.03,26348326770.0,3025.46,3228.0,19.36
2018-02-23,4697.57,4719.26,4671.27,4709.73,27276431960.0,3065.4,3228.0,19.44
2018-02-26,4732.58,4793.57,4704.64,4787.2,37135678883.0,4319.2,3228.0,19.74
2018-02-27,4787.89,4788.41,4746.05,4752.89,35413227385.0,4262.67,3228.0,19.57
2018-02-28,4713.5,4761.31,4687.5,4739.07,32336909333.0,3961.76,3228.0,19.48
2018-03-01,4709.21,4782.91,4700.27,4782.65,33296268109.0,4015.68,3228.0,19.63
2018-03-02,4748.11,4778.42,4741.85,4751.94,31885310532.0,3837.06,3228.0,19.51
2018-03-05,4758.3,4772.15,4733.8,4761.89,28562951667.0,3504.96,3228.0,19.55
2018-03-06,4774.85,4817.58,4754.27,4816.92,38106669668.0,4547.31,3228.0,19.76
2018-03-07,4811.68,4831.29,4774.95,4781.96,32625787395.0,3846.91,3228.0,19.64
2018-03-08,4779.32,4823.07,4775.95,4822.68,29607372068.0,3587.68,3228.0,19.77
2018-03-09,4829.11,4878.08,4825.17,4876.46,37888460509.0,4600.89,3228.0,19.96
2018-03-12,4898.1,4923.57,4895.73,4923.43,44386338741.0,5524.44,3228.0,20.13
2018-03-13,4917.89,4922.89,4887.46,4889.92,38421655803.0,4569.84,3228.0,20.0
2018-03-14,4872.89,4885.1,4852.05,4854.0,33588740232.0,4055.15,3228.0,19.87
2018-03-15,4836.84,4866.13,4820.44,4860.07,31563174915.0,3910.24,3228.0,19.88
2018-03-16,4859.84,4876.2,4828.5,4828.5,29545367197.0,3647.65,3228.0,19.75
2018-03-19,4824.5,4851.95,4804.27,4843.59,28783632194.0,3618.4,3228.0,19.8
2018-03-20,4809.71,4852.66,4800.53,4851.73,29889855182.0,3628.62,3228.0,19.85
2018-03-21,4864.88,4889.06,4814.8,4825.0,34942698431.0,4331.67,3228.0,19.75
2018-03-22,4824.49,4842.26,4773.66,4796.1,30877400191.0,3828.43,3228.0,19.65
2018-03-23,4653.47,4694.48,4540.42,4604.9,53360116283.0,5864.79,3228.0,18.93
2018-03-26,4549.31,4627.63,4512.06,4627.56,36416596931.0,4323.51,3228.0,18.95
2018-03-27,4675.12,4712.35,4665.8,4703.1,39320000172.0,4946.05,3228.0,19.22
2018-03-28,4647.52,4701.05,4638.75,4643.25,35013440058.0,4559.68,3228.0,18.99
2018-03-29,4656.08,4706.69,4616.71,4693.3,34490666657.0,4378.81,3228.0,19.2
2018-03-30,4698.7,4737.59,4693.15,4731.03,34572618169.0,4529.97,3228.0,19.32
2018-04-02,4736.32,4765.69,4723.69,4732.83,39624591362.0,5246.93,3228.0,19.31
2018-04-03,4679.67,4704.49,4663.37,4695.68,34127149586.0,4358.32,3228.0,19.15
2018-04-04,4709.01,4730.81,4673.51,4676.61,32055395636.0,4207.46,3228.0,19.07
2018-04-09,4665.42,4695.23,4633.02,4677.97,30560596998.0,3870.55,3228.0,19.09
2018-04-10,4683.53,4728.3,4669.13,4728.03,34377645746.0,4252.92,3228.0,19.32
2018-04-11,4737.84,4764.15,4735.05,4747.47,34546655616.0,4253.99,3228.0,19.42
2018-04-12,4741.35,4748.63,4708.04,4711.48,29814545137.0,3739.81,3228.0,19.28
2018-04-13,4732.33,4744.41,4682.88,4688.62,26990981480.0,3467.82,3228.0,19.18
2018-04-16,4678.18,4686.69,4614.33,4643.92,32382978487.0,4053.39,3228.0,18.96
2018-04-17,4650.2,4660.38,4554.82,4558.22,32971810094.0,4183.88,3228.0,18.63
2018-04-18,4591.42,4605.01,4504.75,4598.06,35558452754.0,4484.99,3228.0,18.79
2018-04-19,4599.9,4654.77,4594.33,4634.66,34559165234.0,4363.77,3228.0,18.93
2018-04-20,4619.6,4634.6,4550.95,4556.71,33367743560.0,4044.16,3228.0,18.62
2018-04-23,4551.84,4579.96,4497.58,4537.2,29768863104.0,3621.66,3228.0,18.55
2018-04-24,4538.01,4632.4,4538.01,4632.4,33645301927.0,4120.53,3228.0,18.94
2018-04-25,4609.94,4636.41,4605.37,4630.34,29355160972.0,3759.42,3228.0,18.91
2018-04-26,4623.21,4626.63,4540.05,4543.78,30470315481.0,3879.76,3228.0,18.59
2018-04-27,4558.86,4569.21,4511.11,4548.42,28172022741.0,3776.76,3228.0,18.64
2018-05-02,4555.73,4577.47,4520.23,4546.12,28177581426.0,3547.39,3228.0,17.38
2018-05-03,4536.4,4584.81,4500.72,4584.6,30157709553.0,3702.08,3228.0,17.52
2018-05-04,4572.46,4594.16,4566.63,4571.4,25467435760.0,3260.58,3228.0,17.46
2018-05-07,4578.34,4647.11,4577.76,4647.06,29766542994.0,3848.56,3228.0,17.74
2018-05-08,4648.02,4691.16,4647.01,4685.09,31279080385.0,4025.84,3228.0,17.87
2018-05-09,4680.16,4687.72,4659.2,4679.34,27463146573.0,3406.49,3228.0,17.85
2018-05-10,4688.23,4701.83,4669.43,4701.33,29688841444.0,3729.13,3228.0,17.94
2018-05-11,4707.51,4709.14,4666.02,4666.5,29398343185.0,3739.67,3228.0,17.82
2018-05-14,4671.01,4695.3,4661.69,4675.59,28190716056.0,3663.23,3228.0,17.85
2018-05-15,4682.65,4708.22,4658.84,4707.89,26531115835.0,3370.91,3228.0,17.96
2018-05-16,4692.19,4715.06,4676.99,4681.09,27773114958.0,3591.97,3228.0,17.85
2018-05-17,4680.42,4684.14,4645.8,4653.77,24722081256.0,3133.78,3228.0,17.73
2018-05-18,4648.99,4685.96,4632.34,4685.9,27262256502.0,3308.24,3228.0,17.88
2018-05-21,4710.63,4734.62,4709.39,4726.07,33436041105.0,4068.49,3228.0,18.01
2018-05-22,4722.18,4727.42,4696.52,4727.24,29930258389.0,3720.54,3228.0,18.01
2018-05-23,4716.22,4716.22,4670.0,4670.02,31977111874.0,3913.88,3228.0,17.77
2018-05-24,4668.2,4676.61,4642.73,4646.79,26302809570.0,3274.13,3228.0,17.66
2018-05-25,4642.09,4651.08,4604.64,4614.47,28112588597.0,3451.04,3228.0,17.53
2018-05-28,4610.66,4635.34,4578.79,4609.74,27792855352.0,3469.32,3228.0,17.5
2018-05-29,4600.57,4625.35,4570.84,4572.15,28554945369.0,3612.51,3228.0,17.35
2018-05-30,4511.75,4520.34,4451.98,4454.46,32971769812.0,3796.82,3228.0,16.88
2018-05-31,4484.3,4535.13,4465.47,4533.67,29456377101.0,3584.62,3228.0,17.17
2018-06-01,4516.11,4535.97,4466.42,4488.92,27288018075.0,3240.86,3228.0,17.01
2018-06-04,4499.97,4517.85,4483.08,4505.85,24481776901.0,3047.04,3228.0,17.08
2018-06-05,4506.95,4564.67,4506.2,4564.62,25459016088.0,3244.37,3228.0,17.26
2018-06-06,4558.81,4571.26,4550.33,4562.44,24710366064.0,3083.94,3228.0,17.25
2018-06-07,4572.58,4577.75,4539.44,4542.53,25677276028.0,3109.6,3228.0,17.18
2018-06-08,4531.53,4531.65,4459.46,4486.63,26920389795.0,3098.0,3228.0,16.96
2018-06-11,4475.16,4489.16,4450.39,4468.84,22913338929.0,3007.51,3352.0,17.09
2018-06-12,4470.91,4517.34,4439.46,4515.12,24471443543.0,3288.35,3352.0,17.23
2018-06-13,4502.64,4504.12,4453.97,4457.36,24465104128.0,3064.8,3352.0,17.01
2018-06-14,4441.53,4482.22,4426.01,4439.19,23221740864.0,2910.8,3352.0,16.94
2018-06-15,4430.91,4445.97,4361.81,4380.66,28917880474.0,3319.54,3352.0,16.75
2018-06-18,,,,4380.58,0.0,0.0,3352.0,16.75
2018-06-19,4315.01,4321.57,4117.0,4161.51,42775281754.0,4498.03,3352.0,15.99
2018-06-20,4136.56,4209.28,4112.58,4192.05,29886490912.0,3253.56,3352.0,16.08
2018-06-21,4187.48,4227.93,4117.93,4120.4,31115379395.0,3327.38,3352.0,15.82
2018-06-22,4090.5,4158.53,4063.77,4157.46,26287692947.0,2706.45,3352.0,15.92
2018-06-25,4180.89,4189.49,4116.98,4118.83,25622002191.0,2830.22,3352.0,15.77
2018-06-26,4070.08,4125.61,4049.93,4117.62,27382403263.0,2978.71,3352.0,15.74
2018-06-27,4113.86,4129.59,4041.85,4059.23,26745481032.0,2971.38,3352.0,15.55
2018-06-28,4040.18,4076.97,4011.52,4016.75,25345091371.0,2779.02,3352.0,15.39
2018-06-29,4022.38,4128.29,4016.3,4127.95,28895713823.0,3157.29,3352.0,15.7
2018-07-02,4122.27,4131.75,4010.43,4039.64,30116030695.0,3300.96,3352.0,15.35
2018-07-03,4040.21,4065.27,3957.25,4064.37,32025003015.0,3651.6,3352.0,15.42
2018-07-04,4048.38,4061.74,3992.06,4002.47,27752480423.0,3017.19,3352.0,15.21
2018-07-05,3997.66,4024.5,3931.4,3936.3,27747786285.0,2920.84,3352.0,14.9
2018-07-06,3937.45,3997.75,3873.01,3956.62,30493692625.0,3272.44,3352.0,14.96
2018-07-09,3966.82,4054.6,3966.82,4054.38,26969146624.0,3021.06,3352.0,15.33
2018-07-10,4058.78,4075.14,4038.5,4073.25,26362578494.0,2966.37,3352.0,15.41
2018-07-11,4003.59,4021.04,3950.51,3994.52,28829414083.0,3111.82,3352.0,15.12
2018-07-12,3988.86,4103.0,3988.86,4089.32,33980936114.0,3757.12,3352.0,15.46
2018-07-13,4093.36,4110.81,4082.97,4105.06,28716558647.0,3322.12,3351.0,15.48
2018-07-16,4099.87,4115.75,4074.8,4092.13,26042594651.0,2977.43,3351.0,15.41
2018-07-17,4085.71,4085.71,4040.35,4081.08,25103791482.0,2832.68,3351.0,15.31
2018-07-18,4085.6,4107.12,4058.15,4058.65,28235511033.0,3101.92,3351.0,15.23
2018-07-19,4063.49,4085.24,4023.68,4036.14,26313635963.0,2877.66,3351.0,15.15
2018-07-20,4031.38,4107.89,4004.2,4096.52,30192702533.0,3242.56,3351.0,15.4
2018-07-23,4073.59,4130.17,4064.2,4130.12,35772733760.0,3870.13,3351.0,15.54
2018-07-24,4132.44,4204.38,4132.44,4196.1,45411812546.0,4622.94,3351.0,15.78
2018-07-25,4200.69,4209.59,4184.26,4196.99,36326242483.0,3681.05,3351.0,15.77
2018-07-26,4199.38,4209.65,4155.42,4164.49,37704124547.0,3530.54,3351.0,15.64
2018-07-27,4160.92,4171.5,4134.93,4144.36,31849111143.0,2908.55,3351.0,15.58
2018-07-30,4140.6,4159.47,4088.66,4112.02,31441282495.0,3064.06,3351.0,15.48
2018-07-31,4106.23,4125.77,4091.51,4114.43,25330246885.0,2506.96,3351.0,15.51
2018-08-01,4124.93,4143.2,4041.18,4041.44,30548591761.0,3055.85,3351.0,15.23
2018-08-02,4026.77,4026.77,3879.38,3950.32,36433897505.0,3532.8,3351.0,14.9
2018-08-03,3943.0,3958.34,3892.88,3892.88,26207239073.0,2630.84,3351.0,14.72
2018-08-06,3884.85,3913.32,3808.05,3828.14,27325208022.0,2711.12,3351.0,14.49
2018-08-07,3837.12,3933.12,3810.46,3933.12,30588149156.0,2955.61,3351.0,14.88
2018-08-08,3923.83,3931.72,3868.65,3871.35,30235997119.0,2834.56,3351.0,14.66
2018-08-09,3857.04,3978.56,3851.41,3963.8,33498150736.0,3250.67,3351.0,14.98
2018-08-10,3962.09,3992.16,3949.19,3979.61,26726746440.0,2689.99,3351.0,15.01
2018-08-13,3937.57,3983.17,3911.82,3978.56,27286632191.0,2791.23,3351.0,14.99
2018-08-14,3972.22,3981.42,3946.9,3962.88,24616496695.0,2457.06,3351.0,14.95
2018-08-15,3960.98,3961.61,3873.07,3876.46,26236889333.0,2571.29,3351.0,14.64
2018-08-16,3830.54,3891.72,3801.98,3846.75,26101527826.0,2519.72,3351.0,14.52
2018-08-17,3875.78,3886.77,3778.32,3785.01,25140052936.0,2483.48,3351.0,14.3
2018-08-20,3785.58,3814.7,3742.34,3814.7,24700260263.0,2469.92,3351.0,14.44
2018-08-21,3815.91,3874.96,3810.11,3870.75,24924451611.0,2631.41,3351.0,14.64
2018-08-22,3867.35,3867.35,3832.06,3838.79,20957977183.0,2112.43,3351.0,14.51
2018-08-23,3836.88,3873.2,3820.19,3856.65,22257930551.0,2340.04,3351.0,14.57
2018-08-24,3846.14,3882.41,3830.2,3854.99,21945573032.0,2198.63,3351.0,14.58
2018-08-27,3864.92,3942.6,3864.92,3942.6,29142321072.0,3018.09,3351.0,14.89
2018-08-28,3944.3,3954.52,3927.22,3941.59,26121590788.0,2689.41,3351.0,14.88
2018-08-29,3935.76,3939.4,3911.89,3922.18,23592934850.0,2279.6,3351.0,14.82
2018-08-30,3919.73,3934.29,3869.82,3871.94,24302294034.0,2336.59,3351.0,14.64
2018-08-31,3856.05,3872.49,3824.83,3842.14,23054894956.0,2301.81,3351.0,14.54
2018-09-03,3831.05,3838.38,3789.54,3836.32,23213936242.0,2256.03,3351.0,14.46
2018-09-04,3835.9,3888.0,3825.35,3881.62,25394783928.0,2511.61,3351.0,14.62
2018-09-05,3868.72,3876.25,3814.91,3814.91,25558219096.0,2399.78,3351.0,14.37
2018-09-06,3802.59,3834.37,3773.58,3786.49,22671584725.0,2277.32,3351.0,14.28
2018-09-07,3794.2,3843.72,3772.22,3798.58,25143861449.0,2508.46,3351.0,14.32
2018-09-10,3793.78,3798.05,3734.51,3736.5,24478276210.0,2289.34,3351.0,14.12
2018-09-11,3734.92,3757.29,3714.31,3734.41,22283712466.0,2036.96,3351.0,14.11
2018-09-12,3729.19,3746.0,3709.85,3719.21,20410295445.0,1981.61,3351.0,14.05
2018-09-13,3753.54,3767.79,3701.34,3752.72,24405186698.0,2385.11,3351.0,14.19
2018-09-14,3756.94,3763.5,3731.93,3737.7,24047617003.0,2278.99,3351.0,14.15
2018-09-17,3719.82,3719.82,3680.9,3688.77,21335029928.0,1895.52,3351.0,13.97
2018-09-18,3677.03,3757.65,3676.97,3757.59,25696995809.0,2347.73,3351.0,14.22
2018-09-19,3749.45,3828.56,3744.06,3803.23,31681657516.0,2971.08,3351.0,14.4
2018-09-20,3802.69,3821.35,3790.66,3797.69,26669167865.0,2316.12,3351.0,14.38
2018-09-21,3806.84,3881.51,3791.32,3880.92,33314629035.0,3001.94,3351.0,14.71
2018-09-25,3850.0,3872.64,3842.1,3858.0,24391353124.0,2235.85,3351.0,14.62
2018-09-26,3863.72,3915.69,3857.21,3888.69,30044916714.0,2883.01,3351.0,14.74
2018-09-27,3886.67,3891.87,3852.19,3854.2,28816873184.0,2578.94,3351.0,14.63
2018-09-28,3859.25,3891.02,3852.19,3890.83,26729048485.0,2416.45,3351.0,14.77
2018-10-08,3816.4,3821.16,3738.17,3743.3,29285199803.0,2677.12,3351.0,14.21
2018-10-09,3745.68,3769.85,3727.61,3742.43,23282074567.0,2121.99,3351.0,14.22
2018-10-10,3747.39,3767.77,3709.27,3739.3,23514382284.0,2168.62,3351.0,14.23
2018-10-11,3624.6,3646.44,3493.76,3519.58,40701472377.0,3348.37,3351.0,13.44
2018-10-12,3503.74,3552.1,3432.39,3536.77,35672712725.0,2873.08,3351.0,13.54
2018-10-15,3540.89,3559.65,3480.41,3485.71,25675173380.0,2191.06,3351.0,13.34
2018-10-16,3485.52,3518.15,3419.64,3434.87,25748254599.0,2167.76,3351.0,13.18
2018-10-17,3475.83,3489.29,3389.36,3457.7,28126633352.0,2390.03,3351.0,13.27
2018-10-18,3434.91,3434.91,3362.97,3365.19,26813819884.0,2170.49,3351.0,12.9
2018-10-19,3325.44,3456.57,3316.45,3454.34,30961955891.0,2653.75,3351.0,13.23
2018-10-22,3483.54,3641.64,3483.49,3612.09,44218537975.0,3942.51,3351.0,13.8
2018-10-23,3613.4,3621.94,3513.23,3534.33,37085166663.0,3281.9,3351.0,13.5
2018-10-24,3518.8,3587.63,3508.83,3536.82,31805027572.0,2728.41,3351.0,13.51
2018-10-25,3441.98,3535.99,3429.31,3531.77,32698900610.0,2692.86,3351.0,13.5
2018-10-26,3547.32,3569.36,3504.95,3523.35,32068281673.0,2599.74,3351.0,13.47
2018-10-29,3508.46,3508.46,3425.93,3441.13,27083407917.0,2378.12,3351.0,13.18
2018-10-30,3427.28,3507.26,3400.84,3476.46,33193945429.0,2883.05,3351.0,13.3
2018-10-31,3482.17,3544.83,3476.71,3527.42,34652910740.0,2872.9,3351.0,13.48
2018-11-01,3555.64,3598.17,3546.88,3550.3,40624675699.0,3532.29,3351.0,13.29
2018-11-02,3621.73,3666.59,3599.01,3666.59,46084632853.0,4182.34,3351.0,13.69
2018-11-05,3652.02,3677.29,3616.86,3659.79,42038725386.0,3580.7,3351.0,13.64
2018-11-06,3650.48,3650.48,3609.56,3647.73,34474922936.0,2838.53,3351.0,13.6
2018-11-07,3648.29,3679.74,3626.85,3629.49,37415359501.0,3143.37,3351.0,13.52
2018-11-08,3656.26,3660.53,3613.24,3617.04,34144995706.0,2742.33,3351.0,13.48
2018-11-09,3598.72,3611.18,3583.15,3584.88,32383678217.0,2560.48,3351.0,13.33
2018-11-12,3579.08,3654.5,3576.02,3654.32,39990696701.0,3172.66,3351.0,13.55
2018-11-13,3612.58,3726.12,3606.9,3706.82,56986463640.0,4259.84,3351.0,13.71
2018-11-14,3702.55,3725.28,3678.27,3685.26,51506221164.0,3808.7,3351.0,13.61
2018-11-15,3683.04,3737.16,3681.57,3737.16,45826558856.0,3724.99,3351.0,13.8
2018-11-16,3739.4,3786.67,3723.43,3763.27,52710467202.0,4444.35,3351.0,13.88
2018-11-19,3763.52,3790.92,3747.81,3790.92,49558731110.0,4109.38,3351.0,13.99
2018-11-20,3759.3,3770.12,3692.81,3695.87,47265936219.0,3945.35,3351.0,13.66
2018-11-21,3656.85,3715.23,3653.28,3712.11,39979027718.0,3246.12,3351.0,13.7
2018-11-22,3719.99,3726.36,3688.93,3705.26,35205029143.0,2859.5,3351.0,13.68
2018-11-23,3698.58,3701.34,3582.77,3589.67,42165820783.0,3297.02,3351.0,13.29
2018-11-26,3589.4,3614.75,3572.04,3584.88,29654139873.0,2348.68,3351.0,13.27
2018-11-27,3601.53,3617.01,3575.42,3593.6,28829194034.0,2328.93,3351.0,13.28
2018-11-28,3593.79,3638.57,3564.03,3638.57,34323882517.0,2720.07,3351.0,13.44
2018-11-29,3657.2,3664.52,3574.19,3574.19,35744396787.0,2896.74,3351.0,13.23
2018-11-30,3568.42,3609.49,3547.43,3606.1,30870942093.0,2496.49,3351.0,13.34
2018-12-03,3697.6,3727.44,3672.42,3713.23,45156220355.0,4012.91,3351.0,13.72
2018-12-04,3707.41,3730.49,3698.85,3730.49,37441456361.0,3114.03,3351.0,13.77
2018-12-05,3671.97,3728.66,3664.62,3709.25,36088232394.0,3041.67,3351.0,13.7
2018-12-06,3681.28,3688.43,3632.22,3634.91,33262474966.0,2931.93,3351.0,13.44
2018-12-07,3640.87,3649.77,3625.08,3634.57,26117705632.0,2274.52,3351.0,13.45
2018-12-10,3606.38,3620.47,3581.91,3592.66,26482749591.0,2264.12,3351.0,13.32
2018-12-11,3599.55,3615.98,3594.31,3615.98,24526243257.0,2046.98,3351.0,13.39
2018-12-12,3633.71,3637.36,3611.83,3622.32,24955688577.0,2072.16,3351.0,13.43
2018-12-13,3630.43,3686.3,3615.66,3667.96,32815312809.0,2848.13,3351.0,13.59
2018-12-14,3657.82,3659.94,3591.5,3592.52,32691663914.0,2725.2,3351.0,13.35
2018-12-17,3581.4,3591.58,3550.75,3587.44,26577915793.0,2294.1,3435.0,13.48
2018-12-18,3566.38,3592.98,3535.17,3558.05,26087643124.0,2217.04,3435.0,13.37
2018-12-19,3562.59,3565.61,3509.09,3513.79,24321590516.0,2092.68,3435.0,13.21
2018-12-20,3505.85,3522.15,3478.58,3507.11,26165280504.0,2226.41,3435.0,13.18
2018-12-21,3494.73,3496.83,3448.36,3472.69,26280264261.0,2267.38,3435.0,13.06
2018-12-24,3462.52,3494.57,3453.76,3493.42,22886194657.0,2030.7,3435.0,13.14
2018-12-25,3459.01,3474.92,3393.46,3462.99,32202085289.0,2641.82,3435.0,13.03
2018-12-26,3458.53,3476.9,3442.3,3449.18,25771891793.0,2203.88,3435.0,12.98
2018-12-27,3494.26,3500.53,3418.06,3418.06,29909667377.0,2523.69,3435.0,12.88
2018-12-28,3422.33,3450.08,3405.71,3432.38,26311559691.0,2293.65,3435.0,12.94
2019-01-02,3438.94,3442.34,3389.95,3399.4,24639641149.0,2166.88,3435.0,12.8
2019-01-03,3394.15,3432.91,3380.33,3387.13,28215693442.0,2396.98,3435.0,12.76
2019-01-04,3357.51,3470.33,3351.87,3470.28,38117339759.0,3076.1,3435.0,13.05
2019-01-07,3490.86,3519.93,3477.64,3515.17,40725534605.0,3319.43,3435.0,13.19
2019-01-08,3509.56,3514.88,3496.91,3508.52,37031943672.0,2864.74,3435.0,13.16
2019-01-09,3521.06,3576.25,3518.72,3531.77,44177686554.0,3643.07,3435.0,13.24
2019-01-10,3530.63,3550.37,3519.28,3524.88,37093265598.0,2982.23,3435.0,13.2
2019-01-11,3530.34,3552.67,3519.84,3551.33,34971628112.0,2789.47,3435.0,13.28
2019-01-14,3550.41,3555.47,3520.28,3526.09,33862122615.0,2617.31,3435.0,13.19
2019-01-15,3525.29,3582.62,3517.75,3581.5,36463258812.0,3020.51,3435.0,13.38
2019-01-16,3580.26,3592.71,3570.62,3578.34,35004556927.0,2903.18,3435.0,13.38
2019-01-17,3579.21,3586.96,3550.02,3552.92,35773262175.0,2800.82,3435.0,13.29
2019-01-18,3561.47,3600.47,3557.78,3598.43,39270028012.0,3080.77,3435.0,13.47
2019-01-21,3602.14,3632.82,3602.13,3618.47,35224145806.0,2965.07,3435.0,13.55
2019-01-22,3615.31,3615.31,3563.71,3573.47,32486600340.0,2602.62,3435.0,13.39
2019-01-23,3565.24,3583.88,3561.26,3575.29,28606814208.0,2266.16,3435.0,13.4
2019-01-24,3579.86,3604.43,3559.6,3594.08,33571586030.0,2783.05,3435.0,13.46
2019-01-25,3597.97,3625.68,3592.94,3598.6,35277528824.0,2936.88,3435.0,13.5
2019-01-28,3617.83,3639.38,3580.16,3587.45,32989812942.0,2812.99,3435.0,13.47
2019-01-29,3579.04,3579.04,3513.08,3565.38,34542023863.0,2753.88,3435.0,13.42
2019-01-30,3548.76,3571.74,3527.52,3527.59,26647058004.0,2189.47,3435.0,13.3
2019-01-31,3531.15,3563.02,3503.33,3523.62,34191975218.0,2690.01,3435.0,13.32
2019-02-01,3542.63,3596.02,3540.37,3596.02,29885057980.0,2483.24,3435.0,13.56
2019-02-11,3596.56,3676.88,3596.56,3676.88,34920618953.0,3035.91,3435.0,13.82
2019-02-12,3676.78,3718.81,3672.82,3712.63,42335632139.0,3445.67,3435.0,13.94
2019-02-13,3718.68,3790.17,3711.47,3782.01,53593222318.0,4509.8,3435.0,14.19
2019-02-14,3779.23,3809.17,3768.38,3793.5,48527533283.0,3956.39,3435.0,14.22
2019-02-15,3784.74,3794.9,3748.54,3752.47,48301149336.0,3979.08,3435.0,14.05
2019-02-18,3778.94,3877.19,3778.94,3877.19,62981611355.0,5214.8,3435.0,14.48
2019-02-19,3890.66,3913.22,3844.72,3880.09,69327102085.0,5752.19,3435.0,14.48
2019-02-20,3885.63,3897.43,3851.48,3890.48,58571479403.0,4737.28,3435.0,14.52
2019-02-21,3888.06,3949.19,3868.01,3880.61,70184708293.0,5904.36,3435.0,14.47
2019-02-22,3874.78,3968.88,3863.12,3968.88,68991760241.0,5953.83,3435.0,14.76
2019-02-25,4026.32,4191.03,4022.78,4190.94,112792352999.0,10012.08,3435.0,15.57
2019-02-26,4199.66,4244.17,4152.15,4163.03,120746917921.0,10524.97,3435.0,15.47
2019-02-27,4157.42,4217.29,4107.54,4153.49,97842859253.0,8450.14,3435.0,15.46
2019-02-28,4150.64,4185.02,4132.82,4153.51,73809354055.0,6292.24,3435.0,15.44
2019-03-01,4177.82,4215.7,4138.54,4215.7,71266246222.0,6332.11,3435.0,15.68
2019-03-04,4254.32,4368.64,4242.92,4283.16,108671775920.0,10018.5,3435.0,15.9
2019-03-05,4273.77,4355.42,4258.66,4355.33,94776360517.0,8588.53,3435.0,16.11
2019-03-06,4372.3,4422.6,4333.57,4418.61,119959846248.0,10600.93,3435.0,16.33
2019-03-07,4414.02,4469.65,4369.82,4429.1,122562315882.0,11178.79,3435.0,16.33
2019-03-08,4328.86,4417.53,4249.39,4249.73,123196373101.0,11303.16,3435.0,15.67
2019-03-11,4268.71,4379.01,4254.26,4378.61,94440313974.0,9050.16,3435.0,16.11
2019-03-12,4413.24,4483.92,4382.14,4439.95,113152516874.0,10935.38,3435.0,16.32
2019-03-13,4445.16,4445.16,4347.65,4371.19,103227652918.0,10126.52,3435.0,16.08
2019-03-14,4343.18,4382.35,4255.68,4293.6,82353876721.0,7822.36,3435.0,15.84
2019-03-15,4314.96,4391.09,4312.07,4351.43,73658657228.0,7244.18,3435.0,16.03
2019-03-18,4365.87,4466.55,4332.82,4466.55,80776741771.0,8030.7,3435.0,16.44
2019-03-19,4470.22,4488.41,4438.44,4465.18,75231911850.0,7458.71,3435.0,16.43
2019-03-20,4457.5,4477.98,4395.76,4463.55,77708956818.0,7485.48,3435.0,16.4
2019-03-21,4468.55,4523.52,4456.34,4491.14,89536168963.0,8525.88,3435.0,16.48
2019-03-22,4490.71,4504.42,4426.87,4499.54,79890031165.0,7703.34,3435.0,16.5
2019-03-25,4427.16,4490.08,4415.77,4424.29,80706595265.0,7901.78,3435.0,16.22
2019-03-26,4446.48,4456.98,4327.22,4338.56,76796811475.0,7398.18,3435.0,15.94
2019-03-27,4364.95,4379.49,4309.59,4379.49,64001508868.0,6405.29,3435.0,16.08
2019-03-28,4363.16,4401.84,4336.98,4340.16,63078090642.0,6416.95,3435.0,15.94
2019-03-29,4345.43,4489.28,4341.51,4487.72,78030264341.0,8070.6,3435.0,16.46
2019-04-01,4521.34,4635.62,4521.34,4630.37,97175905079.0,10101.57,3435.0,16.94
2019-04-02,4652.0,4670.11,4622.65,4640.31,96499776185.0,10014.33,3435.0,16.96
2019-04-03,4614.2,4696.07,4600.97,4693.09,88476446822.0,8984.14,3435.0,17.15
2019-04-04,4713.69,4741.79,4680.77,4727.67,94277220134.0,9666.27,3435.0,17.28
2019-04-08,4765.28,4784.0,4657.88,4715.08,100674747499.0,10266.76,3435.0,17.24
2019-04-09,4713.2,4742.77,4687.12,4732.12,77288343003.0,8085.19,3435.0,17.27
2019-04-10,4710.2,4773.59,4681.58,4735.92,82112307562.0,8686.86,3435.0,17.27
2019-04-11,4734.21,4747.06,4634.69,4639.4,76315647338.0,7880.44,3435.0,16.94
2019-04-12,4629.82,4653.41,4598.15,4632.01,63090644065.0,6299.7,3435.0,16.93
2019-04-15,4700.32,4727.95,4602.09,4603.32,72029023510.0,7460.99,3435.0,16.84
2019-04-16,4580.33,4713.15,4557.17,4713.15,73965268479.0,7628.38,3435.0,17.23
2019-04-17,4710.85,4757.07,4697.81,4733.72,78284357833.0,8023.05,3435.0,17.29
2019-04-18,4730.63,4744.48,4699.41,4711.32,71481862885.0,7209.05,3435.0,17.21
2019-04-19,4710.09,4756.56,4673.43,4756.54,69631964928.0,6931.34,3435.0,17.34
2019-04-22,4764.71,4766.02,4660.96,4674.15,76078442621.0,7776.89,3435.0,17.05
2019-04-23,4666.36,4688.38,4617.84,4630.58,70661904853.0,7070.73,3435.0,16.91
2019-04-24,4641.18,4661.51,4578.21,4661.45,62381377475.0,6294.17,3435.0,17.0
2019-04-25,4642.19,4649.81,4517.6,4518.36,72513740854.0,7056.79,3435.0,16.52
2019-04-26,4492.7,4527.11,4459.13,4460.68,59784485275.0,5964.43,3435.0,16.32
2019-04-29,4463.57,4476.16,4377.86,4393.83,62494412169.0,6190.47,3435.0,16.12
2019-04-30,4376.27,4442.68,4376.27,4422.49,47067371446.0,4795.84,3435.0,16.22
2019-05-06,4268.64,4277.38,4093.21,4127.65,65948265824.0,6360.23,3435.0,15.98
2019-05-07,4147.09,4197.05,4110.82,4175.4,52725222991.0,5152.86,3435.0,16.14
2019-05-08,4091.47,4199.27,4079.19,4135.55,50041067442.0,4666.42,3435.0,15.98
2019-05-09,4099.89,4134.37,4068.73,4076.63,42764000149.0,4143.91,3435.0,15.74
2019-05-10,4121.85,4226.87,4054.05,4226.02,60634958383.0,5851.03,3435.0,16.27
2019-05-13,4172.68,4206.01,4155.94,4173.6,46257613849.0,4476.15,3435.0,16.07
2019-05-14,4125.61,4187.27,4124.86,4144.96,44896611976.0,4358.06,3434.0,15.97
2019-05-15,4178.45,4248.53,4178.45,4238.46,50197860952.0,4938.21,3434.0,16.3
2019-05-16,4233.73,4266.51,4223.51,4261.68,54127825375.0,5031.37,3434.0,16.38
2019-05-17,4263.19,4264.85,4119.77,4134.63,59074959498.0,5462.1,3434.0,15.93
2019-05-20,4125.56,4132.43,4053.81,4108.35,46712857030.0,4429.16,3434.0,15.85
2019-05-21,4106.1,4189.64,4096.04,4173.08,48290048385.0,4617.59,3434.0,16.07
2019-05-22,4169.71,4187.97,4129.19,4152.65,46720373430.0,4510.92,3434.0,15.97
2019-05-23,4134.24,4134.72,4060.13,4068.81,45995261841.0,4453.11,3434.0,15.69
2019-05-24,4058.08,4097.54,4045.79,4056.54,38020244660.0,3613.76,3434.0,15.66
2019-05-27,4057.91,4145.47,4034.32,4136.65,45090151001.0,4320.86,3434.0,15.92
2019-05-28,4136.01,4185.77,4126.77,4159.75,48242843502.0,4774.04,3434.0,16.01
2019-05-29,4136.76,4190.74,4130.77,4159.97,42492030579.0,4187.99,3434.0,16.0
2019-05-30,4144.12,4144.12,4094.36,4133.99,44839345350.0,4254.4,3434.0,15.91
2019-05-31,4132.54,4165.45,4116.79,4123.51,42030820063.0,4022.48,3434.0,15.87
2019-06-03,4132.7,4158.0,4080.05,4097.77,46155894472.0,4408.02,3434.0,15.77
2019-06-04,4095.0,4097.02,4029.11,4048.27,40328073150.0,3901.65,3434.0,15.6
2019-06-05,4081.79,4091.51,4041.28,4046.66,38608838343.0,3795.73,3434.0,15.6
2019-06-06,4045.95,4045.95,3970.16,3980.94,38879310179.0,3617.52,3434.0,15.37
2019-06-10,3993.74,4043.39,3978.75,4029.53,35638402338.0,3462.0,3434.0,15.52
2019-06-11,4035.89,4166.38,4035.78,4163.95,55397278273.0,5362.99,3434.0,15.97
2019-06-12,4151.97,4167.85,4128.75,4137.2,51412182478.0,4827.83,3434.0,15.86
2019-06-13,4133.62,4155.48,4105.78,4144.82,46115142813.0,4236.48,3434.0,15.86
2019-06-14,4148.61,4163.86,4082.06,4086.13,46695877086.0,4219.58,3434.0,15.67
2019-06-17,4084.7,4113.17,4073.53,4086.04,33629199103.0,3219.28,3403.0,15.81
2019-06-18,4090.29,4106.38,4064.05,4091.93,32069616743.0,3063.3,3403.0,15.82
2019-06-19,4187.32,4202.68,4145.6,4146.93,47577725598.0,4842.04,3403.0,16.0
2019-06-20,4146.13,4262.0,4139.81,4246.83,57714557726.0,5807.86,3403.0,16.36
2019-06-21,4261.79,4296.57,4259.6,4282.07,60529987098.0,5972.8,3402.0,16.48
2019-06-24,4286.57,4296.97,4267.02,4286.14,46737173454.0,4716.81,3402.0,16.5
2019-06-25,4281.63,4281.63,4192.34,4242.5,49099569068.0,4914.06,3402.0,16.35
2019-06-26,4218.29,4256.64,4207.22,4235.8,36812080869.0,3723.84,3402.0,16.33
2019-06-27,4247.78,4294.29,4246.81,4275.8,42246036427.0,4550.61,3402.0,16.46
2019-06-28,4272.15,4272.15,4218.81,4244.08,39613664128.0,3963.34,3402.0,16.31
2019-07-01,4323.35,4367.71,4306.87,4367.71,55985254143.0,5923.85,3402.0,16.74
2019-07-02,4363.81,4373.22,4350.67,4366.22,48882537105.0,5143.63,3402.0,16.74
2019-07-03,4354.91,4354.99,4304.75,4320.96,42843651450.0,4579.64,3402.0,16.56
2019-07-04,4324.3,4337.23,4281.43,4300.96,39686066826.0,4141.74,3402.0,16.49
2019-07-05,4302.17,4327.93,4284.23,4319.95,32522562574.0,3512.11,3402.0,16.52
2019-07-08,4304.31,4304.38,4175.83,4198.24,44142396594.0,4423.48,3402.0,16.07
2019-07-09,4194.13,4209.03,4168.29,4198.81,31147669899.0,3339.98,3402.0,16.06
2019-07-10,4210.05,4212.88,4166.54,4180.3,30452340258.0,3160.15,3402.0,15.98
2019-07-11,4199.97,4228.91,4163.15,4178.88,31354758427.0,3320.4,3402.0,15.97
2019-07-12,4178.66,4208.55,4161.52,4198.08,30239257090.0,3139.89,3402.0,16.05
2019-07-15,4183.55,4247.34,4132.32,4228.49,38626814922.0,4028.95,3402.0,16.14
2019-07-16,4222.62,4234.46,4211.28,4222.12,32370335567.0,3341.37,3402.0,16.11
2019-07-17,4216.51,4238.2,4204.63,4221.56,36324346984.0,3605.04,3402.0,16.1
2019-07-18,4205.93,4205.93,4165.07,4165.07,34970745386.0,3432.78,3402.0,15.9
2019-07-19,4181.37,4227.39,4181.37,4199.32,32859881397.0,3331.99,3402.0,16.03
2019-07-22,4203.72,4205.67,4123.08,4133.45,35705772680.0,3440.21,3402.0,15.82
2019-07-23,4134.84,4159.73,4130.92,4159.73,27273898346.0,2853.31,3402.0,15.91
2019-07-24,4172.57,4219.8,4172.57,4199.82,34074890717.0,3587.05,3402.0,16.05
2019-07-25,4200.88,4224.57,4192.14,4224.53,33091812402.0,3523.96,3402.0,16.14
2019-07-26,4211.08,4236.08,4205.05,4231.39,29998757828.0,3144.38,3402.0,16.17
2019-07-29,4231.23,4239.42,4213.31,4228.46,29100578588.0,3073.07,3402.0,16.16
2019-07-30,4233.43,4270.6,4233.43,4247.25,33279195099.0,3426.55,3402.0,16.23
2019-07-31,4235.8,4235.8,4209.32,4214.72,30463432245.0,3171.53,3402.0,16.12
2019-08-01,4195.38,4213.03,4170.92,4186.13,30754678900.0,3283.78,3402.0,16.0
2019-08-02,4105.1,4130.12,4091.93,4124.29,38155477026.0,3906.9,3402.0,15.77
2019-08-05,4105.08,4130.21,4059.75,4059.75,34507725838.0,3623.28,3402.0,15.52
2019-08-06,3986.28,4002.69,3912.27,3988.35,46772803433.0,4535.18,3402.0,15.27
2019-08-07,4009.24,4015.79,3972.81,3972.81,31834856091.0,3232.14,3402.0,15.21
2019-08-08,3996.15,4020.31,3994.24,4013.87,30135284389.0,3149.61,3402.0,15.36
2019-08-09,4032.6,4035.79,3965.39,3971.53,31555204723.0,3347.73,3402.0,15.23
2019-08-12,3982.33,4042.23,3974.65,4042.23,29246071845.0,3221.3,3402.0,15.48
2019-08-13,4015.15,4026.91,4000.59,4012.56,28019030701.0,3017.92,3402.0,15.38
2019-08-14,4060.35,4069.69,4030.44,4033.88,32950150169.0,3610.66,3402.0,15.47
2019-08-15,3955.48,4049.17,3946.32,4049.17,34365415958.0,3570.22,3402.0,15.52
2019-08-16,4050.36,4096.11,4044.77,4068.25,34505047242.0,3880.63,3402.0,15.58
2019-08-19,4099.4,4174.71,4092.37,4174.71,48895065993.0,5359.91,3402.0,15.95
2019-08-20,4174.55,4195.8,4165.73,4175.61,45711205265.0,4824.22,3402.0,15.95
2019-08-21,4167.37,4185.55,4162.82,4174.08,38240999100.0,4127.16,3402.0,15.94
2019-08-22,4185.63,4188.62,4159.1,4187.5,38186586107.0,4071.34,3402.0,15.98
2019-08-23,4189.9,4211.37,4178.11,4201.72,39554365039.0,4335.55,3402.0,16.03
2019-08-26,4126.46,4168.49,4122.49,4156.74,40543053797.0,4321.97,3402.0,15.86
2019-08-27,4181.09,4248.87,4181.09,4221.43,49652971664.0,5270.95,3402.0,16.1
2019-08-28,4220.65,4226.13,4196.48,4210.11,44262567937.0,4592.2,3402.0,16.05
2019-08-29,4214.6,4219.63,4189.81,4204.13,42371957271.0,4398.02,3402.0,16.03
2019-08-30,4228.8,4238.84,4163.73,4184.78,46604315760.0,5122.95,3402.0,15.98
2019-09-02,4189.1,4267.07,4186.72,4261.57,47393929341.0,5170.91,3402.0,15.48
2019-09-03,4267.62,4278.92,4253.52,4278.92,46752459630.0,5168.55,3402.0,15.54
2019-09-04,4272.46,4314.1,4269.79,4314.1,52519207063.0,5638.21,3402.0,15.66
2019-09-05,4338.16,4399.07,4338.12,4355.55,69664110259.0,7486.73,3402.0,15.81
2019-09-06,4373.77,4378.64,4345.37,4376.66,51445515824.0,5876.96,3402.0,15.88
2019-09-09,4413.66,4436.61,4392.29,4436.61,60034378374.0,6763.07,3402.0,16.07
2019-09-10,4440.7,4440.7,4402.7,4429.09,58714526190.0,6544.23,3402.0,16.05
2019-09-11,4440.93,4442.52,4392.15,4398.02,54494615461.0,6053.13,3402.0,15.95
2019-09-12,4411.36,4439.19,4392.96,4433.93,45763563396.0,5041.4,3402.0,16.06
2019-09-16,4446.98,4447.5,4416.4,4433.12,50865067377.0,5487.57,3402.0,16.06
2019-09-17,4422.34,4422.34,4332.13,4346.21,51906468007.0,5489.67,3402.0,15.77
2019-09-18,4356.21,4370.94,4346.73,4358.25,39615145656.0,4513.02,3402.0,15.81
2019-09-19,4370.12,4388.88,4344.3,4388.88,40191079748.0,4559.16,3402.0,15.91
2019-09-20,4397.5,4408.49,4382.32,4398.24,43683385273.0,5124.89,3402.0,15.95
2019-09-23,4386.07,4386.07,4325.92,4354.4,41526815723.0,4769.99,3402.0,15.79
2019-09-24,4357.89,4399.23,4348.51,4366.95,42277331121.0,5111.05,3402.0,15.84
2019-09-25,4350.13,4350.13,4311.01,4311.01,42606126529.0,4905.38,3402.0,15.65
2019-09-26,4322.62,4329.2,4236.99,4237.0,44664953746.0,4985.53,3402.0,15.42
2019-09-27,4237.89,4269.92,4233.33,4259.78,32673333110.0,3694.47,3402.0,15.48
2019-09-30,4254.64,4268.79,4214.4,4214.4,28044747690.0,3192.73,3402.0,15.34
2019-10-08,4219.45,4261.89,4219.45,4229.69,29513949158.0,3447.99,3402.0,15.38
2019-10-09,4214.61,4250.48,4194.15,4250.48,30020056141.0,3404.3,3402.0,15.45
2019-10-10,4249.79,4298.45,4241.41,4296.68,33565116510.0,3923.78,3402.0,15.61
2019-10-11,4306.31,4336.19,4280.49,4322.16,38104632590.0,4260.7,3402.0,15.71
2019-10-14,4356.73,4399.78,4349.24,4376.85,46728513562.0,5003.12,3402.0,15.91
2019-10-15,4369.79,4369.79,4332.62,4340.14,39858029716.0,4280.2,3402.0,15.79
2019-10-16,4342.63,4362.14,4318.7,4321.7,36170028739.0,3944.87,3402.0,15.73
2019-10-17,4325.64,4335.55,4308.65,4320.67,31000596781.0,3365.88,3402.0,15.73
2019-10-18,4327.66,4338.41,4254.98,4261.83,36559193595.0,3853.52,3402.0,15.53
2019-10-21,4257.75,4263.33,4230.18,4260.58,31862130405.0,3422.23,3402.0,15.54
2019-10-22,4270.66,4293.24,4260.08,4292.53,30547043461.0,3329.34,3402.0,15.65
2019-10-23,4291.28,4296.71,4253.64,4263.3,31945395209.0,3390.2,3402.0,15.56
2019-10-24,4265.03,4276.19,4235.13,4259.94,31208386542.0,3324.45,3402.0,15.55
2019-10-25,4258.77,4293.98,4234.11,4289.74,33952053408.0,3772.81,3402.0,15.65
2019-10-28,4306.24,4346.58,4304.58,4346.56,44967398374.0,4890.73,3402.0,15.82
2019-10-29,4349.28,4349.28,4309.47,4309.47,46076814179.0,5024.1,3402.0,15.69
2019-10-30,4296.95,4299.46,4267.21,4275.88,40377726049.0,4336.14,3402.0,15.61
2019-10-31,4284.94,4291.15,4248.56,4253.92,37769070951.0,4172.78,3402.0,15.54
2019-11-01,4246.98,4314.48,4239.09,4311.05,36314559700.0,4062.89,3402.0,15.43
2019-11-04,4322.15,4350.19,4322.15,4336.19,38451332142.0,4411.56,3402.0,15.52
2019-11-05,4340.47,4379.2,4321.35,4358.0,39548963686.0,4479.14,3402.0,15.62
2019-11-06,4359.07,4359.07,4315.49,4328.75,37499642410.0,4181.47,3402.0,15.53
2019-11-07,4327.17,4356.11,4320.84,4346.05,33328904777.0,3687.57,3402.0,15.57
2019-11-08,4370.65,4376.85,4327.34,4329.01,36228864377.0,4163.16,3402.0,15.51
2019-11-11,4304.03,4304.03,4233.67,4239.61,36564015855.0,3904.79,3402.0,15.21
2019-11-12,4241.21,4250.15,4203.67,4244.05,31461614585.0,3375.27,3402.0,15.23
2019-11-13,4243.23,4248.09,4221.52,4237.78,29422854737.0,3298.53,3402.0,15.2
2019-11-14,4241.01,4265.13,4234.82,4254.66,31370593407.0,3560.74,3402.0,15.24
2019-11-15,4254.36,4263.78,4216.29,4216.29,32779353621.0,3686.51,3402.0,15.12
2019-11-18,4212.45,4251.0,4206.53,4246.92,29705768548.0,3302.79,3402.0,15.22
2019-11-19,4245.27,4304.12,4242.97,4304.12,34081455600.0,3869.18,3402.0,15.4
2019-11-20,4299.34,4304.83,4263.97,4269.6,34790840893.0,3925.67,3402.0,15.28
2019-11-21,4255.13,4271.43,4242.35,4257.11,30438485935.0,3281.83,3402.0,15.24
2019-11-22,4262.27,4294.9,4193.44,4212.93,38483405519.0,4366.02,3402.0,15.09
2019-11-25,4213.0,4226.19,4182.97,4222.53,38206217552.0,3894.46,3402.0,15.14
2019-11-26,4232.94,4241.66,4210.66,4226.89,35657134316.0,3643.99,3402.0,15.17
2019-11-27,4220.14,4237.1,4201.63,4219.44,31118329722.0,3275.27,3402.0,15.14
2019-11-28,4218.97,4232.41,4196.08,4205.78,27908764902.0,2897.63,3402.0,15.09
2019-11-29,4201.96,4208.83,4155.93,4186.18,28240531312.0,3138.88,3402.0,15.01
2019-12-02,4191.78,4212.36,4184.97,4194.2,29077693225.0,3149.51,3402.0,15.04
2019-12-03,4183.58,4213.99,4166.82,4213.99,29287003871.0,3193.7,3402.0,15.09
2019-12-04,4199.53,4219.91,4195.63,4214.52,30447405002.0,3285.04,3402.0,15.08
2019-12-05,4225.54,4257.4,4223.38,4252.46,34822163913.0,3911.48,3402.0,15.22
2019-12-06,4256.1,4280.51,4247.37,4280.51,33793305961.0,3773.5,3402.0,15.31
2019-12-09,4288.31,4294.0,4272.1,4282.46,38883002186.0,4252.09,3402.0,15.31
2019-12-10,4273.38,4296.11,4266.5,4296.03,38357304304.0,4122.36,3402.0,15.34
2019-12-11,4299.07,4301.47,4276.67,4290.45,40450929686.0,4237.85,3402.0,15.34
2019-12-12,4293.02,4297.47,4277.23,4280.61,38071146798.0,4109.71,3402.0,15.31
2019-12-13,4314.28,4352.8,4310.68,4350.47,47610722556.0,5274.23,3402.0,15.57
2019-12-16,4358.19,4397.0,4349.61,4397.0,53915603862.0,5941.92,3471.0,15.86
2019-12-17,4398.49,4474.86,4395.34,4454.79,67974080870.0,7134.43,3471.0,16.06
2019-12-18,4453.32,4475.29,4440.54,4450.0,59228738549.0,6290.01,3471.0,16.04
2019-12-19,4451.47,4462.48,4438.91,4454.78,52510165386.0,5446.36,3471.0,16.05
2019-12-20,4459.07,4468.06,4425.5,4426.58,52807182346.0,5389.17,3471.0,15.99
2019-12-23,4416.87,4431.96,4350.92,4353.55,48366771990.0,5049.18,3471.0,15.74
2019-12-24,4360.24,4402.31,4355.88,4402.06,39971864429.0,4163.11,3471.0,15.88
2019-12-25,4397.95,4420.54,4390.59,4410.82,42640301048.0,4698.7,3471.0,15.91
2019-12-26,4411.74,4446.55,4410.85,4446.55,44343150188.0,4718.2,3471.0,16.04
2019-12-27,4450.62,4483.41,4426.23,4428.68,56932041329.0,5988.01,3471.0,15.99
2019-12-30,4416.83,4480.71,4387.13,4480.35,54200448188.0,5817.72,3471.0,16.17
2019-12-31,4476.67,4501.11,4470.09,4500.13,47616695450.0,5089.54,3471.0,16.24
2020-01-02,4528.73,4581.24,4524.44,4571.72,65406585753.0,7209.58,3471.0,16.47
2020-01-03,4580.49,4590.04,4555.85,4576.54,60621001263.0,6642.8,3471.0,16.48
2020-01-06,4554.57,4622.61,4546.62,4585.95,71945202630.0,7708.1,3471.0,16.5
2020-01-07,4593.51,4633.32,4593.36,4633.32,66106012963.0,6983.5,3471.0,16.66
2020-01-08,4613.45,4627.31,4563.86,4575.36,72612619891.0,7431.71,3471.0,16.45
2020-01-09,4610.82,4639.86,4610.82,4639.86,61087835679.0,6753.1,3471.0,16.67
2020-01-10,4652.98,4656.21,4615.0,4633.42,53812550218.0,6119.04,3471.0,16.66
2020-01-13,4634.11,4685.46,4615.28,4685.46,52947506432.0,6396.33,3470.0,16.83
2020-01-14,4698.01,4702.45,4670.85,4672.65,58192322424.0,6679.92,3470.0,16.79
2020-01-15,4667.26,4675.24,4630.35,4654.92,50812151366.0,5824.46,3470.0,16.72
2020-01-16,4661.81,4664.38,4633.38,4641.22,48167503425.0,5709.94,3470.0,16.66
2020-01-17,4653.81,4667.6,4626.08,4637.27,46271006547.0,5613.81,3470.0,16.65
2020-01-20,4649.04,4684.63,4628.79,4684.63,51045259984.0,6345.52,3470.0,16.81
2020-01-21,4670.15,4670.15,4618.61,4619.53,54051103797.0,6487.51,3470.0,16.59
2020-01-22,4597.23,4655.26,4541.12,4641.99,54737465975.0,6670.39,3470.0,16.67
2020-01-23,4597.87,4618.67,4450.56,4488.97,64167932329.0,7645.3,3470.0,16.17
2020-02-03,4084.81,4159.2,4084.81,4121.6,39511396153.0,4902.16,3470.0,14.87
2020-02-04,4009.46,4200.51,4009.46,4192.97,83765721568.0,8640.35,3470.0,15.14
2020-02-05,4215.66,4315.78,4206.53,4273.04,72457962479.0,8198.24,3470.0,15.4
2020-02-06,4282.21,4392.25,4252.56,4376.69,76168873009.0,8652.17,3470.0,15.74
2020-02-07,4369.52,4397.21,4328.45,4397.21,76377550762.0,8778.61,3470.0,15.79
2020-02-10,4381.32,4435.83,4368.84,4434.63,72969186567.0,8340.55,3470.0,15.91
2020-02-11,4440.8,4467.34,4416.59,4442.58,65517654871.0,7400.38,3470.0,15.96
2020-02-12,4430.68,4502.19,4427.52,4502.19,64145034244.0,7452.29,3470.0,16.14
2020-02-13,4502.51,4518.08,4455.69,4468.2,69727933435.0,8173.4,3470.0,16.02
2020-02-14,4461.44,4515.82,4454.63,4487.78,64061402161.0,7641.88,3470.0,16.09
2020-02-17,4508.03,4612.99,4508.03,4612.98,76143468594.0,8823.24,3468.0,16.52
2020-02-18,4613.4,4640.72,4582.78,4640.62,80283337474.0,9391.48,3468.0,16.58
2020-02-19,4634.03,4668.22,4615.17,4618.01,81838306863.0,9793.53,3468.0,16.52
2020-02-20,4630.45,4718.93,4613.42,4716.3,86159681485.0,10115.32,3468.0,16.84
2020-02-21,4709.99,4785.77,4705.91,4751.46,92721538049.0,11073.46,3468.0,16.95
2020-02-24,4741.0,4796.28,4712.92,4780.26,95454027622.0,11645.65,3468.0,17.02
2020-02-25,4690.17,4790.71,4617.78,4784.12,113105166605.0,13529.42,3468.0,17.0
2020-02-26,4721.44,4783.39,4679.58,4694.39,111711082792.0,12544.55,3468.0,16.71
2020-02-27,4711.75,4749.07,4665.49,4704.98,86736306370.0,9975.54,3468.0,16.75
2020-02-28,4567.54,4623.91,4489.28,4493.0,97263002936.0,10754.53,3468.0,16.05
2020-03-02,4535.76,4678.68,4534.61,4655.57,86895194971.0,9836.64,3468.0,16.6
2020-03-03,4727.47,4773.89,4661.85,4696.99,97746315052.0,11219.14,3468.0,16.74
2020-03-04,4672.84,4721.91,4644.75,4721.66,83593937747.0,9429.48,3468.0,16.83
2020-03-05,4773.48,4820.57,4740.05,4812.55,99657558779.0,11144.57,3468.0,17.15
2020-03-06,4756.53,4792.66,4751.26,4764.24,86593359982.0,9123.63,3468.0,16.97
2020-03-09,4683.81,4697.37,4592.52,4592.98,96359784343.0,10395.93,3468.0,16.4
2020-03-10,4549.01,4698.75,4516.55,4698.1,93933799138.0,10331.85,3468.0,16.74
2020-03-11,4708.69,4719.23,4637.04,4637.04,85019417790.0,9289.8,3468.0,16.54
2020-03-12,4571.83,4591.89,4512.02,4547.24,74541653391.0,8018.25,3468.0,16.24
2020-03-13,4327.99,4536.76,4326.8,4494.55,85953606058.0,9192.72,3468.0,16.04
2020-03-16,4515.47,4515.57,4286.56,4296.9,83929632319.0,9198.52,3468.0,15.4
2020-03-17,4319.08,4366.52,4158.5,4283.77,72625586188.0,7782.06,3468.0,15.34
2020-03-18,4314.87,4372.32,4206.62,4206.62,71658750585.0,7980.53,3468.0,15.08
2020-03-19,4196.86,4228.76,4086.34,4195.45,70328302112.0,7809.15,3468.0,15.0
2020-03-20,4241.57,4263.46,4184.19,4257.0,60748879770.0,6810.61,3468.0,15.23
2020-03-23,4136.0,4183.59,4085.09,4095.34,61203125082.0,6523.81,3468.0,14.69
2020-03-24,4172.57,4196.12,4083.86,4189.86,62818771947.0,6761.57,3468.0,15.03
2020-03-25,4282.03,4305.68,4253.95,4297.53,66349580300.0,7159.86,3468.0,15.4
2020-03-26,4264.7,4307.54,4249.25,4263.54,58246231819.0,6105.72,3468.0,15.3
2020-03-27,4314.39,4322.64,4256.6,4257.8,56022939272.0,6027.96,3468.0,15.3
2020-03-30,4198.42,4217.96,4148.61,4190.86,57204350548.0,6029.57,3468.0,15.1
2020-03-31,4227.89,4238.48,4191.64,4202.25,51293497515.0,5354.35,3468.0,15.15
2020-04-01,4195.21,4252.38,4179.17,4185.81,52841909695.0,5576.31,3468.0,15.07
2020-04-02,4164.84,4269.75,4162.69,4269.75,52448360279.0,5679.4,3468.0,15.38
2020-04-03,4259.46,4278.2,4227.59,4244.74,50185091301.0,5455.21,3468.0,15.3
2020-04-07,4319.93,4366.78,4315.15,4362.26,64824793640.0,7007.34,3468.0,15.68
2020-04-08,4340.91,4371.85,4334.67,4357.03,61871830370.0,6452.96,3468.0,15.65
2020-04-09,4378.17,4396.13,4368.41,4385.68,59242673496.0,6237.28,3468.0,15.73
2020-04-10,4385.24,4396.5,4308.4,4319.36,60215044841.0,6383.99,3468.0,15.52
2020-04-13,4293.75,4312.66,4270.63,4290.77,45665802277.0,4779.15,3466.0,15.43
2020-04-14,4315.4,4378.09,4306.12,4378.07,51366856043.0,5676.47,3466.0,15.72
2020-04-15,4376.17,4388.82,4346.83,4350.69,56397196398.0,6152.79,3466.0,15.63
2020-04-16,4328.12,4375.4,4322.88,4368.84,53024662067.0,5697.59,3466.0,15.7
2020-04-17,4399.04,4423.22,4384.45,4391.6,62097089506.0,7075.98,3466.0,15.78
2020-04-20,4398.75,4427.81,4387.73,4427.69,52742146253.0,5877.58,3466.0,15.9
2020-04-21,4410.23,4410.23,4348.87,4388.31,56694036847.0,6199.1,3466.0,15.76
2020-04-22,4359.69,4426.65,4351.62,4426.65,53802342809.0,5763.67,3466.0,15.89
2020-04-23,4439.56,4441.68,4406.51,4409.33,60423083963.0,6338.08,3466.0,15.84
2020-04-24,4404.85,4405.16,4339.05,4351.55,58168235395.0,5909.41,3466.0,15.65
2020-04-27,4358.22,4388.94,4332.53,4357.5,50523431284.0,5248.24,3466.0,15.69
2020-04-28,4363.65,4366.01,4240.56,4346.08,60947981921.0,6338.82,3466.0,15.66
2020-04-29,4328.71,4378.57,4325.12,4352.45,46612808476.0,4996.59,3466.0,15.69
2020-04-30,4371.62,4437.47,4371.62,4426.34,55833287152.0,6374.23,3466.0,15.92
2020-05-06,4383.48,4481.24,4381.43,4480.64,57156243449.0,6731.22,3466.0,16.54
2020-05-07,4483.48,4493.74,4460.75,4471.04,54438381304.0,6173.58,3466.0,16.5
2020-05-08,4491.9,4534.51,4486.64,4517.68,55414223500.0,6388.19,3466.0,16.65
2020-05-11,4532.69,4550.89,4488.59,4511.05,54833839239.0,6380.92,3466.0,16.63
2020-05-12,4510.84,4517.69,4467.96,4516.08,48216547479.0,5559.04,3466.0,16.65
2020-05-13,4501.19,4539.01,4490.1,4533.77,45740127527.0,5352.64,3466.0,16.71
2020-05-14,4514.79,4519.51,4487.75,4489.02,49402797191.0,5611.26,3466.0,16.55
2020-05-15,4507.79,4516.42,4477.73,4491.43,48168555615.0,5795.01,3466.0,16.55
2020-05-18,4497.7,4518.8,4470.04,4486.85,55933264979.0,6757.15,3466.0,16.55
2020-05-19,4524.41,4534.01,4509.52,4533.77,48132635903.0,5878.82,3466.0,16.71
2020-05-20,4532.27,4532.27,4486.64,4499.91,52795237597.0,6256.9,3466.0,16.58
2020-05-21,4514.77,4517.24,4454.6,4462.15,49824801561.0,5723.9,3466.0,16.46
2020-05-22,4455.57,4455.57,4354.73,4370.15,48352380864.0,5444.0,3466.0,16.13
2020-05-25,4370.21,4382.09,4347.12,4371.64,38791277155.0,4452.42,3466.0,16.13
2020-05-26,4391.61,4444.55,4388.64,4443.23,41566766403.0,4793.49,3466.0,16.37
2020-05-27,4445.72,4445.72,4404.25,4413.32,46404910500.0,5200.05,3466.0,16.26
2020-05-28,4413.75,4440.76,4362.02,4413.91,47477768900.0,5247.33,3466.0,16.26
2020-05-29,4397.39,4446.31,4388.62,4439.09,47053577106.0,5192.79,3466.0,16.33
2020-06-01,4473.36,4568.65,4473.36,4564.25,61661083717.0,7002.04,3466.0,16.75
2020-06-02,4572.32,4585.3,4554.59,4574.13,64261895702.0,7075.19,3466.0,16.77
2020-06-03,4589.2,4606.49,4573.03,4574.88,64205298288.0,7150.86,3466.0,16.77
2020-06-04,4588.25,4590.39,4558.43,4578.9,55466301513.0,5936.38,3466.0,16.72
2020-06-05,4583.99,4592.03,4557.46,4591.96,52881078511.0,5769.4,3466.0,16.77
2020-06-08,4615.67,4632.32,4593.2,4598.69,55717722780.0,6276.61,3466.0,16.79
2020-06-09,4603.54,4630.19,4590.88,4627.44,51190659613.0,5677.13,3466.0,16.88
2020-06-10,4626.07,4626.14,4601.04,4624.67,49334133656.0,5570.87,3466.0,16.87
2020-06-11,4620.8,4649.89,4572.47,4592.14,55839097870.0,6601.82,3466.0,16.73
2020-06-12,4509.32,4612.27,4503.32,4596.96,56043278757.0,6446.37,3466.0,16.75
2020-06-15,4586.07,4623.06,4566.52,4566.52,59198343345.0,7026.81,3420.0,16.55
2020-06-16,4607.43,4643.33,4601.74,4643.22,53880229197.0,6481.33,3420.0,16.81
2020-06-17,4649.01,4656.28,4621.88,4655.93,57344691273.0,6782.17,3420.0,16.84
2020-06-18,4649.83,4673.4,4636.85,4667.58,59614079161.0,7009.85,3420.0,16.87
2020-06-19,4668.68,4727.98,4665.97,4717.91,58062660913.0,7237.67,3420.0,17.05
2020-06-22,4721.37,4747.12,4711.95,4725.94,59758266482.0,7623.03,3420.0,17.06
2020-06-23,4723.31,4745.09,4702.17,4743.45,53221777710.0,7003.67,3420.0,17.13
2020-06-24,4748.6,4760.2,4733.09,4748.33,49569124557.0,6699.87,3420.0,17.15
2020-06-29,4735.81,4745.23,4702.95,4721.12,50817933824.0,6634.49,3420.0,17.07
2020-06-30,4743.48,4801.27,4743.48,4792.71,50725862599.0,6912.73,3420.0,17.28
2020-07-01,4805.86,4849.46,4791.8,4849.46,63074460466.0,8464.1,3420.0,17.48
2020-07-02,4844.96,4934.34,4837.71,4931.1,82242255897.0,10154.96,3420.0,17.79
2020-07-03,4946.15,5008.35,4941.73,5008.35,92246088627.0,11039.17,3420.0,18.08
2020-07-06,5051.17,5253.16,5051.17,5249.3,127047859747.0,14808.62,3420.0,18.98
2020-07-07,5315.64,5394.14,5261.51,5301.94,134300935331.0,16338.43,3420.0,19.15
2020-07-08,5299.14,5421.82,5270.54,5403.75,119130662603.0,14486.84,3420.0,19.48
2020-07-09,5403.76,5525.02,5394.21,5513.9,130302718410.0,16103.73,3420.0,19.84
2020-07-10,5478.41,5524.77,5432.75,5452.85,118596097027.0,15095.87,3420.0,19.55
2020-07-13,5459.24,5607.77,5459.24,5604.01,120009110172.0,15685.59,3415.0,20.03
2020-07-14,5594.28,5612.68,5451.62,5550.2,120400441212.0,15882.31,3415.0,19.85
2020-07-15,5563.64,5578.82,5418.17,5445.83,108862598849.0,14498.83,3415.0,19.5
2020-07-16,5443.38,5478.88,5173.38,5178.85,103978745157.0,13616.95,3415.0,18.56
2020-07-17,5184.93,5274.9,5137.39,5202.82,78233311005.0,10223.8,3415.0,18.65
2020-07-20,5262.43,5362.66,5201.24,5362.66,86177071577.0,10970.18,3415.0,19.19
2020-07-21,5381.04,5405.12,5341.38,5385.97,78684290117.0,10195.62,3415.0,19.26
2020-07-22,5376.83,5488.22,5363.19,5420.11,84408041443.0,10977.94,3415.0,19.38
2020-07-23,5371.43,5431.42,5283.64,5417.92,88336180486.0,11537.79,3415.0,19.35
2020-07-24,5386.45,5403.69,5146.58,5169.07,93509828620.0,12333.27,3415.0,18.51
2020-07-27,5194.02,5216.65,5130.58,5183.82,65585680055.0,8564.46,3415.0,18.57
2020-07-28,5225.64,5257.06,5196.7,5235.68,63686681180.0,8331.01,3415.0,18.76
2020-07-29,5224.39,5370.0,5210.39,5370.0,71621406027.0,9644.24,3415.0,19.21
2020-07-30,5383.78,5400.41,5340.28,5351.83,76425417212.0,10068.2,3415.0,19.14
2020-07-31,5344.21,5441.22,5316.24,5409.46,78875785928.0,10494.29,3415.0,19.32
2020-08-03,5455.54,5529.04,5441.78,5529.01,92243622421.0,12257.52,3415.0,19.71
2020-08-04,5541.24,5557.19,5486.32,5512.57,95646661036.0,12715.59,3415.0,19.68
2020-08-05,5506.72,5555.79,5458.59,5544.96,83718531372.0,11031.67,3415.0,19.76
2020-08-06,5547.53,5558.43,5450.36,5535.71,89474188780.0,11980.83,3415.0,19.73
2020-08-07,5514.08,5519.59,5383.45,5469.81,85609351608.0,11661.6,3415.0,19.51
2020-08-10,5446.55,5528.76,5422.0,5491.63,78989125620.0,10774.3,3415.0,19.61
2020-08-11,5494.82,5539.97,5407.9,5414.82,82089116506.0,10567.99,3415.0,19.36
2020-08-12,5397.23,5410.48,5257.45,5363.44,78150691007.0,10033.53,3415.0,19.18
2020-08-13,5383.03,5396.91,5348.3,5366.55,68266690320.0,8105.39,3415.0,19.18
2020-08-14,5358.17,5434.1,5337.83,5431.54,65292546503.0,7846.73,3415.0,19.43
2020-08-17,5451.63,5560.8,5441.31,5547.48,87092871630.0,10726.6,3408.0,19.86
2020-08-18,5551.12,5582.57,5538.05,5568.39,79643117289.0,10011.08,3408.0,19.94
2020-08-19,5559.78,5559.78,5471.14,5474.66,82323721933.0,10027.47,3408.0,19.63
2020-08-20,5435.75,5462.74,5386.23,5405.45,67172508676.0,8044.85,3408.0,19.37
2020-08-21,5441.11,5472.34,5406.16,5447.72,62020047684.0,7804.86,3408.0,19.52
2020-08-24,5471.6,5504.37,5422.53,5490.78,61731884989.0,8049.31,3408.0,19.65
2020-08-25,5500.85,5531.4,5464.94,5482.94,66188696861.0,8375.04,3408.0,19.62
2020-08-26,5481.39,5498.53,5374.44,5393.72,68292962223.0,8659.19,3408.0,19.33
2020-08-27,5403.77,5442.48,5365.79,5438.76,58640551995.0,7417.44,3408.0,19.48
2020-08-28,5432.23,5546.59,5421.09,5541.35,64705180273.0,8538.62,3408.0,19.84
2020-08-31,5568.6,5608.27,5524.92,5525.21,71552970523.0,9466.08,3408.0,19.77
2020-09-01,5515.43,5556.5,5493.88,5556.5,58669827160.0,7695.85,3408.0,20.27
2020-09-02,5571.52,5585.92,5508.22,5564.69,70384039864.0,8755.84,3408.0,20.28
2020-09-03,5560.62,5585.0,5502.35,5522.08,66439442157.0,8477.51,3408.0,20.14
2020-09-04,5427.72,5493.5,5421.94,5485.28,58689098352.0,7528.78,3408.0,19.98
2020-09-07,5479.68,5515.53,5357.24,5375.87,72035251257.0,9168.91,3408.0,19.55
2020-09-08,5388.5,5419.97,5335.13,5408.83,72183105802.0,8296.4,3408.0,19.66
2020-09-09,5343.68,5355.43,5247.71,5268.44,89685768686.0,9339.63,3408.0,19.18
2020-09-10,5313.88,5321.93,5181.16,5193.2,76879078330.0,7936.83,3408.0,19.0
2020-09-11,5174.41,5261.24,5172.4,5256.62,54859192478.0,6176.11,3408.0,19.22
2020-09-14,5286.63,5321.24,5264.98,5302.57,57558312312.0,6944.34,3408.0,19.35
2020-09-15,5304.85,5339.58,5281.88,5337.35,52902044408.0,6478.77,3408.0,19.47
2020-09-16,5330.74,5330.76,5273.5,5297.79,49617354957.0,6007.15,3406.0,19.34
2020-09-17,5284.79,5324.84,5241.2,5287.87,49699541182.0,6422.14,3406.0,19.29
2020-09-18,5290.16,5388.98,5282.62,5387.11,59037908948.0,7433.95,3406.0,19.66
2020-09-21,5403.24,5405.43,5347.96,5354.67,53371958720.0,6771.66,3406.0,19.53
2020-09-22,5310.86,5365.61,5270.87,5286.99,51236543705.0,6226.79,3406.0,19.3
2020-09-23,5297.63,5326.71,5277.12,5311.65,43506791150.0,5787.13,3406.0,19.38
2020-09-24,5277.93,5281.87,5192.41,5192.71,49705052368.0,5945.15,3406.0,18.99
2020-09-25,5215.26,5225.08,5166.8,5187.29,39559080888.0,5008.95,3406.0,18.98
2020-09-28,5200.41,5214.31,5160.56,5165.06,36451429883.0,4688.45,3406.0,18.94
2020-09-29,5192.6,5221.89,5172.16,5195.96,36454816648.0,4833.03,3406.0,19.04
2020-09-30,5211.74,5237.52,5161.9,5189.36,36654299314.0,4809.63,3406.0,19.02
2020-10-09,5277.63,5331.37,5274.84,5319.45,46276864222.0,6393.95,3406.0,19.45
2020-10-12,5353.77,5481.95,5351.73,5481.95,63522006997.0,8738.41,3403.0,20.01
2020-10-13,5473.21,5506.09,5451.06,5499.7,52352182012.0,7385.35,3403.0,20.08
2020-10-14,5490.81,5490.81,5451.85,5462.87,52431998532.0,7308.14,3403.0,19.96
2020-10-15,5465.92,5477.74,5435.33,5436.29,49339234426.0,6638.07,3403.0,19.88
2020-10-16,5435.54,5456.2,5389.56,5424.6,47385852630.0,6213.62,3403.0,19.86
2020-10-19,5458.03,5475.38,5372.93,5383.36,49692500917.0,6558.23,3403.0,19.72
2020-10-20,5377.14,5432.82,5358.14,5432.82,42989425878.0,5746.54,3403.0,19.88
2020-10-21,5438.82,5438.82,5368.77,5395.78,44194671174.0,6045.29,3403.0,19.78
2020-10-22,5379.08,5390.17,5320.24,5374.55,41758099443.0,5712.27,3403.0,19.69
2020-10-23,5372.9,5402.76,5290.07,5295.62,42604060152.0,5897.52,3403.0,19.41
2020-10-26,5267.62,5306.67,5214.55,5284.85,39832011653.0,5551.62,3403.0,19.36
2020-10-27,5270.19,5304.25,5259.27,5297.0,38990144326.0,5491.39,3403.0,19.42
2020-10-28,5297.38,5340.53,5261.07,5326.01,44218320192.0,6388.18,3403.0,19.53
2020-10-29,5261.05,5373.08,5253.89,5346.9,46485004776.0,6825.26,3403.0,19.6
2020-10-30,5353.34,5355.09,5231.52,5241.17,54379716526.0,7633.03,3403.0,19.25
2020-11-02,5248.04,5280.59,5231.66,5266.93,51031512020.0,7154.38,3403.0,18.67
2020-11-03,5289.96,5351.07,5277.57,5343.8,49901871721.0,6860.39,3403.0,18.92
2020-11-04,5347.69,5372.89,5316.87,5361.25,45017988632.0,6366.52,3403.0,18.98
2020-11-05,5410.48,5448.96,5390.43,5448.96,53983199924.0,7585.23,3403.0,19.25
2020-11-06,5462.14,5462.14,5384.76,5423.96,54404060706.0,7757.21,3403.0,19.17
2020-11-09,5457.35,5553.52,5457.35,5536.09,68250537733.0,9567.43,3403.0,19.54
2020-11-10,5546.4,5546.4,5467.31,5494.1,61100463937.0,8639.6,3403.0,19.41
2020-11-11,5477.89,5493.59,5422.91,5425.8,56040858911.0,7604.46,3403.0,19.2
2020-11-12,5439.23,5454.35,5413.97,5435.14,45942510444.0,6176.42,3403.0,19.22
2020-11-13,5418.3,5418.35,5364.2,5402.77,46889161431.0,6437.26,3403.0,19.09
2020-11-16,5422.36,5456.73,5391.92,5456.73,55936721723.0,7094.04,3403.0,19.27
2020-11-17,5454.07,5454.07,5395.61,5428.08,58570087598.0,7557.31,3403.0,19.18
2020-11-18,5422.21,5453.88,5403.77,5426.94,57783502606.0,7267.67,3403.0,19.17
2020-11-19,5415.02,5469.21,5396.44,5459.53,53718691738.0,6776.38,3403.0,19.28
2020-11-20,5457.81,5493.07,5451.81,5488.77,53497377492.0,6617.06,3403.0,19.38
2020-11-23,5499.09,5566.52,5480.61,5539.28,71624570544.0,8566.58,3403.0,19.56
2020-11-24,5533.84,5538.69,5506.61,5521.1,60114760216.0,7359.1,3403.0,19.49
2020-11-25,5536.11,5541.06,5438.56,5438.56,63574624963.0,7710.15,3403.0,19.2
2020-11-26,5434.43,5448.73,5383.72,5432.55,51977279002.0,6507.53,3403.0,19.2
2020-11-27,5439.19,5470.48,5407.16,5470.48,53888026212.0,6436.58,3403.0,19.37
2020-11-30,5480.48,5529.17,5450.5,5450.5,69938088722.0,8564.81,3403.0,19.29
2020-12-01,5446.59,5556.09,5445.17,5550.59,63012518390.0,7794.49,3403.0,19.62
2020-12-02,5556.13,5567.69,5526.7,5555.82,64279393218.0,7789.8,3403.0,19.62
2020-12-03,5553.23,5563.97,5523.71,5548.02,61689060129.0,7337.3,3403.0,19.6
2020-12-04,5538.52,5571.52,5516.61,5564.93,52743575802.0,6690.91,3403.0,19.66
2020-12-07,5567.97,5571.64,5527.97,5531.96,52541302332.0,6855.71,3403.0,19.54
2020-12-08,5536.87,5550.73,5513.73,5525.28,47394812056.0,6252.73,3403.0,19.52
2020-12-09,5534.21,5541.43,5439.05,5439.05,54534649693.0,7034.92,3403.0,19.25
2020-12-10,5424.24,5467.68,5408.14,5440.8,49082775699.0,6245.35,3403.0,19.26
2020-12-11,5453.49,5455.14,5328.53,5371.69,59004799612.0,7385.66,3403.0,19.07
2020-12-14,5378.07,5423.76,5357.19,5421.86,49903196638.0,6565.94,3586.0,19.66
2020-12-15,5416.98,5442.51,5395.49,5434.04,47417764061.0,6533.87,3586.0,19.69
2020-12-16,5441.3,5444.56,5409.47,5422.46,48034309015.0,6340.83,3586.0,19.66
2020-12-17,5421.75,5486.84,5394.89,5483.72,56773256971.0,7274.09,3586.0,19.85
2020-12-18,5483.09,5498.78,5446.62,5465.58,55694514249.0,7121.88,3586.0,19.78
2020-12-21,5466.33,5539.01,5449.36,5538.33,59312583652.0,8029.65,3586.0,20.02
2020-12-22,5521.6,5538.49,5430.64,5435.09,66968875125.0,8857.43,3586.0,19.66
2020-12-23,5443.39,5501.36,5440.67,5480.68,62843524130.0,8604.31,3586.0,19.81
2020-12-24,5477.65,5490.69,5419.49,5434.99,59546385385.0,7600.33,3586.0,19.67
2020-12-25,5417.16,5487.76,5410.69,5485.72,59467614061.0,7318.58,3586.0,19.85
2020-12-28,5487.74,5511.69,5460.28,5483.81,65401321553.0,8161.08,3586.0,19.84
2020-12-29,5486.57,5501.62,5449.06,5454.43,64656312788.0,7962.19,3586.0,19.73
2020-12-30,5451.18,5525.35,5450.29,5524.24,60780824570.0,7791.24,3586.0,19.96
2020-12-31,5533.77,5623.77,5533.77,5621.73,66855248296.0,8879.69,3586.0,20.31
2021-01-04,5632.87,5725.86,5613.42,5712.18,77936499107.0,10874.34,3586.0,20.61
2021-01-05,5691.34,5780.67,5678.21,5780.67,82755477818.0,11799.98,3586.0,20.86
2021-01-06,5793.44,5818.79,5726.49,5791.31,76429619446.0,10881.51,3586.0,20.95
2021-01-07,5791.4,5819.75,5739.87,5819.75,83401709348.0,11313.47,3586.0,21.08
2021-01-08,5826.01,5841.3,5756.62,5804.6,72976553439.0,10628.08,3586.0,21.02
2021-01-11,5810.53,5839.12,5697.85,5726.66,76643277596.0,11337.79,3586.0,20.76
2021-01-12,5704.6,5851.01,5703.68,5851.01,67811232542.0,10226.8,3586.0,21.19
2021-01-13,5860.3,5874.68,5772.69,5812.27,78614910393.0,11634.32,3586.0,21.08
2021-01-14,5788.24,5803.26,5721.64,5735.21,70919751665.0,10525.61,3586.0,20.83
2021-01-15,5731.91,5764.24,5666.29,5740.28,65560728226.0,9663.02,3586.0,20.84
2021-01-18,5724.43,5831.23,5711.7,5817.52,63347741035.0,9291.61,3586.0,21.07
2021-01-19,5820.64,5829.34,5736.21,5755.58,68523556026.0,9701.19,3586.0,20.85
2021-01-20,5758.22,5812.77,5744.14,5804.39,58293356663.0,8496.63,3586.0,21.02
2021-01-21,5815.87,5912.19,5815.28,5884.72,70305943386.0,10148.52,3586.0,21.3
2021-01-22,5879.54,5891.17,5830.03,5885.35,68662712363.0,10357.67,3586.0,21.29
2021-01-25,5877.85,5944.67,5850.66,5902.03,69691150690.0,11273.31,3586.0,21.38
2021-01-26,5876.86,5877.64,5782.78,5791.26,59592447225.0,9422.55,3586.0,21.01
2021-01-27,5784.96,5814.16,5727.73,5805.76,56717575269.0,8569.89,3586.0,21.05
2021-01-28,5730.22,5761.06,5653.16,5665.26,59165223910.0,8524.1,3586.0,20.57
2021-01-29,5700.28,5715.16,5545.85,5615.57,62753037967.0,8867.16,3585.0,20.44
2021-02-01,5611.97,5669.91,5601.71,5667.79,57947749800.0,7892.82,3585.0,20.62
2021-02-02,5677.29,5744.39,5650.09,5742.2,56201856629.0,8347.77,3585.0,20.88
2021-02-03,5740.97,5764.51,5701.93,5706.48,60700577631.0,8851.99,3585.0,20.75
2021-02-04,5679.01,5718.71,5592.22,5660.39,61507972541.0,8755.07,3585.0,20.62
2021-02-05,5677.58,5710.18,5625.09,5628.43,57362900864.0,8269.46,3585.0,20.54
2021-02-08,5645.18,5718.56,5612.92,5702.53,49763004583.0,7445.76,3585.0,20.8
2021-02-09,5718.76,5827.31,5703.07,5826.28,51100131439.0,7714.42,3585.0,21.23
2021-02-10,5845.15,5932.74,5836.65,5918.59,50696611434.0,8096.08,3585.0,21.57
2021-02-18,6028.97,6041.38,5904.06,5930.61,67213138634.0,10143.29,3584.0,21.57
2021-02-19,5904.86,5982.02,5853.93,5977.42,71069666712.0,9744.24,3584.0,21.7
2021-02-22,5991.07,6009.32,5863.74,5863.74,93892712167.0,12170.14,3584.0,21.29
2021-02-23,5815.8,5900.23,5811.29,5839.9,75872967176.0,9559.05,3584.0,21.21
2021-02-24,5846.77,5862.76,5669.65,5727.23,71205836859.0,9951.82,3584.0,20.77
2021-02-25,5780.93,5787.69,5716.23,5729.91,68457282747.0,8714.39,3584.0,20.81
2021-02-26,5609.86,5687.77,5599.43,5617.67,63704061906.0,8431.69,3584.0,20.39
2021-03-01,5664.71,5725.69,5646.1,5723.76,61948943300.0,8111.01,3584.0,20.73
2021-03-02,5753.74,5753.74,5622.75,5665.9,65570113755.0,8522.33,3584.0,20.52
2021-03-03,5648.09,5759.78,5644.45,5759.45,66066024285.0,7962.38,3584.0,20.86
2021-03-04,5706.62,5712.98,5587.98,5611.59,74053620257.0,8995.14,3584.0,20.34
2021-03-05,5532.71,5646.28,5522.91,5607.55,69252235703.0,8163.03,3584.0,20.34
2021-03-08,5645.42,5672.44,5445.84,5446.47,74482159678.0,9095.26,3584.0,19.78
2021-03-09,5431.41,5447.12,5253.1,5317.15,78359001744.0,9196.57,3584.0,19.34
2021-03-10,5387.1,5391.77,5309.11,5321.87,58679509250.0,6979.03,3584.0,19.36
2021-03-11,5337.38,5452.28,5324.52,5452.28,63074120722.0,7436.51,3584.0,19.81
2021-03-12,5472.96,5473.23,5409.5,5469.16,68805138734.0,7601.66,3584.0,19.89
2021-03-15,5441.97,5456.93,5335.47,5382.11,68067594789.0,7538.45,3580.0,19.58
2021-03-16,5395.9,5430.53,5356.44,5430.04,63391539083.0,6866.37,3580.0,19.75
2021-03-17,5414.85,5470.82,5374.12,5457.86,58637424407.0,6585.74,3580.0,19.83
2021-03-18,5466.79,5514.48,5463.24,5493.35,58566410873.0,6738.64,3580.0,19.97
2021-03-19,5421.02,5454.45,5361.92,5389.63,61509364736.0,7050.01,3580.0,19.59
2021-03-22,5392.39,5456.72,5385.7,5456.4,63079876684.0,6922.0,3580.0,19.82
2021-03-23,5456.71,5456.71,5361.8,5397.61,65373671179.0,7107.41,3580.0,19.63
2021-03-24,5369.08,5407.46,5310.85,5318.97,62689599851.0,6916.64,3580.0,19.36
2021-03-25,5294.61,5345.9,5271.91,5318.06,55919734730.0,6037.5,3580.0,19.35
2021-03-26,5337.57,5437.36,5337.57,5425.75,57139039183.0,6800.61,3580.0,19.72
2021-03-29,5440.53,5470.64,5403.8,5436.15,58426800223.0,6850.99,3580.0,19.8
2021-03-30,5428.63,5472.29,5408.75,5463.43,58399687778.0,6745.55,3580.0,19.92
2021-03-31,5455.48,5455.48,5398.06,5433.7,54881771068.0,6215.88,3580.0,19.82
2021-04-01,5442.1,5493.0,5433.95,5487.7,53554978589.0,5898.71,3580.0,19.99
2021-04-02,5502.8,5536.36,5486.27,5524.69,53086643388.0,6355.98,3580.0,20.12
2021-04-06,5540.72,5544.59,5510.7,5527.49,49751383761.0,5868.55,3580.0,20.11
2021-04-07,5531.12,5531.12,5464.9,5509.27,60057775018.0,6572.32,3580.0,20.05
2021-04-08,5488.26,5530.57,5470.15,5509.02,65091745252.0,6697.99,3580.0,20.06
2021-04-09,5499.21,5500.99,5440.98,5457.59,56306900037.0,6153.61,3580.0,19.86
2021-04-12,5452.44,5467.99,5349.71,5365.05,61822025518.0,6949.78,3580.0,19.56
2021-04-13,5361.22,5402.13,5336.15,5350.87,55828020519.0,5993.22,3580.0,19.51
2021-04-14,5354.14,5413.56,5354.14,5408.43,52005700677.0,5834.58,3580.0,19.69
2021-04-15,5395.67,5395.67,5337.5,5382.62,52175368533.0,5811.79,3580.0,19.59
2021-04-16,5395.11,5431.04,5366.52,5420.68,56368940203.0,6174.85,3580.0,19.72
2021-04-19,5419.57,5535.04,5401.42,5533.78,63814783695.0,7748.6,3580.0,20.09
2021-04-20,5515.49,5566.36,5507.69,5526.53,60734576012.0,7486.34,3580.0,20.07
2021-04-21,5496.26,5543.93,5485.03,5532.14,54019557282.0,6568.61,3580.0,20.09
2021-04-22,5549.8,5553.59,5514.97,5536.28,52909288666.0,6582.33,3580.0,20.09
2021-04-23,5534.15,5573.34,5525.19,5560.17,54135945853.0,6939.01,3580.0,20.18
2021-04-26,5578.87,5610.57,5508.41,5512.84,60065859277.0,8150.59,3580.0,20.0
2021-04-27,5509.34,5516.67,5465.21,5515.48,53611659471.0,6796.42,3580.0,20.02
2021-04-28,5501.72,5548.49,5486.17,5548.49,52054092162.0,7072.32,3580.0,20.13
2021-04-29,5551.83,5581.3,5534.95,5572.66,55667979523.0,7394.86,3580.0,20.22
2021-04-30,5560.63,5573.53,5510.7,5544.26,59650424724.0,7824.85,3580.0,20.08
2021-05-06,5531.77,5563.07,5475.61,5510.01,60924933810.0,7981.37,3580.0,17.48
2021-05-07,5520.84,5533.8,5445.09,5445.09,68134430780.0,8040.25,3580.0,17.29
2021-05-10,5451.83,5470.28,5416.99,5454.54,69541113816.0,7826.61,3580.0,17.32
2021-05-11,5418.48,5484.28,5376.34,5473.07,68169184908.0,7668.31,3580.0,17.38
2021-05-12,5453.27,5516.19,5451.32,5511.47,61159888611.0,6885.96,3580.0,17.5
2021-05-13,5458.25,5499.13,5448.65,5460.08,64372216446.0,7253.2,3580.0,17.34
2021-05-14,5475.08,5562.73,5449.51,5562.16,67519427640.0,8206.52,3580.0,17.65
2021-05-17,5562.22,5638.4,5562.07,5611.83,64073431864.0,8423.5,3580.0,17.81
2021-05-18,5613.21,5622.86,5586.8,5622.27,54283431076.0,6771.5,3580.0,17.84
2021-05-19,5606.84,5626.76,5586.9,5612.2,55977020209.0,7066.62,3580.0,17.78
2021-05-20,5597.21,5632.15,5580.08,5614.16,62976897139.0,7753.62,3580.0,17.78
2021-05-21,5625.9,5640.23,5572.61,5582.61,56723428923.0,7239.32,3580.0,17.67
2021-05-24,5584.76,5611.12,5553.94,5611.12,58596432983.0,7527.56,3580.0,17.74
2021-05-25,5618.42,5740.57,5614.12,5736.13,65924513078.0,9067.94,3580.0,18.14
2021-05-26,5742.11,5762.6,5733.4,5744.16,67482232333.0,8673.81,3580.0,18.15
2021-05-27,5737.58,5799.64,5721.78,5776.21,63600510366.0,8360.0,3580.0,18.24
2021-05-28,5779.62,5803.71,5737.05,5765.0,68564630516.0,9039.82,3580.0,18.19
2021-05-31,5769.5,5809.37,5747.93,5809.37,64721286100.0,8987.73,3580.0,18.31
2021-06-01,5798.79,5826.87,5752.66,5825.59,68978850209.0,9284.39,3580.0,18.33
2021-06-02,5828.26,5831.93,5745.66,5767.11,68428235916.0,8860.68,3580.0,18.16
2021-06-03,5763.58,5801.65,5740.73,5740.73,66149993858.0,8356.76,3580.0,18.02
2021-06-04,5715.88,5810.8,5708.81,5768.97,62613729590.0,8286.57,3580.0,18.09
2021-06-07,5775.21,5780.35,5746.43,5780.22,60553116469.0,8420.34,3580.0,18.12
2021-06-08,5780.02,5815.31,5708.77,5739.39,62373835527.0,8730.1,3580.0,17.98
2021-06-09,5733.1,5762.41,5719.91,5747.46,60399988062.0,7771.84,3580.0,18.01
2021-06-10,5745.59,5814.31,5739.51,5797.19,66444948995.0,8937.09,3580.0,18.14
2021-06-11,5803.84,5804.23,5751.28,5755.73,73782210999.0,10002.79,3580.0,18.02
2021-06-15,5753.49,5758.96,5675.98,5699.55,65514314477.0,9080.63,3765.0,18.34
2021-06-16,5694.74,5695.15,5593.63,5598.98,59950376594.0,8440.19,3765.0,18.03
2021-06-17,5593.13,5649.92,5593.13,5643.38,56512465630.0,8115.75,3765.0,18.15
2021-06-18,5643.96,5684.79,5627.01,5669.45,62813255545.0,9296.06,3765.0,18.18
2021-06-21,5655.2,5710.97,5634.79,5690.65,62166463417.0,9328.97,3765.0,18.24
2021-06-22,5705.57,5727.22,5684.59,5725.3,65104284103.0,9228.01,3765.0,18.36
2021-06-23,5729.19,5774.19,5713.62,5760.18,64977364816.0,9836.54,3765.0,18.43
2021-06-24,5766.92,5767.39,5725.48,5745.76,62398337195.0,9000.21,3765.0,18.39
2021-06-25,5747.98,5822.85,5745.12,5812.08,65462320391.0,9552.03,3765.0,18.61
2021-06-28,5822.3,5844.6,5812.65,5839.27,60944542991.0,9218.18,3765.0,18.68
2021-06-29,5842.82,5842.82,5782.14,5785.5,59695977473.0,9069.88,3765.0,18.51
2021-06-30,5787.25,5838.01,5781.48,5834.19,54752047414.0,8505.92,3765.0,18.65
2021-07-01,5849.05,5850.79,5785.63,5801.89,60548289363.0,9280.15,3765.0,18.55
2021-07-02,5766.99,5766.99,5679.47,5687.29,57763086439.0,9198.82,3765.0,18.18
2021-07-05,5687.9,5724.83,5675.55,5720.74,58801670408.0,9272.19,3765.0,18.27
2021-07-06,5726.81,5739.58,5645.29,5710.24,63091060399.0,10212.66,3765.0,18.22
2021-07-07,5676.73,5787.92,5665.26,5781.48,62288124223.0,9539.56,3765.0,18.42
2021-07-08,5792.83,5799.55,5740.64,5748.98,70396873743.0,10951.22,3765.0,18.3
2021-07-09,5721.88,5765.5,5666.31,5752.11,68556305024.0,10318.8,3765.0,18.29
2021-07-12,5793.31,5859.42,5767.48,5839.9,80647822263.0,12224.28,3764.0,18.52
2021-07-13,5835.32,5861.38,5824.13,5861.07,75638624676.0,11238.5,3764.0,18.59
2021-07-14,5846.58,5851.67,5791.96,5798.98,77356007752.0,11232.56,3764.0,18.38
2021-07-15,5782.62,5845.89,5747.44,5845.15,74847226551.0,10792.75,3764.0,18.52
2021-07-16,5835.67,5851.54,5792.47,5795.53,73451582232.0,10892.64,3764.0,18.35
2021-07-19,5786.08,5807.2,5748.0,5798.31,69732796503.0,10384.0,3764.0,18.35
2021-07-20,5755.79,5807.49,5751.37,5805.93,61510458444.0,8939.48,3764.0,18.35
2021-07-21,5824.47,5890.1,5824.47,5875.68,73108655096.0,11295.93,3764.0,18.55
2021-07-22,5883.34,5898.99,5863.08,5898.53,80292728809.0,12037.33,3764.0,18.62
2021-07-23,5892.79,5892.79,5818.69,5833.64,89508235061.0,12769.34,3764.0,18.44
2021-07-26,5814.24,5814.24,5607.88,5694.92,87677191604.0,13148.29,3764.0,18.0
2021-07-27,5696.7,5730.19,5517.65,5517.65,91475077475.0,14079.05,3764.0,17.47
2021-07-28,5469.84,5532.94,5370.39,5481.89,80019388697.0,11682.6,3764.0,17.38
2021-07-29,5575.22,5629.08,5550.35,5618.94,72008051212.0,11501.97,3764.0,17.76
2021-07-30,5603.6,5621.35,5550.21,5607.75,78677578714.0,12314.92,3764.0,17.71
2021-08-02,5598.86,5727.72,5577.18,5727.72,86478865705.0,13982.66,3764.0,18.08
2021-08-03,5705.22,5747.08,5683.1,5699.81,83637442070.0,13061.89,3764.0,18.0
2021-08-04,5691.42,5780.84,5686.4,5780.62,73308014042.0,11918.56,3764.0,18.21
2021-08-05,5753.32,5786.44,5722.14,5748.75,75248110436.0,11821.29,3764.0,18.11
2021-08-06,5751.82,5755.1,5698.76,5738.2,71278569408.0,11197.21,3764.0,18.07
2021-08-09,5708.29,5797.76,5697.27,5785.83,73427453770.0,11527.95,3764.0,18.25
2021-08-10,5775.51,5837.26,5761.2,5837.26,74415484874.0,12099.77,3764.0,18.42
2021-08-11,5833.12,5858.03,5817.78,5841.8,79933620628.0,11628.13,3764.0,18.43
2021-08-12,5825.51,5850.8,5798.14,5824.18,80594861854.0,11775.89,3764.0,18.37
2021-08-13,5802.45,5855.06,5775.02,5804.73,79111839177.0,11681.46,3764.0,18.31
2021-08-16,5794.53,5819.45,5768.11,5779.83,78363366156.0,11326.0,3763.0,18.27
2021-08-17,5774.27,5798.97,5631.02,5646.55,84429146630.0,11834.59,3763.0,17.86
2021-08-18,5645.65,5710.71,5630.67,5703.63,75801632939.0,10797.27,3763.0,18.04
2021-08-19,5693.38,5724.35,5646.05,5694.73,75619079555.0,10936.61,3763.0,17.99
2021-08-20,5654.4,5678.06,5566.74,5626.24,72224086783.0,11208.8,3763.0,17.77
2021-08-23,5644.35,5739.51,5642.86,5730.8,78759145591.0,11926.83,3763.0,18.08
2021-08-24,5737.79,5800.9,5730.14,5786.15,85528327222.0,12728.56,3763.0,18.26
2021-08-25,5786.2,5816.81,5763.69,5816.81,82756441557.0,11825.18,3763.0,18.36
2021-08-26,5813.23,5813.23,5730.19,5733.42,91637017891.0,12456.69,3763.0,18.12
2021-08-27,5719.19,5773.84,5712.69,5757.15,86808686001.0,12229.43,3763.0,18.19
2021-08-30,5774.75,5795.93,5735.03,5762.84,96767583099.0,14442.89,3763.0,18.2
2021-08-31,5751.92,5759.38,5686.98,5759.26,95938786510.0,13617.12,3763.0,18.21
2021-09-01,5762.22,5794.9,5672.72,5761.87,116609483500.0,15816.45,3763.0,17.38
2021-09-02,5750.12,5798.95,5747.61,5798.48,99293907674.0,13178.76,3763.0,17.48
2021-09-03,5806.97,5826.65,5747.35,5767.88,109912993748.0,14469.29,3763.0,17.39
2021-09-06,5770.65,5867.89,5763.88,5861.81,96176428380.0,13180.0,3763.0,17.67
2021-09-07,5861.3,5950.25,5845.6,5943.95,98562494007.0,12915.52,3763.0,17.91
2021-09-08,5942.77,5969.04,5919.3,5943.76,109001180856.0,13573.92,3763.0,17.9
2021-09-09,5930.83,5954.52,5906.17,5954.42,107567390924.0,13244.16,3763.0,17.97
2021-09-10,5948.96,6001.13,5934.31,5980.36,111147685444.0,14302.36,3763.0,18.02
2021-09-13,5978.53,5999.18,5950.26,5981.76,101501606698.0,13555.33,3761.0,18.06
2021-09-14,5975.43,6014.37,5909.19,5920.57,104903148111.0,14002.71,3761.0,17.87
2021-09-15,5906.4,5936.65,5880.6,5910.01,89941438438.0,12482.45,3761.0,17.84
2021-09-16,5913.78,5931.65,5807.1,5807.1,102499945628.0,13654.67,3761.0,17.56
2021-09-17,5792.85,5833.17,5749.44,5827.81,92416917803.0,12316.45,3761.0,17.62
2021-09-22,5743.0,5828.44,5736.74,5824.67,81663691904.0,10535.49,3761.0,17.64
2021-09-23,5861.62,5884.23,5842.47,5854.08,95960398587.0,12199.18,3761.0,17.71
2021-09-24,5845.41,5871.97,5801.27,5807.96,90655663562.0,11801.71,3761.0,17.58
2021-09-27,5828.71,5849.08,5704.71,5743.8,93432333776.0,12588.88,3761.0,17.43
2021-09-28,5730.1,5769.03,5715.0,5752.75,74605844763.0,9549.93,3761.0,17.48
2021-09-29,5707.58,5709.58,5619.52,5639.47,78289879452.0,9887.21,3761.0,17.12
2021-09-30,5658.34,5731.66,5658.34,5723.46,68290555993.0,8751.05,3761.0,17.33
2021-10-08,5787.81,5795.93,5736.85,5769.29,74662043648.0,9880.97,3761.0,17.45
2021-10-11,5780.58,5792.29,5746.94,5757.89,70577342469.0,9199.45,3760.0,17.41
2021-10-12,5742.11,5742.11,5616.36,5668.45,73163931296.0,9178.83,3760.0,17.16
2021-10-13,5667.79,5729.91,5637.77,5723.25,60247021313.0,8101.59,3760.0,17.3
2021-10-14,5715.7,5739.84,5700.67,5725.21,57288146671.0,7778.55,3760.0,17.29
2021-10-15,5708.47,5751.48,5690.06,5740.99,64070146664.0,9028.85,3760.0,17.35
2021-10-18,5736.33,5736.81,5682.71,5736.73,64079476792.0,9147.36,3760.0,17.33
2021-10-19,5732.82,5788.75,5732.16,5785.59,63328919973.0,8887.91,3760.0,17.47
2021-10-20,5777.04,5805.29,5763.28,5779.11,65326470337.0,9232.2,3760.0,17.44
2021-10-21,5782.58,5809.81,5752.17,5782.98,66295992950.0,9064.03,3760.0,17.46
2021-10-22,5788.05,5817.91,5772.77,5775.44,67331853399.0,9289.53,3759.0,17.43
2021-10-25,5764.98,5821.2,5756.4,5820.16,62654694024.0,9270.47,3759.0,17.56
2021-10-26,5833.42,5847.82,5790.62,5801.98,66108801340.0,9831.63,3759.0,17.51
2021-10-27,5787.91,5787.91,5722.15,5739.81,67749087214.0,9750.86,3759.0,17.33
2021-10-28,5722.1,5733.38,5650.77,5668.07,69901124291.0,10039.4,3759.0,17.1
2021-10-29,5671.12,5741.0,5651.34,5740.29,67645771662.0,10455.42,3759.0,17.29
2021-11-01,5717.77,5778.25,5704.64,5752.86,72102192958.0,11172.43,3759.0,17.04
2021-11-02,5752.94,5779.94,5646.35,5694.34,78401455782.0,11519.2,3759.0,16.87
2021-11-03,5688.37,5713.23,5654.9,5688.08,60663210469.0,9131.95,3759.0,16.85
2021-11-04,5707.66,5749.83,5703.11,5749.67,63585255395.0,9830.2,3759.0,16.99
2021-11-05,5740.52,5762.25,5702.48,5702.48,72680177725.0,10479.71,3759.0,16.83
2021-11-08,5699.26,5733.92,5688.08,5724.72,63430567350.0,9463.97,3759.0,16.87
2021-11-09,5737.97,5759.47,5717.26,5755.41,61141535965.0,9150.49,3759.0,16.95
2021-11-10,5738.23,5740.01,5655.27,5736.36,66201944187.0,9790.26,3759.0,16.88
2021-11-11,5728.61,5808.88,5721.88,5806.49,70407020178.0,10154.77,3759.0,17.08
2021-11-12,5808.77,5826.64,5799.51,5821.34,68191720764.0,9825.75,3759.0,17.11
2021-11-15,5829.45,5838.14,5784.67,5806.09,70011116316.0,10383.5,3759.0,17.07
2021-11-16,5800.64,5829.78,5775.07,5781.86,69083358093.0,10010.13,3759.0,17.01
2021-11-17,5785.27,5825.8,5778.85,5825.66,64079675073.0,9294.36,3759.0,17.12
2021-11-18,5817.15,5820.9,5777.51,5787.9,70717859265.0,10006.59,3759.0,17.03
2021-11-19,5783.13,5855.33,5779.0,5853.57,70641898755.0,10013.11,3759.0,17.22
2021-11-22,5862.21,5916.08,5862.21,5914.58,72544386119.0,11268.64,3759.0,17.39
2021-11-23,5909.18,5931.63,5899.98,5913.53,75853370260.0,11038.79,3759.0,17.39
2021-11-24,5912.44,5931.39,5892.63,5911.98,72956243485.0,10678.03,3759.0,17.4
2021-11-25,5912.74,5916.31,5892.58,5897.33,67933531133.0,9906.91,3759.0,17.35
2021-11-26,5885.43,5895.52,5860.98,5876.02,67182273513.0,9823.8,3759.0,17.28
2021-11-29,5815.17,5888.28,5812.11,5887.0,69699649077.0,10542.57,3759.0,17.31
2021-11-30,5904.17,5917.68,5859.13,5891.45,74751319590.0,10983.72,3759.0,17.32
2021-12-01,5887.66,5906.55,5876.72,5906.55,71522558369.0,10247.49,3759.0,17.36
2021-12-02,5899.35,5916.04,5881.92,5887.0,74564086141.0,10317.46,3759.0,17.32
2021-12-03,5889.68,5936.82,5887.5,5935.4,72727894714.0,10220.64,3759.0,17.47
2021-12-06,5937.5,5952.5,5883.45,5887.77,80385395417.0,10905.01,3759.0,17.34
2021-12-07,5924.03,5929.19,5830.44,5869.69,77096681750.0,10855.58,3759.0,17.3
2021-12-08,5885.27,5960.45,5874.35,5960.45,68275894968.0,9969.78,3759.0,17.55
2021-12-09,5963.28,6036.2,5960.58,6015.09,81155460110.0,11522.11,3759.0,17.72
2021-12-10,5981.64,6015.24,5976.05,6008.62,76902537572.0,10962.1,3759.0,17.7
2021-12-13,6037.26,6073.88,6030.49,6043.28,85097476431.0,12154.11,4098.0,18.2
2021-12-14,6026.93,6037.43,6010.91,6021.94,78439130240.0,10868.53,4098.0,18.12
2021-12-15,6012.54,6038.3,5986.03,5992.05,80821313270.0,10661.14,4098.0,18.03
2021-12-16,5996.39,6031.25,5982.7,6031.25,81141002039.0,10484.72,4098.0,18.16
2021-12-17,6021.1,6021.1,5951.13,5951.29,87195168331.0,10965.21,4098.0,17.92
2021-12-20,5931.67,5966.99,5854.72,5860.27,88529184262.0,10944.73,4098.0,17.67
2021-12-21,5857.08,5920.82,5857.08,5918.82,84979384743.0,9496.28,4098.0,17.83
2021-12-22,5933.05,5947.73,5922.77,5937.93,88357138402.0,10031.23,4098.0,17.87
2021-12-23,5943.58,5962.69,5928.76,5959.16,83138276431.0,10177.37,4098.0,17.95
2021-12-24,5963.64,5965.68,5889.15,5896.64,85591516321.0,10733.78,4098.0,17.79
2021-12-27,5891.24,5928.4,5871.45,5897.16,72760061700.0,9287.91,4098.0,17.79
2021-12-28,5904.38,5940.12,5892.31,5939.42,71101201997.0,9502.14,4098.0,17.89
2021-12-29,5937.79,5937.79,5884.4,5885.31,69086419174.0,9435.98,4098.0,17.72
2021-12-30,5885.82,5953.22,5885.82,5935.27,72633016782.0,9626.31,4098.0,17.85
2021-12-31,5951.31,5974.07,5947.39,5969.8,75820987458.0,10021.71,4098.0,17.94
2022-01-04,5991.91,5995.15,5920.41,5958.74,93366755927.0,12105.16,4098.0,17.9
2022-01-05,5949.01,5949.79,5843.88,5868.58,95486482319.0,12329.05,4098.0,17.65
2022-01-06,5837.8,5868.57,5801.15,5855.53,83887034430.0,10754.58,4098.0,17.62
2022-01-07,5860.04,5878.78,5808.18,5811.61,94375751799.0,11428.84,4098.0,17.53
2022-01-10,5798.81,5841.27,5764.16,5839.64,77709805506.0,9964.35,4098.0,17.61
2022-01-11,5837.21,5852.9,5778.36,5787.49,79031015774.0,10003.9,4098.0,17.45
2022-01-12,5812.1,5859.0,5805.59,5857.31,76914037928.0,10045.28,4098.0,17.64
2022-01-13,5864.0,5864.0,5768.85,5768.85,82341215229.0,10350.95,4098.0,17.39
2022-01-14,5743.46,5783.96,5729.45,5746.23,84001863959.0,10437.71,4098.0,17.3
2022-01-17,5751.11,5819.22,5751.11,5814.11,77840471851.0,10587.72,4098.0,17.46
2022-01-18,5815.2,5846.64,5790.12,5823.33,88544068542.0,11335.09,4098.0,17.53
2022-01-19,5814.07,5830.4,5752.13,5784.12,77787162301.0,10090.34,4098.0,17.42
2022-01-20,5782.51,5811.04,5743.34,5756.52,85180312417.0,10646.29,4098.0,17.36
2022-01-21,5739.66,5747.83,5683.36,5695.02,72678947560.0,9320.56,4098.0,17.17
2022-01-24,5664.63,5722.18,5658.36,5704.39,62132835405.0,8209.0,4098.0,17.2
2022-01-25,5679.38,5702.41,5531.88,5531.88,73418167397.0,8878.49,4098.0,16.71
2022-01-26,5550.52,5586.75,5496.69,5568.44,58744522350.0,7465.71,4098.0,16.83
2022-01-27,5566.47,5566.49,5431.03,5433.24,61417387504.0,7724.79,4098.0,16.46
2022-01-28,5465.54,5487.54,5369.54,5405.91,61031023367.0,7723.09,4098.0,16.35
2022-02-07,5487.31,5510.31,5467.43,5484.44,65681705919.0,7815.84,4098.0,16.62
2022-02-08,5479.06,5490.48,5384.37,5490.48,72261664032.0,8346.88,4098.0,16.65
2022-02-09,5489.8,5565.88,5478.02,5560.69,73986278751.0,8836.54,4098.0,16.83
2022-02-10,5563.55,5563.55,5507.66,5544.29,72271673639.0,8828.04,4098.0,16.8
2022-02-11,5519.02,5547.81,5464.77,5471.57,75623588476.0,9386.05,4098.0,16.62
2022-02-14,5444.06,5484.96,5407.86,5432.64,67037939340.0,8209.07,4097.0,16.48
2022-02-15,5437.42,5492.17,5430.28,5490.89,61421944166.0,7864.49,4097.0,16.64
2022-02-16,5514.1,5536.65,5504.52,5522.11,61639839594.0,7585.71,4097.0,16.74
2022-02-17,5517.35,5560.57,5503.83,5532.49,68550783814.0,8524.27,4097.0,16.76
2022-02-18,5501.87,5564.38,5494.22,5564.38,64613338393.0,7603.4,4097.0,16.85
2022-02-21,5564.92,5583.63,5547.24,5582.13,70969998817.0,8503.84,4097.0,16.88
2022-02-22,5549.05,5549.05,5489.06,5518.63,74276217500.0,9228.85,4097.0,16.69
2022-02-23,5526.42,5602.88,5526.42,5601.32,74185810325.0,9849.51,4097.0,16.91
2022-02-24,5570.01,5602.63,5422.1,5483.35,106251880403.0,12945.36,4097.0,16.58
2022-02-25,5524.35,5585.57,5522.65,5536.75,77536262668.0,9669.67,4097.0,16.73
2022-02-28,5534.01,5554.68,5482.73,5554.68,70743845219.0,8953.07,4097.0,16.78
2022-03-01,5569.87,5590.44,5549.6,5588.58,68564496208.0,9143.76,4097.0,16.88
2022-03-02,5562.61,5568.55,5533.54,5564.6,69272029558.0,8477.91,4097.0,16.81
2022-03-03,5584.65,5589.59,5523.15,5532.53,82142124950.0,9509.26,4097.0,16.73
2022-03-04,5494.48,5526.99,5447.38,5464.87,79809716758.0,9446.04,4097.0,16.55
2022-03-07,5439.3,5439.3,5301.9,5323.15,78153342840.0,9647.37,4097.0,16.14
2022-03-08,5327.08,5345.53,5167.43,5184.96,85357875886.0,10433.09,4097.0,15.73
2022-03-09,5199.58,5226.0,4929.48,5128.01,93544749772.0,10934.55,4097.0,15.55
2022-03-10,5239.95,5269.56,5212.75,5220.5,79403080193.0,10136.58,4097.0,15.8
2022-03-11,5150.42,5256.95,5089.84,5248.11,78870220312.0,9881.49,4097.0,15.87
2022-03-14,5192.77,5228.66,5098.41,5098.41,71283412744.0,9108.39,4096.0,15.44
2022-03-15,5048.02,5082.18,4854.05,4854.05,91100465810.0,10633.94,4096.0,14.71
2022-03-16,4937.3,5053.29,4781.18,5040.99,90332030284.0,11260.65,4096.0,15.23
2022-03-17,5120.19,5216.43,5114.87,5135.63,90574130583.0,12039.28,4096.0,15.5
2022-03-18,5114.19,5192.51,5100.37,5179.14,78055835501.0,9323.59,4096.0,15.63
2022-03-21,5191.78,5224.9,5146.63,5200.6,78531787935.0,9529.4,4096.0,15.67
2022-03-22,5191.43,5227.54,5165.14,5191.67,78141196053.0,9006.49,4096.0,15.66
2022-03-23,5204.62,5231.1,5180.45,5216.87,75987435547.0,8855.77,4096.0,15.73
2022-03-24,5187.79,5206.13,5140.47,5174.91,73038214112.0,8610.27,4096.0,15.62
2022-03-25,5174.86,5189.18,5103.07,5103.07,73922208814.0,8627.9,4096.0,15.41
2022-03-28,5059.57,5114.21,5010.79,5078.44,73130533621.0,8180.78,4096.0,15.36
2022-03-29,5087.03,5107.96,5038.33,5053.11,70583495522.0,8121.25,4096.0,15.3
2022-03-30,5078.31,5174.75,5073.24,5174.75,77677176423.0,9076.34,4096.0,15.65
2022-03-31,5156.34,5168.54,5125.39,5134.62,85280619846.0,9543.89,4096.0,15.55
2022-04-01,5104.16,5184.53,5089.99,5170.98,80998086999.0,8884.18,4096.0,15.67
2022-04-06,5158.4,5173.29,5129.42,5167.55,87639767513.0,9205.19,4096.0,15.66
2022-04-07,5140.59,5174.32,5076.52,5076.52,84275462848.0,8720.78,4096.0,15.41
2022-04-08,5080.6,5092.92,5010.57,5078.0,83562704822.0,8744.75,4096.0,15.45
2022-04-11,5050.73,5050.73,4897.39,4916.17,84683065128.0,9174.17,4096.0,15.0
2022-04-12,4913.12,5001.97,4877.75,5001.97,82877447488.0,8711.68,4096.0,15.23
2022-04-13,4973.61,5001.72,4933.02,4933.02,78836675398.0,8259.23,4096.0,15.05
2022-04-14,4963.6,5019.95,4949.74,4993.45,73967587086.0,8233.73,4096.0,15.23
2022-04-15,4962.51,4992.19,4932.31,4957.72,80508531715.0,8618.21,4096.0,15.14
2022-04-18,4918.66,4966.26,4880.26,4957.23,67461367393.0,7357.16,4096.0,15.11
2022-04-19,4952.61,4983.93,4919.21,4947.55,65961700246.0,7339.02,4096.0,15.09
2022-04-20,4943.37,4947.78,4852.29,4867.24,71995178821.0,7715.46,4096.0,14.85
2022-04-21,4843.09,4876.56,4714.19,4731.33,76820126269.0,7931.83,4096.0,14.48
2022-04-22,4698.66,4757.89,4661.57,4718.91,66673827080.0,6932.11,4096.0,14.47
2022-04-25,4630.78,4638.22,4432.89,4432.89,84048952575.0,8337.74,4096.0,13.66
2022-04-26,4436.79,4486.28,4339.93,4351.27,79103670587.0,7841.46,4096.0,13.45
2022-04-27,4308.27,4504.05,4302.04,4503.95,84806691185.0,8599.18,4096.0,13.86
2022-04-28,4481.14,4542.1,4443.87,4501.36,73880618484.0,7852.19,4096.0,13.88
2022-04-29,4527.35,4652.18,4507.1,4647.02,83823500278.0,9051.17,4096.0,14.28
2022-05-05,4630.04,4710.21,4625.25,4676.85,75462160787.0,8466.03,4096.0,14.21
2022-05-06,4574.78,4624.35,4562.29,4580.55,68009261339.0,7067.34,4096.0,13.92
2022-05-09,4561.46,4613.52,4558.01,4587.44,59805176259.0,6239.22,4096.0,13.93
2022-05-10,4523.88,4660.57,4511.91,4651.72,74492255889.0,7924.3,4096.0,14.11
2022-05-11,4654.46,4789.69,4654.14,4703.87,88858869802.0,10103.55,4096.0,14.24
2022-05-12,4675.52,4731.14,4664.64,4704.52,71227842984.0,7652.8,4096.0,14.23
2022-05-13,4728.49,4748.38,4694.11,4739.19,68392599409.0,7106.03,4096.0,14.35
2022-05-16,4770.44,4777.76,4707.39,4721.8,71253169561.0,7398.07,4096.0,14.28
2022-05-17,4723.76,4759.94,4692.29,4759.94,67870554579.0,7395.53,4096.0,14.39
2022-05-18,4765.85,4790.87,4733.13,4755.46,67417362443.0,7239.9,4096.0,14.36
2022-05-19,4687.86,4778.54,4680.55,4778.54,71244633369.0,7569.07,4096.0,14.41
2022-05-20,4799.51,4857.26,4799.23,4857.26,77342665884.0,8656.04,4096.0,14.64
2022-05-23,4865.21,4870.95,4829.19,4868.52,73233004624.0,8039.18,4096.0,14.66
2022-05-24,4868.05,4868.55,4714.13,4714.13,85903068162.0,9263.62,4096.0,14.25
2022-05-25,4712.5,4769.14,4709.36,4769.14,67571926952.0,7135.36,4096.0,14.39
2022-05-26,4774.83,4813.69,4710.48,4792.16,72952760963.0,7713.06,4096.0,14.45
2022-05-27,4817.25,4844.41,4764.75,4795.29,71529505891.0,7605.46,4096.0,14.47
2022-05-30,4815.59,4835.75,4783.98,4834.67,68466116622.0,7563.99,4096.0,14.57
2022-05-31,4836.51,4906.51,4812.55,4901.99,75301565526.0,8763.06,4096.0,14.76
2022-06-01,4892.17,4918.39,4868.82,4904.74,73070491035.0,8240.0,4096.0,14.75
2022-06-02,4884.42,4933.79,4874.89,4931.21,71821753902.0,8237.89,4096.0,14.81
2022-06-06,4933.52,5028.09,4916.82,5027.55,83017028681.0,10302.6,4096.0,15.05
2022-06-07,5028.56,5051.86,4995.87,5031.34,80706298622.0,9656.08,4096.0,15.06
2022-06-08,5035.19,5067.77,4977.35,5061.66,86049420507.0,10211.55,4096.0,15.14
2022-06-09,5051.56,5058.6,4971.55,4994.07,81008446985.0,9146.36,4096.0,14.97
2022-06-10,4959.29,5082.47,4955.86,5079.69,83716176678.0,9877.11,4096.0,15.21
2022-06-13,5035.78,5080.17,5012.41,5058.04,86074572817.0,10497.82,4281.0,15.27
2022-06-14,5004.79,5084.63,4932.69,5084.09,89365176237.0,10555.98,4281.0,15.37
2022-06-15,5089.5,5197.95,5088.85,5111.96,106084647312.0,12543.63,4281.0,15.45
2022-06-16,5113.86,5155.43,5090.25,5107.8,87958725997.0,10420.58,4281.0,15.38
2022-06-17,5072.72,5174.39,5069.52,5165.79,81770276233.0,10493.81,4281.0,15.54
2022-06-20,5179.4,5232.48,5158.05,5200.68,84836763279.0,11183.28,4281.0,15.61
2022-06-21,5198.45,5219.39,5129.06,5177.68,84577563733.0,10358.31,4281.0,15.54
2022-06-22,5182.59,5184.72,5109.68,5111.06,77800994087.0,9484.82,4281.0,15.33
2022-06-23,5117.21,5208.37,5092.54,5208.37,83716083388.0,10298.52,4281.0,15.61
2022-06-24,5220.58,5276.1,5214.47,5269.81,85156222606.0,11060.49,4281.0,15.77
2022-06-27,5294.53,5346.38,5294.53,5322.66,88801114566.0,11766.58,4281.0,15.91
2022-06-28,5321.71,5391.14,5294.06,5386.11,90766844322.0,11703.16,4281.0,16.07
2022-06-29,5368.68,5391.47,5277.44,5281.53,97823887451.0,12579.73,4281.0,15.79
2022-06-30,5282.56,5381.36,5282.56,5350.83,84643876172.0,11103.37,4281.0,15.98
2022-07-01,5353.51,5366.63,5318.91,5336.14,76901878868.0,10030.45,4281.0,15.93
2022-07-04,5323.0,5381.56,5294.16,5381.56,78206982988.0,10845.11,4281.0,16.04
2022-07-05,5389.88,5409.85,5302.91,5364.21,86520660666.0,11323.06,4281.0,16.0
2022-07-06,5346.8,5356.35,5252.39,5293.9,79434312540.0,10388.78,4281.0,15.79
2022-07-07,5293.82,5343.8,5260.18,5329.09,75105962602.0,10072.43,4281.0,15.86
2022-07-08,5352.48,5365.16,5304.67,5308.52,74818196148.0,9838.38,4281.0,15.8
2022-07-11,5286.86,5286.86,5196.42,5231.29,75247679518.0,9629.51,4280.0,15.57
2022-07-12,5229.49,5246.12,5160.39,5167.81,74045786501.0,9317.0,4280.0,15.4
2022-07-13,5167.47,5213.59,5142.03,5194.87,74059369330.0,8998.44,4280.0,15.45
2022-07-14,5183.87,5247.3,5173.26,5215.73,78499287559.0,9813.44,4280.0,15.5
2022-07-15,5191.48,5235.0,5133.32,5133.32,83926577423.0,10350.28,4280.0,15.25
2022-07-18,5147.47,5212.78,5122.49,5210.42,78234636196.0,9726.04,4280.0,15.48
2022-07-19,5211.38,5228.07,5175.0,5214.09,76485695458.0,9504.31,4280.0,15.48
2022-07-20,5233.87,5261.85,5224.89,5252.89,72472305479.0,9062.27,4280.0,15.6
2022-07-21,5240.77,5254.25,5206.88,5206.88,77784331394.0,9712.16,4280.0,15.45
2022-07-22,5218.38,5243.94,5153.5,5194.89,72271707943.0,8908.55,4280.0,15.41
2022-07-25,5194.35,5202.17,5138.79,5151.87,66446193750.0,8164.28,4280.0,15.31
2022-07-26,5157.34,5209.5,5135.99,5201.61,64135294245.0,7899.31,4280.0,15.44
2022-07-27,5191.69,5218.05,5180.05,5209.35,64592189820.0,8211.45,4280.0,15.46
2022-07-28,5232.51,5264.28,5215.62,5224.38,74696968917.0,9542.61,4280.0,15.49
2022-07-29,5227.14,5241.99,5165.51,5174.98,74529228620.0,9563.67,4280.0,15.34
2022-08-01,5165.96,5209.77,5133.08,5206.5,70428470952.0,9410.45,4280.0,15.42
2022-08-02,5152.06,5152.06,5019.72,5069.12,93440807691.0,11173.95,4280.0,15.04
2022-08-03,5075.83,5134.52,5013.99,5026.75,80353480853.0,10509.03,4280.0,14.92
2022-08-04,5054.1,5076.67,5007.78,5069.67,64667411757.0,8450.53,4280.0,15.04
2022-08-05,5080.5,5145.28,5068.82,5142.27,68696221828.0,9243.5,4280.0,15.24
2022-08-08,5130.08,5169.58,5121.99,5169.24,63850089218.0,8854.9,4280.0,15.31
2022-08-09,5164.13,5185.38,5148.4,5184.38,64317974257.0,8889.3,4280.0,15.35
2022-08-10,5173.95,5193.82,5136.08,5158.4,64616504446.0,9056.92,4280.0,15.28
2022-08-11,5181.76,5245.26,5169.13,5245.26,74820486610.0,10061.79,4280.0,15.53
2022-08-12,5237.29,5256.13,5227.66,5228.89,74619518531.0,9290.68,4280.0,15.49
2022-08-15,5217.93,5256.76,5211.51,5241.73,70234255565.0,9166.29,4279.0,15.51
2022-08-16,5247.28,5278.88,5240.06,5254.11,74562318358.0,9576.38,4279.0,15.53
2022-08-17,5260.19,5290.78,5229.2,5284.56,79233697965.0,10131.2,4279.0,15.62
2022-08-18,5272.48,5274.56,5251.36,5265.72,75760826956.0,9873.92,4279.0,15.55
2022-08-19,5263.43,5275.37,5209.72,5209.72,80674724602.0,10513.32,4279.0,15.41
2022-08-22,5194.07,5250.74,5184.04,5250.74,73365116378.0,9628.26,4279.0,15.53
2022-08-23,5241.73,5255.9,5225.29,5245.85,72493378207.0,9378.89,4279.0,15.51
2022-08-24,5252.4,5254.58,5105.11,5110.53,85095133485.0,10578.83,4279.0,15.15
2022-08-25,5125.53,5133.74,5056.48,5127.57,74886339533.0,9205.81,4279.0,15.22
2022-08-26,5138.31,5168.26,5101.83,5109.44,68453721515.0,8687.44,4279.0,15.17
2022-08-29,5047.31,5112.72,5039.17,5112.72,64575063747.0,7873.37,4279.0,15.17
2022-08-30,5112.1,5116.32,5064.03,5089.1,65746449957.0,7840.5,4279.0,15.11
2022-08-31,5069.64,5082.53,4993.43,5017.15,75337477570.0,9412.45,4279.0,14.93
2022-09-01,5009.88,5043.93,4976.97,4983.7,62209761291.0,7425.29,4279.0,14.76
2022-09-02,4994.63,5011.35,4972.08,4994.81,58041711407.0,6945.46,4279.0,14.76
2022-09-05,4986.3,5004.05,4963.14,4999.18,60460103938.0,7171.33,4279.0,14.79
2022-09-06,5011.51,5066.94,4996.97,5066.94,67926164083.0,8167.47,4279.0,14.98
2022-09-07,5047.23,5094.79,5040.6,5080.88,67704454529.0,8171.58,4279.0,15.01
2022-09-08,5083.59,5088.09,5045.39,5048.68,63691033615.0,7376.65,4279.0,14.93
2022-09-09,5058.8,5091.76,5043.48,5087.47,62335527876.0,7305.06,4279.0,15.06
2022-09-13,5106.02,5114.82,5083.59,5097.08,60467221035.0,7240.09,4278.0,15.08
2022-09-14,5027.34,5066.5,5015.41,5044.05,56811260790.0,6696.9,4278.0,14.93
2022-09-15,5063.38,5067.44,4907.51,4951.87,72247679580.0,8596.19,4278.0,14.69
2022-09-16,4936.67,4940.48,4836.37,4836.37,66853773412.0,7495.74,4278.0,14.36
2022-09-19,4830.28,4853.66,4784.84,4808.79,54106348546.0,6148.37,4278.0,14.29
2022-09-20,4834.29,4870.46,4826.78,4842.25,50861369637.0,6071.34,4278.0,14.36
2022-09-21,4827.93,4849.15,4779.09,4828.52,53295537015.0,5914.66,4278.0,14.32
2022-09-22,4795.01,4846.7,4788.89,4803.13,51161247106.0,5920.75,4278.0,14.26
2022-09-23,4799.91,4817.13,4717.14,4750.71,54585635531.0,6181.68,4278.0,14.14
2022-09-26,4716.83,4784.1,4699.2,4705.37,54878514170.0,6211.46,4278.0,14.01
2022-09-27,4717.16,4788.62,4703.37,4788.62,51741612611.0,6186.93,4278.0,14.23
2022-09-28,4776.87,4776.87,4680.74,4680.74,51797948874.0,5998.97,4278.0,13.96
2022-09-29,4723.74,4733.21,4652.77,4676.93,50973750344.0,5791.52,4278.0,13.96
2022-09-30,4677.83,4695.76,4631.68,4631.68,45183583315.0,5191.58,4278.0,13.85
2022-10-10,4637.71,4641.32,4527.8,4537.69,50754596943.0,5835.3,4278.0,13.58
2022-10-11,4547.45,4573.27,4512.33,4559.23,45486203208.0,5254.1,4278.0,13.63
2022-10-12,4555.17,4655.92,4484.65,4655.92,55799759780.0,6622.51,4278.0,13.89
2022-10-13,4627.38,4690.71,4619.67,4651.48,56499178721.0,6772.23,4278.0,13.85
2022-10-14,4685.18,4782.71,4683.87,4762.02,62686209260.0,8045.54,4278.0,14.15
2022-10-17,4740.09,4793.95,4734.58,4790.52,60259015659.0,7484.49,4276.0,14.21
2022-10-18,4809.62,4829.01,4778.36,4795.51,59000774980.0,7345.14,4276.0,14.22
2022-10-19,4782.51,4796.91,4736.7,4736.7,55499543416.0,7026.05,4276.0,14.05
2022-10-20,4706.83,4775.9,4668.57,4711.96,57709127917.0,7336.7,4276.0,13.99
2022-10-21,4713.37,4735.65,4688.88,4706.91,54569289276.0,6546.44,4276.0,13.98
2022-10-24,4703.67,4758.13,4591.01,4613.74,65811508469.0,8213.98,4276.0,13.71
2022-10-25,4594.61,4646.64,4543.67,4603.81,60241376262.0,7456.27,4276.0,13.68
2022-10-26,4608.1,4710.43,4608.1,4666.43,65791962947.0,8484.1,4276.0,13.84
2022-10-27,4675.36,4697.23,4640.72,4640.72,64550463815.0,8602.3,4276.0,13.75
2022-10-28,4608.6,4619.83,4489.78,4503.14,68488009746.0,8463.06,4276.0,13.39
2022-10-31,4465.67,4547.81,4465.67,4500.13,65177316043.0,8199.56,4276.0,13.34
2022-11-01,4510.69,4634.42,4506.37,4634.42,69606232704.0,9137.99,4276.0,13.72
2022-11-02,4623.48,4719.9,4616.06,4692.07,74024009815.0,9817.95,4276.0,13.88
2022-11-03,4651.92,4695.13,4647.04,4683.03,61242970779.0,8195.43,4276.0,13.86
2022-11-04,4683.14,4822.57,4683.14,4808.23,74280275232.0,10086.24,4276.0,14.22
2022-11-07,4801.56,4839.16,4782.97,4820.8,72294110816.0,9316.56,4276.0,14.25
2022-11-08,4818.6,4820.7,4767.56,4800.07,61015487522.0,7707.7,4276.0,14.19
2022-11-09,4801.92,4821.06,4771.82,4774.9,57921155292.0,7145.36,4276.0,14.11
2022-11-10,4744.24,4765.53,4719.89,4740.97,64020003440.0,7724.52,4276.0,14.01
2022-11-11,4855.55,4875.33,4801.85,4817.24,92034482242.0,11364.66,4276.0,14.25
2022-11-14,4835.0,4864.22,4794.55,4810.85,81340980998.0,9997.96,4276.0,14.23
2022-11-15,4806.01,4905.34,4795.05,4905.34,77276680804.0,9869.8,4276.0,14.49
2022-11-16,4902.61,4923.35,4864.18,4872.57,70712854270.0,8728.51,4276.0,14.4
2022-11-17,4858.29,4869.63,4817.23,4869.63,66875944794.0,8470.63,4276.0,14.38
2022-11-18,4872.38,4895.43,4840.49,4842.81,72160109426.0,9090.35,4276.0,14.31
2022-11-21,4809.4,4831.03,4778.43,4831.03,62123347311.0,7899.65,4276.0,14.27
2022-11-22,4825.82,4857.72,4781.08,4798.73,69849084687.0,8190.43,4276.0,14.22
2022-11-23,4789.05,4813.06,4743.44,4792.97,67138113437.0,7659.93,4276.0,14.22
2022-11-24,4807.42,4823.19,4777.25,4789.02,59160649317.0,6920.69,4276.0,14.21
2022-11-25,4778.76,4796.68,4760.37,4777.88,63039652516.0,6857.8,4276.0,14.21
2022-11-28,4700.43,4744.81,4675.54,4743.22,62769570720.0,7059.1,4276.0,14.1
2022-11-29,4769.39,4861.2,4769.39,4855.44,80367216491.0,9074.32,4276.0,14.42
2022-11-30,4847.2,4873.07,4834.49,4857.84,79354850353.0,8734.04,4276.0,14.43
2022-12-01,4920.56,4939.31,4900.89,4902.41,81421086605.0,9911.03,4276.0,14.55
2022-12-02,4892.45,4919.72,4884.29,4893.82,68187320599.0,8040.63,4276.0,14.51
2022-12-05,4928.52,4957.23,4919.25,4956.84,87481271634.0,9914.7,4276.0,14.72
2022-12-06,4938.67,4984.87,4932.54,4963.62,76286295127.0,9317.2,4276.0,14.74
2022-12-07,4950.69,4994.03,4940.23,4957.98,73133633947.0,8845.18,4276.0,14.71
2022-12-08,4951.37,4963.44,4932.56,4947.63,68624795455.0,8050.72,4276.0,14.69
2022-12-09,4949.01,4979.7,4927.88,4973.35,77473486373.0,9363.69,4276.0,14.76
2022-12-12,4956.19,4956.95,4933.2,4936.63,72050546262.0,8664.26,4500.0,14.77
2022-12-13,4936.13,4938.46,4911.89,4917.09,65449643052.0,7785.29,4500.0,14.72
2022-12-14,4922.0,4936.21,4902.37,4913.74,62356535466.0,7696.16,4500.0,14.71
2022-12-15,4910.57,4926.73,4894.63,4919.81,58871269228.0,7271.72,4500.0,14.71
2022-12-16,4895.77,4913.62,4875.35,4897.95,61921458855.0,7235.9,4500.0,14.67
2022-12-19,4894.25,4906.14,4789.09,4806.92,63993673518.0,7248.45,4500.0,14.4
2022-12-20,4794.17,4794.45,4731.54,4749.95,50803481487.0,6128.23,4500.0,14.24
2022-12-21,4755.77,4767.19,4718.1,4733.77,46969043344.0,5473.78,4500.0,14.2
2022-12-22,4760.66,4771.12,4688.58,4703.35,53770924365.0,6299.61,4500.0,14.12
2022-12-23,4677.13,4717.15,4665.07,4689.82,47603007928.0,5565.14,4500.0,14.08
2022-12-26,4692.3,4746.39,4692.3,4739.47,49147373892.0,5943.93,4500.0,14.21
2022-12-27,4755.27,4785.19,4742.94,4782.14,53164239849.0,6356.24,4500.0,14.35
2022-12-28,4766.94,4772.06,4742.3,4751.54,53306280428.0,6186.94,4500.0,14.28
2022-12-29,4734.92,4764.57,4725.03,4737.12,50355724214.0,5844.59,4500.0,14.23
2022-12-30,4755.12,4767.52,4749.88,4756.62,50521115036.0,5730.73,4500.0,14.28
2023-01-03,4753.34,4821.74,4733.14,4815.92,63861261916.0,7499.58,4500.0,14.43
2023-01-04,4814.74,4834.23,4796.96,4821.47,64784308569.0,7458.28,4500.0,14.45
2023-01-05,4836.47,4892.75,4831.67,4887.54,62998111840.0,8040.09,4500.0,14.64
2023-01-06,4886.29,4921.97,4883.86,4895.24,62780093469.0,7999.74,4500.0,14.68
2023-01-09,4913.28,4941.65,4911.97,4928.5,58749643953.0,7725.93,4500.0,14.77
2023-01-10,4931.53,4941.3,4912.81,4932.2,54384870460.0,7137.02,4500.0,14.77
2023-01-11,4934.72,4955.37,4905.38,4909.22,55254072780.0,7071.47,4500.0,14.72
2023-01-12,4919.21,4934.94,4899.32,4914.2,52595027169.0,6522.45,4500.0,14.74
2023-01-13,4928.87,4959.14,4921.29,4959.14,52128868468.0,6712.89,4500.0,14.88
2023-01-16,4963.82,5059.34,4963.82,5023.43,66439318872.0,8760.9,4500.0,15.06
2023-01-17,5026.47,5035.69,5001.23,5022.05,52545497801.0,6705.56,4500.0,15.05
2023-01-18,5027.88,5041.56,5018.86,5025.95,50028700696.0,6051.9,4500.0,15.06
2023-01-19,5020.05,5059.34,5008.05,5059.34,51865782696.0,6499.7,4500.0,15.14
2023-01-20,5070.65,5099.56,5070.65,5096.78,58523859306.0,7142.44,4500.0,15.24
2023-01-30,5179.76,5184.52,5129.54,5132.83,79744310381.0,10188.05,4500.0,15.33
2023-01-31,5123.95,5142.48,5104.06,5112.41,70627257859.0,8610.09,4500.0,15.26
2023-02-01,5124.43,5175.55,5105.97,5175.55,79348653049.0,9601.99,4500.0,15.42
2023-02-02,5187.16,5195.48,5156.15,5172.52,78017306815.0,9753.16,4500.0,15.42
2023-02-03,5156.07,5156.07,5086.99,5143.68,70549004863.0,8696.25,4500.0,15.32
2023-02-06,5112.28,5121.92,5075.28,5100.22,66057470068.0,8352.05,4500.0,15.19
2023-02-07,5109.8,5120.09,5090.53,5117.06,65971353395.0,8055.12,4500.0,15.24
2023-02-08,5121.29,5126.84,5086.25,5089.44,62848085433.0,7628.67,4500.0,15.16
2023-02-09,5078.96,5160.82,5074.55,5160.82,65703767731.0,8419.14,4500.0,15.37
2023-02-10,5154.14,5163.53,5115.69,5139.43,67874409160.0,8352.97,4500.0,15.3
2023-02-13,5135.08,5188.72,5131.87,5188.13,72714701931.0,9289.49,4500.0,15.44
2023-02-14,5197.9,5197.9,5169.26,5192.17,68500729393.0,8687.63,4500.0,15.47
2023-02-15,5193.69,5199.72,5168.55,5180.86,69700848237.0,8906.83,4500.0,15.43
2023-02-16,5181.21,5219.24,5076.95,5109.81,93766966642.0,11359.84,4500.0,15.24
2023-02-17,5105.45,5128.86,5053.7,5054.77,69647098707.0,8711.96,4500.0,15.09
2023-02-20,5061.1,5152.48,5046.55,5152.0,72917038890.0,9065.8,4500.0,15.39
2023-02-21,5152.67,5180.97,5135.13,5171.26,72339854701.0,8824.08,4500.0,15.45
2023-02-22,5144.22,5171.69,5138.4,5149.38,59604907123.0,7490.4,4500.0,15.38
2023-02-23,5150.39,5170.24,5117.41,5139.31,61336493105.0,7689.97,4500.0,15.36
2023-02-24,5139.84,5140.54,5083.26,5105.6,53023046042.0,6880.25,4500.0,15.26
2023-02-27,5085.88,5110.2,5066.91,5076.6,54877172749.0,7143.63,4500.0,15.19
2023-02-28,5092.22,5117.31,5060.16,5115.27,56525329685.0,7188.76,4500.0,15.3
2023-03-01,5114.89,5173.48,5103.19,5169.95,70213670676.0,8750.19,4500.0,15.46
2023-03-02,5164.81,5178.24,5149.1,5154.21,72317120791.0,8892.79,4500.0,15.42
2023-03-03,5158.85,5167.34,5125.36,5161.79,69585707537.0,8263.14,4500.0,15.47
2023-03-06,5164.78,5166.07,5124.55,5154.66,69353174106.0,9059.29,4500.0,15.45
2023-03-07,5149.84,5157.9,5065.76,5066.12,76114515562.0,8894.74,4500.0,15.22
2023-03-08,5048.33,5072.18,5042.22,5071.47,54194828864.0,6817.43,4500.0,15.22
2023-03-09,5076.27,5079.35,5035.3,5061.66,55882773443.0,7144.66,4500.0,15.2
2023-03-10,5030.28,5037.8,4992.6,4993.51,60098199583.0,7632.87,4500.0,15.0
2023-03-13,4984.29,5031.23,4979.56,5031.03,62320024715.0,7966.56,4499.0,15.13
2023-03-14,5022.75,5022.75,4938.33,4989.8,68201877645.0,8825.56,4499.0,15.0
2023-03-15,5016.13,5034.43,5005.54,5007.39,62292920695.0,7736.19,4499.0,15.07
2023-03-16,4976.96,4992.33,4932.98,4937.71,64933258119.0,8018.46,4499.0,14.88
2023-03-17,4971.12,5010.92,4953.22,4967.68,71150941195.0,9211.67,4498.0,14.97
2023-03-20,4974.08,4986.97,4943.26,4948.42,79419661026.0,10027.04,4498.0,14.91
2023-03-21,4956.91,5009.83,4954.75,5009.77,65535450375.0,8454.58,4498.0,15.06
2023-03-22,5022.0,5042.75,5014.73,5034.08,69640192720.0,9059.15,4498.0,15.12
2023-03-23,5019.48,5065.68,5014.56,5065.68,70633531578.0,9636.28,4498.0,15.21
2023-03-24,5065.16,5068.95,5042.37,5060.34,76485573008.0,10189.03,4498.0,15.16
2023-03-27,5058.06,5061.15,5018.46,5055.62,79258124282.0,10835.31,4498.0,15.12
2023-03-28,5056.94,5061.8,5021.58,5027.03,70672618725.0,9547.61,4498.0,15.07
2023-03-29,5036.45,5041.24,5005.93,5021.84,67167264168.0,9250.86,4498.0,15.06
2023-03-30,5022.63,5045.82,4984.81,5040.63,65591389462.0,8898.55,4498.0,15.13
2023-03-31,5045.14,5076.73,5041.61,5074.03,65028175184.0,9007.48,4498.0,15.2
2023-04-03,5080.6,5131.6,5080.6,5128.98,81552517537.0,11885.28,4498.0,15.33
2023-04-04,5127.77,5127.79,5099.35,5125.26,85261540870.0,12471.68,4498.0,15.33
2023-04-06,5103.51,5127.07,5096.49,5123.78,74310591754.0,11163.86,4498.0,15.33
2023-04-07,5125.51,5163.09,5120.28,5162.81,67539967335.0,9867.12,4498.0,15.42
2023-04-10,5170.55,5170.68,5110.69,5121.36,76704008968.0,11256.74,4498.0,15.34
2023-04-11,5122.54,5132.16,5097.59,5124.77,70301080589.0,10047.58,4498.0,15.34
2023-04-12,5126.77,5145.18,5119.98,5139.65,75617733335.0,10576.29,4498.0,15.4
2023-04-13,5126.69,5138.78,5096.58,5105.75,77791113651.0,10641.76,4498.0,15.32
2023-04-14,5116.39,5136.35,5097.51,5131.82,73658714603.0,10394.15,4498.0,15.4
2023-04-17,5127.25,5168.22,5125.75,5168.22,78402812936.0,10493.17,4497.0,15.56
2023-04-18,5158.54,5173.45,5147.88,5167.22,70611757273.0,9931.52,4497.0,15.58
2023-04-19,5162.74,5164.18,5126.37,5134.1,71945783731.0,10123.79,4497.0,15.47
2023-04-20,5128.93,5128.93,5098.8,5123.43,73638199960.0,10589.95,4497.0,15.44
2023-04-21,5121.67,5121.67,5003.55,5003.55,81963029113.0,11374.49,4497.0,15.12
2023-04-24,5000.71,5004.06,4939.66,4959.07,74139213025.0,10217.6,4497.0,15.0
2023-04-25,4956.83,4960.49,4847.05,4902.1,80334811022.0,10680.81,4497.0,14.87
2023-04-26,4885.85,4939.39,4877.2,4915.13,76108822946.0,10634.42,4497.0,14.83
2023-04-27,4899.93,4954.42,4894.38,4932.27,72385331651.0,9909.74,4497.0,14.91
2023-04-28,4930.18,5000.17,4930.18,4998.81,81967622827.0,10630.32,4497.0,15.08
2023-05-04,4981.82,5010.77,4978.9,5010.52,93379972802.0,11225.41,4497.0,15.46
2023-05-05,5007.78,5007.99,4954.87,4976.58,84250762356.0,10169.3,4497.0,15.36
2023-05-08,4985.38,5025.23,4983.64,5021.7,93678297708.0,10866.24,4497.0,15.58
2023-05-09,5020.1,5036.94,4963.9,4965.36,101074238427.0,11657.69,4497.0,15.4
2023-05-10,4954.06,4967.84,4927.28,4951.69,80238096434.0,9654.0,4497.0,15.31
2023-05-11,4960.57,4973.05,4947.44,4950.45,69976870067.0,8472.66,4497.0,15.28
2023-05-12,4942.01,4958.79,4888.24,4888.84,67943858915.0,8006.37,4497.0,15.1
2023-05-15,4890.02,4948.33,4856.07,4948.33,73693971109.0,8891.98,4497.0,15.28
2023-05-16,4950.04,4950.04,4900.34,4913.2,64202213960.0,8143.56,4497.0,15.19
2023-05-17,4902.14,4930.45,4895.13,4916.86,57968864680.0,7291.73,4497.0,15.18
2023-05-18,4921.62,4942.25,4903.87,4924.36,64896088830.0,8237.26,4497.0,15.21
2023-05-19,4913.29,4940.48,4891.88,4916.98,60486645206.0,7827.22,4497.0,15.17
2023-05-22,4911.58,4945.65,4903.74,4934.47,58399710578.0,7379.14,4497.0,15.23
2023-05-23,4932.41,4933.5,4873.94,4873.94,57857117204.0,7095.87,4497.0,15.02
2023-05-24,4860.11,4877.46,4830.37,4833.62,59758194664.0,7407.8,4497.0,14.86
2023-05-25,4825.35,4841.38,4776.35,4824.01,62112384835.0,7883.72,4497.0,14.83
2023-05-26,4820.78,4850.65,4791.39,4841.93,58057843795.0,7540.37,4497.0,14.87
2023-05-29,4852.79,4860.2,4813.78,4824.92,65488509092.0,8536.67,4497.0,14.86
2023-05-30,4815.21,4841.24,4773.54,4841.24,66232879126.0,8674.38,4497.0,14.89
2023-05-31,4830.11,4834.72,4792.67,4814.79,63712382090.0,8696.9,4497.0,14.77
2023-06-01,4800.57,4856.2,4794.35,4825.01,68965358608.0,9170.5,4497.0,14.79
2023-06-02,4838.07,4883.2,4838.07,4877.55,66133591099.0,8764.5,4496.0,14.93
2023-06-05,4877.36,4879.24,4856.2,4871.86,61859281649.0,8127.29,4496.0,14.92
2023-06-06,4866.06,4873.8,4790.55,4799.35,68381762213.0,8713.72,4496.0,14.71
2023-06-07,4802.77,4817.42,4781.1,4794.77,57379983891.0,7579.86,4496.0,14.69
2023-06-08,4790.88,4820.2,4764.36,4799.24,62581210190.0,7963.99,4496.0,14.73
2023-06-09,4800.84,4827.03,4788.34,4827.0,68294916507.0,9140.14,4496.0,14.8
2023-06-12,4818.33,4859.92,4804.74,4844.86,68210549951.0,9229.41,4631.0,15.04
2023-06-13,4837.8,4868.84,4836.18,4866.3,64491521370.0,8995.86,4631.0,15.08
2023-06-14,4871.55,4889.11,4866.45,4870.51,69121564630.0,9559.66,4631.0,15.08
2023-06-15,4875.15,4921.72,4873.4,4921.72,70328787084.0,10260.67,4631.0,15.22
2023-06-16,4925.14,4969.35,4921.44,4965.48,70949018661.0,10211.67,4631.0,15.29
2023-06-19,4962.95,4963.09,4943.16,4949.89,71579277239.0,10571.49,4631.0,15.22
2023-06-20,4943.84,4957.93,4931.07,4941.42,68634371744.0,10401.23,4631.0,15.17
2023-06-21,4926.14,4932.37,4853.02,4853.02,67882615545.0,9773.69,4631.0,14.93
2023-06-26,4817.91,4828.85,4761.41,4770.78,69941429846.0,9382.52,4631.0,14.7
2023-06-27,4774.16,4832.56,4773.73,4828.32,62650944535.0,8077.93,4631.0,14.86
2023-06-28,4820.71,4824.16,4752.64,4815.63,63746658480.0,8468.08,4631.0,14.84
2023-06-29,4808.45,4839.08,4806.57,4818.68,59908102005.0,8276.07,4631.0,14.83
2023-06-30,4812.11,4876.05,4807.29,4859.89,63814625945.0,8774.02,4631.0,14.94
2023-07-03,4871.82,4910.06,4867.12,4900.64,72109208087.0,9860.69,4631.0,15.09
2023-07-04,4897.24,4914.69,4888.25,4914.69,64527015757.0,8907.52,4631.0,15.1
2023-07-05,4910.08,4910.08,4871.71,4877.96,61330001458.0,8270.84,4631.0,14.98
2023-07-06,4866.71,4894.47,4850.15,4856.98,58808341369.0,7836.57,4631.0,14.9
2023-07-07,4844.58,4856.85,4818.75,4831.17,60284626389.0,7593.35,4631.0,14.83
2023-07-10,4847.6,4866.53,4829.32,4845.36,54694131064.0,7250.2,4631.0,14.87
2023-07-11,4853.25,4879.53,4840.95,4879.53,54289247911.0,7335.59,4631.0,14.96
2023-07-12,4876.26,4880.98,4825.83,4830.43,65111229110.0,8656.73,4631.0,14.83
2023-07-13,4843.52,4894.53,4843.52,4891.43,63654159496.0,8728.8,4631.0,15.03
2023-07-14,4897.25,4904.47,4886.55,4889.74,63750157012.0,8719.24,4631.0,15.02
2023-07-17,4871.33,4871.33,4840.61,4862.88,57827337771.0,7579.42,4630.0,14.88
2023-07-18,4866.17,4871.31,4839.84,4851.57,56259543503.0,7337.8,4630.0,14.81
2023-07-19,4846.23,4862.44,4819.38,4844.29,51411986536.0,6594.09,4630.0,14.8
2023-07-20,4850.33,4863.24,4791.67,4796.91,59284968665.0,7410.1,4630.0,14.66
2023-07-21,4788.24,4823.06,4776.91,4791.52,56394721329.0,6682.99,4630.0,14.64
2023-07-24,4777.13,4809.63,4764.99,4779.82,53883830152.0,6235.12,4630.0,14.6
2023-07-25,4837.71,4885.71,4837.71,4885.71,75237721133.0,9060.18,4630.0,14.93
2023-07-26,4880.59,4880.59,4854.95,4867.53,69660641322.0,7491.82,4630.0,14.87
2023-07-27,4871.45,4891.15,4839.29,4847.07,71273356060.0,7382.51,4630.0,14.83
2023-07-28,4833.21,4931.47,4823.89,4924.52,84562326630.0,9050.21,4630.0,15.07
2023-07-31,4944.69,4993.99,4944.69,4959.94,95581173908.0,10601.14,4630.0,15.15
2023-08-01,4955.37,4970.27,4931.74,4948.38,89706646628.0,9079.48,4630.0,15.12
2023-08-02,4937.17,4955.92,4912.47,4926.31,79934999158.0,7941.14,4630.0,15.02
2023-08-03,4913.06,4948.72,4906.75,4948.64,76073478806.0,7890.99,4630.0,15.1
2023-08-04,4972.67,4999.67,4953.25,4967.31,91615847900.0,10019.69,4630.0,15.15
2023-08-07,4952.05,4952.05,4920.17,4934.83,74285051269.0,8435.64,4630.0,15.06
2023-08-08,4925.53,4938.86,4902.35,4918.2,66106022013.0,7516.76,4630.0,15.02
2023-08-09,4903.65,4915.53,4883.24,4889.41,59704833201.0,6855.75,4630.0,14.94
2023-08-10,4883.29,4902.37,4868.35,4898.82,56966061053.0,6327.07,4630.0,14.97
2023-08-11,4901.12,4901.16,4798.58,4798.58,66022736898.0,7061.36,4630.0,14.67
2023-08-14,4753.0,4790.84,4725.4,4789.02,61005099551.0,6888.94,4629.0,14.62
2023-08-15,4790.77,4796.81,4724.11,4764.97,56550480482.0,6460.83,4629.0,14.58
2023-08-16,4747.97,4767.97,4722.68,4722.82,57413716749.0,6437.7,4629.0,14.46
2023-08-17,4704.58,4760.55,4679.22,4755.59,60472065426.0,6771.46,4629.0,14.55
2023-08-18,4755.48,4768.42,4683.69,4683.69,61271983005.0,6704.38,4629.0,14.36
2023-08-21,4673.15,4696.3,4630.06,4630.06,54807994718.0,6145.08,4629.0,14.2
2023-08-22,4650.79,4669.88,4585.25,4661.4,65154503487.0,7456.72,4629.0,14.3
2023-08-23,4652.4,4652.4,4579.03,4579.47,57147616038.0,6453.57,4629.0,14.08
2023-08-24,4594.67,4636.81,4569.45,4600.32,62964172179.0,7276.6,4629.0,14.13
2023-08-25,4577.11,4593.94,4533.55,4550.02,64248641229.0,7104.62,4629.0,14.01
2023-08-28,4796.46,4796.46,4586.37,4598.06,96884388473.0,10611.55,4629.0,14.16
2023-08-29,4586.86,4704.42,4585.33,4690.31,86382336343.0,9678.24,4629.0,14.39
2023-08-30,4701.21,4729.93,4681.79,4700.68,78099376343.0,9088.07,4629.0,14.41
2023-08-31,4696.08,4700.77,4664.33,4672.31,67525253917.0,7642.56,4629.0,14.33
2023-09-01,4682.95,4708.07,4675.56,4690.29,61448951369.0,6864.46,4629.0,14.39
2023-09-04,4711.22,4759.88,4701.21,4759.88,74556236907.0,8329.61,4629.0,14.6
2023-09-05,4750.05,4752.75,4721.5,4729.16,64390148082.0,7483.66,4629.0,14.5
2023-09-06,4714.33,4737.89,4697.74,4732.82,60580549329.0,7150.53,4629.0,14.51
2023-09-07,4723.0,4723.0,4660.02,4660.31,62321278483.0,7154.22,4629.0,14.31
2023-09-08,4646.5,4670.45,4633.64,4654.75,53741138473.0,6337.17,4629.0,14.28
2023-09-11,4659.0,4719.15,4644.34,4698.91,64998493992.0,7905.83,4629.0,14.41
2023-09-12,4695.23,4711.04,4685.45,4693.46,54943753241.0,6664.37,4629.0,14.39
2023-09-13,4688.25,4695.07,4624.99,4651.33,57406209537.0,6548.53,4629.0,14.29
2023-09-14,4650.31,4656.44,4616.04,4636.86,56828376312.0,6256.19,4629.0,14.27
2023-09-15,4646.59,4659.65,4610.25,4625.13,59186665471.0,6814.86,4629.0,14.22
2023-09-18,4611.89,4656.24,4596.52,4644.68,56201096095.0,6592.3,4629.0,14.28
2023-09-19,4639.14,4639.14,4605.47,4619.89,53880784348.0,5976.99,4629.0,14.23
2023-09-20,4612.38,4617.96,4593.03,4593.03,48917656981.0,5367.15,4628.0,14.16
2023-09-21,4583.42,4601.59,4557.44,4557.44,49317812091.0,5437.88,4628.0,14.04
2023-09-22,4554.77,4640.52,4547.3,4639.86,60907281302.0,7220.09,4628.0,14.28
2023-09-25,4638.43,4638.43,4608.42,4615.13,57109759645.0,6787.93,4628.0,14.21
2023-09-26,4609.69,4621.13,4592.6,4592.6,51047539760.0,6276.45,4628.0,14.15
2023-09-27,4591.71,4637.67,4591.54,4608.98,55183217103.0,6756.61,4628.0,14.18
2023-09-28,4621.4,4631.1,4608.98,4621.41,55649445027.0,6758.24,4628.0,14.21
2023-10-09,4612.89,4620.58,4573.06,4609.57,61856996532.0,7315.0,4628.0,14.17
2023-10-10,4621.0,4627.74,4584.3,4587.27,61929730546.0,7354.74,4628.0,14.07
2023-10-11,4601.79,4624.62,4585.82,4597.76,63682554702.0,7979.64,4628.0,14.09
2023-10-12,4625.41,4636.87,4610.12,4634.92,64726072296.0,7926.68,4628.0,14.21
2023-10-13,4610.72,4611.95,4587.75,4600.13,62965011781.0,7687.23,4628.0,14.11
2023-10-16,4602.74,4602.9,4542.91,4560.09,65483205595.0,7739.95,4628.0,14.0
2023-10-17,4565.61,4567.75,4540.15,4566.25,60322394478.0,6968.05,4628.0,14.04
2023-10-18,4554.25,4554.25,4509.83,4511.9,62917184714.0,7270.65,4628.0,13.88
2023-10-19,4487.25,4500.32,4439.43,4439.93,66662955642.0,7690.87,4628.0,13.64
2023-10-20,4420.67,4444.47,4395.48,4402.69,60585530630.0,6926.55,4628.0,13.53
2023-10-23,4387.77,4387.77,4305.13,4327.13,62990430269.0,6826.49,4628.0,13.32
2023-10-24,4339.4,4381.06,4317.89,4373.52,67792785017.0,7632.83,4628.0,13.44
2023-10-25,4409.04,4435.52,4405.12,4409.52,73684378764.0,8306.08,4628.0,13.5
2023-10-26,4385.57,4428.87,4375.34,4426.1,69186029132.0,8002.03,4628.0,13.57
2023-10-27,4411.35,4506.29,4404.5,4490.1,76082338286.0,9140.19,4628.0,13.75
2023-10-30,4479.85,4543.03,4479.77,4533.61,81505195692.0,9872.62,4628.0,13.81
2023-10-31,4531.76,4532.92,4496.34,4515.15,74031333423.0,8722.94,4628.0,13.78
2023-11-01,4536.24,4536.81,4503.85,4513.0,65216853332.0,7686.41,4628.0,13.79
2023-11-02,4518.71,4531.78,4477.61,4477.81,63791102503.0,7273.08,4628.0,13.7
2023-11-03,4483.1,4537.55,4483.1,4523.67,64743971913.0,7660.43,4628.0,13.81
2023-11-06,4552.04,4602.09,4552.04,4601.01,84901602444.0,10123.05,4628.0,13.99
2023-11-07,4592.66,4614.63,4578.77,4603.61,77722301863.0,9395.64,4628.0,13.99
2023-11-08,4596.46,4620.81,4577.62,4604.26,81082815467.0,9823.0,4628.0,13.98
2023-11-09,4597.3,4620.51,4580.84,4590.53,74295242239.0,9110.99,4628.0,13.97
2023-11-10,4571.91,4575.3,4550.36,4567.89,64520631882.0,7834.06,4628.0,13.91
2023-11-13,4579.26,4588.9,4558.82,4585.24,67783539161.0,8211.35,4626.0,13.95
2023-11-14,4585.27,4610.23,4581.85,4601.29,70021243691.0,8414.7,4626.0,13.98
2023-11-15,4639.24,4643.37,4616.65,4629.33,73869690310.0,9321.87,4626.0,14.07
2023-11-16,4618.34,4623.55,4587.87,4587.87,65922636992.0,8010.28,4626.0,13.95
2023-11-17,4576.48,4603.42,4570.2,4602.61,64974276312.0,7807.23,4626.0,13.98
2023-11-20,4607.03,4633.41,4585.89,4627.68,70929140731.0,8726.64,4626.0,14.05
2023-11-21,4637.42,4658.88,4609.98,4617.59,81656592955.0,9463.93,4626.0,14.03
2023-11-22,4602.79,4615.26,4567.24,4567.24,73392889124.0,8289.0,4626.0,13.89
2023-11-23,4562.2,4602.18,4550.05,4600.5,68725672229.0,7801.64,4626.0,13.99
2023-11-24,4598.8,4598.8,4549.67,4558.18,69805093734.0,7706.14,4626.0,13.88
2023-11-27,4552.15,4552.88,4517.96,4541.56,69066338050.0,7878.64,4626.0,13.82
2023-11-28,4537.21,4559.89,4521.46,4559.44,61813886710.0,7283.86,4626.0,13.87
2023-11-29,4558.11,4558.6,4520.54,4527.06,63289189144.0,7308.11,4626.0,13.78
2023-11-30,4522.14,4532.98,4495.22,4522.11,63552296286.0,7301.93,4626.0,13.79
2023-12-01,4519.57,4540.41,4493.37,4531.14,67208767129.0,7937.25,4626.0,13.8
2023-12-04,4532.38,4541.65,4515.87,4516.04,67527203107.0,8103.9,4626.0,13.75
2023-12-05,4504.3,4504.3,4431.26,4431.26,66426617439.0,7785.74,4626.0,13.51
2023-12-06,4421.8,4473.28,4417.11,4445.61,66683752227.0,7743.64,4626.0,13.52
2023-12-07,4440.21,4454.04,4416.08,4437.89,65965448211.0,7748.4,4626.0,13.49
2023-12-08,4438.24,4454.24,4429.23,4433.67,77000797208.0,9001.03,4626.0,13.5
2023-12-11,4411.71,4478.18,4376.57,4473.18,76207720630.0,8931.37,4895.0,13.77
2023-12-12,4466.72,4484.82,4462.42,4483.39,64821000485.0,7704.26,4895.0,13.81
2023-12-13,4474.87,4474.87,4429.42,4429.42,63571960589.0,7522.37,4895.0,13.65
2023-12-14,4448.11,4466.29,4408.69,4410.01,62365154779.0,7226.3,4895.0,13.59
2023-12-15,4421.63,4438.08,4382.88,4390.01,63225755974.0,7178.82,4895.0,13.52
2023-12-18,4377.83,4390.32,4342.0,4350.38,62974296374.0,6775.73,4895.0,13.44
2023-12-19,4346.2,4369.41,4324.84,4354.54,56918758316.0,6281.41,4895.0,13.45
2023-12-20,4357.33,4361.89,4300.24,4300.24,57417813238.0,6471.25,4895.0,13.3
2023-12-21,4283.51,4344.81,4265.01,4334.65,63003697239.0,7165.62,4895.0,13.4
2023-12-22,4333.61,4356.5,4297.62,4310.39,67118794589.0,7566.96,4895.0,13.36
2023-12-25,4302.5,4320.9,4290.52,4314.54,52490895592.0,5905.89,4895.0,13.39
2023-12-26,4312.54,4312.54,4258.02,4270.44,52074449598.0,5913.13,4895.0,13.28
2023-12-27,4273.56,4298.36,4256.86,4292.67,55453212608.0,6174.07,4895.0,13.35
2023-12-28,4288.55,4392.9,4282.06,4379.77,72845431173.0,8614.01,4895.0,13.59
2023-12-29,4375.04,4422.57,4373.97,4421.96,66541600068.0,8012.07,4895.0,13.7
2024-01-02,4421.16,4421.16,4390.83,4390.83,67366350075.0,7698.27,4895.0,13.62
2024-01-03,4381.09,4395.63,4352.73,4376.82,63656957930.0,7186.54,4895.0,13.6
2024-01-04,4371.91,4371.91,4322.58,4344.0,57695628271.0,6561.39,4895.0,13.52
2024-01-05,4339.09,4358.88,4273.72,4292.79,64703457240.0,7163.49,4895.0,13.39
2024-01-08,4284.11,4287.43,4219.12,4219.12,58985346481.0,6390.85,4895.0,13.17
2024-01-09,4223.17,4255.95,4205.93,4231.06,59567544978.0,6552.89,4895.0,13.21
2024-01-10,4219.32,4248.38,4180.88,4204.0,56743022830.0,6277.23,4895.0,13.13
2024-01-11,4200.44,4267.01,4195.58,4252.17,61964300321.0,6875.73,4895.0,13.22
2024-01-12,4242.29,4274.61,4230.0,4230.09,60941251559.0,6525.32,4895.0,13.18
2024-01-15,4214.45,4256.1,4200.0,4223.36,54866313218.0,5910.79,4895.0,13.18
2024-01-16,4217.56,4234.76,4173.99,4228.42,62903584280.0,6633.64,4895.0,13.2
2024-01-17,4218.84,4218.84,4127.42,4127.42,57545598061.0,6195.7,4895.0,12.91
2024-01-18,4106.02,4149.98,4026.27,4147.01,80937312511.0,8429.09,4895.0,12.97
2024-01-19,4136.06,4157.19,4108.7,4117.72,57993736489.0,6468.89,4895.0,12.89
2024-01-22,4109.05,4109.05,3938.36,3966.84,74863272831.0,7751.18,4895.0,12.48
2024-01-23,3955.15,4016.17,3920.57,3997.06,66384182822.0,6855.73,4895.0,12.57
2024-01-24,4013.73,4057.77,3926.46,4052.89,75025226111.0,7454.6,4895.0,12.76
2024-01-25,4051.59,4162.63,4039.32,4161.78,85153990586.0,8692.38,4895.0,13.12
2024-01-26,4147.8,4177.28,4129.7,4142.73,80511421808.0,8053.97,4895.0,13.09
2024-01-29,4146.55,4158.67,4065.92,4065.92,78080956098.0,7803.21,4895.0,12.91
2024-01-30,4040.43,4052.85,3969.37,3971.53,64855522924.0,6401.3,4895.0,12.65
2024-01-31,3950.09,3974.54,3869.07,3874.62,78548027177.0,7382.13,4895.0,12.42
2024-02-01,3853.82,3917.52,3816.39,3856.96,73142500901.0,6855.56,4895.0,12.36
2024-02-02,3860.43,3887.32,3665.49,3765.66,87193591148.0,7866.58,4895.0,12.13
2024-02-05,3739.28,3751.84,3565.87,3666.37,99755002839.0,8604.13,4895.0,11.94
2024-02-06,3624.39,3853.5,3607.16,3827.76,106950912868.0,9083.58,4895.0,12.42
2024-02-07,3832.97,3916.53,3807.06,3895.0,113927875570.0,10001.76,4895.0,12.61
2024-02-08,3907.2,3994.01,3902.89,3985.4,113063086037.0,9930.8,4895.0,12.82
2024-02-19,4030.86,4042.41,3991.63,4041.51,99257222586.0,9338.24,4893.0,13.01
2024-02-20,4027.32,4064.33,4000.66,4057.94,76854403903.0,7683.96,4893.0,13.07
2024-02-21,4028.39,4170.94,4015.07,4100.1,96059343852.0,9547.07,4893.0,13.19
2024-02-22,4095.24,4150.67,4091.26,4150.67,78812989987.0,8001.7,4893.0,13.35
2024-02-23,4160.74,4190.5,4134.04,4187.61,87323935746.0,8969.85,4893.0,13.43
2024-02-26,4189.34,4225.45,4164.63,4182.33,93831547797.0,9602.29,4893.0,13.36
2024-02-27,4166.39,4262.19,4157.15,4262.19,87853377359.0,9619.44,4893.0,13.57
2024-02-28,4268.86,4305.98,4136.21,4136.21,127385180589.0,13190.2,4893.0,13.25
2024-02-29,4112.49,4251.41,4112.49,4251.41,94942784118.0,10259.32,4893.0,13.56
2024-03-01,4255.26,4293.58,4235.29,4286.5,89577970945.0,10283.81,4893.0,13.64
2024-03-04,4291.01,4301.39,4245.9,4296.9,89490852835.0,10505.36,4893.0,13.69
2024-03-05,4273.07,4297.79,4261.03,4286.67,87217120222.0,10398.97,4893.0,13.69
2024-03-06,4271.67,4322.58,4255.46,4288.04,78500241860.0,9062.77,4893.0,13.67
2024-03-07,4290.01,4318.2,4249.02,4249.46,86004975305.0,9510.8,4893.0,13.58
2024-03-08,4250.62,4291.99,4230.92,4285.62,73354776570.0,8343.16,4893.0,13.69
2024-03-11,4282.43,4352.16,4282.27,4352.16,83170218536.0,9795.12,4892.0,13.85
2024-03-12,4357.8,4380.32,4331.41,4368.39,95707607677.0,11181.88,4892.0,13.85
2024-03-13,4367.81,4386.22,4337.22,4358.35,87014820752.0,10287.93,4892.0,13.8
2024-03-14,4356.81,4383.03,4307.55,4339.61,84934079516.0,9823.89,4892.0,13.76
2024-03-15,4329.0,4373.13,4313.45,4372.02,81585466654.0,9215.52,4892.0,13.84
2024-03-18,4383.71,4430.81,4381.96,4430.66,94660967264.0,11101.35,4892.0,14.0
2024-03-19,4419.3,4442.06,4401.3,4401.3,89413293701.0,10495.34,4892.0,13.91
2024-03-20,4392.73,4426.9,4392.73,4424.51,83800512042.0,9714.44,4892.0,13.98
2024-03-21,4434.01,4442.97,4404.29,4420.66,90160674342.0,10370.46,4892.0,13.97
2024-03-22,4409.66,4415.14,4339.9,4370.85,93609992460.0,10692.46,4892.0,13.83
2024-03-25,4359.03,4387.15,4309.05,4309.05,89240973582.0,10180.64,4892.0,13.69
2024-03-26,4305.15,4328.56,4271.73,4314.0,80839654791.0,9341.37,4892.0,13.72
2024-03-27,4306.94,4307.12,4221.59,4221.59,79056047842.0,8681.56,4892.0,13.49
2024-03-28,4216.56,4313.28,4216.56,4275.62,81373670425.0,9092.47,4892.0,13.61
2024-03-29,4272.81,4310.69,4267.02,4310.67,76278835266.0,8359.15,4892.0,13.74
2024-04-01,4327.13,4392.72,4327.13,4392.63,87085609508.0,9760.32,4892.0,13.96
2024-04-02,4389.92,4389.92,4356.74,4374.78,87670262321.0,9434.98,4892.0,13.93
2024-04-03,4368.65,4372.45,4335.41,4353.74,83449941818.0,8947.3,4892.0,13.88
2024-04-08,4338.35,4347.06,4293.32,4293.42,85991410412.0,9082.79,4892.0,13.74
2024-04-09,4288.84,4316.4,4277.57,4315.47,72600086292.0,7757.11,4892.0,13.78
2024-04-10,4308.54,4308.54,4233.57,4258.49,77264178352.0,8074.78,4892.0,13.64
2024-04-11,4232.2,4297.89,4229.23,4265.38,74106088217.0,7905.44,4892.0,13.66
2024-04-12,4266.65,4283.34,4229.08,4235.38,72996153898.0,7868.16,4892.0,13.58
2024-04-15,4225.88,4277.43,4174.38,4249.41,98053076182.0,9674.47,4892.0,13.72
2024-04-16,4223.53,4232.8,4124.33,4126.45,96037292281.0,9219.51,4892.0,13.44
2024-04-17,4138.98,4251.51,4138.98,4251.51,89748657734.0,8918.34,4892.0,13.77
2024-04-18,4237.95,4294.83,4224.2,4253.33,87739723938.0,9224.88,4892.0,13.77
2024-04-19,4230.89,4258.49,4205.68,4226.22,79355870563.0,8363.38,4892.0,13.71
2024-04-22,4210.95,4245.16,4194.63,4204.4,75491325141.0,7999.3,4892.0,13.63
2024-04-23,4198.56,4213.13,4175.1,4183.7,70429758023.0,7555.97,4892.0,13.55
2024-04-24,4188.8,4226.65,4178.65,4226.65,70663321856.0,7741.27,4892.0,13.66
2024-04-25,4211.82,4257.41,4208.58,4234.66,69253943753.0,7520.17,4892.0,13.69
2024-04-26,4232.74,4309.24,4232.74,4305.35,95636836330.0,10607.73,4892.0,13.87
2024-04-29,4306.88,4390.81,4306.88,4380.75,106528119545.0,11865.14,4892.0,14.04
2024-04-30,4375.57,4382.71,4351.78,4353.88,94712732100.0,10102.13,4892.0,13.98
2024-05-06,4406.74,4431.2,4404.94,4428.17,95780699785.0,10807.93,4892.0,15.68
2024-05-07,4427.55,4440.9,4416.66,4435.58,85815399702.0,9472.69,4892.0,15.71
2024-05-08,4423.97,4423.97,4384.88,4387.87,77980910132.0,8446.2,4892.0,15.57
2024-05-09,4387.31,4448.23,4387.31,4441.63,79684582831.0,8802.77,4892.0,15.72
2024-05-10,4446.17,4452.64,4401.11,4425.06,83867595940.0,8918.94,4892.0,15.69
2024-05-13,4398.31,4417.25,4372.43,4400.23,82054617728.0,8883.86,4866.0,15.64
2024-05-14,4403.3,4424.24,4390.03,4405.66,73892432336.0,8045.13,4866.0,15.64
2024-05-15,4397.76,4399.28,4363.41,4366.65,70951206626.0,7407.78,4866.0,15.51
2024-05-16,4377.28,4401.41,4364.82,4375.15,79553506910.0,8272.92,4866.0,15.53
2024-05-17,4373.02,4424.81,4365.07,4424.81,83846677236.0,8642.75,4866.0,15.68
2024-05-20,4427.56,4452.78,4426.09,4444.14,92174950135.0,9707.47,4866.0,15.76
2024-05-21,4433.79,4434.36,4400.55,4414.56,75039384276.0,7760.77,4866.0,15.67
2024-05-22,4411.79,4427.53,4406.7,4420.67,76395013573.0,8065.18,4866.0,15.67
2024-05-23,4405.54,4405.54,4339.14,4348.25,79053665594.0,8181.33,4866.0,15.44
2024-05-24,4336.77,4365.54,4301.18,4302.13,68749683164.0,7364.51,4866.0,15.3
2024-05-27,4308.69,4344.58,4286.09,4343.26,70540244027.0,7514.33,4866.0,15.45
2024-05-28,4336.65,4343.54,4301.38,4305.39,69009649188.0,7192.81,4866.0,15.35
2024-05-29,4300.77,4332.96,4295.08,4311.23,66381345610.0,6865.72,4866.0,15.36
2024-05-30,4300.88,4323.12,4280.13,4288.48,67244993323.0,7006.68,4866.0,15.26
2024-05-31,4291.88,4317.16,4288.11,4288.11,63996371330.0,6895.06,4866.0,15.25
2024-06-03,4284.3,4294.17,4237.6,4264.53,76972043185.0,8012.76,4866.0,15.2
2024-06-04,4254.01,4292.44,4235.6,4285.91,69223918129.0,7185.0,4866.0,15.28
2024-06-05,4275.4,4288.93,4240.09,4240.09,64341367693.0,6614.15,4866.0,15.13
2024-06-06,4246.58,4258.51,4178.44,4190.2,83033287886.0,8157.85,4866.0,15.01
2024-06-07,4203.02,4223.36,4158.24,4192.82,67718818628.0,6916.34,4866.0,14.99
2024-06-11,4172.73,4193.59,4148.57,4184.72,63408842525.0,6777.5,4866.0,14.91
2024-06-12,4179.21,4209.17,4178.2,4201.18,60432788257.0,6630.8,4866.0,14.96
2024-06-13,4203.18,4204.57,4169.08,4176.73,64119908765.0,7180.59,4866.0,14.89
2024-06-14,4164.45,4194.03,4152.97,4188.78,70847276364.0,8139.0,4866.0,14.91
2024-06-17,4167.82,4191.34,4165.06,4182.15,61895871853.0,7356.74,4946.0,14.95
2024-06-18,4180.58,4210.22,4180.58,4207.65,62383141284.0,7204.52,4946.0,15.02
2024-06-19,4207.91,4208.78,4175.63,4177.57,58978093603.0,6878.7,4946.0,14.93
2024-06-20,4171.67,4184.53,4121.27,4124.0,64200346986.0,7025.43,4946.0,14.79
2024-06-21,4112.78,4137.42,4098.62,4119.17,55010550467.0,6048.14,4946.0,14.77
2024-06-24,4093.13,4096.22,4043.18,4045.24,64347895694.0,6808.58,4946.0,14.55
2024-06-25,4043.55,4058.85,3999.24,4022.65,59294617271.0,6360.67,4946.0,14.49
2024-06-26,4015.02,4086.49,4001.77,4081.94,62053588358.0,6281.19,4946.0,14.65
2024-06-27,4065.42,4065.42,4024.87,4024.88,59087498702.0,6124.28,4946.0,14.48
2024-06-28,4013.81,4079.14,4013.81,4039.97,65576539865.0,6897.61,4946.0,14.56
2024-07-01,4037.25,4075.5,4015.49,4070.44,61745726751.0,6462.71,4946.0,14.69
2024-07-02,4066.5,4080.39,4044.72,4055.67,62497708222.0,6335.59,4946.0,14.65
2024-07-03,4053.33,4055.58,4026.73,4032.86,56291083336.0,5680.61,4946.0,14.56
2024-07-04,4036.68,4049.7,3977.65,3979.92,59653739893.0,5700.67,4946.0,14.42
2024-07-05,3974.96,3997.68,3940.2,3989.44,55416860751.0,5603.45,4946.0,14.41
2024-07-08,3978.86,3978.86,3919.41,3928.15,58122987114.0,5699.24,4946.0,14.23
2024-07-09,3922.6,3997.55,3896.0,3989.07,68440018555.0,7109.89,4946.0,14.43
2024-07-10,3972.61,4000.43,3963.47,3969.79,63319550495.0,6656.55,4946.0,14.35
2024-07-11,4009.06,4043.08,3994.38,4041.79,72851572237.0,7733.84,4946.0,14.55
2024-07-12,4032.69,4048.28,4025.91,4036.84,64431883331.0,6744.62,4946.0,14.54
2024-07-15,4025.79,4030.57,4008.84,4016.26,57848625449.0,5917.7,4946.0,14.52
2024-07-16,4007.03,4034.9,3999.56,4033.05,56329030146.0,6309.88,4946.0,14.54
2024-07-17,4028.76,4033.32,4007.07,4013.72,60230321959.0,6681.79,4946.0,14.46
2024-07-18,3988.98,4029.23,3966.88,4028.92,59412395630.0,6614.68,4946.0,14.53
2024-07-19,4007.86,4051.17,4003.74,4042.73,57462421175.0,6582.63,4946.0,14.55
2024-07-22,4042.23,4046.27,4009.21,4032.86,57253137706.0,6446.6,4946.0,14.47
2024-07-23,4029.34,4029.45,3939.51,3939.51,61449526771.0,6483.71,4946.0,14.19
2024-07-24,3928.89,3950.29,3892.18,3899.95,62160085991.0,6155.99,4946.0,14.09
2024-07-25,3881.19,3911.67,3870.25,3891.1,55859998009.0,5786.12,4946.0,14.04
2024-07-26,3895.98,3934.16,3895.98,3927.62,58326895099.0,5955.98,4946.0,14.11
2024-07-29,3927.47,3930.02,3909.94,3914.44,55952505136.0,5761.26,4946.0,14.08
2024-07-30,3903.7,3912.68,3879.88,3906.45,58105648028.0,5883.55,4946.0,14.02
2024-07-31,3901.52,4021.54,3900.45,4020.58,87182619840.0,8875.13,4946.0,14.36
2024-08-01,4023.47,4038.69,3994.78,4003.24,74812095399.0,7669.24,4946.0,14.3
2024-08-02,3973.72,4009.82,3952.11,3956.12,70109926467.0,7069.53,4946.0,14.15
2024-08-05,3929.3,3988.75,3883.97,3883.97,77569773430.0,7734.15,4946.0,13.91
2024-08-06,3917.13,3933.8,3878.44,3912.69,66867599242.0,6395.44,4946.0,13.98
2024-08-07,3907.81,3935.24,3898.5,3912.14,59459633463.0,5797.63,4945.0,13.99
2024-08-08,3899.61,3936.77,3873.79,3909.42,64895108578.0,6058.88,4945.0,13.99
2024-08-09,3925.67,3940.63,3888.78,3888.78,62249658166.0,5498.36,4945.0,13.94
2024-08-12,3884.33,3894.7,3865.52,3875.28,55665502629.0,4851.4,4942.0,13.91
2024-08-13,3875.1,3890.66,3854.08,3890.66,51830049810.0,4679.9,4942.0,13.96
2024-08-14,3889.19,3889.3,3858.53,3858.53,50597686531.0,4672.61,4941.0,13.86
2024-08-15,3848.98,3917.46,3844.78,3894.41,64922973337.0,5800.73,4941.0,13.98
2024-08-16,3896.1,3908.63,3881.62,3886.64,63634478759.0,5784.21,4941.0,13.98
2024-08-19,3882.55,3922.09,3882.52,3892.44,61342031196.0,5586.57,4941.0,14.03
2024-08-20,3894.23,3895.41,3833.68,3845.22,62274485266.0,5464.28,4941.0,13.88
2024-08-21,3833.26,3851.07,3827.14,3831.52,54991485851.0,4984.18,4941.0,13.84
2024-08-22,3832.2,3836.89,3796.7,3800.87,58357735494.0,5379.48,4941.0,13.77
2024-08-23,3792.02,3819.02,3784.5,3806.93,54728567376.0,4991.99,4941.0,13.8
2024-08-26,3809.28,3820.65,3800.27,3814.97,55072212031.0,5157.71,4940.0,13.82
2024-08-27,3804.07,3804.07,3772.17,3778.92,54757241256.0,5005.49,4940.0,13.75
2024-08-28,3770.1,3787.75,3762.3,3772.0,52952240679.0,4832.15,4940.0,13.7
2024-08-29,3757.21,3804.8,3753.89,3793.0,62867514545.0,5930.68,4940.0,13.7
2024-08-30,3790.26,3896.33,3790.26,3854.74,88930798429.0,8606.16,4940.0,13.86
2024-09-02,3844.85,3848.75,3786.0,3786.0,74770016030.0,6919.04,4940.0,13.7
2024-09-03,3782.64,3821.15,3782.64,3809.5,61802112376.0,5667.15,4940.0,13.72
2024-09-04,3785.8,3816.28,3780.49,3787.36,58602611534.0,5442.55,4940.0,13.63
2024-09-05,3788.85,3818.27,3788.8,3804.18,56662721926.0,5232.57,4940.0,13.66
2024-09-06,3807.39,3813.51,3757.69,3758.18,58728273256.0,5286.66,4940.0,13.52
2024-09-09,3740.35,3749.71,3710.58,3725.79,56674071275.0,5069.0,4940.0,13.39
2024-09-10,3727.57,3745.59,3686.51,3732.97,58680986110.0,5166.83,4940.0,13.42
2024-09-11,3720.04,3737.4,3708.91,3723.93,53416067217.0,4897.61,4939.0,13.34
2024-09-12,3727.53,3751.88,3710.0,3710.27,55516944562.0,5048.47,4939.0,13.3
2024-09-13,3712.21,3721.67,3681.44,3681.44,57668172541.0,5143.61,4939.0,13.21
2024-09-18,3680.86,3695.4,3645.47,3684.16,55906855503.0,4697.31,4937.0,13.27
2024-09-19,3695.8,3755.19,3668.21,3731.52,70315176443.0,6156.38,4937.0,13.39
2024-09-20,3728.7,3733.76,3701.94,3727.81,63943126464.0,5624.5,4937.0,13.38
2024-09-23,3726.38,3757.17,3718.38,3736.57,59632490908.0,5391.62,4937.0,13.43
2024-09-24,3763.74,3888.2,3743.68,3888.2,102844722079.0,9547.66,4937.0,13.98
2024-09-25,3937.08,4018.9,3929.52,3937.57,123887412903.0,11378.69,4937.0,14.14
2024-09-26,3932.37,4096.24,3927.42,4096.24,124201020878.0,11430.82,4937.0,14.67
2024-09-27,4171.25,4307.56,4156.48,4293.11,139008312646.0,14224.36,4937.0,15.24
2024-09-30,4472.62,4728.12,4410.82,4706.77,233525220620.0,25432.71,4937.0,16.6
2024-10-08,5252.33,5252.33,4803.32,5037.01,279099151160.0,33777.8,4937.0,17.59
2024-10-09,4919.83,4953.11,4647.74,4661.71,219631151841.0,28892.93,4937.0,16.28
2024-10-10,4691.92,4806.51,4583.83,4670.36,174029076172.0,21036.83,4937.0,16.42
2024-10-11,4636.58,4636.58,4465.19,4514.19,132490163197.0,15363.92,4937.0,15.94
2024-10-14,4544.02,4640.85,4480.55,4629.51,135840118154.0,16053.45,4934.0,16.3
2024-10-15,4605.51,4664.29,4524.67,4524.67,132516069381.0,16044.73,4934.0,15.9
2024-10-16,4463.27,4570.5,4462.08,4515.43,117860047742.0,13467.8,4934.0,15.87
2024-10-17,4544.02,4580.92,4480.27,4480.87,125375051280.0,14677.1,4934.0,15.73
2024-10-18,4470.93,4738.52,4465.21,4647.3,160297628375.0,20643.88,4934.0,16.24
2024-10-21,4676.29,4754.59,4635.88,4696.8,158916227043.0,21482.08,4934.0,16.33
2024-10-22,4691.76,4750.7,4673.88,4728.44,145994805129.0,18866.23,4934.0,16.43
2024-10-23,4722.36,4800.63,4707.35,4744.8,152421879635.0,19020.99,4934.0,16.49
2024-10-24,4719.35,4730.78,4686.1,4705.98,121857061268.0,14947.57,4934.0,16.35
2024-10-25,4713.29,4804.27,4713.29,4767.43,140760829583.0,17482.0,4934.0,16.5
2024-10-28,4771.43,4822.49,4747.66,4822.49,157577123225.0,18367.68,4934.0,16.62
2024-10-29,4836.74,4849.52,4762.36,4763.81,169596326336.0,20345.05,4934.0,16.42
2024-10-30,4740.11,4784.82,4713.7,4755.97,153837222746.0,18196.33,4934.0,16.34
2024-10-31,4759.98,4821.8,4738.3,4794.14,182200560275.0,21831.52,4934.0,16.4
2024-11-01,4784.11,4806.9,4710.93,4723.34,196418806252.0,21904.16,4934.0,15.93
2024-11-04,4721.47,4803.01,4721.47,4803.01,144301654349.0,16674.76,4934.0,16.18
2024-11-05,4800.05,4946.83,4791.43,4943.21,183819763881.0,22692.72,4934.0,16.58
2024-11-06,4958.41,5011.89,4917.02,4946.63,203796177579.0,25263.99,4934.0,16.56
2024-11-07,4904.13,5071.74,4897.9,5071.74,210890172125.0,24686.07,4934.0,16.98
2024-11-08,5125.97,5141.45,5036.96,5049.45,213091316550.0,26328.94,4934.0,16.88
2024-11-11,5020.36,5119.06,5016.63,5118.28,184159464421.0,24472.1,4933.0,17.02
2024-11-12,5124.9,5159.24,5018.43,5059.11,184796852261.0,24886.73,4933.0,16.83
2024-11-13,5028.87,5076.18,4993.36,5072.36,148446359319.0,19550.49,4933.0,16.9
2024-11-14,5058.79,5067.91,4943.46,4949.25,137949851784.0,17893.78,4933.0,16.57
2024-11-15,4930.13,4971.44,4847.63,4847.63,138692419999.0,17801.35,4933.0,16.29
2024-11-18,4865.6,4891.19,4754.56,4780.66,155003783171.0,17255.6,4933.0,16.16
2024-11-19,4783.71,4854.67,4731.25,4854.4,133774263591.0,15318.51,4933.0,16.34
2024-11-20,4841.73,4921.52,4836.02,4906.8,132124764013.0,15839.83,4933.0,16.46
2024-11-21,4896.98,4929.43,4874.43,4912.67,129208030361.0,15844.55,4933.0,16.46
2024-11-22,4902.51,4915.21,4746.37,4746.37,148705206670.0,17541.95,4933.0,15.93
2024-11-25,4756.72,4772.41,4686.57,4749.14,125463298865.0,14645.94,4933.0,15.93
2024-11-26,4737.22,4777.59,4716.81,4718.85,113440823890.0,12788.15,4933.0,15.87
2024-11-27,4698.09,4806.72,4654.27,4806.63,125436122837.0,14293.01,4933.0,16.14
2024-11-28,4806.11,4824.45,4771.49,4778.97,130314221272.0,14607.44,4933.0,16.04
2024-11-29,4770.93,4891.61,4765.15,4845.9,140394283760.0,16724.17,4933.0,16.23
2024-12-02,4844.46,4925.43,4841.64,4917.31,153867746066.0,17500.94,4933.0,16.43
2024-12-03,4920.37,4940.23,4880.59,4921.12,152924109716.0,16771.85,4933.0,16.47
2024-12-04,4915.78,4927.28,4854.73,4875.11,147909084495.0,16221.85,4933.0,16.37
2024-12-05,4857.37,4909.61,4857.37,4898.18,131621188157.0,14591.0,4933.0,16.39
2024-12-06,4902.86,4981.02,4884.13,4956.57,164685872634.0,17453.86,4933.0,16.58
2024-12-09,4954.83,4977.75,4909.44,4940.24,156668905587.0,15899.97,4933.0,16.56
2024-12-10,5092.82,5098.63,4970.01,4977.83,188328827347.0,21482.86,4933.0,16.67
2024-12-11,4964.14,5010.41,4963.95,5006.7,162392815218.0,17323.56,4933.0,16.73
2024-12-12,5006.41,5055.89,4987.91,5053.03,166634181591.0,18209.58,4933.0,16.89
2024-12-13,5020.25,5020.25,4945.73,4947.39,177186049232.0,20148.09,4933.0,16.55
2024-12-16,4945.77,4954.11,4890.77,4908.61,152400671227.0,16878.76,5062.0,16.51
2024-12-17,4898.89,4914.91,4839.59,4845.44,140131922099.0,14980.03,5062.0,16.38
2024-12-18,4855.37,4902.6,4842.55,4875.99,123236398359.0,13517.02,5062.0,16.47
2024-12-19,4829.8,4891.95,4819.97,4880.27,125410172624.0,14382.0,5062.0,16.46
2024-12-20,4870.12,4927.26,4870.12,4891.54,120286888294.0,15037.9,5062.0,16.47
2024-12-23,4888.82,4898.81,4807.31,4812.5,132673209228.0,15176.86,5062.0,16.34
2024-12-24,4818.22,4868.15,4810.01,4867.73,111298440306.0,12924.85,5062.0,16.55
2024-12-25,4867.17,4868.58,4797.78,4829.76,111774528770.0,12690.42,5062.0,16.51
2024-12-26,4822.56,4869.63,4818.33,4857.74,99586651973.0,12606.52,5062.0,16.57
2024-12-27,4859.23,4910.19,4851.18,4864.18,115907610063.0,14214.37,5062.0,16.58
2024-12-30,4856.4,4876.22,4838.06,4859.79,103966913685.0,12603.87,5062.0,16.6
2024-12-31,4860.19,4866.08,4750.67,4750.67,112403035496.0,13314.87,5062.0,16.29
2025-01-02,4744.65,4748.53,4589.84,4625.11,121711356396.0,13826.2,5062.0,15.85
2025-01-03,4632.29,4642.26,4518.41,4523.12,117546098143.0,12512.62,5062.0,15.57
2025-01-06,4516.66,4547.6,4478.73,4509.93,99508779229.0,10466.75,5062.0,15.55
2025-01-07,4506.7,4568.65,4496.29,4567.61,97775703827.0,10649.81,5062.0,15.68
2025-01-08,4548.82,4587.56,4458.94,4559.04,113497651733.0,12322.01,5062.0,15.67
2025-01-09,4541.99,4582.66,4537.89,4558.51,96823288272.0,11005.48,5062.0,15.62
2025-01-10,4553.7,4577.75,4475.61,4475.61,99786787131.0,11326.01,5062.0,15.39
2025-01-13,4433.5,4497.66,4430.16,4472.6,85915976457.0,9534.1,5061.0,15.35
2025-01-14,4484.89,4636.11,4477.35,4632.23,113964251323.0,13392.3,5061.0,15.82
2025-01-15,4624.8,4634.85,4594.44,4604.12,101292209227.0,11786.64,5061.0,15.73
2025-01-16,4625.51,4681.83,4585.62,4620.34,109190904868.0,12634.53,5061.0,15.79
2025-01-17,4603.79,4663.31,4596.77,4636.07,94198051178.0,11257.03,5061.0,15.84
2025-01-20,4664.88,4696.86,4650.35,4663.53,97433500646.0,11732.51,5061.0,15.91
2025-01-21,4686.92,4689.79,4638.42,4671.06,96319830048.0,11934.8,5061.0,15.93
2025-01-22,4653.67,4653.67,4612.22,4627.98,88013233966.0,11233.98,5061.0,15.79
2025-01-23,4669.96,4718.39,4623.63,4623.63,108616102963.0,13402.86,5061.0,15.83
2025-01-24,4610.86,4679.5,4610.79,4674.23,96811380170.0,12093.47,5061.0,15.99
2025-01-27,4681.77,4697.71,4632.67,4632.67,90065665733.0,11036.97,5061.0,15.92
2025-02-05,4670.6,4672.86,4622.01,4639.2,97202318166.0,12773.81,5061.0,15.85
2025-02-06,4631.98,4728.94,4627.33,4728.58,115419350047.0,15242.73,5061.0,16.1
2025-02-07,4730.5,4834.57,4723.51,4796.04,146453746815.0,19502.31,5061.0,16.28
2025-02-10,4807.76,4842.08,4789.88,4839.79,134637119200.0,17247.57,5061.0,16.37
2025-02-11,4841.85,4841.85,4799.89,4819.45,126159283110.0,16339.13,5061.0,16.34
2025-02-12,4808.02,4876.28,4805.9,4876.28,125427092391.0,16729.03,5061.0,16.5
2025-02-13,4873.18,4893.06,4840.68,4844.65,138654104015.0,18149.87,5061.0,16.4
2025-02-14,4836.77,4879.73,4831.59,4875.07,129868390950.0,17094.07,5061.0,16.5
2025-02-17,4896.58,4908.37,4862.54,4899.83,143458460491.0,19330.09,5060.0,16.52
2025-02-18,4890.98,4902.47,4804.2,4820.19,137950129866.0,17881.61,5060.0,16.33
2025-02-19,4814.15,4893.83,4814.15,4893.41,123367446260.0,17145.23,5060.0,16.51
2025-02-20,4890.08,4916.48,4876.48,4905.71,126909922352.0,17540.64,5060.0,16.55
2025-02-21,4915.43,4975.58,4893.41,4973.11,149460696084.0,21884.07,5060.0,16.72
2025-02-24,4968.73,4992.87,4938.06,4971.26,145811147693.0,20740.55,5060.0,16.7
2025-02-25,4913.45,4973.57,4907.09,4930.3,131871047024.0,18883.04,5060.0,16.54
2025-02-26,4940.08,4986.89,4937.63,4986.89,137645474677.0,19308.74,5060.0,16.7
2025-02-27,4987.28,5003.87,4920.68,4983.16,144896953250.0,19977.24,5060.0,16.72
2025-02-28,4958.41,4962.12,4839.68,4847.41,137104591963.0,18585.23,5060.0,16.33
2025-03-03,4860.48,4916.24,4828.55,4853.2,120758142711.0,16185.28,5060.0,16.34
2025-03-04,4819.37,4884.66,4817.46,4882.45,105051977036.0,14327.86,5059.0,16.39
2025-03-05,4883.83,4905.74,4856.59,4905.03,111509106226.0,14975.64,5059.0,16.47
2025-03-06,4930.04,4996.83,4927.47,4985.97,134260626915.0,19034.4,5059.0,16.69
2025-03-07,4970.4,5000.68,4944.7,4964.77,131927072177.0,18134.85,5059.0,16.64
2025-03-10,4969.71,4981.24,4927.54,4961.58,110929445890.0,15038.36,5059.0,16.62
2025-03-11,4904.99,4980.13,4903.39,4980.13,109570647636.0,14723.43,5059.0,16.68
2025-03-12,4995.34,5018.3,4974.85,4979.87,123788982003.0,16765.06,5059.0,16.66
2025-03-13,4974.68,4986.36,4903.59,4935.97,122694300702.0,15999.02,5059.0,16.57
2025-03-14,4938.91,5037.25,4934.48,5037.25,132322454723.0,17929.61,5059.0,16.89
2025-03-17,5053.52,5060.88,5035.17,5042.84,119857245115.0,15734.7,5058.0,16.92
2025-03-18,5058.23,5072.93,5041.09,5060.94,110481379214.0,15149.31,5058.0,16.96
2025-03-19,5050.99,5068.08,5024.87,5045.48,107928920689.0,14610.17,5058.0,16.94
2025-03-20,5041.69,5051.18,5010.16,5015.24,109081339760.0,14328.43,5058.0,16.84
2025-03-21,4999.38,5015.47,4918.38,4931.82,123151500065.0,15387.94,5058.0,16.59
2025-03-24,4931.16,4939.75,4854.94,4918.64,121934011649.0,14368.78,5058.0,16.6
2025-03-25,4917.0,4930.47,4884.67,4899.42,104054766318.0,12491.93,5058.0,16.58
2025-03-26,4891.21,4928.96,4891.21,4905.47,97322931834.0,11454.29,5058.0,16.58
2025-03-27,4892.97,4942.55,4863.65,4906.85,96442684109.0,11770.88,5058.0,16.61
2025-03-28,4903.07,4913.97,4863.66,4868.75,94470145753.0,11092.52,5058.0,16.49
2025-03-31,4846.6,4864.12,4786.24,4826.86,101750451060.0,12080.52,5058.0,16.39
2025-04-01,4836.02,4870.53,4833.93,4844.53,90998816262.0,11207.14,5058.0,16.44
2025-04-02,4839.12,4873.51,4837.57,4847.56,79188382143.0,9616.0,5058.0,16.45
2025-04-03,4796.18,4851.08,4787.75,4809.73,90645908288.0,11231.0,5058.0,16.35
2025-04-07,4546.0,4584.54,4298.05,4365.18,137505991214.0,15738.88,5058.0,14.98
2025-04-08,4358.74,4430.04,4338.35,4409.98,145946392711.0,16101.66,5058.0,15.19
2025-04-09,4346.44,4499.47,4252.82,4486.47,153096300845.0,16846.06,5058.0,15.38
2025-04-10,4565.49,4616.73,4542.22,4571.47,136716200822.0,16020.54,5058.0,15.63
2025-04-11,4552.55,4633.44,4548.98,4603.03,109554082807.0,13423.52,5058.0,15.71
2025-04-14,4643.61,4669.47,4630.44,4643.07,106995105078.0,12686.67,5047.0,15.83
2025-04-15,4642.06,4645.94,4608.86,4637.01,91724109966.0,10650.56,5047.0,15.85
2025-04-16,4628.09,4628.39,4551.67,4612.72,95965762824.0,10965.38,5047.0,15.81
2025-04-17,4589.04,4639.93,4586.32,4617.88,85288382237.0,9861.49,5047.0,15.83
2025-04-18,4607.26,4626.12,4590.13,4616.84,82408889112.0,9057.23,5047.0,15.82
2025-04-21,4611.0,4671.17,4599.14,4668.91,89497459738.0,10330.79,5046.0,15.94
2025-04-22,4663.4,4684.87,4658.98,4665.27,95126736517.0,10794.3,5046.0,15.96
2025-04-23,4686.34,4699.46,4669.43,4681.08,100382436916.0,12165.4,5046.0,16.0
2025-04-24,4678.99,4696.7,4642.83,4658.58,94632483580.0,10928.19,5046.0,15.97
2025-04-25,4665.36,4692.12,4653.26,4667.56,96470168931.0,10956.89,5046.0,15.98
2025-04-28,4664.27,4664.53,4633.04,4639.9,93682916435.0,10390.24,5046.0,15.91
2025-04-29,4628.12,4661.01,4620.82,4649.04,86611954522.0,10048.71,5046.0,15.91
2025-04-30,4651.32,4678.13,4649.78,4666.8,96854928051.0,11549.05,5046.0,15.9
2025-05-06,4698.67,4751.9,4694.62,4751.8,108238725594.0,13222.31,5046.0,15.71
2025-05-07,4811.2,4818.92,4745.33,4775.75,119680862246.0,14559.3,5046.0,15.81
2025-05-08,4760.75,4815.61,4755.42,4807.39,104166552106.0,12806.43,5046.0,15.89
2025-05-09,4802.6,4802.6,4758.56,4773.33,96865404622.0,11783.35,5046.0,15.83
2025-05-12,4800.79,4834.22,4793.55,4834.22,97160329876.0,12889.07,4961.0,15.99
2025-05-13,4870.09,4870.09,4825.05,4831.24,98815964803.0,12687.75,4961.0,16.0
2025-05-14,4828.0,4888.83,4815.35,4864.48,104224991015.0,12966.72,4961.0,16.13
2025-05-15,4853.7,4853.7,4805.36,4807.4,95348219941.0,11342.22,4961.0,15.98
2025-05-16,4795.97,4817.61,4792.05,4805.37,89521329522.0,10715.01,4961.0,15.94
2025-05-19,4804.57,4818.21,4774.53,4812.05,91816517561.0,10694.8,4961.0,15.94
2025-05-20,4817.05,4852.42,4807.68,4843.57,96242855465.0,11549.75,4961.0,16.03
2025-05-21,4840.09,4857.68,4836.35,4846.77,95190995547.0,11587.64,4961.0,16.06
2025-05-22,4835.74,4849.63,4812.97,4816.98,90766292281.0,10831.87,4961.0,15.98
2025-05-23,4811.74,4845.16,4771.62,4771.62,92413065378.0,11337.97,4961.0,15.84
2025-05-26,4767.27,4793.24,4751.39,4776.18,80167617634.0,9933.15,4961.0,15.82
2025-05-27,4772.13,4773.97,4744.34,4761.07,81055389031.0,9829.27,4961.0,15.77
2025-05-28,4762.97,4771.09,4744.82,4751.01,83810814052.0,9892.78,4961.0,15.76
2025-05-29,4749.61,4809.76,4748.76,4805.66,96752945448.0,11648.86,4961.0,15.88
2025-05-30,4794.3,4795.18,4762.45,4764.6,93919752540.0,11176.71,4961.0,15.78
2025-06-03,4751.05,4794.81,4751.05,4788.37,91994425023.0,11213.13,4961.0,15.85
2025-06-04,4791.18,4824.82,4791.18,4821.11,93084277820.0,11317.07,4961.0,15.93
2025-06-05,4823.93,4846.6,4809.56,4840.08,98999936541.0,12631.08,4961.0,15.98
2025-06-06,4838.71,4844.93,4825.5,4834.86,90178053818.0,11297.93,4961.0,15.96
2025-06-09,4841.39,4875.76,4838.11,4870.43,100035444768.0,12616.9,4961.0,16.03
2025-06-10,4872.57,4873.41,4801.56,4836.67,113774910760.0,13874.2,4961.0,15.94
2025-06-11,4839.72,4885.71,4839.72,4866.33,99914371430.0,12281.3,4961.0,16.04
2025-06-12,4854.47,4876.4,4844.89,4868.92,97377247683.0,12440.07,4961.0,16.04
2025-06-13,4853.85,4859.19,4803.48,4813.2,116374931523.0,14375.42,4961.0,15.89
2025-06-16,4799.65,4838.99,4799.65,4838.23,94451176140.0,12087.55,5074.0,16.0
2025-06-17,4841.55,4850.54,4819.96,4832.05,95282852290.0,11978.52,5074.0,15.98
2025-06-18,4826.02,4834.73,4804.79,4830.93,93507396848.0,11823.46,5074.0,15.99
2025-06-19,4822.5,4830.33,4761.1,4772.14,99291387621.0,12420.05,5074.0,15.83
2025-06-20,4765.93,4786.43,4752.44,4754.83,83776180232.0,10578.24,5074.0,15.79
2025-06-23,4731.75,4801.53,4731.74,4794.14,89458133003.0,11138.08,5074.0,15.89
2025-06-24,4799.03,4868.23,4799.03,4868.08,109755261094.0,14085.74,5074.0,16.03
2025-06-25,4873.14,4936.47,4867.23,4933.59,119912474494.0,15976.25,5074.0,16.22
2025-06-26,4928.5,4949.86,4914.96,4916.56,118521033787.0,15791.74,5074.0,16.13
2025-06-27,4924.23,4955.24,4910.16,4913.66,118428089249.0,15325.06,5074.0,16.07
2025-06-30,4919.31,4957.1,4917.55,4954.23,109023042899.0,14744.59,5074.0,16.18
2025-07-01,4955.77,4968.91,4936.12,4966.82,109896258151.0,14511.43,5074.0,16.2
2025-07-02,4961.86,4961.86,4935.38,4947.14,113734681640.0,13638.66,5074.0,16.15
2025-07-03,4949.66,4980.64,4947.01,4976.66,103584792020.0,12941.18,5074.0,16.22
2025-07-04,4974.9,5013.8,4953.03,4969.21,112819786861.0,14149.17,5074.0,16.24
2025-07-07,4962.12,4970.9,4955.6,4966.1,97936165088.0,11928.89,5074.0,16.23
2025-07-08,4966.15,5020.84,4966.15,5018.79,111726625717.0,14309.42,5074.0,16.37
2025-07-09,5019.98,5039.66,4999.61,5008.5,118283677429.0,14822.52,5074.0,16.35
2025-07-10,5006.56,5047.22,5000.92,5026.49,122152603346.0,14698.12,5074.0,16.42
2025-07-11,5028.25,5082.59,5016.74,5045.76,136684916793.0,16932.64,5074.0,16.44
2025-07-14,5050.63,5063.56,5047.57,5052.93,118042946996.0,14422.15,5073.0,16.48
2025-07-15,5052.21,5069.2,5003.96,5042.65,125994877169.0,15949.96,5073.0,16.44
2025-07-16,5042.19,5065.2,5025.57,5044.13,103685825087.0,14139.63,5073.0,16.44
2025-07-17,5042.04,5090.82,5041.14,5090.82,106479419326.0,15177.11,5073.0,16.53
2025-07-18,5097.66,5112.58,5089.44,5110.45,109321327699.0,15495.73,5073.0,16.61
2025-07-21,5121.52,5157.43,5119.36,5156.72,132502090620.0,16817.89,5073.0,16.75
2025-07-22,5159.01,5189.07,5139.23,5188.27,146156256560.0,18785.12,5073.0,16.86
2025-07-23,5193.88,5219.17,5166.37,5173.47,150027511546.0,18492.38,5073.0,16.83
2025-07-24,5170.7,5229.1,5170.7,5229.1,147504979485.0,18289.57,5073.0,16.95
2025-07-25,5229.45,5234.78,5205.9,5220.95,138214689496.0,17720.85,5073.0,16.9
2025-07-28,5223.98,5242.28,5204.29,5238.8,124158709478.0,17255.14,5073.0,16.94
2025-07-29,5233.47,5263.08,5208.24,5262.32,126385955576.0,17894.22,5073.0,16.8
2025-07-30,5254.58,5279.8,5204.95,5241.33,131610644095.0,18278.93,5073.0,16.78
2025-07-31,5228.7,5238.28,5152.86,5168.75,135724332207.0,19161.81,5073.0,16.56
2025-08-01,5164.9,5187.93,5136.19,5161.09,110330427506.0,15821.58,5073.0,16.52
2025-08-04,5138.14,5199.57,5136.51,5199.57,101457821359.0,14813.17,5073.0,16.63
2025-08-05,5210.97,5239.87,5208.15,5239.87,110289323810.0,15761.33,5073.0,16.78
2025-08-06,5236.14,5272.28,5233.64,5272.08,117274795211.0,17128.12,5073.0,16.87
2025-08-07,5276.35,5284.78,5243.37,5271.11,120777422378.0,18031.8,5073.0,16.88
2025-08-08,5261.23,5276.62,5246.07,5258.78,117081426287.0,16887.08,5073.0,16.86
2025-08-11,5266.65,5320.01,5266.65,5310.51,122665512946.0,18030.14,5068.0,16.97
2025-08-12,5311.16,5328.66,5295.2,5328.4,120324430817.0,18557.45,5068.0,17.06
2025-08-13,5334.37,5386.25,5334.37,5382.35,136737021871.0,21249.01,5068.0,17.19
2025-08-14,5386.03,5404.76,5327.82,5336.83,146805622047.0,22461.99,5068.0,17.09
2025-08-15,5324.87,5417.79,5324.87,5412.02,143288047387.0,22150.35,5068.0,17.27
2025-08-18,5438.86,5517.04,5426.38,5486.57,173437078439.0,27400.93,5068.0,17.47
2025-08-19,5487.21,5518.26,5468.22,5483.45,160175493383.0,25711.79,5068.0,17.47
2025-08-20,5461.55,5536.5,5441.16,5536.44,153379369539.0,23864.92,5068.0,17.64
2025-08-21,5548.62,5567.18,5505.53,5529.21,155543550570.0,23960.28,5068.0,17.64
2025-08-22,5527.57,5620.43,5527.57,5620.43,154647451941.0,25223.13,5068.0,17.89
2025-08-25,5664.34,5729.77,5652.39,5722.08,190244212201.0,31094.51,5068.0,18.18
2025-08-26,5703.87,5749.03,5685.94,5715.79,164138699000.0,26441.24,5068.0,18.14
2025-08-27,5721.21,5770.26,5615.16,5615.16,192521242765.0,31202.55,5068.0,17.83
2025-08-28,5607.01,5704.02,5548.47,5703.55,177970341448.0,29286.58,5068.0,18.07
2025-08-29,5702.45,5753.83,5684.97,5723.95,158692583018.0,27669.17,5068.0,18.15
2025-09-01,5749.48,5770.16,5718.09,5769.45,160194836742.0,27185.23,5068.0,18.82
2025-09-02,5768.33,5769.73,5639.77,5684.0,170016812605.0,28481.98,5068.0,18.64
2025-09-03,5699.22,5707.58,5590.05,5615.64,145486613090.0,23393.99,5068.0,18.42
2025-09-04,5621.17,5634.26,5437.35,5502.11,156573379238.0,25239.72,5068.0,18.14
2025-09-05,5506.06,5645.99,5482.64,5642.59,140672203032.0,22906.8,5067.0,18.49
2025-09-08,5652.52,5687.73,5626.4,5681.23,144347175415.0,24057.07,5067.0,18.58
2025-09-09,5659.69,5682.8,5603.42,5629.75,131520324417.0,20976.63,5067.0,18.45
2025-09-10,5625.38,5666.39,5598.76,5641.21,120494852031.0,19522.82,5067.0,18.49
2025-09-11,5632.74,5769.36,5605.67,5769.36,140170579009.0,24077.65,5067.0,18.86
2025-09-12,5766.97,5801.44,5748.6,5759.29,152117950843.0,24932.27,5067.0,18.81
2025-09-15,5773.41,5792.65,5758.65,5764.16,140085929977.0,22531.91,5066.0,18.81
2025-09-16,5772.21,5795.34,5724.6,5790.93,151620263152.0,23171.2,5066.0,18.85
2025-09-17,5785.7,5836.91,5773.78,5829.84,146480638311.0,23464.61,5066.0,18.96
2025-09-18,5824.03,5879.01,5707.2,5766.72,189414683347.0,31045.92,5066.0,18.75
2025-09-19,5766.13,5789.07,5729.45,5749.1,145491114152.0,22960.05,5066.0,18.7
2025-09-22,5760.18,5778.7,5726.73,5778.26,125180578587.0,20970.88,5066.0,18.76
2025-09-23,5790.0,5792.06,5649.03,5742.37,151694547519.0,24645.2,5066.0,18.71
2025-09-24,5712.15,5822.49,5705.24,5821.91,129547287150.0,23013.14,5066.0,18.91
2025-09-25,5817.65,5859.44,5812.94,5831.15,129158663123.0,23370.66,5066.0,18.92
2025-09-26,5808.48,5830.86,5760.9,5760.9,120473280630.0,21108.33,5066.0,18.74
2025-09-29,5768.01,5862.93,5747.68,5840.45,124409059154.0,21279.09,5066.0,18.96
2025-09-30,5855.98,5885.78,5849.26,5875.46,118729150860.0,21415.97,5066.0,19.03
2025-10-09,5907.33,5967.43,5892.7,5952.85,147629766426.0,26123.7,5066.0,19.22
2025-10-10,5921.22,5932.32,5837.84,5855.65,145616319242.0,24799.05,5066.0,18.99
2025-10-13,5663.38,5843.91,5663.38,5833.96,140999452230.0,23215.63,5060.0,18.89
2025-10-14,5880.25,5896.14,5719.03,5741.33,153860824739.0,25411.32,5060.0,18.68
2025-10-15,5748.18,5827.3,5714.87,5826.49,126994025391.0,20412.99,5060.0,18.93
2025-10-16,5807.58,5843.78,5782.0,5800.59,118638254685.0,19014.24,5060.0,18.91
2025-10-17,5793.66,5808.81,5647.36,5652.46,123830776579.0,19022.69,5060.0,18.49
2025-10-20,5710.0,5732.15,5669.44,5697.16,109128252505.0,17068.69,5060.0,18.63
2025-10-21,5715.58,5791.76,5704.98,5788.83,119648357466.0,18474.93,5060.0,18.91
2025-10-22,5754.09,5787.59,5741.08,5764.93,109800806597.0,16395.4,5060.0,18.88
2025-10-23,5748.49,5779.54,5690.74,5772.78,113669934358.0,16089.3,5060.0,18.92
2025-10-24,5793.73,5842.57,5793.73,5842.57,117752372217.0,19351.27,5060.0,19.11
2025-10-27,5891.07,5918.77,5869.07,5913.07,131564612731.0,22966.26,5060.0,19.34
2025-10-28,5890.55,5938.08,5872.25,5893.14,121123681438.0,21008.5,5060.0,19.29
2025-10-29,5899.03,5961.19,5892.68,5961.19,129324099226.0,22178.73,5060.0,19.48
2025-10-30,5947.63,5960.69,5893.59,5898.9,139941274657.0,23926.2,5060.0,19.28
2025-10-31,5894.14,5927.83,5866.46,5866.65,137917177780.0,22882.98,5060.0,19.12
2025-11-03,5866.53,5889.01,5809.49,5888.68,131436070619.0,20754.61,5060.0,19.19
2025-11-04,5880.39,5888.62,5794.04,5827.93,125061143253.0,18805.24,5060.0,19.05
2025-11-05,5752.72,5867.27,5752.35,5847.93,127171348344.0,18355.67,5060.0,19.11
2025-11-06,5861.82,5921.76,5861.82,5918.75,129267150797.0,20202.56,5060.0,19.33
2025-11-07,5894.5,5931.86,5881.18,5903.58,125221266044.0,19641.43,5060.0,19.27
2025-11-10,5919.87,5931.14,5886.45,5926.66,134695355996.0,21424.18,5060.0,19.35
2025-11-11,5940.83,5944.36,5888.7,5895.64,126922773142.0,19615.74,5060.0,19.25
2025-11-12,5881.34,5902.92,5832.2,5871.63,126688791508.0,19055.96,5060.0,19.23
2025-11-13,5869.04,5948.64,5868.77,5948.0,130475144106.0,19999.34,5060.0,19.4
2025-11-14,5899.56,5939.04,5872.13,5872.13,132941302279.0,19120.11,5060.0,19.16
2025-11-17,5870.66,5881.43,5839.44,5864.13,128168274377.0,18676.6,5057.0,19.07
2025-11-18,5849.76,5860.45,5786.45,5809.6,132640524047.0,18854.42,5057.0,18.91
2025-11-19,5804.93,5826.83,5766.2,5793.29,117082526438.0,16861.18,5057.0,18.92
2025-11-20,5828.71,5833.75,5751.97,5755.79,115970029927.0,16725.6,5057.0,18.84
2025-11-21,5682.34,5707.54,5575.47,5575.48,138900446929.0,19254.93,5057.0,18.34
2025-11-24,5603.49,5633.65,5557.2,5608.69,115216722997.0,16948.9,5057.0,18.38
2025-11-25,5641.03,5710.49,5636.84,5676.33,113657367631.0,17739.49,5057.0,18.57
2025-11-26,5672.53,5723.67,5666.45,5690.08,110227493768.0,17458.45,5057.0,18.58
2025-11-27,5690.97,5742.96,5684.39,5690.01,104089725090.0,16711.37,5057.0,18.61
2025-11-28,5686.18,5732.85,5670.14,5732.77,102326517868.0,15509.85,5057.0,18.7
2025-12-01,5748.89,5787.46,5743.64,5787.18,118822845444.0,18360.92,5057.0,18.86
2025-12-02,5777.49,5777.49,5736.51,5750.4,105645604164.0,15566.12,5057.0,18.77
2025-12-03,5751.31,5765.31,5696.77,5710.58,113257147709.0,16245.24,5057.0,18.68
2025-12-04,5711.51,5733.62,5673.46,5711.8,103718654177.0,15107.47,5057.0,18.68
2025-12-05,5710.56,5781.23,5687.15,5776.83,113017287945.0,16725.58,5057.0,18.84
2025-12-08,5791.17,5855.12,5791.17,5835.55,123393580770.0,19909.65,5057.0,18.98
2025-12-09,5820.52,5842.53,5791.24,5802.85,116325711724.0,18582.91,5057.0,18.9
2025-12-10,5790.77,5818.62,5756.59,5809.35,112611238781.0,17251.86,5057.0,18.89
2025-12-11,5817.85,5820.98,5742.91,5745.07,118570420275.0,18070.48,5057.0,18.72
2025-12-12,5748.69,5797.41,5730.77,5787.86,123597753843.0,20468.88,5057.0,18.82
2025-12-15,5752.4,5802.73,5750.35,5751.55,111023175685.0,17528.45,5171.0,18.77
2025-12-16,5741.37,5743.78,5646.04,5668.2,115660970439.0,17065.39,5171.0,18.54
2025-12-17,5667.5,5769.02,5653.6,5756.23,114633524239.0,17860.69,5171.0,18.81
2025-12-18,5723.24,5771.85,5721.75,5733.55,103215895777.0,16353.61,5171.0,18.36
2025-12-19,5747.6,5793.83,5740.64,5777.54,115198431770.0,17035.32,5171.0,18.45
2025-12-22,5801.51,5844.7,5801.51,5835.54,115474741080.0,18412.24,5171.0,18.62
2025-12-23,5837.94,5863.45,5812.98,5831.47,117542289834.0,18752.41,5171.0,18.64
2025-12-24,5831.55,5889.03,5823.36,5883.66,109250418741.0,18504.66,5171.0,18.76
2025-12-25,5879.86,5927.77,5873.92,5918.57,110909915076.0,19021.5,5171.0,18.85
2025-12-26,5919.28,5962.55,5901.67,5938.29,127262831744.0,21356.79,5171.0,18.87
2025-12-29,5939.58,5956.16,5906.28,5921.12,125564222415.0,21168.63,5171.0,18.86
2025-12-30,5892.2,5952.74,5891.75,5928.96,121822064211.0,21130.65,5171.0,18.88
2025-12-31,5937.82,5940.05,5904.61,5919.12,118242434641.0,20181.7,5171.0,18.86
2026-01-05,5955.76,6035.98,5955.76,6035.98,140392995291.0,25149.14,5171.0,19.15
2026-01-06,6040.17,6131.69,6039.95,6131.69,161120893982.0,27803.01,5171.0,19.43
2026-01-07,6140.61,6167.26,6111.37,6142.57,157331095365.0,28236.31,5171.0,19.44
2026-01-08,6124.98,6164.19,6115.15,6145.54,156149797176.0,27681.93,5171.0,19.41
2026-01-09,6140.35,6220.46,6140.35,6217.68,171623279469.0,30941.37,5171.0,19.6
2026-01-12,6252.44,6333.03,6227.18,6325.64,196229130949.0,35775.44,5166.0,19.84
2026-01-13,6339.16,6339.23,6231.2,6251.44,203922006504.0,36327.67,5166.0,19.68
2026-01-14,6255.98,6371.55,6213.18,6270.41,223795131300.0,39204.55,5166.0,19.68
2026-01-15,6231.5,6284.05,6214.07,6259.82,162770232305.0,28821.74,5166.0,19.67
2026-01-16,6285.05,6306.03,6235.71,6246.92,164475626917.0,29982.27,5166.0,19.64
2026-01-19,6227.3,6292.94,6227.07,6272.45,149574346791.0,26792.92,5166.0,19.71
2026-01-20,6277.54,6292.45,6185.38,6235.57,159075438491.0,27492.04,5166.0,19.66
2026-01-21,6212.96,6293.74,6212.96,6270.26,143721071496.0,25729.79,5166.0,19.72
2026-01-22,6289.69,6308.24,6266.42,6298.06,150953433872.0,26677.8,5166.0,19.77
2026-01-23,6312.49,6361.96,6308.82,6356.82,173970067070.0,30672.66,5166.0,19.86
2026-01-26,6377.55,6391.28,6294.68,6314.82,188212557715.0,32257.36,5166.0,19.8
2026-01-27,6297.0,6348.01,6227.9,6323.78,163757262228.0,28697.34,5166.0,19.81
2026-01-28,6338.22,6355.98,6301.94,6331.49,167858969250.0,29381.44,5166.0,19.86
2026-01-29,6330.6,6352.77,6300.78,6319.77,187271135513.0,32007.89,5166.0,19.85
2026-01-30,6272.92,6302.48,6153.36,6259.18,167848228676.0,28057.73,5166.0,19.69
2026-02-02,6205.84,6244.23,6086.53,6088.28,151625793127.0,25575.57,5166.0,19.21
2026-02-03,6149.25,6218.25,6093.59,6217.13,139512189586.0,25134.35,5166.0,19.5
2026-02-04,6202.45,6250.08,6174.08,6245.44,146547264002.0,24592.91,5166.0,19.62
2026-02-05,6190.56,6214.73,6143.44,6176.13,129791752478.0,21524.91,5165.0,19.45
2026-02-06,6115.08,6218.09,6092.7,6161.61,126338558687.0,21240.6,5165.0,19.41
2026-02-09,6241.44,6279.76,6225.5,6279.14,127845946662.0,22303.39,5165.0,19.7
2026-02-10,6282.4,6296.57,6259.53,6283.26,123165900670.0,20789.09,5165.0,19.72
2026-02-11,6273.74,6298.35,6272.21,6272.72,115495056588.0,19593.48,5165.0,19.72
2026-02-12,6281.02,6309.49,6267.16,6299.9,120160982627.0,21172.32,5165.0,19.77
2026-02-13,6267.77,6297.89,6223.87,6227.54,111786073341.0,19616.41,5165.0,19.53
2026-02-24,6309.56,6323.16,6263.65,6295.28,125743780742.0,21780.26,5164.0,19.75
2026-02-25,6306.21,6377.67,6303.44,6360.54,149352025993.0,24343.84,5164.0,19.92
2026-02-26,6370.05,6381.98,6339.76,6373.71,141753877806.0,25089.35,5164.0,19.96
2026-02-27,6334.8,6400.41,6333.83,6398.46,143605615440.0,24587.88,5164.0,20.02
2026-03-02,6340.93,6395.35,6304.96,6375.69,176714624055.0,29889.02,5164.0,20.06
2026-03-03,6385.54,6392.59,6180.72,6188.09,186385604501.0,31003.07,5164.0,19.68
2026-03-04,6114.2,6211.88,6111.12,6143.19,148416628956.0,23448.9,5164.0,19.51
2026-03-05,6229.56,6245.03,6178.01,6208.81,142768036662.0,23651.31,5164.0,19.66
2026-03-06,6176.09,6261.73,6174.6,6252.38,135129254020.0,21743.81,5164.0,19.76
2026-03-09,6165.2,6215.62,6075.09,6199.43,160808944692.0,26198.83,5164.0,19.62
2026-03-10,6244.88,6297.46,6244.88,6296.2,138852219026.0,23699.03,5164.0,19.83
2026-03-11,6303.95,6329.18,6292.77,6313.02,145518907881.0,24782.43,5164.0,19.91
2026-03-12,6307.72,6318.73,6234.78,6279.68,152941930002.0,24106.25,5164.0,19.85
2026-03-13,6252.94,6296.54,6206.81,6220.66,154123110820.0,23696.63,5164.0,19.69
2026-03-16,6217.61,6223.51,6139.72,6217.07,146189783964.0,22965.47,5162.0,19.66
2026-03-17,6230.68,6247.32,6120.17,6120.17,140391797279.0,21722.71,5162.0,19.42
2026-03-18,6137.96,6174.02,6081.43,6169.42,126415707105.0,20087.26,5162.0,19.53
2026-03-19,6097.06,6113.69,6018.32,6039.18,132164576020.0,20803.06,5162.0,19.21
2026-03-20,6064.62,6089.15,5963.47,5965.89,137073433996.0,22537.39,5162.0,19.01
2026-03-23,5863.88,5905.92,5692.47,5723.41,162282582786.0,23973.39,5162.0,18.3
2026-03-24,5802.47,5843.73,5696.41,5843.73,138013151310.0,20494.22,5162.0,18.62
2026-03-25,5883.92,5956.61,5883.92,5948.6,138242851208.0,21446.49,5162.0,18.91
2026-03-26,5936.31,5959.14,5846.92,5861.89,125854868568.0,19140.0,5162.0,18.69
2026-03-27,5790.59,5946.77,5789.53,5922.21,116219982281.0,18253.26,5162.0,18.82
2026-03-30,5863.12,5927.86,5837.15,5925.21,122168611099.0,18869.88,5162.0,18.85
2026-03-31,5918.29,5958.25,5842.34,5842.34,123826486679.0,19572.9,5162.0,18.65
2026-04-01,5941.58,5957.21,5903.47,5946.58,118914920360.0,19773.36,5162.0,18.92
2026-04-02,5928.52,5940.34,5830.85,5860.44,115509672630.0,18164.81,5162.0,18.74
2026-04-03,5880.23,5883.39,5784.41,5791.49,105542555156.0,16313.43,5162.0,18.53
2026-04-07,5802.84,5844.57,5789.81,5822.75,99322164752.0,15909.62,5162.0,18.6
2026-04-08,5933.53,6059.75,5933.18,6059.75,136584686390.0,24001.79,5162.0,19.21
2026-04-09,6010.24,6043.82,5998.63,6020.05,117095363438.0,21051.93,5162.0,19.09
2026-04-10,6060.57,6127.27,6056.94,6090.06,118993565974.0,22903.52,5162.0,19.27
2026-04-13,6057.94,6112.27,6057.94,6103.84,114027966094.0,21122.97,5159.0,19.3
2026-04-14,6146.42,6181.43,6116.9,6181.43,122036722087.0,23420.24,5159.0,19.51
2026-04-15,6213.95,6215.43,6137.44,6153.96,123465803620.0,23694.85,5159.0,19.46
2026-04-16,6165.48,6243.18,6158.29,6239.49,120104439936.0,22914.7,5159.0,19.68
2026-04-17,6227.7,6266.9,6217.64,6254.11,121887734912.0,23859.38,5159.0,19.7
2026-04-20,6254.85,6305.72,6250.48,6300.21,128935679012.0,25434.54,5159.0,19.84
2026-04-21,6285.13,6303.15,6240.67,6297.91,124820769436.0,23547.44,5159.0,19.86
2026-04-22,6271.82,6358.21,6271.82,6357.1,125441681818.0,25158.65,5159.0,20.0
2026-04-23,6368.92,6373.87,6263.86,6303.1,140367997980.0,27580.58,5159.0,19.91
2026-04-24,6275.39,6302.19,6229.6,6271.17,128680298549.0,25851.2,5159.0,19.81
2026-04-27,6269.84,6311.25,6248.68,6296.45,126983309494.0,25353.48,5159.0,19.85
2026-04-28,6275.96,6286.64,6224.21,6246.71,129372108534.0,24830.8,5159.0,19.76
2026-04-29,6212.28,6337.98,6212.03,6328.36,132476455394.0,25404.17,5159.0,19.96
2026-04-30,6335.2,6355.88,6320.11,6342.26,136377224278.0,26826.09,5159.0,19.96
2026-05-06,6404.75,6485.9,6400.53,6465.6,149525707198.0,31578.93,5159.0,19.51
2026-05-07,6489.86,6534.08,6470.99,6533.33,149939547866.0,30798.39,5159.0,19.64
2026-05-08,6495.25,6540.53,6487.61,6532.34,149020189352.0,29772.83,5159.0,19.62
2026-05-11,6579.67,6639.64,6555.57,6633.48,160585594481.0,34401.99,5061.0,19.85
2026-05-12,6645.78,6645.78,6568.94,6605.72,149929765083.0,31553.69,5061.0,19.79
2026-05-13,6567.45,6689.74,6567.45,6686.87,146139793360.0,31515.56,5061.0,19.98
2026-05-14,6718.19,6720.94,6552.95,6552.95,157163304853.0,32794.48,5061.0,19.63
2026-05-15,6552.69,6592.21,6438.14,6481.34,151869598940.0,32536.84,5061.0,19.44
2026-05-18,6452.12,6515.59,6433.24,6477.21,130616338409.0,28000.34,5061.0,19.41
2026-05-19,6458.97,6527.58,6399.27,6526.03,129356062062.0,28051.78,5061.0,19.55
2026-05-20,6494.77,6538.06,6472.83,6525.06,127839466151.0,28607.58,5061.0,19.5
2026-05-21,6563.16,6616.34,6361.93,6368.44,153747885080.0,33827.0,5061.0,19.1
2026-05-22,6414.04,6490.86,6374.65,6479.37,130035627309.0,28139.89,5061.0,19.36
2026-05-25,6517.05,6560.92,6469.26,6559.84,134207509379.0,31138.6,5061.0,19.56
2026-05-26,6529.66,6539.05,6449.87,6532.44,141483378355.0,31524.07,5061.0,19.52
2026-05-27,6524.49,6559.4,6413.99,6443.84,141070625278.0,31450.78,5061.0,19.28
2026-05-28,6422.45,6492.47,6372.65,6480.47,131182509627.0,28879.9,5061.0,19.35
2026-05-29,6504.87,6508.57,6339.5,6368.84,152182304891.0,32353.72,5061.0,19.14
2026-06-01,6367.45,6427.12,6311.67,6321.11,138007958008.0,28026.34,5061.0,19.04
2026-06-02,6335.34,6398.35,6247.33,6368.51,132707136283.0,27242.26,5061.0,19.18
2026-06-03,6371.13,6465.71,6343.86,6395.88,139708508084.0,30481.33,5061.0,19.22
2026-06-04,6336.62,6396.87,6333.92,6368.34,128516948142.0,26867.52,5061.0,19.1
2026-06-05,6344.24,6407.41,6267.27,6292.19,142896056830.0,30008.56,5061.0,18.9
2026-06-08,6113.17,6232.53,6061.39,6119.24,139713225326.0,27384.76,5061.0,18.49
2026-06-09,6176.86,6255.62,6125.51,6254.74,125112400158.0,25829.01,5061.0,18.81
2026-06-10,6192.5,6229.86,6116.98,6173.63,126034355058.0,25590.26,5061.0,18.61
2026-06-11,6143.36,6190.14,6091.08,6140.75,119190005903.0,24934.21,5061.0,18.54
2026-06-12,6231.57,6272.49,6182.65,6196.26,148357184325.0,31361.9,5061.0,18.74
2026-06-15,6254.44,6380.65,6246.26,6380.16,139946405360.0,29880.47,5129.0,19.23
2026-06-16,6387.65,6444.64,6368.89,6421.24,132734239562.0,30148.21,5129.0,19.27
2026-06-17,6383.6,6479.2,6383.56,6477.07,131368347673.0,30381.55,5129.0,19.38
2026-06-18,6453.66,6526.32,6453.35,6499.33,138076745424.0,32549.24,5129.0,19.35
2026-06-22,6518.73,6625.35,6444.78,6624.01,157421497529.0,36807.6,5129.0,19.71
2026-06-23,6605.34,6626.39,6445.33,6483.57,147661408892.0,33924.45,5129.0,19.34
2026-06-24,6453.7,6536.92,6432.87,6531.25,139145977868.0,32257.43,5129.0,19.43
2026-06-25,6538.69,6591.08,6519.12,6586.23,145721117915.0,35332.67,5129.0,19.53
2026-06-26,6541.97,6541.97,6373.13,6401.01,145043887170.0,34819.87,5129.0,19.01
2026-06-29,6404.3,6445.64,6310.39,6443.3,142384423615.0,34527.25,5129.0,19.13
2026-06-30,6429.16,6558.04,6424.59,6551.62,130039537065.0,32073.83,5129.0,19.34
2026-07-01,6553.0,6622.22,6517.55,6563.16,150123477590.0,35871.14,5129.0,19.41
2026-07-02,6437.21,6517.42,6359.07,6376.36,146298935167.0,33688.6,5129.0,18.94
2026-07-03,6377.0,6473.64,6358.77,6404.4,133785631992.0,31190.08,5129.0,19.06
2026-07-06,6436.27,6450.18,6300.07,6350.89,129806983507.0,30197.08,5129.0,18.96
2026-07-07,6317.01,6350.87,6209.88,6246.03,113499075804.0,25187.14,5129.0,18.68
2026-07-08,6259.91,6267.94,6148.01,6157.07,109942887168.0,25051.76,5129.0,18.48
2026-07-09,6182.77,6311.8,6086.1,6304.43,120760253657.0,28352.35,5129.0,18.82
2026-07-10,6315.7,6376.71,6215.11,6215.11,140299321246.0,33030.81,5129.0,18.59
2026-07-13,6162.54,6190.17,5976.21,6001.65,127061346265.0,27496.48,5126.0,18.1
2026-07-14,5999.02,6119.19,5913.58,6119.19,120369144839.0,26462.41,5126.0,18.44
2026-07-15,6128.6,6157.85,6060.16,6075.66,121594573700.0,25186.91,5126.0,18.37
2026-07-16,5984.53,6071.94,5925.13,5956.5,115101465509.0,23565.78,5126.0,18.04
2026-07-17,5917.18,5920.71,5636.84,5671.75,135955595939.0,26021.76,5126.0,17.37
2026-07-20,5731.22,5772.21,5539.04,5638.62,142987607433.0,26502.3,5126.0,17.4
2026-07-21,5663.88,5834.17,5510.4,5833.73,151541877453.0,29019.2,5126.0,17.83
2026-07-22,5792.45,5871.84,5757.75,5790.76,125478979400.0,26029.31,5126.0,17.76
2026-07-23,5802.57,5831.51,5761.14,5816.08,114934312582.0,21559.01,5126.0,17.85
2026-07-24,5752.49,5788.27,5684.98,5687.26,103975778673.0,18938.28,5126.0,17.51
2026-07-27,5684.33,5807.8,5652.95,5807.8,100994362523.0,18965.98,5126.0,17.81
2026-07-28,5719.99,5761.89,5626.48,5648.71,101807465115.0,19363.97,5126.0,17.45
2026-07-29,5655.32,5723.8,5572.4,5692.34,119508309574.0,22083.44,5126.0,17.55
2026-07-30,5655.19,5694.69,5518.63,5581.37,122837438976.0,22553.35,5126.0,17.34
2026-07-31,5698.09,5754.53,5681.18,5681.24,126683338050.0,24485.55,5126.0,17.54
2026-08-03,5656.91,5684.18,5632.6,5652.57,109928351133.0,19346.8,5126.0,17.43
2026-08-04,5687.9,5782.94,5673.47,5766.33,115667323202.0,21374.92,5126.0,17.63
2026-08-05,5725.56,5903.58,5725.56,5881.85,127001489429.0,25729.06,5126.0,17.92
2026-08-06,5839.17,5917.14,5833.12,5896.36,125252191632.0,24490.58,5126.0,17.98
2026-08-07,5900.24,5985.86,5860.03,5978.3,123456840374.0,25841.21,5126.0,18.18
2026-08-10,5993.26,6010.26,5938.01,6009.53,117757773725.0,24470.51,5126.0,18.29
2026-08-11,5983.03,6031.11,5957.76,5966.59,112209222969.0,22504.54,5126.0,18.16
2026-08-12,5967.89,6031.27,5963.77,6024.05,107970147122.0,20787.59,5126.0,18.27
2026-08-13,6058.75,6073.73,5971.94,5973.27,125742380920.0,24721.77,5126.0,18.15
2026-08-14,5988.22,5996.26,5932.34,5991.02,109824818121.0,20797.77,5126.0,18.17
2026-08-17,6003.57,6112.79,5987.7,6112.7,108611845713.0,23028.24,5122.0,18.48
2026-08-18,6108.25,6124.01,6034.54,6097.5,113964335299.0,23175.69,5122.0,18.47
2026-08-19,6001.35,6007.87,5824.51,5846.42,121981786846.0,24063.83,5122.0,17.88
2026-08-20,5895.29,5926.78,5847.52,5882.46,106189952807.0,20094.16,5122.0,17.95
2026-08-21,5861.79,5915.05,5827.3,5902.11,94876758714.0,18183.35,5122.0,17.99
2026-08-24,5906.86,5908.51,5755.08,5818.51,100823744178.0,19454.41,5122.0,17.83
2026-08-25,5777.7,5855.14,5743.07,5832.92,100251560856.0,17737.17,5122.0,17.85
