date,open,high,low,close,volume
2011-08-02,3463.564,3463.564,3409.935,3457.892,10547328800
2011-08-03,3426.665,3476.433,3420.98,3462.98,10060691200
2011-08-04,3469.786,3494.593,3462.344,3473.524,9395642400
2011-08-05,3374.547,3423.336,3357.108,3400.429,11845663200
2011-08-08,3358.377,3379.722,3201.074,3257.112,16112387200
2011-08-09,3166.637,3273.856,3123.154,3256.304,15244555200
2011-08-10,3308.799,3334.331,3290.025,3294.261,14195422400
2011-08-11,3234.276,3348.459,3231.048,3348.175,14194828800
2011-08-12,3366.344,3388.402,3361.43,3370.212,14504891200
2011-08-15,3378.013,3419.895,3370.05,3419.895,13953848000
2011-08-16,3423.581,3433.886,3385.312,3395.637,12750372000
2011-08-17,3389.335,3407.652,3376.539,3384.14,10615476800
2011-08-18,3383.378,3386.13,3321.945,3323.582,10645816800
2011-08-19,3263.708,3293.252,3258.508,3292.86,10283692000
2011-08-22,3293.281,3319.693,3252.951,3263.782,8854046400
2011-08-23,3274.339,3316.453,3263.807,3316.38,8964928000
2011-08-24,3331.531,3346.73,3302.343,3307.902,9996809600
2011-08-25,3314.869,3397.274,3309.364,3397.274,14691651200
2011-08-26,3383.265,3407.093,3374.494,3400.345,11371371200
2011-08-29,3377.472,3377.472,3350.654,3356.705,10936540800
2011-08-30,3377.483,3404.702,3334.054,3336.009,11097772800
2011-08-31,3336.624,3349.099,3302.947,3331.982,8777135200
2011-09-01,3336.381,3355.393,3302.588,3313.778,8184382400
2011-09-02,3307.083,3315.113,3259.726,3276.955,7649416000
2011-09-05,3249.609,3249.609,3202.646,3203.01,7847901600
2011-09-06,3182.41,3204.308,3165.302,3179.7,6920272000
2011-09-07,3194.134,3249.364,3189.092,3249.364,8703726400
2011-09-08,3259.938,3260.433,3219.748,3219.831,7925957600
2011-09-09,3227.91,3257.137,3194.88,3208.336,7022000800
2011-09-13,3165.2,3172.999,3142.473,3165.217,6907260800
2011-09-14,3174.305,3189.81,3120.966,3189.476,7515724800
2011-09-15,3191.412,3215.311,3185.787,3188.574,7899387200
2011-09-16,3202.563,3216.429,3188.032,3192.084,7047296000
2011-09-19,3176.888,3176.888,3128.649,3129.022,7042309600
2011-09-20,3122.693,3156.101,3109.696,3143.218,6682438800
2011-09-21,3144.041,3241.657,3131.418,3236.144,12426673600
2011-09-22,3208.575,3219.635,3139.07,3139.471,10829951200
2011-09-23,3089.195,3129.337,3075.692,3117.811,9562758400
2011-09-26,3096.713,3130.332,3048.823,3057.857,8489074400
2011-09-27,3081.323,3094.378,3052.285,3080.886,8010486400
2011-09-28,3097.833,3104.089,3030.703,3039.791,8078711200
2011-09-29,3021.198,3022.444,2979.473,2981.468,8702795200
2011-09-30,2987.428,3001.103,2955.896,2972.772,6897920800
2011-10-10,2980.448,2989.342,2943.518,2950.187,5967725600
2011-10-11,3021.647,3036.513,2914.308,2943.765,9054624000
2011-10-12,2929.724,3051.174,2909.394,3049.376,12944710400
2011-10-13,3042.171,3087.715,3034.073,3079.313,12894335200
2011-10-14,3071.53,3080.768,3039.942,3067.602,8984188800
2011-10-17,3073.489,3101.337,3064.11,3080.959,8729122400
2011-10-18,3060.25,3063.024,2989.018,2992.026,9591469600
2011-10-19,2998.209,3014.287,2974.363,2979.855,7646480000
2011-10-20,2964.466,2964.466,2878.55,2901.724,9047486400
2011-10-21,2900.416,2913.114,2868.382,2871.394,6880790400
2011-10-24,2877.941,2938.289,2845.999,2938.164,9772340800
2011-10-25,2934.433,3011.315,2922.836,3003.89,12964672000
2011-10-26,2987.822,3063.091,2983.681,3033.196,15552582400
2011-10-27,3038.972,3060.827,3026.448,3038.43,12028970400
2011-10-28,3076.415,3108.147,3068.396,3100.589,15987795200
2011-10-31,3096.793,3109.226,3078.954,3100.438,12821884800
2011-11-01,3074.058,3126.692,3067.523,3102.531,13160457600
2011-11-02,3056.823,3156.173,3047.444,3155.777,15748428800
2011-11-03,3167.057,3206.001,3163.821,3164.567,20868233600
2011-11-04,3187.357,3201.642,3166.056,3187.575,15400731200
2011-11-07,3176.46,3199.625,3159.813,3164.373,11712916000
2011-11-08,3170.202,3180.7,3137.358,3142.486,11731681600
2011-11-09,3152.302,3180.284,3120.268,3180.284,11980035200
2011-11-10,3145.426,3159.958,3126.975,3127.82,13073362400
2011-11-11,3132.148,3146.534,3112.064,3124.664,10381300800
2011-11-14,3148.97,3193.561,3148.97,3193.561,12825059200
2011-11-15,3191.022,3201.97,3181.926,3199.471,12300160000
2011-11-16,3200.334,3200.453,3103.232,3115.883,14426934400
2011-11-17,3116.231,3141.008,3103.696,3109.424,10148565600
2011-11-18,3089.151,3089.151,3027.884,3033.943,10980868800
2011-11-21,3033.235,3038.925,3006.659,3037.405,7564713600
2011-11-22,3014.986,3036.592,2997.795,3035.623,7717132800
2011-11-23,3039.515,3046.459,3006.836,3013.378,7537582400
2011-11-24,2990.479,3032.368,2975.958,3014.869,8097003200
2011-11-25,3011.013,3028.52,2985.614,2993.836,7080242400
2011-11-28,3000.39,3012.463,2980.508,2997.055,7022523200
2011-11-29,3020.804,3041.752,3006.431,3041.405,8473853600
2011-11-30,3034.018,3034.018,2905.629,2929.286,11177954400
2011-12-01,3012.215,3046.795,2988.342,2995.854,14177676800
2011-12-02,2981.094,2983.006,2935.781,2951.963,8701981600
2011-12-05,2950.951,2950.951,2883.145,2887.603,7773128800
2011-12-06,2879.332,2893.646,2857.921,2884.757,6625065600
2011-12-07,2884.296,2905.211,2874.662,2896.423,5996799600
2011-12-08,2891.765,2920.22,2852.131,2894.187,7372001600
2011-12-09,2873.179,2896.345,2860.08,2868.239,6018637200
2011-12-12,2864.013,2870.261,2834.048,2836.174,5594368000
2011-12-13,2823.223,2823.717,2752.728,2757.904,8352900800
2011-12-14,2749.524,2770.766,2715.042,2720.681,6314433600
2011-12-15,2703.752,2703.752,2653.26,2654.353,8341980800
2011-12-16,2652.766,2718.623,2645.7,2718.427,8227110400
2011-12-19,2698.988,2719.5,2647.099,2717.108,8491609600
2011-12-20,2708.388,2747.469,2704.092,2708.549,8004497600
2011-12-21,2728.922,2738.727,2654.832,2656.214,7464397600
2011-12-22,2638.161,2662.434,2576.776,2641.151,8911222400
2011-12-23,2634.436,2686.595,2626.27,2662.012,7877155200
2011-12-26,2651.456,2678.1,2638.633,2639.32,6579054400
2011-12-27,2633.843,2639.013,2586.254,2589.547,6776449600
2011-12-28,2576.149,2586.245,2531.978,2584.89,7413023200
2011-12-29,2572.663,2601.369,2567.357,2587.587,6683389200
2011-12-30,2594.048,2630.159,2594.048,2629.347,7622774400
2012-01-04,2646.829,2653.253,2571.951,2571.951,7580506400
2012-01-05,2560.068,2570.838,2510.126,2513.699,8972870400
2012-01-06,2507.858,2527.247,2475.435,2527.247,7704523200
2012-01-09,2527.413,2619.865,2504.422,2619.638,11422284000
2012-01-10,2617.544,2715.429,2612.555,2713.529,16947196800
2012-01-11,2710.663,2722.646,2689.876,2707.796,13642443200
2012-01-12,2697.494,2738.788,2692.345,2706.03,11452888000
2012-01-13,2706.768,2712.636,2618.522,2638.112,11210965600
2012-01-16,2616.32,2631.454,2570.845,2570.845,7373824000
2012-01-17,2570.441,2701.592,2552.648,2701.592,13196886400
2012-01-18,2706.006,2727.994,2641.599,2650.583,13308086400
2012-01-19,2648.824,2704.236,2635.481,2690.351,10806096000
2012-01-20,2697.002,2734.473,2685.969,2728.343,10380915200
2012-01-30,2734.57,2734.793,2693.995,2694.404,8634520000
2012-01-31,2693.109,2703.603,2674.89,2697.423,7176419200
2012-02-01,2691.435,2717.949,2660.303,2667.517,7911240000
2012-02-02,2674.567,2725.674,2668.955,2725.674,9387796800
2012-02-03,2719.643,2764.246,2713.007,2757.062,12237933600
2012-02-06,2761.886,2777.79,2747.69,2766.554,11839251200
2012-02-07,2751.893,2751.893,2699.876,2717.702,10190876800
2012-02-08,2714.834,2793.198,2708.352,2792.748,13247160800
2012-02-09,2789.991,2823.013,2780.815,2802.279,15758574400
2012-02-10,2795.619,2833.996,2794.393,2811.136,14797404800
2012-02-13,2783.271,2841.191,2772.419,2822.687,13968950400
2012-02-14,2819.776,2825.233,2798.483,2817.058,11891471200
2012-02-15,2811.331,2861.408,2804.197,2853.766,15732048000
2012-02-16,2848.852,2869.031,2822.27,2845.036,15388203200
2012-02-17,2856.731,2864.901,2821.062,2841.682,11589701600
2012-02-20,2878.519,2883.18,2846.27,2847.056,14557272000
2012-02-21,2848.072,2875.738,2820.353,2875.493,13215235200
2012-02-22,2876.474,2922.35,2874.228,2922.194,19251107200
2012-02-23,2920.585,2939.059,2908.376,2931.251,17720244800
2012-02-24,2931.224,2974.595,2925.065,2974.595,20553427200
2012-02-27,2984.256,3025.404,2982.534,2982.534,24401400000
2012-02-28,2974.355,2988.74,2949.109,2977.756,18813201600
2012-02-29,2969.84,2981.923,2941.039,2943.445,14704217600
2012-03-01,2931.071,2966.614,2930.073,2950.118,11816870400
2012-03-02,2954.517,3004.724,2954.517,3004.724,16179950400
2012-03-05,3013.135,3023.256,2993.485,2996.008,17684292800
2012-03-06,2987.566,2987.648,2944.144,2957.477,16334342400
2012-03-07,2928.385,2970.44,2924.693,2938.741,15103547200
2012-03-08,2947.714,2988.302,2947.714,2978.285,15050545600
2012-03-09,2986.733,3015.739,2974.984,3015.739,15374944000
2012-03-12,3016.667,3024.56,2994.981,3017.148,16383920000
2012-03-13,3015.83,3047.203,3009.179,3047.039,16312587200
2012-03-14,3060.041,3074.564,2924.827,2939.647,27581760000
2012-03-15,2934.95,2954.366,2891.391,2912.907,18460219200
2012-03-16,2918.104,2969.107,2907.21,2969.033,15874953600
2012-03-19,2965.213,2990.636,2946.539,2990.095,15687584000
2012-03-20,2981.887,2981.887,2932.292,2932.541,15039395200
2012-03-21,2944.192,2961.747,2905.872,2938.38,14663638400
2012-03-22,2936.139,2950.366,2916.226,2931.922,12165618400
2012-03-23,2921.633,2923.759,2876.666,2887.495,11672296800
2012-03-26,2883.508,2896.62,2867.969,2886.869,8801626400
2012-03-27,2897.478,2908.046,2874.845,2877.95,9627386400
2012-03-28,2867.477,2867.477,2771.34,2776.021,13081965600
2012-03-29,2761.517,2773.395,2713.106,2733.407,11393995200
2012-03-30,2735.229,2750.673,2716.449,2737.201,9436635200
2012-04-05,2734.037,2813.894,2727.269,2811.069,11959493600
2012-04-06,2808.536,2832.043,2802.05,2824.326,11075671200
2012-04-09,2815.163,2825.916,2793.973,2794.769,9522123200
2012-04-10,2786.252,2823.925,2744.506,2823.859,10931125600
2012-04-11,2794.442,2846.634,2785.581,2829.664,11884653600
2012-04-12,2832.069,2886.758,2826.696,2886.758,15399798400
2012-04-13,2892.885,2918.266,2887.583,2903.378,16054636800
2012-04-16,2883.929,2915.188,2878.026,2902.518,13871494400
2012-04-17,2899.878,2910.531,2864.135,2864.525,13730043200
2012-04-18,2871.845,2930.992,2867.786,2929.285,16424976000
2012-04-19,2927.515,2938.271,2911.222,2924.667,14080038400
2012-04-20,2918.928,2955.949,2915.087,2954.358,16604262400
2012-04-23,2951.431,2956.014,2912.206,2922.326,17744016000
2012-04-24,2903.922,2948.004,2847.2,2911.868,19541283200
2012-04-25,2904.062,2949.468,2898.268,2943.039,19480801600
2012-04-26,2948.42,2957.28,2925.493,2940.104,17628571200
2012-04-27,2936.478,2943.536,2924.223,2926.836,13498118400
2012-05-02,2962.324,2994.241,2940.718,2979.694,18218238400
2012-05-03,2974.392,2992.104,2969.827,2990.597,15092097600
2012-05-04,2988.369,3015.996,2976.316,3015.884,15595145600
2012-05-07,2999.435,3026.91,2996.453,3026.91,16248160000
2012-05-08,3026.107,3028.948,2995.019,3021.787,15663747200
2012-05-09,2998.449,2998.449,2965.784,2967.797,14959352000
2012-05-10,2966.237,2982.887,2962.114,2972.471,12299415200
2012-05-11,2968.268,2984.763,2952.238,2952.357,11832692800
2012-05-14,2972.672,2976.674,2934.61,2936.583,13768217600
2012-05-15,2915.43,2934.906,2901.74,2934.811,12419676800
2012-05-16,2927.407,2932.119,2892.667,2893.028,11781796000
2012-05-17,2894.007,2940.446,2886.164,2936.009,12902548000
2012-05-18,2916.788,2927.52,2882.953,2890.434,13191687200
2012-05-21,2887.471,2915.466,2870.081,2896.938,11230127200
2012-05-22,2907.68,2940.529,2907.68,2940.529,11650586400
2012-05-23,2934.442,2948.678,2907.045,2931.775,12980356000
2012-05-24,2925.961,2943.212,2900.59,2908.337,12373332800
2012-05-25,2907.686,2914.27,2871.002,2879.712,11667769600
2012-05-28,2868.643,2922.611,2839.125,2922.591,14690446400
2012-05-29,2922.325,2970.488,2919.766,2965.028,17633667200
2012-05-30,2960.526,2972.901,2954.629,2962.261,14170300800
2012-05-31,2943.433,2972.807,2937.23,2957.274,12770555200
2012-06-01,2957.735,2976.261,2943.559,2955.832,12177356800
2012-06-04,2913.792,2926.682,2867.402,2867.402,13700353600
2012-06-05,2872.088,2884.221,2855.193,2866.419,10115304000
2012-06-06,2871.249,2883.219,2849.287,2861.283,9154544800
2012-06-07,2885.969,2892.963,2839.182,2845.283,9586223200
2012-06-08,2866.160,2866.850,2823.650,2828.700,105427010.000
2012-06-11,2832.230,2876.300,2825.290,2871.920,103605870.000
2012-06-12,2857.180,2868.920,2843.380,2854.210,97627395.000
2012-06-13,2860.330,2902.810,2855.060,2902.560,119459179.000
2012-06-14,2895.650,2910.900,2879.960,2882.040,112326419.000
2012-06-15,2886.480,2903.150,2853.880,2887.460,109358992.000
2012-06-18,2897.040,2917.950,2895.800,2908.230,100275277.000
2012-06-19,2904.370,2905.810,2882.990,2886.110,102533109.000
2012-06-20,2890.900,2898.640,2873.330,2877.220,91467734.000
2012-06-21,2871.200,2871.200,2822.500,2835.270,97447190.000
2012-06-25,2823.650,2823.650,2768.560,2769.360,99076378.000
2012-06-26,2753.900,2776.420,2734.920,2766.750,88876945.000
2012-06-27,2764.000,2787.790,2756.650,2758.890,86268066.000
2012-06-28,2763.700,2772.420,2729.330,2729.540,89992555.000
2012-06-29,2719.900,2768.500,2715.280,2767.830,96964155.000
2012-07-02,2781.760,2794.690,2766.350,2783.990,105029263.000
2012-07-03,2782.970,2811.780,2775.960,2789.570,109154344.000
2012-07-04,2794.170,2800.500,2772.070,2781.860,97638167.000
2012-07-05,2768.580,2768.580,2723.040,2733.350,97878461.000
2012-07-06,2741.470,2785.960,2718.990,2783.100,122226137.000
2012-07-09,2765.160,2778.860,2717.170,2717.870,122485235.000
2012-07-10,2710.310,2722.140,2694.000,2699.770,95022201.000
2012-07-11,2694.280,2722.670,2692.330,2722.600,92215066.000
2012-07-12,2717.020,2763.730,2700.720,2753.280,131385432.000
2012-07-13,2743.170,2768.580,2737.960,2747.580,98666238.000
2012-07-16,2747.450,2747.460,2669.660,2669.990,116330262.000
2012-07-17,2659.890,2691.810,2657.510,2687.480,90526693.000
2012-07-18,2684.030,2695.820,2644.660,2695.350,107536972.000
2012-07-19,2688.090,2735.550,2681.640,2715.880,128084806.000
2012-07-20,2707.710,2720.330,2685.800,2692.550,105298860.000
2012-07-23,2673.770,2673.770,2646.220,2660.150,91073409.000
2012-07-24,2645.640,2691.930,2645.020,2675.530,88470478.000
2012-07-25,2667.240,2680.500,2652.760,2656.740,82652756.000
2012-07-26,2655.570,2673.930,2636.130,2638.340,87170934.000
2012-07-27,2645.450,2652.290,2623.160,2632.710,82786473.000
2012-07-30,2632.600,2648.210,2595.300,2600.720,83724274.000
2012-07-31,2598.900,2604.100,2574.050,2580.400,83020743.000
2012-08-01,2578.220,2629.350,2578.000,2615.480,81064861.000
2012-08-02,2611.040,2620.050,2582.040,2593.600,81033736.000
2012-08-03,2598.940,2628.800,2590.650,2628.530,84899648.000
2012-08-06,2622.730,2677.660,2619.910,2675.800,114798557.000
2012-08-07,2674.000,2689.590,2671.460,2689.000,120965744.000
2012-08-08,2689.110,2701.710,2674.070,2686.010,113827494.000
2012-08-09,2683.660,2716.690,2671.900,2716.330,120055540.000
2012-08-10,2713.930,2718.180,2698.670,2706.730,113583905.000
2012-08-13,2700.610,2700.610,2650.200,2651.260,116713007.000
2012-08-14,2650.100,2664.730,2615.040,2664.730,113307691.000
2012-08-15,2657.900,2657.900,2634.800,2636.570,92226025.000
2012-08-16,2631.230,2640.000,2616.740,2620.760,78368343.000
2012-08-17,2618.490,2624.200,2593.530,2617.060,73472736.000
2012-08-20,2599.810,2618.100,2583.910,2612.800,77834955.000
2012-08-21,2612.390,2648.090,2607.780,2637.700,103743237.000
2012-08-22,2638.900,2640.600,2606.560,2617.650,98497791.000
2012-08-23,2618.190,2634.780,2605.410,2629.530,97736062.000
2012-08-24,2621.810,2624.650,2589.420,2589.800,98262549.000
2012-08-27,2580.100,2580.100,2533.080,2533.080,97247014.000
2012-08-28,2530.320,2561.050,2525.100,2546.600,87488840.000
2012-08-29,2539.900,2554.870,2525.590,2525.710,84882347.000
2012-08-30,2516.680,2531.490,2474.400,2504.940,102295668.000
2012-08-31,2498.580,2515.830,2495.910,2504.760,73291688.000
2012-09-03,2500.540,2545.460,2497.180,2539.720,96185503.000
2012-09-04,2542.370,2546.030,2509.600,2514.300,92116547.000
2012-09-05,2509.110,2527.750,2498.810,2518.500,91473138.000
2012-09-06,2523.030,2542.930,2520.530,2542.340,91748513.000
2012-09-07,2560.070,2669.530,2560.070,2644.540,220616319.000
2012-09-10,2648.410,2669.540,2640.310,2661.060,173712431.000
2012-09-11,2650.690,2650.690,2628.000,2647.720,134702710.000
2012-09-12,2660.140,2672.170,2634.880,2661.140,138725719.000
2012-09-13,2658.320,2667.160,2630.400,2630.400,130144055.000
2012-09-14,2654.920,2664.210,2622.670,2642.750,146410228.000
2012-09-17,2639.240,2641.130,2572.340,2572.490,123258858.000
2012-09-18,2562.010,2572.280,2543.780,2553.310,87046409.000
2012-09-19,2555.440,2572.510,2549.740,2570.360,86467135.000
2012-09-20,2562.550,2562.550,2501.850,2503.590,110667116.000
2012-09-21,2496.850,2522.110,2488.980,2497.760,96727476.000
2012-09-24,2482.930,2525.850,2467.670,2515.740,90472879.000
2012-09-25,2509.580,2525.510,2496.600,2504.280,77715898.000
2012-09-26,2501.380,2509.680,2457.560,2461.830,78553231.000
2012-09-27,2460.990,2542.660,2460.820,2528.330,115904303.000
2012-09-28,2513.530,2576.390,2510.650,2574.140,120223793.000
2012-10-08,2573.540,2587.420,2543.290,2556.070,82791590.000
2012-10-09,2564.450,2617.150,2564.450,2617.140,127606613.000
2012-10-10,2611.470,2631.770,2604.020,2631.230,127673267.000
2012-10-11,2623.620,2629.090,2599.380,2600.440,121677129.000
2012-10-12,2607.920,2630.610,2578.070,2599.430,106872332.000
2012-10-15,2599.400,2600.200,2565.540,2586.190,89714876.000
2012-10-16,2583.840,2611.010,2577.660,2592.090,92690612.000
2012-10-17,2599.360,2606.660,2572.400,2596.880,93787744.000
2012-10-18,2601.270,2643.350,2600.850,2638.110,138361554.000
2012-10-19,2636.880,2644.830,2627.890,2632.660,107089802.000
2012-10-22,2619.380,2648.280,2613.920,2643.560,98119179.000
2012-10-23,2642.870,2646.570,2609.280,2612.120,113153810.000
2012-10-24,2600.620,2621.500,2599.310,2607.510,110800251.000
2012-10-25,2606.930,2624.730,2583.540,2585.730,125346236.000
2012-10-26,2584.100,2586.310,2521.640,2535.050,113339905.000
2012-10-29,2528.650,2537.580,2515.210,2525.490,78442422.000
2012-10-30,2525.240,2549.190,2521.890,2529.280,89036152.000
2012-10-31,2529.630,2542.540,2520.390,2542.540,90330663.000
2012-11-01,2543.840,2596.150,2543.670,2589.820,129374869.000
2012-11-02,2590.230,2603.830,2576.740,2601.470,117743239.000
2012-11-05,2597.090,2610.970,2582.490,2593.900,109899505.000
2012-11-06,2593.360,2594.750,2544.840,2579.620,111266952.000
2012-11-07,2576.340,2588.500,2563.430,2575.570,91864434.000
2012-11-08,2555.740,2560.120,2521.680,2521.680,104313911.000
2012-11-09,2516.780,2529.880,2507.720,2515.230,82980055.000
2012-11-12,2516.860,2531.180,2508.510,2529.770,88846307.000
2012-11-13,2529.140,2529.140,2478.900,2482.910,95583307.000
2012-11-14,2482.310,2493.720,2469.670,2491.710,76739022.000
2012-11-15,2479.370,2489.950,2453.820,2454.240,80031343.000
2012-11-16,2449.630,2450.690,2421.360,2437.330,77513161.000
2012-11-19,2435.260,2440.090,2408.670,2439.700,70513066.000
2012-11-20,2445.010,2450.580,2429.160,2430.180,68952655.000
2012-11-21,2429.530,2460.380,2408.050,2460.380,86016900.000
2012-11-22,2447.200,2448.570,2429.710,2436.540,70717914.000
2012-11-23,2440.300,2460.690,2436.150,2449.260,75303194.000
2012-11-26,2445.040,2447.820,2422.520,2425.890,67156839.000
2012-11-27,2418.260,2418.260,2371.870,2372.310,88406367.000
2012-11-28,2362.850,2362.850,2332.310,2336.530,77100197.000
2012-11-29,2335.800,2351.070,2317.090,2318.060,74570241.000
2012-11-30,2316.400,2349.420,2311.790,2346.820,83914217.000
2012-12-03,2344.200,2358.970,2302.910,2303.790,90421270.000
2012-12-04,2298.030,2333.600,2284.830,2330.010,93577381.000
2012-12-05,2325.710,2426.740,2322.800,2414.620,173899929.000
2012-12-06,2412.550,2425.860,2397.900,2411.410,118786365.000
2012-12-07,2410.750,2465.310,2404.510,2461.650,173552864.000
2012-12-10,2467.850,2498.770,2462.130,2494.750,176832418.000
2012-12-11,2486.700,2500.370,2476.190,2479.560,142427167.000
2012-12-12,2477.670,2493.400,2462.330,2485.390,119108109.000
2012-12-13,2478.680,2486.810,2455.110,2455.780,111844907.000
2012-12-14,2456.090,2570.110,2456.090,2569.540,239058947.000
2012-12-17,2573.550,2592.820,2570.110,2583.260,214279567.000
2012-12-18,2577.880,2613.600,2562.830,2581.450,192490074.000
2012-12-19,2576.520,2601.810,2572.280,2587.890,148105269.000
2012-12-20,2579.290,2605.260,2560.250,2600.040,152675264.000
2012-12-21,2601.490,2631.310,2582.360,2591.210,162127125.000
2012-12-24,2586.590,2614.720,2585.100,2604.320,126938788.000
2012-12-25,2597.640,2681.800,2589.830,2672.230,223048064.000
2012-12-26,2670.270,2693.840,2667.940,2693.840,193868043.000
2012-12-27,2699.800,2713.800,2674.760,2675.280,197567857.000
2012-12-28,2676.040,2711.240,2670.780,2710.570,172634268.000
2012-12-31,2716.070,2749.850,2716.070,2749.850,191651770.000
2013-01-04,2775.420,2781.730,2719.250,2745.760,217227438.000
2013-01-07,2740.200,2768.490,2733.930,2766.230,190008890.000
2013-01-08,2765.710,2780.800,2739.210,2773.170,210697619.000
2013-01-09,2766.680,2789.250,2751.260,2775.960,211158952.000
2013-01-10,2774.930,2803.900,2766.750,2786.280,198970631.000
2013-01-11,2788.710,2793.600,2721.970,2729.870,212466313.000
2013-01-14,2721.790,2834.100,2721.450,2829.590,243588577.000
2013-01-15,2832.210,2872.710,2831.010,2862.970,282435788.000
2013-01-16,2858.790,2868.320,2806.750,2849.660,258457395.000
2013-01-17,2843.580,2849.020,2809.300,2820.920,196547049.000
2013-01-18,2833.000,2874.730,2820.250,2867.300,209214719.000
2013-01-21,2876.390,2887.050,2856.780,2886.800,222405876.000
2013-01-22,2885.420,2887.750,2837.150,2857.390,242103811.000
2013-01-23,2847.820,2871.280,2830.280,2866.980,191969683.000
2013-01-24,2865.970,2912.850,2803.920,2824.580,255785065.000
2013-01-25,2821.300,2834.960,2809.880,2815.890,149518880.000
2013-01-28,2819.160,2897.070,2819.160,2896.960,200414305.000
2013-01-29,2900.200,2931.920,2892.680,2923.650,224228923.000
2013-01-30,2925.870,2936.270,2905.870,2935.020,233566101.000
2013-01-31,2935.110,2939.110,2911.110,2926.960,216462170.000
2013-02-01,2918.230,2971.600,2913.420,2971.190,220255356.000
2013-02-04,2980.290,2991.460,2949.710,2965.340,258712096.000
2013-02-05,2946.310,2996.060,2943.740,2992.210,227381097.000
2013-02-06,2992.560,3012.520,2989.850,3002.050,182065887.000
2013-02-07,2998.350,3004.800,2962.500,2996.610,182497843.000
2013-02-08,2993.060,3037.100,2992.270,3021.590,172413838.000
2013-02-18,3034.940,3039.380,2996.220,3008.440,191292859.000
2013-02-19,3005.950,3011.080,2942.480,2954.180,200766493.000
2013-02-20,2952.980,2989.780,2942.970,2989.720,184711946.000
2013-02-21,2965.540,2965.540,2880.780,2906.310,236020468.000
2013-02-22,2902.070,2920.860,2889.150,2894.490,161269112.000
2013-02-25,2901.960,2924.710,2895.130,2913.190,149521733.000
2013-02-26,2897.190,2933.750,2870.200,2872.450,194492893.000
2013-02-27,2879.190,2913.500,2864.480,2890.580,162664166.000
2013-02-28,2904.120,2965.450,2889.190,2965.170,204917508.000
2013-03-01,2963.920,2979.710,2935.600,2978.110,204864668.000
2013-03-04,2935.860,2935.860,2838.680,2857.570,271064118.000
2013-03-05,2857.660,2934.800,2850.750,2934.540,215398819.000
2013-03-06,2944.770,2977.680,2936.670,2972.800,247516990.000
2013-03-07,2964.520,2977.880,2910.110,2938.910,241072098.000
2013-03-08,2940.630,2952.480,2913.890,2918.760,165920199.000
2013-03-11,2912.860,2927.380,2890.420,2909.620,140584226.000
2013-03-12,2907.780,2932.220,2823.550,2854.850,194095077.000
2013-03-13,2849.110,2851.920,2806.030,2826.400,146836846.000
2013-03-14,2817.630,2848.480,2815.060,2835.130,126288007.000
2013-03-15,2834.740,2893.920,2804.920,2840.830,178856247.000
2013-03-18,2828.470,2845.260,2800.170,2802.650,146850052.000
2013-03-19,2804.690,2819.990,2778.930,2819.670,140446830.000
2013-03-20,2820.520,2904.720,2819.840,2904.720,199933648.000
2013-03-21,2905.590,2932.020,2901.660,2921.360,191927043.000
2013-03-22,2918.050,2933.780,2908.580,2927.390,163866275.000
2013-03-25,2934.280,2945.910,2912.490,2923.440,158348866.000
2013-03-26,2912.270,2915.740,2864.650,2890.980,164397050.000
2013-03-27,2890.610,2925.700,2880.550,2899.800,153036951.000
2013-03-28,2860.960,2860.960,2807.970,2810.360,193185217.000
2013-03-29,2812.280,2823.340,2794.800,2807.680,132984871.000
2013-04-01,2801.660,2828.450,2799.680,2814.730,128706616.000
2013-04-02,2816.110,2844.440,2785.810,2793.550,150198072.000
2013-04-03,2798.460,2807.790,2770.030,2780.520,136101868.000
2013-04-08,2740.230,2779.330,2717.770,2778.860,143585728.000
2013-04-09,2781.680,2812.090,2781.680,2800.910,136440174.000
2013-04-10,2799.070,2807.100,2772.330,2794.060,131527052.000
2013-04-11,2806.920,2813.800,2783.550,2785.080,120750051.000
2013-04-12,2782.260,2795.870,2762.960,2765.450,112050102.000
2013-04-15,2756.380,2760.220,2725.950,2733.450,115418429.000
2013-04-16,2711.810,2760.430,2707.530,2759.700,125514174.000
2013-04-17,2758.210,2771.640,2743.230,2770.140,113937198.000
2013-04-18,2752.990,2788.550,2745.350,2777.630,118429125.000
2013-04-19,2781.020,2853.120,2780.970,2845.670,178220726.000
2013-04-22,2834.970,2852.050,2833.430,2851.750,166949743.000
2013-04-23,2852.070,2852.070,2764.370,2766.060,165507601.000
2013-04-24,2768.000,2831.520,2762.570,2820.860,162652207.000
2013-04-25,2812.210,2830.140,2781.400,2783.020,173268545.000
2013-04-26,2787.670,2797.190,2742.480,2747.910,133225166.000
2013-05-02,2735.540,2759.760,2725.960,2756.810,113922619.000
2013-05-03,2764.310,2828.660,2764.310,2807.880,153308515.000
2013-05-06,2816.730,2856.830,2816.730,2850.840,165162645.000
2013-05-07,2845.340,2864.700,2833.070,2856.480,154013447.000
2013-05-08,2865.450,2883.510,2856.490,2876.900,165272702.000
2013-05-09,2875.660,2878.040,2844.570,2869.450,182050610.000
2013-05-10,2862.120,2887.730,2856.720,2885.840,164911033.000
2013-05-13,2887.150,2891.980,2867.180,2885.670,159291440.000
2013-05-14,2880.990,2880.990,2831.340,2847.500,153805028.000
2013-05-15,2847.640,2873.600,2846.230,2873.600,140743708.000
2013-05-16,2868.500,2914.900,2855.950,2913.580,205514352.000
2013-05-17,2910.590,2962.210,2909.050,2956.850,225052562.000
2013-05-20,2962.760,2995.430,2955.490,2987.060,251381164.000
2013-05-21,2984.270,3007.960,2975.320,3007.960,236842075.000
2013-05-22,3005.030,3018.960,2982.220,2996.780,236335945.000
2013-05-23,2983.050,3010.660,2960.000,2965.260,228819129.000
2013-05-24,2970.630,2995.750,2961.270,2994.760,187403636.000
2013-05-27,2993.160,3014.510,2990.930,3009.880,202810888.000
2013-05-28,3010.070,3035.990,2981.550,3035.990,233133825.000
2013-05-29,3039.160,3055.540,3037.210,3044.270,221211391.000
2013-05-30,3034.420,3049.200,3026.950,3042.460,205625949.000
2013-05-31,3045.750,3053.480,3016.030,3017.230,199740545.000
2013-06-03,3015.310,3032.370,2997.070,3004.290,181485805.000
2013-06-04,3001.180,3001.180,2937.240,2953.440,189173870.000
2013-06-05,2951.430,2964.270,2934.470,2956.440,137851630.000
2013-06-06,2946.990,2950.810,2911.620,2913.960,149832248.000
2013-06-07,2913.460,2927.170,2853.580,2865.330,162912411.000
2013-06-13,2828.310,2828.310,2737.180,2777.610,163799539.000
2013-06-14,2782.110,2817.350,2781.420,2813.830,144311658.000
2013-06-17,2820.270,2829.940,2795.280,2810.440,144572636.000
2013-06-18,2816.540,2827.850,2790.730,2823.220,132118039.000
2013-06-19,2810.820,2810.820,2763.370,2805.030,139685801.000
2013-06-20,2788.950,2788.950,2712.870,2713.980,140407015.000
2013-06-21,2668.170,2720.250,2642.690,2704.650,142832113.000
2013-06-24,2696.260,2696.260,2523.470,2537.950,189262675.000
2013-06-25,2510.500,2537.060,2357.430,2530.910,236662322.000
2013-06-26,2533.920,2558.420,2503.260,2558.250,185030371.000
2013-06-27,2563.340,2597.320,2532.080,2534.050,192672397.000
2013-06-28,2519.030,2595.430,2500.840,2557.200,173836103.000
2013-07-01,2545.800,2591.280,2531.450,2590.970,144318496.000
2013-07-02,2590.360,2619.080,2578.040,2617.400,165444743.000
2013-07-03,2606.270,2613.690,2558.600,2607.740,175802365.000
2013-07-04,2590.700,2654.390,2577.370,2626.450,190095052.000
2013-07-05,2630.090,2656.890,2619.420,2620.470,171391822.000
2013-07-08,2582.610,2589.280,2534.360,2535.790,156684283.000
2013-07-09,2531.170,2549.380,2518.680,2543.030,118820961.000
2013-07-10,2543.020,2615.200,2539.060,2615.200,165172541.000
2013-07-11,2620.610,2734.500,2620.610,2710.370,272899361.000
2013-07-12,2704.560,2727.220,2670.450,2671.820,215588166.000
2013-07-15,2683.040,2734.080,2676.610,2719.190,194031017.000
2013-07-16,2716.100,2739.980,2696.230,2739.980,191507859.000
2013-07-17,2733.310,2750.490,2694.410,2700.010,197682417.000
2013-07-18,2690.000,2701.700,2660.530,2675.370,177274238.000
2013-07-19,2676.550,2693.040,2612.950,2613.580,204794276.000
2013-07-22,2593.090,2646.520,2581.670,2645.860,161770168.000
2013-07-23,2654.720,2720.030,2653.340,2716.080,213121894.000
2013-07-24,2705.570,2722.860,2672.480,2715.140,213371843.000
2013-07-25,2718.360,2729.660,2672.890,2681.400,201170413.000
2013-07-26,2670.060,2688.300,2646.110,2672.790,153786508.000
2013-07-29,2655.270,2655.270,2613.660,2619.840,156698241.000
2013-07-30,2624.740,2651.750,2584.150,2623.500,153474791.000
2013-07-31,2641.480,2664.630,2624.270,2632.490,141236647.000
2013-08-01,2642.390,2701.690,2638.680,2701.690,182958410.000
2013-08-02,2717.800,2734.380,2704.220,2707.500,192292415.000
2013-08-05,2708.810,2747.290,2705.850,2747.290,171410751.000
2013-08-06,2741.490,2777.730,2730.010,2770.210,208769734.000
2013-08-07,2767.730,2783.030,2742.390,2747.080,212055888.000
2013-08-08,2741.900,2768.560,2733.540,2749.010,167130935.000
2013-08-09,2758.050,2774.680,2723.410,2757.320,184703422.000
2013-08-12,2766.620,2815.560,2764.640,2815.560,242108806.000
2013-08-13,2815.780,2828.400,2807.630,2828.360,213456814.000
2013-08-14,2830.870,2847.080,2808.360,2819.040,215385424.000
2013-08-15,2816.830,2828.970,2785.120,2786.780,185669129.000
2013-08-16,2774.730,2858.740,2746.180,2747.390,261791331.000
2013-08-19,2728.230,2792.730,2725.620,2789.960,176714859.000
2013-08-20,2785.300,2813.450,2766.530,2778.130,192866375.000
2013-08-21,2782.110,2785.710,2757.370,2784.150,169743882.000
2013-08-22,2778.410,2802.750,2773.560,2785.150,178942833.000
2013-08-23,2795.040,2801.340,2727.220,2773.280,213651983.000
2013-08-26,2778.920,2831.390,2775.420,2831.000,211682514.000
2013-08-27,2828.980,2845.870,2820.700,2845.870,218323744.000
2013-08-28,2828.300,2849.260,2807.920,2825.690,269123172.000
2013-08-29,2832.240,2837.690,2805.020,2819.860,225106390.000
2013-08-30,2818.150,2836.610,2786.910,2799.240,283034431.000
2013-09-02,2804.230,2819.620,2777.850,2812.890,236445381.000
2013-09-03,2815.950,2855.340,2811.240,2855.010,233210211.000
2013-09-04,2854.140,2865.520,2845.230,2855.860,239138633.000
2013-09-05,2854.020,2863.190,2844.050,2855.100,218263712.000
2013-09-06,2850.400,2879.840,2849.450,2876.200,229304258.000
2013-09-09,2888.890,2943.420,2885.740,2939.440,333440834.000
2013-09-10,2944.080,2972.020,2936.050,2971.760,356812617.000
2013-09-11,2978.150,2989.400,2947.490,2961.370,385040650.000
2013-09-12,2955.410,2993.050,2949.040,2979.310,312711775.000
2013-09-13,2975.480,2985.200,2957.640,2972.440,267111175.000
2013-09-16,2981.210,2989.850,2960.500,2972.230,247245252.000
2013-09-17,2973.260,2973.700,2916.530,2917.220,246235001.000
2013-09-18,2914.600,2935.360,2902.390,2933.500,189277527.000
2013-09-23,2942.030,2987.400,2942.030,2987.090,226593984.000
2013-09-24,2985.680,2985.680,2941.840,2972.430,265861959.000
2013-09-25,2969.220,2984.520,2950.830,2956.960,266716758.000
2013-09-26,2949.270,2950.010,2900.810,2902.390,235976723.000
2013-09-27,2899.760,2922.550,2898.580,2913.180,182734159.000
2013-09-30,2924.140,2942.900,2923.730,2942.850,162446007.000
2013-10-08,2942.380,2990.090,2931.070,2987.540,221820893.000
2013-10-09,2978.950,3013.750,2970.010,3013.550,230048233.000
2013-10-10,3017.340,3017.560,2979.020,2987.010,264835116.000
2013-10-11,2999.450,3034.030,2999.450,3033.060,269296144.000
2013-10-14,3037.310,3057.670,3029.170,3051.610,287727839.000
2013-10-15,3054.810,3058.700,3026.030,3048.280,274934819.000
2013-10-16,3039.000,3039.000,2961.800,2976.250,270807274.000
2013-10-17,2988.880,3004.810,2962.260,2969.990,230628501.000
2013-10-18,2970.220,2994.590,2964.260,2986.390,187275678.000
2013-10-21,2993.380,3051.980,2987.750,3051.970,249466043.000
2013-10-22,3051.110,3056.110,3011.860,3019.580,278089372.000
2013-10-23,3021.240,3035.640,2954.000,2965.480,262582709.000
2013-10-24,2957.470,2970.280,2938.390,2944.280,182375226.000
2013-10-25,2944.940,2957.870,2879.920,2897.500,204718611.000
2013-10-28,2898.820,2904.350,2876.040,2893.300,167030182.000
2013-10-29,2893.370,2924.170,2798.750,2860.940,258155758.000
2013-10-30,2856.810,2905.320,2851.970,2905.020,205036415.000
2013-10-31,2896.200,2896.200,2862.770,2865.650,194711134.000
2013-11-01,2859.450,2878.940,2839.140,2866.140,158153797.000
2013-11-04,2873.450,2888.310,2864.920,2871.910,137350024.000
2013-11-05,2860.140,2894.100,2834.810,2893.990,166848884.000
2013-11-06,2882.930,2904.210,2861.860,2862.250,186455076.000
2013-11-07,2855.370,2862.400,2825.230,2835.460,150229291.000
2013-11-08,2822.250,2833.360,2792.030,2795.860,147991687.000
2013-11-11,2792.540,2819.070,2776.960,2808.510,125051580.000
2013-11-12,2810.120,2837.560,2804.970,2836.470,143308992.000
2013-11-13,2824.710,2824.750,2779.020,2779.230,153335052.000
2013-11-14,2777.590,2809.810,2761.370,2809.200,153703755.000
2013-11-15,2810.870,2891.690,2810.870,2865.320,220815145.000
2013-11-18,2883.550,2946.850,2878.470,2946.820,262122980.000
2013-11-19,2947.670,2953.070,2928.910,2941.950,220611869.000
2013-11-20,2953.400,2962.570,2933.500,2962.500,210962917.000
2013-11-21,2949.950,2954.760,2922.670,2949.040,238229354.000
2013-11-22,2952.490,2958.190,2928.550,2935.140,205989713.000
2013-11-25,2924.610,2959.330,2917.780,2929.890,193043361.000
2013-11-26,2927.940,2942.750,2920.020,2933.350,180512681.000
2013-11-27,2931.550,2972.060,2929.180,2968.900,206836014.000
2013-11-28,2973.780,3016.510,2972.670,2995.760,239901082.000
2013-11-29,2998.020,3010.730,2992.800,3008.750,203432480.000
2013-12-02,2961.820,2998.760,2895.650,2918.940,300005467.000
2013-12-03,2901.390,2965.260,2897.350,2960.490,202126884.000
2013-12-04,2956.300,3020.090,2952.240,3000.600,267166510.000
2013-12-05,3000.210,3007.590,2981.600,2991.010,218328958.000
2013-12-06,2985.060,2995.360,2967.820,2977.310,184137292.000
2013-12-09,2985.320,2997.050,2979.270,2991.350,170957643.000
2013-12-10,2995.940,3006.980,2980.950,2993.840,196542759.000
2013-12-11,2982.430,2982.430,2937.080,2955.240,189926147.000
2013-12-12,2949.290,2978.410,2949.010,2962.430,159157013.000
2013-12-13,2943.570,2973.760,2937.280,2964.940,158027706.000
2013-12-16,2967.160,2970.490,2916.970,2920.040,185399861.000
2013-12-17,2919.670,2925.590,2894.810,2903.890,147496612.000
2013-12-18,2904.230,2917.350,2893.530,2902.260,124872672.000
2013-12-19,2909.610,2919.640,2872.870,2874.120,134173071.000
2013-12-20,2875.080,2882.970,2818.630,2823.690,153550976.000
2013-12-23,2826.350,2835.850,2789.330,2823.990,125946442.000
2013-12-24,2829.130,2863.140,2814.990,2838.260,1311740.210
2013-12-25,2840.540,2868.540,2831.120,2868.540,132141920.000
2013-12-26,2865.360,2866.510,2818.050,2819.030,152422115.000
2013-12-27,2818.900,2876.710,2817.240,2866.680,152578963.000
2013-12-30,2878.290,2883.690,2864.240,2871.450,150504295.000
2013-12-31,2861.110,2894.540,2855.660,2893.210,152263248.000
2014-01-02,2887.010,2900.910,2878.860,2900.630,142279831.000
2014-01-03,2891.710,2895.090,2862.220,2874.320,170473181.000
2014-01-06,2868.360,2868.360,2798.030,2803.290,177110654.000
2014-01-07,2787.420,2818.930,2781.720,2814.100,131937378.000
2014-01-08,2817.660,2846.580,2809.620,2825.820,155408498.000
2014-01-09,2820.810,2845.430,2792.660,2793.500,162358048.000
2014-01-10,2785.340,2792.840,2752.450,2758.990,147700897.000
2014-01-13,2759.690,2779.850,2734.150,2748.420,131735183.000
2014-01-14,2747.780,2789.060,2739.110,2788.850,143394508.000
2014-01-15,2786.320,2797.830,2776.970,2797.390,142492960.000
2014-01-16,2797.930,2816.670,2790.830,2798.910,148615476.000
2014-01-17,2790.530,2792.600,2762.700,2764.640,134004122.000
2014-01-20,2760.020,2770.570,2733.120,2746.050,121541702.000
2014-01-21,2746.910,2782.690,2746.910,2781.520,130851860.000
2014-01-22,2784.640,2850.180,2783.850,2849.940,196819555.000
2014-01-23,2849.100,2866.710,2845.210,2854.230,180493704.000
2014-01-24,2847.580,2890.310,2843.880,2882.480,196012006.000
2014-01-27,2868.390,2882.470,2850.660,2860.210,193619890.000
2014-01-28,2863.210,2878.570,2838.650,2859.080,152369842.000
2014-01-29,2864.020,2882.220,2861.890,2879.790,149886776.000
2014-01-30,2874.500,2874.500,2851.540,2856.840,129066579.000
2014-02-07,2839.610,2890.700,2830.910,2890.700,153099279.000
2014-02-10,2900.650,2966.330,2900.650,2965.070,251468458.000
2014-02-11,2966.360,2988.620,2946.290,2977.540,273500358.000
2014-02-12,2978.630,2999.400,2966.210,2999.060,246350199.000
2014-02-13,2995.920,3008.950,2964.680,2964.700,274253721.000
2014-02-14,2963.320,3003.120,2959.710,3002.930,216043125.000
2014-02-17,3017.280,3044.700,3010.330,3044.690,270337817.000
2014-02-18,3044.530,3044.530,3014.240,3024.970,274424097.000
2014-02-19,3022.790,3054.890,3009.010,3042.600,282919607.000
2014-02-20,3047.390,3057.480,3003.450,3005.350,287104718.000
2014-02-21,3000.570,3007.950,2961.520,2984.670,217095471.000
2014-02-24,2967.910,2967.910,2917.030,2955.740,234936665.000
2014-02-25,2958.190,2975.540,2847.920,2860.970,285743974.000
2014-02-26,2844.910,2874.030,2816.110,2873.720,219933800.000
2014-02-27,2880.350,2909.020,2843.190,2846.490,250665898.000
2014-02-28,2840.050,2877.700,2811.490,2877.260,210815523.000
2014-03-03,2873.640,2915.710,2867.470,2915.710,229076358.000
2014-03-04,2906.110,2916.350,2880.010,2912.230,218334045.000
2014-03-05,2917.480,2919.910,2890.470,2895.410,203052663.000
2014-03-06,2889.760,2909.180,2855.840,2901.320,204927115.000
2014-03-07,2898.710,2918.940,2881.170,2893.160,196657880.000
2014-03-10,2869.880,2869.880,2788.850,2792.690,211799286.000
2014-03-11,2784.550,2813.750,2772.780,2797.950,172011994.000
2014-03-12,2790.500,2821.660,2761.230,2799.260,185965348.000
2014-03-13,2802.210,2837.170,2799.920,2834.670,174714288.000
2014-03-14,2821.990,2837.630,2799.630,2819.060,159847167.000
2014-03-17,2825.930,2863.760,2818.030,2863.740,164754186.000
2014-03-18,2867.030,2885.710,2863.430,2869.030,183205518.000
2014-03-19,2861.310,2861.310,2829.310,2856.780,185449851.000
2014-03-20,2850.770,2870.690,2795.260,2795.260,206995709.000
2014-03-21,2782.650,2869.680,2770.370,2866.000,245049388.000
2014-03-24,2867.700,2894.890,2856.610,2884.390,251395699.000
2014-03-25,2877.440,2899.640,2868.340,2883.670,232212974.000
2014-03-26,2889.540,2896.920,2878.500,2887.800,185569380.000
2014-03-27,2883.670,2891.990,2851.410,2851.410,211134052.000
2014-03-28,2846.430,2859.430,2806.710,2815.030,217115916.000
2014-03-31,2815.630,2824.220,2785.230,2801.240,159609361.000
2014-04-01,2797.680,2835.210,2795.870,2834.970,144551793.000
2014-04-02,2837.220,2849.020,2830.360,2841.920,178279885.000
2014-04-03,2847.050,2856.010,2822.440,2831.170,182294648.000
2014-04-04,2823.870,2861.200,2819.410,2860.840,148664320.000
2014-04-08,2851.270,2909.310,2847.910,2906.990,213078791.000
2014-04-09,2910.190,2925.350,2906.960,2922.670,184976850.000
2014-04-10,2925.990,2967.530,2917.020,2951.850,254509733.000
2014-04-11,2942.680,2953.000,2928.670,2943.270,212108165.000
2014-04-14,2941.170,2953.540,2932.970,2952.680,177421693.000
2014-04-15,2947.620,2947.620,2913.960,2918.770,191014243.000
2014-04-16,2911.320,2929.560,2904.400,2921.630,159345998.000
2014-04-17,2926.870,2931.860,2913.990,2916.660,157956265.000
2014-04-18,2907.740,2923.010,2896.960,2922.430,150512852.000
2014-04-21,2904.240,2929.070,2875.690,2876.060,171188218.000
2014-04-22,2870.860,2885.200,2830.470,2871.330,173956003.000
2014-04-23,2865.760,2881.340,2854.040,2862.920,128552024.000
2014-04-24,2861.400,2874.130,2844.800,2848.010,140831242.000
2014-04-25,2849.610,2854.540,2803.320,2803.590,165077944.000
2014-04-28,2795.920,2796.010,2734.820,2737.390,164905707.000
2014-04-29,2733.640,2770.080,2733.020,2770.010,128625403.000
2014-04-30,2769.100,2786.590,2764.730,2782.730,122394282.000
2014-05-05,2776.950,2796.730,2760.920,2795.580,132085136.000
2014-05-06,2791.270,2820.470,2789.260,2805.430,138189947.000
2014-05-07,2797.580,2797.580,2768.050,2768.450,134303309.000
2014-05-08,2760.920,2804.920,2756.860,2768.010,136835337.000
2014-05-09,2768.530,2770.670,2734.410,2752.850,135432001.000
2014-05-12,2771.020,2815.310,2761.000,2814.110,195132439.000
2014-05-13,2812.890,2821.240,2799.470,2809.570,166185075.000
2014-05-14,2808.510,2819.050,2801.680,2807.940,131522148.000
2014-05-15,2803.700,2805.640,2761.650,2763.500,136756109.000
2014-05-16,2759.840,2765.800,2735.870,2760.310,120620337.000
2014-05-19,2754.180,2754.180,2718.360,2734.650,114026992.000
2014-05-20,2746.560,2762.400,2734.610,2740.790,113115326.000
2014-05-21,2732.220,2765.500,2715.380,2765.500,112501843.000
2014-05-22,2764.910,2796.390,2761.680,2763.340,140498494.000
2014-05-23,2761.890,2789.850,2758.960,2789.850,123102504.000
2014-05-26,2802.060,2812.590,2799.380,2812.250,139483721.000
2014-05-27,2810.570,2816.160,2799.430,2801.610,130671212.000
2014-05-28,2801.490,2834.580,2796.650,2833.390,161215527.000
2014-05-29,2834.340,2841.780,2807.720,2807.800,157169085.000
2014-05-30,2806.910,2822.210,2793.020,2812.160,143164066.000
2014-06-03,2813.420,2826.140,2805.600,2805.940,135122610.000
2014-06-04,2803.990,2804.050,2763.150,2781.950,135592650.000
2014-06-05,2778.760,2814.580,2775.860,2814.320,131525306.000
2014-06-06,2813.530,2815.240,2785.950,2800.260,132723106.000
2014-06-09,2793.040,2815.690,2789.390,2791.170,127401784.000
2014-06-10,2794.710,2826.110,2784.730,2826.070,151148094.000
2014-06-11,2821.620,2836.260,2818.400,2834.220,149557384.000
2014-06-12,2828.890,2836.930,2819.340,2827.940,156127367.000
2014-06-13,2824.610,2862.490,2823.730,2858.130,184613495.000
2014-06-16,2859.410,2880.380,2859.110,2877.470,185653312.000
2014-06-17,2871.640,2871.640,2848.950,2850.270,172738186.000
2014-06-18,2849.100,2852.730,2832.940,2834.030,169642401.000
2014-06-19,2833.110,2839.210,2761.370,2773.130,179498814.000
2014-06-20,2770.320,2793.510,2767.320,2793.450,131067318.000
2014-06-23,2795.440,2816.060,2795.440,2806.460,139712318.000
2014-06-24,2804.610,2823.370,2804.080,2823.210,142080978.000
2014-06-25,2820.020,2820.020,2798.810,2809.010,135498499.000
2014-06-26,2809.970,2842.010,2809.820,2839.680,167661750.000
2014-06-27,2837.990,2863.270,2831.080,2851.290,198419453.000
2014-06-30,2854.280,2875.740,2853.210,2875.340,200154767.000
2014-07-01,2879.440,2884.480,2870.110,2884.260,202982548.000
2014-07-02,2884.040,2897.980,2872.350,2897.530,217834973.000
2014-07-03,2896.050,2920.450,2889.710,2914.800,243076909.000
2014-07-04,2914.740,2918.480,2904.730,2911.080,212834779.000
2014-07-07,2910.990,2919.850,2897.160,2909.610,196857241.000
2014-07-08,2907.460,2923.970,2889.230,2923.690,197589174.000
2014-07-09,2919.830,2924.840,2880.090,2880.610,231074971.000
2014-07-10,2877.930,2891.240,2872.570,2876.900,195984313.000
2014-07-11,2871.540,2899.320,2869.950,2892.870,205272023.000
2014-07-14,2895.300,2927.800,2891.420,2927.800,228097289.000
2014-07-15,2926.020,2930.870,2908.720,2925.130,248313064.000
2014-07-16,2921.750,2932.470,2898.600,2907.060,244867149.000
2014-07-17,2901.950,2901.950,2874.210,2890.520,190666788.000
2014-07-18,2879.720,2912.350,2876.680,2897.000,192116720.000
2014-07-21,2895.910,2903.360,2883.080,2894.520,175520432.000
2014-07-22,2890.090,2933.680,2889.790,2931.310,222111635.000
2014-07-23,2930.590,2943.630,2908.910,2919.560,245314214.000
2014-07-24,2919.040,2942.090,2907.210,2938.450,285490576.000
2014-07-25,2941.490,2967.130,2938.730,2967.130,245373562.000
2014-07-28,2979.450,3036.490,2979.450,3035.290,380100288.000
2014-07-29,3038.420,3067.960,3029.410,3057.030,342378863.000
2014-07-30,3050.470,3065.870,3043.690,3058.970,319721852.000
2014-07-31,3058.210,3089.150,3052.810,3089.050,291580970.000
2014-08-01,3078.890,3106.620,3057.100,3058.650,338780750.000
2014-08-04,3064.620,3111.220,3062.890,3111.220,298506973.000
2014-08-05,3113.200,3119.190,3093.210,3118.930,314491970.000
2014-08-06,3108.270,3130.330,3087.570,3122.620,314369016.000
2014-08-07,3122.250,3132.690,3084.920,3086.340,308279112.000
2014-08-08,3088.350,3108.380,3083.880,3100.800,244652784.000
2014-08-11,3107.740,3146.910,3107.740,3146.770,274928152.000
2014-08-12,3144.510,3150.260,3132.370,3150.050,282197414.000
2014-08-13,3150.390,3161.170,3116.340,3151.460,314260244.000
2014-08-14,3149.100,3164.710,3126.750,3129.170,307512805.000
2014-08-15,3130.380,3167.030,3125.210,3162.780,282204645.000
2014-08-18,3169.730,3196.870,3169.730,3196.870,315646373.000
2014-08-19,3202.430,3208.560,3181.500,3203.560,343911023.000
2014-08-20,3201.380,3211.620,3188.400,3197.240,316546369.000
2014-08-21,3197.980,3199.900,3159.210,3192.980,306472402.000
2014-08-22,3191.130,3216.080,3188.010,3212.500,293118800.000
2014-08-25,3213.650,3213.980,3178.560,3186.190,290348935.000
2014-08-26,3180.440,3191.680,3132.870,3143.270,294080634.000
2014-08-27,3141.410,3162.270,3141.410,3153.170,224568254.000
2014-08-28,3154.100,3162.480,3122.900,3128.230,229130602.000
2014-08-29,3130.380,3163.470,3126.050,3163.420,189329635.000
2014-09-01,3167.330,3204.650,3167.120,3204.550,239472207.000
2014-09-02,3211.780,3249.980,3205.920,3249.980,340963129.000
2014-09-03,3255.110,3280.850,3255.040,3277.320,375747346.000
2014-09-04,3280.390,3304.760,3270.940,3304.760,364464962.000
2014-09-05,3311.380,3327.330,3299.100,3326.790,375925509.000
2014-09-09,3330.760,3339.330,3309.670,3336.280,356171477.000
2014-09-10,3325.230,3341.440,3310.120,3337.430,347434440.000
2014-09-11,3336.050,3376.960,3314.720,3330.680,407011754.000
2014-09-12,3326.120,3361.660,3319.720,3361.660,343341195.000
2014-09-15,3359.110,3381.740,3349.350,3379.950,388103885.000
2014-09-16,3382.960,3387.250,3287.990,3289.850,521568292.000
2014-09-17,3294.430,3312.280,3266.780,3311.880,362325438.000
2014-09-18,3306.820,3332.270,3298.850,3329.810,327015800.000
2014-09-19,3330.950,3361.330,3323.060,3358.100,303741353.000
2014-09-22,3352.290,3352.290,3300.750,3308.430,312923863.000
2014-09-23,3308.470,3346.370,3308.400,3345.850,284887899.000
2014-09-24,3338.230,3397.440,3331.250,3396.850,383232885.000
2014-09-25,3409.000,3427.730,3384.080,3394.840,395197243.000
2014-09-26,3387.680,3404.140,3376.050,3403.220,314146388.000
2014-09-29,3413.260,3430.210,3411.420,3428.750,354699948.000
2014-09-30,3434.780,3447.760,3425.930,3444.720,332164677.000
2014-10-08,3456.950,3489.710,3438.890,3489.710,359292341.000
2014-10-09,3493.710,3504.710,3459.300,3499.160,427487169.000
2014-10-10,3487.590,3500.810,3465.020,3482.060,410092431.000
2014-10-13,3469.410,3474.910,3430.000,3474.640,367146898.000
2014-10-14,3469.840,3496.130,3446.510,3464.740,359727303.000
2014-10-15,3462.880,3483.750,3437.280,3483.460,358956534.000
2014-10-16,3464.320,3501.610,3442.780,3442.780,410819665.000
2014-10-17,3437.220,3451.960,3365.740,3419.320,368516713.000
2014-10-20,3426.850,3454.640,3422.270,3454.640,277345546.000
2014-10-21,3453.280,3462.510,3422.820,3425.040,288749981.000
2014-10-22,3425.150,3441.740,3391.430,3393.290,263761565.000
2014-10-23,3386.270,3398.390,3338.950,3348.920,284279717.000
2014-10-24,3350.260,3370.650,3340.660,3350.710,221861644.000
2014-10-27,3337.390,3352.830,3318.640,3351.830,221573993.000
2014-10-28,3358.670,3429.620,3358.670,3429.540,306559116.000
2014-10-29,3439.400,3489.180,3431.970,3477.860,438899416.000
2014-10-30,3477.160,3498.930,3468.480,3489.960,453626373.000
2014-10-31,3494.700,3512.220,3470.550,3510.720,486690764.000
2014-11-03,3517.900,3538.250,3513.570,3533.410,457400428.000
2014-11-04,3532.140,3538.930,3508.770,3523.300,467864631.000
2014-11-05,3524.350,3528.560,3503.040,3515.160,408257645.000
2014-11-06,3514.950,3531.940,3491.160,3531.780,354275514.000
2014-11-07,3535.470,3563.740,3496.510,3511.740,455639415.000
2014-11-10,3532.910,3566.400,3516.700,3566.400,444082745.000
2014-11-11,3577.060,3586.470,3468.610,3499.260,599545899.000
2014-11-12,3485.200,3552.150,3477.790,3552.150,365927154.000
2014-11-13,3553.320,3559.140,3500.590,3519.250,439761724.000
2014-11-14,3505.290,3517.210,3486.350,3514.630,330163457.000
2014-11-17,3539.460,3555.650,3504.860,3528.760,327326321.000
2014-11-18,3525.600,3536.610,3507.470,3519.920,303607980.000
2014-11-19,3517.770,3542.670,3514.680,3529.700,296184293.000
2014-11-20,3519.400,3534.410,3511.660,3526.770,264056790.000
2014-11-21,3526.680,3576.230,3525.840,3575.870,332633105.000
2014-11-24,3612.700,3657.750,3597.300,3641.000,552395744.000
2014-11-25,3642.810,3694.150,3636.610,3694.150,490377994.000
2014-11-26,3703.170,3730.730,3693.000,3730.460,520823581.000
2014-11-27,3744.360,3765.200,3724.670,3765.200,565652322.000
2014-11-28,3765.010,3801.680,3747.310,3801.610,688238308.000
2014-12-01,3812.670,3827.840,3772.880,3789.730,654746898.000
2014-12-02,3779.100,3892.880,3775.990,3879.900,626958970.000
2014-12-03,3890.630,3947.540,3860.050,3928.620,832094954.000
2014-12-04,3935.340,4051.750,3930.080,4051.310,790415824.000
2014-12-05,4080.580,4092.410,3897.060,4018.930,934376777.000
2014-12-08,4000.430,4131.520,3964.610,4115.810,844906214.000
2014-12-09,4095.750,4204.730,3911.170,3935.360,1095955248.000
2014-12-10,3937.740,4078.060,3897.300,4074.050,730237672.000
2014-12-11,4047.660,4120.010,4030.360,4078.680,702051335.000
2014-12-12,4080.390,4122.590,4072.850,4105.880,599542355.000
2014-12-15,4091.000,4160.420,4072.790,4153.420,603550980.000
2014-12-16,4157.180,4210.720,4144.000,4210.720,659364464.000
2014-12-17,4220.910,4235.500,4150.000,4225.940,762163709.000
2014-12-18,4221.190,4252.650,4196.690,4212.880,611141410.000
2014-12-19,4209.500,4221.760,4119.400,4217.020,724547088.000
2014-12-22,4221.000,4222.860,4104.390,4136.180,914697167.000
2014-12-23,4101.310,4159.290,4048.340,4055.340,598997277.000
2014-12-24,4066.310,4083.650,3982.430,4027.010,524663043.000
2014-12-25,4047.340,4126.020,4026.750,4125.630,519961090.000
2014-12-26,4131.610,4214.860,4123.720,4210.810,627319131.000
2014-12-29,4248.400,4253.180,4143.830,4186.360,705751269.000
2014-12-30,4178.880,4197.200,4128.920,4152.930,558092277.000
2014-12-31,4155.730,4222.190,4149.040,4219.000,560330664.000
2015-01-05,4243.090,4330.560,4218.600,4310.690,743101184.000
2015-01-06,4280.130,4348.270,4255.390,4338.930,705519610.000
2015-01-07,4322.460,4355.400,4299.120,4341.890,553145153.000
2015-01-08,4344.200,4351.560,4263.700,4277.760,527785309.000
2015-01-09,4264.040,4375.970,4253.510,4257.060,564661470.000
2015-01-12,4238.440,4254.430,4167.460,4209.380,455053535.000
2015-01-13,4204.240,4252.940,4202.850,4236.690,349753601.000
2015-01-14,4242.150,4260.340,4191.830,4220.660,355255784.000
2015-01-15,4219.930,4304.690,4211.030,4304.690,396275874.000
2015-01-16,4315.200,4365.770,4308.690,4349.650,476926987.000
2015-01-19,4158.210,4244.650,4064.530,4102.100,584057057.000
2015-01-20,4096.620,4197.630,4096.620,4196.970,525707242.000
2015-01-21,4218.970,4347.110,4215.300,4342.220,610217898.000
2015-01-22,4345.710,4390.160,4327.680,4385.060,535267762.000
2015-01-23,4397.300,4421.360,4347.060,4368.620,538873999.000
2015-01-26,4376.610,4436.850,4370.440,4435.870,490876278.000
2015-01-27,4443.050,4451.140,4350.410,4425.600,569662569.000
2015-01-28,4402.650,4437.590,4370.170,4383.220,462176312.000
2015-01-29,4335.370,4368.130,4315.310,4342.750,424497002.000
2015-01-30,4354.430,4372.580,4287.780,4287.840,406608538.000
2015-02-02,4218.590,4274.210,4203.900,4227.980,377278606.000
2015-02-03,4255.150,4318.580,4244.730,4317.460,388008849.000
2015-02-04,4326.770,4354.010,4288.920,4290.960,399052502.000
2015-02-05,4362.560,4363.660,4261.620,4261.620,475653155.000
2015-02-06,4246.730,4259.060,4160.420,4184.680,388740734.000
2015-02-09,4175.800,4220.650,4168.540,4192.660,319722430.000
2015-02-10,4190.520,4258.280,4186.520,4257.960,294515268.000
2015-02-11,4266.480,4307.680,4265.130,4300.680,294634795.000
2015-02-12,4303.290,4331.150,4285.810,4323.560,321011010.000
2015-02-13,4343.350,4405.300,4343.350,4376.230,419738398.000
2015-02-16,4384.130,4437.580,4383.460,4436.610,383140300.000
2015-02-17,4451.680,4476.740,4451.080,4468.300,370423737.000
2015-02-25,4478.620,4478.620,4421.310,4436.940,379291261.000
2015-02-26,4432.060,4514.120,4422.450,4512.460,459318232.000
2015-02-27,4512.460,4549.660,4509.320,4540.130,472914033.000
2015-03-02,4574.930,4608.110,4547.200,4607.940,578145473.000
2015-03-03,4589.020,4598.500,4534.210,4537.470,623282530.000
2015-03-04,4540.600,4590.230,4536.880,4589.900,501751740.000
2015-03-05,4580.060,4586.350,4546.280,4575.790,533199370.000
2015-03-06,4580.140,4593.330,4530.540,4535.460,472117550.000
2015-03-09,4508.980,4606.420,4480.800,4605.000,493659244.000
2015-03-10,4597.770,4649.960,4593.070,4624.650,469590983.000
2015-03-11,4628.550,4655.940,4610.880,4625.730,465307371.000
2015-03-12,4649.260,4664.260,4636.410,4661.810,542720831.000
2015-03-13,4674.080,4711.140,4673.970,4710.850,496765971.000
2015-03-16,4741.940,4841.610,4734.420,4841.610,638597215.000
2015-03-17,4872.130,4919.020,4851.130,4908.650,818511015.000
2015-03-18,4917.840,5012.060,4909.140,5012.040,850517680.000
2015-03-19,5016.050,5034.690,4979.340,5027.450,831452844.000
2015-03-20,5037.040,5097.510,5027.660,5089.960,797941921.000
2015-03-23,5123.680,5209.120,5123.680,5208.890,843901236.000
2015-03-24,5223.730,5238.980,5077.380,5231.420,1008766549.000
2015-03-25,5225.610,5275.580,5193.830,5241.520,837842876.000
2015-03-26,5217.510,5278.030,5166.460,5212.770,779374802.000
2015-03-27,5213.546,5270.222,5270.222,5256.351,631771426.000
2015-03-30,5279.640,5362.050,5279.640,5350.510,842313130.000
2015-03-31,5392.410,5408.910,5321.020,5335.490,858310565.000
2015-04-01,5340.980,5459.500,5337.010,5448.170,718695794.000
2015-04-02,5479.640,5509.470,5429.940,5509.210,781471307.000
2015-04-03,5485.500,5590.940,5465.770,5590.940,775683097.000
2015-04-07,5634.750,5711.900,5629.410,5711.520,891169823.000
2015-04-08,5734.900,5743.280,5591.370,5706.100,955298600.000
2015-04-09,5720.620,5721.470,5526.250,5660.240,905909829.000
2015-04-10,5640.910,5794.290,5613.880,5787.210,756240037.000
2015-04-13,5834.960,5915.080,5805.790,5901.750,899016538.000
2015-04-14,5912.490,5966.350,5854.550,5915.940,908983044.000
2015-04-15,5907.720,5908.620,5761.520,5764.910,902402634.000
2015-04-16,5711.430,5911.270,5670.330,5885.230,790990811.000
2015-04-17,5950.610,5993.940,5915.370,5958.140,1012463771.000
2015-04-20,5964.040,6023.320,5823.120,5852.960,1203155173.000
2015-04-21,5855.950,6023.450,5851.840,6023.420,925363833.000
2015-04-22,6059.880,6188.910,6059.880,6188.010,1023890992.000
2015-04-23,6219.510,6266.520,6152.630,6224.560,1023794932.000
2015-04-24,6152.290,6229.890,6092.320,6205.160,962348784.000
2015-04-27,6265.770,6325.650,6222.480,6300.920,995932169.000
2015-04-28,6308.110,6312.670,6112.330,6167.860,1081381344.000
2015-04-29,6147.270,6275.120,6118.840,6257.590,773121334.000
2015-04-30,6278.270,6333.420,6258.500,6258.610,786012213.000
2015-05-04,6270.570,6316.500,6197.550,6307.570,742165389.000
2015-05-05,6305.520,6305.840,6054.750,6086.060,855720619.000
2015-05-06,6112.610,6218.800,5978.900,6028.220,728150066.000
2015-05-07,5993.220,6020.870,5906.360,5912.670,603345945.000
2015-05-08,5973.490,6095.280,5942.440,6094.720,633655056.000
2015-05-11,6149.590,6324.470,6104.440,6324.110,785113496.000
2015-05-12,6347.780,6441.020,6312.800,6440.470,831551570.000
2015-05-13,6425.060,6509.210,6375.740,6450.710,834895456.000
2015-05-14,6455.590,6489.570,6399.500,6453.700,764393858.000
2015-05-15,6435.810,6448.340,6316.470,6384.320,728637297.000
2015-05-18,6359.580,6472.340,6342.710,6435.070,654189853.000
2015-05-19,6453.780,6629.010,6453.780,6623.790,728243695.000
2015-05-20,6659.260,6825.420,6659.260,6715.710,867365416.000
2015-05-21,6746.530,6904.410,6736.540,6903.760,796539665.000
2015-05-22,6997.620,7034.450,6888.310,7026.530,1059852432.000
2015-05-25,6989.300,7203.360,6965.410,7202.850,1072296184.000
2015-05-26,7255.980,7410.270,7196.540,7409.930,1120764432.000
2015-05-27,7443.120,7481.770,7294.830,7451.340,1096180748.000
2015-05-28,7451.540,7528.690,6990.270,6993.600,1265873016.000
2015-05-29,6984.650,7168.100,6708.680,7047.310,987291217.000
2015-06-01,7098.980,7402.930,7086.050,7402.480,925140358.000
2015-06-02,7451.600,7624.800,7408.790,7624.020,987048560.000
2015-06-03,7665.330,7691.430,7468.330,7643.010,988787299.000
2015-06-04,7650.890,7679.390,7189.750,7655.220,1046225616.000
2015-06-05,7763.040,7823.480,7576.570,7748.370,1187384644.000
2015-06-08,7766.500,7778.890,7610.080,7755.740,1245234229.000
2015-06-09,7756.000,7796.600,7629.380,7731.520,1052644384.000
2015-06-10,7667.530,7897.110,7600.200,7813.590,927375811.000
2015-06-11,7814.780,7892.230,7767.810,7891.570,890811999.000
2015-06-12,7927.390,8017.380,7897.000,7984.430,982368061.000
2015-06-15,8012.070,8018.940,7811.420,7830.240,1016522985.000
2015-06-16,7740.050,7748.180,7480.390,7549.980,881299368.000
2015-06-17,7545.870,7709.650,7334.110,7686.790,826625752.000
2015-06-18,7662.700,7702.750,7404.790,7411.900,775874171.000
2015-06-19,7252.270,7331.230,6939.900,6943.040,723184040.000
2015-06-23,6927.050,7049.030,6572.390,7048.740,746299065.000
2015-06-24,7102.390,7196.050,6989.820,7195.770,851911248.000
2015-06-25,7224.900,7237.390,6855.780,6932.390,881367944.000
2015-06-26,6711.650,6746.020,6331.780,6377.070,820381276.000
2015-06-29,6513.030,6519.880,5874.540,6044.150,987313582.000
2015-06-30,5927.900,6379.310,5693.210,6374.830,1058231157.000
2015-07-01,6294.820,6482.670,6019.170,6038.690,894228340.000
2015-07-02,6033.600,6064.560,5638.610,5725.830,868528757.000
2015-07-03,5535.230,5780.630,5294.280,5390.680,831610802.000
2015-07-06,5789.070,5789.070,5175.200,5353.860,1183551211.000
2015-07-07,5171.220,5230.360,5022.710,5145.510,908788008.000
2015-07-08,4859.060,4968.290,4832.770,4900.420,976909982.000
2015-07-09,4829.350,5166.030,4789.570,5144.130,808730791.000
2015-07-10,5211.380,5434.990,5188.120,5386.220,705816267.000
2015-07-13,5505.610,5643.350,5448.410,5598.640,831802070.000
2015-07-14,5649.460,5770.790,5549.790,5610.200,904327840.000
2015-07-15,5592.370,5614.120,5324.390,5375.380,911221570.000
2015-07-16,5293.440,5540.960,5168.300,5437.810,778512411.000
2015-07-17,5471.020,5733.790,5460.790,5691.550,754058818.000
2015-07-20,5718.520,5846.090,5658.380,5768.490,860845339.000
2015-07-21,5704.650,5876.190,5656.370,5830.520,779773615.000
2015-07-22,5821.590,5892.750,5739.410,5869.740,820418101.000
2015-07-23,5876.390,6044.360,5855.040,6026.950,890722917.000
2015-07-24,6038.910,6121.440,5897.020,5940.260,981101487.000
2015-07-27,5822.250,5956.150,5476.940,5478.880,880280512.000
2015-07-28,5243.980,5543.410,5150.570,5375.720,899885159.000
2015-07-29,5438.960,5591.850,5280.030,5590.310,698831465.000
2015-07-30,5566.200,5671.850,5412.870,5433.400,721392484.000
2015-07-31,5359.030,5485.030,5314.000,5380.010,555455644.000
2015-08-03,5302.480,5353.510,5178.120,5270.290,578457017.000
2015-08-04,5269.300,5507.720,5250.390,5507.630,589659302.000
2015-08-05,5502.360,5568.000,5398.500,5433.980,605124871.000
2015-08-06,5325.870,5470.490,5310.250,5400.550,450834696.000
2015-08-07,5451.420,5555.910,5443.840,5547.110,564233297.000
2015-08-10,5609.370,5838.960,5592.020,5811.700,782294626.000
2015-08-11,5816.040,5893.690,5776.740,5822.530,850301871.000
2015-08-12,5762.850,5850.970,5747.140,5748.500,693560719.000
2015-08-13,5726.110,5871.540,5681.570,5871.150,684577935.000
2015-08-14,5911.730,5960.020,5860.810,5898.580,761903974.000
2015-08-17,5878.680,5965.400,5828.900,5963.360,756474911.000
2015-08-18,5973.560,5984.870,5547.490,5561.440,894737007.000
2015-08-19,5400.270,5702.880,5279.700,5674.280,774958507.000
2015-08-20,5616.970,5691.620,5490.650,5490.650,647496542.000
2015-08-21,5397.410,5465.020,5199.230,5215.020,606465740.000
2015-08-24,4994.260,5017.410,4781.260,4788.040,511214008.000
2015-08-25,4463.340,4607.510,4423.780,4442.480,550842513.000
2015-08-26,4444.940,4611.550,4257.860,4334.140,759717788.000
2015-08-27,4415.820,4531.390,4282.040,4530.140,642461142.000
2015-08-28,4592.710,4770.000,4563.530,4764.940,726645060.000
2015-08-31,4724.860,4724.860,4590.200,4684.960,638431295.000
2015-09-01,4608.460,4608.460,4425.960,4529.780,658320808.000
2015-09-02,4325.370,4589.500,4317.280,4466.570,674838723.000
2015-09-07,4484.150,4598.500,4394.090,4421.330,505285479.000
2015-09-08,4386.450,4582.810,4333.480,4575.430,433422015.000
2015-09-09,4599.050,4731.520,4581.770,4701.480,655781756.000
2015-09-10,4627.710,4710.370,4609.950,4637.700,474337929.000
2015-09-11,4626.670,4689.820,4595.660,4657.690,395331580.000
2015-09-14,4685.400,4696.700,4379.270,4450.350,562348692.000
2015-09-15,4334.630,4401.950,4227.990,4245.270,429534659.000
2015-09-16,4248.880,4521.190,4233.030,4490.130,487230061.000
2015-09-17,4472.700,4589.460,4407.810,4407.810,564372188.000
2015-09-18,4434.210,4477.200,4392.670,4449.180,378383167.000
2015-09-21,4400.640,4573.520,4385.990,4570.030,444776070.000
2015-09-22,4577.650,4652.100,4556.810,4604.730,513967306.000
2015-09-23,4530.510,4591.790,4499.820,4533.300,446842310.000
2015-09-24,4551.960,4595.910,4528.270,4581.450,414664058.000
2015-09-25,4560.830,4588.700,4428.440,4463.490,440581246.000
2015-09-28,4461.400,4523.710,4401.880,4521.850,305488793.000
2015-09-29,4451.050,4490.430,4410.860,4440.560,323021439.000
2015-09-30,4462.000,4488.280,4426.410,4460.100,277621384.000
2015-10-08,4610.880,4655.810,4578.300,4615.690,440459178.000
2015-10-09,4617.300,4698.900,4605.930,4681.410,453132155.000
2015-10-12,4702.200,4899.900,4698.980,4852.990,690916632.000
2015-10-13,4816.520,4896.840,4802.780,4886.250,562416315.000
2015-10-14,4865.360,4907.030,4821.460,4829.100,563629242.000
2015-10-15,4813.270,4962.720,4813.060,4962.580,599243384.000
2015-10-16,4995.110,5040.120,4944.690,5036.520,718841314.000
2015-10-19,5053.710,5084.630,4977.960,5036.650,700302954.000
2015-10-20,5026.780,5114.450,5005.080,5114.450,622435762.000
2015-10-21,5115.550,5137.620,4830.080,4875.250,847325908.000
2015-10-22,4857.920,5015.590,4850.070,5009.160,625061400.000
2015-10-23,5038.220,5137.150,5017.560,5118.840,698806687.000
2015-10-26,5179.940,5193.790,5095.010,5151.290,726820659.000
2015-10-27,5113.870,5194.160,4971.610,5174.620,665724813.000
2015-10-28,5143.390,5195.340,5048.590,5065.550,607988774.000
2015-10-29,5094.300,5144.200,5037.450,5096.520,496047870.000
2015-10-30,5087.120,5153.800,5023.300,5090.640,516429618.000
2015-11-02,4999.050,5114.810,4981.720,4989.700,480089809.000
2015-11-03,5001.460,5031.900,4948.390,4978.490,394638586.000
2015-11-04,4999.040,5221.360,4999.040,5221.360,646921474.000
2015-11-05,5227.660,5345.910,5222.010,5274.370,943941645.000
2015-11-06,5271.790,5410.400,5270.920,5401.920,774809241.000
2015-11-09,5388.920,5517.940,5375.890,5481.530,889177804.000
2015-11-10,5447.240,5534.160,5433.370,5498.480,796871762.000
2015-11-11,5498.060,5556.440,5467.580,5551.080,711923513.000
2015-11-12,5567.670,5574.820,5475.640,5533.360,723704118.000
2015-11-13,5475.370,5520.330,5398.220,5445.360,672793476.000
2015-11-16,5349.130,5526.620,5344.580,5526.140,544380630.000
2015-11-17,5573.910,5626.600,5486.370,5497.870,757100614.000
2015-11-18,5501.220,5527.930,5405.910,5419.620,578989330.000
2015-11-19,5434.810,5542.650,5425.020,5542.250,518904865.000
2015-11-20,5555.430,5613.650,5540.100,5592.710,650317568.000
2015-11-23,5596.920,5642.680,5535.550,5554.990,652554041.000
2015-11-24,5546.480,5587.880,5483.060,5587.510,508457843.000
2015-11-25,5585.430,5669.070,5578.730,5668.740,573594131.000
2015-11-26,5692.130,5703.260,5627.650,5636.340,630238659.000
2015-11-27,5606.260,5618.210,5268.110,5306.070,692294128.000
2015-11-30,5306.750,5363.230,5093.790,5330.910,599009694.000
2015-12-01,5325.230,5400.390,5289.350,5345.860,498413854.000
2015-12-02,5335.140,5404.530,5244.840,5402.580,541809414.000
2015-12-03,5397.420,5497.220,5394.990,5496.620,509783620.000
2015-12-04,5466.670,5500.760,5409.760,5439.650,494389109.000
2015-12-07,5448.920,5493.100,5415.020,5488.940,432943606.000
2015-12-08,5461.220,5461.220,5377.240,5385.930,463267358.000
2015-12-09,5364.560,5419.570,5350.640,5384.630,407651420.000
2015-12-10,5381.190,5431.960,5359.120,5371.410,408224437.000
2015-12-11,5349.120,5376.280,5305.230,5335.840,367037256.000
2015-12-14,5284.550,5456.950,5277.610,5456.510,423002424.000
2015-12-15,5458.000,5505.550,5456.540,5484.630,421881735.000
2015-12-16,5501.340,5536.470,5487.260,5503.520,421467438.000
2015-12-17,5537.950,5635.260,5537.950,5635.120,603484342.000
2015-12-18,5632.990,5670.170,5608.740,5633.020,567628273.000
2015-12-21,5622.840,5731.730,5619.480,5722.030,589984223.000
2015-12-22,5733.230,5760.520,5692.410,5760.290,542063475.000
2015-12-23,5762.750,5788.640,5702.420,5711.290,598689201.000
2015-12-24,5697.330,5711.290,5607.670,5685.580,451130679.000
2015-12-25,5692.000,5729.410,5680.420,5716.560,404297409.000
2015-12-28,5732.990,5744.100,5576.040,5576.040,536046706.000
2015-12-29,5567.890,5631.840,5535.130,5631.470,388042864.000
2015-12-30,5638.660,5670.520,5609.000,5670.350,410883867.000
2015-12-31,5669.190,5683.650,5592.020,5592.640,390388343.000
2016-01-04,5585.080,5586.900,5156.690,5157.980,380269294.000
2016-01-05,4943.770,5186.410,4927.810,5101.970,549496015.000
2016-01-06,5118.370,5220.120,5086.380,5219.810,481736298.000
2016-01-07,5125.780,5125.780,4801.310,4809.710,138351715.000
2016-01-08,4919.260,4969.670,4649.650,4874.650,556961291.000
2016-01-11,4773.980,4831.730,4571.970,4571.970,522768689.000
2016-01-12,4577.600,4631.530,4495.530,4583.360,416364784.000
2016-01-13,4611.390,4646.610,4446.670,4446.670,393191082.000
2016-01-14,4311.830,4586.470,4307.320,4578.460,431253235.000
2016-01-15,4544.460,4583.620,4393.700,4420.990,409530687.000
2016-01-18,4335.530,4526.780,4333.790,4478.990,349268196.000
2016-01-19,4473.890,4640.150,4460.140,4634.160,426516776.000
2016-01-20,4604.960,4658.880,4548.460,4583.390,434742064.000
2016-01-21,4513.890,4625.180,4414.230,4414.230,388719773.000
2016-01-22,4462.950,4498.520,4354.610,4474.630,326952266.000
2016-01-25,4506.000,4548.310,4469.870,4514.420,308625878.000
2016-01-26,4463.500,4473.550,4197.150,4204.880,414229859.000
2016-01-27,4217.000,4231.820,3993.110,4169.190,426320148.000
2016-01-28,4121.170,4169.690,3997.540,4013.120,330263769.000
2016-01-29,4005.650,4187.460,3996.010,4154.910,357826929.000
2016-02-01,4143.350,4162.610,4040.620,4097.080,301337622.000
2016-02-02,4098.840,4229.460,4098.840,4218.690,317642453.000
2016-02-03,4171.310,4238.750,4143.540,4224.520,298079433.000
2016-02-04,4239.910,4318.150,4239.910,4299.540,340899288.000
2016-02-05,4303.760,4315.640,4259.970,4261.110,278454959.000
2016-02-15,4131.590,4275.750,4129.360,4252.900,258285480.000
2016-02-16,4274.070,4420.940,4274.070,4412.030,387626765.000
2016-02-17,4406.930,4469.990,4387.260,4465.170,437152073.000
2016-02-18,4491.840,4510.860,4445.220,4453.400,442974882.000
2016-02-19,4440.520,4489.520,4425.490,4466.160,343337174.000
2016-02-22,4518.580,4566.980,4500.020,4561.690,456868464.000
2016-02-23,4561.780,4568.820,4473.210,4528.730,416084395.000
2016-02-24,4509.370,4557.520,4456.580,4550.350,424679078.000
2016-02-25,4540.580,4540.610,4210.430,4227.460,527042777.000
2016-02-26,4258.150,4278.610,4158.830,4241.590,388031989.000
2016-02-29,4220.940,4220.990,3998.710,4056.610,406386641.000
2016-03-01,4059.910,4167.450,4012.130,4140.270,386763830.000
2016-03-02,4136.880,4336.520,4136.360,4330.470,528810359.000
2016-03-03,4330.510,4397.290,4321.140,4341.000,564389572.000
2016-03-04,4322.010,4351.110,4209.610,4280.620,561842761.000
2016-03-07,4314.120,4373.220,4301.120,4343.780,407954882.000
2016-03-08,4338.120,4361.700,4190.420,4361.630,455440174.000
2016-03-09,4265.540,4314.580,4235.090,4283.770,355452899.000
2016-03-10,4274.460,4304.380,4205.850,4207.430,282772319.000
2016-03-11,4166.650,4224.130,4148.730,4203.890,247904029.000
2016-03-14,4243.530,4366.070,4243.320,4317.670,391793035.000
2016-03-15,4307.040,4322.790,4262.340,4303.370,326928122.000
2016-03-16,4316.660,4332.680,4269.270,4287.420,336997801.000
2016-03-17,4300.750,4412.900,4289.560,4392.540,423554893.000
2016-03-18,4411.650,4536.890,4407.190,4514.160,617682964.000
2016-03-21,4564.140,4631.830,4557.460,4631.230,675802454.000
2016-03-22,4596.690,4644.950,4575.150,4610.200,537528643.000
2016-03-23,4595.530,4643.450,4579.910,4643.030,453842677.000
2016-03-24,4603.390,4645.230,4564.170,4570.480,494933517.000
2016-03-25,4560.220,4607.360,4548.810,4600.650,375107595.000
2016-03-28,4622.250,4659.560,4554.890,4568.760,430428548.000
2016-03-29,4563.940,4571.940,4467.170,4496.180,378647373.000
2016-03-30,4534.300,4641.470,4534.300,4641.470,430163988.000
2016-03-31,4661.100,4689.750,4635.620,4650.480,459469999.000
2016-04-01,4634.780,4650.100,4560.760,4639.560,411219923.000
2016-04-05,4636.620,4745.400,4626.190,4738.230,506969420.000
2016-04-06,4718.460,4757.590,4703.210,4749.750,481512840.000
2016-04-07,4762.480,4770.340,4677.820,4677.990,471934689.000
2016-04-08,4641.500,4656.760,4590.120,4640.200,398107274.000
2016-04-11,4680.420,4749.320,4680.420,4725.520,453315120.000
2016-04-12,4720.710,4730.740,4654.310,4698.080,386951477.000
2016-04-13,4724.970,4816.350,4724.970,4763.060,606668323.000
2016-04-14,4786.990,4802.440,4751.440,4802.240,436631407.000
2016-04-15,4805.430,4813.770,4775.070,4799.420,396780637.000
2016-04-18,4768.420,4768.420,4709.070,4732.400,381065919.000
2016-04-19,4754.160,4766.630,4718.330,4748.910,335874156.000
2016-04-20,4761.030,4768.380,4493.230,4585.190,572422949.000
2016-04-21,4559.770,4613.950,4537.220,4541.680,393091924.000
2016-04-22,4510.830,4573.460,4502.360,4573.180,299097447.000
2016-04-25,4557.710,4566.050,4500.380,4552.140,271062574.000
2016-04-26,4546.950,4595.620,4537.050,4595.400,262024445.000
2016-04-27,4600.230,4623.830,4572.660,4579.560,291051520.000
2016-04-28,4580.440,4587.850,4504.120,4568.660,300101882.000
2016-04-29,4550.840,4587.610,4544.330,4564.670,242466044.000
2016-05-03,4566.710,4677.570,4549.670,4677.330,363515860.000
2016-05-04,4661.310,4704.640,4655.270,4676.390,357973875.000
2016-05-05,4668.440,4699.840,4654.630,4696.780,309988630.000
2016-05-06,4698.310,4709.040,4537.490,4537.640,449745638.000
2016-05-09,4500.470,4500.470,4372.870,4391.480,369743439.000
2016-05-10,4376.960,4408.820,4365.400,4387.490,248489905.000
2016-05-11,4408.770,4424.680,4357.460,4377.840,279984051.000
2016-05-12,4327.430,4379.580,4271.860,4378.540,283125904.000
2016-05-13,4364.520,4409.320,4342.080,4363.050,248617791.000
2016-05-16,4349.200,4421.170,4330.830,4420.870,255365457.000
2016-05-17,4421.920,4448.500,4388.260,4411.970,292403028.000
2016-05-18,4380.250,4380.280,4281.040,4325.800,307390089.000
2016-05-19,4319.210,4382.690,4318.960,4337.450,259359540.000
2016-05-20,4307.440,4374.430,4294.080,4374.190,250295351.000
2016-05-23,4379.840,4422.090,4379.760,4418.140,279757920.000
2016-05-24,4411.070,4411.130,4352.940,4377.670,259104959.000
2016-05-25,4403.590,4421.660,4352.060,4366.370,246855017.000
2016-05-26,4358.410,4381.420,4292.610,4381.210,271129133.000
2016-05-27,4371.650,4402.920,4359.840,4378.090,259709988.000
2016-05-30,4359.690,4394.400,4325.350,4368.690,236136356.000
2016-05-31,4372.310,4532.850,4372.310,4532.850,457071314.000
2016-06-01,4538.420,4572.750,4534.340,4545.760,440197917.000
2016-06-02,4540.290,4574.870,4536.580,4574.870,377779867.000
2016-06-03,4579.550,4618.540,4562.790,4597.340,409784861.000
2016-06-06,4606.840,4615.650,4574.700,4599.420,338147671.000
2016-06-07,4601.560,4604.990,4577.440,4601.100,318917672.000
2016-06-08,4593.240,4608.980,4552.600,4587.390,338221298.000
2016-06-13,4532.460,4560.170,4400.920,4401.320,388621428.000
2017-03-22,4928.780,4945.200,4901.870,4927.750,340816663.000
2017-03-23,4929.450,4952.000,4891.500,4936.260,345278823.000
2017-03-24,4935.990,4969.780,4928.960,4962.370,377099760.000
2017-03-27,4961.580,4974.370,4942.100,4946.990,352564521.000
2017-03-28,4945.490,4950.640,4923.880,4934.170,295552522.000
2017-03-29,4936.120,4945.520,4904.520,4915.450,372985400.000
2017-03-30,4907.270,4911.260,4833.020,4844.460,429003136.000
2017-03-31,4841.940,4864.980,4839.070,4863.510,332075774.000
2017-04-05,4889.740,4949.590,4889.740,4949.590,425133170.000
2017-04-06,4956.180,4971.830,4944.960,4965.080,415483274.000
2017-04-07,4963.980,4982.470,4953.820,4970.400,419812552.000
2017-04-10,4967.400,4967.500,4937.380,4942.590,444716236.000
2017-04-11,4939.330,4974.270,4896.600,4972.470,521181309.000
2017-04-12,4967.910,4971.520,4936.550,4944.720,504515180.000
2017-04-13,4934.470,4966.640,4930.040,4958.740,395883550.000
2017-04-14,4959.170,4959.770,4893.200,4901.230,415498459.000
2017-04-17,4883.250,4883.250,4833.440,4858.680,387460632.000
2017-04-18,4852.830,4873.970,4824.510,4824.730,351809960.000
2017-04-19,4806.730,4810.930,4735.910,4780.790,385387738.000
2017-04-20,4777.030,4798.000,4748.110,4780.830,342402236.000
2017-04-21,4779.510,4796.390,4756.380,4768.250,292332311.000
2017-04-24,4755.390,4755.390,4659.230,4671.020,326777880.000
2017-04-25,4668.970,4708.670,4662.540,4686.410,288596368.000
2017-04-26,4684.550,4714.160,4683.320,4696.710,314259029.000
2017-04-27,4683.770,4714.880,4617.310,4709.190,388128553.000
2017-04-28,4697.510,4718.130,4691.400,4718.130,306664806.000
2017-05-02,4707.490,4719.240,4695.930,4713.020,294315119.000
2017-05-03,4705.780,4720.100,4681.520,4698.040,308745646.000
2017-05-04,4685.680,4717.770,4664.430,4684.750,329065794.000
2017-05-05,4669.990,4674.530,4636.340,4637.680,317362958.000
2017-05-08,4622.640,4627.680,4572.790,4573.670,323830993.000
2017-05-09,4553.500,4586.960,4530.430,4585.070,252518007.000
2017-05-10,4582.910,4606.050,4527.960,4528.310,290788326.000
2017-05-11,4504.330,4528.160,4440.580,4526.130,339286832.000
2017-05-12,4516.600,4549.850,4505.700,4540.470,275393619.000
2017-05-15,4548.990,4570.290,4548.990,4557.810,246322772.000
2017-05-16,4548.480,4626.590,4520.720,4626.380,336497845.000
2017-05-17,4621.030,4648.000,4618.170,4622.530,333744688.000
2017-05-18,4589.650,4624.790,4580.920,4597.100,284523741.000
2017-05-19,4594.570,4607.840,4580.190,4599.610,251664426.000
2017-05-22,4593.630,4614.910,4544.280,4562.410,288152271.000
2017-05-23,4552.960,4565.900,4502.020,4505.600,324217252.000
2017-05-24,4484.370,4517.700,4436.950,4517.700,264175003.000
2017-05-25,4507.110,4578.990,4491.500,4574.750,340726480.000
2017-05-26,4568.130,4590.650,4562.390,4569.970,290289426.000
2017-05-31,4600.120,4614.270,4569.670,4572.150,284422517.000
2017-06-01,4560.760,4564.910,4518.020,4519.040,293499787.000
2017-06-02,4506.960,4543.100,4475.540,4536.550,268893347.000
2017-06-05,4535.320,4552.360,4535.220,4545.590,248648701.000
2017-06-06,4539.390,4570.670,4532.980,4570.620,223682197.000
2017-06-07,4570.460,4645.410,4567.810,4644.840,341025435.000
2017-06-08,4642.180,4666.110,4638.440,4662.670,308549509.000
2017-06-09,4659.520,4677.370,4652.420,4674.940,303158397.000
2017-06-12,4659.760,4680.510,4635.310,4641.120,287056966.000
2017-06-13,4633.750,4682.400,4633.310,4679.130,267615432.000
2017-06-14,4670.130,4675.770,4643.030,4649.450,284543142.000
2017-06-15,4642.670,4675.460,4639.100,4672.080,306688214.000
2017-06-16,4666.950,4677.050,4657.270,4661.430,271039332.000
2017-06-19,4660.500,4698.860,4660.500,4698.600,268542379.000
2017-06-20,4704.670,4711.510,4690.310,4697.380,297670565.000
2017-06-21,4711.970,4725.150,4688.620,4725.040,285526904.000
2017-06-22,4720.180,4751.870,4685.640,4685.720,364494671.000
2017-06-23,4676.050,4708.710,4643.260,4708.620,310397672.000
2017-06-26,4710.440,4769.290,4710.440,4768.790,337629163.000
2017-06-27,4766.700,4780.000,4750.450,4776.660,292190933.000
2017-06-28,4764.790,4768.580,4738.950,4743.920,284442861.000
2017-06-29,4746.380,4769.580,4746.380,4768.110,263710251.000
2017-06-30,4752.780,4774.480,4741.610,4772.140,248792370.000
2017-07-03,4773.500,4781.390,4749.290,4781.390,280445338.000
2017-07-04,4777.130,4777.130,4745.080,4755.130,283152721.000
2017-07-05,4747.690,4798.720,4742.950,4798.550,297366040.000
2017-07-06,4793.710,4808.660,4763.920,4802.650,354604651.000
2017-07-07,4789.080,4809.030,4778.550,4808.630,346705578.000
2017-07-10,4800.460,4816.100,4787.120,4794.940,384223159.000
2017-07-11,4785.990,4816.980,4774.240,4774.450,353225806.000
2017-07-12,4772.370,4786.950,4729.080,4765.290,355492311.000
2017-07-13,4761.490,4790.810,4757.110,4784.510,349282214.000
2017-07-14,4777.170,4784.760,4758.210,4781.470,302185027.000
2017-07-17,4770.070,4771.450,4613.020,4637.950,483379566.000
2017-07-18,4617.420,4662.600,4598.760,4662.570,346098892.000
2017-07-19,4654.420,4738.990,4650.490,4738.170,461722324.000
2017-07-20,4733.000,4770.930,4730.050,4762.310,414271941.000
2017-07-21,4751.850,4768.900,4746.750,4754.610,366369861.000
2017-07-24,4747.630,4785.530,4743.750,4778.460,409668829.000
2017-07-25,4774.550,4784.510,4741.270,4758.420,366594139.000
2017-07-26,4759.890,4772.230,4725.270,4749.990,386598189.000
2017-07-27,4743.130,4784.180,4718.390,4780.150,455062463.000
2017-07-28,4769.820,4795.590,4765.380,4790.230,370242322.000
2017-07-31,4789.610,4825.740,4783.220,4823.000,460271492.000
2017-08-01,4822.730,4843.280,4817.310,4843.140,449409494.000
2017-08-02,4840.480,4853.010,4817.000,4818.700,492434991.000
2017-08-03,4810.080,4833.800,4792.990,4807.260,438643544.000
2017-08-04,4803.940,4822.230,4782.680,4782.950,490898142.000
2017-08-07,4777.270,4817.520,4770.770,4817.340,403548971.000
2017-08-08,4815.870,4833.850,4807.130,4826.820,457277998.000
2017-08-09,4822.610,4836.460,4808.350,4836.050,426521958.000
2017-08-10,4826.200,4844.330,4771.320,4806.040,436544220.000
2017-08-11,4771.700,4787.570,4717.200,4720.920,460663535.000
2017-08-14,4724.210,4798.020,4724.210,4798.020,374231972.000
2017-08-15,4798.850,4819.540,4792.420,4814.080,352586219.000
2017-08-16,4808.730,4825.530,4785.030,4819.960,372325364.000
2017-08-17,4825.150,4852.950,4821.630,4852.560,406025281.000
2017-08-18,4828.320,4856.090,4819.350,4845.860,369145792.000
2017-08-21,4852.250,4876.050,4852.250,4875.810,352210833.000
2017-08-22,4876.330,4882.120,4857.040,4869.000,355966972.000
2017-08-23,4861.320,4873.470,4839.090,4854.160,326838275.000
2017-08-24,4853.280,4858.150,4816.680,4824.600,299341269.000
2017-08-25,4823.850,4888.520,4823.850,4887.110,353005695.000
2017-08-28,4893.950,4962.090,4893.950,4944.070,460335730.000
2017-08-29,4940.790,4951.590,4924.270,4934.650,393148211.000
2017-08-30,4932.930,4955.900,4932.930,4946.830,418433519.000
2017-08-31,4947.070,4952.970,4920.910,4947.920,396819648.000
2017-09-01,4951.630,4976.320,4951.630,4972.250,487600103.000
2017-09-04,4971.560,4997.260,4958.690,4996.980,490239142.000
2017-09-05,4994.980,5009.090,4982.810,5005.270,412222839.000
2017-09-06,4991.160,5015.490,4981.740,5014.380,434926912.000
2017-09-07,5014.810,5025.500,4987.160,4989.180,440203092.000
2017-09-08,4987.700,5010.270,4970.770,4993.190,387804567.000
2017-09-11,4994.400,5021.800,4986.890,5018.190,419322001.000
2017-09-12,5024.810,5049.520,5008.110,5020.050,538456559.000
2017-09-13,5015.420,5035.890,5004.000,5035.300,388019021.000
2017-09-14,5036.010,5047.460,5007.680,5023.950,433690470.000
2017-09-15,5017.640,5026.190,4994.530,5010.150,421395899.000
2017-09-18,5008.260,5040.930,5008.260,5036.710,372949029.000
2017-09-19,5041.190,5048.000,5003.200,5018.540,382039289.000
2017-09-20,5014.490,5047.990,5008.490,5046.250,388629153.000
2017-09-21,5045.180,5052.150,5014.210,5014.240,394709091.000
2017-09-22,4999.690,5007.230,4980.030,5001.320,349480623.000
2017-09-25,4991.820,4997.230,4948.650,4953.990,332005055.000
2017-09-26,4946.870,4962.080,4939.780,4962.040,278553827.000
2017-09-27,4961.070,4990.900,4961.030,4983.230,293691009.000
2017-09-28,4980.990,4989.910,4972.360,4973.820,311390269.000
2017-09-29,4977.920,5008.250,4977.920,5002.550,303400337.000
2017-10-09,5074.960,5086.270,5051.260,5060.320,385346767.000
2017-10-10,5059.870,5082.880,5041.530,5082.460,368879144.000
2017-10-11,5080.110,5093.790,5072.290,5080.570,383425936.000
2017-10-12,5077.310,5086.100,5054.210,5081.270,336920955.000
2017-10-13,5080.090,5103.960,5077.800,5100.550,312720115.000
2017-10-16,5101.800,5104.470,5048.560,5049.980,384228837.000
2017-10-17,5101.800,5104.470,5048.560,5049.980,384228837.000
2017-10-18,5048.340,5064.300,5032.950,5044.090,312788716.000
2017-10-19,5038.460,5043.770,5003.140,5010.820,319093798.000
2017-10-20,4999.850,5037.260,4997.040,5036.930,251529858.000
2017-10-23,5039.220,5056.040,5033.620,5054.900,264012480.000
2017-10-24,5049.170,5061.910,5040.050,5061.880,273988408.000
2017-10-25,5058.690,5090.440,5055.030,5089.700,261448314.000
2017-10-26,5089.200,5123.070,5082.560,5109.780,343251778.000
2017-10-27,5106.410,5119.510,5097.490,5109.680,325216661.000
2017-10-30,5105.480,5113.540,4999.850,5045.260,403577646.000
2017-10-31,5032.690,5062.760,5026.760,5062.090,288977422.000
2017-11-01,5062.480,5085.430,5048.890,5055.370,320633621.000
2017-11-02,5049.770,5049.840,5012.670,5026.970,322256487.000
2017-11-03,5021.500,5030.070,4973.400,5003.170,328959715.000
2017-11-06,5001.190,5047.510,4984.060,5047.010,310288500.000
2017-11-07,5046.940,5082.260,5044.650,5081.410,357736631.000
2017-11-08,5077.080,5118.010,5072.470,5083.470,367373010.000
2017-11-09,5079.650,5117.080,5078.940,5116.790,321254362.000
2017-11-10,5110.450,5150.060,5105.390,5145.690,368843385.000
2017-11-13,5148.710,5163.510,5143.580,5159.420,392182112.000
2017-11-14,5158.520,5162.950,5105.200,5122.520,385507318.000
2017-11-15,5106.570,5120.440,5062.650,5082.260,323821142.000
2017-11-16,5072.270,5109.920,5067.070,5100.840,314446562.000
2017-11-17,5091.220,5105.060,5021.800,5026.990,455994461.000
2017-11-20,4997.350,5055.510,4940.790,5055.080,337879135.000
2017-11-21,5043.170,5104.020,5039.040,5102.290,374838091.000
2017-11-22,5108.670,5137.200,5065.690,5105.440,388957469.000
2017-11-23,5092.540,5092.540,4962.050,4970.200,388671290.000
2017-11-24,4953.440,4987.400,4934.530,4973.510,300178528.000
2017-11-27,4960.586,4960.671,4904.904,4912.660,309076734.000
2017-11-28,4900.326,4952.678,4894.096,4952.678,263428980.000
2017-11-29,4955.528,4962.373,4900.806,4957.894,331888158.000
2017-11-30,4940.940,4958.114,4897.816,4913.700,285392952.000
2017-12-01,4910.289,4947.482,4898.527,4929.917,267650328.000
2017-12-04,4922.148,4950.379,4915.248,4921.594,280982909.000
2017-12-05,4909.578,4929.146,4861.658,4874.017,362008011.000
2017-12-06,4859.421,4878.915,4808.804,4878.726,289033625.000
2017-12-07,4866.151,4881.788,4833.906,4845.479,248641670.000
2017-12-08,4837.394,4899.456,4835.667,4889.232,258164302.000
2017-12-11,4894.115,4956.635,4894.115,4956.475,279260000.000
2017-12-12,4954.522,4954.976,4902.240,4902.422,264545144.000
2017-12-13,4897.193,4939.781,4892.917,4939.438,236149923.000
2017-12-14,4937.955,4946.291,4911.614,4927.612,254416505.000
2017-12-15,4919.760,4922.710,4877.710,4889.440,276286388.000
2017-12-18,4887.508,4905.615,4857.738,4876.228,244425225.000
2017-12-19,4875.502,4922.363,4875.437,4922.094,235130549.000
2017-12-20,4920.104,4922.601,4884.051,4896.186,266478326.000
2017-12-21,4887.881,4938.602,4863.074,4926.175,273573988.000
2017-12-22,4921.982,4935.151,4909.243,4915.802,238078203.000
2017-12-25,4916.045,4929.820,4864.259,4878.307,273267111.000
2017-12-26,4875.244,4900.523,4848.296,4899.359,260255296.000
2017-12-27,4891.857,4895.909,4845.142,4848.962,291646339.000
2017-12-28,4846.123,4890.179,4835.928,4873.339,311670346.000
2017-12-29,4875.070,4899.290,4872.180,4898.900,261867241.000
2018-01-02,4911.064,4959.422,4911.064,4959.103,349648452.000
2018-01-03,4960.954,5010.409,4956.959,4995.413,392342875.000
2018-01-04,4993.907,5017.463,4987.323,5013.848,366794964.000
2018-01-05,5015.101,5031.604,5005.342,5020.490,383455655.000
2018-01-08,5020.099,5038.979,5001.352,5038.763,421555279.000
2018-01-09,5034.850,5054.990,5030.390,5054.530,355266481.000
2018-01-10,5052.210,5058.430,5013.080,5049.200,386036948.000
2018-01-11,5037.240,5063.030,5025.290,5058.450,344569866.000
2018-01-12,5054.940,5069.290,5040.230,5057.910,340165297.000
2018-01-15,5054.870,5060.910,4984.900,4996.060,434454607.000
2018-01-16,4986.030,5030.760,4985.290,5030.060,382511857.000
2018-01-17,5026.000,5031.650,4984.620,5016.000,447977682.000
2018-01-18,5017.360,5046.510,5013.680,5035.340,354501534.000
2018-01-19,5040.220,5070.860,5024.040,5036.990,410258589.000
2018-01-22,5027.360,5092.170,5025.140,5091.000,380693202.000
2018-01-23,5095.160,5121.690,5092.620,5121.190,397109866.000
2018-01-24,5122.330,5140.030,5097.610,5139.490,443962307.000
2018-01-25,5131.200,5151.540,5112.620,5120.390,435909270.000
2018-01-26,5107.010,5142.880,5104.960,5126.610,381243516.000
2018-01-29,5128.310,5134.040,5035.600,5048.670,417915406.000
2018-01-30,5034.780,5055.500,5011.360,5017.210,328452093.000
2018-01-31,4990.070,5007.040,4950.680,4974.350,381977152.000
2018-02-01,4969.130,4980.330,4849.600,4864.460,465034317.000
2018-02-02,4826.250,4875.160,4767.740,4874.810,375039040.000
2018-02-05,4805.650,4873.180,4796.100,4868.810,351446525.000
2018-02-06,4774.250,4797.900,4677.850,4680.830,460232754.000
2018-02-07,4748.550,4764.220,4601.420,4627.100,428830293.000
2018-02-08,4604.270,4664.870,4593.460,4629.540,339212393.000
2018-02-09,4511.390,4525.850,4385.520,4457.460,432104164.000
2018-02-12,4469.060,4555.270,4461.650,4540.010,284216035.000
2018-02-13,4570.740,4623.520,4569.530,4574.790,279261401.000
2018-02-14,4580.770,4603.240,4557.840,4600.610,190196681.000
2018-02-22,4646.820,4694.240,4640.920,4692.030,263483267.000
2018-02-23,4697.570,4719.260,4671.270,4709.730,272764319.000
2018-02-26,4732.580,4793.570,4704.640,4787.200,371356788.000
2018-02-27,4787.890,4788.410,4746.050,4752.890,354132273.000
2018-02-28,4713.500,4761.310,4687.500,4739.070,323369093.000
2018-03-01,4709.210,4782.910,4700.270,4782.650,332962681.000
2018-03-02,4748.110,4778.420,4741.850,4751.940,318853105.000
2018-03-05,4758.300,4772.150,4733.800,4761.900,285629516.000
2018-03-06,4774.850,4817.580,4754.270,4816.920,381066696.000
2018-03-07,4811.680,4831.290,4774.950,4781.960,326257873.000
2018-03-08,4779.320,4823.070,4775.950,4822.680,296073720.000
2018-03-09,4829.110,4878.080,4825.170,4876.460,378884605.000
2018-03-12,4898.100,4923.570,4895.730,4923.430,443863387.000
2018-03-13,4917.890,4922.890,4887.460,4889.920,384216558.000
2018-03-14,4872.890,4885.100,4852.050,4854.000,335887402.000
2018-03-15,4836.840,4866.130,4820.440,4860.070,315631749.000
2018-03-16,4859.840,4876.200,4828.500,4828.500,295453671.000
2018-03-19,4824.500,4851.950,4804.270,4843.590,287836321.000
2018-03-20,4809.710,4852.660,4800.530,4851.730,298898551.000
2018-03-21,4864.880,4889.060,4814.800,4825.000,349426984.000
2018-03-22,4824.490,4842.260,4773.660,4796.100,308774001.000
2018-03-23,4653.470,4694.480,4540.420,4604.900,533601162.000
2018-03-26,4549.310,4627.630,4512.060,4627.560,364165969.000
2018-03-27,4675.120,4712.350,4665.800,4703.100,393200001.000
2018-03-28,4647.520,4701.050,4638.750,4643.250,350134400.000
2018-03-29,4656.080,4706.690,4616.710,4693.300,344906666.000
2018-03-30,4698.700,4737.590,4693.150,4731.030,345726181.000
2018-04-02,4736.320,4765.690,4723.690,4732.830,396245913.000
2018-04-03,4679.670,4704.490,4663.370,4695.690,341271495.000
2018-04-04,4709.010,4730.810,4673.510,4676.610,320553956.000
2018-04-09,4665.420,4695.230,4633.020,4677.970,305605969.000
2018-04-10,4683.530,4728.300,4669.130,4728.030,343776457.000
2018-04-11,4737.840,4764.150,4735.050,4747.470,345466556.000
2018-04-12,4741.350,4748.630,4708.040,4711.480,298145451.000
2018-04-13,4732.330,4744.410,4682.880,4688.620,269909814.000
2018-04-16,4678.180,4686.690,4614.330,4643.920,323829784.000
2018-04-17,4650.200,4660.380,4554.820,4558.220,329718100.000
2018-04-18,4591.420,4605.010,4504.750,4598.060,355584527.000
2018-04-19,4599.900,4654.770,4594.330,4634.660,345591652.000
2018-04-20,4619.600,4634.600,4550.950,4556.710,333677435.000
2018-04-23,4551.840,4579.960,4497.580,4537.200,297688631.000
2018-04-24,4538.010,4632.400,4538.010,4632.400,336453019.000
2018-04-25,4609.940,4636.410,4605.370,4630.340,293551609.000
2018-04-26,4623.210,4626.630,4540.050,4543.780,304703154.000
2018-04-27,4558.860,4569.210,4511.110,4548.420,281720227.000
2018-05-02,4555.730,4577.470,4520.230,4546.120,281775814.000
2018-05-03,4536.400,4584.810,4500.720,4584.600,301577095.000
2018-05-04,4572.460,4594.160,4566.630,4571.400,254674357.000
2018-05-07,4578.340,4647.110,4577.760,4647.060,297665429.000
2018-05-08,4648.020,4691.160,4647.010,4685.090,312790803.000
2018-05-09,4680.160,4687.720,4659.200,4679.340,274631465.000
2018-05-10,4688.230,4701.830,4669.430,4701.330,296888414.000
2018-05-11,4707.510,4709.140,4666.020,4666.500,293983431.000
2018-05-14,4671.010,4695.300,4661.690,4675.590,281907160.000
2018-05-15,4682.650,4708.220,4658.840,4707.890,265311158.000
2018-05-16,4692.190,4715.060,4676.990,4681.090,277731149.000
2018-05-17,4680.420,4684.140,4645.800,4653.770,247220812.000
2018-05-18,4648.990,4685.960,4632.340,4685.900,272622565.000
2018-05-21,4710.630,4734.620,4709.390,4726.070,334360411.000
2018-05-22,4722.180,4727.420,4696.520,4727.240,299302583.000
2018-05-23,4716.220,4716.220,4670.000,4670.020,319771118.000
2018-05-24,4668.200,4676.610,4642.730,4646.790,263028095.000
2018-05-25,4642.090,4651.080,4604.640,4614.470,281125885.000
2018-05-28,4610.660,4635.340,4578.790,4609.740,277928553.000
2018-05-29,4600.570,4625.350,4570.840,4572.150,285549453.000
2018-05-30,4511.750,4520.340,4451.980,4454.460,329717698.000
2018-05-31,4484.300,4535.130,4465.470,4533.670,294563771.000
2018-06-01,4516.110,4535.960,4466.420,4488.920,272880180.000
2018-06-04,4499.970,4517.850,4483.080,4505.850,244817769.000
2018-06-05,4506.950,4564.670,4506.200,4564.620,254590160.000
2018-06-06,4558.810,4571.260,4550.330,4562.440,247103660.000
2018-06-07,4572.580,4577.750,4539.440,4542.530,256772760.000
2018-06-08,4531.530,4531.650,4459.460,4486.630,269203897.000
2018-06-11,4475.160,4489.160,4450.390,4468.840,229133389.000
2018-06-12,4470.910,4517.340,4439.460,4515.120,244714435.000
2018-06-13,4502.640,4504.120,4453.970,4457.360,244651041.000
2018-06-14,4441.530,4482.220,4426.010,4439.190,232217408.000
2018-06-15,4430.910,4445.970,4361.810,4380.660,289178804.000
2018-06-19,4315.010,4321.570,4117.000,4161.510,427752817.000
2018-06-20,4136.560,4209.280,4112.580,4192.050,298864909.000
2018-06-21,4187.480,4227.930,4117.930,4120.400,311153793.000
2018-06-22,4090.500,4158.530,4063.770,4157.460,262876929.000
2018-06-25,4180.890,4189.490,4116.980,4118.830,256220021.000
2018-06-26,4070.080,4125.610,4049.930,4117.620,273824032.000
2018-06-27,4113.860,4129.590,4041.850,4059.230,267454810.000
2018-06-28,4040.180,4076.970,4011.520,4016.750,253450913.000
2018-06-29,4022.380,4128.290,4016.300,4127.950,288957138.000
2018-07-02,4122.270,4131.750,4010.430,4039.640,301160306.000
2018-07-03,4040.210,4065.270,3957.250,4064.370,320250030.000
2018-07-04,4048.380,4061.740,3992.060,4002.470,277524804.000
2018-07-05,3997.660,4024.500,3931.400,3936.300,277477862.000
2018-07-06,3937.450,3997.750,3873.010,3956.620,304936926.000
2018-07-09,3966.820,4054.600,3966.820,4054.380,269691466.000
2018-07-10,4058.780,4075.140,4038.500,4073.250,263625784.000
2018-07-11,4003.590,4021.040,3950.510,3994.520,288294140.000
2018-07-12,3988.860,4103.000,3988.860,4089.320,339809361.000
2018-07-13,4093.360,4110.810,4082.970,4105.060,287165586.000
2018-07-16,4099.870,4115.750,4074.800,4092.130,260425946.000
2018-07-17,4085.710,4085.710,4040.350,4081.080,251037914.000
2018-07-18,4085.600,4107.120,4058.150,4058.650,282355110.000
2018-07-19,4063.490,4085.240,4023.680,4036.140,263136359.000
2018-07-20,4031.380,4107.890,4004.200,4096.520,301927025.000
2018-07-23,4073.590,4130.170,4064.200,4130.120,357727337.000
2018-07-24,4132.440,4204.380,4132.440,4196.100,454118125.000
2018-07-25,4200.690,4209.590,4184.260,4196.990,363262424.000
2018-07-26,4199.380,4209.650,4155.420,4164.490,377041245.000
2018-07-27,4160.920,4171.500,4134.930,4144.360,318491111.000
2018-07-30,4140.600,4159.470,4088.660,4112.020,314412824.000
2018-07-31,4106.230,4125.770,4091.510,4114.430,253302468.000
2018-08-01,4124.930,4143.200,4041.180,4041.440,305485918.000
2018-08-02,4026.770,4026.770,3879.380,3950.320,364338975.000
2018-08-03,4707.510,4709.140,4666.020,4666.500,293983432.000
2018-08-06,4707.510,4709.140,4666.020,4666.500,293983432.000
2018-08-07,4707.510,4709.140,4666.020,4666.500,293983432.000
2018-08-08,4707.510,4709.140,4666.020,4666.500,293983432.000
2018-08-09,4707.510,4709.140,4666.020,4666.500,293983432.000
2018-08-10,4707.510,4709.140,4666.020,4666.500,293983432.000
2018-08-13,4707.510,4709.140,4666.020,4666.500,293983432.000
2018-08-14,4707.510,4709.140,4666.020,4666.500,293983432.000
2018-08-15,4707.510,4709.140,4666.020,4666.500,293983432.000
2018-08-16,4707.510,4709.140,4666.020,4666.500,293983432.000
2018-08-17,4707.510,4709.140,4666.020,4666.500,293983432.000
2018-08-20,4707.510,4709.140,4666.020,4666.500,293983432.000
2018-08-21,4707.510,4709.140,4666.020,4666.500,293983432.000
2018-08-22,4707.510,4709.140,4666.020,4666.500,293983432.000
2018-08-23,4040.210,4065.270,3957.250,4064.370,320250030.000
2018-08-24,4707.510,4709.140,4666.020,4666.500,293983432.000
2018-08-27,3864.920,3942.600,3864.920,3942.600,291423211.000
2018-08-28,3944.300,3954.520,3927.220,3941.590,261215908.000
2018-08-29,3935.760,3939.400,3911.890,3922.180,235929348.000
2018-08-30,3919.730,3934.290,3869.820,3871.940,243022940.000
2018-08-31,3856.050,3872.490,3824.830,3842.140,230548950.000
2018-09-03,3831.050,3838.380,3789.540,3836.320,232139362.000
2018-09-04,3835.900,3888.000,3825.350,3881.620,253947839.000
2018-09-05,3868.720,3876.250,3814.910,3814.910,255582191.000
2018-09-06,3802.590,3834.370,3773.580,3786.490,226715847.000
2018-09-07,3794.200,3843.720,3772.220,3798.580,251438614.000
2018-09-10,3793.780,3798.050,3734.510,3736.500,244782762.000
2018-09-11,3734.920,3757.290,3714.310,3734.410,222837125.000
2018-09-12,3729.190,3746.000,3709.850,3719.210,204102954.000
2018-09-13,3753.540,3767.790,3701.340,3752.720,244051867.000
2018-09-14,3756.940,3763.500,3731.930,3737.700,240476170.000
2018-09-17,3719.820,3719.820,3680.900,3688.770,213350299.000
2018-09-18,3677.030,3757.650,3676.970,3757.590,256969958.000
2018-09-19,3749.450,3828.560,3744.060,3803.230,316816575.000
2018-09-20,3802.690,3821.350,3790.660,3797.690,266691679.000
2018-09-21,3806.840,3881.510,3791.320,3880.920,333146290.000
2018-09-25,3850.000,3872.640,3842.100,3858.000,243913531.000
2018-09-26,3863.720,3915.690,3857.210,3888.690,300449167.000
2018-09-27,3886.670,3891.870,3852.190,3854.200,288168732.000
2018-09-28,3859.250,3891.020,3852.190,3890.830,267290485.000
2018-10-08,3816.400,3821.160,3738.170,3743.300,292851998.000
2018-10-09,3745.680,3769.850,3727.610,3742.430,232820746.000
2018-10-10,3747.390,3767.770,3709.270,3739.300,235143823.000
2018-10-11,3624.600,3646.440,3493.760,3519.580,407014724.000
2018-10-12,3503.740,3552.100,3432.390,3536.760,356727127.000
2018-10-15,3540.890,3559.650,3480.410,3485.710,256751734.000
2018-10-16,3485.520,3518.150,3419.640,3434.870,257482546.000
2018-10-17,3475.830,3489.290,3389.360,3457.700,281266334.000
2018-10-18,3434.910,3434.910,3362.970,3365.190,268138199.000
2018-10-19,3325.440,3456.570,3316.450,3454.340,309619559.000
2018-10-22,3483.540,3641.640,3483.490,3603.840,403734637.000
2018-10-25,3441.980,3535.990,3429.310,3531.770,326989006.000
2018-10-26,3547.320,3569.360,3504.950,3523.350,320682817.000
2018-10-29,3508.460,3508.460,3425.930,3441.130,270834079.000
2018-10-30,3427.280,3507.260,3400.840,3476.460,331939454.000
2018-10-31,3482.170,3544.830,3476.710,3527.420,346529107.000
2018-11-01,3555.640,3598.170,3546.880,3550.300,406246757.000
2018-11-02,3621.730,3666.590,3599.010,3666.590,460846329.000
2018-11-05,3652.020,3677.290,3616.860,3659.790,420387254.000
2018-11-06,3650.480,3650.480,3609.560,3647.730,344749229.000
2018-11-07,3648.290,3679.740,3626.850,3629.490,374153595.000
2018-11-08,3656.260,3660.530,3613.240,3617.040,341449957.000
2018-11-09,3598.720,3611.180,3583.150,3584.880,323836782.000
2018-11-12,3579.080,3654.500,3576.020,3654.320,399906967.000
2018-11-13,3612.580,3726.120,3606.900,3706.820,569864636.000
2018-11-14,3702.550,3725.280,3678.270,3685.260,515062212.000
2018-11-15,3683.040,3737.160,3681.570,3737.160,458265589.000
2018-11-16,3739.400,3786.670,3723.430,3763.270,527104672.000
2018-11-19,3763.520,3790.920,3747.810,3790.920,495587311.000
2018-11-20,3759.300,3770.120,3692.810,3695.870,472659362.000
2018-11-21,3656.850,3715.230,3653.280,3712.110,399790277.000
2018-11-22,3719.990,3726.360,3688.930,3705.260,352050291.000
2018-11-23,3698.580,3701.340,3582.770,3589.670,421658208.000
2018-11-26,3589.400,3614.750,3572.040,3584.880,296541399.000
2018-11-27,3601.530,3617.010,3575.420,3593.600,288291940.000
2018-11-28,3593.790,3638.570,3564.030,3638.570,343238825.000
2018-11-29,3657.200,3664.520,3574.190,3574.190,357443968.000
2018-11-30,3568.420,3609.490,3547.430,3606.100,308709421.000
2018-12-03,3697.600,3727.440,3672.420,3713.230,451562204.000
2018-12-04,3707.410,3730.490,3698.850,3730.490,374414564.000
2018-12-05,3671.970,3728.660,3664.620,3709.250,360882324.000
2018-12-06,3681.280,3688.430,3632.220,3634.910,332624750.000
2018-12-07,3640.870,3649.770,3625.080,3634.570,261177056.000
2018-12-10,3606.380,3620.470,3581.910,3592.660,264827496.000
2018-12-11,3599.550,3615.980,3594.310,3615.980,245262433.000
2018-12-12,3633.710,3637.360,3611.830,3622.320,249556886.000
2018-12-13,3630.430,3686.300,3615.660,3667.960,328153128.000
2018-12-14,3657.820,3659.940,3591.500,3592.520,326916639.000
2018-12-17,3581.400,3591.580,3550.750,3587.440,265779158.000
2018-12-18,3566.380,3592.980,3535.170,3558.050,260876431.000
2018-12-19,3562.590,3565.610,3509.090,3513.790,243215905.000
2018-12-20,3505.850,3522.150,3478.580,3507.110,261652805.000
2018-12-21,3494.730,3496.830,3448.360,3472.690,262802643.000
2018-12-24,3462.520,3494.570,3453.760,3493.410,228861947.000
2018-12-25,3459.010,3474.920,3393.460,3462.990,322020853.000
2018-12-26,3458.530,3476.900,3442.300,3449.180,257718918.000
2018-12-27,3494.260,3500.530,3418.060,3418.060,299096674.000
2018-12-28,3422.330,3450.080,3405.710,3432.380,263115597.000
2019-01-02,3438.940,3442.340,3389.950,3399.400,246396411.000
2019-01-03,3394.150,3432.910,3380.330,3387.130,282156934.000
2019-01-04,3357.510,3470.330,3351.870,3470.280,381173398.000
2019-01-07,3490.860,3519.930,3477.640,3515.170,407255346.000
2019-01-08,3509.560,3514.880,3496.910,3508.520,370319437.000
2019-01-09,3521.060,3576.250,3518.720,3531.770,441776866.000
2019-01-10,3530.630,3550.370,3519.280,3524.880,370932656.000
2019-01-11,3530.340,3552.670,3519.840,3551.330,349716281.000
2019-01-14,3550.410,3555.470,3520.280,3526.090,338621226.000
2019-01-15,3525.290,3582.620,3517.750,3581.500,364632588.000
2019-01-16,3580.260,3592.710,3570.620,3578.340,350045569.000
2019-01-17,3579.210,3586.960,3550.020,3552.920,357732622.000
2019-01-18,3561.470,3600.470,3557.780,3598.430,392700280.000
2019-01-21,3602.140,3632.820,3602.130,3618.470,352241458.000
2019-01-22,3615.310,3615.310,3563.710,3573.470,324866003.000
2019-01-23,3565.240,3583.880,3561.260,3575.290,286068142.000
2019-01-24,3579.860,3604.430,3559.600,3594.080,335715860.000
2019-01-25,3597.970,3625.680,3592.940,3598.600,352775288.000
2019-01-28,3617.830,3639.380,3580.160,3587.450,329898129.000
2019-01-29,3579.040,3579.040,3513.080,3565.380,345420239.000
2019-01-30,3548.760,3571.740,3527.520,3527.590,266470580.000
2019-01-31,3531.150,3563.020,3503.330,3523.620,341919752.000
2019-02-01,3542.630,3596.020,3540.370,3596.020,298850580.000
2019-02-11,3596.560,3676.880,3596.560,3676.880,349206190.000
2019-02-12,3676.780,3718.810,3672.820,3712.630,423356321.000
2019-02-13,3718.680,3790.170,3711.470,3782.010,535932223.000
2019-02-14,3779.230,3809.170,3768.380,3793.500,485275333.000
2019-02-15,3784.740,3794.900,3748.540,3752.470,483011493.000
2019-02-18,3778.940,3877.190,3778.940,3877.190,629816114.000
2019-02-19,3890.660,3913.220,3844.720,3880.090,693271021.000
2019-02-20,3885.630,3897.430,3851.480,3890.480,585714794.000
2019-02-21,3888.060,3949.190,3868.010,3880.610,701847083.000
2019-02-22,3874.780,3968.880,3863.120,3968.880,689917602.000
2019-02-25,4026.320,4191.030,4022.780,4190.940,1127923530.000
2019-02-26,4199.660,4244.170,4152.150,4163.030,1207469179.000
2019-02-27,4157.420,4217.290,4107.540,4153.490,978428593.000
2019-02-28,4150.640,4185.020,4132.820,4153.510,738093541.000
2019-03-01,4177.820,4215.700,4138.540,4215.700,712662462.000
2019-03-04,4254.320,4368.640,4242.920,4283.160,1086717759.000
2019-03-05,4273.770,4355.420,4258.660,4355.330,947763605.000
2019-03-06,4372.300,4422.600,4333.570,4418.610,1199598462.000
2019-03-07,4414.020,4469.650,4369.820,4429.100,1225623159.000
2019-03-08,4328.860,4417.530,4249.390,4249.730,1231963731.000
2019-03-11,4268.710,4379.010,4254.260,4378.610,944403140.000
2019-03-12,4413.240,4483.920,4382.140,4439.950,1131525169.000
2019-03-13,4445.160,4445.160,4347.650,4371.190,1032276529.000
2019-03-14,4343.180,4382.350,4255.680,4293.600,823538767.000
2019-03-15,4314.960,4391.090,4312.070,4351.430,736586572.000
2019-03-18,4365.870,4466.550,4332.820,4466.550,807767418.000
2019-03-19,4470.220,4488.410,4438.440,4465.180,752319118.000
2019-03-20,4457.500,4477.980,4395.760,4463.550,777089568.000
2019-03-21,4468.550,4523.520,4456.340,4491.140,895361690.000
2019-03-22,4490.710,4504.420,4426.870,4499.540,798900312.000
2019-03-25,4427.160,4490.080,4415.770,4424.290,807065953.000
2019-03-26,4446.480,4456.980,4327.220,4338.560,767968115.000
2019-03-27,4364.950,4379.490,4309.590,4379.490,640015089.000
2019-03-28,4363.160,4401.840,4336.980,4340.160,630780906.000
2019-03-29,4345.430,4489.280,4341.510,4487.720,780302643.000
2019-04-01,4521.340,4635.620,4521.340,4630.370,971759051.000
2019-04-02,4652.000,4670.110,4622.650,4640.310,964997762.000
2019-04-03,4614.200,4696.070,4600.970,4693.090,884764468.000
2019-04-04,4713.690,4741.790,4680.770,4727.670,942772201.000
2019-04-08,4765.280,4784.000,4657.880,4715.080,1006747475.000
2019-04-09,4713.200,4742.770,4687.120,4732.120,772883430.000
2019-04-10,4710.200,4773.590,4681.580,4735.920,821123076.000
2019-04-11,4734.210,4747.060,4634.690,4639.400,763156473.000
2019-04-12,4629.820,4653.410,4598.150,4632.010,630906441.000
2019-04-15,4700.320,4727.950,4602.090,4603.320,720290235.000
2019-04-16,4580.330,4713.150,4557.170,4713.150,739652685.000
2019-04-17,4710.850,4757.070,4697.810,4733.720,782843578.000
2019-04-18,4730.630,4744.480,4699.410,4711.320,714818629.000
2019-04-19,4710.090,4756.560,4673.430,4756.540,696319649.000
2019-04-22,4764.710,4766.020,4660.960,4674.150,760784426.000
2019-04-23,4666.360,4688.380,4617.840,4630.580,706619049.000
2019-04-24,4641.180,4661.510,4578.210,4661.450,623813775.000
2019-04-25,4642.190,4649.810,4517.600,4518.360,725137409.000
2019-04-26,4492.700,4527.110,4459.130,4460.680,597844853.000
2019-04-29,4463.570,4476.160,4377.860,4393.830,624944122.000
2019-04-30,4376.270,4442.680,4376.270,4422.490,470673714.000
2019-05-06,4268.640,4277.380,4093.210,4127.650,659482658.000
2019-05-07,4147.090,4197.050,4110.820,4175.400,527252230.000
2019-05-08,4091.470,4199.270,4079.190,4135.550,500410674.000
2019-05-09,4099.890,4134.370,4068.730,4076.630,427640001.000
2019-05-10,4121.850,4226.870,4054.050,4226.020,606349584.000
2019-05-13,4172.680,4206.010,4155.940,4173.600,462576138.000
2019-05-14,4125.610,4187.270,4124.860,4144.960,448966120.000
2019-05-15,4178.450,4248.530,4178.450,4238.460,501978610.000
2019-05-16,4233.730,4266.510,4223.510,4261.680,541278254.000
2019-05-17,4263.190,4264.850,4119.770,4134.630,590749595.000
2019-05-20,4125.560,4132.430,4053.810,4108.350,467128570.000
2019-05-21,4106.100,4189.640,4096.040,4173.080,482900484.000
2019-05-22,4169.710,4187.970,4129.190,4152.650,467203734.000
2019-05-23,4134.240,4134.720,4060.130,4068.810,459952618.000
2019-05-24,4058.080,4097.530,4045.790,4056.540,380202447.000
2019-05-27,4057.910,4145.470,4034.320,4136.650,450901510.000
2019-05-28,4136.010,4185.770,4126.770,4159.750,482428435.000
2019-05-29,4136.760,4190.740,4130.770,4159.970,424920306.000
2019-05-30,4144.120,4144.120,4094.360,4133.990,448393454.000
2019-05-31,4132.540,4165.450,4116.790,4123.510,420308201.000
2019-06-03,4132.700,4158.000,4080.050,4097.770,461558945.000
2019-06-04,4095.000,4097.020,4029.110,4048.270,403280732.000
2019-06-05,4081.790,4091.510,4041.280,4046.660,386088383.000
2019-06-06,4045.950,4045.950,3970.160,3980.940,388793102.000
2019-06-10,3993.740,4043.390,3978.750,4029.530,356384023.000
2019-06-11,4035.890,4166.380,4035.780,4163.950,553972783.000
2019-06-12,4151.970,4167.850,4128.750,4137.200,514121825.000
2019-06-13,4133.620,4155.480,4105.780,4144.820,461151428.000
2019-06-14,4148.610,4163.860,4082.060,4086.130,466958771.000
2019-06-17,4084.700,4113.170,4073.530,4086.040,336291991.000
2019-06-18,4090.290,4106.380,4064.050,4091.930,320696167.000
2019-06-19,4187.320,4202.680,4145.600,4146.930,475777256.000
2019-06-20,4146.130,4262.000,4139.810,4246.830,577145577.000
2019-06-21,4261.790,4296.570,4259.600,4282.070,605299871.000
2019-06-24,4286.570,4296.970,4267.020,4286.140,467371735.000
2019-06-25,4281.630,4281.630,4192.340,4242.500,490995691.000
2019-06-26,4218.290,4256.640,4207.220,4235.800,368120809.000
2019-06-27,4247.780,4294.290,4246.810,4275.800,422460364.000
2019-06-28,4272.150,4272.150,4218.810,4244.080,396136641.000
2019-07-01,4323.350,4367.710,4306.870,4367.710,559852541.000
2019-07-02,4363.810,4373.220,4350.670,4366.220,488825371.000
2019-07-03,4354.910,4354.990,4304.750,4320.960,428436514.000
2019-07-04,4324.300,4337.230,4281.430,4300.960,396860668.000
2019-07-05,4302.170,4327.930,4284.230,4319.950,325225626.000
2019-07-08,4304.310,4304.380,4175.830,4198.240,441423966.000
2019-07-09,4194.130,4209.030,4168.290,4198.810,311476699.000
2019-07-10,4210.050,4212.880,4166.540,4180.300,304523403.000
2019-07-11,4199.970,4228.910,4163.150,4178.880,313547584.000
2019-07-12,4178.660,4208.550,4161.520,4198.080,302392571.000
2019-07-15,4183.550,4247.340,4132.320,4228.490,386268149.000
2019-07-16,4222.620,4234.460,4211.280,4222.120,323703356.000
2019-07-17,4216.510,4238.200,4204.630,4221.560,363243470.000
2019-07-18,4205.930,4205.930,4165.070,4165.070,349707454.000
2019-07-19,4181.370,4227.390,4181.370,4199.320,328598814.000
2019-07-22,4203.720,4205.670,4123.080,4133.450,357057727.000
2019-07-23,4134.840,4159.730,4130.920,4159.730,272738983.000
2019-07-24,4172.570,4219.800,4172.570,4199.820,340748907.000
2019-07-25,4200.880,4224.570,4192.140,4224.530,330918124.000
2019-07-26,4211.080,4236.080,4205.050,4231.390,299987578.000
2019-07-29,4231.230,4239.420,4213.310,4228.460,291005786.000
2019-07-30,4233.430,4270.600,4233.430,4247.250,332791951.000
2019-07-31,4235.800,4235.800,4209.320,4214.720,304634322.000
2019-08-01,4195.380,4213.030,4170.920,4186.130,307546789.000
2019-08-02,4105.100,4130.120,4091.930,4124.280,381554770.000
2019-08-05,4105.080,4130.210,4059.750,4059.750,345077258.000
2019-08-06,3986.280,4002.690,3912.270,3988.350,467728034.000
2019-08-07,4009.240,4015.790,3972.810,3972.810,318348561.000
2019-08-08,3996.150,4020.310,3994.240,4013.870,301352844.000
2019-08-09,4032.600,4035.790,3965.390,3971.530,315552047.000
2019-08-12,3982.330,4042.230,3974.650,4042.230,292460718.000
2019-08-13,4015.150,4026.910,4000.590,4012.560,280190307.000
2019-08-14,4060.350,4069.690,4030.440,4033.880,329501502.000
2019-08-15,3955.480,4049.170,3946.320,4049.170,343654160.000
2019-08-16,4050.360,4096.110,4044.770,4068.250,345050472.000
2019-08-19,4099.400,4174.700,4092.370,4174.700,488950660.000
2019-08-20,4174.550,4195.800,4165.730,4175.610,457112053.000
2019-08-21,4167.370,4185.550,4162.820,4174.080,382409991.000
2019-08-22,4185.630,4188.620,4159.100,4187.500,381865861.000
2019-08-23,4189.900,4211.370,4178.110,4201.720,395543650.000
2019-08-26,4126.460,4168.490,4122.490,4156.740,405430538.000
2019-08-27,4181.090,4248.870,4181.090,4221.430,496529717.000
2019-08-28,4220.650,4226.130,4196.480,4210.110,442625679.000
2019-08-29,4214.600,4219.630,4189.760,4204.130,423719573.000
2019-08-30,4228.800,4238.840,4163.730,4184.780,466043158.000
2019-09-02,4189.100,4267.070,4186.720,4261.570,473939293.000
2019-09-03,4267.620,4278.920,4253.520,4278.920,467524596.000
2019-09-04,4272.460,4314.100,4269.790,4314.100,525192071.000
2019-09-05,4338.160,4399.070,4338.120,4355.550,696641103.000
2019-09-06,4373.770,4378.640,4345.370,4376.660,514455158.000
2019-09-09,4413.660,4436.610,4392.290,4436.610,600343784.000
2019-09-10,4440.700,4440.700,4402.700,4429.090,587145262.000
2019-09-11,4440.930,4442.520,4392.150,4398.020,544946155.000
2019-09-12,4411.360,4439.190,4392.960,4433.930,457635634.000
2019-09-16,4446.980,4447.500,4416.400,4433.120,508650674.000
2019-09-17,4422.340,4422.340,4332.130,4346.210,519064680.000
2019-09-18,4356.210,4370.940,4346.730,4358.250,396151457.000
2019-09-19,4370.120,4388.880,4344.300,4388.880,401910797.000
2019-09-20,4397.500,4408.490,4382.320,4398.240,436833853.000
2019-09-23,4386.070,4386.070,4325.920,4354.400,415268157.000
2019-09-24,4357.890,4399.230,4348.510,4366.950,422773311.000
2019-09-25,4350.130,4350.130,4311.010,4311.010,426061265.000
2019-09-26,4322.620,4329.200,4236.990,4237.000,446649537.000
2019-09-27,4237.890,4269.920,4233.330,4259.780,326733331.000
2019-09-30,4254.640,4268.790,4214.400,4214.400,280447477.000
2019-10-08,4219.450,4261.890,4219.450,4229.690,295139492.000
2019-10-09,4214.610,4250.480,4194.150,4250.480,300200561.000
2019-10-10,4249.790,4298.450,4241.410,4296.680,335651165.000
2019-10-11,4306.310,4336.190,4280.490,4322.160,381046326.000
2019-10-14,4356.730,4399.780,4349.240,4376.850,467285136.000
2019-10-15,4369.790,4369.790,4332.620,4340.140,398580297.000
2019-10-16,4342.630,4362.140,4318.700,4321.700,361700287.000
2019-10-17,4325.640,4335.550,4308.650,4320.670,310005968.000
2019-10-18,4327.660,4338.410,4254.980,4261.830,365591936.000
2019-10-21,4257.750,4263.330,4230.180,4260.580,318621304.000
2019-10-22,4270.660,4293.240,4260.080,4292.530,305470435.000
2019-10-23,4291.280,4296.710,4253.640,4263.300,319453952.000
2019-10-24,4265.030,4276.190,4235.130,4259.940,312083865.000
2019-10-25,4258.770,4293.980,4234.110,4289.740,339520534.000
2019-10-28,4306.240,4346.580,4304.580,4346.560,449673984.000
2019-10-29,4349.280,4349.280,4309.470,4309.470,460768142.000
2019-10-30,4296.950,4299.460,4267.210,4275.880,403777260.000
2019-10-31,4284.940,4291.150,4248.560,4253.920,377690710.000
2019-11-01,4246.980,4314.480,4239.090,4311.050,363145597.000
2019-11-04,4322.150,4350.190,4322.150,4336.190,384513321.000
2019-11-05,4340.470,4379.200,4321.350,4358.000,395489637.000
2019-11-06,4359.070,4359.070,4315.490,4328.750,374996424.000
2019-11-07,4327.170,4356.110,4320.840,4346.050,333289048.000
2019-11-08,4370.650,4376.850,4327.340,4329.010,362288644.000
2019-11-11,4304.030,4304.030,4233.670,4239.610,365640159.000
2019-11-12,4241.210,4250.150,4203.670,4244.050,314616146.000
2019-11-13,4243.230,4248.090,4221.520,4237.780,294228547.000
2019-11-14,4241.010,4265.130,4234.820,4254.660,313705934.000
2019-11-15,4254.360,4263.780,4216.290,4216.290,327793536.000
2019-11-18,4212.450,4251.000,4206.530,4246.920,297057685.000
2019-11-19,4245.270,4304.120,4242.970,4304.120,340814556.000
2019-11-20,4299.340,4304.830,4263.970,4269.600,347908409.000
2019-11-21,4255.130,4271.430,4242.350,4257.110,304384859.000
2019-11-22,4262.270,4294.900,4193.440,4212.930,384834055.000
2019-11-25,4213.000,4226.190,4182.970,4222.530,382062176.000
2019-11-26,4232.940,4241.660,4210.660,4226.890,356571343.000
2019-11-27,4220.140,4237.100,4201.630,4219.440,311183297.000
2019-11-28,4218.970,4232.410,4196.080,4205.780,279087649.000
2019-11-29,4201.960,4208.830,4155.930,4186.180,282405313.000
2019-12-02,4191.780,4212.360,4184.970,4194.200,290776932.000
2019-12-03,4183.580,4213.990,4166.820,4213.990,292870039.000
2019-12-04,4199.530,4219.910,4195.630,4214.520,304474050.000
2019-12-05,4225.540,4257.400,4223.380,4252.460,348221639.000
2019-12-06,4256.100,4280.510,4247.370,4280.510,337933060.000
2019-12-09,4288.310,4294.000,4272.100,4282.460,388830022.000
2019-12-10,4273.380,4296.110,4266.500,4296.030,383573043.000
2019-12-11,4299.070,4301.470,4276.670,4290.450,404509297.000
2019-12-12,4293.020,4297.470,4277.230,4280.610,380711468.000
2019-12-13,4314.280,4352.800,4310.680,4350.470,476107226.000
2019-12-16,4358.190,4397.000,4349.610,4397.000,539156039.000
2019-12-17,4398.490,4474.860,4395.340,4454.790,679740809.000
2019-12-18,4453.310,4475.290,4440.540,4450.000,592287385.000
2019-12-19,4451.470,4462.480,4438.910,4454.780,525101654.000
2019-12-20,4459.070,4468.060,4425.500,4426.580,528071823.000
2019-12-23,4416.870,4431.960,4350.920,4353.550,483667720.000
2019-12-24,4360.240,4402.310,4355.880,4402.060,399718644.000
2019-12-25,4397.950,4420.540,4390.590,4410.820,426403010.000
2019-12-26,4411.740,4446.550,4410.850,4446.550,443431502.000
2019-12-27,4450.620,4483.410,4426.230,4428.680,569320413.000
2019-12-30,4416.830,4480.710,4387.130,4480.350,542004482.000
2019-12-31,4476.670,4501.110,4470.090,4500.130,476166954.000
2020-01-02,4528.730,4581.240,4524.440,4571.720,654065858.000
2020-01-03,4580.490,4590.040,4555.850,4576.540,606210013.000
2020-01-06,4554.570,4622.610,4546.620,4585.950,719452026.000
2020-01-07,4593.510,4633.320,4593.360,4633.320,661060130.000
2020-01-08,4613.450,4627.310,4563.860,4575.360,726126199.000
2020-01-09,4610.820,4639.860,4610.820,4639.860,610878357.000
2020-01-10,4652.980,4656.210,4615.000,4633.420,538125502.000
2020-01-13,4634.110,4685.460,4615.280,4685.460,529475064.000
2020-01-14,4698.010,4702.450,4670.850,4672.650,581923224.000
2020-01-15,4667.260,4675.240,4630.350,4654.920,508121514.000
2020-01-16,4661.810,4664.380,4633.380,4641.220,481675034.000
2020-01-17,4653.810,4667.600,4626.080,4637.270,462710065.000
2020-01-20,4649.040,4684.630,4628.790,4684.630,510452600.000
2020-01-21,4670.150,4670.150,4618.610,4619.530,540511038.000
2020-01-22,4597.230,4655.260,4541.120,4641.990,547374660.000
2020-01-23,4597.870,4618.670,4450.560,4488.970,641679323.000
2020-02-03,4084.810,4159.200,4084.810,4121.600,395113962.000
2020-02-04,4009.460,4200.510,4009.460,4192.970,837657216.000
2020-02-05,4215.660,4315.780,4206.530,4273.040,724579625.000
2020-02-06,4282.210,4392.250,4252.560,4376.690,761688730.000
2020-02-07,4369.520,4397.210,4328.450,4397.210,763775508.000
2020-02-10,4381.320,4435.830,4368.840,4434.630,729691866.000
2020-02-11,4440.800,4467.340,4416.590,4442.580,655176549.000
2020-02-12,4430.680,4502.190,4427.520,4502.190,641450342.000
2020-02-13,4502.510,4518.080,4455.690,4468.200,697279334.000
2020-02-14,4461.440,4515.820,4454.630,4487.780,640614022.000
2020-02-17,4508.030,4612.990,4508.030,4612.980,761434686.000
2020-02-18,4613.400,4640.720,4582.780,4640.620,802833375.000
2020-02-19,4634.030,4668.220,4615.170,4618.010,818383069.000
2020-02-20,4630.450,4718.930,4613.420,4716.300,861596815.000
2020-02-21,4709.990,4785.770,4705.910,4751.460,927215380.000
2020-02-24,4741.000,4796.280,4712.920,4780.260,954540276.000
2020-02-25,4690.170,4790.710,4617.780,4784.120,1131051666.000
2020-02-26,4721.440,4783.390,4679.580,4694.390,1117110828.000
2020-02-27,4711.750,4749.070,4665.490,4704.980,867363064.000
2020-02-28,4567.540,4623.910,4489.280,4493.000,972630029.000
2020-03-02,4535.760,4678.680,4534.610,4655.570,868951950.000
2020-03-03,4727.470,4773.890,4661.850,4696.990,977463151.000
2020-03-04,4672.840,4721.910,4644.750,4721.660,835939377.000
2020-03-05,4773.480,4820.570,4740.050,4812.550,996575588.000
2020-03-06,4756.530,4792.660,4751.260,4764.240,865933600.000
2020-03-09,4683.810,4697.370,4592.520,4592.980,963597843.000
2020-03-10,4549.010,4698.750,4516.550,4698.100,939337991.000
2020-03-11,4708.690,4719.230,4637.040,4637.040,850194178.000
2020-03-12,4571.830,4591.890,4512.020,4547.240,745416534.000
2020-03-13,4327.990,4536.760,4326.800,4494.550,859536061.000
2020-03-16,4515.470,4515.570,4286.560,4296.900,839296323.000
2020-03-17,4319.080,4366.520,4158.500,4283.770,726255862.000
2020-03-18,4314.870,4372.320,4206.620,4206.620,716587506.000
2020-03-19,4196.850,4228.760,4086.340,4195.450,703283021.000
2020-03-20,4241.570,4263.460,4184.190,4257.000,607488798.000
2020-03-23,4136.000,4183.590,4085.090,4095.340,612031251.000
2020-03-24,4172.570,4196.120,4083.860,4189.860,628187719.000
2020-03-25,4282.030,4305.680,4253.950,4297.530,663495803.000
2020-03-26,4264.700,4307.540,4249.250,4263.540,582462318.000
2020-03-27,4314.390,4322.640,4256.600,4257.800,560229393.000
2020-03-30,4198.420,4217.960,4148.610,4190.860,572043505.000
2020-03-31,4227.890,4238.480,4191.640,4202.250,512934975.000
2020-04-01,4195.210,4252.380,4179.170,4185.810,528419097.000
2020-04-02,4164.840,4269.750,4162.690,4269.750,524483603.000
2020-04-03,4259.460,4278.200,4227.590,4244.740,501850913.000
2020-04-07,4319.930,4366.780,4315.150,4362.260,648247936.000
2020-04-08,4340.910,4371.850,4334.670,4357.030,618718304.000
2020-04-09,4378.170,4396.130,4368.410,4385.680,592426735.000
2020-04-10,4385.240,4396.500,4308.400,4319.360,602150448.000
2020-04-13,4293.750,4312.660,4270.630,4290.770,456658023.000
2020-04-14,4315.400,4378.090,4306.120,4378.070,513668560.000
2020-04-15,4376.170,4388.820,4346.830,4350.690,563971964.000
2020-04-16,4328.120,4375.400,4322.880,4368.840,530246621.000
2020-04-17,4399.040,4423.220,4384.450,4391.600,620970895.000
2020-04-20,4398.750,4427.810,4387.730,4427.690,527421463.000
2020-04-21,4410.230,4410.230,4348.870,4388.310,566940368.000
2020-04-22,4359.690,4426.650,4351.620,4426.650,538023428.000
2020-04-23,4439.560,4441.680,4406.510,4409.330,604230840.000
2020-04-24,4404.850,4405.160,4339.050,4351.550,581682354.000
2020-04-27,4358.220,4388.940,4332.530,4357.500,505234313.000
2020-04-28,4363.650,4366.010,4240.560,4346.080,609479819.000
2020-04-29,4328.710,4378.570,4325.120,4352.450,466128085.000
2020-04-30,4371.620,4437.470,4371.620,4426.340,558332872.000
2020-05-06,4383.480,4481.240,4381.430,4480.640,571562434.000
2020-05-07,4483.480,4493.740,4460.750,4471.040,544383813.000
2020-05-08,4491.900,4534.510,4486.640,4517.680,554142235.000
2020-05-11,4532.690,4550.890,4488.590,4511.050,548338392.000
2020-05-12,4510.840,4517.690,4467.960,4516.080,482165475.000
2020-05-13,4501.190,4539.010,4490.100,4533.770,457401275.000
2020-05-14,4514.790,4519.510,4487.750,4489.020,494027972.000
2020-05-15,4507.790,4516.420,4477.730,4491.430,481685556.000
2020-05-18,4497.700,4518.800,4470.040,4486.850,559332650.000
2020-05-19,4524.410,4534.010,4509.520,4533.770,481326359.000
2020-05-20,4532.270,4532.270,4486.640,4499.910,527952376.000
2020-05-21,4514.770,4517.240,4454.600,4462.150,498248016.000
2020-05-22,4455.570,4455.570,4354.730,4370.150,483523809.000
2020-05-25,4370.210,4382.090,4347.120,4371.640,387912772.000
2020-05-26,4391.610,4444.550,4388.640,4443.230,415667664.000
2020-05-27,4445.720,4445.720,4404.250,4413.320,464049105.000
2020-05-28,4413.750,4440.760,4362.020,4413.910,474777689.000
2020-05-29,4397.390,4446.310,4388.620,4439.090,470535771.000
2020-06-01,4473.360,4568.650,4473.360,4564.250,616610837.000
2020-06-02,4572.320,4585.300,4554.590,4574.130,642618957.000
2020-06-03,4589.200,4606.490,4573.030,4574.880,642052983.000
2020-06-04,4588.250,4590.390,4558.430,4578.900,554663015.000
2020-06-05,4583.990,4592.030,4557.460,4591.960,528810785.000
2020-06-08,4615.670,4632.320,4593.200,4598.690,557177228.000
2020-06-09,4603.540,4630.190,4590.880,4627.440,511906596.000
2020-06-10,4626.070,4626.140,4601.040,4624.670,493341337.000
2020-06-11,4620.800,4649.890,4572.470,4592.140,558390979.000
2020-06-12,4509.320,4612.270,4503.320,4596.960,560432788.000
2020-06-15,4586.070,4623.060,4566.520,4566.520,591983433.000
2020-06-16,4607.430,4643.330,4601.740,4643.220,538802292.000
2020-06-17,4649.010,4656.280,4621.880,4655.930,573446913.000
2020-06-18,4649.830,4673.400,4636.850,4667.580,596140792.000
2020-06-19,4668.680,4727.980,4665.970,4717.910,580626609.000
2020-06-22,4721.370,4747.120,4711.950,4725.940,597582665.000
2020-06-23,4723.310,4745.090,4702.170,4743.450,532217777.000
2020-06-24,4748.600,4760.200,4733.090,4748.330,495691246.000
2020-06-29,4735.810,4745.230,4702.950,4721.120,508179338.000
2020-06-30,4743.480,4801.270,4743.480,4792.710,507258626.000
2020-07-01,4805.860,4849.460,4791.800,4849.460,630744605.000
2020-07-02,4844.960,4934.340,4837.710,4931.100,822422559.000
2020-07-03,4946.150,5008.350,4941.730,5008.350,922460886.000
2020-07-06,5051.170,5253.160,5051.170,5249.300,1270478597.000
2020-07-07,5315.640,5394.140,5261.510,5301.940,1343009353.000
2020-07-08,5299.140,5421.820,5270.540,5403.750,1191306626.000
2020-07-09,5403.760,5525.020,5394.210,5513.900,1303027184.000
2020-07-10,5478.410,5524.770,5432.750,5452.850,1185960970.000
2020-07-13,5459.240,5607.770,5459.240,5604.010,1200091102.000
2020-07-14,5594.280,5612.680,5451.620,5550.200,1204004412.000
2020-07-15,5563.640,5578.820,5418.170,5445.830,1088625988.000
2020-07-16,5443.380,5478.880,5173.380,5178.850,1039787452.000
2020-07-17,5184.930,5274.900,5137.390,5202.820,782333110.000
2020-07-20,5262.430,5362.660,5201.240,5362.660,861770716.000
2020-07-21,5381.040,5405.120,5341.380,5385.970,786842901.000
2020-07-22,5376.830,5488.220,5363.190,5420.110,844080414.000
2020-07-23,5371.430,5431.420,5283.640,5417.920,883361805.000
2020-07-24,5386.450,5403.690,5146.580,5169.070,935098286.000
2020-07-27,5194.020,5216.650,5130.580,5183.820,655856801.000
2020-07-28,5225.640,5257.060,5196.700,5235.680,636866812.000
2020-07-29,5224.390,5370.000,5210.390,5370.000,716214060.000
2020-07-30,5383.780,5400.410,5340.280,5351.830,764254172.000
2020-07-31,5344.210,5441.220,5316.240,5409.460,788757859.000
2020-08-03,5455.540,5529.040,5441.780,5529.010,922436224.000
2020-08-04,5541.240,5557.190,5486.320,5512.570,956466610.000
2020-08-05,5506.720,5555.790,5458.590,5544.960,837185314.000
2020-08-06,5547.530,5558.430,5450.360,5535.710,894741888.000
2020-08-07,5514.080,5519.590,5383.450,5469.810,856093516.000
2020-08-10,5446.550,5528.760,5422.000,5491.630,789891256.000
2020-08-11,5494.820,5539.970,5407.900,5414.820,820891165.000
2020-08-12,5397.230,5410.480,5257.450,5363.440,781506910.000
2020-08-13,5383.030,5396.910,5348.300,5366.550,682666903.000
2020-08-14,5358.170,5434.100,5337.830,5431.540,652925465.000
2020-08-17,5451.630,5560.800,5441.310,5547.480,870928716.000
2020-08-18,5551.120,5582.570,5538.050,5568.390,796431173.000
2020-08-19,5559.780,5559.780,5471.140,5474.660,823237219.000
2020-08-20,5435.750,5462.740,5386.230,5405.450,671725087.000
2020-08-21,5441.110,5472.340,5406.160,5447.720,620200477.000
2020-08-24,5471.600,5504.370,5422.530,5490.780,617318850.000
2020-08-25,5500.850,5531.400,5464.940,5482.940,661886969.000
2020-08-26,5481.390,5498.530,5374.440,5393.720,682929622.000
2020-08-27,5403.770,5442.480,5365.790,5438.760,586405520.000
2020-08-28,5432.230,5546.590,5421.090,5541.350,647051803.000
2020-08-31,5568.600,5608.270,5524.920,5525.210,715529705.000
2020-09-01,5515.430,5556.500,5493.880,5556.500,586698272.000
2020-09-02,5571.520,5585.920,5508.220,5564.690,703840399.000
2020-09-03,5560.620,5585.000,5502.350,5522.080,664394422.000
2020-09-04,5427.720,5493.500,5421.940,5485.280,586890984.000
2020-09-07,5479.680,5515.530,5357.240,5375.870,720352513.000
2020-09-08,5388.500,5419.970,5335.130,5408.830,721831058.000
2020-09-09,5343.680,5355.430,5247.710,5268.440,896857687.000
2020-09-10,5313.880,5321.930,5181.160,5193.200,768790783.000
2020-09-11,5174.410,5261.240,5172.400,5256.620,548591925.000
2020-09-14,5286.630,5321.240,5264.980,5302.570,575583123.000
2020-09-15,5304.850,5339.580,5281.880,5337.350,529020444.000
2020-09-16,5330.740,5330.760,5273.500,5297.790,496173550.000
2020-09-17,5284.790,5324.840,5241.200,5287.870,496995412.000
2020-09-18,5290.160,5388.980,5282.620,5387.110,590379089.000
2020-09-21,5403.240,5405.430,5347.960,5354.670,533719587.000
2020-09-22,5310.860,5365.610,5270.870,5286.990,512365437.000
2020-09-23,5297.630,5326.710,5277.120,5311.650,435067912.000
2020-09-24,5277.930,5281.870,5192.410,5192.710,497050524.000
2020-09-25,5215.260,5225.080,5166.800,5187.290,395590809.000
2020-09-28,5200.410,5214.310,5160.560,5165.060,364514299.000
2020-09-29,5192.600,5221.890,5172.160,5195.960,364548166.000
2020-09-30,5211.740,5237.520,5161.900,5189.360,366542993.000
2020-10-09,5277.630,5331.370,5274.840,5319.450,462768642.000
2020-10-12,5353.770,5481.950,5351.730,5481.950,635220070.000
2020-10-13,5473.210,5506.090,5451.060,5499.700,523521820.000
2020-10-14,5490.810,5490.810,5451.850,5462.870,524319985.000
2020-10-15,5465.920,5477.740,5435.330,5436.290,493392344.000
2020-10-16,5435.540,5456.200,5389.560,5424.600,473858526.000
2020-10-19,5458.030,5475.380,5372.930,5383.360,496925009.000
2020-10-20,5377.140,5432.820,5358.140,5432.820,429894259.000
2020-10-21,5438.820,5438.820,5368.770,5395.780,441946712.000
2020-10-22,5379.080,5390.170,5320.240,5374.550,417580994.000
2020-10-23,5372.900,5402.760,5290.070,5295.620,426040602.000
2020-10-26,5267.620,5306.670,5214.550,5284.850,398320117.000
2020-10-27,5270.190,5304.250,5259.270,5297.000,389901443.000
2020-10-28,5297.380,5340.530,5261.070,5326.010,442183202.000
2020-10-29,5261.050,5373.080,5253.890,5346.900,464850048.000
2020-10-30,5353.340,5355.090,5231.520,5241.170,543797165.000
2020-11-02,5248.040,5280.590,5231.660,5266.930,510315120.000
2020-11-03,5289.960,5351.070,5277.570,5343.800,499018717.000
2020-11-04,5347.690,5372.890,5316.870,5361.250,450179886.000
2020-11-05,5410.480,5448.960,5390.430,5448.960,539831999.000
2020-11-06,5462.140,5462.140,5384.760,5423.960,544040607.000
2020-11-09,5457.350,5553.520,5457.350,5536.090,682505377.000
2020-11-10,5546.400,5546.400,5467.310,5494.100,611004639.000
2020-11-11,5477.890,5493.590,5422.910,5425.800,560408589.000
2020-11-12,5439.230,5454.350,5413.970,5435.140,459425104.000
2020-11-13,5418.300,5418.350,5364.200,5402.770,468891614.000
2020-11-16,5422.360,5456.730,5391.920,5456.730,559367217.000
2020-11-17,5454.070,5454.070,5395.610,5428.080,585700876.000
2020-11-18,5422.210,5453.880,5403.770,5426.940,577835026.000
2020-11-19,5415.020,5469.210,5396.440,5459.530,537186917.000
2020-11-20,5457.810,5493.070,5451.810,5488.770,534973775.000
2020-11-23,5499.090,5566.520,5480.610,5539.280,716245705.000
2020-11-24,5533.840,5538.690,5506.610,5521.100,601147602.000
2020-11-25,5536.110,5541.060,5438.560,5438.560,635746250.000
2020-11-26,5434.430,5448.730,5383.720,5432.550,519772790.000
2020-11-27,5439.190,5470.480,5407.160,5470.480,538880262.000
2020-11-30,5480.480,5529.170,5450.500,5450.500,699380887.000
2020-12-01,5446.590,5556.090,5445.170,5550.590,630125184.000
2020-12-02,5556.130,5567.690,5526.700,5555.820,642793932.000
2020-12-03,5553.230,5563.970,5523.710,5548.020,616890601.000
2020-12-04,5538.520,5571.520,5516.610,5564.930,527435758.000
2020-12-07,5567.970,5571.640,5527.970,5531.960,525413023.000
2020-12-08,5536.870,5550.730,5513.730,5525.280,473948121.000
2020-12-09,5534.210,5541.430,5439.050,5439.050,545346497.000
2020-12-10,5424.240,5467.680,5408.140,5440.800,490827757.000
2020-12-11,5453.490,5455.140,5328.530,5371.690,590047996.000
2020-12-14,5378.070,5423.790,5357.120,5421.860,499031966.000
2020-12-15,5416.980,5442.650,5395.520,5434.040,474177641.000
2020-12-16,5441.300,5444.560,5409.470,5422.460,480343090.000
2020-12-17,5421.750,5486.840,5394.890,5483.720,567732570.000
2020-12-18,5483.090,5498.780,5446.620,5465.580,556945142.000
2020-12-21,5466.330,5539.010,5449.360,5538.330,593125837.000
2020-12-22,5521.600,5538.490,5430.640,5435.090,669688751.000
2020-12-23,5443.390,5501.360,5440.670,5480.680,628435241.000
2020-12-24,5477.650,5490.690,5419.490,5434.990,595463854.000
2020-12-25,5417.160,5487.760,5410.690,5485.720,594676141.000
2020-12-28,5487.740,5511.690,5460.280,5483.810,654013216.000
2020-12-29,5486.570,5501.620,5449.060,5454.430,646563128.000
2020-12-30,5451.180,5525.350,5450.290,5524.240,607808246.000
2020-12-31,5533.770,5623.770,5533.770,5621.730,668552483.000
2021-01-04,5632.870,5725.860,5613.420,5712.180,779364991.000
2021-01-05,5691.340,5780.670,5678.210,5780.670,827554778.000
2021-01-06,5793.440,5818.790,5726.490,5791.310,764296194.000
2021-01-07,5791.400,5819.750,5739.870,5819.750,834017093.000
2021-01-08,5826.010,5841.300,5756.620,5804.600,729765534.000
2021-01-11,5810.530,5839.120,5697.850,5726.660,766432776.000
2021-01-12,5704.600,5851.010,5703.680,5851.010,678112325.000
2021-01-13,5860.300,5874.680,5772.690,5812.270,786149104.000
2021-01-14,5788.240,5803.260,5721.640,5735.210,709197517.000
2021-01-15,5731.910,5764.240,5666.290,5740.280,655607282.000
2021-01-18,5724.430,5831.230,5711.700,5817.520,633477410.000
2021-01-19,5820.640,5829.340,5736.210,5755.580,685235560.000
2021-01-20,5758.220,5812.770,5744.140,5804.390,582933567.000
2021-01-21,5815.870,5912.190,5815.280,5884.720,703059434.000
2021-01-22,5879.540,5891.170,5830.030,5885.350,686627124.000
2021-01-25,5877.850,5944.670,5850.660,5902.030,696911507.000
2021-01-26,5876.860,5877.640,5782.780,5791.260,595924472.000
2021-01-27,5784.960,5814.160,5727.730,5805.760,567175753.000
2021-01-28,5730.220,5761.060,5653.160,5665.260,591652239.000
2021-01-29,5700.280,5715.160,5545.850,5615.570,627530380.000
2021-02-01,5611.970,5669.910,5601.710,5667.790,579477498.000
2021-02-02,5677.290,5744.390,5650.090,5742.200,562018566.000
2021-02-03,5740.970,5764.510,5701.930,5706.480,607005776.000
2021-02-04,5679.010,5718.710,5592.220,5660.390,615079725.000
2021-02-05,5677.580,5710.180,5625.090,5628.430,573629009.000
2021-02-08,5645.180,5718.560,5612.920,5702.530,497630046.000
2021-02-09,5718.760,5827.310,5703.070,5826.280,511001314.000
2021-02-10,5845.150,5932.740,5836.650,5918.590,506966114.000
2021-02-18,6028.970,6041.380,5904.060,5930.610,672131386.000
2021-02-19,5904.860,5982.020,5853.930,5977.420,710696667.000
2021-02-22,5991.070,6009.320,5863.740,5863.740,938927122.000
2021-02-23,5815.800,5900.230,5811.290,5839.900,758729672.000
2021-02-24,5846.770,5862.760,5669.650,5727.230,712058369.000
2021-02-25,5780.930,5787.690,5716.230,5729.910,684572827.000
2021-02-26,5609.860,5687.770,5599.430,5617.670,637040619.000
2021-03-01,5664.710,5725.690,5646.100,5723.760,619489433.000
2021-03-02,5753.740,5753.740,5622.750,5665.900,655701138.000
2021-03-03,5648.090,5759.780,5644.450,5759.450,660660243.000
2021-03-04,5706.620,5712.980,5587.980,5611.590,740536203.000
2021-03-05,5532.710,5646.280,5522.910,5607.550,692522357.000
2021-03-08,5645.420,5672.440,5445.840,5446.470,744821597.000
2021-03-09,5431.410,5447.120,5253.100,5317.150,783590017.000
2021-03-10,5387.100,5391.770,5309.110,5321.870,586795093.000
2021-03-11,5337.380,5452.280,5324.520,5452.280,630741207.000
2021-03-12,5472.960,5473.230,5409.500,5469.160,688051387.000
2021-03-15,5441.970,5456.930,5335.470,5382.110,680675948.000
2021-03-16,5395.900,5430.530,5356.440,5430.040,633915391.000
2021-03-17,5414.850,5470.820,5374.120,5457.860,586374244.000
2021-03-18,5466.790,5514.480,5463.240,5493.350,585664109.000
2021-03-19,5421.020,5454.450,5361.920,5389.630,615093647.000
2021-03-22,5392.390,5456.720,5385.700,5456.400,630798767.000
2021-03-23,5456.710,5456.710,5361.800,5397.610,653736712.000
2021-03-24,5369.080,5407.460,5310.850,5318.970,626895999.000
2021-03-25,5294.610,5345.900,5271.910,5318.060,559197347.000
2021-03-26,5337.570,5437.360,5337.570,5425.750,571390392.000
2021-03-29,5440.530,5470.640,5403.800,5436.150,584268002.000
2021-03-30,5428.630,5472.290,5408.750,5463.430,583996878.000
2021-03-31,5455.480,5455.480,5398.060,5433.700,548817711.000
2021-04-01,5442.100,5493.000,5433.950,5487.700,535549786.000
2021-04-02,5502.800,5536.360,5486.270,5524.690,530866434.000
2021-04-06,5540.720,5544.590,5510.700,5527.490,497513838.000
2021-04-07,5531.120,5531.120,5464.900,5509.270,600577750.000
2021-04-08,5488.260,5530.570,5470.150,5509.020,650917453.000
2021-04-09,5499.210,5500.990,5440.980,5457.590,563069000.000
2021-04-12,5452.440,5467.990,5349.710,5365.050,618220255.000
2021-04-13,5361.220,5402.130,5336.150,5350.870,558280205.000
2021-04-14,5354.140,5413.560,5354.140,5408.430,520057007.000
2021-04-15,5395.670,5395.670,5337.500,5382.620,521753685.000
2021-04-16,5395.110,5431.040,5366.520,5420.680,563689402.000
2021-04-19,5419.570,5535.040,5401.420,5533.780,638147837.000
2021-04-20,5515.490,5566.360,5507.690,5526.530,607345760.000
2021-04-21,5496.260,5543.930,5485.030,5532.140,540195573.000
2021-04-22,5549.800,5553.590,5514.970,5536.280,529092887.000
2021-04-23,5534.150,5573.340,5525.190,5560.170,541359459.000
2021-04-26,5578.870,5610.570,5508.410,5512.840,600658593.000
2021-04-27,5509.340,5516.670,5465.210,5515.480,536116595.000
2021-04-28,5501.720,5548.490,5486.170,5548.490,520540922.000
2021-04-29,5551.830,5581.300,5534.950,5572.660,556679795.000
2021-04-30,5560.630,5573.530,5510.700,5544.260,596504247.000
2021-05-06,5531.770,5563.070,5475.610,5510.010,609249338.000
2021-05-07,5520.840,5533.800,5445.090,5445.090,681344308.000
2021-05-10,5451.830,5470.280,5416.990,5454.540,695411138.000
2021-05-11,5418.480,5484.280,5376.340,5473.070,681691849.000
2021-05-12,5453.270,5516.190,5451.320,5511.470,611598886.000
2021-05-13,5458.250,5499.130,5448.650,5460.080,643722164.000
2021-05-14,5475.080,5562.730,5449.510,5562.160,675194276.000
2021-05-17,5562.220,5638.400,5562.070,5611.830,640734319.000
2021-05-18,5613.210,5622.860,5586.800,5622.270,542834311.000
2021-05-19,5606.840,5626.760,5586.900,5612.200,559770202.000
2021-05-20,5597.210,5632.150,5580.080,5614.160,629768971.000
2021-05-21,5625.900,5640.230,5572.610,5582.610,567234289.000
2021-05-24,5584.760,5611.120,5553.940,5611.120,585964330.000
2021-05-25,5618.420,5740.570,5614.120,5736.130,659245131.000
2021-05-26,5742.110,5762.600,5733.400,5744.160,674822323.000
2021-05-27,5737.580,5799.640,5721.780,5776.210,636005104.000
2021-05-28,5779.620,5803.710,5737.050,5765.000,685646305.000
2021-05-31,5769.500,5809.370,5747.930,5809.370,647212861.000
2021-06-01,5798.790,5826.870,5752.660,5825.590,689788502.000
2021-06-02,5828.260,5831.930,5745.660,5767.110,684282359.000
2021-06-03,5763.580,5801.650,5740.730,5740.730,661499939.000
2021-06-04,5715.880,5810.800,5708.810,5768.970,626137296.000
2021-06-07,5775.210,5780.350,5746.430,5780.220,605531165.000
2021-06-08,5780.020,5815.310,5708.770,5739.390,623738355.000
2021-06-09,5733.100,5762.410,5719.910,5747.460,603999881.000
2021-06-10,5745.590,5814.310,5739.510,5797.190,664449490.000
2021-06-11,5803.840,5804.230,5751.280,5755.730,737822110.000
2021-06-15,5753.490,5758.960,5675.980,5699.550,655143145.000
2021-06-16,5694.740,5695.150,5593.630,5598.980,599503766.000
2021-06-17,5593.130,5649.920,5593.130,5643.380,565124656.000
2021-06-18,5643.960,5684.790,5627.010,5669.450,628132555.000
2021-06-21,5655.200,5710.970,5634.790,5690.650,621664634.000
2021-06-22,5705.570,5727.220,5684.590,5725.300,651042841.000
2021-06-23,5729.190,5774.190,5713.620,5760.180,649773648.000
2021-06-24,5766.920,5767.390,5725.480,5745.760,623983372.000
2021-06-25,5747.980,5822.850,5745.120,5812.080,654623204.000
2021-06-28,5822.300,5844.600,5812.650,5839.270,609445430.000
2021-06-29,5842.820,5842.820,5782.140,5785.500,596959775.000
2021-06-30,5787.250,5838.010,5781.480,5834.190,547520474.000
2021-07-01,5849.050,5850.790,5785.630,5801.890,605482894.000
2021-07-02,5766.990,5766.990,5679.470,5687.290,577630864.000
2021-07-05,5687.900,5724.830,5675.550,5720.740,588016704.000
2021-07-06,5726.810,5739.580,5645.290,5710.240,630910604.000
2021-07-07,5676.730,5787.920,5665.260,5781.480,622881242.000
2021-07-08,5792.830,5799.550,5740.640,5748.980,703968737.000
2021-07-09,5721.880,5765.500,5666.310,5752.110,685563050.000
2021-07-12,5793.310,5859.420,5767.480,5839.900,806478223.000
2021-07-13,5835.320,5861.380,5824.130,5861.070,756386247.000
2021-07-14,5846.580,5851.670,5791.960,5798.980,773560078.000
2021-07-15,5782.620,5845.890,5747.440,5845.150,748472266.000
2021-07-16,5835.670,5851.540,5792.470,5795.530,734515822.000
2021-07-19,5786.080,5807.200,5748.000,5798.310,697327965.000
2021-07-20,5755.790,5807.490,5751.370,5805.930,615104584.000
2021-07-21,5824.470,5890.100,5824.470,5875.680,731086551.000
2021-07-22,5883.340,5898.990,5863.080,5898.530,802927288.000
2021-07-23,5892.790,5892.790,5818.690,5833.640,895082351.000
2021-07-26,5814.240,5814.240,5607.880,5694.920,876771916.000
2021-07-27,5696.700,5730.190,5517.650,5517.650,914750775.000
2021-07-28,5469.840,5532.940,5370.390,5481.890,800193887.000
2021-07-29,5575.220,5629.080,5550.350,5618.940,720080512.000
2021-07-30,5603.600,5621.350,5550.210,5607.750,786775787.000
2021-08-02,5598.860,5727.720,5577.180,5727.720,864788657.000
2021-08-03,5705.220,5747.080,5683.100,5699.810,836374421.000
2021-08-04,5691.420,5780.840,5686.400,5780.620,733080140.000
2021-08-05,5753.320,5786.440,5722.140,5748.750,752481104.000
2021-08-06,5751.820,5755.100,5698.760,5738.200,712785694.000
2021-08-09,5708.290,5797.760,5697.270,5785.830,734274538.000
2021-08-10,5775.510,5837.260,5761.200,5837.260,744154849.000
2021-08-11,5833.120,5858.030,5817.780,5841.800,799336206.000
2021-08-12,5825.510,5850.800,5798.140,5824.180,805948619.000
2021-08-13,5802.450,5855.060,5775.020,5804.730,791118392.000
2021-08-16,5794.530,5819.450,5768.110,5779.830,783633662.000
2021-08-17,5774.270,5798.970,5631.020,5646.550,844291466.000
2021-08-18,5645.650,5710.710,5630.670,5703.630,758016329.000
2021-08-19,5693.380,5724.350,5646.050,5694.730,756190796.000
2021-08-20,5654.400,5678.060,5566.740,5626.240,722240868.000
2021-08-23,5644.350,5739.510,5642.860,5730.800,787591456.000
2021-08-24,5737.790,5800.900,5730.140,5786.150,855283272.000
2021-08-25,5786.200,5816.810,5763.690,5816.810,827564416.000
2021-08-26,5813.230,5813.230,5730.190,5733.420,916370179.000
2021-08-27,5719.190,5773.840,5712.690,5757.150,868086860.000
2021-08-30,5774.750,5795.930,5735.030,5762.840,967675831.000
2021-08-31,5751.920,5759.380,5686.980,5759.260,959387865.000
2021-09-01,5762.220,5794.900,5672.720,5761.870,1166094835.000
2021-09-02,5750.120,5798.950,5747.610,5798.480,992939077.000
2021-09-03,5806.970,5826.650,5747.350,5767.880,1099129937.000
2021-09-06,5770.650,5867.890,5763.880,5861.810,961764284.000
2021-09-07,5861.300,5950.250,5845.600,5943.950,985624940.000
2021-09-08,5942.770,5969.040,5919.300,5943.760,1090011809.000
2021-09-09,5930.830,5954.520,5906.170,5954.420,1075673909.000
2021-09-10,5948.960,6001.130,5934.310,5980.360,1111476854.000
2021-09-13,5978.530,5999.180,5950.260,5981.760,1015016067.000
2021-09-14,5975.430,6014.370,5909.190,5920.570,1049031481.000
2021-09-15,5906.400,5936.650,5880.600,5910.010,899414384.000
2021-09-16,5913.780,5931.650,5807.100,5807.100,1024999456.000
2021-09-17,5792.850,5833.170,5749.440,5827.810,924169178.000
2021-09-22,5743.000,5828.440,5736.740,5824.670,816636919.000
2021-09-23,5861.620,5884.230,5842.470,5854.080,959603986.000
2021-09-24,5845.410,5871.970,5801.270,5807.960,906556636.000
2021-09-27,5828.710,5849.080,5704.710,5743.800,934323338.000
2021-09-28,5730.100,5769.030,5715.000,5752.750,746058448.000
2021-09-29,5707.580,5709.580,5619.520,5639.470,782898795.000
2021-09-30,5658.340,5731.660,5658.340,5723.460,682905560.000
2021-10-08,5787.810,5795.930,5736.850,5769.290,746620436.000
2021-10-11,5780.580,5792.290,5746.940,5757.890,705773425.000
2021-10-12,5742.110,5742.110,5616.360,5668.450,731639313.000
2021-10-13,5667.790,5729.910,5637.770,5723.250,602470213.000
2021-10-14,5715.700,5739.840,5700.670,5725.210,572881467.000
2021-10-15,5708.470,5751.480,5690.060,5740.990,640701467.000
2021-10-18,5736.330,5736.810,5682.710,5736.730,640794768.000
2021-10-19,5732.820,5788.750,5732.160,5785.590,633289200.000
2021-10-20,5777.040,5805.290,5763.280,5779.110,653264703.000
2021-10-21,5782.580,5809.810,5752.170,5782.980,662959930.000
2021-10-22,5788.050,5817.910,5772.770,5775.440,673318534.000
2021-10-25,5764.980,5821.200,5756.400,5820.160,626546940.000
2021-10-26,5833.420,5847.820,5790.620,5801.980,661088013.000
2021-10-27,5787.910,5787.910,5722.150,5739.810,677490872.000
2021-10-28,5722.100,5733.380,5650.770,5668.070,699011243.000
2021-10-29,5671.120,5741.000,5651.340,5740.290,676457717.000
2021-11-01,5717.770,5778.250,5704.640,5752.860,721021930.000
2021-11-02,5752.940,5779.940,5646.350,5694.340,784014558.000
2021-11-03,5688.370,5713.230,5654.900,5688.080,606632105.000
2021-11-04,5707.660,5749.830,5703.110,5749.670,635852554.000
2021-11-05,5740.520,5762.250,5702.480,5702.480,726801777.000
2021-11-08,5699.260,5733.920,5688.080,5724.720,634305674.000
2021-11-09,5737.970,5759.470,5717.260,5755.410,611415360.000
2021-11-10,5738.230,5740.010,5655.270,5736.360,662019442.000
2021-11-11,5728.610,5808.880,5721.880,5806.490,704070202.000
2021-11-12,5808.770,5826.640,5799.510,5821.340,681917208.000
2021-11-15,5829.450,5838.140,5784.670,5806.090,700111163.000
2021-11-16,5800.640,5829.780,5775.070,5781.860,690833581.000
2021-11-17,5785.270,5825.800,5778.850,5825.660,640796751.000
2021-11-18,5817.150,5820.900,5777.510,5787.900,707178593.000
2021-11-19,5783.130,5855.330,5779.000,5853.570,706418988.000
2021-11-22,5862.210,5916.080,5862.210,5914.580,725443861.000
2021-11-23,5909.180,5931.630,5899.980,5913.530,758533703.000
2021-11-24,5912.440,5931.390,5892.630,5911.980,729562435.000
2021-11-25,5912.740,5916.310,5892.580,5897.330,679335311.000
2021-11-26,5885.430,5895.520,5860.980,5876.020,671822735.000
2021-11-29,5815.170,5888.280,5812.110,5887.000,696996491.000
2021-11-30,5904.170,5917.680,5859.130,5891.450,747513196.000
2021-12-01,5887.660,5906.550,5876.720,5906.550,715225584.000
2021-12-02,5899.350,5916.040,5881.920,5887.000,745640861.000
2021-12-03,5889.680,5936.820,5887.500,5935.400,727278947.000
2021-12-06,5937.500,5952.500,5883.450,5887.770,803853954.000
2021-12-07,5924.030,5929.190,5830.440,5869.690,770966818.000
2021-12-08,5885.270,5960.450,5874.350,5960.450,682758950.000
2021-12-09,5963.280,6036.200,5960.580,6015.090,811554601.000
2021-12-10,5981.640,6015.240,5976.050,6008.620,769025376.000
2021-12-13,6037.260,6073.880,6030.490,6043.280,850974764.000
2021-12-14,6026.930,6037.430,6010.910,6021.940,784391302.000
2021-12-15,6012.540,6038.300,5986.030,5992.050,808213133.000
2021-12-16,5996.390,6031.250,5982.700,6031.250,811410020.000
2021-12-17,6021.100,6021.100,5951.130,5951.290,871951683.000
2021-12-20,5931.670,5966.990,5854.720,5860.270,885291843.000
2021-12-21,5857.080,5920.820,5857.080,5918.820,849793847.000
2021-12-22,5933.050,5947.730,5922.770,5937.930,883571384.000
2021-12-23,5943.580,5962.690,5928.760,5959.160,831382764.000
2021-12-24,5963.640,5965.680,5889.150,5896.640,855915163.000
2021-12-27,5891.240,5928.400,5871.450,5897.160,727600617.000
2021-12-28,5904.380,5940.120,5892.310,5939.420,711012020.000
2021-12-29,5937.790,5937.790,5884.400,5885.310,690864192.000
2021-12-30,5885.820,5953.220,5885.820,5935.270,726330168.000
2021-12-31,5951.310,5974.070,5947.390,5969.800,758209875.000
2022-01-04,5991.910,5995.150,5920.410,5958.740,933667559.000
2022-01-05,5949.010,5949.790,5843.880,5868.580,954864823.000
2022-01-06,5837.800,5868.570,5801.150,5855.530,838870344.000
2022-01-07,5860.040,5878.780,5808.180,5811.610,943757518.000
2022-01-10,5798.810,5841.270,5764.160,5839.640,777098055.000
2022-01-11,5837.210,5852.900,5778.360,5787.490,790310158.000
2022-01-12,5812.100,5859.000,5805.590,5857.310,769140379.000
2022-01-13,5864.000,5864.000,5768.850,5768.850,823412152.000
2022-01-14,5743.460,5783.960,5729.450,5746.230,840018640.000
2022-01-17,5751.110,5819.220,5751.110,5814.110,778404719.000
2022-01-18,5815.200,5846.640,5790.120,5823.330,885440685.000
2022-01-19,5814.070,5830.400,5752.130,5784.120,777871623.000
2022-01-20,5782.510,5811.040,5743.340,5756.520,851803124.000
2022-01-21,5739.660,5747.830,5683.360,5695.020,726789476.000
2022-01-24,5664.630,5722.180,5658.360,5704.390,621328354.000
2022-01-25,5679.380,5702.410,5531.880,5531.880,734181674.000
2022-01-26,5550.520,5586.750,5496.690,5568.440,587445224.000
2022-01-27,5566.470,5566.490,5431.030,5433.240,614173875.000
2022-01-28,5465.540,5487.540,5369.540,5405.910,610310234.000
2022-02-07,5487.310,5510.310,5467.430,5484.440,656817059.000
2022-02-08,5479.060,5490.480,5384.370,5490.480,722616640.000
2022-02-09,5489.800,5565.880,5478.020,5560.690,739862788.000
2022-02-10,5563.550,5563.550,5507.660,5544.290,722716736.000
2022-02-11,5519.020,5547.810,5464.770,5471.570,756235885.000
2022-02-14,5444.060,5484.960,5407.860,5432.640,670379393.000
2022-02-15,5437.420,5492.170,5430.280,5490.890,614219442.000
2022-02-16,5514.100,5536.650,5504.520,5522.110,616398396.000
2022-02-17,5517.350,5560.570,5503.830,5532.490,685507838.000
2022-02-18,5501.870,5564.380,5494.220,5564.380,646133384.000
2022-02-21,5564.920,5583.630,5547.240,5582.130,709699988.000
2022-02-22,5549.050,5549.050,5489.060,5518.630,742762175.000
2022-02-23,5526.420,5602.880,5526.420,5601.320,741858103.000
2022-02-24,5570.010,5602.630,5422.100,5483.350,1062518804.000
2022-02-25,5524.350,5585.570,5522.650,5536.750,775362627.000
2022-02-28,5534.010,5554.680,5482.730,5554.680,707438452.000
2022-03-01,5569.870,5590.440,5549.600,5588.580,685644962.000
2022-03-02,5562.610,5568.550,5533.540,5564.600,692720296.000
2022-03-03,5584.650,5589.590,5523.150,5532.530,821421250.000
2022-03-04,5494.480,5526.990,5447.380,5464.870,798097168.000
2022-03-07,5439.300,5439.300,5301.900,5323.150,781533428.000
2022-03-08,5327.080,5345.530,5167.430,5184.960,853578759.000
2022-03-09,5199.580,5226.000,4929.480,5128.010,935447498.000
2022-03-10,5239.950,5269.560,5212.750,5220.500,794030802.000
2022-03-11,5150.420,5256.950,5089.840,5248.110,788702203.000
2022-03-14,5192.770,5228.660,5098.410,5098.410,712834127.000
2022-03-15,5048.020,5082.180,4854.050,4854.050,911004658.000
2022-03-16,4937.300,5053.290,4781.180,5040.990,903320303.000
2022-03-17,5120.190,5216.430,5114.870,5135.630,905741306.000
2022-03-18,5114.190,5192.510,5100.370,5179.140,780558355.000
2022-03-21,5191.780,5224.900,5146.630,5200.600,785317879.000
2022-03-22,5191.430,5227.540,5165.140,5191.670,781411961.000
2022-03-23,5204.620,5231.100,5180.450,5216.870,759874355.000
2022-03-24,5187.790,5206.130,5140.470,5174.910,730382141.000
2022-03-25,5174.860,5189.180,5103.070,5103.070,739222088.000
2022-03-28,5059.570,5114.210,5010.790,5078.440,731305336.000
2022-03-29,5087.030,5107.960,5038.330,5053.110,705834955.000
2022-03-30,5078.310,5174.750,5073.240,5174.750,776771764.000
2022-03-31,5156.340,5168.540,5125.390,5134.620,852806198.000
2022-04-01,5104.160,5184.530,5089.990,5170.980,809980870.000
2022-04-06,5158.400,5173.290,5129.420,5167.550,876397675.000
2022-04-07,5140.590,5174.320,5076.520,5076.520,842754628.000
2022-04-08,5080.600,5092.920,5010.570,5078.000,835627048.000
2022-04-11,5050.730,5050.730,4897.390,4916.170,846830651.000
2022-04-12,4913.120,5001.970,4877.750,5001.970,828774475.000
2022-04-13,4973.610,5001.720,4933.020,4933.020,788366754.000
2022-04-14,4963.600,5019.950,4949.740,4993.450,739675871.000
2022-04-15,4962.510,4992.190,4932.310,4957.720,805085317.000
2022-04-18,4918.660,4966.260,4880.260,4957.230,674613674.000
2022-04-19,4952.610,4983.930,4919.210,4947.550,659617002.000
2022-04-20,4943.370,4947.780,4852.290,4867.240,719951788.000
2022-04-21,4843.090,4876.560,4714.190,4731.330,768201263.000
2022-04-22,4698.660,4757.890,4661.570,4718.910,666738271.000
2022-04-25,4630.780,4638.220,4432.890,4432.890,840489526.000
2022-04-26,4436.790,4486.280,4339.930,4351.270,791036706.000
2022-04-27,4308.270,4504.050,4302.040,4503.950,848066912.000
2022-04-28,4481.140,4542.100,4443.870,4501.360,738806185.000
2022-04-29,4527.350,4652.180,4507.100,4647.020,838235003.000
2022-05-05,4630.040,4710.210,4625.250,4676.850,754621608.000
2022-05-06,4574.780,4624.350,4562.290,4580.550,680092613.000
2022-05-09,4561.460,4613.520,4558.010,4587.440,598051763.000
2022-05-10,4523.880,4660.570,4511.910,4651.720,744922559.000
2022-05-11,4654.460,4789.690,4654.140,4703.870,888588698.000
2022-05-12,4675.520,4731.140,4664.640,4704.520,712278430.000
2022-05-13,4728.490,4748.380,4694.110,4739.190,683925994.000
2022-05-16,4770.440,4777.760,4707.390,4721.800,712531696.000
2022-05-17,4723.760,4759.940,4692.290,4759.940,678705546.000
2022-05-18,4765.850,4790.870,4733.130,4755.460,674173624.000
2022-05-19,4687.860,4778.540,4680.550,4778.540,712446334.000
2022-05-20,4799.510,4857.260,4799.230,4857.260,773426659.000
2022-05-23,4865.210,4870.950,4829.190,4868.520,732330046.000
2022-05-24,4868.050,4868.550,4714.130,4714.130,859030682.000
2022-05-25,4712.500,4769.140,4709.360,4769.140,675719270.000
2022-05-26,4774.830,4813.690,4710.480,4792.160,729527610.000
2022-05-27,4817.250,4844.410,4764.750,4795.290,715295059.000
2022-05-30,4815.590,4835.750,4783.980,4834.670,684661166.000
2022-05-31,4836.510,4906.510,4812.550,4901.990,753015655.000
2022-06-01,4892.170,4918.390,4868.820,4904.740,730704910.000
2022-06-02,4884.420,4933.790,4874.890,4931.210,718217539.000
2022-06-06,4933.520,5028.090,4916.820,5027.550,830170287.000
2022-06-07,5028.560,5051.860,4995.870,5031.340,807062986.000
2022-06-08,5035.190,5067.770,4977.350,5061.660,860494205.000
2022-06-09,5051.560,5058.600,4971.550,4994.070,810084470.000
2022-06-10,4959.290,5082.470,4955.860,5079.690,837161767.000
2022-06-13,5035.780,5080.170,5012.410,5058.040,860745728.000
2022-06-14,5004.790,5084.630,4932.690,5084.090,893651762.000
2022-06-15,5089.500,5197.950,5088.850,5111.960,1060846473.000
2022-06-16,5113.860,5155.430,5090.250,5107.800,879587260.000
2022-06-17,5072.720,5174.390,5069.520,5165.790,817702762.000
2022-06-20,5179.400,5232.480,5158.050,5200.680,848367633.000
2022-06-21,5198.450,5219.390,5129.060,5177.680,845775637.000
2022-06-22,5182.590,5184.720,5109.680,5111.060,778009941.000
2022-06-23,5117.210,5208.370,5092.540,5208.370,837160834.000
2022-06-24,5220.580,5276.100,5214.470,5269.810,851562226.000
2022-06-27,5294.530,5346.380,5294.530,5322.660,888011146.000
2022-06-28,5321.710,5391.140,5294.060,5386.110,907668443.000
2022-06-29,5368.680,5391.470,5277.440,5281.530,978238875.000
2022-06-30,5282.560,5381.360,5282.560,5350.830,846438762.000
2022-07-01,5353.510,5366.630,5318.910,5336.140,769018789.000
2022-07-04,5323.000,5381.560,5294.160,5381.560,782069830.000
2022-07-05,5389.880,5409.850,5302.910,5364.210,865206607.000
2022-07-06,5346.800,5356.350,5252.390,5293.900,794343125.000
2022-07-07,5293.820,5343.800,5260.180,5329.090,751059626.000
2022-07-08,5352.480,5365.160,5304.670,5308.520,748181961.000
2022-07-11,5286.860,5286.860,5196.420,5231.290,752476795.000
2022-07-12,5229.490,5246.120,5160.390,5167.810,740457865.000
2022-07-13,5167.470,5213.590,5142.030,5194.870,740593693.000
2022-07-14,5183.870,5247.300,5173.260,5215.730,784992876.000
2022-07-15,5191.480,5235.000,5133.320,5133.320,839265774.000
2022-07-18,5147.470,5212.780,5122.490,5210.420,782346362.000
2022-07-19,5211.380,5228.070,5175.000,5214.090,764856955.000
2022-07-20,5233.870,5261.850,5224.890,5252.890,724723055.000
2022-07-21,5240.770,5254.250,5206.880,5206.880,777843314.000
2022-07-22,5218.380,5243.940,5153.500,5194.890,722717079.000
2022-07-25,5194.350,5202.170,5138.790,5151.870,664461938.000
2022-07-26,5157.340,5209.500,5135.990,5201.610,641352942.000
2022-07-27,5191.690,5218.050,5180.050,5209.350,645921898.000
2022-07-28,5232.510,5264.280,5215.620,5224.380,746969689.000
2022-07-29,5227.140,5241.990,5165.510,5174.980,745292286.000
2022-08-01,5165.960,5209.770,5133.080,5206.500,704284710.000
2022-08-02,5152.060,5152.060,5019.720,5069.120,934408077.000
2022-08-03,5075.830,5134.520,5013.990,5026.750,803534809.000
2022-08-04,5054.100,5076.670,5007.780,5069.670,646674118.000
2022-08-05,5080.500,5145.280,5068.820,5142.270,686962218.000
2022-08-08,5130.080,5169.580,5121.990,5169.240,638500892.000
2022-08-09,5164.130,5185.380,5148.400,5184.380,643179743.000
2022-08-10,5173.950,5193.820,5136.080,5158.400,646165044.000
2022-08-11,5181.760,5245.260,5169.130,5245.260,748204866.000
2022-08-12,5237.290,5256.130,5227.660,5228.890,746195185.000
2022-08-15,5217.930,5256.760,5211.510,5241.730,702342556.000
2022-08-16,5247.280,5278.880,5240.060,5254.110,745623184.000
2022-08-17,5260.190,5290.780,5229.200,5284.560,792336980.000
2022-08-18,5272.480,5274.560,5251.360,5265.720,757608270.000
2022-08-19,5263.430,5275.370,5209.720,5209.720,806747246.000
2022-08-22,5194.070,5250.740,5184.040,5250.740,733651164.000
2022-08-23,5241.730,5255.900,5225.290,5245.850,724933782.000
2022-08-24,5252.400,5254.580,5105.110,5110.530,850951335.000
2022-08-25,5125.530,5133.740,5056.480,5127.570,748863395.000
2022-08-26,5138.310,5168.260,5101.830,5109.440,684537215.000
2022-08-29,5047.310,5112.720,5039.170,5112.720,645750637.000
2022-08-30,5112.100,5116.320,5064.030,5089.100,657464500.000
2022-08-31,5069.640,5082.530,4993.430,5017.150,753374776.000
2022-09-01,5009.880,5043.930,4976.970,4983.700,622097613.000
2022-09-02,4994.630,5011.350,4972.080,4994.810,580417114.000
2022-09-05,4986.300,5004.050,4963.140,4999.180,604601039.000
2022-09-06,5011.510,5066.940,4996.970,5066.940,679261641.000
2022-09-07,5047.230,5094.790,5040.600,5080.880,677044545.000
2022-09-08,5083.590,5088.090,5045.390,5048.680,636910336.000
2022-09-09,5058.800,5091.760,5043.480,5087.470,623355279.000
2022-09-13,5106.020,5114.820,5083.590,5097.080,604672210.000
2022-09-14,5027.340,5066.500,5015.410,5044.050,568112608.000
2022-09-15,5063.380,5067.440,4907.510,4951.870,722476796.000
2022-09-16,4936.670,4940.480,4836.370,4836.370,668537734.000
2022-09-19,4830.280,4853.660,4784.840,4808.790,541063485.000
2022-09-20,4834.290,4870.460,4826.780,4842.250,508613696.000
2022-09-21,4827.930,4849.150,4779.090,4828.520,532955370.000
2022-09-22,4795.010,4846.700,4788.890,4803.130,511612471.000
2022-09-23,4799.910,4817.130,4717.140,4750.710,545856355.000
2022-09-26,4716.830,4784.100,4699.200,4705.370,548785142.000
2022-09-27,4717.160,4788.620,4703.370,4788.620,517416126.000
2022-09-28,4776.870,4776.870,4680.740,4680.740,517979489.000
2022-09-29,4723.740,4733.210,4652.770,4676.930,509737503.000
2022-09-30,4677.830,4695.760,4631.680,4631.680,451835833.000
2022-10-10,4637.710,4641.320,4527.800,4537.690,507545969.000
2022-10-11,4547.450,4573.270,4512.330,4559.230,454862032.000
2022-10-12,4555.170,4655.920,4484.650,4655.920,557997598.000
2022-10-13,4627.380,4690.710,4619.670,4651.480,564991787.000
2022-10-14,4685.180,4782.710,4683.870,4762.020,626862093.000
2022-10-17,4740.090,4793.950,4734.580,4790.520,602590157.000
2022-10-18,4809.620,4829.010,4778.360,4795.510,590007750.000
2022-10-19,4782.510,4796.910,4736.700,4736.700,554995434.000
2022-10-20,4706.830,4775.900,4668.570,4711.960,577091279.000
2022-10-21,4713.370,4735.650,4688.880,4706.910,545692893.000
2022-10-24,4703.670,4758.130,4591.010,4613.740,658115085.000
2022-10-25,4594.610,4646.640,4543.670,4603.810,602413763.000
2022-10-26,4608.100,4710.430,4608.100,4666.430,657919629.000
2022-10-27,4675.360,4697.230,4640.720,4640.720,645504638.000
2022-10-28,4608.600,4619.830,4489.780,4503.140,684880097.000
2022-10-31,4465.670,4547.810,4465.670,4500.130,651773160.000
2022-11-01,4510.690,4634.420,4506.370,4634.420,696062327.000
2022-11-02,4623.480,4719.900,4616.060,4692.070,740240098.000
2022-11-03,4651.920,4695.130,4647.040,4683.030,612429708.000
2022-11-04,4683.140,4822.570,4683.140,4808.230,742802752.000
2022-11-07,4801.560,4839.160,4782.970,4820.800,722941108.000
2022-11-08,4818.600,4820.700,4767.560,4800.070,610154875.000
2022-11-09,4801.920,4821.060,4771.820,4774.900,579211553.000
2022-11-10,4744.240,4765.530,4719.890,4740.970,640200034.000
2022-11-11,4855.550,4875.330,4801.850,4817.240,920344822.000
2022-11-14,4835.000,4864.220,4794.550,4810.850,813409810.000
2022-11-15,4806.010,4905.340,4795.050,4905.340,772766808.000
2022-11-16,4902.610,4923.350,4864.180,4872.570,707128543.000
2022-11-17,4858.290,4869.630,4817.230,4869.630,668759448.000
2022-11-18,4872.380,4895.430,4840.490,4842.810,721601094.000
2022-11-21,4809.400,4831.030,4778.430,4831.030,621233473.000
2022-11-22,4825.820,4857.720,4781.080,4798.730,698490847.000
2022-11-23,4789.050,4813.060,4743.440,4792.970,671381134.000
2022-11-24,4807.420,4823.190,4777.250,4789.020,591606493.000
2022-11-25,4778.760,4796.680,4760.370,4777.880,630396525.000
2022-11-28,4700.430,4744.810,4675.540,4743.220,627695707.000
2022-11-29,4769.390,4861.200,4769.390,4855.440,803672165.000
2022-11-30,4847.200,4873.070,4834.490,4857.840,793548504.000
2022-12-01,4920.560,4939.310,4900.890,4902.410,814210866.000
2022-12-02,4892.450,4919.720,4884.290,4893.820,681873206.000
2022-12-05,4928.520,4957.230,4919.250,4956.840,874812716.000
2022-12-06,4938.670,4984.870,4932.540,4963.620,762862951.000
2022-12-07,4950.690,4994.030,4940.230,4957.980,731336339.000
2022-12-08,4951.370,4963.440,4932.560,4947.630,686247955.000
2022-12-09,4949.010,4979.700,4927.880,4973.350,774734864.000
2022-12-12,4956.190,4956.950,4933.200,4936.630,720505463.000
2022-12-13,4936.130,4938.460,4911.890,4917.090,654496431.000
2022-12-14,4922.000,4936.210,4902.370,4913.740,623565355.000
2022-12-15,4910.570,4926.730,4894.630,4919.810,588712692.000
2022-12-16,4895.770,4913.620,4875.350,4897.950,619214589.000
2022-12-19,4894.250,4906.140,4789.090,4806.920,639936735.000
2022-12-20,4794.170,4794.450,4731.540,4749.950,508034815.000
2022-12-21,4755.770,4767.190,4718.100,4733.770,469690433.000
2022-12-22,4760.660,4771.120,4688.580,4703.350,537709244.000
2022-12-23,4677.130,4717.150,4665.070,4689.820,476030079.000
2022-12-26,4692.300,4746.390,4692.300,4739.470,491473739.000
2022-12-27,4755.270,4785.190,4742.940,4782.140,531642398.000
2022-12-28,4766.940,4772.060,4742.300,4751.540,533062804.000
2022-12-29,4734.920,4764.570,4725.030,4737.120,503557242.000
2022-12-30,4755.120,4767.520,4749.880,4756.620,505211150.000
2023-01-03,4753.340,4821.740,4733.140,4815.920,638612619.000
2023-01-04,4814.740,4834.230,4796.960,4821.470,647843086.000
2023-01-05,4836.470,4892.750,4831.670,4887.540,629981118.000
2023-01-06,4886.290,4921.970,4883.860,4895.240,627800935.000
2023-01-09,4913.280,4941.650,4911.970,4928.500,587496440.000
2023-01-10,4931.530,4941.300,4912.810,4932.200,543848705.000
2023-01-11,4934.720,4955.370,4905.380,4909.220,552540728.000
2023-01-12,4919.210,4934.940,4899.320,4914.200,525950272.000
2023-01-13,4928.870,4959.140,4921.290,4959.140,521288685.000
2023-01-16,4963.820,5059.340,4963.820,5023.430,664393189.000
2023-01-17,5026.470,5035.690,5001.230,5022.050,525454978.000
2023-01-18,5027.880,5041.560,5018.860,5025.950,500287007.000
2023-01-19,5020.050,5059.340,5008.050,5059.340,518657827.000
2023-01-20,5070.650,5099.560,5070.650,5096.780,585238593.000
2023-01-30,5179.760,5184.520,5129.540,5132.830,797443104.000
2023-01-31,5123.950,5142.480,5104.060,5112.410,706272579.000
2023-02-01,5124.430,5175.550,5105.970,5175.550,793486530.000
2023-02-02,5187.160,5195.480,5156.150,5172.520,780173068.000
2023-02-03,5156.070,5156.070,5086.990,5143.680,705490049.000
2023-02-06,5112.280,5121.920,5075.280,5100.220,660574701.000
2023-02-07,5109.800,5120.090,5090.530,5117.060,659713534.000
2023-02-08,5121.290,5126.840,5086.250,5089.440,628480854.000
2023-02-09,5078.960,5160.820,5074.550,5160.820,657037677.000
2023-02-10,5154.140,5163.530,5115.690,5139.430,678744092.000
2023-02-13,5135.080,5188.720,5131.870,5188.130,727147019.000
2023-02-14,5197.900,5197.900,5169.260,5192.170,685007294.000
2023-02-15,5193.690,5199.720,5168.550,5180.860,697008482.000
2023-02-16,5181.210,5219.240,5076.950,5109.810,937669666.000
2023-02-17,5105.450,5128.860,5053.700,5054.770,696470987.000
2023-02-20,5061.100,5152.480,5046.550,5152.000,729170389.000
2023-02-21,5152.670,5180.970,5135.130,5171.260,723398547.000
2023-02-22,5144.220,5171.690,5138.400,5149.380,596049071.000
2023-02-23,5150.390,5170.240,5117.410,5139.310,613364931.000
2023-02-24,5139.840,5140.540,5083.260,5105.600,530230460.000
2023-02-27,5085.880,5110.200,5066.910,5076.600,548771727.000
2023-02-28,5092.220,5117.310,5060.160,5115.270,565253297.000
2023-03-01,5114.890,5173.480,5103.190,5169.950,702136707.000
2023-03-02,5164.810,5178.240,5149.100,5154.210,723171208.000
2023-03-03,5158.850,5167.340,5125.360,5161.790,695857075.000
2023-03-06,5164.780,5166.070,5124.550,5154.660,693531741.000
2023-03-07,5149.840,5157.900,5065.760,5066.120,761145156.000
2023-03-08,5048.330,5072.180,5042.220,5071.470,541948289.000
2023-03-09,5076.270,5079.350,5035.300,5061.660,558827734.000
2023-03-10,5030.280,5037.800,4992.600,4993.510,600981996.000
2023-03-13,4984.290,5031.230,4979.560,5031.030,623200247.000
2023-03-14,5022.750,5022.750,4938.330,4989.800,682018776.000
2023-03-15,5016.130,5034.430,5005.540,5007.390,622929207.000
2023-03-16,4976.960,4992.330,4932.980,4937.710,649332581.000
2023-03-17,4971.120,5010.920,4953.220,4967.680,711509412.000
2023-03-20,4974.080,4986.970,4943.260,4948.420,794196610.000
2023-03-21,4956.910,5009.830,4954.750,5009.770,655354504.000
2023-03-22,5022.000,5042.750,5014.730,5034.080,696401927.000
2023-03-23,5019.480,5065.680,5014.560,5065.680,706335316.000
2023-03-24,5065.160,5068.950,5042.370,5060.340,764855730.000
2023-03-27,5058.060,5061.150,5018.460,5055.620,792581243.000
2023-03-28,5056.940,5061.800,5021.580,5027.030,706726187.000
2023-03-29,5036.450,5041.240,5005.930,5021.840,671672642.000
2023-03-30,5022.630,5045.820,4984.810,5040.630,655913895.000
2023-03-31,5045.140,5076.730,5041.610,5074.030,650281752.000
2023-04-03,5080.600,5131.600,5080.600,5128.980,815525175.000
2023-04-04,5127.770,5127.790,5099.350,5125.260,852615409.000
2023-04-06,5103.510,5127.070,5096.490,5123.780,743105918.000
2023-04-07,5125.510,5163.090,5120.280,5162.810,675399673.000
2023-04-10,5170.550,5170.680,5110.690,5121.360,767040090.000
2023-04-11,5122.540,5132.160,5097.590,5124.770,703010806.000
2023-04-12,5126.770,5145.180,5119.980,5139.650,756177333.000
2023-04-13,5126.690,5138.780,5096.580,5105.750,777911137.000
2023-04-14,5116.390,5136.350,5097.510,5131.820,736587146.000
2023-04-17,5127.250,5168.220,5125.750,5168.220,784028129.000
2023-04-18,5158.540,5173.450,5147.880,5167.220,706117573.000
2023-04-19,5162.740,5164.180,5126.370,5134.100,719457837.000
2023-04-20,5128.930,5128.930,5098.800,5123.430,736382000.000
2023-04-21,5121.670,5121.670,5003.550,5003.550,819630291.000
2023-04-24,5000.710,5004.060,4939.660,4959.070,741392130.000
2023-04-25,4956.830,4960.490,4847.050,4902.100,803348110.000
2023-04-26,4885.850,4939.390,4877.200,4915.130,761088229.000
2023-04-27,4899.930,4954.420,4894.380,4932.270,723853317.000
2023-04-28,4930.180,5000.170,4930.180,4998.810,819676228.000
2023-05-04,4981.820,5010.770,4978.900,5010.520,933799728.000
2023-05-05,5007.780,5007.990,4954.870,4976.580,842507624.000
2023-05-08,4985.380,5025.230,4983.640,5021.700,936782977.000
2023-05-09,5020.100,5036.940,4963.900,4965.360,1010742384.000
2023-05-10,4954.060,4967.840,4927.280,4951.690,802380964.000
2023-05-11,4960.570,4973.050,4947.440,4950.450,699768701.000
2023-05-12,4942.010,4958.790,4888.240,4888.840,679438589.000
2023-05-15,4890.020,4948.330,4856.070,4948.330,736939711.000
2023-05-16,4950.040,4950.040,4900.340,4913.200,642022140.000
2023-05-17,4902.140,4930.450,4895.130,4916.860,579688647.000
2023-05-18,4921.620,4942.250,4903.870,4924.360,648960888.000
2023-05-19,4913.290,4940.480,4891.880,4916.980,604866452.000
2023-05-22,4911.580,4945.650,4903.740,4934.470,583997106.000
2023-05-23,4932.410,4933.500,4873.940,4873.940,578571172.000
2023-05-24,4860.110,4877.460,4830.370,4833.620,597581947.000
2023-05-25,4825.350,4841.380,4776.350,4824.010,621123848.000
2023-05-26,4820.780,4850.650,4791.390,4841.930,580578438.000
2023-05-29,4852.790,4860.200,4813.780,4824.920,654885091.000
2023-05-30,4815.210,4841.240,4773.540,4841.240,662328791.000
2023-05-31,4830.110,4834.720,4792.670,4814.790,637123821.000
2023-06-01,4800.570,4856.200,4794.350,4825.010,689653586.000
2023-06-02,4838.070,4883.200,4838.070,4877.550,661335911.000
2023-06-05,4877.360,4879.240,4856.200,4871.860,618592816.000
2023-06-06,4866.060,4873.800,4790.550,4799.350,683817622.000
2023-06-07,4802.770,4817.420,4781.100,4794.770,573799839.000
2023-06-08,4790.880,4820.200,4764.360,4799.240,625812102.000
2023-06-09,4800.840,4827.030,4788.340,4827.000,682949165.000
2023-06-12,4818.330,4859.920,4804.740,4844.860,682105500.000
2023-06-13,4837.800,4868.840,4836.180,4866.300,644915214.000
2023-06-14,4871.550,4889.110,4866.450,4870.510,691215646.000
2023-06-15,4875.150,4921.720,4873.400,4921.720,703287871.000
2023-06-16,4925.140,4969.350,4921.440,4965.480,709490187.000
2023-06-19,4962.950,4963.090,4943.160,4949.890,715792772.000
2023-06-20,4943.840,4957.930,4931.070,4941.420,686343717.000
2023-06-21,4926.140,4932.370,4853.020,4853.020,678826155.000
2023-06-26,4817.910,4828.850,4761.410,4770.780,699414298.000
2023-06-27,4774.160,4832.560,4773.730,4828.320,626509445.000
2023-06-28,4820.710,4824.160,4752.640,4815.630,637466585.000
2023-06-29,4808.450,4839.080,4806.570,4818.680,599081020.000
2023-06-30,4812.110,4876.050,4807.290,4859.890,638146259.000
2023-07-03,4871.820,4910.060,4867.120,4900.640,721092081.000
2023-07-04,4897.240,4914.690,4888.250,4914.690,645270158.000
2023-07-05,4910.080,4910.080,4871.710,4877.960,613300015.000
2023-07-06,4866.710,4894.470,4850.150,4856.980,588083414.000
2023-07-07,4844.580,4856.850,4818.750,4831.170,602846264.000
2023-07-10,4847.600,4866.530,4829.320,4845.360,546941311.000
2023-07-11,4853.250,4879.530,4840.950,4879.530,542892479.000
2023-07-12,4876.260,4880.980,4825.830,4830.430,651112291.000
2023-07-13,4843.520,4894.530,4843.520,4891.430,636541595.000
2023-07-14,4897.250,4904.470,4886.550,4889.740,637501570.000
2023-07-17,4871.330,4871.330,4840.610,4862.880,578273378.000
2023-07-18,4866.170,4871.310,4839.840,4851.570,562595435.000
2023-07-19,4846.230,4862.440,4819.380,4844.290,514119865.000
2023-07-20,4850.330,4863.240,4791.670,4796.910,592849687.000
2023-07-21,4788.240,4823.060,4776.910,4791.520,563947213.000
2023-07-24,4777.130,4809.630,4764.990,4779.820,538838302.000
2023-07-25,4837.710,4885.710,4837.710,4885.710,752377211.000
2023-07-26,4880.590,4880.590,4854.950,4867.530,696606413.000
2023-07-27,4871.450,4891.150,4839.290,4847.070,712733561.000
2023-07-28,4833.210,4931.470,4823.890,4924.520,845623266.000
2023-07-31,4944.690,4993.990,4944.690,4959.940,955811739.000
2023-08-01,4955.370,4970.270,4931.740,4948.380,897066466.000
2023-08-02,4937.170,4955.920,4912.470,4926.310,799349992.000
2023-08-03,4913.060,4948.720,4906.750,4948.640,760734788.000
2023-08-04,4972.670,4999.670,4953.250,4967.310,916158479.000
2023-08-07,4952.050,4952.050,4920.170,4934.830,742850513.000
2023-08-08,4925.530,4938.860,4902.350,4918.200,661060220.000
2023-08-09,4903.650,4915.530,4883.240,4889.410,597048332.000
2023-08-10,4883.290,4902.370,4868.350,4898.820,569660611.000
2023-08-11,4901.120,4901.160,4798.580,4798.580,660227369.000
2023-08-14,4753.000,4790.840,4725.400,4789.020,610050996.000
2023-08-15,4790.770,4796.810,4724.110,4764.970,565504805.000
2023-08-16,4747.970,4767.970,4722.680,4722.820,574137167.000
2023-08-17,4704.580,4760.550,4679.220,4755.590,604720654.000
2023-08-18,4755.480,4768.420,4683.690,4683.690,612719830.000
2023-08-21,4673.150,4696.300,4630.060,4630.060,548079947.000
2023-08-22,4650.790,4669.880,4585.250,4661.400,651545035.000
2023-08-23,4652.400,4652.400,4579.030,4579.470,571476160.000
2023-08-24,4594.670,4636.810,4569.450,4600.320,629641722.000
2023-08-25,4577.110,4593.940,4533.550,4550.020,642486412.000
2023-08-28,4796.460,4796.460,4586.370,4598.060,968843885.000
2023-08-29,4586.860,4704.420,4585.330,4690.310,863823363.000
2023-08-30,4701.210,4729.930,4681.790,4700.680,780993763.000
2023-08-31,4696.080,4700.770,4664.330,4672.310,675252539.000
2023-09-01,4682.950,4708.070,4675.560,4690.290,614489514.000
2023-09-04,4711.220,4759.880,4701.210,4759.880,745562369.000
2023-09-05,4750.050,4752.750,4721.500,4729.160,643901481.000
2023-09-06,4714.330,4737.890,4697.740,4732.820,605805493.000
2023-09-07,4723.000,4723.000,4660.020,4660.310,623212785.000
2023-09-08,4646.500,4670.450,4633.640,4654.750,537411385.000
2023-09-11,4659.000,4719.150,4644.340,4698.910,649984940.000
2023-09-12,4695.230,4711.040,4685.450,4693.460,549437532.000
2023-09-13,4688.250,4695.070,4624.990,4651.330,574062095.000
2023-09-14,4650.310,4656.440,4616.040,4636.860,568283763.000
2023-09-15,4646.590,4659.650,4610.250,4625.130,591866655.000
2023-09-18,4611.890,4656.240,4596.520,4644.680,562010961.000
2023-09-19,4639.140,4639.140,4605.470,4619.890,538807843.000
2023-09-20,4612.380,4617.960,4593.030,4593.030,489176570.000
2023-09-21,4583.420,4601.590,4557.440,4557.440,493178121.000
2023-09-22,4554.770,4640.520,4547.300,4639.860,609072813.000
2023-09-25,4638.430,4638.430,4608.420,4615.130,571097596.000
2023-09-26,4609.690,4621.130,4592.600,4592.600,510475398.000
2023-09-27,4591.710,4637.670,4591.540,4608.980,551832171.000
2023-09-28,4621.400,4631.100,4608.980,4621.410,556494450.000
2023-10-09,4612.890,4620.580,4573.060,4609.570,618569965.000
2023-10-10,4621.000,4627.740,4584.300,4587.270,619297305.000
2023-10-11,4601.790,4624.620,4585.820,4597.760,636825547.000
2023-10-12,4625.410,4636.870,4610.120,4634.920,647260723.000
2023-10-13,4610.720,4611.950,4587.750,4600.130,629650118.000
2023-10-16,4602.740,4602.900,4542.910,4560.090,654832056.000
2023-10-17,4565.610,4567.750,4540.150,4566.250,603223945.000
2023-10-18,4554.250,4554.250,4509.830,4511.900,629171847.000
2023-10-19,4487.250,4500.320,4439.430,4439.930,666629556.000
2023-10-20,4420.670,4444.470,4395.480,4402.690,605855306.000
2023-10-23,4387.770,4387.770,4305.130,4327.130,629904303.000
2023-10-24,4339.400,4381.060,4317.890,4373.520,677927850.000
2023-10-25,4409.040,4435.520,4405.120,4409.520,736843788.000
2023-10-26,4385.570,4428.870,4375.340,4426.100,691860291.000
2023-10-27,4411.350,4506.290,4404.500,4490.100,760823383.000
2023-10-30,4479.850,4543.030,4479.770,4533.610,815051957.000
2023-10-31,4531.760,4532.920,4496.340,4515.150,740313334.000
2023-11-01,4536.240,4536.810,4503.850,4513.000,652168533.000
2023-11-02,4518.710,4531.780,4477.610,4477.810,637911025.000
2023-11-03,4483.100,4537.550,4483.100,4523.670,647439719.000
2023-11-06,4552.040,4602.090,4552.040,4601.010,849016024.000
2023-11-07,4592.660,4614.630,4578.770,4603.610,777223019.000
2023-11-08,4596.460,4620.810,4577.620,4604.260,810828155.000
2023-11-09,4597.300,4620.510,4580.840,4590.520,742952422.000
2023-11-10,4571.910,4575.300,4550.360,4567.890,645206319.000
2023-11-13,4579.260,4588.900,4558.820,4585.240,677835392.000
2023-11-14,4585.270,4610.230,4581.850,4601.290,700212437.000
2023-11-15,4639.240,4643.370,4616.650,4629.330,738696903.000
2023-11-16,4618.340,4623.550,4587.870,4587.870,659226370.000
2023-11-17,4576.480,4603.420,4570.200,4602.610,649742763.000
2023-11-20,4607.030,4633.410,4585.890,4627.680,709291407.000
2023-11-21,4637.420,4658.880,4609.980,4617.590,816565930.000
2023-11-22,4602.790,4615.260,4567.240,4567.240,733928891.000
2023-11-23,4562.200,4602.180,4550.050,4600.500,687256722.000
2023-11-24,4598.800,4598.800,4549.670,4558.180,698050937.000
2023-11-27,4552.150,4552.880,4517.960,4541.560,690663381.000
2023-11-28,4537.210,4559.890,4521.460,4559.440,618138867.000
2023-11-29,4558.110,4558.600,4520.540,4527.060,632891891.000
2023-11-30,4522.140,4532.980,4495.220,4522.110,635522963.000
2023-12-01,4519.570,4540.410,4493.370,4531.140,672087671.000
2023-12-04,4532.380,4541.650,4515.870,4516.040,675272031.000
2023-12-05,4504.300,4504.300,4431.260,4431.260,664266174.000
2023-12-06,4421.800,4473.280,4417.110,4445.610,666837522.000
2023-12-07,4440.210,4454.040,4416.080,4437.890,659654482.000
2023-12-08,4438.240,4454.240,4429.230,4433.670,770007972.000
2023-12-11,4411.710,4478.180,4376.570,4473.180,762077206.000
2023-12-12,4466.720,4484.820,4462.420,4483.390,648210005.000
2023-12-13,4474.870,4474.870,4429.420,4429.420,635719606.000
2023-12-14,4448.110,4466.290,4408.690,4410.010,623651548.000
2023-12-15,4421.630,4438.080,4382.880,4390.010,632257560.000
2023-12-18,4377.830,4390.320,4342.000,4350.380,629742964.000
2023-12-19,4346.200,4369.410,4324.840,4354.540,569187583.000
2023-12-20,4357.330,4361.890,4300.240,4300.240,574178132.000
2023-12-21,4283.510,4344.810,4265.010,4334.650,630036972.000
2023-12-22,4333.610,4356.500,4297.620,4310.390,671187946.000
2023-12-25,4302.500,4320.900,4290.520,4314.540,524908956.000
2023-12-26,4312.540,4312.540,4258.020,4270.440,520744496.000
2023-12-27,4273.560,4298.360,4256.860,4292.670,554532126.000
2023-12-28,4288.550,4392.900,4282.060,4379.770,728454312.000
2023-12-29,4375.040,4422.570,4373.970,4421.960,665416001.000
2024-01-02,4421.160,4421.160,4390.830,4390.830,673663501.000
2024-01-03,4381.090,4395.630,4352.730,4376.820,636569579.000
2024-01-04,4371.910,4371.910,4322.580,4344.000,576956283.000
2024-01-05,4339.090,4358.880,4273.720,4292.790,647034572.000
2024-01-08,4284.110,4287.430,4219.120,4219.120,589853465.000
2024-01-09,4223.170,4255.950,4205.930,4231.060,595675450.000
2024-01-10,4219.320,4248.380,4180.880,4204.000,567430228.000
2024-01-11,4200.440,4267.010,4195.580,4252.170,619643003.000
2024-01-12,4242.290,4274.610,4230.000,4230.090,609412516.000
2024-01-15,4214.450,4256.100,4200.000,4223.360,548663132.000
2024-01-16,4217.560,4234.760,4173.990,4228.420,629035843.000
2024-01-17,4218.840,4218.840,4127.420,4127.420,575455981.000
2024-01-18,4106.020,4149.980,4026.270,4147.010,809373125.000
2024-01-19,4136.060,4157.190,4108.700,4117.720,579937365.000
2024-01-22,4109.050,4109.050,3938.360,3966.840,748632728.000
2024-01-23,3955.150,4016.170,3920.570,3997.060,663841828.000
2024-01-24,4013.730,4057.770,3926.460,4052.890,750252261.000
2024-01-25,4051.590,4162.630,4039.320,4161.780,851539906.000
2024-01-26,4147.800,4177.280,4129.700,4142.730,805114218.000
2024-01-29,4146.550,4158.670,4065.920,4065.920,780809561.000
2024-01-30,4040.430,4052.850,3969.370,3971.530,648555229.000
2024-01-31,3950.090,3974.540,3869.070,3874.620,785480272.000
2024-02-01,3853.820,3917.520,3816.390,3856.960,731425009.000
2024-02-02,3860.430,3887.320,3665.490,3765.660,871935911.000
2024-02-05,3739.280,3751.840,3565.870,3666.370,997550028.000
2024-02-06,3624.390,3853.500,3607.160,3827.760,1069509129.000
2024-02-07,3832.970,3916.530,3807.060,3895.000,1139278756.000
2024-02-08,3907.200,3994.010,3902.890,3985.400,1130630860.000
2024-02-19,4030.860,4042.410,3991.630,4041.510,992572226.000
2024-02-20,4027.320,4064.330,4000.660,4057.940,768544039.000
2024-02-21,4028.390,4170.940,4015.070,4100.100,960593439.000
2024-02-22,4095.240,4150.670,4091.260,4150.670,788129900.000
2024-02-23,4160.730,4190.500,4134.040,4187.610,873239357.000
2024-02-26,4189.340,4225.450,4164.630,4182.330,938315478.000
2024-02-27,4166.390,4262.190,4157.150,4262.190,878533774.000
2024-02-28,4268.860,4305.980,4136.210,4136.210,1273851806.000
2024-02-29,4112.490,4251.410,4112.490,4251.410,949427841.000
2024-03-01,4255.260,4293.580,4235.290,4286.500,895779709.000
2024-03-04,4291.010,4301.390,4245.900,4296.900,894908528.000
2024-03-05,4273.070,4297.790,4261.030,4286.670,872171202.000
2024-03-06,4271.670,4322.580,4255.460,4288.040,785002419.000
2024-03-07,4290.010,4318.200,4249.020,4249.460,860049753.000
2024-03-08,4250.620,4291.990,4230.920,4285.620,733547766.000
2024-03-11,4282.430,4352.160,4282.270,4352.160,831702185.000
2024-03-12,4357.800,4380.320,4331.410,4368.390,957076077.000
2024-03-13,4367.810,4386.220,4337.220,4358.350,870148208.000
2024-03-14,4356.810,4383.030,4307.550,4339.610,849340795.000
2024-03-15,4329.000,4373.130,4313.450,4372.020,815854667.000
2024-03-18,4383.710,4430.810,4381.960,4430.660,946609673.000
2024-03-19,4419.300,4442.060,4401.300,4401.300,894132937.000
2024-03-20,4392.730,4426.900,4392.730,4424.510,838005120.000
2024-03-21,4434.010,4442.970,4404.290,4420.660,901606743.000
2024-03-22,4409.660,4415.140,4339.900,4370.850,936099925.000
2024-03-25,4359.030,4387.150,4309.050,4309.050,892409736.000
2024-03-26,4305.150,4328.560,4271.730,4314.000,808396548.000
2024-03-27,4306.940,4307.120,4221.590,4221.590,790560478.000
2024-03-28,4216.560,4313.280,4216.560,4275.620,813736704.000
2024-03-29,4272.810,4310.690,4267.020,4310.670,762788353.000
2024-04-01,4327.130,4392.720,4327.130,4392.630,870856095.000
2024-04-02,4389.920,4389.920,4356.740,4374.780,876702623.000
2024-04-03,4368.650,4372.450,4335.410,4353.740,834499418.000
2024-04-08,4338.350,4347.060,4293.320,4293.420,859914104.000
2024-04-09,4288.840,4316.400,4277.570,4315.470,726000863.000
2024-04-10,4308.540,4308.540,4233.570,4258.490,772641784.000
2024-04-11,4232.200,4297.890,4229.230,4265.380,741060882.000
2024-04-12,4266.650,4283.340,4229.080,4235.380,729961539.000
2024-04-15,4225.880,4277.430,4174.380,4249.410,980530762.000
2024-04-16,4223.530,4232.800,4124.330,4126.450,960372923.000
2024-04-17,4138.980,4251.510,4138.980,4251.510,897486577.000
2024-04-18,4237.950,4294.830,4224.200,4253.330,877397239.000
2024-04-19,4230.890,4258.490,4205.680,4226.220,793558706.000
2024-04-22,4210.950,4245.160,4194.630,4204.400,754913251.000
2024-04-23,4198.560,4213.130,4175.100,4183.700,704297580.000
2024-04-24,4188.800,4226.650,4178.650,4226.650,706633219.000
2024-04-25,4211.820,4257.410,4208.580,4234.660,692539438.000
2024-04-26,4232.740,4309.240,4232.740,4305.350,956368363.000
2024-04-29,4306.880,4390.810,4306.880,4380.750,1065281195.000
2024-04-30,4375.570,4382.710,4351.780,4353.880,947127321.000
2024-05-06,4406.740,4431.200,4404.940,4428.170,957806998.000
2024-05-07,4427.550,4440.900,4416.660,4435.580,858153997.000
2024-05-08,4423.970,4423.970,4384.880,4387.870,779809101.000
2024-05-09,4387.310,4448.230,4387.310,4441.630,796845828.000
2024-05-10,4446.170,4452.640,4401.110,4425.060,838675959.000
2024-05-13,4398.310,4417.250,4372.430,4400.230,820546177.000
2024-05-14,4403.300,4424.240,4390.030,4405.660,738924323.000
2024-05-15,4397.760,4399.280,4363.410,4366.650,709512066.000
2024-05-16,4377.280,4401.410,4364.820,4375.150,795535069.000
2024-05-17,4373.020,4424.810,4365.070,4424.810,838466772.000
2024-05-20,4427.560,4452.780,4426.090,4444.140,921749501.000
2024-05-21,4433.790,4434.360,4400.550,4414.560,750393843.000
2024-05-22,4411.790,4427.530,4406.700,4420.670,763950136.000
2024-05-23,4405.540,4405.540,4339.140,4348.250,790536656.000
2024-05-24,4336.770,4365.540,4301.180,4302.130,687496832.000
2024-05-27,4308.690,4344.580,4286.090,4343.260,705402440.000
2024-05-28,4336.650,4343.540,4301.380,4305.390,690096492.000
2024-05-29,4300.770,4332.960,4295.080,4311.230,663813456.000
2024-05-30,4300.880,4323.120,4280.130,4288.480,672449933.000
2024-05-31,4291.880,4317.160,4288.110,4288.110,639963713.000
2024-06-03,4284.300,4294.170,4237.600,4264.530,769720432.000
2024-06-04,4254.010,4292.440,4235.600,4285.910,692239181.000
2024-06-05,4275.400,4288.930,4240.090,4240.090,643413677.000
2024-06-06,4246.580,4258.510,4178.440,4190.200,830332879.000
2024-06-07,4203.020,4223.360,4158.240,4192.820,677188186.000
2024-06-11,4172.730,4193.590,4148.570,4184.720,634088425.000
2024-06-12,4179.210,4209.170,4178.200,4201.180,604327883.000
2024-06-13,4203.180,4204.570,4169.080,4176.730,641199088.000
2024-06-14,4164.450,4194.030,4152.970,4188.780,708472764.000
2024-06-17,4167.820,4191.340,4165.060,4182.150,618958719.000
2024-06-18,4180.580,4210.220,4180.580,4207.650,623831413.000
2024-06-19,4207.910,4208.780,4175.630,4177.570,589780936.000
2024-06-20,4171.670,4184.530,4121.270,4124.000,642003470.000
2024-06-21,4112.780,4137.420,4098.620,4119.170,550105505.000
2024-06-24,4093.130,4096.220,4043.180,4045.240,643478957.000
2024-06-25,4043.550,4058.850,3999.240,4022.650,592946173.000
2024-06-26,4015.020,4086.490,4001.770,4081.940,620535884.000
2024-06-27,4065.420,4065.420,4024.870,4024.880,590874987.000
2024-06-28,4013.810,4079.140,4013.810,4039.970,655765399.000
2024-07-01,4037.250,4075.500,4015.490,4070.440,617457268.000
2024-07-02,4066.500,4080.390,4044.720,4055.670,624977082.000
2024-07-03,4053.330,4055.580,4026.730,4032.860,562910833.000
2024-07-04,4036.680,4049.700,3977.650,3979.920,596537399.000
2024-07-05,3974.960,3997.680,3940.200,3989.440,554168608.000
2024-07-08,3978.860,3978.860,3919.410,3928.150,581229871.000
2024-07-09,3922.600,3997.550,3896.000,3989.070,684400186.000
2024-07-10,3972.610,4000.430,3963.470,3969.790,633195505.000
2024-07-11,4009.060,4043.080,3994.380,4041.790,728515722.000
2024-07-12,4032.690,4048.280,4025.910,4036.840,644318833.000
2024-07-15,4025.790,4030.570,4008.840,4016.260,578486254.000
2024-07-16,4007.030,4034.900,3999.560,4033.050,563290301.000
2024-07-17,4028.760,4033.320,4007.070,4013.720,602303220.000
2024-07-18,3988.980,4029.230,3966.880,4028.920,594123956.000
2024-07-19,4007.860,4051.170,4003.740,4042.730,574624212.000
2024-07-22,4042.230,4046.270,4009.210,4032.860,572531377.000
2024-07-23,4029.340,4029.450,3939.510,3939.510,614495268.000
2024-07-24,3928.890,3950.290,3892.180,3899.950,621600860.000
2024-07-25,3881.190,3911.670,3870.250,3891.100,558599980.000
2024-07-26,3895.980,3934.160,3895.980,3927.620,583268951.000
2024-07-29,3927.470,3930.020,3909.940,3914.440,559525051.000
2024-07-30,3903.700,3912.680,3879.880,3906.450,581056480.000
2024-07-31,3901.520,4021.540,3900.450,4020.580,871826198.000
2024-08-01,4023.470,4038.690,3994.780,4003.240,748120954.000
2024-08-02,3973.720,4009.820,3952.110,3956.120,701099265.000
2024-08-05,3929.300,3988.750,3883.970,3883.970,775697734.000
2024-08-06,3917.130,3933.800,3878.440,3912.690,668675992.000
2024-08-07,3907.810,3935.240,3898.500,3912.140,594596335.000
2024-08-08,3899.610,3936.770,3873.790,3909.420,648951086.000
2024-08-09,3925.670,3940.630,3888.780,3888.780,622496582.000
2024-08-12,3884.330,3894.700,3865.520,3875.280,556655026.000
2024-08-13,3875.100,3890.660,3854.080,3890.660,518300498.000
2024-08-14,3889.190,3889.300,3858.530,3858.530,505976865.000
2024-08-15,3848.980,3917.460,3844.780,3894.410,649229733.000
2024-08-16,3896.100,3908.630,3881.620,3886.640,636344788.000
2024-08-19,3882.550,3922.090,3882.520,3892.440,613420312.000
2024-08-20,3894.230,3895.410,3833.680,3845.220,622744853.000
2024-08-21,3833.260,3851.070,3827.140,3831.520,549914859.000
2024-08-22,3832.200,3836.890,3796.700,3800.870,583577355.000
2024-08-23,3792.020,3819.020,3784.500,3806.930,547285674.000
2024-08-26,3809.280,3820.650,3800.270,3814.970,550722120.000
2024-08-27,3804.070,3804.070,3772.170,3778.920,547572413.000
2024-08-28,3770.100,3787.750,3762.300,3772.000,529522407.000
2024-08-29,3757.210,3804.800,3753.890,3793.000,628675145.000
2024-08-30,3790.260,3896.330,3790.260,3854.740,889307984.000
2024-09-02,3844.850,3848.750,3786.000,3786.000,747700160.000
2024-09-03,3782.640,3821.150,3782.640,3809.500,618021124.000
2024-09-04,3785.800,3816.280,3780.490,3787.360,586026115.000
2024-09-05,3788.850,3818.270,3788.800,3804.180,566627219.000
2024-09-06,3807.390,3813.510,3757.690,3758.180,587282733.000
2024-09-09,3740.350,3749.710,3710.580,3725.790,566740713.000
2024-09-10,3727.570,3745.590,3686.510,3732.970,586809861.000
2024-09-11,3720.040,3737.400,3708.910,3723.930,534160672.000
2024-09-12,3727.530,3751.880,3710.000,3710.270,555169446.000
2024-09-13,3712.210,3721.670,3681.440,3681.440,576681725.000
2024-09-18,3680.860,3695.400,3645.470,3684.160,559068555.000
2024-09-19,3695.800,3755.190,3668.210,3731.520,703151764.000
2024-09-20,3728.700,3733.760,3701.940,3727.810,639431265.000
2024-09-23,3726.380,3757.170,3718.380,3736.570,596324909.000
2024-09-24,3763.740,3888.200,3743.680,3888.200,1028447221.000
2024-09-25,3937.080,4018.900,3929.520,3937.570,1238874129.000
2024-09-26,3932.370,4096.240,3927.420,4096.240,1242010209.000
2024-09-27,4171.250,4307.560,4156.480,4293.110,1390083126.000
2024-09-30,4472.620,4728.120,4410.820,4706.770,2335252206.000
2024-10-08,5252.330,5252.330,4803.320,5037.010,2790991512.000
2024-10-09,4919.830,4953.110,4647.740,4661.710,2196311518.000
2024-10-10,4691.920,4806.510,4583.830,4670.360,1740290762.000
2024-10-11,4636.580,4636.580,4465.190,4514.190,1324901632.000
2024-10-14,4544.020,4640.850,4480.550,4629.510,1358401182.000
2024-10-15,4605.510,4664.290,4524.670,4524.670,1325160694.000
2024-10-16,4463.270,4570.500,4462.080,4515.430,1178600477.000
2024-10-17,4544.020,4580.920,4480.270,4480.870,1253750513.000
2024-10-18,4470.930,4738.520,4465.210,4647.300,1602976284.000
2024-10-21,4676.290,4754.590,4635.880,4696.800,1589162270.000
2024-10-22,4691.760,4750.700,4673.880,4728.440,1459948051.000
2024-10-23,4722.360,4800.630,4707.350,4744.800,1524218796.000
2024-10-24,4719.350,4730.780,4686.100,4705.980,1218570613.000
2024-10-25,4713.290,4804.270,4713.290,4767.430,1407608296.000
2024-10-28,4771.430,4822.490,4747.660,4822.490,1575771232.000
2024-10-29,4836.740,4849.520,4762.360,4763.810,1695963263.000
2024-10-30,4740.110,4784.820,4713.700,4755.970,1538372227.000
2024-10-31,4759.980,4821.800,4738.300,4794.140,1822005603.000
2024-11-01,4784.110,4806.900,4710.930,4723.340,1964188063.000
2024-11-04,4721.470,4803.010,4721.470,4803.010,1443016543.000
2024-11-05,4800.050,4946.830,4791.430,4943.210,1838197639.000
2024-11-06,4958.410,5011.890,4917.020,4946.630,2037961776.000
2024-11-07,4904.130,5071.740,4897.900,5071.740,2108901721.000
2024-11-08,5125.970,5141.450,5036.960,5049.450,2130913166.000
2024-11-11,5020.360,5119.060,5016.630,5118.280,1841594644.000
2024-11-12,5124.900,5159.240,5018.430,5059.110,1847968523.000
2024-11-13,5028.870,5076.180,4993.360,5072.360,1484463593.000
2024-11-14,5058.790,5067.910,4943.460,4949.250,1379498518.000
2024-11-15,4930.130,4971.440,4847.630,4847.630,1386924200.000
2024-11-18,4865.600,4891.190,4754.560,4780.660,1550037832.000
2024-11-19,4783.710,4854.670,4731.250,4854.400,1337742636.000
2024-11-20,4841.730,4921.520,4836.020,4906.800,1321247640.000
2024-11-21,4896.980,4929.430,4874.430,4912.670,1292080304.000
2024-11-22,4902.510,4915.210,4746.370,4746.370,1487052067.000
2024-11-25,4756.720,4772.410,4686.570,4749.140,1254632989.000
2024-11-26,4737.220,4777.590,4716.810,4718.850,1134408239.000
2024-11-27,4698.090,4806.720,4654.270,4806.630,1254361228.000
2024-11-28,4806.110,4824.450,4771.490,4778.970,1303142213.000
2024-11-29,4770.930,4891.610,4765.150,4845.900,1403942838.000
2024-12-02,4844.460,4925.430,4841.640,4917.310,1538677461.000
2024-12-03,4920.370,4940.230,4880.590,4921.120,1529241097.000
2024-12-04,4915.780,4927.280,4854.730,4875.110,1479090845.000
2024-12-05,4857.370,4909.600,4857.370,4898.180,1316211882.000
2024-12-06,4902.860,4981.020,4884.130,4956.570,1646858726.000
2024-12-09,4954.830,4977.750,4909.440,4940.240,1566689056.000
2024-12-10,5092.820,5098.630,4970.010,4977.830,1883288273.000
2024-12-11,4964.140,5010.410,4963.950,5006.700,1623928152.000
2024-12-12,5006.410,5055.890,4987.910,5053.030,1666341816.000
2024-12-13,5020.250,5020.250,4945.730,4947.390,1771860492.000
2024-12-16,4945.770,4954.110,4890.770,4908.610,1524006712.000
2024-12-17,4898.890,4914.910,4839.590,4845.440,1401319221.000
2024-12-18,4855.370,4902.600,4842.550,4875.990,1232363984.000
2024-12-19,4829.800,4891.950,4819.970,4880.270,1254101726.000
2024-12-20,4870.120,4927.260,4870.120,4891.540,1202868883.000
2024-12-23,4888.820,4898.810,4807.310,4812.500,1326732092.000
2024-12-24,4818.220,4868.150,4810.010,4867.730,1112984403.000
2024-12-25,4867.170,4868.580,4797.780,4829.760,1117745288.000
2024-12-26,4822.560,4869.630,4818.330,4857.740,995866520.000
2024-12-27,4859.230,4910.190,4851.180,4864.180,1159076101.000
2024-12-30,4856.400,4876.220,4838.060,4859.790,1039669137.000
2024-12-31,4860.190,4866.080,4750.670,4750.670,1124030355.000
2025-01-02,4744.650,4748.530,4589.840,4625.110,1217113564.000
2025-01-03,4632.290,4642.260,4518.410,4523.120,1175460981.000
2025-01-06,4516.660,4547.600,4478.730,4509.930,995087792.000
2025-01-07,4506.700,4568.650,4496.290,4567.610,977757038.000
2025-01-08,4548.820,4587.560,4458.940,4559.040,1134976517.000
2025-01-09,4541.990,4582.660,4537.890,4558.510,968232883.000
2025-01-10,4553.700,4577.750,4475.610,4475.610,997867871.000
2025-01-13,4433.500,4497.660,4430.160,4472.600,859159765.000
2025-01-14,4484.890,4636.110,4477.350,4632.230,1139642513.000
2025-01-15,4624.800,4634.850,4594.440,4604.120,1012922092.000
2025-01-16,4625.510,4681.830,4585.620,4620.340,1091909049.000
2025-01-17,4603.790,4663.310,4596.770,4636.070,941980512.000
2025-01-20,4664.880,4696.860,4650.350,4663.530,974335006.000
2025-01-21,4686.920,4689.790,4638.420,4671.060,963198300.000
2025-01-22,4653.670,4653.670,4612.220,4627.980,880132340.000
2025-01-23,4669.960,4718.390,4623.630,4623.630,1086161030.000
2025-01-24,4610.860,4679.500,4610.790,4674.230,968113802.000
2025-01-27,4681.770,4697.710,4632.670,4632.670,900656657.000
2025-02-05,4670.600,4672.860,4622.010,4639.200,972023182.000
2025-02-06,4631.980,4728.940,4627.330,4728.580,1154193500.000
2025-02-07,4730.500,4834.570,4723.510,4796.040,1464537468.000
2025-02-10,4807.760,4842.080,4789.880,4839.790,1346371192.000
2025-02-11,4841.850,4841.850,4799.890,4819.450,1261592831.000
2025-02-12,4808.020,4876.280,4805.900,4876.280,1254270924.000
2025-02-13,4873.180,4893.060,4840.680,4844.650,1386541040.000
2025-02-14,4836.770,4879.730,4831.590,4875.070,1298683910.000
2025-02-17,4896.580,4908.370,4862.540,4899.830,1434584605.000
2025-02-18,4890.980,4902.470,4804.200,4820.190,1379501299.000
2025-02-19,4814.150,4893.830,4814.150,4893.410,1233674463.000
2025-02-20,4890.080,4916.480,4876.480,4905.710,1269099224.000
2025-02-21,4915.430,4975.580,4893.410,4973.110,1494606961.000
2025-02-24,4968.730,4992.870,4938.060,4971.260,1458111477.000
2025-02-25,4913.450,4973.570,4907.090,4930.300,1318710470.000
2025-02-26,4940.080,4986.890,4937.630,4986.890,1376454747.000
2025-02-27,4987.280,5003.870,4920.680,4983.160,1448969533.000
2025-02-28,4958.410,4962.120,4839.680,4847.410,1371045920.000
2025-03-03,4860.480,4916.240,4828.550,4853.200,1207581427.000
2025-03-04,4819.370,4884.660,4817.460,4882.450,1050519770.000
2025-03-05,4883.830,4905.740,4856.590,4905.030,1115091062.000
2025-03-06,4930.040,4996.830,4927.470,4985.970,1342606269.000
2025-03-07,4970.400,5000.680,4944.700,4964.770,1319270722.000
2025-03-10,4969.710,4981.240,4927.540,4961.580,1109294459.000
2025-03-11,4904.990,4980.130,4903.390,4980.130,1095706476.000
2025-03-12,4995.340,5018.300,4974.850,4979.870,1237889820.000
2025-03-13,4974.680,4986.360,4903.590,4935.970,1226943007.000
2025-03-14,4938.910,5037.250,4934.480,5037.250,1323224547.000
2025-03-17,5053.520,5060.880,5035.170,5042.840,1198572451.000
2025-03-18,5058.230,5072.930,5041.090,5060.940,1104813792.000
2025-03-19,5050.990,5068.080,5024.870,5045.480,1079289207.000
2025-03-20,5041.690,5051.180,5010.160,5015.240,1090813398.000
2025-03-21,4999.380,5015.470,4918.380,4931.820,1231515001.000
2025-03-24,4931.160,4939.750,4854.940,4918.640,1219340116.000
2025-03-25,4917.000,4930.470,4884.670,4899.420,1040547663.000
2025-03-26,4891.210,4928.960,4891.210,4905.470,973229318.000
2025-03-27,4892.970,4942.550,4863.650,4906.850,964426841.000
2025-03-28,4903.070,4913.970,4863.660,4868.750,944701458.000
2025-03-31,4846.600,4864.120,4786.240,4826.860,1017504511.000
2025-04-01,4836.020,4870.530,4833.930,4844.530,909988163.000
2025-04-02,4839.120,4873.510,4837.570,4847.560,791883821.000
2025-04-03,4796.180,4851.080,4787.750,4809.730,906459083.000
2025-04-07,4546.000,4584.540,4298.050,4365.180,1375059912.000
2025-04-08,4358.740,4430.040,4338.350,4409.980,1459463927.000
2025-04-09,4346.440,4499.470,4252.820,4486.470,1530963008.000
2025-04-10,4565.490,4616.730,4542.220,4571.470,1367162008.000
2025-04-11,4552.550,4633.440,4548.980,4603.030,1095540828.000
2025-04-14,4643.610,4669.470,4630.440,4643.070,1069951051.000
2025-04-15,4642.060,4645.940,4608.860,4637.010,917241100.000
2025-04-16,4628.090,4628.390,4551.670,4612.720,959657628.000
2025-04-17,4589.040,4639.930,4586.320,4617.880,852883822.000
2025-04-18,4607.260,4626.120,4590.130,4616.840,824088891.000
2025-04-21,4611.000,4671.170,4599.140,4668.910,894974597.000
2025-04-22,4663.400,4684.870,4658.980,4665.270,951267365.000
2025-04-23,4686.340,4699.460,4669.430,4681.080,1003824369.000
2025-04-24,4678.990,4696.700,4642.830,4658.580,946324836.000
2025-04-25,4665.360,4692.120,4653.260,4667.560,964701689.000
2025-04-28,4664.270,4664.530,4633.040,4639.900,936829164.000
2025-04-29,4628.120,4661.010,4620.820,4649.040,866119545.000
2025-04-30,4651.320,4678.130,4649.780,4666.800,968549281.000
2025-05-06,4698.670,4751.900,4694.620,4751.800,1082387256.000
2025-05-07,4811.200,4818.920,4745.330,4775.750,1196808622.000
2025-05-08,4760.750,4815.610,4755.420,4807.390,1041665521.000
2025-05-09,4802.600,4802.600,4758.560,4773.330,968654046.000
2025-05-12,4800.790,4834.220,4793.550,4834.220,971603299.000
2025-05-13,4870.090,4870.090,4825.050,4831.240,988159648.000
2025-05-14,4828.000,4888.830,4815.350,4864.480,1042249910.000
2025-05-15,4853.700,4853.700,4805.360,4807.400,953482199.000
2025-05-16,4795.970,4817.610,4792.050,4805.370,895213295.000
2025-05-19,4804.570,4818.210,4774.530,4812.050,918165176.000
2025-05-20,4817.050,4852.420,4807.680,4843.570,962428555.000
2025-05-21,4840.090,4857.680,4836.350,4846.770,951909955.000
2025-05-22,4835.740,4849.630,4812.970,4816.980,907662923.000
2025-05-23,4811.740,4845.160,4771.620,4771.620,924130654.000
2025-05-26,4767.270,4793.240,4751.390,4776.180,801676176.000
2025-05-27,4772.130,4773.970,4744.340,4761.070,810553890.000
2025-05-28,4762.970,4771.090,4744.820,4751.010,838108141.000
2025-05-29,4749.610,4809.760,4748.760,4805.660,967529454.000
2025-05-30,4794.300,4795.180,4762.450,4764.600,939197525.000
2025-06-03,4751.050,4794.810,4751.050,4788.370,919944250.000
2025-06-04,4791.180,4824.820,4791.180,4821.110,930842778.000
2025-06-05,4823.930,4846.600,4809.560,4840.080,989999365.000
2025-06-06,4838.710,4844.930,4825.500,4834.860,901780538.000
2025-06-09,4841.390,4875.760,4838.110,4870.430,1000354448.000
2025-06-10,4872.570,4873.410,4801.560,4836.670,1137749108.000
2025-06-11,4839.720,4885.710,4839.720,4866.330,999143714.000
2025-06-12,4854.470,4876.400,4844.890,4868.920,973772477.000
2025-06-13,4853.850,4859.190,4803.480,4813.200,1163749315.000
2025-06-16,4799.650,4838.990,4799.650,4838.230,944511761.000
2025-06-17,4841.550,4850.540,4819.960,4832.050,952828523.000
2025-06-18,4826.020,4834.730,4804.790,4830.930,935073968.000
2025-06-19,4822.500,4830.330,4761.100,4772.140,992913876.000
2025-06-20,4765.930,4786.430,4752.440,4754.830,837761802.000
2025-06-23,4731.750,4801.530,4731.740,4794.140,894581330.000
2025-06-24,4799.030,4868.230,4799.030,4868.080,1097552611.000
2025-06-25,4873.140,4936.470,4867.230,4933.590,1199124745.000
2025-06-26,4928.500,4949.860,4914.960,4916.560,1185210338.000
2025-06-27,4924.230,4955.240,4910.160,4913.660,1184280892.000
2025-06-30,4919.310,4957.100,4917.550,4954.230,1090230429.000
2025-07-01,4955.770,4968.910,4936.120,4966.820,1098962582.000
2025-07-02,4961.860,4961.860,4935.380,4947.140,1137346816.000
2025-07-03,4949.660,4980.640,4947.010,4976.660,1035847920.000
2025-07-04,4974.900,5013.800,4953.030,4969.210,1128197869.000
2025-07-07,4962.120,4970.900,4955.600,4966.100,979361651.000
2025-07-08,4966.150,5020.840,4966.150,5018.790,1117266257.000
2025-07-09,5019.980,5039.660,4999.610,5008.500,1182836774.000
2025-07-10,5006.560,5047.220,5000.920,5026.490,1221526033.000
2025-07-11,5028.250,5082.590,5016.740,5045.760,1366849168.000
2025-07-14,5050.630,5063.560,5047.570,5052.930,1180429470.000
2025-07-15,5052.210,5069.200,5003.960,5042.650,1259948772.000
2025-07-16,5042.190,5065.200,5025.570,5044.130,1036858251.000
2025-07-17,5042.040,5090.820,5041.140,5090.820,1064794193.000
2025-07-18,5097.660,5112.580,5089.440,5110.450,1093213277.000
2025-07-21,5121.520,5157.430,5119.360,5156.720,1325020906.000
2025-07-22,5159.010,5189.070,5139.230,5188.270,1461562566.000
2025-07-23,5193.880,5219.170,5166.370,5173.470,1500275115.000
2025-07-24,5170.700,5229.100,5170.700,5229.100,1475049795.000
2025-07-25,5229.450,5234.780,5205.900,5220.950,1382146895.000
2025-07-28,5223.980,5242.280,5204.290,5238.800,1241587095.000
2025-07-29,5233.470,5263.080,5208.240,5262.320,1263859556.000
2025-07-30,5254.580,5279.800,5204.950,5241.330,1316106441.000
2025-07-31,5228.700,5238.280,5152.860,5168.750,1357243322.000
2025-08-01,5164.900,5187.930,5136.190,5161.090,1103304275.000
2025-08-04,5138.140,5199.570,5136.510,5199.570,1014578214.000
2025-08-05,5210.970,5239.870,5208.150,5239.870,1102893238.000
2025-08-06,5236.140,5272.280,5233.640,5272.080,1172747952.000
2025-08-07,5276.350,5284.780,5243.370,5271.110,1207774224.000
2025-08-08,5261.230,5276.620,5246.070,5258.780,1170814263.000
2025-08-11,5266.650,5320.010,5266.650,5310.510,1226655129.000
2025-08-12,5311.160,5328.660,5295.200,5328.400,1203244308.000
2025-08-13,5334.370,5386.250,5334.370,5382.350,1367370219.000
2025-08-14,5386.030,5404.760,5327.820,5336.830,1468056220.000
2025-08-15,5324.870,5417.790,5324.870,5412.020,1432880474.000
2025-08-18,5438.860,5517.040,5426.380,5486.570,1734370784.000
2025-08-19,5487.210,5518.260,5468.220,5483.450,1601754934.000
2025-08-20,5461.550,5536.500,5441.160,5536.440,1533793695.000
2025-08-21,5548.620,5567.180,5505.530,5529.210,1555435506.000
2025-08-22,5527.570,5620.430,5527.570,5620.430,1546474519.000
2025-08-25,5664.340,5729.770,5652.390,5722.080,1902442122.000
2025-08-26,5703.870,5749.030,5685.940,5715.790,1641386990.000
2025-08-27,5721.210,5770.260,5615.160,5615.160,1925212428.000
2025-08-28,5607.010,5704.020,5548.470,5703.550,1779703414.000
2025-08-29,5702.450,5753.830,5684.970,5723.950,1586925830.000
2025-09-01,5749.480,5770.160,5718.090,5769.450,1601948367.000
2025-09-02,5768.330,5769.730,5639.770,5684.000,1700168126.000
2025-09-03,5699.220,5707.580,5590.050,5615.640,1454866131.000
2025-09-04,5621.170,5634.260,5437.350,5502.110,1565733792.000
2025-09-05,5506.060,5645.990,5482.640,5642.590,1406722030.000
2025-09-08,5652.520,5687.730,5626.400,5681.230,1443471754.000
2025-09-09,5659.690,5682.800,5603.420,5629.750,1315203244.000
2025-09-10,5625.380,5666.390,5598.760,5641.210,1204948520.000
2025-09-11,5632.740,5769.360,5605.670,5769.360,1401705790.000
2025-09-12,5766.970,5801.440,5748.600,5759.290,1521179508.000
2025-09-15,5773.410,5792.650,5758.650,5764.160,1400859300.000
2025-09-16,5772.210,5795.340,5724.600,5790.930,1516202632.000
2025-09-17,5785.700,5836.910,5773.780,5829.840,1464806383.000
2025-09-18,5824.030,5879.010,5707.200,5766.720,1894146833.000
2025-09-19,5766.130,5789.070,5729.450,5749.100,1454911142.000
2025-09-22,5760.180,5778.700,5726.730,5778.260,1251805786.000
2025-09-23,5790.000,5792.060,5649.030,5742.370,1516945475.000
2025-09-24,5712.150,5822.490,5705.240,5821.910,1295472872.000
2025-09-25,5817.650,5859.440,5812.940,5831.150,1291586631.000
2025-09-26,5808.480,5830.860,5760.900,5760.900,1204732806.000
2025-09-29,5768.010,5862.930,5747.680,5840.450,1244090592.000
2025-09-30,5855.980,5885.780,5849.260,5875.460,1187291509.000
2025-10-09,5907.330,5967.430,5892.700,5952.850,1476297664.000
2025-10-10,5921.220,5932.320,5837.840,5855.650,1456163192.000
2025-10-13,5663.380,5843.910,5663.380,5833.960,1409994522.000
2025-10-14,5880.250,5896.140,5719.030,5741.330,1538608247.000
2025-10-15,5748.180,5827.300,5714.870,5826.490,1269940254.000
2025-10-16,5807.580,5843.780,5782.000,5800.590,1186382547.000
2025-10-17,5793.660,5808.810,5647.360,5652.460,1238307766.000
2025-10-20,5710.000,5732.150,5669.440,5697.160,1091282525.000
2025-10-21,5715.580,5791.760,5704.980,5788.830,1196483575.000
2025-10-22,5754.090,5787.590,5741.080,5764.930,1098008066.000
2025-10-23,5748.490,5779.540,5690.740,5772.780,1136699344.000
2025-10-24,5793.730,5842.570,5793.730,5842.570,1177523722.000
2025-10-27,5891.070,5918.770,5869.070,5913.070,1315646127.000
2025-10-28,5890.550,5938.080,5872.250,5893.140,1211236814.000
2025-10-29,5899.030,5961.190,5892.680,5961.190,1293240992.000
2025-10-30,5947.630,5960.690,5893.590,5898.900,1399412747.000
2025-10-31,5894.140,5927.830,5866.460,5866.650,1379171778.000
2025-11-03,5866.530,5889.010,5809.490,5888.680,1314360706.000
2025-11-04,5880.390,5888.620,5794.040,5827.930,1250611433.000
2025-11-05,5752.720,5867.270,5752.350,5847.930,1271713483.000
2025-11-06,5861.820,5921.760,5861.820,5918.750,1292671508.000
2025-11-07,5894.500,5931.860,5881.180,5903.580,1252212660.000
2025-11-10,5919.870,5931.140,5886.450,5926.660,1346953560.000
2025-11-11,5940.830,5944.360,5888.700,5895.640,1269227731.000
2025-11-12,5881.340,5902.920,5832.200,5871.630,1266887915.000
2025-11-13,5869.040,5948.640,5868.770,5948.000,1304751441.000
2025-11-14,5899.560,5939.040,5872.130,5872.130,1329413023.000
2025-11-17,5870.660,5881.430,5839.440,5864.130,1281682744.000
2025-11-18,5849.760,5860.450,5786.450,5809.600,1326405240.000
2025-11-19,5804.930,5826.830,5766.200,5793.290,1170825264.000
2025-11-20,5828.710,5833.750,5751.970,5755.790,1159700299.000
2025-11-21,5682.340,5707.540,5575.470,5575.480,1389004469.000
2025-11-24,5603.490,5633.650,5557.200,5608.690,1152167230.000
2025-11-25,5641.030,5710.490,5636.840,5676.330,1136573676.000
2025-11-26,5672.530,5723.670,5666.450,5690.080,1102274938.000
2025-11-27,5690.970,5742.960,5684.390,5690.010,1040897251.000
2025-11-28,5686.180,5732.850,5670.140,5732.770,1023265179.000
2025-12-01,5748.890,5787.460,5743.640,5787.180,1188228454.000
2025-12-02,5777.490,5777.490,5736.510,5750.400,1056456042.000
2025-12-03,5751.310,5765.310,5696.770,5710.580,1132571477.000
2025-12-04,5711.510,5733.620,5673.460,5711.800,1037186542.000
2025-12-05,5710.560,5781.230,5687.150,5776.830,1130172879.000
2025-12-08,5791.170,5855.120,5791.170,5835.550,1233935808.000
2025-12-09,5820.520,5842.530,5791.240,5802.850,1163257117.000
2025-12-10,5790.770,5818.620,5756.590,5809.350,1126112388.000
2025-12-11,5817.850,5820.980,5742.910,5745.070,1185704203.000
2025-12-12,5748.690,5797.410,5730.770,5787.860,1235977538.000
2025-12-15,5752.400,5802.730,5750.350,5751.550,1110231757.000
2025-12-16,5741.370,5743.780,5646.040,5668.200,1156609704.000
2025-12-17,5667.500,5769.020,5653.600,5756.230,1146335242.000
2025-12-18,5723.240,5771.850,5721.750,5733.550,1032158958.000
2025-12-19,5747.600,5793.830,5740.640,5777.540,1151984318.000
2025-12-22,5801.510,5844.700,5801.510,5835.540,1154747411.000
2025-12-23,5837.940,5863.450,5812.980,5831.470,1175422898.000
2025-12-24,5831.550,5889.030,5823.360,5883.660,1092504187.000
2025-12-25,5879.860,5927.770,5873.920,5918.570,1109099151.000
2025-12-26,5919.280,5962.550,5901.670,5938.290,1272628317.000
2025-12-29,5939.580,5956.160,5906.280,5921.120,1255642224.000
2025-12-30,5892.200,5952.740,5891.750,5928.960,1218220642.000
2025-12-31,5937.820,5940.050,5904.610,5919.120,1182424346.000
2026-01-05,5955.760,6035.980,5955.760,6035.980,1403929953.000
2026-01-06,6040.170,6131.690,6039.950,6131.690,1611208940.000
2026-01-07,6140.610,6167.260,6111.370,6142.570,1573310954.000
2026-01-08,6124.980,6164.190,6115.150,6145.540,1561497972.000
2026-01-09,6140.350,6220.460,6140.350,6217.680,1716232795.000
2026-01-12,6252.440,6333.030,6227.180,6325.640,1962291309.000
2026-01-13,6339.160,6339.230,6231.200,6251.440,2039220065.000
2026-01-14,6255.980,6371.550,6213.180,6270.410,2237951313.000
2026-01-15,6231.500,6284.050,6214.070,6259.820,1627702323.000
2026-01-16,6285.050,6306.030,6235.710,6246.920,1644756269.000
2026-01-19,6227.300,6292.940,6227.070,6272.450,1495743468.000
2026-01-20,6277.540,6292.450,6185.380,6235.570,1590754385.000
2026-01-21,6212.960,6293.740,6212.960,6270.260,1437210715.000
2026-01-22,6289.690,6308.240,6266.420,6298.060,1509534339.000
2026-01-23,6312.490,6361.960,6308.820,6356.820,1739700671.000
2026-01-26,6377.550,6391.280,6294.680,6314.820,1882125577.000
2026-01-27,6297.000,6348.010,6227.900,6323.780,1637572622.000
2026-01-28,6338.220,6355.980,6301.940,6331.490,1678589693.000
2026-01-29,6330.600,6352.770,6300.780,6319.770,1872711355.000
2026-01-30,6272.920,6302.480,6153.360,6259.180,1678482287.000
2026-02-02,6205.840,6244.230,6086.530,6088.280,1516257931.000
2026-02-03,6149.250,6218.250,6093.590,6217.130,1395121896.000
2026-02-04,6202.450,6250.080,6174.080,6245.440,1465472640.000
2026-02-05,6190.560,6214.730,6143.440,6176.130,1297917525.000
2026-02-06,6115.080,6218.090,6092.700,6161.610,1263385587.000
2026-02-09,6241.440,6279.760,6225.500,6279.140,1278459467.000
2026-02-10,6282.400,6296.570,6259.530,6283.260,1231659007.000
2026-02-11,6273.740,6298.350,6272.210,6272.720,1154950566.000
2026-02-12,6281.020,6309.490,6267.160,6299.900,1201609826.000
2026-02-13,6267.770,6297.890,6223.870,6227.540,1117860733.000
2026-02-24,6309.560,6323.160,6263.650,6295.280,1257437807.000
2026-02-25,6306.210,6377.670,6303.440,6360.540,1493520260.000
2026-02-26,6370.050,6381.980,6339.760,6373.710,1417538778.000
2026-02-27,6334.800,6400.410,6333.830,6398.460,1436056154.000
2026-03-02,6340.930,6395.350,6304.960,6375.690,1767146241.000
2026-03-03,6385.540,6392.590,6180.720,6188.090,1863856045.000
2026-03-04,6114.200,6211.880,6111.120,6143.190,1484166290.000
2026-03-05,6229.560,6245.030,6178.010,6208.810,1427680367.000
2026-03-06,6176.090,6261.730,6174.600,6252.380,1351292540.000
2026-03-09,6165.200,6215.620,6075.090,6199.430,1608089447.000
2026-03-10,6244.880,6297.460,6244.880,6296.200,1388522190.000
2026-03-11,6303.950,6329.180,6292.770,6313.020,1455189079.000
2026-03-12,6307.720,6318.730,6234.780,6279.680,1529419300.000
2026-03-13,6252.940,6296.540,6206.810,6220.660,1541231108.000
2026-03-16,6217.610,6223.510,6139.720,6217.070,1461897840.000
2026-03-17,6230.680,6247.320,6120.170,6120.170,1403917973.000
2026-03-18,6137.960,6174.020,6081.430,6169.420,1264157071.000
2026-03-19,6097.060,6113.690,6018.320,6039.180,1321645760.000
2026-03-20,6064.620,6089.150,5963.470,5965.890,1370734340.000
2026-03-23,5863.880,5905.920,5692.470,5723.410,1622825828.000
2026-03-24,5802.470,5843.730,5696.410,5843.730,1380131513.000
2026-03-25,5883.920,5956.610,5883.920,5948.600,1382428512.000
2026-03-26,5936.310,5959.140,5846.920,5861.890,1258548686.000
2026-03-27,5790.590,5946.770,5789.530,5922.210,1162199823.000
2026-03-30,5863.120,5927.860,5837.150,5925.210,1221686111.000
2026-03-31,5918.290,5958.250,5842.340,5842.340,1238264867.000
2026-04-01,5941.580,5957.210,5903.470,5946.580,1189149204.000
2026-04-02,5928.520,5940.340,5830.850,5860.440,1155096726.000
2026-04-03,5880.230,5883.390,5784.410,5791.490,1055425552.000
2026-04-07,5802.840,5844.570,5789.810,5822.750,993221648.000
2026-04-08,5933.530,6059.750,5933.180,6059.750,1365846864.000
2026-04-09,6010.240,6043.820,5998.630,6020.050,1170953634.000
2026-04-10,6060.570,6127.270,6056.940,6090.060,1189935660.000
2026-04-13,6057.940,6112.270,6057.940,6103.840,1140279661.000
2026-04-14,6146.420,6181.430,6116.900,6181.430,1220367221.000
2026-04-15,6213.950,6215.430,6137.440,6153.960,1234658036.000
2026-04-16,6165.480,6243.180,6158.290,6239.490,1201044399.000
2026-04-17,6227.700,6266.900,6217.640,6254.110,1218877349.000
2026-04-20,6254.850,6305.720,6250.480,6300.210,1289356790.000
2026-04-21,6285.130,6303.150,6240.670,6297.910,1248207694.000
2026-04-22,6271.820,6358.210,6271.820,6357.100,1254416818.000
2026-04-23,6368.920,6373.870,6263.860,6303.100,1403679980.000
2026-04-24,6275.390,6302.190,6229.600,6271.170,1286802985.000
2026-04-27,6269.840,6311.250,6248.680,6296.450,1269833095.000
2026-04-28,6275.960,6286.640,6224.210,6246.710,1293721085.000
2026-04-29,6212.280,6337.980,6212.030,6328.360,1324764554.000
2026-04-30,6335.200,6355.880,6320.110,6342.260,1363772243.000
2026-05-06,6404.750,6485.900,6400.530,6465.600,1495257072.000
2026-05-07,6489.860,6534.080,6470.990,6533.330,1499395479.000
2026-05-08,6495.250,6540.530,6487.610,6532.340,1490201894.000
2026-05-11,6579.670,6639.640,6555.570,6633.480,1605855945.000
2026-05-12,6645.780,6645.780,6568.940,6605.720,1499297651.000
2026-05-13,6567.450,6689.740,6567.450,6686.870,1461397934.000
2026-05-14,6718.190,6720.940,6552.950,6552.950,1571633049.000
2026-05-15,6552.690,6592.210,6438.140,6481.340,1518695989.000
2026-05-18,6452.120,6515.590,6433.240,6477.210,1306163384.000
2026-05-19,6458.970,6527.580,6399.270,6526.030,1293560621.000
2026-05-20,6494.770,6538.060,6472.830,6525.060,1278394662.000
2026-05-21,6563.160,6616.340,6361.930,6368.440,1537478851.000
2026-05-22,6414.040,6490.860,6374.650,6479.370,1300356273.000
2026-05-25,6517.050,6560.920,6469.260,6559.840,1342075094.000
2026-05-26,6529.660,6539.050,6449.870,6532.440,1414833784.000
2026-05-27,6524.490,6559.400,6413.990,6443.840,1410706253.000
2026-05-28,6422.450,6492.470,6372.650,6480.470,1311825096.000
2026-05-29,6504.870,6508.570,6339.500,6368.840,1521823049.000
2026-06-01,6367.450,6427.120,6311.670,6321.110,1380079580.000
2026-06-02,6335.340,6398.350,6247.330,6368.510,1327071363.000
2026-06-03,6371.130,6465.710,6343.860,6395.880,1397085081.000
2026-06-04,6336.620,6396.870,6333.920,6368.340,1285169481.000
2026-06-05,6344.240,6407.410,6267.270,6292.190,1428960568.000
2026-06-08,6113.170,6232.530,6061.390,6119.240,1397132253.000
2026-06-09,6176.860,6255.620,6125.510,6254.740,1251124002.000
2026-06-10,6192.500,6229.860,6116.980,6173.630,1260343551.000
2026-06-11,6143.360,6190.140,6091.080,6140.750,1191900059.000
2026-06-12,6231.570,6272.490,6182.650,6196.260,1483571843.000
2026-06-15,6254.440,6380.650,6246.260,6380.160,1399464054.000
2026-06-16,6387.650,6444.640,6368.890,6421.240,1327342396.000
2026-06-17,6383.600,6479.200,6383.560,6477.070,1313683477.000
2026-06-18,6453.660,6526.320,6453.350,6499.330,1380767454.000
2026-06-22,6518.730,6625.350,6444.780,6624.010,1574214975.000
2026-06-23,6605.340,6626.390,6445.330,6483.570,1476614089.000
2026-06-24,6453.700,6536.920,6432.870,6531.250,1391459779.000
2026-06-25,6538.690,6591.080,6519.120,6586.230,1457211179.000
2026-06-26,6541.970,6541.970,6373.130,6401.010,1450438872.000
2026-06-29,6404.300,6445.640,6310.390,6443.300,1423844236.000
2026-06-30,6429.160,6558.040,6424.590,6551.620,1300395371.000
2026-07-01,6553.000,6622.220,6517.550,6563.160,1501234776.000
2026-07-02,6437.210,6517.420,6359.070,6376.360,1462989352.000
2026-07-03,6377.000,6473.640,6358.770,6404.400,1337856320.000
2026-07-06,6436.270,6450.180,6300.070,6350.890,1298069835.000
2026-07-07,6317.010,6350.870,6209.880,6246.030,1134990758.000
2026-07-08,6259.910,6267.940,6148.010,6157.070,1099428872.000
2026-07-09,6182.770,6311.800,6086.100,6304.430,1207602537.000
2026-07-10,6315.700,6376.710,6215.110,6215.110,1402993212.000
2026-07-13,6162.540,6190.170,5976.210,6001.650,1270613463.000
2026-07-14,5999.020,6119.190,5913.580,6119.190,1203691448.000
2026-07-15,6128.600,6157.850,6060.160,6075.660,1215945737.000
2026-07-16,5984.530,6071.940,5925.130,5956.500,1151014655.000
2026-07-17,5917.180,5920.710,5636.840,5671.750,1359555959.000
2026-07-20,5731.220,5772.210,5539.040,5638.620,1429876074.000
2026-07-21,5663.880,5834.170,5510.400,5833.730,1515418775.000
2026-07-22,5792.450,5871.840,5757.750,5790.760,1254789794.000
2026-07-23,5802.570,5831.510,5761.140,5816.080,1149343126.000
2026-07-24,5752.490,5788.270,5684.980,5687.260,1039757787.000
2026-07-27,5684.330,5807.800,5652.950,5807.800,1009943625.000
2026-07-28,5719.990,5761.890,5626.480,5648.710,1018074651.000
2026-07-29,5655.320,5723.800,5572.400,5692.340,1195083096.000
2026-07-30,5655.190,5694.690,5518.630,5581.370,1228374390.000
2026-07-31,5698.090,5754.530,5681.180,5681.240,1266833381.000
2026-08-03,5656.910,5684.180,5632.600,5652.570,1099283511.000
2026-08-04,5687.900,5782.940,5673.470,5766.330,1156673232.000
2026-08-05,5725.560,5903.580,5725.560,5881.850,1270014894.000
2026-08-06,5839.170,5917.140,5833.120,5896.360,1252521916.000
2026-08-07,5900.240,5985.860,5860.030,5978.300,1234568404.000
2026-08-10,5993.260,6010.260,5938.010,6009.530,1177577737.000
2026-08-11,5983.030,6031.110,5957.760,5966.590,1122092230.000
2026-08-12,5967.890,6031.270,5963.770,6024.050,1079701471.000
2026-08-13,6058.750,6073.730,5971.940,5973.270,1257423809.000
2026-08-14,5988.220,5996.260,5932.340,5991.020,1098248181.000
2026-08-17,6003.570,6112.790,5987.700,6112.700,1086118457.000
2026-08-18,6108.250,6124.010,6034.540,6097.500,1139643353.000
2026-08-19,6001.350,6007.870,5824.510,5846.420,1219817868.000
2026-08-20,5895.290,5926.780,5847.520,5882.460,1061899528.000
2026-08-21,5861.790,5915.050,5827.300,5902.110,948767587.000
2026-08-24,5906.860,5908.510,5755.080,5818.510,1008237442.000
