交易日期,合约代码,场次,轮次编号,价格
2024-01-31,SHAU,早盘,1,480.91
2024-01-31,SHAU,早盘,2,481.01
2024-01-31,SHAU,早盘,3,481.11
2024-01-31,SHAU,午盘,1,480.89
2024-01-31,SHAU,午盘,2,480.99
2024-01-31,SHAU,午盘,3,481.09
2024-01-31,SHAU,午盘,4,481.19
2024-01-30,SHAU,早盘,1,480.1
2024-01-30,SHAU,早盘,2,480.2
2024-01-30,SHAU,早盘,3,480.3
2024-01-30,SHAU,午盘,1,480.52
2024-01-30,SHAU,午盘,2,480.62
2024-01-30,SHAU,午盘,3,480.72
2024-01-30,SHAU,午盘,4,480.82
2024-01-30,SHAU,午盘,5,480.92
2024-01-29,SHAU,早盘,1,479.21
2024-01-29,SHAU,午盘,1,479.48
2024-01-29,SHAU,午盘,2,479.58
2024-01-29,SHAU,午盘,3,479.68
2024-01-29,SHAU,午盘,4,479.78
2024-01-26,SHAU,早盘,1,478.35
2024-01-26,SHAU,午盘,1,478.61
2024-01-25,SHAU,早盘,1,476.25
2024-01-25,SHAU,早盘,2,476.35
2024-01-25,SHAU,早盘,3,476.45
2024-01-25,SHAU,午盘,1,476.42
2024-01-24,SHAU,早盘,1,478.79
2024-01-24,SHAU,午盘,1,478.85
2024-01-23,SHAU,早盘,1,477.67
2024-01-23,SHAU,午盘,1,478.84
2024-01-22,SHAU,早盘,1,480.7
2024-01-22,SHAU,早盘,2,480.8
2024-01-22,SHAU,早盘,3,480.9
2024-01-22,SHAU,早盘,4,481.0
2024-01-22,SHAU,午盘,1,478.83
2024-01-19,SHAU,早盘,1,479.62
2024-01-19,SHAU,早盘,2,479.72
2024-01-19,SHAU,早盘,3,479.82
2024-01-19,SHAU,午盘,1,480.05
2024-01-18,SHAU,早盘,1,478.03
2024-01-18,SHAU,早盘,2,478.13
2024-01-18,SHAU,午盘,1,477.84
2024-01-18,SHAU,午盘,2,477.94
2024-01-18,SHAU,午盘,3,478.04
2024-01-18,SHAU,午盘,4,478.14
2024-01-17,SHAU,早盘,1,481.27
2024-01-17,SHAU,午盘,1,479.88
2024-01-17,SHAU,午盘,2,479.98
2024-01-16,SHAU,早盘,1,482.77
2024-01-16,SHAU,午盘,1,483.27
2024-01-15,SHAU,早盘,1,481.95
2024-01-15,SHAU,午盘,1,482.77
2024-01-15,SHAU,午盘,2,482.67
2024-01-12,SHAU,早盘,1,479.49
2024-01-12,SHAU,早盘,2,479.59
2024-01-12,SHAU,午盘,1,480.0
2024-01-11,SHAU,早盘,1,478.46
2024-01-11,SHAU,早盘,2,478.56
2024-01-11,SHAU,早盘,3,478.66
2024-01-11,SHAU,午盘,1,479.06
2024-01-10,SHAU,早盘,1,479.79
2024-01-10,SHAU,午盘,1,478.9
2024-01-09,SHAU,早盘,1,480.54
2024-01-09,SHAU,早盘,2,480.64
2024-01-09,SHAU,早盘,3,480.74
2024-01-09,SHAU,午盘,1,480.01
2024-01-09,SHAU,午盘,2,479.91
2024-01-09,SHAU,午盘,3,479.81
2024-01-09,SHAU,午盘,4,479.71
2024-01-09,SHAU,午盘,5,479.61
2024-01-08,SHAU,早盘,1,480.88
2024-01-08,SHAU,午盘,1,480.85
2024-01-08,SHAU,午盘,2,480.95
2024-01-08,SHAU,午盘,3,481.05
2024-01-08,SHAU,午盘,4,481.15
2024-01-08,SHAU,午盘,5,481.25
2024-01-08,SHAU,午盘,6,481.35
2024-01-08,SHAU,午盘,7,481.45
2024-01-08,SHAU,午盘,8,481.55
2024-01-08,SHAU,午盘,9,481.65
2024-01-08,SHAU,午盘,10,481.75
2024-01-08,SHAU,午盘,11,481.85
2024-01-08,SHAU,午盘,12,481.95
2024-01-08,SHAU,午盘,13,482.05
2024-01-05,SHAU,早盘,1,481.66
2024-01-05,SHAU,午盘,1,481.33
2024-01-04,SHAU,早盘,1,479.76
2024-01-04,SHAU,午盘,1,480.93
2024-01-03,SHAU,早盘,1,482.56
2024-01-03,SHAU,午盘,1,482.4
2024-01-02,SHAU,早盘,1,480.92
2024-01-02,SHAU,午盘,1,482.37
2024-02-29,SHAU,早盘,1,480.93
2024-02-29,SHAU,早盘,2,480.83
2024-02-29,SHAU,早盘,3,480.73
2024-02-29,SHAU,午盘,1,480.89
2024-02-29,SHAU,午盘,2,480.99
2024-02-28,SHAU,早盘,1,480.74
2024-02-28,SHAU,午盘,1,480.42
2024-02-27,SHAU,早盘,1,480.64
2024-02-27,SHAU,午盘,1,480.57
2024-02-26,SHAU,早盘,1,480.69
2024-02-26,SHAU,午盘,1,480.81
2024-02-26,SHAU,午盘,2,480.91
2024-02-23,SHAU,早盘,1,479.61
2024-02-23,SHAU,午盘,1,478.32
2024-02-22,SHAU,早盘,1,479.05
2024-02-22,SHAU,午盘,1,479.47
2024-02-22,SHAU,午盘,2,479.57
2024-02-21,SHAU,早盘,1,480.43
2024-02-21,SHAU,午盘,1,479.78
2024-02-20,SHAU,早盘,1,479.59
2024-02-20,SHAU,午盘,1,479.91
2024-02-19,SHAU,早盘,1,479.25
2024-02-19,SHAU,午盘,1,480.07
2024-02-09,SHAU,早盘,1,481.89
2024-02-09,SHAU,午盘,1,480.14
2024-02-09,SHAU,午盘,2,480.24
2024-02-08,SHAU,早盘,1,481.91
2024-02-08,SHAU,早盘,2,482.01
2024-02-08,SHAU,午盘,1,481.52
2024-02-08,SHAU,午盘,2,481.62
2024-02-08,SHAU,午盘,3,481.72
2024-02-08,SHAU,午盘,4,481.82
2024-02-08,SHAU,午盘,5,481.92
2024-02-08,SHAU,午盘,6,482.02
2024-02-07,SHAU,早盘,1,480.89
2024-02-07,SHAU,午盘,1,480.8
2024-02-06,SHAU,早盘,1,480.15
2024-02-06,SHAU,早盘,2,480.05
2024-02-06,SHAU,早盘,3,479.95
2024-02-06,SHAU,早盘,4,479.85
2024-02-06,SHAU,午盘,1,479.56
2024-02-05,SHAU,早盘,1,482.55
2024-02-05,SHAU,午盘,1,480.74
2024-02-02,SHAU,早盘,1,483.16
2024-02-02,SHAU,早盘,2,483.26
2024-02-02,SHAU,早盘,3,483.36
2024-02-02,SHAU,早盘,4,483.46
2024-02-02,SHAU,早盘,5,483.56
2024-02-02,SHAU,早盘,6,483.51
2024-02-02,SHAU,早盘,7,483.41
2024-02-02,SHAU,午盘,1,483.65
2024-02-01,SHAU,早盘,1,481.72
2024-02-01,SHAU,早盘,2,481.82
2024-02-01,SHAU,早盘,3,481.92
2024-02-01,SHAU,早盘,4,482.02
2024-02-01,SHAU,早盘,5,482.12
2024-02-01,SHAU,早盘,6,482.22
2024-02-01,SHAU,午盘,1,481.87
2024-03-29,SHAU,早盘,1,527.45
2024-03-29,SHAU,午盘,1,529.8
2024-03-28,SHAU,早盘,1,516.52
2024-03-28,SHAU,早盘,2,516.62
2024-03-28,SHAU,早盘,3,516.72
2024-03-28,SHAU,早盘,4,516.82
2024-03-28,SHAU,早盘,5,516.92
2024-03-28,SHAU,早盘,6,516.87
2024-03-28,SHAU,午盘,1,518.48
2024-03-28,SHAU,午盘,2,518.58
2024-03-27,SHAU,早盘,1,514.83
2024-03-27,SHAU,早盘,2,514.73
2024-03-27,SHAU,午盘,1,515.3
2024-03-26,SHAU,早盘,1,512.72
2024-03-26,SHAU,早盘,2,512.82
2024-03-26,SHAU,午盘,1,512.91
2024-03-25,SHAU,早盘,1,513.59
2024-03-25,SHAU,早盘,2,513.69
2024-03-25,SHAU,早盘,3,513.64
2024-03-25,SHAU,早盘,4,513.54
2024-03-25,SHAU,早盘,5,513.44
2024-03-25,SHAU,午盘,1,511.92
2024-03-22,SHAU,早盘,1,510.73
2024-03-22,SHAU,早盘,2,510.63
2024-03-22,SHAU,早盘,3,510.53
2024-03-22,SHAU,午盘,1,511.4
2024-03-21,SHAU,早盘,1,513.87
2024-03-21,SHAU,午盘,1,514.3
2024-03-20,SHAU,早盘,1,504.83
2024-03-20,SHAU,早盘,2,504.73
2024-03-20,SHAU,午盘,1,504.64
2024-03-19,SHAU,早盘,1,504.97
2024-03-19,SHAU,早盘,2,505.07
2024-03-19,SHAU,早盘,3,505.17
2024-03-19,SHAU,早盘,4,505.27
2024-03-19,SHAU,早盘,5,505.37
2024-03-19,SHAU,早盘,6,505.32
2024-03-19,SHAU,午盘,1,504.07
2024-03-19,SHAU,午盘,2,503.97
2024-03-18,SHAU,早盘,1,504.12
2024-03-18,SHAU,早盘,2,504.02
2024-03-18,SHAU,早盘,3,503.92
2024-03-18,SHAU,午盘,1,503.1
2024-03-15,SHAU,早盘,1,505.35
2024-03-15,SHAU,午盘,1,506.75
2024-03-14,SHAU,早盘,1,507.16
2024-03-14,SHAU,早盘,2,507.06
2024-03-14,SHAU,早盘,3,506.96
2024-03-14,SHAU,早盘,4,506.86
2024-03-14,SHAU,早盘,5,506.76
2024-03-14,SHAU,午盘,1,505.21
2024-03-14,SHAU,午盘,2,505.31
2024-03-14,SHAU,午盘,3,505.41
2024-03-13,SHAU,早盘,1,504.12
2024-03-13,SHAU,早盘,2,504.22
2024-03-13,SHAU,早盘,3,504.32
2024-03-13,SHAU,早盘,4,504.27
2024-03-13,SHAU,午盘,1,504.5
2024-03-13,SHAU,午盘,2,504.6
2024-03-12,SHAU,早盘,1,507.69
2024-03-12,SHAU,早盘,2,507.59
2024-03-12,SHAU,早盘,3,507.49
2024-03-12,SHAU,早盘,4,507.39
2024-03-12,SHAU,早盘,5,507.29
2024-03-12,SHAU,午盘,1,505.42
2024-03-11,SHAU,早盘,1,508.44
2024-03-11,SHAU,早盘,2,508.34
2024-03-11,SHAU,午盘,1,507.34
2024-03-11,SHAU,午盘,2,507.44
2024-03-11,SHAU,午盘,3,507.54
2024-03-08,SHAU,早盘,1,504.45
2024-03-08,SHAU,早盘,2,504.55
2024-03-08,SHAU,早盘,3,504.65
2024-03-08,SHAU,午盘,1,505.12
2024-03-07,SHAU,早盘,1,502.58
2024-03-07,SHAU,早盘,2,502.68
2024-03-07,SHAU,早盘,3,502.78
2024-03-07,SHAU,早盘,4,502.88
2024-03-07,SHAU,早盘,5,502.98
2024-03-07,SHAU,午盘,1,504.99
2024-03-07,SHAU,午盘,2,505.09
2024-03-06,SHAU,早盘,1,498.14
2024-03-06,SHAU,午盘,1,499.23
2024-03-06,SHAU,午盘,2,499.33
2024-03-05,SHAU,早盘,1,494.84
2024-03-05,SHAU,早盘,2,494.74
2024-03-05,SHAU,早盘,3,494.64
2024-03-05,SHAU,早盘,4,494.54
2024-03-05,SHAU,早盘,5,494.44
2024-03-05,SHAU,午盘,1,496.29
2024-03-04,SHAU,早盘,1,489.6
2024-03-04,SHAU,早盘,2,489.7
2024-03-04,SHAU,早盘,3,489.8
2024-03-04,SHAU,早盘,4,489.9
2024-03-04,SHAU,午盘,1,489.42
2024-03-04,SHAU,午盘,2,489.32
2024-03-04,SHAU,午盘,3,489.22
2024-03-04,SHAU,午盘,4,489.12
2024-03-01,SHAU,早盘,1,482.51
2024-03-01,SHAU,早盘,2,482.61
2024-03-01,SHAU,早盘,3,482.71
2024-03-01,SHAU,午盘,1,482.99
2024-04-30,SHAU,早盘,1,548.23
2024-04-30,SHAU,午盘,1,546.89
2024-04-30,SHAU,午盘,2,546.99
2024-04-29,SHAU,早盘,1,549.69
2024-04-29,SHAU,午盘,1,548.52
2024-04-26,SHAU,早盘,1,549.49
2024-04-26,SHAU,早盘,2,549.59
2024-04-26,SHAU,早盘,3,549.69
2024-04-26,SHAU,午盘,1,551.75
2024-04-26,SHAU,午盘,2,551.65
2024-04-25,SHAU,早盘,1,547.56
2024-04-25,SHAU,午盘,1,547.58
2024-04-25,SHAU,午盘,2,547.68
2024-04-24,SHAU,早盘,1,546.9
2024-04-24,SHAU,午盘,1,548.05
2024-04-24,SHAU,午盘,2,548.15
2024-04-23,SHAU,早盘,1,545.57
2024-04-23,SHAU,早盘,2,545.67
2024-04-23,SHAU,早盘,3,545.77
2024-04-23,SHAU,早盘,4,545.87
2024-04-23,SHAU,午盘,1,542.83
2024-04-23,SHAU,午盘,2,542.93
2024-04-22,SHAU,早盘,1,562.69
2024-04-22,SHAU,午盘,1,556.11
2024-04-19,SHAU,早盘,1,570.84
2024-04-19,SHAU,早盘,2,570.94
2024-04-19,SHAU,早盘,3,571.04
2024-04-19,SHAU,早盘,4,571.14
2024-04-19,SHAU,午盘,1,565.33
2024-04-19,SHAU,午盘,2,565.43
2024-04-19,SHAU,午盘,3,565.53
2024-04-19,SHAU,午盘,4,565.63
2024-04-19,SHAU,午盘,5,565.73
2024-04-19,SHAU,午盘,6,565.83
2024-04-18,SHAU,早盘,1,560.76
2024-04-18,SHAU,早盘,2,560.86
2024-04-18,SHAU,早盘,3,560.96
2024-04-18,SHAU,午盘,1,562.62
2024-04-18,SHAU,午盘,2,562.72
2024-04-18,SHAU,午盘,3,562.82
2024-04-18,SHAU,午盘,4,562.92
2024-04-18,SHAU,午盘,5,563.02
2024-04-18,SHAU,午盘,6,563.12
2024-04-18,SHAU,午盘,7,563.22
2024-04-18,SHAU,午盘,8,563.32
2024-04-18,SHAU,午盘,9,563.42
2024-04-18,SHAU,午盘,10,563.37
2024-04-17,SHAU,早盘,1,566.75
2024-04-17,SHAU,早盘,2,566.85
2024-04-17,SHAU,早盘,3,566.95
2024-04-17,SHAU,早盘,4,567.05
2024-04-17,SHAU,午盘,1,565.63
2024-04-16,SHAU,早盘,1,565.94
2024-04-16,SHAU,早盘,2,565.84
2024-04-16,SHAU,午盘,1,564.26
2024-04-16,SHAU,午盘,2,564.36
2024-04-16,SHAU,午盘,3,564.46
2024-04-16,SHAU,午盘,4,564.56
2024-04-16,SHAU,午盘,5,564.66
2024-04-15,SHAU,早盘,1,560.85
2024-04-15,SHAU,早盘,2,560.95
2024-04-15,SHAU,早盘,3,561.05
2024-04-15,SHAU,早盘,4,561.15
2024-04-15,SHAU,早盘,5,561.25
2024-04-15,SHAU,早盘,6,561.35
2024-04-15,SHAU,早盘,7,561.45
2024-04-15,SHAU,早盘,8,561.55
2024-04-15,SHAU,早盘,9,561.65
2024-04-15,SHAU,早盘,10,561.75
2024-04-15,SHAU,早盘,11,561.85
2024-04-15,SHAU,早盘,12,561.95
2024-04-15,SHAU,早盘,13,562.05
2024-04-15,SHAU,早盘,14,562.15
2024-04-15,SHAU,早盘,15,562.25
2024-04-15,SHAU,早盘,16,562.35
2024-04-15,SHAU,午盘,1,560.68
2024-04-15,SHAU,午盘,2,560.78
2024-04-12,SHAU,早盘,1,566.59
2024-04-12,SHAU,午盘,1,568.0
2024-04-12,SHAU,午盘,2,568.1
2024-04-11,SHAU,早盘,1,555.01
2024-04-11,SHAU,午盘,1,554.06
2024-04-11,SHAU,午盘,2,553.96
2024-04-11,SHAU,午盘,3,553.86
2024-04-11,SHAU,午盘,4,553.91
2024-04-11,SHAU,午盘,5,554.01
2024-04-10,SHAU,早盘,1,556.84
2024-04-10,SHAU,早盘,2,556.74
2024-04-10,SHAU,早盘,3,556.64
2024-04-10,SHAU,午盘,1,557.49
2024-04-10,SHAU,午盘,2,557.59
2024-04-10,SHAU,午盘,3,557.69
2024-04-09,SHAU,早盘,1,555.88
2024-04-09,SHAU,午盘,1,555.65
2024-04-09,SHAU,午盘,2,555.55
2024-04-08,SHAU,早盘,1,551.25
2024-04-08,SHAU,早盘,2,551.35
2024-04-08,SHAU,早盘,3,551.45
2024-04-08,SHAU,早盘,4,551.55
2024-04-08,SHAU,早盘,5,551.65
2024-04-08,SHAU,午盘,1,553.7
2024-04-03,SHAU,早盘,1,539.42
2024-04-03,SHAU,午盘,1,540.16
2024-04-02,SHAU,早盘,1,530.99
2024-04-02,SHAU,午盘,1,533.38
2024-04-01,SHAU,早盘,1,532.25
2024-04-01,SHAU,早盘,2,532.15
2024-04-01,SHAU,早盘,3,532.05
2024-04-01,SHAU,午盘,1,532.97
2024-05-31,SHAU,早盘,1,553.31
2024-05-31,SHAU,午盘,1,553.45
2024-05-30,SHAU,早盘,1,552.0
2024-05-30,SHAU,午盘,1,550.79
2024-05-30,SHAU,午盘,2,550.89
2024-05-30,SHAU,午盘,3,550.99
2024-05-30,SHAU,午盘,4,551.09
2024-05-30,SHAU,午盘,5,551.19
2024-05-30,SHAU,午盘,6,551.29
2024-05-30,SHAU,午盘,7,551.39
2024-05-30,SHAU,午盘,8,551.49
2024-05-30,SHAU,午盘,9,551.59
2024-05-30,SHAU,午盘,10,551.69
2024-05-29,SHAU,早盘,1,556.35
2024-05-29,SHAU,早盘,2,556.45
2024-05-29,SHAU,早盘,3,556.55
2024-05-29,SHAU,午盘,1,555.86
2024-05-29,SHAU,午盘,2,555.96
2024-05-28,SHAU,早盘,1,555.81
2024-05-28,SHAU,午盘,1,552.82
2024-05-28,SHAU,午盘,2,552.72
2024-05-27,SHAU,早盘,1,552.03
2024-05-27,SHAU,午盘,1,552.51
2024-05-24,SHAU,早盘,1,549.68
2024-05-24,SHAU,午盘,1,550.47
2024-05-24,SHAU,午盘,2,550.57
2024-05-23,SHAU,早盘,1,558.41
2024-05-23,SHAU,午盘,1,556.19
2024-05-23,SHAU,午盘,2,556.29
2024-05-22,SHAU,早盘,1,571.0
2024-05-22,SHAU,午盘,1,568.9
2024-05-21,SHAU,早盘,1,571.62
2024-05-21,SHAU,早盘,2,571.52
2024-05-21,SHAU,早盘,3,571.42
2024-05-21,SHAU,早盘,4,571.32
2024-05-21,SHAU,午盘,1,568.3
2024-05-21,SHAU,午盘,2,568.2
2024-05-20,SHAU,早盘,1,572.72
2024-05-20,SHAU,午盘,1,574.13
2024-05-20,SHAU,午盘,2,574.23
2024-05-20,SHAU,午盘,3,574.33
2024-05-20,SHAU,午盘,4,574.43
2024-05-20,SHAU,午盘,5,574.53
2024-05-20,SHAU,午盘,6,574.63
2024-05-20,SHAU,午盘,7,574.73
2024-05-20,SHAU,午盘,8,574.83
2024-05-17,SHAU,早盘,1,559.55
2024-05-17,SHAU,早盘,2,559.65
2024-05-17,SHAU,早盘,3,559.75
2024-05-17,SHAU,午盘,1,561.14
2024-05-16,SHAU,早盘,1,560.74
2024-05-16,SHAU,早盘,2,560.84
2024-05-16,SHAU,早盘,3,560.94
2024-05-16,SHAU,早盘,4,560.89
2024-05-16,SHAU,午盘,1,560.67
2024-05-15,SHAU,早盘,1,555.73
2024-05-15,SHAU,早盘,2,555.63
2024-05-15,SHAU,午盘,1,555.46
2024-05-14,SHAU,早盘,1,552.54
2024-05-14,SHAU,早盘,2,552.64
2024-05-14,SHAU,早盘,3,552.74
2024-05-14,SHAU,午盘,1,551.91
2024-05-14,SHAU,午盘,2,551.81
2024-05-13,SHAU,早盘,1,554.85
2024-05-13,SHAU,早盘,2,554.95
2024-05-13,SHAU,早盘,3,555.05
2024-05-13,SHAU,早盘,4,555.15
2024-05-13,SHAU,午盘,1,553.36
2024-05-10,SHAU,早盘,1,551.8
2024-05-10,SHAU,午盘,1,556.04
2024-05-10,SHAU,午盘,2,556.14
2024-05-10,SHAU,午盘,3,556.24
2024-05-10,SHAU,午盘,4,556.34
2024-05-10,SHAU,午盘,5,556.44
2024-05-09,SHAU,早盘,1,543.31
2024-05-09,SHAU,午盘,1,543.61
2024-05-08,SHAU,早盘,1,542.79
2024-05-08,SHAU,早盘,2,542.89
2024-05-08,SHAU,午盘,1,544.54
2024-05-07,SHAU,早盘,1,545.71
2024-05-07,SHAU,早盘,2,545.61
2024-05-07,SHAU,早盘,3,545.51
2024-05-07,SHAU,早盘,4,545.41
2024-05-07,SHAU,早盘,5,545.46
2024-05-07,SHAU,早盘,6,545.43
2024-05-07,SHAU,午盘,1,545.08
2024-05-07,SHAU,午盘,2,545.18
2024-05-07,SHAU,午盘,3,545.28
2024-05-06,SHAU,早盘,1,543.1
2024-05-06,SHAU,早盘,2,543.2
2024-05-06,SHAU,早盘,3,543.3
2024-05-06,SHAU,早盘,4,543.4
2024-05-06,SHAU,早盘,5,543.5
2024-05-06,SHAU,早盘,6,543.6
2024-05-06,SHAU,午盘,1,543.68
2024-05-06,SHAU,午盘,2,543.78
2024-05-06,SHAU,午盘,3,543.88
2024-05-06,SHAU,午盘,4,543.98
2024-05-06,SHAU,午盘,5,544.08
2024-06-28,SHAU,早盘,1,547.56
2024-06-28,SHAU,午盘,1,549.47
2024-06-27,SHAU,早盘,1,542.67
2024-06-27,SHAU,午盘,1,543.06
2024-06-26,SHAU,早盘,1,546.1
2024-06-26,SHAU,午盘,1,546.11
2024-06-26,SHAU,午盘,2,546.21
2024-06-25,SHAU,早盘,1,549.51
2024-06-25,SHAU,早盘,2,549.41
2024-06-25,SHAU,早盘,3,549.31
2024-06-25,SHAU,午盘,1,549.29
2024-06-25,SHAU,午盘,2,549.39
2024-06-25,SHAU,午盘,3,549.49
2024-06-24,SHAU,早盘,1,548.71
2024-06-24,SHAU,早盘,2,548.61
2024-06-24,SHAU,早盘,3,548.51
2024-06-24,SHAU,早盘,4,548.41
2024-06-24,SHAU,午盘,1,548.59
2024-06-21,SHAU,早盘,1,557.27
2024-06-21,SHAU,午盘,1,557.12
2024-06-21,SHAU,午盘,2,557.02
2024-06-21,SHAU,午盘,3,556.92
2024-06-20,SHAU,早盘,1,551.91
2024-06-20,SHAU,午盘,1,554.06
2024-06-20,SHAU,午盘,2,553.96
2024-06-19,SHAU,早盘,1,549.54
2024-06-19,SHAU,早盘,2,549.44
2024-06-19,SHAU,午盘,1,549.54
2024-06-18,SHAU,早盘,1,548.38
2024-06-18,SHAU,午盘,1,547.66
2024-06-17,SHAU,早盘,1,548.67
2024-06-17,SHAU,午盘,1,547.08
2024-06-14,SHAU,早盘,1,544.17
2024-06-14,SHAU,午盘,1,545.96
2024-06-14,SHAU,午盘,2,546.06
2024-06-14,SHAU,午盘,3,546.16
2024-06-14,SHAU,午盘,4,546.26
2024-06-14,SHAU,午盘,5,546.36
2024-06-13,SHAU,早盘,1,545.43
2024-06-13,SHAU,早盘,2,545.53
2024-06-13,SHAU,早盘,3,545.63
2024-06-13,SHAU,午盘,1,545.7
2024-06-13,SHAU,午盘,2,545.8
2024-06-13,SHAU,午盘,3,545.9
2024-06-12,SHAU,早盘,1,545.4
2024-06-12,SHAU,午盘,1,545.87
2024-06-11,SHAU,早盘,1,542.72
2024-06-11,SHAU,早盘,2,542.62
2024-06-11,SHAU,早盘,3,542.52
2024-06-11,SHAU,午盘,1,542.78
2024-06-07,SHAU,早盘,1,559.68
2024-06-07,SHAU,早盘,2,559.78
2024-06-07,SHAU,午盘,1,559.6
2024-06-06,SHAU,早盘,1,558.98
2024-06-06,SHAU,早盘,2,559.08
2024-06-06,SHAU,午盘,1,558.87
2024-06-06,SHAU,午盘,2,558.97
2024-06-05,SHAU,早盘,1,550.33
2024-06-05,SHAU,早盘,2,550.43
2024-06-05,SHAU,午盘,1,550.8
2024-06-05,SHAU,午盘,2,550.9
2024-06-04,SHAU,早盘,1,554.16
2024-06-04,SHAU,午盘,1,553.76
2024-06-04,SHAU,午盘,2,553.66
2024-06-04,SHAU,午盘,3,553.56
2024-06-03,SHAU,早盘,1,550.46
2024-06-03,SHAU,早盘,2,550.56
2024-06-03,SHAU,早盘,3,550.66
2024-06-03,SHAU,午盘,1,547.95
2024-06-03,SHAU,午盘,2,548.05
2024-06-03,SHAU,午盘,3,548.15
2024-06-03,SHAU,午盘,4,548.25
2024-06-03,SHAU,午盘,5,548.35
2024-06-03,SHAU,午盘,6,548.45
2024-06-03,SHAU,午盘,7,548.55
2024-06-03,SHAU,午盘,8,548.65
2024-06-03,SHAU,午盘,9,548.75
2024-06-03,SHAU,午盘,10,548.85
2024-06-03,SHAU,午盘,11,548.95
2024-06-03,SHAU,午盘,12,549.05
2024-06-03,SHAU,午盘,13,549.15
2024-06-03,SHAU,午盘,14,549.25
2024-07-31,SHAU,早盘,1,561.09
2024-07-31,SHAU,午盘,1,564.0
2024-07-30,SHAU,早盘,1,556.63
2024-07-30,SHAU,午盘,1,558.91
2024-07-29,SHAU,早盘,1,558.43
2024-07-29,SHAU,午盘,1,558.68
2024-07-26,SHAU,早盘,1,552.93
2024-07-26,SHAU,午盘,1,554.5
2024-07-26,SHAU,午盘,2,554.6
2024-07-26,SHAU,午盘,3,554.7
2024-07-26,SHAU,午盘,4,554.8
2024-07-25,SHAU,早盘,1,555.16
2024-07-25,SHAU,早盘,2,555.06
2024-07-25,SHAU,午盘,1,552.54
2024-07-24,SHAU,早盘,1,563.82
2024-07-24,SHAU,早盘,2,563.92
2024-07-24,SHAU,早盘,3,564.02
2024-07-24,SHAU,早盘,4,564.12
2024-07-24,SHAU,早盘,5,564.22
2024-07-24,SHAU,早盘,6,564.32
2024-07-24,SHAU,早盘,7,564.42
2024-07-24,SHAU,早盘,8,564.52
2024-07-24,SHAU,早盘,9,564.62
2024-07-24,SHAU,早盘,10,564.72
2024-07-24,SHAU,早盘,11,564.82
2024-07-24,SHAU,早盘,12,564.92
2024-07-24,SHAU,早盘,13,565.02
2024-07-24,SHAU,早盘,14,564.97
2024-07-24,SHAU,早盘,15,564.87
2024-07-24,SHAU,午盘,1,566.13
2024-07-23,SHAU,早盘,1,562.73
2024-07-23,SHAU,早盘,2,562.63
2024-07-23,SHAU,早盘,3,562.53
2024-07-23,SHAU,早盘,4,562.43
2024-07-23,SHAU,午盘,1,559.45
2024-07-23,SHAU,午盘,2,559.55
2024-07-23,SHAU,午盘,3,559.65
2024-07-22,SHAU,早盘,1,562.68
2024-07-22,SHAU,早盘,2,562.58
2024-07-22,SHAU,午盘,1,562.59
2024-07-19,SHAU,早盘,1,567.1
2024-07-19,SHAU,早盘,2,567.0
2024-07-19,SHAU,早盘,3,566.9
2024-07-19,SHAU,午盘,1,562.6
2024-07-19,SHAU,午盘,2,562.5
2024-07-19,SHAU,午盘,3,562.4
2024-07-19,SHAU,午盘,4,562.3
2024-07-18,SHAU,早盘,1,575.22
2024-07-18,SHAU,午盘,1,577.12
2024-07-17,SHAU,早盘,1,581.29
2024-07-17,SHAU,早盘,2,581.19
2024-07-17,SHAU,早盘,3,581.09
2024-07-17,SHAU,午盘,1,577.33
2024-07-16,SHAU,早盘,1,569.25
2024-07-16,SHAU,午盘,1,570.2
2024-07-15,SHAU,早盘,1,566.09
2024-07-15,SHAU,早盘,2,566.19
2024-07-15,SHAU,午盘,1,564.29
2024-07-12,SHAU,早盘,1,565.71
2024-07-12,SHAU,午盘,1,564.46
2024-07-11,SHAU,早盘,1,560.02
2024-07-11,SHAU,午盘,1,561.29
2024-07-11,SHAU,午盘,2,561.39
2024-07-11,SHAU,午盘,3,561.49
2024-07-10,SHAU,早盘,1,558.24
2024-07-10,SHAU,早盘,2,558.34
2024-07-10,SHAU,早盘,3,558.44
2024-07-10,SHAU,午盘,1,559.38
2024-07-10,SHAU,午盘,2,559.48
2024-07-10,SHAU,午盘,3,559.43
2024-07-10,SHAU,午盘,4,559.46
2024-07-09,SHAU,早盘,1,557.03
2024-07-09,SHAU,午盘,1,556.81
2024-07-08,SHAU,早盘,1,562.17
2024-07-08,SHAU,午盘,1,559.13
2024-07-08,SHAU,午盘,2,559.23
2024-07-08,SHAU,午盘,3,559.33
2024-07-08,SHAU,午盘,4,559.43
2024-07-05,SHAU,早盘,1,557.17
2024-07-05,SHAU,午盘,1,557.71
2024-07-05,SHAU,午盘,2,557.81
2024-07-04,SHAU,早盘,1,557.61
2024-07-04,SHAU,午盘,1,556.4
2024-07-03,SHAU,早盘,1,550.79
2024-07-03,SHAU,午盘,1,553.12
2024-07-03,SHAU,午盘,2,553.22
2024-07-03,SHAU,午盘,3,553.32
2024-07-03,SHAU,午盘,4,553.42
2024-07-03,SHAU,午盘,5,553.52
2024-07-02,SHAU,早盘,1,550.96
2024-07-02,SHAU,午盘,1,550.41
2024-07-01,SHAU,早盘,1,549.54
2024-07-01,SHAU,早盘,2,549.64
2024-07-01,SHAU,午盘,1,549.37
2024-07-01,SHAU,午盘,2,549.47
2024-08-30,SHAU,早盘,1,573.31
2024-08-30,SHAU,早盘,2,573.21
2024-08-30,SHAU,午盘,1,573.63
2024-08-29,SHAU,早盘,1,575.29
2024-08-29,SHAU,午盘,1,574.36
2024-08-29,SHAU,午盘,2,574.26
2024-08-29,SHAU,午盘,3,574.16
2024-08-28,SHAU,早盘,1,575.56
2024-08-28,SHAU,早盘,2,575.46
2024-08-28,SHAU,午盘,1,573.78
2024-08-27,SHAU,早盘,1,572.87
2024-08-27,SHAU,午盘,1,574.7
2024-08-27,SHAU,午盘,2,574.6
2024-08-26,SHAU,早盘,1,573.96
2024-08-26,SHAU,午盘,1,574.45
2024-08-23,SHAU,早盘,1,570.73
2024-08-23,SHAU,早盘,2,570.63
2024-08-23,SHAU,午盘,1,571.3
2024-08-22,SHAU,早盘,1,573.65
2024-08-22,SHAU,午盘,1,573.01
2024-08-21,SHAU,早盘,1,574.55
2024-08-21,SHAU,早盘,2,574.65
2024-08-21,SHAU,早盘,3,574.75
2024-08-21,SHAU,午盘,1,574.63
2024-08-20,SHAU,早盘,1,571.36
2024-08-20,SHAU,早盘,2,571.46
2024-08-20,SHAU,早盘,3,571.41
2024-08-20,SHAU,午盘,1,572.7
2024-08-19,SHAU,早盘,1,570.84
2024-08-19,SHAU,午盘,1,572.14
2024-08-16,SHAU,早盘,1,567.0
2024-08-16,SHAU,早盘,2,566.9
2024-08-16,SHAU,早盘,3,566.8
2024-08-16,SHAU,早盘,4,566.7
2024-08-16,SHAU,早盘,5,566.6
2024-08-16,SHAU,早盘,6,566.5
2024-08-16,SHAU,早盘,7,566.4
2024-08-16,SHAU,午盘,1,566.41
2024-08-15,SHAU,早盘,1,564.32
2024-08-15,SHAU,早盘,2,564.42
2024-08-15,SHAU,午盘,1,565.39
2024-08-15,SHAU,午盘,2,565.49
2024-08-15,SHAU,午盘,3,565.59
2024-08-15,SHAU,午盘,4,565.69
2024-08-14,SHAU,早盘,1,565.58
2024-08-14,SHAU,早盘,2,565.48
2024-08-14,SHAU,午盘,1,566.5
2024-08-14,SHAU,午盘,2,566.6
2024-08-13,SHAU,早盘,1,569.54
2024-08-13,SHAU,早盘,2,569.44
2024-08-13,SHAU,早盘,3,569.34
2024-08-13,SHAU,午盘,1,568.15
2024-08-13,SHAU,午盘,2,568.05
2024-08-13,SHAU,午盘,3,568.1
2024-08-12,SHAU,早盘,1,560.46
2024-08-12,SHAU,早盘,2,560.56
2024-08-12,SHAU,早盘,3,560.66
2024-08-12,SHAU,早盘,4,560.76
2024-08-12,SHAU,早盘,5,560.86
2024-08-12,SHAU,午盘,1,563.54
2024-08-12,SHAU,午盘,2,563.64
2024-08-12,SHAU,午盘,3,563.74
2024-08-09,SHAU,早盘,1,561.25
2024-08-09,SHAU,早盘,2,561.15
2024-08-09,SHAU,午盘,1,559.5
2024-08-08,SHAU,早盘,1,553.0
2024-08-08,SHAU,午盘,1,554.61
2024-08-08,SHAU,午盘,2,554.71
2024-08-08,SHAU,午盘,3,554.81
2024-08-07,SHAU,早盘,1,553.05
2024-08-07,SHAU,早盘,2,552.95
2024-08-07,SHAU,早盘,3,552.85
2024-08-07,SHAU,午盘,1,554.77
2024-08-06,SHAU,早盘,1,555.61
2024-08-06,SHAU,早盘,2,555.51
2024-08-06,SHAU,早盘,3,555.41
2024-08-06,SHAU,早盘,4,555.31
2024-08-06,SHAU,午盘,1,553.24
2024-08-05,SHAU,早盘,1,559.84
2024-08-05,SHAU,早盘,2,559.94
2024-08-05,SHAU,午盘,1,557.85
2024-08-05,SHAU,午盘,2,557.95
2024-08-05,SHAU,午盘,3,558.05
2024-08-02,SHAU,早盘,1,569.51
2024-08-02,SHAU,早盘,2,569.61
2024-08-02,SHAU,早盘,3,569.71
2024-08-02,SHAU,早盘,4,569.81
2024-08-02,SHAU,早盘,5,569.91
2024-08-02,SHAU,早盘,6,570.01
2024-08-02,SHAU,早盘,7,570.11
2024-08-02,SHAU,早盘,8,570.21
2024-08-02,SHAU,午盘,1,570.99
2024-08-02,SHAU,午盘,2,571.09
2024-08-01,SHAU,早盘,1,569.32
2024-08-01,SHAU,午盘,1,568.49
2024-09-30,SHAU,早盘,1,593.92
2024-09-30,SHAU,午盘,1,594.57
2024-09-27,SHAU,早盘,1,599.01
2024-09-27,SHAU,午盘,1,597.43
2024-09-27,SHAU,午盘,2,597.53
2024-09-26,SHAU,早盘,1,598.06
2024-09-26,SHAU,早盘,2,598.16
2024-09-26,SHAU,午盘,1,597.46
2024-09-25,SHAU,早盘,1,597.09
2024-09-25,SHAU,午盘,1,596.16
2024-09-25,SHAU,午盘,2,596.26
2024-09-24,SHAU,早盘,1,593.55
2024-09-24,SHAU,午盘,1,591.72
2024-09-24,SHAU,午盘,2,591.82
2024-09-24,SHAU,午盘,3,591.92
2024-09-24,SHAU,午盘,4,592.02
2024-09-24,SHAU,午盘,5,592.12
2024-09-23,SHAU,早盘,1,590.63
2024-09-23,SHAU,早盘,2,590.73
2024-09-23,SHAU,午盘,1,592.56
2024-09-20,SHAU,早盘,1,584.33
2024-09-20,SHAU,早盘,2,584.43
2024-09-20,SHAU,午盘,1,587.19
2024-09-20,SHAU,午盘,2,587.29
2024-09-19,SHAU,早盘,1,581.36
2024-09-19,SHAU,早盘,2,581.46
2024-09-19,SHAU,午盘,1,581.62
2024-09-18,SHAU,早盘,1,583.08
2024-09-18,SHAU,午盘,1,582.53
2024-09-18,SHAU,午盘,2,582.63
2024-09-13,SHAU,早盘,1,582.79
2024-09-13,SHAU,午盘,1,582.29
2024-09-13,SHAU,午盘,2,582.39
2024-09-13,SHAU,午盘,3,582.49
2024-09-13,SHAU,午盘,4,582.59
2024-09-13,SHAU,午盘,5,582.69
2024-09-13,SHAU,午盘,6,582.79
2024-09-13,SHAU,午盘,7,582.89
2024-09-13,SHAU,午盘,8,582.99
2024-09-13,SHAU,午盘,9,583.09
2024-09-13,SHAU,午盘,10,583.19
2024-09-12,SHAU,早盘,1,573.74
2024-09-12,SHAU,午盘,1,574.43
2024-09-11,SHAU,早盘,1,574.51
2024-09-11,SHAU,午盘,1,575.24
2024-09-10,SHAU,早盘,1,571.97
2024-09-10,SHAU,早盘,2,572.07
2024-09-10,SHAU,午盘,1,572.44
2024-09-09,SHAU,早盘,1,570.68
2024-09-09,SHAU,午盘,1,568.72
2024-09-09,SHAU,午盘,2,568.62
2024-09-06,SHAU,早盘,1,571.98
2024-09-06,SHAU,午盘,1,572.5
2024-09-05,SHAU,早盘,1,568.98
2024-09-05,SHAU,午盘,1,570.83
2024-09-04,SHAU,早盘,1,569.56
2024-09-04,SHAU,早盘,2,569.66
2024-09-04,SHAU,早盘,3,569.61
2024-09-04,SHAU,早盘,4,569.51
2024-09-04,SHAU,午盘,1,567.5
2024-09-04,SHAU,午盘,2,567.4
2024-09-03,SHAU,早盘,1,570.54
2024-09-03,SHAU,早盘,2,570.64
2024-09-03,SHAU,早盘,3,570.74
2024-09-03,SHAU,早盘,4,570.84
2024-09-03,SHAU,早盘,5,570.79
2024-09-03,SHAU,午盘,1,570.86
2024-09-03,SHAU,午盘,2,570.96
2024-09-02,SHAU,早盘,1,569.92
2024-09-02,SHAU,早盘,2,569.82
2024-09-02,SHAU,早盘,3,569.72
2024-09-02,SHAU,早盘,4,569.62
2024-09-02,SHAU,午盘,1,569.91
2024-10-31,SHAU,早盘,1,635.81
2024-10-31,SHAU,早盘,2,635.91
2024-10-31,SHAU,午盘,1,634.27
2024-10-30,SHAU,早盘,1,635.36
2024-10-30,SHAU,午盘,1,636.83
2024-10-29,SHAU,早盘,1,629.53
2024-10-29,SHAU,早盘,2,629.63
2024-10-29,SHAU,午盘,1,629.66
2024-10-29,SHAU,午盘,2,629.76
2024-10-29,SHAU,午盘,3,629.86
2024-10-29,SHAU,午盘,4,629.96
2024-10-28,SHAU,早盘,1,623.62
2024-10-28,SHAU,午盘,1,625.28
2024-10-25,SHAU,早盘,1,622.26
2024-10-25,SHAU,午盘,1,622.77
2024-10-24,SHAU,早盘,1,620.7
2024-10-24,SHAU,午盘,1,622.96
2024-10-23,SHAU,早盘,1,625.87
2024-10-23,SHAU,午盘,1,628.21
2024-10-22,SHAU,早盘,1,624.27
2024-10-22,SHAU,午盘,1,624.79
2024-10-21,SHAU,早盘,1,622.23
2024-10-21,SHAU,早盘,2,622.13
2024-10-21,SHAU,早盘,3,622.03
2024-10-21,SHAU,午盘,1,624.01
2024-10-21,SHAU,午盘,2,624.11
2024-10-21,SHAU,午盘,3,624.21
2024-10-18,SHAU,早盘,1,619.51
2024-10-18,SHAU,午盘,1,616.58
2024-10-18,SHAU,午盘,2,616.68
2024-10-18,SHAU,午盘,3,616.78
2024-10-18,SHAU,午盘,4,616.88
2024-10-18,SHAU,午盘,5,616.98
2024-10-18,SHAU,午盘,6,617.08
2024-10-18,SHAU,午盘,7,617.18
2024-10-17,SHAU,早盘,1,612.22
2024-10-17,SHAU,午盘,1,612.74
2024-10-16,SHAU,早盘,1,606.92
2024-10-16,SHAU,午盘,1,610.06
2024-10-15,SHAU,早盘,1,600.73
2024-10-15,SHAU,午盘,1,601.67
2024-10-14,SHAU,早盘,1,597.28
2024-10-14,SHAU,午盘,1,601.39
2024-10-11,SHAU,早盘,1,595.34
2024-10-11,SHAU,午盘,1,595.48
2024-10-10,SHAU,早盘,1,587.08
2024-10-10,SHAU,午盘,1,588.93
2024-10-09,SHAU,早盘,1,589.28
2024-10-09,SHAU,早盘,2,589.38
2024-10-09,SHAU,早盘,3,589.48
2024-10-09,SHAU,早盘,4,589.58
2024-10-09,SHAU,午盘,1,586.76
2024-10-08,SHAU,早盘,1,596.17
2024-10-08,SHAU,早盘,2,596.27
2024-10-08,SHAU,午盘,1,593.87
2024-11-29,SHAU,早盘,1,612.95
2024-11-29,SHAU,早盘,2,613.05
2024-11-29,SHAU,早盘,3,613.15
2024-11-29,SHAU,早盘,4,613.35
2024-11-29,SHAU,早盘,5,613.45
2024-11-29,SHAU,早盘,6,613.65
2024-11-29,SHAU,早盘,7,613.85
2024-11-29,SHAU,早盘,8,614.05
2024-11-29,SHAU,早盘,9,614.15
2024-11-29,SHAU,早盘,10,614.25
2024-11-29,SHAU,早盘,11,614.45
2024-11-29,SHAU,早盘,12,614.55
2024-11-29,SHAU,早盘,13,614.65
2024-11-29,SHAU,早盘,14,614.75
2024-11-29,SHAU,早盘,15,614.85
2024-11-29,SHAU,早盘,16,614.95
2024-11-29,SHAU,早盘,17,615.05
2024-11-29,SHAU,午盘,1,615.69
2024-11-28,SHAU,早盘,1,608.12
2024-11-28,SHAU,午盘,1,610.19
2024-11-28,SHAU,午盘,2,610.29
2024-11-28,SHAU,午盘,3,610.39
2024-11-28,SHAU,午盘,4,610.49
2024-11-28,SHAU,午盘,5,610.59
2024-11-28,SHAU,午盘,6,610.69
2024-11-27,SHAU,早盘,1,610.12
2024-11-27,SHAU,早盘,2,610.22
2024-11-27,SHAU,早盘,3,610.32
2024-11-27,SHAU,早盘,4,610.42
2024-11-27,SHAU,早盘,5,610.52
2024-11-27,SHAU,早盘,6,610.62
2024-11-27,SHAU,早盘,7,610.72
2024-11-27,SHAU,早盘,8,610.82
2024-11-27,SHAU,早盘,9,610.92
2024-11-27,SHAU,早盘,10,611.02
2024-11-27,SHAU,早盘,11,611.12
2024-11-27,SHAU,午盘,1,613.01
2024-11-27,SHAU,午盘,2,613.21
2024-11-27,SHAU,午盘,3,613.31
2024-11-27,SHAU,午盘,4,613.41
2024-11-27,SHAU,午盘,5,613.51
2024-11-27,SHAU,午盘,6,613.61
2024-11-27,SHAU,午盘,7,613.71
2024-11-27,SHAU,午盘,8,613.81
2024-11-27,SHAU,午盘,9,613.91
2024-11-27,SHAU,午盘,10,614.01
2024-11-27,SHAU,午盘,11,614.11
2024-11-27,SHAU,午盘,12,614.21
2024-11-27,SHAU,午盘,13,614.31
2024-11-26,SHAU,早盘,1,608.83
2024-11-26,SHAU,早盘,2,608.93
2024-11-26,SHAU,早盘,3,609.03
2024-11-26,SHAU,早盘,4,609.13
2024-11-26,SHAU,早盘,5,609.23
2024-11-26,SHAU,早盘,6,609.33
2024-11-26,SHAU,早盘,7,609.43
2024-11-26,SHAU,早盘,8,609.53
2024-11-26,SHAU,午盘,1,607.71
2024-11-26,SHAU,午盘,2,607.81
2024-11-26,SHAU,午盘,3,607.91
2024-11-26,SHAU,午盘,4,608.01
2024-11-26,SHAU,午盘,5,608.11
2024-11-26,SHAU,午盘,6,608.21
2024-11-25,SHAU,早盘,1,624.65
2024-11-25,SHAU,早盘,2,624.55
2024-11-25,SHAU,午盘,1,615.56
2024-11-25,SHAU,午盘,2,615.66
2024-11-25,SHAU,午盘,3,615.76
2024-11-25,SHAU,午盘,4,615.86
2024-11-25,SHAU,午盘,5,615.96
2024-11-25,SHAU,午盘,6,616.06
2024-11-25,SHAU,午盘,7,616.16
2024-11-25,SHAU,午盘,8,616.26
2024-11-22,SHAU,早盘,1,620.66
2024-11-22,SHAU,早盘,2,620.76
2024-11-22,SHAU,午盘,1,623.65
2024-11-22,SHAU,午盘,2,623.75
2024-11-21,SHAU,早盘,1,615.22
2024-11-21,SHAU,午盘,1,616.16
2024-11-20,SHAU,早盘,1,611.28
2024-11-20,SHAU,早盘,2,611.38
2024-11-20,SHAU,午盘,1,609.35
2024-11-19,SHAU,早盘,1,605.23
2024-11-19,SHAU,早盘,2,605.33
2024-11-19,SHAU,早盘,3,605.43
2024-11-19,SHAU,早盘,4,605.53
2024-11-19,SHAU,午盘,1,608.12
2024-11-18,SHAU,早盘,1,599.41
2024-11-18,SHAU,午盘,1,598.79
2024-11-15,SHAU,早盘,1,593.84
2024-11-15,SHAU,午盘,1,591.93
2024-11-14,SHAU,早盘,1,595.33
2024-11-14,SHAU,午盘,1,591.32
2024-11-14,SHAU,午盘,2,591.42
2024-11-13,SHAU,早盘,1,603.35
2024-11-13,SHAU,午盘,1,603.07
2024-11-13,SHAU,午盘,2,602.97
2024-11-13,SHAU,午盘,3,602.87
2024-11-12,SHAU,早盘,1,606.43
2024-11-12,SHAU,早盘,2,606.53
2024-11-12,SHAU,早盘,3,606.63
2024-11-12,SHAU,早盘,4,606.73
2024-11-12,SHAU,午盘,1,603.74
2024-11-12,SHAU,午盘,2,603.84
2024-11-12,SHAU,午盘,3,603.94
2024-11-12,SHAU,午盘,4,604.04
2024-11-11,SHAU,早盘,1,613.86
2024-11-11,SHAU,午盘,1,613.86
2024-11-11,SHAU,午盘,2,613.96
2024-11-11,SHAU,午盘,3,614.06
2024-11-08,SHAU,早盘,1,615.69
2024-11-08,SHAU,午盘,1,614.13
2024-11-08,SHAU,午盘,2,614.03
2024-11-08,SHAU,午盘,3,613.93
2024-11-08,SHAU,午盘,4,613.83
2024-11-08,SHAU,午盘,5,613.73
2024-11-07,SHAU,早盘,1,611.03
2024-11-07,SHAU,早盘,2,611.13
2024-11-07,SHAU,早盘,3,611.23
2024-11-07,SHAU,早盘,4,611.33
2024-11-07,SHAU,午盘,1,609.72
2024-11-06,SHAU,早盘,1,627.51
2024-11-06,SHAU,午盘,1,623.64
2024-11-06,SHAU,午盘,2,623.54
2024-11-06,SHAU,午盘,3,623.44
2024-11-06,SHAU,午盘,4,623.34
2024-11-06,SHAU,午盘,5,623.24
2024-11-05,SHAU,早盘,1,623.06
2024-11-05,SHAU,午盘,1,623.47
2024-11-04,SHAU,早盘,1,624.65
2024-11-04,SHAU,早盘,2,624.55
2024-11-04,SHAU,早盘,3,624.45
2024-11-04,SHAU,午盘,1,623.08
2024-11-04,SHAU,午盘,2,623.18
2024-11-04,SHAU,午盘,3,623.28
2024-11-04,SHAU,午盘,4,623.38
2024-11-04,SHAU,午盘,5,623.48
2024-11-04,SHAU,午盘,6,623.58
2024-11-04,SHAU,午盘,7,623.68
2024-11-01,SHAU,早盘,1,627.64
2024-11-01,SHAU,早盘,2,627.54
2024-11-01,SHAU,早盘,3,627.44
2024-11-01,SHAU,早盘,4,627.34
2024-11-01,SHAU,早盘,5,627.24
2024-11-01,SHAU,午盘,1,628.3
2024-11-01,SHAU,午盘,2,628.2
2024-12-31,SHAU,早盘,1,614.41
2024-12-31,SHAU,午盘,1,616.26
2024-12-30,SHAU,早盘,1,617.09
2024-12-30,SHAU,午盘,1,616.22
2024-12-30,SHAU,午盘,2,616.32
2024-12-27,SHAU,早盘,1,618.33
2024-12-27,SHAU,午盘,1,618.43
2024-12-26,SHAU,早盘,1,618.22
2024-12-26,SHAU,早盘,2,618.12
2024-12-26,SHAU,早盘,3,618.02
2024-12-26,SHAU,午盘,1,617.36
2024-12-26,SHAU,午盘,2,617.46
2024-12-26,SHAU,午盘,3,617.56
2024-12-26,SHAU,午盘,4,617.66
2024-12-26,SHAU,午盘,5,617.76
2024-12-26,SHAU,午盘,6,617.86
2024-12-26,SHAU,午盘,7,617.96
2024-12-25,SHAU,早盘,1,617.34
2024-12-25,SHAU,午盘,1,617.08
2024-12-24,SHAU,早盘,1,616.39
2024-12-24,SHAU,午盘,1,615.92
2024-12-24,SHAU,午盘,2,616.02
2024-12-24,SHAU,午盘,3,616.12
2024-12-23,SHAU,早盘,1,616.58
2024-12-23,SHAU,午盘,1,618.26
2024-12-20,SHAU,早盘,1,610.43
2024-12-20,SHAU,午盘,1,612.32
2024-12-19,SHAU,早盘,1,611.44
2024-12-19,SHAU,午盘,1,611.85
2024-12-18,SHAU,早盘,1,617.41
2024-12-18,SHAU,午盘,1,616.7
2024-12-17,SHAU,早盘,1,619.52
2024-12-17,SHAU,早盘,2,619.42
2024-12-17,SHAU,午盘,1,617.2
2024-12-17,SHAU,午盘,2,617.3
2024-12-16,SHAU,早盘,1,617.23
2024-12-16,SHAU,午盘,1,617.67
2024-12-13,SHAU,早盘,1,624.43
2024-12-13,SHAU,午盘,1,623.77
2024-12-12,SHAU,早盘,1,627.45
2024-12-12,SHAU,午盘,1,628.84
2024-12-12,SHAU,午盘,2,628.94
2024-12-12,SHAU,午盘,3,629.04
2024-12-11,SHAU,早盘,1,625.59
2024-12-11,SHAU,午盘,1,624.79
2024-12-10,SHAU,早盘,1,620.19
2024-12-10,SHAU,早盘,2,620.29
2024-12-10,SHAU,午盘,1,619.41
2024-12-09,SHAU,早盘,1,617.37
2024-12-09,SHAU,午盘,1,617.15
2024-12-06,SHAU,早盘,1,610.35
2024-12-06,SHAU,午盘,1,614.01
2024-12-05,SHAU,早盘,1,616.45
2024-12-05,SHAU,午盘,1,616.35
2024-12-04,SHAU,早盘,1,616.39
2024-12-04,SHAU,午盘,1,616.35
2024-12-04,SHAU,午盘,2,616.25
2024-12-04,SHAU,午盘,3,616.15
2024-12-03,SHAU,早盘,1,615.62
2024-12-03,SHAU,早盘,2,615.72
2024-12-03,SHAU,早盘,3,615.82
2024-12-03,SHAU,午盘,1,617.04
2024-12-02,SHAU,早盘,1,611.44
2024-12-02,SHAU,早盘,2,611.34
2024-12-02,SHAU,早盘,3,611.24
2024-12-02,SHAU,早盘,4,611.14
2024-12-02,SHAU,早盘,5,611.04
2024-12-02,SHAU,早盘,6,610.94
2024-12-02,SHAU,早盘,7,610.84
2024-12-02,SHAU,早盘,8,610.74
2024-12-02,SHAU,早盘,9,610.64
2024-12-02,SHAU,午盘,1,610.97
2024-12-02,SHAU,午盘,2,611.07
2024-12-02,SHAU,午盘,3,611.17
2024-12-02,SHAU,午盘,4,611.27
2024-12-02,SHAU,午盘,5,611.37
2024-12-02,SHAU,午盘,6,611.47
2024-12-02,SHAU,午盘,7,611.57
2025-01-27,SHAU,早盘,1,645.14
2025-01-27,SHAU,午盘,1,644.29
2025-01-24,SHAU,早盘,1,646.83
2025-01-24,SHAU,早盘,2,646.93
2025-01-24,SHAU,早盘,3,647.03
2025-01-24,SHAU,午盘,1,646.29
2025-01-24,SHAU,午盘,2,646.39
2025-01-24,SHAU,午盘,3,646.49
2025-01-24,SHAU,午盘,4,646.59
2025-01-23,SHAU,早盘,1,643.8
2025-01-23,SHAU,午盘,1,643.9
2025-01-22,SHAU,早盘,1,643.01
2025-01-22,SHAU,早盘,2,643.11
2025-01-22,SHAU,早盘,3,643.21
2025-01-22,SHAU,午盘,1,643.32
2025-01-21,SHAU,早盘,1,637.19
2025-01-21,SHAU,午盘,1,637.55
2025-01-21,SHAU,午盘,2,637.65
2025-01-21,SHAU,午盘,3,637.75
2025-01-21,SHAU,午盘,4,637.85
2025-01-20,SHAU,早盘,1,634.36
2025-01-20,SHAU,早盘,2,634.46
2025-01-20,SHAU,午盘,1,637.91
2025-01-17,SHAU,早盘,1,640.16
2025-01-17,SHAU,午盘,1,638.72
2025-01-16,SHAU,早盘,1,637.79
2025-01-16,SHAU,早盘,2,637.69
2025-01-16,SHAU,午盘,1,636.95
2025-01-15,SHAU,早盘,1,632.46
2025-01-15,SHAU,午盘,1,634.74
2025-01-14,SHAU,早盘,1,631.73
2025-01-14,SHAU,午盘,1,631.79
2025-01-14,SHAU,午盘,2,631.89
2025-01-14,SHAU,午盘,3,631.99
2025-01-14,SHAU,午盘,4,632.09
2025-01-14,SHAU,午盘,5,632.19
2025-01-14,SHAU,午盘,6,632.29
2025-01-13,SHAU,早盘,1,636.96
2025-01-13,SHAU,午盘,1,636.66
2025-01-10,SHAU,早盘,1,632.24
2025-01-10,SHAU,午盘,1,634.62
2025-01-10,SHAU,午盘,2,634.72
2025-01-09,SHAU,早盘,1,627.93
2025-01-09,SHAU,早盘,2,627.83
2025-01-09,SHAU,午盘,1,630.06
2025-01-09,SHAU,午盘,2,630.16
2025-01-09,SHAU,午盘,3,630.26
2025-01-09,SHAU,午盘,4,630.36
2025-01-08,SHAU,早盘,1,625.98
2025-01-08,SHAU,午盘,1,627.13
2025-01-07,SHAU,早盘,1,623.74
2025-01-07,SHAU,早盘,2,623.84
2025-01-07,SHAU,午盘,1,624.76
2025-01-06,SHAU,早盘,1,625.93
2025-01-06,SHAU,早盘,2,626.03
2025-01-06,SHAU,早盘,3,626.13
2025-01-06,SHAU,午盘,1,624.1
2025-01-03,SHAU,早盘,1,625.98
2025-01-03,SHAU,早盘,2,626.08
2025-01-03,SHAU,早盘,3,626.18
2025-01-03,SHAU,早盘,4,626.28
2025-01-03,SHAU,早盘,5,626.38
2025-01-03,SHAU,早盘,6,626.48
2025-01-03,SHAU,午盘,1,626.87
2025-01-03,SHAU,午盘,2,626.77
2025-01-02,SHAU,早盘,1,621.14
2025-01-02,SHAU,早盘,2,621.04
2025-01-02,SHAU,早盘,3,620.94
2025-01-02,SHAU,早盘,4,620.84
2025-01-02,SHAU,午盘,1,621.38
2025-01-02,SHAU,午盘,2,621.48
2025-01-02,SHAU,午盘,3,621.58
2025-01-02,SHAU,午盘,4,621.68
2025-02-28,SHAU,早盘,1,674.19
2025-02-28,SHAU,早盘,2,674.29
2025-02-28,SHAU,早盘,3,674.39
2025-02-28,SHAU,午盘,1,671.8
2025-02-27,SHAU,早盘,1,680.22
2025-02-27,SHAU,午盘,1,676.74
2025-02-27,SHAU,午盘,2,676.64
2025-02-27,SHAU,午盘,3,676.54
2025-02-26,SHAU,早盘,1,681.22
2025-02-26,SHAU,早盘,2,681.12
2025-02-26,SHAU,午盘,1,678.62
2025-02-26,SHAU,午盘,2,678.72
2025-02-26,SHAU,午盘,3,678.82
2025-02-26,SHAU,午盘,4,678.92
2025-02-26,SHAU,午盘,5,679.02
2025-02-26,SHAU,午盘,6,679.12
2025-02-26,SHAU,午盘,7,679.22
2025-02-25,SHAU,早盘,1,687.73
2025-02-25,SHAU,午盘,1,684.99
2025-02-24,SHAU,早盘,1,682.77
2025-02-24,SHAU,早盘,2,682.87
2025-02-24,SHAU,早盘,3,682.97
2025-02-24,SHAU,午盘,1,685.06
2025-02-24,SHAU,午盘,2,685.16
2025-02-24,SHAU,午盘,3,685.26
2025-02-24,SHAU,午盘,4,685.36
2025-02-24,SHAU,午盘,5,685.46
2025-02-21,SHAU,早盘,1,685.51
2025-02-21,SHAU,午盘,1,683.76
2025-02-21,SHAU,午盘,2,683.66
2025-02-20,SHAU,早盘,1,686.94
2025-02-20,SHAU,午盘,1,688.66
2025-02-20,SHAU,午盘,2,688.76
2025-02-19,SHAU,早盘,1,688.48
2025-02-19,SHAU,早盘,2,688.38
2025-02-19,SHAU,午盘,1,686.51
2025-02-19,SHAU,午盘,2,686.61
2025-02-18,SHAU,早盘,1,677.59
2025-02-18,SHAU,早盘,2,677.69
2025-02-18,SHAU,早盘,3,677.64
2025-02-18,SHAU,午盘,1,682.21
2025-02-17,SHAU,早盘,1,675.73
2025-02-17,SHAU,早盘,2,675.83
2025-02-17,SHAU,早盘,3,675.93
2025-02-17,SHAU,早盘,4,676.03
2025-02-17,SHAU,早盘,5,676.13
2025-02-17,SHAU,午盘,1,675.92
2025-02-17,SHAU,午盘,2,676.02
2025-02-14,SHAU,早盘,1,686.31
2025-02-14,SHAU,早盘,2,686.21
2025-02-14,SHAU,早盘,3,686.11
2025-02-14,SHAU,早盘,4,686.01
2025-02-14,SHAU,午盘,1,686.99
2025-02-13,SHAU,早盘,1,683.74
2025-02-13,SHAU,午盘,1,683.34
2025-02-12,SHAU,早盘,1,680.54
2025-02-12,SHAU,早盘,2,680.64
2025-02-12,SHAU,午盘,1,680.24
2025-02-12,SHAU,午盘,2,680.34
2025-02-12,SHAU,午盘,3,680.44
2025-02-11,SHAU,早盘,1,689.24
2025-02-11,SHAU,早盘,2,689.34
2025-02-11,SHAU,早盘,3,689.44
2025-02-11,SHAU,早盘,4,689.54
2025-02-11,SHAU,早盘,5,689.64
2025-02-11,SHAU,早盘,6,689.74
2025-02-11,SHAU,早盘,7,689.84
2025-02-11,SHAU,早盘,8,689.94
2025-02-11,SHAU,早盘,9,690.04
2025-02-11,SHAU,午盘,1,684.64
2025-02-10,SHAU,早盘,1,673.77
2025-02-10,SHAU,午盘,1,677.44
2025-02-10,SHAU,午盘,2,677.54
2025-02-10,SHAU,午盘,3,677.64
2025-02-07,SHAU,早盘,1,669.65
2025-02-07,SHAU,午盘,1,667.93
2025-02-07,SHAU,午盘,2,668.03
2025-02-06,SHAU,早盘,1,670.81
2025-02-06,SHAU,早盘,2,670.71
2025-02-06,SHAU,早盘,3,670.61
2025-02-06,SHAU,早盘,4,670.51
2025-02-06,SHAU,早盘,5,670.41
2025-02-06,SHAU,早盘,6,670.31
2025-02-06,SHAU,早盘,7,670.21
2025-02-06,SHAU,早盘,8,670.11
2025-02-06,SHAU,早盘,9,670.01
2025-02-06,SHAU,午盘,1,667.52
2025-02-05,SHAU,早盘,1,667.7
2025-02-05,SHAU,午盘,1,669.01
2025-02-05,SHAU,午盘,2,668.91
2025-02-05,SHAU,午盘,3,668.81
2025-02-05,SHAU,午盘,4,668.71
2025-02-05,SHAU,午盘,5,668.61
2025-02-05,SHAU,午盘,6,668.51
2025-02-05,SHAU,午盘,7,668.41
2025-02-05,SHAU,午盘,8,668.31
2025-02-05,SHAU,午盘,9,668.21
2025-02-05,SHAU,午盘,10,668.11
2025-02-05,SHAU,午盘,11,668.01
2025-03-31,SHAU,早盘,1,724.1
2025-03-31,SHAU,午盘,1,728.34
2025-03-28,SHAU,早盘,1,719.98
2025-03-28,SHAU,早盘,2,719.88
2025-03-28,SHAU,早盘,3,719.78
2025-03-28,SHAU,早盘,4,719.68
2025-03-28,SHAU,早盘,5,719.58
2025-03-28,SHAU,早盘,6,719.48
2025-03-28,SHAU,午盘,1,721.16
2025-03-27,SHAU,早盘,1,707.9
2025-03-27,SHAU,午盘,1,708.8
2025-03-26,SHAU,早盘,1,707.13
2025-03-26,SHAU,午盘,1,707.36
2025-03-25,SHAU,早盘,1,704.05
2025-03-25,SHAU,午盘,1,705.12
2025-03-24,SHAU,早盘,1,705.96
2025-03-24,SHAU,午盘,1,706.01
2025-03-21,SHAU,早盘,1,707.57
2025-03-21,SHAU,早盘,2,707.47
2025-03-21,SHAU,午盘,1,705.83
2025-03-20,SHAU,早盘,1,709.11
2025-03-20,SHAU,午盘,1,709.42
2025-03-20,SHAU,午盘,2,709.32
2025-03-20,SHAU,午盘,3,709.22
2025-03-20,SHAU,午盘,4,709.12
2025-03-19,SHAU,早盘,1,704.53
2025-03-19,SHAU,早盘,2,704.63
2025-03-19,SHAU,午盘,1,707.67
2025-03-18,SHAU,早盘,1,698.65
2025-03-18,SHAU,早盘,2,698.75
2025-03-18,SHAU,午盘,1,700.84
2025-03-18,SHAU,午盘,2,700.74
2025-03-18,SHAU,午盘,3,700.64
2025-03-18,SHAU,午盘,4,700.54
2025-03-18,SHAU,午盘,5,700.44
2025-03-18,SHAU,午盘,6,700.34
2025-03-18,SHAU,午盘,7,700.24
2025-03-17,SHAU,早盘,1,695.16
2025-03-17,SHAU,午盘,1,695.78
2025-03-17,SHAU,午盘,2,695.68
2025-03-14,SHAU,早盘,1,695.83
2025-03-14,SHAU,午盘,1,694.6
2025-03-13,SHAU,早盘,1,684.78
2025-03-13,SHAU,早盘,2,684.68
2025-03-13,SHAU,早盘,3,684.58
2025-03-13,SHAU,早盘,4,684.48
2025-03-13,SHAU,午盘,1,684.46
2025-03-13,SHAU,午盘,2,684.56
2025-03-12,SHAU,早盘,1,678.52
2025-03-12,SHAU,午盘,1,679.64
2025-03-12,SHAU,午盘,2,679.54
2025-03-11,SHAU,早盘,1,676.08
2025-03-11,SHAU,午盘,1,677.38
2025-03-10,SHAU,早盘,1,680.31
2025-03-10,SHAU,午盘,1,680.77
2025-03-10,SHAU,午盘,2,680.87
2025-03-10,SHAU,午盘,3,680.97
2025-03-10,SHAU,午盘,4,681.07
2025-03-10,SHAU,午盘,5,681.17
2025-03-07,SHAU,早盘,1,677.83
2025-03-07,SHAU,午盘,1,679.33
2025-03-07,SHAU,午盘,2,679.43
2025-03-06,SHAU,早盘,1,681.55
2025-03-06,SHAU,早盘,2,681.45
2025-03-06,SHAU,早盘,3,681.35
2025-03-06,SHAU,早盘,4,681.25
2025-03-06,SHAU,午盘,1,680.6
2025-03-06,SHAU,午盘,2,680.5
2025-03-05,SHAU,早盘,1,679.99
2025-03-05,SHAU,早盘,2,680.09
2025-03-05,SHAU,午盘,1,681.46
2025-03-05,SHAU,午盘,2,681.56
2025-03-05,SHAU,午盘,3,681.66
2025-03-04,SHAU,早盘,1,676.19
2025-03-04,SHAU,早盘,2,676.29
2025-03-04,SHAU,午盘,1,675.95
2025-03-04,SHAU,午盘,2,676.05
2025-03-04,SHAU,午盘,3,676.15
2025-03-04,SHAU,午盘,4,676.25
2025-03-04,SHAU,午盘,5,676.35
2025-03-03,SHAU,早盘,1,672.32
2025-03-03,SHAU,午盘,1,672.13
2025-03-03,SHAU,午盘,2,672.23
2025-04-30,SHAU,早盘,1,781.86
2025-04-30,SHAU,早盘,2,781.96
2025-04-30,SHAU,早盘,3,782.06
2025-04-30,SHAU,早盘,4,782.16
2025-04-30,SHAU,早盘,5,782.26
2025-04-30,SHAU,早盘,6,782.36
2025-04-30,SHAU,早盘,7,782.46
2025-04-30,SHAU,午盘,1,778.89
2025-04-29,SHAU,早盘,1,787.03
2025-04-29,SHAU,早盘,2,787.13
2025-04-29,SHAU,午盘,1,782.64
2025-04-29,SHAU,午盘,2,782.74
2025-04-28,SHAU,早盘,1,777.08
2025-04-28,SHAU,午盘,1,778.7
2025-04-25,SHAU,早盘,1,796.73
2025-04-25,SHAU,早盘,2,796.83
2025-04-25,SHAU,早盘,3,796.93
2025-04-25,SHAU,早盘,4,797.03
2025-04-25,SHAU,午盘,1,784.8
2025-04-25,SHAU,午盘,2,784.9
2025-04-25,SHAU,午盘,3,785.0
2025-04-25,SHAU,午盘,4,785.1
2025-04-25,SHAU,午盘,5,785.2
2025-04-25,SHAU,午盘,6,785.3
2025-04-25,SHAU,午盘,7,785.4
2025-04-25,SHAU,午盘,8,785.5
2025-04-25,SHAU,午盘,9,785.6
2025-04-25,SHAU,午盘,10,785.7
2025-04-25,SHAU,午盘,11,785.8
2025-04-25,SHAU,午盘,12,785.9
2025-04-24,SHAU,早盘,1,798.74
2025-04-24,SHAU,早盘,2,798.64
2025-04-24,SHAU,早盘,3,798.54
2025-04-24,SHAU,早盘,4,798.44
2025-04-24,SHAU,早盘,5,798.34
2025-04-24,SHAU,早盘,6,798.24
2025-04-24,SHAU,早盘,7,798.14
2025-04-24,SHAU,早盘,8,798.04
2025-04-24,SHAU,早盘,9,797.94
2025-04-24,SHAU,早盘,10,797.84
2025-04-24,SHAU,早盘,11,797.74
2025-04-24,SHAU,午盘,1,790.63
2025-04-24,SHAU,午盘,2,790.73
2025-04-24,SHAU,午盘,3,790.83
2025-04-24,SHAU,午盘,4,790.93
2025-04-24,SHAU,午盘,5,791.03
2025-04-24,SHAU,午盘,6,791.13
2025-04-24,SHAU,午盘,7,791.23
2025-04-24,SHAU,午盘,8,791.33
2025-04-24,SHAU,午盘,9,791.43
2025-04-24,SHAU,午盘,10,791.53
2025-04-24,SHAU,午盘,11,791.63
2025-04-24,SHAU,午盘,12,791.73
2025-04-24,SHAU,午盘,13,791.83
2025-04-24,SHAU,午盘,14,791.93
2025-04-24,SHAU,午盘,15,792.03
2025-04-24,SHAU,午盘,16,792.13
2025-04-24,SHAU,午盘,17,792.23
2025-04-24,SHAU,午盘,18,792.33
2025-04-24,SHAU,午盘,19,792.43
2025-04-24,SHAU,午盘,20,792.53
2025-04-24,SHAU,午盘,21,792.63
2025-04-24,SHAU,午盘,22,792.73
2025-04-24,SHAU,午盘,23,792.83
2025-04-24,SHAU,午盘,24,792.93
2025-04-24,SHAU,午盘,25,793.03
2025-04-24,SHAU,午盘,26,793.13
2025-04-23,SHAU,早盘,1,804.74
2025-04-23,SHAU,早盘,2,804.64
2025-04-23,SHAU,早盘,3,804.54
2025-04-23,SHAU,早盘,4,804.44
2025-04-23,SHAU,早盘,5,804.34
2025-04-23,SHAU,早盘,6,804.24
2025-04-23,SHAU,早盘,7,804.14
2025-04-23,SHAU,午盘,1,782.36
2025-04-23,SHAU,午盘,2,782.46
2025-04-23,SHAU,午盘,3,782.56
2025-04-23,SHAU,午盘,4,782.66
2025-04-23,SHAU,午盘,5,782.76
2025-04-23,SHAU,午盘,6,782.96
2025-04-23,SHAU,午盘,7,783.16
2025-04-23,SHAU,午盘,8,783.36
2025-04-23,SHAU,午盘,9,783.56
2025-04-23,SHAU,午盘,10,783.76
2025-04-23,SHAU,午盘,11,783.96
2025-04-23,SHAU,午盘,12,784.16
2025-04-23,SHAU,午盘,13,784.36
2025-04-23,SHAU,午盘,14,784.46
2025-04-23,SHAU,午盘,15,784.56
2025-04-23,SHAU,午盘,16,784.66
2025-04-23,SHAU,午盘,17,784.76
2025-04-23,SHAU,午盘,18,784.86
2025-04-23,SHAU,午盘,19,784.96
2025-04-23,SHAU,午盘,20,785.06
2025-04-23,SHAU,午盘,21,785.16
2025-04-23,SHAU,午盘,22,785.26
2025-04-23,SHAU,午盘,23,785.36
2025-04-23,SHAU,午盘,24,785.46
2025-04-23,SHAU,午盘,25,785.56
2025-04-23,SHAU,午盘,26,785.66
2025-04-23,SHAU,午盘,27,785.76
2025-04-23,SHAU,午盘,28,785.86
2025-04-23,SHAU,午盘,29,785.96
2025-04-23,SHAU,午盘,30,786.06
2025-04-23,SHAU,午盘,31,786.16
2025-04-22,SHAU,早盘,1,820.65
2025-04-22,SHAU,早盘,2,820.75
2025-04-22,SHAU,早盘,3,820.85
2025-04-22,SHAU,早盘,4,820.95
2025-04-22,SHAU,早盘,5,821.05
2025-04-22,SHAU,早盘,6,821.15
2025-04-22,SHAU,早盘,7,821.25
2025-04-22,SHAU,早盘,8,821.35
2025-04-22,SHAU,早盘,9,821.45
2025-04-22,SHAU,早盘,10,821.55
2025-04-22,SHAU,早盘,11,821.65
2025-04-22,SHAU,早盘,12,821.75
2025-04-22,SHAU,午盘,1,829.53
2025-04-22,SHAU,午盘,2,829.63
2025-04-22,SHAU,午盘,3,829.73
2025-04-22,SHAU,午盘,4,829.83
2025-04-22,SHAU,午盘,5,829.93
2025-04-22,SHAU,午盘,6,830.03
2025-04-21,SHAU,早盘,1,800.54
2025-04-21,SHAU,早盘,2,800.44
2025-04-21,SHAU,午盘,1,803.54
2025-04-21,SHAU,午盘,2,803.64
2025-04-21,SHAU,午盘,3,803.74
2025-04-21,SHAU,午盘,4,803.84
2025-04-18,SHAU,早盘,1,787.49
2025-04-18,SHAU,早盘,2,787.39
2025-04-18,SHAU,早盘,3,787.29
2025-04-18,SHAU,午盘,1,790.26
2025-04-18,SHAU,午盘,2,790.36
2025-04-18,SHAU,午盘,3,790.46
2025-04-17,SHAU,早盘,1,789.57
2025-04-17,SHAU,早盘,2,789.67
2025-04-17,SHAU,早盘,3,789.77
2025-04-17,SHAU,早盘,4,789.87
2025-04-17,SHAU,午盘,1,788.32
2025-04-16,SHAU,早盘,1,775.32
2025-04-16,SHAU,早盘,2,775.22
2025-04-16,SHAU,早盘,3,775.12
2025-04-16,SHAU,午盘,1,779.86
2025-04-15,SHAU,早盘,1,762.59
2025-04-15,SHAU,早盘,2,762.49
2025-04-15,SHAU,午盘,1,762.75
2025-04-14,SHAU,早盘,1,764.85
2025-04-14,SHAU,午盘,1,762.68
2025-04-14,SHAU,午盘,2,762.58
2025-04-14,SHAU,午盘,3,762.48
2025-04-11,SHAU,早盘,1,760.16
2025-04-11,SHAU,早盘,2,760.26
2025-04-11,SHAU,早盘,3,760.36
2025-04-11,SHAU,早盘,4,760.46
2025-04-11,SHAU,早盘,5,760.56
2025-04-11,SHAU,早盘,6,760.66
2025-04-11,SHAU,午盘,1,757.14
2025-04-11,SHAU,午盘,2,757.04
2025-04-11,SHAU,午盘,3,756.94
2025-04-10,SHAU,早盘,1,741.06
2025-04-10,SHAU,午盘,1,742.95
2025-04-09,SHAU,早盘,1,719.32
2025-04-09,SHAU,早盘,2,719.22
2025-04-09,SHAU,早盘,3,719.12
2025-04-09,SHAU,早盘,4,719.02
2025-04-09,SHAU,午盘,1,725.86
2025-04-09,SHAU,午盘,2,725.96
2025-04-09,SHAU,午盘,3,726.06
2025-04-09,SHAU,午盘,4,726.16
2025-04-09,SHAU,午盘,5,726.26
2025-04-08,SHAU,早盘,1,716.15
2025-04-08,SHAU,午盘,1,718.34
2025-04-07,SHAU,早盘,1,724.12
2025-04-07,SHAU,早盘,2,724.02
2025-04-07,SHAU,早盘,3,723.92
2025-04-07,SHAU,早盘,4,723.82
2025-04-07,SHAU,早盘,5,723.72
2025-04-07,SHAU,早盘,6,723.62
2025-04-07,SHAU,早盘,7,723.52
2025-04-07,SHAU,午盘,1,715.79
2025-04-07,SHAU,午盘,2,715.89
2025-04-07,SHAU,午盘,3,715.99
2025-04-07,SHAU,午盘,4,716.09
2025-04-07,SHAU,午盘,5,716.19
2025-04-03,SHAU,早盘,1,744.22
2025-04-03,SHAU,午盘,1,737.75
2025-04-03,SHAU,午盘,2,737.85
2025-04-03,SHAU,午盘,3,737.95
2025-04-02,SHAU,早盘,1,736.12
2025-04-02,SHAU,早盘,2,736.02
2025-04-02,SHAU,午盘,1,732.96
2025-04-02,SHAU,午盘,2,732.86
2025-04-02,SHAU,午盘,3,732.76
2025-04-02,SHAU,午盘,4,732.66
2025-04-01,SHAU,早盘,1,735.48
2025-04-01,SHAU,午盘,1,735.51
2025-05-30,SHAU,早盘,1,768.49
2025-05-30,SHAU,早盘,2,768.39
2025-05-30,SHAU,早盘,3,768.29
2025-05-30,SHAU,早盘,4,768.19
2025-05-30,SHAU,早盘,5,768.09
2025-05-30,SHAU,午盘,1,768.02
2025-05-29,SHAU,早盘,1,760.06
2025-05-29,SHAU,午盘,1,760.87
2025-05-29,SHAU,午盘,2,760.97
2025-05-29,SHAU,午盘,3,761.07
2025-05-29,SHAU,午盘,4,761.17
2025-05-29,SHAU,午盘,5,761.27
2025-05-28,SHAU,早盘,1,769.24
2025-05-28,SHAU,午盘,1,768.61
2025-05-27,SHAU,早盘,1,775.88
2025-05-27,SHAU,早盘,2,775.98
2025-05-27,SHAU,午盘,1,768.07
2025-05-26,SHAU,早盘,1,776.76
2025-05-26,SHAU,午盘,1,774.58
2025-05-26,SHAU,午盘,2,774.48
2025-05-26,SHAU,午盘,3,774.38
2025-05-26,SHAU,午盘,4,774.28
2025-05-26,SHAU,午盘,5,774.33
2025-05-23,SHAU,早盘,1,771.15
2025-05-23,SHAU,早盘,2,771.05
2025-05-23,SHAU,午盘,1,776.55
2025-05-23,SHAU,午盘,2,776.65
2025-05-22,SHAU,早盘,1,780.19
2025-05-22,SHAU,早盘,2,780.29
2025-05-22,SHAU,午盘,1,776.85
2025-05-21,SHAU,早盘,1,770.71
2025-05-21,SHAU,早盘,2,770.81
2025-05-21,SHAU,午盘,1,775.07
2025-05-21,SHAU,午盘,2,775.17
2025-05-20,SHAU,早盘,1,752.31
2025-05-20,SHAU,午盘,1,751.44
2025-05-20,SHAU,午盘,2,751.54
2025-05-19,SHAU,早盘,1,752.07
2025-05-19,SHAU,早盘,2,752.17
2025-05-19,SHAU,早盘,3,752.27
2025-05-19,SHAU,早盘,4,752.37
2025-05-19,SHAU,早盘,5,752.47
2025-05-19,SHAU,早盘,6,752.57
2025-05-19,SHAU,早盘,7,752.67
2025-05-19,SHAU,午盘,1,752.66
2025-05-16,SHAU,早盘,1,749.32
2025-05-16,SHAU,早盘,2,749.42
2025-05-16,SHAU,早盘,3,749.52
2025-05-16,SHAU,早盘,4,749.62
2025-05-16,SHAU,早盘,5,749.72
2025-05-16,SHAU,早盘,6,749.82
2025-05-16,SHAU,早盘,7,749.92
2025-05-16,SHAU,早盘,8,750.02
2025-05-16,SHAU,早盘,9,750.12
2025-05-16,SHAU,午盘,1,748.62
2025-05-15,SHAU,早盘,1,743.35
2025-05-15,SHAU,午盘,1,736.17
2025-05-14,SHAU,早盘,1,761.21
2025-05-14,SHAU,午盘,1,758.85
2025-05-14,SHAU,午盘,2,758.75
2025-05-14,SHAU,午盘,3,758.65
2025-05-14,SHAU,午盘,4,758.55
2025-05-13,SHAU,早盘,1,755.17
2025-05-13,SHAU,早盘,2,755.27
2025-05-13,SHAU,早盘,3,755.37
2025-05-13,SHAU,早盘,4,755.47
2025-05-13,SHAU,早盘,5,755.57
2025-05-13,SHAU,早盘,6,755.67
2025-05-13,SHAU,早盘,7,755.62
2025-05-13,SHAU,午盘,1,763.77
2025-05-13,SHAU,午盘,2,763.87
2025-05-12,SHAU,早盘,1,770.45
2025-05-12,SHAU,午盘,1,768.87
2025-05-12,SHAU,午盘,2,768.77
2025-05-12,SHAU,午盘,3,768.67
2025-05-12,SHAU,午盘,4,768.57
2025-05-12,SHAU,午盘,5,768.47
2025-05-12,SHAU,午盘,6,768.37
2025-05-12,SHAU,午盘,7,768.27
2025-05-12,SHAU,午盘,8,768.17
2025-05-12,SHAU,午盘,9,768.07
2025-05-12,SHAU,午盘,10,767.97
2025-05-12,SHAU,午盘,11,767.87
2025-05-12,SHAU,午盘,12,767.77
2025-05-12,SHAU,午盘,13,767.67
2025-05-12,SHAU,午盘,14,767.57
2025-05-12,SHAU,午盘,15,767.47
2025-05-12,SHAU,午盘,16,767.37
2025-05-12,SHAU,午盘,17,767.27
2025-05-12,SHAU,午盘,18,767.17
2025-05-12,SHAU,午盘,19,767.07
2025-05-12,SHAU,午盘,20,766.97
2025-05-12,SHAU,午盘,21,766.87
2025-05-12,SHAU,午盘,22,766.77
2025-05-12,SHAU,午盘,23,766.67
2025-05-12,SHAU,午盘,24,766.57
2025-05-12,SHAU,午盘,25,766.47
2025-05-12,SHAU,午盘,26,766.37
2025-05-12,SHAU,午盘,27,766.27
2025-05-09,SHAU,早盘,1,776.3
2025-05-09,SHAU,早盘,2,776.2
2025-05-09,SHAU,早盘,3,776.1
2025-05-09,SHAU,午盘,1,783.94
2025-05-09,SHAU,午盘,2,784.04
2025-05-09,SHAU,午盘,3,784.14
2025-05-09,SHAU,午盘,4,784.24
2025-05-09,SHAU,午盘,5,784.34
2025-05-09,SHAU,午盘,6,784.44
2025-05-09,SHAU,午盘,7,784.54
2025-05-09,SHAU,午盘,8,784.64
2025-05-09,SHAU,午盘,9,784.74
2025-05-09,SHAU,午盘,10,784.84
2025-05-09,SHAU,午盘,11,784.94
2025-05-09,SHAU,午盘,12,785.04
2025-05-09,SHAU,午盘,13,785.14
2025-05-09,SHAU,午盘,14,785.24
2025-05-09,SHAU,午盘,15,785.34
2025-05-09,SHAU,午盘,16,785.44
2025-05-09,SHAU,午盘,17,785.54
2025-05-08,SHAU,早盘,1,804.74
2025-05-08,SHAU,早盘,2,804.64
2025-05-08,SHAU,午盘,1,786.98
2025-05-07,SHAU,早盘,1,795.09
2025-05-07,SHAU,早盘,2,795.19
2025-05-07,SHAU,早盘,3,795.29
2025-05-07,SHAU,早盘,4,795.39
2025-05-07,SHAU,早盘,5,795.49
2025-05-07,SHAU,早盘,6,795.59
2025-05-07,SHAU,早盘,7,795.69
2025-05-07,SHAU,早盘,8,795.79
2025-05-07,SHAU,早盘,9,795.89
2025-05-07,SHAU,早盘,10,795.99
2025-05-07,SHAU,早盘,11,796.09
2025-05-07,SHAU,早盘,12,796.19
2025-05-07,SHAU,早盘,13,796.29
2025-05-07,SHAU,早盘,14,796.39
2025-05-07,SHAU,早盘,15,796.49
2025-05-07,SHAU,早盘,16,796.59
2025-05-07,SHAU,早盘,17,796.69
2025-05-07,SHAU,早盘,18,796.79
2025-05-07,SHAU,早盘,19,796.89
2025-05-07,SHAU,早盘,20,796.99
2025-05-07,SHAU,早盘,21,797.09
2025-05-07,SHAU,早盘,22,797.19
2025-05-07,SHAU,早盘,23,797.29
2025-05-07,SHAU,早盘,24,797.39
2025-05-07,SHAU,早盘,25,797.49
2025-05-07,SHAU,早盘,26,797.59
2025-05-07,SHAU,早盘,27,797.69
2025-05-07,SHAU,早盘,28,797.79
2025-05-07,SHAU,早盘,29,797.89
2025-05-07,SHAU,早盘,30,797.99
2025-05-07,SHAU,午盘,1,799.1
2025-05-06,SHAU,早盘,1,796.43
2025-05-06,SHAU,早盘,2,796.33
2025-05-06,SHAU,午盘,1,792.66
2025-05-06,SHAU,午盘,2,792.76
2025-05-06,SHAU,午盘,3,792.86
2025-06-30,SHAU,早盘,1,761.62
2025-06-30,SHAU,午盘,1,763.05
2025-06-30,SHAU,午盘,2,762.95
2025-06-27,SHAU,早盘,1,768.52
2025-06-27,SHAU,早盘,2,768.42
2025-06-27,SHAU,午盘,1,763.58
2025-06-27,SHAU,午盘,2,763.68
2025-06-26,SHAU,早盘,1,770.84
2025-06-26,SHAU,午盘,1,772.07
2025-06-25,SHAU,早盘,1,771.47
2025-06-25,SHAU,早盘,2,771.37
2025-06-25,SHAU,早盘,3,771.27
2025-06-25,SHAU,早盘,4,771.17
2025-06-25,SHAU,早盘,5,771.07
2025-06-25,SHAU,早盘,6,770.97
2025-06-25,SHAU,午盘,1,771.06
2025-06-25,SHAU,午盘,2,771.16
2025-06-25,SHAU,午盘,3,771.26
2025-06-24,SHAU,早盘,1,775.33
2025-06-24,SHAU,早盘,2,775.23
2025-06-24,SHAU,早盘,3,775.13
2025-06-24,SHAU,早盘,4,775.03
2025-06-24,SHAU,早盘,5,774.93
2025-06-24,SHAU,早盘,6,774.83
2025-06-24,SHAU,午盘,1,769.24
2025-06-23,SHAU,早盘,1,779.52
2025-06-23,SHAU,早盘,2,779.62
2025-06-23,SHAU,早盘,3,779.72
2025-06-23,SHAU,早盘,4,779.82
2025-06-23,SHAU,早盘,5,779.92
2025-06-23,SHAU,早盘,6,780.02
2025-06-23,SHAU,早盘,7,780.12
2025-06-23,SHAU,午盘,1,777.95
2025-06-23,SHAU,午盘,2,778.05
2025-06-23,SHAU,午盘,3,778.15
2025-06-20,SHAU,早盘,1,777.69
2025-06-20,SHAU,早盘,2,777.59
2025-06-20,SHAU,早盘,3,777.49
2025-06-20,SHAU,午盘,1,775.46
2025-06-19,SHAU,早盘,1,782.05
2025-06-19,SHAU,午盘,1,778.63
2025-06-18,SHAU,早盘,1,780.81
2025-06-18,SHAU,午盘,1,782.67
2025-06-18,SHAU,午盘,2,782.57
2025-06-18,SHAU,午盘,3,782.47
2025-06-18,SHAU,午盘,4,782.37
2025-06-17,SHAU,早盘,1,783.5
2025-06-17,SHAU,早盘,2,783.6
2025-06-17,SHAU,早盘,3,783.7
2025-06-17,SHAU,早盘,4,783.8
2025-06-17,SHAU,早盘,5,783.9
2025-06-17,SHAU,早盘,6,784.0
2025-06-17,SHAU,早盘,7,784.1
2025-06-17,SHAU,午盘,1,781.92
2025-06-17,SHAU,午盘,2,781.82
2025-06-17,SHAU,午盘,3,781.72
2025-06-16,SHAU,早盘,1,796.15
2025-06-16,SHAU,午盘,1,788.88
2025-06-13,SHAU,早盘,1,793.75
2025-06-13,SHAU,早盘,2,793.85
2025-06-13,SHAU,午盘,1,790.75
2025-06-12,SHAU,早盘,1,782.07
2025-06-12,SHAU,早盘,2,782.17
2025-06-12,SHAU,早盘,3,782.27
2025-06-12,SHAU,早盘,4,782.37
2025-06-12,SHAU,早盘,5,782.47
2025-06-12,SHAU,早盘,6,782.57
2025-06-12,SHAU,早盘,7,782.67
2025-06-12,SHAU,午盘,1,781.68
2025-06-11,SHAU,早盘,1,773.24
2025-06-11,SHAU,早盘,2,773.34
2025-06-11,SHAU,早盘,3,773.44
2025-06-11,SHAU,早盘,4,773.54
2025-06-11,SHAU,早盘,5,773.64
2025-06-11,SHAU,早盘,6,773.74
2025-06-11,SHAU,早盘,7,773.84
2025-06-11,SHAU,早盘,8,773.94
2025-06-11,SHAU,午盘,1,774.94
2025-06-11,SHAU,午盘,2,774.84
2025-06-11,SHAU,午盘,3,774.74
2025-06-10,SHAU,早盘,1,767.6
2025-06-10,SHAU,午盘,1,772.8
2025-06-10,SHAU,午盘,2,772.7
2025-06-09,SHAU,早盘,1,765.53
2025-06-09,SHAU,午盘,1,770.99
2025-06-09,SHAU,午盘,2,771.09
2025-06-09,SHAU,午盘,3,771.19
2025-06-09,SHAU,午盘,4,771.29
2025-06-06,SHAU,早盘,1,779.88
2025-06-06,SHAU,午盘,1,779.91
2025-06-05,SHAU,早盘,1,781.81
2025-06-05,SHAU,早盘,2,781.71
2025-06-05,SHAU,早盘,3,781.61
2025-06-05,SHAU,午盘,1,780.37
2025-06-04,SHAU,早盘,1,781.64
2025-06-04,SHAU,早盘,2,781.74
2025-06-04,SHAU,午盘,1,779.61
2025-06-03,SHAU,早盘,1,783.66
2025-06-03,SHAU,午盘,1,779.5
2025-07-31,SHAU,早盘,1,765.5
2025-07-31,SHAU,午盘,1,766.68
2025-07-30,SHAU,早盘,1,769.72
2025-07-30,SHAU,早盘,2,769.82
2025-07-30,SHAU,早盘,3,769.92
2025-07-30,SHAU,早盘,4,770.02
2025-07-30,SHAU,早盘,5,770.12
2025-07-30,SHAU,早盘,6,770.22
2025-07-30,SHAU,早盘,7,770.32
2025-07-30,SHAU,午盘,1,769.74
2025-07-29,SHAU,早盘,1,767.8
2025-07-29,SHAU,午盘,1,768.45
2025-07-29,SHAU,午盘,2,768.35
2025-07-29,SHAU,午盘,3,768.25
2025-07-29,SHAU,午盘,4,768.15
2025-07-29,SHAU,午盘,5,768.05
2025-07-29,SHAU,午盘,6,767.95
2025-07-29,SHAU,午盘,7,767.85
2025-07-28,SHAU,早盘,1,769.11
2025-07-28,SHAU,午盘,1,770.93
2025-07-28,SHAU,午盘,2,771.03
2025-07-28,SHAU,午盘,3,771.13
2025-07-28,SHAU,午盘,4,771.23
2025-07-25,SHAU,早盘,1,773.85
2025-07-25,SHAU,午盘,1,773.06
2025-07-25,SHAU,午盘,2,773.16
2025-07-25,SHAU,午盘,3,773.26
2025-07-24,SHAU,早盘,1,777.96
2025-07-24,SHAU,早盘,2,777.86
2025-07-24,SHAU,早盘,3,777.76
2025-07-24,SHAU,午盘,1,774.8
2025-07-23,SHAU,早盘,1,787.58
2025-07-23,SHAU,午盘,1,788.42
2025-07-22,SHAU,早盘,1,780.73
2025-07-22,SHAU,早盘,2,780.83
2025-07-22,SHAU,早盘,3,780.93
2025-07-22,SHAU,午盘,1,780.79
2025-07-21,SHAU,早盘,1,775.14
2025-07-21,SHAU,午盘,1,777.6
2025-07-18,SHAU,早盘,1,772.84
2025-07-18,SHAU,早盘,2,772.94
2025-07-18,SHAU,早盘,3,773.04
2025-07-18,SHAU,早盘,4,773.14
2025-07-18,SHAU,午盘,1,772.72
2025-07-17,SHAU,早盘,1,773.09
2025-07-17,SHAU,早盘,2,772.99
2025-07-17,SHAU,早盘,3,772.89
2025-07-17,SHAU,早盘,4,772.79
2025-07-17,SHAU,早盘,5,772.69
2025-07-17,SHAU,午盘,1,772.0
2025-07-16,SHAU,早盘,1,770.17
2025-07-16,SHAU,早盘,2,770.27
2025-07-16,SHAU,午盘,1,772.47
2025-07-15,SHAU,早盘,1,773.11
2025-07-15,SHAU,早盘,2,773.21
2025-07-15,SHAU,午盘,1,776.09
2025-07-15,SHAU,午盘,2,775.99
2025-07-14,SHAU,早盘,1,774.32
2025-07-14,SHAU,午盘,1,776.79
2025-07-11,SHAU,早盘,1,770.06
2025-07-11,SHAU,午盘,1,770.07
2025-07-11,SHAU,午盘,2,769.97
2025-07-10,SHAU,早盘,1,769.13
2025-07-10,SHAU,午盘,1,769.27
2025-07-09,SHAU,早盘,1,765.93
2025-07-09,SHAU,早盘,2,765.83
2025-07-09,SHAU,早盘,3,765.73
2025-07-09,SHAU,早盘,4,765.63
2025-07-09,SHAU,早盘,5,765.53
2025-07-09,SHAU,午盘,1,763.01
2025-07-09,SHAU,午盘,2,763.11
2025-07-08,SHAU,早盘,1,772.25
2025-07-08,SHAU,午盘,1,771.93
2025-07-08,SHAU,午盘,2,772.03
2025-07-08,SHAU,午盘,3,772.13
2025-07-08,SHAU,午盘,4,772.23
2025-07-07,SHAU,早盘,1,767.29
2025-07-07,SHAU,早盘,2,767.39
2025-07-07,SHAU,午盘,1,767.19
2025-07-04,SHAU,早盘,1,771.04
2025-07-04,SHAU,午盘,1,772.79
2025-07-03,SHAU,早盘,1,774.43
2025-07-03,SHAU,午盘,1,776.64
2025-07-03,SHAU,午盘,2,776.74
2025-07-03,SHAU,午盘,3,776.84
2025-07-03,SHAU,午盘,4,776.94
2025-07-02,SHAU,早盘,1,771.23
2025-07-02,SHAU,午盘,1,771.38
2025-07-01,SHAU,早盘,1,767.49
2025-07-01,SHAU,早盘,2,767.39
2025-07-01,SHAU,早盘,3,767.29
2025-07-01,SHAU,早盘,4,767.19
2025-07-01,SHAU,早盘,5,767.09
2025-07-01,SHAU,早盘,6,766.99
2025-07-01,SHAU,早盘,7,766.89
2025-07-01,SHAU,早盘,8,766.79
2025-07-01,SHAU,午盘,1,771.52
2025-07-01,SHAU,午盘,2,771.42
2025-07-01,SHAU,午盘,3,771.32
2025-07-01,SHAU,午盘,4,771.22
2025-08-29,SHAU,早盘,1,781.94
2025-08-29,SHAU,午盘,1,782.17
2025-08-28,SHAU,早盘,1,779.55
2025-08-28,SHAU,午盘,1,780.38
2025-08-27,SHAU,早盘,1,779.25
2025-08-27,SHAU,午盘,1,778.51
2025-08-27,SHAU,午盘,2,778.41
2025-08-27,SHAU,午盘,3,778.31
2025-08-26,SHAU,早盘,1,777.78
2025-08-26,SHAU,午盘,1,777.89
2025-08-25,SHAU,早盘,1,775.08
2025-08-25,SHAU,午盘,1,775.89
2025-08-22,SHAU,早盘,1,772.48
2025-08-22,SHAU,午盘,1,770.45
2025-08-22,SHAU,午盘,2,770.55
2025-08-21,SHAU,早盘,1,773.19
2025-08-21,SHAU,午盘,1,771.83
2025-08-20,SHAU,早盘,1,768.23
2025-08-20,SHAU,午盘,1,769.54
2025-08-19,SHAU,早盘,1,771.73
2025-08-19,SHAU,午盘,1,771.9
2025-08-18,SHAU,早盘,1,773.31
2025-08-18,SHAU,早盘,2,773.21
2025-08-18,SHAU,早盘,3,773.11
2025-08-18,SHAU,午盘,1,774.41
2025-08-18,SHAU,午盘,2,774.31
2025-08-15,SHAU,早盘,1,771.71
2025-08-15,SHAU,午盘,1,772.66
2025-08-14,SHAU,早盘,1,776.35
2025-08-14,SHAU,午盘,1,774.81
2025-08-14,SHAU,午盘,2,774.91
2025-08-14,SHAU,午盘,3,775.01
2025-08-14,SHAU,午盘,4,775.11
2025-08-14,SHAU,午盘,5,775.21
2025-08-14,SHAU,午盘,6,775.31
2025-08-14,SHAU,午盘,7,775.41
2025-08-14,SHAU,午盘,8,775.51
2025-08-13,SHAU,早盘,1,773.07
2025-08-13,SHAU,午盘,1,774.2
2025-08-12,SHAU,早盘,1,773.55
2025-08-12,SHAU,午盘,1,772.76
2025-08-11,SHAU,早盘,1,778.24
2025-08-11,SHAU,午盘,1,776.2
2025-08-08,SHAU,早盘,1,782.36
2025-08-08,SHAU,早盘,2,782.46
2025-08-08,SHAU,早盘,3,782.56
2025-08-08,SHAU,午盘,1,783.35
2025-08-08,SHAU,午盘,2,783.45
2025-08-08,SHAU,午盘,3,783.55
2025-08-08,SHAU,午盘,4,783.65
2025-08-08,SHAU,午盘,5,783.75
2025-08-08,SHAU,午盘,6,783.85
2025-08-08,SHAU,午盘,7,783.95
2025-08-08,SHAU,午盘,8,784.05
2025-08-07,SHAU,早盘,1,780.65
2025-08-07,SHAU,午盘,1,781.41
2025-08-06,SHAU,早盘,1,780.44
2025-08-06,SHAU,午盘,1,780.05
2025-08-05,SHAU,早盘,1,781.31
2025-08-05,SHAU,午盘,1,778.98
2025-08-05,SHAU,午盘,2,778.88
2025-08-04,SHAU,早盘,1,776.83
2025-08-04,SHAU,午盘,1,777.29
2025-08-01,SHAU,早盘,1,766.03
2025-08-01,SHAU,早盘,2,766.13
2025-08-01,SHAU,早盘,3,766.23
2025-08-01,SHAU,午盘,1,766.97
2025-08-01,SHAU,午盘,2,767.07
2025-09-30,SHAU,早盘,1,870.99
2025-09-30,SHAU,午盘,1,872.38
2025-09-29,SHAU,早盘,1,855.9
2025-09-29,SHAU,午盘,1,862.14
2025-09-29,SHAU,午盘,2,862.24
2025-09-29,SHAU,午盘,3,862.34
2025-09-26,SHAU,早盘,1,851.61
2025-09-26,SHAU,午盘,1,852.4
2025-09-25,SHAU,早盘,1,848.42
2025-09-25,SHAU,午盘,1,850.68
2025-09-24,SHAU,早盘,1,850.54
2025-09-24,SHAU,午盘,1,855.52
2025-09-24,SHAU,午盘,2,855.42
2025-09-23,SHAU,早盘,1,848.05
2025-09-23,SHAU,早盘,2,847.95
2025-09-23,SHAU,午盘,1,850.09
2025-09-22,SHAU,早盘,1,835.44
2025-09-22,SHAU,午盘,1,840.77
2025-09-19,SHAU,早盘,1,824.62
2025-09-19,SHAU,早盘,2,824.72
2025-09-19,SHAU,早盘,3,824.82
2025-09-19,SHAU,早盘,4,824.92
2025-09-19,SHAU,早盘,5,825.02
2025-09-19,SHAU,早盘,6,825.12
2025-09-19,SHAU,午盘,1,825.33
2025-09-19,SHAU,午盘,2,825.43
2025-09-19,SHAU,午盘,3,825.53
2025-09-19,SHAU,午盘,4,825.63
2025-09-18,SHAU,早盘,1,829.96
2025-09-18,SHAU,早盘,2,830.06
2025-09-18,SHAU,早盘,3,830.16
2025-09-18,SHAU,早盘,4,830.26
2025-09-18,SHAU,早盘,5,830.36
2025-09-18,SHAU,午盘,1,822.49
2025-09-17,SHAU,早盘,1,833.82
2025-09-17,SHAU,早盘,2,833.92
2025-09-17,SHAU,早盘,3,834.02
2025-09-17,SHAU,早盘,4,834.12
2025-09-17,SHAU,早盘,5,834.22
2025-09-17,SHAU,早盘,6,834.32
2025-09-17,SHAU,早盘,7,834.42
2025-09-17,SHAU,早盘,8,834.52
2025-09-17,SHAU,早盘,9,834.62
2025-09-17,SHAU,早盘,10,834.72
2025-09-17,SHAU,早盘,11,834.82
2025-09-17,SHAU,午盘,1,832.43
2025-09-17,SHAU,午盘,2,832.53
2025-09-16,SHAU,早盘,1,836.77
2025-09-16,SHAU,早盘,2,836.87
2025-09-16,SHAU,早盘,3,836.97
2025-09-16,SHAU,早盘,4,837.07
2025-09-16,SHAU,午盘,1,838.32
2025-09-16,SHAU,午盘,2,838.42
2025-09-15,SHAU,早盘,1,828.86
2025-09-15,SHAU,早盘,2,828.96
2025-09-15,SHAU,早盘,3,829.06
2025-09-15,SHAU,早盘,4,829.16
2025-09-15,SHAU,早盘,5,829.26
2025-09-15,SHAU,午盘,1,828.53
2025-09-12,SHAU,早盘,1,830.49
2025-09-12,SHAU,午盘,1,830.58
2025-09-12,SHAU,午盘,2,830.68
2025-09-12,SHAU,午盘,3,830.78
2025-09-12,SHAU,午盘,4,830.88
2025-09-12,SHAU,午盘,5,830.98
2025-09-11,SHAU,早盘,1,830.88
2025-09-11,SHAU,午盘,1,827.78
2025-09-10,SHAU,早盘,1,828.04
2025-09-10,SHAU,午盘,1,829.88
2025-09-09,SHAU,早盘,1,830.83
2025-09-09,SHAU,午盘,1,831.08
2025-09-08,SHAU,早盘,1,817.59
2025-09-08,SHAU,午盘,1,818.95
2025-09-08,SHAU,午盘,2,819.05
2025-09-08,SHAU,午盘,3,819.15
2025-09-08,SHAU,午盘,4,819.25
2025-09-08,SHAU,午盘,5,819.35
2025-09-08,SHAU,午盘,6,819.45
2025-09-05,SHAU,早盘,1,811.55
2025-09-05,SHAU,午盘,1,811.74
2025-09-05,SHAU,午盘,2,811.84
2025-09-05,SHAU,午盘,3,811.94
2025-09-04,SHAU,早盘,1,811.21
2025-09-04,SHAU,午盘,1,808.93
2025-09-03,SHAU,早盘,1,811.82
2025-09-03,SHAU,早盘,2,811.92
2025-09-03,SHAU,早盘,3,812.02
2025-09-03,SHAU,早盘,4,812.12
2025-09-03,SHAU,早盘,5,812.22
2025-09-03,SHAU,早盘,6,812.32
2025-09-03,SHAU,早盘,7,812.42
2025-09-03,SHAU,午盘,1,810.72
2025-09-02,SHAU,早盘,1,803.19
2025-09-02,SHAU,早盘,2,803.09
2025-09-02,SHAU,早盘,3,802.99
2025-09-02,SHAU,早盘,4,802.89
2025-09-02,SHAU,早盘,5,802.79
2025-09-02,SHAU,早盘,6,802.69
2025-09-02,SHAU,早盘,7,802.59
2025-09-02,SHAU,早盘,8,802.49
2025-09-02,SHAU,早盘,9,802.39
2025-09-02,SHAU,早盘,10,802.29
2025-09-02,SHAU,早盘,11,802.19
2025-09-02,SHAU,早盘,12,802.09
2025-09-02,SHAU,早盘,13,801.99
2025-09-02,SHAU,早盘,14,801.89
2025-09-02,SHAU,早盘,15,801.79
2025-09-02,SHAU,午盘,1,799.95
2025-09-01,SHAU,早盘,1,793.18
2025-09-01,SHAU,早盘,2,793.08
2025-09-01,SHAU,早盘,3,792.98
2025-09-01,SHAU,早盘,4,792.88
2025-09-01,SHAU,早盘,5,792.78
2025-09-01,SHAU,早盘,6,792.68
2025-09-01,SHAU,早盘,7,792.58
2025-09-01,SHAU,午盘,1,797.51
2025-09-01,SHAU,午盘,2,797.41
2025-09-01,SHAU,午盘,3,797.31
2025-09-01,SHAU,午盘,4,797.21
2025-09-01,SHAU,午盘,5,797.11
2025-09-01,SHAU,午盘,6,797.01
2025-09-01,SHAU,午盘,7,796.91
2025-09-01,SHAU,午盘,8,796.81
2025-09-01,SHAU,午盘,9,796.71
2025-09-01,SHAU,午盘,10,796.61
2025-09-01,SHAU,午盘,11,796.51
2025-09-01,SHAU,午盘,12,796.41
2025-09-01,SHAU,午盘,13,796.31
2025-09-01,SHAU,午盘,14,796.21
2025-09-01,SHAU,午盘,15,796.11
2025-09-01,SHAU,午盘,16,796.01
2025-09-01,SHAU,午盘,17,795.91
2025-09-01,SHAU,午盘,18,795.81
2025-09-01,SHAU,午盘,19,795.71
2025-09-01,SHAU,午盘,20,795.61
2025-09-01,SHAU,午盘,21,795.51
2025-09-01,SHAU,午盘,22,795.41
2025-09-01,SHAU,午盘,23,795.31
2025-09-01,SHAU,午盘,24,795.21
2025-09-01,SHAU,午盘,25,795.11
2025-09-01,SHAU,午盘,26,795.01
2025-10-31,SHAU,早盘,1,918.81
2025-10-31,SHAU,午盘,1,918.25
2025-10-31,SHAU,午盘,2,918.35
2025-10-31,SHAU,午盘,3,918.45
2025-10-31,SHAU,午盘,4,918.55
2025-10-31,SHAU,午盘,5,918.65
2025-10-31,SHAU,午盘,6,918.75
2025-10-31,SHAU,午盘,7,918.85
2025-10-31,SHAU,午盘,8,918.95
2025-10-31,SHAU,午盘,9,919.05
2025-10-31,SHAU,午盘,10,919.15
2025-10-31,SHAU,午盘,11,919.25
2025-10-31,SHAU,午盘,12,919.35
2025-10-31,SHAU,午盘,13,919.45
2025-10-31,SHAU,午盘,14,919.55
2025-10-31,SHAU,午盘,15,919.65
2025-10-31,SHAU,午盘,16,919.75
2025-10-31,SHAU,午盘,17,919.85
2025-10-31,SHAU,午盘,18,919.95
2025-10-31,SHAU,午盘,19,920.05
2025-10-31,SHAU,午盘,20,920.15
2025-10-31,SHAU,午盘,21,920.25
2025-10-31,SHAU,午盘,22,920.35
2025-10-31,SHAU,午盘,23,920.45
2025-10-30,SHAU,早盘,1,898.2
2025-10-30,SHAU,早盘,2,898.3
2025-10-30,SHAU,早盘,3,898.4
2025-10-30,SHAU,早盘,4,898.5
2025-10-30,SHAU,早盘,5,898.6
2025-10-30,SHAU,早盘,6,898.7
2025-10-30,SHAU,早盘,7,898.8
2025-10-30,SHAU,早盘,8,898.9
2025-10-30,SHAU,早盘,9,899.0
2025-10-30,SHAU,午盘,1,907.86
2025-10-30,SHAU,午盘,2,907.96
2025-10-30,SHAU,午盘,3,908.06
2025-10-30,SHAU,午盘,4,908.16
2025-10-30,SHAU,午盘,5,908.26
2025-10-30,SHAU,午盘,6,908.36
2025-10-30,SHAU,午盘,7,908.46
2025-10-30,SHAU,午盘,8,908.56
2025-10-30,SHAU,午盘,9,908.66
2025-10-30,SHAU,午盘,10,908.76
2025-10-30,SHAU,午盘,11,908.86
2025-10-30,SHAU,午盘,12,908.96
2025-10-29,SHAU,早盘,1,906.41
2025-10-29,SHAU,午盘,1,908.34
2025-10-28,SHAU,早盘,1,916.05
2025-10-28,SHAU,早盘,2,915.95
2025-10-28,SHAU,早盘,3,915.85
2025-10-28,SHAU,早盘,4,915.75
2025-10-28,SHAU,早盘,5,915.65
2025-10-28,SHAU,早盘,6,915.55
2025-10-28,SHAU,早盘,7,915.45
2025-10-28,SHAU,早盘,8,915.35
2025-10-28,SHAU,早盘,9,915.25
2025-10-28,SHAU,早盘,10,915.15
2025-10-28,SHAU,早盘,11,915.05
2025-10-28,SHAU,早盘,12,914.95
2025-10-28,SHAU,早盘,13,914.85
2025-10-28,SHAU,早盘,14,914.75
2025-10-28,SHAU,早盘,15,914.65
2025-10-28,SHAU,早盘,16,914.55
2025-10-28,SHAU,早盘,17,914.45
2025-10-28,SHAU,早盘,18,914.35
2025-10-28,SHAU,早盘,19,914.25
2025-10-28,SHAU,午盘,1,899.11
2025-10-27,SHAU,早盘,1,931.61
2025-10-27,SHAU,早盘,2,931.71
2025-10-27,SHAU,早盘,3,931.81
2025-10-27,SHAU,早盘,4,931.91
2025-10-27,SHAU,早盘,5,932.01
2025-10-27,SHAU,早盘,6,932.11
2025-10-27,SHAU,午盘,1,932.48
2025-10-27,SHAU,午盘,2,932.58
2025-10-24,SHAU,早盘,1,942.46
2025-10-24,SHAU,午盘,1,936.94
2025-10-23,SHAU,早盘,1,934.0
2025-10-23,SHAU,早盘,2,933.9
2025-10-23,SHAU,午盘,1,941.53
2025-10-22,SHAU,早盘,1,941.38
2025-10-22,SHAU,早盘,2,941.48
2025-10-22,SHAU,午盘,1,951.41
2025-10-21,SHAU,早盘,1,992.05
2025-10-21,SHAU,早盘,2,992.15
2025-10-21,SHAU,早盘,3,992.25
2025-10-21,SHAU,早盘,4,992.35
2025-10-21,SHAU,早盘,5,992.45
2025-10-21,SHAU,早盘,6,992.55
2025-10-21,SHAU,早盘,7,992.65
2025-10-21,SHAU,早盘,8,992.75
2025-10-21,SHAU,早盘,9,992.85
2025-10-21,SHAU,早盘,10,992.95
2025-10-21,SHAU,早盘,11,993.05
2025-10-21,SHAU,早盘,12,993.15
2025-10-21,SHAU,早盘,13,993.25
2025-10-21,SHAU,早盘,14,993.35
2025-10-21,SHAU,午盘,1,991.6
2025-10-21,SHAU,午盘,2,991.7
2025-10-21,SHAU,午盘,3,991.8
2025-10-20,SHAU,早盘,1,976.91
2025-10-20,SHAU,早盘,2,976.81
2025-10-20,SHAU,午盘,1,968.69
2025-10-20,SHAU,午盘,2,968.79
2025-10-20,SHAU,午盘,3,968.89
2025-10-20,SHAU,午盘,4,968.99
2025-10-20,SHAU,午盘,5,969.09
2025-10-20,SHAU,午盘,6,969.19
2025-10-20,SHAU,午盘,7,969.29
2025-10-20,SHAU,午盘,8,969.39
2025-10-20,SHAU,午盘,9,969.49
2025-10-20,SHAU,午盘,10,969.59
2025-10-20,SHAU,午盘,11,969.69
2025-10-20,SHAU,午盘,12,969.79
2025-10-20,SHAU,午盘,13,969.89
2025-10-20,SHAU,午盘,14,969.99
2025-10-20,SHAU,午盘,15,970.09
2025-10-20,SHAU,午盘,16,970.19
2025-10-20,SHAU,午盘,17,970.39
2025-10-20,SHAU,午盘,18,970.49
2025-10-20,SHAU,午盘,19,970.69
2025-10-20,SHAU,午盘,20,970.79
2025-10-20,SHAU,午盘,21,970.89
2025-10-20,SHAU,午盘,22,970.99
2025-10-20,SHAU,午盘,23,971.09
2025-10-20,SHAU,午盘,24,971.19
2025-10-20,SHAU,午盘,25,971.29
2025-10-20,SHAU,午盘,26,971.39
2025-10-20,SHAU,午盘,27,971.49
2025-10-20,SHAU,午盘,28,971.59
2025-10-20,SHAU,午盘,29,971.69
2025-10-20,SHAU,午盘,30,971.79
2025-10-20,SHAU,午盘,31,971.89
2025-10-20,SHAU,午盘,32,971.99
2025-10-20,SHAU,午盘,33,972.09
2025-10-20,SHAU,午盘,34,972.19
2025-10-20,SHAU,午盘,35,972.29
2025-10-20,SHAU,午盘,36,972.39
2025-10-17,SHAU,早盘,1,990.25
2025-10-17,SHAU,早盘,2,990.35
2025-10-17,SHAU,午盘,1,998.5
2025-10-17,SHAU,午盘,2,998.6
2025-10-17,SHAU,午盘,3,998.7
2025-10-17,SHAU,午盘,4,998.8
2025-10-16,SHAU,早盘,1,967.06
2025-10-16,SHAU,早盘,2,967.16
2025-10-16,SHAU,早盘,3,967.26
2025-10-16,SHAU,早盘,4,967.36
2025-10-16,SHAU,午盘,1,964.86
2025-10-16,SHAU,午盘,2,964.96
2025-10-16,SHAU,午盘,3,965.06
2025-10-16,SHAU,午盘,4,965.16
2025-10-16,SHAU,午盘,5,965.26
2025-10-16,SHAU,午盘,6,965.36
2025-10-16,SHAU,午盘,7,965.46
2025-10-16,SHAU,午盘,8,965.56
2025-10-16,SHAU,午盘,9,965.66
2025-10-16,SHAU,午盘,10,965.76
2025-10-16,SHAU,午盘,11,965.86
2025-10-16,SHAU,午盘,12,965.96
2025-10-16,SHAU,午盘,13,966.06
2025-10-16,SHAU,午盘,14,966.16
2025-10-16,SHAU,午盘,15,966.26
2025-10-16,SHAU,午盘,16,966.36
2025-10-16,SHAU,午盘,17,966.46
2025-10-16,SHAU,午盘,18,966.56
2025-10-16,SHAU,午盘,19,966.66
2025-10-16,SHAU,午盘,20,966.76
2025-10-16,SHAU,午盘,21,966.86
2025-10-16,SHAU,午盘,22,966.96
2025-10-16,SHAU,午盘,23,967.06
2025-10-16,SHAU,午盘,24,967.16
2025-10-16,SHAU,午盘,25,967.26
2025-10-16,SHAU,午盘,26,967.36
2025-10-16,SHAU,午盘,27,967.46
2025-10-15,SHAU,早盘,1,953.95
2025-10-15,SHAU,午盘,1,957.61
2025-10-15,SHAU,午盘,2,957.71
2025-10-14,SHAU,早盘,1,945.12
2025-10-14,SHAU,早盘,2,945.22
2025-10-14,SHAU,早盘,3,945.32
2025-10-14,SHAU,午盘,1,935.74
2025-10-14,SHAU,午盘,2,935.84
2025-10-14,SHAU,午盘,3,935.94
2025-10-14,SHAU,午盘,4,936.04
2025-10-14,SHAU,午盘,5,936.14
2025-10-13,SHAU,早盘,1,918.72
2025-10-13,SHAU,早盘,2,918.82
2025-10-13,SHAU,早盘,3,918.92
2025-10-13,SHAU,早盘,4,919.02
2025-10-13,SHAU,午盘,1,924.45
2025-10-13,SHAU,午盘,2,924.55
2025-10-10,SHAU,早盘,1,902.38
2025-10-10,SHAU,早盘,2,902.48
2025-10-10,SHAU,早盘,3,902.58
2025-10-10,SHAU,早盘,4,902.68
2025-10-10,SHAU,早盘,5,902.78
2025-10-10,SHAU,早盘,6,902.88
2025-10-10,SHAU,早盘,7,902.98
2025-10-10,SHAU,早盘,8,903.08
2025-10-10,SHAU,早盘,9,903.18
2025-10-10,SHAU,早盘,10,903.28
2025-10-10,SHAU,早盘,11,903.38
2025-10-10,SHAU,早盘,12,903.48
2025-10-10,SHAU,早盘,13,903.58
2025-10-10,SHAU,午盘,1,898.59
2025-10-09,SHAU,早盘,1,910.4
2025-10-09,SHAU,午盘,1,911.23
2025-10-09,SHAU,午盘,2,911.33
2025-11-28,SHAU,早盘,1,948.94
2025-11-28,SHAU,午盘,1,948.34
2025-11-27,SHAU,早盘,1,942.06
2025-11-27,SHAU,午盘,1,942.44
2025-11-26,SHAU,早盘,1,943.33
2025-11-26,SHAU,午盘,1,942.19
2025-11-25,SHAU,早盘,1,941.71
2025-11-25,SHAU,早盘,2,941.81
2025-11-25,SHAU,早盘,3,941.91
2025-11-25,SHAU,早盘,4,942.01
2025-11-25,SHAU,早盘,5,942.11
2025-11-25,SHAU,早盘,6,942.21
2025-11-25,SHAU,早盘,7,942.31
2025-11-25,SHAU,早盘,8,942.41
2025-11-25,SHAU,早盘,9,942.51
2025-11-25,SHAU,早盘,10,942.61
2025-11-25,SHAU,早盘,11,942.71
2025-11-25,SHAU,早盘,12,942.81
2025-11-25,SHAU,早盘,13,942.91
2025-11-25,SHAU,早盘,14,943.01
2025-11-25,SHAU,午盘,1,942.0
2025-11-25,SHAU,午盘,2,942.1
2025-11-25,SHAU,午盘,3,942.2
2025-11-25,SHAU,午盘,4,942.3
2025-11-25,SHAU,午盘,5,942.4
2025-11-24,SHAU,早盘,1,925.25
2025-11-24,SHAU,早盘,2,925.15
2025-11-24,SHAU,早盘,3,925.05
2025-11-24,SHAU,早盘,4,924.95
2025-11-24,SHAU,早盘,5,924.85
2025-11-24,SHAU,午盘,1,926.34
2025-11-21,SHAU,早盘,1,931.44
2025-11-21,SHAU,早盘,2,931.54
2025-11-21,SHAU,午盘,1,923.7
2025-11-21,SHAU,午盘,2,923.6
2025-11-21,SHAU,午盘,3,923.5
2025-11-21,SHAU,午盘,4,923.4
2025-11-21,SHAU,午盘,5,923.3
2025-11-21,SHAU,午盘,6,923.2
2025-11-21,SHAU,午盘,7,923.1
2025-11-21,SHAU,午盘,8,923.0
2025-11-21,SHAU,午盘,9,922.9
2025-11-21,SHAU,午盘,10,922.8
2025-11-21,SHAU,午盘,11,922.7
2025-11-20,SHAU,早盘,1,930.55
2025-11-20,SHAU,午盘,1,930.85
2025-11-19,SHAU,早盘,1,928.58
2025-11-19,SHAU,午盘,1,936.04
2025-11-18,SHAU,早盘,1,921.02
2025-11-18,SHAU,早盘,2,921.12
2025-11-18,SHAU,早盘,3,921.22
2025-11-18,SHAU,午盘,1,917.54
2025-11-17,SHAU,早盘,1,933.64
2025-11-17,SHAU,午盘,1,928.44
2025-11-14,SHAU,早盘,1,955.08
2025-11-14,SHAU,早盘,2,955.18
2025-11-14,SHAU,早盘,3,955.28
2025-11-14,SHAU,早盘,4,955.38
2025-11-14,SHAU,午盘,1,950.86
2025-11-14,SHAU,午盘,2,950.96
2025-11-14,SHAU,午盘,3,951.06
2025-11-13,SHAU,早盘,1,957.96
2025-11-13,SHAU,午盘,1,958.62
2025-11-13,SHAU,午盘,2,958.72
2025-11-12,SHAU,早盘,1,947.47
2025-11-12,SHAU,午盘,1,943.32
2025-11-12,SHAU,午盘,2,943.42
2025-11-12,SHAU,午盘,3,943.52
2025-11-11,SHAU,早盘,1,948.13
2025-11-11,SHAU,早盘,2,948.23
2025-11-11,SHAU,午盘,1,947.37
2025-11-11,SHAU,午盘,2,947.27
2025-11-11,SHAU,午盘,3,947.17
2025-11-11,SHAU,午盘,4,947.07
2025-11-11,SHAU,午盘,5,946.97
2025-11-11,SHAU,午盘,6,946.87
2025-11-11,SHAU,午盘,7,946.77
2025-11-10,SHAU,早盘,1,925.84
2025-11-10,SHAU,早盘,2,925.94
2025-11-10,SHAU,早盘,3,926.04
2025-11-10,SHAU,早盘,4,926.14
2025-11-10,SHAU,早盘,5,926.24
2025-11-10,SHAU,早盘,6,926.34
2025-11-10,SHAU,早盘,7,926.44
2025-11-10,SHAU,午盘,1,933.67
2025-11-10,SHAU,午盘,2,933.77
2025-11-10,SHAU,午盘,3,933.87
2025-11-07,SHAU,早盘,1,917.15
2025-11-07,SHAU,早盘,2,917.05
2025-11-07,SHAU,早盘,3,916.95
2025-11-07,SHAU,早盘,4,916.85
2025-11-07,SHAU,早盘,5,916.75
2025-11-07,SHAU,早盘,6,916.65
2025-11-07,SHAU,早盘,7,916.55
2025-11-07,SHAU,早盘,8,916.45
2025-11-07,SHAU,早盘,9,916.35
2025-11-07,SHAU,午盘,1,919.0
2025-11-07,SHAU,午盘,2,919.1
2025-11-07,SHAU,午盘,3,919.2
2025-11-07,SHAU,午盘,4,919.3
2025-11-06,SHAU,早盘,1,912.29
2025-11-06,SHAU,午盘,1,914.95
2025-11-06,SHAU,午盘,2,915.05
2025-11-06,SHAU,午盘,3,915.15
2025-11-06,SHAU,午盘,4,915.25
2025-11-06,SHAU,午盘,5,915.35
2025-11-06,SHAU,午盘,6,915.45
2025-11-06,SHAU,午盘,7,915.55
2025-11-06,SHAU,午盘,8,915.65
2025-11-06,SHAU,午盘,9,915.75
2025-11-06,SHAU,午盘,10,915.85
2025-11-06,SHAU,午盘,11,915.95
2025-11-06,SHAU,午盘,12,916.05
2025-11-06,SHAU,午盘,13,916.15
2025-11-06,SHAU,午盘,14,916.25
2025-11-06,SHAU,午盘,15,916.35
2025-11-06,SHAU,午盘,16,916.45
2025-11-05,SHAU,早盘,1,904.68
2025-11-05,SHAU,午盘,1,910.37
2025-11-04,SHAU,早盘,1,912.99
2025-11-04,SHAU,午盘,1,913.54
2025-11-03,SHAU,早盘,1,914.18
2025-11-03,SHAU,早盘,2,914.28
2025-11-03,SHAU,午盘,1,919.45
2025-12-31,SHAU,早盘,1,980.89
2025-12-31,SHAU,午盘,1,972.43
2025-12-31,SHAU,午盘,2,972.53
2025-12-31,SHAU,午盘,3,972.63
2025-12-31,SHAU,午盘,4,972.73
2025-12-31,SHAU,午盘,5,972.83
2025-12-31,SHAU,午盘,6,972.93
2025-12-31,SHAU,午盘,7,973.03
2025-12-31,SHAU,午盘,8,973.13
2025-12-31,SHAU,午盘,9,973.23
2025-12-31,SHAU,午盘,10,973.33
2025-12-30,SHAU,早盘,1,979.79
2025-12-30,SHAU,早盘,2,979.89
2025-12-30,SHAU,早盘,3,979.99
2025-12-30,SHAU,午盘,1,979.74
2025-12-30,SHAU,午盘,2,979.84
2025-12-30,SHAU,午盘,3,979.94
2025-12-30,SHAU,午盘,4,980.04
2025-12-30,SHAU,午盘,5,980.14
2025-12-30,SHAU,午盘,6,980.24
2025-12-30,SHAU,午盘,7,980.34
2025-12-30,SHAU,午盘,8,980.44
2025-12-30,SHAU,午盘,9,980.54
2025-12-30,SHAU,午盘,10,980.64
2025-12-30,SHAU,午盘,11,980.74
2025-12-29,SHAU,早盘,1,1010.41
2025-12-29,SHAU,午盘,1,1001.63
2025-12-26,SHAU,早盘,1,1010.31
2025-12-26,SHAU,早盘,2,1010.21
2025-12-26,SHAU,午盘,1,1009.96
2025-12-25,SHAU,早盘,1,1002.46
2025-12-25,SHAU,午盘,1,1002.83
2025-12-24,SHAU,早盘,1,1012.63
2025-12-24,SHAU,早盘,2,1012.73
2025-12-24,SHAU,午盘,1,1008.94
2025-12-23,SHAU,早盘,1,1010.37
2025-12-23,SHAU,午盘,1,1007.57
2025-12-22,SHAU,早盘,1,984.6
2025-12-22,SHAU,午盘,1,993.72
2025-12-22,SHAU,午盘,2,993.82
2025-12-19,SHAU,早盘,1,974.08
2025-12-19,SHAU,午盘,1,974.76
2025-12-18,SHAU,早盘,1,975.26
2025-12-18,SHAU,午盘,1,974.99
2025-12-17,SHAU,早盘,1,973.38
2025-12-17,SHAU,午盘,1,974.09
2025-12-16,SHAU,早盘,1,970.46
2025-12-16,SHAU,早盘,2,970.56
2025-12-16,SHAU,午盘,1,966.83
2025-12-16,SHAU,午盘,2,966.73
2025-12-15,SHAU,早盘,1,974.65
2025-12-15,SHAU,早盘,2,974.55
2025-12-15,SHAU,午盘,1,978.02
2025-12-12,SHAU,早盘,1,963.64
2025-12-12,SHAU,午盘,1,965.28
2025-12-11,SHAU,早盘,1,957.9
2025-12-11,SHAU,午盘,1,952.81
2025-12-10,SHAU,早盘,1,953.41
2025-12-10,SHAU,早盘,2,953.31
2025-12-10,SHAU,午盘,1,951.34
2025-12-09,SHAU,早盘,1,950.0
2025-12-09,SHAU,早盘,2,949.9
2025-12-09,SHAU,早盘,3,949.8
2025-12-09,SHAU,午盘,1,946.96
2025-12-08,SHAU,早盘,1,950.56
2025-12-08,SHAU,午盘,1,953.33
2025-12-05,SHAU,早盘,1,951.81
2025-12-05,SHAU,早盘,2,951.91
2025-12-05,SHAU,午盘,1,955.9
2025-12-04,SHAU,早盘,1,952.5
2025-12-04,SHAU,午盘,1,948.43
2025-12-04,SHAU,午盘,2,948.53
2025-12-04,SHAU,午盘,3,948.63
2025-12-03,SHAU,早盘,1,955.55
2025-12-03,SHAU,午盘,1,951.51
2025-12-02,SHAU,早盘,1,955.43
2025-12-02,SHAU,早盘,2,955.53
2025-12-02,SHAU,早盘,3,955.63
2025-12-02,SHAU,午盘,1,953.74
2025-12-01,SHAU,早盘,1,961.15
2025-12-01,SHAU,早盘,2,961.25
2025-12-01,SHAU,午盘,1,958.1
2025-12-01,SHAU,午盘,2,958.0
2026-01-30,SHAU,早盘,1,1180.41
2026-01-30,SHAU,早盘,2,1180.31
2026-01-30,SHAU,早盘,3,1180.21
2026-01-30,SHAU,早盘,4,1180.11
2026-01-30,SHAU,早盘,5,1180.01
2026-01-30,SHAU,早盘,6,1179.91
2026-01-30,SHAU,早盘,7,1179.81
2026-01-30,SHAU,早盘,8,1179.71
2026-01-30,SHAU,早盘,9,1179.61
2026-01-30,SHAU,早盘,10,1179.51
2026-01-30,SHAU,早盘,11,1179.41
2026-01-30,SHAU,早盘,12,1179.31
2026-01-30,SHAU,午盘,1,1161.28
2026-01-30,SHAU,午盘,2,1161.18
2026-01-30,SHAU,午盘,3,1161.08
2026-01-30,SHAU,午盘,4,1160.98
2026-01-30,SHAU,午盘,5,1160.88
2026-01-30,SHAU,午盘,6,1160.78
2026-01-30,SHAU,午盘,7,1160.68
2026-01-29,SHAU,早盘,1,1240.99
2026-01-29,SHAU,午盘,1,1248.12
2026-01-29,SHAU,午盘,2,1248.22
2026-01-28,SHAU,早盘,1,1168.09
2026-01-28,SHAU,午盘,1,1180.42
2026-01-28,SHAU,午盘,2,1180.52
2026-01-28,SHAU,午盘,3,1180.62
2026-01-28,SHAU,午盘,4,1180.72
2026-01-28,SHAU,午盘,5,1180.82
2026-01-28,SHAU,午盘,6,1180.92
2026-01-28,SHAU,午盘,7,1181.02
2026-01-28,SHAU,午盘,8,1181.12
2026-01-28,SHAU,午盘,9,1181.22
2026-01-28,SHAU,午盘,10,1181.32
2026-01-27,SHAU,早盘,1,1137.77
2026-01-27,SHAU,早盘,2,1137.87
2026-01-27,SHAU,早盘,3,1137.97
2026-01-27,SHAU,早盘,4,1138.07
2026-01-27,SHAU,早盘,5,1138.17
2026-01-27,SHAU,早盘,6,1138.27
2026-01-27,SHAU,早盘,7,1138.22
2026-01-27,SHAU,午盘,1,1143.87
2026-01-26,SHAU,早盘,1,1136.66
2026-01-26,SHAU,早盘,2,1136.76
2026-01-26,SHAU,早盘,3,1136.86
2026-01-26,SHAU,早盘,4,1136.96
2026-01-26,SHAU,早盘,5,1137.06
2026-01-26,SHAU,早盘,6,1137.16
2026-01-26,SHAU,早盘,7,1137.26
2026-01-26,SHAU,早盘,8,1137.36
2026-01-26,SHAU,早盘,9,1137.46
2026-01-26,SHAU,早盘,10,1137.56
2026-01-26,SHAU,早盘,11,1137.66
2026-01-26,SHAU,早盘,12,1137.76
2026-01-26,SHAU,早盘,13,1137.86
2026-01-26,SHAU,早盘,14,1137.96
2026-01-26,SHAU,早盘,15,1138.06
2026-01-26,SHAU,早盘,16,1138.16
2026-01-26,SHAU,早盘,17,1138.26
2026-01-26,SHAU,早盘,18,1138.36
2026-01-26,SHAU,早盘,19,1138.46
2026-01-26,SHAU,早盘,20,1138.56
2026-01-26,SHAU,早盘,21,1138.66
2026-01-26,SHAU,早盘,22,1138.76
2026-01-26,SHAU,早盘,23,1138.86
2026-01-26,SHAU,早盘,24,1138.96
2026-01-26,SHAU,午盘,1,1142.76
2026-01-26,SHAU,午盘,2,1142.66
2026-01-26,SHAU,午盘,3,1142.56
2026-01-26,SHAU,午盘,4,1142.46
2026-01-26,SHAU,午盘,5,1142.36
2026-01-26,SHAU,午盘,6,1142.26
2026-01-26,SHAU,午盘,7,1142.16
2026-01-26,SHAU,午盘,8,1142.06
2026-01-23,SHAU,早盘,1,1109.62
2026-01-23,SHAU,早盘,2,1109.52
2026-01-23,SHAU,早盘,3,1109.42
2026-01-23,SHAU,午盘,1,1110.56
2026-01-22,SHAU,早盘,1,1074.09
2026-01-22,SHAU,午盘,1,1081.37
2026-01-22,SHAU,午盘,2,1081.47
2026-01-22,SHAU,午盘,3,1081.57
2026-01-22,SHAU,午盘,4,1081.67
2026-01-22,SHAU,午盘,5,1081.77
2026-01-22,SHAU,午盘,6,1081.87
2026-01-22,SHAU,午盘,7,1081.97
2026-01-22,SHAU,午盘,8,1082.07
2026-01-22,SHAU,午盘,9,1082.17
2026-01-22,SHAU,午盘,10,1082.27
2026-01-22,SHAU,午盘,11,1082.37
2026-01-22,SHAU,午盘,12,1082.47
2026-01-22,SHAU,午盘,13,1082.57
2026-01-22,SHAU,午盘,14,1082.67
2026-01-22,SHAU,午盘,15,1082.77
2026-01-22,SHAU,午盘,16,1082.87
2026-01-22,SHAU,午盘,17,1082.97
2026-01-21,SHAU,早盘,1,1082.92
2026-01-21,SHAU,早盘,2,1082.82
2026-01-21,SHAU,早盘,3,1082.72
2026-01-21,SHAU,早盘,4,1082.62
2026-01-21,SHAU,早盘,5,1082.52
2026-01-21,SHAU,早盘,6,1082.42
2026-01-21,SHAU,早盘,7,1082.32
2026-01-21,SHAU,早盘,8,1082.22
2026-01-21,SHAU,早盘,9,1082.12
2026-01-21,SHAU,早盘,10,1082.02
2026-01-21,SHAU,早盘,11,1081.92
2026-01-21,SHAU,早盘,12,1081.82
2026-01-21,SHAU,早盘,13,1081.72
2026-01-21,SHAU,早盘,14,1081.62
2026-01-21,SHAU,早盘,15,1081.52
2026-01-21,SHAU,午盘,1,1088.51
2026-01-20,SHAU,早盘,1,1045.19
2026-01-20,SHAU,午盘,1,1055.0
2026-01-19,SHAU,早盘,1,1043.62
2026-01-19,SHAU,午盘,1,1046.27
2026-01-19,SHAU,午盘,2,1046.37
2026-01-19,SHAU,午盘,3,1046.47
2026-01-19,SHAU,午盘,4,1046.57
2026-01-19,SHAU,午盘,5,1046.67
2026-01-19,SHAU,午盘,6,1046.77
2026-01-16,SHAU,早盘,1,1031.13
2026-01-16,SHAU,午盘,1,1030.64
2026-01-16,SHAU,午盘,2,1030.74
2026-01-16,SHAU,午盘,3,1030.84
2026-01-16,SHAU,午盘,4,1030.94
2026-01-16,SHAU,午盘,5,1031.04
2026-01-16,SHAU,午盘,6,1031.14
2026-01-16,SHAU,午盘,7,1031.24
2026-01-16,SHAU,午盘,8,1031.34
2026-01-16,SHAU,午盘,9,1031.44
2026-01-16,SHAU,午盘,10,1031.54
2026-01-16,SHAU,午盘,11,1031.64
2026-01-16,SHAU,午盘,12,1031.74
2026-01-16,SHAU,午盘,13,1031.84
2026-01-16,SHAU,午盘,14,1031.94
2026-01-16,SHAU,午盘,15,1032.04
2026-01-16,SHAU,午盘,16,1032.14
2026-01-16,SHAU,午盘,17,1032.24
2026-01-16,SHAU,午盘,18,1032.34
2026-01-16,SHAU,午盘,19,1032.44
2026-01-15,SHAU,早盘,1,1032.91
2026-01-15,SHAU,早盘,2,1033.01
2026-01-15,SHAU,早盘,3,1033.11
2026-01-15,SHAU,早盘,4,1033.21
2026-01-15,SHAU,早盘,5,1033.31
2026-01-15,SHAU,早盘,6,1033.41
2026-01-15,SHAU,早盘,7,1033.51
2026-01-15,SHAU,早盘,8,1033.61
2026-01-15,SHAU,午盘,1,1032.73
2026-01-14,SHAU,早盘,1,1033.73
2026-01-14,SHAU,午盘,1,1037.25
2026-01-14,SHAU,午盘,2,1037.35
2026-01-14,SHAU,午盘,3,1037.45
2026-01-14,SHAU,午盘,4,1037.55
2026-01-13,SHAU,早盘,1,1025.18
2026-01-13,SHAU,早盘,2,1025.08
2026-01-13,SHAU,早盘,3,1024.98
2026-01-13,SHAU,早盘,4,1024.88
2026-01-13,SHAU,午盘,1,1024.78
2026-01-13,SHAU,午盘,2,1024.88
2026-01-12,SHAU,早盘,1,1019.78
2026-01-12,SHAU,早盘,2,1019.88
2026-01-12,SHAU,早盘,3,1019.98
2026-01-12,SHAU,早盘,4,1020.08
2026-01-12,SHAU,早盘,5,1020.18
2026-01-12,SHAU,早盘,6,1020.28
2026-01-12,SHAU,早盘,7,1020.38
2026-01-12,SHAU,早盘,8,1020.48
2026-01-12,SHAU,早盘,9,1020.58
2026-01-12,SHAU,早盘,10,1020.68
2026-01-12,SHAU,早盘,11,1020.78
2026-01-12,SHAU,早盘,12,1020.88
2026-01-12,SHAU,早盘,13,1020.98
2026-01-12,SHAU,早盘,14,1021.08
2026-01-12,SHAU,早盘,15,1021.18
2026-01-12,SHAU,午盘,1,1023.17
2026-01-12,SHAU,午盘,2,1023.27
2026-01-09,SHAU,早盘,1,1003.49
2026-01-09,SHAU,午盘,1,1003.71
2026-01-08,SHAU,早盘,1,999.71
2026-01-08,SHAU,午盘,1,995.88
2026-01-07,SHAU,早盘,1,1003.82
2026-01-07,SHAU,早盘,2,1003.92
2026-01-07,SHAU,午盘,1,997.08
2026-01-06,SHAU,早盘,1,1001.83
2026-01-06,SHAU,午盘,1,1002.64
2026-01-06,SHAU,午盘,2,1002.74
2026-01-06,SHAU,午盘,3,1002.84
2026-01-05,SHAU,早盘,1,987.54
2026-01-05,SHAU,早盘,2,987.64
2026-01-05,SHAU,早盘,3,987.74
2026-01-05,SHAU,早盘,4,987.84
2026-01-05,SHAU,早盘,5,987.94
2026-01-05,SHAU,早盘,6,988.04
2026-01-05,SHAU,午盘,1,992.86
2026-02-27,SHAU,早盘,1,1146.78
2026-02-27,SHAU,午盘,1,1145.03
2026-02-26,SHAU,早盘,1,1143.95
2026-02-26,SHAU,早盘,2,1143.85
2026-02-26,SHAU,午盘,1,1143.36
2026-02-25,SHAU,早盘,1,1147.79
2026-02-25,SHAU,午盘,1,1147.47
2026-02-24,SHAU,早盘,1,1147.41
2026-02-24,SHAU,午盘,1,1146.73
2026-02-13,SHAU,早盘,1,1109.43
2026-02-13,SHAU,午盘,1,1104.17
2026-02-13,SHAU,午盘,2,1104.27
2026-02-13,SHAU,午盘,3,1104.37
2026-02-13,SHAU,午盘,4,1104.47
2026-02-13,SHAU,午盘,5,1104.57
2026-02-13,SHAU,午盘,6,1104.67
2026-02-12,SHAU,早盘,1,1124.67
2026-02-12,SHAU,早盘,2,1124.77
2026-02-12,SHAU,早盘,3,1124.87
2026-02-12,SHAU,午盘,1,1123.27
2026-02-11,SHAU,早盘,1,1122.55
2026-02-11,SHAU,午盘,1,1125.49
2026-02-11,SHAU,午盘,2,1125.59
2026-02-11,SHAU,午盘,3,1125.69
2026-02-10,SHAU,早盘,1,1121.71
2026-02-10,SHAU,午盘,1,1118.1
2026-02-09,SHAU,早盘,1,1117.58
2026-02-09,SHAU,早盘,2,1117.68
2026-02-09,SHAU,午盘,1,1124.04
2026-02-06,SHAU,早盘,1,1074.67
2026-02-06,SHAU,午盘,1,1085.72
2026-02-05,SHAU,早盘,1,1109.05
2026-02-05,SHAU,早盘,2,1108.95
2026-02-05,SHAU,早盘,3,1108.85
2026-02-05,SHAU,早盘,4,1108.75
2026-02-05,SHAU,早盘,5,1108.65
2026-02-05,SHAU,早盘,6,1108.55
2026-02-05,SHAU,早盘,7,1108.45
2026-02-05,SHAU,早盘,8,1108.35
2026-02-05,SHAU,早盘,9,1108.25
2026-02-05,SHAU,早盘,10,1108.15
2026-02-05,SHAU,早盘,11,1108.05
2026-02-05,SHAU,午盘,1,1100.84
2026-02-05,SHAU,午盘,2,1100.94
2026-02-05,SHAU,午盘,3,1101.04
2026-02-05,SHAU,午盘,4,1101.14
2026-02-05,SHAU,午盘,5,1101.24
2026-02-05,SHAU,午盘,6,1101.34
2026-02-05,SHAU,午盘,7,1101.44
2026-02-05,SHAU,午盘,8,1101.54
2026-02-05,SHAU,午盘,9,1101.64
2026-02-05,SHAU,午盘,10,1101.74
2026-02-05,SHAU,午盘,11,1101.84
2026-02-05,SHAU,午盘,12,1101.94
2026-02-05,SHAU,午盘,13,1102.04
2026-02-05,SHAU,午盘,14,1102.14
2026-02-04,SHAU,早盘,1,1134.24
2026-02-04,SHAU,午盘,1,1137.84
2026-02-04,SHAU,午盘,2,1137.94
2026-02-03,SHAU,早盘,1,1074.47
2026-02-03,SHAU,早盘,2,1074.37
2026-02-03,SHAU,早盘,3,1074.27
2026-02-03,SHAU,早盘,4,1074.17
2026-02-03,SHAU,早盘,5,1074.07
2026-02-03,SHAU,早盘,6,1073.97
2026-02-03,SHAU,早盘,7,1073.87
2026-02-03,SHAU,早盘,8,1073.77
2026-02-03,SHAU,早盘,9,1073.67
2026-02-03,SHAU,午盘,1,1089.63
2026-02-03,SHAU,午盘,2,1089.73
2026-02-03,SHAU,午盘,3,1089.83
2026-02-03,SHAU,午盘,4,1089.93
2026-02-02,SHAU,早盘,1,1062.62
2026-02-02,SHAU,早盘,2,1062.72
2026-02-02,SHAU,早盘,3,1062.82
2026-02-02,SHAU,早盘,4,1062.92
2026-02-02,SHAU,早盘,5,1063.02
2026-02-02,SHAU,早盘,6,1063.12
2026-02-02,SHAU,早盘,7,1063.22
2026-02-02,SHAU,午盘,1,1011.14
2026-03-31,SHAU,早盘,1,1025.38
2026-03-31,SHAU,早盘,2,1025.28
2026-03-31,SHAU,早盘,3,1025.18
2026-03-31,SHAU,早盘,4,1025.08
2026-03-31,SHAU,早盘,5,1024.98
2026-03-31,SHAU,早盘,6,1024.88
2026-03-31,SHAU,早盘,7,1024.78
2026-03-31,SHAU,早盘,8,1024.68
2026-03-31,SHAU,早盘,9,1024.58
2026-03-31,SHAU,早盘,10,1024.48
2026-03-31,SHAU,早盘,11,1024.38
2026-03-31,SHAU,早盘,12,1024.28
2026-03-31,SHAU,早盘,13,1024.18
2026-03-31,SHAU,早盘,14,1024.08
2026-03-31,SHAU,早盘,15,1023.98
2026-03-31,SHAU,早盘,16,1023.88
2026-03-31,SHAU,早盘,17,1023.78
2026-03-31,SHAU,早盘,18,1023.68
2026-03-31,SHAU,早盘,19,1023.58
2026-03-31,SHAU,早盘,20,1023.48
2026-03-31,SHAU,早盘,21,1023.38
2026-03-31,SHAU,早盘,22,1023.28
2026-03-31,SHAU,早盘,23,1023.18
2026-03-31,SHAU,早盘,24,1023.08
2026-03-31,SHAU,早盘,25,1022.98
2026-03-31,SHAU,早盘,26,1022.88
2026-03-31,SHAU,早盘,27,1022.78
2026-03-31,SHAU,午盘,1,1016.94
2026-03-30,SHAU,早盘,1,999.56
2026-03-30,SHAU,午盘,1,1012.43
2026-03-30,SHAU,午盘,2,1012.33
2026-03-30,SHAU,午盘,3,1012.23
2026-03-30,SHAU,午盘,4,1012.13
2026-03-30,SHAU,午盘,5,1012.03
2026-03-30,SHAU,午盘,6,1011.93
2026-03-30,SHAU,午盘,7,1011.83
2026-03-30,SHAU,午盘,8,1011.73
2026-03-30,SHAU,午盘,9,1011.63
2026-03-30,SHAU,午盘,10,1011.53
2026-03-30,SHAU,午盘,11,1011.43
2026-03-27,SHAU,早盘,1,989.64
2026-03-27,SHAU,午盘,1,995.34
2026-03-26,SHAU,早盘,1,1009.29
2026-03-26,SHAU,早盘,2,1009.39
2026-03-26,SHAU,午盘,1,991.99
2026-03-26,SHAU,午盘,2,992.09
2026-03-25,SHAU,早盘,1,1018.51
2026-03-25,SHAU,早盘,2,1018.61
2026-03-25,SHAU,早盘,3,1018.71
2026-03-25,SHAU,早盘,4,1018.81
2026-03-25,SHAU,早盘,5,1018.91
2026-03-25,SHAU,早盘,6,1019.01
2026-03-25,SHAU,早盘,7,1019.11
2026-03-25,SHAU,早盘,8,1019.21
2026-03-25,SHAU,早盘,9,1019.31
2026-03-25,SHAU,早盘,10,1019.41
2026-03-25,SHAU,早盘,11,1019.51
2026-03-25,SHAU,午盘,1,1010.54
2026-03-25,SHAU,午盘,2,1010.64
2026-03-25,SHAU,午盘,3,1010.74
2026-03-25,SHAU,午盘,4,1010.84
2026-03-25,SHAU,午盘,5,1010.94
2026-03-25,SHAU,午盘,6,1011.04
2026-03-25,SHAU,午盘,7,1011.14
2026-03-25,SHAU,午盘,8,1011.24
2026-03-25,SHAU,午盘,9,1011.34
2026-03-25,SHAU,午盘,10,1011.44
2026-03-25,SHAU,午盘,11,1011.54
2026-03-25,SHAU,午盘,12,1011.64
2026-03-25,SHAU,午盘,13,1011.74
2026-03-25,SHAU,午盘,14,1011.84
2026-03-25,SHAU,午盘,15,1011.94
2026-03-25,SHAU,午盘,16,1012.04
2026-03-25,SHAU,午盘,17,1012.14
2026-03-25,SHAU,午盘,18,1012.24
2026-03-25,SHAU,午盘,19,1012.34
2026-03-25,SHAU,午盘,20,1012.44
2026-03-25,SHAU,午盘,21,1012.54
2026-03-25,SHAU,午盘,22,1012.64
2026-03-25,SHAU,午盘,23,1012.74
2026-03-25,SHAU,午盘,24,1012.84
2026-03-25,SHAU,午盘,25,1012.94
2026-03-25,SHAU,午盘,26,1013.04
2026-03-25,SHAU,午盘,27,1013.14
2026-03-25,SHAU,午盘,28,1013.24
2026-03-25,SHAU,午盘,29,1013.34
2026-03-25,SHAU,午盘,30,1013.44
2026-03-25,SHAU,午盘,31,1013.54
2026-03-25,SHAU,午盘,32,1013.64
2026-03-25,SHAU,午盘,33,1013.74
2026-03-25,SHAU,午盘,34,1013.84
2026-03-25,SHAU,午盘,35,1013.94
2026-03-25,SHAU,午盘,36,1014.04
2026-03-25,SHAU,午盘,37,1014.14
2026-03-24,SHAU,早盘,1,958.72
2026-03-24,SHAU,早盘,2,958.62
2026-03-24,SHAU,午盘,1,974.22
2026-03-24,SHAU,午盘,2,974.32
2026-03-24,SHAU,午盘,3,974.42
2026-03-24,SHAU,午盘,4,974.52
2026-03-24,SHAU,午盘,5,974.62
2026-03-24,SHAU,午盘,6,974.72
2026-03-24,SHAU,午盘,7,974.82
2026-03-24,SHAU,午盘,8,974.92
2026-03-24,SHAU,午盘,9,975.02
2026-03-24,SHAU,午盘,10,975.12
2026-03-24,SHAU,午盘,11,975.22
2026-03-24,SHAU,午盘,12,975.32
2026-03-24,SHAU,午盘,13,975.42
2026-03-24,SHAU,午盘,14,975.52
2026-03-24,SHAU,午盘,15,975.62
2026-03-24,SHAU,午盘,16,975.72
2026-03-24,SHAU,午盘,17,975.82
2026-03-24,SHAU,午盘,18,975.92
2026-03-24,SHAU,午盘,19,976.02
2026-03-24,SHAU,午盘,20,976.12
2026-03-24,SHAU,午盘,21,976.22
2026-03-24,SHAU,午盘,22,976.32
2026-03-24,SHAU,午盘,23,976.42
2026-03-24,SHAU,午盘,24,976.52
2026-03-24,SHAU,午盘,25,976.62
2026-03-24,SHAU,午盘,26,976.72
2026-03-24,SHAU,午盘,27,976.82
2026-03-24,SHAU,午盘,28,976.92
2026-03-24,SHAU,午盘,29,977.02
2026-03-23,SHAU,早盘,1,982.63
2026-03-23,SHAU,午盘,1,939.28
2026-03-23,SHAU,午盘,2,939.18
2026-03-23,SHAU,午盘,3,939.08
2026-03-23,SHAU,午盘,4,938.98
2026-03-23,SHAU,午盘,5,938.88
2026-03-23,SHAU,午盘,6,938.78
2026-03-23,SHAU,午盘,7,938.68
2026-03-23,SHAU,午盘,8,938.58
2026-03-20,SHAU,早盘,1,1044.04
2026-03-20,SHAU,午盘,1,1037.82
2026-03-20,SHAU,午盘,2,1037.92
2026-03-20,SHAU,午盘,3,1038.02
2026-03-20,SHAU,午盘,4,1038.12
2026-03-20,SHAU,午盘,5,1038.22
2026-03-20,SHAU,午盘,6,1038.32
2026-03-20,SHAU,午盘,7,1038.42
2026-03-20,SHAU,午盘,8,1038.52
2026-03-19,SHAU,早盘,1,1080.3
2026-03-19,SHAU,午盘,1,1058.65
2026-03-19,SHAU,午盘,2,1058.75
2026-03-19,SHAU,午盘,3,1058.95
2026-03-19,SHAU,午盘,4,1059.05
2026-03-19,SHAU,午盘,5,1059.15
2026-03-19,SHAU,午盘,6,1059.25
2026-03-19,SHAU,午盘,7,1059.35
2026-03-19,SHAU,午盘,8,1059.45
2026-03-19,SHAU,午盘,9,1059.55
2026-03-19,SHAU,午盘,10,1059.65
2026-03-19,SHAU,午盘,11,1059.75
2026-03-19,SHAU,午盘,12,1059.85
2026-03-19,SHAU,午盘,13,1059.95
2026-03-19,SHAU,午盘,14,1060.05
2026-03-19,SHAU,午盘,15,1060.15
2026-03-19,SHAU,午盘,16,1060.25
2026-03-19,SHAU,午盘,17,1060.35
2026-03-19,SHAU,午盘,18,1060.45
2026-03-19,SHAU,午盘,19,1060.55
2026-03-19,SHAU,午盘,20,1060.65
2026-03-19,SHAU,午盘,21,1060.75
2026-03-19,SHAU,午盘,22,1060.85
2026-03-19,SHAU,午盘,23,1060.95
2026-03-19,SHAU,午盘,24,1061.05
2026-03-19,SHAU,午盘,25,1061.15
2026-03-19,SHAU,午盘,26,1061.25
2026-03-19,SHAU,午盘,27,1061.35
2026-03-18,SHAU,早盘,1,1111.53
2026-03-18,SHAU,午盘,1,1112.41
2026-03-17,SHAU,早盘,1,1115.87
2026-03-17,SHAU,午盘,1,1114.86
2026-03-16,SHAU,早盘,1,1117.0
2026-03-16,SHAU,午盘,1,1116.57
2026-03-16,SHAU,午盘,2,1116.67
2026-03-16,SHAU,午盘,3,1116.77
2026-03-16,SHAU,午盘,4,1116.87
2026-03-16,SHAU,午盘,5,1116.97
2026-03-16,SHAU,午盘,6,1117.07
2026-03-16,SHAU,午盘,7,1117.17
2026-03-13,SHAU,早盘,1,1138.89
2026-03-13,SHAU,午盘,1,1131.73
2026-03-12,SHAU,早盘,1,1147.18
2026-03-12,SHAU,午盘,1,1146.31
2026-03-11,SHAU,早盘,1,1151.22
2026-03-11,SHAU,午盘,1,1149.72
2026-03-11,SHAU,午盘,2,1149.82
2026-03-11,SHAU,午盘,3,1149.92
2026-03-10,SHAU,早盘,1,1149.06
2026-03-10,SHAU,早盘,2,1148.96
2026-03-10,SHAU,午盘,1,1147.94
2026-03-09,SHAU,早盘,1,1138.34
2026-03-09,SHAU,早盘,2,1138.44
2026-03-09,SHAU,午盘,1,1138.67
2026-03-09,SHAU,午盘,2,1138.57
2026-03-09,SHAU,午盘,3,1138.47
2026-03-09,SHAU,午盘,4,1138.37
2026-03-09,SHAU,午盘,5,1138.27
2026-03-09,SHAU,午盘,6,1138.17
2026-03-09,SHAU,午盘,7,1138.07
2026-03-09,SHAU,午盘,8,1137.97
2026-03-06,SHAU,早盘,1,1143.07
2026-03-06,SHAU,午盘,1,1139.95
2026-03-05,SHAU,早盘,1,1150.34
2026-03-05,SHAU,午盘,1,1148.76
2026-03-04,SHAU,早盘,1,1158.21
2026-03-04,SHAU,早盘,2,1158.31
2026-03-04,SHAU,早盘,3,1158.41
2026-03-04,SHAU,午盘,1,1149.96
2026-03-04,SHAU,午盘,2,1150.06
2026-03-04,SHAU,午盘,3,1150.16
2026-03-04,SHAU,午盘,4,1150.26
2026-03-04,SHAU,午盘,5,1150.36
2026-03-04,SHAU,午盘,6,1150.46
2026-03-04,SHAU,午盘,7,1150.56
2026-03-04,SHAU,午盘,8,1150.66
2026-03-04,SHAU,午盘,9,1150.76
2026-03-04,SHAU,午盘,10,1150.86
2026-03-04,SHAU,午盘,11,1150.96
2026-03-04,SHAU,午盘,12,1151.06
2026-03-04,SHAU,午盘,13,1151.16
2026-03-04,SHAU,午盘,14,1151.26
2026-03-03,SHAU,早盘,1,1187.3
2026-03-03,SHAU,午盘,1,1178.29
2026-03-03,SHAU,午盘,2,1178.39
2026-03-03,SHAU,午盘,3,1178.49
2026-03-03,SHAU,午盘,4,1178.59
2026-03-03,SHAU,午盘,5,1178.69
2026-03-03,SHAU,午盘,6,1178.79
2026-03-03,SHAU,午盘,7,1178.89
2026-03-03,SHAU,午盘,8,1178.99
2026-03-03,SHAU,午盘,9,1179.09
2026-03-03,SHAU,午盘,10,1179.19
2026-03-03,SHAU,午盘,11,1179.29
2026-03-03,SHAU,午盘,12,1179.39
2026-03-03,SHAU,午盘,13,1179.49
2026-03-03,SHAU,午盘,14,1179.59
2026-03-03,SHAU,午盘,15,1179.69
2026-03-03,SHAU,午盘,16,1179.79
2026-03-03,SHAU,午盘,17,1179.89
2026-03-03,SHAU,午盘,18,1179.99
2026-03-03,SHAU,午盘,19,1180.09
2026-03-03,SHAU,午盘,20,1180.19
2026-03-03,SHAU,午盘,21,1180.29
2026-03-03,SHAU,午盘,22,1180.39
2026-03-03,SHAU,午盘,23,1180.49
2026-03-03,SHAU,午盘,24,1180.59
2026-03-03,SHAU,午盘,25,1180.69
2026-03-03,SHAU,午盘,26,1180.79
2026-03-03,SHAU,午盘,27,1180.89
2026-03-02,SHAU,早盘,1,1177.91
2026-03-02,SHAU,早盘,2,1178.01
2026-03-02,SHAU,早盘,3,1178.11
2026-03-02,SHAU,早盘,4,1178.21
2026-03-02,SHAU,早盘,5,1178.31
2026-03-02,SHAU,早盘,6,1178.41
2026-03-02,SHAU,午盘,1,1194.07
2026-04-30,SHAU,早盘,1,1010.97
2026-04-30,SHAU,午盘,1,1013.26
2026-04-30,SHAU,午盘,2,1013.36
2026-04-29,SHAU,早盘,1,1014.37
2026-04-29,SHAU,午盘,1,1010.5
2026-04-28,SHAU,早盘,1,1029.98
2026-04-28,SHAU,早盘,2,1030.08
2026-04-28,SHAU,早盘,3,1030.18
2026-04-28,SHAU,早盘,4,1030.28
2026-04-28,SHAU,早盘,5,1030.38
2026-04-28,SHAU,早盘,6,1030.48
2026-04-28,SHAU,午盘,1,1020.57
2026-04-28,SHAU,午盘,2,1020.67
2026-04-28,SHAU,午盘,3,1020.77
2026-04-28,SHAU,午盘,4,1020.87
2026-04-28,SHAU,午盘,5,1020.97
2026-04-28,SHAU,午盘,6,1021.07
2026-04-28,SHAU,午盘,7,1021.17
2026-04-28,SHAU,午盘,8,1021.27
2026-04-28,SHAU,午盘,9,1021.37
2026-04-28,SHAU,午盘,10,1021.47
2026-04-28,SHAU,午盘,11,1021.57
2026-04-27,SHAU,早盘,1,1034.9
2026-04-27,SHAU,午盘,1,1037.69
2026-04-24,SHAU,早盘,1,1035.19
2026-04-24,SHAU,午盘,1,1030.62
2026-04-23,SHAU,早盘,1,1038.11
2026-04-23,SHAU,早盘,2,1038.01
2026-04-23,SHAU,早盘,3,1037.91
2026-04-23,SHAU,早盘,4,1037.96
2026-04-23,SHAU,午盘,1,1038.58
2026-04-22,SHAU,早盘,1,1045.97
2026-04-22,SHAU,早盘,2,1046.07
2026-04-22,SHAU,午盘,1,1048.83
2026-04-22,SHAU,午盘,2,1048.93
2026-04-21,SHAU,早盘,1,1054.76
2026-04-21,SHAU,午盘,1,1049.29
2026-04-20,SHAU,早盘,1,1054.27
2026-04-20,SHAU,早盘,2,1054.17
2026-04-20,SHAU,早盘,3,1054.07
2026-04-20,SHAU,早盘,4,1053.97
2026-04-20,SHAU,午盘,1,1051.46
2026-04-20,SHAU,午盘,2,1051.56
2026-04-20,SHAU,午盘,3,1051.66
2026-04-20,SHAU,午盘,4,1051.76
2026-04-20,SHAU,午盘,5,1051.86
2026-04-20,SHAU,午盘,6,1051.96
2026-04-20,SHAU,午盘,7,1052.06
2026-04-20,SHAU,午盘,8,1052.16
2026-04-20,SHAU,午盘,9,1052.26
2026-04-20,SHAU,午盘,10,1052.36
2026-04-17,SHAU,早盘,1,1052.29
2026-04-17,SHAU,午盘,1,1051.22
2026-04-16,SHAU,早盘,1,1057.8
2026-04-16,SHAU,午盘,1,1058.62
2026-04-15,SHAU,早盘,1,1063.2
2026-04-15,SHAU,早盘,2,1063.1
2026-04-15,SHAU,早盘,3,1063.0
2026-04-15,SHAU,早盘,4,1062.9
2026-04-15,SHAU,早盘,5,1062.8
2026-04-15,SHAU,早盘,6,1062.7
2026-04-15,SHAU,早盘,7,1062.6
2026-04-15,SHAU,早盘,8,1062.5
2026-04-15,SHAU,早盘,9,1062.4
2026-04-15,SHAU,早盘,10,1062.3
2026-04-15,SHAU,早盘,11,1062.2
2026-04-15,SHAU,早盘,12,1062.1
2026-04-15,SHAU,早盘,13,1062.0
2026-04-15,SHAU,早盘,14,1061.9
2026-04-15,SHAU,早盘,15,1061.8
2026-04-15,SHAU,早盘,16,1061.7
2026-04-15,SHAU,早盘,17,1061.6
2026-04-15,SHAU,早盘,18,1061.5
2026-04-15,SHAU,早盘,19,1061.4
2026-04-15,SHAU,早盘,20,1061.3
2026-04-15,SHAU,早盘,21,1061.2
2026-04-15,SHAU,早盘,22,1061.1
2026-04-15,SHAU,早盘,23,1061.0
2026-04-15,SHAU,早盘,24,1060.9
2026-04-15,SHAU,早盘,25,1060.8
2026-04-15,SHAU,早盘,26,1060.7
2026-04-15,SHAU,早盘,27,1060.6
2026-04-15,SHAU,早盘,28,1060.5
2026-04-15,SHAU,早盘,29,1060.4
2026-04-15,SHAU,早盘,30,1060.3
2026-04-15,SHAU,早盘,31,1060.2
2026-04-15,SHAU,早盘,32,1060.1
2026-04-15,SHAU,午盘,1,1056.29
2026-04-15,SHAU,午盘,2,1056.19
2026-04-15,SHAU,午盘,3,1056.09
2026-04-15,SHAU,午盘,4,1055.99
2026-04-15,SHAU,午盘,5,1055.89
2026-04-15,SHAU,午盘,6,1055.79
2026-04-15,SHAU,午盘,7,1055.69
2026-04-15,SHAU,午盘,8,1055.59
2026-04-15,SHAU,午盘,9,1055.49
2026-04-15,SHAU,午盘,10,1055.39
2026-04-14,SHAU,早盘,1,1048.24
2026-04-14,SHAU,午盘,1,1048.99
2026-04-14,SHAU,午盘,2,1049.09
2026-04-14,SHAU,午盘,3,1049.19
2026-04-14,SHAU,午盘,4,1049.29
2026-04-14,SHAU,午盘,5,1049.39
2026-04-14,SHAU,午盘,6,1049.49
2026-04-14,SHAU,午盘,7,1049.59
2026-04-14,SHAU,午盘,8,1049.69
2026-04-14,SHAU,午盘,9,1049.79
2026-04-14,SHAU,午盘,10,1049.89
2026-04-14,SHAU,午盘,11,1049.99
2026-04-14,SHAU,午盘,12,1050.09
2026-04-14,SHAU,午盘,13,1050.19
2026-04-14,SHAU,午盘,14,1050.29
2026-04-14,SHAU,午盘,15,1050.39
2026-04-14,SHAU,午盘,16,1050.49
2026-04-13,SHAU,早盘,1,1040.66
2026-04-13,SHAU,早盘,2,1040.56
2026-04-13,SHAU,早盘,3,1040.46
2026-04-13,SHAU,午盘,1,1040.48
2026-04-13,SHAU,午盘,2,1040.58
2026-04-13,SHAU,午盘,3,1040.68
2026-04-13,SHAU,午盘,4,1040.78
2026-04-13,SHAU,午盘,5,1040.88
2026-04-13,SHAU,午盘,6,1040.98
2026-04-13,SHAU,午盘,7,1041.08
2026-04-13,SHAU,午盘,8,1041.18
2026-04-13,SHAU,午盘,9,1041.28
2026-04-13,SHAU,午盘,10,1041.38
2026-04-13,SHAU,午盘,11,1041.48
2026-04-13,SHAU,午盘,12,1041.58
2026-04-10,SHAU,早盘,1,1048.11
2026-04-10,SHAU,早盘,2,1048.01
2026-04-10,SHAU,早盘,3,1047.91
2026-04-10,SHAU,早盘,4,1047.81
2026-04-10,SHAU,早盘,5,1047.71
2026-04-10,SHAU,早盘,6,1047.61
2026-04-10,SHAU,早盘,7,1047.51
2026-04-10,SHAU,早盘,8,1047.41
2026-04-10,SHAU,早盘,9,1047.31
2026-04-10,SHAU,早盘,10,1047.21
2026-04-10,SHAU,早盘,11,1047.11
2026-04-10,SHAU,早盘,12,1047.01
2026-04-10,SHAU,早盘,13,1046.91
2026-04-10,SHAU,早盘,14,1046.81
2026-04-10,SHAU,早盘,15,1046.71
2026-04-10,SHAU,早盘,16,1046.61
2026-04-10,SHAU,早盘,17,1046.51
2026-04-10,SHAU,早盘,18,1046.41
2026-04-10,SHAU,早盘,19,1046.31
2026-04-10,SHAU,早盘,20,1046.21
2026-04-10,SHAU,早盘,21,1046.11
2026-04-10,SHAU,早盘,22,1046.01
2026-04-10,SHAU,早盘,23,1045.91
2026-04-10,SHAU,午盘,1,1045.68
2026-04-09,SHAU,早盘,1,1041.78
2026-04-09,SHAU,早盘,2,1041.68
2026-04-09,SHAU,午盘,1,1038.52
2026-04-08,SHAU,早盘,1,1059.8
2026-04-08,SHAU,早盘,2,1059.7
2026-04-08,SHAU,早盘,3,1059.6
2026-04-08,SHAU,早盘,4,1059.5
2026-04-08,SHAU,早盘,5,1059.4
2026-04-08,SHAU,午盘,1,1060.14
2026-04-08,SHAU,午盘,2,1060.04
2026-04-08,SHAU,午盘,3,1059.94
2026-04-08,SHAU,午盘,4,1059.84
2026-04-08,SHAU,午盘,5,1059.74
2026-04-08,SHAU,午盘,6,1059.64
2026-04-08,SHAU,午盘,7,1059.54
2026-04-08,SHAU,午盘,8,1059.44
2026-04-08,SHAU,午盘,9,1059.34
2026-04-08,SHAU,午盘,10,1059.24
2026-04-08,SHAU,午盘,11,1059.14
2026-04-08,SHAU,午盘,12,1059.04
2026-04-08,SHAU,午盘,13,1058.94
2026-04-08,SHAU,午盘,14,1058.84
2026-04-07,SHAU,早盘,1,1028.15
2026-04-07,SHAU,早盘,2,1028.05
2026-04-07,SHAU,早盘,3,1027.95
2026-04-07,SHAU,早盘,4,1027.85
2026-04-07,SHAU,早盘,5,1027.75
2026-04-07,SHAU,午盘,1,1031.14
2026-04-03,SHAU,早盘,1,1030.93
2026-04-03,SHAU,午盘,1,1029.74
2026-04-03,SHAU,午盘,2,1029.84
2026-04-03,SHAU,午盘,3,1029.94
2026-04-03,SHAU,午盘,4,1030.04
2026-04-03,SHAU,午盘,5,1030.14
2026-04-03,SHAU,午盘,6,1030.24
2026-04-03,SHAU,午盘,7,1030.34
2026-04-03,SHAU,午盘,8,1030.44
2026-04-03,SHAU,午盘,9,1030.54
2026-04-03,SHAU,午盘,10,1030.64
2026-04-03,SHAU,午盘,11,1030.74
2026-04-03,SHAU,午盘,12,1030.84
2026-04-03,SHAU,午盘,13,1030.94
2026-04-03,SHAU,午盘,14,1031.04
2026-04-03,SHAU,午盘,15,1031.14
2026-04-03,SHAU,午盘,16,1031.24
2026-04-03,SHAU,午盘,17,1031.34
2026-04-03,SHAU,午盘,18,1031.44
2026-04-03,SHAU,午盘,19,1031.54
2026-04-03,SHAU,午盘,20,1031.64
2026-04-03,SHAU,午盘,21,1031.74
2026-04-03,SHAU,午盘,22,1031.84
2026-04-03,SHAU,午盘,23,1031.94
2026-04-03,SHAU,午盘,24,1032.04
2026-04-02,SHAU,早盘,1,1041.68
2026-04-02,SHAU,午盘,1,1021.3
2026-04-01,SHAU,早盘,1,1042.26
2026-04-01,SHAU,午盘,1,1048.62
2026-05-29,SHAU,早盘,1,982.78
2026-05-29,SHAU,午盘,1,985.98
2026-05-28,SHAU,早盘,1,963.34
2026-05-28,SHAU,早盘,2,963.24
2026-05-28,SHAU,早盘,3,963.14
2026-05-28,SHAU,午盘,1,958.52
2026-05-28,SHAU,午盘,2,958.62
2026-05-28,SHAU,午盘,3,958.72
2026-05-28,SHAU,午盘,4,958.82
2026-05-27,SHAU,早盘,1,985.21
2026-05-27,SHAU,午盘,1,981.19
2026-05-26,SHAU,早盘,1,993.42
2026-05-26,SHAU,早盘,2,993.32
2026-05-26,SHAU,午盘,1,991.92
2026-05-25,SHAU,早盘,1,998.61
2026-05-25,SHAU,早盘,2,998.51
2026-05-25,SHAU,早盘,3,998.41
2026-05-25,SHAU,早盘,4,998.31
2026-05-25,SHAU,早盘,5,998.21
2026-05-25,SHAU,早盘,6,998.11
2026-05-25,SHAU,早盘,7,998.01
2026-05-25,SHAU,早盘,8,997.91
2026-05-25,SHAU,早盘,9,997.81
2026-05-25,SHAU,早盘,10,997.71
2026-05-25,SHAU,午盘,1,997.15
2026-05-25,SHAU,午盘,2,997.25
2026-05-25,SHAU,午盘,3,997.35
2026-05-25,SHAU,午盘,4,997.45
2026-05-25,SHAU,午盘,5,997.55
2026-05-25,SHAU,午盘,6,997.65
2026-05-25,SHAU,午盘,7,997.75
2026-05-25,SHAU,午盘,8,997.85
2026-05-22,SHAU,早盘,1,992.7
2026-05-22,SHAU,早盘,2,992.8
2026-05-22,SHAU,午盘,1,992.31
2026-05-21,SHAU,早盘,1,998.7
2026-05-21,SHAU,早盘,2,998.6
2026-05-21,SHAU,早盘,3,998.5
2026-05-21,SHAU,早盘,4,998.4
2026-05-21,SHAU,早盘,5,998.3
2026-05-21,SHAU,早盘,6,998.2
2026-05-21,SHAU,早盘,7,998.1
2026-05-21,SHAU,早盘,8,998.0
2026-05-21,SHAU,午盘,1,992.5
2026-05-20,SHAU,早盘,1,984.88
2026-05-20,SHAU,午盘,1,983.69
2026-05-19,SHAU,早盘,1,999.82
2026-05-19,SHAU,早盘,2,999.72
2026-05-19,SHAU,午盘,1,998.07
2026-05-18,SHAU,早盘,1,997.01
2026-05-18,SHAU,早盘,2,997.11
2026-05-18,SHAU,早盘,3,997.21
2026-05-18,SHAU,早盘,4,997.31
2026-05-18,SHAU,早盘,5,997.41
2026-05-18,SHAU,早盘,6,997.51
2026-05-18,SHAU,早盘,7,997.61
2026-05-18,SHAU,午盘,1,998.15
2026-05-18,SHAU,午盘,2,998.25
2026-05-18,SHAU,午盘,3,998.35
2026-05-18,SHAU,午盘,4,998.45
2026-05-18,SHAU,午盘,5,998.55
2026-05-15,SHAU,早盘,1,1011.92
2026-05-15,SHAU,早盘,2,1011.82
2026-05-15,SHAU,早盘,3,1011.72
2026-05-15,SHAU,早盘,4,1011.62
2026-05-15,SHAU,午盘,1,1003.05
2026-05-14,SHAU,早盘,1,1026.09
2026-05-14,SHAU,早盘,2,1025.99
2026-05-14,SHAU,午盘,1,1027.51
2026-05-13,SHAU,早盘,1,1028.9
2026-05-13,SHAU,早盘,2,1029.0
2026-05-13,SHAU,午盘,1,1029.29
2026-05-12,SHAU,早盘,1,1035.03
2026-05-12,SHAU,午盘,1,1028.92
2026-05-11,SHAU,早盘,1,1026.93
2026-05-11,SHAU,午盘,1,1025.56
2026-05-08,SHAU,早盘,1,1037.22
2026-05-08,SHAU,早盘,2,1037.12
2026-05-08,SHAU,早盘,3,1037.02
2026-05-08,SHAU,早盘,4,1036.92
2026-05-08,SHAU,早盘,5,1036.82
2026-05-08,SHAU,早盘,6,1036.72
2026-05-08,SHAU,早盘,7,1036.62
2026-05-08,SHAU,早盘,8,1036.52
2026-05-08,SHAU,早盘,9,1036.42
2026-05-08,SHAU,早盘,10,1036.32
2026-05-08,SHAU,早盘,11,1036.22
2026-05-08,SHAU,早盘,12,1036.12
2026-05-08,SHAU,午盘,1,1036.61
2026-05-08,SHAU,午盘,2,1036.51
2026-05-08,SHAU,午盘,3,1036.41
2026-05-08,SHAU,午盘,4,1036.31
2026-05-08,SHAU,午盘,5,1036.21
2026-05-08,SHAU,午盘,6,1036.11
2026-05-07,SHAU,早盘,1,1034.76
2026-05-07,SHAU,早盘,2,1034.66
2026-05-07,SHAU,早盘,3,1034.56
2026-05-07,SHAU,早盘,4,1034.46
2026-05-07,SHAU,早盘,5,1034.36
2026-05-07,SHAU,早盘,6,1034.26
2026-05-07,SHAU,早盘,7,1034.16
2026-05-07,SHAU,早盘,8,1034.06
2026-05-07,SHAU,早盘,9,1033.96
2026-05-07,SHAU,早盘,10,1033.86
2026-05-07,SHAU,早盘,11,1033.76
2026-05-07,SHAU,早盘,12,1033.66
2026-05-07,SHAU,早盘,13,1033.56
2026-05-07,SHAU,早盘,14,1033.46
2026-05-07,SHAU,早盘,15,1033.36
2026-05-07,SHAU,早盘,16,1033.26
2026-05-07,SHAU,早盘,17,1033.16
2026-05-07,SHAU,早盘,18,1033.06
2026-05-07,SHAU,早盘,19,1032.96
2026-05-07,SHAU,早盘,20,1032.86
2026-05-07,SHAU,早盘,21,1032.76
2026-05-07,SHAU,早盘,22,1032.66
2026-05-07,SHAU,早盘,23,1032.56
2026-05-07,SHAU,早盘,24,1032.46
2026-05-07,SHAU,早盘,25,1032.36
2026-05-07,SHAU,午盘,1,1038.9
2026-05-06,SHAU,早盘,1,1019.48
2026-05-06,SHAU,午盘,1,1026.44
2026-06-30,SHAU,早盘,1,864.51
2026-06-30,SHAU,午盘,1,879.06
2026-06-29,SHAU,早盘,1,888.54
2026-06-29,SHAU,午盘,1,887.07
2026-06-29,SHAU,午盘,2,886.97
2026-06-29,SHAU,午盘,3,886.87
2026-06-26,SHAU,早盘,1,877.78
2026-06-26,SHAU,午盘,1,880.31
2026-06-26,SHAU,午盘,2,880.41
2026-06-26,SHAU,午盘,3,880.51
2026-06-26,SHAU,午盘,4,880.61
2026-06-26,SHAU,午盘,5,880.71
2026-06-25,SHAU,早盘,1,868.85
2026-06-25,SHAU,早盘,2,868.95
2026-06-25,SHAU,早盘,3,869.05
2026-06-25,SHAU,早盘,4,869.15
2026-06-25,SHAU,早盘,5,869.25
2026-06-25,SHAU,早盘,6,869.35
2026-06-25,SHAU,早盘,7,869.45
2026-06-25,SHAU,早盘,8,869.55
2026-06-25,SHAU,早盘,9,869.65
2026-06-25,SHAU,午盘,1,870.76
2026-06-25,SHAU,午盘,2,870.66
2026-06-25,SHAU,午盘,3,870.56
2026-06-25,SHAU,午盘,4,870.46
2026-06-25,SHAU,午盘,5,870.36
2026-06-24,SHAU,早盘,1,890.87
2026-06-24,SHAU,早盘,2,890.77
2026-06-24,SHAU,早盘,3,890.67
2026-06-24,SHAU,早盘,4,890.57
2026-06-24,SHAU,早盘,5,890.47
2026-06-24,SHAU,早盘,6,890.37
2026-06-24,SHAU,早盘,7,890.27
2026-06-24,SHAU,早盘,8,890.17
2026-06-24,SHAU,早盘,9,890.07
2026-06-24,SHAU,午盘,1,894.82
2026-06-23,SHAU,早盘,1,904.19
2026-06-23,SHAU,早盘,2,904.29
2026-06-23,SHAU,早盘,3,904.39
2026-06-23,SHAU,早盘,4,904.49
2026-06-23,SHAU,早盘,5,904.59
2026-06-23,SHAU,早盘,6,904.69
2026-06-23,SHAU,早盘,7,904.79
2026-06-23,SHAU,早盘,8,904.89
2026-06-23,SHAU,早盘,9,904.99
2026-06-23,SHAU,早盘,10,905.09
2026-06-23,SHAU,早盘,11,905.19
2026-06-23,SHAU,早盘,12,905.29
2026-06-23,SHAU,早盘,13,905.39
2026-06-23,SHAU,早盘,14,905.49
2026-06-23,SHAU,早盘,15,905.59
2026-06-23,SHAU,早盘,16,905.69
2026-06-23,SHAU,早盘,17,905.79
2026-06-23,SHAU,早盘,18,905.89
2026-06-23,SHAU,早盘,19,905.99
2026-06-23,SHAU,早盘,20,906.09
2026-06-23,SHAU,早盘,21,906.19
2026-06-23,SHAU,午盘,1,897.42
2026-06-23,SHAU,午盘,2,897.32
2026-06-22,SHAU,早盘,1,911.75
2026-06-22,SHAU,早盘,2,911.65
2026-06-22,SHAU,早盘,3,911.55
2026-06-22,SHAU,早盘,4,911.45
2026-06-22,SHAU,午盘,1,916.28
2026-06-22,SHAU,午盘,2,916.18
2026-06-22,SHAU,午盘,3,916.08
2026-06-22,SHAU,午盘,4,915.98
2026-06-22,SHAU,午盘,5,915.88
2026-06-22,SHAU,午盘,6,915.78
2026-06-22,SHAU,午盘,7,915.68
2026-06-18,SHAU,早盘,1,940.2
2026-06-18,SHAU,早盘,2,940.3
2026-06-18,SHAU,早盘,3,940.4
2026-06-18,SHAU,早盘,4,940.5
2026-06-18,SHAU,早盘,5,940.6
2026-06-18,SHAU,午盘,1,935.38
2026-06-18,SHAU,午盘,2,935.48
2026-06-18,SHAU,午盘,3,935.58
2026-06-17,SHAU,早盘,1,942.75
2026-06-17,SHAU,午盘,1,940.23
2026-06-17,SHAU,午盘,2,940.33
2026-06-16,SHAU,早盘,1,937.61
2026-06-16,SHAU,早盘,2,937.51
2026-06-16,SHAU,午盘,1,939.04
2026-06-16,SHAU,午盘,2,939.14
2026-06-16,SHAU,午盘,3,939.24
2026-06-16,SHAU,午盘,4,939.34
2026-06-16,SHAU,午盘,5,939.44
2026-06-16,SHAU,午盘,6,939.54
2026-06-16,SHAU,午盘,7,939.64
2026-06-16,SHAU,午盘,8,939.74
2026-06-16,SHAU,午盘,9,939.84
2026-06-16,SHAU,午盘,10,939.94
2026-06-16,SHAU,午盘,11,940.04
2026-06-16,SHAU,午盘,12,940.14
2026-06-16,SHAU,午盘,13,940.24
2026-06-16,SHAU,午盘,14,940.34
2026-06-15,SHAU,早盘,1,939.95
2026-06-15,SHAU,早盘,2,940.05
2026-06-15,SHAU,早盘,3,940.15
2026-06-15,SHAU,早盘,4,940.25
2026-06-15,SHAU,早盘,5,940.35
2026-06-15,SHAU,早盘,6,940.45
2026-06-15,SHAU,早盘,7,940.55
2026-06-15,SHAU,早盘,8,940.65
2026-06-15,SHAU,早盘,9,940.75
2026-06-15,SHAU,早盘,10,940.85
2026-06-15,SHAU,早盘,11,940.95
2026-06-15,SHAU,早盘,12,941.05
2026-06-15,SHAU,早盘,13,941.15
2026-06-15,SHAU,早盘,14,941.25
2026-06-15,SHAU,早盘,15,941.35
2026-06-15,SHAU,早盘,16,941.45
2026-06-15,SHAU,午盘,1,936.39
2026-06-12,SHAU,早盘,1,912.6
2026-06-12,SHAU,早盘,2,912.5
2026-06-12,SHAU,早盘,3,912.4
2026-06-12,SHAU,早盘,4,912.3
2026-06-12,SHAU,早盘,5,912.2
2026-06-12,SHAU,早盘,6,912.1
2026-06-12,SHAU,早盘,7,912.0
2026-06-12,SHAU,早盘,8,911.9
2026-06-12,SHAU,早盘,9,911.8
2026-06-12,SHAU,午盘,1,908.34
2026-06-12,SHAU,午盘,2,908.44
2026-06-12,SHAU,午盘,3,908.54
2026-06-12,SHAU,午盘,4,908.64
2026-06-11,SHAU,早盘,1,893.08
2026-06-11,SHAU,早盘,2,892.98
2026-06-11,SHAU,早盘,3,892.88
2026-06-11,SHAU,早盘,4,892.78
2026-06-11,SHAU,早盘,5,892.68
2026-06-11,SHAU,早盘,6,892.73
2026-06-11,SHAU,早盘,7,892.83
2026-06-11,SHAU,午盘,1,893.01
2026-06-11,SHAU,午盘,2,893.11
2026-06-11,SHAU,午盘,3,893.06
2026-06-10,SHAU,早盘,1,912.65
2026-06-10,SHAU,早盘,2,912.75
2026-06-10,SHAU,早盘,3,912.85
2026-06-10,SHAU,早盘,4,912.95
2026-06-10,SHAU,午盘,1,917.44
2026-06-09,SHAU,早盘,1,946.07
2026-06-09,SHAU,午盘,1,945.96
2026-06-09,SHAU,午盘,2,945.86
2026-06-09,SHAU,午盘,3,945.76
2026-06-09,SHAU,午盘,4,945.66
2026-06-08,SHAU,早盘,1,944.32
2026-06-08,SHAU,午盘,1,939.7
2026-06-08,SHAU,午盘,2,939.8
2026-06-05,SHAU,早盘,1,970.64
2026-06-05,SHAU,午盘,1,971.11
2026-06-04,SHAU,早盘,1,973.54
2026-06-04,SHAU,午盘,1,974.87
2026-06-03,SHAU,早盘,1,976.22
2026-06-03,SHAU,早盘,2,976.32
2026-06-03,SHAU,早盘,3,976.42
2026-06-03,SHAU,早盘,4,976.52
2026-06-03,SHAU,午盘,1,973.3
2026-06-03,SHAU,午盘,2,973.4
2026-06-03,SHAU,午盘,3,973.5
2026-06-03,SHAU,午盘,4,973.6
2026-06-03,SHAU,午盘,5,973.7
2026-06-03,SHAU,午盘,6,973.8
2026-06-03,SHAU,午盘,7,973.9
2026-06-03,SHAU,午盘,8,974.0
2026-06-03,SHAU,午盘,9,974.1
2026-06-03,SHAU,午盘,10,974.2
2026-06-03,SHAU,午盘,11,974.3
2026-06-03,SHAU,午盘,12,974.4
2026-06-03,SHAU,午盘,13,974.5
2026-06-03,SHAU,午盘,14,974.6
2026-06-03,SHAU,午盘,15,974.7
2026-06-03,SHAU,午盘,16,974.8
2026-06-03,SHAU,午盘,17,974.9
2026-06-03,SHAU,午盘,18,975.0
2026-06-02,SHAU,早盘,1,974.74
2026-06-02,SHAU,早盘,2,974.84
2026-06-02,SHAU,早盘,3,974.94
2026-06-02,SHAU,早盘,4,975.04
2026-06-02,SHAU,早盘,5,975.14
2026-06-02,SHAU,早盘,6,975.24
2026-06-02,SHAU,早盘,7,975.34
2026-06-02,SHAU,早盘,8,975.44
2026-06-02,SHAU,早盘,9,975.54
2026-06-02,SHAU,早盘,10,975.64
2026-06-02,SHAU,早盘,11,975.74
2026-06-02,SHAU,早盘,12,975.84
2026-06-02,SHAU,早盘,13,975.94
2026-06-02,SHAU,午盘,1,987.24
2026-06-02,SHAU,午盘,2,987.34
2026-06-01,SHAU,早盘,1,987.16
2026-06-01,SHAU,早盘,2,987.26
2026-06-01,SHAU,早盘,3,987.36
2026-06-01,SHAU,早盘,4,987.46
2026-06-01,SHAU,早盘,5,987.56
2026-06-01,SHAU,午盘,1,981.24
2026-07-31,SHAU,早盘,1,888.17
2026-07-31,SHAU,早盘,2,888.07
2026-07-31,SHAU,早盘,3,887.97
2026-07-31,SHAU,早盘,4,887.87
2026-07-31,SHAU,早盘,5,887.77
2026-07-31,SHAU,早盘,6,887.67
2026-07-31,SHAU,早盘,7,887.57
2026-07-31,SHAU,早盘,8,887.47
2026-07-31,SHAU,早盘,9,887.37
2026-07-31,SHAU,午盘,1,885.73
2026-07-31,SHAU,午盘,2,885.63
2026-07-31,SHAU,午盘,3,885.53
2026-07-31,SHAU,午盘,4,885.43
2026-07-31,SHAU,午盘,5,885.33
2026-07-30,SHAU,早盘,1,889.92
2026-07-30,SHAU,早盘,2,889.82
2026-07-30,SHAU,早盘,3,889.72
2026-07-30,SHAU,早盘,4,889.62
2026-07-30,SHAU,早盘,5,889.52
2026-07-30,SHAU,早盘,6,889.42
2026-07-30,SHAU,早盘,7,889.32
2026-07-30,SHAU,午盘,1,878.99
2026-07-29,SHAU,早盘,1,878.24
2026-07-29,SHAU,早盘,2,878.34
2026-07-29,SHAU,早盘,3,878.44
2026-07-29,SHAU,早盘,4,878.54
2026-07-29,SHAU,午盘,1,881.35
2026-07-28,SHAU,早盘,1,881.62
2026-07-28,SHAU,午盘,1,882.65
2026-07-28,SHAU,午盘,2,882.55
2026-07-27,SHAU,早盘,1,894.47
2026-07-27,SHAU,午盘,1,892.79
2026-07-27,SHAU,午盘,2,892.89
2026-07-27,SHAU,午盘,3,892.99
2026-07-27,SHAU,午盘,4,893.09
2026-07-27,SHAU,午盘,5,893.19
2026-07-24,SHAU,早盘,1,882.94
2026-07-24,SHAU,午盘,1,880.59
2026-07-24,SHAU,午盘,2,880.69
2026-07-24,SHAU,午盘,3,880.79
2026-07-24,SHAU,午盘,4,880.89
2026-07-24,SHAU,午盘,5,880.99
2026-07-24,SHAU,午盘,6,881.09
2026-07-23,SHAU,早盘,1,897.7
2026-07-23,SHAU,午盘,1,898.73
2026-07-23,SHAU,午盘,2,898.63
2026-07-23,SHAU,午盘,3,898.53
2026-07-23,SHAU,午盘,4,898.43
2026-07-23,SHAU,午盘,5,898.33
2026-07-23,SHAU,午盘,6,898.23
2026-07-23,SHAU,午盘,7,898.13
2026-07-23,SHAU,午盘,8,898.03
2026-07-23,SHAU,午盘,9,897.93
2026-07-23,SHAU,午盘,10,897.83
2026-07-23,SHAU,午盘,11,897.73
2026-07-23,SHAU,午盘,12,897.63
2026-07-23,SHAU,午盘,13,897.53
2026-07-23,SHAU,午盘,14,897.43
2026-07-23,SHAU,午盘,15,897.33
2026-07-23,SHAU,午盘,16,897.23
2026-07-23,SHAU,午盘,17,897.13
2026-07-23,SHAU,午盘,18,897.03
2026-07-23,SHAU,午盘,19,896.93
2026-07-23,SHAU,午盘,20,896.83
2026-07-23,SHAU,午盘,21,896.73
2026-07-23,SHAU,午盘,22,896.63
2026-07-22,SHAU,早盘,1,899.07
2026-07-22,SHAU,午盘,1,898.16
2026-07-22,SHAU,午盘,2,898.06
2026-07-22,SHAU,午盘,3,897.96
2026-07-22,SHAU,午盘,4,897.86
2026-07-22,SHAU,午盘,5,897.76
2026-07-21,SHAU,早盘,1,876.78
2026-07-21,SHAU,午盘,1,888.94
2026-07-20,SHAU,早盘,1,873.96
2026-07-20,SHAU,早盘,2,873.86
2026-07-20,SHAU,早盘,3,873.76
2026-07-20,SHAU,午盘,1,873.46
2026-07-17,SHAU,早盘,1,868.89
2026-07-17,SHAU,午盘,1,872.37
2026-07-16,SHAU,早盘,1,879.78
2026-07-16,SHAU,早盘,2,879.68
2026-07-16,SHAU,早盘,3,879.58
2026-07-16,SHAU,早盘,4,879.48
2026-07-16,SHAU,早盘,5,879.38
2026-07-16,SHAU,早盘,6,879.28
2026-07-16,SHAU,早盘,7,879.18
2026-07-16,SHAU,早盘,8,879.08
2026-07-16,SHAU,午盘,1,878.07
2026-07-15,SHAU,早盘,1,880.62
2026-07-15,SHAU,早盘,2,880.52
2026-07-15,SHAU,早盘,3,880.42
2026-07-15,SHAU,早盘,4,880.32
2026-07-15,SHAU,早盘,5,880.22
2026-07-15,SHAU,早盘,6,880.12
2026-07-15,SHAU,早盘,7,880.02
2026-07-15,SHAU,早盘,8,879.92
2026-07-15,SHAU,早盘,9,879.82
2026-07-15,SHAU,早盘,10,879.72
2026-07-15,SHAU,早盘,11,879.62
2026-07-15,SHAU,早盘,12,879.52
2026-07-15,SHAU,早盘,13,879.42
2026-07-15,SHAU,早盘,14,879.32
2026-07-15,SHAU,早盘,15,879.22
2026-07-15,SHAU,早盘,16,879.12
2026-07-15,SHAU,午盘,1,878.82
2026-07-14,SHAU,早盘,1,876.8
2026-07-14,SHAU,早盘,2,876.9
2026-07-14,SHAU,早盘,3,877.0
2026-07-14,SHAU,早盘,4,877.1
2026-07-14,SHAU,午盘,1,879.0
2026-07-14,SHAU,午盘,2,878.9
2026-07-13,SHAU,早盘,1,888.68
2026-07-13,SHAU,午盘,1,884.64
2026-07-13,SHAU,午盘,2,884.74
2026-07-13,SHAU,午盘,3,884.84
2026-07-10,SHAU,早盘,1,900.03
2026-07-10,SHAU,早盘,2,899.93
2026-07-10,SHAU,午盘,1,897.5
2026-07-10,SHAU,午盘,2,897.4
2026-07-10,SHAU,午盘,3,897.3
2026-07-10,SHAU,午盘,4,897.2
2026-07-10,SHAU,午盘,5,897.1
2026-07-10,SHAU,午盘,6,897.15
2026-07-10,SHAU,午盘,7,897.25
2026-07-09,SHAU,早盘,1,891.66
2026-07-09,SHAU,午盘,1,897.18
2026-07-09,SHAU,午盘,2,897.28
2026-07-09,SHAU,午盘,3,897.38
2026-07-09,SHAU,午盘,4,897.48
2026-07-09,SHAU,午盘,5,897.58
2026-07-09,SHAU,午盘,6,897.68
2026-07-09,SHAU,午盘,7,897.78
2026-07-09,SHAU,午盘,8,897.73
2026-07-09,SHAU,午盘,9,897.63
2026-07-09,SHAU,午盘,10,897.53
2026-07-09,SHAU,午盘,11,897.58
2026-07-08,SHAU,早盘,1,900.15
2026-07-08,SHAU,早盘,2,900.05
2026-07-08,SHAU,早盘,3,899.95
2026-07-08,SHAU,早盘,4,899.85
2026-07-08,SHAU,午盘,1,902.03
2026-07-08,SHAU,午盘,2,901.93
2026-07-08,SHAU,午盘,3,901.83
2026-07-08,SHAU,午盘,4,901.73
2026-07-08,SHAU,午盘,5,901.63
2026-07-08,SHAU,午盘,6,901.53
2026-07-08,SHAU,午盘,7,901.43
2026-07-08,SHAU,午盘,8,901.33
2026-07-08,SHAU,午盘,9,901.23
2026-07-08,SHAU,午盘,10,901.13
2026-07-08,SHAU,午盘,11,901.03
2026-07-07,SHAU,早盘,1,903.64
2026-07-07,SHAU,早盘,2,903.74
2026-07-07,SHAU,早盘,3,903.84
2026-07-07,SHAU,早盘,4,903.94
2026-07-07,SHAU,早盘,5,904.04
2026-07-07,SHAU,午盘,1,902.7
2026-07-06,SHAU,早盘,1,912.74
2026-07-06,SHAU,午盘,1,906.68
2026-07-03,SHAU,早盘,1,911.11
2026-07-03,SHAU,早盘,2,911.21
2026-07-03,SHAU,早盘,3,911.31
2026-07-03,SHAU,午盘,1,909.92
2026-07-02,SHAU,早盘,1,881.91
2026-07-02,SHAU,早盘,2,882.01
2026-07-02,SHAU,早盘,3,882.11
2026-07-02,SHAU,早盘,4,882.21
2026-07-02,SHAU,早盘,5,882.31
2026-07-02,SHAU,早盘,6,882.41
2026-07-02,SHAU,早盘,7,882.51
2026-07-02,SHAU,早盘,8,882.61
2026-07-02,SHAU,早盘,9,882.71
2026-07-02,SHAU,早盘,10,882.81
2026-07-02,SHAU,早盘,11,882.91
2026-07-02,SHAU,早盘,12,883.01
2026-07-02,SHAU,早盘,13,883.11
2026-07-02,SHAU,早盘,14,883.21
2026-07-02,SHAU,早盘,15,883.31
2026-07-02,SHAU,早盘,16,883.41
2026-07-02,SHAU,早盘,17,883.51
2026-07-02,SHAU,早盘,18,883.61
2026-07-02,SHAU,早盘,19,883.71
2026-07-02,SHAU,早盘,20,883.66
2026-07-02,SHAU,早盘,21,883.56
2026-07-02,SHAU,早盘,22,883.61
2026-07-02,SHAU,早盘,23,883.71
2026-07-02,SHAU,午盘,1,889.11
2026-07-02,SHAU,午盘,2,889.01
2026-07-02,SHAU,午盘,3,888.91
2026-07-02,SHAU,午盘,4,888.81
2026-07-02,SHAU,午盘,5,888.71
2026-07-02,SHAU,午盘,6,888.61
2026-07-01,SHAU,早盘,1,868.42
2026-07-01,SHAU,早盘,2,868.52
2026-07-01,SHAU,早盘,3,868.62
2026-07-01,SHAU,早盘,4,868.72
2026-07-01,SHAU,早盘,5,868.82
2026-07-01,SHAU,早盘,6,868.92
2026-07-01,SHAU,早盘,7,869.02
2026-07-01,SHAU,早盘,8,869.12
2026-07-01,SHAU,早盘,9,869.22
2026-07-01,SHAU,早盘,10,869.32
2026-07-01,SHAU,早盘,11,869.42
2026-07-01,SHAU,早盘,12,869.52
2026-07-01,SHAU,早盘,13,869.62
2026-07-01,SHAU,午盘,1,869.13
2026-07-01,SHAU,午盘,2,869.03
2026-07-01,SHAU,午盘,3,868.93
2026-07-01,SHAU,午盘,4,868.83
2026-07-01,SHAU,午盘,5,868.73
2026-07-01,SHAU,午盘,6,868.63
2026-07-01,SHAU,午盘,7,868.53
2026-07-01,SHAU,午盘,8,868.43
2026-07-01,SHAU,午盘,9,868.33
2026-07-01,SHAU,午盘,10,868.23
2026-07-01,SHAU,午盘,11,868.13
2026-07-01,SHAU,午盘,12,868.03
2026-07-01,SHAU,午盘,13,867.93
2026-07-01,SHAU,午盘,14,867.83
2026-07-01,SHAU,午盘,15,867.73
2026-07-01,SHAU,午盘,16,867.63
2026-07-01,SHAU,午盘,17,867.53
2026-07-01,SHAU,午盘,18,867.43
2026-07-01,SHAU,午盘,19,867.33
2026-07-01,SHAU,午盘,20,867.23
2026-08-25,SHAU,早盘,1,1003.15
2026-08-25,SHAU,午盘,1,1002.4
2026-08-25,SHAU,午盘,2,1002.3
2026-08-24,SHAU,早盘,1,1004.29
2026-08-24,SHAU,早盘,2,1004.39
2026-08-24,SHAU,早盘,3,1004.49
2026-08-24,SHAU,早盘,4,1004.59
2026-08-24,SHAU,早盘,5,1004.69
2026-08-24,SHAU,早盘,6,1004.79
2026-08-24,SHAU,早盘,7,1004.89
2026-08-24,SHAU,早盘,8,1004.99
2026-08-24,SHAU,早盘,9,1005.09
2026-08-24,SHAU,早盘,10,1005.19
2026-08-24,SHAU,早盘,11,1005.29
2026-08-24,SHAU,早盘,12,1005.39
2026-08-24,SHAU,早盘,13,1005.49
2026-08-24,SHAU,早盘,14,1005.59
2026-08-24,SHAU,午盘,1,1004.21
2026-08-24,SHAU,午盘,2,1004.31
2026-08-24,SHAU,午盘,3,1004.41
2026-08-21,SHAU,早盘,1,977.32
2026-08-21,SHAU,午盘,1,985.36
2026-08-21,SHAU,午盘,2,985.26
2026-08-21,SHAU,午盘,3,985.16
2026-08-21,SHAU,午盘,4,985.06
2026-08-21,SHAU,午盘,5,984.96
2026-08-21,SHAU,午盘,6,984.86
2026-08-20,SHAU,早盘,1,970.5
2026-08-20,SHAU,午盘,1,969.96
2026-08-19,SHAU,早盘,1,945.27
2026-08-19,SHAU,午盘,1,942.87
2026-08-19,SHAU,午盘,2,942.97
2026-08-19,SHAU,午盘,3,943.07
2026-08-19,SHAU,午盘,4,943.17
2026-08-19,SHAU,午盘,5,943.27
2026-08-19,SHAU,午盘,6,943.37
2026-08-19,SHAU,午盘,7,943.32
2026-08-18,SHAU,早盘,1,953.79
2026-08-18,SHAU,午盘,1,953.88
2026-08-17,SHAU,早盘,1,951.8
2026-08-17,SHAU,午盘,1,952.98
2026-08-14,SHAU,早盘,1,936.37
2026-08-14,SHAU,早盘,2,936.27
2026-08-14,SHAU,早盘,3,936.17
2026-08-14,SHAU,午盘,1,940.03
2026-08-13,SHAU,早盘,1,956.44
2026-08-13,SHAU,午盘,1,950.08
2026-08-13,SHAU,午盘,2,950.18
2026-08-12,SHAU,早盘,1,954.29
2026-08-12,SHAU,早盘,2,954.39
2026-08-12,SHAU,早盘,3,954.49
2026-08-12,SHAU,早盘,4,954.59
2026-08-12,SHAU,早盘,5,954.69
2026-08-12,SHAU,早盘,6,954.79
2026-08-12,SHAU,早盘,7,954.89
2026-08-12,SHAU,早盘,8,954.99
2026-08-12,SHAU,早盘,9,955.09
2026-08-12,SHAU,早盘,10,955.19
2026-08-12,SHAU,早盘,11,955.29
2026-08-12,SHAU,早盘,12,955.39
2026-08-12,SHAU,早盘,13,955.49
2026-08-12,SHAU,午盘,1,955.75
2026-08-12,SHAU,午盘,2,955.85
2026-08-11,SHAU,早盘,1,960.73
2026-08-11,SHAU,早盘,2,960.83
2026-08-11,SHAU,早盘,3,960.93
2026-08-11,SHAU,早盘,4,961.03
2026-08-11,SHAU,早盘,5,961.13
2026-08-11,SHAU,早盘,6,961.23
2026-08-11,SHAU,早盘,7,961.33
2026-08-11,SHAU,午盘,1,946.65
2026-08-11,SHAU,午盘,2,946.75
2026-08-11,SHAU,午盘,3,946.85
2026-08-11,SHAU,午盘,4,946.95
2026-08-10,SHAU,早盘,1,937.86
2026-08-10,SHAU,早盘,2,937.96
2026-08-10,SHAU,早盘,3,938.06
2026-08-10,SHAU,早盘,4,938.16
2026-08-10,SHAU,早盘,5,938.26
2026-08-10,SHAU,早盘,6,938.36
2026-08-10,SHAU,早盘,7,938.46
2026-08-10,SHAU,早盘,8,938.56
2026-08-10,SHAU,早盘,9,938.66
2026-08-10,SHAU,早盘,10,938.76
2026-08-10,SHAU,午盘,1,945.22
2026-08-07,SHAU,早盘,1,925.22
2026-08-07,SHAU,午盘,1,933.33
2026-08-07,SHAU,午盘,2,933.23
2026-08-07,SHAU,午盘,3,933.13
2026-08-07,SHAU,午盘,4,933.03
2026-08-07,SHAU,午盘,5,932.93
2026-08-07,SHAU,午盘,6,932.83
2026-08-06,SHAU,早盘,1,933.81
2026-08-06,SHAU,早盘,2,933.71
2026-08-06,SHAU,午盘,1,923.43
2026-08-05,SHAU,早盘,1,890.65
2026-08-05,SHAU,午盘,1,906.85
2026-08-05,SHAU,午盘,2,906.95
2026-08-05,SHAU,午盘,3,907.05
2026-08-04,SHAU,早盘,1,883.66
2026-08-04,SHAU,早盘,2,883.56
2026-08-04,SHAU,早盘,3,883.46
2026-08-04,SHAU,午盘,1,883.48
2026-08-04,SHAU,午盘,2,883.58
2026-08-04,SHAU,午盘,3,883.68
2026-08-04,SHAU,午盘,4,883.78
2026-08-04,SHAU,午盘,5,883.88
2026-08-03,SHAU,早盘,1,882.43
2026-08-03,SHAU,早盘,2,882.33
2026-08-03,SHAU,早盘,3,882.23
2026-08-03,SHAU,午盘,1,884.23
