decision_month,feature,value,na_reason,reference_period_used,available_date_used,feature_regime,note
2008-01,ey,2.7840,,,2008-01-31,,100/PE_ttm
2008-01,eyg,-1.4097,,,2008-01-31,,100/PE_ttm - cn10y
2008-01,term_spread,0.4437,,,2008-01-31,,cn10y - cn2y
2008-01,pmi_gap,,NOT_RELEASED,,,,PMI 缺失
2008-01,m1_m2_gap,,NOT_RELEASED,,,,M1/M2 缺失
2008-02,ey,2.8377,,,2008-02-29,,100/PE_ttm
2008-02,eyg,-1.2906,,,2008-02-29,,100/PE_ttm - cn10y
2008-02,term_spread,0.4542,,,2008-02-29,,cn10y - cn2y
2008-02,pmi_gap,3.0000,,,2008-02-20,,gro.pmi - 50
2008-02,m1_m2_gap,1.6600,,,2008-02-20,M1_PRE_2025,m1_yoy - m2_yoy (ref=2008-01)
2008-03,ey,3.7189,,,2008-03-31,,100/PE_ttm
2008-03,eyg,-0.3271,,,2008-03-31,,100/PE_ttm - cn10y
2008-03,term_spread,0.5487,,,2008-03-31,,cn10y - cn2y
2008-03,pmi_gap,3.4000,,,2008-03-20,,gro.pmi - 50
2008-03,m1_m2_gap,1.5600,,,2008-03-20,M1_PRE_2025,m1_yoy - m2_yoy (ref=2008-02)
2008-04,ey,3.6483,,,2008-04-30,,100/PE_ttm
2008-04,eyg,-0.4242,,,2008-04-30,,100/PE_ttm - cn10y
2008-04,term_spread,0.5392,,,2008-04-30,,cn10y - cn2y
2008-04,pmi_gap,8.4000,,,2008-04-20,,gro.pmi - 50
2008-04,m1_m2_gap,1.7800,,,2008-04-20,M1_PRE_2025,m1_yoy - m2_yoy (ref=2008-03)
2008-05,ey,3.9526,,,2008-05-30,,100/PE_ttm
2008-05,eyg,-0.2063,,,2008-05-30,,100/PE_ttm - cn10y
2008-05,term_spread,0.5768,,,2008-05-30,,cn10y - cn2y
2008-05,pmi_gap,9.2000,,,2008-05-20,,gro.pmi - 50
2008-05,m1_m2_gap,2.1100,,,2008-05-20,M1_PRE_2025,m1_yoy - m2_yoy (ref=2008-04)
2008-06,ey,4.9529,,,2008-06-30,,100/PE_ttm
2008-06,eyg,0.4244,,,2008-06-30,,100/PE_ttm - cn10y
2008-06,term_spread,0.6858,,,2008-06-30,,cn10y - cn2y
2008-06,pmi_gap,3.3000,,,2008-06-20,,gro.pmi - 50
2008-06,m1_m2_gap,-0.1400,,,2008-06-20,M1_PRE_2025,m1_yoy - m2_yoy (ref=2008-05)
2008-07,ey,4.9068,,,2008-07-31,,100/PE_ttm
2008-07,eyg,0.4667,,,2008-07-31,,100/PE_ttm - cn10y
2008-07,term_spread,0.6349,,,2008-07-31,,cn10y - cn2y
2008-07,pmi_gap,2.0000,,,2008-07-20,,gro.pmi - 50
2008-07,m1_m2_gap,-3.1800,,,2008-07-20,M1_PRE_2025,m1_yoy - m2_yoy (ref=2008-06)
2008-08,ey,5.8893,,,2008-08-29,,100/PE_ttm
2008-08,eyg,1.6659,,,2008-08-29,,100/PE_ttm - cn10y
2008-08,term_spread,0.6052,,,2008-08-29,,cn10y - cn2y
2008-08,pmi_gap,-1.6000,,,2008-08-20,,gro.pmi - 50
2008-08,m1_m2_gap,-2.3900,,,2008-08-20,M1_PRE_2025,m1_yoy - m2_yoy (ref=2008-07)
2008-09,ey,6.1920,,,2008-09-26,,100/PE_ttm
2008-09,eyg,2.4638,,,2008-09-26,,100/PE_ttm - cn10y
2008-09,term_spread,0.3761,,,2008-09-26,,cn10y - cn2y
2008-09,pmi_gap,-1.6000,,,2008-09-20,,gro.pmi - 50
2008-09,m1_m2_gap,-4.5200,,,2008-09-20,M1_PRE_2025,m1_yoy - m2_yoy (ref=2008-08)
2008-10,ey,8.2850,,,2008-10-31,,100/PE_ttm
2008-10,eyg,5.2099,,,2008-10-31,,100/PE_ttm - cn10y
2008-10,term_spread,0.5153,,,2008-10-31,,cn10y - cn2y
2008-10,pmi_gap,1.2000,,,2008-10-20,,gro.pmi - 50
2008-10,m1_m2_gap,-5.8600,,,2008-10-20,M1_PRE_2025,m1_yoy - m2_yoy (ref=2008-09)
2008-11,ey,7.7160,,,2008-11-28,,100/PE_ttm
2008-11,eyg,4.7255,,,2008-11-28,,100/PE_ttm - cn10y
2008-11,term_spread,1.0324,,,2008-11-28,,cn10y - cn2y
2008-11,pmi_gap,-5.4000,,,2008-11-20,,gro.pmi - 50
2008-11,m1_m2_gap,-6.1700,,,2008-11-20,M1_PRE_2025,m1_yoy - m2_yoy (ref=2008-10)
2008-12,ey,8.0515,,,2008-12-31,,100/PE_ttm
2008-12,eyg,5.2994,,,2008-12-31,,100/PE_ttm - cn10y
2008-12,term_spread,1.5847,,,2008-12-31,,cn10y - cn2y
2008-12,pmi_gap,-11.2000,,,2008-12-20,,gro.pmi - 50
2008-12,m1_m2_gap,-8.0000,,,2008-12-20,M1_PRE_2025,m1_yoy - m2_yoy (ref=2008-11)
2009-01,ey,7.3260,,,2009-01-23,,100/PE_ttm
2009-01,eyg,4.2893,,,2009-01-23,,100/PE_ttm - cn10y
2009-01,term_spread,1.8000,,,2009-01-23,,cn10y - cn2y
2009-01,pmi_gap,-8.8000,,,2009-01-20,,gro.pmi - 50
2009-01,m1_m2_gap,-8.7600,,,2009-01-20,M1_PRE_2025,m1_yoy - m2_yoy (ref=2008-12)
2009-02,ey,7.0126,,,2009-02-27,,100/PE_ttm
2009-02,eyg,3.8618,,,2009-02-27,,100/PE_ttm - cn10y
2009-02,term_spread,1.8241,,,2009-02-27,,cn10y - cn2y
2009-02,pmi_gap,-4.7000,,,2009-02-20,,gro.pmi - 50
2009-02,m1_m2_gap,-12.1100,,,2009-02-20,M1_PRE_2025,m1_yoy - m2_yoy (ref=2009-01)
2009-03,ey,5.8514,,,2009-03-31,,100/PE_ttm
2009-03,eyg,2.6902,,,2009-03-31,,100/PE_ttm - cn10y
2009-03,term_spread,1.9484,,,2009-03-31,,cn10y - cn2y
2009-03,pmi_gap,-1.0000,,,2009-03-20,,gro.pmi - 50
2009-03,m1_m2_gap,-9.6100,,,2009-03-20,M1_PRE_2025,m1_yoy - m2_yoy (ref=2009-02)
2009-04,ey,5.2274,,,2009-04-30,,100/PE_ttm
2009-04,eyg,2.1202,,,2009-04-30,,100/PE_ttm - cn10y
2009-04,term_spread,1.8082,,,2009-04-30,,cn10y - cn2y
2009-04,pmi_gap,2.4000,,,2009-04-20,,gro.pmi - 50
2009-04,m1_m2_gap,-8.4700,,,2009-04-20,M1_PRE_2025,m1_yoy - m2_yoy (ref=2009-03)
2009-05,ey,4.9188,,,2009-05-27,,100/PE_ttm
2009-05,eyg,1.8798,,,2009-05-27,,100/PE_ttm - cn10y
2009-05,term_spread,1.8164,,,2009-05-27,,cn10y - cn2y
2009-05,pmi_gap,3.5000,,,2009-05-20,,gro.pmi - 50
2009-05,m1_m2_gap,-8.4700,,,2009-05-20,M1_PRE_2025,m1_yoy - m2_yoy (ref=2009-04)
2009-06,ey,4.2699,,,2009-06-30,,100/PE_ttm
2009-06,eyg,1.0296,,,2009-06-30,,100/PE_ttm - cn10y
2009-06,term_spread,2.0196,,,2009-06-30,,cn10y - cn2y
2009-06,pmi_gap,3.1000,,,2009-06-20,,gro.pmi - 50
2009-06,m1_m2_gap,-7.0500,,,2009-06-20,M1_PRE_2025,m1_yoy - m2_yoy (ref=2009-05)
2009-07,ey,3.7092,,,2009-07-31,,100/PE_ttm
2009-07,eyg,0.2062,,,2009-07-31,,100/PE_ttm - cn10y
2009-07,term_spread,1.6862,,,2009-07-31,,cn10y - cn2y
2009-07,pmi_gap,3.2000,,,2009-07-20,,gro.pmi - 50
2009-07,m1_m2_gap,-3.6700,,,2009-07-20,M1_PRE_2025,m1_yoy - m2_yoy (ref=2009-06)
2009-08,ey,5.0302,,,2009-08-31,,100/PE_ttm
2009-08,eyg,1.5497,,,2009-08-31,,100/PE_ttm - cn10y
2009-08,term_spread,1.7081,,,2009-08-31,,cn10y - cn2y
2009-08,pmi_gap,3.3000,,,2009-08-20,,gro.pmi - 50
2009-08,m1_m2_gap,-2.0500,,,2009-08-20,M1_PRE_2025,m1_yoy - m2_yoy (ref=2009-07)
2009-09,ey,4.7710,,,2009-09-30,,100/PE_ttm
2009-09,eyg,1.2578,,,2009-09-30,,100/PE_ttm - cn10y
2009-09,term_spread,1.6850,,,2009-09-30,,cn10y - cn2y
2009-09,pmi_gap,4.0000,,,2009-09-20,,gro.pmi - 50
2009-09,m1_m2_gap,-0.8100,,,2009-09-20,M1_PRE_2025,m1_yoy - m2_yoy (ref=2009-08)
2009-10,ey,4.5434,,,2009-10-30,,100/PE_ttm
2009-10,eyg,0.8548,,,2009-10-30,,100/PE_ttm - cn10y
2009-10,term_spread,1.7821,,,2009-10-30,,cn10y - cn2y
2009-10,pmi_gap,4.3000,,,2009-10-20,,gro.pmi - 50
2009-10,m1_m2_gap,0.2000,,,2009-10-20,M1_PRE_2025,m1_yoy - m2_yoy (ref=2009-09)
2009-11,ey,4.3085,,,2009-11-30,,100/PE_ttm
2009-11,eyg,0.7516,,,2009-11-30,,100/PE_ttm - cn10y
2009-11,term_spread,1.6771,,,2009-11-30,,cn10y - cn2y
2009-11,pmi_gap,5.2000,,,2009-11-20,,gro.pmi - 50
2009-11,m1_m2_gap,2.6100,,,2009-11-20,M1_PRE_2025,m1_yoy - m2_yoy (ref=2009-10)
2009-12,ey,4.1684,,,2009-12-31,,100/PE_ttm
2009-12,eyg,0.5262,,,2009-12-31,,100/PE_ttm - cn10y
2009-12,term_spread,1.6737,,,2009-12-31,,cn10y - cn2y
2009-12,pmi_gap,5.2000,,,2009-12-20,,gro.pmi - 50
2009-12,m1_m2_gap,4.8900,,,2009-12-20,M1_PRE_2025,m1_yoy - m2_yoy (ref=2009-11)
2010-01,ey,4.6296,,,2010-01-29,,100/PE_ttm
2010-01,eyg,1.0496,,,2010-01-29,,100/PE_ttm - cn10y
2010-01,term_spread,1.5004,,,2010-01-29,,cn10y - cn2y
2010-01,pmi_gap,6.6000,,,2010-01-20,,gro.pmi - 50
2010-01,m1_m2_gap,4.6700,,,2010-01-20,M1_PRE_2025,m1_yoy - m2_yoy (ref=2009-12)
2010-02,ey,4.5956,,,2010-02-26,,100/PE_ttm
2010-02,eyg,1.2203,,,2010-02-26,,100/PE_ttm - cn10y
2010-02,term_spread,1.3087,,,2010-02-26,,cn10y - cn2y
2010-02,pmi_gap,5.8000,,,2010-02-20,,gro.pmi - 50
2010-02,m1_m2_gap,12.9800,,,2010-02-20,M1_PRE_2025,m1_yoy - m2_yoy (ref=2010-01)
2010-03,ey,4.6773,,,2010-03-31,,100/PE_ttm
2010-03,eyg,1.1955,,,2010-03-31,,100/PE_ttm - cn10y
2010-03,term_spread,1.4681,,,2010-03-31,,cn10y - cn2y
2010-03,pmi_gap,2.0000,,,2010-03-20,,gro.pmi - 50
2010-03,m1_m2_gap,9.4700,,,2010-03-20,M1_PRE_2025,m1_yoy - m2_yoy (ref=2010-02)
2010-04,ey,5.8343,,,2010-04-30,,100/PE_ttm
2010-04,eyg,2.4778,,,2010-04-30,,100/PE_ttm - cn10y
2010-04,term_spread,1.3903,,,2010-04-30,,cn10y - cn2y
2010-04,pmi_gap,5.1000,,,2010-04-20,,gro.pmi - 50
2010-04,m1_m2_gap,7.4400,,,2010-04-20,M1_PRE_2025,m1_yoy - m2_yoy (ref=2010-03)
2010-05,ey,6.4267,,,2010-05-31,,100/PE_ttm
2010-05,eyg,3.1837,,,2010-05-31,,100/PE_ttm - cn10y
2010-05,term_spread,1.1574,,,2010-05-31,,cn10y - cn2y
2010-05,pmi_gap,5.7000,,,2010-05-20,,gro.pmi - 50
2010-05,m1_m2_gap,9.7700,,,2010-05-20,M1_PRE_2025,m1_yoy - m2_yoy (ref=2010-04)
2010-06,ey,6.8918,,,2010-06-30,,100/PE_ttm
2010-06,eyg,3.6128,,,2010-06-30,,100/PE_ttm - cn10y
2010-06,term_spread,1.0116,,,2010-06-30,,cn10y - cn2y
2010-06,pmi_gap,3.9000,,,2010-06-20,,gro.pmi - 50
2010-06,m1_m2_gap,8.9000,,,2010-06-20,M1_PRE_2025,m1_yoy - m2_yoy (ref=2010-05)
2010-07,ey,6.2933,,,2010-07-30,,100/PE_ttm
2010-07,eyg,2.9937,,,2010-07-30,,100/PE_ttm - cn10y
2010-07,term_spread,1.0946,,,2010-07-30,,cn10y - cn2y
2010-07,pmi_gap,2.1000,,,2010-07-20,,gro.pmi - 50
2010-07,m1_m2_gap,6.1000,,,2010-07-20,M1_PRE_2025,m1_yoy - m2_yoy (ref=2010-06)
2010-08,ey,6.8027,,,2010-08-31,,100/PE_ttm
2010-08,eyg,3.5726,,,2010-08-31,,100/PE_ttm - cn10y
2010-08,term_spread,1.0614,,,2010-08-31,,cn10y - cn2y
2010-08,pmi_gap,1.2000,,,2010-08-20,,gro.pmi - 50
2010-08,m1_m2_gap,5.3000,,,2010-08-20,M1_PRE_2025,m1_yoy - m2_yoy (ref=2010-07)
2010-09,ey,6.8027,,,2010-09-30,,100/PE_ttm
2010-09,eyg,3.4844,,,2010-09-30,,100/PE_ttm - cn10y
2010-09,term_spread,1.1444,,,2010-09-30,,cn10y - cn2y
2010-09,pmi_gap,1.7000,,,2010-09-20,,gro.pmi - 50
2010-09,m1_m2_gap,2.7000,,,2010-09-20,M1_PRE_2025,m1_yoy - m2_yoy (ref=2010-08)
2010-10,ey,6.2422,,,2010-10-29,,100/PE_ttm
2010-10,eyg,2.5601,,,2010-10-29,,100/PE_ttm - cn10y
2010-10,term_spread,1.2999,,,2010-10-29,,cn10y - cn2y
2010-10,pmi_gap,3.8000,,,2010-10-20,,gro.pmi - 50
2010-10,m1_m2_gap,1.9000,,,2010-10-20,M1_PRE_2025,m1_yoy - m2_yoy (ref=2010-09)
2010-11,ey,6.7476,,,2010-11-30,,100/PE_ttm
2010-11,eyg,2.7766,,,2010-11-30,,100/PE_ttm - cn10y
2010-11,term_spread,0.9513,,,2010-11-30,,cn10y - cn2y
2010-11,pmi_gap,4.7000,,,2010-11-20,,gro.pmi - 50
2010-11,m1_m2_gap,2.8000,,,2010-11-20,M1_PRE_2025,m1_yoy - m2_yoy (ref=2010-10)
2010-12,ey,6.6711,,,2010-12-31,,100/PE_ttm
2010-12,eyg,2.7912,,,2010-12-31,,100/PE_ttm - cn10y
2010-12,term_spread,0.5091,,,2010-12-31,,cn10y - cn2y
2010-12,pmi_gap,5.2000,,,2010-12-20,,gro.pmi - 50
2010-12,m1_m2_gap,2.6000,,,2010-12-20,M1_PRE_2025,m1_yoy - m2_yoy (ref=2010-11)
2011-01,ey,6.6534,,,2011-01-31,,100/PE_ttm
2011-01,eyg,2.6347,,,2011-01-31,,100/PE_ttm - cn10y
2011-01,term_spread,0.7559,,,2011-01-31,,cn10y - cn2y
2011-01,pmi_gap,3.9000,,,2011-01-20,,gro.pmi - 50
2011-01,m1_m2_gap,1.5000,,,2011-01-20,M1_PRE_2025,m1_yoy - m2_yoy (ref=2010-12)
2011-02,ey,6.4725,,,2011-02-28,,100/PE_ttm
2011-02,eyg,2.5411,,,2011-02-28,,100/PE_ttm - cn10y
2011-02,term_spread,0.6821,,,2011-02-28,,cn10y - cn2y
2011-02,pmi_gap,2.9000,,,2011-02-20,,gro.pmi - 50
2011-02,m1_m2_gap,-3.6000,,,2011-02-20,M1_PRE_2025,m1_yoy - m2_yoy (ref=2011-01)
2011-03,ey,6.6578,,,2011-03-31,,100/PE_ttm
2011-03,eyg,2.7458,,,2011-03-31,,100/PE_ttm - cn10y
2011-03,term_spread,0.7324,,,2011-03-31,,cn10y - cn2y
2011-03,pmi_gap,2.2000,,,2011-03-20,,gro.pmi - 50
2011-03,m1_m2_gap,-1.2000,,,2011-03-20,M1_PRE_2025,m1_yoy - m2_yoy (ref=2011-02)
2011-04,ey,7.0621,,,2011-04-29,,100/PE_ttm
2011-04,eyg,3.1908,,,2011-04-29,,100/PE_ttm - cn10y
2011-04,term_spread,0.7733,,,2011-04-29,,cn10y - cn2y
2011-04,pmi_gap,3.4000,,,2011-04-20,,gro.pmi - 50
2011-04,m1_m2_gap,-1.6000,,,2011-04-20,M1_PRE_2025,m1_yoy - m2_yoy (ref=2011-03)
2011-05,ey,7.4906,,,2011-05-31,,100/PE_ttm
2011-05,eyg,3.6595,,,2011-05-31,,100/PE_ttm - cn10y
2011-05,term_spread,0.6486,,,2011-05-31,,cn10y - cn2y
2011-05,pmi_gap,2.9000,,,2011-05-20,,gro.pmi - 50
2011-05,m1_m2_gap,-2.4000,,,2011-05-20,M1_PRE_2025,m1_yoy - m2_yoy (ref=2011-04)
2011-06,ey,7.4460,,,2011-06-30,,100/PE_ttm
2011-06,eyg,3.5603,,,2011-06-30,,100/PE_ttm - cn10y
2011-06,term_spread,0.4138,,,2011-06-30,,cn10y - cn2y
2011-06,pmi_gap,2.0000,,,2011-06-20,,gro.pmi - 50
2011-06,m1_m2_gap,-2.4000,,,2011-06-20,M1_PRE_2025,m1_yoy - m2_yoy (ref=2011-05)
2011-07,ey,7.5873,,,2011-07-29,,100/PE_ttm
2011-07,eyg,3.5396,,,2011-07-29,,100/PE_ttm - cn10y
2011-07,term_spread,0.3235,,,2011-07-29,,cn10y - cn2y
2011-07,pmi_gap,0.9000,,,2011-07-20,,gro.pmi - 50
2011-07,m1_m2_gap,-2.8000,,,2011-07-20,M1_PRE_2025,m1_yoy - m2_yoy (ref=2011-06)
2011-08,ey,8.3403,,,2011-08-31,,100/PE_ttm
2011-08,eyg,4.2353,,,2011-08-31,,100/PE_ttm - cn10y
2011-08,term_spread,0.2127,,,2011-08-31,,cn10y - cn2y
2011-08,pmi_gap,0.7000,,,2011-08-20,,gro.pmi - 50
2011-08,m1_m2_gap,-3.1000,,,2011-08-20,M1_PRE_2025,m1_yoy - m2_yoy (ref=2011-07)
2011-09,ey,8.9847,,,2011-09-30,,100/PE_ttm
2011-09,eyg,5.1242,,,2011-09-30,,100/PE_ttm - cn10y
2011-09,term_spread,0.1890,,,2011-09-30,,cn10y - cn2y
2011-09,pmi_gap,0.9000,,,2011-09-20,,gro.pmi - 50
2011-09,m1_m2_gap,-2.3000,,,2011-09-20,M1_PRE_2025,m1_yoy - m2_yoy (ref=2011-08)
2011-10,ey,8.9127,,,2011-10-31,,100/PE_ttm
2011-10,eyg,5.1520,,,2011-10-31,,100/PE_ttm - cn10y
2011-10,term_spread,0.3405,,,2011-10-31,,cn10y - cn2y
2011-10,pmi_gap,1.2000,,,2011-10-20,,gro.pmi - 50
2011-10,m1_m2_gap,-4.1900,,,2011-10-20,M1_PRE_2025,m1_yoy - m2_yoy (ref=2011-09)
2011-11,ey,9.3985,,,2011-11-30,,100/PE_ttm
2011-11,eyg,5.7894,,,2011-11-30,,100/PE_ttm - cn10y
2011-11,term_spread,0.6238,,,2011-11-30,,cn10y - cn2y
2011-11,pmi_gap,0.4000,,,2011-11-20,,gro.pmi - 50
2011-11,m1_m2_gap,-4.5000,,,2011-11-20,M1_PRE_2025,m1_yoy - m2_yoy (ref=2011-10)
2011-12,ey,9.7466,,,2011-12-30,,100/PE_ttm
2011-12,eyg,6.3163,,,2011-12-30,,100/PE_ttm - cn10y
2011-12,term_spread,0.6150,,,2011-12-30,,cn10y - cn2y
2011-12,pmi_gap,-1.0000,,,2011-12-20,,gro.pmi - 50
2011-12,m1_m2_gap,-4.9000,,,2011-12-20,M1_PRE_2025,m1_yoy - m2_yoy (ref=2011-11)
2012-01,ey,9.2421,,,2012-01-31,,100/PE_ttm
2012-01,eyg,5.8357,,,2012-01-31,,100/PE_ttm - cn10y
2012-01,term_spread,0.5658,,,2012-01-31,,cn10y - cn2y
2012-01,pmi_gap,0.3000,,,2012-01-20,,gro.pmi - 50
2012-01,m1_m2_gap,-5.7000,,,2012-01-20,M1_PRE_2025,m1_yoy - m2_yoy (ref=2011-12)
2012-02,ey,8.8106,,,2012-02-29,,100/PE_ttm
2012-02,eyg,5.2766,,,2012-02-29,,100/PE_ttm - cn10y
2012-02,term_spread,0.5186,,,2012-02-29,,cn10y - cn2y
2012-02,pmi_gap,0.5000,,,2012-02-20,,gro.pmi - 50
2012-02,m1_m2_gap,-9.3000,,,2012-02-20,M1_PRE_2025,m1_yoy - m2_yoy (ref=2012-01)
2012-03,ey,9.3197,,,2012-03-30,,100/PE_ttm
2012-03,eyg,5.8143,,,2012-03-30,,100/PE_ttm - cn10y
2012-03,term_spread,0.6467,,,2012-03-30,,cn10y - cn2y
2012-03,pmi_gap,1.0000,,,2012-03-20,,gro.pmi - 50
2012-03,m1_m2_gap,-8.7000,,,2012-03-20,M1_PRE_2025,m1_yoy - m2_yoy (ref=2012-02)
2012-04,ey,8.9047,,,2012-04-27,,100/PE_ttm
2012-04,eyg,5.3658,,,2012-04-27,,100/PE_ttm - cn10y
2012-04,term_spread,0.6339,,,2012-04-27,,cn10y - cn2y
2012-04,pmi_gap,3.1000,,,2012-04-20,,gro.pmi - 50
2012-04,m1_m2_gap,-9.0000,,,2012-04-20,M1_PRE_2025,m1_yoy - m2_yoy (ref=2012-03)
2012-05,ey,9.2251,,,2012-05-31,,100/PE_ttm
2012-05,eyg,5.8808,,,2012-05-31,,100/PE_ttm - cn10y
2012-05,term_spread,0.9312,,,2012-05-31,,cn10y - cn2y
2012-05,pmi_gap,3.3000,,,2012-05-20,,gro.pmi - 50
2012-05,m1_m2_gap,-9.7000,,,2012-05-20,M1_PRE_2025,m1_yoy - m2_yoy (ref=2012-04)
2012-06,ey,9.8039,,,2012-06-29,,100/PE_ttm
2012-06,eyg,6.4786,,,2012-06-29,,100/PE_ttm - cn10y
2012-06,term_spread,0.9744,,,2012-06-29,,cn10y - cn2y
2012-06,pmi_gap,0.4000,,,2012-06-20,,gro.pmi - 50
2012-06,m1_m2_gap,-9.7000,,,2012-06-20,M1_PRE_2025,m1_yoy - m2_yoy (ref=2012-05)
2012-07,ey,10.0908,,,2012-07-31,,100/PE_ttm
2012-07,eyg,6.7993,,,2012-07-31,,100/PE_ttm - cn10y
2012-07,term_spread,0.9206,,,2012-07-31,,cn10y - cn2y
2012-07,pmi_gap,0.2000,,,2012-07-20,,gro.pmi - 50
2012-07,m1_m2_gap,-8.9000,,,2012-07-20,M1_PRE_2025,m1_yoy - m2_yoy (ref=2012-06)
2012-08,ey,10.5597,,,2012-08-31,,100/PE_ttm
2012-08,eyg,7.1669,,,2012-08-31,,100/PE_ttm - cn10y
2012-08,term_spread,0.5299,,,2012-08-31,,cn10y - cn2y
2012-08,pmi_gap,0.1000,,,2012-08-20,,gro.pmi - 50
2012-08,m1_m2_gap,-9.3000,,,2012-08-20,M1_PRE_2025,m1_yoy - m2_yoy (ref=2012-07)
2012-09,ey,10.3306,,,2012-09-28,,100/PE_ttm
2012-09,eyg,6.8731,,,2012-09-28,,100/PE_ttm - cn10y
2012-09,term_spread,0.5284,,,2012-09-28,,cn10y - cn2y
2012-09,pmi_gap,-0.8000,,,2012-09-20,,gro.pmi - 50
2012-09,m1_m2_gap,-9.0000,,,2012-09-20,M1_PRE_2025,m1_yoy - m2_yoy (ref=2012-08)
2012-10,ey,10.5708,,,2012-10-31,,100/PE_ttm
2012-10,eyg,6.9969,,,2012-10-31,,100/PE_ttm - cn10y
2012-10,term_spread,0.5496,,,2012-10-31,,cn10y - cn2y
2012-10,pmi_gap,-0.2000,,,2012-10-20,,gro.pmi - 50
2012-10,m1_m2_gap,-7.5000,,,2012-10-20,M1_PRE_2025,m1_yoy - m2_yoy (ref=2012-09)
2012-11,ey,10.9051,,,2012-11-30,,100/PE_ttm
2012-11,eyg,7.3719,,,2012-11-30,,100/PE_ttm - cn10y
2012-11,term_spread,0.5058,,,2012-11-30,,cn10y - cn2y
2012-11,pmi_gap,0.2000,,,2012-11-20,,gro.pmi - 50
2012-11,m1_m2_gap,-8.0000,,,2012-11-20,M1_PRE_2025,m1_yoy - m2_yoy (ref=2012-10)
2012-12,ey,9.5329,,,2012-12-31,,100/PE_ttm
2012-12,eyg,5.9591,,,2012-12-31,,100/PE_ttm - cn10y
2012-12,term_spread,0.5149,,,2012-12-31,,cn10y - cn2y
2012-12,pmi_gap,0.6000,,,2012-12-20,,gro.pmi - 50
2012-12,m1_m2_gap,-8.4000,,,2012-12-20,M1_PRE_2025,m1_yoy - m2_yoy (ref=2012-11)
2013-01,ey,9.0090,,,2013-01-31,,100/PE_ttm
2013-01,eyg,5.4036,,,2013-01-31,,100/PE_ttm - cn10y
2013-01,term_spread,0.5493,,,2013-01-31,,cn10y - cn2y
2013-01,pmi_gap,0.6000,,,2013-01-20,,gro.pmi - 50
2013-01,m1_m2_gap,-7.3000,,,2013-01-20,M1_PRE_2025,m1_yoy - m2_yoy (ref=2012-12)
2013-02,ey,9.1659,,,2013-02-28,,100/PE_ttm
2013-02,eyg,5.5702,,,2013-02-28,,100/PE_ttm - cn10y
2013-02,term_spread,0.5190,,,2013-02-28,,cn10y - cn2y
2013-02,pmi_gap,0.4000,,,2013-02-20,,gro.pmi - 50
2013-02,m1_m2_gap,-0.6000,,,2013-02-20,M1_PRE_2025,m1_yoy - m2_yoy (ref=2013-01)
2013-03,ey,9.9010,,,2013-03-29,,100/PE_ttm
2013-03,eyg,6.3618,,,2013-03-29,,100/PE_ttm - cn10y
2013-03,term_spread,0.5047,,,2013-03-29,,cn10y - cn2y
2013-03,pmi_gap,0.1000,,,2013-03-20,,gro.pmi - 50
2013-03,m1_m2_gap,-5.7000,,,2013-03-20,M1_PRE_2025,m1_yoy - m2_yoy (ref=2013-02)
2013-04,ey,10.2564,,,2013-04-26,,100/PE_ttm
2013-04,eyg,6.8251,,,2013-04-26,,100/PE_ttm - cn10y
2013-04,term_spread,0.4648,,,2013-04-26,,cn10y - cn2y
2013-04,pmi_gap,0.9000,,,2013-04-20,,gro.pmi - 50
2013-04,m1_m2_gap,-3.8000,,,2013-04-20,M1_PRE_2025,m1_yoy - m2_yoy (ref=2013-03)
2013-05,ey,9.9502,,,2013-05-31,,100/PE_ttm
2013-05,eyg,6.5103,,,2013-05-31,,100/PE_ttm - cn10y
2013-05,term_spread,0.3945,,,2013-05-31,,cn10y - cn2y
2013-05,pmi_gap,0.6000,,,2013-05-20,,gro.pmi - 50
2013-05,m1_m2_gap,-4.2000,,,2013-05-20,M1_PRE_2025,m1_yoy - m2_yoy (ref=2013-04)
2013-06,ey,11.5207,,,2013-06-28,,100/PE_ttm
2013-06,eyg,8.0082,,,2013-06-28,,100/PE_ttm - cn10y
2013-06,term_spread,0.2933,,,2013-06-28,,cn10y - cn2y
2013-06,pmi_gap,0.8000,,,2013-06-20,,gro.pmi - 50
2013-06,m1_m2_gap,-4.5000,,,2013-06-20,M1_PRE_2025,m1_yoy - m2_yoy (ref=2013-05)
2013-07,ey,11.4155,,,2013-07-31,,100/PE_ttm
2013-07,eyg,7.6941,,,2013-07-31,,100/PE_ttm - cn10y
2013-07,term_spread,0.1845,,,2013-07-31,,cn10y - cn2y
2013-07,pmi_gap,0.1000,,,2013-07-20,,gro.pmi - 50
2013-07,m1_m2_gap,-4.9000,,,2013-07-20,M1_PRE_2025,m1_yoy - m2_yoy (ref=2013-06)
2013-08,ey,11.4155,,,2013-08-30,,100/PE_ttm
2013-08,eyg,7.3801,,,2013-08-30,,100/PE_ttm - cn10y
2013-08,term_spread,0.2346,,,2013-08-30,,cn10y - cn2y
2013-08,pmi_gap,0.3000,,,2013-08-20,,gro.pmi - 50
2013-08,m1_m2_gap,-4.8000,,,2013-08-20,M1_PRE_2025,m1_yoy - m2_yoy (ref=2013-07)
2013-09,ey,11.0865,,,2013-09-30,,100/PE_ttm
2013-09,eyg,7.0911,,,2013-09-30,,100/PE_ttm - cn10y
2013-09,term_spread,0.2214,,,2013-09-30,,cn10y - cn2y
2013-09,pmi_gap,1.0000,,,2013-09-20,,gro.pmi - 50
2013-09,m1_m2_gap,-4.8000,,,2013-09-20,M1_PRE_2025,m1_yoy - m2_yoy (ref=2013-08)
2013-10,ey,11.5741,,,2013-10-31,,100/PE_ttm
2013-10,eyg,7.3935,,,2013-10-31,,100/PE_ttm - cn10y
2013-10,term_spread,0.2017,,,2013-10-31,,cn10y - cn2y
2013-10,pmi_gap,1.1000,,,2013-10-20,,gro.pmi - 50
2013-10,m1_m2_gap,-5.3000,,,2013-10-20,M1_PRE_2025,m1_yoy - m2_yoy (ref=2013-09)
2013-11,ey,11.2486,,,2013-11-29,,100/PE_ttm
2013-11,eyg,6.8874,,,2013-11-29,,100/PE_ttm - cn10y
2013-11,term_spread,0.1950,,,2013-11-29,,cn10y - cn2y
2013-11,pmi_gap,1.4000,,,2013-11-20,,gro.pmi - 50
2013-11,m1_m2_gap,-5.4000,,,2013-11-20,M1_PRE_2025,m1_yoy - m2_yoy (ref=2013-10)
2013-12,ey,11.6009,,,2013-12-31,,100/PE_ttm
2013-12,eyg,7.0491,,,2013-12-31,,100/PE_ttm - cn10y
2013-12,term_spread,0.2140,,,2013-12-31,,cn10y - cn2y
2013-12,pmi_gap,1.4000,,,2013-12-20,,gro.pmi - 50
2013-12,m1_m2_gap,-4.8000,,,2013-12-20,M1_PRE_2025,m1_yoy - m2_yoy (ref=2013-11)
2014-01,ey,12.1951,,,2014-01-30,,100/PE_ttm
2014-01,eyg,7.6932,,,2014-01-30,,100/PE_ttm - cn10y
2014-01,term_spread,0.6839,,,2014-01-30,,cn10y - cn2y
2014-01,pmi_gap,1.0000,,,2014-01-20,,gro.pmi - 50
2014-01,m1_m2_gap,-4.3000,,,2014-01-20,M1_PRE_2025,m1_yoy - m2_yoy (ref=2013-12)
2014-02,ey,12.2100,,,2014-02-28,,100/PE_ttm
2014-02,eyg,7.7824,,,2014-02-28,,100/PE_ttm - cn10y
2014-02,term_spread,0.8877,,,2014-02-28,,cn10y - cn2y
2014-02,pmi_gap,0.5000,,,2014-02-20,,gro.pmi - 50
2014-02,m1_m2_gap,-12.0000,,,2014-02-20,M1_PRE_2025,m1_yoy - m2_yoy (ref=2014-01)
2014-03,ey,12.3305,,,2014-03-31,,100/PE_ttm
2014-03,eyg,7.8301,,,2014-03-31,,100/PE_ttm - cn10y
2014-03,term_spread,1.0949,,,2014-03-31,,cn10y - cn2y
2014-03,pmi_gap,0.2000,,,2014-03-20,,gro.pmi - 50
2014-03,m1_m2_gap,-6.4000,,,2014-03-20,M1_PRE_2025,m1_yoy - m2_yoy (ref=2014-02)
2014-04,ey,12.5628,,,2014-04-30,,100/PE_ttm
2014-04,eyg,8.2626,,,2014-04-30,,100/PE_ttm - cn10y
2014-04,term_spread,0.5762,,,2014-04-30,,cn10y - cn2y
2014-04,pmi_gap,0.3000,,,2014-04-20,,gro.pmi - 50
2014-04,m1_m2_gap,-6.7000,,,2014-04-20,M1_PRE_2025,m1_yoy - m2_yoy (ref=2014-03)
2014-05,ey,12.4688,,,2014-05-30,,100/PE_ttm
2014-05,eyg,8.3974,,,2014-05-30,,100/PE_ttm - cn10y
2014-05,term_spread,0.4004,,,2014-05-30,,cn10y - cn2y
2014-05,pmi_gap,0.4000,,,2014-05-20,,gro.pmi - 50
2014-05,m1_m2_gap,-7.7000,,,2014-05-20,M1_PRE_2025,m1_yoy - m2_yoy (ref=2014-04)
2014-06,ey,12.2699,,,2014-06-30,,100/PE_ttm
2014-06,eyg,8.2087,,,2014-06-30,,100/PE_ttm - cn10y
2014-06,term_spread,0.4581,,,2014-06-30,,cn10y - cn2y
2014-06,pmi_gap,0.8000,,,2014-06-20,,gro.pmi - 50
2014-06,m1_m2_gap,-7.7000,,,2014-06-20,M1_PRE_2025,m1_yoy - m2_yoy (ref=2014-05)
2014-07,ey,11.4679,,,2014-07-31,,100/PE_ttm
2014-07,eyg,7.2024,,,2014-07-31,,100/PE_ttm - cn10y
2014-07,term_spread,0.3917,,,2014-07-31,,cn10y - cn2y
2014-07,pmi_gap,1.0000,,,2014-07-20,,gro.pmi - 50
2014-07,m1_m2_gap,-5.8000,,,2014-07-20,M1_PRE_2025,m1_yoy - m2_yoy (ref=2014-06)
2014-08,ey,11.8343,,,2014-08-29,,100/PE_ttm
2014-08,eyg,7.5982,,,2014-08-29,,100/PE_ttm - cn10y
2014-08,term_spread,0.3329,,,2014-08-29,,cn10y - cn2y
2014-08,pmi_gap,1.7000,,,2014-08-20,,gro.pmi - 50
2014-08,m1_m2_gap,-6.8000,,,2014-08-20,M1_PRE_2025,m1_yoy - m2_yoy (ref=2014-07)
2014-09,ey,11.4416,,,2014-09-30,,100/PE_ttm
2014-09,eyg,7.4592,,,2014-09-30,,100/PE_ttm - cn10y
2014-09,term_spread,0.1707,,,2014-09-30,,cn10y - cn2y
2014-09,pmi_gap,1.1000,,,2014-09-20,,gro.pmi - 50
2014-09,m1_m2_gap,-7.1000,,,2014-09-20,M1_PRE_2025,m1_yoy - m2_yoy (ref=2014-08)
2014-10,ey,11.3766,,,2014-10-31,,100/PE_ttm
2014-10,eyg,7.6207,,,2014-10-31,,100/PE_ttm - cn10y
2014-10,term_spread,0.3582,,,2014-10-31,,cn10y - cn2y
2014-10,pmi_gap,1.1000,,,2014-10-20,,gro.pmi - 50
2014-10,m1_m2_gap,-8.1000,,,2014-10-20,M1_PRE_2025,m1_yoy - m2_yoy (ref=2014-09)
2014-11,ey,10.1729,,,2014-11-28,,100/PE_ttm
2014-11,eyg,6.6480,,,2014-11-28,,100/PE_ttm - cn10y
2014-11,term_spread,0.3605,,,2014-11-28,,cn10y - cn2y
2014-11,pmi_gap,0.8000,,,2014-11-20,,gro.pmi - 50
2014-11,m1_m2_gap,-9.4000,,,2014-11-20,M1_PRE_2025,m1_yoy - m2_yoy (ref=2014-10)
2014-12,ey,7.8493,,,2014-12-31,,100/PE_ttm
2014-12,eyg,4.2274,,,2014-12-31,,100/PE_ttm - cn10y
2014-12,term_spread,0.3137,,,2014-12-31,,cn10y - cn2y
2014-12,pmi_gap,0.3000,,,2014-12-20,,gro.pmi - 50
2014-12,m1_m2_gap,-9.1000,,,2014-12-20,M1_PRE_2025,m1_yoy - m2_yoy (ref=2014-11)
2015-01,ey,8.0257,,,2015-01-30,,100/PE_ttm
2015-01,eyg,4.5238,,,2015-01-30,,100/PE_ttm - cn10y
2015-01,term_spread,0.3466,,,2015-01-30,,cn10y - cn2y
2015-01,pmi_gap,0.1000,,,2015-01-20,,gro.pmi - 50
2015-01,m1_m2_gap,-9.0000,,,2015-01-20,M1_PRE_2025,m1_yoy - m2_yoy (ref=2014-12)
2015-02,ey,7.8064,,,2015-02-27,,100/PE_ttm
2015-02,eyg,4.4319,,,2015-02-27,,100/PE_ttm - cn10y
2015-02,term_spread,0.2959,,,2015-02-27,,cn10y - cn2y
2015-02,pmi_gap,-0.2000,,,2015-02-20,,gro.pmi - 50
2015-02,m1_m2_gap,-0.2000,,,2015-02-20,M1_PRE_2025,m1_yoy - m2_yoy (ref=2015-01)
2015-03,ey,6.9156,,,2015-03-31,,100/PE_ttm
2015-03,eyg,3.2673,,,2015-03-31,,100/PE_ttm - cn10y
2015-03,term_spread,0.3832,,,2015-03-31,,cn10y - cn2y
2015-03,pmi_gap,-0.1000,,,2015-03-20,,gro.pmi - 50
2015-03,m1_m2_gap,-6.9000,,,2015-03-20,M1_PRE_2025,m1_yoy - m2_yoy (ref=2015-02)
2015-04,ey,6.0314,,,2015-04-30,,100/PE_ttm
2015-04,eyg,2.6811,,,2015-04-30,,100/PE_ttm - cn10y
2015-04,term_spread,0.4024,,,2015-04-30,,cn10y - cn2y
2015-04,pmi_gap,0.1000,,,2015-04-20,,gro.pmi - 50
2015-04,m1_m2_gap,-8.7000,,,2015-04-20,M1_PRE_2025,m1_yoy - m2_yoy (ref=2015-03)
2015-05,ey,6.1200,,,2015-05-29,,100/PE_ttm
2015-05,eyg,2.5246,,,2015-05-29,,100/PE_ttm - cn10y
2015-05,term_spread,1.1497,,,2015-05-29,,cn10y - cn2y
2015-05,pmi_gap,0.1000,,,2015-05-20,,gro.pmi - 50
2015-05,m1_m2_gap,-6.4000,,,2015-05-20,M1_PRE_2025,m1_yoy - m2_yoy (ref=2015-04)
2015-06,ey,6.2073,,,2015-06-30,,100/PE_ttm
2015-06,eyg,2.6097,,,2015-06-30,,100/PE_ttm - cn10y
2015-06,term_spread,1.2546,,,2015-06-30,,cn10y - cn2y
2015-06,pmi_gap,0.2000,,,2015-06-20,,gro.pmi - 50
2015-06,m1_m2_gap,-6.1000,,,2015-06-20,M1_PRE_2025,m1_yoy - m2_yoy (ref=2015-05)
2015-07,ey,7.2359,,,2015-07-31,,100/PE_ttm
2015-07,eyg,3.7607,,,2015-07-31,,100/PE_ttm - cn10y
2015-07,term_spread,0.9045,,,2015-07-31,,cn10y - cn2y
2015-07,pmi_gap,0.2000,,,2015-07-20,,gro.pmi - 50
2015-07,m1_m2_gap,-7.5000,,,2015-07-20,M1_PRE_2025,m1_yoy - m2_yoy (ref=2015-06)
2015-08,ey,8.5543,,,2015-08-31,,100/PE_ttm
2015-08,eyg,5.2291,,,2015-08-31,,100/PE_ttm - cn10y
2015-08,term_spread,0.7183,,,2015-08-31,,cn10y - cn2y
2015-08,pmi_gap,0.0000,,,2015-08-20,,gro.pmi - 50
2015-08,m1_m2_gap,-6.7000,,,2015-08-20,M1_PRE_2025,m1_yoy - m2_yoy (ref=2015-07)
2015-09,ey,8.9127,,,2015-09-30,,100/PE_ttm
2015-09,eyg,5.6765,,,2015-09-30,,100/PE_ttm - cn10y
2015-09,term_spread,0.5647,,,2015-09-30,,cn10y - cn2y
2015-09,pmi_gap,-0.3000,,,2015-09-20,,gro.pmi - 50
2015-09,m1_m2_gap,-4.0000,,,2015-09-20,M1_PRE_2025,m1_yoy - m2_yoy (ref=2015-08)
2015-10,ey,8.0386,,,2015-10-30,,100/PE_ttm
2015-10,eyg,4.9786,,,2015-10-30,,100/PE_ttm - cn10y
2015-10,term_spread,0.5120,,,2015-10-30,,cn10y - cn2y
2015-10,pmi_gap,-0.2000,,,2015-10-20,,gro.pmi - 50
2015-10,m1_m2_gap,-1.7000,,,2015-10-20,M1_PRE_2025,m1_yoy - m2_yoy (ref=2015-09)
2015-11,ey,8.0580,,,2015-11-30,,100/PE_ttm
2015-11,eyg,5.0176,,,2015-11-30,,100/PE_ttm - cn10y
2015-11,term_spread,0.3254,,,2015-11-30,,cn10y - cn2y
2015-11,pmi_gap,-0.2000,,,2015-11-20,,gro.pmi - 50
2015-11,m1_m2_gap,0.5000,,,2015-11-20,M1_PRE_2025,m1_yoy - m2_yoy (ref=2015-10)
2015-12,ey,7.6864,,,2015-12-31,,100/PE_ttm
2015-12,eyg,4.8652,,,2015-12-31,,100/PE_ttm - cn10y
2015-12,term_spread,0.3977,,,2015-12-31,,cn10y - cn2y
2015-12,pmi_gap,-0.4000,,,2015-12-20,,gro.pmi - 50
2015-12,m1_m2_gap,2.0000,,,2015-12-20,M1_PRE_2025,m1_yoy - m2_yoy (ref=2015-11)
2016-01,ey,9.5511,,,2016-01-29,,100/PE_ttm
2016-01,eyg,6.7092,,,2016-01-29,,100/PE_ttm - cn10y
2016-01,term_spread,0.3647,,,2016-01-29,,cn10y - cn2y
2016-01,pmi_gap,-0.3000,,,2016-01-20,,gro.pmi - 50
2016-01,m1_m2_gap,1.9000,,,2016-01-20,M1_PRE_2025,m1_yoy - m2_yoy (ref=2015-12)
2016-02,ey,9.7466,,,2016-02-29,,100/PE_ttm
2016-02,eyg,6.8964,,,2016-02-29,,100/PE_ttm - cn10y
2016-02,term_spread,0.4342,,,2016-02-29,,cn10y - cn2y
2016-02,pmi_gap,-0.6000,,,2016-02-20,,gro.pmi - 50
2016-02,m1_m2_gap,4.6000,,,2016-02-20,M1_PRE_2025,m1_yoy - m2_yoy (ref=2016-01)
2016-03,ey,8.7413,,,2016-03-31,,100/PE_ttm
2016-03,eyg,5.8994,,,2016-03-31,,100/PE_ttm - cn10y
2016-03,term_spread,0.6571,,,2016-03-31,,cn10y - cn2y
2016-03,pmi_gap,-1.0000,,,2016-03-20,,gro.pmi - 50
2016-03,m1_m2_gap,4.1000,,,2016-03-20,M1_PRE_2025,m1_yoy - m2_yoy (ref=2016-02)
2016-04,ey,8.8339,,,2016-04-29,,100/PE_ttm
2016-04,eyg,5.9426,,,2016-04-29,,100/PE_ttm - cn10y
2016-04,term_spread,0.4529,,,2016-04-29,,cn10y - cn2y
2016-04,pmi_gap,0.2000,,,2016-04-20,,gro.pmi - 50
2016-04,m1_m2_gap,8.7000,,,2016-04-20,M1_PRE_2025,m1_yoy - m2_yoy (ref=2016-03)
2016-05,ey,8.8028,,,2016-05-31,,100/PE_ttm
2016-05,eyg,5.8177,,,2016-05-31,,100/PE_ttm - cn10y
2016-05,term_spread,0.5213,,,2016-05-31,,cn10y - cn2y
2016-05,pmi_gap,0.1000,,,2016-05-20,,gro.pmi - 50
2016-05,m1_m2_gap,10.1000,,,2016-05-20,M1_PRE_2025,m1_yoy - m2_yoy (ref=2016-04)
2016-06,ey,8.7951,,,2016-06-30,,100/PE_ttm
2016-06,eyg,5.9540,,,2016-06-30,,100/PE_ttm - cn10y
2016-06,term_spread,0.3542,,,2016-06-30,,cn10y - cn2y
2016-06,pmi_gap,0.1000,,,2016-06-20,,gro.pmi - 50
2016-06,m1_m2_gap,11.9000,,,2016-06-20,M1_PRE_2025,m1_yoy - m2_yoy (ref=2016-05)
2016-07,ey,8.5470,,,2016-07-29,,100/PE_ttm
2016-07,eyg,5.7702,,,2016-07-29,,100/PE_ttm - cn10y
2016-07,term_spread,0.4140,,,2016-07-29,,cn10y - cn2y
2016-07,pmi_gap,0.0000,,,2016-07-20,,gro.pmi - 50
2016-07,m1_m2_gap,12.8000,,,2016-07-20,M1_PRE_2025,m1_yoy - m2_yoy (ref=2016-06)
2016-08,ey,8.0906,,,2016-08-31,,100/PE_ttm
2016-08,eyg,5.3481,,,2016-08-31,,100/PE_ttm - cn10y
2016-08,term_spread,0.5032,,,2016-08-31,,cn10y - cn2y
2016-08,pmi_gap,-0.1000,,,2016-08-20,,gro.pmi - 50
2016-08,m1_m2_gap,15.2000,,,2016-08-20,M1_PRE_2025,m1_yoy - m2_yoy (ref=2016-07)
2016-09,ey,8.2988,,,2016-09-30,,100/PE_ttm
2016-09,eyg,5.5730,,,2016-09-30,,100/PE_ttm - cn10y
2016-09,term_spread,0.4649,,,2016-09-30,,cn10y - cn2y
2016-09,pmi_gap,0.4000,,,2016-09-20,,gro.pmi - 50
2016-09,m1_m2_gap,13.9000,,,2016-09-20,M1_PRE_2025,m1_yoy - m2_yoy (ref=2016-08)
2016-10,ey,8.2781,,,2016-10-31,,100/PE_ttm
2016-10,eyg,5.5356,,,2016-10-31,,100/PE_ttm - cn10y
2016-10,term_spread,0.4918,,,2016-10-31,,cn10y - cn2y
2016-10,pmi_gap,0.4000,,,2016-10-20,,gro.pmi - 50
2016-10,m1_m2_gap,13.2000,,,2016-10-20,M1_PRE_2025,m1_yoy - m2_yoy (ref=2016-09)
2016-11,ey,7.8431,,,2016-11-30,,100/PE_ttm
2016-11,eyg,4.8929,,,2016-11-30,,100/PE_ttm - cn10y
2016-11,term_spread,0.5254,,,2016-11-30,,cn10y - cn2y
2016-11,pmi_gap,1.2000,,,2016-11-20,,gro.pmi - 50
2016-11,m1_m2_gap,12.3000,,,2016-11-20,M1_PRE_2025,m1_yoy - m2_yoy (ref=2016-10)
2016-12,ey,8.1235,,,2016-12-30,,100/PE_ttm
2016-12,eyg,5.1120,,,2016-12-30,,100/PE_ttm - cn10y
2016-12,term_spread,0.3073,,,2016-12-30,,cn10y - cn2y
2016-12,pmi_gap,1.7000,,,2016-12-20,,gro.pmi - 50
2016-12,m1_m2_gap,11.3000,,,2016-12-20,M1_PRE_2025,m1_yoy - m2_yoy (ref=2016-11)
2017-01,ey,7.8247,,,2017-01-26,,100/PE_ttm
2017-01,eyg,4.4782,,,2017-01-26,,100/PE_ttm - cn10y
2017-01,term_spread,0.5728,,,2017-01-26,,cn10y - cn2y
2017-01,pmi_gap,1.4000,,,2017-01-20,,gro.pmi - 50
2017-01,m1_m2_gap,10.1000,,,2017-01-20,M1_PRE_2025,m1_yoy - m2_yoy (ref=2016-12)
2017-02,ey,7.7101,,,2017-02-28,,100/PE_ttm
2017-02,eyg,4.4180,,,2017-02-28,,100/PE_ttm - cn10y
2017-02,term_spread,0.4593,,,2017-02-28,,cn10y - cn2y
2017-02,pmi_gap,1.3000,,,2017-02-20,,gro.pmi - 50
2017-02,m1_m2_gap,3.7968,,,2017-02-20,M1_PRE_2025,m1_yoy - m2_yoy (ref=2017-01)
2017-03,ey,7.7821,,,2017-03-31,,100/PE_ttm
2017-03,eyg,4.4993,,,2017-03-31,,100/PE_ttm - cn10y
2017-03,term_spread,0.3520,,,2017-03-31,,cn10y - cn2y
2017-03,pmi_gap,1.6000,,,2017-03-20,,gro.pmi - 50
2017-03,m1_m2_gap,10.9500,,,2017-03-20,M1_PRE_2025,m1_yoy - m2_yoy (ref=2017-02)
2017-04,ey,7.8802,,,2017-04-28,,100/PE_ttm
2017-04,eyg,4.4134,,,2017-04-28,,100/PE_ttm - cn10y
2017-04,term_spread,0.2520,,,2017-04-28,,cn10y - cn2y
2017-04,pmi_gap,1.8000,,,2017-04-20,,gro.pmi - 50
2017-04,m1_m2_gap,8.6822,,,2017-04-20,M1_PRE_2025,m1_yoy - m2_yoy (ref=2017-03)
2017-05,ey,7.7821,,,2017-05-31,,100/PE_ttm
2017-05,eyg,4.1719,,,2017-05-31,,100/PE_ttm - cn10y
2017-05,term_spread,0.0496,,,2017-05-31,,cn10y - cn2y
2017-05,pmi_gap,1.2000,,,2017-05-20,,gro.pmi - 50
2017-05,m1_m2_gap,8.6574,,,2017-05-20,M1_PRE_2025,m1_yoy - m2_yoy (ref=2017-04)
2017-06,ey,7.4683,,,2017-06-30,,100/PE_ttm
2017-06,eyg,3.9000,,,2017-06-30,,100/PE_ttm - cn10y
2017-06,term_spread,0.0743,,,2017-06-30,,cn10y - cn2y
2017-06,pmi_gap,1.2000,,,2017-06-20,,gro.pmi - 50
2017-06,m1_m2_gap,7.8711,,,2017-06-20,M1_PRE_2025,m1_yoy - m2_yoy (ref=2017-05)
2017-07,ey,7.2569,,,2017-07-31,,100/PE_ttm
2017-07,eyg,3.6309,,,2017-07-31,,100/PE_ttm - cn10y
2017-07,term_spread,0.1622,,,2017-07-31,,cn10y - cn2y
2017-07,pmi_gap,1.7000,,,2017-07-20,,gro.pmi - 50
2017-07,m1_m2_gap,5.8987,,,2017-07-20,M1_PRE_2025,m1_yoy - m2_yoy (ref=2017-06)
2017-08,ey,7.2046,,,2017-08-31,,100/PE_ttm
2017-08,eyg,3.5781,,,2017-08-31,,100/PE_ttm - cn10y
2017-08,term_spread,0.1470,,,2017-08-31,,cn10y - cn2y
2017-08,pmi_gap,1.4000,,,2017-08-20,,gro.pmi - 50
2017-08,m1_m2_gap,6.4100,,,2017-08-20,M1_PRE_2025,m1_yoy - m2_yoy (ref=2017-07)
2017-09,ey,7.2307,,,2017-09-29,,100/PE_ttm
2017-09,eyg,3.6171,,,2017-09-29,,100/PE_ttm - cn10y
2017-09,term_spread,0.0874,,,2017-09-29,,cn10y - cn2y
2017-09,pmi_gap,1.7000,,,2017-09-20,,gro.pmi - 50
2017-09,m1_m2_gap,5.4367,,,2017-09-20,M1_PRE_2025,m1_yoy - m2_yoy (ref=2017-08)
2017-10,ey,7.2254,,,2017-10-31,,100/PE_ttm
2017-10,eyg,3.3337,,,2017-10-31,,100/PE_ttm - cn10y
2017-10,term_spread,0.2651,,,2017-10-31,,cn10y - cn2y
2017-10,pmi_gap,2.4000,,,2017-10-20,,gro.pmi - 50
2017-10,m1_m2_gap,5.0240,,,2017-10-20,M1_PRE_2025,m1_yoy - m2_yoy (ref=2017-09)
2017-11,ey,7.2411,,,2017-11-30,,100/PE_ttm
2017-11,eyg,3.3510,,,2017-11-30,,100/PE_ttm - cn10y
2017-11,term_spread,0.1942,,,2017-11-30,,cn10y - cn2y
2017-11,pmi_gap,1.6000,,,2017-11-20,,gro.pmi - 50
2017-11,m1_m2_gap,4.1229,,,2017-11-20,M1_PRE_2025,m1_yoy - m2_yoy (ref=2017-10)
2017-12,ey,7.1174,,,2017-12-29,,100/PE_ttm
2017-12,eyg,3.2367,,,2017-12-29,,100/PE_ttm - cn10y
2017-12,term_spread,0.0960,,,2017-12-29,,cn10y - cn2y
2017-12,pmi_gap,1.8000,,,2017-12-20,,gro.pmi - 50
2017-12,m1_m2_gap,3.5852,,,2017-12-20,M1_PRE_2025,m1_yoy - m2_yoy (ref=2017-11)
2018-01,ey,6.5833,,,2018-01-31,,100/PE_ttm
2018-01,eyg,2.6693,,,2018-01-31,,100/PE_ttm - cn10y
2018-01,term_spread,0.3851,,,2018-01-31,,cn10y - cn2y
2018-01,pmi_gap,1.6000,,,2018-01-20,,gro.pmi - 50
2018-01,m1_m2_gap,3.7346,,,2018-01-20,M1_PRE_2025,m1_yoy - m2_yoy (ref=2017-12)
2018-02,ey,7.0822,,,2018-02-28,,100/PE_ttm
2018-02,eyg,3.2620,,,2018-02-28,,100/PE_ttm - cn10y
2018-02,term_spread,0.4698,,,2018-02-28,,cn10y - cn2y
2018-02,pmi_gap,1.3000,,,2018-02-20,,gro.pmi - 50
2018-02,m1_m2_gap,6.4000,,,2018-02-20,M1_PRE_2025,m1_yoy - m2_yoy (ref=2018-01)
2018-03,ey,7.4794,,,2018-03-30,,100/PE_ttm
2018-03,eyg,3.7387,,,2018-03-30,,100/PE_ttm - cn10y
2018-03,term_spread,0.3190,,,2018-03-30,,cn10y - cn2y
2018-03,pmi_gap,0.3000,,,2018-03-20,,gro.pmi - 50
2018-03,m1_m2_gap,-0.3000,,,2018-03-20,M1_PRE_2025,m1_yoy - m2_yoy (ref=2018-02)
2018-04,ey,7.8493,,,2018-04-27,,100/PE_ttm
2018-04,eyg,4.2129,,,2018-04-27,,100/PE_ttm - cn10y
2018-04,term_spread,0.5326,,,2018-04-27,,cn10y - cn2y
2018-04,pmi_gap,1.5000,,,2018-04-20,,gro.pmi - 50
2018-04,m1_m2_gap,-1.1000,,,2018-04-20,M1_PRE_2025,m1_yoy - m2_yoy (ref=2018-03)
2018-05,ey,7.9681,,,2018-05-31,,100/PE_ttm
2018-05,eyg,4.3552,,,2018-05-31,,100/PE_ttm - cn10y
2018-05,term_spread,0.3455,,,2018-05-31,,cn10y - cn2y
2018-05,pmi_gap,1.4000,,,2018-05-20,,gro.pmi - 50
2018-05,m1_m2_gap,-1.1000,,,2018-05-20,M1_PRE_2025,m1_yoy - m2_yoy (ref=2018-04)
2018-06,ey,8.4674,,,2018-06-29,,100/PE_ttm
2018-06,eyg,4.9918,,,2018-06-29,,100/PE_ttm - cn10y
2018-06,term_spread,0.2188,,,2018-06-29,,cn10y - cn2y
2018-06,pmi_gap,1.9000,,,2018-06-20,,gro.pmi - 50
2018-06,m1_m2_gap,-2.3000,,,2018-06-20,M1_PRE_2025,m1_yoy - m2_yoy (ref=2018-05)
2018-07,ey,8.3822,,,2018-07-31,,100/PE_ttm
2018-07,eyg,4.9010,,,2018-07-31,,100/PE_ttm - cn10y
2018-07,term_spread,0.5569,,,2018-07-31,,cn10y - cn2y
2018-07,pmi_gap,1.5000,,,2018-07-20,,gro.pmi - 50
2018-07,m1_m2_gap,-1.4000,,,2018-07-20,M1_PRE_2025,m1_yoy - m2_yoy (ref=2018-06)
2018-08,ey,9.0171,,,2018-08-31,,100/PE_ttm
2018-08,eyg,5.4420,,,2018-08-31,,100/PE_ttm - cn10y
2018-08,term_spread,0.5033,,,2018-08-31,,cn10y - cn2y
2018-08,pmi_gap,1.2000,,,2018-08-20,,gro.pmi - 50
2018-08,m1_m2_gap,-3.4000,,,2018-08-20,M1_PRE_2025,m1_yoy - m2_yoy (ref=2018-07)
2018-09,ey,8.6356,,,2018-09-28,,100/PE_ttm
2018-09,eyg,5.0203,,,2018-09-28,,100/PE_ttm - cn10y
2018-09,term_spread,0.4256,,,2018-09-28,,cn10y - cn2y
2018-09,pmi_gap,1.3000,,,2018-09-20,,gro.pmi - 50
2018-09,m1_m2_gap,-4.3000,,,2018-09-20,M1_PRE_2025,m1_yoy - m2_yoy (ref=2018-08)
2018-10,ey,9.4340,,,2018-10-31,,100/PE_ttm
2018-10,eyg,5.9254,,,2018-10-31,,100/PE_ttm - cn10y
2018-10,term_spread,0.5671,,,2018-10-31,,cn10y - cn2y
2018-10,pmi_gap,0.8000,,,2018-10-20,,gro.pmi - 50
2018-10,m1_m2_gap,-4.3000,,,2018-10-20,M1_PRE_2025,m1_yoy - m2_yoy (ref=2018-09)
2018-11,ey,9.5785,,,2018-11-30,,100/PE_ttm
2018-11,eyg,6.2235,,,2018-11-30,,100/PE_ttm - cn10y
2018-11,term_spread,0.6585,,,2018-11-30,,cn10y - cn2y
2018-11,pmi_gap,0.2000,,,2018-11-20,,gro.pmi - 50
2018-11,m1_m2_gap,-5.3000,,,2018-11-20,M1_PRE_2025,m1_yoy - m2_yoy (ref=2018-10)
2018-12,ey,9.9108,,,2018-12-28,,100/PE_ttm
2018-12,eyg,6.6793,,,2018-12-28,,100/PE_ttm - cn10y
2018-12,term_spread,0.5091,,,2018-12-28,,cn10y - cn2y
2018-12,pmi_gap,0.0000,,,2018-12-20,,gro.pmi - 50
2018-12,m1_m2_gap,-6.5000,,,2018-12-20,M1_PRE_2025,m1_yoy - m2_yoy (ref=2018-11)
2019-01,ey,9.3110,,,2019-01-31,,100/PE_ttm
2019-01,eyg,6.2073,,,2019-01-31,,100/PE_ttm - cn10y
2019-01,term_spread,0.5075,,,2019-01-31,,cn10y - cn2y
2019-01,pmi_gap,-0.6000,,,2019-01-20,,gro.pmi - 50
2019-01,m1_m2_gap,-6.6000,,,2019-01-20,M1_PRE_2025,m1_yoy - m2_yoy (ref=2018-12)
2019-02,ey,8.2919,,,2019-02-28,,100/PE_ttm
2019-02,eyg,5.1188,,,2019-02-28,,100/PE_ttm - cn10y
2019-02,term_spread,0.5696,,,2019-02-28,,cn10y - cn2y
2019-02,pmi_gap,-0.5000,,,2019-02-20,,gro.pmi - 50
2019-02,m1_m2_gap,-8.0000,,,2019-02-20,M1_PRE_2025,m1_yoy - m2_yoy (ref=2019-01)
2019-03,ey,8.0000,,,2019-03-29,,100/PE_ttm
2019-03,eyg,4.9317,,,2019-03-29,,100/PE_ttm - cn10y
2019-03,term_spread,0.4831,,,2019-03-29,,cn10y - cn2y
2019-03,pmi_gap,-0.8000,,,2019-03-20,,gro.pmi - 50
2019-03,m1_m2_gap,-6.4000,,,2019-03-20,M1_PRE_2025,m1_yoy - m2_yoy (ref=2019-02)
2019-04,ey,8.1500,,,2019-04-30,,100/PE_ttm
2019-04,eyg,4.7631,,,2019-04-30,,100/PE_ttm - cn10y
2019-04,term_spread,0.4951,,,2019-04-30,,cn10y - cn2y
2019-04,pmi_gap,0.5000,,,2019-04-20,,gro.pmi - 50
2019-04,m1_m2_gap,-4.0000,,,2019-04-20,M1_PRE_2025,m1_yoy - m2_yoy (ref=2019-03)
2019-05,ey,8.7108,,,2019-05-31,,100/PE_ttm
2019-05,eyg,5.4357,,,2019-05-31,,100/PE_ttm - cn10y
2019-05,term_spread,0.4596,,,2019-05-31,,cn10y - cn2y
2019-05,pmi_gap,0.1000,,,2019-05-20,,gro.pmi - 50
2019-05,m1_m2_gap,-5.6000,,,2019-05-20,M1_PRE_2025,m1_yoy - m2_yoy (ref=2019-04)
2019-06,ey,8.1833,,,2019-06-28,,100/PE_ttm
2019-06,eyg,4.9579,,,2019-06-28,,100/PE_ttm - cn10y
2019-06,term_spread,0.3770,,,2019-06-28,,cn10y - cn2y
2019-06,pmi_gap,-0.6000,,,2019-06-20,,gro.pmi - 50
2019-06,m1_m2_gap,-5.1000,,,2019-06-20,M1_PRE_2025,m1_yoy - m2_yoy (ref=2019-05)
2019-07,ey,8.2372,,,2019-07-31,,100/PE_ttm
2019-07,eyg,5.0820,,,2019-07-31,,100/PE_ttm - cn10y
2019-07,term_spread,0.3975,,,2019-07-31,,cn10y - cn2y
2019-07,pmi_gap,-0.6000,,,2019-07-20,,gro.pmi - 50
2019-07,m1_m2_gap,-4.1000,,,2019-07-20,M1_PRE_2025,m1_yoy - m2_yoy (ref=2019-06)
2019-08,ey,8.5470,,,2019-08-30,,100/PE_ttm
2019-08,eyg,5.4897,,,2019-08-30,,100/PE_ttm - cn10y
2019-08,term_spread,0.3560,,,2019-08-30,,cn10y - cn2y
2019-08,pmi_gap,-0.3000,,,2019-08-20,,gro.pmi - 50
2019-08,m1_m2_gap,-5.0000,,,2019-08-20,M1_PRE_2025,m1_yoy - m2_yoy (ref=2019-07)
2019-09,ey,8.5324,,,2019-09-30,,100/PE_ttm
2019-09,eyg,5.3913,,,2019-09-30,,100/PE_ttm - cn10y
2019-09,term_spread,0.4208,,,2019-09-30,,cn10y - cn2y
2019-09,pmi_gap,-0.5000,,,2019-09-20,,gro.pmi - 50
2019-09,m1_m2_gap,-4.8000,,,2019-09-20,M1_PRE_2025,m1_yoy - m2_yoy (ref=2019-08)
2019-10,ey,8.5690,,,2019-10-31,,100/PE_ttm
2019-10,eyg,5.2810,,,2019-10-31,,100/PE_ttm - cn10y
2019-10,term_spread,0.5216,,,2019-10-31,,cn10y - cn2y
2019-10,pmi_gap,-0.2000,,,2019-10-20,,gro.pmi - 50
2019-10,m1_m2_gap,-5.0000,,,2019-10-20,M1_PRE_2025,m1_yoy - m2_yoy (ref=2019-09)
2019-11,ey,8.7260,,,2019-11-29,,100/PE_ttm
2019-11,eyg,5.5610,,,2019-11-29,,100/PE_ttm - cn10y
2019-11,term_spread,0.4832,,,2019-11-29,,cn10y - cn2y
2019-11,pmi_gap,-0.7000,,,2019-11-20,,gro.pmi - 50
2019-11,m1_m2_gap,-5.1000,,,2019-11-20,M1_PRE_2025,m1_yoy - m2_yoy (ref=2019-10)
2019-12,ey,8.1301,,,2019-12-31,,100/PE_ttm
2019-12,eyg,4.9936,,,2019-12-31,,100/PE_ttm - cn10y
2019-12,term_spread,0.6581,,,2019-12-31,,cn10y - cn2y
2019-12,pmi_gap,0.2000,,,2019-12-20,,gro.pmi - 50
2019-12,m1_m2_gap,-4.7000,,,2019-12-20,M1_PRE_2025,m1_yoy - m2_yoy (ref=2019-11)
2020-01,ey,8.3612,,,2020-01-23,,100/PE_ttm
2020-01,eyg,5.3680,,,2020-01-23,,100/PE_ttm - cn10y
2020-01,term_spread,0.5139,,,2020-01-23,,cn10y - cn2y
2020-01,pmi_gap,0.2000,,,2020-01-20,,gro.pmi - 50
2020-01,m1_m2_gap,-4.3000,,,2020-01-20,M1_PRE_2025,m1_yoy - m2_yoy (ref=2019-12)
2020-02,ey,8.6430,,,2020-02-28,,100/PE_ttm
2020-02,eyg,5.9054,,,2020-02-28,,100/PE_ttm - cn10y
2020-02,term_spread,0.4831,,,2020-02-28,,cn10y - cn2y
2020-02,pmi_gap,0.0000,,,2020-02-20,,gro.pmi - 50
2020-02,m1_m2_gap,-8.4000,,,2020-02-20,M1_PRE_2025,m1_yoy - m2_yoy (ref=2020-01)
2020-03,ey,9.2166,,,2020-03-31,,100/PE_ttm
2020-03,eyg,6.6267,,,2020-03-31,,100/PE_ttm - cn10y
2020-03,term_spread,0.6846,,,2020-03-31,,cn10y - cn2y
2020-03,pmi_gap,-14.3000,,,2020-03-20,,gro.pmi - 50
2020-03,m1_m2_gap,-4.0000,,,2020-03-20,M1_PRE_2025,m1_yoy - m2_yoy (ref=2020-02)
2020-04,ey,8.4962,,,2020-04-30,,100/PE_ttm
2020-04,eyg,5.9582,,,2020-04-30,,100/PE_ttm - cn10y
2020-04,term_spread,1.1655,,,2020-04-30,,cn10y - cn2y
2020-04,pmi_gap,2.0000,,,2020-04-20,,gro.pmi - 50
2020-04,m1_m2_gap,-5.1000,,,2020-04-20,M1_PRE_2025,m1_yoy - m2_yoy (ref=2020-03)
2020-05,ey,8.6207,,,2020-05-29,,100/PE_ttm
2020-05,eyg,5.9154,,,2020-05-29,,100/PE_ttm - cn10y
2020-05,term_spread,0.8508,,,2020-05-29,,cn10y - cn2y
2020-05,pmi_gap,0.8000,,,2020-05-20,,gro.pmi - 50
2020-05,m1_m2_gap,-5.6000,,,2020-05-20,M1_PRE_2025,m1_yoy - m2_yoy (ref=2020-04)
2020-06,ey,8.0775,,,2020-06-30,,100/PE_ttm
2020-06,eyg,5.2545,,,2020-06-30,,100/PE_ttm - cn10y
2020-06,term_spread,0.5784,,,2020-06-30,,cn10y - cn2y
2020-06,pmi_gap,0.6000,,,2020-06-20,,gro.pmi - 50
2020-06,m1_m2_gap,-4.3000,,,2020-06-20,M1_PRE_2025,m1_yoy - m2_yoy (ref=2020-05)
2020-07,ey,7.3153,,,2020-07-31,,100/PE_ttm
2020-07,eyg,4.3489,,,2020-07-31,,100/PE_ttm - cn10y
2020-07,term_spread,0.4968,,,2020-07-31,,cn10y - cn2y
2020-07,pmi_gap,0.9000,,,2020-07-20,,gro.pmi - 50
2020-07,m1_m2_gap,-4.6000,,,2020-07-20,M1_PRE_2025,m1_yoy - m2_yoy (ref=2020-06)
2020-08,ey,6.9204,,,2020-08-31,,100/PE_ttm
2020-08,eyg,3.9027,,,2020-08-31,,100/PE_ttm - cn10y
2020-08,term_spread,0.2402,,,2020-08-31,,cn10y - cn2y
2020-08,pmi_gap,1.1000,,,2020-08-20,,gro.pmi - 50
2020-08,m1_m2_gap,-3.8000,,,2020-08-20,M1_PRE_2025,m1_yoy - m2_yoy (ref=2020-07)
2020-09,ey,7.2098,,,2020-09-30,,100/PE_ttm
2020-09,eyg,4.0616,,,2020-09-30,,100/PE_ttm - cn10y
2020-09,term_spread,0.3558,,,2020-09-30,,cn10y - cn2y
2020-09,pmi_gap,1.0000,,,2020-09-20,,gro.pmi - 50
2020-09,m1_m2_gap,-2.4000,,,2020-09-20,M1_PRE_2025,m1_yoy - m2_yoy (ref=2020-08)
2020-10,ey,7.1839,,,2020-10-30,,100/PE_ttm
2020-10,eyg,4.0029,,,2020-10-30,,100/PE_ttm - cn10y
2020-10,term_spread,0.3074,,,2020-10-30,,cn10y - cn2y
2020-10,pmi_gap,1.5000,,,2020-10-20,,gro.pmi - 50
2020-10,m1_m2_gap,-2.8000,,,2020-10-20,M1_PRE_2025,m1_yoy - m2_yoy (ref=2020-09)
2020-11,ey,6.7981,,,2020-11-30,,100/PE_ttm
2020-11,eyg,3.5481,,,2020-11-30,,100/PE_ttm - cn10y
2020-11,term_spread,0.2763,,,2020-11-30,,cn10y - cn2y
2020-11,pmi_gap,1.4000,,,2020-11-20,,gro.pmi - 50
2020-11,m1_m2_gap,-1.4000,,,2020-11-20,M1_PRE_2025,m1_yoy - m2_yoy (ref=2020-10)
2020-12,ey,6.3857,,,2020-12-31,,100/PE_ttm
2020-12,eyg,3.2428,,,2020-12-31,,100/PE_ttm - cn10y
2020-12,term_spread,0.4203,,,2020-12-31,,cn10y - cn2y
2020-12,pmi_gap,2.1000,,,2020-12-20,,gro.pmi - 50
2020-12,m1_m2_gap,-0.7000,,,2020-12-20,M1_PRE_2025,m1_yoy - m2_yoy (ref=2020-11)
2021-01,ey,6.2696,,,2021-01-29,,100/PE_ttm
2021-01,eyg,3.0910,,,2021-01-29,,100/PE_ttm - cn10y
2021-01,term_spread,0.3580,,,2021-01-29,,cn10y - cn2y
2021-01,pmi_gap,1.9000,,,2021-01-20,,gro.pmi - 50
2021-01,m1_m2_gap,-1.5000,,,2021-01-20,M1_PRE_2025,m1_yoy - m2_yoy (ref=2020-12)
2021-02,ey,6.3012,,,2021-02-26,,100/PE_ttm
2021-02,eyg,3.0214,,,2021-02-26,,100/PE_ttm - cn10y
2021-02,term_spread,0.4935,,,2021-02-26,,cn10y - cn2y
2021-02,pmi_gap,1.3000,,,2021-02-20,,gro.pmi - 50
2021-02,m1_m2_gap,5.3000,,,2021-02-20,M1_PRE_2025,m1_yoy - m2_yoy (ref=2021-01)
2021-03,ey,6.8446,,,2021-03-31,,100/PE_ttm
2021-03,eyg,3.6559,,,2021-03-31,,100/PE_ttm - cn10y
2021-03,term_spread,0.4250,,,2021-03-31,,cn10y - cn2y
2021-03,pmi_gap,0.6000,,,2021-03-20,,gro.pmi - 50
2021-03,m1_m2_gap,-2.7000,,,2021-03-20,M1_PRE_2025,m1_yoy - m2_yoy (ref=2021-02)
2021-04,ey,7.3964,,,2021-04-30,,100/PE_ttm
2021-04,eyg,4.2324,,,2021-04-30,,100/PE_ttm - cn10y
2021-04,term_spread,0.5076,,,2021-04-30,,cn10y - cn2y
2021-04,pmi_gap,1.9000,,,2021-04-20,,gro.pmi - 50
2021-04,m1_m2_gap,-2.3000,,,2021-04-20,M1_PRE_2025,m1_yoy - m2_yoy (ref=2021-03)
2021-05,ey,7.0972,,,2021-05-31,,100/PE_ttm
2021-05,eyg,4.0522,,,2021-05-31,,100/PE_ttm - cn10y
2021-05,term_spread,0.3872,,,2021-05-31,,cn10y - cn2y
2021-05,pmi_gap,1.1000,,,2021-05-20,,gro.pmi - 50
2021-05,m1_m2_gap,-1.9000,,,2021-05-20,M1_PRE_2025,m1_yoy - m2_yoy (ref=2021-04)
2021-06,ey,6.9832,,,2021-06-30,,100/PE_ttm
2021-06,eyg,3.9054,,,2021-06-30,,100/PE_ttm - cn10y
2021-06,term_spread,0.4170,,,2021-06-30,,cn10y - cn2y
2021-06,pmi_gap,1.0000,,,2021-06-20,,gro.pmi - 50
2021-06,m1_m2_gap,-2.2000,,,2021-06-20,M1_PRE_2025,m1_yoy - m2_yoy (ref=2021-05)
2021-07,ey,7.6220,,,2021-07-30,,100/PE_ttm
2021-07,eyg,4.7857,,,2021-07-30,,100/PE_ttm - cn10y
2021-07,term_spread,0.3843,,,2021-07-30,,cn10y - cn2y
2021-07,pmi_gap,0.9000,,,2021-07-20,,gro.pmi - 50
2021-07,m1_m2_gap,-3.1000,,,2021-07-20,M1_PRE_2025,m1_yoy - m2_yoy (ref=2021-06)
2021-08,ey,8.0580,,,2021-08-31,,100/PE_ttm
2021-08,eyg,5.2130,,,2021-08-31,,100/PE_ttm - cn10y
2021-08,term_spread,0.3539,,,2021-08-31,,cn10y - cn2y
2021-08,pmi_gap,0.4000,,,2021-08-20,,gro.pmi - 50
2021-08,m1_m2_gap,-3.4000,,,2021-08-20,M1_PRE_2025,m1_yoy - m2_yoy (ref=2021-07)
2021-09,ey,7.9302,,,2021-09-30,,100/PE_ttm
2021-09,eyg,5.0526,,,2021-09-30,,100/PE_ttm - cn10y
2021-09,term_spread,0.3864,,,2021-09-30,,cn10y - cn2y
2021-09,pmi_gap,0.1000,,,2021-09-20,,gro.pmi - 50
2021-09,m1_m2_gap,-4.0000,,,2021-09-20,M1_PRE_2025,m1_yoy - m2_yoy (ref=2021-08)
2021-10,ey,7.8927,,,2021-10-29,,100/PE_ttm
2021-10,eyg,4.9195,,,2021-10-29,,100/PE_ttm - cn10y
2021-10,term_spread,0.3874,,,2021-10-29,,cn10y - cn2y
2021-10,pmi_gap,-0.4000,,,2021-10-20,,gro.pmi - 50
2021-10,m1_m2_gap,-4.6000,,,2021-10-20,M1_PRE_2025,m1_yoy - m2_yoy (ref=2021-09)
2021-11,ey,8.1633,,,2021-11-30,,100/PE_ttm
2021-11,eyg,5.3383,,,2021-11-30,,100/PE_ttm - cn10y
2021-11,term_spread,0.3222,,,2021-11-30,,cn10y - cn2y
2021-11,pmi_gap,-0.8000,,,2021-11-20,,gro.pmi - 50
2021-11,m1_m2_gap,-5.9000,,,2021-11-20,M1_PRE_2025,m1_yoy - m2_yoy (ref=2021-10)
2021-12,ey,7.4794,,,2021-12-31,,100/PE_ttm
2021-12,eyg,4.7040,,,2021-12-31,,100/PE_ttm - cn10y
2021-12,term_spread,0.4032,,,2021-12-31,,cn10y - cn2y
2021-12,pmi_gap,0.1000,,,2021-12-20,,gro.pmi - 50
2021-12,m1_m2_gap,-5.5000,,,2021-12-20,M1_PRE_2025,m1_yoy - m2_yoy (ref=2021-11)
2022-01,ey,8.0386,,,2022-01-28,,100/PE_ttm
2022-01,eyg,5.3365,,,2022-01-28,,100/PE_ttm - cn10y
2022-01,term_spread,0.5610,,,2022-01-28,,cn10y - cn2y
2022-01,pmi_gap,0.3000,,,2022-01-20,,gro.pmi - 50
2022-01,m1_m2_gap,-5.5000,,,2022-01-20,M1_PRE_2025,m1_yoy - m2_yoy (ref=2021-12)
2022-02,ey,7.9554,,,2022-02-28,,100/PE_ttm
2022-02,eyg,5.1804,,,2022-02-28,,100/PE_ttm - cn10y
2022-02,term_spread,0.5192,,,2022-02-28,,cn10y - cn2y
2022-02,pmi_gap,0.1000,,,2022-02-20,,gro.pmi - 50
2022-02,m1_m2_gap,-11.7000,,,2022-02-20,M1_PRE_2025,m1_yoy - m2_yoy (ref=2022-01)
2022-03,ey,8.5324,,,2022-03-31,,100/PE_ttm
2022-03,eyg,5.7446,,,2022-03-31,,100/PE_ttm - cn10y
2022-03,term_spread,0.4786,,,2022-03-31,,cn10y - cn2y
2022-03,pmi_gap,0.2000,,,2022-03-20,,gro.pmi - 50
2022-03,m1_m2_gap,-4.5000,,,2022-03-20,M1_PRE_2025,m1_yoy - m2_yoy (ref=2022-02)
2022-04,ey,8.9206,,,2022-04-29,,100/PE_ttm
2022-04,eyg,6.0820,,,2022-04-29,,100/PE_ttm - cn10y
2022-04,term_spread,0.4915,,,2022-04-29,,cn10y - cn2y
2022-04,pmi_gap,-0.5000,,,2022-04-20,,gro.pmi - 50
2022-04,m1_m2_gap,-5.0000,,,2022-04-20,M1_PRE_2025,m1_yoy - m2_yoy (ref=2022-03)
2022-05,ey,8.8339,,,2022-05-31,,100/PE_ttm
2022-05,eyg,6.0913,,,2022-05-31,,100/PE_ttm - cn10y
2022-05,term_spread,0.4744,,,2022-05-31,,cn10y - cn2y
2022-05,pmi_gap,-2.6000,,,2022-05-20,,gro.pmi - 50
2022-05,m1_m2_gap,-5.4000,,,2022-05-20,M1_PRE_2025,m1_yoy - m2_yoy (ref=2022-04)
2022-06,ey,8.1235,,,2022-06-30,,100/PE_ttm
2022-06,eyg,5.3030,,,2022-06-30,,100/PE_ttm - cn10y
2022-06,term_spread,0.5157,,,2022-06-30,,cn10y - cn2y
2022-06,pmi_gap,-0.4000,,,2022-06-20,,gro.pmi - 50
2022-06,m1_m2_gap,-6.5000,,,2022-06-20,M1_PRE_2025,m1_yoy - m2_yoy (ref=2022-05)
2022-07,ey,8.7413,,,2022-07-29,,100/PE_ttm
2022-07,eyg,5.9853,,,2022-07-29,,100/PE_ttm - cn10y
2022-07,term_spread,0.5674,,,2022-07-29,,cn10y - cn2y
2022-07,pmi_gap,0.2000,,,2022-07-20,,gro.pmi - 50
2022-07,m1_m2_gap,-5.6000,,,2022-07-20,M1_PRE_2025,m1_yoy - m2_yoy (ref=2022-06)
2022-08,ey,9.0744,,,2022-08-31,,100/PE_ttm
2022-08,eyg,6.4519,,,2022-08-31,,100/PE_ttm - cn10y
2022-08,term_spread,0.5256,,,2022-08-31,,cn10y - cn2y
2022-08,pmi_gap,-1.0000,,,2022-08-20,,gro.pmi - 50
2022-08,m1_m2_gap,-5.3000,,,2022-08-20,M1_PRE_2025,m1_yoy - m2_yoy (ref=2022-07)
2022-09,ey,9.5511,,,2022-09-30,,100/PE_ttm
2022-09,eyg,6.7910,,,2022-09-30,,100/PE_ttm - cn10y
2022-09,term_spread,0.6237,,,2022-09-30,,cn10y - cn2y
2022-09,pmi_gap,-0.6000,,,2022-09-20,,gro.pmi - 50
2022-09,m1_m2_gap,-6.1000,,,2022-09-20,M1_PRE_2025,m1_yoy - m2_yoy (ref=2022-08)
2022-10,ey,10.4058,,,2022-10-31,,100/PE_ttm
2022-10,eyg,7.7625,,,2022-10-31,,100/PE_ttm - cn10y
2022-10,term_spread,0.5651,,,2022-10-31,,cn10y - cn2y
2022-10,pmi_gap,0.1000,,,2022-10-20,,gro.pmi - 50
2022-10,m1_m2_gap,-5.7000,,,2022-10-20,M1_PRE_2025,m1_yoy - m2_yoy (ref=2022-09)
2022-11,ey,9.4607,,,2022-11-30,,100/PE_ttm
2022-11,eyg,6.5757,,,2022-11-30,,100/PE_ttm - cn10y
2022-11,term_spread,0.5248,,,2022-11-30,,cn10y - cn2y
2022-11,pmi_gap,-0.8000,,,2022-11-20,,gro.pmi - 50
2022-11,m1_m2_gap,-6.0000,,,2022-11-20,M1_PRE_2025,m1_yoy - m2_yoy (ref=2022-10)
2022-12,ey,9.4429,,,2022-12-30,,100/PE_ttm
2022-12,eyg,6.6076,,,2022-12-30,,100/PE_ttm - cn10y
2022-12,term_spread,0.4831,,,2022-12-30,,cn10y - cn2y
2022-12,pmi_gap,-2.0000,,,2022-12-20,,gro.pmi - 50
2022-12,m1_m2_gap,-7.8000,,,2022-12-20,M1_PRE_2025,m1_yoy - m2_yoy (ref=2022-11)
2023-01,ey,8.8810,,,2023-01-31,,100/PE_ttm
2023-01,eyg,5.9833,,,2023-01-31,,100/PE_ttm - cn10y
2023-01,term_spread,0.4784,,,2023-01-31,,cn10y - cn2y
2023-01,pmi_gap,-3.0000,,,2023-01-20,,gro.pmi - 50
2023-01,m1_m2_gap,-8.1000,,,2023-01-20,M1_PRE_2025,m1_yoy - m2_yoy (ref=2022-12)
2023-02,ey,8.9526,,,2023-02-28,,100/PE_ttm
2023-02,eyg,6.0509,,,2023-02-28,,100/PE_ttm - cn10y
2023-02,term_spread,0.4132,,,2023-02-28,,cn10y - cn2y
2023-02,pmi_gap,0.1000,,,2023-02-20,,gro.pmi - 50
2023-02,m1_m2_gap,-5.9000,,,2023-02-20,M1_PRE_2025,m1_yoy - m2_yoy (ref=2023-01)
2023-03,ey,8.8731,,,2023-03-31,,100/PE_ttm
2023-03,eyg,6.0203,,,2023-03-31,,100/PE_ttm - cn10y
2023-03,term_spread,0.4610,,,2023-03-31,,cn10y - cn2y
2023-03,pmi_gap,2.6000,,,2023-03-20,,gro.pmi - 50
2023-03,m1_m2_gap,-7.1000,,,2023-03-20,M1_PRE_2025,m1_yoy - m2_yoy (ref=2023-02)
2023-04,ey,8.7184,,,2023-04-28,,100/PE_ttm
2023-04,eyg,5.9396,,,2023-04-28,,100/PE_ttm - cn10y
2023-04,term_spread,0.4240,,,2023-04-28,,cn10y - cn2y
2023-04,pmi_gap,1.9000,,,2023-04-20,,gro.pmi - 50
2023-04,m1_m2_gap,-7.6000,,,2023-04-20,M1_PRE_2025,m1_yoy - m2_yoy (ref=2023-03)
2023-05,ey,9.1491,,,2023-05-31,,100/PE_ttm
2023-05,eyg,6.4641,,,2023-05-31,,100/PE_ttm - cn10y
2023-05,term_spread,0.4986,,,2023-05-31,,cn10y - cn2y
2023-05,pmi_gap,-0.8000,,,2023-05-20,,gro.pmi - 50
2023-05,m1_m2_gap,-7.1000,,,2023-05-20,M1_PRE_2025,m1_yoy - m2_yoy (ref=2023-04)
2023-06,ey,9.1158,,,2023-06-30,,100/PE_ttm
2023-06,eyg,6.4807,,,2023-06-30,,100/PE_ttm - cn10y
2023-06,term_spread,0.4904,,,2023-06-30,,cn10y - cn2y
2023-06,pmi_gap,-1.2000,,,2023-06-20,,gro.pmi - 50
2023-06,m1_m2_gap,-6.9000,,,2023-06-20,M1_PRE_2025,m1_yoy - m2_yoy (ref=2023-05)
2023-07,ey,8.8028,,,2023-07-31,,100/PE_ttm
2023-07,eyg,6.1431,,,2023-07-31,,100/PE_ttm - cn10y
2023-07,term_spread,0.4951,,,2023-07-31,,cn10y - cn2y
2023-07,pmi_gap,-1.0000,,,2023-07-20,,gro.pmi - 50
2023-07,m1_m2_gap,-8.2000,,,2023-07-20,M1_PRE_2025,m1_yoy - m2_yoy (ref=2023-06)
2023-08,ey,9.0992,,,2023-08-31,,100/PE_ttm
2023-08,eyg,6.5417,,,2023-08-31,,100/PE_ttm - cn10y
2023-08,term_spread,0.4078,,,2023-08-31,,cn10y - cn2y
2023-08,pmi_gap,-0.7000,,,2023-08-20,,gro.pmi - 50
2023-08,m1_m2_gap,-8.4000,,,2023-08-20,M1_PRE_2025,m1_yoy - m2_yoy (ref=2023-07)
2023-09,ey,9.1996,,,2023-09-28,,100/PE_ttm
2023-09,eyg,6.5245,,,2023-09-28,,100/PE_ttm - cn10y
2023-09,term_spread,0.3992,,,2023-09-28,,cn10y - cn2y
2023-09,pmi_gap,-0.3000,,,2023-09-20,,gro.pmi - 50
2023-09,m1_m2_gap,-8.4000,,,2023-09-20,M1_PRE_2025,m1_yoy - m2_yoy (ref=2023-08)
2023-10,ey,9.3985,,,2023-10-31,,100/PE_ttm
2023-10,eyg,6.7047,,,2023-10-31,,100/PE_ttm - cn10y
2023-10,term_spread,0.3327,,,2023-10-31,,cn10y - cn2y
2023-10,pmi_gap,0.2000,,,2023-10-20,,gro.pmi - 50
2023-10,m1_m2_gap,-8.2000,,,2023-10-20,M1_PRE_2025,m1_yoy - m2_yoy (ref=2023-09)
2023-11,ey,9.5420,,,2023-11-30,,100/PE_ttm
2023-11,eyg,6.8740,,,2023-11-30,,100/PE_ttm - cn10y
2023-11,term_spread,0.2421,,,2023-11-30,,cn10y - cn2y
2023-11,pmi_gap,-0.5000,,,2023-11-20,,gro.pmi - 50
2023-11,m1_m2_gap,-8.4000,,,2023-11-20,M1_PRE_2025,m1_yoy - m2_yoy (ref=2023-10)
2023-12,ey,9.6339,,,2023-12-29,,100/PE_ttm
2023-12,eyg,7.0786,,,2023-12-29,,100/PE_ttm - cn10y
2023-12,term_spread,0.3455,,,2023-12-29,,cn10y - cn2y
2023-12,pmi_gap,-0.6000,,,2023-12-20,,gro.pmi - 50
2023-12,m1_m2_gap,-8.7000,,,2023-12-20,M1_PRE_2025,m1_yoy - m2_yoy (ref=2023-11)
2024-01,ey,9.8425,,,2024-01-31,,100/PE_ttm
2024-01,eyg,7.4095,,,2024-01-31,,100/PE_ttm - cn10y
2024-01,term_spread,0.2994,,,2024-01-31,,cn10y - cn2y
2024-01,pmi_gap,-1.0000,,,2024-01-20,,gro.pmi - 50
2024-01,m1_m2_gap,-8.4000,,,2024-01-20,M1_PRE_2025,m1_yoy - m2_yoy (ref=2023-12)
2024-02,ey,9.1659,,,2024-02-29,,100/PE_ttm
2024-02,eyg,6.8284,,,2024-02-29,,100/PE_ttm - cn10y
2024-02,term_spread,0.2849,,,2024-02-29,,cn10y - cn2y
2024-02,pmi_gap,-0.8000,,,2024-02-20,,gro.pmi - 50
2024-02,m1_m2_gap,-2.8000,,,2024-02-20,M1_PRE_2025,m1_yoy - m2_yoy (ref=2024-01)
2024-03,ey,8.9206,,,2024-03-29,,100/PE_ttm
2024-03,eyg,6.6305,,,2024-03-29,,100/PE_ttm - cn10y
2024-03,term_spread,0.3884,,,2024-03-29,,cn10y - cn2y
2024-03,pmi_gap,-0.9000,,,2024-03-20,,gro.pmi - 50
2024-03,m1_m2_gap,-7.5000,,,2024-03-20,M1_PRE_2025,m1_yoy - m2_yoy (ref=2024-02)
2024-04,ey,8.5985,,,2024-04-30,,100/PE_ttm
2024-04,eyg,6.2957,,,2024-04-30,,100/PE_ttm - cn10y
2024-04,term_spread,0.3996,,,2024-04-30,,cn10y - cn2y
2024-04,pmi_gap,0.8000,,,2024-04-20,,gro.pmi - 50
2024-04,m1_m2_gap,-7.2000,,,2024-04-20,M1_PRE_2025,m1_yoy - m2_yoy (ref=2024-03)
2024-05,ey,8.6430,,,2024-05-31,,100/PE_ttm
2024-05,eyg,6.3504,,,2024-05-31,,100/PE_ttm - cn10y
2024-05,term_spread,0.4939,,,2024-05-31,,cn10y - cn2y
2024-05,pmi_gap,0.4000,,,2024-05-20,,gro.pmi - 50
2024-05,m1_m2_gap,-8.6000,,,2024-05-20,M1_PRE_2025,m1_yoy - m2_yoy (ref=2024-04)
2024-06,ey,8.7108,,,2024-06-28,,100/PE_ttm
2024-06,eyg,6.5050,,,2024-06-28,,100/PE_ttm - cn10y
2024-06,term_spread,0.5723,,,2024-06-28,,cn10y - cn2y
2024-06,pmi_gap,-0.5000,,,2024-06-20,,gro.pmi - 50
2024-06,m1_m2_gap,-11.2000,,,2024-06-20,M1_PRE_2025,m1_yoy - m2_yoy (ref=2024-05)
2024-07,ey,8.8339,,,2024-07-31,,100/PE_ttm
2024-07,eyg,6.6845,,,2024-07-31,,100/PE_ttm - cn10y
2024-07,term_spread,0.6242,,,2024-07-31,,cn10y - cn2y
2024-07,pmi_gap,-0.5000,,,2024-07-20,,gro.pmi - 50
2024-07,m1_m2_gap,-11.2000,,,2024-07-20,M1_PRE_2025,m1_yoy - m2_yoy (ref=2024-06)
2024-08,ey,9.2081,,,2024-08-30,,100/PE_ttm
2024-08,eyg,7.0377,,,2024-08-30,,100/PE_ttm - cn10y
2024-08,term_spread,0.6507,,,2024-08-30,,cn10y - cn2y
2024-08,pmi_gap,-0.6000,,,2024-08-20,,gro.pmi - 50
2024-08,m1_m2_gap,-12.9000,,,2024-08-20,M1_PRE_2025,m1_yoy - m2_yoy (ref=2024-07)
2024-09,ey,7.9051,,,2024-09-30,,100/PE_ttm
2024-09,eyg,5.7533,,,2024-09-30,,100/PE_ttm - cn10y
2024-09,term_spread,0.6928,,,2024-09-30,,cn10y - cn2y
2024-09,pmi_gap,-0.9000,,,2024-09-20,,gro.pmi - 50
2024-09,m1_m2_gap,-13.6000,,,2024-09-20,M1_PRE_2025,m1_yoy - m2_yoy (ref=2024-08)
2024-10,ey,8.5837,,,2024-10-31,,100/PE_ttm
2024-10,eyg,6.4361,,,2024-10-31,,100/PE_ttm - cn10y
2024-10,term_spread,0.6994,,,2024-10-31,,cn10y - cn2y
2024-10,pmi_gap,-0.2000,,,2024-10-20,,gro.pmi - 50
2024-10,m1_m2_gap,-14.2000,,,2024-10-20,M1_PRE_2025,m1_yoy - m2_yoy (ref=2024-09)
2024-11,ey,8.5106,,,2024-11-29,,100/PE_ttm
2024-11,eyg,6.4900,,,2024-11-29,,100/PE_ttm - cn10y
2024-11,term_spread,0.6535,,,2024-11-29,,cn10y - cn2y
2024-11,pmi_gap,0.1000,,,2024-11-20,,gro.pmi - 50
2024-11,m1_m2_gap,-13.6000,,,2024-11-20,M1_PRE_2025,m1_yoy - m2_yoy (ref=2024-10)
2024-12,ey,8.2034,,,2024-12-31,,100/PE_ttm
2024-12,eyg,6.5282,,,2024-12-31,,100/PE_ttm - cn10y
2024-12,term_spread,0.5382,,,2024-12-31,,cn10y - cn2y
2024-12,pmi_gap,0.3000,,,2024-12-20,,gro.pmi - 50
2024-12,m1_m2_gap,-10.8000,,,2024-12-20,M1_PRE_2025,m1_yoy - m2_yoy (ref=2024-11)
2025-01,ey,8.5179,,,2025-01-27,,100/PE_ttm
2025-01,eyg,6.8880,,,2025-01-27,,100/PE_ttm - cn10y
2025-01,term_spread,0.3784,,,2025-01-27,,cn10y - cn2y
2025-01,pmi_gap,0.1000,,,2025-01-20,,gro.pmi - 50
2025-01,m1_m2_gap,-8.7000,,,2025-01-20,M1_PRE_2025,m1_yoy - m2_yoy (ref=2024-12)
2025-02,ey,8.4602,,,2025-02-28,,100/PE_ttm
2025-02,eyg,6.7450,,,2025-02-28,,100/PE_ttm - cn10y
2025-02,term_spread,0.2899,,,2025-02-28,,cn10y - cn2y
2025-02,pmi_gap,-0.9000,,,2025-02-20,,gro.pmi - 50
2025-02,m1_m2_gap,-6.6000,,,2025-02-20,M1_2025_NEW,m1_yoy - m2_yoy (ref=2025-01)
2025-03,ey,8.4890,,,2025-03-31,,100/PE_ttm
2025-03,eyg,6.6761,,,2025-03-31,,100/PE_ttm - cn10y
2025-03,term_spread,0.2466,,,2025-03-31,,cn10y - cn2y
2025-03,pmi_gap,0.2000,,,2025-03-20,,gro.pmi - 50
2025-03,m1_m2_gap,-6.9000,,,2025-03-20,M1_2025_NEW,m1_yoy - m2_yoy (ref=2025-02)
2025-04,ey,8.7032,,,2025-04-30,,100/PE_ttm
2025-04,eyg,7.0789,,,2025-04-30,,100/PE_ttm - cn10y
2025-04,term_spread,0.1736,,,2025-04-30,,cn10y - cn2y
2025-04,pmi_gap,0.5000,,,2025-04-20,,gro.pmi - 50
2025-04,m1_m2_gap,-5.4000,,,2025-04-20,M1_2025_NEW,m1_yoy - m2_yoy (ref=2025-03)
2025-05,ey,8.5251,,,2025-05-30,,100/PE_ttm
2025-05,eyg,6.8539,,,2025-05-30,,100/PE_ttm - cn10y
2025-05,term_spread,0.2095,,,2025-05-30,,cn10y - cn2y
2025-05,pmi_gap,-1.0000,,,2025-05-20,,gro.pmi - 50
2025-05,m1_m2_gap,-6.5000,,,2025-05-20,M1_2025_NEW,m1_yoy - m2_yoy (ref=2025-04)
2025-06,ey,8.1037,,,2025-06-30,,100/PE_ttm
2025-06,eyg,6.4568,,,2025-06-30,,100/PE_ttm - cn10y
2025-06,term_spread,0.2834,,,2025-06-30,,cn10y - cn2y
2025-06,pmi_gap,-0.5000,,,2025-06-20,,gro.pmi - 50
2025-06,m1_m2_gap,-5.6000,,,2025-06-20,M1_2025_NEW,m1_yoy - m2_yoy (ref=2025-05)
2025-07,ey,8.0386,,,2025-07-31,,100/PE_ttm
2025-07,eyg,6.3342,,,2025-07-31,,100/PE_ttm - cn10y
2025-07,term_spread,0.2849,,,2025-07-31,,cn10y - cn2y
2025-07,pmi_gap,-0.3000,,,2025-07-20,,gro.pmi - 50
2025-07,m1_m2_gap,-3.7000,,,2025-07-20,M1_2025_NEW,m1_yoy - m2_yoy (ref=2025-06)
2025-08,ey,7.5586,,,2025-08-29,,100/PE_ttm
2025-08,eyg,5.7207,,,2025-08-29,,100/PE_ttm - cn10y
2025-08,term_spread,0.4337,,,2025-08-29,,cn10y - cn2y
2025-08,pmi_gap,-0.7000,,,2025-08-20,,gro.pmi - 50
2025-08,m1_m2_gap,-3.2000,,,2025-08-20,M1_2025_NEW,m1_yoy - m2_yoy (ref=2025-07)
2025-09,ey,7.5075,,,2025-09-30,,100/PE_ttm
2025-09,eyg,5.6470,,,2025-09-30,,100/PE_ttm - cn10y
2025-09,term_spread,0.3671,,,2025-09-30,,cn10y - cn2y
2025-09,pmi_gap,-0.6000,,,2025-09-20,,gro.pmi - 50
2025-09,m1_m2_gap,-2.8000,,,2025-09-20,M1_2025_NEW,m1_yoy - m2_yoy (ref=2025-08)
2025-10,ey,7.5815,,,2025-10-31,,100/PE_ttm
2025-10,eyg,5.7861,,,2025-10-31,,100/PE_ttm - cn10y
2025-10,term_spread,0.3932,,,2025-10-31,,cn10y - cn2y
2025-10,pmi_gap,-0.2000,,,2025-10-20,,gro.pmi - 50
2025-10,m1_m2_gap,-1.2000,,,2025-10-20,M1_2025_NEW,m1_yoy - m2_yoy (ref=2025-09)
2025-11,ey,7.6687,,,2025-11-28,,100/PE_ttm
2025-11,eyg,5.8275,,,2025-11-28,,100/PE_ttm - cn10y
2025-11,term_spread,0.4229,,,2025-11-28,,cn10y - cn2y
2025-11,pmi_gap,-1.0000,,,2025-11-20,,gro.pmi - 50
2025-11,m1_m2_gap,-2.0000,,,2025-11-20,M1_2025_NEW,m1_yoy - m2_yoy (ref=2025-10)
2025-12,ey,7.4963,,,2025-12-31,,100/PE_ttm
2025-12,eyg,5.6490,,,2025-12-31,,100/PE_ttm - cn10y
2025-12,term_spread,0.4868,,,2025-12-31,,cn10y - cn2y
2025-12,pmi_gap,-0.8000,,,2025-12-20,,gro.pmi - 50
2025-12,m1_m2_gap,-3.1000,,,2025-12-20,M1_2025_NEW,m1_yoy - m2_yoy (ref=2025-11)
2026-01,ey,7.4794,,,2026-01-30,,100/PE_ttm
2026-01,eyg,5.6682,,,2026-01-30,,100/PE_ttm - cn10y
2026-01,term_spread,0.4347,,,2026-01-30,,cn10y - cn2y
2026-01,pmi_gap,0.1000,,,2026-01-20,,gro.pmi - 50
2026-01,m1_m2_gap,-4.7000,,,2026-01-20,M1_2025_NEW,m1_yoy - m2_yoy (ref=2025-12)
2026-02,ey,7.5019,,,2026-02-27,,100/PE_ttm
2026-02,eyg,5.7142,,,2026-02-27,,100/PE_ttm - cn10y
2026-02,term_spread,0.4239,,,2026-02-27,,cn10y - cn2y
2026-02,pmi_gap,-0.7000,,,2026-02-20,,gro.pmi - 50
2026-02,m1_m2_gap,-4.1000,,,2026-02-20,M1_2025_NEW,m1_yoy - m2_yoy (ref=2026-01)
2026-03,ey,7.5188,,,2026-03-31,,100/PE_ttm
2026-03,eyg,5.7017,,,2026-03-31,,100/PE_ttm - cn10y
2026-03,term_spread,0.5425,,,2026-03-31,,cn10y - cn2y
2026-03,pmi_gap,-1.0000,,,2026-03-20,,gro.pmi - 50
2026-03,m1_m2_gap,-3.1000,,,2026-03-20,M1_2025_NEW,m1_yoy - m2_yoy (ref=2026-02)
2026-04,ey,7.2202,,,2026-04-30,,100/PE_ttm
2026-04,eyg,5.4729,,,2026-04-30,,100/PE_ttm - cn10y
2026-04,term_spread,0.4921,,,2026-04-30,,cn10y - cn2y
2026-04,pmi_gap,0.4000,,,2026-04-20,,gro.pmi - 50
2026-04,m1_m2_gap,-3.4000,,,2026-04-20,M1_2025_NEW,m1_yoy - m2_yoy (ref=2026-03)
2026-05,ey,7.2464,,,2026-05-29,,100/PE_ttm
2026-05,eyg,5.5374,,,2026-05-29,,100/PE_ttm - cn10y
2026-05,term_spread,0.4834,,,2026-05-29,,cn10y - cn2y
2026-05,pmi_gap,0.3000,,,2026-05-20,,gro.pmi - 50
2026-05,m1_m2_gap,-3.6000,,,2026-05-20,M1_2025_NEW,m1_yoy - m2_yoy (ref=2026-04)
2026-06,ey,7.2622,,,2026-06-30,,100/PE_ttm
2026-06,eyg,5.5292,,,2026-06-30,,100/PE_ttm - cn10y
2026-06,term_spread,0.4863,,,2026-06-30,,cn10y - cn2y
2026-06,pmi_gap,0.0000,,,2026-06-20,,gro.pmi - 50
2026-06,m1_m2_gap,-3.1000,,,2026-06-20,M1_2025_NEW,m1_yoy - m2_yoy (ref=2026-05)
2026-07,ey,7.3099,,,2026-07-31,,100/PE_ttm
2026-07,eyg,5.5958,,,2026-07-31,,100/PE_ttm - cn10y
2026-07,term_spread,0.4535,,,2026-07-31,,cn10y - cn2y
2026-07,pmi_gap,0.3000,,,2026-07-20,,gro.pmi - 50
2026-07,m1_m2_gap,-4.0000,,,2026-07-20,M1_2025_NEW,m1_yoy - m2_yoy (ref=2026-06)
2008-01,delta_pmi,,NOT_RELEASED,,,,PMI 缺失
2008-02,delta_pmi,,NOT_RELEASED,2008-01,2008-02-20,,无前一决策月 PMI
2008-03,delta_pmi,0.4000,,2008-02,2008-03-20,,PMI_t - PMI_t-1 (ref 连续)
2008-04,delta_pmi,5.0000,,2008-03,2008-04-20,,PMI_t - PMI_t-1 (ref 连续)
2008-05,delta_pmi,0.8000,,2008-04,2008-05-20,,PMI_t - PMI_t-1 (ref 连续)
2008-06,delta_pmi,-5.9000,,2008-05,2008-06-20,,PMI_t - PMI_t-1 (ref 连续)
2008-07,delta_pmi,-1.3000,,2008-06,2008-07-20,,PMI_t - PMI_t-1 (ref 连续)
2008-08,delta_pmi,-3.6000,,2008-07,2008-08-20,,PMI_t - PMI_t-1 (ref 连续)
2008-09,delta_pmi,0.0000,,2008-08,2008-09-20,,PMI_t - PMI_t-1 (ref 连续)
2008-10,delta_pmi,2.8000,,2008-09,2008-10-20,,PMI_t - PMI_t-1 (ref 连续)
2008-11,delta_pmi,-6.6000,,2008-10,2008-11-20,,PMI_t - PMI_t-1 (ref 连续)
2008-12,delta_pmi,-5.8000,,2008-11,2008-12-20,,PMI_t - PMI_t-1 (ref 连续)
2009-01,delta_pmi,2.4000,,2008-12,2009-01-20,,PMI_t - PMI_t-1 (ref 连续)
2009-02,delta_pmi,4.1000,,2009-01,2009-02-20,,PMI_t - PMI_t-1 (ref 连续)
2009-03,delta_pmi,3.7000,,2009-02,2009-03-20,,PMI_t - PMI_t-1 (ref 连续)
2009-04,delta_pmi,3.4000,,2009-03,2009-04-20,,PMI_t - PMI_t-1 (ref 连续)
2009-05,delta_pmi,1.1000,,2009-04,2009-05-20,,PMI_t - PMI_t-1 (ref 连续)
2009-06,delta_pmi,-0.4000,,2009-05,2009-06-20,,PMI_t - PMI_t-1 (ref 连续)
2009-07,delta_pmi,0.1000,,2009-06,2009-07-20,,PMI_t - PMI_t-1 (ref 连续)
2009-08,delta_pmi,0.1000,,2009-07,2009-08-20,,PMI_t - PMI_t-1 (ref 连续)
2009-09,delta_pmi,0.7000,,2009-08,2009-09-20,,PMI_t - PMI_t-1 (ref 连续)
2009-10,delta_pmi,0.3000,,2009-09,2009-10-20,,PMI_t - PMI_t-1 (ref 连续)
2009-11,delta_pmi,0.9000,,2009-10,2009-11-20,,PMI_t - PMI_t-1 (ref 连续)
2009-12,delta_pmi,0.0000,,2009-11,2009-12-20,,PMI_t - PMI_t-1 (ref 连续)
2010-01,delta_pmi,1.4000,,2009-12,2010-01-20,,PMI_t - PMI_t-1 (ref 连续)
2010-02,delta_pmi,-0.8000,,2010-01,2010-02-20,,PMI_t - PMI_t-1 (ref 连续)
2010-03,delta_pmi,-3.8000,,2010-02,2010-03-20,,PMI_t - PMI_t-1 (ref 连续)
2010-04,delta_pmi,3.1000,,2010-03,2010-04-20,,PMI_t - PMI_t-1 (ref 连续)
2010-05,delta_pmi,0.6000,,2010-04,2010-05-20,,PMI_t - PMI_t-1 (ref 连续)
2010-06,delta_pmi,-1.8000,,2010-05,2010-06-20,,PMI_t - PMI_t-1 (ref 连续)
2010-07,delta_pmi,-1.8000,,2010-06,2010-07-20,,PMI_t - PMI_t-1 (ref 连续)
2010-08,delta_pmi,-0.9000,,2010-07,2010-08-20,,PMI_t - PMI_t-1 (ref 连续)
2010-09,delta_pmi,0.5000,,2010-08,2010-09-20,,PMI_t - PMI_t-1 (ref 连续)
2010-10,delta_pmi,2.1000,,2010-09,2010-10-20,,PMI_t - PMI_t-1 (ref 连续)
2010-11,delta_pmi,0.9000,,2010-10,2010-11-20,,PMI_t - PMI_t-1 (ref 连续)
2010-12,delta_pmi,0.5000,,2010-11,2010-12-20,,PMI_t - PMI_t-1 (ref 连续)
2011-01,delta_pmi,-1.3000,,2010-12,2011-01-20,,PMI_t - PMI_t-1 (ref 连续)
2011-02,delta_pmi,-1.0000,,2011-01,2011-02-20,,PMI_t - PMI_t-1 (ref 连续)
2011-03,delta_pmi,-0.7000,,2011-02,2011-03-20,,PMI_t - PMI_t-1 (ref 连续)
2011-04,delta_pmi,1.2000,,2011-03,2011-04-20,,PMI_t - PMI_t-1 (ref 连续)
2011-05,delta_pmi,-0.5000,,2011-04,2011-05-20,,PMI_t - PMI_t-1 (ref 连续)
2011-06,delta_pmi,-0.9000,,2011-05,2011-06-20,,PMI_t - PMI_t-1 (ref 连续)
2011-07,delta_pmi,-1.1000,,2011-06,2011-07-20,,PMI_t - PMI_t-1 (ref 连续)
2011-08,delta_pmi,-0.2000,,2011-07,2011-08-20,,PMI_t - PMI_t-1 (ref 连续)
2011-09,delta_pmi,0.2000,,2011-08,2011-09-20,,PMI_t - PMI_t-1 (ref 连续)
2011-10,delta_pmi,0.3000,,2011-09,2011-10-20,,PMI_t - PMI_t-1 (ref 连续)
2011-11,delta_pmi,-0.8000,,2011-10,2011-11-20,,PMI_t - PMI_t-1 (ref 连续)
2011-12,delta_pmi,-1.4000,,2011-11,2011-12-20,,PMI_t - PMI_t-1 (ref 连续)
2012-01,delta_pmi,1.3000,,2011-12,2012-01-20,,PMI_t - PMI_t-1 (ref 连续)
2012-02,delta_pmi,0.2000,,2012-01,2012-02-20,,PMI_t - PMI_t-1 (ref 连续)
2012-03,delta_pmi,0.5000,,2012-02,2012-03-20,,PMI_t - PMI_t-1 (ref 连续)
2012-04,delta_pmi,2.1000,,2012-03,2012-04-20,,PMI_t - PMI_t-1 (ref 连续)
2012-05,delta_pmi,0.2000,,2012-04,2012-05-20,,PMI_t - PMI_t-1 (ref 连续)
2012-06,delta_pmi,-2.9000,,2012-05,2012-06-20,,PMI_t - PMI_t-1 (ref 连续)
2012-07,delta_pmi,-0.2000,,2012-06,2012-07-20,,PMI_t - PMI_t-1 (ref 连续)
2012-08,delta_pmi,-0.1000,,2012-07,2012-08-20,,PMI_t - PMI_t-1 (ref 连续)
2012-09,delta_pmi,-0.9000,,2012-08,2012-09-20,,PMI_t - PMI_t-1 (ref 连续)
2012-10,delta_pmi,0.6000,,2012-09,2012-10-20,,PMI_t - PMI_t-1 (ref 连续)
2012-11,delta_pmi,0.4000,,2012-10,2012-11-20,,PMI_t - PMI_t-1 (ref 连续)
2012-12,delta_pmi,0.4000,,2012-11,2012-12-20,,PMI_t - PMI_t-1 (ref 连续)
2013-01,delta_pmi,0.0000,,2012-12,2013-01-20,,PMI_t - PMI_t-1 (ref 连续)
2013-02,delta_pmi,-0.2000,,2013-01,2013-02-20,,PMI_t - PMI_t-1 (ref 连续)
2013-03,delta_pmi,-0.3000,,2013-02,2013-03-20,,PMI_t - PMI_t-1 (ref 连续)
2013-04,delta_pmi,0.8000,,2013-03,2013-04-20,,PMI_t - PMI_t-1 (ref 连续)
2013-05,delta_pmi,-0.3000,,2013-04,2013-05-20,,PMI_t - PMI_t-1 (ref 连续)
2013-06,delta_pmi,0.2000,,2013-05,2013-06-20,,PMI_t - PMI_t-1 (ref 连续)
2013-07,delta_pmi,-0.7000,,2013-06,2013-07-20,,PMI_t - PMI_t-1 (ref 连续)
2013-08,delta_pmi,0.2000,,2013-07,2013-08-20,,PMI_t - PMI_t-1 (ref 连续)
2013-09,delta_pmi,0.7000,,2013-08,2013-09-20,,PMI_t - PMI_t-1 (ref 连续)
2013-10,delta_pmi,0.1000,,2013-09,2013-10-20,,PMI_t - PMI_t-1 (ref 连续)
2013-11,delta_pmi,0.3000,,2013-10,2013-11-20,,PMI_t - PMI_t-1 (ref 连续)
2013-12,delta_pmi,0.0000,,2013-11,2013-12-20,,PMI_t - PMI_t-1 (ref 连续)
2014-01,delta_pmi,-0.4000,,2013-12,2014-01-20,,PMI_t - PMI_t-1 (ref 连续)
2014-02,delta_pmi,-0.5000,,2014-01,2014-02-20,,PMI_t - PMI_t-1 (ref 连续)
2014-03,delta_pmi,-0.3000,,2014-02,2014-03-20,,PMI_t - PMI_t-1 (ref 连续)
2014-04,delta_pmi,0.1000,,2014-03,2014-04-20,,PMI_t - PMI_t-1 (ref 连续)
2014-05,delta_pmi,0.1000,,2014-04,2014-05-20,,PMI_t - PMI_t-1 (ref 连续)
2014-06,delta_pmi,0.4000,,2014-05,2014-06-20,,PMI_t - PMI_t-1 (ref 连续)
2014-07,delta_pmi,0.2000,,2014-06,2014-07-20,,PMI_t - PMI_t-1 (ref 连续)
2014-08,delta_pmi,0.7000,,2014-07,2014-08-20,,PMI_t - PMI_t-1 (ref 连续)
2014-09,delta_pmi,-0.6000,,2014-08,2014-09-20,,PMI_t - PMI_t-1 (ref 连续)
2014-10,delta_pmi,0.0000,,2014-09,2014-10-20,,PMI_t - PMI_t-1 (ref 连续)
2014-11,delta_pmi,-0.3000,,2014-10,2014-11-20,,PMI_t - PMI_t-1 (ref 连续)
2014-12,delta_pmi,-0.5000,,2014-11,2014-12-20,,PMI_t - PMI_t-1 (ref 连续)
2015-01,delta_pmi,-0.2000,,2014-12,2015-01-20,,PMI_t - PMI_t-1 (ref 连续)
2015-02,delta_pmi,-0.3000,,2015-01,2015-02-20,,PMI_t - PMI_t-1 (ref 连续)
2015-03,delta_pmi,0.1000,,2015-02,2015-03-20,,PMI_t - PMI_t-1 (ref 连续)
2015-04,delta_pmi,0.2000,,2015-03,2015-04-20,,PMI_t - PMI_t-1 (ref 连续)
2015-05,delta_pmi,0.0000,,2015-04,2015-05-20,,PMI_t - PMI_t-1 (ref 连续)
2015-06,delta_pmi,0.1000,,2015-05,2015-06-20,,PMI_t - PMI_t-1 (ref 连续)
2015-07,delta_pmi,0.0000,,2015-06,2015-07-20,,PMI_t - PMI_t-1 (ref 连续)
2015-08,delta_pmi,-0.2000,,2015-07,2015-08-20,,PMI_t - PMI_t-1 (ref 连续)
2015-09,delta_pmi,-0.3000,,2015-08,2015-09-20,,PMI_t - PMI_t-1 (ref 连续)
2015-10,delta_pmi,0.1000,,2015-09,2015-10-20,,PMI_t - PMI_t-1 (ref 连续)
2015-11,delta_pmi,0.0000,,2015-10,2015-11-20,,PMI_t - PMI_t-1 (ref 连续)
2015-12,delta_pmi,-0.2000,,2015-11,2015-12-20,,PMI_t - PMI_t-1 (ref 连续)
2016-01,delta_pmi,0.1000,,2015-12,2016-01-20,,PMI_t - PMI_t-1 (ref 连续)
2016-02,delta_pmi,-0.3000,,2016-01,2016-02-20,,PMI_t - PMI_t-1 (ref 连续)
2016-03,delta_pmi,-0.4000,,2016-02,2016-03-20,,PMI_t - PMI_t-1 (ref 连续)
2016-04,delta_pmi,1.2000,,2016-03,2016-04-20,,PMI_t - PMI_t-1 (ref 连续)
2016-05,delta_pmi,-0.1000,,2016-04,2016-05-20,,PMI_t - PMI_t-1 (ref 连续)
2016-06,delta_pmi,0.0000,,2016-05,2016-06-20,,PMI_t - PMI_t-1 (ref 连续)
2016-07,delta_pmi,-0.1000,,2016-06,2016-07-20,,PMI_t - PMI_t-1 (ref 连续)
2016-08,delta_pmi,-0.1000,,2016-07,2016-08-20,,PMI_t - PMI_t-1 (ref 连续)
2016-09,delta_pmi,0.5000,,2016-08,2016-09-20,,PMI_t - PMI_t-1 (ref 连续)
2016-10,delta_pmi,0.0000,,2016-09,2016-10-20,,PMI_t - PMI_t-1 (ref 连续)
2016-11,delta_pmi,0.8000,,2016-10,2016-11-20,,PMI_t - PMI_t-1 (ref 连续)
2016-12,delta_pmi,0.5000,,2016-11,2016-12-20,,PMI_t - PMI_t-1 (ref 连续)
2017-01,delta_pmi,-0.3000,,2016-12,2017-01-20,,PMI_t - PMI_t-1 (ref 连续)
2017-02,delta_pmi,-0.1000,,2017-01,2017-02-20,,PMI_t - PMI_t-1 (ref 连续)
2017-03,delta_pmi,0.3000,,2017-02,2017-03-20,,PMI_t - PMI_t-1 (ref 连续)
2017-04,delta_pmi,0.2000,,2017-03,2017-04-20,,PMI_t - PMI_t-1 (ref 连续)
2017-05,delta_pmi,-0.6000,,2017-04,2017-05-20,,PMI_t - PMI_t-1 (ref 连续)
2017-06,delta_pmi,0.0000,,2017-05,2017-06-20,,PMI_t - PMI_t-1 (ref 连续)
2017-07,delta_pmi,0.5000,,2017-06,2017-07-20,,PMI_t - PMI_t-1 (ref 连续)
2017-08,delta_pmi,-0.3000,,2017-07,2017-08-20,,PMI_t - PMI_t-1 (ref 连续)
2017-09,delta_pmi,0.3000,,2017-08,2017-09-20,,PMI_t - PMI_t-1 (ref 连续)
2017-10,delta_pmi,0.7000,,2017-09,2017-10-20,,PMI_t - PMI_t-1 (ref 连续)
2017-11,delta_pmi,-0.8000,,2017-10,2017-11-20,,PMI_t - PMI_t-1 (ref 连续)
2017-12,delta_pmi,0.2000,,2017-11,2017-12-20,,PMI_t - PMI_t-1 (ref 连续)
2018-01,delta_pmi,-0.2000,,2017-12,2018-01-20,,PMI_t - PMI_t-1 (ref 连续)
2018-02,delta_pmi,-0.3000,,2018-01,2018-02-20,,PMI_t - PMI_t-1 (ref 连续)
2018-03,delta_pmi,-1.0000,,2018-02,2018-03-20,,PMI_t - PMI_t-1 (ref 连续)
2018-04,delta_pmi,1.2000,,2018-03,2018-04-20,,PMI_t - PMI_t-1 (ref 连续)
2018-05,delta_pmi,-0.1000,,2018-04,2018-05-20,,PMI_t - PMI_t-1 (ref 连续)
2018-06,delta_pmi,0.5000,,2018-05,2018-06-20,,PMI_t - PMI_t-1 (ref 连续)
2018-07,delta_pmi,-0.4000,,2018-06,2018-07-20,,PMI_t - PMI_t-1 (ref 连续)
2018-08,delta_pmi,-0.3000,,2018-07,2018-08-20,,PMI_t - PMI_t-1 (ref 连续)
2018-09,delta_pmi,0.1000,,2018-08,2018-09-20,,PMI_t - PMI_t-1 (ref 连续)
2018-10,delta_pmi,-0.5000,,2018-09,2018-10-20,,PMI_t - PMI_t-1 (ref 连续)
2018-11,delta_pmi,-0.6000,,2018-10,2018-11-20,,PMI_t - PMI_t-1 (ref 连续)
2018-12,delta_pmi,-0.2000,,2018-11,2018-12-20,,PMI_t - PMI_t-1 (ref 连续)
2019-01,delta_pmi,-0.6000,,2018-12,2019-01-20,,PMI_t - PMI_t-1 (ref 连续)
2019-02,delta_pmi,0.1000,,2019-01,2019-02-20,,PMI_t - PMI_t-1 (ref 连续)
2019-03,delta_pmi,-0.3000,,2019-02,2019-03-20,,PMI_t - PMI_t-1 (ref 连续)
2019-04,delta_pmi,1.3000,,2019-03,2019-04-20,,PMI_t - PMI_t-1 (ref 连续)
2019-05,delta_pmi,-0.4000,,2019-04,2019-05-20,,PMI_t - PMI_t-1 (ref 连续)
2019-06,delta_pmi,-0.7000,,2019-05,2019-06-20,,PMI_t - PMI_t-1 (ref 连续)
2019-07,delta_pmi,0.0000,,2019-06,2019-07-20,,PMI_t - PMI_t-1 (ref 连续)
2019-08,delta_pmi,0.3000,,2019-07,2019-08-20,,PMI_t - PMI_t-1 (ref 连续)
2019-09,delta_pmi,-0.2000,,2019-08,2019-09-20,,PMI_t - PMI_t-1 (ref 连续)
2019-10,delta_pmi,0.3000,,2019-09,2019-10-20,,PMI_t - PMI_t-1 (ref 连续)
2019-11,delta_pmi,-0.5000,,2019-10,2019-11-20,,PMI_t - PMI_t-1 (ref 连续)
2019-12,delta_pmi,0.9000,,2019-11,2019-12-20,,PMI_t - PMI_t-1 (ref 连续)
2020-01,delta_pmi,0.0000,,2019-12,2020-01-20,,PMI_t - PMI_t-1 (ref 连续)
2020-02,delta_pmi,-0.2000,,2020-01,2020-02-20,,PMI_t - PMI_t-1 (ref 连续)
2020-03,delta_pmi,-14.3000,,2020-02,2020-03-20,,PMI_t - PMI_t-1 (ref 连续)
2020-04,delta_pmi,16.3000,,2020-03,2020-04-20,,PMI_t - PMI_t-1 (ref 连续)
2020-05,delta_pmi,-1.2000,,2020-04,2020-05-20,,PMI_t - PMI_t-1 (ref 连续)
2020-06,delta_pmi,-0.2000,,2020-05,2020-06-20,,PMI_t - PMI_t-1 (ref 连续)
2020-07,delta_pmi,0.3000,,2020-06,2020-07-20,,PMI_t - PMI_t-1 (ref 连续)
2020-08,delta_pmi,0.2000,,2020-07,2020-08-20,,PMI_t - PMI_t-1 (ref 连续)
2020-09,delta_pmi,-0.1000,,2020-08,2020-09-20,,PMI_t - PMI_t-1 (ref 连续)
2020-10,delta_pmi,0.5000,,2020-09,2020-10-20,,PMI_t - PMI_t-1 (ref 连续)
2020-11,delta_pmi,-0.1000,,2020-10,2020-11-20,,PMI_t - PMI_t-1 (ref 连续)
2020-12,delta_pmi,0.7000,,2020-11,2020-12-20,,PMI_t - PMI_t-1 (ref 连续)
2021-01,delta_pmi,-0.2000,,2020-12,2021-01-20,,PMI_t - PMI_t-1 (ref 连续)
2021-02,delta_pmi,-0.6000,,2021-01,2021-02-20,,PMI_t - PMI_t-1 (ref 连续)
2021-03,delta_pmi,-0.7000,,2021-02,2021-03-20,,PMI_t - PMI_t-1 (ref 连续)
2021-04,delta_pmi,1.3000,,2021-03,2021-04-20,,PMI_t - PMI_t-1 (ref 连续)
2021-05,delta_pmi,-0.8000,,2021-04,2021-05-20,,PMI_t - PMI_t-1 (ref 连续)
2021-06,delta_pmi,-0.1000,,2021-05,2021-06-20,,PMI_t - PMI_t-1 (ref 连续)
2021-07,delta_pmi,-0.1000,,2021-06,2021-07-20,,PMI_t - PMI_t-1 (ref 连续)
2021-08,delta_pmi,-0.5000,,2021-07,2021-08-20,,PMI_t - PMI_t-1 (ref 连续)
2021-09,delta_pmi,-0.3000,,2021-08,2021-09-20,,PMI_t - PMI_t-1 (ref 连续)
2021-10,delta_pmi,-0.5000,,2021-09,2021-10-20,,PMI_t - PMI_t-1 (ref 连续)
2021-11,delta_pmi,-0.4000,,2021-10,2021-11-20,,PMI_t - PMI_t-1 (ref 连续)
2021-12,delta_pmi,0.9000,,2021-11,2021-12-20,,PMI_t - PMI_t-1 (ref 连续)
2022-01,delta_pmi,0.2000,,2021-12,2022-01-20,,PMI_t - PMI_t-1 (ref 连续)
2022-02,delta_pmi,-0.2000,,2022-01,2022-02-20,,PMI_t - PMI_t-1 (ref 连续)
2022-03,delta_pmi,0.1000,,2022-02,2022-03-20,,PMI_t - PMI_t-1 (ref 连续)
2022-04,delta_pmi,-0.7000,,2022-03,2022-04-20,,PMI_t - PMI_t-1 (ref 连续)
2022-05,delta_pmi,-2.1000,,2022-04,2022-05-20,,PMI_t - PMI_t-1 (ref 连续)
2022-06,delta_pmi,2.2000,,2022-05,2022-06-20,,PMI_t - PMI_t-1 (ref 连续)
2022-07,delta_pmi,0.6000,,2022-06,2022-07-20,,PMI_t - PMI_t-1 (ref 连续)
2022-08,delta_pmi,-1.2000,,2022-07,2022-08-20,,PMI_t - PMI_t-1 (ref 连续)
2022-09,delta_pmi,0.4000,,2022-08,2022-09-20,,PMI_t - PMI_t-1 (ref 连续)
2022-10,delta_pmi,0.7000,,2022-09,2022-10-20,,PMI_t - PMI_t-1 (ref 连续)
2022-11,delta_pmi,-0.9000,,2022-10,2022-11-20,,PMI_t - PMI_t-1 (ref 连续)
2022-12,delta_pmi,-1.2000,,2022-11,2022-12-20,,PMI_t - PMI_t-1 (ref 连续)
2023-01,delta_pmi,-1.0000,,2022-12,2023-01-20,,PMI_t - PMI_t-1 (ref 连续)
2023-02,delta_pmi,3.1000,,2023-01,2023-02-20,,PMI_t - PMI_t-1 (ref 连续)
2023-03,delta_pmi,2.5000,,2023-02,2023-03-20,,PMI_t - PMI_t-1 (ref 连续)
2023-04,delta_pmi,-0.7000,,2023-03,2023-04-20,,PMI_t - PMI_t-1 (ref 连续)
2023-05,delta_pmi,-2.7000,,2023-04,2023-05-20,,PMI_t - PMI_t-1 (ref 连续)
2023-06,delta_pmi,-0.4000,,2023-05,2023-06-20,,PMI_t - PMI_t-1 (ref 连续)
2023-07,delta_pmi,0.2000,,2023-06,2023-07-20,,PMI_t - PMI_t-1 (ref 连续)
2023-08,delta_pmi,0.3000,,2023-07,2023-08-20,,PMI_t - PMI_t-1 (ref 连续)
2023-09,delta_pmi,0.4000,,2023-08,2023-09-20,,PMI_t - PMI_t-1 (ref 连续)
2023-10,delta_pmi,0.5000,,2023-09,2023-10-20,,PMI_t - PMI_t-1 (ref 连续)
2023-11,delta_pmi,-0.7000,,2023-10,2023-11-20,,PMI_t - PMI_t-1 (ref 连续)
2023-12,delta_pmi,-0.1000,,2023-11,2023-12-20,,PMI_t - PMI_t-1 (ref 连续)
2024-01,delta_pmi,-0.4000,,2023-12,2024-01-20,,PMI_t - PMI_t-1 (ref 连续)
2024-02,delta_pmi,0.2000,,2024-01,2024-02-20,,PMI_t - PMI_t-1 (ref 连续)
2024-03,delta_pmi,-0.1000,,2024-02,2024-03-20,,PMI_t - PMI_t-1 (ref 连续)
2024-04,delta_pmi,1.7000,,2024-03,2024-04-20,,PMI_t - PMI_t-1 (ref 连续)
2024-05,delta_pmi,-0.4000,,2024-04,2024-05-20,,PMI_t - PMI_t-1 (ref 连续)
2024-06,delta_pmi,-0.9000,,2024-05,2024-06-20,,PMI_t - PMI_t-1 (ref 连续)
2024-07,delta_pmi,0.0000,,2024-06,2024-07-20,,PMI_t - PMI_t-1 (ref 连续)
2024-08,delta_pmi,-0.1000,,2024-07,2024-08-20,,PMI_t - PMI_t-1 (ref 连续)
2024-09,delta_pmi,-0.3000,,2024-08,2024-09-20,,PMI_t - PMI_t-1 (ref 连续)
2024-10,delta_pmi,0.7000,,2024-09,2024-10-20,,PMI_t - PMI_t-1 (ref 连续)
2024-11,delta_pmi,0.3000,,2024-10,2024-11-20,,PMI_t - PMI_t-1 (ref 连续)
2024-12,delta_pmi,0.2000,,2024-11,2024-12-20,,PMI_t - PMI_t-1 (ref 连续)
2025-01,delta_pmi,-0.2000,,2024-12,2025-01-20,,PMI_t - PMI_t-1 (ref 连续)
2025-02,delta_pmi,-1.0000,,2025-01,2025-02-20,,PMI_t - PMI_t-1 (ref 连续)
2025-03,delta_pmi,1.1000,,2025-02,2025-03-20,,PMI_t - PMI_t-1 (ref 连续)
2025-04,delta_pmi,0.3000,,2025-03,2025-04-20,,PMI_t - PMI_t-1 (ref 连续)
2025-05,delta_pmi,-1.5000,,2025-04,2025-05-20,,PMI_t - PMI_t-1 (ref 连续)
2025-06,delta_pmi,0.5000,,2025-05,2025-06-20,,PMI_t - PMI_t-1 (ref 连续)
2025-07,delta_pmi,0.2000,,2025-06,2025-07-20,,PMI_t - PMI_t-1 (ref 连续)
2025-08,delta_pmi,-0.4000,,2025-07,2025-08-20,,PMI_t - PMI_t-1 (ref 连续)
2025-09,delta_pmi,0.1000,,2025-08,2025-09-20,,PMI_t - PMI_t-1 (ref 连续)
2025-10,delta_pmi,0.4000,,2025-09,2025-10-20,,PMI_t - PMI_t-1 (ref 连续)
2025-11,delta_pmi,-0.8000,,2025-10,2025-11-20,,PMI_t - PMI_t-1 (ref 连续)
2025-12,delta_pmi,0.2000,,2025-11,2025-12-20,,PMI_t - PMI_t-1 (ref 连续)
2026-01,delta_pmi,0.9000,,2025-12,2026-01-20,,PMI_t - PMI_t-1 (ref 连续)
2026-02,delta_pmi,-0.8000,,2026-01,2026-02-20,,PMI_t - PMI_t-1 (ref 连续)
2026-03,delta_pmi,-0.3000,,2026-02,2026-03-20,,PMI_t - PMI_t-1 (ref 连续)
2026-04,delta_pmi,1.4000,,2026-03,2026-04-20,,PMI_t - PMI_t-1 (ref 连续)
2026-05,delta_pmi,-0.1000,,2026-04,2026-05-20,,PMI_t - PMI_t-1 (ref 连续)
2026-06,delta_pmi,-0.3000,,2026-05,2026-06-20,,PMI_t - PMI_t-1 (ref 连续)
2026-07,delta_pmi,0.3000,,2026-06,2026-07-20,,PMI_t - PMI_t-1 (ref 连续)
2008-01,afre_yoy,,NOT_RELEASED,,,AFRE_OFFICIAL_SERIES,官方同比未公开
2008-02,afre_yoy,,NOT_RELEASED,,,AFRE_OFFICIAL_SERIES,官方同比未公开
2008-03,afre_yoy,,NOT_RELEASED,,,AFRE_OFFICIAL_SERIES,官方同比未公开
2008-04,afre_yoy,,NOT_RELEASED,,,AFRE_OFFICIAL_SERIES,官方同比未公开
2008-05,afre_yoy,,NOT_RELEASED,,,AFRE_OFFICIAL_SERIES,官方同比未公开
2008-06,afre_yoy,,NOT_RELEASED,,,AFRE_OFFICIAL_SERIES,官方同比未公开
2008-07,afre_yoy,,NOT_RELEASED,,,AFRE_OFFICIAL_SERIES,官方同比未公开
2008-08,afre_yoy,,NOT_RELEASED,,,AFRE_OFFICIAL_SERIES,官方同比未公开
2008-09,afre_yoy,,NOT_RELEASED,,,AFRE_OFFICIAL_SERIES,官方同比未公开
2008-10,afre_yoy,,NOT_RELEASED,,,AFRE_OFFICIAL_SERIES,官方同比未公开
2008-11,afre_yoy,,NOT_RELEASED,,,AFRE_OFFICIAL_SERIES,官方同比未公开
2008-12,afre_yoy,,NOT_RELEASED,,,AFRE_OFFICIAL_SERIES,官方同比未公开
2009-01,afre_yoy,,NOT_RELEASED,,,AFRE_OFFICIAL_SERIES,官方同比未公开
2009-02,afre_yoy,,NOT_RELEASED,,,AFRE_OFFICIAL_SERIES,官方同比未公开
2009-03,afre_yoy,,NOT_RELEASED,,,AFRE_OFFICIAL_SERIES,官方同比未公开
2009-04,afre_yoy,,NOT_RELEASED,,,AFRE_OFFICIAL_SERIES,官方同比未公开
2009-05,afre_yoy,,NOT_RELEASED,,,AFRE_OFFICIAL_SERIES,官方同比未公开
2009-06,afre_yoy,,NOT_RELEASED,,,AFRE_OFFICIAL_SERIES,官方同比未公开
2009-07,afre_yoy,,NOT_RELEASED,,,AFRE_OFFICIAL_SERIES,官方同比未公开
2009-08,afre_yoy,,NOT_RELEASED,,,AFRE_OFFICIAL_SERIES,官方同比未公开
2009-09,afre_yoy,,NOT_RELEASED,,,AFRE_OFFICIAL_SERIES,官方同比未公开
2009-10,afre_yoy,,NOT_RELEASED,,,AFRE_OFFICIAL_SERIES,官方同比未公开
2009-11,afre_yoy,,NOT_RELEASED,,,AFRE_OFFICIAL_SERIES,官方同比未公开
2009-12,afre_yoy,,NOT_RELEASED,,,AFRE_OFFICIAL_SERIES,官方同比未公开
2010-01,afre_yoy,,NOT_RELEASED,,,AFRE_OFFICIAL_SERIES,官方同比未公开
2010-02,afre_yoy,,NOT_RELEASED,,,AFRE_OFFICIAL_SERIES,官方同比未公开
2010-03,afre_yoy,,NOT_RELEASED,,,AFRE_OFFICIAL_SERIES,官方同比未公开
2010-04,afre_yoy,,NOT_RELEASED,,,AFRE_OFFICIAL_SERIES,官方同比未公开
2010-05,afre_yoy,,NOT_RELEASED,,,AFRE_OFFICIAL_SERIES,官方同比未公开
2010-06,afre_yoy,,NOT_RELEASED,,,AFRE_OFFICIAL_SERIES,官方同比未公开
2010-07,afre_yoy,,NOT_RELEASED,,,AFRE_OFFICIAL_SERIES,官方同比未公开
2010-08,afre_yoy,,NOT_RELEASED,,,AFRE_OFFICIAL_SERIES,官方同比未公开
2010-09,afre_yoy,,NOT_RELEASED,,,AFRE_OFFICIAL_SERIES,官方同比未公开
2010-10,afre_yoy,,NOT_RELEASED,,,AFRE_OFFICIAL_SERIES,官方同比未公开
2010-11,afre_yoy,,NOT_RELEASED,,,AFRE_OFFICIAL_SERIES,官方同比未公开
2010-12,afre_yoy,,NOT_RELEASED,,,AFRE_OFFICIAL_SERIES,官方同比未公开
2011-01,afre_yoy,,NOT_RELEASED,,,AFRE_OFFICIAL_SERIES,官方同比未公开
2011-02,afre_yoy,,NOT_RELEASED,,,AFRE_OFFICIAL_SERIES,官方同比未公开
2011-03,afre_yoy,,NOT_RELEASED,,,AFRE_OFFICIAL_SERIES,官方同比未公开
2011-04,afre_yoy,,NOT_RELEASED,,,AFRE_OFFICIAL_SERIES,官方同比未公开
2011-05,afre_yoy,,NOT_RELEASED,,,AFRE_OFFICIAL_SERIES,官方同比未公开
2011-06,afre_yoy,,NOT_RELEASED,,,AFRE_OFFICIAL_SERIES,官方同比未公开
2011-07,afre_yoy,,NOT_RELEASED,,,AFRE_OFFICIAL_SERIES,官方同比未公开
2011-08,afre_yoy,,NOT_RELEASED,,,AFRE_OFFICIAL_SERIES,官方同比未公开
2011-09,afre_yoy,,NOT_RELEASED,,,AFRE_OFFICIAL_SERIES,官方同比未公开
2011-10,afre_yoy,,NOT_RELEASED,,,AFRE_OFFICIAL_SERIES,官方同比未公开
2011-11,afre_yoy,,NOT_RELEASED,,,AFRE_OFFICIAL_SERIES,官方同比未公开
2011-12,afre_yoy,,NOT_RELEASED,,,AFRE_OFFICIAL_SERIES,官方同比未公开
2012-01,afre_yoy,,NOT_RELEASED,,,AFRE_OFFICIAL_SERIES,官方同比未公开
2012-02,afre_yoy,,NOT_RELEASED,,,AFRE_OFFICIAL_SERIES,官方同比未公开
2012-03,afre_yoy,,NOT_RELEASED,,,AFRE_OFFICIAL_SERIES,官方同比未公开
2012-04,afre_yoy,,NOT_RELEASED,,,AFRE_OFFICIAL_SERIES,官方同比未公开
2012-05,afre_yoy,,NOT_RELEASED,,,AFRE_OFFICIAL_SERIES,官方同比未公开
2012-06,afre_yoy,,NOT_RELEASED,,,AFRE_OFFICIAL_SERIES,官方同比未公开
2012-07,afre_yoy,,NOT_RELEASED,,,AFRE_OFFICIAL_SERIES,官方同比未公开
2012-08,afre_yoy,,NOT_RELEASED,,,AFRE_OFFICIAL_SERIES,官方同比未公开
2012-09,afre_yoy,,NOT_RELEASED,,,AFRE_OFFICIAL_SERIES,官方同比未公开
2012-10,afre_yoy,,NOT_RELEASED,,,AFRE_OFFICIAL_SERIES,官方同比未公开
2012-11,afre_yoy,,NOT_RELEASED,,,AFRE_OFFICIAL_SERIES,官方同比未公开
2012-12,afre_yoy,,NOT_RELEASED,,,AFRE_OFFICIAL_SERIES,官方同比未公开
2013-01,afre_yoy,,NOT_RELEASED,,,AFRE_OFFICIAL_SERIES,官方同比未公开
2013-02,afre_yoy,,NOT_RELEASED,,,AFRE_OFFICIAL_SERIES,官方同比未公开
2013-03,afre_yoy,,NOT_RELEASED,,,AFRE_OFFICIAL_SERIES,官方同比未公开
2013-04,afre_yoy,,NOT_RELEASED,,,AFRE_OFFICIAL_SERIES,官方同比未公开
2013-05,afre_yoy,,NOT_RELEASED,,,AFRE_OFFICIAL_SERIES,官方同比未公开
2013-06,afre_yoy,,NOT_RELEASED,,,AFRE_OFFICIAL_SERIES,官方同比未公开
2013-07,afre_yoy,,NOT_RELEASED,,,AFRE_OFFICIAL_SERIES,官方同比未公开
2013-08,afre_yoy,,NOT_RELEASED,,,AFRE_OFFICIAL_SERIES,官方同比未公开
2013-09,afre_yoy,,NOT_RELEASED,,,AFRE_OFFICIAL_SERIES,官方同比未公开
2013-10,afre_yoy,,NOT_RELEASED,,,AFRE_OFFICIAL_SERIES,官方同比未公开
2013-11,afre_yoy,,NOT_RELEASED,,,AFRE_OFFICIAL_SERIES,官方同比未公开
2013-12,afre_yoy,,NOT_RELEASED,,,AFRE_OFFICIAL_SERIES,官方同比未公开
2014-01,afre_yoy,,NOT_RELEASED,,,AFRE_OFFICIAL_SERIES,官方同比未公开
2014-02,afre_yoy,,NOT_RELEASED,,,AFRE_OFFICIAL_SERIES,官方同比未公开
2014-03,afre_yoy,,NOT_RELEASED,,,AFRE_OFFICIAL_SERIES,官方同比未公开
2014-04,afre_yoy,,NOT_RELEASED,,,AFRE_OFFICIAL_SERIES,官方同比未公开
2014-05,afre_yoy,,NOT_RELEASED,,,AFRE_OFFICIAL_SERIES,官方同比未公开
2014-06,afre_yoy,,NOT_RELEASED,,,AFRE_OFFICIAL_SERIES,官方同比未公开
2014-07,afre_yoy,,NOT_RELEASED,,,AFRE_OFFICIAL_SERIES,官方同比未公开
2014-08,afre_yoy,,NOT_RELEASED,,,AFRE_OFFICIAL_SERIES,官方同比未公开
2014-09,afre_yoy,,NOT_RELEASED,,,AFRE_OFFICIAL_SERIES,官方同比未公开
2014-10,afre_yoy,,NOT_RELEASED,,,AFRE_OFFICIAL_SERIES,官方同比未公开
2014-11,afre_yoy,,NOT_RELEASED,,,AFRE_OFFICIAL_SERIES,官方同比未公开
2014-12,afre_yoy,,NOT_RELEASED,,,AFRE_OFFICIAL_SERIES,官方同比未公开
2015-01,afre_yoy,,NOT_RELEASED,,,AFRE_OFFICIAL_SERIES,官方同比未公开
2015-02,afre_yoy,14.3000,,2014-12,2015-02-10,AFRE_LEGACY_HISTORICAL,官方直接同比 (ref_age=2)
2015-03,afre_yoy,14.3000,,2014-12,2015-02-10,AFRE_LEGACY_HISTORICAL,官方直接同比 (ref_age=3)
2015-04,afre_yoy,13.1000,,2015-03,2015-04-20,AFRE_LEGACY_HISTORICAL,官方直接同比 (ref_age=1)
2015-05,afre_yoy,13.1000,,2015-03,2015-04-20,AFRE_LEGACY_HISTORICAL,官方直接同比 (ref_age=2)
2015-06,afre_yoy,13.1000,,2015-03,2015-04-20,AFRE_LEGACY_HISTORICAL,官方直接同比 (ref_age=3)
2015-07,afre_yoy,12.0000,,2015-06,2015-07-20,AFRE_LEGACY_HISTORICAL,官方直接同比 (ref_age=1)
2015-08,afre_yoy,12.0000,,2015-06,2015-07-20,AFRE_LEGACY_HISTORICAL,官方直接同比 (ref_age=2)
2015-09,afre_yoy,12.0000,,2015-06,2015-07-20,AFRE_LEGACY_HISTORICAL,官方直接同比 (ref_age=3)
2015-10,afre_yoy,12.5000,,2015-09,2015-10-20,AFRE_LEGACY_HISTORICAL,官方直接同比 (ref_age=1)
2015-11,afre_yoy,12.5000,,2015-09,2015-10-20,AFRE_LEGACY_HISTORICAL,官方直接同比 (ref_age=2)
2015-12,afre_yoy,12.5000,,2015-09,2015-10-20,AFRE_LEGACY_HISTORICAL,官方直接同比 (ref_age=3)
2016-01,afre_yoy,12.5000,,2015-12,2016-01-20,AFRE_LEGACY_HISTORICAL,官方直接同比 (ref_age=1)
2016-02,afre_yoy,13.1000,,2016-01,2016-02-20,AFRE_PRE_2017,官方直接同比 (ref_age=1)
2016-03,afre_yoy,12.7000,,2016-02,2016-03-20,AFRE_PRE_2017,官方直接同比 (ref_age=1)
2016-04,afre_yoy,13.4000,,2016-03,2016-04-20,AFRE_PRE_2017,官方直接同比 (ref_age=1)
2016-05,afre_yoy,13.1000,,2016-04,2016-05-20,AFRE_PRE_2017,官方直接同比 (ref_age=1)
2016-06,afre_yoy,12.6000,,2016-05,2016-06-20,AFRE_PRE_2017,官方直接同比 (ref_age=1)
2016-07,afre_yoy,12.4000,,2016-06,2016-07-20,AFRE_PRE_2017,官方直接同比 (ref_age=1)
2016-08,afre_yoy,12.2000,,2016-07,2016-08-20,AFRE_PRE_2017,官方直接同比 (ref_age=1)
2016-09,afre_yoy,12.3000,,2016-08,2016-09-20,AFRE_PRE_2017,官方直接同比 (ref_age=1)
2016-10,afre_yoy,12.5000,,2016-09,2016-10-20,AFRE_PRE_2017,官方直接同比 (ref_age=1)
2016-11,afre_yoy,12.8000,,2016-10,2016-11-20,AFRE_PRE_2017,官方直接同比 (ref_age=1)
2016-12,afre_yoy,13.3000,,2016-11,2016-12-20,AFRE_PRE_2017,官方直接同比 (ref_age=1)
2017-01,afre_yoy,12.8000,,2016-12,2017-01-20,AFRE_PRE_2017,官方直接同比 (ref_age=1)
2017-02,afre_yoy,12.8000,,2016-12,2017-01-20,AFRE_PRE_2017,官方直接同比 (ref_age=2)
2017-03,afre_yoy,12.8000,,2016-12,2017-01-20,AFRE_PRE_2017,官方直接同比 (ref_age=3)
2017-04,afre_yoy,,STALE_SOURCE,2016-12,2017-01-20,AFRE_PRE_2017,stale=3>max_stale=2 (last-known=12.80)
2017-05,afre_yoy,,STALE_SOURCE,2016-12,2017-01-20,AFRE_PRE_2017,stale=4>max_stale=2 (last-known=12.80)
2017-06,afre_yoy,,STALE_SOURCE,2016-12,2017-01-20,AFRE_PRE_2017,stale=5>max_stale=2 (last-known=12.80)
2017-07,afre_yoy,,STALE_SOURCE,2016-12,2017-01-20,AFRE_PRE_2017,stale=6>max_stale=2 (last-known=12.80)
2017-08,afre_yoy,,STALE_SOURCE,2016-12,2017-01-20,AFRE_PRE_2017,stale=7>max_stale=2 (last-known=12.80)
2017-09,afre_yoy,,STALE_SOURCE,2016-12,2017-01-20,AFRE_PRE_2017,stale=8>max_stale=2 (last-known=12.80)
2017-10,afre_yoy,,STALE_SOURCE,2016-12,2017-01-20,AFRE_PRE_2017,stale=9>max_stale=2 (last-known=12.80)
2017-11,afre_yoy,,STALE_SOURCE,2016-12,2017-01-20,AFRE_PRE_2017,stale=10>max_stale=2 (last-known=12.80)
2017-12,afre_yoy,,STALE_SOURCE,2016-12,2017-01-20,AFRE_PRE_2017,stale=11>max_stale=2 (last-known=12.80)
2018-01,afre_yoy,,STALE_SOURCE,2016-12,2017-01-20,AFRE_PRE_2017,stale=12>max_stale=2 (last-known=12.80)
2018-02,afre_yoy,,STALE_SOURCE,2016-12,2017-01-20,AFRE_PRE_2017,stale=13>max_stale=2 (last-known=12.80)
2018-03,afre_yoy,,STALE_SOURCE,2016-12,2017-01-20,AFRE_PRE_2017,stale=14>max_stale=2 (last-known=12.80)
2018-04,afre_yoy,,STALE_SOURCE,2016-12,2017-01-20,AFRE_PRE_2017,stale=15>max_stale=2 (last-known=12.80)
2018-05,afre_yoy,,STALE_SOURCE,2016-12,2017-01-20,AFRE_PRE_2017,stale=16>max_stale=2 (last-known=12.80)
2018-06,afre_yoy,,STALE_SOURCE,2016-12,2017-01-20,AFRE_PRE_2017,stale=17>max_stale=2 (last-known=12.80)
2018-07,afre_yoy,,STALE_SOURCE,2016-12,2017-01-20,AFRE_PRE_2017,stale=18>max_stale=2 (last-known=12.80)
2018-08,afre_yoy,,STALE_SOURCE,2016-12,2017-01-20,AFRE_PRE_2017,stale=19>max_stale=2 (last-known=12.80)
2018-09,afre_yoy,,STALE_SOURCE,2016-12,2017-01-20,AFRE_PRE_2017,stale=20>max_stale=2 (last-known=12.80)
2018-10,afre_yoy,,STALE_SOURCE,2016-12,2017-01-20,AFRE_PRE_2017,stale=21>max_stale=2 (last-known=12.80)
2018-11,afre_yoy,,STALE_SOURCE,2016-12,2017-01-20,AFRE_PRE_2017,stale=22>max_stale=2 (last-known=12.80)
2018-12,afre_yoy,,STALE_SOURCE,2016-12,2017-01-20,AFRE_PRE_2017,stale=23>max_stale=2 (last-known=12.80)
2019-01,afre_yoy,,STALE_SOURCE,2016-12,2017-01-20,AFRE_PRE_2017,stale=24>max_stale=2 (last-known=12.80)
2019-02,afre_yoy,,STALE_SOURCE,2016-12,2017-01-20,AFRE_PRE_2017,stale=25>max_stale=2 (last-known=12.80)
2019-03,afre_yoy,,STALE_SOURCE,2016-12,2017-01-20,AFRE_PRE_2017,stale=26>max_stale=2 (last-known=12.80)
2019-04,afre_yoy,,STALE_SOURCE,2016-12,2017-01-20,AFRE_PRE_2017,stale=27>max_stale=2 (last-known=12.80)
2019-05,afre_yoy,,STALE_SOURCE,2016-12,2017-01-20,AFRE_PRE_2017,stale=28>max_stale=2 (last-known=12.80)
2019-06,afre_yoy,,STALE_SOURCE,2016-12,2017-01-20,AFRE_PRE_2017,stale=29>max_stale=2 (last-known=12.80)
2019-07,afre_yoy,,STALE_SOURCE,2016-12,2017-01-20,AFRE_PRE_2017,stale=30>max_stale=2 (last-known=12.80)
2019-08,afre_yoy,,STALE_SOURCE,2016-12,2017-01-20,AFRE_PRE_2017,stale=31>max_stale=2 (last-known=12.80)
2019-09,afre_yoy,,STALE_SOURCE,2016-12,2017-01-20,AFRE_PRE_2017,stale=32>max_stale=2 (last-known=12.80)
2019-10,afre_yoy,,STALE_SOURCE,2016-12,2017-01-20,AFRE_PRE_2017,stale=33>max_stale=2 (last-known=12.80)
2019-11,afre_yoy,,STALE_SOURCE,2016-12,2017-01-20,AFRE_PRE_2017,stale=34>max_stale=2 (last-known=12.80)
2019-12,afre_yoy,,STALE_SOURCE,2016-12,2017-01-20,AFRE_PRE_2017,stale=35>max_stale=2 (last-known=12.80)
2020-01,afre_yoy,,STALE_SOURCE,2016-12,2017-01-20,AFRE_PRE_2017,stale=36>max_stale=2 (last-known=12.80)
2020-02,afre_yoy,10.7000,,2020-01,2020-02-20,AFRE_POST_2019,官方直接同比 (ref_age=1)
2020-03,afre_yoy,10.7000,,2020-02,2020-03-20,AFRE_POST_2019,官方直接同比 (ref_age=1)
2020-04,afre_yoy,11.5000,,2020-03,2020-04-20,AFRE_POST_2019,官方直接同比 (ref_age=1)
2020-05,afre_yoy,12.0000,,2020-04,2020-05-20,AFRE_POST_2019,官方直接同比 (ref_age=1)
2020-06,afre_yoy,12.5000,,2020-05,2020-06-20,AFRE_POST_2019,官方直接同比 (ref_age=1)
2020-07,afre_yoy,12.8000,,2020-06,2020-07-20,AFRE_POST_2019,官方直接同比 (ref_age=1)
2020-08,afre_yoy,12.9000,,2020-07,2020-08-20,AFRE_POST_2019,官方直接同比 (ref_age=1)
2020-09,afre_yoy,13.3000,,2020-08,2020-09-20,AFRE_POST_2019,官方直接同比 (ref_age=1)
2020-10,afre_yoy,13.5000,,2020-09,2020-10-20,AFRE_POST_2019,官方直接同比 (ref_age=1)
2020-11,afre_yoy,13.7000,,2020-10,2020-11-20,AFRE_POST_2019,官方直接同比 (ref_age=1)
2020-12,afre_yoy,13.6000,,2020-11,2020-12-20,AFRE_POST_2019,官方直接同比 (ref_age=1)
2021-01,afre_yoy,13.3000,,2020-12,2021-01-20,AFRE_POST_2019,官方直接同比 (ref_age=1)
2021-02,afre_yoy,13.0000,,2021-01,2021-02-20,AFRE_POST_2019,官方直接同比 (ref_age=1)
2021-03,afre_yoy,13.3000,,2021-02,2021-03-20,AFRE_POST_2019,官方直接同比 (ref_age=1)
2021-04,afre_yoy,12.3000,,2021-03,2021-04-20,AFRE_POST_2019,官方直接同比 (ref_age=1)
2021-05,afre_yoy,11.7000,,2021-04,2021-05-20,AFRE_POST_2019,官方直接同比 (ref_age=1)
2021-06,afre_yoy,11.0000,,2021-05,2021-06-20,AFRE_POST_2019,官方直接同比 (ref_age=1)
2021-07,afre_yoy,11.0000,,2021-06,2021-07-20,AFRE_POST_2019,官方直接同比 (ref_age=1)
2021-08,afre_yoy,10.7000,,2021-07,2021-08-20,AFRE_POST_2019,官方直接同比 (ref_age=1)
2021-09,afre_yoy,10.3000,,2021-08,2021-09-20,AFRE_POST_2019,官方直接同比 (ref_age=1)
2021-10,afre_yoy,10.0000,,2021-09,2021-10-20,AFRE_POST_2019,官方直接同比 (ref_age=1)
2021-11,afre_yoy,10.0000,,2021-10,2021-11-20,AFRE_POST_2019,官方直接同比 (ref_age=1)
2021-12,afre_yoy,10.1000,,2021-11,2021-12-20,AFRE_POST_2019,官方直接同比 (ref_age=1)
2022-01,afre_yoy,10.3000,,2021-12,2022-01-20,AFRE_POST_2019,官方直接同比 (ref_age=1)
2022-02,afre_yoy,10.5000,,2022-01,2022-02-20,AFRE_POST_2019,官方直接同比 (ref_age=1)
2022-03,afre_yoy,10.2000,,2022-02,2022-03-20,AFRE_POST_2019,官方直接同比 (ref_age=1)
2022-04,afre_yoy,10.5000,,2022-03,2022-04-20,AFRE_POST_2019,官方直接同比 (ref_age=1)
2022-05,afre_yoy,10.2000,,2022-04,2022-05-20,AFRE_POST_2019,官方直接同比 (ref_age=1)
2022-06,afre_yoy,10.5000,,2022-05,2022-06-20,AFRE_POST_2019,官方直接同比 (ref_age=1)
2022-07,afre_yoy,10.8000,,2022-06,2022-07-20,AFRE_POST_2019,官方直接同比 (ref_age=1)
2022-08,afre_yoy,10.7000,,2022-07,2022-08-20,AFRE_POST_2019,官方直接同比 (ref_age=1)
2022-09,afre_yoy,10.5000,,2022-08,2022-09-20,AFRE_POST_2019,官方直接同比 (ref_age=1)
2022-10,afre_yoy,10.6000,,2022-09,2022-10-20,AFRE_POST_2019,官方直接同比 (ref_age=1)
2022-11,afre_yoy,10.3000,,2022-10,2022-11-20,AFRE_POST_2019,官方直接同比 (ref_age=1)
2022-12,afre_yoy,10.0000,,2022-11,2022-12-20,AFRE_POST_2019,官方直接同比 (ref_age=1)
2023-01,afre_yoy,9.6000,,2022-12,2023-01-20,AFRE_POST_2019,官方直接同比 (ref_age=1)
2023-02,afre_yoy,9.4000,,2023-01,2023-02-20,AFRE_POST_2023,官方直接同比 (ref_age=1)
2023-03,afre_yoy,9.9000,,2023-02,2023-03-20,AFRE_POST_2023,官方直接同比 (ref_age=1)
2023-04,afre_yoy,10.0000,,2023-03,2023-04-20,AFRE_POST_2023,官方直接同比 (ref_age=1)
2023-05,afre_yoy,10.0000,,2023-04,2023-05-20,AFRE_POST_2023,官方直接同比 (ref_age=1)
2023-06,afre_yoy,9.5000,,2023-05,2023-06-20,AFRE_POST_2023,官方直接同比 (ref_age=1)
2023-07,afre_yoy,9.0000,,2023-06,2023-07-20,AFRE_POST_2023,官方直接同比 (ref_age=1)
2023-08,afre_yoy,8.9000,,2023-07,2023-08-20,AFRE_POST_2023,官方直接同比 (ref_age=1)
2023-09,afre_yoy,9.0000,,2023-08,2023-09-20,AFRE_POST_2023,官方直接同比 (ref_age=1)
2023-10,afre_yoy,9.0000,,2023-09,2023-10-20,AFRE_POST_2023,官方直接同比 (ref_age=1)
2023-11,afre_yoy,9.3000,,2023-10,2023-11-20,AFRE_POST_2023,官方直接同比 (ref_age=1)
2023-12,afre_yoy,9.4000,,2023-11,2023-12-20,AFRE_POST_2023,官方直接同比 (ref_age=1)
2024-01,afre_yoy,9.5000,,2023-12,2024-01-20,AFRE_POST_2023,官方直接同比 (ref_age=1)
2024-02,afre_yoy,9.5000,,2024-01,2024-02-20,AFRE_POST_2023,官方直接同比 (ref_age=1)
2024-03,afre_yoy,9.0000,,2024-02,2024-03-20,AFRE_POST_2023,官方直接同比 (ref_age=1)
2024-04,afre_yoy,8.7000,,2024-03,2024-04-20,AFRE_POST_2023,官方直接同比 (ref_age=1)
2024-05,afre_yoy,8.3000,,2024-04,2024-05-20,AFRE_POST_2023,官方直接同比 (ref_age=1)
2024-06,afre_yoy,8.4000,,2024-05,2024-06-20,AFRE_POST_2023,官方直接同比 (ref_age=1)
2024-07,afre_yoy,8.1000,,2024-06,2024-07-20,AFRE_POST_2023,官方直接同比 (ref_age=1)
2024-08,afre_yoy,8.2000,,2024-07,2024-08-20,AFRE_POST_2023,官方直接同比 (ref_age=1)
2024-09,afre_yoy,8.1000,,2024-08,2024-09-20,AFRE_POST_2023,官方直接同比 (ref_age=1)
2024-10,afre_yoy,8.0000,,2024-09,2024-10-20,AFRE_POST_2023,官方直接同比 (ref_age=1)
2024-11,afre_yoy,7.8000,,2024-10,2024-11-20,AFRE_POST_2023,官方直接同比 (ref_age=1)
2024-12,afre_yoy,7.8000,,2024-11,2024-12-20,AFRE_POST_2023,官方直接同比 (ref_age=1)
2025-01,afre_yoy,8.0000,,2024-12,2025-01-20,AFRE_POST_2023,官方直接同比 (ref_age=1)
2025-02,afre_yoy,8.0000,,2025-01,2025-02-20,AFRE_POST_2023,官方直接同比 (ref_age=1)
2025-03,afre_yoy,8.2000,,2025-02,2025-03-20,AFRE_POST_2023,官方直接同比 (ref_age=1)
2025-04,afre_yoy,8.4000,,2025-03,2025-04-20,AFRE_POST_2023,官方直接同比 (ref_age=1)
2025-05,afre_yoy,8.7000,,2025-04,2025-05-20,AFRE_POST_2023,官方直接同比 (ref_age=1)
2025-06,afre_yoy,8.7000,,2025-05,2025-06-20,AFRE_POST_2023,官方直接同比 (ref_age=1)
2025-07,afre_yoy,8.9000,,2025-06,2025-07-20,AFRE_POST_2023,官方直接同比 (ref_age=1)
2025-08,afre_yoy,9.0000,,2025-07,2025-08-20,AFRE_POST_2023,官方直接同比 (ref_age=1)
2025-09,afre_yoy,8.8000,,2025-08,2025-09-20,AFRE_POST_2023,官方直接同比 (ref_age=1)
2025-10,afre_yoy,8.7000,,2025-09,2025-10-20,AFRE_POST_2023,官方直接同比 (ref_age=1)
2025-11,afre_yoy,8.5000,,2025-10,2025-11-20,AFRE_POST_2023,官方直接同比 (ref_age=1)
2025-12,afre_yoy,8.5000,,2025-11,2025-12-20,AFRE_POST_2023,官方直接同比 (ref_age=1)
2026-01,afre_yoy,8.3000,,2025-12,2026-01-20,AFRE_POST_2023,官方直接同比 (ref_age=1)
2026-02,afre_yoy,8.2000,,2026-01,2026-02-20,AFRE_POST_2023,官方直接同比 (ref_age=1)
2026-03,afre_yoy,8.2000,,2026-02,2026-03-20,AFRE_POST_2023,官方直接同比 (ref_age=1)
2026-04,afre_yoy,7.9000,,2026-03,2026-04-20,AFRE_POST_2023,官方直接同比 (ref_age=1)
2026-05,afre_yoy,7.8000,,2026-04,2026-05-20,AFRE_POST_2023,官方直接同比 (ref_age=1)
2026-06,afre_yoy,7.7000,,2026-05,2026-06-20,AFRE_POST_2023,官方直接同比 (ref_age=1)
2026-07,afre_yoy,7.4000,,2026-06,2026-07-20,AFRE_POST_2023,官方直接同比 (ref_age=1)
2008-01,loans_12m,,NOT_RELEASED,,,,贷款未公开
2008-02,loans_12m,,INSUFFICIENT_HISTORY,2008-01,,,"窗口需 2007 历史, loan 源 2008 起"
2008-03,loans_12m,,INSUFFICIENT_HISTORY,2008-02,,,"窗口需 2007 历史, loan 源 2008 起"
2008-04,loans_12m,,INSUFFICIENT_HISTORY,2008-03,,,"窗口需 2007 历史, loan 源 2008 起"
2008-05,loans_12m,,INSUFFICIENT_HISTORY,2008-04,,,"窗口需 2007 历史, loan 源 2008 起"
2008-06,loans_12m,,INSUFFICIENT_HISTORY,2008-05,,,"窗口需 2007 历史, loan 源 2008 起"
2008-07,loans_12m,,INSUFFICIENT_HISTORY,2008-06,,,"窗口需 2007 历史, loan 源 2008 起"
2008-08,loans_12m,,INSUFFICIENT_HISTORY,2008-07,,,"窗口需 2007 历史, loan 源 2008 起"
2008-09,loans_12m,,INSUFFICIENT_HISTORY,2008-08,,,"窗口需 2007 历史, loan 源 2008 起"
2008-10,loans_12m,,INSUFFICIENT_HISTORY,2008-09,,,"窗口需 2007 历史, loan 源 2008 起"
2008-11,loans_12m,,INSUFFICIENT_HISTORY,2008-10,,,"窗口需 2007 历史, loan 源 2008 起"
2008-12,loans_12m,,INSUFFICIENT_HISTORY,2008-11,,,"窗口需 2007 历史, loan 源 2008 起"
2009-01,loans_12m,49042.0000,,2008-12,2009-01-20,,12 连续参考月滚动和 (亿元)
2009-02,loans_12m,57161.0000,,2009-01,2009-02-20,,12 连续参考月滚动和 (亿元)
2009-03,loans_12m,65442.0000,,2009-02,2009-03-20,,12 连续参考月滚动和 (亿元)
2009-04,loans_12m,81528.0000,,2009-03,2009-04-20,,12 连续参考月滚动和 (亿元)
2009-05,loans_12m,82756.0000,,2009-04,2009-05-20,,12 连续参考月滚动和 (亿元)
2009-06,loans_12m,86240.0000,,2009-05,2009-06-20,,12 连续参考月滚动和 (亿元)
2009-07,loans_12m,98220.0000,,2009-06,2009-07-20,,12 连续参考月滚动和 (亿元)
2009-08,loans_12m,98093.0000,,2009-07,2009-08-20,,12 连续参考月滚动和 (亿元)
2009-09,loans_12m,99482.0000,,2009-08,2009-09-20,,12 连续参考月滚动和 (亿元)
2009-10,loans_12m,100904.0000,,2009-09,2009-10-20,,12 连续参考月滚动和 (亿元)
2009-11,loans_12m,101615.0000,,2009-10,2009-11-20,,12 连续参考月滚动和 (亿元)
2009-12,loans_12m,99788.0000,,2009-11,2009-12-20,,12 连续参考月滚动和 (亿元)
2010-01,loans_12m,95943.0000,,2009-12,2010-01-20,,12 连续参考月滚动和 (亿元)
2010-02,loans_12m,93700.0000,,2010-01,2010-02-20,,12 连续参考月滚动和 (亿元)
2010-03,loans_12m,89984.0000,,2010-02,2010-03-20,,12 连续参考月滚动和 (亿元)
2010-04,loans_12m,76171.0000,,2010-03,2010-04-20,,12 连续参考月滚动和 (亿元)
2010-05,loans_12m,77993.0000,,2010-04,2010-05-20,,12 连续参考月滚动和 (亿元)
2010-06,loans_12m,77817.0000,,2010-05,2010-06-20,,12 连续参考月滚动和 (亿元)
2010-07,loans_12m,68540.0000,,2010-06,2010-07-20,,12 连续参考月滚动和 (亿元)
2010-08,loans_12m,70176.0000,,2010-07,2010-08-20,,12 连续参考月滚动和 (亿元)
2010-09,loans_12m,71518.0000,,2010-08,2010-09-20,,12 连续参考月滚动和 (亿元)
2010-10,loans_12m,72355.0000,,2010-09,2010-10-20,,12 连续参考月滚动和 (亿元)
2010-11,loans_12m,75702.0000,,2010-10,2010-11-20,,12 连续参考月滚动和 (亿元)
2010-12,loans_12m,78443.0000,,2010-11,2010-12-20,,12 连续参考月滚动和 (亿元)
2011-01,loans_12m,79450.0000,,2010-12,2011-01-20,,12 连续参考月滚动和 (亿元)
2011-02,loans_12m,75779.0000,,2011-01,2011-02-20,,12 连续参考月滚动和 (亿元)
2011-03,loans_12m,74157.0000,,2011-02,2011-03-20,,12 连续参考月滚动和 (亿元)
2011-04,loans_12m,75844.0000,,2011-03,2011-04-20,,12 连续参考月滚动和 (亿元)
2011-05,loans_12m,75534.0000,,2011-04,2011-05-20,,12 连续参考月滚动和 (亿元)
2011-06,loans_12m,74557.0000,,2011-05,2011-06-20,,12 连续参考月滚动和 (亿元)
2011-07,loans_12m,74869.0000,,2011-06,2011-07-20,,12 连续参考月滚动和 (亿元)
2011-08,loans_12m,74458.0000,,2011-07,2011-08-20,,12 连续参考月滚动和 (亿元)
2011-09,loans_12m,74496.0000,,2011-08,2011-09-20,,12 连续参考月滚动和 (亿元)
2011-10,loans_12m,73185.0000,,2011-09,2011-10-20,,12 连续参考月滚动和 (亿元)
2011-11,loans_12m,73176.0000,,2011-10,2011-11-20,,12 连续参考月滚动和 (亿元)
2011-12,loans_12m,73116.0000,,2011-11,2011-12-20,,12 连续参考月滚动和 (亿元)
2012-01,loans_12m,74715.0000,,2011-12,2012-01-20,,12 连续参考月滚动和 (亿元)
2012-02,loans_12m,71833.0000,,2012-01,2012-02-20,,12 连续参考月滚动和 (亿元)
2012-03,loans_12m,73563.0000,,2012-02,2012-03-20,,12 连续参考月滚动和 (亿元)
2012-04,loans_12m,76883.4200,,2012-03,2012-04-20,,12 连续参考月滚动和 (亿元)
2012-05,loans_12m,76271.2100,,2012-04,2012-05-20,,12 连续参考月滚动和 (亿元)
2012-06,loans_12m,78687.5300,,2012-05,2012-06-20,,12 连续参考月滚动和 (亿元)
2012-07,loans_12m,81546.7000,,2012-06,2012-07-20,,12 连续参考月滚动和 (亿元)
2012-08,loans_12m,82031.9100,,2012-07,2012-08-20,,12 连续参考月滚动和 (亿元)
2012-09,loans_12m,83587.3600,,2012-08,2012-09-20,,12 连续参考月滚动和 (亿元)
2012-10,loans_12m,85120.5900,,2012-09,2012-10-20,,12 连续参考月滚动和 (亿元)
2012-11,loans_12m,84306.3000,,2012-10,2012-11-20,,12 连续参考月滚动和 (亿元)
2012-12,loans_12m,83897.6700,,2012-11,2012-12-20,,12 连续参考月滚动和 (亿元)
2013-01,loans_12m,82037.7500,,2012-12,2013-01-20,,12 连续参考月滚动和 (亿元)
2013-02,loans_12m,85377.7500,,2013-01,2013-02-20,,12 连续参考月滚动和 (亿元)
2013-03,loans_12m,84470.7500,,2013-02,2013-03-20,,12 连续参考月滚动和 (亿元)
2013-04,loans_12m,84981.3300,,2013-03,2013-04-20,,12 连续参考月滚动和 (亿元)
2013-05,loans_12m,86086.5400,,2013-04,2013-05-20,,12 连续参考月滚动和 (亿元)
2013-06,loans_12m,84848.2200,,2013-05,2013-06-20,,12 连续参考月滚动和 (亿元)
2013-07,loans_12m,84278.0500,,2013-06,2013-07-20,,12 连续参考月滚动和 (亿元)
2013-08,loans_12m,85873.8400,,2013-07,2013-08-20,,12 连续参考月滚动和 (亿元)
2013-09,loans_12m,85962.3900,,2013-08,2013-09-20,,12 连续参考月滚动和 (亿元)
2013-10,loans_12m,87606.1600,,2013-09,2013-10-20,,12 连续参考月滚动和 (亿元)
2013-11,loans_12m,87612.4500,,2013-10,2013-11-20,,12 连续参考月滚动和 (亿元)
2013-12,loans_12m,88638.0800,,2013-11,2013-12-20,,12 连续参考月滚动和 (亿元)
2014-01,loans_12m,88917.0000,,2013-12,2014-01-20,,12 连续参考月滚动和 (亿元)
2014-02,loans_12m,91386.0000,,2014-01,2014-02-20,,12 连续参考月滚动和 (亿元)
2014-03,loans_12m,91634.0000,,2014-02,2014-03-20,,12 连续参考月滚动和 (亿元)
2014-04,loans_12m,91506.0000,,2014-03,2014-04-20,,12 连续参考月滚动和 (亿元)
2014-05,loans_12m,91328.0000,,2014-04,2014-05-20,,12 连续参考月滚动和 (亿元)
2014-06,loans_12m,93342.0000,,2014-05,2014-06-20,,12 连续参考月滚动和 (亿元)
2014-07,loans_12m,95507.0000,,2014-06,2014-07-20,,12 连续参考月滚动和 (亿元)
2014-08,loans_12m,92362.0000,,2014-07,2014-08-20,,12 连续参考月滚动和 (亿元)
2014-09,loans_12m,92259.0000,,2014-08,2014-09-20,,12 连续参考月滚动和 (亿元)
2014-10,loans_12m,92961.0000,,2014-09,2014-10-20,,12 连续参考月滚动和 (亿元)
2014-11,loans_12m,93384.0000,,2014-10,2014-11-20,,12 连续参考月滚动和 (亿元)
2014-12,loans_12m,95665.0000,,2014-11,2014-12-20,,12 连续参考月滚动和 (亿元)
2015-01,loans_12m,97813.0000,,2014-12,2015-01-20,,12 连续参考月滚动和 (亿元)
2015-02,loans_12m,99330.8840,,2015-01,2015-02-20,,12 连续参考月滚动和 (亿元)
2015-03,loans_12m,104319.8655,,2015-02,2015-03-20,,12 连续参考月滚动和 (亿元)
2015-04,loans_12m,103742.7275,,2015-03,2015-04-20,,12 连续参考月滚动和 (亿元)
2015-05,loans_12m,104042.7879,,2015-04,2015-05-20,,12 连续参考月滚动和 (亿元)
2015-06,loans_12m,103844.9697,,2015-05,2015-06-20,,12 连续参考月滚动和 (亿元)
2015-07,loans_12m,106291.5285,,2015-06,2015-07-20,,12 连续参考月滚动和 (亿元)
2015-08,loans_12m,108329.9975,,2015-07,2015-08-20,,12 连续参考月滚动和 (亿元)
2015-09,loans_12m,109060.9171,,2015-08,2015-09-20,,12 连续参考月滚动和 (亿元)
2015-10,loans_12m,110906.1619,,2015-09,2015-10-20,,12 连续参考月滚动和 (亿元)
2015-11,loans_12m,110996.9176,,2015-10,2015-11-20,,12 连续参考月滚动和 (亿元)
2015-12,loans_12m,111342.8200,,2015-11,2015-12-20,,12 连续参考月滚动和 (亿元)
2016-01,loans_12m,112692.9033,,2015-12,2016-01-20,,12 连续参考月滚动和 (亿元)
2016-02,loans_12m,123355.0895,,2016-01,2016-02-20,,12 连续参考月滚动和 (亿元)
2016-03,loans_12m,120023.5503,,2016-02,2016-03-20,,12 连续参考月滚动和 (亿元)
2016-04,loans_12m,123279.2501,,2016-03,2016-04-20,,12 连续参考月滚动和 (亿元)
2016-05,loans_12m,120876.2424,,2016-04,2016-05-20,,12 连续参考月滚动和 (亿元)
2016-06,loans_12m,121740.3283,,2016-05,2016-06-20,,12 连续参考月滚动和 (亿元)
2016-07,loans_12m,121641.8770,,2016-06,2016-07-20,,12 连续参考月滚动和 (亿元)
2016-08,loans_12m,120301.6312,,2016-07,2016-08-20,,12 连续参考月滚动和 (亿元)
2016-09,loans_12m,120514.9078,,2016-08,2016-09-20,,12 连续参考月滚动和 (亿元)
2016-10,loans_12m,122725.7266,,2016-09,2016-10-20,,12 连续参考月滚动和 (亿元)
2016-11,loans_12m,123162.3015,,2016-10,2016-11-20,,12 连续参考月滚动和 (亿元)
2016-12,loans_12m,122752.6611,,2016-11,2016-12-20,,12 连续参考月滚动和 (亿元)
2017-01,loans_12m,124372.3659,,2016-12,2017-01-20,,12 连续参考月滚动和 (亿元)
2017-02,loans_12m,122135.1504,,2017-01,2017-02-20,,12 连续参考月滚动和 (亿元)
2017-03,loans_12m,124347.0264,,2017-02,2017-03-20,,12 连续参考月滚动和 (亿元)
2017-04,loans_12m,122757.5209,,2017-03,2017-04-20,,12 连续参考月滚动和 (亿元)
2017-05,loans_12m,127921.1562,,2017-04,2017-05-20,,12 连续参考月滚动和 (亿元)
2017-06,loans_12m,130327.2475,,2017-05,2017-06-20,,12 连续参考月滚动和 (亿元)
2017-07,loans_12m,131660.4943,,2017-06,2017-07-20,,12 连续参考月滚动和 (亿元)
2017-08,loans_12m,136261.8311,,2017-07,2017-08-20,,12 连续参考月滚动和 (亿元)
2017-09,loans_12m,139758.7879,,2017-08,2017-09-20,,12 连续参考月滚动和 (亿元)
2017-10,loans_12m,139015.5680,,2017-09,2017-10-20,,12 连续参考月滚动和 (亿元)
2017-11,loans_12m,139640.4868,,2017-10,2017-11-20,,12 连续参考月滚动和 (亿元)
2017-12,loans_12m,142605.6860,,2017-11,2017-12-20,,12 连续参考月滚动和 (亿元)
2018-01,loans_12m,138432.3887,,2017-12,2018-01-20,,12 连续参考月滚动和 (亿元)
2018-02,loans_12m,142149.7885,,2018-01,2018-02-20,,12 连续参考月滚动和 (亿元)
2018-03,loans_12m,142031.9561,,2018-02,2018-03-20,,12 连续参考月滚动和 (亿元)
2018-04,loans_12m,141870.4682,,2018-03,2018-04-20,,12 连续参考月滚动和 (亿元)
2018-05,loans_12m,142052.1307,,2018-04,2018-05-20,,12 连续参考月滚动和 (亿元)
2018-06,loans_12m,141667.9553,,2018-05,2018-06-20,,12 连续参考月滚动和 (亿元)
2018-07,loans_12m,143980.9428,,2018-06,2018-07-20,,12 连续参考月滚动和 (亿元)
2018-08,loans_12m,147690.5349,,2018-07,2018-08-20,,12 连续参考月滚动和 (亿元)
2018-09,loans_12m,149364.3806,,2018-08,2018-09-20,,12 连续参考月滚动和 (亿元)
2018-10,loans_12m,151820.5362,,2018-09,2018-10-20,,12 连续参考月滚动和 (亿元)
2018-11,loans_12m,152326.5693,,2018-10,2018-11-20,,12 连续参考月滚动和 (亿元)
2018-12,loans_12m,153200.4370,,2018-11,2018-12-20,,12 连续参考月滚动和 (亿元)
2019-01,loans_12m,156712.4107,,2018-12,2019-01-20,,12 连续参考月滚动和 (亿元)
2019-02,loans_12m,165530.5156,,2019-01,2019-02-20,,12 连续参考月滚动和 (亿元)
2019-03,loans_12m,162971.6717,,2019-02,2019-03-20,,12 连续参考月滚动和 (亿元)
2019-04,loans_12m,171131.4988,,2019-03,2019-04-20,,12 连续参考月滚动和 (亿元)
2019-05,loans_12m,168876.9758,,2019-04,2019-05-20,,12 连续参考月滚动和 (亿元)
2019-06,loans_12m,169336.2510,,2019-05,2019-06-20,,12 连续参考月滚动和 (亿元)
2019-07,loans_12m,169285.8090,,2019-06,2019-07-20,,12 连续参考月滚动和 (亿元)
2019-08,loans_12m,164510.7298,,2019-07,2019-08-20,,12 连续参考月滚动和 (亿元)
2019-09,loans_12m,164415.9131,,2019-08,2019-09-20,,12 连续参考月滚动和 (亿元)
2019-10,loans_12m,167687.3545,,2019-09,2019-10-20,,12 连续参考月滚动和 (亿元)
2019-11,loans_12m,166015.7105,,2019-10,2019-11-20,,12 连续参考月滚动和 (亿元)
2019-12,loans_12m,167346.5548,,2019-11,2019-12-20,,12 连续参考月滚动和 (亿元)
2020-01,loans_12m,168834.9062,,2019-12,2020-01-20,,12 连续参考月滚动和 (亿元)
2020-02,loans_12m,168090.5466,,2020-01,2020-02-20,,12 连续参考月滚动和 (亿元)
2020-03,loans_12m,167651.9048,,2020-02,2020-03-20,,12 连续参考月滚动和 (亿元)
2020-04,loans_12m,178457.5092,,2020-03,2020-04-20,,12 连续参考月滚动和 (亿元)
2020-05,loans_12m,185963.6817,,2020-04,2020-05-20,,12 连续参考月滚动和 (亿元)
2020-06,loans_12m,189610.2230,,2020-05,2020-06-20,,12 连续参考月滚动和 (亿元)
2020-07,loans_12m,191902.3231,,2020-06,2020-07-20,,12 连续参考月滚动和 (亿元)
2020-08,loans_12m,194037.2502,,2020-07,2020-08-20,,12 连续参考月滚动和 (亿元)
2020-09,loans_12m,195193.0682,,2020-08,2020-09-20,,12 连续参考月滚动和 (亿元)
2020-10,loans_12m,196751.6275,,2020-09,2020-10-20,,12 连续参考月滚动和 (亿元)
2020-11,loans_12m,197944.9890,,2020-10,2020-11-20,,12 连续参考月滚动和 (亿元)
2020-12,loans_12m,199620.8158,,2020-11,2020-12-20,,12 连续参考月滚动和 (亿元)
2021-01,loans_12m,200309.0000,,2020-12,2021-01-20,,12 连续参考月滚动和 (亿元)
2021-02,loans_12m,203567.0000,,2021-01,2021-02-20,,12 连续参考月滚动和 (亿元)
2021-03,loans_12m,209778.0000,,2021-02,2021-03-20,,12 连续参考月滚动和 (亿元)
2021-04,loans_12m,206899.0000,,2021-03,2021-04-20,,12 连续参考月滚动和 (亿元)
2021-05,loans_12m,203500.0000,,2021-04,2021-05-20,,12 连续参考月滚动和 (亿元)
2021-06,loans_12m,202292.0000,,2021-05,2021-06-20,,12 连续参考月滚动和 (亿元)
2021-07,loans_12m,206445.0000,,2021-06,2021-07-20,,12 连续参考月滚动和 (亿元)
2021-08,loans_12m,204615.0000,,2021-07,2021-08-20,,12 连续参考月滚动和 (亿元)
2021-09,loans_12m,203127.0000,,2021-08,2021-09-20,,12 连续参考月滚动和 (亿元)
2021-10,loans_12m,201711.0000,,2021-09,2021-10-20,,12 连续参考月滚动和 (亿元)
2021-11,loans_12m,202800.0000,,2021-10,2021-11-20,,12 连续参考月滚动和 (亿元)
2021-12,loans_12m,200512.0000,,2021-11,2021-12-20,,12 连续参考月滚动和 (亿元)
2022-01,loans_12m,199404.0000,,2021-12,2022-01-20,,12 连续参考月滚动和 (亿元)
2022-02,loans_12m,203210.0000,,2022-01,2022-02-20,,12 连续参考月滚动和 (亿元)
2022-03,loans_12m,198881.0000,,2022-02,2022-03-20,,12 连续参考月滚动和 (亿元)
2022-04,loans_12m,203661.0000,,2022-03,2022-04-20,,12 连续参考月滚动和 (亿元)
2022-05,loans_12m,194437.0000,,2022-04,2022-05-20,,12 连续参考月滚动和 (亿元)
2022-06,loans_12m,198373.0000,,2022-05,2022-06-20,,12 连续参考月滚动和 (亿元)
2022-07,loans_12m,205731.0000,,2022-06,2022-07-20,,12 连续参考月滚动和 (亿元)
2022-08,loans_12m,201428.0000,,2022-07,2022-08-20,,12 连续参考月滚动和 (亿元)
2022-09,loans_12m,202059.0000,,2022-08,2022-09-20,,12 连续参考月滚动和 (亿元)
2022-10,loans_12m,209990.0000,,2022-09,2022-10-20,,12 连续参考月滚动和 (亿元)
2022-11,loans_12m,206669.0000,,2022-10,2022-11-20,,12 连续参考月滚动和 (亿元)
2022-12,loans_12m,205096.0000,,2022-11,2022-12-20,,12 连续参考月滚动和 (亿元)
2023-01,loans_12m,209147.0000,,2022-12,2023-01-20,,12 连续参考月滚动和 (亿元)
2023-02,loans_12m,216473.0000,,2023-01,2023-02-20,,12 连续参考月滚动和 (亿元)
2023-03,loans_12m,225573.0000,,2023-02,2023-03-20,,12 连续参考月滚动和 (亿元)
2023-04,loans_12m,232769.0000,,2023-03,2023-04-20,,12 连续参考月滚动和 (亿元)
2023-05,loans_12m,233584.0000,,2023-04,2023-05-20,,12 连续参考月滚动和 (亿元)
2023-06,loans_12m,227573.0000,,2023-05,2023-06-20,,12 连续参考月滚动和 (亿元)
2023-07,loans_12m,229446.0000,,2023-06,2023-07-20,,12 连续参考月滚动和 (亿元)
2023-08,loans_12m,225722.0000,,2023-07,2023-08-20,,12 连续参考月滚动和 (亿元)
2023-09,loans_12m,225790.0000,,2023-08,2023-09-20,,12 连续参考月滚动和 (亿元)
2023-10,loans_12m,225473.0000,,2023-09,2023-10-20,,12 连续参考月滚动和 (亿元)
2023-11,loans_12m,225879.0000,,2023-10,2023-11-20,,12 连续参考月滚动和 (亿元)
2023-12,loans_12m,225551.0000,,2023-11,2023-12-20,,12 连续参考月滚动和 (亿元)
2024-01,loans_12m,222242.0000,,2023-12,2024-01-20,,12 连续参考月滚动和 (亿元)
2024-02,loans_12m,221329.0000,,2024-01,2024-02-20,,12 连续参考月滚动和 (亿元)
2024-03,loans_12m,212918.0000,,2024-02,2024-03-20,,12 连续参考月滚动和 (亿元)
2024-04,loans_12m,206351.0000,,2024-03,2024-04-20,,12 连续参考月滚动和 (亿元)
2024-05,loans_12m,205269.0000,,2024-04,2024-05-20,,12 连续参考月滚动和 (亿元)
2024-06,loans_12m,201247.0000,,2024-05,2024-06-20,,12 连续参考月滚动和 (亿元)
2024-07,loans_12m,190761.0000,,2024-06,2024-07-20,,12 连续参考月滚动和 (亿元)
2024-08,loans_12m,189589.0000,,2024-07,2024-08-20,,12 连续参考月滚动和 (亿元)
2024-09,loans_12m,186588.0000,,2024-08,2024-09-20,,12 连续参考月滚动和 (亿元)
2024-10,loans_12m,180961.0000,,2024-09,2024-10-20,,12 连续参考月滚动和 (亿元)
2024-11,loans_12m,179089.0000,,2024-10,2024-11-20,,12 连续参考月滚动和 (亿元)
2024-12,loans_12m,173185.0000,,2024-11,2024-12-20,,12 连续参考月滚动和 (亿元)
2025-01,loans_12m,170495.0000,,2024-12,2025-01-20,,12 连续参考月滚动和 (亿元)
2025-02,loans_12m,174288.0000,,2025-01,2025-02-20,,12 连续参考月滚动和 (亿元)
2025-03,loans_12m,171043.0000,,2025-02,2025-03-20,,12 连续参考月滚动和 (亿元)
2025-04,loans_12m,176357.0000,,2025-03,2025-04-20,,12 连续参考月滚动和 (亿元)
2025-05,loans_12m,173892.0000,,2025-04,2025-05-20,,12 连续参考月滚动和 (亿元)
2025-06,loans_12m,171618.0000,,2025-05,2025-06-20,,12 连续参考月滚动和 (亿元)
2025-07,loans_12m,173291.0000,,2025-06,2025-07-20,,12 连续参考月滚动和 (亿元)
2025-08,loans_12m,169803.0000,,2025-07,2025-08-20,,12 连续参考月滚动和 (亿元)
2025-09,loans_12m,165645.0000,,2025-08,2025-09-20,,12 连续参考月滚动和 (亿元)
2025-10,loans_12m,161984.0000,,2025-09,2025-10-20,,12 连续参考月滚动和 (亿元)
2025-11,loans_12m,158865.0000,,2025-10,2025-11-20,,12 连续参考月滚动和 (亿元)
2025-12,loans_12m,157745.0000,,2025-11,2025-12-20,,12 连续参考月滚动和 (亿元)
2026-01,loans_12m,159147.0000,,2025-12,2026-01-20,,12 连续参考月滚动和 (亿元)
2026-02,loans_12m,155969.0000,,2026-01,2026-02-20,,12 连续参考月滚动和 (亿元)
2026-03,loans_12m,157899.0000,,2026-02,2026-03-20,,12 连续参考月滚动和 (亿元)
2026-04,loans_12m,151187.0000,,2026-03,2026-04-20,,12 连续参考月滚动和 (亿元)
2026-05,loans_12m,146297.0000,,2026-04,2026-05-20,,12 连续参考月滚动和 (亿元)
2026-06,loans_12m,145339.0000,,2026-05,2026-06-20,,12 连续参考月滚动和 (亿元)
2026-07,loans_12m,139389.0000,,2026-06,2026-07-20,,12 连续参考月滚动和 (亿元)
2008-01,fr007_p90,4.2990,,2008-01,2008-01-31,,月内 P90
2008-01,fr007_vol,0.8292,,2008-01,2008-01-31,,月内样本标准差
2008-02,fr007_p90,3.9520,,2008-02,2008-02-29,,月内 P90
2008-02,fr007_vol,0.5862,,2008-02,2008-02-29,,月内样本标准差
2008-03,fr007_p90,2.6694,,2008-03,2008-03-31,,月内 P90
2008-03,fr007_vol,0.1459,,2008-03,2008-03-31,,月内样本标准差
2008-04,fr007_p90,3.4529,,2008-04,2008-04-30,,月内 P90
2008-04,fr007_vol,0.3140,,2008-04,2008-04-30,,月内样本标准差
2008-05,fr007_p90,3.9375,,2008-05,2008-05-30,,月内 P90
2008-05,fr007_vol,0.3715,,2008-05,2008-05-30,,月内样本标准差
2008-06,fr007_p90,3.6160,,2008-06,2008-06-30,,月内 P90
2008-06,fr007_vol,0.4377,,2008-06,2008-06-30,,月内样本标准差
2008-07,fr007_p90,3.3716,,2008-07,2008-07-31,,月内 P90
2008-07,fr007_vol,0.2091,,2008-07,2008-07-31,,月内样本标准差
2008-08,fr007_p90,3.7870,,2008-08,2008-08-29,,月内 P90
2008-08,fr007_vol,0.3167,,2008-08,2008-08-29,,月内样本标准差
2008-09,fr007_p90,3.4200,,2008-09,2008-09-26,,月内 P90
2008-09,fr007_vol,0.1699,,2008-09,2008-09-26,,月内样本标准差
2008-10,fr007_p90,3.4333,,2008-10,2008-10-31,,月内 P90
2008-10,fr007_vol,0.2457,,2008-10,2008-10-31,,月内样本标准差
2008-11,fr007_p90,2.8694,,2008-11,2008-11-28,,月内 P90
2008-11,fr007_vol,0.2400,,2008-11,2008-11-28,,月内样本标准差
2008-12,fr007_p90,1.9811,,2008-12,2008-12-31,,月内 P90
2008-12,fr007_vol,0.3068,,2008-12,2008-12-31,,月内样本标准差
2009-01,fr007_p90,1.0210,,2009-01,2009-01-23,,月内 P90
2009-01,fr007_vol,0.0485,,2009-01,2009-01-23,,月内样本标准差
2009-02,fr007_p90,0.9700,,2009-02,2009-02-27,,月内 P90
2009-02,fr007_vol,0.0233,,2009-02,2009-02-27,,月内样本标准差
2009-03,fr007_p90,0.9777,,2009-03,2009-03-31,,月内 P90
2009-03,fr007_vol,0.0185,,2009-03,2009-03-31,,月内样本标准差
2009-04,fr007_p90,0.9600,,2009-04,2009-04-30,,月内 P90
2009-04,fr007_vol,0.0192,,2009-04,2009-04-30,,月内样本标准差
2009-05,fr007_p90,0.9700,,2009-05,2009-05-27,,月内 P90
2009-05,fr007_vol,0.0148,,2009-05,2009-05-27,,月内样本标准差
2009-06,fr007_p90,1.1918,,2009-06,2009-06-30,,月内 P90
2009-06,fr007_vol,0.1044,,2009-06,2009-06-30,,月内样本标准差
2009-07,fr007_p90,1.9872,,2009-07,2009-07-31,,月内 P90
2009-07,fr007_vol,0.2895,,2009-07,2009-07-31,,月内样本标准差
2009-08,fr007_p90,1.6300,,2009-08,2009-08-31,,月内 P90
2009-08,fr007_vol,0.2095,,2009-08,2009-08-31,,月内样本标准差
2009-09,fr007_p90,1.7456,,2009-09,2009-09-30,,月内 P90
2009-09,fr007_vol,0.1289,,2009-09,2009-09-30,,月内样本标准差
2009-10,fr007_p90,1.6194,,2009-10,2009-10-30,,月内 P90
2009-10,fr007_vol,0.0825,,2009-10,2009-10-30,,月内样本标准差
2009-11,fr007_p90,1.4780,,2009-11,2009-11-30,,月内 P90
2009-11,fr007_vol,0.0422,,2009-11,2009-11-30,,月内样本标准差
2009-12,fr007_p90,1.5644,,2009-12,2009-12-31,,月内 P90
2009-12,fr007_vol,0.0522,,2009-12,2009-12-31,,月内样本标准差
2010-01,fr007_p90,1.5823,,2010-01,2010-01-29,,月内 P90
2010-01,fr007_vol,0.1502,,2010-01,2010-01-29,,月内样本标准差
2010-02,fr007_p90,2.2540,,2010-02,2010-02-26,,月内 P90
2010-02,fr007_vol,0.3072,,2010-02,2010-02-26,,月内样本标准差
2010-03,fr007_p90,1.7158,,2010-03,2010-03-31,,月内 P90
2010-03,fr007_vol,0.0557,,2010-03,2010-03-31,,月内样本标准差
2010-04,fr007_p90,1.6970,,2010-04,2010-04-30,,月内 P90
2010-04,fr007_vol,0.0412,,2010-04,2010-04-30,,月内样本标准差
2010-05,fr007_p90,2.4065,,2010-05,2010-05-31,,月内 P90
2010-05,fr007_vol,0.2924,,2010-05,2010-05-31,,月内样本标准差
2010-06,fr007_p90,3.1551,,2010-06,2010-06-30,,月内 P90
2010-06,fr007_vol,0.3434,,2010-06,2010-06-30,,月内样本标准差
2010-07,fr007_p90,2.6105,,2010-07,2010-07-30,,月内 P90
2010-07,fr007_vol,0.3681,,2010-07,2010-07-30,,月内样本标准差
2010-08,fr007_p90,2.1810,,2010-08,2010-08-31,,月内 P90
2010-08,fr007_vol,0.2877,,2010-08,2010-08-31,,月内样本标准差
2010-09,fr007_p90,2.8422,,2010-09,2010-09-30,,月内 P90
2010-09,fr007_vol,0.2553,,2010-09,2010-09-30,,月内样本标准差
2010-10,fr007_p90,2.0368,,2010-10,2010-10-29,,月内 P90
2010-10,fr007_vol,0.1830,,2010-10,2010-10-29,,月内样本标准差
2010-11,fr007_p90,2.6573,,2010-11,2010-11-30,,月内 P90
2010-11,fr007_vol,0.4390,,2010-11,2010-11-30,,月内样本标准差
2010-12,fr007_p90,6.0140,,2010-12,2010-12-31,,月内 P90
2010-12,fr007_vol,1.3688,,2010-12,2010-12-31,,月内样本标准差
2011-01,fr007_p90,8.1800,,2011-01,2011-01-31,,月内 P90
2011-01,fr007_vol,2.4551,,2011-01,2011-01-31,,月内样本标准差
2011-02,fr007_p90,6.1625,,2011-02,2011-02-28,,月内 P90
2011-02,fr007_vol,1.3121,,2011-02,2011-02-28,,月内样本标准差
2011-03,fr007_p90,2.9457,,2011-03,2011-03-31,,月内 P90
2011-03,fr007_vol,0.3656,,2011-03,2011-03-31,,月内样本标准差
2011-04,fr007_p90,3.8732,,2011-04,2011-04-29,,月内 P90
2011-04,fr007_vol,0.7249,,2011-04,2011-04-29,,月内样本标准差
2011-05,fr007_p90,4.7100,,2011-05,2011-05-31,,月内 P90
2011-05,fr007_vol,0.8641,,2011-05,2011-05-31,,月内样本标准差
2011-06,fr007_p90,8.6000,,2011-06,2011-06-30,,月内 P90
2011-06,fr007_vol,1.9447,,2011-06,2011-06-30,,月内样本标准差
2011-07,fr007_p90,6.2800,,2011-07,2011-07-29,,月内 P90
2011-07,fr007_vol,0.8549,,2011-07,2011-07-29,,月内样本标准差
2011-08,fr007_p90,5.0000,,2011-08,2011-08-31,,月内 P90
2011-08,fr007_vol,0.8092,,2011-08,2011-08-31,,月内样本标准差
2011-09,fr007_p90,4.8654,,2011-09,2011-09-30,,月内 P90
2011-09,fr007_vol,0.5954,,2011-09,2011-09-30,,月内样本标准差
2011-10,fr007_p90,4.8800,,2011-10,2011-10-31,,月内 P90
2011-10,fr007_vol,0.6620,,2011-10,2011-10-31,,月内样本标准差
2011-11,fr007_p90,4.3190,,2011-11,2011-11-30,,月内 P90
2011-11,fr007_vol,0.3541,,2011-11,2011-11-30,,月内样本标准差
2011-12,fr007_p90,4.7120,,2011-12,2011-12-30,,月内 P90
2011-12,fr007_vol,0.6902,,2011-12,2011-12-30,,月内样本标准差
2012-01,fr007_p90,6.4420,,2012-01,2012-01-31,,月内 P90
2012-01,fr007_vol,1.1951,,2012-01,2012-01-31,,月内样本标准差
2012-02,fr007_p90,5.2100,,2012-02,2012-02-29,,月内 P90
2012-02,fr007_vol,0.7033,,2012-02,2012-02-29,,月内样本标准差
2012-03,fr007_p90,3.4845,,2012-03,2012-03-30,,月内 P90
2012-03,fr007_vol,0.2334,,2012-03,2012-03-30,,月内样本标准差
2012-04,fr007_p90,3.9850,,2012-04,2012-04-27,,月内 P90
2012-04,fr007_vol,0.1599,,2012-04,2012-04-27,,月内样本标准差
2012-05,fr007_p90,3.8166,,2012-05,2012-05-31,,月内 P90
2012-05,fr007_vol,0.5613,,2012-05,2012-05-31,,月内样本标准差
2012-06,fr007_p90,4.2448,,2012-06,2012-06-29,,月内 P90
2012-06,fr007_vol,0.7584,,2012-06,2012-06-29,,月内样本标准差
2012-07,fr007_p90,4.0240,,2012-07,2012-07-31,,月内 P90
2012-07,fr007_vol,0.3127,,2012-07,2012-07-31,,月内样本标准差
2012-08,fr007_p90,3.7886,,2012-08,2012-08-31,,月内 P90
2012-08,fr007_vol,0.1985,,2012-08,2012-08-31,,月内样本标准差
2012-09,fr007_p90,4.4530,,2012-09,2012-09-28,,月内 P90
2012-09,fr007_vol,0.5493,,2012-09,2012-09-28,,月内样本标准差
2012-10,fr007_p90,3.7890,,2012-10,2012-10-31,,月内 P90
2012-10,fr007_vol,0.4332,,2012-10,2012-10-31,,月内样本标准差
2012-11,fr007_p90,3.3912,,2012-11,2012-11-30,,月内 P90
2012-11,fr007_vol,0.1886,,2012-11,2012-11-30,,月内样本标准差
2012-12,fr007_p90,4.0000,,2012-12,2012-12-31,,月内 P90
2012-12,fr007_vol,0.4990,,2012-12,2012-12-31,,月内样本标准差
2013-01,fr007_p90,3.5100,,2013-01,2013-01-31,,月内 P90
2013-01,fr007_vol,0.3422,,2013-01,2013-01-31,,月内样本标准差
2013-02,fr007_p90,4.1482,,2013-02,2013-02-28,,月内 P90
2013-02,fr007_vol,0.4740,,2013-02,2013-02-28,,月内样本标准差
2013-03,fr007_p90,3.3900,,2013-03,2013-03-29,,月内 P90
2013-03,fr007_vol,0.4795,,2013-03,2013-03-29,,月内样本标准差
2013-04,fr007_p90,3.9020,,2013-04,2013-04-26,,月内 P90
2013-04,fr007_vol,0.5657,,2013-04,2013-04-26,,月内样本标准差
2013-05,fr007_p90,4.2440,,2013-05,2013-05-31,,月内 P90
2013-05,fr007_vol,0.6008,,2013-05,2013-05-31,,月内样本标准差
2013-06,fr007_p90,8.1560,,2013-06,2013-06-28,,月内 P90
2013-06,fr007_vol,1.4894,,2013-06,2013-06-28,,月内样本标准差
2013-07,fr007_p90,5.0760,,2013-07,2013-07-31,,月内 P90
2013-07,fr007_vol,0.5745,,2013-07,2013-07-31,,月内样本标准差
2013-08,fr007_p90,4.3950,,2013-08,2013-08-30,,月内 P90
2013-08,fr007_vol,0.2724,,2013-08,2013-08-30,,月内样本标准差
2013-09,fr007_p90,4.2000,,2013-09,2013-09-30,,月内 P90
2013-09,fr007_vol,0.2777,,2013-09,2013-09-30,,月内样本标准差
2013-10,fr007_p90,5.0100,,2013-10,2013-10-31,,月内 P90
2013-10,fr007_vol,0.6467,,2013-10,2013-10-31,,月内样本标准差
2013-11,fr007_p90,4.9600,,2013-11,2013-11-29,,月内 P90
2013-11,fr007_vol,0.5129,,2013-11,2013-11-29,,月内样本标准差
2013-12,fr007_p90,6.5030,,2013-12,2013-12-31,,月内 P90
2013-12,fr007_vol,1.1471,,2013-12,2013-12-31,,月内样本标准差
2014-01,fr007_p90,5.2970,,2014-01,2014-01-30,,月内 P90
2014-01,fr007_vol,0.5989,,2014-01,2014-01-30,,月内样本标准差
2014-02,fr007_p90,5.2700,,2014-02,2014-02-28,,月内 P90
2014-02,fr007_vol,0.8443,,2014-02,2014-02-28,,月内样本标准差
2014-03,fr007_p90,4.1700,,2014-03,2014-03-31,,月内 P90
2014-03,fr007_vol,0.7482,,2014-03,2014-03-31,,月内样本标准差
2014-04,fr007_p90,4.1760,,2014-04,2014-04-30,,月内 P90
2014-04,fr007_vol,0.5385,,2014-04,2014-04-30,,月内样本标准差
2014-05,fr007_p90,3.4200,,2014-05,2014-05-30,,月内 P90
2014-05,fr007_vol,0.1453,,2014-05,2014-05-30,,月内样本标准差
2014-06,fr007_p90,3.6200,,2014-06,2014-06-30,,月内 P90
2014-06,fr007_vol,0.2468,,2014-06,2014-06-30,,月内样本标准差
2014-07,fr007_p90,4.0980,,2014-07,2014-07-31,,月内 P90
2014-07,fr007_vol,0.2541,,2014-07,2014-07-31,,月内样本标准差
2014-08,fr007_p90,3.7900,,2014-08,2014-08-29,,月内 P90
2014-08,fr007_vol,0.1793,,2014-08,2014-08-29,,月内样本标准差
2014-09,fr007_p90,3.4480,,2014-09,2014-09-30,,月内 P90
2014-09,fr007_vol,0.1650,,2014-09,2014-09-30,,月内样本标准差
2014-10,fr007_p90,3.2500,,2014-10,2014-10-31,,月内 P90
2014-10,fr007_vol,0.0985,,2014-10,2014-10-31,,月内样本标准差
2014-11,fr007_p90,3.5000,,2014-11,2014-11-28,,月内 P90
2014-11,fr007_vol,0.1305,,2014-11,2014-11-28,,月内样本标准差
2014-12,fr007_p90,5.4000,,2014-12,2014-12-31,,月内 P90
2014-12,fr007_vol,0.8197,,2014-12,2014-12-31,,月内样本标准差
2015-01,fr007_p90,4.1500,,2015-01,2015-01-30,,月内 P90
2015-01,fr007_vol,0.2693,,2015-01,2015-01-30,,月内样本标准差
2015-02,fr007_p90,4.8150,,2015-02,2015-02-27,,月内 P90
2015-02,fr007_vol,0.1735,,2015-02,2015-02-27,,月内样本标准差
2015-03,fr007_p90,4.8093,,2015-03,2015-03-31,,月内 P90
2015-03,fr007_vol,0.3812,,2015-03,2015-03-31,,月内样本标准差
2015-04,fr007_p90,3.4200,,2015-04,2015-04-30,,月内 P90
2015-04,fr007_vol,0.3878,,2015-04,2015-04-30,,月内样本标准差
2015-05,fr007_p90,2.4370,,2015-05,2015-05-29,,月内 P90
2015-05,fr007_vol,0.2069,,2015-05,2015-05-29,,月内样本标准差
2015-06,fr007_p90,2.8700,,2015-06,2015-06-30,,月内 P90
2015-06,fr007_vol,0.3408,,2015-06,2015-06-30,,月内样本标准差
2015-07,fr007_p90,2.7740,,2015-07,2015-07-31,,月内 P90
2015-07,fr007_vol,0.1330,,2015-07,2015-07-31,,月内样本标准差
2015-08,fr007_p90,2.5600,,2015-08,2015-08-31,,月内 P90
2015-08,fr007_vol,0.0743,,2015-08,2015-08-31,,月内样本标准差
2015-09,fr007_p90,2.4500,,2015-09,2015-09-30,,月内 P90
2015-09,fr007_vol,0.0441,,2015-09,2015-09-30,,月内样本标准差
2015-10,fr007_p90,2.4130,,2015-10,2015-10-30,,月内 P90
2015-10,fr007_vol,0.0400,,2015-10,2015-10-30,,月内样本标准差
2015-11,fr007_p90,2.3500,,2015-11,2015-11-30,,月内 P90
2015-11,fr007_vol,0.0246,,2015-11,2015-11-30,,月内样本标准差
2015-12,fr007_p90,2.4820,,2015-12,2015-12-31,,月内 P90
2015-12,fr007_vol,0.0472,,2015-12,2015-12-31,,月内样本标准差
2016-01,fr007_p90,2.4820,,2016-01,2016-01-29,,月内 P90
2016-01,fr007_vol,0.0516,,2016-01,2016-01-29,,月内样本标准差
2016-02,fr007_p90,2.4200,,2016-02,2016-02-29,,月内 P90
2016-02,fr007_vol,0.0549,,2016-02,2016-02-29,,月内样本标准差
2016-03,fr007_p90,2.4000,,2016-03,2016-03-31,,月内 P90
2016-03,fr007_vol,0.0485,,2016-03,2016-03-31,,月内样本标准差
2016-04,fr007_p90,2.5550,,2016-04,2016-04-29,,月内 P90
2016-04,fr007_vol,0.0956,,2016-04,2016-04-29,,月内样本标准差
2016-05,fr007_p90,2.5000,,2016-05,2016-05-31,,月内 P90
2016-05,fr007_vol,0.0527,,2016-05,2016-05-31,,月内样本标准差
2016-06,fr007_p90,2.4500,,2016-06,2016-06-30,,月内 P90
2016-06,fr007_vol,0.0934,,2016-06,2016-06-30,,月内样本标准差
2016-07,fr007_p90,2.6000,,2016-07,2016-07-29,,月内 P90
2016-07,fr007_vol,0.0829,,2016-07,2016-07-29,,月内样本标准差
2016-08,fr007_p90,2.6000,,2016-08,2016-08-31,,月内 P90
2016-08,fr007_vol,0.0839,,2016-08,2016-08-31,,月内样本标准差
2016-09,fr007_p90,2.7000,,2016-09,2016-09-30,,月内 P90
2016-09,fr007_vol,0.1539,,2016-09,2016-09-30,,月内样本标准差
2016-10,fr007_p90,3.0000,,2016-10,2016-10-31,,月内 P90
2016-10,fr007_vol,0.2659,,2016-10,2016-10-31,,月内样本标准差
2016-11,fr007_p90,2.8950,,2016-11,2016-11-30,,月内 P90
2016-11,fr007_vol,0.2223,,2016-11,2016-11-30,,月内样本标准差
2016-12,fr007_p90,3.2360,,2016-12,2016-12-30,,月内 P90
2016-12,fr007_vol,0.2809,,2016-12,2016-12-30,,月内样本标准差
2017-01,fr007_p90,2.8800,,2017-01,2017-01-26,,月内 P90
2017-01,fr007_vol,0.2332,,2017-01,2017-01-26,,月内样本标准差
2017-02,fr007_p90,3.3400,,2017-02,2017-02-28,,月内 P90
2017-02,fr007_vol,0.3293,,2017-02,2017-02-28,,月内样本标准差
2017-03,fr007_p90,4.3700,,2017-03,2017-03-31,,月内 P90
2017-03,fr007_vol,0.7102,,2017-03,2017-03-31,,月内样本标准差
2017-04,fr007_p90,3.8400,,2017-04,2017-04-28,,月内 P90
2017-04,fr007_vol,0.4384,,2017-04,2017-04-28,,月内样本标准差
2017-05,fr007_p90,3.7000,,2017-05,2017-05-31,,月内 P90
2017-05,fr007_vol,0.4250,,2017-05,2017-05-31,,月内样本标准差
2017-06,fr007_p90,3.4940,,2017-06,2017-06-30,,月内 P90
2017-06,fr007_vol,0.2177,,2017-06,2017-06-30,,月内样本标准差
2017-07,fr007_p90,3.4400,,2017-07,2017-07-31,,月内 P90
2017-07,fr007_vol,0.2129,,2017-07,2017-07-31,,月内样本标准差
2017-08,fr007_p90,3.9600,,2017-08,2017-08-31,,月内 P90
2017-08,fr007_vol,0.3185,,2017-08,2017-08-31,,月内样本标准差
2017-09,fr007_p90,3.5000,,2017-09,2017-09-29,,月内 P90
2017-09,fr007_vol,0.1394,,2017-09,2017-09-29,,月内样本标准差
2017-10,fr007_p90,3.4400,,2017-10,2017-10-31,,月内 P90
2017-10,fr007_vol,0.2057,,2017-10,2017-10-31,,月内样本标准差
2017-11,fr007_p90,3.4400,,2017-11,2017-11-30,,月内 P90
2017-11,fr007_vol,0.1991,,2017-11,2017-11-30,,月内样本标准差
2017-12,fr007_p90,3.4400,,2017-12,2017-12-29,,月内 P90
2017-12,fr007_vol,0.7099,,2017-12,2017-12-29,,月内样本标准差
2018-01,fr007_p90,3.4450,,2018-01,2018-01-31,,月内 P90
2018-01,fr007_vol,0.2411,,2018-01,2018-01-31,,月内样本标准差
2018-02,fr007_p90,3.1960,,2018-02,2018-02-28,,月内 P90
2018-02,fr007_vol,0.2173,,2018-02,2018-02-28,,月内样本标准差
2018-03,fr007_p90,3.3000,,2018-03,2018-03-30,,月内 P90
2018-03,fr007_vol,0.1779,,2018-03,2018-03-30,,月内样本标准差
2018-04,fr007_p90,3.5400,,2018-04,2018-04-27,,月内 P90
2018-04,fr007_vol,0.3521,,2018-04,2018-04-27,,月内样本标准差
2018-05,fr007_p90,3.5260,,2018-05,2018-05-31,,月内 P90
2018-05,fr007_vol,0.3600,,2018-05,2018-05-31,,月内样本标准差
2018-06,fr007_p90,3.2200,,2018-06,2018-06-29,,月内 P90
2018-06,fr007_vol,0.2544,,2018-06,2018-06-29,,月内样本标准差
2018-07,fr007_p90,2.7950,,2018-07,2018-07-31,,月内 P90
2018-07,fr007_vol,0.0809,,2018-07,2018-07-31,,月内样本标准差
2018-08,fr007_p90,2.7000,,2018-08,2018-08-31,,月内 P90
2018-08,fr007_vol,0.1578,,2018-08,2018-08-31,,月内样本标准差
2018-09,fr007_p90,2.7000,,2018-09,2018-09-28,,月内 P90
2018-09,fr007_vol,0.0784,,2018-09,2018-09-28,,月内样本标准差
2018-10,fr007_p90,2.6500,,2018-10,2018-10-31,,月内 P90
2018-10,fr007_vol,0.0414,,2018-10,2018-10-31,,月内样本标准差
2018-11,fr007_p90,2.7450,,2018-11,2018-11-30,,月内 P90
2018-11,fr007_vol,0.0607,,2018-11,2018-11-30,,月内样本标准差
2018-12,fr007_p90,2.8740,,2018-12,2018-12-28,,月内 P90
2018-12,fr007_vol,0.5559,,2018-12,2018-12-28,,月内样本标准差
2019-01,fr007_p90,2.6780,,2019-01,2019-01-31,,月内 P90
2019-01,fr007_vol,0.1174,,2019-01,2019-01-31,,月内样本标准差
2019-02,fr007_p90,2.8500,,2019-02,2019-02-28,,月内 P90
2019-02,fr007_vol,0.2383,,2019-02,2019-02-28,,月内样本标准差
2019-03,fr007_p90,3.1300,,2019-03,2019-03-29,,月内 P90
2019-03,fr007_vol,0.3001,,2019-03,2019-03-29,,月内样本标准差
2019-04,fr007_p90,2.9950,,2019-04,2019-04-30,,月内 P90
2019-04,fr007_vol,0.2293,,2019-04,2019-04-30,,月内样本标准差
2019-05,fr007_p90,2.8100,,2019-05,2019-05-31,,月内 P90
2019-05,fr007_vol,0.1976,,2019-05,2019-05-31,,月内样本标准差
2019-06,fr007_p90,2.6060,,2019-06,2019-06-28,,月内 P90
2019-06,fr007_vol,0.1020,,2019-06,2019-06-28,,月内样本标准差
2019-07,fr007_p90,2.8900,,2019-07,2019-07-31,,月内 P90
2019-07,fr007_vol,0.2764,,2019-07,2019-07-31,,月内样本标准差
2019-08,fr007_p90,2.9000,,2019-08,2019-08-30,,月内 P90
2019-08,fr007_vol,0.1258,,2019-08,2019-08-30,,月内样本标准差
2019-09,fr007_p90,2.7600,,2019-09,2019-09-30,,月内 P90
2019-09,fr007_vol,0.1803,,2019-09,2019-09-30,,月内样本标准差
2019-10,fr007_p90,2.9500,,2019-10,2019-10-31,,月内 P90
2019-10,fr007_vol,0.1387,,2019-10,2019-10-31,,月内样本标准差
2019-11,fr007_p90,2.7900,,2019-11,2019-11-29,,月内 P90
2019-11,fr007_vol,0.1322,,2019-11,2019-11-29,,月内样本标准差
2019-12,fr007_p90,2.6960,,2019-12,2019-12-31,,月内 P90
2019-12,fr007_vol,0.1753,,2019-12,2019-12-31,,月内样本标准差
2020-01,fr007_p90,2.7620,,2020-01,2020-01-23,,月内 P90
2020-01,fr007_vol,0.1715,,2020-01,2020-01-23,,月内样本标准差
2020-02,fr007_p90,2.4100,,2020-02,2020-02-28,,月内 P90
2020-02,fr007_vol,0.0954,,2020-02,2020-02-28,,月内样本标准差
2020-03,fr007_p90,2.2400,,2020-03,2020-03-31,,月内 P90
2020-03,fr007_vol,0.2526,,2020-03,2020-03-31,,月内样本标准差
2020-04,fr007_p90,1.7000,,2020-04,2020-04-30,,月内 P90
2020-04,fr007_vol,0.1697,,2020-04,2020-04-30,,月内样本标准差
2020-05,fr007_p90,2.0420,,2020-05,2020-05-29,,月内 P90
2020-05,fr007_vol,0.2879,,2020-05,2020-05-29,,月内样本标准差
2020-06,fr007_p90,2.3000,,2020-06,2020-06-30,,月内 P90
2020-06,fr007_vol,0.3060,,2020-06,2020-06-30,,月内样本标准差
2020-07,fr007_p90,2.3500,,2020-07,2020-07-31,,月内 P90
2020-07,fr007_vol,0.1544,,2020-07,2020-07-31,,月内样本标准差
2020-08,fr007_p90,2.5000,,2020-08,2020-08-31,,月内 P90
2020-08,fr007_vol,0.1444,,2020-08,2020-08-31,,月内样本标准差
2020-09,fr007_p90,2.4980,,2020-09,2020-09-30,,月内 P90
2020-09,fr007_vol,0.1588,,2020-09,2020-09-30,,月内样本标准差
2020-10,fr007_p90,3.0600,,2020-10,2020-10-30,,月内 P90
2020-10,fr007_vol,0.3953,,2020-10,2020-10-30,,月内样本标准差
2020-11,fr007_p90,3.1000,,2020-11,2020-11-30,,月内 P90
2020-11,fr007_vol,0.3408,,2020-11,2020-11-30,,月内样本标准差
2020-12,fr007_p90,2.6000,,2020-12,2020-12-31,,月内 P90
2020-12,fr007_vol,0.2749,,2020-12,2020-12-31,,月内样本标准差
2021-01,fr007_p90,3.1090,,2021-01,2021-01-29,,月内 P90
2021-01,fr007_vol,0.4515,,2021-01,2021-01-29,,月内样本标准差
2021-02,fr007_p90,2.5040,,2021-02,2021-02-26,,月内 P90
2021-02,fr007_vol,0.2623,,2021-02,2021-02-26,,月内样本标准差
2021-03,fr007_p90,2.4000,,2021-03,2021-03-31,,月内 P90
2021-03,fr007_vol,0.1561,,2021-03,2021-03-31,,月内样本标准差
2021-04,fr007_p90,2.3000,,2021-04,2021-04-30,,月内 P90
2021-04,fr007_vol,0.1315,,2021-04,2021-04-30,,月内样本标准差
2021-05,fr007_p90,2.4000,,2021-05,2021-05-31,,月内 P90
2021-05,fr007_vol,0.1972,,2021-05,2021-05-31,,月内样本标准差
2021-06,fr007_p90,2.6600,,2021-06,2021-06-30,,月内 P90
2021-06,fr007_vol,0.2935,,2021-06,2021-06-30,,月内样本标准差
2021-07,fr007_p90,2.4900,,2021-07,2021-07-30,,月内 P90
2021-07,fr007_vol,0.1724,,2021-07,2021-07-30,,月内样本标准差
2021-08,fr007_p90,2.4500,,2021-08,2021-08-31,,月内 P90
2021-08,fr007_vol,0.1674,,2021-08,2021-08-31,,月内样本标准差
2021-09,fr007_p90,2.3680,,2021-09,2021-09-30,,月内 P90
2021-09,fr007_vol,0.2337,,2021-09,2021-09-30,,月内样本标准差
2021-10,fr007_p90,2.4700,,2021-10,2021-10-29,,月内 P90
2021-10,fr007_vol,0.1630,,2021-10,2021-10-29,,月内样本标准差
2021-11,fr007_p90,2.5000,,2021-11,2021-11-30,,月内 P90
2021-11,fr007_vol,0.1376,,2021-11,2021-11-30,,月内样本标准差
2021-12,fr007_p90,2.8000,,2021-12,2021-12-31,,月内 P90
2021-12,fr007_vol,0.2875,,2021-12,2021-12-31,,月内样本标准差
2022-01,fr007_p90,2.3340,,2022-01,2022-01-28,,月内 P90
2022-01,fr007_vol,0.1459,,2022-01,2022-01-28,,月内样本标准差
2022-02,fr007_p90,2.4500,,2022-02,2022-02-28,,月内 P90
2022-02,fr007_vol,0.1817,,2022-02,2022-02-28,,月内样本标准差
2022-03,fr007_p90,2.5850,,2022-03,2022-03-31,,月内 P90
2022-03,fr007_vol,0.3011,,2022-03,2022-03-31,,月内样本标准差
2022-04,fr007_p90,2.1000,,2022-04,2022-04-29,,月内 P90
2022-04,fr007_vol,0.1182,,2022-04,2022-04-29,,月内样本标准差
2022-05,fr007_p90,1.8571,,2022-05,2022-05-31,,月内 P90
2022-05,fr007_vol,0.1125,,2022-05,2022-05-31,,月内样本标准差
2022-06,fr007_p90,2.5000,,2022-06,2022-06-30,,月内 P90
2022-06,fr007_vol,0.3660,,2022-06,2022-06-30,,月内样本标准差
2022-07,fr007_p90,1.7500,,2022-07,2022-07-29,,月内 P90
2022-07,fr007_vol,0.0683,,2022-07,2022-07-29,,月内样本标准差
2022-08,fr007_p90,1.7400,,2022-08,2022-08-31,,月内 P90
2022-08,fr007_vol,0.1401,,2022-08,2022-08-31,,月内样本标准差
2022-09,fr007_p90,1.7900,,2022-09,2022-09-30,,月内 P90
2022-09,fr007_vol,0.1698,,2022-09,2022-09-30,,月内样本标准差
2022-10,fr007_p90,2.2000,,2022-10,2022-10-31,,月内 P90
2022-10,fr007_vol,0.2548,,2022-10,2022-10-31,,月内样本标准差
2022-11,fr007_p90,2.1000,,2022-11,2022-11-30,,月内 P90
2022-11,fr007_vol,0.1634,,2022-11,2022-11-30,,月内样本标准差
2022-12,fr007_p90,3.4500,,2022-12,2022-12-30,,月内 P90
2022-12,fr007_vol,0.9760,,2022-12,2022-12-30,,月内样本标准差
2023-01,fr007_p90,2.4600,,2023-01,2023-01-31,,月内 P90
2023-01,fr007_vol,0.2768,,2023-01,2023-01-31,,月内样本标准差
2023-02,fr007_p90,2.6500,,2023-02,2023-02-28,,月内 P90
2023-02,fr007_vol,0.2718,,2023-02,2023-02-28,,月内样本标准差
2023-03,fr007_p90,3.0500,,2023-03,2023-03-31,,月内 P90
2023-03,fr007_vol,0.4659,,2023-03,2023-03-31,,月内样本标准差
2023-04,fr007_p90,2.5050,,2023-04,2023-04-28,,月内 P90
2023-04,fr007_vol,0.1911,,2023-04,2023-04-28,,月内样本标准差
2023-05,fr007_p90,2.1500,,2023-05,2023-05-31,,月内 P90
2023-05,fr007_vol,0.1171,,2023-05,2023-05-31,,月内样本标准差
2023-06,fr007_p90,2.8000,,2023-06,2023-06-30,,月内 P90
2023-06,fr007_vol,0.3680,,2023-06,2023-06-30,,月内样本标准差
2023-07,fr007_p90,2.1000,,2023-07,2023-07-31,,月内 P90
2023-07,fr007_vol,0.0959,,2023-07,2023-07-31,,月内样本标准差
2023-08,fr007_p90,2.2400,,2023-08,2023-08-31,,月内 P90
2023-08,fr007_vol,0.1914,,2023-08,2023-08-31,,月内样本标准差
2023-09,fr007_p90,2.1500,,2023-09,2023-09-28,,月内 P90
2023-09,fr007_vol,0.1051,,2023-09,2023-09-28,,月内样本标准差
2023-10,fr007_p90,2.7200,,2023-10,2023-10-31,,月内 P90
2023-10,fr007_vol,0.3201,,2023-10,2023-10-31,,月内样本标准差
2023-11,fr007_p90,3.2660,,2023-11,2023-11-30,,月内 P90
2023-11,fr007_vol,0.4989,,2023-11,2023-11-30,,月内样本标准差
2023-12,fr007_p90,3.2000,,2023-12,2023-12-29,,月内 P90
2023-12,fr007_vol,0.6334,,2023-12,2023-12-29,,月内样本标准差
2024-01,fr007_p90,2.3500,,2024-01,2024-01-31,,月内 P90
2024-01,fr007_vol,0.1046,,2024-01,2024-01-31,,月内样本标准差
2024-02,fr007_p90,2.1650,,2024-02,2024-02-29,,月内 P90
2024-02,fr007_vol,0.1235,,2024-02,2024-02-29,,月内样本标准差
2024-03,fr007_p90,2.4000,,2024-03,2024-03-29,,月内 P90
2024-03,fr007_vol,0.1648,,2024-03,2024-03-29,,月内样本标准差
2024-04,fr007_p90,2.0770,,2024-04,2024-04-30,,月内 P90
2024-04,fr007_vol,0.0729,,2024-04,2024-04-30,,月内样本标准差
2024-05,fr007_p90,1.9500,,2024-05,2024-05-31,,月内 P90
2024-05,fr007_vol,0.0543,,2024-05,2024-05-31,,月内样本标准差
2024-06,fr007_p90,2.3100,,2024-06,2024-06-28,,月内 P90
2024-06,fr007_vol,0.2118,,2024-06,2024-06-28,,月内样本标准差
2024-07,fr007_p90,1.9500,,2024-07,2024-07-31,,月内 P90
2024-07,fr007_vol,0.0501,,2024-07,2024-07-31,,月内样本标准差
2024-08,fr007_p90,1.9470,,2024-08,2024-08-30,,月内 P90
2024-08,fr007_vol,0.0584,,2024-08,2024-08-30,,月内样本标准差
2024-09,fr007_p90,2.0500,,2024-09,2024-09-30,,月内 P90
2024-09,fr007_vol,0.1249,,2024-09,2024-09-30,,月内样本标准差
2024-10,fr007_p90,2.0100,,2024-10,2024-10-31,,月内 P90
2024-10,fr007_vol,0.1020,,2024-10,2024-10-31,,月内样本标准差
2024-11,fr007_p90,1.9000,,2024-11,2024-11-29,,月内 P90
2024-11,fr007_vol,0.0404,,2024-11,2024-11-29,,月内样本标准差
2024-12,fr007_p90,2.2000,,2024-12,2024-12-31,,月内 P90
2024-12,fr007_vol,0.1734,,2024-12,2024-12-31,,月内样本标准差
2025-01,fr007_p90,2.5000,,2025-01,2025-01-27,,月内 P90
2025-01,fr007_vol,0.4301,,2025-01,2025-01-27,,月内样本标准差
2025-02,fr007_p90,2.4500,,2025-02,2025-02-28,,月内 P90
2025-02,fr007_vol,0.2508,,2025-02,2025-02-28,,月内样本标准差
2025-03,fr007_p90,2.3000,,2025-03,2025-03-31,,月内 P90
2025-03,fr007_vol,0.2015,,2025-03,2025-03-31,,月内样本标准差
2025-04,fr007_p90,1.8790,,2025-04,2025-04-30,,月内 P90
2025-04,fr007_vol,0.0797,,2025-04,2025-04-30,,月内样本标准差
2025-05,fr007_p90,1.7500,,2025-05,2025-05-30,,月内 P90
2025-05,fr007_vol,0.0746,,2025-05,2025-05-30,,月内样本标准差
2025-06,fr007_p90,1.8500,,2025-06,2025-06-30,,月内 P90
2025-06,fr007_vol,0.1330,,2025-06,2025-06-30,,月内样本标准差
2025-07,fr007_p90,1.6280,,2025-07,2025-07-31,,月内 P90
2025-07,fr007_vol,0.0648,,2025-07,2025-07-31,,月内样本标准差
2025-08,fr007_p90,1.5700,,2025-08,2025-08-29,,月内 P90
2025-08,fr007_vol,0.0411,,2025-08,2025-08-29,,月内样本标准差
2025-09,fr007_p90,1.6400,,2025-09,2025-09-30,,月内 P90
2025-09,fr007_vol,0.1248,,2025-09,2025-09-30,,月内样本标准差
2025-10,fr007_p90,1.6090,,2025-10,2025-10-31,,月内 P90
2025-10,fr007_vol,0.0633,,2025-10,2025-10-31,,月内样本标准差
2025-11,fr007_p90,1.5400,,2025-11,2025-11-28,,月内 P90
2025-11,fr007_vol,0.0298,,2025-11,2025-11-28,,月内样本标准差
2025-12,fr007_p90,1.8000,,2025-12,2025-12-31,,月内 P90
2025-12,fr007_vol,0.2010,,2025-12,2025-12-31,,月内样本标准差
2026-01,fr007_p90,1.6300,,2026-01,2026-01-30,,月内 P90
2026-01,fr007_vol,0.0531,,2026-01,2026-01-30,,月内样本标准差
2026-02,fr007_p90,1.6260,,2026-02,2026-02-27,,月内 P90
2026-02,fr007_vol,0.0569,,2026-02,2026-02-27,,月内样本标准差
2026-03,fr007_p90,1.5290,,2026-03,2026-03-31,,月内 P90
2026-03,fr007_vol,0.0171,,2026-03,2026-03-31,,月内样本标准差
2026-04,fr007_p90,1.4200,,2026-04,2026-04-30,,月内 P90
2026-04,fr007_vol,0.0192,,2026-04,2026-04-30,,月内样本标准差
2026-05,fr007_p90,1.4000,,2026-05,2026-05-29,,月内 P90
2026-05,fr007_vol,0.0179,,2026-05,2026-05-29,,月内样本标准差
2026-06,fr007_p90,1.5400,,2026-06,2026-06-30,,月内 P90
2026-06,fr007_vol,0.0612,,2026-06,2026-06-30,,月内样本标准差
2026-07,fr007_p90,1.4980,,2026-07,2026-07-31,,月内 P90
2026-07,fr007_vol,0.0282,,2026-07,2026-07-31,,月内样本标准差
