date,period,value,value_raw,unit,freq,source,provider,source_type,definition_regime,note,value_available_date,vintage_type,release_rule_status,vintage_evidence,historical_realtime_eligible,post_vad_eligible,source_validity_eligible
1955-01-31,1955-01,16.623839999999998,16.623839999999998,"2015=100指数(对照,停2021)",M,CPICORE_FRED_2015B,FRED(OECD转载总务省),VALIDATED_MIRROR,,CPI2015BASE_REF,2026-09-05,LATEST_HISTORY_PROXY,PROXY,CURRENT_HISTORY_ONLY_NO_VINTAGE,false,true,true
1955-02-28,1955-02,16.61139,16.61139,"2015=100指数(对照,停2021)",M,CPICORE_FRED_2015B,FRED(OECD转载总务省),VALIDATED_MIRROR,,CPI2015BASE_REF,2026-09-05,LATEST_HISTORY_PROXY,PROXY,CURRENT_HISTORY_ONLY_NO_VINTAGE,false,true,true
1955-03-31,1955-03,16.55025,16.55025,"2015=100指数(对照,停2021)",M,CPICORE_FRED_2015B,FRED(OECD转载总务省),VALIDATED_MIRROR,,CPI2015BASE_REF,2026-09-05,LATEST_HISTORY_PROXY,PROXY,CURRENT_HISTORY_ONLY_NO_VINTAGE,false,true,true
1955-04-30,1955-04,16.69086,16.69086,"2015=100指数(对照,停2021)",M,CPICORE_FRED_2015B,FRED(OECD转载总务省),VALIDATED_MIRROR,,CPI2015BASE_REF,2026-09-05,LATEST_HISTORY_PROXY,PROXY,CURRENT_HISTORY_ONLY_NO_VINTAGE,false,true,true
1955-05-31,1955-05,16.58168,16.58168,"2015=100指数(对照,停2021)",M,CPICORE_FRED_2015B,FRED(OECD转载总务省),VALIDATED_MIRROR,,CPI2015BASE_REF,2026-09-05,LATEST_HISTORY_PROXY,PROXY,CURRENT_HISTORY_ONLY_NO_VINTAGE,false,true,true
1955-06-30,1955-06,16.5969,16.5969,"2015=100指数(对照,停2021)",M,CPICORE_FRED_2015B,FRED(OECD转载总务省),VALIDATED_MIRROR,,CPI2015BASE_REF,2026-09-05,LATEST_HISTORY_PROXY,PROXY,CURRENT_HISTORY_ONLY_NO_VINTAGE,false,true,true
1955-07-31,1955-07,16.55895,16.55895,"2015=100指数(对照,停2021)",M,CPICORE_FRED_2015B,FRED(OECD转载总务省),VALIDATED_MIRROR,,CPI2015BASE_REF,2026-09-05,LATEST_HISTORY_PROXY,PROXY,CURRENT_HISTORY_ONLY_NO_VINTAGE,false,true,true
1955-08-31,1955-08,16.6426,16.6426,"2015=100指数(对照,停2021)",M,CPICORE_FRED_2015B,FRED(OECD转载总务省),VALIDATED_MIRROR,,CPI2015BASE_REF,2026-09-05,LATEST_HISTORY_PROXY,PROXY,CURRENT_HISTORY_ONLY_NO_VINTAGE,false,true,true
1955-09-30,1955-09,16.70988,16.70988,"2015=100指数(对照,停2021)",M,CPICORE_FRED_2015B,FRED(OECD转载总务省),VALIDATED_MIRROR,,CPI2015BASE_REF,2026-09-05,LATEST_HISTORY_PROXY,PROXY,CURRENT_HISTORY_ONLY_NO_VINTAGE,false,true,true
1955-10-31,1955-10,16.79191,16.79191,"2015=100指数(对照,停2021)",M,CPICORE_FRED_2015B,FRED(OECD转载总务省),VALIDATED_MIRROR,,CPI2015BASE_REF,2026-09-05,LATEST_HISTORY_PROXY,PROXY,CURRENT_HISTORY_ONLY_NO_VINTAGE,false,true,true
1955-11-30,1955-11,16.41903,16.41903,"2015=100指数(对照,停2021)",M,CPICORE_FRED_2015B,FRED(OECD转载总务省),VALIDATED_MIRROR,,CPI2015BASE_REF,2026-09-05,LATEST_HISTORY_PROXY,PROXY,CURRENT_HISTORY_ONLY_NO_VINTAGE,false,true,true
1955-12-31,1955-12,16.3445,16.3445,"2015=100指数(对照,停2021)",M,CPICORE_FRED_2015B,FRED(OECD转载总务省),VALIDATED_MIRROR,,CPI2015BASE_REF,2026-09-05,LATEST_HISTORY_PROXY,PROXY,CURRENT_HISTORY_ONLY_NO_VINTAGE,false,true,true
1956-01-31,1956-01,16.436629999999997,16.436629999999997,"2015=100指数(对照,停2021)",M,CPICORE_FRED_2015B,FRED(OECD转载总务省),VALIDATED_MIRROR,,CPI2015BASE_REF,2026-09-05,LATEST_HISTORY_PROXY,PROXY,CURRENT_HISTORY_ONLY_NO_VINTAGE,false,true,true
1956-02-29,1956-02,16.53785,16.53785,"2015=100指数(对照,停2021)",M,CPICORE_FRED_2015B,FRED(OECD转载总务省),VALIDATED_MIRROR,,CPI2015BASE_REF,2026-09-05,LATEST_HISTORY_PROXY,PROXY,CURRENT_HISTORY_ONLY_NO_VINTAGE,false,true,true
1956-03-31,1956-03,16.59319,16.59319,"2015=100指数(对照,停2021)",M,CPICORE_FRED_2015B,FRED(OECD转载总务省),VALIDATED_MIRROR,,CPI2015BASE_REF,2026-09-05,LATEST_HISTORY_PROXY,PROXY,CURRENT_HISTORY_ONLY_NO_VINTAGE,false,true,true
1956-04-30,1956-04,16.66541,16.66541,"2015=100指数(对照,停2021)",M,CPICORE_FRED_2015B,FRED(OECD转载总务省),VALIDATED_MIRROR,,CPI2015BASE_REF,2026-09-05,LATEST_HISTORY_PROXY,PROXY,CURRENT_HISTORY_ONLY_NO_VINTAGE,false,true,true
1956-05-31,1956-05,16.61339,16.61339,"2015=100指数(对照,停2021)",M,CPICORE_FRED_2015B,FRED(OECD转载总务省),VALIDATED_MIRROR,,CPI2015BASE_REF,2026-09-05,LATEST_HISTORY_PROXY,PROXY,CURRENT_HISTORY_ONLY_NO_VINTAGE,false,true,true
1956-06-30,1956-06,16.9049,16.9049,"2015=100指数(对照,停2021)",M,CPICORE_FRED_2015B,FRED(OECD转载总务省),VALIDATED_MIRROR,,CPI2015BASE_REF,2026-09-05,LATEST_HISTORY_PROXY,PROXY,CURRENT_HISTORY_ONLY_NO_VINTAGE,false,true,true
1956-07-31,1956-07,16.63916,16.63916,"2015=100指数(对照,停2021)",M,CPICORE_FRED_2015B,FRED(OECD转载总务省),VALIDATED_MIRROR,,CPI2015BASE_REF,2026-09-05,LATEST_HISTORY_PROXY,PROXY,CURRENT_HISTORY_ONLY_NO_VINTAGE,false,true,true
1956-08-31,1956-08,16.71321,16.71321,"2015=100指数(对照,停2021)",M,CPICORE_FRED_2015B,FRED(OECD转载总务省),VALIDATED_MIRROR,,CPI2015BASE_REF,2026-09-05,LATEST_HISTORY_PROXY,PROXY,CURRENT_HISTORY_ONLY_NO_VINTAGE,false,true,true
1956-09-30,1956-09,16.86584,16.86584,"2015=100指数(对照,停2021)",M,CPICORE_FRED_2015B,FRED(OECD转载总务省),VALIDATED_MIRROR,,CPI2015BASE_REF,2026-09-05,LATEST_HISTORY_PROXY,PROXY,CURRENT_HISTORY_ONLY_NO_VINTAGE,false,true,true
1956-10-31,1956-10,16.89487,16.89487,"2015=100指数(对照,停2021)",M,CPICORE_FRED_2015B,FRED(OECD转载总务省),VALIDATED_MIRROR,,CPI2015BASE_REF,2026-09-05,LATEST_HISTORY_PROXY,PROXY,CURRENT_HISTORY_ONLY_NO_VINTAGE,false,true,true
1956-11-30,1956-11,16.61127,16.61127,"2015=100指数(对照,停2021)",M,CPICORE_FRED_2015B,FRED(OECD转载总务省),VALIDATED_MIRROR,,CPI2015BASE_REF,2026-09-05,LATEST_HISTORY_PROXY,PROXY,CURRENT_HISTORY_ONLY_NO_VINTAGE,false,true,true
1956-12-31,1956-12,16.724,16.724,"2015=100指数(对照,停2021)",M,CPICORE_FRED_2015B,FRED(OECD转载总务省),VALIDATED_MIRROR,,CPI2015BASE_REF,2026-09-05,LATEST_HISTORY_PROXY,PROXY,CURRENT_HISTORY_ONLY_NO_VINTAGE,false,true,true
1957-01-31,1957-01,16.80977,16.80977,"2015=100指数(对照,停2021)",M,CPICORE_FRED_2015B,FRED(OECD转载总务省),VALIDATED_MIRROR,,CPI2015BASE_REF,2026-09-05,LATEST_HISTORY_PROXY,PROXY,CURRENT_HISTORY_ONLY_NO_VINTAGE,false,true,true
1957-02-28,1957-02,16.7448,16.7448,"2015=100指数(对照,停2021)",M,CPICORE_FRED_2015B,FRED(OECD转载总务省),VALIDATED_MIRROR,,CPI2015BASE_REF,2026-09-05,LATEST_HISTORY_PROXY,PROXY,CURRENT_HISTORY_ONLY_NO_VINTAGE,false,true,true
1957-03-31,1957-03,16.8238,16.8238,"2015=100指数(对照,停2021)",M,CPICORE_FRED_2015B,FRED(OECD转载总务省),VALIDATED_MIRROR,,CPI2015BASE_REF,2026-09-05,LATEST_HISTORY_PROXY,PROXY,CURRENT_HISTORY_ONLY_NO_VINTAGE,false,true,true
1957-04-30,1957-04,16.97174,16.97174,"2015=100指数(对照,停2021)",M,CPICORE_FRED_2015B,FRED(OECD转载总务省),VALIDATED_MIRROR,,CPI2015BASE_REF,2026-09-05,LATEST_HISTORY_PROXY,PROXY,CURRENT_HISTORY_ONLY_NO_VINTAGE,false,true,true
1957-05-31,1957-05,17.131610000000002,17.131610000000002,"2015=100指数(对照,停2021)",M,CPICORE_FRED_2015B,FRED(OECD转载总务省),VALIDATED_MIRROR,,CPI2015BASE_REF,2026-09-05,LATEST_HISTORY_PROXY,PROXY,CURRENT_HISTORY_ONLY_NO_VINTAGE,false,true,true
1957-06-30,1957-06,17.05424,17.05424,"2015=100指数(对照,停2021)",M,CPICORE_FRED_2015B,FRED(OECD转载总务省),VALIDATED_MIRROR,,CPI2015BASE_REF,2026-09-05,LATEST_HISTORY_PROXY,PROXY,CURRENT_HISTORY_ONLY_NO_VINTAGE,false,true,true
1957-07-31,1957-07,17.2075,17.2075,"2015=100指数(对照,停2021)",M,CPICORE_FRED_2015B,FRED(OECD转载总务省),VALIDATED_MIRROR,,CPI2015BASE_REF,2026-09-05,LATEST_HISTORY_PROXY,PROXY,CURRENT_HISTORY_ONLY_NO_VINTAGE,false,true,true
1957-08-31,1957-08,17.32283,17.32283,"2015=100指数(对照,停2021)",M,CPICORE_FRED_2015B,FRED(OECD转载总务省),VALIDATED_MIRROR,,CPI2015BASE_REF,2026-09-05,LATEST_HISTORY_PROXY,PROXY,CURRENT_HISTORY_ONLY_NO_VINTAGE,false,true,true
1957-09-30,1957-09,17.21501,17.21501,"2015=100指数(对照,停2021)",M,CPICORE_FRED_2015B,FRED(OECD转载总务省),VALIDATED_MIRROR,,CPI2015BASE_REF,2026-09-05,LATEST_HISTORY_PROXY,PROXY,CURRENT_HISTORY_ONLY_NO_VINTAGE,false,true,true
1957-10-31,1957-10,17.14283,17.14283,"2015=100指数(对照,停2021)",M,CPICORE_FRED_2015B,FRED(OECD转载总务省),VALIDATED_MIRROR,,CPI2015BASE_REF,2026-09-05,LATEST_HISTORY_PROXY,PROXY,CURRENT_HISTORY_ONLY_NO_VINTAGE,false,true,true
1957-11-30,1957-11,16.92253,16.92253,"2015=100指数(对照,停2021)",M,CPICORE_FRED_2015B,FRED(OECD转载总务省),VALIDATED_MIRROR,,CPI2015BASE_REF,2026-09-05,LATEST_HISTORY_PROXY,PROXY,CURRENT_HISTORY_ONLY_NO_VINTAGE,false,true,true
1957-12-31,1957-12,16.893710000000002,16.893710000000002,"2015=100指数(对照,停2021)",M,CPICORE_FRED_2015B,FRED(OECD转载总务省),VALIDATED_MIRROR,,CPI2015BASE_REF,2026-09-05,LATEST_HISTORY_PROXY,PROXY,CURRENT_HISTORY_ONLY_NO_VINTAGE,false,true,true
1958-01-31,1958-01,16.99126,16.99126,"2015=100指数(对照,停2021)",M,CPICORE_FRED_2015B,FRED(OECD转载总务省),VALIDATED_MIRROR,,CPI2015BASE_REF,2026-09-05,LATEST_HISTORY_PROXY,PROXY,CURRENT_HISTORY_ONLY_NO_VINTAGE,false,true,true
1958-02-28,1958-02,16.83744,16.83744,"2015=100指数(对照,停2021)",M,CPICORE_FRED_2015B,FRED(OECD转载总务省),VALIDATED_MIRROR,,CPI2015BASE_REF,2026-09-05,LATEST_HISTORY_PROXY,PROXY,CURRENT_HISTORY_ONLY_NO_VINTAGE,false,true,true
1958-03-31,1958-03,16.79549,16.79549,"2015=100指数(对照,停2021)",M,CPICORE_FRED_2015B,FRED(OECD转载总务省),VALIDATED_MIRROR,,CPI2015BASE_REF,2026-09-05,LATEST_HISTORY_PROXY,PROXY,CURRENT_HISTORY_ONLY_NO_VINTAGE,false,true,true
1958-04-30,1958-04,16.91324,16.91324,"2015=100指数(对照,停2021)",M,CPICORE_FRED_2015B,FRED(OECD转载总务省),VALIDATED_MIRROR,,CPI2015BASE_REF,2026-09-05,LATEST_HISTORY_PROXY,PROXY,CURRENT_HISTORY_ONLY_NO_VINTAGE,false,true,true
1958-05-31,1958-05,16.9346,16.9346,"2015=100指数(对照,停2021)",M,CPICORE_FRED_2015B,FRED(OECD转载总务省),VALIDATED_MIRROR,,CPI2015BASE_REF,2026-09-05,LATEST_HISTORY_PROXY,PROXY,CURRENT_HISTORY_ONLY_NO_VINTAGE,false,true,true
1958-06-30,1958-06,17.0846,17.0846,"2015=100指数(对照,停2021)",M,CPICORE_FRED_2015B,FRED(OECD转载总务省),VALIDATED_MIRROR,,CPI2015BASE_REF,2026-09-05,LATEST_HISTORY_PROXY,PROXY,CURRENT_HISTORY_ONLY_NO_VINTAGE,false,true,true
1958-07-31,1958-07,17.04103,17.04103,"2015=100指数(对照,停2021)",M,CPICORE_FRED_2015B,FRED(OECD转载总务省),VALIDATED_MIRROR,,CPI2015BASE_REF,2026-09-05,LATEST_HISTORY_PROXY,PROXY,CURRENT_HISTORY_ONLY_NO_VINTAGE,false,true,true
1958-08-31,1958-08,17.2241,17.2241,"2015=100指数(对照,停2021)",M,CPICORE_FRED_2015B,FRED(OECD转载总务省),VALIDATED_MIRROR,,CPI2015BASE_REF,2026-09-05,LATEST_HISTORY_PROXY,PROXY,CURRENT_HISTORY_ONLY_NO_VINTAGE,false,true,true
1958-09-30,1958-09,17.09982,17.09982,"2015=100指数(对照,停2021)",M,CPICORE_FRED_2015B,FRED(OECD转载总务省),VALIDATED_MIRROR,,CPI2015BASE_REF,2026-09-05,LATEST_HISTORY_PROXY,PROXY,CURRENT_HISTORY_ONLY_NO_VINTAGE,false,true,true
1958-10-31,1958-10,17.24,17.24,"2015=100指数(对照,停2021)",M,CPICORE_FRED_2015B,FRED(OECD转载总务省),VALIDATED_MIRROR,,CPI2015BASE_REF,2026-09-05,LATEST_HISTORY_PROXY,PROXY,CURRENT_HISTORY_ONLY_NO_VINTAGE,false,true,true
1958-11-30,1958-11,17.045679999999997,17.045679999999997,"2015=100指数(对照,停2021)",M,CPICORE_FRED_2015B,FRED(OECD转载总务省),VALIDATED_MIRROR,,CPI2015BASE_REF,2026-09-05,LATEST_HISTORY_PROXY,PROXY,CURRENT_HISTORY_ONLY_NO_VINTAGE,false,true,true
1958-12-31,1958-12,17.0626,17.0626,"2015=100指数(对照,停2021)",M,CPICORE_FRED_2015B,FRED(OECD转载总务省),VALIDATED_MIRROR,,CPI2015BASE_REF,2026-09-05,LATEST_HISTORY_PROXY,PROXY,CURRENT_HISTORY_ONLY_NO_VINTAGE,false,true,true
1959-01-31,1959-01,17.08183,17.08183,"2015=100指数(对照,停2021)",M,CPICORE_FRED_2015B,FRED(OECD转载总务省),VALIDATED_MIRROR,,CPI2015BASE_REF,2026-09-05,LATEST_HISTORY_PROXY,PROXY,CURRENT_HISTORY_ONLY_NO_VINTAGE,false,true,true
1959-02-28,1959-02,16.98522,16.98522,"2015=100指数(对照,停2021)",M,CPICORE_FRED_2015B,FRED(OECD转载总务省),VALIDATED_MIRROR,,CPI2015BASE_REF,2026-09-05,LATEST_HISTORY_PROXY,PROXY,CURRENT_HISTORY_ONLY_NO_VINTAGE,false,true,true
1959-03-31,1959-03,17.06823,17.06823,"2015=100指数(对照,停2021)",M,CPICORE_FRED_2015B,FRED(OECD转载总务省),VALIDATED_MIRROR,,CPI2015BASE_REF,2026-09-05,LATEST_HISTORY_PROXY,PROXY,CURRENT_HISTORY_ONLY_NO_VINTAGE,false,true,true
1959-04-30,1959-04,17.19131,17.19131,"2015=100指数(对照,停2021)",M,CPICORE_FRED_2015B,FRED(OECD转载总务省),VALIDATED_MIRROR,,CPI2015BASE_REF,2026-09-05,LATEST_HISTORY_PROXY,PROXY,CURRENT_HISTORY_ONLY_NO_VINTAGE,false,true,true
1959-05-31,1959-05,17.144289999999998,17.144289999999998,"2015=100指数(对照,停2021)",M,CPICORE_FRED_2015B,FRED(OECD转载总务省),VALIDATED_MIRROR,,CPI2015BASE_REF,2026-09-05,LATEST_HISTORY_PROXY,PROXY,CURRENT_HISTORY_ONLY_NO_VINTAGE,false,true,true
1959-06-30,1959-06,17.24878,17.24878,"2015=100指数(对照,停2021)",M,CPICORE_FRED_2015B,FRED(OECD转载总务省),VALIDATED_MIRROR,,CPI2015BASE_REF,2026-09-05,LATEST_HISTORY_PROXY,PROXY,CURRENT_HISTORY_ONLY_NO_VINTAGE,false,true,true
1959-07-31,1959-07,17.28208,17.28208,"2015=100指数(对照,停2021)",M,CPICORE_FRED_2015B,FRED(OECD转载总务省),VALIDATED_MIRROR,,CPI2015BASE_REF,2026-09-05,LATEST_HISTORY_PROXY,PROXY,CURRENT_HISTORY_ONLY_NO_VINTAGE,false,true,true
1959-08-31,1959-08,17.53639,17.53639,"2015=100指数(对照,停2021)",M,CPICORE_FRED_2015B,FRED(OECD转载总务省),VALIDATED_MIRROR,,CPI2015BASE_REF,2026-09-05,LATEST_HISTORY_PROXY,PROXY,CURRENT_HISTORY_ONLY_NO_VINTAGE,false,true,true
1959-09-30,1959-09,17.36411,17.36411,"2015=100指数(对照,停2021)",M,CPICORE_FRED_2015B,FRED(OECD转载总务省),VALIDATED_MIRROR,,CPI2015BASE_REF,2026-09-05,LATEST_HISTORY_PROXY,PROXY,CURRENT_HISTORY_ONLY_NO_VINTAGE,false,true,true
1959-10-31,1959-10,17.59079,17.59079,"2015=100指数(对照,停2021)",M,CPICORE_FRED_2015B,FRED(OECD转载总务省),VALIDATED_MIRROR,,CPI2015BASE_REF,2026-09-05,LATEST_HISTORY_PROXY,PROXY,CURRENT_HISTORY_ONLY_NO_VINTAGE,false,true,true
1959-11-30,1959-11,17.466089999999998,17.466089999999998,"2015=100指数(对照,停2021)",M,CPICORE_FRED_2015B,FRED(OECD转载总务省),VALIDATED_MIRROR,,CPI2015BASE_REF,2026-09-05,LATEST_HISTORY_PROXY,PROXY,CURRENT_HISTORY_ONLY_NO_VINTAGE,false,true,true
1959-12-31,1959-12,17.46165,17.46165,"2015=100指数(对照,停2021)",M,CPICORE_FRED_2015B,FRED(OECD转载总务省),VALIDATED_MIRROR,,CPI2015BASE_REF,2026-09-05,LATEST_HISTORY_PROXY,PROXY,CURRENT_HISTORY_ONLY_NO_VINTAGE,false,true,true
1960-01-31,1960-01,17.62408,17.62408,"2015=100指数(对照,停2021)",M,CPICORE_FRED_2015B,FRED(OECD转载总务省),VALIDATED_MIRROR,,CPI2015BASE_REF,2026-09-05,LATEST_HISTORY_PROXY,PROXY,CURRENT_HISTORY_ONLY_NO_VINTAGE,false,true,true
1960-02-29,1960-02,17.64331,17.64331,"2015=100指数(对照,停2021)",M,CPICORE_FRED_2015B,FRED(OECD转载总务省),VALIDATED_MIRROR,,CPI2015BASE_REF,2026-09-05,LATEST_HISTORY_PROXY,PROXY,CURRENT_HISTORY_ONLY_NO_VINTAGE,false,true,true
1960-03-31,1960-03,17.59526,17.59526,"2015=100指数(对照,停2021)",M,CPICORE_FRED_2015B,FRED(OECD转载总务省),VALIDATED_MIRROR,,CPI2015BASE_REF,2026-09-05,LATEST_HISTORY_PROXY,PROXY,CURRENT_HISTORY_ONLY_NO_VINTAGE,false,true,true
1960-04-30,1960-04,17.73476,17.73476,"2015=100指数(对照,停2021)",M,CPICORE_FRED_2015B,FRED(OECD转载总务省),VALIDATED_MIRROR,,CPI2015BASE_REF,2026-09-05,LATEST_HISTORY_PROXY,PROXY,CURRENT_HISTORY_ONLY_NO_VINTAGE,false,true,true
1960-05-31,1960-05,17.87208,17.87208,"2015=100指数(对照,停2021)",M,CPICORE_FRED_2015B,FRED(OECD转载总务省),VALIDATED_MIRROR,,CPI2015BASE_REF,2026-09-05,LATEST_HISTORY_PROXY,PROXY,CURRENT_HISTORY_ONLY_NO_VINTAGE,false,true,true
1960-06-30,1960-06,17.77829,17.77829,"2015=100指数(对照,停2021)",M,CPICORE_FRED_2015B,FRED(OECD转载总务省),VALIDATED_MIRROR,,CPI2015BASE_REF,2026-09-05,LATEST_HISTORY_PROXY,PROXY,CURRENT_HISTORY_ONLY_NO_VINTAGE,false,true,true
1960-07-31,1960-07,17.7687,17.7687,"2015=100指数(对照,停2021)",M,CPICORE_FRED_2015B,FRED(OECD转载总务省),VALIDATED_MIRROR,,CPI2015BASE_REF,2026-09-05,LATEST_HISTORY_PROXY,PROXY,CURRENT_HISTORY_ONLY_NO_VINTAGE,false,true,true
1960-08-31,1960-08,17.91451,17.91451,"2015=100指数(对照,停2021)",M,CPICORE_FRED_2015B,FRED(OECD转载总务省),VALIDATED_MIRROR,,CPI2015BASE_REF,2026-09-05,LATEST_HISTORY_PROXY,PROXY,CURRENT_HISTORY_ONLY_NO_VINTAGE,false,true,true
1960-09-30,1960-09,18.007279999999998,18.007279999999998,"2015=100指数(对照,停2021)",M,CPICORE_FRED_2015B,FRED(OECD转载总务省),VALIDATED_MIRROR,,CPI2015BASE_REF,2026-09-05,LATEST_HISTORY_PROXY,PROXY,CURRENT_HISTORY_ONLY_NO_VINTAGE,false,true,true
1960-10-31,1960-10,18.11498,18.11498,"2015=100指数(对照,停2021)",M,CPICORE_FRED_2015B,FRED(OECD转载总务省),VALIDATED_MIRROR,,CPI2015BASE_REF,2026-09-05,LATEST_HISTORY_PROXY,PROXY,CURRENT_HISTORY_ONLY_NO_VINTAGE,false,true,true
1960-11-30,1960-11,17.85739,17.85739,"2015=100指数(对照,停2021)",M,CPICORE_FRED_2015B,FRED(OECD转载总务省),VALIDATED_MIRROR,,CPI2015BASE_REF,2026-09-05,LATEST_HISTORY_PROXY,PROXY,CURRENT_HISTORY_ONLY_NO_VINTAGE,false,true,true
1960-12-31,1960-12,18.0112,18.0112,"2015=100指数(对照,停2021)",M,CPICORE_FRED_2015B,FRED(OECD转载总务省),VALIDATED_MIRROR,,CPI2015BASE_REF,2026-09-05,LATEST_HISTORY_PROXY,PROXY,CURRENT_HISTORY_ONLY_NO_VINTAGE,false,true,true
1961-01-31,1961-01,18.2057,18.2057,"2015=100指数(对照,停2021)",M,CPICORE_FRED_2015B,FRED(OECD转载总务省),VALIDATED_MIRROR,,CPI2015BASE_REF,2026-09-05,LATEST_HISTORY_PROXY,PROXY,CURRENT_HISTORY_ONLY_NO_VINTAGE,false,true,true
1961-02-28,1961-02,18.29502,18.29502,"2015=100指数(对照,停2021)",M,CPICORE_FRED_2015B,FRED(OECD转载总务省),VALIDATED_MIRROR,,CPI2015BASE_REF,2026-09-05,LATEST_HISTORY_PROXY,PROXY,CURRENT_HISTORY_ONLY_NO_VINTAGE,false,true,true
1961-03-31,1961-03,18.25093,18.25093,"2015=100指数(对照,停2021)",M,CPICORE_FRED_2015B,FRED(OECD转载总务省),VALIDATED_MIRROR,,CPI2015BASE_REF,2026-09-05,LATEST_HISTORY_PROXY,PROXY,CURRENT_HISTORY_ONLY_NO_VINTAGE,false,true,true
1961-04-30,1961-04,18.499489999999998,18.499489999999998,"2015=100指数(对照,停2021)",M,CPICORE_FRED_2015B,FRED(OECD转载总务省),VALIDATED_MIRROR,,CPI2015BASE_REF,2026-09-05,LATEST_HISTORY_PROXY,PROXY,CURRENT_HISTORY_ONLY_NO_VINTAGE,false,true,true
1961-05-31,1961-05,18.45476,18.45476,"2015=100指数(对照,停2021)",M,CPICORE_FRED_2015B,FRED(OECD转载总务省),VALIDATED_MIRROR,,CPI2015BASE_REF,2026-09-05,LATEST_HISTORY_PROXY,PROXY,CURRENT_HISTORY_ONLY_NO_VINTAGE,false,true,true
1961-06-30,1961-06,18.481279999999998,18.481279999999998,"2015=100指数(对照,停2021)",M,CPICORE_FRED_2015B,FRED(OECD转载总务省),VALIDATED_MIRROR,,CPI2015BASE_REF,2026-09-05,LATEST_HISTORY_PROXY,PROXY,CURRENT_HISTORY_ONLY_NO_VINTAGE,false,true,true
1961-07-31,1961-07,18.77967,18.77967,"2015=100指数(对照,停2021)",M,CPICORE_FRED_2015B,FRED(OECD转载总务省),VALIDATED_MIRROR,,CPI2015BASE_REF,2026-09-05,LATEST_HISTORY_PROXY,PROXY,CURRENT_HISTORY_ONLY_NO_VINTAGE,false,true,true
1961-08-31,1961-08,18.887710000000002,18.887710000000002,"2015=100指数(对照,停2021)",M,CPICORE_FRED_2015B,FRED(OECD转载总务省),VALIDATED_MIRROR,,CPI2015BASE_REF,2026-09-05,LATEST_HISTORY_PROXY,PROXY,CURRENT_HISTORY_ONLY_NO_VINTAGE,false,true,true
1961-09-30,1961-09,19.00694,19.00694,"2015=100指数(对照,停2021)",M,CPICORE_FRED_2015B,FRED(OECD转载总务省),VALIDATED_MIRROR,,CPI2015BASE_REF,2026-09-05,LATEST_HISTORY_PROXY,PROXY,CURRENT_HISTORY_ONLY_NO_VINTAGE,false,true,true
1961-10-31,1961-10,19.35922,19.35922,"2015=100指数(对照,停2021)",M,CPICORE_FRED_2015B,FRED(OECD转载总务省),VALIDATED_MIRROR,,CPI2015BASE_REF,2026-09-05,LATEST_HISTORY_PROXY,PROXY,CURRENT_HISTORY_ONLY_NO_VINTAGE,false,true,true
1961-11-30,1961-11,19.41477,19.41477,"2015=100指数(对照,停2021)",M,CPICORE_FRED_2015B,FRED(OECD转载总务省),VALIDATED_MIRROR,,CPI2015BASE_REF,2026-09-05,LATEST_HISTORY_PROXY,PROXY,CURRENT_HISTORY_ONLY_NO_VINTAGE,false,true,true
1961-12-31,1961-12,19.62511,19.62511,"2015=100指数(对照,停2021)",M,CPICORE_FRED_2015B,FRED(OECD转载总务省),VALIDATED_MIRROR,,CPI2015BASE_REF,2026-09-05,LATEST_HISTORY_PROXY,PROXY,CURRENT_HISTORY_ONLY_NO_VINTAGE,false,true,true
1962-01-31,1962-01,19.72117,19.72117,"2015=100指数(对照,停2021)",M,CPICORE_FRED_2015B,FRED(OECD转载总务省),VALIDATED_MIRROR,,CPI2015BASE_REF,2026-09-05,LATEST_HISTORY_PROXY,PROXY,CURRENT_HISTORY_ONLY_NO_VINTAGE,false,true,true
1962-02-28,1962-02,19.63864,19.63864,"2015=100指数(对照,停2021)",M,CPICORE_FRED_2015B,FRED(OECD转载总务省),VALIDATED_MIRROR,,CPI2015BASE_REF,2026-09-05,LATEST_HISTORY_PROXY,PROXY,CURRENT_HISTORY_ONLY_NO_VINTAGE,false,true,true
1962-03-31,1962-03,19.70242,19.70242,"2015=100指数(对照,停2021)",M,CPICORE_FRED_2015B,FRED(OECD转载总务省),VALIDATED_MIRROR,,CPI2015BASE_REF,2026-09-05,LATEST_HISTORY_PROXY,PROXY,CURRENT_HISTORY_ONLY_NO_VINTAGE,false,true,true
1962-04-30,1962-04,19.90251,19.90251,"2015=100指数(对照,停2021)",M,CPICORE_FRED_2015B,FRED(OECD转载总务省),VALIDATED_MIRROR,,CPI2015BASE_REF,2026-09-05,LATEST_HISTORY_PROXY,PROXY,CURRENT_HISTORY_ONLY_NO_VINTAGE,false,true,true
1962-05-31,1962-05,20.056070000000002,20.056070000000002,"2015=100指数(对照,停2021)",M,CPICORE_FRED_2015B,FRED(OECD转载总务省),VALIDATED_MIRROR,,CPI2015BASE_REF,2026-09-05,LATEST_HISTORY_PROXY,PROXY,CURRENT_HISTORY_ONLY_NO_VINTAGE,false,true,true
1962-06-30,1962-06,19.994429999999998,19.994429999999998,"2015=100指数(对照,停2021)",M,CPICORE_FRED_2015B,FRED(OECD转载总务省),VALIDATED_MIRROR,,CPI2015BASE_REF,2026-09-05,LATEST_HISTORY_PROXY,PROXY,CURRENT_HISTORY_ONLY_NO_VINTAGE,false,true,true
1962-07-31,1962-07,20.196720000000003,20.196720000000003,"2015=100指数(对照,停2021)",M,CPICORE_FRED_2015B,FRED(OECD转载总务省),VALIDATED_MIRROR,,CPI2015BASE_REF,2026-09-05,LATEST_HISTORY_PROXY,PROXY,CURRENT_HISTORY_ONLY_NO_VINTAGE,false,true,true
1962-08-31,1962-08,20.2345,20.2345,"2015=100指数(对照,停2021)",M,CPICORE_FRED_2015B,FRED(OECD转载总务省),VALIDATED_MIRROR,,CPI2015BASE_REF,2026-09-05,LATEST_HISTORY_PROXY,PROXY,CURRENT_HISTORY_ONLY_NO_VINTAGE,false,true,true
1962-09-30,1962-09,20.17967,20.17967,"2015=100指数(对照,停2021)",M,CPICORE_FRED_2015B,FRED(OECD转载总务省),VALIDATED_MIRROR,,CPI2015BASE_REF,2026-09-05,LATEST_HISTORY_PROXY,PROXY,CURRENT_HISTORY_ONLY_NO_VINTAGE,false,true,true
1962-10-31,1962-10,20.325,20.325,"2015=100指数(对照,停2021)",M,CPICORE_FRED_2015B,FRED(OECD转载总务省),VALIDATED_MIRROR,,CPI2015BASE_REF,2026-09-05,LATEST_HISTORY_PROXY,PROXY,CURRENT_HISTORY_ONLY_NO_VINTAGE,false,true,true
1962-11-30,1962-11,20.30188,20.30188,"2015=100指数(对照,停2021)",M,CPICORE_FRED_2015B,FRED(OECD转载总务省),VALIDATED_MIRROR,,CPI2015BASE_REF,2026-09-05,LATEST_HISTORY_PROXY,PROXY,CURRENT_HISTORY_ONLY_NO_VINTAGE,false,true,true
1962-12-31,1962-12,20.68231,20.68231,"2015=100指数(对照,停2021)",M,CPICORE_FRED_2015B,FRED(OECD转载总务省),VALIDATED_MIRROR,,CPI2015BASE_REF,2026-09-05,LATEST_HISTORY_PROXY,PROXY,CURRENT_HISTORY_ONLY_NO_VINTAGE,false,true,true
1963-01-31,1963-01,20.921529999999997,20.921529999999997,"2015=100指数(对照,停2021)",M,CPICORE_FRED_2015B,FRED(OECD转载总务省),VALIDATED_MIRROR,,CPI2015BASE_REF,2026-09-05,LATEST_HISTORY_PROXY,PROXY,CURRENT_HISTORY_ONLY_NO_VINTAGE,false,true,true
1963-02-28,1963-02,20.98256,20.98256,"2015=100指数(对照,停2021)",M,CPICORE_FRED_2015B,FRED(OECD转载总务省),VALIDATED_MIRROR,,CPI2015BASE_REF,2026-09-05,LATEST_HISTORY_PROXY,PROXY,CURRENT_HISTORY_ONLY_NO_VINTAGE,false,true,true
1963-03-31,1963-03,21.0436,21.0436,"2015=100指数(对照,停2021)",M,CPICORE_FRED_2015B,FRED(OECD转载总务省),VALIDATED_MIRROR,,CPI2015BASE_REF,2026-09-05,LATEST_HISTORY_PROXY,PROXY,CURRENT_HISTORY_ONLY_NO_VINTAGE,false,true,true
1963-04-30,1963-04,21.221970000000002,21.221970000000002,"2015=100指数(对照,停2021)",M,CPICORE_FRED_2015B,FRED(OECD转载总务省),VALIDATED_MIRROR,,CPI2015BASE_REF,2026-09-05,LATEST_HISTORY_PROXY,PROXY,CURRENT_HISTORY_ONLY_NO_VINTAGE,false,true,true
1963-05-31,1963-05,21.43515,21.43515,"2015=100指数(对照,停2021)",M,CPICORE_FRED_2015B,FRED(OECD转载总务省),VALIDATED_MIRROR,,CPI2015BASE_REF,2026-09-05,LATEST_HISTORY_PROXY,PROXY,CURRENT_HISTORY_ONLY_NO_VINTAGE,false,true,true
1963-06-30,1963-06,21.57723,21.57723,"2015=100指数(对照,停2021)",M,CPICORE_FRED_2015B,FRED(OECD转载总务省),VALIDATED_MIRROR,,CPI2015BASE_REF,2026-09-05,LATEST_HISTORY_PROXY,PROXY,CURRENT_HISTORY_ONLY_NO_VINTAGE,false,true,true
1963-07-31,1963-07,21.45574,21.45574,"2015=100指数(对照,停2021)",M,CPICORE_FRED_2015B,FRED(OECD转载总务省),VALIDATED_MIRROR,,CPI2015BASE_REF,2026-09-05,LATEST_HISTORY_PROXY,PROXY,CURRENT_HISTORY_ONLY_NO_VINTAGE,false,true,true
1963-08-31,1963-08,21.40404,21.40404,"2015=100指数(对照,停2021)",M,CPICORE_FRED_2015B,FRED(OECD转载总务省),VALIDATED_MIRROR,,CPI2015BASE_REF,2026-09-05,LATEST_HISTORY_PROXY,PROXY,CURRENT_HISTORY_ONLY_NO_VINTAGE,false,true,true
1963-09-30,1963-09,21.8476,21.8476,"2015=100指数(对照,停2021)",M,CPICORE_FRED_2015B,FRED(OECD转载总务省),VALIDATED_MIRROR,,CPI2015BASE_REF,2026-09-05,LATEST_HISTORY_PROXY,PROXY,CURRENT_HISTORY_ONLY_NO_VINTAGE,false,true,true
1963-10-31,1963-10,21.729110000000002,21.729110000000002,"2015=100指数(对照,停2021)",M,CPICORE_FRED_2015B,FRED(OECD转载总务省),VALIDATED_MIRROR,,CPI2015BASE_REF,2026-09-05,LATEST_HISTORY_PROXY,PROXY,CURRENT_HISTORY_ONLY_NO_VINTAGE,false,true,true
1963-11-30,1963-11,21.63268,21.63268,"2015=100指数(对照,停2021)",M,CPICORE_FRED_2015B,FRED(OECD转载总务省),VALIDATED_MIRROR,,CPI2015BASE_REF,2026-09-05,LATEST_HISTORY_PROXY,PROXY,CURRENT_HISTORY_ONLY_NO_VINTAGE,false,true,true
1963-12-31,1963-12,21.7435,21.7435,"2015=100指数(对照,停2021)",M,CPICORE_FRED_2015B,FRED(OECD转载总务省),VALIDATED_MIRROR,,CPI2015BASE_REF,2026-09-05,LATEST_HISTORY_PROXY,PROXY,CURRENT_HISTORY_ONLY_NO_VINTAGE,false,true,true
1964-01-31,1964-01,21.79743,21.79743,"2015=100指数(对照,停2021)",M,CPICORE_FRED_2015B,FRED(OECD转载总务省),VALIDATED_MIRROR,,CPI2015BASE_REF,2026-09-05,LATEST_HISTORY_PROXY,PROXY,CURRENT_HISTORY_ONLY_NO_VINTAGE,false,true,true
1964-02-29,1964-02,21.76439,21.76439,"2015=100指数(对照,停2021)",M,CPICORE_FRED_2015B,FRED(OECD转载总务省),VALIDATED_MIRROR,,CPI2015BASE_REF,2026-09-05,LATEST_HISTORY_PROXY,PROXY,CURRENT_HISTORY_ONLY_NO_VINTAGE,false,true,true
1964-03-31,1964-03,21.82261,21.82261,"2015=100指数(对照,停2021)",M,CPICORE_FRED_2015B,FRED(OECD转载总务省),VALIDATED_MIRROR,,CPI2015BASE_REF,2026-09-05,LATEST_HISTORY_PROXY,PROXY,CURRENT_HISTORY_ONLY_NO_VINTAGE,false,true,true
1964-04-30,1964-04,22.17519,22.17519,"2015=100指数(对照,停2021)",M,CPICORE_FRED_2015B,FRED(OECD转载总务省),VALIDATED_MIRROR,,CPI2015BASE_REF,2026-09-05,LATEST_HISTORY_PROXY,PROXY,CURRENT_HISTORY_ONLY_NO_VINTAGE,false,true,true
1964-05-31,1964-05,22.27119,22.27119,"2015=100指数(对照,停2021)",M,CPICORE_FRED_2015B,FRED(OECD转载总务省),VALIDATED_MIRROR,,CPI2015BASE_REF,2026-09-05,LATEST_HISTORY_PROXY,PROXY,CURRENT_HISTORY_ONLY_NO_VINTAGE,false,true,true
1964-06-30,1964-06,22.23726,22.23726,"2015=100指数(对照,停2021)",M,CPICORE_FRED_2015B,FRED(OECD转载总务省),VALIDATED_MIRROR,,CPI2015BASE_REF,2026-09-05,LATEST_HISTORY_PROXY,PROXY,CURRENT_HISTORY_ONLY_NO_VINTAGE,false,true,true
1964-07-31,1964-07,22.146,22.146,"2015=100指数(对照,停2021)",M,CPICORE_FRED_2015B,FRED(OECD转载总务省),VALIDATED_MIRROR,,CPI2015BASE_REF,2026-09-05,LATEST_HISTORY_PROXY,PROXY,CURRENT_HISTORY_ONLY_NO_VINTAGE,false,true,true
1964-08-31,1964-08,22.33415,22.33415,"2015=100指数(对照,停2021)",M,CPICORE_FRED_2015B,FRED(OECD转载总务省),VALIDATED_MIRROR,,CPI2015BASE_REF,2026-09-05,LATEST_HISTORY_PROXY,PROXY,CURRENT_HISTORY_ONLY_NO_VINTAGE,false,true,true
1964-09-30,1964-09,22.659489999999998,22.659489999999998,"2015=100指数(对照,停2021)",M,CPICORE_FRED_2015B,FRED(OECD转载总务省),VALIDATED_MIRROR,,CPI2015BASE_REF,2026-09-05,LATEST_HISTORY_PROXY,PROXY,CURRENT_HISTORY_ONLY_NO_VINTAGE,false,true,true
1964-10-31,1964-10,22.978460000000002,22.978460000000002,"2015=100指数(对照,停2021)",M,CPICORE_FRED_2015B,FRED(OECD转载总务省),VALIDATED_MIRROR,,CPI2015BASE_REF,2026-09-05,LATEST_HISTORY_PROXY,PROXY,CURRENT_HISTORY_ONLY_NO_VINTAGE,false,true,true
1964-11-30,1964-11,22.84231,22.84231,"2015=100指数(对照,停2021)",M,CPICORE_FRED_2015B,FRED(OECD转载总务省),VALIDATED_MIRROR,,CPI2015BASE_REF,2026-09-05,LATEST_HISTORY_PROXY,PROXY,CURRENT_HISTORY_ONLY_NO_VINTAGE,false,true,true
1964-12-31,1964-12,22.85195,22.85195,"2015=100指数(对照,停2021)",M,CPICORE_FRED_2015B,FRED(OECD转载总务省),VALIDATED_MIRROR,,CPI2015BASE_REF,2026-09-05,LATEST_HISTORY_PROXY,PROXY,CURRENT_HISTORY_ONLY_NO_VINTAGE,false,true,true
1965-01-31,1965-01,23.25003,23.25003,"2015=100指数(对照,停2021)",M,CPICORE_FRED_2015B,FRED(OECD转载总务省),VALIDATED_MIRROR,,CPI2015BASE_REF,2026-09-05,LATEST_HISTORY_PROXY,PROXY,CURRENT_HISTORY_ONLY_NO_VINTAGE,false,true,true
1965-02-28,1965-02,23.20678,23.20678,"2015=100指数(对照,停2021)",M,CPICORE_FRED_2015B,FRED(OECD转载总务省),VALIDATED_MIRROR,,CPI2015BASE_REF,2026-09-05,LATEST_HISTORY_PROXY,PROXY,CURRENT_HISTORY_ONLY_NO_VINTAGE,false,true,true
1965-03-31,1965-03,23.31776,23.31776,"2015=100指数(对照,停2021)",M,CPICORE_FRED_2015B,FRED(OECD转载总务省),VALIDATED_MIRROR,,CPI2015BASE_REF,2026-09-05,LATEST_HISTORY_PROXY,PROXY,CURRENT_HISTORY_ONLY_NO_VINTAGE,false,true,true
1965-04-30,1965-04,23.80784,23.80784,"2015=100指数(对照,停2021)",M,CPICORE_FRED_2015B,FRED(OECD转载总务省),VALIDATED_MIRROR,,CPI2015BASE_REF,2026-09-05,LATEST_HISTORY_PROXY,PROXY,CURRENT_HISTORY_ONLY_NO_VINTAGE,false,true,true
1965-05-31,1965-05,23.75865,23.75865,"2015=100指数(对照,停2021)",M,CPICORE_FRED_2015B,FRED(OECD转载总务省),VALIDATED_MIRROR,,CPI2015BASE_REF,2026-09-05,LATEST_HISTORY_PROXY,PROXY,CURRENT_HISTORY_ONLY_NO_VINTAGE,false,true,true
1965-06-30,1965-06,23.81672,23.81672,"2015=100指数(对照,停2021)",M,CPICORE_FRED_2015B,FRED(OECD转载总务省),VALIDATED_MIRROR,,CPI2015BASE_REF,2026-09-05,LATEST_HISTORY_PROXY,PROXY,CURRENT_HISTORY_ONLY_NO_VINTAGE,false,true,true
1965-07-31,1965-07,23.72546,23.72546,"2015=100指数(对照,停2021)",M,CPICORE_FRED_2015B,FRED(OECD转载总务省),VALIDATED_MIRROR,,CPI2015BASE_REF,2026-09-05,LATEST_HISTORY_PROXY,PROXY,CURRENT_HISTORY_ONLY_NO_VINTAGE,false,true,true
1965-08-31,1965-08,23.81109,23.81109,"2015=100指数(对照,停2021)",M,CPICORE_FRED_2015B,FRED(OECD转载总务省),VALIDATED_MIRROR,,CPI2015BASE_REF,2026-09-05,LATEST_HISTORY_PROXY,PROXY,CURRENT_HISTORY_ONLY_NO_VINTAGE,false,true,true
1965-09-30,1965-09,24.11169,24.11169,"2015=100指数(对照,停2021)",M,CPICORE_FRED_2015B,FRED(OECD转载总务省),VALIDATED_MIRROR,,CPI2015BASE_REF,2026-09-05,LATEST_HISTORY_PROXY,PROXY,CURRENT_HISTORY_ONLY_NO_VINTAGE,false,true,true
1965-10-31,1965-10,24.46725,24.46725,"2015=100指数(对照,停2021)",M,CPICORE_FRED_2015B,FRED(OECD转载总务省),VALIDATED_MIRROR,,CPI2015BASE_REF,2026-09-05,LATEST_HISTORY_PROXY,PROXY,CURRENT_HISTORY_ONLY_NO_VINTAGE,false,true,true
1965-11-30,1965-11,24.28623,24.28623,"2015=100指数(对照,停2021)",M,CPICORE_FRED_2015B,FRED(OECD转载总务省),VALIDATED_MIRROR,,CPI2015BASE_REF,2026-09-05,LATEST_HISTORY_PROXY,PROXY,CURRENT_HISTORY_ONLY_NO_VINTAGE,false,true,true
1965-12-31,1965-12,24.42387,24.42387,"2015=100指数(对照,停2021)",M,CPICORE_FRED_2015B,FRED(OECD转载总务省),VALIDATED_MIRROR,,CPI2015BASE_REF,2026-09-05,LATEST_HISTORY_PROXY,PROXY,CURRENT_HISTORY_ONLY_NO_VINTAGE,false,true,true
1966-01-31,1966-01,24.59623,24.59623,"2015=100指数(对照,停2021)",M,CPICORE_FRED_2015B,FRED(OECD转载总务省),VALIDATED_MIRROR,,CPI2015BASE_REF,2026-09-05,LATEST_HISTORY_PROXY,PROXY,CURRENT_HISTORY_ONLY_NO_VINTAGE,false,true,true
1966-02-28,1966-02,24.74201,24.74201,"2015=100指数(对照,停2021)",M,CPICORE_FRED_2015B,FRED(OECD转载总务省),VALIDATED_MIRROR,,CPI2015BASE_REF,2026-09-05,LATEST_HISTORY_PROXY,PROXY,CURRENT_HISTORY_ONLY_NO_VINTAGE,false,true,true
1966-03-31,1966-03,24.92462,24.92462,"2015=100指数(对照,停2021)",M,CPICORE_FRED_2015B,FRED(OECD转载总务省),VALIDATED_MIRROR,,CPI2015BASE_REF,2026-09-05,LATEST_HISTORY_PROXY,PROXY,CURRENT_HISTORY_ONLY_NO_VINTAGE,false,true,true
1966-04-30,1966-04,25.24995,25.24995,"2015=100指数(对照,停2021)",M,CPICORE_FRED_2015B,FRED(OECD转载总务省),VALIDATED_MIRROR,,CPI2015BASE_REF,2026-09-05,LATEST_HISTORY_PROXY,PROXY,CURRENT_HISTORY_ONLY_NO_VINTAGE,false,true,true
1966-05-31,1966-05,25.190720000000002,25.190720000000002,"2015=100指数(对照,停2021)",M,CPICORE_FRED_2015B,FRED(OECD转载总务省),VALIDATED_MIRROR,,CPI2015BASE_REF,2026-09-05,LATEST_HISTORY_PROXY,PROXY,CURRENT_HISTORY_ONLY_NO_VINTAGE,false,true,true
1966-06-30,1966-06,25.2629,25.2629,"2015=100指数(对照,停2021)",M,CPICORE_FRED_2015B,FRED(OECD转载总务省),VALIDATED_MIRROR,,CPI2015BASE_REF,2026-09-05,LATEST_HISTORY_PROXY,PROXY,CURRENT_HISTORY_ONLY_NO_VINTAGE,false,true,true
1966-07-31,1966-07,25.34442,25.34442,"2015=100指数(对照,停2021)",M,CPICORE_FRED_2015B,FRED(OECD转载总务省),VALIDATED_MIRROR,,CPI2015BASE_REF,2026-09-05,LATEST_HISTORY_PROXY,PROXY,CURRENT_HISTORY_ONLY_NO_VINTAGE,false,true,true
1966-08-31,1966-08,25.173070000000003,25.173070000000003,"2015=100指数(对照,停2021)",M,CPICORE_FRED_2015B,FRED(OECD转载总务省),VALIDATED_MIRROR,,CPI2015BASE_REF,2026-09-05,LATEST_HISTORY_PROXY,PROXY,CURRENT_HISTORY_ONLY_NO_VINTAGE,false,true,true
1966-09-30,1966-09,25.44794,25.44794,"2015=100指数(对照,停2021)",M,CPICORE_FRED_2015B,FRED(OECD转载总务省),VALIDATED_MIRROR,,CPI2015BASE_REF,2026-09-05,LATEST_HISTORY_PROXY,PROXY,CURRENT_HISTORY_ONLY_NO_VINTAGE,false,true,true
1966-10-31,1966-10,25.57829,25.57829,"2015=100指数(对照,停2021)",M,CPICORE_FRED_2015B,FRED(OECD转载总务省),VALIDATED_MIRROR,,CPI2015BASE_REF,2026-09-05,LATEST_HISTORY_PROXY,PROXY,CURRENT_HISTORY_ONLY_NO_VINTAGE,false,true,true
1966-11-30,1966-11,25.4325,25.4325,"2015=100指数(对照,停2021)",M,CPICORE_FRED_2015B,FRED(OECD转载总务省),VALIDATED_MIRROR,,CPI2015BASE_REF,2026-09-05,LATEST_HISTORY_PROXY,PROXY,CURRENT_HISTORY_ONLY_NO_VINTAGE,false,true,true
1966-12-31,1966-12,25.665010000000002,25.665010000000002,"2015=100指数(对照,停2021)",M,CPICORE_FRED_2015B,FRED(OECD转载总务省),VALIDATED_MIRROR,,CPI2015BASE_REF,2026-09-05,LATEST_HISTORY_PROXY,PROXY,CURRENT_HISTORY_ONLY_NO_VINTAGE,false,true,true
1967-01-31,1967-01,25.88404,25.88404,"2015=100指数(对照,停2021)",M,CPICORE_FRED_2015B,FRED(OECD转载总务省),VALIDATED_MIRROR,,CPI2015BASE_REF,2026-09-05,LATEST_HISTORY_PROXY,PROXY,CURRENT_HISTORY_ONLY_NO_VINTAGE,false,true,true
1967-02-28,1967-02,25.95136,25.95136,"2015=100指数(对照,停2021)",M,CPICORE_FRED_2015B,FRED(OECD转载总务省),VALIDATED_MIRROR,,CPI2015BASE_REF,2026-09-05,LATEST_HISTORY_PROXY,PROXY,CURRENT_HISTORY_ONLY_NO_VINTAGE,false,true,true
1967-03-31,1967-03,26.01341,26.01341,"2015=100指数(对照,停2021)",M,CPICORE_FRED_2015B,FRED(OECD转载总务省),VALIDATED_MIRROR,,CPI2015BASE_REF,2026-09-05,LATEST_HISTORY_PROXY,PROXY,CURRENT_HISTORY_ONLY_NO_VINTAGE,false,true,true
1967-04-30,1967-04,26.18669,26.18669,"2015=100指数(对照,停2021)",M,CPICORE_FRED_2015B,FRED(OECD转载总务省),VALIDATED_MIRROR,,CPI2015BASE_REF,2026-09-05,LATEST_HISTORY_PROXY,PROXY,CURRENT_HISTORY_ONLY_NO_VINTAGE,false,true,true
1967-05-31,1967-05,26.10375,26.10375,"2015=100指数(对照,停2021)",M,CPICORE_FRED_2015B,FRED(OECD转载总务省),VALIDATED_MIRROR,,CPI2015BASE_REF,2026-09-05,LATEST_HISTORY_PROXY,PROXY,CURRENT_HISTORY_ONLY_NO_VINTAGE,false,true,true
1967-06-30,1967-06,26.03321,26.03321,"2015=100指数(对照,停2021)",M,CPICORE_FRED_2015B,FRED(OECD转载总务省),VALIDATED_MIRROR,,CPI2015BASE_REF,2026-09-05,LATEST_HISTORY_PROXY,PROXY,CURRENT_HISTORY_ONLY_NO_VINTAGE,false,true,true
1967-07-31,1967-07,26.003220000000002,26.003220000000002,"2015=100指数(对照,停2021)",M,CPICORE_FRED_2015B,FRED(OECD转载总务省),VALIDATED_MIRROR,,CPI2015BASE_REF,2026-09-05,LATEST_HISTORY_PROXY,PROXY,CURRENT_HISTORY_ONLY_NO_VINTAGE,false,true,true
1967-08-31,1967-08,26.134629999999998,26.134629999999998,"2015=100指数(对照,停2021)",M,CPICORE_FRED_2015B,FRED(OECD转载总务省),VALIDATED_MIRROR,,CPI2015BASE_REF,2026-09-05,LATEST_HISTORY_PROXY,PROXY,CURRENT_HISTORY_ONLY_NO_VINTAGE,false,true,true
1967-09-30,1967-09,26.52729,26.52729,"2015=100指数(对照,停2021)",M,CPICORE_FRED_2015B,FRED(OECD转载总务省),VALIDATED_MIRROR,,CPI2015BASE_REF,2026-09-05,LATEST_HISTORY_PROXY,PROXY,CURRENT_HISTORY_ONLY_NO_VINTAGE,false,true,true
1967-10-31,1967-10,26.88205,26.88205,"2015=100指数(对照,停2021)",M,CPICORE_FRED_2015B,FRED(OECD转载总务省),VALIDATED_MIRROR,,CPI2015BASE_REF,2026-09-05,LATEST_HISTORY_PROXY,PROXY,CURRENT_HISTORY_ONLY_NO_VINTAGE,false,true,true
1967-11-30,1967-11,26.882340000000003,26.882340000000003,"2015=100指数(对照,停2021)",M,CPICORE_FRED_2015B,FRED(OECD转载总务省),VALIDATED_MIRROR,,CPI2015BASE_REF,2026-09-05,LATEST_HISTORY_PROXY,PROXY,CURRENT_HISTORY_ONLY_NO_VINTAGE,false,true,true
1967-12-31,1967-12,27.093120000000003,27.093120000000003,"2015=100指数(对照,停2021)",M,CPICORE_FRED_2015B,FRED(OECD转载总务省),VALIDATED_MIRROR,,CPI2015BASE_REF,2026-09-05,LATEST_HISTORY_PROXY,PROXY,CURRENT_HISTORY_ONLY_NO_VINTAGE,false,true,true
1968-01-31,1968-01,27.24213,27.24213,"2015=100指数(对照,停2021)",M,CPICORE_FRED_2015B,FRED(OECD转载总务省),VALIDATED_MIRROR,,CPI2015BASE_REF,2026-09-05,LATEST_HISTORY_PROXY,PROXY,CURRENT_HISTORY_ONLY_NO_VINTAGE,false,true,true
1968-02-29,1968-02,27.3125,27.3125,"2015=100指数(对照,停2021)",M,CPICORE_FRED_2015B,FRED(OECD转载总务省),VALIDATED_MIRROR,,CPI2015BASE_REF,2026-09-05,LATEST_HISTORY_PROXY,PROXY,CURRENT_HISTORY_ONLY_NO_VINTAGE,false,true,true
1968-03-31,1968-03,27.37858,27.37858,"2015=100指数(对照,停2021)",M,CPICORE_FRED_2015B,FRED(OECD转载总务省),VALIDATED_MIRROR,,CPI2015BASE_REF,2026-09-05,LATEST_HISTORY_PROXY,PROXY,CURRENT_HISTORY_ONLY_NO_VINTAGE,false,true,true
1968-04-30,1968-04,27.5488,27.5488,"2015=100指数(对照,停2021)",M,CPICORE_FRED_2015B,FRED(OECD转载总务省),VALIDATED_MIRROR,,CPI2015BASE_REF,2026-09-05,LATEST_HISTORY_PROXY,PROXY,CURRENT_HISTORY_ONLY_NO_VINTAGE,false,true,true
1968-05-31,1968-05,27.66211,27.66211,"2015=100指数(对照,停2021)",M,CPICORE_FRED_2015B,FRED(OECD转载总务省),VALIDATED_MIRROR,,CPI2015BASE_REF,2026-09-05,LATEST_HISTORY_PROXY,PROXY,CURRENT_HISTORY_ONLY_NO_VINTAGE,false,true,true
1968-06-30,1968-06,27.512590000000003,27.512590000000003,"2015=100指数(对照,停2021)",M,CPICORE_FRED_2015B,FRED(OECD转载总务省),VALIDATED_MIRROR,,CPI2015BASE_REF,2026-09-05,LATEST_HISTORY_PROXY,PROXY,CURRENT_HISTORY_ONLY_NO_VINTAGE,false,true,true
1968-07-31,1968-07,27.51378,27.51378,"2015=100指数(对照,停2021)",M,CPICORE_FRED_2015B,FRED(OECD转载总务省),VALIDATED_MIRROR,,CPI2015BASE_REF,2026-09-05,LATEST_HISTORY_PROXY,PROXY,CURRENT_HISTORY_ONLY_NO_VINTAGE,false,true,true
1968-08-31,1968-08,27.701929999999997,27.701929999999997,"2015=100指数(对照,停2021)",M,CPICORE_FRED_2015B,FRED(OECD转载总务省),VALIDATED_MIRROR,,CPI2015BASE_REF,2026-09-05,LATEST_HISTORY_PROXY,PROXY,CURRENT_HISTORY_ONLY_NO_VINTAGE,false,true,true
1968-09-30,1968-09,28.250890000000002,28.250890000000002,"2015=100指数(对照,停2021)",M,CPICORE_FRED_2015B,FRED(OECD转载总务省),VALIDATED_MIRROR,,CPI2015BASE_REF,2026-09-05,LATEST_HISTORY_PROXY,PROXY,CURRENT_HISTORY_ONLY_NO_VINTAGE,false,true,true
1968-10-31,1968-10,28.28019,28.28019,"2015=100指数(对照,停2021)",M,CPICORE_FRED_2015B,FRED(OECD转载总务省),VALIDATED_MIRROR,,CPI2015BASE_REF,2026-09-05,LATEST_HISTORY_PROXY,PROXY,CURRENT_HISTORY_ONLY_NO_VINTAGE,false,true,true
1968-11-30,1968-11,28.398090000000003,28.398090000000003,"2015=100指数(对照,停2021)",M,CPICORE_FRED_2015B,FRED(OECD转载总务省),VALIDATED_MIRROR,,CPI2015BASE_REF,2026-09-05,LATEST_HISTORY_PROXY,PROXY,CURRENT_HISTORY_ONLY_NO_VINTAGE,false,true,true
1968-12-31,1968-12,28.348370000000003,28.348370000000003,"2015=100指数(对照,停2021)",M,CPICORE_FRED_2015B,FRED(OECD转载总务省),VALIDATED_MIRROR,,CPI2015BASE_REF,2026-09-05,LATEST_HISTORY_PROXY,PROXY,CURRENT_HISTORY_ONLY_NO_VINTAGE,false,true,true
1969-01-31,1969-01,28.40635,28.40635,"2015=100指数(对照,停2021)",M,CPICORE_FRED_2015B,FRED(OECD转载总务省),VALIDATED_MIRROR,,CPI2015BASE_REF,2026-09-05,LATEST_HISTORY_PROXY,PROXY,CURRENT_HISTORY_ONLY_NO_VINTAGE,false,true,true
1969-02-28,1969-02,28.38265,28.38265,"2015=100指数(对照,停2021)",M,CPICORE_FRED_2015B,FRED(OECD转载总务省),VALIDATED_MIRROR,,CPI2015BASE_REF,2026-09-05,LATEST_HISTORY_PROXY,PROXY,CURRENT_HISTORY_ONLY_NO_VINTAGE,false,true,true
1969-03-31,1969-03,28.59252,28.59252,"2015=100指数(对照,停2021)",M,CPICORE_FRED_2015B,FRED(OECD转载总务省),VALIDATED_MIRROR,,CPI2015BASE_REF,2026-09-05,LATEST_HISTORY_PROXY,PROXY,CURRENT_HISTORY_ONLY_NO_VINTAGE,false,true,true
1969-04-30,1969-04,28.965259999999997,28.965259999999997,"2015=100指数(对照,停2021)",M,CPICORE_FRED_2015B,FRED(OECD转载总务省),VALIDATED_MIRROR,,CPI2015BASE_REF,2026-09-05,LATEST_HISTORY_PROXY,PROXY,CURRENT_HISTORY_ONLY_NO_VINTAGE,false,true,true
1969-05-31,1969-05,29.072459999999996,29.072459999999996,"2015=100指数(对照,停2021)",M,CPICORE_FRED_2015B,FRED(OECD转载总务省),VALIDATED_MIRROR,,CPI2015BASE_REF,2026-09-05,LATEST_HISTORY_PROXY,PROXY,CURRENT_HISTORY_ONLY_NO_VINTAGE,false,true,true
1969-06-30,1969-06,29.09113,29.09113,"2015=100指数(对照,停2021)",M,CPICORE_FRED_2015B,FRED(OECD转载总务省),VALIDATED_MIRROR,,CPI2015BASE_REF,2026-09-05,LATEST_HISTORY_PROXY,PROXY,CURRENT_HISTORY_ONLY_NO_VINTAGE,false,true,true
1969-07-31,1969-07,29.397059999999996,29.397059999999996,"2015=100指数(对照,停2021)",M,CPICORE_FRED_2015B,FRED(OECD转载总务省),VALIDATED_MIRROR,,CPI2015BASE_REF,2026-09-05,LATEST_HISTORY_PROXY,PROXY,CURRENT_HISTORY_ONLY_NO_VINTAGE,false,true,true
1969-08-31,1969-08,29.61825,29.61825,"2015=100指数(对照,停2021)",M,CPICORE_FRED_2015B,FRED(OECD转载总务省),VALIDATED_MIRROR,,CPI2015BASE_REF,2026-09-05,LATEST_HISTORY_PROXY,PROXY,CURRENT_HISTORY_ONLY_NO_VINTAGE,false,true,true
1969-09-30,1969-09,29.84142,29.84142,"2015=100指数(对照,停2021)",M,CPICORE_FRED_2015B,FRED(OECD转载总务省),VALIDATED_MIRROR,,CPI2015BASE_REF,2026-09-05,LATEST_HISTORY_PROXY,PROXY,CURRENT_HISTORY_ONLY_NO_VINTAGE,false,true,true
1969-10-31,1969-10,30.033540000000002,30.033540000000002,"2015=100指数(对照,停2021)",M,CPICORE_FRED_2015B,FRED(OECD转载总务省),VALIDATED_MIRROR,,CPI2015BASE_REF,2026-09-05,LATEST_HISTORY_PROXY,PROXY,CURRENT_HISTORY_ONLY_NO_VINTAGE,false,true,true
1969-11-30,1969-11,30.00447,30.00447,"2015=100指数(对照,停2021)",M,CPICORE_FRED_2015B,FRED(OECD转载总务省),VALIDATED_MIRROR,,CPI2015BASE_REF,2026-09-05,LATEST_HISTORY_PROXY,PROXY,CURRENT_HISTORY_ONLY_NO_VINTAGE,false,true,true
1969-12-31,1969-12,30.21525,30.21525,"2015=100指数(对照,停2021)",M,CPICORE_FRED_2015B,FRED(OECD转载总务省),VALIDATED_MIRROR,,CPI2015BASE_REF,2026-09-05,LATEST_HISTORY_PROXY,PROXY,CURRENT_HISTORY_ONLY_NO_VINTAGE,false,true,true
1970-01-31,1970-01,30.96295,30.96295,"2015=100指数(对照,停2021)",M,CPICORE_FRED_2015B,FRED(OECD转载总务省),VALIDATED_MIRROR,,CPI2015BASE_REF,2026-09-05,LATEST_HISTORY_PROXY,PROXY,CURRENT_HISTORY_ONLY_NO_VINTAGE,false,true,true
1970-02-28,1970-02,30.87033,30.87033,"2015=100指数(对照,停2021)",M,CPICORE_FRED_2015B,FRED(OECD转载总务省),VALIDATED_MIRROR,,CPI2015BASE_REF,2026-09-05,LATEST_HISTORY_PROXY,PROXY,CURRENT_HISTORY_ONLY_NO_VINTAGE,false,true,true
1970-03-31,1970-03,31.15141,31.15141,"2015=100指数(对照,停2021)",M,CPICORE_FRED_2015B,FRED(OECD转载总务省),VALIDATED_MIRROR,,CPI2015BASE_REF,2026-09-05,LATEST_HISTORY_PROXY,PROXY,CURRENT_HISTORY_ONLY_NO_VINTAGE,false,true,true
1970-04-30,1970-04,31.49215,31.49215,"2015=100指数(对照,停2021)",M,CPICORE_FRED_2015B,FRED(OECD转载总务省),VALIDATED_MIRROR,,CPI2015BASE_REF,2026-09-05,LATEST_HISTORY_PROXY,PROXY,CURRENT_HISTORY_ONLY_NO_VINTAGE,false,true,true
1970-05-31,1970-05,31.590259999999997,31.590259999999997,"2015=100指数(对照,停2021)",M,CPICORE_FRED_2015B,FRED(OECD转载总务省),VALIDATED_MIRROR,,CPI2015BASE_REF,2026-09-05,LATEST_HISTORY_PROXY,PROXY,CURRENT_HISTORY_ONLY_NO_VINTAGE,false,true,true
1970-06-30,1970-06,31.68683,31.68683,"2015=100指数(对照,停2021)",M,CPICORE_FRED_2015B,FRED(OECD转载总务省),VALIDATED_MIRROR,,CPI2015BASE_REF,2026-09-05,LATEST_HISTORY_PROXY,PROXY,CURRENT_HISTORY_ONLY_NO_VINTAGE,false,true,true
1970-07-31,1970-07,31.738740000000004,31.738740000000004,"2015=100指数(对照,停2021)",M,CPICORE_FRED_2015B,FRED(OECD转载总务省),VALIDATED_MIRROR,,CPI2015BASE_REF,2026-09-05,LATEST_HISTORY_PROXY,PROXY,CURRENT_HISTORY_ONLY_NO_VINTAGE,false,true,true
1970-08-31,1970-08,31.69233,31.69233,"2015=100指数(对照,停2021)",M,CPICORE_FRED_2015B,FRED(OECD转载总务省),VALIDATED_MIRROR,,CPI2015BASE_REF,2026-09-05,LATEST_HISTORY_PROXY,PROXY,CURRENT_HISTORY_ONLY_NO_VINTAGE,false,true,true
1970-09-30,1970-09,32.099790000000006,32.099790000000006,"2015=100指数(对照,停2021)",M,CPICORE_FRED_2015B,FRED(OECD转载总务省),VALIDATED_MIRROR,,CPI2015BASE_REF,2026-09-05,LATEST_HISTORY_PROXY,PROXY,CURRENT_HISTORY_ONLY_NO_VINTAGE,false,true,true
1970-10-31,1970-10,32.524029999999996,32.524029999999996,"2015=100指数(对照,停2021)",M,CPICORE_FRED_2015B,FRED(OECD转载总务省),VALIDATED_MIRROR,,CPI2015BASE_REF,2026-09-05,LATEST_HISTORY_PROXY,PROXY,CURRENT_HISTORY_ONLY_NO_VINTAGE,false,true,true
1970-11-30,1970-11,32.5929,32.5929,"2015=100指数(对照,停2021)",M,CPICORE_FRED_2015B,FRED(OECD转载总务省),VALIDATED_MIRROR,,CPI2015BASE_REF,2026-09-05,LATEST_HISTORY_PROXY,PROXY,CURRENT_HISTORY_ONLY_NO_VINTAGE,false,true,true
1970-12-31,1970-12,32.81194,32.81194,"2015=100指数(对照,停2021)",M,CPICORE_FRED_2015B,FRED(OECD转载总务省),VALIDATED_MIRROR,,CPI2015BASE_REF,2026-09-05,LATEST_HISTORY_PROXY,PROXY,CURRENT_HISTORY_ONLY_NO_VINTAGE,false,true,true
1971-01-31,1971-01,33.04714,33.04714,"2015=100指数(对照,停2021)",M,CPICORE_FRED_2015B,FRED(OECD转载总务省),VALIDATED_MIRROR,,CPI2015BASE_REF,2026-09-05,LATEST_HISTORY_PROXY,PROXY,CURRENT_HISTORY_ONLY_NO_VINTAGE,false,true,true
1971-02-28,1971-02,33.01608,33.01608,"2015=100指数(对照,停2021)",M,CPICORE_FRED_2015B,FRED(OECD转载总务省),VALIDATED_MIRROR,,CPI2015BASE_REF,2026-09-05,LATEST_HISTORY_PROXY,PROXY,CURRENT_HISTORY_ONLY_NO_VINTAGE,false,true,true
1971-03-31,1971-03,33.20092,33.20092,"2015=100指数(对照,停2021)",M,CPICORE_FRED_2015B,FRED(OECD转载总务省),VALIDATED_MIRROR,,CPI2015BASE_REF,2026-09-05,LATEST_HISTORY_PROXY,PROXY,CURRENT_HISTORY_ONLY_NO_VINTAGE,false,true,true
1971-04-30,1971-04,33.70779,33.70779,"2015=100指数(对照,停2021)",M,CPICORE_FRED_2015B,FRED(OECD转载总务省),VALIDATED_MIRROR,,CPI2015BASE_REF,2026-09-05,LATEST_HISTORY_PROXY,PROXY,CURRENT_HISTORY_ONLY_NO_VINTAGE,false,true,true
1971-05-31,1971-05,33.933040000000005,33.933040000000005,"2015=100指数(对照,停2021)",M,CPICORE_FRED_2015B,FRED(OECD转载总务省),VALIDATED_MIRROR,,CPI2015BASE_REF,2026-09-05,LATEST_HISTORY_PROXY,PROXY,CURRENT_HISTORY_ONLY_NO_VINTAGE,false,true,true
1971-06-30,1971-06,34.03315,34.03315,"2015=100指数(对照,停2021)",M,CPICORE_FRED_2015B,FRED(OECD转载总务省),VALIDATED_MIRROR,,CPI2015BASE_REF,2026-09-05,LATEST_HISTORY_PROXY,PROXY,CURRENT_HISTORY_ONLY_NO_VINTAGE,false,true,true
1971-07-31,1971-07,34.12593,34.12593,"2015=100指数(对照,停2021)",M,CPICORE_FRED_2015B,FRED(OECD转载总务省),VALIDATED_MIRROR,,CPI2015BASE_REF,2026-09-05,LATEST_HISTORY_PROXY,PROXY,CURRENT_HISTORY_ONLY_NO_VINTAGE,false,true,true
1971-08-31,1971-08,34.102920000000005,34.102920000000005,"2015=100指数(对照,停2021)",M,CPICORE_FRED_2015B,FRED(OECD转载总务省),VALIDATED_MIRROR,,CPI2015BASE_REF,2026-09-05,LATEST_HISTORY_PROXY,PROXY,CURRENT_HISTORY_ONLY_NO_VINTAGE,false,true,true
1971-09-30,1971-09,34.51919,34.51919,"2015=100指数(对照,停2021)",M,CPICORE_FRED_2015B,FRED(OECD转载总务省),VALIDATED_MIRROR,,CPI2015BASE_REF,2026-09-05,LATEST_HISTORY_PROXY,PROXY,CURRENT_HISTORY_ONLY_NO_VINTAGE,false,true,true
1971-10-31,1971-10,34.71208,34.71208,"2015=100指数(对照,停2021)",M,CPICORE_FRED_2015B,FRED(OECD转载总务省),VALIDATED_MIRROR,,CPI2015BASE_REF,2026-09-05,LATEST_HISTORY_PROXY,PROXY,CURRENT_HISTORY_ONLY_NO_VINTAGE,false,true,true
1971-11-30,1971-11,34.68468,34.68468,"2015=100指数(对照,停2021)",M,CPICORE_FRED_2015B,FRED(OECD转载总务省),VALIDATED_MIRROR,,CPI2015BASE_REF,2026-09-05,LATEST_HISTORY_PROXY,PROXY,CURRENT_HISTORY_ONLY_NO_VINTAGE,false,true,true
1971-12-31,1971-12,34.703379999999996,34.703379999999996,"2015=100指数(对照,停2021)",M,CPICORE_FRED_2015B,FRED(OECD转载总务省),VALIDATED_MIRROR,,CPI2015BASE_REF,2026-09-05,LATEST_HISTORY_PROXY,PROXY,CURRENT_HISTORY_ONLY_NO_VINTAGE,false,true,true
1972-01-31,1972-01,34.72262,34.72262,"2015=100指数(对照,停2021)",M,CPICORE_FRED_2015B,FRED(OECD转载总务省),VALIDATED_MIRROR,,CPI2015BASE_REF,2026-09-05,LATEST_HISTORY_PROXY,PROXY,CURRENT_HISTORY_ONLY_NO_VINTAGE,false,true,true
1972-02-29,1972-02,34.97238,34.97238,"2015=100指数(对照,停2021)",M,CPICORE_FRED_2015B,FRED(OECD转载总务省),VALIDATED_MIRROR,,CPI2015BASE_REF,2026-09-05,LATEST_HISTORY_PROXY,PROXY,CURRENT_HISTORY_ONLY_NO_VINTAGE,false,true,true
1972-03-31,1972-03,35.20994,35.20994,"2015=100指数(对照,停2021)",M,CPICORE_FRED_2015B,FRED(OECD转载总务省),VALIDATED_MIRROR,,CPI2015BASE_REF,2026-09-05,LATEST_HISTORY_PROXY,PROXY,CURRENT_HISTORY_ONLY_NO_VINTAGE,false,true,true
1972-04-30,1972-04,35.614059999999995,35.614059999999995,"2015=100指数(对照,停2021)",M,CPICORE_FRED_2015B,FRED(OECD转载总务省),VALIDATED_MIRROR,,CPI2015BASE_REF,2026-09-05,LATEST_HISTORY_PROXY,PROXY,CURRENT_HISTORY_ONLY_NO_VINTAGE,false,true,true
1972-05-31,1972-05,35.8177,35.8177,"2015=100指数(对照,停2021)",M,CPICORE_FRED_2015B,FRED(OECD转载总务省),VALIDATED_MIRROR,,CPI2015BASE_REF,2026-09-05,LATEST_HISTORY_PROXY,PROXY,CURRENT_HISTORY_ONLY_NO_VINTAGE,false,true,true
1972-06-30,1972-06,35.92273,35.92273,"2015=100指数(对照,停2021)",M,CPICORE_FRED_2015B,FRED(OECD转载总务省),VALIDATED_MIRROR,,CPI2015BASE_REF,2026-09-05,LATEST_HISTORY_PROXY,PROXY,CURRENT_HISTORY_ONLY_NO_VINTAGE,false,true,true
1972-07-31,1972-07,36.01813,36.01813,"2015=100指数(对照,停2021)",M,CPICORE_FRED_2015B,FRED(OECD转载总务省),VALIDATED_MIRROR,,CPI2015BASE_REF,2026-09-05,LATEST_HISTORY_PROXY,PROXY,CURRENT_HISTORY_ONLY_NO_VINTAGE,false,true,true
1972-08-31,1972-08,36.09299,36.09299,"2015=100指数(对照,停2021)",M,CPICORE_FRED_2015B,FRED(OECD转载总务省),VALIDATED_MIRROR,,CPI2015BASE_REF,2026-09-05,LATEST_HISTORY_PROXY,PROXY,CURRENT_HISTORY_ONLY_NO_VINTAGE,false,true,true
1972-09-30,1972-09,36.30948,36.30948,"2015=100指数(对照,停2021)",M,CPICORE_FRED_2015B,FRED(OECD转载总务省),VALIDATED_MIRROR,,CPI2015BASE_REF,2026-09-05,LATEST_HISTORY_PROXY,PROXY,CURRENT_HISTORY_ONLY_NO_VINTAGE,false,true,true
1972-10-31,1972-10,36.517720000000004,36.517720000000004,"2015=100指数(对照,停2021)",M,CPICORE_FRED_2015B,FRED(OECD转载总务省),VALIDATED_MIRROR,,CPI2015BASE_REF,2026-09-05,LATEST_HISTORY_PROXY,PROXY,CURRENT_HISTORY_ONLY_NO_VINTAGE,false,true,true
1972-11-30,1972-11,36.55877,36.55877,"2015=100指数(对照,停2021)",M,CPICORE_FRED_2015B,FRED(OECD转载总务省),VALIDATED_MIRROR,,CPI2015BASE_REF,2026-09-05,LATEST_HISTORY_PROXY,PROXY,CURRENT_HISTORY_ONLY_NO_VINTAGE,false,true,true
1972-12-31,1972-12,36.904109999999996,36.904109999999996,"2015=100指数(对照,停2021)",M,CPICORE_FRED_2015B,FRED(OECD转载总务省),VALIDATED_MIRROR,,CPI2015BASE_REF,2026-09-05,LATEST_HISTORY_PROXY,PROXY,CURRENT_HISTORY_ONLY_NO_VINTAGE,false,true,true
1973-01-31,1973-01,37.10836,37.10836,"2015=100指数(对照,停2021)",M,CPICORE_FRED_2015B,FRED(OECD转载总务省),VALIDATED_MIRROR,,CPI2015BASE_REF,2026-09-05,LATEST_HISTORY_PROXY,PROXY,CURRENT_HISTORY_ONLY_NO_VINTAGE,false,true,true
1973-02-28,1973-02,37.33875,37.33875,"2015=100指数(对照,停2021)",M,CPICORE_FRED_2015B,FRED(OECD转载总务省),VALIDATED_MIRROR,,CPI2015BASE_REF,2026-09-05,LATEST_HISTORY_PROXY,PROXY,CURRENT_HISTORY_ONLY_NO_VINTAGE,false,true,true
1973-03-31,1973-03,38.074459999999995,38.074459999999995,"2015=100指数(对照,停2021)",M,CPICORE_FRED_2015B,FRED(OECD转载总务省),VALIDATED_MIRROR,,CPI2015BASE_REF,2026-09-05,LATEST_HISTORY_PROXY,PROXY,CURRENT_HISTORY_ONLY_NO_VINTAGE,false,true,true
1973-04-30,1973-04,38.877359999999996,38.877359999999996,"2015=100指数(对照,停2021)",M,CPICORE_FRED_2015B,FRED(OECD转载总务省),VALIDATED_MIRROR,,CPI2015BASE_REF,2026-09-05,LATEST_HISTORY_PROXY,PROXY,CURRENT_HISTORY_ONLY_NO_VINTAGE,false,true,true
1973-05-31,1973-05,39.53651,39.53651,"2015=100指数(对照,停2021)",M,CPICORE_FRED_2015B,FRED(OECD转载总务省),VALIDATED_MIRROR,,CPI2015BASE_REF,2026-09-05,LATEST_HISTORY_PROXY,PROXY,CURRENT_HISTORY_ONLY_NO_VINTAGE,false,true,true
1973-06-30,1973-06,39.96055,39.96055,"2015=100指数(对照,停2021)",M,CPICORE_FRED_2015B,FRED(OECD转载总务省),VALIDATED_MIRROR,,CPI2015BASE_REF,2026-09-05,LATEST_HISTORY_PROXY,PROXY,CURRENT_HISTORY_ONLY_NO_VINTAGE,false,true,true
1973-07-31,1973-07,40.27006,40.27006,"2015=100指数(对照,停2021)",M,CPICORE_FRED_2015B,FRED(OECD转载总务省),VALIDATED_MIRROR,,CPI2015BASE_REF,2026-09-05,LATEST_HISTORY_PROXY,PROXY,CURRENT_HISTORY_ONLY_NO_VINTAGE,false,true,true
1973-08-31,1973-08,40.447359999999996,40.447359999999996,"2015=100指数(对照,停2021)",M,CPICORE_FRED_2015B,FRED(OECD转载总务省),VALIDATED_MIRROR,,CPI2015BASE_REF,2026-09-05,LATEST_HISTORY_PROXY,PROXY,CURRENT_HISTORY_ONLY_NO_VINTAGE,false,true,true
1973-09-30,1973-09,41.36092,41.36092,"2015=100指数(对照,停2021)",M,CPICORE_FRED_2015B,FRED(OECD转载总务省),VALIDATED_MIRROR,,CPI2015BASE_REF,2026-09-05,LATEST_HISTORY_PROXY,PROXY,CURRENT_HISTORY_ONLY_NO_VINTAGE,false,true,true
1973-10-31,1973-10,41.75018,41.75018,"2015=100指数(对照,停2021)",M,CPICORE_FRED_2015B,FRED(OECD转载总务省),VALIDATED_MIRROR,,CPI2015BASE_REF,2026-09-05,LATEST_HISTORY_PROXY,PROXY,CURRENT_HISTORY_ONLY_NO_VINTAGE,false,true,true
1973-11-30,1973-11,42.14005,42.14005,"2015=100指数(对照,停2021)",M,CPICORE_FRED_2015B,FRED(OECD转载总务省),VALIDATED_MIRROR,,CPI2015BASE_REF,2026-09-05,LATEST_HISTORY_PROXY,PROXY,CURRENT_HISTORY_ONLY_NO_VINTAGE,false,true,true
1973-12-31,1973-12,43.05652,43.05652,"2015=100指数(对照,停2021)",M,CPICORE_FRED_2015B,FRED(OECD转载总务省),VALIDATED_MIRROR,,CPI2015BASE_REF,2026-09-05,LATEST_HISTORY_PROXY,PROXY,CURRENT_HISTORY_ONLY_NO_VINTAGE,false,true,true
1974-01-31,1974-01,44.44269,44.44269,"2015=100指数(对照,停2021)",M,CPICORE_FRED_2015B,FRED(OECD转载总务省),VALIDATED_MIRROR,,CPI2015BASE_REF,2026-09-05,LATEST_HISTORY_PROXY,PROXY,CURRENT_HISTORY_ONLY_NO_VINTAGE,false,true,true
1974-02-28,1974-02,45.76696,45.76696,"2015=100指数(对照,停2021)",M,CPICORE_FRED_2015B,FRED(OECD转载总务省),VALIDATED_MIRROR,,CPI2015BASE_REF,2026-09-05,LATEST_HISTORY_PROXY,PROXY,CURRENT_HISTORY_ONLY_NO_VINTAGE,false,true,true
1974-03-31,1974-03,46.14295,46.14295,"2015=100指数(对照,停2021)",M,CPICORE_FRED_2015B,FRED(OECD转载总务省),VALIDATED_MIRROR,,CPI2015BASE_REF,2026-09-05,LATEST_HISTORY_PROXY,PROXY,CURRENT_HISTORY_ONLY_NO_VINTAGE,false,true,true
1974-04-30,1974-04,46.944790000000005,46.944790000000005,"2015=100指数(对照,停2021)",M,CPICORE_FRED_2015B,FRED(OECD转载总务省),VALIDATED_MIRROR,,CPI2015BASE_REF,2026-09-05,LATEST_HISTORY_PROXY,PROXY,CURRENT_HISTORY_ONLY_NO_VINTAGE,false,true,true
1974-05-31,1974-05,47.68525,47.68525,"2015=100指数(对照,停2021)",M,CPICORE_FRED_2015B,FRED(OECD转载总务省),VALIDATED_MIRROR,,CPI2015BASE_REF,2026-09-05,LATEST_HISTORY_PROXY,PROXY,CURRENT_HISTORY_ONLY_NO_VINTAGE,false,true,true
1974-06-30,1974-06,47.92654,47.92654,"2015=100指数(对照,停2021)",M,CPICORE_FRED_2015B,FRED(OECD转载总务省),VALIDATED_MIRROR,,CPI2015BASE_REF,2026-09-05,LATEST_HISTORY_PROXY,PROXY,CURRENT_HISTORY_ONLY_NO_VINTAGE,false,true,true
1974-07-31,1974-07,48.68902,48.68902,"2015=100指数(对照,停2021)",M,CPICORE_FRED_2015B,FRED(OECD转载总务省),VALIDATED_MIRROR,,CPI2015BASE_REF,2026-09-05,LATEST_HISTORY_PROXY,PROXY,CURRENT_HISTORY_ONLY_NO_VINTAGE,false,true,true
1974-08-31,1974-08,48.8791,48.8791,"2015=100指数(对照,停2021)",M,CPICORE_FRED_2015B,FRED(OECD转载总务省),VALIDATED_MIRROR,,CPI2015BASE_REF,2026-09-05,LATEST_HISTORY_PROXY,PROXY,CURRENT_HISTORY_ONLY_NO_VINTAGE,false,true,true
1974-09-30,1974-09,49.39732,49.39732,"2015=100指数(对照,停2021)",M,CPICORE_FRED_2015B,FRED(OECD转载总务省),VALIDATED_MIRROR,,CPI2015BASE_REF,2026-09-05,LATEST_HISTORY_PROXY,PROXY,CURRENT_HISTORY_ONLY_NO_VINTAGE,false,true,true
1974-10-31,1974-10,50.6383,50.6383,"2015=100指数(对照,停2021)",M,CPICORE_FRED_2015B,FRED(OECD转载总务省),VALIDATED_MIRROR,,CPI2015BASE_REF,2026-09-05,LATEST_HISTORY_PROXY,PROXY,CURRENT_HISTORY_ONLY_NO_VINTAGE,false,true,true
1974-11-30,1974-11,51.03239,51.03239,"2015=100指数(对照,停2021)",M,CPICORE_FRED_2015B,FRED(OECD转载总务省),VALIDATED_MIRROR,,CPI2015BASE_REF,2026-09-05,LATEST_HISTORY_PROXY,PROXY,CURRENT_HISTORY_ONLY_NO_VINTAGE,false,true,true
1974-12-31,1974-12,51.12381,51.12381,"2015=100指数(对照,停2021)",M,CPICORE_FRED_2015B,FRED(OECD转载总务省),VALIDATED_MIRROR,,CPI2015BASE_REF,2026-09-05,LATEST_HISTORY_PROXY,PROXY,CURRENT_HISTORY_ONLY_NO_VINTAGE,false,true,true
1975-01-31,1975-01,51.74277,51.74277,"2015=100指数(对照,停2021)",M,CPICORE_FRED_2015B,FRED(OECD转载总务省),VALIDATED_MIRROR,,CPI2015BASE_REF,2026-09-05,LATEST_HISTORY_PROXY,PROXY,CURRENT_HISTORY_ONLY_NO_VINTAGE,false,true,true
1975-02-28,1975-02,51.78055,51.78055,"2015=100指数(对照,停2021)",M,CPICORE_FRED_2015B,FRED(OECD转载总务省),VALIDATED_MIRROR,,CPI2015BASE_REF,2026-09-05,LATEST_HISTORY_PROXY,PROXY,CURRENT_HISTORY_ONLY_NO_VINTAGE,false,true,true
1975-03-31,1975-03,51.96546,51.96546,"2015=100指数(对照,停2021)",M,CPICORE_FRED_2015B,FRED(OECD转载总务省),VALIDATED_MIRROR,,CPI2015BASE_REF,2026-09-05,LATEST_HISTORY_PROXY,PROXY,CURRENT_HISTORY_ONLY_NO_VINTAGE,false,true,true
1975-04-30,1975-04,53.15152,53.15152,"2015=100指数(对照,停2021)",M,CPICORE_FRED_2015B,FRED(OECD转载总务省),VALIDATED_MIRROR,,CPI2015BASE_REF,2026-09-05,LATEST_HISTORY_PROXY,PROXY,CURRENT_HISTORY_ONLY_NO_VINTAGE,false,true,true
1975-05-31,1975-05,53.58279,53.58279,"2015=100指数(对照,停2021)",M,CPICORE_FRED_2015B,FRED(OECD转载总务省),VALIDATED_MIRROR,,CPI2015BASE_REF,2026-09-05,LATEST_HISTORY_PROXY,PROXY,CURRENT_HISTORY_ONLY_NO_VINTAGE,false,true,true
1975-06-30,1975-06,53.77435,53.77435,"2015=100指数(对照,停2021)",M,CPICORE_FRED_2015B,FRED(OECD转载总务省),VALIDATED_MIRROR,,CPI2015BASE_REF,2026-09-05,LATEST_HISTORY_PROXY,PROXY,CURRENT_HISTORY_ONLY_NO_VINTAGE,false,true,true
1975-07-31,1975-07,53.98616,53.98616,"2015=100指数(对照,停2021)",M,CPICORE_FRED_2015B,FRED(OECD转载总务省),VALIDATED_MIRROR,,CPI2015BASE_REF,2026-09-05,LATEST_HISTORY_PROXY,PROXY,CURRENT_HISTORY_ONLY_NO_VINTAGE,false,true,true
1975-08-31,1975-08,53.67146999999999,53.67146999999999,"2015=100指数(对照,停2021)",M,CPICORE_FRED_2015B,FRED(OECD转载总务省),VALIDATED_MIRROR,,CPI2015BASE_REF,2026-09-05,LATEST_HISTORY_PROXY,PROXY,CURRENT_HISTORY_ONLY_NO_VINTAGE,false,true,true
1975-09-30,1975-09,54.68022,54.68022,"2015=100指数(对照,停2021)",M,CPICORE_FRED_2015B,FRED(OECD转载总务省),VALIDATED_MIRROR,,CPI2015BASE_REF,2026-09-05,LATEST_HISTORY_PROXY,PROXY,CURRENT_HISTORY_ONLY_NO_VINTAGE,false,true,true
1975-10-31,1975-10,55.14806,55.14806,"2015=100指数(对照,停2021)",M,CPICORE_FRED_2015B,FRED(OECD转载总务省),VALIDATED_MIRROR,,CPI2015BASE_REF,2026-09-05,LATEST_HISTORY_PROXY,PROXY,CURRENT_HISTORY_ONLY_NO_VINTAGE,false,true,true
1975-11-30,1975-11,55.28805,55.28805,"2015=100指数(对照,停2021)",M,CPICORE_FRED_2015B,FRED(OECD转载总务省),VALIDATED_MIRROR,,CPI2015BASE_REF,2026-09-05,LATEST_HISTORY_PROXY,PROXY,CURRENT_HISTORY_ONLY_NO_VINTAGE,false,true,true
1975-12-31,1975-12,55.41875,55.41875,"2015=100指数(对照,停2021)",M,CPICORE_FRED_2015B,FRED(OECD转载总务省),VALIDATED_MIRROR,,CPI2015BASE_REF,2026-09-05,LATEST_HISTORY_PROXY,PROXY,CURRENT_HISTORY_ONLY_NO_VINTAGE,false,true,true
1976-01-31,1976-01,56.391940000000005,56.391940000000005,"2015=100指数(对照,停2021)",M,CPICORE_FRED_2015B,FRED(OECD转载总务省),VALIDATED_MIRROR,,CPI2015BASE_REF,2026-09-05,LATEST_HISTORY_PROXY,PROXY,CURRENT_HISTORY_ONLY_NO_VINTAGE,false,true,true
1976-02-29,1976-02,56.70111,56.70111,"2015=100指数(对照,停2021)",M,CPICORE_FRED_2015B,FRED(OECD转载总务省),VALIDATED_MIRROR,,CPI2015BASE_REF,2026-09-05,LATEST_HISTORY_PROXY,PROXY,CURRENT_HISTORY_ONLY_NO_VINTAGE,false,true,true
1976-03-31,1976-03,56.959230000000005,56.959230000000005,"2015=100指数(对照,停2021)",M,CPICORE_FRED_2015B,FRED(OECD转载总务省),VALIDATED_MIRROR,,CPI2015BASE_REF,2026-09-05,LATEST_HISTORY_PROXY,PROXY,CURRENT_HISTORY_ONLY_NO_VINTAGE,false,true,true
1976-04-30,1976-04,58.330619999999996,58.330619999999996,"2015=100指数(对照,停2021)",M,CPICORE_FRED_2015B,FRED(OECD转载总务省),VALIDATED_MIRROR,,CPI2015BASE_REF,2026-09-05,LATEST_HISTORY_PROXY,PROXY,CURRENT_HISTORY_ONLY_NO_VINTAGE,false,true,true
1976-05-31,1976-05,58.76728000000001,58.76728000000001,"2015=100指数(对照,停2021)",M,CPICORE_FRED_2015B,FRED(OECD转载总务省),VALIDATED_MIRROR,,CPI2015BASE_REF,2026-09-05,LATEST_HISTORY_PROXY,PROXY,CURRENT_HISTORY_ONLY_NO_VINTAGE,false,true,true
1976-06-30,1976-06,59.05425,59.05425,"2015=100指数(对照,停2021)",M,CPICORE_FRED_2015B,FRED(OECD转载总务省),VALIDATED_MIRROR,,CPI2015BASE_REF,2026-09-05,LATEST_HISTORY_PROXY,PROXY,CURRENT_HISTORY_ONLY_NO_VINTAGE,false,true,true
1976-07-31,1976-07,59.29095,59.29095,"2015=100指数(对照,停2021)",M,CPICORE_FRED_2015B,FRED(OECD转载总务省),VALIDATED_MIRROR,,CPI2015BASE_REF,2026-09-05,LATEST_HISTORY_PROXY,PROXY,CURRENT_HISTORY_ONLY_NO_VINTAGE,false,true,true
1976-08-31,1976-08,58.90041,58.90041,"2015=100指数(对照,停2021)",M,CPICORE_FRED_2015B,FRED(OECD转载总务省),VALIDATED_MIRROR,,CPI2015BASE_REF,2026-09-05,LATEST_HISTORY_PROXY,PROXY,CURRENT_HISTORY_ONLY_NO_VINTAGE,false,true,true
1976-09-30,1976-09,60.02491,60.02491,"2015=100指数(对照,停2021)",M,CPICORE_FRED_2015B,FRED(OECD转载总务省),VALIDATED_MIRROR,,CPI2015BASE_REF,2026-09-05,LATEST_HISTORY_PROXY,PROXY,CURRENT_HISTORY_ONLY_NO_VINTAGE,false,true,true
1976-10-31,1976-10,60.294059999999995,60.294059999999995,"2015=100指数(对照,停2021)",M,CPICORE_FRED_2015B,FRED(OECD转载总务省),VALIDATED_MIRROR,,CPI2015BASE_REF,2026-09-05,LATEST_HISTORY_PROXY,PROXY,CURRENT_HISTORY_ONLY_NO_VINTAGE,false,true,true
1976-11-30,1976-11,60.70117,60.70117,"2015=100指数(对照,停2021)",M,CPICORE_FRED_2015B,FRED(OECD转载总务省),VALIDATED_MIRROR,,CPI2015BASE_REF,2026-09-05,LATEST_HISTORY_PROXY,PROXY,CURRENT_HISTORY_ONLY_NO_VINTAGE,false,true,true
1976-12-31,1976-12,61.65726,61.65726,"2015=100指数(对照,停2021)",M,CPICORE_FRED_2015B,FRED(OECD转载总务省),VALIDATED_MIRROR,,CPI2015BASE_REF,2026-09-05,LATEST_HISTORY_PROXY,PROXY,CURRENT_HISTORY_ONLY_NO_VINTAGE,false,true,true
1977-01-31,1977-01,61.65726,61.65726,"2015=100指数(对照,停2021)",M,CPICORE_FRED_2015B,FRED(OECD转载总务省),VALIDATED_MIRROR,,CPI2015BASE_REF,2026-09-05,LATEST_HISTORY_PROXY,PROXY,CURRENT_HISTORY_ONLY_NO_VINTAGE,false,true,true
1977-02-28,1977-02,61.90625,61.90625,"2015=100指数(对照,停2021)",M,CPICORE_FRED_2015B,FRED(OECD转载总务省),VALIDATED_MIRROR,,CPI2015BASE_REF,2026-09-05,LATEST_HISTORY_PROXY,PROXY,CURRENT_HISTORY_ONLY_NO_VINTAGE,false,true,true
1977-03-31,1977-03,62.06357,62.06357,"2015=100指数(对照,停2021)",M,CPICORE_FRED_2015B,FRED(OECD转载总务省),VALIDATED_MIRROR,,CPI2015BASE_REF,2026-09-05,LATEST_HISTORY_PROXY,PROXY,CURRENT_HISTORY_ONLY_NO_VINTAGE,false,true,true
1977-04-30,1977-04,63.349019999999996,63.349019999999996,"2015=100指数(对照,停2021)",M,CPICORE_FRED_2015B,FRED(OECD转载总务省),VALIDATED_MIRROR,,CPI2015BASE_REF,2026-09-05,LATEST_HISTORY_PROXY,PROXY,CURRENT_HISTORY_ONLY_NO_VINTAGE,false,true,true
1977-05-31,1977-05,64.04894,64.04894,"2015=100指数(对照,停2021)",M,CPICORE_FRED_2015B,FRED(OECD转载总务省),VALIDATED_MIRROR,,CPI2015BASE_REF,2026-09-05,LATEST_HISTORY_PROXY,PROXY,CURRENT_HISTORY_ONLY_NO_VINTAGE,false,true,true
1977-06-30,1977-06,64.18436,64.18436,"2015=100指数(对照,停2021)",M,CPICORE_FRED_2015B,FRED(OECD转载总务省),VALIDATED_MIRROR,,CPI2015BASE_REF,2026-09-05,LATEST_HISTORY_PROXY,PROXY,CURRENT_HISTORY_ONLY_NO_VINTAGE,false,true,true
1977-07-31,1977-07,64.14716,64.14716,"2015=100指数(对照,停2021)",M,CPICORE_FRED_2015B,FRED(OECD转载总务省),VALIDATED_MIRROR,,CPI2015BASE_REF,2026-09-05,LATEST_HISTORY_PROXY,PROXY,CURRENT_HISTORY_ONLY_NO_VINTAGE,false,true,true
1977-08-31,1977-08,63.960930000000005,63.960930000000005,"2015=100指数(对照,停2021)",M,CPICORE_FRED_2015B,FRED(OECD转载总务省),VALIDATED_MIRROR,,CPI2015BASE_REF,2026-09-05,LATEST_HISTORY_PROXY,PROXY,CURRENT_HISTORY_ONLY_NO_VINTAGE,false,true,true
1977-09-30,1977-09,64.74555,64.74555,"2015=100指数(对照,停2021)",M,CPICORE_FRED_2015B,FRED(OECD转载总务省),VALIDATED_MIRROR,,CPI2015BASE_REF,2026-09-05,LATEST_HISTORY_PROXY,PROXY,CURRENT_HISTORY_ONLY_NO_VINTAGE,false,true,true
1977-10-31,1977-10,65.20638000000001,65.20638000000001,"2015=100指数(对照,停2021)",M,CPICORE_FRED_2015B,FRED(OECD转载总务省),VALIDATED_MIRROR,,CPI2015BASE_REF,2026-09-05,LATEST_HISTORY_PROXY,PROXY,CURRENT_HISTORY_ONLY_NO_VINTAGE,false,true,true
1977-11-30,1977-11,64.98035,64.98035,"2015=100指数(对照,停2021)",M,CPICORE_FRED_2015B,FRED(OECD转载总务省),VALIDATED_MIRROR,,CPI2015BASE_REF,2026-09-05,LATEST_HISTORY_PROXY,PROXY,CURRENT_HISTORY_ONLY_NO_VINTAGE,false,true,true
1977-12-31,1977-12,65.06629000000001,65.06629000000001,"2015=100指数(对照,停2021)",M,CPICORE_FRED_2015B,FRED(OECD转载总务省),VALIDATED_MIRROR,,CPI2015BASE_REF,2026-09-05,LATEST_HISTORY_PROXY,PROXY,CURRENT_HISTORY_ONLY_NO_VINTAGE,false,true,true
1978-01-31,1978-01,65.06031,65.06031,"2015=100指数(对照,停2021)",M,CPICORE_FRED_2015B,FRED(OECD转载总务省),VALIDATED_MIRROR,,CPI2015BASE_REF,2026-09-05,LATEST_HISTORY_PROXY,PROXY,CURRENT_HISTORY_ONLY_NO_VINTAGE,false,true,true
1978-02-28,1978-02,65.46606,65.46606,"2015=100指数(对照,停2021)",M,CPICORE_FRED_2015B,FRED(OECD转载总务省),VALIDATED_MIRROR,,CPI2015BASE_REF,2026-09-05,LATEST_HISTORY_PROXY,PROXY,CURRENT_HISTORY_ONLY_NO_VINTAGE,false,true,true
1978-03-31,1978-03,65.8204,65.8204,"2015=100指数(对照,停2021)",M,CPICORE_FRED_2015B,FRED(OECD转载总务省),VALIDATED_MIRROR,,CPI2015BASE_REF,2026-09-05,LATEST_HISTORY_PROXY,PROXY,CURRENT_HISTORY_ONLY_NO_VINTAGE,false,true,true
1978-04-30,1978-04,66.68819,66.68819,"2015=100指数(对照,停2021)",M,CPICORE_FRED_2015B,FRED(OECD转载总务省),VALIDATED_MIRROR,,CPI2015BASE_REF,2026-09-05,LATEST_HISTORY_PROXY,PROXY,CURRENT_HISTORY_ONLY_NO_VINTAGE,false,true,true
1978-05-31,1978-05,67.29482,67.29482,"2015=100指数(对照,停2021)",M,CPICORE_FRED_2015B,FRED(OECD转载总务省),VALIDATED_MIRROR,,CPI2015BASE_REF,2026-09-05,LATEST_HISTORY_PROXY,PROXY,CURRENT_HISTORY_ONLY_NO_VINTAGE,false,true,true
1978-06-30,1978-06,67.24746999999999,67.24746999999999,"2015=100指数(对照,停2021)",M,CPICORE_FRED_2015B,FRED(OECD转载总务省),VALIDATED_MIRROR,,CPI2015BASE_REF,2026-09-05,LATEST_HISTORY_PROXY,PROXY,CURRENT_HISTORY_ONLY_NO_VINTAGE,false,true,true
1978-07-31,1978-07,67.43805,67.43805,"2015=100指数(对照,停2021)",M,CPICORE_FRED_2015B,FRED(OECD转载总务省),VALIDATED_MIRROR,,CPI2015BASE_REF,2026-09-05,LATEST_HISTORY_PROXY,PROXY,CURRENT_HISTORY_ONLY_NO_VINTAGE,false,true,true
1978-08-31,1978-08,67.29936,67.29936,"2015=100指数(对照,停2021)",M,CPICORE_FRED_2015B,FRED(OECD转载总务省),VALIDATED_MIRROR,,CPI2015BASE_REF,2026-09-05,LATEST_HISTORY_PROXY,PROXY,CURRENT_HISTORY_ONLY_NO_VINTAGE,false,true,true
1978-09-30,1978-09,67.98406,67.98406,"2015=100指数(对照,停2021)",M,CPICORE_FRED_2015B,FRED(OECD转载总务省),VALIDATED_MIRROR,,CPI2015BASE_REF,2026-09-05,LATEST_HISTORY_PROXY,PROXY,CURRENT_HISTORY_ONLY_NO_VINTAGE,false,true,true
1978-10-31,1978-10,68.31593000000001,68.31593000000001,"2015=100指数(对照,停2021)",M,CPICORE_FRED_2015B,FRED(OECD转载总务省),VALIDATED_MIRROR,,CPI2015BASE_REF,2026-09-05,LATEST_HISTORY_PROXY,PROXY,CURRENT_HISTORY_ONLY_NO_VINTAGE,false,true,true
1978-11-30,1978-11,68.30044000000001,68.30044000000001,"2015=100指数(对照,停2021)",M,CPICORE_FRED_2015B,FRED(OECD转载总务省),VALIDATED_MIRROR,,CPI2015BASE_REF,2026-09-05,LATEST_HISTORY_PROXY,PROXY,CURRENT_HISTORY_ONLY_NO_VINTAGE,false,true,true
1978-12-31,1978-12,68.35918000000001,68.35918000000001,"2015=100指数(对照,停2021)",M,CPICORE_FRED_2015B,FRED(OECD转载总务省),VALIDATED_MIRROR,,CPI2015BASE_REF,2026-09-05,LATEST_HISTORY_PROXY,PROXY,CURRENT_HISTORY_ONLY_NO_VINTAGE,false,true,true
1979-01-31,1979-01,68.31038000000001,68.31038000000001,"2015=100指数(对照,停2021)",M,CPICORE_FRED_2015B,FRED(OECD转载总务省),VALIDATED_MIRROR,,CPI2015BASE_REF,2026-09-05,LATEST_HISTORY_PROXY,PROXY,CURRENT_HISTORY_ONLY_NO_VINTAGE,false,true,true
1979-02-28,1979-02,68.13194,68.13194,"2015=100指数(对照,停2021)",M,CPICORE_FRED_2015B,FRED(OECD转载总务省),VALIDATED_MIRROR,,CPI2015BASE_REF,2026-09-05,LATEST_HISTORY_PROXY,PROXY,CURRENT_HISTORY_ONLY_NO_VINTAGE,false,true,true
1979-03-31,1979-03,68.65054,68.65054,"2015=100指数(对照,停2021)",M,CPICORE_FRED_2015B,FRED(OECD转载总务省),VALIDATED_MIRROR,,CPI2015BASE_REF,2026-09-05,LATEST_HISTORY_PROXY,PROXY,CURRENT_HISTORY_ONLY_NO_VINTAGE,false,true,true
1979-04-30,1979-04,69.15588000000001,69.15588000000001,"2015=100指数(对照,停2021)",M,CPICORE_FRED_2015B,FRED(OECD转载总务省),VALIDATED_MIRROR,,CPI2015BASE_REF,2026-09-05,LATEST_HISTORY_PROXY,PROXY,CURRENT_HISTORY_ONLY_NO_VINTAGE,false,true,true
1979-05-31,1979-05,69.85145,69.85145,"2015=100指数(对照,停2021)",M,CPICORE_FRED_2015B,FRED(OECD转载总务省),VALIDATED_MIRROR,,CPI2015BASE_REF,2026-09-05,LATEST_HISTORY_PROXY,PROXY,CURRENT_HISTORY_ONLY_NO_VINTAGE,false,true,true
1979-06-30,1979-06,69.90371,69.90371,"2015=100指数(对照,停2021)",M,CPICORE_FRED_2015B,FRED(OECD转载总务省),VALIDATED_MIRROR,,CPI2015BASE_REF,2026-09-05,LATEST_HISTORY_PROXY,PROXY,CURRENT_HISTORY_ONLY_NO_VINTAGE,false,true,true
1979-07-31,1979-07,70.14593,70.14593,"2015=100指数(对照,停2021)",M,CPICORE_FRED_2015B,FRED(OECD转载总务省),VALIDATED_MIRROR,,CPI2015BASE_REF,2026-09-05,LATEST_HISTORY_PROXY,PROXY,CURRENT_HISTORY_ONLY_NO_VINTAGE,false,true,true
1979-08-31,1979-08,69.35893,69.35893,"2015=100指数(对照,停2021)",M,CPICORE_FRED_2015B,FRED(OECD转载总务省),VALIDATED_MIRROR,,CPI2015BASE_REF,2026-09-05,LATEST_HISTORY_PROXY,PROXY,CURRENT_HISTORY_ONLY_NO_VINTAGE,false,true,true
1979-09-30,1979-09,70.31936999999999,70.31936999999999,"2015=100指数(对照,停2021)",M,CPICORE_FRED_2015B,FRED(OECD转载总务省),VALIDATED_MIRROR,,CPI2015BASE_REF,2026-09-05,LATEST_HISTORY_PROXY,PROXY,CURRENT_HISTORY_ONLY_NO_VINTAGE,false,true,true
1979-10-31,1979-10,70.78399999999999,70.78399999999999,"2015=100指数(对照,停2021)",M,CPICORE_FRED_2015B,FRED(OECD转载总务省),VALIDATED_MIRROR,,CPI2015BASE_REF,2026-09-05,LATEST_HISTORY_PROXY,PROXY,CURRENT_HISTORY_ONLY_NO_VINTAGE,false,true,true
1979-11-30,1979-11,70.71869000000001,70.71869000000001,"2015=100指数(对照,停2021)",M,CPICORE_FRED_2015B,FRED(OECD转载总务省),VALIDATED_MIRROR,,CPI2015BASE_REF,2026-09-05,LATEST_HISTORY_PROXY,PROXY,CURRENT_HISTORY_ONLY_NO_VINTAGE,false,true,true
1979-12-31,1979-12,71.03947,71.03947,"2015=100指数(对照,停2021)",M,CPICORE_FRED_2015B,FRED(OECD转载总务省),VALIDATED_MIRROR,,CPI2015BASE_REF,2026-09-05,LATEST_HISTORY_PROXY,PROXY,CURRENT_HISTORY_ONLY_NO_VINTAGE,false,true,true
1980-01-31,1980-01,71.38217,71.38217,"2015=100指数(对照,停2021)",M,CPICORE_FRED_2015B,FRED(OECD转载总务省),VALIDATED_MIRROR,,CPI2015BASE_REF,2026-09-05,LATEST_HISTORY_PROXY,PROXY,CURRENT_HISTORY_ONLY_NO_VINTAGE,false,true,true
1980-02-29,1980-02,71.47381999999999,71.47381999999999,"2015=100指数(对照,停2021)",M,CPICORE_FRED_2015B,FRED(OECD转载总务省),VALIDATED_MIRROR,,CPI2015BASE_REF,2026-09-05,LATEST_HISTORY_PROXY,PROXY,CURRENT_HISTORY_ONLY_NO_VINTAGE,false,true,true
1980-03-31,1980-03,71.89584,71.89584,"2015=100指数(对照,停2021)",M,CPICORE_FRED_2015B,FRED(OECD转载总务省),VALIDATED_MIRROR,,CPI2015BASE_REF,2026-09-05,LATEST_HISTORY_PROXY,PROXY,CURRENT_HISTORY_ONLY_NO_VINTAGE,false,true,true
1980-04-30,1980-04,72.82388,72.82388,"2015=100指数(对照,停2021)",M,CPICORE_FRED_2015B,FRED(OECD转载总务省),VALIDATED_MIRROR,,CPI2015BASE_REF,2026-09-05,LATEST_HISTORY_PROXY,PROXY,CURRENT_HISTORY_ONLY_NO_VINTAGE,false,true,true
1980-05-31,1980-05,73.87194000000001,73.87194000000001,"2015=100指数(对照,停2021)",M,CPICORE_FRED_2015B,FRED(OECD转载总务省),VALIDATED_MIRROR,,CPI2015BASE_REF,2026-09-05,LATEST_HISTORY_PROXY,PROXY,CURRENT_HISTORY_ONLY_NO_VINTAGE,false,true,true
1980-06-30,1980-06,74.31326999999999,74.31326999999999,"2015=100指数(对照,停2021)",M,CPICORE_FRED_2015B,FRED(OECD转载总务省),VALIDATED_MIRROR,,CPI2015BASE_REF,2026-09-05,LATEST_HISTORY_PROXY,PROXY,CURRENT_HISTORY_ONLY_NO_VINTAGE,false,true,true
1980-07-31,1980-07,74.48736,74.48736,"2015=100指数(对照,停2021)",M,CPICORE_FRED_2015B,FRED(OECD转载总务省),VALIDATED_MIRROR,,CPI2015BASE_REF,2026-09-05,LATEST_HISTORY_PROXY,PROXY,CURRENT_HISTORY_ONLY_NO_VINTAGE,false,true,true
1980-08-31,1980-08,74.03435999999999,74.03435999999999,"2015=100指数(对照,停2021)",M,CPICORE_FRED_2015B,FRED(OECD转载总务省),VALIDATED_MIRROR,,CPI2015BASE_REF,2026-09-05,LATEST_HISTORY_PROXY,PROXY,CURRENT_HISTORY_ONLY_NO_VINTAGE,false,true,true
1980-09-30,1980-09,75.11466999999999,75.11466999999999,"2015=100指数(对照,停2021)",M,CPICORE_FRED_2015B,FRED(OECD转载总务省),VALIDATED_MIRROR,,CPI2015BASE_REF,2026-09-05,LATEST_HISTORY_PROXY,PROXY,CURRENT_HISTORY_ONLY_NO_VINTAGE,false,true,true
1980-10-31,1980-10,75.50832,75.50832,"2015=100指数(对照,停2021)",M,CPICORE_FRED_2015B,FRED(OECD转载总务省),VALIDATED_MIRROR,,CPI2015BASE_REF,2026-09-05,LATEST_HISTORY_PROXY,PROXY,CURRENT_HISTORY_ONLY_NO_VINTAGE,false,true,true
1980-11-30,1980-11,75.6426,75.6426,"2015=100指数(对照,停2021)",M,CPICORE_FRED_2015B,FRED(OECD转载总务省),VALIDATED_MIRROR,,CPI2015BASE_REF,2026-09-05,LATEST_HISTORY_PROXY,PROXY,CURRENT_HISTORY_ONLY_NO_VINTAGE,false,true,true
1980-12-31,1980-12,75.69491,75.69491,"2015=100指数(对照,停2021)",M,CPICORE_FRED_2015B,FRED(OECD转载总务省),VALIDATED_MIRROR,,CPI2015BASE_REF,2026-09-05,LATEST_HISTORY_PROXY,PROXY,CURRENT_HISTORY_ONLY_NO_VINTAGE,false,true,true
1981-01-31,1981-01,75.96529,75.96529,"2015=100指数(对照,停2021)",M,CPICORE_FRED_2015B,FRED(OECD转载总务省),VALIDATED_MIRROR,,CPI2015BASE_REF,2026-09-05,LATEST_HISTORY_PROXY,PROXY,CURRENT_HISTORY_ONLY_NO_VINTAGE,false,true,true
1981-02-28,1981-02,75.71878000000001,75.71878000000001,"2015=100指数(对照,停2021)",M,CPICORE_FRED_2015B,FRED(OECD转载总务省),VALIDATED_MIRROR,,CPI2015BASE_REF,2026-09-05,LATEST_HISTORY_PROXY,PROXY,CURRENT_HISTORY_ONLY_NO_VINTAGE,false,true,true
1981-03-31,1981-03,75.80368,75.80368,"2015=100指数(对照,停2021)",M,CPICORE_FRED_2015B,FRED(OECD转载总务省),VALIDATED_MIRROR,,CPI2015BASE_REF,2026-09-05,LATEST_HISTORY_PROXY,PROXY,CURRENT_HISTORY_ONLY_NO_VINTAGE,false,true,true
1981-04-30,1981-04,76.57426,76.57426,"2015=100指数(对照,停2021)",M,CPICORE_FRED_2015B,FRED(OECD转载总务省),VALIDATED_MIRROR,,CPI2015BASE_REF,2026-09-05,LATEST_HISTORY_PROXY,PROXY,CURRENT_HISTORY_ONLY_NO_VINTAGE,false,true,true
1981-05-31,1981-05,77.61321,77.61321,"2015=100指数(对照,停2021)",M,CPICORE_FRED_2015B,FRED(OECD转载总务省),VALIDATED_MIRROR,,CPI2015BASE_REF,2026-09-05,LATEST_HISTORY_PROXY,PROXY,CURRENT_HISTORY_ONLY_NO_VINTAGE,false,true,true
1981-06-30,1981-06,77.80196,77.80196,"2015=100指数(对照,停2021)",M,CPICORE_FRED_2015B,FRED(OECD转载总务省),VALIDATED_MIRROR,,CPI2015BASE_REF,2026-09-05,LATEST_HISTORY_PROXY,PROXY,CURRENT_HISTORY_ONLY_NO_VINTAGE,false,true,true
1981-07-31,1981-07,77.63239,77.63239,"2015=100指数(对照,停2021)",M,CPICORE_FRED_2015B,FRED(OECD转载总务省),VALIDATED_MIRROR,,CPI2015BASE_REF,2026-09-05,LATEST_HISTORY_PROXY,PROXY,CURRENT_HISTORY_ONLY_NO_VINTAGE,false,true,true
1981-08-31,1981-08,77.17877,77.17877,"2015=100指数(对照,停2021)",M,CPICORE_FRED_2015B,FRED(OECD转载总务省),VALIDATED_MIRROR,,CPI2015BASE_REF,2026-09-05,LATEST_HISTORY_PROXY,PROXY,CURRENT_HISTORY_ONLY_NO_VINTAGE,false,true,true
1981-09-30,1981-09,78.24203,78.24203,"2015=100指数(对照,停2021)",M,CPICORE_FRED_2015B,FRED(OECD转载总务省),VALIDATED_MIRROR,,CPI2015BASE_REF,2026-09-05,LATEST_HISTORY_PROXY,PROXY,CURRENT_HISTORY_ONLY_NO_VINTAGE,false,true,true
1981-10-31,1981-10,78.5909,78.5909,"2015=100指数(对照,停2021)",M,CPICORE_FRED_2015B,FRED(OECD转载总务省),VALIDATED_MIRROR,,CPI2015BASE_REF,2026-09-05,LATEST_HISTORY_PROXY,PROXY,CURRENT_HISTORY_ONLY_NO_VINTAGE,false,true,true
1981-11-30,1981-11,78.72443,78.72443,"2015=100指数(对照,停2021)",M,CPICORE_FRED_2015B,FRED(OECD转载总务省),VALIDATED_MIRROR,,CPI2015BASE_REF,2026-09-05,LATEST_HISTORY_PROXY,PROXY,CURRENT_HISTORY_ONLY_NO_VINTAGE,false,true,true
1981-12-31,1981-12,78.75253000000001,78.75253000000001,"2015=100指数(对照,停2021)",M,CPICORE_FRED_2015B,FRED(OECD转载总务省),VALIDATED_MIRROR,,CPI2015BASE_REF,2026-09-05,LATEST_HISTORY_PROXY,PROXY,CURRENT_HISTORY_ONLY_NO_VINTAGE,false,true,true
1982-01-31,1982-01,78.52003,78.52003,"2015=100指数(对照,停2021)",M,CPICORE_FRED_2015B,FRED(OECD转载总务省),VALIDATED_MIRROR,,CPI2015BASE_REF,2026-09-05,LATEST_HISTORY_PROXY,PROXY,CURRENT_HISTORY_ONLY_NO_VINTAGE,false,true,true
1982-02-28,1982-02,78.36547,78.36547,"2015=100指数(对照,停2021)",M,CPICORE_FRED_2015B,FRED(OECD转载总务省),VALIDATED_MIRROR,,CPI2015BASE_REF,2026-09-05,LATEST_HISTORY_PROXY,PROXY,CURRENT_HISTORY_ONLY_NO_VINTAGE,false,true,true
1982-03-31,1982-03,78.46835,78.46835,"2015=100指数(对照,停2021)",M,CPICORE_FRED_2015B,FRED(OECD转载总务省),VALIDATED_MIRROR,,CPI2015BASE_REF,2026-09-05,LATEST_HISTORY_PROXY,PROXY,CURRENT_HISTORY_ONLY_NO_VINTAGE,false,true,true
1982-04-30,1982-04,79.14044,79.14044,"2015=100指数(对照,停2021)",M,CPICORE_FRED_2015B,FRED(OECD转载总务省),VALIDATED_MIRROR,,CPI2015BASE_REF,2026-09-05,LATEST_HISTORY_PROXY,PROXY,CURRENT_HISTORY_ONLY_NO_VINTAGE,false,true,true
1982-05-31,1982-05,79.83736999999999,79.83736999999999,"2015=100指数(对照,停2021)",M,CPICORE_FRED_2015B,FRED(OECD转载总务省),VALIDATED_MIRROR,,CPI2015BASE_REF,2026-09-05,LATEST_HISTORY_PROXY,PROXY,CURRENT_HISTORY_ONLY_NO_VINTAGE,false,true,true
1982-06-30,1982-06,80.02367,80.02367,"2015=100指数(对照,停2021)",M,CPICORE_FRED_2015B,FRED(OECD转载总务省),VALIDATED_MIRROR,,CPI2015BASE_REF,2026-09-05,LATEST_HISTORY_PROXY,PROXY,CURRENT_HISTORY_ONLY_NO_VINTAGE,false,true,true
1982-07-31,1982-07,79.67756999999999,79.67756999999999,"2015=100指数(对照,停2021)",M,CPICORE_FRED_2015B,FRED(OECD转载总务省),VALIDATED_MIRROR,,CPI2015BASE_REF,2026-09-05,LATEST_HISTORY_PROXY,PROXY,CURRENT_HISTORY_ONLY_NO_VINTAGE,false,true,true
1982-08-31,1982-08,79.50981,79.50981,"2015=100指数(对照,停2021)",M,CPICORE_FRED_2015B,FRED(OECD转载总务省),VALIDATED_MIRROR,,CPI2015BASE_REF,2026-09-05,LATEST_HISTORY_PROXY,PROXY,CURRENT_HISTORY_ONLY_NO_VINTAGE,false,true,true
1982-09-30,1982-09,80.61485,80.61485,"2015=100指数(对照,停2021)",M,CPICORE_FRED_2015B,FRED(OECD转载总务省),VALIDATED_MIRROR,,CPI2015BASE_REF,2026-09-05,LATEST_HISTORY_PROXY,PROXY,CURRENT_HISTORY_ONLY_NO_VINTAGE,false,true,true
1982-10-31,1982-10,80.93568,80.93568,"2015=100指数(对照,停2021)",M,CPICORE_FRED_2015B,FRED(OECD转载总务省),VALIDATED_MIRROR,,CPI2015BASE_REF,2026-09-05,LATEST_HISTORY_PROXY,PROXY,CURRENT_HISTORY_ONLY_NO_VINTAGE,false,true,true
1982-11-30,1982-11,80.81593000000001,80.81593000000001,"2015=100指数(对照,停2021)",M,CPICORE_FRED_2015B,FRED(OECD转载总务省),VALIDATED_MIRROR,,CPI2015BASE_REF,2026-09-05,LATEST_HISTORY_PROXY,PROXY,CURRENT_HISTORY_ONLY_NO_VINTAGE,false,true,true
1982-12-31,1982-12,80.87077,80.87077,"2015=100指数(对照,停2021)",M,CPICORE_FRED_2015B,FRED(OECD转载总务省),VALIDATED_MIRROR,,CPI2015BASE_REF,2026-09-05,LATEST_HISTORY_PROXY,PROXY,CURRENT_HISTORY_ONLY_NO_VINTAGE,false,true,true
1983-01-31,1983-01,80.58721,80.58721,"2015=100指数(对照,停2021)",M,CPICORE_FRED_2015B,FRED(OECD转载总务省),VALIDATED_MIRROR,,CPI2015BASE_REF,2026-09-05,LATEST_HISTORY_PROXY,PROXY,CURRENT_HISTORY_ONLY_NO_VINTAGE,false,true,true
1983-02-28,1983-02,80.11386999999999,80.11386999999999,"2015=100指数(对照,停2021)",M,CPICORE_FRED_2015B,FRED(OECD转载总务省),VALIDATED_MIRROR,,CPI2015BASE_REF,2026-09-05,LATEST_HISTORY_PROXY,PROXY,CURRENT_HISTORY_ONLY_NO_VINTAGE,false,true,true
1983-03-31,1983-03,80.36686,80.36686,"2015=100指数(对照,停2021)",M,CPICORE_FRED_2015B,FRED(OECD转载总务省),VALIDATED_MIRROR,,CPI2015BASE_REF,2026-09-05,LATEST_HISTORY_PROXY,PROXY,CURRENT_HISTORY_ONLY_NO_VINTAGE,false,true,true
1983-04-30,1983-04,81.06178,81.06178,"2015=100指数(对照,停2021)",M,CPICORE_FRED_2015B,FRED(OECD转载总务省),VALIDATED_MIRROR,,CPI2015BASE_REF,2026-09-05,LATEST_HISTORY_PROXY,PROXY,CURRENT_HISTORY_ONLY_NO_VINTAGE,false,true,true
1983-05-31,1983-05,81.87321,81.87321,"2015=100指数(对照,停2021)",M,CPICORE_FRED_2015B,FRED(OECD转载总务省),VALIDATED_MIRROR,,CPI2015BASE_REF,2026-09-05,LATEST_HISTORY_PROXY,PROXY,CURRENT_HISTORY_ONLY_NO_VINTAGE,false,true,true
1983-06-30,1983-06,81.84065,81.84065,"2015=100指数(对照,停2021)",M,CPICORE_FRED_2015B,FRED(OECD转载总务省),VALIDATED_MIRROR,,CPI2015BASE_REF,2026-09-05,LATEST_HISTORY_PROXY,PROXY,CURRENT_HISTORY_ONLY_NO_VINTAGE,false,true,true
1983-07-31,1983-07,81.60245,81.60245,"2015=100指数(对照,停2021)",M,CPICORE_FRED_2015B,FRED(OECD转载总务省),VALIDATED_MIRROR,,CPI2015BASE_REF,2026-09-05,LATEST_HISTORY_PROXY,PROXY,CURRENT_HISTORY_ONLY_NO_VINTAGE,false,true,true
1983-08-31,1983-08,80.95776,80.95776,"2015=100指数(对照,停2021)",M,CPICORE_FRED_2015B,FRED(OECD转载总务省),VALIDATED_MIRROR,,CPI2015BASE_REF,2026-09-05,LATEST_HISTORY_PROXY,PROXY,CURRENT_HISTORY_ONLY_NO_VINTAGE,false,true,true
1983-09-30,1983-09,82.12505999999999,82.12505999999999,"2015=100指数(对照,停2021)",M,CPICORE_FRED_2015B,FRED(OECD转载总务省),VALIDATED_MIRROR,,CPI2015BASE_REF,2026-09-05,LATEST_HISTORY_PROXY,PROXY,CURRENT_HISTORY_ONLY_NO_VINTAGE,false,true,true
1983-10-31,1983-10,82.67773000000001,82.67773000000001,"2015=100指数(对照,停2021)",M,CPICORE_FRED_2015B,FRED(OECD转载总务省),VALIDATED_MIRROR,,CPI2015BASE_REF,2026-09-05,LATEST_HISTORY_PROXY,PROXY,CURRENT_HISTORY_ONLY_NO_VINTAGE,false,true,true
1983-11-30,1983-11,82.80759,82.80759,"2015=100指数(对照,停2021)",M,CPICORE_FRED_2015B,FRED(OECD转载总务省),VALIDATED_MIRROR,,CPI2015BASE_REF,2026-09-05,LATEST_HISTORY_PROXY,PROXY,CURRENT_HISTORY_ONLY_NO_VINTAGE,false,true,true
1983-12-31,1983-12,82.60409,82.60409,"2015=100指数(对照,停2021)",M,CPICORE_FRED_2015B,FRED(OECD转载总务省),VALIDATED_MIRROR,,CPI2015BASE_REF,2026-09-05,LATEST_HISTORY_PROXY,PROXY,CURRENT_HISTORY_ONLY_NO_VINTAGE,false,true,true
1984-01-31,1984-01,82.50777,82.50777,"2015=100指数(对照,停2021)",M,CPICORE_FRED_2015B,FRED(OECD转载总务省),VALIDATED_MIRROR,,CPI2015BASE_REF,2026-09-05,LATEST_HISTORY_PROXY,PROXY,CURRENT_HISTORY_ONLY_NO_VINTAGE,false,true,true
1984-02-29,1984-02,82.44611,82.44611,"2015=100指数(对照,停2021)",M,CPICORE_FRED_2015B,FRED(OECD转载总务省),VALIDATED_MIRROR,,CPI2015BASE_REF,2026-09-05,LATEST_HISTORY_PROXY,PROXY,CURRENT_HISTORY_ONLY_NO_VINTAGE,false,true,true
1984-03-31,1984-03,82.51158000000001,82.51158000000001,"2015=100指数(对照,停2021)",M,CPICORE_FRED_2015B,FRED(OECD转载总务省),VALIDATED_MIRROR,,CPI2015BASE_REF,2026-09-05,LATEST_HISTORY_PROXY,PROXY,CURRENT_HISTORY_ONLY_NO_VINTAGE,false,true,true
1984-04-30,1984-04,82.99011999999999,82.99011999999999,"2015=100指数(对照,停2021)",M,CPICORE_FRED_2015B,FRED(OECD转载总务省),VALIDATED_MIRROR,,CPI2015BASE_REF,2026-09-05,LATEST_HISTORY_PROXY,PROXY,CURRENT_HISTORY_ONLY_NO_VINTAGE,false,true,true
1984-05-31,1984-05,84.18228,84.18228,"2015=100指数(对照,停2021)",M,CPICORE_FRED_2015B,FRED(OECD转载总务省),VALIDATED_MIRROR,,CPI2015BASE_REF,2026-09-05,LATEST_HISTORY_PROXY,PROXY,CURRENT_HISTORY_ONLY_NO_VINTAGE,false,true,true
1984-06-30,1984-06,83.90324,83.90324,"2015=100指数(对照,停2021)",M,CPICORE_FRED_2015B,FRED(OECD转载总务省),VALIDATED_MIRROR,,CPI2015BASE_REF,2026-09-05,LATEST_HISTORY_PROXY,PROXY,CURRENT_HISTORY_ONLY_NO_VINTAGE,false,true,true
1984-07-31,1984-07,83.89010999999999,83.89010999999999,"2015=100指数(对照,停2021)",M,CPICORE_FRED_2015B,FRED(OECD转载总务省),VALIDATED_MIRROR,,CPI2015BASE_REF,2026-09-05,LATEST_HISTORY_PROXY,PROXY,CURRENT_HISTORY_ONLY_NO_VINTAGE,false,true,true
1984-08-31,1984-08,83.0948,83.0948,"2015=100指数(对照,停2021)",M,CPICORE_FRED_2015B,FRED(OECD转载总务省),VALIDATED_MIRROR,,CPI2015BASE_REF,2026-09-05,LATEST_HISTORY_PROXY,PROXY,CURRENT_HISTORY_ONLY_NO_VINTAGE,false,true,true
1984-09-30,1984-09,84.27221,84.27221,"2015=100指数(对照,停2021)",M,CPICORE_FRED_2015B,FRED(OECD转载总务省),VALIDATED_MIRROR,,CPI2015BASE_REF,2026-09-05,LATEST_HISTORY_PROXY,PROXY,CURRENT_HISTORY_ONLY_NO_VINTAGE,false,true,true
1984-10-31,1984-10,84.86976999999999,84.86976999999999,"2015=100指数(对照,停2021)",M,CPICORE_FRED_2015B,FRED(OECD转载总务省),VALIDATED_MIRROR,,CPI2015BASE_REF,2026-09-05,LATEST_HISTORY_PROXY,PROXY,CURRENT_HISTORY_ONLY_NO_VINTAGE,false,true,true
1984-11-30,1984-11,84.90829000000001,84.90829000000001,"2015=100指数(对照,停2021)",M,CPICORE_FRED_2015B,FRED(OECD转载总务省),VALIDATED_MIRROR,,CPI2015BASE_REF,2026-09-05,LATEST_HISTORY_PROXY,PROXY,CURRENT_HISTORY_ONLY_NO_VINTAGE,false,true,true
1984-12-31,1984-12,85.04893,85.04893,"2015=100指数(对照,停2021)",M,CPICORE_FRED_2015B,FRED(OECD转载总务省),VALIDATED_MIRROR,,CPI2015BASE_REF,2026-09-05,LATEST_HISTORY_PROXY,PROXY,CURRENT_HISTORY_ONLY_NO_VINTAGE,false,true,true
1985-01-31,1985-01,84.89,84.89,"2015=100指数(对照,停2021)",M,CPICORE_FRED_2015B,FRED(OECD转载总务省),VALIDATED_MIRROR,,CPI2015BASE_REF,2026-09-05,LATEST_HISTORY_PROXY,PROXY,CURRENT_HISTORY_ONLY_NO_VINTAGE,false,true,true
1985-02-28,1985-02,84.65191,84.65191,"2015=100指数(对照,停2021)",M,CPICORE_FRED_2015B,FRED(OECD转载总务省),VALIDATED_MIRROR,,CPI2015BASE_REF,2026-09-05,LATEST_HISTORY_PROXY,PROXY,CURRENT_HISTORY_ONLY_NO_VINTAGE,false,true,true
1985-03-31,1985-03,84.92432,84.92432,"2015=100指数(对照,停2021)",M,CPICORE_FRED_2015B,FRED(OECD转载总务省),VALIDATED_MIRROR,,CPI2015BASE_REF,2026-09-05,LATEST_HISTORY_PROXY,PROXY,CURRENT_HISTORY_ONLY_NO_VINTAGE,false,true,true
1985-04-30,1985-04,85.65406,85.65406,"2015=100指数(对照,停2021)",M,CPICORE_FRED_2015B,FRED(OECD转载总务省),VALIDATED_MIRROR,,CPI2015BASE_REF,2026-09-05,LATEST_HISTORY_PROXY,PROXY,CURRENT_HISTORY_ONLY_NO_VINTAGE,false,true,true
1985-05-31,1985-05,85.9482,85.9482,"2015=100指数(对照,停2021)",M,CPICORE_FRED_2015B,FRED(OECD转载总务省),VALIDATED_MIRROR,,CPI2015BASE_REF,2026-09-05,LATEST_HISTORY_PROXY,PROXY,CURRENT_HISTORY_ONLY_NO_VINTAGE,false,true,true
1985-06-30,1985-06,86.00632,86.00632,"2015=100指数(对照,停2021)",M,CPICORE_FRED_2015B,FRED(OECD转载总务省),VALIDATED_MIRROR,,CPI2015BASE_REF,2026-09-05,LATEST_HISTORY_PROXY,PROXY,CURRENT_HISTORY_ONLY_NO_VINTAGE,false,true,true
1985-07-31,1985-07,86.06905,86.06905,"2015=100指数(对照,停2021)",M,CPICORE_FRED_2015B,FRED(OECD转载总务省),VALIDATED_MIRROR,,CPI2015BASE_REF,2026-09-05,LATEST_HISTORY_PROXY,PROXY,CURRENT_HISTORY_ONLY_NO_VINTAGE,false,true,true
1985-08-31,1985-08,85.82866999999999,85.82866999999999,"2015=100指数(对照,停2021)",M,CPICORE_FRED_2015B,FRED(OECD转载总务省),VALIDATED_MIRROR,,CPI2015BASE_REF,2026-09-05,LATEST_HISTORY_PROXY,PROXY,CURRENT_HISTORY_ONLY_NO_VINTAGE,false,true,true
1985-09-30,1985-09,86.16598,86.16598,"2015=100指数(对照,停2021)",M,CPICORE_FRED_2015B,FRED(OECD转载总务省),VALIDATED_MIRROR,,CPI2015BASE_REF,2026-09-05,LATEST_HISTORY_PROXY,PROXY,CURRENT_HISTORY_ONLY_NO_VINTAGE,false,true,true
1985-10-31,1985-10,86.65543000000001,86.65543000000001,"2015=100指数(对照,停2021)",M,CPICORE_FRED_2015B,FRED(OECD转载总务省),VALIDATED_MIRROR,,CPI2015BASE_REF,2026-09-05,LATEST_HISTORY_PROXY,PROXY,CURRENT_HISTORY_ONLY_NO_VINTAGE,false,true,true
1985-11-30,1985-11,86.59184,86.59184,"2015=100指数(对照,停2021)",M,CPICORE_FRED_2015B,FRED(OECD转载总务省),VALIDATED_MIRROR,,CPI2015BASE_REF,2026-09-05,LATEST_HISTORY_PROXY,PROXY,CURRENT_HISTORY_ONLY_NO_VINTAGE,false,true,true
1985-12-31,1985-12,86.66263000000001,86.66263000000001,"2015=100指数(对照,停2021)",M,CPICORE_FRED_2015B,FRED(OECD转载总务省),VALIDATED_MIRROR,,CPI2015BASE_REF,2026-09-05,LATEST_HISTORY_PROXY,PROXY,CURRENT_HISTORY_ONLY_NO_VINTAGE,false,true,true
1986-01-31,1986-01,86.41344000000001,86.41344000000001,"2015=100指数(对照,停2021)",M,CPICORE_FRED_2015B,FRED(OECD转载总务省),VALIDATED_MIRROR,,CPI2015BASE_REF,2026-09-05,LATEST_HISTORY_PROXY,PROXY,CURRENT_HISTORY_ONLY_NO_VINTAGE,false,true,true
1986-02-28,1986-02,86.38332,86.38332,"2015=100指数(对照,停2021)",M,CPICORE_FRED_2015B,FRED(OECD转载总务省),VALIDATED_MIRROR,,CPI2015BASE_REF,2026-09-05,LATEST_HISTORY_PROXY,PROXY,CURRENT_HISTORY_ONLY_NO_VINTAGE,false,true,true
1986-03-31,1986-03,86.48321,86.48321,"2015=100指数(对照,停2021)",M,CPICORE_FRED_2015B,FRED(OECD转载总务省),VALIDATED_MIRROR,,CPI2015BASE_REF,2026-09-05,LATEST_HISTORY_PROXY,PROXY,CURRENT_HISTORY_ONLY_NO_VINTAGE,false,true,true
1986-04-30,1986-04,87.08972,87.08972,"2015=100指数(对照,停2021)",M,CPICORE_FRED_2015B,FRED(OECD转载总务省),VALIDATED_MIRROR,,CPI2015BASE_REF,2026-09-05,LATEST_HISTORY_PROXY,PROXY,CURRENT_HISTORY_ONLY_NO_VINTAGE,false,true,true
1986-05-31,1986-05,87.43343,87.43343,"2015=100指数(对照,停2021)",M,CPICORE_FRED_2015B,FRED(OECD转载总务省),VALIDATED_MIRROR,,CPI2015BASE_REF,2026-09-05,LATEST_HISTORY_PROXY,PROXY,CURRENT_HISTORY_ONLY_NO_VINTAGE,false,true,true
1986-06-30,1986-06,87.46307,87.46307,"2015=100指数(对照,停2021)",M,CPICORE_FRED_2015B,FRED(OECD转载总务省),VALIDATED_MIRROR,,CPI2015BASE_REF,2026-09-05,LATEST_HISTORY_PROXY,PROXY,CURRENT_HISTORY_ONLY_NO_VINTAGE,false,true,true
1986-07-31,1986-07,87.39390999999999,87.39390999999999,"2015=100指数(对照,停2021)",M,CPICORE_FRED_2015B,FRED(OECD转载总务省),VALIDATED_MIRROR,,CPI2015BASE_REF,2026-09-05,LATEST_HISTORY_PROXY,PROXY,CURRENT_HISTORY_ONLY_NO_VINTAGE,false,true,true
1986-08-31,1986-08,87.0979,87.0979,"2015=100指数(对照,停2021)",M,CPICORE_FRED_2015B,FRED(OECD转载总务省),VALIDATED_MIRROR,,CPI2015BASE_REF,2026-09-05,LATEST_HISTORY_PROXY,PROXY,CURRENT_HISTORY_ONLY_NO_VINTAGE,false,true,true
1986-09-30,1986-09,87.5331,87.5331,"2015=100指数(对照,停2021)",M,CPICORE_FRED_2015B,FRED(OECD转载总务省),VALIDATED_MIRROR,,CPI2015BASE_REF,2026-09-05,LATEST_HISTORY_PROXY,PROXY,CURRENT_HISTORY_ONLY_NO_VINTAGE,false,true,true
1986-10-31,1986-10,87.78755,87.78755,"2015=100指数(对照,停2021)",M,CPICORE_FRED_2015B,FRED(OECD转载总务省),VALIDATED_MIRROR,,CPI2015BASE_REF,2026-09-05,LATEST_HISTORY_PROXY,PROXY,CURRENT_HISTORY_ONLY_NO_VINTAGE,false,true,true
1986-11-30,1986-11,87.8074,87.8074,"2015=100指数(对照,停2021)",M,CPICORE_FRED_2015B,FRED(OECD转载总务省),VALIDATED_MIRROR,,CPI2015BASE_REF,2026-09-05,LATEST_HISTORY_PROXY,PROXY,CURRENT_HISTORY_ONLY_NO_VINTAGE,false,true,true
1986-12-31,1986-12,87.72901999999999,87.72901999999999,"2015=100指数(对照,停2021)",M,CPICORE_FRED_2015B,FRED(OECD转载总务省),VALIDATED_MIRROR,,CPI2015BASE_REF,2026-09-05,LATEST_HISTORY_PROXY,PROXY,CURRENT_HISTORY_ONLY_NO_VINTAGE,false,true,true
1987-01-31,1987-01,87.44665,87.44665,"2015=100指数(对照,停2021)",M,CPICORE_FRED_2015B,FRED(OECD转载总务省),VALIDATED_MIRROR,,CPI2015BASE_REF,2026-09-05,LATEST_HISTORY_PROXY,PROXY,CURRENT_HISTORY_ONLY_NO_VINTAGE,false,true,true
1987-02-28,1987-02,87.42661,87.42661,"2015=100指数(对照,停2021)",M,CPICORE_FRED_2015B,FRED(OECD转载总务省),VALIDATED_MIRROR,,CPI2015BASE_REF,2026-09-05,LATEST_HISTORY_PROXY,PROXY,CURRENT_HISTORY_ONLY_NO_VINTAGE,false,true,true
1987-03-31,1987-03,87.60348,87.60348,"2015=100指数(对照,停2021)",M,CPICORE_FRED_2015B,FRED(OECD转载总务省),VALIDATED_MIRROR,,CPI2015BASE_REF,2026-09-05,LATEST_HISTORY_PROXY,PROXY,CURRENT_HISTORY_ONLY_NO_VINTAGE,false,true,true
1987-04-30,1987-04,88.31371,88.31371,"2015=100指数(对照,停2021)",M,CPICORE_FRED_2015B,FRED(OECD转载总务省),VALIDATED_MIRROR,,CPI2015BASE_REF,2026-09-05,LATEST_HISTORY_PROXY,PROXY,CURRENT_HISTORY_ONLY_NO_VINTAGE,false,true,true
1987-05-31,1987-05,88.42179,88.42179,"2015=100指数(对照,停2021)",M,CPICORE_FRED_2015B,FRED(OECD转载总务省),VALIDATED_MIRROR,,CPI2015BASE_REF,2026-09-05,LATEST_HISTORY_PROXY,PROXY,CURRENT_HISTORY_ONLY_NO_VINTAGE,false,true,true
1987-06-30,1987-06,88.52141,88.52141,"2015=100指数(对照,停2021)",M,CPICORE_FRED_2015B,FRED(OECD转载总务省),VALIDATED_MIRROR,,CPI2015BASE_REF,2026-09-05,LATEST_HISTORY_PROXY,PROXY,CURRENT_HISTORY_ONLY_NO_VINTAGE,false,true,true
1987-07-31,1987-07,88.47055999999999,88.47055999999999,"2015=100指数(对照,停2021)",M,CPICORE_FRED_2015B,FRED(OECD转载总务省),VALIDATED_MIRROR,,CPI2015BASE_REF,2026-09-05,LATEST_HISTORY_PROXY,PROXY,CURRENT_HISTORY_ONLY_NO_VINTAGE,false,true,true
1987-08-31,1987-08,88.21091,88.21091,"2015=100指数(对照,停2021)",M,CPICORE_FRED_2015B,FRED(OECD转载总务省),VALIDATED_MIRROR,,CPI2015BASE_REF,2026-09-05,LATEST_HISTORY_PROXY,PROXY,CURRENT_HISTORY_ONLY_NO_VINTAGE,false,true,true
1987-09-30,1987-09,88.65598,88.65598,"2015=100指数(对照,停2021)",M,CPICORE_FRED_2015B,FRED(OECD转载总务省),VALIDATED_MIRROR,,CPI2015BASE_REF,2026-09-05,LATEST_HISTORY_PROXY,PROXY,CURRENT_HISTORY_ONLY_NO_VINTAGE,false,true,true
1987-10-31,1987-10,88.79961,88.79961,"2015=100指数(对照,停2021)",M,CPICORE_FRED_2015B,FRED(OECD转载总务省),VALIDATED_MIRROR,,CPI2015BASE_REF,2026-09-05,LATEST_HISTORY_PROXY,PROXY,CURRENT_HISTORY_ONLY_NO_VINTAGE,false,true,true
1987-11-30,1987-11,88.88403000000001,88.88403000000001,"2015=100指数(对照,停2021)",M,CPICORE_FRED_2015B,FRED(OECD转载总务省),VALIDATED_MIRROR,,CPI2015BASE_REF,2026-09-05,LATEST_HISTORY_PROXY,PROXY,CURRENT_HISTORY_ONLY_NO_VINTAGE,false,true,true
1987-12-31,1987-12,88.77802,88.77802,"2015=100指数(对照,停2021)",M,CPICORE_FRED_2015B,FRED(OECD转载总务省),VALIDATED_MIRROR,,CPI2015BASE_REF,2026-09-05,LATEST_HISTORY_PROXY,PROXY,CURRENT_HISTORY_ONLY_NO_VINTAGE,false,true,true
1988-01-31,1988-01,88.35329,88.35329,"2015=100指数(对照,停2021)",M,CPICORE_FRED_2015B,FRED(OECD转载总务省),VALIDATED_MIRROR,,CPI2015BASE_REF,2026-09-05,LATEST_HISTORY_PROXY,PROXY,CURRENT_HISTORY_ONLY_NO_VINTAGE,false,true,true
1988-02-29,1988-02,88.29276999999999,88.29276999999999,"2015=100指数(对照,停2021)",M,CPICORE_FRED_2015B,FRED(OECD转载总务省),VALIDATED_MIRROR,,CPI2015BASE_REF,2026-09-05,LATEST_HISTORY_PROXY,PROXY,CURRENT_HISTORY_ONLY_NO_VINTAGE,false,true,true
1988-03-31,1988-03,88.55391999999999,88.55391999999999,"2015=100指数(对照,停2021)",M,CPICORE_FRED_2015B,FRED(OECD转载总务省),VALIDATED_MIRROR,,CPI2015BASE_REF,2026-09-05,LATEST_HISTORY_PROXY,PROXY,CURRENT_HISTORY_ONLY_NO_VINTAGE,false,true,true
1988-04-30,1988-04,89.07415,89.07415,"2015=100指数(对照,停2021)",M,CPICORE_FRED_2015B,FRED(OECD转载总务省),VALIDATED_MIRROR,,CPI2015BASE_REF,2026-09-05,LATEST_HISTORY_PROXY,PROXY,CURRENT_HISTORY_ONLY_NO_VINTAGE,false,true,true
1988-05-31,1988-05,89.32696,89.32696,"2015=100指数(对照,停2021)",M,CPICORE_FRED_2015B,FRED(OECD转载总务省),VALIDATED_MIRROR,,CPI2015BASE_REF,2026-09-05,LATEST_HISTORY_PROXY,PROXY,CURRENT_HISTORY_ONLY_NO_VINTAGE,false,true,true
1988-06-30,1988-06,89.18567,89.18567,"2015=100指数(对照,停2021)",M,CPICORE_FRED_2015B,FRED(OECD转载总务省),VALIDATED_MIRROR,,CPI2015BASE_REF,2026-09-05,LATEST_HISTORY_PROXY,PROXY,CURRENT_HISTORY_ONLY_NO_VINTAGE,false,true,true
1988-07-31,1988-07,89.14239,89.14239,"2015=100指数(对照,停2021)",M,CPICORE_FRED_2015B,FRED(OECD转载总务省),VALIDATED_MIRROR,,CPI2015BASE_REF,2026-09-05,LATEST_HISTORY_PROXY,PROXY,CURRENT_HISTORY_ONLY_NO_VINTAGE,false,true,true
1988-08-31,1988-08,88.95763000000001,88.95763000000001,"2015=100指数(对照,停2021)",M,CPICORE_FRED_2015B,FRED(OECD转载总务省),VALIDATED_MIRROR,,CPI2015BASE_REF,2026-09-05,LATEST_HISTORY_PROXY,PROXY,CURRENT_HISTORY_ONLY_NO_VINTAGE,false,true,true
1988-09-30,1988-09,89.46228,89.46228,"2015=100指数(对照,停2021)",M,CPICORE_FRED_2015B,FRED(OECD转载总务省),VALIDATED_MIRROR,,CPI2015BASE_REF,2026-09-05,LATEST_HISTORY_PROXY,PROXY,CURRENT_HISTORY_ONLY_NO_VINTAGE,false,true,true
1988-10-31,1988-10,89.73779,89.73779,"2015=100指数(对照,停2021)",M,CPICORE_FRED_2015B,FRED(OECD转载总务省),VALIDATED_MIRROR,,CPI2015BASE_REF,2026-09-05,LATEST_HISTORY_PROXY,PROXY,CURRENT_HISTORY_ONLY_NO_VINTAGE,false,true,true
1988-11-30,1988-11,89.93478,89.93478,"2015=100指数(对照,停2021)",M,CPICORE_FRED_2015B,FRED(OECD转载总务省),VALIDATED_MIRROR,,CPI2015BASE_REF,2026-09-05,LATEST_HISTORY_PROXY,PROXY,CURRENT_HISTORY_ONLY_NO_VINTAGE,false,true,true
1988-12-31,1988-12,89.85108000000001,89.85108000000001,"2015=100指数(对照,停2021)",M,CPICORE_FRED_2015B,FRED(OECD转载总务省),VALIDATED_MIRROR,,CPI2015BASE_REF,2026-09-05,LATEST_HISTORY_PROXY,PROXY,CURRENT_HISTORY_ONLY_NO_VINTAGE,false,true,true
1989-01-31,1989-01,89.6469,89.6469,"2015=100指数(对照,停2021)",M,CPICORE_FRED_2015B,FRED(OECD转载总务省),VALIDATED_MIRROR,,CPI2015BASE_REF,2026-09-05,LATEST_HISTORY_PROXY,PROXY,CURRENT_HISTORY_ONLY_NO_VINTAGE,false,true,true
1989-02-28,1989-02,89.41218,89.41218,"2015=100指数(对照,停2021)",M,CPICORE_FRED_2015B,FRED(OECD转载总务省),VALIDATED_MIRROR,,CPI2015BASE_REF,2026-09-05,LATEST_HISTORY_PROXY,PROXY,CURRENT_HISTORY_ONLY_NO_VINTAGE,false,true,true
1989-03-31,1989-03,89.7617,89.7617,"2015=100指数(对照,停2021)",M,CPICORE_FRED_2015B,FRED(OECD转载总务省),VALIDATED_MIRROR,,CPI2015BASE_REF,2026-09-05,LATEST_HISTORY_PROXY,PROXY,CURRENT_HISTORY_ONLY_NO_VINTAGE,false,true,true
1989-04-30,1989-04,91.34401,91.34401,"2015=100指数(对照,停2021)",M,CPICORE_FRED_2015B,FRED(OECD转载总务省),VALIDATED_MIRROR,,CPI2015BASE_REF,2026-09-05,LATEST_HISTORY_PROXY,PROXY,CURRENT_HISTORY_ONLY_NO_VINTAGE,false,true,true
1989-05-31,1989-05,91.88244,91.88244,"2015=100指数(对照,停2021)",M,CPICORE_FRED_2015B,FRED(OECD转载总务省),VALIDATED_MIRROR,,CPI2015BASE_REF,2026-09-05,LATEST_HISTORY_PROXY,PROXY,CURRENT_HISTORY_ONLY_NO_VINTAGE,false,true,true
1989-06-30,1989-06,91.97328,91.97328,"2015=100指数(对照,停2021)",M,CPICORE_FRED_2015B,FRED(OECD转载总务省),VALIDATED_MIRROR,,CPI2015BASE_REF,2026-09-05,LATEST_HISTORY_PROXY,PROXY,CURRENT_HISTORY_ONLY_NO_VINTAGE,false,true,true
1989-07-31,1989-07,91.74651999999999,91.74651999999999,"2015=100指数(对照,停2021)",M,CPICORE_FRED_2015B,FRED(OECD转载总务省),VALIDATED_MIRROR,,CPI2015BASE_REF,2026-09-05,LATEST_HISTORY_PROXY,PROXY,CURRENT_HISTORY_ONLY_NO_VINTAGE,false,true,true
1989-08-31,1989-08,91.60278000000001,91.60278000000001,"2015=100指数(对照,停2021)",M,CPICORE_FRED_2015B,FRED(OECD转载总务省),VALIDATED_MIRROR,,CPI2015BASE_REF,2026-09-05,LATEST_HISTORY_PROXY,PROXY,CURRENT_HISTORY_ONLY_NO_VINTAGE,false,true,true
1989-09-30,1989-09,92.25591,92.25591,"2015=100指数(对照,停2021)",M,CPICORE_FRED_2015B,FRED(OECD转载总务省),VALIDATED_MIRROR,,CPI2015BASE_REF,2026-09-05,LATEST_HISTORY_PROXY,PROXY,CURRENT_HISTORY_ONLY_NO_VINTAGE,false,true,true
1989-10-31,1989-10,92.49592,92.49592,"2015=100指数(对照,停2021)",M,CPICORE_FRED_2015B,FRED(OECD转载总务省),VALIDATED_MIRROR,,CPI2015BASE_REF,2026-09-05,LATEST_HISTORY_PROXY,PROXY,CURRENT_HISTORY_ONLY_NO_VINTAGE,false,true,true
1989-11-30,1989-11,92.4024,92.4024,"2015=100指数(对照,停2021)",M,CPICORE_FRED_2015B,FRED(OECD转载总务省),VALIDATED_MIRROR,,CPI2015BASE_REF,2026-09-05,LATEST_HISTORY_PROXY,PROXY,CURRENT_HISTORY_ONLY_NO_VINTAGE,false,true,true
1989-12-31,1989-12,92.53625,92.53625,"2015=100指数(对照,停2021)",M,CPICORE_FRED_2015B,FRED(OECD转载总务省),VALIDATED_MIRROR,,CPI2015BASE_REF,2026-09-05,LATEST_HISTORY_PROXY,PROXY,CURRENT_HISTORY_ONLY_NO_VINTAGE,false,true,true
1990-01-31,1990-01,92.47426999999999,92.47426999999999,"2015=100指数(对照,停2021)",M,CPICORE_FRED_2015B,FRED(OECD转载总务省),VALIDATED_MIRROR,,CPI2015BASE_REF,2026-09-05,LATEST_HISTORY_PROXY,PROXY,CURRENT_HISTORY_ONLY_NO_VINTAGE,false,true,true
1990-02-28,1990-02,92.29899999999999,92.29899999999999,"2015=100指数(对照,停2021)",M,CPICORE_FRED_2015B,FRED(OECD转载总务省),VALIDATED_MIRROR,,CPI2015BASE_REF,2026-09-05,LATEST_HISTORY_PROXY,PROXY,CURRENT_HISTORY_ONLY_NO_VINTAGE,false,true,true
1990-03-31,1990-03,92.59655,92.59655,"2015=100指数(对照,停2021)",M,CPICORE_FRED_2015B,FRED(OECD转载总务省),VALIDATED_MIRROR,,CPI2015BASE_REF,2026-09-05,LATEST_HISTORY_PROXY,PROXY,CURRENT_HISTORY_ONLY_NO_VINTAGE,false,true,true
1990-04-30,1990-04,93.62344,93.62344,"2015=100指数(对照,停2021)",M,CPICORE_FRED_2015B,FRED(OECD转载总务省),VALIDATED_MIRROR,,CPI2015BASE_REF,2026-09-05,LATEST_HISTORY_PROXY,PROXY,CURRENT_HISTORY_ONLY_NO_VINTAGE,false,true,true
1990-05-31,1990-05,93.94651999999999,93.94651999999999,"2015=100指数(对照,停2021)",M,CPICORE_FRED_2015B,FRED(OECD转载总务省),VALIDATED_MIRROR,,CPI2015BASE_REF,2026-09-05,LATEST_HISTORY_PROXY,PROXY,CURRENT_HISTORY_ONLY_NO_VINTAGE,false,true,true
1990-06-30,1990-06,94.02663000000001,94.02663000000001,"2015=100指数(对照,停2021)",M,CPICORE_FRED_2015B,FRED(OECD转载总务省),VALIDATED_MIRROR,,CPI2015BASE_REF,2026-09-05,LATEST_HISTORY_PROXY,PROXY,CURRENT_HISTORY_ONLY_NO_VINTAGE,false,true,true
1990-07-31,1990-07,93.8299,93.8299,"2015=100指数(对照,停2021)",M,CPICORE_FRED_2015B,FRED(OECD转载总务省),VALIDATED_MIRROR,,CPI2015BASE_REF,2026-09-05,LATEST_HISTORY_PROXY,PROXY,CURRENT_HISTORY_ONLY_NO_VINTAGE,false,true,true
1990-08-31,1990-08,93.72485,93.72485,"2015=100指数(对照,停2021)",M,CPICORE_FRED_2015B,FRED(OECD转载总务省),VALIDATED_MIRROR,,CPI2015BASE_REF,2026-09-05,LATEST_HISTORY_PROXY,PROXY,CURRENT_HISTORY_ONLY_NO_VINTAGE,false,true,true
1990-09-30,1990-09,94.30314,94.30314,"2015=100指数(对照,停2021)",M,CPICORE_FRED_2015B,FRED(OECD转载总务省),VALIDATED_MIRROR,,CPI2015BASE_REF,2026-09-05,LATEST_HISTORY_PROXY,PROXY,CURRENT_HISTORY_ONLY_NO_VINTAGE,false,true,true
1990-10-31,1990-10,94.66458,94.66458,"2015=100指数(对照,停2021)",M,CPICORE_FRED_2015B,FRED(OECD转载总务省),VALIDATED_MIRROR,,CPI2015BASE_REF,2026-09-05,LATEST_HISTORY_PROXY,PROXY,CURRENT_HISTORY_ONLY_NO_VINTAGE,false,true,true
1990-11-30,1990-11,94.91114,94.91114,"2015=100指数(对照,停2021)",M,CPICORE_FRED_2015B,FRED(OECD转载总务省),VALIDATED_MIRROR,,CPI2015BASE_REF,2026-09-05,LATEST_HISTORY_PROXY,PROXY,CURRENT_HISTORY_ONLY_NO_VINTAGE,false,true,true
1990-12-31,1990-12,95.0417,95.0417,"2015=100指数(对照,停2021)",M,CPICORE_FRED_2015B,FRED(OECD转载总务省),VALIDATED_MIRROR,,CPI2015BASE_REF,2026-09-05,LATEST_HISTORY_PROXY,PROXY,CURRENT_HISTORY_ONLY_NO_VINTAGE,false,true,true
1991-01-31,1991-01,94.91295,94.91295,"2015=100指数(对照,停2021)",M,CPICORE_FRED_2015B,FRED(OECD转载总务省),VALIDATED_MIRROR,,CPI2015BASE_REF,2026-09-05,LATEST_HISTORY_PROXY,PROXY,CURRENT_HISTORY_ONLY_NO_VINTAGE,false,true,true
1991-02-28,1991-02,94.74146,94.74146,"2015=100指数(对照,停2021)",M,CPICORE_FRED_2015B,FRED(OECD转载总务省),VALIDATED_MIRROR,,CPI2015BASE_REF,2026-09-05,LATEST_HISTORY_PROXY,PROXY,CURRENT_HISTORY_ONLY_NO_VINTAGE,false,true,true
1991-03-31,1991-03,95.29401,95.29401,"2015=100指数(对照,停2021)",M,CPICORE_FRED_2015B,FRED(OECD转载总务省),VALIDATED_MIRROR,,CPI2015BASE_REF,2026-09-05,LATEST_HISTORY_PROXY,PROXY,CURRENT_HISTORY_ONLY_NO_VINTAGE,false,true,true
1991-04-30,1991-04,95.96831999999999,95.96831999999999,"2015=100指数(对照,停2021)",M,CPICORE_FRED_2015B,FRED(OECD转载总务省),VALIDATED_MIRROR,,CPI2015BASE_REF,2026-09-05,LATEST_HISTORY_PROXY,PROXY,CURRENT_HISTORY_ONLY_NO_VINTAGE,false,true,true
1991-05-31,1991-05,96.56531,96.56531,"2015=100指数(对照,停2021)",M,CPICORE_FRED_2015B,FRED(OECD转载总务省),VALIDATED_MIRROR,,CPI2015BASE_REF,2026-09-05,LATEST_HISTORY_PROXY,PROXY,CURRENT_HISTORY_ONLY_NO_VINTAGE,false,true,true
1991-06-30,1991-06,96.46851,96.46851,"2015=100指数(对照,停2021)",M,CPICORE_FRED_2015B,FRED(OECD转载总务省),VALIDATED_MIRROR,,CPI2015BASE_REF,2026-09-05,LATEST_HISTORY_PROXY,PROXY,CURRENT_HISTORY_ONLY_NO_VINTAGE,false,true,true
1991-07-31,1991-07,96.34521,96.34521,"2015=100指数(对照,停2021)",M,CPICORE_FRED_2015B,FRED(OECD转载总务省),VALIDATED_MIRROR,,CPI2015BASE_REF,2026-09-05,LATEST_HISTORY_PROXY,PROXY,CURRENT_HISTORY_ONLY_NO_VINTAGE,false,true,true
1991-08-31,1991-08,96.2519,96.2519,"2015=100指数(对照,停2021)",M,CPICORE_FRED_2015B,FRED(OECD转载总务省),VALIDATED_MIRROR,,CPI2015BASE_REF,2026-09-05,LATEST_HISTORY_PROXY,PROXY,CURRENT_HISTORY_ONLY_NO_VINTAGE,false,true,true
1991-09-30,1991-09,96.85676,96.85676,"2015=100指数(对照,停2021)",M,CPICORE_FRED_2015B,FRED(OECD转载总务省),VALIDATED_MIRROR,,CPI2015BASE_REF,2026-09-05,LATEST_HISTORY_PROXY,PROXY,CURRENT_HISTORY_ONLY_NO_VINTAGE,false,true,true
1991-10-31,1991-10,97.36708,97.36708,"2015=100指数(对照,停2021)",M,CPICORE_FRED_2015B,FRED(OECD转载总务省),VALIDATED_MIRROR,,CPI2015BASE_REF,2026-09-05,LATEST_HISTORY_PROXY,PROXY,CURRENT_HISTORY_ONLY_NO_VINTAGE,false,true,true
1991-11-30,1991-11,97.41275,97.41275,"2015=100指数(对照,停2021)",M,CPICORE_FRED_2015B,FRED(OECD转载总务省),VALIDATED_MIRROR,,CPI2015BASE_REF,2026-09-05,LATEST_HISTORY_PROXY,PROXY,CURRENT_HISTORY_ONLY_NO_VINTAGE,false,true,true
1991-12-31,1991-12,97.50588,97.50588,"2015=100指数(对照,停2021)",M,CPICORE_FRED_2015B,FRED(OECD转载总务省),VALIDATED_MIRROR,,CPI2015BASE_REF,2026-09-05,LATEST_HISTORY_PROXY,PROXY,CURRENT_HISTORY_ONLY_NO_VINTAGE,false,true,true
1992-01-31,1992-01,97.08665,97.08665,"2015=100指数(对照,停2021)",M,CPICORE_FRED_2015B,FRED(OECD转载总务省),VALIDATED_MIRROR,,CPI2015BASE_REF,2026-09-05,LATEST_HISTORY_PROXY,PROXY,CURRENT_HISTORY_ONLY_NO_VINTAGE,false,true,true
1992-02-29,1992-02,97.1239,97.1239,"2015=100指数(对照,停2021)",M,CPICORE_FRED_2015B,FRED(OECD转载总务省),VALIDATED_MIRROR,,CPI2015BASE_REF,2026-09-05,LATEST_HISTORY_PROXY,PROXY,CURRENT_HISTORY_ONLY_NO_VINTAGE,false,true,true
1992-03-31,1992-03,97.73658,97.73658,"2015=100指数(对照,停2021)",M,CPICORE_FRED_2015B,FRED(OECD转载总务省),VALIDATED_MIRROR,,CPI2015BASE_REF,2026-09-05,LATEST_HISTORY_PROXY,PROXY,CURRENT_HISTORY_ONLY_NO_VINTAGE,false,true,true
1992-04-30,1992-04,98.78447,98.78447,"2015=100指数(对照,停2021)",M,CPICORE_FRED_2015B,FRED(OECD转载总务省),VALIDATED_MIRROR,,CPI2015BASE_REF,2026-09-05,LATEST_HISTORY_PROXY,PROXY,CURRENT_HISTORY_ONLY_NO_VINTAGE,false,true,true
1992-05-31,1992-05,99.03008,99.03008,"2015=100指数(对照,停2021)",M,CPICORE_FRED_2015B,FRED(OECD转载总务省),VALIDATED_MIRROR,,CPI2015BASE_REF,2026-09-05,LATEST_HISTORY_PROXY,PROXY,CURRENT_HISTORY_ONLY_NO_VINTAGE,false,true,true
1992-06-30,1992-06,99.25629,99.25629,"2015=100指数(对照,停2021)",M,CPICORE_FRED_2015B,FRED(OECD转载总务省),VALIDATED_MIRROR,,CPI2015BASE_REF,2026-09-05,LATEST_HISTORY_PROXY,PROXY,CURRENT_HISTORY_ONLY_NO_VINTAGE,false,true,true
1992-07-31,1992-07,98.65665,98.65665,"2015=100指数(对照,停2021)",M,CPICORE_FRED_2015B,FRED(OECD转载总务省),VALIDATED_MIRROR,,CPI2015BASE_REF,2026-09-05,LATEST_HISTORY_PROXY,PROXY,CURRENT_HISTORY_ONLY_NO_VINTAGE,false,true,true
1992-08-31,1992-08,98.70453,98.70453,"2015=100指数(对照,停2021)",M,CPICORE_FRED_2015B,FRED(OECD转载总务省),VALIDATED_MIRROR,,CPI2015BASE_REF,2026-09-05,LATEST_HISTORY_PROXY,PROXY,CURRENT_HISTORY_ONLY_NO_VINTAGE,false,true,true
1992-09-30,1992-09,99.22391999999999,99.22391999999999,"2015=100指数(对照,停2021)",M,CPICORE_FRED_2015B,FRED(OECD转载总务省),VALIDATED_MIRROR,,CPI2015BASE_REF,2026-09-05,LATEST_HISTORY_PROXY,PROXY,CURRENT_HISTORY_ONLY_NO_VINTAGE,false,true,true
1992-10-31,1992-10,99.28962,99.28962,"2015=100指数(对照,停2021)",M,CPICORE_FRED_2015B,FRED(OECD转载总务省),VALIDATED_MIRROR,,CPI2015BASE_REF,2026-09-05,LATEST_HISTORY_PROXY,PROXY,CURRENT_HISTORY_ONLY_NO_VINTAGE,false,true,true
1992-11-30,1992-11,99.58003000000001,99.58003000000001,"2015=100指数(对照,停2021)",M,CPICORE_FRED_2015B,FRED(OECD转载总务省),VALIDATED_MIRROR,,CPI2015BASE_REF,2026-09-05,LATEST_HISTORY_PROXY,PROXY,CURRENT_HISTORY_ONLY_NO_VINTAGE,false,true,true
1992-12-31,1992-12,99.67403,99.67403,"2015=100指数(对照,停2021)",M,CPICORE_FRED_2015B,FRED(OECD转载总务省),VALIDATED_MIRROR,,CPI2015BASE_REF,2026-09-05,LATEST_HISTORY_PROXY,PROXY,CURRENT_HISTORY_ONLY_NO_VINTAGE,false,true,true
1993-01-31,1993-01,98.94176,98.94176,"2015=100指数(对照,停2021)",M,CPICORE_FRED_2015B,FRED(OECD转载总务省),VALIDATED_MIRROR,,CPI2015BASE_REF,2026-09-05,LATEST_HISTORY_PROXY,PROXY,CURRENT_HISTORY_ONLY_NO_VINTAGE,false,true,true
1993-02-28,1993-02,98.91508,98.91508,"2015=100指数(对照,停2021)",M,CPICORE_FRED_2015B,FRED(OECD转载总务省),VALIDATED_MIRROR,,CPI2015BASE_REF,2026-09-05,LATEST_HISTORY_PROXY,PROXY,CURRENT_HISTORY_ONLY_NO_VINTAGE,false,true,true
1993-03-31,1993-03,99.16816999999999,99.16816999999999,"2015=100指数(对照,停2021)",M,CPICORE_FRED_2015B,FRED(OECD转载总务省),VALIDATED_MIRROR,,CPI2015BASE_REF,2026-09-05,LATEST_HISTORY_PROXY,PROXY,CURRENT_HISTORY_ONLY_NO_VINTAGE,false,true,true
1993-04-30,1993-04,100.2176,100.2176,"2015=100指数(对照,停2021)",M,CPICORE_FRED_2015B,FRED(OECD转载总务省),VALIDATED_MIRROR,,CPI2015BASE_REF,2026-09-05,LATEST_HISTORY_PROXY,PROXY,CURRENT_HISTORY_ONLY_NO_VINTAGE,false,true,true
1993-05-31,1993-05,100.2832,100.2832,"2015=100指数(对照,停2021)",M,CPICORE_FRED_2015B,FRED(OECD转载总务省),VALIDATED_MIRROR,,CPI2015BASE_REF,2026-09-05,LATEST_HISTORY_PROXY,PROXY,CURRENT_HISTORY_ONLY_NO_VINTAGE,false,true,true
1993-06-30,1993-06,100.4642,100.4642,"2015=100指数(对照,停2021)",M,CPICORE_FRED_2015B,FRED(OECD转载总务省),VALIDATED_MIRROR,,CPI2015BASE_REF,2026-09-05,LATEST_HISTORY_PROXY,PROXY,CURRENT_HISTORY_ONLY_NO_VINTAGE,false,true,true
1993-07-31,1993-07,100.23,100.23,"2015=100指数(对照,停2021)",M,CPICORE_FRED_2015B,FRED(OECD转载总务省),VALIDATED_MIRROR,,CPI2015BASE_REF,2026-09-05,LATEST_HISTORY_PROXY,PROXY,CURRENT_HISTORY_ONLY_NO_VINTAGE,false,true,true
1993-08-31,1993-08,100.1749,100.1749,"2015=100指数(对照,停2021)",M,CPICORE_FRED_2015B,FRED(OECD转载总务省),VALIDATED_MIRROR,,CPI2015BASE_REF,2026-09-05,LATEST_HISTORY_PROXY,PROXY,CURRENT_HISTORY_ONLY_NO_VINTAGE,false,true,true
1993-09-30,1993-09,100.5656,100.5656,"2015=100指数(对照,停2021)",M,CPICORE_FRED_2015B,FRED(OECD转载总务省),VALIDATED_MIRROR,,CPI2015BASE_REF,2026-09-05,LATEST_HISTORY_PROXY,PROXY,CURRENT_HISTORY_ONLY_NO_VINTAGE,false,true,true
1993-10-31,1993-10,100.8016,100.8016,"2015=100指数(对照,停2021)",M,CPICORE_FRED_2015B,FRED(OECD转载总务省),VALIDATED_MIRROR,,CPI2015BASE_REF,2026-09-05,LATEST_HISTORY_PROXY,PROXY,CURRENT_HISTORY_ONLY_NO_VINTAGE,false,true,true
1993-11-30,1993-11,100.7515,100.7515,"2015=100指数(对照,停2021)",M,CPICORE_FRED_2015B,FRED(OECD转载总务省),VALIDATED_MIRROR,,CPI2015BASE_REF,2026-09-05,LATEST_HISTORY_PROXY,PROXY,CURRENT_HISTORY_ONLY_NO_VINTAGE,false,true,true
1993-12-31,1993-12,100.5435,100.5435,"2015=100指数(对照,停2021)",M,CPICORE_FRED_2015B,FRED(OECD转载总务省),VALIDATED_MIRROR,,CPI2015BASE_REF,2026-09-05,LATEST_HISTORY_PROXY,PROXY,CURRENT_HISTORY_ONLY_NO_VINTAGE,false,true,true
1994-01-31,1994-01,100.0024,100.0024,"2015=100指数(对照,停2021)",M,CPICORE_FRED_2015B,FRED(OECD转载总务省),VALIDATED_MIRROR,,CPI2015BASE_REF,2026-09-05,LATEST_HISTORY_PROXY,PROXY,CURRENT_HISTORY_ONLY_NO_VINTAGE,false,true,true
1994-02-28,1994-02,99.84473,99.84473,"2015=100指数(对照,停2021)",M,CPICORE_FRED_2015B,FRED(OECD转载总务省),VALIDATED_MIRROR,,CPI2015BASE_REF,2026-09-05,LATEST_HISTORY_PROXY,PROXY,CURRENT_HISTORY_ONLY_NO_VINTAGE,false,true,true
1994-03-31,1994-03,100.3064,100.3064,"2015=100指数(对照,停2021)",M,CPICORE_FRED_2015B,FRED(OECD转载总务省),VALIDATED_MIRROR,,CPI2015BASE_REF,2026-09-05,LATEST_HISTORY_PROXY,PROXY,CURRENT_HISTORY_ONLY_NO_VINTAGE,false,true,true
1994-04-30,1994-04,101.1191,101.1191,"2015=100指数(对照,停2021)",M,CPICORE_FRED_2015B,FRED(OECD转载总务省),VALIDATED_MIRROR,,CPI2015BASE_REF,2026-09-05,LATEST_HISTORY_PROXY,PROXY,CURRENT_HISTORY_ONLY_NO_VINTAGE,false,true,true
1994-05-31,1994-05,101.4688,101.4688,"2015=100指数(对照,停2021)",M,CPICORE_FRED_2015B,FRED(OECD转载总务省),VALIDATED_MIRROR,,CPI2015BASE_REF,2026-09-05,LATEST_HISTORY_PROXY,PROXY,CURRENT_HISTORY_ONLY_NO_VINTAGE,false,true,true
1994-06-30,1994-06,101.3729,101.3729,"2015=100指数(对照,停2021)",M,CPICORE_FRED_2015B,FRED(OECD转载总务省),VALIDATED_MIRROR,,CPI2015BASE_REF,2026-09-05,LATEST_HISTORY_PROXY,PROXY,CURRENT_HISTORY_ONLY_NO_VINTAGE,false,true,true
1994-07-31,1994-07,100.8789,100.8789,"2015=100指数(对照,停2021)",M,CPICORE_FRED_2015B,FRED(OECD转载总务省),VALIDATED_MIRROR,,CPI2015BASE_REF,2026-09-05,LATEST_HISTORY_PROXY,PROXY,CURRENT_HISTORY_ONLY_NO_VINTAGE,false,true,true
1994-08-31,1994-08,100.9042,100.9042,"2015=100指数(对照,停2021)",M,CPICORE_FRED_2015B,FRED(OECD转载总务省),VALIDATED_MIRROR,,CPI2015BASE_REF,2026-09-05,LATEST_HISTORY_PROXY,PROXY,CURRENT_HISTORY_ONLY_NO_VINTAGE,false,true,true
1994-09-30,1994-09,101.3605,101.3605,"2015=100指数(对照,停2021)",M,CPICORE_FRED_2015B,FRED(OECD转载总务省),VALIDATED_MIRROR,,CPI2015BASE_REF,2026-09-05,LATEST_HISTORY_PROXY,PROXY,CURRENT_HISTORY_ONLY_NO_VINTAGE,false,true,true
1994-10-31,1994-10,101.5732,101.5732,"2015=100指数(对照,停2021)",M,CPICORE_FRED_2015B,FRED(OECD转载总务省),VALIDATED_MIRROR,,CPI2015BASE_REF,2026-09-05,LATEST_HISTORY_PROXY,PROXY,CURRENT_HISTORY_ONLY_NO_VINTAGE,false,true,true
1994-11-30,1994-11,101.5665,101.5665,"2015=100指数(对照,停2021)",M,CPICORE_FRED_2015B,FRED(OECD转载总务省),VALIDATED_MIRROR,,CPI2015BASE_REF,2026-09-05,LATEST_HISTORY_PROXY,PROXY,CURRENT_HISTORY_ONLY_NO_VINTAGE,false,true,true
1994-12-31,1994-12,101.5796,101.5796,"2015=100指数(对照,停2021)",M,CPICORE_FRED_2015B,FRED(OECD转载总务省),VALIDATED_MIRROR,,CPI2015BASE_REF,2026-09-05,LATEST_HISTORY_PROXY,PROXY,CURRENT_HISTORY_ONLY_NO_VINTAGE,false,true,true
1995-01-31,1995-01,101.0986,101.0986,"2015=100指数(对照,停2021)",M,CPICORE_FRED_2015B,FRED(OECD转载总务省),VALIDATED_MIRROR,,CPI2015BASE_REF,2026-09-05,LATEST_HISTORY_PROXY,PROXY,CURRENT_HISTORY_ONLY_NO_VINTAGE,false,true,true
1995-02-28,1995-02,100.87799999999999,100.87799999999999,"2015=100指数(对照,停2021)",M,CPICORE_FRED_2015B,FRED(OECD转载总务省),VALIDATED_MIRROR,,CPI2015BASE_REF,2026-09-05,LATEST_HISTORY_PROXY,PROXY,CURRENT_HISTORY_ONLY_NO_VINTAGE,false,true,true
1995-03-31,1995-03,101.1048,101.1048,"2015=100指数(对照,停2021)",M,CPICORE_FRED_2015B,FRED(OECD转载总务省),VALIDATED_MIRROR,,CPI2015BASE_REF,2026-09-05,LATEST_HISTORY_PROXY,PROXY,CURRENT_HISTORY_ONLY_NO_VINTAGE,false,true,true
1995-04-30,1995-04,101.5908,101.5908,"2015=100指数(对照,停2021)",M,CPICORE_FRED_2015B,FRED(OECD转载总务省),VALIDATED_MIRROR,,CPI2015BASE_REF,2026-09-05,LATEST_HISTORY_PROXY,PROXY,CURRENT_HISTORY_ONLY_NO_VINTAGE,false,true,true
1995-05-31,1995-05,101.72399999999999,101.72399999999999,"2015=100指数(对照,停2021)",M,CPICORE_FRED_2015B,FRED(OECD转载总务省),VALIDATED_MIRROR,,CPI2015BASE_REF,2026-09-05,LATEST_HISTORY_PROXY,PROXY,CURRENT_HISTORY_ONLY_NO_VINTAGE,false,true,true
1995-06-30,1995-06,101.6805,101.6805,"2015=100指数(对照,停2021)",M,CPICORE_FRED_2015B,FRED(OECD转载总务省),VALIDATED_MIRROR,,CPI2015BASE_REF,2026-09-05,LATEST_HISTORY_PROXY,PROXY,CURRENT_HISTORY_ONLY_NO_VINTAGE,false,true,true
1995-07-31,1995-07,101.3489,101.3489,"2015=100指数(对照,停2021)",M,CPICORE_FRED_2015B,FRED(OECD转载总务省),VALIDATED_MIRROR,,CPI2015BASE_REF,2026-09-05,LATEST_HISTORY_PROXY,PROXY,CURRENT_HISTORY_ONLY_NO_VINTAGE,false,true,true
1995-08-31,1995-08,101.2338,101.2338,"2015=100指数(对照,停2021)",M,CPICORE_FRED_2015B,FRED(OECD转载总务省),VALIDATED_MIRROR,,CPI2015BASE_REF,2026-09-05,LATEST_HISTORY_PROXY,PROXY,CURRENT_HISTORY_ONLY_NO_VINTAGE,false,true,true
1995-09-30,1995-09,101.9734,101.9734,"2015=100指数(对照,停2021)",M,CPICORE_FRED_2015B,FRED(OECD转载总务省),VALIDATED_MIRROR,,CPI2015BASE_REF,2026-09-05,LATEST_HISTORY_PROXY,PROXY,CURRENT_HISTORY_ONLY_NO_VINTAGE,false,true,true
1995-10-31,1995-10,101.9007,101.9007,"2015=100指数(对照,停2021)",M,CPICORE_FRED_2015B,FRED(OECD转载总务省),VALIDATED_MIRROR,,CPI2015BASE_REF,2026-09-05,LATEST_HISTORY_PROXY,PROXY,CURRENT_HISTORY_ONLY_NO_VINTAGE,false,true,true
1995-11-30,1995-11,101.9714,101.9714,"2015=100指数(对照,停2021)",M,CPICORE_FRED_2015B,FRED(OECD转载总务省),VALIDATED_MIRROR,,CPI2015BASE_REF,2026-09-05,LATEST_HISTORY_PROXY,PROXY,CURRENT_HISTORY_ONLY_NO_VINTAGE,false,true,true
1995-12-31,1995-12,101.9005,101.9005,"2015=100指数(对照,停2021)",M,CPICORE_FRED_2015B,FRED(OECD转载总务省),VALIDATED_MIRROR,,CPI2015BASE_REF,2026-09-05,LATEST_HISTORY_PROXY,PROXY,CURRENT_HISTORY_ONLY_NO_VINTAGE,false,true,true
1996-01-31,1996-01,101.42299999999999,101.42299999999999,"2015=100指数(对照,停2021)",M,CPICORE_FRED_2015B,FRED(OECD转载总务省),VALIDATED_MIRROR,,CPI2015BASE_REF,2026-09-05,LATEST_HISTORY_PROXY,PROXY,CURRENT_HISTORY_ONLY_NO_VINTAGE,false,true,true
1996-02-29,1996-02,101.1208,101.1208,"2015=100指数(对照,停2021)",M,CPICORE_FRED_2015B,FRED(OECD转载总务省),VALIDATED_MIRROR,,CPI2015BASE_REF,2026-09-05,LATEST_HISTORY_PROXY,PROXY,CURRENT_HISTORY_ONLY_NO_VINTAGE,false,true,true
1996-03-31,1996-03,101.5148,101.5148,"2015=100指数(对照,停2021)",M,CPICORE_FRED_2015B,FRED(OECD转载总务省),VALIDATED_MIRROR,,CPI2015BASE_REF,2026-09-05,LATEST_HISTORY_PROXY,PROXY,CURRENT_HISTORY_ONLY_NO_VINTAGE,false,true,true
1996-04-30,1996-04,102.0632,102.0632,"2015=100指数(对照,停2021)",M,CPICORE_FRED_2015B,FRED(OECD转载总务省),VALIDATED_MIRROR,,CPI2015BASE_REF,2026-09-05,LATEST_HISTORY_PROXY,PROXY,CURRENT_HISTORY_ONLY_NO_VINTAGE,false,true,true
1996-05-31,1996-05,102.27799999999999,102.27799999999999,"2015=100指数(对照,停2021)",M,CPICORE_FRED_2015B,FRED(OECD转载总务省),VALIDATED_MIRROR,,CPI2015BASE_REF,2026-09-05,LATEST_HISTORY_PROXY,PROXY,CURRENT_HISTORY_ONLY_NO_VINTAGE,false,true,true
1996-06-30,1996-06,102.2482,102.2482,"2015=100指数(对照,停2021)",M,CPICORE_FRED_2015B,FRED(OECD转载总务省),VALIDATED_MIRROR,,CPI2015BASE_REF,2026-09-05,LATEST_HISTORY_PROXY,PROXY,CURRENT_HISTORY_ONLY_NO_VINTAGE,false,true,true
1996-07-31,1996-07,101.86200000000001,101.86200000000001,"2015=100指数(对照,停2021)",M,CPICORE_FRED_2015B,FRED(OECD转载总务省),VALIDATED_MIRROR,,CPI2015BASE_REF,2026-09-05,LATEST_HISTORY_PROXY,PROXY,CURRENT_HISTORY_ONLY_NO_VINTAGE,false,true,true
1996-08-31,1996-08,101.646,101.646,"2015=100指数(对照,停2021)",M,CPICORE_FRED_2015B,FRED(OECD转载总务省),VALIDATED_MIRROR,,CPI2015BASE_REF,2026-09-05,LATEST_HISTORY_PROXY,PROXY,CURRENT_HISTORY_ONLY_NO_VINTAGE,false,true,true
1996-09-30,1996-09,102.2493,102.2493,"2015=100指数(对照,停2021)",M,CPICORE_FRED_2015B,FRED(OECD转载总务省),VALIDATED_MIRROR,,CPI2015BASE_REF,2026-09-05,LATEST_HISTORY_PROXY,PROXY,CURRENT_HISTORY_ONLY_NO_VINTAGE,false,true,true
1996-10-31,1996-10,102.4582,102.4582,"2015=100指数(对照,停2021)",M,CPICORE_FRED_2015B,FRED(OECD转载总务省),VALIDATED_MIRROR,,CPI2015BASE_REF,2026-09-05,LATEST_HISTORY_PROXY,PROXY,CURRENT_HISTORY_ONLY_NO_VINTAGE,false,true,true
1996-11-30,1996-11,102.4302,102.4302,"2015=100指数(对照,停2021)",M,CPICORE_FRED_2015B,FRED(OECD转载总务省),VALIDATED_MIRROR,,CPI2015BASE_REF,2026-09-05,LATEST_HISTORY_PROXY,PROXY,CURRENT_HISTORY_ONLY_NO_VINTAGE,false,true,true
1996-12-31,1996-12,102.2141,102.2141,"2015=100指数(对照,停2021)",M,CPICORE_FRED_2015B,FRED(OECD转载总务省),VALIDATED_MIRROR,,CPI2015BASE_REF,2026-09-05,LATEST_HISTORY_PROXY,PROXY,CURRENT_HISTORY_ONLY_NO_VINTAGE,false,true,true
1997-01-31,1997-01,101.8544,101.8544,"2015=100指数(对照,停2021)",M,CPICORE_FRED_2015B,FRED(OECD转载总务省),VALIDATED_MIRROR,,CPI2015BASE_REF,2026-09-05,LATEST_HISTORY_PROXY,PROXY,CURRENT_HISTORY_ONLY_NO_VINTAGE,false,true,true
1997-02-28,1997-02,101.5762,101.5762,"2015=100指数(对照,停2021)",M,CPICORE_FRED_2015B,FRED(OECD转载总务省),VALIDATED_MIRROR,,CPI2015BASE_REF,2026-09-05,LATEST_HISTORY_PROXY,PROXY,CURRENT_HISTORY_ONLY_NO_VINTAGE,false,true,true
1997-03-31,1997-03,101.9486,101.9486,"2015=100指数(对照,停2021)",M,CPICORE_FRED_2015B,FRED(OECD转载总务省),VALIDATED_MIRROR,,CPI2015BASE_REF,2026-09-05,LATEST_HISTORY_PROXY,PROXY,CURRENT_HISTORY_ONLY_NO_VINTAGE,false,true,true
1997-04-30,1997-04,103.7175,103.7175,"2015=100指数(对照,停2021)",M,CPICORE_FRED_2015B,FRED(OECD转载总务省),VALIDATED_MIRROR,,CPI2015BASE_REF,2026-09-05,LATEST_HISTORY_PROXY,PROXY,CURRENT_HISTORY_ONLY_NO_VINTAGE,false,true,true
1997-05-31,1997-05,103.9841,103.9841,"2015=100指数(对照,停2021)",M,CPICORE_FRED_2015B,FRED(OECD转载总务省),VALIDATED_MIRROR,,CPI2015BASE_REF,2026-09-05,LATEST_HISTORY_PROXY,PROXY,CURRENT_HISTORY_ONLY_NO_VINTAGE,false,true,true
1997-06-30,1997-06,103.9737,103.9737,"2015=100指数(对照,停2021)",M,CPICORE_FRED_2015B,FRED(OECD转载总务省),VALIDATED_MIRROR,,CPI2015BASE_REF,2026-09-05,LATEST_HISTORY_PROXY,PROXY,CURRENT_HISTORY_ONLY_NO_VINTAGE,false,true,true
1997-07-31,1997-07,103.6655,103.6655,"2015=100指数(对照,停2021)",M,CPICORE_FRED_2015B,FRED(OECD转载总务省),VALIDATED_MIRROR,,CPI2015BASE_REF,2026-09-05,LATEST_HISTORY_PROXY,PROXY,CURRENT_HISTORY_ONLY_NO_VINTAGE,false,true,true
1997-08-31,1997-08,103.4579,103.4579,"2015=100指数(对照,停2021)",M,CPICORE_FRED_2015B,FRED(OECD转载总务省),VALIDATED_MIRROR,,CPI2015BASE_REF,2026-09-05,LATEST_HISTORY_PROXY,PROXY,CURRENT_HISTORY_ONLY_NO_VINTAGE,false,true,true
1997-09-30,1997-09,104.5886,104.5886,"2015=100指数(对照,停2021)",M,CPICORE_FRED_2015B,FRED(OECD转载总务省),VALIDATED_MIRROR,,CPI2015BASE_REF,2026-09-05,LATEST_HISTORY_PROXY,PROXY,CURRENT_HISTORY_ONLY_NO_VINTAGE,false,true,true
1997-10-31,1997-10,104.917,104.917,"2015=100指数(对照,停2021)",M,CPICORE_FRED_2015B,FRED(OECD转载总务省),VALIDATED_MIRROR,,CPI2015BASE_REF,2026-09-05,LATEST_HISTORY_PROXY,PROXY,CURRENT_HISTORY_ONLY_NO_VINTAGE,false,true,true
1997-11-30,1997-11,104.7996,104.7996,"2015=100指数(对照,停2021)",M,CPICORE_FRED_2015B,FRED(OECD转载总务省),VALIDATED_MIRROR,,CPI2015BASE_REF,2026-09-05,LATEST_HISTORY_PROXY,PROXY,CURRENT_HISTORY_ONLY_NO_VINTAGE,false,true,true
1997-12-31,1997-12,104.7084,104.7084,"2015=100指数(对照,停2021)",M,CPICORE_FRED_2015B,FRED(OECD转载总务省),VALIDATED_MIRROR,,CPI2015BASE_REF,2026-09-05,LATEST_HISTORY_PROXY,PROXY,CURRENT_HISTORY_ONLY_NO_VINTAGE,false,true,true
1998-01-31,1998-01,103.9162,103.9162,"2015=100指数(对照,停2021)",M,CPICORE_FRED_2015B,FRED(OECD转载总务省),VALIDATED_MIRROR,,CPI2015BASE_REF,2026-09-05,LATEST_HISTORY_PROXY,PROXY,CURRENT_HISTORY_ONLY_NO_VINTAGE,false,true,true
1998-02-28,1998-02,103.7388,103.7388,"2015=100指数(对照,停2021)",M,CPICORE_FRED_2015B,FRED(OECD转载总务省),VALIDATED_MIRROR,,CPI2015BASE_REF,2026-09-05,LATEST_HISTORY_PROXY,PROXY,CURRENT_HISTORY_ONLY_NO_VINTAGE,false,true,true
1998-03-31,1998-03,104.1465,104.1465,"2015=100指数(对照,停2021)",M,CPICORE_FRED_2015B,FRED(OECD转载总务省),VALIDATED_MIRROR,,CPI2015BASE_REF,2026-09-05,LATEST_HISTORY_PROXY,PROXY,CURRENT_HISTORY_ONLY_NO_VINTAGE,false,true,true
1998-04-30,1998-04,104.5968,104.5968,"2015=100指数(对照,停2021)",M,CPICORE_FRED_2015B,FRED(OECD转载总务省),VALIDATED_MIRROR,,CPI2015BASE_REF,2026-09-05,LATEST_HISTORY_PROXY,PROXY,CURRENT_HISTORY_ONLY_NO_VINTAGE,false,true,true
1998-05-31,1998-05,104.6219,104.6219,"2015=100指数(对照,停2021)",M,CPICORE_FRED_2015B,FRED(OECD转载总务省),VALIDATED_MIRROR,,CPI2015BASE_REF,2026-09-05,LATEST_HISTORY_PROXY,PROXY,CURRENT_HISTORY_ONLY_NO_VINTAGE,false,true,true
1998-06-30,1998-06,104.5396,104.5396,"2015=100指数(对照,停2021)",M,CPICORE_FRED_2015B,FRED(OECD转载总务省),VALIDATED_MIRROR,,CPI2015BASE_REF,2026-09-05,LATEST_HISTORY_PROXY,PROXY,CURRENT_HISTORY_ONLY_NO_VINTAGE,false,true,true
1998-07-31,1998-07,104.1372,104.1372,"2015=100指数(对照,停2021)",M,CPICORE_FRED_2015B,FRED(OECD转载总务省),VALIDATED_MIRROR,,CPI2015BASE_REF,2026-09-05,LATEST_HISTORY_PROXY,PROXY,CURRENT_HISTORY_ONLY_NO_VINTAGE,false,true,true
1998-08-31,1998-08,104.0421,104.0421,"2015=100指数(对照,停2021)",M,CPICORE_FRED_2015B,FRED(OECD转载总务省),VALIDATED_MIRROR,,CPI2015BASE_REF,2026-09-05,LATEST_HISTORY_PROXY,PROXY,CURRENT_HISTORY_ONLY_NO_VINTAGE,false,true,true
1998-09-30,1998-09,104.5919,104.5919,"2015=100指数(对照,停2021)",M,CPICORE_FRED_2015B,FRED(OECD转载总务省),VALIDATED_MIRROR,,CPI2015BASE_REF,2026-09-05,LATEST_HISTORY_PROXY,PROXY,CURRENT_HISTORY_ONLY_NO_VINTAGE,false,true,true
1998-10-31,1998-10,104.6533,104.6533,"2015=100指数(对照,停2021)",M,CPICORE_FRED_2015B,FRED(OECD转载总务省),VALIDATED_MIRROR,,CPI2015BASE_REF,2026-09-05,LATEST_HISTORY_PROXY,PROXY,CURRENT_HISTORY_ONLY_NO_VINTAGE,false,true,true
1998-11-30,1998-11,104.6454,104.6454,"2015=100指数(对照,停2021)",M,CPICORE_FRED_2015B,FRED(OECD转载总务省),VALIDATED_MIRROR,,CPI2015BASE_REF,2026-09-05,LATEST_HISTORY_PROXY,PROXY,CURRENT_HISTORY_ONLY_NO_VINTAGE,false,true,true
1998-12-31,1998-12,104.585,104.585,"2015=100指数(对照,停2021)",M,CPICORE_FRED_2015B,FRED(OECD转载总务省),VALIDATED_MIRROR,,CPI2015BASE_REF,2026-09-05,LATEST_HISTORY_PROXY,PROXY,CURRENT_HISTORY_ONLY_NO_VINTAGE,false,true,true
1999-01-31,1999-01,103.9243,103.9243,"2015=100指数(对照,停2021)",M,CPICORE_FRED_2015B,FRED(OECD转载总务省),VALIDATED_MIRROR,,CPI2015BASE_REF,2026-09-05,LATEST_HISTORY_PROXY,PROXY,CURRENT_HISTORY_ONLY_NO_VINTAGE,false,true,true
1999-02-28,1999-02,103.5888,103.5888,"2015=100指数(对照,停2021)",M,CPICORE_FRED_2015B,FRED(OECD转载总务省),VALIDATED_MIRROR,,CPI2015BASE_REF,2026-09-05,LATEST_HISTORY_PROXY,PROXY,CURRENT_HISTORY_ONLY_NO_VINTAGE,false,true,true
1999-03-31,1999-03,103.9664,103.9664,"2015=100指数(对照,停2021)",M,CPICORE_FRED_2015B,FRED(OECD转载总务省),VALIDATED_MIRROR,,CPI2015BASE_REF,2026-09-05,LATEST_HISTORY_PROXY,PROXY,CURRENT_HISTORY_ONLY_NO_VINTAGE,false,true,true
1999-04-30,1999-04,104.5614,104.5614,"2015=100指数(对照,停2021)",M,CPICORE_FRED_2015B,FRED(OECD转载总务省),VALIDATED_MIRROR,,CPI2015BASE_REF,2026-09-05,LATEST_HISTORY_PROXY,PROXY,CURRENT_HISTORY_ONLY_NO_VINTAGE,false,true,true
1999-05-31,1999-05,104.5614,104.5614,"2015=100指数(对照,停2021)",M,CPICORE_FRED_2015B,FRED(OECD转载总务省),VALIDATED_MIRROR,,CPI2015BASE_REF,2026-09-05,LATEST_HISTORY_PROXY,PROXY,CURRENT_HISTORY_ONLY_NO_VINTAGE,false,true,true
1999-06-30,1999-06,104.5139,104.5139,"2015=100指数(对照,停2021)",M,CPICORE_FRED_2015B,FRED(OECD转载总务省),VALIDATED_MIRROR,,CPI2015BASE_REF,2026-09-05,LATEST_HISTORY_PROXY,PROXY,CURRENT_HISTORY_ONLY_NO_VINTAGE,false,true,true
1999-07-31,1999-07,104.1006,104.1006,"2015=100指数(对照,停2021)",M,CPICORE_FRED_2015B,FRED(OECD转载总务省),VALIDATED_MIRROR,,CPI2015BASE_REF,2026-09-05,LATEST_HISTORY_PROXY,PROXY,CURRENT_HISTORY_ONLY_NO_VINTAGE,false,true,true
1999-08-31,1999-08,103.9769,103.9769,"2015=100指数(对照,停2021)",M,CPICORE_FRED_2015B,FRED(OECD转载总务省),VALIDATED_MIRROR,,CPI2015BASE_REF,2026-09-05,LATEST_HISTORY_PROXY,PROXY,CURRENT_HISTORY_ONLY_NO_VINTAGE,false,true,true
1999-09-30,1999-09,104.3759,104.3759,"2015=100指数(对照,停2021)",M,CPICORE_FRED_2015B,FRED(OECD转载总务省),VALIDATED_MIRROR,,CPI2015BASE_REF,2026-09-05,LATEST_HISTORY_PROXY,PROXY,CURRENT_HISTORY_ONLY_NO_VINTAGE,false,true,true
1999-10-31,1999-10,104.5499,104.5499,"2015=100指数(对照,停2021)",M,CPICORE_FRED_2015B,FRED(OECD转载总务省),VALIDATED_MIRROR,,CPI2015BASE_REF,2026-09-05,LATEST_HISTORY_PROXY,PROXY,CURRENT_HISTORY_ONLY_NO_VINTAGE,false,true,true
1999-11-30,1999-11,104.3974,104.3974,"2015=100指数(对照,停2021)",M,CPICORE_FRED_2015B,FRED(OECD转载总务省),VALIDATED_MIRROR,,CPI2015BASE_REF,2026-09-05,LATEST_HISTORY_PROXY,PROXY,CURRENT_HISTORY_ONLY_NO_VINTAGE,false,true,true
1999-12-31,1999-12,104.3351,104.3351,"2015=100指数(对照,停2021)",M,CPICORE_FRED_2015B,FRED(OECD转载总务省),VALIDATED_MIRROR,,CPI2015BASE_REF,2026-09-05,LATEST_HISTORY_PROXY,PROXY,CURRENT_HISTORY_ONLY_NO_VINTAGE,false,true,true
2000-01-31,2000-01,103.721,103.721,"2015=100指数(对照,停2021)",M,CPICORE_FRED_2015B,FRED(OECD转载总务省),VALIDATED_MIRROR,,CPI2015BASE_REF,2026-09-05,LATEST_HISTORY_PROXY,PROXY,CURRENT_HISTORY_ONLY_NO_VINTAGE,false,true,true
2000-02-29,2000-02,103.3798,103.3798,"2015=100指数(对照,停2021)",M,CPICORE_FRED_2015B,FRED(OECD转载总务省),VALIDATED_MIRROR,,CPI2015BASE_REF,2026-09-05,LATEST_HISTORY_PROXY,PROXY,CURRENT_HISTORY_ONLY_NO_VINTAGE,false,true,true
2000-03-31,2000-03,103.553,103.553,"2015=100指数(对照,停2021)",M,CPICORE_FRED_2015B,FRED(OECD转载总务省),VALIDATED_MIRROR,,CPI2015BASE_REF,2026-09-05,LATEST_HISTORY_PROXY,PROXY,CURRENT_HISTORY_ONLY_NO_VINTAGE,false,true,true
2000-04-30,2000-04,103.853,103.853,"2015=100指数(对照,停2021)",M,CPICORE_FRED_2015B,FRED(OECD转载总务省),VALIDATED_MIRROR,,CPI2015BASE_REF,2026-09-05,LATEST_HISTORY_PROXY,PROXY,CURRENT_HISTORY_ONLY_NO_VINTAGE,false,true,true
2000-05-31,2000-05,104.081,104.081,"2015=100指数(对照,停2021)",M,CPICORE_FRED_2015B,FRED(OECD转载总务省),VALIDATED_MIRROR,,CPI2015BASE_REF,2026-09-05,LATEST_HISTORY_PROXY,PROXY,CURRENT_HISTORY_ONLY_NO_VINTAGE,false,true,true
2000-06-30,2000-06,103.8446,103.8446,"2015=100指数(对照,停2021)",M,CPICORE_FRED_2015B,FRED(OECD转载总务省),VALIDATED_MIRROR,,CPI2015BASE_REF,2026-09-05,LATEST_HISTORY_PROXY,PROXY,CURRENT_HISTORY_ONLY_NO_VINTAGE,false,true,true
2000-07-31,2000-07,103.6032,103.6032,"2015=100指数(对照,停2021)",M,CPICORE_FRED_2015B,FRED(OECD转载总务省),VALIDATED_MIRROR,,CPI2015BASE_REF,2026-09-05,LATEST_HISTORY_PROXY,PROXY,CURRENT_HISTORY_ONLY_NO_VINTAGE,false,true,true
2000-08-31,2000-08,103.8017,103.8017,"2015=100指数(对照,停2021)",M,CPICORE_FRED_2015B,FRED(OECD转载总务省),VALIDATED_MIRROR,,CPI2015BASE_REF,2026-09-05,LATEST_HISTORY_PROXY,PROXY,CURRENT_HISTORY_ONLY_NO_VINTAGE,false,true,true
2000-09-30,2000-09,103.57600000000001,103.57600000000001,"2015=100指数(对照,停2021)",M,CPICORE_FRED_2015B,FRED(OECD转载总务省),VALIDATED_MIRROR,,CPI2015BASE_REF,2026-09-05,LATEST_HISTORY_PROXY,PROXY,CURRENT_HISTORY_ONLY_NO_VINTAGE,false,true,true
2000-10-31,2000-10,103.5062,103.5062,"2015=100指数(对照,停2021)",M,CPICORE_FRED_2015B,FRED(OECD转载总务省),VALIDATED_MIRROR,,CPI2015BASE_REF,2026-09-05,LATEST_HISTORY_PROXY,PROXY,CURRENT_HISTORY_ONLY_NO_VINTAGE,false,true,true
2000-11-30,2000-11,103.3272,103.3272,"2015=100指数(对照,停2021)",M,CPICORE_FRED_2015B,FRED(OECD转载总务省),VALIDATED_MIRROR,,CPI2015BASE_REF,2026-09-05,LATEST_HISTORY_PROXY,PROXY,CURRENT_HISTORY_ONLY_NO_VINTAGE,false,true,true
2000-12-31,2000-12,103.3071,103.3071,"2015=100指数(对照,停2021)",M,CPICORE_FRED_2015B,FRED(OECD转载总务省),VALIDATED_MIRROR,,CPI2015BASE_REF,2026-09-05,LATEST_HISTORY_PROXY,PROXY,CURRENT_HISTORY_ONLY_NO_VINTAGE,false,true,true
2001-01-31,2001-01,102.7051,102.7051,"2015=100指数(对照,停2021)",M,CPICORE_FRED_2015B,FRED(OECD转载总务省),VALIDATED_MIRROR,,CPI2015BASE_REF,2026-09-05,LATEST_HISTORY_PROXY,PROXY,CURRENT_HISTORY_ONLY_NO_VINTAGE,false,true,true
2001-02-28,2001-02,102.3827,102.3827,"2015=100指数(对照,停2021)",M,CPICORE_FRED_2015B,FRED(OECD转载总务省),VALIDATED_MIRROR,,CPI2015BASE_REF,2026-09-05,LATEST_HISTORY_PROXY,PROXY,CURRENT_HISTORY_ONLY_NO_VINTAGE,false,true,true
2001-03-31,2001-03,102.5982,102.5982,"2015=100指数(对照,停2021)",M,CPICORE_FRED_2015B,FRED(OECD转载总务省),VALIDATED_MIRROR,,CPI2015BASE_REF,2026-09-05,LATEST_HISTORY_PROXY,PROXY,CURRENT_HISTORY_ONLY_NO_VINTAGE,false,true,true
2001-04-30,2001-04,102.9033,102.9033,"2015=100指数(对照,停2021)",M,CPICORE_FRED_2015B,FRED(OECD转载总务省),VALIDATED_MIRROR,,CPI2015BASE_REF,2026-09-05,LATEST_HISTORY_PROXY,PROXY,CURRENT_HISTORY_ONLY_NO_VINTAGE,false,true,true
2001-05-31,2001-05,103.0373,103.0373,"2015=100指数(对照,停2021)",M,CPICORE_FRED_2015B,FRED(OECD转载总务省),VALIDATED_MIRROR,,CPI2015BASE_REF,2026-09-05,LATEST_HISTORY_PROXY,PROXY,CURRENT_HISTORY_ONLY_NO_VINTAGE,false,true,true
2001-06-30,2001-06,103.0169,103.0169,"2015=100指数(对照,停2021)",M,CPICORE_FRED_2015B,FRED(OECD转载总务省),VALIDATED_MIRROR,,CPI2015BASE_REF,2026-09-05,LATEST_HISTORY_PROXY,PROXY,CURRENT_HISTORY_ONLY_NO_VINTAGE,false,true,true
2001-07-31,2001-07,102.8449,102.8449,"2015=100指数(对照,停2021)",M,CPICORE_FRED_2015B,FRED(OECD转载总务省),VALIDATED_MIRROR,,CPI2015BASE_REF,2026-09-05,LATEST_HISTORY_PROXY,PROXY,CURRENT_HISTORY_ONLY_NO_VINTAGE,false,true,true
2001-08-31,2001-08,102.8214,102.8214,"2015=100指数(对照,停2021)",M,CPICORE_FRED_2015B,FRED(OECD转载总务省),VALIDATED_MIRROR,,CPI2015BASE_REF,2026-09-05,LATEST_HISTORY_PROXY,PROXY,CURRENT_HISTORY_ONLY_NO_VINTAGE,false,true,true
2001-09-30,2001-09,102.8489,102.8489,"2015=100指数(对照,停2021)",M,CPICORE_FRED_2015B,FRED(OECD转载总务省),VALIDATED_MIRROR,,CPI2015BASE_REF,2026-09-05,LATEST_HISTORY_PROXY,PROXY,CURRENT_HISTORY_ONLY_NO_VINTAGE,false,true,true
2001-10-31,2001-10,102.79799999999999,102.79799999999999,"2015=100指数(对照,停2021)",M,CPICORE_FRED_2015B,FRED(OECD转载总务省),VALIDATED_MIRROR,,CPI2015BASE_REF,2026-09-05,LATEST_HISTORY_PROXY,PROXY,CURRENT_HISTORY_ONLY_NO_VINTAGE,false,true,true
2001-11-30,2001-11,102.7091,102.7091,"2015=100指数(对照,停2021)",M,CPICORE_FRED_2015B,FRED(OECD转载总务省),VALIDATED_MIRROR,,CPI2015BASE_REF,2026-09-05,LATEST_HISTORY_PROXY,PROXY,CURRENT_HISTORY_ONLY_NO_VINTAGE,false,true,true
2001-12-31,2001-12,102.6944,102.6944,"2015=100指数(对照,停2021)",M,CPICORE_FRED_2015B,FRED(OECD转载总务省),VALIDATED_MIRROR,,CPI2015BASE_REF,2026-09-05,LATEST_HISTORY_PROXY,PROXY,CURRENT_HISTORY_ONLY_NO_VINTAGE,false,true,true
2002-01-31,2002-01,101.9362,101.9362,"2015=100指数(对照,停2021)",M,CPICORE_FRED_2015B,FRED(OECD转载总务省),VALIDATED_MIRROR,,CPI2015BASE_REF,2026-09-05,LATEST_HISTORY_PROXY,PROXY,CURRENT_HISTORY_ONLY_NO_VINTAGE,false,true,true
2002-02-28,2002-02,101.6084,101.6084,"2015=100指数(对照,停2021)",M,CPICORE_FRED_2015B,FRED(OECD转载总务省),VALIDATED_MIRROR,,CPI2015BASE_REF,2026-09-05,LATEST_HISTORY_PROXY,PROXY,CURRENT_HISTORY_ONLY_NO_VINTAGE,false,true,true
2002-03-31,2002-03,101.9276,101.9276,"2015=100指数(对照,停2021)",M,CPICORE_FRED_2015B,FRED(OECD转载总务省),VALIDATED_MIRROR,,CPI2015BASE_REF,2026-09-05,LATEST_HISTORY_PROXY,PROXY,CURRENT_HISTORY_ONLY_NO_VINTAGE,false,true,true
2002-04-30,2002-04,102.2746,102.2746,"2015=100指数(对照,停2021)",M,CPICORE_FRED_2015B,FRED(OECD转载总务省),VALIDATED_MIRROR,,CPI2015BASE_REF,2026-09-05,LATEST_HISTORY_PROXY,PROXY,CURRENT_HISTORY_ONLY_NO_VINTAGE,false,true,true
2002-05-31,2002-05,102.3096,102.3096,"2015=100指数(对照,停2021)",M,CPICORE_FRED_2015B,FRED(OECD转载总务省),VALIDATED_MIRROR,,CPI2015BASE_REF,2026-09-05,LATEST_HISTORY_PROXY,PROXY,CURRENT_HISTORY_ONLY_NO_VINTAGE,false,true,true
2002-06-30,2002-06,102.2721,102.2721,"2015=100指数(对照,停2021)",M,CPICORE_FRED_2015B,FRED(OECD转载总务省),VALIDATED_MIRROR,,CPI2015BASE_REF,2026-09-05,LATEST_HISTORY_PROXY,PROXY,CURRENT_HISTORY_ONLY_NO_VINTAGE,false,true,true
2002-07-31,2002-07,101.9606,101.9606,"2015=100指数(对照,停2021)",M,CPICORE_FRED_2015B,FRED(OECD转载总务省),VALIDATED_MIRROR,,CPI2015BASE_REF,2026-09-05,LATEST_HISTORY_PROXY,PROXY,CURRENT_HISTORY_ONLY_NO_VINTAGE,false,true,true
2002-08-31,2002-08,102.0981,102.0981,"2015=100指数(对照,停2021)",M,CPICORE_FRED_2015B,FRED(OECD转载总务省),VALIDATED_MIRROR,,CPI2015BASE_REF,2026-09-05,LATEST_HISTORY_PROXY,PROXY,CURRENT_HISTORY_ONLY_NO_VINTAGE,false,true,true
2002-09-30,2002-09,102.1925,102.1925,"2015=100指数(对照,停2021)",M,CPICORE_FRED_2015B,FRED(OECD转载总务省),VALIDATED_MIRROR,,CPI2015BASE_REF,2026-09-05,LATEST_HISTORY_PROXY,PROXY,CURRENT_HISTORY_ONLY_NO_VINTAGE,false,true,true
2002-10-31,2002-10,101.992,101.992,"2015=100指数(对照,停2021)",M,CPICORE_FRED_2015B,FRED(OECD转载总务省),VALIDATED_MIRROR,,CPI2015BASE_REF,2026-09-05,LATEST_HISTORY_PROXY,PROXY,CURRENT_HISTORY_ONLY_NO_VINTAGE,false,true,true
2002-11-30,2002-11,101.9355,101.9355,"2015=100指数(对照,停2021)",M,CPICORE_FRED_2015B,FRED(OECD转载总务省),VALIDATED_MIRROR,,CPI2015BASE_REF,2026-09-05,LATEST_HISTORY_PROXY,PROXY,CURRENT_HISTORY_ONLY_NO_VINTAGE,false,true,true
2002-12-31,2002-12,102.0154,102.0154,"2015=100指数(对照,停2021)",M,CPICORE_FRED_2015B,FRED(OECD转载总务省),VALIDATED_MIRROR,,CPI2015BASE_REF,2026-09-05,LATEST_HISTORY_PROXY,PROXY,CURRENT_HISTORY_ONLY_NO_VINTAGE,false,true,true
2003-01-31,2003-01,101.3633,101.3633,"2015=100指数(对照,停2021)",M,CPICORE_FRED_2015B,FRED(OECD转载总务省),VALIDATED_MIRROR,,CPI2015BASE_REF,2026-09-05,LATEST_HISTORY_PROXY,PROXY,CURRENT_HISTORY_ONLY_NO_VINTAGE,false,true,true
2003-02-28,2003-02,101.0361,101.0361,"2015=100指数(对照,停2021)",M,CPICORE_FRED_2015B,FRED(OECD转载总务省),VALIDATED_MIRROR,,CPI2015BASE_REF,2026-09-05,LATEST_HISTORY_PROXY,PROXY,CURRENT_HISTORY_ONLY_NO_VINTAGE,false,true,true
2003-03-31,2003-03,101.4416,101.4416,"2015=100指数(对照,停2021)",M,CPICORE_FRED_2015B,FRED(OECD转载总务省),VALIDATED_MIRROR,,CPI2015BASE_REF,2026-09-05,LATEST_HISTORY_PROXY,PROXY,CURRENT_HISTORY_ONLY_NO_VINTAGE,false,true,true
2003-04-30,2003-04,101.7283,101.7283,"2015=100指数(对照,停2021)",M,CPICORE_FRED_2015B,FRED(OECD转载总务省),VALIDATED_MIRROR,,CPI2015BASE_REF,2026-09-05,LATEST_HISTORY_PROXY,PROXY,CURRENT_HISTORY_ONLY_NO_VINTAGE,false,true,true
2003-05-31,2003-05,102.0048,102.0048,"2015=100指数(对照,停2021)",M,CPICORE_FRED_2015B,FRED(OECD转载总务省),VALIDATED_MIRROR,,CPI2015BASE_REF,2026-09-05,LATEST_HISTORY_PROXY,PROXY,CURRENT_HISTORY_ONLY_NO_VINTAGE,false,true,true
2003-06-30,2003-06,101.8184,101.8184,"2015=100指数(对照,停2021)",M,CPICORE_FRED_2015B,FRED(OECD转载总务省),VALIDATED_MIRROR,,CPI2015BASE_REF,2026-09-05,LATEST_HISTORY_PROXY,PROXY,CURRENT_HISTORY_ONLY_NO_VINTAGE,false,true,true
2003-07-31,2003-07,101.8273,101.8273,"2015=100指数(对照,停2021)",M,CPICORE_FRED_2015B,FRED(OECD转载总务省),VALIDATED_MIRROR,,CPI2015BASE_REF,2026-09-05,LATEST_HISTORY_PROXY,PROXY,CURRENT_HISTORY_ONLY_NO_VINTAGE,false,true,true
2003-08-31,2003-08,101.9811,101.9811,"2015=100指数(对照,停2021)",M,CPICORE_FRED_2015B,FRED(OECD转载总务省),VALIDATED_MIRROR,,CPI2015BASE_REF,2026-09-05,LATEST_HISTORY_PROXY,PROXY,CURRENT_HISTORY_ONLY_NO_VINTAGE,false,true,true
2003-09-30,2003-09,101.9948,101.9948,"2015=100指数(对照,停2021)",M,CPICORE_FRED_2015B,FRED(OECD转载总务省),VALIDATED_MIRROR,,CPI2015BASE_REF,2026-09-05,LATEST_HISTORY_PROXY,PROXY,CURRENT_HISTORY_ONLY_NO_VINTAGE,false,true,true
2003-10-31,2003-10,102.0167,102.0167,"2015=100指数(对照,停2021)",M,CPICORE_FRED_2015B,FRED(OECD转载总务省),VALIDATED_MIRROR,,CPI2015BASE_REF,2026-09-05,LATEST_HISTORY_PROXY,PROXY,CURRENT_HISTORY_ONLY_NO_VINTAGE,false,true,true
2003-11-30,2003-11,101.6983,101.6983,"2015=100指数(对照,停2021)",M,CPICORE_FRED_2015B,FRED(OECD转载总务省),VALIDATED_MIRROR,,CPI2015BASE_REF,2026-09-05,LATEST_HISTORY_PROXY,PROXY,CURRENT_HISTORY_ONLY_NO_VINTAGE,false,true,true
2003-12-31,2003-12,101.6638,101.6638,"2015=100指数(对照,停2021)",M,CPICORE_FRED_2015B,FRED(OECD转载总务省),VALIDATED_MIRROR,,CPI2015BASE_REF,2026-09-05,LATEST_HISTORY_PROXY,PROXY,CURRENT_HISTORY_ONLY_NO_VINTAGE,false,true,true
2004-01-31,2004-01,100.9266,100.9266,"2015=100指数(对照,停2021)",M,CPICORE_FRED_2015B,FRED(OECD转载总务省),VALIDATED_MIRROR,,CPI2015BASE_REF,2026-09-05,LATEST_HISTORY_PROXY,PROXY,CURRENT_HISTORY_ONLY_NO_VINTAGE,false,true,true
2004-02-29,2004-02,100.7335,100.7335,"2015=100指数(对照,停2021)",M,CPICORE_FRED_2015B,FRED(OECD转载总务省),VALIDATED_MIRROR,,CPI2015BASE_REF,2026-09-05,LATEST_HISTORY_PROXY,PROXY,CURRENT_HISTORY_ONLY_NO_VINTAGE,false,true,true
2004-03-31,2004-03,101.116,101.116,"2015=100指数(对照,停2021)",M,CPICORE_FRED_2015B,FRED(OECD转载总务省),VALIDATED_MIRROR,,CPI2015BASE_REF,2026-09-05,LATEST_HISTORY_PROXY,PROXY,CURRENT_HISTORY_ONLY_NO_VINTAGE,false,true,true
2004-04-30,2004-04,101.329,101.329,"2015=100指数(对照,停2021)",M,CPICORE_FRED_2015B,FRED(OECD转载总务省),VALIDATED_MIRROR,,CPI2015BASE_REF,2026-09-05,LATEST_HISTORY_PROXY,PROXY,CURRENT_HISTORY_ONLY_NO_VINTAGE,false,true,true
2004-05-31,2004-05,101.4036,101.4036,"2015=100指数(对照,停2021)",M,CPICORE_FRED_2015B,FRED(OECD转载总务省),VALIDATED_MIRROR,,CPI2015BASE_REF,2026-09-05,LATEST_HISTORY_PROXY,PROXY,CURRENT_HISTORY_ONLY_NO_VINTAGE,false,true,true
2004-06-30,2004-06,101.3858,101.3858,"2015=100指数(对照,停2021)",M,CPICORE_FRED_2015B,FRED(OECD转载总务省),VALIDATED_MIRROR,,CPI2015BASE_REF,2026-09-05,LATEST_HISTORY_PROXY,PROXY,CURRENT_HISTORY_ONLY_NO_VINTAGE,false,true,true
2004-07-31,2004-07,101.2794,101.2794,"2015=100指数(对照,停2021)",M,CPICORE_FRED_2015B,FRED(OECD转载总务省),VALIDATED_MIRROR,,CPI2015BASE_REF,2026-09-05,LATEST_HISTORY_PROXY,PROXY,CURRENT_HISTORY_ONLY_NO_VINTAGE,false,true,true
2004-08-31,2004-08,101.4076,101.4076,"2015=100指数(对照,停2021)",M,CPICORE_FRED_2015B,FRED(OECD转载总务省),VALIDATED_MIRROR,,CPI2015BASE_REF,2026-09-05,LATEST_HISTORY_PROXY,PROXY,CURRENT_HISTORY_ONLY_NO_VINTAGE,false,true,true
2004-09-30,2004-09,101.5083,101.5083,"2015=100指数(对照,停2021)",M,CPICORE_FRED_2015B,FRED(OECD转载总务省),VALIDATED_MIRROR,,CPI2015BASE_REF,2026-09-05,LATEST_HISTORY_PROXY,PROXY,CURRENT_HISTORY_ONLY_NO_VINTAGE,false,true,true
2004-10-31,2004-10,101.5868,101.5868,"2015=100指数(对照,停2021)",M,CPICORE_FRED_2015B,FRED(OECD转载总务省),VALIDATED_MIRROR,,CPI2015BASE_REF,2026-09-05,LATEST_HISTORY_PROXY,PROXY,CURRENT_HISTORY_ONLY_NO_VINTAGE,false,true,true
2004-11-30,2004-11,101.1936,101.1936,"2015=100指数(对照,停2021)",M,CPICORE_FRED_2015B,FRED(OECD转载总务省),VALIDATED_MIRROR,,CPI2015BASE_REF,2026-09-05,LATEST_HISTORY_PROXY,PROXY,CURRENT_HISTORY_ONLY_NO_VINTAGE,false,true,true
2004-12-31,2004-12,101.139,101.139,"2015=100指数(对照,停2021)",M,CPICORE_FRED_2015B,FRED(OECD转载总务省),VALIDATED_MIRROR,,CPI2015BASE_REF,2026-09-05,LATEST_HISTORY_PROXY,PROXY,CURRENT_HISTORY_ONLY_NO_VINTAGE,false,true,true
2005-01-31,2005-01,100.7684,100.7684,"2015=100指数(对照,停2021)",M,CPICORE_FRED_2015B,FRED(OECD转载总务省),VALIDATED_MIRROR,,CPI2015BASE_REF,2026-09-05,LATEST_HISTORY_PROXY,PROXY,CURRENT_HISTORY_ONLY_NO_VINTAGE,false,true,true
2005-02-28,2005-02,100.4191,100.4191,"2015=100指数(对照,停2021)",M,CPICORE_FRED_2015B,FRED(OECD转载总务省),VALIDATED_MIRROR,,CPI2015BASE_REF,2026-09-05,LATEST_HISTORY_PROXY,PROXY,CURRENT_HISTORY_ONLY_NO_VINTAGE,false,true,true
2005-03-31,2005-03,100.7957,100.7957,"2015=100指数(对照,停2021)",M,CPICORE_FRED_2015B,FRED(OECD转载总务省),VALIDATED_MIRROR,,CPI2015BASE_REF,2026-09-05,LATEST_HISTORY_PROXY,PROXY,CURRENT_HISTORY_ONLY_NO_VINTAGE,false,true,true
2005-04-30,2005-04,101.0584,101.0584,"2015=100指数(对照,停2021)",M,CPICORE_FRED_2015B,FRED(OECD转载总务省),VALIDATED_MIRROR,,CPI2015BASE_REF,2026-09-05,LATEST_HISTORY_PROXY,PROXY,CURRENT_HISTORY_ONLY_NO_VINTAGE,false,true,true
2005-05-31,2005-05,101.0997,101.0997,"2015=100指数(对照,停2021)",M,CPICORE_FRED_2015B,FRED(OECD转载总务省),VALIDATED_MIRROR,,CPI2015BASE_REF,2026-09-05,LATEST_HISTORY_PROXY,PROXY,CURRENT_HISTORY_ONLY_NO_VINTAGE,false,true,true
2005-06-30,2005-06,100.9988,100.9988,"2015=100指数(对照,停2021)",M,CPICORE_FRED_2015B,FRED(OECD转载总务省),VALIDATED_MIRROR,,CPI2015BASE_REF,2026-09-05,LATEST_HISTORY_PROXY,PROXY,CURRENT_HISTORY_ONLY_NO_VINTAGE,false,true,true
2005-07-31,2005-07,100.8094,100.8094,"2015=100指数(对照,停2021)",M,CPICORE_FRED_2015B,FRED(OECD转载总务省),VALIDATED_MIRROR,,CPI2015BASE_REF,2026-09-05,LATEST_HISTORY_PROXY,PROXY,CURRENT_HISTORY_ONLY_NO_VINTAGE,false,true,true
2005-08-31,2005-08,100.8866,100.8866,"2015=100指数(对照,停2021)",M,CPICORE_FRED_2015B,FRED(OECD转载总务省),VALIDATED_MIRROR,,CPI2015BASE_REF,2026-09-05,LATEST_HISTORY_PROXY,PROXY,CURRENT_HISTORY_ONLY_NO_VINTAGE,false,true,true
2005-09-30,2005-09,101.0728,101.0728,"2015=100指数(对照,停2021)",M,CPICORE_FRED_2015B,FRED(OECD转载总务省),VALIDATED_MIRROR,,CPI2015BASE_REF,2026-09-05,LATEST_HISTORY_PROXY,PROXY,CURRENT_HISTORY_ONLY_NO_VINTAGE,false,true,true
2005-10-31,2005-10,101.0172,101.0172,"2015=100指数(对照,停2021)",M,CPICORE_FRED_2015B,FRED(OECD转载总务省),VALIDATED_MIRROR,,CPI2015BASE_REF,2026-09-05,LATEST_HISTORY_PROXY,PROXY,CURRENT_HISTORY_ONLY_NO_VINTAGE,false,true,true
2005-11-30,2005-11,100.6962,100.6962,"2015=100指数(对照,停2021)",M,CPICORE_FRED_2015B,FRED(OECD转载总务省),VALIDATED_MIRROR,,CPI2015BASE_REF,2026-09-05,LATEST_HISTORY_PROXY,PROXY,CURRENT_HISTORY_ONLY_NO_VINTAGE,false,true,true
2005-12-31,2005-12,100.7836,100.7836,"2015=100指数(对照,停2021)",M,CPICORE_FRED_2015B,FRED(OECD转载总务省),VALIDATED_MIRROR,,CPI2015BASE_REF,2026-09-05,LATEST_HISTORY_PROXY,PROXY,CURRENT_HISTORY_ONLY_NO_VINTAGE,false,true,true
2006-01-31,2006-01,100.0914,100.0914,"2015=100指数(对照,停2021)",M,CPICORE_FRED_2015B,FRED(OECD转载总务省),VALIDATED_MIRROR,,CPI2015BASE_REF,2026-09-05,LATEST_HISTORY_PROXY,PROXY,CURRENT_HISTORY_ONLY_NO_VINTAGE,false,true,true
2006-02-28,2006-02,99.95631,99.95631,"2015=100指数(对照,停2021)",M,CPICORE_FRED_2015B,FRED(OECD转载总务省),VALIDATED_MIRROR,,CPI2015BASE_REF,2026-09-05,LATEST_HISTORY_PROXY,PROXY,CURRENT_HISTORY_ONLY_NO_VINTAGE,false,true,true
2006-03-31,2006-03,100.3852,100.3852,"2015=100指数(对照,停2021)",M,CPICORE_FRED_2015B,FRED(OECD转载总务省),VALIDATED_MIRROR,,CPI2015BASE_REF,2026-09-05,LATEST_HISTORY_PROXY,PROXY,CURRENT_HISTORY_ONLY_NO_VINTAGE,false,true,true
2006-04-30,2006-04,100.6242,100.6242,"2015=100指数(对照,停2021)",M,CPICORE_FRED_2015B,FRED(OECD转载总务省),VALIDATED_MIRROR,,CPI2015BASE_REF,2026-09-05,LATEST_HISTORY_PROXY,PROXY,CURRENT_HISTORY_ONLY_NO_VINTAGE,false,true,true
2006-05-31,2006-05,100.6693,100.6693,"2015=100指数(对照,停2021)",M,CPICORE_FRED_2015B,FRED(OECD转载总务省),VALIDATED_MIRROR,,CPI2015BASE_REF,2026-09-05,LATEST_HISTORY_PROXY,PROXY,CURRENT_HISTORY_ONLY_NO_VINTAGE,false,true,true
2006-06-30,2006-06,100.6313,100.6313,"2015=100指数(对照,停2021)",M,CPICORE_FRED_2015B,FRED(OECD转载总务省),VALIDATED_MIRROR,,CPI2015BASE_REF,2026-09-05,LATEST_HISTORY_PROXY,PROXY,CURRENT_HISTORY_ONLY_NO_VINTAGE,false,true,true
2006-07-31,2006-07,100.4379,100.4379,"2015=100指数(对照,停2021)",M,CPICORE_FRED_2015B,FRED(OECD转载总务省),VALIDATED_MIRROR,,CPI2015BASE_REF,2026-09-05,LATEST_HISTORY_PROXY,PROXY,CURRENT_HISTORY_ONLY_NO_VINTAGE,false,true,true
2006-08-31,2006-08,100.602,100.602,"2015=100指数(对照,停2021)",M,CPICORE_FRED_2015B,FRED(OECD转载总务省),VALIDATED_MIRROR,,CPI2015BASE_REF,2026-09-05,LATEST_HISTORY_PROXY,PROXY,CURRENT_HISTORY_ONLY_NO_VINTAGE,false,true,true
2006-09-30,2006-09,100.7249,100.7249,"2015=100指数(对照,停2021)",M,CPICORE_FRED_2015B,FRED(OECD转载总务省),VALIDATED_MIRROR,,CPI2015BASE_REF,2026-09-05,LATEST_HISTORY_PROXY,PROXY,CURRENT_HISTORY_ONLY_NO_VINTAGE,false,true,true
2006-10-31,2006-10,100.7417,100.7417,"2015=100指数(对照,停2021)",M,CPICORE_FRED_2015B,FRED(OECD转载总务省),VALIDATED_MIRROR,,CPI2015BASE_REF,2026-09-05,LATEST_HISTORY_PROXY,PROXY,CURRENT_HISTORY_ONLY_NO_VINTAGE,false,true,true
2006-11-30,2006-11,100.5938,100.5938,"2015=100指数(对照,停2021)",M,CPICORE_FRED_2015B,FRED(OECD转载总务省),VALIDATED_MIRROR,,CPI2015BASE_REF,2026-09-05,LATEST_HISTORY_PROXY,PROXY,CURRENT_HISTORY_ONLY_NO_VINTAGE,false,true,true
2006-12-31,2006-12,100.677,100.677,"2015=100指数(对照,停2021)",M,CPICORE_FRED_2015B,FRED(OECD转载总务省),VALIDATED_MIRROR,,CPI2015BASE_REF,2026-09-05,LATEST_HISTORY_PROXY,PROXY,CURRENT_HISTORY_ONLY_NO_VINTAGE,false,true,true
2007-01-31,2007-01,99.99540999999999,99.99540999999999,"2015=100指数(对照,停2021)",M,CPICORE_FRED_2015B,FRED(OECD转载总务省),VALIDATED_MIRROR,,CPI2015BASE_REF,2026-09-05,LATEST_HISTORY_PROXY,PROXY,CURRENT_HISTORY_ONLY_NO_VINTAGE,false,true,true
2007-02-28,2007-02,99.67635,99.67635,"2015=100指数(对照,停2021)",M,CPICORE_FRED_2015B,FRED(OECD转载总务省),VALIDATED_MIRROR,,CPI2015BASE_REF,2026-09-05,LATEST_HISTORY_PROXY,PROXY,CURRENT_HISTORY_ONLY_NO_VINTAGE,false,true,true
2007-03-31,2007-03,100.0246,100.0246,"2015=100指数(对照,停2021)",M,CPICORE_FRED_2015B,FRED(OECD转载总务省),VALIDATED_MIRROR,,CPI2015BASE_REF,2026-09-05,LATEST_HISTORY_PROXY,PROXY,CURRENT_HISTORY_ONLY_NO_VINTAGE,false,true,true
2007-04-30,2007-04,100.4034,100.4034,"2015=100指数(对照,停2021)",M,CPICORE_FRED_2015B,FRED(OECD转载总务省),VALIDATED_MIRROR,,CPI2015BASE_REF,2026-09-05,LATEST_HISTORY_PROXY,PROXY,CURRENT_HISTORY_ONLY_NO_VINTAGE,false,true,true
2007-05-31,2007-05,100.5457,100.5457,"2015=100指数(对照,停2021)",M,CPICORE_FRED_2015B,FRED(OECD转载总务省),VALIDATED_MIRROR,,CPI2015BASE_REF,2026-09-05,LATEST_HISTORY_PROXY,PROXY,CURRENT_HISTORY_ONLY_NO_VINTAGE,false,true,true
2007-06-30,2007-06,100.334,100.334,"2015=100指数(对照,停2021)",M,CPICORE_FRED_2015B,FRED(OECD转载总务省),VALIDATED_MIRROR,,CPI2015BASE_REF,2026-09-05,LATEST_HISTORY_PROXY,PROXY,CURRENT_HISTORY_ONLY_NO_VINTAGE,false,true,true
2007-07-31,2007-07,100.1906,100.1906,"2015=100指数(对照,停2021)",M,CPICORE_FRED_2015B,FRED(OECD转载总务省),VALIDATED_MIRROR,,CPI2015BASE_REF,2026-09-05,LATEST_HISTORY_PROXY,PROXY,CURRENT_HISTORY_ONLY_NO_VINTAGE,false,true,true
2007-08-31,2007-08,100.4693,100.4693,"2015=100指数(对照,停2021)",M,CPICORE_FRED_2015B,FRED(OECD转载总务省),VALIDATED_MIRROR,,CPI2015BASE_REF,2026-09-05,LATEST_HISTORY_PROXY,PROXY,CURRENT_HISTORY_ONLY_NO_VINTAGE,false,true,true
2007-09-30,2007-09,100.4342,100.4342,"2015=100指数(对照,停2021)",M,CPICORE_FRED_2015B,FRED(OECD转载总务省),VALIDATED_MIRROR,,CPI2015BASE_REF,2026-09-05,LATEST_HISTORY_PROXY,PROXY,CURRENT_HISTORY_ONLY_NO_VINTAGE,false,true,true
2007-10-31,2007-10,100.5459,100.5459,"2015=100指数(对照,停2021)",M,CPICORE_FRED_2015B,FRED(OECD转载总务省),VALIDATED_MIRROR,,CPI2015BASE_REF,2026-09-05,LATEST_HISTORY_PROXY,PROXY,CURRENT_HISTORY_ONLY_NO_VINTAGE,false,true,true
2007-11-30,2007-11,100.6168,100.6168,"2015=100指数(对照,停2021)",M,CPICORE_FRED_2015B,FRED(OECD转载总务省),VALIDATED_MIRROR,,CPI2015BASE_REF,2026-09-05,LATEST_HISTORY_PROXY,PROXY,CURRENT_HISTORY_ONLY_NO_VINTAGE,false,true,true
2007-12-31,2007-12,100.4058,100.4058,"2015=100指数(对照,停2021)",M,CPICORE_FRED_2015B,FRED(OECD转载总务省),VALIDATED_MIRROR,,CPI2015BASE_REF,2026-09-05,LATEST_HISTORY_PROXY,PROXY,CURRENT_HISTORY_ONLY_NO_VINTAGE,false,true,true
2008-01-31,2008-01,100.0319,100.0319,"2015=100指数(对照,停2021)",M,CPICORE_FRED_2015B,FRED(OECD转载总务省),VALIDATED_MIRROR,,CPI2015BASE_REF,2026-09-05,LATEST_HISTORY_PROXY,PROXY,CURRENT_HISTORY_ONLY_NO_VINTAGE,false,true,true
2008-02-29,2008-02,99.83979000000001,99.83979000000001,"2015=100指数(对照,停2021)",M,CPICORE_FRED_2015B,FRED(OECD转载总务省),VALIDATED_MIRROR,,CPI2015BASE_REF,2026-09-05,LATEST_HISTORY_PROXY,PROXY,CURRENT_HISTORY_ONLY_NO_VINTAGE,false,true,true
2008-03-31,2008-03,100.186,100.186,"2015=100指数(对照,停2021)",M,CPICORE_FRED_2015B,FRED(OECD转载总务省),VALIDATED_MIRROR,,CPI2015BASE_REF,2026-09-05,LATEST_HISTORY_PROXY,PROXY,CURRENT_HISTORY_ONLY_NO_VINTAGE,false,true,true
2008-04-30,2008-04,100.2879,100.2879,"2015=100指数(对照,停2021)",M,CPICORE_FRED_2015B,FRED(OECD转载总务省),VALIDATED_MIRROR,,CPI2015BASE_REF,2026-09-05,LATEST_HISTORY_PROXY,PROXY,CURRENT_HISTORY_ONLY_NO_VINTAGE,false,true,true
2008-05-31,2008-05,100.5705,100.5705,"2015=100指数(对照,停2021)",M,CPICORE_FRED_2015B,FRED(OECD转载总务省),VALIDATED_MIRROR,,CPI2015BASE_REF,2026-09-05,LATEST_HISTORY_PROXY,PROXY,CURRENT_HISTORY_ONLY_NO_VINTAGE,false,true,true
2008-06-30,2008-06,100.6547,100.6547,"2015=100指数(对照,停2021)",M,CPICORE_FRED_2015B,FRED(OECD转载总务省),VALIDATED_MIRROR,,CPI2015BASE_REF,2026-09-05,LATEST_HISTORY_PROXY,PROXY,CURRENT_HISTORY_ONLY_NO_VINTAGE,false,true,true
2008-07-31,2008-07,100.5872,100.5872,"2015=100指数(对照,停2021)",M,CPICORE_FRED_2015B,FRED(OECD转载总务省),VALIDATED_MIRROR,,CPI2015BASE_REF,2026-09-05,LATEST_HISTORY_PROXY,PROXY,CURRENT_HISTORY_ONLY_NO_VINTAGE,false,true,true
2008-08-31,2008-08,100.771,100.771,"2015=100指数(对照,停2021)",M,CPICORE_FRED_2015B,FRED(OECD转载总务省),VALIDATED_MIRROR,,CPI2015BASE_REF,2026-09-05,LATEST_HISTORY_PROXY,PROXY,CURRENT_HISTORY_ONLY_NO_VINTAGE,false,true,true
2008-09-30,2008-09,100.9741,100.9741,"2015=100指数(对照,停2021)",M,CPICORE_FRED_2015B,FRED(OECD转载总务省),VALIDATED_MIRROR,,CPI2015BASE_REF,2026-09-05,LATEST_HISTORY_PROXY,PROXY,CURRENT_HISTORY_ONLY_NO_VINTAGE,false,true,true
2008-10-31,2008-10,101.0211,101.0211,"2015=100指数(对照,停2021)",M,CPICORE_FRED_2015B,FRED(OECD转载总务省),VALIDATED_MIRROR,,CPI2015BASE_REF,2026-09-05,LATEST_HISTORY_PROXY,PROXY,CURRENT_HISTORY_ONLY_NO_VINTAGE,false,true,true
2008-11-30,2008-11,100.7257,100.7257,"2015=100指数(对照,停2021)",M,CPICORE_FRED_2015B,FRED(OECD转载总务省),VALIDATED_MIRROR,,CPI2015BASE_REF,2026-09-05,LATEST_HISTORY_PROXY,PROXY,CURRENT_HISTORY_ONLY_NO_VINTAGE,false,true,true
2008-12-31,2008-12,100.5969,100.5969,"2015=100指数(对照,停2021)",M,CPICORE_FRED_2015B,FRED(OECD转载总务省),VALIDATED_MIRROR,,CPI2015BASE_REF,2026-09-05,LATEST_HISTORY_PROXY,PROXY,CURRENT_HISTORY_ONLY_NO_VINTAGE,false,true,true
2009-01-31,2009-01,99.89526,99.89526,"2015=100指数(对照,停2021)",M,CPICORE_FRED_2015B,FRED(OECD转载总务省),VALIDATED_MIRROR,,CPI2015BASE_REF,2026-09-05,LATEST_HISTORY_PROXY,PROXY,CURRENT_HISTORY_ONLY_NO_VINTAGE,false,true,true
2009-02-28,2009-02,99.70515,99.70515,"2015=100指数(对照,停2021)",M,CPICORE_FRED_2015B,FRED(OECD转载总务省),VALIDATED_MIRROR,,CPI2015BASE_REF,2026-09-05,LATEST_HISTORY_PROXY,PROXY,CURRENT_HISTORY_ONLY_NO_VINTAGE,false,true,true
2009-03-31,2009-03,100.0024,100.0024,"2015=100指数(对照,停2021)",M,CPICORE_FRED_2015B,FRED(OECD转载总务省),VALIDATED_MIRROR,,CPI2015BASE_REF,2026-09-05,LATEST_HISTORY_PROXY,PROXY,CURRENT_HISTORY_ONLY_NO_VINTAGE,false,true,true
2009-04-30,2009-04,100.1522,100.1522,"2015=100指数(对照,停2021)",M,CPICORE_FRED_2015B,FRED(OECD转载总务省),VALIDATED_MIRROR,,CPI2015BASE_REF,2026-09-05,LATEST_HISTORY_PROXY,PROXY,CURRENT_HISTORY_ONLY_NO_VINTAGE,false,true,true
2009-05-31,2009-05,100.0488,100.0488,"2015=100指数(对照,停2021)",M,CPICORE_FRED_2015B,FRED(OECD转载总务省),VALIDATED_MIRROR,,CPI2015BASE_REF,2026-09-05,LATEST_HISTORY_PROXY,PROXY,CURRENT_HISTORY_ONLY_NO_VINTAGE,false,true,true
2009-06-30,2009-06,99.90604,99.90604,"2015=100指数(对照,停2021)",M,CPICORE_FRED_2015B,FRED(OECD转载总务省),VALIDATED_MIRROR,,CPI2015BASE_REF,2026-09-05,LATEST_HISTORY_PROXY,PROXY,CURRENT_HISTORY_ONLY_NO_VINTAGE,false,true,true
2009-07-31,2009-07,99.6775,99.6775,"2015=100指数(对照,停2021)",M,CPICORE_FRED_2015B,FRED(OECD转载总务省),VALIDATED_MIRROR,,CPI2015BASE_REF,2026-09-05,LATEST_HISTORY_PROXY,PROXY,CURRENT_HISTORY_ONLY_NO_VINTAGE,false,true,true
2009-08-31,2009-08,99.78399999999999,99.78399999999999,"2015=100指数(对照,停2021)",M,CPICORE_FRED_2015B,FRED(OECD转载总务省),VALIDATED_MIRROR,,CPI2015BASE_REF,2026-09-05,LATEST_HISTORY_PROXY,PROXY,CURRENT_HISTORY_ONLY_NO_VINTAGE,false,true,true
2009-09-30,2009-09,99.81969000000001,99.81969000000001,"2015=100指数(对照,停2021)",M,CPICORE_FRED_2015B,FRED(OECD转载总务省),VALIDATED_MIRROR,,CPI2015BASE_REF,2026-09-05,LATEST_HISTORY_PROXY,PROXY,CURRENT_HISTORY_ONLY_NO_VINTAGE,false,true,true
2009-10-31,2009-10,99.66718,99.66718,"2015=100指数(对照,停2021)",M,CPICORE_FRED_2015B,FRED(OECD转载总务省),VALIDATED_MIRROR,,CPI2015BASE_REF,2026-09-05,LATEST_HISTORY_PROXY,PROXY,CURRENT_HISTORY_ONLY_NO_VINTAGE,false,true,true
2009-11-30,2009-11,99.67036999999999,99.67036999999999,"2015=100指数(对照,停2021)",M,CPICORE_FRED_2015B,FRED(OECD转载总务省),VALIDATED_MIRROR,,CPI2015BASE_REF,2026-09-05,LATEST_HISTORY_PROXY,PROXY,CURRENT_HISTORY_ONLY_NO_VINTAGE,false,true,true
2009-12-31,2009-12,99.42563,99.42563,"2015=100指数(对照,停2021)",M,CPICORE_FRED_2015B,FRED(OECD转载总务省),VALIDATED_MIRROR,,CPI2015BASE_REF,2026-09-05,LATEST_HISTORY_PROXY,PROXY,CURRENT_HISTORY_ONLY_NO_VINTAGE,false,true,true
2010-01-31,2010-01,99.02911,99.02911,"2015=100指数(对照,停2021)",M,CPICORE_FRED_2015B,FRED(OECD转载总务省),VALIDATED_MIRROR,,CPI2015BASE_REF,2026-09-05,LATEST_HISTORY_PROXY,PROXY,CURRENT_HISTORY_ONLY_NO_VINTAGE,false,true,true
2010-02-28,2010-02,98.9449,98.9449,"2015=100指数(对照,停2021)",M,CPICORE_FRED_2015B,FRED(OECD转载总务省),VALIDATED_MIRROR,,CPI2015BASE_REF,2026-09-05,LATEST_HISTORY_PROXY,PROXY,CURRENT_HISTORY_ONLY_NO_VINTAGE,false,true,true
2010-03-31,2010-03,99.14010999999999,99.14010999999999,"2015=100指数(对照,停2021)",M,CPICORE_FRED_2015B,FRED(OECD转载总务省),VALIDATED_MIRROR,,CPI2015BASE_REF,2026-09-05,LATEST_HISTORY_PROXY,PROXY,CURRENT_HISTORY_ONLY_NO_VINTAGE,false,true,true
2010-04-30,2010-04,98.8281,98.8281,"2015=100指数(对照,停2021)",M,CPICORE_FRED_2015B,FRED(OECD转载总务省),VALIDATED_MIRROR,,CPI2015BASE_REF,2026-09-05,LATEST_HISTORY_PROXY,PROXY,CURRENT_HISTORY_ONLY_NO_VINTAGE,false,true,true
2010-05-31,2010-05,98.77153,98.77153,"2015=100指数(对照,停2021)",M,CPICORE_FRED_2015B,FRED(OECD转载总务省),VALIDATED_MIRROR,,CPI2015BASE_REF,2026-09-05,LATEST_HISTORY_PROXY,PROXY,CURRENT_HISTORY_ONLY_NO_VINTAGE,false,true,true
2010-06-30,2010-06,98.58612,98.58612,"2015=100指数(对照,停2021)",M,CPICORE_FRED_2015B,FRED(OECD转载总务省),VALIDATED_MIRROR,,CPI2015BASE_REF,2026-09-05,LATEST_HISTORY_PROXY,PROXY,CURRENT_HISTORY_ONLY_NO_VINTAGE,false,true,true
2010-07-31,2010-07,98.22939000000001,98.22939000000001,"2015=100指数(对照,停2021)",M,CPICORE_FRED_2015B,FRED(OECD转载总务省),VALIDATED_MIRROR,,CPI2015BASE_REF,2026-09-05,LATEST_HISTORY_PROXY,PROXY,CURRENT_HISTORY_ONLY_NO_VINTAGE,false,true,true
2010-08-31,2010-08,98.19188,98.19188,"2015=100指数(对照,停2021)",M,CPICORE_FRED_2015B,FRED(OECD转载总务省),VALIDATED_MIRROR,,CPI2015BASE_REF,2026-09-05,LATEST_HISTORY_PROXY,PROXY,CURRENT_HISTORY_ONLY_NO_VINTAGE,false,true,true
2010-09-30,2010-09,98.1869,98.1869,"2015=100指数(对照,停2021)",M,CPICORE_FRED_2015B,FRED(OECD转载总务省),VALIDATED_MIRROR,,CPI2015BASE_REF,2026-09-05,LATEST_HISTORY_PROXY,PROXY,CURRENT_HISTORY_ONLY_NO_VINTAGE,false,true,true
2010-10-31,2010-10,98.59425999999999,98.59425999999999,"2015=100指数(对照,停2021)",M,CPICORE_FRED_2015B,FRED(OECD转载总务省),VALIDATED_MIRROR,,CPI2015BASE_REF,2026-09-05,LATEST_HISTORY_PROXY,PROXY,CURRENT_HISTORY_ONLY_NO_VINTAGE,false,true,true
2010-11-30,2010-11,98.34938000000001,98.34938000000001,"2015=100指数(对照,停2021)",M,CPICORE_FRED_2015B,FRED(OECD转载总务省),VALIDATED_MIRROR,,CPI2015BASE_REF,2026-09-05,LATEST_HISTORY_PROXY,PROXY,CURRENT_HISTORY_ONLY_NO_VINTAGE,false,true,true
2010-12-31,2010-12,98.35339,98.35339,"2015=100指数(对照,停2021)",M,CPICORE_FRED_2015B,FRED(OECD转载总务省),VALIDATED_MIRROR,,CPI2015BASE_REF,2026-09-05,LATEST_HISTORY_PROXY,PROXY,CURRENT_HISTORY_ONLY_NO_VINTAGE,false,true,true
2011-01-31,2011-01,97.83655999999999,97.83655999999999,"2015=100指数(对照,停2021)",M,CPICORE_FRED_2015B,FRED(OECD转载总务省),VALIDATED_MIRROR,,CPI2015BASE_REF,2026-09-05,LATEST_HISTORY_PROXY,PROXY,CURRENT_HISTORY_ONLY_NO_VINTAGE,false,true,true
2011-02-28,2011-02,97.76853,97.76853,"2015=100指数(对照,停2021)",M,CPICORE_FRED_2015B,FRED(OECD转载总务省),VALIDATED_MIRROR,,CPI2015BASE_REF,2026-09-05,LATEST_HISTORY_PROXY,PROXY,CURRENT_HISTORY_ONLY_NO_VINTAGE,false,true,true
2011-03-31,2011-03,97.86811,97.86811,"2015=100指数(对照,停2021)",M,CPICORE_FRED_2015B,FRED(OECD转载总务省),VALIDATED_MIRROR,,CPI2015BASE_REF,2026-09-05,LATEST_HISTORY_PROXY,PROXY,CURRENT_HISTORY_ONLY_NO_VINTAGE,false,true,true
2011-04-30,2011-04,97.84574,97.84574,"2015=100指数(对照,停2021)",M,CPICORE_FRED_2015B,FRED(OECD转载总务省),VALIDATED_MIRROR,,CPI2015BASE_REF,2026-09-05,LATEST_HISTORY_PROXY,PROXY,CURRENT_HISTORY_ONLY_NO_VINTAGE,false,true,true
2011-05-31,2011-05,98.01241999999999,98.01241999999999,"2015=100指数(对照,停2021)",M,CPICORE_FRED_2015B,FRED(OECD转载总务省),VALIDATED_MIRROR,,CPI2015BASE_REF,2026-09-05,LATEST_HISTORY_PROXY,PROXY,CURRENT_HISTORY_ONLY_NO_VINTAGE,false,true,true
2011-06-30,2011-06,97.84583,97.84583,"2015=100指数(对照,停2021)",M,CPICORE_FRED_2015B,FRED(OECD转载总务省),VALIDATED_MIRROR,,CPI2015BASE_REF,2026-09-05,LATEST_HISTORY_PROXY,PROXY,CURRENT_HISTORY_ONLY_NO_VINTAGE,false,true,true
2011-07-31,2011-07,97.72211,97.72211,"2015=100指数(对照,停2021)",M,CPICORE_FRED_2015B,FRED(OECD转载总务省),VALIDATED_MIRROR,,CPI2015BASE_REF,2026-09-05,LATEST_HISTORY_PROXY,PROXY,CURRENT_HISTORY_ONLY_NO_VINTAGE,false,true,true
2011-08-31,2011-08,97.78899,97.78899,"2015=100指数(对照,停2021)",M,CPICORE_FRED_2015B,FRED(OECD转载总务省),VALIDATED_MIRROR,,CPI2015BASE_REF,2026-09-05,LATEST_HISTORY_PROXY,PROXY,CURRENT_HISTORY_ONLY_NO_VINTAGE,false,true,true
2011-09-30,2011-09,97.80383,97.80383,"2015=100指数(对照,停2021)",M,CPICORE_FRED_2015B,FRED(OECD转载总务省),VALIDATED_MIRROR,,CPI2015BASE_REF,2026-09-05,LATEST_HISTORY_PROXY,PROXY,CURRENT_HISTORY_ONLY_NO_VINTAGE,false,true,true
2011-10-31,2011-10,97.72133000000001,97.72133000000001,"2015=100指数(对照,停2021)",M,CPICORE_FRED_2015B,FRED(OECD转载总务省),VALIDATED_MIRROR,,CPI2015BASE_REF,2026-09-05,LATEST_HISTORY_PROXY,PROXY,CURRENT_HISTORY_ONLY_NO_VINTAGE,false,true,true
2011-11-30,2011-11,97.3035,97.3035,"2015=100指数(对照,停2021)",M,CPICORE_FRED_2015B,FRED(OECD转载总务省),VALIDATED_MIRROR,,CPI2015BASE_REF,2026-09-05,LATEST_HISTORY_PROXY,PROXY,CURRENT_HISTORY_ONLY_NO_VINTAGE,false,true,true
2011-12-31,2011-12,97.3409,97.3409,"2015=100指数(对照,停2021)",M,CPICORE_FRED_2015B,FRED(OECD转载总务省),VALIDATED_MIRROR,,CPI2015BASE_REF,2026-09-05,LATEST_HISTORY_PROXY,PROXY,CURRENT_HISTORY_ONLY_NO_VINTAGE,false,true,true
2012-01-31,2012-01,97.04784000000001,97.04784000000001,"2015=100指数(对照,停2021)",M,CPICORE_FRED_2015B,FRED(OECD转载总务省),VALIDATED_MIRROR,,CPI2015BASE_REF,2026-09-05,LATEST_HISTORY_PROXY,PROXY,CURRENT_HISTORY_ONLY_NO_VINTAGE,false,true,true
2012-02-29,2012-02,97.24781,97.24781,"2015=100指数(对照,停2021)",M,CPICORE_FRED_2015B,FRED(OECD转载总务省),VALIDATED_MIRROR,,CPI2015BASE_REF,2026-09-05,LATEST_HISTORY_PROXY,PROXY,CURRENT_HISTORY_ONLY_NO_VINTAGE,false,true,true
2012-03-31,2012-03,97.4608,97.4608,"2015=100指数(对照,停2021)",M,CPICORE_FRED_2015B,FRED(OECD转载总务省),VALIDATED_MIRROR,,CPI2015BASE_REF,2026-09-05,LATEST_HISTORY_PROXY,PROXY,CURRENT_HISTORY_ONLY_NO_VINTAGE,false,true,true
2012-04-30,2012-04,97.73888000000001,97.73888000000001,"2015=100指数(对照,停2021)",M,CPICORE_FRED_2015B,FRED(OECD转载总务省),VALIDATED_MIRROR,,CPI2015BASE_REF,2026-09-05,LATEST_HISTORY_PROXY,PROXY,CURRENT_HISTORY_ONLY_NO_VINTAGE,false,true,true
2012-05-31,2012-05,97.53961,97.53961,"2015=100指数(对照,停2021)",M,CPICORE_FRED_2015B,FRED(OECD转载总务省),VALIDATED_MIRROR,,CPI2015BASE_REF,2026-09-05,LATEST_HISTORY_PROXY,PROXY,CURRENT_HISTORY_ONLY_NO_VINTAGE,false,true,true
2012-06-30,2012-06,97.29566,97.29566,"2015=100指数(对照,停2021)",M,CPICORE_FRED_2015B,FRED(OECD转载总务省),VALIDATED_MIRROR,,CPI2015BASE_REF,2026-09-05,LATEST_HISTORY_PROXY,PROXY,CURRENT_HISTORY_ONLY_NO_VINTAGE,false,true,true
2012-07-31,2012-07,97.06918,97.06918,"2015=100指数(对照,停2021)",M,CPICORE_FRED_2015B,FRED(OECD转载总务省),VALIDATED_MIRROR,,CPI2015BASE_REF,2026-09-05,LATEST_HISTORY_PROXY,PROXY,CURRENT_HISTORY_ONLY_NO_VINTAGE,false,true,true
2012-08-31,2012-08,97.2988,97.2988,"2015=100指数(对照,停2021)",M,CPICORE_FRED_2015B,FRED(OECD转载总务省),VALIDATED_MIRROR,,CPI2015BASE_REF,2026-09-05,LATEST_HISTORY_PROXY,PROXY,CURRENT_HISTORY_ONLY_NO_VINTAGE,false,true,true
2012-09-30,2012-09,97.20083000000001,97.20083000000001,"2015=100指数(对照,停2021)",M,CPICORE_FRED_2015B,FRED(OECD转载总务省),VALIDATED_MIRROR,,CPI2015BASE_REF,2026-09-05,LATEST_HISTORY_PROXY,PROXY,CURRENT_HISTORY_ONLY_NO_VINTAGE,false,true,true
2012-10-31,2012-10,97.17712,97.17712,"2015=100指数(对照,停2021)",M,CPICORE_FRED_2015B,FRED(OECD转载总务省),VALIDATED_MIRROR,,CPI2015BASE_REF,2026-09-05,LATEST_HISTORY_PROXY,PROXY,CURRENT_HISTORY_ONLY_NO_VINTAGE,false,true,true
2012-11-30,2012-11,96.95438,96.95438,"2015=100指数(对照,停2021)",M,CPICORE_FRED_2015B,FRED(OECD转载总务省),VALIDATED_MIRROR,,CPI2015BASE_REF,2026-09-05,LATEST_HISTORY_PROXY,PROXY,CURRENT_HISTORY_ONLY_NO_VINTAGE,false,true,true
2012-12-31,2012-12,96.75814,96.75814,"2015=100指数(对照,停2021)",M,CPICORE_FRED_2015B,FRED(OECD转载总务省),VALIDATED_MIRROR,,CPI2015BASE_REF,2026-09-05,LATEST_HISTORY_PROXY,PROXY,CURRENT_HISTORY_ONLY_NO_VINTAGE,false,true,true
2013-01-31,2013-01,96.43327,96.43327,"2015=100指数(对照,停2021)",M,CPICORE_FRED_2015B,FRED(OECD转载总务省),VALIDATED_MIRROR,,CPI2015BASE_REF,2026-09-05,LATEST_HISTORY_PROXY,PROXY,CURRENT_HISTORY_ONLY_NO_VINTAGE,false,true,true
2013-02-28,2013-02,96.36355999999999,96.36355999999999,"2015=100指数(对照,停2021)",M,CPICORE_FRED_2015B,FRED(OECD转载总务省),VALIDATED_MIRROR,,CPI2015BASE_REF,2026-09-05,LATEST_HISTORY_PROXY,PROXY,CURRENT_HISTORY_ONLY_NO_VINTAGE,false,true,true
2013-03-31,2013-03,96.77614,96.77614,"2015=100指数(对照,停2021)",M,CPICORE_FRED_2015B,FRED(OECD转载总务省),VALIDATED_MIRROR,,CPI2015BASE_REF,2026-09-05,LATEST_HISTORY_PROXY,PROXY,CURRENT_HISTORY_ONLY_NO_VINTAGE,false,true,true
2013-04-30,2013-04,97.16221,97.16221,"2015=100指数(对照,停2021)",M,CPICORE_FRED_2015B,FRED(OECD转载总务省),VALIDATED_MIRROR,,CPI2015BASE_REF,2026-09-05,LATEST_HISTORY_PROXY,PROXY,CURRENT_HISTORY_ONLY_NO_VINTAGE,false,true,true
2013-05-31,2013-05,97.23266,97.23266,"2015=100指数(对照,停2021)",M,CPICORE_FRED_2015B,FRED(OECD转载总务省),VALIDATED_MIRROR,,CPI2015BASE_REF,2026-09-05,LATEST_HISTORY_PROXY,PROXY,CURRENT_HISTORY_ONLY_NO_VINTAGE,false,true,true
2013-06-30,2013-06,97.17291999999999,97.17291999999999,"2015=100指数(对照,停2021)",M,CPICORE_FRED_2015B,FRED(OECD转载总务省),VALIDATED_MIRROR,,CPI2015BASE_REF,2026-09-05,LATEST_HISTORY_PROXY,PROXY,CURRENT_HISTORY_ONLY_NO_VINTAGE,false,true,true
2013-07-31,2013-07,97.14706,97.14706,"2015=100指数(对照,停2021)",M,CPICORE_FRED_2015B,FRED(OECD转载总务省),VALIDATED_MIRROR,,CPI2015BASE_REF,2026-09-05,LATEST_HISTORY_PROXY,PROXY,CURRENT_HISTORY_ONLY_NO_VINTAGE,false,true,true
2013-08-31,2013-08,97.35294,97.35294,"2015=100指数(对照,停2021)",M,CPICORE_FRED_2015B,FRED(OECD转载总务省),VALIDATED_MIRROR,,CPI2015BASE_REF,2026-09-05,LATEST_HISTORY_PROXY,PROXY,CURRENT_HISTORY_ONLY_NO_VINTAGE,false,true,true
2013-09-30,2013-09,97.32655,97.32655,"2015=100指数(对照,停2021)",M,CPICORE_FRED_2015B,FRED(OECD转载总务省),VALIDATED_MIRROR,,CPI2015BASE_REF,2026-09-05,LATEST_HISTORY_PROXY,PROXY,CURRENT_HISTORY_ONLY_NO_VINTAGE,false,true,true
2013-10-31,2013-10,97.5663,97.5663,"2015=100指数(对照,停2021)",M,CPICORE_FRED_2015B,FRED(OECD转载总务省),VALIDATED_MIRROR,,CPI2015BASE_REF,2026-09-05,LATEST_HISTORY_PROXY,PROXY,CURRENT_HISTORY_ONLY_NO_VINTAGE,false,true,true
2013-11-30,2013-11,97.52812,97.52812,"2015=100指数(对照,停2021)",M,CPICORE_FRED_2015B,FRED(OECD转载总务省),VALIDATED_MIRROR,,CPI2015BASE_REF,2026-09-05,LATEST_HISTORY_PROXY,PROXY,CURRENT_HISTORY_ONLY_NO_VINTAGE,false,true,true
2013-12-31,2013-12,97.4879,97.4879,"2015=100指数(对照,停2021)",M,CPICORE_FRED_2015B,FRED(OECD转载总务省),VALIDATED_MIRROR,,CPI2015BASE_REF,2026-09-05,LATEST_HISTORY_PROXY,PROXY,CURRENT_HISTORY_ONLY_NO_VINTAGE,false,true,true
2014-01-31,2014-01,97.15191999999999,97.15191999999999,"2015=100指数(对照,停2021)",M,CPICORE_FRED_2015B,FRED(OECD转载总务省),VALIDATED_MIRROR,,CPI2015BASE_REF,2026-09-05,LATEST_HISTORY_PROXY,PROXY,CURRENT_HISTORY_ONLY_NO_VINTAGE,false,true,true
2014-02-28,2014-02,97.2509,97.2509,"2015=100指数(对照,停2021)",M,CPICORE_FRED_2015B,FRED(OECD转载总务省),VALIDATED_MIRROR,,CPI2015BASE_REF,2026-09-05,LATEST_HISTORY_PROXY,PROXY,CURRENT_HISTORY_ONLY_NO_VINTAGE,false,true,true
2014-03-31,2014-03,97.50238,97.50238,"2015=100指数(对照,停2021)",M,CPICORE_FRED_2015B,FRED(OECD转载总务省),VALIDATED_MIRROR,,CPI2015BASE_REF,2026-09-05,LATEST_HISTORY_PROXY,PROXY,CURRENT_HISTORY_ONLY_NO_VINTAGE,false,true,true
2014-04-30,2014-04,99.43549,99.43549,"2015=100指数(对照,停2021)",M,CPICORE_FRED_2015B,FRED(OECD转载总务省),VALIDATED_MIRROR,,CPI2015BASE_REF,2026-09-05,LATEST_HISTORY_PROXY,PROXY,CURRENT_HISTORY_ONLY_NO_VINTAGE,false,true,true
2014-05-31,2014-05,99.59958,99.59958,"2015=100指数(对照,停2021)",M,CPICORE_FRED_2015B,FRED(OECD转载总务省),VALIDATED_MIRROR,,CPI2015BASE_REF,2026-09-05,LATEST_HISTORY_PROXY,PROXY,CURRENT_HISTORY_ONLY_NO_VINTAGE,false,true,true
2014-06-30,2014-06,99.48208000000001,99.48208000000001,"2015=100指数(对照,停2021)",M,CPICORE_FRED_2015B,FRED(OECD转载总务省),VALIDATED_MIRROR,,CPI2015BASE_REF,2026-09-05,LATEST_HISTORY_PROXY,PROXY,CURRENT_HISTORY_ONLY_NO_VINTAGE,false,true,true
2014-07-31,2014-07,99.58699,99.58699,"2015=100指数(对照,停2021)",M,CPICORE_FRED_2015B,FRED(OECD转载总务省),VALIDATED_MIRROR,,CPI2015BASE_REF,2026-09-05,LATEST_HISTORY_PROXY,PROXY,CURRENT_HISTORY_ONLY_NO_VINTAGE,false,true,true
2014-08-31,2014-08,99.70776,99.70776,"2015=100指数(对照,停2021)",M,CPICORE_FRED_2015B,FRED(OECD转载总务省),VALIDATED_MIRROR,,CPI2015BASE_REF,2026-09-05,LATEST_HISTORY_PROXY,PROXY,CURRENT_HISTORY_ONLY_NO_VINTAGE,false,true,true
2014-09-30,2014-09,99.6511,99.6511,"2015=100指数(对照,停2021)",M,CPICORE_FRED_2015B,FRED(OECD转载总务省),VALIDATED_MIRROR,,CPI2015BASE_REF,2026-09-05,LATEST_HISTORY_PROXY,PROXY,CURRENT_HISTORY_ONLY_NO_VINTAGE,false,true,true
2014-10-31,2014-10,99.80868000000001,99.80868000000001,"2015=100指数(对照,停2021)",M,CPICORE_FRED_2015B,FRED(OECD转载总务省),VALIDATED_MIRROR,,CPI2015BASE_REF,2026-09-05,LATEST_HISTORY_PROXY,PROXY,CURRENT_HISTORY_ONLY_NO_VINTAGE,false,true,true
2014-11-30,2014-11,99.75912,99.75912,"2015=100指数(对照,停2021)",M,CPICORE_FRED_2015B,FRED(OECD转载总务省),VALIDATED_MIRROR,,CPI2015BASE_REF,2026-09-05,LATEST_HISTORY_PROXY,PROXY,CURRENT_HISTORY_ONLY_NO_VINTAGE,false,true,true
2014-12-31,2014-12,99.60797,99.60797,"2015=100指数(对照,停2021)",M,CPICORE_FRED_2015B,FRED(OECD转载总务省),VALIDATED_MIRROR,,CPI2015BASE_REF,2026-09-05,LATEST_HISTORY_PROXY,PROXY,CURRENT_HISTORY_ONLY_NO_VINTAGE,false,true,true
2015-01-31,2015-01,99.30542,99.30542,"2015=100指数(对照,停2021)",M,CPICORE_FRED_2015B,FRED(OECD转载总务省),VALIDATED_MIRROR,,CPI2015BASE_REF,2026-09-05,LATEST_HISTORY_PROXY,PROXY,CURRENT_HISTORY_ONLY_NO_VINTAGE,false,true,true
2015-02-28,2015-02,99.31543,99.31543,"2015=100指数(对照,停2021)",M,CPICORE_FRED_2015B,FRED(OECD转载总务省),VALIDATED_MIRROR,,CPI2015BASE_REF,2026-09-05,LATEST_HISTORY_PROXY,PROXY,CURRENT_HISTORY_ONLY_NO_VINTAGE,false,true,true
2015-03-31,2015-03,99.56635,99.56635,"2015=100指数(对照,停2021)",M,CPICORE_FRED_2015B,FRED(OECD转载总务省),VALIDATED_MIRROR,,CPI2015BASE_REF,2026-09-05,LATEST_HISTORY_PROXY,PROXY,CURRENT_HISTORY_ONLY_NO_VINTAGE,false,true,true
2015-04-30,2015-04,99.98441,99.98441,"2015=100指数(对照,停2021)",M,CPICORE_FRED_2015B,FRED(OECD转载总务省),VALIDATED_MIRROR,,CPI2015BASE_REF,2026-09-05,LATEST_HISTORY_PROXY,PROXY,CURRENT_HISTORY_ONLY_NO_VINTAGE,false,true,true
2015-05-31,2015-05,100.1271,100.1271,"2015=100指数(对照,停2021)",M,CPICORE_FRED_2015B,FRED(OECD转载总务省),VALIDATED_MIRROR,,CPI2015BASE_REF,2026-09-05,LATEST_HISTORY_PROXY,PROXY,CURRENT_HISTORY_ONLY_NO_VINTAGE,false,true,true
2015-06-30,2015-06,99.95296,99.95296,"2015=100指数(对照,停2021)",M,CPICORE_FRED_2015B,FRED(OECD转载总务省),VALIDATED_MIRROR,,CPI2015BASE_REF,2026-09-05,LATEST_HISTORY_PROXY,PROXY,CURRENT_HISTORY_ONLY_NO_VINTAGE,false,true,true
2015-07-31,2015-07,100.0118,100.0118,"2015=100指数(对照,停2021)",M,CPICORE_FRED_2015B,FRED(OECD转载总务省),VALIDATED_MIRROR,,CPI2015BASE_REF,2026-09-05,LATEST_HISTORY_PROXY,PROXY,CURRENT_HISTORY_ONLY_NO_VINTAGE,false,true,true
2015-08-31,2015-08,100.2019,100.2019,"2015=100指数(对照,停2021)",M,CPICORE_FRED_2015B,FRED(OECD转载总务省),VALIDATED_MIRROR,,CPI2015BASE_REF,2026-09-05,LATEST_HISTORY_PROXY,PROXY,CURRENT_HISTORY_ONLY_NO_VINTAGE,false,true,true
2015-09-30,2015-09,100.3275,100.3275,"2015=100指数(对照,停2021)",M,CPICORE_FRED_2015B,FRED(OECD转载总务省),VALIDATED_MIRROR,,CPI2015BASE_REF,2026-09-05,LATEST_HISTORY_PROXY,PROXY,CURRENT_HISTORY_ONLY_NO_VINTAGE,false,true,true
2015-10-31,2015-10,100.4202,100.4202,"2015=100指数(对照,停2021)",M,CPICORE_FRED_2015B,FRED(OECD转载总务省),VALIDATED_MIRROR,,CPI2015BASE_REF,2026-09-05,LATEST_HISTORY_PROXY,PROXY,CURRENT_HISTORY_ONLY_NO_VINTAGE,false,true,true
2015-11-30,2015-11,100.375,100.375,"2015=100指数(对照,停2021)",M,CPICORE_FRED_2015B,FRED(OECD转载总务省),VALIDATED_MIRROR,,CPI2015BASE_REF,2026-09-05,LATEST_HISTORY_PROXY,PROXY,CURRENT_HISTORY_ONLY_NO_VINTAGE,false,true,true
2015-12-31,2015-12,100.412,100.412,"2015=100指数(对照,停2021)",M,CPICORE_FRED_2015B,FRED(OECD转载总务省),VALIDATED_MIRROR,,CPI2015BASE_REF,2026-09-05,LATEST_HISTORY_PROXY,PROXY,CURRENT_HISTORY_ONLY_NO_VINTAGE,false,true,true
2016-01-31,2016-01,99.79218,99.79218,"2015=100指数(对照,停2021)",M,CPICORE_FRED_2015B,FRED(OECD转载总务省),VALIDATED_MIRROR,,CPI2015BASE_REF,2026-09-05,LATEST_HISTORY_PROXY,PROXY,CURRENT_HISTORY_ONLY_NO_VINTAGE,false,true,true
2016-02-29,2016-02,99.92274,99.92274,"2015=100指数(对照,停2021)",M,CPICORE_FRED_2015B,FRED(OECD转载总务省),VALIDATED_MIRROR,,CPI2015BASE_REF,2026-09-05,LATEST_HISTORY_PROXY,PROXY,CURRENT_HISTORY_ONLY_NO_VINTAGE,false,true,true
2016-03-31,2016-03,100.2171,100.2171,"2015=100指数(对照,停2021)",M,CPICORE_FRED_2015B,FRED(OECD转载总务省),VALIDATED_MIRROR,,CPI2015BASE_REF,2026-09-05,LATEST_HISTORY_PROXY,PROXY,CURRENT_HISTORY_ONLY_NO_VINTAGE,false,true,true
2016-04-30,2016-04,100.5743,100.5743,"2015=100指数(对照,停2021)",M,CPICORE_FRED_2015B,FRED(OECD转载总务省),VALIDATED_MIRROR,,CPI2015BASE_REF,2026-09-05,LATEST_HISTORY_PROXY,PROXY,CURRENT_HISTORY_ONLY_NO_VINTAGE,false,true,true
2016-05-31,2016-05,100.6126,100.6126,"2015=100指数(对照,停2021)",M,CPICORE_FRED_2015B,FRED(OECD转载总务省),VALIDATED_MIRROR,,CPI2015BASE_REF,2026-09-05,LATEST_HISTORY_PROXY,PROXY,CURRENT_HISTORY_ONLY_NO_VINTAGE,false,true,true
2016-06-30,2016-06,100.4934,100.4934,"2015=100指数(对照,停2021)",M,CPICORE_FRED_2015B,FRED(OECD转载总务省),VALIDATED_MIRROR,,CPI2015BASE_REF,2026-09-05,LATEST_HISTORY_PROXY,PROXY,CURRENT_HISTORY_ONLY_NO_VINTAGE,false,true,true
2016-07-31,2016-07,100.3538,100.3538,"2015=100指数(对照,停2021)",M,CPICORE_FRED_2015B,FRED(OECD转载总务省),VALIDATED_MIRROR,,CPI2015BASE_REF,2026-09-05,LATEST_HISTORY_PROXY,PROXY,CURRENT_HISTORY_ONLY_NO_VINTAGE,false,true,true
2016-08-31,2016-08,100.43,100.43,"2015=100指数(对照,停2021)",M,CPICORE_FRED_2015B,FRED(OECD转载总务省),VALIDATED_MIRROR,,CPI2015BASE_REF,2026-09-05,LATEST_HISTORY_PROXY,PROXY,CURRENT_HISTORY_ONLY_NO_VINTAGE,false,true,true
2016-09-30,2016-09,100.3402,100.3402,"2015=100指数(对照,停2021)",M,CPICORE_FRED_2015B,FRED(OECD转载总务省),VALIDATED_MIRROR,,CPI2015BASE_REF,2026-09-05,LATEST_HISTORY_PROXY,PROXY,CURRENT_HISTORY_ONLY_NO_VINTAGE,false,true,true
2016-10-31,2016-10,100.6135,100.6135,"2015=100指数(对照,停2021)",M,CPICORE_FRED_2015B,FRED(OECD转载总务省),VALIDATED_MIRROR,,CPI2015BASE_REF,2026-09-05,LATEST_HISTORY_PROXY,PROXY,CURRENT_HISTORY_ONLY_NO_VINTAGE,false,true,true
2016-11-30,2016-11,100.5246,100.5246,"2015=100指数(对照,停2021)",M,CPICORE_FRED_2015B,FRED(OECD转载总务省),VALIDATED_MIRROR,,CPI2015BASE_REF,2026-09-05,LATEST_HISTORY_PROXY,PROXY,CURRENT_HISTORY_ONLY_NO_VINTAGE,false,true,true
2016-12-31,2016-12,100.4398,100.4398,"2015=100指数(对照,停2021)",M,CPICORE_FRED_2015B,FRED(OECD转载总务省),VALIDATED_MIRROR,,CPI2015BASE_REF,2026-09-05,LATEST_HISTORY_PROXY,PROXY,CURRENT_HISTORY_ONLY_NO_VINTAGE,false,true,true
2017-01-31,2017-01,99.96929,99.96929,"2015=100指数(对照,停2021)",M,CPICORE_FRED_2015B,FRED(OECD转载总务省),VALIDATED_MIRROR,,CPI2015BASE_REF,2026-09-05,LATEST_HISTORY_PROXY,PROXY,CURRENT_HISTORY_ONLY_NO_VINTAGE,false,true,true
2017-02-28,2017-02,99.9201,99.9201,"2015=100指数(对照,停2021)",M,CPICORE_FRED_2015B,FRED(OECD转载总务省),VALIDATED_MIRROR,,CPI2015BASE_REF,2026-09-05,LATEST_HISTORY_PROXY,PROXY,CURRENT_HISTORY_ONLY_NO_VINTAGE,false,true,true
2017-03-31,2017-03,99.92988000000001,99.92988000000001,"2015=100指数(对照,停2021)",M,CPICORE_FRED_2015B,FRED(OECD转载总务省),VALIDATED_MIRROR,,CPI2015BASE_REF,2026-09-05,LATEST_HISTORY_PROXY,PROXY,CURRENT_HISTORY_ONLY_NO_VINTAGE,false,true,true
2017-04-30,2017-04,100.3302,100.3302,"2015=100指数(对照,停2021)",M,CPICORE_FRED_2015B,FRED(OECD转载总务省),VALIDATED_MIRROR,,CPI2015BASE_REF,2026-09-05,LATEST_HISTORY_PROXY,PROXY,CURRENT_HISTORY_ONLY_NO_VINTAGE,false,true,true
2017-05-31,2017-05,100.3367,100.3367,"2015=100指数(对照,停2021)",M,CPICORE_FRED_2015B,FRED(OECD转载总务省),VALIDATED_MIRROR,,CPI2015BASE_REF,2026-09-05,LATEST_HISTORY_PROXY,PROXY,CURRENT_HISTORY_ONLY_NO_VINTAGE,false,true,true
2017-06-30,2017-06,100.3097,100.3097,"2015=100指数(对照,停2021)",M,CPICORE_FRED_2015B,FRED(OECD转载总务省),VALIDATED_MIRROR,,CPI2015BASE_REF,2026-09-05,LATEST_HISTORY_PROXY,PROXY,CURRENT_HISTORY_ONLY_NO_VINTAGE,false,true,true
2017-07-31,2017-07,100.1462,100.1462,"2015=100指数(对照,停2021)",M,CPICORE_FRED_2015B,FRED(OECD转载总务省),VALIDATED_MIRROR,,CPI2015BASE_REF,2026-09-05,LATEST_HISTORY_PROXY,PROXY,CURRENT_HISTORY_ONLY_NO_VINTAGE,false,true,true
2017-08-31,2017-08,100.3062,100.3062,"2015=100指数(对照,停2021)",M,CPICORE_FRED_2015B,FRED(OECD转载总务省),VALIDATED_MIRROR,,CPI2015BASE_REF,2026-09-05,LATEST_HISTORY_PROXY,PROXY,CURRENT_HISTORY_ONLY_NO_VINTAGE,false,true,true
2017-09-30,2017-09,100.3804,100.3804,"2015=100指数(对照,停2021)",M,CPICORE_FRED_2015B,FRED(OECD转载总务省),VALIDATED_MIRROR,,CPI2015BASE_REF,2026-09-05,LATEST_HISTORY_PROXY,PROXY,CURRENT_HISTORY_ONLY_NO_VINTAGE,false,true,true
2017-10-31,2017-10,100.5274,100.5274,"2015=100指数(对照,停2021)",M,CPICORE_FRED_2015B,FRED(OECD转载总务省),VALIDATED_MIRROR,,CPI2015BASE_REF,2026-09-05,LATEST_HISTORY_PROXY,PROXY,CURRENT_HISTORY_ONLY_NO_VINTAGE,false,true,true
2017-11-30,2017-11,100.4904,100.4904,"2015=100指数(对照,停2021)",M,CPICORE_FRED_2015B,FRED(OECD转载总务省),VALIDATED_MIRROR,,CPI2015BASE_REF,2026-09-05,LATEST_HISTORY_PROXY,PROXY,CURRENT_HISTORY_ONLY_NO_VINTAGE,false,true,true
2017-12-31,2017-12,100.4906,100.4906,"2015=100指数(对照,停2021)",M,CPICORE_FRED_2015B,FRED(OECD转载总务省),VALIDATED_MIRROR,,CPI2015BASE_REF,2026-09-05,LATEST_HISTORY_PROXY,PROXY,CURRENT_HISTORY_ONLY_NO_VINTAGE,false,true,true
2018-01-31,2018-01,100.0669,100.0669,"2015=100指数(对照,停2021)",M,CPICORE_FRED_2015B,FRED(OECD转载总务省),VALIDATED_MIRROR,,CPI2015BASE_REF,2026-09-05,LATEST_HISTORY_PROXY,PROXY,CURRENT_HISTORY_ONLY_NO_VINTAGE,false,true,true
2018-02-28,2018-02,100.1521,100.1521,"2015=100指数(对照,停2021)",M,CPICORE_FRED_2015B,FRED(OECD转载总务省),VALIDATED_MIRROR,,CPI2015BASE_REF,2026-09-05,LATEST_HISTORY_PROXY,PROXY,CURRENT_HISTORY_ONLY_NO_VINTAGE,false,true,true
2018-03-31,2018-03,100.244,100.244,"2015=100指数(对照,停2021)",M,CPICORE_FRED_2015B,FRED(OECD转载总务省),VALIDATED_MIRROR,,CPI2015BASE_REF,2026-09-05,LATEST_HISTORY_PROXY,PROXY,CURRENT_HISTORY_ONLY_NO_VINTAGE,false,true,true
2018-04-30,2018-04,100.4178,100.4178,"2015=100指数(对照,停2021)",M,CPICORE_FRED_2015B,FRED(OECD转载总务省),VALIDATED_MIRROR,,CPI2015BASE_REF,2026-09-05,LATEST_HISTORY_PROXY,PROXY,CURRENT_HISTORY_ONLY_NO_VINTAGE,false,true,true
2018-05-31,2018-05,100.5471,100.5471,"2015=100指数(对照,停2021)",M,CPICORE_FRED_2015B,FRED(OECD转载总务省),VALIDATED_MIRROR,,CPI2015BASE_REF,2026-09-05,LATEST_HISTORY_PROXY,PROXY,CURRENT_HISTORY_ONLY_NO_VINTAGE,false,true,true
2018-06-30,2018-06,100.366,100.366,"2015=100指数(对照,停2021)",M,CPICORE_FRED_2015B,FRED(OECD转载总务省),VALIDATED_MIRROR,,CPI2015BASE_REF,2026-09-05,LATEST_HISTORY_PROXY,PROXY,CURRENT_HISTORY_ONLY_NO_VINTAGE,false,true,true
2018-07-31,2018-07,100.1777,100.1777,"2015=100指数(对照,停2021)",M,CPICORE_FRED_2015B,FRED(OECD转载总务省),VALIDATED_MIRROR,,CPI2015BASE_REF,2026-09-05,LATEST_HISTORY_PROXY,PROXY,CURRENT_HISTORY_ONLY_NO_VINTAGE,false,true,true
2018-08-31,2018-08,100.5951,100.5951,"2015=100指数(对照,停2021)",M,CPICORE_FRED_2015B,FRED(OECD转载总务省),VALIDATED_MIRROR,,CPI2015BASE_REF,2026-09-05,LATEST_HISTORY_PROXY,PROXY,CURRENT_HISTORY_ONLY_NO_VINTAGE,false,true,true
2018-09-30,2018-09,100.4616,100.4616,"2015=100指数(对照,停2021)",M,CPICORE_FRED_2015B,FRED(OECD转载总务省),VALIDATED_MIRROR,,CPI2015BASE_REF,2026-09-05,LATEST_HISTORY_PROXY,PROXY,CURRENT_HISTORY_ONLY_NO_VINTAGE,false,true,true
2018-10-31,2018-10,100.7234,100.7234,"2015=100指数(对照,停2021)",M,CPICORE_FRED_2015B,FRED(OECD转载总务省),VALIDATED_MIRROR,,CPI2015BASE_REF,2026-09-05,LATEST_HISTORY_PROXY,PROXY,CURRENT_HISTORY_ONLY_NO_VINTAGE,false,true,true
2018-11-30,2018-11,100.7304,100.7304,"2015=100指数(对照,停2021)",M,CPICORE_FRED_2015B,FRED(OECD转载总务省),VALIDATED_MIRROR,,CPI2015BASE_REF,2026-09-05,LATEST_HISTORY_PROXY,PROXY,CURRENT_HISTORY_ONLY_NO_VINTAGE,false,true,true
2018-12-31,2018-12,100.655,100.655,"2015=100指数(对照,停2021)",M,CPICORE_FRED_2015B,FRED(OECD转载总务省),VALIDATED_MIRROR,,CPI2015BASE_REF,2026-09-05,LATEST_HISTORY_PROXY,PROXY,CURRENT_HISTORY_ONLY_NO_VINTAGE,false,true,true
2019-01-31,2019-01,100.3913,100.3913,"2015=100指数(对照,停2021)",M,CPICORE_FRED_2015B,FRED(OECD转载总务省),VALIDATED_MIRROR,,CPI2015BASE_REF,2026-09-05,LATEST_HISTORY_PROXY,PROXY,CURRENT_HISTORY_ONLY_NO_VINTAGE,false,true,true
2019-02-28,2019-02,100.5261,100.5261,"2015=100指数(对照,停2021)",M,CPICORE_FRED_2015B,FRED(OECD转载总务省),VALIDATED_MIRROR,,CPI2015BASE_REF,2026-09-05,LATEST_HISTORY_PROXY,PROXY,CURRENT_HISTORY_ONLY_NO_VINTAGE,false,true,true
2019-03-31,2019-03,100.5681,100.5681,"2015=100指数(对照,停2021)",M,CPICORE_FRED_2015B,FRED(OECD转载总务省),VALIDATED_MIRROR,,CPI2015BASE_REF,2026-09-05,LATEST_HISTORY_PROXY,PROXY,CURRENT_HISTORY_ONLY_NO_VINTAGE,false,true,true
2019-04-30,2019-04,100.9621,100.9621,"2015=100指数(对照,停2021)",M,CPICORE_FRED_2015B,FRED(OECD转载总务省),VALIDATED_MIRROR,,CPI2015BASE_REF,2026-09-05,LATEST_HISTORY_PROXY,PROXY,CURRENT_HISTORY_ONLY_NO_VINTAGE,false,true,true
2019-05-31,2019-05,100.8741,100.8741,"2015=100指数(对照,停2021)",M,CPICORE_FRED_2015B,FRED(OECD转载总务省),VALIDATED_MIRROR,,CPI2015BASE_REF,2026-09-05,LATEST_HISTORY_PROXY,PROXY,CURRENT_HISTORY_ONLY_NO_VINTAGE,false,true,true
2019-06-30,2019-06,100.6137,100.6137,"2015=100指数(对照,停2021)",M,CPICORE_FRED_2015B,FRED(OECD转载总务省),VALIDATED_MIRROR,,CPI2015BASE_REF,2026-09-05,LATEST_HISTORY_PROXY,PROXY,CURRENT_HISTORY_ONLY_NO_VINTAGE,false,true,true
2019-07-31,2019-07,100.6645,100.6645,"2015=100指数(对照,停2021)",M,CPICORE_FRED_2015B,FRED(OECD转载总务省),VALIDATED_MIRROR,,CPI2015BASE_REF,2026-09-05,LATEST_HISTORY_PROXY,PROXY,CURRENT_HISTORY_ONLY_NO_VINTAGE,false,true,true
2019-08-31,2019-08,100.9329,100.9329,"2015=100指数(对照,停2021)",M,CPICORE_FRED_2015B,FRED(OECD转载总务省),VALIDATED_MIRROR,,CPI2015BASE_REF,2026-09-05,LATEST_HISTORY_PROXY,PROXY,CURRENT_HISTORY_ONLY_NO_VINTAGE,false,true,true
2019-09-30,2019-09,100.8396,100.8396,"2015=100指数(对照,停2021)",M,CPICORE_FRED_2015B,FRED(OECD转载总务省),VALIDATED_MIRROR,,CPI2015BASE_REF,2026-09-05,LATEST_HISTORY_PROXY,PROXY,CURRENT_HISTORY_ONLY_NO_VINTAGE,false,true,true
2019-10-31,2019-10,101.2192,101.2192,"2015=100指数(对照,停2021)",M,CPICORE_FRED_2015B,FRED(OECD转载总务省),VALIDATED_MIRROR,,CPI2015BASE_REF,2026-09-05,LATEST_HISTORY_PROXY,PROXY,CURRENT_HISTORY_ONLY_NO_VINTAGE,false,true,true
2019-11-30,2019-11,101.3779,101.3779,"2015=100指数(对照,停2021)",M,CPICORE_FRED_2015B,FRED(OECD转载总务省),VALIDATED_MIRROR,,CPI2015BASE_REF,2026-09-05,LATEST_HISTORY_PROXY,PROXY,CURRENT_HISTORY_ONLY_NO_VINTAGE,false,true,true
2019-12-31,2019-12,101.4219,101.4219,"2015=100指数(对照,停2021)",M,CPICORE_FRED_2015B,FRED(OECD转载总务省),VALIDATED_MIRROR,,CPI2015BASE_REF,2026-09-05,LATEST_HISTORY_PROXY,PROXY,CURRENT_HISTORY_ONLY_NO_VINTAGE,false,true,true
2020-01-31,2020-01,101.1005,101.1005,"2015=100指数(对照,停2021)",M,CPICORE_FRED_2015B,FRED(OECD转载总务省),VALIDATED_MIRROR,,CPI2015BASE_REF,2026-09-05,LATEST_HISTORY_PROXY,PROXY,CURRENT_HISTORY_ONLY_NO_VINTAGE,false,true,true
2020-02-29,2020-02,101.098,101.098,"2015=100指数(对照,停2021)",M,CPICORE_FRED_2015B,FRED(OECD转载总务省),VALIDATED_MIRROR,,CPI2015BASE_REF,2026-09-05,LATEST_HISTORY_PROXY,PROXY,CURRENT_HISTORY_ONLY_NO_VINTAGE,false,true,true
2020-03-31,2020-03,101.2212,101.2212,"2015=100指数(对照,停2021)",M,CPICORE_FRED_2015B,FRED(OECD转载总务省),VALIDATED_MIRROR,,CPI2015BASE_REF,2026-09-05,LATEST_HISTORY_PROXY,PROXY,CURRENT_HISTORY_ONLY_NO_VINTAGE,false,true,true
2020-04-30,2020-04,101.1062,101.1062,"2015=100指数(对照,停2021)",M,CPICORE_FRED_2015B,FRED(OECD转载总务省),VALIDATED_MIRROR,,CPI2015BASE_REF,2026-09-05,LATEST_HISTORY_PROXY,PROXY,CURRENT_HISTORY_ONLY_NO_VINTAGE,false,true,true
2020-05-31,2020-05,101.1224,101.1224,"2015=100指数(对照,停2021)",M,CPICORE_FRED_2015B,FRED(OECD转载总务省),VALIDATED_MIRROR,,CPI2015BASE_REF,2026-09-05,LATEST_HISTORY_PROXY,PROXY,CURRENT_HISTORY_ONLY_NO_VINTAGE,false,true,true
2020-06-30,2020-06,100.9075,100.9075,"2015=100指数(对照,停2021)",M,CPICORE_FRED_2015B,FRED(OECD转载总务省),VALIDATED_MIRROR,,CPI2015BASE_REF,2026-09-05,LATEST_HISTORY_PROXY,PROXY,CURRENT_HISTORY_ONLY_NO_VINTAGE,false,true,true
2020-07-31,2020-07,100.932,100.932,"2015=100指数(对照,停2021)",M,CPICORE_FRED_2015B,FRED(OECD转载总务省),VALIDATED_MIRROR,,CPI2015BASE_REF,2026-09-05,LATEST_HISTORY_PROXY,PROXY,CURRENT_HISTORY_ONLY_NO_VINTAGE,false,true,true
2020-08-31,2020-08,100.7413,100.7413,"2015=100指数(对照,停2021)",M,CPICORE_FRED_2015B,FRED(OECD转载总务省),VALIDATED_MIRROR,,CPI2015BASE_REF,2026-09-05,LATEST_HISTORY_PROXY,PROXY,CURRENT_HISTORY_ONLY_NO_VINTAGE,false,true,true
2020-09-30,2020-09,100.7458,100.7458,"2015=100指数(对照,停2021)",M,CPICORE_FRED_2015B,FRED(OECD转载总务省),VALIDATED_MIRROR,,CPI2015BASE_REF,2026-09-05,LATEST_HISTORY_PROXY,PROXY,CURRENT_HISTORY_ONLY_NO_VINTAGE,false,true,true
2020-10-31,2020-10,100.8118,100.8118,"2015=100指数(对照,停2021)",M,CPICORE_FRED_2015B,FRED(OECD转载总务省),VALIDATED_MIRROR,,CPI2015BASE_REF,2026-09-05,LATEST_HISTORY_PROXY,PROXY,CURRENT_HISTORY_ONLY_NO_VINTAGE,false,true,true
2020-11-30,2020-11,100.8984,100.8984,"2015=100指数(对照,停2021)",M,CPICORE_FRED_2015B,FRED(OECD转载总务省),VALIDATED_MIRROR,,CPI2015BASE_REF,2026-09-05,LATEST_HISTORY_PROXY,PROXY,CURRENT_HISTORY_ONLY_NO_VINTAGE,false,true,true
2020-12-31,2020-12,100.8715,100.8715,"2015=100指数(对照,停2021)",M,CPICORE_FRED_2015B,FRED(OECD转载总务省),VALIDATED_MIRROR,,CPI2015BASE_REF,2026-09-05,LATEST_HISTORY_PROXY,PROXY,CURRENT_HISTORY_ONLY_NO_VINTAGE,false,true,true
2021-01-31,2021-01,101.1014,101.1014,"2015=100指数(对照,停2021)",M,CPICORE_FRED_2015B,FRED(OECD转载总务省),VALIDATED_MIRROR,,CPI2015BASE_REF,2026-09-05,LATEST_HISTORY_PROXY,PROXY,CURRENT_HISTORY_ONLY_NO_VINTAGE,false,true,true
2021-02-28,2021-02,101.2078,101.2078,"2015=100指数(对照,停2021)",M,CPICORE_FRED_2015B,FRED(OECD转载总务省),VALIDATED_MIRROR,,CPI2015BASE_REF,2026-09-05,LATEST_HISTORY_PROXY,PROXY,CURRENT_HISTORY_ONLY_NO_VINTAGE,false,true,true
2021-03-31,2021-03,101.2716,101.2716,"2015=100指数(对照,停2021)",M,CPICORE_FRED_2015B,FRED(OECD转载总务省),VALIDATED_MIRROR,,CPI2015BASE_REF,2026-09-05,LATEST_HISTORY_PROXY,PROXY,CURRENT_HISTORY_ONLY_NO_VINTAGE,false,true,true
2021-04-30,2021-04,99.99635,99.99635,"2015=100指数(对照,停2021)",M,CPICORE_FRED_2015B,FRED(OECD转载总务省),VALIDATED_MIRROR,,CPI2015BASE_REF,2026-09-05,LATEST_HISTORY_PROXY,PROXY,CURRENT_HISTORY_ONLY_NO_VINTAGE,false,true,true
2021-05-31,2021-05,100.1078,100.1078,"2015=100指数(对照,停2021)",M,CPICORE_FRED_2015B,FRED(OECD转载总务省),VALIDATED_MIRROR,,CPI2015BASE_REF,2026-09-05,LATEST_HISTORY_PROXY,PROXY,CURRENT_HISTORY_ONLY_NO_VINTAGE,false,true,true
2021-06-30,2021-06,99.89941,99.89941,"2015=100指数(对照,停2021)",M,CPICORE_FRED_2015B,FRED(OECD转载总务省),VALIDATED_MIRROR,,CPI2015BASE_REF,2026-09-05,LATEST_HISTORY_PROXY,PROXY,CURRENT_HISTORY_ONLY_NO_VINTAGE,false,true,true
2021-07-31,2021-07,,.,"2015=100指数(对照,停2021)",M,CPICORE_FRED_2015B,FRED(OECD转载总务省),VALIDATED_MIRROR,,CPI2015BASE_REF,2026-09-05,LATEST_HISTORY_PROXY,PROXY,CURRENT_HISTORY_ONLY_NO_VINTAGE,false,true,true
2021-08-31,2021-08,,.,"2015=100指数(对照,停2021)",M,CPICORE_FRED_2015B,FRED(OECD转载总务省),VALIDATED_MIRROR,,CPI2015BASE_REF,2026-09-05,LATEST_HISTORY_PROXY,PROXY,CURRENT_HISTORY_ONLY_NO_VINTAGE,false,true,true
2021-09-30,2021-09,,.,"2015=100指数(对照,停2021)",M,CPICORE_FRED_2015B,FRED(OECD转载总务省),VALIDATED_MIRROR,,CPI2015BASE_REF,2026-09-05,LATEST_HISTORY_PROXY,PROXY,CURRENT_HISTORY_ONLY_NO_VINTAGE,false,true,true
2021-10-31,2021-10,,.,"2015=100指数(对照,停2021)",M,CPICORE_FRED_2015B,FRED(OECD转载总务省),VALIDATED_MIRROR,,CPI2015BASE_REF,2026-09-05,LATEST_HISTORY_PROXY,PROXY,CURRENT_HISTORY_ONLY_NO_VINTAGE,false,true,true
2021-11-30,2021-11,,.,"2015=100指数(对照,停2021)",M,CPICORE_FRED_2015B,FRED(OECD转载总务省),VALIDATED_MIRROR,,CPI2015BASE_REF,2026-09-05,LATEST_HISTORY_PROXY,PROXY,CURRENT_HISTORY_ONLY_NO_VINTAGE,false,true,true
2021-12-31,2021-12,,.,"2015=100指数(对照,停2021)",M,CPICORE_FRED_2015B,FRED(OECD转载总务省),VALIDATED_MIRROR,,CPI2015BASE_REF,2026-09-05,LATEST_HISTORY_PROXY,PROXY,CURRENT_HISTORY_ONLY_NO_VINTAGE,false,true,true
2022-01-31,2022-01,,.,"2015=100指数(对照,停2021)",M,CPICORE_FRED_2015B,FRED(OECD转载总务省),VALIDATED_MIRROR,,CPI2015BASE_REF,2026-09-05,LATEST_HISTORY_PROXY,PROXY,CURRENT_HISTORY_ONLY_NO_VINTAGE,false,true,true
2022-02-28,2022-02,,.,"2015=100指数(对照,停2021)",M,CPICORE_FRED_2015B,FRED(OECD转载总务省),VALIDATED_MIRROR,,CPI2015BASE_REF,2026-09-05,LATEST_HISTORY_PROXY,PROXY,CURRENT_HISTORY_ONLY_NO_VINTAGE,false,true,true
2022-03-31,2022-03,,.,"2015=100指数(对照,停2021)",M,CPICORE_FRED_2015B,FRED(OECD转载总务省),VALIDATED_MIRROR,,CPI2015BASE_REF,2026-09-05,LATEST_HISTORY_PROXY,PROXY,CURRENT_HISTORY_ONLY_NO_VINTAGE,false,true,true
2022-04-30,2022-04,,.,"2015=100指数(对照,停2021)",M,CPICORE_FRED_2015B,FRED(OECD转载总务省),VALIDATED_MIRROR,,CPI2015BASE_REF,2026-09-05,LATEST_HISTORY_PROXY,PROXY,CURRENT_HISTORY_ONLY_NO_VINTAGE,false,true,true
