date,period,value,value_raw,unit,freq,source,provider,source_type,definition_regime,note,value_available_date,vintage_type,release_rule_status,vintage_evidence,historical_realtime_eligible,post_vad_eligible,source_validity_eligible
1955-01-31,1955-01,55360000000.0,55360000000.0,日元(OECD自行季调),M,EXPORT_FRED_SA,FRED(OECD转载财务省),VALIDATED_MIRROR,,TRADE_OECD_SA,2026-09-05,LATEST_HISTORY_PROXY,PROXY,CURRENT_HISTORY_ONLY_NO_VINTAGE,false,true,true
1955-02-28,1955-02,55810000000.0,55810000000.0,日元(OECD自行季调),M,EXPORT_FRED_SA,FRED(OECD转载财务省),VALIDATED_MIRROR,,TRADE_OECD_SA,2026-09-05,LATEST_HISTORY_PROXY,PROXY,CURRENT_HISTORY_ONLY_NO_VINTAGE,false,true,true
1955-03-31,1955-03,53740000000.0,53740000000.0,日元(OECD自行季调),M,EXPORT_FRED_SA,FRED(OECD转载财务省),VALIDATED_MIRROR,,TRADE_OECD_SA,2026-09-05,LATEST_HISTORY_PROXY,PROXY,CURRENT_HISTORY_ONLY_NO_VINTAGE,false,true,true
1955-04-30,1955-04,56620000000.0,56620000000.0,日元(OECD自行季调),M,EXPORT_FRED_SA,FRED(OECD转载财务省),VALIDATED_MIRROR,,TRADE_OECD_SA,2026-09-05,LATEST_HISTORY_PROXY,PROXY,CURRENT_HISTORY_ONLY_NO_VINTAGE,false,true,true
1955-05-31,1955-05,55500000000.0,55500000000.0,日元(OECD自行季调),M,EXPORT_FRED_SA,FRED(OECD转载财务省),VALIDATED_MIRROR,,TRADE_OECD_SA,2026-09-05,LATEST_HISTORY_PROXY,PROXY,CURRENT_HISTORY_ONLY_NO_VINTAGE,false,true,true
1955-06-30,1955-06,60060000000.0,60060000000.0,日元(OECD自行季调),M,EXPORT_FRED_SA,FRED(OECD转载财务省),VALIDATED_MIRROR,,TRADE_OECD_SA,2026-09-05,LATEST_HISTORY_PROXY,PROXY,CURRENT_HISTORY_ONLY_NO_VINTAGE,false,true,true
1955-07-31,1955-07,58130000000.0,58130000000.0,日元(OECD自行季调),M,EXPORT_FRED_SA,FRED(OECD转载财务省),VALIDATED_MIRROR,,TRADE_OECD_SA,2026-09-05,LATEST_HISTORY_PROXY,PROXY,CURRENT_HISTORY_ONLY_NO_VINTAGE,false,true,true
1955-08-31,1955-08,61990000000.0,61990000000.0,日元(OECD自行季调),M,EXPORT_FRED_SA,FRED(OECD转载财务省),VALIDATED_MIRROR,,TRADE_OECD_SA,2026-09-05,LATEST_HISTORY_PROXY,PROXY,CURRENT_HISTORY_ONLY_NO_VINTAGE,false,true,true
1955-09-30,1955-09,64360000000.0,64360000000.0,日元(OECD自行季调),M,EXPORT_FRED_SA,FRED(OECD转载财务省),VALIDATED_MIRROR,,TRADE_OECD_SA,2026-09-05,LATEST_HISTORY_PROXY,PROXY,CURRENT_HISTORY_ONLY_NO_VINTAGE,false,true,true
1955-10-31,1955-10,64250000000.0,64250000000.0,日元(OECD自行季调),M,EXPORT_FRED_SA,FRED(OECD转载财务省),VALIDATED_MIRROR,,TRADE_OECD_SA,2026-09-05,LATEST_HISTORY_PROXY,PROXY,CURRENT_HISTORY_ONLY_NO_VINTAGE,false,true,true
1955-11-30,1955-11,63450000000.0,63450000000.0,日元(OECD自行季调),M,EXPORT_FRED_SA,FRED(OECD转载财务省),VALIDATED_MIRROR,,TRADE_OECD_SA,2026-09-05,LATEST_HISTORY_PROXY,PROXY,CURRENT_HISTORY_ONLY_NO_VINTAGE,false,true,true
1955-12-31,1955-12,70730000000.0,70730000000.0,日元(OECD自行季调),M,EXPORT_FRED_SA,FRED(OECD转载财务省),VALIDATED_MIRROR,,TRADE_OECD_SA,2026-09-05,LATEST_HISTORY_PROXY,PROXY,CURRENT_HISTORY_ONLY_NO_VINTAGE,false,true,true
1956-01-31,1956-01,70460000000.0,70460000000.0,日元(OECD自行季调),M,EXPORT_FRED_SA,FRED(OECD转载财务省),VALIDATED_MIRROR,,TRADE_OECD_SA,2026-09-05,LATEST_HISTORY_PROXY,PROXY,CURRENT_HISTORY_ONLY_NO_VINTAGE,false,true,true
1956-02-29,1956-02,69850000000.0,69850000000.0,日元(OECD自行季调),M,EXPORT_FRED_SA,FRED(OECD转载财务省),VALIDATED_MIRROR,,TRADE_OECD_SA,2026-09-05,LATEST_HISTORY_PROXY,PROXY,CURRENT_HISTORY_ONLY_NO_VINTAGE,false,true,true
1956-03-31,1956-03,71670000000.0,71670000000.0,日元(OECD自行季调),M,EXPORT_FRED_SA,FRED(OECD转载财务省),VALIDATED_MIRROR,,TRADE_OECD_SA,2026-09-05,LATEST_HISTORY_PROXY,PROXY,CURRENT_HISTORY_ONLY_NO_VINTAGE,false,true,true
1956-04-30,1956-04,73150000000.0,73150000000.0,日元(OECD自行季调),M,EXPORT_FRED_SA,FRED(OECD转载财务省),VALIDATED_MIRROR,,TRADE_OECD_SA,2026-09-05,LATEST_HISTORY_PROXY,PROXY,CURRENT_HISTORY_ONLY_NO_VINTAGE,false,true,true
1956-05-31,1956-05,72930000000.0,72930000000.0,日元(OECD自行季调),M,EXPORT_FRED_SA,FRED(OECD转载财务省),VALIDATED_MIRROR,,TRADE_OECD_SA,2026-09-05,LATEST_HISTORY_PROXY,PROXY,CURRENT_HISTORY_ONLY_NO_VINTAGE,false,true,true
1956-06-30,1956-06,79210000000.0,79210000000.0,日元(OECD自行季调),M,EXPORT_FRED_SA,FRED(OECD转载财务省),VALIDATED_MIRROR,,TRADE_OECD_SA,2026-09-05,LATEST_HISTORY_PROXY,PROXY,CURRENT_HISTORY_ONLY_NO_VINTAGE,false,true,true
1956-07-31,1956-07,71810000000.0,71810000000.0,日元(OECD自行季调),M,EXPORT_FRED_SA,FRED(OECD转载财务省),VALIDATED_MIRROR,,TRADE_OECD_SA,2026-09-05,LATEST_HISTORY_PROXY,PROXY,CURRENT_HISTORY_ONLY_NO_VINTAGE,false,true,true
1956-08-31,1956-08,76230000000.0,76230000000.0,日元(OECD自行季调),M,EXPORT_FRED_SA,FRED(OECD转载财务省),VALIDATED_MIRROR,,TRADE_OECD_SA,2026-09-05,LATEST_HISTORY_PROXY,PROXY,CURRENT_HISTORY_ONLY_NO_VINTAGE,false,true,true
1956-09-30,1956-09,74660000000.0,74660000000.0,日元(OECD自行季调),M,EXPORT_FRED_SA,FRED(OECD转载财务省),VALIDATED_MIRROR,,TRADE_OECD_SA,2026-09-05,LATEST_HISTORY_PROXY,PROXY,CURRENT_HISTORY_ONLY_NO_VINTAGE,false,true,true
1956-10-31,1956-10,79970000000.0,79970000000.0,日元(OECD自行季调),M,EXPORT_FRED_SA,FRED(OECD转载财务省),VALIDATED_MIRROR,,TRADE_OECD_SA,2026-09-05,LATEST_HISTORY_PROXY,PROXY,CURRENT_HISTORY_ONLY_NO_VINTAGE,false,true,true
1956-11-30,1956-11,80750000000.0,80750000000.0,日元(OECD自行季调),M,EXPORT_FRED_SA,FRED(OECD转载财务省),VALIDATED_MIRROR,,TRADE_OECD_SA,2026-09-05,LATEST_HISTORY_PROXY,PROXY,CURRENT_HISTORY_ONLY_NO_VINTAGE,false,true,true
1956-12-31,1956-12,77840000000.0,77840000000.0,日元(OECD自行季调),M,EXPORT_FRED_SA,FRED(OECD转载财务省),VALIDATED_MIRROR,,TRADE_OECD_SA,2026-09-05,LATEST_HISTORY_PROXY,PROXY,CURRENT_HISTORY_ONLY_NO_VINTAGE,false,true,true
1957-01-31,1957-01,81100000000.0,81100000000.0,日元(OECD自行季调),M,EXPORT_FRED_SA,FRED(OECD转载财务省),VALIDATED_MIRROR,,TRADE_OECD_SA,2026-09-05,LATEST_HISTORY_PROXY,PROXY,CURRENT_HISTORY_ONLY_NO_VINTAGE,false,true,true
1957-02-28,1957-02,79140000000.0,79140000000.0,日元(OECD自行季调),M,EXPORT_FRED_SA,FRED(OECD转载财务省),VALIDATED_MIRROR,,TRADE_OECD_SA,2026-09-05,LATEST_HISTORY_PROXY,PROXY,CURRENT_HISTORY_ONLY_NO_VINTAGE,false,true,true
1957-03-31,1957-03,87320000000.0,87320000000.0,日元(OECD自行季调),M,EXPORT_FRED_SA,FRED(OECD转载财务省),VALIDATED_MIRROR,,TRADE_OECD_SA,2026-09-05,LATEST_HISTORY_PROXY,PROXY,CURRENT_HISTORY_ONLY_NO_VINTAGE,false,true,true
1957-04-30,1957-04,84650000000.0,84650000000.0,日元(OECD自行季调),M,EXPORT_FRED_SA,FRED(OECD转载财务省),VALIDATED_MIRROR,,TRADE_OECD_SA,2026-09-05,LATEST_HISTORY_PROXY,PROXY,CURRENT_HISTORY_ONLY_NO_VINTAGE,false,true,true
1957-05-31,1957-05,88330000000.0,88330000000.0,日元(OECD自行季调),M,EXPORT_FRED_SA,FRED(OECD转载财务省),VALIDATED_MIRROR,,TRADE_OECD_SA,2026-09-05,LATEST_HISTORY_PROXY,PROXY,CURRENT_HISTORY_ONLY_NO_VINTAGE,false,true,true
1957-06-30,1957-06,79070000000.0,79070000000.0,日元(OECD自行季调),M,EXPORT_FRED_SA,FRED(OECD转载财务省),VALIDATED_MIRROR,,TRADE_OECD_SA,2026-09-05,LATEST_HISTORY_PROXY,PROXY,CURRENT_HISTORY_ONLY_NO_VINTAGE,false,true,true
1957-07-31,1957-07,90470000000.0,90470000000.0,日元(OECD自行季调),M,EXPORT_FRED_SA,FRED(OECD转载财务省),VALIDATED_MIRROR,,TRADE_OECD_SA,2026-09-05,LATEST_HISTORY_PROXY,PROXY,CURRENT_HISTORY_ONLY_NO_VINTAGE,false,true,true
1957-08-31,1957-08,91150000000.0,91150000000.0,日元(OECD自行季调),M,EXPORT_FRED_SA,FRED(OECD转载财务省),VALIDATED_MIRROR,,TRADE_OECD_SA,2026-09-05,LATEST_HISTORY_PROXY,PROXY,CURRENT_HISTORY_ONLY_NO_VINTAGE,false,true,true
1957-09-30,1957-09,93740000000.0,93740000000.0,日元(OECD自行季调),M,EXPORT_FRED_SA,FRED(OECD转载财务省),VALIDATED_MIRROR,,TRADE_OECD_SA,2026-09-05,LATEST_HISTORY_PROXY,PROXY,CURRENT_HISTORY_ONLY_NO_VINTAGE,false,true,true
1957-10-31,1957-10,77700000000.0,77700000000.0,日元(OECD自行季调),M,EXPORT_FRED_SA,FRED(OECD转载财务省),VALIDATED_MIRROR,,TRADE_OECD_SA,2026-09-05,LATEST_HISTORY_PROXY,PROXY,CURRENT_HISTORY_ONLY_NO_VINTAGE,false,true,true
1957-11-30,1957-11,87570000000.0,87570000000.0,日元(OECD自行季调),M,EXPORT_FRED_SA,FRED(OECD转载财务省),VALIDATED_MIRROR,,TRADE_OECD_SA,2026-09-05,LATEST_HISTORY_PROXY,PROXY,CURRENT_HISTORY_ONLY_NO_VINTAGE,false,true,true
1957-12-31,1957-12,86910000000.0,86910000000.0,日元(OECD自行季调),M,EXPORT_FRED_SA,FRED(OECD转载财务省),VALIDATED_MIRROR,,TRADE_OECD_SA,2026-09-05,LATEST_HISTORY_PROXY,PROXY,CURRENT_HISTORY_ONLY_NO_VINTAGE,false,true,true
1958-01-31,1958-01,89970000000.0,89970000000.0,日元(OECD自行季调),M,EXPORT_FRED_SA,FRED(OECD转载财务省),VALIDATED_MIRROR,,TRADE_OECD_SA,2026-09-05,LATEST_HISTORY_PROXY,PROXY,CURRENT_HISTORY_ONLY_NO_VINTAGE,false,true,true
1958-02-28,1958-02,88710000000.0,88710000000.0,日元(OECD自行季调),M,EXPORT_FRED_SA,FRED(OECD转载财务省),VALIDATED_MIRROR,,TRADE_OECD_SA,2026-09-05,LATEST_HISTORY_PROXY,PROXY,CURRENT_HISTORY_ONLY_NO_VINTAGE,false,true,true
1958-03-31,1958-03,92080000000.0,92080000000.0,日元(OECD自行季调),M,EXPORT_FRED_SA,FRED(OECD转载财务省),VALIDATED_MIRROR,,TRADE_OECD_SA,2026-09-05,LATEST_HISTORY_PROXY,PROXY,CURRENT_HISTORY_ONLY_NO_VINTAGE,false,true,true
1958-04-30,1958-04,83830000000.0,83830000000.0,日元(OECD自行季调),M,EXPORT_FRED_SA,FRED(OECD转载财务省),VALIDATED_MIRROR,,TRADE_OECD_SA,2026-09-05,LATEST_HISTORY_PROXY,PROXY,CURRENT_HISTORY_ONLY_NO_VINTAGE,false,true,true
1958-05-31,1958-05,86070000000.0,86070000000.0,日元(OECD自行季调),M,EXPORT_FRED_SA,FRED(OECD转载财务省),VALIDATED_MIRROR,,TRADE_OECD_SA,2026-09-05,LATEST_HISTORY_PROXY,PROXY,CURRENT_HISTORY_ONLY_NO_VINTAGE,false,true,true
1958-06-30,1958-06,85290000000.0,85290000000.0,日元(OECD自行季调),M,EXPORT_FRED_SA,FRED(OECD转载财务省),VALIDATED_MIRROR,,TRADE_OECD_SA,2026-09-05,LATEST_HISTORY_PROXY,PROXY,CURRENT_HISTORY_ONLY_NO_VINTAGE,false,true,true
1958-07-31,1958-07,82970000000.0,82970000000.0,日元(OECD自行季调),M,EXPORT_FRED_SA,FRED(OECD转载财务省),VALIDATED_MIRROR,,TRADE_OECD_SA,2026-09-05,LATEST_HISTORY_PROXY,PROXY,CURRENT_HISTORY_ONLY_NO_VINTAGE,false,true,true
1958-08-31,1958-08,80730000000.0,80730000000.0,日元(OECD自行季调),M,EXPORT_FRED_SA,FRED(OECD转载财务省),VALIDATED_MIRROR,,TRADE_OECD_SA,2026-09-05,LATEST_HISTORY_PROXY,PROXY,CURRENT_HISTORY_ONLY_NO_VINTAGE,false,true,true
1958-09-30,1958-09,82960000000.0,82960000000.0,日元(OECD自行季调),M,EXPORT_FRED_SA,FRED(OECD转载财务省),VALIDATED_MIRROR,,TRADE_OECD_SA,2026-09-05,LATEST_HISTORY_PROXY,PROXY,CURRENT_HISTORY_ONLY_NO_VINTAGE,false,true,true
1958-10-31,1958-10,88510000000.0,88510000000.0,日元(OECD自行季调),M,EXPORT_FRED_SA,FRED(OECD转载财务省),VALIDATED_MIRROR,,TRADE_OECD_SA,2026-09-05,LATEST_HISTORY_PROXY,PROXY,CURRENT_HISTORY_ONLY_NO_VINTAGE,false,true,true
1958-11-30,1958-11,87750000000.0,87750000000.0,日元(OECD自行季调),M,EXPORT_FRED_SA,FRED(OECD转载财务省),VALIDATED_MIRROR,,TRADE_OECD_SA,2026-09-05,LATEST_HISTORY_PROXY,PROXY,CURRENT_HISTORY_ONLY_NO_VINTAGE,false,true,true
1958-12-31,1958-12,87320000000.0,87320000000.0,日元(OECD自行季调),M,EXPORT_FRED_SA,FRED(OECD转载财务省),VALIDATED_MIRROR,,TRADE_OECD_SA,2026-09-05,LATEST_HISTORY_PROXY,PROXY,CURRENT_HISTORY_ONLY_NO_VINTAGE,false,true,true
1959-01-31,1959-01,87430000000.0,87430000000.0,日元(OECD自行季调),M,EXPORT_FRED_SA,FRED(OECD转载财务省),VALIDATED_MIRROR,,TRADE_OECD_SA,2026-09-05,LATEST_HISTORY_PROXY,PROXY,CURRENT_HISTORY_ONLY_NO_VINTAGE,false,true,true
1959-02-28,1959-02,100370000000.0,100370000000.0,日元(OECD自行季调),M,EXPORT_FRED_SA,FRED(OECD转载财务省),VALIDATED_MIRROR,,TRADE_OECD_SA,2026-09-05,LATEST_HISTORY_PROXY,PROXY,CURRENT_HISTORY_ONLY_NO_VINTAGE,false,true,true
1959-03-31,1959-03,91120000000.0,91120000000.0,日元(OECD自行季调),M,EXPORT_FRED_SA,FRED(OECD转载财务省),VALIDATED_MIRROR,,TRADE_OECD_SA,2026-09-05,LATEST_HISTORY_PROXY,PROXY,CURRENT_HISTORY_ONLY_NO_VINTAGE,false,true,true
1959-04-30,1959-04,99060000000.0,99060000000.0,日元(OECD自行季调),M,EXPORT_FRED_SA,FRED(OECD转载财务省),VALIDATED_MIRROR,,TRADE_OECD_SA,2026-09-05,LATEST_HISTORY_PROXY,PROXY,CURRENT_HISTORY_ONLY_NO_VINTAGE,false,true,true
1959-05-31,1959-05,103010000000.0,103010000000.0,日元(OECD自行季调),M,EXPORT_FRED_SA,FRED(OECD转载财务省),VALIDATED_MIRROR,,TRADE_OECD_SA,2026-09-05,LATEST_HISTORY_PROXY,PROXY,CURRENT_HISTORY_ONLY_NO_VINTAGE,false,true,true
1959-06-30,1959-06,101640000000.0,101640000000.0,日元(OECD自行季调),M,EXPORT_FRED_SA,FRED(OECD转载财务省),VALIDATED_MIRROR,,TRADE_OECD_SA,2026-09-05,LATEST_HISTORY_PROXY,PROXY,CURRENT_HISTORY_ONLY_NO_VINTAGE,false,true,true
1959-07-31,1959-07,107010000000.0,107010000000.0,日元(OECD自行季调),M,EXPORT_FRED_SA,FRED(OECD转载财务省),VALIDATED_MIRROR,,TRADE_OECD_SA,2026-09-05,LATEST_HISTORY_PROXY,PROXY,CURRENT_HISTORY_ONLY_NO_VINTAGE,false,true,true
1959-08-31,1959-08,107100000000.0,107100000000.0,日元(OECD自行季调),M,EXPORT_FRED_SA,FRED(OECD转载财务省),VALIDATED_MIRROR,,TRADE_OECD_SA,2026-09-05,LATEST_HISTORY_PROXY,PROXY,CURRENT_HISTORY_ONLY_NO_VINTAGE,false,true,true
1959-09-30,1959-09,101310000000.0,101310000000.0,日元(OECD自行季调),M,EXPORT_FRED_SA,FRED(OECD转载财务省),VALIDATED_MIRROR,,TRADE_OECD_SA,2026-09-05,LATEST_HISTORY_PROXY,PROXY,CURRENT_HISTORY_ONLY_NO_VINTAGE,false,true,true
1959-10-31,1959-10,119010000000.0,119010000000.0,日元(OECD自行季调),M,EXPORT_FRED_SA,FRED(OECD转载财务省),VALIDATED_MIRROR,,TRADE_OECD_SA,2026-09-05,LATEST_HISTORY_PROXY,PROXY,CURRENT_HISTORY_ONLY_NO_VINTAGE,false,true,true
1959-11-30,1959-11,107700000000.0,107700000000.0,日元(OECD自行季调),M,EXPORT_FRED_SA,FRED(OECD转载财务省),VALIDATED_MIRROR,,TRADE_OECD_SA,2026-09-05,LATEST_HISTORY_PROXY,PROXY,CURRENT_HISTORY_ONLY_NO_VINTAGE,false,true,true
1959-12-31,1959-12,112890000000.0,112890000000.0,日元(OECD自行季调),M,EXPORT_FRED_SA,FRED(OECD转载财务省),VALIDATED_MIRROR,,TRADE_OECD_SA,2026-09-05,LATEST_HISTORY_PROXY,PROXY,CURRENT_HISTORY_ONLY_NO_VINTAGE,false,true,true
1960-01-31,1960-01,110750000000,110750000000,日元(OECD自行季调),M,EXPORT_FRED_SA,FRED(OECD转载财务省),VALIDATED_MIRROR,,TRADE_OECD_SA,2026-09-05,LATEST_HISTORY_PROXY,PROXY,CURRENT_HISTORY_ONLY_NO_VINTAGE,false,true,true
1960-02-29,1960-02,117190000000,117190000000,日元(OECD自行季调),M,EXPORT_FRED_SA,FRED(OECD转载财务省),VALIDATED_MIRROR,,TRADE_OECD_SA,2026-09-05,LATEST_HISTORY_PROXY,PROXY,CURRENT_HISTORY_ONLY_NO_VINTAGE,false,true,true
1960-03-31,1960-03,116060000000,116060000000,日元(OECD自行季调),M,EXPORT_FRED_SA,FRED(OECD转载财务省),VALIDATED_MIRROR,,TRADE_OECD_SA,2026-09-05,LATEST_HISTORY_PROXY,PROXY,CURRENT_HISTORY_ONLY_NO_VINTAGE,false,true,true
1960-04-30,1960-04,117490000000,117490000000,日元(OECD自行季调),M,EXPORT_FRED_SA,FRED(OECD转载财务省),VALIDATED_MIRROR,,TRADE_OECD_SA,2026-09-05,LATEST_HISTORY_PROXY,PROXY,CURRENT_HISTORY_ONLY_NO_VINTAGE,false,true,true
1960-05-31,1960-05,115470000000,115470000000,日元(OECD自行季调),M,EXPORT_FRED_SA,FRED(OECD转载财务省),VALIDATED_MIRROR,,TRADE_OECD_SA,2026-09-05,LATEST_HISTORY_PROXY,PROXY,CURRENT_HISTORY_ONLY_NO_VINTAGE,false,true,true
1960-06-30,1960-06,124820000000,124820000000,日元(OECD自行季调),M,EXPORT_FRED_SA,FRED(OECD转载财务省),VALIDATED_MIRROR,,TRADE_OECD_SA,2026-09-05,LATEST_HISTORY_PROXY,PROXY,CURRENT_HISTORY_ONLY_NO_VINTAGE,false,true,true
1960-07-31,1960-07,120220000000,120220000000,日元(OECD自行季调),M,EXPORT_FRED_SA,FRED(OECD转载财务省),VALIDATED_MIRROR,,TRADE_OECD_SA,2026-09-05,LATEST_HISTORY_PROXY,PROXY,CURRENT_HISTORY_ONLY_NO_VINTAGE,false,true,true
1960-08-31,1960-08,121170000000,121170000000,日元(OECD自行季调),M,EXPORT_FRED_SA,FRED(OECD转载财务省),VALIDATED_MIRROR,,TRADE_OECD_SA,2026-09-05,LATEST_HISTORY_PROXY,PROXY,CURRENT_HISTORY_ONLY_NO_VINTAGE,false,true,true
1960-09-30,1960-09,130979999999.99998,130979999999.99998,日元(OECD自行季调),M,EXPORT_FRED_SA,FRED(OECD转载财务省),VALIDATED_MIRROR,,TRADE_OECD_SA,2026-09-05,LATEST_HISTORY_PROXY,PROXY,CURRENT_HISTORY_ONLY_NO_VINTAGE,false,true,true
1960-10-31,1960-10,121700000000,121700000000,日元(OECD自行季调),M,EXPORT_FRED_SA,FRED(OECD转载财务省),VALIDATED_MIRROR,,TRADE_OECD_SA,2026-09-05,LATEST_HISTORY_PROXY,PROXY,CURRENT_HISTORY_ONLY_NO_VINTAGE,false,true,true
1960-11-30,1960-11,134300000000.00002,134300000000.00002,日元(OECD自行季调),M,EXPORT_FRED_SA,FRED(OECD转载财务省),VALIDATED_MIRROR,,TRADE_OECD_SA,2026-09-05,LATEST_HISTORY_PROXY,PROXY,CURRENT_HISTORY_ONLY_NO_VINTAGE,false,true,true
1960-12-31,1960-12,125460000000,125460000000,日元(OECD自行季调),M,EXPORT_FRED_SA,FRED(OECD转载财务省),VALIDATED_MIRROR,,TRADE_OECD_SA,2026-09-05,LATEST_HISTORY_PROXY,PROXY,CURRENT_HISTORY_ONLY_NO_VINTAGE,false,true,true
1961-01-31,1961-01,134419999999.99998,134419999999.99998,日元(OECD自行季调),M,EXPORT_FRED_SA,FRED(OECD转载财务省),VALIDATED_MIRROR,,TRADE_OECD_SA,2026-09-05,LATEST_HISTORY_PROXY,PROXY,CURRENT_HISTORY_ONLY_NO_VINTAGE,false,true,true
1961-02-28,1961-02,118100000000,118100000000,日元(OECD自行季调),M,EXPORT_FRED_SA,FRED(OECD转载财务省),VALIDATED_MIRROR,,TRADE_OECD_SA,2026-09-05,LATEST_HISTORY_PROXY,PROXY,CURRENT_HISTORY_ONLY_NO_VINTAGE,false,true,true
1961-03-31,1961-03,125530000000,125530000000,日元(OECD自行季调),M,EXPORT_FRED_SA,FRED(OECD转载财务省),VALIDATED_MIRROR,,TRADE_OECD_SA,2026-09-05,LATEST_HISTORY_PROXY,PROXY,CURRENT_HISTORY_ONLY_NO_VINTAGE,false,true,true
1961-04-30,1961-04,129970000000,129970000000,日元(OECD自行季调),M,EXPORT_FRED_SA,FRED(OECD转载财务省),VALIDATED_MIRROR,,TRADE_OECD_SA,2026-09-05,LATEST_HISTORY_PROXY,PROXY,CURRENT_HISTORY_ONLY_NO_VINTAGE,false,true,true
1961-05-31,1961-05,121330000000,121330000000,日元(OECD自行季调),M,EXPORT_FRED_SA,FRED(OECD转载财务省),VALIDATED_MIRROR,,TRADE_OECD_SA,2026-09-05,LATEST_HISTORY_PROXY,PROXY,CURRENT_HISTORY_ONLY_NO_VINTAGE,false,true,true
1961-06-30,1961-06,125470000000,125470000000,日元(OECD自行季调),M,EXPORT_FRED_SA,FRED(OECD转载财务省),VALIDATED_MIRROR,,TRADE_OECD_SA,2026-09-05,LATEST_HISTORY_PROXY,PROXY,CURRENT_HISTORY_ONLY_NO_VINTAGE,false,true,true
1961-07-31,1961-07,127100000000,127100000000,日元(OECD自行季调),M,EXPORT_FRED_SA,FRED(OECD转载财务省),VALIDATED_MIRROR,,TRADE_OECD_SA,2026-09-05,LATEST_HISTORY_PROXY,PROXY,CURRENT_HISTORY_ONLY_NO_VINTAGE,false,true,true
1961-08-31,1961-08,127980000000,127980000000,日元(OECD自行季调),M,EXPORT_FRED_SA,FRED(OECD转载财务省),VALIDATED_MIRROR,,TRADE_OECD_SA,2026-09-05,LATEST_HISTORY_PROXY,PROXY,CURRENT_HISTORY_ONLY_NO_VINTAGE,false,true,true
1961-09-30,1961-09,125920000000,125920000000,日元(OECD自行季调),M,EXPORT_FRED_SA,FRED(OECD转载财务省),VALIDATED_MIRROR,,TRADE_OECD_SA,2026-09-05,LATEST_HISTORY_PROXY,PROXY,CURRENT_HISTORY_ONLY_NO_VINTAGE,false,true,true
1961-10-31,1961-10,122030000000,122030000000,日元(OECD自行季调),M,EXPORT_FRED_SA,FRED(OECD转载财务省),VALIDATED_MIRROR,,TRADE_OECD_SA,2026-09-05,LATEST_HISTORY_PROXY,PROXY,CURRENT_HISTORY_ONLY_NO_VINTAGE,false,true,true
1961-11-30,1961-11,131449999999.99998,131449999999.99998,日元(OECD自行季调),M,EXPORT_FRED_SA,FRED(OECD转载财务省),VALIDATED_MIRROR,,TRADE_OECD_SA,2026-09-05,LATEST_HISTORY_PROXY,PROXY,CURRENT_HISTORY_ONLY_NO_VINTAGE,false,true,true
1961-12-31,1961-12,135370000000,135370000000,日元(OECD自行季调),M,EXPORT_FRED_SA,FRED(OECD转载财务省),VALIDATED_MIRROR,,TRADE_OECD_SA,2026-09-05,LATEST_HISTORY_PROXY,PROXY,CURRENT_HISTORY_ONLY_NO_VINTAGE,false,true,true
1962-01-31,1962-01,131669999999.99998,131669999999.99998,日元(OECD自行季调),M,EXPORT_FRED_SA,FRED(OECD转载财务省),VALIDATED_MIRROR,,TRADE_OECD_SA,2026-09-05,LATEST_HISTORY_PROXY,PROXY,CURRENT_HISTORY_ONLY_NO_VINTAGE,false,true,true
1962-02-28,1962-02,142010000000,142010000000,日元(OECD自行季调),M,EXPORT_FRED_SA,FRED(OECD转载财务省),VALIDATED_MIRROR,,TRADE_OECD_SA,2026-09-05,LATEST_HISTORY_PROXY,PROXY,CURRENT_HISTORY_ONLY_NO_VINTAGE,false,true,true
1962-03-31,1962-03,138960000000,138960000000,日元(OECD自行季调),M,EXPORT_FRED_SA,FRED(OECD转载财务省),VALIDATED_MIRROR,,TRADE_OECD_SA,2026-09-05,LATEST_HISTORY_PROXY,PROXY,CURRENT_HISTORY_ONLY_NO_VINTAGE,false,true,true
1962-04-30,1962-04,132130000000,132130000000,日元(OECD自行季调),M,EXPORT_FRED_SA,FRED(OECD转载财务省),VALIDATED_MIRROR,,TRADE_OECD_SA,2026-09-05,LATEST_HISTORY_PROXY,PROXY,CURRENT_HISTORY_ONLY_NO_VINTAGE,false,true,true
1962-05-31,1962-05,157080000000,157080000000,日元(OECD自行季调),M,EXPORT_FRED_SA,FRED(OECD转载财务省),VALIDATED_MIRROR,,TRADE_OECD_SA,2026-09-05,LATEST_HISTORY_PROXY,PROXY,CURRENT_HISTORY_ONLY_NO_VINTAGE,false,true,true
1962-06-30,1962-06,149510000000,149510000000,日元(OECD自行季调),M,EXPORT_FRED_SA,FRED(OECD转载财务省),VALIDATED_MIRROR,,TRADE_OECD_SA,2026-09-05,LATEST_HISTORY_PROXY,PROXY,CURRENT_HISTORY_ONLY_NO_VINTAGE,false,true,true
1962-07-31,1962-07,152370000000,152370000000,日元(OECD自行季调),M,EXPORT_FRED_SA,FRED(OECD转载财务省),VALIDATED_MIRROR,,TRADE_OECD_SA,2026-09-05,LATEST_HISTORY_PROXY,PROXY,CURRENT_HISTORY_ONLY_NO_VINTAGE,false,true,true
1962-08-31,1962-08,148990000000,148990000000,日元(OECD自行季调),M,EXPORT_FRED_SA,FRED(OECD转载财务省),VALIDATED_MIRROR,,TRADE_OECD_SA,2026-09-05,LATEST_HISTORY_PROXY,PROXY,CURRENT_HISTORY_ONLY_NO_VINTAGE,false,true,true
1962-09-30,1962-09,159220000000,159220000000,日元(OECD自行季调),M,EXPORT_FRED_SA,FRED(OECD转载财务省),VALIDATED_MIRROR,,TRADE_OECD_SA,2026-09-05,LATEST_HISTORY_PROXY,PROXY,CURRENT_HISTORY_ONLY_NO_VINTAGE,false,true,true
1962-10-31,1962-10,151240000000,151240000000,日元(OECD自行季调),M,EXPORT_FRED_SA,FRED(OECD转载财务省),VALIDATED_MIRROR,,TRADE_OECD_SA,2026-09-05,LATEST_HISTORY_PROXY,PROXY,CURRENT_HISTORY_ONLY_NO_VINTAGE,false,true,true
1962-11-30,1962-11,146280000000,146280000000,日元(OECD自行季调),M,EXPORT_FRED_SA,FRED(OECD转载财务省),VALIDATED_MIRROR,,TRADE_OECD_SA,2026-09-05,LATEST_HISTORY_PROXY,PROXY,CURRENT_HISTORY_ONLY_NO_VINTAGE,false,true,true
1962-12-31,1962-12,153160000000,153160000000,日元(OECD自行季调),M,EXPORT_FRED_SA,FRED(OECD转载财务省),VALIDATED_MIRROR,,TRADE_OECD_SA,2026-09-05,LATEST_HISTORY_PROXY,PROXY,CURRENT_HISTORY_ONLY_NO_VINTAGE,false,true,true
1963-01-31,1963-01,153620000000,153620000000,日元(OECD自行季调),M,EXPORT_FRED_SA,FRED(OECD转载财务省),VALIDATED_MIRROR,,TRADE_OECD_SA,2026-09-05,LATEST_HISTORY_PROXY,PROXY,CURRENT_HISTORY_ONLY_NO_VINTAGE,false,true,true
1963-02-28,1963-02,149080000000,149080000000,日元(OECD自行季调),M,EXPORT_FRED_SA,FRED(OECD转载财务省),VALIDATED_MIRROR,,TRADE_OECD_SA,2026-09-05,LATEST_HISTORY_PROXY,PROXY,CURRENT_HISTORY_ONLY_NO_VINTAGE,false,true,true
1963-03-31,1963-03,152240000000,152240000000,日元(OECD自行季调),M,EXPORT_FRED_SA,FRED(OECD转载财务省),VALIDATED_MIRROR,,TRADE_OECD_SA,2026-09-05,LATEST_HISTORY_PROXY,PROXY,CURRENT_HISTORY_ONLY_NO_VINTAGE,false,true,true
1963-04-30,1963-04,163850000000,163850000000,日元(OECD自行季调),M,EXPORT_FRED_SA,FRED(OECD转载财务省),VALIDATED_MIRROR,,TRADE_OECD_SA,2026-09-05,LATEST_HISTORY_PROXY,PROXY,CURRENT_HISTORY_ONLY_NO_VINTAGE,false,true,true
1963-05-31,1963-05,152430000000,152430000000,日元(OECD自行季调),M,EXPORT_FRED_SA,FRED(OECD转载财务省),VALIDATED_MIRROR,,TRADE_OECD_SA,2026-09-05,LATEST_HISTORY_PROXY,PROXY,CURRENT_HISTORY_ONLY_NO_VINTAGE,false,true,true
1963-06-30,1963-06,156660000000,156660000000,日元(OECD自行季调),M,EXPORT_FRED_SA,FRED(OECD转载财务省),VALIDATED_MIRROR,,TRADE_OECD_SA,2026-09-05,LATEST_HISTORY_PROXY,PROXY,CURRENT_HISTORY_ONLY_NO_VINTAGE,false,true,true
1963-07-31,1963-07,155610000000,155610000000,日元(OECD自行季调),M,EXPORT_FRED_SA,FRED(OECD转载财务省),VALIDATED_MIRROR,,TRADE_OECD_SA,2026-09-05,LATEST_HISTORY_PROXY,PROXY,CURRENT_HISTORY_ONLY_NO_VINTAGE,false,true,true
1963-08-31,1963-08,172470000000,172470000000,日元(OECD自行季调),M,EXPORT_FRED_SA,FRED(OECD转载财务省),VALIDATED_MIRROR,,TRADE_OECD_SA,2026-09-05,LATEST_HISTORY_PROXY,PROXY,CURRENT_HISTORY_ONLY_NO_VINTAGE,false,true,true
1963-09-30,1963-09,169100000000,169100000000,日元(OECD自行季调),M,EXPORT_FRED_SA,FRED(OECD转载财务省),VALIDATED_MIRROR,,TRADE_OECD_SA,2026-09-05,LATEST_HISTORY_PROXY,PROXY,CURRENT_HISTORY_ONLY_NO_VINTAGE,false,true,true
1963-10-31,1963-10,172980000000,172980000000,日元(OECD自行季调),M,EXPORT_FRED_SA,FRED(OECD转载财务省),VALIDATED_MIRROR,,TRADE_OECD_SA,2026-09-05,LATEST_HISTORY_PROXY,PROXY,CURRENT_HISTORY_ONLY_NO_VINTAGE,false,true,true
1963-11-30,1963-11,173470000000,173470000000,日元(OECD自行季调),M,EXPORT_FRED_SA,FRED(OECD转载财务省),VALIDATED_MIRROR,,TRADE_OECD_SA,2026-09-05,LATEST_HISTORY_PROXY,PROXY,CURRENT_HISTORY_ONLY_NO_VINTAGE,false,true,true
1963-12-31,1963-12,182160000000,182160000000,日元(OECD自行季调),M,EXPORT_FRED_SA,FRED(OECD转载财务省),VALIDATED_MIRROR,,TRADE_OECD_SA,2026-09-05,LATEST_HISTORY_PROXY,PROXY,CURRENT_HISTORY_ONLY_NO_VINTAGE,false,true,true
1964-01-31,1964-01,165280000000,165280000000,日元(OECD自行季调),M,EXPORT_FRED_SA,FRED(OECD转载财务省),VALIDATED_MIRROR,,TRADE_OECD_SA,2026-09-05,LATEST_HISTORY_PROXY,PROXY,CURRENT_HISTORY_ONLY_NO_VINTAGE,false,true,true
1964-02-29,1964-02,176440000000,176440000000,日元(OECD自行季调),M,EXPORT_FRED_SA,FRED(OECD转载财务省),VALIDATED_MIRROR,,TRADE_OECD_SA,2026-09-05,LATEST_HISTORY_PROXY,PROXY,CURRENT_HISTORY_ONLY_NO_VINTAGE,false,true,true
1964-03-31,1964-03,183600000000,183600000000,日元(OECD自行季调),M,EXPORT_FRED_SA,FRED(OECD转载财务省),VALIDATED_MIRROR,,TRADE_OECD_SA,2026-09-05,LATEST_HISTORY_PROXY,PROXY,CURRENT_HISTORY_ONLY_NO_VINTAGE,false,true,true
1964-04-30,1964-04,187800000000,187800000000,日元(OECD自行季调),M,EXPORT_FRED_SA,FRED(OECD转载财务省),VALIDATED_MIRROR,,TRADE_OECD_SA,2026-09-05,LATEST_HISTORY_PROXY,PROXY,CURRENT_HISTORY_ONLY_NO_VINTAGE,false,true,true
1964-05-31,1964-05,189120000000,189120000000,日元(OECD自行季调),M,EXPORT_FRED_SA,FRED(OECD转载财务省),VALIDATED_MIRROR,,TRADE_OECD_SA,2026-09-05,LATEST_HISTORY_PROXY,PROXY,CURRENT_HISTORY_ONLY_NO_VINTAGE,false,true,true
1964-06-30,1964-06,196920000000,196920000000,日元(OECD自行季调),M,EXPORT_FRED_SA,FRED(OECD转载财务省),VALIDATED_MIRROR,,TRADE_OECD_SA,2026-09-05,LATEST_HISTORY_PROXY,PROXY,CURRENT_HISTORY_ONLY_NO_VINTAGE,false,true,true
1964-07-31,1964-07,205990000000,205990000000,日元(OECD自行季调),M,EXPORT_FRED_SA,FRED(OECD转载财务省),VALIDATED_MIRROR,,TRADE_OECD_SA,2026-09-05,LATEST_HISTORY_PROXY,PROXY,CURRENT_HISTORY_ONLY_NO_VINTAGE,false,true,true
1964-08-31,1964-08,196630000000,196630000000,日元(OECD自行季调),M,EXPORT_FRED_SA,FRED(OECD转载财务省),VALIDATED_MIRROR,,TRADE_OECD_SA,2026-09-05,LATEST_HISTORY_PROXY,PROXY,CURRENT_HISTORY_ONLY_NO_VINTAGE,false,true,true
1964-09-30,1964-09,202220000000,202220000000,日元(OECD自行季调),M,EXPORT_FRED_SA,FRED(OECD转载财务省),VALIDATED_MIRROR,,TRADE_OECD_SA,2026-09-05,LATEST_HISTORY_PROXY,PROXY,CURRENT_HISTORY_ONLY_NO_VINTAGE,false,true,true
1964-10-31,1964-10,227870000000,227870000000,日元(OECD自行季调),M,EXPORT_FRED_SA,FRED(OECD转载财务省),VALIDATED_MIRROR,,TRADE_OECD_SA,2026-09-05,LATEST_HISTORY_PROXY,PROXY,CURRENT_HISTORY_ONLY_NO_VINTAGE,false,true,true
1964-11-30,1964-11,224460000000,224460000000,日元(OECD自行季调),M,EXPORT_FRED_SA,FRED(OECD转载财务省),VALIDATED_MIRROR,,TRADE_OECD_SA,2026-09-05,LATEST_HISTORY_PROXY,PROXY,CURRENT_HISTORY_ONLY_NO_VINTAGE,false,true,true
1964-12-31,1964-12,226200000000,226200000000,日元(OECD自行季调),M,EXPORT_FRED_SA,FRED(OECD转载财务省),VALIDATED_MIRROR,,TRADE_OECD_SA,2026-09-05,LATEST_HISTORY_PROXY,PROXY,CURRENT_HISTORY_ONLY_NO_VINTAGE,false,true,true
1965-01-31,1965-01,233340000000,233340000000,日元(OECD自行季调),M,EXPORT_FRED_SA,FRED(OECD转载财务省),VALIDATED_MIRROR,,TRADE_OECD_SA,2026-09-05,LATEST_HISTORY_PROXY,PROXY,CURRENT_HISTORY_ONLY_NO_VINTAGE,false,true,true
1965-02-28,1965-02,248050000000,248050000000,日元(OECD自行季调),M,EXPORT_FRED_SA,FRED(OECD转载财务省),VALIDATED_MIRROR,,TRADE_OECD_SA,2026-09-05,LATEST_HISTORY_PROXY,PROXY,CURRENT_HISTORY_ONLY_NO_VINTAGE,false,true,true
1965-03-31,1965-03,248940000000,248940000000,日元(OECD自行季调),M,EXPORT_FRED_SA,FRED(OECD转载财务省),VALIDATED_MIRROR,,TRADE_OECD_SA,2026-09-05,LATEST_HISTORY_PROXY,PROXY,CURRENT_HISTORY_ONLY_NO_VINTAGE,false,true,true
1965-04-30,1965-04,249430000000,249430000000,日元(OECD自行季调),M,EXPORT_FRED_SA,FRED(OECD转载财务省),VALIDATED_MIRROR,,TRADE_OECD_SA,2026-09-05,LATEST_HISTORY_PROXY,PROXY,CURRENT_HISTORY_ONLY_NO_VINTAGE,false,true,true
1965-05-31,1965-05,256640000000,256640000000,日元(OECD自行季调),M,EXPORT_FRED_SA,FRED(OECD转载财务省),VALIDATED_MIRROR,,TRADE_OECD_SA,2026-09-05,LATEST_HISTORY_PROXY,PROXY,CURRENT_HISTORY_ONLY_NO_VINTAGE,false,true,true
1965-06-30,1965-06,259440000000,259440000000,日元(OECD自行季调),M,EXPORT_FRED_SA,FRED(OECD转载财务省),VALIDATED_MIRROR,,TRADE_OECD_SA,2026-09-05,LATEST_HISTORY_PROXY,PROXY,CURRENT_HISTORY_ONLY_NO_VINTAGE,false,true,true
1965-07-31,1965-07,261269999999.99997,261269999999.99997,日元(OECD自行季调),M,EXPORT_FRED_SA,FRED(OECD转载财务省),VALIDATED_MIRROR,,TRADE_OECD_SA,2026-09-05,LATEST_HISTORY_PROXY,PROXY,CURRENT_HISTORY_ONLY_NO_VINTAGE,false,true,true
1965-08-31,1965-08,267760000000,267760000000,日元(OECD自行季调),M,EXPORT_FRED_SA,FRED(OECD转载财务省),VALIDATED_MIRROR,,TRADE_OECD_SA,2026-09-05,LATEST_HISTORY_PROXY,PROXY,CURRENT_HISTORY_ONLY_NO_VINTAGE,false,true,true
1965-09-30,1965-09,250560000000,250560000000,日元(OECD自行季调),M,EXPORT_FRED_SA,FRED(OECD转载财务省),VALIDATED_MIRROR,,TRADE_OECD_SA,2026-09-05,LATEST_HISTORY_PROXY,PROXY,CURRENT_HISTORY_ONLY_NO_VINTAGE,false,true,true
1965-10-31,1965-10,254180000000,254180000000,日元(OECD自行季调),M,EXPORT_FRED_SA,FRED(OECD转载财务省),VALIDATED_MIRROR,,TRADE_OECD_SA,2026-09-05,LATEST_HISTORY_PROXY,PROXY,CURRENT_HISTORY_ONLY_NO_VINTAGE,false,true,true
1965-11-30,1965-11,256500000000,256500000000,日元(OECD自行季调),M,EXPORT_FRED_SA,FRED(OECD转载财务省),VALIDATED_MIRROR,,TRADE_OECD_SA,2026-09-05,LATEST_HISTORY_PROXY,PROXY,CURRENT_HISTORY_ONLY_NO_VINTAGE,false,true,true
1965-12-31,1965-12,250170000000,250170000000,日元(OECD自行季调),M,EXPORT_FRED_SA,FRED(OECD转载财务省),VALIDATED_MIRROR,,TRADE_OECD_SA,2026-09-05,LATEST_HISTORY_PROXY,PROXY,CURRENT_HISTORY_ONLY_NO_VINTAGE,false,true,true
1966-01-31,1966-01,289400000000,289400000000,日元(OECD自行季调),M,EXPORT_FRED_SA,FRED(OECD转载财务省),VALIDATED_MIRROR,,TRADE_OECD_SA,2026-09-05,LATEST_HISTORY_PROXY,PROXY,CURRENT_HISTORY_ONLY_NO_VINTAGE,false,true,true
1966-02-28,1966-02,272200000000,272200000000,日元(OECD自行季调),M,EXPORT_FRED_SA,FRED(OECD转载财务省),VALIDATED_MIRROR,,TRADE_OECD_SA,2026-09-05,LATEST_HISTORY_PROXY,PROXY,CURRENT_HISTORY_ONLY_NO_VINTAGE,false,true,true
1966-03-31,1966-03,281560000000,281560000000,日元(OECD自行季调),M,EXPORT_FRED_SA,FRED(OECD转载财务省),VALIDATED_MIRROR,,TRADE_OECD_SA,2026-09-05,LATEST_HISTORY_PROXY,PROXY,CURRENT_HISTORY_ONLY_NO_VINTAGE,false,true,true
1966-04-30,1966-04,280610000000,280610000000,日元(OECD自行季调),M,EXPORT_FRED_SA,FRED(OECD转载财务省),VALIDATED_MIRROR,,TRADE_OECD_SA,2026-09-05,LATEST_HISTORY_PROXY,PROXY,CURRENT_HISTORY_ONLY_NO_VINTAGE,false,true,true
1966-05-31,1966-05,279150000000,279150000000,日元(OECD自行季调),M,EXPORT_FRED_SA,FRED(OECD转载财务省),VALIDATED_MIRROR,,TRADE_OECD_SA,2026-09-05,LATEST_HISTORY_PROXY,PROXY,CURRENT_HISTORY_ONLY_NO_VINTAGE,false,true,true
1966-06-30,1966-06,287070000000,287070000000,日元(OECD自行季调),M,EXPORT_FRED_SA,FRED(OECD转载财务省),VALIDATED_MIRROR,,TRADE_OECD_SA,2026-09-05,LATEST_HISTORY_PROXY,PROXY,CURRENT_HISTORY_ONLY_NO_VINTAGE,false,true,true
1966-07-31,1966-07,298050000000,298050000000,日元(OECD自行季调),M,EXPORT_FRED_SA,FRED(OECD转载财务省),VALIDATED_MIRROR,,TRADE_OECD_SA,2026-09-05,LATEST_HISTORY_PROXY,PROXY,CURRENT_HISTORY_ONLY_NO_VINTAGE,false,true,true
1966-08-31,1966-08,285610000000,285610000000,日元(OECD自行季调),M,EXPORT_FRED_SA,FRED(OECD转载财务省),VALIDATED_MIRROR,,TRADE_OECD_SA,2026-09-05,LATEST_HISTORY_PROXY,PROXY,CURRENT_HISTORY_ONLY_NO_VINTAGE,false,true,true
1966-09-30,1966-09,299040000000,299040000000,日元(OECD自行季调),M,EXPORT_FRED_SA,FRED(OECD转载财务省),VALIDATED_MIRROR,,TRADE_OECD_SA,2026-09-05,LATEST_HISTORY_PROXY,PROXY,CURRENT_HISTORY_ONLY_NO_VINTAGE,false,true,true
1966-10-31,1966-10,301770000000,301770000000,日元(OECD自行季调),M,EXPORT_FRED_SA,FRED(OECD转载财务省),VALIDATED_MIRROR,,TRADE_OECD_SA,2026-09-05,LATEST_HISTORY_PROXY,PROXY,CURRENT_HISTORY_ONLY_NO_VINTAGE,false,true,true
1966-11-30,1966-11,314910000000,314910000000,日元(OECD自行季调),M,EXPORT_FRED_SA,FRED(OECD转载财务省),VALIDATED_MIRROR,,TRADE_OECD_SA,2026-09-05,LATEST_HISTORY_PROXY,PROXY,CURRENT_HISTORY_ONLY_NO_VINTAGE,false,true,true
1966-12-31,1966-12,321790000000,321790000000,日元(OECD自行季调),M,EXPORT_FRED_SA,FRED(OECD转载财务省),VALIDATED_MIRROR,,TRADE_OECD_SA,2026-09-05,LATEST_HISTORY_PROXY,PROXY,CURRENT_HISTORY_ONLY_NO_VINTAGE,false,true,true
1967-01-31,1967-01,299210000000,299210000000,日元(OECD自行季调),M,EXPORT_FRED_SA,FRED(OECD转载财务省),VALIDATED_MIRROR,,TRADE_OECD_SA,2026-09-05,LATEST_HISTORY_PROXY,PROXY,CURRENT_HISTORY_ONLY_NO_VINTAGE,false,true,true
1967-02-28,1967-02,310980000000,310980000000,日元(OECD自行季调),M,EXPORT_FRED_SA,FRED(OECD转载财务省),VALIDATED_MIRROR,,TRADE_OECD_SA,2026-09-05,LATEST_HISTORY_PROXY,PROXY,CURRENT_HISTORY_ONLY_NO_VINTAGE,false,true,true
1967-03-31,1967-03,301280000000,301280000000,日元(OECD自行季调),M,EXPORT_FRED_SA,FRED(OECD转载财务省),VALIDATED_MIRROR,,TRADE_OECD_SA,2026-09-05,LATEST_HISTORY_PROXY,PROXY,CURRENT_HISTORY_ONLY_NO_VINTAGE,false,true,true
1967-04-30,1967-04,311350000000,311350000000,日元(OECD自行季调),M,EXPORT_FRED_SA,FRED(OECD转载财务省),VALIDATED_MIRROR,,TRADE_OECD_SA,2026-09-05,LATEST_HISTORY_PROXY,PROXY,CURRENT_HISTORY_ONLY_NO_VINTAGE,false,true,true
1967-05-31,1967-05,301040000000,301040000000,日元(OECD自行季调),M,EXPORT_FRED_SA,FRED(OECD转载财务省),VALIDATED_MIRROR,,TRADE_OECD_SA,2026-09-05,LATEST_HISTORY_PROXY,PROXY,CURRENT_HISTORY_ONLY_NO_VINTAGE,false,true,true
1967-06-30,1967-06,308500000000,308500000000,日元(OECD自行季调),M,EXPORT_FRED_SA,FRED(OECD转载财务省),VALIDATED_MIRROR,,TRADE_OECD_SA,2026-09-05,LATEST_HISTORY_PROXY,PROXY,CURRENT_HISTORY_ONLY_NO_VINTAGE,false,true,true
1967-07-31,1967-07,308350000000,308350000000,日元(OECD自行季调),M,EXPORT_FRED_SA,FRED(OECD转载财务省),VALIDATED_MIRROR,,TRADE_OECD_SA,2026-09-05,LATEST_HISTORY_PROXY,PROXY,CURRENT_HISTORY_ONLY_NO_VINTAGE,false,true,true
1967-08-31,1967-08,321800000000,321800000000,日元(OECD自行季调),M,EXPORT_FRED_SA,FRED(OECD转载财务省),VALIDATED_MIRROR,,TRADE_OECD_SA,2026-09-05,LATEST_HISTORY_PROXY,PROXY,CURRENT_HISTORY_ONLY_NO_VINTAGE,false,true,true
1967-09-30,1967-09,323060000000,323060000000,日元(OECD自行季调),M,EXPORT_FRED_SA,FRED(OECD转载财务省),VALIDATED_MIRROR,,TRADE_OECD_SA,2026-09-05,LATEST_HISTORY_PROXY,PROXY,CURRENT_HISTORY_ONLY_NO_VINTAGE,false,true,true
1967-10-31,1967-10,326340000000,326340000000,日元(OECD自行季调),M,EXPORT_FRED_SA,FRED(OECD转载财务省),VALIDATED_MIRROR,,TRADE_OECD_SA,2026-09-05,LATEST_HISTORY_PROXY,PROXY,CURRENT_HISTORY_ONLY_NO_VINTAGE,false,true,true
1967-11-30,1967-11,314900000000,314900000000,日元(OECD自行季调),M,EXPORT_FRED_SA,FRED(OECD转载财务省),VALIDATED_MIRROR,,TRADE_OECD_SA,2026-09-05,LATEST_HISTORY_PROXY,PROXY,CURRENT_HISTORY_ONLY_NO_VINTAGE,false,true,true
1967-12-31,1967-12,325130000000,325130000000,日元(OECD自行季调),M,EXPORT_FRED_SA,FRED(OECD转载财务省),VALIDATED_MIRROR,,TRADE_OECD_SA,2026-09-05,LATEST_HISTORY_PROXY,PROXY,CURRENT_HISTORY_ONLY_NO_VINTAGE,false,true,true
1968-01-31,1968-01,337730000000,337730000000,日元(OECD自行季调),M,EXPORT_FRED_SA,FRED(OECD转载财务省),VALIDATED_MIRROR,,TRADE_OECD_SA,2026-09-05,LATEST_HISTORY_PROXY,PROXY,CURRENT_HISTORY_ONLY_NO_VINTAGE,false,true,true
1968-02-29,1968-02,352820000000,352820000000,日元(OECD自行季调),M,EXPORT_FRED_SA,FRED(OECD转载财务省),VALIDATED_MIRROR,,TRADE_OECD_SA,2026-09-05,LATEST_HISTORY_PROXY,PROXY,CURRENT_HISTORY_ONLY_NO_VINTAGE,false,true,true
1968-03-31,1968-03,349950000000,349950000000,日元(OECD自行季调),M,EXPORT_FRED_SA,FRED(OECD转载财务省),VALIDATED_MIRROR,,TRADE_OECD_SA,2026-09-05,LATEST_HISTORY_PROXY,PROXY,CURRENT_HISTORY_ONLY_NO_VINTAGE,false,true,true
1968-04-30,1968-04,364320000000,364320000000,日元(OECD自行季调),M,EXPORT_FRED_SA,FRED(OECD转载财务省),VALIDATED_MIRROR,,TRADE_OECD_SA,2026-09-05,LATEST_HISTORY_PROXY,PROXY,CURRENT_HISTORY_ONLY_NO_VINTAGE,false,true,true
1968-05-31,1968-05,404950000000,404950000000,日元(OECD自行季调),M,EXPORT_FRED_SA,FRED(OECD转载财务省),VALIDATED_MIRROR,,TRADE_OECD_SA,2026-09-05,LATEST_HISTORY_PROXY,PROXY,CURRENT_HISTORY_ONLY_NO_VINTAGE,false,true,true
1968-06-30,1968-06,376800000000,376800000000,日元(OECD自行季调),M,EXPORT_FRED_SA,FRED(OECD转载财务省),VALIDATED_MIRROR,,TRADE_OECD_SA,2026-09-05,LATEST_HISTORY_PROXY,PROXY,CURRENT_HISTORY_ONLY_NO_VINTAGE,false,true,true
1968-07-31,1968-07,368960000000,368960000000,日元(OECD自行季调),M,EXPORT_FRED_SA,FRED(OECD转载财务省),VALIDATED_MIRROR,,TRADE_OECD_SA,2026-09-05,LATEST_HISTORY_PROXY,PROXY,CURRENT_HISTORY_ONLY_NO_VINTAGE,false,true,true
1968-08-31,1968-08,403750000000,403750000000,日元(OECD自行季调),M,EXPORT_FRED_SA,FRED(OECD转载财务省),VALIDATED_MIRROR,,TRADE_OECD_SA,2026-09-05,LATEST_HISTORY_PROXY,PROXY,CURRENT_HISTORY_ONLY_NO_VINTAGE,false,true,true
1968-09-30,1968-09,409510000000,409510000000,日元(OECD自行季调),M,EXPORT_FRED_SA,FRED(OECD转载财务省),VALIDATED_MIRROR,,TRADE_OECD_SA,2026-09-05,LATEST_HISTORY_PROXY,PROXY,CURRENT_HISTORY_ONLY_NO_VINTAGE,false,true,true
1968-10-31,1968-10,410710000000,410710000000,日元(OECD自行季调),M,EXPORT_FRED_SA,FRED(OECD转载财务省),VALIDATED_MIRROR,,TRADE_OECD_SA,2026-09-05,LATEST_HISTORY_PROXY,PROXY,CURRENT_HISTORY_ONLY_NO_VINTAGE,false,true,true
1968-11-30,1968-11,443930000000,443930000000,日元(OECD自行季调),M,EXPORT_FRED_SA,FRED(OECD转载财务省),VALIDATED_MIRROR,,TRADE_OECD_SA,2026-09-05,LATEST_HISTORY_PROXY,PROXY,CURRENT_HISTORY_ONLY_NO_VINTAGE,false,true,true
1968-12-31,1968-12,424620000000,424620000000,日元(OECD自行季调),M,EXPORT_FRED_SA,FRED(OECD转载财务省),VALIDATED_MIRROR,,TRADE_OECD_SA,2026-09-05,LATEST_HISTORY_PROXY,PROXY,CURRENT_HISTORY_ONLY_NO_VINTAGE,false,true,true
1969-01-31,1969-01,427338000000.0,427338000000.0,日元(OECD自行季调),M,EXPORT_FRED_SA,FRED(OECD转载财务省),VALIDATED_MIRROR,,TRADE_OECD_SA,2026-09-05,LATEST_HISTORY_PROXY,PROXY,CURRENT_HISTORY_ONLY_NO_VINTAGE,false,true,true
1969-02-28,1969-02,438792000000.0,438792000000.0,日元(OECD自行季调),M,EXPORT_FRED_SA,FRED(OECD转载财务省),VALIDATED_MIRROR,,TRADE_OECD_SA,2026-09-05,LATEST_HISTORY_PROXY,PROXY,CURRENT_HISTORY_ONLY_NO_VINTAGE,false,true,true
1969-03-31,1969-03,443219000000.0,443219000000.0,日元(OECD自行季调),M,EXPORT_FRED_SA,FRED(OECD转载财务省),VALIDATED_MIRROR,,TRADE_OECD_SA,2026-09-05,LATEST_HISTORY_PROXY,PROXY,CURRENT_HISTORY_ONLY_NO_VINTAGE,false,true,true
1969-04-30,1969-04,459860000000,459860000000,日元(OECD自行季调),M,EXPORT_FRED_SA,FRED(OECD转载财务省),VALIDATED_MIRROR,,TRADE_OECD_SA,2026-09-05,LATEST_HISTORY_PROXY,PROXY,CURRENT_HISTORY_ONLY_NO_VINTAGE,false,true,true
1969-05-31,1969-05,476696000000.0,476696000000.0,日元(OECD自行季调),M,EXPORT_FRED_SA,FRED(OECD转载财务省),VALIDATED_MIRROR,,TRADE_OECD_SA,2026-09-05,LATEST_HISTORY_PROXY,PROXY,CURRENT_HISTORY_ONLY_NO_VINTAGE,false,true,true
1969-06-30,1969-06,474954000000.0,474954000000.0,日元(OECD自行季调),M,EXPORT_FRED_SA,FRED(OECD转载财务省),VALIDATED_MIRROR,,TRADE_OECD_SA,2026-09-05,LATEST_HISTORY_PROXY,PROXY,CURRENT_HISTORY_ONLY_NO_VINTAGE,false,true,true
1969-07-31,1969-07,480222000000.0,480222000000.0,日元(OECD自行季调),M,EXPORT_FRED_SA,FRED(OECD转载财务省),VALIDATED_MIRROR,,TRADE_OECD_SA,2026-09-05,LATEST_HISTORY_PROXY,PROXY,CURRENT_HISTORY_ONLY_NO_VINTAGE,false,true,true
1969-08-31,1969-08,492950000000,492950000000,日元(OECD自行季调),M,EXPORT_FRED_SA,FRED(OECD转载财务省),VALIDATED_MIRROR,,TRADE_OECD_SA,2026-09-05,LATEST_HISTORY_PROXY,PROXY,CURRENT_HISTORY_ONLY_NO_VINTAGE,false,true,true
1969-09-30,1969-09,499652000000.0,499652000000.0,日元(OECD自行季调),M,EXPORT_FRED_SA,FRED(OECD转载财务省),VALIDATED_MIRROR,,TRADE_OECD_SA,2026-09-05,LATEST_HISTORY_PROXY,PROXY,CURRENT_HISTORY_ONLY_NO_VINTAGE,false,true,true
1969-10-31,1969-10,507314000000.0,507314000000.0,日元(OECD自行季调),M,EXPORT_FRED_SA,FRED(OECD转载财务省),VALIDATED_MIRROR,,TRADE_OECD_SA,2026-09-05,LATEST_HISTORY_PROXY,PROXY,CURRENT_HISTORY_ONLY_NO_VINTAGE,false,true,true
1969-11-30,1969-11,511214000000.0,511214000000.0,日元(OECD自行季调),M,EXPORT_FRED_SA,FRED(OECD转载财务省),VALIDATED_MIRROR,,TRADE_OECD_SA,2026-09-05,LATEST_HISTORY_PROXY,PROXY,CURRENT_HISTORY_ONLY_NO_VINTAGE,false,true,true
1969-12-31,1969-12,520116999999.99994,520116999999.99994,日元(OECD自行季调),M,EXPORT_FRED_SA,FRED(OECD转载财务省),VALIDATED_MIRROR,,TRADE_OECD_SA,2026-09-05,LATEST_HISTORY_PROXY,PROXY,CURRENT_HISTORY_ONLY_NO_VINTAGE,false,true,true
1970-01-31,1970-01,554943000000.0,554943000000.0,日元(OECD自行季调),M,EXPORT_FRED_SA,FRED(OECD转载财务省),VALIDATED_MIRROR,,TRADE_OECD_SA,2026-09-05,LATEST_HISTORY_PROXY,PROXY,CURRENT_HISTORY_ONLY_NO_VINTAGE,false,true,true
1970-02-28,1970-02,540909999999.99994,540909999999.99994,日元(OECD自行季调),M,EXPORT_FRED_SA,FRED(OECD转载财务省),VALIDATED_MIRROR,,TRADE_OECD_SA,2026-09-05,LATEST_HISTORY_PROXY,PROXY,CURRENT_HISTORY_ONLY_NO_VINTAGE,false,true,true
1970-03-31,1970-03,538388000000.00006,538388000000.00006,日元(OECD自行季调),M,EXPORT_FRED_SA,FRED(OECD转载财务省),VALIDATED_MIRROR,,TRADE_OECD_SA,2026-09-05,LATEST_HISTORY_PROXY,PROXY,CURRENT_HISTORY_ONLY_NO_VINTAGE,false,true,true
1970-04-30,1970-04,556983000000.0,556983000000.0,日元(OECD自行季调),M,EXPORT_FRED_SA,FRED(OECD转载财务省),VALIDATED_MIRROR,,TRADE_OECD_SA,2026-09-05,LATEST_HISTORY_PROXY,PROXY,CURRENT_HISTORY_ONLY_NO_VINTAGE,false,true,true
1970-05-31,1970-05,560467000000.0,560467000000.0,日元(OECD自行季调),M,EXPORT_FRED_SA,FRED(OECD转载财务省),VALIDATED_MIRROR,,TRADE_OECD_SA,2026-09-05,LATEST_HISTORY_PROXY,PROXY,CURRENT_HISTORY_ONLY_NO_VINTAGE,false,true,true
1970-06-30,1970-06,583616000000.0,583616000000.0,日元(OECD自行季调),M,EXPORT_FRED_SA,FRED(OECD转载财务省),VALIDATED_MIRROR,,TRADE_OECD_SA,2026-09-05,LATEST_HISTORY_PROXY,PROXY,CURRENT_HISTORY_ONLY_NO_VINTAGE,false,true,true
1970-07-31,1970-07,579614000000.0,579614000000.0,日元(OECD自行季调),M,EXPORT_FRED_SA,FRED(OECD转载财务省),VALIDATED_MIRROR,,TRADE_OECD_SA,2026-09-05,LATEST_HISTORY_PROXY,PROXY,CURRENT_HISTORY_ONLY_NO_VINTAGE,false,true,true
1970-08-31,1970-08,571596000000.0,571596000000.0,日元(OECD自行季调),M,EXPORT_FRED_SA,FRED(OECD转载财务省),VALIDATED_MIRROR,,TRADE_OECD_SA,2026-09-05,LATEST_HISTORY_PROXY,PROXY,CURRENT_HISTORY_ONLY_NO_VINTAGE,false,true,true
1970-09-30,1970-09,599246000000.0,599246000000.0,日元(OECD自行季调),M,EXPORT_FRED_SA,FRED(OECD转载财务省),VALIDATED_MIRROR,,TRADE_OECD_SA,2026-09-05,LATEST_HISTORY_PROXY,PROXY,CURRENT_HISTORY_ONLY_NO_VINTAGE,false,true,true
1970-10-31,1970-10,633221000000.0,633221000000.0,日元(OECD自行季调),M,EXPORT_FRED_SA,FRED(OECD转载财务省),VALIDATED_MIRROR,,TRADE_OECD_SA,2026-09-05,LATEST_HISTORY_PROXY,PROXY,CURRENT_HISTORY_ONLY_NO_VINTAGE,false,true,true
1970-11-30,1970-11,575583000000.0,575583000000.0,日元(OECD自行季调),M,EXPORT_FRED_SA,FRED(OECD转载财务省),VALIDATED_MIRROR,,TRADE_OECD_SA,2026-09-05,LATEST_HISTORY_PROXY,PROXY,CURRENT_HISTORY_ONLY_NO_VINTAGE,false,true,true
1970-12-31,1970-12,637670000000,637670000000,日元(OECD自行季调),M,EXPORT_FRED_SA,FRED(OECD转载财务省),VALIDATED_MIRROR,,TRADE_OECD_SA,2026-09-05,LATEST_HISTORY_PROXY,PROXY,CURRENT_HISTORY_ONLY_NO_VINTAGE,false,true,true
1971-01-31,1971-01,635394000000.0,635394000000.0,日元(OECD自行季调),M,EXPORT_FRED_SA,FRED(OECD转载财务省),VALIDATED_MIRROR,,TRADE_OECD_SA,2026-09-05,LATEST_HISTORY_PROXY,PROXY,CURRENT_HISTORY_ONLY_NO_VINTAGE,false,true,true
1971-02-28,1971-02,653958000000.0,653958000000.0,日元(OECD自行季调),M,EXPORT_FRED_SA,FRED(OECD转载财务省),VALIDATED_MIRROR,,TRADE_OECD_SA,2026-09-05,LATEST_HISTORY_PROXY,PROXY,CURRENT_HISTORY_ONLY_NO_VINTAGE,false,true,true
1971-03-31,1971-03,693829000000.0,693829000000.0,日元(OECD自行季调),M,EXPORT_FRED_SA,FRED(OECD转载财务省),VALIDATED_MIRROR,,TRADE_OECD_SA,2026-09-05,LATEST_HISTORY_PROXY,PROXY,CURRENT_HISTORY_ONLY_NO_VINTAGE,false,true,true
1971-04-30,1971-04,693351000000.0,693351000000.0,日元(OECD自行季调),M,EXPORT_FRED_SA,FRED(OECD转载财务省),VALIDATED_MIRROR,,TRADE_OECD_SA,2026-09-05,LATEST_HISTORY_PROXY,PROXY,CURRENT_HISTORY_ONLY_NO_VINTAGE,false,true,true
1971-05-31,1971-05,714279000000.0,714279000000.0,日元(OECD自行季调),M,EXPORT_FRED_SA,FRED(OECD转载财务省),VALIDATED_MIRROR,,TRADE_OECD_SA,2026-09-05,LATEST_HISTORY_PROXY,PROXY,CURRENT_HISTORY_ONLY_NO_VINTAGE,false,true,true
1971-06-30,1971-06,733082000000.0,733082000000.0,日元(OECD自行季调),M,EXPORT_FRED_SA,FRED(OECD转载财务省),VALIDATED_MIRROR,,TRADE_OECD_SA,2026-09-05,LATEST_HISTORY_PROXY,PROXY,CURRENT_HISTORY_ONLY_NO_VINTAGE,false,true,true
1971-07-31,1971-07,731495000000.0,731495000000.0,日元(OECD自行季调),M,EXPORT_FRED_SA,FRED(OECD转载财务省),VALIDATED_MIRROR,,TRADE_OECD_SA,2026-09-05,LATEST_HISTORY_PROXY,PROXY,CURRENT_HISTORY_ONLY_NO_VINTAGE,false,true,true
1971-08-31,1971-08,742032000000.0,742032000000.0,日元(OECD自行季调),M,EXPORT_FRED_SA,FRED(OECD转载财务省),VALIDATED_MIRROR,,TRADE_OECD_SA,2026-09-05,LATEST_HISTORY_PROXY,PROXY,CURRENT_HISTORY_ONLY_NO_VINTAGE,false,true,true
1971-09-30,1971-09,698401000000.0,698401000000.0,日元(OECD自行季调),M,EXPORT_FRED_SA,FRED(OECD转载财务省),VALIDATED_MIRROR,,TRADE_OECD_SA,2026-09-05,LATEST_HISTORY_PROXY,PROXY,CURRENT_HISTORY_ONLY_NO_VINTAGE,false,true,true
1971-10-31,1971-10,697559000000.0,697559000000.0,日元(OECD自行季调),M,EXPORT_FRED_SA,FRED(OECD转载财务省),VALIDATED_MIRROR,,TRADE_OECD_SA,2026-09-05,LATEST_HISTORY_PROXY,PROXY,CURRENT_HISTORY_ONLY_NO_VINTAGE,false,true,true
1971-11-30,1971-11,692781000000.0,692781000000.0,日元(OECD自行季调),M,EXPORT_FRED_SA,FRED(OECD转载财务省),VALIDATED_MIRROR,,TRADE_OECD_SA,2026-09-05,LATEST_HISTORY_PROXY,PROXY,CURRENT_HISTORY_ONLY_NO_VINTAGE,false,true,true
1971-12-31,1971-12,683411000000.0,683411000000.0,日元(OECD自行季调),M,EXPORT_FRED_SA,FRED(OECD转载财务省),VALIDATED_MIRROR,,TRADE_OECD_SA,2026-09-05,LATEST_HISTORY_PROXY,PROXY,CURRENT_HISTORY_ONLY_NO_VINTAGE,false,true,true
1972-01-31,1972-01,672874000000.0,672874000000.0,日元(OECD自行季调),M,EXPORT_FRED_SA,FRED(OECD转载财务省),VALIDATED_MIRROR,,TRADE_OECD_SA,2026-09-05,LATEST_HISTORY_PROXY,PROXY,CURRENT_HISTORY_ONLY_NO_VINTAGE,false,true,true
1972-02-29,1972-02,689260000000,689260000000,日元(OECD自行季调),M,EXPORT_FRED_SA,FRED(OECD转载财务省),VALIDATED_MIRROR,,TRADE_OECD_SA,2026-09-05,LATEST_HISTORY_PROXY,PROXY,CURRENT_HISTORY_ONLY_NO_VINTAGE,false,true,true
1972-03-31,1972-03,709808000000.0,709808000000.0,日元(OECD自行季调),M,EXPORT_FRED_SA,FRED(OECD转载财务省),VALIDATED_MIRROR,,TRADE_OECD_SA,2026-09-05,LATEST_HISTORY_PROXY,PROXY,CURRENT_HISTORY_ONLY_NO_VINTAGE,false,true,true
1972-04-30,1972-04,707062000000.0,707062000000.0,日元(OECD自行季调),M,EXPORT_FRED_SA,FRED(OECD转载财务省),VALIDATED_MIRROR,,TRADE_OECD_SA,2026-09-05,LATEST_HISTORY_PROXY,PROXY,CURRENT_HISTORY_ONLY_NO_VINTAGE,false,true,true
1972-05-31,1972-05,680716000000.0,680716000000.0,日元(OECD自行季调),M,EXPORT_FRED_SA,FRED(OECD转载财务省),VALIDATED_MIRROR,,TRADE_OECD_SA,2026-09-05,LATEST_HISTORY_PROXY,PROXY,CURRENT_HISTORY_ONLY_NO_VINTAGE,false,true,true
1972-06-30,1972-06,679524000000.0,679524000000.0,日元(OECD自行季调),M,EXPORT_FRED_SA,FRED(OECD转载财务省),VALIDATED_MIRROR,,TRADE_OECD_SA,2026-09-05,LATEST_HISTORY_PROXY,PROXY,CURRENT_HISTORY_ONLY_NO_VINTAGE,false,true,true
1972-07-31,1972-07,708638000000.0,708638000000.0,日元(OECD自行季调),M,EXPORT_FRED_SA,FRED(OECD转载财务省),VALIDATED_MIRROR,,TRADE_OECD_SA,2026-09-05,LATEST_HISTORY_PROXY,PROXY,CURRENT_HISTORY_ONLY_NO_VINTAGE,false,true,true
1972-08-31,1972-08,747688000000.0,747688000000.0,日元(OECD自行季调),M,EXPORT_FRED_SA,FRED(OECD转载财务省),VALIDATED_MIRROR,,TRADE_OECD_SA,2026-09-05,LATEST_HISTORY_PROXY,PROXY,CURRENT_HISTORY_ONLY_NO_VINTAGE,false,true,true
1972-09-30,1972-09,783433000000.0,783433000000.0,日元(OECD自行季调),M,EXPORT_FRED_SA,FRED(OECD转载财务省),VALIDATED_MIRROR,,TRADE_OECD_SA,2026-09-05,LATEST_HISTORY_PROXY,PROXY,CURRENT_HISTORY_ONLY_NO_VINTAGE,false,true,true
1972-10-31,1972-10,756432000000.0,756432000000.0,日元(OECD自行季调),M,EXPORT_FRED_SA,FRED(OECD转载财务省),VALIDATED_MIRROR,,TRADE_OECD_SA,2026-09-05,LATEST_HISTORY_PROXY,PROXY,CURRENT_HISTORY_ONLY_NO_VINTAGE,false,true,true
1972-11-30,1972-11,791575000000.0,791575000000.0,日元(OECD自行季调),M,EXPORT_FRED_SA,FRED(OECD转载财务省),VALIDATED_MIRROR,,TRADE_OECD_SA,2026-09-05,LATEST_HISTORY_PROXY,PROXY,CURRENT_HISTORY_ONLY_NO_VINTAGE,false,true,true
1972-12-31,1972-12,838164000000.0,838164000000.0,日元(OECD自行季调),M,EXPORT_FRED_SA,FRED(OECD转载财务省),VALIDATED_MIRROR,,TRADE_OECD_SA,2026-09-05,LATEST_HISTORY_PROXY,PROXY,CURRENT_HISTORY_ONLY_NO_VINTAGE,false,true,true
1973-01-31,1973-01,778305000000.0,778305000000.0,日元(OECD自行季调),M,EXPORT_FRED_SA,FRED(OECD转载财务省),VALIDATED_MIRROR,,TRADE_OECD_SA,2026-09-05,LATEST_HISTORY_PROXY,PROXY,CURRENT_HISTORY_ONLY_NO_VINTAGE,false,true,true
1973-02-28,1973-02,870167000000.0,870167000000.0,日元(OECD自行季调),M,EXPORT_FRED_SA,FRED(OECD转载财务省),VALIDATED_MIRROR,,TRADE_OECD_SA,2026-09-05,LATEST_HISTORY_PROXY,PROXY,CURRENT_HISTORY_ONLY_NO_VINTAGE,false,true,true
1973-03-31,1973-03,723833000000.0,723833000000.0,日元(OECD自行季调),M,EXPORT_FRED_SA,FRED(OECD转载财务省),VALIDATED_MIRROR,,TRADE_OECD_SA,2026-09-05,LATEST_HISTORY_PROXY,PROXY,CURRENT_HISTORY_ONLY_NO_VINTAGE,false,true,true
1973-04-30,1973-04,762213000000.0,762213000000.0,日元(OECD自行季调),M,EXPORT_FRED_SA,FRED(OECD转载财务省),VALIDATED_MIRROR,,TRADE_OECD_SA,2026-09-05,LATEST_HISTORY_PROXY,PROXY,CURRENT_HISTORY_ONLY_NO_VINTAGE,false,true,true
1973-05-31,1973-05,782490000000,782490000000,日元(OECD自行季调),M,EXPORT_FRED_SA,FRED(OECD转载财务省),VALIDATED_MIRROR,,TRADE_OECD_SA,2026-09-05,LATEST_HISTORY_PROXY,PROXY,CURRENT_HISTORY_ONLY_NO_VINTAGE,false,true,true
1973-06-30,1973-06,795541000000.0,795541000000.0,日元(OECD自行季调),M,EXPORT_FRED_SA,FRED(OECD转载财务省),VALIDATED_MIRROR,,TRADE_OECD_SA,2026-09-05,LATEST_HISTORY_PROXY,PROXY,CURRENT_HISTORY_ONLY_NO_VINTAGE,false,true,true
1973-07-31,1973-07,827144000000.0,827144000000.0,日元(OECD自行季调),M,EXPORT_FRED_SA,FRED(OECD转载财务省),VALIDATED_MIRROR,,TRADE_OECD_SA,2026-09-05,LATEST_HISTORY_PROXY,PROXY,CURRENT_HISTORY_ONLY_NO_VINTAGE,false,true,true
1973-08-31,1973-08,797520000000,797520000000,日元(OECD自行季调),M,EXPORT_FRED_SA,FRED(OECD转载财务省),VALIDATED_MIRROR,,TRADE_OECD_SA,2026-09-05,LATEST_HISTORY_PROXY,PROXY,CURRENT_HISTORY_ONLY_NO_VINTAGE,false,true,true
1973-09-30,1973-09,852160000000,852160000000,日元(OECD自行季调),M,EXPORT_FRED_SA,FRED(OECD转载财务省),VALIDATED_MIRROR,,TRADE_OECD_SA,2026-09-05,LATEST_HISTORY_PROXY,PROXY,CURRENT_HISTORY_ONLY_NO_VINTAGE,false,true,true
1973-10-31,1973-10,866705000000.0,866705000000.0,日元(OECD自行季调),M,EXPORT_FRED_SA,FRED(OECD转载财务省),VALIDATED_MIRROR,,TRADE_OECD_SA,2026-09-05,LATEST_HISTORY_PROXY,PROXY,CURRENT_HISTORY_ONLY_NO_VINTAGE,false,true,true
1973-11-30,1973-11,983134000000.0,983134000000.0,日元(OECD自行季调),M,EXPORT_FRED_SA,FRED(OECD转载财务省),VALIDATED_MIRROR,,TRADE_OECD_SA,2026-09-05,LATEST_HISTORY_PROXY,PROXY,CURRENT_HISTORY_ONLY_NO_VINTAGE,false,true,true
1973-12-31,1973-12,965999000000.0,965999000000.0,日元(OECD自行季调),M,EXPORT_FRED_SA,FRED(OECD转载财务省),VALIDATED_MIRROR,,TRADE_OECD_SA,2026-09-05,LATEST_HISTORY_PROXY,PROXY,CURRENT_HISTORY_ONLY_NO_VINTAGE,false,true,true
1974-01-31,1974-01,1040434000000.0,1040434000000.0,日元(OECD自行季调),M,EXPORT_FRED_SA,FRED(OECD转载财务省),VALIDATED_MIRROR,,TRADE_OECD_SA,2026-09-05,LATEST_HISTORY_PROXY,PROXY,CURRENT_HISTORY_ONLY_NO_VINTAGE,false,true,true
1974-02-28,1974-02,1101463000000.0,1101463000000.0,日元(OECD自行季调),M,EXPORT_FRED_SA,FRED(OECD转载财务省),VALIDATED_MIRROR,,TRADE_OECD_SA,2026-09-05,LATEST_HISTORY_PROXY,PROXY,CURRENT_HISTORY_ONLY_NO_VINTAGE,false,true,true
1974-03-31,1974-03,1115759000000.0,1115759000000.0,日元(OECD自行季调),M,EXPORT_FRED_SA,FRED(OECD转载财务省),VALIDATED_MIRROR,,TRADE_OECD_SA,2026-09-05,LATEST_HISTORY_PROXY,PROXY,CURRENT_HISTORY_ONLY_NO_VINTAGE,false,true,true
1974-04-30,1974-04,1204899000000.0,1204899000000.0,日元(OECD自行季调),M,EXPORT_FRED_SA,FRED(OECD转载财务省),VALIDATED_MIRROR,,TRADE_OECD_SA,2026-09-05,LATEST_HISTORY_PROXY,PROXY,CURRENT_HISTORY_ONLY_NO_VINTAGE,false,true,true
1974-05-31,1974-05,1337900000000,1337900000000,日元(OECD自行季调),M,EXPORT_FRED_SA,FRED(OECD转载财务省),VALIDATED_MIRROR,,TRADE_OECD_SA,2026-09-05,LATEST_HISTORY_PROXY,PROXY,CURRENT_HISTORY_ONLY_NO_VINTAGE,false,true,true
1974-06-30,1974-06,1369706000000.0,1369706000000.0,日元(OECD自行季调),M,EXPORT_FRED_SA,FRED(OECD转载财务省),VALIDATED_MIRROR,,TRADE_OECD_SA,2026-09-05,LATEST_HISTORY_PROXY,PROXY,CURRENT_HISTORY_ONLY_NO_VINTAGE,false,true,true
1974-07-31,1974-07,1396729000000.0,1396729000000.0,日元(OECD自行季调),M,EXPORT_FRED_SA,FRED(OECD转载财务省),VALIDATED_MIRROR,,TRADE_OECD_SA,2026-09-05,LATEST_HISTORY_PROXY,PROXY,CURRENT_HISTORY_ONLY_NO_VINTAGE,false,true,true
1974-08-31,1974-08,1525159000000.0,1525159000000.0,日元(OECD自行季调),M,EXPORT_FRED_SA,FRED(OECD转载财务省),VALIDATED_MIRROR,,TRADE_OECD_SA,2026-09-05,LATEST_HISTORY_PROXY,PROXY,CURRENT_HISTORY_ONLY_NO_VINTAGE,false,true,true
1974-09-30,1974-09,1398683000000.0,1398683000000.0,日元(OECD自行季调),M,EXPORT_FRED_SA,FRED(OECD转载财务省),VALIDATED_MIRROR,,TRADE_OECD_SA,2026-09-05,LATEST_HISTORY_PROXY,PROXY,CURRENT_HISTORY_ONLY_NO_VINTAGE,false,true,true
1974-10-31,1974-10,1585033000000.0,1585033000000.0,日元(OECD自行季调),M,EXPORT_FRED_SA,FRED(OECD转载财务省),VALIDATED_MIRROR,,TRADE_OECD_SA,2026-09-05,LATEST_HISTORY_PROXY,PROXY,CURRENT_HISTORY_ONLY_NO_VINTAGE,false,true,true
1974-11-30,1974-11,1573454000000.0,1573454000000.0,日元(OECD自行季调),M,EXPORT_FRED_SA,FRED(OECD转载财务省),VALIDATED_MIRROR,,TRADE_OECD_SA,2026-09-05,LATEST_HISTORY_PROXY,PROXY,CURRENT_HISTORY_ONLY_NO_VINTAGE,false,true,true
1974-12-31,1974-12,1473234000000.0,1473234000000.0,日元(OECD自行季调),M,EXPORT_FRED_SA,FRED(OECD转载财务省),VALIDATED_MIRROR,,TRADE_OECD_SA,2026-09-05,LATEST_HISTORY_PROXY,PROXY,CURRENT_HISTORY_ONLY_NO_VINTAGE,false,true,true
1975-01-31,1975-01,1494881000000.0,1494881000000.0,日元(OECD自行季调),M,EXPORT_FRED_SA,FRED(OECD转载财务省),VALIDATED_MIRROR,,TRADE_OECD_SA,2026-09-05,LATEST_HISTORY_PROXY,PROXY,CURRENT_HISTORY_ONLY_NO_VINTAGE,false,true,true
1975-02-28,1975-02,1415538000000.0,1415538000000.0,日元(OECD自行季调),M,EXPORT_FRED_SA,FRED(OECD转载财务省),VALIDATED_MIRROR,,TRADE_OECD_SA,2026-09-05,LATEST_HISTORY_PROXY,PROXY,CURRENT_HISTORY_ONLY_NO_VINTAGE,false,true,true
1975-03-31,1975-03,1316404000000.0,1316404000000.0,日元(OECD自行季调),M,EXPORT_FRED_SA,FRED(OECD转载财务省),VALIDATED_MIRROR,,TRADE_OECD_SA,2026-09-05,LATEST_HISTORY_PROXY,PROXY,CURRENT_HISTORY_ONLY_NO_VINTAGE,false,true,true
1975-04-30,1975-04,1421373000000.0,1421373000000.0,日元(OECD自行季调),M,EXPORT_FRED_SA,FRED(OECD转载财务省),VALIDATED_MIRROR,,TRADE_OECD_SA,2026-09-05,LATEST_HISTORY_PROXY,PROXY,CURRENT_HISTORY_ONLY_NO_VINTAGE,false,true,true
1975-05-31,1975-05,1324654000000.0,1324654000000.0,日元(OECD自行季调),M,EXPORT_FRED_SA,FRED(OECD转载财务省),VALIDATED_MIRROR,,TRADE_OECD_SA,2026-09-05,LATEST_HISTORY_PROXY,PROXY,CURRENT_HISTORY_ONLY_NO_VINTAGE,false,true,true
1975-06-30,1975-06,1296172000000.0,1296172000000.0,日元(OECD自行季调),M,EXPORT_FRED_SA,FRED(OECD转载财务省),VALIDATED_MIRROR,,TRADE_OECD_SA,2026-09-05,LATEST_HISTORY_PROXY,PROXY,CURRENT_HISTORY_ONLY_NO_VINTAGE,false,true,true
1975-07-31,1975-07,1342087000000.0,1342087000000.0,日元(OECD自行季调),M,EXPORT_FRED_SA,FRED(OECD转载财务省),VALIDATED_MIRROR,,TRADE_OECD_SA,2026-09-05,LATEST_HISTORY_PROXY,PROXY,CURRENT_HISTORY_ONLY_NO_VINTAGE,false,true,true
1975-08-31,1975-08,1344043000000.0,1344043000000.0,日元(OECD自行季调),M,EXPORT_FRED_SA,FRED(OECD转载财务省),VALIDATED_MIRROR,,TRADE_OECD_SA,2026-09-05,LATEST_HISTORY_PROXY,PROXY,CURRENT_HISTORY_ONLY_NO_VINTAGE,false,true,true
1975-09-30,1975-09,1326154000000.0,1326154000000.0,日元(OECD自行季调),M,EXPORT_FRED_SA,FRED(OECD转载财务省),VALIDATED_MIRROR,,TRADE_OECD_SA,2026-09-05,LATEST_HISTORY_PROXY,PROXY,CURRENT_HISTORY_ONLY_NO_VINTAGE,false,true,true
1975-10-31,1975-10,1434123000000.0,1434123000000.0,日元(OECD自行季调),M,EXPORT_FRED_SA,FRED(OECD转载财务省),VALIDATED_MIRROR,,TRADE_OECD_SA,2026-09-05,LATEST_HISTORY_PROXY,PROXY,CURRENT_HISTORY_ONLY_NO_VINTAGE,false,true,true
1975-11-30,1975-11,1384967000000.0,1384967000000.0,日元(OECD自行季调),M,EXPORT_FRED_SA,FRED(OECD转载财务省),VALIDATED_MIRROR,,TRADE_OECD_SA,2026-09-05,LATEST_HISTORY_PROXY,PROXY,CURRENT_HISTORY_ONLY_NO_VINTAGE,false,true,true
1975-12-31,1975-12,1488908000000.0,1488908000000.0,日元(OECD自行季调),M,EXPORT_FRED_SA,FRED(OECD转载财务省),VALIDATED_MIRROR,,TRADE_OECD_SA,2026-09-05,LATEST_HISTORY_PROXY,PROXY,CURRENT_HISTORY_ONLY_NO_VINTAGE,false,true,true
1976-01-31,1976-01,1487881000000.0,1487881000000.0,日元(OECD自行季调),M,EXPORT_FRED_SA,FRED(OECD转载财务省),VALIDATED_MIRROR,,TRADE_OECD_SA,2026-09-05,LATEST_HISTORY_PROXY,PROXY,CURRENT_HISTORY_ONLY_NO_VINTAGE,false,true,true
1976-02-29,1976-02,1548001000000.0,1548001000000.0,日元(OECD自行季调),M,EXPORT_FRED_SA,FRED(OECD转载财务省),VALIDATED_MIRROR,,TRADE_OECD_SA,2026-09-05,LATEST_HISTORY_PROXY,PROXY,CURRENT_HISTORY_ONLY_NO_VINTAGE,false,true,true
1976-03-31,1976-03,1616531000000.0,1616531000000.0,日元(OECD自行季调),M,EXPORT_FRED_SA,FRED(OECD转载财务省),VALIDATED_MIRROR,,TRADE_OECD_SA,2026-09-05,LATEST_HISTORY_PROXY,PROXY,CURRENT_HISTORY_ONLY_NO_VINTAGE,false,true,true
1976-04-30,1976-04,1611832000000.0,1611832000000.0,日元(OECD自行季调),M,EXPORT_FRED_SA,FRED(OECD转载财务省),VALIDATED_MIRROR,,TRADE_OECD_SA,2026-09-05,LATEST_HISTORY_PROXY,PROXY,CURRENT_HISTORY_ONLY_NO_VINTAGE,false,true,true
1976-05-31,1976-05,1637315000000.0,1637315000000.0,日元(OECD自行季调),M,EXPORT_FRED_SA,FRED(OECD转载财务省),VALIDATED_MIRROR,,TRADE_OECD_SA,2026-09-05,LATEST_HISTORY_PROXY,PROXY,CURRENT_HISTORY_ONLY_NO_VINTAGE,false,true,true
1976-06-30,1976-06,1692279000000.0,1692279000000.0,日元(OECD自行季调),M,EXPORT_FRED_SA,FRED(OECD转载财务省),VALIDATED_MIRROR,,TRADE_OECD_SA,2026-09-05,LATEST_HISTORY_PROXY,PROXY,CURRENT_HISTORY_ONLY_NO_VINTAGE,false,true,true
1976-07-31,1976-07,1671619000000.0,1671619000000.0,日元(OECD自行季调),M,EXPORT_FRED_SA,FRED(OECD转载财务省),VALIDATED_MIRROR,,TRADE_OECD_SA,2026-09-05,LATEST_HISTORY_PROXY,PROXY,CURRENT_HISTORY_ONLY_NO_VINTAGE,false,true,true
1976-08-31,1976-08,1651924000000.0,1651924000000.0,日元(OECD自行季调),M,EXPORT_FRED_SA,FRED(OECD转载财务省),VALIDATED_MIRROR,,TRADE_OECD_SA,2026-09-05,LATEST_HISTORY_PROXY,PROXY,CURRENT_HISTORY_ONLY_NO_VINTAGE,false,true,true
1976-09-30,1976-09,1730851000000.0,1730851000000.0,日元(OECD自行季调),M,EXPORT_FRED_SA,FRED(OECD转载财务省),VALIDATED_MIRROR,,TRADE_OECD_SA,2026-09-05,LATEST_HISTORY_PROXY,PROXY,CURRENT_HISTORY_ONLY_NO_VINTAGE,false,true,true
1976-10-31,1976-10,1723419000000.0,1723419000000.0,日元(OECD自行季调),M,EXPORT_FRED_SA,FRED(OECD转载财务省),VALIDATED_MIRROR,,TRADE_OECD_SA,2026-09-05,LATEST_HISTORY_PROXY,PROXY,CURRENT_HISTORY_ONLY_NO_VINTAGE,false,true,true
1976-11-30,1976-11,1726649000000.0,1726649000000.0,日元(OECD自行季调),M,EXPORT_FRED_SA,FRED(OECD转载财务省),VALIDATED_MIRROR,,TRADE_OECD_SA,2026-09-05,LATEST_HISTORY_PROXY,PROXY,CURRENT_HISTORY_ONLY_NO_VINTAGE,false,true,true
1976-12-31,1976-12,1796372000000.0,1796372000000.0,日元(OECD自行季调),M,EXPORT_FRED_SA,FRED(OECD转载财务省),VALIDATED_MIRROR,,TRADE_OECD_SA,2026-09-05,LATEST_HISTORY_PROXY,PROXY,CURRENT_HISTORY_ONLY_NO_VINTAGE,false,true,true
1977-01-31,1977-01,1850135000000.0,1850135000000.0,日元(OECD自行季调),M,EXPORT_FRED_SA,FRED(OECD转载财务省),VALIDATED_MIRROR,,TRADE_OECD_SA,2026-09-05,LATEST_HISTORY_PROXY,PROXY,CURRENT_HISTORY_ONLY_NO_VINTAGE,false,true,true
1977-02-28,1977-02,1786615000000.0,1786615000000.0,日元(OECD自行季调),M,EXPORT_FRED_SA,FRED(OECD转载财务省),VALIDATED_MIRROR,,TRADE_OECD_SA,2026-09-05,LATEST_HISTORY_PROXY,PROXY,CURRENT_HISTORY_ONLY_NO_VINTAGE,false,true,true
1977-03-31,1977-03,1798677000000.0,1798677000000.0,日元(OECD自行季调),M,EXPORT_FRED_SA,FRED(OECD转载财务省),VALIDATED_MIRROR,,TRADE_OECD_SA,2026-09-05,LATEST_HISTORY_PROXY,PROXY,CURRENT_HISTORY_ONLY_NO_VINTAGE,false,true,true
1977-04-30,1977-04,1898102000000.0,1898102000000.0,日元(OECD自行季调),M,EXPORT_FRED_SA,FRED(OECD转载财务省),VALIDATED_MIRROR,,TRADE_OECD_SA,2026-09-05,LATEST_HISTORY_PROXY,PROXY,CURRENT_HISTORY_ONLY_NO_VINTAGE,false,true,true
1977-05-31,1977-05,1727142000000.0,1727142000000.0,日元(OECD自行季调),M,EXPORT_FRED_SA,FRED(OECD转载财务省),VALIDATED_MIRROR,,TRADE_OECD_SA,2026-09-05,LATEST_HISTORY_PROXY,PROXY,CURRENT_HISTORY_ONLY_NO_VINTAGE,false,true,true
1977-06-30,1977-06,1795237000000.0,1795237000000.0,日元(OECD自行季调),M,EXPORT_FRED_SA,FRED(OECD转载财务省),VALIDATED_MIRROR,,TRADE_OECD_SA,2026-09-05,LATEST_HISTORY_PROXY,PROXY,CURRENT_HISTORY_ONLY_NO_VINTAGE,false,true,true
1977-07-31,1977-07,1859838000000.0,1859838000000.0,日元(OECD自行季调),M,EXPORT_FRED_SA,FRED(OECD转载财务省),VALIDATED_MIRROR,,TRADE_OECD_SA,2026-09-05,LATEST_HISTORY_PROXY,PROXY,CURRENT_HISTORY_ONLY_NO_VINTAGE,false,true,true
1977-08-31,1977-08,1829850000000,1829850000000,日元(OECD自行季调),M,EXPORT_FRED_SA,FRED(OECD转载财务省),VALIDATED_MIRROR,,TRADE_OECD_SA,2026-09-05,LATEST_HISTORY_PROXY,PROXY,CURRENT_HISTORY_ONLY_NO_VINTAGE,false,true,true
1977-09-30,1977-09,1778322000000.0,1778322000000.0,日元(OECD自行季调),M,EXPORT_FRED_SA,FRED(OECD转载财务省),VALIDATED_MIRROR,,TRADE_OECD_SA,2026-09-05,LATEST_HISTORY_PROXY,PROXY,CURRENT_HISTORY_ONLY_NO_VINTAGE,false,true,true
1977-10-31,1977-10,1823460000000,1823460000000,日元(OECD自行季调),M,EXPORT_FRED_SA,FRED(OECD转载财务省),VALIDATED_MIRROR,,TRADE_OECD_SA,2026-09-05,LATEST_HISTORY_PROXY,PROXY,CURRENT_HISTORY_ONLY_NO_VINTAGE,false,true,true
1977-11-30,1977-11,1812795000000.0,1812795000000.0,日元(OECD自行季调),M,EXPORT_FRED_SA,FRED(OECD转载财务省),VALIDATED_MIRROR,,TRADE_OECD_SA,2026-09-05,LATEST_HISTORY_PROXY,PROXY,CURRENT_HISTORY_ONLY_NO_VINTAGE,false,true,true
1977-12-31,1977-12,1736122000000.0,1736122000000.0,日元(OECD自行季调),M,EXPORT_FRED_SA,FRED(OECD转载财务省),VALIDATED_MIRROR,,TRADE_OECD_SA,2026-09-05,LATEST_HISTORY_PROXY,PROXY,CURRENT_HISTORY_ONLY_NO_VINTAGE,false,true,true
1978-01-31,1978-01,1823413000000.0,1823413000000.0,日元(OECD自行季调),M,EXPORT_FRED_SA,FRED(OECD转载财务省),VALIDATED_MIRROR,,TRADE_OECD_SA,2026-09-05,LATEST_HISTORY_PROXY,PROXY,CURRENT_HISTORY_ONLY_NO_VINTAGE,false,true,true
1978-02-28,1978-02,1887564000000.0,1887564000000.0,日元(OECD自行季调),M,EXPORT_FRED_SA,FRED(OECD转载财务省),VALIDATED_MIRROR,,TRADE_OECD_SA,2026-09-05,LATEST_HISTORY_PROXY,PROXY,CURRENT_HISTORY_ONLY_NO_VINTAGE,false,true,true
1978-03-31,1978-03,1841233000000.0,1841233000000.0,日元(OECD自行季调),M,EXPORT_FRED_SA,FRED(OECD转载财务省),VALIDATED_MIRROR,,TRADE_OECD_SA,2026-09-05,LATEST_HISTORY_PROXY,PROXY,CURRENT_HISTORY_ONLY_NO_VINTAGE,false,true,true
1978-04-30,1978-04,1750758000000.0,1750758000000.0,日元(OECD自行季调),M,EXPORT_FRED_SA,FRED(OECD转载财务省),VALIDATED_MIRROR,,TRADE_OECD_SA,2026-09-05,LATEST_HISTORY_PROXY,PROXY,CURRENT_HISTORY_ONLY_NO_VINTAGE,false,true,true
1978-05-31,1978-05,1762932000000.0,1762932000000.0,日元(OECD自行季调),M,EXPORT_FRED_SA,FRED(OECD转载财务省),VALIDATED_MIRROR,,TRADE_OECD_SA,2026-09-05,LATEST_HISTORY_PROXY,PROXY,CURRENT_HISTORY_ONLY_NO_VINTAGE,false,true,true
1978-06-30,1978-06,1759471000000.0,1759471000000.0,日元(OECD自行季调),M,EXPORT_FRED_SA,FRED(OECD转载财务省),VALIDATED_MIRROR,,TRADE_OECD_SA,2026-09-05,LATEST_HISTORY_PROXY,PROXY,CURRENT_HISTORY_ONLY_NO_VINTAGE,false,true,true
1978-07-31,1978-07,1644316000000.0,1644316000000.0,日元(OECD自行季调),M,EXPORT_FRED_SA,FRED(OECD转载财务省),VALIDATED_MIRROR,,TRADE_OECD_SA,2026-09-05,LATEST_HISTORY_PROXY,PROXY,CURRENT_HISTORY_ONLY_NO_VINTAGE,false,true,true
1978-08-31,1978-08,1634681000000.0,1634681000000.0,日元(OECD自行季调),M,EXPORT_FRED_SA,FRED(OECD转载财务省),VALIDATED_MIRROR,,TRADE_OECD_SA,2026-09-05,LATEST_HISTORY_PROXY,PROXY,CURRENT_HISTORY_ONLY_NO_VINTAGE,false,true,true
1978-09-30,1978-09,1661825000000.0,1661825000000.0,日元(OECD自行季调),M,EXPORT_FRED_SA,FRED(OECD转载财务省),VALIDATED_MIRROR,,TRADE_OECD_SA,2026-09-05,LATEST_HISTORY_PROXY,PROXY,CURRENT_HISTORY_ONLY_NO_VINTAGE,false,true,true
1978-10-31,1978-10,1594023000000.0,1594023000000.0,日元(OECD自行季调),M,EXPORT_FRED_SA,FRED(OECD转载财务省),VALIDATED_MIRROR,,TRADE_OECD_SA,2026-09-05,LATEST_HISTORY_PROXY,PROXY,CURRENT_HISTORY_ONLY_NO_VINTAGE,false,true,true
1978-11-30,1978-11,1640119000000.0,1640119000000.0,日元(OECD自行季调),M,EXPORT_FRED_SA,FRED(OECD转载财务省),VALIDATED_MIRROR,,TRADE_OECD_SA,2026-09-05,LATEST_HISTORY_PROXY,PROXY,CURRENT_HISTORY_ONLY_NO_VINTAGE,false,true,true
1978-12-31,1978-12,1605707000000.0,1605707000000.0,日元(OECD自行季调),M,EXPORT_FRED_SA,FRED(OECD转载财务省),VALIDATED_MIRROR,,TRADE_OECD_SA,2026-09-05,LATEST_HISTORY_PROXY,PROXY,CURRENT_HISTORY_ONLY_NO_VINTAGE,false,true,true
1979-01-31,1979-01,1596448000000.0,1596448000000.0,日元(OECD自行季调),M,EXPORT_FRED_SA,FRED(OECD转载财务省),VALIDATED_MIRROR,,TRADE_OECD_SA,2026-09-05,LATEST_HISTORY_PROXY,PROXY,CURRENT_HISTORY_ONLY_NO_VINTAGE,false,true,true
1979-02-28,1979-02,1621440000000,1621440000000,日元(OECD自行季调),M,EXPORT_FRED_SA,FRED(OECD转载财务省),VALIDATED_MIRROR,,TRADE_OECD_SA,2026-09-05,LATEST_HISTORY_PROXY,PROXY,CURRENT_HISTORY_ONLY_NO_VINTAGE,false,true,true
1979-03-31,1979-03,1706872000000.0,1706872000000.0,日元(OECD自行季调),M,EXPORT_FRED_SA,FRED(OECD转载财务省),VALIDATED_MIRROR,,TRADE_OECD_SA,2026-09-05,LATEST_HISTORY_PROXY,PROXY,CURRENT_HISTORY_ONLY_NO_VINTAGE,false,true,true
1979-04-30,1979-04,1665284000000.0,1665284000000.0,日元(OECD自行季调),M,EXPORT_FRED_SA,FRED(OECD转载财务省),VALIDATED_MIRROR,,TRADE_OECD_SA,2026-09-05,LATEST_HISTORY_PROXY,PROXY,CURRENT_HISTORY_ONLY_NO_VINTAGE,false,true,true
1979-05-31,1979-05,1798413000000.0,1798413000000.0,日元(OECD自行季调),M,EXPORT_FRED_SA,FRED(OECD转载财务省),VALIDATED_MIRROR,,TRADE_OECD_SA,2026-09-05,LATEST_HISTORY_PROXY,PROXY,CURRENT_HISTORY_ONLY_NO_VINTAGE,false,true,true
1979-06-30,1979-06,1860145000000.0,1860145000000.0,日元(OECD自行季调),M,EXPORT_FRED_SA,FRED(OECD转载财务省),VALIDATED_MIRROR,,TRADE_OECD_SA,2026-09-05,LATEST_HISTORY_PROXY,PROXY,CURRENT_HISTORY_ONLY_NO_VINTAGE,false,true,true
1979-07-31,1979-07,1859731000000.0,1859731000000.0,日元(OECD自行季调),M,EXPORT_FRED_SA,FRED(OECD转载财务省),VALIDATED_MIRROR,,TRADE_OECD_SA,2026-09-05,LATEST_HISTORY_PROXY,PROXY,CURRENT_HISTORY_ONLY_NO_VINTAGE,false,true,true
1979-08-31,1979-08,1909412000000.0,1909412000000.0,日元(OECD自行季调),M,EXPORT_FRED_SA,FRED(OECD转载财务省),VALIDATED_MIRROR,,TRADE_OECD_SA,2026-09-05,LATEST_HISTORY_PROXY,PROXY,CURRENT_HISTORY_ONLY_NO_VINTAGE,false,true,true
1979-09-30,1979-09,1995817000000.0,1995817000000.0,日元(OECD自行季调),M,EXPORT_FRED_SA,FRED(OECD转载财务省),VALIDATED_MIRROR,,TRADE_OECD_SA,2026-09-05,LATEST_HISTORY_PROXY,PROXY,CURRENT_HISTORY_ONLY_NO_VINTAGE,false,true,true
1979-10-31,1979-10,2005549000000.0,2005549000000.0,日元(OECD自行季调),M,EXPORT_FRED_SA,FRED(OECD转载财务省),VALIDATED_MIRROR,,TRADE_OECD_SA,2026-09-05,LATEST_HISTORY_PROXY,PROXY,CURRENT_HISTORY_ONLY_NO_VINTAGE,false,true,true
1979-11-30,1979-11,2164918000000.0,2164918000000.0,日元(OECD自行季调),M,EXPORT_FRED_SA,FRED(OECD转载财务省),VALIDATED_MIRROR,,TRADE_OECD_SA,2026-09-05,LATEST_HISTORY_PROXY,PROXY,CURRENT_HISTORY_ONLY_NO_VINTAGE,false,true,true
1979-12-31,1979-12,2238216000000.0,2238216000000.0,日元(OECD自行季调),M,EXPORT_FRED_SA,FRED(OECD转载财务省),VALIDATED_MIRROR,,TRADE_OECD_SA,2026-09-05,LATEST_HISTORY_PROXY,PROXY,CURRENT_HISTORY_ONLY_NO_VINTAGE,false,true,true
1980-01-31,1980-01,2213311000000.0,2213311000000.0,日元(OECD自行季调),M,EXPORT_FRED_SA,FRED(OECD转载财务省),VALIDATED_MIRROR,,TRADE_OECD_SA,2026-09-05,LATEST_HISTORY_PROXY,PROXY,CURRENT_HISTORY_ONLY_NO_VINTAGE,false,true,true
1980-02-29,1980-02,2419158000000.0,2419158000000.0,日元(OECD自行季调),M,EXPORT_FRED_SA,FRED(OECD转载财务省),VALIDATED_MIRROR,,TRADE_OECD_SA,2026-09-05,LATEST_HISTORY_PROXY,PROXY,CURRENT_HISTORY_ONLY_NO_VINTAGE,false,true,true
1980-03-31,1980-03,2369812000000.0,2369812000000.0,日元(OECD自行季调),M,EXPORT_FRED_SA,FRED(OECD转载财务省),VALIDATED_MIRROR,,TRADE_OECD_SA,2026-09-05,LATEST_HISTORY_PROXY,PROXY,CURRENT_HISTORY_ONLY_NO_VINTAGE,false,true,true
1980-04-30,1980-04,2502388000000.0,2502388000000.0,日元(OECD自行季调),M,EXPORT_FRED_SA,FRED(OECD转载财务省),VALIDATED_MIRROR,,TRADE_OECD_SA,2026-09-05,LATEST_HISTORY_PROXY,PROXY,CURRENT_HISTORY_ONLY_NO_VINTAGE,false,true,true
1980-05-31,1980-05,2503101000000.0,2503101000000.0,日元(OECD自行季调),M,EXPORT_FRED_SA,FRED(OECD转载财务省),VALIDATED_MIRROR,,TRADE_OECD_SA,2026-09-05,LATEST_HISTORY_PROXY,PROXY,CURRENT_HISTORY_ONLY_NO_VINTAGE,false,true,true
1980-06-30,1980-06,2386196000000.0,2386196000000.0,日元(OECD自行季调),M,EXPORT_FRED_SA,FRED(OECD转载财务省),VALIDATED_MIRROR,,TRADE_OECD_SA,2026-09-05,LATEST_HISTORY_PROXY,PROXY,CURRENT_HISTORY_ONLY_NO_VINTAGE,false,true,true
1980-07-31,1980-07,2389697000000.0,2389697000000.0,日元(OECD自行季调),M,EXPORT_FRED_SA,FRED(OECD转载财务省),VALIDATED_MIRROR,,TRADE_OECD_SA,2026-09-05,LATEST_HISTORY_PROXY,PROXY,CURRENT_HISTORY_ONLY_NO_VINTAGE,false,true,true
1980-08-31,1980-08,2473926000000.0,2473926000000.0,日元(OECD自行季调),M,EXPORT_FRED_SA,FRED(OECD转载财务省),VALIDATED_MIRROR,,TRADE_OECD_SA,2026-09-05,LATEST_HISTORY_PROXY,PROXY,CURRENT_HISTORY_ONLY_NO_VINTAGE,false,true,true
1980-09-30,1980-09,2465449000000.0,2465449000000.0,日元(OECD自行季调),M,EXPORT_FRED_SA,FRED(OECD转载财务省),VALIDATED_MIRROR,,TRADE_OECD_SA,2026-09-05,LATEST_HISTORY_PROXY,PROXY,CURRENT_HISTORY_ONLY_NO_VINTAGE,false,true,true
1980-10-31,1980-10,2486444000000.0,2486444000000.0,日元(OECD自行季调),M,EXPORT_FRED_SA,FRED(OECD转载财务省),VALIDATED_MIRROR,,TRADE_OECD_SA,2026-09-05,LATEST_HISTORY_PROXY,PROXY,CURRENT_HISTORY_ONLY_NO_VINTAGE,false,true,true
1980-11-30,1980-11,2482382000000.0,2482382000000.0,日元(OECD自行季调),M,EXPORT_FRED_SA,FRED(OECD转载财务省),VALIDATED_MIRROR,,TRADE_OECD_SA,2026-09-05,LATEST_HISTORY_PROXY,PROXY,CURRENT_HISTORY_ONLY_NO_VINTAGE,false,true,true
1980-12-31,1980-12,2614361000000.0,2614361000000.0,日元(OECD自行季调),M,EXPORT_FRED_SA,FRED(OECD转载财务省),VALIDATED_MIRROR,,TRADE_OECD_SA,2026-09-05,LATEST_HISTORY_PROXY,PROXY,CURRENT_HISTORY_ONLY_NO_VINTAGE,false,true,true
1981-01-31,1981-01,2565059000000.0,2565059000000.0,日元(OECD自行季调),M,EXPORT_FRED_SA,FRED(OECD转载财务省),VALIDATED_MIRROR,,TRADE_OECD_SA,2026-09-05,LATEST_HISTORY_PROXY,PROXY,CURRENT_HISTORY_ONLY_NO_VINTAGE,false,true,true
1981-02-28,1981-02,2592092000000.0,2592092000000.0,日元(OECD自行季调),M,EXPORT_FRED_SA,FRED(OECD转载财务省),VALIDATED_MIRROR,,TRADE_OECD_SA,2026-09-05,LATEST_HISTORY_PROXY,PROXY,CURRENT_HISTORY_ONLY_NO_VINTAGE,false,true,true
1981-03-31,1981-03,2613372000000.0,2613372000000.0,日元(OECD自行季调),M,EXPORT_FRED_SA,FRED(OECD转载财务省),VALIDATED_MIRROR,,TRADE_OECD_SA,2026-09-05,LATEST_HISTORY_PROXY,PROXY,CURRENT_HISTORY_ONLY_NO_VINTAGE,false,true,true
1981-04-30,1981-04,2663578000000.0,2663578000000.0,日元(OECD自行季调),M,EXPORT_FRED_SA,FRED(OECD转载财务省),VALIDATED_MIRROR,,TRADE_OECD_SA,2026-09-05,LATEST_HISTORY_PROXY,PROXY,CURRENT_HISTORY_ONLY_NO_VINTAGE,false,true,true
1981-05-31,1981-05,2776521000000.0,2776521000000.0,日元(OECD自行季调),M,EXPORT_FRED_SA,FRED(OECD转载财务省),VALIDATED_MIRROR,,TRADE_OECD_SA,2026-09-05,LATEST_HISTORY_PROXY,PROXY,CURRENT_HISTORY_ONLY_NO_VINTAGE,false,true,true
1981-06-30,1981-06,2814309000000.0,2814309000000.0,日元(OECD自行季调),M,EXPORT_FRED_SA,FRED(OECD转载财务省),VALIDATED_MIRROR,,TRADE_OECD_SA,2026-09-05,LATEST_HISTORY_PROXY,PROXY,CURRENT_HISTORY_ONLY_NO_VINTAGE,false,true,true
1981-07-31,1981-07,2945902000000.0,2945902000000.0,日元(OECD自行季调),M,EXPORT_FRED_SA,FRED(OECD转载财务省),VALIDATED_MIRROR,,TRADE_OECD_SA,2026-09-05,LATEST_HISTORY_PROXY,PROXY,CURRENT_HISTORY_ONLY_NO_VINTAGE,false,true,true
1981-08-31,1981-08,2940045000000.0,2940045000000.0,日元(OECD自行季调),M,EXPORT_FRED_SA,FRED(OECD转载财务省),VALIDATED_MIRROR,,TRADE_OECD_SA,2026-09-05,LATEST_HISTORY_PROXY,PROXY,CURRENT_HISTORY_ONLY_NO_VINTAGE,false,true,true
1981-09-30,1981-09,2909473000000.0,2909473000000.0,日元(OECD自行季调),M,EXPORT_FRED_SA,FRED(OECD转载财务省),VALIDATED_MIRROR,,TRADE_OECD_SA,2026-09-05,LATEST_HISTORY_PROXY,PROXY,CURRENT_HISTORY_ONLY_NO_VINTAGE,false,true,true
1981-10-31,1981-10,3044165000000.0,3044165000000.0,日元(OECD自行季调),M,EXPORT_FRED_SA,FRED(OECD转载财务省),VALIDATED_MIRROR,,TRADE_OECD_SA,2026-09-05,LATEST_HISTORY_PROXY,PROXY,CURRENT_HISTORY_ONLY_NO_VINTAGE,false,true,true
1981-11-30,1981-11,2839723000000.0,2839723000000.0,日元(OECD自行季调),M,EXPORT_FRED_SA,FRED(OECD转载财务省),VALIDATED_MIRROR,,TRADE_OECD_SA,2026-09-05,LATEST_HISTORY_PROXY,PROXY,CURRENT_HISTORY_ONLY_NO_VINTAGE,false,true,true
1981-12-31,1981-12,2721080000000,2721080000000,日元(OECD自行季调),M,EXPORT_FRED_SA,FRED(OECD转载财务省),VALIDATED_MIRROR,,TRADE_OECD_SA,2026-09-05,LATEST_HISTORY_PROXY,PROXY,CURRENT_HISTORY_ONLY_NO_VINTAGE,false,true,true
1982-01-31,1982-01,3018008000000.0,3018008000000.0,日元(OECD自行季调),M,EXPORT_FRED_SA,FRED(OECD转载财务省),VALIDATED_MIRROR,,TRADE_OECD_SA,2026-09-05,LATEST_HISTORY_PROXY,PROXY,CURRENT_HISTORY_ONLY_NO_VINTAGE,false,true,true
1982-02-28,1982-02,2858712000000.0,2858712000000.0,日元(OECD自行季调),M,EXPORT_FRED_SA,FRED(OECD转载财务省),VALIDATED_MIRROR,,TRADE_OECD_SA,2026-09-05,LATEST_HISTORY_PROXY,PROXY,CURRENT_HISTORY_ONLY_NO_VINTAGE,false,true,true
1982-03-31,1982-03,2907588000000.0,2907588000000.0,日元(OECD自行季调),M,EXPORT_FRED_SA,FRED(OECD转载财务省),VALIDATED_MIRROR,,TRADE_OECD_SA,2026-09-05,LATEST_HISTORY_PROXY,PROXY,CURRENT_HISTORY_ONLY_NO_VINTAGE,false,true,true
1982-04-30,1982-04,2940693000000.0,2940693000000.0,日元(OECD自行季调),M,EXPORT_FRED_SA,FRED(OECD转载财务省),VALIDATED_MIRROR,,TRADE_OECD_SA,2026-09-05,LATEST_HISTORY_PROXY,PROXY,CURRENT_HISTORY_ONLY_NO_VINTAGE,false,true,true
1982-05-31,1982-05,2802772000000.0,2802772000000.0,日元(OECD自行季调),M,EXPORT_FRED_SA,FRED(OECD转载财务省),VALIDATED_MIRROR,,TRADE_OECD_SA,2026-09-05,LATEST_HISTORY_PROXY,PROXY,CURRENT_HISTORY_ONLY_NO_VINTAGE,false,true,true
1982-06-30,1982-06,2827629000000.0,2827629000000.0,日元(OECD自行季调),M,EXPORT_FRED_SA,FRED(OECD转载财务省),VALIDATED_MIRROR,,TRADE_OECD_SA,2026-09-05,LATEST_HISTORY_PROXY,PROXY,CURRENT_HISTORY_ONLY_NO_VINTAGE,false,true,true
1982-07-31,1982-07,2908373000000.0,2908373000000.0,日元(OECD自行季调),M,EXPORT_FRED_SA,FRED(OECD转载财务省),VALIDATED_MIRROR,,TRADE_OECD_SA,2026-09-05,LATEST_HISTORY_PROXY,PROXY,CURRENT_HISTORY_ONLY_NO_VINTAGE,false,true,true
1982-08-31,1982-08,2825424000000.0,2825424000000.0,日元(OECD自行季调),M,EXPORT_FRED_SA,FRED(OECD转载财务省),VALIDATED_MIRROR,,TRADE_OECD_SA,2026-09-05,LATEST_HISTORY_PROXY,PROXY,CURRENT_HISTORY_ONLY_NO_VINTAGE,false,true,true
1982-09-30,1982-09,2889287000000.0,2889287000000.0,日元(OECD自行季调),M,EXPORT_FRED_SA,FRED(OECD转载财务省),VALIDATED_MIRROR,,TRADE_OECD_SA,2026-09-05,LATEST_HISTORY_PROXY,PROXY,CURRENT_HISTORY_ONLY_NO_VINTAGE,false,true,true
1982-10-31,1982-10,2895292000000.0,2895292000000.0,日元(OECD自行季调),M,EXPORT_FRED_SA,FRED(OECD转载财务省),VALIDATED_MIRROR,,TRADE_OECD_SA,2026-09-05,LATEST_HISTORY_PROXY,PROXY,CURRENT_HISTORY_ONLY_NO_VINTAGE,false,true,true
1982-11-30,1982-11,2881495000000.0,2881495000000.0,日元(OECD自行季调),M,EXPORT_FRED_SA,FRED(OECD转载财务省),VALIDATED_MIRROR,,TRADE_OECD_SA,2026-09-05,LATEST_HISTORY_PROXY,PROXY,CURRENT_HISTORY_ONLY_NO_VINTAGE,false,true,true
1982-12-31,1982-12,2727134000000.0,2727134000000.0,日元(OECD自行季调),M,EXPORT_FRED_SA,FRED(OECD转载财务省),VALIDATED_MIRROR,,TRADE_OECD_SA,2026-09-05,LATEST_HISTORY_PROXY,PROXY,CURRENT_HISTORY_ONLY_NO_VINTAGE,false,true,true
1983-01-31,1983-01,2786100000000,2786100000000,日元(OECD自行季调),M,EXPORT_FRED_SA,FRED(OECD转载财务省),VALIDATED_MIRROR,,TRADE_OECD_SA,2026-09-05,LATEST_HISTORY_PROXY,PROXY,CURRENT_HISTORY_ONLY_NO_VINTAGE,false,true,true
1983-02-28,1983-02,2775954000000.0,2775954000000.0,日元(OECD自行季调),M,EXPORT_FRED_SA,FRED(OECD转载财务省),VALIDATED_MIRROR,,TRADE_OECD_SA,2026-09-05,LATEST_HISTORY_PROXY,PROXY,CURRENT_HISTORY_ONLY_NO_VINTAGE,false,true,true
1983-03-31,1983-03,2815702000000.0,2815702000000.0,日元(OECD自行季调),M,EXPORT_FRED_SA,FRED(OECD转载财务省),VALIDATED_MIRROR,,TRADE_OECD_SA,2026-09-05,LATEST_HISTORY_PROXY,PROXY,CURRENT_HISTORY_ONLY_NO_VINTAGE,false,true,true
1983-04-30,1983-04,2803695000000.0,2803695000000.0,日元(OECD自行季调),M,EXPORT_FRED_SA,FRED(OECD转载财务省),VALIDATED_MIRROR,,TRADE_OECD_SA,2026-09-05,LATEST_HISTORY_PROXY,PROXY,CURRENT_HISTORY_ONLY_NO_VINTAGE,false,true,true
1983-05-31,1983-05,2814323000000.0,2814323000000.0,日元(OECD自行季调),M,EXPORT_FRED_SA,FRED(OECD转载财务省),VALIDATED_MIRROR,,TRADE_OECD_SA,2026-09-05,LATEST_HISTORY_PROXY,PROXY,CURRENT_HISTORY_ONLY_NO_VINTAGE,false,true,true
1983-06-30,1983-06,2904018000000.0,2904018000000.0,日元(OECD自行季调),M,EXPORT_FRED_SA,FRED(OECD转载财务省),VALIDATED_MIRROR,,TRADE_OECD_SA,2026-09-05,LATEST_HISTORY_PROXY,PROXY,CURRENT_HISTORY_ONLY_NO_VINTAGE,false,true,true
1983-07-31,1983-07,2872205000000.0,2872205000000.0,日元(OECD自行季调),M,EXPORT_FRED_SA,FRED(OECD转载财务省),VALIDATED_MIRROR,,TRADE_OECD_SA,2026-09-05,LATEST_HISTORY_PROXY,PROXY,CURRENT_HISTORY_ONLY_NO_VINTAGE,false,true,true
1983-08-31,1983-08,2972358000000.0,2972358000000.0,日元(OECD自行季调),M,EXPORT_FRED_SA,FRED(OECD转载财务省),VALIDATED_MIRROR,,TRADE_OECD_SA,2026-09-05,LATEST_HISTORY_PROXY,PROXY,CURRENT_HISTORY_ONLY_NO_VINTAGE,false,true,true
1983-09-30,1983-09,3006116000000.0,3006116000000.0,日元(OECD自行季调),M,EXPORT_FRED_SA,FRED(OECD转载财务省),VALIDATED_MIRROR,,TRADE_OECD_SA,2026-09-05,LATEST_HISTORY_PROXY,PROXY,CURRENT_HISTORY_ONLY_NO_VINTAGE,false,true,true
1983-10-31,1983-10,2923923000000.0,2923923000000.0,日元(OECD自行季调),M,EXPORT_FRED_SA,FRED(OECD转载财务省),VALIDATED_MIRROR,,TRADE_OECD_SA,2026-09-05,LATEST_HISTORY_PROXY,PROXY,CURRENT_HISTORY_ONLY_NO_VINTAGE,false,true,true
1983-11-30,1983-11,3035942000000.0,3035942000000.0,日元(OECD自行季调),M,EXPORT_FRED_SA,FRED(OECD转载财务省),VALIDATED_MIRROR,,TRADE_OECD_SA,2026-09-05,LATEST_HISTORY_PROXY,PROXY,CURRENT_HISTORY_ONLY_NO_VINTAGE,false,true,true
1983-12-31,1983-12,3150395000000.0,3150395000000.0,日元(OECD自行季调),M,EXPORT_FRED_SA,FRED(OECD转载财务省),VALIDATED_MIRROR,,TRADE_OECD_SA,2026-09-05,LATEST_HISTORY_PROXY,PROXY,CURRENT_HISTORY_ONLY_NO_VINTAGE,false,true,true
1984-01-31,1984-01,3070175000000.0,3070175000000.0,日元(OECD自行季调),M,EXPORT_FRED_SA,FRED(OECD转载财务省),VALIDATED_MIRROR,,TRADE_OECD_SA,2026-09-05,LATEST_HISTORY_PROXY,PROXY,CURRENT_HISTORY_ONLY_NO_VINTAGE,false,true,true
1984-02-29,1984-02,3299039000000.0,3299039000000.0,日元(OECD自行季调),M,EXPORT_FRED_SA,FRED(OECD转载财务省),VALIDATED_MIRROR,,TRADE_OECD_SA,2026-09-05,LATEST_HISTORY_PROXY,PROXY,CURRENT_HISTORY_ONLY_NO_VINTAGE,false,true,true
1984-03-31,1984-03,3285766000000.0,3285766000000.0,日元(OECD自行季调),M,EXPORT_FRED_SA,FRED(OECD转载财务省),VALIDATED_MIRROR,,TRADE_OECD_SA,2026-09-05,LATEST_HISTORY_PROXY,PROXY,CURRENT_HISTORY_ONLY_NO_VINTAGE,false,true,true
1984-04-30,1984-04,3123408000000.0,3123408000000.0,日元(OECD自行季调),M,EXPORT_FRED_SA,FRED(OECD转载财务省),VALIDATED_MIRROR,,TRADE_OECD_SA,2026-09-05,LATEST_HISTORY_PROXY,PROXY,CURRENT_HISTORY_ONLY_NO_VINTAGE,false,true,true
1984-05-31,1984-05,3367505000000.0,3367505000000.0,日元(OECD自行季调),M,EXPORT_FRED_SA,FRED(OECD转载财务省),VALIDATED_MIRROR,,TRADE_OECD_SA,2026-09-05,LATEST_HISTORY_PROXY,PROXY,CURRENT_HISTORY_ONLY_NO_VINTAGE,false,true,true
1984-06-30,1984-06,3380736000000.0,3380736000000.0,日元(OECD自行季调),M,EXPORT_FRED_SA,FRED(OECD转载财务省),VALIDATED_MIRROR,,TRADE_OECD_SA,2026-09-05,LATEST_HISTORY_PROXY,PROXY,CURRENT_HISTORY_ONLY_NO_VINTAGE,false,true,true
1984-07-31,1984-07,3346318000000.0,3346318000000.0,日元(OECD自行季调),M,EXPORT_FRED_SA,FRED(OECD转载财务省),VALIDATED_MIRROR,,TRADE_OECD_SA,2026-09-05,LATEST_HISTORY_PROXY,PROXY,CURRENT_HISTORY_ONLY_NO_VINTAGE,false,true,true
1984-08-31,1984-08,3413427000000.0,3413427000000.0,日元(OECD自行季调),M,EXPORT_FRED_SA,FRED(OECD转载财务省),VALIDATED_MIRROR,,TRADE_OECD_SA,2026-09-05,LATEST_HISTORY_PROXY,PROXY,CURRENT_HISTORY_ONLY_NO_VINTAGE,false,true,true
1984-09-30,1984-09,3421444000000.0,3421444000000.0,日元(OECD自行季调),M,EXPORT_FRED_SA,FRED(OECD转载财务省),VALIDATED_MIRROR,,TRADE_OECD_SA,2026-09-05,LATEST_HISTORY_PROXY,PROXY,CURRENT_HISTORY_ONLY_NO_VINTAGE,false,true,true
1984-10-31,1984-10,3531294000000.0,3531294000000.0,日元(OECD自行季调),M,EXPORT_FRED_SA,FRED(OECD转载财务省),VALIDATED_MIRROR,,TRADE_OECD_SA,2026-09-05,LATEST_HISTORY_PROXY,PROXY,CURRENT_HISTORY_ONLY_NO_VINTAGE,false,true,true
1984-11-30,1984-11,3545368000000.0,3545368000000.0,日元(OECD自行季调),M,EXPORT_FRED_SA,FRED(OECD转载财务省),VALIDATED_MIRROR,,TRADE_OECD_SA,2026-09-05,LATEST_HISTORY_PROXY,PROXY,CURRENT_HISTORY_ONLY_NO_VINTAGE,false,true,true
1984-12-31,1984-12,3480473000000.0,3480473000000.0,日元(OECD自行季调),M,EXPORT_FRED_SA,FRED(OECD转载财务省),VALIDATED_MIRROR,,TRADE_OECD_SA,2026-09-05,LATEST_HISTORY_PROXY,PROXY,CURRENT_HISTORY_ONLY_NO_VINTAGE,false,true,true
1985-01-31,1985-01,3557259000000.0,3557259000000.0,日元(OECD自行季调),M,EXPORT_FRED_SA,FRED(OECD转载财务省),VALIDATED_MIRROR,,TRADE_OECD_SA,2026-09-05,LATEST_HISTORY_PROXY,PROXY,CURRENT_HISTORY_ONLY_NO_VINTAGE,false,true,true
1985-02-28,1985-02,3533956000000.0,3533956000000.0,日元(OECD自行季调),M,EXPORT_FRED_SA,FRED(OECD转载财务省),VALIDATED_MIRROR,,TRADE_OECD_SA,2026-09-05,LATEST_HISTORY_PROXY,PROXY,CURRENT_HISTORY_ONLY_NO_VINTAGE,false,true,true
1985-03-31,1985-03,3514612000000.0,3514612000000.0,日元(OECD自行季调),M,EXPORT_FRED_SA,FRED(OECD转载财务省),VALIDATED_MIRROR,,TRADE_OECD_SA,2026-09-05,LATEST_HISTORY_PROXY,PROXY,CURRENT_HISTORY_ONLY_NO_VINTAGE,false,true,true
1985-04-30,1985-04,3629919000000.0,3629919000000.0,日元(OECD自行季调),M,EXPORT_FRED_SA,FRED(OECD转载财务省),VALIDATED_MIRROR,,TRADE_OECD_SA,2026-09-05,LATEST_HISTORY_PROXY,PROXY,CURRENT_HISTORY_ONLY_NO_VINTAGE,false,true,true
1985-05-31,1985-05,3772330000000,3772330000000,日元(OECD自行季调),M,EXPORT_FRED_SA,FRED(OECD转载财务省),VALIDATED_MIRROR,,TRADE_OECD_SA,2026-09-05,LATEST_HISTORY_PROXY,PROXY,CURRENT_HISTORY_ONLY_NO_VINTAGE,false,true,true
1985-06-30,1985-06,3586934000000.0,3586934000000.0,日元(OECD自行季调),M,EXPORT_FRED_SA,FRED(OECD转载财务省),VALIDATED_MIRROR,,TRADE_OECD_SA,2026-09-05,LATEST_HISTORY_PROXY,PROXY,CURRENT_HISTORY_ONLY_NO_VINTAGE,false,true,true
1985-07-31,1985-07,3554240000000,3554240000000,日元(OECD自行季调),M,EXPORT_FRED_SA,FRED(OECD转载财务省),VALIDATED_MIRROR,,TRADE_OECD_SA,2026-09-05,LATEST_HISTORY_PROXY,PROXY,CURRENT_HISTORY_ONLY_NO_VINTAGE,false,true,true
1985-08-31,1985-08,3465455000000.0,3465455000000.0,日元(OECD自行季调),M,EXPORT_FRED_SA,FRED(OECD转载财务省),VALIDATED_MIRROR,,TRADE_OECD_SA,2026-09-05,LATEST_HISTORY_PROXY,PROXY,CURRENT_HISTORY_ONLY_NO_VINTAGE,false,true,true
1985-09-30,1985-09,3394270000000,3394270000000,日元(OECD自行季调),M,EXPORT_FRED_SA,FRED(OECD转载财务省),VALIDATED_MIRROR,,TRADE_OECD_SA,2026-09-05,LATEST_HISTORY_PROXY,PROXY,CURRENT_HISTORY_ONLY_NO_VINTAGE,false,true,true
1985-10-31,1985-10,3401688000000.0,3401688000000.0,日元(OECD自行季调),M,EXPORT_FRED_SA,FRED(OECD转载财务省),VALIDATED_MIRROR,,TRADE_OECD_SA,2026-09-05,LATEST_HISTORY_PROXY,PROXY,CURRENT_HISTORY_ONLY_NO_VINTAGE,false,true,true
1985-11-30,1985-11,3362915000000.0,3362915000000.0,日元(OECD自行季调),M,EXPORT_FRED_SA,FRED(OECD转载财务省),VALIDATED_MIRROR,,TRADE_OECD_SA,2026-09-05,LATEST_HISTORY_PROXY,PROXY,CURRENT_HISTORY_ONLY_NO_VINTAGE,false,true,true
1985-12-31,1985-12,3239586000000.0,3239586000000.0,日元(OECD自行季调),M,EXPORT_FRED_SA,FRED(OECD转载财务省),VALIDATED_MIRROR,,TRADE_OECD_SA,2026-09-05,LATEST_HISTORY_PROXY,PROXY,CURRENT_HISTORY_ONLY_NO_VINTAGE,false,true,true
1986-01-31,1986-01,3253122000000.0,3253122000000.0,日元(OECD自行季调),M,EXPORT_FRED_SA,FRED(OECD转载财务省),VALIDATED_MIRROR,,TRADE_OECD_SA,2026-09-05,LATEST_HISTORY_PROXY,PROXY,CURRENT_HISTORY_ONLY_NO_VINTAGE,false,true,true
1986-02-28,1986-02,3095771000000.0,3095771000000.0,日元(OECD自行季调),M,EXPORT_FRED_SA,FRED(OECD转载财务省),VALIDATED_MIRROR,,TRADE_OECD_SA,2026-09-05,LATEST_HISTORY_PROXY,PROXY,CURRENT_HISTORY_ONLY_NO_VINTAGE,false,true,true
1986-03-31,1986-03,2960011000000.0,2960011000000.0,日元(OECD自行季调),M,EXPORT_FRED_SA,FRED(OECD转载财务省),VALIDATED_MIRROR,,TRADE_OECD_SA,2026-09-05,LATEST_HISTORY_PROXY,PROXY,CURRENT_HISTORY_ONLY_NO_VINTAGE,false,true,true
1986-04-30,1986-04,3057791000000.0,3057791000000.0,日元(OECD自行季调),M,EXPORT_FRED_SA,FRED(OECD转载财务省),VALIDATED_MIRROR,,TRADE_OECD_SA,2026-09-05,LATEST_HISTORY_PROXY,PROXY,CURRENT_HISTORY_ONLY_NO_VINTAGE,false,true,true
1986-05-31,1986-05,3124360000000,3124360000000,日元(OECD自行季调),M,EXPORT_FRED_SA,FRED(OECD转载财务省),VALIDATED_MIRROR,,TRADE_OECD_SA,2026-09-05,LATEST_HISTORY_PROXY,PROXY,CURRENT_HISTORY_ONLY_NO_VINTAGE,false,true,true
1986-06-30,1986-06,2940211000000.0,2940211000000.0,日元(OECD自行季调),M,EXPORT_FRED_SA,FRED(OECD转载财务省),VALIDATED_MIRROR,,TRADE_OECD_SA,2026-09-05,LATEST_HISTORY_PROXY,PROXY,CURRENT_HISTORY_ONLY_NO_VINTAGE,false,true,true
1986-07-31,1986-07,2900893000000.0,2900893000000.0,日元(OECD自行季调),M,EXPORT_FRED_SA,FRED(OECD转载财务省),VALIDATED_MIRROR,,TRADE_OECD_SA,2026-09-05,LATEST_HISTORY_PROXY,PROXY,CURRENT_HISTORY_ONLY_NO_VINTAGE,false,true,true
1986-08-31,1986-08,2732764000000.0,2732764000000.0,日元(OECD自行季调),M,EXPORT_FRED_SA,FRED(OECD转载财务省),VALIDATED_MIRROR,,TRADE_OECD_SA,2026-09-05,LATEST_HISTORY_PROXY,PROXY,CURRENT_HISTORY_ONLY_NO_VINTAGE,false,true,true
1986-09-30,1986-09,2822551000000.0,2822551000000.0,日元(OECD自行季调),M,EXPORT_FRED_SA,FRED(OECD转载财务省),VALIDATED_MIRROR,,TRADE_OECD_SA,2026-09-05,LATEST_HISTORY_PROXY,PROXY,CURRENT_HISTORY_ONLY_NO_VINTAGE,false,true,true
1986-10-31,1986-10,2818521000000.0,2818521000000.0,日元(OECD自行季调),M,EXPORT_FRED_SA,FRED(OECD转载财务省),VALIDATED_MIRROR,,TRADE_OECD_SA,2026-09-05,LATEST_HISTORY_PROXY,PROXY,CURRENT_HISTORY_ONLY_NO_VINTAGE,false,true,true
1986-11-30,1986-11,2815265000000.0,2815265000000.0,日元(OECD自行季调),M,EXPORT_FRED_SA,FRED(OECD转载财务省),VALIDATED_MIRROR,,TRADE_OECD_SA,2026-09-05,LATEST_HISTORY_PROXY,PROXY,CURRENT_HISTORY_ONLY_NO_VINTAGE,false,true,true
1986-12-31,1986-12,2866926000000.0,2866926000000.0,日元(OECD自行季调),M,EXPORT_FRED_SA,FRED(OECD转载财务省),VALIDATED_MIRROR,,TRADE_OECD_SA,2026-09-05,LATEST_HISTORY_PROXY,PROXY,CURRENT_HISTORY_ONLY_NO_VINTAGE,false,true,true
1987-01-31,1987-01,2948517000000.0,2948517000000.0,日元(OECD自行季调),M,EXPORT_FRED_SA,FRED(OECD转载财务省),VALIDATED_MIRROR,,TRADE_OECD_SA,2026-09-05,LATEST_HISTORY_PROXY,PROXY,CURRENT_HISTORY_ONLY_NO_VINTAGE,false,true,true
1987-02-28,1987-02,2796155000000.0,2796155000000.0,日元(OECD自行季调),M,EXPORT_FRED_SA,FRED(OECD转载财务省),VALIDATED_MIRROR,,TRADE_OECD_SA,2026-09-05,LATEST_HISTORY_PROXY,PROXY,CURRENT_HISTORY_ONLY_NO_VINTAGE,false,true,true
1987-03-31,1987-03,2749415000000.0,2749415000000.0,日元(OECD自行季调),M,EXPORT_FRED_SA,FRED(OECD转载财务省),VALIDATED_MIRROR,,TRADE_OECD_SA,2026-09-05,LATEST_HISTORY_PROXY,PROXY,CURRENT_HISTORY_ONLY_NO_VINTAGE,false,true,true
1987-04-30,1987-04,2778206000000.0,2778206000000.0,日元(OECD自行季调),M,EXPORT_FRED_SA,FRED(OECD转载财务省),VALIDATED_MIRROR,,TRADE_OECD_SA,2026-09-05,LATEST_HISTORY_PROXY,PROXY,CURRENT_HISTORY_ONLY_NO_VINTAGE,false,true,true
1987-05-31,1987-05,2740257000000.0,2740257000000.0,日元(OECD自行季调),M,EXPORT_FRED_SA,FRED(OECD转载财务省),VALIDATED_MIRROR,,TRADE_OECD_SA,2026-09-05,LATEST_HISTORY_PROXY,PROXY,CURRENT_HISTORY_ONLY_NO_VINTAGE,false,true,true
1987-06-30,1987-06,2668026000000.0,2668026000000.0,日元(OECD自行季调),M,EXPORT_FRED_SA,FRED(OECD转载财务省),VALIDATED_MIRROR,,TRADE_OECD_SA,2026-09-05,LATEST_HISTORY_PROXY,PROXY,CURRENT_HISTORY_ONLY_NO_VINTAGE,false,true,true
1987-07-31,1987-07,2772176000000.0,2772176000000.0,日元(OECD自行季调),M,EXPORT_FRED_SA,FRED(OECD转载财务省),VALIDATED_MIRROR,,TRADE_OECD_SA,2026-09-05,LATEST_HISTORY_PROXY,PROXY,CURRENT_HISTORY_ONLY_NO_VINTAGE,false,true,true
1987-08-31,1987-08,2773798000000.0,2773798000000.0,日元(OECD自行季调),M,EXPORT_FRED_SA,FRED(OECD转载财务省),VALIDATED_MIRROR,,TRADE_OECD_SA,2026-09-05,LATEST_HISTORY_PROXY,PROXY,CURRENT_HISTORY_ONLY_NO_VINTAGE,false,true,true
1987-09-30,1987-09,2772049000000.0,2772049000000.0,日元(OECD自行季调),M,EXPORT_FRED_SA,FRED(OECD转载财务省),VALIDATED_MIRROR,,TRADE_OECD_SA,2026-09-05,LATEST_HISTORY_PROXY,PROXY,CURRENT_HISTORY_ONLY_NO_VINTAGE,false,true,true
1987-10-31,1987-10,2853740000000,2853740000000,日元(OECD自行季调),M,EXPORT_FRED_SA,FRED(OECD转载财务省),VALIDATED_MIRROR,,TRADE_OECD_SA,2026-09-05,LATEST_HISTORY_PROXY,PROXY,CURRENT_HISTORY_ONLY_NO_VINTAGE,false,true,true
1987-11-30,1987-11,2722126000000.0,2722126000000.0,日元(OECD自行季调),M,EXPORT_FRED_SA,FRED(OECD转载财务省),VALIDATED_MIRROR,,TRADE_OECD_SA,2026-09-05,LATEST_HISTORY_PROXY,PROXY,CURRENT_HISTORY_ONLY_NO_VINTAGE,false,true,true
1987-12-31,1987-12,2794688000000.0,2794688000000.0,日元(OECD自行季调),M,EXPORT_FRED_SA,FRED(OECD转载财务省),VALIDATED_MIRROR,,TRADE_OECD_SA,2026-09-05,LATEST_HISTORY_PROXY,PROXY,CURRENT_HISTORY_ONLY_NO_VINTAGE,false,true,true
1988-01-31,1988-01,2705674000000.0,2705674000000.0,日元(OECD自行季调),M,EXPORT_FRED_SA,FRED(OECD转载财务省),VALIDATED_MIRROR,,TRADE_OECD_SA,2026-09-05,LATEST_HISTORY_PROXY,PROXY,CURRENT_HISTORY_ONLY_NO_VINTAGE,false,true,true
1988-02-29,1988-02,2759102000000.0,2759102000000.0,日元(OECD自行季调),M,EXPORT_FRED_SA,FRED(OECD转载财务省),VALIDATED_MIRROR,,TRADE_OECD_SA,2026-09-05,LATEST_HISTORY_PROXY,PROXY,CURRENT_HISTORY_ONLY_NO_VINTAGE,false,true,true
1988-03-31,1988-03,2684309000000.0,2684309000000.0,日元(OECD自行季调),M,EXPORT_FRED_SA,FRED(OECD转载财务省),VALIDATED_MIRROR,,TRADE_OECD_SA,2026-09-05,LATEST_HISTORY_PROXY,PROXY,CURRENT_HISTORY_ONLY_NO_VINTAGE,false,true,true
1988-04-30,1988-04,2766658000000.0,2766658000000.0,日元(OECD自行季调),M,EXPORT_FRED_SA,FRED(OECD转载财务省),VALIDATED_MIRROR,,TRADE_OECD_SA,2026-09-05,LATEST_HISTORY_PROXY,PROXY,CURRENT_HISTORY_ONLY_NO_VINTAGE,false,true,true
1988-05-31,1988-05,2721671000000.0,2721671000000.0,日元(OECD自行季调),M,EXPORT_FRED_SA,FRED(OECD转载财务省),VALIDATED_MIRROR,,TRADE_OECD_SA,2026-09-05,LATEST_HISTORY_PROXY,PROXY,CURRENT_HISTORY_ONLY_NO_VINTAGE,false,true,true
1988-06-30,1988-06,2736791000000.0,2736791000000.0,日元(OECD自行季调),M,EXPORT_FRED_SA,FRED(OECD转载财务省),VALIDATED_MIRROR,,TRADE_OECD_SA,2026-09-05,LATEST_HISTORY_PROXY,PROXY,CURRENT_HISTORY_ONLY_NO_VINTAGE,false,true,true
1988-07-31,1988-07,2868904000000.0,2868904000000.0,日元(OECD自行季调),M,EXPORT_FRED_SA,FRED(OECD转载财务省),VALIDATED_MIRROR,,TRADE_OECD_SA,2026-09-05,LATEST_HISTORY_PROXY,PROXY,CURRENT_HISTORY_ONLY_NO_VINTAGE,false,true,true
1988-08-31,1988-08,2892496000000.0,2892496000000.0,日元(OECD自行季调),M,EXPORT_FRED_SA,FRED(OECD转载财务省),VALIDATED_MIRROR,,TRADE_OECD_SA,2026-09-05,LATEST_HISTORY_PROXY,PROXY,CURRENT_HISTORY_ONLY_NO_VINTAGE,false,true,true
1988-09-30,1988-09,2948263000000.0,2948263000000.0,日元(OECD自行季调),M,EXPORT_FRED_SA,FRED(OECD转载财务省),VALIDATED_MIRROR,,TRADE_OECD_SA,2026-09-05,LATEST_HISTORY_PROXY,PROXY,CURRENT_HISTORY_ONLY_NO_VINTAGE,false,true,true
1988-10-31,1988-10,2970846000000.0,2970846000000.0,日元(OECD自行季调),M,EXPORT_FRED_SA,FRED(OECD转载财务省),VALIDATED_MIRROR,,TRADE_OECD_SA,2026-09-05,LATEST_HISTORY_PROXY,PROXY,CURRENT_HISTORY_ONLY_NO_VINTAGE,false,true,true
1988-11-30,1988-11,2957440000000,2957440000000,日元(OECD自行季调),M,EXPORT_FRED_SA,FRED(OECD转载财务省),VALIDATED_MIRROR,,TRADE_OECD_SA,2026-09-05,LATEST_HISTORY_PROXY,PROXY,CURRENT_HISTORY_ONLY_NO_VINTAGE,false,true,true
1988-12-31,1988-12,2925824000000.0,2925824000000.0,日元(OECD自行季调),M,EXPORT_FRED_SA,FRED(OECD转载财务省),VALIDATED_MIRROR,,TRADE_OECD_SA,2026-09-05,LATEST_HISTORY_PROXY,PROXY,CURRENT_HISTORY_ONLY_NO_VINTAGE,false,true,true
1989-01-31,1989-01,2991606000000.0,2991606000000.0,日元(OECD自行季调),M,EXPORT_FRED_SA,FRED(OECD转载财务省),VALIDATED_MIRROR,,TRADE_OECD_SA,2026-09-05,LATEST_HISTORY_PROXY,PROXY,CURRENT_HISTORY_ONLY_NO_VINTAGE,false,true,true
1989-02-28,1989-02,3034166000000.0,3034166000000.0,日元(OECD自行季调),M,EXPORT_FRED_SA,FRED(OECD转载财务省),VALIDATED_MIRROR,,TRADE_OECD_SA,2026-09-05,LATEST_HISTORY_PROXY,PROXY,CURRENT_HISTORY_ONLY_NO_VINTAGE,false,true,true
1989-03-31,1989-03,3078055000000.0,3078055000000.0,日元(OECD自行季调),M,EXPORT_FRED_SA,FRED(OECD转载财务省),VALIDATED_MIRROR,,TRADE_OECD_SA,2026-09-05,LATEST_HISTORY_PROXY,PROXY,CURRENT_HISTORY_ONLY_NO_VINTAGE,false,true,true
1989-04-30,1989-04,3026443000000.0,3026443000000.0,日元(OECD自行季调),M,EXPORT_FRED_SA,FRED(OECD转载财务省),VALIDATED_MIRROR,,TRADE_OECD_SA,2026-09-05,LATEST_HISTORY_PROXY,PROXY,CURRENT_HISTORY_ONLY_NO_VINTAGE,false,true,true
1989-05-31,1989-05,3078869000000.0,3078869000000.0,日元(OECD自行季调),M,EXPORT_FRED_SA,FRED(OECD转载财务省),VALIDATED_MIRROR,,TRADE_OECD_SA,2026-09-05,LATEST_HISTORY_PROXY,PROXY,CURRENT_HISTORY_ONLY_NO_VINTAGE,false,true,true
1989-06-30,1989-06,3209031000000.0,3209031000000.0,日元(OECD自行季调),M,EXPORT_FRED_SA,FRED(OECD转载财务省),VALIDATED_MIRROR,,TRADE_OECD_SA,2026-09-05,LATEST_HISTORY_PROXY,PROXY,CURRENT_HISTORY_ONLY_NO_VINTAGE,false,true,true
1989-07-31,1989-07,3149960000000,3149960000000,日元(OECD自行季调),M,EXPORT_FRED_SA,FRED(OECD转载财务省),VALIDATED_MIRROR,,TRADE_OECD_SA,2026-09-05,LATEST_HISTORY_PROXY,PROXY,CURRENT_HISTORY_ONLY_NO_VINTAGE,false,true,true
1989-08-31,1989-08,3196867000000.0,3196867000000.0,日元(OECD自行季调),M,EXPORT_FRED_SA,FRED(OECD转载财务省),VALIDATED_MIRROR,,TRADE_OECD_SA,2026-09-05,LATEST_HISTORY_PROXY,PROXY,CURRENT_HISTORY_ONLY_NO_VINTAGE,false,true,true
1989-09-30,1989-09,3331068000000.0,3331068000000.0,日元(OECD自行季调),M,EXPORT_FRED_SA,FRED(OECD转载财务省),VALIDATED_MIRROR,,TRADE_OECD_SA,2026-09-05,LATEST_HISTORY_PROXY,PROXY,CURRENT_HISTORY_ONLY_NO_VINTAGE,false,true,true
1989-10-31,1989-10,3165802000000.0,3165802000000.0,日元(OECD自行季调),M,EXPORT_FRED_SA,FRED(OECD转载财务省),VALIDATED_MIRROR,,TRADE_OECD_SA,2026-09-05,LATEST_HISTORY_PROXY,PROXY,CURRENT_HISTORY_ONLY_NO_VINTAGE,false,true,true
1989-11-30,1989-11,3286791000000.0,3286791000000.0,日元(OECD自行季调),M,EXPORT_FRED_SA,FRED(OECD转载财务省),VALIDATED_MIRROR,,TRADE_OECD_SA,2026-09-05,LATEST_HISTORY_PROXY,PROXY,CURRENT_HISTORY_ONLY_NO_VINTAGE,false,true,true
1989-12-31,1989-12,3278434000000.0,3278434000000.0,日元(OECD自行季调),M,EXPORT_FRED_SA,FRED(OECD转载财务省),VALIDATED_MIRROR,,TRADE_OECD_SA,2026-09-05,LATEST_HISTORY_PROXY,PROXY,CURRENT_HISTORY_ONLY_NO_VINTAGE,false,true,true
1990-01-31,1990-01,3280314000000.0,3280314000000.0,日元(OECD自行季调),M,EXPORT_FRED_SA,FRED(OECD转载财务省),VALIDATED_MIRROR,,TRADE_OECD_SA,2026-09-05,LATEST_HISTORY_PROXY,PROXY,CURRENT_HISTORY_ONLY_NO_VINTAGE,false,true,true
1990-02-28,1990-02,3344722000000.0,3344722000000.0,日元(OECD自行季调),M,EXPORT_FRED_SA,FRED(OECD转载财务省),VALIDATED_MIRROR,,TRADE_OECD_SA,2026-09-05,LATEST_HISTORY_PROXY,PROXY,CURRENT_HISTORY_ONLY_NO_VINTAGE,false,true,true
1990-03-31,1990-03,3467623000000.0,3467623000000.0,日元(OECD自行季调),M,EXPORT_FRED_SA,FRED(OECD转载财务省),VALIDATED_MIRROR,,TRADE_OECD_SA,2026-09-05,LATEST_HISTORY_PROXY,PROXY,CURRENT_HISTORY_ONLY_NO_VINTAGE,false,true,true
1990-04-30,1990-04,3409906000000.0,3409906000000.0,日元(OECD自行季调),M,EXPORT_FRED_SA,FRED(OECD转载财务省),VALIDATED_MIRROR,,TRADE_OECD_SA,2026-09-05,LATEST_HISTORY_PROXY,PROXY,CURRENT_HISTORY_ONLY_NO_VINTAGE,false,true,true
1990-05-31,1990-05,3596025000000.0,3596025000000.0,日元(OECD自行季调),M,EXPORT_FRED_SA,FRED(OECD转载财务省),VALIDATED_MIRROR,,TRADE_OECD_SA,2026-09-05,LATEST_HISTORY_PROXY,PROXY,CURRENT_HISTORY_ONLY_NO_VINTAGE,false,true,true
1990-06-30,1990-06,3578209000000.0,3578209000000.0,日元(OECD自行季调),M,EXPORT_FRED_SA,FRED(OECD转载财务省),VALIDATED_MIRROR,,TRADE_OECD_SA,2026-09-05,LATEST_HISTORY_PROXY,PROXY,CURRENT_HISTORY_ONLY_NO_VINTAGE,false,true,true
1990-07-31,1990-07,3455997000000.0,3455997000000.0,日元(OECD自行季调),M,EXPORT_FRED_SA,FRED(OECD转载财务省),VALIDATED_MIRROR,,TRADE_OECD_SA,2026-09-05,LATEST_HISTORY_PROXY,PROXY,CURRENT_HISTORY_ONLY_NO_VINTAGE,false,true,true
1990-08-31,1990-08,3515505000000.0,3515505000000.0,日元(OECD自行季调),M,EXPORT_FRED_SA,FRED(OECD转载财务省),VALIDATED_MIRROR,,TRADE_OECD_SA,2026-09-05,LATEST_HISTORY_PROXY,PROXY,CURRENT_HISTORY_ONLY_NO_VINTAGE,false,true,true
1990-09-30,1990-09,3470230000000,3470230000000,日元(OECD自行季调),M,EXPORT_FRED_SA,FRED(OECD转载财务省),VALIDATED_MIRROR,,TRADE_OECD_SA,2026-09-05,LATEST_HISTORY_PROXY,PROXY,CURRENT_HISTORY_ONLY_NO_VINTAGE,false,true,true
1990-10-31,1990-10,3454773000000.0,3454773000000.0,日元(OECD自行季调),M,EXPORT_FRED_SA,FRED(OECD转载财务省),VALIDATED_MIRROR,,TRADE_OECD_SA,2026-09-05,LATEST_HISTORY_PROXY,PROXY,CURRENT_HISTORY_ONLY_NO_VINTAGE,false,true,true
1990-11-30,1990-11,3450513000000.0,3450513000000.0,日元(OECD自行季调),M,EXPORT_FRED_SA,FRED(OECD转载财务省),VALIDATED_MIRROR,,TRADE_OECD_SA,2026-09-05,LATEST_HISTORY_PROXY,PROXY,CURRENT_HISTORY_ONLY_NO_VINTAGE,false,true,true
1990-12-31,1990-12,3459605000000.0,3459605000000.0,日元(OECD自行季调),M,EXPORT_FRED_SA,FRED(OECD转载财务省),VALIDATED_MIRROR,,TRADE_OECD_SA,2026-09-05,LATEST_HISTORY_PROXY,PROXY,CURRENT_HISTORY_ONLY_NO_VINTAGE,false,true,true
1991-01-31,1991-01,3545480000000,3545480000000,日元(OECD自行季调),M,EXPORT_FRED_SA,FRED(OECD转载财务省),VALIDATED_MIRROR,,TRADE_OECD_SA,2026-09-05,LATEST_HISTORY_PROXY,PROXY,CURRENT_HISTORY_ONLY_NO_VINTAGE,false,true,true
1991-02-28,1991-02,3404303000000.0,3404303000000.0,日元(OECD自行季调),M,EXPORT_FRED_SA,FRED(OECD转载财务省),VALIDATED_MIRROR,,TRADE_OECD_SA,2026-09-05,LATEST_HISTORY_PROXY,PROXY,CURRENT_HISTORY_ONLY_NO_VINTAGE,false,true,true
1991-03-31,1991-03,3499765000000.0,3499765000000.0,日元(OECD自行季调),M,EXPORT_FRED_SA,FRED(OECD转载财务省),VALIDATED_MIRROR,,TRADE_OECD_SA,2026-09-05,LATEST_HISTORY_PROXY,PROXY,CURRENT_HISTORY_ONLY_NO_VINTAGE,false,true,true
1991-04-30,1991-04,3279554000000.0,3279554000000.0,日元(OECD自行季调),M,EXPORT_FRED_SA,FRED(OECD转载财务省),VALIDATED_MIRROR,,TRADE_OECD_SA,2026-09-05,LATEST_HISTORY_PROXY,PROXY,CURRENT_HISTORY_ONLY_NO_VINTAGE,false,true,true
1991-05-31,1991-05,3608952000000.0,3608952000000.0,日元(OECD自行季调),M,EXPORT_FRED_SA,FRED(OECD转载财务省),VALIDATED_MIRROR,,TRADE_OECD_SA,2026-09-05,LATEST_HISTORY_PROXY,PROXY,CURRENT_HISTORY_ONLY_NO_VINTAGE,false,true,true
1991-06-30,1991-06,3493851000000.0,3493851000000.0,日元(OECD自行季调),M,EXPORT_FRED_SA,FRED(OECD转载财务省),VALIDATED_MIRROR,,TRADE_OECD_SA,2026-09-05,LATEST_HISTORY_PROXY,PROXY,CURRENT_HISTORY_ONLY_NO_VINTAGE,false,true,true
1991-07-31,1991-07,3543167000000.0,3543167000000.0,日元(OECD自行季调),M,EXPORT_FRED_SA,FRED(OECD转载财务省),VALIDATED_MIRROR,,TRADE_OECD_SA,2026-09-05,LATEST_HISTORY_PROXY,PROXY,CURRENT_HISTORY_ONLY_NO_VINTAGE,false,true,true
1991-08-31,1991-08,3619319000000.0,3619319000000.0,日元(OECD自行季调),M,EXPORT_FRED_SA,FRED(OECD转载财务省),VALIDATED_MIRROR,,TRADE_OECD_SA,2026-09-05,LATEST_HISTORY_PROXY,PROXY,CURRENT_HISTORY_ONLY_NO_VINTAGE,false,true,true
1991-09-30,1991-09,3537539000000.0,3537539000000.0,日元(OECD自行季调),M,EXPORT_FRED_SA,FRED(OECD转载财务省),VALIDATED_MIRROR,,TRADE_OECD_SA,2026-09-05,LATEST_HISTORY_PROXY,PROXY,CURRENT_HISTORY_ONLY_NO_VINTAGE,false,true,true
1991-10-31,1991-10,3640237000000.0,3640237000000.0,日元(OECD自行季调),M,EXPORT_FRED_SA,FRED(OECD转载财务省),VALIDATED_MIRROR,,TRADE_OECD_SA,2026-09-05,LATEST_HISTORY_PROXY,PROXY,CURRENT_HISTORY_ONLY_NO_VINTAGE,false,true,true
1991-11-30,1991-11,3698269000000.0,3698269000000.0,日元(OECD自行季调),M,EXPORT_FRED_SA,FRED(OECD转载财务省),VALIDATED_MIRROR,,TRADE_OECD_SA,2026-09-05,LATEST_HISTORY_PROXY,PROXY,CURRENT_HISTORY_ONLY_NO_VINTAGE,false,true,true
1991-12-31,1991-12,3557011000000.0,3557011000000.0,日元(OECD自行季调),M,EXPORT_FRED_SA,FRED(OECD转载财务省),VALIDATED_MIRROR,,TRADE_OECD_SA,2026-09-05,LATEST_HISTORY_PROXY,PROXY,CURRENT_HISTORY_ONLY_NO_VINTAGE,false,true,true
1992-01-31,1992-01,3583748000000.0,3583748000000.0,日元(OECD自行季调),M,EXPORT_FRED_SA,FRED(OECD转载财务省),VALIDATED_MIRROR,,TRADE_OECD_SA,2026-09-05,LATEST_HISTORY_PROXY,PROXY,CURRENT_HISTORY_ONLY_NO_VINTAGE,false,true,true
1992-02-29,1992-02,3640482000000.0,3640482000000.0,日元(OECD自行季调),M,EXPORT_FRED_SA,FRED(OECD转载财务省),VALIDATED_MIRROR,,TRADE_OECD_SA,2026-09-05,LATEST_HISTORY_PROXY,PROXY,CURRENT_HISTORY_ONLY_NO_VINTAGE,false,true,true
1992-03-31,1992-03,3467162000000.0,3467162000000.0,日元(OECD自行季调),M,EXPORT_FRED_SA,FRED(OECD转载财务省),VALIDATED_MIRROR,,TRADE_OECD_SA,2026-09-05,LATEST_HISTORY_PROXY,PROXY,CURRENT_HISTORY_ONLY_NO_VINTAGE,false,true,true
1992-04-30,1992-04,3574931000000.0,3574931000000.0,日元(OECD自行季调),M,EXPORT_FRED_SA,FRED(OECD转载财务省),VALIDATED_MIRROR,,TRADE_OECD_SA,2026-09-05,LATEST_HISTORY_PROXY,PROXY,CURRENT_HISTORY_ONLY_NO_VINTAGE,false,true,true
1992-05-31,1992-05,3653856000000.0,3653856000000.0,日元(OECD自行季调),M,EXPORT_FRED_SA,FRED(OECD转载财务省),VALIDATED_MIRROR,,TRADE_OECD_SA,2026-09-05,LATEST_HISTORY_PROXY,PROXY,CURRENT_HISTORY_ONLY_NO_VINTAGE,false,true,true
1992-06-30,1992-06,3567763000000.0,3567763000000.0,日元(OECD自行季调),M,EXPORT_FRED_SA,FRED(OECD转载财务省),VALIDATED_MIRROR,,TRADE_OECD_SA,2026-09-05,LATEST_HISTORY_PROXY,PROXY,CURRENT_HISTORY_ONLY_NO_VINTAGE,false,true,true
1992-07-31,1992-07,3575260000000,3575260000000,日元(OECD自行季调),M,EXPORT_FRED_SA,FRED(OECD转载财务省),VALIDATED_MIRROR,,TRADE_OECD_SA,2026-09-05,LATEST_HISTORY_PROXY,PROXY,CURRENT_HISTORY_ONLY_NO_VINTAGE,false,true,true
1992-08-31,1992-08,3577487000000.0,3577487000000.0,日元(OECD自行季调),M,EXPORT_FRED_SA,FRED(OECD转载财务省),VALIDATED_MIRROR,,TRADE_OECD_SA,2026-09-05,LATEST_HISTORY_PROXY,PROXY,CURRENT_HISTORY_ONLY_NO_VINTAGE,false,true,true
1992-09-30,1992-09,3693079000000.0,3693079000000.0,日元(OECD自行季调),M,EXPORT_FRED_SA,FRED(OECD转载财务省),VALIDATED_MIRROR,,TRADE_OECD_SA,2026-09-05,LATEST_HISTORY_PROXY,PROXY,CURRENT_HISTORY_ONLY_NO_VINTAGE,false,true,true
1992-10-31,1992-10,3669222000000.0,3669222000000.0,日元(OECD自行季调),M,EXPORT_FRED_SA,FRED(OECD转载财务省),VALIDATED_MIRROR,,TRADE_OECD_SA,2026-09-05,LATEST_HISTORY_PROXY,PROXY,CURRENT_HISTORY_ONLY_NO_VINTAGE,false,true,true
1992-11-30,1992-11,3495790000000,3495790000000,日元(OECD自行季调),M,EXPORT_FRED_SA,FRED(OECD转载财务省),VALIDATED_MIRROR,,TRADE_OECD_SA,2026-09-05,LATEST_HISTORY_PROXY,PROXY,CURRENT_HISTORY_ONLY_NO_VINTAGE,false,true,true
1992-12-31,1992-12,3551990000000,3551990000000,日元(OECD自行季调),M,EXPORT_FRED_SA,FRED(OECD转载财务省),VALIDATED_MIRROR,,TRADE_OECD_SA,2026-09-05,LATEST_HISTORY_PROXY,PROXY,CURRENT_HISTORY_ONLY_NO_VINTAGE,false,true,true
1993-01-31,1993-01,3545230000000,3545230000000,日元(OECD自行季调),M,EXPORT_FRED_SA,FRED(OECD转载财务省),VALIDATED_MIRROR,,TRADE_OECD_SA,2026-09-05,LATEST_HISTORY_PROXY,PROXY,CURRENT_HISTORY_ONLY_NO_VINTAGE,false,true,true
1993-02-28,1993-02,3532259000000.0,3532259000000.0,日元(OECD自行季调),M,EXPORT_FRED_SA,FRED(OECD转载财务省),VALIDATED_MIRROR,,TRADE_OECD_SA,2026-09-05,LATEST_HISTORY_PROXY,PROXY,CURRENT_HISTORY_ONLY_NO_VINTAGE,false,true,true
1993-03-31,1993-03,3553998000000.0,3553998000000.0,日元(OECD自行季调),M,EXPORT_FRED_SA,FRED(OECD转载财务省),VALIDATED_MIRROR,,TRADE_OECD_SA,2026-09-05,LATEST_HISTORY_PROXY,PROXY,CURRENT_HISTORY_ONLY_NO_VINTAGE,false,true,true
1993-04-30,1993-04,3469330000000,3469330000000,日元(OECD自行季调),M,EXPORT_FRED_SA,FRED(OECD转载财务省),VALIDATED_MIRROR,,TRADE_OECD_SA,2026-09-05,LATEST_HISTORY_PROXY,PROXY,CURRENT_HISTORY_ONLY_NO_VINTAGE,false,true,true
1993-05-31,1993-05,3275264000000.0,3275264000000.0,日元(OECD自行季调),M,EXPORT_FRED_SA,FRED(OECD转载财务省),VALIDATED_MIRROR,,TRADE_OECD_SA,2026-09-05,LATEST_HISTORY_PROXY,PROXY,CURRENT_HISTORY_ONLY_NO_VINTAGE,false,true,true
1993-06-30,1993-06,3275447000000.0,3275447000000.0,日元(OECD自行季调),M,EXPORT_FRED_SA,FRED(OECD转载财务省),VALIDATED_MIRROR,,TRADE_OECD_SA,2026-09-05,LATEST_HISTORY_PROXY,PROXY,CURRENT_HISTORY_ONLY_NO_VINTAGE,false,true,true
1993-07-31,1993-07,3381719000000.0,3381719000000.0,日元(OECD自行季调),M,EXPORT_FRED_SA,FRED(OECD转载财务省),VALIDATED_MIRROR,,TRADE_OECD_SA,2026-09-05,LATEST_HISTORY_PROXY,PROXY,CURRENT_HISTORY_ONLY_NO_VINTAGE,false,true,true
1993-08-31,1993-08,3188125000000.0,3188125000000.0,日元(OECD自行季调),M,EXPORT_FRED_SA,FRED(OECD转载财务省),VALIDATED_MIRROR,,TRADE_OECD_SA,2026-09-05,LATEST_HISTORY_PROXY,PROXY,CURRENT_HISTORY_ONLY_NO_VINTAGE,false,true,true
1993-09-30,1993-09,3273653000000.0,3273653000000.0,日元(OECD自行季调),M,EXPORT_FRED_SA,FRED(OECD转载财务省),VALIDATED_MIRROR,,TRADE_OECD_SA,2026-09-05,LATEST_HISTORY_PROXY,PROXY,CURRENT_HISTORY_ONLY_NO_VINTAGE,false,true,true
1993-10-31,1993-10,3247188000000.0,3247188000000.0,日元(OECD自行季调),M,EXPORT_FRED_SA,FRED(OECD转载财务省),VALIDATED_MIRROR,,TRADE_OECD_SA,2026-09-05,LATEST_HISTORY_PROXY,PROXY,CURRENT_HISTORY_ONLY_NO_VINTAGE,false,true,true
1993-11-30,1993-11,3171802000000.0,3171802000000.0,日元(OECD自行季调),M,EXPORT_FRED_SA,FRED(OECD转载财务省),VALIDATED_MIRROR,,TRADE_OECD_SA,2026-09-05,LATEST_HISTORY_PROXY,PROXY,CURRENT_HISTORY_ONLY_NO_VINTAGE,false,true,true
1993-12-31,1993-12,3284162000000.0,3284162000000.0,日元(OECD自行季调),M,EXPORT_FRED_SA,FRED(OECD转载财务省),VALIDATED_MIRROR,,TRADE_OECD_SA,2026-09-05,LATEST_HISTORY_PROXY,PROXY,CURRENT_HISTORY_ONLY_NO_VINTAGE,false,true,true
1994-01-31,1994-01,3400258000000.0,3400258000000.0,日元(OECD自行季调),M,EXPORT_FRED_SA,FRED(OECD转载财务省),VALIDATED_MIRROR,,TRADE_OECD_SA,2026-09-05,LATEST_HISTORY_PROXY,PROXY,CURRENT_HISTORY_ONLY_NO_VINTAGE,false,true,true
1994-02-28,1994-02,3264686000000.0,3264686000000.0,日元(OECD自行季调),M,EXPORT_FRED_SA,FRED(OECD转载财务省),VALIDATED_MIRROR,,TRADE_OECD_SA,2026-09-05,LATEST_HISTORY_PROXY,PROXY,CURRENT_HISTORY_ONLY_NO_VINTAGE,false,true,true
1994-03-31,1994-03,3338839000000.0,3338839000000.0,日元(OECD自行季调),M,EXPORT_FRED_SA,FRED(OECD转载财务省),VALIDATED_MIRROR,,TRADE_OECD_SA,2026-09-05,LATEST_HISTORY_PROXY,PROXY,CURRENT_HISTORY_ONLY_NO_VINTAGE,false,true,true
1994-04-30,1994-04,3370072000000.0,3370072000000.0,日元(OECD自行季调),M,EXPORT_FRED_SA,FRED(OECD转载财务省),VALIDATED_MIRROR,,TRADE_OECD_SA,2026-09-05,LATEST_HISTORY_PROXY,PROXY,CURRENT_HISTORY_ONLY_NO_VINTAGE,false,true,true
1994-05-31,1994-05,3211363000000.0,3211363000000.0,日元(OECD自行季调),M,EXPORT_FRED_SA,FRED(OECD转载财务省),VALIDATED_MIRROR,,TRADE_OECD_SA,2026-09-05,LATEST_HISTORY_PROXY,PROXY,CURRENT_HISTORY_ONLY_NO_VINTAGE,false,true,true
1994-06-30,1994-06,3522268000000.0,3522268000000.0,日元(OECD自行季调),M,EXPORT_FRED_SA,FRED(OECD转载财务省),VALIDATED_MIRROR,,TRADE_OECD_SA,2026-09-05,LATEST_HISTORY_PROXY,PROXY,CURRENT_HISTORY_ONLY_NO_VINTAGE,false,true,true
1994-07-31,1994-07,3337561000000.0,3337561000000.0,日元(OECD自行季调),M,EXPORT_FRED_SA,FRED(OECD转载财务省),VALIDATED_MIRROR,,TRADE_OECD_SA,2026-09-05,LATEST_HISTORY_PROXY,PROXY,CURRENT_HISTORY_ONLY_NO_VINTAGE,false,true,true
1994-08-31,1994-08,3405725000000.0,3405725000000.0,日元(OECD自行季调),M,EXPORT_FRED_SA,FRED(OECD转载财务省),VALIDATED_MIRROR,,TRADE_OECD_SA,2026-09-05,LATEST_HISTORY_PROXY,PROXY,CURRENT_HISTORY_ONLY_NO_VINTAGE,false,true,true
1994-09-30,1994-09,3381742000000.0,3381742000000.0,日元(OECD自行季调),M,EXPORT_FRED_SA,FRED(OECD转载财务省),VALIDATED_MIRROR,,TRADE_OECD_SA,2026-09-05,LATEST_HISTORY_PROXY,PROXY,CURRENT_HISTORY_ONLY_NO_VINTAGE,false,true,true
1994-10-31,1994-10,3350333000000.0,3350333000000.0,日元(OECD自行季调),M,EXPORT_FRED_SA,FRED(OECD转载财务省),VALIDATED_MIRROR,,TRADE_OECD_SA,2026-09-05,LATEST_HISTORY_PROXY,PROXY,CURRENT_HISTORY_ONLY_NO_VINTAGE,false,true,true
1994-11-30,1994-11,3439217000000.0,3439217000000.0,日元(OECD自行季调),M,EXPORT_FRED_SA,FRED(OECD转载财务省),VALIDATED_MIRROR,,TRADE_OECD_SA,2026-09-05,LATEST_HISTORY_PROXY,PROXY,CURRENT_HISTORY_ONLY_NO_VINTAGE,false,true,true
1994-12-31,1994-12,3453428000000.0,3453428000000.0,日元(OECD自行季调),M,EXPORT_FRED_SA,FRED(OECD转载财务省),VALIDATED_MIRROR,,TRADE_OECD_SA,2026-09-05,LATEST_HISTORY_PROXY,PROXY,CURRENT_HISTORY_ONLY_NO_VINTAGE,false,true,true
1995-01-31,1995-01,3162796000000.0,3162796000000.0,日元(OECD自行季调),M,EXPORT_FRED_SA,FRED(OECD转载财务省),VALIDATED_MIRROR,,TRADE_OECD_SA,2026-09-05,LATEST_HISTORY_PROXY,PROXY,CURRENT_HISTORY_ONLY_NO_VINTAGE,false,true,true
1995-02-28,1995-02,3535309000000.0,3535309000000.0,日元(OECD自行季调),M,EXPORT_FRED_SA,FRED(OECD转载财务省),VALIDATED_MIRROR,,TRADE_OECD_SA,2026-09-05,LATEST_HISTORY_PROXY,PROXY,CURRENT_HISTORY_ONLY_NO_VINTAGE,false,true,true
1995-03-31,1995-03,3518525000000.0,3518525000000.0,日元(OECD自行季调),M,EXPORT_FRED_SA,FRED(OECD转载财务省),VALIDATED_MIRROR,,TRADE_OECD_SA,2026-09-05,LATEST_HISTORY_PROXY,PROXY,CURRENT_HISTORY_ONLY_NO_VINTAGE,false,true,true
1995-04-30,1995-04,3398679000000.0,3398679000000.0,日元(OECD自行季调),M,EXPORT_FRED_SA,FRED(OECD转载财务省),VALIDATED_MIRROR,,TRADE_OECD_SA,2026-09-05,LATEST_HISTORY_PROXY,PROXY,CURRENT_HISTORY_ONLY_NO_VINTAGE,false,true,true
1995-05-31,1995-05,3299112000000.0,3299112000000.0,日元(OECD自行季调),M,EXPORT_FRED_SA,FRED(OECD转载财务省),VALIDATED_MIRROR,,TRADE_OECD_SA,2026-09-05,LATEST_HISTORY_PROXY,PROXY,CURRENT_HISTORY_ONLY_NO_VINTAGE,false,true,true
1995-06-30,1995-06,3424680000000,3424680000000,日元(OECD自行季调),M,EXPORT_FRED_SA,FRED(OECD转载财务省),VALIDATED_MIRROR,,TRADE_OECD_SA,2026-09-05,LATEST_HISTORY_PROXY,PROXY,CURRENT_HISTORY_ONLY_NO_VINTAGE,false,true,true
1995-07-31,1995-07,3173680000000,3173680000000,日元(OECD自行季调),M,EXPORT_FRED_SA,FRED(OECD转载财务省),VALIDATED_MIRROR,,TRADE_OECD_SA,2026-09-05,LATEST_HISTORY_PROXY,PROXY,CURRENT_HISTORY_ONLY_NO_VINTAGE,false,true,true
1995-08-31,1995-08,3484000000000,3484000000000,日元(OECD自行季调),M,EXPORT_FRED_SA,FRED(OECD转载财务省),VALIDATED_MIRROR,,TRADE_OECD_SA,2026-09-05,LATEST_HISTORY_PROXY,PROXY,CURRENT_HISTORY_ONLY_NO_VINTAGE,false,true,true
1995-09-30,1995-09,3608080000000,3608080000000,日元(OECD自行季调),M,EXPORT_FRED_SA,FRED(OECD转载财务省),VALIDATED_MIRROR,,TRADE_OECD_SA,2026-09-05,LATEST_HISTORY_PROXY,PROXY,CURRENT_HISTORY_ONLY_NO_VINTAGE,false,true,true
1995-10-31,1995-10,3464248000000.0,3464248000000.0,日元(OECD自行季调),M,EXPORT_FRED_SA,FRED(OECD转载财务省),VALIDATED_MIRROR,,TRADE_OECD_SA,2026-09-05,LATEST_HISTORY_PROXY,PROXY,CURRENT_HISTORY_ONLY_NO_VINTAGE,false,true,true
1995-11-30,1995-11,3666301000000.0,3666301000000.0,日元(OECD自行季调),M,EXPORT_FRED_SA,FRED(OECD转载财务省),VALIDATED_MIRROR,,TRADE_OECD_SA,2026-09-05,LATEST_HISTORY_PROXY,PROXY,CURRENT_HISTORY_ONLY_NO_VINTAGE,false,true,true
1995-12-31,1995-12,3699547000000.0,3699547000000.0,日元(OECD自行季调),M,EXPORT_FRED_SA,FRED(OECD转载财务省),VALIDATED_MIRROR,,TRADE_OECD_SA,2026-09-05,LATEST_HISTORY_PROXY,PROXY,CURRENT_HISTORY_ONLY_NO_VINTAGE,false,true,true
1996-01-31,1996-01,3499318000000.0,3499318000000.0,日元(OECD自行季调),M,EXPORT_FRED_SA,FRED(OECD转载财务省),VALIDATED_MIRROR,,TRADE_OECD_SA,2026-09-05,LATEST_HISTORY_PROXY,PROXY,CURRENT_HISTORY_ONLY_NO_VINTAGE,false,true,true
1996-02-29,1996-02,3692136000000.0,3692136000000.0,日元(OECD自行季调),M,EXPORT_FRED_SA,FRED(OECD转载财务省),VALIDATED_MIRROR,,TRADE_OECD_SA,2026-09-05,LATEST_HISTORY_PROXY,PROXY,CURRENT_HISTORY_ONLY_NO_VINTAGE,false,true,true
1996-03-31,1996-03,3647988000000.0,3647988000000.0,日元(OECD自行季调),M,EXPORT_FRED_SA,FRED(OECD转载财务省),VALIDATED_MIRROR,,TRADE_OECD_SA,2026-09-05,LATEST_HISTORY_PROXY,PROXY,CURRENT_HISTORY_ONLY_NO_VINTAGE,false,true,true
1996-04-30,1996-04,3569122000000.0,3569122000000.0,日元(OECD自行季调),M,EXPORT_FRED_SA,FRED(OECD转载财务省),VALIDATED_MIRROR,,TRADE_OECD_SA,2026-09-05,LATEST_HISTORY_PROXY,PROXY,CURRENT_HISTORY_ONLY_NO_VINTAGE,false,true,true
1996-05-31,1996-05,3758373000000.0,3758373000000.0,日元(OECD自行季调),M,EXPORT_FRED_SA,FRED(OECD转载财务省),VALIDATED_MIRROR,,TRADE_OECD_SA,2026-09-05,LATEST_HISTORY_PROXY,PROXY,CURRENT_HISTORY_ONLY_NO_VINTAGE,false,true,true
1996-06-30,1996-06,3673271000000.0,3673271000000.0,日元(OECD自行季调),M,EXPORT_FRED_SA,FRED(OECD转载财务省),VALIDATED_MIRROR,,TRADE_OECD_SA,2026-09-05,LATEST_HISTORY_PROXY,PROXY,CURRENT_HISTORY_ONLY_NO_VINTAGE,false,true,true
1996-07-31,1996-07,3716750000000,3716750000000,日元(OECD自行季调),M,EXPORT_FRED_SA,FRED(OECD转载财务省),VALIDATED_MIRROR,,TRADE_OECD_SA,2026-09-05,LATEST_HISTORY_PROXY,PROXY,CURRENT_HISTORY_ONLY_NO_VINTAGE,false,true,true
1996-08-31,1996-08,3744501000000.0,3744501000000.0,日元(OECD自行季调),M,EXPORT_FRED_SA,FRED(OECD转载财务省),VALIDATED_MIRROR,,TRADE_OECD_SA,2026-09-05,LATEST_HISTORY_PROXY,PROXY,CURRENT_HISTORY_ONLY_NO_VINTAGE,false,true,true
1996-09-30,1996-09,3663604000000.0,3663604000000.0,日元(OECD自行季调),M,EXPORT_FRED_SA,FRED(OECD转载财务省),VALIDATED_MIRROR,,TRADE_OECD_SA,2026-09-05,LATEST_HISTORY_PROXY,PROXY,CURRENT_HISTORY_ONLY_NO_VINTAGE,false,true,true
1996-10-31,1996-10,3831967000000.0,3831967000000.0,日元(OECD自行季调),M,EXPORT_FRED_SA,FRED(OECD转载财务省),VALIDATED_MIRROR,,TRADE_OECD_SA,2026-09-05,LATEST_HISTORY_PROXY,PROXY,CURRENT_HISTORY_ONLY_NO_VINTAGE,false,true,true
1996-11-30,1996-11,4020376000000.0,4020376000000.0,日元(OECD自行季调),M,EXPORT_FRED_SA,FRED(OECD转载财务省),VALIDATED_MIRROR,,TRADE_OECD_SA,2026-09-05,LATEST_HISTORY_PROXY,PROXY,CURRENT_HISTORY_ONLY_NO_VINTAGE,false,true,true
1996-12-31,1996-12,3871470000000,3871470000000,日元(OECD自行季调),M,EXPORT_FRED_SA,FRED(OECD转载财务省),VALIDATED_MIRROR,,TRADE_OECD_SA,2026-09-05,LATEST_HISTORY_PROXY,PROXY,CURRENT_HISTORY_ONLY_NO_VINTAGE,false,true,true
1997-01-31,1997-01,4077425000000.0,4077425000000.0,日元(OECD自行季调),M,EXPORT_FRED_SA,FRED(OECD转载财务省),VALIDATED_MIRROR,,TRADE_OECD_SA,2026-09-05,LATEST_HISTORY_PROXY,PROXY,CURRENT_HISTORY_ONLY_NO_VINTAGE,false,true,true
1997-02-28,1997-02,4100488000000.0005,4100488000000.0005,日元(OECD自行季调),M,EXPORT_FRED_SA,FRED(OECD转载财务省),VALIDATED_MIRROR,,TRADE_OECD_SA,2026-09-05,LATEST_HISTORY_PROXY,PROXY,CURRENT_HISTORY_ONLY_NO_VINTAGE,false,true,true
1997-03-31,1997-03,4087592000000.0,4087592000000.0,日元(OECD自行季调),M,EXPORT_FRED_SA,FRED(OECD转载财务省),VALIDATED_MIRROR,,TRADE_OECD_SA,2026-09-05,LATEST_HISTORY_PROXY,PROXY,CURRENT_HISTORY_ONLY_NO_VINTAGE,false,true,true
1997-04-30,1997-04,4340779000000.0005,4340779000000.0005,日元(OECD自行季调),M,EXPORT_FRED_SA,FRED(OECD转载财务省),VALIDATED_MIRROR,,TRADE_OECD_SA,2026-09-05,LATEST_HISTORY_PROXY,PROXY,CURRENT_HISTORY_ONLY_NO_VINTAGE,false,true,true
1997-05-31,1997-05,4498093000000.0,4498093000000.0,日元(OECD自行季调),M,EXPORT_FRED_SA,FRED(OECD转载财务省),VALIDATED_MIRROR,,TRADE_OECD_SA,2026-09-05,LATEST_HISTORY_PROXY,PROXY,CURRENT_HISTORY_ONLY_NO_VINTAGE,false,true,true
1997-06-30,1997-06,4106921999999.9995,4106921999999.9995,日元(OECD自行季调),M,EXPORT_FRED_SA,FRED(OECD转载财务省),VALIDATED_MIRROR,,TRADE_OECD_SA,2026-09-05,LATEST_HISTORY_PROXY,PROXY,CURRENT_HISTORY_ONLY_NO_VINTAGE,false,true,true
1997-07-31,1997-07,4146477000000.0,4146477000000.0,日元(OECD自行季调),M,EXPORT_FRED_SA,FRED(OECD转载财务省),VALIDATED_MIRROR,,TRADE_OECD_SA,2026-09-05,LATEST_HISTORY_PROXY,PROXY,CURRENT_HISTORY_ONLY_NO_VINTAGE,false,true,true
1997-08-31,1997-08,4226729000000.0005,4226729000000.0005,日元(OECD自行季调),M,EXPORT_FRED_SA,FRED(OECD转载财务省),VALIDATED_MIRROR,,TRADE_OECD_SA,2026-09-05,LATEST_HISTORY_PROXY,PROXY,CURRENT_HISTORY_ONLY_NO_VINTAGE,false,true,true
1997-09-30,1997-09,4173295000000.0,4173295000000.0,日元(OECD自行季调),M,EXPORT_FRED_SA,FRED(OECD转载财务省),VALIDATED_MIRROR,,TRADE_OECD_SA,2026-09-05,LATEST_HISTORY_PROXY,PROXY,CURRENT_HISTORY_ONLY_NO_VINTAGE,false,true,true
1997-10-31,1997-10,4470346000000.0,4470346000000.0,日元(OECD自行季调),M,EXPORT_FRED_SA,FRED(OECD转载财务省),VALIDATED_MIRROR,,TRADE_OECD_SA,2026-09-05,LATEST_HISTORY_PROXY,PROXY,CURRENT_HISTORY_ONLY_NO_VINTAGE,false,true,true
1997-11-30,1997-11,4288287999999.9995,4288287999999.9995,日元(OECD自行季调),M,EXPORT_FRED_SA,FRED(OECD转载财务省),VALIDATED_MIRROR,,TRADE_OECD_SA,2026-09-05,LATEST_HISTORY_PROXY,PROXY,CURRENT_HISTORY_ONLY_NO_VINTAGE,false,true,true
1997-12-31,1997-12,4420567000000.0,4420567000000.0,日元(OECD自行季调),M,EXPORT_FRED_SA,FRED(OECD转载财务省),VALIDATED_MIRROR,,TRADE_OECD_SA,2026-09-05,LATEST_HISTORY_PROXY,PROXY,CURRENT_HISTORY_ONLY_NO_VINTAGE,false,true,true
1998-01-31,1998-01,4426067000000.0,4426067000000.0,日元(OECD自行季调),M,EXPORT_FRED_SA,FRED(OECD转载财务省),VALIDATED_MIRROR,,TRADE_OECD_SA,2026-09-05,LATEST_HISTORY_PROXY,PROXY,CURRENT_HISTORY_ONLY_NO_VINTAGE,false,true,true
1998-02-28,1998-02,4248393000000.0,4248393000000.0,日元(OECD自行季调),M,EXPORT_FRED_SA,FRED(OECD转载财务省),VALIDATED_MIRROR,,TRADE_OECD_SA,2026-09-05,LATEST_HISTORY_PROXY,PROXY,CURRENT_HISTORY_ONLY_NO_VINTAGE,false,true,true
1998-03-31,1998-03,4228094000000.0,4228094000000.0,日元(OECD自行季调),M,EXPORT_FRED_SA,FRED(OECD转载财务省),VALIDATED_MIRROR,,TRADE_OECD_SA,2026-09-05,LATEST_HISTORY_PROXY,PROXY,CURRENT_HISTORY_ONLY_NO_VINTAGE,false,true,true
1998-04-30,1998-04,4221265000000.0005,4221265000000.0005,日元(OECD自行季调),M,EXPORT_FRED_SA,FRED(OECD转载财务省),VALIDATED_MIRROR,,TRADE_OECD_SA,2026-09-05,LATEST_HISTORY_PROXY,PROXY,CURRENT_HISTORY_ONLY_NO_VINTAGE,false,true,true
1998-05-31,1998-05,4385194000000.0005,4385194000000.0005,日元(OECD自行季调),M,EXPORT_FRED_SA,FRED(OECD转载财务省),VALIDATED_MIRROR,,TRADE_OECD_SA,2026-09-05,LATEST_HISTORY_PROXY,PROXY,CURRENT_HISTORY_ONLY_NO_VINTAGE,false,true,true
1998-06-30,1998-06,4303041000000.0,4303041000000.0,日元(OECD自行季调),M,EXPORT_FRED_SA,FRED(OECD转载财务省),VALIDATED_MIRROR,,TRADE_OECD_SA,2026-09-05,LATEST_HISTORY_PROXY,PROXY,CURRENT_HISTORY_ONLY_NO_VINTAGE,false,true,true
1998-07-31,1998-07,4378551000000.0005,4378551000000.0005,日元(OECD自行季调),M,EXPORT_FRED_SA,FRED(OECD转载财务省),VALIDATED_MIRROR,,TRADE_OECD_SA,2026-09-05,LATEST_HISTORY_PROXY,PROXY,CURRENT_HISTORY_ONLY_NO_VINTAGE,false,true,true
1998-08-31,1998-08,4281209000000.0,4281209000000.0,日元(OECD自行季调),M,EXPORT_FRED_SA,FRED(OECD转载财务省),VALIDATED_MIRROR,,TRADE_OECD_SA,2026-09-05,LATEST_HISTORY_PROXY,PROXY,CURRENT_HISTORY_ONLY_NO_VINTAGE,false,true,true
1998-09-30,1998-09,4340783000000.0005,4340783000000.0005,日元(OECD自行季调),M,EXPORT_FRED_SA,FRED(OECD转载财务省),VALIDATED_MIRROR,,TRADE_OECD_SA,2026-09-05,LATEST_HISTORY_PROXY,PROXY,CURRENT_HISTORY_ONLY_NO_VINTAGE,false,true,true
1998-10-31,1998-10,4134871000000.0,4134871000000.0,日元(OECD自行季调),M,EXPORT_FRED_SA,FRED(OECD转载财务省),VALIDATED_MIRROR,,TRADE_OECD_SA,2026-09-05,LATEST_HISTORY_PROXY,PROXY,CURRENT_HISTORY_ONLY_NO_VINTAGE,false,true,true
1998-11-30,1998-11,3914750000000,3914750000000,日元(OECD自行季调),M,EXPORT_FRED_SA,FRED(OECD转载财务省),VALIDATED_MIRROR,,TRADE_OECD_SA,2026-09-05,LATEST_HISTORY_PROXY,PROXY,CURRENT_HISTORY_ONLY_NO_VINTAGE,false,true,true
1998-12-31,1998-12,3924903000000.0,3924903000000.0,日元(OECD自行季调),M,EXPORT_FRED_SA,FRED(OECD转载财务省),VALIDATED_MIRROR,,TRADE_OECD_SA,2026-09-05,LATEST_HISTORY_PROXY,PROXY,CURRENT_HISTORY_ONLY_NO_VINTAGE,false,true,true
1999-01-31,1999-01,3973825000000.0,3973825000000.0,日元(OECD自行季调),M,EXPORT_FRED_SA,FRED(OECD转载财务省),VALIDATED_MIRROR,,TRADE_OECD_SA,2026-09-05,LATEST_HISTORY_PROXY,PROXY,CURRENT_HISTORY_ONLY_NO_VINTAGE,false,true,true
1999-02-28,1999-02,3709185000000.0,3709185000000.0,日元(OECD自行季调),M,EXPORT_FRED_SA,FRED(OECD转载财务省),VALIDATED_MIRROR,,TRADE_OECD_SA,2026-09-05,LATEST_HISTORY_PROXY,PROXY,CURRENT_HISTORY_ONLY_NO_VINTAGE,false,true,true
1999-03-31,1999-03,3838830000000,3838830000000,日元(OECD自行季调),M,EXPORT_FRED_SA,FRED(OECD转载财务省),VALIDATED_MIRROR,,TRADE_OECD_SA,2026-09-05,LATEST_HISTORY_PROXY,PROXY,CURRENT_HISTORY_ONLY_NO_VINTAGE,false,true,true
1999-04-30,1999-04,3866914000000.0,3866914000000.0,日元(OECD自行季调),M,EXPORT_FRED_SA,FRED(OECD转载财务省),VALIDATED_MIRROR,,TRADE_OECD_SA,2026-09-05,LATEST_HISTORY_PROXY,PROXY,CURRENT_HISTORY_ONLY_NO_VINTAGE,false,true,true
1999-05-31,1999-05,3928707000000.0,3928707000000.0,日元(OECD自行季调),M,EXPORT_FRED_SA,FRED(OECD转载财务省),VALIDATED_MIRROR,,TRADE_OECD_SA,2026-09-05,LATEST_HISTORY_PROXY,PROXY,CURRENT_HISTORY_ONLY_NO_VINTAGE,false,true,true
1999-06-30,1999-06,3960174000000.0,3960174000000.0,日元(OECD自行季调),M,EXPORT_FRED_SA,FRED(OECD转载财务省),VALIDATED_MIRROR,,TRADE_OECD_SA,2026-09-05,LATEST_HISTORY_PROXY,PROXY,CURRENT_HISTORY_ONLY_NO_VINTAGE,false,true,true
1999-07-31,1999-07,4059440000000,4059440000000,日元(OECD自行季调),M,EXPORT_FRED_SA,FRED(OECD转载财务省),VALIDATED_MIRROR,,TRADE_OECD_SA,2026-09-05,LATEST_HISTORY_PROXY,PROXY,CURRENT_HISTORY_ONLY_NO_VINTAGE,false,true,true
1999-08-31,1999-08,4026622000000.0,4026622000000.0,日元(OECD自行季调),M,EXPORT_FRED_SA,FRED(OECD转载财务省),VALIDATED_MIRROR,,TRADE_OECD_SA,2026-09-05,LATEST_HISTORY_PROXY,PROXY,CURRENT_HISTORY_ONLY_NO_VINTAGE,false,true,true
1999-09-30,1999-09,4068985000000.0,4068985000000.0,日元(OECD自行季调),M,EXPORT_FRED_SA,FRED(OECD转载财务省),VALIDATED_MIRROR,,TRADE_OECD_SA,2026-09-05,LATEST_HISTORY_PROXY,PROXY,CURRENT_HISTORY_ONLY_NO_VINTAGE,false,true,true
1999-10-31,1999-10,4006164000000.0,4006164000000.0,日元(OECD自行季调),M,EXPORT_FRED_SA,FRED(OECD转载财务省),VALIDATED_MIRROR,,TRADE_OECD_SA,2026-09-05,LATEST_HISTORY_PROXY,PROXY,CURRENT_HISTORY_ONLY_NO_VINTAGE,false,true,true
1999-11-30,1999-11,4043067000000.0,4043067000000.0,日元(OECD自行季调),M,EXPORT_FRED_SA,FRED(OECD转载财务省),VALIDATED_MIRROR,,TRADE_OECD_SA,2026-09-05,LATEST_HISTORY_PROXY,PROXY,CURRENT_HISTORY_ONLY_NO_VINTAGE,false,true,true
1999-12-31,1999-12,4053157000000.0,4053157000000.0,日元(OECD自行季调),M,EXPORT_FRED_SA,FRED(OECD转载财务省),VALIDATED_MIRROR,,TRADE_OECD_SA,2026-09-05,LATEST_HISTORY_PROXY,PROXY,CURRENT_HISTORY_ONLY_NO_VINTAGE,false,true,true
2000-01-31,2000-01,4116881000000.0005,4116881000000.0005,日元(OECD自行季调),M,EXPORT_FRED_SA,FRED(OECD转载财务省),VALIDATED_MIRROR,,TRADE_OECD_SA,2026-09-05,LATEST_HISTORY_PROXY,PROXY,CURRENT_HISTORY_ONLY_NO_VINTAGE,false,true,true
2000-02-29,2000-02,4100670000000,4100670000000,日元(OECD自行季调),M,EXPORT_FRED_SA,FRED(OECD转载财务省),VALIDATED_MIRROR,,TRADE_OECD_SA,2026-09-05,LATEST_HISTORY_PROXY,PROXY,CURRENT_HISTORY_ONLY_NO_VINTAGE,false,true,true
2000-03-31,2000-03,4140928000000.0,4140928000000.0,日元(OECD自行季调),M,EXPORT_FRED_SA,FRED(OECD转载财务省),VALIDATED_MIRROR,,TRADE_OECD_SA,2026-09-05,LATEST_HISTORY_PROXY,PROXY,CURRENT_HISTORY_ONLY_NO_VINTAGE,false,true,true
2000-04-30,2000-04,4269005000000.0,4269005000000.0,日元(OECD自行季调),M,EXPORT_FRED_SA,FRED(OECD转载财务省),VALIDATED_MIRROR,,TRADE_OECD_SA,2026-09-05,LATEST_HISTORY_PROXY,PROXY,CURRENT_HISTORY_ONLY_NO_VINTAGE,false,true,true
2000-05-31,2000-05,4181377999999.9995,4181377999999.9995,日元(OECD自行季调),M,EXPORT_FRED_SA,FRED(OECD转载财务省),VALIDATED_MIRROR,,TRADE_OECD_SA,2026-09-05,LATEST_HISTORY_PROXY,PROXY,CURRENT_HISTORY_ONLY_NO_VINTAGE,false,true,true
2000-06-30,2000-06,4351091000000.0005,4351091000000.0005,日元(OECD自行季调),M,EXPORT_FRED_SA,FRED(OECD转载财务省),VALIDATED_MIRROR,,TRADE_OECD_SA,2026-09-05,LATEST_HISTORY_PROXY,PROXY,CURRENT_HISTORY_ONLY_NO_VINTAGE,false,true,true
2000-07-31,2000-07,4304346999999.9995,4304346999999.9995,日元(OECD自行季调),M,EXPORT_FRED_SA,FRED(OECD转载财务省),VALIDATED_MIRROR,,TRADE_OECD_SA,2026-09-05,LATEST_HISTORY_PROXY,PROXY,CURRENT_HISTORY_ONLY_NO_VINTAGE,false,true,true
2000-08-31,2000-08,4394122999999.9995,4394122999999.9995,日元(OECD自行季调),M,EXPORT_FRED_SA,FRED(OECD转载财务省),VALIDATED_MIRROR,,TRADE_OECD_SA,2026-09-05,LATEST_HISTORY_PROXY,PROXY,CURRENT_HISTORY_ONLY_NO_VINTAGE,false,true,true
2000-09-30,2000-09,4393133000000.0,4393133000000.0,日元(OECD自行季调),M,EXPORT_FRED_SA,FRED(OECD转载财务省),VALIDATED_MIRROR,,TRADE_OECD_SA,2026-09-05,LATEST_HISTORY_PROXY,PROXY,CURRENT_HISTORY_ONLY_NO_VINTAGE,false,true,true
2000-10-31,2000-10,4433208000000.0,4433208000000.0,日元(OECD自行季调),M,EXPORT_FRED_SA,FRED(OECD转载财务省),VALIDATED_MIRROR,,TRADE_OECD_SA,2026-09-05,LATEST_HISTORY_PROXY,PROXY,CURRENT_HISTORY_ONLY_NO_VINTAGE,false,true,true
2000-11-30,2000-11,4406516000000.0,4406516000000.0,日元(OECD自行季调),M,EXPORT_FRED_SA,FRED(OECD转载财务省),VALIDATED_MIRROR,,TRADE_OECD_SA,2026-09-05,LATEST_HISTORY_PROXY,PROXY,CURRENT_HISTORY_ONLY_NO_VINTAGE,false,true,true
2000-12-31,2000-12,4497598000000.0,4497598000000.0,日元(OECD自行季调),M,EXPORT_FRED_SA,FRED(OECD转载财务省),VALIDATED_MIRROR,,TRADE_OECD_SA,2026-09-05,LATEST_HISTORY_PROXY,PROXY,CURRENT_HISTORY_ONLY_NO_VINTAGE,false,true,true
2001-01-31,2001-01,4181975999999.9995,4181975999999.9995,日元(OECD自行季调),M,EXPORT_FRED_SA,FRED(OECD转载财务省),VALIDATED_MIRROR,,TRADE_OECD_SA,2026-09-05,LATEST_HISTORY_PROXY,PROXY,CURRENT_HISTORY_ONLY_NO_VINTAGE,false,true,true
2001-02-28,2001-02,4327095999999.9995,4327095999999.9995,日元(OECD自行季调),M,EXPORT_FRED_SA,FRED(OECD转载财务省),VALIDATED_MIRROR,,TRADE_OECD_SA,2026-09-05,LATEST_HISTORY_PROXY,PROXY,CURRENT_HISTORY_ONLY_NO_VINTAGE,false,true,true
2001-03-31,2001-03,4293144000000.0,4293144000000.0,日元(OECD自行季调),M,EXPORT_FRED_SA,FRED(OECD转载财务省),VALIDATED_MIRROR,,TRADE_OECD_SA,2026-09-05,LATEST_HISTORY_PROXY,PROXY,CURRENT_HISTORY_ONLY_NO_VINTAGE,false,true,true
2001-04-30,2001-04,4284792000000.0005,4284792000000.0005,日元(OECD自行季调),M,EXPORT_FRED_SA,FRED(OECD转载财务省),VALIDATED_MIRROR,,TRADE_OECD_SA,2026-09-05,LATEST_HISTORY_PROXY,PROXY,CURRENT_HISTORY_ONLY_NO_VINTAGE,false,true,true
2001-05-31,2001-05,4061112000000.0,4061112000000.0,日元(OECD自行季调),M,EXPORT_FRED_SA,FRED(OECD转载财务省),VALIDATED_MIRROR,,TRADE_OECD_SA,2026-09-05,LATEST_HISTORY_PROXY,PROXY,CURRENT_HISTORY_ONLY_NO_VINTAGE,false,true,true
2001-06-30,2001-06,4023437000000.0,4023437000000.0,日元(OECD自行季调),M,EXPORT_FRED_SA,FRED(OECD转载财务省),VALIDATED_MIRROR,,TRADE_OECD_SA,2026-09-05,LATEST_HISTORY_PROXY,PROXY,CURRENT_HISTORY_ONLY_NO_VINTAGE,false,true,true
2001-07-31,2001-07,4063534000000.0,4063534000000.0,日元(OECD自行季调),M,EXPORT_FRED_SA,FRED(OECD转载财务省),VALIDATED_MIRROR,,TRADE_OECD_SA,2026-09-05,LATEST_HISTORY_PROXY,PROXY,CURRENT_HISTORY_ONLY_NO_VINTAGE,false,true,true
2001-08-31,2001-08,4054127000000.0,4054127000000.0,日元(OECD自行季调),M,EXPORT_FRED_SA,FRED(OECD转载财务省),VALIDATED_MIRROR,,TRADE_OECD_SA,2026-09-05,LATEST_HISTORY_PROXY,PROXY,CURRENT_HISTORY_ONLY_NO_VINTAGE,false,true,true
2001-09-30,2001-09,4026839000000.0,4026839000000.0,日元(OECD自行季调),M,EXPORT_FRED_SA,FRED(OECD转载财务省),VALIDATED_MIRROR,,TRADE_OECD_SA,2026-09-05,LATEST_HISTORY_PROXY,PROXY,CURRENT_HISTORY_ONLY_NO_VINTAGE,false,true,true
2001-10-31,2001-10,3927789000000.0,3927789000000.0,日元(OECD自行季调),M,EXPORT_FRED_SA,FRED(OECD转载财务省),VALIDATED_MIRROR,,TRADE_OECD_SA,2026-09-05,LATEST_HISTORY_PROXY,PROXY,CURRENT_HISTORY_ONLY_NO_VINTAGE,false,true,true
2001-11-30,2001-11,3875368000000.0,3875368000000.0,日元(OECD自行季调),M,EXPORT_FRED_SA,FRED(OECD转载财务省),VALIDATED_MIRROR,,TRADE_OECD_SA,2026-09-05,LATEST_HISTORY_PROXY,PROXY,CURRENT_HISTORY_ONLY_NO_VINTAGE,false,true,true
2001-12-31,2001-12,3894334000000.0,3894334000000.0,日元(OECD自行季调),M,EXPORT_FRED_SA,FRED(OECD转载财务省),VALIDATED_MIRROR,,TRADE_OECD_SA,2026-09-05,LATEST_HISTORY_PROXY,PROXY,CURRENT_HISTORY_ONLY_NO_VINTAGE,false,true,true
2002-01-31,2002-01,4088793000000.0,4088793000000.0,日元(OECD自行季调),M,EXPORT_FRED_SA,FRED(OECD转载财务省),VALIDATED_MIRROR,,TRADE_OECD_SA,2026-09-05,LATEST_HISTORY_PROXY,PROXY,CURRENT_HISTORY_ONLY_NO_VINTAGE,false,true,true
2002-02-28,2002-02,4148187000000.0,4148187000000.0,日元(OECD自行季调),M,EXPORT_FRED_SA,FRED(OECD转载财务省),VALIDATED_MIRROR,,TRADE_OECD_SA,2026-09-05,LATEST_HISTORY_PROXY,PROXY,CURRENT_HISTORY_ONLY_NO_VINTAGE,false,true,true
2002-03-31,2002-03,4269711000000.0,4269711000000.0,日元(OECD自行季调),M,EXPORT_FRED_SA,FRED(OECD转载财务省),VALIDATED_MIRROR,,TRADE_OECD_SA,2026-09-05,LATEST_HISTORY_PROXY,PROXY,CURRENT_HISTORY_ONLY_NO_VINTAGE,false,true,true
2002-04-30,2002-04,4288997999999.9995,4288997999999.9995,日元(OECD自行季调),M,EXPORT_FRED_SA,FRED(OECD转载财务省),VALIDATED_MIRROR,,TRADE_OECD_SA,2026-09-05,LATEST_HISTORY_PROXY,PROXY,CURRENT_HISTORY_ONLY_NO_VINTAGE,false,true,true
2002-05-31,2002-05,4340548000000.0,4340548000000.0,日元(OECD自行季调),M,EXPORT_FRED_SA,FRED(OECD转载财务省),VALIDATED_MIRROR,,TRADE_OECD_SA,2026-09-05,LATEST_HISTORY_PROXY,PROXY,CURRENT_HISTORY_ONLY_NO_VINTAGE,false,true,true
2002-06-30,2002-06,4410209000000.0,4410209000000.0,日元(OECD自行季调),M,EXPORT_FRED_SA,FRED(OECD转载财务省),VALIDATED_MIRROR,,TRADE_OECD_SA,2026-09-05,LATEST_HISTORY_PROXY,PROXY,CURRENT_HISTORY_ONLY_NO_VINTAGE,false,true,true
2002-07-31,2002-07,4333276000000.0,4333276000000.0,日元(OECD自行季调),M,EXPORT_FRED_SA,FRED(OECD转载财务省),VALIDATED_MIRROR,,TRADE_OECD_SA,2026-09-05,LATEST_HISTORY_PROXY,PROXY,CURRENT_HISTORY_ONLY_NO_VINTAGE,false,true,true
2002-08-31,2002-08,4203322000000.0,4203322000000.0,日元(OECD自行季调),M,EXPORT_FRED_SA,FRED(OECD转载财务省),VALIDATED_MIRROR,,TRADE_OECD_SA,2026-09-05,LATEST_HISTORY_PROXY,PROXY,CURRENT_HISTORY_ONLY_NO_VINTAGE,false,true,true
2002-09-30,2002-09,4378077000000.0,4378077000000.0,日元(OECD自行季调),M,EXPORT_FRED_SA,FRED(OECD转载财务省),VALIDATED_MIRROR,,TRADE_OECD_SA,2026-09-05,LATEST_HISTORY_PROXY,PROXY,CURRENT_HISTORY_ONLY_NO_VINTAGE,false,true,true
2002-10-31,2002-10,4435099000000.0,4435099000000.0,日元(OECD自行季调),M,EXPORT_FRED_SA,FRED(OECD转载财务省),VALIDATED_MIRROR,,TRADE_OECD_SA,2026-09-05,LATEST_HISTORY_PROXY,PROXY,CURRENT_HISTORY_ONLY_NO_VINTAGE,false,true,true
2002-11-30,2002-11,4495754000000.0,4495754000000.0,日元(OECD自行季调),M,EXPORT_FRED_SA,FRED(OECD转载财务省),VALIDATED_MIRROR,,TRADE_OECD_SA,2026-09-05,LATEST_HISTORY_PROXY,PROXY,CURRENT_HISTORY_ONLY_NO_VINTAGE,false,true,true
2002-12-31,2002-12,4520877000000.0,4520877000000.0,日元(OECD自行季调),M,EXPORT_FRED_SA,FRED(OECD转载财务省),VALIDATED_MIRROR,,TRADE_OECD_SA,2026-09-05,LATEST_HISTORY_PROXY,PROXY,CURRENT_HISTORY_ONLY_NO_VINTAGE,false,true,true
2003-01-31,2003-01,4332488000000.0005,4332488000000.0005,日元(OECD自行季调),M,EXPORT_FRED_SA,FRED(OECD转载财务省),VALIDATED_MIRROR,,TRADE_OECD_SA,2026-09-05,LATEST_HISTORY_PROXY,PROXY,CURRENT_HISTORY_ONLY_NO_VINTAGE,false,true,true
2003-02-28,2003-02,4535748000000.0,4535748000000.0,日元(OECD自行季调),M,EXPORT_FRED_SA,FRED(OECD转载财务省),VALIDATED_MIRROR,,TRADE_OECD_SA,2026-09-05,LATEST_HISTORY_PROXY,PROXY,CURRENT_HISTORY_ONLY_NO_VINTAGE,false,true,true
2003-03-31,2003-03,4464921000000.0,4464921000000.0,日元(OECD自行季调),M,EXPORT_FRED_SA,FRED(OECD转载财务省),VALIDATED_MIRROR,,TRADE_OECD_SA,2026-09-05,LATEST_HISTORY_PROXY,PROXY,CURRENT_HISTORY_ONLY_NO_VINTAGE,false,true,true
2003-04-30,2003-04,4519318000000.0,4519318000000.0,日元(OECD自行季调),M,EXPORT_FRED_SA,FRED(OECD转载财务省),VALIDATED_MIRROR,,TRADE_OECD_SA,2026-09-05,LATEST_HISTORY_PROXY,PROXY,CURRENT_HISTORY_ONLY_NO_VINTAGE,false,true,true
2003-05-31,2003-05,4500996000000.0,4500996000000.0,日元(OECD自行季调),M,EXPORT_FRED_SA,FRED(OECD转载财务省),VALIDATED_MIRROR,,TRADE_OECD_SA,2026-09-05,LATEST_HISTORY_PROXY,PROXY,CURRENT_HISTORY_ONLY_NO_VINTAGE,false,true,true
2003-06-30,2003-06,4484277000000.0,4484277000000.0,日元(OECD自行季调),M,EXPORT_FRED_SA,FRED(OECD转载财务省),VALIDATED_MIRROR,,TRADE_OECD_SA,2026-09-05,LATEST_HISTORY_PROXY,PROXY,CURRENT_HISTORY_ONLY_NO_VINTAGE,false,true,true
2003-07-31,2003-07,4548422000000.0,4548422000000.0,日元(OECD自行季调),M,EXPORT_FRED_SA,FRED(OECD转载财务省),VALIDATED_MIRROR,,TRADE_OECD_SA,2026-09-05,LATEST_HISTORY_PROXY,PROXY,CURRENT_HISTORY_ONLY_NO_VINTAGE,false,true,true
2003-08-31,2003-08,4519628000000.0,4519628000000.0,日元(OECD自行季调),M,EXPORT_FRED_SA,FRED(OECD转载财务省),VALIDATED_MIRROR,,TRADE_OECD_SA,2026-09-05,LATEST_HISTORY_PROXY,PROXY,CURRENT_HISTORY_ONLY_NO_VINTAGE,false,true,true
2003-09-30,2003-09,4714536000000.0,4714536000000.0,日元(OECD自行季调),M,EXPORT_FRED_SA,FRED(OECD转载财务省),VALIDATED_MIRROR,,TRADE_OECD_SA,2026-09-05,LATEST_HISTORY_PROXY,PROXY,CURRENT_HISTORY_ONLY_NO_VINTAGE,false,true,true
2003-10-31,2003-10,4562958000000.0,4562958000000.0,日元(OECD自行季调),M,EXPORT_FRED_SA,FRED(OECD转载财务省),VALIDATED_MIRROR,,TRADE_OECD_SA,2026-09-05,LATEST_HISTORY_PROXY,PROXY,CURRENT_HISTORY_ONLY_NO_VINTAGE,false,true,true
2003-11-30,2003-11,4529315000000.0,4529315000000.0,日元(OECD自行季调),M,EXPORT_FRED_SA,FRED(OECD转载财务省),VALIDATED_MIRROR,,TRADE_OECD_SA,2026-09-05,LATEST_HISTORY_PROXY,PROXY,CURRENT_HISTORY_ONLY_NO_VINTAGE,false,true,true
2003-12-31,2003-12,4759695000000.0,4759695000000.0,日元(OECD自行季调),M,EXPORT_FRED_SA,FRED(OECD转载财务省),VALIDATED_MIRROR,,TRADE_OECD_SA,2026-09-05,LATEST_HISTORY_PROXY,PROXY,CURRENT_HISTORY_ONLY_NO_VINTAGE,false,true,true
2004-01-31,2004-01,4794163000000.0,4794163000000.0,日元(OECD自行季调),M,EXPORT_FRED_SA,FRED(OECD转载财务省),VALIDATED_MIRROR,,TRADE_OECD_SA,2026-09-05,LATEST_HISTORY_PROXY,PROXY,CURRENT_HISTORY_ONLY_NO_VINTAGE,false,true,true
2004-02-29,2004-02,4940155000000.0,4940155000000.0,日元(OECD自行季调),M,EXPORT_FRED_SA,FRED(OECD转载财务省),VALIDATED_MIRROR,,TRADE_OECD_SA,2026-09-05,LATEST_HISTORY_PROXY,PROXY,CURRENT_HISTORY_ONLY_NO_VINTAGE,false,true,true
2004-03-31,2004-03,4993354000000.0,4993354000000.0,日元(OECD自行季调),M,EXPORT_FRED_SA,FRED(OECD转载财务省),VALIDATED_MIRROR,,TRADE_OECD_SA,2026-09-05,LATEST_HISTORY_PROXY,PROXY,CURRENT_HISTORY_ONLY_NO_VINTAGE,false,true,true
2004-04-30,2004-04,5073131000000.0,5073131000000.0,日元(OECD自行季调),M,EXPORT_FRED_SA,FRED(OECD转载财务省),VALIDATED_MIRROR,,TRADE_OECD_SA,2026-09-05,LATEST_HISTORY_PROXY,PROXY,CURRENT_HISTORY_ONLY_NO_VINTAGE,false,true,true
2004-05-31,2004-05,5148818000000.0,5148818000000.0,日元(OECD自行季调),M,EXPORT_FRED_SA,FRED(OECD转载财务省),VALIDATED_MIRROR,,TRADE_OECD_SA,2026-09-05,LATEST_HISTORY_PROXY,PROXY,CURRENT_HISTORY_ONLY_NO_VINTAGE,false,true,true
2004-06-30,2004-06,5204496000000.0,5204496000000.0,日元(OECD自行季调),M,EXPORT_FRED_SA,FRED(OECD转载财务省),VALIDATED_MIRROR,,TRADE_OECD_SA,2026-09-05,LATEST_HISTORY_PROXY,PROXY,CURRENT_HISTORY_ONLY_NO_VINTAGE,false,true,true
2004-07-31,2004-07,5102907000000.0,5102907000000.0,日元(OECD自行季调),M,EXPORT_FRED_SA,FRED(OECD转载财务省),VALIDATED_MIRROR,,TRADE_OECD_SA,2026-09-05,LATEST_HISTORY_PROXY,PROXY,CURRENT_HISTORY_ONLY_NO_VINTAGE,false,true,true
2004-08-31,2004-08,5140171000000.0,5140171000000.0,日元(OECD自行季调),M,EXPORT_FRED_SA,FRED(OECD转载财务省),VALIDATED_MIRROR,,TRADE_OECD_SA,2026-09-05,LATEST_HISTORY_PROXY,PROXY,CURRENT_HISTORY_ONLY_NO_VINTAGE,false,true,true
2004-09-30,2004-09,5168491000000.0,5168491000000.0,日元(OECD自行季调),M,EXPORT_FRED_SA,FRED(OECD转载财务省),VALIDATED_MIRROR,,TRADE_OECD_SA,2026-09-05,LATEST_HISTORY_PROXY,PROXY,CURRENT_HISTORY_ONLY_NO_VINTAGE,false,true,true
2004-10-31,2004-10,5162505000000.0,5162505000000.0,日元(OECD自行季调),M,EXPORT_FRED_SA,FRED(OECD转载财务省),VALIDATED_MIRROR,,TRADE_OECD_SA,2026-09-05,LATEST_HISTORY_PROXY,PROXY,CURRENT_HISTORY_ONLY_NO_VINTAGE,false,true,true
2004-11-30,2004-11,5164046000000.0,5164046000000.0,日元(OECD自行季调),M,EXPORT_FRED_SA,FRED(OECD转载财务省),VALIDATED_MIRROR,,TRADE_OECD_SA,2026-09-05,LATEST_HISTORY_PROXY,PROXY,CURRENT_HISTORY_ONLY_NO_VINTAGE,false,true,true
2004-12-31,2004-12,5045768000000.0,5045768000000.0,日元(OECD自行季调),M,EXPORT_FRED_SA,FRED(OECD转载财务省),VALIDATED_MIRROR,,TRADE_OECD_SA,2026-09-05,LATEST_HISTORY_PROXY,PROXY,CURRENT_HISTORY_ONLY_NO_VINTAGE,false,true,true
2005-01-31,2005-01,5077172000000.0,5077172000000.0,日元(OECD自行季调),M,EXPORT_FRED_SA,FRED(OECD转载财务省),VALIDATED_MIRROR,,TRADE_OECD_SA,2026-09-05,LATEST_HISTORY_PROXY,PROXY,CURRENT_HISTORY_ONLY_NO_VINTAGE,false,true,true
2005-02-28,2005-02,5142965000000.0,5142965000000.0,日元(OECD自行季调),M,EXPORT_FRED_SA,FRED(OECD转载财务省),VALIDATED_MIRROR,,TRADE_OECD_SA,2026-09-05,LATEST_HISTORY_PROXY,PROXY,CURRENT_HISTORY_ONLY_NO_VINTAGE,false,true,true
2005-03-31,2005-03,5313287000000.0,5313287000000.0,日元(OECD自行季调),M,EXPORT_FRED_SA,FRED(OECD转载财务省),VALIDATED_MIRROR,,TRADE_OECD_SA,2026-09-05,LATEST_HISTORY_PROXY,PROXY,CURRENT_HISTORY_ONLY_NO_VINTAGE,false,true,true
2005-04-30,2005-04,5395374000000.0,5395374000000.0,日元(OECD自行季调),M,EXPORT_FRED_SA,FRED(OECD转载财务省),VALIDATED_MIRROR,,TRADE_OECD_SA,2026-09-05,LATEST_HISTORY_PROXY,PROXY,CURRENT_HISTORY_ONLY_NO_VINTAGE,false,true,true
2005-05-31,2005-05,5308579000000.0,5308579000000.0,日元(OECD自行季调),M,EXPORT_FRED_SA,FRED(OECD转载财务省),VALIDATED_MIRROR,,TRADE_OECD_SA,2026-09-05,LATEST_HISTORY_PROXY,PROXY,CURRENT_HISTORY_ONLY_NO_VINTAGE,false,true,true
2005-06-30,2005-06,5336799000000.0,5336799000000.0,日元(OECD自行季调),M,EXPORT_FRED_SA,FRED(OECD转载财务省),VALIDATED_MIRROR,,TRADE_OECD_SA,2026-09-05,LATEST_HISTORY_PROXY,PROXY,CURRENT_HISTORY_ONLY_NO_VINTAGE,false,true,true
2005-07-31,2005-07,5373397000000.0,5373397000000.0,日元(OECD自行季调),M,EXPORT_FRED_SA,FRED(OECD转载财务省),VALIDATED_MIRROR,,TRADE_OECD_SA,2026-09-05,LATEST_HISTORY_PROXY,PROXY,CURRENT_HISTORY_ONLY_NO_VINTAGE,false,true,true
2005-08-31,2005-08,5446641000000.0,5446641000000.0,日元(OECD自行季调),M,EXPORT_FRED_SA,FRED(OECD转载财务省),VALIDATED_MIRROR,,TRADE_OECD_SA,2026-09-05,LATEST_HISTORY_PROXY,PROXY,CURRENT_HISTORY_ONLY_NO_VINTAGE,false,true,true
2005-09-30,2005-09,5643986000000.0,5643986000000.0,日元(OECD自行季调),M,EXPORT_FRED_SA,FRED(OECD转载财务省),VALIDATED_MIRROR,,TRADE_OECD_SA,2026-09-05,LATEST_HISTORY_PROXY,PROXY,CURRENT_HISTORY_ONLY_NO_VINTAGE,false,true,true
2005-10-31,2005-10,5713373000000.0,5713373000000.0,日元(OECD自行季调),M,EXPORT_FRED_SA,FRED(OECD转载财务省),VALIDATED_MIRROR,,TRADE_OECD_SA,2026-09-05,LATEST_HISTORY_PROXY,PROXY,CURRENT_HISTORY_ONLY_NO_VINTAGE,false,true,true
2005-11-30,2005-11,5861254000000.0,5861254000000.0,日元(OECD自行季调),M,EXPORT_FRED_SA,FRED(OECD转载财务省),VALIDATED_MIRROR,,TRADE_OECD_SA,2026-09-05,LATEST_HISTORY_PROXY,PROXY,CURRENT_HISTORY_ONLY_NO_VINTAGE,false,true,true
2005-12-31,2005-12,5903680000000.0,5903680000000.0,日元(OECD自行季调),M,EXPORT_FRED_SA,FRED(OECD转载财务省),VALIDATED_MIRROR,,TRADE_OECD_SA,2026-09-05,LATEST_HISTORY_PROXY,PROXY,CURRENT_HISTORY_ONLY_NO_VINTAGE,false,true,true
2006-01-31,2006-01,5832615000000.0,5832615000000.0,日元(OECD自行季调),M,EXPORT_FRED_SA,FRED(OECD转载财务省),VALIDATED_MIRROR,,TRADE_OECD_SA,2026-09-05,LATEST_HISTORY_PROXY,PROXY,CURRENT_HISTORY_ONLY_NO_VINTAGE,false,true,true
2006-02-28,2006-02,6239879000000.0,6239879000000.0,日元(OECD自行季调),M,EXPORT_FRED_SA,FRED(OECD转载财务省),VALIDATED_MIRROR,,TRADE_OECD_SA,2026-09-05,LATEST_HISTORY_PROXY,PROXY,CURRENT_HISTORY_ONLY_NO_VINTAGE,false,true,true
2006-03-31,2006-03,6203413000000.0,6203413000000.0,日元(OECD自行季调),M,EXPORT_FRED_SA,FRED(OECD转载财务省),VALIDATED_MIRROR,,TRADE_OECD_SA,2026-09-05,LATEST_HISTORY_PROXY,PROXY,CURRENT_HISTORY_ONLY_NO_VINTAGE,false,true,true
2006-04-30,2006-04,6277422000000.0,6277422000000.0,日元(OECD自行季调),M,EXPORT_FRED_SA,FRED(OECD转载财务省),VALIDATED_MIRROR,,TRADE_OECD_SA,2026-09-05,LATEST_HISTORY_PROXY,PROXY,CURRENT_HISTORY_ONLY_NO_VINTAGE,false,true,true
2006-05-31,2006-05,6119385000000.0,6119385000000.0,日元(OECD自行季调),M,EXPORT_FRED_SA,FRED(OECD转载财务省),VALIDATED_MIRROR,,TRADE_OECD_SA,2026-09-05,LATEST_HISTORY_PROXY,PROXY,CURRENT_HISTORY_ONLY_NO_VINTAGE,false,true,true
2006-06-30,2006-06,6034468000000.0,6034468000000.0,日元(OECD自行季调),M,EXPORT_FRED_SA,FRED(OECD转载财务省),VALIDATED_MIRROR,,TRADE_OECD_SA,2026-09-05,LATEST_HISTORY_PROXY,PROXY,CURRENT_HISTORY_ONLY_NO_VINTAGE,false,true,true
2006-07-31,2006-07,6181992000000.0,6181992000000.0,日元(OECD自行季调),M,EXPORT_FRED_SA,FRED(OECD转载财务省),VALIDATED_MIRROR,,TRADE_OECD_SA,2026-09-05,LATEST_HISTORY_PROXY,PROXY,CURRENT_HISTORY_ONLY_NO_VINTAGE,false,true,true
2006-08-31,2006-08,6272330000000.0,6272330000000.0,日元(OECD自行季调),M,EXPORT_FRED_SA,FRED(OECD转载财务省),VALIDATED_MIRROR,,TRADE_OECD_SA,2026-09-05,LATEST_HISTORY_PROXY,PROXY,CURRENT_HISTORY_ONLY_NO_VINTAGE,false,true,true
2006-09-30,2006-09,6471211000000.0,6471211000000.0,日元(OECD自行季调),M,EXPORT_FRED_SA,FRED(OECD转载财务省),VALIDATED_MIRROR,,TRADE_OECD_SA,2026-09-05,LATEST_HISTORY_PROXY,PROXY,CURRENT_HISTORY_ONLY_NO_VINTAGE,false,true,true
2006-10-31,2006-10,6417867000000.0,6417867000000.0,日元(OECD自行季调),M,EXPORT_FRED_SA,FRED(OECD转载财务省),VALIDATED_MIRROR,,TRADE_OECD_SA,2026-09-05,LATEST_HISTORY_PROXY,PROXY,CURRENT_HISTORY_ONLY_NO_VINTAGE,false,true,true
2006-11-30,2006-11,6524083000000.0,6524083000000.0,日元(OECD自行季调),M,EXPORT_FRED_SA,FRED(OECD转载财务省),VALIDATED_MIRROR,,TRADE_OECD_SA,2026-09-05,LATEST_HISTORY_PROXY,PROXY,CURRENT_HISTORY_ONLY_NO_VINTAGE,false,true,true
2006-12-31,2006-12,6701689000000.0,6701689000000.0,日元(OECD自行季调),M,EXPORT_FRED_SA,FRED(OECD转载财务省),VALIDATED_MIRROR,,TRADE_OECD_SA,2026-09-05,LATEST_HISTORY_PROXY,PROXY,CURRENT_HISTORY_ONLY_NO_VINTAGE,false,true,true
2007-01-31,2007-01,6853835000000.0,6853835000000.0,日元(OECD自行季调),M,EXPORT_FRED_SA,FRED(OECD转载财务省),VALIDATED_MIRROR,,TRADE_OECD_SA,2026-09-05,LATEST_HISTORY_PROXY,PROXY,CURRENT_HISTORY_ONLY_NO_VINTAGE,false,true,true
2007-02-28,2007-02,6888661000000.0,6888661000000.0,日元(OECD自行季调),M,EXPORT_FRED_SA,FRED(OECD转载财务省),VALIDATED_MIRROR,,TRADE_OECD_SA,2026-09-05,LATEST_HISTORY_PROXY,PROXY,CURRENT_HISTORY_ONLY_NO_VINTAGE,false,true,true
2007-03-31,2007-03,6816012000000.0,6816012000000.0,日元(OECD自行季调),M,EXPORT_FRED_SA,FRED(OECD转载财务省),VALIDATED_MIRROR,,TRADE_OECD_SA,2026-09-05,LATEST_HISTORY_PROXY,PROXY,CURRENT_HISTORY_ONLY_NO_VINTAGE,false,true,true
2007-04-30,2007-04,6817464000000.0,6817464000000.0,日元(OECD自行季调),M,EXPORT_FRED_SA,FRED(OECD转载财务省),VALIDATED_MIRROR,,TRADE_OECD_SA,2026-09-05,LATEST_HISTORY_PROXY,PROXY,CURRENT_HISTORY_ONLY_NO_VINTAGE,false,true,true
2007-05-31,2007-05,6948686000000.0,6948686000000.0,日元(OECD自行季调),M,EXPORT_FRED_SA,FRED(OECD转载财务省),VALIDATED_MIRROR,,TRADE_OECD_SA,2026-09-05,LATEST_HISTORY_PROXY,PROXY,CURRENT_HISTORY_ONLY_NO_VINTAGE,false,true,true
2007-06-30,2007-06,6953554000000.0,6953554000000.0,日元(OECD自行季调),M,EXPORT_FRED_SA,FRED(OECD转载财务省),VALIDATED_MIRROR,,TRADE_OECD_SA,2026-09-05,LATEST_HISTORY_PROXY,PROXY,CURRENT_HISTORY_ONLY_NO_VINTAGE,false,true,true
2007-07-31,2007-07,7009009000000.0,7009009000000.0,日元(OECD自行季调),M,EXPORT_FRED_SA,FRED(OECD转载财务省),VALIDATED_MIRROR,,TRADE_OECD_SA,2026-09-05,LATEST_HISTORY_PROXY,PROXY,CURRENT_HISTORY_ONLY_NO_VINTAGE,false,true,true
2007-08-31,2007-08,7072885000000.0,7072885000000.0,日元(OECD自行季调),M,EXPORT_FRED_SA,FRED(OECD转载财务省),VALIDATED_MIRROR,,TRADE_OECD_SA,2026-09-05,LATEST_HISTORY_PROXY,PROXY,CURRENT_HISTORY_ONLY_NO_VINTAGE,false,true,true
2007-09-30,2007-09,7099923000000.0,7099923000000.0,日元(OECD自行季调),M,EXPORT_FRED_SA,FRED(OECD转载财务省),VALIDATED_MIRROR,,TRADE_OECD_SA,2026-09-05,LATEST_HISTORY_PROXY,PROXY,CURRENT_HISTORY_ONLY_NO_VINTAGE,false,true,true
2007-10-31,2007-10,7318482000000.0,7318482000000.0,日元(OECD自行季调),M,EXPORT_FRED_SA,FRED(OECD转载财务省),VALIDATED_MIRROR,,TRADE_OECD_SA,2026-09-05,LATEST_HISTORY_PROXY,PROXY,CURRENT_HISTORY_ONLY_NO_VINTAGE,false,true,true
2007-11-30,2007-11,7211379000000.0,7211379000000.0,日元(OECD自行季调),M,EXPORT_FRED_SA,FRED(OECD转载财务省),VALIDATED_MIRROR,,TRADE_OECD_SA,2026-09-05,LATEST_HISTORY_PROXY,PROXY,CURRENT_HISTORY_ONLY_NO_VINTAGE,false,true,true
2007-12-31,2007-12,7233180000000.0,7233180000000.0,日元(OECD自行季调),M,EXPORT_FRED_SA,FRED(OECD转载财务省),VALIDATED_MIRROR,,TRADE_OECD_SA,2026-09-05,LATEST_HISTORY_PROXY,PROXY,CURRENT_HISTORY_ONLY_NO_VINTAGE,false,true,true
2008-01-31,2008-01,7246084000000.0,7246084000000.0,日元(OECD自行季调),M,EXPORT_FRED_SA,FRED(OECD转载财务省),VALIDATED_MIRROR,,TRADE_OECD_SA,2026-09-05,LATEST_HISTORY_PROXY,PROXY,CURRENT_HISTORY_ONLY_NO_VINTAGE,false,true,true
2008-02-29,2008-02,7104440000000.0,7104440000000.0,日元(OECD自行季调),M,EXPORT_FRED_SA,FRED(OECD转载财务省),VALIDATED_MIRROR,,TRADE_OECD_SA,2026-09-05,LATEST_HISTORY_PROXY,PROXY,CURRENT_HISTORY_ONLY_NO_VINTAGE,false,true,true
2008-03-31,2008-03,7102751000000.0,7102751000000.0,日元(OECD自行季调),M,EXPORT_FRED_SA,FRED(OECD转载财务省),VALIDATED_MIRROR,,TRADE_OECD_SA,2026-09-05,LATEST_HISTORY_PROXY,PROXY,CURRENT_HISTORY_ONLY_NO_VINTAGE,false,true,true
2008-04-30,2008-04,6797487000000.0,6797487000000.0,日元(OECD自行季调),M,EXPORT_FRED_SA,FRED(OECD转载财务省),VALIDATED_MIRROR,,TRADE_OECD_SA,2026-09-05,LATEST_HISTORY_PROXY,PROXY,CURRENT_HISTORY_ONLY_NO_VINTAGE,false,true,true
2008-05-31,2008-05,7031798000000.0,7031798000000.0,日元(OECD自行季调),M,EXPORT_FRED_SA,FRED(OECD转载财务省),VALIDATED_MIRROR,,TRADE_OECD_SA,2026-09-05,LATEST_HISTORY_PROXY,PROXY,CURRENT_HISTORY_ONLY_NO_VINTAGE,false,true,true
2008-06-30,2008-06,7074322000000.0,7074322000000.0,日元(OECD自行季调),M,EXPORT_FRED_SA,FRED(OECD转载财务省),VALIDATED_MIRROR,,TRADE_OECD_SA,2026-09-05,LATEST_HISTORY_PROXY,PROXY,CURRENT_HISTORY_ONLY_NO_VINTAGE,false,true,true
2008-07-31,2008-07,7284161000000.0,7284161000000.0,日元(OECD自行季调),M,EXPORT_FRED_SA,FRED(OECD转载财务省),VALIDATED_MIRROR,,TRADE_OECD_SA,2026-09-05,LATEST_HISTORY_PROXY,PROXY,CURRENT_HISTORY_ONLY_NO_VINTAGE,false,true,true
2008-08-31,2008-08,7352601000000.0,7352601000000.0,日元(OECD自行季调),M,EXPORT_FRED_SA,FRED(OECD转载财务省),VALIDATED_MIRROR,,TRADE_OECD_SA,2026-09-05,LATEST_HISTORY_PROXY,PROXY,CURRENT_HISTORY_ONLY_NO_VINTAGE,false,true,true
2008-09-30,2008-09,7236350000000.0,7236350000000.0,日元(OECD自行季调),M,EXPORT_FRED_SA,FRED(OECD转载财务省),VALIDATED_MIRROR,,TRADE_OECD_SA,2026-09-05,LATEST_HISTORY_PROXY,PROXY,CURRENT_HISTORY_ONLY_NO_VINTAGE,false,true,true
2008-10-31,2008-10,6637032000000.0,6637032000000.0,日元(OECD自行季调),M,EXPORT_FRED_SA,FRED(OECD转载财务省),VALIDATED_MIRROR,,TRADE_OECD_SA,2026-09-05,LATEST_HISTORY_PROXY,PROXY,CURRENT_HISTORY_ONLY_NO_VINTAGE,false,true,true
2008-11-30,2008-11,5574641000000.0,5574641000000.0,日元(OECD自行季调),M,EXPORT_FRED_SA,FRED(OECD转载财务省),VALIDATED_MIRROR,,TRADE_OECD_SA,2026-09-05,LATEST_HISTORY_PROXY,PROXY,CURRENT_HISTORY_ONLY_NO_VINTAGE,false,true,true
2008-12-31,2008-12,4740987000000.0,4740987000000.0,日元(OECD自行季调),M,EXPORT_FRED_SA,FRED(OECD转载财务省),VALIDATED_MIRROR,,TRADE_OECD_SA,2026-09-05,LATEST_HISTORY_PROXY,PROXY,CURRENT_HISTORY_ONLY_NO_VINTAGE,false,true,true
2009-01-31,2009-01,3790298000000.0,3790298000000.0,日元(OECD自行季调),M,EXPORT_FRED_SA,FRED(OECD转载财务省),VALIDATED_MIRROR,,TRADE_OECD_SA,2026-09-05,LATEST_HISTORY_PROXY,PROXY,CURRENT_HISTORY_ONLY_NO_VINTAGE,false,true,true
2009-02-28,2009-02,3704801000000.0,3704801000000.0,日元(OECD自行季调),M,EXPORT_FRED_SA,FRED(OECD转载财务省),VALIDATED_MIRROR,,TRADE_OECD_SA,2026-09-05,LATEST_HISTORY_PROXY,PROXY,CURRENT_HISTORY_ONLY_NO_VINTAGE,false,true,true
2009-03-31,2009-03,3915005000000.0,3915005000000.0,日元(OECD自行季调),M,EXPORT_FRED_SA,FRED(OECD转载财务省),VALIDATED_MIRROR,,TRADE_OECD_SA,2026-09-05,LATEST_HISTORY_PROXY,PROXY,CURRENT_HISTORY_ONLY_NO_VINTAGE,false,true,true
2009-04-30,2009-04,4005864000000.0,4005864000000.0,日元(OECD自行季调),M,EXPORT_FRED_SA,FRED(OECD转载财务省),VALIDATED_MIRROR,,TRADE_OECD_SA,2026-09-05,LATEST_HISTORY_PROXY,PROXY,CURRENT_HISTORY_ONLY_NO_VINTAGE,false,true,true
2009-05-31,2009-05,4237636000000.0005,4237636000000.0005,日元(OECD自行季调),M,EXPORT_FRED_SA,FRED(OECD转载财务省),VALIDATED_MIRROR,,TRADE_OECD_SA,2026-09-05,LATEST_HISTORY_PROXY,PROXY,CURRENT_HISTORY_ONLY_NO_VINTAGE,false,true,true
2009-06-30,2009-06,4504894000000.0,4504894000000.0,日元(OECD自行季调),M,EXPORT_FRED_SA,FRED(OECD转载财务省),VALIDATED_MIRROR,,TRADE_OECD_SA,2026-09-05,LATEST_HISTORY_PROXY,PROXY,CURRENT_HISTORY_ONLY_NO_VINTAGE,false,true,true
2009-07-31,2009-07,4589028000000.0,4589028000000.0,日元(OECD自行季调),M,EXPORT_FRED_SA,FRED(OECD转载财务省),VALIDATED_MIRROR,,TRADE_OECD_SA,2026-09-05,LATEST_HISTORY_PROXY,PROXY,CURRENT_HISTORY_ONLY_NO_VINTAGE,false,true,true
2009-08-31,2009-08,4888894000000.0,4888894000000.0,日元(OECD自行季调),M,EXPORT_FRED_SA,FRED(OECD转载财务省),VALIDATED_MIRROR,,TRADE_OECD_SA,2026-09-05,LATEST_HISTORY_PROXY,PROXY,CURRENT_HISTORY_ONLY_NO_VINTAGE,false,true,true
2009-09-30,2009-09,4989112000000.0,4989112000000.0,日元(OECD自行季调),M,EXPORT_FRED_SA,FRED(OECD转载财务省),VALIDATED_MIRROR,,TRADE_OECD_SA,2026-09-05,LATEST_HISTORY_PROXY,PROXY,CURRENT_HISTORY_ONLY_NO_VINTAGE,false,true,true
2009-10-31,2009-10,5218129000000.0,5218129000000.0,日元(OECD自行季调),M,EXPORT_FRED_SA,FRED(OECD转载财务省),VALIDATED_MIRROR,,TRADE_OECD_SA,2026-09-05,LATEST_HISTORY_PROXY,PROXY,CURRENT_HISTORY_ONLY_NO_VINTAGE,false,true,true
2009-11-30,2009-11,5335627000000.0,5335627000000.0,日元(OECD自行季调),M,EXPORT_FRED_SA,FRED(OECD转载财务省),VALIDATED_MIRROR,,TRADE_OECD_SA,2026-09-05,LATEST_HISTORY_PROXY,PROXY,CURRENT_HISTORY_ONLY_NO_VINTAGE,false,true,true
2009-12-31,2009-12,5270038000000.0,5270038000000.0,日元(OECD自行季调),M,EXPORT_FRED_SA,FRED(OECD转载财务省),VALIDATED_MIRROR,,TRADE_OECD_SA,2026-09-05,LATEST_HISTORY_PROXY,PROXY,CURRENT_HISTORY_ONLY_NO_VINTAGE,false,true,true
2010-01-31,2010-01,5591219000000.0,5591219000000.0,日元(OECD自行季调),M,EXPORT_FRED_SA,FRED(OECD转载财务省),VALIDATED_MIRROR,,TRADE_OECD_SA,2026-09-05,LATEST_HISTORY_PROXY,PROXY,CURRENT_HISTORY_ONLY_NO_VINTAGE,false,true,true
2010-02-28,2010-02,5321586000000.0,5321586000000.0,日元(OECD自行季调),M,EXPORT_FRED_SA,FRED(OECD转载财务省),VALIDATED_MIRROR,,TRADE_OECD_SA,2026-09-05,LATEST_HISTORY_PROXY,PROXY,CURRENT_HISTORY_ONLY_NO_VINTAGE,false,true,true
2010-03-31,2010-03,5373292000000.0,5373292000000.0,日元(OECD自行季调),M,EXPORT_FRED_SA,FRED(OECD转载财务省),VALIDATED_MIRROR,,TRADE_OECD_SA,2026-09-05,LATEST_HISTORY_PROXY,PROXY,CURRENT_HISTORY_ONLY_NO_VINTAGE,false,true,true
2010-04-30,2010-04,5624812000000.0,5624812000000.0,日元(OECD自行季调),M,EXPORT_FRED_SA,FRED(OECD转载财务省),VALIDATED_MIRROR,,TRADE_OECD_SA,2026-09-05,LATEST_HISTORY_PROXY,PROXY,CURRENT_HISTORY_ONLY_NO_VINTAGE,false,true,true
2010-05-31,2010-05,5661768000000.0,5661768000000.0,日元(OECD自行季调),M,EXPORT_FRED_SA,FRED(OECD转载财务省),VALIDATED_MIRROR,,TRADE_OECD_SA,2026-09-05,LATEST_HISTORY_PROXY,PROXY,CURRENT_HISTORY_ONLY_NO_VINTAGE,false,true,true
2010-06-30,2010-06,5635901000000.0,5635901000000.0,日元(OECD自行季调),M,EXPORT_FRED_SA,FRED(OECD转载财务省),VALIDATED_MIRROR,,TRADE_OECD_SA,2026-09-05,LATEST_HISTORY_PROXY,PROXY,CURRENT_HISTORY_ONLY_NO_VINTAGE,false,true,true
2010-07-31,2010-07,5684961000000.0,5684961000000.0,日元(OECD自行季调),M,EXPORT_FRED_SA,FRED(OECD转载财务省),VALIDATED_MIRROR,,TRADE_OECD_SA,2026-09-05,LATEST_HISTORY_PROXY,PROXY,CURRENT_HISTORY_ONLY_NO_VINTAGE,false,true,true
2010-08-31,2010-08,5636348000000.0,5636348000000.0,日元(OECD自行季调),M,EXPORT_FRED_SA,FRED(OECD转载财务省),VALIDATED_MIRROR,,TRADE_OECD_SA,2026-09-05,LATEST_HISTORY_PROXY,PROXY,CURRENT_HISTORY_ONLY_NO_VINTAGE,false,true,true
2010-09-30,2010-09,5578035000000.0,5578035000000.0,日元(OECD自行季调),M,EXPORT_FRED_SA,FRED(OECD转载财务省),VALIDATED_MIRROR,,TRADE_OECD_SA,2026-09-05,LATEST_HISTORY_PROXY,PROXY,CURRENT_HISTORY_ONLY_NO_VINTAGE,false,true,true
2010-10-31,2010-10,5789711000000.0,5789711000000.0,日元(OECD自行季调),M,EXPORT_FRED_SA,FRED(OECD转载财务省),VALIDATED_MIRROR,,TRADE_OECD_SA,2026-09-05,LATEST_HISTORY_PROXY,PROXY,CURRENT_HISTORY_ONLY_NO_VINTAGE,false,true,true
2010-11-30,2010-11,5818630000000.0,5818630000000.0,日元(OECD自行季调),M,EXPORT_FRED_SA,FRED(OECD转载财务省),VALIDATED_MIRROR,,TRADE_OECD_SA,2026-09-05,LATEST_HISTORY_PROXY,PROXY,CURRENT_HISTORY_ONLY_NO_VINTAGE,false,true,true
2010-12-31,2010-12,5846373000000.0,5846373000000.0,日元(OECD自行季调),M,EXPORT_FRED_SA,FRED(OECD转载财务省),VALIDATED_MIRROR,,TRADE_OECD_SA,2026-09-05,LATEST_HISTORY_PROXY,PROXY,CURRENT_HISTORY_ONLY_NO_VINTAGE,false,true,true
2011-01-31,2011-01,5805165000000.0,5805165000000.0,日元(OECD自行季调),M,EXPORT_FRED_SA,FRED(OECD转载财务省),VALIDATED_MIRROR,,TRADE_OECD_SA,2026-09-05,LATEST_HISTORY_PROXY,PROXY,CURRENT_HISTORY_ONLY_NO_VINTAGE,false,true,true
2011-02-28,2011-02,5772376000000.0,5772376000000.0,日元(OECD自行季调),M,EXPORT_FRED_SA,FRED(OECD转载财务省),VALIDATED_MIRROR,,TRADE_OECD_SA,2026-09-05,LATEST_HISTORY_PROXY,PROXY,CURRENT_HISTORY_ONLY_NO_VINTAGE,false,true,true
2011-03-31,2011-03,5231979000000.0,5231979000000.0,日元(OECD自行季调),M,EXPORT_FRED_SA,FRED(OECD转载财务省),VALIDATED_MIRROR,,TRADE_OECD_SA,2026-09-05,LATEST_HISTORY_PROXY,PROXY,CURRENT_HISTORY_ONLY_NO_VINTAGE,false,true,true
2011-04-30,2011-04,4930066000000.0,4930066000000.0,日元(OECD自行季调),M,EXPORT_FRED_SA,FRED(OECD转载财务省),VALIDATED_MIRROR,,TRADE_OECD_SA,2026-09-05,LATEST_HISTORY_PROXY,PROXY,CURRENT_HISTORY_ONLY_NO_VINTAGE,false,true,true
2011-05-31,2011-05,5178471000000.0,5178471000000.0,日元(OECD自行季调),M,EXPORT_FRED_SA,FRED(OECD转载财务省),VALIDATED_MIRROR,,TRADE_OECD_SA,2026-09-05,LATEST_HISTORY_PROXY,PROXY,CURRENT_HISTORY_ONLY_NO_VINTAGE,false,true,true
2011-06-30,2011-06,5528002000000.0,5528002000000.0,日元(OECD自行季调),M,EXPORT_FRED_SA,FRED(OECD转载财务省),VALIDATED_MIRROR,,TRADE_OECD_SA,2026-09-05,LATEST_HISTORY_PROXY,PROXY,CURRENT_HISTORY_ONLY_NO_VINTAGE,false,true,true
2011-07-31,2011-07,5705696000000.0,5705696000000.0,日元(OECD自行季调),M,EXPORT_FRED_SA,FRED(OECD转载财务省),VALIDATED_MIRROR,,TRADE_OECD_SA,2026-09-05,LATEST_HISTORY_PROXY,PROXY,CURRENT_HISTORY_ONLY_NO_VINTAGE,false,true,true
2011-08-31,2011-08,5701806000000.0,5701806000000.0,日元(OECD自行季调),M,EXPORT_FRED_SA,FRED(OECD转载财务省),VALIDATED_MIRROR,,TRADE_OECD_SA,2026-09-05,LATEST_HISTORY_PROXY,PROXY,CURRENT_HISTORY_ONLY_NO_VINTAGE,false,true,true
2011-09-30,2011-09,5691215000000.0,5691215000000.0,日元(OECD自行季调),M,EXPORT_FRED_SA,FRED(OECD转载财务省),VALIDATED_MIRROR,,TRADE_OECD_SA,2026-09-05,LATEST_HISTORY_PROXY,PROXY,CURRENT_HISTORY_ONLY_NO_VINTAGE,false,true,true
2011-10-31,2011-10,5471266000000.0,5471266000000.0,日元(OECD自行季调),M,EXPORT_FRED_SA,FRED(OECD转载财务省),VALIDATED_MIRROR,,TRADE_OECD_SA,2026-09-05,LATEST_HISTORY_PROXY,PROXY,CURRENT_HISTORY_ONLY_NO_VINTAGE,false,true,true
2011-11-30,2011-11,5306499000000.0,5306499000000.0,日元(OECD自行季调),M,EXPORT_FRED_SA,FRED(OECD转载财务省),VALIDATED_MIRROR,,TRADE_OECD_SA,2026-09-05,LATEST_HISTORY_PROXY,PROXY,CURRENT_HISTORY_ONLY_NO_VINTAGE,false,true,true
2011-12-31,2011-12,5289883000000.0,5289883000000.0,日元(OECD自行季调),M,EXPORT_FRED_SA,FRED(OECD转载财务省),VALIDATED_MIRROR,,TRADE_OECD_SA,2026-09-05,LATEST_HISTORY_PROXY,PROXY,CURRENT_HISTORY_ONLY_NO_VINTAGE,false,true,true
2012-01-31,2012-01,5183983000000.0,5183983000000.0,日元(OECD自行季调),M,EXPORT_FRED_SA,FRED(OECD转载财务省),VALIDATED_MIRROR,,TRADE_OECD_SA,2026-09-05,LATEST_HISTORY_PROXY,PROXY,CURRENT_HISTORY_ONLY_NO_VINTAGE,false,true,true
2012-02-29,2012-02,5459665000000.0,5459665000000.0,日元(OECD自行季调),M,EXPORT_FRED_SA,FRED(OECD转载财务省),VALIDATED_MIRROR,,TRADE_OECD_SA,2026-09-05,LATEST_HISTORY_PROXY,PROXY,CURRENT_HISTORY_ONLY_NO_VINTAGE,false,true,true
2012-03-31,2012-03,5497870000000.0,5497870000000.0,日元(OECD自行季调),M,EXPORT_FRED_SA,FRED(OECD转载财务省),VALIDATED_MIRROR,,TRADE_OECD_SA,2026-09-05,LATEST_HISTORY_PROXY,PROXY,CURRENT_HISTORY_ONLY_NO_VINTAGE,false,true,true
2012-04-30,2012-04,5581671000000.0,5581671000000.0,日元(OECD自行季调),M,EXPORT_FRED_SA,FRED(OECD转载财务省),VALIDATED_MIRROR,,TRADE_OECD_SA,2026-09-05,LATEST_HISTORY_PROXY,PROXY,CURRENT_HISTORY_ONLY_NO_VINTAGE,false,true,true
2012-05-31,2012-05,5623082000000.0,5623082000000.0,日元(OECD自行季调),M,EXPORT_FRED_SA,FRED(OECD转载财务省),VALIDATED_MIRROR,,TRADE_OECD_SA,2026-09-05,LATEST_HISTORY_PROXY,PROXY,CURRENT_HISTORY_ONLY_NO_VINTAGE,false,true,true
2012-06-30,2012-06,5390544000000.0,5390544000000.0,日元(OECD自行季调),M,EXPORT_FRED_SA,FRED(OECD转载财务省),VALIDATED_MIRROR,,TRADE_OECD_SA,2026-09-05,LATEST_HISTORY_PROXY,PROXY,CURRENT_HISTORY_ONLY_NO_VINTAGE,false,true,true
2012-07-31,2012-07,5307674000000.0,5307674000000.0,日元(OECD自行季调),M,EXPORT_FRED_SA,FRED(OECD转载财务省),VALIDATED_MIRROR,,TRADE_OECD_SA,2026-09-05,LATEST_HISTORY_PROXY,PROXY,CURRENT_HISTORY_ONLY_NO_VINTAGE,false,true,true
2012-08-31,2012-08,5264683000000.0,5264683000000.0,日元(OECD自行季调),M,EXPORT_FRED_SA,FRED(OECD转载财务省),VALIDATED_MIRROR,,TRADE_OECD_SA,2026-09-05,LATEST_HISTORY_PROXY,PROXY,CURRENT_HISTORY_ONLY_NO_VINTAGE,false,true,true
2012-09-30,2012-09,5257270000000.0,5257270000000.0,日元(OECD自行季调),M,EXPORT_FRED_SA,FRED(OECD转载财务省),VALIDATED_MIRROR,,TRADE_OECD_SA,2026-09-05,LATEST_HISTORY_PROXY,PROXY,CURRENT_HISTORY_ONLY_NO_VINTAGE,false,true,true
2012-10-31,2012-10,4944940000000.0,4944940000000.0,日元(OECD自行季调),M,EXPORT_FRED_SA,FRED(OECD转载财务省),VALIDATED_MIRROR,,TRADE_OECD_SA,2026-09-05,LATEST_HISTORY_PROXY,PROXY,CURRENT_HISTORY_ONLY_NO_VINTAGE,false,true,true
2012-11-30,2012-11,4967633000000.0,4967633000000.0,日元(OECD自行季调),M,EXPORT_FRED_SA,FRED(OECD转载财务省),VALIDATED_MIRROR,,TRADE_OECD_SA,2026-09-05,LATEST_HISTORY_PROXY,PROXY,CURRENT_HISTORY_ONLY_NO_VINTAGE,false,true,true
2012-12-31,2012-12,5059024000000.0,5059024000000.0,日元(OECD自行季调),M,EXPORT_FRED_SA,FRED(OECD转载财务省),VALIDATED_MIRROR,,TRADE_OECD_SA,2026-09-05,LATEST_HISTORY_PROXY,PROXY,CURRENT_HISTORY_ONLY_NO_VINTAGE,false,true,true
2013-01-31,2013-01,5377294000000.0,5377294000000.0,日元(OECD自行季调),M,EXPORT_FRED_SA,FRED(OECD转载财务省),VALIDATED_MIRROR,,TRADE_OECD_SA,2026-09-05,LATEST_HISTORY_PROXY,PROXY,CURRENT_HISTORY_ONLY_NO_VINTAGE,false,true,true
2013-02-28,2013-02,5644290000000.0,5644290000000.0,日元(OECD自行季调),M,EXPORT_FRED_SA,FRED(OECD转载财务省),VALIDATED_MIRROR,,TRADE_OECD_SA,2026-09-05,LATEST_HISTORY_PROXY,PROXY,CURRENT_HISTORY_ONLY_NO_VINTAGE,false,true,true
2013-03-31,2013-03,5750732000000.0,5750732000000.0,日元(OECD自行季调),M,EXPORT_FRED_SA,FRED(OECD转载财务省),VALIDATED_MIRROR,,TRADE_OECD_SA,2026-09-05,LATEST_HISTORY_PROXY,PROXY,CURRENT_HISTORY_ONLY_NO_VINTAGE,false,true,true
2013-04-30,2013-04,5716554000000.0,5716554000000.0,日元(OECD自行季调),M,EXPORT_FRED_SA,FRED(OECD转载财务省),VALIDATED_MIRROR,,TRADE_OECD_SA,2026-09-05,LATEST_HISTORY_PROXY,PROXY,CURRENT_HISTORY_ONLY_NO_VINTAGE,false,true,true
2013-05-31,2013-05,6224340000000.0,6224340000000.0,日元(OECD自行季调),M,EXPORT_FRED_SA,FRED(OECD转载财务省),VALIDATED_MIRROR,,TRADE_OECD_SA,2026-09-05,LATEST_HISTORY_PROXY,PROXY,CURRENT_HISTORY_ONLY_NO_VINTAGE,false,true,true
2013-06-30,2013-06,6044181000000.0,6044181000000.0,日元(OECD自行季调),M,EXPORT_FRED_SA,FRED(OECD转载财务省),VALIDATED_MIRROR,,TRADE_OECD_SA,2026-09-05,LATEST_HISTORY_PROXY,PROXY,CURRENT_HISTORY_ONLY_NO_VINTAGE,false,true,true
2013-07-31,2013-07,5891832000000.0,5891832000000.0,日元(OECD自行季调),M,EXPORT_FRED_SA,FRED(OECD转载财务省),VALIDATED_MIRROR,,TRADE_OECD_SA,2026-09-05,LATEST_HISTORY_PROXY,PROXY,CURRENT_HISTORY_ONLY_NO_VINTAGE,false,true,true
2013-08-31,2013-08,6063036000000.0,6063036000000.0,日元(OECD自行季调),M,EXPORT_FRED_SA,FRED(OECD转载财务省),VALIDATED_MIRROR,,TRADE_OECD_SA,2026-09-05,LATEST_HISTORY_PROXY,PROXY,CURRENT_HISTORY_ONLY_NO_VINTAGE,false,true,true
2013-09-30,2013-09,5882599000000.0,5882599000000.0,日元(OECD自行季调),M,EXPORT_FRED_SA,FRED(OECD转载财务省),VALIDATED_MIRROR,,TRADE_OECD_SA,2026-09-05,LATEST_HISTORY_PROXY,PROXY,CURRENT_HISTORY_ONLY_NO_VINTAGE,false,true,true
2013-10-31,2013-10,5821142000000.0,5821142000000.0,日元(OECD自行季调),M,EXPORT_FRED_SA,FRED(OECD转载财务省),VALIDATED_MIRROR,,TRADE_OECD_SA,2026-09-05,LATEST_HISTORY_PROXY,PROXY,CURRENT_HISTORY_ONLY_NO_VINTAGE,false,true,true
2013-11-30,2013-11,5797779000000.0,5797779000000.0,日元(OECD自行季调),M,EXPORT_FRED_SA,FRED(OECD转载财务省),VALIDATED_MIRROR,,TRADE_OECD_SA,2026-09-05,LATEST_HISTORY_PROXY,PROXY,CURRENT_HISTORY_ONLY_NO_VINTAGE,false,true,true
2013-12-31,2013-12,5766041000000.0,5766041000000.0,日元(OECD自行季调),M,EXPORT_FRED_SA,FRED(OECD转载财务省),VALIDATED_MIRROR,,TRADE_OECD_SA,2026-09-05,LATEST_HISTORY_PROXY,PROXY,CURRENT_HISTORY_ONLY_NO_VINTAGE,false,true,true
2014-01-31,2014-01,5770421000000.0,5770421000000.0,日元(OECD自行季调),M,EXPORT_FRED_SA,FRED(OECD转载财务省),VALIDATED_MIRROR,,TRADE_OECD_SA,2026-09-05,LATEST_HISTORY_PROXY,PROXY,CURRENT_HISTORY_ONLY_NO_VINTAGE,false,true,true
2014-02-28,2014-02,6056067000000.0,6056067000000.0,日元(OECD自行季调),M,EXPORT_FRED_SA,FRED(OECD转载财务省),VALIDATED_MIRROR,,TRADE_OECD_SA,2026-09-05,LATEST_HISTORY_PROXY,PROXY,CURRENT_HISTORY_ONLY_NO_VINTAGE,false,true,true
2014-03-31,2014-03,5873153000000.0,5873153000000.0,日元(OECD自行季调),M,EXPORT_FRED_SA,FRED(OECD转载财务省),VALIDATED_MIRROR,,TRADE_OECD_SA,2026-09-05,LATEST_HISTORY_PROXY,PROXY,CURRENT_HISTORY_ONLY_NO_VINTAGE,false,true,true
2014-04-30,2014-04,5968994000000.0,5968994000000.0,日元(OECD自行季调),M,EXPORT_FRED_SA,FRED(OECD转载财务省),VALIDATED_MIRROR,,TRADE_OECD_SA,2026-09-05,LATEST_HISTORY_PROXY,PROXY,CURRENT_HISTORY_ONLY_NO_VINTAGE,false,true,true
2014-05-31,2014-05,6060396000000.0,6060396000000.0,日元(OECD自行季调),M,EXPORT_FRED_SA,FRED(OECD转载财务省),VALIDATED_MIRROR,,TRADE_OECD_SA,2026-09-05,LATEST_HISTORY_PROXY,PROXY,CURRENT_HISTORY_ONLY_NO_VINTAGE,false,true,true
2014-06-30,2014-06,5958435000000.0,5958435000000.0,日元(OECD自行季调),M,EXPORT_FRED_SA,FRED(OECD转载财务省),VALIDATED_MIRROR,,TRADE_OECD_SA,2026-09-05,LATEST_HISTORY_PROXY,PROXY,CURRENT_HISTORY_ONLY_NO_VINTAGE,false,true,true
2014-07-31,2014-07,6106516000000.0,6106516000000.0,日元(OECD自行季调),M,EXPORT_FRED_SA,FRED(OECD转载财务省),VALIDATED_MIRROR,,TRADE_OECD_SA,2026-09-05,LATEST_HISTORY_PROXY,PROXY,CURRENT_HISTORY_ONLY_NO_VINTAGE,false,true,true
2014-08-31,2014-08,6123114000000.0,6123114000000.0,日元(OECD自行季调),M,EXPORT_FRED_SA,FRED(OECD转载财务省),VALIDATED_MIRROR,,TRADE_OECD_SA,2026-09-05,LATEST_HISTORY_PROXY,PROXY,CURRENT_HISTORY_ONLY_NO_VINTAGE,false,true,true
2014-09-30,2014-09,6296733000000.0,6296733000000.0,日元(OECD自行季调),M,EXPORT_FRED_SA,FRED(OECD转载财务省),VALIDATED_MIRROR,,TRADE_OECD_SA,2026-09-05,LATEST_HISTORY_PROXY,PROXY,CURRENT_HISTORY_ONLY_NO_VINTAGE,false,true,true
2014-10-31,2014-10,6388453000000.0,6388453000000.0,日元(OECD自行季调),M,EXPORT_FRED_SA,FRED(OECD转载财务省),VALIDATED_MIRROR,,TRADE_OECD_SA,2026-09-05,LATEST_HISTORY_PROXY,PROXY,CURRENT_HISTORY_ONLY_NO_VINTAGE,false,true,true
2014-11-30,2014-11,6271005000000.0,6271005000000.0,日元(OECD自行季调),M,EXPORT_FRED_SA,FRED(OECD转载财务省),VALIDATED_MIRROR,,TRADE_OECD_SA,2026-09-05,LATEST_HISTORY_PROXY,PROXY,CURRENT_HISTORY_ONLY_NO_VINTAGE,false,true,true
2014-12-31,2014-12,6384775000000.0,6384775000000.0,日元(OECD自行季调),M,EXPORT_FRED_SA,FRED(OECD转载财务省),VALIDATED_MIRROR,,TRADE_OECD_SA,2026-09-05,LATEST_HISTORY_PROXY,PROXY,CURRENT_HISTORY_ONLY_NO_VINTAGE,false,true,true
2015-01-31,2015-01,6714474000000.0,6714474000000.0,日元(OECD自行季调),M,EXPORT_FRED_SA,FRED(OECD转载财务省),VALIDATED_MIRROR,,TRADE_OECD_SA,2026-09-05,LATEST_HISTORY_PROXY,PROXY,CURRENT_HISTORY_ONLY_NO_VINTAGE,false,true,true
2015-02-28,2015-02,6263122000000.0,6263122000000.0,日元(OECD自行季调),M,EXPORT_FRED_SA,FRED(OECD转载财务省),VALIDATED_MIRROR,,TRADE_OECD_SA,2026-09-05,LATEST_HISTORY_PROXY,PROXY,CURRENT_HISTORY_ONLY_NO_VINTAGE,false,true,true
2015-03-31,2015-03,6357732000000.0,6357732000000.0,日元(OECD自行季调),M,EXPORT_FRED_SA,FRED(OECD转载财务省),VALIDATED_MIRROR,,TRADE_OECD_SA,2026-09-05,LATEST_HISTORY_PROXY,PROXY,CURRENT_HISTORY_ONLY_NO_VINTAGE,false,true,true
2015-04-30,2015-04,6367215000000.0,6367215000000.0,日元(OECD自行季调),M,EXPORT_FRED_SA,FRED(OECD转载财务省),VALIDATED_MIRROR,,TRADE_OECD_SA,2026-09-05,LATEST_HISTORY_PROXY,PROXY,CURRENT_HISTORY_ONLY_NO_VINTAGE,false,true,true
2015-05-31,2015-05,6317712000000.0,6317712000000.0,日元(OECD自行季调),M,EXPORT_FRED_SA,FRED(OECD转载财务省),VALIDATED_MIRROR,,TRADE_OECD_SA,2026-09-05,LATEST_HISTORY_PROXY,PROXY,CURRENT_HISTORY_ONLY_NO_VINTAGE,false,true,true
2015-06-30,2015-06,6413841000000.0,6413841000000.0,日元(OECD自行季调),M,EXPORT_FRED_SA,FRED(OECD转载财务省),VALIDATED_MIRROR,,TRADE_OECD_SA,2026-09-05,LATEST_HISTORY_PROXY,PROXY,CURRENT_HISTORY_ONLY_NO_VINTAGE,false,true,true
2015-07-31,2015-07,6534196000000.0,6534196000000.0,日元(OECD自行季调),M,EXPORT_FRED_SA,FRED(OECD转载财务省),VALIDATED_MIRROR,,TRADE_OECD_SA,2026-09-05,LATEST_HISTORY_PROXY,PROXY,CURRENT_HISTORY_ONLY_NO_VINTAGE,false,true,true
2015-08-31,2015-08,6350969000000.0,6350969000000.0,日元(OECD自行季调),M,EXPORT_FRED_SA,FRED(OECD转载财务省),VALIDATED_MIRROR,,TRADE_OECD_SA,2026-09-05,LATEST_HISTORY_PROXY,PROXY,CURRENT_HISTORY_ONLY_NO_VINTAGE,false,true,true
2015-09-30,2015-09,6301222000000.0,6301222000000.0,日元(OECD自行季调),M,EXPORT_FRED_SA,FRED(OECD转载财务省),VALIDATED_MIRROR,,TRADE_OECD_SA,2026-09-05,LATEST_HISTORY_PROXY,PROXY,CURRENT_HISTORY_ONLY_NO_VINTAGE,false,true,true
2015-10-31,2015-10,6258958000000.0,6258958000000.0,日元(OECD自行季调),M,EXPORT_FRED_SA,FRED(OECD转载财务省),VALIDATED_MIRROR,,TRADE_OECD_SA,2026-09-05,LATEST_HISTORY_PROXY,PROXY,CURRENT_HISTORY_ONLY_NO_VINTAGE,false,true,true
2015-11-30,2015-11,5956223000000.0,5956223000000.0,日元(OECD自行季调),M,EXPORT_FRED_SA,FRED(OECD转载财务省),VALIDATED_MIRROR,,TRADE_OECD_SA,2026-09-05,LATEST_HISTORY_PROXY,PROXY,CURRENT_HISTORY_ONLY_NO_VINTAGE,false,true,true
2015-12-31,2015-12,5798553000000.0,5798553000000.0,日元(OECD自行季调),M,EXPORT_FRED_SA,FRED(OECD转载财务省),VALIDATED_MIRROR,,TRADE_OECD_SA,2026-09-05,LATEST_HISTORY_PROXY,PROXY,CURRENT_HISTORY_ONLY_NO_VINTAGE,false,true,true
2016-01-31,2016-01,5980989000000.0,5980989000000.0,日元(OECD自行季调),M,EXPORT_FRED_SA,FRED(OECD转载财务省),VALIDATED_MIRROR,,TRADE_OECD_SA,2026-09-05,LATEST_HISTORY_PROXY,PROXY,CURRENT_HISTORY_ONLY_NO_VINTAGE,false,true,true
2016-02-29,2016-02,5707474000000.0,5707474000000.0,日元(OECD自行季调),M,EXPORT_FRED_SA,FRED(OECD转载财务省),VALIDATED_MIRROR,,TRADE_OECD_SA,2026-09-05,LATEST_HISTORY_PROXY,PROXY,CURRENT_HISTORY_ONLY_NO_VINTAGE,false,true,true
2016-03-31,2016-03,5826443000000.0,5826443000000.0,日元(OECD自行季调),M,EXPORT_FRED_SA,FRED(OECD转载财务省),VALIDATED_MIRROR,,TRADE_OECD_SA,2026-09-05,LATEST_HISTORY_PROXY,PROXY,CURRENT_HISTORY_ONLY_NO_VINTAGE,false,true,true
2016-04-30,2016-04,5690013000000.0,5690013000000.0,日元(OECD自行季调),M,EXPORT_FRED_SA,FRED(OECD转载财务省),VALIDATED_MIRROR,,TRADE_OECD_SA,2026-09-05,LATEST_HISTORY_PROXY,PROXY,CURRENT_HISTORY_ONLY_NO_VINTAGE,false,true,true
2016-05-31,2016-05,5664102000000.0,5664102000000.0,日元(OECD自行季调),M,EXPORT_FRED_SA,FRED(OECD转载财务省),VALIDATED_MIRROR,,TRADE_OECD_SA,2026-09-05,LATEST_HISTORY_PROXY,PROXY,CURRENT_HISTORY_ONLY_NO_VINTAGE,false,true,true
2016-06-30,2016-06,5884639000000.0,5884639000000.0,日元(OECD自行季调),M,EXPORT_FRED_SA,FRED(OECD转载财务省),VALIDATED_MIRROR,,TRADE_OECD_SA,2026-09-05,LATEST_HISTORY_PROXY,PROXY,CURRENT_HISTORY_ONLY_NO_VINTAGE,false,true,true
2016-07-31,2016-07,5634439000000.0,5634439000000.0,日元(OECD自行季调),M,EXPORT_FRED_SA,FRED(OECD转载财务省),VALIDATED_MIRROR,,TRADE_OECD_SA,2026-09-05,LATEST_HISTORY_PROXY,PROXY,CURRENT_HISTORY_ONLY_NO_VINTAGE,false,true,true
2016-08-31,2016-08,5560735000000.0,5560735000000.0,日元(OECD自行季调),M,EXPORT_FRED_SA,FRED(OECD转载财务省),VALIDATED_MIRROR,,TRADE_OECD_SA,2026-09-05,LATEST_HISTORY_PROXY,PROXY,CURRENT_HISTORY_ONLY_NO_VINTAGE,false,true,true
2016-09-30,2016-09,5811436000000.0,5811436000000.0,日元(OECD自行季调),M,EXPORT_FRED_SA,FRED(OECD转载财务省),VALIDATED_MIRROR,,TRADE_OECD_SA,2026-09-05,LATEST_HISTORY_PROXY,PROXY,CURRENT_HISTORY_ONLY_NO_VINTAGE,false,true,true
2016-10-31,2016-10,5744242000000.0,5744242000000.0,日元(OECD自行季调),M,EXPORT_FRED_SA,FRED(OECD转载财务省),VALIDATED_MIRROR,,TRADE_OECD_SA,2026-09-05,LATEST_HISTORY_PROXY,PROXY,CURRENT_HISTORY_ONLY_NO_VINTAGE,false,true,true
2016-11-30,2016-11,5930559000000.0,5930559000000.0,日元(OECD自行季调),M,EXPORT_FRED_SA,FRED(OECD转载财务省),VALIDATED_MIRROR,,TRADE_OECD_SA,2026-09-05,LATEST_HISTORY_PROXY,PROXY,CURRENT_HISTORY_ONLY_NO_VINTAGE,false,true,true
2016-12-31,2016-12,6122848000000.0,6122848000000.0,日元(OECD自行季调),M,EXPORT_FRED_SA,FRED(OECD转载财务省),VALIDATED_MIRROR,,TRADE_OECD_SA,2026-09-05,LATEST_HISTORY_PROXY,PROXY,CURRENT_HISTORY_ONLY_NO_VINTAGE,false,true,true
2017-01-31,2017-01,6387546000000.0,6387546000000.0,日元(OECD自行季调),M,EXPORT_FRED_SA,FRED(OECD转载财务省),VALIDATED_MIRROR,,TRADE_OECD_SA,2026-09-05,LATEST_HISTORY_PROXY,PROXY,CURRENT_HISTORY_ONLY_NO_VINTAGE,false,true,true
2017-02-28,2017-02,6560619000000.0,6560619000000.0,日元(OECD自行季调),M,EXPORT_FRED_SA,FRED(OECD转载财务省),VALIDATED_MIRROR,,TRADE_OECD_SA,2026-09-05,LATEST_HISTORY_PROXY,PROXY,CURRENT_HISTORY_ONLY_NO_VINTAGE,false,true,true
2017-03-31,2017-03,6490078000000.0,6490078000000.0,日元(OECD自行季调),M,EXPORT_FRED_SA,FRED(OECD转载财务省),VALIDATED_MIRROR,,TRADE_OECD_SA,2026-09-05,LATEST_HISTORY_PROXY,PROXY,CURRENT_HISTORY_ONLY_NO_VINTAGE,false,true,true
2017-04-30,2017-04,6232062000000.0,6232062000000.0,日元(OECD自行季调),M,EXPORT_FRED_SA,FRED(OECD转载财务省),VALIDATED_MIRROR,,TRADE_OECD_SA,2026-09-05,LATEST_HISTORY_PROXY,PROXY,CURRENT_HISTORY_ONLY_NO_VINTAGE,false,true,true
2017-05-31,2017-05,6396216000000.0,6396216000000.0,日元(OECD自行季调),M,EXPORT_FRED_SA,FRED(OECD转载财务省),VALIDATED_MIRROR,,TRADE_OECD_SA,2026-09-05,LATEST_HISTORY_PROXY,PROXY,CURRENT_HISTORY_ONLY_NO_VINTAGE,false,true,true
2017-06-30,2017-06,6407290000000.0,6407290000000.0,日元(OECD自行季调),M,EXPORT_FRED_SA,FRED(OECD转载财务省),VALIDATED_MIRROR,,TRADE_OECD_SA,2026-09-05,LATEST_HISTORY_PROXY,PROXY,CURRENT_HISTORY_ONLY_NO_VINTAGE,false,true,true
2017-07-31,2017-07,6477621000000.0,6477621000000.0,日元(OECD自行季调),M,EXPORT_FRED_SA,FRED(OECD转载财务省),VALIDATED_MIRROR,,TRADE_OECD_SA,2026-09-05,LATEST_HISTORY_PROXY,PROXY,CURRENT_HISTORY_ONLY_NO_VINTAGE,false,true,true
2017-08-31,2017-08,6583465000000.0,6583465000000.0,日元(OECD自行季调),M,EXPORT_FRED_SA,FRED(OECD转载财务省),VALIDATED_MIRROR,,TRADE_OECD_SA,2026-09-05,LATEST_HISTORY_PROXY,PROXY,CURRENT_HISTORY_ONLY_NO_VINTAGE,false,true,true
2017-09-30,2017-09,6613655000000.0,6613655000000.0,日元(OECD自行季调),M,EXPORT_FRED_SA,FRED(OECD转载财务省),VALIDATED_MIRROR,,TRADE_OECD_SA,2026-09-05,LATEST_HISTORY_PROXY,PROXY,CURRENT_HISTORY_ONLY_NO_VINTAGE,false,true,true
2017-10-31,2017-10,6513182000000.0,6513182000000.0,日元(OECD自行季调),M,EXPORT_FRED_SA,FRED(OECD转载财务省),VALIDATED_MIRROR,,TRADE_OECD_SA,2026-09-05,LATEST_HISTORY_PROXY,PROXY,CURRENT_HISTORY_ONLY_NO_VINTAGE,false,true,true
2017-11-30,2017-11,6935777000000.0,6935777000000.0,日元(OECD自行季调),M,EXPORT_FRED_SA,FRED(OECD转载财务省),VALIDATED_MIRROR,,TRADE_OECD_SA,2026-09-05,LATEST_HISTORY_PROXY,PROXY,CURRENT_HISTORY_ONLY_NO_VINTAGE,false,true,true
2017-12-31,2017-12,6777136000000.0,6777136000000.0,日元(OECD自行季调),M,EXPORT_FRED_SA,FRED(OECD转载财务省),VALIDATED_MIRROR,,TRADE_OECD_SA,2026-09-05,LATEST_HISTORY_PROXY,PROXY,CURRENT_HISTORY_ONLY_NO_VINTAGE,false,true,true
2018-01-31,2018-01,7087795000000.0,7087795000000.0,日元(OECD自行季调),M,EXPORT_FRED_SA,FRED(OECD转载财务省),VALIDATED_MIRROR,,TRADE_OECD_SA,2026-09-05,LATEST_HISTORY_PROXY,PROXY,CURRENT_HISTORY_ONLY_NO_VINTAGE,false,true,true
2018-02-28,2018-02,6693724000000.0,6693724000000.0,日元(OECD自行季调),M,EXPORT_FRED_SA,FRED(OECD转载财务省),VALIDATED_MIRROR,,TRADE_OECD_SA,2026-09-05,LATEST_HISTORY_PROXY,PROXY,CURRENT_HISTORY_ONLY_NO_VINTAGE,false,true,true
2018-03-31,2018-03,6633661000000.0,6633661000000.0,日元(OECD自行季调),M,EXPORT_FRED_SA,FRED(OECD转载财务省),VALIDATED_MIRROR,,TRADE_OECD_SA,2026-09-05,LATEST_HISTORY_PROXY,PROXY,CURRENT_HISTORY_ONLY_NO_VINTAGE,false,true,true
2018-04-30,2018-04,6711653000000.0,6711653000000.0,日元(OECD自行季调),M,EXPORT_FRED_SA,FRED(OECD转载财务省),VALIDATED_MIRROR,,TRADE_OECD_SA,2026-09-05,LATEST_HISTORY_PROXY,PROXY,CURRENT_HISTORY_ONLY_NO_VINTAGE,false,true,true
2018-05-31,2018-05,6925371000000.0,6925371000000.0,日元(OECD自行季调),M,EXPORT_FRED_SA,FRED(OECD转载财务省),VALIDATED_MIRROR,,TRADE_OECD_SA,2026-09-05,LATEST_HISTORY_PROXY,PROXY,CURRENT_HISTORY_ONLY_NO_VINTAGE,false,true,true
2018-06-30,2018-06,6818928000000.0,6818928000000.0,日元(OECD自行季调),M,EXPORT_FRED_SA,FRED(OECD转载财务省),VALIDATED_MIRROR,,TRADE_OECD_SA,2026-09-05,LATEST_HISTORY_PROXY,PROXY,CURRENT_HISTORY_ONLY_NO_VINTAGE,false,true,true
2018-07-31,2018-07,6685080000000.0,6685080000000.0,日元(OECD自行季调),M,EXPORT_FRED_SA,FRED(OECD转载财务省),VALIDATED_MIRROR,,TRADE_OECD_SA,2026-09-05,LATEST_HISTORY_PROXY,PROXY,CURRENT_HISTORY_ONLY_NO_VINTAGE,false,true,true
2018-08-31,2018-08,6917572000000.0,6917572000000.0,日元(OECD自行季调),M,EXPORT_FRED_SA,FRED(OECD转载财务省),VALIDATED_MIRROR,,TRADE_OECD_SA,2026-09-05,LATEST_HISTORY_PROXY,PROXY,CURRENT_HISTORY_ONLY_NO_VINTAGE,false,true,true
2018-09-30,2018-09,6727848000000.0,6727848000000.0,日元(OECD自行季调),M,EXPORT_FRED_SA,FRED(OECD转载财务省),VALIDATED_MIRROR,,TRADE_OECD_SA,2026-09-05,LATEST_HISTORY_PROXY,PROXY,CURRENT_HISTORY_ONLY_NO_VINTAGE,false,true,true
2018-10-31,2018-10,6929618000000.0,6929618000000.0,日元(OECD自行季调),M,EXPORT_FRED_SA,FRED(OECD转载财务省),VALIDATED_MIRROR,,TRADE_OECD_SA,2026-09-05,LATEST_HISTORY_PROXY,PROXY,CURRENT_HISTORY_ONLY_NO_VINTAGE,false,true,true
2018-11-30,2018-11,6824633000000.0,6824633000000.0,日元(OECD自行季调),M,EXPORT_FRED_SA,FRED(OECD转载财务省),VALIDATED_MIRROR,,TRADE_OECD_SA,2026-09-05,LATEST_HISTORY_PROXY,PROXY,CURRENT_HISTORY_ONLY_NO_VINTAGE,false,true,true
2018-12-31,2018-12,6646892000000.0,6646892000000.0,日元(OECD自行季调),M,EXPORT_FRED_SA,FRED(OECD转载财务省),VALIDATED_MIRROR,,TRADE_OECD_SA,2026-09-05,LATEST_HISTORY_PROXY,PROXY,CURRENT_HISTORY_ONLY_NO_VINTAGE,false,true,true
2019-01-31,2019-01,6527759000000.0,6527759000000.0,日元(OECD自行季调),M,EXPORT_FRED_SA,FRED(OECD转载财务省),VALIDATED_MIRROR,,TRADE_OECD_SA,2026-09-05,LATEST_HISTORY_PROXY,PROXY,CURRENT_HISTORY_ONLY_NO_VINTAGE,false,true,true
2019-02-28,2019-02,6642176000000.0,6642176000000.0,日元(OECD自行季调),M,EXPORT_FRED_SA,FRED(OECD转载财务省),VALIDATED_MIRROR,,TRADE_OECD_SA,2026-09-05,LATEST_HISTORY_PROXY,PROXY,CURRENT_HISTORY_ONLY_NO_VINTAGE,false,true,true
2019-03-31,2019-03,6546537000000.0,6546537000000.0,日元(OECD自行季调),M,EXPORT_FRED_SA,FRED(OECD转载财务省),VALIDATED_MIRROR,,TRADE_OECD_SA,2026-09-05,LATEST_HISTORY_PROXY,PROXY,CURRENT_HISTORY_ONLY_NO_VINTAGE,false,true,true
2019-04-30,2019-04,6456549000000.0,6456549000000.0,日元(OECD自行季调),M,EXPORT_FRED_SA,FRED(OECD转载财务省),VALIDATED_MIRROR,,TRADE_OECD_SA,2026-09-05,LATEST_HISTORY_PROXY,PROXY,CURRENT_HISTORY_ONLY_NO_VINTAGE,false,true,true
2019-05-31,2019-05,6300557000000.0,6300557000000.0,日元(OECD自行季调),M,EXPORT_FRED_SA,FRED(OECD转载财务省),VALIDATED_MIRROR,,TRADE_OECD_SA,2026-09-05,LATEST_HISTORY_PROXY,PROXY,CURRENT_HISTORY_ONLY_NO_VINTAGE,false,true,true
2019-06-30,2019-06,6530090000000.0,6530090000000.0,日元(OECD自行季调),M,EXPORT_FRED_SA,FRED(OECD转载财务省),VALIDATED_MIRROR,,TRADE_OECD_SA,2026-09-05,LATEST_HISTORY_PROXY,PROXY,CURRENT_HISTORY_ONLY_NO_VINTAGE,false,true,true
2019-07-31,2019-07,6470359000000.0,6470359000000.0,日元(OECD自行季调),M,EXPORT_FRED_SA,FRED(OECD转载财务省),VALIDATED_MIRROR,,TRADE_OECD_SA,2026-09-05,LATEST_HISTORY_PROXY,PROXY,CURRENT_HISTORY_ONLY_NO_VINTAGE,false,true,true
2019-08-31,2019-08,6349223000000.0,6349223000000.0,日元(OECD自行季调),M,EXPORT_FRED_SA,FRED(OECD转载财务省),VALIDATED_MIRROR,,TRADE_OECD_SA,2026-09-05,LATEST_HISTORY_PROXY,PROXY,CURRENT_HISTORY_ONLY_NO_VINTAGE,false,true,true
2019-09-30,2019-09,6391924000000.0,6391924000000.0,日元(OECD自行季调),M,EXPORT_FRED_SA,FRED(OECD转载财务省),VALIDATED_MIRROR,,TRADE_OECD_SA,2026-09-05,LATEST_HISTORY_PROXY,PROXY,CURRENT_HISTORY_ONLY_NO_VINTAGE,false,true,true
2019-10-31,2019-10,6265065000000.0,6265065000000.0,日元(OECD自行季调),M,EXPORT_FRED_SA,FRED(OECD转载财务省),VALIDATED_MIRROR,,TRADE_OECD_SA,2026-09-05,LATEST_HISTORY_PROXY,PROXY,CURRENT_HISTORY_ONLY_NO_VINTAGE,false,true,true
2019-11-30,2019-11,6248725000000.0,6248725000000.0,日元(OECD自行季调),M,EXPORT_FRED_SA,FRED(OECD转载财务省),VALIDATED_MIRROR,,TRADE_OECD_SA,2026-09-05,LATEST_HISTORY_PROXY,PROXY,CURRENT_HISTORY_ONLY_NO_VINTAGE,false,true,true
2019-12-31,2019-12,6236837000000.0,6236837000000.0,日元(OECD自行季调),M,EXPORT_FRED_SA,FRED(OECD转载财务省),VALIDATED_MIRROR,,TRADE_OECD_SA,2026-09-05,LATEST_HISTORY_PROXY,PROXY,CURRENT_HISTORY_ONLY_NO_VINTAGE,false,true,true
2020-01-31,2020-01,6304154000000.0,6304154000000.0,日元(OECD自行季调),M,EXPORT_FRED_SA,FRED(OECD转载财务省),VALIDATED_MIRROR,,TRADE_OECD_SA,2026-09-05,LATEST_HISTORY_PROXY,PROXY,CURRENT_HISTORY_ONLY_NO_VINTAGE,false,true,true
2020-02-29,2020-02,6387897000000.0,6387897000000.0,日元(OECD自行季调),M,EXPORT_FRED_SA,FRED(OECD转载财务省),VALIDATED_MIRROR,,TRADE_OECD_SA,2026-09-05,LATEST_HISTORY_PROXY,PROXY,CURRENT_HISTORY_ONLY_NO_VINTAGE,false,true,true
2020-03-31,2020-03,5869550000000.0,5869550000000.0,日元(OECD自行季调),M,EXPORT_FRED_SA,FRED(OECD转载财务省),VALIDATED_MIRROR,,TRADE_OECD_SA,2026-09-05,LATEST_HISTORY_PROXY,PROXY,CURRENT_HISTORY_ONLY_NO_VINTAGE,false,true,true
2020-04-30,2020-04,5076715000000.0,5076715000000.0,日元(OECD自行季调),M,EXPORT_FRED_SA,FRED(OECD转载财务省),VALIDATED_MIRROR,,TRADE_OECD_SA,2026-09-05,LATEST_HISTORY_PROXY,PROXY,CURRENT_HISTORY_ONLY_NO_VINTAGE,false,true,true
2020-05-31,2020-05,4572744000000.0,4572744000000.0,日元(OECD自行季调),M,EXPORT_FRED_SA,FRED(OECD转载财务省),VALIDATED_MIRROR,,TRADE_OECD_SA,2026-09-05,LATEST_HISTORY_PROXY,PROXY,CURRENT_HISTORY_ONLY_NO_VINTAGE,false,true,true
2020-06-30,2020-06,4719898000000.0,4719898000000.0,日元(OECD自行季调),M,EXPORT_FRED_SA,FRED(OECD转载财务省),VALIDATED_MIRROR,,TRADE_OECD_SA,2026-09-05,LATEST_HISTORY_PROXY,PROXY,CURRENT_HISTORY_ONLY_NO_VINTAGE,false,true,true
2020-07-31,2020-07,5143869000000.0,5143869000000.0,日元(OECD自行季调),M,EXPORT_FRED_SA,FRED(OECD转载财务省),VALIDATED_MIRROR,,TRADE_OECD_SA,2026-09-05,LATEST_HISTORY_PROXY,PROXY,CURRENT_HISTORY_ONLY_NO_VINTAGE,false,true,true
2020-08-31,2020-08,5562925000000.0,5562925000000.0,日元(OECD自行季调),M,EXPORT_FRED_SA,FRED(OECD转载财务省),VALIDATED_MIRROR,,TRADE_OECD_SA,2026-09-05,LATEST_HISTORY_PROXY,PROXY,CURRENT_HISTORY_ONLY_NO_VINTAGE,false,true,true
2020-09-30,2020-09,5970582000000.0,5970582000000.0,日元(OECD自行季调),M,EXPORT_FRED_SA,FRED(OECD转载财务省),VALIDATED_MIRROR,,TRADE_OECD_SA,2026-09-05,LATEST_HISTORY_PROXY,PROXY,CURRENT_HISTORY_ONLY_NO_VINTAGE,false,true,true
2020-10-31,2020-10,6142971000000.0,6142971000000.0,日元(OECD自行季调),M,EXPORT_FRED_SA,FRED(OECD转载财务省),VALIDATED_MIRROR,,TRADE_OECD_SA,2026-09-05,LATEST_HISTORY_PROXY,PROXY,CURRENT_HISTORY_ONLY_NO_VINTAGE,false,true,true
2020-11-30,2020-11,6141306000000.0,6141306000000.0,日元(OECD自行季调),M,EXPORT_FRED_SA,FRED(OECD转载财务省),VALIDATED_MIRROR,,TRADE_OECD_SA,2026-09-05,LATEST_HISTORY_PROXY,PROXY,CURRENT_HISTORY_ONLY_NO_VINTAGE,false,true,true
2020-12-31,2020-12,6315448000000.0,6315448000000.0,日元(OECD自行季调),M,EXPORT_FRED_SA,FRED(OECD转载财务省),VALIDATED_MIRROR,,TRADE_OECD_SA,2026-09-05,LATEST_HISTORY_PROXY,PROXY,CURRENT_HISTORY_ONLY_NO_VINTAGE,false,true,true
2021-01-31,2021-01,6799972000000.0,6799972000000.0,日元(OECD自行季调),M,EXPORT_FRED_SA,FRED(OECD转载财务省),VALIDATED_MIRROR,,TRADE_OECD_SA,2026-09-05,LATEST_HISTORY_PROXY,PROXY,CURRENT_HISTORY_ONLY_NO_VINTAGE,false,true,true
2021-02-28,2021-02,6354390000000.0,6354390000000.0,日元(OECD自行季调),M,EXPORT_FRED_SA,FRED(OECD转载财务省),VALIDATED_MIRROR,,TRADE_OECD_SA,2026-09-05,LATEST_HISTORY_PROXY,PROXY,CURRENT_HISTORY_ONLY_NO_VINTAGE,false,true,true
2021-03-31,2021-03,6751416000000.0,6751416000000.0,日元(OECD自行季调),M,EXPORT_FRED_SA,FRED(OECD转载财务省),VALIDATED_MIRROR,,TRADE_OECD_SA,2026-09-05,LATEST_HISTORY_PROXY,PROXY,CURRENT_HISTORY_ONLY_NO_VINTAGE,false,true,true
2021-04-30,2021-04,6916277000000.0,6916277000000.0,日元(OECD自行季调),M,EXPORT_FRED_SA,FRED(OECD转载财务省),VALIDATED_MIRROR,,TRADE_OECD_SA,2026-09-05,LATEST_HISTORY_PROXY,PROXY,CURRENT_HISTORY_ONLY_NO_VINTAGE,false,true,true
2021-05-31,2021-05,6964293000000.0,6964293000000.0,日元(OECD自行季调),M,EXPORT_FRED_SA,FRED(OECD转载财务省),VALIDATED_MIRROR,,TRADE_OECD_SA,2026-09-05,LATEST_HISTORY_PROXY,PROXY,CURRENT_HISTORY_ONLY_NO_VINTAGE,false,true,true
2021-06-30,2021-06,6982370000000.0,6982370000000.0,日元(OECD自行季调),M,EXPORT_FRED_SA,FRED(OECD转载财务省),VALIDATED_MIRROR,,TRADE_OECD_SA,2026-09-05,LATEST_HISTORY_PROXY,PROXY,CURRENT_HISTORY_ONLY_NO_VINTAGE,false,true,true
2021-07-31,2021-07,6998597000000.0,6998597000000.0,日元(OECD自行季调),M,EXPORT_FRED_SA,FRED(OECD转载财务省),VALIDATED_MIRROR,,TRADE_OECD_SA,2026-09-05,LATEST_HISTORY_PROXY,PROXY,CURRENT_HISTORY_ONLY_NO_VINTAGE,false,true,true
2021-08-31,2021-08,7026399000000.0,7026399000000.0,日元(OECD自行季调),M,EXPORT_FRED_SA,FRED(OECD转载财务省),VALIDATED_MIRROR,,TRADE_OECD_SA,2026-09-05,LATEST_HISTORY_PROXY,PROXY,CURRENT_HISTORY_ONLY_NO_VINTAGE,false,true,true
2021-09-30,2021-09,6765657000000.0,6765657000000.0,日元(OECD自行季调),M,EXPORT_FRED_SA,FRED(OECD转载财务省),VALIDATED_MIRROR,,TRADE_OECD_SA,2026-09-05,LATEST_HISTORY_PROXY,PROXY,CURRENT_HISTORY_ONLY_NO_VINTAGE,false,true,true
2021-10-31,2021-10,6768911000000.0,6768911000000.0,日元(OECD自行季调),M,EXPORT_FRED_SA,FRED(OECD转载财务省),VALIDATED_MIRROR,,TRADE_OECD_SA,2026-09-05,LATEST_HISTORY_PROXY,PROXY,CURRENT_HISTORY_ONLY_NO_VINTAGE,false,true,true
2021-11-30,2021-11,7264959000000.0,7264959000000.0,日元(OECD自行季调),M,EXPORT_FRED_SA,FRED(OECD转载财务省),VALIDATED_MIRROR,,TRADE_OECD_SA,2026-09-05,LATEST_HISTORY_PROXY,PROXY,CURRENT_HISTORY_ONLY_NO_VINTAGE,false,true,true
2021-12-31,2021-12,7320056000000.0,7320056000000.0,日元(OECD自行季调),M,EXPORT_FRED_SA,FRED(OECD转载财务省),VALIDATED_MIRROR,,TRADE_OECD_SA,2026-09-05,LATEST_HISTORY_PROXY,PROXY,CURRENT_HISTORY_ONLY_NO_VINTAGE,false,true,true
2022-01-31,2022-01,7581664000000.0,7581664000000.0,日元(OECD自行季调),M,EXPORT_FRED_SA,FRED(OECD转载财务省),VALIDATED_MIRROR,,TRADE_OECD_SA,2026-09-05,LATEST_HISTORY_PROXY,PROXY,CURRENT_HISTORY_ONLY_NO_VINTAGE,false,true,true
2022-02-28,2022-02,7596722000000.0,7596722000000.0,日元(OECD自行季调),M,EXPORT_FRED_SA,FRED(OECD转载财务省),VALIDATED_MIRROR,,TRADE_OECD_SA,2026-09-05,LATEST_HISTORY_PROXY,PROXY,CURRENT_HISTORY_ONLY_NO_VINTAGE,false,true,true
2022-03-31,2022-03,7785548000000.0,7785548000000.0,日元(OECD自行季调),M,EXPORT_FRED_SA,FRED(OECD转载财务省),VALIDATED_MIRROR,,TRADE_OECD_SA,2026-09-05,LATEST_HISTORY_PROXY,PROXY,CURRENT_HISTORY_ONLY_NO_VINTAGE,false,true,true
2022-04-30,2022-04,7780877000000.0,7780877000000.0,日元(OECD自行季调),M,EXPORT_FRED_SA,FRED(OECD转载财务省),VALIDATED_MIRROR,,TRADE_OECD_SA,2026-09-05,LATEST_HISTORY_PROXY,PROXY,CURRENT_HISTORY_ONLY_NO_VINTAGE,false,true,true
2022-05-31,2022-05,8078044000000.0,8078044000000.0,日元(OECD自行季调),M,EXPORT_FRED_SA,FRED(OECD转载财务省),VALIDATED_MIRROR,,TRADE_OECD_SA,2026-09-05,LATEST_HISTORY_PROXY,PROXY,CURRENT_HISTORY_ONLY_NO_VINTAGE,false,true,true
2022-06-30,2022-06,8346945000000.0,8346945000000.0,日元(OECD自行季调),M,EXPORT_FRED_SA,FRED(OECD转载财务省),VALIDATED_MIRROR,,TRADE_OECD_SA,2026-09-05,LATEST_HISTORY_PROXY,PROXY,CURRENT_HISTORY_ONLY_NO_VINTAGE,false,true,true
2022-07-31,2022-07,8363214000000.0,8363214000000.0,日元(OECD自行季调),M,EXPORT_FRED_SA,FRED(OECD转载财务省),VALIDATED_MIRROR,,TRADE_OECD_SA,2026-09-05,LATEST_HISTORY_PROXY,PROXY,CURRENT_HISTORY_ONLY_NO_VINTAGE,false,true,true
2022-08-31,2022-08,8511450000000.001,8511450000000.001,日元(OECD自行季调),M,EXPORT_FRED_SA,FRED(OECD转载财务省),VALIDATED_MIRROR,,TRADE_OECD_SA,2026-09-05,LATEST_HISTORY_PROXY,PROXY,CURRENT_HISTORY_ONLY_NO_VINTAGE,false,true,true
2022-09-30,2022-09,8556286000000.0,8556286000000.0,日元(OECD自行季调),M,EXPORT_FRED_SA,FRED(OECD转载财务省),VALIDATED_MIRROR,,TRADE_OECD_SA,2026-09-05,LATEST_HISTORY_PROXY,PROXY,CURRENT_HISTORY_ONLY_NO_VINTAGE,false,true,true
2022-10-31,2022-10,8637472000000.0,8637472000000.0,日元(OECD自行季调),M,EXPORT_FRED_SA,FRED(OECD转载财务省),VALIDATED_MIRROR,,TRADE_OECD_SA,2026-09-05,LATEST_HISTORY_PROXY,PROXY,CURRENT_HISTORY_ONLY_NO_VINTAGE,false,true,true
2022-11-30,2022-11,8677062000000.0,8677062000000.0,日元(OECD自行季调),M,EXPORT_FRED_SA,FRED(OECD转载财务省),VALIDATED_MIRROR,,TRADE_OECD_SA,2026-09-05,LATEST_HISTORY_PROXY,PROXY,CURRENT_HISTORY_ONLY_NO_VINTAGE,false,true,true
2022-12-31,2022-12,8125213000000.0,8125213000000.0,日元(OECD自行季调),M,EXPORT_FRED_SA,FRED(OECD转载财务省),VALIDATED_MIRROR,,TRADE_OECD_SA,2026-09-05,LATEST_HISTORY_PROXY,PROXY,CURRENT_HISTORY_ONLY_NO_VINTAGE,false,true,true
2023-01-31,2023-01,7814906000000.0,7814906000000.0,日元(OECD自行季调),M,EXPORT_FRED_SA,FRED(OECD转载财务省),VALIDATED_MIRROR,,TRADE_OECD_SA,2026-09-05,LATEST_HISTORY_PROXY,PROXY,CURRENT_HISTORY_ONLY_NO_VINTAGE,false,true,true
2023-02-28,2023-02,8099481000000.0,8099481000000.0,日元(OECD自行季调),M,EXPORT_FRED_SA,FRED(OECD转载财务省),VALIDATED_MIRROR,,TRADE_OECD_SA,2026-09-05,LATEST_HISTORY_PROXY,PROXY,CURRENT_HISTORY_ONLY_NO_VINTAGE,false,true,true
2023-03-31,2023-03,8036807000000.0,8036807000000.0,日元(OECD自行季调),M,EXPORT_FRED_SA,FRED(OECD转载财务省),VALIDATED_MIRROR,,TRADE_OECD_SA,2026-09-05,LATEST_HISTORY_PROXY,PROXY,CURRENT_HISTORY_ONLY_NO_VINTAGE,false,true,true
2023-04-30,2023-04,8253786000000.0,8253786000000.0,日元(OECD自行季调),M,EXPORT_FRED_SA,FRED(OECD转载财务省),VALIDATED_MIRROR,,TRADE_OECD_SA,2026-09-05,LATEST_HISTORY_PROXY,PROXY,CURRENT_HISTORY_ONLY_NO_VINTAGE,false,true,true
2023-05-31,2023-05,8046716000000.0,8046716000000.0,日元(OECD自行季调),M,EXPORT_FRED_SA,FRED(OECD转载财务省),VALIDATED_MIRROR,,TRADE_OECD_SA,2026-09-05,LATEST_HISTORY_PROXY,PROXY,CURRENT_HISTORY_ONLY_NO_VINTAGE,false,true,true
2023-06-30,2023-06,8320285000000.0,8320285000000.0,日元(OECD自行季调),M,EXPORT_FRED_SA,FRED(OECD转载财务省),VALIDATED_MIRROR,,TRADE_OECD_SA,2026-09-05,LATEST_HISTORY_PROXY,PROXY,CURRENT_HISTORY_ONLY_NO_VINTAGE,false,true,true
2023-07-31,2023-07,8455741000000.0,8455741000000.0,日元(OECD自行季调),M,EXPORT_FRED_SA,FRED(OECD转载财务省),VALIDATED_MIRROR,,TRADE_OECD_SA,2026-09-05,LATEST_HISTORY_PROXY,PROXY,CURRENT_HISTORY_ONLY_NO_VINTAGE,false,true,true
2023-08-31,2023-08,8502668000000.0,8502668000000.0,日元(OECD自行季调),M,EXPORT_FRED_SA,FRED(OECD转载财务省),VALIDATED_MIRROR,,TRADE_OECD_SA,2026-09-05,LATEST_HISTORY_PROXY,PROXY,CURRENT_HISTORY_ONLY_NO_VINTAGE,false,true,true
2023-09-30,2023-09,8884719000000.0,8884719000000.0,日元(OECD自行季调),M,EXPORT_FRED_SA,FRED(OECD转载财务省),VALIDATED_MIRROR,,TRADE_OECD_SA,2026-09-05,LATEST_HISTORY_PROXY,PROXY,CURRENT_HISTORY_ONLY_NO_VINTAGE,false,true,true
2023-10-31,2023-10,8769418000000.0,8769418000000.0,日元(OECD自行季调),M,EXPORT_FRED_SA,FRED(OECD转载财务省),VALIDATED_MIRROR,,TRADE_OECD_SA,2026-09-05,LATEST_HISTORY_PROXY,PROXY,CURRENT_HISTORY_ONLY_NO_VINTAGE,false,true,true
2023-11-30,2023-11,8686834000000.001,8686834000000.001,日元(OECD自行季调),M,EXPORT_FRED_SA,FRED(OECD转载财务省),VALIDATED_MIRROR,,TRADE_OECD_SA,2026-09-05,LATEST_HISTORY_PROXY,PROXY,CURRENT_HISTORY_ONLY_NO_VINTAGE,false,true,true
2023-12-31,2023-12,8965123000000.0,8965123000000.0,日元(OECD自行季调),M,EXPORT_FRED_SA,FRED(OECD转载财务省),VALIDATED_MIRROR,,TRADE_OECD_SA,2026-09-05,LATEST_HISTORY_PROXY,PROXY,CURRENT_HISTORY_ONLY_NO_VINTAGE,false,true,true
2024-01-31,2024-01,8619690000000.001,8619690000000.001,日元(OECD自行季调),M,EXPORT_FRED_SA,FRED(OECD转载财务省),VALIDATED_MIRROR,,TRADE_OECD_SA,2026-09-05,LATEST_HISTORY_PROXY,PROXY,CURRENT_HISTORY_ONLY_NO_VINTAGE,false,true,true
2024-02-29,2024-02,8446308999999.999,8446308999999.999,日元(OECD自行季调),M,EXPORT_FRED_SA,FRED(OECD转载财务省),VALIDATED_MIRROR,,TRADE_OECD_SA,2026-09-05,LATEST_HISTORY_PROXY,PROXY,CURRENT_HISTORY_ONLY_NO_VINTAGE,false,true,true
2024-03-31,2024-03,8716657999999.999,8716657999999.999,日元(OECD自行季调),M,EXPORT_FRED_SA,FRED(OECD转载财务省),VALIDATED_MIRROR,,TRADE_OECD_SA,2026-09-05,LATEST_HISTORY_PROXY,PROXY,CURRENT_HISTORY_ONLY_NO_VINTAGE,false,true,true
2024-04-30,2024-04,8811492000000.0,8811492000000.0,日元(OECD自行季调),M,EXPORT_FRED_SA,FRED(OECD转载财务省),VALIDATED_MIRROR,,TRADE_OECD_SA,2026-09-05,LATEST_HISTORY_PROXY,PROXY,CURRENT_HISTORY_ONLY_NO_VINTAGE,false,true,true
2024-05-31,2024-05,9077341000000.0,9077341000000.0,日元(OECD自行季调),M,EXPORT_FRED_SA,FRED(OECD转载财务省),VALIDATED_MIRROR,,TRADE_OECD_SA,2026-09-05,LATEST_HISTORY_PROXY,PROXY,CURRENT_HISTORY_ONLY_NO_VINTAGE,false,true,true
2024-06-30,2024-06,8990362000000.0,8990362000000.0,日元(OECD自行季调),M,EXPORT_FRED_SA,FRED(OECD转载财务省),VALIDATED_MIRROR,,TRADE_OECD_SA,2026-09-05,LATEST_HISTORY_PROXY,PROXY,CURRENT_HISTORY_ONLY_NO_VINTAGE,false,true,true
2024-07-31,2024-07,9174128000000.0,9174128000000.0,日元(OECD自行季调),M,EXPORT_FRED_SA,FRED(OECD转载财务省),VALIDATED_MIRROR,,TRADE_OECD_SA,2026-09-05,LATEST_HISTORY_PROXY,PROXY,CURRENT_HISTORY_ONLY_NO_VINTAGE,false,true,true
2024-08-31,2024-08,8890453000000.0,8890453000000.0,日元(OECD自行季调),M,EXPORT_FRED_SA,FRED(OECD转载财务省),VALIDATED_MIRROR,,TRADE_OECD_SA,2026-09-05,LATEST_HISTORY_PROXY,PROXY,CURRENT_HISTORY_ONLY_NO_VINTAGE,false,true,true
2024-09-30,2024-09,8972831000000.0,8972831000000.0,日元(OECD自行季调),M,EXPORT_FRED_SA,FRED(OECD转载财务省),VALIDATED_MIRROR,,TRADE_OECD_SA,2026-09-05,LATEST_HISTORY_PROXY,PROXY,CURRENT_HISTORY_ONLY_NO_VINTAGE,false,true,true
2024-10-31,2024-10,8987962000000.0,8987962000000.0,日元(OECD自行季调),M,EXPORT_FRED_SA,FRED(OECD转载财务省),VALIDATED_MIRROR,,TRADE_OECD_SA,2026-09-05,LATEST_HISTORY_PROXY,PROXY,CURRENT_HISTORY_ONLY_NO_VINTAGE,false,true,true
2024-11-30,2024-11,8842793000000.0,8842793000000.0,日元(OECD自行季调),M,EXPORT_FRED_SA,FRED(OECD转载财务省),VALIDATED_MIRROR,,TRADE_OECD_SA,2026-09-05,LATEST_HISTORY_PROXY,PROXY,CURRENT_HISTORY_ONLY_NO_VINTAGE,false,true,true
2024-12-31,2024-12,9297798000000.0,9297798000000.0,日元(OECD自行季调),M,EXPORT_FRED_SA,FRED(OECD转载财务省),VALIDATED_MIRROR,,TRADE_OECD_SA,2026-09-05,LATEST_HISTORY_PROXY,PROXY,CURRENT_HISTORY_ONLY_NO_VINTAGE,false,true,true
2025-01-31,2025-01,9123968000000.0,9123968000000.0,日元(OECD自行季调),M,EXPORT_FRED_SA,FRED(OECD转载财务省),VALIDATED_MIRROR,,TRADE_OECD_SA,2026-09-05,LATEST_HISTORY_PROXY,PROXY,CURRENT_HISTORY_ONLY_NO_VINTAGE,false,true,true
2025-02-28,2025-02,9680909000000.0,9680909000000.0,日元(OECD自行季调),M,EXPORT_FRED_SA,FRED(OECD转载财务省),VALIDATED_MIRROR,,TRADE_OECD_SA,2026-09-05,LATEST_HISTORY_PROXY,PROXY,CURRENT_HISTORY_ONLY_NO_VINTAGE,false,true,true
2025-03-31,2025-03,9191794000000.0,9191794000000.0,日元(OECD自行季调),M,EXPORT_FRED_SA,FRED(OECD转载财务省),VALIDATED_MIRROR,,TRADE_OECD_SA,2026-09-05,LATEST_HISTORY_PROXY,PROXY,CURRENT_HISTORY_ONLY_NO_VINTAGE,false,true,true
2025-04-30,2025-04,8978641000000.0,8978641000000.0,日元(OECD自行季调),M,EXPORT_FRED_SA,FRED(OECD转载财务省),VALIDATED_MIRROR,,TRADE_OECD_SA,2026-09-05,LATEST_HISTORY_PROXY,PROXY,CURRENT_HISTORY_ONLY_NO_VINTAGE,false,true,true
2025-05-31,2025-05,8913912000000.0,8913912000000.0,日元(OECD自行季调),M,EXPORT_FRED_SA,FRED(OECD转载财务省),VALIDATED_MIRROR,,TRADE_OECD_SA,2026-09-05,LATEST_HISTORY_PROXY,PROXY,CURRENT_HISTORY_ONLY_NO_VINTAGE,false,true,true
2025-06-30,2025-06,8965655000000.0,8965655000000.0,日元(OECD自行季调),M,EXPORT_FRED_SA,FRED(OECD转载财务省),VALIDATED_MIRROR,,TRADE_OECD_SA,2026-09-05,LATEST_HISTORY_PROXY,PROXY,CURRENT_HISTORY_ONLY_NO_VINTAGE,false,true,true
2025-07-31,2025-07,8964184000000.0,8964184000000.0,日元(OECD自行季调),M,EXPORT_FRED_SA,FRED(OECD转载财务省),VALIDATED_MIRROR,,TRADE_OECD_SA,2026-09-05,LATEST_HISTORY_PROXY,PROXY,CURRENT_HISTORY_ONLY_NO_VINTAGE,false,true,true
2025-08-31,2025-08,8974088000000.0,8974088000000.0,日元(OECD自行季调),M,EXPORT_FRED_SA,FRED(OECD转载财务省),VALIDATED_MIRROR,,TRADE_OECD_SA,2026-09-05,LATEST_HISTORY_PROXY,PROXY,CURRENT_HISTORY_ONLY_NO_VINTAGE,false,true,true
2025-09-30,2025-09,9205508000000.0,9205508000000.0,日元(OECD自行季调),M,EXPORT_FRED_SA,FRED(OECD转载财务省),VALIDATED_MIRROR,,TRADE_OECD_SA,2026-09-05,LATEST_HISTORY_PROXY,PROXY,CURRENT_HISTORY_ONLY_NO_VINTAGE,false,true,true
2025-10-31,2025-10,9236758000000.0,9236758000000.0,日元(OECD自行季调),M,EXPORT_FRED_SA,FRED(OECD转载财务省),VALIDATED_MIRROR,,TRADE_OECD_SA,2026-09-05,LATEST_HISTORY_PROXY,PROXY,CURRENT_HISTORY_ONLY_NO_VINTAGE,false,true,true
2025-11-30,2025-11,9664870000000.0,9664870000000.0,日元(OECD自行季调),M,EXPORT_FRED_SA,FRED(OECD转载财务省),VALIDATED_MIRROR,,TRADE_OECD_SA,2026-09-05,LATEST_HISTORY_PROXY,PROXY,CURRENT_HISTORY_ONLY_NO_VINTAGE,false,true,true
2025-12-31,2025-12,9631436000000.0,9631436000000.0,日元(OECD自行季调),M,EXPORT_FRED_SA,FRED(OECD转载财务省),VALIDATED_MIRROR,,TRADE_OECD_SA,2026-09-05,LATEST_HISTORY_PROXY,PROXY,CURRENT_HISTORY_ONLY_NO_VINTAGE,false,true,true
2026-01-31,2026-01,10607710000000.0,10607710000000.0,日元(OECD自行季调),M,EXPORT_FRED_SA,FRED(OECD转载财务省),VALIDATED_MIRROR,,TRADE_OECD_SA,2026-09-05,LATEST_HISTORY_PROXY,PROXY,CURRENT_HISTORY_ONLY_NO_VINTAGE,false,true,true
2026-02-28,2026-02,10036130000000.0,10036130000000.0,日元(OECD自行季调),M,EXPORT_FRED_SA,FRED(OECD转载财务省),VALIDATED_MIRROR,,TRADE_OECD_SA,2026-09-05,LATEST_HISTORY_PROXY,PROXY,CURRENT_HISTORY_ONLY_NO_VINTAGE,false,true,true
2026-03-31,2026-03,10176540000000.0,10176540000000.0,日元(OECD自行季调),M,EXPORT_FRED_SA,FRED(OECD转载财务省),VALIDATED_MIRROR,,TRADE_OECD_SA,2026-09-05,LATEST_HISTORY_PROXY,PROXY,CURRENT_HISTORY_ONLY_NO_VINTAGE,false,true,true
2026-04-30,2026-04,10357760000000.0,10357760000000.0,日元(OECD自行季调),M,EXPORT_FRED_SA,FRED(OECD转载财务省),VALIDATED_MIRROR,,TRADE_OECD_SA,2026-09-05,LATEST_HISTORY_PROXY,PROXY,CURRENT_HISTORY_ONLY_NO_VINTAGE,false,true,true
2026-05-31,2026-05,10502830000000.0,10502830000000.0,日元(OECD自行季调),M,EXPORT_FRED_SA,FRED(OECD转载财务省),VALIDATED_MIRROR,,TRADE_OECD_SA,2026-09-05,LATEST_HISTORY_PROXY,PROXY,CURRENT_HISTORY_ONLY_NO_VINTAGE,false,true,true
2026-06-30,2026-06,10553440000000.0,10553440000000.0,日元(OECD自行季调),M,EXPORT_FRED_SA,FRED(OECD转载财务省),VALIDATED_MIRROR,,TRADE_OECD_SA,2026-09-05,LATEST_HISTORY_PROXY,PROXY,CURRENT_HISTORY_ONLY_NO_VINTAGE,false,true,true
