date,period,value,value_raw,unit,freq,source,provider,source_type,definition_regime,note,value_available_date,vintage_type,release_rule_status,vintage_evidence,historical_realtime_eligible,post_vad_eligible,source_validity_eligible
1955-02-28,1955-02,0.0,0.0,"2015=100指数(OECD,对照)",M,CPIALL_FRED,FRED(OECD转载总务省),VALIDATED_MIRROR,,,2026-09-05,LATEST_HISTORY_PROXY,PROXY,CURRENT_HISTORY_ONLY_NO_VINTAGE,false,true,true
1955-03-31,1955-03,-0.6437768239710889,-0.6437768239710889,"2015=100指数(OECD,对照)",M,CPIALL_FRED,FRED(OECD转载总务省),VALIDATED_MIRROR,,,2026-09-05,LATEST_HISTORY_PROXY,PROXY,CURRENT_HISTORY_ONLY_NO_VINTAGE,false,true,true
1955-04-30,1955-04,0.863930885509212,0.863930885509212,"2015=100指数(OECD,对照)",M,CPIALL_FRED,FRED(OECD转载总务省),VALIDATED_MIRROR,,,2026-09-05,LATEST_HISTORY_PROXY,PROXY,CURRENT_HISTORY_ONLY_NO_VINTAGE,false,true,true
1955-05-31,1955-05,-0.96359743040914,-0.96359743040914,"2015=100指数(OECD,对照)",M,CPIALL_FRED,FRED(OECD转载总务省),VALIDATED_MIRROR,,,2026-09-05,LATEST_HISTORY_PROXY,PROXY,CURRENT_HISTORY_ONLY_NO_VINTAGE,false,true,true
1955-06-30,1955-06,0.10810810813021698,0.10810810813021698,"2015=100指数(OECD,对照)",M,CPIALL_FRED,FRED(OECD转载总务省),VALIDATED_MIRROR,,,2026-09-05,LATEST_HISTORY_PROXY,PROXY,CURRENT_HISTORY_ONLY_NO_VINTAGE,false,true,true
1955-07-31,1955-07,-0.43196544285282396,-0.43196544285282396,"2015=100指数(OECD,对照)",M,CPIALL_FRED,FRED(OECD转载总务省),VALIDATED_MIRROR,,,2026-09-05,LATEST_HISTORY_PROXY,PROXY,CURRENT_HISTORY_ONLY_NO_VINTAGE,false,true,true
1955-08-31,1955-08,0.650759219222456,0.650759219222456,"2015=100指数(OECD,对照)",M,CPIALL_FRED,FRED(OECD转载总务省),VALIDATED_MIRROR,,,2026-09-05,LATEST_HISTORY_PROXY,PROXY,CURRENT_HISTORY_ONLY_NO_VINTAGE,false,true,true
1955-09-30,1955-09,0.43103448265047295,0.43103448265047295,"2015=100指数(OECD,对照)",M,CPIALL_FRED,FRED(OECD转载总务省),VALIDATED_MIRROR,,,2026-09-05,LATEST_HISTORY_PROXY,PROXY,CURRENT_HISTORY_ONLY_NO_VINTAGE,false,true,true
1955-10-31,1955-10,0.643776823971105,0.643776823971105,"2015=100指数(OECD,对照)",M,CPIALL_FRED,FRED(OECD转载总务省),VALIDATED_MIRROR,,,2026-09-05,LATEST_HISTORY_PROXY,PROXY,CURRENT_HISTORY_ONLY_NO_VINTAGE,false,true,true
1955-11-30,1955-11,-2.3454157781519505,-2.3454157781519505,"2015=100指数(OECD,对照)",M,CPIALL_FRED,FRED(OECD转载总务省),VALIDATED_MIRROR,,,2026-09-05,LATEST_HISTORY_PROXY,PROXY,CURRENT_HISTORY_ONLY_NO_VINTAGE,false,true,true
1955-12-31,1955-12,-0.43668122279675603,-0.43668122279675603,"2015=100指数(OECD,对照)",M,CPIALL_FRED,FRED(OECD转载总务省),VALIDATED_MIRROR,,,2026-09-05,LATEST_HISTORY_PROXY,PROXY,CURRENT_HISTORY_ONLY_NO_VINTAGE,false,true,true
1956-01-31,1956-01,0.548245614147714,0.548245614147714,"2015=100指数(OECD,对照)",M,CPIALL_FRED,FRED(OECD转载总务省),VALIDATED_MIRROR,,,2026-09-05,LATEST_HISTORY_PROXY,PROXY,CURRENT_HISTORY_ONLY_NO_VINTAGE,false,true,true
1956-02-29,1956-02,0.8724100326952701,0.8724100326952701,"2015=100指数(OECD,对照)",M,CPIALL_FRED,FRED(OECD转载总务省),VALIDATED_MIRROR,,,2026-09-05,LATEST_HISTORY_PROXY,PROXY,CURRENT_HISTORY_ONLY_NO_VINTAGE,false,true,true
1956-03-31,1956-03,0.21621621626043397,0.21621621626043397,"2015=100指数(OECD,对照)",M,CPIALL_FRED,FRED(OECD转载总务省),VALIDATED_MIRROR,,,2026-09-05,LATEST_HISTORY_PROXY,PROXY,CURRENT_HISTORY_ONLY_NO_VINTAGE,false,true,true
1956-04-30,1956-04,0.21574973016064003,0.21574973016064003,"2015=100指数(OECD,对照)",M,CPIALL_FRED,FRED(OECD转载总务省),VALIDATED_MIRROR,,,2026-09-05,LATEST_HISTORY_PROXY,PROXY,CURRENT_HISTORY_ONLY_NO_VINTAGE,false,true,true
1956-05-31,1956-05,-0.43057050581306205,-0.43057050581306205,"2015=100指数(OECD,对照)",M,CPIALL_FRED,FRED(OECD转载总务省),VALIDATED_MIRROR,,,2026-09-05,LATEST_HISTORY_PROXY,PROXY,CURRENT_HISTORY_ONLY_NO_VINTAGE,false,true,true
1956-06-30,1956-06,2.0540540540808303,2.0540540540808303,"2015=100指数(OECD,对照)",M,CPIALL_FRED,FRED(OECD转载总务省),VALIDATED_MIRROR,,,2026-09-05,LATEST_HISTORY_PROXY,PROXY,CURRENT_HISTORY_ONLY_NO_VINTAGE,false,true,true
1956-07-31,1956-07,-2.01271186443249,-2.01271186443249,"2015=100指数(OECD,对照)",M,CPIALL_FRED,FRED(OECD转载总务省),VALIDATED_MIRROR,,,2026-09-05,LATEST_HISTORY_PROXY,PROXY,CURRENT_HISTORY_ONLY_NO_VINTAGE,false,true,true
1956-08-31,1956-08,0.540540540454437,0.540540540454437,"2015=100指数(OECD,对照)",M,CPIALL_FRED,FRED(OECD转载总务省),VALIDATED_MIRROR,,,2026-09-05,LATEST_HISTORY_PROXY,PROXY,CURRENT_HISTORY_ONLY_NO_VINTAGE,false,true,true
1956-09-30,1956-09,0.8602150537445241,0.8602150537445241,"2015=100指数(OECD,对照)",M,CPIALL_FRED,FRED(OECD转载总务省),VALIDATED_MIRROR,,,2026-09-05,LATEST_HISTORY_PROXY,PROXY,CURRENT_HISTORY_ONLY_NO_VINTAGE,false,true,true
1956-10-31,1956-10,0.5330490406212971,0.5330490406212971,"2015=100指数(OECD,对照)",M,CPIALL_FRED,FRED(OECD转载总务省),VALIDATED_MIRROR,,,2026-09-05,LATEST_HISTORY_PROXY,PROXY,CURRENT_HISTORY_ONLY_NO_VINTAGE,false,true,true
1956-11-30,1956-11,-1.6967126192612498,-1.6967126192612498,"2015=100指数(OECD,对照)",M,CPIALL_FRED,FRED(OECD转载总务省),VALIDATED_MIRROR,,,2026-09-05,LATEST_HISTORY_PROXY,PROXY,CURRENT_HISTORY_ONLY_NO_VINTAGE,false,true,true
1956-12-31,1956-12,1.07874865158812,1.07874865158812,"2015=100指数(OECD,对照)",M,CPIALL_FRED,FRED(OECD转载总务省),VALIDATED_MIRROR,,,2026-09-05,LATEST_HISTORY_PROXY,PROXY,CURRENT_HISTORY_ONLY_NO_VINTAGE,false,true,true
1957-01-31,1957-01,1.06723585895414,1.06723585895414,"2015=100指数(OECD,对照)",M,CPIALL_FRED,FRED(OECD转载总务省),VALIDATED_MIRROR,,,2026-09-05,LATEST_HISTORY_PROXY,PROXY,CURRENT_HISTORY_ONLY_NO_VINTAGE,false,true,true
1957-02-28,1957-02,-0.21119324166758605,-0.21119324166758605,"2015=100指数(OECD,对照)",M,CPIALL_FRED,FRED(OECD转载总务省),VALIDATED_MIRROR,,,2026-09-05,LATEST_HISTORY_PROXY,PROXY,CURRENT_HISTORY_ONLY_NO_VINTAGE,false,true,true
1957-03-31,1957-03,0.317460317332602,0.317460317332602,"2015=100指数(OECD,对照)",M,CPIALL_FRED,FRED(OECD转载总务省),VALIDATED_MIRROR,,,2026-09-05,LATEST_HISTORY_PROXY,PROXY,CURRENT_HISTORY_ONLY_NO_VINTAGE,false,true,true
1957-04-30,1957-04,0.6329113925350021,0.6329113925350021,"2015=100指数(OECD,对照)",M,CPIALL_FRED,FRED(OECD转载总务省),VALIDATED_MIRROR,,,2026-09-05,LATEST_HISTORY_PROXY,PROXY,CURRENT_HISTORY_ONLY_NO_VINTAGE,false,true,true
1957-05-31,1957-05,0.838574423460508,0.838574423460508,"2015=100指数(OECD,对照)",M,CPIALL_FRED,FRED(OECD转载总务省),VALIDATED_MIRROR,,,2026-09-05,LATEST_HISTORY_PROXY,PROXY,CURRENT_HISTORY_ONLY_NO_VINTAGE,false,true,true
1957-06-30,1957-06,-0.31185031191401,-0.31185031191401,"2015=100指数(OECD,对照)",M,CPIALL_FRED,FRED(OECD转载总务省),VALIDATED_MIRROR,,,2026-09-05,LATEST_HISTORY_PROXY,PROXY,CURRENT_HISTORY_ONLY_NO_VINTAGE,false,true,true
1957-07-31,1957-07,1.1470281543727299,1.1470281543727299,"2015=100指数(OECD,对照)",M,CPIALL_FRED,FRED(OECD转载总务省),VALIDATED_MIRROR,,,2026-09-05,LATEST_HISTORY_PROXY,PROXY,CURRENT_HISTORY_ONLY_NO_VINTAGE,false,true,true
1957-08-31,1957-08,0.72164948449606,0.72164948449606,"2015=100指数(OECD,对照)",M,CPIALL_FRED,FRED(OECD转载总务省),VALIDATED_MIRROR,,,2026-09-05,LATEST_HISTORY_PROXY,PROXY,CURRENT_HISTORY_ONLY_NO_VINTAGE,false,true,true
1957-09-30,1957-09,-0.511770726633058,-0.511770726633058,"2015=100指数(OECD,对照)",M,CPIALL_FRED,FRED(OECD转载总务省),VALIDATED_MIRROR,,,2026-09-05,LATEST_HISTORY_PROXY,PROXY,CURRENT_HISTORY_ONLY_NO_VINTAGE,false,true,true
1957-10-31,1957-10,-0.30864197537161403,-0.30864197537161403,"2015=100指数(OECD,对照)",M,CPIALL_FRED,FRED(OECD转载总务省),VALIDATED_MIRROR,,,2026-09-05,LATEST_HISTORY_PROXY,PROXY,CURRENT_HISTORY_ONLY_NO_VINTAGE,false,true,true
1957-11-30,1957-11,-1.34158926737264,-1.34158926737264,"2015=100指数(OECD,对照)",M,CPIALL_FRED,FRED(OECD转载总务省),VALIDATED_MIRROR,,,2026-09-05,LATEST_HISTORY_PROXY,PROXY,CURRENT_HISTORY_ONLY_NO_VINTAGE,false,true,true
1957-12-31,1957-12,-0.20920502077321898,-0.20920502077321898,"2015=100指数(OECD,对照)",M,CPIALL_FRED,FRED(OECD转载总务省),VALIDATED_MIRROR,,,2026-09-05,LATEST_HISTORY_PROXY,PROXY,CURRENT_HISTORY_ONLY_NO_VINTAGE,false,true,true
1958-01-31,1958-01,0.20964360572211999,0.20964360572211999,"2015=100指数(OECD,对照)",M,CPIALL_FRED,FRED(OECD转载总务省),VALIDATED_MIRROR,,,2026-09-05,LATEST_HISTORY_PROXY,PROXY,CURRENT_HISTORY_ONLY_NO_VINTAGE,false,true,true
1958-02-28,1958-02,-0.8368200836636929,-0.8368200836636929,"2015=100指数(OECD,对照)",M,CPIALL_FRED,FRED(OECD转载总务省),VALIDATED_MIRROR,,,2026-09-05,LATEST_HISTORY_PROXY,PROXY,CURRENT_HISTORY_ONLY_NO_VINTAGE,false,true,true
1958-03-31,1958-03,-0.421940928164806,-0.421940928164806,"2015=100指数(OECD,对照)",M,CPIALL_FRED,FRED(OECD转载总务省),VALIDATED_MIRROR,,,2026-09-05,LATEST_HISTORY_PROXY,PROXY,CURRENT_HISTORY_ONLY_NO_VINTAGE,false,true,true
1958-04-30,1958-04,0.423728813453193,0.423728813453193,"2015=100指数(OECD,对照)",M,CPIALL_FRED,FRED(OECD转载总务省),VALIDATED_MIRROR,,,2026-09-05,LATEST_HISTORY_PROXY,PROXY,CURRENT_HISTORY_ONLY_NO_VINTAGE,false,true,true
1958-05-31,1958-05,-0.10548523208916699,-0.10548523208916699,"2015=100指数(OECD,对照)",M,CPIALL_FRED,FRED(OECD转载总务省),VALIDATED_MIRROR,,,2026-09-05,LATEST_HISTORY_PROXY,PROXY,CURRENT_HISTORY_ONLY_NO_VINTAGE,false,true,true
1958-06-30,1958-06,1.16156283003608,1.16156283003608,"2015=100指数(OECD,对照)",M,CPIALL_FRED,FRED(OECD转载总务省),VALIDATED_MIRROR,,,2026-09-05,LATEST_HISTORY_PROXY,PROXY,CURRENT_HISTORY_ONLY_NO_VINTAGE,false,true,true
1958-07-31,1958-07,-0.417536534342509,-0.417536534342509,"2015=100指数(OECD,对照)",M,CPIALL_FRED,FRED(OECD转载总务省),VALIDATED_MIRROR,,,2026-09-05,LATEST_HISTORY_PROXY,PROXY,CURRENT_HISTORY_ONLY_NO_VINTAGE,false,true,true
1958-08-31,1958-08,1.04821802937328,1.04821802937328,"2015=100指数(OECD,对照)",M,CPIALL_FRED,FRED(OECD转载总务省),VALIDATED_MIRROR,,,2026-09-05,LATEST_HISTORY_PROXY,PROXY,CURRENT_HISTORY_ONLY_NO_VINTAGE,false,true,true
1958-09-30,1958-09,-0.5186721992758211,-0.5186721992758211,"2015=100指数(OECD,对照)",M,CPIALL_FRED,FRED(OECD转载总务省),VALIDATED_MIRROR,,,2026-09-05,LATEST_HISTORY_PROXY,PROXY,CURRENT_HISTORY_ONLY_NO_VINTAGE,false,true,true
1958-10-31,1958-10,0.834202294037514,0.834202294037514,"2015=100指数(OECD,对照)",M,CPIALL_FRED,FRED(OECD转载总务省),VALIDATED_MIRROR,,,2026-09-05,LATEST_HISTORY_PROXY,PROXY,CURRENT_HISTORY_ONLY_NO_VINTAGE,false,true,true
1958-11-30,1958-11,-1.0341261634158598,-1.0341261634158598,"2015=100指数(OECD,对照)",M,CPIALL_FRED,FRED(OECD转载总务省),VALIDATED_MIRROR,,,2026-09-05,LATEST_HISTORY_PROXY,PROXY,CURRENT_HISTORY_ONLY_NO_VINTAGE,false,true,true
1958-12-31,1958-12,-0.104493207962934,-0.104493207962934,"2015=100指数(OECD,对照)",M,CPIALL_FRED,FRED(OECD转载总务省),VALIDATED_MIRROR,,,2026-09-05,LATEST_HISTORY_PROXY,PROXY,CURRENT_HISTORY_ONLY_NO_VINTAGE,false,true,true
1959-01-31,1959-01,0.10460251048174601,0.10460251048174601,"2015=100指数(OECD,对照)",M,CPIALL_FRED,FRED(OECD转载总务省),VALIDATED_MIRROR,,,2026-09-05,LATEST_HISTORY_PROXY,PROXY,CURRENT_HISTORY_ONLY_NO_VINTAGE,false,true,true
1959-02-28,1959-02,-0.41797283166166105,-0.41797283166166105,"2015=100指数(OECD,对照)",M,CPIALL_FRED,FRED(OECD转载总务省),VALIDATED_MIRROR,,,2026-09-05,LATEST_HISTORY_PROXY,PROXY,CURRENT_HISTORY_ONLY_NO_VINTAGE,false,true,true
1959-03-31,1959-03,0.314795382874468,0.314795382874468,"2015=100指数(OECD,对照)",M,CPIALL_FRED,FRED(OECD转载总务省),VALIDATED_MIRROR,,,2026-09-05,LATEST_HISTORY_PROXY,PROXY,CURRENT_HISTORY_ONLY_NO_VINTAGE,false,true,true
1959-04-30,1959-04,0.523012552408728,0.523012552408728,"2015=100指数(OECD,对照)",M,CPIALL_FRED,FRED(OECD转载总务省),VALIDATED_MIRROR,,,2026-09-05,LATEST_HISTORY_PROXY,PROXY,CURRENT_HISTORY_ONLY_NO_VINTAGE,false,true,true
1959-05-31,1959-05,-0.7284079083883379,-0.7284079083883379,"2015=100指数(OECD,对照)",M,CPIALL_FRED,FRED(OECD转载总务省),VALIDATED_MIRROR,,,2026-09-05,LATEST_HISTORY_PROXY,PROXY,CURRENT_HISTORY_ONLY_NO_VINTAGE,false,true,true
1959-06-30,1959-06,0.7337526205040971,0.7337526205040971,"2015=100指数(OECD,对照)",M,CPIALL_FRED,FRED(OECD转载总务省),VALIDATED_MIRROR,,,2026-09-05,LATEST_HISTORY_PROXY,PROXY,CURRENT_HISTORY_ONLY_NO_VINTAGE,false,true,true
1959-07-31,1959-07,0.10405827265396199,0.10405827265396199,"2015=100指数(OECD,对照)",M,CPIALL_FRED,FRED(OECD转载总务省),VALIDATED_MIRROR,,,2026-09-05,LATEST_HISTORY_PROXY,PROXY,CURRENT_HISTORY_ONLY_NO_VINTAGE,false,true,true
1959-08-31,1959-08,1.5592515591918001,1.5592515591918001,"2015=100指数(OECD,对照)",M,CPIALL_FRED,FRED(OECD转载总务省),VALIDATED_MIRROR,,,2026-09-05,LATEST_HISTORY_PROXY,PROXY,CURRENT_HISTORY_ONLY_NO_VINTAGE,false,true,true
1959-09-30,1959-09,-0.92118730808845,-0.92118730808845,"2015=100指数(OECD,对照)",M,CPIALL_FRED,FRED(OECD转载总务省),VALIDATED_MIRROR,,,2026-09-05,LATEST_HISTORY_PROXY,PROXY,CURRENT_HISTORY_ONLY_NO_VINTAGE,false,true,true
1959-10-31,1959-10,1.34297520669872,1.34297520669872,"2015=100指数(OECD,对照)",M,CPIALL_FRED,FRED(OECD转载总务省),VALIDATED_MIRROR,,,2026-09-05,LATEST_HISTORY_PROXY,PROXY,CURRENT_HISTORY_ONLY_NO_VINTAGE,false,true,true
1959-11-30,1959-11,-0.509683996026483,-0.509683996026483,"2015=100指数(OECD,对照)",M,CPIALL_FRED,FRED(OECD转载总务省),VALIDATED_MIRROR,,,2026-09-05,LATEST_HISTORY_PROXY,PROXY,CURRENT_HISTORY_ONLY_NO_VINTAGE,false,true,true
1959-12-31,1959-12,0.0,0.0,"2015=100指数(OECD,对照)",M,CPIALL_FRED,FRED(OECD转载总务省),VALIDATED_MIRROR,,,2026-09-05,LATEST_HISTORY_PROXY,PROXY,CURRENT_HISTORY_ONLY_NO_VINTAGE,false,true,true
1960-01-31,1960-01,1.22950819678699,1.22950819678699,"2015=100指数(OECD,对照)",M,CPIALL_FRED,FRED(OECD转载总务省),VALIDATED_MIRROR,,,2026-09-05,LATEST_HISTORY_PROXY,PROXY,CURRENT_HISTORY_ONLY_NO_VINTAGE,false,true,true
1960-02-29,1960-02,0.101214574919469,0.101214574919469,"2015=100指数(OECD,对照)",M,CPIALL_FRED,FRED(OECD转载总务省),VALIDATED_MIRROR,,,2026-09-05,LATEST_HISTORY_PROXY,PROXY,CURRENT_HISTORY_ONLY_NO_VINTAGE,false,true,true
1960-03-31,1960-03,-0.303336703803079,-0.303336703803079,"2015=100指数(OECD,对照)",M,CPIALL_FRED,FRED(OECD转载总务省),VALIDATED_MIRROR,,,2026-09-05,LATEST_HISTORY_PROXY,PROXY,CURRENT_HISTORY_ONLY_NO_VINTAGE,false,true,true
1960-04-30,1960-04,0.608519269717,0.608519269717,"2015=100指数(OECD,对照)",M,CPIALL_FRED,FRED(OECD转载总务省),VALIDATED_MIRROR,,,2026-09-05,LATEST_HISTORY_PROXY,PROXY,CURRENT_HISTORY_ONLY_NO_VINTAGE,false,true,true
1960-05-31,1960-05,0.90725806360226,0.90725806360226,"2015=100指数(OECD,对照)",M,CPIALL_FRED,FRED(OECD转载总务省),VALIDATED_MIRROR,,,2026-09-05,LATEST_HISTORY_PROXY,PROXY,CURRENT_HISTORY_ONLY_NO_VINTAGE,false,true,true
1960-06-30,1960-06,-0.39960039859577096,-0.39960039859577096,"2015=100指数(OECD,对照)",M,CPIALL_FRED,FRED(OECD转载总务省),VALIDATED_MIRROR,,,2026-09-05,LATEST_HISTORY_PROXY,PROXY,CURRENT_HISTORY_ONLY_NO_VINTAGE,false,true,true
1960-07-31,1960-07,-0.100300902728635,-0.100300902728635,"2015=100指数(OECD,对照)",M,CPIALL_FRED,FRED(OECD转载总务省),VALIDATED_MIRROR,,,2026-09-05,LATEST_HISTORY_PROXY,PROXY,CURRENT_HISTORY_ONLY_NO_VINTAGE,false,true,true
1960-08-31,1960-08,0.803212850108881,0.803212850108881,"2015=100指数(OECD,对照)",M,CPIALL_FRED,FRED(OECD转载总务省),VALIDATED_MIRROR,,,2026-09-05,LATEST_HISTORY_PROXY,PROXY,CURRENT_HISTORY_ONLY_NO_VINTAGE,false,true,true
1960-09-30,1960-09,0.7968127491772309,0.7968127491772309,"2015=100指数(OECD,对照)",M,CPIALL_FRED,FRED(OECD转载总务省),VALIDATED_MIRROR,,,2026-09-05,LATEST_HISTORY_PROXY,PROXY,CURRENT_HISTORY_ONLY_NO_VINTAGE,false,true,true
1960-10-31,1960-10,0.494071146711095,0.494071146711095,"2015=100指数(OECD,对照)",M,CPIALL_FRED,FRED(OECD转载总务省),VALIDATED_MIRROR,,,2026-09-05,LATEST_HISTORY_PROXY,PROXY,CURRENT_HISTORY_ONLY_NO_VINTAGE,false,true,true
1960-11-30,1960-11,-1.37659783634992,-1.37659783634992,"2015=100指数(OECD,对照)",M,CPIALL_FRED,FRED(OECD转载总务省),VALIDATED_MIRROR,,,2026-09-05,LATEST_HISTORY_PROXY,PROXY,CURRENT_HISTORY_ONLY_NO_VINTAGE,false,true,true
1960-12-31,1960-12,0.797607178629504,0.797607178629504,"2015=100指数(OECD,对照)",M,CPIALL_FRED,FRED(OECD转载总务省),VALIDATED_MIRROR,,,2026-09-05,LATEST_HISTORY_PROXY,PROXY,CURRENT_HISTORY_ONLY_NO_VINTAGE,false,true,true
1961-01-31,1961-01,1.38476755643873,1.38476755643873,"2015=100指数(OECD,对照)",M,CPIALL_FRED,FRED(OECD转载总务省),VALIDATED_MIRROR,,,2026-09-05,LATEST_HISTORY_PROXY,PROXY,CURRENT_HISTORY_ONLY_NO_VINTAGE,false,true,true
1961-02-28,1961-02,0.48780487850585497,0.48780487850585497,"2015=100指数(OECD,对照)",M,CPIALL_FRED,FRED(OECD转载总务省),VALIDATED_MIRROR,,,2026-09-05,LATEST_HISTORY_PROXY,PROXY,CURRENT_HISTORY_ONLY_NO_VINTAGE,false,true,true
1961-03-31,1961-03,-0.19417475802773998,-0.19417475802773998,"2015=100指数(OECD,对照)",M,CPIALL_FRED,FRED(OECD转载总务省),VALIDATED_MIRROR,,,2026-09-05,LATEST_HISTORY_PROXY,PROXY,CURRENT_HISTORY_ONLY_NO_VINTAGE,false,true,true
1961-04-30,1961-04,0.972762645413174,0.972762645413174,"2015=100指数(OECD,对照)",M,CPIALL_FRED,FRED(OECD转载总务省),VALIDATED_MIRROR,,,2026-09-05,LATEST_HISTORY_PROXY,PROXY,CURRENT_HISTORY_ONLY_NO_VINTAGE,false,true,true
1961-05-31,1961-05,-0.48169556745400705,-0.48169556745400705,"2015=100指数(OECD,对照)",M,CPIALL_FRED,FRED(OECD转载总务省),VALIDATED_MIRROR,,,2026-09-05,LATEST_HISTORY_PROXY,PROXY,CURRENT_HISTORY_ONLY_NO_VINTAGE,false,true,true
1961-06-30,1961-06,0.0,0.0,"2015=100指数(OECD,对照)",M,CPIALL_FRED,FRED(OECD转载总务省),VALIDATED_MIRROR,,,2026-09-05,LATEST_HISTORY_PROXY,PROXY,CURRENT_HISTORY_ONLY_NO_VINTAGE,false,true,true
1961-07-31,1961-07,1.64569215804631,1.64569215804631,"2015=100指数(OECD,对照)",M,CPIALL_FRED,FRED(OECD转载总务省),VALIDATED_MIRROR,,,2026-09-05,LATEST_HISTORY_PROXY,PROXY,CURRENT_HISTORY_ONLY_NO_VINTAGE,false,true,true
1961-08-31,1961-08,0.7619047620684409,0.7619047620684409,"2015=100指数(OECD,对照)",M,CPIALL_FRED,FRED(OECD转载总务省),VALIDATED_MIRROR,,,2026-09-05,LATEST_HISTORY_PROXY,PROXY,CURRENT_HISTORY_ONLY_NO_VINTAGE,false,true,true
1961-09-30,1961-09,0.567107751281189,0.567107751281189,"2015=100指数(OECD,对照)",M,CPIALL_FRED,FRED(OECD转载总务省),VALIDATED_MIRROR,,,2026-09-05,LATEST_HISTORY_PROXY,PROXY,CURRENT_HISTORY_ONLY_NO_VINTAGE,false,true,true
1961-10-31,1961-10,2.1616541354398997,2.1616541354398997,"2015=100指数(OECD,对照)",M,CPIALL_FRED,FRED(OECD转载总务省),VALIDATED_MIRROR,,,2026-09-05,LATEST_HISTORY_PROXY,PROXY,CURRENT_HISTORY_ONLY_NO_VINTAGE,false,true,true
1961-11-30,1961-11,0.459981599825826,0.459981599825826,"2015=100指数(OECD,对照)",M,CPIALL_FRED,FRED(OECD转载总务省),VALIDATED_MIRROR,,,2026-09-05,LATEST_HISTORY_PROXY,PROXY,CURRENT_HISTORY_ONLY_NO_VINTAGE,false,true,true
1961-12-31,1961-12,0.915750916612466,0.915750916612466,"2015=100指数(OECD,对照)",M,CPIALL_FRED,FRED(OECD转载总务省),VALIDATED_MIRROR,,,2026-09-05,LATEST_HISTORY_PROXY,PROXY,CURRENT_HISTORY_ONLY_NO_VINTAGE,false,true,true
1962-01-31,1962-01,0.63520871123364,0.63520871123364,"2015=100指数(OECD,对照)",M,CPIALL_FRED,FRED(OECD转载总务省),VALIDATED_MIRROR,,,2026-09-05,LATEST_HISTORY_PROXY,PROXY,CURRENT_HISTORY_ONLY_NO_VINTAGE,false,true,true
1962-02-28,1962-02,-0.360685302148467,-0.360685302148467,"2015=100指数(OECD,对照)",M,CPIALL_FRED,FRED(OECD转载总务省),VALIDATED_MIRROR,,,2026-09-05,LATEST_HISTORY_PROXY,PROXY,CURRENT_HISTORY_ONLY_NO_VINTAGE,false,true,true
1962-03-31,1962-03,0.18099547449220002,0.18099547449220002,"2015=100指数(OECD,对照)",M,CPIALL_FRED,FRED(OECD转载总务省),VALIDATED_MIRROR,,,2026-09-05,LATEST_HISTORY_PROXY,PROXY,CURRENT_HISTORY_ONLY_NO_VINTAGE,false,true,true
1962-04-30,1962-04,1.08401084033995,1.08401084033995,"2015=100指数(OECD,对照)",M,CPIALL_FRED,FRED(OECD转载总务省),VALIDATED_MIRROR,,,2026-09-05,LATEST_HISTORY_PROXY,PROXY,CURRENT_HISTORY_ONLY_NO_VINTAGE,false,true,true
1962-05-31,1962-05,0.536193030254148,0.536193030254148,"2015=100指数(OECD,对照)",M,CPIALL_FRED,FRED(OECD转载总务省),VALIDATED_MIRROR,,,2026-09-05,LATEST_HISTORY_PROXY,PROXY,CURRENT_HISTORY_ONLY_NO_VINTAGE,false,true,true
1962-06-30,1962-06,-0.35555555562799,-0.35555555562799,"2015=100指数(OECD,对照)",M,CPIALL_FRED,FRED(OECD转载总务省),VALIDATED_MIRROR,,,2026-09-05,LATEST_HISTORY_PROXY,PROXY,CURRENT_HISTORY_ONLY_NO_VINTAGE,false,true,true
1962-07-31,1962-07,0.9812667260134781,0.9812667260134781,"2015=100指数(OECD,对照)",M,CPIALL_FRED,FRED(OECD转载总务省),VALIDATED_MIRROR,,,2026-09-05,LATEST_HISTORY_PROXY,PROXY,CURRENT_HISTORY_ONLY_NO_VINTAGE,false,true,true
1962-08-31,1962-08,0.0,0.0,"2015=100指数(OECD,对照)",M,CPIALL_FRED,FRED(OECD转载总务省),VALIDATED_MIRROR,,,2026-09-05,LATEST_HISTORY_PROXY,PROXY,CURRENT_HISTORY_ONLY_NO_VINTAGE,false,true,true
1962-09-30,1962-09,-0.353356890532055,-0.353356890532055,"2015=100指数(OECD,对照)",M,CPIALL_FRED,FRED(OECD转载总务省),VALIDATED_MIRROR,,,2026-09-05,LATEST_HISTORY_PROXY,PROXY,CURRENT_HISTORY_ONLY_NO_VINTAGE,false,true,true
1962-10-31,1962-10,0.7978723396226759,0.7978723396226759,"2015=100指数(OECD,对照)",M,CPIALL_FRED,FRED(OECD转载总务省),VALIDATED_MIRROR,,,2026-09-05,LATEST_HISTORY_PROXY,PROXY,CURRENT_HISTORY_ONLY_NO_VINTAGE,false,true,true
1962-11-30,1962-11,-0.351802990400834,-0.351802990400834,"2015=100指数(OECD,对照)",M,CPIALL_FRED,FRED(OECD转载总务省),VALIDATED_MIRROR,,,2026-09-05,LATEST_HISTORY_PROXY,PROXY,CURRENT_HISTORY_ONLY_NO_VINTAGE,false,true,true
1962-12-31,1962-12,2.03000882624096,2.03000882624096,"2015=100指数(OECD,对照)",M,CPIALL_FRED,FRED(OECD转载总务省),VALIDATED_MIRROR,,,2026-09-05,LATEST_HISTORY_PROXY,PROXY,CURRENT_HISTORY_ONLY_NO_VINTAGE,false,true,true
1963-01-31,1963-01,1.64359861595397,1.64359861595397,"2015=100指数(OECD,对照)",M,CPIALL_FRED,FRED(OECD转载总务省),VALIDATED_MIRROR,,,2026-09-05,LATEST_HISTORY_PROXY,PROXY,CURRENT_HISTORY_ONLY_NO_VINTAGE,false,true,true
1963-02-28,1963-02,0.45248868787592106,0.45248868787592106,"2015=100指数(OECD,对照)",M,CPIALL_FRED,FRED(OECD转载总务省),VALIDATED_MIRROR,,,2026-09-05,LATEST_HISTORY_PROXY,PROXY,CURRENT_HISTORY_ONLY_NO_VINTAGE,false,true,true
1963-03-31,1963-03,0.450450450542716,0.450450450542716,"2015=100指数(OECD,对照)",M,CPIALL_FRED,FRED(OECD转载总务省),VALIDATED_MIRROR,,,2026-09-05,LATEST_HISTORY_PROXY,PROXY,CURRENT_HISTORY_ONLY_NO_VINTAGE,false,true,true
1963-04-30,1963-04,0.448430493161067,0.448430493161067,"2015=100指数(OECD,对照)",M,CPIALL_FRED,FRED(OECD转载总务省),VALIDATED_MIRROR,,,2026-09-05,LATEST_HISTORY_PROXY,PROXY,CURRENT_HISTORY_ONLY_NO_VINTAGE,false,true,true
1963-05-31,1963-05,0.7812499999571751,0.7812499999571751,"2015=100指数(OECD,对照)",M,CPIALL_FRED,FRED(OECD转载总务省),VALIDATED_MIRROR,,,2026-09-05,LATEST_HISTORY_PROXY,PROXY,CURRENT_HISTORY_ONLY_NO_VINTAGE,false,true,true
1963-06-30,1963-06,0.775193798608893,0.775193798608893,"2015=100指数(OECD,对照)",M,CPIALL_FRED,FRED(OECD转载总务省),VALIDATED_MIRROR,,,2026-09-05,LATEST_HISTORY_PROXY,PROXY,CURRENT_HISTORY_ONLY_NO_VINTAGE,false,true,true
1963-07-31,1963-07,-0.659340659475095,-0.659340659475095,"2015=100指数(OECD,对照)",M,CPIALL_FRED,FRED(OECD转载总务省),VALIDATED_MIRROR,,,2026-09-05,LATEST_HISTORY_PROXY,PROXY,CURRENT_HISTORY_ONLY_NO_VINTAGE,false,true,true
1963-08-31,1963-08,-0.331858406946544,-0.331858406946544,"2015=100指数(OECD,对照)",M,CPIALL_FRED,FRED(OECD转载总务省),VALIDATED_MIRROR,,,2026-09-05,LATEST_HISTORY_PROXY,PROXY,CURRENT_HISTORY_ONLY_NO_VINTAGE,false,true,true
1963-09-30,1963-09,1.9977802441767298,1.9977802441767298,"2015=100指数(OECD,对照)",M,CPIALL_FRED,FRED(OECD转载总务省),VALIDATED_MIRROR,,,2026-09-05,LATEST_HISTORY_PROXY,PROXY,CURRENT_HISTORY_ONLY_NO_VINTAGE,false,true,true
1963-10-31,1963-10,-0.32644178461497,-0.32644178461497,"2015=100指数(OECD,对照)",M,CPIALL_FRED,FRED(OECD转载总务省),VALIDATED_MIRROR,,,2026-09-05,LATEST_HISTORY_PROXY,PROXY,CURRENT_HISTORY_ONLY_NO_VINTAGE,false,true,true
1963-11-30,1963-11,-0.4366812227967489,-0.4366812227967489,"2015=100指数(OECD,对照)",M,CPIALL_FRED,FRED(OECD转载总务省),VALIDATED_MIRROR,,,2026-09-05,LATEST_HISTORY_PROXY,PROXY,CURRENT_HISTORY_ONLY_NO_VINTAGE,false,true,true
1963-12-31,1963-12,0.43859649131817996,0.43859649131817996,"2015=100指数(OECD,对照)",M,CPIALL_FRED,FRED(OECD转载总务省),VALIDATED_MIRROR,,,2026-09-05,LATEST_HISTORY_PROXY,PROXY,CURRENT_HISTORY_ONLY_NO_VINTAGE,false,true,true
1964-01-31,1964-01,0.109170305699184,0.109170305699184,"2015=100指数(OECD,对照)",M,CPIALL_FRED,FRED(OECD转载总务省),VALIDATED_MIRROR,,,2026-09-05,LATEST_HISTORY_PROXY,PROXY,CURRENT_HISTORY_ONLY_NO_VINTAGE,false,true,true
1964-02-29,1964-02,-0.109051254111701,-0.109051254111701,"2015=100指数(OECD,对照)",M,CPIALL_FRED,FRED(OECD转载总务省),VALIDATED_MIRROR,,,2026-09-05,LATEST_HISTORY_PROXY,PROXY,CURRENT_HISTORY_ONLY_NO_VINTAGE,false,true,true
1964-03-31,1964-03,0.43668122259816294,0.43668122259816294,"2015=100指数(OECD,对照)",M,CPIALL_FRED,FRED(OECD转载总务省),VALIDATED_MIRROR,,,2026-09-05,LATEST_HISTORY_PROXY,PROXY,CURRENT_HISTORY_ONLY_NO_VINTAGE,false,true,true
1964-04-30,1964-04,1.19565217396118,1.19565217396118,"2015=100指数(OECD,对照)",M,CPIALL_FRED,FRED(OECD转载总务省),VALIDATED_MIRROR,,,2026-09-05,LATEST_HISTORY_PROXY,PROXY,CURRENT_HISTORY_ONLY_NO_VINTAGE,false,true,true
1964-05-31,1964-05,0.429645542515634,0.429645542515634,"2015=100指数(OECD,对照)",M,CPIALL_FRED,FRED(OECD转载总务省),VALIDATED_MIRROR,,,2026-09-05,LATEST_HISTORY_PROXY,PROXY,CURRENT_HISTORY_ONLY_NO_VINTAGE,false,true,true
1964-06-30,1964-06,-0.2139037433592,-0.2139037433592,"2015=100指数(OECD,对照)",M,CPIALL_FRED,FRED(OECD转载总务省),VALIDATED_MIRROR,,,2026-09-05,LATEST_HISTORY_PROXY,PROXY,CURRENT_HISTORY_ONLY_NO_VINTAGE,false,true,true
1964-07-31,1964-07,-0.5359056805149589,-0.5359056805149589,"2015=100指数(OECD,对照)",M,CPIALL_FRED,FRED(OECD转载总务省),VALIDATED_MIRROR,,,2026-09-05,LATEST_HISTORY_PROXY,PROXY,CURRENT_HISTORY_ONLY_NO_VINTAGE,false,true,true
1964-08-31,1964-08,1.0775862067242,1.0775862067242,"2015=100指数(OECD,对照)",M,CPIALL_FRED,FRED(OECD转载总务省),VALIDATED_MIRROR,,,2026-09-05,LATEST_HISTORY_PROXY,PROXY,CURRENT_HISTORY_ONLY_NO_VINTAGE,false,true,true
1964-09-30,1964-09,1.2793176972972,1.2793176972972,"2015=100指数(OECD,对照)",M,CPIALL_FRED,FRED(OECD转载总务省),VALIDATED_MIRROR,,,2026-09-05,LATEST_HISTORY_PROXY,PROXY,CURRENT_HISTORY_ONLY_NO_VINTAGE,false,true,true
1964-10-31,1964-10,1.7894736841941898,1.7894736841941898,"2015=100指数(OECD,对照)",M,CPIALL_FRED,FRED(OECD转载总务省),VALIDATED_MIRROR,,,2026-09-05,LATEST_HISTORY_PROXY,PROXY,CURRENT_HISTORY_ONLY_NO_VINTAGE,false,true,true
1964-11-30,1964-11,-0.827300930695064,-0.827300930695064,"2015=100指数(OECD,对照)",M,CPIALL_FRED,FRED(OECD转载总务省),VALIDATED_MIRROR,,,2026-09-05,LATEST_HISTORY_PROXY,PROXY,CURRENT_HISTORY_ONLY_NO_VINTAGE,false,true,true
1964-12-31,1964-12,0.0,0.0,"2015=100指数(OECD,对照)",M,CPIALL_FRED,FRED(OECD转载总务省),VALIDATED_MIRROR,,,2026-09-05,LATEST_HISTORY_PROXY,PROXY,CURRENT_HISTORY_ONLY_NO_VINTAGE,false,true,true
1965-01-31,1965-01,2.18978102196704,2.18978102196704,"2015=100指数(OECD,对照)",M,CPIALL_FRED,FRED(OECD转载总务省),VALIDATED_MIRROR,,,2026-09-05,LATEST_HISTORY_PROXY,PROXY,CURRENT_HISTORY_ONLY_NO_VINTAGE,false,true,true
1965-02-28,1965-02,-0.20408163269472698,-0.20408163269472698,"2015=100指数(OECD,对照)",M,CPIALL_FRED,FRED(OECD转载总务省),VALIDATED_MIRROR,,,2026-09-05,LATEST_HISTORY_PROXY,PROXY,CURRENT_HISTORY_ONLY_NO_VINTAGE,false,true,true
1965-03-31,1965-03,0.613496932454862,0.613496932454862,"2015=100指数(OECD,对照)",M,CPIALL_FRED,FRED(OECD转载总务省),VALIDATED_MIRROR,,,2026-09-05,LATEST_HISTORY_PROXY,PROXY,CURRENT_HISTORY_ONLY_NO_VINTAGE,false,true,true
1965-04-30,1965-04,2.13414634060732,2.13414634060732,"2015=100指数(OECD,对照)",M,CPIALL_FRED,FRED(OECD转载总务省),VALIDATED_MIRROR,,,2026-09-05,LATEST_HISTORY_PROXY,PROXY,CURRENT_HISTORY_ONLY_NO_VINTAGE,false,true,true
1965-05-31,1965-05,-0.597014924414674,-0.597014924414674,"2015=100指数(OECD,对照)",M,CPIALL_FRED,FRED(OECD转载总务省),VALIDATED_MIRROR,,,2026-09-05,LATEST_HISTORY_PROXY,PROXY,CURRENT_HISTORY_ONLY_NO_VINTAGE,false,true,true
1965-06-30,1965-06,-0.20020020024102497,-0.20020020024102497,"2015=100指数(OECD,对照)",M,CPIALL_FRED,FRED(OECD转载总务省),VALIDATED_MIRROR,,,2026-09-05,LATEST_HISTORY_PROXY,PROXY,CURRENT_HISTORY_ONLY_NO_VINTAGE,false,true,true
1965-07-31,1965-07,-0.501504513643105,-0.501504513643105,"2015=100指数(OECD,对照)",M,CPIALL_FRED,FRED(OECD转载总务省),VALIDATED_MIRROR,,,2026-09-05,LATEST_HISTORY_PROXY,PROXY,CURRENT_HISTORY_ONLY_NO_VINTAGE,false,true,true
1965-08-31,1965-08,0.504032258168035,0.504032258168035,"2015=100指数(OECD,对照)",M,CPIALL_FRED,FRED(OECD转载总务省),VALIDATED_MIRROR,,,2026-09-05,LATEST_HISTORY_PROXY,PROXY,CURRENT_HISTORY_ONLY_NO_VINTAGE,false,true,true
1965-09-30,1965-09,1.40421263783578,1.40421263783578,"2015=100指数(OECD,对照)",M,CPIALL_FRED,FRED(OECD转载总务省),VALIDATED_MIRROR,,,2026-09-05,LATEST_HISTORY_PROXY,PROXY,CURRENT_HISTORY_ONLY_NO_VINTAGE,false,true,true
1965-10-31,1965-10,1.2858555877104298,1.2858555877104298,"2015=100指数(OECD,对照)",M,CPIALL_FRED,FRED(OECD转载总务省),VALIDATED_MIRROR,,,2026-09-05,LATEST_HISTORY_PROXY,PROXY,CURRENT_HISTORY_ONLY_NO_VINTAGE,false,true,true
1965-11-30,1965-11,-0.976562499497626,-0.976562499497626,"2015=100指数(OECD,对照)",M,CPIALL_FRED,FRED(OECD转载总务省),VALIDATED_MIRROR,,,2026-09-05,LATEST_HISTORY_PROXY,PROXY,CURRENT_HISTORY_ONLY_NO_VINTAGE,false,true,true
1965-12-31,1965-12,0.690335305504802,0.690335305504802,"2015=100指数(OECD,对照)",M,CPIALL_FRED,FRED(OECD转载总务省),VALIDATED_MIRROR,,,2026-09-05,LATEST_HISTORY_PROXY,PROXY,CURRENT_HISTORY_ONLY_NO_VINTAGE,false,true,true
1966-01-31,1966-01,0.979431928974175,0.979431928974175,"2015=100指数(OECD,对照)",M,CPIALL_FRED,FRED(OECD转载总务省),VALIDATED_MIRROR,,,2026-09-05,LATEST_HISTORY_PROXY,PROXY,CURRENT_HISTORY_ONLY_NO_VINTAGE,false,true,true
1966-02-28,1966-02,0.7759456839691429,0.7759456839691429,"2015=100指数(OECD,对照)",M,CPIALL_FRED,FRED(OECD转载总务省),VALIDATED_MIRROR,,,2026-09-05,LATEST_HISTORY_PROXY,PROXY,CURRENT_HISTORY_ONLY_NO_VINTAGE,false,true,true
1966-03-31,1966-03,0.38498556312362103,0.38498556312362103,"2015=100指数(OECD,对照)",M,CPIALL_FRED,FRED(OECD转载总务省),VALIDATED_MIRROR,,,2026-09-05,LATEST_HISTORY_PROXY,PROXY,CURRENT_HISTORY_ONLY_NO_VINTAGE,false,true,true
1966-04-30,1966-04,1.15052732526875,1.15052732526875,"2015=100指数(OECD,对照)",M,CPIALL_FRED,FRED(OECD转载总务省),VALIDATED_MIRROR,,,2026-09-05,LATEST_HISTORY_PROXY,PROXY,CURRENT_HISTORY_ONLY_NO_VINTAGE,false,true,true
1966-05-31,1966-05,-0.6635071087994571,-0.6635071087994571,"2015=100指数(OECD,对照)",M,CPIALL_FRED,FRED(OECD转载总务省),VALIDATED_MIRROR,,,2026-09-05,LATEST_HISTORY_PROXY,PROXY,CURRENT_HISTORY_ONLY_NO_VINTAGE,false,true,true
1966-06-30,1966-06,0.19083969400196601,0.19083969400196601,"2015=100指数(OECD,对照)",M,CPIALL_FRED,FRED(OECD转载总务省),VALIDATED_MIRROR,,,2026-09-05,LATEST_HISTORY_PROXY,PROXY,CURRENT_HISTORY_ONLY_NO_VINTAGE,false,true,true
1966-07-31,1966-07,0.28571428681506605,0.28571428681506605,"2015=100指数(OECD,对照)",M,CPIALL_FRED,FRED(OECD转载总务省),VALIDATED_MIRROR,,,2026-09-05,LATEST_HISTORY_PROXY,PROXY,CURRENT_HISTORY_ONLY_NO_VINTAGE,false,true,true
1966-08-31,1966-08,-0.75973409322228,-0.75973409322228,"2015=100指数(OECD,对照)",M,CPIALL_FRED,FRED(OECD转载总务省),VALIDATED_MIRROR,,,2026-09-05,LATEST_HISTORY_PROXY,PROXY,CURRENT_HISTORY_ONLY_NO_VINTAGE,false,true,true
1966-09-30,1966-09,1.148325357695,1.148325357695,"2015=100指数(OECD,对照)",M,CPIALL_FRED,FRED(OECD转载总务省),VALIDATED_MIRROR,,,2026-09-05,LATEST_HISTORY_PROXY,PROXY,CURRENT_HISTORY_ONLY_NO_VINTAGE,false,true,true
1966-10-31,1966-10,0.662251656805276,0.662251656805276,"2015=100指数(OECD,对照)",M,CPIALL_FRED,FRED(OECD转载总务省),VALIDATED_MIRROR,,,2026-09-05,LATEST_HISTORY_PROXY,PROXY,CURRENT_HISTORY_ONLY_NO_VINTAGE,false,true,true
1966-11-30,1966-11,-0.751879699402359,-0.751879699402359,"2015=100指数(OECD,对照)",M,CPIALL_FRED,FRED(OECD转载总务省),VALIDATED_MIRROR,,,2026-09-05,LATEST_HISTORY_PROXY,PROXY,CURRENT_HISTORY_ONLY_NO_VINTAGE,false,true,true
1966-12-31,1966-12,0.9469696964764192,0.9469696964764192,"2015=100指数(OECD,对照)",M,CPIALL_FRED,FRED(OECD转载总务省),VALIDATED_MIRROR,,,2026-09-05,LATEST_HISTORY_PROXY,PROXY,CURRENT_HISTORY_ONLY_NO_VINTAGE,false,true,true
1967-01-31,1967-01,1.12570356496615,1.12570356496615,"2015=100指数(OECD,对照)",M,CPIALL_FRED,FRED(OECD转载总务省),VALIDATED_MIRROR,,,2026-09-05,LATEST_HISTORY_PROXY,PROXY,CURRENT_HISTORY_ONLY_NO_VINTAGE,false,true,true
1967-02-28,1967-02,0.46382189282784797,0.46382189282784797,"2015=100指数(OECD,对照)",M,CPIALL_FRED,FRED(OECD转载总务省),VALIDATED_MIRROR,,,2026-09-05,LATEST_HISTORY_PROXY,PROXY,CURRENT_HISTORY_ONLY_NO_VINTAGE,false,true,true
1967-03-31,1967-03,0.184672206198879,0.184672206198879,"2015=100指数(OECD,对照)",M,CPIALL_FRED,FRED(OECD转载总务省),VALIDATED_MIRROR,,,2026-09-05,LATEST_HISTORY_PROXY,PROXY,CURRENT_HISTORY_ONLY_NO_VINTAGE,false,true,true
1967-04-30,1967-04,0.27649769557563103,0.27649769557563103,"2015=100指数(OECD,对照)",M,CPIALL_FRED,FRED(OECD转载总务省),VALIDATED_MIRROR,,,2026-09-05,LATEST_HISTORY_PROXY,PROXY,CURRENT_HISTORY_ONLY_NO_VINTAGE,false,true,true
1967-05-31,1967-05,-0.64338235274447,-0.64338235274447,"2015=100指数(OECD,对照)",M,CPIALL_FRED,FRED(OECD转载总务省),VALIDATED_MIRROR,,,2026-09-05,LATEST_HISTORY_PROXY,PROXY,CURRENT_HISTORY_ONLY_NO_VINTAGE,false,true,true
1967-06-30,1967-06,-0.555041627566729,-0.555041627566729,"2015=100指数(OECD,对照)",M,CPIALL_FRED,FRED(OECD转载总务省),VALIDATED_MIRROR,,,2026-09-05,LATEST_HISTORY_PROXY,PROXY,CURRENT_HISTORY_ONLY_NO_VINTAGE,false,true,true
1967-07-31,1967-07,-0.0930232561715602,-0.0930232561715602,"2015=100指数(OECD,对照)",M,CPIALL_FRED,FRED(OECD转载总务省),VALIDATED_MIRROR,,,2026-09-05,LATEST_HISTORY_PROXY,PROXY,CURRENT_HISTORY_ONLY_NO_VINTAGE,false,true,true
1967-08-31,1967-08,0.837988827330363,0.837988827330363,"2015=100指数(OECD,对照)",M,CPIALL_FRED,FRED(OECD转载总务省),VALIDATED_MIRROR,,,2026-09-05,LATEST_HISTORY_PROXY,PROXY,CURRENT_HISTORY_ONLY_NO_VINTAGE,false,true,true
1967-09-30,1967-09,1.5697137573933,1.5697137573933,"2015=100指数(OECD,对照)",M,CPIALL_FRED,FRED(OECD转载总务省),VALIDATED_MIRROR,,,2026-09-05,LATEST_HISTORY_PROXY,PROXY,CURRENT_HISTORY_ONLY_NO_VINTAGE,false,true,true
1967-10-31,1967-10,1.7272727273076,1.7272727273076,"2015=100指数(OECD,对照)",M,CPIALL_FRED,FRED(OECD转载总务省),VALIDATED_MIRROR,,,2026-09-05,LATEST_HISTORY_PROXY,PROXY,CURRENT_HISTORY_ONLY_NO_VINTAGE,false,true,true
1967-11-30,1967-11,-0.0893655052590849,-0.0893655052590849,"2015=100指数(OECD,对照)",M,CPIALL_FRED,FRED(OECD转载总务省),VALIDATED_MIRROR,,,2026-09-05,LATEST_HISTORY_PROXY,PROXY,CURRENT_HISTORY_ONLY_NO_VINTAGE,false,true,true
1967-12-31,1967-12,0.7155635064148499,0.7155635064148499,"2015=100指数(OECD,对照)",M,CPIALL_FRED,FRED(OECD转载总务省),VALIDATED_MIRROR,,,2026-09-05,LATEST_HISTORY_PROXY,PROXY,CURRENT_HISTORY_ONLY_NO_VINTAGE,false,true,true
1968-01-31,1968-01,0.7992895209198159,0.7992895209198159,"2015=100指数(OECD,对照)",M,CPIALL_FRED,FRED(OECD转载总务省),VALIDATED_MIRROR,,,2026-09-05,LATEST_HISTORY_PROXY,PROXY,CURRENT_HISTORY_ONLY_NO_VINTAGE,false,true,true
1968-02-29,1968-02,0.440528634773545,0.440528634773545,"2015=100指数(OECD,对照)",M,CPIALL_FRED,FRED(OECD转载总务省),VALIDATED_MIRROR,,,2026-09-05,LATEST_HISTORY_PROXY,PROXY,CURRENT_HISTORY_ONLY_NO_VINTAGE,false,true,true
1968-03-31,1968-03,0.175438595888818,0.175438595888818,"2015=100指数(OECD,对照)",M,CPIALL_FRED,FRED(OECD转载总务省),VALIDATED_MIRROR,,,2026-09-05,LATEST_HISTORY_PROXY,PROXY,CURRENT_HISTORY_ONLY_NO_VINTAGE,false,true,true
1968-04-30,1968-04,0.262697022503754,0.262697022503754,"2015=100指数(OECD,对照)",M,CPIALL_FRED,FRED(OECD转载总务省),VALIDATED_MIRROR,,,2026-09-05,LATEST_HISTORY_PROXY,PROXY,CURRENT_HISTORY_ONLY_NO_VINTAGE,false,true,true
1968-05-31,1968-05,0.0,0.0,"2015=100指数(OECD,对照)",M,CPIALL_FRED,FRED(OECD转载总务省),VALIDATED_MIRROR,,,2026-09-05,LATEST_HISTORY_PROXY,PROXY,CURRENT_HISTORY_ONLY_NO_VINTAGE,false,true,true
1968-06-30,1968-06,-0.8733624449653241,-0.8733624449653241,"2015=100指数(OECD,对照)",M,CPIALL_FRED,FRED(OECD转载总务省),VALIDATED_MIRROR,,,2026-09-05,LATEST_HISTORY_PROXY,PROXY,CURRENT_HISTORY_ONLY_NO_VINTAGE,false,true,true
1968-07-31,1968-07,0.0,0.0,"2015=100指数(OECD,对照)",M,CPIALL_FRED,FRED(OECD转载总务省),VALIDATED_MIRROR,,,2026-09-05,LATEST_HISTORY_PROXY,PROXY,CURRENT_HISTORY_ONLY_NO_VINTAGE,false,true,true
1968-08-31,1968-08,0.8810572682649879,0.8810572682649879,"2015=100指数(OECD,对照)",M,CPIALL_FRED,FRED(OECD转载总务省),VALIDATED_MIRROR,,,2026-09-05,LATEST_HISTORY_PROXY,PROXY,CURRENT_HISTORY_ONLY_NO_VINTAGE,false,true,true
1968-09-30,1968-09,2.2707423579265296,2.2707423579265296,"2015=100指数(OECD,对照)",M,CPIALL_FRED,FRED(OECD转载总务省),VALIDATED_MIRROR,,,2026-09-05,LATEST_HISTORY_PROXY,PROXY,CURRENT_HISTORY_ONLY_NO_VINTAGE,false,true,true
1968-10-31,1968-10,0.08539709682768598,0.08539709682768598,"2015=100指数(OECD,对照)",M,CPIALL_FRED,FRED(OECD转载总务省),VALIDATED_MIRROR,,,2026-09-05,LATEST_HISTORY_PROXY,PROXY,CURRENT_HISTORY_ONLY_NO_VINTAGE,false,true,true
1968-11-30,1968-11,0.25597269598936395,0.25597269598936395,"2015=100指数(OECD,对照)",M,CPIALL_FRED,FRED(OECD转载总务省),VALIDATED_MIRROR,,,2026-09-05,LATEST_HISTORY_PROXY,PROXY,CURRENT_HISTORY_ONLY_NO_VINTAGE,false,true,true
1968-12-31,1968-12,-0.425531914055688,-0.425531914055688,"2015=100指数(OECD,对照)",M,CPIALL_FRED,FRED(OECD转载总务省),VALIDATED_MIRROR,,,2026-09-05,LATEST_HISTORY_PROXY,PROXY,CURRENT_HISTORY_ONLY_NO_VINTAGE,false,true,true
1969-01-31,1969-01,0.34188034195051803,0.34188034195051803,"2015=100指数(OECD,对照)",M,CPIALL_FRED,FRED(OECD转载总务省),VALIDATED_MIRROR,,,2026-09-05,LATEST_HISTORY_PROXY,PROXY,CURRENT_HISTORY_ONLY_NO_VINTAGE,false,true,true
1969-02-28,1969-02,0.0,0.0,"2015=100指数(OECD,对照)",M,CPIALL_FRED,FRED(OECD转载总务省),VALIDATED_MIRROR,,,2026-09-05,LATEST_HISTORY_PROXY,PROXY,CURRENT_HISTORY_ONLY_NO_VINTAGE,false,true,true
1969-03-31,1969-03,1.02214650663562,1.02214650663562,"2015=100指数(OECD,对照)",M,CPIALL_FRED,FRED(OECD转载总务省),VALIDATED_MIRROR,,,2026-09-05,LATEST_HISTORY_PROXY,PROXY,CURRENT_HISTORY_ONLY_NO_VINTAGE,false,true,true
1969-04-30,1969-04,1.01180438470293,1.01180438470293,"2015=100指数(OECD,对照)",M,CPIALL_FRED,FRED(OECD转载总务省),VALIDATED_MIRROR,,,2026-09-05,LATEST_HISTORY_PROXY,PROXY,CURRENT_HISTORY_ONLY_NO_VINTAGE,false,true,true
1969-05-31,1969-05,0.0834724544115533,0.0834724544115533,"2015=100指数(OECD,对照)",M,CPIALL_FRED,FRED(OECD转载总务省),VALIDATED_MIRROR,,,2026-09-05,LATEST_HISTORY_PROXY,PROXY,CURRENT_HISTORY_ONLY_NO_VINTAGE,false,true,true
1969-06-30,1969-06,0.166805670820914,0.166805670820914,"2015=100指数(OECD,对照)",M,CPIALL_FRED,FRED(OECD转载总务省),VALIDATED_MIRROR,,,2026-09-05,LATEST_HISTORY_PROXY,PROXY,CURRENT_HISTORY_ONLY_NO_VINTAGE,false,true,true
1969-07-31,1969-07,1.2489592006318102,1.2489592006318102,"2015=100指数(OECD,对照)",M,CPIALL_FRED,FRED(OECD转载总务省),VALIDATED_MIRROR,,,2026-09-05,LATEST_HISTORY_PROXY,PROXY,CURRENT_HISTORY_ONLY_NO_VINTAGE,false,true,true
1969-08-31,1969-08,0.9046052642502959,0.9046052642502959,"2015=100指数(OECD,对照)",M,CPIALL_FRED,FRED(OECD转载总务省),VALIDATED_MIRROR,,,2026-09-05,LATEST_HISTORY_PROXY,PROXY,CURRENT_HISTORY_ONLY_NO_VINTAGE,false,true,true
1969-09-30,1969-09,0.7334963317789001,0.7334963317789001,"2015=100指数(OECD,对照)",M,CPIALL_FRED,FRED(OECD转载总务省),VALIDATED_MIRROR,,,2026-09-05,LATEST_HISTORY_PROXY,PROXY,CURRENT_HISTORY_ONLY_NO_VINTAGE,false,true,true
1969-10-31,1969-10,0.485436893895439,0.485436893895439,"2015=100指数(OECD,对照)",M,CPIALL_FRED,FRED(OECD转载总务省),VALIDATED_MIRROR,,,2026-09-05,LATEST_HISTORY_PROXY,PROXY,CURRENT_HISTORY_ONLY_NO_VINTAGE,false,true,true
1969-11-30,1969-11,-0.40257648990847206,-0.40257648990847206,"2015=100指数(OECD,对照)",M,CPIALL_FRED,FRED(OECD转载总务省),VALIDATED_MIRROR,,,2026-09-05,LATEST_HISTORY_PROXY,PROXY,CURRENT_HISTORY_ONLY_NO_VINTAGE,false,true,true
1969-12-31,1969-12,0.646725950013774,0.646725950013774,"2015=100指数(OECD,对照)",M,CPIALL_FRED,FRED(OECD转载总务省),VALIDATED_MIRROR,,,2026-09-05,LATEST_HISTORY_PROXY,PROXY,CURRENT_HISTORY_ONLY_NO_VINTAGE,false,true,true
1970-01-31,1970-01,1.6064257031445301,1.6064257031445301,"2015=100指数(OECD,对照)",M,CPIALL_FRED,FRED(OECD转载总务省),VALIDATED_MIRROR,,,2026-09-05,LATEST_HISTORY_PROXY,PROXY,CURRENT_HISTORY_ONLY_NO_VINTAGE,false,true,true
1970-02-28,1970-02,0.5,0.5,"2015=100指数(OECD,对照)",M,CPIALL_FRED,FRED(OECD转载总务省),VALIDATED_MIRROR,,,2026-09-05,LATEST_HISTORY_PROXY,PROXY,CURRENT_HISTORY_ONLY_NO_VINTAGE,false,true,true
1970-03-31,1970-03,0.8,0.8,"2015=100指数(OECD,对照)",M,CPIALL_FRED,FRED(OECD转载总务省),VALIDATED_MIRROR,,,2026-09-05,LATEST_HISTORY_PROXY,PROXY,CURRENT_HISTORY_ONLY_NO_VINTAGE,false,true,true
1970-04-30,1970-04,0.9,0.9,"2015=100指数(OECD,对照)",M,CPIALL_FRED,FRED(OECD转载总务省),VALIDATED_MIRROR,,,2026-09-05,LATEST_HISTORY_PROXY,PROXY,CURRENT_HISTORY_ONLY_NO_VINTAGE,false,true,true
1970-05-31,1970-05,-0.4,-0.4,"2015=100指数(OECD,对照)",M,CPIALL_FRED,FRED(OECD转载总务省),VALIDATED_MIRROR,,,2026-09-05,LATEST_HISTORY_PROXY,PROXY,CURRENT_HISTORY_ONLY_NO_VINTAGE,false,true,true
1970-06-30,1970-06,0,0,"2015=100指数(OECD,对照)",M,CPIALL_FRED,FRED(OECD转载总务省),VALIDATED_MIRROR,,,2026-09-05,LATEST_HISTORY_PROXY,PROXY,CURRENT_HISTORY_ONLY_NO_VINTAGE,false,true,true
1970-07-31,1970-07,-0.1,-0.1,"2015=100指数(OECD,对照)",M,CPIALL_FRED,FRED(OECD转载总务省),VALIDATED_MIRROR,,,2026-09-05,LATEST_HISTORY_PROXY,PROXY,CURRENT_HISTORY_ONLY_NO_VINTAGE,false,true,true
1970-08-31,1970-08,-0.2,-0.2,"2015=100指数(OECD,对照)",M,CPIALL_FRED,FRED(OECD转载总务省),VALIDATED_MIRROR,,,2026-09-05,LATEST_HISTORY_PROXY,PROXY,CURRENT_HISTORY_ONLY_NO_VINTAGE,false,true,true
1970-09-30,1970-09,1.6,1.6,"2015=100指数(OECD,对照)",M,CPIALL_FRED,FRED(OECD转载总务省),VALIDATED_MIRROR,,,2026-09-05,LATEST_HISTORY_PROXY,PROXY,CURRENT_HISTORY_ONLY_NO_VINTAGE,false,true,true
1970-10-31,1970-10,1.6,1.6,"2015=100指数(OECD,对照)",M,CPIALL_FRED,FRED(OECD转载总务省),VALIDATED_MIRROR,,,2026-09-05,LATEST_HISTORY_PROXY,PROXY,CURRENT_HISTORY_ONLY_NO_VINTAGE,false,true,true
1970-11-30,1970-11,0.1,0.1,"2015=100指数(OECD,对照)",M,CPIALL_FRED,FRED(OECD转载总务省),VALIDATED_MIRROR,,,2026-09-05,LATEST_HISTORY_PROXY,PROXY,CURRENT_HISTORY_ONLY_NO_VINTAGE,false,true,true
1970-12-31,1970-12,0.7,0.7,"2015=100指数(OECD,对照)",M,CPIALL_FRED,FRED(OECD转载总务省),VALIDATED_MIRROR,,,2026-09-05,LATEST_HISTORY_PROXY,PROXY,CURRENT_HISTORY_ONLY_NO_VINTAGE,false,true,true
1971-01-31,1971-01,0.8,0.8,"2015=100指数(OECD,对照)",M,CPIALL_FRED,FRED(OECD转载总务省),VALIDATED_MIRROR,,,2026-09-05,LATEST_HISTORY_PROXY,PROXY,CURRENT_HISTORY_ONLY_NO_VINTAGE,false,true,true
1971-02-28,1971-02,0.1,0.1,"2015=100指数(OECD,对照)",M,CPIALL_FRED,FRED(OECD转载总务省),VALIDATED_MIRROR,,,2026-09-05,LATEST_HISTORY_PROXY,PROXY,CURRENT_HISTORY_ONLY_NO_VINTAGE,false,true,true
1971-03-31,1971-03,0.1,0.1,"2015=100指数(OECD,对照)",M,CPIALL_FRED,FRED(OECD转载总务省),VALIDATED_MIRROR,,,2026-09-05,LATEST_HISTORY_PROXY,PROXY,CURRENT_HISTORY_ONLY_NO_VINTAGE,false,true,true
1971-04-30,1971-04,1.4,1.4,"2015=100指数(OECD,对照)",M,CPIALL_FRED,FRED(OECD转载总务省),VALIDATED_MIRROR,,,2026-09-05,LATEST_HISTORY_PROXY,PROXY,CURRENT_HISTORY_ONLY_NO_VINTAGE,false,true,true
1971-05-31,1971-05,0.2,0.2,"2015=100指数(OECD,对照)",M,CPIALL_FRED,FRED(OECD转载总务省),VALIDATED_MIRROR,,,2026-09-05,LATEST_HISTORY_PROXY,PROXY,CURRENT_HISTORY_ONLY_NO_VINTAGE,false,true,true
1971-06-30,1971-06,0.5,0.5,"2015=100指数(OECD,对照)",M,CPIALL_FRED,FRED(OECD转载总务省),VALIDATED_MIRROR,,,2026-09-05,LATEST_HISTORY_PROXY,PROXY,CURRENT_HISTORY_ONLY_NO_VINTAGE,false,true,true
1971-07-31,1971-07,-0.1,-0.1,"2015=100指数(OECD,对照)",M,CPIALL_FRED,FRED(OECD转载总务省),VALIDATED_MIRROR,,,2026-09-05,LATEST_HISTORY_PROXY,PROXY,CURRENT_HISTORY_ONLY_NO_VINTAGE,false,true,true
1971-08-31,1971-08,-0.2,-0.2,"2015=100指数(OECD,对照)",M,CPIALL_FRED,FRED(OECD转载总务省),VALIDATED_MIRROR,,,2026-09-05,LATEST_HISTORY_PROXY,PROXY,CURRENT_HISTORY_ONLY_NO_VINTAGE,false,true,true
1971-09-30,1971-09,2.6,2.6,"2015=100指数(OECD,对照)",M,CPIALL_FRED,FRED(OECD转载总务省),VALIDATED_MIRROR,,,2026-09-05,LATEST_HISTORY_PROXY,PROXY,CURRENT_HISTORY_ONLY_NO_VINTAGE,false,true,true
1971-10-31,1971-10,0.2,0.2,"2015=100指数(OECD,对照)",M,CPIALL_FRED,FRED(OECD转载总务省),VALIDATED_MIRROR,,,2026-09-05,LATEST_HISTORY_PROXY,PROXY,CURRENT_HISTORY_ONLY_NO_VINTAGE,false,true,true
1971-11-30,1971-11,-0.9,-0.9,"2015=100指数(OECD,对照)",M,CPIALL_FRED,FRED(OECD转载总务省),VALIDATED_MIRROR,,,2026-09-05,LATEST_HISTORY_PROXY,PROXY,CURRENT_HISTORY_ONLY_NO_VINTAGE,false,true,true
1971-12-31,1971-12,0.1,0.1,"2015=100指数(OECD,对照)",M,CPIALL_FRED,FRED(OECD转载总务省),VALIDATED_MIRROR,,,2026-09-05,LATEST_HISTORY_PROXY,PROXY,CURRENT_HISTORY_ONLY_NO_VINTAGE,false,true,true
1972-01-31,1972-01,0.1,0.1,"2015=100指数(OECD,对照)",M,CPIALL_FRED,FRED(OECD转载总务省),VALIDATED_MIRROR,,,2026-09-05,LATEST_HISTORY_PROXY,PROXY,CURRENT_HISTORY_ONLY_NO_VINTAGE,false,true,true
1972-02-29,1972-02,0.5,0.5,"2015=100指数(OECD,对照)",M,CPIALL_FRED,FRED(OECD转载总务省),VALIDATED_MIRROR,,,2026-09-05,LATEST_HISTORY_PROXY,PROXY,CURRENT_HISTORY_ONLY_NO_VINTAGE,false,true,true
1972-03-31,1972-03,0.8,0.8,"2015=100指数(OECD,对照)",M,CPIALL_FRED,FRED(OECD转载总务省),VALIDATED_MIRROR,,,2026-09-05,LATEST_HISTORY_PROXY,PROXY,CURRENT_HISTORY_ONLY_NO_VINTAGE,false,true,true
1972-04-30,1972-04,1.2,1.2,"2015=100指数(OECD,对照)",M,CPIALL_FRED,FRED(OECD转载总务省),VALIDATED_MIRROR,,,2026-09-05,LATEST_HISTORY_PROXY,PROXY,CURRENT_HISTORY_ONLY_NO_VINTAGE,false,true,true
1972-05-31,1972-05,0.4,0.4,"2015=100指数(OECD,对照)",M,CPIALL_FRED,FRED(OECD转载总务省),VALIDATED_MIRROR,,,2026-09-05,LATEST_HISTORY_PROXY,PROXY,CURRENT_HISTORY_ONLY_NO_VINTAGE,false,true,true
1972-06-30,1972-06,0.1,0.1,"2015=100指数(OECD,对照)",M,CPIALL_FRED,FRED(OECD转载总务省),VALIDATED_MIRROR,,,2026-09-05,LATEST_HISTORY_PROXY,PROXY,CURRENT_HISTORY_ONLY_NO_VINTAGE,false,true,true
1972-07-31,1972-07,0.1,0.1,"2015=100指数(OECD,对照)",M,CPIALL_FRED,FRED(OECD转载总务省),VALIDATED_MIRROR,,,2026-09-05,LATEST_HISTORY_PROXY,PROXY,CURRENT_HISTORY_ONLY_NO_VINTAGE,false,true,true
1972-08-31,1972-08,0.7,0.7,"2015=100指数(OECD,对照)",M,CPIALL_FRED,FRED(OECD转载总务省),VALIDATED_MIRROR,,,2026-09-05,LATEST_HISTORY_PROXY,PROXY,CURRENT_HISTORY_ONLY_NO_VINTAGE,false,true,true
1972-09-30,1972-09,0.6,0.6,"2015=100指数(OECD,对照)",M,CPIALL_FRED,FRED(OECD转载总务省),VALIDATED_MIRROR,,,2026-09-05,LATEST_HISTORY_PROXY,PROXY,CURRENT_HISTORY_ONLY_NO_VINTAGE,false,true,true
1972-10-31,1972-10,0.7,0.7,"2015=100指数(OECD,对照)",M,CPIALL_FRED,FRED(OECD转载总务省),VALIDATED_MIRROR,,,2026-09-05,LATEST_HISTORY_PROXY,PROXY,CURRENT_HISTORY_ONLY_NO_VINTAGE,false,true,true
1972-11-30,1972-11,-0.3,-0.3,"2015=100指数(OECD,对照)",M,CPIALL_FRED,FRED(OECD转载总务省),VALIDATED_MIRROR,,,2026-09-05,LATEST_HISTORY_PROXY,PROXY,CURRENT_HISTORY_ONLY_NO_VINTAGE,false,true,true
1972-12-31,1972-12,0.7,0.7,"2015=100指数(OECD,对照)",M,CPIALL_FRED,FRED(OECD转载总务省),VALIDATED_MIRROR,,,2026-09-05,LATEST_HISTORY_PROXY,PROXY,CURRENT_HISTORY_ONLY_NO_VINTAGE,false,true,true
1973-01-31,1973-01,1,1,"2015=100指数(OECD,对照)",M,CPIALL_FRED,FRED(OECD转载总务省),VALIDATED_MIRROR,,,2026-09-05,LATEST_HISTORY_PROXY,PROXY,CURRENT_HISTORY_ONLY_NO_VINTAGE,false,true,true
1973-02-28,1973-02,0.8,0.8,"2015=100指数(OECD,对照)",M,CPIALL_FRED,FRED(OECD转载总务省),VALIDATED_MIRROR,,,2026-09-05,LATEST_HISTORY_PROXY,PROXY,CURRENT_HISTORY_ONLY_NO_VINTAGE,false,true,true
1973-03-31,1973-03,2.4,2.4,"2015=100指数(OECD,对照)",M,CPIALL_FRED,FRED(OECD转载总务省),VALIDATED_MIRROR,,,2026-09-05,LATEST_HISTORY_PROXY,PROXY,CURRENT_HISTORY_ONLY_NO_VINTAGE,false,true,true
1973-04-30,1973-04,1.8,1.8,"2015=100指数(OECD,对照)",M,CPIALL_FRED,FRED(OECD转载总务省),VALIDATED_MIRROR,,,2026-09-05,LATEST_HISTORY_PROXY,PROXY,CURRENT_HISTORY_ONLY_NO_VINTAGE,false,true,true
1973-05-31,1973-05,1.6,1.6,"2015=100指数(OECD,对照)",M,CPIALL_FRED,FRED(OECD转载总务省),VALIDATED_MIRROR,,,2026-09-05,LATEST_HISTORY_PROXY,PROXY,CURRENT_HISTORY_ONLY_NO_VINTAGE,false,true,true
1973-06-30,1973-06,0.2,0.2,"2015=100指数(OECD,对照)",M,CPIALL_FRED,FRED(OECD转载总务省),VALIDATED_MIRROR,,,2026-09-05,LATEST_HISTORY_PROXY,PROXY,CURRENT_HISTORY_ONLY_NO_VINTAGE,false,true,true
1973-07-31,1973-07,0.8,0.8,"2015=100指数(OECD,对照)",M,CPIALL_FRED,FRED(OECD转载总务省),VALIDATED_MIRROR,,,2026-09-05,LATEST_HISTORY_PROXY,PROXY,CURRENT_HISTORY_ONLY_NO_VINTAGE,false,true,true
1973-08-31,1973-08,0.9,0.9,"2015=100指数(OECD,对照)",M,CPIALL_FRED,FRED(OECD转载总务省),VALIDATED_MIRROR,,,2026-09-05,LATEST_HISTORY_PROXY,PROXY,CURRENT_HISTORY_ONLY_NO_VINTAGE,false,true,true
1973-09-30,1973-09,2.7,2.7,"2015=100指数(OECD,对照)",M,CPIALL_FRED,FRED(OECD转载总务省),VALIDATED_MIRROR,,,2026-09-05,LATEST_HISTORY_PROXY,PROXY,CURRENT_HISTORY_ONLY_NO_VINTAGE,false,true,true
1973-10-31,1973-10,0.4,0.4,"2015=100指数(OECD,对照)",M,CPIALL_FRED,FRED(OECD转载总务省),VALIDATED_MIRROR,,,2026-09-05,LATEST_HISTORY_PROXY,PROXY,CURRENT_HISTORY_ONLY_NO_VINTAGE,false,true,true
1973-11-30,1973-11,0.9,0.9,"2015=100指数(OECD,对照)",M,CPIALL_FRED,FRED(OECD转载总务省),VALIDATED_MIRROR,,,2026-09-05,LATEST_HISTORY_PROXY,PROXY,CURRENT_HISTORY_ONLY_NO_VINTAGE,false,true,true
1973-12-31,1973-12,3.4,3.4,"2015=100指数(OECD,对照)",M,CPIALL_FRED,FRED(OECD转载总务省),VALIDATED_MIRROR,,,2026-09-05,LATEST_HISTORY_PROXY,PROXY,CURRENT_HISTORY_ONLY_NO_VINTAGE,false,true,true
1974-01-31,1974-01,4.1,4.1,"2015=100指数(OECD,对照)",M,CPIALL_FRED,FRED(OECD转载总务省),VALIDATED_MIRROR,,,2026-09-05,LATEST_HISTORY_PROXY,PROXY,CURRENT_HISTORY_ONLY_NO_VINTAGE,false,true,true
1974-02-28,1974-02,3.3,3.3,"2015=100指数(OECD,对照)",M,CPIALL_FRED,FRED(OECD转载总务省),VALIDATED_MIRROR,,,2026-09-05,LATEST_HISTORY_PROXY,PROXY,CURRENT_HISTORY_ONLY_NO_VINTAGE,false,true,true
1974-03-31,1974-03,0.6,0.6,"2015=100指数(OECD,对照)",M,CPIALL_FRED,FRED(OECD转载总务省),VALIDATED_MIRROR,,,2026-09-05,LATEST_HISTORY_PROXY,PROXY,CURRENT_HISTORY_ONLY_NO_VINTAGE,false,true,true
1974-04-30,1974-04,2.6,2.6,"2015=100指数(OECD,对照)",M,CPIALL_FRED,FRED(OECD转载总务省),VALIDATED_MIRROR,,,2026-09-05,LATEST_HISTORY_PROXY,PROXY,CURRENT_HISTORY_ONLY_NO_VINTAGE,false,true,true
1974-05-31,1974-05,0.3,0.3,"2015=100指数(OECD,对照)",M,CPIALL_FRED,FRED(OECD转载总务省),VALIDATED_MIRROR,,,2026-09-05,LATEST_HISTORY_PROXY,PROXY,CURRENT_HISTORY_ONLY_NO_VINTAGE,false,true,true
1974-06-30,1974-06,0.5,0.5,"2015=100指数(OECD,对照)",M,CPIALL_FRED,FRED(OECD转载总务省),VALIDATED_MIRROR,,,2026-09-05,LATEST_HISTORY_PROXY,PROXY,CURRENT_HISTORY_ONLY_NO_VINTAGE,false,true,true
1974-07-31,1974-07,2.1,2.1,"2015=100指数(OECD,对照)",M,CPIALL_FRED,FRED(OECD转载总务省),VALIDATED_MIRROR,,,2026-09-05,LATEST_HISTORY_PROXY,PROXY,CURRENT_HISTORY_ONLY_NO_VINTAGE,false,true,true
1974-08-31,1974-08,1,1,"2015=100指数(OECD,对照)",M,CPIALL_FRED,FRED(OECD转载总务省),VALIDATED_MIRROR,,,2026-09-05,LATEST_HISTORY_PROXY,PROXY,CURRENT_HISTORY_ONLY_NO_VINTAGE,false,true,true
1974-09-30,1974-09,1.5,1.5,"2015=100指数(OECD,对照)",M,CPIALL_FRED,FRED(OECD转载总务省),VALIDATED_MIRROR,,,2026-09-05,LATEST_HISTORY_PROXY,PROXY,CURRENT_HISTORY_ONLY_NO_VINTAGE,false,true,true
1974-10-31,1974-10,2.2,2.2,"2015=100指数(OECD,对照)",M,CPIALL_FRED,FRED(OECD转载总务省),VALIDATED_MIRROR,,,2026-09-05,LATEST_HISTORY_PROXY,PROXY,CURRENT_HISTORY_ONLY_NO_VINTAGE,false,true,true
1974-11-30,1974-11,0.7,0.7,"2015=100指数(OECD,对照)",M,CPIALL_FRED,FRED(OECD转载总务省),VALIDATED_MIRROR,,,2026-09-05,LATEST_HISTORY_PROXY,PROXY,CURRENT_HISTORY_ONLY_NO_VINTAGE,false,true,true
1974-12-31,1974-12,0.4,0.4,"2015=100指数(OECD,对照)",M,CPIALL_FRED,FRED(OECD转载总务省),VALIDATED_MIRROR,,,2026-09-05,LATEST_HISTORY_PROXY,PROXY,CURRENT_HISTORY_ONLY_NO_VINTAGE,false,true,true
1975-01-31,1975-01,0.5,0.5,"2015=100指数(OECD,对照)",M,CPIALL_FRED,FRED(OECD转载总务省),VALIDATED_MIRROR,,,2026-09-05,LATEST_HISTORY_PROXY,PROXY,CURRENT_HISTORY_ONLY_NO_VINTAGE,false,true,true
1975-02-28,1975-02,0.1,0.1,"2015=100指数(OECD,对照)",M,CPIALL_FRED,FRED(OECD转载总务省),VALIDATED_MIRROR,,,2026-09-05,LATEST_HISTORY_PROXY,PROXY,CURRENT_HISTORY_ONLY_NO_VINTAGE,false,true,true
1975-03-31,1975-03,0.9,0.9,"2015=100指数(OECD,对照)",M,CPIALL_FRED,FRED(OECD转载总务省),VALIDATED_MIRROR,,,2026-09-05,LATEST_HISTORY_PROXY,PROXY,CURRENT_HISTORY_ONLY_NO_VINTAGE,false,true,true
1975-04-30,1975-04,1.7,1.7,"2015=100指数(OECD,对照)",M,CPIALL_FRED,FRED(OECD转载总务省),VALIDATED_MIRROR,,,2026-09-05,LATEST_HISTORY_PROXY,PROXY,CURRENT_HISTORY_ONLY_NO_VINTAGE,false,true,true
1975-05-31,1975-05,0.5,0.5,"2015=100指数(OECD,对照)",M,CPIALL_FRED,FRED(OECD转载总务省),VALIDATED_MIRROR,,,2026-09-05,LATEST_HISTORY_PROXY,PROXY,CURRENT_HISTORY_ONLY_NO_VINTAGE,false,true,true
1975-06-30,1975-06,-0.1,-0.1,"2015=100指数(OECD,对照)",M,CPIALL_FRED,FRED(OECD转载总务省),VALIDATED_MIRROR,,,2026-09-05,LATEST_HISTORY_PROXY,PROXY,CURRENT_HISTORY_ONLY_NO_VINTAGE,false,true,true
1975-07-31,1975-07,0.3,0.3,"2015=100指数(OECD,对照)",M,CPIALL_FRED,FRED(OECD转载总务省),VALIDATED_MIRROR,,,2026-09-05,LATEST_HISTORY_PROXY,PROXY,CURRENT_HISTORY_ONLY_NO_VINTAGE,false,true,true
1975-08-31,1975-08,-0.2,-0.2,"2015=100指数(OECD,对照)",M,CPIALL_FRED,FRED(OECD转载总务省),VALIDATED_MIRROR,,,2026-09-05,LATEST_HISTORY_PROXY,PROXY,CURRENT_HISTORY_ONLY_NO_VINTAGE,false,true,true
1975-09-30,1975-09,2.1,2.1,"2015=100指数(OECD,对照)",M,CPIALL_FRED,FRED(OECD转载总务省),VALIDATED_MIRROR,,,2026-09-05,LATEST_HISTORY_PROXY,PROXY,CURRENT_HISTORY_ONLY_NO_VINTAGE,false,true,true
1975-10-31,1975-10,1.7,1.7,"2015=100指数(OECD,对照)",M,CPIALL_FRED,FRED(OECD转载总务省),VALIDATED_MIRROR,,,2026-09-05,LATEST_HISTORY_PROXY,PROXY,CURRENT_HISTORY_ONLY_NO_VINTAGE,false,true,true
1975-11-30,1975-11,-0.5,-0.5,"2015=100指数(OECD,对照)",M,CPIALL_FRED,FRED(OECD转载总务省),VALIDATED_MIRROR,,,2026-09-05,LATEST_HISTORY_PROXY,PROXY,CURRENT_HISTORY_ONLY_NO_VINTAGE,false,true,true
1975-12-31,1975-12,0,0,"2015=100指数(OECD,对照)",M,CPIALL_FRED,FRED(OECD转载总务省),VALIDATED_MIRROR,,,2026-09-05,LATEST_HISTORY_PROXY,PROXY,CURRENT_HISTORY_ONLY_NO_VINTAGE,false,true,true
1976-01-31,1976-01,1.8,1.8,"2015=100指数(OECD,对照)",M,CPIALL_FRED,FRED(OECD转载总务省),VALIDATED_MIRROR,,,2026-09-05,LATEST_HISTORY_PROXY,PROXY,CURRENT_HISTORY_ONLY_NO_VINTAGE,false,true,true
1976-02-29,1976-02,0.7,0.7,"2015=100指数(OECD,对照)",M,CPIALL_FRED,FRED(OECD转载总务省),VALIDATED_MIRROR,,,2026-09-05,LATEST_HISTORY_PROXY,PROXY,CURRENT_HISTORY_ONLY_NO_VINTAGE,false,true,true
1976-03-31,1976-03,0.4,0.4,"2015=100指数(OECD,对照)",M,CPIALL_FRED,FRED(OECD转载总务省),VALIDATED_MIRROR,,,2026-09-05,LATEST_HISTORY_PROXY,PROXY,CURRENT_HISTORY_ONLY_NO_VINTAGE,false,true,true
1976-04-30,1976-04,2.4,2.4,"2015=100指数(OECD,对照)",M,CPIALL_FRED,FRED(OECD转载总务省),VALIDATED_MIRROR,,,2026-09-05,LATEST_HISTORY_PROXY,PROXY,CURRENT_HISTORY_ONLY_NO_VINTAGE,false,true,true
1976-05-31,1976-05,0.4,0.4,"2015=100指数(OECD,对照)",M,CPIALL_FRED,FRED(OECD转载总务省),VALIDATED_MIRROR,,,2026-09-05,LATEST_HISTORY_PROXY,PROXY,CURRENT_HISTORY_ONLY_NO_VINTAGE,false,true,true
1976-06-30,1976-06,0.3,0.3,"2015=100指数(OECD,对照)",M,CPIALL_FRED,FRED(OECD转载总务省),VALIDATED_MIRROR,,,2026-09-05,LATEST_HISTORY_PROXY,PROXY,CURRENT_HISTORY_ONLY_NO_VINTAGE,false,true,true
1976-07-31,1976-07,0.5,0.5,"2015=100指数(OECD,对照)",M,CPIALL_FRED,FRED(OECD转载总务省),VALIDATED_MIRROR,,,2026-09-05,LATEST_HISTORY_PROXY,PROXY,CURRENT_HISTORY_ONLY_NO_VINTAGE,false,true,true
1976-08-31,1976-08,-0.6,-0.6,"2015=100指数(OECD,对照)",M,CPIALL_FRED,FRED(OECD转载总务省),VALIDATED_MIRROR,,,2026-09-05,LATEST_HISTORY_PROXY,PROXY,CURRENT_HISTORY_ONLY_NO_VINTAGE,false,true,true
1976-09-30,1976-09,2.5,2.5,"2015=100指数(OECD,对照)",M,CPIALL_FRED,FRED(OECD转载总务省),VALIDATED_MIRROR,,,2026-09-05,LATEST_HISTORY_PROXY,PROXY,CURRENT_HISTORY_ONLY_NO_VINTAGE,false,true,true
1976-10-31,1976-10,0.6,0.6,"2015=100指数(OECD,对照)",M,CPIALL_FRED,FRED(OECD转载总务省),VALIDATED_MIRROR,,,2026-09-05,LATEST_HISTORY_PROXY,PROXY,CURRENT_HISTORY_ONLY_NO_VINTAGE,false,true,true
1976-11-30,1976-11,0,0,"2015=100指数(OECD,对照)",M,CPIALL_FRED,FRED(OECD转载总务省),VALIDATED_MIRROR,,,2026-09-05,LATEST_HISTORY_PROXY,PROXY,CURRENT_HISTORY_ONLY_NO_VINTAGE,false,true,true
1976-12-31,1976-12,1.2,1.2,"2015=100指数(OECD,对照)",M,CPIALL_FRED,FRED(OECD转载总务省),VALIDATED_MIRROR,,,2026-09-05,LATEST_HISTORY_PROXY,PROXY,CURRENT_HISTORY_ONLY_NO_VINTAGE,false,true,true
1977-01-31,1977-01,0.9,0.9,"2015=100指数(OECD,对照)",M,CPIALL_FRED,FRED(OECD转载总务省),VALIDATED_MIRROR,,,2026-09-05,LATEST_HISTORY_PROXY,PROXY,CURRENT_HISTORY_ONLY_NO_VINTAGE,false,true,true
1977-02-28,1977-02,0.5,0.5,"2015=100指数(OECD,对照)",M,CPIALL_FRED,FRED(OECD转载总务省),VALIDATED_MIRROR,,,2026-09-05,LATEST_HISTORY_PROXY,PROXY,CURRENT_HISTORY_ONLY_NO_VINTAGE,false,true,true
1977-03-31,1977-03,0.6,0.6,"2015=100指数(OECD,对照)",M,CPIALL_FRED,FRED(OECD转载总务省),VALIDATED_MIRROR,,,2026-09-05,LATEST_HISTORY_PROXY,PROXY,CURRENT_HISTORY_ONLY_NO_VINTAGE,false,true,true
1977-04-30,1977-04,1.6,1.6,"2015=100指数(OECD,对照)",M,CPIALL_FRED,FRED(OECD转载总务省),VALIDATED_MIRROR,,,2026-09-05,LATEST_HISTORY_PROXY,PROXY,CURRENT_HISTORY_ONLY_NO_VINTAGE,false,true,true
1977-05-31,1977-05,0.9,0.9,"2015=100指数(OECD,对照)",M,CPIALL_FRED,FRED(OECD转载总务省),VALIDATED_MIRROR,,,2026-09-05,LATEST_HISTORY_PROXY,PROXY,CURRENT_HISTORY_ONLY_NO_VINTAGE,false,true,true
1977-06-30,1977-06,-0.4,-0.4,"2015=100指数(OECD,对照)",M,CPIALL_FRED,FRED(OECD转载总务省),VALIDATED_MIRROR,,,2026-09-05,LATEST_HISTORY_PROXY,PROXY,CURRENT_HISTORY_ONLY_NO_VINTAGE,false,true,true
1977-07-31,1977-07,-0.3,-0.3,"2015=100指数(OECD,对照)",M,CPIALL_FRED,FRED(OECD转载总务省),VALIDATED_MIRROR,,,2026-09-05,LATEST_HISTORY_PROXY,PROXY,CURRENT_HISTORY_ONLY_NO_VINTAGE,false,true,true
1977-08-31,1977-08,0.2,0.2,"2015=100指数(OECD,对照)",M,CPIALL_FRED,FRED(OECD转载总务省),VALIDATED_MIRROR,,,2026-09-05,LATEST_HISTORY_PROXY,PROXY,CURRENT_HISTORY_ONLY_NO_VINTAGE,false,true,true
1977-09-30,1977-09,1.6,1.6,"2015=100指数(OECD,对照)",M,CPIALL_FRED,FRED(OECD转载总务省),VALIDATED_MIRROR,,,2026-09-05,LATEST_HISTORY_PROXY,PROXY,CURRENT_HISTORY_ONLY_NO_VINTAGE,false,true,true
1977-10-31,1977-10,0.6,0.6,"2015=100指数(OECD,对照)",M,CPIALL_FRED,FRED(OECD转载总务省),VALIDATED_MIRROR,,,2026-09-05,LATEST_HISTORY_PROXY,PROXY,CURRENT_HISTORY_ONLY_NO_VINTAGE,false,true,true
1977-11-30,1977-11,-1.1,-1.1,"2015=100指数(OECD,对照)",M,CPIALL_FRED,FRED(OECD转载总务省),VALIDATED_MIRROR,,,2026-09-05,LATEST_HISTORY_PROXY,PROXY,CURRENT_HISTORY_ONLY_NO_VINTAGE,false,true,true
1977-12-31,1977-12,-0.3,-0.3,"2015=100指数(OECD,对照)",M,CPIALL_FRED,FRED(OECD转载总务省),VALIDATED_MIRROR,,,2026-09-05,LATEST_HISTORY_PROXY,PROXY,CURRENT_HISTORY_ONLY_NO_VINTAGE,false,true,true
1978-01-31,1978-01,0.4,0.4,"2015=100指数(OECD,对照)",M,CPIALL_FRED,FRED(OECD转载总务省),VALIDATED_MIRROR,,,2026-09-05,LATEST_HISTORY_PROXY,PROXY,CURRENT_HISTORY_ONLY_NO_VINTAGE,false,true,true
1978-02-28,1978-02,0.5,0.5,"2015=100指数(OECD,对照)",M,CPIALL_FRED,FRED(OECD转载总务省),VALIDATED_MIRROR,,,2026-09-05,LATEST_HISTORY_PROXY,PROXY,CURRENT_HISTORY_ONLY_NO_VINTAGE,false,true,true
1978-03-31,1978-03,0.9,0.9,"2015=100指数(OECD,对照)",M,CPIALL_FRED,FRED(OECD转载总务省),VALIDATED_MIRROR,,,2026-09-05,LATEST_HISTORY_PROXY,PROXY,CURRENT_HISTORY_ONLY_NO_VINTAGE,false,true,true
1978-04-30,1978-04,1.1,1.1,"2015=100指数(OECD,对照)",M,CPIALL_FRED,FRED(OECD转载总务省),VALIDATED_MIRROR,,,2026-09-05,LATEST_HISTORY_PROXY,PROXY,CURRENT_HISTORY_ONLY_NO_VINTAGE,false,true,true
1978-05-31,1978-05,0.7,0.7,"2015=100指数(OECD,对照)",M,CPIALL_FRED,FRED(OECD转载总务省),VALIDATED_MIRROR,,,2026-09-05,LATEST_HISTORY_PROXY,PROXY,CURRENT_HISTORY_ONLY_NO_VINTAGE,false,true,true
1978-06-30,1978-06,-0.5,-0.5,"2015=100指数(OECD,对照)",M,CPIALL_FRED,FRED(OECD转载总务省),VALIDATED_MIRROR,,,2026-09-05,LATEST_HISTORY_PROXY,PROXY,CURRENT_HISTORY_ONLY_NO_VINTAGE,false,true,true
1978-07-31,1978-07,0.4,0.4,"2015=100指数(OECD,对照)",M,CPIALL_FRED,FRED(OECD转载总务省),VALIDATED_MIRROR,,,2026-09-05,LATEST_HISTORY_PROXY,PROXY,CURRENT_HISTORY_ONLY_NO_VINTAGE,false,true,true
1978-08-31,1978-08,0.2,0.2,"2015=100指数(OECD,对照)",M,CPIALL_FRED,FRED(OECD转载总务省),VALIDATED_MIRROR,,,2026-09-05,LATEST_HISTORY_PROXY,PROXY,CURRENT_HISTORY_ONLY_NO_VINTAGE,false,true,true
1978-09-30,1978-09,1.1,1.1,"2015=100指数(OECD,对照)",M,CPIALL_FRED,FRED(OECD转载总务省),VALIDATED_MIRROR,,,2026-09-05,LATEST_HISTORY_PROXY,PROXY,CURRENT_HISTORY_ONLY_NO_VINTAGE,false,true,true
1978-10-31,1978-10,0.2,0.2,"2015=100指数(OECD,对照)",M,CPIALL_FRED,FRED(OECD转载总务省),VALIDATED_MIRROR,,,2026-09-05,LATEST_HISTORY_PROXY,PROXY,CURRENT_HISTORY_ONLY_NO_VINTAGE,false,true,true
1978-11-30,1978-11,-1,-1,"2015=100指数(OECD,对照)",M,CPIALL_FRED,FRED(OECD转载总务省),VALIDATED_MIRROR,,,2026-09-05,LATEST_HISTORY_PROXY,PROXY,CURRENT_HISTORY_ONLY_NO_VINTAGE,false,true,true
1978-12-31,1978-12,-0.1,-0.1,"2015=100指数(OECD,对照)",M,CPIALL_FRED,FRED(OECD转载总务省),VALIDATED_MIRROR,,,2026-09-05,LATEST_HISTORY_PROXY,PROXY,CURRENT_HISTORY_ONLY_NO_VINTAGE,false,true,true
1979-01-31,1979-01,0.1,0.1,"2015=100指数(OECD,对照)",M,CPIALL_FRED,FRED(OECD转载总务省),VALIDATED_MIRROR,,,2026-09-05,LATEST_HISTORY_PROXY,PROXY,CURRENT_HISTORY_ONLY_NO_VINTAGE,false,true,true
1979-02-28,1979-02,-0.2,-0.2,"2015=100指数(OECD,对照)",M,CPIALL_FRED,FRED(OECD转载总务省),VALIDATED_MIRROR,,,2026-09-05,LATEST_HISTORY_PROXY,PROXY,CURRENT_HISTORY_ONLY_NO_VINTAGE,false,true,true
1979-03-31,1979-03,0.8,0.8,"2015=100指数(OECD,对照)",M,CPIALL_FRED,FRED(OECD转载总务省),VALIDATED_MIRROR,,,2026-09-05,LATEST_HISTORY_PROXY,PROXY,CURRENT_HISTORY_ONLY_NO_VINTAGE,false,true,true
1979-04-30,1979-04,1.3,1.3,"2015=100指数(OECD,对照)",M,CPIALL_FRED,FRED(OECD转载总务省),VALIDATED_MIRROR,,,2026-09-05,LATEST_HISTORY_PROXY,PROXY,CURRENT_HISTORY_ONLY_NO_VINTAGE,false,true,true
1979-05-31,1979-05,0.9,0.9,"2015=100指数(OECD,对照)",M,CPIALL_FRED,FRED(OECD转载总务省),VALIDATED_MIRROR,,,2026-09-05,LATEST_HISTORY_PROXY,PROXY,CURRENT_HISTORY_ONLY_NO_VINTAGE,false,true,true
1979-06-30,1979-06,0.1,0.1,"2015=100指数(OECD,对照)",M,CPIALL_FRED,FRED(OECD转载总务省),VALIDATED_MIRROR,,,2026-09-05,LATEST_HISTORY_PROXY,PROXY,CURRENT_HISTORY_ONLY_NO_VINTAGE,false,true,true
1979-07-31,1979-07,0.9,0.9,"2015=100指数(OECD,对照)",M,CPIALL_FRED,FRED(OECD转载总务省),VALIDATED_MIRROR,,,2026-09-05,LATEST_HISTORY_PROXY,PROXY,CURRENT_HISTORY_ONLY_NO_VINTAGE,false,true,true
1979-08-31,1979-08,-0.9,-0.9,"2015=100指数(OECD,对照)",M,CPIALL_FRED,FRED(OECD转载总务省),VALIDATED_MIRROR,,,2026-09-05,LATEST_HISTORY_PROXY,PROXY,CURRENT_HISTORY_ONLY_NO_VINTAGE,false,true,true
1979-09-30,1979-09,1.2,1.2,"2015=100指数(OECD,对照)",M,CPIALL_FRED,FRED(OECD转载总务省),VALIDATED_MIRROR,,,2026-09-05,LATEST_HISTORY_PROXY,PROXY,CURRENT_HISTORY_ONLY_NO_VINTAGE,false,true,true
1979-10-31,1979-10,1.2,1.2,"2015=100指数(OECD,对照)",M,CPIALL_FRED,FRED(OECD转载总务省),VALIDATED_MIRROR,,,2026-09-05,LATEST_HISTORY_PROXY,PROXY,CURRENT_HISTORY_ONLY_NO_VINTAGE,false,true,true
1979-11-30,1979-11,-0.3,-0.3,"2015=100指数(OECD,对照)",M,CPIALL_FRED,FRED(OECD转载总务省),VALIDATED_MIRROR,,,2026-09-05,LATEST_HISTORY_PROXY,PROXY,CURRENT_HISTORY_ONLY_NO_VINTAGE,false,true,true
1979-12-31,1979-12,0.5,0.5,"2015=100指数(OECD,对照)",M,CPIALL_FRED,FRED(OECD转载总务省),VALIDATED_MIRROR,,,2026-09-05,LATEST_HISTORY_PROXY,PROXY,CURRENT_HISTORY_ONLY_NO_VINTAGE,false,true,true
1980-01-31,1980-01,0.8,0.8,"2015=100指数(OECD,对照)",M,CPIALL_FRED,FRED(OECD转载总务省),VALIDATED_MIRROR,,,2026-09-05,LATEST_HISTORY_PROXY,PROXY,CURRENT_HISTORY_ONLY_NO_VINTAGE,false,true,true
1980-02-29,1980-02,0.7,0.7,"2015=100指数(OECD,对照)",M,CPIALL_FRED,FRED(OECD转载总务省),VALIDATED_MIRROR,,,2026-09-05,LATEST_HISTORY_PROXY,PROXY,CURRENT_HISTORY_ONLY_NO_VINTAGE,false,true,true
1980-03-31,1980-03,0.6,0.6,"2015=100指数(OECD,对照)",M,CPIALL_FRED,FRED(OECD转载总务省),VALIDATED_MIRROR,,,2026-09-05,LATEST_HISTORY_PROXY,PROXY,CURRENT_HISTORY_ONLY_NO_VINTAGE,false,true,true
1980-04-30,1980-04,1.7,1.7,"2015=100指数(OECD,对照)",M,CPIALL_FRED,FRED(OECD转载总务省),VALIDATED_MIRROR,,,2026-09-05,LATEST_HISTORY_PROXY,PROXY,CURRENT_HISTORY_ONLY_NO_VINTAGE,false,true,true
1980-05-31,1980-05,0.9,0.9,"2015=100指数(OECD,对照)",M,CPIALL_FRED,FRED(OECD转载总务省),VALIDATED_MIRROR,,,2026-09-05,LATEST_HISTORY_PROXY,PROXY,CURRENT_HISTORY_ONLY_NO_VINTAGE,false,true,true
1980-06-30,1980-06,0.4,0.4,"2015=100指数(OECD,对照)",M,CPIALL_FRED,FRED(OECD转载总务省),VALIDATED_MIRROR,,,2026-09-05,LATEST_HISTORY_PROXY,PROXY,CURRENT_HISTORY_ONLY_NO_VINTAGE,false,true,true
1980-07-31,1980-07,0.1,0.1,"2015=100指数(OECD,对照)",M,CPIALL_FRED,FRED(OECD转载总务省),VALIDATED_MIRROR,,,2026-09-05,LATEST_HISTORY_PROXY,PROXY,CURRENT_HISTORY_ONLY_NO_VINTAGE,false,true,true
1980-08-31,1980-08,-0.3,-0.3,"2015=100指数(OECD,对照)",M,CPIALL_FRED,FRED(OECD转载总务省),VALIDATED_MIRROR,,,2026-09-05,LATEST_HISTORY_PROXY,PROXY,CURRENT_HISTORY_ONLY_NO_VINTAGE,false,true,true
1980-09-30,1980-09,1.7,1.7,"2015=100指数(OECD,对照)",M,CPIALL_FRED,FRED(OECD转载总务省),VALIDATED_MIRROR,,,2026-09-05,LATEST_HISTORY_PROXY,PROXY,CURRENT_HISTORY_ONLY_NO_VINTAGE,false,true,true
1980-10-31,1980-10,0.2,0.2,"2015=100指数(OECD,对照)",M,CPIALL_FRED,FRED(OECD转载总务省),VALIDATED_MIRROR,,,2026-09-05,LATEST_HISTORY_PROXY,PROXY,CURRENT_HISTORY_ONLY_NO_VINTAGE,false,true,true
1980-11-30,1980-11,0.2,0.2,"2015=100指数(OECD,对照)",M,CPIALL_FRED,FRED(OECD转载总务省),VALIDATED_MIRROR,,,2026-09-05,LATEST_HISTORY_PROXY,PROXY,CURRENT_HISTORY_ONLY_NO_VINTAGE,false,true,true
1980-12-31,1980-12,-0.3,-0.3,"2015=100指数(OECD,对照)",M,CPIALL_FRED,FRED(OECD转载总务省),VALIDATED_MIRROR,,,2026-09-05,LATEST_HISTORY_PROXY,PROXY,CURRENT_HISTORY_ONLY_NO_VINTAGE,false,true,true
1981-01-31,1981-01,1,1,"2015=100指数(OECD,对照)",M,CPIALL_FRED,FRED(OECD转载总务省),VALIDATED_MIRROR,,,2026-09-05,LATEST_HISTORY_PROXY,PROXY,CURRENT_HISTORY_ONLY_NO_VINTAGE,false,true,true
1981-02-28,1981-02,-0.1,-0.1,"2015=100指数(OECD,对照)",M,CPIALL_FRED,FRED(OECD转载总务省),VALIDATED_MIRROR,,,2026-09-05,LATEST_HISTORY_PROXY,PROXY,CURRENT_HISTORY_ONLY_NO_VINTAGE,false,true,true
1981-03-31,1981-03,0.4,0.4,"2015=100指数(OECD,对照)",M,CPIALL_FRED,FRED(OECD转载总务省),VALIDATED_MIRROR,,,2026-09-05,LATEST_HISTORY_PROXY,PROXY,CURRENT_HISTORY_ONLY_NO_VINTAGE,false,true,true
1981-04-30,1981-04,0.8,0.8,"2015=100指数(OECD,对照)",M,CPIALL_FRED,FRED(OECD转载总务省),VALIDATED_MIRROR,,,2026-09-05,LATEST_HISTORY_PROXY,PROXY,CURRENT_HISTORY_ONLY_NO_VINTAGE,false,true,true
1981-05-31,1981-05,0.9,0.9,"2015=100指数(OECD,对照)",M,CPIALL_FRED,FRED(OECD转载总务省),VALIDATED_MIRROR,,,2026-09-05,LATEST_HISTORY_PROXY,PROXY,CURRENT_HISTORY_ONLY_NO_VINTAGE,false,true,true
1981-06-30,1981-06,0.2,0.2,"2015=100指数(OECD,对照)",M,CPIALL_FRED,FRED(OECD转载总务省),VALIDATED_MIRROR,,,2026-09-05,LATEST_HISTORY_PROXY,PROXY,CURRENT_HISTORY_ONLY_NO_VINTAGE,false,true,true
1981-07-31,1981-07,-0.3,-0.3,"2015=100指数(OECD,对照)",M,CPIALL_FRED,FRED(OECD转载总务省),VALIDATED_MIRROR,,,2026-09-05,LATEST_HISTORY_PROXY,PROXY,CURRENT_HISTORY_ONLY_NO_VINTAGE,false,true,true
1981-08-31,1981-08,-0.5,-0.5,"2015=100指数(OECD,对照)",M,CPIALL_FRED,FRED(OECD转载总务省),VALIDATED_MIRROR,,,2026-09-05,LATEST_HISTORY_PROXY,PROXY,CURRENT_HISTORY_ONLY_NO_VINTAGE,false,true,true
1981-09-30,1981-09,1.5,1.5,"2015=100指数(OECD,对照)",M,CPIALL_FRED,FRED(OECD转载总务省),VALIDATED_MIRROR,,,2026-09-05,LATEST_HISTORY_PROXY,PROXY,CURRENT_HISTORY_ONLY_NO_VINTAGE,false,true,true
1981-10-31,1981-10,0.4,0.4,"2015=100指数(OECD,对照)",M,CPIALL_FRED,FRED(OECD转载总务省),VALIDATED_MIRROR,,,2026-09-05,LATEST_HISTORY_PROXY,PROXY,CURRENT_HISTORY_ONLY_NO_VINTAGE,false,true,true
1981-11-30,1981-11,-0.2,-0.2,"2015=100指数(OECD,对照)",M,CPIALL_FRED,FRED(OECD转载总务省),VALIDATED_MIRROR,,,2026-09-05,LATEST_HISTORY_PROXY,PROXY,CURRENT_HISTORY_ONLY_NO_VINTAGE,false,true,true
1981-12-31,1981-12,0.2,0.2,"2015=100指数(OECD,对照)",M,CPIALL_FRED,FRED(OECD转载总务省),VALIDATED_MIRROR,,,2026-09-05,LATEST_HISTORY_PROXY,PROXY,CURRENT_HISTORY_ONLY_NO_VINTAGE,false,true,true
1982-01-31,1982-01,0,0,"2015=100指数(OECD,对照)",M,CPIALL_FRED,FRED(OECD转载总务省),VALIDATED_MIRROR,,,2026-09-05,LATEST_HISTORY_PROXY,PROXY,CURRENT_HISTORY_ONLY_NO_VINTAGE,false,true,true
1982-02-28,1982-02,-0.2,-0.2,"2015=100指数(OECD,对照)",M,CPIALL_FRED,FRED(OECD转载总务省),VALIDATED_MIRROR,,,2026-09-05,LATEST_HISTORY_PROXY,PROXY,CURRENT_HISTORY_ONLY_NO_VINTAGE,false,true,true
1982-03-31,1982-03,0.2,0.2,"2015=100指数(OECD,对照)",M,CPIALL_FRED,FRED(OECD转载总务省),VALIDATED_MIRROR,,,2026-09-05,LATEST_HISTORY_PROXY,PROXY,CURRENT_HISTORY_ONLY_NO_VINTAGE,false,true,true
1982-04-30,1982-04,0.8,0.8,"2015=100指数(OECD,对照)",M,CPIALL_FRED,FRED(OECD转载总务省),VALIDATED_MIRROR,,,2026-09-05,LATEST_HISTORY_PROXY,PROXY,CURRENT_HISTORY_ONLY_NO_VINTAGE,false,true,true
1982-05-31,1982-05,0.4,0.4,"2015=100指数(OECD,对照)",M,CPIALL_FRED,FRED(OECD转载总务省),VALIDATED_MIRROR,,,2026-09-05,LATEST_HISTORY_PROXY,PROXY,CURRENT_HISTORY_ONLY_NO_VINTAGE,false,true,true
1982-06-30,1982-06,0,0,"2015=100指数(OECD,对照)",M,CPIALL_FRED,FRED(OECD转载总务省),VALIDATED_MIRROR,,,2026-09-05,LATEST_HISTORY_PROXY,PROXY,CURRENT_HISTORY_ONLY_NO_VINTAGE,false,true,true
1982-07-31,1982-07,-0.6,-0.6,"2015=100指数(OECD,对照)",M,CPIALL_FRED,FRED(OECD转载总务省),VALIDATED_MIRROR,,,2026-09-05,LATEST_HISTORY_PROXY,PROXY,CURRENT_HISTORY_ONLY_NO_VINTAGE,false,true,true
1982-08-31,1982-08,0.7,0.7,"2015=100指数(OECD,对照)",M,CPIALL_FRED,FRED(OECD转载总务省),VALIDATED_MIRROR,,,2026-09-05,LATEST_HISTORY_PROXY,PROXY,CURRENT_HISTORY_ONLY_NO_VINTAGE,false,true,true
1982-09-30,1982-09,1.6,1.6,"2015=100指数(OECD,对照)",M,CPIALL_FRED,FRED(OECD转载总务省),VALIDATED_MIRROR,,,2026-09-05,LATEST_HISTORY_PROXY,PROXY,CURRENT_HISTORY_ONLY_NO_VINTAGE,false,true,true
1982-10-31,1982-10,0.3,0.3,"2015=100指数(OECD,对照)",M,CPIALL_FRED,FRED(OECD转载总务省),VALIDATED_MIRROR,,,2026-09-05,LATEST_HISTORY_PROXY,PROXY,CURRENT_HISTORY_ONLY_NO_VINTAGE,false,true,true
1982-11-30,1982-11,-1,-1,"2015=100指数(OECD,对照)",M,CPIALL_FRED,FRED(OECD转载总务省),VALIDATED_MIRROR,,,2026-09-05,LATEST_HISTORY_PROXY,PROXY,CURRENT_HISTORY_ONLY_NO_VINTAGE,false,true,true
1982-12-31,1982-12,-0.1,-0.1,"2015=100指数(OECD,对照)",M,CPIALL_FRED,FRED(OECD转载总务省),VALIDATED_MIRROR,,,2026-09-05,LATEST_HISTORY_PROXY,PROXY,CURRENT_HISTORY_ONLY_NO_VINTAGE,false,true,true
1983-01-31,1983-01,0.1,0.1,"2015=100指数(OECD,对照)",M,CPIALL_FRED,FRED(OECD转载总务省),VALIDATED_MIRROR,,,2026-09-05,LATEST_HISTORY_PROXY,PROXY,CURRENT_HISTORY_ONLY_NO_VINTAGE,false,true,true
1983-02-28,1983-02,-0.3,-0.3,"2015=100指数(OECD,对照)",M,CPIALL_FRED,FRED(OECD转载总务省),VALIDATED_MIRROR,,,2026-09-05,LATEST_HISTORY_PROXY,PROXY,CURRENT_HISTORY_ONLY_NO_VINTAGE,false,true,true
1983-03-31,1983-03,0.6,0.6,"2015=100指数(OECD,对照)",M,CPIALL_FRED,FRED(OECD转载总务省),VALIDATED_MIRROR,,,2026-09-05,LATEST_HISTORY_PROXY,PROXY,CURRENT_HISTORY_ONLY_NO_VINTAGE,false,true,true
1983-04-30,1983-04,0.5,0.5,"2015=100指数(OECD,对照)",M,CPIALL_FRED,FRED(OECD转载总务省),VALIDATED_MIRROR,,,2026-09-05,LATEST_HISTORY_PROXY,PROXY,CURRENT_HISTORY_ONLY_NO_VINTAGE,false,true,true
1983-05-31,1983-05,1,1,"2015=100指数(OECD,对照)",M,CPIALL_FRED,FRED(OECD转载总务省),VALIDATED_MIRROR,,,2026-09-05,LATEST_HISTORY_PROXY,PROXY,CURRENT_HISTORY_ONLY_NO_VINTAGE,false,true,true
1983-06-30,1983-06,-0.6,-0.6,"2015=100指数(OECD,对照)",M,CPIALL_FRED,FRED(OECD转载总务省),VALIDATED_MIRROR,,,2026-09-05,LATEST_HISTORY_PROXY,PROXY,CURRENT_HISTORY_ONLY_NO_VINTAGE,false,true,true
1983-07-31,1983-07,-0.4,-0.4,"2015=100指数(OECD,对照)",M,CPIALL_FRED,FRED(OECD转载总务省),VALIDATED_MIRROR,,,2026-09-05,LATEST_HISTORY_PROXY,PROXY,CURRENT_HISTORY_ONLY_NO_VINTAGE,false,true,true
1983-08-31,1983-08,-0.3,-0.3,"2015=100指数(OECD,对照)",M,CPIALL_FRED,FRED(OECD转载总务省),VALIDATED_MIRROR,,,2026-09-05,LATEST_HISTORY_PROXY,PROXY,CURRENT_HISTORY_ONLY_NO_VINTAGE,false,true,true
1983-09-30,1983-09,1.2,1.2,"2015=100指数(OECD,对照)",M,CPIALL_FRED,FRED(OECD转载总务省),VALIDATED_MIRROR,,,2026-09-05,LATEST_HISTORY_PROXY,PROXY,CURRENT_HISTORY_ONLY_NO_VINTAGE,false,true,true
1983-10-31,1983-10,0.8,0.8,"2015=100指数(OECD,对照)",M,CPIALL_FRED,FRED(OECD转载总务省),VALIDATED_MIRROR,,,2026-09-05,LATEST_HISTORY_PROXY,PROXY,CURRENT_HISTORY_ONLY_NO_VINTAGE,false,true,true
1983-11-30,1983-11,-0.5,-0.5,"2015=100指数(OECD,对照)",M,CPIALL_FRED,FRED(OECD转载总务省),VALIDATED_MIRROR,,,2026-09-05,LATEST_HISTORY_PROXY,PROXY,CURRENT_HISTORY_ONLY_NO_VINTAGE,false,true,true
1983-12-31,1983-12,-0.3,-0.3,"2015=100指数(OECD,对照)",M,CPIALL_FRED,FRED(OECD转载总务省),VALIDATED_MIRROR,,,2026-09-05,LATEST_HISTORY_PROXY,PROXY,CURRENT_HISTORY_ONLY_NO_VINTAGE,false,true,true
1984-01-31,1984-01,0.3,0.3,"2015=100指数(OECD,对照)",M,CPIALL_FRED,FRED(OECD转载总务省),VALIDATED_MIRROR,,,2026-09-05,LATEST_HISTORY_PROXY,PROXY,CURRENT_HISTORY_ONLY_NO_VINTAGE,false,true,true
1984-02-29,1984-02,0.6,0.6,"2015=100指数(OECD,对照)",M,CPIALL_FRED,FRED(OECD转载总务省),VALIDATED_MIRROR,,,2026-09-05,LATEST_HISTORY_PROXY,PROXY,CURRENT_HISTORY_ONLY_NO_VINTAGE,false,true,true
1984-03-31,1984-03,0.2,0.2,"2015=100指数(OECD,对照)",M,CPIALL_FRED,FRED(OECD转载总务省),VALIDATED_MIRROR,,,2026-09-05,LATEST_HISTORY_PROXY,PROXY,CURRENT_HISTORY_ONLY_NO_VINTAGE,false,true,true
1984-04-30,1984-04,0.3,0.3,"2015=100指数(OECD,对照)",M,CPIALL_FRED,FRED(OECD转载总务省),VALIDATED_MIRROR,,,2026-09-05,LATEST_HISTORY_PROXY,PROXY,CURRENT_HISTORY_ONLY_NO_VINTAGE,false,true,true
1984-05-31,1984-05,0.7,0.7,"2015=100指数(OECD,对照)",M,CPIALL_FRED,FRED(OECD转载总务省),VALIDATED_MIRROR,,,2026-09-05,LATEST_HISTORY_PROXY,PROXY,CURRENT_HISTORY_ONLY_NO_VINTAGE,false,true,true
1984-06-30,1984-06,-0.7,-0.7,"2015=100指数(OECD,对照)",M,CPIALL_FRED,FRED(OECD转载总务省),VALIDATED_MIRROR,,,2026-09-05,LATEST_HISTORY_PROXY,PROXY,CURRENT_HISTORY_ONLY_NO_VINTAGE,false,true,true
1984-07-31,1984-07,0.2,0.2,"2015=100指数(OECD,对照)",M,CPIALL_FRED,FRED(OECD转载总务省),VALIDATED_MIRROR,,,2026-09-05,LATEST_HISTORY_PROXY,PROXY,CURRENT_HISTORY_ONLY_NO_VINTAGE,false,true,true
1984-08-31,1984-08,-0.8,-0.8,"2015=100指数(OECD,对照)",M,CPIALL_FRED,FRED(OECD转载总务省),VALIDATED_MIRROR,,,2026-09-05,LATEST_HISTORY_PROXY,PROXY,CURRENT_HISTORY_ONLY_NO_VINTAGE,false,true,true
1984-09-30,1984-09,1.5,1.5,"2015=100指数(OECD,对照)",M,CPIALL_FRED,FRED(OECD转载总务省),VALIDATED_MIRROR,,,2026-09-05,LATEST_HISTORY_PROXY,PROXY,CURRENT_HISTORY_ONLY_NO_VINTAGE,false,true,true
1984-10-31,1984-10,0.7,0.7,"2015=100指数(OECD,对照)",M,CPIALL_FRED,FRED(OECD转载总务省),VALIDATED_MIRROR,,,2026-09-05,LATEST_HISTORY_PROXY,PROXY,CURRENT_HISTORY_ONLY_NO_VINTAGE,false,true,true
1984-11-30,1984-11,-0.5,-0.5,"2015=100指数(OECD,对照)",M,CPIALL_FRED,FRED(OECD转载总务省),VALIDATED_MIRROR,,,2026-09-05,LATEST_HISTORY_PROXY,PROXY,CURRENT_HISTORY_ONLY_NO_VINTAGE,false,true,true
1984-12-31,1984-12,0.2,0.2,"2015=100指数(OECD,对照)",M,CPIALL_FRED,FRED(OECD转载总务省),VALIDATED_MIRROR,,,2026-09-05,LATEST_HISTORY_PROXY,PROXY,CURRENT_HISTORY_ONLY_NO_VINTAGE,false,true,true
1985-01-31,1985-01,0.5,0.5,"2015=100指数(OECD,对照)",M,CPIALL_FRED,FRED(OECD转载总务省),VALIDATED_MIRROR,,,2026-09-05,LATEST_HISTORY_PROXY,PROXY,CURRENT_HISTORY_ONLY_NO_VINTAGE,false,true,true
1985-02-28,1985-02,-0.4,-0.4,"2015=100指数(OECD,对照)",M,CPIALL_FRED,FRED(OECD转载总务省),VALIDATED_MIRROR,,,2026-09-05,LATEST_HISTORY_PROXY,PROXY,CURRENT_HISTORY_ONLY_NO_VINTAGE,false,true,true
1985-03-31,1985-03,0.4,0.4,"2015=100指数(OECD,对照)",M,CPIALL_FRED,FRED(OECD转载总务省),VALIDATED_MIRROR,,,2026-09-05,LATEST_HISTORY_PROXY,PROXY,CURRENT_HISTORY_ONLY_NO_VINTAGE,false,true,true
1985-04-30,1985-04,0.6,0.6,"2015=100指数(OECD,对照)",M,CPIALL_FRED,FRED(OECD转载总务省),VALIDATED_MIRROR,,,2026-09-05,LATEST_HISTORY_PROXY,PROXY,CURRENT_HISTORY_ONLY_NO_VINTAGE,false,true,true
1985-05-31,1985-05,0.2,0.2,"2015=100指数(OECD,对照)",M,CPIALL_FRED,FRED(OECD转载总务省),VALIDATED_MIRROR,,,2026-09-05,LATEST_HISTORY_PROXY,PROXY,CURRENT_HISTORY_ONLY_NO_VINTAGE,false,true,true
1985-06-30,1985-06,0,0,"2015=100指数(OECD,对照)",M,CPIALL_FRED,FRED(OECD转载总务省),VALIDATED_MIRROR,,,2026-09-05,LATEST_HISTORY_PROXY,PROXY,CURRENT_HISTORY_ONLY_NO_VINTAGE,false,true,true
1985-07-31,1985-07,0.2,0.2,"2015=100指数(OECD,对照)",M,CPIALL_FRED,FRED(OECD转载总务省),VALIDATED_MIRROR,,,2026-09-05,LATEST_HISTORY_PROXY,PROXY,CURRENT_HISTORY_ONLY_NO_VINTAGE,false,true,true
1985-08-31,1985-08,-0.2,-0.2,"2015=100指数(OECD,对照)",M,CPIALL_FRED,FRED(OECD转载总务省),VALIDATED_MIRROR,,,2026-09-05,LATEST_HISTORY_PROXY,PROXY,CURRENT_HISTORY_ONLY_NO_VINTAGE,false,true,true
1985-09-30,1985-09,0.1,0.1,"2015=100指数(OECD,对照)",M,CPIALL_FRED,FRED(OECD转载总务省),VALIDATED_MIRROR,,,2026-09-05,LATEST_HISTORY_PROXY,PROXY,CURRENT_HISTORY_ONLY_NO_VINTAGE,false,true,true
1985-10-31,1985-10,0.9,0.9,"2015=100指数(OECD,对照)",M,CPIALL_FRED,FRED(OECD转载总务省),VALIDATED_MIRROR,,,2026-09-05,LATEST_HISTORY_PROXY,PROXY,CURRENT_HISTORY_ONLY_NO_VINTAGE,false,true,true
1985-11-30,1985-11,-0.8,-0.8,"2015=100指数(OECD,对照)",M,CPIALL_FRED,FRED(OECD转载总务省),VALIDATED_MIRROR,,,2026-09-05,LATEST_HISTORY_PROXY,PROXY,CURRENT_HISTORY_ONLY_NO_VINTAGE,false,true,true
1985-12-31,1985-12,0.1,0.1,"2015=100指数(OECD,对照)",M,CPIALL_FRED,FRED(OECD转载总务省),VALIDATED_MIRROR,,,2026-09-05,LATEST_HISTORY_PROXY,PROXY,CURRENT_HISTORY_ONLY_NO_VINTAGE,false,true,true
1986-01-31,1986-01,0.4,0.4,"2015=100指数(OECD,对照)",M,CPIALL_FRED,FRED(OECD转载总务省),VALIDATED_MIRROR,,,2026-09-05,LATEST_HISTORY_PROXY,PROXY,CURRENT_HISTORY_ONLY_NO_VINTAGE,false,true,true
1986-02-28,1986-02,-0.1,-0.1,"2015=100指数(OECD,对照)",M,CPIALL_FRED,FRED(OECD转载总务省),VALIDATED_MIRROR,,,2026-09-05,LATEST_HISTORY_PROXY,PROXY,CURRENT_HISTORY_ONLY_NO_VINTAGE,false,true,true
1986-03-31,1986-03,-0.1,-0.1,"2015=100指数(OECD,对照)",M,CPIALL_FRED,FRED(OECD转载总务省),VALIDATED_MIRROR,,,2026-09-05,LATEST_HISTORY_PROXY,PROXY,CURRENT_HISTORY_ONLY_NO_VINTAGE,false,true,true
1986-04-30,1986-04,0.3,0.3,"2015=100指数(OECD,对照)",M,CPIALL_FRED,FRED(OECD转载总务省),VALIDATED_MIRROR,,,2026-09-05,LATEST_HISTORY_PROXY,PROXY,CURRENT_HISTORY_ONLY_NO_VINTAGE,false,true,true
1986-05-31,1986-05,0.3,0.3,"2015=100指数(OECD,对照)",M,CPIALL_FRED,FRED(OECD转载总务省),VALIDATED_MIRROR,,,2026-09-05,LATEST_HISTORY_PROXY,PROXY,CURRENT_HISTORY_ONLY_NO_VINTAGE,false,true,true
1986-06-30,1986-06,-0.5,-0.5,"2015=100指数(OECD,对照)",M,CPIALL_FRED,FRED(OECD转载总务省),VALIDATED_MIRROR,,,2026-09-05,LATEST_HISTORY_PROXY,PROXY,CURRENT_HISTORY_ONLY_NO_VINTAGE,false,true,true
1986-07-31,1986-07,-0.3,-0.3,"2015=100指数(OECD,对照)",M,CPIALL_FRED,FRED(OECD转载总务省),VALIDATED_MIRROR,,,2026-09-05,LATEST_HISTORY_PROXY,PROXY,CURRENT_HISTORY_ONLY_NO_VINTAGE,false,true,true
1986-08-31,1986-08,-0.2,-0.2,"2015=100指数(OECD,对照)",M,CPIALL_FRED,FRED(OECD转载总务省),VALIDATED_MIRROR,,,2026-09-05,LATEST_HISTORY_PROXY,PROXY,CURRENT_HISTORY_ONLY_NO_VINTAGE,false,true,true
1986-09-30,1986-09,0.5,0.5,"2015=100指数(OECD,对照)",M,CPIALL_FRED,FRED(OECD转载总务省),VALIDATED_MIRROR,,,2026-09-05,LATEST_HISTORY_PROXY,PROXY,CURRENT_HISTORY_ONLY_NO_VINTAGE,false,true,true
1986-10-31,1986-10,0.1,0.1,"2015=100指数(OECD,对照)",M,CPIALL_FRED,FRED(OECD转载总务省),VALIDATED_MIRROR,,,2026-09-05,LATEST_HISTORY_PROXY,PROXY,CURRENT_HISTORY_ONLY_NO_VINTAGE,false,true,true
1986-11-30,1986-11,-0.5,-0.5,"2015=100指数(OECD,对照)",M,CPIALL_FRED,FRED(OECD转载总务省),VALIDATED_MIRROR,,,2026-09-05,LATEST_HISTORY_PROXY,PROXY,CURRENT_HISTORY_ONLY_NO_VINTAGE,false,true,true
1986-12-31,1986-12,-0.2,-0.2,"2015=100指数(OECD,对照)",M,CPIALL_FRED,FRED(OECD转载总务省),VALIDATED_MIRROR,,,2026-09-05,LATEST_HISTORY_PROXY,PROXY,CURRENT_HISTORY_ONLY_NO_VINTAGE,false,true,true
1987-01-31,1987-01,-0.4,-0.4,"2015=100指数(OECD,对照)",M,CPIALL_FRED,FRED(OECD转载总务省),VALIDATED_MIRROR,,,2026-09-05,LATEST_HISTORY_PROXY,PROXY,CURRENT_HISTORY_ONLY_NO_VINTAGE,false,true,true
1987-02-28,1987-02,0,0,"2015=100指数(OECD,对照)",M,CPIALL_FRED,FRED(OECD转载总务省),VALIDATED_MIRROR,,,2026-09-05,LATEST_HISTORY_PROXY,PROXY,CURRENT_HISTORY_ONLY_NO_VINTAGE,false,true,true
1987-03-31,1987-03,0.4,0.4,"2015=100指数(OECD,对照)",M,CPIALL_FRED,FRED(OECD转载总务省),VALIDATED_MIRROR,,,2026-09-05,LATEST_HISTORY_PROXY,PROXY,CURRENT_HISTORY_ONLY_NO_VINTAGE,false,true,true
1987-04-30,1987-04,0.9,0.9,"2015=100指数(OECD,对照)",M,CPIALL_FRED,FRED(OECD转载总务省),VALIDATED_MIRROR,,,2026-09-05,LATEST_HISTORY_PROXY,PROXY,CURRENT_HISTORY_ONLY_NO_VINTAGE,false,true,true
1987-05-31,1987-05,0.2,0.2,"2015=100指数(OECD,对照)",M,CPIALL_FRED,FRED(OECD转载总务省),VALIDATED_MIRROR,,,2026-09-05,LATEST_HISTORY_PROXY,PROXY,CURRENT_HISTORY_ONLY_NO_VINTAGE,false,true,true
1987-06-30,1987-06,-0.2,-0.2,"2015=100指数(OECD,对照)",M,CPIALL_FRED,FRED(OECD转载总务省),VALIDATED_MIRROR,,,2026-09-05,LATEST_HISTORY_PROXY,PROXY,CURRENT_HISTORY_ONLY_NO_VINTAGE,false,true,true
1987-07-31,1987-07,-0.5,-0.5,"2015=100指数(OECD,对照)",M,CPIALL_FRED,FRED(OECD转载总务省),VALIDATED_MIRROR,,,2026-09-05,LATEST_HISTORY_PROXY,PROXY,CURRENT_HISTORY_ONLY_NO_VINTAGE,false,true,true
1987-08-31,1987-08,0.1,0.1,"2015=100指数(OECD,对照)",M,CPIALL_FRED,FRED(OECD转载总务省),VALIDATED_MIRROR,,,2026-09-05,LATEST_HISTORY_PROXY,PROXY,CURRENT_HISTORY_ONLY_NO_VINTAGE,false,true,true
1987-09-30,1987-09,0.9,0.9,"2015=100指数(OECD,对照)",M,CPIALL_FRED,FRED(OECD转载总务省),VALIDATED_MIRROR,,,2026-09-05,LATEST_HISTORY_PROXY,PROXY,CURRENT_HISTORY_ONLY_NO_VINTAGE,false,true,true
1987-10-31,1987-10,0,0,"2015=100指数(OECD,对照)",M,CPIALL_FRED,FRED(OECD转载总务省),VALIDATED_MIRROR,,,2026-09-05,LATEST_HISTORY_PROXY,PROXY,CURRENT_HISTORY_ONLY_NO_VINTAGE,false,true,true
1987-11-30,1987-11,-0.5,-0.5,"2015=100指数(OECD,对照)",M,CPIALL_FRED,FRED(OECD转载总务省),VALIDATED_MIRROR,,,2026-09-05,LATEST_HISTORY_PROXY,PROXY,CURRENT_HISTORY_ONLY_NO_VINTAGE,false,true,true
1987-12-31,1987-12,-0.1,-0.1,"2015=100指数(OECD,对照)",M,CPIALL_FRED,FRED(OECD转载总务省),VALIDATED_MIRROR,,,2026-09-05,LATEST_HISTORY_PROXY,PROXY,CURRENT_HISTORY_ONLY_NO_VINTAGE,false,true,true
1988-01-31,1988-01,-0.3,-0.3,"2015=100指数(OECD,对照)",M,CPIALL_FRED,FRED(OECD转载总务省),VALIDATED_MIRROR,,,2026-09-05,LATEST_HISTORY_PROXY,PROXY,CURRENT_HISTORY_ONLY_NO_VINTAGE,false,true,true
1988-02-29,1988-02,-0.2,-0.2,"2015=100指数(OECD,对照)",M,CPIALL_FRED,FRED(OECD转载总务省),VALIDATED_MIRROR,,,2026-09-05,LATEST_HISTORY_PROXY,PROXY,CURRENT_HISTORY_ONLY_NO_VINTAGE,false,true,true
1988-03-31,1988-03,0.4,0.4,"2015=100指数(OECD,对照)",M,CPIALL_FRED,FRED(OECD转载总务省),VALIDATED_MIRROR,,,2026-09-05,LATEST_HISTORY_PROXY,PROXY,CURRENT_HISTORY_ONLY_NO_VINTAGE,false,true,true
1988-04-30,1988-04,0.5,0.5,"2015=100指数(OECD,对照)",M,CPIALL_FRED,FRED(OECD转载总务省),VALIDATED_MIRROR,,,2026-09-05,LATEST_HISTORY_PROXY,PROXY,CURRENT_HISTORY_ONLY_NO_VINTAGE,false,true,true
1988-05-31,1988-05,0.1,0.1,"2015=100指数(OECD,对照)",M,CPIALL_FRED,FRED(OECD转载总务省),VALIDATED_MIRROR,,,2026-09-05,LATEST_HISTORY_PROXY,PROXY,CURRENT_HISTORY_ONLY_NO_VINTAGE,false,true,true
1988-06-30,1988-06,-0.2,-0.2,"2015=100指数(OECD,对照)",M,CPIALL_FRED,FRED(OECD转载总务省),VALIDATED_MIRROR,,,2026-09-05,LATEST_HISTORY_PROXY,PROXY,CURRENT_HISTORY_ONLY_NO_VINTAGE,false,true,true
1988-07-31,1988-07,-0.2,-0.2,"2015=100指数(OECD,对照)",M,CPIALL_FRED,FRED(OECD转载总务省),VALIDATED_MIRROR,,,2026-09-05,LATEST_HISTORY_PROXY,PROXY,CURRENT_HISTORY_ONLY_NO_VINTAGE,false,true,true
1988-08-31,1988-08,0.3,0.3,"2015=100指数(OECD,对照)",M,CPIALL_FRED,FRED(OECD转载总务省),VALIDATED_MIRROR,,,2026-09-05,LATEST_HISTORY_PROXY,PROXY,CURRENT_HISTORY_ONLY_NO_VINTAGE,false,true,true
1988-09-30,1988-09,0.8,0.8,"2015=100指数(OECD,对照)",M,CPIALL_FRED,FRED(OECD转载总务省),VALIDATED_MIRROR,,,2026-09-05,LATEST_HISTORY_PROXY,PROXY,CURRENT_HISTORY_ONLY_NO_VINTAGE,false,true,true
1988-10-31,1988-10,0.5,0.5,"2015=100指数(OECD,对照)",M,CPIALL_FRED,FRED(OECD转载总务省),VALIDATED_MIRROR,,,2026-09-05,LATEST_HISTORY_PROXY,PROXY,CURRENT_HISTORY_ONLY_NO_VINTAGE,false,true,true
1988-11-30,1988-11,-0.4,-0.4,"2015=100指数(OECD,对照)",M,CPIALL_FRED,FRED(OECD转载总务省),VALIDATED_MIRROR,,,2026-09-05,LATEST_HISTORY_PROXY,PROXY,CURRENT_HISTORY_ONLY_NO_VINTAGE,false,true,true
1988-12-31,1988-12,-0.3,-0.3,"2015=100指数(OECD,对照)",M,CPIALL_FRED,FRED(OECD转载总务省),VALIDATED_MIRROR,,,2026-09-05,LATEST_HISTORY_PROXY,PROXY,CURRENT_HISTORY_ONLY_NO_VINTAGE,false,true,true
1989-01-31,1989-01,-0.2,-0.2,"2015=100指数(OECD,对照)",M,CPIALL_FRED,FRED(OECD转载总务省),VALIDATED_MIRROR,,,2026-09-05,LATEST_HISTORY_PROXY,PROXY,CURRENT_HISTORY_ONLY_NO_VINTAGE,false,true,true
1989-02-28,1989-02,-0.3,-0.3,"2015=100指数(OECD,对照)",M,CPIALL_FRED,FRED(OECD转载总务省),VALIDATED_MIRROR,,,2026-09-05,LATEST_HISTORY_PROXY,PROXY,CURRENT_HISTORY_ONLY_NO_VINTAGE,false,true,true
1989-03-31,1989-03,0.5,0.5,"2015=100指数(OECD,对照)",M,CPIALL_FRED,FRED(OECD转载总务省),VALIDATED_MIRROR,,,2026-09-05,LATEST_HISTORY_PROXY,PROXY,CURRENT_HISTORY_ONLY_NO_VINTAGE,false,true,true
1989-04-30,1989-04,1.8,1.8,"2015=100指数(OECD,对照)",M,CPIALL_FRED,FRED(OECD转载总务省),VALIDATED_MIRROR,,,2026-09-05,LATEST_HISTORY_PROXY,PROXY,CURRENT_HISTORY_ONLY_NO_VINTAGE,false,true,true
1989-05-31,1989-05,0.6,0.6,"2015=100指数(OECD,对照)",M,CPIALL_FRED,FRED(OECD转载总务省),VALIDATED_MIRROR,,,2026-09-05,LATEST_HISTORY_PROXY,PROXY,CURRENT_HISTORY_ONLY_NO_VINTAGE,false,true,true
1989-06-30,1989-06,-0.1,-0.1,"2015=100指数(OECD,对照)",M,CPIALL_FRED,FRED(OECD转载总务省),VALIDATED_MIRROR,,,2026-09-05,LATEST_HISTORY_PROXY,PROXY,CURRENT_HISTORY_ONLY_NO_VINTAGE,false,true,true
1989-07-31,1989-07,-0.2,-0.2,"2015=100指数(OECD,对照)",M,CPIALL_FRED,FRED(OECD转载总务省),VALIDATED_MIRROR,,,2026-09-05,LATEST_HISTORY_PROXY,PROXY,CURRENT_HISTORY_ONLY_NO_VINTAGE,false,true,true
1989-08-31,1989-08,-0.1,-0.1,"2015=100指数(OECD,对照)",M,CPIALL_FRED,FRED(OECD转载总务省),VALIDATED_MIRROR,,,2026-09-05,LATEST_HISTORY_PROXY,PROXY,CURRENT_HISTORY_ONLY_NO_VINTAGE,false,true,true
1989-09-30,1989-09,0.9,0.9,"2015=100指数(OECD,对照)",M,CPIALL_FRED,FRED(OECD转载总务省),VALIDATED_MIRROR,,,2026-09-05,LATEST_HISTORY_PROXY,PROXY,CURRENT_HISTORY_ONLY_NO_VINTAGE,false,true,true
1989-10-31,1989-10,0.8,0.8,"2015=100指数(OECD,对照)",M,CPIALL_FRED,FRED(OECD转载总务省),VALIDATED_MIRROR,,,2026-09-05,LATEST_HISTORY_PROXY,PROXY,CURRENT_HISTORY_ONLY_NO_VINTAGE,false,true,true
1989-11-30,1989-11,-1,-1,"2015=100指数(OECD,对照)",M,CPIALL_FRED,FRED(OECD转载总务省),VALIDATED_MIRROR,,,2026-09-05,LATEST_HISTORY_PROXY,PROXY,CURRENT_HISTORY_ONLY_NO_VINTAGE,false,true,true
1989-12-31,1989-12,0.1,0.1,"2015=100指数(OECD,对照)",M,CPIALL_FRED,FRED(OECD转载总务省),VALIDATED_MIRROR,,,2026-09-05,LATEST_HISTORY_PROXY,PROXY,CURRENT_HISTORY_ONLY_NO_VINTAGE,false,true,true
1990-01-31,1990-01,0.2,0.2,"2015=100指数(OECD,对照)",M,CPIALL_FRED,FRED(OECD转载总务省),VALIDATED_MIRROR,,,2026-09-05,LATEST_HISTORY_PROXY,PROXY,CURRENT_HISTORY_ONLY_NO_VINTAGE,false,true,true
1990-02-28,1990-02,0.1,0.1,"2015=100指数(OECD,对照)",M,CPIALL_FRED,FRED(OECD转载总务省),VALIDATED_MIRROR,,,2026-09-05,LATEST_HISTORY_PROXY,PROXY,CURRENT_HISTORY_ONLY_NO_VINTAGE,false,true,true
1990-03-31,1990-03,0.4,0.4,"2015=100指数(OECD,对照)",M,CPIALL_FRED,FRED(OECD转载总务省),VALIDATED_MIRROR,,,2026-09-05,LATEST_HISTORY_PROXY,PROXY,CURRENT_HISTORY_ONLY_NO_VINTAGE,false,true,true
1990-04-30,1990-04,0.8,0.8,"2015=100指数(OECD,对照)",M,CPIALL_FRED,FRED(OECD转载总务省),VALIDATED_MIRROR,,,2026-09-05,LATEST_HISTORY_PROXY,PROXY,CURRENT_HISTORY_ONLY_NO_VINTAGE,false,true,true
1990-05-31,1990-05,0.5,0.5,"2015=100指数(OECD,对照)",M,CPIALL_FRED,FRED(OECD转载总务省),VALIDATED_MIRROR,,,2026-09-05,LATEST_HISTORY_PROXY,PROXY,CURRENT_HISTORY_ONLY_NO_VINTAGE,false,true,true
1990-06-30,1990-06,-0.4,-0.4,"2015=100指数(OECD,对照)",M,CPIALL_FRED,FRED(OECD转载总务省),VALIDATED_MIRROR,,,2026-09-05,LATEST_HISTORY_PROXY,PROXY,CURRENT_HISTORY_ONLY_NO_VINTAGE,false,true,true
1990-07-31,1990-07,-0.2,-0.2,"2015=100指数(OECD,对照)",M,CPIALL_FRED,FRED(OECD转载总务省),VALIDATED_MIRROR,,,2026-09-05,LATEST_HISTORY_PROXY,PROXY,CURRENT_HISTORY_ONLY_NO_VINTAGE,false,true,true
1990-08-31,1990-08,0.4,0.4,"2015=100指数(OECD,对照)",M,CPIALL_FRED,FRED(OECD转载总务省),VALIDATED_MIRROR,,,2026-09-05,LATEST_HISTORY_PROXY,PROXY,CURRENT_HISTORY_ONLY_NO_VINTAGE,false,true,true
1990-09-30,1990-09,0.8,0.8,"2015=100指数(OECD,对照)",M,CPIALL_FRED,FRED(OECD转载总务省),VALIDATED_MIRROR,,,2026-09-05,LATEST_HISTORY_PROXY,PROXY,CURRENT_HISTORY_ONLY_NO_VINTAGE,false,true,true
1990-10-31,1990-10,1.1,1.1,"2015=100指数(OECD,对照)",M,CPIALL_FRED,FRED(OECD转载总务省),VALIDATED_MIRROR,,,2026-09-05,LATEST_HISTORY_PROXY,PROXY,CURRENT_HISTORY_ONLY_NO_VINTAGE,false,true,true
1990-11-30,1990-11,-0.2,-0.2,"2015=100指数(OECD,对照)",M,CPIALL_FRED,FRED(OECD转载总务省),VALIDATED_MIRROR,,,2026-09-05,LATEST_HISTORY_PROXY,PROXY,CURRENT_HISTORY_ONLY_NO_VINTAGE,false,true,true
1990-12-31,1990-12,-0.1,-0.1,"2015=100指数(OECD,对照)",M,CPIALL_FRED,FRED(OECD转载总务省),VALIDATED_MIRROR,,,2026-09-05,LATEST_HISTORY_PROXY,PROXY,CURRENT_HISTORY_ONLY_NO_VINTAGE,false,true,true
1991-01-31,1991-01,0.7,0.7,"2015=100指数(OECD,对照)",M,CPIALL_FRED,FRED(OECD转载总务省),VALIDATED_MIRROR,,,2026-09-05,LATEST_HISTORY_PROXY,PROXY,CURRENT_HISTORY_ONLY_NO_VINTAGE,false,true,true
1991-02-28,1991-02,-0.3,-0.3,"2015=100指数(OECD,对照)",M,CPIALL_FRED,FRED(OECD转载总务省),VALIDATED_MIRROR,,,2026-09-05,LATEST_HISTORY_PROXY,PROXY,CURRENT_HISTORY_ONLY_NO_VINTAGE,false,true,true
1991-03-31,1991-03,0.5,0.5,"2015=100指数(OECD,对照)",M,CPIALL_FRED,FRED(OECD转载总务省),VALIDATED_MIRROR,,,2026-09-05,LATEST_HISTORY_PROXY,PROXY,CURRENT_HISTORY_ONLY_NO_VINTAGE,false,true,true
1991-04-30,1991-04,0.6,0.6,"2015=100指数(OECD,对照)",M,CPIALL_FRED,FRED(OECD转载总务省),VALIDATED_MIRROR,,,2026-09-05,LATEST_HISTORY_PROXY,PROXY,CURRENT_HISTORY_ONLY_NO_VINTAGE,false,true,true
1991-05-31,1991-05,0.5,0.5,"2015=100指数(OECD,对照)",M,CPIALL_FRED,FRED(OECD转载总务省),VALIDATED_MIRROR,,,2026-09-05,LATEST_HISTORY_PROXY,PROXY,CURRENT_HISTORY_ONLY_NO_VINTAGE,false,true,true
1991-06-30,1991-06,-0.4,-0.4,"2015=100指数(OECD,对照)",M,CPIALL_FRED,FRED(OECD转载总务省),VALIDATED_MIRROR,,,2026-09-05,LATEST_HISTORY_PROXY,PROXY,CURRENT_HISTORY_ONLY_NO_VINTAGE,false,true,true
1991-07-31,1991-07,-0.1,-0.1,"2015=100指数(OECD,对照)",M,CPIALL_FRED,FRED(OECD转载总务省),VALIDATED_MIRROR,,,2026-09-05,LATEST_HISTORY_PROXY,PROXY,CURRENT_HISTORY_ONLY_NO_VINTAGE,false,true,true
1991-08-31,1991-08,0.2,0.2,"2015=100指数(OECD,对照)",M,CPIALL_FRED,FRED(OECD转载总务省),VALIDATED_MIRROR,,,2026-09-05,LATEST_HISTORY_PROXY,PROXY,CURRENT_HISTORY_ONLY_NO_VINTAGE,false,true,true
1991-09-30,1991-09,0.2,0.2,"2015=100指数(OECD,对照)",M,CPIALL_FRED,FRED(OECD转载总务省),VALIDATED_MIRROR,,,2026-09-05,LATEST_HISTORY_PROXY,PROXY,CURRENT_HISTORY_ONLY_NO_VINTAGE,false,true,true
1991-10-31,1991-10,1.1,1.1,"2015=100指数(OECD,对照)",M,CPIALL_FRED,FRED(OECD转载总务省),VALIDATED_MIRROR,,,2026-09-05,LATEST_HISTORY_PROXY,PROXY,CURRENT_HISTORY_ONLY_NO_VINTAGE,false,true,true
1991-11-30,1991-11,0.2,0.2,"2015=100指数(OECD,对照)",M,CPIALL_FRED,FRED(OECD转载总务省),VALIDATED_MIRROR,,,2026-09-05,LATEST_HISTORY_PROXY,PROXY,CURRENT_HISTORY_ONLY_NO_VINTAGE,false,true,true
1991-12-31,1991-12,-0.5,-0.5,"2015=100指数(OECD,对照)",M,CPIALL_FRED,FRED(OECD转载总务省),VALIDATED_MIRROR,,,2026-09-05,LATEST_HISTORY_PROXY,PROXY,CURRENT_HISTORY_ONLY_NO_VINTAGE,false,true,true
1992-01-31,1992-01,-0.2,-0.2,"2015=100指数(OECD,对照)",M,CPIALL_FRED,FRED(OECD转载总务省),VALIDATED_MIRROR,,,2026-09-05,LATEST_HISTORY_PROXY,PROXY,CURRENT_HISTORY_ONLY_NO_VINTAGE,false,true,true
1992-02-29,1992-02,-0.1,-0.1,"2015=100指数(OECD,对照)",M,CPIALL_FRED,FRED(OECD转载总务省),VALIDATED_MIRROR,,,2026-09-05,LATEST_HISTORY_PROXY,PROXY,CURRENT_HISTORY_ONLY_NO_VINTAGE,false,true,true
1992-03-31,1992-03,0.5,0.5,"2015=100指数(OECD,对照)",M,CPIALL_FRED,FRED(OECD转载总务省),VALIDATED_MIRROR,,,2026-09-05,LATEST_HISTORY_PROXY,PROXY,CURRENT_HISTORY_ONLY_NO_VINTAGE,false,true,true
1992-04-30,1992-04,1.1,1.1,"2015=100指数(OECD,对照)",M,CPIALL_FRED,FRED(OECD转载总务省),VALIDATED_MIRROR,,,2026-09-05,LATEST_HISTORY_PROXY,PROXY,CURRENT_HISTORY_ONLY_NO_VINTAGE,false,true,true
1992-05-31,1992-05,0.1,0.1,"2015=100指数(OECD,对照)",M,CPIALL_FRED,FRED(OECD转载总务省),VALIDATED_MIRROR,,,2026-09-05,LATEST_HISTORY_PROXY,PROXY,CURRENT_HISTORY_ONLY_NO_VINTAGE,false,true,true
1992-06-30,1992-06,-0.1,-0.1,"2015=100指数(OECD,对照)",M,CPIALL_FRED,FRED(OECD转载总务省),VALIDATED_MIRROR,,,2026-09-05,LATEST_HISTORY_PROXY,PROXY,CURRENT_HISTORY_ONLY_NO_VINTAGE,false,true,true
1992-07-31,1992-07,-0.8,-0.8,"2015=100指数(OECD,对照)",M,CPIALL_FRED,FRED(OECD转载总务省),VALIDATED_MIRROR,,,2026-09-05,LATEST_HISTORY_PROXY,PROXY,CURRENT_HISTORY_ONLY_NO_VINTAGE,false,true,true
1992-08-31,1992-08,0.3,0.3,"2015=100指数(OECD,对照)",M,CPIALL_FRED,FRED(OECD转载总务省),VALIDATED_MIRROR,,,2026-09-05,LATEST_HISTORY_PROXY,PROXY,CURRENT_HISTORY_ONLY_NO_VINTAGE,false,true,true
1992-09-30,1992-09,0.5,0.5,"2015=100指数(OECD,对照)",M,CPIALL_FRED,FRED(OECD转载总务省),VALIDATED_MIRROR,,,2026-09-05,LATEST_HISTORY_PROXY,PROXY,CURRENT_HISTORY_ONLY_NO_VINTAGE,false,true,true
1992-10-31,1992-10,0.1,0.1,"2015=100指数(OECD,对照)",M,CPIALL_FRED,FRED(OECD转载总务省),VALIDATED_MIRROR,,,2026-09-05,LATEST_HISTORY_PROXY,PROXY,CURRENT_HISTORY_ONLY_NO_VINTAGE,false,true,true
1992-11-30,1992-11,-0.2,-0.2,"2015=100指数(OECD,对照)",M,CPIALL_FRED,FRED(OECD转载总务省),VALIDATED_MIRROR,,,2026-09-05,LATEST_HISTORY_PROXY,PROXY,CURRENT_HISTORY_ONLY_NO_VINTAGE,false,true,true
1992-12-31,1992-12,0,0,"2015=100指数(OECD,对照)",M,CPIALL_FRED,FRED(OECD转载总务省),VALIDATED_MIRROR,,,2026-09-05,LATEST_HISTORY_PROXY,PROXY,CURRENT_HISTORY_ONLY_NO_VINTAGE,false,true,true
1993-01-31,1993-01,-0.1,-0.1,"2015=100指数(OECD,对照)",M,CPIALL_FRED,FRED(OECD转载总务省),VALIDATED_MIRROR,,,2026-09-05,LATEST_HISTORY_PROXY,PROXY,CURRENT_HISTORY_ONLY_NO_VINTAGE,false,true,true
1993-02-28,1993-02,0.1,0.1,"2015=100指数(OECD,对照)",M,CPIALL_FRED,FRED(OECD转载总务省),VALIDATED_MIRROR,,,2026-09-05,LATEST_HISTORY_PROXY,PROXY,CURRENT_HISTORY_ONLY_NO_VINTAGE,false,true,true
1993-03-31,1993-03,0.3,0.3,"2015=100指数(OECD,对照)",M,CPIALL_FRED,FRED(OECD转载总务省),VALIDATED_MIRROR,,,2026-09-05,LATEST_HISTORY_PROXY,PROXY,CURRENT_HISTORY_ONLY_NO_VINTAGE,false,true,true
1993-04-30,1993-04,0.7,0.7,"2015=100指数(OECD,对照)",M,CPIALL_FRED,FRED(OECD转载总务省),VALIDATED_MIRROR,,,2026-09-05,LATEST_HISTORY_PROXY,PROXY,CURRENT_HISTORY_ONLY_NO_VINTAGE,false,true,true
1993-05-31,1993-05,0.1,0.1,"2015=100指数(OECD,对照)",M,CPIALL_FRED,FRED(OECD转载总务省),VALIDATED_MIRROR,,,2026-09-05,LATEST_HISTORY_PROXY,PROXY,CURRENT_HISTORY_ONLY_NO_VINTAGE,false,true,true
1993-06-30,1993-06,-0.1,-0.1,"2015=100指数(OECD,对照)",M,CPIALL_FRED,FRED(OECD转载总务省),VALIDATED_MIRROR,,,2026-09-05,LATEST_HISTORY_PROXY,PROXY,CURRENT_HISTORY_ONLY_NO_VINTAGE,false,true,true
1993-07-31,1993-07,0.3,0.3,"2015=100指数(OECD,对照)",M,CPIALL_FRED,FRED(OECD转载总务省),VALIDATED_MIRROR,,,2026-09-05,LATEST_HISTORY_PROXY,PROXY,CURRENT_HISTORY_ONLY_NO_VINTAGE,false,true,true
1993-08-31,1993-08,0.3,0.3,"2015=100指数(OECD,对照)",M,CPIALL_FRED,FRED(OECD转载总务省),VALIDATED_MIRROR,,,2026-09-05,LATEST_HISTORY_PROXY,PROXY,CURRENT_HISTORY_ONLY_NO_VINTAGE,false,true,true
1993-09-30,1993-09,0.1,0.1,"2015=100指数(OECD,对照)",M,CPIALL_FRED,FRED(OECD转载总务省),VALIDATED_MIRROR,,,2026-09-05,LATEST_HISTORY_PROXY,PROXY,CURRENT_HISTORY_ONLY_NO_VINTAGE,false,true,true
1993-10-31,1993-10,-0.1,-0.1,"2015=100指数(OECD,对照)",M,CPIALL_FRED,FRED(OECD转载总务省),VALIDATED_MIRROR,,,2026-09-05,LATEST_HISTORY_PROXY,PROXY,CURRENT_HISTORY_ONLY_NO_VINTAGE,false,true,true
1993-11-30,1993-11,-0.6,-0.6,"2015=100指数(OECD,对照)",M,CPIALL_FRED,FRED(OECD转载总务省),VALIDATED_MIRROR,,,2026-09-05,LATEST_HISTORY_PROXY,PROXY,CURRENT_HISTORY_ONLY_NO_VINTAGE,false,true,true
1993-12-31,1993-12,0.1,0.1,"2015=100指数(OECD,对照)",M,CPIALL_FRED,FRED(OECD转载总务省),VALIDATED_MIRROR,,,2026-09-05,LATEST_HISTORY_PROXY,PROXY,CURRENT_HISTORY_ONLY_NO_VINTAGE,false,true,true
1994-01-31,1994-01,0.1,0.1,"2015=100指数(OECD,对照)",M,CPIALL_FRED,FRED(OECD转载总务省),VALIDATED_MIRROR,,,2026-09-05,LATEST_HISTORY_PROXY,PROXY,CURRENT_HISTORY_ONLY_NO_VINTAGE,false,true,true
1994-02-28,1994-02,0,0,"2015=100指数(OECD,对照)",M,CPIALL_FRED,FRED(OECD转载总务省),VALIDATED_MIRROR,,,2026-09-05,LATEST_HISTORY_PROXY,PROXY,CURRENT_HISTORY_ONLY_NO_VINTAGE,false,true,true
1994-03-31,1994-03,0.5,0.5,"2015=100指数(OECD,对照)",M,CPIALL_FRED,FRED(OECD转载总务省),VALIDATED_MIRROR,,,2026-09-05,LATEST_HISTORY_PROXY,PROXY,CURRENT_HISTORY_ONLY_NO_VINTAGE,false,true,true
1994-04-30,1994-04,0.2,0.2,"2015=100指数(OECD,对照)",M,CPIALL_FRED,FRED(OECD转载总务省),VALIDATED_MIRROR,,,2026-09-05,LATEST_HISTORY_PROXY,PROXY,CURRENT_HISTORY_ONLY_NO_VINTAGE,false,true,true
1994-05-31,1994-05,0.1,0.1,"2015=100指数(OECD,对照)",M,CPIALL_FRED,FRED(OECD转载总务省),VALIDATED_MIRROR,,,2026-09-05,LATEST_HISTORY_PROXY,PROXY,CURRENT_HISTORY_ONLY_NO_VINTAGE,false,true,true
1994-06-30,1994-06,-0.4,-0.4,"2015=100指数(OECD,对照)",M,CPIALL_FRED,FRED(OECD转载总务省),VALIDATED_MIRROR,,,2026-09-05,LATEST_HISTORY_PROXY,PROXY,CURRENT_HISTORY_ONLY_NO_VINTAGE,false,true,true
1994-07-31,1994-07,-0.5,-0.5,"2015=100指数(OECD,对照)",M,CPIALL_FRED,FRED(OECD转载总务省),VALIDATED_MIRROR,,,2026-09-05,LATEST_HISTORY_PROXY,PROXY,CURRENT_HISTORY_ONLY_NO_VINTAGE,false,true,true
1994-08-31,1994-08,0.5,0.5,"2015=100指数(OECD,对照)",M,CPIALL_FRED,FRED(OECD转载总务省),VALIDATED_MIRROR,,,2026-09-05,LATEST_HISTORY_PROXY,PROXY,CURRENT_HISTORY_ONLY_NO_VINTAGE,false,true,true
1994-09-30,1994-09,0.3,0.3,"2015=100指数(OECD,对照)",M,CPIALL_FRED,FRED(OECD转载总务省),VALIDATED_MIRROR,,,2026-09-05,LATEST_HISTORY_PROXY,PROXY,CURRENT_HISTORY_ONLY_NO_VINTAGE,false,true,true
1994-10-31,1994-10,0.5,0.5,"2015=100指数(OECD,对照)",M,CPIALL_FRED,FRED(OECD转载总务省),VALIDATED_MIRROR,,,2026-09-05,LATEST_HISTORY_PROXY,PROXY,CURRENT_HISTORY_ONLY_NO_VINTAGE,false,true,true
1994-11-30,1994-11,-0.3,-0.3,"2015=100指数(OECD,对照)",M,CPIALL_FRED,FRED(OECD转载总务省),VALIDATED_MIRROR,,,2026-09-05,LATEST_HISTORY_PROXY,PROXY,CURRENT_HISTORY_ONLY_NO_VINTAGE,false,true,true
1994-12-31,1994-12,-0.3,-0.3,"2015=100指数(OECD,对照)",M,CPIALL_FRED,FRED(OECD转载总务省),VALIDATED_MIRROR,,,2026-09-05,LATEST_HISTORY_PROXY,PROXY,CURRENT_HISTORY_ONLY_NO_VINTAGE,false,true,true
1995-01-31,1995-01,0,0,"2015=100指数(OECD,对照)",M,CPIALL_FRED,FRED(OECD转载总务省),VALIDATED_MIRROR,,,2026-09-05,LATEST_HISTORY_PROXY,PROXY,CURRENT_HISTORY_ONLY_NO_VINTAGE,false,true,true
1995-02-28,1995-02,-0.3,-0.3,"2015=100指数(OECD,对照)",M,CPIALL_FRED,FRED(OECD转载总务省),VALIDATED_MIRROR,,,2026-09-05,LATEST_HISTORY_PROXY,PROXY,CURRENT_HISTORY_ONLY_NO_VINTAGE,false,true,true
1995-03-31,1995-03,-0.1,-0.1,"2015=100指数(OECD,对照)",M,CPIALL_FRED,FRED(OECD转载总务省),VALIDATED_MIRROR,,,2026-09-05,LATEST_HISTORY_PROXY,PROXY,CURRENT_HISTORY_ONLY_NO_VINTAGE,false,true,true
1995-04-30,1995-04,0.3,0.3,"2015=100指数(OECD,对照)",M,CPIALL_FRED,FRED(OECD转载总务省),VALIDATED_MIRROR,,,2026-09-05,LATEST_HISTORY_PROXY,PROXY,CURRENT_HISTORY_ONLY_NO_VINTAGE,false,true,true
1995-05-31,1995-05,0.2,0.2,"2015=100指数(OECD,对照)",M,CPIALL_FRED,FRED(OECD转载总务省),VALIDATED_MIRROR,,,2026-09-05,LATEST_HISTORY_PROXY,PROXY,CURRENT_HISTORY_ONLY_NO_VINTAGE,false,true,true
1995-06-30,1995-06,-0.1,-0.1,"2015=100指数(OECD,对照)",M,CPIALL_FRED,FRED(OECD转载总务省),VALIDATED_MIRROR,,,2026-09-05,LATEST_HISTORY_PROXY,PROXY,CURRENT_HISTORY_ONLY_NO_VINTAGE,false,true,true
1995-07-31,1995-07,-0.5,-0.5,"2015=100指数(OECD,对照)",M,CPIALL_FRED,FRED(OECD转载总务省),VALIDATED_MIRROR,,,2026-09-05,LATEST_HISTORY_PROXY,PROXY,CURRENT_HISTORY_ONLY_NO_VINTAGE,false,true,true
1995-08-31,1995-08,0.1,0.1,"2015=100指数(OECD,对照)",M,CPIALL_FRED,FRED(OECD转载总务省),VALIDATED_MIRROR,,,2026-09-05,LATEST_HISTORY_PROXY,PROXY,CURRENT_HISTORY_ONLY_NO_VINTAGE,false,true,true
1995-09-30,1995-09,0.6,0.6,"2015=100指数(OECD,对照)",M,CPIALL_FRED,FRED(OECD转载总务省),VALIDATED_MIRROR,,,2026-09-05,LATEST_HISTORY_PROXY,PROXY,CURRENT_HISTORY_ONLY_NO_VINTAGE,false,true,true
1995-10-31,1995-10,-0.3,-0.3,"2015=100指数(OECD,对照)",M,CPIALL_FRED,FRED(OECD转载总务省),VALIDATED_MIRROR,,,2026-09-05,LATEST_HISTORY_PROXY,PROXY,CURRENT_HISTORY_ONLY_NO_VINTAGE,false,true,true
1995-11-30,1995-11,-0.3,-0.3,"2015=100指数(OECD,对照)",M,CPIALL_FRED,FRED(OECD转载总务省),VALIDATED_MIRROR,,,2026-09-05,LATEST_HISTORY_PROXY,PROXY,CURRENT_HISTORY_ONLY_NO_VINTAGE,false,true,true
1995-12-31,1995-12,0,0,"2015=100指数(OECD,对照)",M,CPIALL_FRED,FRED(OECD转载总务省),VALIDATED_MIRROR,,,2026-09-05,LATEST_HISTORY_PROXY,PROXY,CURRENT_HISTORY_ONLY_NO_VINTAGE,false,true,true
1996-01-31,1996-01,-0.1,-0.1,"2015=100指数(OECD,对照)",M,CPIALL_FRED,FRED(OECD转载总务省),VALIDATED_MIRROR,,,2026-09-05,LATEST_HISTORY_PROXY,PROXY,CURRENT_HISTORY_ONLY_NO_VINTAGE,false,true,true
1996-02-29,1996-02,-0.2,-0.2,"2015=100指数(OECD,对照)",M,CPIALL_FRED,FRED(OECD转载总务省),VALIDATED_MIRROR,,,2026-09-05,LATEST_HISTORY_PROXY,PROXY,CURRENT_HISTORY_ONLY_NO_VINTAGE,false,true,true
1996-03-31,1996-03,0.2,0.2,"2015=100指数(OECD,对照)",M,CPIALL_FRED,FRED(OECD转载总务省),VALIDATED_MIRROR,,,2026-09-05,LATEST_HISTORY_PROXY,PROXY,CURRENT_HISTORY_ONLY_NO_VINTAGE,false,true,true
1996-04-30,1996-04,0.6,0.6,"2015=100指数(OECD,对照)",M,CPIALL_FRED,FRED(OECD转载总务省),VALIDATED_MIRROR,,,2026-09-05,LATEST_HISTORY_PROXY,PROXY,CURRENT_HISTORY_ONLY_NO_VINTAGE,false,true,true
1996-05-31,1996-05,0.2,0.2,"2015=100指数(OECD,对照)",M,CPIALL_FRED,FRED(OECD转载总务省),VALIDATED_MIRROR,,,2026-09-05,LATEST_HISTORY_PROXY,PROXY,CURRENT_HISTORY_ONLY_NO_VINTAGE,false,true,true
1996-06-30,1996-06,-0.3,-0.3,"2015=100指数(OECD,对照)",M,CPIALL_FRED,FRED(OECD转载总务省),VALIDATED_MIRROR,,,2026-09-05,LATEST_HISTORY_PROXY,PROXY,CURRENT_HISTORY_ONLY_NO_VINTAGE,false,true,true
1996-07-31,1996-07,-0.1,-0.1,"2015=100指数(OECD,对照)",M,CPIALL_FRED,FRED(OECD转载总务省),VALIDATED_MIRROR,,,2026-09-05,LATEST_HISTORY_PROXY,PROXY,CURRENT_HISTORY_ONLY_NO_VINTAGE,false,true,true
1996-08-31,1996-08,-0.1,-0.1,"2015=100指数(OECD,对照)",M,CPIALL_FRED,FRED(OECD转载总务省),VALIDATED_MIRROR,,,2026-09-05,LATEST_HISTORY_PROXY,PROXY,CURRENT_HISTORY_ONLY_NO_VINTAGE,false,true,true
1996-09-30,1996-09,0.4,0.4,"2015=100指数(OECD,对照)",M,CPIALL_FRED,FRED(OECD转载总务省),VALIDATED_MIRROR,,,2026-09-05,LATEST_HISTORY_PROXY,PROXY,CURRENT_HISTORY_ONLY_NO_VINTAGE,false,true,true
1996-10-31,1996-10,0.2,0.2,"2015=100指数(OECD,对照)",M,CPIALL_FRED,FRED(OECD转载总务省),VALIDATED_MIRROR,,,2026-09-05,LATEST_HISTORY_PROXY,PROXY,CURRENT_HISTORY_ONLY_NO_VINTAGE,false,true,true
1996-11-30,1996-11,-0.3,-0.3,"2015=100指数(OECD,对照)",M,CPIALL_FRED,FRED(OECD转载总务省),VALIDATED_MIRROR,,,2026-09-05,LATEST_HISTORY_PROXY,PROXY,CURRENT_HISTORY_ONLY_NO_VINTAGE,false,true,true
1996-12-31,1996-12,0.1,0.1,"2015=100指数(OECD,对照)",M,CPIALL_FRED,FRED(OECD转载总务省),VALIDATED_MIRROR,,,2026-09-05,LATEST_HISTORY_PROXY,PROXY,CURRENT_HISTORY_ONLY_NO_VINTAGE,false,true,true
1997-01-31,1997-01,-0.1,-0.1,"2015=100指数(OECD,对照)",M,CPIALL_FRED,FRED(OECD转载总务省),VALIDATED_MIRROR,,,2026-09-05,LATEST_HISTORY_PROXY,PROXY,CURRENT_HISTORY_ONLY_NO_VINTAGE,false,true,true
1997-02-28,1997-02,-0.2,-0.2,"2015=100指数(OECD,对照)",M,CPIALL_FRED,FRED(OECD转载总务省),VALIDATED_MIRROR,,,2026-09-05,LATEST_HISTORY_PROXY,PROXY,CURRENT_HISTORY_ONLY_NO_VINTAGE,false,true,true
1997-03-31,1997-03,0.1,0.1,"2015=100指数(OECD,对照)",M,CPIALL_FRED,FRED(OECD转载总务省),VALIDATED_MIRROR,,,2026-09-05,LATEST_HISTORY_PROXY,PROXY,CURRENT_HISTORY_ONLY_NO_VINTAGE,false,true,true
1997-04-30,1997-04,2,2,"2015=100指数(OECD,对照)",M,CPIALL_FRED,FRED(OECD转载总务省),VALIDATED_MIRROR,,,2026-09-05,LATEST_HISTORY_PROXY,PROXY,CURRENT_HISTORY_ONLY_NO_VINTAGE,false,true,true
1997-05-31,1997-05,0.2,0.2,"2015=100指数(OECD,对照)",M,CPIALL_FRED,FRED(OECD转载总务省),VALIDATED_MIRROR,,,2026-09-05,LATEST_HISTORY_PROXY,PROXY,CURRENT_HISTORY_ONLY_NO_VINTAGE,false,true,true
1997-06-30,1997-06,0,0,"2015=100指数(OECD,对照)",M,CPIALL_FRED,FRED(OECD转载总务省),VALIDATED_MIRROR,,,2026-09-05,LATEST_HISTORY_PROXY,PROXY,CURRENT_HISTORY_ONLY_NO_VINTAGE,false,true,true
1997-07-31,1997-07,-0.4,-0.4,"2015=100指数(OECD,对照)",M,CPIALL_FRED,FRED(OECD转载总务省),VALIDATED_MIRROR,,,2026-09-05,LATEST_HISTORY_PROXY,PROXY,CURRENT_HISTORY_ONLY_NO_VINTAGE,false,true,true
1997-08-31,1997-08,0.1,0.1,"2015=100指数(OECD,对照)",M,CPIALL_FRED,FRED(OECD转载总务省),VALIDATED_MIRROR,,,2026-09-05,LATEST_HISTORY_PROXY,PROXY,CURRENT_HISTORY_ONLY_NO_VINTAGE,false,true,true
1997-09-30,1997-09,0.7,0.7,"2015=100指数(OECD,对照)",M,CPIALL_FRED,FRED(OECD转载总务省),VALIDATED_MIRROR,,,2026-09-05,LATEST_HISTORY_PROXY,PROXY,CURRENT_HISTORY_ONLY_NO_VINTAGE,false,true,true
1997-10-31,1997-10,0.3,0.3,"2015=100指数(OECD,对照)",M,CPIALL_FRED,FRED(OECD转载总务省),VALIDATED_MIRROR,,,2026-09-05,LATEST_HISTORY_PROXY,PROXY,CURRENT_HISTORY_ONLY_NO_VINTAGE,false,true,true
1997-11-30,1997-11,-0.7,-0.7,"2015=100指数(OECD,对照)",M,CPIALL_FRED,FRED(OECD转载总务省),VALIDATED_MIRROR,,,2026-09-05,LATEST_HISTORY_PROXY,PROXY,CURRENT_HISTORY_ONLY_NO_VINTAGE,false,true,true
1997-12-31,1997-12,-0.2,-0.2,"2015=100指数(OECD,对照)",M,CPIALL_FRED,FRED(OECD转载总务省),VALIDATED_MIRROR,,,2026-09-05,LATEST_HISTORY_PROXY,PROXY,CURRENT_HISTORY_ONLY_NO_VINTAGE,false,true,true
1998-01-31,1998-01,-0.1,-0.1,"2015=100指数(OECD,对照)",M,CPIALL_FRED,FRED(OECD转载总务省),VALIDATED_MIRROR,,,2026-09-05,LATEST_HISTORY_PROXY,PROXY,CURRENT_HISTORY_ONLY_NO_VINTAGE,false,true,true
1998-02-28,1998-02,-0.1,-0.1,"2015=100指数(OECD,对照)",M,CPIALL_FRED,FRED(OECD转载总务省),VALIDATED_MIRROR,,,2026-09-05,LATEST_HISTORY_PROXY,PROXY,CURRENT_HISTORY_ONLY_NO_VINTAGE,false,true,true
1998-03-31,1998-03,0.4,0.4,"2015=100指数(OECD,对照)",M,CPIALL_FRED,FRED(OECD转载总务省),VALIDATED_MIRROR,,,2026-09-05,LATEST_HISTORY_PROXY,PROXY,CURRENT_HISTORY_ONLY_NO_VINTAGE,false,true,true
1998-04-30,1998-04,0.2,0.2,"2015=100指数(OECD,对照)",M,CPIALL_FRED,FRED(OECD转载总务省),VALIDATED_MIRROR,,,2026-09-05,LATEST_HISTORY_PROXY,PROXY,CURRENT_HISTORY_ONLY_NO_VINTAGE,false,true,true
1998-05-31,1998-05,0.3,0.3,"2015=100指数(OECD,对照)",M,CPIALL_FRED,FRED(OECD转载总务省),VALIDATED_MIRROR,,,2026-09-05,LATEST_HISTORY_PROXY,PROXY,CURRENT_HISTORY_ONLY_NO_VINTAGE,false,true,true
1998-06-30,1998-06,-0.4,-0.4,"2015=100指数(OECD,对照)",M,CPIALL_FRED,FRED(OECD转载总务省),VALIDATED_MIRROR,,,2026-09-05,LATEST_HISTORY_PROXY,PROXY,CURRENT_HISTORY_ONLY_NO_VINTAGE,false,true,true
1998-07-31,1998-07,-0.6,-0.6,"2015=100指数(OECD,对照)",M,CPIALL_FRED,FRED(OECD转载总务省),VALIDATED_MIRROR,,,2026-09-05,LATEST_HISTORY_PROXY,PROXY,CURRENT_HISTORY_ONLY_NO_VINTAGE,false,true,true
1998-08-31,1998-08,-0.1,-0.1,"2015=100指数(OECD,对照)",M,CPIALL_FRED,FRED(OECD转载总务省),VALIDATED_MIRROR,,,2026-09-05,LATEST_HISTORY_PROXY,PROXY,CURRENT_HISTORY_ONLY_NO_VINTAGE,false,true,true
1998-09-30,1998-09,0.8,0.8,"2015=100指数(OECD,对照)",M,CPIALL_FRED,FRED(OECD转载总务省),VALIDATED_MIRROR,,,2026-09-05,LATEST_HISTORY_PROXY,PROXY,CURRENT_HISTORY_ONLY_NO_VINTAGE,false,true,true
1998-10-31,1998-10,0.7,0.7,"2015=100指数(OECD,对照)",M,CPIALL_FRED,FRED(OECD转载总务省),VALIDATED_MIRROR,,,2026-09-05,LATEST_HISTORY_PROXY,PROXY,CURRENT_HISTORY_ONLY_NO_VINTAGE,false,true,true
1998-11-30,1998-11,-0.1,-0.1,"2015=100指数(OECD,对照)",M,CPIALL_FRED,FRED(OECD转载总务省),VALIDATED_MIRROR,,,2026-09-05,LATEST_HISTORY_PROXY,PROXY,CURRENT_HISTORY_ONLY_NO_VINTAGE,false,true,true
1998-12-31,1998-12,-0.4,-0.4,"2015=100指数(OECD,对照)",M,CPIALL_FRED,FRED(OECD转载总务省),VALIDATED_MIRROR,,,2026-09-05,LATEST_HISTORY_PROXY,PROXY,CURRENT_HISTORY_ONLY_NO_VINTAGE,false,true,true
1999-01-31,1999-01,-0.5,-0.5,"2015=100指数(OECD,对照)",M,CPIALL_FRED,FRED(OECD转载总务省),VALIDATED_MIRROR,,,2026-09-05,LATEST_HISTORY_PROXY,PROXY,CURRENT_HISTORY_ONLY_NO_VINTAGE,false,true,true
1999-02-28,1999-02,-0.4,-0.4,"2015=100指数(OECD,对照)",M,CPIALL_FRED,FRED(OECD转载总务省),VALIDATED_MIRROR,,,2026-09-05,LATEST_HISTORY_PROXY,PROXY,CURRENT_HISTORY_ONLY_NO_VINTAGE,false,true,true
1999-03-31,1999-03,0.1,0.1,"2015=100指数(OECD,对照)",M,CPIALL_FRED,FRED(OECD转载总务省),VALIDATED_MIRROR,,,2026-09-05,LATEST_HISTORY_PROXY,PROXY,CURRENT_HISTORY_ONLY_NO_VINTAGE,false,true,true
1999-04-30,1999-04,0.5,0.5,"2015=100指数(OECD,对照)",M,CPIALL_FRED,FRED(OECD转载总务省),VALIDATED_MIRROR,,,2026-09-05,LATEST_HISTORY_PROXY,PROXY,CURRENT_HISTORY_ONLY_NO_VINTAGE,false,true,true
1999-05-31,1999-05,0,0,"2015=100指数(OECD,对照)",M,CPIALL_FRED,FRED(OECD转载总务省),VALIDATED_MIRROR,,,2026-09-05,LATEST_HISTORY_PROXY,PROXY,CURRENT_HISTORY_ONLY_NO_VINTAGE,false,true,true
1999-06-30,1999-06,-0.3,-0.3,"2015=100指数(OECD,对照)",M,CPIALL_FRED,FRED(OECD转载总务省),VALIDATED_MIRROR,,,2026-09-05,LATEST_HISTORY_PROXY,PROXY,CURRENT_HISTORY_ONLY_NO_VINTAGE,false,true,true
1999-07-31,1999-07,-0.4,-0.4,"2015=100指数(OECD,对照)",M,CPIALL_FRED,FRED(OECD转载总务省),VALIDATED_MIRROR,,,2026-09-05,LATEST_HISTORY_PROXY,PROXY,CURRENT_HISTORY_ONLY_NO_VINTAGE,false,true,true
1999-08-31,1999-08,0.3,0.3,"2015=100指数(OECD,对照)",M,CPIALL_FRED,FRED(OECD转载总务省),VALIDATED_MIRROR,,,2026-09-05,LATEST_HISTORY_PROXY,PROXY,CURRENT_HISTORY_ONLY_NO_VINTAGE,false,true,true
1999-09-30,1999-09,0.3,0.3,"2015=100指数(OECD,对照)",M,CPIALL_FRED,FRED(OECD转载总务省),VALIDATED_MIRROR,,,2026-09-05,LATEST_HISTORY_PROXY,PROXY,CURRENT_HISTORY_ONLY_NO_VINTAGE,false,true,true
1999-10-31,1999-10,0.2,0.2,"2015=100指数(OECD,对照)",M,CPIALL_FRED,FRED(OECD转载总务省),VALIDATED_MIRROR,,,2026-09-05,LATEST_HISTORY_PROXY,PROXY,CURRENT_HISTORY_ONLY_NO_VINTAGE,false,true,true
1999-11-30,1999-11,-0.6,-0.6,"2015=100指数(OECD,对照)",M,CPIALL_FRED,FRED(OECD转载总务省),VALIDATED_MIRROR,,,2026-09-05,LATEST_HISTORY_PROXY,PROXY,CURRENT_HISTORY_ONLY_NO_VINTAGE,false,true,true
1999-12-31,1999-12,-0.3,-0.3,"2015=100指数(OECD,对照)",M,CPIALL_FRED,FRED(OECD转载总务省),VALIDATED_MIRROR,,,2026-09-05,LATEST_HISTORY_PROXY,PROXY,CURRENT_HISTORY_ONLY_NO_VINTAGE,false,true,true
2000-01-31,2000-01,-0.3,-0.3,"2015=100指数(OECD,对照)",M,CPIALL_FRED,FRED(OECD转载总务省),VALIDATED_MIRROR,,,2026-09-05,LATEST_HISTORY_PROXY,PROXY,CURRENT_HISTORY_ONLY_NO_VINTAGE,false,true,true
2000-02-29,2000-02,-0.3,-0.3,"2015=100指数(OECD,对照)",M,CPIALL_FRED,FRED(OECD转载总务省),VALIDATED_MIRROR,,,2026-09-05,LATEST_HISTORY_PROXY,PROXY,CURRENT_HISTORY_ONLY_NO_VINTAGE,false,true,true
2000-03-31,2000-03,0.2,0.2,"2015=100指数(OECD,对照)",M,CPIALL_FRED,FRED(OECD转载总务省),VALIDATED_MIRROR,,,2026-09-05,LATEST_HISTORY_PROXY,PROXY,CURRENT_HISTORY_ONLY_NO_VINTAGE,false,true,true
2000-04-30,2000-04,0.2,0.2,"2015=100指数(OECD,对照)",M,CPIALL_FRED,FRED(OECD转载总务省),VALIDATED_MIRROR,,,2026-09-05,LATEST_HISTORY_PROXY,PROXY,CURRENT_HISTORY_ONLY_NO_VINTAGE,false,true,true
2000-05-31,2000-05,0.1,0.1,"2015=100指数(OECD,对照)",M,CPIALL_FRED,FRED(OECD转载总务省),VALIDATED_MIRROR,,,2026-09-05,LATEST_HISTORY_PROXY,PROXY,CURRENT_HISTORY_ONLY_NO_VINTAGE,false,true,true
2000-06-30,2000-06,-0.2,-0.2,"2015=100指数(OECD,对照)",M,CPIALL_FRED,FRED(OECD转载总务省),VALIDATED_MIRROR,,,2026-09-05,LATEST_HISTORY_PROXY,PROXY,CURRENT_HISTORY_ONLY_NO_VINTAGE,false,true,true
2000-07-31,2000-07,-0.3,-0.3,"2015=100指数(OECD,对照)",M,CPIALL_FRED,FRED(OECD转载总务省),VALIDATED_MIRROR,,,2026-09-05,LATEST_HISTORY_PROXY,PROXY,CURRENT_HISTORY_ONLY_NO_VINTAGE,false,true,true
2000-08-31,2000-08,0.3,0.3,"2015=100指数(OECD,对照)",M,CPIALL_FRED,FRED(OECD转载总务省),VALIDATED_MIRROR,,,2026-09-05,LATEST_HISTORY_PROXY,PROXY,CURRENT_HISTORY_ONLY_NO_VINTAGE,false,true,true
2000-09-30,2000-09,-0.1,-0.1,"2015=100指数(OECD,对照)",M,CPIALL_FRED,FRED(OECD转载总务省),VALIDATED_MIRROR,,,2026-09-05,LATEST_HISTORY_PROXY,PROXY,CURRENT_HISTORY_ONLY_NO_VINTAGE,false,true,true
2000-10-31,2000-10,0,0,"2015=100指数(OECD,对照)",M,CPIALL_FRED,FRED(OECD转载总务省),VALIDATED_MIRROR,,,2026-09-05,LATEST_HISTORY_PROXY,PROXY,CURRENT_HISTORY_ONLY_NO_VINTAGE,false,true,true
2000-11-30,2000-11,-0.3,-0.3,"2015=100指数(OECD,对照)",M,CPIALL_FRED,FRED(OECD转载总务省),VALIDATED_MIRROR,,,2026-09-05,LATEST_HISTORY_PROXY,PROXY,CURRENT_HISTORY_ONLY_NO_VINTAGE,false,true,true
2000-12-31,2000-12,0.1,0.1,"2015=100指数(OECD,对照)",M,CPIALL_FRED,FRED(OECD转载总务省),VALIDATED_MIRROR,,,2026-09-05,LATEST_HISTORY_PROXY,PROXY,CURRENT_HISTORY_ONLY_NO_VINTAGE,false,true,true
2001-01-31,2001-01,0,0,"2015=100指数(OECD,对照)",M,CPIALL_FRED,FRED(OECD转载总务省),VALIDATED_MIRROR,,,2026-09-05,LATEST_HISTORY_PROXY,PROXY,CURRENT_HISTORY_ONLY_NO_VINTAGE,false,true,true
2001-02-28,2001-02,-0.3,-0.3,"2015=100指数(OECD,对照)",M,CPIALL_FRED,FRED(OECD转载总务省),VALIDATED_MIRROR,,,2026-09-05,LATEST_HISTORY_PROXY,PROXY,CURRENT_HISTORY_ONLY_NO_VINTAGE,false,true,true
2001-03-31,2001-03,-0.2,-0.2,"2015=100指数(OECD,对照)",M,CPIALL_FRED,FRED(OECD转载总务省),VALIDATED_MIRROR,,,2026-09-05,LATEST_HISTORY_PROXY,PROXY,CURRENT_HISTORY_ONLY_NO_VINTAGE,false,true,true
2001-04-30,2001-04,0.2,0.2,"2015=100指数(OECD,对照)",M,CPIALL_FRED,FRED(OECD转载总务省),VALIDATED_MIRROR,,,2026-09-05,LATEST_HISTORY_PROXY,PROXY,CURRENT_HISTORY_ONLY_NO_VINTAGE,false,true,true
2001-05-31,2001-05,0.1,0.1,"2015=100指数(OECD,对照)",M,CPIALL_FRED,FRED(OECD转载总务省),VALIDATED_MIRROR,,,2026-09-05,LATEST_HISTORY_PROXY,PROXY,CURRENT_HISTORY_ONLY_NO_VINTAGE,false,true,true
2001-06-30,2001-06,-0.3,-0.3,"2015=100指数(OECD,对照)",M,CPIALL_FRED,FRED(OECD转载总务省),VALIDATED_MIRROR,,,2026-09-05,LATEST_HISTORY_PROXY,PROXY,CURRENT_HISTORY_ONLY_NO_VINTAGE,false,true,true
2001-07-31,2001-07,-0.3,-0.3,"2015=100指数(OECD,对照)",M,CPIALL_FRED,FRED(OECD转载总务省),VALIDATED_MIRROR,,,2026-09-05,LATEST_HISTORY_PROXY,PROXY,CURRENT_HISTORY_ONLY_NO_VINTAGE,false,true,true
2001-08-31,2001-08,0.4,0.4,"2015=100指数(OECD,对照)",M,CPIALL_FRED,FRED(OECD转载总务省),VALIDATED_MIRROR,,,2026-09-05,LATEST_HISTORY_PROXY,PROXY,CURRENT_HISTORY_ONLY_NO_VINTAGE,false,true,true
2001-09-30,2001-09,-0.2,-0.2,"2015=100指数(OECD,对照)",M,CPIALL_FRED,FRED(OECD转载总务省),VALIDATED_MIRROR,,,2026-09-05,LATEST_HISTORY_PROXY,PROXY,CURRENT_HISTORY_ONLY_NO_VINTAGE,false,true,true
2001-10-31,2001-10,0,0,"2015=100指数(OECD,对照)",M,CPIALL_FRED,FRED(OECD转载总务省),VALIDATED_MIRROR,,,2026-09-05,LATEST_HISTORY_PROXY,PROXY,CURRENT_HISTORY_ONLY_NO_VINTAGE,false,true,true
2001-11-30,2001-11,-0.5,-0.5,"2015=100指数(OECD,对照)",M,CPIALL_FRED,FRED(OECD转载总务省),VALIDATED_MIRROR,,,2026-09-05,LATEST_HISTORY_PROXY,PROXY,CURRENT_HISTORY_ONLY_NO_VINTAGE,false,true,true
2001-12-31,2001-12,-0.1,-0.1,"2015=100指数(OECD,对照)",M,CPIALL_FRED,FRED(OECD转载总务省),VALIDATED_MIRROR,,,2026-09-05,LATEST_HISTORY_PROXY,PROXY,CURRENT_HISTORY_ONLY_NO_VINTAGE,false,true,true
2002-01-31,2002-01,-0.2,-0.2,"2015=100指数(OECD,对照)",M,CPIALL_FRED,FRED(OECD转载总务省),VALIDATED_MIRROR,,,2026-09-05,LATEST_HISTORY_PROXY,PROXY,CURRENT_HISTORY_ONLY_NO_VINTAGE,false,true,true
2002-02-28,2002-02,-0.5,-0.5,"2015=100指数(OECD,对照)",M,CPIALL_FRED,FRED(OECD转载总务省),VALIDATED_MIRROR,,,2026-09-05,LATEST_HISTORY_PROXY,PROXY,CURRENT_HISTORY_ONLY_NO_VINTAGE,false,true,true
2002-03-31,2002-03,0.2,0.2,"2015=100指数(OECD,对照)",M,CPIALL_FRED,FRED(OECD转载总务省),VALIDATED_MIRROR,,,2026-09-05,LATEST_HISTORY_PROXY,PROXY,CURRENT_HISTORY_ONLY_NO_VINTAGE,false,true,true
2002-04-30,2002-04,0.3,0.3,"2015=100指数(OECD,对照)",M,CPIALL_FRED,FRED(OECD转载总务省),VALIDATED_MIRROR,,,2026-09-05,LATEST_HISTORY_PROXY,PROXY,CURRENT_HISTORY_ONLY_NO_VINTAGE,false,true,true
2002-05-31,2002-05,0.3,0.3,"2015=100指数(OECD,对照)",M,CPIALL_FRED,FRED(OECD转载总务省),VALIDATED_MIRROR,,,2026-09-05,LATEST_HISTORY_PROXY,PROXY,CURRENT_HISTORY_ONLY_NO_VINTAGE,false,true,true
2002-06-30,2002-06,-0.1,-0.1,"2015=100指数(OECD,对照)",M,CPIALL_FRED,FRED(OECD转载总务省),VALIDATED_MIRROR,,,2026-09-05,LATEST_HISTORY_PROXY,PROXY,CURRENT_HISTORY_ONLY_NO_VINTAGE,false,true,true
2002-07-31,2002-07,-0.4,-0.4,"2015=100指数(OECD,对照)",M,CPIALL_FRED,FRED(OECD转载总务省),VALIDATED_MIRROR,,,2026-09-05,LATEST_HISTORY_PROXY,PROXY,CURRENT_HISTORY_ONLY_NO_VINTAGE,false,true,true
2002-08-31,2002-08,0.3,0.3,"2015=100指数(OECD,对照)",M,CPIALL_FRED,FRED(OECD转载总务省),VALIDATED_MIRROR,,,2026-09-05,LATEST_HISTORY_PROXY,PROXY,CURRENT_HISTORY_ONLY_NO_VINTAGE,false,true,true
2002-09-30,2002-09,0,0,"2015=100指数(OECD,对照)",M,CPIALL_FRED,FRED(OECD转载总务省),VALIDATED_MIRROR,,,2026-09-05,LATEST_HISTORY_PROXY,PROXY,CURRENT_HISTORY_ONLY_NO_VINTAGE,false,true,true
2002-10-31,2002-10,-0.2,-0.2,"2015=100指数(OECD,对照)",M,CPIALL_FRED,FRED(OECD转载总务省),VALIDATED_MIRROR,,,2026-09-05,LATEST_HISTORY_PROXY,PROXY,CURRENT_HISTORY_ONLY_NO_VINTAGE,false,true,true
2002-11-30,2002-11,0,0,"2015=100指数(OECD,对照)",M,CPIALL_FRED,FRED(OECD转载总务省),VALIDATED_MIRROR,,,2026-09-05,LATEST_HISTORY_PROXY,PROXY,CURRENT_HISTORY_ONLY_NO_VINTAGE,false,true,true
2002-12-31,2002-12,0,0,"2015=100指数(OECD,对照)",M,CPIALL_FRED,FRED(OECD转载总务省),VALIDATED_MIRROR,,,2026-09-05,LATEST_HISTORY_PROXY,PROXY,CURRENT_HISTORY_ONLY_NO_VINTAGE,false,true,true
2003-01-31,2003-01,-0.3,-0.3,"2015=100指数(OECD,对照)",M,CPIALL_FRED,FRED(OECD转载总务省),VALIDATED_MIRROR,,,2026-09-05,LATEST_HISTORY_PROXY,PROXY,CURRENT_HISTORY_ONLY_NO_VINTAGE,false,true,true
2003-02-28,2003-02,-0.3,-0.3,"2015=100指数(OECD,对照)",M,CPIALL_FRED,FRED(OECD转载总务省),VALIDATED_MIRROR,,,2026-09-05,LATEST_HISTORY_PROXY,PROXY,CURRENT_HISTORY_ONLY_NO_VINTAGE,false,true,true
2003-03-31,2003-03,0.3,0.3,"2015=100指数(OECD,对照)",M,CPIALL_FRED,FRED(OECD转载总务省),VALIDATED_MIRROR,,,2026-09-05,LATEST_HISTORY_PROXY,PROXY,CURRENT_HISTORY_ONLY_NO_VINTAGE,false,true,true
2003-04-30,2003-04,0.3,0.3,"2015=100指数(OECD,对照)",M,CPIALL_FRED,FRED(OECD转载总务省),VALIDATED_MIRROR,,,2026-09-05,LATEST_HISTORY_PROXY,PROXY,CURRENT_HISTORY_ONLY_NO_VINTAGE,false,true,true
2003-05-31,2003-05,0.2,0.2,"2015=100指数(OECD,对照)",M,CPIALL_FRED,FRED(OECD转载总务省),VALIDATED_MIRROR,,,2026-09-05,LATEST_HISTORY_PROXY,PROXY,CURRENT_HISTORY_ONLY_NO_VINTAGE,false,true,true
2003-06-30,2003-06,-0.3,-0.3,"2015=100指数(OECD,对照)",M,CPIALL_FRED,FRED(OECD转载总务省),VALIDATED_MIRROR,,,2026-09-05,LATEST_HISTORY_PROXY,PROXY,CURRENT_HISTORY_ONLY_NO_VINTAGE,false,true,true
2003-07-31,2003-07,-0.2,-0.2,"2015=100指数(OECD,对照)",M,CPIALL_FRED,FRED(OECD转载总务省),VALIDATED_MIRROR,,,2026-09-05,LATEST_HISTORY_PROXY,PROXY,CURRENT_HISTORY_ONLY_NO_VINTAGE,false,true,true
2003-08-31,2003-08,0.2,0.2,"2015=100指数(OECD,对照)",M,CPIALL_FRED,FRED(OECD转载总务省),VALIDATED_MIRROR,,,2026-09-05,LATEST_HISTORY_PROXY,PROXY,CURRENT_HISTORY_ONLY_NO_VINTAGE,false,true,true
2003-09-30,2003-09,0.1,0.1,"2015=100指数(OECD,对照)",M,CPIALL_FRED,FRED(OECD转载总务省),VALIDATED_MIRROR,,,2026-09-05,LATEST_HISTORY_PROXY,PROXY,CURRENT_HISTORY_ONLY_NO_VINTAGE,false,true,true
2003-10-31,2003-10,0,0,"2015=100指数(OECD,对照)",M,CPIALL_FRED,FRED(OECD转载总务省),VALIDATED_MIRROR,,,2026-09-05,LATEST_HISTORY_PROXY,PROXY,CURRENT_HISTORY_ONLY_NO_VINTAGE,false,true,true
2003-11-30,2003-11,-0.5,-0.5,"2015=100指数(OECD,对照)",M,CPIALL_FRED,FRED(OECD转载总务省),VALIDATED_MIRROR,,,2026-09-05,LATEST_HISTORY_PROXY,PROXY,CURRENT_HISTORY_ONLY_NO_VINTAGE,false,true,true
2003-12-31,2003-12,0.1,0.1,"2015=100指数(OECD,对照)",M,CPIALL_FRED,FRED(OECD转载总务省),VALIDATED_MIRROR,,,2026-09-05,LATEST_HISTORY_PROXY,PROXY,CURRENT_HISTORY_ONLY_NO_VINTAGE,false,true,true
2004-01-31,2004-01,-0.2,-0.2,"2015=100指数(OECD,对照)",M,CPIALL_FRED,FRED(OECD转载总务省),VALIDATED_MIRROR,,,2026-09-05,LATEST_HISTORY_PROXY,PROXY,CURRENT_HISTORY_ONLY_NO_VINTAGE,false,true,true
2004-02-29,2004-02,0,0,"2015=100指数(OECD,对照)",M,CPIALL_FRED,FRED(OECD转载总务省),VALIDATED_MIRROR,,,2026-09-05,LATEST_HISTORY_PROXY,PROXY,CURRENT_HISTORY_ONLY_NO_VINTAGE,false,true,true
2004-03-31,2004-03,0.2,0.2,"2015=100指数(OECD,对照)",M,CPIALL_FRED,FRED(OECD转载总务省),VALIDATED_MIRROR,,,2026-09-05,LATEST_HISTORY_PROXY,PROXY,CURRENT_HISTORY_ONLY_NO_VINTAGE,false,true,true
2004-04-30,2004-04,0,0,"2015=100指数(OECD,对照)",M,CPIALL_FRED,FRED(OECD转载总务省),VALIDATED_MIRROR,,,2026-09-05,LATEST_HISTORY_PROXY,PROXY,CURRENT_HISTORY_ONLY_NO_VINTAGE,false,true,true
2004-05-31,2004-05,0.1,0.1,"2015=100指数(OECD,对照)",M,CPIALL_FRED,FRED(OECD转载总务省),VALIDATED_MIRROR,,,2026-09-05,LATEST_HISTORY_PROXY,PROXY,CURRENT_HISTORY_ONLY_NO_VINTAGE,false,true,true
2004-06-30,2004-06,0.2,0.2,"2015=100指数(OECD,对照)",M,CPIALL_FRED,FRED(OECD转载总务省),VALIDATED_MIRROR,,,2026-09-05,LATEST_HISTORY_PROXY,PROXY,CURRENT_HISTORY_ONLY_NO_VINTAGE,false,true,true
2004-07-31,2004-07,-0.3,-0.3,"2015=100指数(OECD,对照)",M,CPIALL_FRED,FRED(OECD转载总务省),VALIDATED_MIRROR,,,2026-09-05,LATEST_HISTORY_PROXY,PROXY,CURRENT_HISTORY_ONLY_NO_VINTAGE,false,true,true
2004-08-31,2004-08,0.1,0.1,"2015=100指数(OECD,对照)",M,CPIALL_FRED,FRED(OECD转载总务省),VALIDATED_MIRROR,,,2026-09-05,LATEST_HISTORY_PROXY,PROXY,CURRENT_HISTORY_ONLY_NO_VINTAGE,false,true,true
2004-09-30,2004-09,0.3,0.3,"2015=100指数(OECD,对照)",M,CPIALL_FRED,FRED(OECD转载总务省),VALIDATED_MIRROR,,,2026-09-05,LATEST_HISTORY_PROXY,PROXY,CURRENT_HISTORY_ONLY_NO_VINTAGE,false,true,true
2004-10-31,2004-10,0.5,0.5,"2015=100指数(OECD,对照)",M,CPIALL_FRED,FRED(OECD转载总务省),VALIDATED_MIRROR,,,2026-09-05,LATEST_HISTORY_PROXY,PROXY,CURRENT_HISTORY_ONLY_NO_VINTAGE,false,true,true
2004-11-30,2004-11,-0.2,-0.2,"2015=100指数(OECD,对照)",M,CPIALL_FRED,FRED(OECD转载总务省),VALIDATED_MIRROR,,,2026-09-05,LATEST_HISTORY_PROXY,PROXY,CURRENT_HISTORY_ONLY_NO_VINTAGE,false,true,true
2004-12-31,2004-12,-0.5,-0.5,"2015=100指数(OECD,对照)",M,CPIALL_FRED,FRED(OECD转载总务省),VALIDATED_MIRROR,,,2026-09-05,LATEST_HISTORY_PROXY,PROXY,CURRENT_HISTORY_ONLY_NO_VINTAGE,false,true,true
2005-01-31,2005-01,-0.5,-0.5,"2015=100指数(OECD,对照)",M,CPIALL_FRED,FRED(OECD转载总务省),VALIDATED_MIRROR,,,2026-09-05,LATEST_HISTORY_PROXY,PROXY,CURRENT_HISTORY_ONLY_NO_VINTAGE,false,true,true
2005-02-28,2005-02,-0.3,-0.3,"2015=100指数(OECD,对照)",M,CPIALL_FRED,FRED(OECD转载总务省),VALIDATED_MIRROR,,,2026-09-05,LATEST_HISTORY_PROXY,PROXY,CURRENT_HISTORY_ONLY_NO_VINTAGE,false,true,true
2005-03-31,2005-03,0.3,0.3,"2015=100指数(OECD,对照)",M,CPIALL_FRED,FRED(OECD转载总务省),VALIDATED_MIRROR,,,2026-09-05,LATEST_HISTORY_PROXY,PROXY,CURRENT_HISTORY_ONLY_NO_VINTAGE,false,true,true
2005-04-30,2005-04,0.1,0.1,"2015=100指数(OECD,对照)",M,CPIALL_FRED,FRED(OECD转载总务省),VALIDATED_MIRROR,,,2026-09-05,LATEST_HISTORY_PROXY,PROXY,CURRENT_HISTORY_ONLY_NO_VINTAGE,false,true,true
2005-05-31,2005-05,0.1,0.1,"2015=100指数(OECD,对照)",M,CPIALL_FRED,FRED(OECD转载总务省),VALIDATED_MIRROR,,,2026-09-05,LATEST_HISTORY_PROXY,PROXY,CURRENT_HISTORY_ONLY_NO_VINTAGE,false,true,true
2005-06-30,2005-06,-0.4,-0.4,"2015=100指数(OECD,对照)",M,CPIALL_FRED,FRED(OECD转载总务省),VALIDATED_MIRROR,,,2026-09-05,LATEST_HISTORY_PROXY,PROXY,CURRENT_HISTORY_ONLY_NO_VINTAGE,false,true,true
2005-07-31,2005-07,-0.1,-0.1,"2015=100指数(OECD,对照)",M,CPIALL_FRED,FRED(OECD转载总务省),VALIDATED_MIRROR,,,2026-09-05,LATEST_HISTORY_PROXY,PROXY,CURRENT_HISTORY_ONLY_NO_VINTAGE,false,true,true
2005-08-31,2005-08,0.1,0.1,"2015=100指数(OECD,对照)",M,CPIALL_FRED,FRED(OECD转载总务省),VALIDATED_MIRROR,,,2026-09-05,LATEST_HISTORY_PROXY,PROXY,CURRENT_HISTORY_ONLY_NO_VINTAGE,false,true,true
2005-09-30,2005-09,0.3,0.3,"2015=100指数(OECD,对照)",M,CPIALL_FRED,FRED(OECD转载总务省),VALIDATED_MIRROR,,,2026-09-05,LATEST_HISTORY_PROXY,PROXY,CURRENT_HISTORY_ONLY_NO_VINTAGE,false,true,true
2005-10-31,2005-10,0,0,"2015=100指数(OECD,对照)",M,CPIALL_FRED,FRED(OECD转载总务省),VALIDATED_MIRROR,,,2026-09-05,LATEST_HISTORY_PROXY,PROXY,CURRENT_HISTORY_ONLY_NO_VINTAGE,false,true,true
2005-11-30,2005-11,-0.4,-0.4,"2015=100指数(OECD,对照)",M,CPIALL_FRED,FRED(OECD转载总务省),VALIDATED_MIRROR,,,2026-09-05,LATEST_HISTORY_PROXY,PROXY,CURRENT_HISTORY_ONLY_NO_VINTAGE,false,true,true
2005-12-31,2005-12,0.1,0.1,"2015=100指数(OECD,对照)",M,CPIALL_FRED,FRED(OECD转载总务省),VALIDATED_MIRROR,,,2026-09-05,LATEST_HISTORY_PROXY,PROXY,CURRENT_HISTORY_ONLY_NO_VINTAGE,false,true,true
2006-01-31,2006-01,0.1,0.1,"2015=100指数(OECD,对照)",M,CPIALL_FRED,FRED(OECD转载总务省),VALIDATED_MIRROR,,,2026-09-05,LATEST_HISTORY_PROXY,PROXY,CURRENT_HISTORY_ONLY_NO_VINTAGE,false,true,true
2006-02-28,2006-02,-0.3,-0.3,"2015=100指数(OECD,对照)",M,CPIALL_FRED,FRED(OECD转载总务省),VALIDATED_MIRROR,,,2026-09-05,LATEST_HISTORY_PROXY,PROXY,CURRENT_HISTORY_ONLY_NO_VINTAGE,false,true,true
2006-03-31,2006-03,0.2,0.2,"2015=100指数(OECD,对照)",M,CPIALL_FRED,FRED(OECD转载总务省),VALIDATED_MIRROR,,,2026-09-05,LATEST_HISTORY_PROXY,PROXY,CURRENT_HISTORY_ONLY_NO_VINTAGE,false,true,true
2006-04-30,2006-04,0.2,0.2,"2015=100指数(OECD,对照)",M,CPIALL_FRED,FRED(OECD转载总务省),VALIDATED_MIRROR,,,2026-09-05,LATEST_HISTORY_PROXY,PROXY,CURRENT_HISTORY_ONLY_NO_VINTAGE,false,true,true
2006-05-31,2006-05,0.3,0.3,"2015=100指数(OECD,对照)",M,CPIALL_FRED,FRED(OECD转载总务省),VALIDATED_MIRROR,,,2026-09-05,LATEST_HISTORY_PROXY,PROXY,CURRENT_HISTORY_ONLY_NO_VINTAGE,false,true,true
2006-06-30,2006-06,0,0,"2015=100指数(OECD,对照)",M,CPIALL_FRED,FRED(OECD转载总务省),VALIDATED_MIRROR,,,2026-09-05,LATEST_HISTORY_PROXY,PROXY,CURRENT_HISTORY_ONLY_NO_VINTAGE,false,true,true
2006-07-31,2006-07,-0.3,-0.3,"2015=100指数(OECD,对照)",M,CPIALL_FRED,FRED(OECD转载总务省),VALIDATED_MIRROR,,,2026-09-05,LATEST_HISTORY_PROXY,PROXY,CURRENT_HISTORY_ONLY_NO_VINTAGE,false,true,true
2006-08-31,2006-08,0.7,0.7,"2015=100指数(OECD,对照)",M,CPIALL_FRED,FRED(OECD转载总务省),VALIDATED_MIRROR,,,2026-09-05,LATEST_HISTORY_PROXY,PROXY,CURRENT_HISTORY_ONLY_NO_VINTAGE,false,true,true
2006-09-30,2006-09,0,0,"2015=100指数(OECD,对照)",M,CPIALL_FRED,FRED(OECD转载总务省),VALIDATED_MIRROR,,,2026-09-05,LATEST_HISTORY_PROXY,PROXY,CURRENT_HISTORY_ONLY_NO_VINTAGE,false,true,true
2006-10-31,2006-10,-0.2,-0.2,"2015=100指数(OECD,对照)",M,CPIALL_FRED,FRED(OECD转载总务省),VALIDATED_MIRROR,,,2026-09-05,LATEST_HISTORY_PROXY,PROXY,CURRENT_HISTORY_ONLY_NO_VINTAGE,false,true,true
2006-11-30,2006-11,-0.5,-0.5,"2015=100指数(OECD,对照)",M,CPIALL_FRED,FRED(OECD转载总务省),VALIDATED_MIRROR,,,2026-09-05,LATEST_HISTORY_PROXY,PROXY,CURRENT_HISTORY_ONLY_NO_VINTAGE,false,true,true
2006-12-31,2006-12,0.1,0.1,"2015=100指数(OECD,对照)",M,CPIALL_FRED,FRED(OECD转载总务省),VALIDATED_MIRROR,,,2026-09-05,LATEST_HISTORY_PROXY,PROXY,CURRENT_HISTORY_ONLY_NO_VINTAGE,false,true,true
2007-01-31,2007-01,-0.2,-0.2,"2015=100指数(OECD,对照)",M,CPIALL_FRED,FRED(OECD转载总务省),VALIDATED_MIRROR,,,2026-09-05,LATEST_HISTORY_PROXY,PROXY,CURRENT_HISTORY_ONLY_NO_VINTAGE,false,true,true
2007-02-28,2007-02,-0.5,-0.5,"2015=100指数(OECD,对照)",M,CPIALL_FRED,FRED(OECD转载总务省),VALIDATED_MIRROR,,,2026-09-05,LATEST_HISTORY_PROXY,PROXY,CURRENT_HISTORY_ONLY_NO_VINTAGE,false,true,true
2007-03-31,2007-03,0.3,0.3,"2015=100指数(OECD,对照)",M,CPIALL_FRED,FRED(OECD转载总务省),VALIDATED_MIRROR,,,2026-09-05,LATEST_HISTORY_PROXY,PROXY,CURRENT_HISTORY_ONLY_NO_VINTAGE,false,true,true
2007-04-30,2007-04,0.3,0.3,"2015=100指数(OECD,对照)",M,CPIALL_FRED,FRED(OECD转载总务省),VALIDATED_MIRROR,,,2026-09-05,LATEST_HISTORY_PROXY,PROXY,CURRENT_HISTORY_ONLY_NO_VINTAGE,false,true,true
2007-05-31,2007-05,0.3,0.3,"2015=100指数(OECD,对照)",M,CPIALL_FRED,FRED(OECD转载总务省),VALIDATED_MIRROR,,,2026-09-05,LATEST_HISTORY_PROXY,PROXY,CURRENT_HISTORY_ONLY_NO_VINTAGE,false,true,true
2007-06-30,2007-06,-0.2,-0.2,"2015=100指数(OECD,对照)",M,CPIALL_FRED,FRED(OECD转载总务省),VALIDATED_MIRROR,,,2026-09-05,LATEST_HISTORY_PROXY,PROXY,CURRENT_HISTORY_ONLY_NO_VINTAGE,false,true,true
2007-07-31,2007-07,-0.1,-0.1,"2015=100指数(OECD,对照)",M,CPIALL_FRED,FRED(OECD转载总务省),VALIDATED_MIRROR,,,2026-09-05,LATEST_HISTORY_PROXY,PROXY,CURRENT_HISTORY_ONLY_NO_VINTAGE,false,true,true
2007-08-31,2007-08,0.5,0.5,"2015=100指数(OECD,对照)",M,CPIALL_FRED,FRED(OECD转载总务省),VALIDATED_MIRROR,,,2026-09-05,LATEST_HISTORY_PROXY,PROXY,CURRENT_HISTORY_ONLY_NO_VINTAGE,false,true,true
2007-09-30,2007-09,0,0,"2015=100指数(OECD,对照)",M,CPIALL_FRED,FRED(OECD转载总务省),VALIDATED_MIRROR,,,2026-09-05,LATEST_HISTORY_PROXY,PROXY,CURRENT_HISTORY_ONLY_NO_VINTAGE,false,true,true
2007-10-31,2007-10,0.3,0.3,"2015=100指数(OECD,对照)",M,CPIALL_FRED,FRED(OECD转载总务省),VALIDATED_MIRROR,,,2026-09-05,LATEST_HISTORY_PROXY,PROXY,CURRENT_HISTORY_ONLY_NO_VINTAGE,false,true,true
2007-11-30,2007-11,-0.2,-0.2,"2015=100指数(OECD,对照)",M,CPIALL_FRED,FRED(OECD转载总务省),VALIDATED_MIRROR,,,2026-09-05,LATEST_HISTORY_PROXY,PROXY,CURRENT_HISTORY_ONLY_NO_VINTAGE,false,true,true
2007-12-31,2007-12,0.2,0.2,"2015=100指数(OECD,对照)",M,CPIALL_FRED,FRED(OECD转载总务省),VALIDATED_MIRROR,,,2026-09-05,LATEST_HISTORY_PROXY,PROXY,CURRENT_HISTORY_ONLY_NO_VINTAGE,false,true,true
2008-01-31,2008-01,-0.2,-0.2,"2015=100指数(OECD,对照)",M,CPIALL_FRED,FRED(OECD转载总务省),VALIDATED_MIRROR,,,2026-09-05,LATEST_HISTORY_PROXY,PROXY,CURRENT_HISTORY_ONLY_NO_VINTAGE,false,true,true
2008-02-29,2008-02,-0.2,-0.2,"2015=100指数(OECD,对照)",M,CPIALL_FRED,FRED(OECD转载总务省),VALIDATED_MIRROR,,,2026-09-05,LATEST_HISTORY_PROXY,PROXY,CURRENT_HISTORY_ONLY_NO_VINTAGE,false,true,true
2008-03-31,2008-03,0.5,0.5,"2015=100指数(OECD,对照)",M,CPIALL_FRED,FRED(OECD转载总务省),VALIDATED_MIRROR,,,2026-09-05,LATEST_HISTORY_PROXY,PROXY,CURRENT_HISTORY_ONLY_NO_VINTAGE,false,true,true
2008-04-30,2008-04,-0.1,-0.1,"2015=100指数(OECD,对照)",M,CPIALL_FRED,FRED(OECD转载总务省),VALIDATED_MIRROR,,,2026-09-05,LATEST_HISTORY_PROXY,PROXY,CURRENT_HISTORY_ONLY_NO_VINTAGE,false,true,true
2008-05-31,2008-05,0.8,0.8,"2015=100指数(OECD,对照)",M,CPIALL_FRED,FRED(OECD转载总务省),VALIDATED_MIRROR,,,2026-09-05,LATEST_HISTORY_PROXY,PROXY,CURRENT_HISTORY_ONLY_NO_VINTAGE,false,true,true
2008-06-30,2008-06,0.5,0.5,"2015=100指数(OECD,对照)",M,CPIALL_FRED,FRED(OECD转载总务省),VALIDATED_MIRROR,,,2026-09-05,LATEST_HISTORY_PROXY,PROXY,CURRENT_HISTORY_ONLY_NO_VINTAGE,false,true,true
2008-07-31,2008-07,0.2,0.2,"2015=100指数(OECD,对照)",M,CPIALL_FRED,FRED(OECD转载总务省),VALIDATED_MIRROR,,,2026-09-05,LATEST_HISTORY_PROXY,PROXY,CURRENT_HISTORY_ONLY_NO_VINTAGE,false,true,true
2008-08-31,2008-08,0.3,0.3,"2015=100指数(OECD,对照)",M,CPIALL_FRED,FRED(OECD转载总务省),VALIDATED_MIRROR,,,2026-09-05,LATEST_HISTORY_PROXY,PROXY,CURRENT_HISTORY_ONLY_NO_VINTAGE,false,true,true
2008-09-30,2008-09,0,0,"2015=100指数(OECD,对照)",M,CPIALL_FRED,FRED(OECD转载总务省),VALIDATED_MIRROR,,,2026-09-05,LATEST_HISTORY_PROXY,PROXY,CURRENT_HISTORY_ONLY_NO_VINTAGE,false,true,true
2008-10-31,2008-10,-0.1,-0.1,"2015=100指数(OECD,对照)",M,CPIALL_FRED,FRED(OECD转载总务省),VALIDATED_MIRROR,,,2026-09-05,LATEST_HISTORY_PROXY,PROXY,CURRENT_HISTORY_ONLY_NO_VINTAGE,false,true,true
2008-11-30,2008-11,-0.9,-0.9,"2015=100指数(OECD,对照)",M,CPIALL_FRED,FRED(OECD转载总务省),VALIDATED_MIRROR,,,2026-09-05,LATEST_HISTORY_PROXY,PROXY,CURRENT_HISTORY_ONLY_NO_VINTAGE,false,true,true
2008-12-31,2008-12,-0.4,-0.4,"2015=100指数(OECD,对照)",M,CPIALL_FRED,FRED(OECD转载总务省),VALIDATED_MIRROR,,,2026-09-05,LATEST_HISTORY_PROXY,PROXY,CURRENT_HISTORY_ONLY_NO_VINTAGE,false,true,true
2009-01-31,2009-01,-0.6,-0.6,"2015=100指数(OECD,对照)",M,CPIALL_FRED,FRED(OECD转载总务省),VALIDATED_MIRROR,,,2026-09-05,LATEST_HISTORY_PROXY,PROXY,CURRENT_HISTORY_ONLY_NO_VINTAGE,false,true,true
2009-02-28,2009-02,-0.3,-0.3,"2015=100指数(OECD,对照)",M,CPIALL_FRED,FRED(OECD转载总务省),VALIDATED_MIRROR,,,2026-09-05,LATEST_HISTORY_PROXY,PROXY,CURRENT_HISTORY_ONLY_NO_VINTAGE,false,true,true
2009-03-31,2009-03,0.3,0.3,"2015=100指数(OECD,对照)",M,CPIALL_FRED,FRED(OECD转载总务省),VALIDATED_MIRROR,,,2026-09-05,LATEST_HISTORY_PROXY,PROXY,CURRENT_HISTORY_ONLY_NO_VINTAGE,false,true,true
2009-04-30,2009-04,0.1,0.1,"2015=100指数(OECD,对照)",M,CPIALL_FRED,FRED(OECD转载总务省),VALIDATED_MIRROR,,,2026-09-05,LATEST_HISTORY_PROXY,PROXY,CURRENT_HISTORY_ONLY_NO_VINTAGE,false,true,true
2009-05-31,2009-05,-0.2,-0.2,"2015=100指数(OECD,对照)",M,CPIALL_FRED,FRED(OECD转载总务省),VALIDATED_MIRROR,,,2026-09-05,LATEST_HISTORY_PROXY,PROXY,CURRENT_HISTORY_ONLY_NO_VINTAGE,false,true,true
2009-06-30,2009-06,-0.2,-0.2,"2015=100指数(OECD,对照)",M,CPIALL_FRED,FRED(OECD转载总务省),VALIDATED_MIRROR,,,2026-09-05,LATEST_HISTORY_PROXY,PROXY,CURRENT_HISTORY_ONLY_NO_VINTAGE,false,true,true
2009-07-31,2009-07,-0.3,-0.3,"2015=100指数(OECD,对照)",M,CPIALL_FRED,FRED(OECD转载总务省),VALIDATED_MIRROR,,,2026-09-05,LATEST_HISTORY_PROXY,PROXY,CURRENT_HISTORY_ONLY_NO_VINTAGE,false,true,true
2009-08-31,2009-08,0.3,0.3,"2015=100指数(OECD,对照)",M,CPIALL_FRED,FRED(OECD转载总务省),VALIDATED_MIRROR,,,2026-09-05,LATEST_HISTORY_PROXY,PROXY,CURRENT_HISTORY_ONLY_NO_VINTAGE,false,true,true
2009-09-30,2009-09,0,0,"2015=100指数(OECD,对照)",M,CPIALL_FRED,FRED(OECD转载总务省),VALIDATED_MIRROR,,,2026-09-05,LATEST_HISTORY_PROXY,PROXY,CURRENT_HISTORY_ONLY_NO_VINTAGE,false,true,true
2009-10-31,2009-10,-0.4,-0.4,"2015=100指数(OECD,对照)",M,CPIALL_FRED,FRED(OECD转载总务省),VALIDATED_MIRROR,,,2026-09-05,LATEST_HISTORY_PROXY,PROXY,CURRENT_HISTORY_ONLY_NO_VINTAGE,false,true,true
2009-11-30,2009-11,-0.2,-0.2,"2015=100指数(OECD,对照)",M,CPIALL_FRED,FRED(OECD转载总务省),VALIDATED_MIRROR,,,2026-09-05,LATEST_HISTORY_PROXY,PROXY,CURRENT_HISTORY_ONLY_NO_VINTAGE,false,true,true
2009-12-31,2009-12,-0.2,-0.2,"2015=100指数(OECD,对照)",M,CPIALL_FRED,FRED(OECD转载总务省),VALIDATED_MIRROR,,,2026-09-05,LATEST_HISTORY_PROXY,PROXY,CURRENT_HISTORY_ONLY_NO_VINTAGE,false,true,true
2010-01-31,2010-01,-0.2,-0.2,"2015=100指数(OECD,对照)",M,CPIALL_FRED,FRED(OECD转载总务省),VALIDATED_MIRROR,,,2026-09-05,LATEST_HISTORY_PROXY,PROXY,CURRENT_HISTORY_ONLY_NO_VINTAGE,false,true,true
2010-02-28,2010-02,0,0,"2015=100指数(OECD,对照)",M,CPIALL_FRED,FRED(OECD转载总务省),VALIDATED_MIRROR,,,2026-09-05,LATEST_HISTORY_PROXY,PROXY,CURRENT_HISTORY_ONLY_NO_VINTAGE,false,true,true
2010-03-31,2010-03,0.3,0.3,"2015=100指数(OECD,对照)",M,CPIALL_FRED,FRED(OECD转载总务省),VALIDATED_MIRROR,,,2026-09-05,LATEST_HISTORY_PROXY,PROXY,CURRENT_HISTORY_ONLY_NO_VINTAGE,false,true,true
2010-04-30,2010-04,0,0,"2015=100指数(OECD,对照)",M,CPIALL_FRED,FRED(OECD转载总务省),VALIDATED_MIRROR,,,2026-09-05,LATEST_HISTORY_PROXY,PROXY,CURRENT_HISTORY_ONLY_NO_VINTAGE,false,true,true
2010-05-31,2010-05,-0.1,-0.1,"2015=100指数(OECD,对照)",M,CPIALL_FRED,FRED(OECD转载总务省),VALIDATED_MIRROR,,,2026-09-05,LATEST_HISTORY_PROXY,PROXY,CURRENT_HISTORY_ONLY_NO_VINTAGE,false,true,true
2010-06-30,2010-06,-0.2,-0.2,"2015=100指数(OECD,对照)",M,CPIALL_FRED,FRED(OECD转载总务省),VALIDATED_MIRROR,,,2026-09-05,LATEST_HISTORY_PROXY,PROXY,CURRENT_HISTORY_ONLY_NO_VINTAGE,false,true,true
2010-07-31,2010-07,-0.6,-0.6,"2015=100指数(OECD,对照)",M,CPIALL_FRED,FRED(OECD转载总务省),VALIDATED_MIRROR,,,2026-09-05,LATEST_HISTORY_PROXY,PROXY,CURRENT_HISTORY_ONLY_NO_VINTAGE,false,true,true
2010-08-31,2010-08,0.1,0.1,"2015=100指数(OECD,对照)",M,CPIALL_FRED,FRED(OECD转载总务省),VALIDATED_MIRROR,,,2026-09-05,LATEST_HISTORY_PROXY,PROXY,CURRENT_HISTORY_ONLY_NO_VINTAGE,false,true,true
2010-09-30,2010-09,0.2,0.2,"2015=100指数(OECD,对照)",M,CPIALL_FRED,FRED(OECD转载总务省),VALIDATED_MIRROR,,,2026-09-05,LATEST_HISTORY_PROXY,PROXY,CURRENT_HISTORY_ONLY_NO_VINTAGE,false,true,true
2010-10-31,2010-10,0.3,0.3,"2015=100指数(OECD,对照)",M,CPIALL_FRED,FRED(OECD转载总务省),VALIDATED_MIRROR,,,2026-09-05,LATEST_HISTORY_PROXY,PROXY,CURRENT_HISTORY_ONLY_NO_VINTAGE,false,true,true
2010-11-30,2010-11,-0.3,-0.3,"2015=100指数(OECD,对照)",M,CPIALL_FRED,FRED(OECD转载总务省),VALIDATED_MIRROR,,,2026-09-05,LATEST_HISTORY_PROXY,PROXY,CURRENT_HISTORY_ONLY_NO_VINTAGE,false,true,true
2010-12-31,2010-12,-0.3,-0.3,"2015=100指数(OECD,对照)",M,CPIALL_FRED,FRED(OECD转载总务省),VALIDATED_MIRROR,,,2026-09-05,LATEST_HISTORY_PROXY,PROXY,CURRENT_HISTORY_ONLY_NO_VINTAGE,false,true,true
2011-01-31,2011-01,-0.1,-0.1,"2015=100指数(OECD,对照)",M,CPIALL_FRED,FRED(OECD转载总务省),VALIDATED_MIRROR,,,2026-09-05,LATEST_HISTORY_PROXY,PROXY,CURRENT_HISTORY_ONLY_NO_VINTAGE,false,true,true
2011-02-28,2011-02,0,0,"2015=100指数(OECD,对照)",M,CPIALL_FRED,FRED(OECD转载总务省),VALIDATED_MIRROR,,,2026-09-05,LATEST_HISTORY_PROXY,PROXY,CURRENT_HISTORY_ONLY_NO_VINTAGE,false,true,true
2011-03-31,2011-03,0.3,0.3,"2015=100指数(OECD,对照)",M,CPIALL_FRED,FRED(OECD转载总务省),VALIDATED_MIRROR,,,2026-09-05,LATEST_HISTORY_PROXY,PROXY,CURRENT_HISTORY_ONLY_NO_VINTAGE,false,true,true
2011-04-30,2011-04,0.1,0.1,"2015=100指数(OECD,对照)",M,CPIALL_FRED,FRED(OECD转载总务省),VALIDATED_MIRROR,,,2026-09-05,LATEST_HISTORY_PROXY,PROXY,CURRENT_HISTORY_ONLY_NO_VINTAGE,false,true,true
2011-05-31,2011-05,0,0,"2015=100指数(OECD,对照)",M,CPIALL_FRED,FRED(OECD转载总务省),VALIDATED_MIRROR,,,2026-09-05,LATEST_HISTORY_PROXY,PROXY,CURRENT_HISTORY_ONLY_NO_VINTAGE,false,true,true
2011-06-30,2011-06,-0.2,-0.2,"2015=100指数(OECD,对照)",M,CPIALL_FRED,FRED(OECD转载总务省),VALIDATED_MIRROR,,,2026-09-05,LATEST_HISTORY_PROXY,PROXY,CURRENT_HISTORY_ONLY_NO_VINTAGE,false,true,true
2011-07-31,2011-07,0,0,"2015=100指数(OECD,对照)",M,CPIALL_FRED,FRED(OECD转载总务省),VALIDATED_MIRROR,,,2026-09-05,LATEST_HISTORY_PROXY,PROXY,CURRENT_HISTORY_ONLY_NO_VINTAGE,false,true,true
2011-08-31,2011-08,0.1,0.1,"2015=100指数(OECD,对照)",M,CPIALL_FRED,FRED(OECD转载总务省),VALIDATED_MIRROR,,,2026-09-05,LATEST_HISTORY_PROXY,PROXY,CURRENT_HISTORY_ONLY_NO_VINTAGE,false,true,true
2011-09-30,2011-09,0,0,"2015=100指数(OECD,对照)",M,CPIALL_FRED,FRED(OECD转载总务省),VALIDATED_MIRROR,,,2026-09-05,LATEST_HISTORY_PROXY,PROXY,CURRENT_HISTORY_ONLY_NO_VINTAGE,false,true,true
2011-10-31,2011-10,0.1,0.1,"2015=100指数(OECD,对照)",M,CPIALL_FRED,FRED(OECD转载总务省),VALIDATED_MIRROR,,,2026-09-05,LATEST_HISTORY_PROXY,PROXY,CURRENT_HISTORY_ONLY_NO_VINTAGE,false,true,true
2011-11-30,2011-11,-0.6,-0.6,"2015=100指数(OECD,对照)",M,CPIALL_FRED,FRED(OECD转载总务省),VALIDATED_MIRROR,,,2026-09-05,LATEST_HISTORY_PROXY,PROXY,CURRENT_HISTORY_ONLY_NO_VINTAGE,false,true,true
2011-12-31,2011-12,0,0,"2015=100指数(OECD,对照)",M,CPIALL_FRED,FRED(OECD转载总务省),VALIDATED_MIRROR,,,2026-09-05,LATEST_HISTORY_PROXY,PROXY,CURRENT_HISTORY_ONLY_NO_VINTAGE,false,true,true
2012-01-31,2012-01,0.2,0.2,"2015=100指数(OECD,对照)",M,CPIALL_FRED,FRED(OECD转载总务省),VALIDATED_MIRROR,,,2026-09-05,LATEST_HISTORY_PROXY,PROXY,CURRENT_HISTORY_ONLY_NO_VINTAGE,false,true,true
2012-02-29,2012-02,0.2,0.2,"2015=100指数(OECD,对照)",M,CPIALL_FRED,FRED(OECD转载总务省),VALIDATED_MIRROR,,,2026-09-05,LATEST_HISTORY_PROXY,PROXY,CURRENT_HISTORY_ONLY_NO_VINTAGE,false,true,true
2012-03-31,2012-03,0.5,0.5,"2015=100指数(OECD,对照)",M,CPIALL_FRED,FRED(OECD转载总务省),VALIDATED_MIRROR,,,2026-09-05,LATEST_HISTORY_PROXY,PROXY,CURRENT_HISTORY_ONLY_NO_VINTAGE,false,true,true
2012-04-30,2012-04,0.1,0.1,"2015=100指数(OECD,对照)",M,CPIALL_FRED,FRED(OECD转载总务省),VALIDATED_MIRROR,,,2026-09-05,LATEST_HISTORY_PROXY,PROXY,CURRENT_HISTORY_ONLY_NO_VINTAGE,false,true,true
2012-05-31,2012-05,-0.3,-0.3,"2015=100指数(OECD,对照)",M,CPIALL_FRED,FRED(OECD转载总务省),VALIDATED_MIRROR,,,2026-09-05,LATEST_HISTORY_PROXY,PROXY,CURRENT_HISTORY_ONLY_NO_VINTAGE,false,true,true
2012-06-30,2012-06,-0.5,-0.5,"2015=100指数(OECD,对照)",M,CPIALL_FRED,FRED(OECD转载总务省),VALIDATED_MIRROR,,,2026-09-05,LATEST_HISTORY_PROXY,PROXY,CURRENT_HISTORY_ONLY_NO_VINTAGE,false,true,true
2012-07-31,2012-07,-0.3,-0.3,"2015=100指数(OECD,对照)",M,CPIALL_FRED,FRED(OECD转载总务省),VALIDATED_MIRROR,,,2026-09-05,LATEST_HISTORY_PROXY,PROXY,CURRENT_HISTORY_ONLY_NO_VINTAGE,false,true,true
2012-08-31,2012-08,0.1,0.1,"2015=100指数(OECD,对照)",M,CPIALL_FRED,FRED(OECD转载总务省),VALIDATED_MIRROR,,,2026-09-05,LATEST_HISTORY_PROXY,PROXY,CURRENT_HISTORY_ONLY_NO_VINTAGE,false,true,true
2012-09-30,2012-09,0.1,0.1,"2015=100指数(OECD,对照)",M,CPIALL_FRED,FRED(OECD转载总务省),VALIDATED_MIRROR,,,2026-09-05,LATEST_HISTORY_PROXY,PROXY,CURRENT_HISTORY_ONLY_NO_VINTAGE,false,true,true
2012-10-31,2012-10,0,0,"2015=100指数(OECD,对照)",M,CPIALL_FRED,FRED(OECD转载总务省),VALIDATED_MIRROR,,,2026-09-05,LATEST_HISTORY_PROXY,PROXY,CURRENT_HISTORY_ONLY_NO_VINTAGE,false,true,true
2012-11-30,2012-11,-0.4,-0.4,"2015=100指数(OECD,对照)",M,CPIALL_FRED,FRED(OECD转载总务省),VALIDATED_MIRROR,,,2026-09-05,LATEST_HISTORY_PROXY,PROXY,CURRENT_HISTORY_ONLY_NO_VINTAGE,false,true,true
2012-12-31,2012-12,0,0,"2015=100指数(OECD,对照)",M,CPIALL_FRED,FRED(OECD转载总务省),VALIDATED_MIRROR,,,2026-09-05,LATEST_HISTORY_PROXY,PROXY,CURRENT_HISTORY_ONLY_NO_VINTAGE,false,true,true
2013-01-31,2013-01,0.1,0.1,"2015=100指数(OECD,对照)",M,CPIALL_FRED,FRED(OECD转载总务省),VALIDATED_MIRROR,,,2026-09-05,LATEST_HISTORY_PROXY,PROXY,CURRENT_HISTORY_ONLY_NO_VINTAGE,false,true,true
2013-02-28,2013-02,-0.2,-0.2,"2015=100指数(OECD,对照)",M,CPIALL_FRED,FRED(OECD转载总务省),VALIDATED_MIRROR,,,2026-09-05,LATEST_HISTORY_PROXY,PROXY,CURRENT_HISTORY_ONLY_NO_VINTAGE,false,true,true
2013-03-31,2013-03,0.2,0.2,"2015=100指数(OECD,对照)",M,CPIALL_FRED,FRED(OECD转载总务省),VALIDATED_MIRROR,,,2026-09-05,LATEST_HISTORY_PROXY,PROXY,CURRENT_HISTORY_ONLY_NO_VINTAGE,false,true,true
2013-04-30,2013-04,0.3,0.3,"2015=100指数(OECD,对照)",M,CPIALL_FRED,FRED(OECD转载总务省),VALIDATED_MIRROR,,,2026-09-05,LATEST_HISTORY_PROXY,PROXY,CURRENT_HISTORY_ONLY_NO_VINTAGE,false,true,true
2013-05-31,2013-05,0.1,0.1,"2015=100指数(OECD,对照)",M,CPIALL_FRED,FRED(OECD转载总务省),VALIDATED_MIRROR,,,2026-09-05,LATEST_HISTORY_PROXY,PROXY,CURRENT_HISTORY_ONLY_NO_VINTAGE,false,true,true
2013-06-30,2013-06,0,0,"2015=100指数(OECD,对照)",M,CPIALL_FRED,FRED(OECD转载总务省),VALIDATED_MIRROR,,,2026-09-05,LATEST_HISTORY_PROXY,PROXY,CURRENT_HISTORY_ONLY_NO_VINTAGE,false,true,true
2013-07-31,2013-07,0.2,0.2,"2015=100指数(OECD,对照)",M,CPIALL_FRED,FRED(OECD转载总务省),VALIDATED_MIRROR,,,2026-09-05,LATEST_HISTORY_PROXY,PROXY,CURRENT_HISTORY_ONLY_NO_VINTAGE,false,true,true
2013-08-31,2013-08,0.3,0.3,"2015=100指数(OECD,对照)",M,CPIALL_FRED,FRED(OECD转载总务省),VALIDATED_MIRROR,,,2026-09-05,LATEST_HISTORY_PROXY,PROXY,CURRENT_HISTORY_ONLY_NO_VINTAGE,false,true,true
2013-09-30,2013-09,0.3,0.3,"2015=100指数(OECD,对照)",M,CPIALL_FRED,FRED(OECD转载总务省),VALIDATED_MIRROR,,,2026-09-05,LATEST_HISTORY_PROXY,PROXY,CURRENT_HISTORY_ONLY_NO_VINTAGE,false,true,true
2013-10-31,2013-10,0.1,0.1,"2015=100指数(OECD,对照)",M,CPIALL_FRED,FRED(OECD转载总务省),VALIDATED_MIRROR,,,2026-09-05,LATEST_HISTORY_PROXY,PROXY,CURRENT_HISTORY_ONLY_NO_VINTAGE,false,true,true
2013-11-30,2013-11,0,0,"2015=100指数(OECD,对照)",M,CPIALL_FRED,FRED(OECD转载总务省),VALIDATED_MIRROR,,,2026-09-05,LATEST_HISTORY_PROXY,PROXY,CURRENT_HISTORY_ONLY_NO_VINTAGE,false,true,true
2013-12-31,2013-12,0.1,0.1,"2015=100指数(OECD,对照)",M,CPIALL_FRED,FRED(OECD转载总务省),VALIDATED_MIRROR,,,2026-09-05,LATEST_HISTORY_PROXY,PROXY,CURRENT_HISTORY_ONLY_NO_VINTAGE,false,true,true
2014-01-31,2014-01,-0.2,-0.2,"2015=100指数(OECD,对照)",M,CPIALL_FRED,FRED(OECD转载总务省),VALIDATED_MIRROR,,,2026-09-05,LATEST_HISTORY_PROXY,PROXY,CURRENT_HISTORY_ONLY_NO_VINTAGE,false,true,true
2014-02-28,2014-02,0,0,"2015=100指数(OECD,对照)",M,CPIALL_FRED,FRED(OECD转载总务省),VALIDATED_MIRROR,,,2026-09-05,LATEST_HISTORY_PROXY,PROXY,CURRENT_HISTORY_ONLY_NO_VINTAGE,false,true,true
2014-03-31,2014-03,0.3,0.3,"2015=100指数(OECD,对照)",M,CPIALL_FRED,FRED(OECD转载总务省),VALIDATED_MIRROR,,,2026-09-05,LATEST_HISTORY_PROXY,PROXY,CURRENT_HISTORY_ONLY_NO_VINTAGE,false,true,true
2014-04-30,2014-04,2.1,2.1,"2015=100指数(OECD,对照)",M,CPIALL_FRED,FRED(OECD转载总务省),VALIDATED_MIRROR,,,2026-09-05,LATEST_HISTORY_PROXY,PROXY,CURRENT_HISTORY_ONLY_NO_VINTAGE,false,true,true
2014-05-31,2014-05,0.4,0.4,"2015=100指数(OECD,对照)",M,CPIALL_FRED,FRED(OECD转载总务省),VALIDATED_MIRROR,,,2026-09-05,LATEST_HISTORY_PROXY,PROXY,CURRENT_HISTORY_ONLY_NO_VINTAGE,false,true,true
2014-06-30,2014-06,-0.1,-0.1,"2015=100指数(OECD,对照)",M,CPIALL_FRED,FRED(OECD转载总务省),VALIDATED_MIRROR,,,2026-09-05,LATEST_HISTORY_PROXY,PROXY,CURRENT_HISTORY_ONLY_NO_VINTAGE,false,true,true
2014-07-31,2014-07,0,0,"2015=100指数(OECD,对照)",M,CPIALL_FRED,FRED(OECD转载总务省),VALIDATED_MIRROR,,,2026-09-05,LATEST_HISTORY_PROXY,PROXY,CURRENT_HISTORY_ONLY_NO_VINTAGE,false,true,true
2014-08-31,2014-08,0.2,0.2,"2015=100指数(OECD,对照)",M,CPIALL_FRED,FRED(OECD转载总务省),VALIDATED_MIRROR,,,2026-09-05,LATEST_HISTORY_PROXY,PROXY,CURRENT_HISTORY_ONLY_NO_VINTAGE,false,true,true
2014-09-30,2014-09,0.2,0.2,"2015=100指数(OECD,对照)",M,CPIALL_FRED,FRED(OECD转载总务省),VALIDATED_MIRROR,,,2026-09-05,LATEST_HISTORY_PROXY,PROXY,CURRENT_HISTORY_ONLY_NO_VINTAGE,false,true,true
2014-10-31,2014-10,-0.3,-0.3,"2015=100指数(OECD,对照)",M,CPIALL_FRED,FRED(OECD转载总务省),VALIDATED_MIRROR,,,2026-09-05,LATEST_HISTORY_PROXY,PROXY,CURRENT_HISTORY_ONLY_NO_VINTAGE,false,true,true
2014-11-30,2014-11,-0.4,-0.4,"2015=100指数(OECD,对照)",M,CPIALL_FRED,FRED(OECD转载总务省),VALIDATED_MIRROR,,,2026-09-05,LATEST_HISTORY_PROXY,PROXY,CURRENT_HISTORY_ONLY_NO_VINTAGE,false,true,true
2014-12-31,2014-12,0.1,0.1,"2015=100指数(OECD,对照)",M,CPIALL_FRED,FRED(OECD转载总务省),VALIDATED_MIRROR,,,2026-09-05,LATEST_HISTORY_PROXY,PROXY,CURRENT_HISTORY_ONLY_NO_VINTAGE,false,true,true
2015-01-31,2015-01,-0.2,-0.2,"2015=100指数(OECD,对照)",M,CPIALL_FRED,FRED(OECD转载总务省),VALIDATED_MIRROR,,,2026-09-05,LATEST_HISTORY_PROXY,PROXY,CURRENT_HISTORY_ONLY_NO_VINTAGE,false,true,true
2015-02-28,2015-02,-0.2,-0.2,"2015=100指数(OECD,对照)",M,CPIALL_FRED,FRED(OECD转载总务省),VALIDATED_MIRROR,,,2026-09-05,LATEST_HISTORY_PROXY,PROXY,CURRENT_HISTORY_ONLY_NO_VINTAGE,false,true,true
2015-03-31,2015-03,0.3,0.3,"2015=100指数(OECD,对照)",M,CPIALL_FRED,FRED(OECD转载总务省),VALIDATED_MIRROR,,,2026-09-05,LATEST_HISTORY_PROXY,PROXY,CURRENT_HISTORY_ONLY_NO_VINTAGE,false,true,true
2015-04-30,2015-04,0.5,0.5,"2015=100指数(OECD,对照)",M,CPIALL_FRED,FRED(OECD转载总务省),VALIDATED_MIRROR,,,2026-09-05,LATEST_HISTORY_PROXY,PROXY,CURRENT_HISTORY_ONLY_NO_VINTAGE,false,true,true
2015-05-31,2015-05,0.2,0.2,"2015=100指数(OECD,对照)",M,CPIALL_FRED,FRED(OECD转载总务省),VALIDATED_MIRROR,,,2026-09-05,LATEST_HISTORY_PROXY,PROXY,CURRENT_HISTORY_ONLY_NO_VINTAGE,false,true,true
2015-06-30,2015-06,-0.2,-0.2,"2015=100指数(OECD,对照)",M,CPIALL_FRED,FRED(OECD转载总务省),VALIDATED_MIRROR,,,2026-09-05,LATEST_HISTORY_PROXY,PROXY,CURRENT_HISTORY_ONLY_NO_VINTAGE,false,true,true
2015-07-31,2015-07,-0.2,-0.2,"2015=100指数(OECD,对照)",M,CPIALL_FRED,FRED(OECD转载总务省),VALIDATED_MIRROR,,,2026-09-05,LATEST_HISTORY_PROXY,PROXY,CURRENT_HISTORY_ONLY_NO_VINTAGE,false,true,true
2015-08-31,2015-08,0.1,0.1,"2015=100指数(OECD,对照)",M,CPIALL_FRED,FRED(OECD转载总务省),VALIDATED_MIRROR,,,2026-09-05,LATEST_HISTORY_PROXY,PROXY,CURRENT_HISTORY_ONLY_NO_VINTAGE,false,true,true
2015-09-30,2015-09,0.1,0.1,"2015=100指数(OECD,对照)",M,CPIALL_FRED,FRED(OECD转载总务省),VALIDATED_MIRROR,,,2026-09-05,LATEST_HISTORY_PROXY,PROXY,CURRENT_HISTORY_ONLY_NO_VINTAGE,false,true,true
2015-10-31,2015-10,0.0,0.0,"2015=100指数(OECD,对照)",M,CPIALL_FRED,FRED(OECD转载总务省),VALIDATED_MIRROR,,,2026-09-05,LATEST_HISTORY_PROXY,PROXY,CURRENT_HISTORY_ONLY_NO_VINTAGE,false,true,true
2015-11-30,2015-11,-0.4,-0.4,"2015=100指数(OECD,对照)",M,CPIALL_FRED,FRED(OECD转载总务省),VALIDATED_MIRROR,,,2026-09-05,LATEST_HISTORY_PROXY,PROXY,CURRENT_HISTORY_ONLY_NO_VINTAGE,false,true,true
2015-12-31,2015-12,0.0,0.0,"2015=100指数(OECD,对照)",M,CPIALL_FRED,FRED(OECD转载总务省),VALIDATED_MIRROR,,,2026-09-05,LATEST_HISTORY_PROXY,PROXY,CURRENT_HISTORY_ONLY_NO_VINTAGE,false,true,true
2016-01-31,2016-01,-0.3,-0.3,"2015=100指数(OECD,对照)",M,CPIALL_FRED,FRED(OECD转载总务省),VALIDATED_MIRROR,,,2026-09-05,LATEST_HISTORY_PROXY,PROXY,CURRENT_HISTORY_ONLY_NO_VINTAGE,false,true,true
2016-02-29,2016-02,0.1,0.1,"2015=100指数(OECD,对照)",M,CPIALL_FRED,FRED(OECD转载总务省),VALIDATED_MIRROR,,,2026-09-05,LATEST_HISTORY_PROXY,PROXY,CURRENT_HISTORY_ONLY_NO_VINTAGE,false,true,true
2016-03-31,2016-03,0.1,0.1,"2015=100指数(OECD,对照)",M,CPIALL_FRED,FRED(OECD转载总务省),VALIDATED_MIRROR,,,2026-09-05,LATEST_HISTORY_PROXY,PROXY,CURRENT_HISTORY_ONLY_NO_VINTAGE,false,true,true
2016-04-30,2016-04,0.2,0.2,"2015=100指数(OECD,对照)",M,CPIALL_FRED,FRED(OECD转载总务省),VALIDATED_MIRROR,,,2026-09-05,LATEST_HISTORY_PROXY,PROXY,CURRENT_HISTORY_ONLY_NO_VINTAGE,false,true,true
2016-05-31,2016-05,0.1,0.1,"2015=100指数(OECD,对照)",M,CPIALL_FRED,FRED(OECD转载总务省),VALIDATED_MIRROR,,,2026-09-05,LATEST_HISTORY_PROXY,PROXY,CURRENT_HISTORY_ONLY_NO_VINTAGE,false,true,true
2016-06-30,2016-06,-0.1,-0.1,"2015=100指数(OECD,对照)",M,CPIALL_FRED,FRED(OECD转载总务省),VALIDATED_MIRROR,,,2026-09-05,LATEST_HISTORY_PROXY,PROXY,CURRENT_HISTORY_ONLY_NO_VINTAGE,false,true,true
2016-07-31,2016-07,-0.2,-0.2,"2015=100指数(OECD,对照)",M,CPIALL_FRED,FRED(OECD转载总务省),VALIDATED_MIRROR,,,2026-09-05,LATEST_HISTORY_PROXY,PROXY,CURRENT_HISTORY_ONLY_NO_VINTAGE,false,true,true
2016-08-31,2016-08,0.0,0.0,"2015=100指数(OECD,对照)",M,CPIALL_FRED,FRED(OECD转载总务省),VALIDATED_MIRROR,,,2026-09-05,LATEST_HISTORY_PROXY,PROXY,CURRENT_HISTORY_ONLY_NO_VINTAGE,false,true,true
2016-09-30,2016-09,0.2,0.2,"2015=100指数(OECD,对照)",M,CPIALL_FRED,FRED(OECD转载总务省),VALIDATED_MIRROR,,,2026-09-05,LATEST_HISTORY_PROXY,PROXY,CURRENT_HISTORY_ONLY_NO_VINTAGE,false,true,true
2016-10-31,2016-10,0.6,0.6,"2015=100指数(OECD,对照)",M,CPIALL_FRED,FRED(OECD转载总务省),VALIDATED_MIRROR,,,2026-09-05,LATEST_HISTORY_PROXY,PROXY,CURRENT_HISTORY_ONLY_NO_VINTAGE,false,true,true
2016-11-30,2016-11,0.0,0.0,"2015=100指数(OECD,对照)",M,CPIALL_FRED,FRED(OECD转载总务省),VALIDATED_MIRROR,,,2026-09-05,LATEST_HISTORY_PROXY,PROXY,CURRENT_HISTORY_ONLY_NO_VINTAGE,false,true,true
2016-12-31,2016-12,-0.2,-0.2,"2015=100指数(OECD,对照)",M,CPIALL_FRED,FRED(OECD转载总务省),VALIDATED_MIRROR,,,2026-09-05,LATEST_HISTORY_PROXY,PROXY,CURRENT_HISTORY_ONLY_NO_VINTAGE,false,true,true
2017-01-31,2017-01,-0.2,-0.2,"2015=100指数(OECD,对照)",M,CPIALL_FRED,FRED(OECD转载总务省),VALIDATED_MIRROR,,,2026-09-05,LATEST_HISTORY_PROXY,PROXY,CURRENT_HISTORY_ONLY_NO_VINTAGE,false,true,true
2017-02-28,2017-02,-0.1,-0.1,"2015=100指数(OECD,对照)",M,CPIALL_FRED,FRED(OECD转载总务省),VALIDATED_MIRROR,,,2026-09-05,LATEST_HISTORY_PROXY,PROXY,CURRENT_HISTORY_ONLY_NO_VINTAGE,false,true,true
2017-03-31,2017-03,0.1,0.1,"2015=100指数(OECD,对照)",M,CPIALL_FRED,FRED(OECD转载总务省),VALIDATED_MIRROR,,,2026-09-05,LATEST_HISTORY_PROXY,PROXY,CURRENT_HISTORY_ONLY_NO_VINTAGE,false,true,true
2017-04-30,2017-04,0.4,0.4,"2015=100指数(OECD,对照)",M,CPIALL_FRED,FRED(OECD转载总务省),VALIDATED_MIRROR,,,2026-09-05,LATEST_HISTORY_PROXY,PROXY,CURRENT_HISTORY_ONLY_NO_VINTAGE,false,true,true
2017-05-31,2017-05,0.1,0.1,"2015=100指数(OECD,对照)",M,CPIALL_FRED,FRED(OECD转载总务省),VALIDATED_MIRROR,,,2026-09-05,LATEST_HISTORY_PROXY,PROXY,CURRENT_HISTORY_ONLY_NO_VINTAGE,false,true,true
2017-06-30,2017-06,-0.1,-0.1,"2015=100指数(OECD,对照)",M,CPIALL_FRED,FRED(OECD转载总务省),VALIDATED_MIRROR,,,2026-09-05,LATEST_HISTORY_PROXY,PROXY,CURRENT_HISTORY_ONLY_NO_VINTAGE,false,true,true
2017-07-31,2017-07,-0.2,-0.2,"2015=100指数(OECD,对照)",M,CPIALL_FRED,FRED(OECD转载总务省),VALIDATED_MIRROR,,,2026-09-05,LATEST_HISTORY_PROXY,PROXY,CURRENT_HISTORY_ONLY_NO_VINTAGE,false,true,true
2017-08-31,2017-08,0.2,0.2,"2015=100指数(OECD,对照)",M,CPIALL_FRED,FRED(OECD转载总务省),VALIDATED_MIRROR,,,2026-09-05,LATEST_HISTORY_PROXY,PROXY,CURRENT_HISTORY_ONLY_NO_VINTAGE,false,true,true
2017-09-30,2017-09,0.2,0.2,"2015=100指数(OECD,对照)",M,CPIALL_FRED,FRED(OECD转载总务省),VALIDATED_MIRROR,,,2026-09-05,LATEST_HISTORY_PROXY,PROXY,CURRENT_HISTORY_ONLY_NO_VINTAGE,false,true,true
2017-10-31,2017-10,0.0,0.0,"2015=100指数(OECD,对照)",M,CPIALL_FRED,FRED(OECD转载总务省),VALIDATED_MIRROR,,,2026-09-05,LATEST_HISTORY_PROXY,PROXY,CURRENT_HISTORY_ONLY_NO_VINTAGE,false,true,true
2017-11-30,2017-11,0.4,0.4,"2015=100指数(OECD,对照)",M,CPIALL_FRED,FRED(OECD转载总务省),VALIDATED_MIRROR,,,2026-09-05,LATEST_HISTORY_PROXY,PROXY,CURRENT_HISTORY_ONLY_NO_VINTAGE,false,true,true
2017-12-31,2017-12,0.3,0.3,"2015=100指数(OECD,对照)",M,CPIALL_FRED,FRED(OECD转载总务省),VALIDATED_MIRROR,,,2026-09-05,LATEST_HISTORY_PROXY,PROXY,CURRENT_HISTORY_ONLY_NO_VINTAGE,false,true,true
2018-01-31,2018-01,0.1,0.1,"2015=100指数(OECD,对照)",M,CPIALL_FRED,FRED(OECD转载总务省),VALIDATED_MIRROR,,,2026-09-05,LATEST_HISTORY_PROXY,PROXY,CURRENT_HISTORY_ONLY_NO_VINTAGE,false,true,true
2018-02-28,2018-02,0.0,0.0,"2015=100指数(OECD,对照)",M,CPIALL_FRED,FRED(OECD转载总务省),VALIDATED_MIRROR,,,2026-09-05,LATEST_HISTORY_PROXY,PROXY,CURRENT_HISTORY_ONLY_NO_VINTAGE,false,true,true
2018-03-31,2018-03,-0.3,-0.3,"2015=100指数(OECD,对照)",M,CPIALL_FRED,FRED(OECD转载总务省),VALIDATED_MIRROR,,,2026-09-05,LATEST_HISTORY_PROXY,PROXY,CURRENT_HISTORY_ONLY_NO_VINTAGE,false,true,true
2018-04-30,2018-04,-0.1,-0.1,"2015=100指数(OECD,对照)",M,CPIALL_FRED,FRED(OECD转载总务省),VALIDATED_MIRROR,,,2026-09-05,LATEST_HISTORY_PROXY,PROXY,CURRENT_HISTORY_ONLY_NO_VINTAGE,false,true,true
2018-05-31,2018-05,0.1,0.1,"2015=100指数(OECD,对照)",M,CPIALL_FRED,FRED(OECD转载总务省),VALIDATED_MIRROR,,,2026-09-05,LATEST_HISTORY_PROXY,PROXY,CURRENT_HISTORY_ONLY_NO_VINTAGE,false,true,true
2018-06-30,2018-06,-0.1,-0.1,"2015=100指数(OECD,对照)",M,CPIALL_FRED,FRED(OECD转载总务省),VALIDATED_MIRROR,,,2026-09-05,LATEST_HISTORY_PROXY,PROXY,CURRENT_HISTORY_ONLY_NO_VINTAGE,false,true,true
2018-07-31,2018-07,0.1,0.1,"2015=100指数(OECD,对照)",M,CPIALL_FRED,FRED(OECD转载总务省),VALIDATED_MIRROR,,,2026-09-05,LATEST_HISTORY_PROXY,PROXY,CURRENT_HISTORY_ONLY_NO_VINTAGE,false,true,true
2018-08-31,2018-08,0.5,0.5,"2015=100指数(OECD,对照)",M,CPIALL_FRED,FRED(OECD转载总务省),VALIDATED_MIRROR,,,2026-09-05,LATEST_HISTORY_PROXY,PROXY,CURRENT_HISTORY_ONLY_NO_VINTAGE,false,true,true
2018-09-30,2018-09,0.1,0.1,"2015=100指数(OECD,对照)",M,CPIALL_FRED,FRED(OECD转载总务省),VALIDATED_MIRROR,,,2026-09-05,LATEST_HISTORY_PROXY,PROXY,CURRENT_HISTORY_ONLY_NO_VINTAGE,false,true,true
2018-10-31,2018-10,0.3,0.3,"2015=100指数(OECD,对照)",M,CPIALL_FRED,FRED(OECD转载总务省),VALIDATED_MIRROR,,,2026-09-05,LATEST_HISTORY_PROXY,PROXY,CURRENT_HISTORY_ONLY_NO_VINTAGE,false,true,true
2018-11-30,2018-11,-0.3,-0.3,"2015=100指数(OECD,对照)",M,CPIALL_FRED,FRED(OECD转载总务省),VALIDATED_MIRROR,,,2026-09-05,LATEST_HISTORY_PROXY,PROXY,CURRENT_HISTORY_ONLY_NO_VINTAGE,false,true,true
2018-12-31,2018-12,-0.3,-0.3,"2015=100指数(OECD,对照)",M,CPIALL_FRED,FRED(OECD转载总务省),VALIDATED_MIRROR,,,2026-09-05,LATEST_HISTORY_PROXY,PROXY,CURRENT_HISTORY_ONLY_NO_VINTAGE,false,true,true
2019-01-31,2019-01,0.1,0.1,"2015=100指数(OECD,对照)",M,CPIALL_FRED,FRED(OECD转载总务省),VALIDATED_MIRROR,,,2026-09-05,LATEST_HISTORY_PROXY,PROXY,CURRENT_HISTORY_ONLY_NO_VINTAGE,false,true,true
2019-02-28,2019-02,0.0,0.0,"2015=100指数(OECD,对照)",M,CPIALL_FRED,FRED(OECD转载总务省),VALIDATED_MIRROR,,,2026-09-05,LATEST_HISTORY_PROXY,PROXY,CURRENT_HISTORY_ONLY_NO_VINTAGE,false,true,true
2019-03-31,2019-03,0.0,0.0,"2015=100指数(OECD,对照)",M,CPIALL_FRED,FRED(OECD转载总务省),VALIDATED_MIRROR,,,2026-09-05,LATEST_HISTORY_PROXY,PROXY,CURRENT_HISTORY_ONLY_NO_VINTAGE,false,true,true
2019-04-30,2019-04,0.3,0.3,"2015=100指数(OECD,对照)",M,CPIALL_FRED,FRED(OECD转载总务省),VALIDATED_MIRROR,,,2026-09-05,LATEST_HISTORY_PROXY,PROXY,CURRENT_HISTORY_ONLY_NO_VINTAGE,false,true,true
2019-05-31,2019-05,0.0,0.0,"2015=100指数(OECD,对照)",M,CPIALL_FRED,FRED(OECD转载总务省),VALIDATED_MIRROR,,,2026-09-05,LATEST_HISTORY_PROXY,PROXY,CURRENT_HISTORY_ONLY_NO_VINTAGE,false,true,true
2019-06-30,2019-06,-0.1,-0.1,"2015=100指数(OECD,对照)",M,CPIALL_FRED,FRED(OECD转载总务省),VALIDATED_MIRROR,,,2026-09-05,LATEST_HISTORY_PROXY,PROXY,CURRENT_HISTORY_ONLY_NO_VINTAGE,false,true,true
2019-07-31,2019-07,-0.1,-0.1,"2015=100指数(OECD,对照)",M,CPIALL_FRED,FRED(OECD转载总务省),VALIDATED_MIRROR,,,2026-09-05,LATEST_HISTORY_PROXY,PROXY,CURRENT_HISTORY_ONLY_NO_VINTAGE,false,true,true
2019-08-31,2019-08,0.3,0.3,"2015=100指数(OECD,对照)",M,CPIALL_FRED,FRED(OECD转载总务省),VALIDATED_MIRROR,,,2026-09-05,LATEST_HISTORY_PROXY,PROXY,CURRENT_HISTORY_ONLY_NO_VINTAGE,false,true,true
2019-09-30,2019-09,0.1,0.1,"2015=100指数(OECD,对照)",M,CPIALL_FRED,FRED(OECD转载总务省),VALIDATED_MIRROR,,,2026-09-05,LATEST_HISTORY_PROXY,PROXY,CURRENT_HISTORY_ONLY_NO_VINTAGE,false,true,true
2019-10-31,2019-10,0.3,0.3,"2015=100指数(OECD,对照)",M,CPIALL_FRED,FRED(OECD转载总务省),VALIDATED_MIRROR,,,2026-09-05,LATEST_HISTORY_PROXY,PROXY,CURRENT_HISTORY_ONLY_NO_VINTAGE,false,true,true
2019-11-30,2019-11,0.1,0.1,"2015=100指数(OECD,对照)",M,CPIALL_FRED,FRED(OECD转载总务省),VALIDATED_MIRROR,,,2026-09-05,LATEST_HISTORY_PROXY,PROXY,CURRENT_HISTORY_ONLY_NO_VINTAGE,false,true,true
2019-12-31,2019-12,0.0,0.0,"2015=100指数(OECD,对照)",M,CPIALL_FRED,FRED(OECD转载总务省),VALIDATED_MIRROR,,,2026-09-05,LATEST_HISTORY_PROXY,PROXY,CURRENT_HISTORY_ONLY_NO_VINTAGE,false,true,true
2020-01-31,2020-01,-0.1,-0.1,"2015=100指数(OECD,对照)",M,CPIALL_FRED,FRED(OECD转载总务省),VALIDATED_MIRROR,,,2026-09-05,LATEST_HISTORY_PROXY,PROXY,CURRENT_HISTORY_ONLY_NO_VINTAGE,false,true,true
2020-02-29,2020-02,-0.2,-0.2,"2015=100指数(OECD,对照)",M,CPIALL_FRED,FRED(OECD转载总务省),VALIDATED_MIRROR,,,2026-09-05,LATEST_HISTORY_PROXY,PROXY,CURRENT_HISTORY_ONLY_NO_VINTAGE,false,true,true
2020-03-31,2020-03,0.0,0.0,"2015=100指数(OECD,对照)",M,CPIALL_FRED,FRED(OECD转载总务省),VALIDATED_MIRROR,,,2026-09-05,LATEST_HISTORY_PROXY,PROXY,CURRENT_HISTORY_ONLY_NO_VINTAGE,false,true,true
2020-04-30,2020-04,-0.1,-0.1,"2015=100指数(OECD,对照)",M,CPIALL_FRED,FRED(OECD转载总务省),VALIDATED_MIRROR,,,2026-09-05,LATEST_HISTORY_PROXY,PROXY,CURRENT_HISTORY_ONLY_NO_VINTAGE,false,true,true
2020-05-31,2020-05,0.0,0.0,"2015=100指数(OECD,对照)",M,CPIALL_FRED,FRED(OECD转载总务省),VALIDATED_MIRROR,,,2026-09-05,LATEST_HISTORY_PROXY,PROXY,CURRENT_HISTORY_ONLY_NO_VINTAGE,false,true,true
2020-06-30,2020-06,-0.2,-0.2,"2015=100指数(OECD,对照)",M,CPIALL_FRED,FRED(OECD转载总务省),VALIDATED_MIRROR,,,2026-09-05,LATEST_HISTORY_PROXY,PROXY,CURRENT_HISTORY_ONLY_NO_VINTAGE,false,true,true
2020-07-31,2020-07,0.1,0.1,"2015=100指数(OECD,对照)",M,CPIALL_FRED,FRED(OECD转载总务省),VALIDATED_MIRROR,,,2026-09-05,LATEST_HISTORY_PROXY,PROXY,CURRENT_HISTORY_ONLY_NO_VINTAGE,false,true,true
2020-08-31,2020-08,0.1,0.1,"2015=100指数(OECD,对照)",M,CPIALL_FRED,FRED(OECD转载总务省),VALIDATED_MIRROR,,,2026-09-05,LATEST_HISTORY_PROXY,PROXY,CURRENT_HISTORY_ONLY_NO_VINTAGE,false,true,true
2020-09-30,2020-09,-0.2,-0.2,"2015=100指数(OECD,对照)",M,CPIALL_FRED,FRED(OECD转载总务省),VALIDATED_MIRROR,,,2026-09-05,LATEST_HISTORY_PROXY,PROXY,CURRENT_HISTORY_ONLY_NO_VINTAGE,false,true,true
2020-10-31,2020-10,-0.1,-0.1,"2015=100指数(OECD,对照)",M,CPIALL_FRED,FRED(OECD转载总务省),VALIDATED_MIRROR,,,2026-09-05,LATEST_HISTORY_PROXY,PROXY,CURRENT_HISTORY_ONLY_NO_VINTAGE,false,true,true
2020-11-30,2020-11,-0.3,-0.3,"2015=100指数(OECD,对照)",M,CPIALL_FRED,FRED(OECD转载总务省),VALIDATED_MIRROR,,,2026-09-05,LATEST_HISTORY_PROXY,PROXY,CURRENT_HISTORY_ONLY_NO_VINTAGE,false,true,true
2020-12-31,2020-12,-0.2,-0.2,"2015=100指数(OECD,对照)",M,CPIALL_FRED,FRED(OECD转载总务省),VALIDATED_MIRROR,,,2026-09-05,LATEST_HISTORY_PROXY,PROXY,CURRENT_HISTORY_ONLY_NO_VINTAGE,false,true,true
2021-01-31,2021-01,0.5,0.5,"2015=100指数(OECD,对照)",M,CPIALL_FRED,FRED(OECD转载总务省),VALIDATED_MIRROR,,,2026-09-05,LATEST_HISTORY_PROXY,PROXY,CURRENT_HISTORY_ONLY_NO_VINTAGE,false,true,true
2021-02-28,2021-02,-0.1,-0.1,"2015=100指数(OECD,对照)",M,CPIALL_FRED,FRED(OECD转载总务省),VALIDATED_MIRROR,,,2026-09-05,LATEST_HISTORY_PROXY,PROXY,CURRENT_HISTORY_ONLY_NO_VINTAGE,false,true,true
2021-03-31,2021-03,0.1,0.1,"2015=100指数(OECD,对照)",M,CPIALL_FRED,FRED(OECD转载总务省),VALIDATED_MIRROR,,,2026-09-05,LATEST_HISTORY_PROXY,PROXY,CURRENT_HISTORY_ONLY_NO_VINTAGE,false,true,true
2021-04-30,2021-04,-0.8,-0.8,"2015=100指数(OECD,对照)",M,CPIALL_FRED,FRED(OECD转载总务省),VALIDATED_MIRROR,,,2026-09-05,LATEST_HISTORY_PROXY,PROXY,CURRENT_HISTORY_ONLY_NO_VINTAGE,false,true,true
2021-05-31,2021-05,0.3,0.3,"2015=100指数(OECD,对照)",M,CPIALL_FRED,FRED(OECD转载总务省),VALIDATED_MIRROR,,,2026-09-05,LATEST_HISTORY_PROXY,PROXY,CURRENT_HISTORY_ONLY_NO_VINTAGE,false,true,true
2021-06-30,2021-06,0.1,0.1,"2015=100指数(OECD,对照)",M,CPIALL_FRED,FRED(OECD转载总务省),VALIDATED_MIRROR,,,2026-09-05,LATEST_HISTORY_PROXY,PROXY,CURRENT_HISTORY_ONLY_NO_VINTAGE,false,true,true
2021-07-31,2021-07,,.,"2015=100指数(OECD,对照)",M,CPIALL_FRED,FRED(OECD转载总务省),VALIDATED_MIRROR,,,2026-09-05,LATEST_HISTORY_PROXY,PROXY,CURRENT_HISTORY_ONLY_NO_VINTAGE,false,true,true
2021-08-31,2021-08,,.,"2015=100指数(OECD,对照)",M,CPIALL_FRED,FRED(OECD转载总务省),VALIDATED_MIRROR,,,2026-09-05,LATEST_HISTORY_PROXY,PROXY,CURRENT_HISTORY_ONLY_NO_VINTAGE,false,true,true
2021-09-30,2021-09,,.,"2015=100指数(OECD,对照)",M,CPIALL_FRED,FRED(OECD转载总务省),VALIDATED_MIRROR,,,2026-09-05,LATEST_HISTORY_PROXY,PROXY,CURRENT_HISTORY_ONLY_NO_VINTAGE,false,true,true
2021-10-31,2021-10,,.,"2015=100指数(OECD,对照)",M,CPIALL_FRED,FRED(OECD转载总务省),VALIDATED_MIRROR,,,2026-09-05,LATEST_HISTORY_PROXY,PROXY,CURRENT_HISTORY_ONLY_NO_VINTAGE,false,true,true
2021-11-30,2021-11,,.,"2015=100指数(OECD,对照)",M,CPIALL_FRED,FRED(OECD转载总务省),VALIDATED_MIRROR,,,2026-09-05,LATEST_HISTORY_PROXY,PROXY,CURRENT_HISTORY_ONLY_NO_VINTAGE,false,true,true
2021-12-31,2021-12,,.,"2015=100指数(OECD,对照)",M,CPIALL_FRED,FRED(OECD转载总务省),VALIDATED_MIRROR,,,2026-09-05,LATEST_HISTORY_PROXY,PROXY,CURRENT_HISTORY_ONLY_NO_VINTAGE,false,true,true
2022-01-31,2022-01,,.,"2015=100指数(OECD,对照)",M,CPIALL_FRED,FRED(OECD转载总务省),VALIDATED_MIRROR,,,2026-09-05,LATEST_HISTORY_PROXY,PROXY,CURRENT_HISTORY_ONLY_NO_VINTAGE,false,true,true
2022-02-28,2022-02,,.,"2015=100指数(OECD,对照)",M,CPIALL_FRED,FRED(OECD转载总务省),VALIDATED_MIRROR,,,2026-09-05,LATEST_HISTORY_PROXY,PROXY,CURRENT_HISTORY_ONLY_NO_VINTAGE,false,true,true
2022-03-31,2022-03,,.,"2015=100指数(OECD,对照)",M,CPIALL_FRED,FRED(OECD转载总务省),VALIDATED_MIRROR,,,2026-09-05,LATEST_HISTORY_PROXY,PROXY,CURRENT_HISTORY_ONLY_NO_VINTAGE,false,true,true
2022-04-30,2022-04,,.,"2015=100指数(OECD,对照)",M,CPIALL_FRED,FRED(OECD转载总务省),VALIDATED_MIRROR,,,2026-09-05,LATEST_HISTORY_PROXY,PROXY,CURRENT_HISTORY_ONLY_NO_VINTAGE,false,true,true
