date,period,value,value_raw,unit,freq,source,provider,source_type,definition_regime,note,value_available_date,vintage_type,release_rule_status,vintage_evidence,historical_realtime_eligible,post_vad_eligible,source_validity_eligible
1970-01-31,1970-01,14.2424242424242,14.2424242424242,指数2015=100(停2023-10),M,WAGE_PRIVATE_FRED,FRED(OECD转载厚劳省),VALIDATED_MIRROR,,,2026-09-05,LATEST_HISTORY_PROXY,PROXY,CURRENT_HISTORY_ONLY_NO_VINTAGE,false,true,true
1970-02-28,1970-02,13.8383838383838,13.8383838383838,指数2015=100(停2023-10),M,WAGE_PRIVATE_FRED,FRED(OECD转载厚劳省),VALIDATED_MIRROR,,,2026-09-05,LATEST_HISTORY_PROXY,PROXY,CURRENT_HISTORY_ONLY_NO_VINTAGE,false,true,true
1970-03-31,1970-03,15.6565656565657,15.6565656565657,指数2015=100(停2023-10),M,WAGE_PRIVATE_FRED,FRED(OECD转载厚劳省),VALIDATED_MIRROR,,,2026-09-05,LATEST_HISTORY_PROXY,PROXY,CURRENT_HISTORY_ONLY_NO_VINTAGE,false,true,true
1970-04-30,1970-04,14.8484848484848,14.8484848484848,指数2015=100(停2023-10),M,WAGE_PRIVATE_FRED,FRED(OECD转载厚劳省),VALIDATED_MIRROR,,,2026-09-05,LATEST_HISTORY_PROXY,PROXY,CURRENT_HISTORY_ONLY_NO_VINTAGE,false,true,true
1970-05-31,1970-05,15.0505050505051,15.0505050505051,指数2015=100(停2023-10),M,WAGE_PRIVATE_FRED,FRED(OECD转载厚劳省),VALIDATED_MIRROR,,,2026-09-05,LATEST_HISTORY_PROXY,PROXY,CURRENT_HISTORY_ONLY_NO_VINTAGE,false,true,true
1970-06-30,1970-06,25.8585858585859,25.8585858585859,指数2015=100(停2023-10),M,WAGE_PRIVATE_FRED,FRED(OECD转载厚劳省),VALIDATED_MIRROR,,,2026-09-05,LATEST_HISTORY_PROXY,PROXY,CURRENT_HISTORY_ONLY_NO_VINTAGE,false,true,true
1970-07-31,1970-07,25.959595959596,25.959595959596,指数2015=100(停2023-10),M,WAGE_PRIVATE_FRED,FRED(OECD转载厚劳省),VALIDATED_MIRROR,,,2026-09-05,LATEST_HISTORY_PROXY,PROXY,CURRENT_HISTORY_ONLY_NO_VINTAGE,false,true,true
1970-08-31,1970-08,17.4747474747475,17.4747474747475,指数2015=100(停2023-10),M,WAGE_PRIVATE_FRED,FRED(OECD转载厚劳省),VALIDATED_MIRROR,,,2026-09-05,LATEST_HISTORY_PROXY,PROXY,CURRENT_HISTORY_ONLY_NO_VINTAGE,false,true,true
1970-09-30,1970-09,15.8585858585859,15.8585858585859,指数2015=100(停2023-10),M,WAGE_PRIVATE_FRED,FRED(OECD转载厚劳省),VALIDATED_MIRROR,,,2026-09-05,LATEST_HISTORY_PROXY,PROXY,CURRENT_HISTORY_ONLY_NO_VINTAGE,false,true,true
1970-10-31,1970-10,16.1616161616162,16.1616161616162,指数2015=100(停2023-10),M,WAGE_PRIVATE_FRED,FRED(OECD转载厚劳省),VALIDATED_MIRROR,,,2026-09-05,LATEST_HISTORY_PROXY,PROXY,CURRENT_HISTORY_ONLY_NO_VINTAGE,false,true,true
1970-11-30,1970-11,16.1616161616162,16.1616161616162,指数2015=100(停2023-10),M,WAGE_PRIVATE_FRED,FRED(OECD转载厚劳省),VALIDATED_MIRROR,,,2026-09-05,LATEST_HISTORY_PROXY,PROXY,CURRENT_HISTORY_ONLY_NO_VINTAGE,false,true,true
1970-12-31,1970-12,46.7676767676768,46.7676767676768,指数2015=100(停2023-10),M,WAGE_PRIVATE_FRED,FRED(OECD转载厚劳省),VALIDATED_MIRROR,,,2026-09-05,LATEST_HISTORY_PROXY,PROXY,CURRENT_HISTORY_ONLY_NO_VINTAGE,false,true,true
1971-01-31,1971-01,16.969696969697,16.969696969697,指数2015=100(停2023-10),M,WAGE_PRIVATE_FRED,FRED(OECD转载厚劳省),VALIDATED_MIRROR,,,2026-09-05,LATEST_HISTORY_PROXY,PROXY,CURRENT_HISTORY_ONLY_NO_VINTAGE,false,true,true
1971-02-28,1971-02,16.1616161616162,16.1616161616162,指数2015=100(停2023-10),M,WAGE_PRIVATE_FRED,FRED(OECD转载厚劳省),VALIDATED_MIRROR,,,2026-09-05,LATEST_HISTORY_PROXY,PROXY,CURRENT_HISTORY_ONLY_NO_VINTAGE,false,true,true
1971-03-31,1971-03,18.0808080808081,18.0808080808081,指数2015=100(停2023-10),M,WAGE_PRIVATE_FRED,FRED(OECD转载厚劳省),VALIDATED_MIRROR,,,2026-09-05,LATEST_HISTORY_PROXY,PROXY,CURRENT_HISTORY_ONLY_NO_VINTAGE,false,true,true
1971-04-30,1971-04,16.969696969697,16.969696969697,指数2015=100(停2023-10),M,WAGE_PRIVATE_FRED,FRED(OECD转载厚劳省),VALIDATED_MIRROR,,,2026-09-05,LATEST_HISTORY_PROXY,PROXY,CURRENT_HISTORY_ONLY_NO_VINTAGE,false,true,true
1971-05-31,1971-05,16.969696969697,16.969696969697,指数2015=100(停2023-10),M,WAGE_PRIVATE_FRED,FRED(OECD转载厚劳省),VALIDATED_MIRROR,,,2026-09-05,LATEST_HISTORY_PROXY,PROXY,CURRENT_HISTORY_ONLY_NO_VINTAGE,false,true,true
1971-06-30,1971-06,30.1010101010101,30.1010101010101,指数2015=100(停2023-10),M,WAGE_PRIVATE_FRED,FRED(OECD转载厚劳省),VALIDATED_MIRROR,,,2026-09-05,LATEST_HISTORY_PROXY,PROXY,CURRENT_HISTORY_ONLY_NO_VINTAGE,false,true,true
1971-07-31,1971-07,29.5959595959596,29.5959595959596,指数2015=100(停2023-10),M,WAGE_PRIVATE_FRED,FRED(OECD转载厚劳省),VALIDATED_MIRROR,,,2026-09-05,LATEST_HISTORY_PROXY,PROXY,CURRENT_HISTORY_ONLY_NO_VINTAGE,false,true,true
1971-08-31,1971-08,20.2020202020202,20.2020202020202,指数2015=100(停2023-10),M,WAGE_PRIVATE_FRED,FRED(OECD转载厚劳省),VALIDATED_MIRROR,,,2026-09-05,LATEST_HISTORY_PROXY,PROXY,CURRENT_HISTORY_ONLY_NO_VINTAGE,false,true,true
1971-09-30,1971-09,18.0808080808081,18.0808080808081,指数2015=100(停2023-10),M,WAGE_PRIVATE_FRED,FRED(OECD转载厚劳省),VALIDATED_MIRROR,,,2026-09-05,LATEST_HISTORY_PROXY,PROXY,CURRENT_HISTORY_ONLY_NO_VINTAGE,false,true,true
1971-10-31,1971-10,18.3838383838384,18.3838383838384,指数2015=100(停2023-10),M,WAGE_PRIVATE_FRED,FRED(OECD转载厚劳省),VALIDATED_MIRROR,,,2026-09-05,LATEST_HISTORY_PROXY,PROXY,CURRENT_HISTORY_ONLY_NO_VINTAGE,false,true,true
1971-11-30,1971-11,18.5858585858586,18.5858585858586,指数2015=100(停2023-10),M,WAGE_PRIVATE_FRED,FRED(OECD转载厚劳省),VALIDATED_MIRROR,,,2026-09-05,LATEST_HISTORY_PROXY,PROXY,CURRENT_HISTORY_ONLY_NO_VINTAGE,false,true,true
1971-12-31,1971-12,52.8282828282828,52.8282828282828,指数2015=100(停2023-10),M,WAGE_PRIVATE_FRED,FRED(OECD转载厚劳省),VALIDATED_MIRROR,,,2026-09-05,LATEST_HISTORY_PROXY,PROXY,CURRENT_HISTORY_ONLY_NO_VINTAGE,false,true,true
1972-01-31,1972-01,19.0909090909091,19.0909090909091,指数2015=100(停2023-10),M,WAGE_PRIVATE_FRED,FRED(OECD转载厚劳省),VALIDATED_MIRROR,,,2026-09-05,LATEST_HISTORY_PROXY,PROXY,CURRENT_HISTORY_ONLY_NO_VINTAGE,false,true,true
1972-02-29,1972-02,18.3838383838384,18.3838383838384,指数2015=100(停2023-10),M,WAGE_PRIVATE_FRED,FRED(OECD转载厚劳省),VALIDATED_MIRROR,,,2026-09-05,LATEST_HISTORY_PROXY,PROXY,CURRENT_HISTORY_ONLY_NO_VINTAGE,false,true,true
1972-03-31,1972-03,20.5050505050505,20.5050505050505,指数2015=100(停2023-10),M,WAGE_PRIVATE_FRED,FRED(OECD转载厚劳省),VALIDATED_MIRROR,,,2026-09-05,LATEST_HISTORY_PROXY,PROXY,CURRENT_HISTORY_ONLY_NO_VINTAGE,false,true,true
1972-04-30,1972-04,19.6969696969697,19.6969696969697,指数2015=100(停2023-10),M,WAGE_PRIVATE_FRED,FRED(OECD转载厚劳省),VALIDATED_MIRROR,,,2026-09-05,LATEST_HISTORY_PROXY,PROXY,CURRENT_HISTORY_ONLY_NO_VINTAGE,false,true,true
1972-05-31,1972-05,19.8989898989899,19.8989898989899,指数2015=100(停2023-10),M,WAGE_PRIVATE_FRED,FRED(OECD转载厚劳省),VALIDATED_MIRROR,,,2026-09-05,LATEST_HISTORY_PROXY,PROXY,CURRENT_HISTORY_ONLY_NO_VINTAGE,false,true,true
1972-06-30,1972-06,35.4545454545455,35.4545454545455,指数2015=100(停2023-10),M,WAGE_PRIVATE_FRED,FRED(OECD转载厚劳省),VALIDATED_MIRROR,,,2026-09-05,LATEST_HISTORY_PROXY,PROXY,CURRENT_HISTORY_ONLY_NO_VINTAGE,false,true,true
1972-07-31,1972-07,34.4444444444444,34.4444444444444,指数2015=100(停2023-10),M,WAGE_PRIVATE_FRED,FRED(OECD转载厚劳省),VALIDATED_MIRROR,,,2026-09-05,LATEST_HISTORY_PROXY,PROXY,CURRENT_HISTORY_ONLY_NO_VINTAGE,false,true,true
1972-08-31,1972-08,22.4242424242424,22.4242424242424,指数2015=100(停2023-10),M,WAGE_PRIVATE_FRED,FRED(OECD转载厚劳省),VALIDATED_MIRROR,,,2026-09-05,LATEST_HISTORY_PROXY,PROXY,CURRENT_HISTORY_ONLY_NO_VINTAGE,false,true,true
1972-09-30,1972-09,21.5151515151515,21.5151515151515,指数2015=100(停2023-10),M,WAGE_PRIVATE_FRED,FRED(OECD转载厚劳省),VALIDATED_MIRROR,,,2026-09-05,LATEST_HISTORY_PROXY,PROXY,CURRENT_HISTORY_ONLY_NO_VINTAGE,false,true,true
1972-10-31,1972-10,21.010101010101,21.010101010101,指数2015=100(停2023-10),M,WAGE_PRIVATE_FRED,FRED(OECD转载厚劳省),VALIDATED_MIRROR,,,2026-09-05,LATEST_HISTORY_PROXY,PROXY,CURRENT_HISTORY_ONLY_NO_VINTAGE,false,true,true
1972-11-30,1972-11,22.1212121212121,22.1212121212121,指数2015=100(停2023-10),M,WAGE_PRIVATE_FRED,FRED(OECD转载厚劳省),VALIDATED_MIRROR,,,2026-09-05,LATEST_HISTORY_PROXY,PROXY,CURRENT_HISTORY_ONLY_NO_VINTAGE,false,true,true
1972-12-31,1972-12,62.8282828282828,62.8282828282828,指数2015=100(停2023-10),M,WAGE_PRIVATE_FRED,FRED(OECD转载厚劳省),VALIDATED_MIRROR,,,2026-09-05,LATEST_HISTORY_PROXY,PROXY,CURRENT_HISTORY_ONLY_NO_VINTAGE,false,true,true
1973-01-31,1973-01,22.2222222222222,22.2222222222222,指数2015=100(停2023-10),M,WAGE_PRIVATE_FRED,FRED(OECD转载厚劳省),VALIDATED_MIRROR,,,2026-09-05,LATEST_HISTORY_PROXY,PROXY,CURRENT_HISTORY_ONLY_NO_VINTAGE,false,true,true
1973-02-28,1973-02,21.6161616161616,21.6161616161616,指数2015=100(停2023-10),M,WAGE_PRIVATE_FRED,FRED(OECD转载厚劳省),VALIDATED_MIRROR,,,2026-09-05,LATEST_HISTORY_PROXY,PROXY,CURRENT_HISTORY_ONLY_NO_VINTAGE,false,true,true
1973-03-31,1973-03,23.8383838383838,23.8383838383838,指数2015=100(停2023-10),M,WAGE_PRIVATE_FRED,FRED(OECD转载厚劳省),VALIDATED_MIRROR,,,2026-09-05,LATEST_HISTORY_PROXY,PROXY,CURRENT_HISTORY_ONLY_NO_VINTAGE,false,true,true
1973-04-30,1973-04,22.8282828282828,22.8282828282828,指数2015=100(停2023-10),M,WAGE_PRIVATE_FRED,FRED(OECD转载厚劳省),VALIDATED_MIRROR,,,2026-09-05,LATEST_HISTORY_PROXY,PROXY,CURRENT_HISTORY_ONLY_NO_VINTAGE,false,true,true
1973-05-31,1973-05,23.9393939393939,23.9393939393939,指数2015=100(停2023-10),M,WAGE_PRIVATE_FRED,FRED(OECD转载厚劳省),VALIDATED_MIRROR,,,2026-09-05,LATEST_HISTORY_PROXY,PROXY,CURRENT_HISTORY_ONLY_NO_VINTAGE,false,true,true
1973-06-30,1973-06,41.5151515151515,41.5151515151515,指数2015=100(停2023-10),M,WAGE_PRIVATE_FRED,FRED(OECD转载厚劳省),VALIDATED_MIRROR,,,2026-09-05,LATEST_HISTORY_PROXY,PROXY,CURRENT_HISTORY_ONLY_NO_VINTAGE,false,true,true
1973-07-31,1973-07,43.2323232323232,43.2323232323232,指数2015=100(停2023-10),M,WAGE_PRIVATE_FRED,FRED(OECD转载厚劳省),VALIDATED_MIRROR,,,2026-09-05,LATEST_HISTORY_PROXY,PROXY,CURRENT_HISTORY_ONLY_NO_VINTAGE,false,true,true
1973-08-31,1973-08,26.969696969697,26.969696969697,指数2015=100(停2023-10),M,WAGE_PRIVATE_FRED,FRED(OECD转载厚劳省),VALIDATED_MIRROR,,,2026-09-05,LATEST_HISTORY_PROXY,PROXY,CURRENT_HISTORY_ONLY_NO_VINTAGE,false,true,true
1973-09-30,1973-09,24.949494949495,24.949494949495,指数2015=100(停2023-10),M,WAGE_PRIVATE_FRED,FRED(OECD转载厚劳省),VALIDATED_MIRROR,,,2026-09-05,LATEST_HISTORY_PROXY,PROXY,CURRENT_HISTORY_ONLY_NO_VINTAGE,false,true,true
1973-10-31,1973-10,26.2626262626263,26.2626262626263,指数2015=100(停2023-10),M,WAGE_PRIVATE_FRED,FRED(OECD转载厚劳省),VALIDATED_MIRROR,,,2026-09-05,LATEST_HISTORY_PROXY,PROXY,CURRENT_HISTORY_ONLY_NO_VINTAGE,false,true,true
1973-11-30,1973-11,27.1717171717172,27.1717171717172,指数2015=100(停2023-10),M,WAGE_PRIVATE_FRED,FRED(OECD转载厚劳省),VALIDATED_MIRROR,,,2026-09-05,LATEST_HISTORY_PROXY,PROXY,CURRENT_HISTORY_ONLY_NO_VINTAGE,false,true,true
1973-12-31,1973-12,80.2020202020202,80.2020202020202,指数2015=100(停2023-10),M,WAGE_PRIVATE_FRED,FRED(OECD转载厚劳省),VALIDATED_MIRROR,,,2026-09-05,LATEST_HISTORY_PROXY,PROXY,CURRENT_HISTORY_ONLY_NO_VINTAGE,false,true,true
1974-01-31,1974-01,26.1616161616162,26.1616161616162,指数2015=100(停2023-10),M,WAGE_PRIVATE_FRED,FRED(OECD转载厚劳省),VALIDATED_MIRROR,,,2026-09-05,LATEST_HISTORY_PROXY,PROXY,CURRENT_HISTORY_ONLY_NO_VINTAGE,false,true,true
1974-02-28,1974-02,25.8585858585859,25.8585858585859,指数2015=100(停2023-10),M,WAGE_PRIVATE_FRED,FRED(OECD转载厚劳省),VALIDATED_MIRROR,,,2026-09-05,LATEST_HISTORY_PROXY,PROXY,CURRENT_HISTORY_ONLY_NO_VINTAGE,false,true,true
1974-03-31,1974-03,27.6767676767677,27.6767676767677,指数2015=100(停2023-10),M,WAGE_PRIVATE_FRED,FRED(OECD转载厚劳省),VALIDATED_MIRROR,,,2026-09-05,LATEST_HISTORY_PROXY,PROXY,CURRENT_HISTORY_ONLY_NO_VINTAGE,false,true,true
1974-04-30,1974-04,28.5858585858586,28.5858585858586,指数2015=100(停2023-10),M,WAGE_PRIVATE_FRED,FRED(OECD转载厚劳省),VALIDATED_MIRROR,,,2026-09-05,LATEST_HISTORY_PROXY,PROXY,CURRENT_HISTORY_ONLY_NO_VINTAGE,false,true,true
1974-05-31,1974-05,31.4141414141414,31.4141414141414,指数2015=100(停2023-10),M,WAGE_PRIVATE_FRED,FRED(OECD转载厚劳省),VALIDATED_MIRROR,,,2026-09-05,LATEST_HISTORY_PROXY,PROXY,CURRENT_HISTORY_ONLY_NO_VINTAGE,false,true,true
1974-06-30,1974-06,54.3434343434343,54.3434343434343,指数2015=100(停2023-10),M,WAGE_PRIVATE_FRED,FRED(OECD转载厚劳省),VALIDATED_MIRROR,,,2026-09-05,LATEST_HISTORY_PROXY,PROXY,CURRENT_HISTORY_ONLY_NO_VINTAGE,false,true,true
1974-07-31,1974-07,59.7979797979798,59.7979797979798,指数2015=100(停2023-10),M,WAGE_PRIVATE_FRED,FRED(OECD转载厚劳省),VALIDATED_MIRROR,,,2026-09-05,LATEST_HISTORY_PROXY,PROXY,CURRENT_HISTORY_ONLY_NO_VINTAGE,false,true,true
1974-08-31,1974-08,35.6565656565657,35.6565656565657,指数2015=100(停2023-10),M,WAGE_PRIVATE_FRED,FRED(OECD转载厚劳省),VALIDATED_MIRROR,,,2026-09-05,LATEST_HISTORY_PROXY,PROXY,CURRENT_HISTORY_ONLY_NO_VINTAGE,false,true,true
1974-09-30,1974-09,31.9191919191919,31.9191919191919,指数2015=100(停2023-10),M,WAGE_PRIVATE_FRED,FRED(OECD转载厚劳省),VALIDATED_MIRROR,,,2026-09-05,LATEST_HISTORY_PROXY,PROXY,CURRENT_HISTORY_ONLY_NO_VINTAGE,false,true,true
1974-10-31,1974-10,32.5252525252525,32.5252525252525,指数2015=100(停2023-10),M,WAGE_PRIVATE_FRED,FRED(OECD转载厚劳省),VALIDATED_MIRROR,,,2026-09-05,LATEST_HISTORY_PROXY,PROXY,CURRENT_HISTORY_ONLY_NO_VINTAGE,false,true,true
1974-11-30,1974-11,33.4343434343434,33.4343434343434,指数2015=100(停2023-10),M,WAGE_PRIVATE_FRED,FRED(OECD转载厚劳省),VALIDATED_MIRROR,,,2026-09-05,LATEST_HISTORY_PROXY,PROXY,CURRENT_HISTORY_ONLY_NO_VINTAGE,false,true,true
1974-12-31,1974-12,102.525252525253,102.525252525253,指数2015=100(停2023-10),M,WAGE_PRIVATE_FRED,FRED(OECD转载厚劳省),VALIDATED_MIRROR,,,2026-09-05,LATEST_HISTORY_PROXY,PROXY,CURRENT_HISTORY_ONLY_NO_VINTAGE,false,true,true
1975-01-31,1975-01,33.9393939393939,33.9393939393939,指数2015=100(停2023-10),M,WAGE_PRIVATE_FRED,FRED(OECD转载厚劳省),VALIDATED_MIRROR,,,2026-09-05,LATEST_HISTORY_PROXY,PROXY,CURRENT_HISTORY_ONLY_NO_VINTAGE,false,true,true
1975-02-28,1975-02,32.8282828282828,32.8282828282828,指数2015=100(停2023-10),M,WAGE_PRIVATE_FRED,FRED(OECD转载厚劳省),VALIDATED_MIRROR,,,2026-09-05,LATEST_HISTORY_PROXY,PROXY,CURRENT_HISTORY_ONLY_NO_VINTAGE,false,true,true
1975-03-31,1975-03,36.2626262626263,36.2626262626263,指数2015=100(停2023-10),M,WAGE_PRIVATE_FRED,FRED(OECD转载厚劳省),VALIDATED_MIRROR,,,2026-09-05,LATEST_HISTORY_PROXY,PROXY,CURRENT_HISTORY_ONLY_NO_VINTAGE,false,true,true
1975-04-30,1975-04,34.4444444444444,34.4444444444444,指数2015=100(停2023-10),M,WAGE_PRIVATE_FRED,FRED(OECD转载厚劳省),VALIDATED_MIRROR,,,2026-09-05,LATEST_HISTORY_PROXY,PROXY,CURRENT_HISTORY_ONLY_NO_VINTAGE,false,true,true
1975-05-31,1975-05,34.5454545454546,34.5454545454546,指数2015=100(停2023-10),M,WAGE_PRIVATE_FRED,FRED(OECD转载厚劳省),VALIDATED_MIRROR,,,2026-09-05,LATEST_HISTORY_PROXY,PROXY,CURRENT_HISTORY_ONLY_NO_VINTAGE,false,true,true
1975-06-30,1975-06,60.9090909090909,60.9090909090909,指数2015=100(停2023-10),M,WAGE_PRIVATE_FRED,FRED(OECD转载厚劳省),VALIDATED_MIRROR,,,2026-09-05,LATEST_HISTORY_PROXY,PROXY,CURRENT_HISTORY_ONLY_NO_VINTAGE,false,true,true
1975-07-31,1975-07,66.3636363636364,66.3636363636364,指数2015=100(停2023-10),M,WAGE_PRIVATE_FRED,FRED(OECD转载厚劳省),VALIDATED_MIRROR,,,2026-09-05,LATEST_HISTORY_PROXY,PROXY,CURRENT_HISTORY_ONLY_NO_VINTAGE,false,true,true
1975-08-31,1975-08,41.2121212121212,41.2121212121212,指数2015=100(停2023-10),M,WAGE_PRIVATE_FRED,FRED(OECD转载厚劳省),VALIDATED_MIRROR,,,2026-09-05,LATEST_HISTORY_PROXY,PROXY,CURRENT_HISTORY_ONLY_NO_VINTAGE,false,true,true
1975-09-30,1975-09,36.969696969697,36.969696969697,指数2015=100(停2023-10),M,WAGE_PRIVATE_FRED,FRED(OECD转载厚劳省),VALIDATED_MIRROR,,,2026-09-05,LATEST_HISTORY_PROXY,PROXY,CURRENT_HISTORY_ONLY_NO_VINTAGE,false,true,true
1975-10-31,1975-10,36.7676767676768,36.7676767676768,指数2015=100(停2023-10),M,WAGE_PRIVATE_FRED,FRED(OECD转载厚劳省),VALIDATED_MIRROR,,,2026-09-05,LATEST_HISTORY_PROXY,PROXY,CURRENT_HISTORY_ONLY_NO_VINTAGE,false,true,true
1975-11-30,1975-11,38.3838383838384,38.3838383838384,指数2015=100(停2023-10),M,WAGE_PRIVATE_FRED,FRED(OECD转载厚劳省),VALIDATED_MIRROR,,,2026-09-05,LATEST_HISTORY_PROXY,PROXY,CURRENT_HISTORY_ONLY_NO_VINTAGE,false,true,true
1975-12-31,1975-12,109.69696969697,109.69696969697,指数2015=100(停2023-10),M,WAGE_PRIVATE_FRED,FRED(OECD转载厚劳省),VALIDATED_MIRROR,,,2026-09-05,LATEST_HISTORY_PROXY,PROXY,CURRENT_HISTORY_ONLY_NO_VINTAGE,false,true,true
1976-01-31,1976-01,38.6868686868687,38.6868686868687,指数2015=100(停2023-10),M,WAGE_PRIVATE_FRED,FRED(OECD转载厚劳省),VALIDATED_MIRROR,,,2026-09-05,LATEST_HISTORY_PROXY,PROXY,CURRENT_HISTORY_ONLY_NO_VINTAGE,false,true,true
1976-02-29,1976-02,37.4747474747475,37.4747474747475,指数2015=100(停2023-10),M,WAGE_PRIVATE_FRED,FRED(OECD转载厚劳省),VALIDATED_MIRROR,,,2026-09-05,LATEST_HISTORY_PROXY,PROXY,CURRENT_HISTORY_ONLY_NO_VINTAGE,false,true,true
1976-03-31,1976-03,41.9191919191919,41.9191919191919,指数2015=100(停2023-10),M,WAGE_PRIVATE_FRED,FRED(OECD转载厚劳省),VALIDATED_MIRROR,,,2026-09-05,LATEST_HISTORY_PROXY,PROXY,CURRENT_HISTORY_ONLY_NO_VINTAGE,false,true,true
1976-04-30,1976-04,39.6969696969697,39.6969696969697,指数2015=100(停2023-10),M,WAGE_PRIVATE_FRED,FRED(OECD转载厚劳省),VALIDATED_MIRROR,,,2026-09-05,LATEST_HISTORY_PROXY,PROXY,CURRENT_HISTORY_ONLY_NO_VINTAGE,false,true,true
1976-05-31,1976-05,39.2929292929293,39.2929292929293,指数2015=100(停2023-10),M,WAGE_PRIVATE_FRED,FRED(OECD转载厚劳省),VALIDATED_MIRROR,,,2026-09-05,LATEST_HISTORY_PROXY,PROXY,CURRENT_HISTORY_ONLY_NO_VINTAGE,false,true,true
1976-06-30,1976-06,71.1111111111111,71.1111111111111,指数2015=100(停2023-10),M,WAGE_PRIVATE_FRED,FRED(OECD转载厚劳省),VALIDATED_MIRROR,,,2026-09-05,LATEST_HISTORY_PROXY,PROXY,CURRENT_HISTORY_ONLY_NO_VINTAGE,false,true,true
1976-07-31,1976-07,72.020202020202,72.020202020202,指数2015=100(停2023-10),M,WAGE_PRIVATE_FRED,FRED(OECD转载厚劳省),VALIDATED_MIRROR,,,2026-09-05,LATEST_HISTORY_PROXY,PROXY,CURRENT_HISTORY_ONLY_NO_VINTAGE,false,true,true
1976-08-31,1976-08,44.4444444444444,44.4444444444444,指数2015=100(停2023-10),M,WAGE_PRIVATE_FRED,FRED(OECD转载厚劳省),VALIDATED_MIRROR,,,2026-09-05,LATEST_HISTORY_PROXY,PROXY,CURRENT_HISTORY_ONLY_NO_VINTAGE,false,true,true
1976-09-30,1976-09,40.3030303030303,40.3030303030303,指数2015=100(停2023-10),M,WAGE_PRIVATE_FRED,FRED(OECD转载厚劳省),VALIDATED_MIRROR,,,2026-09-05,LATEST_HISTORY_PROXY,PROXY,CURRENT_HISTORY_ONLY_NO_VINTAGE,false,true,true
1976-10-31,1976-10,41.2121212121212,41.2121212121212,指数2015=100(停2023-10),M,WAGE_PRIVATE_FRED,FRED(OECD转载厚劳省),VALIDATED_MIRROR,,,2026-09-05,LATEST_HISTORY_PROXY,PROXY,CURRENT_HISTORY_ONLY_NO_VINTAGE,false,true,true
1976-11-30,1976-11,43.4343434343434,43.4343434343434,指数2015=100(停2023-10),M,WAGE_PRIVATE_FRED,FRED(OECD转载厚劳省),VALIDATED_MIRROR,,,2026-09-05,LATEST_HISTORY_PROXY,PROXY,CURRENT_HISTORY_ONLY_NO_VINTAGE,false,true,true
1976-12-31,1976-12,123.838383838384,123.838383838384,指数2015=100(停2023-10),M,WAGE_PRIVATE_FRED,FRED(OECD转载厚劳省),VALIDATED_MIRROR,,,2026-09-05,LATEST_HISTORY_PROXY,PROXY,CURRENT_HISTORY_ONLY_NO_VINTAGE,false,true,true
1977-01-31,1977-01,42.3232323232323,42.3232323232323,指数2015=100(停2023-10),M,WAGE_PRIVATE_FRED,FRED(OECD转载厚劳省),VALIDATED_MIRROR,,,2026-09-05,LATEST_HISTORY_PROXY,PROXY,CURRENT_HISTORY_ONLY_NO_VINTAGE,false,true,true
1977-02-28,1977-02,41.1111111111111,41.1111111111111,指数2015=100(停2023-10),M,WAGE_PRIVATE_FRED,FRED(OECD转载厚劳省),VALIDATED_MIRROR,,,2026-09-05,LATEST_HISTORY_PROXY,PROXY,CURRENT_HISTORY_ONLY_NO_VINTAGE,false,true,true
1977-03-31,1977-03,46.4646464646465,46.4646464646465,指数2015=100(停2023-10),M,WAGE_PRIVATE_FRED,FRED(OECD转载厚劳省),VALIDATED_MIRROR,,,2026-09-05,LATEST_HISTORY_PROXY,PROXY,CURRENT_HISTORY_ONLY_NO_VINTAGE,false,true,true
1977-04-30,1977-04,42.9292929292929,42.9292929292929,指数2015=100(停2023-10),M,WAGE_PRIVATE_FRED,FRED(OECD转载厚劳省),VALIDATED_MIRROR,,,2026-09-05,LATEST_HISTORY_PROXY,PROXY,CURRENT_HISTORY_ONLY_NO_VINTAGE,false,true,true
1977-05-31,1977-05,43.030303030303,43.030303030303,指数2015=100(停2023-10),M,WAGE_PRIVATE_FRED,FRED(OECD转载厚劳省),VALIDATED_MIRROR,,,2026-09-05,LATEST_HISTORY_PROXY,PROXY,CURRENT_HISTORY_ONLY_NO_VINTAGE,false,true,true
1977-06-30,1977-06,78.0808080808081,78.0808080808081,指数2015=100(停2023-10),M,WAGE_PRIVATE_FRED,FRED(OECD转载厚劳省),VALIDATED_MIRROR,,,2026-09-05,LATEST_HISTORY_PROXY,PROXY,CURRENT_HISTORY_ONLY_NO_VINTAGE,false,true,true
1977-07-31,1977-07,77.4747474747475,77.4747474747475,指数2015=100(停2023-10),M,WAGE_PRIVATE_FRED,FRED(OECD转载厚劳省),VALIDATED_MIRROR,,,2026-09-05,LATEST_HISTORY_PROXY,PROXY,CURRENT_HISTORY_ONLY_NO_VINTAGE,false,true,true
1977-08-31,1977-08,49.0909090909091,49.0909090909091,指数2015=100(停2023-10),M,WAGE_PRIVATE_FRED,FRED(OECD转载厚劳省),VALIDATED_MIRROR,,,2026-09-05,LATEST_HISTORY_PROXY,PROXY,CURRENT_HISTORY_ONLY_NO_VINTAGE,false,true,true
1977-09-30,1977-09,43.6363636363636,43.6363636363636,指数2015=100(停2023-10),M,WAGE_PRIVATE_FRED,FRED(OECD转载厚劳省),VALIDATED_MIRROR,,,2026-09-05,LATEST_HISTORY_PROXY,PROXY,CURRENT_HISTORY_ONLY_NO_VINTAGE,false,true,true
1977-10-31,1977-10,44.5454545454545,44.5454545454545,指数2015=100(停2023-10),M,WAGE_PRIVATE_FRED,FRED(OECD转载厚劳省),VALIDATED_MIRROR,,,2026-09-05,LATEST_HISTORY_PROXY,PROXY,CURRENT_HISTORY_ONLY_NO_VINTAGE,false,true,true
1977-11-30,1977-11,45.1515151515152,45.1515151515152,指数2015=100(停2023-10),M,WAGE_PRIVATE_FRED,FRED(OECD转载厚劳省),VALIDATED_MIRROR,,,2026-09-05,LATEST_HISTORY_PROXY,PROXY,CURRENT_HISTORY_ONLY_NO_VINTAGE,false,true,true
1977-12-31,1977-12,133.333333333333,133.333333333333,指数2015=100(停2023-10),M,WAGE_PRIVATE_FRED,FRED(OECD转载厚劳省),VALIDATED_MIRROR,,,2026-09-05,LATEST_HISTORY_PROXY,PROXY,CURRENT_HISTORY_ONLY_NO_VINTAGE,false,true,true
1978-01-31,1978-01,46.3636363636364,46.3636363636364,指数2015=100(停2023-10),M,WAGE_PRIVATE_FRED,FRED(OECD转载厚劳省),VALIDATED_MIRROR,,,2026-09-05,LATEST_HISTORY_PROXY,PROXY,CURRENT_HISTORY_ONLY_NO_VINTAGE,false,true,true
1978-02-28,1978-02,44.4444444444444,44.4444444444444,指数2015=100(停2023-10),M,WAGE_PRIVATE_FRED,FRED(OECD转载厚劳省),VALIDATED_MIRROR,,,2026-09-05,LATEST_HISTORY_PROXY,PROXY,CURRENT_HISTORY_ONLY_NO_VINTAGE,false,true,true
1978-03-31,1978-03,49.7979797979798,49.7979797979798,指数2015=100(停2023-10),M,WAGE_PRIVATE_FRED,FRED(OECD转载厚劳省),VALIDATED_MIRROR,,,2026-09-05,LATEST_HISTORY_PROXY,PROXY,CURRENT_HISTORY_ONLY_NO_VINTAGE,false,true,true
1978-04-30,1978-04,46.3636363636364,46.3636363636364,指数2015=100(停2023-10),M,WAGE_PRIVATE_FRED,FRED(OECD转载厚劳省),VALIDATED_MIRROR,,,2026-09-05,LATEST_HISTORY_PROXY,PROXY,CURRENT_HISTORY_ONLY_NO_VINTAGE,false,true,true
1978-05-31,1978-05,45.8585858585859,45.8585858585859,指数2015=100(停2023-10),M,WAGE_PRIVATE_FRED,FRED(OECD转载厚劳省),VALIDATED_MIRROR,,,2026-09-05,LATEST_HISTORY_PROXY,PROXY,CURRENT_HISTORY_ONLY_NO_VINTAGE,false,true,true
1978-06-30,1978-06,83.4343434343434,83.4343434343434,指数2015=100(停2023-10),M,WAGE_PRIVATE_FRED,FRED(OECD转载厚劳省),VALIDATED_MIRROR,,,2026-09-05,LATEST_HISTORY_PROXY,PROXY,CURRENT_HISTORY_ONLY_NO_VINTAGE,false,true,true
1978-07-31,1978-07,82.020202020202,82.020202020202,指数2015=100(停2023-10),M,WAGE_PRIVATE_FRED,FRED(OECD转载厚劳省),VALIDATED_MIRROR,,,2026-09-05,LATEST_HISTORY_PROXY,PROXY,CURRENT_HISTORY_ONLY_NO_VINTAGE,false,true,true
1978-08-31,1978-08,51.010101010101,51.010101010101,指数2015=100(停2023-10),M,WAGE_PRIVATE_FRED,FRED(OECD转载厚劳省),VALIDATED_MIRROR,,,2026-09-05,LATEST_HISTORY_PROXY,PROXY,CURRENT_HISTORY_ONLY_NO_VINTAGE,false,true,true
1978-09-30,1978-09,46.7676767676768,46.7676767676768,指数2015=100(停2023-10),M,WAGE_PRIVATE_FRED,FRED(OECD转载厚劳省),VALIDATED_MIRROR,,,2026-09-05,LATEST_HISTORY_PROXY,PROXY,CURRENT_HISTORY_ONLY_NO_VINTAGE,false,true,true
1978-10-31,1978-10,47.3737373737374,47.3737373737374,指数2015=100(停2023-10),M,WAGE_PRIVATE_FRED,FRED(OECD转载厚劳省),VALIDATED_MIRROR,,,2026-09-05,LATEST_HISTORY_PROXY,PROXY,CURRENT_HISTORY_ONLY_NO_VINTAGE,false,true,true
1978-11-30,1978-11,48.7878787878788,48.7878787878788,指数2015=100(停2023-10),M,WAGE_PRIVATE_FRED,FRED(OECD转载厚劳省),VALIDATED_MIRROR,,,2026-09-05,LATEST_HISTORY_PROXY,PROXY,CURRENT_HISTORY_ONLY_NO_VINTAGE,false,true,true
1978-12-31,1978-12,139.292929292929,139.292929292929,指数2015=100(停2023-10),M,WAGE_PRIVATE_FRED,FRED(OECD转载厚劳省),VALIDATED_MIRROR,,,2026-09-05,LATEST_HISTORY_PROXY,PROXY,CURRENT_HISTORY_ONLY_NO_VINTAGE,false,true,true
1979-01-31,1979-01,48.5858585858586,48.5858585858586,指数2015=100(停2023-10),M,WAGE_PRIVATE_FRED,FRED(OECD转载厚劳省),VALIDATED_MIRROR,,,2026-09-05,LATEST_HISTORY_PROXY,PROXY,CURRENT_HISTORY_ONLY_NO_VINTAGE,false,true,true
1979-02-28,1979-02,46.8686868686869,46.8686868686869,指数2015=100(停2023-10),M,WAGE_PRIVATE_FRED,FRED(OECD转载厚劳省),VALIDATED_MIRROR,,,2026-09-05,LATEST_HISTORY_PROXY,PROXY,CURRENT_HISTORY_ONLY_NO_VINTAGE,false,true,true
1979-03-31,1979-03,53.1313131313131,53.1313131313131,指数2015=100(停2023-10),M,WAGE_PRIVATE_FRED,FRED(OECD转载厚劳省),VALIDATED_MIRROR,,,2026-09-05,LATEST_HISTORY_PROXY,PROXY,CURRENT_HISTORY_ONLY_NO_VINTAGE,false,true,true
1979-04-30,1979-04,48.4848484848485,48.4848484848485,指数2015=100(停2023-10),M,WAGE_PRIVATE_FRED,FRED(OECD转载厚劳省),VALIDATED_MIRROR,,,2026-09-05,LATEST_HISTORY_PROXY,PROXY,CURRENT_HISTORY_ONLY_NO_VINTAGE,false,true,true
1979-05-31,1979-05,49.0909090909091,49.0909090909091,指数2015=100(停2023-10),M,WAGE_PRIVATE_FRED,FRED(OECD转载厚劳省),VALIDATED_MIRROR,,,2026-09-05,LATEST_HISTORY_PROXY,PROXY,CURRENT_HISTORY_ONLY_NO_VINTAGE,false,true,true
1979-06-30,1979-06,87.5757575757576,87.5757575757576,指数2015=100(停2023-10),M,WAGE_PRIVATE_FRED,FRED(OECD转载厚劳省),VALIDATED_MIRROR,,,2026-09-05,LATEST_HISTORY_PROXY,PROXY,CURRENT_HISTORY_ONLY_NO_VINTAGE,false,true,true
1979-07-31,1979-07,85.2525252525253,85.2525252525253,指数2015=100(停2023-10),M,WAGE_PRIVATE_FRED,FRED(OECD转载厚劳省),VALIDATED_MIRROR,,,2026-09-05,LATEST_HISTORY_PROXY,PROXY,CURRENT_HISTORY_ONLY_NO_VINTAGE,false,true,true
1979-08-31,1979-08,57.7777777777778,57.7777777777778,指数2015=100(停2023-10),M,WAGE_PRIVATE_FRED,FRED(OECD转载厚劳省),VALIDATED_MIRROR,,,2026-09-05,LATEST_HISTORY_PROXY,PROXY,CURRENT_HISTORY_ONLY_NO_VINTAGE,false,true,true
1979-09-30,1979-09,49.3939393939394,49.3939393939394,指数2015=100(停2023-10),M,WAGE_PRIVATE_FRED,FRED(OECD转载厚劳省),VALIDATED_MIRROR,,,2026-09-05,LATEST_HISTORY_PROXY,PROXY,CURRENT_HISTORY_ONLY_NO_VINTAGE,false,true,true
1979-10-31,1979-10,49.7979797979798,49.7979797979798,指数2015=100(停2023-10),M,WAGE_PRIVATE_FRED,FRED(OECD转载厚劳省),VALIDATED_MIRROR,,,2026-09-05,LATEST_HISTORY_PROXY,PROXY,CURRENT_HISTORY_ONLY_NO_VINTAGE,false,true,true
1979-11-30,1979-11,51.010101010101,51.010101010101,指数2015=100(停2023-10),M,WAGE_PRIVATE_FRED,FRED(OECD转载厚劳省),VALIDATED_MIRROR,,,2026-09-05,LATEST_HISTORY_PROXY,PROXY,CURRENT_HISTORY_ONLY_NO_VINTAGE,false,true,true
1979-12-31,1979-12,147.171717171717,147.171717171717,指数2015=100(停2023-10),M,WAGE_PRIVATE_FRED,FRED(OECD转载厚劳省),VALIDATED_MIRROR,,,2026-09-05,LATEST_HISTORY_PROXY,PROXY,CURRENT_HISTORY_ONLY_NO_VINTAGE,false,true,true
1980-01-31,1980-01,51.7171717171717,51.7171717171717,指数2015=100(停2023-10),M,WAGE_PRIVATE_FRED,FRED(OECD转载厚劳省),VALIDATED_MIRROR,,,2026-09-05,LATEST_HISTORY_PROXY,PROXY,CURRENT_HISTORY_ONLY_NO_VINTAGE,false,true,true
1980-02-29,1980-02,49.7979797979798,49.7979797979798,指数2015=100(停2023-10),M,WAGE_PRIVATE_FRED,FRED(OECD转载厚劳省),VALIDATED_MIRROR,,,2026-09-05,LATEST_HISTORY_PROXY,PROXY,CURRENT_HISTORY_ONLY_NO_VINTAGE,false,true,true
1980-03-31,1980-03,56.6666666666667,56.6666666666667,指数2015=100(停2023-10),M,WAGE_PRIVATE_FRED,FRED(OECD转载厚劳省),VALIDATED_MIRROR,,,2026-09-05,LATEST_HISTORY_PROXY,PROXY,CURRENT_HISTORY_ONLY_NO_VINTAGE,false,true,true
1980-04-30,1980-04,51.3131313131313,51.3131313131313,指数2015=100(停2023-10),M,WAGE_PRIVATE_FRED,FRED(OECD转载厚劳省),VALIDATED_MIRROR,,,2026-09-05,LATEST_HISTORY_PROXY,PROXY,CURRENT_HISTORY_ONLY_NO_VINTAGE,false,true,true
1980-05-31,1980-05,52.2222222222222,52.2222222222222,指数2015=100(停2023-10),M,WAGE_PRIVATE_FRED,FRED(OECD转载厚劳省),VALIDATED_MIRROR,,,2026-09-05,LATEST_HISTORY_PROXY,PROXY,CURRENT_HISTORY_ONLY_NO_VINTAGE,false,true,true
1980-06-30,1980-06,92.8282828282829,92.8282828282829,指数2015=100(停2023-10),M,WAGE_PRIVATE_FRED,FRED(OECD转载厚劳省),VALIDATED_MIRROR,,,2026-09-05,LATEST_HISTORY_PROXY,PROXY,CURRENT_HISTORY_ONLY_NO_VINTAGE,false,true,true
1980-07-31,1980-07,91.7171717171717,91.7171717171717,指数2015=100(停2023-10),M,WAGE_PRIVATE_FRED,FRED(OECD转载厚劳省),VALIDATED_MIRROR,,,2026-09-05,LATEST_HISTORY_PROXY,PROXY,CURRENT_HISTORY_ONLY_NO_VINTAGE,false,true,true
1980-08-31,1980-08,60.3030303030303,60.3030303030303,指数2015=100(停2023-10),M,WAGE_PRIVATE_FRED,FRED(OECD转载厚劳省),VALIDATED_MIRROR,,,2026-09-05,LATEST_HISTORY_PROXY,PROXY,CURRENT_HISTORY_ONLY_NO_VINTAGE,false,true,true
1980-09-30,1980-09,52.2222222222222,52.2222222222222,指数2015=100(停2023-10),M,WAGE_PRIVATE_FRED,FRED(OECD转载厚劳省),VALIDATED_MIRROR,,,2026-09-05,LATEST_HISTORY_PROXY,PROXY,CURRENT_HISTORY_ONLY_NO_VINTAGE,false,true,true
1980-10-31,1980-10,53.5353535353535,53.5353535353535,指数2015=100(停2023-10),M,WAGE_PRIVATE_FRED,FRED(OECD转载厚劳省),VALIDATED_MIRROR,,,2026-09-05,LATEST_HISTORY_PROXY,PROXY,CURRENT_HISTORY_ONLY_NO_VINTAGE,false,true,true
1980-11-30,1980-11,54.3434343434343,54.3434343434343,指数2015=100(停2023-10),M,WAGE_PRIVATE_FRED,FRED(OECD转载厚劳省),VALIDATED_MIRROR,,,2026-09-05,LATEST_HISTORY_PROXY,PROXY,CURRENT_HISTORY_ONLY_NO_VINTAGE,false,true,true
1980-12-31,1980-12,156.868686868687,156.868686868687,指数2015=100(停2023-10),M,WAGE_PRIVATE_FRED,FRED(OECD转载厚劳省),VALIDATED_MIRROR,,,2026-09-05,LATEST_HISTORY_PROXY,PROXY,CURRENT_HISTORY_ONLY_NO_VINTAGE,false,true,true
1981-01-31,1981-01,54.6464646464646,54.6464646464646,指数2015=100(停2023-10),M,WAGE_PRIVATE_FRED,FRED(OECD转载厚劳省),VALIDATED_MIRROR,,,2026-09-05,LATEST_HISTORY_PROXY,PROXY,CURRENT_HISTORY_ONLY_NO_VINTAGE,false,true,true
1981-02-28,1981-02,52.3232323232323,52.3232323232323,指数2015=100(停2023-10),M,WAGE_PRIVATE_FRED,FRED(OECD转载厚劳省),VALIDATED_MIRROR,,,2026-09-05,LATEST_HISTORY_PROXY,PROXY,CURRENT_HISTORY_ONLY_NO_VINTAGE,false,true,true
1981-03-31,1981-03,59.6969696969697,59.6969696969697,指数2015=100(停2023-10),M,WAGE_PRIVATE_FRED,FRED(OECD转载厚劳省),VALIDATED_MIRROR,,,2026-09-05,LATEST_HISTORY_PROXY,PROXY,CURRENT_HISTORY_ONLY_NO_VINTAGE,false,true,true
1981-04-30,1981-04,54.3434343434343,54.3434343434343,指数2015=100(停2023-10),M,WAGE_PRIVATE_FRED,FRED(OECD转载厚劳省),VALIDATED_MIRROR,,,2026-09-05,LATEST_HISTORY_PROXY,PROXY,CURRENT_HISTORY_ONLY_NO_VINTAGE,false,true,true
1981-05-31,1981-05,54.8484848484849,54.8484848484849,指数2015=100(停2023-10),M,WAGE_PRIVATE_FRED,FRED(OECD转载厚劳省),VALIDATED_MIRROR,,,2026-09-05,LATEST_HISTORY_PROXY,PROXY,CURRENT_HISTORY_ONLY_NO_VINTAGE,false,true,true
1981-06-30,1981-06,98.5858585858586,98.5858585858586,指数2015=100(停2023-10),M,WAGE_PRIVATE_FRED,FRED(OECD转载厚劳省),VALIDATED_MIRROR,,,2026-09-05,LATEST_HISTORY_PROXY,PROXY,CURRENT_HISTORY_ONLY_NO_VINTAGE,false,true,true
1981-07-31,1981-07,97.3737373737374,97.3737373737374,指数2015=100(停2023-10),M,WAGE_PRIVATE_FRED,FRED(OECD转载厚劳省),VALIDATED_MIRROR,,,2026-09-05,LATEST_HISTORY_PROXY,PROXY,CURRENT_HISTORY_ONLY_NO_VINTAGE,false,true,true
1981-08-31,1981-08,62.1212121212121,62.1212121212121,指数2015=100(停2023-10),M,WAGE_PRIVATE_FRED,FRED(OECD转载厚劳省),VALIDATED_MIRROR,,,2026-09-05,LATEST_HISTORY_PROXY,PROXY,CURRENT_HISTORY_ONLY_NO_VINTAGE,false,true,true
1981-09-30,1981-09,54.7474747474748,54.7474747474748,指数2015=100(停2023-10),M,WAGE_PRIVATE_FRED,FRED(OECD转载厚劳省),VALIDATED_MIRROR,,,2026-09-05,LATEST_HISTORY_PROXY,PROXY,CURRENT_HISTORY_ONLY_NO_VINTAGE,false,true,true
1981-10-31,1981-10,55.6565656565657,55.6565656565657,指数2015=100(停2023-10),M,WAGE_PRIVATE_FRED,FRED(OECD转载厚劳省),VALIDATED_MIRROR,,,2026-09-05,LATEST_HISTORY_PROXY,PROXY,CURRENT_HISTORY_ONLY_NO_VINTAGE,false,true,true
1981-11-30,1981-11,57.0707070707071,57.0707070707071,指数2015=100(停2023-10),M,WAGE_PRIVATE_FRED,FRED(OECD转载厚劳省),VALIDATED_MIRROR,,,2026-09-05,LATEST_HISTORY_PROXY,PROXY,CURRENT_HISTORY_ONLY_NO_VINTAGE,false,true,true
1981-12-31,1981-12,166.464646464646,166.464646464646,指数2015=100(停2023-10),M,WAGE_PRIVATE_FRED,FRED(OECD转载厚劳省),VALIDATED_MIRROR,,,2026-09-05,LATEST_HISTORY_PROXY,PROXY,CURRENT_HISTORY_ONLY_NO_VINTAGE,false,true,true
1982-01-31,1982-01,57.0707070707071,57.0707070707071,指数2015=100(停2023-10),M,WAGE_PRIVATE_FRED,FRED(OECD转载厚劳省),VALIDATED_MIRROR,,,2026-09-05,LATEST_HISTORY_PROXY,PROXY,CURRENT_HISTORY_ONLY_NO_VINTAGE,false,true,true
1982-02-28,1982-02,54.949494949495,54.949494949495,指数2015=100(停2023-10),M,WAGE_PRIVATE_FRED,FRED(OECD转载厚劳省),VALIDATED_MIRROR,,,2026-09-05,LATEST_HISTORY_PROXY,PROXY,CURRENT_HISTORY_ONLY_NO_VINTAGE,false,true,true
1982-03-31,1982-03,61.5151515151515,61.5151515151515,指数2015=100(停2023-10),M,WAGE_PRIVATE_FRED,FRED(OECD转载厚劳省),VALIDATED_MIRROR,,,2026-09-05,LATEST_HISTORY_PROXY,PROXY,CURRENT_HISTORY_ONLY_NO_VINTAGE,false,true,true
1982-04-30,1982-04,57.8787878787879,57.8787878787879,指数2015=100(停2023-10),M,WAGE_PRIVATE_FRED,FRED(OECD转载厚劳省),VALIDATED_MIRROR,,,2026-09-05,LATEST_HISTORY_PROXY,PROXY,CURRENT_HISTORY_ONLY_NO_VINTAGE,false,true,true
1982-05-31,1982-05,57.3737373737374,57.3737373737374,指数2015=100(停2023-10),M,WAGE_PRIVATE_FRED,FRED(OECD转载厚劳省),VALIDATED_MIRROR,,,2026-09-05,LATEST_HISTORY_PROXY,PROXY,CURRENT_HISTORY_ONLY_NO_VINTAGE,false,true,true
1982-06-30,1982-06,101.818181818182,101.818181818182,指数2015=100(停2023-10),M,WAGE_PRIVATE_FRED,FRED(OECD转载厚劳省),VALIDATED_MIRROR,,,2026-09-05,LATEST_HISTORY_PROXY,PROXY,CURRENT_HISTORY_ONLY_NO_VINTAGE,false,true,true
1982-07-31,1982-07,101.717171717172,101.717171717172,指数2015=100(停2023-10),M,WAGE_PRIVATE_FRED,FRED(OECD转载厚劳省),VALIDATED_MIRROR,,,2026-09-05,LATEST_HISTORY_PROXY,PROXY,CURRENT_HISTORY_ONLY_NO_VINTAGE,false,true,true
1982-08-31,1982-08,66.6666666666667,66.6666666666667,指数2015=100(停2023-10),M,WAGE_PRIVATE_FRED,FRED(OECD转载厚劳省),VALIDATED_MIRROR,,,2026-09-05,LATEST_HISTORY_PROXY,PROXY,CURRENT_HISTORY_ONLY_NO_VINTAGE,false,true,true
1982-09-30,1982-09,57.3737373737374,57.3737373737374,指数2015=100(停2023-10),M,WAGE_PRIVATE_FRED,FRED(OECD转载厚劳省),VALIDATED_MIRROR,,,2026-09-05,LATEST_HISTORY_PROXY,PROXY,CURRENT_HISTORY_ONLY_NO_VINTAGE,false,true,true
1982-10-31,1982-10,57.979797979798,57.979797979798,指数2015=100(停2023-10),M,WAGE_PRIVATE_FRED,FRED(OECD转载厚劳省),VALIDATED_MIRROR,,,2026-09-05,LATEST_HISTORY_PROXY,PROXY,CURRENT_HISTORY_ONLY_NO_VINTAGE,false,true,true
1982-11-30,1982-11,59.8989898989899,59.8989898989899,指数2015=100(停2023-10),M,WAGE_PRIVATE_FRED,FRED(OECD转载厚劳省),VALIDATED_MIRROR,,,2026-09-05,LATEST_HISTORY_PROXY,PROXY,CURRENT_HISTORY_ONLY_NO_VINTAGE,false,true,true
1982-12-31,1982-12,169.393939393939,169.393939393939,指数2015=100(停2023-10),M,WAGE_PRIVATE_FRED,FRED(OECD转载厚劳省),VALIDATED_MIRROR,,,2026-09-05,LATEST_HISTORY_PROXY,PROXY,CURRENT_HISTORY_ONLY_NO_VINTAGE,false,true,true
1983-01-31,1983-01,60.2020202020202,60.2020202020202,指数2015=100(停2023-10),M,WAGE_PRIVATE_FRED,FRED(OECD转载厚劳省),VALIDATED_MIRROR,,,2026-09-05,LATEST_HISTORY_PROXY,PROXY,CURRENT_HISTORY_ONLY_NO_VINTAGE,false,true,true
1983-02-28,1983-02,57.8787878787879,57.8787878787879,指数2015=100(停2023-10),M,WAGE_PRIVATE_FRED,FRED(OECD转载厚劳省),VALIDATED_MIRROR,,,2026-09-05,LATEST_HISTORY_PROXY,PROXY,CURRENT_HISTORY_ONLY_NO_VINTAGE,false,true,true
1983-03-31,1983-03,64.1414141414142,64.1414141414142,指数2015=100(停2023-10),M,WAGE_PRIVATE_FRED,FRED(OECD转载厚劳省),VALIDATED_MIRROR,,,2026-09-05,LATEST_HISTORY_PROXY,PROXY,CURRENT_HISTORY_ONLY_NO_VINTAGE,false,true,true
1983-04-30,1983-04,59.6969696969697,59.6969696969697,指数2015=100(停2023-10),M,WAGE_PRIVATE_FRED,FRED(OECD转载厚劳省),VALIDATED_MIRROR,,,2026-09-05,LATEST_HISTORY_PROXY,PROXY,CURRENT_HISTORY_ONLY_NO_VINTAGE,false,true,true
1983-05-31,1983-05,58.7878787878788,58.7878787878788,指数2015=100(停2023-10),M,WAGE_PRIVATE_FRED,FRED(OECD转载厚劳省),VALIDATED_MIRROR,,,2026-09-05,LATEST_HISTORY_PROXY,PROXY,CURRENT_HISTORY_ONLY_NO_VINTAGE,false,true,true
1983-06-30,1983-06,105.353535353535,105.353535353535,指数2015=100(停2023-10),M,WAGE_PRIVATE_FRED,FRED(OECD转载厚劳省),VALIDATED_MIRROR,,,2026-09-05,LATEST_HISTORY_PROXY,PROXY,CURRENT_HISTORY_ONLY_NO_VINTAGE,false,true,true
1983-07-31,1983-07,104.646464646465,104.646464646465,指数2015=100(停2023-10),M,WAGE_PRIVATE_FRED,FRED(OECD转载厚劳省),VALIDATED_MIRROR,,,2026-09-05,LATEST_HISTORY_PROXY,PROXY,CURRENT_HISTORY_ONLY_NO_VINTAGE,false,true,true
1983-08-31,1983-08,65.1515151515152,65.1515151515152,指数2015=100(停2023-10),M,WAGE_PRIVATE_FRED,FRED(OECD转载厚劳省),VALIDATED_MIRROR,,,2026-09-05,LATEST_HISTORY_PROXY,PROXY,CURRENT_HISTORY_ONLY_NO_VINTAGE,false,true,true
1983-09-30,1983-09,58.7878787878788,58.7878787878788,指数2015=100(停2023-10),M,WAGE_PRIVATE_FRED,FRED(OECD转载厚劳省),VALIDATED_MIRROR,,,2026-09-05,LATEST_HISTORY_PROXY,PROXY,CURRENT_HISTORY_ONLY_NO_VINTAGE,false,true,true
1983-10-31,1983-10,59.6969696969697,59.6969696969697,指数2015=100(停2023-10),M,WAGE_PRIVATE_FRED,FRED(OECD转载厚劳省),VALIDATED_MIRROR,,,2026-09-05,LATEST_HISTORY_PROXY,PROXY,CURRENT_HISTORY_ONLY_NO_VINTAGE,false,true,true
1983-11-30,1983-11,61.1111111111111,61.1111111111111,指数2015=100(停2023-10),M,WAGE_PRIVATE_FRED,FRED(OECD转载厚劳省),VALIDATED_MIRROR,,,2026-09-05,LATEST_HISTORY_PROXY,PROXY,CURRENT_HISTORY_ONLY_NO_VINTAGE,false,true,true
1983-12-31,1983-12,173.030303030303,173.030303030303,指数2015=100(停2023-10),M,WAGE_PRIVATE_FRED,FRED(OECD转载厚劳省),VALIDATED_MIRROR,,,2026-09-05,LATEST_HISTORY_PROXY,PROXY,CURRENT_HISTORY_ONLY_NO_VINTAGE,false,true,true
1984-01-31,1984-01,61.9191919191919,61.9191919191919,指数2015=100(停2023-10),M,WAGE_PRIVATE_FRED,FRED(OECD转载厚劳省),VALIDATED_MIRROR,,,2026-09-05,LATEST_HISTORY_PROXY,PROXY,CURRENT_HISTORY_ONLY_NO_VINTAGE,false,true,true
1984-02-29,1984-02,59.6969696969697,59.6969696969697,指数2015=100(停2023-10),M,WAGE_PRIVATE_FRED,FRED(OECD转载厚劳省),VALIDATED_MIRROR,,,2026-09-05,LATEST_HISTORY_PROXY,PROXY,CURRENT_HISTORY_ONLY_NO_VINTAGE,false,true,true
1984-03-31,1984-03,66.8686868686869,66.8686868686869,指数2015=100(停2023-10),M,WAGE_PRIVATE_FRED,FRED(OECD转载厚劳省),VALIDATED_MIRROR,,,2026-09-05,LATEST_HISTORY_PROXY,PROXY,CURRENT_HISTORY_ONLY_NO_VINTAGE,false,true,true
1984-04-30,1984-04,62.5252525252525,62.5252525252525,指数2015=100(停2023-10),M,WAGE_PRIVATE_FRED,FRED(OECD转载厚劳省),VALIDATED_MIRROR,,,2026-09-05,LATEST_HISTORY_PROXY,PROXY,CURRENT_HISTORY_ONLY_NO_VINTAGE,false,true,true
1984-05-31,1984-05,60.9090909090909,60.9090909090909,指数2015=100(停2023-10),M,WAGE_PRIVATE_FRED,FRED(OECD转载厚劳省),VALIDATED_MIRROR,,,2026-09-05,LATEST_HISTORY_PROXY,PROXY,CURRENT_HISTORY_ONLY_NO_VINTAGE,false,true,true
1984-06-30,1984-06,110.30303030303,110.30303030303,指数2015=100(停2023-10),M,WAGE_PRIVATE_FRED,FRED(OECD转载厚劳省),VALIDATED_MIRROR,,,2026-09-05,LATEST_HISTORY_PROXY,PROXY,CURRENT_HISTORY_ONLY_NO_VINTAGE,false,true,true
1984-07-31,1984-07,108.181818181818,108.181818181818,指数2015=100(停2023-10),M,WAGE_PRIVATE_FRED,FRED(OECD转载厚劳省),VALIDATED_MIRROR,,,2026-09-05,LATEST_HISTORY_PROXY,PROXY,CURRENT_HISTORY_ONLY_NO_VINTAGE,false,true,true
1984-08-31,1984-08,66.8686868686869,66.8686868686869,指数2015=100(停2023-10),M,WAGE_PRIVATE_FRED,FRED(OECD转载厚劳省),VALIDATED_MIRROR,,,2026-09-05,LATEST_HISTORY_PROXY,PROXY,CURRENT_HISTORY_ONLY_NO_VINTAGE,false,true,true
1984-09-30,1984-09,61.1111111111111,61.1111111111111,指数2015=100(停2023-10),M,WAGE_PRIVATE_FRED,FRED(OECD转载厚劳省),VALIDATED_MIRROR,,,2026-09-05,LATEST_HISTORY_PROXY,PROXY,CURRENT_HISTORY_ONLY_NO_VINTAGE,false,true,true
1984-10-31,1984-10,61.9191919191919,61.9191919191919,指数2015=100(停2023-10),M,WAGE_PRIVATE_FRED,FRED(OECD转载厚劳省),VALIDATED_MIRROR,,,2026-09-05,LATEST_HISTORY_PROXY,PROXY,CURRENT_HISTORY_ONLY_NO_VINTAGE,false,true,true
1984-11-30,1984-11,63.1313131313131,63.1313131313131,指数2015=100(停2023-10),M,WAGE_PRIVATE_FRED,FRED(OECD转载厚劳省),VALIDATED_MIRROR,,,2026-09-05,LATEST_HISTORY_PROXY,PROXY,CURRENT_HISTORY_ONLY_NO_VINTAGE,false,true,true
1984-12-31,1984-12,179.191919191919,179.191919191919,指数2015=100(停2023-10),M,WAGE_PRIVATE_FRED,FRED(OECD转载厚劳省),VALIDATED_MIRROR,,,2026-09-05,LATEST_HISTORY_PROXY,PROXY,CURRENT_HISTORY_ONLY_NO_VINTAGE,false,true,true
1985-01-31,1985-01,64.1414141414142,64.1414141414142,指数2015=100(停2023-10),M,WAGE_PRIVATE_FRED,FRED(OECD转载厚劳省),VALIDATED_MIRROR,,,2026-09-05,LATEST_HISTORY_PROXY,PROXY,CURRENT_HISTORY_ONLY_NO_VINTAGE,false,true,true
1985-02-28,1985-02,61.010101010101,61.010101010101,指数2015=100(停2023-10),M,WAGE_PRIVATE_FRED,FRED(OECD转载厚劳省),VALIDATED_MIRROR,,,2026-09-05,LATEST_HISTORY_PROXY,PROXY,CURRENT_HISTORY_ONLY_NO_VINTAGE,false,true,true
1985-03-31,1985-03,68.0808080808081,68.0808080808081,指数2015=100(停2023-10),M,WAGE_PRIVATE_FRED,FRED(OECD转载厚劳省),VALIDATED_MIRROR,,,2026-09-05,LATEST_HISTORY_PROXY,PROXY,CURRENT_HISTORY_ONLY_NO_VINTAGE,false,true,true
1985-04-30,1985-04,64.1414141414142,64.1414141414142,指数2015=100(停2023-10),M,WAGE_PRIVATE_FRED,FRED(OECD转载厚劳省),VALIDATED_MIRROR,,,2026-09-05,LATEST_HISTORY_PROXY,PROXY,CURRENT_HISTORY_ONLY_NO_VINTAGE,false,true,true
1985-05-31,1985-05,63.030303030303,63.030303030303,指数2015=100(停2023-10),M,WAGE_PRIVATE_FRED,FRED(OECD转载厚劳省),VALIDATED_MIRROR,,,2026-09-05,LATEST_HISTORY_PROXY,PROXY,CURRENT_HISTORY_ONLY_NO_VINTAGE,false,true,true
1985-06-30,1985-06,111.818181818182,111.818181818182,指数2015=100(停2023-10),M,WAGE_PRIVATE_FRED,FRED(OECD转载厚劳省),VALIDATED_MIRROR,,,2026-09-05,LATEST_HISTORY_PROXY,PROXY,CURRENT_HISTORY_ONLY_NO_VINTAGE,false,true,true
1985-07-31,1985-07,110.606060606061,110.606060606061,指数2015=100(停2023-10),M,WAGE_PRIVATE_FRED,FRED(OECD转载厚劳省),VALIDATED_MIRROR,,,2026-09-05,LATEST_HISTORY_PROXY,PROXY,CURRENT_HISTORY_ONLY_NO_VINTAGE,false,true,true
1985-08-31,1985-08,71.6161616161616,71.6161616161616,指数2015=100(停2023-10),M,WAGE_PRIVATE_FRED,FRED(OECD转载厚劳省),VALIDATED_MIRROR,,,2026-09-05,LATEST_HISTORY_PROXY,PROXY,CURRENT_HISTORY_ONLY_NO_VINTAGE,false,true,true
1985-09-30,1985-09,62.9292929292929,62.9292929292929,指数2015=100(停2023-10),M,WAGE_PRIVATE_FRED,FRED(OECD转载厚劳省),VALIDATED_MIRROR,,,2026-09-05,LATEST_HISTORY_PROXY,PROXY,CURRENT_HISTORY_ONLY_NO_VINTAGE,false,true,true
1985-10-31,1985-10,63.2323232323232,63.2323232323232,指数2015=100(停2023-10),M,WAGE_PRIVATE_FRED,FRED(OECD转载厚劳省),VALIDATED_MIRROR,,,2026-09-05,LATEST_HISTORY_PROXY,PROXY,CURRENT_HISTORY_ONLY_NO_VINTAGE,false,true,true
1985-11-30,1985-11,64.949494949495,64.949494949495,指数2015=100(停2023-10),M,WAGE_PRIVATE_FRED,FRED(OECD转载厚劳省),VALIDATED_MIRROR,,,2026-09-05,LATEST_HISTORY_PROXY,PROXY,CURRENT_HISTORY_ONLY_NO_VINTAGE,false,true,true
1985-12-31,1985-12,183.232323232323,183.232323232323,指数2015=100(停2023-10),M,WAGE_PRIVATE_FRED,FRED(OECD转载厚劳省),VALIDATED_MIRROR,,,2026-09-05,LATEST_HISTORY_PROXY,PROXY,CURRENT_HISTORY_ONLY_NO_VINTAGE,false,true,true
1986-01-31,1986-01,66.7676767676768,66.7676767676768,指数2015=100(停2023-10),M,WAGE_PRIVATE_FRED,FRED(OECD转载厚劳省),VALIDATED_MIRROR,,,2026-09-05,LATEST_HISTORY_PROXY,PROXY,CURRENT_HISTORY_ONLY_NO_VINTAGE,false,true,true
1986-02-28,1986-02,63.2323232323232,63.2323232323232,指数2015=100(停2023-10),M,WAGE_PRIVATE_FRED,FRED(OECD转载厚劳省),VALIDATED_MIRROR,,,2026-09-05,LATEST_HISTORY_PROXY,PROXY,CURRENT_HISTORY_ONLY_NO_VINTAGE,false,true,true
1986-03-31,1986-03,70.7070707070707,70.7070707070707,指数2015=100(停2023-10),M,WAGE_PRIVATE_FRED,FRED(OECD转载厚劳省),VALIDATED_MIRROR,,,2026-09-05,LATEST_HISTORY_PROXY,PROXY,CURRENT_HISTORY_ONLY_NO_VINTAGE,false,true,true
1986-04-30,1986-04,65.2525252525252,65.2525252525252,指数2015=100(停2023-10),M,WAGE_PRIVATE_FRED,FRED(OECD转载厚劳省),VALIDATED_MIRROR,,,2026-09-05,LATEST_HISTORY_PROXY,PROXY,CURRENT_HISTORY_ONLY_NO_VINTAGE,false,true,true
1986-05-31,1986-05,64.2424242424242,64.2424242424242,指数2015=100(停2023-10),M,WAGE_PRIVATE_FRED,FRED(OECD转载厚劳省),VALIDATED_MIRROR,,,2026-09-05,LATEST_HISTORY_PROXY,PROXY,CURRENT_HISTORY_ONLY_NO_VINTAGE,false,true,true
1986-06-30,1986-06,116.161616161616,116.161616161616,指数2015=100(停2023-10),M,WAGE_PRIVATE_FRED,FRED(OECD转载厚劳省),VALIDATED_MIRROR,,,2026-09-05,LATEST_HISTORY_PROXY,PROXY,CURRENT_HISTORY_ONLY_NO_VINTAGE,false,true,true
1986-07-31,1986-07,114.040404040404,114.040404040404,指数2015=100(停2023-10),M,WAGE_PRIVATE_FRED,FRED(OECD转载厚劳省),VALIDATED_MIRROR,,,2026-09-05,LATEST_HISTORY_PROXY,PROXY,CURRENT_HISTORY_ONLY_NO_VINTAGE,false,true,true
1986-08-31,1986-08,72.1212121212121,72.1212121212121,指数2015=100(停2023-10),M,WAGE_PRIVATE_FRED,FRED(OECD转载厚劳省),VALIDATED_MIRROR,,,2026-09-05,LATEST_HISTORY_PROXY,PROXY,CURRENT_HISTORY_ONLY_NO_VINTAGE,false,true,true
1986-09-30,1986-09,64.2424242424242,64.2424242424242,指数2015=100(停2023-10),M,WAGE_PRIVATE_FRED,FRED(OECD转载厚劳省),VALIDATED_MIRROR,,,2026-09-05,LATEST_HISTORY_PROXY,PROXY,CURRENT_HISTORY_ONLY_NO_VINTAGE,false,true,true
1986-10-31,1986-10,64.2424242424242,64.2424242424242,指数2015=100(停2023-10),M,WAGE_PRIVATE_FRED,FRED(OECD转载厚劳省),VALIDATED_MIRROR,,,2026-09-05,LATEST_HISTORY_PROXY,PROXY,CURRENT_HISTORY_ONLY_NO_VINTAGE,false,true,true
1986-11-30,1986-11,67.2727272727273,67.2727272727273,指数2015=100(停2023-10),M,WAGE_PRIVATE_FRED,FRED(OECD转载厚劳省),VALIDATED_MIRROR,,,2026-09-05,LATEST_HISTORY_PROXY,PROXY,CURRENT_HISTORY_ONLY_NO_VINTAGE,false,true,true
1986-12-31,1986-12,186.767676767677,186.767676767677,指数2015=100(停2023-10),M,WAGE_PRIVATE_FRED,FRED(OECD转载厚劳省),VALIDATED_MIRROR,,,2026-09-05,LATEST_HISTORY_PROXY,PROXY,CURRENT_HISTORY_ONLY_NO_VINTAGE,false,true,true
1987-01-31,1987-01,68.0808080808081,68.0808080808081,指数2015=100(停2023-10),M,WAGE_PRIVATE_FRED,FRED(OECD转载厚劳省),VALIDATED_MIRROR,,,2026-09-05,LATEST_HISTORY_PROXY,PROXY,CURRENT_HISTORY_ONLY_NO_VINTAGE,false,true,true
1987-02-28,1987-02,64.2424242424242,64.2424242424242,指数2015=100(停2023-10),M,WAGE_PRIVATE_FRED,FRED(OECD转载厚劳省),VALIDATED_MIRROR,,,2026-09-05,LATEST_HISTORY_PROXY,PROXY,CURRENT_HISTORY_ONLY_NO_VINTAGE,false,true,true
1987-03-31,1987-03,72.020202020202,72.020202020202,指数2015=100(停2023-10),M,WAGE_PRIVATE_FRED,FRED(OECD转载厚劳省),VALIDATED_MIRROR,,,2026-09-05,LATEST_HISTORY_PROXY,PROXY,CURRENT_HISTORY_ONLY_NO_VINTAGE,false,true,true
1987-04-30,1987-04,66.2626262626263,66.2626262626263,指数2015=100(停2023-10),M,WAGE_PRIVATE_FRED,FRED(OECD转载厚劳省),VALIDATED_MIRROR,,,2026-09-05,LATEST_HISTORY_PROXY,PROXY,CURRENT_HISTORY_ONLY_NO_VINTAGE,false,true,true
1987-05-31,1987-05,65.2525252525252,65.2525252525252,指数2015=100(停2023-10),M,WAGE_PRIVATE_FRED,FRED(OECD转载厚劳省),VALIDATED_MIRROR,,,2026-09-05,LATEST_HISTORY_PROXY,PROXY,CURRENT_HISTORY_ONLY_NO_VINTAGE,false,true,true
1987-06-30,1987-06,119.49494949495,119.49494949495,指数2015=100(停2023-10),M,WAGE_PRIVATE_FRED,FRED(OECD转载厚劳省),VALIDATED_MIRROR,,,2026-09-05,LATEST_HISTORY_PROXY,PROXY,CURRENT_HISTORY_ONLY_NO_VINTAGE,false,true,true
1987-07-31,1987-07,115.252525252525,115.252525252525,指数2015=100(停2023-10),M,WAGE_PRIVATE_FRED,FRED(OECD转载厚劳省),VALIDATED_MIRROR,,,2026-09-05,LATEST_HISTORY_PROXY,PROXY,CURRENT_HISTORY_ONLY_NO_VINTAGE,false,true,true
1987-08-31,1987-08,72.3232323232323,72.3232323232323,指数2015=100(停2023-10),M,WAGE_PRIVATE_FRED,FRED(OECD转载厚劳省),VALIDATED_MIRROR,,,2026-09-05,LATEST_HISTORY_PROXY,PROXY,CURRENT_HISTORY_ONLY_NO_VINTAGE,false,true,true
1987-09-30,1987-09,65.5555555555556,65.5555555555556,指数2015=100(停2023-10),M,WAGE_PRIVATE_FRED,FRED(OECD转载厚劳省),VALIDATED_MIRROR,,,2026-09-05,LATEST_HISTORY_PROXY,PROXY,CURRENT_HISTORY_ONLY_NO_VINTAGE,false,true,true
1987-10-31,1987-10,66.3636363636364,66.3636363636364,指数2015=100(停2023-10),M,WAGE_PRIVATE_FRED,FRED(OECD转载厚劳省),VALIDATED_MIRROR,,,2026-09-05,LATEST_HISTORY_PROXY,PROXY,CURRENT_HISTORY_ONLY_NO_VINTAGE,false,true,true
1987-11-30,1987-11,68.7878787878788,68.7878787878788,指数2015=100(停2023-10),M,WAGE_PRIVATE_FRED,FRED(OECD转载厚劳省),VALIDATED_MIRROR,,,2026-09-05,LATEST_HISTORY_PROXY,PROXY,CURRENT_HISTORY_ONLY_NO_VINTAGE,false,true,true
1987-12-31,1987-12,191.313131313131,191.313131313131,指数2015=100(停2023-10),M,WAGE_PRIVATE_FRED,FRED(OECD转载厚劳省),VALIDATED_MIRROR,,,2026-09-05,LATEST_HISTORY_PROXY,PROXY,CURRENT_HISTORY_ONLY_NO_VINTAGE,false,true,true
1988-01-31,1988-01,68.6868686868687,68.6868686868687,指数2015=100(停2023-10),M,WAGE_PRIVATE_FRED,FRED(OECD转载厚劳省),VALIDATED_MIRROR,,,2026-09-05,LATEST_HISTORY_PROXY,PROXY,CURRENT_HISTORY_ONLY_NO_VINTAGE,false,true,true
1988-02-29,1988-02,66.4646464646465,66.4646464646465,指数2015=100(停2023-10),M,WAGE_PRIVATE_FRED,FRED(OECD转载厚劳省),VALIDATED_MIRROR,,,2026-09-05,LATEST_HISTORY_PROXY,PROXY,CURRENT_HISTORY_ONLY_NO_VINTAGE,false,true,true
1988-03-31,1988-03,74.0404040404041,74.0404040404041,指数2015=100(停2023-10),M,WAGE_PRIVATE_FRED,FRED(OECD转载厚劳省),VALIDATED_MIRROR,,,2026-09-05,LATEST_HISTORY_PROXY,PROXY,CURRENT_HISTORY_ONLY_NO_VINTAGE,false,true,true
1988-04-30,1988-04,68.4848484848485,68.4848484848485,指数2015=100(停2023-10),M,WAGE_PRIVATE_FRED,FRED(OECD转载厚劳省),VALIDATED_MIRROR,,,2026-09-05,LATEST_HISTORY_PROXY,PROXY,CURRENT_HISTORY_ONLY_NO_VINTAGE,false,true,true
1988-05-31,1988-05,67.4747474747475,67.4747474747475,指数2015=100(停2023-10),M,WAGE_PRIVATE_FRED,FRED(OECD转载厚劳省),VALIDATED_MIRROR,,,2026-09-05,LATEST_HISTORY_PROXY,PROXY,CURRENT_HISTORY_ONLY_NO_VINTAGE,false,true,true
1988-06-30,1988-06,124.242424242424,124.242424242424,指数2015=100(停2023-10),M,WAGE_PRIVATE_FRED,FRED(OECD转载厚劳省),VALIDATED_MIRROR,,,2026-09-05,LATEST_HISTORY_PROXY,PROXY,CURRENT_HISTORY_ONLY_NO_VINTAGE,false,true,true
1988-07-31,1988-07,117.878787878788,117.878787878788,指数2015=100(停2023-10),M,WAGE_PRIVATE_FRED,FRED(OECD转载厚劳省),VALIDATED_MIRROR,,,2026-09-05,LATEST_HISTORY_PROXY,PROXY,CURRENT_HISTORY_ONLY_NO_VINTAGE,false,true,true
1988-08-31,1988-08,76.6666666666667,76.6666666666667,指数2015=100(停2023-10),M,WAGE_PRIVATE_FRED,FRED(OECD转载厚劳省),VALIDATED_MIRROR,,,2026-09-05,LATEST_HISTORY_PROXY,PROXY,CURRENT_HISTORY_ONLY_NO_VINTAGE,false,true,true
1988-09-30,1988-09,68.1818181818182,68.1818181818182,指数2015=100(停2023-10),M,WAGE_PRIVATE_FRED,FRED(OECD转载厚劳省),VALIDATED_MIRROR,,,2026-09-05,LATEST_HISTORY_PROXY,PROXY,CURRENT_HISTORY_ONLY_NO_VINTAGE,false,true,true
1988-10-31,1988-10,68.6868686868687,68.6868686868687,指数2015=100(停2023-10),M,WAGE_PRIVATE_FRED,FRED(OECD转载厚劳省),VALIDATED_MIRROR,,,2026-09-05,LATEST_HISTORY_PROXY,PROXY,CURRENT_HISTORY_ONLY_NO_VINTAGE,false,true,true
1988-11-30,1988-11,70.9090909090909,70.9090909090909,指数2015=100(停2023-10),M,WAGE_PRIVATE_FRED,FRED(OECD转载厚劳省),VALIDATED_MIRROR,,,2026-09-05,LATEST_HISTORY_PROXY,PROXY,CURRENT_HISTORY_ONLY_NO_VINTAGE,false,true,true
1988-12-31,1988-12,200.0,200.0,指数2015=100(停2023-10),M,WAGE_PRIVATE_FRED,FRED(OECD转载厚劳省),VALIDATED_MIRROR,,,2026-09-05,LATEST_HISTORY_PROXY,PROXY,CURRENT_HISTORY_ONLY_NO_VINTAGE,false,true,true
1989-01-31,1989-01,72.5252525252525,72.5252525252525,指数2015=100(停2023-10),M,WAGE_PRIVATE_FRED,FRED(OECD转载厚劳省),VALIDATED_MIRROR,,,2026-09-05,LATEST_HISTORY_PROXY,PROXY,CURRENT_HISTORY_ONLY_NO_VINTAGE,false,true,true
1989-02-28,1989-02,68.5858585858586,68.5858585858586,指数2015=100(停2023-10),M,WAGE_PRIVATE_FRED,FRED(OECD转载厚劳省),VALIDATED_MIRROR,,,2026-09-05,LATEST_HISTORY_PROXY,PROXY,CURRENT_HISTORY_ONLY_NO_VINTAGE,false,true,true
1989-03-31,1989-03,76.1616161616162,76.1616161616162,指数2015=100(停2023-10),M,WAGE_PRIVATE_FRED,FRED(OECD转载厚劳省),VALIDATED_MIRROR,,,2026-09-05,LATEST_HISTORY_PROXY,PROXY,CURRENT_HISTORY_ONLY_NO_VINTAGE,false,true,true
1989-04-30,1989-04,70.9090909090909,70.9090909090909,指数2015=100(停2023-10),M,WAGE_PRIVATE_FRED,FRED(OECD转载厚劳省),VALIDATED_MIRROR,,,2026-09-05,LATEST_HISTORY_PROXY,PROXY,CURRENT_HISTORY_ONLY_NO_VINTAGE,false,true,true
1989-05-31,1989-05,70.1010101010101,70.1010101010101,指数2015=100(停2023-10),M,WAGE_PRIVATE_FRED,FRED(OECD转载厚劳省),VALIDATED_MIRROR,,,2026-09-05,LATEST_HISTORY_PROXY,PROXY,CURRENT_HISTORY_ONLY_NO_VINTAGE,false,true,true
1989-06-30,1989-06,131.313131313131,131.313131313131,指数2015=100(停2023-10),M,WAGE_PRIVATE_FRED,FRED(OECD转载厚劳省),VALIDATED_MIRROR,,,2026-09-05,LATEST_HISTORY_PROXY,PROXY,CURRENT_HISTORY_ONLY_NO_VINTAGE,false,true,true
1989-07-31,1989-07,121.818181818182,121.818181818182,指数2015=100(停2023-10),M,WAGE_PRIVATE_FRED,FRED(OECD转载厚劳省),VALIDATED_MIRROR,,,2026-09-05,LATEST_HISTORY_PROXY,PROXY,CURRENT_HISTORY_ONLY_NO_VINTAGE,false,true,true
1989-08-31,1989-08,79.3939393939394,79.3939393939394,指数2015=100(停2023-10),M,WAGE_PRIVATE_FRED,FRED(OECD转载厚劳省),VALIDATED_MIRROR,,,2026-09-05,LATEST_HISTORY_PROXY,PROXY,CURRENT_HISTORY_ONLY_NO_VINTAGE,false,true,true
1989-09-30,1989-09,70.8080808080808,70.8080808080808,指数2015=100(停2023-10),M,WAGE_PRIVATE_FRED,FRED(OECD转载厚劳省),VALIDATED_MIRROR,,,2026-09-05,LATEST_HISTORY_PROXY,PROXY,CURRENT_HISTORY_ONLY_NO_VINTAGE,false,true,true
1989-10-31,1989-10,70.9090909090909,70.9090909090909,指数2015=100(停2023-10),M,WAGE_PRIVATE_FRED,FRED(OECD转载厚劳省),VALIDATED_MIRROR,,,2026-09-05,LATEST_HISTORY_PROXY,PROXY,CURRENT_HISTORY_ONLY_NO_VINTAGE,false,true,true
1989-11-30,1989-11,74.4444444444444,74.4444444444444,指数2015=100(停2023-10),M,WAGE_PRIVATE_FRED,FRED(OECD转载厚劳省),VALIDATED_MIRROR,,,2026-09-05,LATEST_HISTORY_PROXY,PROXY,CURRENT_HISTORY_ONLY_NO_VINTAGE,false,true,true
1989-12-31,1989-12,210.0,210.0,指数2015=100(停2023-10),M,WAGE_PRIVATE_FRED,FRED(OECD转载厚劳省),VALIDATED_MIRROR,,,2026-09-05,LATEST_HISTORY_PROXY,PROXY,CURRENT_HISTORY_ONLY_NO_VINTAGE,false,true,true
1990-01-31,1990-01,77.5757575757576,77.5757575757576,指数2015=100(停2023-10),M,WAGE_PRIVATE_FRED,FRED(OECD转载厚劳省),VALIDATED_MIRROR,,,2026-09-05,LATEST_HISTORY_PROXY,PROXY,CURRENT_HISTORY_ONLY_NO_VINTAGE,false,true,true
1990-02-28,1990-02,70.9090909090909,70.9090909090909,指数2015=100(停2023-10),M,WAGE_PRIVATE_FRED,FRED(OECD转载厚劳省),VALIDATED_MIRROR,,,2026-09-05,LATEST_HISTORY_PROXY,PROXY,CURRENT_HISTORY_ONLY_NO_VINTAGE,false,true,true
1990-03-31,1990-03,78.2828282828283,78.2828282828283,指数2015=100(停2023-10),M,WAGE_PRIVATE_FRED,FRED(OECD转载厚劳省),VALIDATED_MIRROR,,,2026-09-05,LATEST_HISTORY_PROXY,PROXY,CURRENT_HISTORY_ONLY_NO_VINTAGE,false,true,true
1990-04-30,1990-04,73.4343434343434,73.4343434343434,指数2015=100(停2023-10),M,WAGE_PRIVATE_FRED,FRED(OECD转载厚劳省),VALIDATED_MIRROR,,,2026-09-05,LATEST_HISTORY_PROXY,PROXY,CURRENT_HISTORY_ONLY_NO_VINTAGE,false,true,true
1990-05-31,1990-05,73.030303030303,73.030303030303,指数2015=100(停2023-10),M,WAGE_PRIVATE_FRED,FRED(OECD转载厚劳省),VALIDATED_MIRROR,,,2026-09-05,LATEST_HISTORY_PROXY,PROXY,CURRENT_HISTORY_ONLY_NO_VINTAGE,false,true,true
1990-06-30,1990-06,140.30303030303,140.30303030303,指数2015=100(停2023-10),M,WAGE_PRIVATE_FRED,FRED(OECD转载厚劳省),VALIDATED_MIRROR,,,2026-09-05,LATEST_HISTORY_PROXY,PROXY,CURRENT_HISTORY_ONLY_NO_VINTAGE,false,true,true
1990-07-31,1990-07,127.979797979798,127.979797979798,指数2015=100(停2023-10),M,WAGE_PRIVATE_FRED,FRED(OECD转载厚劳省),VALIDATED_MIRROR,,,2026-09-05,LATEST_HISTORY_PROXY,PROXY,CURRENT_HISTORY_ONLY_NO_VINTAGE,false,true,true
1990-08-31,1990-08,81.7171717171717,81.7171717171717,指数2015=100(停2023-10),M,WAGE_PRIVATE_FRED,FRED(OECD转载厚劳省),VALIDATED_MIRROR,,,2026-09-05,LATEST_HISTORY_PROXY,PROXY,CURRENT_HISTORY_ONLY_NO_VINTAGE,false,true,true
1990-09-30,1990-09,73.3333333333334,73.3333333333334,指数2015=100(停2023-10),M,WAGE_PRIVATE_FRED,FRED(OECD转载厚劳省),VALIDATED_MIRROR,,,2026-09-05,LATEST_HISTORY_PROXY,PROXY,CURRENT_HISTORY_ONLY_NO_VINTAGE,false,true,true
1990-10-31,1990-10,73.7373737373738,73.7373737373738,指数2015=100(停2023-10),M,WAGE_PRIVATE_FRED,FRED(OECD转载厚劳省),VALIDATED_MIRROR,,,2026-09-05,LATEST_HISTORY_PROXY,PROXY,CURRENT_HISTORY_ONLY_NO_VINTAGE,false,true,true
1990-11-30,1990-11,77.3737373737374,77.3737373737374,指数2015=100(停2023-10),M,WAGE_PRIVATE_FRED,FRED(OECD转载厚劳省),VALIDATED_MIRROR,,,2026-09-05,LATEST_HISTORY_PROXY,PROXY,CURRENT_HISTORY_ONLY_NO_VINTAGE,false,true,true
1990-12-31,1990-12,221.616161616162,221.616161616162,指数2015=100(停2023-10),M,WAGE_PRIVATE_FRED,FRED(OECD转载厚劳省),VALIDATED_MIRROR,,,2026-09-05,LATEST_HISTORY_PROXY,PROXY,CURRENT_HISTORY_ONLY_NO_VINTAGE,false,true,true
1991-01-31,1991-01,77.979797979798,77.979797979798,指数2015=100(停2023-10),M,WAGE_PRIVATE_FRED,FRED(OECD转载厚劳省),VALIDATED_MIRROR,,,2026-09-05,LATEST_HISTORY_PROXY,PROXY,CURRENT_HISTORY_ONLY_NO_VINTAGE,false,true,true
1991-02-28,1991-02,74.1414141414142,74.1414141414142,指数2015=100(停2023-10),M,WAGE_PRIVATE_FRED,FRED(OECD转载厚劳省),VALIDATED_MIRROR,,,2026-09-05,LATEST_HISTORY_PROXY,PROXY,CURRENT_HISTORY_ONLY_NO_VINTAGE,false,true,true
1991-03-31,1991-03,82.020202020202,82.020202020202,指数2015=100(停2023-10),M,WAGE_PRIVATE_FRED,FRED(OECD转载厚劳省),VALIDATED_MIRROR,,,2026-09-05,LATEST_HISTORY_PROXY,PROXY,CURRENT_HISTORY_ONLY_NO_VINTAGE,false,true,true
1991-04-30,1991-04,76.1616161616162,76.1616161616162,指数2015=100(停2023-10),M,WAGE_PRIVATE_FRED,FRED(OECD转载厚劳省),VALIDATED_MIRROR,,,2026-09-05,LATEST_HISTORY_PROXY,PROXY,CURRENT_HISTORY_ONLY_NO_VINTAGE,false,true,true
1991-05-31,1991-05,75.7575757575758,75.7575757575758,指数2015=100(停2023-10),M,WAGE_PRIVATE_FRED,FRED(OECD转载厚劳省),VALIDATED_MIRROR,,,2026-09-05,LATEST_HISTORY_PROXY,PROXY,CURRENT_HISTORY_ONLY_NO_VINTAGE,false,true,true
1991-06-30,1991-06,145.353535353535,145.353535353535,指数2015=100(停2023-10),M,WAGE_PRIVATE_FRED,FRED(OECD转载厚劳省),VALIDATED_MIRROR,,,2026-09-05,LATEST_HISTORY_PROXY,PROXY,CURRENT_HISTORY_ONLY_NO_VINTAGE,false,true,true
1991-07-31,1991-07,132.020202020202,132.020202020202,指数2015=100(停2023-10),M,WAGE_PRIVATE_FRED,FRED(OECD转载厚劳省),VALIDATED_MIRROR,,,2026-09-05,LATEST_HISTORY_PROXY,PROXY,CURRENT_HISTORY_ONLY_NO_VINTAGE,false,true,true
1991-08-31,1991-08,86.8686868686869,86.8686868686869,指数2015=100(停2023-10),M,WAGE_PRIVATE_FRED,FRED(OECD转载厚劳省),VALIDATED_MIRROR,,,2026-09-05,LATEST_HISTORY_PROXY,PROXY,CURRENT_HISTORY_ONLY_NO_VINTAGE,false,true,true
1991-09-30,1991-09,75.4545454545455,75.4545454545455,指数2015=100(停2023-10),M,WAGE_PRIVATE_FRED,FRED(OECD转载厚劳省),VALIDATED_MIRROR,,,2026-09-05,LATEST_HISTORY_PROXY,PROXY,CURRENT_HISTORY_ONLY_NO_VINTAGE,false,true,true
1991-10-31,1991-10,75.7575757575758,75.7575757575758,指数2015=100(停2023-10),M,WAGE_PRIVATE_FRED,FRED(OECD转载厚劳省),VALIDATED_MIRROR,,,2026-09-05,LATEST_HISTORY_PROXY,PROXY,CURRENT_HISTORY_ONLY_NO_VINTAGE,false,true,true
1991-11-30,1991-11,79.8989898989899,79.8989898989899,指数2015=100(停2023-10),M,WAGE_PRIVATE_FRED,FRED(OECD转载厚劳省),VALIDATED_MIRROR,,,2026-09-05,LATEST_HISTORY_PROXY,PROXY,CURRENT_HISTORY_ONLY_NO_VINTAGE,false,true,true
1991-12-31,1991-12,227.474747474747,227.474747474747,指数2015=100(停2023-10),M,WAGE_PRIVATE_FRED,FRED(OECD转载厚劳省),VALIDATED_MIRROR,,,2026-09-05,LATEST_HISTORY_PROXY,PROXY,CURRENT_HISTORY_ONLY_NO_VINTAGE,false,true,true
1992-01-31,1992-01,81.9191919191919,81.9191919191919,指数2015=100(停2023-10),M,WAGE_PRIVATE_FRED,FRED(OECD转载厚劳省),VALIDATED_MIRROR,,,2026-09-05,LATEST_HISTORY_PROXY,PROXY,CURRENT_HISTORY_ONLY_NO_VINTAGE,false,true,true
1992-02-29,1992-02,75.4545454545455,75.4545454545455,指数2015=100(停2023-10),M,WAGE_PRIVATE_FRED,FRED(OECD转载厚劳省),VALIDATED_MIRROR,,,2026-09-05,LATEST_HISTORY_PROXY,PROXY,CURRENT_HISTORY_ONLY_NO_VINTAGE,false,true,true
1992-03-31,1992-03,83.8383838383838,83.8383838383838,指数2015=100(停2023-10),M,WAGE_PRIVATE_FRED,FRED(OECD转载厚劳省),VALIDATED_MIRROR,,,2026-09-05,LATEST_HISTORY_PROXY,PROXY,CURRENT_HISTORY_ONLY_NO_VINTAGE,false,true,true
1992-04-30,1992-04,77.6767676767677,77.6767676767677,指数2015=100(停2023-10),M,WAGE_PRIVATE_FRED,FRED(OECD转载厚劳省),VALIDATED_MIRROR,,,2026-09-05,LATEST_HISTORY_PROXY,PROXY,CURRENT_HISTORY_ONLY_NO_VINTAGE,false,true,true
1992-05-31,1992-05,77.5757575757576,77.5757575757576,指数2015=100(停2023-10),M,WAGE_PRIVATE_FRED,FRED(OECD转载厚劳省),VALIDATED_MIRROR,,,2026-09-05,LATEST_HISTORY_PROXY,PROXY,CURRENT_HISTORY_ONLY_NO_VINTAGE,false,true,true
1992-06-30,1992-06,148.989898989899,148.989898989899,指数2015=100(停2023-10),M,WAGE_PRIVATE_FRED,FRED(OECD转载厚劳省),VALIDATED_MIRROR,,,2026-09-05,LATEST_HISTORY_PROXY,PROXY,CURRENT_HISTORY_ONLY_NO_VINTAGE,false,true,true
1992-07-31,1992-07,136.666666666667,136.666666666667,指数2015=100(停2023-10),M,WAGE_PRIVATE_FRED,FRED(OECD转载厚劳省),VALIDATED_MIRROR,,,2026-09-05,LATEST_HISTORY_PROXY,PROXY,CURRENT_HISTORY_ONLY_NO_VINTAGE,false,true,true
1992-08-31,1992-08,86.6666666666667,86.6666666666667,指数2015=100(停2023-10),M,WAGE_PRIVATE_FRED,FRED(OECD转载厚劳省),VALIDATED_MIRROR,,,2026-09-05,LATEST_HISTORY_PROXY,PROXY,CURRENT_HISTORY_ONLY_NO_VINTAGE,false,true,true
1992-09-30,1992-09,77.2727272727273,77.2727272727273,指数2015=100(停2023-10),M,WAGE_PRIVATE_FRED,FRED(OECD转载厚劳省),VALIDATED_MIRROR,,,2026-09-05,LATEST_HISTORY_PROXY,PROXY,CURRENT_HISTORY_ONLY_NO_VINTAGE,false,true,true
1992-10-31,1992-10,77.3737373737374,77.3737373737374,指数2015=100(停2023-10),M,WAGE_PRIVATE_FRED,FRED(OECD转载厚劳省),VALIDATED_MIRROR,,,2026-09-05,LATEST_HISTORY_PROXY,PROXY,CURRENT_HISTORY_ONLY_NO_VINTAGE,false,true,true
1992-11-30,1992-11,80.8080808080808,80.8080808080808,指数2015=100(停2023-10),M,WAGE_PRIVATE_FRED,FRED(OECD转载厚劳省),VALIDATED_MIRROR,,,2026-09-05,LATEST_HISTORY_PROXY,PROXY,CURRENT_HISTORY_ONLY_NO_VINTAGE,false,true,true
1992-12-31,1992-12,227.171717171717,227.171717171717,指数2015=100(停2023-10),M,WAGE_PRIVATE_FRED,FRED(OECD转载厚劳省),VALIDATED_MIRROR,,,2026-09-05,LATEST_HISTORY_PROXY,PROXY,CURRENT_HISTORY_ONLY_NO_VINTAGE,false,true,true
1993-01-31,1993-01,80.8080808080808,80.8080808080808,指数2015=100(停2023-10),M,WAGE_PRIVATE_FRED,FRED(OECD转载厚劳省),VALIDATED_MIRROR,,,2026-09-05,LATEST_HISTORY_PROXY,PROXY,CURRENT_HISTORY_ONLY_NO_VINTAGE,false,true,true
1993-02-28,1993-02,77.0707070707071,77.0707070707071,指数2015=100(停2023-10),M,WAGE_PRIVATE_FRED,FRED(OECD转载厚劳省),VALIDATED_MIRROR,,,2026-09-05,LATEST_HISTORY_PROXY,PROXY,CURRENT_HISTORY_ONLY_NO_VINTAGE,false,true,true
1993-03-31,1993-03,84.7474747474748,84.7474747474748,指数2015=100(停2023-10),M,WAGE_PRIVATE_FRED,FRED(OECD转载厚劳省),VALIDATED_MIRROR,,,2026-09-05,LATEST_HISTORY_PROXY,PROXY,CURRENT_HISTORY_ONLY_NO_VINTAGE,false,true,true
1993-04-30,1993-04,79.2929292929293,79.2929292929293,指数2015=100(停2023-10),M,WAGE_PRIVATE_FRED,FRED(OECD转载厚劳省),VALIDATED_MIRROR,,,2026-09-05,LATEST_HISTORY_PROXY,PROXY,CURRENT_HISTORY_ONLY_NO_VINTAGE,false,true,true
1993-05-31,1993-05,78.8888888888889,78.8888888888889,指数2015=100(停2023-10),M,WAGE_PRIVATE_FRED,FRED(OECD转载厚劳省),VALIDATED_MIRROR,,,2026-09-05,LATEST_HISTORY_PROXY,PROXY,CURRENT_HISTORY_ONLY_NO_VINTAGE,false,true,true
1993-06-30,1993-06,149.090909090909,149.090909090909,指数2015=100(停2023-10),M,WAGE_PRIVATE_FRED,FRED(OECD转载厚劳省),VALIDATED_MIRROR,,,2026-09-05,LATEST_HISTORY_PROXY,PROXY,CURRENT_HISTORY_ONLY_NO_VINTAGE,false,true,true
1993-07-31,1993-07,135.757575757576,135.757575757576,指数2015=100(停2023-10),M,WAGE_PRIVATE_FRED,FRED(OECD转载厚劳省),VALIDATED_MIRROR,,,2026-09-05,LATEST_HISTORY_PROXY,PROXY,CURRENT_HISTORY_ONLY_NO_VINTAGE,false,true,true
1993-08-31,1993-08,88.2828282828283,88.2828282828283,指数2015=100(停2023-10),M,WAGE_PRIVATE_FRED,FRED(OECD转载厚劳省),VALIDATED_MIRROR,,,2026-09-05,LATEST_HISTORY_PROXY,PROXY,CURRENT_HISTORY_ONLY_NO_VINTAGE,false,true,true
1993-09-30,1993-09,78.4848484848485,78.4848484848485,指数2015=100(停2023-10),M,WAGE_PRIVATE_FRED,FRED(OECD转载厚劳省),VALIDATED_MIRROR,,,2026-09-05,LATEST_HISTORY_PROXY,PROXY,CURRENT_HISTORY_ONLY_NO_VINTAGE,false,true,true
1993-10-31,1993-10,78.4848484848485,78.4848484848485,指数2015=100(停2023-10),M,WAGE_PRIVATE_FRED,FRED(OECD转载厚劳省),VALIDATED_MIRROR,,,2026-09-05,LATEST_HISTORY_PROXY,PROXY,CURRENT_HISTORY_ONLY_NO_VINTAGE,false,true,true
1993-11-30,1993-11,83.2323232323232,83.2323232323232,指数2015=100(停2023-10),M,WAGE_PRIVATE_FRED,FRED(OECD转载厚劳省),VALIDATED_MIRROR,,,2026-09-05,LATEST_HISTORY_PROXY,PROXY,CURRENT_HISTORY_ONLY_NO_VINTAGE,false,true,true
1993-12-31,1993-12,224.040404040404,224.040404040404,指数2015=100(停2023-10),M,WAGE_PRIVATE_FRED,FRED(OECD转载厚劳省),VALIDATED_MIRROR,,,2026-09-05,LATEST_HISTORY_PROXY,PROXY,CURRENT_HISTORY_ONLY_NO_VINTAGE,false,true,true
1994-01-31,1994-01,84.8484848484848,84.8484848484848,指数2015=100(停2023-10),M,WAGE_PRIVATE_FRED,FRED(OECD转载厚劳省),VALIDATED_MIRROR,,,2026-09-05,LATEST_HISTORY_PROXY,PROXY,CURRENT_HISTORY_ONLY_NO_VINTAGE,false,true,true
1994-02-28,1994-02,78.0808080808081,78.0808080808081,指数2015=100(停2023-10),M,WAGE_PRIVATE_FRED,FRED(OECD转载厚劳省),VALIDATED_MIRROR,,,2026-09-05,LATEST_HISTORY_PROXY,PROXY,CURRENT_HISTORY_ONLY_NO_VINTAGE,false,true,true
1994-03-31,1994-03,85.5555555555556,85.5555555555556,指数2015=100(停2023-10),M,WAGE_PRIVATE_FRED,FRED(OECD转载厚劳省),VALIDATED_MIRROR,,,2026-09-05,LATEST_HISTORY_PROXY,PROXY,CURRENT_HISTORY_ONLY_NO_VINTAGE,false,true,true
1994-04-30,1994-04,80.8080808080808,80.8080808080808,指数2015=100(停2023-10),M,WAGE_PRIVATE_FRED,FRED(OECD转载厚劳省),VALIDATED_MIRROR,,,2026-09-05,LATEST_HISTORY_PROXY,PROXY,CURRENT_HISTORY_ONLY_NO_VINTAGE,false,true,true
1994-05-31,1994-05,80.1010101010101,80.1010101010101,指数2015=100(停2023-10),M,WAGE_PRIVATE_FRED,FRED(OECD转载厚劳省),VALIDATED_MIRROR,,,2026-09-05,LATEST_HISTORY_PROXY,PROXY,CURRENT_HISTORY_ONLY_NO_VINTAGE,false,true,true
1994-06-30,1994-06,160.909090909091,160.909090909091,指数2015=100(停2023-10),M,WAGE_PRIVATE_FRED,FRED(OECD转载厚劳省),VALIDATED_MIRROR,,,2026-09-05,LATEST_HISTORY_PROXY,PROXY,CURRENT_HISTORY_ONLY_NO_VINTAGE,false,true,true
1994-07-31,1994-07,130.606060606061,130.606060606061,指数2015=100(停2023-10),M,WAGE_PRIVATE_FRED,FRED(OECD转载厚劳省),VALIDATED_MIRROR,,,2026-09-05,LATEST_HISTORY_PROXY,PROXY,CURRENT_HISTORY_ONLY_NO_VINTAGE,false,true,true
1994-08-31,1994-08,87.2727272727273,87.2727272727273,指数2015=100(停2023-10),M,WAGE_PRIVATE_FRED,FRED(OECD转载厚劳省),VALIDATED_MIRROR,,,2026-09-05,LATEST_HISTORY_PROXY,PROXY,CURRENT_HISTORY_ONLY_NO_VINTAGE,false,true,true
1994-09-30,1994-09,80.1010101010101,80.1010101010101,指数2015=100(停2023-10),M,WAGE_PRIVATE_FRED,FRED(OECD转载厚劳省),VALIDATED_MIRROR,,,2026-09-05,LATEST_HISTORY_PROXY,PROXY,CURRENT_HISTORY_ONLY_NO_VINTAGE,false,true,true
1994-10-31,1994-10,80.5050505050505,80.5050505050505,指数2015=100(停2023-10),M,WAGE_PRIVATE_FRED,FRED(OECD转载厚劳省),VALIDATED_MIRROR,,,2026-09-05,LATEST_HISTORY_PROXY,PROXY,CURRENT_HISTORY_ONLY_NO_VINTAGE,false,true,true
1994-11-30,1994-11,84.949494949495,84.949494949495,指数2015=100(停2023-10),M,WAGE_PRIVATE_FRED,FRED(OECD转载厚劳省),VALIDATED_MIRROR,,,2026-09-05,LATEST_HISTORY_PROXY,PROXY,CURRENT_HISTORY_ONLY_NO_VINTAGE,false,true,true
1994-12-31,1994-12,226.363636363636,226.363636363636,指数2015=100(停2023-10),M,WAGE_PRIVATE_FRED,FRED(OECD转载厚劳省),VALIDATED_MIRROR,,,2026-09-05,LATEST_HISTORY_PROXY,PROXY,CURRENT_HISTORY_ONLY_NO_VINTAGE,false,true,true
1995-01-31,1995-01,86.8686868686869,86.8686868686869,指数2015=100(停2023-10),M,WAGE_PRIVATE_FRED,FRED(OECD转载厚劳省),VALIDATED_MIRROR,,,2026-09-05,LATEST_HISTORY_PROXY,PROXY,CURRENT_HISTORY_ONLY_NO_VINTAGE,false,true,true
1995-02-28,1995-02,80.1010101010101,80.1010101010101,指数2015=100(停2023-10),M,WAGE_PRIVATE_FRED,FRED(OECD转载厚劳省),VALIDATED_MIRROR,,,2026-09-05,LATEST_HISTORY_PROXY,PROXY,CURRENT_HISTORY_ONLY_NO_VINTAGE,false,true,true
1995-03-31,1995-03,87.7777777777778,87.7777777777778,指数2015=100(停2023-10),M,WAGE_PRIVATE_FRED,FRED(OECD转载厚劳省),VALIDATED_MIRROR,,,2026-09-05,LATEST_HISTORY_PROXY,PROXY,CURRENT_HISTORY_ONLY_NO_VINTAGE,false,true,true
1995-04-30,1995-04,82.9292929292929,82.9292929292929,指数2015=100(停2023-10),M,WAGE_PRIVATE_FRED,FRED(OECD转载厚劳省),VALIDATED_MIRROR,,,2026-09-05,LATEST_HISTORY_PROXY,PROXY,CURRENT_HISTORY_ONLY_NO_VINTAGE,false,true,true
1995-05-31,1995-05,81.8181818181818,81.8181818181818,指数2015=100(停2023-10),M,WAGE_PRIVATE_FRED,FRED(OECD转载厚劳省),VALIDATED_MIRROR,,,2026-09-05,LATEST_HISTORY_PROXY,PROXY,CURRENT_HISTORY_ONLY_NO_VINTAGE,false,true,true
1995-06-30,1995-06,160.808080808081,160.808080808081,指数2015=100(停2023-10),M,WAGE_PRIVATE_FRED,FRED(OECD转载厚劳省),VALIDATED_MIRROR,,,2026-09-05,LATEST_HISTORY_PROXY,PROXY,CURRENT_HISTORY_ONLY_NO_VINTAGE,false,true,true
1995-07-31,1995-07,135.656565656566,135.656565656566,指数2015=100(停2023-10),M,WAGE_PRIVATE_FRED,FRED(OECD转载厚劳省),VALIDATED_MIRROR,,,2026-09-05,LATEST_HISTORY_PROXY,PROXY,CURRENT_HISTORY_ONLY_NO_VINTAGE,false,true,true
1995-08-31,1995-08,88.1818181818182,88.1818181818182,指数2015=100(停2023-10),M,WAGE_PRIVATE_FRED,FRED(OECD转载厚劳省),VALIDATED_MIRROR,,,2026-09-05,LATEST_HISTORY_PROXY,PROXY,CURRENT_HISTORY_ONLY_NO_VINTAGE,false,true,true
1995-09-30,1995-09,82.020202020202,82.020202020202,指数2015=100(停2023-10),M,WAGE_PRIVATE_FRED,FRED(OECD转载厚劳省),VALIDATED_MIRROR,,,2026-09-05,LATEST_HISTORY_PROXY,PROXY,CURRENT_HISTORY_ONLY_NO_VINTAGE,false,true,true
1995-10-31,1995-10,81.9191919191919,81.9191919191919,指数2015=100(停2023-10),M,WAGE_PRIVATE_FRED,FRED(OECD转载厚劳省),VALIDATED_MIRROR,,,2026-09-05,LATEST_HISTORY_PROXY,PROXY,CURRENT_HISTORY_ONLY_NO_VINTAGE,false,true,true
1995-11-30,1995-11,86.0606060606061,86.0606060606061,指数2015=100(停2023-10),M,WAGE_PRIVATE_FRED,FRED(OECD转载厚劳省),VALIDATED_MIRROR,,,2026-09-05,LATEST_HISTORY_PROXY,PROXY,CURRENT_HISTORY_ONLY_NO_VINTAGE,false,true,true
1995-12-31,1995-12,228.888888888889,228.888888888889,指数2015=100(停2023-10),M,WAGE_PRIVATE_FRED,FRED(OECD转载厚劳省),VALIDATED_MIRROR,,,2026-09-05,LATEST_HISTORY_PROXY,PROXY,CURRENT_HISTORY_ONLY_NO_VINTAGE,false,true,true
1996-01-31,1996-01,86.3636363636364,86.3636363636364,指数2015=100(停2023-10),M,WAGE_PRIVATE_FRED,FRED(OECD转载厚劳省),VALIDATED_MIRROR,,,2026-09-05,LATEST_HISTORY_PROXY,PROXY,CURRENT_HISTORY_ONLY_NO_VINTAGE,false,true,true
1996-02-29,1996-02,82.020202020202,82.020202020202,指数2015=100(停2023-10),M,WAGE_PRIVATE_FRED,FRED(OECD转载厚劳省),VALIDATED_MIRROR,,,2026-09-05,LATEST_HISTORY_PROXY,PROXY,CURRENT_HISTORY_ONLY_NO_VINTAGE,false,true,true
1996-03-31,1996-03,89.4949494949495,89.4949494949495,指数2015=100(停2023-10),M,WAGE_PRIVATE_FRED,FRED(OECD转载厚劳省),VALIDATED_MIRROR,,,2026-09-05,LATEST_HISTORY_PROXY,PROXY,CURRENT_HISTORY_ONLY_NO_VINTAGE,false,true,true
1996-04-30,1996-04,84.2424242424243,84.2424242424243,指数2015=100(停2023-10),M,WAGE_PRIVATE_FRED,FRED(OECD转载厚劳省),VALIDATED_MIRROR,,,2026-09-05,LATEST_HISTORY_PROXY,PROXY,CURRENT_HISTORY_ONLY_NO_VINTAGE,false,true,true
1996-05-31,1996-05,83.6363636363636,83.6363636363636,指数2015=100(停2023-10),M,WAGE_PRIVATE_FRED,FRED(OECD转载厚劳省),VALIDATED_MIRROR,,,2026-09-05,LATEST_HISTORY_PROXY,PROXY,CURRENT_HISTORY_ONLY_NO_VINTAGE,false,true,true
1996-06-30,1996-06,162.121212121212,162.121212121212,指数2015=100(停2023-10),M,WAGE_PRIVATE_FRED,FRED(OECD转载厚劳省),VALIDATED_MIRROR,,,2026-09-05,LATEST_HISTORY_PROXY,PROXY,CURRENT_HISTORY_ONLY_NO_VINTAGE,false,true,true
1996-07-31,1996-07,137.272727272727,137.272727272727,指数2015=100(停2023-10),M,WAGE_PRIVATE_FRED,FRED(OECD转载厚劳省),VALIDATED_MIRROR,,,2026-09-05,LATEST_HISTORY_PROXY,PROXY,CURRENT_HISTORY_ONLY_NO_VINTAGE,false,true,true
1996-08-31,1996-08,93.1313131313131,93.1313131313131,指数2015=100(停2023-10),M,WAGE_PRIVATE_FRED,FRED(OECD转载厚劳省),VALIDATED_MIRROR,,,2026-09-05,LATEST_HISTORY_PROXY,PROXY,CURRENT_HISTORY_ONLY_NO_VINTAGE,false,true,true
1996-09-30,1996-09,83.2323232323232,83.2323232323232,指数2015=100(停2023-10),M,WAGE_PRIVATE_FRED,FRED(OECD转载厚劳省),VALIDATED_MIRROR,,,2026-09-05,LATEST_HISTORY_PROXY,PROXY,CURRENT_HISTORY_ONLY_NO_VINTAGE,false,true,true
1996-10-31,1996-10,83.7373737373738,83.7373737373738,指数2015=100(停2023-10),M,WAGE_PRIVATE_FRED,FRED(OECD转载厚劳省),VALIDATED_MIRROR,,,2026-09-05,LATEST_HISTORY_PROXY,PROXY,CURRENT_HISTORY_ONLY_NO_VINTAGE,false,true,true
1996-11-30,1996-11,88.6868686868687,88.6868686868687,指数2015=100(停2023-10),M,WAGE_PRIVATE_FRED,FRED(OECD转载厚劳省),VALIDATED_MIRROR,,,2026-09-05,LATEST_HISTORY_PROXY,PROXY,CURRENT_HISTORY_ONLY_NO_VINTAGE,false,true,true
1996-12-31,1996-12,229.89898989899,229.89898989899,指数2015=100(停2023-10),M,WAGE_PRIVATE_FRED,FRED(OECD转载厚劳省),VALIDATED_MIRROR,,,2026-09-05,LATEST_HISTORY_PROXY,PROXY,CURRENT_HISTORY_ONLY_NO_VINTAGE,false,true,true
1997-01-31,1997-01,94.040404040404,94.040404040404,指数2015=100(停2023-10),M,WAGE_PRIVATE_FRED,FRED(OECD转载厚劳省),VALIDATED_MIRROR,,,2026-09-05,LATEST_HISTORY_PROXY,PROXY,CURRENT_HISTORY_ONLY_NO_VINTAGE,false,true,true
1997-02-28,1997-02,83.7373737373738,83.7373737373738,指数2015=100(停2023-10),M,WAGE_PRIVATE_FRED,FRED(OECD转载厚劳省),VALIDATED_MIRROR,,,2026-09-05,LATEST_HISTORY_PROXY,PROXY,CURRENT_HISTORY_ONLY_NO_VINTAGE,false,true,true
1997-03-31,1997-03,91.1111111111111,91.1111111111111,指数2015=100(停2023-10),M,WAGE_PRIVATE_FRED,FRED(OECD转载厚劳省),VALIDATED_MIRROR,,,2026-09-05,LATEST_HISTORY_PROXY,PROXY,CURRENT_HISTORY_ONLY_NO_VINTAGE,false,true,true
1997-04-30,1997-04,86.0606060606061,86.0606060606061,指数2015=100(停2023-10),M,WAGE_PRIVATE_FRED,FRED(OECD转载厚劳省),VALIDATED_MIRROR,,,2026-09-05,LATEST_HISTORY_PROXY,PROXY,CURRENT_HISTORY_ONLY_NO_VINTAGE,false,true,true
1997-05-31,1997-05,85.1515151515152,85.1515151515152,指数2015=100(停2023-10),M,WAGE_PRIVATE_FRED,FRED(OECD转载厚劳省),VALIDATED_MIRROR,,,2026-09-05,LATEST_HISTORY_PROXY,PROXY,CURRENT_HISTORY_ONLY_NO_VINTAGE,false,true,true
1997-06-30,1997-06,164.343434343434,164.343434343434,指数2015=100(停2023-10),M,WAGE_PRIVATE_FRED,FRED(OECD转载厚劳省),VALIDATED_MIRROR,,,2026-09-05,LATEST_HISTORY_PROXY,PROXY,CURRENT_HISTORY_ONLY_NO_VINTAGE,false,true,true
1997-07-31,1997-07,140.20202020202,140.20202020202,指数2015=100(停2023-10),M,WAGE_PRIVATE_FRED,FRED(OECD转载厚劳省),VALIDATED_MIRROR,,,2026-09-05,LATEST_HISTORY_PROXY,PROXY,CURRENT_HISTORY_ONLY_NO_VINTAGE,false,true,true
1997-08-31,1997-08,94.040404040404,94.040404040404,指数2015=100(停2023-10),M,WAGE_PRIVATE_FRED,FRED(OECD转载厚劳省),VALIDATED_MIRROR,,,2026-09-05,LATEST_HISTORY_PROXY,PROXY,CURRENT_HISTORY_ONLY_NO_VINTAGE,false,true,true
1997-09-30,1997-09,84.1414141414141,84.1414141414141,指数2015=100(停2023-10),M,WAGE_PRIVATE_FRED,FRED(OECD转载厚劳省),VALIDATED_MIRROR,,,2026-09-05,LATEST_HISTORY_PROXY,PROXY,CURRENT_HISTORY_ONLY_NO_VINTAGE,false,true,true
1997-10-31,1997-10,84.7474747474748,84.7474747474748,指数2015=100(停2023-10),M,WAGE_PRIVATE_FRED,FRED(OECD转载厚劳省),VALIDATED_MIRROR,,,2026-09-05,LATEST_HISTORY_PROXY,PROXY,CURRENT_HISTORY_ONLY_NO_VINTAGE,false,true,true
1997-11-30,1997-11,88.6868686868687,88.6868686868687,指数2015=100(停2023-10),M,WAGE_PRIVATE_FRED,FRED(OECD转载厚劳省),VALIDATED_MIRROR,,,2026-09-05,LATEST_HISTORY_PROXY,PROXY,CURRENT_HISTORY_ONLY_NO_VINTAGE,false,true,true
1997-12-31,1997-12,232.323232323232,232.323232323232,指数2015=100(停2023-10),M,WAGE_PRIVATE_FRED,FRED(OECD转载厚劳省),VALIDATED_MIRROR,,,2026-09-05,LATEST_HISTORY_PROXY,PROXY,CURRENT_HISTORY_ONLY_NO_VINTAGE,false,true,true
1998-01-31,1998-01,93.5353535353535,93.5353535353535,指数2015=100(停2023-10),M,WAGE_PRIVATE_FRED,FRED(OECD转载厚劳省),VALIDATED_MIRROR,,,2026-09-05,LATEST_HISTORY_PROXY,PROXY,CURRENT_HISTORY_ONLY_NO_VINTAGE,false,true,true
1998-02-28,1998-02,83.7373737373738,83.7373737373738,指数2015=100(停2023-10),M,WAGE_PRIVATE_FRED,FRED(OECD转载厚劳省),VALIDATED_MIRROR,,,2026-09-05,LATEST_HISTORY_PROXY,PROXY,CURRENT_HISTORY_ONLY_NO_VINTAGE,false,true,true
1998-03-31,1998-03,91.6161616161616,91.6161616161616,指数2015=100(停2023-10),M,WAGE_PRIVATE_FRED,FRED(OECD转载厚劳省),VALIDATED_MIRROR,,,2026-09-05,LATEST_HISTORY_PROXY,PROXY,CURRENT_HISTORY_ONLY_NO_VINTAGE,false,true,true
1998-04-30,1998-04,85.5555555555556,85.5555555555556,指数2015=100(停2023-10),M,WAGE_PRIVATE_FRED,FRED(OECD转载厚劳省),VALIDATED_MIRROR,,,2026-09-05,LATEST_HISTORY_PROXY,PROXY,CURRENT_HISTORY_ONLY_NO_VINTAGE,false,true,true
1998-05-31,1998-05,84.2424242424243,84.2424242424243,指数2015=100(停2023-10),M,WAGE_PRIVATE_FRED,FRED(OECD转载厚劳省),VALIDATED_MIRROR,,,2026-09-05,LATEST_HISTORY_PROXY,PROXY,CURRENT_HISTORY_ONLY_NO_VINTAGE,false,true,true
1998-06-30,1998-06,163.434343434343,163.434343434343,指数2015=100(停2023-10),M,WAGE_PRIVATE_FRED,FRED(OECD转载厚劳省),VALIDATED_MIRROR,,,2026-09-05,LATEST_HISTORY_PROXY,PROXY,CURRENT_HISTORY_ONLY_NO_VINTAGE,false,true,true
1998-07-31,1998-07,136.767676767677,136.767676767677,指数2015=100(停2023-10),M,WAGE_PRIVATE_FRED,FRED(OECD转载厚劳省),VALIDATED_MIRROR,,,2026-09-05,LATEST_HISTORY_PROXY,PROXY,CURRENT_HISTORY_ONLY_NO_VINTAGE,false,true,true
1998-08-31,1998-08,91.7171717171717,91.7171717171717,指数2015=100(停2023-10),M,WAGE_PRIVATE_FRED,FRED(OECD转载厚劳省),VALIDATED_MIRROR,,,2026-09-05,LATEST_HISTORY_PROXY,PROXY,CURRENT_HISTORY_ONLY_NO_VINTAGE,false,true,true
1998-09-30,1998-09,83.939393939394,83.939393939394,指数2015=100(停2023-10),M,WAGE_PRIVATE_FRED,FRED(OECD转载厚劳省),VALIDATED_MIRROR,,,2026-09-05,LATEST_HISTORY_PROXY,PROXY,CURRENT_HISTORY_ONLY_NO_VINTAGE,false,true,true
1998-10-31,1998-10,84.949494949495,84.949494949495,指数2015=100(停2023-10),M,WAGE_PRIVATE_FRED,FRED(OECD转载厚劳省),VALIDATED_MIRROR,,,2026-09-05,LATEST_HISTORY_PROXY,PROXY,CURRENT_HISTORY_ONLY_NO_VINTAGE,false,true,true
1998-11-30,1998-11,88.989898989899,88.989898989899,指数2015=100(停2023-10),M,WAGE_PRIVATE_FRED,FRED(OECD转载厚劳省),VALIDATED_MIRROR,,,2026-09-05,LATEST_HISTORY_PROXY,PROXY,CURRENT_HISTORY_ONLY_NO_VINTAGE,false,true,true
1998-12-31,1998-12,223.131313131313,223.131313131313,指数2015=100(停2023-10),M,WAGE_PRIVATE_FRED,FRED(OECD转载厚劳省),VALIDATED_MIRROR,,,2026-09-05,LATEST_HISTORY_PROXY,PROXY,CURRENT_HISTORY_ONLY_NO_VINTAGE,false,true,true
1999-01-31,1999-01,89.1919191919192,89.1919191919192,指数2015=100(停2023-10),M,WAGE_PRIVATE_FRED,FRED(OECD转载厚劳省),VALIDATED_MIRROR,,,2026-09-05,LATEST_HISTORY_PROXY,PROXY,CURRENT_HISTORY_ONLY_NO_VINTAGE,false,true,true
1999-02-28,1999-02,83.6363636363636,83.6363636363636,指数2015=100(停2023-10),M,WAGE_PRIVATE_FRED,FRED(OECD转载厚劳省),VALIDATED_MIRROR,,,2026-09-05,LATEST_HISTORY_PROXY,PROXY,CURRENT_HISTORY_ONLY_NO_VINTAGE,false,true,true
1999-03-31,1999-03,91.8181818181818,91.8181818181818,指数2015=100(停2023-10),M,WAGE_PRIVATE_FRED,FRED(OECD转载厚劳省),VALIDATED_MIRROR,,,2026-09-05,LATEST_HISTORY_PROXY,PROXY,CURRENT_HISTORY_ONLY_NO_VINTAGE,false,true,true
1999-04-30,1999-04,85.8585858585859,85.8585858585859,指数2015=100(停2023-10),M,WAGE_PRIVATE_FRED,FRED(OECD转载厚劳省),VALIDATED_MIRROR,,,2026-09-05,LATEST_HISTORY_PROXY,PROXY,CURRENT_HISTORY_ONLY_NO_VINTAGE,false,true,true
1999-05-31,1999-05,84.6464646464646,84.6464646464646,指数2015=100(停2023-10),M,WAGE_PRIVATE_FRED,FRED(OECD转载厚劳省),VALIDATED_MIRROR,,,2026-09-05,LATEST_HISTORY_PROXY,PROXY,CURRENT_HISTORY_ONLY_NO_VINTAGE,false,true,true
1999-06-30,1999-06,156.666666666667,156.666666666667,指数2015=100(停2023-10),M,WAGE_PRIVATE_FRED,FRED(OECD转载厚劳省),VALIDATED_MIRROR,,,2026-09-05,LATEST_HISTORY_PROXY,PROXY,CURRENT_HISTORY_ONLY_NO_VINTAGE,false,true,true
1999-07-31,1999-07,134.141414141414,134.141414141414,指数2015=100(停2023-10),M,WAGE_PRIVATE_FRED,FRED(OECD转载厚劳省),VALIDATED_MIRROR,,,2026-09-05,LATEST_HISTORY_PROXY,PROXY,CURRENT_HISTORY_ONLY_NO_VINTAGE,false,true,true
1999-08-31,1999-08,91.7171717171717,91.7171717171717,指数2015=100(停2023-10),M,WAGE_PRIVATE_FRED,FRED(OECD转载厚劳省),VALIDATED_MIRROR,,,2026-09-05,LATEST_HISTORY_PROXY,PROXY,CURRENT_HISTORY_ONLY_NO_VINTAGE,false,true,true
1999-09-30,1999-09,84.5454545454546,84.5454545454546,指数2015=100(停2023-10),M,WAGE_PRIVATE_FRED,FRED(OECD转载厚劳省),VALIDATED_MIRROR,,,2026-09-05,LATEST_HISTORY_PROXY,PROXY,CURRENT_HISTORY_ONLY_NO_VINTAGE,false,true,true
1999-10-31,1999-10,85.0505050505051,85.0505050505051,指数2015=100(停2023-10),M,WAGE_PRIVATE_FRED,FRED(OECD转载厚劳省),VALIDATED_MIRROR,,,2026-09-05,LATEST_HISTORY_PROXY,PROXY,CURRENT_HISTORY_ONLY_NO_VINTAGE,false,true,true
1999-11-30,1999-11,88.8888888888889,88.8888888888889,指数2015=100(停2023-10),M,WAGE_PRIVATE_FRED,FRED(OECD转载厚劳省),VALIDATED_MIRROR,,,2026-09-05,LATEST_HISTORY_PROXY,PROXY,CURRENT_HISTORY_ONLY_NO_VINTAGE,false,true,true
1999-12-31,1999-12,217.272727272727,217.272727272727,指数2015=100(停2023-10),M,WAGE_PRIVATE_FRED,FRED(OECD转载厚劳省),VALIDATED_MIRROR,,,2026-09-05,LATEST_HISTORY_PROXY,PROXY,CURRENT_HISTORY_ONLY_NO_VINTAGE,false,true,true
2000-01-31,2000-01,90.1010101010101,90.1010101010101,指数2015=100(停2023-10),M,WAGE_PRIVATE_FRED,FRED(OECD转载厚劳省),VALIDATED_MIRROR,,,2026-09-05,LATEST_HISTORY_PROXY,PROXY,CURRENT_HISTORY_ONLY_NO_VINTAGE,false,true,true
2000-02-29,2000-02,84.0404040404041,84.0404040404041,指数2015=100(停2023-10),M,WAGE_PRIVATE_FRED,FRED(OECD转载厚劳省),VALIDATED_MIRROR,,,2026-09-05,LATEST_HISTORY_PROXY,PROXY,CURRENT_HISTORY_ONLY_NO_VINTAGE,false,true,true
2000-03-31,2000-03,90.8080808080808,90.8080808080808,指数2015=100(停2023-10),M,WAGE_PRIVATE_FRED,FRED(OECD转载厚劳省),VALIDATED_MIRROR,,,2026-09-05,LATEST_HISTORY_PROXY,PROXY,CURRENT_HISTORY_ONLY_NO_VINTAGE,false,true,true
2000-04-30,2000-04,86.0606060606061,86.0606060606061,指数2015=100(停2023-10),M,WAGE_PRIVATE_FRED,FRED(OECD转载厚劳省),VALIDATED_MIRROR,,,2026-09-05,LATEST_HISTORY_PROXY,PROXY,CURRENT_HISTORY_ONLY_NO_VINTAGE,false,true,true
2000-05-31,2000-05,84.6464646464646,84.6464646464646,指数2015=100(停2023-10),M,WAGE_PRIVATE_FRED,FRED(OECD转载厚劳省),VALIDATED_MIRROR,,,2026-09-05,LATEST_HISTORY_PROXY,PROXY,CURRENT_HISTORY_ONLY_NO_VINTAGE,false,true,true
2000-06-30,2000-06,159.191919191919,159.191919191919,指数2015=100(停2023-10),M,WAGE_PRIVATE_FRED,FRED(OECD转载厚劳省),VALIDATED_MIRROR,,,2026-09-05,LATEST_HISTORY_PROXY,PROXY,CURRENT_HISTORY_ONLY_NO_VINTAGE,false,true,true
2000-07-31,2000-07,131.919191919192,131.919191919192,指数2015=100(停2023-10),M,WAGE_PRIVATE_FRED,FRED(OECD转载厚劳省),VALIDATED_MIRROR,,,2026-09-05,LATEST_HISTORY_PROXY,PROXY,CURRENT_HISTORY_ONLY_NO_VINTAGE,false,true,true
2000-08-31,2000-08,92.020202020202,92.020202020202,指数2015=100(停2023-10),M,WAGE_PRIVATE_FRED,FRED(OECD转载厚劳省),VALIDATED_MIRROR,,,2026-09-05,LATEST_HISTORY_PROXY,PROXY,CURRENT_HISTORY_ONLY_NO_VINTAGE,false,true,true
2000-09-30,2000-09,84.5454545454546,84.5454545454546,指数2015=100(停2023-10),M,WAGE_PRIVATE_FRED,FRED(OECD转载厚劳省),VALIDATED_MIRROR,,,2026-09-05,LATEST_HISTORY_PROXY,PROXY,CURRENT_HISTORY_ONLY_NO_VINTAGE,false,true,true
2000-10-31,2000-10,85.0505050505051,85.0505050505051,指数2015=100(停2023-10),M,WAGE_PRIVATE_FRED,FRED(OECD转载厚劳省),VALIDATED_MIRROR,,,2026-09-05,LATEST_HISTORY_PROXY,PROXY,CURRENT_HISTORY_ONLY_NO_VINTAGE,false,true,true
2000-11-30,2000-11,88.4848484848485,88.4848484848485,指数2015=100(停2023-10),M,WAGE_PRIVATE_FRED,FRED(OECD转载厚劳省),VALIDATED_MIRROR,,,2026-09-05,LATEST_HISTORY_PROXY,PROXY,CURRENT_HISTORY_ONLY_NO_VINTAGE,false,true,true
2000-12-31,2000-12,213.232323232323,213.232323232323,指数2015=100(停2023-10),M,WAGE_PRIVATE_FRED,FRED(OECD转载厚劳省),VALIDATED_MIRROR,,,2026-09-05,LATEST_HISTORY_PROXY,PROXY,CURRENT_HISTORY_ONLY_NO_VINTAGE,false,true,true
2001-01-31,2001-01,91.9191919191919,91.9191919191919,指数2015=100(停2023-10),M,WAGE_PRIVATE_FRED,FRED(OECD转载厚劳省),VALIDATED_MIRROR,,,2026-09-05,LATEST_HISTORY_PROXY,PROXY,CURRENT_HISTORY_ONLY_NO_VINTAGE,false,true,true
2001-02-28,2001-02,83.4343434343434,83.4343434343434,指数2015=100(停2023-10),M,WAGE_PRIVATE_FRED,FRED(OECD转载厚劳省),VALIDATED_MIRROR,,,2026-09-05,LATEST_HISTORY_PROXY,PROXY,CURRENT_HISTORY_ONLY_NO_VINTAGE,false,true,true
2001-03-31,2001-03,90.0,90.0,指数2015=100(停2023-10),M,WAGE_PRIVATE_FRED,FRED(OECD转载厚劳省),VALIDATED_MIRROR,,,2026-09-05,LATEST_HISTORY_PROXY,PROXY,CURRENT_HISTORY_ONLY_NO_VINTAGE,false,true,true
2001-04-30,2001-04,85.6565656565656,85.6565656565656,指数2015=100(停2023-10),M,WAGE_PRIVATE_FRED,FRED(OECD转载厚劳省),VALIDATED_MIRROR,,,2026-09-05,LATEST_HISTORY_PROXY,PROXY,CURRENT_HISTORY_ONLY_NO_VINTAGE,false,true,true
2001-05-31,2001-05,84.5454545454546,84.5454545454546,指数2015=100(停2023-10),M,WAGE_PRIVATE_FRED,FRED(OECD转载厚劳省),VALIDATED_MIRROR,,,2026-09-05,LATEST_HISTORY_PROXY,PROXY,CURRENT_HISTORY_ONLY_NO_VINTAGE,false,true,true
2001-06-30,2001-06,157.373737373737,157.373737373737,指数2015=100(停2023-10),M,WAGE_PRIVATE_FRED,FRED(OECD转载厚劳省),VALIDATED_MIRROR,,,2026-09-05,LATEST_HISTORY_PROXY,PROXY,CURRENT_HISTORY_ONLY_NO_VINTAGE,false,true,true
2001-07-31,2001-07,132.222222222222,132.222222222222,指数2015=100(停2023-10),M,WAGE_PRIVATE_FRED,FRED(OECD转载厚劳省),VALIDATED_MIRROR,,,2026-09-05,LATEST_HISTORY_PROXY,PROXY,CURRENT_HISTORY_ONLY_NO_VINTAGE,false,true,true
2001-08-31,2001-08,90.8080808080808,90.8080808080808,指数2015=100(停2023-10),M,WAGE_PRIVATE_FRED,FRED(OECD转载厚劳省),VALIDATED_MIRROR,,,2026-09-05,LATEST_HISTORY_PROXY,PROXY,CURRENT_HISTORY_ONLY_NO_VINTAGE,false,true,true
2001-09-30,2001-09,83.3333333333334,83.3333333333334,指数2015=100(停2023-10),M,WAGE_PRIVATE_FRED,FRED(OECD转载厚劳省),VALIDATED_MIRROR,,,2026-09-05,LATEST_HISTORY_PROXY,PROXY,CURRENT_HISTORY_ONLY_NO_VINTAGE,false,true,true
2001-10-31,2001-10,84.1414141414141,84.1414141414141,指数2015=100(停2023-10),M,WAGE_PRIVATE_FRED,FRED(OECD转载厚劳省),VALIDATED_MIRROR,,,2026-09-05,LATEST_HISTORY_PROXY,PROXY,CURRENT_HISTORY_ONLY_NO_VINTAGE,false,true,true
2001-11-30,2001-11,88.0808080808081,88.0808080808081,指数2015=100(停2023-10),M,WAGE_PRIVATE_FRED,FRED(OECD转载厚劳省),VALIDATED_MIRROR,,,2026-09-05,LATEST_HISTORY_PROXY,PROXY,CURRENT_HISTORY_ONLY_NO_VINTAGE,false,true,true
2001-12-31,2001-12,206.363636363636,206.363636363636,指数2015=100(停2023-10),M,WAGE_PRIVATE_FRED,FRED(OECD转载厚劳省),VALIDATED_MIRROR,,,2026-09-05,LATEST_HISTORY_PROXY,PROXY,CURRENT_HISTORY_ONLY_NO_VINTAGE,false,true,true
2002-01-31,2002-01,87.3737373737374,87.3737373737374,指数2015=100(停2023-10),M,WAGE_PRIVATE_FRED,FRED(OECD转载厚劳省),VALIDATED_MIRROR,,,2026-09-05,LATEST_HISTORY_PROXY,PROXY,CURRENT_HISTORY_ONLY_NO_VINTAGE,false,true,true
2002-02-28,2002-02,82.020202020202,82.020202020202,指数2015=100(停2023-10),M,WAGE_PRIVATE_FRED,FRED(OECD转载厚劳省),VALIDATED_MIRROR,,,2026-09-05,LATEST_HISTORY_PROXY,PROXY,CURRENT_HISTORY_ONLY_NO_VINTAGE,false,true,true
2002-03-31,2002-03,89.3939393939394,89.3939393939394,指数2015=100(停2023-10),M,WAGE_PRIVATE_FRED,FRED(OECD转载厚劳省),VALIDATED_MIRROR,,,2026-09-05,LATEST_HISTORY_PROXY,PROXY,CURRENT_HISTORY_ONLY_NO_VINTAGE,false,true,true
2002-04-30,2002-04,84.3434343434344,84.3434343434344,指数2015=100(停2023-10),M,WAGE_PRIVATE_FRED,FRED(OECD转载厚劳省),VALIDATED_MIRROR,,,2026-09-05,LATEST_HISTORY_PROXY,PROXY,CURRENT_HISTORY_ONLY_NO_VINTAGE,false,true,true
2002-05-31,2002-05,82.4242424242424,82.4242424242424,指数2015=100(停2023-10),M,WAGE_PRIVATE_FRED,FRED(OECD转载厚劳省),VALIDATED_MIRROR,,,2026-09-05,LATEST_HISTORY_PROXY,PROXY,CURRENT_HISTORY_ONLY_NO_VINTAGE,false,true,true
2002-06-30,2002-06,152.525252525253,152.525252525253,指数2015=100(停2023-10),M,WAGE_PRIVATE_FRED,FRED(OECD转载厚劳省),VALIDATED_MIRROR,,,2026-09-05,LATEST_HISTORY_PROXY,PROXY,CURRENT_HISTORY_ONLY_NO_VINTAGE,false,true,true
2002-07-31,2002-07,122.929292929293,122.929292929293,指数2015=100(停2023-10),M,WAGE_PRIVATE_FRED,FRED(OECD转载厚劳省),VALIDATED_MIRROR,,,2026-09-05,LATEST_HISTORY_PROXY,PROXY,CURRENT_HISTORY_ONLY_NO_VINTAGE,false,true,true
2002-08-31,2002-08,87.1717171717172,87.1717171717172,指数2015=100(停2023-10),M,WAGE_PRIVATE_FRED,FRED(OECD转载厚劳省),VALIDATED_MIRROR,,,2026-09-05,LATEST_HISTORY_PROXY,PROXY,CURRENT_HISTORY_ONLY_NO_VINTAGE,false,true,true
2002-09-30,2002-09,82.1212121212121,82.1212121212121,指数2015=100(停2023-10),M,WAGE_PRIVATE_FRED,FRED(OECD转载厚劳省),VALIDATED_MIRROR,,,2026-09-05,LATEST_HISTORY_PROXY,PROXY,CURRENT_HISTORY_ONLY_NO_VINTAGE,false,true,true
2002-10-31,2002-10,83.3333333333334,83.3333333333334,指数2015=100(停2023-10),M,WAGE_PRIVATE_FRED,FRED(OECD转载厚劳省),VALIDATED_MIRROR,,,2026-09-05,LATEST_HISTORY_PROXY,PROXY,CURRENT_HISTORY_ONLY_NO_VINTAGE,false,true,true
2002-11-30,2002-11,86.8686868686869,86.8686868686869,指数2015=100(停2023-10),M,WAGE_PRIVATE_FRED,FRED(OECD转载厚劳省),VALIDATED_MIRROR,,,2026-09-05,LATEST_HISTORY_PROXY,PROXY,CURRENT_HISTORY_ONLY_NO_VINTAGE,false,true,true
2002-12-31,2002-12,200.20202020202,200.20202020202,指数2015=100(停2023-10),M,WAGE_PRIVATE_FRED,FRED(OECD转载厚劳省),VALIDATED_MIRROR,,,2026-09-05,LATEST_HISTORY_PROXY,PROXY,CURRENT_HISTORY_ONLY_NO_VINTAGE,false,true,true
2003-01-31,2003-01,86.7676767676768,86.7676767676768,指数2015=100(停2023-10),M,WAGE_PRIVATE_FRED,FRED(OECD转载厚劳省),VALIDATED_MIRROR,,,2026-09-05,LATEST_HISTORY_PROXY,PROXY,CURRENT_HISTORY_ONLY_NO_VINTAGE,false,true,true
2003-02-28,2003-02,82.020202020202,82.020202020202,指数2015=100(停2023-10),M,WAGE_PRIVATE_FRED,FRED(OECD转载厚劳省),VALIDATED_MIRROR,,,2026-09-05,LATEST_HISTORY_PROXY,PROXY,CURRENT_HISTORY_ONLY_NO_VINTAGE,false,true,true
2003-03-31,2003-03,88.0808080808081,88.0808080808081,指数2015=100(停2023-10),M,WAGE_PRIVATE_FRED,FRED(OECD转载厚劳省),VALIDATED_MIRROR,,,2026-09-05,LATEST_HISTORY_PROXY,PROXY,CURRENT_HISTORY_ONLY_NO_VINTAGE,false,true,true
2003-04-30,2003-04,83.6363636363636,83.6363636363636,指数2015=100(停2023-10),M,WAGE_PRIVATE_FRED,FRED(OECD转载厚劳省),VALIDATED_MIRROR,,,2026-09-05,LATEST_HISTORY_PROXY,PROXY,CURRENT_HISTORY_ONLY_NO_VINTAGE,false,true,true
2003-05-31,2003-05,82.9292929292929,82.9292929292929,指数2015=100(停2023-10),M,WAGE_PRIVATE_FRED,FRED(OECD转载厚劳省),VALIDATED_MIRROR,,,2026-09-05,LATEST_HISTORY_PROXY,PROXY,CURRENT_HISTORY_ONLY_NO_VINTAGE,false,true,true
2003-06-30,2003-06,156.868686868687,156.868686868687,指数2015=100(停2023-10),M,WAGE_PRIVATE_FRED,FRED(OECD转载厚劳省),VALIDATED_MIRROR,,,2026-09-05,LATEST_HISTORY_PROXY,PROXY,CURRENT_HISTORY_ONLY_NO_VINTAGE,false,true,true
2003-07-31,2003-07,121.818181818182,121.818181818182,指数2015=100(停2023-10),M,WAGE_PRIVATE_FRED,FRED(OECD转载厚劳省),VALIDATED_MIRROR,,,2026-09-05,LATEST_HISTORY_PROXY,PROXY,CURRENT_HISTORY_ONLY_NO_VINTAGE,false,true,true
2003-08-31,2003-08,85.3535353535354,85.3535353535354,指数2015=100(停2023-10),M,WAGE_PRIVATE_FRED,FRED(OECD转载厚劳省),VALIDATED_MIRROR,,,2026-09-05,LATEST_HISTORY_PROXY,PROXY,CURRENT_HISTORY_ONLY_NO_VINTAGE,false,true,true
2003-09-30,2003-09,82.7272727272727,82.7272727272727,指数2015=100(停2023-10),M,WAGE_PRIVATE_FRED,FRED(OECD转载厚劳省),VALIDATED_MIRROR,,,2026-09-05,LATEST_HISTORY_PROXY,PROXY,CURRENT_HISTORY_ONLY_NO_VINTAGE,false,true,true
2003-10-31,2003-10,83.3333333333334,83.3333333333334,指数2015=100(停2023-10),M,WAGE_PRIVATE_FRED,FRED(OECD转载厚劳省),VALIDATED_MIRROR,,,2026-09-05,LATEST_HISTORY_PROXY,PROXY,CURRENT_HISTORY_ONLY_NO_VINTAGE,false,true,true
2003-11-30,2003-11,86.969696969697,86.969696969697,指数2015=100(停2023-10),M,WAGE_PRIVATE_FRED,FRED(OECD转载厚劳省),VALIDATED_MIRROR,,,2026-09-05,LATEST_HISTORY_PROXY,PROXY,CURRENT_HISTORY_ONLY_NO_VINTAGE,false,true,true
2003-12-31,2003-12,199.59595959596,199.59595959596,指数2015=100(停2023-10),M,WAGE_PRIVATE_FRED,FRED(OECD转载厚劳省),VALIDATED_MIRROR,,,2026-09-05,LATEST_HISTORY_PROXY,PROXY,CURRENT_HISTORY_ONLY_NO_VINTAGE,false,true,true
2004-01-31,2004-01,84.6464646464646,84.6464646464646,指数2015=100(停2023-10),M,WAGE_PRIVATE_FRED,FRED(OECD转载厚劳省),VALIDATED_MIRROR,,,2026-09-05,LATEST_HISTORY_PROXY,PROXY,CURRENT_HISTORY_ONLY_NO_VINTAGE,false,true,true
2004-02-29,2004-02,82.6262626262626,82.6262626262626,指数2015=100(停2023-10),M,WAGE_PRIVATE_FRED,FRED(OECD转载厚劳省),VALIDATED_MIRROR,,,2026-09-05,LATEST_HISTORY_PROXY,PROXY,CURRENT_HISTORY_ONLY_NO_VINTAGE,false,true,true
2004-03-31,2004-03,85.6565656565656,85.6565656565656,指数2015=100(停2023-10),M,WAGE_PRIVATE_FRED,FRED(OECD转载厚劳省),VALIDATED_MIRROR,,,2026-09-05,LATEST_HISTORY_PROXY,PROXY,CURRENT_HISTORY_ONLY_NO_VINTAGE,false,true,true
2004-04-30,2004-04,84.2424242424243,84.2424242424243,指数2015=100(停2023-10),M,WAGE_PRIVATE_FRED,FRED(OECD转载厚劳省),VALIDATED_MIRROR,,,2026-09-05,LATEST_HISTORY_PROXY,PROXY,CURRENT_HISTORY_ONLY_NO_VINTAGE,false,true,true
2004-05-31,2004-05,82.8282828282828,82.8282828282828,指数2015=100(停2023-10),M,WAGE_PRIVATE_FRED,FRED(OECD转载厚劳省),VALIDATED_MIRROR,,,2026-09-05,LATEST_HISTORY_PROXY,PROXY,CURRENT_HISTORY_ONLY_NO_VINTAGE,false,true,true
2004-06-30,2004-06,153.434343434343,153.434343434343,指数2015=100(停2023-10),M,WAGE_PRIVATE_FRED,FRED(OECD转载厚劳省),VALIDATED_MIRROR,,,2026-09-05,LATEST_HISTORY_PROXY,PROXY,CURRENT_HISTORY_ONLY_NO_VINTAGE,false,true,true
2004-07-31,2004-07,120.808080808081,120.808080808081,指数2015=100(停2023-10),M,WAGE_PRIVATE_FRED,FRED(OECD转载厚劳省),VALIDATED_MIRROR,,,2026-09-05,LATEST_HISTORY_PROXY,PROXY,CURRENT_HISTORY_ONLY_NO_VINTAGE,false,true,true
2004-08-31,2004-08,86.0606060606061,86.0606060606061,指数2015=100(停2023-10),M,WAGE_PRIVATE_FRED,FRED(OECD转载厚劳省),VALIDATED_MIRROR,,,2026-09-05,LATEST_HISTORY_PROXY,PROXY,CURRENT_HISTORY_ONLY_NO_VINTAGE,false,true,true
2004-09-30,2004-09,82.8282828282828,82.8282828282828,指数2015=100(停2023-10),M,WAGE_PRIVATE_FRED,FRED(OECD转载厚劳省),VALIDATED_MIRROR,,,2026-09-05,LATEST_HISTORY_PROXY,PROXY,CURRENT_HISTORY_ONLY_NO_VINTAGE,false,true,true
2004-10-31,2004-10,83.5353535353536,83.5353535353536,指数2015=100(停2023-10),M,WAGE_PRIVATE_FRED,FRED(OECD转载厚劳省),VALIDATED_MIRROR,,,2026-09-05,LATEST_HISTORY_PROXY,PROXY,CURRENT_HISTORY_ONLY_NO_VINTAGE,false,true,true
2004-11-30,2004-11,89.4949494949495,89.4949494949495,指数2015=100(停2023-10),M,WAGE_PRIVATE_FRED,FRED(OECD转载厚劳省),VALIDATED_MIRROR,,,2026-09-05,LATEST_HISTORY_PROXY,PROXY,CURRENT_HISTORY_ONLY_NO_VINTAGE,false,true,true
2004-12-31,2004-12,197.777777777778,197.777777777778,指数2015=100(停2023-10),M,WAGE_PRIVATE_FRED,FRED(OECD转载厚劳省),VALIDATED_MIRROR,,,2026-09-05,LATEST_HISTORY_PROXY,PROXY,CURRENT_HISTORY_ONLY_NO_VINTAGE,false,true,true
2005-01-31,2005-01,85.3535353535354,85.3535353535354,指数2015=100(停2023-10),M,WAGE_PRIVATE_FRED,FRED(OECD转载厚劳省),VALIDATED_MIRROR,,,2026-09-05,LATEST_HISTORY_PROXY,PROXY,CURRENT_HISTORY_ONLY_NO_VINTAGE,false,true,true
2005-02-28,2005-02,83.030303030303,83.030303030303,指数2015=100(停2023-10),M,WAGE_PRIVATE_FRED,FRED(OECD转载厚劳省),VALIDATED_MIRROR,,,2026-09-05,LATEST_HISTORY_PROXY,PROXY,CURRENT_HISTORY_ONLY_NO_VINTAGE,false,true,true
2005-03-31,2005-03,85.5555555555556,85.5555555555556,指数2015=100(停2023-10),M,WAGE_PRIVATE_FRED,FRED(OECD转载厚劳省),VALIDATED_MIRROR,,,2026-09-05,LATEST_HISTORY_PROXY,PROXY,CURRENT_HISTORY_ONLY_NO_VINTAGE,false,true,true
2005-04-30,2005-04,85.0505050505051,85.0505050505051,指数2015=100(停2023-10),M,WAGE_PRIVATE_FRED,FRED(OECD转载厚劳省),VALIDATED_MIRROR,,,2026-09-05,LATEST_HISTORY_PROXY,PROXY,CURRENT_HISTORY_ONLY_NO_VINTAGE,false,true,true
2005-05-31,2005-05,83.5353535353536,83.5353535353536,指数2015=100(停2023-10),M,WAGE_PRIVATE_FRED,FRED(OECD转载厚劳省),VALIDATED_MIRROR,,,2026-09-05,LATEST_HISTORY_PROXY,PROXY,CURRENT_HISTORY_ONLY_NO_VINTAGE,false,true,true
2005-06-30,2005-06,155.757575757576,155.757575757576,指数2015=100(停2023-10),M,WAGE_PRIVATE_FRED,FRED(OECD转载厚劳省),VALIDATED_MIRROR,,,2026-09-05,LATEST_HISTORY_PROXY,PROXY,CURRENT_HISTORY_ONLY_NO_VINTAGE,false,true,true
2005-07-31,2005-07,123.434343434343,123.434343434343,指数2015=100(停2023-10),M,WAGE_PRIVATE_FRED,FRED(OECD转载厚劳省),VALIDATED_MIRROR,,,2026-09-05,LATEST_HISTORY_PROXY,PROXY,CURRENT_HISTORY_ONLY_NO_VINTAGE,false,true,true
2005-08-31,2005-08,85.3535353535354,85.3535353535354,指数2015=100(停2023-10),M,WAGE_PRIVATE_FRED,FRED(OECD转载厚劳省),VALIDATED_MIRROR,,,2026-09-05,LATEST_HISTORY_PROXY,PROXY,CURRENT_HISTORY_ONLY_NO_VINTAGE,false,true,true
2005-09-30,2005-09,83.5353535353536,83.5353535353536,指数2015=100(停2023-10),M,WAGE_PRIVATE_FRED,FRED(OECD转载厚劳省),VALIDATED_MIRROR,,,2026-09-05,LATEST_HISTORY_PROXY,PROXY,CURRENT_HISTORY_ONLY_NO_VINTAGE,false,true,true
2005-10-31,2005-10,84.0404040404041,84.0404040404041,指数2015=100(停2023-10),M,WAGE_PRIVATE_FRED,FRED(OECD转载厚劳省),VALIDATED_MIRROR,,,2026-09-05,LATEST_HISTORY_PROXY,PROXY,CURRENT_HISTORY_ONLY_NO_VINTAGE,false,true,true
2005-11-30,2005-11,90.1010101010101,90.1010101010101,指数2015=100(停2023-10),M,WAGE_PRIVATE_FRED,FRED(OECD转载厚劳省),VALIDATED_MIRROR,,,2026-09-05,LATEST_HISTORY_PROXY,PROXY,CURRENT_HISTORY_ONLY_NO_VINTAGE,false,true,true
2005-12-31,2005-12,202.222222222222,202.222222222222,指数2015=100(停2023-10),M,WAGE_PRIVATE_FRED,FRED(OECD转载厚劳省),VALIDATED_MIRROR,,,2026-09-05,LATEST_HISTORY_PROXY,PROXY,CURRENT_HISTORY_ONLY_NO_VINTAGE,false,true,true
2006-01-31,2006-01,85.4545454545454,85.4545454545454,指数2015=100(停2023-10),M,WAGE_PRIVATE_FRED,FRED(OECD转载厚劳省),VALIDATED_MIRROR,,,2026-09-05,LATEST_HISTORY_PROXY,PROXY,CURRENT_HISTORY_ONLY_NO_VINTAGE,false,true,true
2006-02-28,2006-02,84.0404040404041,84.0404040404041,指数2015=100(停2023-10),M,WAGE_PRIVATE_FRED,FRED(OECD转载厚劳省),VALIDATED_MIRROR,,,2026-09-05,LATEST_HISTORY_PROXY,PROXY,CURRENT_HISTORY_ONLY_NO_VINTAGE,false,true,true
2006-03-31,2006-03,86.8686868686869,86.8686868686869,指数2015=100(停2023-10),M,WAGE_PRIVATE_FRED,FRED(OECD转载厚劳省),VALIDATED_MIRROR,,,2026-09-05,LATEST_HISTORY_PROXY,PROXY,CURRENT_HISTORY_ONLY_NO_VINTAGE,false,true,true
2006-04-30,2006-04,85.959595959596,85.959595959596,指数2015=100(停2023-10),M,WAGE_PRIVATE_FRED,FRED(OECD转载厚劳省),VALIDATED_MIRROR,,,2026-09-05,LATEST_HISTORY_PROXY,PROXY,CURRENT_HISTORY_ONLY_NO_VINTAGE,false,true,true
2006-05-31,2006-05,84.5454545454546,84.5454545454546,指数2015=100(停2023-10),M,WAGE_PRIVATE_FRED,FRED(OECD转载厚劳省),VALIDATED_MIRROR,,,2026-09-05,LATEST_HISTORY_PROXY,PROXY,CURRENT_HISTORY_ONLY_NO_VINTAGE,false,true,true
2006-06-30,2006-06,159.090909090909,159.090909090909,指数2015=100(停2023-10),M,WAGE_PRIVATE_FRED,FRED(OECD转载厚劳省),VALIDATED_MIRROR,,,2026-09-05,LATEST_HISTORY_PROXY,PROXY,CURRENT_HISTORY_ONLY_NO_VINTAGE,false,true,true
2006-07-31,2006-07,124.747474747475,124.747474747475,指数2015=100(停2023-10),M,WAGE_PRIVATE_FRED,FRED(OECD转载厚劳省),VALIDATED_MIRROR,,,2026-09-05,LATEST_HISTORY_PROXY,PROXY,CURRENT_HISTORY_ONLY_NO_VINTAGE,false,true,true
2006-08-31,2006-08,85.1515151515152,85.1515151515152,指数2015=100(停2023-10),M,WAGE_PRIVATE_FRED,FRED(OECD转载厚劳省),VALIDATED_MIRROR,,,2026-09-05,LATEST_HISTORY_PROXY,PROXY,CURRENT_HISTORY_ONLY_NO_VINTAGE,false,true,true
2006-09-30,2006-09,83.939393939394,83.939393939394,指数2015=100(停2023-10),M,WAGE_PRIVATE_FRED,FRED(OECD转载厚劳省),VALIDATED_MIRROR,,,2026-09-05,LATEST_HISTORY_PROXY,PROXY,CURRENT_HISTORY_ONLY_NO_VINTAGE,false,true,true
2006-10-31,2006-10,84.5454545454546,84.5454545454546,指数2015=100(停2023-10),M,WAGE_PRIVATE_FRED,FRED(OECD转载厚劳省),VALIDATED_MIRROR,,,2026-09-05,LATEST_HISTORY_PROXY,PROXY,CURRENT_HISTORY_ONLY_NO_VINTAGE,false,true,true
2006-11-30,2006-11,90.4040404040404,90.4040404040404,指数2015=100(停2023-10),M,WAGE_PRIVATE_FRED,FRED(OECD转载厚劳省),VALIDATED_MIRROR,,,2026-09-05,LATEST_HISTORY_PROXY,PROXY,CURRENT_HISTORY_ONLY_NO_VINTAGE,false,true,true
2006-12-31,2006-12,204.444444444444,204.444444444444,指数2015=100(停2023-10),M,WAGE_PRIVATE_FRED,FRED(OECD转载厚劳省),VALIDATED_MIRROR,,,2026-09-05,LATEST_HISTORY_PROXY,PROXY,CURRENT_HISTORY_ONLY_NO_VINTAGE,false,true,true
2007-01-31,2007-01,84.949494949495,84.949494949495,指数2015=100(停2023-10),M,WAGE_PRIVATE_FRED,FRED(OECD转载厚劳省),VALIDATED_MIRROR,,,2026-09-05,LATEST_HISTORY_PROXY,PROXY,CURRENT_HISTORY_ONLY_NO_VINTAGE,false,true,true
2007-02-28,2007-02,83.5353535353536,83.5353535353536,指数2015=100(停2023-10),M,WAGE_PRIVATE_FRED,FRED(OECD转载厚劳省),VALIDATED_MIRROR,,,2026-09-05,LATEST_HISTORY_PROXY,PROXY,CURRENT_HISTORY_ONLY_NO_VINTAGE,false,true,true
2007-03-31,2007-03,87.3737373737374,87.3737373737374,指数2015=100(停2023-10),M,WAGE_PRIVATE_FRED,FRED(OECD转载厚劳省),VALIDATED_MIRROR,,,2026-09-05,LATEST_HISTORY_PROXY,PROXY,CURRENT_HISTORY_ONLY_NO_VINTAGE,false,true,true
2007-04-30,2007-04,86.2626262626263,86.2626262626263,指数2015=100(停2023-10),M,WAGE_PRIVATE_FRED,FRED(OECD转载厚劳省),VALIDATED_MIRROR,,,2026-09-05,LATEST_HISTORY_PROXY,PROXY,CURRENT_HISTORY_ONLY_NO_VINTAGE,false,true,true
2007-05-31,2007-05,84.8484848484848,84.8484848484848,指数2015=100(停2023-10),M,WAGE_PRIVATE_FRED,FRED(OECD转载厚劳省),VALIDATED_MIRROR,,,2026-09-05,LATEST_HISTORY_PROXY,PROXY,CURRENT_HISTORY_ONLY_NO_VINTAGE,false,true,true
2007-06-30,2007-06,158.585858585859,158.585858585859,指数2015=100(停2023-10),M,WAGE_PRIVATE_FRED,FRED(OECD转载厚劳省),VALIDATED_MIRROR,,,2026-09-05,LATEST_HISTORY_PROXY,PROXY,CURRENT_HISTORY_ONLY_NO_VINTAGE,false,true,true
2007-07-31,2007-07,121.313131313131,121.313131313131,指数2015=100(停2023-10),M,WAGE_PRIVATE_FRED,FRED(OECD转载厚劳省),VALIDATED_MIRROR,,,2026-09-05,LATEST_HISTORY_PROXY,PROXY,CURRENT_HISTORY_ONLY_NO_VINTAGE,false,true,true
2007-08-31,2007-08,85.7575757575758,85.7575757575758,指数2015=100(停2023-10),M,WAGE_PRIVATE_FRED,FRED(OECD转载厚劳省),VALIDATED_MIRROR,,,2026-09-05,LATEST_HISTORY_PROXY,PROXY,CURRENT_HISTORY_ONLY_NO_VINTAGE,false,true,true
2007-09-30,2007-09,83.6363636363636,83.6363636363636,指数2015=100(停2023-10),M,WAGE_PRIVATE_FRED,FRED(OECD转载厚劳省),VALIDATED_MIRROR,,,2026-09-05,LATEST_HISTORY_PROXY,PROXY,CURRENT_HISTORY_ONLY_NO_VINTAGE,false,true,true
2007-10-31,2007-10,84.2424242424243,84.2424242424243,指数2015=100(停2023-10),M,WAGE_PRIVATE_FRED,FRED(OECD转载厚劳省),VALIDATED_MIRROR,,,2026-09-05,LATEST_HISTORY_PROXY,PROXY,CURRENT_HISTORY_ONLY_NO_VINTAGE,false,true,true
2007-11-30,2007-11,90.5050505050505,90.5050505050505,指数2015=100(停2023-10),M,WAGE_PRIVATE_FRED,FRED(OECD转载厚劳省),VALIDATED_MIRROR,,,2026-09-05,LATEST_HISTORY_PROXY,PROXY,CURRENT_HISTORY_ONLY_NO_VINTAGE,false,true,true
2007-12-31,2007-12,197.979797979798,197.979797979798,指数2015=100(停2023-10),M,WAGE_PRIVATE_FRED,FRED(OECD转载厚劳省),VALIDATED_MIRROR,,,2026-09-05,LATEST_HISTORY_PROXY,PROXY,CURRENT_HISTORY_ONLY_NO_VINTAGE,false,true,true
2008-01-31,2008-01,85.959595959596,85.959595959596,指数2015=100(停2023-10),M,WAGE_PRIVATE_FRED,FRED(OECD转载厚劳省),VALIDATED_MIRROR,,,2026-09-05,LATEST_HISTORY_PROXY,PROXY,CURRENT_HISTORY_ONLY_NO_VINTAGE,false,true,true
2008-02-29,2008-02,84.0404040404041,84.0404040404041,指数2015=100(停2023-10),M,WAGE_PRIVATE_FRED,FRED(OECD转载厚劳省),VALIDATED_MIRROR,,,2026-09-05,LATEST_HISTORY_PROXY,PROXY,CURRENT_HISTORY_ONLY_NO_VINTAGE,false,true,true
2008-03-31,2008-03,87.979797979798,87.979797979798,指数2015=100(停2023-10),M,WAGE_PRIVATE_FRED,FRED(OECD转载厚劳省),VALIDATED_MIRROR,,,2026-09-05,LATEST_HISTORY_PROXY,PROXY,CURRENT_HISTORY_ONLY_NO_VINTAGE,false,true,true
2008-04-30,2008-04,86.0606060606061,86.0606060606061,指数2015=100(停2023-10),M,WAGE_PRIVATE_FRED,FRED(OECD转载厚劳省),VALIDATED_MIRROR,,,2026-09-05,LATEST_HISTORY_PROXY,PROXY,CURRENT_HISTORY_ONLY_NO_VINTAGE,false,true,true
2008-05-31,2008-05,84.8484848484848,84.8484848484848,指数2015=100(停2023-10),M,WAGE_PRIVATE_FRED,FRED(OECD转载厚劳省),VALIDATED_MIRROR,,,2026-09-05,LATEST_HISTORY_PROXY,PROXY,CURRENT_HISTORY_ONLY_NO_VINTAGE,false,true,true
2008-06-30,2008-06,158.484848484849,158.484848484849,指数2015=100(停2023-10),M,WAGE_PRIVATE_FRED,FRED(OECD转载厚劳省),VALIDATED_MIRROR,,,2026-09-05,LATEST_HISTORY_PROXY,PROXY,CURRENT_HISTORY_ONLY_NO_VINTAGE,false,true,true
2008-07-31,2008-07,120.30303030303,120.30303030303,指数2015=100(停2023-10),M,WAGE_PRIVATE_FRED,FRED(OECD转载厚劳省),VALIDATED_MIRROR,,,2026-09-05,LATEST_HISTORY_PROXY,PROXY,CURRENT_HISTORY_ONLY_NO_VINTAGE,false,true,true
2008-08-31,2008-08,85.3535353535354,85.3535353535354,指数2015=100(停2023-10),M,WAGE_PRIVATE_FRED,FRED(OECD转载厚劳省),VALIDATED_MIRROR,,,2026-09-05,LATEST_HISTORY_PROXY,PROXY,CURRENT_HISTORY_ONLY_NO_VINTAGE,false,true,true
2008-09-30,2008-09,82.9292929292929,82.9292929292929,指数2015=100(停2023-10),M,WAGE_PRIVATE_FRED,FRED(OECD转载厚劳省),VALIDATED_MIRROR,,,2026-09-05,LATEST_HISTORY_PROXY,PROXY,CURRENT_HISTORY_ONLY_NO_VINTAGE,false,true,true
2008-10-31,2008-10,83.4343434343434,83.4343434343434,指数2015=100(停2023-10),M,WAGE_PRIVATE_FRED,FRED(OECD转载厚劳省),VALIDATED_MIRROR,,,2026-09-05,LATEST_HISTORY_PROXY,PROXY,CURRENT_HISTORY_ONLY_NO_VINTAGE,false,true,true
2008-11-30,2008-11,88.8888888888889,88.8888888888889,指数2015=100(停2023-10),M,WAGE_PRIVATE_FRED,FRED(OECD转载厚劳省),VALIDATED_MIRROR,,,2026-09-05,LATEST_HISTORY_PROXY,PROXY,CURRENT_HISTORY_ONLY_NO_VINTAGE,false,true,true
2008-12-31,2008-12,194.444444444444,194.444444444444,指数2015=100(停2023-10),M,WAGE_PRIVATE_FRED,FRED(OECD转载厚劳省),VALIDATED_MIRROR,,,2026-09-05,LATEST_HISTORY_PROXY,PROXY,CURRENT_HISTORY_ONLY_NO_VINTAGE,false,true,true
2009-01-31,2009-01,82.7272727272727,82.7272727272727,指数2015=100(停2023-10),M,WAGE_PRIVATE_FRED,FRED(OECD转载厚劳省),VALIDATED_MIRROR,,,2026-09-05,LATEST_HISTORY_PROXY,PROXY,CURRENT_HISTORY_ONLY_NO_VINTAGE,false,true,true
2009-02-28,2009-02,81.4141414141414,81.4141414141414,指数2015=100(停2023-10),M,WAGE_PRIVATE_FRED,FRED(OECD转载厚劳省),VALIDATED_MIRROR,,,2026-09-05,LATEST_HISTORY_PROXY,PROXY,CURRENT_HISTORY_ONLY_NO_VINTAGE,false,true,true
2009-03-31,2009-03,83.8383838383838,83.8383838383838,指数2015=100(停2023-10),M,WAGE_PRIVATE_FRED,FRED(OECD转载厚劳省),VALIDATED_MIRROR,,,2026-09-05,LATEST_HISTORY_PROXY,PROXY,CURRENT_HISTORY_ONLY_NO_VINTAGE,false,true,true
2009-04-30,2009-04,83.030303030303,83.030303030303,指数2015=100(停2023-10),M,WAGE_PRIVATE_FRED,FRED(OECD转载厚劳省),VALIDATED_MIRROR,,,2026-09-05,LATEST_HISTORY_PROXY,PROXY,CURRENT_HISTORY_ONLY_NO_VINTAGE,false,true,true
2009-05-31,2009-05,82.6262626262626,82.6262626262626,指数2015=100(停2023-10),M,WAGE_PRIVATE_FRED,FRED(OECD转载厚劳省),VALIDATED_MIRROR,,,2026-09-05,LATEST_HISTORY_PROXY,PROXY,CURRENT_HISTORY_ONLY_NO_VINTAGE,false,true,true
2009-06-30,2009-06,142.424242424242,142.424242424242,指数2015=100(停2023-10),M,WAGE_PRIVATE_FRED,FRED(OECD转载厚劳省),VALIDATED_MIRROR,,,2026-09-05,LATEST_HISTORY_PROXY,PROXY,CURRENT_HISTORY_ONLY_NO_VINTAGE,false,true,true
2009-07-31,2009-07,112.525252525253,112.525252525253,指数2015=100(停2023-10),M,WAGE_PRIVATE_FRED,FRED(OECD转载厚劳省),VALIDATED_MIRROR,,,2026-09-05,LATEST_HISTORY_PROXY,PROXY,CURRENT_HISTORY_ONLY_NO_VINTAGE,false,true,true
2009-08-31,2009-08,82.9292929292929,82.9292929292929,指数2015=100(停2023-10),M,WAGE_PRIVATE_FRED,FRED(OECD转载厚劳省),VALIDATED_MIRROR,,,2026-09-05,LATEST_HISTORY_PROXY,PROXY,CURRENT_HISTORY_ONLY_NO_VINTAGE,false,true,true
2009-09-30,2009-09,81.3131313131313,81.3131313131313,指数2015=100(停2023-10),M,WAGE_PRIVATE_FRED,FRED(OECD转载厚劳省),VALIDATED_MIRROR,,,2026-09-05,LATEST_HISTORY_PROXY,PROXY,CURRENT_HISTORY_ONLY_NO_VINTAGE,false,true,true
2009-10-31,2009-10,82.020202020202,82.020202020202,指数2015=100(停2023-10),M,WAGE_PRIVATE_FRED,FRED(OECD转载厚劳省),VALIDATED_MIRROR,,,2026-09-05,LATEST_HISTORY_PROXY,PROXY,CURRENT_HISTORY_ONLY_NO_VINTAGE,false,true,true
2009-11-30,2009-11,86.2626262626263,86.2626262626263,指数2015=100(停2023-10),M,WAGE_PRIVATE_FRED,FRED(OECD转载厚劳省),VALIDATED_MIRROR,,,2026-09-05,LATEST_HISTORY_PROXY,PROXY,CURRENT_HISTORY_ONLY_NO_VINTAGE,false,true,true
2009-12-31,2009-12,181.414141414141,181.414141414141,指数2015=100(停2023-10),M,WAGE_PRIVATE_FRED,FRED(OECD转载厚劳省),VALIDATED_MIRROR,,,2026-09-05,LATEST_HISTORY_PROXY,PROXY,CURRENT_HISTORY_ONLY_NO_VINTAGE,false,true,true
2010-01-31,2010-01,82.6262626262626,82.6262626262626,指数2015=100(停2023-10),M,WAGE_PRIVATE_FRED,FRED(OECD转载厚劳省),VALIDATED_MIRROR,,,2026-09-05,LATEST_HISTORY_PROXY,PROXY,CURRENT_HISTORY_ONLY_NO_VINTAGE,false,true,true
2010-02-28,2010-02,80.7070707070707,80.7070707070707,指数2015=100(停2023-10),M,WAGE_PRIVATE_FRED,FRED(OECD转载厚劳省),VALIDATED_MIRROR,,,2026-09-05,LATEST_HISTORY_PROXY,PROXY,CURRENT_HISTORY_ONLY_NO_VINTAGE,false,true,true
2010-03-31,2010-03,85.2525252525253,85.2525252525253,指数2015=100(停2023-10),M,WAGE_PRIVATE_FRED,FRED(OECD转载厚劳省),VALIDATED_MIRROR,,,2026-09-05,LATEST_HISTORY_PROXY,PROXY,CURRENT_HISTORY_ONLY_NO_VINTAGE,false,true,true
2010-04-30,2010-04,85.4545454545454,85.4545454545454,指数2015=100(停2023-10),M,WAGE_PRIVATE_FRED,FRED(OECD转载厚劳省),VALIDATED_MIRROR,,,2026-09-05,LATEST_HISTORY_PROXY,PROXY,CURRENT_HISTORY_ONLY_NO_VINTAGE,false,true,true
2010-05-31,2010-05,82.6262626262626,82.6262626262626,指数2015=100(停2023-10),M,WAGE_PRIVATE_FRED,FRED(OECD转载厚劳省),VALIDATED_MIRROR,,,2026-09-05,LATEST_HISTORY_PROXY,PROXY,CURRENT_HISTORY_ONLY_NO_VINTAGE,false,true,true
2010-06-30,2010-06,146.868686868687,146.868686868687,指数2015=100(停2023-10),M,WAGE_PRIVATE_FRED,FRED(OECD转载厚劳省),VALIDATED_MIRROR,,,2026-09-05,LATEST_HISTORY_PROXY,PROXY,CURRENT_HISTORY_ONLY_NO_VINTAGE,false,true,true
2010-07-31,2010-07,114.949494949495,114.949494949495,指数2015=100(停2023-10),M,WAGE_PRIVATE_FRED,FRED(OECD转载厚劳省),VALIDATED_MIRROR,,,2026-09-05,LATEST_HISTORY_PROXY,PROXY,CURRENT_HISTORY_ONLY_NO_VINTAGE,false,true,true
2010-08-31,2010-08,83.3333333333334,83.3333333333334,指数2015=100(停2023-10),M,WAGE_PRIVATE_FRED,FRED(OECD转载厚劳省),VALIDATED_MIRROR,,,2026-09-05,LATEST_HISTORY_PROXY,PROXY,CURRENT_HISTORY_ONLY_NO_VINTAGE,false,true,true
2010-09-30,2010-09,82.1212121212121,82.1212121212121,指数2015=100(停2023-10),M,WAGE_PRIVATE_FRED,FRED(OECD转载厚劳省),VALIDATED_MIRROR,,,2026-09-05,LATEST_HISTORY_PROXY,PROXY,CURRENT_HISTORY_ONLY_NO_VINTAGE,false,true,true
2010-10-31,2010-10,82.4242424242424,82.4242424242424,指数2015=100(停2023-10),M,WAGE_PRIVATE_FRED,FRED(OECD转载厚劳省),VALIDATED_MIRROR,,,2026-09-05,LATEST_HISTORY_PROXY,PROXY,CURRENT_HISTORY_ONLY_NO_VINTAGE,false,true,true
2010-11-30,2010-11,86.5656565656566,86.5656565656566,指数2015=100(停2023-10),M,WAGE_PRIVATE_FRED,FRED(OECD转载厚劳省),VALIDATED_MIRROR,,,2026-09-05,LATEST_HISTORY_PROXY,PROXY,CURRENT_HISTORY_ONLY_NO_VINTAGE,false,true,true
2010-12-31,2010-12,182.424242424242,182.424242424242,指数2015=100(停2023-10),M,WAGE_PRIVATE_FRED,FRED(OECD转载厚劳省),VALIDATED_MIRROR,,,2026-09-05,LATEST_HISTORY_PROXY,PROXY,CURRENT_HISTORY_ONLY_NO_VINTAGE,false,true,true
2011-01-31,2011-01,83.8383838383838,83.8383838383838,指数2015=100(停2023-10),M,WAGE_PRIVATE_FRED,FRED(OECD转载厚劳省),VALIDATED_MIRROR,,,2026-09-05,LATEST_HISTORY_PROXY,PROXY,CURRENT_HISTORY_ONLY_NO_VINTAGE,false,true,true
2011-02-28,2011-02,81.5151515151515,81.5151515151515,指数2015=100(停2023-10),M,WAGE_PRIVATE_FRED,FRED(OECD转载厚劳省),VALIDATED_MIRROR,,,2026-09-05,LATEST_HISTORY_PROXY,PROXY,CURRENT_HISTORY_ONLY_NO_VINTAGE,false,true,true
2011-03-31,2011-03,85.2525252525253,85.2525252525253,指数2015=100(停2023-10),M,WAGE_PRIVATE_FRED,FRED(OECD转载厚劳省),VALIDATED_MIRROR,,,2026-09-05,LATEST_HISTORY_PROXY,PROXY,CURRENT_HISTORY_ONLY_NO_VINTAGE,false,true,true
2011-04-30,2011-04,83.5353535353536,83.5353535353536,指数2015=100(停2023-10),M,WAGE_PRIVATE_FRED,FRED(OECD转载厚劳省),VALIDATED_MIRROR,,,2026-09-05,LATEST_HISTORY_PROXY,PROXY,CURRENT_HISTORY_ONLY_NO_VINTAGE,false,true,true
2011-05-31,2011-05,83.939393939394,83.939393939394,指数2015=100(停2023-10),M,WAGE_PRIVATE_FRED,FRED(OECD转载厚劳省),VALIDATED_MIRROR,,,2026-09-05,LATEST_HISTORY_PROXY,PROXY,CURRENT_HISTORY_ONLY_NO_VINTAGE,false,true,true
2011-06-30,2011-06,146.161616161616,146.161616161616,指数2015=100(停2023-10),M,WAGE_PRIVATE_FRED,FRED(OECD转载厚劳省),VALIDATED_MIRROR,,,2026-09-05,LATEST_HISTORY_PROXY,PROXY,CURRENT_HISTORY_ONLY_NO_VINTAGE,false,true,true
2011-07-31,2011-07,116.060606060606,116.060606060606,指数2015=100(停2023-10),M,WAGE_PRIVATE_FRED,FRED(OECD转载厚劳省),VALIDATED_MIRROR,,,2026-09-05,LATEST_HISTORY_PROXY,PROXY,CURRENT_HISTORY_ONLY_NO_VINTAGE,false,true,true
2011-08-31,2011-08,82.8282828282828,82.8282828282828,指数2015=100(停2023-10),M,WAGE_PRIVATE_FRED,FRED(OECD转载厚劳省),VALIDATED_MIRROR,,,2026-09-05,LATEST_HISTORY_PROXY,PROXY,CURRENT_HISTORY_ONLY_NO_VINTAGE,false,true,true
2011-09-30,2011-09,82.020202020202,82.020202020202,指数2015=100(停2023-10),M,WAGE_PRIVATE_FRED,FRED(OECD转载厚劳省),VALIDATED_MIRROR,,,2026-09-05,LATEST_HISTORY_PROXY,PROXY,CURRENT_HISTORY_ONLY_NO_VINTAGE,false,true,true
2011-10-31,2011-10,82.8282828282828,82.8282828282828,指数2015=100(停2023-10),M,WAGE_PRIVATE_FRED,FRED(OECD转载厚劳省),VALIDATED_MIRROR,,,2026-09-05,LATEST_HISTORY_PROXY,PROXY,CURRENT_HISTORY_ONLY_NO_VINTAGE,false,true,true
2011-11-30,2011-11,86.5656565656566,86.5656565656566,指数2015=100(停2023-10),M,WAGE_PRIVATE_FRED,FRED(OECD转载厚劳省),VALIDATED_MIRROR,,,2026-09-05,LATEST_HISTORY_PROXY,PROXY,CURRENT_HISTORY_ONLY_NO_VINTAGE,false,true,true
2011-12-31,2011-12,183.838383838384,183.838383838384,指数2015=100(停2023-10),M,WAGE_PRIVATE_FRED,FRED(OECD转载厚劳省),VALIDATED_MIRROR,,,2026-09-05,LATEST_HISTORY_PROXY,PROXY,CURRENT_HISTORY_ONLY_NO_VINTAGE,false,true,true
2012-01-31,2012-01,82.5252525252526,82.5252525252526,指数2015=100(停2023-10),M,WAGE_PRIVATE_FRED,FRED(OECD转载厚劳省),VALIDATED_MIRROR,,,2026-09-05,LATEST_HISTORY_PROXY,PROXY,CURRENT_HISTORY_ONLY_NO_VINTAGE,false,true,true
2012-02-29,2012-02,81.7171717171717,81.7171717171717,指数2015=100(停2023-10),M,WAGE_PRIVATE_FRED,FRED(OECD转载厚劳省),VALIDATED_MIRROR,,,2026-09-05,LATEST_HISTORY_PROXY,PROXY,CURRENT_HISTORY_ONLY_NO_VINTAGE,false,true,true
2012-03-31,2012-03,86.2626262626263,86.2626262626263,指数2015=100(停2023-10),M,WAGE_PRIVATE_FRED,FRED(OECD转载厚劳省),VALIDATED_MIRROR,,,2026-09-05,LATEST_HISTORY_PROXY,PROXY,CURRENT_HISTORY_ONLY_NO_VINTAGE,false,true,true
2012-04-30,2012-04,84.1414141414141,84.1414141414141,指数2015=100(停2023-10),M,WAGE_PRIVATE_FRED,FRED(OECD转载厚劳省),VALIDATED_MIRROR,,,2026-09-05,LATEST_HISTORY_PROXY,PROXY,CURRENT_HISTORY_ONLY_NO_VINTAGE,false,true,true
2012-05-31,2012-05,82.5252525252526,82.5252525252526,指数2015=100(停2023-10),M,WAGE_PRIVATE_FRED,FRED(OECD转载厚劳省),VALIDATED_MIRROR,,,2026-09-05,LATEST_HISTORY_PROXY,PROXY,CURRENT_HISTORY_ONLY_NO_VINTAGE,false,true,true
2012-06-30,2012-06,145.252525252525,145.252525252525,指数2015=100(停2023-10),M,WAGE_PRIVATE_FRED,FRED(OECD转载厚劳省),VALIDATED_MIRROR,,,2026-09-05,LATEST_HISTORY_PROXY,PROXY,CURRENT_HISTORY_ONLY_NO_VINTAGE,false,true,true
2012-07-31,2012-07,113.333333333333,113.333333333333,指数2015=100(停2023-10),M,WAGE_PRIVATE_FRED,FRED(OECD转载厚劳省),VALIDATED_MIRROR,,,2026-09-05,LATEST_HISTORY_PROXY,PROXY,CURRENT_HISTORY_ONLY_NO_VINTAGE,false,true,true
2012-08-31,2012-08,83.030303030303,83.030303030303,指数2015=100(停2023-10),M,WAGE_PRIVATE_FRED,FRED(OECD转载厚劳省),VALIDATED_MIRROR,,,2026-09-05,LATEST_HISTORY_PROXY,PROXY,CURRENT_HISTORY_ONLY_NO_VINTAGE,false,true,true
2012-09-30,2012-09,81.5151515151515,81.5151515151515,指数2015=100(停2023-10),M,WAGE_PRIVATE_FRED,FRED(OECD转载厚劳省),VALIDATED_MIRROR,,,2026-09-05,LATEST_HISTORY_PROXY,PROXY,CURRENT_HISTORY_ONLY_NO_VINTAGE,false,true,true
2012-10-31,2012-10,82.1212121212121,82.1212121212121,指数2015=100(停2023-10),M,WAGE_PRIVATE_FRED,FRED(OECD转载厚劳省),VALIDATED_MIRROR,,,2026-09-05,LATEST_HISTORY_PROXY,PROXY,CURRENT_HISTORY_ONLY_NO_VINTAGE,false,true,true
2012-11-30,2012-11,84.4444444444444,84.4444444444444,指数2015=100(停2023-10),M,WAGE_PRIVATE_FRED,FRED(OECD转载厚劳省),VALIDATED_MIRROR,,,2026-09-05,LATEST_HISTORY_PROXY,PROXY,CURRENT_HISTORY_ONLY_NO_VINTAGE,false,true,true
2012-12-31,2012-12,179.69696969697,179.69696969697,指数2015=100(停2023-10),M,WAGE_PRIVATE_FRED,FRED(OECD转载厚劳省),VALIDATED_MIRROR,,,2026-09-05,LATEST_HISTORY_PROXY,PROXY,CURRENT_HISTORY_ONLY_NO_VINTAGE,false,true,true
2013-01-31,2013-01,82.7272727272727,82.7272727272727,指数2015=100(停2023-10),M,WAGE_PRIVATE_FRED,FRED(OECD转载厚劳省),VALIDATED_MIRROR,,,2026-09-05,LATEST_HISTORY_PROXY,PROXY,CURRENT_HISTORY_ONLY_NO_VINTAGE,false,true,true
2013-02-28,2013-02,80.6060606060606,80.6060606060606,指数2015=100(停2023-10),M,WAGE_PRIVATE_FRED,FRED(OECD转载厚劳省),VALIDATED_MIRROR,,,2026-09-05,LATEST_HISTORY_PROXY,PROXY,CURRENT_HISTORY_ONLY_NO_VINTAGE,false,true,true
2013-03-31,2013-03,84.949494949495,84.949494949495,指数2015=100(停2023-10),M,WAGE_PRIVATE_FRED,FRED(OECD转载厚劳省),VALIDATED_MIRROR,,,2026-09-05,LATEST_HISTORY_PROXY,PROXY,CURRENT_HISTORY_ONLY_NO_VINTAGE,false,true,true
2013-04-30,2013-04,83.8383838383838,83.8383838383838,指数2015=100(停2023-10),M,WAGE_PRIVATE_FRED,FRED(OECD转载厚劳省),VALIDATED_MIRROR,,,2026-09-05,LATEST_HISTORY_PROXY,PROXY,CURRENT_HISTORY_ONLY_NO_VINTAGE,false,true,true
2013-05-31,2013-05,82.3232323232324,82.3232323232324,指数2015=100(停2023-10),M,WAGE_PRIVATE_FRED,FRED(OECD转载厚劳省),VALIDATED_MIRROR,,,2026-09-05,LATEST_HISTORY_PROXY,PROXY,CURRENT_HISTORY_ONLY_NO_VINTAGE,false,true,true
2013-06-30,2013-06,146.868686868687,146.868686868687,指数2015=100(停2023-10),M,WAGE_PRIVATE_FRED,FRED(OECD转载厚劳省),VALIDATED_MIRROR,,,2026-09-05,LATEST_HISTORY_PROXY,PROXY,CURRENT_HISTORY_ONLY_NO_VINTAGE,false,true,true
2013-07-31,2013-07,112.323232323232,112.323232323232,指数2015=100(停2023-10),M,WAGE_PRIVATE_FRED,FRED(OECD转载厚劳省),VALIDATED_MIRROR,,,2026-09-05,LATEST_HISTORY_PROXY,PROXY,CURRENT_HISTORY_ONLY_NO_VINTAGE,false,true,true
2013-08-31,2013-08,82.2222222222222,82.2222222222222,指数2015=100(停2023-10),M,WAGE_PRIVATE_FRED,FRED(OECD转载厚劳省),VALIDATED_MIRROR,,,2026-09-05,LATEST_HISTORY_PROXY,PROXY,CURRENT_HISTORY_ONLY_NO_VINTAGE,false,true,true
2013-09-30,2013-09,81.3131313131313,81.3131313131313,指数2015=100(停2023-10),M,WAGE_PRIVATE_FRED,FRED(OECD转载厚劳省),VALIDATED_MIRROR,,,2026-09-05,LATEST_HISTORY_PROXY,PROXY,CURRENT_HISTORY_ONLY_NO_VINTAGE,false,true,true
2013-10-31,2013-10,82.1212121212121,82.1212121212121,指数2015=100(停2023-10),M,WAGE_PRIVATE_FRED,FRED(OECD转载厚劳省),VALIDATED_MIRROR,,,2026-09-05,LATEST_HISTORY_PROXY,PROXY,CURRENT_HISTORY_ONLY_NO_VINTAGE,false,true,true
2013-11-30,2013-11,85.5555555555556,85.5555555555556,指数2015=100(停2023-10),M,WAGE_PRIVATE_FRED,FRED(OECD转载厚劳省),VALIDATED_MIRROR,,,2026-09-05,LATEST_HISTORY_PROXY,PROXY,CURRENT_HISTORY_ONLY_NO_VINTAGE,false,true,true
2013-12-31,2013-12,181.515151515152,181.515151515152,指数2015=100(停2023-10),M,WAGE_PRIVATE_FRED,FRED(OECD转载厚劳省),VALIDATED_MIRROR,,,2026-09-05,LATEST_HISTORY_PROXY,PROXY,CURRENT_HISTORY_ONLY_NO_VINTAGE,false,true,true
2014-01-31,2014-01,82.3232323232324,82.3232323232324,指数2015=100(停2023-10),M,WAGE_PRIVATE_FRED,FRED(OECD转载厚劳省),VALIDATED_MIRROR,,,2026-09-05,LATEST_HISTORY_PROXY,PROXY,CURRENT_HISTORY_ONLY_NO_VINTAGE,false,true,true
2014-02-28,2014-02,80.4040404040404,80.4040404040404,指数2015=100(停2023-10),M,WAGE_PRIVATE_FRED,FRED(OECD转载厚劳省),VALIDATED_MIRROR,,,2026-09-05,LATEST_HISTORY_PROXY,PROXY,CURRENT_HISTORY_ONLY_NO_VINTAGE,false,true,true
2014-03-31,2014-03,85.6565656565656,85.6565656565656,指数2015=100(停2023-10),M,WAGE_PRIVATE_FRED,FRED(OECD转载厚劳省),VALIDATED_MIRROR,,,2026-09-05,LATEST_HISTORY_PROXY,PROXY,CURRENT_HISTORY_ONLY_NO_VINTAGE,false,true,true
2014-04-30,2014-04,84.4444444444444,84.4444444444444,指数2015=100(停2023-10),M,WAGE_PRIVATE_FRED,FRED(OECD转载厚劳省),VALIDATED_MIRROR,,,2026-09-05,LATEST_HISTORY_PROXY,PROXY,CURRENT_HISTORY_ONLY_NO_VINTAGE,false,true,true
2014-05-31,2014-05,82.9292929292929,82.9292929292929,指数2015=100(停2023-10),M,WAGE_PRIVATE_FRED,FRED(OECD转载厚劳省),VALIDATED_MIRROR,,,2026-09-05,LATEST_HISTORY_PROXY,PROXY,CURRENT_HISTORY_ONLY_NO_VINTAGE,false,true,true
2014-06-30,2014-06,149.79797979798,149.79797979798,指数2015=100(停2023-10),M,WAGE_PRIVATE_FRED,FRED(OECD转载厚劳省),VALIDATED_MIRROR,,,2026-09-05,LATEST_HISTORY_PROXY,PROXY,CURRENT_HISTORY_ONLY_NO_VINTAGE,false,true,true
2014-07-31,2014-07,116.464646464646,116.464646464646,指数2015=100(停2023-10),M,WAGE_PRIVATE_FRED,FRED(OECD转载厚劳省),VALIDATED_MIRROR,,,2026-09-05,LATEST_HISTORY_PROXY,PROXY,CURRENT_HISTORY_ONLY_NO_VINTAGE,false,true,true
2014-08-31,2014-08,83.030303030303,83.030303030303,指数2015=100(停2023-10),M,WAGE_PRIVATE_FRED,FRED(OECD转载厚劳省),VALIDATED_MIRROR,,,2026-09-05,LATEST_HISTORY_PROXY,PROXY,CURRENT_HISTORY_ONLY_NO_VINTAGE,false,true,true
2014-09-30,2014-09,81.9191919191919,81.9191919191919,指数2015=100(停2023-10),M,WAGE_PRIVATE_FRED,FRED(OECD转载厚劳省),VALIDATED_MIRROR,,,2026-09-05,LATEST_HISTORY_PROXY,PROXY,CURRENT_HISTORY_ONLY_NO_VINTAGE,false,true,true
2014-10-31,2014-10,82.3232323232324,82.3232323232324,指数2015=100(停2023-10),M,WAGE_PRIVATE_FRED,FRED(OECD转载厚劳省),VALIDATED_MIRROR,,,2026-09-05,LATEST_HISTORY_PROXY,PROXY,CURRENT_HISTORY_ONLY_NO_VINTAGE,false,true,true
2014-11-30,2014-11,85.3535353535354,85.3535353535354,指数2015=100(停2023-10),M,WAGE_PRIVATE_FRED,FRED(OECD转载厚劳省),VALIDATED_MIRROR,,,2026-09-05,LATEST_HISTORY_PROXY,PROXY,CURRENT_HISTORY_ONLY_NO_VINTAGE,false,true,true
2014-12-31,2014-12,184.444444444444,184.444444444444,指数2015=100(停2023-10),M,WAGE_PRIVATE_FRED,FRED(OECD转载厚劳省),VALIDATED_MIRROR,,,2026-09-05,LATEST_HISTORY_PROXY,PROXY,CURRENT_HISTORY_ONLY_NO_VINTAGE,false,true,true
2015-01-31,2015-01,82.8282828282828,82.8282828282828,指数2015=100(停2023-10),M,WAGE_PRIVATE_FRED,FRED(OECD转载厚劳省),VALIDATED_MIRROR,,,2026-09-05,LATEST_HISTORY_PROXY,PROXY,CURRENT_HISTORY_ONLY_NO_VINTAGE,false,true,true
2015-02-28,2015-02,80.5050505050505,80.5050505050505,指数2015=100(停2023-10),M,WAGE_PRIVATE_FRED,FRED(OECD转载厚劳省),VALIDATED_MIRROR,,,2026-09-05,LATEST_HISTORY_PROXY,PROXY,CURRENT_HISTORY_ONLY_NO_VINTAGE,false,true,true
2015-03-31,2015-03,85.8585858585859,85.8585858585859,指数2015=100(停2023-10),M,WAGE_PRIVATE_FRED,FRED(OECD转载厚劳省),VALIDATED_MIRROR,,,2026-09-05,LATEST_HISTORY_PROXY,PROXY,CURRENT_HISTORY_ONLY_NO_VINTAGE,false,true,true
2015-04-30,2015-04,85.1515151515152,85.1515151515152,指数2015=100(停2023-10),M,WAGE_PRIVATE_FRED,FRED(OECD转载厚劳省),VALIDATED_MIRROR,,,2026-09-05,LATEST_HISTORY_PROXY,PROXY,CURRENT_HISTORY_ONLY_NO_VINTAGE,false,true,true
2015-05-31,2015-05,84.2424242424243,84.2424242424243,指数2015=100(停2023-10),M,WAGE_PRIVATE_FRED,FRED(OECD转载厚劳省),VALIDATED_MIRROR,,,2026-09-05,LATEST_HISTORY_PROXY,PROXY,CURRENT_HISTORY_ONLY_NO_VINTAGE,false,true,true
2015-06-30,2015-06,145.353535353535,145.353535353535,指数2015=100(停2023-10),M,WAGE_PRIVATE_FRED,FRED(OECD转载厚劳省),VALIDATED_MIRROR,,,2026-09-05,LATEST_HISTORY_PROXY,PROXY,CURRENT_HISTORY_ONLY_NO_VINTAGE,false,true,true
2015-07-31,2015-07,117.676767676768,117.676767676768,指数2015=100(停2023-10),M,WAGE_PRIVATE_FRED,FRED(OECD转载厚劳省),VALIDATED_MIRROR,,,2026-09-05,LATEST_HISTORY_PROXY,PROXY,CURRENT_HISTORY_ONLY_NO_VINTAGE,false,true,true
2015-08-31,2015-08,83.2323232323232,83.2323232323232,指数2015=100(停2023-10),M,WAGE_PRIVATE_FRED,FRED(OECD转载厚劳省),VALIDATED_MIRROR,,,2026-09-05,LATEST_HISTORY_PROXY,PROXY,CURRENT_HISTORY_ONLY_NO_VINTAGE,false,true,true
2015-09-30,2015-09,82.2222222222222,82.2222222222222,指数2015=100(停2023-10),M,WAGE_PRIVATE_FRED,FRED(OECD转载厚劳省),VALIDATED_MIRROR,,,2026-09-05,LATEST_HISTORY_PROXY,PROXY,CURRENT_HISTORY_ONLY_NO_VINTAGE,false,true,true
2015-10-31,2015-10,83.2323232323232,83.2323232323232,指数2015=100(停2023-10),M,WAGE_PRIVATE_FRED,FRED(OECD转载厚劳省),VALIDATED_MIRROR,,,2026-09-05,LATEST_HISTORY_PROXY,PROXY,CURRENT_HISTORY_ONLY_NO_VINTAGE,false,true,true
2015-11-30,2015-11,86.1616161616162,86.1616161616162,指数2015=100(停2023-10),M,WAGE_PRIVATE_FRED,FRED(OECD转载厚劳省),VALIDATED_MIRROR,,,2026-09-05,LATEST_HISTORY_PROXY,PROXY,CURRENT_HISTORY_ONLY_NO_VINTAGE,false,true,true
2015-12-31,2015-12,183.535353535354,183.535353535354,指数2015=100(停2023-10),M,WAGE_PRIVATE_FRED,FRED(OECD转载厚劳省),VALIDATED_MIRROR,,,2026-09-05,LATEST_HISTORY_PROXY,PROXY,CURRENT_HISTORY_ONLY_NO_VINTAGE,false,true,true
2016-01-31,2016-01,83.6363636363636,83.6363636363636,指数2015=100(停2023-10),M,WAGE_PRIVATE_FRED,FRED(OECD转载厚劳省),VALIDATED_MIRROR,,,2026-09-05,LATEST_HISTORY_PROXY,PROXY,CURRENT_HISTORY_ONLY_NO_VINTAGE,false,true,true
2016-02-29,2016-02,81.5151515151515,81.5151515151515,指数2015=100(停2023-10),M,WAGE_PRIVATE_FRED,FRED(OECD转载厚劳省),VALIDATED_MIRROR,,,2026-09-05,LATEST_HISTORY_PROXY,PROXY,CURRENT_HISTORY_ONLY_NO_VINTAGE,false,true,true
2016-03-31,2016-03,87.4747474747475,87.4747474747475,指数2015=100(停2023-10),M,WAGE_PRIVATE_FRED,FRED(OECD转载厚劳省),VALIDATED_MIRROR,,,2026-09-05,LATEST_HISTORY_PROXY,PROXY,CURRENT_HISTORY_ONLY_NO_VINTAGE,false,true,true
2016-04-30,2016-04,85.3535353535354,85.3535353535354,指数2015=100(停2023-10),M,WAGE_PRIVATE_FRED,FRED(OECD转载厚劳省),VALIDATED_MIRROR,,,2026-09-05,LATEST_HISTORY_PROXY,PROXY,CURRENT_HISTORY_ONLY_NO_VINTAGE,false,true,true
2016-05-31,2016-05,84.5454545454546,84.5454545454546,指数2015=100(停2023-10),M,WAGE_PRIVATE_FRED,FRED(OECD转载厚劳省),VALIDATED_MIRROR,,,2026-09-05,LATEST_HISTORY_PROXY,PROXY,CURRENT_HISTORY_ONLY_NO_VINTAGE,false,true,true
2016-06-30,2016-06,148.888888888889,148.888888888889,指数2015=100(停2023-10),M,WAGE_PRIVATE_FRED,FRED(OECD转载厚劳省),VALIDATED_MIRROR,,,2026-09-05,LATEST_HISTORY_PROXY,PROXY,CURRENT_HISTORY_ONLY_NO_VINTAGE,false,true,true
2016-07-31,2016-07,119.191919191919,119.191919191919,指数2015=100(停2023-10),M,WAGE_PRIVATE_FRED,FRED(OECD转载厚劳省),VALIDATED_MIRROR,,,2026-09-05,LATEST_HISTORY_PROXY,PROXY,CURRENT_HISTORY_ONLY_NO_VINTAGE,false,true,true
2016-08-31,2016-08,83.7373737373738,83.7373737373738,指数2015=100(停2023-10),M,WAGE_PRIVATE_FRED,FRED(OECD转载厚劳省),VALIDATED_MIRROR,,,2026-09-05,LATEST_HISTORY_PROXY,PROXY,CURRENT_HISTORY_ONLY_NO_VINTAGE,false,true,true
2016-09-30,2016-09,82.6262626262626,82.6262626262626,指数2015=100(停2023-10),M,WAGE_PRIVATE_FRED,FRED(OECD转载厚劳省),VALIDATED_MIRROR,,,2026-09-05,LATEST_HISTORY_PROXY,PROXY,CURRENT_HISTORY_ONLY_NO_VINTAGE,false,true,true
2016-10-31,2016-10,83.5353535353536,83.5353535353536,指数2015=100(停2023-10),M,WAGE_PRIVATE_FRED,FRED(OECD转载厚劳省),VALIDATED_MIRROR,,,2026-09-05,LATEST_HISTORY_PROXY,PROXY,CURRENT_HISTORY_ONLY_NO_VINTAGE,false,true,true
2016-11-30,2016-11,87.0707070707071,87.0707070707071,指数2015=100(停2023-10),M,WAGE_PRIVATE_FRED,FRED(OECD转载厚劳省),VALIDATED_MIRROR,,,2026-09-05,LATEST_HISTORY_PROXY,PROXY,CURRENT_HISTORY_ONLY_NO_VINTAGE,false,true,true
2016-12-31,2016-12,186.161616161616,186.161616161616,指数2015=100(停2023-10),M,WAGE_PRIVATE_FRED,FRED(OECD转载厚劳省),VALIDATED_MIRROR,,,2026-09-05,LATEST_HISTORY_PROXY,PROXY,CURRENT_HISTORY_ONLY_NO_VINTAGE,false,true,true
2017-01-31,2017-01,84.3434343434344,84.3434343434344,指数2015=100(停2023-10),M,WAGE_PRIVATE_FRED,FRED(OECD转载厚劳省),VALIDATED_MIRROR,,,2026-09-05,LATEST_HISTORY_PROXY,PROXY,CURRENT_HISTORY_ONLY_NO_VINTAGE,false,true,true
2017-02-28,2017-02,81.9191919191919,81.9191919191919,指数2015=100(停2023-10),M,WAGE_PRIVATE_FRED,FRED(OECD转载厚劳省),VALIDATED_MIRROR,,,2026-09-05,LATEST_HISTORY_PROXY,PROXY,CURRENT_HISTORY_ONLY_NO_VINTAGE,false,true,true
2017-03-31,2017-03,87.4747474747475,87.4747474747475,指数2015=100(停2023-10),M,WAGE_PRIVATE_FRED,FRED(OECD转载厚劳省),VALIDATED_MIRROR,,,2026-09-05,LATEST_HISTORY_PROXY,PROXY,CURRENT_HISTORY_ONLY_NO_VINTAGE,false,true,true
2017-04-30,2017-04,86.0606060606061,86.0606060606061,指数2015=100(停2023-10),M,WAGE_PRIVATE_FRED,FRED(OECD转载厚劳省),VALIDATED_MIRROR,,,2026-09-05,LATEST_HISTORY_PROXY,PROXY,CURRENT_HISTORY_ONLY_NO_VINTAGE,false,true,true
2017-05-31,2017-05,85.1515151515152,85.1515151515152,指数2015=100(停2023-10),M,WAGE_PRIVATE_FRED,FRED(OECD转载厚劳省),VALIDATED_MIRROR,,,2026-09-05,LATEST_HISTORY_PROXY,PROXY,CURRENT_HISTORY_ONLY_NO_VINTAGE,false,true,true
2017-06-30,2017-06,149.292929292929,149.292929292929,指数2015=100(停2023-10),M,WAGE_PRIVATE_FRED,FRED(OECD转载厚劳省),VALIDATED_MIRROR,,,2026-09-05,LATEST_HISTORY_PROXY,PROXY,CURRENT_HISTORY_ONLY_NO_VINTAGE,false,true,true
2017-07-31,2017-07,119.090909090909,119.090909090909,指数2015=100(停2023-10),M,WAGE_PRIVATE_FRED,FRED(OECD转载厚劳省),VALIDATED_MIRROR,,,2026-09-05,LATEST_HISTORY_PROXY,PROXY,CURRENT_HISTORY_ONLY_NO_VINTAGE,false,true,true
2017-08-31,2017-08,84.0404040404041,84.0404040404041,指数2015=100(停2023-10),M,WAGE_PRIVATE_FRED,FRED(OECD转载厚劳省),VALIDATED_MIRROR,,,2026-09-05,LATEST_HISTORY_PROXY,PROXY,CURRENT_HISTORY_ONLY_NO_VINTAGE,false,true,true
2017-09-30,2017-09,83.6363636363636,83.6363636363636,指数2015=100(停2023-10),M,WAGE_PRIVATE_FRED,FRED(OECD转载厚劳省),VALIDATED_MIRROR,,,2026-09-05,LATEST_HISTORY_PROXY,PROXY,CURRENT_HISTORY_ONLY_NO_VINTAGE,false,true,true
2017-10-31,2017-10,83.7373737373738,83.7373737373738,指数2015=100(停2023-10),M,WAGE_PRIVATE_FRED,FRED(OECD转载厚劳省),VALIDATED_MIRROR,,,2026-09-05,LATEST_HISTORY_PROXY,PROXY,CURRENT_HISTORY_ONLY_NO_VINTAGE,false,true,true
2017-11-30,2017-11,87.8787878787879,87.8787878787879,指数2015=100(停2023-10),M,WAGE_PRIVATE_FRED,FRED(OECD转载厚劳省),VALIDATED_MIRROR,,,2026-09-05,LATEST_HISTORY_PROXY,PROXY,CURRENT_HISTORY_ONLY_NO_VINTAGE,false,true,true
2017-12-31,2017-12,187.878787878788,187.878787878788,指数2015=100(停2023-10),M,WAGE_PRIVATE_FRED,FRED(OECD转载厚劳省),VALIDATED_MIRROR,,,2026-09-05,LATEST_HISTORY_PROXY,PROXY,CURRENT_HISTORY_ONLY_NO_VINTAGE,false,true,true
2018-01-31,2018-01,84.1414141414141,84.1414141414141,指数2015=100(停2023-10),M,WAGE_PRIVATE_FRED,FRED(OECD转载厚劳省),VALIDATED_MIRROR,,,2026-09-05,LATEST_HISTORY_PROXY,PROXY,CURRENT_HISTORY_ONLY_NO_VINTAGE,false,true,true
2018-02-28,2018-02,82.1212121212121,82.1212121212121,指数2015=100(停2023-10),M,WAGE_PRIVATE_FRED,FRED(OECD转载厚劳省),VALIDATED_MIRROR,,,2026-09-05,LATEST_HISTORY_PROXY,PROXY,CURRENT_HISTORY_ONLY_NO_VINTAGE,false,true,true
2018-03-31,2018-03,89.0909090909091,89.0909090909091,指数2015=100(停2023-10),M,WAGE_PRIVATE_FRED,FRED(OECD转载厚劳省),VALIDATED_MIRROR,,,2026-09-05,LATEST_HISTORY_PROXY,PROXY,CURRENT_HISTORY_ONLY_NO_VINTAGE,false,true,true
2018-04-30,2018-04,85.959595959596,85.959595959596,指数2015=100(停2023-10),M,WAGE_PRIVATE_FRED,FRED(OECD转载厚劳省),VALIDATED_MIRROR,,,2026-09-05,LATEST_HISTORY_PROXY,PROXY,CURRENT_HISTORY_ONLY_NO_VINTAGE,false,true,true
2018-05-31,2018-05,86.2626262626263,86.2626262626263,指数2015=100(停2023-10),M,WAGE_PRIVATE_FRED,FRED(OECD转载厚劳省),VALIDATED_MIRROR,,,2026-09-05,LATEST_HISTORY_PROXY,PROXY,CURRENT_HISTORY_ONLY_NO_VINTAGE,false,true,true
2018-06-30,2018-06,152.929292929293,152.929292929293,指数2015=100(停2023-10),M,WAGE_PRIVATE_FRED,FRED(OECD转载厚劳省),VALIDATED_MIRROR,,,2026-09-05,LATEST_HISTORY_PROXY,PROXY,CURRENT_HISTORY_ONLY_NO_VINTAGE,false,true,true
2018-07-31,2018-07,120.40404040404,120.40404040404,指数2015=100(停2023-10),M,WAGE_PRIVATE_FRED,FRED(OECD转载厚劳省),VALIDATED_MIRROR,,,2026-09-05,LATEST_HISTORY_PROXY,PROXY,CURRENT_HISTORY_ONLY_NO_VINTAGE,false,true,true
2018-08-31,2018-08,84.7474747474748,84.7474747474748,指数2015=100(停2023-10),M,WAGE_PRIVATE_FRED,FRED(OECD转载厚劳省),VALIDATED_MIRROR,,,2026-09-05,LATEST_HISTORY_PROXY,PROXY,CURRENT_HISTORY_ONLY_NO_VINTAGE,false,true,true
2018-09-30,2018-09,83.939393939394,83.939393939394,指数2015=100(停2023-10),M,WAGE_PRIVATE_FRED,FRED(OECD转载厚劳省),VALIDATED_MIRROR,,,2026-09-05,LATEST_HISTORY_PROXY,PROXY,CURRENT_HISTORY_ONLY_NO_VINTAGE,false,true,true
2018-10-31,2018-10,84.7474747474748,84.7474747474748,指数2015=100(停2023-10),M,WAGE_PRIVATE_FRED,FRED(OECD转载厚劳省),VALIDATED_MIRROR,,,2026-09-05,LATEST_HISTORY_PROXY,PROXY,CURRENT_HISTORY_ONLY_NO_VINTAGE,false,true,true
2018-11-30,2018-11,89.4949494949495,89.4949494949495,指数2015=100(停2023-10),M,WAGE_PRIVATE_FRED,FRED(OECD转载厚劳省),VALIDATED_MIRROR,,,2026-09-05,LATEST_HISTORY_PROXY,PROXY,CURRENT_HISTORY_ONLY_NO_VINTAGE,false,true,true
2018-12-31,2018-12,191.010101010101,191.010101010101,指数2015=100(停2023-10),M,WAGE_PRIVATE_FRED,FRED(OECD转载厚劳省),VALIDATED_MIRROR,,,2026-09-05,LATEST_HISTORY_PROXY,PROXY,CURRENT_HISTORY_ONLY_NO_VINTAGE,false,true,true
2019-01-31,2019-01,84.3434343434344,84.3434343434344,指数2015=100(停2023-10),M,WAGE_PRIVATE_FRED,FRED(OECD转载厚劳省),VALIDATED_MIRROR,,,2026-09-05,LATEST_HISTORY_PROXY,PROXY,CURRENT_HISTORY_ONLY_NO_VINTAGE,false,true,true
2019-02-28,2019-02,82.020202020202,82.020202020202,指数2015=100(停2023-10),M,WAGE_PRIVATE_FRED,FRED(OECD转载厚劳省),VALIDATED_MIRROR,,,2026-09-05,LATEST_HISTORY_PROXY,PROXY,CURRENT_HISTORY_ONLY_NO_VINTAGE,false,true,true
2019-03-31,2019-03,88.0808080808081,88.0808080808081,指数2015=100(停2023-10),M,WAGE_PRIVATE_FRED,FRED(OECD转载厚劳省),VALIDATED_MIRROR,,,2026-09-05,LATEST_HISTORY_PROXY,PROXY,CURRENT_HISTORY_ONLY_NO_VINTAGE,false,true,true
2019-04-30,2019-04,86.0606060606061,86.0606060606061,指数2015=100(停2023-10),M,WAGE_PRIVATE_FRED,FRED(OECD转载厚劳省),VALIDATED_MIRROR,,,2026-09-05,LATEST_HISTORY_PROXY,PROXY,CURRENT_HISTORY_ONLY_NO_VINTAGE,false,true,true
2019-05-31,2019-05,86.2626262626263,86.2626262626263,指数2015=100(停2023-10),M,WAGE_PRIVATE_FRED,FRED(OECD转载厚劳省),VALIDATED_MIRROR,,,2026-09-05,LATEST_HISTORY_PROXY,PROXY,CURRENT_HISTORY_ONLY_NO_VINTAGE,false,true,true
2019-06-30,2019-06,154.545454545455,154.545454545455,指数2015=100(停2023-10),M,WAGE_PRIVATE_FRED,FRED(OECD转载厚劳省),VALIDATED_MIRROR,,,2026-09-05,LATEST_HISTORY_PROXY,PROXY,CURRENT_HISTORY_ONLY_NO_VINTAGE,false,true,true
2019-07-31,2019-07,117.777777777778,117.777777777778,指数2015=100(停2023-10),M,WAGE_PRIVATE_FRED,FRED(OECD转载厚劳省),VALIDATED_MIRROR,,,2026-09-05,LATEST_HISTORY_PROXY,PROXY,CURRENT_HISTORY_ONLY_NO_VINTAGE,false,true,true
2019-08-31,2019-08,84.8484848484848,84.8484848484848,指数2015=100(停2023-10),M,WAGE_PRIVATE_FRED,FRED(OECD转载厚劳省),VALIDATED_MIRROR,,,2026-09-05,LATEST_HISTORY_PROXY,PROXY,CURRENT_HISTORY_ONLY_NO_VINTAGE,false,true,true
2019-09-30,2019-09,84.3434343434344,84.3434343434344,指数2015=100(停2023-10),M,WAGE_PRIVATE_FRED,FRED(OECD转载厚劳省),VALIDATED_MIRROR,,,2026-09-05,LATEST_HISTORY_PROXY,PROXY,CURRENT_HISTORY_ONLY_NO_VINTAGE,false,true,true
2019-10-31,2019-10,84.5454545454546,84.5454545454546,指数2015=100(停2023-10),M,WAGE_PRIVATE_FRED,FRED(OECD转载厚劳省),VALIDATED_MIRROR,,,2026-09-05,LATEST_HISTORY_PROXY,PROXY,CURRENT_HISTORY_ONLY_NO_VINTAGE,false,true,true
2019-11-30,2019-11,89.4949494949495,89.4949494949495,指数2015=100(停2023-10),M,WAGE_PRIVATE_FRED,FRED(OECD转载厚劳省),VALIDATED_MIRROR,,,2026-09-05,LATEST_HISTORY_PROXY,PROXY,CURRENT_HISTORY_ONLY_NO_VINTAGE,false,true,true
2019-12-31,2019-12,189.89898989899,189.89898989899,指数2015=100(停2023-10),M,WAGE_PRIVATE_FRED,FRED(OECD转载厚劳省),VALIDATED_MIRROR,,,2026-09-05,LATEST_HISTORY_PROXY,PROXY,CURRENT_HISTORY_ONLY_NO_VINTAGE,false,true,true
2020-01-31,2020-01,84.8484848484848,84.8484848484848,指数2015=100(停2023-10),M,WAGE_PRIVATE_FRED,FRED(OECD转载厚劳省),VALIDATED_MIRROR,,,2026-09-05,LATEST_HISTORY_PROXY,PROXY,CURRENT_HISTORY_ONLY_NO_VINTAGE,false,true,true
2020-02-29,2020-02,82.6262626262626,82.6262626262626,指数2015=100(停2023-10),M,WAGE_PRIVATE_FRED,FRED(OECD转载厚劳省),VALIDATED_MIRROR,,,2026-09-05,LATEST_HISTORY_PROXY,PROXY,CURRENT_HISTORY_ONLY_NO_VINTAGE,false,true,true
2020-03-31,2020-03,87.8787878787879,87.8787878787879,指数2015=100(停2023-10),M,WAGE_PRIVATE_FRED,FRED(OECD转载厚劳省),VALIDATED_MIRROR,,,2026-09-05,LATEST_HISTORY_PROXY,PROXY,CURRENT_HISTORY_ONLY_NO_VINTAGE,false,true,true
2020-04-30,2020-04,85.1515151515152,85.1515151515152,指数2015=100(停2023-10),M,WAGE_PRIVATE_FRED,FRED(OECD转载厚劳省),VALIDATED_MIRROR,,,2026-09-05,LATEST_HISTORY_PROXY,PROXY,CURRENT_HISTORY_ONLY_NO_VINTAGE,false,true,true
2020-05-31,2020-05,83.4343434343434,83.4343434343434,指数2015=100(停2023-10),M,WAGE_PRIVATE_FRED,FRED(OECD转载厚劳省),VALIDATED_MIRROR,,,2026-09-05,LATEST_HISTORY_PROXY,PROXY,CURRENT_HISTORY_ONLY_NO_VINTAGE,false,true,true
2020-06-30,2020-06,150.10101010101,150.10101010101,指数2015=100(停2023-10),M,WAGE_PRIVATE_FRED,FRED(OECD转载厚劳省),VALIDATED_MIRROR,,,2026-09-05,LATEST_HISTORY_PROXY,PROXY,CURRENT_HISTORY_ONLY_NO_VINTAGE,false,true,true
2020-07-31,2020-07,116.060606060606,116.060606060606,指数2015=100(停2023-10),M,WAGE_PRIVATE_FRED,FRED(OECD转载厚劳省),VALIDATED_MIRROR,,,2026-09-05,LATEST_HISTORY_PROXY,PROXY,CURRENT_HISTORY_ONLY_NO_VINTAGE,false,true,true
2020-08-31,2020-08,83.6363636363636,83.6363636363636,指数2015=100(停2023-10),M,WAGE_PRIVATE_FRED,FRED(OECD转载厚劳省),VALIDATED_MIRROR,,,2026-09-05,LATEST_HISTORY_PROXY,PROXY,CURRENT_HISTORY_ONLY_NO_VINTAGE,false,true,true
2020-09-30,2020-09,83.2323232323232,83.2323232323232,指数2015=100(停2023-10),M,WAGE_PRIVATE_FRED,FRED(OECD转载厚劳省),VALIDATED_MIRROR,,,2026-09-05,LATEST_HISTORY_PROXY,PROXY,CURRENT_HISTORY_ONLY_NO_VINTAGE,false,true,true
2020-10-31,2020-10,83.7373737373738,83.7373737373738,指数2015=100(停2023-10),M,WAGE_PRIVATE_FRED,FRED(OECD转载厚劳省),VALIDATED_MIRROR,,,2026-09-05,LATEST_HISTORY_PROXY,PROXY,CURRENT_HISTORY_ONLY_NO_VINTAGE,false,true,true
2020-11-30,2020-11,87.2727272727273,87.2727272727273,指数2015=100(停2023-10),M,WAGE_PRIVATE_FRED,FRED(OECD转载厚劳省),VALIDATED_MIRROR,,,2026-09-05,LATEST_HISTORY_PROXY,PROXY,CURRENT_HISTORY_ONLY_NO_VINTAGE,false,true,true
2020-12-31,2020-12,184.141414141414,184.141414141414,指数2015=100(停2023-10),M,WAGE_PRIVATE_FRED,FRED(OECD转载厚劳省),VALIDATED_MIRROR,,,2026-09-05,LATEST_HISTORY_PROXY,PROXY,CURRENT_HISTORY_ONLY_NO_VINTAGE,false,true,true
2021-01-31,2021-01,84.2424242424243,84.2424242424243,指数2015=100(停2023-10),M,WAGE_PRIVATE_FRED,FRED(OECD转载厚劳省),VALIDATED_MIRROR,,,2026-09-05,LATEST_HISTORY_PROXY,PROXY,CURRENT_HISTORY_ONLY_NO_VINTAGE,false,true,true
2021-02-28,2021-02,82.4242424242424,82.4242424242424,指数2015=100(停2023-10),M,WAGE_PRIVATE_FRED,FRED(OECD转载厚劳省),VALIDATED_MIRROR,,,2026-09-05,LATEST_HISTORY_PROXY,PROXY,CURRENT_HISTORY_ONLY_NO_VINTAGE,false,true,true
2021-03-31,2021-03,88.4848484848485,88.4848484848485,指数2015=100(停2023-10),M,WAGE_PRIVATE_FRED,FRED(OECD转载厚劳省),VALIDATED_MIRROR,,,2026-09-05,LATEST_HISTORY_PROXY,PROXY,CURRENT_HISTORY_ONLY_NO_VINTAGE,false,true,true
2021-04-30,2021-04,86.7676767676768,86.7676767676768,指数2015=100(停2023-10),M,WAGE_PRIVATE_FRED,FRED(OECD转载厚劳省),VALIDATED_MIRROR,,,2026-09-05,LATEST_HISTORY_PROXY,PROXY,CURRENT_HISTORY_ONLY_NO_VINTAGE,false,true,true
2021-05-31,2021-05,85.5555555555556,85.5555555555556,指数2015=100(停2023-10),M,WAGE_PRIVATE_FRED,FRED(OECD转载厚劳省),VALIDATED_MIRROR,,,2026-09-05,LATEST_HISTORY_PROXY,PROXY,CURRENT_HISTORY_ONLY_NO_VINTAGE,false,true,true
2021-06-30,2021-06,151.313131313131,151.313131313131,指数2015=100(停2023-10),M,WAGE_PRIVATE_FRED,FRED(OECD转载厚劳省),VALIDATED_MIRROR,,,2026-09-05,LATEST_HISTORY_PROXY,PROXY,CURRENT_HISTORY_ONLY_NO_VINTAGE,false,true,true
2021-07-31,2021-07,117.777777777778,117.777777777778,指数2015=100(停2023-10),M,WAGE_PRIVATE_FRED,FRED(OECD转载厚劳省),VALIDATED_MIRROR,,,2026-09-05,LATEST_HISTORY_PROXY,PROXY,CURRENT_HISTORY_ONLY_NO_VINTAGE,false,true,true
2021-08-31,2021-08,84.6464646464646,84.6464646464646,指数2015=100(停2023-10),M,WAGE_PRIVATE_FRED,FRED(OECD转载厚劳省),VALIDATED_MIRROR,,,2026-09-05,LATEST_HISTORY_PROXY,PROXY,CURRENT_HISTORY_ONLY_NO_VINTAGE,false,true,true
2021-09-30,2021-09,84.2424242424243,84.2424242424243,指数2015=100(停2023-10),M,WAGE_PRIVATE_FRED,FRED(OECD转载厚劳省),VALIDATED_MIRROR,,,2026-09-05,LATEST_HISTORY_PROXY,PROXY,CURRENT_HISTORY_ONLY_NO_VINTAGE,false,true,true
2021-10-31,2021-10,84.5454545454546,84.5454545454546,指数2015=100(停2023-10),M,WAGE_PRIVATE_FRED,FRED(OECD转载厚劳省),VALIDATED_MIRROR,,,2026-09-05,LATEST_HISTORY_PROXY,PROXY,CURRENT_HISTORY_ONLY_NO_VINTAGE,false,true,true
2021-11-30,2021-11,88.2828282828283,88.2828282828283,指数2015=100(停2023-10),M,WAGE_PRIVATE_FRED,FRED(OECD转载厚劳省),VALIDATED_MIRROR,,,2026-09-05,LATEST_HISTORY_PROXY,PROXY,CURRENT_HISTORY_ONLY_NO_VINTAGE,false,true,true
2021-12-31,2021-12,184.949494949495,184.949494949495,指数2015=100(停2023-10),M,WAGE_PRIVATE_FRED,FRED(OECD转载厚劳省),VALIDATED_MIRROR,,,2026-09-05,LATEST_HISTORY_PROXY,PROXY,CURRENT_HISTORY_ONLY_NO_VINTAGE,false,true,true
2022-01-31,2022-01,85.7575757575758,85.7575757575758,指数2015=100(停2023-10),M,WAGE_PRIVATE_FRED,FRED(OECD转载厚劳省),VALIDATED_MIRROR,,,2026-09-05,LATEST_HISTORY_PROXY,PROXY,CURRENT_HISTORY_ONLY_NO_VINTAGE,false,true,true
2022-02-28,2022-02,84.4444444444444,84.4444444444444,指数2015=100(停2023-10),M,WAGE_PRIVATE_FRED,FRED(OECD转载厚劳省),VALIDATED_MIRROR,,,2026-09-05,LATEST_HISTORY_PROXY,PROXY,CURRENT_HISTORY_ONLY_NO_VINTAGE,false,true,true
2022-03-31,2022-03,91.5151515151515,91.5151515151515,指数2015=100(停2023-10),M,WAGE_PRIVATE_FRED,FRED(OECD转载厚劳省),VALIDATED_MIRROR,,,2026-09-05,LATEST_HISTORY_PROXY,PROXY,CURRENT_HISTORY_ONLY_NO_VINTAGE,false,true,true
2022-04-30,2022-04,88.989898989899,88.989898989899,指数2015=100(停2023-10),M,WAGE_PRIVATE_FRED,FRED(OECD转载厚劳省),VALIDATED_MIRROR,,,2026-09-05,LATEST_HISTORY_PROXY,PROXY,CURRENT_HISTORY_ONLY_NO_VINTAGE,false,true,true
2022-05-31,2022-05,86.969696969697,86.969696969697,指数2015=100(停2023-10),M,WAGE_PRIVATE_FRED,FRED(OECD转载厚劳省),VALIDATED_MIRROR,,,2026-09-05,LATEST_HISTORY_PROXY,PROXY,CURRENT_HISTORY_ONLY_NO_VINTAGE,false,true,true
2022-06-30,2022-06,155.454545454546,155.454545454546,指数2015=100(停2023-10),M,WAGE_PRIVATE_FRED,FRED(OECD转载厚劳省),VALIDATED_MIRROR,,,2026-09-05,LATEST_HISTORY_PROXY,PROXY,CURRENT_HISTORY_ONLY_NO_VINTAGE,false,true,true
2022-07-31,2022-07,121.616161616162,121.616161616162,指数2015=100(停2023-10),M,WAGE_PRIVATE_FRED,FRED(OECD转载厚劳省),VALIDATED_MIRROR,,,2026-09-05,LATEST_HISTORY_PROXY,PROXY,CURRENT_HISTORY_ONLY_NO_VINTAGE,false,true,true
2022-08-31,2022-08,86.7676767676768,86.7676767676768,指数2015=100(停2023-10),M,WAGE_PRIVATE_FRED,FRED(OECD转载厚劳省),VALIDATED_MIRROR,,,2026-09-05,LATEST_HISTORY_PROXY,PROXY,CURRENT_HISTORY_ONLY_NO_VINTAGE,false,true,true
2022-09-30,2022-09,86.8686868686869,86.8686868686869,指数2015=100(停2023-10),M,WAGE_PRIVATE_FRED,FRED(OECD转载厚劳省),VALIDATED_MIRROR,,,2026-09-05,LATEST_HISTORY_PROXY,PROXY,CURRENT_HISTORY_ONLY_NO_VINTAGE,false,true,true
2022-10-31,2022-10,86.5656565656566,86.5656565656566,指数2015=100(停2023-10),M,WAGE_PRIVATE_FRED,FRED(OECD转载厚劳省),VALIDATED_MIRROR,,,2026-09-05,LATEST_HISTORY_PROXY,PROXY,CURRENT_HISTORY_ONLY_NO_VINTAGE,false,true,true
2022-11-30,2022-11,90.9090909090909,90.9090909090909,指数2015=100(停2023-10),M,WAGE_PRIVATE_FRED,FRED(OECD转载厚劳省),VALIDATED_MIRROR,,,2026-09-05,LATEST_HISTORY_PROXY,PROXY,CURRENT_HISTORY_ONLY_NO_VINTAGE,false,true,true
2022-12-31,2022-12,194.242424242424,194.242424242424,指数2015=100(停2023-10),M,WAGE_PRIVATE_FRED,FRED(OECD转载厚劳省),VALIDATED_MIRROR,,,2026-09-05,LATEST_HISTORY_PROXY,PROXY,CURRENT_HISTORY_ONLY_NO_VINTAGE,false,true,true
2023-01-31,2023-01,87.5757575757576,87.5757575757576,指数2015=100(停2023-10),M,WAGE_PRIVATE_FRED,FRED(OECD转载厚劳省),VALIDATED_MIRROR,,,2026-09-05,LATEST_HISTORY_PROXY,PROXY,CURRENT_HISTORY_ONLY_NO_VINTAGE,false,true,true
2023-02-28,2023-02,85.6565656565656,85.6565656565656,指数2015=100(停2023-10),M,WAGE_PRIVATE_FRED,FRED(OECD转载厚劳省),VALIDATED_MIRROR,,,2026-09-05,LATEST_HISTORY_PROXY,PROXY,CURRENT_HISTORY_ONLY_NO_VINTAGE,false,true,true
2023-03-31,2023-03,92.8282828282829,92.8282828282829,指数2015=100(停2023-10),M,WAGE_PRIVATE_FRED,FRED(OECD转载厚劳省),VALIDATED_MIRROR,,,2026-09-05,LATEST_HISTORY_PROXY,PROXY,CURRENT_HISTORY_ONLY_NO_VINTAGE,false,true,true
2023-04-30,2023-04,89.8989898989899,89.8989898989899,指数2015=100(停2023-10),M,WAGE_PRIVATE_FRED,FRED(OECD转载厚劳省),VALIDATED_MIRROR,,,2026-09-05,LATEST_HISTORY_PROXY,PROXY,CURRENT_HISTORY_ONLY_NO_VINTAGE,false,true,true
2023-05-31,2023-05,90.5050505050505,90.5050505050505,指数2015=100(停2023-10),M,WAGE_PRIVATE_FRED,FRED(OECD转载厚劳省),VALIDATED_MIRROR,,,2026-09-05,LATEST_HISTORY_PROXY,PROXY,CURRENT_HISTORY_ONLY_NO_VINTAGE,false,true,true
2023-06-30,2023-06,160.707070707071,160.707070707071,指数2015=100(停2023-10),M,WAGE_PRIVATE_FRED,FRED(OECD转载厚劳省),VALIDATED_MIRROR,,,2026-09-05,LATEST_HISTORY_PROXY,PROXY,CURRENT_HISTORY_ONLY_NO_VINTAGE,false,true,true
2023-07-31,2023-07,123.535353535354,123.535353535354,指数2015=100(停2023-10),M,WAGE_PRIVATE_FRED,FRED(OECD转载厚劳省),VALIDATED_MIRROR,,,2026-09-05,LATEST_HISTORY_PROXY,PROXY,CURRENT_HISTORY_ONLY_NO_VINTAGE,false,true,true
2023-08-31,2023-08,87.979797979798,87.979797979798,指数2015=100(停2023-10),M,WAGE_PRIVATE_FRED,FRED(OECD转载厚劳省),VALIDATED_MIRROR,,,2026-09-05,LATEST_HISTORY_PROXY,PROXY,CURRENT_HISTORY_ONLY_NO_VINTAGE,false,true,true
2023-09-30,2023-09,87.8787878787879,87.8787878787879,指数2015=100(停2023-10),M,WAGE_PRIVATE_FRED,FRED(OECD转载厚劳省),VALIDATED_MIRROR,,,2026-09-05,LATEST_HISTORY_PROXY,PROXY,CURRENT_HISTORY_ONLY_NO_VINTAGE,false,true,true
2023-10-31,2023-10,88.4848484848485,88.4848484848485,指数2015=100(停2023-10),M,WAGE_PRIVATE_FRED,FRED(OECD转载厚劳省),VALIDATED_MIRROR,,,2026-09-05,LATEST_HISTORY_PROXY,PROXY,CURRENT_HISTORY_ONLY_NO_VINTAGE,false,true,true
