date,period,value,value_raw,unit,freq,source,provider,source_type,definition_regime,note,value_available_date,vintage_type,release_rule_status,vintage_evidence,historical_realtime_eligible,post_vad_eligible,source_validity_eligible
1971-01-31,1971-01,16.4,16.4,%同比(官方),M,MONETARY_BASE_YOY,BOJ,OFFICIAL_CANONICAL,,,1971-02-15,REALTIME_ASSUMED,CONSERVATIVE_PROXY,OFFICIAL_NO_REV_AUDIT,conditional,true,true
1971-02-28,1971-02,16.7,16.7,%同比(官方),M,MONETARY_BASE_YOY,BOJ,OFFICIAL_CANONICAL,,,1971-03-15,REALTIME_ASSUMED,CONSERVATIVE_PROXY,OFFICIAL_NO_REV_AUDIT,conditional,true,true
1971-03-31,1971-03,15.7,15.7,%同比(官方),M,MONETARY_BASE_YOY,BOJ,OFFICIAL_CANONICAL,,,1971-04-15,REALTIME_ASSUMED,CONSERVATIVE_PROXY,OFFICIAL_NO_REV_AUDIT,conditional,true,true
1971-04-30,1971-04,15.9,15.9,%同比(官方),M,MONETARY_BASE_YOY,BOJ,OFFICIAL_CANONICAL,,,1971-05-15,REALTIME_ASSUMED,CONSERVATIVE_PROXY,OFFICIAL_NO_REV_AUDIT,conditional,true,true
1971-05-31,1971-05,16.9,16.9,%同比(官方),M,MONETARY_BASE_YOY,BOJ,OFFICIAL_CANONICAL,,,1971-06-15,REALTIME_ASSUMED,CONSERVATIVE_PROXY,OFFICIAL_NO_REV_AUDIT,conditional,true,true
1971-06-30,1971-06,16,16,%同比(官方),M,MONETARY_BASE_YOY,BOJ,OFFICIAL_CANONICAL,,,1971-07-15,REALTIME_ASSUMED,CONSERVATIVE_PROXY,OFFICIAL_NO_REV_AUDIT,conditional,true,true
1971-07-31,1971-07,16.9,16.9,%同比(官方),M,MONETARY_BASE_YOY,BOJ,OFFICIAL_CANONICAL,,,1971-08-15,REALTIME_ASSUMED,CONSERVATIVE_PROXY,OFFICIAL_NO_REV_AUDIT,conditional,true,true
1971-08-31,1971-08,17.4,17.4,%同比(官方),M,MONETARY_BASE_YOY,BOJ,OFFICIAL_CANONICAL,,,1971-09-15,REALTIME_ASSUMED,CONSERVATIVE_PROXY,OFFICIAL_NO_REV_AUDIT,conditional,true,true
1971-09-30,1971-09,17.4,17.4,%同比(官方),M,MONETARY_BASE_YOY,BOJ,OFFICIAL_CANONICAL,,,1971-10-15,REALTIME_ASSUMED,CONSERVATIVE_PROXY,OFFICIAL_NO_REV_AUDIT,conditional,true,true
1971-10-31,1971-10,16.6,16.6,%同比(官方),M,MONETARY_BASE_YOY,BOJ,OFFICIAL_CANONICAL,,,1971-11-15,REALTIME_ASSUMED,CONSERVATIVE_PROXY,OFFICIAL_NO_REV_AUDIT,conditional,true,true
1971-11-30,1971-11,16,16,%同比(官方),M,MONETARY_BASE_YOY,BOJ,OFFICIAL_CANONICAL,,,1971-12-15,REALTIME_ASSUMED,CONSERVATIVE_PROXY,OFFICIAL_NO_REV_AUDIT,conditional,true,true
1971-12-31,1971-12,15.6,15.6,%同比(官方),M,MONETARY_BASE_YOY,BOJ,OFFICIAL_CANONICAL,,,1972-01-15,REALTIME_ASSUMED,CONSERVATIVE_PROXY,OFFICIAL_NO_REV_AUDIT,conditional,true,true
1972-01-31,1972-01,16.4,16.4,%同比(官方),M,MONETARY_BASE_YOY,BOJ,OFFICIAL_CANONICAL,,,1972-02-15,REALTIME_ASSUMED,CONSERVATIVE_PROXY,OFFICIAL_NO_REV_AUDIT,conditional,true,true
1972-02-29,1972-02,15.5,15.5,%同比(官方),M,MONETARY_BASE_YOY,BOJ,OFFICIAL_CANONICAL,,,1972-03-15,REALTIME_ASSUMED,CONSERVATIVE_PROXY,OFFICIAL_NO_REV_AUDIT,conditional,true,true
1972-03-31,1972-03,16.1,16.1,%同比(官方),M,MONETARY_BASE_YOY,BOJ,OFFICIAL_CANONICAL,,,1972-04-15,REALTIME_ASSUMED,CONSERVATIVE_PROXY,OFFICIAL_NO_REV_AUDIT,conditional,true,true
1972-04-30,1972-04,17.9,17.9,%同比(官方),M,MONETARY_BASE_YOY,BOJ,OFFICIAL_CANONICAL,,,1972-05-15,REALTIME_ASSUMED,CONSERVATIVE_PROXY,OFFICIAL_NO_REV_AUDIT,conditional,true,true
1972-05-31,1972-05,15.8,15.8,%同比(官方),M,MONETARY_BASE_YOY,BOJ,OFFICIAL_CANONICAL,,,1972-06-15,REALTIME_ASSUMED,CONSERVATIVE_PROXY,OFFICIAL_NO_REV_AUDIT,conditional,true,true
1972-06-30,1972-06,19.5,19.5,%同比(官方),M,MONETARY_BASE_YOY,BOJ,OFFICIAL_CANONICAL,,,1972-07-15,REALTIME_ASSUMED,CONSERVATIVE_PROXY,OFFICIAL_NO_REV_AUDIT,conditional,true,true
1972-07-31,1972-07,18.1,18.1,%同比(官方),M,MONETARY_BASE_YOY,BOJ,OFFICIAL_CANONICAL,,,1972-08-15,REALTIME_ASSUMED,CONSERVATIVE_PROXY,OFFICIAL_NO_REV_AUDIT,conditional,true,true
1972-08-31,1972-08,17.3,17.3,%同比(官方),M,MONETARY_BASE_YOY,BOJ,OFFICIAL_CANONICAL,,,1972-09-15,REALTIME_ASSUMED,CONSERVATIVE_PROXY,OFFICIAL_NO_REV_AUDIT,conditional,true,true
1972-09-30,1972-09,20.1,20.1,%同比(官方),M,MONETARY_BASE_YOY,BOJ,OFFICIAL_CANONICAL,,,1972-10-15,REALTIME_ASSUMED,CONSERVATIVE_PROXY,OFFICIAL_NO_REV_AUDIT,conditional,true,true
1972-10-31,1972-10,21.3,21.3,%同比(官方),M,MONETARY_BASE_YOY,BOJ,OFFICIAL_CANONICAL,,,1972-11-15,REALTIME_ASSUMED,CONSERVATIVE_PROXY,OFFICIAL_NO_REV_AUDIT,conditional,true,true
1972-11-30,1972-11,23,23,%同比(官方),M,MONETARY_BASE_YOY,BOJ,OFFICIAL_CANONICAL,,,1972-12-15,REALTIME_ASSUMED,CONSERVATIVE_PROXY,OFFICIAL_NO_REV_AUDIT,conditional,true,true
1972-12-31,1972-12,23.5,23.5,%同比(官方),M,MONETARY_BASE_YOY,BOJ,OFFICIAL_CANONICAL,,,1973-01-15,REALTIME_ASSUMED,CONSERVATIVE_PROXY,OFFICIAL_NO_REV_AUDIT,conditional,true,true
1973-01-31,1973-01,27.4,27.4,%同比(官方),M,MONETARY_BASE_YOY,BOJ,OFFICIAL_CANONICAL,,,1973-02-15,REALTIME_ASSUMED,CONSERVATIVE_PROXY,OFFICIAL_NO_REV_AUDIT,conditional,true,true
1973-02-28,1973-02,29.9,29.9,%同比(官方),M,MONETARY_BASE_YOY,BOJ,OFFICIAL_CANONICAL,,,1973-03-15,REALTIME_ASSUMED,CONSERVATIVE_PROXY,OFFICIAL_NO_REV_AUDIT,conditional,true,true
1973-03-31,1973-03,32.6,32.6,%同比(官方),M,MONETARY_BASE_YOY,BOJ,OFFICIAL_CANONICAL,,,1973-04-15,REALTIME_ASSUMED,CONSERVATIVE_PROXY,OFFICIAL_NO_REV_AUDIT,conditional,true,true
1973-04-30,1973-04,37.6,37.6,%同比(官方),M,MONETARY_BASE_YOY,BOJ,OFFICIAL_CANONICAL,,,1973-05-15,REALTIME_ASSUMED,CONSERVATIVE_PROXY,OFFICIAL_NO_REV_AUDIT,conditional,true,true
1973-05-31,1973-05,39,39,%同比(官方),M,MONETARY_BASE_YOY,BOJ,OFFICIAL_CANONICAL,,,1973-06-15,REALTIME_ASSUMED,CONSERVATIVE_PROXY,OFFICIAL_NO_REV_AUDIT,conditional,true,true
1973-06-30,1973-06,35.7,35.7,%同比(官方),M,MONETARY_BASE_YOY,BOJ,OFFICIAL_CANONICAL,,,1973-07-15,REALTIME_ASSUMED,CONSERVATIVE_PROXY,OFFICIAL_NO_REV_AUDIT,conditional,true,true
1973-07-31,1973-07,40.7,40.7,%同比(官方),M,MONETARY_BASE_YOY,BOJ,OFFICIAL_CANONICAL,,,1973-08-15,REALTIME_ASSUMED,CONSERVATIVE_PROXY,OFFICIAL_NO_REV_AUDIT,conditional,true,true
1973-08-31,1973-08,39.9,39.9,%同比(官方),M,MONETARY_BASE_YOY,BOJ,OFFICIAL_CANONICAL,,,1973-09-15,REALTIME_ASSUMED,CONSERVATIVE_PROXY,OFFICIAL_NO_REV_AUDIT,conditional,true,true
1973-09-30,1973-09,41.3,41.3,%同比(官方),M,MONETARY_BASE_YOY,BOJ,OFFICIAL_CANONICAL,,,1973-10-15,REALTIME_ASSUMED,CONSERVATIVE_PROXY,OFFICIAL_NO_REV_AUDIT,conditional,true,true
1973-10-31,1973-10,42.1,42.1,%同比(官方),M,MONETARY_BASE_YOY,BOJ,OFFICIAL_CANONICAL,,,1973-11-15,REALTIME_ASSUMED,CONSERVATIVE_PROXY,OFFICIAL_NO_REV_AUDIT,conditional,true,true
1973-11-30,1973-11,43,43,%同比(官方),M,MONETARY_BASE_YOY,BOJ,OFFICIAL_CANONICAL,,,1973-12-15,REALTIME_ASSUMED,CONSERVATIVE_PROXY,OFFICIAL_NO_REV_AUDIT,conditional,true,true
1973-12-31,1973-12,35.9,35.9,%同比(官方),M,MONETARY_BASE_YOY,BOJ,OFFICIAL_CANONICAL,,,1974-01-15,REALTIME_ASSUMED,CONSERVATIVE_PROXY,OFFICIAL_NO_REV_AUDIT,conditional,true,true
1974-01-31,1974-01,37.1,37.1,%同比(官方),M,MONETARY_BASE_YOY,BOJ,OFFICIAL_CANONICAL,,,1974-02-15,REALTIME_ASSUMED,CONSERVATIVE_PROXY,OFFICIAL_NO_REV_AUDIT,conditional,true,true
1974-02-28,1974-02,35.2,35.2,%同比(官方),M,MONETARY_BASE_YOY,BOJ,OFFICIAL_CANONICAL,,,1974-03-15,REALTIME_ASSUMED,CONSERVATIVE_PROXY,OFFICIAL_NO_REV_AUDIT,conditional,true,true
1974-03-31,1974-03,31.2,31.2,%同比(官方),M,MONETARY_BASE_YOY,BOJ,OFFICIAL_CANONICAL,,,1974-04-15,REALTIME_ASSUMED,CONSERVATIVE_PROXY,OFFICIAL_NO_REV_AUDIT,conditional,true,true
1974-04-30,1974-04,25.5,25.5,%同比(官方),M,MONETARY_BASE_YOY,BOJ,OFFICIAL_CANONICAL,,,1974-05-15,REALTIME_ASSUMED,CONSERVATIVE_PROXY,OFFICIAL_NO_REV_AUDIT,conditional,true,true
1974-05-31,1974-05,26.7,26.7,%同比(官方),M,MONETARY_BASE_YOY,BOJ,OFFICIAL_CANONICAL,,,1974-06-15,REALTIME_ASSUMED,CONSERVATIVE_PROXY,OFFICIAL_NO_REV_AUDIT,conditional,true,true
1974-06-30,1974-06,27.9,27.9,%同比(官方),M,MONETARY_BASE_YOY,BOJ,OFFICIAL_CANONICAL,,,1974-07-15,REALTIME_ASSUMED,CONSERVATIVE_PROXY,OFFICIAL_NO_REV_AUDIT,conditional,true,true
1974-07-31,1974-07,25.2,25.2,%同比(官方),M,MONETARY_BASE_YOY,BOJ,OFFICIAL_CANONICAL,,,1974-08-15,REALTIME_ASSUMED,CONSERVATIVE_PROXY,OFFICIAL_NO_REV_AUDIT,conditional,true,true
1974-08-31,1974-08,23.9,23.9,%同比(官方),M,MONETARY_BASE_YOY,BOJ,OFFICIAL_CANONICAL,,,1974-09-15,REALTIME_ASSUMED,CONSERVATIVE_PROXY,OFFICIAL_NO_REV_AUDIT,conditional,true,true
1974-09-30,1974-09,21.9,21.9,%同比(官方),M,MONETARY_BASE_YOY,BOJ,OFFICIAL_CANONICAL,,,1974-10-15,REALTIME_ASSUMED,CONSERVATIVE_PROXY,OFFICIAL_NO_REV_AUDIT,conditional,true,true
1974-10-31,1974-10,18.6,18.6,%同比(官方),M,MONETARY_BASE_YOY,BOJ,OFFICIAL_CANONICAL,,,1974-11-15,REALTIME_ASSUMED,CONSERVATIVE_PROXY,OFFICIAL_NO_REV_AUDIT,conditional,true,true
1974-11-30,1974-11,19,19,%同比(官方),M,MONETARY_BASE_YOY,BOJ,OFFICIAL_CANONICAL,,,1974-12-15,REALTIME_ASSUMED,CONSERVATIVE_PROXY,OFFICIAL_NO_REV_AUDIT,conditional,true,true
1974-12-31,1974-12,17.1,17.1,%同比(官方),M,MONETARY_BASE_YOY,BOJ,OFFICIAL_CANONICAL,,,1975-01-15,REALTIME_ASSUMED,CONSERVATIVE_PROXY,OFFICIAL_NO_REV_AUDIT,conditional,true,true
1975-01-31,1975-01,18.4,18.4,%同比(官方),M,MONETARY_BASE_YOY,BOJ,OFFICIAL_CANONICAL,,,1975-02-15,REALTIME_ASSUMED,CONSERVATIVE_PROXY,OFFICIAL_NO_REV_AUDIT,conditional,true,true
1975-02-28,1975-02,16.3,16.3,%同比(官方),M,MONETARY_BASE_YOY,BOJ,OFFICIAL_CANONICAL,,,1975-03-15,REALTIME_ASSUMED,CONSERVATIVE_PROXY,OFFICIAL_NO_REV_AUDIT,conditional,true,true
1975-03-31,1975-03,16.4,16.4,%同比(官方),M,MONETARY_BASE_YOY,BOJ,OFFICIAL_CANONICAL,,,1975-04-15,REALTIME_ASSUMED,CONSERVATIVE_PROXY,OFFICIAL_NO_REV_AUDIT,conditional,true,true
1975-04-30,1975-04,16.6,16.6,%同比(官方),M,MONETARY_BASE_YOY,BOJ,OFFICIAL_CANONICAL,,,1975-05-15,REALTIME_ASSUMED,CONSERVATIVE_PROXY,OFFICIAL_NO_REV_AUDIT,conditional,true,true
1975-05-31,1975-05,13.7,13.7,%同比(官方),M,MONETARY_BASE_YOY,BOJ,OFFICIAL_CANONICAL,,,1975-06-15,REALTIME_ASSUMED,CONSERVATIVE_PROXY,OFFICIAL_NO_REV_AUDIT,conditional,true,true
1975-06-30,1975-06,13.1,13.1,%同比(官方),M,MONETARY_BASE_YOY,BOJ,OFFICIAL_CANONICAL,,,1975-07-15,REALTIME_ASSUMED,CONSERVATIVE_PROXY,OFFICIAL_NO_REV_AUDIT,conditional,true,true
1975-07-31,1975-07,11.1,11.1,%同比(官方),M,MONETARY_BASE_YOY,BOJ,OFFICIAL_CANONICAL,,,1975-08-15,REALTIME_ASSUMED,CONSERVATIVE_PROXY,OFFICIAL_NO_REV_AUDIT,conditional,true,true
1975-08-31,1975-08,12.3,12.3,%同比(官方),M,MONETARY_BASE_YOY,BOJ,OFFICIAL_CANONICAL,,,1975-09-15,REALTIME_ASSUMED,CONSERVATIVE_PROXY,OFFICIAL_NO_REV_AUDIT,conditional,true,true
1975-09-30,1975-09,12,12,%同比(官方),M,MONETARY_BASE_YOY,BOJ,OFFICIAL_CANONICAL,,,1975-10-15,REALTIME_ASSUMED,CONSERVATIVE_PROXY,OFFICIAL_NO_REV_AUDIT,conditional,true,true
1975-10-31,1975-10,11.9,11.9,%同比(官方),M,MONETARY_BASE_YOY,BOJ,OFFICIAL_CANONICAL,,,1975-11-15,REALTIME_ASSUMED,CONSERVATIVE_PROXY,OFFICIAL_NO_REV_AUDIT,conditional,true,true
1975-11-30,1975-11,10.2,10.2,%同比(官方),M,MONETARY_BASE_YOY,BOJ,OFFICIAL_CANONICAL,,,1975-12-15,REALTIME_ASSUMED,CONSERVATIVE_PROXY,OFFICIAL_NO_REV_AUDIT,conditional,true,true
1975-12-31,1975-12,8.4,8.4,%同比(官方),M,MONETARY_BASE_YOY,BOJ,OFFICIAL_CANONICAL,,,1976-01-15,REALTIME_ASSUMED,CONSERVATIVE_PROXY,OFFICIAL_NO_REV_AUDIT,conditional,true,true
1976-01-31,1976-01,4.9,4.9,%同比(官方),M,MONETARY_BASE_YOY,BOJ,OFFICIAL_CANONICAL,,,1976-02-15,REALTIME_ASSUMED,CONSERVATIVE_PROXY,OFFICIAL_NO_REV_AUDIT,conditional,true,true
1976-02-29,1976-02,6,6,%同比(官方),M,MONETARY_BASE_YOY,BOJ,OFFICIAL_CANONICAL,,,1976-03-15,REALTIME_ASSUMED,CONSERVATIVE_PROXY,OFFICIAL_NO_REV_AUDIT,conditional,true,true
1976-03-31,1976-03,3.5,3.5,%同比(官方),M,MONETARY_BASE_YOY,BOJ,OFFICIAL_CANONICAL,,,1976-04-15,REALTIME_ASSUMED,CONSERVATIVE_PROXY,OFFICIAL_NO_REV_AUDIT,conditional,true,true
1976-04-30,1976-04,3.6,3.6,%同比(官方),M,MONETARY_BASE_YOY,BOJ,OFFICIAL_CANONICAL,,,1976-05-15,REALTIME_ASSUMED,CONSERVATIVE_PROXY,OFFICIAL_NO_REV_AUDIT,conditional,true,true
1976-05-31,1976-05,5.7,5.7,%同比(官方),M,MONETARY_BASE_YOY,BOJ,OFFICIAL_CANONICAL,,,1976-06-15,REALTIME_ASSUMED,CONSERVATIVE_PROXY,OFFICIAL_NO_REV_AUDIT,conditional,true,true
1976-06-30,1976-06,2.8,2.8,%同比(官方),M,MONETARY_BASE_YOY,BOJ,OFFICIAL_CANONICAL,,,1976-07-15,REALTIME_ASSUMED,CONSERVATIVE_PROXY,OFFICIAL_NO_REV_AUDIT,conditional,true,true
1976-07-31,1976-07,3.7,3.7,%同比(官方),M,MONETARY_BASE_YOY,BOJ,OFFICIAL_CANONICAL,,,1976-08-15,REALTIME_ASSUMED,CONSERVATIVE_PROXY,OFFICIAL_NO_REV_AUDIT,conditional,true,true
1976-08-31,1976-08,3.3,3.3,%同比(官方),M,MONETARY_BASE_YOY,BOJ,OFFICIAL_CANONICAL,,,1976-09-15,REALTIME_ASSUMED,CONSERVATIVE_PROXY,OFFICIAL_NO_REV_AUDIT,conditional,true,true
1976-09-30,1976-09,3.3,3.3,%同比(官方),M,MONETARY_BASE_YOY,BOJ,OFFICIAL_CANONICAL,,,1976-10-15,REALTIME_ASSUMED,CONSERVATIVE_PROXY,OFFICIAL_NO_REV_AUDIT,conditional,true,true
1976-10-31,1976-10,3.5,3.5,%同比(官方),M,MONETARY_BASE_YOY,BOJ,OFFICIAL_CANONICAL,,,1976-11-15,REALTIME_ASSUMED,CONSERVATIVE_PROXY,OFFICIAL_NO_REV_AUDIT,conditional,true,true
1976-11-30,1976-11,4.7,4.7,%同比(官方),M,MONETARY_BASE_YOY,BOJ,OFFICIAL_CANONICAL,,,1976-12-15,REALTIME_ASSUMED,CONSERVATIVE_PROXY,OFFICIAL_NO_REV_AUDIT,conditional,true,true
1976-12-31,1976-12,7.7,7.7,%同比(官方),M,MONETARY_BASE_YOY,BOJ,OFFICIAL_CANONICAL,,,1977-01-15,REALTIME_ASSUMED,CONSERVATIVE_PROXY,OFFICIAL_NO_REV_AUDIT,conditional,true,true
1977-01-31,1977-01,7.6,7.6,%同比(官方),M,MONETARY_BASE_YOY,BOJ,OFFICIAL_CANONICAL,,,1977-02-15,REALTIME_ASSUMED,CONSERVATIVE_PROXY,OFFICIAL_NO_REV_AUDIT,conditional,true,true
1977-02-28,1977-02,9.6,9.6,%同比(官方),M,MONETARY_BASE_YOY,BOJ,OFFICIAL_CANONICAL,,,1977-03-15,REALTIME_ASSUMED,CONSERVATIVE_PROXY,OFFICIAL_NO_REV_AUDIT,conditional,true,true
1977-03-31,1977-03,9,9,%同比(官方),M,MONETARY_BASE_YOY,BOJ,OFFICIAL_CANONICAL,,,1977-04-15,REALTIME_ASSUMED,CONSERVATIVE_PROXY,OFFICIAL_NO_REV_AUDIT,conditional,true,true
1977-04-30,1977-04,12.6,12.6,%同比(官方),M,MONETARY_BASE_YOY,BOJ,OFFICIAL_CANONICAL,,,1977-05-15,REALTIME_ASSUMED,CONSERVATIVE_PROXY,OFFICIAL_NO_REV_AUDIT,conditional,true,true
1977-05-31,1977-05,5.8,5.8,%同比(官方),M,MONETARY_BASE_YOY,BOJ,OFFICIAL_CANONICAL,,,1977-06-15,REALTIME_ASSUMED,CONSERVATIVE_PROXY,OFFICIAL_NO_REV_AUDIT,conditional,true,true
1977-06-30,1977-06,9.5,9.5,%同比(官方),M,MONETARY_BASE_YOY,BOJ,OFFICIAL_CANONICAL,,,1977-07-15,REALTIME_ASSUMED,CONSERVATIVE_PROXY,OFFICIAL_NO_REV_AUDIT,conditional,true,true
1977-07-31,1977-07,10,10,%同比(官方),M,MONETARY_BASE_YOY,BOJ,OFFICIAL_CANONICAL,,,1977-08-15,REALTIME_ASSUMED,CONSERVATIVE_PROXY,OFFICIAL_NO_REV_AUDIT,conditional,true,true
1977-08-31,1977-08,9.5,9.5,%同比(官方),M,MONETARY_BASE_YOY,BOJ,OFFICIAL_CANONICAL,,,1977-09-15,REALTIME_ASSUMED,CONSERVATIVE_PROXY,OFFICIAL_NO_REV_AUDIT,conditional,true,true
1977-09-30,1977-09,8.9,8.9,%同比(官方),M,MONETARY_BASE_YOY,BOJ,OFFICIAL_CANONICAL,,,1977-10-15,REALTIME_ASSUMED,CONSERVATIVE_PROXY,OFFICIAL_NO_REV_AUDIT,conditional,true,true
1977-10-31,1977-10,8.7,8.7,%同比(官方),M,MONETARY_BASE_YOY,BOJ,OFFICIAL_CANONICAL,,,1977-11-15,REALTIME_ASSUMED,CONSERVATIVE_PROXY,OFFICIAL_NO_REV_AUDIT,conditional,true,true
1977-11-30,1977-11,3.6,3.6,%同比(官方),M,MONETARY_BASE_YOY,BOJ,OFFICIAL_CANONICAL,,,1977-12-15,REALTIME_ASSUMED,CONSERVATIVE_PROXY,OFFICIAL_NO_REV_AUDIT,conditional,true,true
1977-12-31,1977-12,6.8,6.8,%同比(官方),M,MONETARY_BASE_YOY,BOJ,OFFICIAL_CANONICAL,,,1978-01-15,REALTIME_ASSUMED,CONSERVATIVE_PROXY,OFFICIAL_NO_REV_AUDIT,conditional,true,true
1978-01-31,1978-01,6.5,6.5,%同比(官方),M,MONETARY_BASE_YOY,BOJ,OFFICIAL_CANONICAL,,,1978-02-15,REALTIME_ASSUMED,CONSERVATIVE_PROXY,OFFICIAL_NO_REV_AUDIT,conditional,true,true
1978-02-28,1978-02,6.2,6.2,%同比(官方),M,MONETARY_BASE_YOY,BOJ,OFFICIAL_CANONICAL,,,1978-03-15,REALTIME_ASSUMED,CONSERVATIVE_PROXY,OFFICIAL_NO_REV_AUDIT,conditional,true,true
1978-03-31,1978-03,9.4,9.4,%同比(官方),M,MONETARY_BASE_YOY,BOJ,OFFICIAL_CANONICAL,,,1978-04-15,REALTIME_ASSUMED,CONSERVATIVE_PROXY,OFFICIAL_NO_REV_AUDIT,conditional,true,true
1978-04-30,1978-04,7.7,7.7,%同比(官方),M,MONETARY_BASE_YOY,BOJ,OFFICIAL_CANONICAL,,,1978-05-15,REALTIME_ASSUMED,CONSERVATIVE_PROXY,OFFICIAL_NO_REV_AUDIT,conditional,true,true
1978-05-31,1978-05,10.8,10.8,%同比(官方),M,MONETARY_BASE_YOY,BOJ,OFFICIAL_CANONICAL,,,1978-06-15,REALTIME_ASSUMED,CONSERVATIVE_PROXY,OFFICIAL_NO_REV_AUDIT,conditional,true,true
1978-06-30,1978-06,9.4,9.4,%同比(官方),M,MONETARY_BASE_YOY,BOJ,OFFICIAL_CANONICAL,,,1978-07-15,REALTIME_ASSUMED,CONSERVATIVE_PROXY,OFFICIAL_NO_REV_AUDIT,conditional,true,true
1978-07-31,1978-07,6.2,6.2,%同比(官方),M,MONETARY_BASE_YOY,BOJ,OFFICIAL_CANONICAL,,,1978-08-15,REALTIME_ASSUMED,CONSERVATIVE_PROXY,OFFICIAL_NO_REV_AUDIT,conditional,true,true
1978-08-31,1978-08,9.3,9.3,%同比(官方),M,MONETARY_BASE_YOY,BOJ,OFFICIAL_CANONICAL,,,1978-09-15,REALTIME_ASSUMED,CONSERVATIVE_PROXY,OFFICIAL_NO_REV_AUDIT,conditional,true,true
1978-09-30,1978-09,10.6,10.6,%同比(官方),M,MONETARY_BASE_YOY,BOJ,OFFICIAL_CANONICAL,,,1978-10-15,REALTIME_ASSUMED,CONSERVATIVE_PROXY,OFFICIAL_NO_REV_AUDIT,conditional,true,true
1978-10-31,1978-10,11,11,%同比(官方),M,MONETARY_BASE_YOY,BOJ,OFFICIAL_CANONICAL,,,1978-11-15,REALTIME_ASSUMED,CONSERVATIVE_PROXY,OFFICIAL_NO_REV_AUDIT,conditional,true,true
1978-11-30,1978-11,15.2,15.2,%同比(官方),M,MONETARY_BASE_YOY,BOJ,OFFICIAL_CANONICAL,,,1978-12-15,REALTIME_ASSUMED,CONSERVATIVE_PROXY,OFFICIAL_NO_REV_AUDIT,conditional,true,true
1978-12-31,1978-12,13.9,13.9,%同比(官方),M,MONETARY_BASE_YOY,BOJ,OFFICIAL_CANONICAL,,,1979-01-15,REALTIME_ASSUMED,CONSERVATIVE_PROXY,OFFICIAL_NO_REV_AUDIT,conditional,true,true
1979-01-31,1979-01,14.7,14.7,%同比(官方),M,MONETARY_BASE_YOY,BOJ,OFFICIAL_CANONICAL,,,1979-02-15,REALTIME_ASSUMED,CONSERVATIVE_PROXY,OFFICIAL_NO_REV_AUDIT,conditional,true,true
1979-02-28,1979-02,11.5,11.5,%同比(官方),M,MONETARY_BASE_YOY,BOJ,OFFICIAL_CANONICAL,,,1979-03-15,REALTIME_ASSUMED,CONSERVATIVE_PROXY,OFFICIAL_NO_REV_AUDIT,conditional,true,true
1979-03-31,1979-03,10.6,10.6,%同比(官方),M,MONETARY_BASE_YOY,BOJ,OFFICIAL_CANONICAL,,,1979-04-15,REALTIME_ASSUMED,CONSERVATIVE_PROXY,OFFICIAL_NO_REV_AUDIT,conditional,true,true
1979-04-30,1979-04,8.4,8.4,%同比(官方),M,MONETARY_BASE_YOY,BOJ,OFFICIAL_CANONICAL,,,1979-05-15,REALTIME_ASSUMED,CONSERVATIVE_PROXY,OFFICIAL_NO_REV_AUDIT,conditional,true,true
1979-05-31,1979-05,11.4,11.4,%同比(官方),M,MONETARY_BASE_YOY,BOJ,OFFICIAL_CANONICAL,,,1979-06-15,REALTIME_ASSUMED,CONSERVATIVE_PROXY,OFFICIAL_NO_REV_AUDIT,conditional,true,true
1979-06-30,1979-06,9.6,9.6,%同比(官方),M,MONETARY_BASE_YOY,BOJ,OFFICIAL_CANONICAL,,,1979-07-15,REALTIME_ASSUMED,CONSERVATIVE_PROXY,OFFICIAL_NO_REV_AUDIT,conditional,true,true
1979-07-31,1979-07,10,10,%同比(官方),M,MONETARY_BASE_YOY,BOJ,OFFICIAL_CANONICAL,,,1979-08-15,REALTIME_ASSUMED,CONSERVATIVE_PROXY,OFFICIAL_NO_REV_AUDIT,conditional,true,true
1979-08-31,1979-08,9.4,9.4,%同比(官方),M,MONETARY_BASE_YOY,BOJ,OFFICIAL_CANONICAL,,,1979-09-15,REALTIME_ASSUMED,CONSERVATIVE_PROXY,OFFICIAL_NO_REV_AUDIT,conditional,true,true
1979-09-30,1979-09,8.2,8.2,%同比(官方),M,MONETARY_BASE_YOY,BOJ,OFFICIAL_CANONICAL,,,1979-10-15,REALTIME_ASSUMED,CONSERVATIVE_PROXY,OFFICIAL_NO_REV_AUDIT,conditional,true,true
1979-10-31,1979-10,8.4,8.4,%同比(官方),M,MONETARY_BASE_YOY,BOJ,OFFICIAL_CANONICAL,,,1979-11-15,REALTIME_ASSUMED,CONSERVATIVE_PROXY,OFFICIAL_NO_REV_AUDIT,conditional,true,true
1979-11-30,1979-11,7.8,7.8,%同比(官方),M,MONETARY_BASE_YOY,BOJ,OFFICIAL_CANONICAL,,,1979-12-15,REALTIME_ASSUMED,CONSERVATIVE_PROXY,OFFICIAL_NO_REV_AUDIT,conditional,true,true
1979-12-31,1979-12,6.1,6.1,%同比(官方),M,MONETARY_BASE_YOY,BOJ,OFFICIAL_CANONICAL,,,1980-01-15,REALTIME_ASSUMED,CONSERVATIVE_PROXY,OFFICIAL_NO_REV_AUDIT,conditional,true,true
1980-01-31,1980-01,6.5,6.5,%同比(官方),M,MONETARY_BASE_YOY,BOJ,OFFICIAL_CANONICAL,,,1980-02-15,REALTIME_ASSUMED,CONSERVATIVE_PROXY,OFFICIAL_NO_REV_AUDIT,conditional,true,true
1980-02-29,1980-02,7.9,7.9,%同比(官方),M,MONETARY_BASE_YOY,BOJ,OFFICIAL_CANONICAL,,,1980-03-15,REALTIME_ASSUMED,CONSERVATIVE_PROXY,OFFICIAL_NO_REV_AUDIT,conditional,true,true
1980-03-31,1980-03,11.5,11.5,%同比(官方),M,MONETARY_BASE_YOY,BOJ,OFFICIAL_CANONICAL,,,1980-04-15,REALTIME_ASSUMED,CONSERVATIVE_PROXY,OFFICIAL_NO_REV_AUDIT,conditional,true,true
1980-04-30,1980-04,14.8,14.8,%同比(官方),M,MONETARY_BASE_YOY,BOJ,OFFICIAL_CANONICAL,,,1980-05-15,REALTIME_ASSUMED,CONSERVATIVE_PROXY,OFFICIAL_NO_REV_AUDIT,conditional,true,true
1980-05-31,1980-05,14.4,14.4,%同比(官方),M,MONETARY_BASE_YOY,BOJ,OFFICIAL_CANONICAL,,,1980-06-15,REALTIME_ASSUMED,CONSERVATIVE_PROXY,OFFICIAL_NO_REV_AUDIT,conditional,true,true
1980-06-30,1980-06,14.6,14.6,%同比(官方),M,MONETARY_BASE_YOY,BOJ,OFFICIAL_CANONICAL,,,1980-07-15,REALTIME_ASSUMED,CONSERVATIVE_PROXY,OFFICIAL_NO_REV_AUDIT,conditional,true,true
1980-07-31,1980-07,13.1,13.1,%同比(官方),M,MONETARY_BASE_YOY,BOJ,OFFICIAL_CANONICAL,,,1980-08-15,REALTIME_ASSUMED,CONSERVATIVE_PROXY,OFFICIAL_NO_REV_AUDIT,conditional,true,true
1980-08-31,1980-08,11.2,11.2,%同比(官方),M,MONETARY_BASE_YOY,BOJ,OFFICIAL_CANONICAL,,,1980-09-15,REALTIME_ASSUMED,CONSERVATIVE_PROXY,OFFICIAL_NO_REV_AUDIT,conditional,true,true
1980-09-30,1980-09,11.5,11.5,%同比(官方),M,MONETARY_BASE_YOY,BOJ,OFFICIAL_CANONICAL,,,1980-10-15,REALTIME_ASSUMED,CONSERVATIVE_PROXY,OFFICIAL_NO_REV_AUDIT,conditional,true,true
1980-10-31,1980-10,9.8,9.8,%同比(官方),M,MONETARY_BASE_YOY,BOJ,OFFICIAL_CANONICAL,,,1980-11-15,REALTIME_ASSUMED,CONSERVATIVE_PROXY,OFFICIAL_NO_REV_AUDIT,conditional,true,true
1980-11-30,1980-11,11.5,11.5,%同比(官方),M,MONETARY_BASE_YOY,BOJ,OFFICIAL_CANONICAL,,,1980-12-15,REALTIME_ASSUMED,CONSERVATIVE_PROXY,OFFICIAL_NO_REV_AUDIT,conditional,true,true
1980-12-31,1980-12,6.9,6.9,%同比(官方),M,MONETARY_BASE_YOY,BOJ,OFFICIAL_CANONICAL,,,1981-01-15,REALTIME_ASSUMED,CONSERVATIVE_PROXY,OFFICIAL_NO_REV_AUDIT,conditional,true,true
1981-01-31,1981-01,5.7,5.7,%同比(官方),M,MONETARY_BASE_YOY,BOJ,OFFICIAL_CANONICAL,,,1981-02-15,REALTIME_ASSUMED,CONSERVATIVE_PROXY,OFFICIAL_NO_REV_AUDIT,conditional,true,true
1981-02-28,1981-02,5.8,5.8,%同比(官方),M,MONETARY_BASE_YOY,BOJ,OFFICIAL_CANONICAL,,,1981-03-15,REALTIME_ASSUMED,CONSERVATIVE_PROXY,OFFICIAL_NO_REV_AUDIT,conditional,true,true
1981-03-31,1981-03,4.1,4.1,%同比(官方),M,MONETARY_BASE_YOY,BOJ,OFFICIAL_CANONICAL,,,1981-04-15,REALTIME_ASSUMED,CONSERVATIVE_PROXY,OFFICIAL_NO_REV_AUDIT,conditional,true,true
1981-04-30,1981-04,-1.9,-1.9,%同比(官方),M,MONETARY_BASE_YOY,BOJ,OFFICIAL_CANONICAL,,,1981-05-15,REALTIME_ASSUMED,CONSERVATIVE_PROXY,OFFICIAL_NO_REV_AUDIT,conditional,true,true
1981-05-31,1981-05,-2.5,-2.5,%同比(官方),M,MONETARY_BASE_YOY,BOJ,OFFICIAL_CANONICAL,,,1981-06-15,REALTIME_ASSUMED,CONSERVATIVE_PROXY,OFFICIAL_NO_REV_AUDIT,conditional,true,true
1981-06-30,1981-06,-2.7,-2.7,%同比(官方),M,MONETARY_BASE_YOY,BOJ,OFFICIAL_CANONICAL,,,1981-07-15,REALTIME_ASSUMED,CONSERVATIVE_PROXY,OFFICIAL_NO_REV_AUDIT,conditional,true,true
1981-07-31,1981-07,-1.3,-1.3,%同比(官方),M,MONETARY_BASE_YOY,BOJ,OFFICIAL_CANONICAL,,,1981-08-15,REALTIME_ASSUMED,CONSERVATIVE_PROXY,OFFICIAL_NO_REV_AUDIT,conditional,true,true
1981-08-31,1981-08,-0.3,-0.3,%同比(官方),M,MONETARY_BASE_YOY,BOJ,OFFICIAL_CANONICAL,,,1981-09-15,REALTIME_ASSUMED,CONSERVATIVE_PROXY,OFFICIAL_NO_REV_AUDIT,conditional,true,true
1981-09-30,1981-09,-0.6,-0.6,%同比(官方),M,MONETARY_BASE_YOY,BOJ,OFFICIAL_CANONICAL,,,1981-10-15,REALTIME_ASSUMED,CONSERVATIVE_PROXY,OFFICIAL_NO_REV_AUDIT,conditional,true,true
1981-10-31,1981-10,0.6,0.6,%同比(官方),M,MONETARY_BASE_YOY,BOJ,OFFICIAL_CANONICAL,,,1981-11-15,REALTIME_ASSUMED,CONSERVATIVE_PROXY,OFFICIAL_NO_REV_AUDIT,conditional,true,true
1981-11-30,1981-11,-0.6,-0.6,%同比(官方),M,MONETARY_BASE_YOY,BOJ,OFFICIAL_CANONICAL,,,1981-12-15,REALTIME_ASSUMED,CONSERVATIVE_PROXY,OFFICIAL_NO_REV_AUDIT,conditional,true,true
1981-12-31,1981-12,3.7,3.7,%同比(官方),M,MONETARY_BASE_YOY,BOJ,OFFICIAL_CANONICAL,,,1982-01-15,REALTIME_ASSUMED,CONSERVATIVE_PROXY,OFFICIAL_NO_REV_AUDIT,conditional,true,true
1982-01-31,1982-01,2.3,2.3,%同比(官方),M,MONETARY_BASE_YOY,BOJ,OFFICIAL_CANONICAL,,,1982-02-15,REALTIME_ASSUMED,CONSERVATIVE_PROXY,OFFICIAL_NO_REV_AUDIT,conditional,true,true
1982-02-28,1982-02,3,3,%同比(官方),M,MONETARY_BASE_YOY,BOJ,OFFICIAL_CANONICAL,,,1982-03-15,REALTIME_ASSUMED,CONSERVATIVE_PROXY,OFFICIAL_NO_REV_AUDIT,conditional,true,true
1982-03-31,1982-03,3,3,%同比(官方),M,MONETARY_BASE_YOY,BOJ,OFFICIAL_CANONICAL,,,1982-04-15,REALTIME_ASSUMED,CONSERVATIVE_PROXY,OFFICIAL_NO_REV_AUDIT,conditional,true,true
1982-04-30,1982-04,7,7,%同比(官方),M,MONETARY_BASE_YOY,BOJ,OFFICIAL_CANONICAL,,,1982-05-15,REALTIME_ASSUMED,CONSERVATIVE_PROXY,OFFICIAL_NO_REV_AUDIT,conditional,true,true
1982-05-31,1982-05,7.7,7.7,%同比(官方),M,MONETARY_BASE_YOY,BOJ,OFFICIAL_CANONICAL,,,1982-06-15,REALTIME_ASSUMED,CONSERVATIVE_PROXY,OFFICIAL_NO_REV_AUDIT,conditional,true,true
1982-06-30,1982-06,7.2,7.2,%同比(官方),M,MONETARY_BASE_YOY,BOJ,OFFICIAL_CANONICAL,,,1982-07-15,REALTIME_ASSUMED,CONSERVATIVE_PROXY,OFFICIAL_NO_REV_AUDIT,conditional,true,true
1982-07-31,1982-07,7.5,7.5,%同比(官方),M,MONETARY_BASE_YOY,BOJ,OFFICIAL_CANONICAL,,,1982-08-15,REALTIME_ASSUMED,CONSERVATIVE_PROXY,OFFICIAL_NO_REV_AUDIT,conditional,true,true
1982-08-31,1982-08,8,8,%同比(官方),M,MONETARY_BASE_YOY,BOJ,OFFICIAL_CANONICAL,,,1982-09-15,REALTIME_ASSUMED,CONSERVATIVE_PROXY,OFFICIAL_NO_REV_AUDIT,conditional,true,true
1982-09-30,1982-09,7.7,7.7,%同比(官方),M,MONETARY_BASE_YOY,BOJ,OFFICIAL_CANONICAL,,,1982-10-15,REALTIME_ASSUMED,CONSERVATIVE_PROXY,OFFICIAL_NO_REV_AUDIT,conditional,true,true
1982-10-31,1982-10,8.3,8.3,%同比(官方),M,MONETARY_BASE_YOY,BOJ,OFFICIAL_CANONICAL,,,1982-11-15,REALTIME_ASSUMED,CONSERVATIVE_PROXY,OFFICIAL_NO_REV_AUDIT,conditional,true,true
1982-11-30,1982-11,8.4,8.4,%同比(官方),M,MONETARY_BASE_YOY,BOJ,OFFICIAL_CANONICAL,,,1982-12-15,REALTIME_ASSUMED,CONSERVATIVE_PROXY,OFFICIAL_NO_REV_AUDIT,conditional,true,true
1982-12-31,1982-12,7,7,%同比(官方),M,MONETARY_BASE_YOY,BOJ,OFFICIAL_CANONICAL,,,1983-01-15,REALTIME_ASSUMED,CONSERVATIVE_PROXY,OFFICIAL_NO_REV_AUDIT,conditional,true,true
1983-01-31,1983-01,7.1,7.1,%同比(官方),M,MONETARY_BASE_YOY,BOJ,OFFICIAL_CANONICAL,,,1983-02-15,REALTIME_ASSUMED,CONSERVATIVE_PROXY,OFFICIAL_NO_REV_AUDIT,conditional,true,true
1983-02-28,1983-02,8.3,8.3,%同比(官方),M,MONETARY_BASE_YOY,BOJ,OFFICIAL_CANONICAL,,,1983-03-15,REALTIME_ASSUMED,CONSERVATIVE_PROXY,OFFICIAL_NO_REV_AUDIT,conditional,true,true
1983-03-31,1983-03,8.7,8.7,%同比(官方),M,MONETARY_BASE_YOY,BOJ,OFFICIAL_CANONICAL,,,1983-04-15,REALTIME_ASSUMED,CONSERVATIVE_PROXY,OFFICIAL_NO_REV_AUDIT,conditional,true,true
1983-04-30,1983-04,5.8,5.8,%同比(官方),M,MONETARY_BASE_YOY,BOJ,OFFICIAL_CANONICAL,,,1983-05-15,REALTIME_ASSUMED,CONSERVATIVE_PROXY,OFFICIAL_NO_REV_AUDIT,conditional,true,true
1983-05-31,1983-05,6.1,6.1,%同比(官方),M,MONETARY_BASE_YOY,BOJ,OFFICIAL_CANONICAL,,,1983-06-15,REALTIME_ASSUMED,CONSERVATIVE_PROXY,OFFICIAL_NO_REV_AUDIT,conditional,true,true
1983-06-30,1983-06,5.7,5.7,%同比(官方),M,MONETARY_BASE_YOY,BOJ,OFFICIAL_CANONICAL,,,1983-07-15,REALTIME_ASSUMED,CONSERVATIVE_PROXY,OFFICIAL_NO_REV_AUDIT,conditional,true,true
1983-07-31,1983-07,5.1,5.1,%同比(官方),M,MONETARY_BASE_YOY,BOJ,OFFICIAL_CANONICAL,,,1983-08-15,REALTIME_ASSUMED,CONSERVATIVE_PROXY,OFFICIAL_NO_REV_AUDIT,conditional,true,true
1983-08-31,1983-08,5.1,5.1,%同比(官方),M,MONETARY_BASE_YOY,BOJ,OFFICIAL_CANONICAL,,,1983-09-15,REALTIME_ASSUMED,CONSERVATIVE_PROXY,OFFICIAL_NO_REV_AUDIT,conditional,true,true
1983-09-30,1983-09,4.9,4.9,%同比(官方),M,MONETARY_BASE_YOY,BOJ,OFFICIAL_CANONICAL,,,1983-10-15,REALTIME_ASSUMED,CONSERVATIVE_PROXY,OFFICIAL_NO_REV_AUDIT,conditional,true,true
1983-10-31,1983-10,5.3,5.3,%同比(官方),M,MONETARY_BASE_YOY,BOJ,OFFICIAL_CANONICAL,,,1983-11-15,REALTIME_ASSUMED,CONSERVATIVE_PROXY,OFFICIAL_NO_REV_AUDIT,conditional,true,true
1983-11-30,1983-11,4,4,%同比(官方),M,MONETARY_BASE_YOY,BOJ,OFFICIAL_CANONICAL,,,1983-12-15,REALTIME_ASSUMED,CONSERVATIVE_PROXY,OFFICIAL_NO_REV_AUDIT,conditional,true,true
1983-12-31,1983-12,4.5,4.5,%同比(官方),M,MONETARY_BASE_YOY,BOJ,OFFICIAL_CANONICAL,,,1984-01-15,REALTIME_ASSUMED,CONSERVATIVE_PROXY,OFFICIAL_NO_REV_AUDIT,conditional,true,true
1984-01-31,1984-01,4.7,4.7,%同比(官方),M,MONETARY_BASE_YOY,BOJ,OFFICIAL_CANONICAL,,,1984-02-15,REALTIME_ASSUMED,CONSERVATIVE_PROXY,OFFICIAL_NO_REV_AUDIT,conditional,true,true
1984-02-29,1984-02,4.3,4.3,%同比(官方),M,MONETARY_BASE_YOY,BOJ,OFFICIAL_CANONICAL,,,1984-03-15,REALTIME_ASSUMED,CONSERVATIVE_PROXY,OFFICIAL_NO_REV_AUDIT,conditional,true,true
1984-03-31,1984-03,3.5,3.5,%同比(官方),M,MONETARY_BASE_YOY,BOJ,OFFICIAL_CANONICAL,,,1984-04-15,REALTIME_ASSUMED,CONSERVATIVE_PROXY,OFFICIAL_NO_REV_AUDIT,conditional,true,true
1984-04-30,1984-04,5,5,%同比(官方),M,MONETARY_BASE_YOY,BOJ,OFFICIAL_CANONICAL,,,1984-05-15,REALTIME_ASSUMED,CONSERVATIVE_PROXY,OFFICIAL_NO_REV_AUDIT,conditional,true,true
1984-05-31,1984-05,4.3,4.3,%同比(官方),M,MONETARY_BASE_YOY,BOJ,OFFICIAL_CANONICAL,,,1984-06-15,REALTIME_ASSUMED,CONSERVATIVE_PROXY,OFFICIAL_NO_REV_AUDIT,conditional,true,true
1984-06-30,1984-06,3.8,3.8,%同比(官方),M,MONETARY_BASE_YOY,BOJ,OFFICIAL_CANONICAL,,,1984-07-15,REALTIME_ASSUMED,CONSERVATIVE_PROXY,OFFICIAL_NO_REV_AUDIT,conditional,true,true
1984-07-31,1984-07,5.6,5.6,%同比(官方),M,MONETARY_BASE_YOY,BOJ,OFFICIAL_CANONICAL,,,1984-08-15,REALTIME_ASSUMED,CONSERVATIVE_PROXY,OFFICIAL_NO_REV_AUDIT,conditional,true,true
1984-08-31,1984-08,4.1,4.1,%同比(官方),M,MONETARY_BASE_YOY,BOJ,OFFICIAL_CANONICAL,,,1984-09-15,REALTIME_ASSUMED,CONSERVATIVE_PROXY,OFFICIAL_NO_REV_AUDIT,conditional,true,true
1984-09-30,1984-09,6.2,6.2,%同比(官方),M,MONETARY_BASE_YOY,BOJ,OFFICIAL_CANONICAL,,,1984-10-15,REALTIME_ASSUMED,CONSERVATIVE_PROXY,OFFICIAL_NO_REV_AUDIT,conditional,true,true
1984-10-31,1984-10,4,4,%同比(官方),M,MONETARY_BASE_YOY,BOJ,OFFICIAL_CANONICAL,,,1984-11-15,REALTIME_ASSUMED,CONSERVATIVE_PROXY,OFFICIAL_NO_REV_AUDIT,conditional,true,true
1984-11-30,1984-11,8.6,8.6,%同比(官方),M,MONETARY_BASE_YOY,BOJ,OFFICIAL_CANONICAL,,,1984-12-15,REALTIME_ASSUMED,CONSERVATIVE_PROXY,OFFICIAL_NO_REV_AUDIT,conditional,true,true
1984-12-31,1984-12,4.7,4.7,%同比(官方),M,MONETARY_BASE_YOY,BOJ,OFFICIAL_CANONICAL,,,1985-01-15,REALTIME_ASSUMED,CONSERVATIVE_PROXY,OFFICIAL_NO_REV_AUDIT,conditional,true,true
1985-01-31,1985-01,8.1,8.1,%同比(官方),M,MONETARY_BASE_YOY,BOJ,OFFICIAL_CANONICAL,,,1985-02-15,REALTIME_ASSUMED,CONSERVATIVE_PROXY,OFFICIAL_NO_REV_AUDIT,conditional,true,true
1985-02-28,1985-02,6.9,6.9,%同比(官方),M,MONETARY_BASE_YOY,BOJ,OFFICIAL_CANONICAL,,,1985-03-15,REALTIME_ASSUMED,CONSERVATIVE_PROXY,OFFICIAL_NO_REV_AUDIT,conditional,true,true
1985-03-31,1985-03,7.9,7.9,%同比(官方),M,MONETARY_BASE_YOY,BOJ,OFFICIAL_CANONICAL,,,1985-04-15,REALTIME_ASSUMED,CONSERVATIVE_PROXY,OFFICIAL_NO_REV_AUDIT,conditional,true,true
1985-04-30,1985-04,6.7,6.7,%同比(官方),M,MONETARY_BASE_YOY,BOJ,OFFICIAL_CANONICAL,,,1985-05-15,REALTIME_ASSUMED,CONSERVATIVE_PROXY,OFFICIAL_NO_REV_AUDIT,conditional,true,true
1985-05-31,1985-05,7.1,7.1,%同比(官方),M,MONETARY_BASE_YOY,BOJ,OFFICIAL_CANONICAL,,,1985-06-15,REALTIME_ASSUMED,CONSERVATIVE_PROXY,OFFICIAL_NO_REV_AUDIT,conditional,true,true
1985-06-30,1985-06,6.8,6.8,%同比(官方),M,MONETARY_BASE_YOY,BOJ,OFFICIAL_CANONICAL,,,1985-07-15,REALTIME_ASSUMED,CONSERVATIVE_PROXY,OFFICIAL_NO_REV_AUDIT,conditional,true,true
1985-07-31,1985-07,6.8,6.8,%同比(官方),M,MONETARY_BASE_YOY,BOJ,OFFICIAL_CANONICAL,,,1985-08-15,REALTIME_ASSUMED,CONSERVATIVE_PROXY,OFFICIAL_NO_REV_AUDIT,conditional,true,true
1985-08-31,1985-08,6.6,6.6,%同比(官方),M,MONETARY_BASE_YOY,BOJ,OFFICIAL_CANONICAL,,,1985-09-15,REALTIME_ASSUMED,CONSERVATIVE_PROXY,OFFICIAL_NO_REV_AUDIT,conditional,true,true
1985-09-30,1985-09,5.9,5.9,%同比(官方),M,MONETARY_BASE_YOY,BOJ,OFFICIAL_CANONICAL,,,1985-10-15,REALTIME_ASSUMED,CONSERVATIVE_PROXY,OFFICIAL_NO_REV_AUDIT,conditional,true,true
1985-10-31,1985-10,6.5,6.5,%同比(官方),M,MONETARY_BASE_YOY,BOJ,OFFICIAL_CANONICAL,,,1985-11-15,REALTIME_ASSUMED,CONSERVATIVE_PROXY,OFFICIAL_NO_REV_AUDIT,conditional,true,true
1985-11-30,1985-11,4.8,4.8,%同比(官方),M,MONETARY_BASE_YOY,BOJ,OFFICIAL_CANONICAL,,,1985-12-15,REALTIME_ASSUMED,CONSERVATIVE_PROXY,OFFICIAL_NO_REV_AUDIT,conditional,true,true
1985-12-31,1985-12,6.7,6.7,%同比(官方),M,MONETARY_BASE_YOY,BOJ,OFFICIAL_CANONICAL,,,1986-01-15,REALTIME_ASSUMED,CONSERVATIVE_PROXY,OFFICIAL_NO_REV_AUDIT,conditional,true,true
1986-01-31,1986-01,6.5,6.5,%同比(官方),M,MONETARY_BASE_YOY,BOJ,OFFICIAL_CANONICAL,,,1986-02-15,REALTIME_ASSUMED,CONSERVATIVE_PROXY,OFFICIAL_NO_REV_AUDIT,conditional,true,true
1986-02-28,1986-02,7,7,%同比(官方),M,MONETARY_BASE_YOY,BOJ,OFFICIAL_CANONICAL,,,1986-03-15,REALTIME_ASSUMED,CONSERVATIVE_PROXY,OFFICIAL_NO_REV_AUDIT,conditional,true,true
1986-03-31,1986-03,5.9,5.9,%同比(官方),M,MONETARY_BASE_YOY,BOJ,OFFICIAL_CANONICAL,,,1986-04-15,REALTIME_ASSUMED,CONSERVATIVE_PROXY,OFFICIAL_NO_REV_AUDIT,conditional,true,true
1986-04-30,1986-04,6.3,6.3,%同比(官方),M,MONETARY_BASE_YOY,BOJ,OFFICIAL_CANONICAL,,,1986-05-15,REALTIME_ASSUMED,CONSERVATIVE_PROXY,OFFICIAL_NO_REV_AUDIT,conditional,true,true
1986-05-31,1986-05,7.7,7.7,%同比(官方),M,MONETARY_BASE_YOY,BOJ,OFFICIAL_CANONICAL,,,1986-06-15,REALTIME_ASSUMED,CONSERVATIVE_PROXY,OFFICIAL_NO_REV_AUDIT,conditional,true,true
1986-06-30,1986-06,7.7,7.7,%同比(官方),M,MONETARY_BASE_YOY,BOJ,OFFICIAL_CANONICAL,,,1986-07-15,REALTIME_ASSUMED,CONSERVATIVE_PROXY,OFFICIAL_NO_REV_AUDIT,conditional,true,true
1986-07-31,1986-07,6.2,6.2,%同比(官方),M,MONETARY_BASE_YOY,BOJ,OFFICIAL_CANONICAL,,,1986-08-15,REALTIME_ASSUMED,CONSERVATIVE_PROXY,OFFICIAL_NO_REV_AUDIT,conditional,true,true
1986-08-31,1986-08,6.1,6.1,%同比(官方),M,MONETARY_BASE_YOY,BOJ,OFFICIAL_CANONICAL,,,1986-09-15,REALTIME_ASSUMED,CONSERVATIVE_PROXY,OFFICIAL_NO_REV_AUDIT,conditional,true,true
1986-09-30,1986-09,6.4,6.4,%同比(官方),M,MONETARY_BASE_YOY,BOJ,OFFICIAL_CANONICAL,,,1986-10-15,REALTIME_ASSUMED,CONSERVATIVE_PROXY,OFFICIAL_NO_REV_AUDIT,conditional,true,true
1986-10-31,1986-10,6.8,6.8,%同比(官方),M,MONETARY_BASE_YOY,BOJ,OFFICIAL_CANONICAL,,,1986-11-15,REALTIME_ASSUMED,CONSERVATIVE_PROXY,OFFICIAL_NO_REV_AUDIT,conditional,true,true
1986-11-30,1986-11,10.7,10.7,%同比(官方),M,MONETARY_BASE_YOY,BOJ,OFFICIAL_CANONICAL,,,1986-12-15,REALTIME_ASSUMED,CONSERVATIVE_PROXY,OFFICIAL_NO_REV_AUDIT,conditional,true,true
1986-12-31,1986-12,8.7,8.7,%同比(官方),M,MONETARY_BASE_YOY,BOJ,OFFICIAL_CANONICAL,,,1987-01-15,REALTIME_ASSUMED,CONSERVATIVE_PROXY,OFFICIAL_NO_REV_AUDIT,conditional,true,true
1987-01-31,1987-01,9.1,9.1,%同比(官方),M,MONETARY_BASE_YOY,BOJ,OFFICIAL_CANONICAL,,,1987-02-15,REALTIME_ASSUMED,CONSERVATIVE_PROXY,OFFICIAL_NO_REV_AUDIT,conditional,true,true
1987-02-28,1987-02,11.5,11.5,%同比(官方),M,MONETARY_BASE_YOY,BOJ,OFFICIAL_CANONICAL,,,1987-03-15,REALTIME_ASSUMED,CONSERVATIVE_PROXY,OFFICIAL_NO_REV_AUDIT,conditional,true,true
1987-03-31,1987-03,12,12,%同比(官方),M,MONETARY_BASE_YOY,BOJ,OFFICIAL_CANONICAL,,,1987-04-15,REALTIME_ASSUMED,CONSERVATIVE_PROXY,OFFICIAL_NO_REV_AUDIT,conditional,true,true
1987-04-30,1987-04,11.6,11.6,%同比(官方),M,MONETARY_BASE_YOY,BOJ,OFFICIAL_CANONICAL,,,1987-05-15,REALTIME_ASSUMED,CONSERVATIVE_PROXY,OFFICIAL_NO_REV_AUDIT,conditional,true,true
1987-05-31,1987-05,12.5,12.5,%同比(官方),M,MONETARY_BASE_YOY,BOJ,OFFICIAL_CANONICAL,,,1987-06-15,REALTIME_ASSUMED,CONSERVATIVE_PROXY,OFFICIAL_NO_REV_AUDIT,conditional,true,true
1987-06-30,1987-06,12.5,12.5,%同比(官方),M,MONETARY_BASE_YOY,BOJ,OFFICIAL_CANONICAL,,,1987-07-15,REALTIME_ASSUMED,CONSERVATIVE_PROXY,OFFICIAL_NO_REV_AUDIT,conditional,true,true
1987-07-31,1987-07,13.8,13.8,%同比(官方),M,MONETARY_BASE_YOY,BOJ,OFFICIAL_CANONICAL,,,1987-08-15,REALTIME_ASSUMED,CONSERVATIVE_PROXY,OFFICIAL_NO_REV_AUDIT,conditional,true,true
1987-08-31,1987-08,14.6,14.6,%同比(官方),M,MONETARY_BASE_YOY,BOJ,OFFICIAL_CANONICAL,,,1987-09-15,REALTIME_ASSUMED,CONSERVATIVE_PROXY,OFFICIAL_NO_REV_AUDIT,conditional,true,true
1987-09-30,1987-09,14.9,14.9,%同比(官方),M,MONETARY_BASE_YOY,BOJ,OFFICIAL_CANONICAL,,,1987-10-15,REALTIME_ASSUMED,CONSERVATIVE_PROXY,OFFICIAL_NO_REV_AUDIT,conditional,true,true
1987-10-31,1987-10,15.4,15.4,%同比(官方),M,MONETARY_BASE_YOY,BOJ,OFFICIAL_CANONICAL,,,1987-11-15,REALTIME_ASSUMED,CONSERVATIVE_PROXY,OFFICIAL_NO_REV_AUDIT,conditional,true,true
1987-11-30,1987-11,10.3,10.3,%同比(官方),M,MONETARY_BASE_YOY,BOJ,OFFICIAL_CANONICAL,,,1987-12-15,REALTIME_ASSUMED,CONSERVATIVE_PROXY,OFFICIAL_NO_REV_AUDIT,conditional,true,true
1987-12-31,1987-12,10.4,10.4,%同比(官方),M,MONETARY_BASE_YOY,BOJ,OFFICIAL_CANONICAL,,,1988-01-15,REALTIME_ASSUMED,CONSERVATIVE_PROXY,OFFICIAL_NO_REV_AUDIT,conditional,true,true
1988-01-31,1988-01,10.3,10.3,%同比(官方),M,MONETARY_BASE_YOY,BOJ,OFFICIAL_CANONICAL,,,1988-02-15,REALTIME_ASSUMED,CONSERVATIVE_PROXY,OFFICIAL_NO_REV_AUDIT,conditional,true,true
1988-02-29,1988-02,10.6,10.6,%同比(官方),M,MONETARY_BASE_YOY,BOJ,OFFICIAL_CANONICAL,,,1988-03-15,REALTIME_ASSUMED,CONSERVATIVE_PROXY,OFFICIAL_NO_REV_AUDIT,conditional,true,true
1988-03-31,1988-03,11.6,11.6,%同比(官方),M,MONETARY_BASE_YOY,BOJ,OFFICIAL_CANONICAL,,,1988-04-15,REALTIME_ASSUMED,CONSERVATIVE_PROXY,OFFICIAL_NO_REV_AUDIT,conditional,true,true
1988-04-30,1988-04,12.7,12.7,%同比(官方),M,MONETARY_BASE_YOY,BOJ,OFFICIAL_CANONICAL,,,1988-05-15,REALTIME_ASSUMED,CONSERVATIVE_PROXY,OFFICIAL_NO_REV_AUDIT,conditional,true,true
1988-05-31,1988-05,12.6,12.6,%同比(官方),M,MONETARY_BASE_YOY,BOJ,OFFICIAL_CANONICAL,,,1988-06-15,REALTIME_ASSUMED,CONSERVATIVE_PROXY,OFFICIAL_NO_REV_AUDIT,conditional,true,true
1988-06-30,1988-06,10.4,10.4,%同比(官方),M,MONETARY_BASE_YOY,BOJ,OFFICIAL_CANONICAL,,,1988-07-15,REALTIME_ASSUMED,CONSERVATIVE_PROXY,OFFICIAL_NO_REV_AUDIT,conditional,true,true
1988-07-31,1988-07,11.2,11.2,%同比(官方),M,MONETARY_BASE_YOY,BOJ,OFFICIAL_CANONICAL,,,1988-08-15,REALTIME_ASSUMED,CONSERVATIVE_PROXY,OFFICIAL_NO_REV_AUDIT,conditional,true,true
1988-08-31,1988-08,10.5,10.5,%同比(官方),M,MONETARY_BASE_YOY,BOJ,OFFICIAL_CANONICAL,,,1988-09-15,REALTIME_ASSUMED,CONSERVATIVE_PROXY,OFFICIAL_NO_REV_AUDIT,conditional,true,true
1988-09-30,1988-09,10.9,10.9,%同比(官方),M,MONETARY_BASE_YOY,BOJ,OFFICIAL_CANONICAL,,,1988-10-15,REALTIME_ASSUMED,CONSERVATIVE_PROXY,OFFICIAL_NO_REV_AUDIT,conditional,true,true
1988-10-31,1988-10,10.7,10.7,%同比(官方),M,MONETARY_BASE_YOY,BOJ,OFFICIAL_CANONICAL,,,1988-11-15,REALTIME_ASSUMED,CONSERVATIVE_PROXY,OFFICIAL_NO_REV_AUDIT,conditional,true,true
1988-11-30,1988-11,10.4,10.4,%同比(官方),M,MONETARY_BASE_YOY,BOJ,OFFICIAL_CANONICAL,,,1988-12-15,REALTIME_ASSUMED,CONSERVATIVE_PROXY,OFFICIAL_NO_REV_AUDIT,conditional,true,true
1988-12-31,1988-12,9.2,9.2,%同比(官方),M,MONETARY_BASE_YOY,BOJ,OFFICIAL_CANONICAL,,,1989-01-15,REALTIME_ASSUMED,CONSERVATIVE_PROXY,OFFICIAL_NO_REV_AUDIT,conditional,true,true
1989-01-31,1989-01,11.3,11.3,%同比(官方),M,MONETARY_BASE_YOY,BOJ,OFFICIAL_CANONICAL,,,1989-02-15,REALTIME_ASSUMED,CONSERVATIVE_PROXY,OFFICIAL_NO_REV_AUDIT,conditional,true,true
1989-02-28,1989-02,11.6,11.6,%同比(官方),M,MONETARY_BASE_YOY,BOJ,OFFICIAL_CANONICAL,,,1989-03-15,REALTIME_ASSUMED,CONSERVATIVE_PROXY,OFFICIAL_NO_REV_AUDIT,conditional,true,true
1989-03-31,1989-03,10.8,10.8,%同比(官方),M,MONETARY_BASE_YOY,BOJ,OFFICIAL_CANONICAL,,,1989-04-15,REALTIME_ASSUMED,CONSERVATIVE_PROXY,OFFICIAL_NO_REV_AUDIT,conditional,true,true
1989-04-30,1989-04,10.9,10.9,%同比(官方),M,MONETARY_BASE_YOY,BOJ,OFFICIAL_CANONICAL,,,1989-05-15,REALTIME_ASSUMED,CONSERVATIVE_PROXY,OFFICIAL_NO_REV_AUDIT,conditional,true,true
1989-05-31,1989-05,10.6,10.6,%同比(官方),M,MONETARY_BASE_YOY,BOJ,OFFICIAL_CANONICAL,,,1989-06-15,REALTIME_ASSUMED,CONSERVATIVE_PROXY,OFFICIAL_NO_REV_AUDIT,conditional,true,true
1989-06-30,1989-06,11.2,11.2,%同比(官方),M,MONETARY_BASE_YOY,BOJ,OFFICIAL_CANONICAL,,,1989-07-15,REALTIME_ASSUMED,CONSERVATIVE_PROXY,OFFICIAL_NO_REV_AUDIT,conditional,true,true
1989-07-31,1989-07,10.5,10.5,%同比(官方),M,MONETARY_BASE_YOY,BOJ,OFFICIAL_CANONICAL,,,1989-08-15,REALTIME_ASSUMED,CONSERVATIVE_PROXY,OFFICIAL_NO_REV_AUDIT,conditional,true,true
1989-08-31,1989-08,11.8,11.8,%同比(官方),M,MONETARY_BASE_YOY,BOJ,OFFICIAL_CANONICAL,,,1989-09-15,REALTIME_ASSUMED,CONSERVATIVE_PROXY,OFFICIAL_NO_REV_AUDIT,conditional,true,true
1989-09-30,1989-09,11,11,%同比(官方),M,MONETARY_BASE_YOY,BOJ,OFFICIAL_CANONICAL,,,1989-10-15,REALTIME_ASSUMED,CONSERVATIVE_PROXY,OFFICIAL_NO_REV_AUDIT,conditional,true,true
1989-10-31,1989-10,11.6,11.6,%同比(官方),M,MONETARY_BASE_YOY,BOJ,OFFICIAL_CANONICAL,,,1989-11-15,REALTIME_ASSUMED,CONSERVATIVE_PROXY,OFFICIAL_NO_REV_AUDIT,conditional,true,true
1989-11-30,1989-11,11.6,11.6,%同比(官方),M,MONETARY_BASE_YOY,BOJ,OFFICIAL_CANONICAL,,,1989-12-15,REALTIME_ASSUMED,CONSERVATIVE_PROXY,OFFICIAL_NO_REV_AUDIT,conditional,true,true
1989-12-31,1989-12,12.6,12.6,%同比(官方),M,MONETARY_BASE_YOY,BOJ,OFFICIAL_CANONICAL,,,1990-01-15,REALTIME_ASSUMED,CONSERVATIVE_PROXY,OFFICIAL_NO_REV_AUDIT,conditional,true,true
1990-01-31,1990-01,12.9,12.9,%同比(官方),M,MONETARY_BASE_YOY,BOJ,OFFICIAL_CANONICAL,,,1990-02-15,REALTIME_ASSUMED,CONSERVATIVE_PROXY,OFFICIAL_NO_REV_AUDIT,conditional,true,true
1990-02-28,1990-02,11.6,11.6,%同比(官方),M,MONETARY_BASE_YOY,BOJ,OFFICIAL_CANONICAL,,,1990-03-15,REALTIME_ASSUMED,CONSERVATIVE_PROXY,OFFICIAL_NO_REV_AUDIT,conditional,true,true
1990-03-31,1990-03,10.8,10.8,%同比(官方),M,MONETARY_BASE_YOY,BOJ,OFFICIAL_CANONICAL,,,1990-04-15,REALTIME_ASSUMED,CONSERVATIVE_PROXY,OFFICIAL_NO_REV_AUDIT,conditional,true,true
1990-04-30,1990-04,13.3,13.3,%同比(官方),M,MONETARY_BASE_YOY,BOJ,OFFICIAL_CANONICAL,,,1990-05-15,REALTIME_ASSUMED,CONSERVATIVE_PROXY,OFFICIAL_NO_REV_AUDIT,conditional,true,true
1990-05-31,1990-05,9.8,9.8,%同比(官方),M,MONETARY_BASE_YOY,BOJ,OFFICIAL_CANONICAL,,,1990-06-15,REALTIME_ASSUMED,CONSERVATIVE_PROXY,OFFICIAL_NO_REV_AUDIT,conditional,true,true
1990-06-30,1990-06,9.4,9.4,%同比(官方),M,MONETARY_BASE_YOY,BOJ,OFFICIAL_CANONICAL,,,1990-07-15,REALTIME_ASSUMED,CONSERVATIVE_PROXY,OFFICIAL_NO_REV_AUDIT,conditional,true,true
1990-07-31,1990-07,9.8,9.8,%同比(官方),M,MONETARY_BASE_YOY,BOJ,OFFICIAL_CANONICAL,,,1990-08-15,REALTIME_ASSUMED,CONSERVATIVE_PROXY,OFFICIAL_NO_REV_AUDIT,conditional,true,true
1990-08-31,1990-08,8.7,8.7,%同比(官方),M,MONETARY_BASE_YOY,BOJ,OFFICIAL_CANONICAL,,,1990-09-15,REALTIME_ASSUMED,CONSERVATIVE_PROXY,OFFICIAL_NO_REV_AUDIT,conditional,true,true
1990-09-30,1990-09,9,9,%同比(官方),M,MONETARY_BASE_YOY,BOJ,OFFICIAL_CANONICAL,,,1990-10-15,REALTIME_ASSUMED,CONSERVATIVE_PROXY,OFFICIAL_NO_REV_AUDIT,conditional,true,true
1990-10-31,1990-10,6.9,6.9,%同比(官方),M,MONETARY_BASE_YOY,BOJ,OFFICIAL_CANONICAL,,,1990-11-15,REALTIME_ASSUMED,CONSERVATIVE_PROXY,OFFICIAL_NO_REV_AUDIT,conditional,true,true
1990-11-30,1990-11,6.6,6.6,%同比(官方),M,MONETARY_BASE_YOY,BOJ,OFFICIAL_CANONICAL,,,1990-12-15,REALTIME_ASSUMED,CONSERVATIVE_PROXY,OFFICIAL_NO_REV_AUDIT,conditional,true,true
1990-12-31,1990-12,6.6,6.6,%同比(官方),M,MONETARY_BASE_YOY,BOJ,OFFICIAL_CANONICAL,,,1991-01-15,REALTIME_ASSUMED,CONSERVATIVE_PROXY,OFFICIAL_NO_REV_AUDIT,conditional,true,true
1991-01-31,1991-01,5.1,5.1,%同比(官方),M,MONETARY_BASE_YOY,BOJ,OFFICIAL_CANONICAL,,,1991-02-15,REALTIME_ASSUMED,CONSERVATIVE_PROXY,OFFICIAL_NO_REV_AUDIT,conditional,true,true
1991-02-28,1991-02,2.7,2.7,%同比(官方),M,MONETARY_BASE_YOY,BOJ,OFFICIAL_CANONICAL,,,1991-03-15,REALTIME_ASSUMED,CONSERVATIVE_PROXY,OFFICIAL_NO_REV_AUDIT,conditional,true,true
1991-03-31,1991-03,4.1,4.1,%同比(官方),M,MONETARY_BASE_YOY,BOJ,OFFICIAL_CANONICAL,,,1991-04-15,REALTIME_ASSUMED,CONSERVATIVE_PROXY,OFFICIAL_NO_REV_AUDIT,conditional,true,true
1991-04-30,1991-04,0.4,0.4,%同比(官方),M,MONETARY_BASE_YOY,BOJ,OFFICIAL_CANONICAL,,,1991-05-15,REALTIME_ASSUMED,CONSERVATIVE_PROXY,OFFICIAL_NO_REV_AUDIT,conditional,true,true
1991-05-31,1991-05,2.2,2.2,%同比(官方),M,MONETARY_BASE_YOY,BOJ,OFFICIAL_CANONICAL,,,1991-06-15,REALTIME_ASSUMED,CONSERVATIVE_PROXY,OFFICIAL_NO_REV_AUDIT,conditional,true,true
1991-06-30,1991-06,3.4,3.4,%同比(官方),M,MONETARY_BASE_YOY,BOJ,OFFICIAL_CANONICAL,,,1991-07-15,REALTIME_ASSUMED,CONSERVATIVE_PROXY,OFFICIAL_NO_REV_AUDIT,conditional,true,true
1991-07-31,1991-07,2.1,2.1,%同比(官方),M,MONETARY_BASE_YOY,BOJ,OFFICIAL_CANONICAL,,,1991-08-15,REALTIME_ASSUMED,CONSERVATIVE_PROXY,OFFICIAL_NO_REV_AUDIT,conditional,true,true
1991-08-31,1991-08,1.4,1.4,%同比(官方),M,MONETARY_BASE_YOY,BOJ,OFFICIAL_CANONICAL,,,1991-09-15,REALTIME_ASSUMED,CONSERVATIVE_PROXY,OFFICIAL_NO_REV_AUDIT,conditional,true,true
1991-09-30,1991-09,0.9,0.9,%同比(官方),M,MONETARY_BASE_YOY,BOJ,OFFICIAL_CANONICAL,,,1991-10-15,REALTIME_ASSUMED,CONSERVATIVE_PROXY,OFFICIAL_NO_REV_AUDIT,conditional,true,true
1991-10-31,1991-10,0.7,0.7,%同比(官方),M,MONETARY_BASE_YOY,BOJ,OFFICIAL_CANONICAL,,,1991-11-15,REALTIME_ASSUMED,CONSERVATIVE_PROXY,OFFICIAL_NO_REV_AUDIT,conditional,true,true
1991-11-30,1991-11,-1.6,-1.6,%同比(官方),M,MONETARY_BASE_YOY,BOJ,OFFICIAL_CANONICAL,,,1991-12-15,REALTIME_ASSUMED,CONSERVATIVE_PROXY,OFFICIAL_NO_REV_AUDIT,conditional,true,true
1991-12-31,1991-12,-2.8,-2.8,%同比(官方),M,MONETARY_BASE_YOY,BOJ,OFFICIAL_CANONICAL,,,1992-01-15,REALTIME_ASSUMED,CONSERVATIVE_PROXY,OFFICIAL_NO_REV_AUDIT,conditional,true,true
1992-01-31,1992-01,-3.2,-3.2,%同比(官方),M,MONETARY_BASE_YOY,BOJ,OFFICIAL_CANONICAL,,,1992-02-15,REALTIME_ASSUMED,CONSERVATIVE_PROXY,OFFICIAL_NO_REV_AUDIT,conditional,true,true
1992-02-29,1992-02,-1.9,-1.9,%同比(官方),M,MONETARY_BASE_YOY,BOJ,OFFICIAL_CANONICAL,,,1992-03-15,REALTIME_ASSUMED,CONSERVATIVE_PROXY,OFFICIAL_NO_REV_AUDIT,conditional,true,true
1992-03-31,1992-03,-4,-4,%同比(官方),M,MONETARY_BASE_YOY,BOJ,OFFICIAL_CANONICAL,,,1992-04-15,REALTIME_ASSUMED,CONSERVATIVE_PROXY,OFFICIAL_NO_REV_AUDIT,conditional,true,true
1992-04-30,1992-04,-4,-4,%同比(官方),M,MONETARY_BASE_YOY,BOJ,OFFICIAL_CANONICAL,,,1992-05-15,REALTIME_ASSUMED,CONSERVATIVE_PROXY,OFFICIAL_NO_REV_AUDIT,conditional,true,true
1992-05-31,1992-05,-3.3,-3.3,%同比(官方),M,MONETARY_BASE_YOY,BOJ,OFFICIAL_CANONICAL,,,1992-06-15,REALTIME_ASSUMED,CONSERVATIVE_PROXY,OFFICIAL_NO_REV_AUDIT,conditional,true,true
1992-06-30,1992-06,-3.9,-3.9,%同比(官方),M,MONETARY_BASE_YOY,BOJ,OFFICIAL_CANONICAL,,,1992-07-15,REALTIME_ASSUMED,CONSERVATIVE_PROXY,OFFICIAL_NO_REV_AUDIT,conditional,true,true
1992-07-31,1992-07,-3.1,-3.1,%同比(官方),M,MONETARY_BASE_YOY,BOJ,OFFICIAL_CANONICAL,,,1992-08-15,REALTIME_ASSUMED,CONSERVATIVE_PROXY,OFFICIAL_NO_REV_AUDIT,conditional,true,true
1992-08-31,1992-08,-2.4,-2.4,%同比(官方),M,MONETARY_BASE_YOY,BOJ,OFFICIAL_CANONICAL,,,1992-09-15,REALTIME_ASSUMED,CONSERVATIVE_PROXY,OFFICIAL_NO_REV_AUDIT,conditional,true,true
1992-09-30,1992-09,-2.1,-2.1,%同比(官方),M,MONETARY_BASE_YOY,BOJ,OFFICIAL_CANONICAL,,,1992-10-15,REALTIME_ASSUMED,CONSERVATIVE_PROXY,OFFICIAL_NO_REV_AUDIT,conditional,true,true
1992-10-31,1992-10,-1.3,-1.3,%同比(官方),M,MONETARY_BASE_YOY,BOJ,OFFICIAL_CANONICAL,,,1992-11-15,REALTIME_ASSUMED,CONSERVATIVE_PROXY,OFFICIAL_NO_REV_AUDIT,conditional,true,true
1992-11-30,1992-11,1.2,1.2,%同比(官方),M,MONETARY_BASE_YOY,BOJ,OFFICIAL_CANONICAL,,,1992-12-15,REALTIME_ASSUMED,CONSERVATIVE_PROXY,OFFICIAL_NO_REV_AUDIT,conditional,true,true
1992-12-31,1992-12,1.4,1.4,%同比(官方),M,MONETARY_BASE_YOY,BOJ,OFFICIAL_CANONICAL,,,1993-01-15,REALTIME_ASSUMED,CONSERVATIVE_PROXY,OFFICIAL_NO_REV_AUDIT,conditional,true,true
1993-01-31,1993-01,1.3,1.3,%同比(官方),M,MONETARY_BASE_YOY,BOJ,OFFICIAL_CANONICAL,,,1993-02-15,REALTIME_ASSUMED,CONSERVATIVE_PROXY,OFFICIAL_NO_REV_AUDIT,conditional,true,true
1993-02-28,1993-02,2.7,2.7,%同比(官方),M,MONETARY_BASE_YOY,BOJ,OFFICIAL_CANONICAL,,,1993-03-15,REALTIME_ASSUMED,CONSERVATIVE_PROXY,OFFICIAL_NO_REV_AUDIT,conditional,true,true
1993-03-31,1993-03,2.7,2.7,%同比(官方),M,MONETARY_BASE_YOY,BOJ,OFFICIAL_CANONICAL,,,1993-04-15,REALTIME_ASSUMED,CONSERVATIVE_PROXY,OFFICIAL_NO_REV_AUDIT,conditional,true,true
1993-04-30,1993-04,3.3,3.3,%同比(官方),M,MONETARY_BASE_YOY,BOJ,OFFICIAL_CANONICAL,,,1993-05-15,REALTIME_ASSUMED,CONSERVATIVE_PROXY,OFFICIAL_NO_REV_AUDIT,conditional,true,true
1993-05-31,1993-05,4.4,4.4,%同比(官方),M,MONETARY_BASE_YOY,BOJ,OFFICIAL_CANONICAL,,,1993-06-15,REALTIME_ASSUMED,CONSERVATIVE_PROXY,OFFICIAL_NO_REV_AUDIT,conditional,true,true
1993-06-30,1993-06,3.5,3.5,%同比(官方),M,MONETARY_BASE_YOY,BOJ,OFFICIAL_CANONICAL,,,1993-07-15,REALTIME_ASSUMED,CONSERVATIVE_PROXY,OFFICIAL_NO_REV_AUDIT,conditional,true,true
1993-07-31,1993-07,3.7,3.7,%同比(官方),M,MONETARY_BASE_YOY,BOJ,OFFICIAL_CANONICAL,,,1993-08-15,REALTIME_ASSUMED,CONSERVATIVE_PROXY,OFFICIAL_NO_REV_AUDIT,conditional,true,true
1993-08-31,1993-08,3.3,3.3,%同比(官方),M,MONETARY_BASE_YOY,BOJ,OFFICIAL_CANONICAL,,,1993-09-15,REALTIME_ASSUMED,CONSERVATIVE_PROXY,OFFICIAL_NO_REV_AUDIT,conditional,true,true
1993-09-30,1993-09,3.4,3.4,%同比(官方),M,MONETARY_BASE_YOY,BOJ,OFFICIAL_CANONICAL,,,1993-10-15,REALTIME_ASSUMED,CONSERVATIVE_PROXY,OFFICIAL_NO_REV_AUDIT,conditional,true,true
1993-10-31,1993-10,4.9,4.9,%同比(官方),M,MONETARY_BASE_YOY,BOJ,OFFICIAL_CANONICAL,,,1993-11-15,REALTIME_ASSUMED,CONSERVATIVE_PROXY,OFFICIAL_NO_REV_AUDIT,conditional,true,true
1993-11-30,1993-11,3.8,3.8,%同比(官方),M,MONETARY_BASE_YOY,BOJ,OFFICIAL_CANONICAL,,,1993-12-15,REALTIME_ASSUMED,CONSERVATIVE_PROXY,OFFICIAL_NO_REV_AUDIT,conditional,true,true
1993-12-31,1993-12,3.7,3.7,%同比(官方),M,MONETARY_BASE_YOY,BOJ,OFFICIAL_CANONICAL,,,1994-01-15,REALTIME_ASSUMED,CONSERVATIVE_PROXY,OFFICIAL_NO_REV_AUDIT,conditional,true,true
1994-01-31,1994-01,4.6,4.6,%同比(官方),M,MONETARY_BASE_YOY,BOJ,OFFICIAL_CANONICAL,,,1994-02-15,REALTIME_ASSUMED,CONSERVATIVE_PROXY,OFFICIAL_NO_REV_AUDIT,conditional,true,true
1994-02-28,1994-02,4.2,4.2,%同比(官方),M,MONETARY_BASE_YOY,BOJ,OFFICIAL_CANONICAL,,,1994-03-15,REALTIME_ASSUMED,CONSERVATIVE_PROXY,OFFICIAL_NO_REV_AUDIT,conditional,true,true
1994-03-31,1994-03,4.7,4.7,%同比(官方),M,MONETARY_BASE_YOY,BOJ,OFFICIAL_CANONICAL,,,1994-04-15,REALTIME_ASSUMED,CONSERVATIVE_PROXY,OFFICIAL_NO_REV_AUDIT,conditional,true,true
1994-04-30,1994-04,4.6,4.6,%同比(官方),M,MONETARY_BASE_YOY,BOJ,OFFICIAL_CANONICAL,,,1994-05-15,REALTIME_ASSUMED,CONSERVATIVE_PROXY,OFFICIAL_NO_REV_AUDIT,conditional,true,true
1994-05-31,1994-05,4.2,4.2,%同比(官方),M,MONETARY_BASE_YOY,BOJ,OFFICIAL_CANONICAL,,,1994-06-15,REALTIME_ASSUMED,CONSERVATIVE_PROXY,OFFICIAL_NO_REV_AUDIT,conditional,true,true
1994-06-30,1994-06,4,4,%同比(官方),M,MONETARY_BASE_YOY,BOJ,OFFICIAL_CANONICAL,,,1994-07-15,REALTIME_ASSUMED,CONSERVATIVE_PROXY,OFFICIAL_NO_REV_AUDIT,conditional,true,true
1994-07-31,1994-07,4.6,4.6,%同比(官方),M,MONETARY_BASE_YOY,BOJ,OFFICIAL_CANONICAL,,,1994-08-15,REALTIME_ASSUMED,CONSERVATIVE_PROXY,OFFICIAL_NO_REV_AUDIT,conditional,true,true
1994-08-31,1994-08,4.9,4.9,%同比(官方),M,MONETARY_BASE_YOY,BOJ,OFFICIAL_CANONICAL,,,1994-09-15,REALTIME_ASSUMED,CONSERVATIVE_PROXY,OFFICIAL_NO_REV_AUDIT,conditional,true,true
1994-09-30,1994-09,6.5,6.5,%同比(官方),M,MONETARY_BASE_YOY,BOJ,OFFICIAL_CANONICAL,,,1994-10-15,REALTIME_ASSUMED,CONSERVATIVE_PROXY,OFFICIAL_NO_REV_AUDIT,conditional,true,true
1994-10-31,1994-10,4.8,4.8,%同比(官方),M,MONETARY_BASE_YOY,BOJ,OFFICIAL_CANONICAL,,,1994-11-15,REALTIME_ASSUMED,CONSERVATIVE_PROXY,OFFICIAL_NO_REV_AUDIT,conditional,true,true
1994-11-30,1994-11,4.3,4.3,%同比(官方),M,MONETARY_BASE_YOY,BOJ,OFFICIAL_CANONICAL,,,1994-12-15,REALTIME_ASSUMED,CONSERVATIVE_PROXY,OFFICIAL_NO_REV_AUDIT,conditional,true,true
1994-12-31,1994-12,4,4,%同比(官方),M,MONETARY_BASE_YOY,BOJ,OFFICIAL_CANONICAL,,,1995-01-15,REALTIME_ASSUMED,CONSERVATIVE_PROXY,OFFICIAL_NO_REV_AUDIT,conditional,true,true
1995-01-31,1995-01,4.8,4.8,%同比(官方),M,MONETARY_BASE_YOY,BOJ,OFFICIAL_CANONICAL,,,1995-02-15,REALTIME_ASSUMED,CONSERVATIVE_PROXY,OFFICIAL_NO_REV_AUDIT,conditional,true,true
1995-02-28,1995-02,3.9,3.9,%同比(官方),M,MONETARY_BASE_YOY,BOJ,OFFICIAL_CANONICAL,,,1995-03-15,REALTIME_ASSUMED,CONSERVATIVE_PROXY,OFFICIAL_NO_REV_AUDIT,conditional,true,true
1995-03-31,1995-03,4.1,4.1,%同比(官方),M,MONETARY_BASE_YOY,BOJ,OFFICIAL_CANONICAL,,,1995-04-15,REALTIME_ASSUMED,CONSERVATIVE_PROXY,OFFICIAL_NO_REV_AUDIT,conditional,true,true
1995-04-30,1995-04,4.4,4.4,%同比(官方),M,MONETARY_BASE_YOY,BOJ,OFFICIAL_CANONICAL,,,1995-05-15,REALTIME_ASSUMED,CONSERVATIVE_PROXY,OFFICIAL_NO_REV_AUDIT,conditional,true,true
1995-05-31,1995-05,3.8,3.8,%同比(官方),M,MONETARY_BASE_YOY,BOJ,OFFICIAL_CANONICAL,,,1995-06-15,REALTIME_ASSUMED,CONSERVATIVE_PROXY,OFFICIAL_NO_REV_AUDIT,conditional,true,true
1995-06-30,1995-06,4.7,4.7,%同比(官方),M,MONETARY_BASE_YOY,BOJ,OFFICIAL_CANONICAL,,,1995-07-15,REALTIME_ASSUMED,CONSERVATIVE_PROXY,OFFICIAL_NO_REV_AUDIT,conditional,true,true
1995-07-31,1995-07,4.1,4.1,%同比(官方),M,MONETARY_BASE_YOY,BOJ,OFFICIAL_CANONICAL,,,1995-08-15,REALTIME_ASSUMED,CONSERVATIVE_PROXY,OFFICIAL_NO_REV_AUDIT,conditional,true,true
1995-08-31,1995-08,4.3,4.3,%同比(官方),M,MONETARY_BASE_YOY,BOJ,OFFICIAL_CANONICAL,,,1995-09-15,REALTIME_ASSUMED,CONSERVATIVE_PROXY,OFFICIAL_NO_REV_AUDIT,conditional,true,true
1995-09-30,1995-09,4.6,4.6,%同比(官方),M,MONETARY_BASE_YOY,BOJ,OFFICIAL_CANONICAL,,,1995-10-15,REALTIME_ASSUMED,CONSERVATIVE_PROXY,OFFICIAL_NO_REV_AUDIT,conditional,true,true
1995-10-31,1995-10,6.2,6.2,%同比(官方),M,MONETARY_BASE_YOY,BOJ,OFFICIAL_CANONICAL,,,1995-11-15,REALTIME_ASSUMED,CONSERVATIVE_PROXY,OFFICIAL_NO_REV_AUDIT,conditional,true,true
1995-11-30,1995-11,7.6,7.6,%同比(官方),M,MONETARY_BASE_YOY,BOJ,OFFICIAL_CANONICAL,,,1995-12-15,REALTIME_ASSUMED,CONSERVATIVE_PROXY,OFFICIAL_NO_REV_AUDIT,conditional,true,true
1995-12-31,1995-12,6.1,6.1,%同比(官方),M,MONETARY_BASE_YOY,BOJ,OFFICIAL_CANONICAL,,,1996-01-15,REALTIME_ASSUMED,CONSERVATIVE_PROXY,OFFICIAL_NO_REV_AUDIT,conditional,true,true
1996-01-31,1996-01,7.7,7.7,%同比(官方),M,MONETARY_BASE_YOY,BOJ,OFFICIAL_CANONICAL,,,1996-02-15,REALTIME_ASSUMED,CONSERVATIVE_PROXY,OFFICIAL_NO_REV_AUDIT,conditional,true,true
1996-02-29,1996-02,9.1,9.1,%同比(官方),M,MONETARY_BASE_YOY,BOJ,OFFICIAL_CANONICAL,,,1996-03-15,REALTIME_ASSUMED,CONSERVATIVE_PROXY,OFFICIAL_NO_REV_AUDIT,conditional,true,true
1996-03-31,1996-03,8.7,8.7,%同比(官方),M,MONETARY_BASE_YOY,BOJ,OFFICIAL_CANONICAL,,,1996-04-15,REALTIME_ASSUMED,CONSERVATIVE_PROXY,OFFICIAL_NO_REV_AUDIT,conditional,true,true
1996-04-30,1996-04,8.9,8.9,%同比(官方),M,MONETARY_BASE_YOY,BOJ,OFFICIAL_CANONICAL,,,1996-05-15,REALTIME_ASSUMED,CONSERVATIVE_PROXY,OFFICIAL_NO_REV_AUDIT,conditional,true,true
1996-05-31,1996-05,8.6,8.6,%同比(官方),M,MONETARY_BASE_YOY,BOJ,OFFICIAL_CANONICAL,,,1996-06-15,REALTIME_ASSUMED,CONSERVATIVE_PROXY,OFFICIAL_NO_REV_AUDIT,conditional,true,true
1996-06-30,1996-06,9.7,9.7,%同比(官方),M,MONETARY_BASE_YOY,BOJ,OFFICIAL_CANONICAL,,,1996-07-15,REALTIME_ASSUMED,CONSERVATIVE_PROXY,OFFICIAL_NO_REV_AUDIT,conditional,true,true
1996-07-31,1996-07,8.4,8.4,%同比(官方),M,MONETARY_BASE_YOY,BOJ,OFFICIAL_CANONICAL,,,1996-08-15,REALTIME_ASSUMED,CONSERVATIVE_PROXY,OFFICIAL_NO_REV_AUDIT,conditional,true,true
1996-08-31,1996-08,8.1,8.1,%同比(官方),M,MONETARY_BASE_YOY,BOJ,OFFICIAL_CANONICAL,,,1996-09-15,REALTIME_ASSUMED,CONSERVATIVE_PROXY,OFFICIAL_NO_REV_AUDIT,conditional,true,true
1996-09-30,1996-09,7.9,7.9,%同比(官方),M,MONETARY_BASE_YOY,BOJ,OFFICIAL_CANONICAL,,,1996-10-15,REALTIME_ASSUMED,CONSERVATIVE_PROXY,OFFICIAL_NO_REV_AUDIT,conditional,true,true
1996-10-31,1996-10,7.2,7.2,%同比(官方),M,MONETARY_BASE_YOY,BOJ,OFFICIAL_CANONICAL,,,1996-11-15,REALTIME_ASSUMED,CONSERVATIVE_PROXY,OFFICIAL_NO_REV_AUDIT,conditional,true,true
1996-11-30,1996-11,7.3,7.3,%同比(官方),M,MONETARY_BASE_YOY,BOJ,OFFICIAL_CANONICAL,,,1996-12-15,REALTIME_ASSUMED,CONSERVATIVE_PROXY,OFFICIAL_NO_REV_AUDIT,conditional,true,true
1996-12-31,1996-12,7.3,7.3,%同比(官方),M,MONETARY_BASE_YOY,BOJ,OFFICIAL_CANONICAL,,,1997-01-15,REALTIME_ASSUMED,CONSERVATIVE_PROXY,OFFICIAL_NO_REV_AUDIT,conditional,true,true
1997-01-31,1997-01,7.7,7.7,%同比(官方),M,MONETARY_BASE_YOY,BOJ,OFFICIAL_CANONICAL,,,1997-02-15,REALTIME_ASSUMED,CONSERVATIVE_PROXY,OFFICIAL_NO_REV_AUDIT,conditional,true,true
1997-02-28,1997-02,6.9,6.9,%同比(官方),M,MONETARY_BASE_YOY,BOJ,OFFICIAL_CANONICAL,,,1997-03-15,REALTIME_ASSUMED,CONSERVATIVE_PROXY,OFFICIAL_NO_REV_AUDIT,conditional,true,true
1997-03-31,1997-03,7.6,7.6,%同比(官方),M,MONETARY_BASE_YOY,BOJ,OFFICIAL_CANONICAL,,,1997-04-15,REALTIME_ASSUMED,CONSERVATIVE_PROXY,OFFICIAL_NO_REV_AUDIT,conditional,true,true
1997-04-30,1997-04,6.7,6.7,%同比(官方),M,MONETARY_BASE_YOY,BOJ,OFFICIAL_CANONICAL,,,1997-05-15,REALTIME_ASSUMED,CONSERVATIVE_PROXY,OFFICIAL_NO_REV_AUDIT,conditional,true,true
1997-05-31,1997-05,6.8,6.8,%同比(官方),M,MONETARY_BASE_YOY,BOJ,OFFICIAL_CANONICAL,,,1997-06-15,REALTIME_ASSUMED,CONSERVATIVE_PROXY,OFFICIAL_NO_REV_AUDIT,conditional,true,true
1997-06-30,1997-06,7.4,7.4,%同比(官方),M,MONETARY_BASE_YOY,BOJ,OFFICIAL_CANONICAL,,,1997-07-15,REALTIME_ASSUMED,CONSERVATIVE_PROXY,OFFICIAL_NO_REV_AUDIT,conditional,true,true
1997-07-31,1997-07,7.1,7.1,%同比(官方),M,MONETARY_BASE_YOY,BOJ,OFFICIAL_CANONICAL,,,1997-08-15,REALTIME_ASSUMED,CONSERVATIVE_PROXY,OFFICIAL_NO_REV_AUDIT,conditional,true,true
1997-08-31,1997-08,7.5,7.5,%同比(官方),M,MONETARY_BASE_YOY,BOJ,OFFICIAL_CANONICAL,,,1997-09-15,REALTIME_ASSUMED,CONSERVATIVE_PROXY,OFFICIAL_NO_REV_AUDIT,conditional,true,true
1997-09-30,1997-09,7.3,7.3,%同比(官方),M,MONETARY_BASE_YOY,BOJ,OFFICIAL_CANONICAL,,,1997-10-15,REALTIME_ASSUMED,CONSERVATIVE_PROXY,OFFICIAL_NO_REV_AUDIT,conditional,true,true
1997-10-31,1997-10,7.2,7.2,%同比(官方),M,MONETARY_BASE_YOY,BOJ,OFFICIAL_CANONICAL,,,1997-11-15,REALTIME_ASSUMED,CONSERVATIVE_PROXY,OFFICIAL_NO_REV_AUDIT,conditional,true,true
1997-11-30,1997-11,9.4,9.4,%同比(官方),M,MONETARY_BASE_YOY,BOJ,OFFICIAL_CANONICAL,,,1997-12-15,REALTIME_ASSUMED,CONSERVATIVE_PROXY,OFFICIAL_NO_REV_AUDIT,conditional,true,true
1997-12-31,1997-12,9.9,9.9,%同比(官方),M,MONETARY_BASE_YOY,BOJ,OFFICIAL_CANONICAL,,,1998-01-15,REALTIME_ASSUMED,CONSERVATIVE_PROXY,OFFICIAL_NO_REV_AUDIT,conditional,true,true
1998-01-31,1998-01,9.2,9.2,%同比(官方),M,MONETARY_BASE_YOY,BOJ,OFFICIAL_CANONICAL,,,1998-02-15,REALTIME_ASSUMED,CONSERVATIVE_PROXY,OFFICIAL_NO_REV_AUDIT,conditional,true,true
1998-02-28,1998-02,10.1,10.1,%同比(官方),M,MONETARY_BASE_YOY,BOJ,OFFICIAL_CANONICAL,,,1998-03-15,REALTIME_ASSUMED,CONSERVATIVE_PROXY,OFFICIAL_NO_REV_AUDIT,conditional,true,true
1998-03-31,1998-03,9,9,%同比(官方),M,MONETARY_BASE_YOY,BOJ,OFFICIAL_CANONICAL,,,1998-04-15,REALTIME_ASSUMED,CONSERVATIVE_PROXY,OFFICIAL_NO_REV_AUDIT,conditional,true,true
1998-04-30,1998-04,9.3,9.3,%同比(官方),M,MONETARY_BASE_YOY,BOJ,OFFICIAL_CANONICAL,,,1998-05-15,REALTIME_ASSUMED,CONSERVATIVE_PROXY,OFFICIAL_NO_REV_AUDIT,conditional,true,true
1998-05-31,1998-05,9.6,9.6,%同比(官方),M,MONETARY_BASE_YOY,BOJ,OFFICIAL_CANONICAL,,,1998-06-15,REALTIME_ASSUMED,CONSERVATIVE_PROXY,OFFICIAL_NO_REV_AUDIT,conditional,true,true
1998-06-30,1998-06,9.4,9.4,%同比(官方),M,MONETARY_BASE_YOY,BOJ,OFFICIAL_CANONICAL,,,1998-07-15,REALTIME_ASSUMED,CONSERVATIVE_PROXY,OFFICIAL_NO_REV_AUDIT,conditional,true,true
1998-07-31,1998-07,8.3,8.3,%同比(官方),M,MONETARY_BASE_YOY,BOJ,OFFICIAL_CANONICAL,,,1998-08-15,REALTIME_ASSUMED,CONSERVATIVE_PROXY,OFFICIAL_NO_REV_AUDIT,conditional,true,true
1998-08-31,1998-08,9,9,%同比(官方),M,MONETARY_BASE_YOY,BOJ,OFFICIAL_CANONICAL,,,1998-09-15,REALTIME_ASSUMED,CONSERVATIVE_PROXY,OFFICIAL_NO_REV_AUDIT,conditional,true,true
1998-09-30,1998-09,9.2,9.2,%同比(官方),M,MONETARY_BASE_YOY,BOJ,OFFICIAL_CANONICAL,,,1998-10-15,REALTIME_ASSUMED,CONSERVATIVE_PROXY,OFFICIAL_NO_REV_AUDIT,conditional,true,true
1998-10-31,1998-10,9.8,9.8,%同比(官方),M,MONETARY_BASE_YOY,BOJ,OFFICIAL_CANONICAL,,,1998-11-15,REALTIME_ASSUMED,CONSERVATIVE_PROXY,OFFICIAL_NO_REV_AUDIT,conditional,true,true
1998-11-30,1998-11,6.9,6.9,%同比(官方),M,MONETARY_BASE_YOY,BOJ,OFFICIAL_CANONICAL,,,1998-12-15,REALTIME_ASSUMED,CONSERVATIVE_PROXY,OFFICIAL_NO_REV_AUDIT,conditional,true,true
1998-12-31,1998-12,4,4,%同比(官方),M,MONETARY_BASE_YOY,BOJ,OFFICIAL_CANONICAL,,,1999-01-15,REALTIME_ASSUMED,CONSERVATIVE_PROXY,OFFICIAL_NO_REV_AUDIT,conditional,true,true
1999-01-31,1999-01,3.7,3.7,%同比(官方),M,MONETARY_BASE_YOY,BOJ,OFFICIAL_CANONICAL,,,1999-02-15,REALTIME_ASSUMED,CONSERVATIVE_PROXY,OFFICIAL_NO_REV_AUDIT,conditional,true,true
1999-02-28,1999-02,4.9,4.9,%同比(官方),M,MONETARY_BASE_YOY,BOJ,OFFICIAL_CANONICAL,,,1999-03-15,REALTIME_ASSUMED,CONSERVATIVE_PROXY,OFFICIAL_NO_REV_AUDIT,conditional,true,true
1999-03-31,1999-03,6.2,6.2,%同比(官方),M,MONETARY_BASE_YOY,BOJ,OFFICIAL_CANONICAL,,,1999-04-15,REALTIME_ASSUMED,CONSERVATIVE_PROXY,OFFICIAL_NO_REV_AUDIT,conditional,true,true
1999-04-30,1999-04,7,7,%同比(官方),M,MONETARY_BASE_YOY,BOJ,OFFICIAL_CANONICAL,,,1999-05-15,REALTIME_ASSUMED,CONSERVATIVE_PROXY,OFFICIAL_NO_REV_AUDIT,conditional,true,true
1999-05-31,1999-05,7.7,7.7,%同比(官方),M,MONETARY_BASE_YOY,BOJ,OFFICIAL_CANONICAL,,,1999-06-15,REALTIME_ASSUMED,CONSERVATIVE_PROXY,OFFICIAL_NO_REV_AUDIT,conditional,true,true
1999-06-30,1999-06,6.4,6.4,%同比(官方),M,MONETARY_BASE_YOY,BOJ,OFFICIAL_CANONICAL,,,1999-07-15,REALTIME_ASSUMED,CONSERVATIVE_PROXY,OFFICIAL_NO_REV_AUDIT,conditional,true,true
1999-07-31,1999-07,7.9,7.9,%同比(官方),M,MONETARY_BASE_YOY,BOJ,OFFICIAL_CANONICAL,,,1999-08-15,REALTIME_ASSUMED,CONSERVATIVE_PROXY,OFFICIAL_NO_REV_AUDIT,conditional,true,true
1999-08-31,1999-08,7.3,7.3,%同比(官方),M,MONETARY_BASE_YOY,BOJ,OFFICIAL_CANONICAL,,,1999-09-15,REALTIME_ASSUMED,CONSERVATIVE_PROXY,OFFICIAL_NO_REV_AUDIT,conditional,true,true
1999-09-30,1999-09,7.4,7.4,%同比(官方),M,MONETARY_BASE_YOY,BOJ,OFFICIAL_CANONICAL,,,1999-10-15,REALTIME_ASSUMED,CONSERVATIVE_PROXY,OFFICIAL_NO_REV_AUDIT,conditional,true,true
1999-10-31,1999-10,6.9,6.9,%同比(官方),M,MONETARY_BASE_YOY,BOJ,OFFICIAL_CANONICAL,,,1999-11-15,REALTIME_ASSUMED,CONSERVATIVE_PROXY,OFFICIAL_NO_REV_AUDIT,conditional,true,true
1999-11-30,1999-11,7.4,7.4,%同比(官方),M,MONETARY_BASE_YOY,BOJ,OFFICIAL_CANONICAL,,,1999-12-15,REALTIME_ASSUMED,CONSERVATIVE_PROXY,OFFICIAL_NO_REV_AUDIT,conditional,true,true
1999-12-31,1999-12,14.2,14.2,%同比(官方),M,MONETARY_BASE_YOY,BOJ,OFFICIAL_CANONICAL,,,2000-01-15,REALTIME_ASSUMED,CONSERVATIVE_PROXY,OFFICIAL_NO_REV_AUDIT,conditional,true,true
2000-01-31,2000-01,22.8,22.8,%同比(官方),M,MONETARY_BASE_YOY,BOJ,OFFICIAL_CANONICAL,,,2000-02-15,REALTIME_ASSUMED,CONSERVATIVE_PROXY,OFFICIAL_NO_REV_AUDIT,conditional,true,true
2000-02-29,2000-02,9.4,9.4,%同比(官方),M,MONETARY_BASE_YOY,BOJ,OFFICIAL_CANONICAL,,,2000-03-15,REALTIME_ASSUMED,CONSERVATIVE_PROXY,OFFICIAL_NO_REV_AUDIT,conditional,true,true
2000-03-31,2000-03,10.9,10.9,%同比(官方),M,MONETARY_BASE_YOY,BOJ,OFFICIAL_CANONICAL,,,2000-04-15,REALTIME_ASSUMED,CONSERVATIVE_PROXY,OFFICIAL_NO_REV_AUDIT,conditional,true,true
2000-04-30,2000-04,11.7,11.7,%同比(官方),M,MONETARY_BASE_YOY,BOJ,OFFICIAL_CANONICAL,,,2000-05-15,REALTIME_ASSUMED,CONSERVATIVE_PROXY,OFFICIAL_NO_REV_AUDIT,conditional,true,true
2000-05-31,2000-05,7.6,7.6,%同比(官方),M,MONETARY_BASE_YOY,BOJ,OFFICIAL_CANONICAL,,,2000-06-15,REALTIME_ASSUMED,CONSERVATIVE_PROXY,OFFICIAL_NO_REV_AUDIT,conditional,true,true
2000-06-30,2000-06,6.4,6.4,%同比(官方),M,MONETARY_BASE_YOY,BOJ,OFFICIAL_CANONICAL,,,2000-07-15,REALTIME_ASSUMED,CONSERVATIVE_PROXY,OFFICIAL_NO_REV_AUDIT,conditional,true,true
2000-07-31,2000-07,5.8,5.8,%同比(官方),M,MONETARY_BASE_YOY,BOJ,OFFICIAL_CANONICAL,,,2000-08-15,REALTIME_ASSUMED,CONSERVATIVE_PROXY,OFFICIAL_NO_REV_AUDIT,conditional,true,true
2000-08-31,2000-08,4.6,4.6,%同比(官方),M,MONETARY_BASE_YOY,BOJ,OFFICIAL_CANONICAL,,,2000-09-15,REALTIME_ASSUMED,CONSERVATIVE_PROXY,OFFICIAL_NO_REV_AUDIT,conditional,true,true
2000-09-30,2000-09,4,4,%同比(官方),M,MONETARY_BASE_YOY,BOJ,OFFICIAL_CANONICAL,,,2000-10-15,REALTIME_ASSUMED,CONSERVATIVE_PROXY,OFFICIAL_NO_REV_AUDIT,conditional,true,true
2000-10-31,2000-10,5.3,5.3,%同比(官方),M,MONETARY_BASE_YOY,BOJ,OFFICIAL_CANONICAL,,,2000-11-15,REALTIME_ASSUMED,CONSERVATIVE_PROXY,OFFICIAL_NO_REV_AUDIT,conditional,true,true
2000-11-30,2000-11,5.7,5.7,%同比(官方),M,MONETARY_BASE_YOY,BOJ,OFFICIAL_CANONICAL,,,2000-12-15,REALTIME_ASSUMED,CONSERVATIVE_PROXY,OFFICIAL_NO_REV_AUDIT,conditional,true,true
2000-12-31,2000-12,-1.1,-1.1,%同比(官方),M,MONETARY_BASE_YOY,BOJ,OFFICIAL_CANONICAL,,,2001-01-15,REALTIME_ASSUMED,CONSERVATIVE_PROXY,OFFICIAL_NO_REV_AUDIT,conditional,true,true
2001-01-31,2001-01,-5.6,-5.6,%同比(官方),M,MONETARY_BASE_YOY,BOJ,OFFICIAL_CANONICAL,,,2001-02-15,REALTIME_ASSUMED,CONSERVATIVE_PROXY,OFFICIAL_NO_REV_AUDIT,conditional,true,true
2001-02-28,2001-02,3.4,3.4,%同比(官方),M,MONETARY_BASE_YOY,BOJ,OFFICIAL_CANONICAL,,,2001-03-15,REALTIME_ASSUMED,CONSERVATIVE_PROXY,OFFICIAL_NO_REV_AUDIT,conditional,true,true
2001-03-31,2001-03,1.2,1.2,%同比(官方),M,MONETARY_BASE_YOY,BOJ,OFFICIAL_CANONICAL,,,2001-04-15,REALTIME_ASSUMED,CONSERVATIVE_PROXY,OFFICIAL_NO_REV_AUDIT,conditional,true,true
2001-04-30,2001-04,1.4,1.4,%同比(官方),M,MONETARY_BASE_YOY,BOJ,OFFICIAL_CANONICAL,,,2001-05-15,REALTIME_ASSUMED,CONSERVATIVE_PROXY,OFFICIAL_NO_REV_AUDIT,conditional,true,true
2001-05-31,2001-05,5.1,5.1,%同比(官方),M,MONETARY_BASE_YOY,BOJ,OFFICIAL_CANONICAL,,,2001-06-15,REALTIME_ASSUMED,CONSERVATIVE_PROXY,OFFICIAL_NO_REV_AUDIT,conditional,true,true
2001-06-30,2001-06,7.6,7.6,%同比(官方),M,MONETARY_BASE_YOY,BOJ,OFFICIAL_CANONICAL,,,2001-07-15,REALTIME_ASSUMED,CONSERVATIVE_PROXY,OFFICIAL_NO_REV_AUDIT,conditional,true,true
2001-07-31,2001-07,8,8,%同比(官方),M,MONETARY_BASE_YOY,BOJ,OFFICIAL_CANONICAL,,,2001-08-15,REALTIME_ASSUMED,CONSERVATIVE_PROXY,OFFICIAL_NO_REV_AUDIT,conditional,true,true
2001-08-31,2001-08,9,9,%同比(官方),M,MONETARY_BASE_YOY,BOJ,OFFICIAL_CANONICAL,,,2001-09-15,REALTIME_ASSUMED,CONSERVATIVE_PROXY,OFFICIAL_NO_REV_AUDIT,conditional,true,true
2001-09-30,2001-09,14.2,14.2,%同比(官方),M,MONETARY_BASE_YOY,BOJ,OFFICIAL_CANONICAL,,,2001-10-15,REALTIME_ASSUMED,CONSERVATIVE_PROXY,OFFICIAL_NO_REV_AUDIT,conditional,true,true
2001-10-31,2001-10,14.3,14.3,%同比(官方),M,MONETARY_BASE_YOY,BOJ,OFFICIAL_CANONICAL,,,2001-11-15,REALTIME_ASSUMED,CONSERVATIVE_PROXY,OFFICIAL_NO_REV_AUDIT,conditional,true,true
2001-11-30,2001-11,15.5,15.5,%同比(官方),M,MONETARY_BASE_YOY,BOJ,OFFICIAL_CANONICAL,,,2001-12-15,REALTIME_ASSUMED,CONSERVATIVE_PROXY,OFFICIAL_NO_REV_AUDIT,conditional,true,true
2001-12-31,2001-12,16.9,16.9,%同比(官方),M,MONETARY_BASE_YOY,BOJ,OFFICIAL_CANONICAL,,,2002-01-15,REALTIME_ASSUMED,CONSERVATIVE_PROXY,OFFICIAL_NO_REV_AUDIT,conditional,true,true
2002-01-31,2002-01,23.4,23.4,%同比(官方),M,MONETARY_BASE_YOY,BOJ,OFFICIAL_CANONICAL,,,2002-02-15,REALTIME_ASSUMED,CONSERVATIVE_PROXY,OFFICIAL_NO_REV_AUDIT,conditional,true,true
2002-02-28,2002-02,27.5,27.5,%同比(官方),M,MONETARY_BASE_YOY,BOJ,OFFICIAL_CANONICAL,,,2002-03-15,REALTIME_ASSUMED,CONSERVATIVE_PROXY,OFFICIAL_NO_REV_AUDIT,conditional,true,true
2002-03-31,2002-03,32.6,32.6,%同比(官方),M,MONETARY_BASE_YOY,BOJ,OFFICIAL_CANONICAL,,,2002-04-15,REALTIME_ASSUMED,CONSERVATIVE_PROXY,OFFICIAL_NO_REV_AUDIT,conditional,true,true
2002-04-30,2002-04,36.3,36.3,%同比(官方),M,MONETARY_BASE_YOY,BOJ,OFFICIAL_CANONICAL,,,2002-05-15,REALTIME_ASSUMED,CONSERVATIVE_PROXY,OFFICIAL_NO_REV_AUDIT,conditional,true,true
2002-05-31,2002-05,29.7,29.7,%同比(官方),M,MONETARY_BASE_YOY,BOJ,OFFICIAL_CANONICAL,,,2002-06-15,REALTIME_ASSUMED,CONSERVATIVE_PROXY,OFFICIAL_NO_REV_AUDIT,conditional,true,true
2002-06-30,2002-06,27.6,27.6,%同比(官方),M,MONETARY_BASE_YOY,BOJ,OFFICIAL_CANONICAL,,,2002-07-15,REALTIME_ASSUMED,CONSERVATIVE_PROXY,OFFICIAL_NO_REV_AUDIT,conditional,true,true
2002-07-31,2002-07,25.1,25.1,%同比(官方),M,MONETARY_BASE_YOY,BOJ,OFFICIAL_CANONICAL,,,2002-08-15,REALTIME_ASSUMED,CONSERVATIVE_PROXY,OFFICIAL_NO_REV_AUDIT,conditional,true,true
2002-08-31,2002-08,26.1,26.1,%同比(官方),M,MONETARY_BASE_YOY,BOJ,OFFICIAL_CANONICAL,,,2002-09-15,REALTIME_ASSUMED,CONSERVATIVE_PROXY,OFFICIAL_NO_REV_AUDIT,conditional,true,true
2002-09-30,2002-09,21.4,21.4,%同比(官方),M,MONETARY_BASE_YOY,BOJ,OFFICIAL_CANONICAL,,,2002-10-15,REALTIME_ASSUMED,CONSERVATIVE_PROXY,OFFICIAL_NO_REV_AUDIT,conditional,true,true
2002-10-31,2002-10,19.8,19.8,%同比(官方),M,MONETARY_BASE_YOY,BOJ,OFFICIAL_CANONICAL,,,2002-11-15,REALTIME_ASSUMED,CONSERVATIVE_PROXY,OFFICIAL_NO_REV_AUDIT,conditional,true,true
2002-11-30,2002-11,21.8,21.8,%同比(官方),M,MONETARY_BASE_YOY,BOJ,OFFICIAL_CANONICAL,,,2002-12-15,REALTIME_ASSUMED,CONSERVATIVE_PROXY,OFFICIAL_NO_REV_AUDIT,conditional,true,true
2002-12-31,2002-12,19.5,19.5,%同比(官方),M,MONETARY_BASE_YOY,BOJ,OFFICIAL_CANONICAL,,,2003-01-15,REALTIME_ASSUMED,CONSERVATIVE_PROXY,OFFICIAL_NO_REV_AUDIT,conditional,true,true
2003-01-31,2003-01,13.4,13.4,%同比(官方),M,MONETARY_BASE_YOY,BOJ,OFFICIAL_CANONICAL,,,2003-02-15,REALTIME_ASSUMED,CONSERVATIVE_PROXY,OFFICIAL_NO_REV_AUDIT,conditional,true,true
2003-02-28,2003-02,12.6,12.6,%同比(官方),M,MONETARY_BASE_YOY,BOJ,OFFICIAL_CANONICAL,,,2003-03-15,REALTIME_ASSUMED,CONSERVATIVE_PROXY,OFFICIAL_NO_REV_AUDIT,conditional,true,true
2003-03-31,2003-03,10.9,10.9,%同比(官方),M,MONETARY_BASE_YOY,BOJ,OFFICIAL_CANONICAL,,,2003-04-15,REALTIME_ASSUMED,CONSERVATIVE_PROXY,OFFICIAL_NO_REV_AUDIT,conditional,true,true
2003-04-30,2003-04,11.5,11.5,%同比(官方),M,MONETARY_BASE_YOY,BOJ,OFFICIAL_CANONICAL,,,2003-05-15,REALTIME_ASSUMED,CONSERVATIVE_PROXY,OFFICIAL_NO_REV_AUDIT,conditional,true,true
2003-05-31,2003-05,16.7,16.7,%同比(官方),M,MONETARY_BASE_YOY,BOJ,OFFICIAL_CANONICAL,,,2003-06-15,REALTIME_ASSUMED,CONSERVATIVE_PROXY,OFFICIAL_NO_REV_AUDIT,conditional,true,true
2003-06-30,2003-06,20.3,20.3,%同比(官方),M,MONETARY_BASE_YOY,BOJ,OFFICIAL_CANONICAL,,,2003-07-15,REALTIME_ASSUMED,CONSERVATIVE_PROXY,OFFICIAL_NO_REV_AUDIT,conditional,true,true
2003-07-31,2003-07,20.4,20.4,%同比(官方),M,MONETARY_BASE_YOY,BOJ,OFFICIAL_CANONICAL,,,2003-08-15,REALTIME_ASSUMED,CONSERVATIVE_PROXY,OFFICIAL_NO_REV_AUDIT,conditional,true,true
2003-08-31,2003-08,20.5,20.5,%同比(官方),M,MONETARY_BASE_YOY,BOJ,OFFICIAL_CANONICAL,,,2003-09-15,REALTIME_ASSUMED,CONSERVATIVE_PROXY,OFFICIAL_NO_REV_AUDIT,conditional,true,true
2003-09-30,2003-09,20.9,20.9,%同比(官方),M,MONETARY_BASE_YOY,BOJ,OFFICIAL_CANONICAL,,,2003-10-15,REALTIME_ASSUMED,CONSERVATIVE_PROXY,OFFICIAL_NO_REV_AUDIT,conditional,true,true
2003-10-31,2003-10,20.6,20.6,%同比(官方),M,MONETARY_BASE_YOY,BOJ,OFFICIAL_CANONICAL,,,2003-11-15,REALTIME_ASSUMED,CONSERVATIVE_PROXY,OFFICIAL_NO_REV_AUDIT,conditional,true,true
2003-11-30,2003-11,16.7,16.7,%同比(官方),M,MONETARY_BASE_YOY,BOJ,OFFICIAL_CANONICAL,,,2003-12-15,REALTIME_ASSUMED,CONSERVATIVE_PROXY,OFFICIAL_NO_REV_AUDIT,conditional,true,true
2003-12-31,2003-12,13.2,13.2,%同比(官方),M,MONETARY_BASE_YOY,BOJ,OFFICIAL_CANONICAL,,,2004-01-15,REALTIME_ASSUMED,CONSERVATIVE_PROXY,OFFICIAL_NO_REV_AUDIT,conditional,true,true
2004-01-31,2004-01,13.6,13.6,%同比(官方),M,MONETARY_BASE_YOY,BOJ,OFFICIAL_CANONICAL,,,2004-02-15,REALTIME_ASSUMED,CONSERVATIVE_PROXY,OFFICIAL_NO_REV_AUDIT,conditional,true,true
2004-02-29,2004-02,16.2,16.2,%同比(官方),M,MONETARY_BASE_YOY,BOJ,OFFICIAL_CANONICAL,,,2004-03-15,REALTIME_ASSUMED,CONSERVATIVE_PROXY,OFFICIAL_NO_REV_AUDIT,conditional,true,true
2004-03-31,2004-03,11.9,11.9,%同比(官方),M,MONETARY_BASE_YOY,BOJ,OFFICIAL_CANONICAL,,,2004-04-15,REALTIME_ASSUMED,CONSERVATIVE_PROXY,OFFICIAL_NO_REV_AUDIT,conditional,true,true
2004-04-30,2004-04,6.6,6.6,%同比(官方),M,MONETARY_BASE_YOY,BOJ,OFFICIAL_CANONICAL,,,2004-05-15,REALTIME_ASSUMED,CONSERVATIVE_PROXY,OFFICIAL_NO_REV_AUDIT,conditional,true,true
2004-05-31,2004-05,7.4,7.4,%同比(官方),M,MONETARY_BASE_YOY,BOJ,OFFICIAL_CANONICAL,,,2004-06-15,REALTIME_ASSUMED,CONSERVATIVE_PROXY,OFFICIAL_NO_REV_AUDIT,conditional,true,true
2004-06-30,2004-06,4.4,4.4,%同比(官方),M,MONETARY_BASE_YOY,BOJ,OFFICIAL_CANONICAL,,,2004-07-15,REALTIME_ASSUMED,CONSERVATIVE_PROXY,OFFICIAL_NO_REV_AUDIT,conditional,true,true
2004-07-31,2004-07,4.7,4.7,%同比(官方),M,MONETARY_BASE_YOY,BOJ,OFFICIAL_CANONICAL,,,2004-08-15,REALTIME_ASSUMED,CONSERVATIVE_PROXY,OFFICIAL_NO_REV_AUDIT,conditional,true,true
2004-08-31,2004-08,4.6,4.6,%同比(官方),M,MONETARY_BASE_YOY,BOJ,OFFICIAL_CANONICAL,,,2004-09-15,REALTIME_ASSUMED,CONSERVATIVE_PROXY,OFFICIAL_NO_REV_AUDIT,conditional,true,true
2004-09-30,2004-09,4.7,4.7,%同比(官方),M,MONETARY_BASE_YOY,BOJ,OFFICIAL_CANONICAL,,,2004-10-15,REALTIME_ASSUMED,CONSERVATIVE_PROXY,OFFICIAL_NO_REV_AUDIT,conditional,true,true
2004-10-31,2004-10,4.2,4.2,%同比(官方),M,MONETARY_BASE_YOY,BOJ,OFFICIAL_CANONICAL,,,2004-11-15,REALTIME_ASSUMED,CONSERVATIVE_PROXY,OFFICIAL_NO_REV_AUDIT,conditional,true,true
2004-11-30,2004-11,4.9,4.9,%同比(官方),M,MONETARY_BASE_YOY,BOJ,OFFICIAL_CANONICAL,,,2004-12-15,REALTIME_ASSUMED,CONSERVATIVE_PROXY,OFFICIAL_NO_REV_AUDIT,conditional,true,true
2004-12-31,2004-12,4.2,4.2,%同比(官方),M,MONETARY_BASE_YOY,BOJ,OFFICIAL_CANONICAL,,,2005-01-15,REALTIME_ASSUMED,CONSERVATIVE_PROXY,OFFICIAL_NO_REV_AUDIT,conditional,true,true
2005-01-31,2005-01,3.9,3.9,%同比(官方),M,MONETARY_BASE_YOY,BOJ,OFFICIAL_CANONICAL,,,2005-02-15,REALTIME_ASSUMED,CONSERVATIVE_PROXY,OFFICIAL_NO_REV_AUDIT,conditional,true,true
2005-02-28,2005-02,1.2,1.2,%同比(官方),M,MONETARY_BASE_YOY,BOJ,OFFICIAL_CANONICAL,,,2005-03-15,REALTIME_ASSUMED,CONSERVATIVE_PROXY,OFFICIAL_NO_REV_AUDIT,conditional,true,true
2005-03-31,2005-03,2,2,%同比(官方),M,MONETARY_BASE_YOY,BOJ,OFFICIAL_CANONICAL,,,2005-04-15,REALTIME_ASSUMED,CONSERVATIVE_PROXY,OFFICIAL_NO_REV_AUDIT,conditional,true,true
2005-04-30,2005-04,3,3,%同比(官方),M,MONETARY_BASE_YOY,BOJ,OFFICIAL_CANONICAL,,,2005-05-15,REALTIME_ASSUMED,CONSERVATIVE_PROXY,OFFICIAL_NO_REV_AUDIT,conditional,true,true
2005-05-31,2005-05,2.2,2.2,%同比(官方),M,MONETARY_BASE_YOY,BOJ,OFFICIAL_CANONICAL,,,2005-06-15,REALTIME_ASSUMED,CONSERVATIVE_PROXY,OFFICIAL_NO_REV_AUDIT,conditional,true,true
2005-06-30,2005-06,1.7,1.7,%同比(官方),M,MONETARY_BASE_YOY,BOJ,OFFICIAL_CANONICAL,,,2005-07-15,REALTIME_ASSUMED,CONSERVATIVE_PROXY,OFFICIAL_NO_REV_AUDIT,conditional,true,true
2005-07-31,2005-07,1.5,1.5,%同比(官方),M,MONETARY_BASE_YOY,BOJ,OFFICIAL_CANONICAL,,,2005-08-15,REALTIME_ASSUMED,CONSERVATIVE_PROXY,OFFICIAL_NO_REV_AUDIT,conditional,true,true
2005-08-31,2005-08,1.1,1.1,%同比(官方),M,MONETARY_BASE_YOY,BOJ,OFFICIAL_CANONICAL,,,2005-09-15,REALTIME_ASSUMED,CONSERVATIVE_PROXY,OFFICIAL_NO_REV_AUDIT,conditional,true,true
2005-09-30,2005-09,1.7,1.7,%同比(官方),M,MONETARY_BASE_YOY,BOJ,OFFICIAL_CANONICAL,,,2005-10-15,REALTIME_ASSUMED,CONSERVATIVE_PROXY,OFFICIAL_NO_REV_AUDIT,conditional,true,true
2005-10-31,2005-10,2.8,2.8,%同比(官方),M,MONETARY_BASE_YOY,BOJ,OFFICIAL_CANONICAL,,,2005-11-15,REALTIME_ASSUMED,CONSERVATIVE_PROXY,OFFICIAL_NO_REV_AUDIT,conditional,true,true
2005-11-30,2005-11,1.5,1.5,%同比(官方),M,MONETARY_BASE_YOY,BOJ,OFFICIAL_CANONICAL,,,2005-12-15,REALTIME_ASSUMED,CONSERVATIVE_PROXY,OFFICIAL_NO_REV_AUDIT,conditional,true,true
2005-12-31,2005-12,1,1,%同比(官方),M,MONETARY_BASE_YOY,BOJ,OFFICIAL_CANONICAL,,,2006-01-15,REALTIME_ASSUMED,CONSERVATIVE_PROXY,OFFICIAL_NO_REV_AUDIT,conditional,true,true
2006-01-31,2006-01,1.4,1.4,%同比(官方),M,MONETARY_BASE_YOY,BOJ,OFFICIAL_CANONICAL,,,2006-02-15,REALTIME_ASSUMED,CONSERVATIVE_PROXY,OFFICIAL_NO_REV_AUDIT,conditional,true,true
2006-02-28,2006-02,1.9,1.9,%同比(官方),M,MONETARY_BASE_YOY,BOJ,OFFICIAL_CANONICAL,,,2006-03-15,REALTIME_ASSUMED,CONSERVATIVE_PROXY,OFFICIAL_NO_REV_AUDIT,conditional,true,true
2006-03-31,2006-03,-1,-1,%同比(官方),M,MONETARY_BASE_YOY,BOJ,OFFICIAL_CANONICAL,,,2006-04-15,REALTIME_ASSUMED,CONSERVATIVE_PROXY,OFFICIAL_NO_REV_AUDIT,conditional,true,true
2006-04-30,2006-04,-7.2,-7.2,%同比(官方),M,MONETARY_BASE_YOY,BOJ,OFFICIAL_CANONICAL,,,2006-05-15,REALTIME_ASSUMED,CONSERVATIVE_PROXY,OFFICIAL_NO_REV_AUDIT,conditional,true,true
2006-05-31,2006-05,-15.3,-15.3,%同比(官方),M,MONETARY_BASE_YOY,BOJ,OFFICIAL_CANONICAL,,,2006-06-15,REALTIME_ASSUMED,CONSERVATIVE_PROXY,OFFICIAL_NO_REV_AUDIT,conditional,true,true
2006-06-30,2006-06,-16.2,-16.2,%同比(官方),M,MONETARY_BASE_YOY,BOJ,OFFICIAL_CANONICAL,,,2006-07-15,REALTIME_ASSUMED,CONSERVATIVE_PROXY,OFFICIAL_NO_REV_AUDIT,conditional,true,true
2006-07-31,2006-07,-17.8,-17.8,%同比(官方),M,MONETARY_BASE_YOY,BOJ,OFFICIAL_CANONICAL,,,2006-08-15,REALTIME_ASSUMED,CONSERVATIVE_PROXY,OFFICIAL_NO_REV_AUDIT,conditional,true,true
2006-08-31,2006-08,-20.2,-20.2,%同比(官方),M,MONETARY_BASE_YOY,BOJ,OFFICIAL_CANONICAL,,,2006-09-15,REALTIME_ASSUMED,CONSERVATIVE_PROXY,OFFICIAL_NO_REV_AUDIT,conditional,true,true
2006-09-30,2006-09,-21.2,-21.2,%同比(官方),M,MONETARY_BASE_YOY,BOJ,OFFICIAL_CANONICAL,,,2006-10-15,REALTIME_ASSUMED,CONSERVATIVE_PROXY,OFFICIAL_NO_REV_AUDIT,conditional,true,true
2006-10-31,2006-10,-21.3,-21.3,%同比(官方),M,MONETARY_BASE_YOY,BOJ,OFFICIAL_CANONICAL,,,2006-11-15,REALTIME_ASSUMED,CONSERVATIVE_PROXY,OFFICIAL_NO_REV_AUDIT,conditional,true,true
2006-11-30,2006-11,-22.3,-22.3,%同比(官方),M,MONETARY_BASE_YOY,BOJ,OFFICIAL_CANONICAL,,,2006-12-15,REALTIME_ASSUMED,CONSERVATIVE_PROXY,OFFICIAL_NO_REV_AUDIT,conditional,true,true
2006-12-31,2006-12,-20,-20,%同比(官方),M,MONETARY_BASE_YOY,BOJ,OFFICIAL_CANONICAL,,,2007-01-15,REALTIME_ASSUMED,CONSERVATIVE_PROXY,OFFICIAL_NO_REV_AUDIT,conditional,true,true
2007-01-31,2007-01,-21.1,-21.1,%同比(官方),M,MONETARY_BASE_YOY,BOJ,OFFICIAL_CANONICAL,,,2007-02-15,REALTIME_ASSUMED,CONSERVATIVE_PROXY,OFFICIAL_NO_REV_AUDIT,conditional,true,true
2007-02-28,2007-02,-21.1,-21.1,%同比(官方),M,MONETARY_BASE_YOY,BOJ,OFFICIAL_CANONICAL,,,2007-03-15,REALTIME_ASSUMED,CONSERVATIVE_PROXY,OFFICIAL_NO_REV_AUDIT,conditional,true,true
2007-03-31,2007-03,-19.1,-19.1,%同比(官方),M,MONETARY_BASE_YOY,BOJ,OFFICIAL_CANONICAL,,,2007-04-15,REALTIME_ASSUMED,CONSERVATIVE_PROXY,OFFICIAL_NO_REV_AUDIT,conditional,true,true
2007-04-30,2007-04,-12.2,-12.2,%同比(官方),M,MONETARY_BASE_YOY,BOJ,OFFICIAL_CANONICAL,,,2007-05-15,REALTIME_ASSUMED,CONSERVATIVE_PROXY,OFFICIAL_NO_REV_AUDIT,conditional,true,true
2007-05-31,2007-05,-5.7,-5.7,%同比(官方),M,MONETARY_BASE_YOY,BOJ,OFFICIAL_CANONICAL,,,2007-06-15,REALTIME_ASSUMED,CONSERVATIVE_PROXY,OFFICIAL_NO_REV_AUDIT,conditional,true,true
2007-06-30,2007-06,-4.1,-4.1,%同比(官方),M,MONETARY_BASE_YOY,BOJ,OFFICIAL_CANONICAL,,,2007-07-15,REALTIME_ASSUMED,CONSERVATIVE_PROXY,OFFICIAL_NO_REV_AUDIT,conditional,true,true
2007-07-31,2007-07,-2.3,-2.3,%同比(官方),M,MONETARY_BASE_YOY,BOJ,OFFICIAL_CANONICAL,,,2007-08-15,REALTIME_ASSUMED,CONSERVATIVE_PROXY,OFFICIAL_NO_REV_AUDIT,conditional,true,true
2007-08-31,2007-08,0.7,0.7,%同比(官方),M,MONETARY_BASE_YOY,BOJ,OFFICIAL_CANONICAL,,,2007-09-15,REALTIME_ASSUMED,CONSERVATIVE_PROXY,OFFICIAL_NO_REV_AUDIT,conditional,true,true
2007-09-30,2007-09,0.7,0.7,%同比(官方),M,MONETARY_BASE_YOY,BOJ,OFFICIAL_CANONICAL,,,2007-10-15,REALTIME_ASSUMED,CONSERVATIVE_PROXY,OFFICIAL_NO_REV_AUDIT,conditional,true,true
2007-10-31,2007-10,0.5,0.5,%同比(官方),M,MONETARY_BASE_YOY,BOJ,OFFICIAL_CANONICAL,,,2007-11-15,REALTIME_ASSUMED,CONSERVATIVE_PROXY,OFFICIAL_NO_REV_AUDIT,conditional,true,true
2007-11-30,2007-11,1,1,%同比(官方),M,MONETARY_BASE_YOY,BOJ,OFFICIAL_CANONICAL,,,2007-12-15,REALTIME_ASSUMED,CONSERVATIVE_PROXY,OFFICIAL_NO_REV_AUDIT,conditional,true,true
2007-12-31,2007-12,0.4,0.4,%同比(官方),M,MONETARY_BASE_YOY,BOJ,OFFICIAL_CANONICAL,,,2008-01-15,REALTIME_ASSUMED,CONSERVATIVE_PROXY,OFFICIAL_NO_REV_AUDIT,conditional,true,true
2008-01-31,2008-01,-0.1,-0.1,%同比(官方),M,MONETARY_BASE_YOY,BOJ,OFFICIAL_CANONICAL,,,2008-02-15,REALTIME_ASSUMED,CONSERVATIVE_PROXY,OFFICIAL_NO_REV_AUDIT,conditional,true,true
2008-02-29,2008-02,0.1,0.1,%同比(官方),M,MONETARY_BASE_YOY,BOJ,OFFICIAL_CANONICAL,,,2008-03-15,REALTIME_ASSUMED,CONSERVATIVE_PROXY,OFFICIAL_NO_REV_AUDIT,conditional,true,true
2008-03-31,2008-03,0,0,%同比(官方),M,MONETARY_BASE_YOY,BOJ,OFFICIAL_CANONICAL,,,2008-04-15,REALTIME_ASSUMED,CONSERVATIVE_PROXY,OFFICIAL_NO_REV_AUDIT,conditional,true,true
2008-04-30,2008-04,-2.8,-2.8,%同比(官方),M,MONETARY_BASE_YOY,BOJ,OFFICIAL_CANONICAL,,,2008-05-15,REALTIME_ASSUMED,CONSERVATIVE_PROXY,OFFICIAL_NO_REV_AUDIT,conditional,true,true
2008-05-31,2008-05,-0.9,-0.9,%同比(官方),M,MONETARY_BASE_YOY,BOJ,OFFICIAL_CANONICAL,,,2008-06-15,REALTIME_ASSUMED,CONSERVATIVE_PROXY,OFFICIAL_NO_REV_AUDIT,conditional,true,true
2008-06-30,2008-06,0.4,0.4,%同比(官方),M,MONETARY_BASE_YOY,BOJ,OFFICIAL_CANONICAL,,,2008-07-15,REALTIME_ASSUMED,CONSERVATIVE_PROXY,OFFICIAL_NO_REV_AUDIT,conditional,true,true
2008-07-31,2008-07,-0.7,-0.7,%同比(官方),M,MONETARY_BASE_YOY,BOJ,OFFICIAL_CANONICAL,,,2008-08-15,REALTIME_ASSUMED,CONSERVATIVE_PROXY,OFFICIAL_NO_REV_AUDIT,conditional,true,true
2008-08-31,2008-08,-0.2,-0.2,%同比(官方),M,MONETARY_BASE_YOY,BOJ,OFFICIAL_CANONICAL,,,2008-09-15,REALTIME_ASSUMED,CONSERVATIVE_PROXY,OFFICIAL_NO_REV_AUDIT,conditional,true,true
2008-09-30,2008-09,0.9,0.9,%同比(官方),M,MONETARY_BASE_YOY,BOJ,OFFICIAL_CANONICAL,,,2008-10-15,REALTIME_ASSUMED,CONSERVATIVE_PROXY,OFFICIAL_NO_REV_AUDIT,conditional,true,true
2008-10-31,2008-10,1.4,1.4,%同比(官方),M,MONETARY_BASE_YOY,BOJ,OFFICIAL_CANONICAL,,,2008-11-15,REALTIME_ASSUMED,CONSERVATIVE_PROXY,OFFICIAL_NO_REV_AUDIT,conditional,true,true
2008-11-30,2008-11,1.9,1.9,%同比(官方),M,MONETARY_BASE_YOY,BOJ,OFFICIAL_CANONICAL,,,2008-12-15,REALTIME_ASSUMED,CONSERVATIVE_PROXY,OFFICIAL_NO_REV_AUDIT,conditional,true,true
2008-12-31,2008-12,1.8,1.8,%同比(官方),M,MONETARY_BASE_YOY,BOJ,OFFICIAL_CANONICAL,,,2009-01-15,REALTIME_ASSUMED,CONSERVATIVE_PROXY,OFFICIAL_NO_REV_AUDIT,conditional,true,true
2009-01-31,2009-01,3.9,3.9,%同比(官方),M,MONETARY_BASE_YOY,BOJ,OFFICIAL_CANONICAL,,,2009-02-15,REALTIME_ASSUMED,CONSERVATIVE_PROXY,OFFICIAL_NO_REV_AUDIT,conditional,true,true
2009-02-28,2009-02,6.4,6.4,%同比(官方),M,MONETARY_BASE_YOY,BOJ,OFFICIAL_CANONICAL,,,2009-03-15,REALTIME_ASSUMED,CONSERVATIVE_PROXY,OFFICIAL_NO_REV_AUDIT,conditional,true,true
2009-03-31,2009-03,6.9,6.9,%同比(官方),M,MONETARY_BASE_YOY,BOJ,OFFICIAL_CANONICAL,,,2009-04-15,REALTIME_ASSUMED,CONSERVATIVE_PROXY,OFFICIAL_NO_REV_AUDIT,conditional,true,true
2009-04-30,2009-04,8.2,8.2,%同比(官方),M,MONETARY_BASE_YOY,BOJ,OFFICIAL_CANONICAL,,,2009-05-15,REALTIME_ASSUMED,CONSERVATIVE_PROXY,OFFICIAL_NO_REV_AUDIT,conditional,true,true
2009-05-31,2009-05,7.9,7.9,%同比(官方),M,MONETARY_BASE_YOY,BOJ,OFFICIAL_CANONICAL,,,2009-06-15,REALTIME_ASSUMED,CONSERVATIVE_PROXY,OFFICIAL_NO_REV_AUDIT,conditional,true,true
2009-06-30,2009-06,6.4,6.4,%同比(官方),M,MONETARY_BASE_YOY,BOJ,OFFICIAL_CANONICAL,,,2009-07-15,REALTIME_ASSUMED,CONSERVATIVE_PROXY,OFFICIAL_NO_REV_AUDIT,conditional,true,true
2009-07-31,2009-07,6.1,6.1,%同比(官方),M,MONETARY_BASE_YOY,BOJ,OFFICIAL_CANONICAL,,,2009-08-15,REALTIME_ASSUMED,CONSERVATIVE_PROXY,OFFICIAL_NO_REV_AUDIT,conditional,true,true
2009-08-31,2009-08,6.1,6.1,%同比(官方),M,MONETARY_BASE_YOY,BOJ,OFFICIAL_CANONICAL,,,2009-09-15,REALTIME_ASSUMED,CONSERVATIVE_PROXY,OFFICIAL_NO_REV_AUDIT,conditional,true,true
2009-09-30,2009-09,4.5,4.5,%同比(官方),M,MONETARY_BASE_YOY,BOJ,OFFICIAL_CANONICAL,,,2009-10-15,REALTIME_ASSUMED,CONSERVATIVE_PROXY,OFFICIAL_NO_REV_AUDIT,conditional,true,true
2009-10-31,2009-10,4.4,4.4,%同比(官方),M,MONETARY_BASE_YOY,BOJ,OFFICIAL_CANONICAL,,,2009-11-15,REALTIME_ASSUMED,CONSERVATIVE_PROXY,OFFICIAL_NO_REV_AUDIT,conditional,true,true
2009-11-30,2009-11,3.8,3.8,%同比(官方),M,MONETARY_BASE_YOY,BOJ,OFFICIAL_CANONICAL,,,2009-12-15,REALTIME_ASSUMED,CONSERVATIVE_PROXY,OFFICIAL_NO_REV_AUDIT,conditional,true,true
2009-12-31,2009-12,5.2,5.2,%同比(官方),M,MONETARY_BASE_YOY,BOJ,OFFICIAL_CANONICAL,,,2010-01-15,REALTIME_ASSUMED,CONSERVATIVE_PROXY,OFFICIAL_NO_REV_AUDIT,conditional,true,true
2010-01-31,2010-01,4.9,4.9,%同比(官方),M,MONETARY_BASE_YOY,BOJ,OFFICIAL_CANONICAL,,,2010-02-15,REALTIME_ASSUMED,CONSERVATIVE_PROXY,OFFICIAL_NO_REV_AUDIT,conditional,true,true
2010-02-28,2010-02,2.2,2.2,%同比(官方),M,MONETARY_BASE_YOY,BOJ,OFFICIAL_CANONICAL,,,2010-03-15,REALTIME_ASSUMED,CONSERVATIVE_PROXY,OFFICIAL_NO_REV_AUDIT,conditional,true,true
2010-03-31,2010-03,2.1,2.1,%同比(官方),M,MONETARY_BASE_YOY,BOJ,OFFICIAL_CANONICAL,,,2010-04-15,REALTIME_ASSUMED,CONSERVATIVE_PROXY,OFFICIAL_NO_REV_AUDIT,conditional,true,true
2010-04-30,2010-04,2.9,2.9,%同比(官方),M,MONETARY_BASE_YOY,BOJ,OFFICIAL_CANONICAL,,,2010-05-15,REALTIME_ASSUMED,CONSERVATIVE_PROXY,OFFICIAL_NO_REV_AUDIT,conditional,true,true
2010-05-31,2010-05,3.7,3.7,%同比(官方),M,MONETARY_BASE_YOY,BOJ,OFFICIAL_CANONICAL,,,2010-06-15,REALTIME_ASSUMED,CONSERVATIVE_PROXY,OFFICIAL_NO_REV_AUDIT,conditional,true,true
2010-06-30,2010-06,3.6,3.6,%同比(官方),M,MONETARY_BASE_YOY,BOJ,OFFICIAL_CANONICAL,,,2010-07-15,REALTIME_ASSUMED,CONSERVATIVE_PROXY,OFFICIAL_NO_REV_AUDIT,conditional,true,true
2010-07-31,2010-07,6.1,6.1,%同比(官方),M,MONETARY_BASE_YOY,BOJ,OFFICIAL_CANONICAL,,,2010-08-15,REALTIME_ASSUMED,CONSERVATIVE_PROXY,OFFICIAL_NO_REV_AUDIT,conditional,true,true
2010-08-31,2010-08,5.4,5.4,%同比(官方),M,MONETARY_BASE_YOY,BOJ,OFFICIAL_CANONICAL,,,2010-09-15,REALTIME_ASSUMED,CONSERVATIVE_PROXY,OFFICIAL_NO_REV_AUDIT,conditional,true,true
2010-09-30,2010-09,5.8,5.8,%同比(官方),M,MONETARY_BASE_YOY,BOJ,OFFICIAL_CANONICAL,,,2010-10-15,REALTIME_ASSUMED,CONSERVATIVE_PROXY,OFFICIAL_NO_REV_AUDIT,conditional,true,true
2010-10-31,2010-10,6.4,6.4,%同比(官方),M,MONETARY_BASE_YOY,BOJ,OFFICIAL_CANONICAL,,,2010-11-15,REALTIME_ASSUMED,CONSERVATIVE_PROXY,OFFICIAL_NO_REV_AUDIT,conditional,true,true
2010-11-30,2010-11,7.6,7.6,%同比(官方),M,MONETARY_BASE_YOY,BOJ,OFFICIAL_CANONICAL,,,2010-12-15,REALTIME_ASSUMED,CONSERVATIVE_PROXY,OFFICIAL_NO_REV_AUDIT,conditional,true,true
2010-12-31,2010-12,7,7,%同比(官方),M,MONETARY_BASE_YOY,BOJ,OFFICIAL_CANONICAL,,,2011-01-15,REALTIME_ASSUMED,CONSERVATIVE_PROXY,OFFICIAL_NO_REV_AUDIT,conditional,true,true
2011-01-31,2011-01,5.5,5.5,%同比(官方),M,MONETARY_BASE_YOY,BOJ,OFFICIAL_CANONICAL,,,2011-02-15,REALTIME_ASSUMED,CONSERVATIVE_PROXY,OFFICIAL_NO_REV_AUDIT,conditional,true,true
2011-02-28,2011-02,5.6,5.6,%同比(官方),M,MONETARY_BASE_YOY,BOJ,OFFICIAL_CANONICAL,,,2011-03-15,REALTIME_ASSUMED,CONSERVATIVE_PROXY,OFFICIAL_NO_REV_AUDIT,conditional,true,true
2011-03-31,2011-03,16.9,16.9,%同比(官方),M,MONETARY_BASE_YOY,BOJ,OFFICIAL_CANONICAL,,,2011-04-15,REALTIME_ASSUMED,CONSERVATIVE_PROXY,OFFICIAL_NO_REV_AUDIT,conditional,true,true
2011-04-30,2011-04,23.9,23.9,%同比(官方),M,MONETARY_BASE_YOY,BOJ,OFFICIAL_CANONICAL,,,2011-05-15,REALTIME_ASSUMED,CONSERVATIVE_PROXY,OFFICIAL_NO_REV_AUDIT,conditional,true,true
2011-05-31,2011-05,16.2,16.2,%同比(官方),M,MONETARY_BASE_YOY,BOJ,OFFICIAL_CANONICAL,,,2011-06-15,REALTIME_ASSUMED,CONSERVATIVE_PROXY,OFFICIAL_NO_REV_AUDIT,conditional,true,true
2011-06-30,2011-06,17,17,%同比(官方),M,MONETARY_BASE_YOY,BOJ,OFFICIAL_CANONICAL,,,2011-07-15,REALTIME_ASSUMED,CONSERVATIVE_PROXY,OFFICIAL_NO_REV_AUDIT,conditional,true,true
2011-07-31,2011-07,15,15,%同比(官方),M,MONETARY_BASE_YOY,BOJ,OFFICIAL_CANONICAL,,,2011-08-15,REALTIME_ASSUMED,CONSERVATIVE_PROXY,OFFICIAL_NO_REV_AUDIT,conditional,true,true
2011-08-31,2011-08,15.9,15.9,%同比(官方),M,MONETARY_BASE_YOY,BOJ,OFFICIAL_CANONICAL,,,2011-09-15,REALTIME_ASSUMED,CONSERVATIVE_PROXY,OFFICIAL_NO_REV_AUDIT,conditional,true,true
2011-09-30,2011-09,16.7,16.7,%同比(官方),M,MONETARY_BASE_YOY,BOJ,OFFICIAL_CANONICAL,,,2011-10-15,REALTIME_ASSUMED,CONSERVATIVE_PROXY,OFFICIAL_NO_REV_AUDIT,conditional,true,true
2011-10-31,2011-10,17,17,%同比(官方),M,MONETARY_BASE_YOY,BOJ,OFFICIAL_CANONICAL,,,2011-11-15,REALTIME_ASSUMED,CONSERVATIVE_PROXY,OFFICIAL_NO_REV_AUDIT,conditional,true,true
2011-11-30,2011-11,19.5,19.5,%同比(官方),M,MONETARY_BASE_YOY,BOJ,OFFICIAL_CANONICAL,,,2011-12-15,REALTIME_ASSUMED,CONSERVATIVE_PROXY,OFFICIAL_NO_REV_AUDIT,conditional,true,true
2011-12-31,2011-12,13.5,13.5,%同比(官方),M,MONETARY_BASE_YOY,BOJ,OFFICIAL_CANONICAL,,,2012-01-15,REALTIME_ASSUMED,CONSERVATIVE_PROXY,OFFICIAL_NO_REV_AUDIT,conditional,true,true
2012-01-31,2012-01,15,15,%同比(官方),M,MONETARY_BASE_YOY,BOJ,OFFICIAL_CANONICAL,,,2012-02-15,REALTIME_ASSUMED,CONSERVATIVE_PROXY,OFFICIAL_NO_REV_AUDIT,conditional,true,true
2012-02-29,2012-02,11.3,11.3,%同比(官方),M,MONETARY_BASE_YOY,BOJ,OFFICIAL_CANONICAL,,,2012-03-15,REALTIME_ASSUMED,CONSERVATIVE_PROXY,OFFICIAL_NO_REV_AUDIT,conditional,true,true
2012-03-31,2012-03,-0.2,-0.2,%同比(官方),M,MONETARY_BASE_YOY,BOJ,OFFICIAL_CANONICAL,,,2012-04-15,REALTIME_ASSUMED,CONSERVATIVE_PROXY,OFFICIAL_NO_REV_AUDIT,conditional,true,true
2012-04-30,2012-04,-0.3,-0.3,%同比(官方),M,MONETARY_BASE_YOY,BOJ,OFFICIAL_CANONICAL,,,2012-05-15,REALTIME_ASSUMED,CONSERVATIVE_PROXY,OFFICIAL_NO_REV_AUDIT,conditional,true,true
2012-05-31,2012-05,2.4,2.4,%同比(官方),M,MONETARY_BASE_YOY,BOJ,OFFICIAL_CANONICAL,,,2012-06-15,REALTIME_ASSUMED,CONSERVATIVE_PROXY,OFFICIAL_NO_REV_AUDIT,conditional,true,true
2012-06-30,2012-06,5.9,5.9,%同比(官方),M,MONETARY_BASE_YOY,BOJ,OFFICIAL_CANONICAL,,,2012-07-15,REALTIME_ASSUMED,CONSERVATIVE_PROXY,OFFICIAL_NO_REV_AUDIT,conditional,true,true
2012-07-31,2012-07,8.6,8.6,%同比(官方),M,MONETARY_BASE_YOY,BOJ,OFFICIAL_CANONICAL,,,2012-08-15,REALTIME_ASSUMED,CONSERVATIVE_PROXY,OFFICIAL_NO_REV_AUDIT,conditional,true,true
2012-08-31,2012-08,6.5,6.5,%同比(官方),M,MONETARY_BASE_YOY,BOJ,OFFICIAL_CANONICAL,,,2012-09-15,REALTIME_ASSUMED,CONSERVATIVE_PROXY,OFFICIAL_NO_REV_AUDIT,conditional,true,true
2012-09-30,2012-09,9,9,%同比(官方),M,MONETARY_BASE_YOY,BOJ,OFFICIAL_CANONICAL,,,2012-10-15,REALTIME_ASSUMED,CONSERVATIVE_PROXY,OFFICIAL_NO_REV_AUDIT,conditional,true,true
2012-10-31,2012-10,10.8,10.8,%同比(官方),M,MONETARY_BASE_YOY,BOJ,OFFICIAL_CANONICAL,,,2012-11-15,REALTIME_ASSUMED,CONSERVATIVE_PROXY,OFFICIAL_NO_REV_AUDIT,conditional,true,true
2012-11-30,2012-11,5,5,%同比(官方),M,MONETARY_BASE_YOY,BOJ,OFFICIAL_CANONICAL,,,2012-12-15,REALTIME_ASSUMED,CONSERVATIVE_PROXY,OFFICIAL_NO_REV_AUDIT,conditional,true,true
2012-12-31,2012-12,11.8,11.8,%同比(官方),M,MONETARY_BASE_YOY,BOJ,OFFICIAL_CANONICAL,,,2013-01-15,REALTIME_ASSUMED,CONSERVATIVE_PROXY,OFFICIAL_NO_REV_AUDIT,conditional,true,true
2013-01-31,2013-01,10.9,10.9,%同比(官方),M,MONETARY_BASE_YOY,BOJ,OFFICIAL_CANONICAL,,,2013-02-15,REALTIME_ASSUMED,CONSERVATIVE_PROXY,OFFICIAL_NO_REV_AUDIT,conditional,true,true
2013-02-28,2013-02,15,15,%同比(官方),M,MONETARY_BASE_YOY,BOJ,OFFICIAL_CANONICAL,,,2013-03-15,REALTIME_ASSUMED,CONSERVATIVE_PROXY,OFFICIAL_NO_REV_AUDIT,conditional,true,true
2013-03-31,2013-03,19.8,19.8,%同比(官方),M,MONETARY_BASE_YOY,BOJ,OFFICIAL_CANONICAL,,,2013-04-15,REALTIME_ASSUMED,CONSERVATIVE_PROXY,OFFICIAL_NO_REV_AUDIT,conditional,true,true
2013-04-30,2013-04,23.1,23.1,%同比(官方),M,MONETARY_BASE_YOY,BOJ,OFFICIAL_CANONICAL,,,2013-05-15,REALTIME_ASSUMED,CONSERVATIVE_PROXY,OFFICIAL_NO_REV_AUDIT,conditional,true,true
2013-05-31,2013-05,31.6,31.6,%同比(官方),M,MONETARY_BASE_YOY,BOJ,OFFICIAL_CANONICAL,,,2013-06-15,REALTIME_ASSUMED,CONSERVATIVE_PROXY,OFFICIAL_NO_REV_AUDIT,conditional,true,true
2013-06-30,2013-06,36,36,%同比(官方),M,MONETARY_BASE_YOY,BOJ,OFFICIAL_CANONICAL,,,2013-07-15,REALTIME_ASSUMED,CONSERVATIVE_PROXY,OFFICIAL_NO_REV_AUDIT,conditional,true,true
2013-07-31,2013-07,38,38,%同比(官方),M,MONETARY_BASE_YOY,BOJ,OFFICIAL_CANONICAL,,,2013-08-15,REALTIME_ASSUMED,CONSERVATIVE_PROXY,OFFICIAL_NO_REV_AUDIT,conditional,true,true
2013-08-31,2013-08,42,42,%同比(官方),M,MONETARY_BASE_YOY,BOJ,OFFICIAL_CANONICAL,,,2013-09-15,REALTIME_ASSUMED,CONSERVATIVE_PROXY,OFFICIAL_NO_REV_AUDIT,conditional,true,true
2013-09-30,2013-09,46.1,46.1,%同比(官方),M,MONETARY_BASE_YOY,BOJ,OFFICIAL_CANONICAL,,,2013-10-15,REALTIME_ASSUMED,CONSERVATIVE_PROXY,OFFICIAL_NO_REV_AUDIT,conditional,true,true
2013-10-31,2013-10,45.8,45.8,%同比(官方),M,MONETARY_BASE_YOY,BOJ,OFFICIAL_CANONICAL,,,2013-11-15,REALTIME_ASSUMED,CONSERVATIVE_PROXY,OFFICIAL_NO_REV_AUDIT,conditional,true,true
2013-11-30,2013-11,52.5,52.5,%同比(官方),M,MONETARY_BASE_YOY,BOJ,OFFICIAL_CANONICAL,,,2013-12-15,REALTIME_ASSUMED,CONSERVATIVE_PROXY,OFFICIAL_NO_REV_AUDIT,conditional,true,true
2013-12-31,2013-12,46.6,46.6,%同比(官方),M,MONETARY_BASE_YOY,BOJ,OFFICIAL_CANONICAL,,,2014-01-15,REALTIME_ASSUMED,CONSERVATIVE_PROXY,OFFICIAL_NO_REV_AUDIT,conditional,true,true
2014-01-31,2014-01,51.9,51.9,%同比(官方),M,MONETARY_BASE_YOY,BOJ,OFFICIAL_CANONICAL,,,2014-02-15,REALTIME_ASSUMED,CONSERVATIVE_PROXY,OFFICIAL_NO_REV_AUDIT,conditional,true,true
2014-02-28,2014-02,55.7,55.7,%同比(官方),M,MONETARY_BASE_YOY,BOJ,OFFICIAL_CANONICAL,,,2014-03-15,REALTIME_ASSUMED,CONSERVATIVE_PROXY,OFFICIAL_NO_REV_AUDIT,conditional,true,true
2014-03-31,2014-03,54.8,54.8,%同比(官方),M,MONETARY_BASE_YOY,BOJ,OFFICIAL_CANONICAL,,,2014-04-15,REALTIME_ASSUMED,CONSERVATIVE_PROXY,OFFICIAL_NO_REV_AUDIT,conditional,true,true
2014-04-30,2014-04,48.5,48.5,%同比(官方),M,MONETARY_BASE_YOY,BOJ,OFFICIAL_CANONICAL,,,2014-05-15,REALTIME_ASSUMED,CONSERVATIVE_PROXY,OFFICIAL_NO_REV_AUDIT,conditional,true,true
2014-05-31,2014-05,45.6,45.6,%同比(官方),M,MONETARY_BASE_YOY,BOJ,OFFICIAL_CANONICAL,,,2014-06-15,REALTIME_ASSUMED,CONSERVATIVE_PROXY,OFFICIAL_NO_REV_AUDIT,conditional,true,true
2014-06-30,2014-06,42.6,42.6,%同比(官方),M,MONETARY_BASE_YOY,BOJ,OFFICIAL_CANONICAL,,,2014-07-15,REALTIME_ASSUMED,CONSERVATIVE_PROXY,OFFICIAL_NO_REV_AUDIT,conditional,true,true
2014-07-31,2014-07,42.7,42.7,%同比(官方),M,MONETARY_BASE_YOY,BOJ,OFFICIAL_CANONICAL,,,2014-08-15,REALTIME_ASSUMED,CONSERVATIVE_PROXY,OFFICIAL_NO_REV_AUDIT,conditional,true,true
2014-08-31,2014-08,40.5,40.5,%同比(官方),M,MONETARY_BASE_YOY,BOJ,OFFICIAL_CANONICAL,,,2014-09-15,REALTIME_ASSUMED,CONSERVATIVE_PROXY,OFFICIAL_NO_REV_AUDIT,conditional,true,true
2014-09-30,2014-09,35.3,35.3,%同比(官方),M,MONETARY_BASE_YOY,BOJ,OFFICIAL_CANONICAL,,,2014-10-15,REALTIME_ASSUMED,CONSERVATIVE_PROXY,OFFICIAL_NO_REV_AUDIT,conditional,true,true
2014-10-31,2014-10,36.9,36.9,%同比(官方),M,MONETARY_BASE_YOY,BOJ,OFFICIAL_CANONICAL,,,2014-11-15,REALTIME_ASSUMED,CONSERVATIVE_PROXY,OFFICIAL_NO_REV_AUDIT,conditional,true,true
2014-11-30,2014-11,36.7,36.7,%同比(官方),M,MONETARY_BASE_YOY,BOJ,OFFICIAL_CANONICAL,,,2014-12-15,REALTIME_ASSUMED,CONSERVATIVE_PROXY,OFFICIAL_NO_REV_AUDIT,conditional,true,true
2014-12-31,2014-12,38.2,38.2,%同比(官方),M,MONETARY_BASE_YOY,BOJ,OFFICIAL_CANONICAL,,,2015-01-15,REALTIME_ASSUMED,CONSERVATIVE_PROXY,OFFICIAL_NO_REV_AUDIT,conditional,true,true
2015-01-31,2015-01,37.4,37.4,%同比(官方),M,MONETARY_BASE_YOY,BOJ,OFFICIAL_CANONICAL,,,2015-02-15,REALTIME_ASSUMED,CONSERVATIVE_PROXY,OFFICIAL_NO_REV_AUDIT,conditional,true,true
2015-02-28,2015-02,36.7,36.7,%同比(官方),M,MONETARY_BASE_YOY,BOJ,OFFICIAL_CANONICAL,,,2015-03-15,REALTIME_ASSUMED,CONSERVATIVE_PROXY,OFFICIAL_NO_REV_AUDIT,conditional,true,true
2015-03-31,2015-03,35.2,35.2,%同比(官方),M,MONETARY_BASE_YOY,BOJ,OFFICIAL_CANONICAL,,,2015-04-15,REALTIME_ASSUMED,CONSERVATIVE_PROXY,OFFICIAL_NO_REV_AUDIT,conditional,true,true
2015-04-30,2015-04,35.2,35.2,%同比(官方),M,MONETARY_BASE_YOY,BOJ,OFFICIAL_CANONICAL,,,2015-05-15,REALTIME_ASSUMED,CONSERVATIVE_PROXY,OFFICIAL_NO_REV_AUDIT,conditional,true,true
2015-05-31,2015-05,35.6,35.6,%同比(官方),M,MONETARY_BASE_YOY,BOJ,OFFICIAL_CANONICAL,,,2015-06-15,REALTIME_ASSUMED,CONSERVATIVE_PROXY,OFFICIAL_NO_REV_AUDIT,conditional,true,true
2015-06-30,2015-06,34.2,34.2,%同比(官方),M,MONETARY_BASE_YOY,BOJ,OFFICIAL_CANONICAL,,,2015-07-15,REALTIME_ASSUMED,CONSERVATIVE_PROXY,OFFICIAL_NO_REV_AUDIT,conditional,true,true
2015-07-31,2015-07,32.8,32.8,%同比(官方),M,MONETARY_BASE_YOY,BOJ,OFFICIAL_CANONICAL,,,2015-08-15,REALTIME_ASSUMED,CONSERVATIVE_PROXY,OFFICIAL_NO_REV_AUDIT,conditional,true,true
2015-08-31,2015-08,33.3,33.3,%同比(官方),M,MONETARY_BASE_YOY,BOJ,OFFICIAL_CANONICAL,,,2015-09-15,REALTIME_ASSUMED,CONSERVATIVE_PROXY,OFFICIAL_NO_REV_AUDIT,conditional,true,true
2015-09-30,2015-09,35.1,35.1,%同比(官方),M,MONETARY_BASE_YOY,BOJ,OFFICIAL_CANONICAL,,,2015-10-15,REALTIME_ASSUMED,CONSERVATIVE_PROXY,OFFICIAL_NO_REV_AUDIT,conditional,true,true
2015-10-31,2015-10,32.5,32.5,%同比(官方),M,MONETARY_BASE_YOY,BOJ,OFFICIAL_CANONICAL,,,2015-11-15,REALTIME_ASSUMED,CONSERVATIVE_PROXY,OFFICIAL_NO_REV_AUDIT,conditional,true,true
2015-11-30,2015-11,32.5,32.5,%同比(官方),M,MONETARY_BASE_YOY,BOJ,OFFICIAL_CANONICAL,,,2015-12-15,REALTIME_ASSUMED,CONSERVATIVE_PROXY,OFFICIAL_NO_REV_AUDIT,conditional,true,true
2015-12-31,2015-12,29.5,29.5,%同比(官方),M,MONETARY_BASE_YOY,BOJ,OFFICIAL_CANONICAL,,,2016-01-15,REALTIME_ASSUMED,CONSERVATIVE_PROXY,OFFICIAL_NO_REV_AUDIT,conditional,true,true
2016-01-31,2016-01,28.9,28.9,%同比(官方),M,MONETARY_BASE_YOY,BOJ,OFFICIAL_CANONICAL,,,2016-02-15,REALTIME_ASSUMED,CONSERVATIVE_PROXY,OFFICIAL_NO_REV_AUDIT,conditional,true,true
2016-02-29,2016-02,29,29,%同比(官方),M,MONETARY_BASE_YOY,BOJ,OFFICIAL_CANONICAL,,,2016-03-15,REALTIME_ASSUMED,CONSERVATIVE_PROXY,OFFICIAL_NO_REV_AUDIT,conditional,true,true
2016-03-31,2016-03,28.5,28.5,%同比(官方),M,MONETARY_BASE_YOY,BOJ,OFFICIAL_CANONICAL,,,2016-04-15,REALTIME_ASSUMED,CONSERVATIVE_PROXY,OFFICIAL_NO_REV_AUDIT,conditional,true,true
2016-04-30,2016-04,26.8,26.8,%同比(官方),M,MONETARY_BASE_YOY,BOJ,OFFICIAL_CANONICAL,,,2016-05-15,REALTIME_ASSUMED,CONSERVATIVE_PROXY,OFFICIAL_NO_REV_AUDIT,conditional,true,true
2016-05-31,2016-05,25.5,25.5,%同比(官方),M,MONETARY_BASE_YOY,BOJ,OFFICIAL_CANONICAL,,,2016-06-15,REALTIME_ASSUMED,CONSERVATIVE_PROXY,OFFICIAL_NO_REV_AUDIT,conditional,true,true
2016-06-30,2016-06,25.4,25.4,%同比(官方),M,MONETARY_BASE_YOY,BOJ,OFFICIAL_CANONICAL,,,2016-07-15,REALTIME_ASSUMED,CONSERVATIVE_PROXY,OFFICIAL_NO_REV_AUDIT,conditional,true,true
2016-07-31,2016-07,24.7,24.7,%同比(官方),M,MONETARY_BASE_YOY,BOJ,OFFICIAL_CANONICAL,,,2016-08-15,REALTIME_ASSUMED,CONSERVATIVE_PROXY,OFFICIAL_NO_REV_AUDIT,conditional,true,true
2016-08-31,2016-08,24.2,24.2,%同比(官方),M,MONETARY_BASE_YOY,BOJ,OFFICIAL_CANONICAL,,,2016-09-15,REALTIME_ASSUMED,CONSERVATIVE_PROXY,OFFICIAL_NO_REV_AUDIT,conditional,true,true
2016-09-30,2016-09,22.7,22.7,%同比(官方),M,MONETARY_BASE_YOY,BOJ,OFFICIAL_CANONICAL,,,2016-10-15,REALTIME_ASSUMED,CONSERVATIVE_PROXY,OFFICIAL_NO_REV_AUDIT,conditional,true,true
2016-10-31,2016-10,22.1,22.1,%同比(官方),M,MONETARY_BASE_YOY,BOJ,OFFICIAL_CANONICAL,,,2016-11-15,REALTIME_ASSUMED,CONSERVATIVE_PROXY,OFFICIAL_NO_REV_AUDIT,conditional,true,true
2016-11-30,2016-11,21.5,21.5,%同比(官方),M,MONETARY_BASE_YOY,BOJ,OFFICIAL_CANONICAL,,,2016-12-15,REALTIME_ASSUMED,CONSERVATIVE_PROXY,OFFICIAL_NO_REV_AUDIT,conditional,true,true
2016-12-31,2016-12,23.1,23.1,%同比(官方),M,MONETARY_BASE_YOY,BOJ,OFFICIAL_CANONICAL,,,2017-01-15,REALTIME_ASSUMED,CONSERVATIVE_PROXY,OFFICIAL_NO_REV_AUDIT,conditional,true,true
2017-01-31,2017-01,22.6,22.6,%同比(官方),M,MONETARY_BASE_YOY,BOJ,OFFICIAL_CANONICAL,,,2017-02-15,REALTIME_ASSUMED,CONSERVATIVE_PROXY,OFFICIAL_NO_REV_AUDIT,conditional,true,true
2017-02-28,2017-02,21.4,21.4,%同比(官方),M,MONETARY_BASE_YOY,BOJ,OFFICIAL_CANONICAL,,,2017-03-15,REALTIME_ASSUMED,CONSERVATIVE_PROXY,OFFICIAL_NO_REV_AUDIT,conditional,true,true
2017-03-31,2017-03,20.3,20.3,%同比(官方),M,MONETARY_BASE_YOY,BOJ,OFFICIAL_CANONICAL,,,2017-04-15,REALTIME_ASSUMED,CONSERVATIVE_PROXY,OFFICIAL_NO_REV_AUDIT,conditional,true,true
2017-04-30,2017-04,19.8,19.8,%同比(官方),M,MONETARY_BASE_YOY,BOJ,OFFICIAL_CANONICAL,,,2017-05-15,REALTIME_ASSUMED,CONSERVATIVE_PROXY,OFFICIAL_NO_REV_AUDIT,conditional,true,true
2017-05-31,2017-05,19.4,19.4,%同比(官方),M,MONETARY_BASE_YOY,BOJ,OFFICIAL_CANONICAL,,,2017-06-15,REALTIME_ASSUMED,CONSERVATIVE_PROXY,OFFICIAL_NO_REV_AUDIT,conditional,true,true
2017-06-30,2017-06,17,17,%同比(官方),M,MONETARY_BASE_YOY,BOJ,OFFICIAL_CANONICAL,,,2017-07-15,REALTIME_ASSUMED,CONSERVATIVE_PROXY,OFFICIAL_NO_REV_AUDIT,conditional,true,true
2017-07-31,2017-07,15.6,15.6,%同比(官方),M,MONETARY_BASE_YOY,BOJ,OFFICIAL_CANONICAL,,,2017-08-15,REALTIME_ASSUMED,CONSERVATIVE_PROXY,OFFICIAL_NO_REV_AUDIT,conditional,true,true
2017-08-31,2017-08,16.3,16.3,%同比(官方),M,MONETARY_BASE_YOY,BOJ,OFFICIAL_CANONICAL,,,2017-09-15,REALTIME_ASSUMED,CONSERVATIVE_PROXY,OFFICIAL_NO_REV_AUDIT,conditional,true,true
2017-09-30,2017-09,15.6,15.6,%同比(官方),M,MONETARY_BASE_YOY,BOJ,OFFICIAL_CANONICAL,,,2017-10-15,REALTIME_ASSUMED,CONSERVATIVE_PROXY,OFFICIAL_NO_REV_AUDIT,conditional,true,true
2017-10-31,2017-10,14.5,14.5,%同比(官方),M,MONETARY_BASE_YOY,BOJ,OFFICIAL_CANONICAL,,,2017-11-15,REALTIME_ASSUMED,CONSERVATIVE_PROXY,OFFICIAL_NO_REV_AUDIT,conditional,true,true
2017-11-30,2017-11,13.2,13.2,%同比(官方),M,MONETARY_BASE_YOY,BOJ,OFFICIAL_CANONICAL,,,2017-12-15,REALTIME_ASSUMED,CONSERVATIVE_PROXY,OFFICIAL_NO_REV_AUDIT,conditional,true,true
2017-12-31,2017-12,11.2,11.2,%同比(官方),M,MONETARY_BASE_YOY,BOJ,OFFICIAL_CANONICAL,,,2018-01-15,REALTIME_ASSUMED,CONSERVATIVE_PROXY,OFFICIAL_NO_REV_AUDIT,conditional,true,true
2018-01-31,2018-01,9.7,9.7,%同比(官方),M,MONETARY_BASE_YOY,BOJ,OFFICIAL_CANONICAL,,,2018-02-15,REALTIME_ASSUMED,CONSERVATIVE_PROXY,OFFICIAL_NO_REV_AUDIT,conditional,true,true
2018-02-28,2018-02,9.4,9.4,%同比(官方),M,MONETARY_BASE_YOY,BOJ,OFFICIAL_CANONICAL,,,2018-03-15,REALTIME_ASSUMED,CONSERVATIVE_PROXY,OFFICIAL_NO_REV_AUDIT,conditional,true,true
2018-03-31,2018-03,9.1,9.1,%同比(官方),M,MONETARY_BASE_YOY,BOJ,OFFICIAL_CANONICAL,,,2018-04-15,REALTIME_ASSUMED,CONSERVATIVE_PROXY,OFFICIAL_NO_REV_AUDIT,conditional,true,true
2018-04-30,2018-04,7.8,7.8,%同比(官方),M,MONETARY_BASE_YOY,BOJ,OFFICIAL_CANONICAL,,,2018-05-15,REALTIME_ASSUMED,CONSERVATIVE_PROXY,OFFICIAL_NO_REV_AUDIT,conditional,true,true
2018-05-31,2018-05,8.1,8.1,%同比(官方),M,MONETARY_BASE_YOY,BOJ,OFFICIAL_CANONICAL,,,2018-06-15,REALTIME_ASSUMED,CONSERVATIVE_PROXY,OFFICIAL_NO_REV_AUDIT,conditional,true,true
2018-06-30,2018-06,7.4,7.4,%同比(官方),M,MONETARY_BASE_YOY,BOJ,OFFICIAL_CANONICAL,,,2018-07-15,REALTIME_ASSUMED,CONSERVATIVE_PROXY,OFFICIAL_NO_REV_AUDIT,conditional,true,true
2018-07-31,2018-07,7,7,%同比(官方),M,MONETARY_BASE_YOY,BOJ,OFFICIAL_CANONICAL,,,2018-08-15,REALTIME_ASSUMED,CONSERVATIVE_PROXY,OFFICIAL_NO_REV_AUDIT,conditional,true,true
2018-08-31,2018-08,6.9,6.9,%同比(官方),M,MONETARY_BASE_YOY,BOJ,OFFICIAL_CANONICAL,,,2018-09-15,REALTIME_ASSUMED,CONSERVATIVE_PROXY,OFFICIAL_NO_REV_AUDIT,conditional,true,true
2018-09-30,2018-09,5.9,5.9,%同比(官方),M,MONETARY_BASE_YOY,BOJ,OFFICIAL_CANONICAL,,,2018-10-15,REALTIME_ASSUMED,CONSERVATIVE_PROXY,OFFICIAL_NO_REV_AUDIT,conditional,true,true
2018-10-31,2018-10,5.9,5.9,%同比(官方),M,MONETARY_BASE_YOY,BOJ,OFFICIAL_CANONICAL,,,2018-11-15,REALTIME_ASSUMED,CONSERVATIVE_PROXY,OFFICIAL_NO_REV_AUDIT,conditional,true,true
2018-11-30,2018-11,6.1,6.1,%同比(官方),M,MONETARY_BASE_YOY,BOJ,OFFICIAL_CANONICAL,,,2018-12-15,REALTIME_ASSUMED,CONSERVATIVE_PROXY,OFFICIAL_NO_REV_AUDIT,conditional,true,true
2018-12-31,2018-12,4.8,4.8,%同比(官方),M,MONETARY_BASE_YOY,BOJ,OFFICIAL_CANONICAL,,,2019-01-15,REALTIME_ASSUMED,CONSERVATIVE_PROXY,OFFICIAL_NO_REV_AUDIT,conditional,true,true
2019-01-31,2019-01,4.7,4.7,%同比(官方),M,MONETARY_BASE_YOY,BOJ,OFFICIAL_CANONICAL,,,2019-02-15,REALTIME_ASSUMED,CONSERVATIVE_PROXY,OFFICIAL_NO_REV_AUDIT,conditional,true,true
2019-02-28,2019-02,4.6,4.6,%同比(官方),M,MONETARY_BASE_YOY,BOJ,OFFICIAL_CANONICAL,,,2019-03-15,REALTIME_ASSUMED,CONSERVATIVE_PROXY,OFFICIAL_NO_REV_AUDIT,conditional,true,true
2019-03-31,2019-03,3.8,3.8,%同比(官方),M,MONETARY_BASE_YOY,BOJ,OFFICIAL_CANONICAL,,,2019-04-15,REALTIME_ASSUMED,CONSERVATIVE_PROXY,OFFICIAL_NO_REV_AUDIT,conditional,true,true
2019-04-30,2019-04,3.1,3.1,%同比(官方),M,MONETARY_BASE_YOY,BOJ,OFFICIAL_CANONICAL,,,2019-05-15,REALTIME_ASSUMED,CONSERVATIVE_PROXY,OFFICIAL_NO_REV_AUDIT,conditional,true,true
2019-05-31,2019-05,3.6,3.6,%同比(官方),M,MONETARY_BASE_YOY,BOJ,OFFICIAL_CANONICAL,,,2019-06-15,REALTIME_ASSUMED,CONSERVATIVE_PROXY,OFFICIAL_NO_REV_AUDIT,conditional,true,true
2019-06-30,2019-06,4,4,%同比(官方),M,MONETARY_BASE_YOY,BOJ,OFFICIAL_CANONICAL,,,2019-07-15,REALTIME_ASSUMED,CONSERVATIVE_PROXY,OFFICIAL_NO_REV_AUDIT,conditional,true,true
2019-07-31,2019-07,3.7,3.7,%同比(官方),M,MONETARY_BASE_YOY,BOJ,OFFICIAL_CANONICAL,,,2019-08-15,REALTIME_ASSUMED,CONSERVATIVE_PROXY,OFFICIAL_NO_REV_AUDIT,conditional,true,true
2019-08-31,2019-08,2.8,2.8,%同比(官方),M,MONETARY_BASE_YOY,BOJ,OFFICIAL_CANONICAL,,,2019-09-15,REALTIME_ASSUMED,CONSERVATIVE_PROXY,OFFICIAL_NO_REV_AUDIT,conditional,true,true
2019-09-30,2019-09,3,3,%同比(官方),M,MONETARY_BASE_YOY,BOJ,OFFICIAL_CANONICAL,,,2019-10-15,REALTIME_ASSUMED,CONSERVATIVE_PROXY,OFFICIAL_NO_REV_AUDIT,conditional,true,true
2019-10-31,2019-10,3.1,3.1,%同比(官方),M,MONETARY_BASE_YOY,BOJ,OFFICIAL_CANONICAL,,,2019-11-15,REALTIME_ASSUMED,CONSERVATIVE_PROXY,OFFICIAL_NO_REV_AUDIT,conditional,true,true
2019-11-30,2019-11,3.3,3.3,%同比(官方),M,MONETARY_BASE_YOY,BOJ,OFFICIAL_CANONICAL,,,2019-12-15,REALTIME_ASSUMED,CONSERVATIVE_PROXY,OFFICIAL_NO_REV_AUDIT,conditional,true,true
2019-12-31,2019-12,3.2,3.2,%同比(官方),M,MONETARY_BASE_YOY,BOJ,OFFICIAL_CANONICAL,,,2020-01-15,REALTIME_ASSUMED,CONSERVATIVE_PROXY,OFFICIAL_NO_REV_AUDIT,conditional,true,true
2020-01-31,2020-01,2.9,2.9,%同比(官方),M,MONETARY_BASE_YOY,BOJ,OFFICIAL_CANONICAL,,,2020-02-15,REALTIME_ASSUMED,CONSERVATIVE_PROXY,OFFICIAL_NO_REV_AUDIT,conditional,true,true
2020-02-29,2020-02,3.6,3.6,%同比(官方),M,MONETARY_BASE_YOY,BOJ,OFFICIAL_CANONICAL,,,2020-03-15,REALTIME_ASSUMED,CONSERVATIVE_PROXY,OFFICIAL_NO_REV_AUDIT,conditional,true,true
2020-03-31,2020-03,2.8,2.8,%同比(官方),M,MONETARY_BASE_YOY,BOJ,OFFICIAL_CANONICAL,,,2020-04-15,REALTIME_ASSUMED,CONSERVATIVE_PROXY,OFFICIAL_NO_REV_AUDIT,conditional,true,true
2020-04-30,2020-04,2.3,2.3,%同比(官方),M,MONETARY_BASE_YOY,BOJ,OFFICIAL_CANONICAL,,,2020-05-15,REALTIME_ASSUMED,CONSERVATIVE_PROXY,OFFICIAL_NO_REV_AUDIT,conditional,true,true
2020-05-31,2020-05,3.9,3.9,%同比(官方),M,MONETARY_BASE_YOY,BOJ,OFFICIAL_CANONICAL,,,2020-06-15,REALTIME_ASSUMED,CONSERVATIVE_PROXY,OFFICIAL_NO_REV_AUDIT,conditional,true,true
2020-06-30,2020-06,6,6,%同比(官方),M,MONETARY_BASE_YOY,BOJ,OFFICIAL_CANONICAL,,,2020-07-15,REALTIME_ASSUMED,CONSERVATIVE_PROXY,OFFICIAL_NO_REV_AUDIT,conditional,true,true
2020-07-31,2020-07,9.8,9.8,%同比(官方),M,MONETARY_BASE_YOY,BOJ,OFFICIAL_CANONICAL,,,2020-08-15,REALTIME_ASSUMED,CONSERVATIVE_PROXY,OFFICIAL_NO_REV_AUDIT,conditional,true,true
2020-08-31,2020-08,11.5,11.5,%同比(官方),M,MONETARY_BASE_YOY,BOJ,OFFICIAL_CANONICAL,,,2020-09-15,REALTIME_ASSUMED,CONSERVATIVE_PROXY,OFFICIAL_NO_REV_AUDIT,conditional,true,true
2020-09-30,2020-09,14.3,14.3,%同比(官方),M,MONETARY_BASE_YOY,BOJ,OFFICIAL_CANONICAL,,,2020-10-15,REALTIME_ASSUMED,CONSERVATIVE_PROXY,OFFICIAL_NO_REV_AUDIT,conditional,true,true
2020-10-31,2020-10,16.3,16.3,%同比(官方),M,MONETARY_BASE_YOY,BOJ,OFFICIAL_CANONICAL,,,2020-11-15,REALTIME_ASSUMED,CONSERVATIVE_PROXY,OFFICIAL_NO_REV_AUDIT,conditional,true,true
2020-11-30,2020-11,16.5,16.5,%同比(官方),M,MONETARY_BASE_YOY,BOJ,OFFICIAL_CANONICAL,,,2020-12-15,REALTIME_ASSUMED,CONSERVATIVE_PROXY,OFFICIAL_NO_REV_AUDIT,conditional,true,true
2020-12-31,2020-12,18.3,18.3,%同比(官方),M,MONETARY_BASE_YOY,BOJ,OFFICIAL_CANONICAL,,,2021-01-15,REALTIME_ASSUMED,CONSERVATIVE_PROXY,OFFICIAL_NO_REV_AUDIT,conditional,true,true
2021-01-31,2021-01,18.9,18.9,%同比(官方),M,MONETARY_BASE_YOY,BOJ,OFFICIAL_CANONICAL,,,2021-02-15,REALTIME_ASSUMED,CONSERVATIVE_PROXY,OFFICIAL_NO_REV_AUDIT,conditional,true,true
2021-02-28,2021-02,19.6,19.6,%同比(官方),M,MONETARY_BASE_YOY,BOJ,OFFICIAL_CANONICAL,,,2021-03-15,REALTIME_ASSUMED,CONSERVATIVE_PROXY,OFFICIAL_NO_REV_AUDIT,conditional,true,true
2021-03-31,2021-03,20.8,20.8,%同比(官方),M,MONETARY_BASE_YOY,BOJ,OFFICIAL_CANONICAL,,,2021-04-15,REALTIME_ASSUMED,CONSERVATIVE_PROXY,OFFICIAL_NO_REV_AUDIT,conditional,true,true
2021-04-30,2021-04,24.3,24.3,%同比(官方),M,MONETARY_BASE_YOY,BOJ,OFFICIAL_CANONICAL,,,2021-05-15,REALTIME_ASSUMED,CONSERVATIVE_PROXY,OFFICIAL_NO_REV_AUDIT,conditional,true,true
2021-05-31,2021-05,22.4,22.4,%同比(官方),M,MONETARY_BASE_YOY,BOJ,OFFICIAL_CANONICAL,,,2021-06-15,REALTIME_ASSUMED,CONSERVATIVE_PROXY,OFFICIAL_NO_REV_AUDIT,conditional,true,true
2021-06-30,2021-06,19.1,19.1,%同比(官方),M,MONETARY_BASE_YOY,BOJ,OFFICIAL_CANONICAL,,,2021-07-15,REALTIME_ASSUMED,CONSERVATIVE_PROXY,OFFICIAL_NO_REV_AUDIT,conditional,true,true
2021-07-31,2021-07,15.4,15.4,%同比(官方),M,MONETARY_BASE_YOY,BOJ,OFFICIAL_CANONICAL,,,2021-08-15,REALTIME_ASSUMED,CONSERVATIVE_PROXY,OFFICIAL_NO_REV_AUDIT,conditional,true,true
2021-08-31,2021-08,14.9,14.9,%同比(官方),M,MONETARY_BASE_YOY,BOJ,OFFICIAL_CANONICAL,,,2021-09-15,REALTIME_ASSUMED,CONSERVATIVE_PROXY,OFFICIAL_NO_REV_AUDIT,conditional,true,true
2021-09-30,2021-09,11.7,11.7,%同比(官方),M,MONETARY_BASE_YOY,BOJ,OFFICIAL_CANONICAL,,,2021-10-15,REALTIME_ASSUMED,CONSERVATIVE_PROXY,OFFICIAL_NO_REV_AUDIT,conditional,true,true
2021-10-31,2021-10,9.9,9.9,%同比(官方),M,MONETARY_BASE_YOY,BOJ,OFFICIAL_CANONICAL,,,2021-11-15,REALTIME_ASSUMED,CONSERVATIVE_PROXY,OFFICIAL_NO_REV_AUDIT,conditional,true,true
2021-11-30,2021-11,9.3,9.3,%同比(官方),M,MONETARY_BASE_YOY,BOJ,OFFICIAL_CANONICAL,,,2021-12-15,REALTIME_ASSUMED,CONSERVATIVE_PROXY,OFFICIAL_NO_REV_AUDIT,conditional,true,true
2021-12-31,2021-12,8.3,8.3,%同比(官方),M,MONETARY_BASE_YOY,BOJ,OFFICIAL_CANONICAL,,,2022-01-15,REALTIME_ASSUMED,CONSERVATIVE_PROXY,OFFICIAL_NO_REV_AUDIT,conditional,true,true
2022-01-31,2022-01,8.4,8.4,%同比(官方),M,MONETARY_BASE_YOY,BOJ,OFFICIAL_CANONICAL,,,2022-02-15,REALTIME_ASSUMED,CONSERVATIVE_PROXY,OFFICIAL_NO_REV_AUDIT,conditional,true,true
2022-02-28,2022-02,7.6,7.6,%同比(官方),M,MONETARY_BASE_YOY,BOJ,OFFICIAL_CANONICAL,,,2022-03-15,REALTIME_ASSUMED,CONSERVATIVE_PROXY,OFFICIAL_NO_REV_AUDIT,conditional,true,true
2022-03-31,2022-03,7.9,7.9,%同比(官方),M,MONETARY_BASE_YOY,BOJ,OFFICIAL_CANONICAL,,,2022-04-15,REALTIME_ASSUMED,CONSERVATIVE_PROXY,OFFICIAL_NO_REV_AUDIT,conditional,true,true
2022-04-30,2022-04,6.6,6.6,%同比(官方),M,MONETARY_BASE_YOY,BOJ,OFFICIAL_CANONICAL,,,2022-05-15,REALTIME_ASSUMED,CONSERVATIVE_PROXY,OFFICIAL_NO_REV_AUDIT,conditional,true,true
2022-05-31,2022-05,4.6,4.6,%同比(官方),M,MONETARY_BASE_YOY,BOJ,OFFICIAL_CANONICAL,,,2022-06-15,REALTIME_ASSUMED,CONSERVATIVE_PROXY,OFFICIAL_NO_REV_AUDIT,conditional,true,true
2022-06-30,2022-06,3.9,3.9,%同比(官方),M,MONETARY_BASE_YOY,BOJ,OFFICIAL_CANONICAL,,,2022-07-15,REALTIME_ASSUMED,CONSERVATIVE_PROXY,OFFICIAL_NO_REV_AUDIT,conditional,true,true
2022-07-31,2022-07,2.8,2.8,%同比(官方),M,MONETARY_BASE_YOY,BOJ,OFFICIAL_CANONICAL,,,2022-08-15,REALTIME_ASSUMED,CONSERVATIVE_PROXY,OFFICIAL_NO_REV_AUDIT,conditional,true,true
2022-08-31,2022-08,0.4,0.4,%同比(官方),M,MONETARY_BASE_YOY,BOJ,OFFICIAL_CANONICAL,,,2022-09-15,REALTIME_ASSUMED,CONSERVATIVE_PROXY,OFFICIAL_NO_REV_AUDIT,conditional,true,true
2022-09-30,2022-09,-3.3,-3.3,%同比(官方),M,MONETARY_BASE_YOY,BOJ,OFFICIAL_CANONICAL,,,2022-10-15,REALTIME_ASSUMED,CONSERVATIVE_PROXY,OFFICIAL_NO_REV_AUDIT,conditional,true,true
2022-10-31,2022-10,-6.9,-6.9,%同比(官方),M,MONETARY_BASE_YOY,BOJ,OFFICIAL_CANONICAL,,,2022-11-15,REALTIME_ASSUMED,CONSERVATIVE_PROXY,OFFICIAL_NO_REV_AUDIT,conditional,true,true
2022-11-30,2022-11,-6.4,-6.4,%同比(官方),M,MONETARY_BASE_YOY,BOJ,OFFICIAL_CANONICAL,,,2022-12-15,REALTIME_ASSUMED,CONSERVATIVE_PROXY,OFFICIAL_NO_REV_AUDIT,conditional,true,true
2022-12-31,2022-12,-6.1,-6.1,%同比(官方),M,MONETARY_BASE_YOY,BOJ,OFFICIAL_CANONICAL,,,2023-01-15,REALTIME_ASSUMED,CONSERVATIVE_PROXY,OFFICIAL_NO_REV_AUDIT,conditional,true,true
2023-01-31,2023-01,-3.8,-3.8,%同比(官方),M,MONETARY_BASE_YOY,BOJ,OFFICIAL_CANONICAL,,,2023-02-15,REALTIME_ASSUMED,CONSERVATIVE_PROXY,OFFICIAL_NO_REV_AUDIT,conditional,true,true
2023-02-28,2023-02,-1.6,-1.6,%同比(官方),M,MONETARY_BASE_YOY,BOJ,OFFICIAL_CANONICAL,,,2023-03-15,REALTIME_ASSUMED,CONSERVATIVE_PROXY,OFFICIAL_NO_REV_AUDIT,conditional,true,true
2023-03-31,2023-03,-1,-1,%同比(官方),M,MONETARY_BASE_YOY,BOJ,OFFICIAL_CANONICAL,,,2023-04-15,REALTIME_ASSUMED,CONSERVATIVE_PROXY,OFFICIAL_NO_REV_AUDIT,conditional,true,true
2023-04-30,2023-04,-1.7,-1.7,%同比(官方),M,MONETARY_BASE_YOY,BOJ,OFFICIAL_CANONICAL,,,2023-05-15,REALTIME_ASSUMED,CONSERVATIVE_PROXY,OFFICIAL_NO_REV_AUDIT,conditional,true,true
2023-05-31,2023-05,-1.1,-1.1,%同比(官方),M,MONETARY_BASE_YOY,BOJ,OFFICIAL_CANONICAL,,,2023-06-15,REALTIME_ASSUMED,CONSERVATIVE_PROXY,OFFICIAL_NO_REV_AUDIT,conditional,true,true
2023-06-30,2023-06,-1,-1,%同比(官方),M,MONETARY_BASE_YOY,BOJ,OFFICIAL_CANONICAL,,,2023-07-15,REALTIME_ASSUMED,CONSERVATIVE_PROXY,OFFICIAL_NO_REV_AUDIT,conditional,true,true
2023-07-31,2023-07,-1.3,-1.3,%同比(官方),M,MONETARY_BASE_YOY,BOJ,OFFICIAL_CANONICAL,,,2023-08-15,REALTIME_ASSUMED,CONSERVATIVE_PROXY,OFFICIAL_NO_REV_AUDIT,conditional,true,true
2023-08-31,2023-08,1.2,1.2,%同比(官方),M,MONETARY_BASE_YOY,BOJ,OFFICIAL_CANONICAL,,,2023-09-15,REALTIME_ASSUMED,CONSERVATIVE_PROXY,OFFICIAL_NO_REV_AUDIT,conditional,true,true
2023-09-30,2023-09,5.6,5.6,%同比(官方),M,MONETARY_BASE_YOY,BOJ,OFFICIAL_CANONICAL,,,2023-10-15,REALTIME_ASSUMED,CONSERVATIVE_PROXY,OFFICIAL_NO_REV_AUDIT,conditional,true,true
2023-10-31,2023-10,9,9,%同比(官方),M,MONETARY_BASE_YOY,BOJ,OFFICIAL_CANONICAL,,,2023-11-15,REALTIME_ASSUMED,CONSERVATIVE_PROXY,OFFICIAL_NO_REV_AUDIT,conditional,true,true
2023-11-30,2023-11,8.9,8.9,%同比(官方),M,MONETARY_BASE_YOY,BOJ,OFFICIAL_CANONICAL,,,2023-12-15,REALTIME_ASSUMED,CONSERVATIVE_PROXY,OFFICIAL_NO_REV_AUDIT,conditional,true,true
2023-12-31,2023-12,7.8,7.8,%同比(官方),M,MONETARY_BASE_YOY,BOJ,OFFICIAL_CANONICAL,,,2024-01-15,REALTIME_ASSUMED,CONSERVATIVE_PROXY,OFFICIAL_NO_REV_AUDIT,conditional,true,true
2024-01-31,2024-01,4.8,4.8,%同比(官方),M,MONETARY_BASE_YOY,BOJ,OFFICIAL_CANONICAL,,,2024-02-15,REALTIME_ASSUMED,CONSERVATIVE_PROXY,OFFICIAL_NO_REV_AUDIT,conditional,true,true
2024-02-29,2024-02,2.4,2.4,%同比(官方),M,MONETARY_BASE_YOY,BOJ,OFFICIAL_CANONICAL,,,2024-03-15,REALTIME_ASSUMED,CONSERVATIVE_PROXY,OFFICIAL_NO_REV_AUDIT,conditional,true,true
2024-03-31,2024-03,1.6,1.6,%同比(官方),M,MONETARY_BASE_YOY,BOJ,OFFICIAL_CANONICAL,,,2024-04-15,REALTIME_ASSUMED,CONSERVATIVE_PROXY,OFFICIAL_NO_REV_AUDIT,conditional,true,true
2024-04-30,2024-04,2.1,2.1,%同比(官方),M,MONETARY_BASE_YOY,BOJ,OFFICIAL_CANONICAL,,,2024-05-15,REALTIME_ASSUMED,CONSERVATIVE_PROXY,OFFICIAL_NO_REV_AUDIT,conditional,true,true
2024-05-31,2024-05,0.9,0.9,%同比(官方),M,MONETARY_BASE_YOY,BOJ,OFFICIAL_CANONICAL,,,2024-06-15,REALTIME_ASSUMED,CONSERVATIVE_PROXY,OFFICIAL_NO_REV_AUDIT,conditional,true,true
2024-06-30,2024-06,0.6,0.6,%同比(官方),M,MONETARY_BASE_YOY,BOJ,OFFICIAL_CANONICAL,,,2024-07-15,REALTIME_ASSUMED,CONSERVATIVE_PROXY,OFFICIAL_NO_REV_AUDIT,conditional,true,true
2024-07-31,2024-07,1,1,%同比(官方),M,MONETARY_BASE_YOY,BOJ,OFFICIAL_CANONICAL,,,2024-08-15,REALTIME_ASSUMED,CONSERVATIVE_PROXY,OFFICIAL_NO_REV_AUDIT,conditional,true,true
2024-08-31,2024-08,0.6,0.6,%同比(官方),M,MONETARY_BASE_YOY,BOJ,OFFICIAL_CANONICAL,,,2024-09-15,REALTIME_ASSUMED,CONSERVATIVE_PROXY,OFFICIAL_NO_REV_AUDIT,conditional,true,true
2024-09-30,2024-09,-0.1,-0.1,%同比(官方),M,MONETARY_BASE_YOY,BOJ,OFFICIAL_CANONICAL,,,2024-10-15,REALTIME_ASSUMED,CONSERVATIVE_PROXY,OFFICIAL_NO_REV_AUDIT,conditional,true,true
2024-10-31,2024-10,-0.3,-0.3,%同比(官方),M,MONETARY_BASE_YOY,BOJ,OFFICIAL_CANONICAL,,,2024-11-15,REALTIME_ASSUMED,CONSERVATIVE_PROXY,OFFICIAL_NO_REV_AUDIT,conditional,true,true
2024-11-30,2024-11,-0.3,-0.3,%同比(官方),M,MONETARY_BASE_YOY,BOJ,OFFICIAL_CANONICAL,,,2024-12-15,REALTIME_ASSUMED,CONSERVATIVE_PROXY,OFFICIAL_NO_REV_AUDIT,conditional,true,true
2024-12-31,2024-12,-1,-1,%同比(官方),M,MONETARY_BASE_YOY,BOJ,OFFICIAL_CANONICAL,,,2025-01-15,REALTIME_ASSUMED,CONSERVATIVE_PROXY,OFFICIAL_NO_REV_AUDIT,conditional,true,true
2025-01-31,2025-01,-2.5,-2.5,%同比(官方),M,MONETARY_BASE_YOY,BOJ,OFFICIAL_CANONICAL,,,2025-02-15,REALTIME_ASSUMED,CONSERVATIVE_PROXY,OFFICIAL_NO_REV_AUDIT,conditional,true,true
2025-02-28,2025-02,-1.8,-1.8,%同比(官方),M,MONETARY_BASE_YOY,BOJ,OFFICIAL_CANONICAL,,,2025-03-15,REALTIME_ASSUMED,CONSERVATIVE_PROXY,OFFICIAL_NO_REV_AUDIT,conditional,true,true
2025-03-31,2025-03,-3.1,-3.1,%同比(官方),M,MONETARY_BASE_YOY,BOJ,OFFICIAL_CANONICAL,,,2025-04-15,REALTIME_ASSUMED,CONSERVATIVE_PROXY,OFFICIAL_NO_REV_AUDIT,conditional,true,true
2025-04-30,2025-04,-4.8,-4.8,%同比(官方),M,MONETARY_BASE_YOY,BOJ,OFFICIAL_CANONICAL,,,2025-05-15,REALTIME_ASSUMED,CONSERVATIVE_PROXY,OFFICIAL_NO_REV_AUDIT,conditional,true,true
2025-05-31,2025-05,-3.4,-3.4,%同比(官方),M,MONETARY_BASE_YOY,BOJ,OFFICIAL_CANONICAL,,,2025-06-15,REALTIME_ASSUMED,CONSERVATIVE_PROXY,OFFICIAL_NO_REV_AUDIT,conditional,true,true
2025-06-30,2025-06,-3.5,-3.5,%同比(官方),M,MONETARY_BASE_YOY,BOJ,OFFICIAL_CANONICAL,,,2025-07-15,REALTIME_ASSUMED,CONSERVATIVE_PROXY,OFFICIAL_NO_REV_AUDIT,conditional,true,true
2025-07-31,2025-07,-3.9,-3.9,%同比(官方),M,MONETARY_BASE_YOY,BOJ,OFFICIAL_CANONICAL,,,2025-08-15,REALTIME_ASSUMED,CONSERVATIVE_PROXY,OFFICIAL_NO_REV_AUDIT,conditional,true,true
2025-08-31,2025-08,-4.1,-4.1,%同比(官方),M,MONETARY_BASE_YOY,BOJ,OFFICIAL_CANONICAL,,,2025-09-15,REALTIME_ASSUMED,CONSERVATIVE_PROXY,OFFICIAL_NO_REV_AUDIT,conditional,true,true
2025-09-30,2025-09,-6.2,-6.2,%同比(官方),M,MONETARY_BASE_YOY,BOJ,OFFICIAL_CANONICAL,,,2025-10-15,REALTIME_ASSUMED,CONSERVATIVE_PROXY,OFFICIAL_NO_REV_AUDIT,conditional,true,true
2025-10-31,2025-10,-7.8,-7.8,%同比(官方),M,MONETARY_BASE_YOY,BOJ,OFFICIAL_CANONICAL,,,2025-11-15,REALTIME_ASSUMED,CONSERVATIVE_PROXY,OFFICIAL_NO_REV_AUDIT,conditional,true,true
2025-11-30,2025-11,-8.5,-8.5,%同比(官方),M,MONETARY_BASE_YOY,BOJ,OFFICIAL_CANONICAL,,,2025-12-15,REALTIME_ASSUMED,CONSERVATIVE_PROXY,OFFICIAL_NO_REV_AUDIT,conditional,true,true
2025-12-31,2025-12,-9.8,-9.8,%同比(官方),M,MONETARY_BASE_YOY,BOJ,OFFICIAL_CANONICAL,,,2026-01-15,REALTIME_ASSUMED,CONSERVATIVE_PROXY,OFFICIAL_NO_REV_AUDIT,conditional,true,true
2026-01-31,2026-01,-9.5,-9.5,%同比(官方),M,MONETARY_BASE_YOY,BOJ,OFFICIAL_CANONICAL,,,2026-02-15,REALTIME_ASSUMED,CONSERVATIVE_PROXY,OFFICIAL_NO_REV_AUDIT,conditional,true,true
2026-02-28,2026-02,-10.6,-10.6,%同比(官方),M,MONETARY_BASE_YOY,BOJ,OFFICIAL_CANONICAL,,,2026-03-15,REALTIME_ASSUMED,CONSERVATIVE_PROXY,OFFICIAL_NO_REV_AUDIT,conditional,true,true
2026-03-31,2026-03,-11.6,-11.6,%同比(官方),M,MONETARY_BASE_YOY,BOJ,OFFICIAL_CANONICAL,,,2026-04-15,REALTIME_ASSUMED,CONSERVATIVE_PROXY,OFFICIAL_NO_REV_AUDIT,conditional,true,true
2026-04-30,2026-04,-11.3,-11.3,%同比(官方),M,MONETARY_BASE_YOY,BOJ,OFFICIAL_CANONICAL,,,2026-05-15,REALTIME_ASSUMED,CONSERVATIVE_PROXY,OFFICIAL_NO_REV_AUDIT,conditional,true,true
2026-05-31,2026-05,-12.2,-12.2,%同比(官方),M,MONETARY_BASE_YOY,BOJ,OFFICIAL_CANONICAL,,,2026-06-15,REALTIME_ASSUMED,CONSERVATIVE_PROXY,OFFICIAL_NO_REV_AUDIT,conditional,true,true
2026-06-30,2026-06,-13.7,-13.7,%同比(官方),M,MONETARY_BASE_YOY,BOJ,OFFICIAL_CANONICAL,,,2026-07-15,REALTIME_ASSUMED,CONSERVATIVE_PROXY,OFFICIAL_NO_REV_AUDIT,conditional,true,true
2026-07-31,2026-07,-13.8,-13.8,%同比(官方),M,MONETARY_BASE_YOY,BOJ,OFFICIAL_CANONICAL,,,2026-08-15,REALTIME_ASSUMED,CONSERVATIVE_PROXY,OFFICIAL_NO_REV_AUDIT,conditional,true,true
2026-08-31,2026-08,-15.7,-15.7,%同比(官方),M,MONETARY_BASE_YOY,BOJ,OFFICIAL_CANONICAL,,,2026-09-05,REALTIME_ASSUMED,CONSERVATIVE_PROXY,OFFICIAL_NO_REV_AUDIT,conditional,true,true
