date,period,value,value_raw,unit,freq,source,provider,source_type,definition_regime,note,value_available_date,vintage_type,release_rule_status,vintage_evidence,historical_realtime_eligible,post_vad_eligible,source_validity_eligible
1955-01-31,1955-01,-9620000000.0,-9620000000.0,日元(OECD自行季调),M,NETTRADE_FRED_SA,FRED(OECD转载财务省),VALIDATED_MIRROR,,TRADE_OECD_SA,2026-09-05,LATEST_HISTORY_PROXY,PROXY,CURRENT_HISTORY_ONLY_NO_VINTAGE,false,true,true
1955-02-28,1955-02,-10800000000.0,-10800000000.0,日元(OECD自行季调),M,NETTRADE_FRED_SA,FRED(OECD转载财务省),VALIDATED_MIRROR,,TRADE_OECD_SA,2026-09-05,LATEST_HISTORY_PROXY,PROXY,CURRENT_HISTORY_ONLY_NO_VINTAGE,false,true,true
1955-03-31,1955-03,-19180000000.0,-19180000000.0,日元(OECD自行季调),M,NETTRADE_FRED_SA,FRED(OECD转载财务省),VALIDATED_MIRROR,,TRADE_OECD_SA,2026-09-05,LATEST_HISTORY_PROXY,PROXY,CURRENT_HISTORY_ONLY_NO_VINTAGE,false,true,true
1955-04-30,1955-04,-14000000000.0,-14000000000.0,日元(OECD自行季调),M,NETTRADE_FRED_SA,FRED(OECD转载财务省),VALIDATED_MIRROR,,TRADE_OECD_SA,2026-09-05,LATEST_HISTORY_PROXY,PROXY,CURRENT_HISTORY_ONLY_NO_VINTAGE,false,true,true
1955-05-31,1955-05,-14080000000.0,-14080000000.0,日元(OECD自行季调),M,NETTRADE_FRED_SA,FRED(OECD转载财务省),VALIDATED_MIRROR,,TRADE_OECD_SA,2026-09-05,LATEST_HISTORY_PROXY,PROXY,CURRENT_HISTORY_ONLY_NO_VINTAGE,false,true,true
1955-06-30,1955-06,-13130000000.0,-13130000000.0,日元(OECD自行季调),M,NETTRADE_FRED_SA,FRED(OECD转载财务省),VALIDATED_MIRROR,,TRADE_OECD_SA,2026-09-05,LATEST_HISTORY_PROXY,PROXY,CURRENT_HISTORY_ONLY_NO_VINTAGE,false,true,true
1955-07-31,1955-07,-14880000000.0,-14880000000.0,日元(OECD自行季调),M,NETTRADE_FRED_SA,FRED(OECD转载财务省),VALIDATED_MIRROR,,TRADE_OECD_SA,2026-09-05,LATEST_HISTORY_PROXY,PROXY,CURRENT_HISTORY_ONLY_NO_VINTAGE,false,true,true
1955-08-31,1955-08,-13950000000.0,-13950000000.0,日元(OECD自行季调),M,NETTRADE_FRED_SA,FRED(OECD转载财务省),VALIDATED_MIRROR,,TRADE_OECD_SA,2026-09-05,LATEST_HISTORY_PROXY,PROXY,CURRENT_HISTORY_ONLY_NO_VINTAGE,false,true,true
1955-09-30,1955-09,-10450000000.0,-10450000000.0,日元(OECD自行季调),M,NETTRADE_FRED_SA,FRED(OECD转载财务省),VALIDATED_MIRROR,,TRADE_OECD_SA,2026-09-05,LATEST_HISTORY_PROXY,PROXY,CURRENT_HISTORY_ONLY_NO_VINTAGE,false,true,true
1955-10-31,1955-10,-12640000000.0,-12640000000.0,日元(OECD自行季调),M,NETTRADE_FRED_SA,FRED(OECD转载财务省),VALIDATED_MIRROR,,TRADE_OECD_SA,2026-09-05,LATEST_HISTORY_PROXY,PROXY,CURRENT_HISTORY_ONLY_NO_VINTAGE,false,true,true
1955-11-30,1955-11,-25600000000.0,-25600000000.0,日元(OECD自行季调),M,NETTRADE_FRED_SA,FRED(OECD转载财务省),VALIDATED_MIRROR,,TRADE_OECD_SA,2026-09-05,LATEST_HISTORY_PROXY,PROXY,CURRENT_HISTORY_ONLY_NO_VINTAGE,false,true,true
1955-12-31,1955-12,-13450000000.0,-13450000000.0,日元(OECD自行季调),M,NETTRADE_FRED_SA,FRED(OECD转载财务省),VALIDATED_MIRROR,,TRADE_OECD_SA,2026-09-05,LATEST_HISTORY_PROXY,PROXY,CURRENT_HISTORY_ONLY_NO_VINTAGE,false,true,true
1956-01-31,1956-01,-11650000000.0,-11650000000.0,日元(OECD自行季调),M,NETTRADE_FRED_SA,FRED(OECD转载财务省),VALIDATED_MIRROR,,TRADE_OECD_SA,2026-09-05,LATEST_HISTORY_PROXY,PROXY,CURRENT_HISTORY_ONLY_NO_VINTAGE,false,true,true
1956-02-29,1956-02,-13780000000.0,-13780000000.0,日元(OECD自行季调),M,NETTRADE_FRED_SA,FRED(OECD转载财务省),VALIDATED_MIRROR,,TRADE_OECD_SA,2026-09-05,LATEST_HISTORY_PROXY,PROXY,CURRENT_HISTORY_ONLY_NO_VINTAGE,false,true,true
1956-03-31,1956-03,-10840000000.0,-10840000000.0,日元(OECD自行季调),M,NETTRADE_FRED_SA,FRED(OECD转载财务省),VALIDATED_MIRROR,,TRADE_OECD_SA,2026-09-05,LATEST_HISTORY_PROXY,PROXY,CURRENT_HISTORY_ONLY_NO_VINTAGE,false,true,true
1956-04-30,1956-04,-10960000000.0,-10960000000.0,日元(OECD自行季调),M,NETTRADE_FRED_SA,FRED(OECD转载财务省),VALIDATED_MIRROR,,TRADE_OECD_SA,2026-09-05,LATEST_HISTORY_PROXY,PROXY,CURRENT_HISTORY_ONLY_NO_VINTAGE,false,true,true
1956-05-31,1956-05,-14860000000.0,-14860000000.0,日元(OECD自行季调),M,NETTRADE_FRED_SA,FRED(OECD转载财务省),VALIDATED_MIRROR,,TRADE_OECD_SA,2026-09-05,LATEST_HISTORY_PROXY,PROXY,CURRENT_HISTORY_ONLY_NO_VINTAGE,false,true,true
1956-06-30,1956-06,-16940000000.000002,-16940000000.000002,日元(OECD自行季调),M,NETTRADE_FRED_SA,FRED(OECD转载财务省),VALIDATED_MIRROR,,TRADE_OECD_SA,2026-09-05,LATEST_HISTORY_PROXY,PROXY,CURRENT_HISTORY_ONLY_NO_VINTAGE,false,true,true
1956-07-31,1956-07,-26110000000.0,-26110000000.0,日元(OECD自行季调),M,NETTRADE_FRED_SA,FRED(OECD转载财务省),VALIDATED_MIRROR,,TRADE_OECD_SA,2026-09-05,LATEST_HISTORY_PROXY,PROXY,CURRENT_HISTORY_ONLY_NO_VINTAGE,false,true,true
1956-08-31,1956-08,-29460000000.0,-29460000000.0,日元(OECD自行季调),M,NETTRADE_FRED_SA,FRED(OECD转载财务省),VALIDATED_MIRROR,,TRADE_OECD_SA,2026-09-05,LATEST_HISTORY_PROXY,PROXY,CURRENT_HISTORY_ONLY_NO_VINTAGE,false,true,true
1956-09-30,1956-09,-30420000000.0,-30420000000.0,日元(OECD自行季调),M,NETTRADE_FRED_SA,FRED(OECD转载财务省),VALIDATED_MIRROR,,TRADE_OECD_SA,2026-09-05,LATEST_HISTORY_PROXY,PROXY,CURRENT_HISTORY_ONLY_NO_VINTAGE,false,true,true
1956-10-31,1956-10,-36040000000.0,-36040000000.0,日元(OECD自行季调),M,NETTRADE_FRED_SA,FRED(OECD转载财务省),VALIDATED_MIRROR,,TRADE_OECD_SA,2026-09-05,LATEST_HISTORY_PROXY,PROXY,CURRENT_HISTORY_ONLY_NO_VINTAGE,false,true,true
1956-11-30,1956-11,-32810000000.000004,-32810000000.000004,日元(OECD自行季调),M,NETTRADE_FRED_SA,FRED(OECD转载财务省),VALIDATED_MIRROR,,TRADE_OECD_SA,2026-09-05,LATEST_HISTORY_PROXY,PROXY,CURRENT_HISTORY_ONLY_NO_VINTAGE,false,true,true
1956-12-31,1956-12,-36580000000.0,-36580000000.0,日元(OECD自行季调),M,NETTRADE_FRED_SA,FRED(OECD转载财务省),VALIDATED_MIRROR,,TRADE_OECD_SA,2026-09-05,LATEST_HISTORY_PROXY,PROXY,CURRENT_HISTORY_ONLY_NO_VINTAGE,false,true,true
1957-01-31,1957-01,-43170000000.0,-43170000000.0,日元(OECD自行季调),M,NETTRADE_FRED_SA,FRED(OECD转载财务省),VALIDATED_MIRROR,,TRADE_OECD_SA,2026-09-05,LATEST_HISTORY_PROXY,PROXY,CURRENT_HISTORY_ONLY_NO_VINTAGE,false,true,true
1957-02-28,1957-02,-50510000000.0,-50510000000.0,日元(OECD自行季调),M,NETTRADE_FRED_SA,FRED(OECD转载财务省),VALIDATED_MIRROR,,TRADE_OECD_SA,2026-09-05,LATEST_HISTORY_PROXY,PROXY,CURRENT_HISTORY_ONLY_NO_VINTAGE,false,true,true
1957-03-31,1957-03,-41850000000.0,-41850000000.0,日元(OECD自行季调),M,NETTRADE_FRED_SA,FRED(OECD转载财务省),VALIDATED_MIRROR,,TRADE_OECD_SA,2026-09-05,LATEST_HISTORY_PROXY,PROXY,CURRENT_HISTORY_ONLY_NO_VINTAGE,false,true,true
1957-04-30,1957-04,-60070000000.0,-60070000000.0,日元(OECD自行季调),M,NETTRADE_FRED_SA,FRED(OECD转载财务省),VALIDATED_MIRROR,,TRADE_OECD_SA,2026-09-05,LATEST_HISTORY_PROXY,PROXY,CURRENT_HISTORY_ONLY_NO_VINTAGE,false,true,true
1957-05-31,1957-05,-58110000000.0,-58110000000.0,日元(OECD自行季调),M,NETTRADE_FRED_SA,FRED(OECD转载财务省),VALIDATED_MIRROR,,TRADE_OECD_SA,2026-09-05,LATEST_HISTORY_PROXY,PROXY,CURRENT_HISTORY_ONLY_NO_VINTAGE,false,true,true
1957-06-30,1957-06,-55590000000.0,-55590000000.0,日元(OECD自行季调),M,NETTRADE_FRED_SA,FRED(OECD转载财务省),VALIDATED_MIRROR,,TRADE_OECD_SA,2026-09-05,LATEST_HISTORY_PROXY,PROXY,CURRENT_HISTORY_ONLY_NO_VINTAGE,false,true,true
1957-07-31,1957-07,-46160000000.0,-46160000000.0,日元(OECD自行季调),M,NETTRADE_FRED_SA,FRED(OECD转载财务省),VALIDATED_MIRROR,,TRADE_OECD_SA,2026-09-05,LATEST_HISTORY_PROXY,PROXY,CURRENT_HISTORY_ONLY_NO_VINTAGE,false,true,true
1957-08-31,1957-08,-40960000000.0,-40960000000.0,日元(OECD自行季调),M,NETTRADE_FRED_SA,FRED(OECD转载财务省),VALIDATED_MIRROR,,TRADE_OECD_SA,2026-09-05,LATEST_HISTORY_PROXY,PROXY,CURRENT_HISTORY_ONLY_NO_VINTAGE,false,true,true
1957-09-30,1957-09,-32540000000.0,-32540000000.0,日元(OECD自行季调),M,NETTRADE_FRED_SA,FRED(OECD转载财务省),VALIDATED_MIRROR,,TRADE_OECD_SA,2026-09-05,LATEST_HISTORY_PROXY,PROXY,CURRENT_HISTORY_ONLY_NO_VINTAGE,false,true,true
1957-10-31,1957-10,-39650000000.0,-39650000000.0,日元(OECD自行季调),M,NETTRADE_FRED_SA,FRED(OECD转载财务省),VALIDATED_MIRROR,,TRADE_OECD_SA,2026-09-05,LATEST_HISTORY_PROXY,PROXY,CURRENT_HISTORY_ONLY_NO_VINTAGE,false,true,true
1957-11-30,1957-11,-20540000000.0,-20540000000.0,日元(OECD自行季调),M,NETTRADE_FRED_SA,FRED(OECD转载财务省),VALIDATED_MIRROR,,TRADE_OECD_SA,2026-09-05,LATEST_HISTORY_PROXY,PROXY,CURRENT_HISTORY_ONLY_NO_VINTAGE,false,true,true
1957-12-31,1957-12,-18850000000.0,-18850000000.0,日元(OECD自行季调),M,NETTRADE_FRED_SA,FRED(OECD转载财务省),VALIDATED_MIRROR,,TRADE_OECD_SA,2026-09-05,LATEST_HISTORY_PROXY,PROXY,CURRENT_HISTORY_ONLY_NO_VINTAGE,false,true,true
1958-01-31,1958-01,-12700000000.0,-12700000000.0,日元(OECD自行季调),M,NETTRADE_FRED_SA,FRED(OECD转载财务省),VALIDATED_MIRROR,,TRADE_OECD_SA,2026-09-05,LATEST_HISTORY_PROXY,PROXY,CURRENT_HISTORY_ONLY_NO_VINTAGE,false,true,true
1958-02-28,1958-02,-8400000000.0,-8400000000.0,日元(OECD自行季调),M,NETTRADE_FRED_SA,FRED(OECD转载财务省),VALIDATED_MIRROR,,TRADE_OECD_SA,2026-09-05,LATEST_HISTORY_PROXY,PROXY,CURRENT_HISTORY_ONLY_NO_VINTAGE,false,true,true
1958-03-31,1958-03,1820000000.0,1820000000.0,日元(OECD自行季调),M,NETTRADE_FRED_SA,FRED(OECD转载财务省),VALIDATED_MIRROR,,TRADE_OECD_SA,2026-09-05,LATEST_HISTORY_PROXY,PROXY,CURRENT_HISTORY_ONLY_NO_VINTAGE,false,true,true
1958-04-30,1958-04,-3280000000.0,-3280000000.0,日元(OECD自行季调),M,NETTRADE_FRED_SA,FRED(OECD转载财务省),VALIDATED_MIRROR,,TRADE_OECD_SA,2026-09-05,LATEST_HISTORY_PROXY,PROXY,CURRENT_HISTORY_ONLY_NO_VINTAGE,false,true,true
1958-05-31,1958-05,-170000000.0,-170000000.0,日元(OECD自行季调),M,NETTRADE_FRED_SA,FRED(OECD转载财务省),VALIDATED_MIRROR,,TRADE_OECD_SA,2026-09-05,LATEST_HISTORY_PROXY,PROXY,CURRENT_HISTORY_ONLY_NO_VINTAGE,false,true,true
1958-06-30,1958-06,-2470000000.0,-2470000000.0,日元(OECD自行季调),M,NETTRADE_FRED_SA,FRED(OECD转载财务省),VALIDATED_MIRROR,,TRADE_OECD_SA,2026-09-05,LATEST_HISTORY_PROXY,PROXY,CURRENT_HISTORY_ONLY_NO_VINTAGE,false,true,true
1958-07-31,1958-07,-5520000000.0,-5520000000.0,日元(OECD自行季调),M,NETTRADE_FRED_SA,FRED(OECD转载财务省),VALIDATED_MIRROR,,TRADE_OECD_SA,2026-09-05,LATEST_HISTORY_PROXY,PROXY,CURRENT_HISTORY_ONLY_NO_VINTAGE,false,true,true
1958-08-31,1958-08,-8640000000.0,-8640000000.0,日元(OECD自行季调),M,NETTRADE_FRED_SA,FRED(OECD转载财务省),VALIDATED_MIRROR,,TRADE_OECD_SA,2026-09-05,LATEST_HISTORY_PROXY,PROXY,CURRENT_HISTORY_ONLY_NO_VINTAGE,false,true,true
1958-09-30,1958-09,-7560000000.0,-7560000000.0,日元(OECD自行季调),M,NETTRADE_FRED_SA,FRED(OECD转载财务省),VALIDATED_MIRROR,,TRADE_OECD_SA,2026-09-05,LATEST_HISTORY_PROXY,PROXY,CURRENT_HISTORY_ONLY_NO_VINTAGE,false,true,true
1958-10-31,1958-10,-1970000000.0,-1970000000.0,日元(OECD自行季调),M,NETTRADE_FRED_SA,FRED(OECD转载财务省),VALIDATED_MIRROR,,TRADE_OECD_SA,2026-09-05,LATEST_HISTORY_PROXY,PROXY,CURRENT_HISTORY_ONLY_NO_VINTAGE,false,true,true
1958-11-30,1958-11,-2430000000.0,-2430000000.0,日元(OECD自行季调),M,NETTRADE_FRED_SA,FRED(OECD转载财务省),VALIDATED_MIRROR,,TRADE_OECD_SA,2026-09-05,LATEST_HISTORY_PROXY,PROXY,CURRENT_HISTORY_ONLY_NO_VINTAGE,false,true,true
1958-12-31,1958-12,-6010000000.0,-6010000000.0,日元(OECD自行季调),M,NETTRADE_FRED_SA,FRED(OECD转载财务省),VALIDATED_MIRROR,,TRADE_OECD_SA,2026-09-05,LATEST_HISTORY_PROXY,PROXY,CURRENT_HISTORY_ONLY_NO_VINTAGE,false,true,true
1959-01-31,1959-01,-4450000000.0,-4450000000.0,日元(OECD自行季调),M,NETTRADE_FRED_SA,FRED(OECD转载财务省),VALIDATED_MIRROR,,TRADE_OECD_SA,2026-09-05,LATEST_HISTORY_PROXY,PROXY,CURRENT_HISTORY_ONLY_NO_VINTAGE,false,true,true
1959-02-28,1959-02,6750000000.0,6750000000.0,日元(OECD自行季调),M,NETTRADE_FRED_SA,FRED(OECD转载财务省),VALIDATED_MIRROR,,TRADE_OECD_SA,2026-09-05,LATEST_HISTORY_PROXY,PROXY,CURRENT_HISTORY_ONLY_NO_VINTAGE,false,true,true
1959-03-31,1959-03,-6310000000.0,-6310000000.0,日元(OECD自行季调),M,NETTRADE_FRED_SA,FRED(OECD转载财务省),VALIDATED_MIRROR,,TRADE_OECD_SA,2026-09-05,LATEST_HISTORY_PROXY,PROXY,CURRENT_HISTORY_ONLY_NO_VINTAGE,false,true,true
1959-04-30,1959-04,-5380000000.0,-5380000000.0,日元(OECD自行季调),M,NETTRADE_FRED_SA,FRED(OECD转载财务省),VALIDATED_MIRROR,,TRADE_OECD_SA,2026-09-05,LATEST_HISTORY_PROXY,PROXY,CURRENT_HISTORY_ONLY_NO_VINTAGE,false,true,true
1959-05-31,1959-05,-2530000000.0,-2530000000.0,日元(OECD自行季调),M,NETTRADE_FRED_SA,FRED(OECD转载财务省),VALIDATED_MIRROR,,TRADE_OECD_SA,2026-09-05,LATEST_HISTORY_PROXY,PROXY,CURRENT_HISTORY_ONLY_NO_VINTAGE,false,true,true
1959-06-30,1959-06,-10290000000.0,-10290000000.0,日元(OECD自行季调),M,NETTRADE_FRED_SA,FRED(OECD转载财务省),VALIDATED_MIRROR,,TRADE_OECD_SA,2026-09-05,LATEST_HISTORY_PROXY,PROXY,CURRENT_HISTORY_ONLY_NO_VINTAGE,false,true,true
1959-07-31,1959-07,-3060000000.0,-3060000000.0,日元(OECD自行季调),M,NETTRADE_FRED_SA,FRED(OECD转载财务省),VALIDATED_MIRROR,,TRADE_OECD_SA,2026-09-05,LATEST_HISTORY_PROXY,PROXY,CURRENT_HISTORY_ONLY_NO_VINTAGE,false,true,true
1959-08-31,1959-08,990000000.0,990000000.0,日元(OECD自行季调),M,NETTRADE_FRED_SA,FRED(OECD转载财务省),VALIDATED_MIRROR,,TRADE_OECD_SA,2026-09-05,LATEST_HISTORY_PROXY,PROXY,CURRENT_HISTORY_ONLY_NO_VINTAGE,false,true,true
1959-09-30,1959-09,-12040000000.0,-12040000000.0,日元(OECD自行季调),M,NETTRADE_FRED_SA,FRED(OECD转载财务省),VALIDATED_MIRROR,,TRADE_OECD_SA,2026-09-05,LATEST_HISTORY_PROXY,PROXY,CURRENT_HISTORY_ONLY_NO_VINTAGE,false,true,true
1959-10-31,1959-10,4410000000.0,4410000000.0,日元(OECD自行季调),M,NETTRADE_FRED_SA,FRED(OECD转载财务省),VALIDATED_MIRROR,,TRADE_OECD_SA,2026-09-05,LATEST_HISTORY_PROXY,PROXY,CURRENT_HISTORY_ONLY_NO_VINTAGE,false,true,true
1959-11-30,1959-11,-9300000000.0,-9300000000.0,日元(OECD自行季调),M,NETTRADE_FRED_SA,FRED(OECD转载财务省),VALIDATED_MIRROR,,TRADE_OECD_SA,2026-09-05,LATEST_HISTORY_PROXY,PROXY,CURRENT_HISTORY_ONLY_NO_VINTAGE,false,true,true
1959-12-31,1959-12,-17850000000.0,-17850000000.0,日元(OECD自行季调),M,NETTRADE_FRED_SA,FRED(OECD转载财务省),VALIDATED_MIRROR,,TRADE_OECD_SA,2026-09-05,LATEST_HISTORY_PROXY,PROXY,CURRENT_HISTORY_ONLY_NO_VINTAGE,false,true,true
1960-01-31,1960-01,-15560000000,-15560000000,日元(OECD自行季调),M,NETTRADE_FRED_SA,FRED(OECD转载财务省),VALIDATED_MIRROR,,TRADE_OECD_SA,2026-09-05,LATEST_HISTORY_PROXY,PROXY,CURRENT_HISTORY_ONLY_NO_VINTAGE,false,true,true
1960-02-29,1960-02,-15520000000,-15520000000,日元(OECD自行季调),M,NETTRADE_FRED_SA,FRED(OECD转载财务省),VALIDATED_MIRROR,,TRADE_OECD_SA,2026-09-05,LATEST_HISTORY_PROXY,PROXY,CURRENT_HISTORY_ONLY_NO_VINTAGE,false,true,true
1960-03-31,1960-03,-26230000000,-26230000000,日元(OECD自行季调),M,NETTRADE_FRED_SA,FRED(OECD转载财务省),VALIDATED_MIRROR,,TRADE_OECD_SA,2026-09-05,LATEST_HISTORY_PROXY,PROXY,CURRENT_HISTORY_ONLY_NO_VINTAGE,false,true,true
1960-04-30,1960-04,-8420000000,-8420000000,日元(OECD自行季调),M,NETTRADE_FRED_SA,FRED(OECD转载财务省),VALIDATED_MIRROR,,TRADE_OECD_SA,2026-09-05,LATEST_HISTORY_PROXY,PROXY,CURRENT_HISTORY_ONLY_NO_VINTAGE,false,true,true
1960-05-31,1960-05,-11670000000,-11670000000,日元(OECD自行季调),M,NETTRADE_FRED_SA,FRED(OECD转载财务省),VALIDATED_MIRROR,,TRADE_OECD_SA,2026-09-05,LATEST_HISTORY_PROXY,PROXY,CURRENT_HISTORY_ONLY_NO_VINTAGE,false,true,true
1960-06-30,1960-06,-4660000000,-4660000000,日元(OECD自行季调),M,NETTRADE_FRED_SA,FRED(OECD转载财务省),VALIDATED_MIRROR,,TRADE_OECD_SA,2026-09-05,LATEST_HISTORY_PROXY,PROXY,CURRENT_HISTORY_ONLY_NO_VINTAGE,false,true,true
1960-07-31,1960-07,-13900000000,-13900000000,日元(OECD自行季调),M,NETTRADE_FRED_SA,FRED(OECD转载财务省),VALIDATED_MIRROR,,TRADE_OECD_SA,2026-09-05,LATEST_HISTORY_PROXY,PROXY,CURRENT_HISTORY_ONLY_NO_VINTAGE,false,true,true
1960-08-31,1960-08,-14000000000,-14000000000,日元(OECD自行季调),M,NETTRADE_FRED_SA,FRED(OECD转载财务省),VALIDATED_MIRROR,,TRADE_OECD_SA,2026-09-05,LATEST_HISTORY_PROXY,PROXY,CURRENT_HISTORY_ONLY_NO_VINTAGE,false,true,true
1960-09-30,1960-09,-13240000000,-13240000000,日元(OECD自行季调),M,NETTRADE_FRED_SA,FRED(OECD转载财务省),VALIDATED_MIRROR,,TRADE_OECD_SA,2026-09-05,LATEST_HISTORY_PROXY,PROXY,CURRENT_HISTORY_ONLY_NO_VINTAGE,false,true,true
1960-10-31,1960-10,-12900000000,-12900000000,日元(OECD自行季调),M,NETTRADE_FRED_SA,FRED(OECD转载财务省),VALIDATED_MIRROR,,TRADE_OECD_SA,2026-09-05,LATEST_HISTORY_PROXY,PROXY,CURRENT_HISTORY_ONLY_NO_VINTAGE,false,true,true
1960-11-30,1960-11,-10460000000,-10460000000,日元(OECD自行季调),M,NETTRADE_FRED_SA,FRED(OECD转载财务省),VALIDATED_MIRROR,,TRADE_OECD_SA,2026-09-05,LATEST_HISTORY_PROXY,PROXY,CURRENT_HISTORY_ONLY_NO_VINTAGE,false,true,true
1960-12-31,1960-12,-15570000000,-15570000000,日元(OECD自行季调),M,NETTRADE_FRED_SA,FRED(OECD转载财务省),VALIDATED_MIRROR,,TRADE_OECD_SA,2026-09-05,LATEST_HISTORY_PROXY,PROXY,CURRENT_HISTORY_ONLY_NO_VINTAGE,false,true,true
1961-01-31,1961-01,-18560000000,-18560000000,日元(OECD自行季调),M,NETTRADE_FRED_SA,FRED(OECD转载财务省),VALIDATED_MIRROR,,TRADE_OECD_SA,2026-09-05,LATEST_HISTORY_PROXY,PROXY,CURRENT_HISTORY_ONLY_NO_VINTAGE,false,true,true
1961-02-28,1961-02,-38970000000,-38970000000,日元(OECD自行季调),M,NETTRADE_FRED_SA,FRED(OECD转载财务省),VALIDATED_MIRROR,,TRADE_OECD_SA,2026-09-05,LATEST_HISTORY_PROXY,PROXY,CURRENT_HISTORY_ONLY_NO_VINTAGE,false,true,true
1961-03-31,1961-03,-26710000000,-26710000000,日元(OECD自行季调),M,NETTRADE_FRED_SA,FRED(OECD转载财务省),VALIDATED_MIRROR,,TRADE_OECD_SA,2026-09-05,LATEST_HISTORY_PROXY,PROXY,CURRENT_HISTORY_ONLY_NO_VINTAGE,false,true,true
1961-04-30,1961-04,-26560000000,-26560000000,日元(OECD自行季调),M,NETTRADE_FRED_SA,FRED(OECD转载财务省),VALIDATED_MIRROR,,TRADE_OECD_SA,2026-09-05,LATEST_HISTORY_PROXY,PROXY,CURRENT_HISTORY_ONLY_NO_VINTAGE,false,true,true
1961-05-31,1961-05,-48610000000,-48610000000,日元(OECD自行季调),M,NETTRADE_FRED_SA,FRED(OECD转载财务省),VALIDATED_MIRROR,,TRADE_OECD_SA,2026-09-05,LATEST_HISTORY_PROXY,PROXY,CURRENT_HISTORY_ONLY_NO_VINTAGE,false,true,true
1961-06-30,1961-06,-53240000000,-53240000000,日元(OECD自行季调),M,NETTRADE_FRED_SA,FRED(OECD转载财务省),VALIDATED_MIRROR,,TRADE_OECD_SA,2026-09-05,LATEST_HISTORY_PROXY,PROXY,CURRENT_HISTORY_ONLY_NO_VINTAGE,false,true,true
1961-07-31,1961-07,-47640000000,-47640000000,日元(OECD自行季调),M,NETTRADE_FRED_SA,FRED(OECD转载财务省),VALIDATED_MIRROR,,TRADE_OECD_SA,2026-09-05,LATEST_HISTORY_PROXY,PROXY,CURRENT_HISTORY_ONLY_NO_VINTAGE,false,true,true
1961-08-31,1961-08,-63970000000,-63970000000,日元(OECD自行季调),M,NETTRADE_FRED_SA,FRED(OECD转载财务省),VALIDATED_MIRROR,,TRADE_OECD_SA,2026-09-05,LATEST_HISTORY_PROXY,PROXY,CURRENT_HISTORY_ONLY_NO_VINTAGE,false,true,true
1961-09-30,1961-09,-55850000000,-55850000000,日元(OECD自行季调),M,NETTRADE_FRED_SA,FRED(OECD转载财务省),VALIDATED_MIRROR,,TRADE_OECD_SA,2026-09-05,LATEST_HISTORY_PROXY,PROXY,CURRENT_HISTORY_ONLY_NO_VINTAGE,false,true,true
1961-10-31,1961-10,-67060000000,-67060000000,日元(OECD自行季调),M,NETTRADE_FRED_SA,FRED(OECD转载财务省),VALIDATED_MIRROR,,TRADE_OECD_SA,2026-09-05,LATEST_HISTORY_PROXY,PROXY,CURRENT_HISTORY_ONLY_NO_VINTAGE,false,true,true
1961-11-30,1961-11,-65830000000,-65830000000,日元(OECD自行季调),M,NETTRADE_FRED_SA,FRED(OECD转载财务省),VALIDATED_MIRROR,,TRADE_OECD_SA,2026-09-05,LATEST_HISTORY_PROXY,PROXY,CURRENT_HISTORY_ONLY_NO_VINTAGE,false,true,true
1961-12-31,1961-12,-52500000000,-52500000000,日元(OECD自行季调),M,NETTRADE_FRED_SA,FRED(OECD转载财务省),VALIDATED_MIRROR,,TRADE_OECD_SA,2026-09-05,LATEST_HISTORY_PROXY,PROXY,CURRENT_HISTORY_ONLY_NO_VINTAGE,false,true,true
1962-01-31,1962-01,-47570000000,-47570000000,日元(OECD自行季调),M,NETTRADE_FRED_SA,FRED(OECD转载财务省),VALIDATED_MIRROR,,TRADE_OECD_SA,2026-09-05,LATEST_HISTORY_PROXY,PROXY,CURRENT_HISTORY_ONLY_NO_VINTAGE,false,true,true
1962-02-28,1962-02,-36180000000,-36180000000,日元(OECD自行季调),M,NETTRADE_FRED_SA,FRED(OECD转载财务省),VALIDATED_MIRROR,,TRADE_OECD_SA,2026-09-05,LATEST_HISTORY_PROXY,PROXY,CURRENT_HISTORY_ONLY_NO_VINTAGE,false,true,true
1962-03-31,1962-03,-37890000000,-37890000000,日元(OECD自行季调),M,NETTRADE_FRED_SA,FRED(OECD转载财务省),VALIDATED_MIRROR,,TRADE_OECD_SA,2026-09-05,LATEST_HISTORY_PROXY,PROXY,CURRENT_HISTORY_ONLY_NO_VINTAGE,false,true,true
1962-04-30,1962-04,-38600000000,-38600000000,日元(OECD自行季调),M,NETTRADE_FRED_SA,FRED(OECD转载财务省),VALIDATED_MIRROR,,TRADE_OECD_SA,2026-09-05,LATEST_HISTORY_PROXY,PROXY,CURRENT_HISTORY_ONLY_NO_VINTAGE,false,true,true
1962-05-31,1962-05,-14520000000,-14520000000,日元(OECD自行季调),M,NETTRADE_FRED_SA,FRED(OECD转载财务省),VALIDATED_MIRROR,,TRADE_OECD_SA,2026-09-05,LATEST_HISTORY_PROXY,PROXY,CURRENT_HISTORY_ONLY_NO_VINTAGE,false,true,true
1962-06-30,1962-06,-12250000000,-12250000000,日元(OECD自行季调),M,NETTRADE_FRED_SA,FRED(OECD转载财务省),VALIDATED_MIRROR,,TRADE_OECD_SA,2026-09-05,LATEST_HISTORY_PROXY,PROXY,CURRENT_HISTORY_ONLY_NO_VINTAGE,false,true,true
1962-07-31,1962-07,-14180000000,-14180000000,日元(OECD自行季调),M,NETTRADE_FRED_SA,FRED(OECD转载财务省),VALIDATED_MIRROR,,TRADE_OECD_SA,2026-09-05,LATEST_HISTORY_PROXY,PROXY,CURRENT_HISTORY_ONLY_NO_VINTAGE,false,true,true
1962-08-31,1962-08,-14620000000,-14620000000,日元(OECD自行季调),M,NETTRADE_FRED_SA,FRED(OECD转载财务省),VALIDATED_MIRROR,,TRADE_OECD_SA,2026-09-05,LATEST_HISTORY_PROXY,PROXY,CURRENT_HISTORY_ONLY_NO_VINTAGE,false,true,true
1962-09-30,1962-09,-4640000000,-4640000000,日元(OECD自行季调),M,NETTRADE_FRED_SA,FRED(OECD转载财务省),VALIDATED_MIRROR,,TRADE_OECD_SA,2026-09-05,LATEST_HISTORY_PROXY,PROXY,CURRENT_HISTORY_ONLY_NO_VINTAGE,false,true,true
1962-10-31,1962-10,-14760000000,-14760000000,日元(OECD自行季调),M,NETTRADE_FRED_SA,FRED(OECD转载财务省),VALIDATED_MIRROR,,TRADE_OECD_SA,2026-09-05,LATEST_HISTORY_PROXY,PROXY,CURRENT_HISTORY_ONLY_NO_VINTAGE,false,true,true
1962-11-30,1962-11,-13430000000,-13430000000,日元(OECD自行季调),M,NETTRADE_FRED_SA,FRED(OECD转载财务省),VALIDATED_MIRROR,,TRADE_OECD_SA,2026-09-05,LATEST_HISTORY_PROXY,PROXY,CURRENT_HISTORY_ONLY_NO_VINTAGE,false,true,true
1962-12-31,1962-12,-16460000000,-16460000000,日元(OECD自行季调),M,NETTRADE_FRED_SA,FRED(OECD转载财务省),VALIDATED_MIRROR,,TRADE_OECD_SA,2026-09-05,LATEST_HISTORY_PROXY,PROXY,CURRENT_HISTORY_ONLY_NO_VINTAGE,false,true,true
1963-01-31,1963-01,-16520000000,-16520000000,日元(OECD自行季调),M,NETTRADE_FRED_SA,FRED(OECD转载财务省),VALIDATED_MIRROR,,TRADE_OECD_SA,2026-09-05,LATEST_HISTORY_PROXY,PROXY,CURRENT_HISTORY_ONLY_NO_VINTAGE,false,true,true
1963-02-28,1963-02,-24920000000,-24920000000,日元(OECD自行季调),M,NETTRADE_FRED_SA,FRED(OECD转载财务省),VALIDATED_MIRROR,,TRADE_OECD_SA,2026-09-05,LATEST_HISTORY_PROXY,PROXY,CURRENT_HISTORY_ONLY_NO_VINTAGE,false,true,true
1963-03-31,1963-03,-32799999999.999996,-32799999999.999996,日元(OECD自行季调),M,NETTRADE_FRED_SA,FRED(OECD转载财务省),VALIDATED_MIRROR,,TRADE_OECD_SA,2026-09-05,LATEST_HISTORY_PROXY,PROXY,CURRENT_HISTORY_ONLY_NO_VINTAGE,false,true,true
1963-04-30,1963-04,-35460000000,-35460000000,日元(OECD自行季调),M,NETTRADE_FRED_SA,FRED(OECD转载财务省),VALIDATED_MIRROR,,TRADE_OECD_SA,2026-09-05,LATEST_HISTORY_PROXY,PROXY,CURRENT_HISTORY_ONLY_NO_VINTAGE,false,true,true
1963-05-31,1963-05,-40970000000,-40970000000,日元(OECD自行季调),M,NETTRADE_FRED_SA,FRED(OECD转载财务省),VALIDATED_MIRROR,,TRADE_OECD_SA,2026-09-05,LATEST_HISTORY_PROXY,PROXY,CURRENT_HISTORY_ONLY_NO_VINTAGE,false,true,true
1963-06-30,1963-06,-35010000000,-35010000000,日元(OECD自行季调),M,NETTRADE_FRED_SA,FRED(OECD转载财务省),VALIDATED_MIRROR,,TRADE_OECD_SA,2026-09-05,LATEST_HISTORY_PROXY,PROXY,CURRENT_HISTORY_ONLY_NO_VINTAGE,false,true,true
1963-07-31,1963-07,-55200000000,-55200000000,日元(OECD自行季调),M,NETTRADE_FRED_SA,FRED(OECD转载财务省),VALIDATED_MIRROR,,TRADE_OECD_SA,2026-09-05,LATEST_HISTORY_PROXY,PROXY,CURRENT_HISTORY_ONLY_NO_VINTAGE,false,true,true
1963-08-31,1963-08,-43170000000,-43170000000,日元(OECD自行季调),M,NETTRADE_FRED_SA,FRED(OECD转载财务省),VALIDATED_MIRROR,,TRADE_OECD_SA,2026-09-05,LATEST_HISTORY_PROXY,PROXY,CURRENT_HISTORY_ONLY_NO_VINTAGE,false,true,true
1963-09-30,1963-09,-37550000000,-37550000000,日元(OECD自行季调),M,NETTRADE_FRED_SA,FRED(OECD转载财务省),VALIDATED_MIRROR,,TRADE_OECD_SA,2026-09-05,LATEST_HISTORY_PROXY,PROXY,CURRENT_HISTORY_ONLY_NO_VINTAGE,false,true,true
1963-10-31,1963-10,-54770000000,-54770000000,日元(OECD自行季调),M,NETTRADE_FRED_SA,FRED(OECD转载财务省),VALIDATED_MIRROR,,TRADE_OECD_SA,2026-09-05,LATEST_HISTORY_PROXY,PROXY,CURRENT_HISTORY_ONLY_NO_VINTAGE,false,true,true
1963-11-30,1963-11,-51390000000,-51390000000,日元(OECD自行季调),M,NETTRADE_FRED_SA,FRED(OECD转载财务省),VALIDATED_MIRROR,,TRADE_OECD_SA,2026-09-05,LATEST_HISTORY_PROXY,PROXY,CURRENT_HISTORY_ONLY_NO_VINTAGE,false,true,true
1963-12-31,1963-12,-45820000000,-45820000000,日元(OECD自行季调),M,NETTRADE_FRED_SA,FRED(OECD转载财务省),VALIDATED_MIRROR,,TRADE_OECD_SA,2026-09-05,LATEST_HISTORY_PROXY,PROXY,CURRENT_HISTORY_ONLY_NO_VINTAGE,false,true,true
1964-01-31,1964-01,-80110000000,-80110000000,日元(OECD自行季调),M,NETTRADE_FRED_SA,FRED(OECD转载财务省),VALIDATED_MIRROR,,TRADE_OECD_SA,2026-09-05,LATEST_HISTORY_PROXY,PROXY,CURRENT_HISTORY_ONLY_NO_VINTAGE,false,true,true
1964-02-29,1964-02,-61050000000,-61050000000,日元(OECD自行季调),M,NETTRADE_FRED_SA,FRED(OECD转载财务省),VALIDATED_MIRROR,,TRADE_OECD_SA,2026-09-05,LATEST_HISTORY_PROXY,PROXY,CURRENT_HISTORY_ONLY_NO_VINTAGE,false,true,true
1964-03-31,1964-03,-49010000000,-49010000000,日元(OECD自行季调),M,NETTRADE_FRED_SA,FRED(OECD转载财务省),VALIDATED_MIRROR,,TRADE_OECD_SA,2026-09-05,LATEST_HISTORY_PROXY,PROXY,CURRENT_HISTORY_ONLY_NO_VINTAGE,false,true,true
1964-04-30,1964-04,-47110000000,-47110000000,日元(OECD自行季调),M,NETTRADE_FRED_SA,FRED(OECD转载财务省),VALIDATED_MIRROR,,TRADE_OECD_SA,2026-09-05,LATEST_HISTORY_PROXY,PROXY,CURRENT_HISTORY_ONLY_NO_VINTAGE,false,true,true
1964-05-31,1964-05,-48030000000,-48030000000,日元(OECD自行季调),M,NETTRADE_FRED_SA,FRED(OECD转载财务省),VALIDATED_MIRROR,,TRADE_OECD_SA,2026-09-05,LATEST_HISTORY_PROXY,PROXY,CURRENT_HISTORY_ONLY_NO_VINTAGE,false,true,true
1964-06-30,1964-06,-41010000000,-41010000000,日元(OECD自行季调),M,NETTRADE_FRED_SA,FRED(OECD转载财务省),VALIDATED_MIRROR,,TRADE_OECD_SA,2026-09-05,LATEST_HISTORY_PROXY,PROXY,CURRENT_HISTORY_ONLY_NO_VINTAGE,false,true,true
1964-07-31,1964-07,-31370000000,-31370000000,日元(OECD自行季调),M,NETTRADE_FRED_SA,FRED(OECD转载财务省),VALIDATED_MIRROR,,TRADE_OECD_SA,2026-09-05,LATEST_HISTORY_PROXY,PROXY,CURRENT_HISTORY_ONLY_NO_VINTAGE,false,true,true
1964-08-31,1964-08,-25530000000,-25530000000,日元(OECD自行季调),M,NETTRADE_FRED_SA,FRED(OECD转载财务省),VALIDATED_MIRROR,,TRADE_OECD_SA,2026-09-05,LATEST_HISTORY_PROXY,PROXY,CURRENT_HISTORY_ONLY_NO_VINTAGE,false,true,true
1964-09-30,1964-09,-35260000000,-35260000000,日元(OECD自行季调),M,NETTRADE_FRED_SA,FRED(OECD转载财务省),VALIDATED_MIRROR,,TRADE_OECD_SA,2026-09-05,LATEST_HISTORY_PROXY,PROXY,CURRENT_HISTORY_ONLY_NO_VINTAGE,false,true,true
1964-10-31,1964-10,-17490000000,-17490000000,日元(OECD自行季调),M,NETTRADE_FRED_SA,FRED(OECD转载财务省),VALIDATED_MIRROR,,TRADE_OECD_SA,2026-09-05,LATEST_HISTORY_PROXY,PROXY,CURRENT_HISTORY_ONLY_NO_VINTAGE,false,true,true
1964-11-30,1964-11,-15680000000,-15680000000,日元(OECD自行季调),M,NETTRADE_FRED_SA,FRED(OECD转载财务省),VALIDATED_MIRROR,,TRADE_OECD_SA,2026-09-05,LATEST_HISTORY_PROXY,PROXY,CURRENT_HISTORY_ONLY_NO_VINTAGE,false,true,true
1964-12-31,1964-12,-23330000000,-23330000000,日元(OECD自行季调),M,NETTRADE_FRED_SA,FRED(OECD转载财务省),VALIDATED_MIRROR,,TRADE_OECD_SA,2026-09-05,LATEST_HISTORY_PROXY,PROXY,CURRENT_HISTORY_ONLY_NO_VINTAGE,false,true,true
1965-01-31,1965-01,-3640000000,-3640000000,日元(OECD自行季调),M,NETTRADE_FRED_SA,FRED(OECD转载财务省),VALIDATED_MIRROR,,TRADE_OECD_SA,2026-09-05,LATEST_HISTORY_PROXY,PROXY,CURRENT_HISTORY_ONLY_NO_VINTAGE,false,true,true
1965-02-28,1965-02,9230000000,9230000000,日元(OECD自行季调),M,NETTRADE_FRED_SA,FRED(OECD转载财务省),VALIDATED_MIRROR,,TRADE_OECD_SA,2026-09-05,LATEST_HISTORY_PROXY,PROXY,CURRENT_HISTORY_ONLY_NO_VINTAGE,false,true,true
1965-03-31,1965-03,13840000000,13840000000,日元(OECD自行季调),M,NETTRADE_FRED_SA,FRED(OECD转载财务省),VALIDATED_MIRROR,,TRADE_OECD_SA,2026-09-05,LATEST_HISTORY_PROXY,PROXY,CURRENT_HISTORY_ONLY_NO_VINTAGE,false,true,true
1965-04-30,1965-04,6120000000,6120000000,日元(OECD自行季调),M,NETTRADE_FRED_SA,FRED(OECD转载财务省),VALIDATED_MIRROR,,TRADE_OECD_SA,2026-09-05,LATEST_HISTORY_PROXY,PROXY,CURRENT_HISTORY_ONLY_NO_VINTAGE,false,true,true
1965-05-31,1965-05,13140000000,13140000000,日元(OECD自行季调),M,NETTRADE_FRED_SA,FRED(OECD转载财务省),VALIDATED_MIRROR,,TRADE_OECD_SA,2026-09-05,LATEST_HISTORY_PROXY,PROXY,CURRENT_HISTORY_ONLY_NO_VINTAGE,false,true,true
1965-06-30,1965-06,-1630000000,-1630000000,日元(OECD自行季调),M,NETTRADE_FRED_SA,FRED(OECD转载财务省),VALIDATED_MIRROR,,TRADE_OECD_SA,2026-09-05,LATEST_HISTORY_PROXY,PROXY,CURRENT_HISTORY_ONLY_NO_VINTAGE,false,true,true
1965-07-31,1965-07,15750000000,15750000000,日元(OECD自行季调),M,NETTRADE_FRED_SA,FRED(OECD转载财务省),VALIDATED_MIRROR,,TRADE_OECD_SA,2026-09-05,LATEST_HISTORY_PROXY,PROXY,CURRENT_HISTORY_ONLY_NO_VINTAGE,false,true,true
1965-08-31,1965-08,20900000000,20900000000,日元(OECD自行季调),M,NETTRADE_FRED_SA,FRED(OECD转载财务省),VALIDATED_MIRROR,,TRADE_OECD_SA,2026-09-05,LATEST_HISTORY_PROXY,PROXY,CURRENT_HISTORY_ONLY_NO_VINTAGE,false,true,true
1965-09-30,1965-09,-2790000000,-2790000000,日元(OECD自行季调),M,NETTRADE_FRED_SA,FRED(OECD转载财务省),VALIDATED_MIRROR,,TRADE_OECD_SA,2026-09-05,LATEST_HISTORY_PROXY,PROXY,CURRENT_HISTORY_ONLY_NO_VINTAGE,false,true,true
1965-10-31,1965-10,13660000000,13660000000,日元(OECD自行季调),M,NETTRADE_FRED_SA,FRED(OECD转载财务省),VALIDATED_MIRROR,,TRADE_OECD_SA,2026-09-05,LATEST_HISTORY_PROXY,PROXY,CURRENT_HISTORY_ONLY_NO_VINTAGE,false,true,true
1965-11-30,1965-11,7860000000,7860000000,日元(OECD自行季调),M,NETTRADE_FRED_SA,FRED(OECD转载财务省),VALIDATED_MIRROR,,TRADE_OECD_SA,2026-09-05,LATEST_HISTORY_PROXY,PROXY,CURRENT_HISTORY_ONLY_NO_VINTAGE,false,true,true
1965-12-31,1965-12,2190000000,2190000000,日元(OECD自行季调),M,NETTRADE_FRED_SA,FRED(OECD转载财务省),VALIDATED_MIRROR,,TRADE_OECD_SA,2026-09-05,LATEST_HISTORY_PROXY,PROXY,CURRENT_HISTORY_ONLY_NO_VINTAGE,false,true,true
1966-01-31,1966-01,38500000000,38500000000,日元(OECD自行季调),M,NETTRADE_FRED_SA,FRED(OECD转载财务省),VALIDATED_MIRROR,,TRADE_OECD_SA,2026-09-05,LATEST_HISTORY_PROXY,PROXY,CURRENT_HISTORY_ONLY_NO_VINTAGE,false,true,true
1966-02-28,1966-02,2140000000.0000002,2140000000.0000002,日元(OECD自行季调),M,NETTRADE_FRED_SA,FRED(OECD转载财务省),VALIDATED_MIRROR,,TRADE_OECD_SA,2026-09-05,LATEST_HISTORY_PROXY,PROXY,CURRENT_HISTORY_ONLY_NO_VINTAGE,false,true,true
1966-03-31,1966-03,3400000000,3400000000,日元(OECD自行季调),M,NETTRADE_FRED_SA,FRED(OECD转载财务省),VALIDATED_MIRROR,,TRADE_OECD_SA,2026-09-05,LATEST_HISTORY_PROXY,PROXY,CURRENT_HISTORY_ONLY_NO_VINTAGE,false,true,true
1966-04-30,1966-04,210000000,210000000,日元(OECD自行季调),M,NETTRADE_FRED_SA,FRED(OECD转载财务省),VALIDATED_MIRROR,,TRADE_OECD_SA,2026-09-05,LATEST_HISTORY_PROXY,PROXY,CURRENT_HISTORY_ONLY_NO_VINTAGE,false,true,true
1966-05-31,1966-05,2790000000,2790000000,日元(OECD自行季调),M,NETTRADE_FRED_SA,FRED(OECD转载财务省),VALIDATED_MIRROR,,TRADE_OECD_SA,2026-09-05,LATEST_HISTORY_PROXY,PROXY,CURRENT_HISTORY_ONLY_NO_VINTAGE,false,true,true
1966-06-30,1966-06,9260000000,9260000000,日元(OECD自行季调),M,NETTRADE_FRED_SA,FRED(OECD转载财务省),VALIDATED_MIRROR,,TRADE_OECD_SA,2026-09-05,LATEST_HISTORY_PROXY,PROXY,CURRENT_HISTORY_ONLY_NO_VINTAGE,false,true,true
1966-07-31,1966-07,13950000000,13950000000,日元(OECD自行季调),M,NETTRADE_FRED_SA,FRED(OECD转载财务省),VALIDATED_MIRROR,,TRADE_OECD_SA,2026-09-05,LATEST_HISTORY_PROXY,PROXY,CURRENT_HISTORY_ONLY_NO_VINTAGE,false,true,true
1966-08-31,1966-08,-11270000000,-11270000000,日元(OECD自行季调),M,NETTRADE_FRED_SA,FRED(OECD转载财务省),VALIDATED_MIRROR,,TRADE_OECD_SA,2026-09-05,LATEST_HISTORY_PROXY,PROXY,CURRENT_HISTORY_ONLY_NO_VINTAGE,false,true,true
1966-09-30,1966-09,4099999999.9999995,4099999999.9999995,日元(OECD自行季调),M,NETTRADE_FRED_SA,FRED(OECD转载财务省),VALIDATED_MIRROR,,TRADE_OECD_SA,2026-09-05,LATEST_HISTORY_PROXY,PROXY,CURRENT_HISTORY_ONLY_NO_VINTAGE,false,true,true
1966-10-31,1966-10,-1530000000,-1530000000,日元(OECD自行季调),M,NETTRADE_FRED_SA,FRED(OECD转载财务省),VALIDATED_MIRROR,,TRADE_OECD_SA,2026-09-05,LATEST_HISTORY_PROXY,PROXY,CURRENT_HISTORY_ONLY_NO_VINTAGE,false,true,true
1966-11-30,1966-11,340000000,340000000,日元(OECD自行季调),M,NETTRADE_FRED_SA,FRED(OECD转载财务省),VALIDATED_MIRROR,,TRADE_OECD_SA,2026-09-05,LATEST_HISTORY_PROXY,PROXY,CURRENT_HISTORY_ONLY_NO_VINTAGE,false,true,true
1966-12-31,1966-12,20220000000,20220000000,日元(OECD自行季调),M,NETTRADE_FRED_SA,FRED(OECD转载财务省),VALIDATED_MIRROR,,TRADE_OECD_SA,2026-09-05,LATEST_HISTORY_PROXY,PROXY,CURRENT_HISTORY_ONLY_NO_VINTAGE,false,true,true
1967-01-31,1967-01,-22950000000,-22950000000,日元(OECD自行季调),M,NETTRADE_FRED_SA,FRED(OECD转载财务省),VALIDATED_MIRROR,,TRADE_OECD_SA,2026-09-05,LATEST_HISTORY_PROXY,PROXY,CURRENT_HISTORY_ONLY_NO_VINTAGE,false,true,true
1967-02-28,1967-02,-14340000000,-14340000000,日元(OECD自行季调),M,NETTRADE_FRED_SA,FRED(OECD转载财务省),VALIDATED_MIRROR,,TRADE_OECD_SA,2026-09-05,LATEST_HISTORY_PROXY,PROXY,CURRENT_HISTORY_ONLY_NO_VINTAGE,false,true,true
1967-03-31,1967-03,-31510000000,-31510000000,日元(OECD自行季调),M,NETTRADE_FRED_SA,FRED(OECD转载财务省),VALIDATED_MIRROR,,TRADE_OECD_SA,2026-09-05,LATEST_HISTORY_PROXY,PROXY,CURRENT_HISTORY_ONLY_NO_VINTAGE,false,true,true
1967-04-30,1967-04,-23910000000,-23910000000,日元(OECD自行季调),M,NETTRADE_FRED_SA,FRED(OECD转载财务省),VALIDATED_MIRROR,,TRADE_OECD_SA,2026-09-05,LATEST_HISTORY_PROXY,PROXY,CURRENT_HISTORY_ONLY_NO_VINTAGE,false,true,true
1967-05-31,1967-05,-50810000000,-50810000000,日元(OECD自行季调),M,NETTRADE_FRED_SA,FRED(OECD转载财务省),VALIDATED_MIRROR,,TRADE_OECD_SA,2026-09-05,LATEST_HISTORY_PROXY,PROXY,CURRENT_HISTORY_ONLY_NO_VINTAGE,false,true,true
1967-06-30,1967-06,-44240000000,-44240000000,日元(OECD自行季调),M,NETTRADE_FRED_SA,FRED(OECD转载财务省),VALIDATED_MIRROR,,TRADE_OECD_SA,2026-09-05,LATEST_HISTORY_PROXY,PROXY,CURRENT_HISTORY_ONLY_NO_VINTAGE,false,true,true
1967-07-31,1967-07,-23650000000,-23650000000,日元(OECD自行季调),M,NETTRADE_FRED_SA,FRED(OECD转载财务省),VALIDATED_MIRROR,,TRADE_OECD_SA,2026-09-05,LATEST_HISTORY_PROXY,PROXY,CURRENT_HISTORY_ONLY_NO_VINTAGE,false,true,true
1967-08-31,1967-08,-43020000000,-43020000000,日元(OECD自行季调),M,NETTRADE_FRED_SA,FRED(OECD转载财务省),VALIDATED_MIRROR,,TRADE_OECD_SA,2026-09-05,LATEST_HISTORY_PROXY,PROXY,CURRENT_HISTORY_ONLY_NO_VINTAGE,false,true,true
1967-09-30,1967-09,-37030000000,-37030000000,日元(OECD自行季调),M,NETTRADE_FRED_SA,FRED(OECD转载财务省),VALIDATED_MIRROR,,TRADE_OECD_SA,2026-09-05,LATEST_HISTORY_PROXY,PROXY,CURRENT_HISTORY_ONLY_NO_VINTAGE,false,true,true
1967-10-31,1967-10,-36460000000,-36460000000,日元(OECD自行季调),M,NETTRADE_FRED_SA,FRED(OECD转载财务省),VALIDATED_MIRROR,,TRADE_OECD_SA,2026-09-05,LATEST_HISTORY_PROXY,PROXY,CURRENT_HISTORY_ONLY_NO_VINTAGE,false,true,true
1967-11-30,1967-11,-60780000000,-60780000000,日元(OECD自行季调),M,NETTRADE_FRED_SA,FRED(OECD转载财务省),VALIDATED_MIRROR,,TRADE_OECD_SA,2026-09-05,LATEST_HISTORY_PROXY,PROXY,CURRENT_HISTORY_ONLY_NO_VINTAGE,false,true,true
1967-12-31,1967-12,-57400000000,-57400000000,日元(OECD自行季调),M,NETTRADE_FRED_SA,FRED(OECD转载财务省),VALIDATED_MIRROR,,TRADE_OECD_SA,2026-09-05,LATEST_HISTORY_PROXY,PROXY,CURRENT_HISTORY_ONLY_NO_VINTAGE,false,true,true
1968-01-31,1968-01,-37980000000,-37980000000,日元(OECD自行季调),M,NETTRADE_FRED_SA,FRED(OECD转载财务省),VALIDATED_MIRROR,,TRADE_OECD_SA,2026-09-05,LATEST_HISTORY_PROXY,PROXY,CURRENT_HISTORY_ONLY_NO_VINTAGE,false,true,true
1968-02-29,1968-02,-27700000000,-27700000000,日元(OECD自行季调),M,NETTRADE_FRED_SA,FRED(OECD转载财务省),VALIDATED_MIRROR,,TRADE_OECD_SA,2026-09-05,LATEST_HISTORY_PROXY,PROXY,CURRENT_HISTORY_ONLY_NO_VINTAGE,false,true,true
1968-03-31,1968-03,-21420000000,-21420000000,日元(OECD自行季调),M,NETTRADE_FRED_SA,FRED(OECD转载财务省),VALIDATED_MIRROR,,TRADE_OECD_SA,2026-09-05,LATEST_HISTORY_PROXY,PROXY,CURRENT_HISTORY_ONLY_NO_VINTAGE,false,true,true
1968-04-30,1968-04,-18790000000,-18790000000,日元(OECD自行季调),M,NETTRADE_FRED_SA,FRED(OECD转载财务省),VALIDATED_MIRROR,,TRADE_OECD_SA,2026-09-05,LATEST_HISTORY_PROXY,PROXY,CURRENT_HISTORY_ONLY_NO_VINTAGE,false,true,true
1968-05-31,1968-05,10340000000,10340000000,日元(OECD自行季调),M,NETTRADE_FRED_SA,FRED(OECD转载财务省),VALIDATED_MIRROR,,TRADE_OECD_SA,2026-09-05,LATEST_HISTORY_PROXY,PROXY,CURRENT_HISTORY_ONLY_NO_VINTAGE,false,true,true
1968-06-30,1968-06,9480000000,9480000000,日元(OECD自行季调),M,NETTRADE_FRED_SA,FRED(OECD转载财务省),VALIDATED_MIRROR,,TRADE_OECD_SA,2026-09-05,LATEST_HISTORY_PROXY,PROXY,CURRENT_HISTORY_ONLY_NO_VINTAGE,false,true,true
1968-07-31,1968-07,-30720000000,-30720000000,日元(OECD自行季调),M,NETTRADE_FRED_SA,FRED(OECD转载财务省),VALIDATED_MIRROR,,TRADE_OECD_SA,2026-09-05,LATEST_HISTORY_PROXY,PROXY,CURRENT_HISTORY_ONLY_NO_VINTAGE,false,true,true
1968-08-31,1968-08,19250000000,19250000000,日元(OECD自行季调),M,NETTRADE_FRED_SA,FRED(OECD转载财务省),VALIDATED_MIRROR,,TRADE_OECD_SA,2026-09-05,LATEST_HISTORY_PROXY,PROXY,CURRENT_HISTORY_ONLY_NO_VINTAGE,false,true,true
1968-09-30,1968-09,21070000000,21070000000,日元(OECD自行季调),M,NETTRADE_FRED_SA,FRED(OECD转载财务省),VALIDATED_MIRROR,,TRADE_OECD_SA,2026-09-05,LATEST_HISTORY_PROXY,PROXY,CURRENT_HISTORY_ONLY_NO_VINTAGE,false,true,true
1968-10-31,1968-10,10740000000,10740000000,日元(OECD自行季调),M,NETTRADE_FRED_SA,FRED(OECD转载财务省),VALIDATED_MIRROR,,TRADE_OECD_SA,2026-09-05,LATEST_HISTORY_PROXY,PROXY,CURRENT_HISTORY_ONLY_NO_VINTAGE,false,true,true
1968-11-30,1968-11,29550000000,29550000000,日元(OECD自行季调),M,NETTRADE_FRED_SA,FRED(OECD转载财务省),VALIDATED_MIRROR,,TRADE_OECD_SA,2026-09-05,LATEST_HISTORY_PROXY,PROXY,CURRENT_HISTORY_ONLY_NO_VINTAGE,false,true,true
1968-12-31,1968-12,9700000000,9700000000,日元(OECD自行季调),M,NETTRADE_FRED_SA,FRED(OECD转载财务省),VALIDATED_MIRROR,,TRADE_OECD_SA,2026-09-05,LATEST_HISTORY_PROXY,PROXY,CURRENT_HISTORY_ONLY_NO_VINTAGE,false,true,true
1969-01-31,1969-01,7647000000.0,7647000000.0,日元(OECD自行季调),M,NETTRADE_FRED_SA,FRED(OECD转载财务省),VALIDATED_MIRROR,,TRADE_OECD_SA,2026-09-05,LATEST_HISTORY_PROXY,PROXY,CURRENT_HISTORY_ONLY_NO_VINTAGE,false,true,true
1969-02-28,1969-02,22055000000.0,22055000000.0,日元(OECD自行季调),M,NETTRADE_FRED_SA,FRED(OECD转载财务省),VALIDATED_MIRROR,,TRADE_OECD_SA,2026-09-05,LATEST_HISTORY_PROXY,PROXY,CURRENT_HISTORY_ONLY_NO_VINTAGE,false,true,true
1969-03-31,1969-03,33601999999.999996,33601999999.999996,日元(OECD自行季调),M,NETTRADE_FRED_SA,FRED(OECD转载财务省),VALIDATED_MIRROR,,TRADE_OECD_SA,2026-09-05,LATEST_HISTORY_PROXY,PROXY,CURRENT_HISTORY_ONLY_NO_VINTAGE,false,true,true
1969-04-30,1969-04,50758000000.0,50758000000.0,日元(OECD自行季调),M,NETTRADE_FRED_SA,FRED(OECD转载财务省),VALIDATED_MIRROR,,TRADE_OECD_SA,2026-09-05,LATEST_HISTORY_PROXY,PROXY,CURRENT_HISTORY_ONLY_NO_VINTAGE,false,true,true
1969-05-31,1969-05,36544000000.0,36544000000.0,日元(OECD自行季调),M,NETTRADE_FRED_SA,FRED(OECD转载财务省),VALIDATED_MIRROR,,TRADE_OECD_SA,2026-09-05,LATEST_HISTORY_PROXY,PROXY,CURRENT_HISTORY_ONLY_NO_VINTAGE,false,true,true
1969-06-30,1969-06,49468000000.0,49468000000.0,日元(OECD自行季调),M,NETTRADE_FRED_SA,FRED(OECD转载财务省),VALIDATED_MIRROR,,TRADE_OECD_SA,2026-09-05,LATEST_HISTORY_PROXY,PROXY,CURRENT_HISTORY_ONLY_NO_VINTAGE,false,true,true
1969-07-31,1969-07,35929000000.0,35929000000.0,日元(OECD自行季调),M,NETTRADE_FRED_SA,FRED(OECD转载财务省),VALIDATED_MIRROR,,TRADE_OECD_SA,2026-09-05,LATEST_HISTORY_PROXY,PROXY,CURRENT_HISTORY_ONLY_NO_VINTAGE,false,true,true
1969-08-31,1969-08,18777000000.0,18777000000.0,日元(OECD自行季调),M,NETTRADE_FRED_SA,FRED(OECD转载财务省),VALIDATED_MIRROR,,TRADE_OECD_SA,2026-09-05,LATEST_HISTORY_PROXY,PROXY,CURRENT_HISTORY_ONLY_NO_VINTAGE,false,true,true
1969-09-30,1969-09,12185000000.0,12185000000.0,日元(OECD自行季调),M,NETTRADE_FRED_SA,FRED(OECD转载财务省),VALIDATED_MIRROR,,TRADE_OECD_SA,2026-09-05,LATEST_HISTORY_PROXY,PROXY,CURRENT_HISTORY_ONLY_NO_VINTAGE,false,true,true
1969-10-31,1969-10,19160000000,19160000000,日元(OECD自行季调),M,NETTRADE_FRED_SA,FRED(OECD转载财务省),VALIDATED_MIRROR,,TRADE_OECD_SA,2026-09-05,LATEST_HISTORY_PROXY,PROXY,CURRENT_HISTORY_ONLY_NO_VINTAGE,false,true,true
1969-11-30,1969-11,14255000000.0,14255000000.0,日元(OECD自行季调),M,NETTRADE_FRED_SA,FRED(OECD转载财务省),VALIDATED_MIRROR,,TRADE_OECD_SA,2026-09-05,LATEST_HISTORY_PROXY,PROXY,CURRENT_HISTORY_ONLY_NO_VINTAGE,false,true,true
1969-12-31,1969-12,21811000000.0,21811000000.0,日元(OECD自行季调),M,NETTRADE_FRED_SA,FRED(OECD转载财务省),VALIDATED_MIRROR,,TRADE_OECD_SA,2026-09-05,LATEST_HISTORY_PROXY,PROXY,CURRENT_HISTORY_ONLY_NO_VINTAGE,false,true,true
1970-01-31,1970-01,28617000000.0,28617000000.0,日元(OECD自行季调),M,NETTRADE_FRED_SA,FRED(OECD转载财务省),VALIDATED_MIRROR,,TRADE_OECD_SA,2026-09-05,LATEST_HISTORY_PROXY,PROXY,CURRENT_HISTORY_ONLY_NO_VINTAGE,false,true,true
1970-02-28,1970-02,10657000000.0,10657000000.0,日元(OECD自行季调),M,NETTRADE_FRED_SA,FRED(OECD转载财务省),VALIDATED_MIRROR,,TRADE_OECD_SA,2026-09-05,LATEST_HISTORY_PROXY,PROXY,CURRENT_HISTORY_ONLY_NO_VINTAGE,false,true,true
1970-03-31,1970-03,-7978000000.0,-7978000000.0,日元(OECD自行季调),M,NETTRADE_FRED_SA,FRED(OECD转载财务省),VALIDATED_MIRROR,,TRADE_OECD_SA,2026-09-05,LATEST_HISTORY_PROXY,PROXY,CURRENT_HISTORY_ONLY_NO_VINTAGE,false,true,true
1970-04-30,1970-04,18329000000.0,18329000000.0,日元(OECD自行季调),M,NETTRADE_FRED_SA,FRED(OECD转载财务省),VALIDATED_MIRROR,,TRADE_OECD_SA,2026-09-05,LATEST_HISTORY_PROXY,PROXY,CURRENT_HISTORY_ONLY_NO_VINTAGE,false,true,true
1970-05-31,1970-05,17154000000.0,17154000000.0,日元(OECD自行季调),M,NETTRADE_FRED_SA,FRED(OECD转载财务省),VALIDATED_MIRROR,,TRADE_OECD_SA,2026-09-05,LATEST_HISTORY_PROXY,PROXY,CURRENT_HISTORY_ONLY_NO_VINTAGE,false,true,true
1970-06-30,1970-06,10868000000.0,10868000000.0,日元(OECD自行季调),M,NETTRADE_FRED_SA,FRED(OECD转载财务省),VALIDATED_MIRROR,,TRADE_OECD_SA,2026-09-05,LATEST_HISTORY_PROXY,PROXY,CURRENT_HISTORY_ONLY_NO_VINTAGE,false,true,true
1970-07-31,1970-07,2722000000.0,2722000000.0,日元(OECD自行季调),M,NETTRADE_FRED_SA,FRED(OECD转载财务省),VALIDATED_MIRROR,,TRADE_OECD_SA,2026-09-05,LATEST_HISTORY_PROXY,PROXY,CURRENT_HISTORY_ONLY_NO_VINTAGE,false,true,true
1970-08-31,1970-08,-659000000.0,-659000000.0,日元(OECD自行季调),M,NETTRADE_FRED_SA,FRED(OECD转载财务省),VALIDATED_MIRROR,,TRADE_OECD_SA,2026-09-05,LATEST_HISTORY_PROXY,PROXY,CURRENT_HISTORY_ONLY_NO_VINTAGE,false,true,true
1970-09-30,1970-09,-919000000.0,-919000000.0,日元(OECD自行季调),M,NETTRADE_FRED_SA,FRED(OECD转载财务省),VALIDATED_MIRROR,,TRADE_OECD_SA,2026-09-05,LATEST_HISTORY_PROXY,PROXY,CURRENT_HISTORY_ONLY_NO_VINTAGE,false,true,true
1970-10-31,1970-10,30971000000.0,30971000000.0,日元(OECD自行季调),M,NETTRADE_FRED_SA,FRED(OECD转载财务省),VALIDATED_MIRROR,,TRADE_OECD_SA,2026-09-05,LATEST_HISTORY_PROXY,PROXY,CURRENT_HISTORY_ONLY_NO_VINTAGE,false,true,true
1970-11-30,1970-11,-10769000000.0,-10769000000.0,日元(OECD自行季调),M,NETTRADE_FRED_SA,FRED(OECD转载财务省),VALIDATED_MIRROR,,TRADE_OECD_SA,2026-09-05,LATEST_HISTORY_PROXY,PROXY,CURRENT_HISTORY_ONLY_NO_VINTAGE,false,true,true
1970-12-31,1970-12,38111000000.0,38111000000.0,日元(OECD自行季调),M,NETTRADE_FRED_SA,FRED(OECD转载财务省),VALIDATED_MIRROR,,TRADE_OECD_SA,2026-09-05,LATEST_HISTORY_PROXY,PROXY,CURRENT_HISTORY_ONLY_NO_VINTAGE,false,true,true
1971-01-31,1971-01,40439000000.0,40439000000.0,日元(OECD自行季调),M,NETTRADE_FRED_SA,FRED(OECD转载财务省),VALIDATED_MIRROR,,TRADE_OECD_SA,2026-09-05,LATEST_HISTORY_PROXY,PROXY,CURRENT_HISTORY_ONLY_NO_VINTAGE,false,true,true
1971-02-28,1971-02,64465999999.99999,64465999999.99999,日元(OECD自行季调),M,NETTRADE_FRED_SA,FRED(OECD转载财务省),VALIDATED_MIRROR,,TRADE_OECD_SA,2026-09-05,LATEST_HISTORY_PROXY,PROXY,CURRENT_HISTORY_ONLY_NO_VINTAGE,false,true,true
1971-03-31,1971-03,100008000000.0,100008000000.0,日元(OECD自行季调),M,NETTRADE_FRED_SA,FRED(OECD转载财务省),VALIDATED_MIRROR,,TRADE_OECD_SA,2026-09-05,LATEST_HISTORY_PROXY,PROXY,CURRENT_HISTORY_ONLY_NO_VINTAGE,false,true,true
1971-04-30,1971-04,91235000000.0,91235000000.0,日元(OECD自行季调),M,NETTRADE_FRED_SA,FRED(OECD转载财务省),VALIDATED_MIRROR,,TRADE_OECD_SA,2026-09-05,LATEST_HISTORY_PROXY,PROXY,CURRENT_HISTORY_ONLY_NO_VINTAGE,false,true,true
1971-05-31,1971-05,144446000000.0,144446000000.0,日元(OECD自行季调),M,NETTRADE_FRED_SA,FRED(OECD转载财务省),VALIDATED_MIRROR,,TRADE_OECD_SA,2026-09-05,LATEST_HISTORY_PROXY,PROXY,CURRENT_HISTORY_ONLY_NO_VINTAGE,false,true,true
1971-06-30,1971-06,141088000000.0,141088000000.0,日元(OECD自行季调),M,NETTRADE_FRED_SA,FRED(OECD转载财务省),VALIDATED_MIRROR,,TRADE_OECD_SA,2026-09-05,LATEST_HISTORY_PROXY,PROXY,CURRENT_HISTORY_ONLY_NO_VINTAGE,false,true,true
1971-07-31,1971-07,145342000000.0,145342000000.0,日元(OECD自行季调),M,NETTRADE_FRED_SA,FRED(OECD转载财务省),VALIDATED_MIRROR,,TRADE_OECD_SA,2026-09-05,LATEST_HISTORY_PROXY,PROXY,CURRENT_HISTORY_ONLY_NO_VINTAGE,false,true,true
1971-08-31,1971-08,197681000000.0,197681000000.0,日元(OECD自行季调),M,NETTRADE_FRED_SA,FRED(OECD转载财务省),VALIDATED_MIRROR,,TRADE_OECD_SA,2026-09-05,LATEST_HISTORY_PROXY,PROXY,CURRENT_HISTORY_ONLY_NO_VINTAGE,false,true,true
1971-09-30,1971-09,155815000000.0,155815000000.0,日元(OECD自行季调),M,NETTRADE_FRED_SA,FRED(OECD转载财务省),VALIDATED_MIRROR,,TRADE_OECD_SA,2026-09-05,LATEST_HISTORY_PROXY,PROXY,CURRENT_HISTORY_ONLY_NO_VINTAGE,false,true,true
1971-10-31,1971-10,143782000000.0,143782000000.0,日元(OECD自行季调),M,NETTRADE_FRED_SA,FRED(OECD转载财务省),VALIDATED_MIRROR,,TRADE_OECD_SA,2026-09-05,LATEST_HISTORY_PROXY,PROXY,CURRENT_HISTORY_ONLY_NO_VINTAGE,false,true,true
1971-11-30,1971-11,101937000000.0,101937000000.0,日元(OECD自行季调),M,NETTRADE_FRED_SA,FRED(OECD转载财务省),VALIDATED_MIRROR,,TRADE_OECD_SA,2026-09-05,LATEST_HISTORY_PROXY,PROXY,CURRENT_HISTORY_ONLY_NO_VINTAGE,false,true,true
1971-12-31,1971-12,135798000000.0,135798000000.0,日元(OECD自行季调),M,NETTRADE_FRED_SA,FRED(OECD转载财务省),VALIDATED_MIRROR,,TRADE_OECD_SA,2026-09-05,LATEST_HISTORY_PROXY,PROXY,CURRENT_HISTORY_ONLY_NO_VINTAGE,false,true,true
1972-01-31,1972-01,137557000000.0,137557000000.0,日元(OECD自行季调),M,NETTRADE_FRED_SA,FRED(OECD转载财务省),VALIDATED_MIRROR,,TRADE_OECD_SA,2026-09-05,LATEST_HISTORY_PROXY,PROXY,CURRENT_HISTORY_ONLY_NO_VINTAGE,false,true,true
1972-02-29,1972-02,126861000000.0,126861000000.0,日元(OECD自行季调),M,NETTRADE_FRED_SA,FRED(OECD转载财务省),VALIDATED_MIRROR,,TRADE_OECD_SA,2026-09-05,LATEST_HISTORY_PROXY,PROXY,CURRENT_HISTORY_ONLY_NO_VINTAGE,false,true,true
1972-03-31,1972-03,115615000000.0,115615000000.0,日元(OECD自行季调),M,NETTRADE_FRED_SA,FRED(OECD转载财务省),VALIDATED_MIRROR,,TRADE_OECD_SA,2026-09-05,LATEST_HISTORY_PROXY,PROXY,CURRENT_HISTORY_ONLY_NO_VINTAGE,false,true,true
1972-04-30,1972-04,129398000000.0,129398000000.0,日元(OECD自行季调),M,NETTRADE_FRED_SA,FRED(OECD转载财务省),VALIDATED_MIRROR,,TRADE_OECD_SA,2026-09-05,LATEST_HISTORY_PROXY,PROXY,CURRENT_HISTORY_ONLY_NO_VINTAGE,false,true,true
1972-05-31,1972-05,108912000000.0,108912000000.0,日元(OECD自行季调),M,NETTRADE_FRED_SA,FRED(OECD转载财务省),VALIDATED_MIRROR,,TRADE_OECD_SA,2026-09-05,LATEST_HISTORY_PROXY,PROXY,CURRENT_HISTORY_ONLY_NO_VINTAGE,false,true,true
1972-06-30,1972-06,168242000000.0,168242000000.0,日元(OECD自行季调),M,NETTRADE_FRED_SA,FRED(OECD转载财务省),VALIDATED_MIRROR,,TRADE_OECD_SA,2026-09-05,LATEST_HISTORY_PROXY,PROXY,CURRENT_HISTORY_ONLY_NO_VINTAGE,false,true,true
1972-07-31,1972-07,176809000000.0,176809000000.0,日元(OECD自行季调),M,NETTRADE_FRED_SA,FRED(OECD转载财务省),VALIDATED_MIRROR,,TRADE_OECD_SA,2026-09-05,LATEST_HISTORY_PROXY,PROXY,CURRENT_HISTORY_ONLY_NO_VINTAGE,false,true,true
1972-08-31,1972-08,106249000000.0,106249000000.0,日元(OECD自行季调),M,NETTRADE_FRED_SA,FRED(OECD转载财务省),VALIDATED_MIRROR,,TRADE_OECD_SA,2026-09-05,LATEST_HISTORY_PROXY,PROXY,CURRENT_HISTORY_ONLY_NO_VINTAGE,false,true,true
1972-09-30,1972-09,120236000000.0,120236000000.0,日元(OECD自行季调),M,NETTRADE_FRED_SA,FRED(OECD转载财务省),VALIDATED_MIRROR,,TRADE_OECD_SA,2026-09-05,LATEST_HISTORY_PROXY,PROXY,CURRENT_HISTORY_ONLY_NO_VINTAGE,false,true,true
1972-10-31,1972-10,104241000000.0,104241000000.0,日元(OECD自行季调),M,NETTRADE_FRED_SA,FRED(OECD转载财务省),VALIDATED_MIRROR,,TRADE_OECD_SA,2026-09-05,LATEST_HISTORY_PROXY,PROXY,CURRENT_HISTORY_ONLY_NO_VINTAGE,false,true,true
1972-11-30,1972-11,103651000000.0,103651000000.0,日元(OECD自行季调),M,NETTRADE_FRED_SA,FRED(OECD转载财务省),VALIDATED_MIRROR,,TRADE_OECD_SA,2026-09-05,LATEST_HISTORY_PROXY,PROXY,CURRENT_HISTORY_ONLY_NO_VINTAGE,false,true,true
1972-12-31,1972-12,136437000000.00002,136437000000.00002,日元(OECD自行季调),M,NETTRADE_FRED_SA,FRED(OECD转载财务省),VALIDATED_MIRROR,,TRADE_OECD_SA,2026-09-05,LATEST_HISTORY_PROXY,PROXY,CURRENT_HISTORY_ONLY_NO_VINTAGE,false,true,true
1973-01-31,1973-01,71665000000.0,71665000000.0,日元(OECD自行季调),M,NETTRADE_FRED_SA,FRED(OECD转载财务省),VALIDATED_MIRROR,,TRADE_OECD_SA,2026-09-05,LATEST_HISTORY_PROXY,PROXY,CURRENT_HISTORY_ONLY_NO_VINTAGE,false,true,true
1973-02-28,1973-02,153002000000.0,153002000000.0,日元(OECD自行季调),M,NETTRADE_FRED_SA,FRED(OECD转载财务省),VALIDATED_MIRROR,,TRADE_OECD_SA,2026-09-05,LATEST_HISTORY_PROXY,PROXY,CURRENT_HISTORY_ONLY_NO_VINTAGE,false,true,true
1973-03-31,1973-03,13609000000.0,13609000000.0,日元(OECD自行季调),M,NETTRADE_FRED_SA,FRED(OECD转载财务省),VALIDATED_MIRROR,,TRADE_OECD_SA,2026-09-05,LATEST_HISTORY_PROXY,PROXY,CURRENT_HISTORY_ONLY_NO_VINTAGE,false,true,true
1973-04-30,1973-04,15351000000.0,15351000000.0,日元(OECD自行季调),M,NETTRADE_FRED_SA,FRED(OECD转载财务省),VALIDATED_MIRROR,,TRADE_OECD_SA,2026-09-05,LATEST_HISTORY_PROXY,PROXY,CURRENT_HISTORY_ONLY_NO_VINTAGE,false,true,true
1973-05-31,1973-05,-26029000000.0,-26029000000.0,日元(OECD自行季调),M,NETTRADE_FRED_SA,FRED(OECD转载财务省),VALIDATED_MIRROR,,TRADE_OECD_SA,2026-09-05,LATEST_HISTORY_PROXY,PROXY,CURRENT_HISTORY_ONLY_NO_VINTAGE,false,true,true
1973-06-30,1973-06,-76772000000.0,-76772000000.0,日元(OECD自行季调),M,NETTRADE_FRED_SA,FRED(OECD转载财务省),VALIDATED_MIRROR,,TRADE_OECD_SA,2026-09-05,LATEST_HISTORY_PROXY,PROXY,CURRENT_HISTORY_ONLY_NO_VINTAGE,false,true,true
1973-07-31,1973-07,-19093000000.0,-19093000000.0,日元(OECD自行季调),M,NETTRADE_FRED_SA,FRED(OECD转载财务省),VALIDATED_MIRROR,,TRADE_OECD_SA,2026-09-05,LATEST_HISTORY_PROXY,PROXY,CURRENT_HISTORY_ONLY_NO_VINTAGE,false,true,true
1973-08-31,1973-08,-135175999999.99998,-135175999999.99998,日元(OECD自行季调),M,NETTRADE_FRED_SA,FRED(OECD转载财务省),VALIDATED_MIRROR,,TRADE_OECD_SA,2026-09-05,LATEST_HISTORY_PROXY,PROXY,CURRENT_HISTORY_ONLY_NO_VINTAGE,false,true,true
1973-09-30,1973-09,-57488000000.0,-57488000000.0,日元(OECD自行季调),M,NETTRADE_FRED_SA,FRED(OECD转载财务省),VALIDATED_MIRROR,,TRADE_OECD_SA,2026-09-05,LATEST_HISTORY_PROXY,PROXY,CURRENT_HISTORY_ONLY_NO_VINTAGE,false,true,true
1973-10-31,1973-10,-123434000000.0,-123434000000.0,日元(OECD自行季调),M,NETTRADE_FRED_SA,FRED(OECD转载财务省),VALIDATED_MIRROR,,TRADE_OECD_SA,2026-09-05,LATEST_HISTORY_PROXY,PROXY,CURRENT_HISTORY_ONLY_NO_VINTAGE,false,true,true
1973-11-30,1973-11,-50730000000,-50730000000,日元(OECD自行季调),M,NETTRADE_FRED_SA,FRED(OECD转载财务省),VALIDATED_MIRROR,,TRADE_OECD_SA,2026-09-05,LATEST_HISTORY_PROXY,PROXY,CURRENT_HISTORY_ONLY_NO_VINTAGE,false,true,true
1973-12-31,1973-12,-149976000000.0,-149976000000.0,日元(OECD自行季调),M,NETTRADE_FRED_SA,FRED(OECD转载财务省),VALIDATED_MIRROR,,TRADE_OECD_SA,2026-09-05,LATEST_HISTORY_PROXY,PROXY,CURRENT_HISTORY_ONLY_NO_VINTAGE,false,true,true
1974-01-31,1974-01,-136098000000.00002,-136098000000.00002,日元(OECD自行季调),M,NETTRADE_FRED_SA,FRED(OECD转载财务省),VALIDATED_MIRROR,,TRADE_OECD_SA,2026-09-05,LATEST_HISTORY_PROXY,PROXY,CURRENT_HISTORY_ONLY_NO_VINTAGE,false,true,true
1974-02-28,1974-02,-389173000000.0,-389173000000.0,日元(OECD自行季调),M,NETTRADE_FRED_SA,FRED(OECD转载财务省),VALIDATED_MIRROR,,TRADE_OECD_SA,2026-09-05,LATEST_HISTORY_PROXY,PROXY,CURRENT_HISTORY_ONLY_NO_VINTAGE,false,true,true
1974-03-31,1974-03,-346331000000.0,-346331000000.0,日元(OECD自行季调),M,NETTRADE_FRED_SA,FRED(OECD转载财务省),VALIDATED_MIRROR,,TRADE_OECD_SA,2026-09-05,LATEST_HISTORY_PROXY,PROXY,CURRENT_HISTORY_ONLY_NO_VINTAGE,false,true,true
1974-04-30,1974-04,-290879000000.0,-290879000000.0,日元(OECD自行季调),M,NETTRADE_FRED_SA,FRED(OECD转载财务省),VALIDATED_MIRROR,,TRADE_OECD_SA,2026-09-05,LATEST_HISTORY_PROXY,PROXY,CURRENT_HISTORY_ONLY_NO_VINTAGE,false,true,true
1974-05-31,1974-05,-208357000000.0,-208357000000.0,日元(OECD自行季调),M,NETTRADE_FRED_SA,FRED(OECD转载财务省),VALIDATED_MIRROR,,TRADE_OECD_SA,2026-09-05,LATEST_HISTORY_PROXY,PROXY,CURRENT_HISTORY_ONLY_NO_VINTAGE,false,true,true
1974-06-30,1974-06,-171157000000.0,-171157000000.0,日元(OECD自行季调),M,NETTRADE_FRED_SA,FRED(OECD转载财务省),VALIDATED_MIRROR,,TRADE_OECD_SA,2026-09-05,LATEST_HISTORY_PROXY,PROXY,CURRENT_HISTORY_ONLY_NO_VINTAGE,false,true,true
1974-07-31,1974-07,-176706000000.0,-176706000000.0,日元(OECD自行季调),M,NETTRADE_FRED_SA,FRED(OECD转载财务省),VALIDATED_MIRROR,,TRADE_OECD_SA,2026-09-05,LATEST_HISTORY_PROXY,PROXY,CURRENT_HISTORY_ONLY_NO_VINTAGE,false,true,true
1974-08-31,1974-08,-43649000000.0,-43649000000.0,日元(OECD自行季调),M,NETTRADE_FRED_SA,FRED(OECD转载财务省),VALIDATED_MIRROR,,TRADE_OECD_SA,2026-09-05,LATEST_HISTORY_PROXY,PROXY,CURRENT_HISTORY_ONLY_NO_VINTAGE,false,true,true
1974-09-30,1974-09,-110678000000.0,-110678000000.0,日元(OECD自行季调),M,NETTRADE_FRED_SA,FRED(OECD转载财务省),VALIDATED_MIRROR,,TRADE_OECD_SA,2026-09-05,LATEST_HISTORY_PROXY,PROXY,CURRENT_HISTORY_ONLY_NO_VINTAGE,false,true,true
1974-10-31,1974-10,-5250000000,-5250000000,日元(OECD自行季调),M,NETTRADE_FRED_SA,FRED(OECD转载财务省),VALIDATED_MIRROR,,TRADE_OECD_SA,2026-09-05,LATEST_HISTORY_PROXY,PROXY,CURRENT_HISTORY_ONLY_NO_VINTAGE,false,true,true
1974-11-30,1974-11,19000000.0,19000000.0,日元(OECD自行季调),M,NETTRADE_FRED_SA,FRED(OECD转载财务省),VALIDATED_MIRROR,,TRADE_OECD_SA,2026-09-05,LATEST_HISTORY_PROXY,PROXY,CURRENT_HISTORY_ONLY_NO_VINTAGE,false,true,true
1974-12-31,1974-12,-59755000000.0,-59755000000.0,日元(OECD自行季调),M,NETTRADE_FRED_SA,FRED(OECD转载财务省),VALIDATED_MIRROR,,TRADE_OECD_SA,2026-09-05,LATEST_HISTORY_PROXY,PROXY,CURRENT_HISTORY_ONLY_NO_VINTAGE,false,true,true
1975-01-31,1975-01,-26623000000.0,-26623000000.0,日元(OECD自行季调),M,NETTRADE_FRED_SA,FRED(OECD转载财务省),VALIDATED_MIRROR,,TRADE_OECD_SA,2026-09-05,LATEST_HISTORY_PROXY,PROXY,CURRENT_HISTORY_ONLY_NO_VINTAGE,false,true,true
1975-02-28,1975-02,-6626000000.0,-6626000000.0,日元(OECD自行季调),M,NETTRADE_FRED_SA,FRED(OECD转载财务省),VALIDATED_MIRROR,,TRADE_OECD_SA,2026-09-05,LATEST_HISTORY_PROXY,PROXY,CURRENT_HISTORY_ONLY_NO_VINTAGE,false,true,true
1975-03-31,1975-03,-68574000000.0,-68574000000.0,日元(OECD自行季调),M,NETTRADE_FRED_SA,FRED(OECD转载财务省),VALIDATED_MIRROR,,TRADE_OECD_SA,2026-09-05,LATEST_HISTORY_PROXY,PROXY,CURRENT_HISTORY_ONLY_NO_VINTAGE,false,true,true
1975-04-30,1975-04,33341000000.0,33341000000.0,日元(OECD自行季调),M,NETTRADE_FRED_SA,FRED(OECD转载财务省),VALIDATED_MIRROR,,TRADE_OECD_SA,2026-09-05,LATEST_HISTORY_PROXY,PROXY,CURRENT_HISTORY_ONLY_NO_VINTAGE,false,true,true
1975-05-31,1975-05,-58408000000.0,-58408000000.0,日元(OECD自行季调),M,NETTRADE_FRED_SA,FRED(OECD转载财务省),VALIDATED_MIRROR,,TRADE_OECD_SA,2026-09-05,LATEST_HISTORY_PROXY,PROXY,CURRENT_HISTORY_ONLY_NO_VINTAGE,false,true,true
1975-06-30,1975-06,-25778000000.0,-25778000000.0,日元(OECD自行季调),M,NETTRADE_FRED_SA,FRED(OECD转载财务省),VALIDATED_MIRROR,,TRADE_OECD_SA,2026-09-05,LATEST_HISTORY_PROXY,PROXY,CURRENT_HISTORY_ONLY_NO_VINTAGE,false,true,true
1975-07-31,1975-07,-103254000000.0,-103254000000.0,日元(OECD自行季调),M,NETTRADE_FRED_SA,FRED(OECD转载财务省),VALIDATED_MIRROR,,TRADE_OECD_SA,2026-09-05,LATEST_HISTORY_PROXY,PROXY,CURRENT_HISTORY_ONLY_NO_VINTAGE,false,true,true
1975-08-31,1975-08,-12385000000.0,-12385000000.0,日元(OECD自行季调),M,NETTRADE_FRED_SA,FRED(OECD转载财务省),VALIDATED_MIRROR,,TRADE_OECD_SA,2026-09-05,LATEST_HISTORY_PROXY,PROXY,CURRENT_HISTORY_ONLY_NO_VINTAGE,false,true,true
1975-09-30,1975-09,-145079000000.0,-145079000000.0,日元(OECD自行季调),M,NETTRADE_FRED_SA,FRED(OECD转载财务省),VALIDATED_MIRROR,,TRADE_OECD_SA,2026-09-05,LATEST_HISTORY_PROXY,PROXY,CURRENT_HISTORY_ONLY_NO_VINTAGE,false,true,true
1975-10-31,1975-10,-120608000000.0,-120608000000.0,日元(OECD自行季调),M,NETTRADE_FRED_SA,FRED(OECD转载财务省),VALIDATED_MIRROR,,TRADE_OECD_SA,2026-09-05,LATEST_HISTORY_PROXY,PROXY,CURRENT_HISTORY_ONLY_NO_VINTAGE,false,true,true
1975-11-30,1975-11,7337000000.0,7337000000.0,日元(OECD自行季调),M,NETTRADE_FRED_SA,FRED(OECD转载财务省),VALIDATED_MIRROR,,TRADE_OECD_SA,2026-09-05,LATEST_HISTORY_PROXY,PROXY,CURRENT_HISTORY_ONLY_NO_VINTAGE,false,true,true
1975-12-31,1975-12,-56227000000.0,-56227000000.0,日元(OECD自行季调),M,NETTRADE_FRED_SA,FRED(OECD转载财务省),VALIDATED_MIRROR,,TRADE_OECD_SA,2026-09-05,LATEST_HISTORY_PROXY,PROXY,CURRENT_HISTORY_ONLY_NO_VINTAGE,false,true,true
1976-01-31,1976-01,-7201000000.0,-7201000000.0,日元(OECD自行季调),M,NETTRADE_FRED_SA,FRED(OECD转载财务省),VALIDATED_MIRROR,,TRADE_OECD_SA,2026-09-05,LATEST_HISTORY_PROXY,PROXY,CURRENT_HISTORY_ONLY_NO_VINTAGE,false,true,true
1976-02-29,1976-02,16577000000.000002,16577000000.000002,日元(OECD自行季调),M,NETTRADE_FRED_SA,FRED(OECD转载财务省),VALIDATED_MIRROR,,TRADE_OECD_SA,2026-09-05,LATEST_HISTORY_PROXY,PROXY,CURRENT_HISTORY_ONLY_NO_VINTAGE,false,true,true
1976-03-31,1976-03,104598000000.0,104598000000.0,日元(OECD自行季调),M,NETTRADE_FRED_SA,FRED(OECD转载财务省),VALIDATED_MIRROR,,TRADE_OECD_SA,2026-09-05,LATEST_HISTORY_PROXY,PROXY,CURRENT_HISTORY_ONLY_NO_VINTAGE,false,true,true
1976-04-30,1976-04,58752000000.0,58752000000.0,日元(OECD自行季调),M,NETTRADE_FRED_SA,FRED(OECD转载财务省),VALIDATED_MIRROR,,TRADE_OECD_SA,2026-09-05,LATEST_HISTORY_PROXY,PROXY,CURRENT_HISTORY_ONLY_NO_VINTAGE,false,true,true
1976-05-31,1976-05,155694000000.0,155694000000.0,日元(OECD自行季调),M,NETTRADE_FRED_SA,FRED(OECD转载财务省),VALIDATED_MIRROR,,TRADE_OECD_SA,2026-09-05,LATEST_HISTORY_PROXY,PROXY,CURRENT_HISTORY_ONLY_NO_VINTAGE,false,true,true
1976-06-30,1976-06,37571000000.0,37571000000.0,日元(OECD自行季调),M,NETTRADE_FRED_SA,FRED(OECD转载财务省),VALIDATED_MIRROR,,TRADE_OECD_SA,2026-09-05,LATEST_HISTORY_PROXY,PROXY,CURRENT_HISTORY_ONLY_NO_VINTAGE,false,true,true
1976-07-31,1976-07,7161000000.0,7161000000.0,日元(OECD自行季调),M,NETTRADE_FRED_SA,FRED(OECD转载财务省),VALIDATED_MIRROR,,TRADE_OECD_SA,2026-09-05,LATEST_HISTORY_PROXY,PROXY,CURRENT_HISTORY_ONLY_NO_VINTAGE,false,true,true
1976-08-31,1976-08,16164000000.000002,16164000000.000002,日元(OECD自行季调),M,NETTRADE_FRED_SA,FRED(OECD转载财务省),VALIDATED_MIRROR,,TRADE_OECD_SA,2026-09-05,LATEST_HISTORY_PROXY,PROXY,CURRENT_HISTORY_ONLY_NO_VINTAGE,false,true,true
1976-09-30,1976-09,48901000000.0,48901000000.0,日元(OECD自行季调),M,NETTRADE_FRED_SA,FRED(OECD转载财务省),VALIDATED_MIRROR,,TRADE_OECD_SA,2026-09-05,LATEST_HISTORY_PROXY,PROXY,CURRENT_HISTORY_ONLY_NO_VINTAGE,false,true,true
1976-10-31,1976-10,75897000000.0,75897000000.0,日元(OECD自行季调),M,NETTRADE_FRED_SA,FRED(OECD转载财务省),VALIDATED_MIRROR,,TRADE_OECD_SA,2026-09-05,LATEST_HISTORY_PROXY,PROXY,CURRENT_HISTORY_ONLY_NO_VINTAGE,false,true,true
1976-11-30,1976-11,4753000000.0,4753000000.0,日元(OECD自行季调),M,NETTRADE_FRED_SA,FRED(OECD转载财务省),VALIDATED_MIRROR,,TRADE_OECD_SA,2026-09-05,LATEST_HISTORY_PROXY,PROXY,CURRENT_HISTORY_ONLY_NO_VINTAGE,false,true,true
1976-12-31,1976-12,130342000000.00002,130342000000.00002,日元(OECD自行季调),M,NETTRADE_FRED_SA,FRED(OECD转载财务省),VALIDATED_MIRROR,,TRADE_OECD_SA,2026-09-05,LATEST_HISTORY_PROXY,PROXY,CURRENT_HISTORY_ONLY_NO_VINTAGE,false,true,true
1977-01-31,1977-01,164923000000.0,164923000000.0,日元(OECD自行季调),M,NETTRADE_FRED_SA,FRED(OECD转载财务省),VALIDATED_MIRROR,,TRADE_OECD_SA,2026-09-05,LATEST_HISTORY_PROXY,PROXY,CURRENT_HISTORY_ONLY_NO_VINTAGE,false,true,true
1977-02-28,1977-02,180731000000.0,180731000000.0,日元(OECD自行季调),M,NETTRADE_FRED_SA,FRED(OECD转载财务省),VALIDATED_MIRROR,,TRADE_OECD_SA,2026-09-05,LATEST_HISTORY_PROXY,PROXY,CURRENT_HISTORY_ONLY_NO_VINTAGE,false,true,true
1977-03-31,1977-03,89340000000,89340000000,日元(OECD自行季调),M,NETTRADE_FRED_SA,FRED(OECD转载财务省),VALIDATED_MIRROR,,TRADE_OECD_SA,2026-09-05,LATEST_HISTORY_PROXY,PROXY,CURRENT_HISTORY_ONLY_NO_VINTAGE,false,true,true
1977-04-30,1977-04,300050000000,300050000000,日元(OECD自行季调),M,NETTRADE_FRED_SA,FRED(OECD转载财务省),VALIDATED_MIRROR,,TRADE_OECD_SA,2026-09-05,LATEST_HISTORY_PROXY,PROXY,CURRENT_HISTORY_ONLY_NO_VINTAGE,false,true,true
1977-05-31,1977-05,117738000000.0,117738000000.0,日元(OECD自行季调),M,NETTRADE_FRED_SA,FRED(OECD转载财务省),VALIDATED_MIRROR,,TRADE_OECD_SA,2026-09-05,LATEST_HISTORY_PROXY,PROXY,CURRENT_HISTORY_ONLY_NO_VINTAGE,false,true,true
1977-06-30,1977-06,150259000000.0,150259000000.0,日元(OECD自行季调),M,NETTRADE_FRED_SA,FRED(OECD转载财务省),VALIDATED_MIRROR,,TRADE_OECD_SA,2026-09-05,LATEST_HISTORY_PROXY,PROXY,CURRENT_HISTORY_ONLY_NO_VINTAGE,false,true,true
1977-07-31,1977-07,300752000000.0,300752000000.0,日元(OECD自行季调),M,NETTRADE_FRED_SA,FRED(OECD转载财务省),VALIDATED_MIRROR,,TRADE_OECD_SA,2026-09-05,LATEST_HISTORY_PROXY,PROXY,CURRENT_HISTORY_ONLY_NO_VINTAGE,false,true,true
1977-08-31,1977-08,178342000000.0,178342000000.0,日元(OECD自行季调),M,NETTRADE_FRED_SA,FRED(OECD转载财务省),VALIDATED_MIRROR,,TRADE_OECD_SA,2026-09-05,LATEST_HISTORY_PROXY,PROXY,CURRENT_HISTORY_ONLY_NO_VINTAGE,false,true,true
1977-09-30,1977-09,194028000000.0,194028000000.0,日元(OECD自行季调),M,NETTRADE_FRED_SA,FRED(OECD转载财务省),VALIDATED_MIRROR,,TRADE_OECD_SA,2026-09-05,LATEST_HISTORY_PROXY,PROXY,CURRENT_HISTORY_ONLY_NO_VINTAGE,false,true,true
1977-10-31,1977-10,277600000000,277600000000,日元(OECD自行季调),M,NETTRADE_FRED_SA,FRED(OECD转载财务省),VALIDATED_MIRROR,,TRADE_OECD_SA,2026-09-05,LATEST_HISTORY_PROXY,PROXY,CURRENT_HISTORY_ONLY_NO_VINTAGE,false,true,true
1977-11-30,1977-11,327068000000.0,327068000000.0,日元(OECD自行季调),M,NETTRADE_FRED_SA,FRED(OECD转载财务省),VALIDATED_MIRROR,,TRADE_OECD_SA,2026-09-05,LATEST_HISTORY_PROXY,PROXY,CURRENT_HISTORY_ONLY_NO_VINTAGE,false,true,true
1977-12-31,1977-12,274289000000.0,274289000000.0,日元(OECD自行季调),M,NETTRADE_FRED_SA,FRED(OECD转载财务省),VALIDATED_MIRROR,,TRADE_OECD_SA,2026-09-05,LATEST_HISTORY_PROXY,PROXY,CURRENT_HISTORY_ONLY_NO_VINTAGE,false,true,true
1978-01-31,1978-01,356543000000.0,356543000000.0,日元(OECD自行季调),M,NETTRADE_FRED_SA,FRED(OECD转载财务省),VALIDATED_MIRROR,,TRADE_OECD_SA,2026-09-05,LATEST_HISTORY_PROXY,PROXY,CURRENT_HISTORY_ONLY_NO_VINTAGE,false,true,true
1978-02-28,1978-02,410510000000,410510000000,日元(OECD自行季调),M,NETTRADE_FRED_SA,FRED(OECD转载财务省),VALIDATED_MIRROR,,TRADE_OECD_SA,2026-09-05,LATEST_HISTORY_PROXY,PROXY,CURRENT_HISTORY_ONLY_NO_VINTAGE,false,true,true
1978-03-31,1978-03,416326000000.0,416326000000.0,日元(OECD自行季调),M,NETTRADE_FRED_SA,FRED(OECD转载财务省),VALIDATED_MIRROR,,TRADE_OECD_SA,2026-09-05,LATEST_HISTORY_PROXY,PROXY,CURRENT_HISTORY_ONLY_NO_VINTAGE,false,true,true
1978-04-30,1978-04,354505000000.0,354505000000.0,日元(OECD自行季调),M,NETTRADE_FRED_SA,FRED(OECD转载财务省),VALIDATED_MIRROR,,TRADE_OECD_SA,2026-09-05,LATEST_HISTORY_PROXY,PROXY,CURRENT_HISTORY_ONLY_NO_VINTAGE,false,true,true
1978-05-31,1978-05,249393000000.0,249393000000.0,日元(OECD自行季调),M,NETTRADE_FRED_SA,FRED(OECD转载财务省),VALIDATED_MIRROR,,TRADE_OECD_SA,2026-09-05,LATEST_HISTORY_PROXY,PROXY,CURRENT_HISTORY_ONLY_NO_VINTAGE,false,true,true
1978-06-30,1978-06,443600000000,443600000000,日元(OECD自行季调),M,NETTRADE_FRED_SA,FRED(OECD转载财务省),VALIDATED_MIRROR,,TRADE_OECD_SA,2026-09-05,LATEST_HISTORY_PROXY,PROXY,CURRENT_HISTORY_ONLY_NO_VINTAGE,false,true,true
1978-07-31,1978-07,340993000000.0,340993000000.0,日元(OECD自行季调),M,NETTRADE_FRED_SA,FRED(OECD转载财务省),VALIDATED_MIRROR,,TRADE_OECD_SA,2026-09-05,LATEST_HISTORY_PROXY,PROXY,CURRENT_HISTORY_ONLY_NO_VINTAGE,false,true,true
1978-08-31,1978-08,306392000000.0,306392000000.0,日元(OECD自行季调),M,NETTRADE_FRED_SA,FRED(OECD转载财务省),VALIDATED_MIRROR,,TRADE_OECD_SA,2026-09-05,LATEST_HISTORY_PROXY,PROXY,CURRENT_HISTORY_ONLY_NO_VINTAGE,false,true,true
1978-09-30,1978-09,312283000000.0,312283000000.0,日元(OECD自行季调),M,NETTRADE_FRED_SA,FRED(OECD转载财务省),VALIDATED_MIRROR,,TRADE_OECD_SA,2026-09-05,LATEST_HISTORY_PROXY,PROXY,CURRENT_HISTORY_ONLY_NO_VINTAGE,false,true,true
1978-10-31,1978-10,250416000000.0,250416000000.0,日元(OECD自行季调),M,NETTRADE_FRED_SA,FRED(OECD转载财务省),VALIDATED_MIRROR,,TRADE_OECD_SA,2026-09-05,LATEST_HISTORY_PROXY,PROXY,CURRENT_HISTORY_ONLY_NO_VINTAGE,false,true,true
1978-11-30,1978-11,281080000000,281080000000,日元(OECD自行季调),M,NETTRADE_FRED_SA,FRED(OECD转载财务省),VALIDATED_MIRROR,,TRADE_OECD_SA,2026-09-05,LATEST_HISTORY_PROXY,PROXY,CURRENT_HISTORY_ONLY_NO_VINTAGE,false,true,true
1978-12-31,1978-12,162160000000,162160000000,日元(OECD自行季调),M,NETTRADE_FRED_SA,FRED(OECD转载财务省),VALIDATED_MIRROR,,TRADE_OECD_SA,2026-09-05,LATEST_HISTORY_PROXY,PROXY,CURRENT_HISTORY_ONLY_NO_VINTAGE,false,true,true
1979-01-31,1979-01,95527000000.0,95527000000.0,日元(OECD自行季调),M,NETTRADE_FRED_SA,FRED(OECD转载财务省),VALIDATED_MIRROR,,TRADE_OECD_SA,2026-09-05,LATEST_HISTORY_PROXY,PROXY,CURRENT_HISTORY_ONLY_NO_VINTAGE,false,true,true
1979-02-28,1979-02,72842000000.0,72842000000.0,日元(OECD自行季调),M,NETTRADE_FRED_SA,FRED(OECD转载财务省),VALIDATED_MIRROR,,TRADE_OECD_SA,2026-09-05,LATEST_HISTORY_PROXY,PROXY,CURRENT_HISTORY_ONLY_NO_VINTAGE,false,true,true
1979-03-31,1979-03,79926000000.0,79926000000.0,日元(OECD自行季调),M,NETTRADE_FRED_SA,FRED(OECD转载财务省),VALIDATED_MIRROR,,TRADE_OECD_SA,2026-09-05,LATEST_HISTORY_PROXY,PROXY,CURRENT_HISTORY_ONLY_NO_VINTAGE,false,true,true
1979-04-30,1979-04,-71754000000.0,-71754000000.0,日元(OECD自行季调),M,NETTRADE_FRED_SA,FRED(OECD转载财务省),VALIDATED_MIRROR,,TRADE_OECD_SA,2026-09-05,LATEST_HISTORY_PROXY,PROXY,CURRENT_HISTORY_ONLY_NO_VINTAGE,false,true,true
1979-05-31,1979-05,-58712000000.0,-58712000000.0,日元(OECD自行季调),M,NETTRADE_FRED_SA,FRED(OECD转载财务省),VALIDATED_MIRROR,,TRADE_OECD_SA,2026-09-05,LATEST_HISTORY_PROXY,PROXY,CURRENT_HISTORY_ONLY_NO_VINTAGE,false,true,true
1979-06-30,1979-06,-60442000000.0,-60442000000.0,日元(OECD自行季调),M,NETTRADE_FRED_SA,FRED(OECD转载财务省),VALIDATED_MIRROR,,TRADE_OECD_SA,2026-09-05,LATEST_HISTORY_PROXY,PROXY,CURRENT_HISTORY_ONLY_NO_VINTAGE,false,true,true
1979-07-31,1979-07,-144690000000,-144690000000,日元(OECD自行季调),M,NETTRADE_FRED_SA,FRED(OECD转载财务省),VALIDATED_MIRROR,,TRADE_OECD_SA,2026-09-05,LATEST_HISTORY_PROXY,PROXY,CURRENT_HISTORY_ONLY_NO_VINTAGE,false,true,true
1979-08-31,1979-08,-290781000000.0,-290781000000.0,日元(OECD自行季调),M,NETTRADE_FRED_SA,FRED(OECD转载财务省),VALIDATED_MIRROR,,TRADE_OECD_SA,2026-09-05,LATEST_HISTORY_PROXY,PROXY,CURRENT_HISTORY_ONLY_NO_VINTAGE,false,true,true
1979-09-30,1979-09,-320998000000.0,-320998000000.0,日元(OECD自行季调),M,NETTRADE_FRED_SA,FRED(OECD转载财务省),VALIDATED_MIRROR,,TRADE_OECD_SA,2026-09-05,LATEST_HISTORY_PROXY,PROXY,CURRENT_HISTORY_ONLY_NO_VINTAGE,false,true,true
1979-10-31,1979-10,-364032000000.0,-364032000000.0,日元(OECD自行季调),M,NETTRADE_FRED_SA,FRED(OECD转载财务省),VALIDATED_MIRROR,,TRADE_OECD_SA,2026-09-05,LATEST_HISTORY_PROXY,PROXY,CURRENT_HISTORY_ONLY_NO_VINTAGE,false,true,true
1979-11-30,1979-11,-423610000000,-423610000000,日元(OECD自行季调),M,NETTRADE_FRED_SA,FRED(OECD转载财务省),VALIDATED_MIRROR,,TRADE_OECD_SA,2026-09-05,LATEST_HISTORY_PROXY,PROXY,CURRENT_HISTORY_ONLY_NO_VINTAGE,false,true,true
1979-12-31,1979-12,-333756000000.0,-333756000000.0,日元(OECD自行季调),M,NETTRADE_FRED_SA,FRED(OECD转载财务省),VALIDATED_MIRROR,,TRADE_OECD_SA,2026-09-05,LATEST_HISTORY_PROXY,PROXY,CURRENT_HISTORY_ONLY_NO_VINTAGE,false,true,true
1980-01-31,1980-01,-304198000000.0,-304198000000.0,日元(OECD自行季调),M,NETTRADE_FRED_SA,FRED(OECD转载财务省),VALIDATED_MIRROR,,TRADE_OECD_SA,2026-09-05,LATEST_HISTORY_PROXY,PROXY,CURRENT_HISTORY_ONLY_NO_VINTAGE,false,true,true
1980-02-29,1980-02,-350280000000,-350280000000,日元(OECD自行季调),M,NETTRADE_FRED_SA,FRED(OECD转载财务省),VALIDATED_MIRROR,,TRADE_OECD_SA,2026-09-05,LATEST_HISTORY_PROXY,PROXY,CURRENT_HISTORY_ONLY_NO_VINTAGE,false,true,true
1980-03-31,1980-03,-372576000000.0,-372576000000.0,日元(OECD自行季调),M,NETTRADE_FRED_SA,FRED(OECD转载财务省),VALIDATED_MIRROR,,TRADE_OECD_SA,2026-09-05,LATEST_HISTORY_PROXY,PROXY,CURRENT_HISTORY_ONLY_NO_VINTAGE,false,true,true
1980-04-30,1980-04,-480060000000,-480060000000,日元(OECD自行季调),M,NETTRADE_FRED_SA,FRED(OECD转载财务省),VALIDATED_MIRROR,,TRADE_OECD_SA,2026-09-05,LATEST_HISTORY_PROXY,PROXY,CURRENT_HISTORY_ONLY_NO_VINTAGE,false,true,true
1980-05-31,1980-05,-307825000000.0,-307825000000.0,日元(OECD自行季调),M,NETTRADE_FRED_SA,FRED(OECD转载财务省),VALIDATED_MIRROR,,TRADE_OECD_SA,2026-09-05,LATEST_HISTORY_PROXY,PROXY,CURRENT_HISTORY_ONLY_NO_VINTAGE,false,true,true
1980-06-30,1980-06,-406303000000.0,-406303000000.0,日元(OECD自行季调),M,NETTRADE_FRED_SA,FRED(OECD转载财务省),VALIDATED_MIRROR,,TRADE_OECD_SA,2026-09-05,LATEST_HISTORY_PROXY,PROXY,CURRENT_HISTORY_ONLY_NO_VINTAGE,false,true,true
1980-07-31,1980-07,-336013000000.0,-336013000000.0,日元(OECD自行季调),M,NETTRADE_FRED_SA,FRED(OECD转载财务省),VALIDATED_MIRROR,,TRADE_OECD_SA,2026-09-05,LATEST_HISTORY_PROXY,PROXY,CURRENT_HISTORY_ONLY_NO_VINTAGE,false,true,true
1980-08-31,1980-08,-96300000000,-96300000000,日元(OECD自行季调),M,NETTRADE_FRED_SA,FRED(OECD转载财务省),VALIDATED_MIRROR,,TRADE_OECD_SA,2026-09-05,LATEST_HISTORY_PROXY,PROXY,CURRENT_HISTORY_ONLY_NO_VINTAGE,false,true,true
1980-09-30,1980-09,-2991000000.0,-2991000000.0,日元(OECD自行季调),M,NETTRADE_FRED_SA,FRED(OECD转载财务省),VALIDATED_MIRROR,,TRADE_OECD_SA,2026-09-05,LATEST_HISTORY_PROXY,PROXY,CURRENT_HISTORY_ONLY_NO_VINTAGE,false,true,true
1980-10-31,1980-10,-124803000000.0,-124803000000.0,日元(OECD自行季调),M,NETTRADE_FRED_SA,FRED(OECD转载财务省),VALIDATED_MIRROR,,TRADE_OECD_SA,2026-09-05,LATEST_HISTORY_PROXY,PROXY,CURRENT_HISTORY_ONLY_NO_VINTAGE,false,true,true
1980-11-30,1980-11,85575000000.0,85575000000.0,日元(OECD自行季调),M,NETTRADE_FRED_SA,FRED(OECD转载财务省),VALIDATED_MIRROR,,TRADE_OECD_SA,2026-09-05,LATEST_HISTORY_PROXY,PROXY,CURRENT_HISTORY_ONLY_NO_VINTAGE,false,true,true
1980-12-31,1980-12,35215000000.0,35215000000.0,日元(OECD自行季调),M,NETTRADE_FRED_SA,FRED(OECD转载财务省),VALIDATED_MIRROR,,TRADE_OECD_SA,2026-09-05,LATEST_HISTORY_PROXY,PROXY,CURRENT_HISTORY_ONLY_NO_VINTAGE,false,true,true
1981-01-31,1981-01,91835000000.0,91835000000.0,日元(OECD自行季调),M,NETTRADE_FRED_SA,FRED(OECD转载财务省),VALIDATED_MIRROR,,TRADE_OECD_SA,2026-09-05,LATEST_HISTORY_PROXY,PROXY,CURRENT_HISTORY_ONLY_NO_VINTAGE,false,true,true
1981-02-28,1981-02,74547000000.0,74547000000.0,日元(OECD自行季调),M,NETTRADE_FRED_SA,FRED(OECD转载财务省),VALIDATED_MIRROR,,TRADE_OECD_SA,2026-09-05,LATEST_HISTORY_PROXY,PROXY,CURRENT_HISTORY_ONLY_NO_VINTAGE,false,true,true
1981-03-31,1981-03,93115000000.0,93115000000.0,日元(OECD自行季调),M,NETTRADE_FRED_SA,FRED(OECD转载财务省),VALIDATED_MIRROR,,TRADE_OECD_SA,2026-09-05,LATEST_HISTORY_PROXY,PROXY,CURRENT_HISTORY_ONLY_NO_VINTAGE,false,true,true
1981-04-30,1981-04,105787000000.0,105787000000.0,日元(OECD自行季调),M,NETTRADE_FRED_SA,FRED(OECD转载财务省),VALIDATED_MIRROR,,TRADE_OECD_SA,2026-09-05,LATEST_HISTORY_PROXY,PROXY,CURRENT_HISTORY_ONLY_NO_VINTAGE,false,true,true
1981-05-31,1981-05,117170000000,117170000000,日元(OECD自行季调),M,NETTRADE_FRED_SA,FRED(OECD转载财务省),VALIDATED_MIRROR,,TRADE_OECD_SA,2026-09-05,LATEST_HISTORY_PROXY,PROXY,CURRENT_HISTORY_ONLY_NO_VINTAGE,false,true,true
1981-06-30,1981-06,133577000000.0,133577000000.0,日元(OECD自行季调),M,NETTRADE_FRED_SA,FRED(OECD转载财务省),VALIDATED_MIRROR,,TRADE_OECD_SA,2026-09-05,LATEST_HISTORY_PROXY,PROXY,CURRENT_HISTORY_ONLY_NO_VINTAGE,false,true,true
1981-07-31,1981-07,204436000000.0,204436000000.0,日元(OECD自行季调),M,NETTRADE_FRED_SA,FRED(OECD转载财务省),VALIDATED_MIRROR,,TRADE_OECD_SA,2026-09-05,LATEST_HISTORY_PROXY,PROXY,CURRENT_HISTORY_ONLY_NO_VINTAGE,false,true,true
1981-08-31,1981-08,270880999999.99997,270880999999.99997,日元(OECD自行季调),M,NETTRADE_FRED_SA,FRED(OECD转载财务省),VALIDATED_MIRROR,,TRADE_OECD_SA,2026-09-05,LATEST_HISTORY_PROXY,PROXY,CURRENT_HISTORY_ONLY_NO_VINTAGE,false,true,true
1981-09-30,1981-09,298999000000.0,298999000000.0,日元(OECD自行季调),M,NETTRADE_FRED_SA,FRED(OECD转载财务省),VALIDATED_MIRROR,,TRADE_OECD_SA,2026-09-05,LATEST_HISTORY_PROXY,PROXY,CURRENT_HISTORY_ONLY_NO_VINTAGE,false,true,true
1981-10-31,1981-10,415151000000.0,415151000000.0,日元(OECD自行季调),M,NETTRADE_FRED_SA,FRED(OECD转载财务省),VALIDATED_MIRROR,,TRADE_OECD_SA,2026-09-05,LATEST_HISTORY_PROXY,PROXY,CURRENT_HISTORY_ONLY_NO_VINTAGE,false,true,true
1981-11-30,1981-11,121026000000.0,121026000000.0,日元(OECD自行季调),M,NETTRADE_FRED_SA,FRED(OECD转载财务省),VALIDATED_MIRROR,,TRADE_OECD_SA,2026-09-05,LATEST_HISTORY_PROXY,PROXY,CURRENT_HISTORY_ONLY_NO_VINTAGE,false,true,true
1981-12-31,1981-12,53150000000,53150000000,日元(OECD自行季调),M,NETTRADE_FRED_SA,FRED(OECD转载财务省),VALIDATED_MIRROR,,TRADE_OECD_SA,2026-09-05,LATEST_HISTORY_PROXY,PROXY,CURRENT_HISTORY_ONLY_NO_VINTAGE,false,true,true
1982-01-31,1982-01,284578000000.0,284578000000.0,日元(OECD自行季调),M,NETTRADE_FRED_SA,FRED(OECD转载财务省),VALIDATED_MIRROR,,TRADE_OECD_SA,2026-09-05,LATEST_HISTORY_PROXY,PROXY,CURRENT_HISTORY_ONLY_NO_VINTAGE,false,true,true
1982-02-28,1982-02,107941000000.0,107941000000.0,日元(OECD自行季调),M,NETTRADE_FRED_SA,FRED(OECD转载财务省),VALIDATED_MIRROR,,TRADE_OECD_SA,2026-09-05,LATEST_HISTORY_PROXY,PROXY,CURRENT_HISTORY_ONLY_NO_VINTAGE,false,true,true
1982-03-31,1982-03,98725000000.0,98725000000.0,日元(OECD自行季调),M,NETTRADE_FRED_SA,FRED(OECD转载财务省),VALIDATED_MIRROR,,TRADE_OECD_SA,2026-09-05,LATEST_HISTORY_PROXY,PROXY,CURRENT_HISTORY_ONLY_NO_VINTAGE,false,true,true
1982-04-30,1982-04,120172000000.0,120172000000.0,日元(OECD自行季调),M,NETTRADE_FRED_SA,FRED(OECD转载财务省),VALIDATED_MIRROR,,TRADE_OECD_SA,2026-09-05,LATEST_HISTORY_PROXY,PROXY,CURRENT_HISTORY_ONLY_NO_VINTAGE,false,true,true
1982-05-31,1982-05,209016000000.0,209016000000.0,日元(OECD自行季调),M,NETTRADE_FRED_SA,FRED(OECD转载财务省),VALIDATED_MIRROR,,TRADE_OECD_SA,2026-09-05,LATEST_HISTORY_PROXY,PROXY,CURRENT_HISTORY_ONLY_NO_VINTAGE,false,true,true
1982-06-30,1982-06,207833000000.0,207833000000.0,日元(OECD自行季调),M,NETTRADE_FRED_SA,FRED(OECD转载财务省),VALIDATED_MIRROR,,TRADE_OECD_SA,2026-09-05,LATEST_HISTORY_PROXY,PROXY,CURRENT_HISTORY_ONLY_NO_VINTAGE,false,true,true
1982-07-31,1982-07,181241000000.0,181241000000.0,日元(OECD自行季调),M,NETTRADE_FRED_SA,FRED(OECD转载财务省),VALIDATED_MIRROR,,TRADE_OECD_SA,2026-09-05,LATEST_HISTORY_PROXY,PROXY,CURRENT_HISTORY_ONLY_NO_VINTAGE,false,true,true
1982-08-31,1982-08,76012000000.0,76012000000.0,日元(OECD自行季调),M,NETTRADE_FRED_SA,FRED(OECD转载财务省),VALIDATED_MIRROR,,TRADE_OECD_SA,2026-09-05,LATEST_HISTORY_PROXY,PROXY,CURRENT_HISTORY_ONLY_NO_VINTAGE,false,true,true
1982-09-30,1982-09,184074000000.0,184074000000.0,日元(OECD自行季调),M,NETTRADE_FRED_SA,FRED(OECD转载财务省),VALIDATED_MIRROR,,TRADE_OECD_SA,2026-09-05,LATEST_HISTORY_PROXY,PROXY,CURRENT_HISTORY_ONLY_NO_VINTAGE,false,true,true
1982-10-31,1982-10,191188000000.0,191188000000.0,日元(OECD自行季调),M,NETTRADE_FRED_SA,FRED(OECD转载财务省),VALIDATED_MIRROR,,TRADE_OECD_SA,2026-09-05,LATEST_HISTORY_PROXY,PROXY,CURRENT_HISTORY_ONLY_NO_VINTAGE,false,true,true
1982-11-30,1982-11,35223000000.0,35223000000.0,日元(OECD自行季调),M,NETTRADE_FRED_SA,FRED(OECD转载财务省),VALIDATED_MIRROR,,TRADE_OECD_SA,2026-09-05,LATEST_HISTORY_PROXY,PROXY,CURRENT_HISTORY_ONLY_NO_VINTAGE,false,true,true
1982-12-31,1982-12,143073000000.0,143073000000.0,日元(OECD自行季调),M,NETTRADE_FRED_SA,FRED(OECD转载财务省),VALIDATED_MIRROR,,TRADE_OECD_SA,2026-09-05,LATEST_HISTORY_PROXY,PROXY,CURRENT_HISTORY_ONLY_NO_VINTAGE,false,true,true
1983-01-31,1983-01,207022000000.0,207022000000.0,日元(OECD自行季调),M,NETTRADE_FRED_SA,FRED(OECD转载财务省),VALIDATED_MIRROR,,TRADE_OECD_SA,2026-09-05,LATEST_HISTORY_PROXY,PROXY,CURRENT_HISTORY_ONLY_NO_VINTAGE,false,true,true
1983-02-28,1983-02,386018000000.0,386018000000.0,日元(OECD自行季调),M,NETTRADE_FRED_SA,FRED(OECD转载财务省),VALIDATED_MIRROR,,TRADE_OECD_SA,2026-09-05,LATEST_HISTORY_PROXY,PROXY,CURRENT_HISTORY_ONLY_NO_VINTAGE,false,true,true
1983-03-31,1983-03,377548000000.0,377548000000.0,日元(OECD自行季调),M,NETTRADE_FRED_SA,FRED(OECD转载财务省),VALIDATED_MIRROR,,TRADE_OECD_SA,2026-09-05,LATEST_HISTORY_PROXY,PROXY,CURRENT_HISTORY_ONLY_NO_VINTAGE,false,true,true
1983-04-30,1983-04,459202000000.0,459202000000.0,日元(OECD自行季调),M,NETTRADE_FRED_SA,FRED(OECD转载财务省),VALIDATED_MIRROR,,TRADE_OECD_SA,2026-09-05,LATEST_HISTORY_PROXY,PROXY,CURRENT_HISTORY_ONLY_NO_VINTAGE,false,true,true
1983-05-31,1983-05,511104000000.0,511104000000.0,日元(OECD自行季调),M,NETTRADE_FRED_SA,FRED(OECD转载财务省),VALIDATED_MIRROR,,TRADE_OECD_SA,2026-09-05,LATEST_HISTORY_PROXY,PROXY,CURRENT_HISTORY_ONLY_NO_VINTAGE,false,true,true
1983-06-30,1983-06,257708000000.00003,257708000000.00003,日元(OECD自行季调),M,NETTRADE_FRED_SA,FRED(OECD转载财务省),VALIDATED_MIRROR,,TRADE_OECD_SA,2026-09-05,LATEST_HISTORY_PROXY,PROXY,CURRENT_HISTORY_ONLY_NO_VINTAGE,false,true,true
1983-07-31,1983-07,540051000000.00006,540051000000.00006,日元(OECD自行季调),M,NETTRADE_FRED_SA,FRED(OECD转载财务省),VALIDATED_MIRROR,,TRADE_OECD_SA,2026-09-05,LATEST_HISTORY_PROXY,PROXY,CURRENT_HISTORY_ONLY_NO_VINTAGE,false,true,true
1983-08-31,1983-08,505527000000.0,505527000000.0,日元(OECD自行季调),M,NETTRADE_FRED_SA,FRED(OECD转载财务省),VALIDATED_MIRROR,,TRADE_OECD_SA,2026-09-05,LATEST_HISTORY_PROXY,PROXY,CURRENT_HISTORY_ONLY_NO_VINTAGE,false,true,true
1983-09-30,1983-09,364320000000,364320000000,日元(OECD自行季调),M,NETTRADE_FRED_SA,FRED(OECD转载财务省),VALIDATED_MIRROR,,TRADE_OECD_SA,2026-09-05,LATEST_HISTORY_PROXY,PROXY,CURRENT_HISTORY_ONLY_NO_VINTAGE,false,true,true
1983-10-31,1983-10,427410000000,427410000000,日元(OECD自行季调),M,NETTRADE_FRED_SA,FRED(OECD转载财务省),VALIDATED_MIRROR,,TRADE_OECD_SA,2026-09-05,LATEST_HISTORY_PROXY,PROXY,CURRENT_HISTORY_ONLY_NO_VINTAGE,false,true,true
1983-11-30,1983-11,398311000000.0,398311000000.0,日元(OECD自行季调),M,NETTRADE_FRED_SA,FRED(OECD转载财务省),VALIDATED_MIRROR,,TRADE_OECD_SA,2026-09-05,LATEST_HISTORY_PROXY,PROXY,CURRENT_HISTORY_ONLY_NO_VINTAGE,false,true,true
1983-12-31,1983-12,406693000000.0,406693000000.0,日元(OECD自行季调),M,NETTRADE_FRED_SA,FRED(OECD转载财务省),VALIDATED_MIRROR,,TRADE_OECD_SA,2026-09-05,LATEST_HISTORY_PROXY,PROXY,CURRENT_HISTORY_ONLY_NO_VINTAGE,false,true,true
1984-01-31,1984-01,468444000000.0,468444000000.0,日元(OECD自行季调),M,NETTRADE_FRED_SA,FRED(OECD转载财务省),VALIDATED_MIRROR,,TRADE_OECD_SA,2026-09-05,LATEST_HISTORY_PROXY,PROXY,CURRENT_HISTORY_ONLY_NO_VINTAGE,false,true,true
1984-02-29,1984-02,585379000000.0,585379000000.0,日元(OECD自行季调),M,NETTRADE_FRED_SA,FRED(OECD转载财务省),VALIDATED_MIRROR,,TRADE_OECD_SA,2026-09-05,LATEST_HISTORY_PROXY,PROXY,CURRENT_HISTORY_ONLY_NO_VINTAGE,false,true,true
1984-03-31,1984-03,596114000000.0,596114000000.0,日元(OECD自行季调),M,NETTRADE_FRED_SA,FRED(OECD转载财务省),VALIDATED_MIRROR,,TRADE_OECD_SA,2026-09-05,LATEST_HISTORY_PROXY,PROXY,CURRENT_HISTORY_ONLY_NO_VINTAGE,false,true,true
1984-04-30,1984-04,660188000000.0,660188000000.0,日元(OECD自行季调),M,NETTRADE_FRED_SA,FRED(OECD转载财务省),VALIDATED_MIRROR,,TRADE_OECD_SA,2026-09-05,LATEST_HISTORY_PROXY,PROXY,CURRENT_HISTORY_ONLY_NO_VINTAGE,false,true,true
1984-05-31,1984-05,523011999999.99994,523011999999.99994,日元(OECD自行季调),M,NETTRADE_FRED_SA,FRED(OECD转载财务省),VALIDATED_MIRROR,,TRADE_OECD_SA,2026-09-05,LATEST_HISTORY_PROXY,PROXY,CURRENT_HISTORY_ONLY_NO_VINTAGE,false,true,true
1984-06-30,1984-06,726840000000,726840000000,日元(OECD自行季调),M,NETTRADE_FRED_SA,FRED(OECD转载财务省),VALIDATED_MIRROR,,TRADE_OECD_SA,2026-09-05,LATEST_HISTORY_PROXY,PROXY,CURRENT_HISTORY_ONLY_NO_VINTAGE,false,true,true
1984-07-31,1984-07,592385000000.0,592385000000.0,日元(OECD自行季调),M,NETTRADE_FRED_SA,FRED(OECD转载财务省),VALIDATED_MIRROR,,TRADE_OECD_SA,2026-09-05,LATEST_HISTORY_PROXY,PROXY,CURRENT_HISTORY_ONLY_NO_VINTAGE,false,true,true
1984-08-31,1984-08,386443000000.0,386443000000.0,日元(OECD自行季调),M,NETTRADE_FRED_SA,FRED(OECD转载财务省),VALIDATED_MIRROR,,TRADE_OECD_SA,2026-09-05,LATEST_HISTORY_PROXY,PROXY,CURRENT_HISTORY_ONLY_NO_VINTAGE,false,true,true
1984-09-30,1984-09,875399000000.0,875399000000.0,日元(OECD自行季调),M,NETTRADE_FRED_SA,FRED(OECD转载财务省),VALIDATED_MIRROR,,TRADE_OECD_SA,2026-09-05,LATEST_HISTORY_PROXY,PROXY,CURRENT_HISTORY_ONLY_NO_VINTAGE,false,true,true
1984-10-31,1984-10,836500000000,836500000000,日元(OECD自行季调),M,NETTRADE_FRED_SA,FRED(OECD转载财务省),VALIDATED_MIRROR,,TRADE_OECD_SA,2026-09-05,LATEST_HISTORY_PROXY,PROXY,CURRENT_HISTORY_ONLY_NO_VINTAGE,false,true,true
1984-11-30,1984-11,864004000000.0,864004000000.0,日元(OECD自行季调),M,NETTRADE_FRED_SA,FRED(OECD转载财务省),VALIDATED_MIRROR,,TRADE_OECD_SA,2026-09-05,LATEST_HISTORY_PROXY,PROXY,CURRENT_HISTORY_ONLY_NO_VINTAGE,false,true,true
1984-12-31,1984-12,823086000000.0,823086000000.0,日元(OECD自行季调),M,NETTRADE_FRED_SA,FRED(OECD转载财务省),VALIDATED_MIRROR,,TRADE_OECD_SA,2026-09-05,LATEST_HISTORY_PROXY,PROXY,CURRENT_HISTORY_ONLY_NO_VINTAGE,false,true,true
1985-01-31,1985-01,876671000000.0,876671000000.0,日元(OECD自行季调),M,NETTRADE_FRED_SA,FRED(OECD转载财务省),VALIDATED_MIRROR,,TRADE_OECD_SA,2026-09-05,LATEST_HISTORY_PROXY,PROXY,CURRENT_HISTORY_ONLY_NO_VINTAGE,false,true,true
1985-02-28,1985-02,684926000000.0,684926000000.0,日元(OECD自行季调),M,NETTRADE_FRED_SA,FRED(OECD转载财务省),VALIDATED_MIRROR,,TRADE_OECD_SA,2026-09-05,LATEST_HISTORY_PROXY,PROXY,CURRENT_HISTORY_ONLY_NO_VINTAGE,false,true,true
1985-03-31,1985-03,672888000000.0,672888000000.0,日元(OECD自行季调),M,NETTRADE_FRED_SA,FRED(OECD转载财务省),VALIDATED_MIRROR,,TRADE_OECD_SA,2026-09-05,LATEST_HISTORY_PROXY,PROXY,CURRENT_HISTORY_ONLY_NO_VINTAGE,false,true,true
1985-04-30,1985-04,768023000000.0,768023000000.0,日元(OECD自行季调),M,NETTRADE_FRED_SA,FRED(OECD转载财务省),VALIDATED_MIRROR,,TRADE_OECD_SA,2026-09-05,LATEST_HISTORY_PROXY,PROXY,CURRENT_HISTORY_ONLY_NO_VINTAGE,false,true,true
1985-05-31,1985-05,959983000000.0,959983000000.0,日元(OECD自行季调),M,NETTRADE_FRED_SA,FRED(OECD转载财务省),VALIDATED_MIRROR,,TRADE_OECD_SA,2026-09-05,LATEST_HISTORY_PROXY,PROXY,CURRENT_HISTORY_ONLY_NO_VINTAGE,false,true,true
1985-06-30,1985-06,1099824000000.0,1099824000000.0,日元(OECD自行季调),M,NETTRADE_FRED_SA,FRED(OECD转载财务省),VALIDATED_MIRROR,,TRADE_OECD_SA,2026-09-05,LATEST_HISTORY_PROXY,PROXY,CURRENT_HISTORY_ONLY_NO_VINTAGE,false,true,true
1985-07-31,1985-07,959361000000.0,959361000000.0,日元(OECD自行季调),M,NETTRADE_FRED_SA,FRED(OECD转载财务省),VALIDATED_MIRROR,,TRADE_OECD_SA,2026-09-05,LATEST_HISTORY_PROXY,PROXY,CURRENT_HISTORY_ONLY_NO_VINTAGE,false,true,true
1985-08-31,1985-08,969945000000.0,969945000000.0,日元(OECD自行季调),M,NETTRADE_FRED_SA,FRED(OECD转载财务省),VALIDATED_MIRROR,,TRADE_OECD_SA,2026-09-05,LATEST_HISTORY_PROXY,PROXY,CURRENT_HISTORY_ONLY_NO_VINTAGE,false,true,true
1985-09-30,1985-09,890113000000.0,890113000000.0,日元(OECD自行季调),M,NETTRADE_FRED_SA,FRED(OECD转载财务省),VALIDATED_MIRROR,,TRADE_OECD_SA,2026-09-05,LATEST_HISTORY_PROXY,PROXY,CURRENT_HISTORY_ONLY_NO_VINTAGE,false,true,true
1985-10-31,1985-10,934652000000.0,934652000000.0,日元(OECD自行季调),M,NETTRADE_FRED_SA,FRED(OECD转载财务省),VALIDATED_MIRROR,,TRADE_OECD_SA,2026-09-05,LATEST_HISTORY_PROXY,PROXY,CURRENT_HISTORY_ONLY_NO_VINTAGE,false,true,true
1985-11-30,1985-11,1088189000000.0001,1088189000000.0001,日元(OECD自行季调),M,NETTRADE_FRED_SA,FRED(OECD转载财务省),VALIDATED_MIRROR,,TRADE_OECD_SA,2026-09-05,LATEST_HISTORY_PROXY,PROXY,CURRENT_HISTORY_ONLY_NO_VINTAGE,false,true,true
1985-12-31,1985-12,1025926999999.9999,1025926999999.9999,日元(OECD自行季调),M,NETTRADE_FRED_SA,FRED(OECD转载财务省),VALIDATED_MIRROR,,TRADE_OECD_SA,2026-09-05,LATEST_HISTORY_PROXY,PROXY,CURRENT_HISTORY_ONLY_NO_VINTAGE,false,true,true
1986-01-31,1986-01,1043511000000.0,1043511000000.0,日元(OECD自行季调),M,NETTRADE_FRED_SA,FRED(OECD转载财务省),VALIDATED_MIRROR,,TRADE_OECD_SA,2026-09-05,LATEST_HISTORY_PROXY,PROXY,CURRENT_HISTORY_ONLY_NO_VINTAGE,false,true,true
1986-02-28,1986-02,826803000000.0,826803000000.0,日元(OECD自行季调),M,NETTRADE_FRED_SA,FRED(OECD转载财务省),VALIDATED_MIRROR,,TRADE_OECD_SA,2026-09-05,LATEST_HISTORY_PROXY,PROXY,CURRENT_HISTORY_ONLY_NO_VINTAGE,false,true,true
1986-03-31,1986-03,1036367000000.0,1036367000000.0,日元(OECD自行季调),M,NETTRADE_FRED_SA,FRED(OECD转载财务省),VALIDATED_MIRROR,,TRADE_OECD_SA,2026-09-05,LATEST_HISTORY_PROXY,PROXY,CURRENT_HISTORY_ONLY_NO_VINTAGE,false,true,true
1986-04-30,1986-04,1162168000000.0,1162168000000.0,日元(OECD自行季调),M,NETTRADE_FRED_SA,FRED(OECD转载财务省),VALIDATED_MIRROR,,TRADE_OECD_SA,2026-09-05,LATEST_HISTORY_PROXY,PROXY,CURRENT_HISTORY_ONLY_NO_VINTAGE,false,true,true
1986-05-31,1986-05,1365190000000,1365190000000,日元(OECD自行季调),M,NETTRADE_FRED_SA,FRED(OECD转载财务省),VALIDATED_MIRROR,,TRADE_OECD_SA,2026-09-05,LATEST_HISTORY_PROXY,PROXY,CURRENT_HISTORY_ONLY_NO_VINTAGE,false,true,true
1986-06-30,1986-06,1158970000000,1158970000000,日元(OECD自行季调),M,NETTRADE_FRED_SA,FRED(OECD转载财务省),VALIDATED_MIRROR,,TRADE_OECD_SA,2026-09-05,LATEST_HISTORY_PROXY,PROXY,CURRENT_HISTORY_ONLY_NO_VINTAGE,false,true,true
1986-07-31,1986-07,1190077000000.0,1190077000000.0,日元(OECD自行季调),M,NETTRADE_FRED_SA,FRED(OECD转载财务省),VALIDATED_MIRROR,,TRADE_OECD_SA,2026-09-05,LATEST_HISTORY_PROXY,PROXY,CURRENT_HISTORY_ONLY_NO_VINTAGE,false,true,true
1986-08-31,1986-08,1277886000000.0,1277886000000.0,日元(OECD自行季调),M,NETTRADE_FRED_SA,FRED(OECD转载财务省),VALIDATED_MIRROR,,TRADE_OECD_SA,2026-09-05,LATEST_HISTORY_PROXY,PROXY,CURRENT_HISTORY_ONLY_NO_VINTAGE,false,true,true
1986-09-30,1986-09,1221945000000.0,1221945000000.0,日元(OECD自行季调),M,NETTRADE_FRED_SA,FRED(OECD转载财务省),VALIDATED_MIRROR,,TRADE_OECD_SA,2026-09-05,LATEST_HISTORY_PROXY,PROXY,CURRENT_HISTORY_ONLY_NO_VINTAGE,false,true,true
1986-10-31,1986-10,1149732000000.0,1149732000000.0,日元(OECD自行季调),M,NETTRADE_FRED_SA,FRED(OECD转载财务省),VALIDATED_MIRROR,,TRADE_OECD_SA,2026-09-05,LATEST_HISTORY_PROXY,PROXY,CURRENT_HISTORY_ONLY_NO_VINTAGE,false,true,true
1986-11-30,1986-11,1268298000000.0,1268298000000.0,日元(OECD自行季调),M,NETTRADE_FRED_SA,FRED(OECD转载财务省),VALIDATED_MIRROR,,TRADE_OECD_SA,2026-09-05,LATEST_HISTORY_PROXY,PROXY,CURRENT_HISTORY_ONLY_NO_VINTAGE,false,true,true
1986-12-31,1986-12,1123847000000.0,1123847000000.0,日元(OECD自行季调),M,NETTRADE_FRED_SA,FRED(OECD转载财务省),VALIDATED_MIRROR,,TRADE_OECD_SA,2026-09-05,LATEST_HISTORY_PROXY,PROXY,CURRENT_HISTORY_ONLY_NO_VINTAGE,false,true,true
1987-01-31,1987-01,1257547000000.0,1257547000000.0,日元(OECD自行季调),M,NETTRADE_FRED_SA,FRED(OECD转载财务省),VALIDATED_MIRROR,,TRADE_OECD_SA,2026-09-05,LATEST_HISTORY_PROXY,PROXY,CURRENT_HISTORY_ONLY_NO_VINTAGE,false,true,true
1987-02-28,1987-02,1158776000000.0,1158776000000.0,日元(OECD自行季调),M,NETTRADE_FRED_SA,FRED(OECD转载财务省),VALIDATED_MIRROR,,TRADE_OECD_SA,2026-09-05,LATEST_HISTORY_PROXY,PROXY,CURRENT_HISTORY_ONLY_NO_VINTAGE,false,true,true
1987-03-31,1987-03,1052428000000.0001,1052428000000.0001,日元(OECD自行季调),M,NETTRADE_FRED_SA,FRED(OECD转载财务省),VALIDATED_MIRROR,,TRADE_OECD_SA,2026-09-05,LATEST_HISTORY_PROXY,PROXY,CURRENT_HISTORY_ONLY_NO_VINTAGE,false,true,true
1987-04-30,1987-04,1062678000000.0001,1062678000000.0001,日元(OECD自行季调),M,NETTRADE_FRED_SA,FRED(OECD转载财务省),VALIDATED_MIRROR,,TRADE_OECD_SA,2026-09-05,LATEST_HISTORY_PROXY,PROXY,CURRENT_HISTORY_ONLY_NO_VINTAGE,false,true,true
1987-05-31,1987-05,1010325000000.0,1010325000000.0,日元(OECD自行季调),M,NETTRADE_FRED_SA,FRED(OECD转载财务省),VALIDATED_MIRROR,,TRADE_OECD_SA,2026-09-05,LATEST_HISTORY_PROXY,PROXY,CURRENT_HISTORY_ONLY_NO_VINTAGE,false,true,true
1987-06-30,1987-06,877678000000.0,877678000000.0,日元(OECD自行季调),M,NETTRADE_FRED_SA,FRED(OECD转载财务省),VALIDATED_MIRROR,,TRADE_OECD_SA,2026-09-05,LATEST_HISTORY_PROXY,PROXY,CURRENT_HISTORY_ONLY_NO_VINTAGE,false,true,true
1987-07-31,1987-07,900871000000.0,900871000000.0,日元(OECD自行季调),M,NETTRADE_FRED_SA,FRED(OECD转载财务省),VALIDATED_MIRROR,,TRADE_OECD_SA,2026-09-05,LATEST_HISTORY_PROXY,PROXY,CURRENT_HISTORY_ONLY_NO_VINTAGE,false,true,true
1987-08-31,1987-08,907031000000.0,907031000000.0,日元(OECD自行季调),M,NETTRADE_FRED_SA,FRED(OECD转载财务省),VALIDATED_MIRROR,,TRADE_OECD_SA,2026-09-05,LATEST_HISTORY_PROXY,PROXY,CURRENT_HISTORY_ONLY_NO_VINTAGE,false,true,true
1987-09-30,1987-09,879854000000.0,879854000000.0,日元(OECD自行季调),M,NETTRADE_FRED_SA,FRED(OECD转载财务省),VALIDATED_MIRROR,,TRADE_OECD_SA,2026-09-05,LATEST_HISTORY_PROXY,PROXY,CURRENT_HISTORY_ONLY_NO_VINTAGE,false,true,true
1987-10-31,1987-10,949149000000.0,949149000000.0,日元(OECD自行季调),M,NETTRADE_FRED_SA,FRED(OECD转载财务省),VALIDATED_MIRROR,,TRADE_OECD_SA,2026-09-05,LATEST_HISTORY_PROXY,PROXY,CURRENT_HISTORY_ONLY_NO_VINTAGE,false,true,true
1987-11-30,1987-11,739274000000.0,739274000000.0,日元(OECD自行季调),M,NETTRADE_FRED_SA,FRED(OECD转载财务省),VALIDATED_MIRROR,,TRADE_OECD_SA,2026-09-05,LATEST_HISTORY_PROXY,PROXY,CURRENT_HISTORY_ONLY_NO_VINTAGE,false,true,true
1987-12-31,1987-12,860715000000.0,860715000000.0,日元(OECD自行季调),M,NETTRADE_FRED_SA,FRED(OECD转载财务省),VALIDATED_MIRROR,,TRADE_OECD_SA,2026-09-05,LATEST_HISTORY_PROXY,PROXY,CURRENT_HISTORY_ONLY_NO_VINTAGE,false,true,true
1988-01-31,1988-01,900098000000.0,900098000000.0,日元(OECD自行季调),M,NETTRADE_FRED_SA,FRED(OECD转载财务省),VALIDATED_MIRROR,,TRADE_OECD_SA,2026-09-05,LATEST_HISTORY_PROXY,PROXY,CURRENT_HISTORY_ONLY_NO_VINTAGE,false,true,true
1988-02-29,1988-02,692101000000.0,692101000000.0,日元(OECD自行季调),M,NETTRADE_FRED_SA,FRED(OECD转载财务省),VALIDATED_MIRROR,,TRADE_OECD_SA,2026-09-05,LATEST_HISTORY_PROXY,PROXY,CURRENT_HISTORY_ONLY_NO_VINTAGE,false,true,true
1988-03-31,1988-03,750412000000.0,750412000000.0,日元(OECD自行季调),M,NETTRADE_FRED_SA,FRED(OECD转载财务省),VALIDATED_MIRROR,,TRADE_OECD_SA,2026-09-05,LATEST_HISTORY_PROXY,PROXY,CURRENT_HISTORY_ONLY_NO_VINTAGE,false,true,true
1988-04-30,1988-04,837069000000.0,837069000000.0,日元(OECD自行季调),M,NETTRADE_FRED_SA,FRED(OECD转载财务省),VALIDATED_MIRROR,,TRADE_OECD_SA,2026-09-05,LATEST_HISTORY_PROXY,PROXY,CURRENT_HISTORY_ONLY_NO_VINTAGE,false,true,true
1988-05-31,1988-05,774654000000.0,774654000000.0,日元(OECD自行季调),M,NETTRADE_FRED_SA,FRED(OECD转载财务省),VALIDATED_MIRROR,,TRADE_OECD_SA,2026-09-05,LATEST_HISTORY_PROXY,PROXY,CURRENT_HISTORY_ONLY_NO_VINTAGE,false,true,true
1988-06-30,1988-06,671858000000.0,671858000000.0,日元(OECD自行季调),M,NETTRADE_FRED_SA,FRED(OECD转载财务省),VALIDATED_MIRROR,,TRADE_OECD_SA,2026-09-05,LATEST_HISTORY_PROXY,PROXY,CURRENT_HISTORY_ONLY_NO_VINTAGE,false,true,true
1988-07-31,1988-07,820568000000.0,820568000000.0,日元(OECD自行季调),M,NETTRADE_FRED_SA,FRED(OECD转载财务省),VALIDATED_MIRROR,,TRADE_OECD_SA,2026-09-05,LATEST_HISTORY_PROXY,PROXY,CURRENT_HISTORY_ONLY_NO_VINTAGE,false,true,true
1988-08-31,1988-08,804721000000.0,804721000000.0,日元(OECD自行季调),M,NETTRADE_FRED_SA,FRED(OECD转载财务省),VALIDATED_MIRROR,,TRADE_OECD_SA,2026-09-05,LATEST_HISTORY_PROXY,PROXY,CURRENT_HISTORY_ONLY_NO_VINTAGE,false,true,true
1988-09-30,1988-09,831721000000.0,831721000000.0,日元(OECD自行季调),M,NETTRADE_FRED_SA,FRED(OECD转载财务省),VALIDATED_MIRROR,,TRADE_OECD_SA,2026-09-05,LATEST_HISTORY_PROXY,PROXY,CURRENT_HISTORY_ONLY_NO_VINTAGE,false,true,true
1988-10-31,1988-10,983584000000.0,983584000000.0,日元(OECD自行季调),M,NETTRADE_FRED_SA,FRED(OECD转载财务省),VALIDATED_MIRROR,,TRADE_OECD_SA,2026-09-05,LATEST_HISTORY_PROXY,PROXY,CURRENT_HISTORY_ONLY_NO_VINTAGE,false,true,true
1988-11-30,1988-11,944452000000.0,944452000000.0,日元(OECD自行季调),M,NETTRADE_FRED_SA,FRED(OECD转载财务省),VALIDATED_MIRROR,,TRADE_OECD_SA,2026-09-05,LATEST_HISTORY_PROXY,PROXY,CURRENT_HISTORY_ONLY_NO_VINTAGE,false,true,true
1988-12-31,1988-12,929965000000.0,929965000000.0,日元(OECD自行季调),M,NETTRADE_FRED_SA,FRED(OECD转载财务省),VALIDATED_MIRROR,,TRADE_OECD_SA,2026-09-05,LATEST_HISTORY_PROXY,PROXY,CURRENT_HISTORY_ONLY_NO_VINTAGE,false,true,true
1989-01-31,1989-01,950331000000.0,950331000000.0,日元(OECD自行季调),M,NETTRADE_FRED_SA,FRED(OECD转载财务省),VALIDATED_MIRROR,,TRADE_OECD_SA,2026-09-05,LATEST_HISTORY_PROXY,PROXY,CURRENT_HISTORY_ONLY_NO_VINTAGE,false,true,true
1989-02-28,1989-02,927563000000.0,927563000000.0,日元(OECD自行季调),M,NETTRADE_FRED_SA,FRED(OECD转载财务省),VALIDATED_MIRROR,,TRADE_OECD_SA,2026-09-05,LATEST_HISTORY_PROXY,PROXY,CURRENT_HISTORY_ONLY_NO_VINTAGE,false,true,true
1989-03-31,1989-03,569501000000.0,569501000000.0,日元(OECD自行季调),M,NETTRADE_FRED_SA,FRED(OECD转载财务省),VALIDATED_MIRROR,,TRADE_OECD_SA,2026-09-05,LATEST_HISTORY_PROXY,PROXY,CURRENT_HISTORY_ONLY_NO_VINTAGE,false,true,true
1989-04-30,1989-04,961546000000.0,961546000000.0,日元(OECD自行季调),M,NETTRADE_FRED_SA,FRED(OECD转载财务省),VALIDATED_MIRROR,,TRADE_OECD_SA,2026-09-05,LATEST_HISTORY_PROXY,PROXY,CURRENT_HISTORY_ONLY_NO_VINTAGE,false,true,true
1989-05-31,1989-05,665839000000.0,665839000000.0,日元(OECD自行季调),M,NETTRADE_FRED_SA,FRED(OECD转载财务省),VALIDATED_MIRROR,,TRADE_OECD_SA,2026-09-05,LATEST_HISTORY_PROXY,PROXY,CURRENT_HISTORY_ONLY_NO_VINTAGE,false,true,true
1989-06-30,1989-06,655529000000.0,655529000000.0,日元(OECD自行季调),M,NETTRADE_FRED_SA,FRED(OECD转载财务省),VALIDATED_MIRROR,,TRADE_OECD_SA,2026-09-05,LATEST_HISTORY_PROXY,PROXY,CURRENT_HISTORY_ONLY_NO_VINTAGE,false,true,true
1989-07-31,1989-07,738461000000.0,738461000000.0,日元(OECD自行季调),M,NETTRADE_FRED_SA,FRED(OECD转载财务省),VALIDATED_MIRROR,,TRADE_OECD_SA,2026-09-05,LATEST_HISTORY_PROXY,PROXY,CURRENT_HISTORY_ONLY_NO_VINTAGE,false,true,true
1989-08-31,1989-08,642500000000,642500000000,日元(OECD自行季调),M,NETTRADE_FRED_SA,FRED(OECD转载财务省),VALIDATED_MIRROR,,TRADE_OECD_SA,2026-09-05,LATEST_HISTORY_PROXY,PROXY,CURRENT_HISTORY_ONLY_NO_VINTAGE,false,true,true
1989-09-30,1989-09,785572000000.0,785572000000.0,日元(OECD自行季调),M,NETTRADE_FRED_SA,FRED(OECD转载财务省),VALIDATED_MIRROR,,TRADE_OECD_SA,2026-09-05,LATEST_HISTORY_PROXY,PROXY,CURRENT_HISTORY_ONLY_NO_VINTAGE,false,true,true
1989-10-31,1989-10,669678000000.0,669678000000.0,日元(OECD自行季调),M,NETTRADE_FRED_SA,FRED(OECD转载财务省),VALIDATED_MIRROR,,TRADE_OECD_SA,2026-09-05,LATEST_HISTORY_PROXY,PROXY,CURRENT_HISTORY_ONLY_NO_VINTAGE,false,true,true
1989-11-30,1989-11,678040000000,678040000000,日元(OECD自行季调),M,NETTRADE_FRED_SA,FRED(OECD转载财务省),VALIDATED_MIRROR,,TRADE_OECD_SA,2026-09-05,LATEST_HISTORY_PROXY,PROXY,CURRENT_HISTORY_ONLY_NO_VINTAGE,false,true,true
1989-12-31,1989-12,642887000000.0,642887000000.0,日元(OECD自行季调),M,NETTRADE_FRED_SA,FRED(OECD转载财务省),VALIDATED_MIRROR,,TRADE_OECD_SA,2026-09-05,LATEST_HISTORY_PROXY,PROXY,CURRENT_HISTORY_ONLY_NO_VINTAGE,false,true,true
1990-01-31,1990-01,600780000000,600780000000,日元(OECD自行季调),M,NETTRADE_FRED_SA,FRED(OECD转载财务省),VALIDATED_MIRROR,,TRADE_OECD_SA,2026-09-05,LATEST_HISTORY_PROXY,PROXY,CURRENT_HISTORY_ONLY_NO_VINTAGE,false,true,true
1990-02-28,1990-02,653922000000.0,653922000000.0,日元(OECD自行季调),M,NETTRADE_FRED_SA,FRED(OECD转载财务省),VALIDATED_MIRROR,,TRADE_OECD_SA,2026-09-05,LATEST_HISTORY_PROXY,PROXY,CURRENT_HISTORY_ONLY_NO_VINTAGE,false,true,true
1990-03-31,1990-03,700581000000.0,700581000000.0,日元(OECD自行季调),M,NETTRADE_FRED_SA,FRED(OECD转载财务省),VALIDATED_MIRROR,,TRADE_OECD_SA,2026-09-05,LATEST_HISTORY_PROXY,PROXY,CURRENT_HISTORY_ONLY_NO_VINTAGE,false,true,true
1990-04-30,1990-04,575699000000.0,575699000000.0,日元(OECD自行季调),M,NETTRADE_FRED_SA,FRED(OECD转载财务省),VALIDATED_MIRROR,,TRADE_OECD_SA,2026-09-05,LATEST_HISTORY_PROXY,PROXY,CURRENT_HISTORY_ONLY_NO_VINTAGE,false,true,true
1990-05-31,1990-05,684271000000.0,684271000000.0,日元(OECD自行季调),M,NETTRADE_FRED_SA,FRED(OECD转载财务省),VALIDATED_MIRROR,,TRADE_OECD_SA,2026-09-05,LATEST_HISTORY_PROXY,PROXY,CURRENT_HISTORY_ONLY_NO_VINTAGE,false,true,true
1990-06-30,1990-06,905929000000.0,905929000000.0,日元(OECD自行季调),M,NETTRADE_FRED_SA,FRED(OECD转载财务省),VALIDATED_MIRROR,,TRADE_OECD_SA,2026-09-05,LATEST_HISTORY_PROXY,PROXY,CURRENT_HISTORY_ONLY_NO_VINTAGE,false,true,true
1990-07-31,1990-07,698450000000,698450000000,日元(OECD自行季调),M,NETTRADE_FRED_SA,FRED(OECD转载财务省),VALIDATED_MIRROR,,TRADE_OECD_SA,2026-09-05,LATEST_HISTORY_PROXY,PROXY,CURRENT_HISTORY_ONLY_NO_VINTAGE,false,true,true
1990-08-31,1990-08,710469000000.0,710469000000.0,日元(OECD自行季调),M,NETTRADE_FRED_SA,FRED(OECD转载财务省),VALIDATED_MIRROR,,TRADE_OECD_SA,2026-09-05,LATEST_HISTORY_PROXY,PROXY,CURRENT_HISTORY_ONLY_NO_VINTAGE,false,true,true
1990-09-30,1990-09,693809000000.0,693809000000.0,日元(OECD自行季调),M,NETTRADE_FRED_SA,FRED(OECD转载财务省),VALIDATED_MIRROR,,TRADE_OECD_SA,2026-09-05,LATEST_HISTORY_PROXY,PROXY,CURRENT_HISTORY_ONLY_NO_VINTAGE,false,true,true
1990-10-31,1990-10,447447000000.0,447447000000.0,日元(OECD自行季调),M,NETTRADE_FRED_SA,FRED(OECD转载财务省),VALIDATED_MIRROR,,TRADE_OECD_SA,2026-09-05,LATEST_HISTORY_PROXY,PROXY,CURRENT_HISTORY_ONLY_NO_VINTAGE,false,true,true
1990-11-30,1990-11,506415000000.0,506415000000.0,日元(OECD自行季调),M,NETTRADE_FRED_SA,FRED(OECD转载财务省),VALIDATED_MIRROR,,TRADE_OECD_SA,2026-09-05,LATEST_HISTORY_PROXY,PROXY,CURRENT_HISTORY_ONLY_NO_VINTAGE,false,true,true
1990-12-31,1990-12,475919000000.0,475919000000.0,日元(OECD自行季调),M,NETTRADE_FRED_SA,FRED(OECD转载财务省),VALIDATED_MIRROR,,TRADE_OECD_SA,2026-09-05,LATEST_HISTORY_PROXY,PROXY,CURRENT_HISTORY_ONLY_NO_VINTAGE,false,true,true
1991-01-31,1991-01,694112000000.0,694112000000.0,日元(OECD自行季调),M,NETTRADE_FRED_SA,FRED(OECD转载财务省),VALIDATED_MIRROR,,TRADE_OECD_SA,2026-09-05,LATEST_HISTORY_PROXY,PROXY,CURRENT_HISTORY_ONLY_NO_VINTAGE,false,true,true
1991-02-28,1991-02,551754000000.0,551754000000.0,日元(OECD自行季调),M,NETTRADE_FRED_SA,FRED(OECD转载财务省),VALIDATED_MIRROR,,TRADE_OECD_SA,2026-09-05,LATEST_HISTORY_PROXY,PROXY,CURRENT_HISTORY_ONLY_NO_VINTAGE,false,true,true
1991-03-31,1991-03,757662000000.0,757662000000.0,日元(OECD自行季调),M,NETTRADE_FRED_SA,FRED(OECD转载财务省),VALIDATED_MIRROR,,TRADE_OECD_SA,2026-09-05,LATEST_HISTORY_PROXY,PROXY,CURRENT_HISTORY_ONLY_NO_VINTAGE,false,true,true
1991-04-30,1991-04,875766000000.0,875766000000.0,日元(OECD自行季调),M,NETTRADE_FRED_SA,FRED(OECD转载财务省),VALIDATED_MIRROR,,TRADE_OECD_SA,2026-09-05,LATEST_HISTORY_PROXY,PROXY,CURRENT_HISTORY_ONLY_NO_VINTAGE,false,true,true
1991-05-31,1991-05,785395000000.0,785395000000.0,日元(OECD自行季调),M,NETTRADE_FRED_SA,FRED(OECD转载财务省),VALIDATED_MIRROR,,TRADE_OECD_SA,2026-09-05,LATEST_HISTORY_PROXY,PROXY,CURRENT_HISTORY_ONLY_NO_VINTAGE,false,true,true
1991-06-30,1991-06,900139000000.0,900139000000.0,日元(OECD自行季调),M,NETTRADE_FRED_SA,FRED(OECD转载财务省),VALIDATED_MIRROR,,TRADE_OECD_SA,2026-09-05,LATEST_HISTORY_PROXY,PROXY,CURRENT_HISTORY_ONLY_NO_VINTAGE,false,true,true
1991-07-31,1991-07,824625000000.0,824625000000.0,日元(OECD自行季调),M,NETTRADE_FRED_SA,FRED(OECD转载财务省),VALIDATED_MIRROR,,TRADE_OECD_SA,2026-09-05,LATEST_HISTORY_PROXY,PROXY,CURRENT_HISTORY_ONLY_NO_VINTAGE,false,true,true
1991-08-31,1991-08,1005285000000.0,1005285000000.0,日元(OECD自行季调),M,NETTRADE_FRED_SA,FRED(OECD转载财务省),VALIDATED_MIRROR,,TRADE_OECD_SA,2026-09-05,LATEST_HISTORY_PROXY,PROXY,CURRENT_HISTORY_ONLY_NO_VINTAGE,false,true,true
1991-09-30,1991-09,1029593000000.0001,1029593000000.0001,日元(OECD自行季调),M,NETTRADE_FRED_SA,FRED(OECD转载财务省),VALIDATED_MIRROR,,TRADE_OECD_SA,2026-09-05,LATEST_HISTORY_PROXY,PROXY,CURRENT_HISTORY_ONLY_NO_VINTAGE,false,true,true
1991-10-31,1991-10,951809000000.0,951809000000.0,日元(OECD自行季调),M,NETTRADE_FRED_SA,FRED(OECD转载财务省),VALIDATED_MIRROR,,TRADE_OECD_SA,2026-09-05,LATEST_HISTORY_PROXY,PROXY,CURRENT_HISTORY_ONLY_NO_VINTAGE,false,true,true
1991-11-30,1991-11,1073086000000.0,1073086000000.0,日元(OECD自行季调),M,NETTRADE_FRED_SA,FRED(OECD转载财务省),VALIDATED_MIRROR,,TRADE_OECD_SA,2026-09-05,LATEST_HISTORY_PROXY,PROXY,CURRENT_HISTORY_ONLY_NO_VINTAGE,false,true,true
1991-12-31,1991-12,1049184000000.0,1049184000000.0,日元(OECD自行季调),M,NETTRADE_FRED_SA,FRED(OECD转载财务省),VALIDATED_MIRROR,,TRADE_OECD_SA,2026-09-05,LATEST_HISTORY_PROXY,PROXY,CURRENT_HISTORY_ONLY_NO_VINTAGE,false,true,true
1992-01-31,1992-01,1025647999999.9999,1025647999999.9999,日元(OECD自行季调),M,NETTRADE_FRED_SA,FRED(OECD转载财务省),VALIDATED_MIRROR,,TRADE_OECD_SA,2026-09-05,LATEST_HISTORY_PROXY,PROXY,CURRENT_HISTORY_ONLY_NO_VINTAGE,false,true,true
1992-02-29,1992-02,1186384000000.0,1186384000000.0,日元(OECD自行季调),M,NETTRADE_FRED_SA,FRED(OECD转载财务省),VALIDATED_MIRROR,,TRADE_OECD_SA,2026-09-05,LATEST_HISTORY_PROXY,PROXY,CURRENT_HISTORY_ONLY_NO_VINTAGE,false,true,true
1992-03-31,1992-03,1036027000000.0,1036027000000.0,日元(OECD自行季调),M,NETTRADE_FRED_SA,FRED(OECD转载财务省),VALIDATED_MIRROR,,TRADE_OECD_SA,2026-09-05,LATEST_HISTORY_PROXY,PROXY,CURRENT_HISTORY_ONLY_NO_VINTAGE,false,true,true
1992-04-30,1992-04,942301000000.0,942301000000.0,日元(OECD自行季调),M,NETTRADE_FRED_SA,FRED(OECD转载财务省),VALIDATED_MIRROR,,TRADE_OECD_SA,2026-09-05,LATEST_HISTORY_PROXY,PROXY,CURRENT_HISTORY_ONLY_NO_VINTAGE,false,true,true
1992-05-31,1992-05,1256614000000.0,1256614000000.0,日元(OECD自行季调),M,NETTRADE_FRED_SA,FRED(OECD转载财务省),VALIDATED_MIRROR,,TRADE_OECD_SA,2026-09-05,LATEST_HISTORY_PROXY,PROXY,CURRENT_HISTORY_ONLY_NO_VINTAGE,false,true,true
1992-06-30,1992-06,1048731000000.0,1048731000000.0,日元(OECD自行季调),M,NETTRADE_FRED_SA,FRED(OECD转载财务省),VALIDATED_MIRROR,,TRADE_OECD_SA,2026-09-05,LATEST_HISTORY_PROXY,PROXY,CURRENT_HISTORY_ONLY_NO_VINTAGE,false,true,true
1992-07-31,1992-07,1082009000000.0,1082009000000.0,日元(OECD自行季调),M,NETTRADE_FRED_SA,FRED(OECD转载财务省),VALIDATED_MIRROR,,TRADE_OECD_SA,2026-09-05,LATEST_HISTORY_PROXY,PROXY,CURRENT_HISTORY_ONLY_NO_VINTAGE,false,true,true
1992-08-31,1992-08,1132439000000.0,1132439000000.0,日元(OECD自行季调),M,NETTRADE_FRED_SA,FRED(OECD转载财务省),VALIDATED_MIRROR,,TRADE_OECD_SA,2026-09-05,LATEST_HISTORY_PROXY,PROXY,CURRENT_HISTORY_ONLY_NO_VINTAGE,false,true,true
1992-09-30,1992-09,1207987000000.0,1207987000000.0,日元(OECD自行季调),M,NETTRADE_FRED_SA,FRED(OECD转载财务省),VALIDATED_MIRROR,,TRADE_OECD_SA,2026-09-05,LATEST_HISTORY_PROXY,PROXY,CURRENT_HISTORY_ONLY_NO_VINTAGE,false,true,true
1992-10-31,1992-10,1312950000000,1312950000000,日元(OECD自行季调),M,NETTRADE_FRED_SA,FRED(OECD转载财务省),VALIDATED_MIRROR,,TRADE_OECD_SA,2026-09-05,LATEST_HISTORY_PROXY,PROXY,CURRENT_HISTORY_ONLY_NO_VINTAGE,false,true,true
1992-11-30,1992-11,1146640000000,1146640000000,日元(OECD自行季调),M,NETTRADE_FRED_SA,FRED(OECD转载财务省),VALIDATED_MIRROR,,TRADE_OECD_SA,2026-09-05,LATEST_HISTORY_PROXY,PROXY,CURRENT_HISTORY_ONLY_NO_VINTAGE,false,true,true
1992-12-31,1992-12,1118273000000.0,1118273000000.0,日元(OECD自行季调),M,NETTRADE_FRED_SA,FRED(OECD转载财务省),VALIDATED_MIRROR,,TRADE_OECD_SA,2026-09-05,LATEST_HISTORY_PROXY,PROXY,CURRENT_HISTORY_ONLY_NO_VINTAGE,false,true,true
1993-01-31,1993-01,1184846000000.0,1184846000000.0,日元(OECD自行季调),M,NETTRADE_FRED_SA,FRED(OECD转载财务省),VALIDATED_MIRROR,,TRADE_OECD_SA,2026-09-05,LATEST_HISTORY_PROXY,PROXY,CURRENT_HISTORY_ONLY_NO_VINTAGE,false,true,true
1993-02-28,1993-02,1197390000000,1197390000000,日元(OECD自行季调),M,NETTRADE_FRED_SA,FRED(OECD转载财务省),VALIDATED_MIRROR,,TRADE_OECD_SA,2026-09-05,LATEST_HISTORY_PROXY,PROXY,CURRENT_HISTORY_ONLY_NO_VINTAGE,false,true,true
1993-03-31,1993-03,1168706000000.0,1168706000000.0,日元(OECD自行季调),M,NETTRADE_FRED_SA,FRED(OECD转载财务省),VALIDATED_MIRROR,,TRADE_OECD_SA,2026-09-05,LATEST_HISTORY_PROXY,PROXY,CURRENT_HISTORY_ONLY_NO_VINTAGE,false,true,true
1993-04-30,1993-04,1160226000000.0,1160226000000.0,日元(OECD自行季调),M,NETTRADE_FRED_SA,FRED(OECD转载财务省),VALIDATED_MIRROR,,TRADE_OECD_SA,2026-09-05,LATEST_HISTORY_PROXY,PROXY,CURRENT_HISTORY_ONLY_NO_VINTAGE,false,true,true
1993-05-31,1993-05,1083291999999.9999,1083291999999.9999,日元(OECD自行季调),M,NETTRADE_FRED_SA,FRED(OECD转载财务省),VALIDATED_MIRROR,,TRADE_OECD_SA,2026-09-05,LATEST_HISTORY_PROXY,PROXY,CURRENT_HISTORY_ONLY_NO_VINTAGE,false,true,true
1993-06-30,1993-06,992609000000.0,992609000000.0,日元(OECD自行季调),M,NETTRADE_FRED_SA,FRED(OECD转载财务省),VALIDATED_MIRROR,,TRADE_OECD_SA,2026-09-05,LATEST_HISTORY_PROXY,PROXY,CURRENT_HISTORY_ONLY_NO_VINTAGE,false,true,true
1993-07-31,1993-07,1224655000000.0,1224655000000.0,日元(OECD自行季调),M,NETTRADE_FRED_SA,FRED(OECD转载财务省),VALIDATED_MIRROR,,TRADE_OECD_SA,2026-09-05,LATEST_HISTORY_PROXY,PROXY,CURRENT_HISTORY_ONLY_NO_VINTAGE,false,true,true
1993-08-31,1993-08,1013451000000.0,1013451000000.0,日元(OECD自行季调),M,NETTRADE_FRED_SA,FRED(OECD转载财务省),VALIDATED_MIRROR,,TRADE_OECD_SA,2026-09-05,LATEST_HISTORY_PROXY,PROXY,CURRENT_HISTORY_ONLY_NO_VINTAGE,false,true,true
1993-09-30,1993-09,1057943000000.0,1057943000000.0,日元(OECD自行季调),M,NETTRADE_FRED_SA,FRED(OECD转载财务省),VALIDATED_MIRROR,,TRADE_OECD_SA,2026-09-05,LATEST_HISTORY_PROXY,PROXY,CURRENT_HISTORY_ONLY_NO_VINTAGE,false,true,true
1993-10-31,1993-10,1162965000000.0,1162965000000.0,日元(OECD自行季调),M,NETTRADE_FRED_SA,FRED(OECD转载财务省),VALIDATED_MIRROR,,TRADE_OECD_SA,2026-09-05,LATEST_HISTORY_PROXY,PROXY,CURRENT_HISTORY_ONLY_NO_VINTAGE,false,true,true
1993-11-30,1993-11,961872000000.0,961872000000.0,日元(OECD自行季调),M,NETTRADE_FRED_SA,FRED(OECD转载财务省),VALIDATED_MIRROR,,TRADE_OECD_SA,2026-09-05,LATEST_HISTORY_PROXY,PROXY,CURRENT_HISTORY_ONLY_NO_VINTAGE,false,true,true
1993-12-31,1993-12,1130336000000.0,1130336000000.0,日元(OECD自行季调),M,NETTRADE_FRED_SA,FRED(OECD转载财务省),VALIDATED_MIRROR,,TRADE_OECD_SA,2026-09-05,LATEST_HISTORY_PROXY,PROXY,CURRENT_HISTORY_ONLY_NO_VINTAGE,false,true,true
1994-01-31,1994-01,1173030000000,1173030000000,日元(OECD自行季调),M,NETTRADE_FRED_SA,FRED(OECD转载财务省),VALIDATED_MIRROR,,TRADE_OECD_SA,2026-09-05,LATEST_HISTORY_PROXY,PROXY,CURRENT_HISTORY_ONLY_NO_VINTAGE,false,true,true
1994-02-28,1994-02,1078218000000.0001,1078218000000.0001,日元(OECD自行季调),M,NETTRADE_FRED_SA,FRED(OECD转载财务省),VALIDATED_MIRROR,,TRADE_OECD_SA,2026-09-05,LATEST_HISTORY_PROXY,PROXY,CURRENT_HISTORY_ONLY_NO_VINTAGE,false,true,true
1994-03-31,1994-03,1102262000000.0,1102262000000.0,日元(OECD自行季调),M,NETTRADE_FRED_SA,FRED(OECD转载财务省),VALIDATED_MIRROR,,TRADE_OECD_SA,2026-09-05,LATEST_HISTORY_PROXY,PROXY,CURRENT_HISTORY_ONLY_NO_VINTAGE,false,true,true
1994-04-30,1994-04,1134292000000.0,1134292000000.0,日元(OECD自行季调),M,NETTRADE_FRED_SA,FRED(OECD转载财务省),VALIDATED_MIRROR,,TRADE_OECD_SA,2026-09-05,LATEST_HISTORY_PROXY,PROXY,CURRENT_HISTORY_ONLY_NO_VINTAGE,false,true,true
1994-05-31,1994-05,901920000000,901920000000,日元(OECD自行季调),M,NETTRADE_FRED_SA,FRED(OECD转载财务省),VALIDATED_MIRROR,,TRADE_OECD_SA,2026-09-05,LATEST_HISTORY_PROXY,PROXY,CURRENT_HISTORY_ONLY_NO_VINTAGE,false,true,true
1994-06-30,1994-06,1115252000000.0,1115252000000.0,日元(OECD自行季调),M,NETTRADE_FRED_SA,FRED(OECD转载财务省),VALIDATED_MIRROR,,TRADE_OECD_SA,2026-09-05,LATEST_HISTORY_PROXY,PROXY,CURRENT_HISTORY_ONLY_NO_VINTAGE,false,true,true
1994-07-31,1994-07,1172483000000.0,1172483000000.0,日元(OECD自行季调),M,NETTRADE_FRED_SA,FRED(OECD转载财务省),VALIDATED_MIRROR,,TRADE_OECD_SA,2026-09-05,LATEST_HISTORY_PROXY,PROXY,CURRENT_HISTORY_ONLY_NO_VINTAGE,false,true,true
1994-08-31,1994-08,849066000000.0,849066000000.0,日元(OECD自行季调),M,NETTRADE_FRED_SA,FRED(OECD转载财务省),VALIDATED_MIRROR,,TRADE_OECD_SA,2026-09-05,LATEST_HISTORY_PROXY,PROXY,CURRENT_HISTORY_ONLY_NO_VINTAGE,false,true,true
1994-09-30,1994-09,940556000000.0,940556000000.0,日元(OECD自行季调),M,NETTRADE_FRED_SA,FRED(OECD转载财务省),VALIDATED_MIRROR,,TRADE_OECD_SA,2026-09-05,LATEST_HISTORY_PROXY,PROXY,CURRENT_HISTORY_ONLY_NO_VINTAGE,false,true,true
1994-10-31,1994-10,931818000000.0,931818000000.0,日元(OECD自行季调),M,NETTRADE_FRED_SA,FRED(OECD转载财务省),VALIDATED_MIRROR,,TRADE_OECD_SA,2026-09-05,LATEST_HISTORY_PROXY,PROXY,CURRENT_HISTORY_ONLY_NO_VINTAGE,false,true,true
1994-11-30,1994-11,957588000000.0,957588000000.0,日元(OECD自行季调),M,NETTRADE_FRED_SA,FRED(OECD转载财务省),VALIDATED_MIRROR,,TRADE_OECD_SA,2026-09-05,LATEST_HISTORY_PROXY,PROXY,CURRENT_HISTORY_ONLY_NO_VINTAGE,false,true,true
1994-12-31,1994-12,982586000000.0,982586000000.0,日元(OECD自行季调),M,NETTRADE_FRED_SA,FRED(OECD转载财务省),VALIDATED_MIRROR,,TRADE_OECD_SA,2026-09-05,LATEST_HISTORY_PROXY,PROXY,CURRENT_HISTORY_ONLY_NO_VINTAGE,false,true,true
1995-01-31,1995-01,729095000000.0,729095000000.0,日元(OECD自行季调),M,NETTRADE_FRED_SA,FRED(OECD转载财务省),VALIDATED_MIRROR,,TRADE_OECD_SA,2026-09-05,LATEST_HISTORY_PROXY,PROXY,CURRENT_HISTORY_ONLY_NO_VINTAGE,false,true,true
1995-02-28,1995-02,1010547000000.0,1010547000000.0,日元(OECD自行季调),M,NETTRADE_FRED_SA,FRED(OECD转载财务省),VALIDATED_MIRROR,,TRADE_OECD_SA,2026-09-05,LATEST_HISTORY_PROXY,PROXY,CURRENT_HISTORY_ONLY_NO_VINTAGE,false,true,true
1995-03-31,1995-03,977708000000.0,977708000000.0,日元(OECD自行季调),M,NETTRADE_FRED_SA,FRED(OECD转载财务省),VALIDATED_MIRROR,,TRADE_OECD_SA,2026-09-05,LATEST_HISTORY_PROXY,PROXY,CURRENT_HISTORY_ONLY_NO_VINTAGE,false,true,true
1995-04-30,1995-04,916466000000.0,916466000000.0,日元(OECD自行季调),M,NETTRADE_FRED_SA,FRED(OECD转载财务省),VALIDATED_MIRROR,,TRADE_OECD_SA,2026-09-05,LATEST_HISTORY_PROXY,PROXY,CURRENT_HISTORY_ONLY_NO_VINTAGE,false,true,true
1995-05-31,1995-05,813480000000,813480000000,日元(OECD自行季调),M,NETTRADE_FRED_SA,FRED(OECD转载财务省),VALIDATED_MIRROR,,TRADE_OECD_SA,2026-09-05,LATEST_HISTORY_PROXY,PROXY,CURRENT_HISTORY_ONLY_NO_VINTAGE,false,true,true
1995-06-30,1995-06,915037000000.0,915037000000.0,日元(OECD自行季调),M,NETTRADE_FRED_SA,FRED(OECD转载财务省),VALIDATED_MIRROR,,TRADE_OECD_SA,2026-09-05,LATEST_HISTORY_PROXY,PROXY,CURRENT_HISTORY_ONLY_NO_VINTAGE,false,true,true
1995-07-31,1995-07,781608000000.0,781608000000.0,日元(OECD自行季调),M,NETTRADE_FRED_SA,FRED(OECD转载财务省),VALIDATED_MIRROR,,TRADE_OECD_SA,2026-09-05,LATEST_HISTORY_PROXY,PROXY,CURRENT_HISTORY_ONLY_NO_VINTAGE,false,true,true
1995-08-31,1995-08,773389000000.0,773389000000.0,日元(OECD自行季调),M,NETTRADE_FRED_SA,FRED(OECD转载财务省),VALIDATED_MIRROR,,TRADE_OECD_SA,2026-09-05,LATEST_HISTORY_PROXY,PROXY,CURRENT_HISTORY_ONLY_NO_VINTAGE,false,true,true
1995-09-30,1995-09,869014000000.0,869014000000.0,日元(OECD自行季调),M,NETTRADE_FRED_SA,FRED(OECD转载财务省),VALIDATED_MIRROR,,TRADE_OECD_SA,2026-09-05,LATEST_HISTORY_PROXY,PROXY,CURRENT_HISTORY_ONLY_NO_VINTAGE,false,true,true
1995-10-31,1995-10,568637000000.0,568637000000.0,日元(OECD自行季调),M,NETTRADE_FRED_SA,FRED(OECD转载财务省),VALIDATED_MIRROR,,TRADE_OECD_SA,2026-09-05,LATEST_HISTORY_PROXY,PROXY,CURRENT_HISTORY_ONLY_NO_VINTAGE,false,true,true
1995-11-30,1995-11,747477000000.0,747477000000.0,日元(OECD自行季调),M,NETTRADE_FRED_SA,FRED(OECD转载财务省),VALIDATED_MIRROR,,TRADE_OECD_SA,2026-09-05,LATEST_HISTORY_PROXY,PROXY,CURRENT_HISTORY_ONLY_NO_VINTAGE,false,true,true
1995-12-31,1995-12,768678000000.0,768678000000.0,日元(OECD自行季调),M,NETTRADE_FRED_SA,FRED(OECD转载财务省),VALIDATED_MIRROR,,TRADE_OECD_SA,2026-09-05,LATEST_HISTORY_PROXY,PROXY,CURRENT_HISTORY_ONLY_NO_VINTAGE,false,true,true
1996-01-31,1996-01,547378000000.00006,547378000000.00006,日元(OECD自行季调),M,NETTRADE_FRED_SA,FRED(OECD转载财务省),VALIDATED_MIRROR,,TRADE_OECD_SA,2026-09-05,LATEST_HISTORY_PROXY,PROXY,CURRENT_HISTORY_ONLY_NO_VINTAGE,false,true,true
1996-02-29,1996-02,537761999999.99994,537761999999.99994,日元(OECD自行季调),M,NETTRADE_FRED_SA,FRED(OECD转载财务省),VALIDATED_MIRROR,,TRADE_OECD_SA,2026-09-05,LATEST_HISTORY_PROXY,PROXY,CURRENT_HISTORY_ONLY_NO_VINTAGE,false,true,true
1996-03-31,1996-03,853258000000.0,853258000000.0,日元(OECD自行季调),M,NETTRADE_FRED_SA,FRED(OECD转载财务省),VALIDATED_MIRROR,,TRADE_OECD_SA,2026-09-05,LATEST_HISTORY_PROXY,PROXY,CURRENT_HISTORY_ONLY_NO_VINTAGE,false,true,true
1996-04-30,1996-04,323711000000.0,323711000000.0,日元(OECD自行季调),M,NETTRADE_FRED_SA,FRED(OECD转载财务省),VALIDATED_MIRROR,,TRADE_OECD_SA,2026-09-05,LATEST_HISTORY_PROXY,PROXY,CURRENT_HISTORY_ONLY_NO_VINTAGE,false,true,true
1996-05-31,1996-05,460046000000.0,460046000000.0,日元(OECD自行季调),M,NETTRADE_FRED_SA,FRED(OECD转载财务省),VALIDATED_MIRROR,,TRADE_OECD_SA,2026-09-05,LATEST_HISTORY_PROXY,PROXY,CURRENT_HISTORY_ONLY_NO_VINTAGE,false,true,true
1996-06-30,1996-06,630249000000.0,630249000000.0,日元(OECD自行季调),M,NETTRADE_FRED_SA,FRED(OECD转载财务省),VALIDATED_MIRROR,,TRADE_OECD_SA,2026-09-05,LATEST_HISTORY_PROXY,PROXY,CURRENT_HISTORY_ONLY_NO_VINTAGE,false,true,true
1996-07-31,1996-07,476075000000.0,476075000000.0,日元(OECD自行季调),M,NETTRADE_FRED_SA,FRED(OECD转载财务省),VALIDATED_MIRROR,,TRADE_OECD_SA,2026-09-05,LATEST_HISTORY_PROXY,PROXY,CURRENT_HISTORY_ONLY_NO_VINTAGE,false,true,true
1996-08-31,1996-08,590382000000.0,590382000000.0,日元(OECD自行季调),M,NETTRADE_FRED_SA,FRED(OECD转载财务省),VALIDATED_MIRROR,,TRADE_OECD_SA,2026-09-05,LATEST_HISTORY_PROXY,PROXY,CURRENT_HISTORY_ONLY_NO_VINTAGE,false,true,true
1996-09-30,1996-09,523830000000.00006,523830000000.00006,日元(OECD自行季调),M,NETTRADE_FRED_SA,FRED(OECD转载财务省),VALIDATED_MIRROR,,TRADE_OECD_SA,2026-09-05,LATEST_HISTORY_PROXY,PROXY,CURRENT_HISTORY_ONLY_NO_VINTAGE,false,true,true
1996-10-31,1996-10,483282000000.0,483282000000.0,日元(OECD自行季调),M,NETTRADE_FRED_SA,FRED(OECD转载财务省),VALIDATED_MIRROR,,TRADE_OECD_SA,2026-09-05,LATEST_HISTORY_PROXY,PROXY,CURRENT_HISTORY_ONLY_NO_VINTAGE,false,true,true
1996-11-30,1996-11,706256000000.0,706256000000.0,日元(OECD自行季调),M,NETTRADE_FRED_SA,FRED(OECD转载财务省),VALIDATED_MIRROR,,TRADE_OECD_SA,2026-09-05,LATEST_HISTORY_PROXY,PROXY,CURRENT_HISTORY_ONLY_NO_VINTAGE,false,true,true
1996-12-31,1996-12,543190000000.00006,543190000000.00006,日元(OECD自行季调),M,NETTRADE_FRED_SA,FRED(OECD转载财务省),VALIDATED_MIRROR,,TRADE_OECD_SA,2026-09-05,LATEST_HISTORY_PROXY,PROXY,CURRENT_HISTORY_ONLY_NO_VINTAGE,false,true,true
1997-01-31,1997-01,513600000000,513600000000,日元(OECD自行季调),M,NETTRADE_FRED_SA,FRED(OECD转载财务省),VALIDATED_MIRROR,,TRADE_OECD_SA,2026-09-05,LATEST_HISTORY_PROXY,PROXY,CURRENT_HISTORY_ONLY_NO_VINTAGE,false,true,true
1997-02-28,1997-02,592426000000.0,592426000000.0,日元(OECD自行季调),M,NETTRADE_FRED_SA,FRED(OECD转载财务省),VALIDATED_MIRROR,,TRADE_OECD_SA,2026-09-05,LATEST_HISTORY_PROXY,PROXY,CURRENT_HISTORY_ONLY_NO_VINTAGE,false,true,true
1997-03-31,1997-03,594049000000.0,594049000000.0,日元(OECD自行季调),M,NETTRADE_FRED_SA,FRED(OECD转载财务省),VALIDATED_MIRROR,,TRADE_OECD_SA,2026-09-05,LATEST_HISTORY_PROXY,PROXY,CURRENT_HISTORY_ONLY_NO_VINTAGE,false,true,true
1997-04-30,1997-04,810933000000.0,810933000000.0,日元(OECD自行季调),M,NETTRADE_FRED_SA,FRED(OECD转载财务省),VALIDATED_MIRROR,,TRADE_OECD_SA,2026-09-05,LATEST_HISTORY_PROXY,PROXY,CURRENT_HISTORY_ONLY_NO_VINTAGE,false,true,true
1997-05-31,1997-05,1003135000000.0,1003135000000.0,日元(OECD自行季调),M,NETTRADE_FRED_SA,FRED(OECD转载财务省),VALIDATED_MIRROR,,TRADE_OECD_SA,2026-09-05,LATEST_HISTORY_PROXY,PROXY,CURRENT_HISTORY_ONLY_NO_VINTAGE,false,true,true
1997-06-30,1997-06,844035000000.0,844035000000.0,日元(OECD自行季调),M,NETTRADE_FRED_SA,FRED(OECD转载财务省),VALIDATED_MIRROR,,TRADE_OECD_SA,2026-09-05,LATEST_HISTORY_PROXY,PROXY,CURRENT_HISTORY_ONLY_NO_VINTAGE,false,true,true
1997-07-31,1997-07,796050000000,796050000000,日元(OECD自行季调),M,NETTRADE_FRED_SA,FRED(OECD转载财务省),VALIDATED_MIRROR,,TRADE_OECD_SA,2026-09-05,LATEST_HISTORY_PROXY,PROXY,CURRENT_HISTORY_ONLY_NO_VINTAGE,false,true,true
1997-08-31,1997-08,992847000000.0,992847000000.0,日元(OECD自行季调),M,NETTRADE_FRED_SA,FRED(OECD转载财务省),VALIDATED_MIRROR,,TRADE_OECD_SA,2026-09-05,LATEST_HISTORY_PROXY,PROXY,CURRENT_HISTORY_ONLY_NO_VINTAGE,false,true,true
1997-09-30,1997-09,764475000000.0,764475000000.0,日元(OECD自行季调),M,NETTRADE_FRED_SA,FRED(OECD转载财务省),VALIDATED_MIRROR,,TRADE_OECD_SA,2026-09-05,LATEST_HISTORY_PROXY,PROXY,CURRENT_HISTORY_ONLY_NO_VINTAGE,false,true,true
1997-10-31,1997-10,1074368999999.9999,1074368999999.9999,日元(OECD自行季调),M,NETTRADE_FRED_SA,FRED(OECD转载财务省),VALIDATED_MIRROR,,TRADE_OECD_SA,2026-09-05,LATEST_HISTORY_PROXY,PROXY,CURRENT_HISTORY_ONLY_NO_VINTAGE,false,true,true
1997-11-30,1997-11,1086227000000.0001,1086227000000.0001,日元(OECD自行季调),M,NETTRADE_FRED_SA,FRED(OECD转载财务省),VALIDATED_MIRROR,,TRADE_OECD_SA,2026-09-05,LATEST_HISTORY_PROXY,PROXY,CURRENT_HISTORY_ONLY_NO_VINTAGE,false,true,true
1997-12-31,1997-12,913037000000.0,913037000000.0,日元(OECD自行季调),M,NETTRADE_FRED_SA,FRED(OECD转载财务省),VALIDATED_MIRROR,,TRADE_OECD_SA,2026-09-05,LATEST_HISTORY_PROXY,PROXY,CURRENT_HISTORY_ONLY_NO_VINTAGE,false,true,true
1998-01-31,1998-01,957939000000.0,957939000000.0,日元(OECD自行季调),M,NETTRADE_FRED_SA,FRED(OECD转载财务省),VALIDATED_MIRROR,,TRADE_OECD_SA,2026-09-05,LATEST_HISTORY_PROXY,PROXY,CURRENT_HISTORY_ONLY_NO_VINTAGE,false,true,true
1998-02-28,1998-02,1127781000000.0,1127781000000.0,日元(OECD自行季调),M,NETTRADE_FRED_SA,FRED(OECD转载财务省),VALIDATED_MIRROR,,TRADE_OECD_SA,2026-09-05,LATEST_HISTORY_PROXY,PROXY,CURRENT_HISTORY_ONLY_NO_VINTAGE,false,true,true
1998-03-31,1998-03,1182825000000.0,1182825000000.0,日元(OECD自行季调),M,NETTRADE_FRED_SA,FRED(OECD转载财务省),VALIDATED_MIRROR,,TRADE_OECD_SA,2026-09-05,LATEST_HISTORY_PROXY,PROXY,CURRENT_HISTORY_ONLY_NO_VINTAGE,false,true,true
1998-04-30,1998-04,1169719000000.0,1169719000000.0,日元(OECD自行季调),M,NETTRADE_FRED_SA,FRED(OECD转载财务省),VALIDATED_MIRROR,,TRADE_OECD_SA,2026-09-05,LATEST_HISTORY_PROXY,PROXY,CURRENT_HISTORY_ONLY_NO_VINTAGE,false,true,true
1998-05-31,1998-05,1412451000000.0,1412451000000.0,日元(OECD自行季调),M,NETTRADE_FRED_SA,FRED(OECD转载财务省),VALIDATED_MIRROR,,TRADE_OECD_SA,2026-09-05,LATEST_HISTORY_PROXY,PROXY,CURRENT_HISTORY_ONLY_NO_VINTAGE,false,true,true
1998-06-30,1998-06,1165875000000.0,1165875000000.0,日元(OECD自行季调),M,NETTRADE_FRED_SA,FRED(OECD转载财务省),VALIDATED_MIRROR,,TRADE_OECD_SA,2026-09-05,LATEST_HISTORY_PROXY,PROXY,CURRENT_HISTORY_ONLY_NO_VINTAGE,false,true,true
1998-07-31,1998-07,1209463000000.0,1209463000000.0,日元(OECD自行季调),M,NETTRADE_FRED_SA,FRED(OECD转载财务省),VALIDATED_MIRROR,,TRADE_OECD_SA,2026-09-05,LATEST_HISTORY_PROXY,PROXY,CURRENT_HISTORY_ONLY_NO_VINTAGE,false,true,true
1998-08-31,1998-08,1130261000000.0,1130261000000.0,日元(OECD自行季调),M,NETTRADE_FRED_SA,FRED(OECD转载财务省),VALIDATED_MIRROR,,TRADE_OECD_SA,2026-09-05,LATEST_HISTORY_PROXY,PROXY,CURRENT_HISTORY_ONLY_NO_VINTAGE,false,true,true
1998-09-30,1998-09,1191969000000.0,1191969000000.0,日元(OECD自行季调),M,NETTRADE_FRED_SA,FRED(OECD转载财务省),VALIDATED_MIRROR,,TRADE_OECD_SA,2026-09-05,LATEST_HISTORY_PROXY,PROXY,CURRENT_HISTORY_ONLY_NO_VINTAGE,false,true,true
1998-10-31,1998-10,1226829000000.0,1226829000000.0,日元(OECD自行季调),M,NETTRADE_FRED_SA,FRED(OECD转载财务省),VALIDATED_MIRROR,,TRADE_OECD_SA,2026-09-05,LATEST_HISTORY_PROXY,PROXY,CURRENT_HISTORY_ONLY_NO_VINTAGE,false,true,true
1998-11-30,1998-11,1165411000000.0,1165411000000.0,日元(OECD自行季调),M,NETTRADE_FRED_SA,FRED(OECD转载财务省),VALIDATED_MIRROR,,TRADE_OECD_SA,2026-09-05,LATEST_HISTORY_PROXY,PROXY,CURRENT_HISTORY_ONLY_NO_VINTAGE,false,true,true
1998-12-31,1998-12,1313484000000.0,1313484000000.0,日元(OECD自行季调),M,NETTRADE_FRED_SA,FRED(OECD转载财务省),VALIDATED_MIRROR,,TRADE_OECD_SA,2026-09-05,LATEST_HISTORY_PROXY,PROXY,CURRENT_HISTORY_ONLY_NO_VINTAGE,false,true,true
1999-01-31,1999-01,1151291000000.0,1151291000000.0,日元(OECD自行季调),M,NETTRADE_FRED_SA,FRED(OECD转载财务省),VALIDATED_MIRROR,,TRADE_OECD_SA,2026-09-05,LATEST_HISTORY_PROXY,PROXY,CURRENT_HISTORY_ONLY_NO_VINTAGE,false,true,true
1999-02-28,1999-02,745766000000.0,745766000000.0,日元(OECD自行季调),M,NETTRADE_FRED_SA,FRED(OECD转载财务省),VALIDATED_MIRROR,,TRADE_OECD_SA,2026-09-05,LATEST_HISTORY_PROXY,PROXY,CURRENT_HISTORY_ONLY_NO_VINTAGE,false,true,true
1999-03-31,1999-03,1151490000000,1151490000000,日元(OECD自行季调),M,NETTRADE_FRED_SA,FRED(OECD转载财务省),VALIDATED_MIRROR,,TRADE_OECD_SA,2026-09-05,LATEST_HISTORY_PROXY,PROXY,CURRENT_HISTORY_ONLY_NO_VINTAGE,false,true,true
1999-04-30,1999-04,985843000000.0,985843000000.0,日元(OECD自行季调),M,NETTRADE_FRED_SA,FRED(OECD转载财务省),VALIDATED_MIRROR,,TRADE_OECD_SA,2026-09-05,LATEST_HISTORY_PROXY,PROXY,CURRENT_HISTORY_ONLY_NO_VINTAGE,false,true,true
1999-05-31,1999-05,1086358999999.9999,1086358999999.9999,日元(OECD自行季调),M,NETTRADE_FRED_SA,FRED(OECD转载财务省),VALIDATED_MIRROR,,TRADE_OECD_SA,2026-09-05,LATEST_HISTORY_PROXY,PROXY,CURRENT_HISTORY_ONLY_NO_VINTAGE,false,true,true
1999-06-30,1999-06,976184000000.0,976184000000.0,日元(OECD自行季调),M,NETTRADE_FRED_SA,FRED(OECD转载财务省),VALIDATED_MIRROR,,TRADE_OECD_SA,2026-09-05,LATEST_HISTORY_PROXY,PROXY,CURRENT_HISTORY_ONLY_NO_VINTAGE,false,true,true
1999-07-31,1999-07,1084229000000.0,1084229000000.0,日元(OECD自行季调),M,NETTRADE_FRED_SA,FRED(OECD转载财务省),VALIDATED_MIRROR,,TRADE_OECD_SA,2026-09-05,LATEST_HISTORY_PROXY,PROXY,CURRENT_HISTORY_ONLY_NO_VINTAGE,false,true,true
1999-08-31,1999-08,1028388999999.9999,1028388999999.9999,日元(OECD自行季调),M,NETTRADE_FRED_SA,FRED(OECD转载财务省),VALIDATED_MIRROR,,TRADE_OECD_SA,2026-09-05,LATEST_HISTORY_PROXY,PROXY,CURRENT_HISTORY_ONLY_NO_VINTAGE,false,true,true
1999-09-30,1999-09,1040018000000.0,1040018000000.0,日元(OECD自行季调),M,NETTRADE_FRED_SA,FRED(OECD转载财务省),VALIDATED_MIRROR,,TRADE_OECD_SA,2026-09-05,LATEST_HISTORY_PROXY,PROXY,CURRENT_HISTORY_ONLY_NO_VINTAGE,false,true,true
1999-10-31,1999-10,1033376000000.0,1033376000000.0,日元(OECD自行季调),M,NETTRADE_FRED_SA,FRED(OECD转载财务省),VALIDATED_MIRROR,,TRADE_OECD_SA,2026-09-05,LATEST_HISTORY_PROXY,PROXY,CURRENT_HISTORY_ONLY_NO_VINTAGE,false,true,true
1999-11-30,1999-11,985152000000.0,985152000000.0,日元(OECD自行季调),M,NETTRADE_FRED_SA,FRED(OECD转载财务省),VALIDATED_MIRROR,,TRADE_OECD_SA,2026-09-05,LATEST_HISTORY_PROXY,PROXY,CURRENT_HISTORY_ONLY_NO_VINTAGE,false,true,true
1999-12-31,1999-12,1003558000000.0,1003558000000.0,日元(OECD自行季调),M,NETTRADE_FRED_SA,FRED(OECD转载财务省),VALIDATED_MIRROR,,TRADE_OECD_SA,2026-09-05,LATEST_HISTORY_PROXY,PROXY,CURRENT_HISTORY_ONLY_NO_VINTAGE,false,true,true
2000-01-31,2000-01,1003592000000.0,1003592000000.0,日元(OECD自行季调),M,NETTRADE_FRED_SA,FRED(OECD转载财务省),VALIDATED_MIRROR,,TRADE_OECD_SA,2026-09-05,LATEST_HISTORY_PROXY,PROXY,CURRENT_HISTORY_ONLY_NO_VINTAGE,false,true,true
2000-02-29,2000-02,979694000000.0,979694000000.0,日元(OECD自行季调),M,NETTRADE_FRED_SA,FRED(OECD转载财务省),VALIDATED_MIRROR,,TRADE_OECD_SA,2026-09-05,LATEST_HISTORY_PROXY,PROXY,CURRENT_HISTORY_ONLY_NO_VINTAGE,false,true,true
2000-03-31,2000-03,859091000000.0,859091000000.0,日元(OECD自行季调),M,NETTRADE_FRED_SA,FRED(OECD转载财务省),VALIDATED_MIRROR,,TRADE_OECD_SA,2026-09-05,LATEST_HISTORY_PROXY,PROXY,CURRENT_HISTORY_ONLY_NO_VINTAGE,false,true,true
2000-04-30,2000-04,954130000000,954130000000,日元(OECD自行季调),M,NETTRADE_FRED_SA,FRED(OECD转载财务省),VALIDATED_MIRROR,,TRADE_OECD_SA,2026-09-05,LATEST_HISTORY_PROXY,PROXY,CURRENT_HISTORY_ONLY_NO_VINTAGE,false,true,true
2000-05-31,2000-05,970055000000.0,970055000000.0,日元(OECD自行季调),M,NETTRADE_FRED_SA,FRED(OECD转载财务省),VALIDATED_MIRROR,,TRADE_OECD_SA,2026-09-05,LATEST_HISTORY_PROXY,PROXY,CURRENT_HISTORY_ONLY_NO_VINTAGE,false,true,true
2000-06-30,2000-06,999716000000.0,999716000000.0,日元(OECD自行季调),M,NETTRADE_FRED_SA,FRED(OECD转载财务省),VALIDATED_MIRROR,,TRADE_OECD_SA,2026-09-05,LATEST_HISTORY_PROXY,PROXY,CURRENT_HISTORY_ONLY_NO_VINTAGE,false,true,true
2000-07-31,2000-07,925961000000.0,925961000000.0,日元(OECD自行季调),M,NETTRADE_FRED_SA,FRED(OECD转载财务省),VALIDATED_MIRROR,,TRADE_OECD_SA,2026-09-05,LATEST_HISTORY_PROXY,PROXY,CURRENT_HISTORY_ONLY_NO_VINTAGE,false,true,true
2000-08-31,2000-08,859055000000.0,859055000000.0,日元(OECD自行季调),M,NETTRADE_FRED_SA,FRED(OECD转载财务省),VALIDATED_MIRROR,,TRADE_OECD_SA,2026-09-05,LATEST_HISTORY_PROXY,PROXY,CURRENT_HISTORY_ONLY_NO_VINTAGE,false,true,true
2000-09-30,2000-09,828385000000.0,828385000000.0,日元(OECD自行季调),M,NETTRADE_FRED_SA,FRED(OECD转载财务省),VALIDATED_MIRROR,,TRADE_OECD_SA,2026-09-05,LATEST_HISTORY_PROXY,PROXY,CURRENT_HISTORY_ONLY_NO_VINTAGE,false,true,true
2000-10-31,2000-10,794936000000.0,794936000000.0,日元(OECD自行季调),M,NETTRADE_FRED_SA,FRED(OECD转载财务省),VALIDATED_MIRROR,,TRADE_OECD_SA,2026-09-05,LATEST_HISTORY_PROXY,PROXY,CURRENT_HISTORY_ONLY_NO_VINTAGE,false,true,true
2000-11-30,2000-11,790338000000.0,790338000000.0,日元(OECD自行季调),M,NETTRADE_FRED_SA,FRED(OECD转载财务省),VALIDATED_MIRROR,,TRADE_OECD_SA,2026-09-05,LATEST_HISTORY_PROXY,PROXY,CURRENT_HISTORY_ONLY_NO_VINTAGE,false,true,true
2000-12-31,2000-12,633841000000.0,633841000000.0,日元(OECD自行季调),M,NETTRADE_FRED_SA,FRED(OECD转载财务省),VALIDATED_MIRROR,,TRADE_OECD_SA,2026-09-05,LATEST_HISTORY_PROXY,PROXY,CURRENT_HISTORY_ONLY_NO_VINTAGE,false,true,true
2001-01-31,2001-01,532929000000.0,532929000000.0,日元(OECD自行季调),M,NETTRADE_FRED_SA,FRED(OECD转载财务省),VALIDATED_MIRROR,,TRADE_OECD_SA,2026-09-05,LATEST_HISTORY_PROXY,PROXY,CURRENT_HISTORY_ONLY_NO_VINTAGE,false,true,true
2001-02-28,2001-02,637359000000.0,637359000000.0,日元(OECD自行季调),M,NETTRADE_FRED_SA,FRED(OECD转载财务省),VALIDATED_MIRROR,,TRADE_OECD_SA,2026-09-05,LATEST_HISTORY_PROXY,PROXY,CURRENT_HISTORY_ONLY_NO_VINTAGE,false,true,true
2001-03-31,2001-03,514923000000.0,514923000000.0,日元(OECD自行季调),M,NETTRADE_FRED_SA,FRED(OECD转载财务省),VALIDATED_MIRROR,,TRADE_OECD_SA,2026-09-05,LATEST_HISTORY_PROXY,PROXY,CURRENT_HISTORY_ONLY_NO_VINTAGE,false,true,true
2001-04-30,2001-04,646423000000.0,646423000000.0,日元(OECD自行季调),M,NETTRADE_FRED_SA,FRED(OECD转载财务省),VALIDATED_MIRROR,,TRADE_OECD_SA,2026-09-05,LATEST_HISTORY_PROXY,PROXY,CURRENT_HISTORY_ONLY_NO_VINTAGE,false,true,true
2001-05-31,2001-05,363260000000,363260000000,日元(OECD自行季调),M,NETTRADE_FRED_SA,FRED(OECD转载财务省),VALIDATED_MIRROR,,TRADE_OECD_SA,2026-09-05,LATEST_HISTORY_PROXY,PROXY,CURRENT_HISTORY_ONLY_NO_VINTAGE,false,true,true
2001-06-30,2001-06,507858000000.0,507858000000.0,日元(OECD自行季调),M,NETTRADE_FRED_SA,FRED(OECD转载财务省),VALIDATED_MIRROR,,TRADE_OECD_SA,2026-09-05,LATEST_HISTORY_PROXY,PROXY,CURRENT_HISTORY_ONLY_NO_VINTAGE,false,true,true
2001-07-31,2001-07,512443999999.99994,512443999999.99994,日元(OECD自行季调),M,NETTRADE_FRED_SA,FRED(OECD转载财务省),VALIDATED_MIRROR,,TRADE_OECD_SA,2026-09-05,LATEST_HISTORY_PROXY,PROXY,CURRENT_HISTORY_ONLY_NO_VINTAGE,false,true,true
2001-08-31,2001-08,566547000000.0,566547000000.0,日元(OECD自行季调),M,NETTRADE_FRED_SA,FRED(OECD转载财务省),VALIDATED_MIRROR,,TRADE_OECD_SA,2026-09-05,LATEST_HISTORY_PROXY,PROXY,CURRENT_HISTORY_ONLY_NO_VINTAGE,false,true,true
2001-09-30,2001-09,722202000000.0,722202000000.0,日元(OECD自行季调),M,NETTRADE_FRED_SA,FRED(OECD转载财务省),VALIDATED_MIRROR,,TRADE_OECD_SA,2026-09-05,LATEST_HISTORY_PROXY,PROXY,CURRENT_HISTORY_ONLY_NO_VINTAGE,false,true,true
2001-10-31,2001-10,515462000000.0,515462000000.0,日元(OECD自行季调),M,NETTRADE_FRED_SA,FRED(OECD转载财务省),VALIDATED_MIRROR,,TRADE_OECD_SA,2026-09-05,LATEST_HISTORY_PROXY,PROXY,CURRENT_HISTORY_ONLY_NO_VINTAGE,false,true,true
2001-11-30,2001-11,555818000000.0,555818000000.0,日元(OECD自行季调),M,NETTRADE_FRED_SA,FRED(OECD转载财务省),VALIDATED_MIRROR,,TRADE_OECD_SA,2026-09-05,LATEST_HISTORY_PROXY,PROXY,CURRENT_HISTORY_ONLY_NO_VINTAGE,false,true,true
2001-12-31,2001-12,573388000000.0,573388000000.0,日元(OECD自行季调),M,NETTRADE_FRED_SA,FRED(OECD转载财务省),VALIDATED_MIRROR,,TRADE_OECD_SA,2026-09-05,LATEST_HISTORY_PROXY,PROXY,CURRENT_HISTORY_ONLY_NO_VINTAGE,false,true,true
2002-01-31,2002-01,739171000000.0,739171000000.0,日元(OECD自行季调),M,NETTRADE_FRED_SA,FRED(OECD转载财务省),VALIDATED_MIRROR,,TRADE_OECD_SA,2026-09-05,LATEST_HISTORY_PROXY,PROXY,CURRENT_HISTORY_ONLY_NO_VINTAGE,false,true,true
2002-02-28,2002-02,532386999999.99994,532386999999.99994,日元(OECD自行季调),M,NETTRADE_FRED_SA,FRED(OECD转载财务省),VALIDATED_MIRROR,,TRADE_OECD_SA,2026-09-05,LATEST_HISTORY_PROXY,PROXY,CURRENT_HISTORY_ONLY_NO_VINTAGE,false,true,true
2002-03-31,2002-03,854092000000.0,854092000000.0,日元(OECD自行季调),M,NETTRADE_FRED_SA,FRED(OECD转载财务省),VALIDATED_MIRROR,,TRADE_OECD_SA,2026-09-05,LATEST_HISTORY_PROXY,PROXY,CURRENT_HISTORY_ONLY_NO_VINTAGE,false,true,true
2002-04-30,2002-04,856909000000.0,856909000000.0,日元(OECD自行季调),M,NETTRADE_FRED_SA,FRED(OECD转载财务省),VALIDATED_MIRROR,,TRADE_OECD_SA,2026-09-05,LATEST_HISTORY_PROXY,PROXY,CURRENT_HISTORY_ONLY_NO_VINTAGE,false,true,true
2002-05-31,2002-05,774155000000.0,774155000000.0,日元(OECD自行季调),M,NETTRADE_FRED_SA,FRED(OECD转载财务省),VALIDATED_MIRROR,,TRADE_OECD_SA,2026-09-05,LATEST_HISTORY_PROXY,PROXY,CURRENT_HISTORY_ONLY_NO_VINTAGE,false,true,true
2002-06-30,2002-06,1027420000000.0001,1027420000000.0001,日元(OECD自行季调),M,NETTRADE_FRED_SA,FRED(OECD转载财务省),VALIDATED_MIRROR,,TRADE_OECD_SA,2026-09-05,LATEST_HISTORY_PROXY,PROXY,CURRENT_HISTORY_ONLY_NO_VINTAGE,false,true,true
2002-07-31,2002-07,858897000000.0,858897000000.0,日元(OECD自行季调),M,NETTRADE_FRED_SA,FRED(OECD转载财务省),VALIDATED_MIRROR,,TRADE_OECD_SA,2026-09-05,LATEST_HISTORY_PROXY,PROXY,CURRENT_HISTORY_ONLY_NO_VINTAGE,false,true,true
2002-08-31,2002-08,760556000000.0,760556000000.0,日元(OECD自行季调),M,NETTRADE_FRED_SA,FRED(OECD转载财务省),VALIDATED_MIRROR,,TRADE_OECD_SA,2026-09-05,LATEST_HISTORY_PROXY,PROXY,CURRENT_HISTORY_ONLY_NO_VINTAGE,false,true,true
2002-09-30,2002-09,929016000000.0,929016000000.0,日元(OECD自行季调),M,NETTRADE_FRED_SA,FRED(OECD转载财务省),VALIDATED_MIRROR,,TRADE_OECD_SA,2026-09-05,LATEST_HISTORY_PROXY,PROXY,CURRENT_HISTORY_ONLY_NO_VINTAGE,false,true,true
2002-10-31,2002-10,854442000000.0,854442000000.0,日元(OECD自行季调),M,NETTRADE_FRED_SA,FRED(OECD转载财务省),VALIDATED_MIRROR,,TRADE_OECD_SA,2026-09-05,LATEST_HISTORY_PROXY,PROXY,CURRENT_HISTORY_ONLY_NO_VINTAGE,false,true,true
2002-11-30,2002-11,724416000000.0,724416000000.0,日元(OECD自行季调),M,NETTRADE_FRED_SA,FRED(OECD转载财务省),VALIDATED_MIRROR,,TRADE_OECD_SA,2026-09-05,LATEST_HISTORY_PROXY,PROXY,CURRENT_HISTORY_ONLY_NO_VINTAGE,false,true,true
2002-12-31,2002-12,794757000000.0,794757000000.0,日元(OECD自行季调),M,NETTRADE_FRED_SA,FRED(OECD转载财务省),VALIDATED_MIRROR,,TRADE_OECD_SA,2026-09-05,LATEST_HISTORY_PROXY,PROXY,CURRENT_HISTORY_ONLY_NO_VINTAGE,false,true,true
2003-01-31,2003-01,600250000000,600250000000,日元(OECD自行季调),M,NETTRADE_FRED_SA,FRED(OECD转载财务省),VALIDATED_MIRROR,,TRADE_OECD_SA,2026-09-05,LATEST_HISTORY_PROXY,PROXY,CURRENT_HISTORY_ONLY_NO_VINTAGE,false,true,true
2003-02-28,2003-02,674177000000.0,674177000000.0,日元(OECD自行季调),M,NETTRADE_FRED_SA,FRED(OECD转载财务省),VALIDATED_MIRROR,,TRADE_OECD_SA,2026-09-05,LATEST_HISTORY_PROXY,PROXY,CURRENT_HISTORY_ONLY_NO_VINTAGE,false,true,true
2003-03-31,2003-03,733030000000,733030000000,日元(OECD自行季调),M,NETTRADE_FRED_SA,FRED(OECD转载财务省),VALIDATED_MIRROR,,TRADE_OECD_SA,2026-09-05,LATEST_HISTORY_PROXY,PROXY,CURRENT_HISTORY_ONLY_NO_VINTAGE,false,true,true
2003-04-30,2003-04,840168000000.0,840168000000.0,日元(OECD自行季调),M,NETTRADE_FRED_SA,FRED(OECD转载财务省),VALIDATED_MIRROR,,TRADE_OECD_SA,2026-09-05,LATEST_HISTORY_PROXY,PROXY,CURRENT_HISTORY_ONLY_NO_VINTAGE,false,true,true
2003-05-31,2003-05,769454000000.0,769454000000.0,日元(OECD自行季调),M,NETTRADE_FRED_SA,FRED(OECD转载财务省),VALIDATED_MIRROR,,TRADE_OECD_SA,2026-09-05,LATEST_HISTORY_PROXY,PROXY,CURRENT_HISTORY_ONLY_NO_VINTAGE,false,true,true
2003-06-30,2003-06,834323000000.0,834323000000.0,日元(OECD自行季调),M,NETTRADE_FRED_SA,FRED(OECD转载财务省),VALIDATED_MIRROR,,TRADE_OECD_SA,2026-09-05,LATEST_HISTORY_PROXY,PROXY,CURRENT_HISTORY_ONLY_NO_VINTAGE,false,true,true
2003-07-31,2003-07,836659000000.0,836659000000.0,日元(OECD自行季调),M,NETTRADE_FRED_SA,FRED(OECD转载财务省),VALIDATED_MIRROR,,TRADE_OECD_SA,2026-09-05,LATEST_HISTORY_PROXY,PROXY,CURRENT_HISTORY_ONLY_NO_VINTAGE,false,true,true
2003-08-31,2003-08,938638000000.0,938638000000.0,日元(OECD自行季调),M,NETTRADE_FRED_SA,FRED(OECD转载财务省),VALIDATED_MIRROR,,TRADE_OECD_SA,2026-09-05,LATEST_HISTORY_PROXY,PROXY,CURRENT_HISTORY_ONLY_NO_VINTAGE,false,true,true
2003-09-30,2003-09,1058653000000.0,1058653000000.0,日元(OECD自行季调),M,NETTRADE_FRED_SA,FRED(OECD转载财务省),VALIDATED_MIRROR,,TRADE_OECD_SA,2026-09-05,LATEST_HISTORY_PROXY,PROXY,CURRENT_HISTORY_ONLY_NO_VINTAGE,false,true,true
2003-10-31,2003-10,906628000000.0,906628000000.0,日元(OECD自行季调),M,NETTRADE_FRED_SA,FRED(OECD转载财务省),VALIDATED_MIRROR,,TRADE_OECD_SA,2026-09-05,LATEST_HISTORY_PROXY,PROXY,CURRENT_HISTORY_ONLY_NO_VINTAGE,false,true,true
2003-11-30,2003-11,875502000000.0,875502000000.0,日元(OECD自行季调),M,NETTRADE_FRED_SA,FRED(OECD转载财务省),VALIDATED_MIRROR,,TRADE_OECD_SA,2026-09-05,LATEST_HISTORY_PROXY,PROXY,CURRENT_HISTORY_ONLY_NO_VINTAGE,false,true,true
2003-12-31,2003-12,1051834000000.0,1051834000000.0,日元(OECD自行季调),M,NETTRADE_FRED_SA,FRED(OECD转载财务省),VALIDATED_MIRROR,,TRADE_OECD_SA,2026-09-05,LATEST_HISTORY_PROXY,PROXY,CURRENT_HISTORY_ONLY_NO_VINTAGE,false,true,true
2004-01-31,2004-01,979835000000.0,979835000000.0,日元(OECD自行季调),M,NETTRADE_FRED_SA,FRED(OECD转载财务省),VALIDATED_MIRROR,,TRADE_OECD_SA,2026-09-05,LATEST_HISTORY_PROXY,PROXY,CURRENT_HISTORY_ONLY_NO_VINTAGE,false,true,true
2004-02-29,2004-02,1174761000000.0,1174761000000.0,日元(OECD自行季调),M,NETTRADE_FRED_SA,FRED(OECD转载财务省),VALIDATED_MIRROR,,TRADE_OECD_SA,2026-09-05,LATEST_HISTORY_PROXY,PROXY,CURRENT_HISTORY_ONLY_NO_VINTAGE,false,true,true
2004-03-31,2004-03,937964000000.0,937964000000.0,日元(OECD自行季调),M,NETTRADE_FRED_SA,FRED(OECD转载财务省),VALIDATED_MIRROR,,TRADE_OECD_SA,2026-09-05,LATEST_HISTORY_PROXY,PROXY,CURRENT_HISTORY_ONLY_NO_VINTAGE,false,true,true
2004-04-30,2004-04,1145993000000.0,1145993000000.0,日元(OECD自行季调),M,NETTRADE_FRED_SA,FRED(OECD转载财务省),VALIDATED_MIRROR,,TRADE_OECD_SA,2026-09-05,LATEST_HISTORY_PROXY,PROXY,CURRENT_HISTORY_ONLY_NO_VINTAGE,false,true,true
2004-05-31,2004-05,1164933000000.0,1164933000000.0,日元(OECD自行季调),M,NETTRADE_FRED_SA,FRED(OECD转载财务省),VALIDATED_MIRROR,,TRADE_OECD_SA,2026-09-05,LATEST_HISTORY_PROXY,PROXY,CURRENT_HISTORY_ONLY_NO_VINTAGE,false,true,true
2004-06-30,2004-06,1057036000000.0,1057036000000.0,日元(OECD自行季调),M,NETTRADE_FRED_SA,FRED(OECD转载财务省),VALIDATED_MIRROR,,TRADE_OECD_SA,2026-09-05,LATEST_HISTORY_PROXY,PROXY,CURRENT_HISTORY_ONLY_NO_VINTAGE,false,true,true
2004-07-31,2004-07,935250000000,935250000000,日元(OECD自行季调),M,NETTRADE_FRED_SA,FRED(OECD转载财务省),VALIDATED_MIRROR,,TRADE_OECD_SA,2026-09-05,LATEST_HISTORY_PROXY,PROXY,CURRENT_HISTORY_ONLY_NO_VINTAGE,false,true,true
2004-08-31,2004-08,1035667999999.9999,1035667999999.9999,日元(OECD自行季调),M,NETTRADE_FRED_SA,FRED(OECD转载财务省),VALIDATED_MIRROR,,TRADE_OECD_SA,2026-09-05,LATEST_HISTORY_PROXY,PROXY,CURRENT_HISTORY_ONLY_NO_VINTAGE,false,true,true
2004-09-30,2004-09,956693000000.0,956693000000.0,日元(OECD自行季调),M,NETTRADE_FRED_SA,FRED(OECD转载财务省),VALIDATED_MIRROR,,TRADE_OECD_SA,2026-09-05,LATEST_HISTORY_PROXY,PROXY,CURRENT_HISTORY_ONLY_NO_VINTAGE,false,true,true
2004-10-31,2004-10,899889000000.0,899889000000.0,日元(OECD自行季调),M,NETTRADE_FRED_SA,FRED(OECD转载财务省),VALIDATED_MIRROR,,TRADE_OECD_SA,2026-09-05,LATEST_HISTORY_PROXY,PROXY,CURRENT_HISTORY_ONLY_NO_VINTAGE,false,true,true
2004-11-30,2004-11,692198000000.0,692198000000.0,日元(OECD自行季调),M,NETTRADE_FRED_SA,FRED(OECD转载财务省),VALIDATED_MIRROR,,TRADE_OECD_SA,2026-09-05,LATEST_HISTORY_PROXY,PROXY,CURRENT_HISTORY_ONLY_NO_VINTAGE,false,true,true
2004-12-31,2004-12,913834000000.0,913834000000.0,日元(OECD自行季调),M,NETTRADE_FRED_SA,FRED(OECD转载财务省),VALIDATED_MIRROR,,TRADE_OECD_SA,2026-09-05,LATEST_HISTORY_PROXY,PROXY,CURRENT_HISTORY_ONLY_NO_VINTAGE,false,true,true
2005-01-31,2005-01,772381000000.0,772381000000.0,日元(OECD自行季调),M,NETTRADE_FRED_SA,FRED(OECD转载财务省),VALIDATED_MIRROR,,TRADE_OECD_SA,2026-09-05,LATEST_HISTORY_PROXY,PROXY,CURRENT_HISTORY_ONLY_NO_VINTAGE,false,true,true
2005-02-28,2005-02,905440000000,905440000000,日元(OECD自行季调),M,NETTRADE_FRED_SA,FRED(OECD转载财务省),VALIDATED_MIRROR,,TRADE_OECD_SA,2026-09-05,LATEST_HISTORY_PROXY,PROXY,CURRENT_HISTORY_ONLY_NO_VINTAGE,false,true,true
2005-03-31,2005-03,837787000000.0,837787000000.0,日元(OECD自行季调),M,NETTRADE_FRED_SA,FRED(OECD转载财务省),VALIDATED_MIRROR,,TRADE_OECD_SA,2026-09-05,LATEST_HISTORY_PROXY,PROXY,CURRENT_HISTORY_ONLY_NO_VINTAGE,false,true,true
2005-04-30,2005-04,882315000000.0,882315000000.0,日元(OECD自行季调),M,NETTRADE_FRED_SA,FRED(OECD转载财务省),VALIDATED_MIRROR,,TRADE_OECD_SA,2026-09-05,LATEST_HISTORY_PROXY,PROXY,CURRENT_HISTORY_ONLY_NO_VINTAGE,false,true,true
2005-05-31,2005-05,665298000000.0,665298000000.0,日元(OECD自行季调),M,NETTRADE_FRED_SA,FRED(OECD转载财务省),VALIDATED_MIRROR,,TRADE_OECD_SA,2026-09-05,LATEST_HISTORY_PROXY,PROXY,CURRENT_HISTORY_ONLY_NO_VINTAGE,false,true,true
2005-06-30,2005-06,715118000000.0,715118000000.0,日元(OECD自行季调),M,NETTRADE_FRED_SA,FRED(OECD转载财务省),VALIDATED_MIRROR,,TRADE_OECD_SA,2026-09-05,LATEST_HISTORY_PROXY,PROXY,CURRENT_HISTORY_ONLY_NO_VINTAGE,false,true,true
2005-07-31,2005-07,637887000000.0,637887000000.0,日元(OECD自行季调),M,NETTRADE_FRED_SA,FRED(OECD转载财务省),VALIDATED_MIRROR,,TRADE_OECD_SA,2026-09-05,LATEST_HISTORY_PROXY,PROXY,CURRENT_HISTORY_ONLY_NO_VINTAGE,false,true,true
2005-08-31,2005-08,542292000000.0,542292000000.0,日元(OECD自行季调),M,NETTRADE_FRED_SA,FRED(OECD转载财务省),VALIDATED_MIRROR,,TRADE_OECD_SA,2026-09-05,LATEST_HISTORY_PROXY,PROXY,CURRENT_HISTORY_ONLY_NO_VINTAGE,false,true,true
2005-09-30,2005-09,550302000000.0,550302000000.0,日元(OECD自行季调),M,NETTRADE_FRED_SA,FRED(OECD转载财务省),VALIDATED_MIRROR,,TRADE_OECD_SA,2026-09-05,LATEST_HISTORY_PROXY,PROXY,CURRENT_HISTORY_ONLY_NO_VINTAGE,false,true,true
2005-10-31,2005-10,651220000000.0,651220000000.0,日元(OECD自行季调),M,NETTRADE_FRED_SA,FRED(OECD转载财务省),VALIDATED_MIRROR,,TRADE_OECD_SA,2026-09-05,LATEST_HISTORY_PROXY,PROXY,CURRENT_HISTORY_ONLY_NO_VINTAGE,false,true,true
2005-11-30,2005-11,590539000000.0,590539000000.0,日元(OECD自行季调),M,NETTRADE_FRED_SA,FRED(OECD转载财务省),VALIDATED_MIRROR,,TRADE_OECD_SA,2026-09-05,LATEST_HISTORY_PROXY,PROXY,CURRENT_HISTORY_ONLY_NO_VINTAGE,false,true,true
2005-12-31,2005-12,569812000000.0,569812000000.0,日元(OECD自行季调),M,NETTRADE_FRED_SA,FRED(OECD转载财务省),VALIDATED_MIRROR,,TRADE_OECD_SA,2026-09-05,LATEST_HISTORY_PROXY,PROXY,CURRENT_HISTORY_ONLY_NO_VINTAGE,false,true,true
2006-01-31,2006-01,427753000000.0,427753000000.0,日元(OECD自行季调),M,NETTRADE_FRED_SA,FRED(OECD转载财务省),VALIDATED_MIRROR,,TRADE_OECD_SA,2026-09-05,LATEST_HISTORY_PROXY,PROXY,CURRENT_HISTORY_ONLY_NO_VINTAGE,false,true,true
2006-02-28,2006-02,719094000000.0,719094000000.0,日元(OECD自行季调),M,NETTRADE_FRED_SA,FRED(OECD转载财务省),VALIDATED_MIRROR,,TRADE_OECD_SA,2026-09-05,LATEST_HISTORY_PROXY,PROXY,CURRENT_HISTORY_ONLY_NO_VINTAGE,false,true,true
2006-03-31,2006-03,576798000000.0,576798000000.0,日元(OECD自行季调),M,NETTRADE_FRED_SA,FRED(OECD转载财务省),VALIDATED_MIRROR,,TRADE_OECD_SA,2026-09-05,LATEST_HISTORY_PROXY,PROXY,CURRENT_HISTORY_ONLY_NO_VINTAGE,false,true,true
2006-04-30,2006-04,716900000000.0,716900000000.0,日元(OECD自行季调),M,NETTRADE_FRED_SA,FRED(OECD转载财务省),VALIDATED_MIRROR,,TRADE_OECD_SA,2026-09-05,LATEST_HISTORY_PROXY,PROXY,CURRENT_HISTORY_ONLY_NO_VINTAGE,false,true,true
2006-05-31,2006-05,776114000000.0,776114000000.0,日元(OECD自行季调),M,NETTRADE_FRED_SA,FRED(OECD转载财务省),VALIDATED_MIRROR,,TRADE_OECD_SA,2026-09-05,LATEST_HISTORY_PROXY,PROXY,CURRENT_HISTORY_ONLY_NO_VINTAGE,false,true,true
2006-06-30,2006-06,637597000000.0,637597000000.0,日元(OECD自行季调),M,NETTRADE_FRED_SA,FRED(OECD转载财务省),VALIDATED_MIRROR,,TRADE_OECD_SA,2026-09-05,LATEST_HISTORY_PROXY,PROXY,CURRENT_HISTORY_ONLY_NO_VINTAGE,false,true,true
2006-07-31,2006-07,820339000000.0,820339000000.0,日元(OECD自行季调),M,NETTRADE_FRED_SA,FRED(OECD转载财务省),VALIDATED_MIRROR,,TRADE_OECD_SA,2026-09-05,LATEST_HISTORY_PROXY,PROXY,CURRENT_HISTORY_ONLY_NO_VINTAGE,false,true,true
2006-08-31,2006-08,539432000000.0,539432000000.0,日元(OECD自行季调),M,NETTRADE_FRED_SA,FRED(OECD转载财务省),VALIDATED_MIRROR,,TRADE_OECD_SA,2026-09-05,LATEST_HISTORY_PROXY,PROXY,CURRENT_HISTORY_ONLY_NO_VINTAGE,false,true,true
2006-09-30,2006-09,320484000000.0,320484000000.0,日元(OECD自行季调),M,NETTRADE_FRED_SA,FRED(OECD转载财务省),VALIDATED_MIRROR,,TRADE_OECD_SA,2026-09-05,LATEST_HISTORY_PROXY,PROXY,CURRENT_HISTORY_ONLY_NO_VINTAGE,false,true,true
2006-10-31,2006-10,635563000000.0,635563000000.0,日元(OECD自行季调),M,NETTRADE_FRED_SA,FRED(OECD转载财务省),VALIDATED_MIRROR,,TRADE_OECD_SA,2026-09-05,LATEST_HISTORY_PROXY,PROXY,CURRENT_HISTORY_ONLY_NO_VINTAGE,false,true,true
2006-11-30,2006-11,926695000000.0,926695000000.0,日元(OECD自行季调),M,NETTRADE_FRED_SA,FRED(OECD转载财务省),VALIDATED_MIRROR,,TRADE_OECD_SA,2026-09-05,LATEST_HISTORY_PROXY,PROXY,CURRENT_HISTORY_ONLY_NO_VINTAGE,false,true,true
2006-12-31,2006-12,821155000000.0,821155000000.0,日元(OECD自行季调),M,NETTRADE_FRED_SA,FRED(OECD转载财务省),VALIDATED_MIRROR,,TRADE_OECD_SA,2026-09-05,LATEST_HISTORY_PROXY,PROXY,CURRENT_HISTORY_ONLY_NO_VINTAGE,false,true,true
2007-01-31,2007-01,1117918000000.0,1117918000000.0,日元(OECD自行季调),M,NETTRADE_FRED_SA,FRED(OECD转载财务省),VALIDATED_MIRROR,,TRADE_OECD_SA,2026-09-05,LATEST_HISTORY_PROXY,PROXY,CURRENT_HISTORY_ONLY_NO_VINTAGE,false,true,true
2007-02-28,2007-02,839089000000.0,839089000000.0,日元(OECD自行季调),M,NETTRADE_FRED_SA,FRED(OECD转载财务省),VALIDATED_MIRROR,,TRADE_OECD_SA,2026-09-05,LATEST_HISTORY_PROXY,PROXY,CURRENT_HISTORY_ONLY_NO_VINTAGE,false,true,true
2007-03-31,2007-03,1023755000000.0,1023755000000.0,日元(OECD自行季调),M,NETTRADE_FRED_SA,FRED(OECD转载财务省),VALIDATED_MIRROR,,TRADE_OECD_SA,2026-09-05,LATEST_HISTORY_PROXY,PROXY,CURRENT_HISTORY_ONLY_NO_VINTAGE,false,true,true
2007-04-30,2007-04,1067811999999.9999,1067811999999.9999,日元(OECD自行季调),M,NETTRADE_FRED_SA,FRED(OECD转载财务省),VALIDATED_MIRROR,,TRADE_OECD_SA,2026-09-05,LATEST_HISTORY_PROXY,PROXY,CURRENT_HISTORY_ONLY_NO_VINTAGE,false,true,true
2007-05-31,2007-05,668427000000.0,668427000000.0,日元(OECD自行季调),M,NETTRADE_FRED_SA,FRED(OECD转载财务省),VALIDATED_MIRROR,,TRADE_OECD_SA,2026-09-05,LATEST_HISTORY_PROXY,PROXY,CURRENT_HISTORY_ONLY_NO_VINTAGE,false,true,true
2007-06-30,2007-06,769261000000.0,769261000000.0,日元(OECD自行季调),M,NETTRADE_FRED_SA,FRED(OECD转载财务省),VALIDATED_MIRROR,,TRADE_OECD_SA,2026-09-05,LATEST_HISTORY_PROXY,PROXY,CURRENT_HISTORY_ONLY_NO_VINTAGE,false,true,true
2007-07-31,2007-07,896860000000.0,896860000000.0,日元(OECD自行季调),M,NETTRADE_FRED_SA,FRED(OECD转载财务省),VALIDATED_MIRROR,,TRADE_OECD_SA,2026-09-05,LATEST_HISTORY_PROXY,PROXY,CURRENT_HISTORY_ONLY_NO_VINTAGE,false,true,true
2007-08-31,2007-08,1127306000000.0,1127306000000.0,日元(OECD自行季调),M,NETTRADE_FRED_SA,FRED(OECD转载财务省),VALIDATED_MIRROR,,TRADE_OECD_SA,2026-09-05,LATEST_HISTORY_PROXY,PROXY,CURRENT_HISTORY_ONLY_NO_VINTAGE,false,true,true
2007-09-30,2007-09,983619000000.0,983619000000.0,日元(OECD自行季调),M,NETTRADE_FRED_SA,FRED(OECD转载财务省),VALIDATED_MIRROR,,TRADE_OECD_SA,2026-09-05,LATEST_HISTORY_PROXY,PROXY,CURRENT_HISTORY_ONLY_NO_VINTAGE,false,true,true
2007-10-31,2007-10,922194000000.0,922194000000.0,日元(OECD自行季调),M,NETTRADE_FRED_SA,FRED(OECD转载财务省),VALIDATED_MIRROR,,TRADE_OECD_SA,2026-09-05,LATEST_HISTORY_PROXY,PROXY,CURRENT_HISTORY_ONLY_NO_VINTAGE,false,true,true
2007-11-30,2007-11,808517000000.0,808517000000.0,日元(OECD自行季调),M,NETTRADE_FRED_SA,FRED(OECD转载财务省),VALIDATED_MIRROR,,TRADE_OECD_SA,2026-09-05,LATEST_HISTORY_PROXY,PROXY,CURRENT_HISTORY_ONLY_NO_VINTAGE,false,true,true
2007-12-31,2007-12,632968000000.0,632968000000.0,日元(OECD自行季调),M,NETTRADE_FRED_SA,FRED(OECD转载财务省),VALIDATED_MIRROR,,TRADE_OECD_SA,2026-09-05,LATEST_HISTORY_PROXY,PROXY,CURRENT_HISTORY_ONLY_NO_VINTAGE,false,true,true
2008-01-31,2008-01,992656000000.0,992656000000.0,日元(OECD自行季调),M,NETTRADE_FRED_SA,FRED(OECD转载财务省),VALIDATED_MIRROR,,TRADE_OECD_SA,2026-09-05,LATEST_HISTORY_PROXY,PROXY,CURRENT_HISTORY_ONLY_NO_VINTAGE,false,true,true
2008-02-29,2008-02,723566000000.0,723566000000.0,日元(OECD自行季调),M,NETTRADE_FRED_SA,FRED(OECD转载财务省),VALIDATED_MIRROR,,TRADE_OECD_SA,2026-09-05,LATEST_HISTORY_PROXY,PROXY,CURRENT_HISTORY_ONLY_NO_VINTAGE,false,true,true
2008-03-31,2008-03,684055000000.0,684055000000.0,日元(OECD自行季调),M,NETTRADE_FRED_SA,FRED(OECD转载财务省),VALIDATED_MIRROR,,TRADE_OECD_SA,2026-09-05,LATEST_HISTORY_PROXY,PROXY,CURRENT_HISTORY_ONLY_NO_VINTAGE,false,true,true
2008-04-30,2008-04,486553000000.0,486553000000.0,日元(OECD自行季调),M,NETTRADE_FRED_SA,FRED(OECD转载财务省),VALIDATED_MIRROR,,TRADE_OECD_SA,2026-09-05,LATEST_HISTORY_PROXY,PROXY,CURRENT_HISTORY_ONLY_NO_VINTAGE,false,true,true
2008-05-31,2008-05,382126000000.0,382126000000.0,日元(OECD自行季调),M,NETTRADE_FRED_SA,FRED(OECD转载财务省),VALIDATED_MIRROR,,TRADE_OECD_SA,2026-09-05,LATEST_HISTORY_PROXY,PROXY,CURRENT_HISTORY_ONLY_NO_VINTAGE,false,true,true
2008-06-30,2008-06,-31365000000.0,-31365000000.0,日元(OECD自行季调),M,NETTRADE_FRED_SA,FRED(OECD转载财务省),VALIDATED_MIRROR,,TRADE_OECD_SA,2026-09-05,LATEST_HISTORY_PROXY,PROXY,CURRENT_HISTORY_ONLY_NO_VINTAGE,false,true,true
2008-07-31,2008-07,84987000000.0,84987000000.0,日元(OECD自行季调),M,NETTRADE_FRED_SA,FRED(OECD转载财务省),VALIDATED_MIRROR,,TRADE_OECD_SA,2026-09-05,LATEST_HISTORY_PROXY,PROXY,CURRENT_HISTORY_ONLY_NO_VINTAGE,false,true,true
2008-08-31,2008-08,-119545000000.0,-119545000000.0,日元(OECD自行季调),M,NETTRADE_FRED_SA,FRED(OECD转载财务省),VALIDATED_MIRROR,,TRADE_OECD_SA,2026-09-05,LATEST_HISTORY_PROXY,PROXY,CURRENT_HISTORY_ONLY_NO_VINTAGE,false,true,true
2008-09-30,2008-09,-277734000000.0,-277734000000.0,日元(OECD自行季调),M,NETTRADE_FRED_SA,FRED(OECD转载财务省),VALIDATED_MIRROR,,TRADE_OECD_SA,2026-09-05,LATEST_HISTORY_PROXY,PROXY,CURRENT_HISTORY_ONLY_NO_VINTAGE,false,true,true
2008-10-31,2008-10,-223788000000.0,-223788000000.0,日元(OECD自行季调),M,NETTRADE_FRED_SA,FRED(OECD转载财务省),VALIDATED_MIRROR,,TRADE_OECD_SA,2026-09-05,LATEST_HISTORY_PROXY,PROXY,CURRENT_HISTORY_ONLY_NO_VINTAGE,false,true,true
2008-11-30,2008-11,-257274000000.0,-257274000000.0,日元(OECD自行季调),M,NETTRADE_FRED_SA,FRED(OECD转载财务省),VALIDATED_MIRROR,,TRADE_OECD_SA,2026-09-05,LATEST_HISTORY_PROXY,PROXY,CURRENT_HISTORY_ONLY_NO_VINTAGE,false,true,true
2008-12-31,2008-12,-278931000000.0,-278931000000.0,日元(OECD自行季调),M,NETTRADE_FRED_SA,FRED(OECD转载财务省),VALIDATED_MIRROR,,TRADE_OECD_SA,2026-09-05,LATEST_HISTORY_PROXY,PROXY,CURRENT_HISTORY_ONLY_NO_VINTAGE,false,true,true
2009-01-31,2009-01,-505667000000.0,-505667000000.0,日元(OECD自行季调),M,NETTRADE_FRED_SA,FRED(OECD转载财务省),VALIDATED_MIRROR,,TRADE_OECD_SA,2026-09-05,LATEST_HISTORY_PROXY,PROXY,CURRENT_HISTORY_ONLY_NO_VINTAGE,false,true,true
2009-02-28,2009-02,-66918000000.00001,-66918000000.00001,日元(OECD自行季调),M,NETTRADE_FRED_SA,FRED(OECD转载财务省),VALIDATED_MIRROR,,TRADE_OECD_SA,2026-09-05,LATEST_HISTORY_PROXY,PROXY,CURRENT_HISTORY_ONLY_NO_VINTAGE,false,true,true
2009-03-31,2009-03,-190571000000.0,-190571000000.0,日元(OECD自行季调),M,NETTRADE_FRED_SA,FRED(OECD转载财务省),VALIDATED_MIRROR,,TRADE_OECD_SA,2026-09-05,LATEST_HISTORY_PROXY,PROXY,CURRENT_HISTORY_ONLY_NO_VINTAGE,false,true,true
2009-04-30,2009-04,90058000000.0,90058000000.0,日元(OECD自行季调),M,NETTRADE_FRED_SA,FRED(OECD转载财务省),VALIDATED_MIRROR,,TRADE_OECD_SA,2026-09-05,LATEST_HISTORY_PROXY,PROXY,CURRENT_HISTORY_ONLY_NO_VINTAGE,false,true,true
2009-05-31,2009-05,398195000000.0,398195000000.0,日元(OECD自行季调),M,NETTRADE_FRED_SA,FRED(OECD转载财务省),VALIDATED_MIRROR,,TRADE_OECD_SA,2026-09-05,LATEST_HISTORY_PROXY,PROXY,CURRENT_HISTORY_ONLY_NO_VINTAGE,false,true,true
2009-06-30,2009-06,347990000000.0,347990000000.0,日元(OECD自行季调),M,NETTRADE_FRED_SA,FRED(OECD转载财务省),VALIDATED_MIRROR,,TRADE_OECD_SA,2026-09-05,LATEST_HISTORY_PROXY,PROXY,CURRENT_HISTORY_ONLY_NO_VINTAGE,false,true,true
2009-07-31,2009-07,286416000000.0,286416000000.0,日元(OECD自行季调),M,NETTRADE_FRED_SA,FRED(OECD转载财务省),VALIDATED_MIRROR,,TRADE_OECD_SA,2026-09-05,LATEST_HISTORY_PROXY,PROXY,CURRENT_HISTORY_ONLY_NO_VINTAGE,false,true,true
2009-08-31,2009-08,435509000000.0,435509000000.0,日元(OECD自行季调),M,NETTRADE_FRED_SA,FRED(OECD转载财务省),VALIDATED_MIRROR,,TRADE_OECD_SA,2026-09-05,LATEST_HISTORY_PROXY,PROXY,CURRENT_HISTORY_ONLY_NO_VINTAGE,false,true,true
2009-09-30,2009-09,298290000000.0,298290000000.0,日元(OECD自行季调),M,NETTRADE_FRED_SA,FRED(OECD转载财务省),VALIDATED_MIRROR,,TRADE_OECD_SA,2026-09-05,LATEST_HISTORY_PROXY,PROXY,CURRENT_HISTORY_ONLY_NO_VINTAGE,false,true,true
2009-10-31,2009-10,608296000000.0,608296000000.0,日元(OECD自行季调),M,NETTRADE_FRED_SA,FRED(OECD转载财务省),VALIDATED_MIRROR,,TRADE_OECD_SA,2026-09-05,LATEST_HISTORY_PROXY,PROXY,CURRENT_HISTORY_ONLY_NO_VINTAGE,false,true,true
2009-11-30,2009-11,680866000000.0,680866000000.0,日元(OECD自行季调),M,NETTRADE_FRED_SA,FRED(OECD转载财务省),VALIDATED_MIRROR,,TRADE_OECD_SA,2026-09-05,LATEST_HISTORY_PROXY,PROXY,CURRENT_HISTORY_ONLY_NO_VINTAGE,false,true,true
2009-12-31,2009-12,454594000000.0,454594000000.0,日元(OECD自行季调),M,NETTRADE_FRED_SA,FRED(OECD转载财务省),VALIDATED_MIRROR,,TRADE_OECD_SA,2026-09-05,LATEST_HISTORY_PROXY,PROXY,CURRENT_HISTORY_ONLY_NO_VINTAGE,false,true,true
2010-01-31,2010-01,761020000000.0,761020000000.0,日元(OECD自行季调),M,NETTRADE_FRED_SA,FRED(OECD转载财务省),VALIDATED_MIRROR,,TRADE_OECD_SA,2026-09-05,LATEST_HISTORY_PROXY,PROXY,CURRENT_HISTORY_ONLY_NO_VINTAGE,false,true,true
2010-02-28,2010-02,517952000000.0,517952000000.0,日元(OECD自行季调),M,NETTRADE_FRED_SA,FRED(OECD转载财务省),VALIDATED_MIRROR,,TRADE_OECD_SA,2026-09-05,LATEST_HISTORY_PROXY,PROXY,CURRENT_HISTORY_ONLY_NO_VINTAGE,false,true,true
2010-03-31,2010-03,575576000000.0,575576000000.0,日元(OECD自行季调),M,NETTRADE_FRED_SA,FRED(OECD转载财务省),VALIDATED_MIRROR,,TRADE_OECD_SA,2026-09-05,LATEST_HISTORY_PROXY,PROXY,CURRENT_HISTORY_ONLY_NO_VINTAGE,false,true,true
2010-04-30,2010-04,579038000000.0,579038000000.0,日元(OECD自行季调),M,NETTRADE_FRED_SA,FRED(OECD转载财务省),VALIDATED_MIRROR,,TRADE_OECD_SA,2026-09-05,LATEST_HISTORY_PROXY,PROXY,CURRENT_HISTORY_ONLY_NO_VINTAGE,false,true,true
2010-05-31,2010-05,469917000000.0,469917000000.0,日元(OECD自行季调),M,NETTRADE_FRED_SA,FRED(OECD转载财务省),VALIDATED_MIRROR,,TRADE_OECD_SA,2026-09-05,LATEST_HISTORY_PROXY,PROXY,CURRENT_HISTORY_ONLY_NO_VINTAGE,false,true,true
2010-06-30,2010-06,397506000000.0,397506000000.0,日元(OECD自行季调),M,NETTRADE_FRED_SA,FRED(OECD转载财务省),VALIDATED_MIRROR,,TRADE_OECD_SA,2026-09-05,LATEST_HISTORY_PROXY,PROXY,CURRENT_HISTORY_ONLY_NO_VINTAGE,false,true,true
2010-07-31,2010-07,527360000000.0,527360000000.0,日元(OECD自行季调),M,NETTRADE_FRED_SA,FRED(OECD转载财务省),VALIDATED_MIRROR,,TRADE_OECD_SA,2026-09-05,LATEST_HISTORY_PROXY,PROXY,CURRENT_HISTORY_ONLY_NO_VINTAGE,false,true,true
2010-08-31,2010-08,466596000000.0,466596000000.0,日元(OECD自行季调),M,NETTRADE_FRED_SA,FRED(OECD转载财务省),VALIDATED_MIRROR,,TRADE_OECD_SA,2026-09-05,LATEST_HISTORY_PROXY,PROXY,CURRENT_HISTORY_ONLY_NO_VINTAGE,false,true,true
2010-09-30,2010-09,565337000000.0,565337000000.0,日元(OECD自行季调),M,NETTRADE_FRED_SA,FRED(OECD转载财务省),VALIDATED_MIRROR,,TRADE_OECD_SA,2026-09-05,LATEST_HISTORY_PROXY,PROXY,CURRENT_HISTORY_ONLY_NO_VINTAGE,false,true,true
2010-10-31,2010-10,619334000000.0,619334000000.0,日元(OECD自行季调),M,NETTRADE_FRED_SA,FRED(OECD转载财务省),VALIDATED_MIRROR,,TRADE_OECD_SA,2026-09-05,LATEST_HISTORY_PROXY,PROXY,CURRENT_HISTORY_ONLY_NO_VINTAGE,false,true,true
2010-11-30,2010-11,625295000000.0,625295000000.0,日元(OECD自行季调),M,NETTRADE_FRED_SA,FRED(OECD转载财务省),VALIDATED_MIRROR,,TRADE_OECD_SA,2026-09-05,LATEST_HISTORY_PROXY,PROXY,CURRENT_HISTORY_ONLY_NO_VINTAGE,false,true,true
2010-12-31,2010-12,742244000000.0,742244000000.0,日元(OECD自行季调),M,NETTRADE_FRED_SA,FRED(OECD转载财务省),VALIDATED_MIRROR,,TRADE_OECD_SA,2026-09-05,LATEST_HISTORY_PROXY,PROXY,CURRENT_HISTORY_ONLY_NO_VINTAGE,false,true,true
2011-01-31,2011-01,427527000000.0,427527000000.0,日元(OECD自行季调),M,NETTRADE_FRED_SA,FRED(OECD转载财务省),VALIDATED_MIRROR,,TRADE_OECD_SA,2026-09-05,LATEST_HISTORY_PROXY,PROXY,CURRENT_HISTORY_ONLY_NO_VINTAGE,false,true,true
2011-02-28,2011-02,463372000000.0,463372000000.0,日元(OECD自行季调),M,NETTRADE_FRED_SA,FRED(OECD转载财务省),VALIDATED_MIRROR,,TRADE_OECD_SA,2026-09-05,LATEST_HISTORY_PROXY,PROXY,CURRENT_HISTORY_ONLY_NO_VINTAGE,false,true,true
2011-03-31,2011-03,-146541000000.0,-146541000000.0,日元(OECD自行季调),M,NETTRADE_FRED_SA,FRED(OECD转载财务省),VALIDATED_MIRROR,,TRADE_OECD_SA,2026-09-05,LATEST_HISTORY_PROXY,PROXY,CURRENT_HISTORY_ONLY_NO_VINTAGE,false,true,true
2011-04-30,2011-04,-803355000000.0,-803355000000.0,日元(OECD自行季调),M,NETTRADE_FRED_SA,FRED(OECD转载财务省),VALIDATED_MIRROR,,TRADE_OECD_SA,2026-09-05,LATEST_HISTORY_PROXY,PROXY,CURRENT_HISTORY_ONLY_NO_VINTAGE,false,true,true
2011-05-31,2011-05,-612458000000.0,-612458000000.0,日元(OECD自行季调),M,NETTRADE_FRED_SA,FRED(OECD转载财务省),VALIDATED_MIRROR,,TRADE_OECD_SA,2026-09-05,LATEST_HISTORY_PROXY,PROXY,CURRENT_HISTORY_ONLY_NO_VINTAGE,false,true,true
2011-06-30,2011-06,-237281000000.0,-237281000000.0,日元(OECD自行季调),M,NETTRADE_FRED_SA,FRED(OECD转载财务省),VALIDATED_MIRROR,,TRADE_OECD_SA,2026-09-05,LATEST_HISTORY_PROXY,PROXY,CURRENT_HISTORY_ONLY_NO_VINTAGE,false,true,true
2011-07-31,2011-07,-250525000000.0,-250525000000.0,日元(OECD自行季调),M,NETTRADE_FRED_SA,FRED(OECD转载财务省),VALIDATED_MIRROR,,TRADE_OECD_SA,2026-09-05,LATEST_HISTORY_PROXY,PROXY,CURRENT_HISTORY_ONLY_NO_VINTAGE,false,true,true
2011-08-31,2011-08,-439707000000.0,-439707000000.0,日元(OECD自行季调),M,NETTRADE_FRED_SA,FRED(OECD转载财务省),VALIDATED_MIRROR,,TRADE_OECD_SA,2026-09-05,LATEST_HISTORY_PROXY,PROXY,CURRENT_HISTORY_ONLY_NO_VINTAGE,false,true,true
2011-09-30,2011-09,24481000000.0,24481000000.0,日元(OECD自行季调),M,NETTRADE_FRED_SA,FRED(OECD转载财务省),VALIDATED_MIRROR,,TRADE_OECD_SA,2026-09-05,LATEST_HISTORY_PROXY,PROXY,CURRENT_HISTORY_ONLY_NO_VINTAGE,false,true,true
2011-10-31,2011-10,-503257000000.0,-503257000000.0,日元(OECD自行季调),M,NETTRADE_FRED_SA,FRED(OECD转载财务省),VALIDATED_MIRROR,,TRADE_OECD_SA,2026-09-05,LATEST_HISTORY_PROXY,PROXY,CURRENT_HISTORY_ONLY_NO_VINTAGE,false,true,true
2011-11-30,2011-11,-332633000000.0,-332633000000.0,日元(OECD自行季调),M,NETTRADE_FRED_SA,FRED(OECD转载财务省),VALIDATED_MIRROR,,TRADE_OECD_SA,2026-09-05,LATEST_HISTORY_PROXY,PROXY,CURRENT_HISTORY_ONLY_NO_VINTAGE,false,true,true
2011-12-31,2011-12,-329659000000.0,-329659000000.0,日元(OECD自行季调),M,NETTRADE_FRED_SA,FRED(OECD转载财务省),VALIDATED_MIRROR,,TRADE_OECD_SA,2026-09-05,LATEST_HISTORY_PROXY,PROXY,CURRENT_HISTORY_ONLY_NO_VINTAGE,false,true,true
2012-01-31,2012-01,-438031000000.0,-438031000000.0,日元(OECD自行季调),M,NETTRADE_FRED_SA,FRED(OECD转载财务省),VALIDATED_MIRROR,,TRADE_OECD_SA,2026-09-05,LATEST_HISTORY_PROXY,PROXY,CURRENT_HISTORY_ONLY_NO_VINTAGE,false,true,true
2012-02-29,2012-02,-178244000000.0,-178244000000.0,日元(OECD自行季调),M,NETTRADE_FRED_SA,FRED(OECD转载财务省),VALIDATED_MIRROR,,TRADE_OECD_SA,2026-09-05,LATEST_HISTORY_PROXY,PROXY,CURRENT_HISTORY_ONLY_NO_VINTAGE,false,true,true
2012-03-31,2012-03,-707323000000.0,-707323000000.0,日元(OECD自行季调),M,NETTRADE_FRED_SA,FRED(OECD转载财务省),VALIDATED_MIRROR,,TRADE_OECD_SA,2026-09-05,LATEST_HISTORY_PROXY,PROXY,CURRENT_HISTORY_ONLY_NO_VINTAGE,false,true,true
2012-04-30,2012-04,-579525000000.0,-579525000000.0,日元(OECD自行季调),M,NETTRADE_FRED_SA,FRED(OECD转载财务省),VALIDATED_MIRROR,,TRADE_OECD_SA,2026-09-05,LATEST_HISTORY_PROXY,PROXY,CURRENT_HISTORY_ONLY_NO_VINTAGE,false,true,true
2012-05-31,2012-05,-809499000000.0,-809499000000.0,日元(OECD自行季调),M,NETTRADE_FRED_SA,FRED(OECD转载财务省),VALIDATED_MIRROR,,TRADE_OECD_SA,2026-09-05,LATEST_HISTORY_PROXY,PROXY,CURRENT_HISTORY_ONLY_NO_VINTAGE,false,true,true
2012-06-30,2012-06,-583873000000.0,-583873000000.0,日元(OECD自行季调),M,NETTRADE_FRED_SA,FRED(OECD转载财务省),VALIDATED_MIRROR,,TRADE_OECD_SA,2026-09-05,LATEST_HISTORY_PROXY,PROXY,CURRENT_HISTORY_ONLY_NO_VINTAGE,false,true,true
2012-07-31,2012-07,-499942000000.0,-499942000000.0,日元(OECD自行季调),M,NETTRADE_FRED_SA,FRED(OECD转载财务省),VALIDATED_MIRROR,,TRADE_OECD_SA,2026-09-05,LATEST_HISTORY_PROXY,PROXY,CURRENT_HISTORY_ONLY_NO_VINTAGE,false,true,true
2012-08-31,2012-08,-415104000000.0,-415104000000.0,日元(OECD自行季调),M,NETTRADE_FRED_SA,FRED(OECD转载财务省),VALIDATED_MIRROR,,TRADE_OECD_SA,2026-09-05,LATEST_HISTORY_PROXY,PROXY,CURRENT_HISTORY_ONLY_NO_VINTAGE,false,true,true
2012-09-30,2012-09,-932207000000.0,-932207000000.0,日元(OECD自行季调),M,NETTRADE_FRED_SA,FRED(OECD转载财务省),VALIDATED_MIRROR,,TRADE_OECD_SA,2026-09-05,LATEST_HISTORY_PROXY,PROXY,CURRENT_HISTORY_ONLY_NO_VINTAGE,false,true,true
2012-10-31,2012-10,-455468000000.0,-455468000000.0,日元(OECD自行季调),M,NETTRADE_FRED_SA,FRED(OECD转载财务省),VALIDATED_MIRROR,,TRADE_OECD_SA,2026-09-05,LATEST_HISTORY_PROXY,PROXY,CURRENT_HISTORY_ONLY_NO_VINTAGE,false,true,true
2012-11-30,2012-11,-546947000000.0,-546947000000.0,日元(OECD自行季调),M,NETTRADE_FRED_SA,FRED(OECD转载财务省),VALIDATED_MIRROR,,TRADE_OECD_SA,2026-09-05,LATEST_HISTORY_PROXY,PROXY,CURRENT_HISTORY_ONLY_NO_VINTAGE,false,true,true
2012-12-31,2012-12,-764283000000.0,-764283000000.0,日元(OECD自行季调),M,NETTRADE_FRED_SA,FRED(OECD转载财务省),VALIDATED_MIRROR,,TRADE_OECD_SA,2026-09-05,LATEST_HISTORY_PROXY,PROXY,CURRENT_HISTORY_ONLY_NO_VINTAGE,false,true,true
2013-01-31,2013-01,-522707000000.0,-522707000000.0,日元(OECD自行季调),M,NETTRADE_FRED_SA,FRED(OECD转载财务省),VALIDATED_MIRROR,,TRADE_OECD_SA,2026-09-05,LATEST_HISTORY_PROXY,PROXY,CURRENT_HISTORY_ONLY_NO_VINTAGE,false,true,true
2013-02-28,2013-02,-962532000000.0,-962532000000.0,日元(OECD自行季调),M,NETTRADE_FRED_SA,FRED(OECD转载财务省),VALIDATED_MIRROR,,TRADE_OECD_SA,2026-09-05,LATEST_HISTORY_PROXY,PROXY,CURRENT_HISTORY_ONLY_NO_VINTAGE,false,true,true
2013-03-31,2013-03,-1081646000000.0,-1081646000000.0,日元(OECD自行季调),M,NETTRADE_FRED_SA,FRED(OECD转载财务省),VALIDATED_MIRROR,,TRADE_OECD_SA,2026-09-05,LATEST_HISTORY_PROXY,PROXY,CURRENT_HISTORY_ONLY_NO_VINTAGE,false,true,true
2013-04-30,2013-04,-1117413000000.0,-1117413000000.0,日元(OECD自行季调),M,NETTRADE_FRED_SA,FRED(OECD转载财务省),VALIDATED_MIRROR,,TRADE_OECD_SA,2026-09-05,LATEST_HISTORY_PROXY,PROXY,CURRENT_HISTORY_ONLY_NO_VINTAGE,false,true,true
2013-05-31,2013-05,-828977000000.0,-828977000000.0,日元(OECD自行季调),M,NETTRADE_FRED_SA,FRED(OECD转载财务省),VALIDATED_MIRROR,,TRADE_OECD_SA,2026-09-05,LATEST_HISTORY_PROXY,PROXY,CURRENT_HISTORY_ONLY_NO_VINTAGE,false,true,true
2013-06-30,2013-06,-785009000000.0,-785009000000.0,日元(OECD自行季调),M,NETTRADE_FRED_SA,FRED(OECD转载财务省),VALIDATED_MIRROR,,TRADE_OECD_SA,2026-09-05,LATEST_HISTORY_PROXY,PROXY,CURRENT_HISTORY_ONLY_NO_VINTAGE,false,true,true
2013-07-31,2013-07,-890313000000.0,-890313000000.0,日元(OECD自行季调),M,NETTRADE_FRED_SA,FRED(OECD转载财务省),VALIDATED_MIRROR,,TRADE_OECD_SA,2026-09-05,LATEST_HISTORY_PROXY,PROXY,CURRENT_HISTORY_ONLY_NO_VINTAGE,false,true,true
2013-08-31,2013-08,-838192000000.0,-838192000000.0,日元(OECD自行季调),M,NETTRADE_FRED_SA,FRED(OECD转载财务省),VALIDATED_MIRROR,,TRADE_OECD_SA,2026-09-05,LATEST_HISTORY_PROXY,PROXY,CURRENT_HISTORY_ONLY_NO_VINTAGE,false,true,true
2013-09-30,2013-09,-829161000000.0,-829161000000.0,日元(OECD自行季调),M,NETTRADE_FRED_SA,FRED(OECD转载财务省),VALIDATED_MIRROR,,TRADE_OECD_SA,2026-09-05,LATEST_HISTORY_PROXY,PROXY,CURRENT_HISTORY_ONLY_NO_VINTAGE,false,true,true
2013-10-31,2013-10,-1096516000000.0001,-1096516000000.0001,日元(OECD自行季调),M,NETTRADE_FRED_SA,FRED(OECD转载财务省),VALIDATED_MIRROR,,TRADE_OECD_SA,2026-09-05,LATEST_HISTORY_PROXY,PROXY,CURRENT_HISTORY_ONLY_NO_VINTAGE,false,true,true
2013-11-30,2013-11,-1298267000000.0,-1298267000000.0,日元(OECD自行季调),M,NETTRADE_FRED_SA,FRED(OECD转载财务省),VALIDATED_MIRROR,,TRADE_OECD_SA,2026-09-05,LATEST_HISTORY_PROXY,PROXY,CURRENT_HISTORY_ONLY_NO_VINTAGE,false,true,true
2013-12-31,2013-12,-1272944000000.0,-1272944000000.0,日元(OECD自行季调),M,NETTRADE_FRED_SA,FRED(OECD转载财务省),VALIDATED_MIRROR,,TRADE_OECD_SA,2026-09-05,LATEST_HISTORY_PROXY,PROXY,CURRENT_HISTORY_ONLY_NO_VINTAGE,false,true,true
2014-01-31,2014-01,-1476668000000.0,-1476668000000.0,日元(OECD自行季调),M,NETTRADE_FRED_SA,FRED(OECD转载财务省),VALIDATED_MIRROR,,TRADE_OECD_SA,2026-09-05,LATEST_HISTORY_PROXY,PROXY,CURRENT_HISTORY_ONLY_NO_VINTAGE,false,true,true
2014-02-28,2014-02,-1222110000000.0,-1222110000000.0,日元(OECD自行季调),M,NETTRADE_FRED_SA,FRED(OECD转载财务省),VALIDATED_MIRROR,,TRADE_OECD_SA,2026-09-05,LATEST_HISTORY_PROXY,PROXY,CURRENT_HISTORY_ONLY_NO_VINTAGE,false,true,true
2014-03-31,2014-03,-2046440000000.0,-2046440000000.0,日元(OECD自行季调),M,NETTRADE_FRED_SA,FRED(OECD转载财务省),VALIDATED_MIRROR,,TRADE_OECD_SA,2026-09-05,LATEST_HISTORY_PROXY,PROXY,CURRENT_HISTORY_ONLY_NO_VINTAGE,false,true,true
2014-04-30,2014-04,-1176172000000.0,-1176172000000.0,日元(OECD自行季调),M,NETTRADE_FRED_SA,FRED(OECD转载财务省),VALIDATED_MIRROR,,TRADE_OECD_SA,2026-09-05,LATEST_HISTORY_PROXY,PROXY,CURRENT_HISTORY_ONLY_NO_VINTAGE,false,true,true
2014-05-31,2014-05,-964310000000.0,-964310000000.0,日元(OECD自行季调),M,NETTRADE_FRED_SA,FRED(OECD转载财务省),VALIDATED_MIRROR,,TRADE_OECD_SA,2026-09-05,LATEST_HISTORY_PROXY,PROXY,CURRENT_HISTORY_ONLY_NO_VINTAGE,false,true,true
2014-06-30,2014-06,-934340000000.0,-934340000000.0,日元(OECD自行季调),M,NETTRADE_FRED_SA,FRED(OECD转载财务省),VALIDATED_MIRROR,,TRADE_OECD_SA,2026-09-05,LATEST_HISTORY_PROXY,PROXY,CURRENT_HISTORY_ONLY_NO_VINTAGE,false,true,true
2014-07-31,2014-07,-910692000000.0,-910692000000.0,日元(OECD自行季调),M,NETTRADE_FRED_SA,FRED(OECD转载财务省),VALIDATED_MIRROR,,TRADE_OECD_SA,2026-09-05,LATEST_HISTORY_PROXY,PROXY,CURRENT_HISTORY_ONLY_NO_VINTAGE,false,true,true
2014-08-31,2014-08,-935805000000.0,-935805000000.0,日元(OECD自行季调),M,NETTRADE_FRED_SA,FRED(OECD转载财务省),VALIDATED_MIRROR,,TRADE_OECD_SA,2026-09-05,LATEST_HISTORY_PROXY,PROXY,CURRENT_HISTORY_ONLY_NO_VINTAGE,false,true,true
2014-09-30,2014-09,-929971000000.0,-929971000000.0,日元(OECD自行季调),M,NETTRADE_FRED_SA,FRED(OECD转载财务省),VALIDATED_MIRROR,,TRADE_OECD_SA,2026-09-05,LATEST_HISTORY_PROXY,PROXY,CURRENT_HISTORY_ONLY_NO_VINTAGE,false,true,true
2014-10-31,2014-10,-683974000000.0,-683974000000.0,日元(OECD自行季调),M,NETTRADE_FRED_SA,FRED(OECD转载财务省),VALIDATED_MIRROR,,TRADE_OECD_SA,2026-09-05,LATEST_HISTORY_PROXY,PROXY,CURRENT_HISTORY_ONLY_NO_VINTAGE,false,true,true
2014-11-30,2014-11,-897697000000.0,-897697000000.0,日元(OECD自行季调),M,NETTRADE_FRED_SA,FRED(OECD转载财务省),VALIDATED_MIRROR,,TRADE_OECD_SA,2026-09-05,LATEST_HISTORY_PROXY,PROXY,CURRENT_HISTORY_ONLY_NO_VINTAGE,false,true,true
2014-12-31,2014-12,-535099000000.00006,-535099000000.00006,日元(OECD自行季调),M,NETTRADE_FRED_SA,FRED(OECD转载财务省),VALIDATED_MIRROR,,TRADE_OECD_SA,2026-09-05,LATEST_HISTORY_PROXY,PROXY,CURRENT_HISTORY_ONLY_NO_VINTAGE,false,true,true
2015-01-31,2015-01,-189607000000.0,-189607000000.0,日元(OECD自行季调),M,NETTRADE_FRED_SA,FRED(OECD转载财务省),VALIDATED_MIRROR,,TRADE_OECD_SA,2026-09-05,LATEST_HISTORY_PROXY,PROXY,CURRENT_HISTORY_ONLY_NO_VINTAGE,false,true,true
2015-02-28,2015-02,-748162000000.0,-748162000000.0,日元(OECD自行季调),M,NETTRADE_FRED_SA,FRED(OECD转载财务省),VALIDATED_MIRROR,,TRADE_OECD_SA,2026-09-05,LATEST_HISTORY_PROXY,PROXY,CURRENT_HISTORY_ONLY_NO_VINTAGE,false,true,true
2015-03-31,2015-03,-129747999999.99998,-129747999999.99998,日元(OECD自行季调),M,NETTRADE_FRED_SA,FRED(OECD转载财务省),VALIDATED_MIRROR,,TRADE_OECD_SA,2026-09-05,LATEST_HISTORY_PROXY,PROXY,CURRENT_HISTORY_ONLY_NO_VINTAGE,false,true,true
2015-04-30,2015-04,-229250000000.0,-229250000000.0,日元(OECD自行季调),M,NETTRADE_FRED_SA,FRED(OECD转载财务省),VALIDATED_MIRROR,,TRADE_OECD_SA,2026-09-05,LATEST_HISTORY_PROXY,PROXY,CURRENT_HISTORY_ONLY_NO_VINTAGE,false,true,true
2015-05-31,2015-05,-125554000000.0,-125554000000.0,日元(OECD自行季调),M,NETTRADE_FRED_SA,FRED(OECD转载财务省),VALIDATED_MIRROR,,TRADE_OECD_SA,2026-09-05,LATEST_HISTORY_PROXY,PROXY,CURRENT_HISTORY_ONLY_NO_VINTAGE,false,true,true
2015-06-30,2015-06,-332378000000.0,-332378000000.0,日元(OECD自行季调),M,NETTRADE_FRED_SA,FRED(OECD转载财务省),VALIDATED_MIRROR,,TRADE_OECD_SA,2026-09-05,LATEST_HISTORY_PROXY,PROXY,CURRENT_HISTORY_ONLY_NO_VINTAGE,false,true,true
2015-07-31,2015-07,-193494000000.0,-193494000000.0,日元(OECD自行季调),M,NETTRADE_FRED_SA,FRED(OECD转载财务省),VALIDATED_MIRROR,,TRADE_OECD_SA,2026-09-05,LATEST_HISTORY_PROXY,PROXY,CURRENT_HISTORY_ONLY_NO_VINTAGE,false,true,true
2015-08-31,2015-08,-528202000000.0,-528202000000.0,日元(OECD自行季调),M,NETTRADE_FRED_SA,FRED(OECD转载财务省),VALIDATED_MIRROR,,TRADE_OECD_SA,2026-09-05,LATEST_HISTORY_PROXY,PROXY,CURRENT_HISTORY_ONLY_NO_VINTAGE,false,true,true
2015-09-30,2015-09,-316156000000.0,-316156000000.0,日元(OECD自行季调),M,NETTRADE_FRED_SA,FRED(OECD转载财务省),VALIDATED_MIRROR,,TRADE_OECD_SA,2026-09-05,LATEST_HISTORY_PROXY,PROXY,CURRENT_HISTORY_ONLY_NO_VINTAGE,false,true,true
2015-10-31,2015-10,-134294000000.00002,-134294000000.00002,日元(OECD自行季调),M,NETTRADE_FRED_SA,FRED(OECD转载财务省),VALIDATED_MIRROR,,TRADE_OECD_SA,2026-09-05,LATEST_HISTORY_PROXY,PROXY,CURRENT_HISTORY_ONLY_NO_VINTAGE,false,true,true
2015-11-30,2015-11,-38980000000.0,-38980000000.0,日元(OECD自行季调),M,NETTRADE_FRED_SA,FRED(OECD转载财务省),VALIDATED_MIRROR,,TRADE_OECD_SA,2026-09-05,LATEST_HISTORY_PROXY,PROXY,CURRENT_HISTORY_ONLY_NO_VINTAGE,false,true,true
2015-12-31,2015-12,128780000000.0,128780000000.0,日元(OECD自行季调),M,NETTRADE_FRED_SA,FRED(OECD转载财务省),VALIDATED_MIRROR,,TRADE_OECD_SA,2026-09-05,LATEST_HISTORY_PROXY,PROXY,CURRENT_HISTORY_ONLY_NO_VINTAGE,false,true,true
2016-01-31,2016-01,158651000000.0,158651000000.0,日元(OECD自行季调),M,NETTRADE_FRED_SA,FRED(OECD转载财务省),VALIDATED_MIRROR,,TRADE_OECD_SA,2026-09-05,LATEST_HISTORY_PROXY,PROXY,CURRENT_HISTORY_ONLY_NO_VINTAGE,false,true,true
2016-02-29,2016-02,32033000000.0,32033000000.0,日元(OECD自行季调),M,NETTRADE_FRED_SA,FRED(OECD转载财务省),VALIDATED_MIRROR,,TRADE_OECD_SA,2026-09-05,LATEST_HISTORY_PROXY,PROXY,CURRENT_HISTORY_ONLY_NO_VINTAGE,false,true,true
2016-03-31,2016-03,405550000000.0,405550000000.0,日元(OECD自行季调),M,NETTRADE_FRED_SA,FRED(OECD转载财务省),VALIDATED_MIRROR,,TRADE_OECD_SA,2026-09-05,LATEST_HISTORY_PROXY,PROXY,CURRENT_HISTORY_ONLY_NO_VINTAGE,false,true,true
2016-04-30,2016-04,405362000000.0,405362000000.0,日元(OECD自行季调),M,NETTRADE_FRED_SA,FRED(OECD转载财务省),VALIDATED_MIRROR,,TRADE_OECD_SA,2026-09-05,LATEST_HISTORY_PROXY,PROXY,CURRENT_HISTORY_ONLY_NO_VINTAGE,false,true,true
2016-05-31,2016-05,411150000000.0,411150000000.0,日元(OECD自行季调),M,NETTRADE_FRED_SA,FRED(OECD转载财务省),VALIDATED_MIRROR,,TRADE_OECD_SA,2026-09-05,LATEST_HISTORY_PROXY,PROXY,CURRENT_HISTORY_ONLY_NO_VINTAGE,false,true,true
2016-06-30,2016-06,385053000000.0,385053000000.0,日元(OECD自行季调),M,NETTRADE_FRED_SA,FRED(OECD转载财务省),VALIDATED_MIRROR,,TRADE_OECD_SA,2026-09-05,LATEST_HISTORY_PROXY,PROXY,CURRENT_HISTORY_ONLY_NO_VINTAGE,false,true,true
2016-07-31,2016-07,213314000000.0,213314000000.0,日元(OECD自行季调),M,NETTRADE_FRED_SA,FRED(OECD转载财务省),VALIDATED_MIRROR,,TRADE_OECD_SA,2026-09-05,LATEST_HISTORY_PROXY,PROXY,CURRENT_HISTORY_ONLY_NO_VINTAGE,false,true,true
2016-08-31,2016-08,191480000000.0,191480000000.0,日元(OECD自行季调),M,NETTRADE_FRED_SA,FRED(OECD转载财务省),VALIDATED_MIRROR,,TRADE_OECD_SA,2026-09-05,LATEST_HISTORY_PROXY,PROXY,CURRENT_HISTORY_ONLY_NO_VINTAGE,false,true,true
2016-09-30,2016-09,432112000000.0,432112000000.0,日元(OECD自行季调),M,NETTRADE_FRED_SA,FRED(OECD转载财务省),VALIDATED_MIRROR,,TRADE_OECD_SA,2026-09-05,LATEST_HISTORY_PROXY,PROXY,CURRENT_HISTORY_ONLY_NO_VINTAGE,false,true,true
2016-10-31,2016-10,285398000000.0,285398000000.0,日元(OECD自行季调),M,NETTRADE_FRED_SA,FRED(OECD转载财务省),VALIDATED_MIRROR,,TRADE_OECD_SA,2026-09-05,LATEST_HISTORY_PROXY,PROXY,CURRENT_HISTORY_ONLY_NO_VINTAGE,false,true,true
2016-11-30,2016-11,392267000000.0,392267000000.0,日元(OECD自行季调),M,NETTRADE_FRED_SA,FRED(OECD转载财务省),VALIDATED_MIRROR,,TRADE_OECD_SA,2026-09-05,LATEST_HISTORY_PROXY,PROXY,CURRENT_HISTORY_ONLY_NO_VINTAGE,false,true,true
2016-12-31,2016-12,454150000000.0,454150000000.0,日元(OECD自行季调),M,NETTRADE_FRED_SA,FRED(OECD转载财务省),VALIDATED_MIRROR,,TRADE_OECD_SA,2026-09-05,LATEST_HISTORY_PROXY,PROXY,CURRENT_HISTORY_ONLY_NO_VINTAGE,false,true,true
2017-01-31,2017-01,208669000000.0,208669000000.0,日元(OECD自行季调),M,NETTRADE_FRED_SA,FRED(OECD转载财务省),VALIDATED_MIRROR,,TRADE_OECD_SA,2026-09-05,LATEST_HISTORY_PROXY,PROXY,CURRENT_HISTORY_ONLY_NO_VINTAGE,false,true,true
2017-02-28,2017-02,393820000000.0,393820000000.0,日元(OECD自行季调),M,NETTRADE_FRED_SA,FRED(OECD转载财务省),VALIDATED_MIRROR,,TRADE_OECD_SA,2026-09-05,LATEST_HISTORY_PROXY,PROXY,CURRENT_HISTORY_ONLY_NO_VINTAGE,false,true,true
2017-03-31,2017-03,249032000000.0,249032000000.0,日元(OECD自行季调),M,NETTRADE_FRED_SA,FRED(OECD转载财务省),VALIDATED_MIRROR,,TRADE_OECD_SA,2026-09-05,LATEST_HISTORY_PROXY,PROXY,CURRENT_HISTORY_ONLY_NO_VINTAGE,false,true,true
2017-04-30,2017-04,-39019000000.0,-39019000000.0,日元(OECD自行季调),M,NETTRADE_FRED_SA,FRED(OECD转载财务省),VALIDATED_MIRROR,,TRADE_OECD_SA,2026-09-05,LATEST_HISTORY_PROXY,PROXY,CURRENT_HISTORY_ONLY_NO_VINTAGE,false,true,true
2017-05-31,2017-05,349143000000.0,349143000000.0,日元(OECD自行季调),M,NETTRADE_FRED_SA,FRED(OECD转载财务省),VALIDATED_MIRROR,,TRADE_OECD_SA,2026-09-05,LATEST_HISTORY_PROXY,PROXY,CURRENT_HISTORY_ONLY_NO_VINTAGE,false,true,true
2017-06-30,2017-06,82942000000.0,82942000000.0,日元(OECD自行季调),M,NETTRADE_FRED_SA,FRED(OECD转载财务省),VALIDATED_MIRROR,,TRADE_OECD_SA,2026-09-05,LATEST_HISTORY_PROXY,PROXY,CURRENT_HISTORY_ONLY_NO_VINTAGE,false,true,true
2017-07-31,2017-07,212025000000.0,212025000000.0,日元(OECD自行季调),M,NETTRADE_FRED_SA,FRED(OECD转载财务省),VALIDATED_MIRROR,,TRADE_OECD_SA,2026-09-05,LATEST_HISTORY_PROXY,PROXY,CURRENT_HISTORY_ONLY_NO_VINTAGE,false,true,true
2017-08-31,2017-08,322635000000.0,322635000000.0,日元(OECD自行季调),M,NETTRADE_FRED_SA,FRED(OECD转载财务省),VALIDATED_MIRROR,,TRADE_OECD_SA,2026-09-05,LATEST_HISTORY_PROXY,PROXY,CURRENT_HISTORY_ONLY_NO_VINTAGE,false,true,true
2017-09-30,2017-09,220494000000.0,220494000000.0,日元(OECD自行季调),M,NETTRADE_FRED_SA,FRED(OECD转载财务省),VALIDATED_MIRROR,,TRADE_OECD_SA,2026-09-05,LATEST_HISTORY_PROXY,PROXY,CURRENT_HISTORY_ONLY_NO_VINTAGE,false,true,true
2017-10-31,2017-10,293487000000.0,293487000000.0,日元(OECD自行季调),M,NETTRADE_FRED_SA,FRED(OECD转载财务省),VALIDATED_MIRROR,,TRADE_OECD_SA,2026-09-05,LATEST_HISTORY_PROXY,PROXY,CURRENT_HISTORY_ONLY_NO_VINTAGE,false,true,true
2017-11-30,2017-11,532066000000.00006,532066000000.00006,日元(OECD自行季调),M,NETTRADE_FRED_SA,FRED(OECD转载财务省),VALIDATED_MIRROR,,TRADE_OECD_SA,2026-09-05,LATEST_HISTORY_PROXY,PROXY,CURRENT_HISTORY_ONLY_NO_VINTAGE,false,true,true
2017-12-31,2017-12,75436000000.0,75436000000.0,日元(OECD自行季调),M,NETTRADE_FRED_SA,FRED(OECD转载财务省),VALIDATED_MIRROR,,TRADE_OECD_SA,2026-09-05,LATEST_HISTORY_PROXY,PROXY,CURRENT_HISTORY_ONLY_NO_VINTAGE,false,true,true
2018-01-31,2018-01,511763000000.0,511763000000.0,日元(OECD自行季调),M,NETTRADE_FRED_SA,FRED(OECD转载财务省),VALIDATED_MIRROR,,TRADE_OECD_SA,2026-09-05,LATEST_HISTORY_PROXY,PROXY,CURRENT_HISTORY_ONLY_NO_VINTAGE,false,true,true
2018-02-28,2018-02,-497489000000.0,-497489000000.0,日元(OECD自行季调),M,NETTRADE_FRED_SA,FRED(OECD转载财务省),VALIDATED_MIRROR,,TRADE_OECD_SA,2026-09-05,LATEST_HISTORY_PROXY,PROXY,CURRENT_HISTORY_ONLY_NO_VINTAGE,false,true,true
2018-03-31,2018-03,103940000000.0,103940000000.0,日元(OECD自行季调),M,NETTRADE_FRED_SA,FRED(OECD转载财务省),VALIDATED_MIRROR,,TRADE_OECD_SA,2026-09-05,LATEST_HISTORY_PROXY,PROXY,CURRENT_HISTORY_ONLY_NO_VINTAGE,false,true,true
2018-04-30,2018-04,506949000000.0,506949000000.0,日元(OECD自行季调),M,NETTRADE_FRED_SA,FRED(OECD转载财务省),VALIDATED_MIRROR,,TRADE_OECD_SA,2026-09-05,LATEST_HISTORY_PROXY,PROXY,CURRENT_HISTORY_ONLY_NO_VINTAGE,false,true,true
2018-05-31,2018-05,-42536000000.0,-42536000000.0,日元(OECD自行季调),M,NETTRADE_FRED_SA,FRED(OECD转载财务省),VALIDATED_MIRROR,,TRADE_OECD_SA,2026-09-05,LATEST_HISTORY_PROXY,PROXY,CURRENT_HISTORY_ONLY_NO_VINTAGE,false,true,true
2018-06-30,2018-06,-31831000000.0,-31831000000.0,日元(OECD自行季调),M,NETTRADE_FRED_SA,FRED(OECD转载财务省),VALIDATED_MIRROR,,TRADE_OECD_SA,2026-09-05,LATEST_HISTORY_PROXY,PROXY,CURRENT_HISTORY_ONLY_NO_VINTAGE,false,true,true
2018-07-31,2018-07,-211838000000.0,-211838000000.0,日元(OECD自行季调),M,NETTRADE_FRED_SA,FRED(OECD转载财务省),VALIDATED_MIRROR,,TRADE_OECD_SA,2026-09-05,LATEST_HISTORY_PROXY,PROXY,CURRENT_HISTORY_ONLY_NO_VINTAGE,false,true,true
2018-08-31,2018-08,-174581000000.0,-174581000000.0,日元(OECD自行季调),M,NETTRADE_FRED_SA,FRED(OECD转载财务省),VALIDATED_MIRROR,,TRADE_OECD_SA,2026-09-05,LATEST_HISTORY_PROXY,PROXY,CURRENT_HISTORY_ONLY_NO_VINTAGE,false,true,true
2018-09-30,2018-09,-275463000000.0,-275463000000.0,日元(OECD自行季调),M,NETTRADE_FRED_SA,FRED(OECD转载财务省),VALIDATED_MIRROR,,TRADE_OECD_SA,2026-09-05,LATEST_HISTORY_PROXY,PROXY,CURRENT_HISTORY_ONLY_NO_VINTAGE,false,true,true
2018-10-31,2018-10,-411856000000.0,-411856000000.0,日元(OECD自行季调),M,NETTRADE_FRED_SA,FRED(OECD转载财务省),VALIDATED_MIRROR,,TRADE_OECD_SA,2026-09-05,LATEST_HISTORY_PROXY,PROXY,CURRENT_HISTORY_ONLY_NO_VINTAGE,false,true,true
2018-11-30,2018-11,-304071000000.0,-304071000000.0,日元(OECD自行季调),M,NETTRADE_FRED_SA,FRED(OECD转载财务省),VALIDATED_MIRROR,,TRADE_OECD_SA,2026-09-05,LATEST_HISTORY_PROXY,PROXY,CURRENT_HISTORY_ONLY_NO_VINTAGE,false,true,true
2018-12-31,2018-12,-183573000000.0,-183573000000.0,日元(OECD自行季调),M,NETTRADE_FRED_SA,FRED(OECD转载财务省),VALIDATED_MIRROR,,TRADE_OECD_SA,2026-09-05,LATEST_HISTORY_PROXY,PROXY,CURRENT_HISTORY_ONLY_NO_VINTAGE,false,true,true
2019-01-31,2019-01,-48968000000.0,-48968000000.0,日元(OECD自行季调),M,NETTRADE_FRED_SA,FRED(OECD转载财务省),VALIDATED_MIRROR,,TRADE_OECD_SA,2026-09-05,LATEST_HISTORY_PROXY,PROXY,CURRENT_HISTORY_ONLY_NO_VINTAGE,false,true,true
2019-02-28,2019-02,-55991000000.0,-55991000000.0,日元(OECD自行季调),M,NETTRADE_FRED_SA,FRED(OECD转载财务省),VALIDATED_MIRROR,,TRADE_OECD_SA,2026-09-05,LATEST_HISTORY_PROXY,PROXY,CURRENT_HISTORY_ONLY_NO_VINTAGE,false,true,true
2019-03-31,2019-03,-265757999999.99997,-265757999999.99997,日元(OECD自行季调),M,NETTRADE_FRED_SA,FRED(OECD转载财务省),VALIDATED_MIRROR,,TRADE_OECD_SA,2026-09-05,LATEST_HISTORY_PROXY,PROXY,CURRENT_HISTORY_ONLY_NO_VINTAGE,false,true,true
2019-04-30,2019-04,-93166000000.0,-93166000000.0,日元(OECD自行季调),M,NETTRADE_FRED_SA,FRED(OECD转载财务省),VALIDATED_MIRROR,,TRADE_OECD_SA,2026-09-05,LATEST_HISTORY_PROXY,PROXY,CURRENT_HISTORY_ONLY_NO_VINTAGE,false,true,true
2019-05-31,2019-05,-451473000000.0,-451473000000.0,日元(OECD自行季调),M,NETTRADE_FRED_SA,FRED(OECD转载财务省),VALIDATED_MIRROR,,TRADE_OECD_SA,2026-09-05,LATEST_HISTORY_PROXY,PROXY,CURRENT_HISTORY_ONLY_NO_VINTAGE,false,true,true
2019-06-30,2019-06,-112662000000.0,-112662000000.0,日元(OECD自行季调),M,NETTRADE_FRED_SA,FRED(OECD转载财务省),VALIDATED_MIRROR,,TRADE_OECD_SA,2026-09-05,LATEST_HISTORY_PROXY,PROXY,CURRENT_HISTORY_ONLY_NO_VINTAGE,false,true,true
2019-07-31,2019-07,-266855000000.00003,-266855000000.00003,日元(OECD自行季调),M,NETTRADE_FRED_SA,FRED(OECD转载财务省),VALIDATED_MIRROR,,TRADE_OECD_SA,2026-09-05,LATEST_HISTORY_PROXY,PROXY,CURRENT_HISTORY_ONLY_NO_VINTAGE,false,true,true
2019-08-31,2019-08,-180824000000.0,-180824000000.0,日元(OECD自行季调),M,NETTRADE_FRED_SA,FRED(OECD转载财务省),VALIDATED_MIRROR,,TRADE_OECD_SA,2026-09-05,LATEST_HISTORY_PROXY,PROXY,CURRENT_HISTORY_ONLY_NO_VINTAGE,false,true,true
2019-09-30,2019-09,-52688000000.0,-52688000000.0,日元(OECD自行季调),M,NETTRADE_FRED_SA,FRED(OECD转载财务省),VALIDATED_MIRROR,,TRADE_OECD_SA,2026-09-05,LATEST_HISTORY_PROXY,PROXY,CURRENT_HISTORY_ONLY_NO_VINTAGE,false,true,true
2019-10-31,2019-10,-4998000000.0,-4998000000.0,日元(OECD自行季调),M,NETTRADE_FRED_SA,FRED(OECD转载财务省),VALIDATED_MIRROR,,TRADE_OECD_SA,2026-09-05,LATEST_HISTORY_PROXY,PROXY,CURRENT_HISTORY_ONLY_NO_VINTAGE,false,true,true
2019-11-30,2019-11,-124346000000.0,-124346000000.0,日元(OECD自行季调),M,NETTRADE_FRED_SA,FRED(OECD转载财务省),VALIDATED_MIRROR,,TRADE_OECD_SA,2026-09-05,LATEST_HISTORY_PROXY,PROXY,CURRENT_HISTORY_ONLY_NO_VINTAGE,false,true,true
2019-12-31,2019-12,-74830000000.0,-74830000000.0,日元(OECD自行季调),M,NETTRADE_FRED_SA,FRED(OECD转载财务省),VALIDATED_MIRROR,,TRADE_OECD_SA,2026-09-05,LATEST_HISTORY_PROXY,PROXY,CURRENT_HISTORY_ONLY_NO_VINTAGE,false,true,true
2020-01-31,2020-01,67779000000.0,67779000000.0,日元(OECD自行季调),M,NETTRADE_FRED_SA,FRED(OECD转载财务省),VALIDATED_MIRROR,,TRADE_OECD_SA,2026-09-05,LATEST_HISTORY_PROXY,PROXY,CURRENT_HISTORY_ONLY_NO_VINTAGE,false,true,true
2020-02-29,2020-02,596319000000.0,596319000000.0,日元(OECD自行季调),M,NETTRADE_FRED_SA,FRED(OECD转载财务省),VALIDATED_MIRROR,,TRADE_OECD_SA,2026-09-05,LATEST_HISTORY_PROXY,PROXY,CURRENT_HISTORY_ONLY_NO_VINTAGE,false,true,true
2020-03-31,2020-03,-336810000000.0,-336810000000.0,日元(OECD自行季调),M,NETTRADE_FRED_SA,FRED(OECD转载财务省),VALIDATED_MIRROR,,TRADE_OECD_SA,2026-09-05,LATEST_HISTORY_PROXY,PROXY,CURRENT_HISTORY_ONLY_NO_VINTAGE,false,true,true
2020-04-30,2020-04,-1029021999999.9999,-1029021999999.9999,日元(OECD自行季调),M,NETTRADE_FRED_SA,FRED(OECD转载财务省),VALIDATED_MIRROR,,TRADE_OECD_SA,2026-09-05,LATEST_HISTORY_PROXY,PROXY,CURRENT_HISTORY_ONLY_NO_VINTAGE,false,true,true
2020-05-31,2020-05,-822938000000.0,-822938000000.0,日元(OECD自行季调),M,NETTRADE_FRED_SA,FRED(OECD转载财务省),VALIDATED_MIRROR,,TRADE_OECD_SA,2026-09-05,LATEST_HISTORY_PROXY,PROXY,CURRENT_HISTORY_ONLY_NO_VINTAGE,false,true,true
2020-06-30,2020-06,-577141000000.0,-577141000000.0,日元(OECD自行季调),M,NETTRADE_FRED_SA,FRED(OECD转载财务省),VALIDATED_MIRROR,,TRADE_OECD_SA,2026-09-05,LATEST_HISTORY_PROXY,PROXY,CURRENT_HISTORY_ONLY_NO_VINTAGE,false,true,true
2020-07-31,2020-07,-80292000000.0,-80292000000.0,日元(OECD自行季调),M,NETTRADE_FRED_SA,FRED(OECD转载财务省),VALIDATED_MIRROR,,TRADE_OECD_SA,2026-09-05,LATEST_HISTORY_PROXY,PROXY,CURRENT_HISTORY_ONLY_NO_VINTAGE,false,true,true
2020-08-31,2020-08,295895000000.0,295895000000.0,日元(OECD自行季调),M,NETTRADE_FRED_SA,FRED(OECD转载财务省),VALIDATED_MIRROR,,TRADE_OECD_SA,2026-09-05,LATEST_HISTORY_PROXY,PROXY,CURRENT_HISTORY_ONLY_NO_VINTAGE,false,true,true
2020-09-30,2020-09,566769000000.0,566769000000.0,日元(OECD自行季调),M,NETTRADE_FRED_SA,FRED(OECD转载财务省),VALIDATED_MIRROR,,TRADE_OECD_SA,2026-09-05,LATEST_HISTORY_PROXY,PROXY,CURRENT_HISTORY_ONLY_NO_VINTAGE,false,true,true
2020-10-31,2020-10,551857000000.0,551857000000.0,日元(OECD自行季调),M,NETTRADE_FRED_SA,FRED(OECD转载财务省),VALIDATED_MIRROR,,TRADE_OECD_SA,2026-09-05,LATEST_HISTORY_PROXY,PROXY,CURRENT_HISTORY_ONLY_NO_VINTAGE,false,true,true
2020-11-30,2020-11,669249000000.0,669249000000.0,日元(OECD自行季调),M,NETTRADE_FRED_SA,FRED(OECD转载财务省),VALIDATED_MIRROR,,TRADE_OECD_SA,2026-09-05,LATEST_HISTORY_PROXY,PROXY,CURRENT_HISTORY_ONLY_NO_VINTAGE,false,true,true
2020-12-31,2020-12,650541000000.0,650541000000.0,日元(OECD自行季调),M,NETTRADE_FRED_SA,FRED(OECD转载财务省),VALIDATED_MIRROR,,TRADE_OECD_SA,2026-09-05,LATEST_HISTORY_PROXY,PROXY,CURRENT_HISTORY_ONLY_NO_VINTAGE,false,true,true
2021-01-31,2021-01,695344000000.0,695344000000.0,日元(OECD自行季调),M,NETTRADE_FRED_SA,FRED(OECD转载财务省),VALIDATED_MIRROR,,TRADE_OECD_SA,2026-09-05,LATEST_HISTORY_PROXY,PROXY,CURRENT_HISTORY_ONLY_NO_VINTAGE,false,true,true
2021-02-28,2021-02,-112053000000.0,-112053000000.0,日元(OECD自行季调),M,NETTRADE_FRED_SA,FRED(OECD转载财务省),VALIDATED_MIRROR,,TRADE_OECD_SA,2026-09-05,LATEST_HISTORY_PROXY,PROXY,CURRENT_HISTORY_ONLY_NO_VINTAGE,false,true,true
2021-03-31,2021-03,184615000000.0,184615000000.0,日元(OECD自行季调),M,NETTRADE_FRED_SA,FRED(OECD转载财务省),VALIDATED_MIRROR,,TRADE_OECD_SA,2026-09-05,LATEST_HISTORY_PROXY,PROXY,CURRENT_HISTORY_ONLY_NO_VINTAGE,false,true,true
2021-04-30,2021-04,94771000000.0,94771000000.0,日元(OECD自行季调),M,NETTRADE_FRED_SA,FRED(OECD转载财务省),VALIDATED_MIRROR,,TRADE_OECD_SA,2026-09-05,LATEST_HISTORY_PROXY,PROXY,CURRENT_HISTORY_ONLY_NO_VINTAGE,false,true,true
2021-05-31,2021-05,72767000000.0,72767000000.0,日元(OECD自行季调),M,NETTRADE_FRED_SA,FRED(OECD转载财务省),VALIDATED_MIRROR,,TRADE_OECD_SA,2026-09-05,LATEST_HISTORY_PROXY,PROXY,CURRENT_HISTORY_ONLY_NO_VINTAGE,false,true,true
2021-06-30,2021-06,-165782000000.0,-165782000000.0,日元(OECD自行季调),M,NETTRADE_FRED_SA,FRED(OECD转载财务省),VALIDATED_MIRROR,,TRADE_OECD_SA,2026-09-05,LATEST_HISTORY_PROXY,PROXY,CURRENT_HISTORY_ONLY_NO_VINTAGE,false,true,true
2021-07-31,2021-07,12586000000.0,12586000000.0,日元(OECD自行季调),M,NETTRADE_FRED_SA,FRED(OECD转载财务省),VALIDATED_MIRROR,,TRADE_OECD_SA,2026-09-05,LATEST_HISTORY_PROXY,PROXY,CURRENT_HISTORY_ONLY_NO_VINTAGE,false,true,true
2021-08-31,2021-08,-270190999999.99997,-270190999999.99997,日元(OECD自行季调),M,NETTRADE_FRED_SA,FRED(OECD转载财务省),VALIDATED_MIRROR,,TRADE_OECD_SA,2026-09-05,LATEST_HISTORY_PROXY,PROXY,CURRENT_HISTORY_ONLY_NO_VINTAGE,false,true,true
2021-09-30,2021-09,-586225000000.0,-586225000000.0,日元(OECD自行季调),M,NETTRADE_FRED_SA,FRED(OECD转载财务省),VALIDATED_MIRROR,,TRADE_OECD_SA,2026-09-05,LATEST_HISTORY_PROXY,PROXY,CURRENT_HISTORY_ONLY_NO_VINTAGE,false,true,true
2021-10-31,2021-10,-447404000000.0,-447404000000.0,日元(OECD自行季调),M,NETTRADE_FRED_SA,FRED(OECD转载财务省),VALIDATED_MIRROR,,TRADE_OECD_SA,2026-09-05,LATEST_HISTORY_PROXY,PROXY,CURRENT_HISTORY_ONLY_NO_VINTAGE,false,true,true
2021-11-30,2021-11,-587980000000.0,-587980000000.0,日元(OECD自行季调),M,NETTRADE_FRED_SA,FRED(OECD转载财务省),VALIDATED_MIRROR,,TRADE_OECD_SA,2026-09-05,LATEST_HISTORY_PROXY,PROXY,CURRENT_HISTORY_ONLY_NO_VINTAGE,false,true,true
2021-12-31,2021-12,-631795000000.0,-631795000000.0,日元(OECD自行季调),M,NETTRADE_FRED_SA,FRED(OECD转载财务省),VALIDATED_MIRROR,,TRADE_OECD_SA,2026-09-05,LATEST_HISTORY_PROXY,PROXY,CURRENT_HISTORY_ONLY_NO_VINTAGE,false,true,true
2022-01-31,2022-01,-885232000000.0,-885232000000.0,日元(OECD自行季调),M,NETTRADE_FRED_SA,FRED(OECD转载财务省),VALIDATED_MIRROR,,TRADE_OECD_SA,2026-09-05,LATEST_HISTORY_PROXY,PROXY,CURRENT_HISTORY_ONLY_NO_VINTAGE,false,true,true
2022-02-28,2022-02,-1135828000000.0,-1135828000000.0,日元(OECD自行季调),M,NETTRADE_FRED_SA,FRED(OECD转载财务省),VALIDATED_MIRROR,,TRADE_OECD_SA,2026-09-05,LATEST_HISTORY_PROXY,PROXY,CURRENT_HISTORY_ONLY_NO_VINTAGE,false,true,true
2022-03-31,2022-03,-1009054000000.0,-1009054000000.0,日元(OECD自行季调),M,NETTRADE_FRED_SA,FRED(OECD转载财务省),VALIDATED_MIRROR,,TRADE_OECD_SA,2026-09-05,LATEST_HISTORY_PROXY,PROXY,CURRENT_HISTORY_ONLY_NO_VINTAGE,false,true,true
2022-04-30,2022-04,-1510498000000.0,-1510498000000.0,日元(OECD自行季调),M,NETTRADE_FRED_SA,FRED(OECD转载财务省),VALIDATED_MIRROR,,TRADE_OECD_SA,2026-09-05,LATEST_HISTORY_PROXY,PROXY,CURRENT_HISTORY_ONLY_NO_VINTAGE,false,true,true
2022-05-31,2022-05,-1835173000000.0,-1835173000000.0,日元(OECD自行季调),M,NETTRADE_FRED_SA,FRED(OECD转载财务省),VALIDATED_MIRROR,,TRADE_OECD_SA,2026-09-05,LATEST_HISTORY_PROXY,PROXY,CURRENT_HISTORY_ONLY_NO_VINTAGE,false,true,true
2022-06-30,2022-06,-1860521000000.0,-1860521000000.0,日元(OECD自行季调),M,NETTRADE_FRED_SA,FRED(OECD转载财务省),VALIDATED_MIRROR,,TRADE_OECD_SA,2026-09-05,LATEST_HISTORY_PROXY,PROXY,CURRENT_HISTORY_ONLY_NO_VINTAGE,false,true,true
2022-07-31,2022-07,-2143516000000.0,-2143516000000.0,日元(OECD自行季调),M,NETTRADE_FRED_SA,FRED(OECD转载财务省),VALIDATED_MIRROR,,TRADE_OECD_SA,2026-09-05,LATEST_HISTORY_PROXY,PROXY,CURRENT_HISTORY_ONLY_NO_VINTAGE,false,true,true
2022-08-31,2022-08,-2222879000000.0,-2222879000000.0,日元(OECD自行季调),M,NETTRADE_FRED_SA,FRED(OECD转载财务省),VALIDATED_MIRROR,,TRADE_OECD_SA,2026-09-05,LATEST_HISTORY_PROXY,PROXY,CURRENT_HISTORY_ONLY_NO_VINTAGE,false,true,true
2022-09-30,2022-09,-2025081000000.0,-2025081000000.0,日元(OECD自行季调),M,NETTRADE_FRED_SA,FRED(OECD转载财务省),VALIDATED_MIRROR,,TRADE_OECD_SA,2026-09-05,LATEST_HISTORY_PROXY,PROXY,CURRENT_HISTORY_ONLY_NO_VINTAGE,false,true,true
2022-10-31,2022-10,-2368716000000.0,-2368716000000.0,日元(OECD自行季调),M,NETTRADE_FRED_SA,FRED(OECD转载财务省),VALIDATED_MIRROR,,TRADE_OECD_SA,2026-09-05,LATEST_HISTORY_PROXY,PROXY,CURRENT_HISTORY_ONLY_NO_VINTAGE,false,true,true
2022-11-30,2022-11,-1809194000000.0,-1809194000000.0,日元(OECD自行季调),M,NETTRADE_FRED_SA,FRED(OECD转载财务省),VALIDATED_MIRROR,,TRADE_OECD_SA,2026-09-05,LATEST_HISTORY_PROXY,PROXY,CURRENT_HISTORY_ONLY_NO_VINTAGE,false,true,true
2022-12-31,2022-12,-2027518000000.0,-2027518000000.0,日元(OECD自行季调),M,NETTRADE_FRED_SA,FRED(OECD转载财务省),VALIDATED_MIRROR,,TRADE_OECD_SA,2026-09-05,LATEST_HISTORY_PROXY,PROXY,CURRENT_HISTORY_ONLY_NO_VINTAGE,false,true,true
2023-01-31,2023-01,-1745755000000.0,-1745755000000.0,日元(OECD自行季调),M,NETTRADE_FRED_SA,FRED(OECD转载财务省),VALIDATED_MIRROR,,TRADE_OECD_SA,2026-09-05,LATEST_HISTORY_PROXY,PROXY,CURRENT_HISTORY_ONLY_NO_VINTAGE,false,true,true
2023-02-28,2023-02,-1377468000000.0,-1377468000000.0,日元(OECD自行季调),M,NETTRADE_FRED_SA,FRED(OECD转载财务省),VALIDATED_MIRROR,,TRADE_OECD_SA,2026-09-05,LATEST_HISTORY_PROXY,PROXY,CURRENT_HISTORY_ONLY_NO_VINTAGE,false,true,true
2023-03-31,2023-03,-1234675000000.0,-1234675000000.0,日元(OECD自行季调),M,NETTRADE_FRED_SA,FRED(OECD转载财务省),VALIDATED_MIRROR,,TRADE_OECD_SA,2026-09-05,LATEST_HISTORY_PROXY,PROXY,CURRENT_HISTORY_ONLY_NO_VINTAGE,false,true,true
2023-04-30,2023-04,-1053638999999.9999,-1053638999999.9999,日元(OECD自行季调),M,NETTRADE_FRED_SA,FRED(OECD转载财务省),VALIDATED_MIRROR,,TRADE_OECD_SA,2026-09-05,LATEST_HISTORY_PROXY,PROXY,CURRENT_HISTORY_ONLY_NO_VINTAGE,false,true,true
2023-05-31,2023-05,-788931000000.0,-788931000000.0,日元(OECD自行季调),M,NETTRADE_FRED_SA,FRED(OECD转载财务省),VALIDATED_MIRROR,,TRADE_OECD_SA,2026-09-05,LATEST_HISTORY_PROXY,PROXY,CURRENT_HISTORY_ONLY_NO_VINTAGE,false,true,true
2023-06-30,2023-06,-411169000000.0,-411169000000.0,日元(OECD自行季调),M,NETTRADE_FRED_SA,FRED(OECD转载财务省),VALIDATED_MIRROR,,TRADE_OECD_SA,2026-09-05,LATEST_HISTORY_PROXY,PROXY,CURRENT_HISTORY_ONLY_NO_VINTAGE,false,true,true
2023-07-31,2023-07,-445164000000.0,-445164000000.0,日元(OECD自行季调),M,NETTRADE_FRED_SA,FRED(OECD转载财务省),VALIDATED_MIRROR,,TRADE_OECD_SA,2026-09-05,LATEST_HISTORY_PROXY,PROXY,CURRENT_HISTORY_ONLY_NO_VINTAGE,false,true,true
2023-08-31,2023-08,-422397000000.0,-422397000000.0,日元(OECD自行季调),M,NETTRADE_FRED_SA,FRED(OECD转载财务省),VALIDATED_MIRROR,,TRADE_OECD_SA,2026-09-05,LATEST_HISTORY_PROXY,PROXY,CURRENT_HISTORY_ONLY_NO_VINTAGE,false,true,true
2023-09-30,2023-09,-493005000000.0,-493005000000.0,日元(OECD自行季调),M,NETTRADE_FRED_SA,FRED(OECD转载财务省),VALIDATED_MIRROR,,TRADE_OECD_SA,2026-09-05,LATEST_HISTORY_PROXY,PROXY,CURRENT_HISTORY_ONLY_NO_VINTAGE,false,true,true
2023-10-31,2023-10,-516890000000.0,-516890000000.0,日元(OECD自行季调),M,NETTRADE_FRED_SA,FRED(OECD转载财务省),VALIDATED_MIRROR,,TRADE_OECD_SA,2026-09-05,LATEST_HISTORY_PROXY,PROXY,CURRENT_HISTORY_ONLY_NO_VINTAGE,false,true,true
2023-11-30,2023-11,-456133000000.0,-456133000000.0,日元(OECD自行季调),M,NETTRADE_FRED_SA,FRED(OECD转载财务省),VALIDATED_MIRROR,,TRADE_OECD_SA,2026-09-05,LATEST_HISTORY_PROXY,PROXY,CURRENT_HISTORY_ONLY_NO_VINTAGE,false,true,true
2023-12-31,2023-12,-740970000000.0,-740970000000.0,日元(OECD自行季调),M,NETTRADE_FRED_SA,FRED(OECD转载财务省),VALIDATED_MIRROR,,TRADE_OECD_SA,2026-09-05,LATEST_HISTORY_PROXY,PROXY,CURRENT_HISTORY_ONLY_NO_VINTAGE,false,true,true
2024-01-31,2024-01,62291000000.0,62291000000.0,日元(OECD自行季调),M,NETTRADE_FRED_SA,FRED(OECD转载财务省),VALIDATED_MIRROR,,TRADE_OECD_SA,2026-09-05,LATEST_HISTORY_PROXY,PROXY,CURRENT_HISTORY_ONLY_NO_VINTAGE,false,true,true
2024-02-29,2024-02,-666617000000.0,-666617000000.0,日元(OECD自行季调),M,NETTRADE_FRED_SA,FRED(OECD转载财务省),VALIDATED_MIRROR,,TRADE_OECD_SA,2026-09-05,LATEST_HISTORY_PROXY,PROXY,CURRENT_HISTORY_ONLY_NO_VINTAGE,false,true,true
2024-03-31,2024-03,-751219000000.0,-751219000000.0,日元(OECD自行季调),M,NETTRADE_FRED_SA,FRED(OECD转载财务省),VALIDATED_MIRROR,,TRADE_OECD_SA,2026-09-05,LATEST_HISTORY_PROXY,PROXY,CURRENT_HISTORY_ONLY_NO_VINTAGE,false,true,true
2024-04-30,2024-04,-582917000000.0,-582917000000.0,日元(OECD自行季调),M,NETTRADE_FRED_SA,FRED(OECD转载财务省),VALIDATED_MIRROR,,TRADE_OECD_SA,2026-09-05,LATEST_HISTORY_PROXY,PROXY,CURRENT_HISTORY_ONLY_NO_VINTAGE,false,true,true
2024-05-31,2024-05,-539851000000.0,-539851000000.0,日元(OECD自行季调),M,NETTRADE_FRED_SA,FRED(OECD转载财务省),VALIDATED_MIRROR,,TRADE_OECD_SA,2026-09-05,LATEST_HISTORY_PROXY,PROXY,CURRENT_HISTORY_ONLY_NO_VINTAGE,false,true,true
2024-06-30,2024-06,-780948000000.0,-780948000000.0,日元(OECD自行季调),M,NETTRADE_FRED_SA,FRED(OECD转载财务省),VALIDATED_MIRROR,,TRADE_OECD_SA,2026-09-05,LATEST_HISTORY_PROXY,PROXY,CURRENT_HISTORY_ONLY_NO_VINTAGE,false,true,true
2024-07-31,2024-07,-615461000000.0,-615461000000.0,日元(OECD自行季调),M,NETTRADE_FRED_SA,FRED(OECD转载财务省),VALIDATED_MIRROR,,TRADE_OECD_SA,2026-09-05,LATEST_HISTORY_PROXY,PROXY,CURRENT_HISTORY_ONLY_NO_VINTAGE,false,true,true
2024-08-31,2024-08,-555218000000.0,-555218000000.0,日元(OECD自行季调),M,NETTRADE_FRED_SA,FRED(OECD转载财务省),VALIDATED_MIRROR,,TRADE_OECD_SA,2026-09-05,LATEST_HISTORY_PROXY,PROXY,CURRENT_HISTORY_ONLY_NO_VINTAGE,false,true,true
2024-09-30,2024-09,-214883000000.0,-214883000000.0,日元(OECD自行季调),M,NETTRADE_FRED_SA,FRED(OECD转载财务省),VALIDATED_MIRROR,,TRADE_OECD_SA,2026-09-05,LATEST_HISTORY_PROXY,PROXY,CURRENT_HISTORY_ONLY_NO_VINTAGE,false,true,true
2024-10-31,2024-10,-378011000000.0,-378011000000.0,日元(OECD自行季调),M,NETTRADE_FRED_SA,FRED(OECD转载财务省),VALIDATED_MIRROR,,TRADE_OECD_SA,2026-09-05,LATEST_HISTORY_PROXY,PROXY,CURRENT_HISTORY_ONLY_NO_VINTAGE,false,true,true
2024-11-30,2024-11,-389378000000.0,-389378000000.0,日元(OECD自行季调),M,NETTRADE_FRED_SA,FRED(OECD转载财务省),VALIDATED_MIRROR,,TRADE_OECD_SA,2026-09-05,LATEST_HISTORY_PROXY,PROXY,CURRENT_HISTORY_ONLY_NO_VINTAGE,false,true,true
2024-12-31,2024-12,-78716000000.0,-78716000000.0,日元(OECD自行季调),M,NETTRADE_FRED_SA,FRED(OECD转载财务省),VALIDATED_MIRROR,,TRADE_OECD_SA,2026-09-05,LATEST_HISTORY_PROXY,PROXY,CURRENT_HISTORY_ONLY_NO_VINTAGE,false,true,true
2025-01-31,2025-01,-753418000000.0,-753418000000.0,日元(OECD自行季调),M,NETTRADE_FRED_SA,FRED(OECD转载财务省),VALIDATED_MIRROR,,TRADE_OECD_SA,2026-09-05,LATEST_HISTORY_PROXY,PROXY,CURRENT_HISTORY_ONLY_NO_VINTAGE,false,true,true
2025-02-28,2025-02,165654000000.0,165654000000.0,日元(OECD自行季调),M,NETTRADE_FRED_SA,FRED(OECD转载财务省),VALIDATED_MIRROR,,TRADE_OECD_SA,2026-09-05,LATEST_HISTORY_PROXY,PROXY,CURRENT_HISTORY_ONLY_NO_VINTAGE,false,true,true
2025-03-31,2025-03,-364623000000.0,-364623000000.0,日元(OECD自行季调),M,NETTRADE_FRED_SA,FRED(OECD转载财务省),VALIDATED_MIRROR,,TRADE_OECD_SA,2026-09-05,LATEST_HISTORY_PROXY,PROXY,CURRENT_HISTORY_ONLY_NO_VINTAGE,false,true,true
2025-04-30,2025-04,-425214000000.0,-425214000000.0,日元(OECD自行季调),M,NETTRADE_FRED_SA,FRED(OECD转载财务省),VALIDATED_MIRROR,,TRADE_OECD_SA,2026-09-05,LATEST_HISTORY_PROXY,PROXY,CURRENT_HISTORY_ONLY_NO_VINTAGE,false,true,true
2025-05-31,2025-05,-412149000000.0,-412149000000.0,日元(OECD自行季调),M,NETTRADE_FRED_SA,FRED(OECD转载财务省),VALIDATED_MIRROR,,TRADE_OECD_SA,2026-09-05,LATEST_HISTORY_PROXY,PROXY,CURRENT_HISTORY_ONLY_NO_VINTAGE,false,true,true
2025-06-30,2025-06,-215761000000.0,-215761000000.0,日元(OECD自行季调),M,NETTRADE_FRED_SA,FRED(OECD转载财务省),VALIDATED_MIRROR,,TRADE_OECD_SA,2026-09-05,LATEST_HISTORY_PROXY,PROXY,CURRENT_HISTORY_ONLY_NO_VINTAGE,false,true,true
2025-07-31,2025-07,-170746000000.0,-170746000000.0,日元(OECD自行季调),M,NETTRADE_FRED_SA,FRED(OECD转载财务省),VALIDATED_MIRROR,,TRADE_OECD_SA,2026-09-05,LATEST_HISTORY_PROXY,PROXY,CURRENT_HISTORY_ONLY_NO_VINTAGE,false,true,true
2025-08-31,2025-08,-224414000000.0,-224414000000.0,日元(OECD自行季调),M,NETTRADE_FRED_SA,FRED(OECD转载财务省),VALIDATED_MIRROR,,TRADE_OECD_SA,2026-09-05,LATEST_HISTORY_PROXY,PROXY,CURRENT_HISTORY_ONLY_NO_VINTAGE,false,true,true
2025-09-30,2025-09,-241040000000.0,-241040000000.0,日元(OECD自行季调),M,NETTRADE_FRED_SA,FRED(OECD转载财务省),VALIDATED_MIRROR,,TRADE_OECD_SA,2026-09-05,LATEST_HISTORY_PROXY,PROXY,CURRENT_HISTORY_ONLY_NO_VINTAGE,false,true,true
2025-10-31,2025-10,-87189000000.0,-87189000000.0,日元(OECD自行季调),M,NETTRADE_FRED_SA,FRED(OECD转载财务省),VALIDATED_MIRROR,,TRADE_OECD_SA,2026-09-05,LATEST_HISTORY_PROXY,PROXY,CURRENT_HISTORY_ONLY_NO_VINTAGE,false,true,true
2025-11-30,2025-11,48535000000.0,48535000000.0,日元(OECD自行季调),M,NETTRADE_FRED_SA,FRED(OECD转载财务省),VALIDATED_MIRROR,,TRADE_OECD_SA,2026-09-05,LATEST_HISTORY_PROXY,PROXY,CURRENT_HISTORY_ONLY_NO_VINTAGE,false,true,true
2025-12-31,2025-12,-78447000000.0,-78447000000.0,日元(OECD自行季调),M,NETTRADE_FRED_SA,FRED(OECD转载财务省),VALIDATED_MIRROR,,TRADE_OECD_SA,2026-09-05,LATEST_HISTORY_PROXY,PROXY,CURRENT_HISTORY_ONLY_NO_VINTAGE,false,true,true
2026-01-31,2026-01,527952000000.0,527952000000.0,日元(OECD自行季调),M,NETTRADE_FRED_SA,FRED(OECD转载财务省),VALIDATED_MIRROR,,TRADE_OECD_SA,2026-09-05,LATEST_HISTORY_PROXY,PROXY,CURRENT_HISTORY_ONLY_NO_VINTAGE,false,true,true
2026-02-28,2026-02,-430888000000.0,-430888000000.0,日元(OECD自行季调),M,NETTRADE_FRED_SA,FRED(OECD转载财务省),VALIDATED_MIRROR,,TRADE_OECD_SA,2026-09-05,LATEST_HISTORY_PROXY,PROXY,CURRENT_HISTORY_ONLY_NO_VINTAGE,false,true,true
2026-03-31,2026-03,31982000000.0,31982000000.0,日元(OECD自行季调),M,NETTRADE_FRED_SA,FRED(OECD转载财务省),VALIDATED_MIRROR,,TRADE_OECD_SA,2026-09-05,LATEST_HISTORY_PROXY,PROXY,CURRENT_HISTORY_ONLY_NO_VINTAGE,false,true,true
2026-04-30,2026-04,172048000000.0,172048000000.0,日元(OECD自行季调),M,NETTRADE_FRED_SA,FRED(OECD转载财务省),VALIDATED_MIRROR,,TRADE_OECD_SA,2026-09-05,LATEST_HISTORY_PROXY,PROXY,CURRENT_HISTORY_ONLY_NO_VINTAGE,false,true,true
2026-05-31,2026-05,-221112000000.0,-221112000000.0,日元(OECD自行季调),M,NETTRADE_FRED_SA,FRED(OECD转载财务省),VALIDATED_MIRROR,,TRADE_OECD_SA,2026-09-05,LATEST_HISTORY_PROXY,PROXY,CURRENT_HISTORY_ONLY_NO_VINTAGE,false,true,true
2026-06-30,2026-06,-881932000000.0,-881932000000.0,日元(OECD自行季调),M,NETTRADE_FRED_SA,FRED(OECD转载财务省),VALIDATED_MIRROR,,TRADE_OECD_SA,2026-09-05,LATEST_HISTORY_PROXY,PROXY,CURRENT_HISTORY_ONLY_NO_VINTAGE,false,true,true
