date,period,value,value_raw,unit,freq,source,provider,source_type,definition_regime,note,value_available_date,vintage_type,release_rule_status,vintage_evidence,historical_realtime_eligible,post_vad_eligible,source_validity_eligible
1970-01-31,1970-01,45652,45652,亿日元,M,MONETARY_BASE,BOJ,OFFICIAL_CANONICAL,,,1970-02-15,REALTIME_ASSUMED,CONSERVATIVE_PROXY,OFFICIAL_NO_REV_AUDIT,conditional,true,true
1970-02-28,1970-02,42889,42889,亿日元,M,MONETARY_BASE,BOJ,OFFICIAL_CANONICAL,,,1970-03-15,REALTIME_ASSUMED,CONSERVATIVE_PROXY,OFFICIAL_NO_REV_AUDIT,conditional,true,true
1970-03-31,1970-03,44223,44223,亿日元,M,MONETARY_BASE,BOJ,OFFICIAL_CANONICAL,,,1970-04-15,REALTIME_ASSUMED,CONSERVATIVE_PROXY,OFFICIAL_NO_REV_AUDIT,conditional,true,true
1970-04-30,1970-04,44354,44354,亿日元,M,MONETARY_BASE,BOJ,OFFICIAL_CANONICAL,,,1970-05-15,REALTIME_ASSUMED,CONSERVATIVE_PROXY,OFFICIAL_NO_REV_AUDIT,conditional,true,true
1970-05-31,1970-05,43996,43996,亿日元,M,MONETARY_BASE,BOJ,OFFICIAL_CANONICAL,,,1970-06-15,REALTIME_ASSUMED,CONSERVATIVE_PROXY,OFFICIAL_NO_REV_AUDIT,conditional,true,true
1970-06-30,1970-06,45532,45532,亿日元,M,MONETARY_BASE,BOJ,OFFICIAL_CANONICAL,,,1970-07-15,REALTIME_ASSUMED,CONSERVATIVE_PROXY,OFFICIAL_NO_REV_AUDIT,conditional,true,true
1970-07-31,1970-07,47710,47710,亿日元,M,MONETARY_BASE,BOJ,OFFICIAL_CANONICAL,,,1970-08-15,REALTIME_ASSUMED,CONSERVATIVE_PROXY,OFFICIAL_NO_REV_AUDIT,conditional,true,true
1970-08-31,1970-08,47586,47586,亿日元,M,MONETARY_BASE,BOJ,OFFICIAL_CANONICAL,,,1970-09-15,REALTIME_ASSUMED,CONSERVATIVE_PROXY,OFFICIAL_NO_REV_AUDIT,conditional,true,true
1970-09-30,1970-09,45499,45499,亿日元,M,MONETARY_BASE,BOJ,OFFICIAL_CANONICAL,,,1970-10-15,REALTIME_ASSUMED,CONSERVATIVE_PROXY,OFFICIAL_NO_REV_AUDIT,conditional,true,true
1970-10-31,1970-10,46467,46467,亿日元,M,MONETARY_BASE,BOJ,OFFICIAL_CANONICAL,,,1970-11-15,REALTIME_ASSUMED,CONSERVATIVE_PROXY,OFFICIAL_NO_REV_AUDIT,conditional,true,true
1970-11-30,1970-11,46766,46766,亿日元,M,MONETARY_BASE,BOJ,OFFICIAL_CANONICAL,,,1970-12-15,REALTIME_ASSUMED,CONSERVATIVE_PROXY,OFFICIAL_NO_REV_AUDIT,conditional,true,true
1970-12-31,1970-12,58302,58302,亿日元,M,MONETARY_BASE,BOJ,OFFICIAL_CANONICAL,,,1971-01-15,REALTIME_ASSUMED,CONSERVATIVE_PROXY,OFFICIAL_NO_REV_AUDIT,conditional,true,true
1971-01-31,1971-01,53149,53149,亿日元,M,MONETARY_BASE,BOJ,OFFICIAL_CANONICAL,,,1971-02-15,REALTIME_ASSUMED,CONSERVATIVE_PROXY,OFFICIAL_NO_REV_AUDIT,conditional,true,true
1971-02-28,1971-02,50060,50060,亿日元,M,MONETARY_BASE,BOJ,OFFICIAL_CANONICAL,,,1971-03-15,REALTIME_ASSUMED,CONSERVATIVE_PROXY,OFFICIAL_NO_REV_AUDIT,conditional,true,true
1971-03-31,1971-03,51169,51169,亿日元,M,MONETARY_BASE,BOJ,OFFICIAL_CANONICAL,,,1971-04-15,REALTIME_ASSUMED,CONSERVATIVE_PROXY,OFFICIAL_NO_REV_AUDIT,conditional,true,true
1971-04-30,1971-04,51425,51425,亿日元,M,MONETARY_BASE,BOJ,OFFICIAL_CANONICAL,,,1971-05-15,REALTIME_ASSUMED,CONSERVATIVE_PROXY,OFFICIAL_NO_REV_AUDIT,conditional,true,true
1971-05-31,1971-05,51431,51431,亿日元,M,MONETARY_BASE,BOJ,OFFICIAL_CANONICAL,,,1971-06-15,REALTIME_ASSUMED,CONSERVATIVE_PROXY,OFFICIAL_NO_REV_AUDIT,conditional,true,true
1971-06-30,1971-06,52810,52810,亿日元,M,MONETARY_BASE,BOJ,OFFICIAL_CANONICAL,,,1971-07-15,REALTIME_ASSUMED,CONSERVATIVE_PROXY,OFFICIAL_NO_REV_AUDIT,conditional,true,true
1971-07-31,1971-07,55760,55760,亿日元,M,MONETARY_BASE,BOJ,OFFICIAL_CANONICAL,,,1971-08-15,REALTIME_ASSUMED,CONSERVATIVE_PROXY,OFFICIAL_NO_REV_AUDIT,conditional,true,true
1971-08-31,1971-08,55868,55868,亿日元,M,MONETARY_BASE,BOJ,OFFICIAL_CANONICAL,,,1971-09-15,REALTIME_ASSUMED,CONSERVATIVE_PROXY,OFFICIAL_NO_REV_AUDIT,conditional,true,true
1971-09-30,1971-09,53424,53424,亿日元,M,MONETARY_BASE,BOJ,OFFICIAL_CANONICAL,,,1971-10-15,REALTIME_ASSUMED,CONSERVATIVE_PROXY,OFFICIAL_NO_REV_AUDIT,conditional,true,true
1971-10-31,1971-10,54164,54164,亿日元,M,MONETARY_BASE,BOJ,OFFICIAL_CANONICAL,,,1971-11-15,REALTIME_ASSUMED,CONSERVATIVE_PROXY,OFFICIAL_NO_REV_AUDIT,conditional,true,true
1971-11-30,1971-11,54232,54232,亿日元,M,MONETARY_BASE,BOJ,OFFICIAL_CANONICAL,,,1971-12-15,REALTIME_ASSUMED,CONSERVATIVE_PROXY,OFFICIAL_NO_REV_AUDIT,conditional,true,true
1971-12-31,1971-12,67425,67425,亿日元,M,MONETARY_BASE,BOJ,OFFICIAL_CANONICAL,,,1972-01-15,REALTIME_ASSUMED,CONSERVATIVE_PROXY,OFFICIAL_NO_REV_AUDIT,conditional,true,true
1972-01-31,1972-01,61839,61839,亿日元,M,MONETARY_BASE,BOJ,OFFICIAL_CANONICAL,,,1972-02-15,REALTIME_ASSUMED,CONSERVATIVE_PROXY,OFFICIAL_NO_REV_AUDIT,conditional,true,true
1972-02-29,1972-02,57815,57815,亿日元,M,MONETARY_BASE,BOJ,OFFICIAL_CANONICAL,,,1972-03-15,REALTIME_ASSUMED,CONSERVATIVE_PROXY,OFFICIAL_NO_REV_AUDIT,conditional,true,true
1972-03-31,1972-03,59427,59427,亿日元,M,MONETARY_BASE,BOJ,OFFICIAL_CANONICAL,,,1972-04-15,REALTIME_ASSUMED,CONSERVATIVE_PROXY,OFFICIAL_NO_REV_AUDIT,conditional,true,true
1972-04-30,1972-04,60611,60611,亿日元,M,MONETARY_BASE,BOJ,OFFICIAL_CANONICAL,,,1972-05-15,REALTIME_ASSUMED,CONSERVATIVE_PROXY,OFFICIAL_NO_REV_AUDIT,conditional,true,true
1972-05-31,1972-05,59565,59565,亿日元,M,MONETARY_BASE,BOJ,OFFICIAL_CANONICAL,,,1972-06-15,REALTIME_ASSUMED,CONSERVATIVE_PROXY,OFFICIAL_NO_REV_AUDIT,conditional,true,true
1972-06-30,1972-06,63082,63082,亿日元,M,MONETARY_BASE,BOJ,OFFICIAL_CANONICAL,,,1972-07-15,REALTIME_ASSUMED,CONSERVATIVE_PROXY,OFFICIAL_NO_REV_AUDIT,conditional,true,true
1972-07-31,1972-07,65832,65832,亿日元,M,MONETARY_BASE,BOJ,OFFICIAL_CANONICAL,,,1972-08-15,REALTIME_ASSUMED,CONSERVATIVE_PROXY,OFFICIAL_NO_REV_AUDIT,conditional,true,true
1972-08-31,1972-08,65556,65556,亿日元,M,MONETARY_BASE,BOJ,OFFICIAL_CANONICAL,,,1972-09-15,REALTIME_ASSUMED,CONSERVATIVE_PROXY,OFFICIAL_NO_REV_AUDIT,conditional,true,true
1972-09-30,1972-09,64183,64183,亿日元,M,MONETARY_BASE,BOJ,OFFICIAL_CANONICAL,,,1972-10-15,REALTIME_ASSUMED,CONSERVATIVE_PROXY,OFFICIAL_NO_REV_AUDIT,conditional,true,true
1972-10-31,1972-10,65713,65713,亿日元,M,MONETARY_BASE,BOJ,OFFICIAL_CANONICAL,,,1972-11-15,REALTIME_ASSUMED,CONSERVATIVE_PROXY,OFFICIAL_NO_REV_AUDIT,conditional,true,true
1972-11-30,1972-11,66684,66684,亿日元,M,MONETARY_BASE,BOJ,OFFICIAL_CANONICAL,,,1972-12-15,REALTIME_ASSUMED,CONSERVATIVE_PROXY,OFFICIAL_NO_REV_AUDIT,conditional,true,true
1972-12-31,1972-12,83241,83241,亿日元,M,MONETARY_BASE,BOJ,OFFICIAL_CANONICAL,,,1973-01-15,REALTIME_ASSUMED,CONSERVATIVE_PROXY,OFFICIAL_NO_REV_AUDIT,conditional,true,true
1973-01-31,1973-01,78806,78806,亿日元,M,MONETARY_BASE,BOJ,OFFICIAL_CANONICAL,,,1973-02-15,REALTIME_ASSUMED,CONSERVATIVE_PROXY,OFFICIAL_NO_REV_AUDIT,conditional,true,true
1973-02-28,1973-02,75090,75090,亿日元,M,MONETARY_BASE,BOJ,OFFICIAL_CANONICAL,,,1973-03-15,REALTIME_ASSUMED,CONSERVATIVE_PROXY,OFFICIAL_NO_REV_AUDIT,conditional,true,true
1973-03-31,1973-03,78792,78792,亿日元,M,MONETARY_BASE,BOJ,OFFICIAL_CANONICAL,,,1973-04-15,REALTIME_ASSUMED,CONSERVATIVE_PROXY,OFFICIAL_NO_REV_AUDIT,conditional,true,true
1973-04-30,1973-04,83415,83415,亿日元,M,MONETARY_BASE,BOJ,OFFICIAL_CANONICAL,,,1973-05-15,REALTIME_ASSUMED,CONSERVATIVE_PROXY,OFFICIAL_NO_REV_AUDIT,conditional,true,true
1973-05-31,1973-05,82773,82773,亿日元,M,MONETARY_BASE,BOJ,OFFICIAL_CANONICAL,,,1973-06-15,REALTIME_ASSUMED,CONSERVATIVE_PROXY,OFFICIAL_NO_REV_AUDIT,conditional,true,true
1973-06-30,1973-06,85578,85578,亿日元,M,MONETARY_BASE,BOJ,OFFICIAL_CANONICAL,,,1973-07-15,REALTIME_ASSUMED,CONSERVATIVE_PROXY,OFFICIAL_NO_REV_AUDIT,conditional,true,true
1973-07-31,1973-07,92612,92612,亿日元,M,MONETARY_BASE,BOJ,OFFICIAL_CANONICAL,,,1973-08-15,REALTIME_ASSUMED,CONSERVATIVE_PROXY,OFFICIAL_NO_REV_AUDIT,conditional,true,true
1973-08-31,1973-08,91702,91702,亿日元,M,MONETARY_BASE,BOJ,OFFICIAL_CANONICAL,,,1973-09-15,REALTIME_ASSUMED,CONSERVATIVE_PROXY,OFFICIAL_NO_REV_AUDIT,conditional,true,true
1973-09-30,1973-09,90670,90670,亿日元,M,MONETARY_BASE,BOJ,OFFICIAL_CANONICAL,,,1973-10-15,REALTIME_ASSUMED,CONSERVATIVE_PROXY,OFFICIAL_NO_REV_AUDIT,conditional,true,true
1973-10-31,1973-10,93395,93395,亿日元,M,MONETARY_BASE,BOJ,OFFICIAL_CANONICAL,,,1973-11-15,REALTIME_ASSUMED,CONSERVATIVE_PROXY,OFFICIAL_NO_REV_AUDIT,conditional,true,true
1973-11-30,1973-11,95354,95354,亿日元,M,MONETARY_BASE,BOJ,OFFICIAL_CANONICAL,,,1973-12-15,REALTIME_ASSUMED,CONSERVATIVE_PROXY,OFFICIAL_NO_REV_AUDIT,conditional,true,true
1973-12-31,1973-12,113105,113105,亿日元,M,MONETARY_BASE,BOJ,OFFICIAL_CANONICAL,,,1974-01-15,REALTIME_ASSUMED,CONSERVATIVE_PROXY,OFFICIAL_NO_REV_AUDIT,conditional,true,true
1974-01-31,1974-01,108047,108047,亿日元,M,MONETARY_BASE,BOJ,OFFICIAL_CANONICAL,,,1974-02-15,REALTIME_ASSUMED,CONSERVATIVE_PROXY,OFFICIAL_NO_REV_AUDIT,conditional,true,true
1974-02-28,1974-02,101530,101530,亿日元,M,MONETARY_BASE,BOJ,OFFICIAL_CANONICAL,,,1974-03-15,REALTIME_ASSUMED,CONSERVATIVE_PROXY,OFFICIAL_NO_REV_AUDIT,conditional,true,true
1974-03-31,1974-03,103385,103385,亿日元,M,MONETARY_BASE,BOJ,OFFICIAL_CANONICAL,,,1974-04-15,REALTIME_ASSUMED,CONSERVATIVE_PROXY,OFFICIAL_NO_REV_AUDIT,conditional,true,true
1974-04-30,1974-04,104664,104664,亿日元,M,MONETARY_BASE,BOJ,OFFICIAL_CANONICAL,,,1974-05-15,REALTIME_ASSUMED,CONSERVATIVE_PROXY,OFFICIAL_NO_REV_AUDIT,conditional,true,true
1974-05-31,1974-05,104911,104911,亿日元,M,MONETARY_BASE,BOJ,OFFICIAL_CANONICAL,,,1974-06-15,REALTIME_ASSUMED,CONSERVATIVE_PROXY,OFFICIAL_NO_REV_AUDIT,conditional,true,true
1974-06-30,1974-06,109423,109423,亿日元,M,MONETARY_BASE,BOJ,OFFICIAL_CANONICAL,,,1974-07-15,REALTIME_ASSUMED,CONSERVATIVE_PROXY,OFFICIAL_NO_REV_AUDIT,conditional,true,true
1974-07-31,1974-07,115980,115980,亿日元,M,MONETARY_BASE,BOJ,OFFICIAL_CANONICAL,,,1974-08-15,REALTIME_ASSUMED,CONSERVATIVE_PROXY,OFFICIAL_NO_REV_AUDIT,conditional,true,true
1974-08-31,1974-08,113653,113653,亿日元,M,MONETARY_BASE,BOJ,OFFICIAL_CANONICAL,,,1974-09-15,REALTIME_ASSUMED,CONSERVATIVE_PROXY,OFFICIAL_NO_REV_AUDIT,conditional,true,true
1974-09-30,1974-09,110511,110511,亿日元,M,MONETARY_BASE,BOJ,OFFICIAL_CANONICAL,,,1974-10-15,REALTIME_ASSUMED,CONSERVATIVE_PROXY,OFFICIAL_NO_REV_AUDIT,conditional,true,true
1974-10-31,1974-10,110777,110777,亿日元,M,MONETARY_BASE,BOJ,OFFICIAL_CANONICAL,,,1974-11-15,REALTIME_ASSUMED,CONSERVATIVE_PROXY,OFFICIAL_NO_REV_AUDIT,conditional,true,true
1974-11-30,1974-11,113462,113462,亿日元,M,MONETARY_BASE,BOJ,OFFICIAL_CANONICAL,,,1974-12-15,REALTIME_ASSUMED,CONSERVATIVE_PROXY,OFFICIAL_NO_REV_AUDIT,conditional,true,true
1974-12-31,1974-12,132497,132497,亿日元,M,MONETARY_BASE,BOJ,OFFICIAL_CANONICAL,,,1975-01-15,REALTIME_ASSUMED,CONSERVATIVE_PROXY,OFFICIAL_NO_REV_AUDIT,conditional,true,true
1975-01-31,1975-01,127912,127912,亿日元,M,MONETARY_BASE,BOJ,OFFICIAL_CANONICAL,,,1975-02-15,REALTIME_ASSUMED,CONSERVATIVE_PROXY,OFFICIAL_NO_REV_AUDIT,conditional,true,true
1975-02-28,1975-02,118119,118119,亿日元,M,MONETARY_BASE,BOJ,OFFICIAL_CANONICAL,,,1975-03-15,REALTIME_ASSUMED,CONSERVATIVE_PROXY,OFFICIAL_NO_REV_AUDIT,conditional,true,true
1975-03-31,1975-03,120309,120309,亿日元,M,MONETARY_BASE,BOJ,OFFICIAL_CANONICAL,,,1975-04-15,REALTIME_ASSUMED,CONSERVATIVE_PROXY,OFFICIAL_NO_REV_AUDIT,conditional,true,true
1975-04-30,1975-04,121997,121997,亿日元,M,MONETARY_BASE,BOJ,OFFICIAL_CANONICAL,,,1975-05-15,REALTIME_ASSUMED,CONSERVATIVE_PROXY,OFFICIAL_NO_REV_AUDIT,conditional,true,true
1975-05-31,1975-05,119240,119240,亿日元,M,MONETARY_BASE,BOJ,OFFICIAL_CANONICAL,,,1975-06-15,REALTIME_ASSUMED,CONSERVATIVE_PROXY,OFFICIAL_NO_REV_AUDIT,conditional,true,true
1975-06-30,1975-06,123713,123713,亿日元,M,MONETARY_BASE,BOJ,OFFICIAL_CANONICAL,,,1975-07-15,REALTIME_ASSUMED,CONSERVATIVE_PROXY,OFFICIAL_NO_REV_AUDIT,conditional,true,true
1975-07-31,1975-07,128796,128796,亿日元,M,MONETARY_BASE,BOJ,OFFICIAL_CANONICAL,,,1975-08-15,REALTIME_ASSUMED,CONSERVATIVE_PROXY,OFFICIAL_NO_REV_AUDIT,conditional,true,true
1975-08-31,1975-08,127680,127680,亿日元,M,MONETARY_BASE,BOJ,OFFICIAL_CANONICAL,,,1975-09-15,REALTIME_ASSUMED,CONSERVATIVE_PROXY,OFFICIAL_NO_REV_AUDIT,conditional,true,true
1975-09-30,1975-09,123821,123821,亿日元,M,MONETARY_BASE,BOJ,OFFICIAL_CANONICAL,,,1975-10-15,REALTIME_ASSUMED,CONSERVATIVE_PROXY,OFFICIAL_NO_REV_AUDIT,conditional,true,true
1975-10-31,1975-10,123939,123939,亿日元,M,MONETARY_BASE,BOJ,OFFICIAL_CANONICAL,,,1975-11-15,REALTIME_ASSUMED,CONSERVATIVE_PROXY,OFFICIAL_NO_REV_AUDIT,conditional,true,true
1975-11-30,1975-11,125027,125027,亿日元,M,MONETARY_BASE,BOJ,OFFICIAL_CANONICAL,,,1975-12-15,REALTIME_ASSUMED,CONSERVATIVE_PROXY,OFFICIAL_NO_REV_AUDIT,conditional,true,true
1975-12-31,1975-12,143574,143574,亿日元,M,MONETARY_BASE,BOJ,OFFICIAL_CANONICAL,,,1976-01-15,REALTIME_ASSUMED,CONSERVATIVE_PROXY,OFFICIAL_NO_REV_AUDIT,conditional,true,true
1976-01-31,1976-01,134134,134134,亿日元,M,MONETARY_BASE,BOJ,OFFICIAL_CANONICAL,,,1976-02-15,REALTIME_ASSUMED,CONSERVATIVE_PROXY,OFFICIAL_NO_REV_AUDIT,conditional,true,true
1976-02-29,1976-02,125227,125227,亿日元,M,MONETARY_BASE,BOJ,OFFICIAL_CANONICAL,,,1976-03-15,REALTIME_ASSUMED,CONSERVATIVE_PROXY,OFFICIAL_NO_REV_AUDIT,conditional,true,true
1976-03-31,1976-03,124500,124500,亿日元,M,MONETARY_BASE,BOJ,OFFICIAL_CANONICAL,,,1976-04-15,REALTIME_ASSUMED,CONSERVATIVE_PROXY,OFFICIAL_NO_REV_AUDIT,conditional,true,true
1976-04-30,1976-04,126441,126441,亿日元,M,MONETARY_BASE,BOJ,OFFICIAL_CANONICAL,,,1976-05-15,REALTIME_ASSUMED,CONSERVATIVE_PROXY,OFFICIAL_NO_REV_AUDIT,conditional,true,true
1976-05-31,1976-05,126091,126091,亿日元,M,MONETARY_BASE,BOJ,OFFICIAL_CANONICAL,,,1976-06-15,REALTIME_ASSUMED,CONSERVATIVE_PROXY,OFFICIAL_NO_REV_AUDIT,conditional,true,true
1976-06-30,1976-06,127140,127140,亿日元,M,MONETARY_BASE,BOJ,OFFICIAL_CANONICAL,,,1976-07-15,REALTIME_ASSUMED,CONSERVATIVE_PROXY,OFFICIAL_NO_REV_AUDIT,conditional,true,true
1976-07-31,1976-07,133537,133537,亿日元,M,MONETARY_BASE,BOJ,OFFICIAL_CANONICAL,,,1976-08-15,REALTIME_ASSUMED,CONSERVATIVE_PROXY,OFFICIAL_NO_REV_AUDIT,conditional,true,true
1976-08-31,1976-08,131895,131895,亿日元,M,MONETARY_BASE,BOJ,OFFICIAL_CANONICAL,,,1976-09-15,REALTIME_ASSUMED,CONSERVATIVE_PROXY,OFFICIAL_NO_REV_AUDIT,conditional,true,true
1976-09-30,1976-09,127874,127874,亿日元,M,MONETARY_BASE,BOJ,OFFICIAL_CANONICAL,,,1976-10-15,REALTIME_ASSUMED,CONSERVATIVE_PROXY,OFFICIAL_NO_REV_AUDIT,conditional,true,true
1976-10-31,1976-10,128262,128262,亿日元,M,MONETARY_BASE,BOJ,OFFICIAL_CANONICAL,,,1976-11-15,REALTIME_ASSUMED,CONSERVATIVE_PROXY,OFFICIAL_NO_REV_AUDIT,conditional,true,true
1976-11-30,1976-11,130964,130964,亿日元,M,MONETARY_BASE,BOJ,OFFICIAL_CANONICAL,,,1976-12-15,REALTIME_ASSUMED,CONSERVATIVE_PROXY,OFFICIAL_NO_REV_AUDIT,conditional,true,true
1976-12-31,1976-12,154631,154631,亿日元,M,MONETARY_BASE,BOJ,OFFICIAL_CANONICAL,,,1977-01-15,REALTIME_ASSUMED,CONSERVATIVE_PROXY,OFFICIAL_NO_REV_AUDIT,conditional,true,true
1977-01-31,1977-01,144368,144368,亿日元,M,MONETARY_BASE,BOJ,OFFICIAL_CANONICAL,,,1977-02-15,REALTIME_ASSUMED,CONSERVATIVE_PROXY,OFFICIAL_NO_REV_AUDIT,conditional,true,true
1977-02-28,1977-02,137267,137267,亿日元,M,MONETARY_BASE,BOJ,OFFICIAL_CANONICAL,,,1977-03-15,REALTIME_ASSUMED,CONSERVATIVE_PROXY,OFFICIAL_NO_REV_AUDIT,conditional,true,true
1977-03-31,1977-03,135653,135653,亿日元,M,MONETARY_BASE,BOJ,OFFICIAL_CANONICAL,,,1977-04-15,REALTIME_ASSUMED,CONSERVATIVE_PROXY,OFFICIAL_NO_REV_AUDIT,conditional,true,true
1977-04-30,1977-04,142423,142423,亿日元,M,MONETARY_BASE,BOJ,OFFICIAL_CANONICAL,,,1977-05-15,REALTIME_ASSUMED,CONSERVATIVE_PROXY,OFFICIAL_NO_REV_AUDIT,conditional,true,true
1977-05-31,1977-05,133360,133360,亿日元,M,MONETARY_BASE,BOJ,OFFICIAL_CANONICAL,,,1977-06-15,REALTIME_ASSUMED,CONSERVATIVE_PROXY,OFFICIAL_NO_REV_AUDIT,conditional,true,true
1977-06-30,1977-06,139181,139181,亿日元,M,MONETARY_BASE,BOJ,OFFICIAL_CANONICAL,,,1977-07-15,REALTIME_ASSUMED,CONSERVATIVE_PROXY,OFFICIAL_NO_REV_AUDIT,conditional,true,true
1977-07-31,1977-07,146866,146866,亿日元,M,MONETARY_BASE,BOJ,OFFICIAL_CANONICAL,,,1977-08-15,REALTIME_ASSUMED,CONSERVATIVE_PROXY,OFFICIAL_NO_REV_AUDIT,conditional,true,true
1977-08-31,1977-08,144431,144431,亿日元,M,MONETARY_BASE,BOJ,OFFICIAL_CANONICAL,,,1977-09-15,REALTIME_ASSUMED,CONSERVATIVE_PROXY,OFFICIAL_NO_REV_AUDIT,conditional,true,true
1977-09-30,1977-09,139208,139208,亿日元,M,MONETARY_BASE,BOJ,OFFICIAL_CANONICAL,,,1977-10-15,REALTIME_ASSUMED,CONSERVATIVE_PROXY,OFFICIAL_NO_REV_AUDIT,conditional,true,true
1977-10-31,1977-10,139365,139365,亿日元,M,MONETARY_BASE,BOJ,OFFICIAL_CANONICAL,,,1977-11-15,REALTIME_ASSUMED,CONSERVATIVE_PROXY,OFFICIAL_NO_REV_AUDIT,conditional,true,true
1977-11-30,1977-11,135659,135659,亿日元,M,MONETARY_BASE,BOJ,OFFICIAL_CANONICAL,,,1977-12-15,REALTIME_ASSUMED,CONSERVATIVE_PROXY,OFFICIAL_NO_REV_AUDIT,conditional,true,true
1977-12-31,1977-12,165086,165086,亿日元,M,MONETARY_BASE,BOJ,OFFICIAL_CANONICAL,,,1978-01-15,REALTIME_ASSUMED,CONSERVATIVE_PROXY,OFFICIAL_NO_REV_AUDIT,conditional,true,true
1978-01-31,1978-01,153803,153803,亿日元,M,MONETARY_BASE,BOJ,OFFICIAL_CANONICAL,,,1978-02-15,REALTIME_ASSUMED,CONSERVATIVE_PROXY,OFFICIAL_NO_REV_AUDIT,conditional,true,true
1978-02-28,1978-02,145724,145724,亿日元,M,MONETARY_BASE,BOJ,OFFICIAL_CANONICAL,,,1978-03-15,REALTIME_ASSUMED,CONSERVATIVE_PROXY,OFFICIAL_NO_REV_AUDIT,conditional,true,true
1978-03-31,1978-03,148400,148400,亿日元,M,MONETARY_BASE,BOJ,OFFICIAL_CANONICAL,,,1978-04-15,REALTIME_ASSUMED,CONSERVATIVE_PROXY,OFFICIAL_NO_REV_AUDIT,conditional,true,true
1978-04-30,1978-04,153389,153389,亿日元,M,MONETARY_BASE,BOJ,OFFICIAL_CANONICAL,,,1978-05-15,REALTIME_ASSUMED,CONSERVATIVE_PROXY,OFFICIAL_NO_REV_AUDIT,conditional,true,true
1978-05-31,1978-05,147716,147716,亿日元,M,MONETARY_BASE,BOJ,OFFICIAL_CANONICAL,,,1978-06-15,REALTIME_ASSUMED,CONSERVATIVE_PROXY,OFFICIAL_NO_REV_AUDIT,conditional,true,true
1978-06-30,1978-06,152261,152261,亿日元,M,MONETARY_BASE,BOJ,OFFICIAL_CANONICAL,,,1978-07-15,REALTIME_ASSUMED,CONSERVATIVE_PROXY,OFFICIAL_NO_REV_AUDIT,conditional,true,true
1978-07-31,1978-07,156034,156034,亿日元,M,MONETARY_BASE,BOJ,OFFICIAL_CANONICAL,,,1978-08-15,REALTIME_ASSUMED,CONSERVATIVE_PROXY,OFFICIAL_NO_REV_AUDIT,conditional,true,true
1978-08-31,1978-08,157831,157831,亿日元,M,MONETARY_BASE,BOJ,OFFICIAL_CANONICAL,,,1978-09-15,REALTIME_ASSUMED,CONSERVATIVE_PROXY,OFFICIAL_NO_REV_AUDIT,conditional,true,true
1978-09-30,1978-09,154029,154029,亿日元,M,MONETARY_BASE,BOJ,OFFICIAL_CANONICAL,,,1978-10-15,REALTIME_ASSUMED,CONSERVATIVE_PROXY,OFFICIAL_NO_REV_AUDIT,conditional,true,true
1978-10-31,1978-10,154656,154656,亿日元,M,MONETARY_BASE,BOJ,OFFICIAL_CANONICAL,,,1978-11-15,REALTIME_ASSUMED,CONSERVATIVE_PROXY,OFFICIAL_NO_REV_AUDIT,conditional,true,true
1978-11-30,1978-11,156247,156247,亿日元,M,MONETARY_BASE,BOJ,OFFICIAL_CANONICAL,,,1978-12-15,REALTIME_ASSUMED,CONSERVATIVE_PROXY,OFFICIAL_NO_REV_AUDIT,conditional,true,true
1978-12-31,1978-12,187986,187986,亿日元,M,MONETARY_BASE,BOJ,OFFICIAL_CANONICAL,,,1979-01-15,REALTIME_ASSUMED,CONSERVATIVE_PROXY,OFFICIAL_NO_REV_AUDIT,conditional,true,true
1979-01-31,1979-01,176380,176380,亿日元,M,MONETARY_BASE,BOJ,OFFICIAL_CANONICAL,,,1979-02-15,REALTIME_ASSUMED,CONSERVATIVE_PROXY,OFFICIAL_NO_REV_AUDIT,conditional,true,true
1979-02-28,1979-02,162439,162439,亿日元,M,MONETARY_BASE,BOJ,OFFICIAL_CANONICAL,,,1979-03-15,REALTIME_ASSUMED,CONSERVATIVE_PROXY,OFFICIAL_NO_REV_AUDIT,conditional,true,true
1979-03-31,1979-03,164119,164119,亿日元,M,MONETARY_BASE,BOJ,OFFICIAL_CANONICAL,,,1979-04-15,REALTIME_ASSUMED,CONSERVATIVE_PROXY,OFFICIAL_NO_REV_AUDIT,conditional,true,true
1979-04-30,1979-04,166328,166328,亿日元,M,MONETARY_BASE,BOJ,OFFICIAL_CANONICAL,,,1979-05-15,REALTIME_ASSUMED,CONSERVATIVE_PROXY,OFFICIAL_NO_REV_AUDIT,conditional,true,true
1979-05-31,1979-05,164621,164621,亿日元,M,MONETARY_BASE,BOJ,OFFICIAL_CANONICAL,,,1979-06-15,REALTIME_ASSUMED,CONSERVATIVE_PROXY,OFFICIAL_NO_REV_AUDIT,conditional,true,true
1979-06-30,1979-06,166846,166846,亿日元,M,MONETARY_BASE,BOJ,OFFICIAL_CANONICAL,,,1979-07-15,REALTIME_ASSUMED,CONSERVATIVE_PROXY,OFFICIAL_NO_REV_AUDIT,conditional,true,true
1979-07-31,1979-07,171627,171627,亿日元,M,MONETARY_BASE,BOJ,OFFICIAL_CANONICAL,,,1979-08-15,REALTIME_ASSUMED,CONSERVATIVE_PROXY,OFFICIAL_NO_REV_AUDIT,conditional,true,true
1979-08-31,1979-08,172738,172738,亿日元,M,MONETARY_BASE,BOJ,OFFICIAL_CANONICAL,,,1979-09-15,REALTIME_ASSUMED,CONSERVATIVE_PROXY,OFFICIAL_NO_REV_AUDIT,conditional,true,true
1979-09-30,1979-09,166614,166614,亿日元,M,MONETARY_BASE,BOJ,OFFICIAL_CANONICAL,,,1979-10-15,REALTIME_ASSUMED,CONSERVATIVE_PROXY,OFFICIAL_NO_REV_AUDIT,conditional,true,true
1979-10-31,1979-10,167608,167608,亿日元,M,MONETARY_BASE,BOJ,OFFICIAL_CANONICAL,,,1979-11-15,REALTIME_ASSUMED,CONSERVATIVE_PROXY,OFFICIAL_NO_REV_AUDIT,conditional,true,true
1979-11-30,1979-11,168389,168389,亿日元,M,MONETARY_BASE,BOJ,OFFICIAL_CANONICAL,,,1979-12-15,REALTIME_ASSUMED,CONSERVATIVE_PROXY,OFFICIAL_NO_REV_AUDIT,conditional,true,true
1979-12-31,1979-12,199528,199528,亿日元,M,MONETARY_BASE,BOJ,OFFICIAL_CANONICAL,,,1980-01-15,REALTIME_ASSUMED,CONSERVATIVE_PROXY,OFFICIAL_NO_REV_AUDIT,conditional,true,true
1980-01-31,1980-01,187775,187775,亿日元,M,MONETARY_BASE,BOJ,OFFICIAL_CANONICAL,,,1980-02-15,REALTIME_ASSUMED,CONSERVATIVE_PROXY,OFFICIAL_NO_REV_AUDIT,conditional,true,true
1980-02-29,1980-02,175206,175206,亿日元,M,MONETARY_BASE,BOJ,OFFICIAL_CANONICAL,,,1980-03-15,REALTIME_ASSUMED,CONSERVATIVE_PROXY,OFFICIAL_NO_REV_AUDIT,conditional,true,true
1980-03-31,1980-03,183050,183050,亿日元,M,MONETARY_BASE,BOJ,OFFICIAL_CANONICAL,,,1980-04-15,REALTIME_ASSUMED,CONSERVATIVE_PROXY,OFFICIAL_NO_REV_AUDIT,conditional,true,true
1980-04-30,1980-04,190870,190870,亿日元,M,MONETARY_BASE,BOJ,OFFICIAL_CANONICAL,,,1980-05-15,REALTIME_ASSUMED,CONSERVATIVE_PROXY,OFFICIAL_NO_REV_AUDIT,conditional,true,true
1980-05-31,1980-05,188262,188262,亿日元,M,MONETARY_BASE,BOJ,OFFICIAL_CANONICAL,,,1980-06-15,REALTIME_ASSUMED,CONSERVATIVE_PROXY,OFFICIAL_NO_REV_AUDIT,conditional,true,true
1980-06-30,1980-06,191181,191181,亿日元,M,MONETARY_BASE,BOJ,OFFICIAL_CANONICAL,,,1980-07-15,REALTIME_ASSUMED,CONSERVATIVE_PROXY,OFFICIAL_NO_REV_AUDIT,conditional,true,true
1980-07-31,1980-07,194043,194043,亿日元,M,MONETARY_BASE,BOJ,OFFICIAL_CANONICAL,,,1980-08-15,REALTIME_ASSUMED,CONSERVATIVE_PROXY,OFFICIAL_NO_REV_AUDIT,conditional,true,true
1980-08-31,1980-08,192154,192154,亿日元,M,MONETARY_BASE,BOJ,OFFICIAL_CANONICAL,,,1980-09-15,REALTIME_ASSUMED,CONSERVATIVE_PROXY,OFFICIAL_NO_REV_AUDIT,conditional,true,true
1980-09-30,1980-09,185748,185748,亿日元,M,MONETARY_BASE,BOJ,OFFICIAL_CANONICAL,,,1980-10-15,REALTIME_ASSUMED,CONSERVATIVE_PROXY,OFFICIAL_NO_REV_AUDIT,conditional,true,true
1980-10-31,1980-10,184109,184109,亿日元,M,MONETARY_BASE,BOJ,OFFICIAL_CANONICAL,,,1980-11-15,REALTIME_ASSUMED,CONSERVATIVE_PROXY,OFFICIAL_NO_REV_AUDIT,conditional,true,true
1980-11-30,1980-11,187772,187772,亿日元,M,MONETARY_BASE,BOJ,OFFICIAL_CANONICAL,,,1980-12-15,REALTIME_ASSUMED,CONSERVATIVE_PROXY,OFFICIAL_NO_REV_AUDIT,conditional,true,true
1980-12-31,1980-12,213292,213292,亿日元,M,MONETARY_BASE,BOJ,OFFICIAL_CANONICAL,,,1981-01-15,REALTIME_ASSUMED,CONSERVATIVE_PROXY,OFFICIAL_NO_REV_AUDIT,conditional,true,true
1981-01-31,1981-01,198514,198514,亿日元,M,MONETARY_BASE,BOJ,OFFICIAL_CANONICAL,,,1981-02-15,REALTIME_ASSUMED,CONSERVATIVE_PROXY,OFFICIAL_NO_REV_AUDIT,conditional,true,true
1981-02-28,1981-02,185391,185391,亿日元,M,MONETARY_BASE,BOJ,OFFICIAL_CANONICAL,,,1981-03-15,REALTIME_ASSUMED,CONSERVATIVE_PROXY,OFFICIAL_NO_REV_AUDIT,conditional,true,true
1981-03-31,1981-03,190574,190574,亿日元,M,MONETARY_BASE,BOJ,OFFICIAL_CANONICAL,,,1981-04-15,REALTIME_ASSUMED,CONSERVATIVE_PROXY,OFFICIAL_NO_REV_AUDIT,conditional,true,true
1981-04-30,1981-04,187251,187251,亿日元,M,MONETARY_BASE,BOJ,OFFICIAL_CANONICAL,,,1981-05-15,REALTIME_ASSUMED,CONSERVATIVE_PROXY,OFFICIAL_NO_REV_AUDIT,conditional,true,true
1981-05-31,1981-05,183477,183477,亿日元,M,MONETARY_BASE,BOJ,OFFICIAL_CANONICAL,,,1981-06-15,REALTIME_ASSUMED,CONSERVATIVE_PROXY,OFFICIAL_NO_REV_AUDIT,conditional,true,true
1981-06-30,1981-06,186085,186085,亿日元,M,MONETARY_BASE,BOJ,OFFICIAL_CANONICAL,,,1981-07-15,REALTIME_ASSUMED,CONSERVATIVE_PROXY,OFFICIAL_NO_REV_AUDIT,conditional,true,true
1981-07-31,1981-07,191493,191493,亿日元,M,MONETARY_BASE,BOJ,OFFICIAL_CANONICAL,,,1981-08-15,REALTIME_ASSUMED,CONSERVATIVE_PROXY,OFFICIAL_NO_REV_AUDIT,conditional,true,true
1981-08-31,1981-08,191526,191526,亿日元,M,MONETARY_BASE,BOJ,OFFICIAL_CANONICAL,,,1981-09-15,REALTIME_ASSUMED,CONSERVATIVE_PROXY,OFFICIAL_NO_REV_AUDIT,conditional,true,true
1981-09-30,1981-09,184597,184597,亿日元,M,MONETARY_BASE,BOJ,OFFICIAL_CANONICAL,,,1981-10-15,REALTIME_ASSUMED,CONSERVATIVE_PROXY,OFFICIAL_NO_REV_AUDIT,conditional,true,true
1981-10-31,1981-10,185303,185303,亿日元,M,MONETARY_BASE,BOJ,OFFICIAL_CANONICAL,,,1981-11-15,REALTIME_ASSUMED,CONSERVATIVE_PROXY,OFFICIAL_NO_REV_AUDIT,conditional,true,true
1981-11-30,1981-11,186660,186660,亿日元,M,MONETARY_BASE,BOJ,OFFICIAL_CANONICAL,,,1981-12-15,REALTIME_ASSUMED,CONSERVATIVE_PROXY,OFFICIAL_NO_REV_AUDIT,conditional,true,true
1981-12-31,1981-12,221220,221220,亿日元,M,MONETARY_BASE,BOJ,OFFICIAL_CANONICAL,,,1982-01-15,REALTIME_ASSUMED,CONSERVATIVE_PROXY,OFFICIAL_NO_REV_AUDIT,conditional,true,true
1982-01-31,1982-01,203012,203012,亿日元,M,MONETARY_BASE,BOJ,OFFICIAL_CANONICAL,,,1982-02-15,REALTIME_ASSUMED,CONSERVATIVE_PROXY,OFFICIAL_NO_REV_AUDIT,conditional,true,true
1982-02-28,1982-02,190976,190976,亿日元,M,MONETARY_BASE,BOJ,OFFICIAL_CANONICAL,,,1982-03-15,REALTIME_ASSUMED,CONSERVATIVE_PROXY,OFFICIAL_NO_REV_AUDIT,conditional,true,true
1982-03-31,1982-03,196212,196212,亿日元,M,MONETARY_BASE,BOJ,OFFICIAL_CANONICAL,,,1982-04-15,REALTIME_ASSUMED,CONSERVATIVE_PROXY,OFFICIAL_NO_REV_AUDIT,conditional,true,true
1982-04-30,1982-04,200308,200308,亿日元,M,MONETARY_BASE,BOJ,OFFICIAL_CANONICAL,,,1982-05-15,REALTIME_ASSUMED,CONSERVATIVE_PROXY,OFFICIAL_NO_REV_AUDIT,conditional,true,true
1982-05-31,1982-05,197649,197649,亿日元,M,MONETARY_BASE,BOJ,OFFICIAL_CANONICAL,,,1982-06-15,REALTIME_ASSUMED,CONSERVATIVE_PROXY,OFFICIAL_NO_REV_AUDIT,conditional,true,true
1982-06-30,1982-06,199542,199542,亿日元,M,MONETARY_BASE,BOJ,OFFICIAL_CANONICAL,,,1982-07-15,REALTIME_ASSUMED,CONSERVATIVE_PROXY,OFFICIAL_NO_REV_AUDIT,conditional,true,true
1982-07-31,1982-07,205925,205925,亿日元,M,MONETARY_BASE,BOJ,OFFICIAL_CANONICAL,,,1982-08-15,REALTIME_ASSUMED,CONSERVATIVE_PROXY,OFFICIAL_NO_REV_AUDIT,conditional,true,true
1982-08-31,1982-08,206837,206837,亿日元,M,MONETARY_BASE,BOJ,OFFICIAL_CANONICAL,,,1982-09-15,REALTIME_ASSUMED,CONSERVATIVE_PROXY,OFFICIAL_NO_REV_AUDIT,conditional,true,true
1982-09-30,1982-09,198824,198824,亿日元,M,MONETARY_BASE,BOJ,OFFICIAL_CANONICAL,,,1982-10-15,REALTIME_ASSUMED,CONSERVATIVE_PROXY,OFFICIAL_NO_REV_AUDIT,conditional,true,true
1982-10-31,1982-10,200746,200746,亿日元,M,MONETARY_BASE,BOJ,OFFICIAL_CANONICAL,,,1982-11-15,REALTIME_ASSUMED,CONSERVATIVE_PROXY,OFFICIAL_NO_REV_AUDIT,conditional,true,true
1982-11-30,1982-11,202262,202262,亿日元,M,MONETARY_BASE,BOJ,OFFICIAL_CANONICAL,,,1982-12-15,REALTIME_ASSUMED,CONSERVATIVE_PROXY,OFFICIAL_NO_REV_AUDIT,conditional,true,true
1982-12-31,1982-12,236757,236757,亿日元,M,MONETARY_BASE,BOJ,OFFICIAL_CANONICAL,,,1983-01-15,REALTIME_ASSUMED,CONSERVATIVE_PROXY,OFFICIAL_NO_REV_AUDIT,conditional,true,true
1983-01-31,1983-01,217482,217482,亿日元,M,MONETARY_BASE,BOJ,OFFICIAL_CANONICAL,,,1983-02-15,REALTIME_ASSUMED,CONSERVATIVE_PROXY,OFFICIAL_NO_REV_AUDIT,conditional,true,true
1983-02-28,1983-02,206790,206790,亿日元,M,MONETARY_BASE,BOJ,OFFICIAL_CANONICAL,,,1983-03-15,REALTIME_ASSUMED,CONSERVATIVE_PROXY,OFFICIAL_NO_REV_AUDIT,conditional,true,true
1983-03-31,1983-03,213271,213271,亿日元,M,MONETARY_BASE,BOJ,OFFICIAL_CANONICAL,,,1983-04-15,REALTIME_ASSUMED,CONSERVATIVE_PROXY,OFFICIAL_NO_REV_AUDIT,conditional,true,true
1983-04-30,1983-04,211911,211911,亿日元,M,MONETARY_BASE,BOJ,OFFICIAL_CANONICAL,,,1983-05-15,REALTIME_ASSUMED,CONSERVATIVE_PROXY,OFFICIAL_NO_REV_AUDIT,conditional,true,true
1983-05-31,1983-05,209675,209675,亿日元,M,MONETARY_BASE,BOJ,OFFICIAL_CANONICAL,,,1983-06-15,REALTIME_ASSUMED,CONSERVATIVE_PROXY,OFFICIAL_NO_REV_AUDIT,conditional,true,true
1983-06-30,1983-06,210848,210848,亿日元,M,MONETARY_BASE,BOJ,OFFICIAL_CANONICAL,,,1983-07-15,REALTIME_ASSUMED,CONSERVATIVE_PROXY,OFFICIAL_NO_REV_AUDIT,conditional,true,true
1983-07-31,1983-07,216326,216326,亿日元,M,MONETARY_BASE,BOJ,OFFICIAL_CANONICAL,,,1983-08-15,REALTIME_ASSUMED,CONSERVATIVE_PROXY,OFFICIAL_NO_REV_AUDIT,conditional,true,true
1983-08-31,1983-08,217429,217429,亿日元,M,MONETARY_BASE,BOJ,OFFICIAL_CANONICAL,,,1983-09-15,REALTIME_ASSUMED,CONSERVATIVE_PROXY,OFFICIAL_NO_REV_AUDIT,conditional,true,true
1983-09-30,1983-09,208515,208515,亿日元,M,MONETARY_BASE,BOJ,OFFICIAL_CANONICAL,,,1983-10-15,REALTIME_ASSUMED,CONSERVATIVE_PROXY,OFFICIAL_NO_REV_AUDIT,conditional,true,true
1983-10-31,1983-10,211361,211361,亿日元,M,MONETARY_BASE,BOJ,OFFICIAL_CANONICAL,,,1983-11-15,REALTIME_ASSUMED,CONSERVATIVE_PROXY,OFFICIAL_NO_REV_AUDIT,conditional,true,true
1983-11-30,1983-11,210419,210419,亿日元,M,MONETARY_BASE,BOJ,OFFICIAL_CANONICAL,,,1983-12-15,REALTIME_ASSUMED,CONSERVATIVE_PROXY,OFFICIAL_NO_REV_AUDIT,conditional,true,true
1983-12-31,1983-12,247410,247410,亿日元,M,MONETARY_BASE,BOJ,OFFICIAL_CANONICAL,,,1984-01-15,REALTIME_ASSUMED,CONSERVATIVE_PROXY,OFFICIAL_NO_REV_AUDIT,conditional,true,true
1984-01-31,1984-01,227762,227762,亿日元,M,MONETARY_BASE,BOJ,OFFICIAL_CANONICAL,,,1984-02-15,REALTIME_ASSUMED,CONSERVATIVE_PROXY,OFFICIAL_NO_REV_AUDIT,conditional,true,true
1984-02-29,1984-02,215757,215757,亿日元,M,MONETARY_BASE,BOJ,OFFICIAL_CANONICAL,,,1984-03-15,REALTIME_ASSUMED,CONSERVATIVE_PROXY,OFFICIAL_NO_REV_AUDIT,conditional,true,true
1984-03-31,1984-03,220782,220782,亿日元,M,MONETARY_BASE,BOJ,OFFICIAL_CANONICAL,,,1984-04-15,REALTIME_ASSUMED,CONSERVATIVE_PROXY,OFFICIAL_NO_REV_AUDIT,conditional,true,true
1984-04-30,1984-04,222407,222407,亿日元,M,MONETARY_BASE,BOJ,OFFICIAL_CANONICAL,,,1984-05-15,REALTIME_ASSUMED,CONSERVATIVE_PROXY,OFFICIAL_NO_REV_AUDIT,conditional,true,true
1984-05-31,1984-05,218588,218588,亿日元,M,MONETARY_BASE,BOJ,OFFICIAL_CANONICAL,,,1984-06-15,REALTIME_ASSUMED,CONSERVATIVE_PROXY,OFFICIAL_NO_REV_AUDIT,conditional,true,true
1984-06-30,1984-06,218779,218779,亿日元,M,MONETARY_BASE,BOJ,OFFICIAL_CANONICAL,,,1984-07-15,REALTIME_ASSUMED,CONSERVATIVE_PROXY,OFFICIAL_NO_REV_AUDIT,conditional,true,true
1984-07-31,1984-07,228506,228506,亿日元,M,MONETARY_BASE,BOJ,OFFICIAL_CANONICAL,,,1984-08-15,REALTIME_ASSUMED,CONSERVATIVE_PROXY,OFFICIAL_NO_REV_AUDIT,conditional,true,true
1984-08-31,1984-08,226340,226340,亿日元,M,MONETARY_BASE,BOJ,OFFICIAL_CANONICAL,,,1984-09-15,REALTIME_ASSUMED,CONSERVATIVE_PROXY,OFFICIAL_NO_REV_AUDIT,conditional,true,true
1984-09-30,1984-09,221534,221534,亿日元,M,MONETARY_BASE,BOJ,OFFICIAL_CANONICAL,,,1984-10-15,REALTIME_ASSUMED,CONSERVATIVE_PROXY,OFFICIAL_NO_REV_AUDIT,conditional,true,true
1984-10-31,1984-10,219798,219798,亿日元,M,MONETARY_BASE,BOJ,OFFICIAL_CANONICAL,,,1984-11-15,REALTIME_ASSUMED,CONSERVATIVE_PROXY,OFFICIAL_NO_REV_AUDIT,conditional,true,true
1984-11-30,1984-11,228555,228555,亿日元,M,MONETARY_BASE,BOJ,OFFICIAL_CANONICAL,,,1984-12-15,REALTIME_ASSUMED,CONSERVATIVE_PROXY,OFFICIAL_NO_REV_AUDIT,conditional,true,true
1984-12-31,1984-12,258978,258978,亿日元,M,MONETARY_BASE,BOJ,OFFICIAL_CANONICAL,,,1985-01-15,REALTIME_ASSUMED,CONSERVATIVE_PROXY,OFFICIAL_NO_REV_AUDIT,conditional,true,true
1985-01-31,1985-01,246239,246239,亿日元,M,MONETARY_BASE,BOJ,OFFICIAL_CANONICAL,,,1985-02-15,REALTIME_ASSUMED,CONSERVATIVE_PROXY,OFFICIAL_NO_REV_AUDIT,conditional,true,true
1985-02-28,1985-02,230575,230575,亿日元,M,MONETARY_BASE,BOJ,OFFICIAL_CANONICAL,,,1985-03-15,REALTIME_ASSUMED,CONSERVATIVE_PROXY,OFFICIAL_NO_REV_AUDIT,conditional,true,true
1985-03-31,1985-03,238265,238265,亿日元,M,MONETARY_BASE,BOJ,OFFICIAL_CANONICAL,,,1985-04-15,REALTIME_ASSUMED,CONSERVATIVE_PROXY,OFFICIAL_NO_REV_AUDIT,conditional,true,true
1985-04-30,1985-04,237406,237406,亿日元,M,MONETARY_BASE,BOJ,OFFICIAL_CANONICAL,,,1985-05-15,REALTIME_ASSUMED,CONSERVATIVE_PROXY,OFFICIAL_NO_REV_AUDIT,conditional,true,true
1985-05-31,1985-05,234171,234171,亿日元,M,MONETARY_BASE,BOJ,OFFICIAL_CANONICAL,,,1985-06-15,REALTIME_ASSUMED,CONSERVATIVE_PROXY,OFFICIAL_NO_REV_AUDIT,conditional,true,true
1985-06-30,1985-06,233564,233564,亿日元,M,MONETARY_BASE,BOJ,OFFICIAL_CANONICAL,,,1985-07-15,REALTIME_ASSUMED,CONSERVATIVE_PROXY,OFFICIAL_NO_REV_AUDIT,conditional,true,true
1985-07-31,1985-07,244039,244039,亿日元,M,MONETARY_BASE,BOJ,OFFICIAL_CANONICAL,,,1985-08-15,REALTIME_ASSUMED,CONSERVATIVE_PROXY,OFFICIAL_NO_REV_AUDIT,conditional,true,true
1985-08-31,1985-08,241269,241269,亿日元,M,MONETARY_BASE,BOJ,OFFICIAL_CANONICAL,,,1985-09-15,REALTIME_ASSUMED,CONSERVATIVE_PROXY,OFFICIAL_NO_REV_AUDIT,conditional,true,true
1985-09-30,1985-09,234637,234637,亿日元,M,MONETARY_BASE,BOJ,OFFICIAL_CANONICAL,,,1985-10-15,REALTIME_ASSUMED,CONSERVATIVE_PROXY,OFFICIAL_NO_REV_AUDIT,conditional,true,true
1985-10-31,1985-10,234064,234064,亿日元,M,MONETARY_BASE,BOJ,OFFICIAL_CANONICAL,,,1985-11-15,REALTIME_ASSUMED,CONSERVATIVE_PROXY,OFFICIAL_NO_REV_AUDIT,conditional,true,true
1985-11-30,1985-11,239461,239461,亿日元,M,MONETARY_BASE,BOJ,OFFICIAL_CANONICAL,,,1985-12-15,REALTIME_ASSUMED,CONSERVATIVE_PROXY,OFFICIAL_NO_REV_AUDIT,conditional,true,true
1985-12-31,1985-12,276257,276257,亿日元,M,MONETARY_BASE,BOJ,OFFICIAL_CANONICAL,,,1986-01-15,REALTIME_ASSUMED,CONSERVATIVE_PROXY,OFFICIAL_NO_REV_AUDIT,conditional,true,true
1986-01-31,1986-01,262132,262132,亿日元,M,MONETARY_BASE,BOJ,OFFICIAL_CANONICAL,,,1986-02-15,REALTIME_ASSUMED,CONSERVATIVE_PROXY,OFFICIAL_NO_REV_AUDIT,conditional,true,true
1986-02-28,1986-02,246712,246712,亿日元,M,MONETARY_BASE,BOJ,OFFICIAL_CANONICAL,,,1986-03-15,REALTIME_ASSUMED,CONSERVATIVE_PROXY,OFFICIAL_NO_REV_AUDIT,conditional,true,true
1986-03-31,1986-03,252406,252406,亿日元,M,MONETARY_BASE,BOJ,OFFICIAL_CANONICAL,,,1986-04-15,REALTIME_ASSUMED,CONSERVATIVE_PROXY,OFFICIAL_NO_REV_AUDIT,conditional,true,true
1986-04-30,1986-04,252361,252361,亿日元,M,MONETARY_BASE,BOJ,OFFICIAL_CANONICAL,,,1986-05-15,REALTIME_ASSUMED,CONSERVATIVE_PROXY,OFFICIAL_NO_REV_AUDIT,conditional,true,true
1986-05-31,1986-05,252227,252227,亿日元,M,MONETARY_BASE,BOJ,OFFICIAL_CANONICAL,,,1986-06-15,REALTIME_ASSUMED,CONSERVATIVE_PROXY,OFFICIAL_NO_REV_AUDIT,conditional,true,true
1986-06-30,1986-06,251637,251637,亿日元,M,MONETARY_BASE,BOJ,OFFICIAL_CANONICAL,,,1986-07-15,REALTIME_ASSUMED,CONSERVATIVE_PROXY,OFFICIAL_NO_REV_AUDIT,conditional,true,true
1986-07-31,1986-07,259123,259123,亿日元,M,MONETARY_BASE,BOJ,OFFICIAL_CANONICAL,,,1986-08-15,REALTIME_ASSUMED,CONSERVATIVE_PROXY,OFFICIAL_NO_REV_AUDIT,conditional,true,true
1986-08-31,1986-08,256055,256055,亿日元,M,MONETARY_BASE,BOJ,OFFICIAL_CANONICAL,,,1986-09-15,REALTIME_ASSUMED,CONSERVATIVE_PROXY,OFFICIAL_NO_REV_AUDIT,conditional,true,true
1986-09-30,1986-09,249699,249699,亿日元,M,MONETARY_BASE,BOJ,OFFICIAL_CANONICAL,,,1986-10-15,REALTIME_ASSUMED,CONSERVATIVE_PROXY,OFFICIAL_NO_REV_AUDIT,conditional,true,true
1986-10-31,1986-10,249940,249940,亿日元,M,MONETARY_BASE,BOJ,OFFICIAL_CANONICAL,,,1986-11-15,REALTIME_ASSUMED,CONSERVATIVE_PROXY,OFFICIAL_NO_REV_AUDIT,conditional,true,true
1986-11-30,1986-11,265139,265139,亿日元,M,MONETARY_BASE,BOJ,OFFICIAL_CANONICAL,,,1986-12-15,REALTIME_ASSUMED,CONSERVATIVE_PROXY,OFFICIAL_NO_REV_AUDIT,conditional,true,true
1986-12-31,1986-12,300411,300411,亿日元,M,MONETARY_BASE,BOJ,OFFICIAL_CANONICAL,,,1987-01-15,REALTIME_ASSUMED,CONSERVATIVE_PROXY,OFFICIAL_NO_REV_AUDIT,conditional,true,true
1987-01-31,1987-01,286064,286064,亿日元,M,MONETARY_BASE,BOJ,OFFICIAL_CANONICAL,,,1987-02-15,REALTIME_ASSUMED,CONSERVATIVE_PROXY,OFFICIAL_NO_REV_AUDIT,conditional,true,true
1987-02-28,1987-02,275165,275165,亿日元,M,MONETARY_BASE,BOJ,OFFICIAL_CANONICAL,,,1987-03-15,REALTIME_ASSUMED,CONSERVATIVE_PROXY,OFFICIAL_NO_REV_AUDIT,conditional,true,true
1987-03-31,1987-03,282616,282616,亿日元,M,MONETARY_BASE,BOJ,OFFICIAL_CANONICAL,,,1987-04-15,REALTIME_ASSUMED,CONSERVATIVE_PROXY,OFFICIAL_NO_REV_AUDIT,conditional,true,true
1987-04-30,1987-04,281725,281725,亿日元,M,MONETARY_BASE,BOJ,OFFICIAL_CANONICAL,,,1987-05-15,REALTIME_ASSUMED,CONSERVATIVE_PROXY,OFFICIAL_NO_REV_AUDIT,conditional,true,true
1987-05-31,1987-05,283774,283774,亿日元,M,MONETARY_BASE,BOJ,OFFICIAL_CANONICAL,,,1987-06-15,REALTIME_ASSUMED,CONSERVATIVE_PROXY,OFFICIAL_NO_REV_AUDIT,conditional,true,true
1987-06-30,1987-06,282996,282996,亿日元,M,MONETARY_BASE,BOJ,OFFICIAL_CANONICAL,,,1987-07-15,REALTIME_ASSUMED,CONSERVATIVE_PROXY,OFFICIAL_NO_REV_AUDIT,conditional,true,true
1987-07-31,1987-07,294789,294789,亿日元,M,MONETARY_BASE,BOJ,OFFICIAL_CANONICAL,,,1987-08-15,REALTIME_ASSUMED,CONSERVATIVE_PROXY,OFFICIAL_NO_REV_AUDIT,conditional,true,true
1987-08-31,1987-08,293357,293357,亿日元,M,MONETARY_BASE,BOJ,OFFICIAL_CANONICAL,,,1987-09-15,REALTIME_ASSUMED,CONSERVATIVE_PROXY,OFFICIAL_NO_REV_AUDIT,conditional,true,true
1987-09-30,1987-09,286867,286867,亿日元,M,MONETARY_BASE,BOJ,OFFICIAL_CANONICAL,,,1987-10-15,REALTIME_ASSUMED,CONSERVATIVE_PROXY,OFFICIAL_NO_REV_AUDIT,conditional,true,true
1987-10-31,1987-10,288388,288388,亿日元,M,MONETARY_BASE,BOJ,OFFICIAL_CANONICAL,,,1987-11-15,REALTIME_ASSUMED,CONSERVATIVE_PROXY,OFFICIAL_NO_REV_AUDIT,conditional,true,true
1987-11-30,1987-11,292520,292520,亿日元,M,MONETARY_BASE,BOJ,OFFICIAL_CANONICAL,,,1987-12-15,REALTIME_ASSUMED,CONSERVATIVE_PROXY,OFFICIAL_NO_REV_AUDIT,conditional,true,true
1987-12-31,1987-12,331571,331571,亿日元,M,MONETARY_BASE,BOJ,OFFICIAL_CANONICAL,,,1988-01-15,REALTIME_ASSUMED,CONSERVATIVE_PROXY,OFFICIAL_NO_REV_AUDIT,conditional,true,true
1988-01-31,1988-01,315650,315650,亿日元,M,MONETARY_BASE,BOJ,OFFICIAL_CANONICAL,,,1988-02-15,REALTIME_ASSUMED,CONSERVATIVE_PROXY,OFFICIAL_NO_REV_AUDIT,conditional,true,true
1988-02-29,1988-02,304378,304378,亿日元,M,MONETARY_BASE,BOJ,OFFICIAL_CANONICAL,,,1988-03-15,REALTIME_ASSUMED,CONSERVATIVE_PROXY,OFFICIAL_NO_REV_AUDIT,conditional,true,true
1988-03-31,1988-03,315336,315336,亿日元,M,MONETARY_BASE,BOJ,OFFICIAL_CANONICAL,,,1988-04-15,REALTIME_ASSUMED,CONSERVATIVE_PROXY,OFFICIAL_NO_REV_AUDIT,conditional,true,true
1988-04-30,1988-04,317578,317578,亿日元,M,MONETARY_BASE,BOJ,OFFICIAL_CANONICAL,,,1988-05-15,REALTIME_ASSUMED,CONSERVATIVE_PROXY,OFFICIAL_NO_REV_AUDIT,conditional,true,true
1988-05-31,1988-05,319577,319577,亿日元,M,MONETARY_BASE,BOJ,OFFICIAL_CANONICAL,,,1988-06-15,REALTIME_ASSUMED,CONSERVATIVE_PROXY,OFFICIAL_NO_REV_AUDIT,conditional,true,true
1988-06-30,1988-06,312567,312567,亿日元,M,MONETARY_BASE,BOJ,OFFICIAL_CANONICAL,,,1988-07-15,REALTIME_ASSUMED,CONSERVATIVE_PROXY,OFFICIAL_NO_REV_AUDIT,conditional,true,true
1988-07-31,1988-07,327743,327743,亿日元,M,MONETARY_BASE,BOJ,OFFICIAL_CANONICAL,,,1988-08-15,REALTIME_ASSUMED,CONSERVATIVE_PROXY,OFFICIAL_NO_REV_AUDIT,conditional,true,true
1988-08-31,1988-08,324104,324104,亿日元,M,MONETARY_BASE,BOJ,OFFICIAL_CANONICAL,,,1988-09-15,REALTIME_ASSUMED,CONSERVATIVE_PROXY,OFFICIAL_NO_REV_AUDIT,conditional,true,true
1988-09-30,1988-09,318235,318235,亿日元,M,MONETARY_BASE,BOJ,OFFICIAL_CANONICAL,,,1988-10-15,REALTIME_ASSUMED,CONSERVATIVE_PROXY,OFFICIAL_NO_REV_AUDIT,conditional,true,true
1988-10-31,1988-10,319102,319102,亿日元,M,MONETARY_BASE,BOJ,OFFICIAL_CANONICAL,,,1988-11-15,REALTIME_ASSUMED,CONSERVATIVE_PROXY,OFFICIAL_NO_REV_AUDIT,conditional,true,true
1988-11-30,1988-11,322942,322942,亿日元,M,MONETARY_BASE,BOJ,OFFICIAL_CANONICAL,,,1988-12-15,REALTIME_ASSUMED,CONSERVATIVE_PROXY,OFFICIAL_NO_REV_AUDIT,conditional,true,true
1988-12-31,1988-12,361981,361981,亿日元,M,MONETARY_BASE,BOJ,OFFICIAL_CANONICAL,,,1989-01-15,REALTIME_ASSUMED,CONSERVATIVE_PROXY,OFFICIAL_NO_REV_AUDIT,conditional,true,true
1989-01-31,1989-01,351257,351257,亿日元,M,MONETARY_BASE,BOJ,OFFICIAL_CANONICAL,,,1989-02-15,REALTIME_ASSUMED,CONSERVATIVE_PROXY,OFFICIAL_NO_REV_AUDIT,conditional,true,true
1989-02-28,1989-02,339679,339679,亿日元,M,MONETARY_BASE,BOJ,OFFICIAL_CANONICAL,,,1989-03-15,REALTIME_ASSUMED,CONSERVATIVE_PROXY,OFFICIAL_NO_REV_AUDIT,conditional,true,true
1989-03-31,1989-03,349457,349457,亿日元,M,MONETARY_BASE,BOJ,OFFICIAL_CANONICAL,,,1989-04-15,REALTIME_ASSUMED,CONSERVATIVE_PROXY,OFFICIAL_NO_REV_AUDIT,conditional,true,true
1989-04-30,1989-04,352108,352108,亿日元,M,MONETARY_BASE,BOJ,OFFICIAL_CANONICAL,,,1989-05-15,REALTIME_ASSUMED,CONSERVATIVE_PROXY,OFFICIAL_NO_REV_AUDIT,conditional,true,true
1989-05-31,1989-05,353491,353491,亿日元,M,MONETARY_BASE,BOJ,OFFICIAL_CANONICAL,,,1989-06-15,REALTIME_ASSUMED,CONSERVATIVE_PROXY,OFFICIAL_NO_REV_AUDIT,conditional,true,true
1989-06-30,1989-06,347511,347511,亿日元,M,MONETARY_BASE,BOJ,OFFICIAL_CANONICAL,,,1989-07-15,REALTIME_ASSUMED,CONSERVATIVE_PROXY,OFFICIAL_NO_REV_AUDIT,conditional,true,true
1989-07-31,1989-07,362138,362138,亿日元,M,MONETARY_BASE,BOJ,OFFICIAL_CANONICAL,,,1989-08-15,REALTIME_ASSUMED,CONSERVATIVE_PROXY,OFFICIAL_NO_REV_AUDIT,conditional,true,true
1989-08-31,1989-08,362399,362399,亿日元,M,MONETARY_BASE,BOJ,OFFICIAL_CANONICAL,,,1989-09-15,REALTIME_ASSUMED,CONSERVATIVE_PROXY,OFFICIAL_NO_REV_AUDIT,conditional,true,true
1989-09-30,1989-09,353250,353250,亿日元,M,MONETARY_BASE,BOJ,OFFICIAL_CANONICAL,,,1989-10-15,REALTIME_ASSUMED,CONSERVATIVE_PROXY,OFFICIAL_NO_REV_AUDIT,conditional,true,true
1989-10-31,1989-10,356228,356228,亿日元,M,MONETARY_BASE,BOJ,OFFICIAL_CANONICAL,,,1989-11-15,REALTIME_ASSUMED,CONSERVATIVE_PROXY,OFFICIAL_NO_REV_AUDIT,conditional,true,true
1989-11-30,1989-11,360433,360433,亿日元,M,MONETARY_BASE,BOJ,OFFICIAL_CANONICAL,,,1989-12-15,REALTIME_ASSUMED,CONSERVATIVE_PROXY,OFFICIAL_NO_REV_AUDIT,conditional,true,true
1989-12-31,1989-12,407692,407692,亿日元,M,MONETARY_BASE,BOJ,OFFICIAL_CANONICAL,,,1990-01-15,REALTIME_ASSUMED,CONSERVATIVE_PROXY,OFFICIAL_NO_REV_AUDIT,conditional,true,true
1990-01-31,1990-01,396438,396438,亿日元,M,MONETARY_BASE,BOJ,OFFICIAL_CANONICAL,,,1990-02-15,REALTIME_ASSUMED,CONSERVATIVE_PROXY,OFFICIAL_NO_REV_AUDIT,conditional,true,true
1990-02-28,1990-02,379074,379074,亿日元,M,MONETARY_BASE,BOJ,OFFICIAL_CANONICAL,,,1990-03-15,REALTIME_ASSUMED,CONSERVATIVE_PROXY,OFFICIAL_NO_REV_AUDIT,conditional,true,true
1990-03-31,1990-03,387141,387141,亿日元,M,MONETARY_BASE,BOJ,OFFICIAL_CANONICAL,,,1990-04-15,REALTIME_ASSUMED,CONSERVATIVE_PROXY,OFFICIAL_NO_REV_AUDIT,conditional,true,true
1990-04-30,1990-04,398966,398966,亿日元,M,MONETARY_BASE,BOJ,OFFICIAL_CANONICAL,,,1990-05-15,REALTIME_ASSUMED,CONSERVATIVE_PROXY,OFFICIAL_NO_REV_AUDIT,conditional,true,true
1990-05-31,1990-05,388227,388227,亿日元,M,MONETARY_BASE,BOJ,OFFICIAL_CANONICAL,,,1990-06-15,REALTIME_ASSUMED,CONSERVATIVE_PROXY,OFFICIAL_NO_REV_AUDIT,conditional,true,true
1990-06-30,1990-06,380177,380177,亿日元,M,MONETARY_BASE,BOJ,OFFICIAL_CANONICAL,,,1990-07-15,REALTIME_ASSUMED,CONSERVATIVE_PROXY,OFFICIAL_NO_REV_AUDIT,conditional,true,true
1990-07-31,1990-07,397725,397725,亿日元,M,MONETARY_BASE,BOJ,OFFICIAL_CANONICAL,,,1990-08-15,REALTIME_ASSUMED,CONSERVATIVE_PROXY,OFFICIAL_NO_REV_AUDIT,conditional,true,true
1990-08-31,1990-08,393872,393872,亿日元,M,MONETARY_BASE,BOJ,OFFICIAL_CANONICAL,,,1990-09-15,REALTIME_ASSUMED,CONSERVATIVE_PROXY,OFFICIAL_NO_REV_AUDIT,conditional,true,true
1990-09-30,1990-09,384880,384880,亿日元,M,MONETARY_BASE,BOJ,OFFICIAL_CANONICAL,,,1990-10-15,REALTIME_ASSUMED,CONSERVATIVE_PROXY,OFFICIAL_NO_REV_AUDIT,conditional,true,true
1990-10-31,1990-10,380905,380905,亿日元,M,MONETARY_BASE,BOJ,OFFICIAL_CANONICAL,,,1990-11-15,REALTIME_ASSUMED,CONSERVATIVE_PROXY,OFFICIAL_NO_REV_AUDIT,conditional,true,true
1990-11-30,1990-11,384221,384221,亿日元,M,MONETARY_BASE,BOJ,OFFICIAL_CANONICAL,,,1990-12-15,REALTIME_ASSUMED,CONSERVATIVE_PROXY,OFFICIAL_NO_REV_AUDIT,conditional,true,true
1990-12-31,1990-12,434790,434790,亿日元,M,MONETARY_BASE,BOJ,OFFICIAL_CANONICAL,,,1991-01-15,REALTIME_ASSUMED,CONSERVATIVE_PROXY,OFFICIAL_NO_REV_AUDIT,conditional,true,true
1991-01-31,1991-01,416599,416599,亿日元,M,MONETARY_BASE,BOJ,OFFICIAL_CANONICAL,,,1991-02-15,REALTIME_ASSUMED,CONSERVATIVE_PROXY,OFFICIAL_NO_REV_AUDIT,conditional,true,true
1991-02-28,1991-02,389282,389282,亿日元,M,MONETARY_BASE,BOJ,OFFICIAL_CANONICAL,,,1991-03-15,REALTIME_ASSUMED,CONSERVATIVE_PROXY,OFFICIAL_NO_REV_AUDIT,conditional,true,true
1991-03-31,1991-03,403003,403003,亿日元,M,MONETARY_BASE,BOJ,OFFICIAL_CANONICAL,,,1991-04-15,REALTIME_ASSUMED,CONSERVATIVE_PROXY,OFFICIAL_NO_REV_AUDIT,conditional,true,true
1991-04-30,1991-04,400518,400518,亿日元,M,MONETARY_BASE,BOJ,OFFICIAL_CANONICAL,,,1991-05-15,REALTIME_ASSUMED,CONSERVATIVE_PROXY,OFFICIAL_NO_REV_AUDIT,conditional,true,true
1991-05-31,1991-05,396596,396596,亿日元,M,MONETARY_BASE,BOJ,OFFICIAL_CANONICAL,,,1991-06-15,REALTIME_ASSUMED,CONSERVATIVE_PROXY,OFFICIAL_NO_REV_AUDIT,conditional,true,true
1991-06-30,1991-06,393195,393195,亿日元,M,MONETARY_BASE,BOJ,OFFICIAL_CANONICAL,,,1991-07-15,REALTIME_ASSUMED,CONSERVATIVE_PROXY,OFFICIAL_NO_REV_AUDIT,conditional,true,true
1991-07-31,1991-07,405930,405930,亿日元,M,MONETARY_BASE,BOJ,OFFICIAL_CANONICAL,,,1991-08-15,REALTIME_ASSUMED,CONSERVATIVE_PROXY,OFFICIAL_NO_REV_AUDIT,conditional,true,true
1991-08-31,1991-08,399507,399507,亿日元,M,MONETARY_BASE,BOJ,OFFICIAL_CANONICAL,,,1991-09-15,REALTIME_ASSUMED,CONSERVATIVE_PROXY,OFFICIAL_NO_REV_AUDIT,conditional,true,true
1991-09-30,1991-09,388370,388370,亿日元,M,MONETARY_BASE,BOJ,OFFICIAL_CANONICAL,,,1991-10-15,REALTIME_ASSUMED,CONSERVATIVE_PROXY,OFFICIAL_NO_REV_AUDIT,conditional,true,true
1991-10-31,1991-10,383696,383696,亿日元,M,MONETARY_BASE,BOJ,OFFICIAL_CANONICAL,,,1991-11-15,REALTIME_ASSUMED,CONSERVATIVE_PROXY,OFFICIAL_NO_REV_AUDIT,conditional,true,true
1991-11-30,1991-11,378262,378262,亿日元,M,MONETARY_BASE,BOJ,OFFICIAL_CANONICAL,,,1991-12-15,REALTIME_ASSUMED,CONSERVATIVE_PROXY,OFFICIAL_NO_REV_AUDIT,conditional,true,true
1991-12-31,1991-12,422588,422588,亿日元,M,MONETARY_BASE,BOJ,OFFICIAL_CANONICAL,,,1992-01-15,REALTIME_ASSUMED,CONSERVATIVE_PROXY,OFFICIAL_NO_REV_AUDIT,conditional,true,true
1992-01-31,1992-01,403151,403151,亿日元,M,MONETARY_BASE,BOJ,OFFICIAL_CANONICAL,,,1992-02-15,REALTIME_ASSUMED,CONSERVATIVE_PROXY,OFFICIAL_NO_REV_AUDIT,conditional,true,true
1992-02-29,1992-02,381986,381986,亿日元,M,MONETARY_BASE,BOJ,OFFICIAL_CANONICAL,,,1992-03-15,REALTIME_ASSUMED,CONSERVATIVE_PROXY,OFFICIAL_NO_REV_AUDIT,conditional,true,true
1992-03-31,1992-03,386773,386773,亿日元,M,MONETARY_BASE,BOJ,OFFICIAL_CANONICAL,,,1992-04-15,REALTIME_ASSUMED,CONSERVATIVE_PROXY,OFFICIAL_NO_REV_AUDIT,conditional,true,true
1992-04-30,1992-04,384556,384556,亿日元,M,MONETARY_BASE,BOJ,OFFICIAL_CANONICAL,,,1992-05-15,REALTIME_ASSUMED,CONSERVATIVE_PROXY,OFFICIAL_NO_REV_AUDIT,conditional,true,true
1992-05-31,1992-05,383633,383633,亿日元,M,MONETARY_BASE,BOJ,OFFICIAL_CANONICAL,,,1992-06-15,REALTIME_ASSUMED,CONSERVATIVE_PROXY,OFFICIAL_NO_REV_AUDIT,conditional,true,true
1992-06-30,1992-06,377922,377922,亿日元,M,MONETARY_BASE,BOJ,OFFICIAL_CANONICAL,,,1992-07-15,REALTIME_ASSUMED,CONSERVATIVE_PROXY,OFFICIAL_NO_REV_AUDIT,conditional,true,true
1992-07-31,1992-07,393184,393184,亿日元,M,MONETARY_BASE,BOJ,OFFICIAL_CANONICAL,,,1992-08-15,REALTIME_ASSUMED,CONSERVATIVE_PROXY,OFFICIAL_NO_REV_AUDIT,conditional,true,true
1992-08-31,1992-08,389860,389860,亿日元,M,MONETARY_BASE,BOJ,OFFICIAL_CANONICAL,,,1992-09-15,REALTIME_ASSUMED,CONSERVATIVE_PROXY,OFFICIAL_NO_REV_AUDIT,conditional,true,true
1992-09-30,1992-09,380155,380155,亿日元,M,MONETARY_BASE,BOJ,OFFICIAL_CANONICAL,,,1992-10-15,REALTIME_ASSUMED,CONSERVATIVE_PROXY,OFFICIAL_NO_REV_AUDIT,conditional,true,true
1992-10-31,1992-10,378849,378849,亿日元,M,MONETARY_BASE,BOJ,OFFICIAL_CANONICAL,,,1992-11-15,REALTIME_ASSUMED,CONSERVATIVE_PROXY,OFFICIAL_NO_REV_AUDIT,conditional,true,true
1992-11-30,1992-11,382626,382626,亿日元,M,MONETARY_BASE,BOJ,OFFICIAL_CANONICAL,,,1992-12-15,REALTIME_ASSUMED,CONSERVATIVE_PROXY,OFFICIAL_NO_REV_AUDIT,conditional,true,true
1992-12-31,1992-12,428679,428679,亿日元,M,MONETARY_BASE,BOJ,OFFICIAL_CANONICAL,,,1993-01-15,REALTIME_ASSUMED,CONSERVATIVE_PROXY,OFFICIAL_NO_REV_AUDIT,conditional,true,true
1993-01-31,1993-01,408398,408398,亿日元,M,MONETARY_BASE,BOJ,OFFICIAL_CANONICAL,,,1993-02-15,REALTIME_ASSUMED,CONSERVATIVE_PROXY,OFFICIAL_NO_REV_AUDIT,conditional,true,true
1993-02-28,1993-02,392381,392381,亿日元,M,MONETARY_BASE,BOJ,OFFICIAL_CANONICAL,,,1993-03-15,REALTIME_ASSUMED,CONSERVATIVE_PROXY,OFFICIAL_NO_REV_AUDIT,conditional,true,true
1993-03-31,1993-03,397115,397115,亿日元,M,MONETARY_BASE,BOJ,OFFICIAL_CANONICAL,,,1993-04-15,REALTIME_ASSUMED,CONSERVATIVE_PROXY,OFFICIAL_NO_REV_AUDIT,conditional,true,true
1993-04-30,1993-04,397225,397225,亿日元,M,MONETARY_BASE,BOJ,OFFICIAL_CANONICAL,,,1993-05-15,REALTIME_ASSUMED,CONSERVATIVE_PROXY,OFFICIAL_NO_REV_AUDIT,conditional,true,true
1993-05-31,1993-05,400557,400557,亿日元,M,MONETARY_BASE,BOJ,OFFICIAL_CANONICAL,,,1993-06-15,REALTIME_ASSUMED,CONSERVATIVE_PROXY,OFFICIAL_NO_REV_AUDIT,conditional,true,true
1993-06-30,1993-06,391313,391313,亿日元,M,MONETARY_BASE,BOJ,OFFICIAL_CANONICAL,,,1993-07-15,REALTIME_ASSUMED,CONSERVATIVE_PROXY,OFFICIAL_NO_REV_AUDIT,conditional,true,true
1993-07-31,1993-07,407699,407699,亿日元,M,MONETARY_BASE,BOJ,OFFICIAL_CANONICAL,,,1993-08-15,REALTIME_ASSUMED,CONSERVATIVE_PROXY,OFFICIAL_NO_REV_AUDIT,conditional,true,true
1993-08-31,1993-08,402591,402591,亿日元,M,MONETARY_BASE,BOJ,OFFICIAL_CANONICAL,,,1993-09-15,REALTIME_ASSUMED,CONSERVATIVE_PROXY,OFFICIAL_NO_REV_AUDIT,conditional,true,true
1993-09-30,1993-09,393040,393040,亿日元,M,MONETARY_BASE,BOJ,OFFICIAL_CANONICAL,,,1993-10-15,REALTIME_ASSUMED,CONSERVATIVE_PROXY,OFFICIAL_NO_REV_AUDIT,conditional,true,true
1993-10-31,1993-10,397367,397367,亿日元,M,MONETARY_BASE,BOJ,OFFICIAL_CANONICAL,,,1993-11-15,REALTIME_ASSUMED,CONSERVATIVE_PROXY,OFFICIAL_NO_REV_AUDIT,conditional,true,true
1993-11-30,1993-11,397256,397256,亿日元,M,MONETARY_BASE,BOJ,OFFICIAL_CANONICAL,,,1993-12-15,REALTIME_ASSUMED,CONSERVATIVE_PROXY,OFFICIAL_NO_REV_AUDIT,conditional,true,true
1993-12-31,1993-12,444684,444684,亿日元,M,MONETARY_BASE,BOJ,OFFICIAL_CANONICAL,,,1994-01-15,REALTIME_ASSUMED,CONSERVATIVE_PROXY,OFFICIAL_NO_REV_AUDIT,conditional,true,true
1994-01-31,1994-01,427146,427146,亿日元,M,MONETARY_BASE,BOJ,OFFICIAL_CANONICAL,,,1994-02-15,REALTIME_ASSUMED,CONSERVATIVE_PROXY,OFFICIAL_NO_REV_AUDIT,conditional,true,true
1994-02-28,1994-02,408951,408951,亿日元,M,MONETARY_BASE,BOJ,OFFICIAL_CANONICAL,,,1994-03-15,REALTIME_ASSUMED,CONSERVATIVE_PROXY,OFFICIAL_NO_REV_AUDIT,conditional,true,true
1994-03-31,1994-03,415721,415721,亿日元,M,MONETARY_BASE,BOJ,OFFICIAL_CANONICAL,,,1994-04-15,REALTIME_ASSUMED,CONSERVATIVE_PROXY,OFFICIAL_NO_REV_AUDIT,conditional,true,true
1994-04-30,1994-04,415318,415318,亿日元,M,MONETARY_BASE,BOJ,OFFICIAL_CANONICAL,,,1994-05-15,REALTIME_ASSUMED,CONSERVATIVE_PROXY,OFFICIAL_NO_REV_AUDIT,conditional,true,true
1994-05-31,1994-05,417403,417403,亿日元,M,MONETARY_BASE,BOJ,OFFICIAL_CANONICAL,,,1994-06-15,REALTIME_ASSUMED,CONSERVATIVE_PROXY,OFFICIAL_NO_REV_AUDIT,conditional,true,true
1994-06-30,1994-06,406934,406934,亿日元,M,MONETARY_BASE,BOJ,OFFICIAL_CANONICAL,,,1994-07-15,REALTIME_ASSUMED,CONSERVATIVE_PROXY,OFFICIAL_NO_REV_AUDIT,conditional,true,true
1994-07-31,1994-07,426321,426321,亿日元,M,MONETARY_BASE,BOJ,OFFICIAL_CANONICAL,,,1994-08-15,REALTIME_ASSUMED,CONSERVATIVE_PROXY,OFFICIAL_NO_REV_AUDIT,conditional,true,true
1994-08-31,1994-08,422143,422143,亿日元,M,MONETARY_BASE,BOJ,OFFICIAL_CANONICAL,,,1994-09-15,REALTIME_ASSUMED,CONSERVATIVE_PROXY,OFFICIAL_NO_REV_AUDIT,conditional,true,true
1994-09-30,1994-09,418588,418588,亿日元,M,MONETARY_BASE,BOJ,OFFICIAL_CANONICAL,,,1994-10-15,REALTIME_ASSUMED,CONSERVATIVE_PROXY,OFFICIAL_NO_REV_AUDIT,conditional,true,true
1994-10-31,1994-10,416258,416258,亿日元,M,MONETARY_BASE,BOJ,OFFICIAL_CANONICAL,,,1994-11-15,REALTIME_ASSUMED,CONSERVATIVE_PROXY,OFFICIAL_NO_REV_AUDIT,conditional,true,true
1994-11-30,1994-11,414362,414362,亿日元,M,MONETARY_BASE,BOJ,OFFICIAL_CANONICAL,,,1994-12-15,REALTIME_ASSUMED,CONSERVATIVE_PROXY,OFFICIAL_NO_REV_AUDIT,conditional,true,true
1994-12-31,1994-12,462391,462391,亿日元,M,MONETARY_BASE,BOJ,OFFICIAL_CANONICAL,,,1995-01-15,REALTIME_ASSUMED,CONSERVATIVE_PROXY,OFFICIAL_NO_REV_AUDIT,conditional,true,true
1995-01-31,1995-01,447720,447720,亿日元,M,MONETARY_BASE,BOJ,OFFICIAL_CANONICAL,,,1995-02-15,REALTIME_ASSUMED,CONSERVATIVE_PROXY,OFFICIAL_NO_REV_AUDIT,conditional,true,true
1995-02-28,1995-02,425001,425001,亿日元,M,MONETARY_BASE,BOJ,OFFICIAL_CANONICAL,,,1995-03-15,REALTIME_ASSUMED,CONSERVATIVE_PROXY,OFFICIAL_NO_REV_AUDIT,conditional,true,true
1995-03-31,1995-03,432723,432723,亿日元,M,MONETARY_BASE,BOJ,OFFICIAL_CANONICAL,,,1995-04-15,REALTIME_ASSUMED,CONSERVATIVE_PROXY,OFFICIAL_NO_REV_AUDIT,conditional,true,true
1995-04-30,1995-04,433732,433732,亿日元,M,MONETARY_BASE,BOJ,OFFICIAL_CANONICAL,,,1995-05-15,REALTIME_ASSUMED,CONSERVATIVE_PROXY,OFFICIAL_NO_REV_AUDIT,conditional,true,true
1995-05-31,1995-05,433126,433126,亿日元,M,MONETARY_BASE,BOJ,OFFICIAL_CANONICAL,,,1995-06-15,REALTIME_ASSUMED,CONSERVATIVE_PROXY,OFFICIAL_NO_REV_AUDIT,conditional,true,true
1995-06-30,1995-06,425895,425895,亿日元,M,MONETARY_BASE,BOJ,OFFICIAL_CANONICAL,,,1995-07-15,REALTIME_ASSUMED,CONSERVATIVE_PROXY,OFFICIAL_NO_REV_AUDIT,conditional,true,true
1995-07-31,1995-07,443917,443917,亿日元,M,MONETARY_BASE,BOJ,OFFICIAL_CANONICAL,,,1995-08-15,REALTIME_ASSUMED,CONSERVATIVE_PROXY,OFFICIAL_NO_REV_AUDIT,conditional,true,true
1995-08-31,1995-08,440162,440162,亿日元,M,MONETARY_BASE,BOJ,OFFICIAL_CANONICAL,,,1995-09-15,REALTIME_ASSUMED,CONSERVATIVE_PROXY,OFFICIAL_NO_REV_AUDIT,conditional,true,true
1995-09-30,1995-09,437732,437732,亿日元,M,MONETARY_BASE,BOJ,OFFICIAL_CANONICAL,,,1995-10-15,REALTIME_ASSUMED,CONSERVATIVE_PROXY,OFFICIAL_NO_REV_AUDIT,conditional,true,true
1995-10-31,1995-10,441865,441865,亿日元,M,MONETARY_BASE,BOJ,OFFICIAL_CANONICAL,,,1995-11-15,REALTIME_ASSUMED,CONSERVATIVE_PROXY,OFFICIAL_NO_REV_AUDIT,conditional,true,true
1995-11-30,1995-11,445844,445844,亿日元,M,MONETARY_BASE,BOJ,OFFICIAL_CANONICAL,,,1995-12-15,REALTIME_ASSUMED,CONSERVATIVE_PROXY,OFFICIAL_NO_REV_AUDIT,conditional,true,true
1995-12-31,1995-12,490471,490471,亿日元,M,MONETARY_BASE,BOJ,OFFICIAL_CANONICAL,,,1996-01-15,REALTIME_ASSUMED,CONSERVATIVE_PROXY,OFFICIAL_NO_REV_AUDIT,conditional,true,true
1996-01-31,1996-01,482308,482308,亿日元,M,MONETARY_BASE,BOJ,OFFICIAL_CANONICAL,,,1996-02-15,REALTIME_ASSUMED,CONSERVATIVE_PROXY,OFFICIAL_NO_REV_AUDIT,conditional,true,true
1996-02-29,1996-02,463807,463807,亿日元,M,MONETARY_BASE,BOJ,OFFICIAL_CANONICAL,,,1996-03-15,REALTIME_ASSUMED,CONSERVATIVE_PROXY,OFFICIAL_NO_REV_AUDIT,conditional,true,true
1996-03-31,1996-03,470437,470437,亿日元,M,MONETARY_BASE,BOJ,OFFICIAL_CANONICAL,,,1996-04-15,REALTIME_ASSUMED,CONSERVATIVE_PROXY,OFFICIAL_NO_REV_AUDIT,conditional,true,true
1996-04-30,1996-04,472202,472202,亿日元,M,MONETARY_BASE,BOJ,OFFICIAL_CANONICAL,,,1996-05-15,REALTIME_ASSUMED,CONSERVATIVE_PROXY,OFFICIAL_NO_REV_AUDIT,conditional,true,true
1996-05-31,1996-05,470282,470282,亿日元,M,MONETARY_BASE,BOJ,OFFICIAL_CANONICAL,,,1996-06-15,REALTIME_ASSUMED,CONSERVATIVE_PROXY,OFFICIAL_NO_REV_AUDIT,conditional,true,true
1996-06-30,1996-06,467351,467351,亿日元,M,MONETARY_BASE,BOJ,OFFICIAL_CANONICAL,,,1996-07-15,REALTIME_ASSUMED,CONSERVATIVE_PROXY,OFFICIAL_NO_REV_AUDIT,conditional,true,true
1996-07-31,1996-07,481329,481329,亿日元,M,MONETARY_BASE,BOJ,OFFICIAL_CANONICAL,,,1996-08-15,REALTIME_ASSUMED,CONSERVATIVE_PROXY,OFFICIAL_NO_REV_AUDIT,conditional,true,true
1996-08-31,1996-08,476002,476002,亿日元,M,MONETARY_BASE,BOJ,OFFICIAL_CANONICAL,,,1996-09-15,REALTIME_ASSUMED,CONSERVATIVE_PROXY,OFFICIAL_NO_REV_AUDIT,conditional,true,true
1996-09-30,1996-09,472257,472257,亿日元,M,MONETARY_BASE,BOJ,OFFICIAL_CANONICAL,,,1996-10-15,REALTIME_ASSUMED,CONSERVATIVE_PROXY,OFFICIAL_NO_REV_AUDIT,conditional,true,true
1996-10-31,1996-10,473835,473835,亿日元,M,MONETARY_BASE,BOJ,OFFICIAL_CANONICAL,,,1996-11-15,REALTIME_ASSUMED,CONSERVATIVE_PROXY,OFFICIAL_NO_REV_AUDIT,conditional,true,true
1996-11-30,1996-11,478422,478422,亿日元,M,MONETARY_BASE,BOJ,OFFICIAL_CANONICAL,,,1996-12-15,REALTIME_ASSUMED,CONSERVATIVE_PROXY,OFFICIAL_NO_REV_AUDIT,conditional,true,true
1996-12-31,1996-12,526309,526309,亿日元,M,MONETARY_BASE,BOJ,OFFICIAL_CANONICAL,,,1997-01-15,REALTIME_ASSUMED,CONSERVATIVE_PROXY,OFFICIAL_NO_REV_AUDIT,conditional,true,true
1997-01-31,1997-01,519490,519490,亿日元,M,MONETARY_BASE,BOJ,OFFICIAL_CANONICAL,,,1997-02-15,REALTIME_ASSUMED,CONSERVATIVE_PROXY,OFFICIAL_NO_REV_AUDIT,conditional,true,true
1997-02-28,1997-02,495800,495800,亿日元,M,MONETARY_BASE,BOJ,OFFICIAL_CANONICAL,,,1997-03-15,REALTIME_ASSUMED,CONSERVATIVE_PROXY,OFFICIAL_NO_REV_AUDIT,conditional,true,true
1997-03-31,1997-03,506044,506044,亿日元,M,MONETARY_BASE,BOJ,OFFICIAL_CANONICAL,,,1997-04-15,REALTIME_ASSUMED,CONSERVATIVE_PROXY,OFFICIAL_NO_REV_AUDIT,conditional,true,true
1997-04-30,1997-04,503896,503896,亿日元,M,MONETARY_BASE,BOJ,OFFICIAL_CANONICAL,,,1997-05-15,REALTIME_ASSUMED,CONSERVATIVE_PROXY,OFFICIAL_NO_REV_AUDIT,conditional,true,true
1997-05-31,1997-05,502266,502266,亿日元,M,MONETARY_BASE,BOJ,OFFICIAL_CANONICAL,,,1997-06-15,REALTIME_ASSUMED,CONSERVATIVE_PROXY,OFFICIAL_NO_REV_AUDIT,conditional,true,true
1997-06-30,1997-06,502088,502088,亿日元,M,MONETARY_BASE,BOJ,OFFICIAL_CANONICAL,,,1997-07-15,REALTIME_ASSUMED,CONSERVATIVE_PROXY,OFFICIAL_NO_REV_AUDIT,conditional,true,true
1997-07-31,1997-07,515549,515549,亿日元,M,MONETARY_BASE,BOJ,OFFICIAL_CANONICAL,,,1997-08-15,REALTIME_ASSUMED,CONSERVATIVE_PROXY,OFFICIAL_NO_REV_AUDIT,conditional,true,true
1997-08-31,1997-08,511808,511808,亿日元,M,MONETARY_BASE,BOJ,OFFICIAL_CANONICAL,,,1997-09-15,REALTIME_ASSUMED,CONSERVATIVE_PROXY,OFFICIAL_NO_REV_AUDIT,conditional,true,true
1997-09-30,1997-09,506656,506656,亿日元,M,MONETARY_BASE,BOJ,OFFICIAL_CANONICAL,,,1997-10-15,REALTIME_ASSUMED,CONSERVATIVE_PROXY,OFFICIAL_NO_REV_AUDIT,conditional,true,true
1997-10-31,1997-10,508061,508061,亿日元,M,MONETARY_BASE,BOJ,OFFICIAL_CANONICAL,,,1997-11-15,REALTIME_ASSUMED,CONSERVATIVE_PROXY,OFFICIAL_NO_REV_AUDIT,conditional,true,true
1997-11-30,1997-11,523264,523264,亿日元,M,MONETARY_BASE,BOJ,OFFICIAL_CANONICAL,,,1997-12-15,REALTIME_ASSUMED,CONSERVATIVE_PROXY,OFFICIAL_NO_REV_AUDIT,conditional,true,true
1997-12-31,1997-12,578436,578436,亿日元,M,MONETARY_BASE,BOJ,OFFICIAL_CANONICAL,,,1998-01-15,REALTIME_ASSUMED,CONSERVATIVE_PROXY,OFFICIAL_NO_REV_AUDIT,conditional,true,true
1998-01-31,1998-01,567079,567079,亿日元,M,MONETARY_BASE,BOJ,OFFICIAL_CANONICAL,,,1998-02-15,REALTIME_ASSUMED,CONSERVATIVE_PROXY,OFFICIAL_NO_REV_AUDIT,conditional,true,true
1998-02-28,1998-02,546076,546076,亿日元,M,MONETARY_BASE,BOJ,OFFICIAL_CANONICAL,,,1998-03-15,REALTIME_ASSUMED,CONSERVATIVE_PROXY,OFFICIAL_NO_REV_AUDIT,conditional,true,true
1998-03-31,1998-03,551600,551600,亿日元,M,MONETARY_BASE,BOJ,OFFICIAL_CANONICAL,,,1998-04-15,REALTIME_ASSUMED,CONSERVATIVE_PROXY,OFFICIAL_NO_REV_AUDIT,conditional,true,true
1998-04-30,1998-04,550804,550804,亿日元,M,MONETARY_BASE,BOJ,OFFICIAL_CANONICAL,,,1998-05-15,REALTIME_ASSUMED,CONSERVATIVE_PROXY,OFFICIAL_NO_REV_AUDIT,conditional,true,true
1998-05-31,1998-05,550317,550317,亿日元,M,MONETARY_BASE,BOJ,OFFICIAL_CANONICAL,,,1998-06-15,REALTIME_ASSUMED,CONSERVATIVE_PROXY,OFFICIAL_NO_REV_AUDIT,conditional,true,true
1998-06-30,1998-06,549294,549294,亿日元,M,MONETARY_BASE,BOJ,OFFICIAL_CANONICAL,,,1998-07-15,REALTIME_ASSUMED,CONSERVATIVE_PROXY,OFFICIAL_NO_REV_AUDIT,conditional,true,true
1998-07-31,1998-07,558328,558328,亿日元,M,MONETARY_BASE,BOJ,OFFICIAL_CANONICAL,,,1998-08-15,REALTIME_ASSUMED,CONSERVATIVE_PROXY,OFFICIAL_NO_REV_AUDIT,conditional,true,true
1998-08-31,1998-08,557630,557630,亿日元,M,MONETARY_BASE,BOJ,OFFICIAL_CANONICAL,,,1998-09-15,REALTIME_ASSUMED,CONSERVATIVE_PROXY,OFFICIAL_NO_REV_AUDIT,conditional,true,true
1998-09-30,1998-09,553103,553103,亿日元,M,MONETARY_BASE,BOJ,OFFICIAL_CANONICAL,,,1998-10-15,REALTIME_ASSUMED,CONSERVATIVE_PROXY,OFFICIAL_NO_REV_AUDIT,conditional,true,true
1998-10-31,1998-10,557773,557773,亿日元,M,MONETARY_BASE,BOJ,OFFICIAL_CANONICAL,,,1998-11-15,REALTIME_ASSUMED,CONSERVATIVE_PROXY,OFFICIAL_NO_REV_AUDIT,conditional,true,true
1998-11-30,1998-11,559575,559575,亿日元,M,MONETARY_BASE,BOJ,OFFICIAL_CANONICAL,,,1998-12-15,REALTIME_ASSUMED,CONSERVATIVE_PROXY,OFFICIAL_NO_REV_AUDIT,conditional,true,true
1998-12-31,1998-12,601386,601386,亿日元,M,MONETARY_BASE,BOJ,OFFICIAL_CANONICAL,,,1999-01-15,REALTIME_ASSUMED,CONSERVATIVE_PROXY,OFFICIAL_NO_REV_AUDIT,conditional,true,true
1999-01-31,1999-01,587931,587931,亿日元,M,MONETARY_BASE,BOJ,OFFICIAL_CANONICAL,,,1999-02-15,REALTIME_ASSUMED,CONSERVATIVE_PROXY,OFFICIAL_NO_REV_AUDIT,conditional,true,true
1999-02-28,1999-02,572920,572920,亿日元,M,MONETARY_BASE,BOJ,OFFICIAL_CANONICAL,,,1999-03-15,REALTIME_ASSUMED,CONSERVATIVE_PROXY,OFFICIAL_NO_REV_AUDIT,conditional,true,true
1999-03-31,1999-03,585970,585970,亿日元,M,MONETARY_BASE,BOJ,OFFICIAL_CANONICAL,,,1999-04-15,REALTIME_ASSUMED,CONSERVATIVE_PROXY,OFFICIAL_NO_REV_AUDIT,conditional,true,true
1999-04-30,1999-04,589375,589375,亿日元,M,MONETARY_BASE,BOJ,OFFICIAL_CANONICAL,,,1999-05-15,REALTIME_ASSUMED,CONSERVATIVE_PROXY,OFFICIAL_NO_REV_AUDIT,conditional,true,true
1999-05-31,1999-05,592623,592623,亿日元,M,MONETARY_BASE,BOJ,OFFICIAL_CANONICAL,,,1999-06-15,REALTIME_ASSUMED,CONSERVATIVE_PROXY,OFFICIAL_NO_REV_AUDIT,conditional,true,true
1999-06-30,1999-06,584608,584608,亿日元,M,MONETARY_BASE,BOJ,OFFICIAL_CANONICAL,,,1999-07-15,REALTIME_ASSUMED,CONSERVATIVE_PROXY,OFFICIAL_NO_REV_AUDIT,conditional,true,true
1999-07-31,1999-07,602181,602181,亿日元,M,MONETARY_BASE,BOJ,OFFICIAL_CANONICAL,,,1999-08-15,REALTIME_ASSUMED,CONSERVATIVE_PROXY,OFFICIAL_NO_REV_AUDIT,conditional,true,true
1999-08-31,1999-08,598515,598515,亿日元,M,MONETARY_BASE,BOJ,OFFICIAL_CANONICAL,,,1999-09-15,REALTIME_ASSUMED,CONSERVATIVE_PROXY,OFFICIAL_NO_REV_AUDIT,conditional,true,true
1999-09-30,1999-09,594261,594261,亿日元,M,MONETARY_BASE,BOJ,OFFICIAL_CANONICAL,,,1999-10-15,REALTIME_ASSUMED,CONSERVATIVE_PROXY,OFFICIAL_NO_REV_AUDIT,conditional,true,true
1999-10-31,1999-10,596127,596127,亿日元,M,MONETARY_BASE,BOJ,OFFICIAL_CANONICAL,,,1999-11-15,REALTIME_ASSUMED,CONSERVATIVE_PROXY,OFFICIAL_NO_REV_AUDIT,conditional,true,true
1999-11-30,1999-11,601247,601247,亿日元,M,MONETARY_BASE,BOJ,OFFICIAL_CANONICAL,,,1999-12-15,REALTIME_ASSUMED,CONSERVATIVE_PROXY,OFFICIAL_NO_REV_AUDIT,conditional,true,true
1999-12-31,1999-12,686808,686808,亿日元,M,MONETARY_BASE,BOJ,OFFICIAL_CANONICAL,,,2000-01-15,REALTIME_ASSUMED,CONSERVATIVE_PROXY,OFFICIAL_NO_REV_AUDIT,conditional,true,true
2000-01-31,2000-01,721978,721978,亿日元,M,MONETARY_BASE,BOJ,OFFICIAL_CANONICAL,,,2000-02-15,REALTIME_ASSUMED,CONSERVATIVE_PROXY,OFFICIAL_NO_REV_AUDIT,conditional,true,true
2000-02-29,2000-02,626865,626865,亿日元,M,MONETARY_BASE,BOJ,OFFICIAL_CANONICAL,,,2000-03-15,REALTIME_ASSUMED,CONSERVATIVE_PROXY,OFFICIAL_NO_REV_AUDIT,conditional,true,true
2000-03-31,2000-03,649807,649807,亿日元,M,MONETARY_BASE,BOJ,OFFICIAL_CANONICAL,,,2000-04-15,REALTIME_ASSUMED,CONSERVATIVE_PROXY,OFFICIAL_NO_REV_AUDIT,conditional,true,true
2000-04-30,2000-04,658350,658350,亿日元,M,MONETARY_BASE,BOJ,OFFICIAL_CANONICAL,,,2000-05-15,REALTIME_ASSUMED,CONSERVATIVE_PROXY,OFFICIAL_NO_REV_AUDIT,conditional,true,true
2000-05-31,2000-05,637448,637448,亿日元,M,MONETARY_BASE,BOJ,OFFICIAL_CANONICAL,,,2000-06-15,REALTIME_ASSUMED,CONSERVATIVE_PROXY,OFFICIAL_NO_REV_AUDIT,conditional,true,true
2000-06-30,2000-06,622152,622152,亿日元,M,MONETARY_BASE,BOJ,OFFICIAL_CANONICAL,,,2000-07-15,REALTIME_ASSUMED,CONSERVATIVE_PROXY,OFFICIAL_NO_REV_AUDIT,conditional,true,true
2000-07-31,2000-07,637116,637116,亿日元,M,MONETARY_BASE,BOJ,OFFICIAL_CANONICAL,,,2000-08-15,REALTIME_ASSUMED,CONSERVATIVE_PROXY,OFFICIAL_NO_REV_AUDIT,conditional,true,true
2000-08-31,2000-08,626193,626193,亿日元,M,MONETARY_BASE,BOJ,OFFICIAL_CANONICAL,,,2000-09-15,REALTIME_ASSUMED,CONSERVATIVE_PROXY,OFFICIAL_NO_REV_AUDIT,conditional,true,true
2000-09-30,2000-09,618261,618261,亿日元,M,MONETARY_BASE,BOJ,OFFICIAL_CANONICAL,,,2000-10-15,REALTIME_ASSUMED,CONSERVATIVE_PROXY,OFFICIAL_NO_REV_AUDIT,conditional,true,true
2000-10-31,2000-10,627618,627618,亿日元,M,MONETARY_BASE,BOJ,OFFICIAL_CANONICAL,,,2000-11-15,REALTIME_ASSUMED,CONSERVATIVE_PROXY,OFFICIAL_NO_REV_AUDIT,conditional,true,true
2000-11-30,2000-11,635571,635571,亿日元,M,MONETARY_BASE,BOJ,OFFICIAL_CANONICAL,,,2000-12-15,REALTIME_ASSUMED,CONSERVATIVE_PROXY,OFFICIAL_NO_REV_AUDIT,conditional,true,true
2000-12-31,2000-12,679588,679588,亿日元,M,MONETARY_BASE,BOJ,OFFICIAL_CANONICAL,,,2001-01-15,REALTIME_ASSUMED,CONSERVATIVE_PROXY,OFFICIAL_NO_REV_AUDIT,conditional,true,true
2001-01-31,2001-01,681280,681280,亿日元,M,MONETARY_BASE,BOJ,OFFICIAL_CANONICAL,,,2001-02-15,REALTIME_ASSUMED,CONSERVATIVE_PROXY,OFFICIAL_NO_REV_AUDIT,conditional,true,true
2001-02-28,2001-02,647866,647866,亿日元,M,MONETARY_BASE,BOJ,OFFICIAL_CANONICAL,,,2001-03-15,REALTIME_ASSUMED,CONSERVATIVE_PROXY,OFFICIAL_NO_REV_AUDIT,conditional,true,true
2001-03-31,2001-03,657361,657361,亿日元,M,MONETARY_BASE,BOJ,OFFICIAL_CANONICAL,,,2001-04-15,REALTIME_ASSUMED,CONSERVATIVE_PROXY,OFFICIAL_NO_REV_AUDIT,conditional,true,true
2001-04-30,2001-04,667725,667725,亿日元,M,MONETARY_BASE,BOJ,OFFICIAL_CANONICAL,,,2001-05-15,REALTIME_ASSUMED,CONSERVATIVE_PROXY,OFFICIAL_NO_REV_AUDIT,conditional,true,true
2001-05-31,2001-05,669654,669654,亿日元,M,MONETARY_BASE,BOJ,OFFICIAL_CANONICAL,,,2001-06-15,REALTIME_ASSUMED,CONSERVATIVE_PROXY,OFFICIAL_NO_REV_AUDIT,conditional,true,true
2001-06-30,2001-06,669739,669739,亿日元,M,MONETARY_BASE,BOJ,OFFICIAL_CANONICAL,,,2001-07-15,REALTIME_ASSUMED,CONSERVATIVE_PROXY,OFFICIAL_NO_REV_AUDIT,conditional,true,true
2001-07-31,2001-07,687826,687826,亿日元,M,MONETARY_BASE,BOJ,OFFICIAL_CANONICAL,,,2001-08-15,REALTIME_ASSUMED,CONSERVATIVE_PROXY,OFFICIAL_NO_REV_AUDIT,conditional,true,true
2001-08-31,2001-08,682731,682731,亿日元,M,MONETARY_BASE,BOJ,OFFICIAL_CANONICAL,,,2001-09-15,REALTIME_ASSUMED,CONSERVATIVE_PROXY,OFFICIAL_NO_REV_AUDIT,conditional,true,true
2001-09-30,2001-09,706356,706356,亿日元,M,MONETARY_BASE,BOJ,OFFICIAL_CANONICAL,,,2001-10-15,REALTIME_ASSUMED,CONSERVATIVE_PROXY,OFFICIAL_NO_REV_AUDIT,conditional,true,true
2001-10-31,2001-10,717502,717502,亿日元,M,MONETARY_BASE,BOJ,OFFICIAL_CANONICAL,,,2001-11-15,REALTIME_ASSUMED,CONSERVATIVE_PROXY,OFFICIAL_NO_REV_AUDIT,conditional,true,true
2001-11-30,2001-11,733778,733778,亿日元,M,MONETARY_BASE,BOJ,OFFICIAL_CANONICAL,,,2001-12-15,REALTIME_ASSUMED,CONSERVATIVE_PROXY,OFFICIAL_NO_REV_AUDIT,conditional,true,true
2001-12-31,2001-12,794424,794424,亿日元,M,MONETARY_BASE,BOJ,OFFICIAL_CANONICAL,,,2002-01-15,REALTIME_ASSUMED,CONSERVATIVE_PROXY,OFFICIAL_NO_REV_AUDIT,conditional,true,true
2002-01-31,2002-01,840818,840818,亿日元,M,MONETARY_BASE,BOJ,OFFICIAL_CANONICAL,,,2002-02-15,REALTIME_ASSUMED,CONSERVATIVE_PROXY,OFFICIAL_NO_REV_AUDIT,conditional,true,true
2002-02-28,2002-02,826163,826163,亿日元,M,MONETARY_BASE,BOJ,OFFICIAL_CANONICAL,,,2002-03-15,REALTIME_ASSUMED,CONSERVATIVE_PROXY,OFFICIAL_NO_REV_AUDIT,conditional,true,true
2002-03-31,2002-03,871493,871493,亿日元,M,MONETARY_BASE,BOJ,OFFICIAL_CANONICAL,,,2002-04-15,REALTIME_ASSUMED,CONSERVATIVE_PROXY,OFFICIAL_NO_REV_AUDIT,conditional,true,true
2002-04-30,2002-04,910393,910393,亿日元,M,MONETARY_BASE,BOJ,OFFICIAL_CANONICAL,,,2002-05-15,REALTIME_ASSUMED,CONSERVATIVE_PROXY,OFFICIAL_NO_REV_AUDIT,conditional,true,true
2002-05-31,2002-05,868229,868229,亿日元,M,MONETARY_BASE,BOJ,OFFICIAL_CANONICAL,,,2002-06-15,REALTIME_ASSUMED,CONSERVATIVE_PROXY,OFFICIAL_NO_REV_AUDIT,conditional,true,true
2002-06-30,2002-06,854332,854332,亿日元,M,MONETARY_BASE,BOJ,OFFICIAL_CANONICAL,,,2002-07-15,REALTIME_ASSUMED,CONSERVATIVE_PROXY,OFFICIAL_NO_REV_AUDIT,conditional,true,true
2002-07-31,2002-07,860806,860806,亿日元,M,MONETARY_BASE,BOJ,OFFICIAL_CANONICAL,,,2002-08-15,REALTIME_ASSUMED,CONSERVATIVE_PROXY,OFFICIAL_NO_REV_AUDIT,conditional,true,true
2002-08-31,2002-08,860881,860881,亿日元,M,MONETARY_BASE,BOJ,OFFICIAL_CANONICAL,,,2002-09-15,REALTIME_ASSUMED,CONSERVATIVE_PROXY,OFFICIAL_NO_REV_AUDIT,conditional,true,true
2002-09-30,2002-09,857469,857469,亿日元,M,MONETARY_BASE,BOJ,OFFICIAL_CANONICAL,,,2002-10-15,REALTIME_ASSUMED,CONSERVATIVE_PROXY,OFFICIAL_NO_REV_AUDIT,conditional,true,true
2002-10-31,2002-10,859299,859299,亿日元,M,MONETARY_BASE,BOJ,OFFICIAL_CANONICAL,,,2002-11-15,REALTIME_ASSUMED,CONSERVATIVE_PROXY,OFFICIAL_NO_REV_AUDIT,conditional,true,true
2002-11-30,2002-11,894000,894000,亿日元,M,MONETARY_BASE,BOJ,OFFICIAL_CANONICAL,,,2002-12-15,REALTIME_ASSUMED,CONSERVATIVE_PROXY,OFFICIAL_NO_REV_AUDIT,conditional,true,true
2002-12-31,2002-12,949444,949444,亿日元,M,MONETARY_BASE,BOJ,OFFICIAL_CANONICAL,,,2003-01-15,REALTIME_ASSUMED,CONSERVATIVE_PROXY,OFFICIAL_NO_REV_AUDIT,conditional,true,true
2003-01-31,2003-01,953668,953668,亿日元,M,MONETARY_BASE,BOJ,OFFICIAL_CANONICAL,,,2003-02-15,REALTIME_ASSUMED,CONSERVATIVE_PROXY,OFFICIAL_NO_REV_AUDIT,conditional,true,true
2003-02-28,2003-02,930274,930274,亿日元,M,MONETARY_BASE,BOJ,OFFICIAL_CANONICAL,,,2003-03-15,REALTIME_ASSUMED,CONSERVATIVE_PROXY,OFFICIAL_NO_REV_AUDIT,conditional,true,true
2003-03-31,2003-03,966459,966459,亿日元,M,MONETARY_BASE,BOJ,OFFICIAL_CANONICAL,,,2003-04-15,REALTIME_ASSUMED,CONSERVATIVE_PROXY,OFFICIAL_NO_REV_AUDIT,conditional,true,true
2003-04-30,2003-04,1015445,1015445,亿日元,M,MONETARY_BASE,BOJ,OFFICIAL_CANONICAL,,,2003-05-15,REALTIME_ASSUMED,CONSERVATIVE_PROXY,OFFICIAL_NO_REV_AUDIT,conditional,true,true
2003-05-31,2003-05,1013547,1013547,亿日元,M,MONETARY_BASE,BOJ,OFFICIAL_CANONICAL,,,2003-06-15,REALTIME_ASSUMED,CONSERVATIVE_PROXY,OFFICIAL_NO_REV_AUDIT,conditional,true,true
2003-06-30,2003-06,1027632,1027632,亿日元,M,MONETARY_BASE,BOJ,OFFICIAL_CANONICAL,,,2003-07-15,REALTIME_ASSUMED,CONSERVATIVE_PROXY,OFFICIAL_NO_REV_AUDIT,conditional,true,true
2003-07-31,2003-07,1036363,1036363,亿日元,M,MONETARY_BASE,BOJ,OFFICIAL_CANONICAL,,,2003-08-15,REALTIME_ASSUMED,CONSERVATIVE_PROXY,OFFICIAL_NO_REV_AUDIT,conditional,true,true
2003-08-31,2003-08,1037448,1037448,亿日元,M,MONETARY_BASE,BOJ,OFFICIAL_CANONICAL,,,2003-09-15,REALTIME_ASSUMED,CONSERVATIVE_PROXY,OFFICIAL_NO_REV_AUDIT,conditional,true,true
2003-09-30,2003-09,1036332,1036332,亿日元,M,MONETARY_BASE,BOJ,OFFICIAL_CANONICAL,,,2003-10-15,REALTIME_ASSUMED,CONSERVATIVE_PROXY,OFFICIAL_NO_REV_AUDIT,conditional,true,true
2003-10-31,2003-10,1036011,1036011,亿日元,M,MONETARY_BASE,BOJ,OFFICIAL_CANONICAL,,,2003-11-15,REALTIME_ASSUMED,CONSERVATIVE_PROXY,OFFICIAL_NO_REV_AUDIT,conditional,true,true
2003-11-30,2003-11,1043362,1043362,亿日元,M,MONETARY_BASE,BOJ,OFFICIAL_CANONICAL,,,2003-12-15,REALTIME_ASSUMED,CONSERVATIVE_PROXY,OFFICIAL_NO_REV_AUDIT,conditional,true,true
2003-12-31,2003-12,1074991,1074991,亿日元,M,MONETARY_BASE,BOJ,OFFICIAL_CANONICAL,,,2004-01-15,REALTIME_ASSUMED,CONSERVATIVE_PROXY,OFFICIAL_NO_REV_AUDIT,conditional,true,true
2004-01-31,2004-01,1083320,1083320,亿日元,M,MONETARY_BASE,BOJ,OFFICIAL_CANONICAL,,,2004-02-15,REALTIME_ASSUMED,CONSERVATIVE_PROXY,OFFICIAL_NO_REV_AUDIT,conditional,true,true
2004-02-29,2004-02,1080570,1080570,亿日元,M,MONETARY_BASE,BOJ,OFFICIAL_CANONICAL,,,2004-03-15,REALTIME_ASSUMED,CONSERVATIVE_PROXY,OFFICIAL_NO_REV_AUDIT,conditional,true,true
2004-03-31,2004-03,1081238,1081238,亿日元,M,MONETARY_BASE,BOJ,OFFICIAL_CANONICAL,,,2004-04-15,REALTIME_ASSUMED,CONSERVATIVE_PROXY,OFFICIAL_NO_REV_AUDIT,conditional,true,true
2004-04-30,2004-04,1082958,1082958,亿日元,M,MONETARY_BASE,BOJ,OFFICIAL_CANONICAL,,,2004-05-15,REALTIME_ASSUMED,CONSERVATIVE_PROXY,OFFICIAL_NO_REV_AUDIT,conditional,true,true
2004-05-31,2004-05,1088328,1088328,亿日元,M,MONETARY_BASE,BOJ,OFFICIAL_CANONICAL,,,2004-06-15,REALTIME_ASSUMED,CONSERVATIVE_PROXY,OFFICIAL_NO_REV_AUDIT,conditional,true,true
2004-06-30,2004-06,1072957,1072957,亿日元,M,MONETARY_BASE,BOJ,OFFICIAL_CANONICAL,,,2004-07-15,REALTIME_ASSUMED,CONSERVATIVE_PROXY,OFFICIAL_NO_REV_AUDIT,conditional,true,true
2004-07-31,2004-07,1085248,1085248,亿日元,M,MONETARY_BASE,BOJ,OFFICIAL_CANONICAL,,,2004-08-15,REALTIME_ASSUMED,CONSERVATIVE_PROXY,OFFICIAL_NO_REV_AUDIT,conditional,true,true
2004-08-31,2004-08,1085653,1085653,亿日元,M,MONETARY_BASE,BOJ,OFFICIAL_CANONICAL,,,2004-09-15,REALTIME_ASSUMED,CONSERVATIVE_PROXY,OFFICIAL_NO_REV_AUDIT,conditional,true,true
2004-09-30,2004-09,1085201,1085201,亿日元,M,MONETARY_BASE,BOJ,OFFICIAL_CANONICAL,,,2004-10-15,REALTIME_ASSUMED,CONSERVATIVE_PROXY,OFFICIAL_NO_REV_AUDIT,conditional,true,true
2004-10-31,2004-10,1079234,1079234,亿日元,M,MONETARY_BASE,BOJ,OFFICIAL_CANONICAL,,,2004-11-15,REALTIME_ASSUMED,CONSERVATIVE_PROXY,OFFICIAL_NO_REV_AUDIT,conditional,true,true
2004-11-30,2004-11,1094035,1094035,亿日元,M,MONETARY_BASE,BOJ,OFFICIAL_CANONICAL,,,2004-12-15,REALTIME_ASSUMED,CONSERVATIVE_PROXY,OFFICIAL_NO_REV_AUDIT,conditional,true,true
2004-12-31,2004-12,1119769,1119769,亿日元,M,MONETARY_BASE,BOJ,OFFICIAL_CANONICAL,,,2005-01-15,REALTIME_ASSUMED,CONSERVATIVE_PROXY,OFFICIAL_NO_REV_AUDIT,conditional,true,true
2005-01-31,2005-01,1125134,1125134,亿日元,M,MONETARY_BASE,BOJ,OFFICIAL_CANONICAL,,,2005-02-15,REALTIME_ASSUMED,CONSERVATIVE_PROXY,OFFICIAL_NO_REV_AUDIT,conditional,true,true
2005-02-28,2005-02,1093674,1093674,亿日元,M,MONETARY_BASE,BOJ,OFFICIAL_CANONICAL,,,2005-03-15,REALTIME_ASSUMED,CONSERVATIVE_PROXY,OFFICIAL_NO_REV_AUDIT,conditional,true,true
2005-03-31,2005-03,1103301,1103301,亿日元,M,MONETARY_BASE,BOJ,OFFICIAL_CANONICAL,,,2005-04-15,REALTIME_ASSUMED,CONSERVATIVE_PROXY,OFFICIAL_NO_REV_AUDIT,conditional,true,true
2005-04-30,2005-04,1115568,1115568,亿日元,M,MONETARY_BASE,BOJ,OFFICIAL_CANONICAL,,,2005-05-15,REALTIME_ASSUMED,CONSERVATIVE_PROXY,OFFICIAL_NO_REV_AUDIT,conditional,true,true
2005-05-31,2005-05,1112725,1112725,亿日元,M,MONETARY_BASE,BOJ,OFFICIAL_CANONICAL,,,2005-06-15,REALTIME_ASSUMED,CONSERVATIVE_PROXY,OFFICIAL_NO_REV_AUDIT,conditional,true,true
2005-06-30,2005-06,1091586,1091586,亿日元,M,MONETARY_BASE,BOJ,OFFICIAL_CANONICAL,,,2005-07-15,REALTIME_ASSUMED,CONSERVATIVE_PROXY,OFFICIAL_NO_REV_AUDIT,conditional,true,true
2005-07-31,2005-07,1101137,1101137,亿日元,M,MONETARY_BASE,BOJ,OFFICIAL_CANONICAL,,,2005-08-15,REALTIME_ASSUMED,CONSERVATIVE_PROXY,OFFICIAL_NO_REV_AUDIT,conditional,true,true
2005-08-31,2005-08,1097890,1097890,亿日元,M,MONETARY_BASE,BOJ,OFFICIAL_CANONICAL,,,2005-09-15,REALTIME_ASSUMED,CONSERVATIVE_PROXY,OFFICIAL_NO_REV_AUDIT,conditional,true,true
2005-09-30,2005-09,1103950,1103950,亿日元,M,MONETARY_BASE,BOJ,OFFICIAL_CANONICAL,,,2005-10-15,REALTIME_ASSUMED,CONSERVATIVE_PROXY,OFFICIAL_NO_REV_AUDIT,conditional,true,true
2005-10-31,2005-10,1109848,1109848,亿日元,M,MONETARY_BASE,BOJ,OFFICIAL_CANONICAL,,,2005-11-15,REALTIME_ASSUMED,CONSERVATIVE_PROXY,OFFICIAL_NO_REV_AUDIT,conditional,true,true
2005-11-30,2005-11,1110432,1110432,亿日元,M,MONETARY_BASE,BOJ,OFFICIAL_CANONICAL,,,2005-12-15,REALTIME_ASSUMED,CONSERVATIVE_PROXY,OFFICIAL_NO_REV_AUDIT,conditional,true,true
2005-12-31,2005-12,1130466,1130466,亿日元,M,MONETARY_BASE,BOJ,OFFICIAL_CANONICAL,,,2006-01-15,REALTIME_ASSUMED,CONSERVATIVE_PROXY,OFFICIAL_NO_REV_AUDIT,conditional,true,true
2006-01-31,2006-01,1141316,1141316,亿日元,M,MONETARY_BASE,BOJ,OFFICIAL_CANONICAL,,,2006-02-15,REALTIME_ASSUMED,CONSERVATIVE_PROXY,OFFICIAL_NO_REV_AUDIT,conditional,true,true
2006-02-28,2006-02,1114431,1114431,亿日元,M,MONETARY_BASE,BOJ,OFFICIAL_CANONICAL,,,2006-03-15,REALTIME_ASSUMED,CONSERVATIVE_PROXY,OFFICIAL_NO_REV_AUDIT,conditional,true,true
2006-03-31,2006-03,1092791,1092791,亿日元,M,MONETARY_BASE,BOJ,OFFICIAL_CANONICAL,,,2006-04-15,REALTIME_ASSUMED,CONSERVATIVE_PROXY,OFFICIAL_NO_REV_AUDIT,conditional,true,true
2006-04-30,2006-04,1035779,1035779,亿日元,M,MONETARY_BASE,BOJ,OFFICIAL_CANONICAL,,,2006-05-15,REALTIME_ASSUMED,CONSERVATIVE_PROXY,OFFICIAL_NO_REV_AUDIT,conditional,true,true
2006-05-31,2006-05,941951,941951,亿日元,M,MONETARY_BASE,BOJ,OFFICIAL_CANONICAL,,,2006-06-15,REALTIME_ASSUMED,CONSERVATIVE_PROXY,OFFICIAL_NO_REV_AUDIT,conditional,true,true
2006-06-30,2006-06,914229,914229,亿日元,M,MONETARY_BASE,BOJ,OFFICIAL_CANONICAL,,,2006-07-15,REALTIME_ASSUMED,CONSERVATIVE_PROXY,OFFICIAL_NO_REV_AUDIT,conditional,true,true
2006-07-31,2006-07,905410,905410,亿日元,M,MONETARY_BASE,BOJ,OFFICIAL_CANONICAL,,,2006-08-15,REALTIME_ASSUMED,CONSERVATIVE_PROXY,OFFICIAL_NO_REV_AUDIT,conditional,true,true
2006-08-31,2006-08,875607,875607,亿日元,M,MONETARY_BASE,BOJ,OFFICIAL_CANONICAL,,,2006-09-15,REALTIME_ASSUMED,CONSERVATIVE_PROXY,OFFICIAL_NO_REV_AUDIT,conditional,true,true
2006-09-30,2006-09,869660,869660,亿日元,M,MONETARY_BASE,BOJ,OFFICIAL_CANONICAL,,,2006-10-15,REALTIME_ASSUMED,CONSERVATIVE_PROXY,OFFICIAL_NO_REV_AUDIT,conditional,true,true
2006-10-31,2006-10,873279,873279,亿日元,M,MONETARY_BASE,BOJ,OFFICIAL_CANONICAL,,,2006-11-15,REALTIME_ASSUMED,CONSERVATIVE_PROXY,OFFICIAL_NO_REV_AUDIT,conditional,true,true
2006-11-30,2006-11,862670,862670,亿日元,M,MONETARY_BASE,BOJ,OFFICIAL_CANONICAL,,,2006-12-15,REALTIME_ASSUMED,CONSERVATIVE_PROXY,OFFICIAL_NO_REV_AUDIT,conditional,true,true
2006-12-31,2006-12,904664,904664,亿日元,M,MONETARY_BASE,BOJ,OFFICIAL_CANONICAL,,,2007-01-15,REALTIME_ASSUMED,CONSERVATIVE_PROXY,OFFICIAL_NO_REV_AUDIT,conditional,true,true
2007-01-31,2007-01,900507,900507,亿日元,M,MONETARY_BASE,BOJ,OFFICIAL_CANONICAL,,,2007-02-15,REALTIME_ASSUMED,CONSERVATIVE_PROXY,OFFICIAL_NO_REV_AUDIT,conditional,true,true
2007-02-28,2007-02,879061,879061,亿日元,M,MONETARY_BASE,BOJ,OFFICIAL_CANONICAL,,,2007-03-15,REALTIME_ASSUMED,CONSERVATIVE_PROXY,OFFICIAL_NO_REV_AUDIT,conditional,true,true
2007-03-31,2007-03,884022,884022,亿日元,M,MONETARY_BASE,BOJ,OFFICIAL_CANONICAL,,,2007-04-15,REALTIME_ASSUMED,CONSERVATIVE_PROXY,OFFICIAL_NO_REV_AUDIT,conditional,true,true
2007-04-30,2007-04,908926,908926,亿日元,M,MONETARY_BASE,BOJ,OFFICIAL_CANONICAL,,,2007-05-15,REALTIME_ASSUMED,CONSERVATIVE_PROXY,OFFICIAL_NO_REV_AUDIT,conditional,true,true
2007-05-31,2007-05,887868,887868,亿日元,M,MONETARY_BASE,BOJ,OFFICIAL_CANONICAL,,,2007-06-15,REALTIME_ASSUMED,CONSERVATIVE_PROXY,OFFICIAL_NO_REV_AUDIT,conditional,true,true
2007-06-30,2007-06,876336,876336,亿日元,M,MONETARY_BASE,BOJ,OFFICIAL_CANONICAL,,,2007-07-15,REALTIME_ASSUMED,CONSERVATIVE_PROXY,OFFICIAL_NO_REV_AUDIT,conditional,true,true
2007-07-31,2007-07,884708,884708,亿日元,M,MONETARY_BASE,BOJ,OFFICIAL_CANONICAL,,,2007-08-15,REALTIME_ASSUMED,CONSERVATIVE_PROXY,OFFICIAL_NO_REV_AUDIT,conditional,true,true
2007-08-31,2007-08,881473,881473,亿日元,M,MONETARY_BASE,BOJ,OFFICIAL_CANONICAL,,,2007-09-15,REALTIME_ASSUMED,CONSERVATIVE_PROXY,OFFICIAL_NO_REV_AUDIT,conditional,true,true
2007-09-30,2007-09,875728,875728,亿日元,M,MONETARY_BASE,BOJ,OFFICIAL_CANONICAL,,,2007-10-15,REALTIME_ASSUMED,CONSERVATIVE_PROXY,OFFICIAL_NO_REV_AUDIT,conditional,true,true
2007-10-31,2007-10,877567,877567,亿日元,M,MONETARY_BASE,BOJ,OFFICIAL_CANONICAL,,,2007-11-15,REALTIME_ASSUMED,CONSERVATIVE_PROXY,OFFICIAL_NO_REV_AUDIT,conditional,true,true
2007-11-30,2007-11,871633,871633,亿日元,M,MONETARY_BASE,BOJ,OFFICIAL_CANONICAL,,,2007-12-15,REALTIME_ASSUMED,CONSERVATIVE_PROXY,OFFICIAL_NO_REV_AUDIT,conditional,true,true
2007-12-31,2007-12,907835,907835,亿日元,M,MONETARY_BASE,BOJ,OFFICIAL_CANONICAL,,,2008-01-15,REALTIME_ASSUMED,CONSERVATIVE_PROXY,OFFICIAL_NO_REV_AUDIT,conditional,true,true
2008-01-31,2008-01,899793,899793,亿日元,M,MONETARY_BASE,BOJ,OFFICIAL_CANONICAL,,,2008-02-15,REALTIME_ASSUMED,CONSERVATIVE_PROXY,OFFICIAL_NO_REV_AUDIT,conditional,true,true
2008-02-29,2008-02,879916,879916,亿日元,M,MONETARY_BASE,BOJ,OFFICIAL_CANONICAL,,,2008-03-15,REALTIME_ASSUMED,CONSERVATIVE_PROXY,OFFICIAL_NO_REV_AUDIT,conditional,true,true
2008-03-31,2008-03,883867,883867,亿日元,M,MONETARY_BASE,BOJ,OFFICIAL_CANONICAL,,,2008-04-15,REALTIME_ASSUMED,CONSERVATIVE_PROXY,OFFICIAL_NO_REV_AUDIT,conditional,true,true
2008-04-30,2008-04,883589,883589,亿日元,M,MONETARY_BASE,BOJ,OFFICIAL_CANONICAL,,,2008-05-15,REALTIME_ASSUMED,CONSERVATIVE_PROXY,OFFICIAL_NO_REV_AUDIT,conditional,true,true
2008-05-31,2008-05,879638,879638,亿日元,M,MONETARY_BASE,BOJ,OFFICIAL_CANONICAL,,,2008-06-15,REALTIME_ASSUMED,CONSERVATIVE_PROXY,OFFICIAL_NO_REV_AUDIT,conditional,true,true
2008-06-30,2008-06,880155,880155,亿日元,M,MONETARY_BASE,BOJ,OFFICIAL_CANONICAL,,,2008-07-15,REALTIME_ASSUMED,CONSERVATIVE_PROXY,OFFICIAL_NO_REV_AUDIT,conditional,true,true
2008-07-31,2008-07,878532,878532,亿日元,M,MONETARY_BASE,BOJ,OFFICIAL_CANONICAL,,,2008-08-15,REALTIME_ASSUMED,CONSERVATIVE_PROXY,OFFICIAL_NO_REV_AUDIT,conditional,true,true
2008-08-31,2008-08,879433,879433,亿日元,M,MONETARY_BASE,BOJ,OFFICIAL_CANONICAL,,,2008-09-15,REALTIME_ASSUMED,CONSERVATIVE_PROXY,OFFICIAL_NO_REV_AUDIT,conditional,true,true
2008-09-30,2008-09,883741,883741,亿日元,M,MONETARY_BASE,BOJ,OFFICIAL_CANONICAL,,,2008-10-15,REALTIME_ASSUMED,CONSERVATIVE_PROXY,OFFICIAL_NO_REV_AUDIT,conditional,true,true
2008-10-31,2008-10,889825,889825,亿日元,M,MONETARY_BASE,BOJ,OFFICIAL_CANONICAL,,,2008-11-15,REALTIME_ASSUMED,CONSERVATIVE_PROXY,OFFICIAL_NO_REV_AUDIT,conditional,true,true
2008-11-30,2008-11,888562,888562,亿日元,M,MONETARY_BASE,BOJ,OFFICIAL_CANONICAL,,,2008-12-15,REALTIME_ASSUMED,CONSERVATIVE_PROXY,OFFICIAL_NO_REV_AUDIT,conditional,true,true
2008-12-31,2008-12,924351,924351,亿日元,M,MONETARY_BASE,BOJ,OFFICIAL_CANONICAL,,,2009-01-15,REALTIME_ASSUMED,CONSERVATIVE_PROXY,OFFICIAL_NO_REV_AUDIT,conditional,true,true
2009-01-31,2009-01,935049,935049,亿日元,M,MONETARY_BASE,BOJ,OFFICIAL_CANONICAL,,,2009-02-15,REALTIME_ASSUMED,CONSERVATIVE_PROXY,OFFICIAL_NO_REV_AUDIT,conditional,true,true
2009-02-28,2009-02,936531,936531,亿日元,M,MONETARY_BASE,BOJ,OFFICIAL_CANONICAL,,,2009-03-15,REALTIME_ASSUMED,CONSERVATIVE_PROXY,OFFICIAL_NO_REV_AUDIT,conditional,true,true
2009-03-31,2009-03,944658,944658,亿日元,M,MONETARY_BASE,BOJ,OFFICIAL_CANONICAL,,,2009-04-15,REALTIME_ASSUMED,CONSERVATIVE_PROXY,OFFICIAL_NO_REV_AUDIT,conditional,true,true
2009-04-30,2009-04,956238,956238,亿日元,M,MONETARY_BASE,BOJ,OFFICIAL_CANONICAL,,,2009-05-15,REALTIME_ASSUMED,CONSERVATIVE_PROXY,OFFICIAL_NO_REV_AUDIT,conditional,true,true
2009-05-31,2009-05,949165,949165,亿日元,M,MONETARY_BASE,BOJ,OFFICIAL_CANONICAL,,,2009-06-15,REALTIME_ASSUMED,CONSERVATIVE_PROXY,OFFICIAL_NO_REV_AUDIT,conditional,true,true
2009-06-30,2009-06,936392,936392,亿日元,M,MONETARY_BASE,BOJ,OFFICIAL_CANONICAL,,,2009-07-15,REALTIME_ASSUMED,CONSERVATIVE_PROXY,OFFICIAL_NO_REV_AUDIT,conditional,true,true
2009-07-31,2009-07,932096,932096,亿日元,M,MONETARY_BASE,BOJ,OFFICIAL_CANONICAL,,,2009-08-15,REALTIME_ASSUMED,CONSERVATIVE_PROXY,OFFICIAL_NO_REV_AUDIT,conditional,true,true
2009-08-31,2009-08,933355,933355,亿日元,M,MONETARY_BASE,BOJ,OFFICIAL_CANONICAL,,,2009-09-15,REALTIME_ASSUMED,CONSERVATIVE_PROXY,OFFICIAL_NO_REV_AUDIT,conditional,true,true
2009-09-30,2009-09,923942,923942,亿日元,M,MONETARY_BASE,BOJ,OFFICIAL_CANONICAL,,,2009-10-15,REALTIME_ASSUMED,CONSERVATIVE_PROXY,OFFICIAL_NO_REV_AUDIT,conditional,true,true
2009-10-31,2009-10,928609,928609,亿日元,M,MONETARY_BASE,BOJ,OFFICIAL_CANONICAL,,,2009-11-15,REALTIME_ASSUMED,CONSERVATIVE_PROXY,OFFICIAL_NO_REV_AUDIT,conditional,true,true
2009-11-30,2009-11,922042,922042,亿日元,M,MONETARY_BASE,BOJ,OFFICIAL_CANONICAL,,,2009-12-15,REALTIME_ASSUMED,CONSERVATIVE_PROXY,OFFICIAL_NO_REV_AUDIT,conditional,true,true
2009-12-31,2009-12,972143,972143,亿日元,M,MONETARY_BASE,BOJ,OFFICIAL_CANONICAL,,,2010-01-15,REALTIME_ASSUMED,CONSERVATIVE_PROXY,OFFICIAL_NO_REV_AUDIT,conditional,true,true
2010-01-31,2010-01,980675,980675,亿日元,M,MONETARY_BASE,BOJ,OFFICIAL_CANONICAL,,,2010-02-15,REALTIME_ASSUMED,CONSERVATIVE_PROXY,OFFICIAL_NO_REV_AUDIT,conditional,true,true
2010-02-28,2010-02,956928,956928,亿日元,M,MONETARY_BASE,BOJ,OFFICIAL_CANONICAL,,,2010-03-15,REALTIME_ASSUMED,CONSERVATIVE_PROXY,OFFICIAL_NO_REV_AUDIT,conditional,true,true
2010-03-31,2010-03,964571,964571,亿日元,M,MONETARY_BASE,BOJ,OFFICIAL_CANONICAL,,,2010-04-15,REALTIME_ASSUMED,CONSERVATIVE_PROXY,OFFICIAL_NO_REV_AUDIT,conditional,true,true
2010-04-30,2010-04,983836,983836,亿日元,M,MONETARY_BASE,BOJ,OFFICIAL_CANONICAL,,,2010-05-15,REALTIME_ASSUMED,CONSERVATIVE_PROXY,OFFICIAL_NO_REV_AUDIT,conditional,true,true
2010-05-31,2010-05,984323,984323,亿日元,M,MONETARY_BASE,BOJ,OFFICIAL_CANONICAL,,,2010-06-15,REALTIME_ASSUMED,CONSERVATIVE_PROXY,OFFICIAL_NO_REV_AUDIT,conditional,true,true
2010-06-30,2010-06,970240,970240,亿日元,M,MONETARY_BASE,BOJ,OFFICIAL_CANONICAL,,,2010-07-15,REALTIME_ASSUMED,CONSERVATIVE_PROXY,OFFICIAL_NO_REV_AUDIT,conditional,true,true
2010-07-31,2010-07,989359,989359,亿日元,M,MONETARY_BASE,BOJ,OFFICIAL_CANONICAL,,,2010-08-15,REALTIME_ASSUMED,CONSERVATIVE_PROXY,OFFICIAL_NO_REV_AUDIT,conditional,true,true
2010-08-31,2010-08,983995,983995,亿日元,M,MONETARY_BASE,BOJ,OFFICIAL_CANONICAL,,,2010-09-15,REALTIME_ASSUMED,CONSERVATIVE_PROXY,OFFICIAL_NO_REV_AUDIT,conditional,true,true
2010-09-30,2010-09,977173,977173,亿日元,M,MONETARY_BASE,BOJ,OFFICIAL_CANONICAL,,,2010-10-15,REALTIME_ASSUMED,CONSERVATIVE_PROXY,OFFICIAL_NO_REV_AUDIT,conditional,true,true
2010-10-31,2010-10,988248,988248,亿日元,M,MONETARY_BASE,BOJ,OFFICIAL_CANONICAL,,,2010-11-15,REALTIME_ASSUMED,CONSERVATIVE_PROXY,OFFICIAL_NO_REV_AUDIT,conditional,true,true
2010-11-30,2010-11,991866,991866,亿日元,M,MONETARY_BASE,BOJ,OFFICIAL_CANONICAL,,,2010-12-15,REALTIME_ASSUMED,CONSERVATIVE_PROXY,OFFICIAL_NO_REV_AUDIT,conditional,true,true
2010-12-31,2010-12,1040238,1040238,亿日元,M,MONETARY_BASE,BOJ,OFFICIAL_CANONICAL,,,2011-01-15,REALTIME_ASSUMED,CONSERVATIVE_PROXY,OFFICIAL_NO_REV_AUDIT,conditional,true,true
2011-01-31,2011-01,1034826,1034826,亿日元,M,MONETARY_BASE,BOJ,OFFICIAL_CANONICAL,,,2011-02-15,REALTIME_ASSUMED,CONSERVATIVE_PROXY,OFFICIAL_NO_REV_AUDIT,conditional,true,true
2011-02-28,2011-02,1010039,1010039,亿日元,M,MONETARY_BASE,BOJ,OFFICIAL_CANONICAL,,,2011-03-15,REALTIME_ASSUMED,CONSERVATIVE_PROXY,OFFICIAL_NO_REV_AUDIT,conditional,true,true
2011-03-31,2011-03,1127432,1127432,亿日元,M,MONETARY_BASE,BOJ,OFFICIAL_CANONICAL,,,2011-04-15,REALTIME_ASSUMED,CONSERVATIVE_PROXY,OFFICIAL_NO_REV_AUDIT,conditional,true,true
2011-04-30,2011-04,1218934,1218934,亿日元,M,MONETARY_BASE,BOJ,OFFICIAL_CANONICAL,,,2011-05-15,REALTIME_ASSUMED,CONSERVATIVE_PROXY,OFFICIAL_NO_REV_AUDIT,conditional,true,true
2011-05-31,2011-05,1144208,1144208,亿日元,M,MONETARY_BASE,BOJ,OFFICIAL_CANONICAL,,,2011-06-15,REALTIME_ASSUMED,CONSERVATIVE_PROXY,OFFICIAL_NO_REV_AUDIT,conditional,true,true
2011-06-30,2011-06,1134780,1134780,亿日元,M,MONETARY_BASE,BOJ,OFFICIAL_CANONICAL,,,2011-07-15,REALTIME_ASSUMED,CONSERVATIVE_PROXY,OFFICIAL_NO_REV_AUDIT,conditional,true,true
2011-07-31,2011-07,1137324,1137324,亿日元,M,MONETARY_BASE,BOJ,OFFICIAL_CANONICAL,,,2011-08-15,REALTIME_ASSUMED,CONSERVATIVE_PROXY,OFFICIAL_NO_REV_AUDIT,conditional,true,true
2011-08-31,2011-08,1140447,1140447,亿日元,M,MONETARY_BASE,BOJ,OFFICIAL_CANONICAL,,,2011-09-15,REALTIME_ASSUMED,CONSERVATIVE_PROXY,OFFICIAL_NO_REV_AUDIT,conditional,true,true
2011-09-30,2011-09,1140181,1140181,亿日元,M,MONETARY_BASE,BOJ,OFFICIAL_CANONICAL,,,2011-10-15,REALTIME_ASSUMED,CONSERVATIVE_PROXY,OFFICIAL_NO_REV_AUDIT,conditional,true,true
2011-10-31,2011-10,1156428,1156428,亿日元,M,MONETARY_BASE,BOJ,OFFICIAL_CANONICAL,,,2011-11-15,REALTIME_ASSUMED,CONSERVATIVE_PROXY,OFFICIAL_NO_REV_AUDIT,conditional,true,true
2011-11-30,2011-11,1184978,1184978,亿日元,M,MONETARY_BASE,BOJ,OFFICIAL_CANONICAL,,,2011-12-15,REALTIME_ASSUMED,CONSERVATIVE_PROXY,OFFICIAL_NO_REV_AUDIT,conditional,true,true
2011-12-31,2011-12,1180195,1180195,亿日元,M,MONETARY_BASE,BOJ,OFFICIAL_CANONICAL,,,2012-01-15,REALTIME_ASSUMED,CONSERVATIVE_PROXY,OFFICIAL_NO_REV_AUDIT,conditional,true,true
2012-01-31,2012-01,1189656,1189656,亿日元,M,MONETARY_BASE,BOJ,OFFICIAL_CANONICAL,,,2012-02-15,REALTIME_ASSUMED,CONSERVATIVE_PROXY,OFFICIAL_NO_REV_AUDIT,conditional,true,true
2012-02-29,2012-02,1124409,1124409,亿日元,M,MONETARY_BASE,BOJ,OFFICIAL_CANONICAL,,,2012-03-15,REALTIME_ASSUMED,CONSERVATIVE_PROXY,OFFICIAL_NO_REV_AUDIT,conditional,true,true
2012-03-31,2012-03,1124618,1124618,亿日元,M,MONETARY_BASE,BOJ,OFFICIAL_CANONICAL,,,2012-04-15,REALTIME_ASSUMED,CONSERVATIVE_PROXY,OFFICIAL_NO_REV_AUDIT,conditional,true,true
2012-04-30,2012-04,1215003,1215003,亿日元,M,MONETARY_BASE,BOJ,OFFICIAL_CANONICAL,,,2012-05-15,REALTIME_ASSUMED,CONSERVATIVE_PROXY,OFFICIAL_NO_REV_AUDIT,conditional,true,true
2012-05-31,2012-05,1171210,1171210,亿日元,M,MONETARY_BASE,BOJ,OFFICIAL_CANONICAL,,,2012-06-15,REALTIME_ASSUMED,CONSERVATIVE_PROXY,OFFICIAL_NO_REV_AUDIT,conditional,true,true
2012-06-30,2012-06,1202142,1202142,亿日元,M,MONETARY_BASE,BOJ,OFFICIAL_CANONICAL,,,2012-07-15,REALTIME_ASSUMED,CONSERVATIVE_PROXY,OFFICIAL_NO_REV_AUDIT,conditional,true,true
2012-07-31,2012-07,1235010,1235010,亿日元,M,MONETARY_BASE,BOJ,OFFICIAL_CANONICAL,,,2012-08-15,REALTIME_ASSUMED,CONSERVATIVE_PROXY,OFFICIAL_NO_REV_AUDIT,conditional,true,true
2012-08-31,2012-08,1214626,1214626,亿日元,M,MONETARY_BASE,BOJ,OFFICIAL_CANONICAL,,,2012-09-15,REALTIME_ASSUMED,CONSERVATIVE_PROXY,OFFICIAL_NO_REV_AUDIT,conditional,true,true
2012-09-30,2012-09,1243261,1243261,亿日元,M,MONETARY_BASE,BOJ,OFFICIAL_CANONICAL,,,2012-10-15,REALTIME_ASSUMED,CONSERVATIVE_PROXY,OFFICIAL_NO_REV_AUDIT,conditional,true,true
2012-10-31,2012-10,1281344,1281344,亿日元,M,MONETARY_BASE,BOJ,OFFICIAL_CANONICAL,,,2012-11-15,REALTIME_ASSUMED,CONSERVATIVE_PROXY,OFFICIAL_NO_REV_AUDIT,conditional,true,true
2012-11-30,2012-11,1244449,1244449,亿日元,M,MONETARY_BASE,BOJ,OFFICIAL_CANONICAL,,,2012-12-15,REALTIME_ASSUMED,CONSERVATIVE_PROXY,OFFICIAL_NO_REV_AUDIT,conditional,true,true
2012-12-31,2012-12,1319837,1319837,亿日元,M,MONETARY_BASE,BOJ,OFFICIAL_CANONICAL,,,2013-01-15,REALTIME_ASSUMED,CONSERVATIVE_PROXY,OFFICIAL_NO_REV_AUDIT,conditional,true,true
2013-01-31,2013-01,1319205,1319205,亿日元,M,MONETARY_BASE,BOJ,OFFICIAL_CANONICAL,,,2013-02-15,REALTIME_ASSUMED,CONSERVATIVE_PROXY,OFFICIAL_NO_REV_AUDIT,conditional,true,true
2013-02-28,2013-02,1293148,1293148,亿日元,M,MONETARY_BASE,BOJ,OFFICIAL_CANONICAL,,,2013-03-15,REALTIME_ASSUMED,CONSERVATIVE_PROXY,OFFICIAL_NO_REV_AUDIT,conditional,true,true
2013-03-31,2013-03,1347413,1347413,亿日元,M,MONETARY_BASE,BOJ,OFFICIAL_CANONICAL,,,2013-04-15,REALTIME_ASSUMED,CONSERVATIVE_PROXY,OFFICIAL_NO_REV_AUDIT,conditional,true,true
2013-04-30,2013-04,1495975,1495975,亿日元,M,MONETARY_BASE,BOJ,OFFICIAL_CANONICAL,,,2013-05-15,REALTIME_ASSUMED,CONSERVATIVE_PROXY,OFFICIAL_NO_REV_AUDIT,conditional,true,true
2013-05-31,2013-05,1541412,1541412,亿日元,M,MONETARY_BASE,BOJ,OFFICIAL_CANONICAL,,,2013-06-15,REALTIME_ASSUMED,CONSERVATIVE_PROXY,OFFICIAL_NO_REV_AUDIT,conditional,true,true
2013-06-30,2013-06,1635375,1635375,亿日元,M,MONETARY_BASE,BOJ,OFFICIAL_CANONICAL,,,2013-07-15,REALTIME_ASSUMED,CONSERVATIVE_PROXY,OFFICIAL_NO_REV_AUDIT,conditional,true,true
2013-07-31,2013-07,1703890,1703890,亿日元,M,MONETARY_BASE,BOJ,OFFICIAL_CANONICAL,,,2013-08-15,REALTIME_ASSUMED,CONSERVATIVE_PROXY,OFFICIAL_NO_REV_AUDIT,conditional,true,true
2013-08-31,2013-08,1724437,1724437,亿日元,M,MONETARY_BASE,BOJ,OFFICIAL_CANONICAL,,,2013-09-15,REALTIME_ASSUMED,CONSERVATIVE_PROXY,OFFICIAL_NO_REV_AUDIT,conditional,true,true
2013-09-30,2013-09,1817012,1817012,亿日元,M,MONETARY_BASE,BOJ,OFFICIAL_CANONICAL,,,2013-10-15,REALTIME_ASSUMED,CONSERVATIVE_PROXY,OFFICIAL_NO_REV_AUDIT,conditional,true,true
2013-10-31,2013-10,1868687,1868687,亿日元,M,MONETARY_BASE,BOJ,OFFICIAL_CANONICAL,,,2013-11-15,REALTIME_ASSUMED,CONSERVATIVE_PROXY,OFFICIAL_NO_REV_AUDIT,conditional,true,true
2013-11-30,2013-11,1897244,1897244,亿日元,M,MONETARY_BASE,BOJ,OFFICIAL_CANONICAL,,,2013-12-15,REALTIME_ASSUMED,CONSERVATIVE_PROXY,OFFICIAL_NO_REV_AUDIT,conditional,true,true
2013-12-31,2013-12,1934594,1934594,亿日元,M,MONETARY_BASE,BOJ,OFFICIAL_CANONICAL,,,2014-01-15,REALTIME_ASSUMED,CONSERVATIVE_PROXY,OFFICIAL_NO_REV_AUDIT,conditional,true,true
2014-01-31,2014-01,2004141,2004141,亿日元,M,MONETARY_BASE,BOJ,OFFICIAL_CANONICAL,,,2014-02-15,REALTIME_ASSUMED,CONSERVATIVE_PROXY,OFFICIAL_NO_REV_AUDIT,conditional,true,true
2014-02-28,2014-02,2013223,2013223,亿日元,M,MONETARY_BASE,BOJ,OFFICIAL_CANONICAL,,,2014-03-15,REALTIME_ASSUMED,CONSERVATIVE_PROXY,OFFICIAL_NO_REV_AUDIT,conditional,true,true
2014-03-31,2014-03,2085929,2085929,亿日元,M,MONETARY_BASE,BOJ,OFFICIAL_CANONICAL,,,2014-04-15,REALTIME_ASSUMED,CONSERVATIVE_PROXY,OFFICIAL_NO_REV_AUDIT,conditional,true,true
2014-04-30,2014-04,2220795,2220795,亿日元,M,MONETARY_BASE,BOJ,OFFICIAL_CANONICAL,,,2014-05-15,REALTIME_ASSUMED,CONSERVATIVE_PROXY,OFFICIAL_NO_REV_AUDIT,conditional,true,true
2014-05-31,2014-05,2243719,2243719,亿日元,M,MONETARY_BASE,BOJ,OFFICIAL_CANONICAL,,,2014-06-15,REALTIME_ASSUMED,CONSERVATIVE_PROXY,OFFICIAL_NO_REV_AUDIT,conditional,true,true
2014-06-30,2014-06,2332465,2332465,亿日元,M,MONETARY_BASE,BOJ,OFFICIAL_CANONICAL,,,2014-07-15,REALTIME_ASSUMED,CONSERVATIVE_PROXY,OFFICIAL_NO_REV_AUDIT,conditional,true,true
2014-07-31,2014-07,2431068,2431068,亿日元,M,MONETARY_BASE,BOJ,OFFICIAL_CANONICAL,,,2014-08-15,REALTIME_ASSUMED,CONSERVATIVE_PROXY,OFFICIAL_NO_REV_AUDIT,conditional,true,true
2014-08-31,2014-08,2423138,2423138,亿日元,M,MONETARY_BASE,BOJ,OFFICIAL_CANONICAL,,,2014-09-15,REALTIME_ASSUMED,CONSERVATIVE_PROXY,OFFICIAL_NO_REV_AUDIT,conditional,true,true
2014-09-30,2014-09,2458169,2458169,亿日元,M,MONETARY_BASE,BOJ,OFFICIAL_CANONICAL,,,2014-10-15,REALTIME_ASSUMED,CONSERVATIVE_PROXY,OFFICIAL_NO_REV_AUDIT,conditional,true,true
2014-10-31,2014-10,2557542,2557542,亿日元,M,MONETARY_BASE,BOJ,OFFICIAL_CANONICAL,,,2014-11-15,REALTIME_ASSUMED,CONSERVATIVE_PROXY,OFFICIAL_NO_REV_AUDIT,conditional,true,true
2014-11-30,2014-11,2593603,2593603,亿日元,M,MONETARY_BASE,BOJ,OFFICIAL_CANONICAL,,,2014-12-15,REALTIME_ASSUMED,CONSERVATIVE_PROXY,OFFICIAL_NO_REV_AUDIT,conditional,true,true
2014-12-31,2014-12,2674016,2674016,亿日元,M,MONETARY_BASE,BOJ,OFFICIAL_CANONICAL,,,2015-01-15,REALTIME_ASSUMED,CONSERVATIVE_PROXY,OFFICIAL_NO_REV_AUDIT,conditional,true,true
2015-01-31,2015-01,2753859,2753859,亿日元,M,MONETARY_BASE,BOJ,OFFICIAL_CANONICAL,,,2015-02-15,REALTIME_ASSUMED,CONSERVATIVE_PROXY,OFFICIAL_NO_REV_AUDIT,conditional,true,true
2015-02-28,2015-02,2752617,2752617,亿日元,M,MONETARY_BASE,BOJ,OFFICIAL_CANONICAL,,,2015-03-15,REALTIME_ASSUMED,CONSERVATIVE_PROXY,OFFICIAL_NO_REV_AUDIT,conditional,true,true
2015-03-31,2015-03,2821182,2821182,亿日元,M,MONETARY_BASE,BOJ,OFFICIAL_CANONICAL,,,2015-04-15,REALTIME_ASSUMED,CONSERVATIVE_PROXY,OFFICIAL_NO_REV_AUDIT,conditional,true,true
2015-04-30,2015-04,3003275,3003275,亿日元,M,MONETARY_BASE,BOJ,OFFICIAL_CANONICAL,,,2015-05-15,REALTIME_ASSUMED,CONSERVATIVE_PROXY,OFFICIAL_NO_REV_AUDIT,conditional,true,true
2015-05-31,2015-05,3043476,3043476,亿日元,M,MONETARY_BASE,BOJ,OFFICIAL_CANONICAL,,,2015-06-15,REALTIME_ASSUMED,CONSERVATIVE_PROXY,OFFICIAL_NO_REV_AUDIT,conditional,true,true
2015-06-30,2015-06,3130770,3130770,亿日元,M,MONETARY_BASE,BOJ,OFFICIAL_CANONICAL,,,2015-07-15,REALTIME_ASSUMED,CONSERVATIVE_PROXY,OFFICIAL_NO_REV_AUDIT,conditional,true,true
2015-07-31,2015-07,3228211,3228211,亿日元,M,MONETARY_BASE,BOJ,OFFICIAL_CANONICAL,,,2015-08-15,REALTIME_ASSUMED,CONSERVATIVE_PROXY,OFFICIAL_NO_REV_AUDIT,conditional,true,true
2015-08-31,2015-08,3229269,3229269,亿日元,M,MONETARY_BASE,BOJ,OFFICIAL_CANONICAL,,,2015-09-15,REALTIME_ASSUMED,CONSERVATIVE_PROXY,OFFICIAL_NO_REV_AUDIT,conditional,true,true
2015-09-30,2015-09,3321941,3321941,亿日元,M,MONETARY_BASE,BOJ,OFFICIAL_CANONICAL,,,2015-10-15,REALTIME_ASSUMED,CONSERVATIVE_PROXY,OFFICIAL_NO_REV_AUDIT,conditional,true,true
2015-10-31,2015-10,3388877,3388877,亿日元,M,MONETARY_BASE,BOJ,OFFICIAL_CANONICAL,,,2015-11-15,REALTIME_ASSUMED,CONSERVATIVE_PROXY,OFFICIAL_NO_REV_AUDIT,conditional,true,true
2015-11-30,2015-11,3437218,3437218,亿日元,M,MONETARY_BASE,BOJ,OFFICIAL_CANONICAL,,,2015-12-15,REALTIME_ASSUMED,CONSERVATIVE_PROXY,OFFICIAL_NO_REV_AUDIT,conditional,true,true
2015-12-31,2015-12,3463793,3463793,亿日元,M,MONETARY_BASE,BOJ,OFFICIAL_CANONICAL,,,2016-01-15,REALTIME_ASSUMED,CONSERVATIVE_PROXY,OFFICIAL_NO_REV_AUDIT,conditional,true,true
2016-01-31,2016-01,3551030,3551030,亿日元,M,MONETARY_BASE,BOJ,OFFICIAL_CANONICAL,,,2016-02-15,REALTIME_ASSUMED,CONSERVATIVE_PROXY,OFFICIAL_NO_REV_AUDIT,conditional,true,true
2016-02-29,2016-02,3550415,3550415,亿日元,M,MONETARY_BASE,BOJ,OFFICIAL_CANONICAL,,,2016-03-15,REALTIME_ASSUMED,CONSERVATIVE_PROXY,OFFICIAL_NO_REV_AUDIT,conditional,true,true
2016-03-31,2016-03,3626050,3626050,亿日元,M,MONETARY_BASE,BOJ,OFFICIAL_CANONICAL,,,2016-04-15,REALTIME_ASSUMED,CONSERVATIVE_PROXY,OFFICIAL_NO_REV_AUDIT,conditional,true,true
2016-04-30,2016-04,3808364,3808364,亿日元,M,MONETARY_BASE,BOJ,OFFICIAL_CANONICAL,,,2016-05-15,REALTIME_ASSUMED,CONSERVATIVE_PROXY,OFFICIAL_NO_REV_AUDIT,conditional,true,true
2016-05-31,2016-05,3818397,3818397,亿日元,M,MONETARY_BASE,BOJ,OFFICIAL_CANONICAL,,,2016-06-15,REALTIME_ASSUMED,CONSERVATIVE_PROXY,OFFICIAL_NO_REV_AUDIT,conditional,true,true
2016-06-30,2016-06,3927119,3927119,亿日元,M,MONETARY_BASE,BOJ,OFFICIAL_CANONICAL,,,2016-07-15,REALTIME_ASSUMED,CONSERVATIVE_PROXY,OFFICIAL_NO_REV_AUDIT,conditional,true,true
2016-07-31,2016-07,4024578,4024578,亿日元,M,MONETARY_BASE,BOJ,OFFICIAL_CANONICAL,,,2016-08-15,REALTIME_ASSUMED,CONSERVATIVE_PROXY,OFFICIAL_NO_REV_AUDIT,conditional,true,true
2016-08-31,2016-08,4009981,4009981,亿日元,M,MONETARY_BASE,BOJ,OFFICIAL_CANONICAL,,,2016-09-15,REALTIME_ASSUMED,CONSERVATIVE_PROXY,OFFICIAL_NO_REV_AUDIT,conditional,true,true
2016-09-30,2016-09,4075081,4075081,亿日元,M,MONETARY_BASE,BOJ,OFFICIAL_CANONICAL,,,2016-10-15,REALTIME_ASSUMED,CONSERVATIVE_PROXY,OFFICIAL_NO_REV_AUDIT,conditional,true,true
2016-10-31,2016-10,4138966,4138966,亿日元,M,MONETARY_BASE,BOJ,OFFICIAL_CANONICAL,,,2016-11-15,REALTIME_ASSUMED,CONSERVATIVE_PROXY,OFFICIAL_NO_REV_AUDIT,conditional,true,true
2016-11-30,2016-11,4176573,4176573,亿日元,M,MONETARY_BASE,BOJ,OFFICIAL_CANONICAL,,,2016-12-15,REALTIME_ASSUMED,CONSERVATIVE_PROXY,OFFICIAL_NO_REV_AUDIT,conditional,true,true
2016-12-31,2016-12,4263922,4263922,亿日元,M,MONETARY_BASE,BOJ,OFFICIAL_CANONICAL,,,2017-01-15,REALTIME_ASSUMED,CONSERVATIVE_PROXY,OFFICIAL_NO_REV_AUDIT,conditional,true,true
2017-01-31,2017-01,4352054,4352054,亿日元,M,MONETARY_BASE,BOJ,OFFICIAL_CANONICAL,,,2017-02-15,REALTIME_ASSUMED,CONSERVATIVE_PROXY,OFFICIAL_NO_REV_AUDIT,conditional,true,true
2017-02-28,2017-02,4309696,4309696,亿日元,M,MONETARY_BASE,BOJ,OFFICIAL_CANONICAL,,,2017-03-15,REALTIME_ASSUMED,CONSERVATIVE_PROXY,OFFICIAL_NO_REV_AUDIT,conditional,true,true
2017-03-31,2017-03,4362634,4362634,亿日元,M,MONETARY_BASE,BOJ,OFFICIAL_CANONICAL,,,2017-04-15,REALTIME_ASSUMED,CONSERVATIVE_PROXY,OFFICIAL_NO_REV_AUDIT,conditional,true,true
2017-04-30,2017-04,4562398,4562398,亿日元,M,MONETARY_BASE,BOJ,OFFICIAL_CANONICAL,,,2017-05-15,REALTIME_ASSUMED,CONSERVATIVE_PROXY,OFFICIAL_NO_REV_AUDIT,conditional,true,true
2017-05-31,2017-05,4559954,4559954,亿日元,M,MONETARY_BASE,BOJ,OFFICIAL_CANONICAL,,,2017-06-15,REALTIME_ASSUMED,CONSERVATIVE_PROXY,OFFICIAL_NO_REV_AUDIT,conditional,true,true
2017-06-30,2017-06,4594854,4594854,亿日元,M,MONETARY_BASE,BOJ,OFFICIAL_CANONICAL,,,2017-07-15,REALTIME_ASSUMED,CONSERVATIVE_PROXY,OFFICIAL_NO_REV_AUDIT,conditional,true,true
2017-07-31,2017-07,4650692,4650692,亿日元,M,MONETARY_BASE,BOJ,OFFICIAL_CANONICAL,,,2017-08-15,REALTIME_ASSUMED,CONSERVATIVE_PROXY,OFFICIAL_NO_REV_AUDIT,conditional,true,true
2017-08-31,2017-08,4663075,4663075,亿日元,M,MONETARY_BASE,BOJ,OFFICIAL_CANONICAL,,,2017-09-15,REALTIME_ASSUMED,CONSERVATIVE_PROXY,OFFICIAL_NO_REV_AUDIT,conditional,true,true
2017-09-30,2017-09,4711205,4711205,亿日元,M,MONETARY_BASE,BOJ,OFFICIAL_CANONICAL,,,2017-10-15,REALTIME_ASSUMED,CONSERVATIVE_PROXY,OFFICIAL_NO_REV_AUDIT,conditional,true,true
2017-10-31,2017-10,4738791,4738791,亿日元,M,MONETARY_BASE,BOJ,OFFICIAL_CANONICAL,,,2017-11-15,REALTIME_ASSUMED,CONSERVATIVE_PROXY,OFFICIAL_NO_REV_AUDIT,conditional,true,true
2017-11-30,2017-11,4725834,4725834,亿日元,M,MONETARY_BASE,BOJ,OFFICIAL_CANONICAL,,,2017-12-15,REALTIME_ASSUMED,CONSERVATIVE_PROXY,OFFICIAL_NO_REV_AUDIT,conditional,true,true
2017-12-31,2017-12,4741265,4741265,亿日元,M,MONETARY_BASE,BOJ,OFFICIAL_CANONICAL,,,2018-01-15,REALTIME_ASSUMED,CONSERVATIVE_PROXY,OFFICIAL_NO_REV_AUDIT,conditional,true,true
2018-01-31,2018-01,4772595,4772595,亿日元,M,MONETARY_BASE,BOJ,OFFICIAL_CANONICAL,,,2018-02-15,REALTIME_ASSUMED,CONSERVATIVE_PROXY,OFFICIAL_NO_REV_AUDIT,conditional,true,true
2018-02-28,2018-02,4716382,4716382,亿日元,M,MONETARY_BASE,BOJ,OFFICIAL_CANONICAL,,,2018-03-15,REALTIME_ASSUMED,CONSERVATIVE_PROXY,OFFICIAL_NO_REV_AUDIT,conditional,true,true
2018-03-31,2018-03,4759328,4759328,亿日元,M,MONETARY_BASE,BOJ,OFFICIAL_CANONICAL,,,2018-04-15,REALTIME_ASSUMED,CONSERVATIVE_PROXY,OFFICIAL_NO_REV_AUDIT,conditional,true,true
2018-04-30,2018-04,4920203,4920203,亿日元,M,MONETARY_BASE,BOJ,OFFICIAL_CANONICAL,,,2018-05-15,REALTIME_ASSUMED,CONSERVATIVE_PROXY,OFFICIAL_NO_REV_AUDIT,conditional,true,true
2018-05-31,2018-05,4929691,4929691,亿日元,M,MONETARY_BASE,BOJ,OFFICIAL_CANONICAL,,,2018-06-15,REALTIME_ASSUMED,CONSERVATIVE_PROXY,OFFICIAL_NO_REV_AUDIT,conditional,true,true
2018-06-30,2018-06,4933638,4933638,亿日元,M,MONETARY_BASE,BOJ,OFFICIAL_CANONICAL,,,2018-07-15,REALTIME_ASSUMED,CONSERVATIVE_PROXY,OFFICIAL_NO_REV_AUDIT,conditional,true,true
2018-07-31,2018-07,4976398,4976398,亿日元,M,MONETARY_BASE,BOJ,OFFICIAL_CANONICAL,,,2018-08-15,REALTIME_ASSUMED,CONSERVATIVE_PROXY,OFFICIAL_NO_REV_AUDIT,conditional,true,true
2018-08-31,2018-08,4983868,4983868,亿日元,M,MONETARY_BASE,BOJ,OFFICIAL_CANONICAL,,,2018-09-15,REALTIME_ASSUMED,CONSERVATIVE_PROXY,OFFICIAL_NO_REV_AUDIT,conditional,true,true
2018-09-30,2018-09,4988216,4988216,亿日元,M,MONETARY_BASE,BOJ,OFFICIAL_CANONICAL,,,2018-10-15,REALTIME_ASSUMED,CONSERVATIVE_PROXY,OFFICIAL_NO_REV_AUDIT,conditional,true,true
2018-10-31,2018-10,5016198,5016198,亿日元,M,MONETARY_BASE,BOJ,OFFICIAL_CANONICAL,,,2018-11-15,REALTIME_ASSUMED,CONSERVATIVE_PROXY,OFFICIAL_NO_REV_AUDIT,conditional,true,true
2018-11-30,2018-11,5013302,5013302,亿日元,M,MONETARY_BASE,BOJ,OFFICIAL_CANONICAL,,,2018-12-15,REALTIME_ASSUMED,CONSERVATIVE_PROXY,OFFICIAL_NO_REV_AUDIT,conditional,true,true
2018-12-31,2018-12,4970034,4970034,亿日元,M,MONETARY_BASE,BOJ,OFFICIAL_CANONICAL,,,2019-01-15,REALTIME_ASSUMED,CONSERVATIVE_PROXY,OFFICIAL_NO_REV_AUDIT,conditional,true,true
2019-01-31,2019-01,4997797,4997797,亿日元,M,MONETARY_BASE,BOJ,OFFICIAL_CANONICAL,,,2019-02-15,REALTIME_ASSUMED,CONSERVATIVE_PROXY,OFFICIAL_NO_REV_AUDIT,conditional,true,true
2019-02-28,2019-02,4930980,4930980,亿日元,M,MONETARY_BASE,BOJ,OFFICIAL_CANONICAL,,,2019-03-15,REALTIME_ASSUMED,CONSERVATIVE_PROXY,OFFICIAL_NO_REV_AUDIT,conditional,true,true
2019-03-31,2019-03,4942027,4942027,亿日元,M,MONETARY_BASE,BOJ,OFFICIAL_CANONICAL,,,2019-04-15,REALTIME_ASSUMED,CONSERVATIVE_PROXY,OFFICIAL_NO_REV_AUDIT,conditional,true,true
2019-04-30,2019-04,5073520,5073520,亿日元,M,MONETARY_BASE,BOJ,OFFICIAL_CANONICAL,,,2019-05-15,REALTIME_ASSUMED,CONSERVATIVE_PROXY,OFFICIAL_NO_REV_AUDIT,conditional,true,true
2019-05-31,2019-05,5108086,5108086,亿日元,M,MONETARY_BASE,BOJ,OFFICIAL_CANONICAL,,,2019-06-15,REALTIME_ASSUMED,CONSERVATIVE_PROXY,OFFICIAL_NO_REV_AUDIT,conditional,true,true
2019-06-30,2019-06,5129912,5129912,亿日元,M,MONETARY_BASE,BOJ,OFFICIAL_CANONICAL,,,2019-07-15,REALTIME_ASSUMED,CONSERVATIVE_PROXY,OFFICIAL_NO_REV_AUDIT,conditional,true,true
2019-07-31,2019-07,5160145,5160145,亿日元,M,MONETARY_BASE,BOJ,OFFICIAL_CANONICAL,,,2019-08-15,REALTIME_ASSUMED,CONSERVATIVE_PROXY,OFFICIAL_NO_REV_AUDIT,conditional,true,true
2019-08-31,2019-08,5125110,5125110,亿日元,M,MONETARY_BASE,BOJ,OFFICIAL_CANONICAL,,,2019-09-15,REALTIME_ASSUMED,CONSERVATIVE_PROXY,OFFICIAL_NO_REV_AUDIT,conditional,true,true
2019-09-30,2019-09,5138266,5138266,亿日元,M,MONETARY_BASE,BOJ,OFFICIAL_CANONICAL,,,2019-10-15,REALTIME_ASSUMED,CONSERVATIVE_PROXY,OFFICIAL_NO_REV_AUDIT,conditional,true,true
2019-10-31,2019-10,5171008,5171008,亿日元,M,MONETARY_BASE,BOJ,OFFICIAL_CANONICAL,,,2019-11-15,REALTIME_ASSUMED,CONSERVATIVE_PROXY,OFFICIAL_NO_REV_AUDIT,conditional,true,true
2019-11-30,2019-11,5176305,5176305,亿日元,M,MONETARY_BASE,BOJ,OFFICIAL_CANONICAL,,,2019-12-15,REALTIME_ASSUMED,CONSERVATIVE_PROXY,OFFICIAL_NO_REV_AUDIT,conditional,true,true
2019-12-31,2019-12,5127767,5127767,亿日元,M,MONETARY_BASE,BOJ,OFFICIAL_CANONICAL,,,2020-01-15,REALTIME_ASSUMED,CONSERVATIVE_PROXY,OFFICIAL_NO_REV_AUDIT,conditional,true,true
2020-01-31,2020-01,5141329,5141329,亿日元,M,MONETARY_BASE,BOJ,OFFICIAL_CANONICAL,,,2020-02-15,REALTIME_ASSUMED,CONSERVATIVE_PROXY,OFFICIAL_NO_REV_AUDIT,conditional,true,true
2020-02-29,2020-02,5106311,5106311,亿日元,M,MONETARY_BASE,BOJ,OFFICIAL_CANONICAL,,,2020-03-15,REALTIME_ASSUMED,CONSERVATIVE_PROXY,OFFICIAL_NO_REV_AUDIT,conditional,true,true
2020-03-31,2020-03,5078486,5078486,亿日元,M,MONETARY_BASE,BOJ,OFFICIAL_CANONICAL,,,2020-04-15,REALTIME_ASSUMED,CONSERVATIVE_PROXY,OFFICIAL_NO_REV_AUDIT,conditional,true,true
2020-04-30,2020-04,5189225,5189225,亿日元,M,MONETARY_BASE,BOJ,OFFICIAL_CANONICAL,,,2020-05-15,REALTIME_ASSUMED,CONSERVATIVE_PROXY,OFFICIAL_NO_REV_AUDIT,conditional,true,true
2020-05-31,2020-05,5308787,5308787,亿日元,M,MONETARY_BASE,BOJ,OFFICIAL_CANONICAL,,,2020-06-15,REALTIME_ASSUMED,CONSERVATIVE_PROXY,OFFICIAL_NO_REV_AUDIT,conditional,true,true
2020-06-30,2020-06,5440233,5440233,亿日元,M,MONETARY_BASE,BOJ,OFFICIAL_CANONICAL,,,2020-07-15,REALTIME_ASSUMED,CONSERVATIVE_PROXY,OFFICIAL_NO_REV_AUDIT,conditional,true,true
2020-07-31,2020-07,5667600,5667600,亿日元,M,MONETARY_BASE,BOJ,OFFICIAL_CANONICAL,,,2020-08-15,REALTIME_ASSUMED,CONSERVATIVE_PROXY,OFFICIAL_NO_REV_AUDIT,conditional,true,true
2020-08-31,2020-08,5715919,5715919,亿日元,M,MONETARY_BASE,BOJ,OFFICIAL_CANONICAL,,,2020-09-15,REALTIME_ASSUMED,CONSERVATIVE_PROXY,OFFICIAL_NO_REV_AUDIT,conditional,true,true
2020-09-30,2020-09,5871952,5871952,亿日元,M,MONETARY_BASE,BOJ,OFFICIAL_CANONICAL,,,2020-10-15,REALTIME_ASSUMED,CONSERVATIVE_PROXY,OFFICIAL_NO_REV_AUDIT,conditional,true,true
2020-10-31,2020-10,6012845,6012845,亿日元,M,MONETARY_BASE,BOJ,OFFICIAL_CANONICAL,,,2020-11-15,REALTIME_ASSUMED,CONSERVATIVE_PROXY,OFFICIAL_NO_REV_AUDIT,conditional,true,true
2020-11-30,2020-11,6029293,6029293,亿日元,M,MONETARY_BASE,BOJ,OFFICIAL_CANONICAL,,,2020-12-15,REALTIME_ASSUMED,CONSERVATIVE_PROXY,OFFICIAL_NO_REV_AUDIT,conditional,true,true
2020-12-31,2020-12,6065491,6065491,亿日元,M,MONETARY_BASE,BOJ,OFFICIAL_CANONICAL,,,2021-01-15,REALTIME_ASSUMED,CONSERVATIVE_PROXY,OFFICIAL_NO_REV_AUDIT,conditional,true,true
2021-01-31,2021-01,6114206,6114206,亿日元,M,MONETARY_BASE,BOJ,OFFICIAL_CANONICAL,,,2021-02-15,REALTIME_ASSUMED,CONSERVATIVE_PROXY,OFFICIAL_NO_REV_AUDIT,conditional,true,true
2021-02-28,2021-02,6106078,6106078,亿日元,M,MONETARY_BASE,BOJ,OFFICIAL_CANONICAL,,,2021-03-15,REALTIME_ASSUMED,CONSERVATIVE_PROXY,OFFICIAL_NO_REV_AUDIT,conditional,true,true
2021-03-31,2021-03,6133816,6133816,亿日元,M,MONETARY_BASE,BOJ,OFFICIAL_CANONICAL,,,2021-04-15,REALTIME_ASSUMED,CONSERVATIVE_PROXY,OFFICIAL_NO_REV_AUDIT,conditional,true,true
2021-04-30,2021-04,6448961,6448961,亿日元,M,MONETARY_BASE,BOJ,OFFICIAL_CANONICAL,,,2021-05-15,REALTIME_ASSUMED,CONSERVATIVE_PROXY,OFFICIAL_NO_REV_AUDIT,conditional,true,true
2021-05-31,2021-05,6499142,6499142,亿日元,M,MONETARY_BASE,BOJ,OFFICIAL_CANONICAL,,,2021-06-15,REALTIME_ASSUMED,CONSERVATIVE_PROXY,OFFICIAL_NO_REV_AUDIT,conditional,true,true
2021-06-30,2021-06,6480471,6480471,亿日元,M,MONETARY_BASE,BOJ,OFFICIAL_CANONICAL,,,2021-07-15,REALTIME_ASSUMED,CONSERVATIVE_PROXY,OFFICIAL_NO_REV_AUDIT,conditional,true,true
2021-07-31,2021-07,6541081,6541081,亿日元,M,MONETARY_BASE,BOJ,OFFICIAL_CANONICAL,,,2021-08-15,REALTIME_ASSUMED,CONSERVATIVE_PROXY,OFFICIAL_NO_REV_AUDIT,conditional,true,true
2021-08-31,2021-08,6569573,6569573,亿日元,M,MONETARY_BASE,BOJ,OFFICIAL_CANONICAL,,,2021-09-15,REALTIME_ASSUMED,CONSERVATIVE_PROXY,OFFICIAL_NO_REV_AUDIT,conditional,true,true
2021-09-30,2021-09,6557964,6557964,亿日元,M,MONETARY_BASE,BOJ,OFFICIAL_CANONICAL,,,2021-10-15,REALTIME_ASSUMED,CONSERVATIVE_PROXY,OFFICIAL_NO_REV_AUDIT,conditional,true,true
2021-10-31,2021-10,6607426,6607426,亿日元,M,MONETARY_BASE,BOJ,OFFICIAL_CANONICAL,,,2021-11-15,REALTIME_ASSUMED,CONSERVATIVE_PROXY,OFFICIAL_NO_REV_AUDIT,conditional,true,true
2021-11-30,2021-11,6590000,6590000,亿日元,M,MONETARY_BASE,BOJ,OFFICIAL_CANONICAL,,,2021-12-15,REALTIME_ASSUMED,CONSERVATIVE_PROXY,OFFICIAL_NO_REV_AUDIT,conditional,true,true
2021-12-31,2021-12,6570831,6570831,亿日元,M,MONETARY_BASE,BOJ,OFFICIAL_CANONICAL,,,2022-01-15,REALTIME_ASSUMED,CONSERVATIVE_PROXY,OFFICIAL_NO_REV_AUDIT,conditional,true,true
2022-01-31,2022-01,6627169,6627169,亿日元,M,MONETARY_BASE,BOJ,OFFICIAL_CANONICAL,,,2022-02-15,REALTIME_ASSUMED,CONSERVATIVE_PROXY,OFFICIAL_NO_REV_AUDIT,conditional,true,true
2022-02-28,2022-02,6571737,6571737,亿日元,M,MONETARY_BASE,BOJ,OFFICIAL_CANONICAL,,,2022-03-15,REALTIME_ASSUMED,CONSERVATIVE_PROXY,OFFICIAL_NO_REV_AUDIT,conditional,true,true
2022-03-31,2022-03,6621323,6621323,亿日元,M,MONETARY_BASE,BOJ,OFFICIAL_CANONICAL,,,2022-04-15,REALTIME_ASSUMED,CONSERVATIVE_PROXY,OFFICIAL_NO_REV_AUDIT,conditional,true,true
2022-04-30,2022-04,6874736,6874736,亿日元,M,MONETARY_BASE,BOJ,OFFICIAL_CANONICAL,,,2022-05-15,REALTIME_ASSUMED,CONSERVATIVE_PROXY,OFFICIAL_NO_REV_AUDIT,conditional,true,true
2022-05-31,2022-05,6800213,6800213,亿日元,M,MONETARY_BASE,BOJ,OFFICIAL_CANONICAL,,,2022-06-15,REALTIME_ASSUMED,CONSERVATIVE_PROXY,OFFICIAL_NO_REV_AUDIT,conditional,true,true
2022-06-30,2022-06,6734841,6734841,亿日元,M,MONETARY_BASE,BOJ,OFFICIAL_CANONICAL,,,2022-07-15,REALTIME_ASSUMED,CONSERVATIVE_PROXY,OFFICIAL_NO_REV_AUDIT,conditional,true,true
2022-07-31,2022-07,6722218,6722218,亿日元,M,MONETARY_BASE,BOJ,OFFICIAL_CANONICAL,,,2022-08-15,REALTIME_ASSUMED,CONSERVATIVE_PROXY,OFFICIAL_NO_REV_AUDIT,conditional,true,true
2022-08-31,2022-08,6597138,6597138,亿日元,M,MONETARY_BASE,BOJ,OFFICIAL_CANONICAL,,,2022-09-15,REALTIME_ASSUMED,CONSERVATIVE_PROXY,OFFICIAL_NO_REV_AUDIT,conditional,true,true
2022-09-30,2022-09,6341934,6341934,亿日元,M,MONETARY_BASE,BOJ,OFFICIAL_CANONICAL,,,2022-10-15,REALTIME_ASSUMED,CONSERVATIVE_PROXY,OFFICIAL_NO_REV_AUDIT,conditional,true,true
2022-10-31,2022-10,6152627,6152627,亿日元,M,MONETARY_BASE,BOJ,OFFICIAL_CANONICAL,,,2022-11-15,REALTIME_ASSUMED,CONSERVATIVE_PROXY,OFFICIAL_NO_REV_AUDIT,conditional,true,true
2022-11-30,2022-11,6168203,6168203,亿日元,M,MONETARY_BASE,BOJ,OFFICIAL_CANONICAL,,,2022-12-15,REALTIME_ASSUMED,CONSERVATIVE_PROXY,OFFICIAL_NO_REV_AUDIT,conditional,true,true
2022-12-31,2022-12,6172224,6172224,亿日元,M,MONETARY_BASE,BOJ,OFFICIAL_CANONICAL,,,2023-01-15,REALTIME_ASSUMED,CONSERVATIVE_PROXY,OFFICIAL_NO_REV_AUDIT,conditional,true,true
2023-01-31,2023-01,6376936,6376936,亿日元,M,MONETARY_BASE,BOJ,OFFICIAL_CANONICAL,,,2023-02-15,REALTIME_ASSUMED,CONSERVATIVE_PROXY,OFFICIAL_NO_REV_AUDIT,conditional,true,true
2023-02-28,2023-02,6464403,6464403,亿日元,M,MONETARY_BASE,BOJ,OFFICIAL_CANONICAL,,,2023-03-15,REALTIME_ASSUMED,CONSERVATIVE_PROXY,OFFICIAL_NO_REV_AUDIT,conditional,true,true
2023-03-31,2023-03,6557809,6557809,亿日元,M,MONETARY_BASE,BOJ,OFFICIAL_CANONICAL,,,2023-04-15,REALTIME_ASSUMED,CONSERVATIVE_PROXY,OFFICIAL_NO_REV_AUDIT,conditional,true,true
2023-04-30,2023-04,6759281,6759281,亿日元,M,MONETARY_BASE,BOJ,OFFICIAL_CANONICAL,,,2023-05-15,REALTIME_ASSUMED,CONSERVATIVE_PROXY,OFFICIAL_NO_REV_AUDIT,conditional,true,true
2023-05-31,2023-05,6727323,6727323,亿日元,M,MONETARY_BASE,BOJ,OFFICIAL_CANONICAL,,,2023-06-15,REALTIME_ASSUMED,CONSERVATIVE_PROXY,OFFICIAL_NO_REV_AUDIT,conditional,true,true
2023-06-30,2023-06,6669938,6669938,亿日元,M,MONETARY_BASE,BOJ,OFFICIAL_CANONICAL,,,2023-07-15,REALTIME_ASSUMED,CONSERVATIVE_PROXY,OFFICIAL_NO_REV_AUDIT,conditional,true,true
2023-07-31,2023-07,6633513,6633513,亿日元,M,MONETARY_BASE,BOJ,OFFICIAL_CANONICAL,,,2023-08-15,REALTIME_ASSUMED,CONSERVATIVE_PROXY,OFFICIAL_NO_REV_AUDIT,conditional,true,true
2023-08-31,2023-08,6674477,6674477,亿日元,M,MONETARY_BASE,BOJ,OFFICIAL_CANONICAL,,,2023-09-15,REALTIME_ASSUMED,CONSERVATIVE_PROXY,OFFICIAL_NO_REV_AUDIT,conditional,true,true
2023-09-30,2023-09,6698608,6698608,亿日元,M,MONETARY_BASE,BOJ,OFFICIAL_CANONICAL,,,2023-10-15,REALTIME_ASSUMED,CONSERVATIVE_PROXY,OFFICIAL_NO_REV_AUDIT,conditional,true,true
2023-10-31,2023-10,6706127,6706127,亿日元,M,MONETARY_BASE,BOJ,OFFICIAL_CANONICAL,,,2023-11-15,REALTIME_ASSUMED,CONSERVATIVE_PROXY,OFFICIAL_NO_REV_AUDIT,conditional,true,true
2023-11-30,2023-11,6715329,6715329,亿日元,M,MONETARY_BASE,BOJ,OFFICIAL_CANONICAL,,,2023-12-15,REALTIME_ASSUMED,CONSERVATIVE_PROXY,OFFICIAL_NO_REV_AUDIT,conditional,true,true
2023-12-31,2023-12,6654863,6654863,亿日元,M,MONETARY_BASE,BOJ,OFFICIAL_CANONICAL,,,2024-01-15,REALTIME_ASSUMED,CONSERVATIVE_PROXY,OFFICIAL_NO_REV_AUDIT,conditional,true,true
2024-01-31,2024-01,6680019,6680019,亿日元,M,MONETARY_BASE,BOJ,OFFICIAL_CANONICAL,,,2024-02-15,REALTIME_ASSUMED,CONSERVATIVE_PROXY,OFFICIAL_NO_REV_AUDIT,conditional,true,true
2024-02-29,2024-02,6616688,6616688,亿日元,M,MONETARY_BASE,BOJ,OFFICIAL_CANONICAL,,,2024-03-15,REALTIME_ASSUMED,CONSERVATIVE_PROXY,OFFICIAL_NO_REV_AUDIT,conditional,true,true
2024-03-31,2024-03,6662400,6662400,亿日元,M,MONETARY_BASE,BOJ,OFFICIAL_CANONICAL,,,2024-04-15,REALTIME_ASSUMED,CONSERVATIVE_PROXY,OFFICIAL_NO_REV_AUDIT,conditional,true,true
2024-04-30,2024-04,6898964,6898964,亿日元,M,MONETARY_BASE,BOJ,OFFICIAL_CANONICAL,,,2024-05-15,REALTIME_ASSUMED,CONSERVATIVE_PROXY,OFFICIAL_NO_REV_AUDIT,conditional,true,true
2024-05-31,2024-05,6788243,6788243,亿日元,M,MONETARY_BASE,BOJ,OFFICIAL_CANONICAL,,,2024-06-15,REALTIME_ASSUMED,CONSERVATIVE_PROXY,OFFICIAL_NO_REV_AUDIT,conditional,true,true
2024-06-30,2024-06,6711098,6711098,亿日元,M,MONETARY_BASE,BOJ,OFFICIAL_CANONICAL,,,2024-07-15,REALTIME_ASSUMED,CONSERVATIVE_PROXY,OFFICIAL_NO_REV_AUDIT,conditional,true,true
2024-07-31,2024-07,6701436,6701436,亿日元,M,MONETARY_BASE,BOJ,OFFICIAL_CANONICAL,,,2024-08-15,REALTIME_ASSUMED,CONSERVATIVE_PROXY,OFFICIAL_NO_REV_AUDIT,conditional,true,true
2024-08-31,2024-08,6711832,6711832,亿日元,M,MONETARY_BASE,BOJ,OFFICIAL_CANONICAL,,,2024-09-15,REALTIME_ASSUMED,CONSERVATIVE_PROXY,OFFICIAL_NO_REV_AUDIT,conditional,true,true
2024-09-30,2024-09,6694463,6694463,亿日元,M,MONETARY_BASE,BOJ,OFFICIAL_CANONICAL,,,2024-10-15,REALTIME_ASSUMED,CONSERVATIVE_PROXY,OFFICIAL_NO_REV_AUDIT,conditional,true,true
2024-10-31,2024-10,6688723,6688723,亿日元,M,MONETARY_BASE,BOJ,OFFICIAL_CANONICAL,,,2024-11-15,REALTIME_ASSUMED,CONSERVATIVE_PROXY,OFFICIAL_NO_REV_AUDIT,conditional,true,true
2024-11-30,2024-11,6697481,6697481,亿日元,M,MONETARY_BASE,BOJ,OFFICIAL_CANONICAL,,,2024-12-15,REALTIME_ASSUMED,CONSERVATIVE_PROXY,OFFICIAL_NO_REV_AUDIT,conditional,true,true
2024-12-31,2024-12,6585240,6585240,亿日元,M,MONETARY_BASE,BOJ,OFFICIAL_CANONICAL,,,2025-01-15,REALTIME_ASSUMED,CONSERVATIVE_PROXY,OFFICIAL_NO_REV_AUDIT,conditional,true,true
2025-01-31,2025-01,6511079,6511079,亿日元,M,MONETARY_BASE,BOJ,OFFICIAL_CANONICAL,,,2025-02-15,REALTIME_ASSUMED,CONSERVATIVE_PROXY,OFFICIAL_NO_REV_AUDIT,conditional,true,true
2025-02-28,2025-02,6499369,6499369,亿日元,M,MONETARY_BASE,BOJ,OFFICIAL_CANONICAL,,,2025-03-15,REALTIME_ASSUMED,CONSERVATIVE_PROXY,OFFICIAL_NO_REV_AUDIT,conditional,true,true
2025-03-31,2025-03,6458519,6458519,亿日元,M,MONETARY_BASE,BOJ,OFFICIAL_CANONICAL,,,2025-04-15,REALTIME_ASSUMED,CONSERVATIVE_PROXY,OFFICIAL_NO_REV_AUDIT,conditional,true,true
2025-04-30,2025-04,6569773,6569773,亿日元,M,MONETARY_BASE,BOJ,OFFICIAL_CANONICAL,,,2025-05-15,REALTIME_ASSUMED,CONSERVATIVE_PROXY,OFFICIAL_NO_REV_AUDIT,conditional,true,true
2025-05-31,2025-05,6560120,6560120,亿日元,M,MONETARY_BASE,BOJ,OFFICIAL_CANONICAL,,,2025-06-15,REALTIME_ASSUMED,CONSERVATIVE_PROXY,OFFICIAL_NO_REV_AUDIT,conditional,true,true
2025-06-30,2025-06,6479525,6479525,亿日元,M,MONETARY_BASE,BOJ,OFFICIAL_CANONICAL,,,2025-07-15,REALTIME_ASSUMED,CONSERVATIVE_PROXY,OFFICIAL_NO_REV_AUDIT,conditional,true,true
2025-07-31,2025-07,6438964,6438964,亿日元,M,MONETARY_BASE,BOJ,OFFICIAL_CANONICAL,,,2025-08-15,REALTIME_ASSUMED,CONSERVATIVE_PROXY,OFFICIAL_NO_REV_AUDIT,conditional,true,true
2025-08-31,2025-08,6437775,6437775,亿日元,M,MONETARY_BASE,BOJ,OFFICIAL_CANONICAL,,,2025-09-15,REALTIME_ASSUMED,CONSERVATIVE_PROXY,OFFICIAL_NO_REV_AUDIT,conditional,true,true
2025-09-30,2025-09,6281080,6281080,亿日元,M,MONETARY_BASE,BOJ,OFFICIAL_CANONICAL,,,2025-10-15,REALTIME_ASSUMED,CONSERVATIVE_PROXY,OFFICIAL_NO_REV_AUDIT,conditional,true,true
2025-10-31,2025-10,6165980,6165980,亿日元,M,MONETARY_BASE,BOJ,OFFICIAL_CANONICAL,,,2025-11-15,REALTIME_ASSUMED,CONSERVATIVE_PROXY,OFFICIAL_NO_REV_AUDIT,conditional,true,true
2025-11-30,2025-11,6126869,6126869,亿日元,M,MONETARY_BASE,BOJ,OFFICIAL_CANONICAL,,,2025-12-15,REALTIME_ASSUMED,CONSERVATIVE_PROXY,OFFICIAL_NO_REV_AUDIT,conditional,true,true
2025-12-31,2025-12,5941943,5941943,亿日元,M,MONETARY_BASE,BOJ,OFFICIAL_CANONICAL,,,2026-01-15,REALTIME_ASSUMED,CONSERVATIVE_PROXY,OFFICIAL_NO_REV_AUDIT,conditional,true,true
2026-01-31,2026-01,5894035,5894035,亿日元,M,MONETARY_BASE,BOJ,OFFICIAL_CANONICAL,,,2026-02-15,REALTIME_ASSUMED,CONSERVATIVE_PROXY,OFFICIAL_NO_REV_AUDIT,conditional,true,true
2026-02-28,2026-02,5809326,5809326,亿日元,M,MONETARY_BASE,BOJ,OFFICIAL_CANONICAL,,,2026-03-15,REALTIME_ASSUMED,CONSERVATIVE_PROXY,OFFICIAL_NO_REV_AUDIT,conditional,true,true
2026-03-31,2026-03,5707875,5707875,亿日元,M,MONETARY_BASE,BOJ,OFFICIAL_CANONICAL,,,2026-04-15,REALTIME_ASSUMED,CONSERVATIVE_PROXY,OFFICIAL_NO_REV_AUDIT,conditional,true,true
2026-04-30,2026-04,5829256,5829256,亿日元,M,MONETARY_BASE,BOJ,OFFICIAL_CANONICAL,,,2026-05-15,REALTIME_ASSUMED,CONSERVATIVE_PROXY,OFFICIAL_NO_REV_AUDIT,conditional,true,true
2026-05-31,2026-05,5757634,5757634,亿日元,M,MONETARY_BASE,BOJ,OFFICIAL_CANONICAL,,,2026-06-15,REALTIME_ASSUMED,CONSERVATIVE_PROXY,OFFICIAL_NO_REV_AUDIT,conditional,true,true
2026-06-30,2026-06,5592039,5592039,亿日元,M,MONETARY_BASE,BOJ,OFFICIAL_CANONICAL,,,2026-07-15,REALTIME_ASSUMED,CONSERVATIVE_PROXY,OFFICIAL_NO_REV_AUDIT,conditional,true,true
2026-07-31,2026-07,5549259,5549259,亿日元,M,MONETARY_BASE,BOJ,OFFICIAL_CANONICAL,,,2026-08-15,REALTIME_ASSUMED,CONSERVATIVE_PROXY,OFFICIAL_NO_REV_AUDIT,conditional,true,true
2026-08-31,2026-08,5430070,5430070,亿日元,M,MONETARY_BASE,BOJ,OFFICIAL_CANONICAL,,,2026-09-05,REALTIME_ASSUMED,CONSERVATIVE_PROXY,OFFICIAL_NO_REV_AUDIT,conditional,true,true
