date,period,value,value_raw,unit,freq,source,provider,source_type,definition_regime,note,value_available_date,vintage_type,release_rule_status,vintage_evidence,historical_realtime_eligible,post_vad_eligible,source_validity_eligible
1955-01-31,1955-01,35976,35976,亿日元,M,M2_OLD_EOP,BOJ,OFFICIAL,M2_OLD_1955_1999,COMPARATIVE_ONLY(禁拼接),1955-02-15,REALTIME_ASSUMED,CONSERVATIVE_PROXY,OFFICIAL_NO_REV_AUDIT,conditional,true,true
1955-02-28,1955-02,35717,35717,亿日元,M,M2_OLD_EOP,BOJ,OFFICIAL,M2_OLD_1955_1999,COMPARATIVE_ONLY(禁拼接),1955-03-15,REALTIME_ASSUMED,CONSERVATIVE_PROXY,OFFICIAL_NO_REV_AUDIT,conditional,true,true
1955-03-31,1955-03,36079,36079,亿日元,M,M2_OLD_EOP,BOJ,OFFICIAL,M2_OLD_1955_1999,COMPARATIVE_ONLY(禁拼接),1955-04-15,REALTIME_ASSUMED,CONSERVATIVE_PROXY,OFFICIAL_NO_REV_AUDIT,conditional,true,true
1955-04-30,1955-04,36811,36811,亿日元,M,M2_OLD_EOP,BOJ,OFFICIAL,M2_OLD_1955_1999,COMPARATIVE_ONLY(禁拼接),1955-05-15,REALTIME_ASSUMED,CONSERVATIVE_PROXY,OFFICIAL_NO_REV_AUDIT,conditional,true,true
1955-05-31,1955-05,36852,36852,亿日元,M,M2_OLD_EOP,BOJ,OFFICIAL,M2_OLD_1955_1999,COMPARATIVE_ONLY(禁拼接),1955-06-15,REALTIME_ASSUMED,CONSERVATIVE_PROXY,OFFICIAL_NO_REV_AUDIT,conditional,true,true
1955-06-30,1955-06,37336,37336,亿日元,M,M2_OLD_EOP,BOJ,OFFICIAL,M2_OLD_1955_1999,COMPARATIVE_ONLY(禁拼接),1955-07-15,REALTIME_ASSUMED,CONSERVATIVE_PROXY,OFFICIAL_NO_REV_AUDIT,conditional,true,true
1955-07-31,1955-07,37960,37960,亿日元,M,M2_OLD_EOP,BOJ,OFFICIAL,M2_OLD_1955_1999,COMPARATIVE_ONLY(禁拼接),1955-08-15,REALTIME_ASSUMED,CONSERVATIVE_PROXY,OFFICIAL_NO_REV_AUDIT,conditional,true,true
1955-08-31,1955-08,38137,38137,亿日元,M,M2_OLD_EOP,BOJ,OFFICIAL,M2_OLD_1955_1999,COMPARATIVE_ONLY(禁拼接),1955-09-15,REALTIME_ASSUMED,CONSERVATIVE_PROXY,OFFICIAL_NO_REV_AUDIT,conditional,true,true
1955-09-30,1955-09,38625,38625,亿日元,M,M2_OLD_EOP,BOJ,OFFICIAL,M2_OLD_1955_1999,COMPARATIVE_ONLY(禁拼接),1955-10-15,REALTIME_ASSUMED,CONSERVATIVE_PROXY,OFFICIAL_NO_REV_AUDIT,conditional,true,true
1955-10-31,1955-10,39187,39187,亿日元,M,M2_OLD_EOP,BOJ,OFFICIAL,M2_OLD_1955_1999,COMPARATIVE_ONLY(禁拼接),1955-11-15,REALTIME_ASSUMED,CONSERVATIVE_PROXY,OFFICIAL_NO_REV_AUDIT,conditional,true,true
1955-11-30,1955-11,39841,39841,亿日元,M,M2_OLD_EOP,BOJ,OFFICIAL,M2_OLD_1955_1999,COMPARATIVE_ONLY(禁拼接),1955-12-15,REALTIME_ASSUMED,CONSERVATIVE_PROXY,OFFICIAL_NO_REV_AUDIT,conditional,true,true
1955-12-31,1955-12,43170,43170,亿日元,M,M2_OLD_EOP,BOJ,OFFICIAL,M2_OLD_1955_1999,COMPARATIVE_ONLY(禁拼接),1956-01-15,REALTIME_ASSUMED,CONSERVATIVE_PROXY,OFFICIAL_NO_REV_AUDIT,conditional,true,true
1956-01-31,1956-01,41758,41758,亿日元,M,M2_OLD_EOP,BOJ,OFFICIAL,M2_OLD_1955_1999,COMPARATIVE_ONLY(禁拼接),1956-02-15,REALTIME_ASSUMED,CONSERVATIVE_PROXY,OFFICIAL_NO_REV_AUDIT,conditional,true,true
1956-02-29,1956-02,41800,41800,亿日元,M,M2_OLD_EOP,BOJ,OFFICIAL,M2_OLD_1955_1999,COMPARATIVE_ONLY(禁拼接),1956-03-15,REALTIME_ASSUMED,CONSERVATIVE_PROXY,OFFICIAL_NO_REV_AUDIT,conditional,true,true
1956-03-31,1956-03,42803,42803,亿日元,M,M2_OLD_EOP,BOJ,OFFICIAL,M2_OLD_1955_1999,COMPARATIVE_ONLY(禁拼接),1956-04-15,REALTIME_ASSUMED,CONSERVATIVE_PROXY,OFFICIAL_NO_REV_AUDIT,conditional,true,true
1956-04-30,1956-04,43411,43411,亿日元,M,M2_OLD_EOP,BOJ,OFFICIAL,M2_OLD_1955_1999,COMPARATIVE_ONLY(禁拼接),1956-05-15,REALTIME_ASSUMED,CONSERVATIVE_PROXY,OFFICIAL_NO_REV_AUDIT,conditional,true,true
1956-05-31,1956-05,43852,43852,亿日元,M,M2_OLD_EOP,BOJ,OFFICIAL,M2_OLD_1955_1999,COMPARATIVE_ONLY(禁拼接),1956-06-15,REALTIME_ASSUMED,CONSERVATIVE_PROXY,OFFICIAL_NO_REV_AUDIT,conditional,true,true
1956-06-30,1956-06,45055,45055,亿日元,M,M2_OLD_EOP,BOJ,OFFICIAL,M2_OLD_1955_1999,COMPARATIVE_ONLY(禁拼接),1956-07-15,REALTIME_ASSUMED,CONSERVATIVE_PROXY,OFFICIAL_NO_REV_AUDIT,conditional,true,true
1956-07-31,1956-07,45287,45287,亿日元,M,M2_OLD_EOP,BOJ,OFFICIAL,M2_OLD_1955_1999,COMPARATIVE_ONLY(禁拼接),1956-08-15,REALTIME_ASSUMED,CONSERVATIVE_PROXY,OFFICIAL_NO_REV_AUDIT,conditional,true,true
1956-08-31,1956-08,45814,45814,亿日元,M,M2_OLD_EOP,BOJ,OFFICIAL,M2_OLD_1955_1999,COMPARATIVE_ONLY(禁拼接),1956-09-15,REALTIME_ASSUMED,CONSERVATIVE_PROXY,OFFICIAL_NO_REV_AUDIT,conditional,true,true
1956-09-30,1956-09,47566,47566,亿日元,M,M2_OLD_EOP,BOJ,OFFICIAL,M2_OLD_1955_1999,COMPARATIVE_ONLY(禁拼接),1956-10-15,REALTIME_ASSUMED,CONSERVATIVE_PROXY,OFFICIAL_NO_REV_AUDIT,conditional,true,true
1956-10-31,1956-10,47534,47534,亿日元,M,M2_OLD_EOP,BOJ,OFFICIAL,M2_OLD_1955_1999,COMPARATIVE_ONLY(禁拼接),1956-11-15,REALTIME_ASSUMED,CONSERVATIVE_PROXY,OFFICIAL_NO_REV_AUDIT,conditional,true,true
1956-11-30,1956-11,48642,48642,亿日元,M,M2_OLD_EOP,BOJ,OFFICIAL,M2_OLD_1955_1999,COMPARATIVE_ONLY(禁拼接),1956-12-15,REALTIME_ASSUMED,CONSERVATIVE_PROXY,OFFICIAL_NO_REV_AUDIT,conditional,true,true
1956-12-31,1956-12,52564,52564,亿日元,M,M2_OLD_EOP,BOJ,OFFICIAL,M2_OLD_1955_1999,COMPARATIVE_ONLY(禁拼接),1957-01-15,REALTIME_ASSUMED,CONSERVATIVE_PROXY,OFFICIAL_NO_REV_AUDIT,conditional,true,true
1957-01-31,1957-01,51424,51424,亿日元,M,M2_OLD_EOP,BOJ,OFFICIAL,M2_OLD_1955_1999,COMPARATIVE_ONLY(禁拼接),1957-02-15,REALTIME_ASSUMED,CONSERVATIVE_PROXY,OFFICIAL_NO_REV_AUDIT,conditional,true,true
1957-02-28,1957-02,51087,51087,亿日元,M,M2_OLD_EOP,BOJ,OFFICIAL,M2_OLD_1955_1999,COMPARATIVE_ONLY(禁拼接),1957-03-15,REALTIME_ASSUMED,CONSERVATIVE_PROXY,OFFICIAL_NO_REV_AUDIT,conditional,true,true
1957-03-31,1957-03,52846,52846,亿日元,M,M2_OLD_EOP,BOJ,OFFICIAL,M2_OLD_1955_1999,COMPARATIVE_ONLY(禁拼接),1957-04-15,REALTIME_ASSUMED,CONSERVATIVE_PROXY,OFFICIAL_NO_REV_AUDIT,conditional,true,true
1957-04-30,1957-04,53284,53284,亿日元,M,M2_OLD_EOP,BOJ,OFFICIAL,M2_OLD_1955_1999,COMPARATIVE_ONLY(禁拼接),1957-05-15,REALTIME_ASSUMED,CONSERVATIVE_PROXY,OFFICIAL_NO_REV_AUDIT,conditional,true,true
1957-05-31,1957-05,53614,53614,亿日元,M,M2_OLD_EOP,BOJ,OFFICIAL,M2_OLD_1955_1999,COMPARATIVE_ONLY(禁拼接),1957-06-15,REALTIME_ASSUMED,CONSERVATIVE_PROXY,OFFICIAL_NO_REV_AUDIT,conditional,true,true
1957-06-30,1957-06,54513,54513,亿日元,M,M2_OLD_EOP,BOJ,OFFICIAL,M2_OLD_1955_1999,COMPARATIVE_ONLY(禁拼接),1957-07-15,REALTIME_ASSUMED,CONSERVATIVE_PROXY,OFFICIAL_NO_REV_AUDIT,conditional,true,true
1957-07-31,1957-07,54233,54233,亿日元,M,M2_OLD_EOP,BOJ,OFFICIAL,M2_OLD_1955_1999,COMPARATIVE_ONLY(禁拼接),1957-08-15,REALTIME_ASSUMED,CONSERVATIVE_PROXY,OFFICIAL_NO_REV_AUDIT,conditional,true,true
1957-08-31,1957-08,54440,54440,亿日元,M,M2_OLD_EOP,BOJ,OFFICIAL,M2_OLD_1955_1999,COMPARATIVE_ONLY(禁拼接),1957-09-15,REALTIME_ASSUMED,CONSERVATIVE_PROXY,OFFICIAL_NO_REV_AUDIT,conditional,true,true
1957-09-30,1957-09,55075,55075,亿日元,M,M2_OLD_EOP,BOJ,OFFICIAL,M2_OLD_1955_1999,COMPARATIVE_ONLY(禁拼接),1957-10-15,REALTIME_ASSUMED,CONSERVATIVE_PROXY,OFFICIAL_NO_REV_AUDIT,conditional,true,true
1957-10-31,1957-10,55769,55769,亿日元,M,M2_OLD_EOP,BOJ,OFFICIAL,M2_OLD_1955_1999,COMPARATIVE_ONLY(禁拼接),1957-11-15,REALTIME_ASSUMED,CONSERVATIVE_PROXY,OFFICIAL_NO_REV_AUDIT,conditional,true,true
1957-11-30,1957-11,56637,56637,亿日元,M,M2_OLD_EOP,BOJ,OFFICIAL,M2_OLD_1955_1999,COMPARATIVE_ONLY(禁拼接),1957-12-15,REALTIME_ASSUMED,CONSERVATIVE_PROXY,OFFICIAL_NO_REV_AUDIT,conditional,true,true
1957-12-31,1957-12,60315,60315,亿日元,M,M2_OLD_EOP,BOJ,OFFICIAL,M2_OLD_1955_1999,COMPARATIVE_ONLY(禁拼接),1958-01-15,REALTIME_ASSUMED,CONSERVATIVE_PROXY,OFFICIAL_NO_REV_AUDIT,conditional,true,true
1958-01-31,1958-01,58777,58777,亿日元,M,M2_OLD_EOP,BOJ,OFFICIAL,M2_OLD_1955_1999,COMPARATIVE_ONLY(禁拼接),1958-02-15,REALTIME_ASSUMED,CONSERVATIVE_PROXY,OFFICIAL_NO_REV_AUDIT,conditional,true,true
1958-02-28,1958-02,58415,58415,亿日元,M,M2_OLD_EOP,BOJ,OFFICIAL,M2_OLD_1955_1999,COMPARATIVE_ONLY(禁拼接),1958-03-15,REALTIME_ASSUMED,CONSERVATIVE_PROXY,OFFICIAL_NO_REV_AUDIT,conditional,true,true
1958-03-31,1958-03,59711,59711,亿日元,M,M2_OLD_EOP,BOJ,OFFICIAL,M2_OLD_1955_1999,COMPARATIVE_ONLY(禁拼接),1958-04-15,REALTIME_ASSUMED,CONSERVATIVE_PROXY,OFFICIAL_NO_REV_AUDIT,conditional,true,true
1958-04-30,1958-04,60861,60861,亿日元,M,M2_OLD_EOP,BOJ,OFFICIAL,M2_OLD_1955_1999,COMPARATIVE_ONLY(禁拼接),1958-05-15,REALTIME_ASSUMED,CONSERVATIVE_PROXY,OFFICIAL_NO_REV_AUDIT,conditional,true,true
1958-05-31,1958-05,60978,60978,亿日元,M,M2_OLD_EOP,BOJ,OFFICIAL,M2_OLD_1955_1999,COMPARATIVE_ONLY(禁拼接),1958-06-15,REALTIME_ASSUMED,CONSERVATIVE_PROXY,OFFICIAL_NO_REV_AUDIT,conditional,true,true
1958-06-30,1958-06,61979,61979,亿日元,M,M2_OLD_EOP,BOJ,OFFICIAL,M2_OLD_1955_1999,COMPARATIVE_ONLY(禁拼接),1958-07-15,REALTIME_ASSUMED,CONSERVATIVE_PROXY,OFFICIAL_NO_REV_AUDIT,conditional,true,true
1958-07-31,1958-07,62796,62796,亿日元,M,M2_OLD_EOP,BOJ,OFFICIAL,M2_OLD_1955_1999,COMPARATIVE_ONLY(禁拼接),1958-08-15,REALTIME_ASSUMED,CONSERVATIVE_PROXY,OFFICIAL_NO_REV_AUDIT,conditional,true,true
1958-08-31,1958-08,63817,63817,亿日元,M,M2_OLD_EOP,BOJ,OFFICIAL,M2_OLD_1955_1999,COMPARATIVE_ONLY(禁拼接),1958-09-15,REALTIME_ASSUMED,CONSERVATIVE_PROXY,OFFICIAL_NO_REV_AUDIT,conditional,true,true
1958-09-30,1958-09,64874,64874,亿日元,M,M2_OLD_EOP,BOJ,OFFICIAL,M2_OLD_1955_1999,COMPARATIVE_ONLY(禁拼接),1958-10-15,REALTIME_ASSUMED,CONSERVATIVE_PROXY,OFFICIAL_NO_REV_AUDIT,conditional,true,true
1958-10-31,1958-10,65741,65741,亿日元,M,M2_OLD_EOP,BOJ,OFFICIAL,M2_OLD_1955_1999,COMPARATIVE_ONLY(禁拼接),1958-11-15,REALTIME_ASSUMED,CONSERVATIVE_PROXY,OFFICIAL_NO_REV_AUDIT,conditional,true,true
1958-11-30,1958-11,67911,67911,亿日元,M,M2_OLD_EOP,BOJ,OFFICIAL,M2_OLD_1955_1999,COMPARATIVE_ONLY(禁拼接),1958-12-15,REALTIME_ASSUMED,CONSERVATIVE_PROXY,OFFICIAL_NO_REV_AUDIT,conditional,true,true
1958-12-31,1958-12,71677,71677,亿日元,M,M2_OLD_EOP,BOJ,OFFICIAL,M2_OLD_1955_1999,COMPARATIVE_ONLY(禁拼接),1959-01-15,REALTIME_ASSUMED,CONSERVATIVE_PROXY,OFFICIAL_NO_REV_AUDIT,conditional,true,true
1959-01-31,1959-01,69339,69339,亿日元,M,M2_OLD_EOP,BOJ,OFFICIAL,M2_OLD_1955_1999,COMPARATIVE_ONLY(禁拼接),1959-02-15,REALTIME_ASSUMED,CONSERVATIVE_PROXY,OFFICIAL_NO_REV_AUDIT,conditional,true,true
1959-02-28,1959-02,69959,69959,亿日元,M,M2_OLD_EOP,BOJ,OFFICIAL,M2_OLD_1955_1999,COMPARATIVE_ONLY(禁拼接),1959-03-15,REALTIME_ASSUMED,CONSERVATIVE_PROXY,OFFICIAL_NO_REV_AUDIT,conditional,true,true
1959-03-31,1959-03,72176,72176,亿日元,M,M2_OLD_EOP,BOJ,OFFICIAL,M2_OLD_1955_1999,COMPARATIVE_ONLY(禁拼接),1959-04-15,REALTIME_ASSUMED,CONSERVATIVE_PROXY,OFFICIAL_NO_REV_AUDIT,conditional,true,true
1959-04-30,1959-04,73063,73063,亿日元,M,M2_OLD_EOP,BOJ,OFFICIAL,M2_OLD_1955_1999,COMPARATIVE_ONLY(禁拼接),1959-05-15,REALTIME_ASSUMED,CONSERVATIVE_PROXY,OFFICIAL_NO_REV_AUDIT,conditional,true,true
1959-05-31,1959-05,74447,74447,亿日元,M,M2_OLD_EOP,BOJ,OFFICIAL,M2_OLD_1955_1999,COMPARATIVE_ONLY(禁拼接),1959-06-15,REALTIME_ASSUMED,CONSERVATIVE_PROXY,OFFICIAL_NO_REV_AUDIT,conditional,true,true
1959-06-30,1959-06,74867,74867,亿日元,M,M2_OLD_EOP,BOJ,OFFICIAL,M2_OLD_1955_1999,COMPARATIVE_ONLY(禁拼接),1959-07-15,REALTIME_ASSUMED,CONSERVATIVE_PROXY,OFFICIAL_NO_REV_AUDIT,conditional,true,true
1959-07-31,1959-07,75577,75577,亿日元,M,M2_OLD_EOP,BOJ,OFFICIAL,M2_OLD_1955_1999,COMPARATIVE_ONLY(禁拼接),1959-08-15,REALTIME_ASSUMED,CONSERVATIVE_PROXY,OFFICIAL_NO_REV_AUDIT,conditional,true,true
1959-08-31,1959-08,75080,75080,亿日元,M,M2_OLD_EOP,BOJ,OFFICIAL,M2_OLD_1955_1999,COMPARATIVE_ONLY(禁拼接),1959-09-15,REALTIME_ASSUMED,CONSERVATIVE_PROXY,OFFICIAL_NO_REV_AUDIT,conditional,true,true
1959-09-30,1959-09,77986,77986,亿日元,M,M2_OLD_EOP,BOJ,OFFICIAL,M2_OLD_1955_1999,COMPARATIVE_ONLY(禁拼接),1959-10-15,REALTIME_ASSUMED,CONSERVATIVE_PROXY,OFFICIAL_NO_REV_AUDIT,conditional,true,true
1959-10-31,1959-10,79133,79133,亿日元,M,M2_OLD_EOP,BOJ,OFFICIAL,M2_OLD_1955_1999,COMPARATIVE_ONLY(禁拼接),1959-11-15,REALTIME_ASSUMED,CONSERVATIVE_PROXY,OFFICIAL_NO_REV_AUDIT,conditional,true,true
1959-11-30,1959-11,80598,80598,亿日元,M,M2_OLD_EOP,BOJ,OFFICIAL,M2_OLD_1955_1999,COMPARATIVE_ONLY(禁拼接),1959-12-15,REALTIME_ASSUMED,CONSERVATIVE_PROXY,OFFICIAL_NO_REV_AUDIT,conditional,true,true
1959-12-31,1959-12,86028,86028,亿日元,M,M2_OLD_EOP,BOJ,OFFICIAL,M2_OLD_1955_1999,COMPARATIVE_ONLY(禁拼接),1960-01-15,REALTIME_ASSUMED,CONSERVATIVE_PROXY,OFFICIAL_NO_REV_AUDIT,conditional,true,true
1960-01-31,1960-01,84883,84883,亿日元,M,M2_OLD_EOP,BOJ,OFFICIAL,M2_OLD_1955_1999,COMPARATIVE_ONLY(禁拼接),1960-02-15,REALTIME_ASSUMED,CONSERVATIVE_PROXY,OFFICIAL_NO_REV_AUDIT,conditional,true,true
1960-02-29,1960-02,84038,84038,亿日元,M,M2_OLD_EOP,BOJ,OFFICIAL,M2_OLD_1955_1999,COMPARATIVE_ONLY(禁拼接),1960-03-15,REALTIME_ASSUMED,CONSERVATIVE_PROXY,OFFICIAL_NO_REV_AUDIT,conditional,true,true
1960-03-31,1960-03,86607,86607,亿日元,M,M2_OLD_EOP,BOJ,OFFICIAL,M2_OLD_1955_1999,COMPARATIVE_ONLY(禁拼接),1960-04-15,REALTIME_ASSUMED,CONSERVATIVE_PROXY,OFFICIAL_NO_REV_AUDIT,conditional,true,true
1960-04-30,1960-04,87773,87773,亿日元,M,M2_OLD_EOP,BOJ,OFFICIAL,M2_OLD_1955_1999,COMPARATIVE_ONLY(禁拼接),1960-05-15,REALTIME_ASSUMED,CONSERVATIVE_PROXY,OFFICIAL_NO_REV_AUDIT,conditional,true,true
1960-05-31,1960-05,88394,88394,亿日元,M,M2_OLD_EOP,BOJ,OFFICIAL,M2_OLD_1955_1999,COMPARATIVE_ONLY(禁拼接),1960-06-15,REALTIME_ASSUMED,CONSERVATIVE_PROXY,OFFICIAL_NO_REV_AUDIT,conditional,true,true
1960-06-30,1960-06,89937,89937,亿日元,M,M2_OLD_EOP,BOJ,OFFICIAL,M2_OLD_1955_1999,COMPARATIVE_ONLY(禁拼接),1960-07-15,REALTIME_ASSUMED,CONSERVATIVE_PROXY,OFFICIAL_NO_REV_AUDIT,conditional,true,true
1960-07-31,1960-07,91475,91475,亿日元,M,M2_OLD_EOP,BOJ,OFFICIAL,M2_OLD_1955_1999,COMPARATIVE_ONLY(禁拼接),1960-08-15,REALTIME_ASSUMED,CONSERVATIVE_PROXY,OFFICIAL_NO_REV_AUDIT,conditional,true,true
1960-08-31,1960-08,91550,91550,亿日元,M,M2_OLD_EOP,BOJ,OFFICIAL,M2_OLD_1955_1999,COMPARATIVE_ONLY(禁拼接),1960-09-15,REALTIME_ASSUMED,CONSERVATIVE_PROXY,OFFICIAL_NO_REV_AUDIT,conditional,true,true
1960-09-30,1960-09,94204,94204,亿日元,M,M2_OLD_EOP,BOJ,OFFICIAL,M2_OLD_1955_1999,COMPARATIVE_ONLY(禁拼接),1960-10-15,REALTIME_ASSUMED,CONSERVATIVE_PROXY,OFFICIAL_NO_REV_AUDIT,conditional,true,true
1960-10-31,1960-10,95314,95314,亿日元,M,M2_OLD_EOP,BOJ,OFFICIAL,M2_OLD_1955_1999,COMPARATIVE_ONLY(禁拼接),1960-11-15,REALTIME_ASSUMED,CONSERVATIVE_PROXY,OFFICIAL_NO_REV_AUDIT,conditional,true,true
1960-11-30,1960-11,97566,97566,亿日元,M,M2_OLD_EOP,BOJ,OFFICIAL,M2_OLD_1955_1999,COMPARATIVE_ONLY(禁拼接),1960-12-15,REALTIME_ASSUMED,CONSERVATIVE_PROXY,OFFICIAL_NO_REV_AUDIT,conditional,true,true
1960-12-31,1960-12,104204,104204,亿日元,M,M2_OLD_EOP,BOJ,OFFICIAL,M2_OLD_1955_1999,COMPARATIVE_ONLY(禁拼接),1961-01-15,REALTIME_ASSUMED,CONSERVATIVE_PROXY,OFFICIAL_NO_REV_AUDIT,conditional,true,true
1961-01-31,1961-01,101953,101953,亿日元,M,M2_OLD_EOP,BOJ,OFFICIAL,M2_OLD_1955_1999,COMPARATIVE_ONLY(禁拼接),1961-02-15,REALTIME_ASSUMED,CONSERVATIVE_PROXY,OFFICIAL_NO_REV_AUDIT,conditional,true,true
1961-02-28,1961-02,102906,102906,亿日元,M,M2_OLD_EOP,BOJ,OFFICIAL,M2_OLD_1955_1999,COMPARATIVE_ONLY(禁拼接),1961-03-15,REALTIME_ASSUMED,CONSERVATIVE_PROXY,OFFICIAL_NO_REV_AUDIT,conditional,true,true
1961-03-31,1961-03,106446,106446,亿日元,M,M2_OLD_EOP,BOJ,OFFICIAL,M2_OLD_1955_1999,COMPARATIVE_ONLY(禁拼接),1961-04-15,REALTIME_ASSUMED,CONSERVATIVE_PROXY,OFFICIAL_NO_REV_AUDIT,conditional,true,true
1961-04-30,1961-04,109137,109137,亿日元,M,M2_OLD_EOP,BOJ,OFFICIAL,M2_OLD_1955_1999,COMPARATIVE_ONLY(禁拼接),1961-05-15,REALTIME_ASSUMED,CONSERVATIVE_PROXY,OFFICIAL_NO_REV_AUDIT,conditional,true,true
1961-05-31,1961-05,108832,108832,亿日元,M,M2_OLD_EOP,BOJ,OFFICIAL,M2_OLD_1955_1999,COMPARATIVE_ONLY(禁拼接),1961-06-15,REALTIME_ASSUMED,CONSERVATIVE_PROXY,OFFICIAL_NO_REV_AUDIT,conditional,true,true
1961-06-30,1961-06,111239,111239,亿日元,M,M2_OLD_EOP,BOJ,OFFICIAL,M2_OLD_1955_1999,COMPARATIVE_ONLY(禁拼接),1961-07-15,REALTIME_ASSUMED,CONSERVATIVE_PROXY,OFFICIAL_NO_REV_AUDIT,conditional,true,true
1961-07-31,1961-07,111658,111658,亿日元,M,M2_OLD_EOP,BOJ,OFFICIAL,M2_OLD_1955_1999,COMPARATIVE_ONLY(禁拼接),1961-08-15,REALTIME_ASSUMED,CONSERVATIVE_PROXY,OFFICIAL_NO_REV_AUDIT,conditional,true,true
1961-08-31,1961-08,112134,112134,亿日元,M,M2_OLD_EOP,BOJ,OFFICIAL,M2_OLD_1955_1999,COMPARATIVE_ONLY(禁拼接),1961-09-15,REALTIME_ASSUMED,CONSERVATIVE_PROXY,OFFICIAL_NO_REV_AUDIT,conditional,true,true
1961-09-30,1961-09,114945,114945,亿日元,M,M2_OLD_EOP,BOJ,OFFICIAL,M2_OLD_1955_1999,COMPARATIVE_ONLY(禁拼接),1961-10-15,REALTIME_ASSUMED,CONSERVATIVE_PROXY,OFFICIAL_NO_REV_AUDIT,conditional,true,true
1961-10-31,1961-10,115254,115254,亿日元,M,M2_OLD_EOP,BOJ,OFFICIAL,M2_OLD_1955_1999,COMPARATIVE_ONLY(禁拼接),1961-11-15,REALTIME_ASSUMED,CONSERVATIVE_PROXY,OFFICIAL_NO_REV_AUDIT,conditional,true,true
1961-11-30,1961-11,117518,117518,亿日元,M,M2_OLD_EOP,BOJ,OFFICIAL,M2_OLD_1955_1999,COMPARATIVE_ONLY(禁拼接),1961-12-15,REALTIME_ASSUMED,CONSERVATIVE_PROXY,OFFICIAL_NO_REV_AUDIT,conditional,true,true
1961-12-31,1961-12,125233,125233,亿日元,M,M2_OLD_EOP,BOJ,OFFICIAL,M2_OLD_1955_1999,COMPARATIVE_ONLY(禁拼接),1962-01-15,REALTIME_ASSUMED,CONSERVATIVE_PROXY,OFFICIAL_NO_REV_AUDIT,conditional,true,true
1962-01-31,1962-01,121760,121760,亿日元,M,M2_OLD_EOP,BOJ,OFFICIAL,M2_OLD_1955_1999,COMPARATIVE_ONLY(禁拼接),1962-02-15,REALTIME_ASSUMED,CONSERVATIVE_PROXY,OFFICIAL_NO_REV_AUDIT,conditional,true,true
1962-02-28,1962-02,121580,121580,亿日元,M,M2_OLD_EOP,BOJ,OFFICIAL,M2_OLD_1955_1999,COMPARATIVE_ONLY(禁拼接),1962-03-15,REALTIME_ASSUMED,CONSERVATIVE_PROXY,OFFICIAL_NO_REV_AUDIT,conditional,true,true
1962-03-31,1962-03,124663,124663,亿日元,M,M2_OLD_EOP,BOJ,OFFICIAL,M2_OLD_1955_1999,COMPARATIVE_ONLY(禁拼接),1962-04-15,REALTIME_ASSUMED,CONSERVATIVE_PROXY,OFFICIAL_NO_REV_AUDIT,conditional,true,true
1962-04-30,1962-04,126593,126593,亿日元,M,M2_OLD_EOP,BOJ,OFFICIAL,M2_OLD_1955_1999,COMPARATIVE_ONLY(禁拼接),1962-05-15,REALTIME_ASSUMED,CONSERVATIVE_PROXY,OFFICIAL_NO_REV_AUDIT,conditional,true,true
1962-05-31,1962-05,127729,127729,亿日元,M,M2_OLD_EOP,BOJ,OFFICIAL,M2_OLD_1955_1999,COMPARATIVE_ONLY(禁拼接),1962-06-15,REALTIME_ASSUMED,CONSERVATIVE_PROXY,OFFICIAL_NO_REV_AUDIT,conditional,true,true
1962-06-30,1962-06,129880,129880,亿日元,M,M2_OLD_EOP,BOJ,OFFICIAL,M2_OLD_1955_1999,COMPARATIVE_ONLY(禁拼接),1962-07-15,REALTIME_ASSUMED,CONSERVATIVE_PROXY,OFFICIAL_NO_REV_AUDIT,conditional,true,true
1962-07-31,1962-07,130824,130824,亿日元,M,M2_OLD_EOP,BOJ,OFFICIAL,M2_OLD_1955_1999,COMPARATIVE_ONLY(禁拼接),1962-08-15,REALTIME_ASSUMED,CONSERVATIVE_PROXY,OFFICIAL_NO_REV_AUDIT,conditional,true,true
1962-08-31,1962-08,132012,132012,亿日元,M,M2_OLD_EOP,BOJ,OFFICIAL,M2_OLD_1955_1999,COMPARATIVE_ONLY(禁拼接),1962-09-15,REALTIME_ASSUMED,CONSERVATIVE_PROXY,OFFICIAL_NO_REV_AUDIT,conditional,true,true
1962-09-30,1962-09,137005,137005,亿日元,M,M2_OLD_EOP,BOJ,OFFICIAL,M2_OLD_1955_1999,COMPARATIVE_ONLY(禁拼接),1962-10-15,REALTIME_ASSUMED,CONSERVATIVE_PROXY,OFFICIAL_NO_REV_AUDIT,conditional,true,true
1962-10-31,1962-10,137379,137379,亿日元,M,M2_OLD_EOP,BOJ,OFFICIAL,M2_OLD_1955_1999,COMPARATIVE_ONLY(禁拼接),1962-11-15,REALTIME_ASSUMED,CONSERVATIVE_PROXY,OFFICIAL_NO_REV_AUDIT,conditional,true,true
1962-11-30,1962-11,140924,140924,亿日元,M,M2_OLD_EOP,BOJ,OFFICIAL,M2_OLD_1955_1999,COMPARATIVE_ONLY(禁拼接),1962-12-15,REALTIME_ASSUMED,CONSERVATIVE_PROXY,OFFICIAL_NO_REV_AUDIT,conditional,true,true
1962-12-31,1962-12,150590,150590,亿日元,M,M2_OLD_EOP,BOJ,OFFICIAL,M2_OLD_1955_1999,COMPARATIVE_ONLY(禁拼接),1963-01-15,REALTIME_ASSUMED,CONSERVATIVE_PROXY,OFFICIAL_NO_REV_AUDIT,conditional,true,true
1963-01-31,1963-01,147382,147382,亿日元,M,M2_OLD_EOP,BOJ,OFFICIAL,M2_OLD_1955_1999,COMPARATIVE_ONLY(禁拼接),1963-02-15,REALTIME_ASSUMED,CONSERVATIVE_PROXY,OFFICIAL_NO_REV_AUDIT,conditional,true,true
1963-02-28,1963-02,148434,148434,亿日元,M,M2_OLD_EOP,BOJ,OFFICIAL,M2_OLD_1955_1999,COMPARATIVE_ONLY(禁拼接),1963-03-15,REALTIME_ASSUMED,CONSERVATIVE_PROXY,OFFICIAL_NO_REV_AUDIT,conditional,true,true
1963-03-31,1963-03,155327,155327,亿日元,M,M2_OLD_EOP,BOJ,OFFICIAL,M2_OLD_1955_1999,COMPARATIVE_ONLY(禁拼接),1963-04-15,REALTIME_ASSUMED,CONSERVATIVE_PROXY,OFFICIAL_NO_REV_AUDIT,conditional,true,true
1963-04-30,1963-04,155805,155805,亿日元,M,M2_OLD_EOP,BOJ,OFFICIAL,M2_OLD_1955_1999,COMPARATIVE_ONLY(禁拼接),1963-05-15,REALTIME_ASSUMED,CONSERVATIVE_PROXY,OFFICIAL_NO_REV_AUDIT,conditional,true,true
1963-05-31,1963-05,157903,157903,亿日元,M,M2_OLD_EOP,BOJ,OFFICIAL,M2_OLD_1955_1999,COMPARATIVE_ONLY(禁拼接),1963-06-15,REALTIME_ASSUMED,CONSERVATIVE_PROXY,OFFICIAL_NO_REV_AUDIT,conditional,true,true
1963-06-30,1963-06,163154,163154,亿日元,M,M2_OLD_EOP,BOJ,OFFICIAL,M2_OLD_1955_1999,COMPARATIVE_ONLY(禁拼接),1963-07-15,REALTIME_ASSUMED,CONSERVATIVE_PROXY,OFFICIAL_NO_REV_AUDIT,conditional,true,true
1963-07-31,1963-07,163618,163618,亿日元,M,M2_OLD_EOP,BOJ,OFFICIAL,M2_OLD_1955_1999,COMPARATIVE_ONLY(禁拼接),1963-08-15,REALTIME_ASSUMED,CONSERVATIVE_PROXY,OFFICIAL_NO_REV_AUDIT,conditional,true,true
1963-08-31,1963-08,164727,164727,亿日元,M,M2_OLD_EOP,BOJ,OFFICIAL,M2_OLD_1955_1999,COMPARATIVE_ONLY(禁拼接),1963-09-15,REALTIME_ASSUMED,CONSERVATIVE_PROXY,OFFICIAL_NO_REV_AUDIT,conditional,true,true
1963-09-30,1963-09,170762,170762,亿日元,M,M2_OLD_EOP,BOJ,OFFICIAL,M2_OLD_1955_1999,COMPARATIVE_ONLY(禁拼接),1963-10-15,REALTIME_ASSUMED,CONSERVATIVE_PROXY,OFFICIAL_NO_REV_AUDIT,conditional,true,true
1963-10-31,1963-10,171456,171456,亿日元,M,M2_OLD_EOP,BOJ,OFFICIAL,M2_OLD_1955_1999,COMPARATIVE_ONLY(禁拼接),1963-11-15,REALTIME_ASSUMED,CONSERVATIVE_PROXY,OFFICIAL_NO_REV_AUDIT,conditional,true,true
1963-11-30,1963-11,175222,175222,亿日元,M,M2_OLD_EOP,BOJ,OFFICIAL,M2_OLD_1955_1999,COMPARATIVE_ONLY(禁拼接),1963-12-15,REALTIME_ASSUMED,CONSERVATIVE_PROXY,OFFICIAL_NO_REV_AUDIT,conditional,true,true
1963-12-31,1963-12,186679,186679,亿日元,M,M2_OLD_EOP,BOJ,OFFICIAL,M2_OLD_1955_1999,COMPARATIVE_ONLY(禁拼接),1964-01-15,REALTIME_ASSUMED,CONSERVATIVE_PROXY,OFFICIAL_NO_REV_AUDIT,conditional,true,true
1964-01-31,1964-01,181613,181613,亿日元,M,M2_OLD_EOP,BOJ,OFFICIAL,M2_OLD_1955_1999,COMPARATIVE_ONLY(禁拼接),1964-02-15,REALTIME_ASSUMED,CONSERVATIVE_PROXY,OFFICIAL_NO_REV_AUDIT,conditional,true,true
1964-02-29,1964-02,181631,181631,亿日元,M,M2_OLD_EOP,BOJ,OFFICIAL,M2_OLD_1955_1999,COMPARATIVE_ONLY(禁拼接),1964-03-15,REALTIME_ASSUMED,CONSERVATIVE_PROXY,OFFICIAL_NO_REV_AUDIT,conditional,true,true
1964-03-31,1964-03,187339,187339,亿日元,M,M2_OLD_EOP,BOJ,OFFICIAL,M2_OLD_1955_1999,COMPARATIVE_ONLY(禁拼接),1964-04-15,REALTIME_ASSUMED,CONSERVATIVE_PROXY,OFFICIAL_NO_REV_AUDIT,conditional,true,true
1964-04-30,1964-04,188335,188335,亿日元,M,M2_OLD_EOP,BOJ,OFFICIAL,M2_OLD_1955_1999,COMPARATIVE_ONLY(禁拼接),1964-05-15,REALTIME_ASSUMED,CONSERVATIVE_PROXY,OFFICIAL_NO_REV_AUDIT,conditional,true,true
1964-05-31,1964-05,191013,191013,亿日元,M,M2_OLD_EOP,BOJ,OFFICIAL,M2_OLD_1955_1999,COMPARATIVE_ONLY(禁拼接),1964-06-15,REALTIME_ASSUMED,CONSERVATIVE_PROXY,OFFICIAL_NO_REV_AUDIT,conditional,true,true
1964-06-30,1964-06,192367,192367,亿日元,M,M2_OLD_EOP,BOJ,OFFICIAL,M2_OLD_1955_1999,COMPARATIVE_ONLY(禁拼接),1964-07-15,REALTIME_ASSUMED,CONSERVATIVE_PROXY,OFFICIAL_NO_REV_AUDIT,conditional,true,true
1964-07-31,1964-07,193541,193541,亿日元,M,M2_OLD_EOP,BOJ,OFFICIAL,M2_OLD_1955_1999,COMPARATIVE_ONLY(禁拼接),1964-08-15,REALTIME_ASSUMED,CONSERVATIVE_PROXY,OFFICIAL_NO_REV_AUDIT,conditional,true,true
1964-08-31,1964-08,194196,194196,亿日元,M,M2_OLD_EOP,BOJ,OFFICIAL,M2_OLD_1955_1999,COMPARATIVE_ONLY(禁拼接),1964-09-15,REALTIME_ASSUMED,CONSERVATIVE_PROXY,OFFICIAL_NO_REV_AUDIT,conditional,true,true
1964-09-30,1964-09,199650,199650,亿日元,M,M2_OLD_EOP,BOJ,OFFICIAL,M2_OLD_1955_1999,COMPARATIVE_ONLY(禁拼接),1964-10-15,REALTIME_ASSUMED,CONSERVATIVE_PROXY,OFFICIAL_NO_REV_AUDIT,conditional,true,true
1964-10-31,1964-10,199918,199918,亿日元,M,M2_OLD_EOP,BOJ,OFFICIAL,M2_OLD_1955_1999,COMPARATIVE_ONLY(禁拼接),1964-11-15,REALTIME_ASSUMED,CONSERVATIVE_PROXY,OFFICIAL_NO_REV_AUDIT,conditional,true,true
1964-11-30,1964-11,203093,203093,亿日元,M,M2_OLD_EOP,BOJ,OFFICIAL,M2_OLD_1955_1999,COMPARATIVE_ONLY(禁拼接),1964-12-15,REALTIME_ASSUMED,CONSERVATIVE_PROXY,OFFICIAL_NO_REV_AUDIT,conditional,true,true
1964-12-31,1964-12,215225,215225,亿日元,M,M2_OLD_EOP,BOJ,OFFICIAL,M2_OLD_1955_1999,COMPARATIVE_ONLY(禁拼接),1965-01-15,REALTIME_ASSUMED,CONSERVATIVE_PROXY,OFFICIAL_NO_REV_AUDIT,conditional,true,true
1965-01-31,1965-01,211357,211357,亿日元,M,M2_OLD_EOP,BOJ,OFFICIAL,M2_OLD_1955_1999,COMPARATIVE_ONLY(禁拼接),1965-02-15,REALTIME_ASSUMED,CONSERVATIVE_PROXY,OFFICIAL_NO_REV_AUDIT,conditional,true,true
1965-02-28,1965-02,212326,212326,亿日元,M,M2_OLD_EOP,BOJ,OFFICIAL,M2_OLD_1955_1999,COMPARATIVE_ONLY(禁拼接),1965-03-15,REALTIME_ASSUMED,CONSERVATIVE_PROXY,OFFICIAL_NO_REV_AUDIT,conditional,true,true
1965-03-31,1965-03,216782,216782,亿日元,M,M2_OLD_EOP,BOJ,OFFICIAL,M2_OLD_1955_1999,COMPARATIVE_ONLY(禁拼接),1965-04-15,REALTIME_ASSUMED,CONSERVATIVE_PROXY,OFFICIAL_NO_REV_AUDIT,conditional,true,true
1965-04-30,1965-04,217924,217924,亿日元,M,M2_OLD_EOP,BOJ,OFFICIAL,M2_OLD_1955_1999,COMPARATIVE_ONLY(禁拼接),1965-05-15,REALTIME_ASSUMED,CONSERVATIVE_PROXY,OFFICIAL_NO_REV_AUDIT,conditional,true,true
1965-05-31,1965-05,219669,219669,亿日元,M,M2_OLD_EOP,BOJ,OFFICIAL,M2_OLD_1955_1999,COMPARATIVE_ONLY(禁拼接),1965-06-15,REALTIME_ASSUMED,CONSERVATIVE_PROXY,OFFICIAL_NO_REV_AUDIT,conditional,true,true
1965-06-30,1965-06,223982,223982,亿日元,M,M2_OLD_EOP,BOJ,OFFICIAL,M2_OLD_1955_1999,COMPARATIVE_ONLY(禁拼接),1965-07-15,REALTIME_ASSUMED,CONSERVATIVE_PROXY,OFFICIAL_NO_REV_AUDIT,conditional,true,true
1965-07-31,1965-07,224964,224964,亿日元,M,M2_OLD_EOP,BOJ,OFFICIAL,M2_OLD_1955_1999,COMPARATIVE_ONLY(禁拼接),1965-08-15,REALTIME_ASSUMED,CONSERVATIVE_PROXY,OFFICIAL_NO_REV_AUDIT,conditional,true,true
1965-08-31,1965-08,226628,226628,亿日元,M,M2_OLD_EOP,BOJ,OFFICIAL,M2_OLD_1955_1999,COMPARATIVE_ONLY(禁拼接),1965-09-15,REALTIME_ASSUMED,CONSERVATIVE_PROXY,OFFICIAL_NO_REV_AUDIT,conditional,true,true
1965-09-30,1965-09,233762,233762,亿日元,M,M2_OLD_EOP,BOJ,OFFICIAL,M2_OLD_1955_1999,COMPARATIVE_ONLY(禁拼接),1965-10-15,REALTIME_ASSUMED,CONSERVATIVE_PROXY,OFFICIAL_NO_REV_AUDIT,conditional,true,true
1965-10-31,1965-10,236043,236043,亿日元,M,M2_OLD_EOP,BOJ,OFFICIAL,M2_OLD_1955_1999,COMPARATIVE_ONLY(禁拼接),1965-11-15,REALTIME_ASSUMED,CONSERVATIVE_PROXY,OFFICIAL_NO_REV_AUDIT,conditional,true,true
1965-11-30,1965-11,238720,238720,亿日元,M,M2_OLD_EOP,BOJ,OFFICIAL,M2_OLD_1955_1999,COMPARATIVE_ONLY(禁拼接),1965-12-15,REALTIME_ASSUMED,CONSERVATIVE_PROXY,OFFICIAL_NO_REV_AUDIT,conditional,true,true
1965-12-31,1965-12,253944,253944,亿日元,M,M2_OLD_EOP,BOJ,OFFICIAL,M2_OLD_1955_1999,COMPARATIVE_ONLY(禁拼接),1966-01-15,REALTIME_ASSUMED,CONSERVATIVE_PROXY,OFFICIAL_NO_REV_AUDIT,conditional,true,true
1966-01-31,1966-01,246842,246842,亿日元,M,M2_OLD_EOP,BOJ,OFFICIAL,M2_OLD_1955_1999,COMPARATIVE_ONLY(禁拼接),1966-02-15,REALTIME_ASSUMED,CONSERVATIVE_PROXY,OFFICIAL_NO_REV_AUDIT,conditional,true,true
1966-02-28,1966-02,247544,247544,亿日元,M,M2_OLD_EOP,BOJ,OFFICIAL,M2_OLD_1955_1999,COMPARATIVE_ONLY(禁拼接),1966-03-15,REALTIME_ASSUMED,CONSERVATIVE_PROXY,OFFICIAL_NO_REV_AUDIT,conditional,true,true
1966-03-31,1966-03,256874,256874,亿日元,M,M2_OLD_EOP,BOJ,OFFICIAL,M2_OLD_1955_1999,COMPARATIVE_ONLY(禁拼接),1966-04-15,REALTIME_ASSUMED,CONSERVATIVE_PROXY,OFFICIAL_NO_REV_AUDIT,conditional,true,true
1966-04-30,1966-04,256993,256993,亿日元,M,M2_OLD_EOP,BOJ,OFFICIAL,M2_OLD_1955_1999,COMPARATIVE_ONLY(禁拼接),1966-05-15,REALTIME_ASSUMED,CONSERVATIVE_PROXY,OFFICIAL_NO_REV_AUDIT,conditional,true,true
1966-05-31,1966-05,258659,258659,亿日元,M,M2_OLD_EOP,BOJ,OFFICIAL,M2_OLD_1955_1999,COMPARATIVE_ONLY(禁拼接),1966-06-15,REALTIME_ASSUMED,CONSERVATIVE_PROXY,OFFICIAL_NO_REV_AUDIT,conditional,true,true
1966-06-30,1966-06,263549,263549,亿日元,M,M2_OLD_EOP,BOJ,OFFICIAL,M2_OLD_1955_1999,COMPARATIVE_ONLY(禁拼接),1966-07-15,REALTIME_ASSUMED,CONSERVATIVE_PROXY,OFFICIAL_NO_REV_AUDIT,conditional,true,true
1966-07-31,1966-07,267236,267236,亿日元,M,M2_OLD_EOP,BOJ,OFFICIAL,M2_OLD_1955_1999,COMPARATIVE_ONLY(禁拼接),1966-08-15,REALTIME_ASSUMED,CONSERVATIVE_PROXY,OFFICIAL_NO_REV_AUDIT,conditional,true,true
1966-08-31,1966-08,267243,267243,亿日元,M,M2_OLD_EOP,BOJ,OFFICIAL,M2_OLD_1955_1999,COMPARATIVE_ONLY(禁拼接),1966-09-15,REALTIME_ASSUMED,CONSERVATIVE_PROXY,OFFICIAL_NO_REV_AUDIT,conditional,true,true
1966-09-30,1966-09,275017,275017,亿日元,M,M2_OLD_EOP,BOJ,OFFICIAL,M2_OLD_1955_1999,COMPARATIVE_ONLY(禁拼接),1966-10-15,REALTIME_ASSUMED,CONSERVATIVE_PROXY,OFFICIAL_NO_REV_AUDIT,conditional,true,true
1966-10-31,1966-10,274256,274256,亿日元,M,M2_OLD_EOP,BOJ,OFFICIAL,M2_OLD_1955_1999,COMPARATIVE_ONLY(禁拼接),1966-11-15,REALTIME_ASSUMED,CONSERVATIVE_PROXY,OFFICIAL_NO_REV_AUDIT,conditional,true,true
1966-11-30,1966-11,278996,278996,亿日元,M,M2_OLD_EOP,BOJ,OFFICIAL,M2_OLD_1955_1999,COMPARATIVE_ONLY(禁拼接),1966-12-15,REALTIME_ASSUMED,CONSERVATIVE_PROXY,OFFICIAL_NO_REV_AUDIT,conditional,true,true
1966-12-31,1966-12,295227,295227,亿日元,M,M2_OLD_EOP,BOJ,OFFICIAL,M2_OLD_1955_1999,COMPARATIVE_ONLY(禁拼接),1967-01-15,REALTIME_ASSUMED,CONSERVATIVE_PROXY,OFFICIAL_NO_REV_AUDIT,conditional,true,true
1967-01-31,1967-01,285862,285862,亿日元,M,M2_OLD_EOP,BOJ,OFFICIAL,M2_OLD_1955_1999,COMPARATIVE_ONLY(禁拼接),1967-02-15,REALTIME_ASSUMED,CONSERVATIVE_PROXY,OFFICIAL_NO_REV_AUDIT,conditional,true,true
1967-02-28,1967-02,287939,287939,亿日元,M,M2_OLD_EOP,BOJ,OFFICIAL,M2_OLD_1955_1999,COMPARATIVE_ONLY(禁拼接),1967-03-15,REALTIME_ASSUMED,CONSERVATIVE_PROXY,OFFICIAL_NO_REV_AUDIT,conditional,true,true
1967-03-31,1967-03,297310,297310,亿日元,M,M2_OLD_EOP,BOJ,OFFICIAL,M2_OLD_1955_1999,COMPARATIVE_ONLY(禁拼接),1967-04-15,REALTIME_ASSUMED,CONSERVATIVE_PROXY,OFFICIAL_NO_REV_AUDIT,conditional,true,true
1967-04-30,1967-04,299226,299226,亿日元,M,M2_OLD_EOP,BOJ,OFFICIAL,M2_OLD_1955_1999,COMPARATIVE_ONLY(禁拼接),1967-05-15,REALTIME_ASSUMED,CONSERVATIVE_PROXY,OFFICIAL_NO_REV_AUDIT,conditional,true,true
1967-05-31,1967-05,298729,298729,亿日元,M,M2_OLD_EOP,BOJ,OFFICIAL,M2_OLD_1955_1999,COMPARATIVE_ONLY(禁拼接),1967-06-15,REALTIME_ASSUMED,CONSERVATIVE_PROXY,OFFICIAL_NO_REV_AUDIT,conditional,true,true
1967-06-30,1967-06,305285,305285,亿日元,M,M2_OLD_EOP,BOJ,OFFICIAL,M2_OLD_1955_1999,COMPARATIVE_ONLY(禁拼接),1967-07-15,REALTIME_ASSUMED,CONSERVATIVE_PROXY,OFFICIAL_NO_REV_AUDIT,conditional,true,true
1967-07-31,1967-07,306992,306992,亿日元,M,M2_OLD_EOP,BOJ,OFFICIAL,M2_OLD_1955_1999,COMPARATIVE_ONLY(禁拼接),1967-08-15,REALTIME_ASSUMED,CONSERVATIVE_PROXY,OFFICIAL_NO_REV_AUDIT,conditional,true,true
1967-08-31,1967-08,308801,308801,亿日元,M,M2_OLD_EOP,BOJ,OFFICIAL,M2_OLD_1955_1999,COMPARATIVE_ONLY(禁拼接),1967-09-15,REALTIME_ASSUMED,CONSERVATIVE_PROXY,OFFICIAL_NO_REV_AUDIT,conditional,true,true
1967-09-30,1967-09,316607,316607,亿日元,M,M2_OLD_EOP,BOJ,OFFICIAL,M2_OLD_1955_1999,COMPARATIVE_ONLY(禁拼接),1967-10-15,REALTIME_ASSUMED,CONSERVATIVE_PROXY,OFFICIAL_NO_REV_AUDIT,conditional,true,true
1967-10-31,1967-10,318042,318042,亿日元,M,M2_OLD_EOP,BOJ,OFFICIAL,M2_OLD_1955_1999,COMPARATIVE_ONLY(禁拼接),1967-11-15,REALTIME_ASSUMED,CONSERVATIVE_PROXY,OFFICIAL_NO_REV_AUDIT,conditional,true,true
1967-11-30,1967-11,323069,323069,亿日元,M,M2_OLD_EOP,BOJ,OFFICIAL,M2_OLD_1955_1999,COMPARATIVE_ONLY(禁拼接),1967-12-15,REALTIME_ASSUMED,CONSERVATIVE_PROXY,OFFICIAL_NO_REV_AUDIT,conditional,true,true
1967-12-31,1967-12,340977,340977,亿日元,M,M2_OLD_EOP,BOJ,OFFICIAL,M2_OLD_1955_1999,COMPARATIVE_ONLY(禁拼接),1968-01-15,REALTIME_ASSUMED,CONSERVATIVE_PROXY,OFFICIAL_NO_REV_AUDIT,conditional,true,true
1968-01-31,1968-01,330535,330535,亿日元,M,M2_OLD_EOP,BOJ,OFFICIAL,M2_OLD_1955_1999,COMPARATIVE_ONLY(禁拼接),1968-02-15,REALTIME_ASSUMED,CONSERVATIVE_PROXY,OFFICIAL_NO_REV_AUDIT,conditional,true,true
1968-02-29,1968-02,331551,331551,亿日元,M,M2_OLD_EOP,BOJ,OFFICIAL,M2_OLD_1955_1999,COMPARATIVE_ONLY(禁拼接),1968-03-15,REALTIME_ASSUMED,CONSERVATIVE_PROXY,OFFICIAL_NO_REV_AUDIT,conditional,true,true
1968-03-31,1968-03,341692,341692,亿日元,M,M2_OLD_EOP,BOJ,OFFICIAL,M2_OLD_1955_1999,COMPARATIVE_ONLY(禁拼接),1968-04-15,REALTIME_ASSUMED,CONSERVATIVE_PROXY,OFFICIAL_NO_REV_AUDIT,conditional,true,true
1968-04-30,1968-04,344201,344201,亿日元,M,M2_OLD_EOP,BOJ,OFFICIAL,M2_OLD_1955_1999,COMPARATIVE_ONLY(禁拼接),1968-05-15,REALTIME_ASSUMED,CONSERVATIVE_PROXY,OFFICIAL_NO_REV_AUDIT,conditional,true,true
1968-05-31,1968-05,345977,345977,亿日元,M,M2_OLD_EOP,BOJ,OFFICIAL,M2_OLD_1955_1999,COMPARATIVE_ONLY(禁拼接),1968-06-15,REALTIME_ASSUMED,CONSERVATIVE_PROXY,OFFICIAL_NO_REV_AUDIT,conditional,true,true
1968-06-30,1968-06,354823,354823,亿日元,M,M2_OLD_EOP,BOJ,OFFICIAL,M2_OLD_1955_1999,COMPARATIVE_ONLY(禁拼接),1968-07-15,REALTIME_ASSUMED,CONSERVATIVE_PROXY,OFFICIAL_NO_REV_AUDIT,conditional,true,true
1968-07-31,1968-07,354626,354626,亿日元,M,M2_OLD_EOP,BOJ,OFFICIAL,M2_OLD_1955_1999,COMPARATIVE_ONLY(禁拼接),1968-08-15,REALTIME_ASSUMED,CONSERVATIVE_PROXY,OFFICIAL_NO_REV_AUDIT,conditional,true,true
1968-08-31,1968-08,355859,355859,亿日元,M,M2_OLD_EOP,BOJ,OFFICIAL,M2_OLD_1955_1999,COMPARATIVE_ONLY(禁拼接),1968-09-15,REALTIME_ASSUMED,CONSERVATIVE_PROXY,OFFICIAL_NO_REV_AUDIT,conditional,true,true
1968-09-30,1968-09,363018,363018,亿日元,M,M2_OLD_EOP,BOJ,OFFICIAL,M2_OLD_1955_1999,COMPARATIVE_ONLY(禁拼接),1968-10-15,REALTIME_ASSUMED,CONSERVATIVE_PROXY,OFFICIAL_NO_REV_AUDIT,conditional,true,true
1968-10-31,1968-10,365344,365344,亿日元,M,M2_OLD_EOP,BOJ,OFFICIAL,M2_OLD_1955_1999,COMPARATIVE_ONLY(禁拼接),1968-11-15,REALTIME_ASSUMED,CONSERVATIVE_PROXY,OFFICIAL_NO_REV_AUDIT,conditional,true,true
1968-11-30,1968-11,372361,372361,亿日元,M,M2_OLD_EOP,BOJ,OFFICIAL,M2_OLD_1955_1999,COMPARATIVE_ONLY(禁拼接),1968-12-15,REALTIME_ASSUMED,CONSERVATIVE_PROXY,OFFICIAL_NO_REV_AUDIT,conditional,true,true
1968-12-31,1968-12,391538,391538,亿日元,M,M2_OLD_EOP,BOJ,OFFICIAL,M2_OLD_1955_1999,COMPARATIVE_ONLY(禁拼接),1969-01-15,REALTIME_ASSUMED,CONSERVATIVE_PROXY,OFFICIAL_NO_REV_AUDIT,conditional,true,true
1969-01-31,1969-01,382419,382419,亿日元,M,M2_OLD_EOP,BOJ,OFFICIAL,M2_OLD_1955_1999,COMPARATIVE_ONLY(禁拼接),1969-02-15,REALTIME_ASSUMED,CONSERVATIVE_PROXY,OFFICIAL_NO_REV_AUDIT,conditional,true,true
1969-02-28,1969-02,384097,384097,亿日元,M,M2_OLD_EOP,BOJ,OFFICIAL,M2_OLD_1955_1999,COMPARATIVE_ONLY(禁拼接),1969-03-15,REALTIME_ASSUMED,CONSERVATIVE_PROXY,OFFICIAL_NO_REV_AUDIT,conditional,true,true
1969-03-31,1969-03,394351,394351,亿日元,M,M2_OLD_EOP,BOJ,OFFICIAL,M2_OLD_1955_1999,COMPARATIVE_ONLY(禁拼接),1969-04-15,REALTIME_ASSUMED,CONSERVATIVE_PROXY,OFFICIAL_NO_REV_AUDIT,conditional,true,true
1969-04-30,1969-04,400669,400669,亿日元,M,M2_OLD_EOP,BOJ,OFFICIAL,M2_OLD_1955_1999,COMPARATIVE_ONLY(禁拼接),1969-05-15,REALTIME_ASSUMED,CONSERVATIVE_PROXY,OFFICIAL_NO_REV_AUDIT,conditional,true,true
1969-05-31,1969-05,403760,403760,亿日元,M,M2_OLD_EOP,BOJ,OFFICIAL,M2_OLD_1955_1999,COMPARATIVE_ONLY(禁拼接),1969-06-15,REALTIME_ASSUMED,CONSERVATIVE_PROXY,OFFICIAL_NO_REV_AUDIT,conditional,true,true
1969-06-30,1969-06,413468,413468,亿日元,M,M2_OLD_EOP,BOJ,OFFICIAL,M2_OLD_1955_1999,COMPARATIVE_ONLY(禁拼接),1969-07-15,REALTIME_ASSUMED,CONSERVATIVE_PROXY,OFFICIAL_NO_REV_AUDIT,conditional,true,true
1969-07-31,1969-07,416307,416307,亿日元,M,M2_OLD_EOP,BOJ,OFFICIAL,M2_OLD_1955_1999,COMPARATIVE_ONLY(禁拼接),1969-08-15,REALTIME_ASSUMED,CONSERVATIVE_PROXY,OFFICIAL_NO_REV_AUDIT,conditional,true,true
1969-08-31,1969-08,421728,421728,亿日元,M,M2_OLD_EOP,BOJ,OFFICIAL,M2_OLD_1955_1999,COMPARATIVE_ONLY(禁拼接),1969-09-15,REALTIME_ASSUMED,CONSERVATIVE_PROXY,OFFICIAL_NO_REV_AUDIT,conditional,true,true
1969-09-30,1969-09,428176,428176,亿日元,M,M2_OLD_EOP,BOJ,OFFICIAL,M2_OLD_1955_1999,COMPARATIVE_ONLY(禁拼接),1969-10-15,REALTIME_ASSUMED,CONSERVATIVE_PROXY,OFFICIAL_NO_REV_AUDIT,conditional,true,true
1969-10-31,1969-10,431503,431503,亿日元,M,M2_OLD_EOP,BOJ,OFFICIAL,M2_OLD_1955_1999,COMPARATIVE_ONLY(禁拼接),1969-11-15,REALTIME_ASSUMED,CONSERVATIVE_PROXY,OFFICIAL_NO_REV_AUDIT,conditional,true,true
1969-11-30,1969-11,445676,445676,亿日元,M,M2_OLD_EOP,BOJ,OFFICIAL,M2_OLD_1955_1999,COMPARATIVE_ONLY(禁拼接),1969-12-15,REALTIME_ASSUMED,CONSERVATIVE_PROXY,OFFICIAL_NO_REV_AUDIT,conditional,true,true
1969-12-31,1969-12,463998,463998,亿日元,M,M2_OLD_EOP,BOJ,OFFICIAL,M2_OLD_1955_1999,COMPARATIVE_ONLY(禁拼接),1970-01-15,REALTIME_ASSUMED,CONSERVATIVE_PROXY,OFFICIAL_NO_REV_AUDIT,conditional,true,true
1970-01-31,1970-01,452002,452002,亿日元,M,M2_OLD_EOP,BOJ,OFFICIAL,M2_OLD_1955_1999,COMPARATIVE_ONLY(禁拼接),1970-02-15,REALTIME_ASSUMED,CONSERVATIVE_PROXY,OFFICIAL_NO_REV_AUDIT,conditional,true,true
1970-02-28,1970-02,454281,454281,亿日元,M,M2_OLD_EOP,BOJ,OFFICIAL,M2_OLD_1955_1999,COMPARATIVE_ONLY(禁拼接),1970-03-15,REALTIME_ASSUMED,CONSERVATIVE_PROXY,OFFICIAL_NO_REV_AUDIT,conditional,true,true
1970-03-31,1970-03,466127,466127,亿日元,M,M2_OLD_EOP,BOJ,OFFICIAL,M2_OLD_1955_1999,COMPARATIVE_ONLY(禁拼接),1970-04-15,REALTIME_ASSUMED,CONSERVATIVE_PROXY,OFFICIAL_NO_REV_AUDIT,conditional,true,true
1970-04-30,1970-04,474038,474038,亿日元,M,M2_OLD_EOP,BOJ,OFFICIAL,M2_OLD_1955_1999,COMPARATIVE_ONLY(禁拼接),1970-05-15,REALTIME_ASSUMED,CONSERVATIVE_PROXY,OFFICIAL_NO_REV_AUDIT,conditional,true,true
1970-05-31,1970-05,481839,481839,亿日元,M,M2_OLD_EOP,BOJ,OFFICIAL,M2_OLD_1955_1999,COMPARATIVE_ONLY(禁拼接),1970-06-15,REALTIME_ASSUMED,CONSERVATIVE_PROXY,OFFICIAL_NO_REV_AUDIT,conditional,true,true
1970-06-30,1970-06,488101,488101,亿日元,M,M2_OLD_EOP,BOJ,OFFICIAL,M2_OLD_1955_1999,COMPARATIVE_ONLY(禁拼接),1970-07-15,REALTIME_ASSUMED,CONSERVATIVE_PROXY,OFFICIAL_NO_REV_AUDIT,conditional,true,true
1970-07-31,1970-07,491528,491528,亿日元,M,M2_OLD_EOP,BOJ,OFFICIAL,M2_OLD_1955_1999,COMPARATIVE_ONLY(禁拼接),1970-08-15,REALTIME_ASSUMED,CONSERVATIVE_PROXY,OFFICIAL_NO_REV_AUDIT,conditional,true,true
1970-08-31,1970-08,493911,493911,亿日元,M,M2_OLD_EOP,BOJ,OFFICIAL,M2_OLD_1955_1999,COMPARATIVE_ONLY(禁拼接),1970-09-15,REALTIME_ASSUMED,CONSERVATIVE_PROXY,OFFICIAL_NO_REV_AUDIT,conditional,true,true
1970-09-30,1970-09,502852,502852,亿日元,M,M2_OLD_EOP,BOJ,OFFICIAL,M2_OLD_1955_1999,COMPARATIVE_ONLY(禁拼接),1970-10-15,REALTIME_ASSUMED,CONSERVATIVE_PROXY,OFFICIAL_NO_REV_AUDIT,conditional,true,true
1970-10-31,1970-10,507195,507195,亿日元,M,M2_OLD_EOP,BOJ,OFFICIAL,M2_OLD_1955_1999,COMPARATIVE_ONLY(禁拼接),1970-11-15,REALTIME_ASSUMED,CONSERVATIVE_PROXY,OFFICIAL_NO_REV_AUDIT,conditional,true,true
1970-11-30,1970-11,516146,516146,亿日元,M,M2_OLD_EOP,BOJ,OFFICIAL,M2_OLD_1955_1999,COMPARATIVE_ONLY(禁拼接),1970-12-15,REALTIME_ASSUMED,CONSERVATIVE_PROXY,OFFICIAL_NO_REV_AUDIT,conditional,true,true
1970-12-31,1970-12,542373,542373,亿日元,M,M2_OLD_EOP,BOJ,OFFICIAL,M2_OLD_1955_1999,COMPARATIVE_ONLY(禁拼接),1971-01-15,REALTIME_ASSUMED,CONSERVATIVE_PROXY,OFFICIAL_NO_REV_AUDIT,conditional,true,true
1971-01-31,1971-01,533811,533811,亿日元,M,M2_OLD_EOP,BOJ,OFFICIAL,M2_OLD_1955_1999,COMPARATIVE_ONLY(禁拼接),1971-02-15,REALTIME_ASSUMED,CONSERVATIVE_PROXY,OFFICIAL_NO_REV_AUDIT,conditional,true,true
1971-02-28,1971-02,540083,540083,亿日元,M,M2_OLD_EOP,BOJ,OFFICIAL,M2_OLD_1955_1999,COMPARATIVE_ONLY(禁拼接),1971-03-15,REALTIME_ASSUMED,CONSERVATIVE_PROXY,OFFICIAL_NO_REV_AUDIT,conditional,true,true
1971-03-31,1971-03,550020,550020,亿日元,M,M2_OLD_EOP,BOJ,OFFICIAL,M2_OLD_1955_1999,COMPARATIVE_ONLY(禁拼接),1971-04-15,REALTIME_ASSUMED,CONSERVATIVE_PROXY,OFFICIAL_NO_REV_AUDIT,conditional,true,true
1971-04-30,1971-04,562756,562756,亿日元,M,M2_OLD_EOP,BOJ,OFFICIAL,M2_OLD_1955_1999,COMPARATIVE_ONLY(禁拼接),1971-05-15,REALTIME_ASSUMED,CONSERVATIVE_PROXY,OFFICIAL_NO_REV_AUDIT,conditional,true,true
1971-05-31,1971-05,572000,572000,亿日元,M,M2_OLD_EOP,BOJ,OFFICIAL,M2_OLD_1955_1999,COMPARATIVE_ONLY(禁拼接),1971-06-15,REALTIME_ASSUMED,CONSERVATIVE_PROXY,OFFICIAL_NO_REV_AUDIT,conditional,true,true
1971-06-30,1971-06,588451,588451,亿日元,M,M2_OLD_EOP,BOJ,OFFICIAL,M2_OLD_1955_1999,COMPARATIVE_ONLY(禁拼接),1971-07-15,REALTIME_ASSUMED,CONSERVATIVE_PROXY,OFFICIAL_NO_REV_AUDIT,conditional,true,true
1971-07-31,1971-07,596038,596038,亿日元,M,M2_OLD_EOP,BOJ,OFFICIAL,M2_OLD_1955_1999,COMPARATIVE_ONLY(禁拼接),1971-08-15,REALTIME_ASSUMED,CONSERVATIVE_PROXY,OFFICIAL_NO_REV_AUDIT,conditional,true,true
1971-08-31,1971-08,606799,606799,亿日元,M,M2_OLD_EOP,BOJ,OFFICIAL,M2_OLD_1955_1999,COMPARATIVE_ONLY(禁拼接),1971-09-15,REALTIME_ASSUMED,CONSERVATIVE_PROXY,OFFICIAL_NO_REV_AUDIT,conditional,true,true
1971-09-30,1971-09,619082,619082,亿日元,M,M2_OLD_EOP,BOJ,OFFICIAL,M2_OLD_1955_1999,COMPARATIVE_ONLY(禁拼接),1971-10-15,REALTIME_ASSUMED,CONSERVATIVE_PROXY,OFFICIAL_NO_REV_AUDIT,conditional,true,true
1971-10-31,1971-10,627017,627017,亿日元,M,M2_OLD_EOP,BOJ,OFFICIAL,M2_OLD_1955_1999,COMPARATIVE_ONLY(禁拼接),1971-11-15,REALTIME_ASSUMED,CONSERVATIVE_PROXY,OFFICIAL_NO_REV_AUDIT,conditional,true,true
1971-11-30,1971-11,638288,638288,亿日元,M,M2_OLD_EOP,BOJ,OFFICIAL,M2_OLD_1955_1999,COMPARATIVE_ONLY(禁拼接),1971-12-15,REALTIME_ASSUMED,CONSERVATIVE_PROXY,OFFICIAL_NO_REV_AUDIT,conditional,true,true
1971-12-31,1971-12,673982,673982,亿日元,M,M2_OLD_EOP,BOJ,OFFICIAL,M2_OLD_1955_1999,COMPARATIVE_ONLY(禁拼接),1972-01-15,REALTIME_ASSUMED,CONSERVATIVE_PROXY,OFFICIAL_NO_REV_AUDIT,conditional,true,true
1972-01-31,1972-01,658967,658967,亿日元,M,M2_OLD_EOP,BOJ,OFFICIAL,M2_OLD_1955_1999,COMPARATIVE_ONLY(禁拼接),1972-02-15,REALTIME_ASSUMED,CONSERVATIVE_PROXY,OFFICIAL_NO_REV_AUDIT,conditional,true,true
1972-02-29,1972-02,664035,664035,亿日元,M,M2_OLD_EOP,BOJ,OFFICIAL,M2_OLD_1955_1999,COMPARATIVE_ONLY(禁拼接),1972-03-15,REALTIME_ASSUMED,CONSERVATIVE_PROXY,OFFICIAL_NO_REV_AUDIT,conditional,true,true
1972-03-31,1972-03,682248,682248,亿日元,M,M2_OLD_EOP,BOJ,OFFICIAL,M2_OLD_1955_1999,COMPARATIVE_ONLY(禁拼接),1972-04-15,REALTIME_ASSUMED,CONSERVATIVE_PROXY,OFFICIAL_NO_REV_AUDIT,conditional,true,true
1972-04-30,1972-04,697503,697503,亿日元,M,M2_OLD_EOP,BOJ,OFFICIAL,M2_OLD_1955_1999,COMPARATIVE_ONLY(禁拼接),1972-05-15,REALTIME_ASSUMED,CONSERVATIVE_PROXY,OFFICIAL_NO_REV_AUDIT,conditional,true,true
1972-05-31,1972-05,703572,703572,亿日元,M,M2_OLD_EOP,BOJ,OFFICIAL,M2_OLD_1955_1999,COMPARATIVE_ONLY(禁拼接),1972-06-15,REALTIME_ASSUMED,CONSERVATIVE_PROXY,OFFICIAL_NO_REV_AUDIT,conditional,true,true
1972-06-30,1972-06,722607,722607,亿日元,M,M2_OLD_EOP,BOJ,OFFICIAL,M2_OLD_1955_1999,COMPARATIVE_ONLY(禁拼接),1972-07-15,REALTIME_ASSUMED,CONSERVATIVE_PROXY,OFFICIAL_NO_REV_AUDIT,conditional,true,true
1972-07-31,1972-07,730123,730123,亿日元,M,M2_OLD_EOP,BOJ,OFFICIAL,M2_OLD_1955_1999,COMPARATIVE_ONLY(禁拼接),1972-08-15,REALTIME_ASSUMED,CONSERVATIVE_PROXY,OFFICIAL_NO_REV_AUDIT,conditional,true,true
1972-08-31,1972-08,736795,736795,亿日元,M,M2_OLD_EOP,BOJ,OFFICIAL,M2_OLD_1955_1999,COMPARATIVE_ONLY(禁拼接),1972-09-15,REALTIME_ASSUMED,CONSERVATIVE_PROXY,OFFICIAL_NO_REV_AUDIT,conditional,true,true
1972-09-30,1972-09,755338,755338,亿日元,M,M2_OLD_EOP,BOJ,OFFICIAL,M2_OLD_1955_1999,COMPARATIVE_ONLY(禁拼接),1972-10-15,REALTIME_ASSUMED,CONSERVATIVE_PROXY,OFFICIAL_NO_REV_AUDIT,conditional,true,true
1972-10-31,1972-10,770682,770682,亿日元,M,M2_OLD_EOP,BOJ,OFFICIAL,M2_OLD_1955_1999,COMPARATIVE_ONLY(禁拼接),1972-11-15,REALTIME_ASSUMED,CONSERVATIVE_PROXY,OFFICIAL_NO_REV_AUDIT,conditional,true,true
1972-11-30,1972-11,790598,790598,亿日元,M,M2_OLD_EOP,BOJ,OFFICIAL,M2_OLD_1955_1999,COMPARATIVE_ONLY(禁拼接),1972-12-15,REALTIME_ASSUMED,CONSERVATIVE_PROXY,OFFICIAL_NO_REV_AUDIT,conditional,true,true
1972-12-31,1972-12,840405,840405,亿日元,M,M2_OLD_EOP,BOJ,OFFICIAL,M2_OLD_1955_1999,COMPARATIVE_ONLY(禁拼接),1973-01-15,REALTIME_ASSUMED,CONSERVATIVE_PROXY,OFFICIAL_NO_REV_AUDIT,conditional,true,true
1973-01-31,1973-01,819678,819678,亿日元,M,M2_OLD_EOP,BOJ,OFFICIAL,M2_OLD_1955_1999,COMPARATIVE_ONLY(禁拼接),1973-02-15,REALTIME_ASSUMED,CONSERVATIVE_PROXY,OFFICIAL_NO_REV_AUDIT,conditional,true,true
1973-02-28,1973-02,831149,831149,亿日元,M,M2_OLD_EOP,BOJ,OFFICIAL,M2_OLD_1955_1999,COMPARATIVE_ONLY(禁拼接),1973-03-15,REALTIME_ASSUMED,CONSERVATIVE_PROXY,OFFICIAL_NO_REV_AUDIT,conditional,true,true
1973-03-31,1973-03,853462,853462,亿日元,M,M2_OLD_EOP,BOJ,OFFICIAL,M2_OLD_1955_1999,COMPARATIVE_ONLY(禁拼接),1973-04-15,REALTIME_ASSUMED,CONSERVATIVE_PROXY,OFFICIAL_NO_REV_AUDIT,conditional,true,true
1973-04-30,1973-04,879733,879733,亿日元,M,M2_OLD_EOP,BOJ,OFFICIAL,M2_OLD_1955_1999,COMPARATIVE_ONLY(禁拼接),1973-05-15,REALTIME_ASSUMED,CONSERVATIVE_PROXY,OFFICIAL_NO_REV_AUDIT,conditional,true,true
1973-05-31,1973-05,883991,883991,亿日元,M,M2_OLD_EOP,BOJ,OFFICIAL,M2_OLD_1955_1999,COMPARATIVE_ONLY(禁拼接),1973-06-15,REALTIME_ASSUMED,CONSERVATIVE_PROXY,OFFICIAL_NO_REV_AUDIT,conditional,true,true
1973-06-30,1973-06,901340,901340,亿日元,M,M2_OLD_EOP,BOJ,OFFICIAL,M2_OLD_1955_1999,COMPARATIVE_ONLY(禁拼接),1973-07-15,REALTIME_ASSUMED,CONSERVATIVE_PROXY,OFFICIAL_NO_REV_AUDIT,conditional,true,true
1973-07-31,1973-07,906490,906490,亿日元,M,M2_OLD_EOP,BOJ,OFFICIAL,M2_OLD_1955_1999,COMPARATIVE_ONLY(禁拼接),1973-08-15,REALTIME_ASSUMED,CONSERVATIVE_PROXY,OFFICIAL_NO_REV_AUDIT,conditional,true,true
1973-08-31,1973-08,907928,907928,亿日元,M,M2_OLD_EOP,BOJ,OFFICIAL,M2_OLD_1955_1999,COMPARATIVE_ONLY(禁拼接),1973-09-15,REALTIME_ASSUMED,CONSERVATIVE_PROXY,OFFICIAL_NO_REV_AUDIT,conditional,true,true
1973-09-30,1973-09,928316,928316,亿日元,M,M2_OLD_EOP,BOJ,OFFICIAL,M2_OLD_1955_1999,COMPARATIVE_ONLY(禁拼接),1973-10-15,REALTIME_ASSUMED,CONSERVATIVE_PROXY,OFFICIAL_NO_REV_AUDIT,conditional,true,true
1973-10-31,1973-10,929289,929289,亿日元,M,M2_OLD_EOP,BOJ,OFFICIAL,M2_OLD_1955_1999,COMPARATIVE_ONLY(禁拼接),1973-11-15,REALTIME_ASSUMED,CONSERVATIVE_PROXY,OFFICIAL_NO_REV_AUDIT,conditional,true,true
1973-11-30,1973-11,942120,942120,亿日元,M,M2_OLD_EOP,BOJ,OFFICIAL,M2_OLD_1955_1999,COMPARATIVE_ONLY(禁拼接),1973-12-15,REALTIME_ASSUMED,CONSERVATIVE_PROXY,OFFICIAL_NO_REV_AUDIT,conditional,true,true
1973-12-31,1973-12,981885,981885,亿日元,M,M2_OLD_EOP,BOJ,OFFICIAL,M2_OLD_1955_1999,COMPARATIVE_ONLY(禁拼接),1974-01-15,REALTIME_ASSUMED,CONSERVATIVE_PROXY,OFFICIAL_NO_REV_AUDIT,conditional,true,true
1974-01-31,1974-01,961025,961025,亿日元,M,M2_OLD_EOP,BOJ,OFFICIAL,M2_OLD_1955_1999,COMPARATIVE_ONLY(禁拼接),1974-02-15,REALTIME_ASSUMED,CONSERVATIVE_PROXY,OFFICIAL_NO_REV_AUDIT,conditional,true,true
1974-02-28,1974-02,961873,961873,亿日元,M,M2_OLD_EOP,BOJ,OFFICIAL,M2_OLD_1955_1999,COMPARATIVE_ONLY(禁拼接),1974-03-15,REALTIME_ASSUMED,CONSERVATIVE_PROXY,OFFICIAL_NO_REV_AUDIT,conditional,true,true
1974-03-31,1974-03,982358,982358,亿日元,M,M2_OLD_EOP,BOJ,OFFICIAL,M2_OLD_1955_1999,COMPARATIVE_ONLY(禁拼接),1974-04-15,REALTIME_ASSUMED,CONSERVATIVE_PROXY,OFFICIAL_NO_REV_AUDIT,conditional,true,true
1974-04-30,1974-04,994172,994172,亿日元,M,M2_OLD_EOP,BOJ,OFFICIAL,M2_OLD_1955_1999,COMPARATIVE_ONLY(禁拼接),1974-05-15,REALTIME_ASSUMED,CONSERVATIVE_PROXY,OFFICIAL_NO_REV_AUDIT,conditional,true,true
1974-05-31,1974-05,998543,998543,亿日元,M,M2_OLD_EOP,BOJ,OFFICIAL,M2_OLD_1955_1999,COMPARATIVE_ONLY(禁拼接),1974-06-15,REALTIME_ASSUMED,CONSERVATIVE_PROXY,OFFICIAL_NO_REV_AUDIT,conditional,true,true
1974-06-30,1974-06,1021593,1021593,亿日元,M,M2_OLD_EOP,BOJ,OFFICIAL,M2_OLD_1955_1999,COMPARATIVE_ONLY(禁拼接),1974-07-15,REALTIME_ASSUMED,CONSERVATIVE_PROXY,OFFICIAL_NO_REV_AUDIT,conditional,true,true
1974-07-31,1974-07,1015647,1015647,亿日元,M,M2_OLD_EOP,BOJ,OFFICIAL,M2_OLD_1955_1999,COMPARATIVE_ONLY(禁拼接),1974-08-15,REALTIME_ASSUMED,CONSERVATIVE_PROXY,OFFICIAL_NO_REV_AUDIT,conditional,true,true
1974-08-31,1974-08,1013325,1013325,亿日元,M,M2_OLD_EOP,BOJ,OFFICIAL,M2_OLD_1955_1999,COMPARATIVE_ONLY(禁拼接),1974-09-15,REALTIME_ASSUMED,CONSERVATIVE_PROXY,OFFICIAL_NO_REV_AUDIT,conditional,true,true
1974-09-30,1974-09,1029084,1029084,亿日元,M,M2_OLD_EOP,BOJ,OFFICIAL,M2_OLD_1955_1999,COMPARATIVE_ONLY(禁拼接),1974-10-15,REALTIME_ASSUMED,CONSERVATIVE_PROXY,OFFICIAL_NO_REV_AUDIT,conditional,true,true
1974-10-31,1974-10,1030838,1030838,亿日元,M,M2_OLD_EOP,BOJ,OFFICIAL,M2_OLD_1955_1999,COMPARATIVE_ONLY(禁拼接),1974-11-15,REALTIME_ASSUMED,CONSERVATIVE_PROXY,OFFICIAL_NO_REV_AUDIT,conditional,true,true
1974-11-30,1974-11,1046566,1046566,亿日元,M,M2_OLD_EOP,BOJ,OFFICIAL,M2_OLD_1955_1999,COMPARATIVE_ONLY(禁拼接),1974-12-15,REALTIME_ASSUMED,CONSERVATIVE_PROXY,OFFICIAL_NO_REV_AUDIT,conditional,true,true
1974-12-31,1974-12,1094943,1094943,亿日元,M,M2_OLD_EOP,BOJ,OFFICIAL,M2_OLD_1955_1999,COMPARATIVE_ONLY(禁拼接),1975-01-15,REALTIME_ASSUMED,CONSERVATIVE_PROXY,OFFICIAL_NO_REV_AUDIT,conditional,true,true
1975-01-31,1975-01,1068329,1068329,亿日元,M,M2_OLD_EOP,BOJ,OFFICIAL,M2_OLD_1955_1999,COMPARATIVE_ONLY(禁拼接),1975-02-15,REALTIME_ASSUMED,CONSERVATIVE_PROXY,OFFICIAL_NO_REV_AUDIT,conditional,true,true
1975-02-28,1975-02,1073484,1073484,亿日元,M,M2_OLD_EOP,BOJ,OFFICIAL,M2_OLD_1955_1999,COMPARATIVE_ONLY(禁拼接),1975-03-15,REALTIME_ASSUMED,CONSERVATIVE_PROXY,OFFICIAL_NO_REV_AUDIT,conditional,true,true
1975-03-31,1975-03,1093748,1093748,亿日元,M,M2_OLD_EOP,BOJ,OFFICIAL,M2_OLD_1955_1999,COMPARATIVE_ONLY(禁拼接),1975-04-15,REALTIME_ASSUMED,CONSERVATIVE_PROXY,OFFICIAL_NO_REV_AUDIT,conditional,true,true
1975-04-30,1975-04,1110277,1110277,亿日元,M,M2_OLD_EOP,BOJ,OFFICIAL,M2_OLD_1955_1999,COMPARATIVE_ONLY(禁拼接),1975-05-15,REALTIME_ASSUMED,CONSERVATIVE_PROXY,OFFICIAL_NO_REV_AUDIT,conditional,true,true
1975-05-31,1975-05,1115882,1115882,亿日元,M,M2_OLD_EOP,BOJ,OFFICIAL,M2_OLD_1955_1999,COMPARATIVE_ONLY(禁拼接),1975-06-15,REALTIME_ASSUMED,CONSERVATIVE_PROXY,OFFICIAL_NO_REV_AUDIT,conditional,true,true
1975-06-30,1975-06,1138235,1138235,亿日元,M,M2_OLD_EOP,BOJ,OFFICIAL,M2_OLD_1955_1999,COMPARATIVE_ONLY(禁拼接),1975-07-15,REALTIME_ASSUMED,CONSERVATIVE_PROXY,OFFICIAL_NO_REV_AUDIT,conditional,true,true
1975-07-31,1975-07,1144825,1144825,亿日元,M,M2_OLD_EOP,BOJ,OFFICIAL,M2_OLD_1955_1999,COMPARATIVE_ONLY(禁拼接),1975-08-15,REALTIME_ASSUMED,CONSERVATIVE_PROXY,OFFICIAL_NO_REV_AUDIT,conditional,true,true
1975-08-31,1975-08,1156099,1156099,亿日元,M,M2_OLD_EOP,BOJ,OFFICIAL,M2_OLD_1955_1999,COMPARATIVE_ONLY(禁拼接),1975-09-15,REALTIME_ASSUMED,CONSERVATIVE_PROXY,OFFICIAL_NO_REV_AUDIT,conditional,true,true
1975-09-30,1975-09,1164589,1164589,亿日元,M,M2_OLD_EOP,BOJ,OFFICIAL,M2_OLD_1955_1999,COMPARATIVE_ONLY(禁拼接),1975-10-15,REALTIME_ASSUMED,CONSERVATIVE_PROXY,OFFICIAL_NO_REV_AUDIT,conditional,true,true
1975-10-31,1975-10,1172066,1172066,亿日元,M,M2_OLD_EOP,BOJ,OFFICIAL,M2_OLD_1955_1999,COMPARATIVE_ONLY(禁拼接),1975-11-15,REALTIME_ASSUMED,CONSERVATIVE_PROXY,OFFICIAL_NO_REV_AUDIT,conditional,true,true
1975-11-30,1975-11,1205703,1205703,亿日元,M,M2_OLD_EOP,BOJ,OFFICIAL,M2_OLD_1955_1999,COMPARATIVE_ONLY(禁拼接),1975-12-15,REALTIME_ASSUMED,CONSERVATIVE_PROXY,OFFICIAL_NO_REV_AUDIT,conditional,true,true
1975-12-31,1975-12,1253304,1253304,亿日元,M,M2_OLD_EOP,BOJ,OFFICIAL,M2_OLD_1955_1999,COMPARATIVE_ONLY(禁拼接),1976-01-15,REALTIME_ASSUMED,CONSERVATIVE_PROXY,OFFICIAL_NO_REV_AUDIT,conditional,true,true
1976-01-31,1976-01,1230645,1230645,亿日元,M,M2_OLD_EOP,BOJ,OFFICIAL,M2_OLD_1955_1999,COMPARATIVE_ONLY(禁拼接),1976-02-15,REALTIME_ASSUMED,CONSERVATIVE_PROXY,OFFICIAL_NO_REV_AUDIT,conditional,true,true
1976-02-29,1976-02,1248830,1248830,亿日元,M,M2_OLD_EOP,BOJ,OFFICIAL,M2_OLD_1955_1999,COMPARATIVE_ONLY(禁拼接),1976-03-15,REALTIME_ASSUMED,CONSERVATIVE_PROXY,OFFICIAL_NO_REV_AUDIT,conditional,true,true
1976-03-31,1976-03,1262347,1262347,亿日元,M,M2_OLD_EOP,BOJ,OFFICIAL,M2_OLD_1955_1999,COMPARATIVE_ONLY(禁拼接),1976-04-15,REALTIME_ASSUMED,CONSERVATIVE_PROXY,OFFICIAL_NO_REV_AUDIT,conditional,true,true
1976-04-30,1976-04,1281768,1281768,亿日元,M,M2_OLD_EOP,BOJ,OFFICIAL,M2_OLD_1955_1999,COMPARATIVE_ONLY(禁拼接),1976-05-15,REALTIME_ASSUMED,CONSERVATIVE_PROXY,OFFICIAL_NO_REV_AUDIT,conditional,true,true
1976-05-31,1976-05,1294051,1294051,亿日元,M,M2_OLD_EOP,BOJ,OFFICIAL,M2_OLD_1955_1999,COMPARATIVE_ONLY(禁拼接),1976-06-15,REALTIME_ASSUMED,CONSERVATIVE_PROXY,OFFICIAL_NO_REV_AUDIT,conditional,true,true
1976-06-30,1976-06,1321926,1321926,亿日元,M,M2_OLD_EOP,BOJ,OFFICIAL,M2_OLD_1955_1999,COMPARATIVE_ONLY(禁拼接),1976-07-15,REALTIME_ASSUMED,CONSERVATIVE_PROXY,OFFICIAL_NO_REV_AUDIT,conditional,true,true
1976-07-31,1976-07,1323891,1323891,亿日元,M,M2_OLD_EOP,BOJ,OFFICIAL,M2_OLD_1955_1999,COMPARATIVE_ONLY(禁拼接),1976-08-15,REALTIME_ASSUMED,CONSERVATIVE_PROXY,OFFICIAL_NO_REV_AUDIT,conditional,true,true
1976-08-31,1976-08,1323788,1323788,亿日元,M,M2_OLD_EOP,BOJ,OFFICIAL,M2_OLD_1955_1999,COMPARATIVE_ONLY(禁拼接),1976-09-15,REALTIME_ASSUMED,CONSERVATIVE_PROXY,OFFICIAL_NO_REV_AUDIT,conditional,true,true
1976-09-30,1976-09,1344815,1344815,亿日元,M,M2_OLD_EOP,BOJ,OFFICIAL,M2_OLD_1955_1999,COMPARATIVE_ONLY(禁拼接),1976-10-15,REALTIME_ASSUMED,CONSERVATIVE_PROXY,OFFICIAL_NO_REV_AUDIT,conditional,true,true
1976-10-31,1976-10,1355557,1355557,亿日元,M,M2_OLD_EOP,BOJ,OFFICIAL,M2_OLD_1955_1999,COMPARATIVE_ONLY(禁拼接),1976-11-15,REALTIME_ASSUMED,CONSERVATIVE_PROXY,OFFICIAL_NO_REV_AUDIT,conditional,true,true
1976-11-30,1976-11,1370341,1370341,亿日元,M,M2_OLD_EOP,BOJ,OFFICIAL,M2_OLD_1955_1999,COMPARATIVE_ONLY(禁拼接),1976-12-15,REALTIME_ASSUMED,CONSERVATIVE_PROXY,OFFICIAL_NO_REV_AUDIT,conditional,true,true
1976-12-31,1976-12,1422487,1422487,亿日元,M,M2_OLD_EOP,BOJ,OFFICIAL,M2_OLD_1955_1999,COMPARATIVE_ONLY(禁拼接),1977-01-15,REALTIME_ASSUMED,CONSERVATIVE_PROXY,OFFICIAL_NO_REV_AUDIT,conditional,true,true
1977-01-31,1977-01,1391326,1391326,亿日元,M,M2_OLD_EOP,BOJ,OFFICIAL,M2_OLD_1955_1999,COMPARATIVE_ONLY(禁拼接),1977-02-15,REALTIME_ASSUMED,CONSERVATIVE_PROXY,OFFICIAL_NO_REV_AUDIT,conditional,true,true
1977-02-28,1977-02,1394228,1394228,亿日元,M,M2_OLD_EOP,BOJ,OFFICIAL,M2_OLD_1955_1999,COMPARATIVE_ONLY(禁拼接),1977-03-15,REALTIME_ASSUMED,CONSERVATIVE_PROXY,OFFICIAL_NO_REV_AUDIT,conditional,true,true
1977-03-31,1977-03,1423500,1423500,亿日元,M,M2_OLD_EOP,BOJ,OFFICIAL,M2_OLD_1955_1999,COMPARATIVE_ONLY(禁拼接),1977-04-15,REALTIME_ASSUMED,CONSERVATIVE_PROXY,OFFICIAL_NO_REV_AUDIT,conditional,true,true
1977-04-30,1977-04,1430405,1430405,亿日元,M,M2_OLD_EOP,BOJ,OFFICIAL,M2_OLD_1955_1999,COMPARATIVE_ONLY(禁拼接),1977-05-15,REALTIME_ASSUMED,CONSERVATIVE_PROXY,OFFICIAL_NO_REV_AUDIT,conditional,true,true
1977-05-31,1977-05,1439597,1439597,亿日元,M,M2_OLD_EOP,BOJ,OFFICIAL,M2_OLD_1955_1999,COMPARATIVE_ONLY(禁拼接),1977-06-15,REALTIME_ASSUMED,CONSERVATIVE_PROXY,OFFICIAL_NO_REV_AUDIT,conditional,true,true
1977-06-30,1977-06,1471439,1471439,亿日元,M,M2_OLD_EOP,BOJ,OFFICIAL,M2_OLD_1955_1999,COMPARATIVE_ONLY(禁拼接),1977-07-15,REALTIME_ASSUMED,CONSERVATIVE_PROXY,OFFICIAL_NO_REV_AUDIT,conditional,true,true
1977-07-31,1977-07,1486756,1486756,亿日元,M,M2_OLD_EOP,BOJ,OFFICIAL,M2_OLD_1955_1999,COMPARATIVE_ONLY(禁拼接),1977-08-15,REALTIME_ASSUMED,CONSERVATIVE_PROXY,OFFICIAL_NO_REV_AUDIT,conditional,true,true
1977-08-31,1977-08,1471244,1471244,亿日元,M,M2_OLD_EOP,BOJ,OFFICIAL,M2_OLD_1955_1999,COMPARATIVE_ONLY(禁拼接),1977-09-15,REALTIME_ASSUMED,CONSERVATIVE_PROXY,OFFICIAL_NO_REV_AUDIT,conditional,true,true
1977-09-30,1977-09,1489102,1489102,亿日元,M,M2_OLD_EOP,BOJ,OFFICIAL,M2_OLD_1955_1999,COMPARATIVE_ONLY(禁拼接),1977-10-15,REALTIME_ASSUMED,CONSERVATIVE_PROXY,OFFICIAL_NO_REV_AUDIT,conditional,true,true
1977-10-31,1977-10,1488556,1488556,亿日元,M,M2_OLD_EOP,BOJ,OFFICIAL,M2_OLD_1955_1999,COMPARATIVE_ONLY(禁拼接),1977-11-15,REALTIME_ASSUMED,CONSERVATIVE_PROXY,OFFICIAL_NO_REV_AUDIT,conditional,true,true
1977-11-30,1977-11,1519046,1519046,亿日元,M,M2_OLD_EOP,BOJ,OFFICIAL,M2_OLD_1955_1999,COMPARATIVE_ONLY(禁拼接),1977-12-15,REALTIME_ASSUMED,CONSERVATIVE_PROXY,OFFICIAL_NO_REV_AUDIT,conditional,true,true
1977-12-31,1977-12,1580331,1580331,亿日元,M,M2_OLD_EOP,BOJ,OFFICIAL,M2_OLD_1955_1999,COMPARATIVE_ONLY(禁拼接),1978-01-15,REALTIME_ASSUMED,CONSERVATIVE_PROXY,OFFICIAL_NO_REV_AUDIT,conditional,true,true
1978-01-31,1978-01,1540400,1540400,亿日元,M,M2_OLD_EOP,BOJ,OFFICIAL,M2_OLD_1955_1999,COMPARATIVE_ONLY(禁拼接),1978-02-15,REALTIME_ASSUMED,CONSERVATIVE_PROXY,OFFICIAL_NO_REV_AUDIT,conditional,true,true
1978-02-28,1978-02,1545997,1545997,亿日元,M,M2_OLD_EOP,BOJ,OFFICIAL,M2_OLD_1955_1999,COMPARATIVE_ONLY(禁拼接),1978-03-15,REALTIME_ASSUMED,CONSERVATIVE_PROXY,OFFICIAL_NO_REV_AUDIT,conditional,true,true
1978-03-31,1978-03,1573318,1573318,亿日元,M,M2_OLD_EOP,BOJ,OFFICIAL,M2_OLD_1955_1999,COMPARATIVE_ONLY(禁拼接),1978-04-15,REALTIME_ASSUMED,CONSERVATIVE_PROXY,OFFICIAL_NO_REV_AUDIT,conditional,true,true
1978-04-30,1978-04,1611681,1611681,亿日元,M,M2_OLD_EOP,BOJ,OFFICIAL,M2_OLD_1955_1999,COMPARATIVE_ONLY(禁拼接),1978-05-15,REALTIME_ASSUMED,CONSERVATIVE_PROXY,OFFICIAL_NO_REV_AUDIT,conditional,true,true
1978-05-31,1978-05,1610412,1610412,亿日元,M,M2_OLD_EOP,BOJ,OFFICIAL,M2_OLD_1955_1999,COMPARATIVE_ONLY(禁拼接),1978-06-15,REALTIME_ASSUMED,CONSERVATIVE_PROXY,OFFICIAL_NO_REV_AUDIT,conditional,true,true
1978-06-30,1978-06,1650761,1650761,亿日元,M,M2_OLD_EOP,BOJ,OFFICIAL,M2_OLD_1955_1999,COMPARATIVE_ONLY(禁拼接),1978-07-15,REALTIME_ASSUMED,CONSERVATIVE_PROXY,OFFICIAL_NO_REV_AUDIT,conditional,true,true
1978-07-31,1978-07,1654894,1654894,亿日元,M,M2_OLD_EOP,BOJ,OFFICIAL,M2_OLD_1955_1999,COMPARATIVE_ONLY(禁拼接),1978-08-15,REALTIME_ASSUMED,CONSERVATIVE_PROXY,OFFICIAL_NO_REV_AUDIT,conditional,true,true
1978-08-31,1978-08,1653491,1653491,亿日元,M,M2_OLD_EOP,BOJ,OFFICIAL,M2_OLD_1955_1999,COMPARATIVE_ONLY(禁拼接),1978-09-15,REALTIME_ASSUMED,CONSERVATIVE_PROXY,OFFICIAL_NO_REV_AUDIT,conditional,true,true
1978-09-30,1978-09,1674617,1674617,亿日元,M,M2_OLD_EOP,BOJ,OFFICIAL,M2_OLD_1955_1999,COMPARATIVE_ONLY(禁拼接),1978-10-15,REALTIME_ASSUMED,CONSERVATIVE_PROXY,OFFICIAL_NO_REV_AUDIT,conditional,true,true
1978-10-31,1978-10,1672058,1672058,亿日元,M,M2_OLD_EOP,BOJ,OFFICIAL,M2_OLD_1955_1999,COMPARATIVE_ONLY(禁拼接),1978-11-15,REALTIME_ASSUMED,CONSERVATIVE_PROXY,OFFICIAL_NO_REV_AUDIT,conditional,true,true
1978-11-30,1978-11,1706690,1706690,亿日元,M,M2_OLD_EOP,BOJ,OFFICIAL,M2_OLD_1955_1999,COMPARATIVE_ONLY(禁拼接),1978-12-15,REALTIME_ASSUMED,CONSERVATIVE_PROXY,OFFICIAL_NO_REV_AUDIT,conditional,true,true
1978-12-31,1978-12,1787201,1787201,亿日元,M,M2_OLD_EOP,BOJ,OFFICIAL,M2_OLD_1955_1999,COMPARATIVE_ONLY(禁拼接),1979-01-15,REALTIME_ASSUMED,CONSERVATIVE_PROXY,OFFICIAL_NO_REV_AUDIT,conditional,true,true
1979-01-31,1979-01,1726038,1726038,亿日元,M,M2_OLD_EOP,BOJ,OFFICIAL,M2_OLD_1955_1999,COMPARATIVE_ONLY(禁拼接),1979-02-15,REALTIME_ASSUMED,CONSERVATIVE_PROXY,OFFICIAL_NO_REV_AUDIT,conditional,true,true
1979-02-28,1979-02,1732610,1732610,亿日元,M,M2_OLD_EOP,BOJ,OFFICIAL,M2_OLD_1955_1999,COMPARATIVE_ONLY(禁拼接),1979-03-15,REALTIME_ASSUMED,CONSERVATIVE_PROXY,OFFICIAL_NO_REV_AUDIT,conditional,true,true
1979-03-31,1979-03,1775875,1775875,亿日元,M,M2_OLD_EOP,BOJ,OFFICIAL,M2_OLD_1955_1999,COMPARATIVE_ONLY(禁拼接),1979-04-15,REALTIME_ASSUMED,CONSERVATIVE_PROXY,OFFICIAL_NO_REV_AUDIT,conditional,true,true
1979-04-30,1979-04,1816185,1816185,亿日元,M,M2_OLD_EOP,BOJ,OFFICIAL,M2_OLD_1955_1999,COMPARATIVE_ONLY(禁拼接),1979-05-15,REALTIME_ASSUMED,CONSERVATIVE_PROXY,OFFICIAL_NO_REV_AUDIT,conditional,true,true
1979-05-31,1979-05,1804698,1804698,亿日元,M,M2_OLD_EOP,BOJ,OFFICIAL,M2_OLD_1955_1999,COMPARATIVE_ONLY(禁拼接),1979-06-15,REALTIME_ASSUMED,CONSERVATIVE_PROXY,OFFICIAL_NO_REV_AUDIT,conditional,true,true
1979-06-30,1979-06,1844970,1844970,亿日元,M,M2_OLD_EOP,BOJ,OFFICIAL,M2_OLD_1955_1999,COMPARATIVE_ONLY(禁拼接),1979-07-15,REALTIME_ASSUMED,CONSERVATIVE_PROXY,OFFICIAL_NO_REV_AUDIT,conditional,true,true
1979-07-31,1979-07,1842272,1842272,亿日元,M,M2_OLD_EOP,BOJ,OFFICIAL,M2_OLD_1955_1999,COMPARATIVE_ONLY(禁拼接),1979-08-15,REALTIME_ASSUMED,CONSERVATIVE_PROXY,OFFICIAL_NO_REV_AUDIT,conditional,true,true
1979-08-31,1979-08,1843829,1843829,亿日元,M,M2_OLD_EOP,BOJ,OFFICIAL,M2_OLD_1955_1999,COMPARATIVE_ONLY(禁拼接),1979-09-15,REALTIME_ASSUMED,CONSERVATIVE_PROXY,OFFICIAL_NO_REV_AUDIT,conditional,true,true
1979-09-30,1979-09,1877943,1877943,亿日元,M,M2_OLD_EOP,BOJ,OFFICIAL,M2_OLD_1955_1999,COMPARATIVE_ONLY(禁拼接),1979-10-15,REALTIME_ASSUMED,CONSERVATIVE_PROXY,OFFICIAL_NO_REV_AUDIT,conditional,true,true
1979-10-31,1979-10,1855456,1855456,亿日元,M,M2_OLD_EOP,BOJ,OFFICIAL,M2_OLD_1955_1999,COMPARATIVE_ONLY(禁拼接),1979-11-15,REALTIME_ASSUMED,CONSERVATIVE_PROXY,OFFICIAL_NO_REV_AUDIT,conditional,true,true
1979-11-30,1979-11,1886783,1886783,亿日元,M,M2_OLD_EOP,BOJ,OFFICIAL,M2_OLD_1955_1999,COMPARATIVE_ONLY(禁拼接),1979-12-15,REALTIME_ASSUMED,CONSERVATIVE_PROXY,OFFICIAL_NO_REV_AUDIT,conditional,true,true
1979-12-31,1979-12,1950129,1950129,亿日元,M,M2_OLD_EOP,BOJ,OFFICIAL,M2_OLD_1955_1999,COMPARATIVE_ONLY(禁拼接),1980-01-15,REALTIME_ASSUMED,CONSERVATIVE_PROXY,OFFICIAL_NO_REV_AUDIT,conditional,true,true
1980-01-31,1980-01,1900330,1900330,亿日元,M,M2_OLD_EOP,BOJ,OFFICIAL,M2_OLD_1955_1999,COMPARATIVE_ONLY(禁拼接),1980-02-15,REALTIME_ASSUMED,CONSERVATIVE_PROXY,OFFICIAL_NO_REV_AUDIT,conditional,true,true
1980-02-29,1980-02,1909564,1909564,亿日元,M,M2_OLD_EOP,BOJ,OFFICIAL,M2_OLD_1955_1999,COMPARATIVE_ONLY(禁拼接),1980-03-15,REALTIME_ASSUMED,CONSERVATIVE_PROXY,OFFICIAL_NO_REV_AUDIT,conditional,true,true
1980-03-31,1980-03,1947349,1947349,亿日元,M,M2_OLD_EOP,BOJ,OFFICIAL,M2_OLD_1955_1999,COMPARATIVE_ONLY(禁拼接),1980-04-15,REALTIME_ASSUMED,CONSERVATIVE_PROXY,OFFICIAL_NO_REV_AUDIT,conditional,true,true
1980-04-30,1980-04,1980302,1980302,亿日元,M,M2_OLD_EOP,BOJ,OFFICIAL,M2_OLD_1955_1999,COMPARATIVE_ONLY(禁拼接),1980-05-15,REALTIME_ASSUMED,CONSERVATIVE_PROXY,OFFICIAL_NO_REV_AUDIT,conditional,true,true
1980-05-31,1980-05,1968994,1968994,亿日元,M,M2_OLD_EOP,BOJ,OFFICIAL,M2_OLD_1955_1999,COMPARATIVE_ONLY(禁拼接),1980-06-15,REALTIME_ASSUMED,CONSERVATIVE_PROXY,OFFICIAL_NO_REV_AUDIT,conditional,true,true
1980-06-30,1980-06,2002504,2002504,亿日元,M,M2_OLD_EOP,BOJ,OFFICIAL,M2_OLD_1955_1999,COMPARATIVE_ONLY(禁拼接),1980-07-15,REALTIME_ASSUMED,CONSERVATIVE_PROXY,OFFICIAL_NO_REV_AUDIT,conditional,true,true
1980-07-31,1980-07,1989731,1989731,亿日元,M,M2_OLD_EOP,BOJ,OFFICIAL,M2_OLD_1955_1999,COMPARATIVE_ONLY(禁拼接),1980-08-15,REALTIME_ASSUMED,CONSERVATIVE_PROXY,OFFICIAL_NO_REV_AUDIT,conditional,true,true
1980-08-31,1980-08,2007671,2007671,亿日元,M,M2_OLD_EOP,BOJ,OFFICIAL,M2_OLD_1955_1999,COMPARATIVE_ONLY(禁拼接),1980-09-15,REALTIME_ASSUMED,CONSERVATIVE_PROXY,OFFICIAL_NO_REV_AUDIT,conditional,true,true
1980-09-30,1980-09,1992380,1992380,亿日元,M,M2_OLD_EOP,BOJ,OFFICIAL,M2_OLD_1955_1999,COMPARATIVE_ONLY(禁拼接),1980-10-15,REALTIME_ASSUMED,CONSERVATIVE_PROXY,OFFICIAL_NO_REV_AUDIT,conditional,true,true
1980-10-31,1980-10,1989719,1989719,亿日元,M,M2_OLD_EOP,BOJ,OFFICIAL,M2_OLD_1955_1999,COMPARATIVE_ONLY(禁拼接),1980-11-15,REALTIME_ASSUMED,CONSERVATIVE_PROXY,OFFICIAL_NO_REV_AUDIT,conditional,true,true
1980-11-30,1980-11,2047809,2047809,亿日元,M,M2_OLD_EOP,BOJ,OFFICIAL,M2_OLD_1955_1999,COMPARATIVE_ONLY(禁拼接),1980-12-15,REALTIME_ASSUMED,CONSERVATIVE_PROXY,OFFICIAL_NO_REV_AUDIT,conditional,true,true
1980-12-31,1980-12,2089859,2089859,亿日元,M,M2_OLD_EOP,BOJ,OFFICIAL,M2_OLD_1955_1999,COMPARATIVE_ONLY(禁拼接),1981-01-15,REALTIME_ASSUMED,CONSERVATIVE_PROXY,OFFICIAL_NO_REV_AUDIT,conditional,true,true
1981-01-31,1981-01,2037555,2037555,亿日元,M,M2_OLD_EOP,BOJ,OFFICIAL,M2_OLD_1955_1999,COMPARATIVE_ONLY(禁拼接),1981-02-15,REALTIME_ASSUMED,CONSERVATIVE_PROXY,OFFICIAL_NO_REV_AUDIT,conditional,true,true
1981-02-28,1981-02,2050050,2050050,亿日元,M,M2_OLD_EOP,BOJ,OFFICIAL,M2_OLD_1955_1999,COMPARATIVE_ONLY(禁拼接),1981-03-15,REALTIME_ASSUMED,CONSERVATIVE_PROXY,OFFICIAL_NO_REV_AUDIT,conditional,true,true
1981-03-31,1981-03,2080974,2080974,亿日元,M,M2_OLD_EOP,BOJ,OFFICIAL,M2_OLD_1955_1999,COMPARATIVE_ONLY(禁拼接),1981-04-15,REALTIME_ASSUMED,CONSERVATIVE_PROXY,OFFICIAL_NO_REV_AUDIT,conditional,true,true
1981-04-30,1981-04,2121138,2121138,亿日元,M,M2_OLD_EOP,BOJ,OFFICIAL,M2_OLD_1955_1999,COMPARATIVE_ONLY(禁拼接),1981-05-15,REALTIME_ASSUMED,CONSERVATIVE_PROXY,OFFICIAL_NO_REV_AUDIT,conditional,true,true
1981-05-31,1981-05,2163260,2163260,亿日元,M,M2_OLD_EOP,BOJ,OFFICIAL,M2_OLD_1955_1999,COMPARATIVE_ONLY(禁拼接),1981-06-15,REALTIME_ASSUMED,CONSERVATIVE_PROXY,OFFICIAL_NO_REV_AUDIT,conditional,true,true
1981-06-30,1981-06,2177919,2177919,亿日元,M,M2_OLD_EOP,BOJ,OFFICIAL,M2_OLD_1955_1999,COMPARATIVE_ONLY(禁拼接),1981-07-15,REALTIME_ASSUMED,CONSERVATIVE_PROXY,OFFICIAL_NO_REV_AUDIT,conditional,true,true
1981-07-31,1981-07,2177699,2177699,亿日元,M,M2_OLD_EOP,BOJ,OFFICIAL,M2_OLD_1955_1999,COMPARATIVE_ONLY(禁拼接),1981-08-15,REALTIME_ASSUMED,CONSERVATIVE_PROXY,OFFICIAL_NO_REV_AUDIT,conditional,true,true
1981-08-31,1981-08,2178856,2178856,亿日元,M,M2_OLD_EOP,BOJ,OFFICIAL,M2_OLD_1955_1999,COMPARATIVE_ONLY(禁拼接),1981-09-15,REALTIME_ASSUMED,CONSERVATIVE_PROXY,OFFICIAL_NO_REV_AUDIT,conditional,true,true
1981-09-30,1981-09,2192005,2192005,亿日元,M,M2_OLD_EOP,BOJ,OFFICIAL,M2_OLD_1955_1999,COMPARATIVE_ONLY(禁拼接),1981-10-15,REALTIME_ASSUMED,CONSERVATIVE_PROXY,OFFICIAL_NO_REV_AUDIT,conditional,true,true
1981-10-31,1981-10,2203118,2203118,亿日元,M,M2_OLD_EOP,BOJ,OFFICIAL,M2_OLD_1955_1999,COMPARATIVE_ONLY(禁拼接),1981-11-15,REALTIME_ASSUMED,CONSERVATIVE_PROXY,OFFICIAL_NO_REV_AUDIT,conditional,true,true
1981-11-30,1981-11,2241058,2241058,亿日元,M,M2_OLD_EOP,BOJ,OFFICIAL,M2_OLD_1955_1999,COMPARATIVE_ONLY(禁拼接),1981-12-15,REALTIME_ASSUMED,CONSERVATIVE_PROXY,OFFICIAL_NO_REV_AUDIT,conditional,true,true
1981-12-31,1981-12,2320417,2320417,亿日元,M,M2_OLD_EOP,BOJ,OFFICIAL,M2_OLD_1955_1999,COMPARATIVE_ONLY(禁拼接),1982-01-15,REALTIME_ASSUMED,CONSERVATIVE_PROXY,OFFICIAL_NO_REV_AUDIT,conditional,true,true
1982-01-31,1982-01,2286658,2286658,亿日元,M,M2_OLD_EOP,BOJ,OFFICIAL,M2_OLD_1955_1999,COMPARATIVE_ONLY(禁拼接),1982-02-15,REALTIME_ASSUMED,CONSERVATIVE_PROXY,OFFICIAL_NO_REV_AUDIT,conditional,true,true
1982-02-28,1982-02,2302873,2302873,亿日元,M,M2_OLD_EOP,BOJ,OFFICIAL,M2_OLD_1955_1999,COMPARATIVE_ONLY(禁拼接),1982-03-15,REALTIME_ASSUMED,CONSERVATIVE_PROXY,OFFICIAL_NO_REV_AUDIT,conditional,true,true
1982-03-31,1982-03,2304857,2304857,亿日元,M,M2_OLD_EOP,BOJ,OFFICIAL,M2_OLD_1955_1999,COMPARATIVE_ONLY(禁拼接),1982-04-15,REALTIME_ASSUMED,CONSERVATIVE_PROXY,OFFICIAL_NO_REV_AUDIT,conditional,true,true
1982-04-30,1982-04,2328930,2328930,亿日元,M,M2_OLD_EOP,BOJ,OFFICIAL,M2_OLD_1955_1999,COMPARATIVE_ONLY(禁拼接),1982-05-15,REALTIME_ASSUMED,CONSERVATIVE_PROXY,OFFICIAL_NO_REV_AUDIT,conditional,true,true
1982-05-31,1982-05,2328536,2328536,亿日元,M,M2_OLD_EOP,BOJ,OFFICIAL,M2_OLD_1955_1999,COMPARATIVE_ONLY(禁拼接),1982-06-15,REALTIME_ASSUMED,CONSERVATIVE_PROXY,OFFICIAL_NO_REV_AUDIT,conditional,true,true
1982-06-30,1982-06,2380280,2380280,亿日元,M,M2_OLD_EOP,BOJ,OFFICIAL,M2_OLD_1955_1999,COMPARATIVE_ONLY(禁拼接),1982-07-15,REALTIME_ASSUMED,CONSERVATIVE_PROXY,OFFICIAL_NO_REV_AUDIT,conditional,true,true
1982-07-31,1982-07,2375855,2375855,亿日元,M,M2_OLD_EOP,BOJ,OFFICIAL,M2_OLD_1955_1999,COMPARATIVE_ONLY(禁拼接),1982-08-15,REALTIME_ASSUMED,CONSERVATIVE_PROXY,OFFICIAL_NO_REV_AUDIT,conditional,true,true
1982-08-31,1982-08,2372852,2372852,亿日元,M,M2_OLD_EOP,BOJ,OFFICIAL,M2_OLD_1955_1999,COMPARATIVE_ONLY(禁拼接),1982-09-15,REALTIME_ASSUMED,CONSERVATIVE_PROXY,OFFICIAL_NO_REV_AUDIT,conditional,true,true
1982-09-30,1982-09,2402298,2402298,亿日元,M,M2_OLD_EOP,BOJ,OFFICIAL,M2_OLD_1955_1999,COMPARATIVE_ONLY(禁拼接),1982-10-15,REALTIME_ASSUMED,CONSERVATIVE_PROXY,OFFICIAL_NO_REV_AUDIT,conditional,true,true
1982-10-31,1982-10,2405926,2405926,亿日元,M,M2_OLD_EOP,BOJ,OFFICIAL,M2_OLD_1955_1999,COMPARATIVE_ONLY(禁拼接),1982-11-15,REALTIME_ASSUMED,CONSERVATIVE_PROXY,OFFICIAL_NO_REV_AUDIT,conditional,true,true
1982-11-30,1982-11,2413116,2413116,亿日元,M,M2_OLD_EOP,BOJ,OFFICIAL,M2_OLD_1955_1999,COMPARATIVE_ONLY(禁拼接),1982-12-15,REALTIME_ASSUMED,CONSERVATIVE_PROXY,OFFICIAL_NO_REV_AUDIT,conditional,true,true
1982-12-31,1982-12,2504661,2504661,亿日元,M,M2_OLD_EOP,BOJ,OFFICIAL,M2_OLD_1955_1999,COMPARATIVE_ONLY(禁拼接),1983-01-15,REALTIME_ASSUMED,CONSERVATIVE_PROXY,OFFICIAL_NO_REV_AUDIT,conditional,true,true
1983-01-31,1983-01,2432180,2432180,亿日元,M,M2_OLD_EOP,BOJ,OFFICIAL,M2_OLD_1955_1999,COMPARATIVE_ONLY(禁拼接),1983-02-15,REALTIME_ASSUMED,CONSERVATIVE_PROXY,OFFICIAL_NO_REV_AUDIT,conditional,true,true
1983-02-28,1983-02,2442252,2442252,亿日元,M,M2_OLD_EOP,BOJ,OFFICIAL,M2_OLD_1955_1999,COMPARATIVE_ONLY(禁拼接),1983-03-15,REALTIME_ASSUMED,CONSERVATIVE_PROXY,OFFICIAL_NO_REV_AUDIT,conditional,true,true
1983-03-31,1983-03,2479265,2479265,亿日元,M,M2_OLD_EOP,BOJ,OFFICIAL,M2_OLD_1955_1999,COMPARATIVE_ONLY(禁拼接),1983-04-15,REALTIME_ASSUMED,CONSERVATIVE_PROXY,OFFICIAL_NO_REV_AUDIT,conditional,true,true
1983-04-30,1983-04,2494974,2494974,亿日元,M,M2_OLD_EOP,BOJ,OFFICIAL,M2_OLD_1955_1999,COMPARATIVE_ONLY(禁拼接),1983-05-15,REALTIME_ASSUMED,CONSERVATIVE_PROXY,OFFICIAL_NO_REV_AUDIT,conditional,true,true
1983-05-31,1983-05,2506097,2506097,亿日元,M,M2_OLD_EOP,BOJ,OFFICIAL,M2_OLD_1955_1999,COMPARATIVE_ONLY(禁拼接),1983-06-15,REALTIME_ASSUMED,CONSERVATIVE_PROXY,OFFICIAL_NO_REV_AUDIT,conditional,true,true
1983-06-30,1983-06,2557522,2557522,亿日元,M,M2_OLD_EOP,BOJ,OFFICIAL,M2_OLD_1955_1999,COMPARATIVE_ONLY(禁拼接),1983-07-15,REALTIME_ASSUMED,CONSERVATIVE_PROXY,OFFICIAL_NO_REV_AUDIT,conditional,true,true
1983-07-31,1983-07,2573807,2573807,亿日元,M,M2_OLD_EOP,BOJ,OFFICIAL,M2_OLD_1955_1999,COMPARATIVE_ONLY(禁拼接),1983-08-15,REALTIME_ASSUMED,CONSERVATIVE_PROXY,OFFICIAL_NO_REV_AUDIT,conditional,true,true
1983-08-31,1983-08,2545269,2545269,亿日元,M,M2_OLD_EOP,BOJ,OFFICIAL,M2_OLD_1955_1999,COMPARATIVE_ONLY(禁拼接),1983-09-15,REALTIME_ASSUMED,CONSERVATIVE_PROXY,OFFICIAL_NO_REV_AUDIT,conditional,true,true
1983-09-30,1983-09,2572365,2572365,亿日元,M,M2_OLD_EOP,BOJ,OFFICIAL,M2_OLD_1955_1999,COMPARATIVE_ONLY(禁拼接),1983-10-15,REALTIME_ASSUMED,CONSERVATIVE_PROXY,OFFICIAL_NO_REV_AUDIT,conditional,true,true
1983-10-31,1983-10,2548335,2548335,亿日元,M,M2_OLD_EOP,BOJ,OFFICIAL,M2_OLD_1955_1999,COMPARATIVE_ONLY(禁拼接),1983-11-15,REALTIME_ASSUMED,CONSERVATIVE_PROXY,OFFICIAL_NO_REV_AUDIT,conditional,true,true
1983-11-30,1983-11,2586665,2586665,亿日元,M,M2_OLD_EOP,BOJ,OFFICIAL,M2_OLD_1955_1999,COMPARATIVE_ONLY(禁拼接),1983-12-15,REALTIME_ASSUMED,CONSERVATIVE_PROXY,OFFICIAL_NO_REV_AUDIT,conditional,true,true
1983-12-31,1983-12,2686928,2686928,亿日元,M,M2_OLD_EOP,BOJ,OFFICIAL,M2_OLD_1955_1999,COMPARATIVE_ONLY(禁拼接),1984-01-15,REALTIME_ASSUMED,CONSERVATIVE_PROXY,OFFICIAL_NO_REV_AUDIT,conditional,true,true
1984-01-31,1984-01,2615759,2615759,亿日元,M,M2_OLD_EOP,BOJ,OFFICIAL,M2_OLD_1955_1999,COMPARATIVE_ONLY(禁拼接),1984-02-15,REALTIME_ASSUMED,CONSERVATIVE_PROXY,OFFICIAL_NO_REV_AUDIT,conditional,true,true
1984-02-29,1984-02,2637406,2637406,亿日元,M,M2_OLD_EOP,BOJ,OFFICIAL,M2_OLD_1955_1999,COMPARATIVE_ONLY(禁拼接),1984-03-15,REALTIME_ASSUMED,CONSERVATIVE_PROXY,OFFICIAL_NO_REV_AUDIT,conditional,true,true
1984-03-31,1984-03,2671724,2671724,亿日元,M,M2_OLD_EOP,BOJ,OFFICIAL,M2_OLD_1955_1999,COMPARATIVE_ONLY(禁拼接),1984-04-15,REALTIME_ASSUMED,CONSERVATIVE_PROXY,OFFICIAL_NO_REV_AUDIT,conditional,true,true
1984-04-30,1984-04,2706918,2706918,亿日元,M,M2_OLD_EOP,BOJ,OFFICIAL,M2_OLD_1955_1999,COMPARATIVE_ONLY(禁拼接),1984-05-15,REALTIME_ASSUMED,CONSERVATIVE_PROXY,OFFICIAL_NO_REV_AUDIT,conditional,true,true
1984-05-31,1984-05,2690100,2690100,亿日元,M,M2_OLD_EOP,BOJ,OFFICIAL,M2_OLD_1955_1999,COMPARATIVE_ONLY(禁拼接),1984-06-15,REALTIME_ASSUMED,CONSERVATIVE_PROXY,OFFICIAL_NO_REV_AUDIT,conditional,true,true
1984-06-30,1984-06,2747511,2747511,亿日元,M,M2_OLD_EOP,BOJ,OFFICIAL,M2_OLD_1955_1999,COMPARATIVE_ONLY(禁拼接),1984-07-15,REALTIME_ASSUMED,CONSERVATIVE_PROXY,OFFICIAL_NO_REV_AUDIT,conditional,true,true
1984-07-31,1984-07,2737034,2737034,亿日元,M,M2_OLD_EOP,BOJ,OFFICIAL,M2_OLD_1955_1999,COMPARATIVE_ONLY(禁拼接),1984-08-15,REALTIME_ASSUMED,CONSERVATIVE_PROXY,OFFICIAL_NO_REV_AUDIT,conditional,true,true
1984-08-31,1984-08,2736666,2736666,亿日元,M,M2_OLD_EOP,BOJ,OFFICIAL,M2_OLD_1955_1999,COMPARATIVE_ONLY(禁拼接),1984-09-15,REALTIME_ASSUMED,CONSERVATIVE_PROXY,OFFICIAL_NO_REV_AUDIT,conditional,true,true
1984-09-30,1984-09,2793213,2793213,亿日元,M,M2_OLD_EOP,BOJ,OFFICIAL,M2_OLD_1955_1999,COMPARATIVE_ONLY(禁拼接),1984-10-15,REALTIME_ASSUMED,CONSERVATIVE_PROXY,OFFICIAL_NO_REV_AUDIT,conditional,true,true
1984-10-31,1984-10,2748456,2748456,亿日元,M,M2_OLD_EOP,BOJ,OFFICIAL,M2_OLD_1955_1999,COMPARATIVE_ONLY(禁拼接),1984-11-15,REALTIME_ASSUMED,CONSERVATIVE_PROXY,OFFICIAL_NO_REV_AUDIT,conditional,true,true
1984-11-30,1984-11,2788752,2788752,亿日元,M,M2_OLD_EOP,BOJ,OFFICIAL,M2_OLD_1955_1999,COMPARATIVE_ONLY(禁拼接),1984-12-15,REALTIME_ASSUMED,CONSERVATIVE_PROXY,OFFICIAL_NO_REV_AUDIT,conditional,true,true
1984-12-31,1984-12,2897142,2897142,亿日元,M,M2_OLD_EOP,BOJ,OFFICIAL,M2_OLD_1955_1999,COMPARATIVE_ONLY(禁拼接),1985-01-15,REALTIME_ASSUMED,CONSERVATIVE_PROXY,OFFICIAL_NO_REV_AUDIT,conditional,true,true
1985-01-31,1985-01,2819131,2819131,亿日元,M,M2_OLD_EOP,BOJ,OFFICIAL,M2_OLD_1955_1999,COMPARATIVE_ONLY(禁拼接),1985-02-15,REALTIME_ASSUMED,CONSERVATIVE_PROXY,OFFICIAL_NO_REV_AUDIT,conditional,true,true
1985-02-28,1985-02,2841031,2841031,亿日元,M,M2_OLD_EOP,BOJ,OFFICIAL,M2_OLD_1955_1999,COMPARATIVE_ONLY(禁拼接),1985-03-15,REALTIME_ASSUMED,CONSERVATIVE_PROXY,OFFICIAL_NO_REV_AUDIT,conditional,true,true
1985-03-31,1985-03,2916096,2916096,亿日元,M,M2_OLD_EOP,BOJ,OFFICIAL,M2_OLD_1955_1999,COMPARATIVE_ONLY(禁拼接),1985-04-15,REALTIME_ASSUMED,CONSERVATIVE_PROXY,OFFICIAL_NO_REV_AUDIT,conditional,true,true
1985-04-30,1985-04,2907561,2907561,亿日元,M,M2_OLD_EOP,BOJ,OFFICIAL,M2_OLD_1955_1999,COMPARATIVE_ONLY(禁拼接),1985-05-15,REALTIME_ASSUMED,CONSERVATIVE_PROXY,OFFICIAL_NO_REV_AUDIT,conditional,true,true
1985-05-31,1985-05,2905188,2905188,亿日元,M,M2_OLD_EOP,BOJ,OFFICIAL,M2_OLD_1955_1999,COMPARATIVE_ONLY(禁拼接),1985-06-15,REALTIME_ASSUMED,CONSERVATIVE_PROXY,OFFICIAL_NO_REV_AUDIT,conditional,true,true
1985-06-30,1985-06,2997565,2997565,亿日元,M,M2_OLD_EOP,BOJ,OFFICIAL,M2_OLD_1955_1999,COMPARATIVE_ONLY(禁拼接),1985-07-15,REALTIME_ASSUMED,CONSERVATIVE_PROXY,OFFICIAL_NO_REV_AUDIT,conditional,true,true
1985-07-31,1985-07,2962860,2962860,亿日元,M,M2_OLD_EOP,BOJ,OFFICIAL,M2_OLD_1955_1999,COMPARATIVE_ONLY(禁拼接),1985-08-15,REALTIME_ASSUMED,CONSERVATIVE_PROXY,OFFICIAL_NO_REV_AUDIT,conditional,true,true
1985-08-31,1985-08,2961046,2961046,亿日元,M,M2_OLD_EOP,BOJ,OFFICIAL,M2_OLD_1955_1999,COMPARATIVE_ONLY(禁拼接),1985-09-15,REALTIME_ASSUMED,CONSERVATIVE_PROXY,OFFICIAL_NO_REV_AUDIT,conditional,true,true
1985-09-30,1985-09,2989044,2989044,亿日元,M,M2_OLD_EOP,BOJ,OFFICIAL,M2_OLD_1955_1999,COMPARATIVE_ONLY(禁拼接),1985-10-15,REALTIME_ASSUMED,CONSERVATIVE_PROXY,OFFICIAL_NO_REV_AUDIT,conditional,true,true
1985-10-31,1985-10,2978122,2978122,亿日元,M,M2_OLD_EOP,BOJ,OFFICIAL,M2_OLD_1955_1999,COMPARATIVE_ONLY(禁拼接),1985-11-15,REALTIME_ASSUMED,CONSERVATIVE_PROXY,OFFICIAL_NO_REV_AUDIT,conditional,true,true
1985-11-30,1985-11,3035321,3035321,亿日元,M,M2_OLD_EOP,BOJ,OFFICIAL,M2_OLD_1955_1999,COMPARATIVE_ONLY(禁拼接),1985-12-15,REALTIME_ASSUMED,CONSERVATIVE_PROXY,OFFICIAL_NO_REV_AUDIT,conditional,true,true
1985-12-31,1985-12,3149388,3149388,亿日元,M,M2_OLD_EOP,BOJ,OFFICIAL,M2_OLD_1955_1999,COMPARATIVE_ONLY(禁拼接),1986-01-15,REALTIME_ASSUMED,CONSERVATIVE_PROXY,OFFICIAL_NO_REV_AUDIT,conditional,true,true
1986-01-31,1986-01,3067112,3067112,亿日元,M,M2_OLD_EOP,BOJ,OFFICIAL,M2_OLD_1955_1999,COMPARATIVE_ONLY(禁拼接),1986-02-15,REALTIME_ASSUMED,CONSERVATIVE_PROXY,OFFICIAL_NO_REV_AUDIT,conditional,true,true
1986-02-28,1986-02,3089814,3089814,亿日元,M,M2_OLD_EOP,BOJ,OFFICIAL,M2_OLD_1955_1999,COMPARATIVE_ONLY(禁拼接),1986-03-15,REALTIME_ASSUMED,CONSERVATIVE_PROXY,OFFICIAL_NO_REV_AUDIT,conditional,true,true
1986-03-31,1986-03,3138933,3138933,亿日元,M,M2_OLD_EOP,BOJ,OFFICIAL,M2_OLD_1955_1999,COMPARATIVE_ONLY(禁拼接),1986-04-15,REALTIME_ASSUMED,CONSERVATIVE_PROXY,OFFICIAL_NO_REV_AUDIT,conditional,true,true
1986-04-30,1986-04,3140779,3140779,亿日元,M,M2_OLD_EOP,BOJ,OFFICIAL,M2_OLD_1955_1999,COMPARATIVE_ONLY(禁拼接),1986-05-15,REALTIME_ASSUMED,CONSERVATIVE_PROXY,OFFICIAL_NO_REV_AUDIT,conditional,true,true
1986-05-31,1986-05,3142760,3142760,亿日元,M,M2_OLD_EOP,BOJ,OFFICIAL,M2_OLD_1955_1999,COMPARATIVE_ONLY(禁拼接),1986-06-15,REALTIME_ASSUMED,CONSERVATIVE_PROXY,OFFICIAL_NO_REV_AUDIT,conditional,true,true
1986-06-30,1986-06,3230762,3230762,亿日元,M,M2_OLD_EOP,BOJ,OFFICIAL,M2_OLD_1955_1999,COMPARATIVE_ONLY(禁拼接),1986-07-15,REALTIME_ASSUMED,CONSERVATIVE_PROXY,OFFICIAL_NO_REV_AUDIT,conditional,true,true
1986-07-31,1986-07,3220088,3220088,亿日元,M,M2_OLD_EOP,BOJ,OFFICIAL,M2_OLD_1955_1999,COMPARATIVE_ONLY(禁拼接),1986-08-15,REALTIME_ASSUMED,CONSERVATIVE_PROXY,OFFICIAL_NO_REV_AUDIT,conditional,true,true
1986-08-31,1986-08,3259573,3259573,亿日元,M,M2_OLD_EOP,BOJ,OFFICIAL,M2_OLD_1955_1999,COMPARATIVE_ONLY(禁拼接),1986-09-15,REALTIME_ASSUMED,CONSERVATIVE_PROXY,OFFICIAL_NO_REV_AUDIT,conditional,true,true
1986-09-30,1986-09,3230603,3230603,亿日元,M,M2_OLD_EOP,BOJ,OFFICIAL,M2_OLD_1955_1999,COMPARATIVE_ONLY(禁拼接),1986-10-15,REALTIME_ASSUMED,CONSERVATIVE_PROXY,OFFICIAL_NO_REV_AUDIT,conditional,true,true
1986-10-31,1986-10,3243305,3243305,亿日元,M,M2_OLD_EOP,BOJ,OFFICIAL,M2_OLD_1955_1999,COMPARATIVE_ONLY(禁拼接),1986-11-15,REALTIME_ASSUMED,CONSERVATIVE_PROXY,OFFICIAL_NO_REV_AUDIT,conditional,true,true
1986-11-30,1986-11,3339794,3339794,亿日元,M,M2_OLD_EOP,BOJ,OFFICIAL,M2_OLD_1955_1999,COMPARATIVE_ONLY(禁拼接),1986-12-15,REALTIME_ASSUMED,CONSERVATIVE_PROXY,OFFICIAL_NO_REV_AUDIT,conditional,true,true
1986-12-31,1986-12,3438875,3438875,亿日元,M,M2_OLD_EOP,BOJ,OFFICIAL,M2_OLD_1955_1999,COMPARATIVE_ONLY(禁拼接),1987-01-15,REALTIME_ASSUMED,CONSERVATIVE_PROXY,OFFICIAL_NO_REV_AUDIT,conditional,true,true
1987-01-31,1987-01,3340317,3340317,亿日元,M,M2_OLD_EOP,BOJ,OFFICIAL,M2_OLD_1955_1999,COMPARATIVE_ONLY(禁拼接),1987-02-15,REALTIME_ASSUMED,CONSERVATIVE_PROXY,OFFICIAL_NO_REV_AUDIT,conditional,true,true
1987-02-28,1987-02,3370299,3370299,亿日元,M,M2_OLD_EOP,BOJ,OFFICIAL,M2_OLD_1955_1999,COMPARATIVE_ONLY(禁拼接),1987-03-15,REALTIME_ASSUMED,CONSERVATIVE_PROXY,OFFICIAL_NO_REV_AUDIT,conditional,true,true
1987-03-31,1987-03,3418603,3418603,亿日元,M,M2_OLD_EOP,BOJ,OFFICIAL,M2_OLD_1955_1999,COMPARATIVE_ONLY(禁拼接),1987-04-15,REALTIME_ASSUMED,CONSERVATIVE_PROXY,OFFICIAL_NO_REV_AUDIT,conditional,true,true
1987-04-30,1987-04,3461782,3461782,亿日元,M,M2_OLD_EOP,BOJ,OFFICIAL,M2_OLD_1955_1999,COMPARATIVE_ONLY(禁拼接),1987-05-15,REALTIME_ASSUMED,CONSERVATIVE_PROXY,OFFICIAL_NO_REV_AUDIT,conditional,true,true
1987-05-31,1987-05,3513117,3513117,亿日元,M,M2_OLD_EOP,BOJ,OFFICIAL,M2_OLD_1955_1999,COMPARATIVE_ONLY(禁拼接),1987-06-15,REALTIME_ASSUMED,CONSERVATIVE_PROXY,OFFICIAL_NO_REV_AUDIT,conditional,true,true
1987-06-30,1987-06,3553663,3553663,亿日元,M,M2_OLD_EOP,BOJ,OFFICIAL,M2_OLD_1955_1999,COMPARATIVE_ONLY(禁拼接),1987-07-15,REALTIME_ASSUMED,CONSERVATIVE_PROXY,OFFICIAL_NO_REV_AUDIT,conditional,true,true
1987-07-31,1987-07,3578277,3578277,亿日元,M,M2_OLD_EOP,BOJ,OFFICIAL,M2_OLD_1955_1999,COMPARATIVE_ONLY(禁拼接),1987-08-15,REALTIME_ASSUMED,CONSERVATIVE_PROXY,OFFICIAL_NO_REV_AUDIT,conditional,true,true
1987-08-31,1987-08,3574091,3574091,亿日元,M,M2_OLD_EOP,BOJ,OFFICIAL,M2_OLD_1955_1999,COMPARATIVE_ONLY(禁拼接),1987-09-15,REALTIME_ASSUMED,CONSERVATIVE_PROXY,OFFICIAL_NO_REV_AUDIT,conditional,true,true
1987-09-30,1987-09,3581739,3581739,亿日元,M,M2_OLD_EOP,BOJ,OFFICIAL,M2_OLD_1955_1999,COMPARATIVE_ONLY(禁拼接),1987-10-15,REALTIME_ASSUMED,CONSERVATIVE_PROXY,OFFICIAL_NO_REV_AUDIT,conditional,true,true
1987-10-31,1987-10,3626398,3626398,亿日元,M,M2_OLD_EOP,BOJ,OFFICIAL,M2_OLD_1955_1999,COMPARATIVE_ONLY(禁拼接),1987-11-15,REALTIME_ASSUMED,CONSERVATIVE_PROXY,OFFICIAL_NO_REV_AUDIT,conditional,true,true
1987-11-30,1987-11,3667137,3667137,亿日元,M,M2_OLD_EOP,BOJ,OFFICIAL,M2_OLD_1955_1999,COMPARATIVE_ONLY(禁拼接),1987-12-15,REALTIME_ASSUMED,CONSERVATIVE_PROXY,OFFICIAL_NO_REV_AUDIT,conditional,true,true
1987-12-31,1987-12,3808673,3808673,亿日元,M,M2_OLD_EOP,BOJ,OFFICIAL,M2_OLD_1955_1999,COMPARATIVE_ONLY(禁拼接),1988-01-15,REALTIME_ASSUMED,CONSERVATIVE_PROXY,OFFICIAL_NO_REV_AUDIT,conditional,true,true
1988-01-31,1988-01,3776302,3776302,亿日元,M,M2_OLD_EOP,BOJ,OFFICIAL,M2_OLD_1955_1999,COMPARATIVE_ONLY(禁拼接),1988-02-15,REALTIME_ASSUMED,CONSERVATIVE_PROXY,OFFICIAL_NO_REV_AUDIT,conditional,true,true
1988-02-29,1988-02,3770894,3770894,亿日元,M,M2_OLD_EOP,BOJ,OFFICIAL,M2_OLD_1955_1999,COMPARATIVE_ONLY(禁拼接),1988-03-15,REALTIME_ASSUMED,CONSERVATIVE_PROXY,OFFICIAL_NO_REV_AUDIT,conditional,true,true
1988-03-31,1988-03,3809953,3809953,亿日元,M,M2_OLD_EOP,BOJ,OFFICIAL,M2_OLD_1955_1999,COMPARATIVE_ONLY(禁拼接),1988-04-15,REALTIME_ASSUMED,CONSERVATIVE_PROXY,OFFICIAL_NO_REV_AUDIT,conditional,true,true
1988-04-30,1988-04,3846124,3846124,亿日元,M,M2_OLD_EOP,BOJ,OFFICIAL,M2_OLD_1955_1999,COMPARATIVE_ONLY(禁拼接),1988-05-15,REALTIME_ASSUMED,CONSERVATIVE_PROXY,OFFICIAL_NO_REV_AUDIT,conditional,true,true
1988-05-31,1988-05,3846659,3846659,亿日元,M,M2_OLD_EOP,BOJ,OFFICIAL,M2_OLD_1955_1999,COMPARATIVE_ONLY(禁拼接),1988-06-15,REALTIME_ASSUMED,CONSERVATIVE_PROXY,OFFICIAL_NO_REV_AUDIT,conditional,true,true
1988-06-30,1988-06,3944555,3944555,亿日元,M,M2_OLD_EOP,BOJ,OFFICIAL,M2_OLD_1955_1999,COMPARATIVE_ONLY(禁拼接),1988-07-15,REALTIME_ASSUMED,CONSERVATIVE_PROXY,OFFICIAL_NO_REV_AUDIT,conditional,true,true
1988-07-31,1988-07,3995886,3995886,亿日元,M,M2_OLD_EOP,BOJ,OFFICIAL,M2_OLD_1955_1999,COMPARATIVE_ONLY(禁拼接),1988-08-15,REALTIME_ASSUMED,CONSERVATIVE_PROXY,OFFICIAL_NO_REV_AUDIT,conditional,true,true
1988-08-31,1988-08,3952513,3952513,亿日元,M,M2_OLD_EOP,BOJ,OFFICIAL,M2_OLD_1955_1999,COMPARATIVE_ONLY(禁拼接),1988-09-15,REALTIME_ASSUMED,CONSERVATIVE_PROXY,OFFICIAL_NO_REV_AUDIT,conditional,true,true
1988-09-30,1988-09,3981792,3981792,亿日元,M,M2_OLD_EOP,BOJ,OFFICIAL,M2_OLD_1955_1999,COMPARATIVE_ONLY(禁拼接),1988-10-15,REALTIME_ASSUMED,CONSERVATIVE_PROXY,OFFICIAL_NO_REV_AUDIT,conditional,true,true
1988-10-31,1988-10,4010710,4010710,亿日元,M,M2_OLD_EOP,BOJ,OFFICIAL,M2_OLD_1955_1999,COMPARATIVE_ONLY(禁拼接),1988-11-15,REALTIME_ASSUMED,CONSERVATIVE_PROXY,OFFICIAL_NO_REV_AUDIT,conditional,true,true
1988-11-30,1988-11,4049684,4049684,亿日元,M,M2_OLD_EOP,BOJ,OFFICIAL,M2_OLD_1955_1999,COMPARATIVE_ONLY(禁拼接),1988-12-15,REALTIME_ASSUMED,CONSERVATIVE_PROXY,OFFICIAL_NO_REV_AUDIT,conditional,true,true
1988-12-31,1988-12,4197323,4197323,亿日元,M,M2_OLD_EOP,BOJ,OFFICIAL,M2_OLD_1955_1999,COMPARATIVE_ONLY(禁拼接),1989-01-15,REALTIME_ASSUMED,CONSERVATIVE_PROXY,OFFICIAL_NO_REV_AUDIT,conditional,true,true
1989-01-31,1989-01,4117155,4117155,亿日元,M,M2_OLD_EOP,BOJ,OFFICIAL,M2_OLD_1955_1999,COMPARATIVE_ONLY(禁拼接),1989-02-15,REALTIME_ASSUMED,CONSERVATIVE_PROXY,OFFICIAL_NO_REV_AUDIT,conditional,true,true
1989-02-28,1989-02,4156684,4156684,亿日元,M,M2_OLD_EOP,BOJ,OFFICIAL,M2_OLD_1955_1999,COMPARATIVE_ONLY(禁拼接),1989-03-15,REALTIME_ASSUMED,CONSERVATIVE_PROXY,OFFICIAL_NO_REV_AUDIT,conditional,true,true
1989-03-31,1989-03,4196157,4196157,亿日元,M,M2_OLD_EOP,BOJ,OFFICIAL,M2_OLD_1955_1999,COMPARATIVE_ONLY(禁拼接),1989-04-15,REALTIME_ASSUMED,CONSERVATIVE_PROXY,OFFICIAL_NO_REV_AUDIT,conditional,true,true
1989-04-30,1989-04,4272221,4272221,亿日元,M,M2_OLD_EOP,BOJ,OFFICIAL,M2_OLD_1955_1999,COMPARATIVE_ONLY(禁拼接),1989-05-15,REALTIME_ASSUMED,CONSERVATIVE_PROXY,OFFICIAL_NO_REV_AUDIT,conditional,true,true
1989-05-31,1989-05,4205554,4205554,亿日元,M,M2_OLD_EOP,BOJ,OFFICIAL,M2_OLD_1955_1999,COMPARATIVE_ONLY(禁拼接),1989-06-15,REALTIME_ASSUMED,CONSERVATIVE_PROXY,OFFICIAL_NO_REV_AUDIT,conditional,true,true
1989-06-30,1989-06,4336068,4336068,亿日元,M,M2_OLD_EOP,BOJ,OFFICIAL,M2_OLD_1955_1999,COMPARATIVE_ONLY(禁拼接),1989-07-15,REALTIME_ASSUMED,CONSERVATIVE_PROXY,OFFICIAL_NO_REV_AUDIT,conditional,true,true
1989-07-31,1989-07,4342721,4342721,亿日元,M,M2_OLD_EOP,BOJ,OFFICIAL,M2_OLD_1955_1999,COMPARATIVE_ONLY(禁拼接),1989-08-15,REALTIME_ASSUMED,CONSERVATIVE_PROXY,OFFICIAL_NO_REV_AUDIT,conditional,true,true
1989-08-31,1989-08,4336930,4336930,亿日元,M,M2_OLD_EOP,BOJ,OFFICIAL,M2_OLD_1955_1999,COMPARATIVE_ONLY(禁拼接),1989-09-15,REALTIME_ASSUMED,CONSERVATIVE_PROXY,OFFICIAL_NO_REV_AUDIT,conditional,true,true
1989-09-30,1989-09,4382925,4382925,亿日元,M,M2_OLD_EOP,BOJ,OFFICIAL,M2_OLD_1955_1999,COMPARATIVE_ONLY(禁拼接),1989-10-15,REALTIME_ASSUMED,CONSERVATIVE_PROXY,OFFICIAL_NO_REV_AUDIT,conditional,true,true
1989-10-31,1989-10,4392362,4392362,亿日元,M,M2_OLD_EOP,BOJ,OFFICIAL,M2_OLD_1955_1999,COMPARATIVE_ONLY(禁拼接),1989-11-15,REALTIME_ASSUMED,CONSERVATIVE_PROXY,OFFICIAL_NO_REV_AUDIT,conditional,true,true
1989-11-30,1989-11,4463715,4463715,亿日元,M,M2_OLD_EOP,BOJ,OFFICIAL,M2_OLD_1955_1999,COMPARATIVE_ONLY(禁拼接),1989-12-15,REALTIME_ASSUMED,CONSERVATIVE_PROXY,OFFICIAL_NO_REV_AUDIT,conditional,true,true
1989-12-31,1989-12,4700203,4700203,亿日元,M,M2_OLD_EOP,BOJ,OFFICIAL,M2_OLD_1955_1999,COMPARATIVE_ONLY(禁拼接),1990-01-15,REALTIME_ASSUMED,CONSERVATIVE_PROXY,OFFICIAL_NO_REV_AUDIT,conditional,true,true
1990-01-31,1990-01,4604137,4604137,亿日元,M,M2_OLD_EOP,BOJ,OFFICIAL,M2_OLD_1955_1999,COMPARATIVE_ONLY(禁拼接),1990-02-15,REALTIME_ASSUMED,CONSERVATIVE_PROXY,OFFICIAL_NO_REV_AUDIT,conditional,true,true
1990-02-28,1990-02,4644180,4644180,亿日元,M,M2_OLD_EOP,BOJ,OFFICIAL,M2_OLD_1955_1999,COMPARATIVE_ONLY(禁拼接),1990-03-15,REALTIME_ASSUMED,CONSERVATIVE_PROXY,OFFICIAL_NO_REV_AUDIT,conditional,true,true
1990-03-31,1990-03,4724778,4724778,亿日元,M,M2_OLD_EOP,BOJ,OFFICIAL,M2_OLD_1955_1999,COMPARATIVE_ONLY(禁拼接),1990-04-15,REALTIME_ASSUMED,CONSERVATIVE_PROXY,OFFICIAL_NO_REV_AUDIT,conditional,true,true
1990-04-30,1990-04,4857644,4857644,亿日元,M,M2_OLD_EOP,BOJ,OFFICIAL,M2_OLD_1955_1999,COMPARATIVE_ONLY(禁拼接),1990-05-15,REALTIME_ASSUMED,CONSERVATIVE_PROXY,OFFICIAL_NO_REV_AUDIT,conditional,true,true
1990-05-31,1990-05,4725648,4725648,亿日元,M,M2_OLD_EOP,BOJ,OFFICIAL,M2_OLD_1955_1999,COMPARATIVE_ONLY(禁拼接),1990-06-15,REALTIME_ASSUMED,CONSERVATIVE_PROXY,OFFICIAL_NO_REV_AUDIT,conditional,true,true
1990-06-30,1990-06,4880557,4880557,亿日元,M,M2_OLD_EOP,BOJ,OFFICIAL,M2_OLD_1955_1999,COMPARATIVE_ONLY(禁拼接),1990-07-15,REALTIME_ASSUMED,CONSERVATIVE_PROXY,OFFICIAL_NO_REV_AUDIT,conditional,true,true
1990-07-31,1990-07,4851157,4851157,亿日元,M,M2_OLD_EOP,BOJ,OFFICIAL,M2_OLD_1955_1999,COMPARATIVE_ONLY(禁拼接),1990-08-15,REALTIME_ASSUMED,CONSERVATIVE_PROXY,OFFICIAL_NO_REV_AUDIT,conditional,true,true
1990-08-31,1990-08,4845521,4845521,亿日元,M,M2_OLD_EOP,BOJ,OFFICIAL,M2_OLD_1955_1999,COMPARATIVE_ONLY(禁拼接),1990-09-15,REALTIME_ASSUMED,CONSERVATIVE_PROXY,OFFICIAL_NO_REV_AUDIT,conditional,true,true
1990-09-30,1990-09,4959013,4959013,亿日元,M,M2_OLD_EOP,BOJ,OFFICIAL,M2_OLD_1955_1999,COMPARATIVE_ONLY(禁拼接),1990-10-15,REALTIME_ASSUMED,CONSERVATIVE_PROXY,OFFICIAL_NO_REV_AUDIT,conditional,true,true
1990-10-31,1990-10,4864182,4864182,亿日元,M,M2_OLD_EOP,BOJ,OFFICIAL,M2_OLD_1955_1999,COMPARATIVE_ONLY(禁拼接),1990-11-15,REALTIME_ASSUMED,CONSERVATIVE_PROXY,OFFICIAL_NO_REV_AUDIT,conditional,true,true
1990-11-30,1990-11,4878400,4878400,亿日元,M,M2_OLD_EOP,BOJ,OFFICIAL,M2_OLD_1955_1999,COMPARATIVE_ONLY(禁拼接),1990-12-15,REALTIME_ASSUMED,CONSERVATIVE_PROXY,OFFICIAL_NO_REV_AUDIT,conditional,true,true
1990-12-31,1990-12,5049720,5049720,亿日元,M,M2_OLD_EOP,BOJ,OFFICIAL,M2_OLD_1955_1999,COMPARATIVE_ONLY(禁拼接),1991-01-15,REALTIME_ASSUMED,CONSERVATIVE_PROXY,OFFICIAL_NO_REV_AUDIT,conditional,true,true
1991-01-31,1991-01,4879956,4879956,亿日元,M,M2_OLD_EOP,BOJ,OFFICIAL,M2_OLD_1955_1999,COMPARATIVE_ONLY(禁拼接),1991-02-15,REALTIME_ASSUMED,CONSERVATIVE_PROXY,OFFICIAL_NO_REV_AUDIT,conditional,true,true
1991-02-28,1991-02,4887468,4887468,亿日元,M,M2_OLD_EOP,BOJ,OFFICIAL,M2_OLD_1955_1999,COMPARATIVE_ONLY(禁拼接),1991-03-15,REALTIME_ASSUMED,CONSERVATIVE_PROXY,OFFICIAL_NO_REV_AUDIT,conditional,true,true
1991-03-31,1991-03,5048968,5048968,亿日元,M,M2_OLD_EOP,BOJ,OFFICIAL,M2_OLD_1955_1999,COMPARATIVE_ONLY(禁拼接),1991-04-15,REALTIME_ASSUMED,CONSERVATIVE_PROXY,OFFICIAL_NO_REV_AUDIT,conditional,true,true
1991-04-30,1991-04,4960504,4960504,亿日元,M,M2_OLD_EOP,BOJ,OFFICIAL,M2_OLD_1955_1999,COMPARATIVE_ONLY(禁拼接),1991-05-15,REALTIME_ASSUMED,CONSERVATIVE_PROXY,OFFICIAL_NO_REV_AUDIT,conditional,true,true
1991-05-31,1991-05,4920097,4920097,亿日元,M,M2_OLD_EOP,BOJ,OFFICIAL,M2_OLD_1955_1999,COMPARATIVE_ONLY(禁拼接),1991-06-15,REALTIME_ASSUMED,CONSERVATIVE_PROXY,OFFICIAL_NO_REV_AUDIT,conditional,true,true
1991-06-30,1991-06,5057908,5057908,亿日元,M,M2_OLD_EOP,BOJ,OFFICIAL,M2_OLD_1955_1999,COMPARATIVE_ONLY(禁拼接),1991-07-15,REALTIME_ASSUMED,CONSERVATIVE_PROXY,OFFICIAL_NO_REV_AUDIT,conditional,true,true
1991-07-31,1991-07,4990529,4990529,亿日元,M,M2_OLD_EOP,BOJ,OFFICIAL,M2_OLD_1955_1999,COMPARATIVE_ONLY(禁拼接),1991-08-15,REALTIME_ASSUMED,CONSERVATIVE_PROXY,OFFICIAL_NO_REV_AUDIT,conditional,true,true
1991-08-31,1991-08,5037075,5037075,亿日元,M,M2_OLD_EOP,BOJ,OFFICIAL,M2_OLD_1955_1999,COMPARATIVE_ONLY(禁拼接),1991-09-15,REALTIME_ASSUMED,CONSERVATIVE_PROXY,OFFICIAL_NO_REV_AUDIT,conditional,true,true
1991-09-30,1991-09,5042478,5042478,亿日元,M,M2_OLD_EOP,BOJ,OFFICIAL,M2_OLD_1955_1999,COMPARATIVE_ONLY(禁拼接),1991-10-15,REALTIME_ASSUMED,CONSERVATIVE_PROXY,OFFICIAL_NO_REV_AUDIT,conditional,true,true
1991-10-31,1991-10,4999302,4999302,亿日元,M,M2_OLD_EOP,BOJ,OFFICIAL,M2_OLD_1955_1999,COMPARATIVE_ONLY(禁拼接),1991-11-15,REALTIME_ASSUMED,CONSERVATIVE_PROXY,OFFICIAL_NO_REV_AUDIT,conditional,true,true
1991-11-30,1991-11,5082171,5082171,亿日元,M,M2_OLD_EOP,BOJ,OFFICIAL,M2_OLD_1955_1999,COMPARATIVE_ONLY(禁拼接),1991-12-15,REALTIME_ASSUMED,CONSERVATIVE_PROXY,OFFICIAL_NO_REV_AUDIT,conditional,true,true
1991-12-31,1991-12,5163460,5163460,亿日元,M,M2_OLD_EOP,BOJ,OFFICIAL,M2_OLD_1955_1999,COMPARATIVE_ONLY(禁拼接),1992-01-15,REALTIME_ASSUMED,CONSERVATIVE_PROXY,OFFICIAL_NO_REV_AUDIT,conditional,true,true
1992-01-31,1992-01,5003790,5003790,亿日元,M,M2_OLD_EOP,BOJ,OFFICIAL,M2_OLD_1955_1999,COMPARATIVE_ONLY(禁拼接),1992-02-15,REALTIME_ASSUMED,CONSERVATIVE_PROXY,OFFICIAL_NO_REV_AUDIT,conditional,true,true
1992-02-29,1992-02,5066944,5066944,亿日元,M,M2_OLD_EOP,BOJ,OFFICIAL,M2_OLD_1955_1999,COMPARATIVE_ONLY(禁拼接),1992-03-15,REALTIME_ASSUMED,CONSERVATIVE_PROXY,OFFICIAL_NO_REV_AUDIT,conditional,true,true
1992-03-31,1992-03,5084141,5084141,亿日元,M,M2_OLD_EOP,BOJ,OFFICIAL,M2_OLD_1955_1999,COMPARATIVE_ONLY(禁拼接),1992-04-15,REALTIME_ASSUMED,CONSERVATIVE_PROXY,OFFICIAL_NO_REV_AUDIT,conditional,true,true
1992-04-30,1992-04,5047676,5047676,亿日元,M,M2_OLD_EOP,BOJ,OFFICIAL,M2_OLD_1955_1999,COMPARATIVE_ONLY(禁拼接),1992-05-15,REALTIME_ASSUMED,CONSERVATIVE_PROXY,OFFICIAL_NO_REV_AUDIT,conditional,true,true
1992-05-31,1992-05,5083109,5083109,亿日元,M,M2_OLD_EOP,BOJ,OFFICIAL,M2_OLD_1955_1999,COMPARATIVE_ONLY(禁拼接),1992-06-15,REALTIME_ASSUMED,CONSERVATIVE_PROXY,OFFICIAL_NO_REV_AUDIT,conditional,true,true
1992-06-30,1992-06,5084226,5084226,亿日元,M,M2_OLD_EOP,BOJ,OFFICIAL,M2_OLD_1955_1999,COMPARATIVE_ONLY(禁拼接),1992-07-15,REALTIME_ASSUMED,CONSERVATIVE_PROXY,OFFICIAL_NO_REV_AUDIT,conditional,true,true
1992-07-31,1992-07,5054269,5054269,亿日元,M,M2_OLD_EOP,BOJ,OFFICIAL,M2_OLD_1955_1999,COMPARATIVE_ONLY(禁拼接),1992-08-15,REALTIME_ASSUMED,CONSERVATIVE_PROXY,OFFICIAL_NO_REV_AUDIT,conditional,true,true
1992-08-31,1992-08,5005457,5005457,亿日元,M,M2_OLD_EOP,BOJ,OFFICIAL,M2_OLD_1955_1999,COMPARATIVE_ONLY(禁拼接),1992-09-15,REALTIME_ASSUMED,CONSERVATIVE_PROXY,OFFICIAL_NO_REV_AUDIT,conditional,true,true
1992-09-30,1992-09,5044042,5044042,亿日元,M,M2_OLD_EOP,BOJ,OFFICIAL,M2_OLD_1955_1999,COMPARATIVE_ONLY(禁拼接),1992-10-15,REALTIME_ASSUMED,CONSERVATIVE_PROXY,OFFICIAL_NO_REV_AUDIT,conditional,true,true
1992-10-31,1992-10,5040998,5040998,亿日元,M,M2_OLD_EOP,BOJ,OFFICIAL,M2_OLD_1955_1999,COMPARATIVE_ONLY(禁拼接),1992-11-15,REALTIME_ASSUMED,CONSERVATIVE_PROXY,OFFICIAL_NO_REV_AUDIT,conditional,true,true
1992-11-30,1992-11,5010225,5010225,亿日元,M,M2_OLD_EOP,BOJ,OFFICIAL,M2_OLD_1955_1999,COMPARATIVE_ONLY(禁拼接),1992-12-15,REALTIME_ASSUMED,CONSERVATIVE_PROXY,OFFICIAL_NO_REV_AUDIT,conditional,true,true
1992-12-31,1992-12,5154843,5154843,亿日元,M,M2_OLD_EOP,BOJ,OFFICIAL,M2_OLD_1955_1999,COMPARATIVE_ONLY(禁拼接),1993-01-15,REALTIME_ASSUMED,CONSERVATIVE_PROXY,OFFICIAL_NO_REV_AUDIT,conditional,true,true
1993-01-31,1993-01,5065415,5065415,亿日元,M,M2_OLD_EOP,BOJ,OFFICIAL,M2_OLD_1955_1999,COMPARATIVE_ONLY(禁拼接),1993-02-15,REALTIME_ASSUMED,CONSERVATIVE_PROXY,OFFICIAL_NO_REV_AUDIT,conditional,true,true
1993-02-28,1993-02,5074185,5074185,亿日元,M,M2_OLD_EOP,BOJ,OFFICIAL,M2_OLD_1955_1999,COMPARATIVE_ONLY(禁拼接),1993-03-15,REALTIME_ASSUMED,CONSERVATIVE_PROXY,OFFICIAL_NO_REV_AUDIT,conditional,true,true
1993-03-31,1993-03,5144702,5144702,亿日元,M,M2_OLD_EOP,BOJ,OFFICIAL,M2_OLD_1955_1999,COMPARATIVE_ONLY(禁拼接),1993-04-15,REALTIME_ASSUMED,CONSERVATIVE_PROXY,OFFICIAL_NO_REV_AUDIT,conditional,true,true
1993-04-30,1993-04,5140616,5140616,亿日元,M,M2_OLD_EOP,BOJ,OFFICIAL,M2_OLD_1955_1999,COMPARATIVE_ONLY(禁拼接),1993-05-15,REALTIME_ASSUMED,CONSERVATIVE_PROXY,OFFICIAL_NO_REV_AUDIT,conditional,true,true
1993-05-31,1993-05,5087856,5087856,亿日元,M,M2_OLD_EOP,BOJ,OFFICIAL,M2_OLD_1955_1999,COMPARATIVE_ONLY(禁拼接),1993-06-15,REALTIME_ASSUMED,CONSERVATIVE_PROXY,OFFICIAL_NO_REV_AUDIT,conditional,true,true
1993-06-30,1993-06,5160344,5160344,亿日元,M,M2_OLD_EOP,BOJ,OFFICIAL,M2_OLD_1955_1999,COMPARATIVE_ONLY(禁拼接),1993-07-15,REALTIME_ASSUMED,CONSERVATIVE_PROXY,OFFICIAL_NO_REV_AUDIT,conditional,true,true
1993-07-31,1993-07,5185363,5185363,亿日元,M,M2_OLD_EOP,BOJ,OFFICIAL,M2_OLD_1955_1999,COMPARATIVE_ONLY(禁拼接),1993-08-15,REALTIME_ASSUMED,CONSERVATIVE_PROXY,OFFICIAL_NO_REV_AUDIT,conditional,true,true
1993-08-31,1993-08,5097878,5097878,亿日元,M,M2_OLD_EOP,BOJ,OFFICIAL,M2_OLD_1955_1999,COMPARATIVE_ONLY(禁拼接),1993-09-15,REALTIME_ASSUMED,CONSERVATIVE_PROXY,OFFICIAL_NO_REV_AUDIT,conditional,true,true
1993-09-30,1993-09,5168101,5168101,亿日元,M,M2_OLD_EOP,BOJ,OFFICIAL,M2_OLD_1955_1999,COMPARATIVE_ONLY(禁拼接),1993-10-15,REALTIME_ASSUMED,CONSERVATIVE_PROXY,OFFICIAL_NO_REV_AUDIT,conditional,true,true
1993-10-31,1993-10,5142319,5142319,亿日元,M,M2_OLD_EOP,BOJ,OFFICIAL,M2_OLD_1955_1999,COMPARATIVE_ONLY(禁拼接),1993-11-15,REALTIME_ASSUMED,CONSERVATIVE_PROXY,OFFICIAL_NO_REV_AUDIT,conditional,true,true
1993-11-30,1993-11,5077899,5077899,亿日元,M,M2_OLD_EOP,BOJ,OFFICIAL,M2_OLD_1955_1999,COMPARATIVE_ONLY(禁拼接),1993-12-15,REALTIME_ASSUMED,CONSERVATIVE_PROXY,OFFICIAL_NO_REV_AUDIT,conditional,true,true
1993-12-31,1993-12,5268396,5268396,亿日元,M,M2_OLD_EOP,BOJ,OFFICIAL,M2_OLD_1955_1999,COMPARATIVE_ONLY(禁拼接),1994-01-15,REALTIME_ASSUMED,CONSERVATIVE_PROXY,OFFICIAL_NO_REV_AUDIT,conditional,true,true
1994-01-31,1994-01,5103100,5103100,亿日元,M,M2_OLD_EOP,BOJ,OFFICIAL,M2_OLD_1955_1999,COMPARATIVE_ONLY(禁拼接),1994-02-15,REALTIME_ASSUMED,CONSERVATIVE_PROXY,OFFICIAL_NO_REV_AUDIT,conditional,true,true
1994-02-28,1994-02,5113868,5113868,亿日元,M,M2_OLD_EOP,BOJ,OFFICIAL,M2_OLD_1955_1999,COMPARATIVE_ONLY(禁拼接),1994-03-15,REALTIME_ASSUMED,CONSERVATIVE_PROXY,OFFICIAL_NO_REV_AUDIT,conditional,true,true
1994-03-31,1994-03,5237180,5237180,亿日元,M,M2_OLD_EOP,BOJ,OFFICIAL,M2_OLD_1955_1999,COMPARATIVE_ONLY(禁拼接),1994-04-15,REALTIME_ASSUMED,CONSERVATIVE_PROXY,OFFICIAL_NO_REV_AUDIT,conditional,true,true
1994-04-30,1994-04,5281035,5281035,亿日元,M,M2_OLD_EOP,BOJ,OFFICIAL,M2_OLD_1955_1999,COMPARATIVE_ONLY(禁拼接),1994-05-15,REALTIME_ASSUMED,CONSERVATIVE_PROXY,OFFICIAL_NO_REV_AUDIT,conditional,true,true
1994-05-31,1994-05,5162550,5162550,亿日元,M,M2_OLD_EOP,BOJ,OFFICIAL,M2_OLD_1955_1999,COMPARATIVE_ONLY(禁拼接),1994-06-15,REALTIME_ASSUMED,CONSERVATIVE_PROXY,OFFICIAL_NO_REV_AUDIT,conditional,true,true
1994-06-30,1994-06,5254246,5254246,亿日元,M,M2_OLD_EOP,BOJ,OFFICIAL,M2_OLD_1955_1999,COMPARATIVE_ONLY(禁拼接),1994-07-15,REALTIME_ASSUMED,CONSERVATIVE_PROXY,OFFICIAL_NO_REV_AUDIT,conditional,true,true
1994-07-31,1994-07,5282422,5282422,亿日元,M,M2_OLD_EOP,BOJ,OFFICIAL,M2_OLD_1955_1999,COMPARATIVE_ONLY(禁拼接),1994-08-15,REALTIME_ASSUMED,CONSERVATIVE_PROXY,OFFICIAL_NO_REV_AUDIT,conditional,true,true
1994-08-31,1994-08,5220610,5220610,亿日元,M,M2_OLD_EOP,BOJ,OFFICIAL,M2_OLD_1955_1999,COMPARATIVE_ONLY(禁拼接),1994-09-15,REALTIME_ASSUMED,CONSERVATIVE_PROXY,OFFICIAL_NO_REV_AUDIT,conditional,true,true
1994-09-30,1994-09,5272995,5272995,亿日元,M,M2_OLD_EOP,BOJ,OFFICIAL,M2_OLD_1955_1999,COMPARATIVE_ONLY(禁拼接),1994-10-15,REALTIME_ASSUMED,CONSERVATIVE_PROXY,OFFICIAL_NO_REV_AUDIT,conditional,true,true
1994-10-31,1994-10,5220940,5220940,亿日元,M,M2_OLD_EOP,BOJ,OFFICIAL,M2_OLD_1955_1999,COMPARATIVE_ONLY(禁拼接),1994-11-15,REALTIME_ASSUMED,CONSERVATIVE_PROXY,OFFICIAL_NO_REV_AUDIT,conditional,true,true
1994-11-30,1994-11,5228681,5228681,亿日元,M,M2_OLD_EOP,BOJ,OFFICIAL,M2_OLD_1955_1999,COMPARATIVE_ONLY(禁拼接),1994-12-15,REALTIME_ASSUMED,CONSERVATIVE_PROXY,OFFICIAL_NO_REV_AUDIT,conditional,true,true
1994-12-31,1994-12,5414194,5414194,亿日元,M,M2_OLD_EOP,BOJ,OFFICIAL,M2_OLD_1955_1999,COMPARATIVE_ONLY(禁拼接),1995-01-15,REALTIME_ASSUMED,CONSERVATIVE_PROXY,OFFICIAL_NO_REV_AUDIT,conditional,true,true
1995-01-31,1995-01,5279149,5279149,亿日元,M,M2_OLD_EOP,BOJ,OFFICIAL,M2_OLD_1955_1999,COMPARATIVE_ONLY(禁拼接),1995-02-15,REALTIME_ASSUMED,CONSERVATIVE_PROXY,OFFICIAL_NO_REV_AUDIT,conditional,true,true
1995-02-28,1995-02,5296591,5296591,亿日元,M,M2_OLD_EOP,BOJ,OFFICIAL,M2_OLD_1955_1999,COMPARATIVE_ONLY(禁拼接),1995-03-15,REALTIME_ASSUMED,CONSERVATIVE_PROXY,OFFICIAL_NO_REV_AUDIT,conditional,true,true
1995-03-31,1995-03,5401777,5401777,亿日元,M,M2_OLD_EOP,BOJ,OFFICIAL,M2_OLD_1955_1999,COMPARATIVE_ONLY(禁拼接),1995-04-15,REALTIME_ASSUMED,CONSERVATIVE_PROXY,OFFICIAL_NO_REV_AUDIT,conditional,true,true
1995-04-30,1995-04,5440063,5440063,亿日元,M,M2_OLD_EOP,BOJ,OFFICIAL,M2_OLD_1955_1999,COMPARATIVE_ONLY(禁拼接),1995-05-15,REALTIME_ASSUMED,CONSERVATIVE_PROXY,OFFICIAL_NO_REV_AUDIT,conditional,true,true
1995-05-31,1995-05,5331455,5331455,亿日元,M,M2_OLD_EOP,BOJ,OFFICIAL,M2_OLD_1955_1999,COMPARATIVE_ONLY(禁拼接),1995-06-15,REALTIME_ASSUMED,CONSERVATIVE_PROXY,OFFICIAL_NO_REV_AUDIT,conditional,true,true
1995-06-30,1995-06,5412462,5412462,亿日元,M,M2_OLD_EOP,BOJ,OFFICIAL,M2_OLD_1955_1999,COMPARATIVE_ONLY(禁拼接),1995-07-15,REALTIME_ASSUMED,CONSERVATIVE_PROXY,OFFICIAL_NO_REV_AUDIT,conditional,true,true
1995-07-31,1995-07,5377194,5377194,亿日元,M,M2_OLD_EOP,BOJ,OFFICIAL,M2_OLD_1955_1999,COMPARATIVE_ONLY(禁拼接),1995-08-15,REALTIME_ASSUMED,CONSERVATIVE_PROXY,OFFICIAL_NO_REV_AUDIT,conditional,true,true
1995-08-31,1995-08,5343287,5343287,亿日元,M,M2_OLD_EOP,BOJ,OFFICIAL,M2_OLD_1955_1999,COMPARATIVE_ONLY(禁拼接),1995-09-15,REALTIME_ASSUMED,CONSERVATIVE_PROXY,OFFICIAL_NO_REV_AUDIT,conditional,true,true
1995-09-30,1995-09,5454624,5454624,亿日元,M,M2_OLD_EOP,BOJ,OFFICIAL,M2_OLD_1955_1999,COMPARATIVE_ONLY(禁拼接),1995-10-15,REALTIME_ASSUMED,CONSERVATIVE_PROXY,OFFICIAL_NO_REV_AUDIT,conditional,true,true
1995-10-31,1995-10,5375078,5375078,亿日元,M,M2_OLD_EOP,BOJ,OFFICIAL,M2_OLD_1955_1999,COMPARATIVE_ONLY(禁拼接),1995-11-15,REALTIME_ASSUMED,CONSERVATIVE_PROXY,OFFICIAL_NO_REV_AUDIT,conditional,true,true
1995-11-30,1995-11,5404036,5404036,亿日元,M,M2_OLD_EOP,BOJ,OFFICIAL,M2_OLD_1955_1999,COMPARATIVE_ONLY(禁拼接),1995-12-15,REALTIME_ASSUMED,CONSERVATIVE_PROXY,OFFICIAL_NO_REV_AUDIT,conditional,true,true
1995-12-31,1995-12,5588043,5588043,亿日元,M,M2_OLD_EOP,BOJ,OFFICIAL,M2_OLD_1955_1999,COMPARATIVE_ONLY(禁拼接),1996-01-15,REALTIME_ASSUMED,CONSERVATIVE_PROXY,OFFICIAL_NO_REV_AUDIT,conditional,true,true
1996-01-31,1996-01,5420250,5420250,亿日元,M,M2_OLD_EOP,BOJ,OFFICIAL,M2_OLD_1955_1999,COMPARATIVE_ONLY(禁拼接),1996-02-15,REALTIME_ASSUMED,CONSERVATIVE_PROXY,OFFICIAL_NO_REV_AUDIT,conditional,true,true
1996-02-29,1996-02,5435842,5435842,亿日元,M,M2_OLD_EOP,BOJ,OFFICIAL,M2_OLD_1955_1999,COMPARATIVE_ONLY(禁拼接),1996-03-15,REALTIME_ASSUMED,CONSERVATIVE_PROXY,OFFICIAL_NO_REV_AUDIT,conditional,true,true
1996-03-31,1996-03,5587794,5587794,亿日元,M,M2_OLD_EOP,BOJ,OFFICIAL,M2_OLD_1955_1999,COMPARATIVE_ONLY(禁拼接),1996-04-15,REALTIME_ASSUMED,CONSERVATIVE_PROXY,OFFICIAL_NO_REV_AUDIT,conditional,true,true
1996-04-30,1996-04,5564856,5564856,亿日元,M,M2_OLD_EOP,BOJ,OFFICIAL,M2_OLD_1955_1999,COMPARATIVE_ONLY(禁拼接),1996-05-15,REALTIME_ASSUMED,CONSERVATIVE_PROXY,OFFICIAL_NO_REV_AUDIT,conditional,true,true
1996-05-31,1996-05,5504946,5504946,亿日元,M,M2_OLD_EOP,BOJ,OFFICIAL,M2_OLD_1955_1999,COMPARATIVE_ONLY(禁拼接),1996-06-15,REALTIME_ASSUMED,CONSERVATIVE_PROXY,OFFICIAL_NO_REV_AUDIT,conditional,true,true
1996-06-30,1996-06,5661611,5661611,亿日元,M,M2_OLD_EOP,BOJ,OFFICIAL,M2_OLD_1955_1999,COMPARATIVE_ONLY(禁拼接),1996-07-15,REALTIME_ASSUMED,CONSERVATIVE_PROXY,OFFICIAL_NO_REV_AUDIT,conditional,true,true
1996-07-31,1996-07,5571393,5571393,亿日元,M,M2_OLD_EOP,BOJ,OFFICIAL,M2_OLD_1955_1999,COMPARATIVE_ONLY(禁拼接),1996-08-15,REALTIME_ASSUMED,CONSERVATIVE_PROXY,OFFICIAL_NO_REV_AUDIT,conditional,true,true
1996-08-31,1996-08,5605056,5605056,亿日元,M,M2_OLD_EOP,BOJ,OFFICIAL,M2_OLD_1955_1999,COMPARATIVE_ONLY(禁拼接),1996-09-15,REALTIME_ASSUMED,CONSERVATIVE_PROXY,OFFICIAL_NO_REV_AUDIT,conditional,true,true
1996-09-30,1996-09,5592748,5592748,亿日元,M,M2_OLD_EOP,BOJ,OFFICIAL,M2_OLD_1955_1999,COMPARATIVE_ONLY(禁拼接),1996-10-15,REALTIME_ASSUMED,CONSERVATIVE_PROXY,OFFICIAL_NO_REV_AUDIT,conditional,true,true
1996-10-31,1996-10,5556287,5556287,亿日元,M,M2_OLD_EOP,BOJ,OFFICIAL,M2_OLD_1955_1999,COMPARATIVE_ONLY(禁拼接),1996-11-15,REALTIME_ASSUMED,CONSERVATIVE_PROXY,OFFICIAL_NO_REV_AUDIT,conditional,true,true
1996-11-30,1996-11,5631316,5631316,亿日元,M,M2_OLD_EOP,BOJ,OFFICIAL,M2_OLD_1955_1999,COMPARATIVE_ONLY(禁拼接),1996-12-15,REALTIME_ASSUMED,CONSERVATIVE_PROXY,OFFICIAL_NO_REV_AUDIT,conditional,true,true
1996-12-31,1996-12,5752981,5752981,亿日元,M,M2_OLD_EOP,BOJ,OFFICIAL,M2_OLD_1955_1999,COMPARATIVE_ONLY(禁拼接),1997-01-15,REALTIME_ASSUMED,CONSERVATIVE_PROXY,OFFICIAL_NO_REV_AUDIT,conditional,true,true
1997-01-31,1997-01,5588590,5588590,亿日元,M,M2_OLD_EOP,BOJ,OFFICIAL,M2_OLD_1955_1999,COMPARATIVE_ONLY(禁拼接),1997-02-15,REALTIME_ASSUMED,CONSERVATIVE_PROXY,OFFICIAL_NO_REV_AUDIT,conditional,true,true
1997-02-28,1997-02,5593603,5593603,亿日元,M,M2_OLD_EOP,BOJ,OFFICIAL,M2_OLD_1955_1999,COMPARATIVE_ONLY(禁拼接),1997-03-15,REALTIME_ASSUMED,CONSERVATIVE_PROXY,OFFICIAL_NO_REV_AUDIT,conditional,true,true
1997-03-31,1997-03,5698278,5698278,亿日元,M,M2_OLD_EOP,BOJ,OFFICIAL,M2_OLD_1955_1999,COMPARATIVE_ONLY(禁拼接),1997-04-15,REALTIME_ASSUMED,CONSERVATIVE_PROXY,OFFICIAL_NO_REV_AUDIT,conditional,true,true
1997-04-30,1997-04,5719765,5719765,亿日元,M,M2_OLD_EOP,BOJ,OFFICIAL,M2_OLD_1955_1999,COMPARATIVE_ONLY(禁拼接),1997-05-15,REALTIME_ASSUMED,CONSERVATIVE_PROXY,OFFICIAL_NO_REV_AUDIT,conditional,true,true
1997-05-31,1997-05,5746306,5746306,亿日元,M,M2_OLD_EOP,BOJ,OFFICIAL,M2_OLD_1955_1999,COMPARATIVE_ONLY(禁拼接),1997-06-15,REALTIME_ASSUMED,CONSERVATIVE_PROXY,OFFICIAL_NO_REV_AUDIT,conditional,true,true
1997-06-30,1997-06,5773311,5773311,亿日元,M,M2_OLD_EOP,BOJ,OFFICIAL,M2_OLD_1955_1999,COMPARATIVE_ONLY(禁拼接),1997-07-15,REALTIME_ASSUMED,CONSERVATIVE_PROXY,OFFICIAL_NO_REV_AUDIT,conditional,true,true
1997-07-31,1997-07,5746954,5746954,亿日元,M,M2_OLD_EOP,BOJ,OFFICIAL,M2_OLD_1955_1999,COMPARATIVE_ONLY(禁拼接),1997-08-15,REALTIME_ASSUMED,CONSERVATIVE_PROXY,OFFICIAL_NO_REV_AUDIT,conditional,true,true
1997-08-31,1997-08,5775838,5775838,亿日元,M,M2_OLD_EOP,BOJ,OFFICIAL,M2_OLD_1955_1999,COMPARATIVE_ONLY(禁拼接),1997-09-15,REALTIME_ASSUMED,CONSERVATIVE_PROXY,OFFICIAL_NO_REV_AUDIT,conditional,true,true
1997-09-30,1997-09,5722228,5722228,亿日元,M,M2_OLD_EOP,BOJ,OFFICIAL,M2_OLD_1955_1999,COMPARATIVE_ONLY(禁拼接),1997-10-15,REALTIME_ASSUMED,CONSERVATIVE_PROXY,OFFICIAL_NO_REV_AUDIT,conditional,true,true
1997-10-31,1997-10,5710630,5710630,亿日元,M,M2_OLD_EOP,BOJ,OFFICIAL,M2_OLD_1955_1999,COMPARATIVE_ONLY(禁拼接),1997-11-15,REALTIME_ASSUMED,CONSERVATIVE_PROXY,OFFICIAL_NO_REV_AUDIT,conditional,true,true
1997-11-30,1997-11,5822988,5822988,亿日元,M,M2_OLD_EOP,BOJ,OFFICIAL,M2_OLD_1955_1999,COMPARATIVE_ONLY(禁拼接),1997-12-15,REALTIME_ASSUMED,CONSERVATIVE_PROXY,OFFICIAL_NO_REV_AUDIT,conditional,true,true
1997-12-31,1997-12,5974938,5974938,亿日元,M,M2_OLD_EOP,BOJ,OFFICIAL,M2_OLD_1955_1999,COMPARATIVE_ONLY(禁拼接),1998-01-15,REALTIME_ASSUMED,CONSERVATIVE_PROXY,OFFICIAL_NO_REV_AUDIT,conditional,true,true
1998-01-31,1998-01,5880468,5880468,亿日元,M,M2_OLD_EOP,BOJ,OFFICIAL,M2_OLD_1955_1999,COMPARATIVE_ONLY(禁拼接),1998-02-15,REALTIME_ASSUMED,CONSERVATIVE_PROXY,OFFICIAL_NO_REV_AUDIT,conditional,true,true
1998-02-28,1998-02,5926304,5926304,亿日元,M,M2_OLD_EOP,BOJ,OFFICIAL,M2_OLD_1955_1999,COMPARATIVE_ONLY(禁拼接),1998-03-15,REALTIME_ASSUMED,CONSERVATIVE_PROXY,OFFICIAL_NO_REV_AUDIT,conditional,true,true
1998-03-31,1998-03,5897978,5897978,亿日元,M,M2_OLD_EOP,BOJ,OFFICIAL,M2_OLD_1955_1999,COMPARATIVE_ONLY(禁拼接),1998-04-15,REALTIME_ASSUMED,CONSERVATIVE_PROXY,OFFICIAL_NO_REV_AUDIT,conditional,true,true
1998-04-30,1998-04,5914283,5914283,亿日元,M,M2_OLD_EOP,BOJ,OFFICIAL,M2_OLD_1955_1999,COMPARATIVE_ONLY(禁拼接),1998-05-15,REALTIME_ASSUMED,CONSERVATIVE_PROXY,OFFICIAL_NO_REV_AUDIT,conditional,true,true
1998-05-31,1998-05,5968355,5968355,亿日元,M,M2_OLD_EOP,BOJ,OFFICIAL,M2_OLD_1955_1999,COMPARATIVE_ONLY(禁拼接),1998-06-15,REALTIME_ASSUMED,CONSERVATIVE_PROXY,OFFICIAL_NO_REV_AUDIT,conditional,true,true
1998-06-30,1998-06,5968279,5968279,亿日元,M,M2_OLD_EOP,BOJ,OFFICIAL,M2_OLD_1955_1999,COMPARATIVE_ONLY(禁拼接),1998-07-15,REALTIME_ASSUMED,CONSERVATIVE_PROXY,OFFICIAL_NO_REV_AUDIT,conditional,true,true
1998-07-31,1998-07,5954450,5954450,亿日元,M,M2_OLD_EOP,BOJ,OFFICIAL,M2_OLD_1955_1999,COMPARATIVE_ONLY(禁拼接),1998-08-15,REALTIME_ASSUMED,CONSERVATIVE_PROXY,OFFICIAL_NO_REV_AUDIT,conditional,true,true
1998-08-31,1998-08,5929975,5929975,亿日元,M,M2_OLD_EOP,BOJ,OFFICIAL,M2_OLD_1955_1999,COMPARATIVE_ONLY(禁拼接),1998-09-15,REALTIME_ASSUMED,CONSERVATIVE_PROXY,OFFICIAL_NO_REV_AUDIT,conditional,true,true
1998-09-30,1998-09,5931172,5931172,亿日元,M,M2_OLD_EOP,BOJ,OFFICIAL,M2_OLD_1955_1999,COMPARATIVE_ONLY(禁拼接),1998-10-15,REALTIME_ASSUMED,CONSERVATIVE_PROXY,OFFICIAL_NO_REV_AUDIT,conditional,true,true
1998-10-31,1998-10,5995187,5995187,亿日元,M,M2_OLD_EOP,BOJ,OFFICIAL,M2_OLD_1955_1999,COMPARATIVE_ONLY(禁拼接),1998-11-15,REALTIME_ASSUMED,CONSERVATIVE_PROXY,OFFICIAL_NO_REV_AUDIT,conditional,true,true
1998-11-30,1998-11,6002042,6002042,亿日元,M,M2_OLD_EOP,BOJ,OFFICIAL,M2_OLD_1955_1999,COMPARATIVE_ONLY(禁拼接),1998-12-15,REALTIME_ASSUMED,CONSERVATIVE_PROXY,OFFICIAL_NO_REV_AUDIT,conditional,true,true
1998-12-31,1998-12,6188770,6188770,亿日元,M,M2_OLD_EOP,BOJ,OFFICIAL,M2_OLD_1955_1999,COMPARATIVE_ONLY(禁拼接),1999-01-15,REALTIME_ASSUMED,CONSERVATIVE_PROXY,OFFICIAL_NO_REV_AUDIT,conditional,true,true
1999-01-31,1999-01,6090046,6090046,亿日元,M,M2_OLD_EOP,BOJ,OFFICIAL,M2_OLD_1955_1999,COMPARATIVE_ONLY(禁拼接),1999-02-15,REALTIME_ASSUMED,CONSERVATIVE_PROXY,OFFICIAL_NO_REV_AUDIT,conditional,true,true
1999-02-28,1999-02,6125764,6125764,亿日元,M,M2_OLD_EOP,BOJ,OFFICIAL,M2_OLD_1955_1999,COMPARATIVE_ONLY(禁拼接),1999-03-15,REALTIME_ASSUMED,CONSERVATIVE_PROXY,OFFICIAL_NO_REV_AUDIT,conditional,true,true
1999-03-31,1999-03,6120707,6120707,亿日元,M,M2_OLD_EOP,BOJ,OFFICIAL,M2_OLD_1955_1999,COMPARATIVE_ONLY(禁拼接),1999-04-15,REALTIME_ASSUMED,CONSERVATIVE_PROXY,OFFICIAL_NO_REV_AUDIT,conditional,true,true
