date,period,value,value_raw,unit,freq,source,provider,source_type,definition_regime,note,value_available_date,vintage_type,release_rule_status,vintage_evidence,historical_realtime_eligible,post_vad_eligible,source_validity_eligible
1970-01-31,1970-01,27.400,27.400,2025=100指数,M,CPI2025_CORECORE,总务省(e-Stat),OFFICIAL_CANONICAL,CPI2025BASE,linked level RETROSPECTIVE_REBASE,2026-08-21,RETROSPECTIVE_REBASE,VERIFIED,ARCHIVED_RELEASE_20260821,false,true,true
1970-02-28,1970-02,27.500,27.500,2025=100指数,M,CPI2025_CORECORE,总务省(e-Stat),OFFICIAL_CANONICAL,CPI2025BASE,linked level RETROSPECTIVE_REBASE,2026-08-21,RETROSPECTIVE_REBASE,VERIFIED,ARCHIVED_RELEASE_20260821,false,true,true
1970-03-31,1970-03,27.600,27.600,2025=100指数,M,CPI2025_CORECORE,总务省(e-Stat),OFFICIAL_CANONICAL,CPI2025BASE,linked level RETROSPECTIVE_REBASE,2026-08-21,RETROSPECTIVE_REBASE,VERIFIED,ARCHIVED_RELEASE_20260821,false,true,true
1970-04-30,1970-04,27.800,27.800,2025=100指数,M,CPI2025_CORECORE,总务省(e-Stat),OFFICIAL_CANONICAL,CPI2025BASE,linked level RETROSPECTIVE_REBASE,2026-08-21,RETROSPECTIVE_REBASE,VERIFIED,ARCHIVED_RELEASE_20260821,false,true,true
1970-05-31,1970-05,27.900,27.900,2025=100指数,M,CPI2025_CORECORE,总务省(e-Stat),OFFICIAL_CANONICAL,CPI2025BASE,linked level RETROSPECTIVE_REBASE,2026-08-21,RETROSPECTIVE_REBASE,VERIFIED,ARCHIVED_RELEASE_20260821,false,true,true
1970-06-30,1970-06,28.000,28.000,2025=100指数,M,CPI2025_CORECORE,总务省(e-Stat),OFFICIAL_CANONICAL,CPI2025BASE,linked level RETROSPECTIVE_REBASE,2026-08-21,RETROSPECTIVE_REBASE,VERIFIED,ARCHIVED_RELEASE_20260821,false,true,true
1970-07-31,1970-07,28.100,28.100,2025=100指数,M,CPI2025_CORECORE,总务省(e-Stat),OFFICIAL_CANONICAL,CPI2025BASE,linked level RETROSPECTIVE_REBASE,2026-08-21,RETROSPECTIVE_REBASE,VERIFIED,ARCHIVED_RELEASE_20260821,false,true,true
1970-08-31,1970-08,28.100,28.100,2025=100指数,M,CPI2025_CORECORE,总务省(e-Stat),OFFICIAL_CANONICAL,CPI2025BASE,linked level RETROSPECTIVE_REBASE,2026-08-21,RETROSPECTIVE_REBASE,VERIFIED,ARCHIVED_RELEASE_20260821,false,true,true
1970-09-30,1970-09,28.400,28.400,2025=100指数,M,CPI2025_CORECORE,总务省(e-Stat),OFFICIAL_CANONICAL,CPI2025BASE,linked level RETROSPECTIVE_REBASE,2026-08-21,RETROSPECTIVE_REBASE,VERIFIED,ARCHIVED_RELEASE_20260821,false,true,true
1970-10-31,1970-10,28.700,28.700,2025=100指数,M,CPI2025_CORECORE,总务省(e-Stat),OFFICIAL_CANONICAL,CPI2025BASE,linked level RETROSPECTIVE_REBASE,2026-08-21,RETROSPECTIVE_REBASE,VERIFIED,ARCHIVED_RELEASE_20260821,false,true,true
1970-11-30,1970-11,28.900,28.900,2025=100指数,M,CPI2025_CORECORE,总务省(e-Stat),OFFICIAL_CANONICAL,CPI2025BASE,linked level RETROSPECTIVE_REBASE,2026-08-21,RETROSPECTIVE_REBASE,VERIFIED,ARCHIVED_RELEASE_20260821,false,true,true
1970-12-31,1970-12,29.100,29.100,2025=100指数,M,CPI2025_CORECORE,总务省(e-Stat),OFFICIAL_CANONICAL,CPI2025BASE,linked level RETROSPECTIVE_REBASE,2026-08-21,RETROSPECTIVE_REBASE,VERIFIED,ARCHIVED_RELEASE_20260821,false,true,true
1971-01-31,1971-01,29.200,29.200,2025=100指数,M,CPI2025_CORECORE,总务省(e-Stat),OFFICIAL_CANONICAL,CPI2025BASE,linked level RETROSPECTIVE_REBASE,2026-08-21,RETROSPECTIVE_REBASE,VERIFIED,ARCHIVED_RELEASE_20260821,false,true,true
1971-02-28,1971-02,29.200,29.200,2025=100指数,M,CPI2025_CORECORE,总务省(e-Stat),OFFICIAL_CANONICAL,CPI2025BASE,linked level RETROSPECTIVE_REBASE,2026-08-21,RETROSPECTIVE_REBASE,VERIFIED,ARCHIVED_RELEASE_20260821,false,true,true
1971-03-31,1971-03,29.300,29.300,2025=100指数,M,CPI2025_CORECORE,总务省(e-Stat),OFFICIAL_CANONICAL,CPI2025BASE,linked level RETROSPECTIVE_REBASE,2026-08-21,RETROSPECTIVE_REBASE,VERIFIED,ARCHIVED_RELEASE_20260821,false,true,true
1971-04-30,1971-04,29.700,29.700,2025=100指数,M,CPI2025_CORECORE,总务省(e-Stat),OFFICIAL_CANONICAL,CPI2025BASE,linked level RETROSPECTIVE_REBASE,2026-08-21,RETROSPECTIVE_REBASE,VERIFIED,ARCHIVED_RELEASE_20260821,false,true,true
1971-05-31,1971-05,29.900,29.900,2025=100指数,M,CPI2025_CORECORE,总务省(e-Stat),OFFICIAL_CANONICAL,CPI2025BASE,linked level RETROSPECTIVE_REBASE,2026-08-21,RETROSPECTIVE_REBASE,VERIFIED,ARCHIVED_RELEASE_20260821,false,true,true
1971-06-30,1971-06,30.100,30.100,2025=100指数,M,CPI2025_CORECORE,总务省(e-Stat),OFFICIAL_CANONICAL,CPI2025BASE,linked level RETROSPECTIVE_REBASE,2026-08-21,RETROSPECTIVE_REBASE,VERIFIED,ARCHIVED_RELEASE_20260821,false,true,true
1971-07-31,1971-07,30.200,30.200,2025=100指数,M,CPI2025_CORECORE,总务省(e-Stat),OFFICIAL_CANONICAL,CPI2025BASE,linked level RETROSPECTIVE_REBASE,2026-08-21,RETROSPECTIVE_REBASE,VERIFIED,ARCHIVED_RELEASE_20260821,false,true,true
1971-08-31,1971-08,30.100,30.100,2025=100指数,M,CPI2025_CORECORE,总务省(e-Stat),OFFICIAL_CANONICAL,CPI2025BASE,linked level RETROSPECTIVE_REBASE,2026-08-21,RETROSPECTIVE_REBASE,VERIFIED,ARCHIVED_RELEASE_20260821,false,true,true
1971-09-30,1971-09,30.500,30.500,2025=100指数,M,CPI2025_CORECORE,总务省(e-Stat),OFFICIAL_CANONICAL,CPI2025BASE,linked level RETROSPECTIVE_REBASE,2026-08-21,RETROSPECTIVE_REBASE,VERIFIED,ARCHIVED_RELEASE_20260821,false,true,true
1971-10-31,1971-10,30.600,30.600,2025=100指数,M,CPI2025_CORECORE,总务省(e-Stat),OFFICIAL_CANONICAL,CPI2025BASE,linked level RETROSPECTIVE_REBASE,2026-08-21,RETROSPECTIVE_REBASE,VERIFIED,ARCHIVED_RELEASE_20260821,false,true,true
1971-11-30,1971-11,30.700,30.700,2025=100指数,M,CPI2025_CORECORE,总务省(e-Stat),OFFICIAL_CANONICAL,CPI2025BASE,linked level RETROSPECTIVE_REBASE,2026-08-21,RETROSPECTIVE_REBASE,VERIFIED,ARCHIVED_RELEASE_20260821,false,true,true
1971-12-31,1971-12,30.800,30.800,2025=100指数,M,CPI2025_CORECORE,总务省(e-Stat),OFFICIAL_CANONICAL,CPI2025BASE,linked level RETROSPECTIVE_REBASE,2026-08-21,RETROSPECTIVE_REBASE,VERIFIED,ARCHIVED_RELEASE_20260821,false,true,true
1972-01-31,1972-01,30.800,30.800,2025=100指数,M,CPI2025_CORECORE,总务省(e-Stat),OFFICIAL_CANONICAL,CPI2025BASE,linked level RETROSPECTIVE_REBASE,2026-08-21,RETROSPECTIVE_REBASE,VERIFIED,ARCHIVED_RELEASE_20260821,false,true,true
1972-02-29,1972-02,30.900,30.900,2025=100指数,M,CPI2025_CORECORE,总务省(e-Stat),OFFICIAL_CANONICAL,CPI2025BASE,linked level RETROSPECTIVE_REBASE,2026-08-21,RETROSPECTIVE_REBASE,VERIFIED,ARCHIVED_RELEASE_20260821,false,true,true
1972-03-31,1972-03,31.100,31.100,2025=100指数,M,CPI2025_CORECORE,总务省(e-Stat),OFFICIAL_CANONICAL,CPI2025BASE,linked level RETROSPECTIVE_REBASE,2026-08-21,RETROSPECTIVE_REBASE,VERIFIED,ARCHIVED_RELEASE_20260821,false,true,true
1972-04-30,1972-04,31.400,31.400,2025=100指数,M,CPI2025_CORECORE,总务省(e-Stat),OFFICIAL_CANONICAL,CPI2025BASE,linked level RETROSPECTIVE_REBASE,2026-08-21,RETROSPECTIVE_REBASE,VERIFIED,ARCHIVED_RELEASE_20260821,false,true,true
1972-05-31,1972-05,31.500,31.500,2025=100指数,M,CPI2025_CORECORE,总务省(e-Stat),OFFICIAL_CANONICAL,CPI2025BASE,linked level RETROSPECTIVE_REBASE,2026-08-21,RETROSPECTIVE_REBASE,VERIFIED,ARCHIVED_RELEASE_20260821,false,true,true
1972-06-30,1972-06,31.700,31.700,2025=100指数,M,CPI2025_CORECORE,总务省(e-Stat),OFFICIAL_CANONICAL,CPI2025BASE,linked level RETROSPECTIVE_REBASE,2026-08-21,RETROSPECTIVE_REBASE,VERIFIED,ARCHIVED_RELEASE_20260821,false,true,true
1972-07-31,1972-07,31.800,31.800,2025=100指数,M,CPI2025_CORECORE,总务省(e-Stat),OFFICIAL_CANONICAL,CPI2025BASE,linked level RETROSPECTIVE_REBASE,2026-08-21,RETROSPECTIVE_REBASE,VERIFIED,ARCHIVED_RELEASE_20260821,false,true,true
1972-08-31,1972-08,31.800,31.800,2025=100指数,M,CPI2025_CORECORE,总务省(e-Stat),OFFICIAL_CANONICAL,CPI2025BASE,linked level RETROSPECTIVE_REBASE,2026-08-21,RETROSPECTIVE_REBASE,VERIFIED,ARCHIVED_RELEASE_20260821,false,true,true
1972-09-30,1972-09,32.000,32.000,2025=100指数,M,CPI2025_CORECORE,总务省(e-Stat),OFFICIAL_CANONICAL,CPI2025BASE,linked level RETROSPECTIVE_REBASE,2026-08-21,RETROSPECTIVE_REBASE,VERIFIED,ARCHIVED_RELEASE_20260821,false,true,true
1972-10-31,1972-10,32.400,32.400,2025=100指数,M,CPI2025_CORECORE,总务省(e-Stat),OFFICIAL_CANONICAL,CPI2025BASE,linked level RETROSPECTIVE_REBASE,2026-08-21,RETROSPECTIVE_REBASE,VERIFIED,ARCHIVED_RELEASE_20260821,false,true,true
1972-11-30,1972-11,32.500,32.500,2025=100指数,M,CPI2025_CORECORE,总务省(e-Stat),OFFICIAL_CANONICAL,CPI2025BASE,linked level RETROSPECTIVE_REBASE,2026-08-21,RETROSPECTIVE_REBASE,VERIFIED,ARCHIVED_RELEASE_20260821,false,true,true
1972-12-31,1972-12,32.700,32.700,2025=100指数,M,CPI2025_CORECORE,总务省(e-Stat),OFFICIAL_CANONICAL,CPI2025BASE,linked level RETROSPECTIVE_REBASE,2026-08-21,RETROSPECTIVE_REBASE,VERIFIED,ARCHIVED_RELEASE_20260821,false,true,true
1973-01-31,1973-01,32.900,32.900,2025=100指数,M,CPI2025_CORECORE,总务省(e-Stat),OFFICIAL_CANONICAL,CPI2025BASE,linked level RETROSPECTIVE_REBASE,2026-08-21,RETROSPECTIVE_REBASE,VERIFIED,ARCHIVED_RELEASE_20260821,false,true,true
1973-02-28,1973-02,33.200,33.200,2025=100指数,M,CPI2025_CORECORE,总务省(e-Stat),OFFICIAL_CANONICAL,CPI2025BASE,linked level RETROSPECTIVE_REBASE,2026-08-21,RETROSPECTIVE_REBASE,VERIFIED,ARCHIVED_RELEASE_20260821,false,true,true
1973-03-31,1973-03,33.800,33.800,2025=100指数,M,CPI2025_CORECORE,总务省(e-Stat),OFFICIAL_CANONICAL,CPI2025BASE,linked level RETROSPECTIVE_REBASE,2026-08-21,RETROSPECTIVE_REBASE,VERIFIED,ARCHIVED_RELEASE_20260821,false,true,true
1973-04-30,1973-04,34.300,34.300,2025=100指数,M,CPI2025_CORECORE,总务省(e-Stat),OFFICIAL_CANONICAL,CPI2025BASE,linked level RETROSPECTIVE_REBASE,2026-08-21,RETROSPECTIVE_REBASE,VERIFIED,ARCHIVED_RELEASE_20260821,false,true,true
1973-05-31,1973-05,34.800,34.800,2025=100指数,M,CPI2025_CORECORE,总务省(e-Stat),OFFICIAL_CANONICAL,CPI2025BASE,linked level RETROSPECTIVE_REBASE,2026-08-21,RETROSPECTIVE_REBASE,VERIFIED,ARCHIVED_RELEASE_20260821,false,true,true
1973-06-30,1973-06,35.200,35.200,2025=100指数,M,CPI2025_CORECORE,总务省(e-Stat),OFFICIAL_CANONICAL,CPI2025BASE,linked level RETROSPECTIVE_REBASE,2026-08-21,RETROSPECTIVE_REBASE,VERIFIED,ARCHIVED_RELEASE_20260821,false,true,true
1973-07-31,1973-07,35.500,35.500,2025=100指数,M,CPI2025_CORECORE,总务省(e-Stat),OFFICIAL_CANONICAL,CPI2025BASE,linked level RETROSPECTIVE_REBASE,2026-08-21,RETROSPECTIVE_REBASE,VERIFIED,ARCHIVED_RELEASE_20260821,false,true,true
1973-08-31,1973-08,35.700,35.700,2025=100指数,M,CPI2025_CORECORE,总务省(e-Stat),OFFICIAL_CANONICAL,CPI2025BASE,linked level RETROSPECTIVE_REBASE,2026-08-21,RETROSPECTIVE_REBASE,VERIFIED,ARCHIVED_RELEASE_20260821,false,true,true
1973-09-30,1973-09,36.400,36.400,2025=100指数,M,CPI2025_CORECORE,总务省(e-Stat),OFFICIAL_CANONICAL,CPI2025BASE,linked level RETROSPECTIVE_REBASE,2026-08-21,RETROSPECTIVE_REBASE,VERIFIED,ARCHIVED_RELEASE_20260821,false,true,true
1973-10-31,1973-10,36.800,36.800,2025=100指数,M,CPI2025_CORECORE,总务省(e-Stat),OFFICIAL_CANONICAL,CPI2025BASE,linked level RETROSPECTIVE_REBASE,2026-08-21,RETROSPECTIVE_REBASE,VERIFIED,ARCHIVED_RELEASE_20260821,false,true,true
1973-11-30,1973-11,37.400,37.400,2025=100指数,M,CPI2025_CORECORE,总务省(e-Stat),OFFICIAL_CANONICAL,CPI2025BASE,linked level RETROSPECTIVE_REBASE,2026-08-21,RETROSPECTIVE_REBASE,VERIFIED,ARCHIVED_RELEASE_20260821,false,true,true
1973-12-31,1973-12,38.400,38.400,2025=100指数,M,CPI2025_CORECORE,总务省(e-Stat),OFFICIAL_CANONICAL,CPI2025BASE,linked level RETROSPECTIVE_REBASE,2026-08-21,RETROSPECTIVE_REBASE,VERIFIED,ARCHIVED_RELEASE_20260821,false,true,true
1974-01-31,1974-01,39.700,39.700,2025=100指数,M,CPI2025_CORECORE,总务省(e-Stat),OFFICIAL_CANONICAL,CPI2025BASE,linked level RETROSPECTIVE_REBASE,2026-08-21,RETROSPECTIVE_REBASE,VERIFIED,ARCHIVED_RELEASE_20260821,false,true,true
1974-02-28,1974-02,40.800,40.800,2025=100指数,M,CPI2025_CORECORE,总务省(e-Stat),OFFICIAL_CANONICAL,CPI2025BASE,linked level RETROSPECTIVE_REBASE,2026-08-21,RETROSPECTIVE_REBASE,VERIFIED,ARCHIVED_RELEASE_20260821,false,true,true
1974-03-31,1974-03,41.200,41.200,2025=100指数,M,CPI2025_CORECORE,总务省(e-Stat),OFFICIAL_CANONICAL,CPI2025BASE,linked level RETROSPECTIVE_REBASE,2026-08-21,RETROSPECTIVE_REBASE,VERIFIED,ARCHIVED_RELEASE_20260821,false,true,true
1974-04-30,1974-04,41.900,41.900,2025=100指数,M,CPI2025_CORECORE,总务省(e-Stat),OFFICIAL_CANONICAL,CPI2025BASE,linked level RETROSPECTIVE_REBASE,2026-08-21,RETROSPECTIVE_REBASE,VERIFIED,ARCHIVED_RELEASE_20260821,false,true,true
1974-05-31,1974-05,42.500,42.500,2025=100指数,M,CPI2025_CORECORE,总务省(e-Stat),OFFICIAL_CANONICAL,CPI2025BASE,linked level RETROSPECTIVE_REBASE,2026-08-21,RETROSPECTIVE_REBASE,VERIFIED,ARCHIVED_RELEASE_20260821,false,true,true
1974-06-30,1974-06,42.800,42.800,2025=100指数,M,CPI2025_CORECORE,总务省(e-Stat),OFFICIAL_CANONICAL,CPI2025BASE,linked level RETROSPECTIVE_REBASE,2026-08-21,RETROSPECTIVE_REBASE,VERIFIED,ARCHIVED_RELEASE_20260821,false,true,true
1974-07-31,1974-07,43.400,43.400,2025=100指数,M,CPI2025_CORECORE,总务省(e-Stat),OFFICIAL_CANONICAL,CPI2025BASE,linked level RETROSPECTIVE_REBASE,2026-08-21,RETROSPECTIVE_REBASE,VERIFIED,ARCHIVED_RELEASE_20260821,false,true,true
1974-08-31,1974-08,43.500,43.500,2025=100指数,M,CPI2025_CORECORE,总务省(e-Stat),OFFICIAL_CANONICAL,CPI2025BASE,linked level RETROSPECTIVE_REBASE,2026-08-21,RETROSPECTIVE_REBASE,VERIFIED,ARCHIVED_RELEASE_20260821,false,true,true
1974-09-30,1974-09,44.100,44.100,2025=100指数,M,CPI2025_CORECORE,总务省(e-Stat),OFFICIAL_CANONICAL,CPI2025BASE,linked level RETROSPECTIVE_REBASE,2026-08-21,RETROSPECTIVE_REBASE,VERIFIED,ARCHIVED_RELEASE_20260821,false,true,true
1974-10-31,1974-10,45.600,45.600,2025=100指数,M,CPI2025_CORECORE,总务省(e-Stat),OFFICIAL_CANONICAL,CPI2025BASE,linked level RETROSPECTIVE_REBASE,2026-08-21,RETROSPECTIVE_REBASE,VERIFIED,ARCHIVED_RELEASE_20260821,false,true,true
1974-11-30,1974-11,46.000,46.000,2025=100指数,M,CPI2025_CORECORE,总务省(e-Stat),OFFICIAL_CANONICAL,CPI2025BASE,linked level RETROSPECTIVE_REBASE,2026-08-21,RETROSPECTIVE_REBASE,VERIFIED,ARCHIVED_RELEASE_20260821,false,true,true
1974-12-31,1974-12,46.300,46.300,2025=100指数,M,CPI2025_CORECORE,总务省(e-Stat),OFFICIAL_CANONICAL,CPI2025BASE,linked level RETROSPECTIVE_REBASE,2026-08-21,RETROSPECTIVE_REBASE,VERIFIED,ARCHIVED_RELEASE_20260821,false,true,true
1975-01-31,1975-01,46.600,46.600,2025=100指数,M,CPI2025_CORECORE,总务省(e-Stat),OFFICIAL_CANONICAL,CPI2025BASE,linked level RETROSPECTIVE_REBASE,2026-08-21,RETROSPECTIVE_REBASE,VERIFIED,ARCHIVED_RELEASE_20260821,false,true,true
1975-02-28,1975-02,46.700,46.700,2025=100指数,M,CPI2025_CORECORE,总务省(e-Stat),OFFICIAL_CANONICAL,CPI2025BASE,linked level RETROSPECTIVE_REBASE,2026-08-21,RETROSPECTIVE_REBASE,VERIFIED,ARCHIVED_RELEASE_20260821,false,true,true
1975-03-31,1975-03,46.900,46.900,2025=100指数,M,CPI2025_CORECORE,总务省(e-Stat),OFFICIAL_CANONICAL,CPI2025BASE,linked level RETROSPECTIVE_REBASE,2026-08-21,RETROSPECTIVE_REBASE,VERIFIED,ARCHIVED_RELEASE_20260821,false,true,true
1975-04-30,1975-04,47.800,47.800,2025=100指数,M,CPI2025_CORECORE,总务省(e-Stat),OFFICIAL_CANONICAL,CPI2025BASE,linked level RETROSPECTIVE_REBASE,2026-08-21,RETROSPECTIVE_REBASE,VERIFIED,ARCHIVED_RELEASE_20260821,false,true,true
1975-05-31,1975-05,48.100,48.100,2025=100指数,M,CPI2025_CORECORE,总务省(e-Stat),OFFICIAL_CANONICAL,CPI2025BASE,linked level RETROSPECTIVE_REBASE,2026-08-21,RETROSPECTIVE_REBASE,VERIFIED,ARCHIVED_RELEASE_20260821,false,true,true
1975-06-30,1975-06,48.200,48.200,2025=100指数,M,CPI2025_CORECORE,总务省(e-Stat),OFFICIAL_CANONICAL,CPI2025BASE,linked level RETROSPECTIVE_REBASE,2026-08-21,RETROSPECTIVE_REBASE,VERIFIED,ARCHIVED_RELEASE_20260821,false,true,true
1975-07-31,1975-07,48.500,48.500,2025=100指数,M,CPI2025_CORECORE,总务省(e-Stat),OFFICIAL_CANONICAL,CPI2025BASE,linked level RETROSPECTIVE_REBASE,2026-08-21,RETROSPECTIVE_REBASE,VERIFIED,ARCHIVED_RELEASE_20260821,false,true,true
1975-08-31,1975-08,48.300,48.300,2025=100指数,M,CPI2025_CORECORE,总务省(e-Stat),OFFICIAL_CANONICAL,CPI2025BASE,linked level RETROSPECTIVE_REBASE,2026-08-21,RETROSPECTIVE_REBASE,VERIFIED,ARCHIVED_RELEASE_20260821,false,true,true
1975-09-30,1975-09,49.200,49.200,2025=100指数,M,CPI2025_CORECORE,总务省(e-Stat),OFFICIAL_CANONICAL,CPI2025BASE,linked level RETROSPECTIVE_REBASE,2026-08-21,RETROSPECTIVE_REBASE,VERIFIED,ARCHIVED_RELEASE_20260821,false,true,true
1975-10-31,1975-10,49.600,49.600,2025=100指数,M,CPI2025_CORECORE,总务省(e-Stat),OFFICIAL_CANONICAL,CPI2025BASE,linked level RETROSPECTIVE_REBASE,2026-08-21,RETROSPECTIVE_REBASE,VERIFIED,ARCHIVED_RELEASE_20260821,false,true,true
1975-11-30,1975-11,49.700,49.700,2025=100指数,M,CPI2025_CORECORE,总务省(e-Stat),OFFICIAL_CANONICAL,CPI2025BASE,linked level RETROSPECTIVE_REBASE,2026-08-21,RETROSPECTIVE_REBASE,VERIFIED,ARCHIVED_RELEASE_20260821,false,true,true
1975-12-31,1975-12,49.900,49.900,2025=100指数,M,CPI2025_CORECORE,总务省(e-Stat),OFFICIAL_CANONICAL,CPI2025BASE,linked level RETROSPECTIVE_REBASE,2026-08-21,RETROSPECTIVE_REBASE,VERIFIED,ARCHIVED_RELEASE_20260821,false,true,true
1976-01-31,1976-01,50.500,50.500,2025=100指数,M,CPI2025_CORECORE,总务省(e-Stat),OFFICIAL_CANONICAL,CPI2025BASE,linked level RETROSPECTIVE_REBASE,2026-08-21,RETROSPECTIVE_REBASE,VERIFIED,ARCHIVED_RELEASE_20260821,false,true,true
1976-02-29,1976-02,50.800,50.800,2025=100指数,M,CPI2025_CORECORE,总务省(e-Stat),OFFICIAL_CANONICAL,CPI2025BASE,linked level RETROSPECTIVE_REBASE,2026-08-21,RETROSPECTIVE_REBASE,VERIFIED,ARCHIVED_RELEASE_20260821,false,true,true
1976-03-31,1976-03,51.100,51.100,2025=100指数,M,CPI2025_CORECORE,总务省(e-Stat),OFFICIAL_CANONICAL,CPI2025BASE,linked level RETROSPECTIVE_REBASE,2026-08-21,RETROSPECTIVE_REBASE,VERIFIED,ARCHIVED_RELEASE_20260821,false,true,true
1976-04-30,1976-04,52.000,52.000,2025=100指数,M,CPI2025_CORECORE,总务省(e-Stat),OFFICIAL_CANONICAL,CPI2025BASE,linked level RETROSPECTIVE_REBASE,2026-08-21,RETROSPECTIVE_REBASE,VERIFIED,ARCHIVED_RELEASE_20260821,false,true,true
1976-05-31,1976-05,52.400,52.400,2025=100指数,M,CPI2025_CORECORE,总务省(e-Stat),OFFICIAL_CANONICAL,CPI2025BASE,linked level RETROSPECTIVE_REBASE,2026-08-21,RETROSPECTIVE_REBASE,VERIFIED,ARCHIVED_RELEASE_20260821,false,true,true
1976-06-30,1976-06,52.800,52.800,2025=100指数,M,CPI2025_CORECORE,总务省(e-Stat),OFFICIAL_CANONICAL,CPI2025BASE,linked level RETROSPECTIVE_REBASE,2026-08-21,RETROSPECTIVE_REBASE,VERIFIED,ARCHIVED_RELEASE_20260821,false,true,true
1976-07-31,1976-07,52.900,52.900,2025=100指数,M,CPI2025_CORECORE,总务省(e-Stat),OFFICIAL_CANONICAL,CPI2025BASE,linked level RETROSPECTIVE_REBASE,2026-08-21,RETROSPECTIVE_REBASE,VERIFIED,ARCHIVED_RELEASE_20260821,false,true,true
1976-08-31,1976-08,52.700,52.700,2025=100指数,M,CPI2025_CORECORE,总务省(e-Stat),OFFICIAL_CANONICAL,CPI2025BASE,linked level RETROSPECTIVE_REBASE,2026-08-21,RETROSPECTIVE_REBASE,VERIFIED,ARCHIVED_RELEASE_20260821,false,true,true
1976-09-30,1976-09,53.600,53.600,2025=100指数,M,CPI2025_CORECORE,总务省(e-Stat),OFFICIAL_CANONICAL,CPI2025BASE,linked level RETROSPECTIVE_REBASE,2026-08-21,RETROSPECTIVE_REBASE,VERIFIED,ARCHIVED_RELEASE_20260821,false,true,true
1976-10-31,1976-10,53.900,53.900,2025=100指数,M,CPI2025_CORECORE,总务省(e-Stat),OFFICIAL_CANONICAL,CPI2025BASE,linked level RETROSPECTIVE_REBASE,2026-08-21,RETROSPECTIVE_REBASE,VERIFIED,ARCHIVED_RELEASE_20260821,false,true,true
1976-11-30,1976-11,54.300,54.300,2025=100指数,M,CPI2025_CORECORE,总务省(e-Stat),OFFICIAL_CANONICAL,CPI2025BASE,linked level RETROSPECTIVE_REBASE,2026-08-21,RETROSPECTIVE_REBASE,VERIFIED,ARCHIVED_RELEASE_20260821,false,true,true
1976-12-31,1976-12,55.100,55.100,2025=100指数,M,CPI2025_CORECORE,总务省(e-Stat),OFFICIAL_CANONICAL,CPI2025BASE,linked level RETROSPECTIVE_REBASE,2026-08-21,RETROSPECTIVE_REBASE,VERIFIED,ARCHIVED_RELEASE_20260821,false,true,true
1977-01-31,1977-01,55.100,55.100,2025=100指数,M,CPI2025_CORECORE,总务省(e-Stat),OFFICIAL_CANONICAL,CPI2025BASE,linked level RETROSPECTIVE_REBASE,2026-08-21,RETROSPECTIVE_REBASE,VERIFIED,ARCHIVED_RELEASE_20260821,false,true,true
1977-02-28,1977-02,55.200,55.200,2025=100指数,M,CPI2025_CORECORE,总务省(e-Stat),OFFICIAL_CANONICAL,CPI2025BASE,linked level RETROSPECTIVE_REBASE,2026-08-21,RETROSPECTIVE_REBASE,VERIFIED,ARCHIVED_RELEASE_20260821,false,true,true
1977-03-31,1977-03,55.400,55.400,2025=100指数,M,CPI2025_CORECORE,总务省(e-Stat),OFFICIAL_CANONICAL,CPI2025BASE,linked level RETROSPECTIVE_REBASE,2026-08-21,RETROSPECTIVE_REBASE,VERIFIED,ARCHIVED_RELEASE_20260821,false,true,true
1977-04-30,1977-04,56.400,56.400,2025=100指数,M,CPI2025_CORECORE,总务省(e-Stat),OFFICIAL_CANONICAL,CPI2025BASE,linked level RETROSPECTIVE_REBASE,2026-08-21,RETROSPECTIVE_REBASE,VERIFIED,ARCHIVED_RELEASE_20260821,false,true,true
1977-05-31,1977-05,56.900,56.900,2025=100指数,M,CPI2025_CORECORE,总务省(e-Stat),OFFICIAL_CANONICAL,CPI2025BASE,linked level RETROSPECTIVE_REBASE,2026-08-21,RETROSPECTIVE_REBASE,VERIFIED,ARCHIVED_RELEASE_20260821,false,true,true
1977-06-30,1977-06,57.100,57.100,2025=100指数,M,CPI2025_CORECORE,总务省(e-Stat),OFFICIAL_CANONICAL,CPI2025BASE,linked level RETROSPECTIVE_REBASE,2026-08-21,RETROSPECTIVE_REBASE,VERIFIED,ARCHIVED_RELEASE_20260821,false,true,true
1977-07-31,1977-07,57.300,57.300,2025=100指数,M,CPI2025_CORECORE,总务省(e-Stat),OFFICIAL_CANONICAL,CPI2025BASE,linked level RETROSPECTIVE_REBASE,2026-08-21,RETROSPECTIVE_REBASE,VERIFIED,ARCHIVED_RELEASE_20260821,false,true,true
1977-08-31,1977-08,57.100,57.100,2025=100指数,M,CPI2025_CORECORE,总务省(e-Stat),OFFICIAL_CANONICAL,CPI2025BASE,linked level RETROSPECTIVE_REBASE,2026-08-21,RETROSPECTIVE_REBASE,VERIFIED,ARCHIVED_RELEASE_20260821,false,true,true
1977-09-30,1977-09,57.900,57.900,2025=100指数,M,CPI2025_CORECORE,总务省(e-Stat),OFFICIAL_CANONICAL,CPI2025BASE,linked level RETROSPECTIVE_REBASE,2026-08-21,RETROSPECTIVE_REBASE,VERIFIED,ARCHIVED_RELEASE_20260821,false,true,true
1977-10-31,1977-10,58.100,58.100,2025=100指数,M,CPI2025_CORECORE,总务省(e-Stat),OFFICIAL_CANONICAL,CPI2025BASE,linked level RETROSPECTIVE_REBASE,2026-08-21,RETROSPECTIVE_REBASE,VERIFIED,ARCHIVED_RELEASE_20260821,false,true,true
1977-11-30,1977-11,58.200,58.200,2025=100指数,M,CPI2025_CORECORE,总务省(e-Stat),OFFICIAL_CANONICAL,CPI2025BASE,linked level RETROSPECTIVE_REBASE,2026-08-21,RETROSPECTIVE_REBASE,VERIFIED,ARCHIVED_RELEASE_20260821,false,true,true
1977-12-31,1977-12,58.400,58.400,2025=100指数,M,CPI2025_CORECORE,总务省(e-Stat),OFFICIAL_CANONICAL,CPI2025BASE,linked level RETROSPECTIVE_REBASE,2026-08-21,RETROSPECTIVE_REBASE,VERIFIED,ARCHIVED_RELEASE_20260821,false,true,true
1978-01-31,1978-01,58.300,58.300,2025=100指数,M,CPI2025_CORECORE,总务省(e-Stat),OFFICIAL_CANONICAL,CPI2025BASE,linked level RETROSPECTIVE_REBASE,2026-08-21,RETROSPECTIVE_REBASE,VERIFIED,ARCHIVED_RELEASE_20260821,false,true,true
1978-02-28,1978-02,58.400,58.400,2025=100指数,M,CPI2025_CORECORE,总务省(e-Stat),OFFICIAL_CANONICAL,CPI2025BASE,linked level RETROSPECTIVE_REBASE,2026-08-21,RETROSPECTIVE_REBASE,VERIFIED,ARCHIVED_RELEASE_20260821,false,true,true
1978-03-31,1978-03,58.800,58.800,2025=100指数,M,CPI2025_CORECORE,总务省(e-Stat),OFFICIAL_CANONICAL,CPI2025BASE,linked level RETROSPECTIVE_REBASE,2026-08-21,RETROSPECTIVE_REBASE,VERIFIED,ARCHIVED_RELEASE_20260821,false,true,true
1978-04-30,1978-04,59.400,59.400,2025=100指数,M,CPI2025_CORECORE,总务省(e-Stat),OFFICIAL_CANONICAL,CPI2025BASE,linked level RETROSPECTIVE_REBASE,2026-08-21,RETROSPECTIVE_REBASE,VERIFIED,ARCHIVED_RELEASE_20260821,false,true,true
1978-05-31,1978-05,59.800,59.800,2025=100指数,M,CPI2025_CORECORE,总务省(e-Stat),OFFICIAL_CANONICAL,CPI2025BASE,linked level RETROSPECTIVE_REBASE,2026-08-21,RETROSPECTIVE_REBASE,VERIFIED,ARCHIVED_RELEASE_20260821,false,true,true
1978-06-30,1978-06,59.900,59.900,2025=100指数,M,CPI2025_CORECORE,总务省(e-Stat),OFFICIAL_CANONICAL,CPI2025BASE,linked level RETROSPECTIVE_REBASE,2026-08-21,RETROSPECTIVE_REBASE,VERIFIED,ARCHIVED_RELEASE_20260821,false,true,true
1978-07-31,1978-07,60.100,60.100,2025=100指数,M,CPI2025_CORECORE,总务省(e-Stat),OFFICIAL_CANONICAL,CPI2025BASE,linked level RETROSPECTIVE_REBASE,2026-08-21,RETROSPECTIVE_REBASE,VERIFIED,ARCHIVED_RELEASE_20260821,false,true,true
1978-08-31,1978-08,59.800,59.800,2025=100指数,M,CPI2025_CORECORE,总务省(e-Stat),OFFICIAL_CANONICAL,CPI2025BASE,linked level RETROSPECTIVE_REBASE,2026-08-21,RETROSPECTIVE_REBASE,VERIFIED,ARCHIVED_RELEASE_20260821,false,true,true
1978-09-30,1978-09,60.400,60.400,2025=100指数,M,CPI2025_CORECORE,总务省(e-Stat),OFFICIAL_CANONICAL,CPI2025BASE,linked level RETROSPECTIVE_REBASE,2026-08-21,RETROSPECTIVE_REBASE,VERIFIED,ARCHIVED_RELEASE_20260821,false,true,true
1978-10-31,1978-10,60.600,60.600,2025=100指数,M,CPI2025_CORECORE,总务省(e-Stat),OFFICIAL_CANONICAL,CPI2025BASE,linked level RETROSPECTIVE_REBASE,2026-08-21,RETROSPECTIVE_REBASE,VERIFIED,ARCHIVED_RELEASE_20260821,false,true,true
1978-11-30,1978-11,60.700,60.700,2025=100指数,M,CPI2025_CORECORE,总务省(e-Stat),OFFICIAL_CANONICAL,CPI2025BASE,linked level RETROSPECTIVE_REBASE,2026-08-21,RETROSPECTIVE_REBASE,VERIFIED,ARCHIVED_RELEASE_20260821,false,true,true
1978-12-31,1978-12,60.900,60.900,2025=100指数,M,CPI2025_CORECORE,总务省(e-Stat),OFFICIAL_CANONICAL,CPI2025BASE,linked level RETROSPECTIVE_REBASE,2026-08-21,RETROSPECTIVE_REBASE,VERIFIED,ARCHIVED_RELEASE_20260821,false,true,true
1979-01-31,1979-01,60.700,60.700,2025=100指数,M,CPI2025_CORECORE,总务省(e-Stat),OFFICIAL_CANONICAL,CPI2025BASE,linked level RETROSPECTIVE_REBASE,2026-08-21,RETROSPECTIVE_REBASE,VERIFIED,ARCHIVED_RELEASE_20260821,false,true,true
1979-02-28,1979-02,60.600,60.600,2025=100指数,M,CPI2025_CORECORE,总务省(e-Stat),OFFICIAL_CANONICAL,CPI2025BASE,linked level RETROSPECTIVE_REBASE,2026-08-21,RETROSPECTIVE_REBASE,VERIFIED,ARCHIVED_RELEASE_20260821,false,true,true
1979-03-31,1979-03,60.900,60.900,2025=100指数,M,CPI2025_CORECORE,总务省(e-Stat),OFFICIAL_CANONICAL,CPI2025BASE,linked level RETROSPECTIVE_REBASE,2026-08-21,RETROSPECTIVE_REBASE,VERIFIED,ARCHIVED_RELEASE_20260821,false,true,true
1979-04-30,1979-04,61.300,61.300,2025=100指数,M,CPI2025_CORECORE,总务省(e-Stat),OFFICIAL_CANONICAL,CPI2025BASE,linked level RETROSPECTIVE_REBASE,2026-08-21,RETROSPECTIVE_REBASE,VERIFIED,ARCHIVED_RELEASE_20260821,false,true,true
1979-05-31,1979-05,61.800,61.800,2025=100指数,M,CPI2025_CORECORE,总务省(e-Stat),OFFICIAL_CANONICAL,CPI2025BASE,linked level RETROSPECTIVE_REBASE,2026-08-21,RETROSPECTIVE_REBASE,VERIFIED,ARCHIVED_RELEASE_20260821,false,true,true
1979-06-30,1979-06,62.000,62.000,2025=100指数,M,CPI2025_CORECORE,总务省(e-Stat),OFFICIAL_CANONICAL,CPI2025BASE,linked level RETROSPECTIVE_REBASE,2026-08-21,RETROSPECTIVE_REBASE,VERIFIED,ARCHIVED_RELEASE_20260821,false,true,true
1979-07-31,1979-07,62.100,62.100,2025=100指数,M,CPI2025_CORECORE,总务省(e-Stat),OFFICIAL_CANONICAL,CPI2025BASE,linked level RETROSPECTIVE_REBASE,2026-08-21,RETROSPECTIVE_REBASE,VERIFIED,ARCHIVED_RELEASE_20260821,false,true,true
1979-08-31,1979-08,61.700,61.700,2025=100指数,M,CPI2025_CORECORE,总务省(e-Stat),OFFICIAL_CANONICAL,CPI2025BASE,linked level RETROSPECTIVE_REBASE,2026-08-21,RETROSPECTIVE_REBASE,VERIFIED,ARCHIVED_RELEASE_20260821,false,true,true
1979-09-30,1979-09,62.400,62.400,2025=100指数,M,CPI2025_CORECORE,总务省(e-Stat),OFFICIAL_CANONICAL,CPI2025BASE,linked level RETROSPECTIVE_REBASE,2026-08-21,RETROSPECTIVE_REBASE,VERIFIED,ARCHIVED_RELEASE_20260821,false,true,true
1979-10-31,1979-10,62.600,62.600,2025=100指数,M,CPI2025_CORECORE,总务省(e-Stat),OFFICIAL_CANONICAL,CPI2025BASE,linked level RETROSPECTIVE_REBASE,2026-08-21,RETROSPECTIVE_REBASE,VERIFIED,ARCHIVED_RELEASE_20260821,false,true,true
1979-11-30,1979-11,62.800,62.800,2025=100指数,M,CPI2025_CORECORE,总务省(e-Stat),OFFICIAL_CANONICAL,CPI2025BASE,linked level RETROSPECTIVE_REBASE,2026-08-21,RETROSPECTIVE_REBASE,VERIFIED,ARCHIVED_RELEASE_20260821,false,true,true
1979-12-31,1979-12,63.000,63.000,2025=100指数,M,CPI2025_CORECORE,总务省(e-Stat),OFFICIAL_CANONICAL,CPI2025BASE,linked level RETROSPECTIVE_REBASE,2026-08-21,RETROSPECTIVE_REBASE,VERIFIED,ARCHIVED_RELEASE_20260821,false,true,true
1980-01-31,1980-01,63.300,63.300,2025=100指数,M,CPI2025_CORECORE,总务省(e-Stat),OFFICIAL_CANONICAL,CPI2025BASE,linked level RETROSPECTIVE_REBASE,2026-08-21,RETROSPECTIVE_REBASE,VERIFIED,ARCHIVED_RELEASE_20260821,false,true,true
1980-02-29,1980-02,63.300,63.300,2025=100指数,M,CPI2025_CORECORE,总务省(e-Stat),OFFICIAL_CANONICAL,CPI2025BASE,linked level RETROSPECTIVE_REBASE,2026-08-21,RETROSPECTIVE_REBASE,VERIFIED,ARCHIVED_RELEASE_20260821,false,true,true
1980-03-31,1980-03,63.800,63.800,2025=100指数,M,CPI2025_CORECORE,总务省(e-Stat),OFFICIAL_CANONICAL,CPI2025BASE,linked level RETROSPECTIVE_REBASE,2026-08-21,RETROSPECTIVE_REBASE,VERIFIED,ARCHIVED_RELEASE_20260821,false,true,true
1980-04-30,1980-04,64.600,64.600,2025=100指数,M,CPI2025_CORECORE,总务省(e-Stat),OFFICIAL_CANONICAL,CPI2025BASE,linked level RETROSPECTIVE_REBASE,2026-08-21,RETROSPECTIVE_REBASE,VERIFIED,ARCHIVED_RELEASE_20260821,false,true,true
1980-05-31,1980-05,65.600,65.600,2025=100指数,M,CPI2025_CORECORE,总务省(e-Stat),OFFICIAL_CANONICAL,CPI2025BASE,linked level RETROSPECTIVE_REBASE,2026-08-21,RETROSPECTIVE_REBASE,VERIFIED,ARCHIVED_RELEASE_20260821,false,true,true
1980-06-30,1980-06,65.900,65.900,2025=100指数,M,CPI2025_CORECORE,总务省(e-Stat),OFFICIAL_CANONICAL,CPI2025BASE,linked level RETROSPECTIVE_REBASE,2026-08-21,RETROSPECTIVE_REBASE,VERIFIED,ARCHIVED_RELEASE_20260821,false,true,true
1980-07-31,1980-07,66.100,66.100,2025=100指数,M,CPI2025_CORECORE,总务省(e-Stat),OFFICIAL_CANONICAL,CPI2025BASE,linked level RETROSPECTIVE_REBASE,2026-08-21,RETROSPECTIVE_REBASE,VERIFIED,ARCHIVED_RELEASE_20260821,false,true,true
1980-08-31,1980-08,65.800,65.800,2025=100指数,M,CPI2025_CORECORE,总务省(e-Stat),OFFICIAL_CANONICAL,CPI2025BASE,linked level RETROSPECTIVE_REBASE,2026-08-21,RETROSPECTIVE_REBASE,VERIFIED,ARCHIVED_RELEASE_20260821,false,true,true
1980-09-30,1980-09,66.500,66.500,2025=100指数,M,CPI2025_CORECORE,总务省(e-Stat),OFFICIAL_CANONICAL,CPI2025BASE,linked level RETROSPECTIVE_REBASE,2026-08-21,RETROSPECTIVE_REBASE,VERIFIED,ARCHIVED_RELEASE_20260821,false,true,true
1980-10-31,1980-10,66.900,66.900,2025=100指数,M,CPI2025_CORECORE,总务省(e-Stat),OFFICIAL_CANONICAL,CPI2025BASE,linked level RETROSPECTIVE_REBASE,2026-08-21,RETROSPECTIVE_REBASE,VERIFIED,ARCHIVED_RELEASE_20260821,false,true,true
1980-11-30,1980-11,67.100,67.100,2025=100指数,M,CPI2025_CORECORE,总务省(e-Stat),OFFICIAL_CANONICAL,CPI2025BASE,linked level RETROSPECTIVE_REBASE,2026-08-21,RETROSPECTIVE_REBASE,VERIFIED,ARCHIVED_RELEASE_20260821,false,true,true
1980-12-31,1980-12,67.300,67.300,2025=100指数,M,CPI2025_CORECORE,总务省(e-Stat),OFFICIAL_CANONICAL,CPI2025BASE,linked level RETROSPECTIVE_REBASE,2026-08-21,RETROSPECTIVE_REBASE,VERIFIED,ARCHIVED_RELEASE_20260821,false,true,true
1981-01-31,1981-01,67.300,67.300,2025=100指数,M,CPI2025_CORECORE,总务省(e-Stat),OFFICIAL_CANONICAL,CPI2025BASE,linked level RETROSPECTIVE_REBASE,2026-08-21,RETROSPECTIVE_REBASE,VERIFIED,ARCHIVED_RELEASE_20260821,false,true,true
1981-02-28,1981-02,67.100,67.100,2025=100指数,M,CPI2025_CORECORE,总务省(e-Stat),OFFICIAL_CANONICAL,CPI2025BASE,linked level RETROSPECTIVE_REBASE,2026-08-21,RETROSPECTIVE_REBASE,VERIFIED,ARCHIVED_RELEASE_20260821,false,true,true
1981-03-31,1981-03,67.400,67.400,2025=100指数,M,CPI2025_CORECORE,总务省(e-Stat),OFFICIAL_CANONICAL,CPI2025BASE,linked level RETROSPECTIVE_REBASE,2026-08-21,RETROSPECTIVE_REBASE,VERIFIED,ARCHIVED_RELEASE_20260821,false,true,true
1981-04-30,1981-04,67.900,67.900,2025=100指数,M,CPI2025_CORECORE,总务省(e-Stat),OFFICIAL_CANONICAL,CPI2025BASE,linked level RETROSPECTIVE_REBASE,2026-08-21,RETROSPECTIVE_REBASE,VERIFIED,ARCHIVED_RELEASE_20260821,false,true,true
1981-05-31,1981-05,68.600,68.600,2025=100指数,M,CPI2025_CORECORE,总务省(e-Stat),OFFICIAL_CANONICAL,CPI2025BASE,linked level RETROSPECTIVE_REBASE,2026-08-21,RETROSPECTIVE_REBASE,VERIFIED,ARCHIVED_RELEASE_20260821,false,true,true
1981-06-30,1981-06,68.800,68.800,2025=100指数,M,CPI2025_CORECORE,总务省(e-Stat),OFFICIAL_CANONICAL,CPI2025BASE,linked level RETROSPECTIVE_REBASE,2026-08-21,RETROSPECTIVE_REBASE,VERIFIED,ARCHIVED_RELEASE_20260821,false,true,true
1981-07-31,1981-07,68.800,68.800,2025=100指数,M,CPI2025_CORECORE,总务省(e-Stat),OFFICIAL_CANONICAL,CPI2025BASE,linked level RETROSPECTIVE_REBASE,2026-08-21,RETROSPECTIVE_REBASE,VERIFIED,ARCHIVED_RELEASE_20260821,false,true,true
1981-08-31,1981-08,68.400,68.400,2025=100指数,M,CPI2025_CORECORE,总务省(e-Stat),OFFICIAL_CANONICAL,CPI2025BASE,linked level RETROSPECTIVE_REBASE,2026-08-21,RETROSPECTIVE_REBASE,VERIFIED,ARCHIVED_RELEASE_20260821,false,true,true
1981-09-30,1981-09,69.300,69.300,2025=100指数,M,CPI2025_CORECORE,总务省(e-Stat),OFFICIAL_CANONICAL,CPI2025BASE,linked level RETROSPECTIVE_REBASE,2026-08-21,RETROSPECTIVE_REBASE,VERIFIED,ARCHIVED_RELEASE_20260821,false,true,true
1981-10-31,1981-10,69.600,69.600,2025=100指数,M,CPI2025_CORECORE,总务省(e-Stat),OFFICIAL_CANONICAL,CPI2025BASE,linked level RETROSPECTIVE_REBASE,2026-08-21,RETROSPECTIVE_REBASE,VERIFIED,ARCHIVED_RELEASE_20260821,false,true,true
1981-11-30,1981-11,69.700,69.700,2025=100指数,M,CPI2025_CORECORE,总务省(e-Stat),OFFICIAL_CANONICAL,CPI2025BASE,linked level RETROSPECTIVE_REBASE,2026-08-21,RETROSPECTIVE_REBASE,VERIFIED,ARCHIVED_RELEASE_20260821,false,true,true
1981-12-31,1981-12,69.900,69.900,2025=100指数,M,CPI2025_CORECORE,总务省(e-Stat),OFFICIAL_CANONICAL,CPI2025BASE,linked level RETROSPECTIVE_REBASE,2026-08-21,RETROSPECTIVE_REBASE,VERIFIED,ARCHIVED_RELEASE_20260821,false,true,true
1982-01-31,1982-01,69.600,69.600,2025=100指数,M,CPI2025_CORECORE,总务省(e-Stat),OFFICIAL_CANONICAL,CPI2025BASE,linked level RETROSPECTIVE_REBASE,2026-08-21,RETROSPECTIVE_REBASE,VERIFIED,ARCHIVED_RELEASE_20260821,false,true,true
1982-02-28,1982-02,69.400,69.400,2025=100指数,M,CPI2025_CORECORE,总务省(e-Stat),OFFICIAL_CANONICAL,CPI2025BASE,linked level RETROSPECTIVE_REBASE,2026-08-21,RETROSPECTIVE_REBASE,VERIFIED,ARCHIVED_RELEASE_20260821,false,true,true
1982-03-31,1982-03,69.600,69.600,2025=100指数,M,CPI2025_CORECORE,总务省(e-Stat),OFFICIAL_CANONICAL,CPI2025BASE,linked level RETROSPECTIVE_REBASE,2026-08-21,RETROSPECTIVE_REBASE,VERIFIED,ARCHIVED_RELEASE_20260821,false,true,true
1982-04-30,1982-04,70.100,70.100,2025=100指数,M,CPI2025_CORECORE,总务省(e-Stat),OFFICIAL_CANONICAL,CPI2025BASE,linked level RETROSPECTIVE_REBASE,2026-08-21,RETROSPECTIVE_REBASE,VERIFIED,ARCHIVED_RELEASE_20260821,false,true,true
1982-05-31,1982-05,70.700,70.700,2025=100指数,M,CPI2025_CORECORE,总务省(e-Stat),OFFICIAL_CANONICAL,CPI2025BASE,linked level RETROSPECTIVE_REBASE,2026-08-21,RETROSPECTIVE_REBASE,VERIFIED,ARCHIVED_RELEASE_20260821,false,true,true
1982-06-30,1982-06,70.900,70.900,2025=100指数,M,CPI2025_CORECORE,总务省(e-Stat),OFFICIAL_CANONICAL,CPI2025BASE,linked level RETROSPECTIVE_REBASE,2026-08-21,RETROSPECTIVE_REBASE,VERIFIED,ARCHIVED_RELEASE_20260821,false,true,true
1982-07-31,1982-07,70.700,70.700,2025=100指数,M,CPI2025_CORECORE,总务省(e-Stat),OFFICIAL_CANONICAL,CPI2025BASE,linked level RETROSPECTIVE_REBASE,2026-08-21,RETROSPECTIVE_REBASE,VERIFIED,ARCHIVED_RELEASE_20260821,false,true,true
1982-08-31,1982-08,70.400,70.400,2025=100指数,M,CPI2025_CORECORE,总务省(e-Stat),OFFICIAL_CANONICAL,CPI2025BASE,linked level RETROSPECTIVE_REBASE,2026-08-21,RETROSPECTIVE_REBASE,VERIFIED,ARCHIVED_RELEASE_20260821,false,true,true
1982-09-30,1982-09,71.300,71.300,2025=100指数,M,CPI2025_CORECORE,总务省(e-Stat),OFFICIAL_CANONICAL,CPI2025BASE,linked level RETROSPECTIVE_REBASE,2026-08-21,RETROSPECTIVE_REBASE,VERIFIED,ARCHIVED_RELEASE_20260821,false,true,true
1982-10-31,1982-10,71.600,71.600,2025=100指数,M,CPI2025_CORECORE,总务省(e-Stat),OFFICIAL_CANONICAL,CPI2025BASE,linked level RETROSPECTIVE_REBASE,2026-08-21,RETROSPECTIVE_REBASE,VERIFIED,ARCHIVED_RELEASE_20260821,false,true,true
1982-11-30,1982-11,71.600,71.600,2025=100指数,M,CPI2025_CORECORE,总务省(e-Stat),OFFICIAL_CANONICAL,CPI2025BASE,linked level RETROSPECTIVE_REBASE,2026-08-21,RETROSPECTIVE_REBASE,VERIFIED,ARCHIVED_RELEASE_20260821,false,true,true
1982-12-31,1982-12,71.600,71.600,2025=100指数,M,CPI2025_CORECORE,总务省(e-Stat),OFFICIAL_CANONICAL,CPI2025BASE,linked level RETROSPECTIVE_REBASE,2026-08-21,RETROSPECTIVE_REBASE,VERIFIED,ARCHIVED_RELEASE_20260821,false,true,true
1983-01-31,1983-01,71.300,71.300,2025=100指数,M,CPI2025_CORECORE,总务省(e-Stat),OFFICIAL_CANONICAL,CPI2025BASE,linked level RETROSPECTIVE_REBASE,2026-08-21,RETROSPECTIVE_REBASE,VERIFIED,ARCHIVED_RELEASE_20260821,false,true,true
1983-02-28,1983-02,71.100,71.100,2025=100指数,M,CPI2025_CORECORE,总务省(e-Stat),OFFICIAL_CANONICAL,CPI2025BASE,linked level RETROSPECTIVE_REBASE,2026-08-21,RETROSPECTIVE_REBASE,VERIFIED,ARCHIVED_RELEASE_20260821,false,true,true
1983-03-31,1983-03,71.300,71.300,2025=100指数,M,CPI2025_CORECORE,总务省(e-Stat),OFFICIAL_CANONICAL,CPI2025BASE,linked level RETROSPECTIVE_REBASE,2026-08-21,RETROSPECTIVE_REBASE,VERIFIED,ARCHIVED_RELEASE_20260821,false,true,true
1983-04-30,1983-04,71.800,71.800,2025=100指数,M,CPI2025_CORECORE,总务省(e-Stat),OFFICIAL_CANONICAL,CPI2025BASE,linked level RETROSPECTIVE_REBASE,2026-08-21,RETROSPECTIVE_REBASE,VERIFIED,ARCHIVED_RELEASE_20260821,false,true,true
1983-05-31,1983-05,72.400,72.400,2025=100指数,M,CPI2025_CORECORE,总务省(e-Stat),OFFICIAL_CANONICAL,CPI2025BASE,linked level RETROSPECTIVE_REBASE,2026-08-21,RETROSPECTIVE_REBASE,VERIFIED,ARCHIVED_RELEASE_20260821,false,true,true
1983-06-30,1983-06,72.400,72.400,2025=100指数,M,CPI2025_CORECORE,总务省(e-Stat),OFFICIAL_CANONICAL,CPI2025BASE,linked level RETROSPECTIVE_REBASE,2026-08-21,RETROSPECTIVE_REBASE,VERIFIED,ARCHIVED_RELEASE_20260821,false,true,true
1983-07-31,1983-07,72.400,72.400,2025=100指数,M,CPI2025_CORECORE,总务省(e-Stat),OFFICIAL_CANONICAL,CPI2025BASE,linked level RETROSPECTIVE_REBASE,2026-08-21,RETROSPECTIVE_REBASE,VERIFIED,ARCHIVED_RELEASE_20260821,false,true,true
1983-08-31,1983-08,71.800,71.800,2025=100指数,M,CPI2025_CORECORE,总务省(e-Stat),OFFICIAL_CANONICAL,CPI2025BASE,linked level RETROSPECTIVE_REBASE,2026-08-21,RETROSPECTIVE_REBASE,VERIFIED,ARCHIVED_RELEASE_20260821,false,true,true
1983-09-30,1983-09,72.700,72.700,2025=100指数,M,CPI2025_CORECORE,总务省(e-Stat),OFFICIAL_CANONICAL,CPI2025BASE,linked level RETROSPECTIVE_REBASE,2026-08-21,RETROSPECTIVE_REBASE,VERIFIED,ARCHIVED_RELEASE_20260821,false,true,true
1983-10-31,1983-10,73.000,73.000,2025=100指数,M,CPI2025_CORECORE,总务省(e-Stat),OFFICIAL_CANONICAL,CPI2025BASE,linked level RETROSPECTIVE_REBASE,2026-08-21,RETROSPECTIVE_REBASE,VERIFIED,ARCHIVED_RELEASE_20260821,false,true,true
1983-11-30,1983-11,73.300,73.300,2025=100指数,M,CPI2025_CORECORE,总务省(e-Stat),OFFICIAL_CANONICAL,CPI2025BASE,linked level RETROSPECTIVE_REBASE,2026-08-21,RETROSPECTIVE_REBASE,VERIFIED,ARCHIVED_RELEASE_20260821,false,true,true
1983-12-31,1983-12,73.300,73.300,2025=100指数,M,CPI2025_CORECORE,总务省(e-Stat),OFFICIAL_CANONICAL,CPI2025BASE,linked level RETROSPECTIVE_REBASE,2026-08-21,RETROSPECTIVE_REBASE,VERIFIED,ARCHIVED_RELEASE_20260821,false,true,true
1984-01-31,1984-01,73.000,73.000,2025=100指数,M,CPI2025_CORECORE,总务省(e-Stat),OFFICIAL_CANONICAL,CPI2025BASE,linked level RETROSPECTIVE_REBASE,2026-08-21,RETROSPECTIVE_REBASE,VERIFIED,ARCHIVED_RELEASE_20260821,false,true,true
1984-02-29,1984-02,73.000,73.000,2025=100指数,M,CPI2025_CORECORE,总务省(e-Stat),OFFICIAL_CANONICAL,CPI2025BASE,linked level RETROSPECTIVE_REBASE,2026-08-21,RETROSPECTIVE_REBASE,VERIFIED,ARCHIVED_RELEASE_20260821,false,true,true
1984-03-31,1984-03,73.000,73.000,2025=100指数,M,CPI2025_CORECORE,总务省(e-Stat),OFFICIAL_CANONICAL,CPI2025BASE,linked level RETROSPECTIVE_REBASE,2026-08-21,RETROSPECTIVE_REBASE,VERIFIED,ARCHIVED_RELEASE_20260821,false,true,true
1984-04-30,1984-04,73.400,73.400,2025=100指数,M,CPI2025_CORECORE,总务省(e-Stat),OFFICIAL_CANONICAL,CPI2025BASE,linked level RETROSPECTIVE_REBASE,2026-08-21,RETROSPECTIVE_REBASE,VERIFIED,ARCHIVED_RELEASE_20260821,false,true,true
1984-05-31,1984-05,74.300,74.300,2025=100指数,M,CPI2025_CORECORE,总务省(e-Stat),OFFICIAL_CANONICAL,CPI2025BASE,linked level RETROSPECTIVE_REBASE,2026-08-21,RETROSPECTIVE_REBASE,VERIFIED,ARCHIVED_RELEASE_20260821,false,true,true
1984-06-30,1984-06,74.200,74.200,2025=100指数,M,CPI2025_CORECORE,总务省(e-Stat),OFFICIAL_CANONICAL,CPI2025BASE,linked level RETROSPECTIVE_REBASE,2026-08-21,RETROSPECTIVE_REBASE,VERIFIED,ARCHIVED_RELEASE_20260821,false,true,true
1984-07-31,1984-07,74.100,74.100,2025=100指数,M,CPI2025_CORECORE,总务省(e-Stat),OFFICIAL_CANONICAL,CPI2025BASE,linked level RETROSPECTIVE_REBASE,2026-08-21,RETROSPECTIVE_REBASE,VERIFIED,ARCHIVED_RELEASE_20260821,false,true,true
1984-08-31,1984-08,73.700,73.700,2025=100指数,M,CPI2025_CORECORE,总务省(e-Stat),OFFICIAL_CANONICAL,CPI2025BASE,linked level RETROSPECTIVE_REBASE,2026-08-21,RETROSPECTIVE_REBASE,VERIFIED,ARCHIVED_RELEASE_20260821,false,true,true
1984-09-30,1984-09,74.500,74.500,2025=100指数,M,CPI2025_CORECORE,总务省(e-Stat),OFFICIAL_CANONICAL,CPI2025BASE,linked level RETROSPECTIVE_REBASE,2026-08-21,RETROSPECTIVE_REBASE,VERIFIED,ARCHIVED_RELEASE_20260821,false,true,true
1984-10-31,1984-10,75.000,75.000,2025=100指数,M,CPI2025_CORECORE,总务省(e-Stat),OFFICIAL_CANONICAL,CPI2025BASE,linked level RETROSPECTIVE_REBASE,2026-08-21,RETROSPECTIVE_REBASE,VERIFIED,ARCHIVED_RELEASE_20260821,false,true,true
1984-11-30,1984-11,75.100,75.100,2025=100指数,M,CPI2025_CORECORE,总务省(e-Stat),OFFICIAL_CANONICAL,CPI2025BASE,linked level RETROSPECTIVE_REBASE,2026-08-21,RETROSPECTIVE_REBASE,VERIFIED,ARCHIVED_RELEASE_20260821,false,true,true
1984-12-31,1984-12,75.100,75.100,2025=100指数,M,CPI2025_CORECORE,总务省(e-Stat),OFFICIAL_CANONICAL,CPI2025BASE,linked level RETROSPECTIVE_REBASE,2026-08-21,RETROSPECTIVE_REBASE,VERIFIED,ARCHIVED_RELEASE_20260821,false,true,true
1985-01-31,1985-01,75.000,75.000,2025=100指数,M,CPI2025_CORECORE,总务省(e-Stat),OFFICIAL_CANONICAL,CPI2025BASE,linked level RETROSPECTIVE_REBASE,2026-08-21,RETROSPECTIVE_REBASE,VERIFIED,ARCHIVED_RELEASE_20260821,false,true,true
1985-02-28,1985-02,74.900,74.900,2025=100指数,M,CPI2025_CORECORE,总务省(e-Stat),OFFICIAL_CANONICAL,CPI2025BASE,linked level RETROSPECTIVE_REBASE,2026-08-21,RETROSPECTIVE_REBASE,VERIFIED,ARCHIVED_RELEASE_20260821,false,true,true
1985-03-31,1985-03,75.100,75.100,2025=100指数,M,CPI2025_CORECORE,总务省(e-Stat),OFFICIAL_CANONICAL,CPI2025BASE,linked level RETROSPECTIVE_REBASE,2026-08-21,RETROSPECTIVE_REBASE,VERIFIED,ARCHIVED_RELEASE_20260821,false,true,true
1985-04-30,1985-04,75.500,75.500,2025=100指数,M,CPI2025_CORECORE,总务省(e-Stat),OFFICIAL_CANONICAL,CPI2025BASE,linked level RETROSPECTIVE_REBASE,2026-08-21,RETROSPECTIVE_REBASE,VERIFIED,ARCHIVED_RELEASE_20260821,false,true,true
1985-05-31,1985-05,75.800,75.800,2025=100指数,M,CPI2025_CORECORE,总务省(e-Stat),OFFICIAL_CANONICAL,CPI2025BASE,linked level RETROSPECTIVE_REBASE,2026-08-21,RETROSPECTIVE_REBASE,VERIFIED,ARCHIVED_RELEASE_20260821,false,true,true
1985-06-30,1985-06,75.900,75.900,2025=100指数,M,CPI2025_CORECORE,总务省(e-Stat),OFFICIAL_CANONICAL,CPI2025BASE,linked level RETROSPECTIVE_REBASE,2026-08-21,RETROSPECTIVE_REBASE,VERIFIED,ARCHIVED_RELEASE_20260821,false,true,true
1985-07-31,1985-07,75.800,75.800,2025=100指数,M,CPI2025_CORECORE,总务省(e-Stat),OFFICIAL_CANONICAL,CPI2025BASE,linked level RETROSPECTIVE_REBASE,2026-08-21,RETROSPECTIVE_REBASE,VERIFIED,ARCHIVED_RELEASE_20260821,false,true,true
1985-08-31,1985-08,75.700,75.700,2025=100指数,M,CPI2025_CORECORE,总务省(e-Stat),OFFICIAL_CANONICAL,CPI2025BASE,linked level RETROSPECTIVE_REBASE,2026-08-21,RETROSPECTIVE_REBASE,VERIFIED,ARCHIVED_RELEASE_20260821,false,true,true
1985-09-30,1985-09,76.100,76.100,2025=100指数,M,CPI2025_CORECORE,总务省(e-Stat),OFFICIAL_CANONICAL,CPI2025BASE,linked level RETROSPECTIVE_REBASE,2026-08-21,RETROSPECTIVE_REBASE,VERIFIED,ARCHIVED_RELEASE_20260821,false,true,true
1985-10-31,1985-10,76.300,76.300,2025=100指数,M,CPI2025_CORECORE,总务省(e-Stat),OFFICIAL_CANONICAL,CPI2025BASE,linked level RETROSPECTIVE_REBASE,2026-08-21,RETROSPECTIVE_REBASE,VERIFIED,ARCHIVED_RELEASE_20260821,false,true,true
1985-11-30,1985-11,76.400,76.400,2025=100指数,M,CPI2025_CORECORE,总务省(e-Stat),OFFICIAL_CANONICAL,CPI2025BASE,linked level RETROSPECTIVE_REBASE,2026-08-21,RETROSPECTIVE_REBASE,VERIFIED,ARCHIVED_RELEASE_20260821,false,true,true
1985-12-31,1985-12,76.500,76.500,2025=100指数,M,CPI2025_CORECORE,总务省(e-Stat),OFFICIAL_CANONICAL,CPI2025BASE,linked level RETROSPECTIVE_REBASE,2026-08-21,RETROSPECTIVE_REBASE,VERIFIED,ARCHIVED_RELEASE_20260821,false,true,true
1986-01-31,1986-01,76.300,76.300,2025=100指数,M,CPI2025_CORECORE,总务省(e-Stat),OFFICIAL_CANONICAL,CPI2025BASE,linked level RETROSPECTIVE_REBASE,2026-08-21,RETROSPECTIVE_REBASE,VERIFIED,ARCHIVED_RELEASE_20260821,false,true,true
1986-02-28,1986-02,76.300,76.300,2025=100指数,M,CPI2025_CORECORE,总务省(e-Stat),OFFICIAL_CANONICAL,CPI2025BASE,linked level RETROSPECTIVE_REBASE,2026-08-21,RETROSPECTIVE_REBASE,VERIFIED,ARCHIVED_RELEASE_20260821,false,true,true
1986-03-31,1986-03,76.400,76.400,2025=100指数,M,CPI2025_CORECORE,总务省(e-Stat),OFFICIAL_CANONICAL,CPI2025BASE,linked level RETROSPECTIVE_REBASE,2026-08-21,RETROSPECTIVE_REBASE,VERIFIED,ARCHIVED_RELEASE_20260821,false,true,true
1986-04-30,1986-04,76.800,76.800,2025=100指数,M,CPI2025_CORECORE,总务省(e-Stat),OFFICIAL_CANONICAL,CPI2025BASE,linked level RETROSPECTIVE_REBASE,2026-08-21,RETROSPECTIVE_REBASE,VERIFIED,ARCHIVED_RELEASE_20260821,false,true,true
1986-05-31,1986-05,77.100,77.100,2025=100指数,M,CPI2025_CORECORE,总务省(e-Stat),OFFICIAL_CANONICAL,CPI2025BASE,linked level RETROSPECTIVE_REBASE,2026-08-21,RETROSPECTIVE_REBASE,VERIFIED,ARCHIVED_RELEASE_20260821,false,true,true
1986-06-30,1986-06,77.200,77.200,2025=100指数,M,CPI2025_CORECORE,总务省(e-Stat),OFFICIAL_CANONICAL,CPI2025BASE,linked level RETROSPECTIVE_REBASE,2026-08-21,RETROSPECTIVE_REBASE,VERIFIED,ARCHIVED_RELEASE_20260821,false,true,true
1986-07-31,1986-07,77.100,77.100,2025=100指数,M,CPI2025_CORECORE,总务省(e-Stat),OFFICIAL_CANONICAL,CPI2025BASE,linked level RETROSPECTIVE_REBASE,2026-08-21,RETROSPECTIVE_REBASE,VERIFIED,ARCHIVED_RELEASE_20260821,false,true,true
1986-08-31,1986-08,76.800,76.800,2025=100指数,M,CPI2025_CORECORE,总务省(e-Stat),OFFICIAL_CANONICAL,CPI2025BASE,linked level RETROSPECTIVE_REBASE,2026-08-21,RETROSPECTIVE_REBASE,VERIFIED,ARCHIVED_RELEASE_20260821,false,true,true
1986-09-30,1986-09,77.200,77.200,2025=100指数,M,CPI2025_CORECORE,总务省(e-Stat),OFFICIAL_CANONICAL,CPI2025BASE,linked level RETROSPECTIVE_REBASE,2026-08-21,RETROSPECTIVE_REBASE,VERIFIED,ARCHIVED_RELEASE_20260821,false,true,true
1986-10-31,1986-10,77.400,77.400,2025=100指数,M,CPI2025_CORECORE,总务省(e-Stat),OFFICIAL_CANONICAL,CPI2025BASE,linked level RETROSPECTIVE_REBASE,2026-08-21,RETROSPECTIVE_REBASE,VERIFIED,ARCHIVED_RELEASE_20260821,false,true,true
1986-11-30,1986-11,77.400,77.400,2025=100指数,M,CPI2025_CORECORE,总务省(e-Stat),OFFICIAL_CANONICAL,CPI2025BASE,linked level RETROSPECTIVE_REBASE,2026-08-21,RETROSPECTIVE_REBASE,VERIFIED,ARCHIVED_RELEASE_20260821,false,true,true
1986-12-31,1986-12,77.500,77.500,2025=100指数,M,CPI2025_CORECORE,总务省(e-Stat),OFFICIAL_CANONICAL,CPI2025BASE,linked level RETROSPECTIVE_REBASE,2026-08-21,RETROSPECTIVE_REBASE,VERIFIED,ARCHIVED_RELEASE_20260821,false,true,true
1987-01-31,1987-01,77.100,77.100,2025=100指数,M,CPI2025_CORECORE,总务省(e-Stat),OFFICIAL_CANONICAL,CPI2025BASE,linked level RETROSPECTIVE_REBASE,2026-08-21,RETROSPECTIVE_REBASE,VERIFIED,ARCHIVED_RELEASE_20260821,false,true,true
1987-02-28,1987-02,77.100,77.100,2025=100指数,M,CPI2025_CORECORE,总务省(e-Stat),OFFICIAL_CANONICAL,CPI2025BASE,linked level RETROSPECTIVE_REBASE,2026-08-21,RETROSPECTIVE_REBASE,VERIFIED,ARCHIVED_RELEASE_20260821,false,true,true
1987-03-31,1987-03,77.300,77.300,2025=100指数,M,CPI2025_CORECORE,总务省(e-Stat),OFFICIAL_CANONICAL,CPI2025BASE,linked level RETROSPECTIVE_REBASE,2026-08-21,RETROSPECTIVE_REBASE,VERIFIED,ARCHIVED_RELEASE_20260821,false,true,true
1987-04-30,1987-04,77.600,77.600,2025=100指数,M,CPI2025_CORECORE,总务省(e-Stat),OFFICIAL_CANONICAL,CPI2025BASE,linked level RETROSPECTIVE_REBASE,2026-08-21,RETROSPECTIVE_REBASE,VERIFIED,ARCHIVED_RELEASE_20260821,false,true,true
1987-05-31,1987-05,77.700,77.700,2025=100指数,M,CPI2025_CORECORE,总务省(e-Stat),OFFICIAL_CANONICAL,CPI2025BASE,linked level RETROSPECTIVE_REBASE,2026-08-21,RETROSPECTIVE_REBASE,VERIFIED,ARCHIVED_RELEASE_20260821,false,true,true
1987-06-30,1987-06,77.800,77.800,2025=100指数,M,CPI2025_CORECORE,总务省(e-Stat),OFFICIAL_CANONICAL,CPI2025BASE,linked level RETROSPECTIVE_REBASE,2026-08-21,RETROSPECTIVE_REBASE,VERIFIED,ARCHIVED_RELEASE_20260821,false,true,true
1987-07-31,1987-07,77.700,77.700,2025=100指数,M,CPI2025_CORECORE,总务省(e-Stat),OFFICIAL_CANONICAL,CPI2025BASE,linked level RETROSPECTIVE_REBASE,2026-08-21,RETROSPECTIVE_REBASE,VERIFIED,ARCHIVED_RELEASE_20260821,false,true,true
1987-08-31,1987-08,77.600,77.600,2025=100指数,M,CPI2025_CORECORE,总务省(e-Stat),OFFICIAL_CANONICAL,CPI2025BASE,linked level RETROSPECTIVE_REBASE,2026-08-21,RETROSPECTIVE_REBASE,VERIFIED,ARCHIVED_RELEASE_20260821,false,true,true
1987-09-30,1987-09,77.800,77.800,2025=100指数,M,CPI2025_CORECORE,总务省(e-Stat),OFFICIAL_CANONICAL,CPI2025BASE,linked level RETROSPECTIVE_REBASE,2026-08-21,RETROSPECTIVE_REBASE,VERIFIED,ARCHIVED_RELEASE_20260821,false,true,true
1987-10-31,1987-10,78.000,78.000,2025=100指数,M,CPI2025_CORECORE,总务省(e-Stat),OFFICIAL_CANONICAL,CPI2025BASE,linked level RETROSPECTIVE_REBASE,2026-08-21,RETROSPECTIVE_REBASE,VERIFIED,ARCHIVED_RELEASE_20260821,false,true,true
1987-11-30,1987-11,78.000,78.000,2025=100指数,M,CPI2025_CORECORE,总务省(e-Stat),OFFICIAL_CANONICAL,CPI2025BASE,linked level RETROSPECTIVE_REBASE,2026-08-21,RETROSPECTIVE_REBASE,VERIFIED,ARCHIVED_RELEASE_20260821,false,true,true
1987-12-31,1987-12,78.000,78.000,2025=100指数,M,CPI2025_CORECORE,总务省(e-Stat),OFFICIAL_CANONICAL,CPI2025BASE,linked level RETROSPECTIVE_REBASE,2026-08-21,RETROSPECTIVE_REBASE,VERIFIED,ARCHIVED_RELEASE_20260821,false,true,true
1988-01-31,1988-01,77.700,77.700,2025=100指数,M,CPI2025_CORECORE,总务省(e-Stat),OFFICIAL_CANONICAL,CPI2025BASE,linked level RETROSPECTIVE_REBASE,2026-08-21,RETROSPECTIVE_REBASE,VERIFIED,ARCHIVED_RELEASE_20260821,false,true,true
1988-02-29,1988-02,77.700,77.700,2025=100指数,M,CPI2025_CORECORE,总务省(e-Stat),OFFICIAL_CANONICAL,CPI2025BASE,linked level RETROSPECTIVE_REBASE,2026-08-21,RETROSPECTIVE_REBASE,VERIFIED,ARCHIVED_RELEASE_20260821,false,true,true
1988-03-31,1988-03,77.700,77.700,2025=100指数,M,CPI2025_CORECORE,总务省(e-Stat),OFFICIAL_CANONICAL,CPI2025BASE,linked level RETROSPECTIVE_REBASE,2026-08-21,RETROSPECTIVE_REBASE,VERIFIED,ARCHIVED_RELEASE_20260821,false,true,true
1988-04-30,1988-04,78.100,78.100,2025=100指数,M,CPI2025_CORECORE,总务省(e-Stat),OFFICIAL_CANONICAL,CPI2025BASE,linked level RETROSPECTIVE_REBASE,2026-08-21,RETROSPECTIVE_REBASE,VERIFIED,ARCHIVED_RELEASE_20260821,false,true,true
1988-05-31,1988-05,78.300,78.300,2025=100指数,M,CPI2025_CORECORE,总务省(e-Stat),OFFICIAL_CANONICAL,CPI2025BASE,linked level RETROSPECTIVE_REBASE,2026-08-21,RETROSPECTIVE_REBASE,VERIFIED,ARCHIVED_RELEASE_20260821,false,true,true
1988-06-30,1988-06,78.300,78.300,2025=100指数,M,CPI2025_CORECORE,总务省(e-Stat),OFFICIAL_CANONICAL,CPI2025BASE,linked level RETROSPECTIVE_REBASE,2026-08-21,RETROSPECTIVE_REBASE,VERIFIED,ARCHIVED_RELEASE_20260821,false,true,true
1988-07-31,1988-07,78.100,78.100,2025=100指数,M,CPI2025_CORECORE,总务省(e-Stat),OFFICIAL_CANONICAL,CPI2025BASE,linked level RETROSPECTIVE_REBASE,2026-08-21,RETROSPECTIVE_REBASE,VERIFIED,ARCHIVED_RELEASE_20260821,false,true,true
1988-08-31,1988-08,78.000,78.000,2025=100指数,M,CPI2025_CORECORE,总务省(e-Stat),OFFICIAL_CANONICAL,CPI2025BASE,linked level RETROSPECTIVE_REBASE,2026-08-21,RETROSPECTIVE_REBASE,VERIFIED,ARCHIVED_RELEASE_20260821,false,true,true
1988-09-30,1988-09,78.300,78.300,2025=100指数,M,CPI2025_CORECORE,总务省(e-Stat),OFFICIAL_CANONICAL,CPI2025BASE,linked level RETROSPECTIVE_REBASE,2026-08-21,RETROSPECTIVE_REBASE,VERIFIED,ARCHIVED_RELEASE_20260821,false,true,true
1988-10-31,1988-10,78.700,78.700,2025=100指数,M,CPI2025_CORECORE,总务省(e-Stat),OFFICIAL_CANONICAL,CPI2025BASE,linked level RETROSPECTIVE_REBASE,2026-08-21,RETROSPECTIVE_REBASE,VERIFIED,ARCHIVED_RELEASE_20260821,false,true,true
1988-11-30,1988-11,78.700,78.700,2025=100指数,M,CPI2025_CORECORE,总务省(e-Stat),OFFICIAL_CANONICAL,CPI2025BASE,linked level RETROSPECTIVE_REBASE,2026-08-21,RETROSPECTIVE_REBASE,VERIFIED,ARCHIVED_RELEASE_20260821,false,true,true
1988-12-31,1988-12,78.800,78.800,2025=100指数,M,CPI2025_CORECORE,总务省(e-Stat),OFFICIAL_CANONICAL,CPI2025BASE,linked level RETROSPECTIVE_REBASE,2026-08-21,RETROSPECTIVE_REBASE,VERIFIED,ARCHIVED_RELEASE_20260821,false,true,true
1989-01-31,1989-01,78.500,78.500,2025=100指数,M,CPI2025_CORECORE,总务省(e-Stat),OFFICIAL_CANONICAL,CPI2025BASE,linked level RETROSPECTIVE_REBASE,2026-08-21,RETROSPECTIVE_REBASE,VERIFIED,ARCHIVED_RELEASE_20260821,false,true,true
1989-02-28,1989-02,78.500,78.500,2025=100指数,M,CPI2025_CORECORE,总务省(e-Stat),OFFICIAL_CANONICAL,CPI2025BASE,linked level RETROSPECTIVE_REBASE,2026-08-21,RETROSPECTIVE_REBASE,VERIFIED,ARCHIVED_RELEASE_20260821,false,true,true
1989-03-31,1989-03,78.700,78.700,2025=100指数,M,CPI2025_CORECORE,总务省(e-Stat),OFFICIAL_CANONICAL,CPI2025BASE,linked level RETROSPECTIVE_REBASE,2026-08-21,RETROSPECTIVE_REBASE,VERIFIED,ARCHIVED_RELEASE_20260821,false,true,true
1989-04-30,1989-04,80.200,80.200,2025=100指数,M,CPI2025_CORECORE,总务省(e-Stat),OFFICIAL_CANONICAL,CPI2025BASE,linked level RETROSPECTIVE_REBASE,2026-08-21,RETROSPECTIVE_REBASE,VERIFIED,ARCHIVED_RELEASE_20260821,false,true,true
1989-05-31,1989-05,80.600,80.600,2025=100指数,M,CPI2025_CORECORE,总务省(e-Stat),OFFICIAL_CANONICAL,CPI2025BASE,linked level RETROSPECTIVE_REBASE,2026-08-21,RETROSPECTIVE_REBASE,VERIFIED,ARCHIVED_RELEASE_20260821,false,true,true
1989-06-30,1989-06,80.700,80.700,2025=100指数,M,CPI2025_CORECORE,总务省(e-Stat),OFFICIAL_CANONICAL,CPI2025BASE,linked level RETROSPECTIVE_REBASE,2026-08-21,RETROSPECTIVE_REBASE,VERIFIED,ARCHIVED_RELEASE_20260821,false,true,true
1989-07-31,1989-07,80.500,80.500,2025=100指数,M,CPI2025_CORECORE,总务省(e-Stat),OFFICIAL_CANONICAL,CPI2025BASE,linked level RETROSPECTIVE_REBASE,2026-08-21,RETROSPECTIVE_REBASE,VERIFIED,ARCHIVED_RELEASE_20260821,false,true,true
1989-08-31,1989-08,80.400,80.400,2025=100指数,M,CPI2025_CORECORE,总务省(e-Stat),OFFICIAL_CANONICAL,CPI2025BASE,linked level RETROSPECTIVE_REBASE,2026-08-21,RETROSPECTIVE_REBASE,VERIFIED,ARCHIVED_RELEASE_20260821,false,true,true
1989-09-30,1989-09,80.800,80.800,2025=100指数,M,CPI2025_CORECORE,总务省(e-Stat),OFFICIAL_CANONICAL,CPI2025BASE,linked level RETROSPECTIVE_REBASE,2026-08-21,RETROSPECTIVE_REBASE,VERIFIED,ARCHIVED_RELEASE_20260821,false,true,true
1989-10-31,1989-10,81.100,81.100,2025=100指数,M,CPI2025_CORECORE,总务省(e-Stat),OFFICIAL_CANONICAL,CPI2025BASE,linked level RETROSPECTIVE_REBASE,2026-08-21,RETROSPECTIVE_REBASE,VERIFIED,ARCHIVED_RELEASE_20260821,false,true,true
1989-11-30,1989-11,81.200,81.200,2025=100指数,M,CPI2025_CORECORE,总务省(e-Stat),OFFICIAL_CANONICAL,CPI2025BASE,linked level RETROSPECTIVE_REBASE,2026-08-21,RETROSPECTIVE_REBASE,VERIFIED,ARCHIVED_RELEASE_20260821,false,true,true
1989-12-31,1989-12,81.200,81.200,2025=100指数,M,CPI2025_CORECORE,总务省(e-Stat),OFFICIAL_CANONICAL,CPI2025BASE,linked level RETROSPECTIVE_REBASE,2026-08-21,RETROSPECTIVE_REBASE,VERIFIED,ARCHIVED_RELEASE_20260821,false,true,true
1990-01-31,1990-01,81.100,81.100,2025=100指数,M,CPI2025_CORECORE,总务省(e-Stat),OFFICIAL_CANONICAL,CPI2025BASE,linked level RETROSPECTIVE_REBASE,2026-08-21,RETROSPECTIVE_REBASE,VERIFIED,ARCHIVED_RELEASE_20260821,false,true,true
1990-02-28,1990-02,81.000,81.000,2025=100指数,M,CPI2025_CORECORE,总务省(e-Stat),OFFICIAL_CANONICAL,CPI2025BASE,linked level RETROSPECTIVE_REBASE,2026-08-21,RETROSPECTIVE_REBASE,VERIFIED,ARCHIVED_RELEASE_20260821,false,true,true
1990-03-31,1990-03,81.300,81.300,2025=100指数,M,CPI2025_CORECORE,总务省(e-Stat),OFFICIAL_CANONICAL,CPI2025BASE,linked level RETROSPECTIVE_REBASE,2026-08-21,RETROSPECTIVE_REBASE,VERIFIED,ARCHIVED_RELEASE_20260821,false,true,true
1990-04-30,1990-04,82.000,82.000,2025=100指数,M,CPI2025_CORECORE,总务省(e-Stat),OFFICIAL_CANONICAL,CPI2025BASE,linked level RETROSPECTIVE_REBASE,2026-08-21,RETROSPECTIVE_REBASE,VERIFIED,ARCHIVED_RELEASE_20260821,false,true,true
1990-05-31,1990-05,82.300,82.300,2025=100指数,M,CPI2025_CORECORE,总务省(e-Stat),OFFICIAL_CANONICAL,CPI2025BASE,linked level RETROSPECTIVE_REBASE,2026-08-21,RETROSPECTIVE_REBASE,VERIFIED,ARCHIVED_RELEASE_20260821,false,true,true
1990-06-30,1990-06,82.300,82.300,2025=100指数,M,CPI2025_CORECORE,总务省(e-Stat),OFFICIAL_CANONICAL,CPI2025BASE,linked level RETROSPECTIVE_REBASE,2026-08-21,RETROSPECTIVE_REBASE,VERIFIED,ARCHIVED_RELEASE_20260821,false,true,true
1990-07-31,1990-07,82.300,82.300,2025=100指数,M,CPI2025_CORECORE,总务省(e-Stat),OFFICIAL_CANONICAL,CPI2025BASE,linked level RETROSPECTIVE_REBASE,2026-08-21,RETROSPECTIVE_REBASE,VERIFIED,ARCHIVED_RELEASE_20260821,false,true,true
1990-08-31,1990-08,82.300,82.300,2025=100指数,M,CPI2025_CORECORE,总务省(e-Stat),OFFICIAL_CANONICAL,CPI2025BASE,linked level RETROSPECTIVE_REBASE,2026-08-21,RETROSPECTIVE_REBASE,VERIFIED,ARCHIVED_RELEASE_20260821,false,true,true
1990-09-30,1990-09,82.900,82.900,2025=100指数,M,CPI2025_CORECORE,总务省(e-Stat),OFFICIAL_CANONICAL,CPI2025BASE,linked level RETROSPECTIVE_REBASE,2026-08-21,RETROSPECTIVE_REBASE,VERIFIED,ARCHIVED_RELEASE_20260821,false,true,true
1990-10-31,1990-10,83.100,83.100,2025=100指数,M,CPI2025_CORECORE,总务省(e-Stat),OFFICIAL_CANONICAL,CPI2025BASE,linked level RETROSPECTIVE_REBASE,2026-08-21,RETROSPECTIVE_REBASE,VERIFIED,ARCHIVED_RELEASE_20260821,false,true,true
1990-11-30,1990-11,83.400,83.400,2025=100指数,M,CPI2025_CORECORE,总务省(e-Stat),OFFICIAL_CANONICAL,CPI2025BASE,linked level RETROSPECTIVE_REBASE,2026-08-21,RETROSPECTIVE_REBASE,VERIFIED,ARCHIVED_RELEASE_20260821,false,true,true
1990-12-31,1990-12,83.500,83.500,2025=100指数,M,CPI2025_CORECORE,总务省(e-Stat),OFFICIAL_CANONICAL,CPI2025BASE,linked level RETROSPECTIVE_REBASE,2026-08-21,RETROSPECTIVE_REBASE,VERIFIED,ARCHIVED_RELEASE_20260821,false,true,true
1991-01-31,1991-01,83.500,83.500,2025=100指数,M,CPI2025_CORECORE,总务省(e-Stat),OFFICIAL_CANONICAL,CPI2025BASE,linked level RETROSPECTIVE_REBASE,2026-08-21,RETROSPECTIVE_REBASE,VERIFIED,ARCHIVED_RELEASE_20260821,false,true,true
1991-02-28,1991-02,83.400,83.400,2025=100指数,M,CPI2025_CORECORE,总务省(e-Stat),OFFICIAL_CANONICAL,CPI2025BASE,linked level RETROSPECTIVE_REBASE,2026-08-21,RETROSPECTIVE_REBASE,VERIFIED,ARCHIVED_RELEASE_20260821,false,true,true
1991-03-31,1991-03,83.800,83.800,2025=100指数,M,CPI2025_CORECORE,总务省(e-Stat),OFFICIAL_CANONICAL,CPI2025BASE,linked level RETROSPECTIVE_REBASE,2026-08-21,RETROSPECTIVE_REBASE,VERIFIED,ARCHIVED_RELEASE_20260821,false,true,true
1991-04-30,1991-04,84.300,84.300,2025=100指数,M,CPI2025_CORECORE,总务省(e-Stat),OFFICIAL_CANONICAL,CPI2025BASE,linked level RETROSPECTIVE_REBASE,2026-08-21,RETROSPECTIVE_REBASE,VERIFIED,ARCHIVED_RELEASE_20260821,false,true,true
1991-05-31,1991-05,84.800,84.800,2025=100指数,M,CPI2025_CORECORE,总务省(e-Stat),OFFICIAL_CANONICAL,CPI2025BASE,linked level RETROSPECTIVE_REBASE,2026-08-21,RETROSPECTIVE_REBASE,VERIFIED,ARCHIVED_RELEASE_20260821,false,true,true
1991-06-30,1991-06,84.800,84.800,2025=100指数,M,CPI2025_CORECORE,总务省(e-Stat),OFFICIAL_CANONICAL,CPI2025BASE,linked level RETROSPECTIVE_REBASE,2026-08-21,RETROSPECTIVE_REBASE,VERIFIED,ARCHIVED_RELEASE_20260821,false,true,true
1991-07-31,1991-07,84.800,84.800,2025=100指数,M,CPI2025_CORECORE,总务省(e-Stat),OFFICIAL_CANONICAL,CPI2025BASE,linked level RETROSPECTIVE_REBASE,2026-08-21,RETROSPECTIVE_REBASE,VERIFIED,ARCHIVED_RELEASE_20260821,false,true,true
1991-08-31,1991-08,84.800,84.800,2025=100指数,M,CPI2025_CORECORE,总务省(e-Stat),OFFICIAL_CANONICAL,CPI2025BASE,linked level RETROSPECTIVE_REBASE,2026-08-21,RETROSPECTIVE_REBASE,VERIFIED,ARCHIVED_RELEASE_20260821,false,true,true
1991-09-30,1991-09,85.200,85.200,2025=100指数,M,CPI2025_CORECORE,总务省(e-Stat),OFFICIAL_CANONICAL,CPI2025BASE,linked level RETROSPECTIVE_REBASE,2026-08-21,RETROSPECTIVE_REBASE,VERIFIED,ARCHIVED_RELEASE_20260821,false,true,true
1991-10-31,1991-10,85.400,85.400,2025=100指数,M,CPI2025_CORECORE,总务省(e-Stat),OFFICIAL_CANONICAL,CPI2025BASE,linked level RETROSPECTIVE_REBASE,2026-08-21,RETROSPECTIVE_REBASE,VERIFIED,ARCHIVED_RELEASE_20260821,false,true,true
1991-11-30,1991-11,85.600,85.600,2025=100指数,M,CPI2025_CORECORE,总务省(e-Stat),OFFICIAL_CANONICAL,CPI2025BASE,linked level RETROSPECTIVE_REBASE,2026-08-21,RETROSPECTIVE_REBASE,VERIFIED,ARCHIVED_RELEASE_20260821,false,true,true
1991-12-31,1991-12,85.800,85.800,2025=100指数,M,CPI2025_CORECORE,总务省(e-Stat),OFFICIAL_CANONICAL,CPI2025BASE,linked level RETROSPECTIVE_REBASE,2026-08-21,RETROSPECTIVE_REBASE,VERIFIED,ARCHIVED_RELEASE_20260821,false,true,true
1992-01-31,1992-01,85.500,85.500,2025=100指数,M,CPI2025_CORECORE,总务省(e-Stat),OFFICIAL_CANONICAL,CPI2025BASE,linked level RETROSPECTIVE_REBASE,2026-08-21,RETROSPECTIVE_REBASE,VERIFIED,ARCHIVED_RELEASE_20260821,false,true,true
1992-02-29,1992-02,85.600,85.600,2025=100指数,M,CPI2025_CORECORE,总务省(e-Stat),OFFICIAL_CANONICAL,CPI2025BASE,linked level RETROSPECTIVE_REBASE,2026-08-21,RETROSPECTIVE_REBASE,VERIFIED,ARCHIVED_RELEASE_20260821,false,true,true
1992-03-31,1992-03,85.900,85.900,2025=100指数,M,CPI2025_CORECORE,总务省(e-Stat),OFFICIAL_CANONICAL,CPI2025BASE,linked level RETROSPECTIVE_REBASE,2026-08-21,RETROSPECTIVE_REBASE,VERIFIED,ARCHIVED_RELEASE_20260821,false,true,true
1992-04-30,1992-04,86.700,86.700,2025=100指数,M,CPI2025_CORECORE,总务省(e-Stat),OFFICIAL_CANONICAL,CPI2025BASE,linked level RETROSPECTIVE_REBASE,2026-08-21,RETROSPECTIVE_REBASE,VERIFIED,ARCHIVED_RELEASE_20260821,false,true,true
1992-05-31,1992-05,87.100,87.100,2025=100指数,M,CPI2025_CORECORE,总务省(e-Stat),OFFICIAL_CANONICAL,CPI2025BASE,linked level RETROSPECTIVE_REBASE,2026-08-21,RETROSPECTIVE_REBASE,VERIFIED,ARCHIVED_RELEASE_20260821,false,true,true
1992-06-30,1992-06,87.100,87.100,2025=100指数,M,CPI2025_CORECORE,总务省(e-Stat),OFFICIAL_CANONICAL,CPI2025BASE,linked level RETROSPECTIVE_REBASE,2026-08-21,RETROSPECTIVE_REBASE,VERIFIED,ARCHIVED_RELEASE_20260821,false,true,true
1992-07-31,1992-07,86.900,86.900,2025=100指数,M,CPI2025_CORECORE,总务省(e-Stat),OFFICIAL_CANONICAL,CPI2025BASE,linked level RETROSPECTIVE_REBASE,2026-08-21,RETROSPECTIVE_REBASE,VERIFIED,ARCHIVED_RELEASE_20260821,false,true,true
1992-08-31,1992-08,86.800,86.800,2025=100指数,M,CPI2025_CORECORE,总务省(e-Stat),OFFICIAL_CANONICAL,CPI2025BASE,linked level RETROSPECTIVE_REBASE,2026-08-21,RETROSPECTIVE_REBASE,VERIFIED,ARCHIVED_RELEASE_20260821,false,true,true
1992-09-30,1992-09,87.200,87.200,2025=100指数,M,CPI2025_CORECORE,总务省(e-Stat),OFFICIAL_CANONICAL,CPI2025BASE,linked level RETROSPECTIVE_REBASE,2026-08-21,RETROSPECTIVE_REBASE,VERIFIED,ARCHIVED_RELEASE_20260821,false,true,true
1992-10-31,1992-10,87.400,87.400,2025=100指数,M,CPI2025_CORECORE,总务省(e-Stat),OFFICIAL_CANONICAL,CPI2025BASE,linked level RETROSPECTIVE_REBASE,2026-08-21,RETROSPECTIVE_REBASE,VERIFIED,ARCHIVED_RELEASE_20260821,false,true,true
1992-11-30,1992-11,87.600,87.600,2025=100指数,M,CPI2025_CORECORE,总务省(e-Stat),OFFICIAL_CANONICAL,CPI2025BASE,linked level RETROSPECTIVE_REBASE,2026-08-21,RETROSPECTIVE_REBASE,VERIFIED,ARCHIVED_RELEASE_20260821,false,true,true
1992-12-31,1992-12,87.600,87.600,2025=100指数,M,CPI2025_CORECORE,总务省(e-Stat),OFFICIAL_CANONICAL,CPI2025BASE,linked level RETROSPECTIVE_REBASE,2026-08-21,RETROSPECTIVE_REBASE,VERIFIED,ARCHIVED_RELEASE_20260821,false,true,true
1993-01-31,1993-01,87.100,87.100,2025=100指数,M,CPI2025_CORECORE,总务省(e-Stat),OFFICIAL_CANONICAL,CPI2025BASE,linked level RETROSPECTIVE_REBASE,2026-08-21,RETROSPECTIVE_REBASE,VERIFIED,ARCHIVED_RELEASE_20260821,false,true,true
1993-02-28,1993-02,87.100,87.100,2025=100指数,M,CPI2025_CORECORE,总务省(e-Stat),OFFICIAL_CANONICAL,CPI2025BASE,linked level RETROSPECTIVE_REBASE,2026-08-21,RETROSPECTIVE_REBASE,VERIFIED,ARCHIVED_RELEASE_20260821,false,true,true
1993-03-31,1993-03,87.400,87.400,2025=100指数,M,CPI2025_CORECORE,总务省(e-Stat),OFFICIAL_CANONICAL,CPI2025BASE,linked level RETROSPECTIVE_REBASE,2026-08-21,RETROSPECTIVE_REBASE,VERIFIED,ARCHIVED_RELEASE_20260821,false,true,true
1993-04-30,1993-04,88.000,88.000,2025=100指数,M,CPI2025_CORECORE,总务省(e-Stat),OFFICIAL_CANONICAL,CPI2025BASE,linked level RETROSPECTIVE_REBASE,2026-08-21,RETROSPECTIVE_REBASE,VERIFIED,ARCHIVED_RELEASE_20260821,false,true,true
1993-05-31,1993-05,88.200,88.200,2025=100指数,M,CPI2025_CORECORE,总务省(e-Stat),OFFICIAL_CANONICAL,CPI2025BASE,linked level RETROSPECTIVE_REBASE,2026-08-21,RETROSPECTIVE_REBASE,VERIFIED,ARCHIVED_RELEASE_20260821,false,true,true
1993-06-30,1993-06,88.300,88.300,2025=100指数,M,CPI2025_CORECORE,总务省(e-Stat),OFFICIAL_CANONICAL,CPI2025BASE,linked level RETROSPECTIVE_REBASE,2026-08-21,RETROSPECTIVE_REBASE,VERIFIED,ARCHIVED_RELEASE_20260821,false,true,true
1993-07-31,1993-07,88.000,88.000,2025=100指数,M,CPI2025_CORECORE,总务省(e-Stat),OFFICIAL_CANONICAL,CPI2025BASE,linked level RETROSPECTIVE_REBASE,2026-08-21,RETROSPECTIVE_REBASE,VERIFIED,ARCHIVED_RELEASE_20260821,false,true,true
1993-08-31,1993-08,88.000,88.000,2025=100指数,M,CPI2025_CORECORE,总务省(e-Stat),OFFICIAL_CANONICAL,CPI2025BASE,linked level RETROSPECTIVE_REBASE,2026-08-21,RETROSPECTIVE_REBASE,VERIFIED,ARCHIVED_RELEASE_20260821,false,true,true
1993-09-30,1993-09,88.300,88.300,2025=100指数,M,CPI2025_CORECORE,总务省(e-Stat),OFFICIAL_CANONICAL,CPI2025BASE,linked level RETROSPECTIVE_REBASE,2026-08-21,RETROSPECTIVE_REBASE,VERIFIED,ARCHIVED_RELEASE_20260821,false,true,true
1993-10-31,1993-10,88.500,88.500,2025=100指数,M,CPI2025_CORECORE,总务省(e-Stat),OFFICIAL_CANONICAL,CPI2025BASE,linked level RETROSPECTIVE_REBASE,2026-08-21,RETROSPECTIVE_REBASE,VERIFIED,ARCHIVED_RELEASE_20260821,false,true,true
1993-11-30,1993-11,88.500,88.500,2025=100指数,M,CPI2025_CORECORE,总务省(e-Stat),OFFICIAL_CANONICAL,CPI2025BASE,linked level RETROSPECTIVE_REBASE,2026-08-21,RETROSPECTIVE_REBASE,VERIFIED,ARCHIVED_RELEASE_20260821,false,true,true
1993-12-31,1993-12,88.500,88.500,2025=100指数,M,CPI2025_CORECORE,总务省(e-Stat),OFFICIAL_CANONICAL,CPI2025BASE,linked level RETROSPECTIVE_REBASE,2026-08-21,RETROSPECTIVE_REBASE,VERIFIED,ARCHIVED_RELEASE_20260821,false,true,true
1994-01-31,1994-01,88.100,88.100,2025=100指数,M,CPI2025_CORECORE,总务省(e-Stat),OFFICIAL_CANONICAL,CPI2025BASE,linked level RETROSPECTIVE_REBASE,2026-08-21,RETROSPECTIVE_REBASE,VERIFIED,ARCHIVED_RELEASE_20260821,false,true,true
1994-02-28,1994-02,88.000,88.000,2025=100指数,M,CPI2025_CORECORE,总务省(e-Stat),OFFICIAL_CANONICAL,CPI2025BASE,linked level RETROSPECTIVE_REBASE,2026-08-21,RETROSPECTIVE_REBASE,VERIFIED,ARCHIVED_RELEASE_20260821,false,true,true
1994-03-31,1994-03,88.400,88.400,2025=100指数,M,CPI2025_CORECORE,总务省(e-Stat),OFFICIAL_CANONICAL,CPI2025BASE,linked level RETROSPECTIVE_REBASE,2026-08-21,RETROSPECTIVE_REBASE,VERIFIED,ARCHIVED_RELEASE_20260821,false,true,true
1994-04-30,1994-04,89.000,89.000,2025=100指数,M,CPI2025_CORECORE,总务省(e-Stat),OFFICIAL_CANONICAL,CPI2025BASE,linked level RETROSPECTIVE_REBASE,2026-08-21,RETROSPECTIVE_REBASE,VERIFIED,ARCHIVED_RELEASE_20260821,false,true,true
1994-05-31,1994-05,89.300,89.300,2025=100指数,M,CPI2025_CORECORE,总务省(e-Stat),OFFICIAL_CANONICAL,CPI2025BASE,linked level RETROSPECTIVE_REBASE,2026-08-21,RETROSPECTIVE_REBASE,VERIFIED,ARCHIVED_RELEASE_20260821,false,true,true
1994-06-30,1994-06,89.200,89.200,2025=100指数,M,CPI2025_CORECORE,总务省(e-Stat),OFFICIAL_CANONICAL,CPI2025BASE,linked level RETROSPECTIVE_REBASE,2026-08-21,RETROSPECTIVE_REBASE,VERIFIED,ARCHIVED_RELEASE_20260821,false,true,true
1994-07-31,1994-07,88.900,88.900,2025=100指数,M,CPI2025_CORECORE,总务省(e-Stat),OFFICIAL_CANONICAL,CPI2025BASE,linked level RETROSPECTIVE_REBASE,2026-08-21,RETROSPECTIVE_REBASE,VERIFIED,ARCHIVED_RELEASE_20260821,false,true,true
1994-08-31,1994-08,88.800,88.800,2025=100指数,M,CPI2025_CORECORE,总务省(e-Stat),OFFICIAL_CANONICAL,CPI2025BASE,linked level RETROSPECTIVE_REBASE,2026-08-21,RETROSPECTIVE_REBASE,VERIFIED,ARCHIVED_RELEASE_20260821,false,true,true
1994-09-30,1994-09,89.000,89.000,2025=100指数,M,CPI2025_CORECORE,总务省(e-Stat),OFFICIAL_CANONICAL,CPI2025BASE,linked level RETROSPECTIVE_REBASE,2026-08-21,RETROSPECTIVE_REBASE,VERIFIED,ARCHIVED_RELEASE_20260821,false,true,true
1994-10-31,1994-10,89.000,89.000,2025=100指数,M,CPI2025_CORECORE,总务省(e-Stat),OFFICIAL_CANONICAL,CPI2025BASE,linked level RETROSPECTIVE_REBASE,2026-08-21,RETROSPECTIVE_REBASE,VERIFIED,ARCHIVED_RELEASE_20260821,false,true,true
1994-11-30,1994-11,89.000,89.000,2025=100指数,M,CPI2025_CORECORE,总务省(e-Stat),OFFICIAL_CANONICAL,CPI2025BASE,linked level RETROSPECTIVE_REBASE,2026-08-21,RETROSPECTIVE_REBASE,VERIFIED,ARCHIVED_RELEASE_20260821,false,true,true
1994-12-31,1994-12,89.000,89.000,2025=100指数,M,CPI2025_CORECORE,总务省(e-Stat),OFFICIAL_CANONICAL,CPI2025BASE,linked level RETROSPECTIVE_REBASE,2026-08-21,RETROSPECTIVE_REBASE,VERIFIED,ARCHIVED_RELEASE_20260821,false,true,true
1995-01-31,1995-01,88.700,88.700,2025=100指数,M,CPI2025_CORECORE,总务省(e-Stat),OFFICIAL_CANONICAL,CPI2025BASE,linked level RETROSPECTIVE_REBASE,2026-08-21,RETROSPECTIVE_REBASE,VERIFIED,ARCHIVED_RELEASE_20260821,false,true,true
1995-02-28,1995-02,88.500,88.500,2025=100指数,M,CPI2025_CORECORE,总务省(e-Stat),OFFICIAL_CANONICAL,CPI2025BASE,linked level RETROSPECTIVE_REBASE,2026-08-21,RETROSPECTIVE_REBASE,VERIFIED,ARCHIVED_RELEASE_20260821,false,true,true
1995-03-31,1995-03,88.700,88.700,2025=100指数,M,CPI2025_CORECORE,总务省(e-Stat),OFFICIAL_CANONICAL,CPI2025BASE,linked level RETROSPECTIVE_REBASE,2026-08-21,RETROSPECTIVE_REBASE,VERIFIED,ARCHIVED_RELEASE_20260821,false,true,true
1995-04-30,1995-04,89.000,89.000,2025=100指数,M,CPI2025_CORECORE,总务省(e-Stat),OFFICIAL_CANONICAL,CPI2025BASE,linked level RETROSPECTIVE_REBASE,2026-08-21,RETROSPECTIVE_REBASE,VERIFIED,ARCHIVED_RELEASE_20260821,false,true,true
1995-05-31,1995-05,89.100,89.100,2025=100指数,M,CPI2025_CORECORE,总务省(e-Stat),OFFICIAL_CANONICAL,CPI2025BASE,linked level RETROSPECTIVE_REBASE,2026-08-21,RETROSPECTIVE_REBASE,VERIFIED,ARCHIVED_RELEASE_20260821,false,true,true
1995-06-30,1995-06,89.000,89.000,2025=100指数,M,CPI2025_CORECORE,总务省(e-Stat),OFFICIAL_CANONICAL,CPI2025BASE,linked level RETROSPECTIVE_REBASE,2026-08-21,RETROSPECTIVE_REBASE,VERIFIED,ARCHIVED_RELEASE_20260821,false,true,true
1995-07-31,1995-07,88.800,88.800,2025=100指数,M,CPI2025_CORECORE,总务省(e-Stat),OFFICIAL_CANONICAL,CPI2025BASE,linked level RETROSPECTIVE_REBASE,2026-08-21,RETROSPECTIVE_REBASE,VERIFIED,ARCHIVED_RELEASE_20260821,false,true,true
1995-08-31,1995-08,88.700,88.700,2025=100指数,M,CPI2025_CORECORE,总务省(e-Stat),OFFICIAL_CANONICAL,CPI2025BASE,linked level RETROSPECTIVE_REBASE,2026-08-21,RETROSPECTIVE_REBASE,VERIFIED,ARCHIVED_RELEASE_20260821,false,true,true
1995-09-30,1995-09,89.100,89.100,2025=100指数,M,CPI2025_CORECORE,总务省(e-Stat),OFFICIAL_CANONICAL,CPI2025BASE,linked level RETROSPECTIVE_REBASE,2026-08-21,RETROSPECTIVE_REBASE,VERIFIED,ARCHIVED_RELEASE_20260821,false,true,true
1995-10-31,1995-10,89.300,89.300,2025=100指数,M,CPI2025_CORECORE,总务省(e-Stat),OFFICIAL_CANONICAL,CPI2025BASE,linked level RETROSPECTIVE_REBASE,2026-08-21,RETROSPECTIVE_REBASE,VERIFIED,ARCHIVED_RELEASE_20260821,false,true,true
1995-11-30,1995-11,89.200,89.200,2025=100指数,M,CPI2025_CORECORE,总务省(e-Stat),OFFICIAL_CANONICAL,CPI2025BASE,linked level RETROSPECTIVE_REBASE,2026-08-21,RETROSPECTIVE_REBASE,VERIFIED,ARCHIVED_RELEASE_20260821,false,true,true
1995-12-31,1995-12,89.200,89.200,2025=100指数,M,CPI2025_CORECORE,总务省(e-Stat),OFFICIAL_CANONICAL,CPI2025BASE,linked level RETROSPECTIVE_REBASE,2026-08-21,RETROSPECTIVE_REBASE,VERIFIED,ARCHIVED_RELEASE_20260821,false,true,true
1996-01-31,1996-01,88.800,88.800,2025=100指数,M,CPI2025_CORECORE,总务省(e-Stat),OFFICIAL_CANONICAL,CPI2025BASE,linked level RETROSPECTIVE_REBASE,2026-08-21,RETROSPECTIVE_REBASE,VERIFIED,ARCHIVED_RELEASE_20260821,false,true,true
1996-02-29,1996-02,88.800,88.800,2025=100指数,M,CPI2025_CORECORE,总务省(e-Stat),OFFICIAL_CANONICAL,CPI2025BASE,linked level RETROSPECTIVE_REBASE,2026-08-21,RETROSPECTIVE_REBASE,VERIFIED,ARCHIVED_RELEASE_20260821,false,true,true
1996-03-31,1996-03,89.000,89.000,2025=100指数,M,CPI2025_CORECORE,总务省(e-Stat),OFFICIAL_CANONICAL,CPI2025BASE,linked level RETROSPECTIVE_REBASE,2026-08-21,RETROSPECTIVE_REBASE,VERIFIED,ARCHIVED_RELEASE_20260821,false,true,true
1996-04-30,1996-04,89.300,89.300,2025=100指数,M,CPI2025_CORECORE,总务省(e-Stat),OFFICIAL_CANONICAL,CPI2025BASE,linked level RETROSPECTIVE_REBASE,2026-08-21,RETROSPECTIVE_REBASE,VERIFIED,ARCHIVED_RELEASE_20260821,false,true,true
1996-05-31,1996-05,89.400,89.400,2025=100指数,M,CPI2025_CORECORE,总务省(e-Stat),OFFICIAL_CANONICAL,CPI2025BASE,linked level RETROSPECTIVE_REBASE,2026-08-21,RETROSPECTIVE_REBASE,VERIFIED,ARCHIVED_RELEASE_20260821,false,true,true
1996-06-30,1996-06,89.400,89.400,2025=100指数,M,CPI2025_CORECORE,总务省(e-Stat),OFFICIAL_CANONICAL,CPI2025BASE,linked level RETROSPECTIVE_REBASE,2026-08-21,RETROSPECTIVE_REBASE,VERIFIED,ARCHIVED_RELEASE_20260821,false,true,true
1996-07-31,1996-07,89.200,89.200,2025=100指数,M,CPI2025_CORECORE,总务省(e-Stat),OFFICIAL_CANONICAL,CPI2025BASE,linked level RETROSPECTIVE_REBASE,2026-08-21,RETROSPECTIVE_REBASE,VERIFIED,ARCHIVED_RELEASE_20260821,false,true,true
1996-08-31,1996-08,89.000,89.000,2025=100指数,M,CPI2025_CORECORE,总务省(e-Stat),OFFICIAL_CANONICAL,CPI2025BASE,linked level RETROSPECTIVE_REBASE,2026-08-21,RETROSPECTIVE_REBASE,VERIFIED,ARCHIVED_RELEASE_20260821,false,true,true
1996-09-30,1996-09,89.500,89.500,2025=100指数,M,CPI2025_CORECORE,总务省(e-Stat),OFFICIAL_CANONICAL,CPI2025BASE,linked level RETROSPECTIVE_REBASE,2026-08-21,RETROSPECTIVE_REBASE,VERIFIED,ARCHIVED_RELEASE_20260821,false,true,true
1996-10-31,1996-10,89.600,89.600,2025=100指数,M,CPI2025_CORECORE,总务省(e-Stat),OFFICIAL_CANONICAL,CPI2025BASE,linked level RETROSPECTIVE_REBASE,2026-08-21,RETROSPECTIVE_REBASE,VERIFIED,ARCHIVED_RELEASE_20260821,false,true,true
1996-11-30,1996-11,89.700,89.700,2025=100指数,M,CPI2025_CORECORE,总务省(e-Stat),OFFICIAL_CANONICAL,CPI2025BASE,linked level RETROSPECTIVE_REBASE,2026-08-21,RETROSPECTIVE_REBASE,VERIFIED,ARCHIVED_RELEASE_20260821,false,true,true
1996-12-31,1996-12,89.600,89.600,2025=100指数,M,CPI2025_CORECORE,总务省(e-Stat),OFFICIAL_CANONICAL,CPI2025BASE,linked level RETROSPECTIVE_REBASE,2026-08-21,RETROSPECTIVE_REBASE,VERIFIED,ARCHIVED_RELEASE_20260821,false,true,true
1997-01-31,1997-01,89.100,89.100,2025=100指数,M,CPI2025_CORECORE,总务省(e-Stat),OFFICIAL_CANONICAL,CPI2025BASE,linked level RETROSPECTIVE_REBASE,2026-08-21,RETROSPECTIVE_REBASE,VERIFIED,ARCHIVED_RELEASE_20260821,false,true,true
1997-02-28,1997-02,89.000,89.000,2025=100指数,M,CPI2025_CORECORE,总务省(e-Stat),OFFICIAL_CANONICAL,CPI2025BASE,linked level RETROSPECTIVE_REBASE,2026-08-21,RETROSPECTIVE_REBASE,VERIFIED,ARCHIVED_RELEASE_20260821,false,true,true
1997-03-31,1997-03,89.300,89.300,2025=100指数,M,CPI2025_CORECORE,总务省(e-Stat),OFFICIAL_CANONICAL,CPI2025BASE,linked level RETROSPECTIVE_REBASE,2026-08-21,RETROSPECTIVE_REBASE,VERIFIED,ARCHIVED_RELEASE_20260821,false,true,true
1997-04-30,1997-04,91.000,91.000,2025=100指数,M,CPI2025_CORECORE,总务省(e-Stat),OFFICIAL_CANONICAL,CPI2025BASE,linked level RETROSPECTIVE_REBASE,2026-08-21,RETROSPECTIVE_REBASE,VERIFIED,ARCHIVED_RELEASE_20260821,false,true,true
1997-05-31,1997-05,91.200,91.200,2025=100指数,M,CPI2025_CORECORE,总务省(e-Stat),OFFICIAL_CANONICAL,CPI2025BASE,linked level RETROSPECTIVE_REBASE,2026-08-21,RETROSPECTIVE_REBASE,VERIFIED,ARCHIVED_RELEASE_20260821,false,true,true
1997-06-30,1997-06,91.100,91.100,2025=100指数,M,CPI2025_CORECORE,总务省(e-Stat),OFFICIAL_CANONICAL,CPI2025BASE,linked level RETROSPECTIVE_REBASE,2026-08-21,RETROSPECTIVE_REBASE,VERIFIED,ARCHIVED_RELEASE_20260821,false,true,true
1997-07-31,1997-07,90.900,90.900,2025=100指数,M,CPI2025_CORECORE,总务省(e-Stat),OFFICIAL_CANONICAL,CPI2025BASE,linked level RETROSPECTIVE_REBASE,2026-08-21,RETROSPECTIVE_REBASE,VERIFIED,ARCHIVED_RELEASE_20260821,false,true,true
1997-08-31,1997-08,90.800,90.800,2025=100指数,M,CPI2025_CORECORE,总务省(e-Stat),OFFICIAL_CANONICAL,CPI2025BASE,linked level RETROSPECTIVE_REBASE,2026-08-21,RETROSPECTIVE_REBASE,VERIFIED,ARCHIVED_RELEASE_20260821,false,true,true
1997-09-30,1997-09,91.500,91.500,2025=100指数,M,CPI2025_CORECORE,总务省(e-Stat),OFFICIAL_CANONICAL,CPI2025BASE,linked level RETROSPECTIVE_REBASE,2026-08-21,RETROSPECTIVE_REBASE,VERIFIED,ARCHIVED_RELEASE_20260821,false,true,true
1997-10-31,1997-10,91.700,91.700,2025=100指数,M,CPI2025_CORECORE,总务省(e-Stat),OFFICIAL_CANONICAL,CPI2025BASE,linked level RETROSPECTIVE_REBASE,2026-08-21,RETROSPECTIVE_REBASE,VERIFIED,ARCHIVED_RELEASE_20260821,false,true,true
1997-11-30,1997-11,91.600,91.600,2025=100指数,M,CPI2025_CORECORE,总务省(e-Stat),OFFICIAL_CANONICAL,CPI2025BASE,linked level RETROSPECTIVE_REBASE,2026-08-21,RETROSPECTIVE_REBASE,VERIFIED,ARCHIVED_RELEASE_20260821,false,true,true
1997-12-31,1997-12,91.500,91.500,2025=100指数,M,CPI2025_CORECORE,总务省(e-Stat),OFFICIAL_CANONICAL,CPI2025BASE,linked level RETROSPECTIVE_REBASE,2026-08-21,RETROSPECTIVE_REBASE,VERIFIED,ARCHIVED_RELEASE_20260821,false,true,true
1998-01-31,1998-01,91.000,91.000,2025=100指数,M,CPI2025_CORECORE,总务省(e-Stat),OFFICIAL_CANONICAL,CPI2025BASE,linked level RETROSPECTIVE_REBASE,2026-08-21,RETROSPECTIVE_REBASE,VERIFIED,ARCHIVED_RELEASE_20260821,false,true,true
1998-02-28,1998-02,90.800,90.800,2025=100指数,M,CPI2025_CORECORE,总务省(e-Stat),OFFICIAL_CANONICAL,CPI2025BASE,linked level RETROSPECTIVE_REBASE,2026-08-21,RETROSPECTIVE_REBASE,VERIFIED,ARCHIVED_RELEASE_20260821,false,true,true
1998-03-31,1998-03,91.200,91.200,2025=100指数,M,CPI2025_CORECORE,总务省(e-Stat),OFFICIAL_CANONICAL,CPI2025BASE,linked level RETROSPECTIVE_REBASE,2026-08-21,RETROSPECTIVE_REBASE,VERIFIED,ARCHIVED_RELEASE_20260821,false,true,true
1998-04-30,1998-04,91.500,91.500,2025=100指数,M,CPI2025_CORECORE,总务省(e-Stat),OFFICIAL_CANONICAL,CPI2025BASE,linked level RETROSPECTIVE_REBASE,2026-08-21,RETROSPECTIVE_REBASE,VERIFIED,ARCHIVED_RELEASE_20260821,false,true,true
1998-05-31,1998-05,91.500,91.500,2025=100指数,M,CPI2025_CORECORE,总务省(e-Stat),OFFICIAL_CANONICAL,CPI2025BASE,linked level RETROSPECTIVE_REBASE,2026-08-21,RETROSPECTIVE_REBASE,VERIFIED,ARCHIVED_RELEASE_20260821,false,true,true
1998-06-30,1998-06,91.400,91.400,2025=100指数,M,CPI2025_CORECORE,总务省(e-Stat),OFFICIAL_CANONICAL,CPI2025BASE,linked level RETROSPECTIVE_REBASE,2026-08-21,RETROSPECTIVE_REBASE,VERIFIED,ARCHIVED_RELEASE_20260821,false,true,true
1998-07-31,1998-07,91.200,91.200,2025=100指数,M,CPI2025_CORECORE,总务省(e-Stat),OFFICIAL_CANONICAL,CPI2025BASE,linked level RETROSPECTIVE_REBASE,2026-08-21,RETROSPECTIVE_REBASE,VERIFIED,ARCHIVED_RELEASE_20260821,false,true,true
1998-08-31,1998-08,91.100,91.100,2025=100指数,M,CPI2025_CORECORE,总务省(e-Stat),OFFICIAL_CANONICAL,CPI2025BASE,linked level RETROSPECTIVE_REBASE,2026-08-21,RETROSPECTIVE_REBASE,VERIFIED,ARCHIVED_RELEASE_20260821,false,true,true
1998-09-30,1998-09,91.400,91.400,2025=100指数,M,CPI2025_CORECORE,总务省(e-Stat),OFFICIAL_CANONICAL,CPI2025BASE,linked level RETROSPECTIVE_REBASE,2026-08-21,RETROSPECTIVE_REBASE,VERIFIED,ARCHIVED_RELEASE_20260821,false,true,true
1998-10-31,1998-10,91.600,91.600,2025=100指数,M,CPI2025_CORECORE,总务省(e-Stat),OFFICIAL_CANONICAL,CPI2025BASE,linked level RETROSPECTIVE_REBASE,2026-08-21,RETROSPECTIVE_REBASE,VERIFIED,ARCHIVED_RELEASE_20260821,false,true,true
1998-11-30,1998-11,91.700,91.700,2025=100指数,M,CPI2025_CORECORE,总务省(e-Stat),OFFICIAL_CANONICAL,CPI2025BASE,linked level RETROSPECTIVE_REBASE,2026-08-21,RETROSPECTIVE_REBASE,VERIFIED,ARCHIVED_RELEASE_20260821,false,true,true
1998-12-31,1998-12,91.500,91.500,2025=100指数,M,CPI2025_CORECORE,总务省(e-Stat),OFFICIAL_CANONICAL,CPI2025BASE,linked level RETROSPECTIVE_REBASE,2026-08-21,RETROSPECTIVE_REBASE,VERIFIED,ARCHIVED_RELEASE_20260821,false,true,true
1999-01-31,1999-01,91.200,91.200,2025=100指数,M,CPI2025_CORECORE,总务省(e-Stat),OFFICIAL_CANONICAL,CPI2025BASE,linked level RETROSPECTIVE_REBASE,2026-08-21,RETROSPECTIVE_REBASE,VERIFIED,ARCHIVED_RELEASE_20260821,false,true,true
1999-02-28,1999-02,90.900,90.900,2025=100指数,M,CPI2025_CORECORE,总务省(e-Stat),OFFICIAL_CANONICAL,CPI2025BASE,linked level RETROSPECTIVE_REBASE,2026-08-21,RETROSPECTIVE_REBASE,VERIFIED,ARCHIVED_RELEASE_20260821,false,true,true
1999-03-31,1999-03,91.300,91.300,2025=100指数,M,CPI2025_CORECORE,总务省(e-Stat),OFFICIAL_CANONICAL,CPI2025BASE,linked level RETROSPECTIVE_REBASE,2026-08-21,RETROSPECTIVE_REBASE,VERIFIED,ARCHIVED_RELEASE_20260821,false,true,true
1999-04-30,1999-04,91.500,91.500,2025=100指数,M,CPI2025_CORECORE,总务省(e-Stat),OFFICIAL_CANONICAL,CPI2025BASE,linked level RETROSPECTIVE_REBASE,2026-08-21,RETROSPECTIVE_REBASE,VERIFIED,ARCHIVED_RELEASE_20260821,false,true,true
1999-05-31,1999-05,91.600,91.600,2025=100指数,M,CPI2025_CORECORE,总务省(e-Stat),OFFICIAL_CANONICAL,CPI2025BASE,linked level RETROSPECTIVE_REBASE,2026-08-21,RETROSPECTIVE_REBASE,VERIFIED,ARCHIVED_RELEASE_20260821,false,true,true
1999-06-30,1999-06,91.500,91.500,2025=100指数,M,CPI2025_CORECORE,总务省(e-Stat),OFFICIAL_CANONICAL,CPI2025BASE,linked level RETROSPECTIVE_REBASE,2026-08-21,RETROSPECTIVE_REBASE,VERIFIED,ARCHIVED_RELEASE_20260821,false,true,true
1999-07-31,1999-07,91.300,91.300,2025=100指数,M,CPI2025_CORECORE,总务省(e-Stat),OFFICIAL_CANONICAL,CPI2025BASE,linked level RETROSPECTIVE_REBASE,2026-08-21,RETROSPECTIVE_REBASE,VERIFIED,ARCHIVED_RELEASE_20260821,false,true,true
1999-08-31,1999-08,91.200,91.200,2025=100指数,M,CPI2025_CORECORE,总务省(e-Stat),OFFICIAL_CANONICAL,CPI2025BASE,linked level RETROSPECTIVE_REBASE,2026-08-21,RETROSPECTIVE_REBASE,VERIFIED,ARCHIVED_RELEASE_20260821,false,true,true
1999-09-30,1999-09,91.500,91.500,2025=100指数,M,CPI2025_CORECORE,总务省(e-Stat),OFFICIAL_CANONICAL,CPI2025BASE,linked level RETROSPECTIVE_REBASE,2026-08-21,RETROSPECTIVE_REBASE,VERIFIED,ARCHIVED_RELEASE_20260821,false,true,true
1999-10-31,1999-10,91.500,91.500,2025=100指数,M,CPI2025_CORECORE,总务省(e-Stat),OFFICIAL_CANONICAL,CPI2025BASE,linked level RETROSPECTIVE_REBASE,2026-08-21,RETROSPECTIVE_REBASE,VERIFIED,ARCHIVED_RELEASE_20260821,false,true,true
1999-11-30,1999-11,91.400,91.400,2025=100指数,M,CPI2025_CORECORE,总务省(e-Stat),OFFICIAL_CANONICAL,CPI2025BASE,linked level RETROSPECTIVE_REBASE,2026-08-21,RETROSPECTIVE_REBASE,VERIFIED,ARCHIVED_RELEASE_20260821,false,true,true
1999-12-31,1999-12,91.400,91.400,2025=100指数,M,CPI2025_CORECORE,总务省(e-Stat),OFFICIAL_CANONICAL,CPI2025BASE,linked level RETROSPECTIVE_REBASE,2026-08-21,RETROSPECTIVE_REBASE,VERIFIED,ARCHIVED_RELEASE_20260821,false,true,true
2000-01-31,2000-01,90.900,90.900,2025=100指数,M,CPI2025_CORECORE,总务省(e-Stat),OFFICIAL_CANONICAL,CPI2025BASE,linked level RETROSPECTIVE_REBASE,2026-08-21,RETROSPECTIVE_REBASE,VERIFIED,ARCHIVED_RELEASE_20260821,false,true,true
2000-02-29,2000-02,90.700,90.700,2025=100指数,M,CPI2025_CORECORE,总务省(e-Stat),OFFICIAL_CANONICAL,CPI2025BASE,linked level RETROSPECTIVE_REBASE,2026-08-21,RETROSPECTIVE_REBASE,VERIFIED,ARCHIVED_RELEASE_20260821,false,true,true
2000-03-31,2000-03,90.900,90.900,2025=100指数,M,CPI2025_CORECORE,总务省(e-Stat),OFFICIAL_CANONICAL,CPI2025BASE,linked level RETROSPECTIVE_REBASE,2026-08-21,RETROSPECTIVE_REBASE,VERIFIED,ARCHIVED_RELEASE_20260821,false,true,true
2000-04-30,2000-04,91.000,91.000,2025=100指数,M,CPI2025_CORECORE,总务省(e-Stat),OFFICIAL_CANONICAL,CPI2025BASE,linked level RETROSPECTIVE_REBASE,2026-08-21,RETROSPECTIVE_REBASE,VERIFIED,ARCHIVED_RELEASE_20260821,false,true,true
2000-05-31,2000-05,91.200,91.200,2025=100指数,M,CPI2025_CORECORE,总务省(e-Stat),OFFICIAL_CANONICAL,CPI2025BASE,linked level RETROSPECTIVE_REBASE,2026-08-21,RETROSPECTIVE_REBASE,VERIFIED,ARCHIVED_RELEASE_20260821,false,true,true
2000-06-30,2000-06,91.000,91.000,2025=100指数,M,CPI2025_CORECORE,总务省(e-Stat),OFFICIAL_CANONICAL,CPI2025BASE,linked level RETROSPECTIVE_REBASE,2026-08-21,RETROSPECTIVE_REBASE,VERIFIED,ARCHIVED_RELEASE_20260821,false,true,true
2000-07-31,2000-07,90.700,90.700,2025=100指数,M,CPI2025_CORECORE,总务省(e-Stat),OFFICIAL_CANONICAL,CPI2025BASE,linked level RETROSPECTIVE_REBASE,2026-08-21,RETROSPECTIVE_REBASE,VERIFIED,ARCHIVED_RELEASE_20260821,false,true,true
2000-08-31,2000-08,90.800,90.800,2025=100指数,M,CPI2025_CORECORE,总务省(e-Stat),OFFICIAL_CANONICAL,CPI2025BASE,linked level RETROSPECTIVE_REBASE,2026-08-21,RETROSPECTIVE_REBASE,VERIFIED,ARCHIVED_RELEASE_20260821,false,true,true
2000-09-30,2000-09,90.700,90.700,2025=100指数,M,CPI2025_CORECORE,总务省(e-Stat),OFFICIAL_CANONICAL,CPI2025BASE,linked level RETROSPECTIVE_REBASE,2026-08-21,RETROSPECTIVE_REBASE,VERIFIED,ARCHIVED_RELEASE_20260821,false,true,true
2000-10-31,2000-10,90.600,90.600,2025=100指数,M,CPI2025_CORECORE,总务省(e-Stat),OFFICIAL_CANONICAL,CPI2025BASE,linked level RETROSPECTIVE_REBASE,2026-08-21,RETROSPECTIVE_REBASE,VERIFIED,ARCHIVED_RELEASE_20260821,false,true,true
2000-11-30,2000-11,90.600,90.600,2025=100指数,M,CPI2025_CORECORE,总务省(e-Stat),OFFICIAL_CANONICAL,CPI2025BASE,linked level RETROSPECTIVE_REBASE,2026-08-21,RETROSPECTIVE_REBASE,VERIFIED,ARCHIVED_RELEASE_20260821,false,true,true
2000-12-31,2000-12,90.600,90.600,2025=100指数,M,CPI2025_CORECORE,总务省(e-Stat),OFFICIAL_CANONICAL,CPI2025BASE,linked level RETROSPECTIVE_REBASE,2026-08-21,RETROSPECTIVE_REBASE,VERIFIED,ARCHIVED_RELEASE_20260821,false,true,true
2001-01-31,2001-01,90.000,90.000,2025=100指数,M,CPI2025_CORECORE,总务省(e-Stat),OFFICIAL_CANONICAL,CPI2025BASE,linked level RETROSPECTIVE_REBASE,2026-08-21,RETROSPECTIVE_REBASE,VERIFIED,ARCHIVED_RELEASE_20260821,false,true,true
2001-02-28,2001-02,89.800,89.800,2025=100指数,M,CPI2025_CORECORE,总务省(e-Stat),OFFICIAL_CANONICAL,CPI2025BASE,linked level RETROSPECTIVE_REBASE,2026-08-21,RETROSPECTIVE_REBASE,VERIFIED,ARCHIVED_RELEASE_20260821,false,true,true
2001-03-31,2001-03,89.900,89.900,2025=100指数,M,CPI2025_CORECORE,总务省(e-Stat),OFFICIAL_CANONICAL,CPI2025BASE,linked level RETROSPECTIVE_REBASE,2026-08-21,RETROSPECTIVE_REBASE,VERIFIED,ARCHIVED_RELEASE_20260821,false,true,true
2001-04-30,2001-04,90.200,90.200,2025=100指数,M,CPI2025_CORECORE,总务省(e-Stat),OFFICIAL_CANONICAL,CPI2025BASE,linked level RETROSPECTIVE_REBASE,2026-08-21,RETROSPECTIVE_REBASE,VERIFIED,ARCHIVED_RELEASE_20260821,false,true,true
2001-05-31,2001-05,90.200,90.200,2025=100指数,M,CPI2025_CORECORE,总务省(e-Stat),OFFICIAL_CANONICAL,CPI2025BASE,linked level RETROSPECTIVE_REBASE,2026-08-21,RETROSPECTIVE_REBASE,VERIFIED,ARCHIVED_RELEASE_20260821,false,true,true
2001-06-30,2001-06,90.100,90.100,2025=100指数,M,CPI2025_CORECORE,总务省(e-Stat),OFFICIAL_CANONICAL,CPI2025BASE,linked level RETROSPECTIVE_REBASE,2026-08-21,RETROSPECTIVE_REBASE,VERIFIED,ARCHIVED_RELEASE_20260821,false,true,true
2001-07-31,2001-07,89.900,89.900,2025=100指数,M,CPI2025_CORECORE,总务省(e-Stat),OFFICIAL_CANONICAL,CPI2025BASE,linked level RETROSPECTIVE_REBASE,2026-08-21,RETROSPECTIVE_REBASE,VERIFIED,ARCHIVED_RELEASE_20260821,false,true,true
2001-08-31,2001-08,90.000,90.000,2025=100指数,M,CPI2025_CORECORE,总务省(e-Stat),OFFICIAL_CANONICAL,CPI2025BASE,linked level RETROSPECTIVE_REBASE,2026-08-21,RETROSPECTIVE_REBASE,VERIFIED,ARCHIVED_RELEASE_20260821,false,true,true
2001-09-30,2001-09,90.000,90.000,2025=100指数,M,CPI2025_CORECORE,总务省(e-Stat),OFFICIAL_CANONICAL,CPI2025BASE,linked level RETROSPECTIVE_REBASE,2026-08-21,RETROSPECTIVE_REBASE,VERIFIED,ARCHIVED_RELEASE_20260821,false,true,true
2001-10-31,2001-10,89.900,89.900,2025=100指数,M,CPI2025_CORECORE,总务省(e-Stat),OFFICIAL_CANONICAL,CPI2025BASE,linked level RETROSPECTIVE_REBASE,2026-08-21,RETROSPECTIVE_REBASE,VERIFIED,ARCHIVED_RELEASE_20260821,false,true,true
2001-11-30,2001-11,89.800,89.800,2025=100指数,M,CPI2025_CORECORE,总务省(e-Stat),OFFICIAL_CANONICAL,CPI2025BASE,linked level RETROSPECTIVE_REBASE,2026-08-21,RETROSPECTIVE_REBASE,VERIFIED,ARCHIVED_RELEASE_20260821,false,true,true
2001-12-31,2001-12,89.700,89.700,2025=100指数,M,CPI2025_CORECORE,总务省(e-Stat),OFFICIAL_CANONICAL,CPI2025BASE,linked level RETROSPECTIVE_REBASE,2026-08-21,RETROSPECTIVE_REBASE,VERIFIED,ARCHIVED_RELEASE_20260821,false,true,true
2002-01-31,2002-01,89.300,89.300,2025=100指数,M,CPI2025_CORECORE,总务省(e-Stat),OFFICIAL_CANONICAL,CPI2025BASE,linked level RETROSPECTIVE_REBASE,2026-08-21,RETROSPECTIVE_REBASE,VERIFIED,ARCHIVED_RELEASE_20260821,false,true,true
2002-02-28,2002-02,89.100,89.100,2025=100指数,M,CPI2025_CORECORE,总务省(e-Stat),OFFICIAL_CANONICAL,CPI2025BASE,linked level RETROSPECTIVE_REBASE,2026-08-21,RETROSPECTIVE_REBASE,VERIFIED,ARCHIVED_RELEASE_20260821,false,true,true
2002-03-31,2002-03,89.400,89.400,2025=100指数,M,CPI2025_CORECORE,总务省(e-Stat),OFFICIAL_CANONICAL,CPI2025BASE,linked level RETROSPECTIVE_REBASE,2026-08-21,RETROSPECTIVE_REBASE,VERIFIED,ARCHIVED_RELEASE_20260821,false,true,true
2002-04-30,2002-04,89.500,89.500,2025=100指数,M,CPI2025_CORECORE,总务省(e-Stat),OFFICIAL_CANONICAL,CPI2025BASE,linked level RETROSPECTIVE_REBASE,2026-08-21,RETROSPECTIVE_REBASE,VERIFIED,ARCHIVED_RELEASE_20260821,false,true,true
2002-05-31,2002-05,89.600,89.600,2025=100指数,M,CPI2025_CORECORE,总务省(e-Stat),OFFICIAL_CANONICAL,CPI2025BASE,linked level RETROSPECTIVE_REBASE,2026-08-21,RETROSPECTIVE_REBASE,VERIFIED,ARCHIVED_RELEASE_20260821,false,true,true
2002-06-30,2002-06,89.500,89.500,2025=100指数,M,CPI2025_CORECORE,总务省(e-Stat),OFFICIAL_CANONICAL,CPI2025BASE,linked level RETROSPECTIVE_REBASE,2026-08-21,RETROSPECTIVE_REBASE,VERIFIED,ARCHIVED_RELEASE_20260821,false,true,true
2002-07-31,2002-07,89.300,89.300,2025=100指数,M,CPI2025_CORECORE,总务省(e-Stat),OFFICIAL_CANONICAL,CPI2025BASE,linked level RETROSPECTIVE_REBASE,2026-08-21,RETROSPECTIVE_REBASE,VERIFIED,ARCHIVED_RELEASE_20260821,false,true,true
2002-08-31,2002-08,89.300,89.300,2025=100指数,M,CPI2025_CORECORE,总务省(e-Stat),OFFICIAL_CANONICAL,CPI2025BASE,linked level RETROSPECTIVE_REBASE,2026-08-21,RETROSPECTIVE_REBASE,VERIFIED,ARCHIVED_RELEASE_20260821,false,true,true
2002-09-30,2002-09,89.400,89.400,2025=100指数,M,CPI2025_CORECORE,总务省(e-Stat),OFFICIAL_CANONICAL,CPI2025BASE,linked level RETROSPECTIVE_REBASE,2026-08-21,RETROSPECTIVE_REBASE,VERIFIED,ARCHIVED_RELEASE_20260821,false,true,true
2002-10-31,2002-10,89.300,89.300,2025=100指数,M,CPI2025_CORECORE,总务省(e-Stat),OFFICIAL_CANONICAL,CPI2025BASE,linked level RETROSPECTIVE_REBASE,2026-08-21,RETROSPECTIVE_REBASE,VERIFIED,ARCHIVED_RELEASE_20260821,false,true,true
2002-11-30,2002-11,89.300,89.300,2025=100指数,M,CPI2025_CORECORE,总务省(e-Stat),OFFICIAL_CANONICAL,CPI2025BASE,linked level RETROSPECTIVE_REBASE,2026-08-21,RETROSPECTIVE_REBASE,VERIFIED,ARCHIVED_RELEASE_20260821,false,true,true
2002-12-31,2002-12,89.300,89.300,2025=100指数,M,CPI2025_CORECORE,总务省(e-Stat),OFFICIAL_CANONICAL,CPI2025BASE,linked level RETROSPECTIVE_REBASE,2026-08-21,RETROSPECTIVE_REBASE,VERIFIED,ARCHIVED_RELEASE_20260821,false,true,true
2003-01-31,2003-01,88.600,88.600,2025=100指数,M,CPI2025_CORECORE,总务省(e-Stat),OFFICIAL_CANONICAL,CPI2025BASE,linked level RETROSPECTIVE_REBASE,2026-08-21,RETROSPECTIVE_REBASE,VERIFIED,ARCHIVED_RELEASE_20260821,false,true,true
2003-02-28,2003-02,88.600,88.600,2025=100指数,M,CPI2025_CORECORE,总务省(e-Stat),OFFICIAL_CANONICAL,CPI2025BASE,linked level RETROSPECTIVE_REBASE,2026-08-21,RETROSPECTIVE_REBASE,VERIFIED,ARCHIVED_RELEASE_20260821,false,true,true
2003-03-31,2003-03,88.800,88.800,2025=100指数,M,CPI2025_CORECORE,总务省(e-Stat),OFFICIAL_CANONICAL,CPI2025BASE,linked level RETROSPECTIVE_REBASE,2026-08-21,RETROSPECTIVE_REBASE,VERIFIED,ARCHIVED_RELEASE_20260821,false,true,true
2003-04-30,2003-04,89.000,89.000,2025=100指数,M,CPI2025_CORECORE,总务省(e-Stat),OFFICIAL_CANONICAL,CPI2025BASE,linked level RETROSPECTIVE_REBASE,2026-08-21,RETROSPECTIVE_REBASE,VERIFIED,ARCHIVED_RELEASE_20260821,false,true,true
2003-05-31,2003-05,89.200,89.200,2025=100指数,M,CPI2025_CORECORE,总务省(e-Stat),OFFICIAL_CANONICAL,CPI2025BASE,linked level RETROSPECTIVE_REBASE,2026-08-21,RETROSPECTIVE_REBASE,VERIFIED,ARCHIVED_RELEASE_20260821,false,true,true
2003-06-30,2003-06,89.100,89.100,2025=100指数,M,CPI2025_CORECORE,总务省(e-Stat),OFFICIAL_CANONICAL,CPI2025BASE,linked level RETROSPECTIVE_REBASE,2026-08-21,RETROSPECTIVE_REBASE,VERIFIED,ARCHIVED_RELEASE_20260821,false,true,true
2003-07-31,2003-07,89.100,89.100,2025=100指数,M,CPI2025_CORECORE,总务省(e-Stat),OFFICIAL_CANONICAL,CPI2025BASE,linked level RETROSPECTIVE_REBASE,2026-08-21,RETROSPECTIVE_REBASE,VERIFIED,ARCHIVED_RELEASE_20260821,false,true,true
2003-08-31,2003-08,89.200,89.200,2025=100指数,M,CPI2025_CORECORE,总务省(e-Stat),OFFICIAL_CANONICAL,CPI2025BASE,linked level RETROSPECTIVE_REBASE,2026-08-21,RETROSPECTIVE_REBASE,VERIFIED,ARCHIVED_RELEASE_20260821,false,true,true
2003-09-30,2003-09,89.200,89.200,2025=100指数,M,CPI2025_CORECORE,总务省(e-Stat),OFFICIAL_CANONICAL,CPI2025BASE,linked level RETROSPECTIVE_REBASE,2026-08-21,RETROSPECTIVE_REBASE,VERIFIED,ARCHIVED_RELEASE_20260821,false,true,true
2003-10-31,2003-10,89.300,89.300,2025=100指数,M,CPI2025_CORECORE,总务省(e-Stat),OFFICIAL_CANONICAL,CPI2025BASE,linked level RETROSPECTIVE_REBASE,2026-08-21,RETROSPECTIVE_REBASE,VERIFIED,ARCHIVED_RELEASE_20260821,false,true,true
2003-11-30,2003-11,89.100,89.100,2025=100指数,M,CPI2025_CORECORE,总务省(e-Stat),OFFICIAL_CANONICAL,CPI2025BASE,linked level RETROSPECTIVE_REBASE,2026-08-21,RETROSPECTIVE_REBASE,VERIFIED,ARCHIVED_RELEASE_20260821,false,true,true
2003-12-31,2003-12,89.200,89.200,2025=100指数,M,CPI2025_CORECORE,总务省(e-Stat),OFFICIAL_CANONICAL,CPI2025BASE,linked level RETROSPECTIVE_REBASE,2026-08-21,RETROSPECTIVE_REBASE,VERIFIED,ARCHIVED_RELEASE_20260821,false,true,true
2004-01-31,2004-01,88.600,88.600,2025=100指数,M,CPI2025_CORECORE,总务省(e-Stat),OFFICIAL_CANONICAL,CPI2025BASE,linked level RETROSPECTIVE_REBASE,2026-08-21,RETROSPECTIVE_REBASE,VERIFIED,ARCHIVED_RELEASE_20260821,false,true,true
2004-02-29,2004-02,88.600,88.600,2025=100指数,M,CPI2025_CORECORE,总务省(e-Stat),OFFICIAL_CANONICAL,CPI2025BASE,linked level RETROSPECTIVE_REBASE,2026-08-21,RETROSPECTIVE_REBASE,VERIFIED,ARCHIVED_RELEASE_20260821,false,true,true
2004-03-31,2004-03,88.700,88.700,2025=100指数,M,CPI2025_CORECORE,总务省(e-Stat),OFFICIAL_CANONICAL,CPI2025BASE,linked level RETROSPECTIVE_REBASE,2026-08-21,RETROSPECTIVE_REBASE,VERIFIED,ARCHIVED_RELEASE_20260821,false,true,true
2004-04-30,2004-04,88.900,88.900,2025=100指数,M,CPI2025_CORECORE,总务省(e-Stat),OFFICIAL_CANONICAL,CPI2025BASE,linked level RETROSPECTIVE_REBASE,2026-08-21,RETROSPECTIVE_REBASE,VERIFIED,ARCHIVED_RELEASE_20260821,false,true,true
2004-05-31,2004-05,88.900,88.900,2025=100指数,M,CPI2025_CORECORE,总务省(e-Stat),OFFICIAL_CANONICAL,CPI2025BASE,linked level RETROSPECTIVE_REBASE,2026-08-21,RETROSPECTIVE_REBASE,VERIFIED,ARCHIVED_RELEASE_20260821,false,true,true
2004-06-30,2004-06,88.900,88.900,2025=100指数,M,CPI2025_CORECORE,总务省(e-Stat),OFFICIAL_CANONICAL,CPI2025BASE,linked level RETROSPECTIVE_REBASE,2026-08-21,RETROSPECTIVE_REBASE,VERIFIED,ARCHIVED_RELEASE_20260821,false,true,true
2004-07-31,2004-07,88.700,88.700,2025=100指数,M,CPI2025_CORECORE,总务省(e-Stat),OFFICIAL_CANONICAL,CPI2025BASE,linked level RETROSPECTIVE_REBASE,2026-08-21,RETROSPECTIVE_REBASE,VERIFIED,ARCHIVED_RELEASE_20260821,false,true,true
2004-08-31,2004-08,88.800,88.800,2025=100指数,M,CPI2025_CORECORE,总务省(e-Stat),OFFICIAL_CANONICAL,CPI2025BASE,linked level RETROSPECTIVE_REBASE,2026-08-21,RETROSPECTIVE_REBASE,VERIFIED,ARCHIVED_RELEASE_20260821,false,true,true
2004-09-30,2004-09,88.900,88.900,2025=100指数,M,CPI2025_CORECORE,总务省(e-Stat),OFFICIAL_CANONICAL,CPI2025BASE,linked level RETROSPECTIVE_REBASE,2026-08-21,RETROSPECTIVE_REBASE,VERIFIED,ARCHIVED_RELEASE_20260821,false,true,true
2004-10-31,2004-10,88.900,88.900,2025=100指数,M,CPI2025_CORECORE,总务省(e-Stat),OFFICIAL_CANONICAL,CPI2025BASE,linked level RETROSPECTIVE_REBASE,2026-08-21,RETROSPECTIVE_REBASE,VERIFIED,ARCHIVED_RELEASE_20260821,false,true,true
2004-11-30,2004-11,88.600,88.600,2025=100指数,M,CPI2025_CORECORE,总务省(e-Stat),OFFICIAL_CANONICAL,CPI2025BASE,linked level RETROSPECTIVE_REBASE,2026-08-21,RETROSPECTIVE_REBASE,VERIFIED,ARCHIVED_RELEASE_20260821,false,true,true
2004-12-31,2004-12,88.700,88.700,2025=100指数,M,CPI2025_CORECORE,总务省(e-Stat),OFFICIAL_CANONICAL,CPI2025BASE,linked level RETROSPECTIVE_REBASE,2026-08-21,RETROSPECTIVE_REBASE,VERIFIED,ARCHIVED_RELEASE_20260821,false,true,true
2005-01-31,2005-01,88.300,88.300,2025=100指数,M,CPI2025_CORECORE,总务省(e-Stat),OFFICIAL_CANONICAL,CPI2025BASE,linked level RETROSPECTIVE_REBASE,2026-08-21,RETROSPECTIVE_REBASE,VERIFIED,ARCHIVED_RELEASE_20260821,false,true,true
2005-02-28,2005-02,88.100,88.100,2025=100指数,M,CPI2025_CORECORE,总务省(e-Stat),OFFICIAL_CANONICAL,CPI2025BASE,linked level RETROSPECTIVE_REBASE,2026-08-21,RETROSPECTIVE_REBASE,VERIFIED,ARCHIVED_RELEASE_20260821,false,true,true
2005-03-31,2005-03,88.400,88.400,2025=100指数,M,CPI2025_CORECORE,总务省(e-Stat),OFFICIAL_CANONICAL,CPI2025BASE,linked level RETROSPECTIVE_REBASE,2026-08-21,RETROSPECTIVE_REBASE,VERIFIED,ARCHIVED_RELEASE_20260821,false,true,true
2005-04-30,2005-04,88.500,88.500,2025=100指数,M,CPI2025_CORECORE,总务省(e-Stat),OFFICIAL_CANONICAL,CPI2025BASE,linked level RETROSPECTIVE_REBASE,2026-08-21,RETROSPECTIVE_REBASE,VERIFIED,ARCHIVED_RELEASE_20260821,false,true,true
2005-05-31,2005-05,88.600,88.600,2025=100指数,M,CPI2025_CORECORE,总务省(e-Stat),OFFICIAL_CANONICAL,CPI2025BASE,linked level RETROSPECTIVE_REBASE,2026-08-21,RETROSPECTIVE_REBASE,VERIFIED,ARCHIVED_RELEASE_20260821,false,true,true
2005-06-30,2005-06,88.500,88.500,2025=100指数,M,CPI2025_CORECORE,总务省(e-Stat),OFFICIAL_CANONICAL,CPI2025BASE,linked level RETROSPECTIVE_REBASE,2026-08-21,RETROSPECTIVE_REBASE,VERIFIED,ARCHIVED_RELEASE_20260821,false,true,true
2005-07-31,2005-07,88.300,88.300,2025=100指数,M,CPI2025_CORECORE,总务省(e-Stat),OFFICIAL_CANONICAL,CPI2025BASE,linked level RETROSPECTIVE_REBASE,2026-08-21,RETROSPECTIVE_REBASE,VERIFIED,ARCHIVED_RELEASE_20260821,false,true,true
2005-08-31,2005-08,88.300,88.300,2025=100指数,M,CPI2025_CORECORE,总务省(e-Stat),OFFICIAL_CANONICAL,CPI2025BASE,linked level RETROSPECTIVE_REBASE,2026-08-21,RETROSPECTIVE_REBASE,VERIFIED,ARCHIVED_RELEASE_20260821,false,true,true
2005-09-30,2005-09,88.500,88.500,2025=100指数,M,CPI2025_CORECORE,总务省(e-Stat),OFFICIAL_CANONICAL,CPI2025BASE,linked level RETROSPECTIVE_REBASE,2026-08-21,RETROSPECTIVE_REBASE,VERIFIED,ARCHIVED_RELEASE_20260821,false,true,true
2005-10-31,2005-10,88.500,88.500,2025=100指数,M,CPI2025_CORECORE,总务省(e-Stat),OFFICIAL_CANONICAL,CPI2025BASE,linked level RETROSPECTIVE_REBASE,2026-08-21,RETROSPECTIVE_REBASE,VERIFIED,ARCHIVED_RELEASE_20260821,false,true,true
2005-11-30,2005-11,88.200,88.200,2025=100指数,M,CPI2025_CORECORE,总务省(e-Stat),OFFICIAL_CANONICAL,CPI2025BASE,linked level RETROSPECTIVE_REBASE,2026-08-21,RETROSPECTIVE_REBASE,VERIFIED,ARCHIVED_RELEASE_20260821,false,true,true
2005-12-31,2005-12,88.300,88.300,2025=100指数,M,CPI2025_CORECORE,总务省(e-Stat),OFFICIAL_CANONICAL,CPI2025BASE,linked level RETROSPECTIVE_REBASE,2026-08-21,RETROSPECTIVE_REBASE,VERIFIED,ARCHIVED_RELEASE_20260821,false,true,true
2006-01-31,2006-01,87.800,87.800,2025=100指数,M,CPI2025_CORECORE,总务省(e-Stat),OFFICIAL_CANONICAL,CPI2025BASE,linked level RETROSPECTIVE_REBASE,2026-08-21,RETROSPECTIVE_REBASE,VERIFIED,ARCHIVED_RELEASE_20260821,false,true,true
2006-02-28,2006-02,87.600,87.600,2025=100指数,M,CPI2025_CORECORE,总务省(e-Stat),OFFICIAL_CANONICAL,CPI2025BASE,linked level RETROSPECTIVE_REBASE,2026-08-21,RETROSPECTIVE_REBASE,VERIFIED,ARCHIVED_RELEASE_20260821,false,true,true
2006-03-31,2006-03,87.800,87.800,2025=100指数,M,CPI2025_CORECORE,总务省(e-Stat),OFFICIAL_CANONICAL,CPI2025BASE,linked level RETROSPECTIVE_REBASE,2026-08-21,RETROSPECTIVE_REBASE,VERIFIED,ARCHIVED_RELEASE_20260821,false,true,true
2006-04-30,2006-04,88.000,88.000,2025=100指数,M,CPI2025_CORECORE,总务省(e-Stat),OFFICIAL_CANONICAL,CPI2025BASE,linked level RETROSPECTIVE_REBASE,2026-08-21,RETROSPECTIVE_REBASE,VERIFIED,ARCHIVED_RELEASE_20260821,false,true,true
2006-05-31,2006-05,88.100,88.100,2025=100指数,M,CPI2025_CORECORE,总务省(e-Stat),OFFICIAL_CANONICAL,CPI2025BASE,linked level RETROSPECTIVE_REBASE,2026-08-21,RETROSPECTIVE_REBASE,VERIFIED,ARCHIVED_RELEASE_20260821,false,true,true
2006-06-30,2006-06,88.100,88.100,2025=100指数,M,CPI2025_CORECORE,总务省(e-Stat),OFFICIAL_CANONICAL,CPI2025BASE,linked level RETROSPECTIVE_REBASE,2026-08-21,RETROSPECTIVE_REBASE,VERIFIED,ARCHIVED_RELEASE_20260821,false,true,true
2006-07-31,2006-07,88.000,88.000,2025=100指数,M,CPI2025_CORECORE,总务省(e-Stat),OFFICIAL_CANONICAL,CPI2025BASE,linked level RETROSPECTIVE_REBASE,2026-08-21,RETROSPECTIVE_REBASE,VERIFIED,ARCHIVED_RELEASE_20260821,false,true,true
2006-08-31,2006-08,88.000,88.000,2025=100指数,M,CPI2025_CORECORE,总务省(e-Stat),OFFICIAL_CANONICAL,CPI2025BASE,linked level RETROSPECTIVE_REBASE,2026-08-21,RETROSPECTIVE_REBASE,VERIFIED,ARCHIVED_RELEASE_20260821,false,true,true
2006-09-30,2006-09,88.200,88.200,2025=100指数,M,CPI2025_CORECORE,总务省(e-Stat),OFFICIAL_CANONICAL,CPI2025BASE,linked level RETROSPECTIVE_REBASE,2026-08-21,RETROSPECTIVE_REBASE,VERIFIED,ARCHIVED_RELEASE_20260821,false,true,true
2006-10-31,2006-10,88.200,88.200,2025=100指数,M,CPI2025_CORECORE,总务省(e-Stat),OFFICIAL_CANONICAL,CPI2025BASE,linked level RETROSPECTIVE_REBASE,2026-08-21,RETROSPECTIVE_REBASE,VERIFIED,ARCHIVED_RELEASE_20260821,false,true,true
2006-11-30,2006-11,88.100,88.100,2025=100指数,M,CPI2025_CORECORE,总务省(e-Stat),OFFICIAL_CANONICAL,CPI2025BASE,linked level RETROSPECTIVE_REBASE,2026-08-21,RETROSPECTIVE_REBASE,VERIFIED,ARCHIVED_RELEASE_20260821,false,true,true
2006-12-31,2006-12,88.100,88.100,2025=100指数,M,CPI2025_CORECORE,总务省(e-Stat),OFFICIAL_CANONICAL,CPI2025BASE,linked level RETROSPECTIVE_REBASE,2026-08-21,RETROSPECTIVE_REBASE,VERIFIED,ARCHIVED_RELEASE_20260821,false,true,true
2007-01-31,2007-01,87.700,87.700,2025=100指数,M,CPI2025_CORECORE,总务省(e-Stat),OFFICIAL_CANONICAL,CPI2025BASE,linked level RETROSPECTIVE_REBASE,2026-08-21,RETROSPECTIVE_REBASE,VERIFIED,ARCHIVED_RELEASE_20260821,false,true,true
2007-02-28,2007-02,87.500,87.500,2025=100指数,M,CPI2025_CORECORE,总务省(e-Stat),OFFICIAL_CANONICAL,CPI2025BASE,linked level RETROSPECTIVE_REBASE,2026-08-21,RETROSPECTIVE_REBASE,VERIFIED,ARCHIVED_RELEASE_20260821,false,true,true
2007-03-31,2007-03,87.800,87.800,2025=100指数,M,CPI2025_CORECORE,总务省(e-Stat),OFFICIAL_CANONICAL,CPI2025BASE,linked level RETROSPECTIVE_REBASE,2026-08-21,RETROSPECTIVE_REBASE,VERIFIED,ARCHIVED_RELEASE_20260821,false,true,true
2007-04-30,2007-04,87.900,87.900,2025=100指数,M,CPI2025_CORECORE,总务省(e-Stat),OFFICIAL_CANONICAL,CPI2025BASE,linked level RETROSPECTIVE_REBASE,2026-08-21,RETROSPECTIVE_REBASE,VERIFIED,ARCHIVED_RELEASE_20260821,false,true,true
2007-05-31,2007-05,88.000,88.000,2025=100指数,M,CPI2025_CORECORE,总务省(e-Stat),OFFICIAL_CANONICAL,CPI2025BASE,linked level RETROSPECTIVE_REBASE,2026-08-21,RETROSPECTIVE_REBASE,VERIFIED,ARCHIVED_RELEASE_20260821,false,true,true
2007-06-30,2007-06,87.900,87.900,2025=100指数,M,CPI2025_CORECORE,总务省(e-Stat),OFFICIAL_CANONICAL,CPI2025BASE,linked level RETROSPECTIVE_REBASE,2026-08-21,RETROSPECTIVE_REBASE,VERIFIED,ARCHIVED_RELEASE_20260821,false,true,true
2007-07-31,2007-07,87.800,87.800,2025=100指数,M,CPI2025_CORECORE,总务省(e-Stat),OFFICIAL_CANONICAL,CPI2025BASE,linked level RETROSPECTIVE_REBASE,2026-08-21,RETROSPECTIVE_REBASE,VERIFIED,ARCHIVED_RELEASE_20260821,false,true,true
2007-08-31,2007-08,87.900,87.900,2025=100指数,M,CPI2025_CORECORE,总务省(e-Stat),OFFICIAL_CANONICAL,CPI2025BASE,linked level RETROSPECTIVE_REBASE,2026-08-21,RETROSPECTIVE_REBASE,VERIFIED,ARCHIVED_RELEASE_20260821,false,true,true
2007-09-30,2007-09,88.000,88.000,2025=100指数,M,CPI2025_CORECORE,总务省(e-Stat),OFFICIAL_CANONICAL,CPI2025BASE,linked level RETROSPECTIVE_REBASE,2026-08-21,RETROSPECTIVE_REBASE,VERIFIED,ARCHIVED_RELEASE_20260821,false,true,true
2007-10-31,2007-10,88.100,88.100,2025=100指数,M,CPI2025_CORECORE,总务省(e-Stat),OFFICIAL_CANONICAL,CPI2025BASE,linked level RETROSPECTIVE_REBASE,2026-08-21,RETROSPECTIVE_REBASE,VERIFIED,ARCHIVED_RELEASE_20260821,false,true,true
2007-11-30,2007-11,88.100,88.100,2025=100指数,M,CPI2025_CORECORE,总务省(e-Stat),OFFICIAL_CANONICAL,CPI2025BASE,linked level RETROSPECTIVE_REBASE,2026-08-21,RETROSPECTIVE_REBASE,VERIFIED,ARCHIVED_RELEASE_20260821,false,true,true
2007-12-31,2007-12,88.200,88.200,2025=100指数,M,CPI2025_CORECORE,总务省(e-Stat),OFFICIAL_CANONICAL,CPI2025BASE,linked level RETROSPECTIVE_REBASE,2026-08-21,RETROSPECTIVE_REBASE,VERIFIED,ARCHIVED_RELEASE_20260821,false,true,true
2008-01-31,2008-01,87.800,87.800,2025=100指数,M,CPI2025_CORECORE,总务省(e-Stat),OFFICIAL_CANONICAL,CPI2025BASE,linked level RETROSPECTIVE_REBASE,2026-08-21,RETROSPECTIVE_REBASE,VERIFIED,ARCHIVED_RELEASE_20260821,false,true,true
2008-02-29,2008-02,87.800,87.800,2025=100指数,M,CPI2025_CORECORE,总务省(e-Stat),OFFICIAL_CANONICAL,CPI2025BASE,linked level RETROSPECTIVE_REBASE,2026-08-21,RETROSPECTIVE_REBASE,VERIFIED,ARCHIVED_RELEASE_20260821,false,true,true
2008-03-31,2008-03,88.100,88.100,2025=100指数,M,CPI2025_CORECORE,总务省(e-Stat),OFFICIAL_CANONICAL,CPI2025BASE,linked level RETROSPECTIVE_REBASE,2026-08-21,RETROSPECTIVE_REBASE,VERIFIED,ARCHIVED_RELEASE_20260821,false,true,true
2008-04-30,2008-04,88.400,88.400,2025=100指数,M,CPI2025_CORECORE,总务省(e-Stat),OFFICIAL_CANONICAL,CPI2025BASE,linked level RETROSPECTIVE_REBASE,2026-08-21,RETROSPECTIVE_REBASE,VERIFIED,ARCHIVED_RELEASE_20260821,false,true,true
2008-05-31,2008-05,88.600,88.600,2025=100指数,M,CPI2025_CORECORE,总务省(e-Stat),OFFICIAL_CANONICAL,CPI2025BASE,linked level RETROSPECTIVE_REBASE,2026-08-21,RETROSPECTIVE_REBASE,VERIFIED,ARCHIVED_RELEASE_20260821,false,true,true
2008-06-30,2008-06,88.700,88.700,2025=100指数,M,CPI2025_CORECORE,总务省(e-Stat),OFFICIAL_CANONICAL,CPI2025BASE,linked level RETROSPECTIVE_REBASE,2026-08-21,RETROSPECTIVE_REBASE,VERIFIED,ARCHIVED_RELEASE_20260821,false,true,true
2008-07-31,2008-07,88.700,88.700,2025=100指数,M,CPI2025_CORECORE,总务省(e-Stat),OFFICIAL_CANONICAL,CPI2025BASE,linked level RETROSPECTIVE_REBASE,2026-08-21,RETROSPECTIVE_REBASE,VERIFIED,ARCHIVED_RELEASE_20260821,false,true,true
2008-08-31,2008-08,88.900,88.900,2025=100指数,M,CPI2025_CORECORE,总务省(e-Stat),OFFICIAL_CANONICAL,CPI2025BASE,linked level RETROSPECTIVE_REBASE,2026-08-21,RETROSPECTIVE_REBASE,VERIFIED,ARCHIVED_RELEASE_20260821,false,true,true
2008-09-30,2008-09,89.100,89.100,2025=100指数,M,CPI2025_CORECORE,总务省(e-Stat),OFFICIAL_CANONICAL,CPI2025BASE,linked level RETROSPECTIVE_REBASE,2026-08-21,RETROSPECTIVE_REBASE,VERIFIED,ARCHIVED_RELEASE_20260821,false,true,true
2008-10-31,2008-10,89.200,89.200,2025=100指数,M,CPI2025_CORECORE,总务省(e-Stat),OFFICIAL_CANONICAL,CPI2025BASE,linked level RETROSPECTIVE_REBASE,2026-08-21,RETROSPECTIVE_REBASE,VERIFIED,ARCHIVED_RELEASE_20260821,false,true,true
2008-11-30,2008-11,89.100,89.100,2025=100指数,M,CPI2025_CORECORE,总务省(e-Stat),OFFICIAL_CANONICAL,CPI2025BASE,linked level RETROSPECTIVE_REBASE,2026-08-21,RETROSPECTIVE_REBASE,VERIFIED,ARCHIVED_RELEASE_20260821,false,true,true
2008-12-31,2008-12,89.000,89.000,2025=100指数,M,CPI2025_CORECORE,总务省(e-Stat),OFFICIAL_CANONICAL,CPI2025BASE,linked level RETROSPECTIVE_REBASE,2026-08-21,RETROSPECTIVE_REBASE,VERIFIED,ARCHIVED_RELEASE_20260821,false,true,true
2009-01-31,2009-01,88.500,88.500,2025=100指数,M,CPI2025_CORECORE,总务省(e-Stat),OFFICIAL_CANONICAL,CPI2025BASE,linked level RETROSPECTIVE_REBASE,2026-08-21,RETROSPECTIVE_REBASE,VERIFIED,ARCHIVED_RELEASE_20260821,false,true,true
2009-02-28,2009-02,88.300,88.300,2025=100指数,M,CPI2025_CORECORE,总务省(e-Stat),OFFICIAL_CANONICAL,CPI2025BASE,linked level RETROSPECTIVE_REBASE,2026-08-21,RETROSPECTIVE_REBASE,VERIFIED,ARCHIVED_RELEASE_20260821,false,true,true
2009-03-31,2009-03,88.500,88.500,2025=100指数,M,CPI2025_CORECORE,总务省(e-Stat),OFFICIAL_CANONICAL,CPI2025BASE,linked level RETROSPECTIVE_REBASE,2026-08-21,RETROSPECTIVE_REBASE,VERIFIED,ARCHIVED_RELEASE_20260821,false,true,true
2009-04-30,2009-04,88.500,88.500,2025=100指数,M,CPI2025_CORECORE,总务省(e-Stat),OFFICIAL_CANONICAL,CPI2025BASE,linked level RETROSPECTIVE_REBASE,2026-08-21,RETROSPECTIVE_REBASE,VERIFIED,ARCHIVED_RELEASE_20260821,false,true,true
2009-05-31,2009-05,88.500,88.500,2025=100指数,M,CPI2025_CORECORE,总务省(e-Stat),OFFICIAL_CANONICAL,CPI2025BASE,linked level RETROSPECTIVE_REBASE,2026-08-21,RETROSPECTIVE_REBASE,VERIFIED,ARCHIVED_RELEASE_20260821,false,true,true
2009-06-30,2009-06,88.400,88.400,2025=100指数,M,CPI2025_CORECORE,总务省(e-Stat),OFFICIAL_CANONICAL,CPI2025BASE,linked level RETROSPECTIVE_REBASE,2026-08-21,RETROSPECTIVE_REBASE,VERIFIED,ARCHIVED_RELEASE_20260821,false,true,true
2009-07-31,2009-07,88.200,88.200,2025=100指数,M,CPI2025_CORECORE,总务省(e-Stat),OFFICIAL_CANONICAL,CPI2025BASE,linked level RETROSPECTIVE_REBASE,2026-08-21,RETROSPECTIVE_REBASE,VERIFIED,ARCHIVED_RELEASE_20260821,false,true,true
2009-08-31,2009-08,88.200,88.200,2025=100指数,M,CPI2025_CORECORE,总务省(e-Stat),OFFICIAL_CANONICAL,CPI2025BASE,linked level RETROSPECTIVE_REBASE,2026-08-21,RETROSPECTIVE_REBASE,VERIFIED,ARCHIVED_RELEASE_20260821,false,true,true
2009-09-30,2009-09,88.300,88.300,2025=100指数,M,CPI2025_CORECORE,总务省(e-Stat),OFFICIAL_CANONICAL,CPI2025BASE,linked level RETROSPECTIVE_REBASE,2026-08-21,RETROSPECTIVE_REBASE,VERIFIED,ARCHIVED_RELEASE_20260821,false,true,true
2009-10-31,2009-10,88.200,88.200,2025=100指数,M,CPI2025_CORECORE,总务省(e-Stat),OFFICIAL_CANONICAL,CPI2025BASE,linked level RETROSPECTIVE_REBASE,2026-08-21,RETROSPECTIVE_REBASE,VERIFIED,ARCHIVED_RELEASE_20260821,false,true,true
2009-11-30,2009-11,88.100,88.100,2025=100指数,M,CPI2025_CORECORE,总务省(e-Stat),OFFICIAL_CANONICAL,CPI2025BASE,linked level RETROSPECTIVE_REBASE,2026-08-21,RETROSPECTIVE_REBASE,VERIFIED,ARCHIVED_RELEASE_20260821,false,true,true
2009-12-31,2009-12,87.900,87.900,2025=100指数,M,CPI2025_CORECORE,总务省(e-Stat),OFFICIAL_CANONICAL,CPI2025BASE,linked level RETROSPECTIVE_REBASE,2026-08-21,RETROSPECTIVE_REBASE,VERIFIED,ARCHIVED_RELEASE_20260821,false,true,true
2010-01-31,2010-01,87.600,87.600,2025=100指数,M,CPI2025_CORECORE,总务省(e-Stat),OFFICIAL_CANONICAL,CPI2025BASE,linked level RETROSPECTIVE_REBASE,2026-08-21,RETROSPECTIVE_REBASE,VERIFIED,ARCHIVED_RELEASE_20260821,false,true,true
2010-02-28,2010-02,87.500,87.500,2025=100指数,M,CPI2025_CORECORE,总务省(e-Stat),OFFICIAL_CANONICAL,CPI2025BASE,linked level RETROSPECTIVE_REBASE,2026-08-21,RETROSPECTIVE_REBASE,VERIFIED,ARCHIVED_RELEASE_20260821,false,true,true
2010-03-31,2010-03,87.600,87.600,2025=100指数,M,CPI2025_CORECORE,总务省(e-Stat),OFFICIAL_CANONICAL,CPI2025BASE,linked level RETROSPECTIVE_REBASE,2026-08-21,RETROSPECTIVE_REBASE,VERIFIED,ARCHIVED_RELEASE_20260821,false,true,true
2010-04-30,2010-04,87.400,87.400,2025=100指数,M,CPI2025_CORECORE,总务省(e-Stat),OFFICIAL_CANONICAL,CPI2025BASE,linked level RETROSPECTIVE_REBASE,2026-08-21,RETROSPECTIVE_REBASE,VERIFIED,ARCHIVED_RELEASE_20260821,false,true,true
2010-05-31,2010-05,87.300,87.300,2025=100指数,M,CPI2025_CORECORE,总务省(e-Stat),OFFICIAL_CANONICAL,CPI2025BASE,linked level RETROSPECTIVE_REBASE,2026-08-21,RETROSPECTIVE_REBASE,VERIFIED,ARCHIVED_RELEASE_20260821,false,true,true
2010-06-30,2010-06,87.100,87.100,2025=100指数,M,CPI2025_CORECORE,总务省(e-Stat),OFFICIAL_CANONICAL,CPI2025BASE,linked level RETROSPECTIVE_REBASE,2026-08-21,RETROSPECTIVE_REBASE,VERIFIED,ARCHIVED_RELEASE_20260821,false,true,true
2010-07-31,2010-07,86.800,86.800,2025=100指数,M,CPI2025_CORECORE,总务省(e-Stat),OFFICIAL_CANONICAL,CPI2025BASE,linked level RETROSPECTIVE_REBASE,2026-08-21,RETROSPECTIVE_REBASE,VERIFIED,ARCHIVED_RELEASE_20260821,false,true,true
2010-08-31,2010-08,86.800,86.800,2025=100指数,M,CPI2025_CORECORE,总务省(e-Stat),OFFICIAL_CANONICAL,CPI2025BASE,linked level RETROSPECTIVE_REBASE,2026-08-21,RETROSPECTIVE_REBASE,VERIFIED,ARCHIVED_RELEASE_20260821,false,true,true
2010-09-30,2010-09,86.800,86.800,2025=100指数,M,CPI2025_CORECORE,总务省(e-Stat),OFFICIAL_CANONICAL,CPI2025BASE,linked level RETROSPECTIVE_REBASE,2026-08-21,RETROSPECTIVE_REBASE,VERIFIED,ARCHIVED_RELEASE_20260821,false,true,true
2010-10-31,2010-10,87.100,87.100,2025=100指数,M,CPI2025_CORECORE,总务省(e-Stat),OFFICIAL_CANONICAL,CPI2025BASE,linked level RETROSPECTIVE_REBASE,2026-08-21,RETROSPECTIVE_REBASE,VERIFIED,ARCHIVED_RELEASE_20260821,false,true,true
2010-11-30,2010-11,86.900,86.900,2025=100指数,M,CPI2025_CORECORE,总务省(e-Stat),OFFICIAL_CANONICAL,CPI2025BASE,linked level RETROSPECTIVE_REBASE,2026-08-21,RETROSPECTIVE_REBASE,VERIFIED,ARCHIVED_RELEASE_20260821,false,true,true
2010-12-31,2010-12,86.800,86.800,2025=100指数,M,CPI2025_CORECORE,总务省(e-Stat),OFFICIAL_CANONICAL,CPI2025BASE,linked level RETROSPECTIVE_REBASE,2026-08-21,RETROSPECTIVE_REBASE,VERIFIED,ARCHIVED_RELEASE_20260821,false,true,true
2011-01-31,2011-01,86.400,86.400,2025=100指数,M,CPI2025_CORECORE,总务省(e-Stat),OFFICIAL_CANONICAL,CPI2025BASE,linked level RETROSPECTIVE_REBASE,2026-08-21,RETROSPECTIVE_REBASE,VERIFIED,ARCHIVED_RELEASE_20260821,false,true,true
2011-02-28,2011-02,86.400,86.400,2025=100指数,M,CPI2025_CORECORE,总务省(e-Stat),OFFICIAL_CANONICAL,CPI2025BASE,linked level RETROSPECTIVE_REBASE,2026-08-21,RETROSPECTIVE_REBASE,VERIFIED,ARCHIVED_RELEASE_20260821,false,true,true
2011-03-31,2011-03,86.500,86.500,2025=100指数,M,CPI2025_CORECORE,总务省(e-Stat),OFFICIAL_CANONICAL,CPI2025BASE,linked level RETROSPECTIVE_REBASE,2026-08-21,RETROSPECTIVE_REBASE,VERIFIED,ARCHIVED_RELEASE_20260821,false,true,true
2011-04-30,2011-04,86.700,86.700,2025=100指数,M,CPI2025_CORECORE,总务省(e-Stat),OFFICIAL_CANONICAL,CPI2025BASE,linked level RETROSPECTIVE_REBASE,2026-08-21,RETROSPECTIVE_REBASE,VERIFIED,ARCHIVED_RELEASE_20260821,false,true,true
2011-05-31,2011-05,86.700,86.700,2025=100指数,M,CPI2025_CORECORE,总务省(e-Stat),OFFICIAL_CANONICAL,CPI2025BASE,linked level RETROSPECTIVE_REBASE,2026-08-21,RETROSPECTIVE_REBASE,VERIFIED,ARCHIVED_RELEASE_20260821,false,true,true
2011-06-30,2011-06,86.500,86.500,2025=100指数,M,CPI2025_CORECORE,总务省(e-Stat),OFFICIAL_CANONICAL,CPI2025BASE,linked level RETROSPECTIVE_REBASE,2026-08-21,RETROSPECTIVE_REBASE,VERIFIED,ARCHIVED_RELEASE_20260821,false,true,true
2011-07-31,2011-07,86.400,86.400,2025=100指数,M,CPI2025_CORECORE,总务省(e-Stat),OFFICIAL_CANONICAL,CPI2025BASE,linked level RETROSPECTIVE_REBASE,2026-08-21,RETROSPECTIVE_REBASE,VERIFIED,ARCHIVED_RELEASE_20260821,false,true,true
2011-08-31,2011-08,86.400,86.400,2025=100指数,M,CPI2025_CORECORE,总务省(e-Stat),OFFICIAL_CANONICAL,CPI2025BASE,linked level RETROSPECTIVE_REBASE,2026-08-21,RETROSPECTIVE_REBASE,VERIFIED,ARCHIVED_RELEASE_20260821,false,true,true
2011-09-30,2011-09,86.500,86.500,2025=100指数,M,CPI2025_CORECORE,总务省(e-Stat),OFFICIAL_CANONICAL,CPI2025BASE,linked level RETROSPECTIVE_REBASE,2026-08-21,RETROSPECTIVE_REBASE,VERIFIED,ARCHIVED_RELEASE_20260821,false,true,true
2011-10-31,2011-10,86.500,86.500,2025=100指数,M,CPI2025_CORECORE,总务省(e-Stat),OFFICIAL_CANONICAL,CPI2025BASE,linked level RETROSPECTIVE_REBASE,2026-08-21,RETROSPECTIVE_REBASE,VERIFIED,ARCHIVED_RELEASE_20260821,false,true,true
2011-11-30,2011-11,86.200,86.200,2025=100指数,M,CPI2025_CORECORE,总务省(e-Stat),OFFICIAL_CANONICAL,CPI2025BASE,linked level RETROSPECTIVE_REBASE,2026-08-21,RETROSPECTIVE_REBASE,VERIFIED,ARCHIVED_RELEASE_20260821,false,true,true
2011-12-31,2011-12,86.200,86.200,2025=100指数,M,CPI2025_CORECORE,总务省(e-Stat),OFFICIAL_CANONICAL,CPI2025BASE,linked level RETROSPECTIVE_REBASE,2026-08-21,RETROSPECTIVE_REBASE,VERIFIED,ARCHIVED_RELEASE_20260821,false,true,true
2012-01-31,2012-01,85.900,85.900,2025=100指数,M,CPI2025_CORECORE,总务省(e-Stat),OFFICIAL_CANONICAL,CPI2025BASE,linked level RETROSPECTIVE_REBASE,2026-08-21,RETROSPECTIVE_REBASE,VERIFIED,ARCHIVED_RELEASE_20260821,false,true,true
2012-02-29,2012-02,86.100,86.100,2025=100指数,M,CPI2025_CORECORE,总务省(e-Stat),OFFICIAL_CANONICAL,CPI2025BASE,linked level RETROSPECTIVE_REBASE,2026-08-21,RETROSPECTIVE_REBASE,VERIFIED,ARCHIVED_RELEASE_20260821,false,true,true
2012-03-31,2012-03,86.300,86.300,2025=100指数,M,CPI2025_CORECORE,总务省(e-Stat),OFFICIAL_CANONICAL,CPI2025BASE,linked level RETROSPECTIVE_REBASE,2026-08-21,RETROSPECTIVE_REBASE,VERIFIED,ARCHIVED_RELEASE_20260821,false,true,true
2012-04-30,2012-04,86.400,86.400,2025=100指数,M,CPI2025_CORECORE,总务省(e-Stat),OFFICIAL_CANONICAL,CPI2025BASE,linked level RETROSPECTIVE_REBASE,2026-08-21,RETROSPECTIVE_REBASE,VERIFIED,ARCHIVED_RELEASE_20260821,false,true,true
2012-05-31,2012-05,86.300,86.300,2025=100指数,M,CPI2025_CORECORE,总务省(e-Stat),OFFICIAL_CANONICAL,CPI2025BASE,linked level RETROSPECTIVE_REBASE,2026-08-21,RETROSPECTIVE_REBASE,VERIFIED,ARCHIVED_RELEASE_20260821,false,true,true
2012-06-30,2012-06,86.200,86.200,2025=100指数,M,CPI2025_CORECORE,总务省(e-Stat),OFFICIAL_CANONICAL,CPI2025BASE,linked level RETROSPECTIVE_REBASE,2026-08-21,RETROSPECTIVE_REBASE,VERIFIED,ARCHIVED_RELEASE_20260821,false,true,true
2012-07-31,2012-07,86.000,86.000,2025=100指数,M,CPI2025_CORECORE,总务省(e-Stat),OFFICIAL_CANONICAL,CPI2025BASE,linked level RETROSPECTIVE_REBASE,2026-08-21,RETROSPECTIVE_REBASE,VERIFIED,ARCHIVED_RELEASE_20260821,false,true,true
2012-08-31,2012-08,86.100,86.100,2025=100指数,M,CPI2025_CORECORE,总务省(e-Stat),OFFICIAL_CANONICAL,CPI2025BASE,linked level RETROSPECTIVE_REBASE,2026-08-21,RETROSPECTIVE_REBASE,VERIFIED,ARCHIVED_RELEASE_20260821,false,true,true
2012-09-30,2012-09,86.100,86.100,2025=100指数,M,CPI2025_CORECORE,总务省(e-Stat),OFFICIAL_CANONICAL,CPI2025BASE,linked level RETROSPECTIVE_REBASE,2026-08-21,RETROSPECTIVE_REBASE,VERIFIED,ARCHIVED_RELEASE_20260821,false,true,true
2012-10-31,2012-10,86.100,86.100,2025=100指数,M,CPI2025_CORECORE,总务省(e-Stat),OFFICIAL_CANONICAL,CPI2025BASE,linked level RETROSPECTIVE_REBASE,2026-08-21,RETROSPECTIVE_REBASE,VERIFIED,ARCHIVED_RELEASE_20260821,false,true,true
2012-11-30,2012-11,85.900,85.900,2025=100指数,M,CPI2025_CORECORE,总务省(e-Stat),OFFICIAL_CANONICAL,CPI2025BASE,linked level RETROSPECTIVE_REBASE,2026-08-21,RETROSPECTIVE_REBASE,VERIFIED,ARCHIVED_RELEASE_20260821,false,true,true
2012-12-31,2012-12,85.700,85.700,2025=100指数,M,CPI2025_CORECORE,总务省(e-Stat),OFFICIAL_CANONICAL,CPI2025BASE,linked level RETROSPECTIVE_REBASE,2026-08-21,RETROSPECTIVE_REBASE,VERIFIED,ARCHIVED_RELEASE_20260821,false,true,true
2013-01-31,2013-01,85.400,85.400,2025=100指数,M,CPI2025_CORECORE,总务省(e-Stat),OFFICIAL_CANONICAL,CPI2025BASE,linked level RETROSPECTIVE_REBASE,2026-08-21,RETROSPECTIVE_REBASE,VERIFIED,ARCHIVED_RELEASE_20260821,false,true,true
2013-02-28,2013-02,85.400,85.400,2025=100指数,M,CPI2025_CORECORE,总务省(e-Stat),OFFICIAL_CANONICAL,CPI2025BASE,linked level RETROSPECTIVE_REBASE,2026-08-21,RETROSPECTIVE_REBASE,VERIFIED,ARCHIVED_RELEASE_20260821,false,true,true
2013-03-31,2013-03,85.700,85.700,2025=100指数,M,CPI2025_CORECORE,总务省(e-Stat),OFFICIAL_CANONICAL,CPI2025BASE,linked level RETROSPECTIVE_REBASE,2026-08-21,RETROSPECTIVE_REBASE,VERIFIED,ARCHIVED_RELEASE_20260821,false,true,true
2013-04-30,2013-04,85.900,85.900,2025=100指数,M,CPI2025_CORECORE,总务省(e-Stat),OFFICIAL_CANONICAL,CPI2025BASE,linked level RETROSPECTIVE_REBASE,2026-08-21,RETROSPECTIVE_REBASE,VERIFIED,ARCHIVED_RELEASE_20260821,false,true,true
2013-05-31,2013-05,86.000,86.000,2025=100指数,M,CPI2025_CORECORE,总务省(e-Stat),OFFICIAL_CANONICAL,CPI2025BASE,linked level RETROSPECTIVE_REBASE,2026-08-21,RETROSPECTIVE_REBASE,VERIFIED,ARCHIVED_RELEASE_20260821,false,true,true
2013-06-30,2013-06,86.000,86.000,2025=100指数,M,CPI2025_CORECORE,总务省(e-Stat),OFFICIAL_CANONICAL,CPI2025BASE,linked level RETROSPECTIVE_REBASE,2026-08-21,RETROSPECTIVE_REBASE,VERIFIED,ARCHIVED_RELEASE_20260821,false,true,true
2013-07-31,2013-07,85.900,85.900,2025=100指数,M,CPI2025_CORECORE,总务省(e-Stat),OFFICIAL_CANONICAL,CPI2025BASE,linked level RETROSPECTIVE_REBASE,2026-08-21,RETROSPECTIVE_REBASE,VERIFIED,ARCHIVED_RELEASE_20260821,false,true,true
2013-08-31,2013-08,86.100,86.100,2025=100指数,M,CPI2025_CORECORE,总务省(e-Stat),OFFICIAL_CANONICAL,CPI2025BASE,linked level RETROSPECTIVE_REBASE,2026-08-21,RETROSPECTIVE_REBASE,VERIFIED,ARCHIVED_RELEASE_20260821,false,true,true
2013-09-30,2013-09,86.100,86.100,2025=100指数,M,CPI2025_CORECORE,总务省(e-Stat),OFFICIAL_CANONICAL,CPI2025BASE,linked level RETROSPECTIVE_REBASE,2026-08-21,RETROSPECTIVE_REBASE,VERIFIED,ARCHIVED_RELEASE_20260821,false,true,true
2013-10-31,2013-10,86.300,86.300,2025=100指数,M,CPI2025_CORECORE,总务省(e-Stat),OFFICIAL_CANONICAL,CPI2025BASE,linked level RETROSPECTIVE_REBASE,2026-08-21,RETROSPECTIVE_REBASE,VERIFIED,ARCHIVED_RELEASE_20260821,false,true,true
2013-11-30,2013-11,86.300,86.300,2025=100指数,M,CPI2025_CORECORE,总务省(e-Stat),OFFICIAL_CANONICAL,CPI2025BASE,linked level RETROSPECTIVE_REBASE,2026-08-21,RETROSPECTIVE_REBASE,VERIFIED,ARCHIVED_RELEASE_20260821,false,true,true
2013-12-31,2013-12,86.300,86.300,2025=100指数,M,CPI2025_CORECORE,总务省(e-Stat),OFFICIAL_CANONICAL,CPI2025BASE,linked level RETROSPECTIVE_REBASE,2026-08-21,RETROSPECTIVE_REBASE,VERIFIED,ARCHIVED_RELEASE_20260821,false,true,true
2014-01-31,2014-01,86.000,86.000,2025=100指数,M,CPI2025_CORECORE,总务省(e-Stat),OFFICIAL_CANONICAL,CPI2025BASE,linked level RETROSPECTIVE_REBASE,2026-08-21,RETROSPECTIVE_REBASE,VERIFIED,ARCHIVED_RELEASE_20260821,false,true,true
2014-02-28,2014-02,86.100,86.100,2025=100指数,M,CPI2025_CORECORE,总务省(e-Stat),OFFICIAL_CANONICAL,CPI2025BASE,linked level RETROSPECTIVE_REBASE,2026-08-21,RETROSPECTIVE_REBASE,VERIFIED,ARCHIVED_RELEASE_20260821,false,true,true
2014-03-31,2014-03,86.400,86.400,2025=100指数,M,CPI2025_CORECORE,总务省(e-Stat),OFFICIAL_CANONICAL,CPI2025BASE,linked level RETROSPECTIVE_REBASE,2026-08-21,RETROSPECTIVE_REBASE,VERIFIED,ARCHIVED_RELEASE_20260821,false,true,true
2014-04-30,2014-04,88.300,88.300,2025=100指数,M,CPI2025_CORECORE,总务省(e-Stat),OFFICIAL_CANONICAL,CPI2025BASE,linked level RETROSPECTIVE_REBASE,2026-08-21,RETROSPECTIVE_REBASE,VERIFIED,ARCHIVED_RELEASE_20260821,false,true,true
2014-05-31,2014-05,88.300,88.300,2025=100指数,M,CPI2025_CORECORE,总务省(e-Stat),OFFICIAL_CANONICAL,CPI2025BASE,linked level RETROSPECTIVE_REBASE,2026-08-21,RETROSPECTIVE_REBASE,VERIFIED,ARCHIVED_RELEASE_20260821,false,true,true
2014-06-30,2014-06,88.300,88.300,2025=100指数,M,CPI2025_CORECORE,总务省(e-Stat),OFFICIAL_CANONICAL,CPI2025BASE,linked level RETROSPECTIVE_REBASE,2026-08-21,RETROSPECTIVE_REBASE,VERIFIED,ARCHIVED_RELEASE_20260821,false,true,true
2014-07-31,2014-07,88.300,88.300,2025=100指数,M,CPI2025_CORECORE,总务省(e-Stat),OFFICIAL_CANONICAL,CPI2025BASE,linked level RETROSPECTIVE_REBASE,2026-08-21,RETROSPECTIVE_REBASE,VERIFIED,ARCHIVED_RELEASE_20260821,false,true,true
2014-08-31,2014-08,88.400,88.400,2025=100指数,M,CPI2025_CORECORE,总务省(e-Stat),OFFICIAL_CANONICAL,CPI2025BASE,linked level RETROSPECTIVE_REBASE,2026-08-21,RETROSPECTIVE_REBASE,VERIFIED,ARCHIVED_RELEASE_20260821,false,true,true
2014-09-30,2014-09,88.400,88.400,2025=100指数,M,CPI2025_CORECORE,总务省(e-Stat),OFFICIAL_CANONICAL,CPI2025BASE,linked level RETROSPECTIVE_REBASE,2026-08-21,RETROSPECTIVE_REBASE,VERIFIED,ARCHIVED_RELEASE_20260821,false,true,true
2014-10-31,2014-10,88.600,88.600,2025=100指数,M,CPI2025_CORECORE,总务省(e-Stat),OFFICIAL_CANONICAL,CPI2025BASE,linked level RETROSPECTIVE_REBASE,2026-08-21,RETROSPECTIVE_REBASE,VERIFIED,ARCHIVED_RELEASE_20260821,false,true,true
2014-11-30,2014-11,88.500,88.500,2025=100指数,M,CPI2025_CORECORE,总务省(e-Stat),OFFICIAL_CANONICAL,CPI2025BASE,linked level RETROSPECTIVE_REBASE,2026-08-21,RETROSPECTIVE_REBASE,VERIFIED,ARCHIVED_RELEASE_20260821,false,true,true
2014-12-31,2014-12,88.500,88.500,2025=100指数,M,CPI2025_CORECORE,总务省(e-Stat),OFFICIAL_CANONICAL,CPI2025BASE,linked level RETROSPECTIVE_REBASE,2026-08-21,RETROSPECTIVE_REBASE,VERIFIED,ARCHIVED_RELEASE_20260821,false,true,true
2015-01-31,2015-01,88.400,88.400,2025=100指数,M,CPI2025_CORECORE,总务省(e-Stat),OFFICIAL_CANONICAL,CPI2025BASE,linked level RETROSPECTIVE_REBASE,2026-08-21,RETROSPECTIVE_REBASE,VERIFIED,ARCHIVED_RELEASE_20260821,false,true,true
2015-02-28,2015-02,88.400,88.400,2025=100指数,M,CPI2025_CORECORE,总务省(e-Stat),OFFICIAL_CANONICAL,CPI2025BASE,linked level RETROSPECTIVE_REBASE,2026-08-21,RETROSPECTIVE_REBASE,VERIFIED,ARCHIVED_RELEASE_20260821,false,true,true
2015-03-31,2015-03,88.600,88.600,2025=100指数,M,CPI2025_CORECORE,总务省(e-Stat),OFFICIAL_CANONICAL,CPI2025BASE,linked level RETROSPECTIVE_REBASE,2026-08-21,RETROSPECTIVE_REBASE,VERIFIED,ARCHIVED_RELEASE_20260821,false,true,true
2015-04-30,2015-04,89.000,89.000,2025=100指数,M,CPI2025_CORECORE,总务省(e-Stat),OFFICIAL_CANONICAL,CPI2025BASE,linked level RETROSPECTIVE_REBASE,2026-08-21,RETROSPECTIVE_REBASE,VERIFIED,ARCHIVED_RELEASE_20260821,false,true,true
2015-05-31,2015-05,89.000,89.000,2025=100指数,M,CPI2025_CORECORE,总务省(e-Stat),OFFICIAL_CANONICAL,CPI2025BASE,linked level RETROSPECTIVE_REBASE,2026-08-21,RETROSPECTIVE_REBASE,VERIFIED,ARCHIVED_RELEASE_20260821,false,true,true
2015-06-30,2015-06,89.000,89.000,2025=100指数,M,CPI2025_CORECORE,总务省(e-Stat),OFFICIAL_CANONICAL,CPI2025BASE,linked level RETROSPECTIVE_REBASE,2026-08-21,RETROSPECTIVE_REBASE,VERIFIED,ARCHIVED_RELEASE_20260821,false,true,true
2015-07-31,2015-07,89.100,89.100,2025=100指数,M,CPI2025_CORECORE,总务省(e-Stat),OFFICIAL_CANONICAL,CPI2025BASE,linked level RETROSPECTIVE_REBASE,2026-08-21,RETROSPECTIVE_REBASE,VERIFIED,ARCHIVED_RELEASE_20260821,false,true,true
2015-08-31,2015-08,89.200,89.200,2025=100指数,M,CPI2025_CORECORE,总务省(e-Stat),OFFICIAL_CANONICAL,CPI2025BASE,linked level RETROSPECTIVE_REBASE,2026-08-21,RETROSPECTIVE_REBASE,VERIFIED,ARCHIVED_RELEASE_20260821,false,true,true
2015-09-30,2015-09,89.400,89.400,2025=100指数,M,CPI2025_CORECORE,总务省(e-Stat),OFFICIAL_CANONICAL,CPI2025BASE,linked level RETROSPECTIVE_REBASE,2026-08-21,RETROSPECTIVE_REBASE,VERIFIED,ARCHIVED_RELEASE_20260821,false,true,true
2015-10-31,2015-10,89.500,89.500,2025=100指数,M,CPI2025_CORECORE,总务省(e-Stat),OFFICIAL_CANONICAL,CPI2025BASE,linked level RETROSPECTIVE_REBASE,2026-08-21,RETROSPECTIVE_REBASE,VERIFIED,ARCHIVED_RELEASE_20260821,false,true,true
2015-11-30,2015-11,89.500,89.500,2025=100指数,M,CPI2025_CORECORE,总务省(e-Stat),OFFICIAL_CANONICAL,CPI2025BASE,linked level RETROSPECTIVE_REBASE,2026-08-21,RETROSPECTIVE_REBASE,VERIFIED,ARCHIVED_RELEASE_20260821,false,true,true
2015-12-31,2015-12,89.500,89.500,2025=100指数,M,CPI2025_CORECORE,总务省(e-Stat),OFFICIAL_CANONICAL,CPI2025BASE,linked level RETROSPECTIVE_REBASE,2026-08-21,RETROSPECTIVE_REBASE,VERIFIED,ARCHIVED_RELEASE_20260821,false,true,true
2016-01-31,2016-01,89.200,89.200,2025=100指数,M,CPI2025_CORECORE,总务省(e-Stat),OFFICIAL_CANONICAL,CPI2025BASE,linked level RETROSPECTIVE_REBASE,2026-08-21,RETROSPECTIVE_REBASE,VERIFIED,ARCHIVED_RELEASE_20260821,false,true,true
2016-02-29,2016-02,89.200,89.200,2025=100指数,M,CPI2025_CORECORE,总务省(e-Stat),OFFICIAL_CANONICAL,CPI2025BASE,linked level RETROSPECTIVE_REBASE,2026-08-21,RETROSPECTIVE_REBASE,VERIFIED,ARCHIVED_RELEASE_20260821,false,true,true
2016-03-31,2016-03,89.400,89.400,2025=100指数,M,CPI2025_CORECORE,总务省(e-Stat),OFFICIAL_CANONICAL,CPI2025BASE,linked level RETROSPECTIVE_REBASE,2026-08-21,RETROSPECTIVE_REBASE,VERIFIED,ARCHIVED_RELEASE_20260821,false,true,true
2016-04-30,2016-04,89.700,89.700,2025=100指数,M,CPI2025_CORECORE,总务省(e-Stat),OFFICIAL_CANONICAL,CPI2025BASE,linked level RETROSPECTIVE_REBASE,2026-08-21,RETROSPECTIVE_REBASE,VERIFIED,ARCHIVED_RELEASE_20260821,false,true,true
2016-05-31,2016-05,89.700,89.700,2025=100指数,M,CPI2025_CORECORE,总务省(e-Stat),OFFICIAL_CANONICAL,CPI2025BASE,linked level RETROSPECTIVE_REBASE,2026-08-21,RETROSPECTIVE_REBASE,VERIFIED,ARCHIVED_RELEASE_20260821,false,true,true
2016-06-30,2016-06,89.600,89.600,2025=100指数,M,CPI2025_CORECORE,总务省(e-Stat),OFFICIAL_CANONICAL,CPI2025BASE,linked level RETROSPECTIVE_REBASE,2026-08-21,RETROSPECTIVE_REBASE,VERIFIED,ARCHIVED_RELEASE_20260821,false,true,true
2016-07-31,2016-07,89.500,89.500,2025=100指数,M,CPI2025_CORECORE,总务省(e-Stat),OFFICIAL_CANONICAL,CPI2025BASE,linked level RETROSPECTIVE_REBASE,2026-08-21,RETROSPECTIVE_REBASE,VERIFIED,ARCHIVED_RELEASE_20260821,false,true,true
2016-08-31,2016-08,89.600,89.600,2025=100指数,M,CPI2025_CORECORE,总务省(e-Stat),OFFICIAL_CANONICAL,CPI2025BASE,linked level RETROSPECTIVE_REBASE,2026-08-21,RETROSPECTIVE_REBASE,VERIFIED,ARCHIVED_RELEASE_20260821,false,true,true
2016-09-30,2016-09,89.600,89.600,2025=100指数,M,CPI2025_CORECORE,总务省(e-Stat),OFFICIAL_CANONICAL,CPI2025BASE,linked level RETROSPECTIVE_REBASE,2026-08-21,RETROSPECTIVE_REBASE,VERIFIED,ARCHIVED_RELEASE_20260821,false,true,true
2016-10-31,2016-10,89.800,89.800,2025=100指数,M,CPI2025_CORECORE,总务省(e-Stat),OFFICIAL_CANONICAL,CPI2025BASE,linked level RETROSPECTIVE_REBASE,2026-08-21,RETROSPECTIVE_REBASE,VERIFIED,ARCHIVED_RELEASE_20260821,false,true,true
2016-11-30,2016-11,89.700,89.700,2025=100指数,M,CPI2025_CORECORE,总务省(e-Stat),OFFICIAL_CANONICAL,CPI2025BASE,linked level RETROSPECTIVE_REBASE,2026-08-21,RETROSPECTIVE_REBASE,VERIFIED,ARCHIVED_RELEASE_20260821,false,true,true
2016-12-31,2016-12,89.600,89.600,2025=100指数,M,CPI2025_CORECORE,总务省(e-Stat),OFFICIAL_CANONICAL,CPI2025BASE,linked level RETROSPECTIVE_REBASE,2026-08-21,RETROSPECTIVE_REBASE,VERIFIED,ARCHIVED_RELEASE_20260821,false,true,true
2017-01-31,2017-01,89.300,89.300,2025=100指数,M,CPI2025_CORECORE,总务省(e-Stat),OFFICIAL_CANONICAL,CPI2025BASE,linked level RETROSPECTIVE_REBASE,2026-08-21,RETROSPECTIVE_REBASE,VERIFIED,ARCHIVED_RELEASE_20260821,false,true,true
2017-02-28,2017-02,89.300,89.300,2025=100指数,M,CPI2025_CORECORE,总务省(e-Stat),OFFICIAL_CANONICAL,CPI2025BASE,linked level RETROSPECTIVE_REBASE,2026-08-21,RETROSPECTIVE_REBASE,VERIFIED,ARCHIVED_RELEASE_20260821,false,true,true
2017-03-31,2017-03,89.400,89.400,2025=100指数,M,CPI2025_CORECORE,总务省(e-Stat),OFFICIAL_CANONICAL,CPI2025BASE,linked level RETROSPECTIVE_REBASE,2026-08-21,RETROSPECTIVE_REBASE,VERIFIED,ARCHIVED_RELEASE_20260821,false,true,true
2017-04-30,2017-04,89.700,89.700,2025=100指数,M,CPI2025_CORECORE,总务省(e-Stat),OFFICIAL_CANONICAL,CPI2025BASE,linked level RETROSPECTIVE_REBASE,2026-08-21,RETROSPECTIVE_REBASE,VERIFIED,ARCHIVED_RELEASE_20260821,false,true,true
2017-05-31,2017-05,89.700,89.700,2025=100指数,M,CPI2025_CORECORE,总务省(e-Stat),OFFICIAL_CANONICAL,CPI2025BASE,linked level RETROSPECTIVE_REBASE,2026-08-21,RETROSPECTIVE_REBASE,VERIFIED,ARCHIVED_RELEASE_20260821,false,true,true
2017-06-30,2017-06,89.700,89.700,2025=100指数,M,CPI2025_CORECORE,总务省(e-Stat),OFFICIAL_CANONICAL,CPI2025BASE,linked level RETROSPECTIVE_REBASE,2026-08-21,RETROSPECTIVE_REBASE,VERIFIED,ARCHIVED_RELEASE_20260821,false,true,true
2017-07-31,2017-07,89.600,89.600,2025=100指数,M,CPI2025_CORECORE,总务省(e-Stat),OFFICIAL_CANONICAL,CPI2025BASE,linked level RETROSPECTIVE_REBASE,2026-08-21,RETROSPECTIVE_REBASE,VERIFIED,ARCHIVED_RELEASE_20260821,false,true,true
2017-08-31,2017-08,89.700,89.700,2025=100指数,M,CPI2025_CORECORE,总务省(e-Stat),OFFICIAL_CANONICAL,CPI2025BASE,linked level RETROSPECTIVE_REBASE,2026-08-21,RETROSPECTIVE_REBASE,VERIFIED,ARCHIVED_RELEASE_20260821,false,true,true
2017-09-30,2017-09,89.800,89.800,2025=100指数,M,CPI2025_CORECORE,总务省(e-Stat),OFFICIAL_CANONICAL,CPI2025BASE,linked level RETROSPECTIVE_REBASE,2026-08-21,RETROSPECTIVE_REBASE,VERIFIED,ARCHIVED_RELEASE_20260821,false,true,true
2017-10-31,2017-10,89.900,89.900,2025=100指数,M,CPI2025_CORECORE,总务省(e-Stat),OFFICIAL_CANONICAL,CPI2025BASE,linked level RETROSPECTIVE_REBASE,2026-08-21,RETROSPECTIVE_REBASE,VERIFIED,ARCHIVED_RELEASE_20260821,false,true,true
2017-11-30,2017-11,90.000,90.000,2025=100指数,M,CPI2025_CORECORE,总务省(e-Stat),OFFICIAL_CANONICAL,CPI2025BASE,linked level RETROSPECTIVE_REBASE,2026-08-21,RETROSPECTIVE_REBASE,VERIFIED,ARCHIVED_RELEASE_20260821,false,true,true
2017-12-31,2017-12,89.900,89.900,2025=100指数,M,CPI2025_CORECORE,总务省(e-Stat),OFFICIAL_CANONICAL,CPI2025BASE,linked level RETROSPECTIVE_REBASE,2026-08-21,RETROSPECTIVE_REBASE,VERIFIED,ARCHIVED_RELEASE_20260821,false,true,true
2018-01-31,2018-01,89.700,89.700,2025=100指数,M,CPI2025_CORECORE,总务省(e-Stat),OFFICIAL_CANONICAL,CPI2025BASE,linked level RETROSPECTIVE_REBASE,2026-08-21,RETROSPECTIVE_REBASE,VERIFIED,ARCHIVED_RELEASE_20260821,false,true,true
2018-02-28,2018-02,89.700,89.700,2025=100指数,M,CPI2025_CORECORE,总务省(e-Stat),OFFICIAL_CANONICAL,CPI2025BASE,linked level RETROSPECTIVE_REBASE,2026-08-21,RETROSPECTIVE_REBASE,VERIFIED,ARCHIVED_RELEASE_20260821,false,true,true
2018-03-31,2018-03,89.800,89.800,2025=100指数,M,CPI2025_CORECORE,总务省(e-Stat),OFFICIAL_CANONICAL,CPI2025BASE,linked level RETROSPECTIVE_REBASE,2026-08-21,RETROSPECTIVE_REBASE,VERIFIED,ARCHIVED_RELEASE_20260821,false,true,true
2018-04-30,2018-04,90.000,90.000,2025=100指数,M,CPI2025_CORECORE,总务省(e-Stat),OFFICIAL_CANONICAL,CPI2025BASE,linked level RETROSPECTIVE_REBASE,2026-08-21,RETROSPECTIVE_REBASE,VERIFIED,ARCHIVED_RELEASE_20260821,false,true,true
2018-05-31,2018-05,90.000,90.000,2025=100指数,M,CPI2025_CORECORE,总务省(e-Stat),OFFICIAL_CANONICAL,CPI2025BASE,linked level RETROSPECTIVE_REBASE,2026-08-21,RETROSPECTIVE_REBASE,VERIFIED,ARCHIVED_RELEASE_20260821,false,true,true
2018-06-30,2018-06,89.900,89.900,2025=100指数,M,CPI2025_CORECORE,总务省(e-Stat),OFFICIAL_CANONICAL,CPI2025BASE,linked level RETROSPECTIVE_REBASE,2026-08-21,RETROSPECTIVE_REBASE,VERIFIED,ARCHIVED_RELEASE_20260821,false,true,true
2018-07-31,2018-07,89.800,89.800,2025=100指数,M,CPI2025_CORECORE,总务省(e-Stat),OFFICIAL_CANONICAL,CPI2025BASE,linked level RETROSPECTIVE_REBASE,2026-08-21,RETROSPECTIVE_REBASE,VERIFIED,ARCHIVED_RELEASE_20260821,false,true,true
2018-08-31,2018-08,90.100,90.100,2025=100指数,M,CPI2025_CORECORE,总务省(e-Stat),OFFICIAL_CANONICAL,CPI2025BASE,linked level RETROSPECTIVE_REBASE,2026-08-21,RETROSPECTIVE_REBASE,VERIFIED,ARCHIVED_RELEASE_20260821,false,true,true
2018-09-30,2018-09,90.100,90.100,2025=100指数,M,CPI2025_CORECORE,总务省(e-Stat),OFFICIAL_CANONICAL,CPI2025BASE,linked level RETROSPECTIVE_REBASE,2026-08-21,RETROSPECTIVE_REBASE,VERIFIED,ARCHIVED_RELEASE_20260821,false,true,true
2018-10-31,2018-10,90.300,90.300,2025=100指数,M,CPI2025_CORECORE,总务省(e-Stat),OFFICIAL_CANONICAL,CPI2025BASE,linked level RETROSPECTIVE_REBASE,2026-08-21,RETROSPECTIVE_REBASE,VERIFIED,ARCHIVED_RELEASE_20260821,false,true,true
2018-11-30,2018-11,90.300,90.300,2025=100指数,M,CPI2025_CORECORE,总务省(e-Stat),OFFICIAL_CANONICAL,CPI2025BASE,linked level RETROSPECTIVE_REBASE,2026-08-21,RETROSPECTIVE_REBASE,VERIFIED,ARCHIVED_RELEASE_20260821,false,true,true
2018-12-31,2018-12,90.200,90.200,2025=100指数,M,CPI2025_CORECORE,总务省(e-Stat),OFFICIAL_CANONICAL,CPI2025BASE,linked level RETROSPECTIVE_REBASE,2026-08-21,RETROSPECTIVE_REBASE,VERIFIED,ARCHIVED_RELEASE_20260821,false,true,true
2019-01-31,2019-01,90.000,90.000,2025=100指数,M,CPI2025_CORECORE,总务省(e-Stat),OFFICIAL_CANONICAL,CPI2025BASE,linked level RETROSPECTIVE_REBASE,2026-08-21,RETROSPECTIVE_REBASE,VERIFIED,ARCHIVED_RELEASE_20260821,false,true,true
2019-02-28,2019-02,90.100,90.100,2025=100指数,M,CPI2025_CORECORE,总务省(e-Stat),OFFICIAL_CANONICAL,CPI2025BASE,linked level RETROSPECTIVE_REBASE,2026-08-21,RETROSPECTIVE_REBASE,VERIFIED,ARCHIVED_RELEASE_20260821,false,true,true
2019-03-31,2019-03,90.200,90.200,2025=100指数,M,CPI2025_CORECORE,总务省(e-Stat),OFFICIAL_CANONICAL,CPI2025BASE,linked level RETROSPECTIVE_REBASE,2026-08-21,RETROSPECTIVE_REBASE,VERIFIED,ARCHIVED_RELEASE_20260821,false,true,true
2019-04-30,2019-04,90.500,90.500,2025=100指数,M,CPI2025_CORECORE,总务省(e-Stat),OFFICIAL_CANONICAL,CPI2025BASE,linked level RETROSPECTIVE_REBASE,2026-08-21,RETROSPECTIVE_REBASE,VERIFIED,ARCHIVED_RELEASE_20260821,false,true,true
2019-05-31,2019-05,90.500,90.500,2025=100指数,M,CPI2025_CORECORE,总务省(e-Stat),OFFICIAL_CANONICAL,CPI2025BASE,linked level RETROSPECTIVE_REBASE,2026-08-21,RETROSPECTIVE_REBASE,VERIFIED,ARCHIVED_RELEASE_20260821,false,true,true
2019-06-30,2019-06,90.400,90.400,2025=100指数,M,CPI2025_CORECORE,总务省(e-Stat),OFFICIAL_CANONICAL,CPI2025BASE,linked level RETROSPECTIVE_REBASE,2026-08-21,RETROSPECTIVE_REBASE,VERIFIED,ARCHIVED_RELEASE_20260821,false,true,true
2019-07-31,2019-07,90.400,90.400,2025=100指数,M,CPI2025_CORECORE,总务省(e-Stat),OFFICIAL_CANONICAL,CPI2025BASE,linked level RETROSPECTIVE_REBASE,2026-08-21,RETROSPECTIVE_REBASE,VERIFIED,ARCHIVED_RELEASE_20260821,false,true,true
2019-08-31,2019-08,90.600,90.600,2025=100指数,M,CPI2025_CORECORE,总务省(e-Stat),OFFICIAL_CANONICAL,CPI2025BASE,linked level RETROSPECTIVE_REBASE,2026-08-21,RETROSPECTIVE_REBASE,VERIFIED,ARCHIVED_RELEASE_20260821,false,true,true
2019-09-30,2019-09,90.600,90.600,2025=100指数,M,CPI2025_CORECORE,总务省(e-Stat),OFFICIAL_CANONICAL,CPI2025BASE,linked level RETROSPECTIVE_REBASE,2026-08-21,RETROSPECTIVE_REBASE,VERIFIED,ARCHIVED_RELEASE_20260821,false,true,true
2019-10-31,2019-10,90.900,90.900,2025=100指数,M,CPI2025_CORECORE,总务省(e-Stat),OFFICIAL_CANONICAL,CPI2025BASE,linked level RETROSPECTIVE_REBASE,2026-08-21,RETROSPECTIVE_REBASE,VERIFIED,ARCHIVED_RELEASE_20260821,false,true,true
2019-11-30,2019-11,91.000,91.000,2025=100指数,M,CPI2025_CORECORE,总务省(e-Stat),OFFICIAL_CANONICAL,CPI2025BASE,linked level RETROSPECTIVE_REBASE,2026-08-21,RETROSPECTIVE_REBASE,VERIFIED,ARCHIVED_RELEASE_20260821,false,true,true
2019-12-31,2019-12,91.000,91.000,2025=100指数,M,CPI2025_CORECORE,总务省(e-Stat),OFFICIAL_CANONICAL,CPI2025BASE,linked level RETROSPECTIVE_REBASE,2026-08-21,RETROSPECTIVE_REBASE,VERIFIED,ARCHIVED_RELEASE_20260821,false,true,true
2020-01-31,2020-01,90.800,90.800,2025=100指数,M,CPI2025_CORECORE,总务省(e-Stat),OFFICIAL_CANONICAL,CPI2025BASE,linked level RETROSPECTIVE_REBASE,2026-08-21,RETROSPECTIVE_REBASE,VERIFIED,ARCHIVED_RELEASE_20260821,false,true,true
2020-02-29,2020-02,90.800,90.800,2025=100指数,M,CPI2025_CORECORE,总务省(e-Stat),OFFICIAL_CANONICAL,CPI2025BASE,linked level RETROSPECTIVE_REBASE,2026-08-21,RETROSPECTIVE_REBASE,VERIFIED,ARCHIVED_RELEASE_20260821,false,true,true
2020-03-31,2020-03,90.900,90.900,2025=100指数,M,CPI2025_CORECORE,总务省(e-Stat),OFFICIAL_CANONICAL,CPI2025BASE,linked level RETROSPECTIVE_REBASE,2026-08-21,RETROSPECTIVE_REBASE,VERIFIED,ARCHIVED_RELEASE_20260821,false,true,true
2020-04-30,2020-04,90.700,90.700,2025=100指数,M,CPI2025_CORECORE,总务省(e-Stat),OFFICIAL_CANONICAL,CPI2025BASE,linked level RETROSPECTIVE_REBASE,2026-08-21,RETROSPECTIVE_REBASE,VERIFIED,ARCHIVED_RELEASE_20260821,false,true,true
2020-05-31,2020-05,90.900,90.900,2025=100指数,M,CPI2025_CORECORE,总务省(e-Stat),OFFICIAL_CANONICAL,CPI2025BASE,linked level RETROSPECTIVE_REBASE,2026-08-21,RETROSPECTIVE_REBASE,VERIFIED,ARCHIVED_RELEASE_20260821,false,true,true
2020-06-30,2020-06,90.700,90.700,2025=100指数,M,CPI2025_CORECORE,总务省(e-Stat),OFFICIAL_CANONICAL,CPI2025BASE,linked level RETROSPECTIVE_REBASE,2026-08-21,RETROSPECTIVE_REBASE,VERIFIED,ARCHIVED_RELEASE_20260821,false,true,true
2020-07-31,2020-07,90.700,90.700,2025=100指数,M,CPI2025_CORECORE,总务省(e-Stat),OFFICIAL_CANONICAL,CPI2025BASE,linked level RETROSPECTIVE_REBASE,2026-08-21,RETROSPECTIVE_REBASE,VERIFIED,ARCHIVED_RELEASE_20260821,false,true,true
2020-08-31,2020-08,90.500,90.500,2025=100指数,M,CPI2025_CORECORE,总务省(e-Stat),OFFICIAL_CANONICAL,CPI2025BASE,linked level RETROSPECTIVE_REBASE,2026-08-21,RETROSPECTIVE_REBASE,VERIFIED,ARCHIVED_RELEASE_20260821,false,true,true
2020-09-30,2020-09,90.500,90.500,2025=100指数,M,CPI2025_CORECORE,总务省(e-Stat),OFFICIAL_CANONICAL,CPI2025BASE,linked level RETROSPECTIVE_REBASE,2026-08-21,RETROSPECTIVE_REBASE,VERIFIED,ARCHIVED_RELEASE_20260821,false,true,true
2020-10-31,2020-10,90.600,90.600,2025=100指数,M,CPI2025_CORECORE,总务省(e-Stat),OFFICIAL_CANONICAL,CPI2025BASE,linked level RETROSPECTIVE_REBASE,2026-08-21,RETROSPECTIVE_REBASE,VERIFIED,ARCHIVED_RELEASE_20260821,false,true,true
2020-11-30,2020-11,90.600,90.600,2025=100指数,M,CPI2025_CORECORE,总务省(e-Stat),OFFICIAL_CANONICAL,CPI2025BASE,linked level RETROSPECTIVE_REBASE,2026-08-21,RETROSPECTIVE_REBASE,VERIFIED,ARCHIVED_RELEASE_20260821,false,true,true
2020-12-31,2020-12,90.600,90.600,2025=100指数,M,CPI2025_CORECORE,总务省(e-Stat),OFFICIAL_CANONICAL,CPI2025BASE,linked level RETROSPECTIVE_REBASE,2026-08-21,RETROSPECTIVE_REBASE,VERIFIED,ARCHIVED_RELEASE_20260821,false,true,true
2021-01-31,2021-01,90.800,90.800,2025=100指数,M,CPI2025_CORECORE,总务省(e-Stat),OFFICIAL_CANONICAL,CPI2025BASE,linked level RETROSPECTIVE_REBASE,2026-08-21,RETROSPECTIVE_REBASE,VERIFIED,ARCHIVED_RELEASE_20260821,false,true,true
2021-02-28,2021-02,90.800,90.800,2025=100指数,M,CPI2025_CORECORE,总务省(e-Stat),OFFICIAL_CANONICAL,CPI2025BASE,linked level RETROSPECTIVE_REBASE,2026-08-21,RETROSPECTIVE_REBASE,VERIFIED,ARCHIVED_RELEASE_20260821,false,true,true
2021-03-31,2021-03,90.900,90.900,2025=100指数,M,CPI2025_CORECORE,总务省(e-Stat),OFFICIAL_CANONICAL,CPI2025BASE,linked level RETROSPECTIVE_REBASE,2026-08-21,RETROSPECTIVE_REBASE,VERIFIED,ARCHIVED_RELEASE_20260821,false,true,true
2021-04-30,2021-04,89.900,89.900,2025=100指数,M,CPI2025_CORECORE,总务省(e-Stat),OFFICIAL_CANONICAL,CPI2025BASE,linked level RETROSPECTIVE_REBASE,2026-08-21,RETROSPECTIVE_REBASE,VERIFIED,ARCHIVED_RELEASE_20260821,false,true,true
2021-05-31,2021-05,90.000,90.000,2025=100指数,M,CPI2025_CORECORE,总务省(e-Stat),OFFICIAL_CANONICAL,CPI2025BASE,linked level RETROSPECTIVE_REBASE,2026-08-21,RETROSPECTIVE_REBASE,VERIFIED,ARCHIVED_RELEASE_20260821,false,true,true
2021-06-30,2021-06,89.900,89.900,2025=100指数,M,CPI2025_CORECORE,总务省(e-Stat),OFFICIAL_CANONICAL,CPI2025BASE,linked level RETROSPECTIVE_REBASE,2026-08-21,RETROSPECTIVE_REBASE,VERIFIED,ARCHIVED_RELEASE_20260821,false,true,true
2021-07-31,2021-07,90.100,90.100,2025=100指数,M,CPI2025_CORECORE,总务省(e-Stat),OFFICIAL_CANONICAL,CPI2025BASE,linked level RETROSPECTIVE_REBASE,2026-08-21,RETROSPECTIVE_REBASE,VERIFIED,ARCHIVED_RELEASE_20260821,false,true,true
2021-08-31,2021-08,90.100,90.100,2025=100指数,M,CPI2025_CORECORE,总务省(e-Stat),OFFICIAL_CANONICAL,CPI2025BASE,linked level RETROSPECTIVE_REBASE,2026-08-21,RETROSPECTIVE_REBASE,VERIFIED,ARCHIVED_RELEASE_20260821,false,true,true
2021-09-30,2021-09,90.000,90.000,2025=100指数,M,CPI2025_CORECORE,总务省(e-Stat),OFFICIAL_CANONICAL,CPI2025BASE,linked level RETROSPECTIVE_REBASE,2026-08-21,RETROSPECTIVE_REBASE,VERIFIED,ARCHIVED_RELEASE_20260821,false,true,true
2021-10-31,2021-10,89.900,89.900,2025=100指数,M,CPI2025_CORECORE,总务省(e-Stat),OFFICIAL_CANONICAL,CPI2025BASE,linked level RETROSPECTIVE_REBASE,2026-08-21,RETROSPECTIVE_REBASE,VERIFIED,ARCHIVED_RELEASE_20260821,false,true,true
2021-11-30,2021-11,90.000,90.000,2025=100指数,M,CPI2025_CORECORE,总务省(e-Stat),OFFICIAL_CANONICAL,CPI2025BASE,linked level RETROSPECTIVE_REBASE,2026-08-21,RETROSPECTIVE_REBASE,VERIFIED,ARCHIVED_RELEASE_20260821,false,true,true
2021-12-31,2021-12,89.900,89.900,2025=100指数,M,CPI2025_CORECORE,总务省(e-Stat),OFFICIAL_CANONICAL,CPI2025BASE,linked level RETROSPECTIVE_REBASE,2026-08-21,RETROSPECTIVE_REBASE,VERIFIED,ARCHIVED_RELEASE_20260821,false,true,true
2022-01-31,2022-01,89.800,89.800,2025=100指数,M,CPI2025_CORECORE,总务省(e-Stat),OFFICIAL_CANONICAL,CPI2025BASE,linked level RETROSPECTIVE_REBASE,2026-08-21,RETROSPECTIVE_REBASE,VERIFIED,ARCHIVED_RELEASE_20260821,false,true,true
2022-02-28,2022-02,89.900,89.900,2025=100指数,M,CPI2025_CORECORE,总务省(e-Stat),OFFICIAL_CANONICAL,CPI2025BASE,linked level RETROSPECTIVE_REBASE,2026-08-21,RETROSPECTIVE_REBASE,VERIFIED,ARCHIVED_RELEASE_20260821,false,true,true
2022-03-31,2022-03,90.200,90.200,2025=100指数,M,CPI2025_CORECORE,总务省(e-Stat),OFFICIAL_CANONICAL,CPI2025BASE,linked level RETROSPECTIVE_REBASE,2026-08-21,RETROSPECTIVE_REBASE,VERIFIED,ARCHIVED_RELEASE_20260821,false,true,true
2022-04-30,2022-04,90.600,90.600,2025=100指数,M,CPI2025_CORECORE,总务省(e-Stat),OFFICIAL_CANONICAL,CPI2025BASE,linked level RETROSPECTIVE_REBASE,2026-08-21,RETROSPECTIVE_REBASE,VERIFIED,ARCHIVED_RELEASE_20260821,false,true,true
2022-05-31,2022-05,90.800,90.800,2025=100指数,M,CPI2025_CORECORE,总务省(e-Stat),OFFICIAL_CANONICAL,CPI2025BASE,linked level RETROSPECTIVE_REBASE,2026-08-21,RETROSPECTIVE_REBASE,VERIFIED,ARCHIVED_RELEASE_20260821,false,true,true
2022-06-30,2022-06,90.800,90.800,2025=100指数,M,CPI2025_CORECORE,总务省(e-Stat),OFFICIAL_CANONICAL,CPI2025BASE,linked level RETROSPECTIVE_REBASE,2026-08-21,RETROSPECTIVE_REBASE,VERIFIED,ARCHIVED_RELEASE_20260821,false,true,true
2022-07-31,2022-07,91.200,91.200,2025=100指数,M,CPI2025_CORECORE,总务省(e-Stat),OFFICIAL_CANONICAL,CPI2025BASE,linked level RETROSPECTIVE_REBASE,2026-08-21,RETROSPECTIVE_REBASE,VERIFIED,ARCHIVED_RELEASE_20260821,false,true,true
2022-08-31,2022-08,91.500,91.500,2025=100指数,M,CPI2025_CORECORE,总务省(e-Stat),OFFICIAL_CANONICAL,CPI2025BASE,linked level RETROSPECTIVE_REBASE,2026-08-21,RETROSPECTIVE_REBASE,VERIFIED,ARCHIVED_RELEASE_20260821,false,true,true
2022-09-30,2022-09,91.700,91.700,2025=100指数,M,CPI2025_CORECORE,总务省(e-Stat),OFFICIAL_CANONICAL,CPI2025BASE,linked level RETROSPECTIVE_REBASE,2026-08-21,RETROSPECTIVE_REBASE,VERIFIED,ARCHIVED_RELEASE_20260821,false,true,true
2022-10-31,2022-10,92.200,92.200,2025=100指数,M,CPI2025_CORECORE,总务省(e-Stat),OFFICIAL_CANONICAL,CPI2025BASE,linked level RETROSPECTIVE_REBASE,2026-08-21,RETROSPECTIVE_REBASE,VERIFIED,ARCHIVED_RELEASE_20260821,false,true,true
2022-11-30,2022-11,92.500,92.500,2025=100指数,M,CPI2025_CORECORE,总务省(e-Stat),OFFICIAL_CANONICAL,CPI2025BASE,linked level RETROSPECTIVE_REBASE,2026-08-21,RETROSPECTIVE_REBASE,VERIFIED,ARCHIVED_RELEASE_20260821,false,true,true
2022-12-31,2022-12,92.600,92.600,2025=100指数,M,CPI2025_CORECORE,总务省(e-Stat),OFFICIAL_CANONICAL,CPI2025BASE,linked level RETROSPECTIVE_REBASE,2026-08-21,RETROSPECTIVE_REBASE,VERIFIED,ARCHIVED_RELEASE_20260821,false,true,true
2023-01-31,2023-01,92.700,92.700,2025=100指数,M,CPI2025_CORECORE,总务省(e-Stat),OFFICIAL_CANONICAL,CPI2025BASE,linked level RETROSPECTIVE_REBASE,2026-08-21,RETROSPECTIVE_REBASE,VERIFIED,ARCHIVED_RELEASE_20260821,false,true,true
2023-02-28,2023-02,93.100,93.100,2025=100指数,M,CPI2025_CORECORE,总务省(e-Stat),OFFICIAL_CANONICAL,CPI2025BASE,linked level RETROSPECTIVE_REBASE,2026-08-21,RETROSPECTIVE_REBASE,VERIFIED,ARCHIVED_RELEASE_20260821,false,true,true
2023-03-31,2023-03,93.600,93.600,2025=100指数,M,CPI2025_CORECORE,总务省(e-Stat),OFFICIAL_CANONICAL,CPI2025BASE,linked level RETROSPECTIVE_REBASE,2026-08-21,RETROSPECTIVE_REBASE,VERIFIED,ARCHIVED_RELEASE_20260821,false,true,true
2023-04-30,2023-04,94.300,94.300,2025=100指数,M,CPI2025_CORECORE,总务省(e-Stat),OFFICIAL_CANONICAL,CPI2025BASE,linked level RETROSPECTIVE_REBASE,2026-08-21,RETROSPECTIVE_REBASE,VERIFIED,ARCHIVED_RELEASE_20260821,false,true,true
2023-05-31,2023-05,94.600,94.600,2025=100指数,M,CPI2025_CORECORE,总务省(e-Stat),OFFICIAL_CANONICAL,CPI2025BASE,linked level RETROSPECTIVE_REBASE,2026-08-21,RETROSPECTIVE_REBASE,VERIFIED,ARCHIVED_RELEASE_20260821,false,true,true
2023-06-30,2023-06,94.600,94.600,2025=100指数,M,CPI2025_CORECORE,总务省(e-Stat),OFFICIAL_CANONICAL,CPI2025BASE,linked level RETROSPECTIVE_REBASE,2026-08-21,RETROSPECTIVE_REBASE,VERIFIED,ARCHIVED_RELEASE_20260821,false,true,true
2023-07-31,2023-07,95.100,95.100,2025=100指数,M,CPI2025_CORECORE,总务省(e-Stat),OFFICIAL_CANONICAL,CPI2025BASE,linked level RETROSPECTIVE_REBASE,2026-08-21,RETROSPECTIVE_REBASE,VERIFIED,ARCHIVED_RELEASE_20260821,false,true,true
2023-08-31,2023-08,95.400,95.400,2025=100指数,M,CPI2025_CORECORE,总务省(e-Stat),OFFICIAL_CANONICAL,CPI2025BASE,linked level RETROSPECTIVE_REBASE,2026-08-21,RETROSPECTIVE_REBASE,VERIFIED,ARCHIVED_RELEASE_20260821,false,true,true
2023-09-30,2023-09,95.500,95.500,2025=100指数,M,CPI2025_CORECORE,总务省(e-Stat),OFFICIAL_CANONICAL,CPI2025BASE,linked level RETROSPECTIVE_REBASE,2026-08-21,RETROSPECTIVE_REBASE,VERIFIED,ARCHIVED_RELEASE_20260821,false,true,true
2023-10-31,2023-10,95.900,95.900,2025=100指数,M,CPI2025_CORECORE,总务省(e-Stat),OFFICIAL_CANONICAL,CPI2025BASE,linked level RETROSPECTIVE_REBASE,2026-08-21,RETROSPECTIVE_REBASE,VERIFIED,ARCHIVED_RELEASE_20260821,false,true,true
2023-11-30,2023-11,96.000,96.000,2025=100指数,M,CPI2025_CORECORE,总务省(e-Stat),OFFICIAL_CANONICAL,CPI2025BASE,linked level RETROSPECTIVE_REBASE,2026-08-21,RETROSPECTIVE_REBASE,VERIFIED,ARCHIVED_RELEASE_20260821,false,true,true
2023-12-31,2023-12,96.000,96.000,2025=100指数,M,CPI2025_CORECORE,总务省(e-Stat),OFFICIAL_CANONICAL,CPI2025BASE,linked level RETROSPECTIVE_REBASE,2026-08-21,RETROSPECTIVE_REBASE,VERIFIED,ARCHIVED_RELEASE_20260821,false,true,true
2024-01-31,2024-01,96.000,96.000,2025=100指数,M,CPI2025_CORECORE,总务省(e-Stat),OFFICIAL_CANONICAL,CPI2025BASE,linked level RETROSPECTIVE_REBASE,2026-08-21,RETROSPECTIVE_REBASE,VERIFIED,ARCHIVED_RELEASE_20260821,false,true,true
2024-02-29,2024-02,96.100,96.100,2025=100指数,M,CPI2025_CORECORE,总务省(e-Stat),OFFICIAL_CANONICAL,CPI2025BASE,linked level RETROSPECTIVE_REBASE,2026-08-21,RETROSPECTIVE_REBASE,VERIFIED,ARCHIVED_RELEASE_20260821,false,true,true
2024-03-31,2024-03,96.300,96.300,2025=100指数,M,CPI2025_CORECORE,总务省(e-Stat),OFFICIAL_CANONICAL,CPI2025BASE,linked level RETROSPECTIVE_REBASE,2026-08-21,RETROSPECTIVE_REBASE,VERIFIED,ARCHIVED_RELEASE_20260821,false,true,true
2024-04-30,2024-04,96.500,96.500,2025=100指数,M,CPI2025_CORECORE,总务省(e-Stat),OFFICIAL_CANONICAL,CPI2025BASE,linked level RETROSPECTIVE_REBASE,2026-08-21,RETROSPECTIVE_REBASE,VERIFIED,ARCHIVED_RELEASE_20260821,false,true,true
2024-05-31,2024-05,96.600,96.600,2025=100指数,M,CPI2025_CORECORE,总务省(e-Stat),OFFICIAL_CANONICAL,CPI2025BASE,linked level RETROSPECTIVE_REBASE,2026-08-21,RETROSPECTIVE_REBASE,VERIFIED,ARCHIVED_RELEASE_20260821,false,true,true
2024-06-30,2024-06,96.700,96.700,2025=100指数,M,CPI2025_CORECORE,总务省(e-Stat),OFFICIAL_CANONICAL,CPI2025BASE,linked level RETROSPECTIVE_REBASE,2026-08-21,RETROSPECTIVE_REBASE,VERIFIED,ARCHIVED_RELEASE_20260821,false,true,true
2024-07-31,2024-07,96.900,96.900,2025=100指数,M,CPI2025_CORECORE,总务省(e-Stat),OFFICIAL_CANONICAL,CPI2025BASE,linked level RETROSPECTIVE_REBASE,2026-08-21,RETROSPECTIVE_REBASE,VERIFIED,ARCHIVED_RELEASE_20260821,false,true,true
2024-08-31,2024-08,97.400,97.400,2025=100指数,M,CPI2025_CORECORE,总务省(e-Stat),OFFICIAL_CANONICAL,CPI2025BASE,linked level RETROSPECTIVE_REBASE,2026-08-21,RETROSPECTIVE_REBASE,VERIFIED,ARCHIVED_RELEASE_20260821,false,true,true
2024-09-30,2024-09,97.500,97.500,2025=100指数,M,CPI2025_CORECORE,总务省(e-Stat),OFFICIAL_CANONICAL,CPI2025BASE,linked level RETROSPECTIVE_REBASE,2026-08-21,RETROSPECTIVE_REBASE,VERIFIED,ARCHIVED_RELEASE_20260821,false,true,true
2024-10-31,2024-10,98.100,98.100,2025=100指数,M,CPI2025_CORECORE,总务省(e-Stat),OFFICIAL_CANONICAL,CPI2025BASE,linked level RETROSPECTIVE_REBASE,2026-08-21,RETROSPECTIVE_REBASE,VERIFIED,ARCHIVED_RELEASE_20260821,false,true,true
2024-11-30,2024-11,98.300,98.300,2025=100指数,M,CPI2025_CORECORE,总务省(e-Stat),OFFICIAL_CANONICAL,CPI2025BASE,linked level RETROSPECTIVE_REBASE,2026-08-21,RETROSPECTIVE_REBASE,VERIFIED,ARCHIVED_RELEASE_20260821,false,true,true
2024-12-31,2024-12,98.300,98.300,2025=100指数,M,CPI2025_CORECORE,总务省(e-Stat),OFFICIAL_CANONICAL,CPI2025BASE,linked level RETROSPECTIVE_REBASE,2026-08-21,RETROSPECTIVE_REBASE,VERIFIED,ARCHIVED_RELEASE_20260821,false,true,true
2025-01-31,2025-01,98.500,98.500,2025=100指数,M,CPI2025_CORECORE,总务省(e-Stat),OFFICIAL_CANONICAL,CPI2025BASE,linked level RETROSPECTIVE_REBASE,2026-08-21,RETROSPECTIVE_REBASE,VERIFIED,ARCHIVED_RELEASE_20260821,false,true,true
2025-02-28,2025-02,98.700,98.700,2025=100指数,M,CPI2025_CORECORE,总务省(e-Stat),OFFICIAL_CANONICAL,CPI2025BASE,linked level RETROSPECTIVE_REBASE,2026-08-21,RETROSPECTIVE_REBASE,VERIFIED,ARCHIVED_RELEASE_20260821,false,true,true
2025-03-31,2025-03,99.000,99.000,2025=100指数,M,CPI2025_CORECORE,总务省(e-Stat),OFFICIAL_CANONICAL,CPI2025BASE,linked level RETROSPECTIVE_REBASE,2026-08-21,RETROSPECTIVE_REBASE,VERIFIED,ARCHIVED_RELEASE_20260821,false,true,true
2025-04-30,2025-04,99.500,99.500,2025=100指数,M,CPI2025_CORECORE,总务省(e-Stat),OFFICIAL_CANONICAL,CPI2025BASE,linked level RETROSPECTIVE_REBASE,2026-08-21,RETROSPECTIVE_REBASE,VERIFIED,ARCHIVED_RELEASE_20260821,false,true,true
2025-05-31,2025-05,99.800,99.800,2025=100指数,M,CPI2025_CORECORE,总务省(e-Stat),OFFICIAL_CANONICAL,CPI2025BASE,linked level RETROSPECTIVE_REBASE,2026-08-21,RETROSPECTIVE_REBASE,VERIFIED,ARCHIVED_RELEASE_20260821,false,true,true
2025-06-30,2025-06,100.000,100.000,2025=100指数,M,CPI2025_CORECORE,总务省(e-Stat),OFFICIAL_CANONICAL,CPI2025BASE,linked level RETROSPECTIVE_REBASE,2026-08-21,RETROSPECTIVE_REBASE,VERIFIED,ARCHIVED_RELEASE_20260821,false,true,true
2025-07-31,2025-07,100.200,100.200,2025=100指数,M,CPI2025_CORECORE,总务省(e-Stat),OFFICIAL_CANONICAL,CPI2025BASE,linked level RETROSPECTIVE_REBASE,2026-08-21,RETROSPECTIVE_REBASE,VERIFIED,ARCHIVED_RELEASE_20260821,false,true,true
2025-08-31,2025-08,100.500,100.500,2025=100指数,M,CPI2025_CORECORE,总务省(e-Stat),OFFICIAL_CANONICAL,CPI2025BASE,linked level RETROSPECTIVE_REBASE,2026-08-21,RETROSPECTIVE_REBASE,VERIFIED,ARCHIVED_RELEASE_20260821,false,true,true
2025-09-30,2025-09,100.400,100.400,2025=100指数,M,CPI2025_CORECORE,总务省(e-Stat),OFFICIAL_CANONICAL,CPI2025BASE,linked level RETROSPECTIVE_REBASE,2026-08-21,RETROSPECTIVE_REBASE,VERIFIED,ARCHIVED_RELEASE_20260821,false,true,true
2025-10-31,2025-10,101.100,101.100,2025=100指数,M,CPI2025_CORECORE,总务省(e-Stat),OFFICIAL_CANONICAL,CPI2025BASE,linked level RETROSPECTIVE_REBASE,2026-08-21,RETROSPECTIVE_REBASE,VERIFIED,ARCHIVED_RELEASE_20260821,false,true,true
2025-11-30,2025-11,101.200,101.200,2025=100指数,M,CPI2025_CORECORE,总务省(e-Stat),OFFICIAL_CANONICAL,CPI2025BASE,linked level RETROSPECTIVE_REBASE,2026-08-21,RETROSPECTIVE_REBASE,VERIFIED,ARCHIVED_RELEASE_20260821,false,true,true
2025-12-31,2025-12,101.100,101.100,2025=100指数,M,CPI2025_CORECORE,总务省(e-Stat),OFFICIAL_CANONICAL,CPI2025BASE,linked level RETROSPECTIVE_REBASE,2026-08-21,RETROSPECTIVE_REBASE,VERIFIED,ARCHIVED_RELEASE_20260821,false,true,true
2026-01-31,2026-01,101.000,101.000,2025=100指数,M,CPI2025_CORECORE,总务省(e-Stat),OFFICIAL_CANONICAL,CPI2025BASE,linked level RETROSPECTIVE_REBASE,2026-08-21,RETROSPECTIVE_REBASE,VERIFIED,ARCHIVED_RELEASE_20260821,false,true,true
2026-02-28,2026-02,101.100,101.100,2025=100指数,M,CPI2025_CORECORE,总务省(e-Stat),OFFICIAL_CANONICAL,CPI2025BASE,linked level RETROSPECTIVE_REBASE,2026-08-21,RETROSPECTIVE_REBASE,VERIFIED,ARCHIVED_RELEASE_20260821,false,true,true
2026-03-31,2026-03,101.400,101.400,2025=100指数,M,CPI2025_CORECORE,总务省(e-Stat),OFFICIAL_CANONICAL,CPI2025BASE,linked level RETROSPECTIVE_REBASE,2026-08-21,RETROSPECTIVE_REBASE,VERIFIED,ARCHIVED_RELEASE_20260821,false,true,true
2026-04-30,2026-04,101.400,101.400,2025=100指数,M,CPI2025_CORECORE,总务省(e-Stat),OFFICIAL_CANONICAL,CPI2025BASE,linked level RETROSPECTIVE_REBASE,2026-08-21,RETROSPECTIVE_REBASE,VERIFIED,ARCHIVED_RELEASE_20260821,false,true,true
2026-05-31,2026-05,101.600,101.600,2025=100指数,M,CPI2025_CORECORE,总务省(e-Stat),OFFICIAL_CANONICAL,CPI2025BASE,linked level RETROSPECTIVE_REBASE,2026-08-21,RETROSPECTIVE_REBASE,VERIFIED,ARCHIVED_RELEASE_20260821,false,true,true
2026-06-30,2026-06,101.700,101.700,2025=100指数,M,CPI2025_CORECORE,总务省(e-Stat),OFFICIAL_CANONICAL,CPI2025BASE,linked level RETROSPECTIVE_REBASE,2026-08-21,RETROSPECTIVE_REBASE,VERIFIED,ARCHIVED_RELEASE_20260821,false,true,true
2026-07-31,2026-07,102.100,102.100,2025=100指数,M,CPI2025_CORECORE,总务省(e-Stat),OFFICIAL_CANONICAL,CPI2025BASE,linked level RETROSPECTIVE_REBASE,2026-08-21,RETROSPECTIVE_REBASE,VERIFIED,ARCHIVED_RELEASE_20260821,false,true,true
