date,period,value,value_raw,unit,freq,source,provider,source_type,definition_regime,note,value_available_date,vintage_type,release_rule_status,vintage_evidence,historical_realtime_eligible,post_vad_eligible,source_validity_eligible
1955-01-31,1955-01,3.485477,3.485477,指数2015=100,M,WAGE_MFG_HOURLY_FRED,FRED(OECD转载厚劳省),VALIDATED_MIRROR,,2026-03起水平断点;valid_to=2026-02(direct_model_use=false),2026-09-05,LATEST_HISTORY_PROXY,PROXY,CURRENT_HISTORY_ONLY_NO_VINTAGE,false,true,true
1955-02-28,1955-02,3.286307,3.286307,指数2015=100,M,WAGE_MFG_HOURLY_FRED,FRED(OECD转载厚劳省),VALIDATED_MIRROR,,2026-03起水平断点;valid_to=2026-02(direct_model_use=false),2026-09-05,LATEST_HISTORY_PROXY,PROXY,CURRENT_HISTORY_ONLY_NO_VINTAGE,false,true,true
1955-03-31,1955-03,3.186722,3.186722,指数2015=100,M,WAGE_MFG_HOURLY_FRED,FRED(OECD转载厚劳省),VALIDATED_MIRROR,,2026-03起水平断点;valid_to=2026-02(direct_model_use=false),2026-09-05,LATEST_HISTORY_PROXY,PROXY,CURRENT_HISTORY_ONLY_NO_VINTAGE,false,true,true
1955-04-30,1955-04,3.385892,3.385892,指数2015=100,M,WAGE_MFG_HOURLY_FRED,FRED(OECD转载厚劳省),VALIDATED_MIRROR,,2026-03起水平断点;valid_to=2026-02(direct_model_use=false),2026-09-05,LATEST_HISTORY_PROXY,PROXY,CURRENT_HISTORY_ONLY_NO_VINTAGE,false,true,true
1955-05-31,1955-05,3.286307,3.286307,指数2015=100,M,WAGE_MFG_HOURLY_FRED,FRED(OECD转载厚劳省),VALIDATED_MIRROR,,2026-03起水平断点;valid_to=2026-02(direct_model_use=false),2026-09-05,LATEST_HISTORY_PROXY,PROXY,CURRENT_HISTORY_ONLY_NO_VINTAGE,false,true,true
1955-06-30,1955-06,3.983402,3.983402,指数2015=100,M,WAGE_MFG_HOURLY_FRED,FRED(OECD转载厚劳省),VALIDATED_MIRROR,,2026-03起水平断点;valid_to=2026-02(direct_model_use=false),2026-09-05,LATEST_HISTORY_PROXY,PROXY,CURRENT_HISTORY_ONLY_NO_VINTAGE,false,true,true
1955-07-31,1955-07,4.680498,4.680498,指数2015=100,M,WAGE_MFG_HOURLY_FRED,FRED(OECD转载厚劳省),VALIDATED_MIRROR,,2026-03起水平断点;valid_to=2026-02(direct_model_use=false),2026-09-05,LATEST_HISTORY_PROXY,PROXY,CURRENT_HISTORY_ONLY_NO_VINTAGE,false,true,true
1955-08-31,1955-08,3.485477,3.485477,指数2015=100,M,WAGE_MFG_HOURLY_FRED,FRED(OECD转载厚劳省),VALIDATED_MIRROR,,2026-03起水平断点;valid_to=2026-02(direct_model_use=false),2026-09-05,LATEST_HISTORY_PROXY,PROXY,CURRENT_HISTORY_ONLY_NO_VINTAGE,false,true,true
1955-09-30,1955-09,3.485477,3.485477,指数2015=100,M,WAGE_MFG_HOURLY_FRED,FRED(OECD转载厚劳省),VALIDATED_MIRROR,,2026-03起水平断点;valid_to=2026-02(direct_model_use=false),2026-09-05,LATEST_HISTORY_PROXY,PROXY,CURRENT_HISTORY_ONLY_NO_VINTAGE,false,true,true
1955-10-31,1955-10,3.485477,3.485477,指数2015=100,M,WAGE_MFG_HOURLY_FRED,FRED(OECD转载厚劳省),VALIDATED_MIRROR,,2026-03起水平断点;valid_to=2026-02(direct_model_use=false),2026-09-05,LATEST_HISTORY_PROXY,PROXY,CURRENT_HISTORY_ONLY_NO_VINTAGE,false,true,true
1955-11-30,1955-11,3.485477,3.485477,指数2015=100,M,WAGE_MFG_HOURLY_FRED,FRED(OECD转载厚劳省),VALIDATED_MIRROR,,2026-03起水平断点;valid_to=2026-02(direct_model_use=false),2026-09-05,LATEST_HISTORY_PROXY,PROXY,CURRENT_HISTORY_ONLY_NO_VINTAGE,false,true,true
1955-12-31,1955-12,6.473029,6.473029,指数2015=100,M,WAGE_MFG_HOURLY_FRED,FRED(OECD转载厚劳省),VALIDATED_MIRROR,,2026-03起水平断点;valid_to=2026-02(direct_model_use=false),2026-09-05,LATEST_HISTORY_PROXY,PROXY,CURRENT_HISTORY_ONLY_NO_VINTAGE,false,true,true
1956-01-31,1956-01,3.684647,3.684647,指数2015=100,M,WAGE_MFG_HOURLY_FRED,FRED(OECD转载厚劳省),VALIDATED_MIRROR,,2026-03起水平断点;valid_to=2026-02(direct_model_use=false),2026-09-05,LATEST_HISTORY_PROXY,PROXY,CURRENT_HISTORY_ONLY_NO_VINTAGE,false,true,true
1956-02-29,1956-02,3.485477,3.485477,指数2015=100,M,WAGE_MFG_HOURLY_FRED,FRED(OECD转载厚劳省),VALIDATED_MIRROR,,2026-03起水平断点;valid_to=2026-02(direct_model_use=false),2026-09-05,LATEST_HISTORY_PROXY,PROXY,CURRENT_HISTORY_ONLY_NO_VINTAGE,false,true,true
1956-03-31,1956-03,3.485477,3.485477,指数2015=100,M,WAGE_MFG_HOURLY_FRED,FRED(OECD转载厚劳省),VALIDATED_MIRROR,,2026-03起水平断点;valid_to=2026-02(direct_model_use=false),2026-09-05,LATEST_HISTORY_PROXY,PROXY,CURRENT_HISTORY_ONLY_NO_VINTAGE,false,true,true
1956-04-30,1956-04,3.585062,3.585062,指数2015=100,M,WAGE_MFG_HOURLY_FRED,FRED(OECD转载厚劳省),VALIDATED_MIRROR,,2026-03起水平断点;valid_to=2026-02(direct_model_use=false),2026-09-05,LATEST_HISTORY_PROXY,PROXY,CURRENT_HISTORY_ONLY_NO_VINTAGE,false,true,true
1956-05-31,1956-05,3.485477,3.485477,指数2015=100,M,WAGE_MFG_HOURLY_FRED,FRED(OECD转载厚劳省),VALIDATED_MIRROR,,2026-03起水平断点;valid_to=2026-02(direct_model_use=false),2026-09-05,LATEST_HISTORY_PROXY,PROXY,CURRENT_HISTORY_ONLY_NO_VINTAGE,false,true,true
1956-06-30,1956-06,4.680498,4.680498,指数2015=100,M,WAGE_MFG_HOURLY_FRED,FRED(OECD转载厚劳省),VALIDATED_MIRROR,,2026-03起水平断点;valid_to=2026-02(direct_model_use=false),2026-09-05,LATEST_HISTORY_PROXY,PROXY,CURRENT_HISTORY_ONLY_NO_VINTAGE,false,true,true
1956-07-31,1956-07,5.078838,5.078838,指数2015=100,M,WAGE_MFG_HOURLY_FRED,FRED(OECD转载厚劳省),VALIDATED_MIRROR,,2026-03起水平断点;valid_to=2026-02(direct_model_use=false),2026-09-05,LATEST_HISTORY_PROXY,PROXY,CURRENT_HISTORY_ONLY_NO_VINTAGE,false,true,true
1956-08-31,1956-08,3.883817,3.883817,指数2015=100,M,WAGE_MFG_HOURLY_FRED,FRED(OECD转载厚劳省),VALIDATED_MIRROR,,2026-03起水平断点;valid_to=2026-02(direct_model_use=false),2026-09-05,LATEST_HISTORY_PROXY,PROXY,CURRENT_HISTORY_ONLY_NO_VINTAGE,false,true,true
1956-09-30,1956-09,3.585062,3.585062,指数2015=100,M,WAGE_MFG_HOURLY_FRED,FRED(OECD转载厚劳省),VALIDATED_MIRROR,,2026-03起水平断点;valid_to=2026-02(direct_model_use=false),2026-09-05,LATEST_HISTORY_PROXY,PROXY,CURRENT_HISTORY_ONLY_NO_VINTAGE,false,true,true
1956-10-31,1956-10,3.684647,3.684647,指数2015=100,M,WAGE_MFG_HOURLY_FRED,FRED(OECD转载厚劳省),VALIDATED_MIRROR,,2026-03起水平断点;valid_to=2026-02(direct_model_use=false),2026-09-05,LATEST_HISTORY_PROXY,PROXY,CURRENT_HISTORY_ONLY_NO_VINTAGE,false,true,true
1956-11-30,1956-11,3.883817,3.883817,指数2015=100,M,WAGE_MFG_HOURLY_FRED,FRED(OECD转载厚劳省),VALIDATED_MIRROR,,2026-03起水平断点;valid_to=2026-02(direct_model_use=false),2026-09-05,LATEST_HISTORY_PROXY,PROXY,CURRENT_HISTORY_ONLY_NO_VINTAGE,false,true,true
1956-12-31,1956-12,7.46888,7.46888,指数2015=100,M,WAGE_MFG_HOURLY_FRED,FRED(OECD转载厚劳省),VALIDATED_MIRROR,,2026-03起水平断点;valid_to=2026-02(direct_model_use=false),2026-09-05,LATEST_HISTORY_PROXY,PROXY,CURRENT_HISTORY_ONLY_NO_VINTAGE,false,true,true
1957-01-31,1957-01,3.883817,3.883817,指数2015=100,M,WAGE_MFG_HOURLY_FRED,FRED(OECD转载厚劳省),VALIDATED_MIRROR,,2026-03起水平断点;valid_to=2026-02(direct_model_use=false),2026-09-05,LATEST_HISTORY_PROXY,PROXY,CURRENT_HISTORY_ONLY_NO_VINTAGE,false,true,true
1957-02-28,1957-02,3.684647,3.684647,指数2015=100,M,WAGE_MFG_HOURLY_FRED,FRED(OECD转载厚劳省),VALIDATED_MIRROR,,2026-03起水平断点;valid_to=2026-02(direct_model_use=false),2026-09-05,LATEST_HISTORY_PROXY,PROXY,CURRENT_HISTORY_ONLY_NO_VINTAGE,false,true,true
1957-03-31,1957-03,3.585062,3.585062,指数2015=100,M,WAGE_MFG_HOURLY_FRED,FRED(OECD转载厚劳省),VALIDATED_MIRROR,,2026-03起水平断点;valid_to=2026-02(direct_model_use=false),2026-09-05,LATEST_HISTORY_PROXY,PROXY,CURRENT_HISTORY_ONLY_NO_VINTAGE,false,true,true
1957-04-30,1957-04,3.883817,3.883817,指数2015=100,M,WAGE_MFG_HOURLY_FRED,FRED(OECD转载厚劳省),VALIDATED_MIRROR,,2026-03起水平断点;valid_to=2026-02(direct_model_use=false),2026-09-05,LATEST_HISTORY_PROXY,PROXY,CURRENT_HISTORY_ONLY_NO_VINTAGE,false,true,true
1957-05-31,1957-05,3.684647,3.684647,指数2015=100,M,WAGE_MFG_HOURLY_FRED,FRED(OECD转载厚劳省),VALIDATED_MIRROR,,2026-03起水平断点;valid_to=2026-02(direct_model_use=false),2026-09-05,LATEST_HISTORY_PROXY,PROXY,CURRENT_HISTORY_ONLY_NO_VINTAGE,false,true,true
1957-06-30,1957-06,4.979253,4.979253,指数2015=100,M,WAGE_MFG_HOURLY_FRED,FRED(OECD转载厚劳省),VALIDATED_MIRROR,,2026-03起水平断点;valid_to=2026-02(direct_model_use=false),2026-09-05,LATEST_HISTORY_PROXY,PROXY,CURRENT_HISTORY_ONLY_NO_VINTAGE,false,true,true
1957-07-31,1957-07,5.576764,5.576764,指数2015=100,M,WAGE_MFG_HOURLY_FRED,FRED(OECD转载厚劳省),VALIDATED_MIRROR,,2026-03起水平断点;valid_to=2026-02(direct_model_use=false),2026-09-05,LATEST_HISTORY_PROXY,PROXY,CURRENT_HISTORY_ONLY_NO_VINTAGE,false,true,true
1957-08-31,1957-08,3.983402,3.983402,指数2015=100,M,WAGE_MFG_HOURLY_FRED,FRED(OECD转载厚劳省),VALIDATED_MIRROR,,2026-03起水平断点;valid_to=2026-02(direct_model_use=false),2026-09-05,LATEST_HISTORY_PROXY,PROXY,CURRENT_HISTORY_ONLY_NO_VINTAGE,false,true,true
1957-09-30,1957-09,3.684647,3.684647,指数2015=100,M,WAGE_MFG_HOURLY_FRED,FRED(OECD转载厚劳省),VALIDATED_MIRROR,,2026-03起水平断点;valid_to=2026-02(direct_model_use=false),2026-09-05,LATEST_HISTORY_PROXY,PROXY,CURRENT_HISTORY_ONLY_NO_VINTAGE,false,true,true
1957-10-31,1957-10,3.684647,3.684647,指数2015=100,M,WAGE_MFG_HOURLY_FRED,FRED(OECD转载厚劳省),VALIDATED_MIRROR,,2026-03起水平断点;valid_to=2026-02(direct_model_use=false),2026-09-05,LATEST_HISTORY_PROXY,PROXY,CURRENT_HISTORY_ONLY_NO_VINTAGE,false,true,true
1957-11-30,1957-11,3.684647,3.684647,指数2015=100,M,WAGE_MFG_HOURLY_FRED,FRED(OECD转载厚劳省),VALIDATED_MIRROR,,2026-03起水平断点;valid_to=2026-02(direct_model_use=false),2026-09-05,LATEST_HISTORY_PROXY,PROXY,CURRENT_HISTORY_ONLY_NO_VINTAGE,false,true,true
1957-12-31,1957-12,7.86722,7.86722,指数2015=100,M,WAGE_MFG_HOURLY_FRED,FRED(OECD转载厚劳省),VALIDATED_MIRROR,,2026-03起水平断点;valid_to=2026-02(direct_model_use=false),2026-09-05,LATEST_HISTORY_PROXY,PROXY,CURRENT_HISTORY_ONLY_NO_VINTAGE,false,true,true
1958-01-31,1958-01,3.883817,3.883817,指数2015=100,M,WAGE_MFG_HOURLY_FRED,FRED(OECD转载厚劳省),VALIDATED_MIRROR,,2026-03起水平断点;valid_to=2026-02(direct_model_use=false),2026-09-05,LATEST_HISTORY_PROXY,PROXY,CURRENT_HISTORY_ONLY_NO_VINTAGE,false,true,true
1958-02-28,1958-02,3.883817,3.883817,指数2015=100,M,WAGE_MFG_HOURLY_FRED,FRED(OECD转载厚劳省),VALIDATED_MIRROR,,2026-03起水平断点;valid_to=2026-02(direct_model_use=false),2026-09-05,LATEST_HISTORY_PROXY,PROXY,CURRENT_HISTORY_ONLY_NO_VINTAGE,false,true,true
1958-03-31,1958-03,3.684647,3.684647,指数2015=100,M,WAGE_MFG_HOURLY_FRED,FRED(OECD转载厚劳省),VALIDATED_MIRROR,,2026-03起水平断点;valid_to=2026-02(direct_model_use=false),2026-09-05,LATEST_HISTORY_PROXY,PROXY,CURRENT_HISTORY_ONLY_NO_VINTAGE,false,true,true
1958-04-30,1958-04,3.883817,3.883817,指数2015=100,M,WAGE_MFG_HOURLY_FRED,FRED(OECD转载厚劳省),VALIDATED_MIRROR,,2026-03起水平断点;valid_to=2026-02(direct_model_use=false),2026-09-05,LATEST_HISTORY_PROXY,PROXY,CURRENT_HISTORY_ONLY_NO_VINTAGE,false,true,true
1958-05-31,1958-05,3.784232,3.784232,指数2015=100,M,WAGE_MFG_HOURLY_FRED,FRED(OECD转载厚劳省),VALIDATED_MIRROR,,2026-03起水平断点;valid_to=2026-02(direct_model_use=false),2026-09-05,LATEST_HISTORY_PROXY,PROXY,CURRENT_HISTORY_ONLY_NO_VINTAGE,false,true,true
1958-06-30,1958-06,4.979253,4.979253,指数2015=100,M,WAGE_MFG_HOURLY_FRED,FRED(OECD转载厚劳省),VALIDATED_MIRROR,,2026-03起水平断点;valid_to=2026-02(direct_model_use=false),2026-09-05,LATEST_HISTORY_PROXY,PROXY,CURRENT_HISTORY_ONLY_NO_VINTAGE,false,true,true
1958-07-31,1958-07,5.875519,5.875519,指数2015=100,M,WAGE_MFG_HOURLY_FRED,FRED(OECD转载厚劳省),VALIDATED_MIRROR,,2026-03起水平断点;valid_to=2026-02(direct_model_use=false),2026-09-05,LATEST_HISTORY_PROXY,PROXY,CURRENT_HISTORY_ONLY_NO_VINTAGE,false,true,true
1958-08-31,1958-08,4.082988,4.082988,指数2015=100,M,WAGE_MFG_HOURLY_FRED,FRED(OECD转载厚劳省),VALIDATED_MIRROR,,2026-03起水平断点;valid_to=2026-02(direct_model_use=false),2026-09-05,LATEST_HISTORY_PROXY,PROXY,CURRENT_HISTORY_ONLY_NO_VINTAGE,false,true,true
1958-09-30,1958-09,3.883817,3.883817,指数2015=100,M,WAGE_MFG_HOURLY_FRED,FRED(OECD转载厚劳省),VALIDATED_MIRROR,,2026-03起水平断点;valid_to=2026-02(direct_model_use=false),2026-09-05,LATEST_HISTORY_PROXY,PROXY,CURRENT_HISTORY_ONLY_NO_VINTAGE,false,true,true
1958-10-31,1958-10,3.883817,3.883817,指数2015=100,M,WAGE_MFG_HOURLY_FRED,FRED(OECD转载厚劳省),VALIDATED_MIRROR,,2026-03起水平断点;valid_to=2026-02(direct_model_use=false),2026-09-05,LATEST_HISTORY_PROXY,PROXY,CURRENT_HISTORY_ONLY_NO_VINTAGE,false,true,true
1958-11-30,1958-11,3.983402,3.983402,指数2015=100,M,WAGE_MFG_HOURLY_FRED,FRED(OECD转载厚劳省),VALIDATED_MIRROR,,2026-03起水平断点;valid_to=2026-02(direct_model_use=false),2026-09-05,LATEST_HISTORY_PROXY,PROXY,CURRENT_HISTORY_ONLY_NO_VINTAGE,false,true,true
1958-12-31,1958-12,7.966805,7.966805,指数2015=100,M,WAGE_MFG_HOURLY_FRED,FRED(OECD转载厚劳省),VALIDATED_MIRROR,,2026-03起水平断点;valid_to=2026-02(direct_model_use=false),2026-09-05,LATEST_HISTORY_PROXY,PROXY,CURRENT_HISTORY_ONLY_NO_VINTAGE,false,true,true
1959-01-31,1959-01,3.983402,3.983402,指数2015=100,M,WAGE_MFG_HOURLY_FRED,FRED(OECD转载厚劳省),VALIDATED_MIRROR,,2026-03起水平断点;valid_to=2026-02(direct_model_use=false),2026-09-05,LATEST_HISTORY_PROXY,PROXY,CURRENT_HISTORY_ONLY_NO_VINTAGE,false,true,true
1959-02-28,1959-02,3.983402,3.983402,指数2015=100,M,WAGE_MFG_HOURLY_FRED,FRED(OECD转载厚劳省),VALIDATED_MIRROR,,2026-03起水平断点;valid_to=2026-02(direct_model_use=false),2026-09-05,LATEST_HISTORY_PROXY,PROXY,CURRENT_HISTORY_ONLY_NO_VINTAGE,false,true,true
1959-03-31,1959-03,3.883817,3.883817,指数2015=100,M,WAGE_MFG_HOURLY_FRED,FRED(OECD转载厚劳省),VALIDATED_MIRROR,,2026-03起水平断点;valid_to=2026-02(direct_model_use=false),2026-09-05,LATEST_HISTORY_PROXY,PROXY,CURRENT_HISTORY_ONLY_NO_VINTAGE,false,true,true
1959-04-30,1959-04,4.182573,4.182573,指数2015=100,M,WAGE_MFG_HOURLY_FRED,FRED(OECD转载厚劳省),VALIDATED_MIRROR,,2026-03起水平断点;valid_to=2026-02(direct_model_use=false),2026-09-05,LATEST_HISTORY_PROXY,PROXY,CURRENT_HISTORY_ONLY_NO_VINTAGE,false,true,true
1959-05-31,1959-05,3.983402,3.983402,指数2015=100,M,WAGE_MFG_HOURLY_FRED,FRED(OECD转载厚劳省),VALIDATED_MIRROR,,2026-03起水平断点;valid_to=2026-02(direct_model_use=false),2026-09-05,LATEST_HISTORY_PROXY,PROXY,CURRENT_HISTORY_ONLY_NO_VINTAGE,false,true,true
1959-06-30,1959-06,5.576764,5.576764,指数2015=100,M,WAGE_MFG_HOURLY_FRED,FRED(OECD转载厚劳省),VALIDATED_MIRROR,,2026-03起水平断点;valid_to=2026-02(direct_model_use=false),2026-09-05,LATEST_HISTORY_PROXY,PROXY,CURRENT_HISTORY_ONLY_NO_VINTAGE,false,true,true
1959-07-31,1959-07,6.273859,6.273859,指数2015=100,M,WAGE_MFG_HOURLY_FRED,FRED(OECD转载厚劳省),VALIDATED_MIRROR,,2026-03起水平断点;valid_to=2026-02(direct_model_use=false),2026-09-05,LATEST_HISTORY_PROXY,PROXY,CURRENT_HISTORY_ONLY_NO_VINTAGE,false,true,true
1959-08-31,1959-08,4.381743,4.381743,指数2015=100,M,WAGE_MFG_HOURLY_FRED,FRED(OECD转载厚劳省),VALIDATED_MIRROR,,2026-03起水平断点;valid_to=2026-02(direct_model_use=false),2026-09-05,LATEST_HISTORY_PROXY,PROXY,CURRENT_HISTORY_ONLY_NO_VINTAGE,false,true,true
1959-09-30,1959-09,4.182573,4.182573,指数2015=100,M,WAGE_MFG_HOURLY_FRED,FRED(OECD转载厚劳省),VALIDATED_MIRROR,,2026-03起水平断点;valid_to=2026-02(direct_model_use=false),2026-09-05,LATEST_HISTORY_PROXY,PROXY,CURRENT_HISTORY_ONLY_NO_VINTAGE,false,true,true
1959-10-31,1959-10,4.182573,4.182573,指数2015=100,M,WAGE_MFG_HOURLY_FRED,FRED(OECD转载厚劳省),VALIDATED_MIRROR,,2026-03起水平断点;valid_to=2026-02(direct_model_use=false),2026-09-05,LATEST_HISTORY_PROXY,PROXY,CURRENT_HISTORY_ONLY_NO_VINTAGE,false,true,true
1959-11-30,1959-11,4.381743,4.381743,指数2015=100,M,WAGE_MFG_HOURLY_FRED,FRED(OECD转载厚劳省),VALIDATED_MIRROR,,2026-03起水平断点;valid_to=2026-02(direct_model_use=false),2026-09-05,LATEST_HISTORY_PROXY,PROXY,CURRENT_HISTORY_ONLY_NO_VINTAGE,false,true,true
1959-12-31,1959-12,9.360996,9.360996,指数2015=100,M,WAGE_MFG_HOURLY_FRED,FRED(OECD转载厚劳省),VALIDATED_MIRROR,,2026-03起水平断点;valid_to=2026-02(direct_model_use=false),2026-09-05,LATEST_HISTORY_PROXY,PROXY,CURRENT_HISTORY_ONLY_NO_VINTAGE,false,true,true
1960-01-31,1960-01,4.282158,4.282158,指数2015=100,M,WAGE_MFG_HOURLY_FRED,FRED(OECD转载厚劳省),VALIDATED_MIRROR,,2026-03起水平断点;valid_to=2026-02(direct_model_use=false),2026-09-05,LATEST_HISTORY_PROXY,PROXY,CURRENT_HISTORY_ONLY_NO_VINTAGE,false,true,true
1960-02-29,1960-02,4.282158,4.282158,指数2015=100,M,WAGE_MFG_HOURLY_FRED,FRED(OECD转载厚劳省),VALIDATED_MIRROR,,2026-03起水平断点;valid_to=2026-02(direct_model_use=false),2026-09-05,LATEST_HISTORY_PROXY,PROXY,CURRENT_HISTORY_ONLY_NO_VINTAGE,false,true,true
1960-03-31,1960-03,4.282158,4.282158,指数2015=100,M,WAGE_MFG_HOURLY_FRED,FRED(OECD转载厚劳省),VALIDATED_MIRROR,,2026-03起水平断点;valid_to=2026-02(direct_model_use=false),2026-09-05,LATEST_HISTORY_PROXY,PROXY,CURRENT_HISTORY_ONLY_NO_VINTAGE,false,true,true
1960-04-30,1960-04,4.381743,4.381743,指数2015=100,M,WAGE_MFG_HOURLY_FRED,FRED(OECD转载厚劳省),VALIDATED_MIRROR,,2026-03起水平断点;valid_to=2026-02(direct_model_use=false),2026-09-05,LATEST_HISTORY_PROXY,PROXY,CURRENT_HISTORY_ONLY_NO_VINTAGE,false,true,true
1960-05-31,1960-05,4.381743,4.381743,指数2015=100,M,WAGE_MFG_HOURLY_FRED,FRED(OECD转载厚劳省),VALIDATED_MIRROR,,2026-03起水平断点;valid_to=2026-02(direct_model_use=false),2026-09-05,LATEST_HISTORY_PROXY,PROXY,CURRENT_HISTORY_ONLY_NO_VINTAGE,false,true,true
1960-06-30,1960-06,6.074689,6.074689,指数2015=100,M,WAGE_MFG_HOURLY_FRED,FRED(OECD转载厚劳省),VALIDATED_MIRROR,,2026-03起水平断点;valid_to=2026-02(direct_model_use=false),2026-09-05,LATEST_HISTORY_PROXY,PROXY,CURRENT_HISTORY_ONLY_NO_VINTAGE,false,true,true
1960-07-31,1960-07,6.871369,6.871369,指数2015=100,M,WAGE_MFG_HOURLY_FRED,FRED(OECD转载厚劳省),VALIDATED_MIRROR,,2026-03起水平断点;valid_to=2026-02(direct_model_use=false),2026-09-05,LATEST_HISTORY_PROXY,PROXY,CURRENT_HISTORY_ONLY_NO_VINTAGE,false,true,true
1960-08-31,1960-08,4.580913,4.580913,指数2015=100,M,WAGE_MFG_HOURLY_FRED,FRED(OECD转载厚劳省),VALIDATED_MIRROR,,2026-03起水平断点;valid_to=2026-02(direct_model_use=false),2026-09-05,LATEST_HISTORY_PROXY,PROXY,CURRENT_HISTORY_ONLY_NO_VINTAGE,false,true,true
1960-09-30,1960-09,4.381743,4.381743,指数2015=100,M,WAGE_MFG_HOURLY_FRED,FRED(OECD转载厚劳省),VALIDATED_MIRROR,,2026-03起水平断点;valid_to=2026-02(direct_model_use=false),2026-09-05,LATEST_HISTORY_PROXY,PROXY,CURRENT_HISTORY_ONLY_NO_VINTAGE,false,true,true
1960-10-31,1960-10,4.481328,4.481328,指数2015=100,M,WAGE_MFG_HOURLY_FRED,FRED(OECD转载厚劳省),VALIDATED_MIRROR,,2026-03起水平断点;valid_to=2026-02(direct_model_use=false),2026-09-05,LATEST_HISTORY_PROXY,PROXY,CURRENT_HISTORY_ONLY_NO_VINTAGE,false,true,true
1960-11-30,1960-11,4.580913,4.580913,指数2015=100,M,WAGE_MFG_HOURLY_FRED,FRED(OECD转载厚劳省),VALIDATED_MIRROR,,2026-03起水平断点;valid_to=2026-02(direct_model_use=false),2026-09-05,LATEST_HISTORY_PROXY,PROXY,CURRENT_HISTORY_ONLY_NO_VINTAGE,false,true,true
1960-12-31,1960-12,10.25726,10.25726,指数2015=100,M,WAGE_MFG_HOURLY_FRED,FRED(OECD转载厚劳省),VALIDATED_MIRROR,,2026-03起水平断点;valid_to=2026-02(direct_model_use=false),2026-09-05,LATEST_HISTORY_PROXY,PROXY,CURRENT_HISTORY_ONLY_NO_VINTAGE,false,true,true
1961-01-31,1961-01,4.481328,4.481328,指数2015=100,M,WAGE_MFG_HOURLY_FRED,FRED(OECD转载厚劳省),VALIDATED_MIRROR,,2026-03起水平断点;valid_to=2026-02(direct_model_use=false),2026-09-05,LATEST_HISTORY_PROXY,PROXY,CURRENT_HISTORY_ONLY_NO_VINTAGE,false,true,true
1961-02-28,1961-02,4.481328,4.481328,指数2015=100,M,WAGE_MFG_HOURLY_FRED,FRED(OECD转载厚劳省),VALIDATED_MIRROR,,2026-03起水平断点;valid_to=2026-02(direct_model_use=false),2026-09-05,LATEST_HISTORY_PROXY,PROXY,CURRENT_HISTORY_ONLY_NO_VINTAGE,false,true,true
1961-03-31,1961-03,4.481328,4.481328,指数2015=100,M,WAGE_MFG_HOURLY_FRED,FRED(OECD转载厚劳省),VALIDATED_MIRROR,,2026-03起水平断点;valid_to=2026-02(direct_model_use=false),2026-09-05,LATEST_HISTORY_PROXY,PROXY,CURRENT_HISTORY_ONLY_NO_VINTAGE,false,true,true
1961-04-30,1961-04,4.580913,4.580913,指数2015=100,M,WAGE_MFG_HOURLY_FRED,FRED(OECD转载厚劳省),VALIDATED_MIRROR,,2026-03起水平断点;valid_to=2026-02(direct_model_use=false),2026-09-05,LATEST_HISTORY_PROXY,PROXY,CURRENT_HISTORY_ONLY_NO_VINTAGE,false,true,true
1961-05-31,1961-05,4.680498,4.680498,指数2015=100,M,WAGE_MFG_HOURLY_FRED,FRED(OECD转载厚劳省),VALIDATED_MIRROR,,2026-03起水平断点;valid_to=2026-02(direct_model_use=false),2026-09-05,LATEST_HISTORY_PROXY,PROXY,CURRENT_HISTORY_ONLY_NO_VINTAGE,false,true,true
1961-06-30,1961-06,6.572614,6.572614,指数2015=100,M,WAGE_MFG_HOURLY_FRED,FRED(OECD转载厚劳省),VALIDATED_MIRROR,,2026-03起水平断点;valid_to=2026-02(direct_model_use=false),2026-09-05,LATEST_HISTORY_PROXY,PROXY,CURRENT_HISTORY_ONLY_NO_VINTAGE,false,true,true
1961-07-31,1961-07,8.06639,8.06639,指数2015=100,M,WAGE_MFG_HOURLY_FRED,FRED(OECD转载厚劳省),VALIDATED_MIRROR,,2026-03起水平断点;valid_to=2026-02(direct_model_use=false),2026-09-05,LATEST_HISTORY_PROXY,PROXY,CURRENT_HISTORY_ONLY_NO_VINTAGE,false,true,true
1961-08-31,1961-08,5.078838,5.078838,指数2015=100,M,WAGE_MFG_HOURLY_FRED,FRED(OECD转载厚劳省),VALIDATED_MIRROR,,2026-03起水平断点;valid_to=2026-02(direct_model_use=false),2026-09-05,LATEST_HISTORY_PROXY,PROXY,CURRENT_HISTORY_ONLY_NO_VINTAGE,false,true,true
1961-09-30,1961-09,4.780083,4.780083,指数2015=100,M,WAGE_MFG_HOURLY_FRED,FRED(OECD转载厚劳省),VALIDATED_MIRROR,,2026-03起水平断点;valid_to=2026-02(direct_model_use=false),2026-09-05,LATEST_HISTORY_PROXY,PROXY,CURRENT_HISTORY_ONLY_NO_VINTAGE,false,true,true
1961-10-31,1961-10,4.979253,4.979253,指数2015=100,M,WAGE_MFG_HOURLY_FRED,FRED(OECD转载厚劳省),VALIDATED_MIRROR,,2026-03起水平断点;valid_to=2026-02(direct_model_use=false),2026-09-05,LATEST_HISTORY_PROXY,PROXY,CURRENT_HISTORY_ONLY_NO_VINTAGE,false,true,true
1961-11-30,1961-11,5.078838,5.078838,指数2015=100,M,WAGE_MFG_HOURLY_FRED,FRED(OECD转载厚劳省),VALIDATED_MIRROR,,2026-03起水平断点;valid_to=2026-02(direct_model_use=false),2026-09-05,LATEST_HISTORY_PROXY,PROXY,CURRENT_HISTORY_ONLY_NO_VINTAGE,false,true,true
1961-12-31,1961-12,12.14938,12.14938,指数2015=100,M,WAGE_MFG_HOURLY_FRED,FRED(OECD转载厚劳省),VALIDATED_MIRROR,,2026-03起水平断点;valid_to=2026-02(direct_model_use=false),2026-09-05,LATEST_HISTORY_PROXY,PROXY,CURRENT_HISTORY_ONLY_NO_VINTAGE,false,true,true
1962-01-31,1962-01,5.078838,5.078838,指数2015=100,M,WAGE_MFG_HOURLY_FRED,FRED(OECD转载厚劳省),VALIDATED_MIRROR,,2026-03起水平断点;valid_to=2026-02(direct_model_use=false),2026-09-05,LATEST_HISTORY_PROXY,PROXY,CURRENT_HISTORY_ONLY_NO_VINTAGE,false,true,true
1962-02-28,1962-02,4.979253,4.979253,指数2015=100,M,WAGE_MFG_HOURLY_FRED,FRED(OECD转载厚劳省),VALIDATED_MIRROR,,2026-03起水平断点;valid_to=2026-02(direct_model_use=false),2026-09-05,LATEST_HISTORY_PROXY,PROXY,CURRENT_HISTORY_ONLY_NO_VINTAGE,false,true,true
1962-03-31,1962-03,4.979253,4.979253,指数2015=100,M,WAGE_MFG_HOURLY_FRED,FRED(OECD转载厚劳省),VALIDATED_MIRROR,,2026-03起水平断点;valid_to=2026-02(direct_model_use=false),2026-09-05,LATEST_HISTORY_PROXY,PROXY,CURRENT_HISTORY_ONLY_NO_VINTAGE,false,true,true
1962-04-30,1962-04,5.178423,5.178423,指数2015=100,M,WAGE_MFG_HOURLY_FRED,FRED(OECD转载厚劳省),VALIDATED_MIRROR,,2026-03起水平断点;valid_to=2026-02(direct_model_use=false),2026-09-05,LATEST_HISTORY_PROXY,PROXY,CURRENT_HISTORY_ONLY_NO_VINTAGE,false,true,true
1962-05-31,1962-05,5.078838,5.078838,指数2015=100,M,WAGE_MFG_HOURLY_FRED,FRED(OECD转载厚劳省),VALIDATED_MIRROR,,2026-03起水平断点;valid_to=2026-02(direct_model_use=false),2026-09-05,LATEST_HISTORY_PROXY,PROXY,CURRENT_HISTORY_ONLY_NO_VINTAGE,false,true,true
1962-06-30,1962-06,7.170125,7.170125,指数2015=100,M,WAGE_MFG_HOURLY_FRED,FRED(OECD转载厚劳省),VALIDATED_MIRROR,,2026-03起水平断点;valid_to=2026-02(direct_model_use=false),2026-09-05,LATEST_HISTORY_PROXY,PROXY,CURRENT_HISTORY_ONLY_NO_VINTAGE,false,true,true
1962-07-31,1962-07,8.763486,8.763486,指数2015=100,M,WAGE_MFG_HOURLY_FRED,FRED(OECD转载厚劳省),VALIDATED_MIRROR,,2026-03起水平断点;valid_to=2026-02(direct_model_use=false),2026-09-05,LATEST_HISTORY_PROXY,PROXY,CURRENT_HISTORY_ONLY_NO_VINTAGE,false,true,true
1962-08-31,1962-08,5.775934,5.775934,指数2015=100,M,WAGE_MFG_HOURLY_FRED,FRED(OECD转载厚劳省),VALIDATED_MIRROR,,2026-03起水平断点;valid_to=2026-02(direct_model_use=false),2026-09-05,LATEST_HISTORY_PROXY,PROXY,CURRENT_HISTORY_ONLY_NO_VINTAGE,false,true,true
1962-09-30,1962-09,5.278008,5.278008,指数2015=100,M,WAGE_MFG_HOURLY_FRED,FRED(OECD转载厚劳省),VALIDATED_MIRROR,,2026-03起水平断点;valid_to=2026-02(direct_model_use=false),2026-09-05,LATEST_HISTORY_PROXY,PROXY,CURRENT_HISTORY_ONLY_NO_VINTAGE,false,true,true
1962-10-31,1962-10,5.377594,5.377594,指数2015=100,M,WAGE_MFG_HOURLY_FRED,FRED(OECD转载厚劳省),VALIDATED_MIRROR,,2026-03起水平断点;valid_to=2026-02(direct_model_use=false),2026-09-05,LATEST_HISTORY_PROXY,PROXY,CURRENT_HISTORY_ONLY_NO_VINTAGE,false,true,true
1962-11-30,1962-11,5.278008,5.278008,指数2015=100,M,WAGE_MFG_HOURLY_FRED,FRED(OECD转载厚劳省),VALIDATED_MIRROR,,2026-03起水平断点;valid_to=2026-02(direct_model_use=false),2026-09-05,LATEST_HISTORY_PROXY,PROXY,CURRENT_HISTORY_ONLY_NO_VINTAGE,false,true,true
1962-12-31,1962-12,12.74689,12.74689,指数2015=100,M,WAGE_MFG_HOURLY_FRED,FRED(OECD转载厚劳省),VALIDATED_MIRROR,,2026-03起水平断点;valid_to=2026-02(direct_model_use=false),2026-09-05,LATEST_HISTORY_PROXY,PROXY,CURRENT_HISTORY_ONLY_NO_VINTAGE,false,true,true
1963-01-31,1963-01,5.377594,5.377594,指数2015=100,M,WAGE_MFG_HOURLY_FRED,FRED(OECD转载厚劳省),VALIDATED_MIRROR,,2026-03起水平断点;valid_to=2026-02(direct_model_use=false),2026-09-05,LATEST_HISTORY_PROXY,PROXY,CURRENT_HISTORY_ONLY_NO_VINTAGE,false,true,true
1963-02-28,1963-02,5.278008,5.278008,指数2015=100,M,WAGE_MFG_HOURLY_FRED,FRED(OECD转载厚劳省),VALIDATED_MIRROR,,2026-03起水平断点;valid_to=2026-02(direct_model_use=false),2026-09-05,LATEST_HISTORY_PROXY,PROXY,CURRENT_HISTORY_ONLY_NO_VINTAGE,false,true,true
1963-03-31,1963-03,5.278008,5.278008,指数2015=100,M,WAGE_MFG_HOURLY_FRED,FRED(OECD转载厚劳省),VALIDATED_MIRROR,,2026-03起水平断点;valid_to=2026-02(direct_model_use=false),2026-09-05,LATEST_HISTORY_PROXY,PROXY,CURRENT_HISTORY_ONLY_NO_VINTAGE,false,true,true
1963-04-30,1963-04,5.576764,5.576764,指数2015=100,M,WAGE_MFG_HOURLY_FRED,FRED(OECD转载厚劳省),VALIDATED_MIRROR,,2026-03起水平断点;valid_to=2026-02(direct_model_use=false),2026-09-05,LATEST_HISTORY_PROXY,PROXY,CURRENT_HISTORY_ONLY_NO_VINTAGE,false,true,true
1963-05-31,1963-05,5.576764,5.576764,指数2015=100,M,WAGE_MFG_HOURLY_FRED,FRED(OECD转载厚劳省),VALIDATED_MIRROR,,2026-03起水平断点;valid_to=2026-02(direct_model_use=false),2026-09-05,LATEST_HISTORY_PROXY,PROXY,CURRENT_HISTORY_ONLY_NO_VINTAGE,false,true,true
1963-06-30,1963-06,7.86722,7.86722,指数2015=100,M,WAGE_MFG_HOURLY_FRED,FRED(OECD转载厚劳省),VALIDATED_MIRROR,,2026-03起水平断点;valid_to=2026-02(direct_model_use=false),2026-09-05,LATEST_HISTORY_PROXY,PROXY,CURRENT_HISTORY_ONLY_NO_VINTAGE,false,true,true
1963-07-31,1963-07,10.15768,10.15768,指数2015=100,M,WAGE_MFG_HOURLY_FRED,FRED(OECD转载厚劳省),VALIDATED_MIRROR,,2026-03起水平断点;valid_to=2026-02(direct_model_use=false),2026-09-05,LATEST_HISTORY_PROXY,PROXY,CURRENT_HISTORY_ONLY_NO_VINTAGE,false,true,true
1963-08-31,1963-08,6.273859,6.273859,指数2015=100,M,WAGE_MFG_HOURLY_FRED,FRED(OECD转载厚劳省),VALIDATED_MIRROR,,2026-03起水平断点;valid_to=2026-02(direct_model_use=false),2026-09-05,LATEST_HISTORY_PROXY,PROXY,CURRENT_HISTORY_ONLY_NO_VINTAGE,false,true,true
1963-09-30,1963-09,5.775934,5.775934,指数2015=100,M,WAGE_MFG_HOURLY_FRED,FRED(OECD转载厚劳省),VALIDATED_MIRROR,,2026-03起水平断点;valid_to=2026-02(direct_model_use=false),2026-09-05,LATEST_HISTORY_PROXY,PROXY,CURRENT_HISTORY_ONLY_NO_VINTAGE,false,true,true
1963-10-31,1963-10,5.775934,5.775934,指数2015=100,M,WAGE_MFG_HOURLY_FRED,FRED(OECD转载厚劳省),VALIDATED_MIRROR,,2026-03起水平断点;valid_to=2026-02(direct_model_use=false),2026-09-05,LATEST_HISTORY_PROXY,PROXY,CURRENT_HISTORY_ONLY_NO_VINTAGE,false,true,true
1963-11-30,1963-11,6.074689,6.074689,指数2015=100,M,WAGE_MFG_HOURLY_FRED,FRED(OECD转载厚劳省),VALIDATED_MIRROR,,2026-03起水平断点;valid_to=2026-02(direct_model_use=false),2026-09-05,LATEST_HISTORY_PROXY,PROXY,CURRENT_HISTORY_ONLY_NO_VINTAGE,false,true,true
1963-12-31,1963-12,14.53942,14.53942,指数2015=100,M,WAGE_MFG_HOURLY_FRED,FRED(OECD转载厚劳省),VALIDATED_MIRROR,,2026-03起水平断点;valid_to=2026-02(direct_model_use=false),2026-09-05,LATEST_HISTORY_PROXY,PROXY,CURRENT_HISTORY_ONLY_NO_VINTAGE,false,true,true
1964-01-31,1964-01,5.975104,5.975104,指数2015=100,M,WAGE_MFG_HOURLY_FRED,FRED(OECD转载厚劳省),VALIDATED_MIRROR,,2026-03起水平断点;valid_to=2026-02(direct_model_use=false),2026-09-05,LATEST_HISTORY_PROXY,PROXY,CURRENT_HISTORY_ONLY_NO_VINTAGE,false,true,true
1964-02-29,1964-02,5.975104,5.975104,指数2015=100,M,WAGE_MFG_HOURLY_FRED,FRED(OECD转载厚劳省),VALIDATED_MIRROR,,2026-03起水平断点;valid_to=2026-02(direct_model_use=false),2026-09-05,LATEST_HISTORY_PROXY,PROXY,CURRENT_HISTORY_ONLY_NO_VINTAGE,false,true,true
1964-03-31,1964-03,5.975104,5.975104,指数2015=100,M,WAGE_MFG_HOURLY_FRED,FRED(OECD转载厚劳省),VALIDATED_MIRROR,,2026-03起水平断点;valid_to=2026-02(direct_model_use=false),2026-09-05,LATEST_HISTORY_PROXY,PROXY,CURRENT_HISTORY_ONLY_NO_VINTAGE,false,true,true
1964-04-30,1964-04,6.074689,6.074689,指数2015=100,M,WAGE_MFG_HOURLY_FRED,FRED(OECD转载厚劳省),VALIDATED_MIRROR,,2026-03起水平断点;valid_to=2026-02(direct_model_use=false),2026-09-05,LATEST_HISTORY_PROXY,PROXY,CURRENT_HISTORY_ONLY_NO_VINTAGE,false,true,true
1964-05-31,1964-05,6.273859,6.273859,指数2015=100,M,WAGE_MFG_HOURLY_FRED,FRED(OECD转载厚劳省),VALIDATED_MIRROR,,2026-03起水平断点;valid_to=2026-02(direct_model_use=false),2026-09-05,LATEST_HISTORY_PROXY,PROXY,CURRENT_HISTORY_ONLY_NO_VINTAGE,false,true,true
1964-06-30,1964-06,8.46473,8.46473,指数2015=100,M,WAGE_MFG_HOURLY_FRED,FRED(OECD转载厚劳省),VALIDATED_MIRROR,,2026-03起水平断点;valid_to=2026-02(direct_model_use=false),2026-09-05,LATEST_HISTORY_PROXY,PROXY,CURRENT_HISTORY_ONLY_NO_VINTAGE,false,true,true
1964-07-31,1964-07,11.05394,11.05394,指数2015=100,M,WAGE_MFG_HOURLY_FRED,FRED(OECD转载厚劳省),VALIDATED_MIRROR,,2026-03起水平断点;valid_to=2026-02(direct_model_use=false),2026-09-05,LATEST_HISTORY_PROXY,PROXY,CURRENT_HISTORY_ONLY_NO_VINTAGE,false,true,true
1964-08-31,1964-08,6.970954,6.970954,指数2015=100,M,WAGE_MFG_HOURLY_FRED,FRED(OECD转载厚劳省),VALIDATED_MIRROR,,2026-03起水平断点;valid_to=2026-02(direct_model_use=false),2026-09-05,LATEST_HISTORY_PROXY,PROXY,CURRENT_HISTORY_ONLY_NO_VINTAGE,false,true,true
1964-09-30,1964-09,6.473029,6.473029,指数2015=100,M,WAGE_MFG_HOURLY_FRED,FRED(OECD转载厚劳省),VALIDATED_MIRROR,,2026-03起水平断点;valid_to=2026-02(direct_model_use=false),2026-09-05,LATEST_HISTORY_PROXY,PROXY,CURRENT_HISTORY_ONLY_NO_VINTAGE,false,true,true
1964-10-31,1964-10,6.473029,6.473029,指数2015=100,M,WAGE_MFG_HOURLY_FRED,FRED(OECD转载厚劳省),VALIDATED_MIRROR,,2026-03起水平断点;valid_to=2026-02(direct_model_use=false),2026-09-05,LATEST_HISTORY_PROXY,PROXY,CURRENT_HISTORY_ONLY_NO_VINTAGE,false,true,true
1964-11-30,1964-11,6.572614,6.572614,指数2015=100,M,WAGE_MFG_HOURLY_FRED,FRED(OECD转载厚劳省),VALIDATED_MIRROR,,2026-03起水平断点;valid_to=2026-02(direct_model_use=false),2026-09-05,LATEST_HISTORY_PROXY,PROXY,CURRENT_HISTORY_ONLY_NO_VINTAGE,false,true,true
1964-12-31,1964-12,15.73444,15.73444,指数2015=100,M,WAGE_MFG_HOURLY_FRED,FRED(OECD转载厚劳省),VALIDATED_MIRROR,,2026-03起水平断点;valid_to=2026-02(direct_model_use=false),2026-09-05,LATEST_HISTORY_PROXY,PROXY,CURRENT_HISTORY_ONLY_NO_VINTAGE,false,true,true
1965-01-31,1965-01,6.771784,6.771784,指数2015=100,M,WAGE_MFG_HOURLY_FRED,FRED(OECD转载厚劳省),VALIDATED_MIRROR,,2026-03起水平断点;valid_to=2026-02(direct_model_use=false),2026-09-05,LATEST_HISTORY_PROXY,PROXY,CURRENT_HISTORY_ONLY_NO_VINTAGE,false,true,true
1965-02-28,1965-02,6.473029,6.473029,指数2015=100,M,WAGE_MFG_HOURLY_FRED,FRED(OECD转载厚劳省),VALIDATED_MIRROR,,2026-03起水平断点;valid_to=2026-02(direct_model_use=false),2026-09-05,LATEST_HISTORY_PROXY,PROXY,CURRENT_HISTORY_ONLY_NO_VINTAGE,false,true,true
1965-03-31,1965-03,6.473029,6.473029,指数2015=100,M,WAGE_MFG_HOURLY_FRED,FRED(OECD转载厚劳省),VALIDATED_MIRROR,,2026-03起水平断点;valid_to=2026-02(direct_model_use=false),2026-09-05,LATEST_HISTORY_PROXY,PROXY,CURRENT_HISTORY_ONLY_NO_VINTAGE,false,true,true
1965-04-30,1965-04,6.572614,6.572614,指数2015=100,M,WAGE_MFG_HOURLY_FRED,FRED(OECD转载厚劳省),VALIDATED_MIRROR,,2026-03起水平断点;valid_to=2026-02(direct_model_use=false),2026-09-05,LATEST_HISTORY_PROXY,PROXY,CURRENT_HISTORY_ONLY_NO_VINTAGE,false,true,true
1965-05-31,1965-05,6.572614,6.572614,指数2015=100,M,WAGE_MFG_HOURLY_FRED,FRED(OECD转载厚劳省),VALIDATED_MIRROR,,2026-03起水平断点;valid_to=2026-02(direct_model_use=false),2026-09-05,LATEST_HISTORY_PROXY,PROXY,CURRENT_HISTORY_ONLY_NO_VINTAGE,false,true,true
1965-06-30,1965-06,9.261411,9.261411,指数2015=100,M,WAGE_MFG_HOURLY_FRED,FRED(OECD转载厚劳省),VALIDATED_MIRROR,,2026-03起水平断点;valid_to=2026-02(direct_model_use=false),2026-09-05,LATEST_HISTORY_PROXY,PROXY,CURRENT_HISTORY_ONLY_NO_VINTAGE,false,true,true
1965-07-31,1965-07,12.14938,12.14938,指数2015=100,M,WAGE_MFG_HOURLY_FRED,FRED(OECD转载厚劳省),VALIDATED_MIRROR,,2026-03起水平断点;valid_to=2026-02(direct_model_use=false),2026-09-05,LATEST_HISTORY_PROXY,PROXY,CURRENT_HISTORY_ONLY_NO_VINTAGE,false,true,true
1965-08-31,1965-08,7.568465,7.568465,指数2015=100,M,WAGE_MFG_HOURLY_FRED,FRED(OECD转载厚劳省),VALIDATED_MIRROR,,2026-03起水平断点;valid_to=2026-02(direct_model_use=false),2026-09-05,LATEST_HISTORY_PROXY,PROXY,CURRENT_HISTORY_ONLY_NO_VINTAGE,false,true,true
1965-09-30,1965-09,6.871369,6.871369,指数2015=100,M,WAGE_MFG_HOURLY_FRED,FRED(OECD转载厚劳省),VALIDATED_MIRROR,,2026-03起水平断点;valid_to=2026-02(direct_model_use=false),2026-09-05,LATEST_HISTORY_PROXY,PROXY,CURRENT_HISTORY_ONLY_NO_VINTAGE,false,true,true
1965-10-31,1965-10,6.871369,6.871369,指数2015=100,M,WAGE_MFG_HOURLY_FRED,FRED(OECD转载厚劳省),VALIDATED_MIRROR,,2026-03起水平断点;valid_to=2026-02(direct_model_use=false),2026-09-05,LATEST_HISTORY_PROXY,PROXY,CURRENT_HISTORY_ONLY_NO_VINTAGE,false,true,true
1965-11-30,1965-11,7.170125,7.170125,指数2015=100,M,WAGE_MFG_HOURLY_FRED,FRED(OECD转载厚劳省),VALIDATED_MIRROR,,2026-03起水平断点;valid_to=2026-02(direct_model_use=false),2026-09-05,LATEST_HISTORY_PROXY,PROXY,CURRENT_HISTORY_ONLY_NO_VINTAGE,false,true,true
1965-12-31,1965-12,16.92946,16.92946,指数2015=100,M,WAGE_MFG_HOURLY_FRED,FRED(OECD转载厚劳省),VALIDATED_MIRROR,,2026-03起水平断点;valid_to=2026-02(direct_model_use=false),2026-09-05,LATEST_HISTORY_PROXY,PROXY,CURRENT_HISTORY_ONLY_NO_VINTAGE,false,true,true
1966-01-31,1966-01,7.369295,7.369295,指数2015=100,M,WAGE_MFG_HOURLY_FRED,FRED(OECD转载厚劳省),VALIDATED_MIRROR,,2026-03起水平断点;valid_to=2026-02(direct_model_use=false),2026-09-05,LATEST_HISTORY_PROXY,PROXY,CURRENT_HISTORY_ONLY_NO_VINTAGE,false,true,true
1966-02-28,1966-02,7.070539,7.070539,指数2015=100,M,WAGE_MFG_HOURLY_FRED,FRED(OECD转载厚劳省),VALIDATED_MIRROR,,2026-03起水平断点;valid_to=2026-02(direct_model_use=false),2026-09-05,LATEST_HISTORY_PROXY,PROXY,CURRENT_HISTORY_ONLY_NO_VINTAGE,false,true,true
1966-03-31,1966-03,7.070539,7.070539,指数2015=100,M,WAGE_MFG_HOURLY_FRED,FRED(OECD转载厚劳省),VALIDATED_MIRROR,,2026-03起水平断点;valid_to=2026-02(direct_model_use=false),2026-09-05,LATEST_HISTORY_PROXY,PROXY,CURRENT_HISTORY_ONLY_NO_VINTAGE,false,true,true
1966-04-30,1966-04,7.369295,7.369295,指数2015=100,M,WAGE_MFG_HOURLY_FRED,FRED(OECD转载厚劳省),VALIDATED_MIRROR,,2026-03起水平断点;valid_to=2026-02(direct_model_use=false),2026-09-05,LATEST_HISTORY_PROXY,PROXY,CURRENT_HISTORY_ONLY_NO_VINTAGE,false,true,true
1966-05-31,1966-05,7.369295,7.369295,指数2015=100,M,WAGE_MFG_HOURLY_FRED,FRED(OECD转载厚劳省),VALIDATED_MIRROR,,2026-03起水平断点;valid_to=2026-02(direct_model_use=false),2026-09-05,LATEST_HISTORY_PROXY,PROXY,CURRENT_HISTORY_ONLY_NO_VINTAGE,false,true,true
1966-06-30,1966-06,10.45643,10.45643,指数2015=100,M,WAGE_MFG_HOURLY_FRED,FRED(OECD转载厚劳省),VALIDATED_MIRROR,,2026-03起水平断点;valid_to=2026-02(direct_model_use=false),2026-09-05,LATEST_HISTORY_PROXY,PROXY,CURRENT_HISTORY_ONLY_NO_VINTAGE,false,true,true
1966-07-31,1966-07,13.44398,13.44398,指数2015=100,M,WAGE_MFG_HOURLY_FRED,FRED(OECD转载厚劳省),VALIDATED_MIRROR,,2026-03起水平断点;valid_to=2026-02(direct_model_use=false),2026-09-05,LATEST_HISTORY_PROXY,PROXY,CURRENT_HISTORY_ONLY_NO_VINTAGE,false,true,true
1966-08-31,1966-08,8.26556,8.26556,指数2015=100,M,WAGE_MFG_HOURLY_FRED,FRED(OECD转载厚劳省),VALIDATED_MIRROR,,2026-03起水平断点;valid_to=2026-02(direct_model_use=false),2026-09-05,LATEST_HISTORY_PROXY,PROXY,CURRENT_HISTORY_ONLY_NO_VINTAGE,false,true,true
1966-09-30,1966-09,7.66805,7.66805,指数2015=100,M,WAGE_MFG_HOURLY_FRED,FRED(OECD转载厚劳省),VALIDATED_MIRROR,,2026-03起水平断点;valid_to=2026-02(direct_model_use=false),2026-09-05,LATEST_HISTORY_PROXY,PROXY,CURRENT_HISTORY_ONLY_NO_VINTAGE,false,true,true
1966-10-31,1966-10,7.66805,7.66805,指数2015=100,M,WAGE_MFG_HOURLY_FRED,FRED(OECD转载厚劳省),VALIDATED_MIRROR,,2026-03起水平断点;valid_to=2026-02(direct_model_use=false),2026-09-05,LATEST_HISTORY_PROXY,PROXY,CURRENT_HISTORY_ONLY_NO_VINTAGE,false,true,true
1966-11-30,1966-11,7.966805,7.966805,指数2015=100,M,WAGE_MFG_HOURLY_FRED,FRED(OECD转载厚劳省),VALIDATED_MIRROR,,2026-03起水平断点;valid_to=2026-02(direct_model_use=false),2026-09-05,LATEST_HISTORY_PROXY,PROXY,CURRENT_HISTORY_ONLY_NO_VINTAGE,false,true,true
1966-12-31,1966-12,19.41909,19.41909,指数2015=100,M,WAGE_MFG_HOURLY_FRED,FRED(OECD转载厚劳省),VALIDATED_MIRROR,,2026-03起水平断点;valid_to=2026-02(direct_model_use=false),2026-09-05,LATEST_HISTORY_PROXY,PROXY,CURRENT_HISTORY_ONLY_NO_VINTAGE,false,true,true
1967-01-31,1967-01,7.966805,7.966805,指数2015=100,M,WAGE_MFG_HOURLY_FRED,FRED(OECD转载厚劳省),VALIDATED_MIRROR,,2026-03起水平断点;valid_to=2026-02(direct_model_use=false),2026-09-05,LATEST_HISTORY_PROXY,PROXY,CURRENT_HISTORY_ONLY_NO_VINTAGE,false,true,true
1967-02-28,1967-02,7.86722,7.86722,指数2015=100,M,WAGE_MFG_HOURLY_FRED,FRED(OECD转载厚劳省),VALIDATED_MIRROR,,2026-03起水平断点;valid_to=2026-02(direct_model_use=false),2026-09-05,LATEST_HISTORY_PROXY,PROXY,CURRENT_HISTORY_ONLY_NO_VINTAGE,false,true,true
1967-03-31,1967-03,7.86722,7.86722,指数2015=100,M,WAGE_MFG_HOURLY_FRED,FRED(OECD转载厚劳省),VALIDATED_MIRROR,,2026-03起水平断点;valid_to=2026-02(direct_model_use=false),2026-09-05,LATEST_HISTORY_PROXY,PROXY,CURRENT_HISTORY_ONLY_NO_VINTAGE,false,true,true
1967-04-30,1967-04,8.26556,8.26556,指数2015=100,M,WAGE_MFG_HOURLY_FRED,FRED(OECD转载厚劳省),VALIDATED_MIRROR,,2026-03起水平断点;valid_to=2026-02(direct_model_use=false),2026-09-05,LATEST_HISTORY_PROXY,PROXY,CURRENT_HISTORY_ONLY_NO_VINTAGE,false,true,true
1967-05-31,1967-05,8.26556,8.26556,指数2015=100,M,WAGE_MFG_HOURLY_FRED,FRED(OECD转载厚劳省),VALIDATED_MIRROR,,2026-03起水平断点;valid_to=2026-02(direct_model_use=false),2026-09-05,LATEST_HISTORY_PROXY,PROXY,CURRENT_HISTORY_ONLY_NO_VINTAGE,false,true,true
1967-06-30,1967-06,12.34855,12.34855,指数2015=100,M,WAGE_MFG_HOURLY_FRED,FRED(OECD转载厚劳省),VALIDATED_MIRROR,,2026-03起水平断点;valid_to=2026-02(direct_model_use=false),2026-09-05,LATEST_HISTORY_PROXY,PROXY,CURRENT_HISTORY_ONLY_NO_VINTAGE,false,true,true
1967-07-31,1967-07,15.43568,15.43568,指数2015=100,M,WAGE_MFG_HOURLY_FRED,FRED(OECD转载厚劳省),VALIDATED_MIRROR,,2026-03起水平断点;valid_to=2026-02(direct_model_use=false),2026-09-05,LATEST_HISTORY_PROXY,PROXY,CURRENT_HISTORY_ONLY_NO_VINTAGE,false,true,true
1967-08-31,1967-08,9.261411,9.261411,指数2015=100,M,WAGE_MFG_HOURLY_FRED,FRED(OECD转载厚劳省),VALIDATED_MIRROR,,2026-03起水平断点;valid_to=2026-02(direct_model_use=false),2026-09-05,LATEST_HISTORY_PROXY,PROXY,CURRENT_HISTORY_ONLY_NO_VINTAGE,false,true,true
1967-09-30,1967-09,8.564316,8.564316,指数2015=100,M,WAGE_MFG_HOURLY_FRED,FRED(OECD转载厚劳省),VALIDATED_MIRROR,,2026-03起水平断点;valid_to=2026-02(direct_model_use=false),2026-09-05,LATEST_HISTORY_PROXY,PROXY,CURRENT_HISTORY_ONLY_NO_VINTAGE,false,true,true
1967-10-31,1967-10,8.564316,8.564316,指数2015=100,M,WAGE_MFG_HOURLY_FRED,FRED(OECD转载厚劳省),VALIDATED_MIRROR,,2026-03起水平断点;valid_to=2026-02(direct_model_use=false),2026-09-05,LATEST_HISTORY_PROXY,PROXY,CURRENT_HISTORY_ONLY_NO_VINTAGE,false,true,true
1967-11-30,1967-11,9.062241,9.062241,指数2015=100,M,WAGE_MFG_HOURLY_FRED,FRED(OECD转载厚劳省),VALIDATED_MIRROR,,2026-03起水平断点;valid_to=2026-02(direct_model_use=false),2026-09-05,LATEST_HISTORY_PROXY,PROXY,CURRENT_HISTORY_ONLY_NO_VINTAGE,false,true,true
1967-12-31,1967-12,22.40664,22.40664,指数2015=100,M,WAGE_MFG_HOURLY_FRED,FRED(OECD转载厚劳省),VALIDATED_MIRROR,,2026-03起水平断点;valid_to=2026-02(direct_model_use=false),2026-09-05,LATEST_HISTORY_PROXY,PROXY,CURRENT_HISTORY_ONLY_NO_VINTAGE,false,true,true
1968-01-31,1968-01,9.161826,9.161826,指数2015=100,M,WAGE_MFG_HOURLY_FRED,FRED(OECD转载厚劳省),VALIDATED_MIRROR,,2026-03起水平断点;valid_to=2026-02(direct_model_use=false),2026-09-05,LATEST_HISTORY_PROXY,PROXY,CURRENT_HISTORY_ONLY_NO_VINTAGE,false,true,true
1968-02-29,1968-02,8.763486,8.763486,指数2015=100,M,WAGE_MFG_HOURLY_FRED,FRED(OECD转载厚劳省),VALIDATED_MIRROR,,2026-03起水平断点;valid_to=2026-02(direct_model_use=false),2026-09-05,LATEST_HISTORY_PROXY,PROXY,CURRENT_HISTORY_ONLY_NO_VINTAGE,false,true,true
1968-03-31,1968-03,9.062241,9.062241,指数2015=100,M,WAGE_MFG_HOURLY_FRED,FRED(OECD转载厚劳省),VALIDATED_MIRROR,,2026-03起水平断点;valid_to=2026-02(direct_model_use=false),2026-09-05,LATEST_HISTORY_PROXY,PROXY,CURRENT_HISTORY_ONLY_NO_VINTAGE,false,true,true
1968-04-30,1968-04,9.161826,9.161826,指数2015=100,M,WAGE_MFG_HOURLY_FRED,FRED(OECD转载厚劳省),VALIDATED_MIRROR,,2026-03起水平断点;valid_to=2026-02(direct_model_use=false),2026-09-05,LATEST_HISTORY_PROXY,PROXY,CURRENT_HISTORY_ONLY_NO_VINTAGE,false,true,true
1968-05-31,1968-05,9.560166,9.560166,指数2015=100,M,WAGE_MFG_HOURLY_FRED,FRED(OECD转载厚劳省),VALIDATED_MIRROR,,2026-03起水平断点;valid_to=2026-02(direct_model_use=false),2026-09-05,LATEST_HISTORY_PROXY,PROXY,CURRENT_HISTORY_ONLY_NO_VINTAGE,false,true,true
1968-06-30,1968-06,14.43983,14.43983,指数2015=100,M,WAGE_MFG_HOURLY_FRED,FRED(OECD转载厚劳省),VALIDATED_MIRROR,,2026-03起水平断点;valid_to=2026-02(direct_model_use=false),2026-09-05,LATEST_HISTORY_PROXY,PROXY,CURRENT_HISTORY_ONLY_NO_VINTAGE,false,true,true
1968-07-31,1968-07,17.62656,17.62656,指数2015=100,M,WAGE_MFG_HOURLY_FRED,FRED(OECD转载厚劳省),VALIDATED_MIRROR,,2026-03起水平断点;valid_to=2026-02(direct_model_use=false),2026-09-05,LATEST_HISTORY_PROXY,PROXY,CURRENT_HISTORY_ONLY_NO_VINTAGE,false,true,true
1968-08-31,1968-08,10.35685,10.35685,指数2015=100,M,WAGE_MFG_HOURLY_FRED,FRED(OECD转载厚劳省),VALIDATED_MIRROR,,2026-03起水平断点;valid_to=2026-02(direct_model_use=false),2026-09-05,LATEST_HISTORY_PROXY,PROXY,CURRENT_HISTORY_ONLY_NO_VINTAGE,false,true,true
1968-09-30,1968-09,9.858921,9.858921,指数2015=100,M,WAGE_MFG_HOURLY_FRED,FRED(OECD转载厚劳省),VALIDATED_MIRROR,,2026-03起水平断点;valid_to=2026-02(direct_model_use=false),2026-09-05,LATEST_HISTORY_PROXY,PROXY,CURRENT_HISTORY_ONLY_NO_VINTAGE,false,true,true
1968-10-31,1968-10,9.958507,9.958507,指数2015=100,M,WAGE_MFG_HOURLY_FRED,FRED(OECD转载厚劳省),VALIDATED_MIRROR,,2026-03起水平断点;valid_to=2026-02(direct_model_use=false),2026-09-05,LATEST_HISTORY_PROXY,PROXY,CURRENT_HISTORY_ONLY_NO_VINTAGE,false,true,true
1968-11-30,1968-11,10.25726,10.25726,指数2015=100,M,WAGE_MFG_HOURLY_FRED,FRED(OECD转载厚劳省),VALIDATED_MIRROR,,2026-03起水平断点;valid_to=2026-02(direct_model_use=false),2026-09-05,LATEST_HISTORY_PROXY,PROXY,CURRENT_HISTORY_ONLY_NO_VINTAGE,false,true,true
1968-12-31,1968-12,26.78838,26.78838,指数2015=100,M,WAGE_MFG_HOURLY_FRED,FRED(OECD转载厚劳省),VALIDATED_MIRROR,,2026-03起水平断点;valid_to=2026-02(direct_model_use=false),2026-09-05,LATEST_HISTORY_PROXY,PROXY,CURRENT_HISTORY_ONLY_NO_VINTAGE,false,true,true
1969-01-31,1969-01,10.15768,10.15768,指数2015=100,M,WAGE_MFG_HOURLY_FRED,FRED(OECD转载厚劳省),VALIDATED_MIRROR,,2026-03起水平断点;valid_to=2026-02(direct_model_use=false),2026-09-05,LATEST_HISTORY_PROXY,PROXY,CURRENT_HISTORY_ONLY_NO_VINTAGE,false,true,true
1969-02-28,1969-02,10.05809,10.05809,指数2015=100,M,WAGE_MFG_HOURLY_FRED,FRED(OECD转载厚劳省),VALIDATED_MIRROR,,2026-03起水平断点;valid_to=2026-02(direct_model_use=false),2026-09-05,LATEST_HISTORY_PROXY,PROXY,CURRENT_HISTORY_ONLY_NO_VINTAGE,false,true,true
1969-03-31,1969-03,10.15768,10.15768,指数2015=100,M,WAGE_MFG_HOURLY_FRED,FRED(OECD转载厚劳省),VALIDATED_MIRROR,,2026-03起水平断点;valid_to=2026-02(direct_model_use=false),2026-09-05,LATEST_HISTORY_PROXY,PROXY,CURRENT_HISTORY_ONLY_NO_VINTAGE,false,true,true
1969-04-30,1969-04,10.35685,10.35685,指数2015=100,M,WAGE_MFG_HOURLY_FRED,FRED(OECD转载厚劳省),VALIDATED_MIRROR,,2026-03起水平断点;valid_to=2026-02(direct_model_use=false),2026-09-05,LATEST_HISTORY_PROXY,PROXY,CURRENT_HISTORY_ONLY_NO_VINTAGE,false,true,true
1969-05-31,1969-05,10.85477,10.85477,指数2015=100,M,WAGE_MFG_HOURLY_FRED,FRED(OECD转载厚劳省),VALIDATED_MIRROR,,2026-03起水平断点;valid_to=2026-02(direct_model_use=false),2026-09-05,LATEST_HISTORY_PROXY,PROXY,CURRENT_HISTORY_ONLY_NO_VINTAGE,false,true,true
1969-06-30,1969-06,17.12863,17.12863,指数2015=100,M,WAGE_MFG_HOURLY_FRED,FRED(OECD转载厚劳省),VALIDATED_MIRROR,,2026-03起水平断点;valid_to=2026-02(direct_model_use=false),2026-09-05,LATEST_HISTORY_PROXY,PROXY,CURRENT_HISTORY_ONLY_NO_VINTAGE,false,true,true
1969-07-31,1969-07,21.21162,21.21162,指数2015=100,M,WAGE_MFG_HOURLY_FRED,FRED(OECD转载厚劳省),VALIDATED_MIRROR,,2026-03起水平断点;valid_to=2026-02(direct_model_use=false),2026-09-05,LATEST_HISTORY_PROXY,PROXY,CURRENT_HISTORY_ONLY_NO_VINTAGE,false,true,true
1969-08-31,1969-08,12.14938,12.14938,指数2015=100,M,WAGE_MFG_HOURLY_FRED,FRED(OECD转载厚劳省),VALIDATED_MIRROR,,2026-03起水平断点;valid_to=2026-02(direct_model_use=false),2026-09-05,LATEST_HISTORY_PROXY,PROXY,CURRENT_HISTORY_ONLY_NO_VINTAGE,false,true,true
1969-09-30,1969-09,11.3527,11.3527,指数2015=100,M,WAGE_MFG_HOURLY_FRED,FRED(OECD转载厚劳省),VALIDATED_MIRROR,,2026-03起水平断点;valid_to=2026-02(direct_model_use=false),2026-09-05,LATEST_HISTORY_PROXY,PROXY,CURRENT_HISTORY_ONLY_NO_VINTAGE,false,true,true
1969-10-31,1969-10,11.25311,11.25311,指数2015=100,M,WAGE_MFG_HOURLY_FRED,FRED(OECD转载厚劳省),VALIDATED_MIRROR,,2026-03起水平断点;valid_to=2026-02(direct_model_use=false),2026-09-05,LATEST_HISTORY_PROXY,PROXY,CURRENT_HISTORY_ONLY_NO_VINTAGE,false,true,true
1969-11-30,1969-11,11.75104,11.75104,指数2015=100,M,WAGE_MFG_HOURLY_FRED,FRED(OECD转载厚劳省),VALIDATED_MIRROR,,2026-03起水平断点;valid_to=2026-02(direct_model_use=false),2026-09-05,LATEST_HISTORY_PROXY,PROXY,CURRENT_HISTORY_ONLY_NO_VINTAGE,false,true,true
1969-12-31,1969-12,32.36515,32.36515,指数2015=100,M,WAGE_MFG_HOURLY_FRED,FRED(OECD转载厚劳省),VALIDATED_MIRROR,,2026-03起水平断点;valid_to=2026-02(direct_model_use=false),2026-09-05,LATEST_HISTORY_PROXY,PROXY,CURRENT_HISTORY_ONLY_NO_VINTAGE,false,true,true
1970-01-31,1970-01,11.65145,11.65145,指数2015=100,M,WAGE_MFG_HOURLY_FRED,FRED(OECD转载厚劳省),VALIDATED_MIRROR,,2026-03起水平断点;valid_to=2026-02(direct_model_use=false),2026-09-05,LATEST_HISTORY_PROXY,PROXY,CURRENT_HISTORY_ONLY_NO_VINTAGE,false,true,true
1970-02-28,1970-02,11.65145,11.65145,指数2015=100,M,WAGE_MFG_HOURLY_FRED,FRED(OECD转载厚劳省),VALIDATED_MIRROR,,2026-03起水平断点;valid_to=2026-02(direct_model_use=false),2026-09-05,LATEST_HISTORY_PROXY,PROXY,CURRENT_HISTORY_ONLY_NO_VINTAGE,false,true,true
1970-03-31,1970-03,11.75104,11.75104,指数2015=100,M,WAGE_MFG_HOURLY_FRED,FRED(OECD转载厚劳省),VALIDATED_MIRROR,,2026-03起水平断点;valid_to=2026-02(direct_model_use=false),2026-09-05,LATEST_HISTORY_PROXY,PROXY,CURRENT_HISTORY_ONLY_NO_VINTAGE,false,true,true
1970-04-30,1970-04,12.14938,12.14938,指数2015=100,M,WAGE_MFG_HOURLY_FRED,FRED(OECD转载厚劳省),VALIDATED_MIRROR,,2026-03起水平断点;valid_to=2026-02(direct_model_use=false),2026-09-05,LATEST_HISTORY_PROXY,PROXY,CURRENT_HISTORY_ONLY_NO_VINTAGE,false,true,true
1970-05-31,1970-05,12.94606,12.94606,指数2015=100,M,WAGE_MFG_HOURLY_FRED,FRED(OECD转载厚劳省),VALIDATED_MIRROR,,2026-03起水平断点;valid_to=2026-02(direct_model_use=false),2026-09-05,LATEST_HISTORY_PROXY,PROXY,CURRENT_HISTORY_ONLY_NO_VINTAGE,false,true,true
1970-06-30,1970-06,20.0166,20.0166,指数2015=100,M,WAGE_MFG_HOURLY_FRED,FRED(OECD转载厚劳省),VALIDATED_MIRROR,,2026-03起水平断点;valid_to=2026-02(direct_model_use=false),2026-09-05,LATEST_HISTORY_PROXY,PROXY,CURRENT_HISTORY_ONLY_NO_VINTAGE,false,true,true
1970-07-31,1970-07,25.19502,25.19502,指数2015=100,M,WAGE_MFG_HOURLY_FRED,FRED(OECD转载厚劳省),VALIDATED_MIRROR,,2026-03起水平断点;valid_to=2026-02(direct_model_use=false),2026-09-05,LATEST_HISTORY_PROXY,PROXY,CURRENT_HISTORY_ONLY_NO_VINTAGE,false,true,true
1970-08-31,1970-08,14.93776,14.93776,指数2015=100,M,WAGE_MFG_HOURLY_FRED,FRED(OECD转载厚劳省),VALIDATED_MIRROR,,2026-03起水平断点;valid_to=2026-02(direct_model_use=false),2026-09-05,LATEST_HISTORY_PROXY,PROXY,CURRENT_HISTORY_ONLY_NO_VINTAGE,false,true,true
1970-09-30,1970-09,13.3444,13.3444,指数2015=100,M,WAGE_MFG_HOURLY_FRED,FRED(OECD转载厚劳省),VALIDATED_MIRROR,,2026-03起水平断点;valid_to=2026-02(direct_model_use=false),2026-09-05,LATEST_HISTORY_PROXY,PROXY,CURRENT_HISTORY_ONLY_NO_VINTAGE,false,true,true
1970-10-31,1970-10,13.3444,13.3444,指数2015=100,M,WAGE_MFG_HOURLY_FRED,FRED(OECD转载厚劳省),VALIDATED_MIRROR,,2026-03起水平断点;valid_to=2026-02(direct_model_use=false),2026-09-05,LATEST_HISTORY_PROXY,PROXY,CURRENT_HISTORY_ONLY_NO_VINTAGE,false,true,true
1970-11-30,1970-11,13.84232,13.84232,指数2015=100,M,WAGE_MFG_HOURLY_FRED,FRED(OECD转载厚劳省),VALIDATED_MIRROR,,2026-03起水平断点;valid_to=2026-02(direct_model_use=false),2026-09-05,LATEST_HISTORY_PROXY,PROXY,CURRENT_HISTORY_ONLY_NO_VINTAGE,false,true,true
1970-12-31,1970-12,38.14108,38.14108,指数2015=100,M,WAGE_MFG_HOURLY_FRED,FRED(OECD转载厚劳省),VALIDATED_MIRROR,,2026-03起水平断点;valid_to=2026-02(direct_model_use=false),2026-09-05,LATEST_HISTORY_PROXY,PROXY,CURRENT_HISTORY_ONLY_NO_VINTAGE,false,true,true
1971-01-31,1971-01,13.84232,13.84232,指数2015=100,M,WAGE_MFG_HOURLY_FRED,FRED(OECD转载厚劳省),VALIDATED_MIRROR,,2026-03起水平断点;valid_to=2026-02(direct_model_use=false),2026-09-05,LATEST_HISTORY_PROXY,PROXY,CURRENT_HISTORY_ONLY_NO_VINTAGE,false,true,true
1971-02-28,1971-02,13.44398,13.44398,指数2015=100,M,WAGE_MFG_HOURLY_FRED,FRED(OECD转载厚劳省),VALIDATED_MIRROR,,2026-03起水平断点;valid_to=2026-02(direct_model_use=false),2026-09-05,LATEST_HISTORY_PROXY,PROXY,CURRENT_HISTORY_ONLY_NO_VINTAGE,false,true,true
1971-03-31,1971-03,13.44398,13.44398,指数2015=100,M,WAGE_MFG_HOURLY_FRED,FRED(OECD转载厚劳省),VALIDATED_MIRROR,,2026-03起水平断点;valid_to=2026-02(direct_model_use=false),2026-09-05,LATEST_HISTORY_PROXY,PROXY,CURRENT_HISTORY_ONLY_NO_VINTAGE,false,true,true
1971-04-30,1971-04,13.74274,13.74274,指数2015=100,M,WAGE_MFG_HOURLY_FRED,FRED(OECD转载厚劳省),VALIDATED_MIRROR,,2026-03起水平断点;valid_to=2026-02(direct_model_use=false),2026-09-05,LATEST_HISTORY_PROXY,PROXY,CURRENT_HISTORY_ONLY_NO_VINTAGE,false,true,true
1971-05-31,1971-05,14.24066,14.24066,指数2015=100,M,WAGE_MFG_HOURLY_FRED,FRED(OECD转载厚劳省),VALIDATED_MIRROR,,2026-03起水平断点;valid_to=2026-02(direct_model_use=false),2026-09-05,LATEST_HISTORY_PROXY,PROXY,CURRENT_HISTORY_ONLY_NO_VINTAGE,false,true,true
1971-06-30,1971-06,23.40249,23.40249,指数2015=100,M,WAGE_MFG_HOURLY_FRED,FRED(OECD转载厚劳省),VALIDATED_MIRROR,,2026-03起水平断点;valid_to=2026-02(direct_model_use=false),2026-09-05,LATEST_HISTORY_PROXY,PROXY,CURRENT_HISTORY_ONLY_NO_VINTAGE,false,true,true
1971-07-31,1971-07,28.87967,28.87967,指数2015=100,M,WAGE_MFG_HOURLY_FRED,FRED(OECD转载厚劳省),VALIDATED_MIRROR,,2026-03起水平断点;valid_to=2026-02(direct_model_use=false),2026-09-05,LATEST_HISTORY_PROXY,PROXY,CURRENT_HISTORY_ONLY_NO_VINTAGE,false,true,true
1971-08-31,1971-08,17.02905,17.02905,指数2015=100,M,WAGE_MFG_HOURLY_FRED,FRED(OECD转载厚劳省),VALIDATED_MIRROR,,2026-03起水平断点;valid_to=2026-02(direct_model_use=false),2026-09-05,LATEST_HISTORY_PROXY,PROXY,CURRENT_HISTORY_ONLY_NO_VINTAGE,false,true,true
1971-09-30,1971-09,15.23651,15.23651,指数2015=100,M,WAGE_MFG_HOURLY_FRED,FRED(OECD转载厚劳省),VALIDATED_MIRROR,,2026-03起水平断点;valid_to=2026-02(direct_model_use=false),2026-09-05,LATEST_HISTORY_PROXY,PROXY,CURRENT_HISTORY_ONLY_NO_VINTAGE,false,true,true
1971-10-31,1971-10,15.03734,15.03734,指数2015=100,M,WAGE_MFG_HOURLY_FRED,FRED(OECD转载厚劳省),VALIDATED_MIRROR,,2026-03起水平断点;valid_to=2026-02(direct_model_use=false),2026-09-05,LATEST_HISTORY_PROXY,PROXY,CURRENT_HISTORY_ONLY_NO_VINTAGE,false,true,true
1971-11-30,1971-11,15.73444,15.73444,指数2015=100,M,WAGE_MFG_HOURLY_FRED,FRED(OECD转载厚劳省),VALIDATED_MIRROR,,2026-03起水平断点;valid_to=2026-02(direct_model_use=false),2026-09-05,LATEST_HISTORY_PROXY,PROXY,CURRENT_HISTORY_ONLY_NO_VINTAGE,false,true,true
1971-12-31,1971-12,41.82573,41.82573,指数2015=100,M,WAGE_MFG_HOURLY_FRED,FRED(OECD转载厚劳省),VALIDATED_MIRROR,,2026-03起水平断点;valid_to=2026-02(direct_model_use=false),2026-09-05,LATEST_HISTORY_PROXY,PROXY,CURRENT_HISTORY_ONLY_NO_VINTAGE,false,true,true
1972-01-31,1972-01,15.83402,15.83402,指数2015=100,M,WAGE_MFG_HOURLY_FRED,FRED(OECD转载厚劳省),VALIDATED_MIRROR,,2026-03起水平断点;valid_to=2026-02(direct_model_use=false),2026-09-05,LATEST_HISTORY_PROXY,PROXY,CURRENT_HISTORY_ONLY_NO_VINTAGE,false,true,true
1972-02-29,1972-02,15.43568,15.43568,指数2015=100,M,WAGE_MFG_HOURLY_FRED,FRED(OECD转载厚劳省),VALIDATED_MIRROR,,2026-03起水平断点;valid_to=2026-02(direct_model_use=false),2026-09-05,LATEST_HISTORY_PROXY,PROXY,CURRENT_HISTORY_ONLY_NO_VINTAGE,false,true,true
1972-03-31,1972-03,15.53527,15.53527,指数2015=100,M,WAGE_MFG_HOURLY_FRED,FRED(OECD转载厚劳省),VALIDATED_MIRROR,,2026-03起水平断点;valid_to=2026-02(direct_model_use=false),2026-09-05,LATEST_HISTORY_PROXY,PROXY,CURRENT_HISTORY_ONLY_NO_VINTAGE,false,true,true
1972-04-30,1972-04,15.83402,15.83402,指数2015=100,M,WAGE_MFG_HOURLY_FRED,FRED(OECD转载厚劳省),VALIDATED_MIRROR,,2026-03起水平断点;valid_to=2026-02(direct_model_use=false),2026-09-05,LATEST_HISTORY_PROXY,PROXY,CURRENT_HISTORY_ONLY_NO_VINTAGE,false,true,true
1972-05-31,1972-05,16.73029,16.73029,指数2015=100,M,WAGE_MFG_HOURLY_FRED,FRED(OECD转载厚劳省),VALIDATED_MIRROR,,2026-03起水平断点;valid_to=2026-02(direct_model_use=false),2026-09-05,LATEST_HISTORY_PROXY,PROXY,CURRENT_HISTORY_ONLY_NO_VINTAGE,false,true,true
1972-06-30,1972-06,26.78838,26.78838,指数2015=100,M,WAGE_MFG_HOURLY_FRED,FRED(OECD转载厚劳省),VALIDATED_MIRROR,,2026-03起水平断点;valid_to=2026-02(direct_model_use=false),2026-09-05,LATEST_HISTORY_PROXY,PROXY,CURRENT_HISTORY_ONLY_NO_VINTAGE,false,true,true
1972-07-31,1972-07,32.6639,32.6639,指数2015=100,M,WAGE_MFG_HOURLY_FRED,FRED(OECD转载厚劳省),VALIDATED_MIRROR,,2026-03起水平断点;valid_to=2026-02(direct_model_use=false),2026-09-05,LATEST_HISTORY_PROXY,PROXY,CURRENT_HISTORY_ONLY_NO_VINTAGE,false,true,true
1972-08-31,1972-08,19.02075,19.02075,指数2015=100,M,WAGE_MFG_HOURLY_FRED,FRED(OECD转载厚劳省),VALIDATED_MIRROR,,2026-03起水平断点;valid_to=2026-02(direct_model_use=false),2026-09-05,LATEST_HISTORY_PROXY,PROXY,CURRENT_HISTORY_ONLY_NO_VINTAGE,false,true,true
1972-09-30,1972-09,17.52697,17.52697,指数2015=100,M,WAGE_MFG_HOURLY_FRED,FRED(OECD转载厚劳省),VALIDATED_MIRROR,,2026-03起水平断点;valid_to=2026-02(direct_model_use=false),2026-09-05,LATEST_HISTORY_PROXY,PROXY,CURRENT_HISTORY_ONLY_NO_VINTAGE,false,true,true
1972-10-31,1972-10,17.52697,17.52697,指数2015=100,M,WAGE_MFG_HOURLY_FRED,FRED(OECD转载厚劳省),VALIDATED_MIRROR,,2026-03起水平断点;valid_to=2026-02(direct_model_use=false),2026-09-05,LATEST_HISTORY_PROXY,PROXY,CURRENT_HISTORY_ONLY_NO_VINTAGE,false,true,true
1972-11-30,1972-11,18.42324,18.42324,指数2015=100,M,WAGE_MFG_HOURLY_FRED,FRED(OECD转载厚劳省),VALIDATED_MIRROR,,2026-03起水平断点;valid_to=2026-02(direct_model_use=false),2026-09-05,LATEST_HISTORY_PROXY,PROXY,CURRENT_HISTORY_ONLY_NO_VINTAGE,false,true,true
1972-12-31,1972-12,50.19087,50.19087,指数2015=100,M,WAGE_MFG_HOURLY_FRED,FRED(OECD转载厚劳省),VALIDATED_MIRROR,,2026-03起水平断点;valid_to=2026-02(direct_model_use=false),2026-09-05,LATEST_HISTORY_PROXY,PROXY,CURRENT_HISTORY_ONLY_NO_VINTAGE,false,true,true
1973-01-31,1973-01,18.42324,18.42324,指数2015=100,M,WAGE_MFG_HOURLY_FRED,FRED(OECD转载厚劳省),VALIDATED_MIRROR,,2026-03起水平断点;valid_to=2026-02(direct_model_use=false),2026-09-05,LATEST_HISTORY_PROXY,PROXY,CURRENT_HISTORY_ONLY_NO_VINTAGE,false,true,true
1973-02-28,1973-02,17.92531,17.92531,指数2015=100,M,WAGE_MFG_HOURLY_FRED,FRED(OECD转载厚劳省),VALIDATED_MIRROR,,2026-03起水平断点;valid_to=2026-02(direct_model_use=false),2026-09-05,LATEST_HISTORY_PROXY,PROXY,CURRENT_HISTORY_ONLY_NO_VINTAGE,false,true,true
1973-03-31,1973-03,18.32365,18.32365,指数2015=100,M,WAGE_MFG_HOURLY_FRED,FRED(OECD转载厚劳省),VALIDATED_MIRROR,,2026-03起水平断点;valid_to=2026-02(direct_model_use=false),2026-09-05,LATEST_HISTORY_PROXY,PROXY,CURRENT_HISTORY_ONLY_NO_VINTAGE,false,true,true
1973-04-30,1973-04,18.72199,18.72199,指数2015=100,M,WAGE_MFG_HOURLY_FRED,FRED(OECD转载厚劳省),VALIDATED_MIRROR,,2026-03起水平断点;valid_to=2026-02(direct_model_use=false),2026-09-05,LATEST_HISTORY_PROXY,PROXY,CURRENT_HISTORY_ONLY_NO_VINTAGE,false,true,true
1973-05-31,1973-05,20.51452,20.51452,指数2015=100,M,WAGE_MFG_HOURLY_FRED,FRED(OECD转载厚劳省),VALIDATED_MIRROR,,2026-03起水平断点;valid_to=2026-02(direct_model_use=false),2026-09-05,LATEST_HISTORY_PROXY,PROXY,CURRENT_HISTORY_ONLY_NO_VINTAGE,false,true,true
1973-06-30,1973-06,32.96265,32.96265,指数2015=100,M,WAGE_MFG_HOURLY_FRED,FRED(OECD转载厚劳省),VALIDATED_MIRROR,,2026-03起水平断点;valid_to=2026-02(direct_model_use=false),2026-09-05,LATEST_HISTORY_PROXY,PROXY,CURRENT_HISTORY_ONLY_NO_VINTAGE,false,true,true
1973-07-31,1973-07,40.63071,40.63071,指数2015=100,M,WAGE_MFG_HOURLY_FRED,FRED(OECD转载厚劳省),VALIDATED_MIRROR,,2026-03起水平断点;valid_to=2026-02(direct_model_use=false),2026-09-05,LATEST_HISTORY_PROXY,PROXY,CURRENT_HISTORY_ONLY_NO_VINTAGE,false,true,true
1973-08-31,1973-08,22.80498,22.80498,指数2015=100,M,WAGE_MFG_HOURLY_FRED,FRED(OECD转载厚劳省),VALIDATED_MIRROR,,2026-03起水平断点;valid_to=2026-02(direct_model_use=false),2026-09-05,LATEST_HISTORY_PROXY,PROXY,CURRENT_HISTORY_ONLY_NO_VINTAGE,false,true,true
1973-09-30,1973-09,21.11203,21.11203,指数2015=100,M,WAGE_MFG_HOURLY_FRED,FRED(OECD转载厚劳省),VALIDATED_MIRROR,,2026-03起水平断点;valid_to=2026-02(direct_model_use=false),2026-09-05,LATEST_HISTORY_PROXY,PROXY,CURRENT_HISTORY_ONLY_NO_VINTAGE,false,true,true
1973-10-31,1973-10,21.21162,21.21162,指数2015=100,M,WAGE_MFG_HOURLY_FRED,FRED(OECD转载厚劳省),VALIDATED_MIRROR,,2026-03起水平断点;valid_to=2026-02(direct_model_use=false),2026-09-05,LATEST_HISTORY_PROXY,PROXY,CURRENT_HISTORY_ONLY_NO_VINTAGE,false,true,true
1973-11-30,1973-11,22.50622,22.50622,指数2015=100,M,WAGE_MFG_HOURLY_FRED,FRED(OECD转载厚劳省),VALIDATED_MIRROR,,2026-03起水平断点;valid_to=2026-02(direct_model_use=false),2026-09-05,LATEST_HISTORY_PROXY,PROXY,CURRENT_HISTORY_ONLY_NO_VINTAGE,false,true,true
1973-12-31,1973-12,67.61826,67.61826,指数2015=100,M,WAGE_MFG_HOURLY_FRED,FRED(OECD转载厚劳省),VALIDATED_MIRROR,,2026-03起水平断点;valid_to=2026-02(direct_model_use=false),2026-09-05,LATEST_HISTORY_PROXY,PROXY,CURRENT_HISTORY_ONLY_NO_VINTAGE,false,true,true
1974-01-31,1974-01,21.51037,21.51037,指数2015=100,M,WAGE_MFG_HOURLY_FRED,FRED(OECD转载厚劳省),VALIDATED_MIRROR,,2026-03起水平断点;valid_to=2026-02(direct_model_use=false),2026-09-05,LATEST_HISTORY_PROXY,PROXY,CURRENT_HISTORY_ONLY_NO_VINTAGE,false,true,true
1974-02-28,1974-02,21.3112,21.3112,指数2015=100,M,WAGE_MFG_HOURLY_FRED,FRED(OECD转载厚劳省),VALIDATED_MIRROR,,2026-03起水平断点;valid_to=2026-02(direct_model_use=false),2026-09-05,LATEST_HISTORY_PROXY,PROXY,CURRENT_HISTORY_ONLY_NO_VINTAGE,false,true,true
1974-03-31,1974-03,21.70954,21.70954,指数2015=100,M,WAGE_MFG_HOURLY_FRED,FRED(OECD转载厚劳省),VALIDATED_MIRROR,,2026-03起水平断点;valid_to=2026-02(direct_model_use=false),2026-09-05,LATEST_HISTORY_PROXY,PROXY,CURRENT_HISTORY_ONLY_NO_VINTAGE,false,true,true
1974-04-30,1974-04,23.10373,23.10373,指数2015=100,M,WAGE_MFG_HOURLY_FRED,FRED(OECD转载厚劳省),VALIDATED_MIRROR,,2026-03起水平断点;valid_to=2026-02(direct_model_use=false),2026-09-05,LATEST_HISTORY_PROXY,PROXY,CURRENT_HISTORY_ONLY_NO_VINTAGE,false,true,true
1974-05-31,1974-05,27.48548,27.48548,指数2015=100,M,WAGE_MFG_HOURLY_FRED,FRED(OECD转载厚劳省),VALIDATED_MIRROR,,2026-03起水平断点;valid_to=2026-02(direct_model_use=false),2026-09-05,LATEST_HISTORY_PROXY,PROXY,CURRENT_HISTORY_ONLY_NO_VINTAGE,false,true,true
1974-06-30,1974-06,43.3195,43.3195,指数2015=100,M,WAGE_MFG_HOURLY_FRED,FRED(OECD转载厚劳省),VALIDATED_MIRROR,,2026-03起水平断点;valid_to=2026-02(direct_model_use=false),2026-09-05,LATEST_HISTORY_PROXY,PROXY,CURRENT_HISTORY_ONLY_NO_VINTAGE,false,true,true
1974-07-31,1974-07,55.9668,55.9668,指数2015=100,M,WAGE_MFG_HOURLY_FRED,FRED(OECD转载厚劳省),VALIDATED_MIRROR,,2026-03起水平断点;valid_to=2026-02(direct_model_use=false),2026-09-05,LATEST_HISTORY_PROXY,PROXY,CURRENT_HISTORY_ONLY_NO_VINTAGE,false,true,true
1974-08-31,1974-08,30.07469,30.07469,指数2015=100,M,WAGE_MFG_HOURLY_FRED,FRED(OECD转载厚劳省),VALIDATED_MIRROR,,2026-03起水平断点;valid_to=2026-02(direct_model_use=false),2026-09-05,LATEST_HISTORY_PROXY,PROXY,CURRENT_HISTORY_ONLY_NO_VINTAGE,false,true,true
1974-09-30,1974-09,26.58921,26.58921,指数2015=100,M,WAGE_MFG_HOURLY_FRED,FRED(OECD转载厚劳省),VALIDATED_MIRROR,,2026-03起水平断点;valid_to=2026-02(direct_model_use=false),2026-09-05,LATEST_HISTORY_PROXY,PROXY,CURRENT_HISTORY_ONLY_NO_VINTAGE,false,true,true
1974-10-31,1974-10,26.48963,26.48963,指数2015=100,M,WAGE_MFG_HOURLY_FRED,FRED(OECD转载厚劳省),VALIDATED_MIRROR,,2026-03起水平断点;valid_to=2026-02(direct_model_use=false),2026-09-05,LATEST_HISTORY_PROXY,PROXY,CURRENT_HISTORY_ONLY_NO_VINTAGE,false,true,true
1974-11-30,1974-11,28.18257,28.18257,指数2015=100,M,WAGE_MFG_HOURLY_FRED,FRED(OECD转载厚劳省),VALIDATED_MIRROR,,2026-03起水平断点;valid_to=2026-02(direct_model_use=false),2026-09-05,LATEST_HISTORY_PROXY,PROXY,CURRENT_HISTORY_ONLY_NO_VINTAGE,false,true,true
1974-12-31,1974-12,81.56017,81.56017,指数2015=100,M,WAGE_MFG_HOURLY_FRED,FRED(OECD转载厚劳省),VALIDATED_MIRROR,,2026-03起水平断点;valid_to=2026-02(direct_model_use=false),2026-09-05,LATEST_HISTORY_PROXY,PROXY,CURRENT_HISTORY_ONLY_NO_VINTAGE,false,true,true
1975-01-31,1975-01,27.68465,27.68465,指数2015=100,M,WAGE_MFG_HOURLY_FRED,FRED(OECD转载厚劳省),VALIDATED_MIRROR,,2026-03起水平断点;valid_to=2026-02(direct_model_use=false),2026-09-05,LATEST_HISTORY_PROXY,PROXY,CURRENT_HISTORY_ONLY_NO_VINTAGE,false,true,true
1975-02-28,1975-02,26.48963,26.48963,指数2015=100,M,WAGE_MFG_HOURLY_FRED,FRED(OECD转载厚劳省),VALIDATED_MIRROR,,2026-03起水平断点;valid_to=2026-02(direct_model_use=false),2026-09-05,LATEST_HISTORY_PROXY,PROXY,CURRENT_HISTORY_ONLY_NO_VINTAGE,false,true,true
1975-03-31,1975-03,26.98755,26.98755,指数2015=100,M,WAGE_MFG_HOURLY_FRED,FRED(OECD转载厚劳省),VALIDATED_MIRROR,,2026-03起水平断点;valid_to=2026-02(direct_model_use=false),2026-09-05,LATEST_HISTORY_PROXY,PROXY,CURRENT_HISTORY_ONLY_NO_VINTAGE,false,true,true
1975-04-30,1975-04,27.18672,27.18672,指数2015=100,M,WAGE_MFG_HOURLY_FRED,FRED(OECD转载厚劳省),VALIDATED_MIRROR,,2026-03起水平断点;valid_to=2026-02(direct_model_use=false),2026-09-05,LATEST_HISTORY_PROXY,PROXY,CURRENT_HISTORY_ONLY_NO_VINTAGE,false,true,true
1975-05-31,1975-05,28.48133,28.48133,指数2015=100,M,WAGE_MFG_HOURLY_FRED,FRED(OECD转载厚劳省),VALIDATED_MIRROR,,2026-03起水平断点;valid_to=2026-02(direct_model_use=false),2026-09-05,LATEST_HISTORY_PROXY,PROXY,CURRENT_HISTORY_ONLY_NO_VINTAGE,false,true,true
1975-06-30,1975-06,43.41909,43.41909,指数2015=100,M,WAGE_MFG_HOURLY_FRED,FRED(OECD转载厚劳省),VALIDATED_MIRROR,,2026-03起水平断点;valid_to=2026-02(direct_model_use=false),2026-09-05,LATEST_HISTORY_PROXY,PROXY,CURRENT_HISTORY_ONLY_NO_VINTAGE,false,true,true
1975-07-31,1975-07,63.63485,63.63485,指数2015=100,M,WAGE_MFG_HOURLY_FRED,FRED(OECD转载厚劳省),VALIDATED_MIRROR,,2026-03起水平断点;valid_to=2026-02(direct_model_use=false),2026-09-05,LATEST_HISTORY_PROXY,PROXY,CURRENT_HISTORY_ONLY_NO_VINTAGE,false,true,true
1975-08-31,1975-08,32.96265,32.96265,指数2015=100,M,WAGE_MFG_HOURLY_FRED,FRED(OECD转载厚劳省),VALIDATED_MIRROR,,2026-03起水平断点;valid_to=2026-02(direct_model_use=false),2026-09-05,LATEST_HISTORY_PROXY,PROXY,CURRENT_HISTORY_ONLY_NO_VINTAGE,false,true,true
1975-09-30,1975-09,30.07469,30.07469,指数2015=100,M,WAGE_MFG_HOURLY_FRED,FRED(OECD转载厚劳省),VALIDATED_MIRROR,,2026-03起水平断点;valid_to=2026-02(direct_model_use=false),2026-09-05,LATEST_HISTORY_PROXY,PROXY,CURRENT_HISTORY_ONLY_NO_VINTAGE,false,true,true
1975-10-31,1975-10,30.07469,30.07469,指数2015=100,M,WAGE_MFG_HOURLY_FRED,FRED(OECD转载厚劳省),VALIDATED_MIRROR,,2026-03起水平断点;valid_to=2026-02(direct_model_use=false),2026-09-05,LATEST_HISTORY_PROXY,PROXY,CURRENT_HISTORY_ONLY_NO_VINTAGE,false,true,true
1975-11-30,1975-11,30.6722,30.6722,指数2015=100,M,WAGE_MFG_HOURLY_FRED,FRED(OECD转载厚劳省),VALIDATED_MIRROR,,2026-03起水平断点;valid_to=2026-02(direct_model_use=false),2026-09-05,LATEST_HISTORY_PROXY,PROXY,CURRENT_HISTORY_ONLY_NO_VINTAGE,false,true,true
1975-12-31,1975-12,86.34025,86.34025,指数2015=100,M,WAGE_MFG_HOURLY_FRED,FRED(OECD转载厚劳省),VALIDATED_MIRROR,,2026-03起水平断点;valid_to=2026-02(direct_model_use=false),2026-09-05,LATEST_HISTORY_PROXY,PROXY,CURRENT_HISTORY_ONLY_NO_VINTAGE,false,true,true
1976-01-31,1976-01,31.07054,31.07054,指数2015=100,M,WAGE_MFG_HOURLY_FRED,FRED(OECD转载厚劳省),VALIDATED_MIRROR,,2026-03起水平断点;valid_to=2026-02(direct_model_use=false),2026-09-05,LATEST_HISTORY_PROXY,PROXY,CURRENT_HISTORY_ONLY_NO_VINTAGE,false,true,true
1976-02-29,1976-02,30.47303,30.47303,指数2015=100,M,WAGE_MFG_HOURLY_FRED,FRED(OECD转载厚劳省),VALIDATED_MIRROR,,2026-03起水平断点;valid_to=2026-02(direct_model_use=false),2026-09-05,LATEST_HISTORY_PROXY,PROXY,CURRENT_HISTORY_ONLY_NO_VINTAGE,false,true,true
1976-03-31,1976-03,30.77178,30.77178,指数2015=100,M,WAGE_MFG_HOURLY_FRED,FRED(OECD转载厚劳省),VALIDATED_MIRROR,,2026-03起水平断点;valid_to=2026-02(direct_model_use=false),2026-09-05,LATEST_HISTORY_PROXY,PROXY,CURRENT_HISTORY_ONLY_NO_VINTAGE,false,true,true
1976-04-30,1976-04,31.3693,31.3693,指数2015=100,M,WAGE_MFG_HOURLY_FRED,FRED(OECD转载厚劳省),VALIDATED_MIRROR,,2026-03起水平断点;valid_to=2026-02(direct_model_use=false),2026-09-05,LATEST_HISTORY_PROXY,PROXY,CURRENT_HISTORY_ONLY_NO_VINTAGE,false,true,true
1976-05-31,1976-05,32.56432,32.56432,指数2015=100,M,WAGE_MFG_HOURLY_FRED,FRED(OECD转载厚劳省),VALIDATED_MIRROR,,2026-03起水平断点;valid_to=2026-02(direct_model_use=false),2026-09-05,LATEST_HISTORY_PROXY,PROXY,CURRENT_HISTORY_ONLY_NO_VINTAGE,false,true,true
1976-06-30,1976-06,48.59751,48.59751,指数2015=100,M,WAGE_MFG_HOURLY_FRED,FRED(OECD转载厚劳省),VALIDATED_MIRROR,,2026-03起水平断点;valid_to=2026-02(direct_model_use=false),2026-09-05,LATEST_HISTORY_PROXY,PROXY,CURRENT_HISTORY_ONLY_NO_VINTAGE,false,true,true
1976-07-31,1976-07,69.51038,69.51038,指数2015=100,M,WAGE_MFG_HOURLY_FRED,FRED(OECD转载厚劳省),VALIDATED_MIRROR,,2026-03起水平断点;valid_to=2026-02(direct_model_use=false),2026-09-05,LATEST_HISTORY_PROXY,PROXY,CURRENT_HISTORY_ONLY_NO_VINTAGE,false,true,true
1976-08-31,1976-08,37.14523,37.14523,指数2015=100,M,WAGE_MFG_HOURLY_FRED,FRED(OECD转载厚劳省),VALIDATED_MIRROR,,2026-03起水平断点;valid_to=2026-02(direct_model_use=false),2026-09-05,LATEST_HISTORY_PROXY,PROXY,CURRENT_HISTORY_ONLY_NO_VINTAGE,false,true,true
1976-09-30,1976-09,33.26141,33.26141,指数2015=100,M,WAGE_MFG_HOURLY_FRED,FRED(OECD转载厚劳省),VALIDATED_MIRROR,,2026-03起水平断点;valid_to=2026-02(direct_model_use=false),2026-09-05,LATEST_HISTORY_PROXY,PROXY,CURRENT_HISTORY_ONLY_NO_VINTAGE,false,true,true
1976-10-31,1976-10,33.56017,33.56017,指数2015=100,M,WAGE_MFG_HOURLY_FRED,FRED(OECD转载厚劳省),VALIDATED_MIRROR,,2026-03起水平断点;valid_to=2026-02(direct_model_use=false),2026-09-05,LATEST_HISTORY_PROXY,PROXY,CURRENT_HISTORY_ONLY_NO_VINTAGE,false,true,true
1976-11-30,1976-11,34.35685,34.35685,指数2015=100,M,WAGE_MFG_HOURLY_FRED,FRED(OECD转载厚劳省),VALIDATED_MIRROR,,2026-03起水平断点;valid_to=2026-02(direct_model_use=false),2026-09-05,LATEST_HISTORY_PROXY,PROXY,CURRENT_HISTORY_ONLY_NO_VINTAGE,false,true,true
1976-12-31,1976-12,96.59751,96.59751,指数2015=100,M,WAGE_MFG_HOURLY_FRED,FRED(OECD转载厚劳省),VALIDATED_MIRROR,,2026-03起水平断点;valid_to=2026-02(direct_model_use=false),2026-09-05,LATEST_HISTORY_PROXY,PROXY,CURRENT_HISTORY_ONLY_NO_VINTAGE,false,true,true
1977-01-31,1977-01,34.35685,34.35685,指数2015=100,M,WAGE_MFG_HOURLY_FRED,FRED(OECD转载厚劳省),VALIDATED_MIRROR,,2026-03起水平断点;valid_to=2026-02(direct_model_use=false),2026-09-05,LATEST_HISTORY_PROXY,PROXY,CURRENT_HISTORY_ONLY_NO_VINTAGE,false,true,true
1977-02-28,1977-02,33.26141,33.26141,指数2015=100,M,WAGE_MFG_HOURLY_FRED,FRED(OECD转载厚劳省),VALIDATED_MIRROR,,2026-03起水平断点;valid_to=2026-02(direct_model_use=false),2026-09-05,LATEST_HISTORY_PROXY,PROXY,CURRENT_HISTORY_ONLY_NO_VINTAGE,false,true,true
1977-03-31,1977-03,33.75933,33.75933,指数2015=100,M,WAGE_MFG_HOURLY_FRED,FRED(OECD转载厚劳省),VALIDATED_MIRROR,,2026-03起水平断点;valid_to=2026-02(direct_model_use=false),2026-09-05,LATEST_HISTORY_PROXY,PROXY,CURRENT_HISTORY_ONLY_NO_VINTAGE,false,true,true
1977-04-30,1977-04,34.35685,34.35685,指数2015=100,M,WAGE_MFG_HOURLY_FRED,FRED(OECD转载厚劳省),VALIDATED_MIRROR,,2026-03起水平断点;valid_to=2026-02(direct_model_use=false),2026-09-05,LATEST_HISTORY_PROXY,PROXY,CURRENT_HISTORY_ONLY_NO_VINTAGE,false,true,true
1977-05-31,1977-05,35.95021,35.95021,指数2015=100,M,WAGE_MFG_HOURLY_FRED,FRED(OECD转载厚劳省),VALIDATED_MIRROR,,2026-03起水平断点;valid_to=2026-02(direct_model_use=false),2026-09-05,LATEST_HISTORY_PROXY,PROXY,CURRENT_HISTORY_ONLY_NO_VINTAGE,false,true,true
1977-06-30,1977-06,54.07469,54.07469,指数2015=100,M,WAGE_MFG_HOURLY_FRED,FRED(OECD转载厚劳省),VALIDATED_MIRROR,,2026-03起水平断点;valid_to=2026-02(direct_model_use=false),2026-09-05,LATEST_HISTORY_PROXY,PROXY,CURRENT_HISTORY_ONLY_NO_VINTAGE,false,true,true
1977-07-31,1977-07,74.88797,74.88797,指数2015=100,M,WAGE_MFG_HOURLY_FRED,FRED(OECD转载厚劳省),VALIDATED_MIRROR,,2026-03起水平断点;valid_to=2026-02(direct_model_use=false),2026-09-05,LATEST_HISTORY_PROXY,PROXY,CURRENT_HISTORY_ONLY_NO_VINTAGE,false,true,true
1977-08-31,1977-08,40.0332,40.0332,指数2015=100,M,WAGE_MFG_HOURLY_FRED,FRED(OECD转载厚劳省),VALIDATED_MIRROR,,2026-03起水平断点;valid_to=2026-02(direct_model_use=false),2026-09-05,LATEST_HISTORY_PROXY,PROXY,CURRENT_HISTORY_ONLY_NO_VINTAGE,false,true,true
1977-09-30,1977-09,36.14938,36.14938,指数2015=100,M,WAGE_MFG_HOURLY_FRED,FRED(OECD转载厚劳省),VALIDATED_MIRROR,,2026-03起水平断点;valid_to=2026-02(direct_model_use=false),2026-09-05,LATEST_HISTORY_PROXY,PROXY,CURRENT_HISTORY_ONLY_NO_VINTAGE,false,true,true
1977-10-31,1977-10,36.14938,36.14938,指数2015=100,M,WAGE_MFG_HOURLY_FRED,FRED(OECD转载厚劳省),VALIDATED_MIRROR,,2026-03起水平断点;valid_to=2026-02(direct_model_use=false),2026-09-05,LATEST_HISTORY_PROXY,PROXY,CURRENT_HISTORY_ONLY_NO_VINTAGE,false,true,true
1977-11-30,1977-11,37.24481,37.24481,指数2015=100,M,WAGE_MFG_HOURLY_FRED,FRED(OECD转载厚劳省),VALIDATED_MIRROR,,2026-03起水平断点;valid_to=2026-02(direct_model_use=false),2026-09-05,LATEST_HISTORY_PROXY,PROXY,CURRENT_HISTORY_ONLY_NO_VINTAGE,false,true,true
1977-12-31,1977-12,102.6722,102.6722,指数2015=100,M,WAGE_MFG_HOURLY_FRED,FRED(OECD转载厚劳省),VALIDATED_MIRROR,,2026-03起水平断点;valid_to=2026-02(direct_model_use=false),2026-09-05,LATEST_HISTORY_PROXY,PROXY,CURRENT_HISTORY_ONLY_NO_VINTAGE,false,true,true
1978-01-31,1978-01,37.24481,37.24481,指数2015=100,M,WAGE_MFG_HOURLY_FRED,FRED(OECD转载厚劳省),VALIDATED_MIRROR,,2026-03起水平断点;valid_to=2026-02(direct_model_use=false),2026-09-05,LATEST_HISTORY_PROXY,PROXY,CURRENT_HISTORY_ONLY_NO_VINTAGE,false,true,true
1978-02-28,1978-02,36.14938,36.14938,指数2015=100,M,WAGE_MFG_HOURLY_FRED,FRED(OECD转载厚劳省),VALIDATED_MIRROR,,2026-03起水平断点;valid_to=2026-02(direct_model_use=false),2026-09-05,LATEST_HISTORY_PROXY,PROXY,CURRENT_HISTORY_ONLY_NO_VINTAGE,false,true,true
1978-03-31,1978-03,36.6473,36.6473,指数2015=100,M,WAGE_MFG_HOURLY_FRED,FRED(OECD转载厚劳省),VALIDATED_MIRROR,,2026-03起水平断点;valid_to=2026-02(direct_model_use=false),2026-09-05,LATEST_HISTORY_PROXY,PROXY,CURRENT_HISTORY_ONLY_NO_VINTAGE,false,true,true
1978-04-30,1978-04,37.14523,37.14523,指数2015=100,M,WAGE_MFG_HOURLY_FRED,FRED(OECD转载厚劳省),VALIDATED_MIRROR,,2026-03起水平断点;valid_to=2026-02(direct_model_use=false),2026-09-05,LATEST_HISTORY_PROXY,PROXY,CURRENT_HISTORY_ONLY_NO_VINTAGE,false,true,true
1978-05-31,1978-05,37.84232,37.84232,指数2015=100,M,WAGE_MFG_HOURLY_FRED,FRED(OECD转载厚劳省),VALIDATED_MIRROR,,2026-03起水平断点;valid_to=2026-02(direct_model_use=false),2026-09-05,LATEST_HISTORY_PROXY,PROXY,CURRENT_HISTORY_ONLY_NO_VINTAGE,false,true,true
1978-06-30,1978-06,57.06224,57.06224,指数2015=100,M,WAGE_MFG_HOURLY_FRED,FRED(OECD转载厚劳省),VALIDATED_MIRROR,,2026-03起水平断点;valid_to=2026-02(direct_model_use=false),2026-09-05,LATEST_HISTORY_PROXY,PROXY,CURRENT_HISTORY_ONLY_NO_VINTAGE,false,true,true
1978-07-31,1978-07,78.47303,78.47303,指数2015=100,M,WAGE_MFG_HOURLY_FRED,FRED(OECD转载厚劳省),VALIDATED_MIRROR,,2026-03起水平断点;valid_to=2026-02(direct_model_use=false),2026-09-05,LATEST_HISTORY_PROXY,PROXY,CURRENT_HISTORY_ONLY_NO_VINTAGE,false,true,true
1978-08-31,1978-08,41.52697,41.52697,指数2015=100,M,WAGE_MFG_HOURLY_FRED,FRED(OECD转载厚劳省),VALIDATED_MIRROR,,2026-03起水平断点;valid_to=2026-02(direct_model_use=false),2026-09-05,LATEST_HISTORY_PROXY,PROXY,CURRENT_HISTORY_ONLY_NO_VINTAGE,false,true,true
1978-09-30,1978-09,38.14108,38.14108,指数2015=100,M,WAGE_MFG_HOURLY_FRED,FRED(OECD转载厚劳省),VALIDATED_MIRROR,,2026-03起水平断点;valid_to=2026-02(direct_model_use=false),2026-09-05,LATEST_HISTORY_PROXY,PROXY,CURRENT_HISTORY_ONLY_NO_VINTAGE,false,true,true
1978-10-31,1978-10,38.04149,38.04149,指数2015=100,M,WAGE_MFG_HOURLY_FRED,FRED(OECD转载厚劳省),VALIDATED_MIRROR,,2026-03起水平断点;valid_to=2026-02(direct_model_use=false),2026-09-05,LATEST_HISTORY_PROXY,PROXY,CURRENT_HISTORY_ONLY_NO_VINTAGE,false,true,true
1978-11-30,1978-11,39.73444,39.73444,指数2015=100,M,WAGE_MFG_HOURLY_FRED,FRED(OECD转载厚劳省),VALIDATED_MIRROR,,2026-03起水平断点;valid_to=2026-02(direct_model_use=false),2026-09-05,LATEST_HISTORY_PROXY,PROXY,CURRENT_HISTORY_ONLY_NO_VINTAGE,false,true,true
1978-12-31,1978-12,108.0498,108.0498,指数2015=100,M,WAGE_MFG_HOURLY_FRED,FRED(OECD转载厚劳省),VALIDATED_MIRROR,,2026-03起水平断点;valid_to=2026-02(direct_model_use=false),2026-09-05,LATEST_HISTORY_PROXY,PROXY,CURRENT_HISTORY_ONLY_NO_VINTAGE,false,true,true
1979-01-31,1979-01,38.93776,38.93776,指数2015=100,M,WAGE_MFG_HOURLY_FRED,FRED(OECD转载厚劳省),VALIDATED_MIRROR,,2026-03起水平断点;valid_to=2026-02(direct_model_use=false),2026-09-05,LATEST_HISTORY_PROXY,PROXY,CURRENT_HISTORY_ONLY_NO_VINTAGE,false,true,true
1979-02-28,1979-02,38.14108,38.14108,指数2015=100,M,WAGE_MFG_HOURLY_FRED,FRED(OECD转载厚劳省),VALIDATED_MIRROR,,2026-03起水平断点;valid_to=2026-02(direct_model_use=false),2026-09-05,LATEST_HISTORY_PROXY,PROXY,CURRENT_HISTORY_ONLY_NO_VINTAGE,false,true,true
1979-03-31,1979-03,38.93776,38.93776,指数2015=100,M,WAGE_MFG_HOURLY_FRED,FRED(OECD转载厚劳省),VALIDATED_MIRROR,,2026-03起水平断点;valid_to=2026-02(direct_model_use=false),2026-09-05,LATEST_HISTORY_PROXY,PROXY,CURRENT_HISTORY_ONLY_NO_VINTAGE,false,true,true
1979-04-30,1979-04,39.13693,39.13693,指数2015=100,M,WAGE_MFG_HOURLY_FRED,FRED(OECD转载厚劳省),VALIDATED_MIRROR,,2026-03起水平断点;valid_to=2026-02(direct_model_use=false),2026-09-05,LATEST_HISTORY_PROXY,PROXY,CURRENT_HISTORY_ONLY_NO_VINTAGE,false,true,true
1979-05-31,1979-05,40.53112,40.53112,指数2015=100,M,WAGE_MFG_HOURLY_FRED,FRED(OECD转载厚劳省),VALIDATED_MIRROR,,2026-03起水平断点;valid_to=2026-02(direct_model_use=false),2026-09-05,LATEST_HISTORY_PROXY,PROXY,CURRENT_HISTORY_ONLY_NO_VINTAGE,false,true,true
1979-06-30,1979-06,61.44398,61.44398,指数2015=100,M,WAGE_MFG_HOURLY_FRED,FRED(OECD转载厚劳省),VALIDATED_MIRROR,,2026-03起水平断点;valid_to=2026-02(direct_model_use=false),2026-09-05,LATEST_HISTORY_PROXY,PROXY,CURRENT_HISTORY_ONLY_NO_VINTAGE,false,true,true
1979-07-31,1979-07,82.95435,82.95435,指数2015=100,M,WAGE_MFG_HOURLY_FRED,FRED(OECD转载厚劳省),VALIDATED_MIRROR,,2026-03起水平断点;valid_to=2026-02(direct_model_use=false),2026-09-05,LATEST_HISTORY_PROXY,PROXY,CURRENT_HISTORY_ONLY_NO_VINTAGE,false,true,true
1979-08-31,1979-08,47.60166,47.60166,指数2015=100,M,WAGE_MFG_HOURLY_FRED,FRED(OECD转载厚劳省),VALIDATED_MIRROR,,2026-03起水平断点;valid_to=2026-02(direct_model_use=false),2026-09-05,LATEST_HISTORY_PROXY,PROXY,CURRENT_HISTORY_ONLY_NO_VINTAGE,false,true,true
1979-09-30,1979-09,40.63071,40.63071,指数2015=100,M,WAGE_MFG_HOURLY_FRED,FRED(OECD转载厚劳省),VALIDATED_MIRROR,,2026-03起水平断点;valid_to=2026-02(direct_model_use=false),2026-09-05,LATEST_HISTORY_PROXY,PROXY,CURRENT_HISTORY_ONLY_NO_VINTAGE,false,true,true
1979-10-31,1979-10,40.53112,40.53112,指数2015=100,M,WAGE_MFG_HOURLY_FRED,FRED(OECD转载厚劳省),VALIDATED_MIRROR,,2026-03起水平断点;valid_to=2026-02(direct_model_use=false),2026-09-05,LATEST_HISTORY_PROXY,PROXY,CURRENT_HISTORY_ONLY_NO_VINTAGE,false,true,true
1979-11-30,1979-11,42.22407,42.22407,指数2015=100,M,WAGE_MFG_HOURLY_FRED,FRED(OECD转载厚劳省),VALIDATED_MIRROR,,2026-03起水平断点;valid_to=2026-02(direct_model_use=false),2026-09-05,LATEST_HISTORY_PROXY,PROXY,CURRENT_HISTORY_ONLY_NO_VINTAGE,false,true,true
1979-12-31,1979-12,117.3112,117.3112,指数2015=100,M,WAGE_MFG_HOURLY_FRED,FRED(OECD转载厚劳省),VALIDATED_MIRROR,,2026-03起水平断点;valid_to=2026-02(direct_model_use=false),2026-09-05,LATEST_HISTORY_PROXY,PROXY,CURRENT_HISTORY_ONLY_NO_VINTAGE,false,true,true
1980-01-31,1980-01,41.82573,41.82573,指数2015=100,M,WAGE_MFG_HOURLY_FRED,FRED(OECD转载厚劳省),VALIDATED_MIRROR,,2026-03起水平断点;valid_to=2026-02(direct_model_use=false),2026-09-05,LATEST_HISTORY_PROXY,PROXY,CURRENT_HISTORY_ONLY_NO_VINTAGE,false,true,true
1980-02-29,1980-02,41.02905,41.02905,指数2015=100,M,WAGE_MFG_HOURLY_FRED,FRED(OECD转载厚劳省),VALIDATED_MIRROR,,2026-03起水平断点;valid_to=2026-02(direct_model_use=false),2026-09-05,LATEST_HISTORY_PROXY,PROXY,CURRENT_HISTORY_ONLY_NO_VINTAGE,false,true,true
1980-03-31,1980-03,41.52697,41.52697,指数2015=100,M,WAGE_MFG_HOURLY_FRED,FRED(OECD转载厚劳省),VALIDATED_MIRROR,,2026-03起水平断点;valid_to=2026-02(direct_model_use=false),2026-09-05,LATEST_HISTORY_PROXY,PROXY,CURRENT_HISTORY_ONLY_NO_VINTAGE,false,true,true
1980-04-30,1980-04,42.32365,42.32365,指数2015=100,M,WAGE_MFG_HOURLY_FRED,FRED(OECD转载厚劳省),VALIDATED_MIRROR,,2026-03起水平断点;valid_to=2026-02(direct_model_use=false),2026-09-05,LATEST_HISTORY_PROXY,PROXY,CURRENT_HISTORY_ONLY_NO_VINTAGE,false,true,true
1980-05-31,1980-05,43.81743,43.81743,指数2015=100,M,WAGE_MFG_HOURLY_FRED,FRED(OECD转载厚劳省),VALIDATED_MIRROR,,2026-03起水平断点;valid_to=2026-02(direct_model_use=false),2026-09-05,LATEST_HISTORY_PROXY,PROXY,CURRENT_HISTORY_ONLY_NO_VINTAGE,false,true,true
1980-06-30,1980-06,66.42323,66.42323,指数2015=100,M,WAGE_MFG_HOURLY_FRED,FRED(OECD转载厚劳省),VALIDATED_MIRROR,,2026-03起水平断点;valid_to=2026-02(direct_model_use=false),2026-09-05,LATEST_HISTORY_PROXY,PROXY,CURRENT_HISTORY_ONLY_NO_VINTAGE,false,true,true
1980-07-31,1980-07,90.12448,90.12448,指数2015=100,M,WAGE_MFG_HOURLY_FRED,FRED(OECD转载厚劳省),VALIDATED_MIRROR,,2026-03起水平断点;valid_to=2026-02(direct_model_use=false),2026-09-05,LATEST_HISTORY_PROXY,PROXY,CURRENT_HISTORY_ONLY_NO_VINTAGE,false,true,true
1980-08-31,1980-08,50.88797,50.88797,指数2015=100,M,WAGE_MFG_HOURLY_FRED,FRED(OECD转载厚劳省),VALIDATED_MIRROR,,2026-03起水平断点;valid_to=2026-02(direct_model_use=false),2026-09-05,LATEST_HISTORY_PROXY,PROXY,CURRENT_HISTORY_ONLY_NO_VINTAGE,false,true,true
1980-09-30,1980-09,43.3195,43.3195,指数2015=100,M,WAGE_MFG_HOURLY_FRED,FRED(OECD转载厚劳省),VALIDATED_MIRROR,,2026-03起水平断点;valid_to=2026-02(direct_model_use=false),2026-09-05,LATEST_HISTORY_PROXY,PROXY,CURRENT_HISTORY_ONLY_NO_VINTAGE,false,true,true
1980-10-31,1980-10,43.21992,43.21992,指数2015=100,M,WAGE_MFG_HOURLY_FRED,FRED(OECD转载厚劳省),VALIDATED_MIRROR,,2026-03起水平断点;valid_to=2026-02(direct_model_use=false),2026-09-05,LATEST_HISTORY_PROXY,PROXY,CURRENT_HISTORY_ONLY_NO_VINTAGE,false,true,true
1980-11-30,1980-11,45.3112,45.3112,指数2015=100,M,WAGE_MFG_HOURLY_FRED,FRED(OECD转载厚劳省),VALIDATED_MIRROR,,2026-03起水平断点;valid_to=2026-02(direct_model_use=false),2026-09-05,LATEST_HISTORY_PROXY,PROXY,CURRENT_HISTORY_ONLY_NO_VINTAGE,false,true,true
1980-12-31,1980-12,125.278,125.278,指数2015=100,M,WAGE_MFG_HOURLY_FRED,FRED(OECD转载厚劳省),VALIDATED_MIRROR,,2026-03起水平断点;valid_to=2026-02(direct_model_use=false),2026-09-05,LATEST_HISTORY_PROXY,PROXY,CURRENT_HISTORY_ONLY_NO_VINTAGE,false,true,true
1981-01-31,1981-01,44.81328,44.81328,指数2015=100,M,WAGE_MFG_HOURLY_FRED,FRED(OECD转载厚劳省),VALIDATED_MIRROR,,2026-03起水平断点;valid_to=2026-02(direct_model_use=false),2026-09-05,LATEST_HISTORY_PROXY,PROXY,CURRENT_HISTORY_ONLY_NO_VINTAGE,false,true,true
1981-02-28,1981-02,43.21992,43.21992,指数2015=100,M,WAGE_MFG_HOURLY_FRED,FRED(OECD转载厚劳省),VALIDATED_MIRROR,,2026-03起水平断点;valid_to=2026-02(direct_model_use=false),2026-09-05,LATEST_HISTORY_PROXY,PROXY,CURRENT_HISTORY_ONLY_NO_VINTAGE,false,true,true
1981-03-31,1981-03,43.41909,43.41909,指数2015=100,M,WAGE_MFG_HOURLY_FRED,FRED(OECD转载厚劳省),VALIDATED_MIRROR,,2026-03起水平断点;valid_to=2026-02(direct_model_use=false),2026-09-05,LATEST_HISTORY_PROXY,PROXY,CURRENT_HISTORY_ONLY_NO_VINTAGE,false,true,true
1981-04-30,1981-04,44.41494,44.41494,指数2015=100,M,WAGE_MFG_HOURLY_FRED,FRED(OECD转载厚劳省),VALIDATED_MIRROR,,2026-03起水平断点;valid_to=2026-02(direct_model_use=false),2026-09-05,LATEST_HISTORY_PROXY,PROXY,CURRENT_HISTORY_ONLY_NO_VINTAGE,false,true,true
1981-05-31,1981-05,45.90871,45.90871,指数2015=100,M,WAGE_MFG_HOURLY_FRED,FRED(OECD转载厚劳省),VALIDATED_MIRROR,,2026-03起水平断点;valid_to=2026-02(direct_model_use=false),2026-09-05,LATEST_HISTORY_PROXY,PROXY,CURRENT_HISTORY_ONLY_NO_VINTAGE,false,true,true
1981-06-30,1981-06,69.41079,69.41079,指数2015=100,M,WAGE_MFG_HOURLY_FRED,FRED(OECD转载厚劳省),VALIDATED_MIRROR,,2026-03起水平断点;valid_to=2026-02(direct_model_use=false),2026-09-05,LATEST_HISTORY_PROXY,PROXY,CURRENT_HISTORY_ONLY_NO_VINTAGE,false,true,true
1981-07-31,1981-07,96.99585,96.99585,指数2015=100,M,WAGE_MFG_HOURLY_FRED,FRED(OECD转载厚劳省),VALIDATED_MIRROR,,2026-03起水平断点;valid_to=2026-02(direct_model_use=false),2026-09-05,LATEST_HISTORY_PROXY,PROXY,CURRENT_HISTORY_ONLY_NO_VINTAGE,false,true,true
1981-08-31,1981-08,52.18257,52.18257,指数2015=100,M,WAGE_MFG_HOURLY_FRED,FRED(OECD转载厚劳省),VALIDATED_MIRROR,,2026-03起水平断点;valid_to=2026-02(direct_model_use=false),2026-09-05,LATEST_HISTORY_PROXY,PROXY,CURRENT_HISTORY_ONLY_NO_VINTAGE,false,true,true
1981-09-30,1981-09,45.41079,45.41079,指数2015=100,M,WAGE_MFG_HOURLY_FRED,FRED(OECD转载厚劳省),VALIDATED_MIRROR,,2026-03起水平断点;valid_to=2026-02(direct_model_use=false),2026-09-05,LATEST_HISTORY_PROXY,PROXY,CURRENT_HISTORY_ONLY_NO_VINTAGE,false,true,true
1981-10-31,1981-10,45.70955,45.70955,指数2015=100,M,WAGE_MFG_HOURLY_FRED,FRED(OECD转载厚劳省),VALIDATED_MIRROR,,2026-03起水平断点;valid_to=2026-02(direct_model_use=false),2026-09-05,LATEST_HISTORY_PROXY,PROXY,CURRENT_HISTORY_ONLY_NO_VINTAGE,false,true,true
1981-11-30,1981-11,48.0,48.0,指数2015=100,M,WAGE_MFG_HOURLY_FRED,FRED(OECD转载厚劳省),VALIDATED_MIRROR,,2026-03起水平断点;valid_to=2026-02(direct_model_use=false),2026-09-05,LATEST_HISTORY_PROXY,PROXY,CURRENT_HISTORY_ONLY_NO_VINTAGE,false,true,true
1981-12-31,1981-12,133.2448,133.2448,指数2015=100,M,WAGE_MFG_HOURLY_FRED,FRED(OECD转载厚劳省),VALIDATED_MIRROR,,2026-03起水平断点;valid_to=2026-02(direct_model_use=false),2026-09-05,LATEST_HISTORY_PROXY,PROXY,CURRENT_HISTORY_ONLY_NO_VINTAGE,false,true,true
1982-01-31,1982-01,46.90456,46.90456,指数2015=100,M,WAGE_MFG_HOURLY_FRED,FRED(OECD转载厚劳省),VALIDATED_MIRROR,,2026-03起水平断点;valid_to=2026-02(direct_model_use=false),2026-09-05,LATEST_HISTORY_PROXY,PROXY,CURRENT_HISTORY_ONLY_NO_VINTAGE,false,true,true
1982-02-28,1982-02,45.51037,45.51037,指数2015=100,M,WAGE_MFG_HOURLY_FRED,FRED(OECD转载厚劳省),VALIDATED_MIRROR,,2026-03起水平断点;valid_to=2026-02(direct_model_use=false),2026-09-05,LATEST_HISTORY_PROXY,PROXY,CURRENT_HISTORY_ONLY_NO_VINTAGE,false,true,true
1982-03-31,1982-03,45.90871,45.90871,指数2015=100,M,WAGE_MFG_HOURLY_FRED,FRED(OECD转载厚劳省),VALIDATED_MIRROR,,2026-03起水平断点;valid_to=2026-02(direct_model_use=false),2026-09-05,LATEST_HISTORY_PROXY,PROXY,CURRENT_HISTORY_ONLY_NO_VINTAGE,false,true,true
1982-04-30,1982-04,46.70539,46.70539,指数2015=100,M,WAGE_MFG_HOURLY_FRED,FRED(OECD转载厚劳省),VALIDATED_MIRROR,,2026-03起水平断点;valid_to=2026-02(direct_model_use=false),2026-09-05,LATEST_HISTORY_PROXY,PROXY,CURRENT_HISTORY_ONLY_NO_VINTAGE,false,true,true
1982-05-31,1982-05,48.49792,48.49792,指数2015=100,M,WAGE_MFG_HOURLY_FRED,FRED(OECD转载厚劳省),VALIDATED_MIRROR,,2026-03起水平断点;valid_to=2026-02(direct_model_use=false),2026-09-05,LATEST_HISTORY_PROXY,PROXY,CURRENT_HISTORY_ONLY_NO_VINTAGE,false,true,true
1982-06-30,1982-06,73.89211,73.89211,指数2015=100,M,WAGE_MFG_HOURLY_FRED,FRED(OECD转载厚劳省),VALIDATED_MIRROR,,2026-03起水平断点;valid_to=2026-02(direct_model_use=false),2026-09-05,LATEST_HISTORY_PROXY,PROXY,CURRENT_HISTORY_ONLY_NO_VINTAGE,false,true,true
1982-07-31,1982-07,97.79253,97.79253,指数2015=100,M,WAGE_MFG_HOURLY_FRED,FRED(OECD转载厚劳省),VALIDATED_MIRROR,,2026-03起水平断点;valid_to=2026-02(direct_model_use=false),2026-09-05,LATEST_HISTORY_PROXY,PROXY,CURRENT_HISTORY_ONLY_NO_VINTAGE,false,true,true
1982-08-31,1982-08,56.96265,56.96265,指数2015=100,M,WAGE_MFG_HOURLY_FRED,FRED(OECD转载厚劳省),VALIDATED_MIRROR,,2026-03起水平断点;valid_to=2026-02(direct_model_use=false),2026-09-05,LATEST_HISTORY_PROXY,PROXY,CURRENT_HISTORY_ONLY_NO_VINTAGE,false,true,true
1982-09-30,1982-09,47.60166,47.60166,指数2015=100,M,WAGE_MFG_HOURLY_FRED,FRED(OECD转载厚劳省),VALIDATED_MIRROR,,2026-03起水平断点;valid_to=2026-02(direct_model_use=false),2026-09-05,LATEST_HISTORY_PROXY,PROXY,CURRENT_HISTORY_ONLY_NO_VINTAGE,false,true,true
1982-10-31,1982-10,47.60166,47.60166,指数2015=100,M,WAGE_MFG_HOURLY_FRED,FRED(OECD转载厚劳省),VALIDATED_MIRROR,,2026-03起水平断点;valid_to=2026-02(direct_model_use=false),2026-09-05,LATEST_HISTORY_PROXY,PROXY,CURRENT_HISTORY_ONLY_NO_VINTAGE,false,true,true
1982-11-30,1982-11,49.59336,49.59336,指数2015=100,M,WAGE_MFG_HOURLY_FRED,FRED(OECD转载厚劳省),VALIDATED_MIRROR,,2026-03起水平断点;valid_to=2026-02(direct_model_use=false),2026-09-05,LATEST_HISTORY_PROXY,PROXY,CURRENT_HISTORY_ONLY_NO_VINTAGE,false,true,true
1982-12-31,1982-12,138.1245,138.1245,指数2015=100,M,WAGE_MFG_HOURLY_FRED,FRED(OECD转载厚劳省),VALIDATED_MIRROR,,2026-03起水平断点;valid_to=2026-02(direct_model_use=false),2026-09-05,LATEST_HISTORY_PROXY,PROXY,CURRENT_HISTORY_ONLY_NO_VINTAGE,false,true,true
1983-01-31,1983-01,48.79668,48.79668,指数2015=100,M,WAGE_MFG_HOURLY_FRED,FRED(OECD转载厚劳省),VALIDATED_MIRROR,,2026-03起水平断点;valid_to=2026-02(direct_model_use=false),2026-09-05,LATEST_HISTORY_PROXY,PROXY,CURRENT_HISTORY_ONLY_NO_VINTAGE,false,true,true
1983-02-28,1983-02,47.30291,47.30291,指数2015=100,M,WAGE_MFG_HOURLY_FRED,FRED(OECD转载厚劳省),VALIDATED_MIRROR,,2026-03起水平断点;valid_to=2026-02(direct_model_use=false),2026-09-05,LATEST_HISTORY_PROXY,PROXY,CURRENT_HISTORY_ONLY_NO_VINTAGE,false,true,true
1983-03-31,1983-03,48.29876,48.29876,指数2015=100,M,WAGE_MFG_HOURLY_FRED,FRED(OECD转载厚劳省),VALIDATED_MIRROR,,2026-03起水平断点;valid_to=2026-02(direct_model_use=false),2026-09-05,LATEST_HISTORY_PROXY,PROXY,CURRENT_HISTORY_ONLY_NO_VINTAGE,false,true,true
1983-04-30,1983-04,48.69709,48.69709,指数2015=100,M,WAGE_MFG_HOURLY_FRED,FRED(OECD转载厚劳省),VALIDATED_MIRROR,,2026-03起水平断点;valid_to=2026-02(direct_model_use=false),2026-09-05,LATEST_HISTORY_PROXY,PROXY,CURRENT_HISTORY_ONLY_NO_VINTAGE,false,true,true
1983-05-31,1983-05,48.89627,48.89627,指数2015=100,M,WAGE_MFG_HOURLY_FRED,FRED(OECD转载厚劳省),VALIDATED_MIRROR,,2026-03起水平断点;valid_to=2026-02(direct_model_use=false),2026-09-05,LATEST_HISTORY_PROXY,PROXY,CURRENT_HISTORY_ONLY_NO_VINTAGE,false,true,true
1983-06-30,1983-06,77.47718,77.47718,指数2015=100,M,WAGE_MFG_HOURLY_FRED,FRED(OECD转载厚劳省),VALIDATED_MIRROR,,2026-03起水平断点;valid_to=2026-02(direct_model_use=false),2026-09-05,LATEST_HISTORY_PROXY,PROXY,CURRENT_HISTORY_ONLY_NO_VINTAGE,false,true,true
1983-07-31,1983-07,101.7759,101.7759,指数2015=100,M,WAGE_MFG_HOURLY_FRED,FRED(OECD转载厚劳省),VALIDATED_MIRROR,,2026-03起水平断点;valid_to=2026-02(direct_model_use=false),2026-09-05,LATEST_HISTORY_PROXY,PROXY,CURRENT_HISTORY_ONLY_NO_VINTAGE,false,true,true
1983-08-31,1983-08,55.26971,55.26971,指数2015=100,M,WAGE_MFG_HOURLY_FRED,FRED(OECD转载厚劳省),VALIDATED_MIRROR,,2026-03起水平断点;valid_to=2026-02(direct_model_use=false),2026-09-05,LATEST_HISTORY_PROXY,PROXY,CURRENT_HISTORY_ONLY_NO_VINTAGE,false,true,true
1983-09-30,1983-09,49.19502,49.19502,指数2015=100,M,WAGE_MFG_HOURLY_FRED,FRED(OECD转载厚劳省),VALIDATED_MIRROR,,2026-03起水平断点;valid_to=2026-02(direct_model_use=false),2026-09-05,LATEST_HISTORY_PROXY,PROXY,CURRENT_HISTORY_ONLY_NO_VINTAGE,false,true,true
1983-10-31,1983-10,49.19502,49.19502,指数2015=100,M,WAGE_MFG_HOURLY_FRED,FRED(OECD转载厚劳省),VALIDATED_MIRROR,,2026-03起水平断点;valid_to=2026-02(direct_model_use=false),2026-09-05,LATEST_HISTORY_PROXY,PROXY,CURRENT_HISTORY_ONLY_NO_VINTAGE,false,true,true
1983-11-30,1983-11,51.9834,51.9834,指数2015=100,M,WAGE_MFG_HOURLY_FRED,FRED(OECD转载厚劳省),VALIDATED_MIRROR,,2026-03起水平断点;valid_to=2026-02(direct_model_use=false),2026-09-05,LATEST_HISTORY_PROXY,PROXY,CURRENT_HISTORY_ONLY_NO_VINTAGE,false,true,true
1983-12-31,1983-12,140.8133,140.8133,指数2015=100,M,WAGE_MFG_HOURLY_FRED,FRED(OECD转载厚劳省),VALIDATED_MIRROR,,2026-03起水平断点;valid_to=2026-02(direct_model_use=false),2026-09-05,LATEST_HISTORY_PROXY,PROXY,CURRENT_HISTORY_ONLY_NO_VINTAGE,false,true,true
1984-01-31,1984-01,50.48963,50.48963,指数2015=100,M,WAGE_MFG_HOURLY_FRED,FRED(OECD转载厚劳省),VALIDATED_MIRROR,,2026-03起水平断点;valid_to=2026-02(direct_model_use=false),2026-09-05,LATEST_HISTORY_PROXY,PROXY,CURRENT_HISTORY_ONLY_NO_VINTAGE,false,true,true
1984-02-29,1984-02,49.29461,49.29461,指数2015=100,M,WAGE_MFG_HOURLY_FRED,FRED(OECD转载厚劳省),VALIDATED_MIRROR,,2026-03起水平断点;valid_to=2026-02(direct_model_use=false),2026-09-05,LATEST_HISTORY_PROXY,PROXY,CURRENT_HISTORY_ONLY_NO_VINTAGE,false,true,true
1984-03-31,1984-03,50.48963,50.48963,指数2015=100,M,WAGE_MFG_HOURLY_FRED,FRED(OECD转载厚劳省),VALIDATED_MIRROR,,2026-03起水平断点;valid_to=2026-02(direct_model_use=false),2026-09-05,LATEST_HISTORY_PROXY,PROXY,CURRENT_HISTORY_ONLY_NO_VINTAGE,false,true,true
1984-04-30,1984-04,50.88797,50.88797,指数2015=100,M,WAGE_MFG_HOURLY_FRED,FRED(OECD转载厚劳省),VALIDATED_MIRROR,,2026-03起水平断点;valid_to=2026-02(direct_model_use=false),2026-09-05,LATEST_HISTORY_PROXY,PROXY,CURRENT_HISTORY_ONLY_NO_VINTAGE,false,true,true
1984-05-31,1984-05,51.18672,51.18672,指数2015=100,M,WAGE_MFG_HOURLY_FRED,FRED(OECD转载厚劳省),VALIDATED_MIRROR,,2026-03起水平断点;valid_to=2026-02(direct_model_use=false),2026-09-05,LATEST_HISTORY_PROXY,PROXY,CURRENT_HISTORY_ONLY_NO_VINTAGE,false,true,true
1984-06-30,1984-06,80.86307,80.86307,指数2015=100,M,WAGE_MFG_HOURLY_FRED,FRED(OECD转载厚劳省),VALIDATED_MIRROR,,2026-03起水平断点;valid_to=2026-02(direct_model_use=false),2026-09-05,LATEST_HISTORY_PROXY,PROXY,CURRENT_HISTORY_ONLY_NO_VINTAGE,false,true,true
1984-07-31,1984-07,106.4564,106.4564,指数2015=100,M,WAGE_MFG_HOURLY_FRED,FRED(OECD转载厚劳省),VALIDATED_MIRROR,,2026-03起水平断点;valid_to=2026-02(direct_model_use=false),2026-09-05,LATEST_HISTORY_PROXY,PROXY,CURRENT_HISTORY_ONLY_NO_VINTAGE,false,true,true
1984-08-31,1984-08,55.9668,55.9668,指数2015=100,M,WAGE_MFG_HOURLY_FRED,FRED(OECD转载厚劳省),VALIDATED_MIRROR,,2026-03起水平断点;valid_to=2026-02(direct_model_use=false),2026-09-05,LATEST_HISTORY_PROXY,PROXY,CURRENT_HISTORY_ONLY_NO_VINTAGE,false,true,true
1984-09-30,1984-09,51.18672,51.18672,指数2015=100,M,WAGE_MFG_HOURLY_FRED,FRED(OECD转载厚劳省),VALIDATED_MIRROR,,2026-03起水平断点;valid_to=2026-02(direct_model_use=false),2026-09-05,LATEST_HISTORY_PROXY,PROXY,CURRENT_HISTORY_ONLY_NO_VINTAGE,false,true,true
1984-10-31,1984-10,51.18672,51.18672,指数2015=100,M,WAGE_MFG_HOURLY_FRED,FRED(OECD转载厚劳省),VALIDATED_MIRROR,,2026-03起水平断点;valid_to=2026-02(direct_model_use=false),2026-09-05,LATEST_HISTORY_PROXY,PROXY,CURRENT_HISTORY_ONLY_NO_VINTAGE,false,true,true
1984-11-30,1984-11,53.77593,53.77593,指数2015=100,M,WAGE_MFG_HOURLY_FRED,FRED(OECD转载厚劳省),VALIDATED_MIRROR,,2026-03起水平断点;valid_to=2026-02(direct_model_use=false),2026-09-05,LATEST_HISTORY_PROXY,PROXY,CURRENT_HISTORY_ONLY_NO_VINTAGE,false,true,true
1984-12-31,1984-12,145.3942,145.3942,指数2015=100,M,WAGE_MFG_HOURLY_FRED,FRED(OECD转载厚劳省),VALIDATED_MIRROR,,2026-03起水平断点;valid_to=2026-02(direct_model_use=false),2026-09-05,LATEST_HISTORY_PROXY,PROXY,CURRENT_HISTORY_ONLY_NO_VINTAGE,false,true,true
1985-01-31,1985-01,52.48133,52.48133,指数2015=100,M,WAGE_MFG_HOURLY_FRED,FRED(OECD转载厚劳省),VALIDATED_MIRROR,,2026-03起水平断点;valid_to=2026-02(direct_model_use=false),2026-09-05,LATEST_HISTORY_PROXY,PROXY,CURRENT_HISTORY_ONLY_NO_VINTAGE,false,true,true
1985-02-28,1985-02,50.98755,50.98755,指数2015=100,M,WAGE_MFG_HOURLY_FRED,FRED(OECD转载厚劳省),VALIDATED_MIRROR,,2026-03起水平断点;valid_to=2026-02(direct_model_use=false),2026-09-05,LATEST_HISTORY_PROXY,PROXY,CURRENT_HISTORY_ONLY_NO_VINTAGE,false,true,true
1985-03-31,1985-03,51.68465,51.68465,指数2015=100,M,WAGE_MFG_HOURLY_FRED,FRED(OECD转载厚劳省),VALIDATED_MIRROR,,2026-03起水平断点;valid_to=2026-02(direct_model_use=false),2026-09-05,LATEST_HISTORY_PROXY,PROXY,CURRENT_HISTORY_ONLY_NO_VINTAGE,false,true,true
1985-04-30,1985-04,52.58091,52.58091,指数2015=100,M,WAGE_MFG_HOURLY_FRED,FRED(OECD转载厚劳省),VALIDATED_MIRROR,,2026-03起水平断点;valid_to=2026-02(direct_model_use=false),2026-09-05,LATEST_HISTORY_PROXY,PROXY,CURRENT_HISTORY_ONLY_NO_VINTAGE,false,true,true
1985-05-31,1985-05,52.78008,52.78008,指数2015=100,M,WAGE_MFG_HOURLY_FRED,FRED(OECD转载厚劳省),VALIDATED_MIRROR,,2026-03起水平断点;valid_to=2026-02(direct_model_use=false),2026-09-05,LATEST_HISTORY_PROXY,PROXY,CURRENT_HISTORY_ONLY_NO_VINTAGE,false,true,true
1985-06-30,1985-06,84.6473,84.6473,指数2015=100,M,WAGE_MFG_HOURLY_FRED,FRED(OECD转载厚劳省),VALIDATED_MIRROR,,2026-03起水平断点;valid_to=2026-02(direct_model_use=false),2026-09-05,LATEST_HISTORY_PROXY,PROXY,CURRENT_HISTORY_ONLY_NO_VINTAGE,false,true,true
1985-07-31,1985-07,106.2573,106.2573,指数2015=100,M,WAGE_MFG_HOURLY_FRED,FRED(OECD转载厚劳省),VALIDATED_MIRROR,,2026-03起水平断点;valid_to=2026-02(direct_model_use=false),2026-09-05,LATEST_HISTORY_PROXY,PROXY,CURRENT_HISTORY_ONLY_NO_VINTAGE,false,true,true
1985-08-31,1985-08,60.44813,60.44813,指数2015=100,M,WAGE_MFG_HOURLY_FRED,FRED(OECD转载厚劳省),VALIDATED_MIRROR,,2026-03起水平断点;valid_to=2026-02(direct_model_use=false),2026-09-05,LATEST_HISTORY_PROXY,PROXY,CURRENT_HISTORY_ONLY_NO_VINTAGE,false,true,true
1985-09-30,1985-09,52.58091,52.58091,指数2015=100,M,WAGE_MFG_HOURLY_FRED,FRED(OECD转载厚劳省),VALIDATED_MIRROR,,2026-03起水平断点;valid_to=2026-02(direct_model_use=false),2026-09-05,LATEST_HISTORY_PROXY,PROXY,CURRENT_HISTORY_ONLY_NO_VINTAGE,false,true,true
1985-10-31,1985-10,52.58091,52.58091,指数2015=100,M,WAGE_MFG_HOURLY_FRED,FRED(OECD转载厚劳省),VALIDATED_MIRROR,,2026-03起水平断点;valid_to=2026-02(direct_model_use=false),2026-09-05,LATEST_HISTORY_PROXY,PROXY,CURRENT_HISTORY_ONLY_NO_VINTAGE,false,true,true
1985-11-30,1985-11,55.36929,55.36929,指数2015=100,M,WAGE_MFG_HOURLY_FRED,FRED(OECD转载厚劳省),VALIDATED_MIRROR,,2026-03起水平断点;valid_to=2026-02(direct_model_use=false),2026-09-05,LATEST_HISTORY_PROXY,PROXY,CURRENT_HISTORY_ONLY_NO_VINTAGE,false,true,true
1985-12-31,1985-12,149.5768,149.5768,指数2015=100,M,WAGE_MFG_HOURLY_FRED,FRED(OECD转载厚劳省),VALIDATED_MIRROR,,2026-03起水平断点;valid_to=2026-02(direct_model_use=false),2026-09-05,LATEST_HISTORY_PROXY,PROXY,CURRENT_HISTORY_ONLY_NO_VINTAGE,false,true,true
1986-01-31,1986-01,54.27386,54.27386,指数2015=100,M,WAGE_MFG_HOURLY_FRED,FRED(OECD转载厚劳省),VALIDATED_MIRROR,,2026-03起水平断点;valid_to=2026-02(direct_model_use=false),2026-09-05,LATEST_HISTORY_PROXY,PROXY,CURRENT_HISTORY_ONLY_NO_VINTAGE,false,true,true
1986-02-28,1986-02,52.58091,52.58091,指数2015=100,M,WAGE_MFG_HOURLY_FRED,FRED(OECD转载厚劳省),VALIDATED_MIRROR,,2026-03起水平断点;valid_to=2026-02(direct_model_use=false),2026-09-05,LATEST_HISTORY_PROXY,PROXY,CURRENT_HISTORY_ONLY_NO_VINTAGE,false,true,true
1986-03-31,1986-03,53.17842,53.17842,指数2015=100,M,WAGE_MFG_HOURLY_FRED,FRED(OECD转载厚劳省),VALIDATED_MIRROR,,2026-03起水平断点;valid_to=2026-02(direct_model_use=false),2026-09-05,LATEST_HISTORY_PROXY,PROXY,CURRENT_HISTORY_ONLY_NO_VINTAGE,false,true,true
1986-04-30,1986-04,53.57676,53.57676,指数2015=100,M,WAGE_MFG_HOURLY_FRED,FRED(OECD转载厚劳省),VALIDATED_MIRROR,,2026-03起水平断点;valid_to=2026-02(direct_model_use=false),2026-09-05,LATEST_HISTORY_PROXY,PROXY,CURRENT_HISTORY_ONLY_NO_VINTAGE,false,true,true
1986-05-31,1986-05,53.57676,53.57676,指数2015=100,M,WAGE_MFG_HOURLY_FRED,FRED(OECD转载厚劳省),VALIDATED_MIRROR,,2026-03起水平断点;valid_to=2026-02(direct_model_use=false),2026-09-05,LATEST_HISTORY_PROXY,PROXY,CURRENT_HISTORY_ONLY_NO_VINTAGE,false,true,true
1986-06-30,1986-06,85.94191,85.94191,指数2015=100,M,WAGE_MFG_HOURLY_FRED,FRED(OECD转载厚劳省),VALIDATED_MIRROR,,2026-03起水平断点;valid_to=2026-02(direct_model_use=false),2026-09-05,LATEST_HISTORY_PROXY,PROXY,CURRENT_HISTORY_ONLY_NO_VINTAGE,false,true,true
1986-07-31,1986-07,108.7469,108.7469,指数2015=100,M,WAGE_MFG_HOURLY_FRED,FRED(OECD转载厚劳省),VALIDATED_MIRROR,,2026-03起水平断点;valid_to=2026-02(direct_model_use=false),2026-09-05,LATEST_HISTORY_PROXY,PROXY,CURRENT_HISTORY_ONLY_NO_VINTAGE,false,true,true
1986-08-31,1986-08,60.34855,60.34855,指数2015=100,M,WAGE_MFG_HOURLY_FRED,FRED(OECD转载厚劳省),VALIDATED_MIRROR,,2026-03起水平断点;valid_to=2026-02(direct_model_use=false),2026-09-05,LATEST_HISTORY_PROXY,PROXY,CURRENT_HISTORY_ONLY_NO_VINTAGE,false,true,true
1986-09-30,1986-09,53.37759,53.37759,指数2015=100,M,WAGE_MFG_HOURLY_FRED,FRED(OECD转载厚劳省),VALIDATED_MIRROR,,2026-03起水平断点;valid_to=2026-02(direct_model_use=false),2026-09-05,LATEST_HISTORY_PROXY,PROXY,CURRENT_HISTORY_ONLY_NO_VINTAGE,false,true,true
1986-10-31,1986-10,53.17842,53.17842,指数2015=100,M,WAGE_MFG_HOURLY_FRED,FRED(OECD转载厚劳省),VALIDATED_MIRROR,,2026-03起水平断点;valid_to=2026-02(direct_model_use=false),2026-09-05,LATEST_HISTORY_PROXY,PROXY,CURRENT_HISTORY_ONLY_NO_VINTAGE,false,true,true
1986-11-30,1986-11,56.06639,56.06639,指数2015=100,M,WAGE_MFG_HOURLY_FRED,FRED(OECD转载厚劳省),VALIDATED_MIRROR,,2026-03起水平断点;valid_to=2026-02(direct_model_use=false),2026-09-05,LATEST_HISTORY_PROXY,PROXY,CURRENT_HISTORY_ONLY_NO_VINTAGE,false,true,true
1986-12-31,1986-12,149.3776,149.3776,指数2015=100,M,WAGE_MFG_HOURLY_FRED,FRED(OECD转载厚劳省),VALIDATED_MIRROR,,2026-03起水平断点;valid_to=2026-02(direct_model_use=false),2026-09-05,LATEST_HISTORY_PROXY,PROXY,CURRENT_HISTORY_ONLY_NO_VINTAGE,false,true,true
1987-01-31,1987-01,54.77179,54.77179,指数2015=100,M,WAGE_MFG_HOURLY_FRED,FRED(OECD转载厚劳省),VALIDATED_MIRROR,,2026-03起水平断点;valid_to=2026-02(direct_model_use=false),2026-09-05,LATEST_HISTORY_PROXY,PROXY,CURRENT_HISTORY_ONLY_NO_VINTAGE,false,true,true
1987-02-28,1987-02,52.87967,52.87967,指数2015=100,M,WAGE_MFG_HOURLY_FRED,FRED(OECD转载厚劳省),VALIDATED_MIRROR,,2026-03起水平断点;valid_to=2026-02(direct_model_use=false),2026-09-05,LATEST_HISTORY_PROXY,PROXY,CURRENT_HISTORY_ONLY_NO_VINTAGE,false,true,true
1987-03-31,1987-03,53.97511,53.97511,指数2015=100,M,WAGE_MFG_HOURLY_FRED,FRED(OECD转载厚劳省),VALIDATED_MIRROR,,2026-03起水平断点;valid_to=2026-02(direct_model_use=false),2026-09-05,LATEST_HISTORY_PROXY,PROXY,CURRENT_HISTORY_ONLY_NO_VINTAGE,false,true,true
1987-04-30,1987-04,54.17427,54.17427,指数2015=100,M,WAGE_MFG_HOURLY_FRED,FRED(OECD转载厚劳省),VALIDATED_MIRROR,,2026-03起水平断点;valid_to=2026-02(direct_model_use=false),2026-09-05,LATEST_HISTORY_PROXY,PROXY,CURRENT_HISTORY_ONLY_NO_VINTAGE,false,true,true
1987-05-31,1987-05,54.07469,54.07469,指数2015=100,M,WAGE_MFG_HOURLY_FRED,FRED(OECD转载厚劳省),VALIDATED_MIRROR,,2026-03起水平断点;valid_to=2026-02(direct_model_use=false),2026-09-05,LATEST_HISTORY_PROXY,PROXY,CURRENT_HISTORY_ONLY_NO_VINTAGE,false,true,true
1987-06-30,1987-06,85.84232,85.84232,指数2015=100,M,WAGE_MFG_HOURLY_FRED,FRED(OECD转载厚劳省),VALIDATED_MIRROR,,2026-03起水平断点;valid_to=2026-02(direct_model_use=false),2026-09-05,LATEST_HISTORY_PROXY,PROXY,CURRENT_HISTORY_ONLY_NO_VINTAGE,false,true,true
1987-07-31,1987-07,110.1411,110.1411,指数2015=100,M,WAGE_MFG_HOURLY_FRED,FRED(OECD转载厚劳省),VALIDATED_MIRROR,,2026-03起水平断点;valid_to=2026-02(direct_model_use=false),2026-09-05,LATEST_HISTORY_PROXY,PROXY,CURRENT_HISTORY_ONLY_NO_VINTAGE,false,true,true
1987-08-31,1987-08,61.24481,61.24481,指数2015=100,M,WAGE_MFG_HOURLY_FRED,FRED(OECD转载厚劳省),VALIDATED_MIRROR,,2026-03起水平断点;valid_to=2026-02(direct_model_use=false),2026-09-05,LATEST_HISTORY_PROXY,PROXY,CURRENT_HISTORY_ONLY_NO_VINTAGE,false,true,true
1987-09-30,1987-09,54.87137,54.87137,指数2015=100,M,WAGE_MFG_HOURLY_FRED,FRED(OECD转载厚劳省),VALIDATED_MIRROR,,2026-03起水平断点;valid_to=2026-02(direct_model_use=false),2026-09-05,LATEST_HISTORY_PROXY,PROXY,CURRENT_HISTORY_ONLY_NO_VINTAGE,false,true,true
1987-10-31,1987-10,54.87137,54.87137,指数2015=100,M,WAGE_MFG_HOURLY_FRED,FRED(OECD转载厚劳省),VALIDATED_MIRROR,,2026-03起水平断点;valid_to=2026-02(direct_model_use=false),2026-09-05,LATEST_HISTORY_PROXY,PROXY,CURRENT_HISTORY_ONLY_NO_VINTAGE,false,true,true
1987-11-30,1987-11,57.85892,57.85892,指数2015=100,M,WAGE_MFG_HOURLY_FRED,FRED(OECD转载厚劳省),VALIDATED_MIRROR,,2026-03起水平断点;valid_to=2026-02(direct_model_use=false),2026-09-05,LATEST_HISTORY_PROXY,PROXY,CURRENT_HISTORY_ONLY_NO_VINTAGE,false,true,true
1987-12-31,1987-12,153.4606,153.4606,指数2015=100,M,WAGE_MFG_HOURLY_FRED,FRED(OECD转载厚劳省),VALIDATED_MIRROR,,2026-03起水平断点;valid_to=2026-02(direct_model_use=false),2026-09-05,LATEST_HISTORY_PROXY,PROXY,CURRENT_HISTORY_ONLY_NO_VINTAGE,false,true,true
1988-01-31,1988-01,56.6639,56.6639,指数2015=100,M,WAGE_MFG_HOURLY_FRED,FRED(OECD转载厚劳省),VALIDATED_MIRROR,,2026-03起水平断点;valid_to=2026-02(direct_model_use=false),2026-09-05,LATEST_HISTORY_PROXY,PROXY,CURRENT_HISTORY_ONLY_NO_VINTAGE,false,true,true
1988-02-29,1988-02,55.26971,55.26971,指数2015=100,M,WAGE_MFG_HOURLY_FRED,FRED(OECD转载厚劳省),VALIDATED_MIRROR,,2026-03起水平断点;valid_to=2026-02(direct_model_use=false),2026-09-05,LATEST_HISTORY_PROXY,PROXY,CURRENT_HISTORY_ONLY_NO_VINTAGE,false,true,true
1988-03-31,1988-03,56.26556,56.26556,指数2015=100,M,WAGE_MFG_HOURLY_FRED,FRED(OECD转载厚劳省),VALIDATED_MIRROR,,2026-03起水平断点;valid_to=2026-02(direct_model_use=false),2026-09-05,LATEST_HISTORY_PROXY,PROXY,CURRENT_HISTORY_ONLY_NO_VINTAGE,false,true,true
1988-04-30,1988-04,56.56432,56.56432,指数2015=100,M,WAGE_MFG_HOURLY_FRED,FRED(OECD转载厚劳省),VALIDATED_MIRROR,,2026-03起水平断点;valid_to=2026-02(direct_model_use=false),2026-09-05,LATEST_HISTORY_PROXY,PROXY,CURRENT_HISTORY_ONLY_NO_VINTAGE,false,true,true
1988-05-31,1988-05,56.26556,56.26556,指数2015=100,M,WAGE_MFG_HOURLY_FRED,FRED(OECD转载厚劳省),VALIDATED_MIRROR,,2026-03起水平断点;valid_to=2026-02(direct_model_use=false),2026-09-05,LATEST_HISTORY_PROXY,PROXY,CURRENT_HISTORY_ONLY_NO_VINTAGE,false,true,true
1988-06-30,1988-06,90.62241,90.62241,指数2015=100,M,WAGE_MFG_HOURLY_FRED,FRED(OECD转载厚劳省),VALIDATED_MIRROR,,2026-03起水平断点;valid_to=2026-02(direct_model_use=false),2026-09-05,LATEST_HISTORY_PROXY,PROXY,CURRENT_HISTORY_ONLY_NO_VINTAGE,false,true,true
1988-07-31,1988-07,113.8257,113.8257,指数2015=100,M,WAGE_MFG_HOURLY_FRED,FRED(OECD转载厚劳省),VALIDATED_MIRROR,,2026-03起水平断点;valid_to=2026-02(direct_model_use=false),2026-09-05,LATEST_HISTORY_PROXY,PROXY,CURRENT_HISTORY_ONLY_NO_VINTAGE,false,true,true
1988-08-31,1988-08,64.82987,64.82987,指数2015=100,M,WAGE_MFG_HOURLY_FRED,FRED(OECD转载厚劳省),VALIDATED_MIRROR,,2026-03起水平断点;valid_to=2026-02(direct_model_use=false),2026-09-05,LATEST_HISTORY_PROXY,PROXY,CURRENT_HISTORY_ONLY_NO_VINTAGE,false,true,true
1988-09-30,1988-09,57.06224,57.06224,指数2015=100,M,WAGE_MFG_HOURLY_FRED,FRED(OECD转载厚劳省),VALIDATED_MIRROR,,2026-03起水平断点;valid_to=2026-02(direct_model_use=false),2026-09-05,LATEST_HISTORY_PROXY,PROXY,CURRENT_HISTORY_ONLY_NO_VINTAGE,false,true,true
1988-10-31,1988-10,57.46058,57.46058,指数2015=100,M,WAGE_MFG_HOURLY_FRED,FRED(OECD转载厚劳省),VALIDATED_MIRROR,,2026-03起水平断点;valid_to=2026-02(direct_model_use=false),2026-09-05,LATEST_HISTORY_PROXY,PROXY,CURRENT_HISTORY_ONLY_NO_VINTAGE,false,true,true
1988-11-30,1988-11,60.24896,60.24896,指数2015=100,M,WAGE_MFG_HOURLY_FRED,FRED(OECD转载厚劳省),VALIDATED_MIRROR,,2026-03起水平断点;valid_to=2026-02(direct_model_use=false),2026-09-05,LATEST_HISTORY_PROXY,PROXY,CURRENT_HISTORY_ONLY_NO_VINTAGE,false,true,true
1988-12-31,1988-12,161.527,161.527,指数2015=100,M,WAGE_MFG_HOURLY_FRED,FRED(OECD转载厚劳省),VALIDATED_MIRROR,,2026-03起水平断点;valid_to=2026-02(direct_model_use=false),2026-09-05,LATEST_HISTORY_PROXY,PROXY,CURRENT_HISTORY_ONLY_NO_VINTAGE,false,true,true
1989-01-31,1989-01,60.54772,60.54772,指数2015=100,M,WAGE_MFG_HOURLY_FRED,FRED(OECD转载厚劳省),VALIDATED_MIRROR,,2026-03起水平断点;valid_to=2026-02(direct_model_use=false),2026-09-05,LATEST_HISTORY_PROXY,PROXY,CURRENT_HISTORY_ONLY_NO_VINTAGE,false,true,true
1989-02-28,1989-02,57.46058,57.46058,指数2015=100,M,WAGE_MFG_HOURLY_FRED,FRED(OECD转载厚劳省),VALIDATED_MIRROR,,2026-03起水平断点;valid_to=2026-02(direct_model_use=false),2026-09-05,LATEST_HISTORY_PROXY,PROXY,CURRENT_HISTORY_ONLY_NO_VINTAGE,false,true,true
1989-03-31,1989-03,58.85477,58.85477,指数2015=100,M,WAGE_MFG_HOURLY_FRED,FRED(OECD转载厚劳省),VALIDATED_MIRROR,,2026-03起水平断点;valid_to=2026-02(direct_model_use=false),2026-09-05,LATEST_HISTORY_PROXY,PROXY,CURRENT_HISTORY_ONLY_NO_VINTAGE,false,true,true
1989-04-30,1989-04,59.55187,59.55187,指数2015=100,M,WAGE_MFG_HOURLY_FRED,FRED(OECD转载厚劳省),VALIDATED_MIRROR,,2026-03起水平断点;valid_to=2026-02(direct_model_use=false),2026-09-05,LATEST_HISTORY_PROXY,PROXY,CURRENT_HISTORY_ONLY_NO_VINTAGE,false,true,true
1989-05-31,1989-05,59.55187,59.55187,指数2015=100,M,WAGE_MFG_HOURLY_FRED,FRED(OECD转载厚劳省),VALIDATED_MIRROR,,2026-03起水平断点;valid_to=2026-02(direct_model_use=false),2026-09-05,LATEST_HISTORY_PROXY,PROXY,CURRENT_HISTORY_ONLY_NO_VINTAGE,false,true,true
1989-06-30,1989-06,96.49792,96.49792,指数2015=100,M,WAGE_MFG_HOURLY_FRED,FRED(OECD转载厚劳省),VALIDATED_MIRROR,,2026-03起水平断点;valid_to=2026-02(direct_model_use=false),2026-09-05,LATEST_HISTORY_PROXY,PROXY,CURRENT_HISTORY_ONLY_NO_VINTAGE,false,true,true
1989-07-31,1989-07,120.9958,120.9958,指数2015=100,M,WAGE_MFG_HOURLY_FRED,FRED(OECD转载厚劳省),VALIDATED_MIRROR,,2026-03起水平断点;valid_to=2026-02(direct_model_use=false),2026-09-05,LATEST_HISTORY_PROXY,PROXY,CURRENT_HISTORY_ONLY_NO_VINTAGE,false,true,true
1989-08-31,1989-08,68.91286,68.91286,指数2015=100,M,WAGE_MFG_HOURLY_FRED,FRED(OECD转载厚劳省),VALIDATED_MIRROR,,2026-03起水平断点;valid_to=2026-02(direct_model_use=false),2026-09-05,LATEST_HISTORY_PROXY,PROXY,CURRENT_HISTORY_ONLY_NO_VINTAGE,false,true,true
1989-09-30,1989-09,59.85062,59.85062,指数2015=100,M,WAGE_MFG_HOURLY_FRED,FRED(OECD转载厚劳省),VALIDATED_MIRROR,,2026-03起水平断点;valid_to=2026-02(direct_model_use=false),2026-09-05,LATEST_HISTORY_PROXY,PROXY,CURRENT_HISTORY_ONLY_NO_VINTAGE,false,true,true
1989-10-31,1989-10,59.85062,59.85062,指数2015=100,M,WAGE_MFG_HOURLY_FRED,FRED(OECD转载厚劳省),VALIDATED_MIRROR,,2026-03起水平断点;valid_to=2026-02(direct_model_use=false),2026-09-05,LATEST_HISTORY_PROXY,PROXY,CURRENT_HISTORY_ONLY_NO_VINTAGE,false,true,true
1989-11-30,1989-11,63.63485,63.63485,指数2015=100,M,WAGE_MFG_HOURLY_FRED,FRED(OECD转载厚劳省),VALIDATED_MIRROR,,2026-03起水平断点;valid_to=2026-02(direct_model_use=false),2026-09-05,LATEST_HISTORY_PROXY,PROXY,CURRENT_HISTORY_ONLY_NO_VINTAGE,false,true,true
1989-12-31,1989-12,172.5809,172.5809,指数2015=100,M,WAGE_MFG_HOURLY_FRED,FRED(OECD转载厚劳省),VALIDATED_MIRROR,,2026-03起水平断点;valid_to=2026-02(direct_model_use=false),2026-09-05,LATEST_HISTORY_PROXY,PROXY,CURRENT_HISTORY_ONLY_NO_VINTAGE,false,true,true
1990-01-31,1990-01,64.33195,64.33195,指数2015=100,M,WAGE_MFG_HOURLY_FRED,FRED(OECD转载厚劳省),VALIDATED_MIRROR,,2026-03起水平断点;valid_to=2026-02(direct_model_use=false),2026-09-05,LATEST_HISTORY_PROXY,PROXY,CURRENT_HISTORY_ONLY_NO_VINTAGE,false,true,true
1990-02-28,1990-02,59.65145,59.65145,指数2015=100,M,WAGE_MFG_HOURLY_FRED,FRED(OECD转载厚劳省),VALIDATED_MIRROR,,2026-03起水平断点;valid_to=2026-02(direct_model_use=false),2026-09-05,LATEST_HISTORY_PROXY,PROXY,CURRENT_HISTORY_ONLY_NO_VINTAGE,false,true,true
1990-03-31,1990-03,61.24481,61.24481,指数2015=100,M,WAGE_MFG_HOURLY_FRED,FRED(OECD转载厚劳省),VALIDATED_MIRROR,,2026-03起水平断点;valid_to=2026-02(direct_model_use=false),2026-09-05,LATEST_HISTORY_PROXY,PROXY,CURRENT_HISTORY_ONLY_NO_VINTAGE,false,true,true
1990-04-30,1990-04,61.94191,61.94191,指数2015=100,M,WAGE_MFG_HOURLY_FRED,FRED(OECD转载厚劳省),VALIDATED_MIRROR,,2026-03起水平断点;valid_to=2026-02(direct_model_use=false),2026-09-05,LATEST_HISTORY_PROXY,PROXY,CURRENT_HISTORY_ONLY_NO_VINTAGE,false,true,true
1990-05-31,1990-05,62.34025,62.34025,指数2015=100,M,WAGE_MFG_HOURLY_FRED,FRED(OECD转载厚劳省),VALIDATED_MIRROR,,2026-03起水平断点;valid_to=2026-02(direct_model_use=false),2026-09-05,LATEST_HISTORY_PROXY,PROXY,CURRENT_HISTORY_ONLY_NO_VINTAGE,false,true,true
1990-06-30,1990-06,107.8506,107.8506,指数2015=100,M,WAGE_MFG_HOURLY_FRED,FRED(OECD转载厚劳省),VALIDATED_MIRROR,,2026-03起水平断点;valid_to=2026-02(direct_model_use=false),2026-09-05,LATEST_HISTORY_PROXY,PROXY,CURRENT_HISTORY_ONLY_NO_VINTAGE,false,true,true
1990-07-31,1990-07,125.4772,125.4772,指数2015=100,M,WAGE_MFG_HOURLY_FRED,FRED(OECD转载厚劳省),VALIDATED_MIRROR,,2026-03起水平断点;valid_to=2026-02(direct_model_use=false),2026-09-05,LATEST_HISTORY_PROXY,PROXY,CURRENT_HISTORY_ONLY_NO_VINTAGE,false,true,true
1990-08-31,1990-08,69.80913,69.80913,指数2015=100,M,WAGE_MFG_HOURLY_FRED,FRED(OECD转载厚劳省),VALIDATED_MIRROR,,2026-03起水平断点;valid_to=2026-02(direct_model_use=false),2026-09-05,LATEST_HISTORY_PROXY,PROXY,CURRENT_HISTORY_ONLY_NO_VINTAGE,false,true,true
1990-09-30,1990-09,62.53942,62.53942,指数2015=100,M,WAGE_MFG_HOURLY_FRED,FRED(OECD转载厚劳省),VALIDATED_MIRROR,,2026-03起水平断点;valid_to=2026-02(direct_model_use=false),2026-09-05,LATEST_HISTORY_PROXY,PROXY,CURRENT_HISTORY_ONLY_NO_VINTAGE,false,true,true
1990-10-31,1990-10,62.73859,62.73859,指数2015=100,M,WAGE_MFG_HOURLY_FRED,FRED(OECD转载厚劳省),VALIDATED_MIRROR,,2026-03起水平断点;valid_to=2026-02(direct_model_use=false),2026-09-05,LATEST_HISTORY_PROXY,PROXY,CURRENT_HISTORY_ONLY_NO_VINTAGE,false,true,true
1990-11-30,1990-11,67.02074,67.02074,指数2015=100,M,WAGE_MFG_HOURLY_FRED,FRED(OECD转载厚劳省),VALIDATED_MIRROR,,2026-03起水平断点;valid_to=2026-02(direct_model_use=false),2026-09-05,LATEST_HISTORY_PROXY,PROXY,CURRENT_HISTORY_ONLY_NO_VINTAGE,false,true,true
1990-12-31,1990-12,183.0373,183.0373,指数2015=100,M,WAGE_MFG_HOURLY_FRED,FRED(OECD转载厚劳省),VALIDATED_MIRROR,,2026-03起水平断点;valid_to=2026-02(direct_model_use=false),2026-09-05,LATEST_HISTORY_PROXY,PROXY,CURRENT_HISTORY_ONLY_NO_VINTAGE,false,true,true
1991-01-31,1991-01,65.52697,65.52697,指数2015=100,M,WAGE_MFG_HOURLY_FRED,FRED(OECD转载厚劳省),VALIDATED_MIRROR,,2026-03起水平断点;valid_to=2026-02(direct_model_use=false),2026-09-05,LATEST_HISTORY_PROXY,PROXY,CURRENT_HISTORY_ONLY_NO_VINTAGE,false,true,true
1991-02-28,1991-02,62.83817,62.83817,指数2015=100,M,WAGE_MFG_HOURLY_FRED,FRED(OECD转载厚劳省),VALIDATED_MIRROR,,2026-03起水平断点;valid_to=2026-02(direct_model_use=false),2026-09-05,LATEST_HISTORY_PROXY,PROXY,CURRENT_HISTORY_ONLY_NO_VINTAGE,false,true,true
1991-03-31,1991-03,63.73444,63.73444,指数2015=100,M,WAGE_MFG_HOURLY_FRED,FRED(OECD转载厚劳省),VALIDATED_MIRROR,,2026-03起水平断点;valid_to=2026-02(direct_model_use=false),2026-09-05,LATEST_HISTORY_PROXY,PROXY,CURRENT_HISTORY_ONLY_NO_VINTAGE,false,true,true
1991-04-30,1991-04,64.33195,64.33195,指数2015=100,M,WAGE_MFG_HOURLY_FRED,FRED(OECD转载厚劳省),VALIDATED_MIRROR,,2026-03起水平断点;valid_to=2026-02(direct_model_use=false),2026-09-05,LATEST_HISTORY_PROXY,PROXY,CURRENT_HISTORY_ONLY_NO_VINTAGE,false,true,true
1991-05-31,1991-05,64.63071,64.63071,指数2015=100,M,WAGE_MFG_HOURLY_FRED,FRED(OECD转载厚劳省),VALIDATED_MIRROR,,2026-03起水平断点;valid_to=2026-02(direct_model_use=false),2026-09-05,LATEST_HISTORY_PROXY,PROXY,CURRENT_HISTORY_ONLY_NO_VINTAGE,false,true,true
1991-06-30,1991-06,112.4315,112.4315,指数2015=100,M,WAGE_MFG_HOURLY_FRED,FRED(OECD转载厚劳省),VALIDATED_MIRROR,,2026-03起水平断点;valid_to=2026-02(direct_model_use=false),2026-09-05,LATEST_HISTORY_PROXY,PROXY,CURRENT_HISTORY_ONLY_NO_VINTAGE,false,true,true
1991-07-31,1991-07,127.6681,127.6681,指数2015=100,M,WAGE_MFG_HOURLY_FRED,FRED(OECD转载厚劳省),VALIDATED_MIRROR,,2026-03起水平断点;valid_to=2026-02(direct_model_use=false),2026-09-05,LATEST_HISTORY_PROXY,PROXY,CURRENT_HISTORY_ONLY_NO_VINTAGE,false,true,true
1991-08-31,1991-08,74.39005,74.39005,指数2015=100,M,WAGE_MFG_HOURLY_FRED,FRED(OECD转载厚劳省),VALIDATED_MIRROR,,2026-03起水平断点;valid_to=2026-02(direct_model_use=false),2026-09-05,LATEST_HISTORY_PROXY,PROXY,CURRENT_HISTORY_ONLY_NO_VINTAGE,false,true,true
1991-09-30,1991-09,64.0332,64.0332,指数2015=100,M,WAGE_MFG_HOURLY_FRED,FRED(OECD转载厚劳省),VALIDATED_MIRROR,,2026-03起水平断点;valid_to=2026-02(direct_model_use=false),2026-09-05,LATEST_HISTORY_PROXY,PROXY,CURRENT_HISTORY_ONLY_NO_VINTAGE,false,true,true
1991-10-31,1991-10,64.33195,64.33195,指数2015=100,M,WAGE_MFG_HOURLY_FRED,FRED(OECD转载厚劳省),VALIDATED_MIRROR,,2026-03起水平断点;valid_to=2026-02(direct_model_use=false),2026-09-05,LATEST_HISTORY_PROXY,PROXY,CURRENT_HISTORY_ONLY_NO_VINTAGE,false,true,true
1991-11-30,1991-11,68.71369,68.71369,指数2015=100,M,WAGE_MFG_HOURLY_FRED,FRED(OECD转载厚劳省),VALIDATED_MIRROR,,2026-03起水平断点;valid_to=2026-02(direct_model_use=false),2026-09-05,LATEST_HISTORY_PROXY,PROXY,CURRENT_HISTORY_ONLY_NO_VINTAGE,false,true,true
1991-12-31,1991-12,188.7137,188.7137,指数2015=100,M,WAGE_MFG_HOURLY_FRED,FRED(OECD转载厚劳省),VALIDATED_MIRROR,,2026-03起水平断点;valid_to=2026-02(direct_model_use=false),2026-09-05,LATEST_HISTORY_PROXY,PROXY,CURRENT_HISTORY_ONLY_NO_VINTAGE,false,true,true
1992-01-31,1992-01,68.41494,68.41494,指数2015=100,M,WAGE_MFG_HOURLY_FRED,FRED(OECD转载厚劳省),VALIDATED_MIRROR,,2026-03起水平断点;valid_to=2026-02(direct_model_use=false),2026-09-05,LATEST_HISTORY_PROXY,PROXY,CURRENT_HISTORY_ONLY_NO_VINTAGE,false,true,true
1992-02-29,1992-02,63.43568,63.43568,指数2015=100,M,WAGE_MFG_HOURLY_FRED,FRED(OECD转载厚劳省),VALIDATED_MIRROR,,2026-03起水平断点;valid_to=2026-02(direct_model_use=false),2026-09-05,LATEST_HISTORY_PROXY,PROXY,CURRENT_HISTORY_ONLY_NO_VINTAGE,false,true,true
1992-03-31,1992-03,64.63071,64.63071,指数2015=100,M,WAGE_MFG_HOURLY_FRED,FRED(OECD转载厚劳省),VALIDATED_MIRROR,,2026-03起水平断点;valid_to=2026-02(direct_model_use=false),2026-09-05,LATEST_HISTORY_PROXY,PROXY,CURRENT_HISTORY_ONLY_NO_VINTAGE,false,true,true
1992-04-30,1992-04,65.02905,65.02905,指数2015=100,M,WAGE_MFG_HOURLY_FRED,FRED(OECD转载厚劳省),VALIDATED_MIRROR,,2026-03起水平断点;valid_to=2026-02(direct_model_use=false),2026-09-05,LATEST_HISTORY_PROXY,PROXY,CURRENT_HISTORY_ONLY_NO_VINTAGE,false,true,true
1992-05-31,1992-05,65.12863,65.12863,指数2015=100,M,WAGE_MFG_HOURLY_FRED,FRED(OECD转载厚劳省),VALIDATED_MIRROR,,2026-03起水平断点;valid_to=2026-02(direct_model_use=false),2026-09-05,LATEST_HISTORY_PROXY,PROXY,CURRENT_HISTORY_ONLY_NO_VINTAGE,false,true,true
1992-06-30,1992-06,116.5145,116.5145,指数2015=100,M,WAGE_MFG_HOURLY_FRED,FRED(OECD转载厚劳省),VALIDATED_MIRROR,,2026-03起水平断点;valid_to=2026-02(direct_model_use=false),2026-09-05,LATEST_HISTORY_PROXY,PROXY,CURRENT_HISTORY_ONLY_NO_VINTAGE,false,true,true
1992-07-31,1992-07,130.2573,130.2573,指数2015=100,M,WAGE_MFG_HOURLY_FRED,FRED(OECD转载厚劳省),VALIDATED_MIRROR,,2026-03起水平断点;valid_to=2026-02(direct_model_use=false),2026-09-05,LATEST_HISTORY_PROXY,PROXY,CURRENT_HISTORY_ONLY_NO_VINTAGE,false,true,true
1992-08-31,1992-08,72.89626,72.89626,指数2015=100,M,WAGE_MFG_HOURLY_FRED,FRED(OECD转载厚劳省),VALIDATED_MIRROR,,2026-03起水平断点;valid_to=2026-02(direct_model_use=false),2026-09-05,LATEST_HISTORY_PROXY,PROXY,CURRENT_HISTORY_ONLY_NO_VINTAGE,false,true,true
1992-09-30,1992-09,64.73029,64.73029,指数2015=100,M,WAGE_MFG_HOURLY_FRED,FRED(OECD转载厚劳省),VALIDATED_MIRROR,,2026-03起水平断点;valid_to=2026-02(direct_model_use=false),2026-09-05,LATEST_HISTORY_PROXY,PROXY,CURRENT_HISTORY_ONLY_NO_VINTAGE,false,true,true
1992-10-31,1992-10,65.12863,65.12863,指数2015=100,M,WAGE_MFG_HOURLY_FRED,FRED(OECD转载厚劳省),VALIDATED_MIRROR,,2026-03起水平断点;valid_to=2026-02(direct_model_use=false),2026-09-05,LATEST_HISTORY_PROXY,PROXY,CURRENT_HISTORY_ONLY_NO_VINTAGE,false,true,true
1992-11-30,1992-11,69.60995,69.60995,指数2015=100,M,WAGE_MFG_HOURLY_FRED,FRED(OECD转载厚劳省),VALIDATED_MIRROR,,2026-03起水平断点;valid_to=2026-02(direct_model_use=false),2026-09-05,LATEST_HISTORY_PROXY,PROXY,CURRENT_HISTORY_ONLY_NO_VINTAGE,false,true,true
1992-12-31,1992-12,187.1203,187.1203,指数2015=100,M,WAGE_MFG_HOURLY_FRED,FRED(OECD转载厚劳省),VALIDATED_MIRROR,,2026-03起水平断点;valid_to=2026-02(direct_model_use=false),2026-09-05,LATEST_HISTORY_PROXY,PROXY,CURRENT_HISTORY_ONLY_NO_VINTAGE,false,true,true
1993-01-31,1993-01,65.92531,65.92531,指数2015=100,M,WAGE_MFG_HOURLY_FRED,FRED(OECD转载厚劳省),VALIDATED_MIRROR,,2026-03起水平断点;valid_to=2026-02(direct_model_use=false),2026-09-05,LATEST_HISTORY_PROXY,PROXY,CURRENT_HISTORY_ONLY_NO_VINTAGE,false,true,true
1993-02-28,1993-02,64.13278,64.13278,指数2015=100,M,WAGE_MFG_HOURLY_FRED,FRED(OECD转载厚劳省),VALIDATED_MIRROR,,2026-03起水平断点;valid_to=2026-02(direct_model_use=false),2026-09-05,LATEST_HISTORY_PROXY,PROXY,CURRENT_HISTORY_ONLY_NO_VINTAGE,false,true,true
1993-03-31,1993-03,65.22822,65.22822,指数2015=100,M,WAGE_MFG_HOURLY_FRED,FRED(OECD转载厚劳省),VALIDATED_MIRROR,,2026-03起水平断点;valid_to=2026-02(direct_model_use=false),2026-09-05,LATEST_HISTORY_PROXY,PROXY,CURRENT_HISTORY_ONLY_NO_VINTAGE,false,true,true
1993-04-30,1993-04,66.32365,66.32365,指数2015=100,M,WAGE_MFG_HOURLY_FRED,FRED(OECD转载厚劳省),VALIDATED_MIRROR,,2026-03起水平断点;valid_to=2026-02(direct_model_use=false),2026-09-05,LATEST_HISTORY_PROXY,PROXY,CURRENT_HISTORY_ONLY_NO_VINTAGE,false,true,true
1993-05-31,1993-05,66.72199,66.72199,指数2015=100,M,WAGE_MFG_HOURLY_FRED,FRED(OECD转载厚劳省),VALIDATED_MIRROR,,2026-03起水平断点;valid_to=2026-02(direct_model_use=false),2026-09-05,LATEST_HISTORY_PROXY,PROXY,CURRENT_HISTORY_ONLY_NO_VINTAGE,false,true,true
1993-06-30,1993-06,115.3195,115.3195,指数2015=100,M,WAGE_MFG_HOURLY_FRED,FRED(OECD转载厚劳省),VALIDATED_MIRROR,,2026-03起水平断点;valid_to=2026-02(direct_model_use=false),2026-09-05,LATEST_HISTORY_PROXY,PROXY,CURRENT_HISTORY_ONLY_NO_VINTAGE,false,true,true
1993-07-31,1993-07,128.7635,128.7635,指数2015=100,M,WAGE_MFG_HOURLY_FRED,FRED(OECD转载厚劳省),VALIDATED_MIRROR,,2026-03起水平断点;valid_to=2026-02(direct_model_use=false),2026-09-05,LATEST_HISTORY_PROXY,PROXY,CURRENT_HISTORY_ONLY_NO_VINTAGE,false,true,true
1993-08-31,1993-08,74.6888,74.6888,指数2015=100,M,WAGE_MFG_HOURLY_FRED,FRED(OECD转载厚劳省),VALIDATED_MIRROR,,2026-03起水平断点;valid_to=2026-02(direct_model_use=false),2026-09-05,LATEST_HISTORY_PROXY,PROXY,CURRENT_HISTORY_ONLY_NO_VINTAGE,false,true,true
1993-09-30,1993-09,65.72614,65.72614,指数2015=100,M,WAGE_MFG_HOURLY_FRED,FRED(OECD转载厚劳省),VALIDATED_MIRROR,,2026-03起水平断点;valid_to=2026-02(direct_model_use=false),2026-09-05,LATEST_HISTORY_PROXY,PROXY,CURRENT_HISTORY_ONLY_NO_VINTAGE,false,true,true
1993-10-31,1993-10,65.52697,65.52697,指数2015=100,M,WAGE_MFG_HOURLY_FRED,FRED(OECD转载厚劳省),VALIDATED_MIRROR,,2026-03起水平断点;valid_to=2026-02(direct_model_use=false),2026-09-05,LATEST_HISTORY_PROXY,PROXY,CURRENT_HISTORY_ONLY_NO_VINTAGE,false,true,true
1993-11-30,1993-11,70.70539,70.70539,指数2015=100,M,WAGE_MFG_HOURLY_FRED,FRED(OECD转载厚劳省),VALIDATED_MIRROR,,2026-03起水平断点;valid_to=2026-02(direct_model_use=false),2026-09-05,LATEST_HISTORY_PROXY,PROXY,CURRENT_HISTORY_ONLY_NO_VINTAGE,false,true,true
1993-12-31,1993-12,185.1286,185.1286,指数2015=100,M,WAGE_MFG_HOURLY_FRED,FRED(OECD转载厚劳省),VALIDATED_MIRROR,,2026-03起水平断点;valid_to=2026-02(direct_model_use=false),2026-09-05,LATEST_HISTORY_PROXY,PROXY,CURRENT_HISTORY_ONLY_NO_VINTAGE,false,true,true
1994-01-31,1994-01,68.91286,68.91286,指数2015=100,M,WAGE_MFG_HOURLY_FRED,FRED(OECD转载厚劳省),VALIDATED_MIRROR,,2026-03起水平断点;valid_to=2026-02(direct_model_use=false),2026-09-05,LATEST_HISTORY_PROXY,PROXY,CURRENT_HISTORY_ONLY_NO_VINTAGE,false,true,true
1994-02-28,1994-02,65.3278,65.3278,指数2015=100,M,WAGE_MFG_HOURLY_FRED,FRED(OECD转载厚劳省),VALIDATED_MIRROR,,2026-03起水平断点;valid_to=2026-02(direct_model_use=false),2026-09-05,LATEST_HISTORY_PROXY,PROXY,CURRENT_HISTORY_ONLY_NO_VINTAGE,false,true,true
1994-03-31,1994-03,66.82158,66.82158,指数2015=100,M,WAGE_MFG_HOURLY_FRED,FRED(OECD转载厚劳省),VALIDATED_MIRROR,,2026-03起水平断点;valid_to=2026-02(direct_model_use=false),2026-09-05,LATEST_HISTORY_PROXY,PROXY,CURRENT_HISTORY_ONLY_NO_VINTAGE,false,true,true
1994-04-30,1994-04,67.71784,67.71784,指数2015=100,M,WAGE_MFG_HOURLY_FRED,FRED(OECD转载厚劳省),VALIDATED_MIRROR,,2026-03起水平断点;valid_to=2026-02(direct_model_use=false),2026-09-05,LATEST_HISTORY_PROXY,PROXY,CURRENT_HISTORY_ONLY_NO_VINTAGE,false,true,true
1994-05-31,1994-05,67.3195,67.3195,指数2015=100,M,WAGE_MFG_HOURLY_FRED,FRED(OECD转载厚劳省),VALIDATED_MIRROR,,2026-03起水平断点;valid_to=2026-02(direct_model_use=false),2026-09-05,LATEST_HISTORY_PROXY,PROXY,CURRENT_HISTORY_ONLY_NO_VINTAGE,false,true,true
1994-06-30,1994-06,125.9751,125.9751,指数2015=100,M,WAGE_MFG_HOURLY_FRED,FRED(OECD转载厚劳省),VALIDATED_MIRROR,,2026-03起水平断点;valid_to=2026-02(direct_model_use=false),2026-09-05,LATEST_HISTORY_PROXY,PROXY,CURRENT_HISTORY_ONLY_NO_VINTAGE,false,true,true
1994-07-31,1994-07,122.1909,122.1909,指数2015=100,M,WAGE_MFG_HOURLY_FRED,FRED(OECD转载厚劳省),VALIDATED_MIRROR,,2026-03起水平断点;valid_to=2026-02(direct_model_use=false),2026-09-05,LATEST_HISTORY_PROXY,PROXY,CURRENT_HISTORY_ONLY_NO_VINTAGE,false,true,true
1994-08-31,1994-08,73.9917,73.9917,指数2015=100,M,WAGE_MFG_HOURLY_FRED,FRED(OECD转载厚劳省),VALIDATED_MIRROR,,2026-03起水平断点;valid_to=2026-02(direct_model_use=false),2026-09-05,LATEST_HISTORY_PROXY,PROXY,CURRENT_HISTORY_ONLY_NO_VINTAGE,false,true,true
1994-09-30,1994-09,68.01659,68.01659,指数2015=100,M,WAGE_MFG_HOURLY_FRED,FRED(OECD转载厚劳省),VALIDATED_MIRROR,,2026-03起水平断点;valid_to=2026-02(direct_model_use=false),2026-09-05,LATEST_HISTORY_PROXY,PROXY,CURRENT_HISTORY_ONLY_NO_VINTAGE,false,true,true
1994-10-31,1994-10,68.11618,68.11618,指数2015=100,M,WAGE_MFG_HOURLY_FRED,FRED(OECD转载厚劳省),VALIDATED_MIRROR,,2026-03起水平断点;valid_to=2026-02(direct_model_use=false),2026-09-05,LATEST_HISTORY_PROXY,PROXY,CURRENT_HISTORY_ONLY_NO_VINTAGE,false,true,true
1994-11-30,1994-11,73.29461,73.29461,指数2015=100,M,WAGE_MFG_HOURLY_FRED,FRED(OECD转载厚劳省),VALIDATED_MIRROR,,2026-03起水平断点;valid_to=2026-02(direct_model_use=false),2026-09-05,LATEST_HISTORY_PROXY,PROXY,CURRENT_HISTORY_ONLY_NO_VINTAGE,false,true,true
1994-12-31,1994-12,187.8174,187.8174,指数2015=100,M,WAGE_MFG_HOURLY_FRED,FRED(OECD转载厚劳省),VALIDATED_MIRROR,,2026-03起水平断点;valid_to=2026-02(direct_model_use=false),2026-09-05,LATEST_HISTORY_PROXY,PROXY,CURRENT_HISTORY_ONLY_NO_VINTAGE,false,true,true
1995-01-31,1995-01,72.19917,72.19917,指数2015=100,M,WAGE_MFG_HOURLY_FRED,FRED(OECD转载厚劳省),VALIDATED_MIRROR,,2026-03起水平断点;valid_to=2026-02(direct_model_use=false),2026-09-05,LATEST_HISTORY_PROXY,PROXY,CURRENT_HISTORY_ONLY_NO_VINTAGE,false,true,true
1995-02-28,1995-02,67.81743,67.81743,指数2015=100,M,WAGE_MFG_HOURLY_FRED,FRED(OECD转载厚劳省),VALIDATED_MIRROR,,2026-03起水平断点;valid_to=2026-02(direct_model_use=false),2026-09-05,LATEST_HISTORY_PROXY,PROXY,CURRENT_HISTORY_ONLY_NO_VINTAGE,false,true,true
1995-03-31,1995-03,69.3112,69.3112,指数2015=100,M,WAGE_MFG_HOURLY_FRED,FRED(OECD转载厚劳省),VALIDATED_MIRROR,,2026-03起水平断点;valid_to=2026-02(direct_model_use=false),2026-09-05,LATEST_HISTORY_PROXY,PROXY,CURRENT_HISTORY_ONLY_NO_VINTAGE,false,true,true
1995-04-30,1995-04,70.0083,70.0083,指数2015=100,M,WAGE_MFG_HOURLY_FRED,FRED(OECD转载厚劳省),VALIDATED_MIRROR,,2026-03起水平断点;valid_to=2026-02(direct_model_use=false),2026-09-05,LATEST_HISTORY_PROXY,PROXY,CURRENT_HISTORY_ONLY_NO_VINTAGE,false,true,true
1995-05-31,1995-05,69.70954,69.70954,指数2015=100,M,WAGE_MFG_HOURLY_FRED,FRED(OECD转载厚劳省),VALIDATED_MIRROR,,2026-03起水平断点;valid_to=2026-02(direct_model_use=false),2026-09-05,LATEST_HISTORY_PROXY,PROXY,CURRENT_HISTORY_ONLY_NO_VINTAGE,false,true,true
1995-06-30,1995-06,127.1701,127.1701,指数2015=100,M,WAGE_MFG_HOURLY_FRED,FRED(OECD转载厚劳省),VALIDATED_MIRROR,,2026-03起水平断点;valid_to=2026-02(direct_model_use=false),2026-09-05,LATEST_HISTORY_PROXY,PROXY,CURRENT_HISTORY_ONLY_NO_VINTAGE,false,true,true
1995-07-31,1995-07,130.1577,130.1577,指数2015=100,M,WAGE_MFG_HOURLY_FRED,FRED(OECD转载厚劳省),VALIDATED_MIRROR,,2026-03起水平断点;valid_to=2026-02(direct_model_use=false),2026-09-05,LATEST_HISTORY_PROXY,PROXY,CURRENT_HISTORY_ONLY_NO_VINTAGE,false,true,true
1995-08-31,1995-08,74.39005,74.39005,指数2015=100,M,WAGE_MFG_HOURLY_FRED,FRED(OECD转载厚劳省),VALIDATED_MIRROR,,2026-03起水平断点;valid_to=2026-02(direct_model_use=false),2026-09-05,LATEST_HISTORY_PROXY,PROXY,CURRENT_HISTORY_ONLY_NO_VINTAGE,false,true,true
1995-09-30,1995-09,69.60995,69.60995,指数2015=100,M,WAGE_MFG_HOURLY_FRED,FRED(OECD转载厚劳省),VALIDATED_MIRROR,,2026-03起水平断点;valid_to=2026-02(direct_model_use=false),2026-09-05,LATEST_HISTORY_PROXY,PROXY,CURRENT_HISTORY_ONLY_NO_VINTAGE,false,true,true
1995-10-31,1995-10,69.70954,69.70954,指数2015=100,M,WAGE_MFG_HOURLY_FRED,FRED(OECD转载厚劳省),VALIDATED_MIRROR,,2026-03起水平断点;valid_to=2026-02(direct_model_use=false),2026-09-05,LATEST_HISTORY_PROXY,PROXY,CURRENT_HISTORY_ONLY_NO_VINTAGE,false,true,true
1995-11-30,1995-11,74.39005,74.39005,指数2015=100,M,WAGE_MFG_HOURLY_FRED,FRED(OECD转载厚劳省),VALIDATED_MIRROR,,2026-03起水平断点;valid_to=2026-02(direct_model_use=false),2026-09-05,LATEST_HISTORY_PROXY,PROXY,CURRENT_HISTORY_ONLY_NO_VINTAGE,false,true,true
1995-12-31,1995-12,195.6846,195.6846,指数2015=100,M,WAGE_MFG_HOURLY_FRED,FRED(OECD转载厚劳省),VALIDATED_MIRROR,,2026-03起水平断点;valid_to=2026-02(direct_model_use=false),2026-09-05,LATEST_HISTORY_PROXY,PROXY,CURRENT_HISTORY_ONLY_NO_VINTAGE,false,true,true
1996-01-31,1996-01,72.09959,72.09959,指数2015=100,M,WAGE_MFG_HOURLY_FRED,FRED(OECD转载厚劳省),VALIDATED_MIRROR,,2026-03起水平断点;valid_to=2026-02(direct_model_use=false),2026-09-05,LATEST_HISTORY_PROXY,PROXY,CURRENT_HISTORY_ONLY_NO_VINTAGE,false,true,true
1996-02-29,1996-02,69.70954,69.70954,指数2015=100,M,WAGE_MFG_HOURLY_FRED,FRED(OECD转载厚劳省),VALIDATED_MIRROR,,2026-03起水平断点;valid_to=2026-02(direct_model_use=false),2026-09-05,LATEST_HISTORY_PROXY,PROXY,CURRENT_HISTORY_ONLY_NO_VINTAGE,false,true,true
1996-03-31,1996-03,71.20332,71.20332,指数2015=100,M,WAGE_MFG_HOURLY_FRED,FRED(OECD转载厚劳省),VALIDATED_MIRROR,,2026-03起水平断点;valid_to=2026-02(direct_model_use=false),2026-09-05,LATEST_HISTORY_PROXY,PROXY,CURRENT_HISTORY_ONLY_NO_VINTAGE,false,true,true
1996-04-30,1996-04,71.60166,71.60166,指数2015=100,M,WAGE_MFG_HOURLY_FRED,FRED(OECD转载厚劳省),VALIDATED_MIRROR,,2026-03起水平断点;valid_to=2026-02(direct_model_use=false),2026-09-05,LATEST_HISTORY_PROXY,PROXY,CURRENT_HISTORY_ONLY_NO_VINTAGE,false,true,true
1996-05-31,1996-05,71.20332,71.20332,指数2015=100,M,WAGE_MFG_HOURLY_FRED,FRED(OECD转载厚劳省),VALIDATED_MIRROR,,2026-03起水平断点;valid_to=2026-02(direct_model_use=false),2026-09-05,LATEST_HISTORY_PROXY,PROXY,CURRENT_HISTORY_ONLY_NO_VINTAGE,false,true,true
1996-06-30,1996-06,128.2656,128.2656,指数2015=100,M,WAGE_MFG_HOURLY_FRED,FRED(OECD转载厚劳省),VALIDATED_MIRROR,,2026-03起水平断点;valid_to=2026-02(direct_model_use=false),2026-09-05,LATEST_HISTORY_PROXY,PROXY,CURRENT_HISTORY_ONLY_NO_VINTAGE,false,true,true
1996-07-31,1996-07,134.9378,134.9378,指数2015=100,M,WAGE_MFG_HOURLY_FRED,FRED(OECD转载厚劳省),VALIDATED_MIRROR,,2026-03起水平断点;valid_to=2026-02(direct_model_use=false),2026-09-05,LATEST_HISTORY_PROXY,PROXY,CURRENT_HISTORY_ONLY_NO_VINTAGE,false,true,true
1996-08-31,1996-08,80.16598,80.16598,指数2015=100,M,WAGE_MFG_HOURLY_FRED,FRED(OECD转载厚劳省),VALIDATED_MIRROR,,2026-03起水平断点;valid_to=2026-02(direct_model_use=false),2026-09-05,LATEST_HISTORY_PROXY,PROXY,CURRENT_HISTORY_ONLY_NO_VINTAGE,false,true,true
1996-09-30,1996-09,71.50208,71.50208,指数2015=100,M,WAGE_MFG_HOURLY_FRED,FRED(OECD转载厚劳省),VALIDATED_MIRROR,,2026-03起水平断点;valid_to=2026-02(direct_model_use=false),2026-09-05,LATEST_HISTORY_PROXY,PROXY,CURRENT_HISTORY_ONLY_NO_VINTAGE,false,true,true
1996-10-31,1996-10,71.60166,71.60166,指数2015=100,M,WAGE_MFG_HOURLY_FRED,FRED(OECD转载厚劳省),VALIDATED_MIRROR,,2026-03起水平断点;valid_to=2026-02(direct_model_use=false),2026-09-05,LATEST_HISTORY_PROXY,PROXY,CURRENT_HISTORY_ONLY_NO_VINTAGE,false,true,true
1996-11-30,1996-11,76.18257,76.18257,指数2015=100,M,WAGE_MFG_HOURLY_FRED,FRED(OECD转载厚劳省),VALIDATED_MIRROR,,2026-03起水平断点;valid_to=2026-02(direct_model_use=false),2026-09-05,LATEST_HISTORY_PROXY,PROXY,CURRENT_HISTORY_ONLY_NO_VINTAGE,false,true,true
1996-12-31,1996-12,198.473,198.473,指数2015=100,M,WAGE_MFG_HOURLY_FRED,FRED(OECD转载厚劳省),VALIDATED_MIRROR,,2026-03起水平断点;valid_to=2026-02(direct_model_use=false),2026-09-05,LATEST_HISTORY_PROXY,PROXY,CURRENT_HISTORY_ONLY_NO_VINTAGE,false,true,true
1997-01-31,1997-01,79.17013,79.17013,指数2015=100,M,WAGE_MFG_HOURLY_FRED,FRED(OECD转载厚劳省),VALIDATED_MIRROR,,2026-03起水平断点;valid_to=2026-02(direct_model_use=false),2026-09-05,LATEST_HISTORY_PROXY,PROXY,CURRENT_HISTORY_ONLY_NO_VINTAGE,false,true,true
1997-02-28,1997-02,71.90041,71.90041,指数2015=100,M,WAGE_MFG_HOURLY_FRED,FRED(OECD转载厚劳省),VALIDATED_MIRROR,,2026-03起水平断点;valid_to=2026-02(direct_model_use=false),2026-09-05,LATEST_HISTORY_PROXY,PROXY,CURRENT_HISTORY_ONLY_NO_VINTAGE,false,true,true
1997-03-31,1997-03,72.89626,72.89626,指数2015=100,M,WAGE_MFG_HOURLY_FRED,FRED(OECD转载厚劳省),VALIDATED_MIRROR,,2026-03起水平断点;valid_to=2026-02(direct_model_use=false),2026-09-05,LATEST_HISTORY_PROXY,PROXY,CURRENT_HISTORY_ONLY_NO_VINTAGE,false,true,true
1997-04-30,1997-04,73.49377,73.49377,指数2015=100,M,WAGE_MFG_HOURLY_FRED,FRED(OECD转载厚劳省),VALIDATED_MIRROR,,2026-03起水平断点;valid_to=2026-02(direct_model_use=false),2026-09-05,LATEST_HISTORY_PROXY,PROXY,CURRENT_HISTORY_ONLY_NO_VINTAGE,false,true,true
1997-05-31,1997-05,73.19502,73.19502,指数2015=100,M,WAGE_MFG_HOURLY_FRED,FRED(OECD转载厚劳省),VALIDATED_MIRROR,,2026-03起水平断点;valid_to=2026-02(direct_model_use=false),2026-09-05,LATEST_HISTORY_PROXY,PROXY,CURRENT_HISTORY_ONLY_NO_VINTAGE,false,true,true
1997-06-30,1997-06,132.0498,132.0498,指数2015=100,M,WAGE_MFG_HOURLY_FRED,FRED(OECD转载厚劳省),VALIDATED_MIRROR,,2026-03起水平断点;valid_to=2026-02(direct_model_use=false),2026-09-05,LATEST_HISTORY_PROXY,PROXY,CURRENT_HISTORY_ONLY_NO_VINTAGE,false,true,true
1997-07-31,1997-07,139.1203,139.1203,指数2015=100,M,WAGE_MFG_HOURLY_FRED,FRED(OECD转载厚劳省),VALIDATED_MIRROR,,2026-03起水平断点;valid_to=2026-02(direct_model_use=false),2026-09-05,LATEST_HISTORY_PROXY,PROXY,CURRENT_HISTORY_ONLY_NO_VINTAGE,false,true,true
1997-08-31,1997-08,82.45643,82.45643,指数2015=100,M,WAGE_MFG_HOURLY_FRED,FRED(OECD转载厚劳省),VALIDATED_MIRROR,,2026-03起水平断点;valid_to=2026-02(direct_model_use=false),2026-09-05,LATEST_HISTORY_PROXY,PROXY,CURRENT_HISTORY_ONLY_NO_VINTAGE,false,true,true
1997-09-30,1997-09,72.6971,72.6971,指数2015=100,M,WAGE_MFG_HOURLY_FRED,FRED(OECD转载厚劳省),VALIDATED_MIRROR,,2026-03起水平断点;valid_to=2026-02(direct_model_use=false),2026-09-05,LATEST_HISTORY_PROXY,PROXY,CURRENT_HISTORY_ONLY_NO_VINTAGE,false,true,true
1997-10-31,1997-10,72.6971,72.6971,指数2015=100,M,WAGE_MFG_HOURLY_FRED,FRED(OECD转载厚劳省),VALIDATED_MIRROR,,2026-03起水平断点;valid_to=2026-02(direct_model_use=false),2026-09-05,LATEST_HISTORY_PROXY,PROXY,CURRENT_HISTORY_ONLY_NO_VINTAGE,false,true,true
1997-11-30,1997-11,77.67635,77.67635,指数2015=100,M,WAGE_MFG_HOURLY_FRED,FRED(OECD转载厚劳省),VALIDATED_MIRROR,,2026-03起水平断点;valid_to=2026-02(direct_model_use=false),2026-09-05,LATEST_HISTORY_PROXY,PROXY,CURRENT_HISTORY_ONLY_NO_VINTAGE,false,true,true
1997-12-31,1997-12,201.4606,201.4606,指数2015=100,M,WAGE_MFG_HOURLY_FRED,FRED(OECD转载厚劳省),VALIDATED_MIRROR,,2026-03起水平断点;valid_to=2026-02(direct_model_use=false),2026-09-05,LATEST_HISTORY_PROXY,PROXY,CURRENT_HISTORY_ONLY_NO_VINTAGE,false,true,true
1998-01-31,1998-01,78.77178,78.77178,指数2015=100,M,WAGE_MFG_HOURLY_FRED,FRED(OECD转载厚劳省),VALIDATED_MIRROR,,2026-03起水平断点;valid_to=2026-02(direct_model_use=false),2026-09-05,LATEST_HISTORY_PROXY,PROXY,CURRENT_HISTORY_ONLY_NO_VINTAGE,false,true,true
1998-02-28,1998-02,72.09959,72.09959,指数2015=100,M,WAGE_MFG_HOURLY_FRED,FRED(OECD转载厚劳省),VALIDATED_MIRROR,,2026-03起水平断点;valid_to=2026-02(direct_model_use=false),2026-09-05,LATEST_HISTORY_PROXY,PROXY,CURRENT_HISTORY_ONLY_NO_VINTAGE,false,true,true
1998-03-31,1998-03,73.09544,73.09544,指数2015=100,M,WAGE_MFG_HOURLY_FRED,FRED(OECD转载厚劳省),VALIDATED_MIRROR,,2026-03起水平断点;valid_to=2026-02(direct_model_use=false),2026-09-05,LATEST_HISTORY_PROXY,PROXY,CURRENT_HISTORY_ONLY_NO_VINTAGE,false,true,true
1998-04-30,1998-04,73.29461,73.29461,指数2015=100,M,WAGE_MFG_HOURLY_FRED,FRED(OECD转载厚劳省),VALIDATED_MIRROR,,2026-03起水平断点;valid_to=2026-02(direct_model_use=false),2026-09-05,LATEST_HISTORY_PROXY,PROXY,CURRENT_HISTORY_ONLY_NO_VINTAGE,false,true,true
1998-05-31,1998-05,73.09544,73.09544,指数2015=100,M,WAGE_MFG_HOURLY_FRED,FRED(OECD转载厚劳省),VALIDATED_MIRROR,,2026-03起水平断点;valid_to=2026-02(direct_model_use=false),2026-09-05,LATEST_HISTORY_PROXY,PROXY,CURRENT_HISTORY_ONLY_NO_VINTAGE,false,true,true
1998-06-30,1998-06,131.8506,131.8506,指数2015=100,M,WAGE_MFG_HOURLY_FRED,FRED(OECD转载厚劳省),VALIDATED_MIRROR,,2026-03起水平断点;valid_to=2026-02(direct_model_use=false),2026-09-05,LATEST_HISTORY_PROXY,PROXY,CURRENT_HISTORY_ONLY_NO_VINTAGE,false,true,true
1998-07-31,1998-07,135.7344,135.7344,指数2015=100,M,WAGE_MFG_HOURLY_FRED,FRED(OECD转载厚劳省),VALIDATED_MIRROR,,2026-03起水平断点;valid_to=2026-02(direct_model_use=false),2026-09-05,LATEST_HISTORY_PROXY,PROXY,CURRENT_HISTORY_ONLY_NO_VINTAGE,false,true,true
1998-08-31,1998-08,80.26556,80.26556,指数2015=100,M,WAGE_MFG_HOURLY_FRED,FRED(OECD转载厚劳省),VALIDATED_MIRROR,,2026-03起水平断点;valid_to=2026-02(direct_model_use=false),2026-09-05,LATEST_HISTORY_PROXY,PROXY,CURRENT_HISTORY_ONLY_NO_VINTAGE,false,true,true
1998-09-30,1998-09,72.59751,72.59751,指数2015=100,M,WAGE_MFG_HOURLY_FRED,FRED(OECD转载厚劳省),VALIDATED_MIRROR,,2026-03起水平断点;valid_to=2026-02(direct_model_use=false),2026-09-05,LATEST_HISTORY_PROXY,PROXY,CURRENT_HISTORY_ONLY_NO_VINTAGE,false,true,true
1998-10-31,1998-10,72.99585,72.99585,指数2015=100,M,WAGE_MFG_HOURLY_FRED,FRED(OECD转载厚劳省),VALIDATED_MIRROR,,2026-03起水平断点;valid_to=2026-02(direct_model_use=false),2026-09-05,LATEST_HISTORY_PROXY,PROXY,CURRENT_HISTORY_ONLY_NO_VINTAGE,false,true,true
1998-11-30,1998-11,78.87137,78.87137,指数2015=100,M,WAGE_MFG_HOURLY_FRED,FRED(OECD转载厚劳省),VALIDATED_MIRROR,,2026-03起水平断点;valid_to=2026-02(direct_model_use=false),2026-09-05,LATEST_HISTORY_PROXY,PROXY,CURRENT_HISTORY_ONLY_NO_VINTAGE,false,true,true
1998-12-31,1998-12,193.0954,193.0954,指数2015=100,M,WAGE_MFG_HOURLY_FRED,FRED(OECD转载厚劳省),VALIDATED_MIRROR,,2026-03起水平断点;valid_to=2026-02(direct_model_use=false),2026-09-05,LATEST_HISTORY_PROXY,PROXY,CURRENT_HISTORY_ONLY_NO_VINTAGE,false,true,true
1999-01-31,1999-01,76.97926,76.97926,指数2015=100,M,WAGE_MFG_HOURLY_FRED,FRED(OECD转载厚劳省),VALIDATED_MIRROR,,2026-03起水平断点;valid_to=2026-02(direct_model_use=false),2026-09-05,LATEST_HISTORY_PROXY,PROXY,CURRENT_HISTORY_ONLY_NO_VINTAGE,false,true,true
1999-02-28,1999-02,72.49792,72.49792,指数2015=100,M,WAGE_MFG_HOURLY_FRED,FRED(OECD转载厚劳省),VALIDATED_MIRROR,,2026-03起水平断点;valid_to=2026-02(direct_model_use=false),2026-09-05,LATEST_HISTORY_PROXY,PROXY,CURRENT_HISTORY_ONLY_NO_VINTAGE,false,true,true
1999-03-31,1999-03,73.79253,73.79253,指数2015=100,M,WAGE_MFG_HOURLY_FRED,FRED(OECD转载厚劳省),VALIDATED_MIRROR,,2026-03起水平断点;valid_to=2026-02(direct_model_use=false),2026-09-05,LATEST_HISTORY_PROXY,PROXY,CURRENT_HISTORY_ONLY_NO_VINTAGE,false,true,true
1999-04-30,1999-04,74.19087,74.19087,指数2015=100,M,WAGE_MFG_HOURLY_FRED,FRED(OECD转载厚劳省),VALIDATED_MIRROR,,2026-03起水平断点;valid_to=2026-02(direct_model_use=false),2026-09-05,LATEST_HISTORY_PROXY,PROXY,CURRENT_HISTORY_ONLY_NO_VINTAGE,false,true,true
1999-05-31,1999-05,73.19502,73.19502,指数2015=100,M,WAGE_MFG_HOURLY_FRED,FRED(OECD转载厚劳省),VALIDATED_MIRROR,,2026-03起水平断点;valid_to=2026-02(direct_model_use=false),2026-09-05,LATEST_HISTORY_PROXY,PROXY,CURRENT_HISTORY_ONLY_NO_VINTAGE,false,true,true
1999-06-30,1999-06,126.0747,126.0747,指数2015=100,M,WAGE_MFG_HOURLY_FRED,FRED(OECD转载厚劳省),VALIDATED_MIRROR,,2026-03起水平断点;valid_to=2026-02(direct_model_use=false),2026-09-05,LATEST_HISTORY_PROXY,PROXY,CURRENT_HISTORY_ONLY_NO_VINTAGE,false,true,true
1999-07-31,1999-07,131.9502,131.9502,指数2015=100,M,WAGE_MFG_HOURLY_FRED,FRED(OECD转载厚劳省),VALIDATED_MIRROR,,2026-03起水平断点;valid_to=2026-02(direct_model_use=false),2026-09-05,LATEST_HISTORY_PROXY,PROXY,CURRENT_HISTORY_ONLY_NO_VINTAGE,false,true,true
1999-08-31,1999-08,80.56432,80.56432,指数2015=100,M,WAGE_MFG_HOURLY_FRED,FRED(OECD转载厚劳省),VALIDATED_MIRROR,,2026-03起水平断点;valid_to=2026-02(direct_model_use=false),2026-09-05,LATEST_HISTORY_PROXY,PROXY,CURRENT_HISTORY_ONLY_NO_VINTAGE,false,true,true
1999-09-30,1999-09,73.79253,73.79253,指数2015=100,M,WAGE_MFG_HOURLY_FRED,FRED(OECD转载厚劳省),VALIDATED_MIRROR,,2026-03起水平断点;valid_to=2026-02(direct_model_use=false),2026-09-05,LATEST_HISTORY_PROXY,PROXY,CURRENT_HISTORY_ONLY_NO_VINTAGE,false,true,true
1999-10-31,1999-10,73.9917,73.9917,指数2015=100,M,WAGE_MFG_HOURLY_FRED,FRED(OECD转载厚劳省),VALIDATED_MIRROR,,2026-03起水平断点;valid_to=2026-02(direct_model_use=false),2026-09-05,LATEST_HISTORY_PROXY,PROXY,CURRENT_HISTORY_ONLY_NO_VINTAGE,false,true,true
1999-11-30,1999-11,79.17013,79.17013,指数2015=100,M,WAGE_MFG_HOURLY_FRED,FRED(OECD转载厚劳省),VALIDATED_MIRROR,,2026-03起水平断点;valid_to=2026-02(direct_model_use=false),2026-09-05,LATEST_HISTORY_PROXY,PROXY,CURRENT_HISTORY_ONLY_NO_VINTAGE,false,true,true
1999-12-31,1999-12,188.9129,188.9129,指数2015=100,M,WAGE_MFG_HOURLY_FRED,FRED(OECD转载厚劳省),VALIDATED_MIRROR,,2026-03起水平断点;valid_to=2026-02(direct_model_use=false),2026-09-05,LATEST_HISTORY_PROXY,PROXY,CURRENT_HISTORY_ONLY_NO_VINTAGE,false,true,true
2000-01-31,2000-01,78.97095,78.97095,指数2015=100,M,WAGE_MFG_HOURLY_FRED,FRED(OECD转载厚劳省),VALIDATED_MIRROR,,2026-03起水平断点;valid_to=2026-02(direct_model_use=false),2026-09-05,LATEST_HISTORY_PROXY,PROXY,CURRENT_HISTORY_ONLY_NO_VINTAGE,false,true,true
2000-02-29,2000-02,73.89211,73.89211,指数2015=100,M,WAGE_MFG_HOURLY_FRED,FRED(OECD转载厚劳省),VALIDATED_MIRROR,,2026-03起水平断点;valid_to=2026-02(direct_model_use=false),2026-09-05,LATEST_HISTORY_PROXY,PROXY,CURRENT_HISTORY_ONLY_NO_VINTAGE,false,true,true
2000-03-31,2000-03,75.58506,75.58506,指数2015=100,M,WAGE_MFG_HOURLY_FRED,FRED(OECD转载厚劳省),VALIDATED_MIRROR,,2026-03起水平断点;valid_to=2026-02(direct_model_use=false),2026-09-05,LATEST_HISTORY_PROXY,PROXY,CURRENT_HISTORY_ONLY_NO_VINTAGE,false,true,true
2000-04-30,2000-04,75.98341,75.98341,指数2015=100,M,WAGE_MFG_HOURLY_FRED,FRED(OECD转载厚劳省),VALIDATED_MIRROR,,2026-03起水平断点;valid_to=2026-02(direct_model_use=false),2026-09-05,LATEST_HISTORY_PROXY,PROXY,CURRENT_HISTORY_ONLY_NO_VINTAGE,false,true,true
2000-05-31,2000-05,75.18672,75.18672,指数2015=100,M,WAGE_MFG_HOURLY_FRED,FRED(OECD转载厚劳省),VALIDATED_MIRROR,,2026-03起水平断点;valid_to=2026-02(direct_model_use=false),2026-09-05,LATEST_HISTORY_PROXY,PROXY,CURRENT_HISTORY_ONLY_NO_VINTAGE,false,true,true
2000-06-30,2000-06,129.361,129.361,指数2015=100,M,WAGE_MFG_HOURLY_FRED,FRED(OECD转载厚劳省),VALIDATED_MIRROR,,2026-03起水平断点;valid_to=2026-02(direct_model_use=false),2026-09-05,LATEST_HISTORY_PROXY,PROXY,CURRENT_HISTORY_ONLY_NO_VINTAGE,false,true,true
2000-07-31,2000-07,134.1411,134.1411,指数2015=100,M,WAGE_MFG_HOURLY_FRED,FRED(OECD转载厚劳省),VALIDATED_MIRROR,,2026-03起水平断点;valid_to=2026-02(direct_model_use=false),2026-09-05,LATEST_HISTORY_PROXY,PROXY,CURRENT_HISTORY_ONLY_NO_VINTAGE,false,true,true
2000-08-31,2000-08,82.15768,82.15768,指数2015=100,M,WAGE_MFG_HOURLY_FRED,FRED(OECD转载厚劳省),VALIDATED_MIRROR,,2026-03起水平断点;valid_to=2026-02(direct_model_use=false),2026-09-05,LATEST_HISTORY_PROXY,PROXY,CURRENT_HISTORY_ONLY_NO_VINTAGE,false,true,true
2000-09-30,2000-09,75.08714,75.08714,指数2015=100,M,WAGE_MFG_HOURLY_FRED,FRED(OECD转载厚劳省),VALIDATED_MIRROR,,2026-03起水平断点;valid_to=2026-02(direct_model_use=false),2026-09-05,LATEST_HISTORY_PROXY,PROXY,CURRENT_HISTORY_ONLY_NO_VINTAGE,false,true,true
2000-10-31,2000-10,75.28631,75.28631,指数2015=100,M,WAGE_MFG_HOURLY_FRED,FRED(OECD转载厚劳省),VALIDATED_MIRROR,,2026-03起水平断点;valid_to=2026-02(direct_model_use=false),2026-09-05,LATEST_HISTORY_PROXY,PROXY,CURRENT_HISTORY_ONLY_NO_VINTAGE,false,true,true
2000-11-30,2000-11,79.46888,79.46888,指数2015=100,M,WAGE_MFG_HOURLY_FRED,FRED(OECD转载厚劳省),VALIDATED_MIRROR,,2026-03起水平断点;valid_to=2026-02(direct_model_use=false),2026-09-05,LATEST_HISTORY_PROXY,PROXY,CURRENT_HISTORY_ONLY_NO_VINTAGE,false,true,true
2000-12-31,2000-12,192.7967,192.7967,指数2015=100,M,WAGE_MFG_HOURLY_FRED,FRED(OECD转载厚劳省),VALIDATED_MIRROR,,2026-03起水平断点;valid_to=2026-02(direct_model_use=false),2026-09-05,LATEST_HISTORY_PROXY,PROXY,CURRENT_HISTORY_ONLY_NO_VINTAGE,false,true,true
2001-01-31,2001-01,78.97095,78.97095,指数2015=100,M,WAGE_MFG_HOURLY_FRED,FRED(OECD转载厚劳省),VALIDATED_MIRROR,,2026-03起水平断点;valid_to=2026-02(direct_model_use=false),2026-09-05,LATEST_HISTORY_PROXY,PROXY,CURRENT_HISTORY_ONLY_NO_VINTAGE,false,true,true
2001-02-28,2001-02,74.88797,74.88797,指数2015=100,M,WAGE_MFG_HOURLY_FRED,FRED(OECD转载厚劳省),VALIDATED_MIRROR,,2026-03起水平断点;valid_to=2026-02(direct_model_use=false),2026-09-05,LATEST_HISTORY_PROXY,PROXY,CURRENT_HISTORY_ONLY_NO_VINTAGE,false,true,true
2001-03-31,2001-03,75.98341,75.98341,指数2015=100,M,WAGE_MFG_HOURLY_FRED,FRED(OECD转载厚劳省),VALIDATED_MIRROR,,2026-03起水平断点;valid_to=2026-02(direct_model_use=false),2026-09-05,LATEST_HISTORY_PROXY,PROXY,CURRENT_HISTORY_ONLY_NO_VINTAGE,false,true,true
2001-04-30,2001-04,76.08298,76.08298,指数2015=100,M,WAGE_MFG_HOURLY_FRED,FRED(OECD转载厚劳省),VALIDATED_MIRROR,,2026-03起水平断点;valid_to=2026-02(direct_model_use=false),2026-09-05,LATEST_HISTORY_PROXY,PROXY,CURRENT_HISTORY_ONLY_NO_VINTAGE,false,true,true
2001-05-31,2001-05,75.08714,75.08714,指数2015=100,M,WAGE_MFG_HOURLY_FRED,FRED(OECD转载厚劳省),VALIDATED_MIRROR,,2026-03起水平断点;valid_to=2026-02(direct_model_use=false),2026-09-05,LATEST_HISTORY_PROXY,PROXY,CURRENT_HISTORY_ONLY_NO_VINTAGE,false,true,true
2001-06-30,2001-06,132.0498,132.0498,指数2015=100,M,WAGE_MFG_HOURLY_FRED,FRED(OECD转载厚劳省),VALIDATED_MIRROR,,2026-03起水平断点;valid_to=2026-02(direct_model_use=false),2026-09-05,LATEST_HISTORY_PROXY,PROXY,CURRENT_HISTORY_ONLY_NO_VINTAGE,false,true,true
2001-07-31,2001-07,135.0373,135.0373,指数2015=100,M,WAGE_MFG_HOURLY_FRED,FRED(OECD转载厚劳省),VALIDATED_MIRROR,,2026-03起水平断点;valid_to=2026-02(direct_model_use=false),2026-09-05,LATEST_HISTORY_PROXY,PROXY,CURRENT_HISTORY_ONLY_NO_VINTAGE,false,true,true
2001-08-31,2001-08,81.36099,81.36099,指数2015=100,M,WAGE_MFG_HOURLY_FRED,FRED(OECD转载厚劳省),VALIDATED_MIRROR,,2026-03起水平断点;valid_to=2026-02(direct_model_use=false),2026-09-05,LATEST_HISTORY_PROXY,PROXY,CURRENT_HISTORY_ONLY_NO_VINTAGE,false,true,true
2001-09-30,2001-09,74.78838,74.78838,指数2015=100,M,WAGE_MFG_HOURLY_FRED,FRED(OECD转载厚劳省),VALIDATED_MIRROR,,2026-03起水平断点;valid_to=2026-02(direct_model_use=false),2026-09-05,LATEST_HISTORY_PROXY,PROXY,CURRENT_HISTORY_ONLY_NO_VINTAGE,false,true,true
2001-10-31,2001-10,74.98755,74.98755,指数2015=100,M,WAGE_MFG_HOURLY_FRED,FRED(OECD转载厚劳省),VALIDATED_MIRROR,,2026-03起水平断点;valid_to=2026-02(direct_model_use=false),2026-09-05,LATEST_HISTORY_PROXY,PROXY,CURRENT_HISTORY_ONLY_NO_VINTAGE,false,true,true
2001-11-30,2001-11,79.86722,79.86722,指数2015=100,M,WAGE_MFG_HOURLY_FRED,FRED(OECD转载厚劳省),VALIDATED_MIRROR,,2026-03起水平断点;valid_to=2026-02(direct_model_use=false),2026-09-05,LATEST_HISTORY_PROXY,PROXY,CURRENT_HISTORY_ONLY_NO_VINTAGE,false,true,true
2001-12-31,2001-12,188.4149,188.4149,指数2015=100,M,WAGE_MFG_HOURLY_FRED,FRED(OECD转载厚劳省),VALIDATED_MIRROR,,2026-03起水平断点;valid_to=2026-02(direct_model_use=false),2026-09-05,LATEST_HISTORY_PROXY,PROXY,CURRENT_HISTORY_ONLY_NO_VINTAGE,false,true,true
2002-01-31,2002-01,77.57677,77.57677,指数2015=100,M,WAGE_MFG_HOURLY_FRED,FRED(OECD转载厚劳省),VALIDATED_MIRROR,,2026-03起水平断点;valid_to=2026-02(direct_model_use=false),2026-09-05,LATEST_HISTORY_PROXY,PROXY,CURRENT_HISTORY_ONLY_NO_VINTAGE,false,true,true
2002-02-28,2002-02,74.48962,74.48962,指数2015=100,M,WAGE_MFG_HOURLY_FRED,FRED(OECD转载厚劳省),VALIDATED_MIRROR,,2026-03起水平断点;valid_to=2026-02(direct_model_use=false),2026-09-05,LATEST_HISTORY_PROXY,PROXY,CURRENT_HISTORY_ONLY_NO_VINTAGE,false,true,true
2002-03-31,2002-03,75.38589,75.38589,指数2015=100,M,WAGE_MFG_HOURLY_FRED,FRED(OECD转载厚劳省),VALIDATED_MIRROR,,2026-03起水平断点;valid_to=2026-02(direct_model_use=false),2026-09-05,LATEST_HISTORY_PROXY,PROXY,CURRENT_HISTORY_ONLY_NO_VINTAGE,false,true,true
2002-04-30,2002-04,76.48133,76.48133,指数2015=100,M,WAGE_MFG_HOURLY_FRED,FRED(OECD转载厚劳省),VALIDATED_MIRROR,,2026-03起水平断点;valid_to=2026-02(direct_model_use=false),2026-09-05,LATEST_HISTORY_PROXY,PROXY,CURRENT_HISTORY_ONLY_NO_VINTAGE,false,true,true
2002-05-31,2002-05,74.88797,74.88797,指数2015=100,M,WAGE_MFG_HOURLY_FRED,FRED(OECD转载厚劳省),VALIDATED_MIRROR,,2026-03起水平断点;valid_to=2026-02(direct_model_use=false),2026-09-05,LATEST_HISTORY_PROXY,PROXY,CURRENT_HISTORY_ONLY_NO_VINTAGE,false,true,true
2002-06-30,2002-06,128.7635,128.7635,指数2015=100,M,WAGE_MFG_HOURLY_FRED,FRED(OECD转载厚劳省),VALIDATED_MIRROR,,2026-03起水平断点;valid_to=2026-02(direct_model_use=false),2026-09-05,LATEST_HISTORY_PROXY,PROXY,CURRENT_HISTORY_ONLY_NO_VINTAGE,false,true,true
2002-07-31,2002-07,128.5643,128.5643,指数2015=100,M,WAGE_MFG_HOURLY_FRED,FRED(OECD转载厚劳省),VALIDATED_MIRROR,,2026-03起水平断点;valid_to=2026-02(direct_model_use=false),2026-09-05,LATEST_HISTORY_PROXY,PROXY,CURRENT_HISTORY_ONLY_NO_VINTAGE,false,true,true
2002-08-31,2002-08,79.26971,79.26971,指数2015=100,M,WAGE_MFG_HOURLY_FRED,FRED(OECD转载厚劳省),VALIDATED_MIRROR,,2026-03起水平断点;valid_to=2026-02(direct_model_use=false),2026-09-05,LATEST_HISTORY_PROXY,PROXY,CURRENT_HISTORY_ONLY_NO_VINTAGE,false,true,true
2002-09-30,2002-09,75.88382,75.88382,指数2015=100,M,WAGE_MFG_HOURLY_FRED,FRED(OECD转载厚劳省),VALIDATED_MIRROR,,2026-03起水平断点;valid_to=2026-02(direct_model_use=false),2026-09-05,LATEST_HISTORY_PROXY,PROXY,CURRENT_HISTORY_ONLY_NO_VINTAGE,false,true,true
2002-10-31,2002-10,75.98341,75.98341,指数2015=100,M,WAGE_MFG_HOURLY_FRED,FRED(OECD转载厚劳省),VALIDATED_MIRROR,,2026-03起水平断点;valid_to=2026-02(direct_model_use=false),2026-09-05,LATEST_HISTORY_PROXY,PROXY,CURRENT_HISTORY_ONLY_NO_VINTAGE,false,true,true
2002-11-30,2002-11,80.6639,80.6639,指数2015=100,M,WAGE_MFG_HOURLY_FRED,FRED(OECD转载厚劳省),VALIDATED_MIRROR,,2026-03起水平断点;valid_to=2026-02(direct_model_use=false),2026-09-05,LATEST_HISTORY_PROXY,PROXY,CURRENT_HISTORY_ONLY_NO_VINTAGE,false,true,true
2002-12-31,2002-12,185.7261,185.7261,指数2015=100,M,WAGE_MFG_HOURLY_FRED,FRED(OECD转载厚劳省),VALIDATED_MIRROR,,2026-03起水平断点;valid_to=2026-02(direct_model_use=false),2026-09-05,LATEST_HISTORY_PROXY,PROXY,CURRENT_HISTORY_ONLY_NO_VINTAGE,false,true,true
2003-01-31,2003-01,78.37344,78.37344,指数2015=100,M,WAGE_MFG_HOURLY_FRED,FRED(OECD转载厚劳省),VALIDATED_MIRROR,,2026-03起水平断点;valid_to=2026-02(direct_model_use=false),2026-09-05,LATEST_HISTORY_PROXY,PROXY,CURRENT_HISTORY_ONLY_NO_VINTAGE,false,true,true
2003-02-28,2003-02,75.78423,75.78423,指数2015=100,M,WAGE_MFG_HOURLY_FRED,FRED(OECD转载厚劳省),VALIDATED_MIRROR,,2026-03起水平断点;valid_to=2026-02(direct_model_use=false),2026-09-05,LATEST_HISTORY_PROXY,PROXY,CURRENT_HISTORY_ONLY_NO_VINTAGE,false,true,true
2003-03-31,2003-03,77.47718,77.47718,指数2015=100,M,WAGE_MFG_HOURLY_FRED,FRED(OECD转载厚劳省),VALIDATED_MIRROR,,2026-03起水平断点;valid_to=2026-02(direct_model_use=false),2026-09-05,LATEST_HISTORY_PROXY,PROXY,CURRENT_HISTORY_ONLY_NO_VINTAGE,false,true,true
2003-04-30,2003-04,77.97511,77.97511,指数2015=100,M,WAGE_MFG_HOURLY_FRED,FRED(OECD转载厚劳省),VALIDATED_MIRROR,,2026-03起水平断点;valid_to=2026-02(direct_model_use=false),2026-09-05,LATEST_HISTORY_PROXY,PROXY,CURRENT_HISTORY_ONLY_NO_VINTAGE,false,true,true
2003-05-31,2003-05,76.6805,76.6805,指数2015=100,M,WAGE_MFG_HOURLY_FRED,FRED(OECD转载厚劳省),VALIDATED_MIRROR,,2026-03起水平断点;valid_to=2026-02(direct_model_use=false),2026-09-05,LATEST_HISTORY_PROXY,PROXY,CURRENT_HISTORY_ONLY_NO_VINTAGE,false,true,true
2003-06-30,2003-06,134.639,134.639,指数2015=100,M,WAGE_MFG_HOURLY_FRED,FRED(OECD转载厚劳省),VALIDATED_MIRROR,,2026-03起水平断点;valid_to=2026-02(direct_model_use=false),2026-09-05,LATEST_HISTORY_PROXY,PROXY,CURRENT_HISTORY_ONLY_NO_VINTAGE,false,true,true
2003-07-31,2003-07,133.444,133.444,指数2015=100,M,WAGE_MFG_HOURLY_FRED,FRED(OECD转载厚劳省),VALIDATED_MIRROR,,2026-03起水平断点;valid_to=2026-02(direct_model_use=false),2026-09-05,LATEST_HISTORY_PROXY,PROXY,CURRENT_HISTORY_ONLY_NO_VINTAGE,false,true,true
2003-08-31,2003-08,79.9668,79.9668,指数2015=100,M,WAGE_MFG_HOURLY_FRED,FRED(OECD转载厚劳省),VALIDATED_MIRROR,,2026-03起水平断点;valid_to=2026-02(direct_model_use=false),2026-09-05,LATEST_HISTORY_PROXY,PROXY,CURRENT_HISTORY_ONLY_NO_VINTAGE,false,true,true
2003-09-30,2003-09,76.97926,76.97926,指数2015=100,M,WAGE_MFG_HOURLY_FRED,FRED(OECD转载厚劳省),VALIDATED_MIRROR,,2026-03起水平断点;valid_to=2026-02(direct_model_use=false),2026-09-05,LATEST_HISTORY_PROXY,PROXY,CURRENT_HISTORY_ONLY_NO_VINTAGE,false,true,true
2003-10-31,2003-10,77.97511,77.97511,指数2015=100,M,WAGE_MFG_HOURLY_FRED,FRED(OECD转载厚劳省),VALIDATED_MIRROR,,2026-03起水平断点;valid_to=2026-02(direct_model_use=false),2026-09-05,LATEST_HISTORY_PROXY,PROXY,CURRENT_HISTORY_ONLY_NO_VINTAGE,false,true,true
2003-11-30,2003-11,81.26141,81.26141,指数2015=100,M,WAGE_MFG_HOURLY_FRED,FRED(OECD转载厚劳省),VALIDATED_MIRROR,,2026-03起水平断点;valid_to=2026-02(direct_model_use=false),2026-09-05,LATEST_HISTORY_PROXY,PROXY,CURRENT_HISTORY_ONLY_NO_VINTAGE,false,true,true
2003-12-31,2003-12,191.8008,191.8008,指数2015=100,M,WAGE_MFG_HOURLY_FRED,FRED(OECD转载厚劳省),VALIDATED_MIRROR,,2026-03起水平断点;valid_to=2026-02(direct_model_use=false),2026-09-05,LATEST_HISTORY_PROXY,PROXY,CURRENT_HISTORY_ONLY_NO_VINTAGE,false,true,true
2004-01-31,2004-01,79.36929,79.36929,指数2015=100,M,WAGE_MFG_HOURLY_FRED,FRED(OECD转载厚劳省),VALIDATED_MIRROR,,2026-03起水平断点;valid_to=2026-02(direct_model_use=false),2026-09-05,LATEST_HISTORY_PROXY,PROXY,CURRENT_HISTORY_ONLY_NO_VINTAGE,false,true,true
2004-02-29,2004-02,77.57677,77.57677,指数2015=100,M,WAGE_MFG_HOURLY_FRED,FRED(OECD转载厚劳省),VALIDATED_MIRROR,,2026-03起水平断点;valid_to=2026-02(direct_model_use=false),2026-09-05,LATEST_HISTORY_PROXY,PROXY,CURRENT_HISTORY_ONLY_NO_VINTAGE,false,true,true
2004-03-31,2004-03,79.36929,79.36929,指数2015=100,M,WAGE_MFG_HOURLY_FRED,FRED(OECD转载厚劳省),VALIDATED_MIRROR,,2026-03起水平断点;valid_to=2026-02(direct_model_use=false),2026-09-05,LATEST_HISTORY_PROXY,PROXY,CURRENT_HISTORY_ONLY_NO_VINTAGE,false,true,true
2004-04-30,2004-04,78.97095,78.97095,指数2015=100,M,WAGE_MFG_HOURLY_FRED,FRED(OECD转载厚劳省),VALIDATED_MIRROR,,2026-03起水平断点;valid_to=2026-02(direct_model_use=false),2026-09-05,LATEST_HISTORY_PROXY,PROXY,CURRENT_HISTORY_ONLY_NO_VINTAGE,false,true,true
2004-05-31,2004-05,78.47303,78.47303,指数2015=100,M,WAGE_MFG_HOURLY_FRED,FRED(OECD转载厚劳省),VALIDATED_MIRROR,,2026-03起水平断点;valid_to=2026-02(direct_model_use=false),2026-09-05,LATEST_HISTORY_PROXY,PROXY,CURRENT_HISTORY_ONLY_NO_VINTAGE,false,true,true
2004-06-30,2004-06,137.8257,137.8257,指数2015=100,M,WAGE_MFG_HOURLY_FRED,FRED(OECD转载厚劳省),VALIDATED_MIRROR,,2026-03起水平断点;valid_to=2026-02(direct_model_use=false),2026-09-05,LATEST_HISTORY_PROXY,PROXY,CURRENT_HISTORY_ONLY_NO_VINTAGE,false,true,true
2004-07-31,2004-07,135.7344,135.7344,指数2015=100,M,WAGE_MFG_HOURLY_FRED,FRED(OECD转载厚劳省),VALIDATED_MIRROR,,2026-03起水平断点;valid_to=2026-02(direct_model_use=false),2026-09-05,LATEST_HISTORY_PROXY,PROXY,CURRENT_HISTORY_ONLY_NO_VINTAGE,false,true,true
2004-08-31,2004-08,82.35685,82.35685,指数2015=100,M,WAGE_MFG_HOURLY_FRED,FRED(OECD转载厚劳省),VALIDATED_MIRROR,,2026-03起水平断点;valid_to=2026-02(direct_model_use=false),2026-09-05,LATEST_HISTORY_PROXY,PROXY,CURRENT_HISTORY_ONLY_NO_VINTAGE,false,true,true
2004-09-30,2004-09,78.27386,78.27386,指数2015=100,M,WAGE_MFG_HOURLY_FRED,FRED(OECD转载厚劳省),VALIDATED_MIRROR,,2026-03起水平断点;valid_to=2026-02(direct_model_use=false),2026-09-05,LATEST_HISTORY_PROXY,PROXY,CURRENT_HISTORY_ONLY_NO_VINTAGE,false,true,true
2004-10-31,2004-10,78.17427,78.17427,指数2015=100,M,WAGE_MFG_HOURLY_FRED,FRED(OECD转载厚劳省),VALIDATED_MIRROR,,2026-03起水平断点;valid_to=2026-02(direct_model_use=false),2026-09-05,LATEST_HISTORY_PROXY,PROXY,CURRENT_HISTORY_ONLY_NO_VINTAGE,false,true,true
2004-11-30,2004-11,84.34855,84.34855,指数2015=100,M,WAGE_MFG_HOURLY_FRED,FRED(OECD转载厚劳省),VALIDATED_MIRROR,,2026-03起水平断点;valid_to=2026-02(direct_model_use=false),2026-09-05,LATEST_HISTORY_PROXY,PROXY,CURRENT_HISTORY_ONLY_NO_VINTAGE,false,true,true
2004-12-31,2004-12,193.7925,193.7925,指数2015=100,M,WAGE_MFG_HOURLY_FRED,FRED(OECD转载厚劳省),VALIDATED_MIRROR,,2026-03起水平断点;valid_to=2026-02(direct_model_use=false),2026-09-05,LATEST_HISTORY_PROXY,PROXY,CURRENT_HISTORY_ONLY_NO_VINTAGE,false,true,true
2005-01-31,2005-01,79.46888,79.46888,指数2015=100,M,WAGE_MFG_HOURLY_FRED,FRED(OECD转载厚劳省),VALIDATED_MIRROR,,2026-03起水平断点;valid_to=2026-02(direct_model_use=false),2026-09-05,LATEST_HISTORY_PROXY,PROXY,CURRENT_HISTORY_ONLY_NO_VINTAGE,false,true,true
2005-02-28,2005-02,77.67635,77.67635,指数2015=100,M,WAGE_MFG_HOURLY_FRED,FRED(OECD转载厚劳省),VALIDATED_MIRROR,,2026-03起水平断点;valid_to=2026-02(direct_model_use=false),2026-09-05,LATEST_HISTORY_PROXY,PROXY,CURRENT_HISTORY_ONLY_NO_VINTAGE,false,true,true
2005-03-31,2005-03,80.46473,80.46473,指数2015=100,M,WAGE_MFG_HOURLY_FRED,FRED(OECD转载厚劳省),VALIDATED_MIRROR,,2026-03起水平断点;valid_to=2026-02(direct_model_use=false),2026-09-05,LATEST_HISTORY_PROXY,PROXY,CURRENT_HISTORY_ONLY_NO_VINTAGE,false,true,true
2005-04-30,2005-04,79.56847,79.56847,指数2015=100,M,WAGE_MFG_HOURLY_FRED,FRED(OECD转载厚劳省),VALIDATED_MIRROR,,2026-03起水平断点;valid_to=2026-02(direct_model_use=false),2026-09-05,LATEST_HISTORY_PROXY,PROXY,CURRENT_HISTORY_ONLY_NO_VINTAGE,false,true,true
2005-05-31,2005-05,78.57262,78.57262,指数2015=100,M,WAGE_MFG_HOURLY_FRED,FRED(OECD转载厚劳省),VALIDATED_MIRROR,,2026-03起水平断点;valid_to=2026-02(direct_model_use=false),2026-09-05,LATEST_HISTORY_PROXY,PROXY,CURRENT_HISTORY_ONLY_NO_VINTAGE,false,true,true
2005-06-30,2005-06,138.6224,138.6224,指数2015=100,M,WAGE_MFG_HOURLY_FRED,FRED(OECD转载厚劳省),VALIDATED_MIRROR,,2026-03起水平断点;valid_to=2026-02(direct_model_use=false),2026-09-05,LATEST_HISTORY_PROXY,PROXY,CURRENT_HISTORY_ONLY_NO_VINTAGE,false,true,true
2005-07-31,2005-07,139.0208,139.0208,指数2015=100,M,WAGE_MFG_HOURLY_FRED,FRED(OECD转载厚劳省),VALIDATED_MIRROR,,2026-03起水平断点;valid_to=2026-02(direct_model_use=false),2026-09-05,LATEST_HISTORY_PROXY,PROXY,CURRENT_HISTORY_ONLY_NO_VINTAGE,false,true,true
2005-08-31,2005-08,80.06639,80.06639,指数2015=100,M,WAGE_MFG_HOURLY_FRED,FRED(OECD转载厚劳省),VALIDATED_MIRROR,,2026-03起水平断点;valid_to=2026-02(direct_model_use=false),2026-09-05,LATEST_HISTORY_PROXY,PROXY,CURRENT_HISTORY_ONLY_NO_VINTAGE,false,true,true
2005-09-30,2005-09,78.17427,78.17427,指数2015=100,M,WAGE_MFG_HOURLY_FRED,FRED(OECD转载厚劳省),VALIDATED_MIRROR,,2026-03起水平断点;valid_to=2026-02(direct_model_use=false),2026-09-05,LATEST_HISTORY_PROXY,PROXY,CURRENT_HISTORY_ONLY_NO_VINTAGE,false,true,true
2005-10-31,2005-10,78.47303,78.47303,指数2015=100,M,WAGE_MFG_HOURLY_FRED,FRED(OECD转载厚劳省),VALIDATED_MIRROR,,2026-03起水平断点;valid_to=2026-02(direct_model_use=false),2026-09-05,LATEST_HISTORY_PROXY,PROXY,CURRENT_HISTORY_ONLY_NO_VINTAGE,false,true,true
2005-11-30,2005-11,86.93776,86.93776,指数2015=100,M,WAGE_MFG_HOURLY_FRED,FRED(OECD转载厚劳省),VALIDATED_MIRROR,,2026-03起水平断点;valid_to=2026-02(direct_model_use=false),2026-09-05,LATEST_HISTORY_PROXY,PROXY,CURRENT_HISTORY_ONLY_NO_VINTAGE,false,true,true
2005-12-31,2005-12,196.5809,196.5809,指数2015=100,M,WAGE_MFG_HOURLY_FRED,FRED(OECD转载厚劳省),VALIDATED_MIRROR,,2026-03起水平断点;valid_to=2026-02(direct_model_use=false),2026-09-05,LATEST_HISTORY_PROXY,PROXY,CURRENT_HISTORY_ONLY_NO_VINTAGE,false,true,true
2006-01-31,2006-01,79.17013,79.17013,指数2015=100,M,WAGE_MFG_HOURLY_FRED,FRED(OECD转载厚劳省),VALIDATED_MIRROR,,2026-03起水平断点;valid_to=2026-02(direct_model_use=false),2026-09-05,LATEST_HISTORY_PROXY,PROXY,CURRENT_HISTORY_ONLY_NO_VINTAGE,false,true,true
2006-02-28,2006-02,78.27386,78.27386,指数2015=100,M,WAGE_MFG_HOURLY_FRED,FRED(OECD转载厚劳省),VALIDATED_MIRROR,,2026-03起水平断点;valid_to=2026-02(direct_model_use=false),2026-09-05,LATEST_HISTORY_PROXY,PROXY,CURRENT_HISTORY_ONLY_NO_VINTAGE,false,true,true
2006-03-31,2006-03,80.46473,80.46473,指数2015=100,M,WAGE_MFG_HOURLY_FRED,FRED(OECD转载厚劳省),VALIDATED_MIRROR,,2026-03起水平断点;valid_to=2026-02(direct_model_use=false),2026-09-05,LATEST_HISTORY_PROXY,PROXY,CURRENT_HISTORY_ONLY_NO_VINTAGE,false,true,true
2006-04-30,2006-04,81.06224,81.06224,指数2015=100,M,WAGE_MFG_HOURLY_FRED,FRED(OECD转载厚劳省),VALIDATED_MIRROR,,2026-03起水平断点;valid_to=2026-02(direct_model_use=false),2026-09-05,LATEST_HISTORY_PROXY,PROXY,CURRENT_HISTORY_ONLY_NO_VINTAGE,false,true,true
2006-05-31,2006-05,78.97095,78.97095,指数2015=100,M,WAGE_MFG_HOURLY_FRED,FRED(OECD转载厚劳省),VALIDATED_MIRROR,,2026-03起水平断点;valid_to=2026-02(direct_model_use=false),2026-09-05,LATEST_HISTORY_PROXY,PROXY,CURRENT_HISTORY_ONLY_NO_VINTAGE,false,true,true
2006-06-30,2006-06,141.9087,141.9087,指数2015=100,M,WAGE_MFG_HOURLY_FRED,FRED(OECD转载厚劳省),VALIDATED_MIRROR,,2026-03起水平断点;valid_to=2026-02(direct_model_use=false),2026-09-05,LATEST_HISTORY_PROXY,PROXY,CURRENT_HISTORY_ONLY_NO_VINTAGE,false,true,true
2006-07-31,2006-07,140.1162,140.1162,指数2015=100,M,WAGE_MFG_HOURLY_FRED,FRED(OECD转载厚劳省),VALIDATED_MIRROR,,2026-03起水平断点;valid_to=2026-02(direct_model_use=false),2026-09-05,LATEST_HISTORY_PROXY,PROXY,CURRENT_HISTORY_ONLY_NO_VINTAGE,false,true,true
2006-08-31,2006-08,80.86307,80.86307,指数2015=100,M,WAGE_MFG_HOURLY_FRED,FRED(OECD转载厚劳省),VALIDATED_MIRROR,,2026-03起水平断点;valid_to=2026-02(direct_model_use=false),2026-09-05,LATEST_HISTORY_PROXY,PROXY,CURRENT_HISTORY_ONLY_NO_VINTAGE,false,true,true
2006-09-30,2006-09,78.97095,78.97095,指数2015=100,M,WAGE_MFG_HOURLY_FRED,FRED(OECD转载厚劳省),VALIDATED_MIRROR,,2026-03起水平断点;valid_to=2026-02(direct_model_use=false),2026-09-05,LATEST_HISTORY_PROXY,PROXY,CURRENT_HISTORY_ONLY_NO_VINTAGE,false,true,true
2006-10-31,2006-10,79.36929,79.36929,指数2015=100,M,WAGE_MFG_HOURLY_FRED,FRED(OECD转载厚劳省),VALIDATED_MIRROR,,2026-03起水平断点;valid_to=2026-02(direct_model_use=false),2026-09-05,LATEST_HISTORY_PROXY,PROXY,CURRENT_HISTORY_ONLY_NO_VINTAGE,false,true,true
2006-11-30,2006-11,87.3361,87.3361,指数2015=100,M,WAGE_MFG_HOURLY_FRED,FRED(OECD转载厚劳省),VALIDATED_MIRROR,,2026-03起水平断点;valid_to=2026-02(direct_model_use=false),2026-09-05,LATEST_HISTORY_PROXY,PROXY,CURRENT_HISTORY_ONLY_NO_VINTAGE,false,true,true
2006-12-31,2006-12,201.7593,201.7593,指数2015=100,M,WAGE_MFG_HOURLY_FRED,FRED(OECD转载厚劳省),VALIDATED_MIRROR,,2026-03起水平断点;valid_to=2026-02(direct_model_use=false),2026-09-05,LATEST_HISTORY_PROXY,PROXY,CURRENT_HISTORY_ONLY_NO_VINTAGE,false,true,true
2007-01-31,2007-01,78.87137,78.87137,指数2015=100,M,WAGE_MFG_HOURLY_FRED,FRED(OECD转载厚劳省),VALIDATED_MIRROR,,2026-03起水平断点;valid_to=2026-02(direct_model_use=false),2026-09-05,LATEST_HISTORY_PROXY,PROXY,CURRENT_HISTORY_ONLY_NO_VINTAGE,false,true,true
2007-02-28,2007-02,78.17427,78.17427,指数2015=100,M,WAGE_MFG_HOURLY_FRED,FRED(OECD转载厚劳省),VALIDATED_MIRROR,,2026-03起水平断点;valid_to=2026-02(direct_model_use=false),2026-09-05,LATEST_HISTORY_PROXY,PROXY,CURRENT_HISTORY_ONLY_NO_VINTAGE,false,true,true
2007-03-31,2007-03,80.26556,80.26556,指数2015=100,M,WAGE_MFG_HOURLY_FRED,FRED(OECD转载厚劳省),VALIDATED_MIRROR,,2026-03起水平断点;valid_to=2026-02(direct_model_use=false),2026-09-05,LATEST_HISTORY_PROXY,PROXY,CURRENT_HISTORY_ONLY_NO_VINTAGE,false,true,true
2007-04-30,2007-04,80.76349,80.76349,指数2015=100,M,WAGE_MFG_HOURLY_FRED,FRED(OECD转载厚劳省),VALIDATED_MIRROR,,2026-03起水平断点;valid_to=2026-02(direct_model_use=false),2026-09-05,LATEST_HISTORY_PROXY,PROXY,CURRENT_HISTORY_ONLY_NO_VINTAGE,false,true,true
2007-05-31,2007-05,79.36929,79.36929,指数2015=100,M,WAGE_MFG_HOURLY_FRED,FRED(OECD转载厚劳省),VALIDATED_MIRROR,,2026-03起水平断点;valid_to=2026-02(direct_model_use=false),2026-09-05,LATEST_HISTORY_PROXY,PROXY,CURRENT_HISTORY_ONLY_NO_VINTAGE,false,true,true
2007-06-30,2007-06,144.0,144.0,指数2015=100,M,WAGE_MFG_HOURLY_FRED,FRED(OECD转载厚劳省),VALIDATED_MIRROR,,2026-03起水平断点;valid_to=2026-02(direct_model_use=false),2026-09-05,LATEST_HISTORY_PROXY,PROXY,CURRENT_HISTORY_ONLY_NO_VINTAGE,false,true,true
2007-07-31,2007-07,135.2365,135.2365,指数2015=100,M,WAGE_MFG_HOURLY_FRED,FRED(OECD转载厚劳省),VALIDATED_MIRROR,,2026-03起水平断点;valid_to=2026-02(direct_model_use=false),2026-09-05,LATEST_HISTORY_PROXY,PROXY,CURRENT_HISTORY_ONLY_NO_VINTAGE,false,true,true
2007-08-31,2007-08,81.06224,81.06224,指数2015=100,M,WAGE_MFG_HOURLY_FRED,FRED(OECD转载厚劳省),VALIDATED_MIRROR,,2026-03起水平断点;valid_to=2026-02(direct_model_use=false),2026-09-05,LATEST_HISTORY_PROXY,PROXY,CURRENT_HISTORY_ONLY_NO_VINTAGE,false,true,true
2007-09-30,2007-09,79.17013,79.17013,指数2015=100,M,WAGE_MFG_HOURLY_FRED,FRED(OECD转载厚劳省),VALIDATED_MIRROR,,2026-03起水平断点;valid_to=2026-02(direct_model_use=false),2026-09-05,LATEST_HISTORY_PROXY,PROXY,CURRENT_HISTORY_ONLY_NO_VINTAGE,false,true,true
2007-10-31,2007-10,79.86722,79.86722,指数2015=100,M,WAGE_MFG_HOURLY_FRED,FRED(OECD转载厚劳省),VALIDATED_MIRROR,,2026-03起水平断点;valid_to=2026-02(direct_model_use=false),2026-09-05,LATEST_HISTORY_PROXY,PROXY,CURRENT_HISTORY_ONLY_NO_VINTAGE,false,true,true
2007-11-30,2007-11,87.03735,87.03735,指数2015=100,M,WAGE_MFG_HOURLY_FRED,FRED(OECD转载厚劳省),VALIDATED_MIRROR,,2026-03起水平断点;valid_to=2026-02(direct_model_use=false),2026-09-05,LATEST_HISTORY_PROXY,PROXY,CURRENT_HISTORY_ONLY_NO_VINTAGE,false,true,true
2007-12-31,2007-12,200.6639,200.6639,指数2015=100,M,WAGE_MFG_HOURLY_FRED,FRED(OECD转载厚劳省),VALIDATED_MIRROR,,2026-03起水平断点;valid_to=2026-02(direct_model_use=false),2026-09-05,LATEST_HISTORY_PROXY,PROXY,CURRENT_HISTORY_ONLY_NO_VINTAGE,false,true,true
2008-01-31,2008-01,80.6639,80.6639,指数2015=100,M,WAGE_MFG_HOURLY_FRED,FRED(OECD转载厚劳省),VALIDATED_MIRROR,,2026-03起水平断点;valid_to=2026-02(direct_model_use=false),2026-09-05,LATEST_HISTORY_PROXY,PROXY,CURRENT_HISTORY_ONLY_NO_VINTAGE,false,true,true
2008-02-29,2008-02,79.17013,79.17013,指数2015=100,M,WAGE_MFG_HOURLY_FRED,FRED(OECD转载厚劳省),VALIDATED_MIRROR,,2026-03起水平断点;valid_to=2026-02(direct_model_use=false),2026-09-05,LATEST_HISTORY_PROXY,PROXY,CURRENT_HISTORY_ONLY_NO_VINTAGE,false,true,true
2008-03-31,2008-03,81.56017,81.56017,指数2015=100,M,WAGE_MFG_HOURLY_FRED,FRED(OECD转载厚劳省),VALIDATED_MIRROR,,2026-03起水平断点;valid_to=2026-02(direct_model_use=false),2026-09-05,LATEST_HISTORY_PROXY,PROXY,CURRENT_HISTORY_ONLY_NO_VINTAGE,false,true,true
2008-04-30,2008-04,81.16183,81.16183,指数2015=100,M,WAGE_MFG_HOURLY_FRED,FRED(OECD转载厚劳省),VALIDATED_MIRROR,,2026-03起水平断点;valid_to=2026-02(direct_model_use=false),2026-09-05,LATEST_HISTORY_PROXY,PROXY,CURRENT_HISTORY_ONLY_NO_VINTAGE,false,true,true
2008-05-31,2008-05,79.46888,79.46888,指数2015=100,M,WAGE_MFG_HOURLY_FRED,FRED(OECD转载厚劳省),VALIDATED_MIRROR,,2026-03起水平断点;valid_to=2026-02(direct_model_use=false),2026-09-05,LATEST_HISTORY_PROXY,PROXY,CURRENT_HISTORY_ONLY_NO_VINTAGE,false,true,true
2008-06-30,2008-06,144.6971,144.6971,指数2015=100,M,WAGE_MFG_HOURLY_FRED,FRED(OECD转载厚劳省),VALIDATED_MIRROR,,2026-03起水平断点;valid_to=2026-02(direct_model_use=false),2026-09-05,LATEST_HISTORY_PROXY,PROXY,CURRENT_HISTORY_ONLY_NO_VINTAGE,false,true,true
2008-07-31,2008-07,138.2241,138.2241,指数2015=100,M,WAGE_MFG_HOURLY_FRED,FRED(OECD转载厚劳省),VALIDATED_MIRROR,,2026-03起水平断点;valid_to=2026-02(direct_model_use=false),2026-09-05,LATEST_HISTORY_PROXY,PROXY,CURRENT_HISTORY_ONLY_NO_VINTAGE,false,true,true
2008-08-31,2008-08,80.86307,80.86307,指数2015=100,M,WAGE_MFG_HOURLY_FRED,FRED(OECD转载厚劳省),VALIDATED_MIRROR,,2026-03起水平断点;valid_to=2026-02(direct_model_use=false),2026-09-05,LATEST_HISTORY_PROXY,PROXY,CURRENT_HISTORY_ONLY_NO_VINTAGE,false,true,true
2008-09-30,2008-09,78.77178,78.77178,指数2015=100,M,WAGE_MFG_HOURLY_FRED,FRED(OECD转载厚劳省),VALIDATED_MIRROR,,2026-03起水平断点;valid_to=2026-02(direct_model_use=false),2026-09-05,LATEST_HISTORY_PROXY,PROXY,CURRENT_HISTORY_ONLY_NO_VINTAGE,false,true,true
2008-10-31,2008-10,79.36929,79.36929,指数2015=100,M,WAGE_MFG_HOURLY_FRED,FRED(OECD转载厚劳省),VALIDATED_MIRROR,,2026-03起水平断点;valid_to=2026-02(direct_model_use=false),2026-09-05,LATEST_HISTORY_PROXY,PROXY,CURRENT_HISTORY_ONLY_NO_VINTAGE,false,true,true
2008-11-30,2008-11,85.94191,85.94191,指数2015=100,M,WAGE_MFG_HOURLY_FRED,FRED(OECD转载厚劳省),VALIDATED_MIRROR,,2026-03起水平断点;valid_to=2026-02(direct_model_use=false),2026-09-05,LATEST_HISTORY_PROXY,PROXY,CURRENT_HISTORY_ONLY_NO_VINTAGE,false,true,true
2008-12-31,2008-12,195.2863,195.2863,指数2015=100,M,WAGE_MFG_HOURLY_FRED,FRED(OECD转载厚劳省),VALIDATED_MIRROR,,2026-03起水平断点;valid_to=2026-02(direct_model_use=false),2026-09-05,LATEST_HISTORY_PROXY,PROXY,CURRENT_HISTORY_ONLY_NO_VINTAGE,false,true,true
2009-01-31,2009-01,75.78423,75.78423,指数2015=100,M,WAGE_MFG_HOURLY_FRED,FRED(OECD转载厚劳省),VALIDATED_MIRROR,,2026-03起水平断点;valid_to=2026-02(direct_model_use=false),2026-09-05,LATEST_HISTORY_PROXY,PROXY,CURRENT_HISTORY_ONLY_NO_VINTAGE,false,true,true
2009-02-28,2009-02,73.79253,73.79253,指数2015=100,M,WAGE_MFG_HOURLY_FRED,FRED(OECD转载厚劳省),VALIDATED_MIRROR,,2026-03起水平断点;valid_to=2026-02(direct_model_use=false),2026-09-05,LATEST_HISTORY_PROXY,PROXY,CURRENT_HISTORY_ONLY_NO_VINTAGE,false,true,true
2009-03-31,2009-03,75.98341,75.98341,指数2015=100,M,WAGE_MFG_HOURLY_FRED,FRED(OECD转载厚劳省),VALIDATED_MIRROR,,2026-03起水平断点;valid_to=2026-02(direct_model_use=false),2026-09-05,LATEST_HISTORY_PROXY,PROXY,CURRENT_HISTORY_ONLY_NO_VINTAGE,false,true,true
2009-04-30,2009-04,76.08298,76.08298,指数2015=100,M,WAGE_MFG_HOURLY_FRED,FRED(OECD转载厚劳省),VALIDATED_MIRROR,,2026-03起水平断点;valid_to=2026-02(direct_model_use=false),2026-09-05,LATEST_HISTORY_PROXY,PROXY,CURRENT_HISTORY_ONLY_NO_VINTAGE,false,true,true
2009-05-31,2009-05,74.58921,74.58921,指数2015=100,M,WAGE_MFG_HOURLY_FRED,FRED(OECD转载厚劳省),VALIDATED_MIRROR,,2026-03起水平断点;valid_to=2026-02(direct_model_use=false),2026-09-05,LATEST_HISTORY_PROXY,PROXY,CURRENT_HISTORY_ONLY_NO_VINTAGE,false,true,true
2009-06-30,2009-06,120.8963,120.8963,指数2015=100,M,WAGE_MFG_HOURLY_FRED,FRED(OECD转载厚劳省),VALIDATED_MIRROR,,2026-03起水平断点;valid_to=2026-02(direct_model_use=false),2026-09-05,LATEST_HISTORY_PROXY,PROXY,CURRENT_HISTORY_ONLY_NO_VINTAGE,false,true,true
2009-07-31,2009-07,125.8755,125.8755,指数2015=100,M,WAGE_MFG_HOURLY_FRED,FRED(OECD转载厚劳省),VALIDATED_MIRROR,,2026-03起水平断点;valid_to=2026-02(direct_model_use=false),2026-09-05,LATEST_HISTORY_PROXY,PROXY,CURRENT_HISTORY_ONLY_NO_VINTAGE,false,true,true
2009-08-31,2009-08,77.37759,77.37759,指数2015=100,M,WAGE_MFG_HOURLY_FRED,FRED(OECD转载厚劳省),VALIDATED_MIRROR,,2026-03起水平断点;valid_to=2026-02(direct_model_use=false),2026-09-05,LATEST_HISTORY_PROXY,PROXY,CURRENT_HISTORY_ONLY_NO_VINTAGE,false,true,true
2009-09-30,2009-09,76.58091,76.58091,指数2015=100,M,WAGE_MFG_HOURLY_FRED,FRED(OECD转载厚劳省),VALIDATED_MIRROR,,2026-03起水平断点;valid_to=2026-02(direct_model_use=false),2026-09-05,LATEST_HISTORY_PROXY,PROXY,CURRENT_HISTORY_ONLY_NO_VINTAGE,false,true,true
2009-10-31,2009-10,77.17842,77.17842,指数2015=100,M,WAGE_MFG_HOURLY_FRED,FRED(OECD转载厚劳省),VALIDATED_MIRROR,,2026-03起水平断点;valid_to=2026-02(direct_model_use=false),2026-09-05,LATEST_HISTORY_PROXY,PROXY,CURRENT_HISTORY_ONLY_NO_VINTAGE,false,true,true
2009-11-30,2009-11,81.85892,81.85892,指数2015=100,M,WAGE_MFG_HOURLY_FRED,FRED(OECD转载厚劳省),VALIDATED_MIRROR,,2026-03起水平断点;valid_to=2026-02(direct_model_use=false),2026-09-05,LATEST_HISTORY_PROXY,PROXY,CURRENT_HISTORY_ONLY_NO_VINTAGE,false,true,true
2009-12-31,2009-12,177.0622,177.0622,指数2015=100,M,WAGE_MFG_HOURLY_FRED,FRED(OECD转载厚劳省),VALIDATED_MIRROR,,2026-03起水平断点;valid_to=2026-02(direct_model_use=false),2026-09-05,LATEST_HISTORY_PROXY,PROXY,CURRENT_HISTORY_ONLY_NO_VINTAGE,false,true,true
2010-01-31,2010-01,77.57677,77.57677,指数2015=100,M,WAGE_MFG_HOURLY_FRED,FRED(OECD转载厚劳省),VALIDATED_MIRROR,,2026-03起水平断点;valid_to=2026-02(direct_model_use=false),2026-09-05,LATEST_HISTORY_PROXY,PROXY,CURRENT_HISTORY_ONLY_NO_VINTAGE,false,true,true
2010-02-28,2010-02,76.78008,76.78008,指数2015=100,M,WAGE_MFG_HOURLY_FRED,FRED(OECD转载厚劳省),VALIDATED_MIRROR,,2026-03起水平断点;valid_to=2026-02(direct_model_use=false),2026-09-05,LATEST_HISTORY_PROXY,PROXY,CURRENT_HISTORY_ONLY_NO_VINTAGE,false,true,true
2010-03-31,2010-03,79.56847,79.56847,指数2015=100,M,WAGE_MFG_HOURLY_FRED,FRED(OECD转载厚劳省),VALIDATED_MIRROR,,2026-03起水平断点;valid_to=2026-02(direct_model_use=false),2026-09-05,LATEST_HISTORY_PROXY,PROXY,CURRENT_HISTORY_ONLY_NO_VINTAGE,false,true,true
2010-04-30,2010-04,80.16598,80.16598,指数2015=100,M,WAGE_MFG_HOURLY_FRED,FRED(OECD转载厚劳省),VALIDATED_MIRROR,,2026-03起水平断点;valid_to=2026-02(direct_model_use=false),2026-09-05,LATEST_HISTORY_PROXY,PROXY,CURRENT_HISTORY_ONLY_NO_VINTAGE,false,true,true
2010-05-31,2010-05,78.07469,78.07469,指数2015=100,M,WAGE_MFG_HOURLY_FRED,FRED(OECD转载厚劳省),VALIDATED_MIRROR,,2026-03起水平断点;valid_to=2026-02(direct_model_use=false),2026-09-05,LATEST_HISTORY_PROXY,PROXY,CURRENT_HISTORY_ONLY_NO_VINTAGE,false,true,true
2010-06-30,2010-06,127.9668,127.9668,指数2015=100,M,WAGE_MFG_HOURLY_FRED,FRED(OECD转载厚劳省),VALIDATED_MIRROR,,2026-03起水平断点;valid_to=2026-02(direct_model_use=false),2026-09-05,LATEST_HISTORY_PROXY,PROXY,CURRENT_HISTORY_ONLY_NO_VINTAGE,false,true,true
2010-07-31,2010-07,132.1494,132.1494,指数2015=100,M,WAGE_MFG_HOURLY_FRED,FRED(OECD转载厚劳省),VALIDATED_MIRROR,,2026-03起水平断点;valid_to=2026-02(direct_model_use=false),2026-09-05,LATEST_HISTORY_PROXY,PROXY,CURRENT_HISTORY_ONLY_NO_VINTAGE,false,true,true
2010-08-31,2010-08,80.56432,80.56432,指数2015=100,M,WAGE_MFG_HOURLY_FRED,FRED(OECD转载厚劳省),VALIDATED_MIRROR,,2026-03起水平断点;valid_to=2026-02(direct_model_use=false),2026-09-05,LATEST_HISTORY_PROXY,PROXY,CURRENT_HISTORY_ONLY_NO_VINTAGE,false,true,true
2010-09-30,2010-09,79.26971,79.26971,指数2015=100,M,WAGE_MFG_HOURLY_FRED,FRED(OECD转载厚劳省),VALIDATED_MIRROR,,2026-03起水平断点;valid_to=2026-02(direct_model_use=false),2026-09-05,LATEST_HISTORY_PROXY,PROXY,CURRENT_HISTORY_ONLY_NO_VINTAGE,false,true,true
2010-10-31,2010-10,79.36929,79.36929,指数2015=100,M,WAGE_MFG_HOURLY_FRED,FRED(OECD转载厚劳省),VALIDATED_MIRROR,,2026-03起水平断点;valid_to=2026-02(direct_model_use=false),2026-09-05,LATEST_HISTORY_PROXY,PROXY,CURRENT_HISTORY_ONLY_NO_VINTAGE,false,true,true
2010-11-30,2010-11,84.84647,84.84647,指数2015=100,M,WAGE_MFG_HOURLY_FRED,FRED(OECD转载厚劳省),VALIDATED_MIRROR,,2026-03起水平断点;valid_to=2026-02(direct_model_use=false),2026-09-05,LATEST_HISTORY_PROXY,PROXY,CURRENT_HISTORY_ONLY_NO_VINTAGE,false,true,true
2010-12-31,2010-12,183.5353,183.5353,指数2015=100,M,WAGE_MFG_HOURLY_FRED,FRED(OECD转载厚劳省),VALIDATED_MIRROR,,2026-03起水平断点;valid_to=2026-02(direct_model_use=false),2026-09-05,LATEST_HISTORY_PROXY,PROXY,CURRENT_HISTORY_ONLY_NO_VINTAGE,false,true,true
2011-01-31,2011-01,80.06639,80.06639,指数2015=100,M,WAGE_MFG_HOURLY_FRED,FRED(OECD转载厚劳省),VALIDATED_MIRROR,,2026-03起水平断点;valid_to=2026-02(direct_model_use=false),2026-09-05,LATEST_HISTORY_PROXY,PROXY,CURRENT_HISTORY_ONLY_NO_VINTAGE,false,true,true
2011-02-28,2011-02,78.07469,78.07469,指数2015=100,M,WAGE_MFG_HOURLY_FRED,FRED(OECD转载厚劳省),VALIDATED_MIRROR,,2026-03起水平断点;valid_to=2026-02(direct_model_use=false),2026-09-05,LATEST_HISTORY_PROXY,PROXY,CURRENT_HISTORY_ONLY_NO_VINTAGE,false,true,true
2011-03-31,2011-03,81.06224,81.06224,指数2015=100,M,WAGE_MFG_HOURLY_FRED,FRED(OECD转载厚劳省),VALIDATED_MIRROR,,2026-03起水平断点;valid_to=2026-02(direct_model_use=false),2026-09-05,LATEST_HISTORY_PROXY,PROXY,CURRENT_HISTORY_ONLY_NO_VINTAGE,false,true,true
2011-04-30,2011-04,79.86722,79.86722,指数2015=100,M,WAGE_MFG_HOURLY_FRED,FRED(OECD转载厚劳省),VALIDATED_MIRROR,,2026-03起水平断点;valid_to=2026-02(direct_model_use=false),2026-09-05,LATEST_HISTORY_PROXY,PROXY,CURRENT_HISTORY_ONLY_NO_VINTAGE,false,true,true
2011-05-31,2011-05,77.87552,77.87552,指数2015=100,M,WAGE_MFG_HOURLY_FRED,FRED(OECD转载厚劳省),VALIDATED_MIRROR,,2026-03起水平断点;valid_to=2026-02(direct_model_use=false),2026-09-05,LATEST_HISTORY_PROXY,PROXY,CURRENT_HISTORY_ONLY_NO_VINTAGE,false,true,true
2011-06-30,2011-06,134.1411,134.1411,指数2015=100,M,WAGE_MFG_HOURLY_FRED,FRED(OECD转载厚劳省),VALIDATED_MIRROR,,2026-03起水平断点;valid_to=2026-02(direct_model_use=false),2026-09-05,LATEST_HISTORY_PROXY,PROXY,CURRENT_HISTORY_ONLY_NO_VINTAGE,false,true,true
2011-07-31,2011-07,136.5311,136.5311,指数2015=100,M,WAGE_MFG_HOURLY_FRED,FRED(OECD转载厚劳省),VALIDATED_MIRROR,,2026-03起水平断点;valid_to=2026-02(direct_model_use=false),2026-09-05,LATEST_HISTORY_PROXY,PROXY,CURRENT_HISTORY_ONLY_NO_VINTAGE,false,true,true
2011-08-31,2011-08,80.26556,80.26556,指数2015=100,M,WAGE_MFG_HOURLY_FRED,FRED(OECD转载厚劳省),VALIDATED_MIRROR,,2026-03起水平断点;valid_to=2026-02(direct_model_use=false),2026-09-05,LATEST_HISTORY_PROXY,PROXY,CURRENT_HISTORY_ONLY_NO_VINTAGE,false,true,true
2011-09-30,2011-09,79.86722,79.86722,指数2015=100,M,WAGE_MFG_HOURLY_FRED,FRED(OECD转载厚劳省),VALIDATED_MIRROR,,2026-03起水平断点;valid_to=2026-02(direct_model_use=false),2026-09-05,LATEST_HISTORY_PROXY,PROXY,CURRENT_HISTORY_ONLY_NO_VINTAGE,false,true,true
2011-10-31,2011-10,80.46473,80.46473,指数2015=100,M,WAGE_MFG_HOURLY_FRED,FRED(OECD转载厚劳省),VALIDATED_MIRROR,,2026-03起水平断点;valid_to=2026-02(direct_model_use=false),2026-09-05,LATEST_HISTORY_PROXY,PROXY,CURRENT_HISTORY_ONLY_NO_VINTAGE,false,true,true
2011-11-30,2011-11,85.84232,85.84232,指数2015=100,M,WAGE_MFG_HOURLY_FRED,FRED(OECD转载厚劳省),VALIDATED_MIRROR,,2026-03起水平断点;valid_to=2026-02(direct_model_use=false),2026-09-05,LATEST_HISTORY_PROXY,PROXY,CURRENT_HISTORY_ONLY_NO_VINTAGE,false,true,true
2011-12-31,2011-12,191.5021,191.5021,指数2015=100,M,WAGE_MFG_HOURLY_FRED,FRED(OECD转载厚劳省),VALIDATED_MIRROR,,2026-03起水平断点;valid_to=2026-02(direct_model_use=false),2026-09-05,LATEST_HISTORY_PROXY,PROXY,CURRENT_HISTORY_ONLY_NO_VINTAGE,false,true,true
2012-01-31,2012-01,79.66805,79.66805,指数2015=100,M,WAGE_MFG_HOURLY_FRED,FRED(OECD转载厚劳省),VALIDATED_MIRROR,,2026-03起水平断点;valid_to=2026-02(direct_model_use=false),2026-09-05,LATEST_HISTORY_PROXY,PROXY,CURRENT_HISTORY_ONLY_NO_VINTAGE,false,true,true
2012-02-29,2012-02,79.26971,79.26971,指数2015=100,M,WAGE_MFG_HOURLY_FRED,FRED(OECD转载厚劳省),VALIDATED_MIRROR,,2026-03起水平断点;valid_to=2026-02(direct_model_use=false),2026-09-05,LATEST_HISTORY_PROXY,PROXY,CURRENT_HISTORY_ONLY_NO_VINTAGE,false,true,true
2012-03-31,2012-03,82.15768,82.15768,指数2015=100,M,WAGE_MFG_HOURLY_FRED,FRED(OECD转载厚劳省),VALIDATED_MIRROR,,2026-03起水平断点;valid_to=2026-02(direct_model_use=false),2026-09-05,LATEST_HISTORY_PROXY,PROXY,CURRENT_HISTORY_ONLY_NO_VINTAGE,false,true,true
2012-04-30,2012-04,81.16183,81.16183,指数2015=100,M,WAGE_MFG_HOURLY_FRED,FRED(OECD转载厚劳省),VALIDATED_MIRROR,,2026-03起水平断点;valid_to=2026-02(direct_model_use=false),2026-09-05,LATEST_HISTORY_PROXY,PROXY,CURRENT_HISTORY_ONLY_NO_VINTAGE,false,true,true
2012-05-31,2012-05,79.46888,79.46888,指数2015=100,M,WAGE_MFG_HOURLY_FRED,FRED(OECD转载厚劳省),VALIDATED_MIRROR,,2026-03起水平断点;valid_to=2026-02(direct_model_use=false),2026-09-05,LATEST_HISTORY_PROXY,PROXY,CURRENT_HISTORY_ONLY_NO_VINTAGE,false,true,true
2012-06-30,2012-06,135.3361,135.3361,指数2015=100,M,WAGE_MFG_HOURLY_FRED,FRED(OECD转载厚劳省),VALIDATED_MIRROR,,2026-03起水平断点;valid_to=2026-02(direct_model_use=false),2026-09-05,LATEST_HISTORY_PROXY,PROXY,CURRENT_HISTORY_ONLY_NO_VINTAGE,false,true,true
2012-07-31,2012-07,131.9502,131.9502,指数2015=100,M,WAGE_MFG_HOURLY_FRED,FRED(OECD转载厚劳省),VALIDATED_MIRROR,,2026-03起水平断点;valid_to=2026-02(direct_model_use=false),2026-09-05,LATEST_HISTORY_PROXY,PROXY,CURRENT_HISTORY_ONLY_NO_VINTAGE,false,true,true
2012-08-31,2012-08,81.16183,81.16183,指数2015=100,M,WAGE_MFG_HOURLY_FRED,FRED(OECD转载厚劳省),VALIDATED_MIRROR,,2026-03起水平断点;valid_to=2026-02(direct_model_use=false),2026-09-05,LATEST_HISTORY_PROXY,PROXY,CURRENT_HISTORY_ONLY_NO_VINTAGE,false,true,true
2012-09-30,2012-09,78.6722,78.6722,指数2015=100,M,WAGE_MFG_HOURLY_FRED,FRED(OECD转载厚劳省),VALIDATED_MIRROR,,2026-03起水平断点;valid_to=2026-02(direct_model_use=false),2026-09-05,LATEST_HISTORY_PROXY,PROXY,CURRENT_HISTORY_ONLY_NO_VINTAGE,false,true,true
2012-10-31,2012-10,78.87137,78.87137,指数2015=100,M,WAGE_MFG_HOURLY_FRED,FRED(OECD转载厚劳省),VALIDATED_MIRROR,,2026-03起水平断点;valid_to=2026-02(direct_model_use=false),2026-09-05,LATEST_HISTORY_PROXY,PROXY,CURRENT_HISTORY_ONLY_NO_VINTAGE,false,true,true
2012-11-30,2012-11,82.05809,82.05809,指数2015=100,M,WAGE_MFG_HOURLY_FRED,FRED(OECD转载厚劳省),VALIDATED_MIRROR,,2026-03起水平断点;valid_to=2026-02(direct_model_use=false),2026-09-05,LATEST_HISTORY_PROXY,PROXY,CURRENT_HISTORY_ONLY_NO_VINTAGE,false,true,true
2012-12-31,2012-12,187.2199,187.2199,指数2015=100,M,WAGE_MFG_HOURLY_FRED,FRED(OECD转载厚劳省),VALIDATED_MIRROR,,2026-03起水平断点;valid_to=2026-02(direct_model_use=false),2026-09-05,LATEST_HISTORY_PROXY,PROXY,CURRENT_HISTORY_ONLY_NO_VINTAGE,false,true,true
2013-01-31,2013-01,79.66805,79.66805,指数2015=100,M,WAGE_MFG_HOURLY_FRED,FRED(OECD转载厚劳省),VALIDATED_MIRROR,,2026-03起水平断点;valid_to=2026-02(direct_model_use=false),2026-09-05,LATEST_HISTORY_PROXY,PROXY,CURRENT_HISTORY_ONLY_NO_VINTAGE,false,true,true
2013-02-28,2013-02,78.07469,78.07469,指数2015=100,M,WAGE_MFG_HOURLY_FRED,FRED(OECD转载厚劳省),VALIDATED_MIRROR,,2026-03起水平断点;valid_to=2026-02(direct_model_use=false),2026-09-05,LATEST_HISTORY_PROXY,PROXY,CURRENT_HISTORY_ONLY_NO_VINTAGE,false,true,true
2013-03-31,2013-03,80.26556,80.26556,指数2015=100,M,WAGE_MFG_HOURLY_FRED,FRED(OECD转载厚劳省),VALIDATED_MIRROR,,2026-03起水平断点;valid_to=2026-02(direct_model_use=false),2026-09-05,LATEST_HISTORY_PROXY,PROXY,CURRENT_HISTORY_ONLY_NO_VINTAGE,false,true,true
2013-04-30,2013-04,80.36514,80.36514,指数2015=100,M,WAGE_MFG_HOURLY_FRED,FRED(OECD转载厚劳省),VALIDATED_MIRROR,,2026-03起水平断点;valid_to=2026-02(direct_model_use=false),2026-09-05,LATEST_HISTORY_PROXY,PROXY,CURRENT_HISTORY_ONLY_NO_VINTAGE,false,true,true
2013-05-31,2013-05,78.6722,78.6722,指数2015=100,M,WAGE_MFG_HOURLY_FRED,FRED(OECD转载厚劳省),VALIDATED_MIRROR,,2026-03起水平断点;valid_to=2026-02(direct_model_use=false),2026-09-05,LATEST_HISTORY_PROXY,PROXY,CURRENT_HISTORY_ONLY_NO_VINTAGE,false,true,true
2013-06-30,2013-06,133.9419,133.9419,指数2015=100,M,WAGE_MFG_HOURLY_FRED,FRED(OECD转载厚劳省),VALIDATED_MIRROR,,2026-03起水平断点;valid_to=2026-02(direct_model_use=false),2026-09-05,LATEST_HISTORY_PROXY,PROXY,CURRENT_HISTORY_ONLY_NO_VINTAGE,false,true,true
2013-07-31,2013-07,133.2448,133.2448,指数2015=100,M,WAGE_MFG_HOURLY_FRED,FRED(OECD转载厚劳省),VALIDATED_MIRROR,,2026-03起水平断点;valid_to=2026-02(direct_model_use=false),2026-09-05,LATEST_HISTORY_PROXY,PROXY,CURRENT_HISTORY_ONLY_NO_VINTAGE,false,true,true
2013-08-31,2013-08,80.16598,80.16598,指数2015=100,M,WAGE_MFG_HOURLY_FRED,FRED(OECD转载厚劳省),VALIDATED_MIRROR,,2026-03起水平断点;valid_to=2026-02(direct_model_use=false),2026-09-05,LATEST_HISTORY_PROXY,PROXY,CURRENT_HISTORY_ONLY_NO_VINTAGE,false,true,true
2013-09-30,2013-09,78.6722,78.6722,指数2015=100,M,WAGE_MFG_HOURLY_FRED,FRED(OECD转载厚劳省),VALIDATED_MIRROR,,2026-03起水平断点;valid_to=2026-02(direct_model_use=false),2026-09-05,LATEST_HISTORY_PROXY,PROXY,CURRENT_HISTORY_ONLY_NO_VINTAGE,false,true,true
2013-10-31,2013-10,79.46888,79.46888,指数2015=100,M,WAGE_MFG_HOURLY_FRED,FRED(OECD转载厚劳省),VALIDATED_MIRROR,,2026-03起水平断点;valid_to=2026-02(direct_model_use=false),2026-09-05,LATEST_HISTORY_PROXY,PROXY,CURRENT_HISTORY_ONLY_NO_VINTAGE,false,true,true
2013-11-30,2013-11,83.25311,83.25311,指数2015=100,M,WAGE_MFG_HOURLY_FRED,FRED(OECD转载厚劳省),VALIDATED_MIRROR,,2026-03起水平断点;valid_to=2026-02(direct_model_use=false),2026-09-05,LATEST_HISTORY_PROXY,PROXY,CURRENT_HISTORY_ONLY_NO_VINTAGE,false,true,true
2013-12-31,2013-12,189.61,189.61,指数2015=100,M,WAGE_MFG_HOURLY_FRED,FRED(OECD转载厚劳省),VALIDATED_MIRROR,,2026-03起水平断点;valid_to=2026-02(direct_model_use=false),2026-09-05,LATEST_HISTORY_PROXY,PROXY,CURRENT_HISTORY_ONLY_NO_VINTAGE,false,true,true
2014-01-31,2014-01,80.16598,80.16598,指数2015=100,M,WAGE_MFG_HOURLY_FRED,FRED(OECD转载厚劳省),VALIDATED_MIRROR,,2026-03起水平断点;valid_to=2026-02(direct_model_use=false),2026-09-05,LATEST_HISTORY_PROXY,PROXY,CURRENT_HISTORY_ONLY_NO_VINTAGE,false,true,true
2014-02-28,2014-02,78.17427,78.17427,指数2015=100,M,WAGE_MFG_HOURLY_FRED,FRED(OECD转载厚劳省),VALIDATED_MIRROR,,2026-03起水平断点;valid_to=2026-02(direct_model_use=false),2026-09-05,LATEST_HISTORY_PROXY,PROXY,CURRENT_HISTORY_ONLY_NO_VINTAGE,false,true,true
2014-03-31,2014-03,81.85892,81.85892,指数2015=100,M,WAGE_MFG_HOURLY_FRED,FRED(OECD转载厚劳省),VALIDATED_MIRROR,,2026-03起水平断点;valid_to=2026-02(direct_model_use=false),2026-09-05,LATEST_HISTORY_PROXY,PROXY,CURRENT_HISTORY_ONLY_NO_VINTAGE,false,true,true
2014-04-30,2014-04,81.65975,81.65975,指数2015=100,M,WAGE_MFG_HOURLY_FRED,FRED(OECD转载厚劳省),VALIDATED_MIRROR,,2026-03起水平断点;valid_to=2026-02(direct_model_use=false),2026-09-05,LATEST_HISTORY_PROXY,PROXY,CURRENT_HISTORY_ONLY_NO_VINTAGE,false,true,true
2014-05-31,2014-05,79.66805,79.66805,指数2015=100,M,WAGE_MFG_HOURLY_FRED,FRED(OECD转载厚劳省),VALIDATED_MIRROR,,2026-03起水平断点;valid_to=2026-02(direct_model_use=false),2026-09-05,LATEST_HISTORY_PROXY,PROXY,CURRENT_HISTORY_ONLY_NO_VINTAGE,false,true,true
2014-06-30,2014-06,138.3237,138.3237,指数2015=100,M,WAGE_MFG_HOURLY_FRED,FRED(OECD转载厚劳省),VALIDATED_MIRROR,,2026-03起水平断点;valid_to=2026-02(direct_model_use=false),2026-09-05,LATEST_HISTORY_PROXY,PROXY,CURRENT_HISTORY_ONLY_NO_VINTAGE,false,true,true
2014-07-31,2014-07,140.1162,140.1162,指数2015=100,M,WAGE_MFG_HOURLY_FRED,FRED(OECD转载厚劳省),VALIDATED_MIRROR,,2026-03起水平断点;valid_to=2026-02(direct_model_use=false),2026-09-05,LATEST_HISTORY_PROXY,PROXY,CURRENT_HISTORY_ONLY_NO_VINTAGE,false,true,true
2014-08-31,2014-08,82.05809,82.05809,指数2015=100,M,WAGE_MFG_HOURLY_FRED,FRED(OECD转载厚劳省),VALIDATED_MIRROR,,2026-03起水平断点;valid_to=2026-02(direct_model_use=false),2026-09-05,LATEST_HISTORY_PROXY,PROXY,CURRENT_HISTORY_ONLY_NO_VINTAGE,false,true,true
2014-09-30,2014-09,79.46888,79.46888,指数2015=100,M,WAGE_MFG_HOURLY_FRED,FRED(OECD转载厚劳省),VALIDATED_MIRROR,,2026-03起水平断点;valid_to=2026-02(direct_model_use=false),2026-09-05,LATEST_HISTORY_PROXY,PROXY,CURRENT_HISTORY_ONLY_NO_VINTAGE,false,true,true
2014-10-31,2014-10,79.66805,79.66805,指数2015=100,M,WAGE_MFG_HOURLY_FRED,FRED(OECD转载厚劳省),VALIDATED_MIRROR,,2026-03起水平断点;valid_to=2026-02(direct_model_use=false),2026-09-05,LATEST_HISTORY_PROXY,PROXY,CURRENT_HISTORY_ONLY_NO_VINTAGE,false,true,true
2014-11-30,2014-11,83.55186,83.55186,指数2015=100,M,WAGE_MFG_HOURLY_FRED,FRED(OECD转载厚劳省),VALIDATED_MIRROR,,2026-03起水平断点;valid_to=2026-02(direct_model_use=false),2026-09-05,LATEST_HISTORY_PROXY,PROXY,CURRENT_HISTORY_ONLY_NO_VINTAGE,false,true,true
2014-12-31,2014-12,193.195,193.195,指数2015=100,M,WAGE_MFG_HOURLY_FRED,FRED(OECD转载厚劳省),VALIDATED_MIRROR,,2026-03起水平断点;valid_to=2026-02(direct_model_use=false),2026-09-05,LATEST_HISTORY_PROXY,PROXY,CURRENT_HISTORY_ONLY_NO_VINTAGE,false,true,true
2015-01-31,2015-01,80.06639,80.06639,指数2015=100,M,WAGE_MFG_HOURLY_FRED,FRED(OECD转载厚劳省),VALIDATED_MIRROR,,2026-03起水平断点;valid_to=2026-02(direct_model_use=false),2026-09-05,LATEST_HISTORY_PROXY,PROXY,CURRENT_HISTORY_ONLY_NO_VINTAGE,false,true,true
2015-02-28,2015-02,78.37344,78.37344,指数2015=100,M,WAGE_MFG_HOURLY_FRED,FRED(OECD转载厚劳省),VALIDATED_MIRROR,,2026-03起水平断点;valid_to=2026-02(direct_model_use=false),2026-09-05,LATEST_HISTORY_PROXY,PROXY,CURRENT_HISTORY_ONLY_NO_VINTAGE,false,true,true
2015-03-31,2015-03,82.15768,82.15768,指数2015=100,M,WAGE_MFG_HOURLY_FRED,FRED(OECD转载厚劳省),VALIDATED_MIRROR,,2026-03起水平断点;valid_to=2026-02(direct_model_use=false),2026-09-05,LATEST_HISTORY_PROXY,PROXY,CURRENT_HISTORY_ONLY_NO_VINTAGE,false,true,true
2015-04-30,2015-04,81.36099,81.36099,指数2015=100,M,WAGE_MFG_HOURLY_FRED,FRED(OECD转载厚劳省),VALIDATED_MIRROR,,2026-03起水平断点;valid_to=2026-02(direct_model_use=false),2026-09-05,LATEST_HISTORY_PROXY,PROXY,CURRENT_HISTORY_ONLY_NO_VINTAGE,false,true,true
2015-05-31,2015-05,79.86722,79.86722,指数2015=100,M,WAGE_MFG_HOURLY_FRED,FRED(OECD转载厚劳省),VALIDATED_MIRROR,,2026-03起水平断点;valid_to=2026-02(direct_model_use=false),2026-09-05,LATEST_HISTORY_PROXY,PROXY,CURRENT_HISTORY_ONLY_NO_VINTAGE,false,true,true
2015-06-30,2015-06,134.7386,134.7386,指数2015=100,M,WAGE_MFG_HOURLY_FRED,FRED(OECD转载厚劳省),VALIDATED_MIRROR,,2026-03起水平断点;valid_to=2026-02(direct_model_use=false),2026-09-05,LATEST_HISTORY_PROXY,PROXY,CURRENT_HISTORY_ONLY_NO_VINTAGE,false,true,true
2015-07-31,2015-07,141.4108,141.4108,指数2015=100,M,WAGE_MFG_HOURLY_FRED,FRED(OECD转载厚劳省),VALIDATED_MIRROR,,2026-03起水平断点;valid_to=2026-02(direct_model_use=false),2026-09-05,LATEST_HISTORY_PROXY,PROXY,CURRENT_HISTORY_ONLY_NO_VINTAGE,false,true,true
2015-08-31,2015-08,81.06224,81.06224,指数2015=100,M,WAGE_MFG_HOURLY_FRED,FRED(OECD转载厚劳省),VALIDATED_MIRROR,,2026-03起水平断点;valid_to=2026-02(direct_model_use=false),2026-09-05,LATEST_HISTORY_PROXY,PROXY,CURRENT_HISTORY_ONLY_NO_VINTAGE,false,true,true
2015-09-30,2015-09,80.16598,80.16598,指数2015=100,M,WAGE_MFG_HOURLY_FRED,FRED(OECD转载厚劳省),VALIDATED_MIRROR,,2026-03起水平断点;valid_to=2026-02(direct_model_use=false),2026-09-05,LATEST_HISTORY_PROXY,PROXY,CURRENT_HISTORY_ONLY_NO_VINTAGE,false,true,true
2015-10-31,2015-10,80.26556,80.26556,指数2015=100,M,WAGE_MFG_HOURLY_FRED,FRED(OECD转载厚劳省),VALIDATED_MIRROR,,2026-03起水平断点;valid_to=2026-02(direct_model_use=false),2026-09-05,LATEST_HISTORY_PROXY,PROXY,CURRENT_HISTORY_ONLY_NO_VINTAGE,false,true,true
2015-11-30,2015-11,84.94606,84.94606,指数2015=100,M,WAGE_MFG_HOURLY_FRED,FRED(OECD转载厚劳省),VALIDATED_MIRROR,,2026-03起水平断点;valid_to=2026-02(direct_model_use=false),2026-09-05,LATEST_HISTORY_PROXY,PROXY,CURRENT_HISTORY_ONLY_NO_VINTAGE,false,true,true
2015-12-31,2015-12,195.5851,195.5851,指数2015=100,M,WAGE_MFG_HOURLY_FRED,FRED(OECD转载厚劳省),VALIDATED_MIRROR,,2026-03起水平断点;valid_to=2026-02(direct_model_use=false),2026-09-05,LATEST_HISTORY_PROXY,PROXY,CURRENT_HISTORY_ONLY_NO_VINTAGE,false,true,true
2016-01-31,2016-01,80.16598,80.16598,指数2015=100,M,WAGE_MFG_HOURLY_FRED,FRED(OECD转载厚劳省),VALIDATED_MIRROR,,2026-03起水平断点;valid_to=2026-02(direct_model_use=false),2026-09-05,LATEST_HISTORY_PROXY,PROXY,CURRENT_HISTORY_ONLY_NO_VINTAGE,false,true,true
2016-02-29,2016-02,78.97095,78.97095,指数2015=100,M,WAGE_MFG_HOURLY_FRED,FRED(OECD转载厚劳省),VALIDATED_MIRROR,,2026-03起水平断点;valid_to=2026-02(direct_model_use=false),2026-09-05,LATEST_HISTORY_PROXY,PROXY,CURRENT_HISTORY_ONLY_NO_VINTAGE,false,true,true
2016-03-31,2016-03,82.6556,82.6556,指数2015=100,M,WAGE_MFG_HOURLY_FRED,FRED(OECD转载厚劳省),VALIDATED_MIRROR,,2026-03起水平断点;valid_to=2026-02(direct_model_use=false),2026-09-05,LATEST_HISTORY_PROXY,PROXY,CURRENT_HISTORY_ONLY_NO_VINTAGE,false,true,true
2016-04-30,2016-04,81.36099,81.36099,指数2015=100,M,WAGE_MFG_HOURLY_FRED,FRED(OECD转载厚劳省),VALIDATED_MIRROR,,2026-03起水平断点;valid_to=2026-02(direct_model_use=false),2026-09-05,LATEST_HISTORY_PROXY,PROXY,CURRENT_HISTORY_ONLY_NO_VINTAGE,false,true,true
2016-05-31,2016-05,79.56847,79.56847,指数2015=100,M,WAGE_MFG_HOURLY_FRED,FRED(OECD转载厚劳省),VALIDATED_MIRROR,,2026-03起水平断点;valid_to=2026-02(direct_model_use=false),2026-09-05,LATEST_HISTORY_PROXY,PROXY,CURRENT_HISTORY_ONLY_NO_VINTAGE,false,true,true
2016-06-30,2016-06,136.0332,136.0332,指数2015=100,M,WAGE_MFG_HOURLY_FRED,FRED(OECD转载厚劳省),VALIDATED_MIRROR,,2026-03起水平断点;valid_to=2026-02(direct_model_use=false),2026-09-05,LATEST_HISTORY_PROXY,PROXY,CURRENT_HISTORY_ONLY_NO_VINTAGE,false,true,true
2016-07-31,2016-07,143.5021,143.5021,指数2015=100,M,WAGE_MFG_HOURLY_FRED,FRED(OECD转载厚劳省),VALIDATED_MIRROR,,2026-03起水平断点;valid_to=2026-02(direct_model_use=false),2026-09-05,LATEST_HISTORY_PROXY,PROXY,CURRENT_HISTORY_ONLY_NO_VINTAGE,false,true,true
2016-08-31,2016-08,82.05809,82.05809,指数2015=100,M,WAGE_MFG_HOURLY_FRED,FRED(OECD转载厚劳省),VALIDATED_MIRROR,,2026-03起水平断点;valid_to=2026-02(direct_model_use=false),2026-09-05,LATEST_HISTORY_PROXY,PROXY,CURRENT_HISTORY_ONLY_NO_VINTAGE,false,true,true
2016-09-30,2016-09,80.26556,80.26556,指数2015=100,M,WAGE_MFG_HOURLY_FRED,FRED(OECD转载厚劳省),VALIDATED_MIRROR,,2026-03起水平断点;valid_to=2026-02(direct_model_use=false),2026-09-05,LATEST_HISTORY_PROXY,PROXY,CURRENT_HISTORY_ONLY_NO_VINTAGE,false,true,true
2016-10-31,2016-10,80.86307,80.86307,指数2015=100,M,WAGE_MFG_HOURLY_FRED,FRED(OECD转载厚劳省),VALIDATED_MIRROR,,2026-03起水平断点;valid_to=2026-02(direct_model_use=false),2026-09-05,LATEST_HISTORY_PROXY,PROXY,CURRENT_HISTORY_ONLY_NO_VINTAGE,false,true,true
2016-11-30,2016-11,85.84232,85.84232,指数2015=100,M,WAGE_MFG_HOURLY_FRED,FRED(OECD转载厚劳省),VALIDATED_MIRROR,,2026-03起水平断点;valid_to=2026-02(direct_model_use=false),2026-09-05,LATEST_HISTORY_PROXY,PROXY,CURRENT_HISTORY_ONLY_NO_VINTAGE,false,true,true
2016-12-31,2016-12,197.1784,197.1784,指数2015=100,M,WAGE_MFG_HOURLY_FRED,FRED(OECD转载厚劳省),VALIDATED_MIRROR,,2026-03起水平断点;valid_to=2026-02(direct_model_use=false),2026-09-05,LATEST_HISTORY_PROXY,PROXY,CURRENT_HISTORY_ONLY_NO_VINTAGE,false,true,true
2017-01-31,2017-01,81.75934,81.75934,指数2015=100,M,WAGE_MFG_HOURLY_FRED,FRED(OECD转载厚劳省),VALIDATED_MIRROR,,2026-03起水平断点;valid_to=2026-02(direct_model_use=false),2026-09-05,LATEST_HISTORY_PROXY,PROXY,CURRENT_HISTORY_ONLY_NO_VINTAGE,false,true,true
2017-02-28,2017-02,80.06639,80.06639,指数2015=100,M,WAGE_MFG_HOURLY_FRED,FRED(OECD转载厚劳省),VALIDATED_MIRROR,,2026-03起水平断点;valid_to=2026-02(direct_model_use=false),2026-09-05,LATEST_HISTORY_PROXY,PROXY,CURRENT_HISTORY_ONLY_NO_VINTAGE,false,true,true
2017-03-31,2017-03,83.05394,83.05394,指数2015=100,M,WAGE_MFG_HOURLY_FRED,FRED(OECD转载厚劳省),VALIDATED_MIRROR,,2026-03起水平断点;valid_to=2026-02(direct_model_use=false),2026-09-05,LATEST_HISTORY_PROXY,PROXY,CURRENT_HISTORY_ONLY_NO_VINTAGE,false,true,true
2017-04-30,2017-04,82.25726,82.25726,指数2015=100,M,WAGE_MFG_HOURLY_FRED,FRED(OECD转载厚劳省),VALIDATED_MIRROR,,2026-03起水平断点;valid_to=2026-02(direct_model_use=false),2026-09-05,LATEST_HISTORY_PROXY,PROXY,CURRENT_HISTORY_ONLY_NO_VINTAGE,false,true,true
2017-05-31,2017-05,80.56432,80.56432,指数2015=100,M,WAGE_MFG_HOURLY_FRED,FRED(OECD转载厚劳省),VALIDATED_MIRROR,,2026-03起水平断点;valid_to=2026-02(direct_model_use=false),2026-09-05,LATEST_HISTORY_PROXY,PROXY,CURRENT_HISTORY_ONLY_NO_VINTAGE,false,true,true
2017-06-30,2017-06,138.2241,138.2241,指数2015=100,M,WAGE_MFG_HOURLY_FRED,FRED(OECD转载厚劳省),VALIDATED_MIRROR,,2026-03起水平断点;valid_to=2026-02(direct_model_use=false),2026-09-05,LATEST_HISTORY_PROXY,PROXY,CURRENT_HISTORY_ONLY_NO_VINTAGE,false,true,true
2017-07-31,2017-07,143.5021,143.5021,指数2015=100,M,WAGE_MFG_HOURLY_FRED,FRED(OECD转载厚劳省),VALIDATED_MIRROR,,2026-03起水平断点;valid_to=2026-02(direct_model_use=false),2026-09-05,LATEST_HISTORY_PROXY,PROXY,CURRENT_HISTORY_ONLY_NO_VINTAGE,false,true,true
2017-08-31,2017-08,82.15768,82.15768,指数2015=100,M,WAGE_MFG_HOURLY_FRED,FRED(OECD转载厚劳省),VALIDATED_MIRROR,,2026-03起水平断点;valid_to=2026-02(direct_model_use=false),2026-09-05,LATEST_HISTORY_PROXY,PROXY,CURRENT_HISTORY_ONLY_NO_VINTAGE,false,true,true
2017-09-30,2017-09,82.35685,82.35685,指数2015=100,M,WAGE_MFG_HOURLY_FRED,FRED(OECD转载厚劳省),VALIDATED_MIRROR,,2026-03起水平断点;valid_to=2026-02(direct_model_use=false),2026-09-05,LATEST_HISTORY_PROXY,PROXY,CURRENT_HISTORY_ONLY_NO_VINTAGE,false,true,true
2017-10-31,2017-10,81.46058,81.46058,指数2015=100,M,WAGE_MFG_HOURLY_FRED,FRED(OECD转载厚劳省),VALIDATED_MIRROR,,2026-03起水平断点;valid_to=2026-02(direct_model_use=false),2026-09-05,LATEST_HISTORY_PROXY,PROXY,CURRENT_HISTORY_ONLY_NO_VINTAGE,false,true,true
2017-11-30,2017-11,86.93776,86.93776,指数2015=100,M,WAGE_MFG_HOURLY_FRED,FRED(OECD转载厚劳省),VALIDATED_MIRROR,,2026-03起水平断点;valid_to=2026-02(direct_model_use=false),2026-09-05,LATEST_HISTORY_PROXY,PROXY,CURRENT_HISTORY_ONLY_NO_VINTAGE,false,true,true
2017-12-31,2017-12,201.2614,201.2614,指数2015=100,M,WAGE_MFG_HOURLY_FRED,FRED(OECD转载厚劳省),VALIDATED_MIRROR,,2026-03起水平断点;valid_to=2026-02(direct_model_use=false),2026-09-05,LATEST_HISTORY_PROXY,PROXY,CURRENT_HISTORY_ONLY_NO_VINTAGE,false,true,true
2018-01-31,2018-01,81.56017,81.56017,指数2015=100,M,WAGE_MFG_HOURLY_FRED,FRED(OECD转载厚劳省),VALIDATED_MIRROR,,2026-03起水平断点;valid_to=2026-02(direct_model_use=false),2026-09-05,LATEST_HISTORY_PROXY,PROXY,CURRENT_HISTORY_ONLY_NO_VINTAGE,false,true,true
2018-02-28,2018-02,80.6639,80.6639,指数2015=100,M,WAGE_MFG_HOURLY_FRED,FRED(OECD转载厚劳省),VALIDATED_MIRROR,,2026-03起水平断点;valid_to=2026-02(direct_model_use=false),2026-09-05,LATEST_HISTORY_PROXY,PROXY,CURRENT_HISTORY_ONLY_NO_VINTAGE,false,true,true
2018-03-31,2018-03,85.64315,85.64315,指数2015=100,M,WAGE_MFG_HOURLY_FRED,FRED(OECD转载厚劳省),VALIDATED_MIRROR,,2026-03起水平断点;valid_to=2026-02(direct_model_use=false),2026-09-05,LATEST_HISTORY_PROXY,PROXY,CURRENT_HISTORY_ONLY_NO_VINTAGE,false,true,true
2018-04-30,2018-04,83.25311,83.25311,指数2015=100,M,WAGE_MFG_HOURLY_FRED,FRED(OECD转载厚劳省),VALIDATED_MIRROR,,2026-03起水平断点;valid_to=2026-02(direct_model_use=false),2026-09-05,LATEST_HISTORY_PROXY,PROXY,CURRENT_HISTORY_ONLY_NO_VINTAGE,false,true,true
2018-05-31,2018-05,81.26141,81.26141,指数2015=100,M,WAGE_MFG_HOURLY_FRED,FRED(OECD转载厚劳省),VALIDATED_MIRROR,,2026-03起水平断点;valid_to=2026-02(direct_model_use=false),2026-09-05,LATEST_HISTORY_PROXY,PROXY,CURRENT_HISTORY_ONLY_NO_VINTAGE,false,true,true
2018-06-30,2018-06,141.8091,141.8091,指数2015=100,M,WAGE_MFG_HOURLY_FRED,FRED(OECD转载厚劳省),VALIDATED_MIRROR,,2026-03起水平断点;valid_to=2026-02(direct_model_use=false),2026-09-05,LATEST_HISTORY_PROXY,PROXY,CURRENT_HISTORY_ONLY_NO_VINTAGE,false,true,true
2018-07-31,2018-07,145.7925,145.7925,指数2015=100,M,WAGE_MFG_HOURLY_FRED,FRED(OECD转载厚劳省),VALIDATED_MIRROR,,2026-03起水平断点;valid_to=2026-02(direct_model_use=false),2026-09-05,LATEST_HISTORY_PROXY,PROXY,CURRENT_HISTORY_ONLY_NO_VINTAGE,false,true,true
2018-08-31,2018-08,83.15353,83.15353,指数2015=100,M,WAGE_MFG_HOURLY_FRED,FRED(OECD转载厚劳省),VALIDATED_MIRROR,,2026-03起水平断点;valid_to=2026-02(direct_model_use=false),2026-09-05,LATEST_HISTORY_PROXY,PROXY,CURRENT_HISTORY_ONLY_NO_VINTAGE,false,true,true
2018-09-30,2018-09,82.35685,82.35685,指数2015=100,M,WAGE_MFG_HOURLY_FRED,FRED(OECD转载厚劳省),VALIDATED_MIRROR,,2026-03起水平断点;valid_to=2026-02(direct_model_use=false),2026-09-05,LATEST_HISTORY_PROXY,PROXY,CURRENT_HISTORY_ONLY_NO_VINTAGE,false,true,true
2018-10-31,2018-10,82.25726,82.25726,指数2015=100,M,WAGE_MFG_HOURLY_FRED,FRED(OECD转载厚劳省),VALIDATED_MIRROR,,2026-03起水平断点;valid_to=2026-02(direct_model_use=false),2026-09-05,LATEST_HISTORY_PROXY,PROXY,CURRENT_HISTORY_ONLY_NO_VINTAGE,false,true,true
2018-11-30,2018-11,89.82573,89.82573,指数2015=100,M,WAGE_MFG_HOURLY_FRED,FRED(OECD转载厚劳省),VALIDATED_MIRROR,,2026-03起水平断点;valid_to=2026-02(direct_model_use=false),2026-09-05,LATEST_HISTORY_PROXY,PROXY,CURRENT_HISTORY_ONLY_NO_VINTAGE,false,true,true
2018-12-31,2018-12,204.3485,204.3485,指数2015=100,M,WAGE_MFG_HOURLY_FRED,FRED(OECD转载厚劳省),VALIDATED_MIRROR,,2026-03起水平断点;valid_to=2026-02(direct_model_use=false),2026-09-05,LATEST_HISTORY_PROXY,PROXY,CURRENT_HISTORY_ONLY_NO_VINTAGE,false,true,true
2019-01-31,2019-01,81.85892,81.85892,指数2015=100,M,WAGE_MFG_HOURLY_FRED,FRED(OECD转载厚劳省),VALIDATED_MIRROR,,2026-03起水平断点;valid_to=2026-02(direct_model_use=false),2026-09-05,LATEST_HISTORY_PROXY,PROXY,CURRENT_HISTORY_ONLY_NO_VINTAGE,false,true,true
2019-02-28,2019-02,80.76349,80.76349,指数2015=100,M,WAGE_MFG_HOURLY_FRED,FRED(OECD转载厚劳省),VALIDATED_MIRROR,,2026-03起水平断点;valid_to=2026-02(direct_model_use=false),2026-09-05,LATEST_HISTORY_PROXY,PROXY,CURRENT_HISTORY_ONLY_NO_VINTAGE,false,true,true
2019-03-31,2019-03,86.53942,86.53942,指数2015=100,M,WAGE_MFG_HOURLY_FRED,FRED(OECD转载厚劳省),VALIDATED_MIRROR,,2026-03起水平断点;valid_to=2026-02(direct_model_use=false),2026-09-05,LATEST_HISTORY_PROXY,PROXY,CURRENT_HISTORY_ONLY_NO_VINTAGE,false,true,true
2019-04-30,2019-04,83.65145,83.65145,指数2015=100,M,WAGE_MFG_HOURLY_FRED,FRED(OECD转载厚劳省),VALIDATED_MIRROR,,2026-03起水平断点;valid_to=2026-02(direct_model_use=false),2026-09-05,LATEST_HISTORY_PROXY,PROXY,CURRENT_HISTORY_ONLY_NO_VINTAGE,false,true,true
2019-05-31,2019-05,85.04565,85.04565,指数2015=100,M,WAGE_MFG_HOURLY_FRED,FRED(OECD转载厚劳省),VALIDATED_MIRROR,,2026-03起水平断点;valid_to=2026-02(direct_model_use=false),2026-09-05,LATEST_HISTORY_PROXY,PROXY,CURRENT_HISTORY_ONLY_NO_VINTAGE,false,true,true
2019-06-30,2019-06,140.5145,140.5145,指数2015=100,M,WAGE_MFG_HOURLY_FRED,FRED(OECD转载厚劳省),VALIDATED_MIRROR,,2026-03起水平断点;valid_to=2026-02(direct_model_use=false),2026-09-05,LATEST_HISTORY_PROXY,PROXY,CURRENT_HISTORY_ONLY_NO_VINTAGE,false,true,true
2019-07-31,2019-07,144.4979,144.4979,指数2015=100,M,WAGE_MFG_HOURLY_FRED,FRED(OECD转载厚劳省),VALIDATED_MIRROR,,2026-03起水平断点;valid_to=2026-02(direct_model_use=false),2026-09-05,LATEST_HISTORY_PROXY,PROXY,CURRENT_HISTORY_ONLY_NO_VINTAGE,false,true,true
2019-08-31,2019-08,84.14938,84.14938,指数2015=100,M,WAGE_MFG_HOURLY_FRED,FRED(OECD转载厚劳省),VALIDATED_MIRROR,,2026-03起水平断点;valid_to=2026-02(direct_model_use=false),2026-09-05,LATEST_HISTORY_PROXY,PROXY,CURRENT_HISTORY_ONLY_NO_VINTAGE,false,true,true
2019-09-30,2019-09,82.05809,82.05809,指数2015=100,M,WAGE_MFG_HOURLY_FRED,FRED(OECD转载厚劳省),VALIDATED_MIRROR,,2026-03起水平断点;valid_to=2026-02(direct_model_use=false),2026-09-05,LATEST_HISTORY_PROXY,PROXY,CURRENT_HISTORY_ONLY_NO_VINTAGE,false,true,true
2019-10-31,2019-10,82.05809,82.05809,指数2015=100,M,WAGE_MFG_HOURLY_FRED,FRED(OECD转载厚劳省),VALIDATED_MIRROR,,2026-03起水平断点;valid_to=2026-02(direct_model_use=false),2026-09-05,LATEST_HISTORY_PROXY,PROXY,CURRENT_HISTORY_ONLY_NO_VINTAGE,false,true,true
2019-11-30,2019-11,91.51867,91.51867,指数2015=100,M,WAGE_MFG_HOURLY_FRED,FRED(OECD转载厚劳省),VALIDATED_MIRROR,,2026-03起水平断点;valid_to=2026-02(direct_model_use=false),2026-09-05,LATEST_HISTORY_PROXY,PROXY,CURRENT_HISTORY_ONLY_NO_VINTAGE,false,true,true
2019-12-31,2019-12,201.5602,201.5602,指数2015=100,M,WAGE_MFG_HOURLY_FRED,FRED(OECD转载厚劳省),VALIDATED_MIRROR,,2026-03起水平断点;valid_to=2026-02(direct_model_use=false),2026-09-05,LATEST_HISTORY_PROXY,PROXY,CURRENT_HISTORY_ONLY_NO_VINTAGE,false,true,true
2020-01-31,2020-01,81.06224,81.06224,指数2015=100,M,WAGE_MFG_HOURLY_FRED,FRED(OECD转载厚劳省),VALIDATED_MIRROR,,2026-03起水平断点;valid_to=2026-02(direct_model_use=false),2026-09-05,LATEST_HISTORY_PROXY,PROXY,CURRENT_HISTORY_ONLY_NO_VINTAGE,false,true,true
2020-02-29,2020-02,80.36514,80.36514,指数2015=100,M,WAGE_MFG_HOURLY_FRED,FRED(OECD转载厚劳省),VALIDATED_MIRROR,,2026-03起水平断点;valid_to=2026-02(direct_model_use=false),2026-09-05,LATEST_HISTORY_PROXY,PROXY,CURRENT_HISTORY_ONLY_NO_VINTAGE,false,true,true
2020-03-31,2020-03,84.24896,84.24896,指数2015=100,M,WAGE_MFG_HOURLY_FRED,FRED(OECD转载厚劳省),VALIDATED_MIRROR,,2026-03起水平断点;valid_to=2026-02(direct_model_use=false),2026-09-05,LATEST_HISTORY_PROXY,PROXY,CURRENT_HISTORY_ONLY_NO_VINTAGE,false,true,true
2020-04-30,2020-04,81.36099,81.36099,指数2015=100,M,WAGE_MFG_HOURLY_FRED,FRED(OECD转载厚劳省),VALIDATED_MIRROR,,2026-03起水平断点;valid_to=2026-02(direct_model_use=false),2026-09-05,LATEST_HISTORY_PROXY,PROXY,CURRENT_HISTORY_ONLY_NO_VINTAGE,false,true,true
2020-05-31,2020-05,80.36514,80.36514,指数2015=100,M,WAGE_MFG_HOURLY_FRED,FRED(OECD转载厚劳省),VALIDATED_MIRROR,,2026-03起水平断点;valid_to=2026-02(direct_model_use=false),2026-09-05,LATEST_HISTORY_PROXY,PROXY,CURRENT_HISTORY_ONLY_NO_VINTAGE,false,true,true
2020-06-30,2020-06,131.1535,131.1535,指数2015=100,M,WAGE_MFG_HOURLY_FRED,FRED(OECD转载厚劳省),VALIDATED_MIRROR,,2026-03起水平断点;valid_to=2026-02(direct_model_use=false),2026-09-05,LATEST_HISTORY_PROXY,PROXY,CURRENT_HISTORY_ONLY_NO_VINTAGE,false,true,true
2020-07-31,2020-07,136.5311,136.5311,指数2015=100,M,WAGE_MFG_HOURLY_FRED,FRED(OECD转载厚劳省),VALIDATED_MIRROR,,2026-03起水平断点;valid_to=2026-02(direct_model_use=false),2026-09-05,LATEST_HISTORY_PROXY,PROXY,CURRENT_HISTORY_ONLY_NO_VINTAGE,false,true,true
2020-08-31,2020-08,80.36514,80.36514,指数2015=100,M,WAGE_MFG_HOURLY_FRED,FRED(OECD转载厚劳省),VALIDATED_MIRROR,,2026-03起水平断点;valid_to=2026-02(direct_model_use=false),2026-09-05,LATEST_HISTORY_PROXY,PROXY,CURRENT_HISTORY_ONLY_NO_VINTAGE,false,true,true
2020-09-30,2020-09,79.9668,79.9668,指数2015=100,M,WAGE_MFG_HOURLY_FRED,FRED(OECD转载厚劳省),VALIDATED_MIRROR,,2026-03起水平断点;valid_to=2026-02(direct_model_use=false),2026-09-05,LATEST_HISTORY_PROXY,PROXY,CURRENT_HISTORY_ONLY_NO_VINTAGE,false,true,true
2020-10-31,2020-10,80.46473,80.46473,指数2015=100,M,WAGE_MFG_HOURLY_FRED,FRED(OECD转载厚劳省),VALIDATED_MIRROR,,2026-03起水平断点;valid_to=2026-02(direct_model_use=false),2026-09-05,LATEST_HISTORY_PROXY,PROXY,CURRENT_HISTORY_ONLY_NO_VINTAGE,false,true,true
2020-11-30,2020-11,87.73444,87.73444,指数2015=100,M,WAGE_MFG_HOURLY_FRED,FRED(OECD转载厚劳省),VALIDATED_MIRROR,,2026-03起水平断点;valid_to=2026-02(direct_model_use=false),2026-09-05,LATEST_HISTORY_PROXY,PROXY,CURRENT_HISTORY_ONLY_NO_VINTAGE,false,true,true
2020-12-31,2020-12,191.1037,191.1037,指数2015=100,M,WAGE_MFG_HOURLY_FRED,FRED(OECD转载厚劳省),VALIDATED_MIRROR,,2026-03起水平断点;valid_to=2026-02(direct_model_use=false),2026-09-05,LATEST_HISTORY_PROXY,PROXY,CURRENT_HISTORY_ONLY_NO_VINTAGE,false,true,true
2021-01-31,2021-01,81.75934,81.75934,指数2015=100,M,WAGE_MFG_HOURLY_FRED,FRED(OECD转载厚劳省),VALIDATED_MIRROR,,2026-03起水平断点;valid_to=2026-02(direct_model_use=false),2026-09-05,LATEST_HISTORY_PROXY,PROXY,CURRENT_HISTORY_ONLY_NO_VINTAGE,false,true,true
2021-02-28,2021-02,80.36514,80.36514,指数2015=100,M,WAGE_MFG_HOURLY_FRED,FRED(OECD转载厚劳省),VALIDATED_MIRROR,,2026-03起水平断点;valid_to=2026-02(direct_model_use=false),2026-09-05,LATEST_HISTORY_PROXY,PROXY,CURRENT_HISTORY_ONLY_NO_VINTAGE,false,true,true
2021-03-31,2021-03,85.74274,85.74274,指数2015=100,M,WAGE_MFG_HOURLY_FRED,FRED(OECD转载厚劳省),VALIDATED_MIRROR,,2026-03起水平断点;valid_to=2026-02(direct_model_use=false),2026-09-05,LATEST_HISTORY_PROXY,PROXY,CURRENT_HISTORY_ONLY_NO_VINTAGE,false,true,true
2021-04-30,2021-04,83.3527,83.3527,指数2015=100,M,WAGE_MFG_HOURLY_FRED,FRED(OECD转载厚劳省),VALIDATED_MIRROR,,2026-03起水平断点;valid_to=2026-02(direct_model_use=false),2026-09-05,LATEST_HISTORY_PROXY,PROXY,CURRENT_HISTORY_ONLY_NO_VINTAGE,false,true,true
2021-05-31,2021-05,82.75519,82.75519,指数2015=100,M,WAGE_MFG_HOURLY_FRED,FRED(OECD转载厚劳省),VALIDATED_MIRROR,,2026-03起水平断点;valid_to=2026-02(direct_model_use=false),2026-09-05,LATEST_HISTORY_PROXY,PROXY,CURRENT_HISTORY_ONLY_NO_VINTAGE,false,true,true
2021-06-30,2021-06,137.0291,137.0291,指数2015=100,M,WAGE_MFG_HOURLY_FRED,FRED(OECD转载厚劳省),VALIDATED_MIRROR,,2026-03起水平断点;valid_to=2026-02(direct_model_use=false),2026-09-05,LATEST_HISTORY_PROXY,PROXY,CURRENT_HISTORY_ONLY_NO_VINTAGE,false,true,true
2021-07-31,2021-07,139.6183,139.6183,指数2015=100,M,WAGE_MFG_HOURLY_FRED,FRED(OECD转载厚劳省),VALIDATED_MIRROR,,2026-03起水平断点;valid_to=2026-02(direct_model_use=false),2026-09-05,LATEST_HISTORY_PROXY,PROXY,CURRENT_HISTORY_ONLY_NO_VINTAGE,false,true,true
2021-08-31,2021-08,83.15353,83.15353,指数2015=100,M,WAGE_MFG_HOURLY_FRED,FRED(OECD转载厚劳省),VALIDATED_MIRROR,,2026-03起水平断点;valid_to=2026-02(direct_model_use=false),2026-09-05,LATEST_HISTORY_PROXY,PROXY,CURRENT_HISTORY_ONLY_NO_VINTAGE,false,true,true
2021-09-30,2021-09,81.9585,81.9585,指数2015=100,M,WAGE_MFG_HOURLY_FRED,FRED(OECD转载厚劳省),VALIDATED_MIRROR,,2026-03起水平断点;valid_to=2026-02(direct_model_use=false),2026-09-05,LATEST_HISTORY_PROXY,PROXY,CURRENT_HISTORY_ONLY_NO_VINTAGE,false,true,true
2021-10-31,2021-10,81.65975,81.65975,指数2015=100,M,WAGE_MFG_HOURLY_FRED,FRED(OECD转载厚劳省),VALIDATED_MIRROR,,2026-03起水平断点;valid_to=2026-02(direct_model_use=false),2026-09-05,LATEST_HISTORY_PROXY,PROXY,CURRENT_HISTORY_ONLY_NO_VINTAGE,false,true,true
2021-11-30,2021-11,89.02905,89.02905,指数2015=100,M,WAGE_MFG_HOURLY_FRED,FRED(OECD转载厚劳省),VALIDATED_MIRROR,,2026-03起水平断点;valid_to=2026-02(direct_model_use=false),2026-09-05,LATEST_HISTORY_PROXY,PROXY,CURRENT_HISTORY_ONLY_NO_VINTAGE,false,true,true
2021-12-31,2021-12,194.4896,194.4896,指数2015=100,M,WAGE_MFG_HOURLY_FRED,FRED(OECD转载厚劳省),VALIDATED_MIRROR,,2026-03起水平断点;valid_to=2026-02(direct_model_use=false),2026-09-05,LATEST_HISTORY_PROXY,PROXY,CURRENT_HISTORY_ONLY_NO_VINTAGE,false,true,true
2022-01-31,2022-01,81.9585,81.9585,指数2015=100,M,WAGE_MFG_HOURLY_FRED,FRED(OECD转载厚劳省),VALIDATED_MIRROR,,2026-03起水平断点;valid_to=2026-02(direct_model_use=false),2026-09-05,LATEST_HISTORY_PROXY,PROXY,CURRENT_HISTORY_ONLY_NO_VINTAGE,false,true,true
2022-02-28,2022-02,80.86307,80.86307,指数2015=100,M,WAGE_MFG_HOURLY_FRED,FRED(OECD转载厚劳省),VALIDATED_MIRROR,,2026-03起水平断点;valid_to=2026-02(direct_model_use=false),2026-09-05,LATEST_HISTORY_PROXY,PROXY,CURRENT_HISTORY_ONLY_NO_VINTAGE,false,true,true
2022-03-31,2022-03,85.94191,85.94191,指数2015=100,M,WAGE_MFG_HOURLY_FRED,FRED(OECD转载厚劳省),VALIDATED_MIRROR,,2026-03起水平断点;valid_to=2026-02(direct_model_use=false),2026-09-05,LATEST_HISTORY_PROXY,PROXY,CURRENT_HISTORY_ONLY_NO_VINTAGE,false,true,true
2022-04-30,2022-04,84.84647,84.84647,指数2015=100,M,WAGE_MFG_HOURLY_FRED,FRED(OECD转载厚劳省),VALIDATED_MIRROR,,2026-03起水平断点;valid_to=2026-02(direct_model_use=false),2026-09-05,LATEST_HISTORY_PROXY,PROXY,CURRENT_HISTORY_ONLY_NO_VINTAGE,false,true,true
2022-05-31,2022-05,81.85892,81.85892,指数2015=100,M,WAGE_MFG_HOURLY_FRED,FRED(OECD转载厚劳省),VALIDATED_MIRROR,,2026-03起水平断点;valid_to=2026-02(direct_model_use=false),2026-09-05,LATEST_HISTORY_PROXY,PROXY,CURRENT_HISTORY_ONLY_NO_VINTAGE,false,true,true
2022-06-30,2022-06,139.3195,139.3195,指数2015=100,M,WAGE_MFG_HOURLY_FRED,FRED(OECD转载厚劳省),VALIDATED_MIRROR,,2026-03起水平断点;valid_to=2026-02(direct_model_use=false),2026-09-05,LATEST_HISTORY_PROXY,PROXY,CURRENT_HISTORY_ONLY_NO_VINTAGE,false,true,true
2022-07-31,2022-07,145.3942,145.3942,指数2015=100,M,WAGE_MFG_HOURLY_FRED,FRED(OECD转载厚劳省),VALIDATED_MIRROR,,2026-03起水平断点;valid_to=2026-02(direct_model_use=false),2026-09-05,LATEST_HISTORY_PROXY,PROXY,CURRENT_HISTORY_ONLY_NO_VINTAGE,false,true,true
2022-08-31,2022-08,83.05394,83.05394,指数2015=100,M,WAGE_MFG_HOURLY_FRED,FRED(OECD转载厚劳省),VALIDATED_MIRROR,,2026-03起水平断点;valid_to=2026-02(direct_model_use=false),2026-09-05,LATEST_HISTORY_PROXY,PROXY,CURRENT_HISTORY_ONLY_NO_VINTAGE,false,true,true
2022-09-30,2022-09,82.25726,82.25726,指数2015=100,M,WAGE_MFG_HOURLY_FRED,FRED(OECD转载厚劳省),VALIDATED_MIRROR,,2026-03起水平断点;valid_to=2026-02(direct_model_use=false),2026-09-05,LATEST_HISTORY_PROXY,PROXY,CURRENT_HISTORY_ONLY_NO_VINTAGE,false,true,true
2022-10-31,2022-10,82.55602,82.55602,指数2015=100,M,WAGE_MFG_HOURLY_FRED,FRED(OECD转载厚劳省),VALIDATED_MIRROR,,2026-03起水平断点;valid_to=2026-02(direct_model_use=false),2026-09-05,LATEST_HISTORY_PROXY,PROXY,CURRENT_HISTORY_ONLY_NO_VINTAGE,false,true,true
2022-11-30,2022-11,90.72199,90.72199,指数2015=100,M,WAGE_MFG_HOURLY_FRED,FRED(OECD转载厚劳省),VALIDATED_MIRROR,,2026-03起水平断点;valid_to=2026-02(direct_model_use=false),2026-09-05,LATEST_HISTORY_PROXY,PROXY,CURRENT_HISTORY_ONLY_NO_VINTAGE,false,true,true
2022-12-31,2022-12,200.8631,200.8631,指数2015=100,M,WAGE_MFG_HOURLY_FRED,FRED(OECD转载厚劳省),VALIDATED_MIRROR,,2026-03起水平断点;valid_to=2026-02(direct_model_use=false),2026-09-05,LATEST_HISTORY_PROXY,PROXY,CURRENT_HISTORY_ONLY_NO_VINTAGE,false,true,true
2023-01-31,2023-01,82.85477,82.85477,指数2015=100,M,WAGE_MFG_HOURLY_FRED,FRED(OECD转载厚劳省),VALIDATED_MIRROR,,2026-03起水平断点;valid_to=2026-02(direct_model_use=false),2026-09-05,LATEST_HISTORY_PROXY,PROXY,CURRENT_HISTORY_ONLY_NO_VINTAGE,false,true,true
2023-02-28,2023-02,81.16183,81.16183,指数2015=100,M,WAGE_MFG_HOURLY_FRED,FRED(OECD转载厚劳省),VALIDATED_MIRROR,,2026-03起水平断点;valid_to=2026-02(direct_model_use=false),2026-09-05,LATEST_HISTORY_PROXY,PROXY,CURRENT_HISTORY_ONLY_NO_VINTAGE,false,true,true
2023-03-31,2023-03,87.73444,87.73444,指数2015=100,M,WAGE_MFG_HOURLY_FRED,FRED(OECD转载厚劳省),VALIDATED_MIRROR,,2026-03起水平断点;valid_to=2026-02(direct_model_use=false),2026-09-05,LATEST_HISTORY_PROXY,PROXY,CURRENT_HISTORY_ONLY_NO_VINTAGE,false,true,true
2023-04-30,2023-04,85.04565,85.04565,指数2015=100,M,WAGE_MFG_HOURLY_FRED,FRED(OECD转载厚劳省),VALIDATED_MIRROR,,2026-03起水平断点;valid_to=2026-02(direct_model_use=false),2026-09-05,LATEST_HISTORY_PROXY,PROXY,CURRENT_HISTORY_ONLY_NO_VINTAGE,false,true,true
2023-05-31,2023-05,86.24066,86.24066,指数2015=100,M,WAGE_MFG_HOURLY_FRED,FRED(OECD转载厚劳省),VALIDATED_MIRROR,,2026-03起水平断点;valid_to=2026-02(direct_model_use=false),2026-09-05,LATEST_HISTORY_PROXY,PROXY,CURRENT_HISTORY_ONLY_NO_VINTAGE,false,true,true
2023-06-30,2023-06,147.0871,147.0871,指数2015=100,M,WAGE_MFG_HOURLY_FRED,FRED(OECD转载厚劳省),VALIDATED_MIRROR,,2026-03起水平断点;valid_to=2026-02(direct_model_use=false),2026-09-05,LATEST_HISTORY_PROXY,PROXY,CURRENT_HISTORY_ONLY_NO_VINTAGE,false,true,true
2023-07-31,2023-07,147.6846,147.6846,指数2015=100,M,WAGE_MFG_HOURLY_FRED,FRED(OECD转载厚劳省),VALIDATED_MIRROR,,2026-03起水平断点;valid_to=2026-02(direct_model_use=false),2026-09-05,LATEST_HISTORY_PROXY,PROXY,CURRENT_HISTORY_ONLY_NO_VINTAGE,false,true,true
2023-08-31,2023-08,84.94606,84.94606,指数2015=100,M,WAGE_MFG_HOURLY_FRED,FRED(OECD转载厚劳省),VALIDATED_MIRROR,,2026-03起水平断点;valid_to=2026-02(direct_model_use=false),2026-09-05,LATEST_HISTORY_PROXY,PROXY,CURRENT_HISTORY_ONLY_NO_VINTAGE,false,true,true
2023-09-30,2023-09,84.24896,84.24896,指数2015=100,M,WAGE_MFG_HOURLY_FRED,FRED(OECD转载厚劳省),VALIDATED_MIRROR,,2026-03起水平断点;valid_to=2026-02(direct_model_use=false),2026-09-05,LATEST_HISTORY_PROXY,PROXY,CURRENT_HISTORY_ONLY_NO_VINTAGE,false,true,true
2023-10-31,2023-10,84.14938,84.14938,指数2015=100,M,WAGE_MFG_HOURLY_FRED,FRED(OECD转载厚劳省),VALIDATED_MIRROR,,2026-03起水平断点;valid_to=2026-02(direct_model_use=false),2026-09-05,LATEST_HISTORY_PROXY,PROXY,CURRENT_HISTORY_ONLY_NO_VINTAGE,false,true,true
2023-11-30,2023-11,90.62241,90.62241,指数2015=100,M,WAGE_MFG_HOURLY_FRED,FRED(OECD转载厚劳省),VALIDATED_MIRROR,,2026-03起水平断点;valid_to=2026-02(direct_model_use=false),2026-09-05,LATEST_HISTORY_PROXY,PROXY,CURRENT_HISTORY_ONLY_NO_VINTAGE,false,true,true
2023-12-31,2023-12,207.6349,207.6349,指数2015=100,M,WAGE_MFG_HOURLY_FRED,FRED(OECD转载厚劳省),VALIDATED_MIRROR,,2026-03起水平断点;valid_to=2026-02(direct_model_use=false),2026-09-05,LATEST_HISTORY_PROXY,PROXY,CURRENT_HISTORY_ONLY_NO_VINTAGE,false,true,true
2024-01-31,2024-01,83.65145,83.65145,指数2015=100,M,WAGE_MFG_HOURLY_FRED,FRED(OECD转载厚劳省),VALIDATED_MIRROR,,2026-03起水平断点;valid_to=2026-02(direct_model_use=false),2026-09-05,LATEST_HISTORY_PROXY,PROXY,CURRENT_HISTORY_ONLY_NO_VINTAGE,false,true,true
2024-02-29,2024-02,82.15768,82.15768,指数2015=100,M,WAGE_MFG_HOURLY_FRED,FRED(OECD转载厚劳省),VALIDATED_MIRROR,,2026-03起水平断点;valid_to=2026-02(direct_model_use=false),2026-09-05,LATEST_HISTORY_PROXY,PROXY,CURRENT_HISTORY_ONLY_NO_VINTAGE,false,true,true
2024-03-31,2024-03,87.43568,87.43568,指数2015=100,M,WAGE_MFG_HOURLY_FRED,FRED(OECD转载厚劳省),VALIDATED_MIRROR,,2026-03起水平断点;valid_to=2026-02(direct_model_use=false),2026-09-05,LATEST_HISTORY_PROXY,PROXY,CURRENT_HISTORY_ONLY_NO_VINTAGE,false,true,true
2024-04-30,2024-04,86.53942,86.53942,指数2015=100,M,WAGE_MFG_HOURLY_FRED,FRED(OECD转载厚劳省),VALIDATED_MIRROR,,2026-03起水平断点;valid_to=2026-02(direct_model_use=false),2026-09-05,LATEST_HISTORY_PROXY,PROXY,CURRENT_HISTORY_ONLY_NO_VINTAGE,false,true,true
2024-05-31,2024-05,86.24066,86.24066,指数2015=100,M,WAGE_MFG_HOURLY_FRED,FRED(OECD转载厚劳省),VALIDATED_MIRROR,,2026-03起水平断点;valid_to=2026-02(direct_model_use=false),2026-09-05,LATEST_HISTORY_PROXY,PROXY,CURRENT_HISTORY_ONLY_NO_VINTAGE,false,true,true
2024-06-30,2024-06,151.7676,151.7676,指数2015=100,M,WAGE_MFG_HOURLY_FRED,FRED(OECD转载厚劳省),VALIDATED_MIRROR,,2026-03起水平断点;valid_to=2026-02(direct_model_use=false),2026-09-05,LATEST_HISTORY_PROXY,PROXY,CURRENT_HISTORY_ONLY_NO_VINTAGE,false,true,true
2024-07-31,2024-07,153.8589,153.8589,指数2015=100,M,WAGE_MFG_HOURLY_FRED,FRED(OECD转载厚劳省),VALIDATED_MIRROR,,2026-03起水平断点;valid_to=2026-02(direct_model_use=false),2026-09-05,LATEST_HISTORY_PROXY,PROXY,CURRENT_HISTORY_ONLY_NO_VINTAGE,false,true,true
2024-08-31,2024-08,86.43983,86.43983,指数2015=100,M,WAGE_MFG_HOURLY_FRED,FRED(OECD转载厚劳省),VALIDATED_MIRROR,,2026-03起水平断点;valid_to=2026-02(direct_model_use=false),2026-09-05,LATEST_HISTORY_PROXY,PROXY,CURRENT_HISTORY_ONLY_NO_VINTAGE,false,true,true
2024-09-30,2024-09,86.43983,86.43983,指数2015=100,M,WAGE_MFG_HOURLY_FRED,FRED(OECD转载厚劳省),VALIDATED_MIRROR,,2026-03起水平断点;valid_to=2026-02(direct_model_use=false),2026-09-05,LATEST_HISTORY_PROXY,PROXY,CURRENT_HISTORY_ONLY_NO_VINTAGE,false,true,true
2024-10-31,2024-10,86.93776,86.93776,指数2015=100,M,WAGE_MFG_HOURLY_FRED,FRED(OECD转载厚劳省),VALIDATED_MIRROR,,2026-03起水平断点;valid_to=2026-02(direct_model_use=false),2026-09-05,LATEST_HISTORY_PROXY,PROXY,CURRENT_HISTORY_ONLY_NO_VINTAGE,false,true,true
2024-11-30,2024-11,93.11203,93.11203,指数2015=100,M,WAGE_MFG_HOURLY_FRED,FRED(OECD转载厚劳省),VALIDATED_MIRROR,,2026-03起水平断点;valid_to=2026-02(direct_model_use=false),2026-09-05,LATEST_HISTORY_PROXY,PROXY,CURRENT_HISTORY_ONLY_NO_VINTAGE,false,true,true
2024-12-31,2024-12,217.195,217.195,指数2015=100,M,WAGE_MFG_HOURLY_FRED,FRED(OECD转载厚劳省),VALIDATED_MIRROR,,2026-03起水平断点;valid_to=2026-02(direct_model_use=false),2026-09-05,LATEST_HISTORY_PROXY,PROXY,CURRENT_HISTORY_ONLY_NO_VINTAGE,false,true,true
2025-01-31,2025-01,86.63901,86.63901,指数2015=100,M,WAGE_MFG_HOURLY_FRED,FRED(OECD转载厚劳省),VALIDATED_MIRROR,,2026-03起水平断点;valid_to=2026-02(direct_model_use=false),2026-09-05,LATEST_HISTORY_PROXY,PROXY,CURRENT_HISTORY_ONLY_NO_VINTAGE,false,true,true
2025-02-28,2025-02,85.24481,85.24481,指数2015=100,M,WAGE_MFG_HOURLY_FRED,FRED(OECD转载厚劳省),VALIDATED_MIRROR,,2026-03起水平断点;valid_to=2026-02(direct_model_use=false),2026-09-05,LATEST_HISTORY_PROXY,PROXY,CURRENT_HISTORY_ONLY_NO_VINTAGE,false,true,true
2025-03-31,2025-03,91.71784,91.71784,指数2015=100,M,WAGE_MFG_HOURLY_FRED,FRED(OECD转载厚劳省),VALIDATED_MIRROR,,2026-03起水平断点;valid_to=2026-02(direct_model_use=false),2026-09-05,LATEST_HISTORY_PROXY,PROXY,CURRENT_HISTORY_ONLY_NO_VINTAGE,false,true,true
2025-04-30,2025-04,89.92531,89.92531,指数2015=100,M,WAGE_MFG_HOURLY_FRED,FRED(OECD转载厚劳省),VALIDATED_MIRROR,,2026-03起水平断点;valid_to=2026-02(direct_model_use=false),2026-09-05,LATEST_HISTORY_PROXY,PROXY,CURRENT_HISTORY_ONLY_NO_VINTAGE,false,true,true
2025-05-31,2025-05,89.12863,89.12863,指数2015=100,M,WAGE_MFG_HOURLY_FRED,FRED(OECD转载厚劳省),VALIDATED_MIRROR,,2026-03起水平断点;valid_to=2026-02(direct_model_use=false),2026-09-05,LATEST_HISTORY_PROXY,PROXY,CURRENT_HISTORY_ONLY_NO_VINTAGE,false,true,true
2025-06-30,2025-06,163.4191,163.4191,指数2015=100,M,WAGE_MFG_HOURLY_FRED,FRED(OECD转载厚劳省),VALIDATED_MIRROR,,2026-03起水平断点;valid_to=2026-02(direct_model_use=false),2026-09-05,LATEST_HISTORY_PROXY,PROXY,CURRENT_HISTORY_ONLY_NO_VINTAGE,false,true,true
2025-07-31,2025-07,160.5311,160.5311,指数2015=100,M,WAGE_MFG_HOURLY_FRED,FRED(OECD转载厚劳省),VALIDATED_MIRROR,,2026-03起水平断点;valid_to=2026-02(direct_model_use=false),2026-09-05,LATEST_HISTORY_PROXY,PROXY,CURRENT_HISTORY_ONLY_NO_VINTAGE,false,true,true
2025-08-31,2025-08,89.52697,89.52697,指数2015=100,M,WAGE_MFG_HOURLY_FRED,FRED(OECD转载厚劳省),VALIDATED_MIRROR,,2026-03起水平断点;valid_to=2026-02(direct_model_use=false),2026-09-05,LATEST_HISTORY_PROXY,PROXY,CURRENT_HISTORY_ONLY_NO_VINTAGE,false,true,true
2025-09-30,2025-09,89.42738,89.42738,指数2015=100,M,WAGE_MFG_HOURLY_FRED,FRED(OECD转载厚劳省),VALIDATED_MIRROR,,2026-03起水平断点;valid_to=2026-02(direct_model_use=false),2026-09-05,LATEST_HISTORY_PROXY,PROXY,CURRENT_HISTORY_ONLY_NO_VINTAGE,false,true,true
2025-10-31,2025-10,90.22407,90.22407,指数2015=100,M,WAGE_MFG_HOURLY_FRED,FRED(OECD转载厚劳省),VALIDATED_MIRROR,,2026-03起水平断点;valid_to=2026-02(direct_model_use=false),2026-09-05,LATEST_HISTORY_PROXY,PROXY,CURRENT_HISTORY_ONLY_NO_VINTAGE,false,true,true
2025-11-30,2025-11,96.99585,96.99585,指数2015=100,M,WAGE_MFG_HOURLY_FRED,FRED(OECD转载厚劳省),VALIDATED_MIRROR,,2026-03起水平断点;valid_to=2026-02(direct_model_use=false),2026-09-05,LATEST_HISTORY_PROXY,PROXY,CURRENT_HISTORY_ONLY_NO_VINTAGE,false,true,true
2025-12-31,2025-12,226.556,226.556,指数2015=100,M,WAGE_MFG_HOURLY_FRED,FRED(OECD转载厚劳省),VALIDATED_MIRROR,,2026-03起水平断点;valid_to=2026-02(direct_model_use=false),2026-09-05,LATEST_HISTORY_PROXY,PROXY,CURRENT_HISTORY_ONLY_NO_VINTAGE,false,true,true
2026-01-31,2026-01,90.12448,90.12448,指数2015=100,M,WAGE_MFG_HOURLY_FRED,FRED(OECD转载厚劳省),VALIDATED_MIRROR,,2026-03起水平断点;valid_to=2026-02(direct_model_use=false),2026-09-05,LATEST_HISTORY_PROXY,PROXY,CURRENT_HISTORY_ONLY_NO_VINTAGE,false,true,true
2026-02-28,2026-02,89.52697,89.52697,指数2015=100,M,WAGE_MFG_HOURLY_FRED,FRED(OECD转载厚劳省),VALIDATED_MIRROR,,2026-03起水平断点;valid_to=2026-02(direct_model_use=false),2026-09-05,LATEST_HISTORY_PROXY,PROXY,CURRENT_HISTORY_ONLY_NO_VINTAGE,false,true,true
2026-03-31,2026-03,95.50208,95.50208,指数2015=100,M,WAGE_MFG_HOURLY_FRED,FRED(OECD转载厚劳省),VALIDATED_MIRROR,,2026-03起水平断点;valid_to=2026-02(direct_model_use=false),2026-09-05,LATEST_HISTORY_PROXY,PROXY,CURRENT_HISTORY_ONLY_NO_VINTAGE,false,true,false
2026-04-30,2026-04,94.50623,94.50623,指数2015=100,M,WAGE_MFG_HOURLY_FRED,FRED(OECD转载厚劳省),VALIDATED_MIRROR,,2026-03起水平断点;valid_to=2026-02(direct_model_use=false),2026-09-05,LATEST_HISTORY_PROXY,PROXY,CURRENT_HISTORY_ONLY_NO_VINTAGE,false,true,false
