date,period,value,value_raw,unit,freq,source,provider,source_type,definition_regime,note,value_available_date,vintage_type,release_rule_status,vintage_evidence,historical_realtime_eligible,post_vad_eligible,source_validity_eligible
1955-01-31,1955-01,3564500000000.0000,3564500000000.0000,"指数2015=100(OECD,停2017)",M,M2_FRED_SA,FRED(OECD转载BOJ),VALIDATED_MIRROR,,,2026-09-05,LATEST_HISTORY_PROXY,PROXY,CURRENT_HISTORY_ONLY_NO_VINTAGE,false,true,true
1955-02-28,1955-02,3595400000000.0000,3595400000000.0000,"指数2015=100(OECD,停2017)",M,M2_FRED_SA,FRED(OECD转载BOJ),VALIDATED_MIRROR,,,2026-09-05,LATEST_HISTORY_PROXY,PROXY,CURRENT_HISTORY_ONLY_NO_VINTAGE,false,true,true
1955-03-31,1955-03,3614400000000.0000,3614400000000.0000,"指数2015=100(OECD,停2017)",M,M2_FRED_SA,FRED(OECD转载BOJ),VALIDATED_MIRROR,,,2026-09-05,LATEST_HISTORY_PROXY,PROXY,CURRENT_HISTORY_ONLY_NO_VINTAGE,false,true,true
1955-04-30,1955-04,3664300000000.0000,3664300000000.0000,"指数2015=100(OECD,停2017)",M,M2_FRED_SA,FRED(OECD转载BOJ),VALIDATED_MIRROR,,,2026-09-05,LATEST_HISTORY_PROXY,PROXY,CURRENT_HISTORY_ONLY_NO_VINTAGE,false,true,true
1955-05-31,1955-05,3705400000000.0000,3705400000000.0000,"指数2015=100(OECD,停2017)",M,M2_FRED_SA,FRED(OECD转载BOJ),VALIDATED_MIRROR,,,2026-09-05,LATEST_HISTORY_PROXY,PROXY,CURRENT_HISTORY_ONLY_NO_VINTAGE,false,true,true
1955-06-30,1955-06,3747500000000.0000,3747500000000.0000,"指数2015=100(OECD,停2017)",M,M2_FRED_SA,FRED(OECD转载BOJ),VALIDATED_MIRROR,,,2026-09-05,LATEST_HISTORY_PROXY,PROXY,CURRENT_HISTORY_ONLY_NO_VINTAGE,false,true,true
1955-07-31,1955-07,3805000000000.000,3805000000000.000,"指数2015=100(OECD,停2017)",M,M2_FRED_SA,FRED(OECD转载BOJ),VALIDATED_MIRROR,,,2026-09-05,LATEST_HISTORY_PROXY,PROXY,CURRENT_HISTORY_ONLY_NO_VINTAGE,false,true,true
1955-08-31,1955-08,3883400000000.0000,3883400000000.0000,"指数2015=100(OECD,停2017)",M,M2_FRED_SA,FRED(OECD转载BOJ),VALIDATED_MIRROR,,,2026-09-05,LATEST_HISTORY_PROXY,PROXY,CURRENT_HISTORY_ONLY_NO_VINTAGE,false,true,true
1955-09-30,1955-09,3901700000000.0000,3901700000000.0000,"指数2015=100(OECD,停2017)",M,M2_FRED_SA,FRED(OECD转载BOJ),VALIDATED_MIRROR,,,2026-09-05,LATEST_HISTORY_PROXY,PROXY,CURRENT_HISTORY_ONLY_NO_VINTAGE,false,true,true
1955-10-31,1955-10,3973400000000.0000,3973400000000.0000,"指数2015=100(OECD,停2017)",M,M2_FRED_SA,FRED(OECD转载BOJ),VALIDATED_MIRROR,,,2026-09-05,LATEST_HISTORY_PROXY,PROXY,CURRENT_HISTORY_ONLY_NO_VINTAGE,false,true,true
1955-11-30,1955-11,4026900000000.0000,4026900000000.0000,"指数2015=100(OECD,停2017)",M,M2_FRED_SA,FRED(OECD转载BOJ),VALIDATED_MIRROR,,,2026-09-05,LATEST_HISTORY_PROXY,PROXY,CURRENT_HISTORY_ONLY_NO_VINTAGE,false,true,true
1955-12-31,1955-12,4097900000000.0000,4097900000000.0000,"指数2015=100(OECD,停2017)",M,M2_FRED_SA,FRED(OECD转载BOJ),VALIDATED_MIRROR,,,2026-09-05,LATEST_HISTORY_PROXY,PROXY,CURRENT_HISTORY_ONLY_NO_VINTAGE,false,true,true
1956-01-31,1956-01,4141100000000.0000,4141100000000.0000,"指数2015=100(OECD,停2017)",M,M2_FRED_SA,FRED(OECD转载BOJ),VALIDATED_MIRROR,,,2026-09-05,LATEST_HISTORY_PROXY,PROXY,CURRENT_HISTORY_ONLY_NO_VINTAGE,false,true,true
1956-02-29,1956-02,4212600000000.0000,4212600000000.0000,"指数2015=100(OECD,停2017)",M,M2_FRED_SA,FRED(OECD转载BOJ),VALIDATED_MIRROR,,,2026-09-05,LATEST_HISTORY_PROXY,PROXY,CURRENT_HISTORY_ONLY_NO_VINTAGE,false,true,true
1956-03-31,1956-03,4275300000000.0000,4275300000000.0000,"指数2015=100(OECD,停2017)",M,M2_FRED_SA,FRED(OECD转载BOJ),VALIDATED_MIRROR,,,2026-09-05,LATEST_HISTORY_PROXY,PROXY,CURRENT_HISTORY_ONLY_NO_VINTAGE,false,true,true
1956-04-30,1956-04,4328900000000.0000,4328900000000.0000,"指数2015=100(OECD,停2017)",M,M2_FRED_SA,FRED(OECD转载BOJ),VALIDATED_MIRROR,,,2026-09-05,LATEST_HISTORY_PROXY,PROXY,CURRENT_HISTORY_ONLY_NO_VINTAGE,false,true,true
1956-05-31,1956-05,4408600000000.0000,4408600000000.0000,"指数2015=100(OECD,停2017)",M,M2_FRED_SA,FRED(OECD转载BOJ),VALIDATED_MIRROR,,,2026-09-05,LATEST_HISTORY_PROXY,PROXY,CURRENT_HISTORY_ONLY_NO_VINTAGE,false,true,true
1956-06-30,1956-06,4512500000000.0000,4512500000000.0000,"指数2015=100(OECD,停2017)",M,M2_FRED_SA,FRED(OECD转载BOJ),VALIDATED_MIRROR,,,2026-09-05,LATEST_HISTORY_PROXY,PROXY,CURRENT_HISTORY_ONLY_NO_VINTAGE,false,true,true
1956-07-31,1956-07,4580700000000.0000,4580700000000.0000,"指数2015=100(OECD,停2017)",M,M2_FRED_SA,FRED(OECD转载BOJ),VALIDATED_MIRROR,,,2026-09-05,LATEST_HISTORY_PROXY,PROXY,CURRENT_HISTORY_ONLY_NO_VINTAGE,false,true,true
1956-08-31,1956-08,4663000000000.000,4663000000000.000,"指数2015=100(OECD,停2017)",M,M2_FRED_SA,FRED(OECD转载BOJ),VALIDATED_MIRROR,,,2026-09-05,LATEST_HISTORY_PROXY,PROXY,CURRENT_HISTORY_ONLY_NO_VINTAGE,false,true,true
1956-09-30,1956-09,4762800000000.0000,4762800000000.0000,"指数2015=100(OECD,停2017)",M,M2_FRED_SA,FRED(OECD转载BOJ),VALIDATED_MIRROR,,,2026-09-05,LATEST_HISTORY_PROXY,PROXY,CURRENT_HISTORY_ONLY_NO_VINTAGE,false,true,true
1956-10-31,1956-10,4819200000000.0000,4819200000000.0000,"指数2015=100(OECD,停2017)",M,M2_FRED_SA,FRED(OECD转载BOJ),VALIDATED_MIRROR,,,2026-09-05,LATEST_HISTORY_PROXY,PROXY,CURRENT_HISTORY_ONLY_NO_VINTAGE,false,true,true
1956-11-30,1956-11,4911700000000.0000,4911700000000.0000,"指数2015=100(OECD,停2017)",M,M2_FRED_SA,FRED(OECD转载BOJ),VALIDATED_MIRROR,,,2026-09-05,LATEST_HISTORY_PROXY,PROXY,CURRENT_HISTORY_ONLY_NO_VINTAGE,false,true,true
1956-12-31,1956-12,5004500000000.0000,5004500000000.0000,"指数2015=100(OECD,停2017)",M,M2_FRED_SA,FRED(OECD转载BOJ),VALIDATED_MIRROR,,,2026-09-05,LATEST_HISTORY_PROXY,PROXY,CURRENT_HISTORY_ONLY_NO_VINTAGE,false,true,true
1957-01-31,1957-01,5098900000000.0000,5098900000000.0000,"指数2015=100(OECD,停2017)",M,M2_FRED_SA,FRED(OECD转载BOJ),VALIDATED_MIRROR,,,2026-09-05,LATEST_HISTORY_PROXY,PROXY,CURRENT_HISTORY_ONLY_NO_VINTAGE,false,true,true
1957-02-28,1957-02,5155900000000.0000,5155900000000.0000,"指数2015=100(OECD,停2017)",M,M2_FRED_SA,FRED(OECD转载BOJ),VALIDATED_MIRROR,,,2026-09-05,LATEST_HISTORY_PROXY,PROXY,CURRENT_HISTORY_ONLY_NO_VINTAGE,false,true,true
1957-03-31,1957-03,5238900000000.0000,5238900000000.0000,"指数2015=100(OECD,停2017)",M,M2_FRED_SA,FRED(OECD转载BOJ),VALIDATED_MIRROR,,,2026-09-05,LATEST_HISTORY_PROXY,PROXY,CURRENT_HISTORY_ONLY_NO_VINTAGE,false,true,true
1957-04-30,1957-04,5315900000000.0000,5315900000000.0000,"指数2015=100(OECD,停2017)",M,M2_FRED_SA,FRED(OECD转载BOJ),VALIDATED_MIRROR,,,2026-09-05,LATEST_HISTORY_PROXY,PROXY,CURRENT_HISTORY_ONLY_NO_VINTAGE,false,true,true
1957-05-31,1957-05,5386100000000.0000,5386100000000.0000,"指数2015=100(OECD,停2017)",M,M2_FRED_SA,FRED(OECD转载BOJ),VALIDATED_MIRROR,,,2026-09-05,LATEST_HISTORY_PROXY,PROXY,CURRENT_HISTORY_ONLY_NO_VINTAGE,false,true,true
1957-06-30,1957-06,5425600000000.0000,5425600000000.0000,"指数2015=100(OECD,停2017)",M,M2_FRED_SA,FRED(OECD转载BOJ),VALIDATED_MIRROR,,,2026-09-05,LATEST_HISTORY_PROXY,PROXY,CURRENT_HISTORY_ONLY_NO_VINTAGE,false,true,true
1957-07-31,1957-07,5478900000000.0000,5478900000000.0000,"指数2015=100(OECD,停2017)",M,M2_FRED_SA,FRED(OECD转载BOJ),VALIDATED_MIRROR,,,2026-09-05,LATEST_HISTORY_PROXY,PROXY,CURRENT_HISTORY_ONLY_NO_VINTAGE,false,true,true
1957-08-31,1957-08,5531300000000.0000,5531300000000.0000,"指数2015=100(OECD,停2017)",M,M2_FRED_SA,FRED(OECD转载BOJ),VALIDATED_MIRROR,,,2026-09-05,LATEST_HISTORY_PROXY,PROXY,CURRENT_HISTORY_ONLY_NO_VINTAGE,false,true,true
1957-09-30,1957-09,5560900000000.0000,5560900000000.0000,"指数2015=100(OECD,停2017)",M,M2_FRED_SA,FRED(OECD转载BOJ),VALIDATED_MIRROR,,,2026-09-05,LATEST_HISTORY_PROXY,PROXY,CURRENT_HISTORY_ONLY_NO_VINTAGE,false,true,true
1957-10-31,1957-10,5649600000000.0000,5649600000000.0000,"指数2015=100(OECD,停2017)",M,M2_FRED_SA,FRED(OECD转载BOJ),VALIDATED_MIRROR,,,2026-09-05,LATEST_HISTORY_PROXY,PROXY,CURRENT_HISTORY_ONLY_NO_VINTAGE,false,true,true
1957-11-30,1957-11,5704200000000.0000,5704200000000.0000,"指数2015=100(OECD,停2017)",M,M2_FRED_SA,FRED(OECD转载BOJ),VALIDATED_MIRROR,,,2026-09-05,LATEST_HISTORY_PROXY,PROXY,CURRENT_HISTORY_ONLY_NO_VINTAGE,false,true,true
1957-12-31,1957-12,5758300000000,5758300000000,"指数2015=100(OECD,停2017)",M,M2_FRED_SA,FRED(OECD转载BOJ),VALIDATED_MIRROR,,,2026-09-05,LATEST_HISTORY_PROXY,PROXY,CURRENT_HISTORY_ONLY_NO_VINTAGE,false,true,true
1958-01-31,1958-01,5830700000000.0000,5830700000000.0000,"指数2015=100(OECD,停2017)",M,M2_FRED_SA,FRED(OECD转载BOJ),VALIDATED_MIRROR,,,2026-09-05,LATEST_HISTORY_PROXY,PROXY,CURRENT_HISTORY_ONLY_NO_VINTAGE,false,true,true
1958-02-28,1958-02,5897500000000.0000,5897500000000.0000,"指数2015=100(OECD,停2017)",M,M2_FRED_SA,FRED(OECD转载BOJ),VALIDATED_MIRROR,,,2026-09-05,LATEST_HISTORY_PROXY,PROXY,CURRENT_HISTORY_ONLY_NO_VINTAGE,false,true,true
1958-03-31,1958-03,5962300000000.0000,5962300000000.0000,"指数2015=100(OECD,停2017)",M,M2_FRED_SA,FRED(OECD转载BOJ),VALIDATED_MIRROR,,,2026-09-05,LATEST_HISTORY_PROXY,PROXY,CURRENT_HISTORY_ONLY_NO_VINTAGE,false,true,true
1958-04-30,1958-04,6068000000000.000,6068000000000.000,"指数2015=100(OECD,停2017)",M,M2_FRED_SA,FRED(OECD转载BOJ),VALIDATED_MIRROR,,,2026-09-05,LATEST_HISTORY_PROXY,PROXY,CURRENT_HISTORY_ONLY_NO_VINTAGE,false,true,true
1958-05-31,1958-05,6115600000000.0000,6115600000000.0000,"指数2015=100(OECD,停2017)",M,M2_FRED_SA,FRED(OECD转载BOJ),VALIDATED_MIRROR,,,2026-09-05,LATEST_HISTORY_PROXY,PROXY,CURRENT_HISTORY_ONLY_NO_VINTAGE,false,true,true
1958-06-30,1958-06,6221100000000.0000,6221100000000.0000,"指数2015=100(OECD,停2017)",M,M2_FRED_SA,FRED(OECD转载BOJ),VALIDATED_MIRROR,,,2026-09-05,LATEST_HISTORY_PROXY,PROXY,CURRENT_HISTORY_ONLY_NO_VINTAGE,false,true,true
1958-07-31,1958-07,6341200000000.0000,6341200000000.0000,"指数2015=100(OECD,停2017)",M,M2_FRED_SA,FRED(OECD转载BOJ),VALIDATED_MIRROR,,,2026-09-05,LATEST_HISTORY_PROXY,PROXY,CURRENT_HISTORY_ONLY_NO_VINTAGE,false,true,true
1958-08-31,1958-08,6441600000000.0000,6441600000000.0000,"指数2015=100(OECD,停2017)",M,M2_FRED_SA,FRED(OECD转载BOJ),VALIDATED_MIRROR,,,2026-09-05,LATEST_HISTORY_PROXY,PROXY,CURRENT_HISTORY_ONLY_NO_VINTAGE,false,true,true
1958-09-30,1958-09,6550000000000,6550000000000,"指数2015=100(OECD,停2017)",M,M2_FRED_SA,FRED(OECD转载BOJ),VALIDATED_MIRROR,,,2026-09-05,LATEST_HISTORY_PROXY,PROXY,CURRENT_HISTORY_ONLY_NO_VINTAGE,false,true,true
1958-10-31,1958-10,6652500000000.0000,6652500000000.0000,"指数2015=100(OECD,停2017)",M,M2_FRED_SA,FRED(OECD转载BOJ),VALIDATED_MIRROR,,,2026-09-05,LATEST_HISTORY_PROXY,PROXY,CURRENT_HISTORY_ONLY_NO_VINTAGE,false,true,true
1958-11-30,1958-11,6788100000000.0000,6788100000000.0000,"指数2015=100(OECD,停2017)",M,M2_FRED_SA,FRED(OECD转载BOJ),VALIDATED_MIRROR,,,2026-09-05,LATEST_HISTORY_PROXY,PROXY,CURRENT_HISTORY_ONLY_NO_VINTAGE,false,true,true
1958-12-31,1958-12,6855300000000.0000,6855300000000.0000,"指数2015=100(OECD,停2017)",M,M2_FRED_SA,FRED(OECD转载BOJ),VALIDATED_MIRROR,,,2026-09-05,LATEST_HISTORY_PROXY,PROXY,CURRENT_HISTORY_ONLY_NO_VINTAGE,false,true,true
1959-01-31,1959-01,6878100000000.0000,6878100000000.0000,"指数2015=100(OECD,停2017)",M,M2_FRED_SA,FRED(OECD转载BOJ),VALIDATED_MIRROR,,,2026-09-05,LATEST_HISTORY_PROXY,PROXY,CURRENT_HISTORY_ONLY_NO_VINTAGE,false,true,true
1959-02-28,1959-02,7053700000000.0000,7053700000000.0000,"指数2015=100(OECD,停2017)",M,M2_FRED_SA,FRED(OECD转载BOJ),VALIDATED_MIRROR,,,2026-09-05,LATEST_HISTORY_PROXY,PROXY,CURRENT_HISTORY_ONLY_NO_VINTAGE,false,true,true
1959-03-31,1959-03,7203300000000.0000,7203300000000.0000,"指数2015=100(OECD,停2017)",M,M2_FRED_SA,FRED(OECD转载BOJ),VALIDATED_MIRROR,,,2026-09-05,LATEST_HISTORY_PROXY,PROXY,CURRENT_HISTORY_ONLY_NO_VINTAGE,false,true,true
1959-04-30,1959-04,7285000000000.000,7285000000000.000,"指数2015=100(OECD,停2017)",M,M2_FRED_SA,FRED(OECD转载BOJ),VALIDATED_MIRROR,,,2026-09-05,LATEST_HISTORY_PROXY,PROXY,CURRENT_HISTORY_ONLY_NO_VINTAGE,false,true,true
1959-05-31,1959-05,7412900000000.0000,7412900000000.0000,"指数2015=100(OECD,停2017)",M,M2_FRED_SA,FRED(OECD转载BOJ),VALIDATED_MIRROR,,,2026-09-05,LATEST_HISTORY_PROXY,PROXY,CURRENT_HISTORY_ONLY_NO_VINTAGE,false,true,true
1959-06-30,1959-06,7516000000000.000,7516000000000.000,"指数2015=100(OECD,停2017)",M,M2_FRED_SA,FRED(OECD转载BOJ),VALIDATED_MIRROR,,,2026-09-05,LATEST_HISTORY_PROXY,PROXY,CURRENT_HISTORY_ONLY_NO_VINTAGE,false,true,true
1959-07-31,1959-07,7626700000000.0000,7626700000000.0000,"指数2015=100(OECD,停2017)",M,M2_FRED_SA,FRED(OECD转载BOJ),VALIDATED_MIRROR,,,2026-09-05,LATEST_HISTORY_PROXY,PROXY,CURRENT_HISTORY_ONLY_NO_VINTAGE,false,true,true
1959-08-31,1959-08,7643600000000.0000,7643600000000.0000,"指数2015=100(OECD,停2017)",M,M2_FRED_SA,FRED(OECD转载BOJ),VALIDATED_MIRROR,,,2026-09-05,LATEST_HISTORY_PROXY,PROXY,CURRENT_HISTORY_ONLY_NO_VINTAGE,false,true,true
1959-09-30,1959-09,7865500000000.0000,7865500000000.0000,"指数2015=100(OECD,停2017)",M,M2_FRED_SA,FRED(OECD转载BOJ),VALIDATED_MIRROR,,,2026-09-05,LATEST_HISTORY_PROXY,PROXY,CURRENT_HISTORY_ONLY_NO_VINTAGE,false,true,true
1959-10-31,1959-10,7993700000000.0000,7993700000000.0000,"指数2015=100(OECD,停2017)",M,M2_FRED_SA,FRED(OECD转载BOJ),VALIDATED_MIRROR,,,2026-09-05,LATEST_HISTORY_PROXY,PROXY,CURRENT_HISTORY_ONLY_NO_VINTAGE,false,true,true
1959-11-30,1959-11,8119700000000.0000,8119700000000.0000,"指数2015=100(OECD,停2017)",M,M2_FRED_SA,FRED(OECD转载BOJ),VALIDATED_MIRROR,,,2026-09-05,LATEST_HISTORY_PROXY,PROXY,CURRENT_HISTORY_ONLY_NO_VINTAGE,false,true,true
1959-12-31,1959-12,8246200000000,8246200000000,"指数2015=100(OECD,停2017)",M,M2_FRED_SA,FRED(OECD转载BOJ),VALIDATED_MIRROR,,,2026-09-05,LATEST_HISTORY_PROXY,PROXY,CURRENT_HISTORY_ONLY_NO_VINTAGE,false,true,true
1960-01-31,1960-01,8377400000000.0000,8377400000000.0000,"指数2015=100(OECD,停2017)",M,M2_FRED_SA,FRED(OECD转载BOJ),VALIDATED_MIRROR,,,2026-09-05,LATEST_HISTORY_PROXY,PROXY,CURRENT_HISTORY_ONLY_NO_VINTAGE,false,true,true
1960-02-29,1960-02,8488100000000.0000,8488100000000.0000,"指数2015=100(OECD,停2017)",M,M2_FRED_SA,FRED(OECD转载BOJ),VALIDATED_MIRROR,,,2026-09-05,LATEST_HISTORY_PROXY,PROXY,CURRENT_HISTORY_ONLY_NO_VINTAGE,false,true,true
1960-03-31,1960-03,8626800000000.0000,8626800000000.0000,"指数2015=100(OECD,停2017)",M,M2_FRED_SA,FRED(OECD转载BOJ),VALIDATED_MIRROR,,,2026-09-05,LATEST_HISTORY_PROXY,PROXY,CURRENT_HISTORY_ONLY_NO_VINTAGE,false,true,true
1960-04-30,1960-04,8732600000000.0000,8732600000000.0000,"指数2015=100(OECD,停2017)",M,M2_FRED_SA,FRED(OECD转载BOJ),VALIDATED_MIRROR,,,2026-09-05,LATEST_HISTORY_PROXY,PROXY,CURRENT_HISTORY_ONLY_NO_VINTAGE,false,true,true
1960-05-31,1960-05,8886300000000.0000,8886300000000.0000,"指数2015=100(OECD,停2017)",M,M2_FRED_SA,FRED(OECD转载BOJ),VALIDATED_MIRROR,,,2026-09-05,LATEST_HISTORY_PROXY,PROXY,CURRENT_HISTORY_ONLY_NO_VINTAGE,false,true,true
1960-06-30,1960-06,9016000000000.000,9016000000000.000,"指数2015=100(OECD,停2017)",M,M2_FRED_SA,FRED(OECD转载BOJ),VALIDATED_MIRROR,,,2026-09-05,LATEST_HISTORY_PROXY,PROXY,CURRENT_HISTORY_ONLY_NO_VINTAGE,false,true,true
1960-07-31,1960-07,9154300000000.0000,9154300000000.0000,"指数2015=100(OECD,停2017)",M,M2_FRED_SA,FRED(OECD转载BOJ),VALIDATED_MIRROR,,,2026-09-05,LATEST_HISTORY_PROXY,PROXY,CURRENT_HISTORY_ONLY_NO_VINTAGE,false,true,true
1960-08-31,1960-08,9321900000000.0000,9321900000000.0000,"指数2015=100(OECD,停2017)",M,M2_FRED_SA,FRED(OECD转载BOJ),VALIDATED_MIRROR,,,2026-09-05,LATEST_HISTORY_PROXY,PROXY,CURRENT_HISTORY_ONLY_NO_VINTAGE,false,true,true
1960-09-30,1960-09,9487800000000.0000,9487800000000.0000,"指数2015=100(OECD,停2017)",M,M2_FRED_SA,FRED(OECD转载BOJ),VALIDATED_MIRROR,,,2026-09-05,LATEST_HISTORY_PROXY,PROXY,CURRENT_HISTORY_ONLY_NO_VINTAGE,false,true,true
1960-10-31,1960-10,9652000000000.000,9652000000000.000,"指数2015=100(OECD,停2017)",M,M2_FRED_SA,FRED(OECD转载BOJ),VALIDATED_MIRROR,,,2026-09-05,LATEST_HISTORY_PROXY,PROXY,CURRENT_HISTORY_ONLY_NO_VINTAGE,false,true,true
1960-11-30,1960-11,9827900000000.0000,9827900000000.0000,"指数2015=100(OECD,停2017)",M,M2_FRED_SA,FRED(OECD转载BOJ),VALIDATED_MIRROR,,,2026-09-05,LATEST_HISTORY_PROXY,PROXY,CURRENT_HISTORY_ONLY_NO_VINTAGE,false,true,true
1960-12-31,1960-12,9979400000000.0000,9979400000000.0000,"指数2015=100(OECD,停2017)",M,M2_FRED_SA,FRED(OECD转载BOJ),VALIDATED_MIRROR,,,2026-09-05,LATEST_HISTORY_PROXY,PROXY,CURRENT_HISTORY_ONLY_NO_VINTAGE,false,true,true
1961-01-31,1961-01,10171700000000,10171700000000,"指数2015=100(OECD,停2017)",M,M2_FRED_SA,FRED(OECD转载BOJ),VALIDATED_MIRROR,,,2026-09-05,LATEST_HISTORY_PROXY,PROXY,CURRENT_HISTORY_ONLY_NO_VINTAGE,false,true,true
1961-02-28,1961-02,10400800000000.00000,10400800000000.00000,"指数2015=100(OECD,停2017)",M,M2_FRED_SA,FRED(OECD转载BOJ),VALIDATED_MIRROR,,,2026-09-05,LATEST_HISTORY_PROXY,PROXY,CURRENT_HISTORY_ONLY_NO_VINTAGE,false,true,true
1961-03-31,1961-03,10585000000000.0000,10585000000000.0000,"指数2015=100(OECD,停2017)",M,M2_FRED_SA,FRED(OECD转载BOJ),VALIDATED_MIRROR,,,2026-09-05,LATEST_HISTORY_PROXY,PROXY,CURRENT_HISTORY_ONLY_NO_VINTAGE,false,true,true
1961-04-30,1961-04,10787000000000.0000,10787000000000.0000,"指数2015=100(OECD,停2017)",M,M2_FRED_SA,FRED(OECD转载BOJ),VALIDATED_MIRROR,,,2026-09-05,LATEST_HISTORY_PROXY,PROXY,CURRENT_HISTORY_ONLY_NO_VINTAGE,false,true,true
1961-05-31,1961-05,10939900000000.00000,10939900000000.00000,"指数2015=100(OECD,停2017)",M,M2_FRED_SA,FRED(OECD转载BOJ),VALIDATED_MIRROR,,,2026-09-05,LATEST_HISTORY_PROXY,PROXY,CURRENT_HISTORY_ONLY_NO_VINTAGE,false,true,true
1961-06-30,1961-06,11136700000000.00000,11136700000000.00000,"指数2015=100(OECD,停2017)",M,M2_FRED_SA,FRED(OECD转载BOJ),VALIDATED_MIRROR,,,2026-09-05,LATEST_HISTORY_PROXY,PROXY,CURRENT_HISTORY_ONLY_NO_VINTAGE,false,true,true
1961-07-31,1961-07,11269200000000.00000,11269200000000.00000,"指数2015=100(OECD,停2017)",M,M2_FRED_SA,FRED(OECD转载BOJ),VALIDATED_MIRROR,,,2026-09-05,LATEST_HISTORY_PROXY,PROXY,CURRENT_HISTORY_ONLY_NO_VINTAGE,false,true,true
1961-08-31,1961-08,11416600000000.00000,11416600000000.00000,"指数2015=100(OECD,停2017)",M,M2_FRED_SA,FRED(OECD转载BOJ),VALIDATED_MIRROR,,,2026-09-05,LATEST_HISTORY_PROXY,PROXY,CURRENT_HISTORY_ONLY_NO_VINTAGE,false,true,true
1961-09-30,1961-09,11545500000000.00000,11545500000000.00000,"指数2015=100(OECD,停2017)",M,M2_FRED_SA,FRED(OECD转载BOJ),VALIDATED_MIRROR,,,2026-09-05,LATEST_HISTORY_PROXY,PROXY,CURRENT_HISTORY_ONLY_NO_VINTAGE,false,true,true
1961-10-31,1961-10,11686000000000.0000,11686000000000.0000,"指数2015=100(OECD,停2017)",M,M2_FRED_SA,FRED(OECD转载BOJ),VALIDATED_MIRROR,,,2026-09-05,LATEST_HISTORY_PROXY,PROXY,CURRENT_HISTORY_ONLY_NO_VINTAGE,false,true,true
1961-11-30,1961-11,11839000000000.0000,11839000000000.0000,"指数2015=100(OECD,停2017)",M,M2_FRED_SA,FRED(OECD转载BOJ),VALIDATED_MIRROR,,,2026-09-05,LATEST_HISTORY_PROXY,PROXY,CURRENT_HISTORY_ONLY_NO_VINTAGE,false,true,true
1961-12-31,1961-12,11917600000000.00000,11917600000000.00000,"指数2015=100(OECD,停2017)",M,M2_FRED_SA,FRED(OECD转载BOJ),VALIDATED_MIRROR,,,2026-09-05,LATEST_HISTORY_PROXY,PROXY,CURRENT_HISTORY_ONLY_NO_VINTAGE,false,true,true
1962-01-31,1962-01,12149000000000.0000,12149000000000.0000,"指数2015=100(OECD,停2017)",M,M2_FRED_SA,FRED(OECD转载BOJ),VALIDATED_MIRROR,,,2026-09-05,LATEST_HISTORY_PROXY,PROXY,CURRENT_HISTORY_ONLY_NO_VINTAGE,false,true,true
1962-02-28,1962-02,12283400000000.00000,12283400000000.00000,"指数2015=100(OECD,停2017)",M,M2_FRED_SA,FRED(OECD转载BOJ),VALIDATED_MIRROR,,,2026-09-05,LATEST_HISTORY_PROXY,PROXY,CURRENT_HISTORY_ONLY_NO_VINTAGE,false,true,true
1962-03-31,1962-03,12366400000000.00000,12366400000000.00000,"指数2015=100(OECD,停2017)",M,M2_FRED_SA,FRED(OECD转载BOJ),VALIDATED_MIRROR,,,2026-09-05,LATEST_HISTORY_PROXY,PROXY,CURRENT_HISTORY_ONLY_NO_VINTAGE,false,true,true
1962-04-30,1962-04,12628700000000.00000,12628700000000.00000,"指数2015=100(OECD,停2017)",M,M2_FRED_SA,FRED(OECD转载BOJ),VALIDATED_MIRROR,,,2026-09-05,LATEST_HISTORY_PROXY,PROXY,CURRENT_HISTORY_ONLY_NO_VINTAGE,false,true,true
1962-05-31,1962-05,12851200000000.00000,12851200000000.00000,"指数2015=100(OECD,停2017)",M,M2_FRED_SA,FRED(OECD转载BOJ),VALIDATED_MIRROR,,,2026-09-05,LATEST_HISTORY_PROXY,PROXY,CURRENT_HISTORY_ONLY_NO_VINTAGE,false,true,true
1962-06-30,1962-06,12982600000000.00000,12982600000000.00000,"指数2015=100(OECD,停2017)",M,M2_FRED_SA,FRED(OECD转载BOJ),VALIDATED_MIRROR,,,2026-09-05,LATEST_HISTORY_PROXY,PROXY,CURRENT_HISTORY_ONLY_NO_VINTAGE,false,true,true
1962-07-31,1962-07,13210300000000.00000,13210300000000.00000,"指数2015=100(OECD,停2017)",M,M2_FRED_SA,FRED(OECD转载BOJ),VALIDATED_MIRROR,,,2026-09-05,LATEST_HISTORY_PROXY,PROXY,CURRENT_HISTORY_ONLY_NO_VINTAGE,false,true,true
1962-08-31,1962-08,13427600000000.00000,13427600000000.00000,"指数2015=100(OECD,停2017)",M,M2_FRED_SA,FRED(OECD转载BOJ),VALIDATED_MIRROR,,,2026-09-05,LATEST_HISTORY_PROXY,PROXY,CURRENT_HISTORY_ONLY_NO_VINTAGE,false,true,true
1962-09-30,1962-09,13647100000000.00000,13647100000000.00000,"指数2015=100(OECD,停2017)",M,M2_FRED_SA,FRED(OECD转载BOJ),VALIDATED_MIRROR,,,2026-09-05,LATEST_HISTORY_PROXY,PROXY,CURRENT_HISTORY_ONLY_NO_VINTAGE,false,true,true
1962-10-31,1962-10,13921200000000.00000,13921200000000.00000,"指数2015=100(OECD,停2017)",M,M2_FRED_SA,FRED(OECD转载BOJ),VALIDATED_MIRROR,,,2026-09-05,LATEST_HISTORY_PROXY,PROXY,CURRENT_HISTORY_ONLY_NO_VINTAGE,false,true,true
1962-11-30,1962-11,14188400000000.00000,14188400000000.00000,"指数2015=100(OECD,停2017)",M,M2_FRED_SA,FRED(OECD转载BOJ),VALIDATED_MIRROR,,,2026-09-05,LATEST_HISTORY_PROXY,PROXY,CURRENT_HISTORY_ONLY_NO_VINTAGE,false,true,true
1962-12-31,1962-12,14453000000000.0000,14453000000000.0000,"指数2015=100(OECD,停2017)",M,M2_FRED_SA,FRED(OECD转载BOJ),VALIDATED_MIRROR,,,2026-09-05,LATEST_HISTORY_PROXY,PROXY,CURRENT_HISTORY_ONLY_NO_VINTAGE,false,true,true
1963-01-31,1963-01,14721000000000.0000,14721000000000.0000,"指数2015=100(OECD,停2017)",M,M2_FRED_SA,FRED(OECD转载BOJ),VALIDATED_MIRROR,,,2026-09-05,LATEST_HISTORY_PROXY,PROXY,CURRENT_HISTORY_ONLY_NO_VINTAGE,false,true,true
1963-02-28,1963-02,15000100000000.00000,15000100000000.00000,"指数2015=100(OECD,停2017)",M,M2_FRED_SA,FRED(OECD转载BOJ),VALIDATED_MIRROR,,,2026-09-05,LATEST_HISTORY_PROXY,PROXY,CURRENT_HISTORY_ONLY_NO_VINTAGE,false,true,true
1963-03-31,1963-03,15298500000000.00000,15298500000000.00000,"指数2015=100(OECD,停2017)",M,M2_FRED_SA,FRED(OECD转载BOJ),VALIDATED_MIRROR,,,2026-09-05,LATEST_HISTORY_PROXY,PROXY,CURRENT_HISTORY_ONLY_NO_VINTAGE,false,true,true
1963-04-30,1963-04,15577100000000.00000,15577100000000.00000,"指数2015=100(OECD,停2017)",M,M2_FRED_SA,FRED(OECD转载BOJ),VALIDATED_MIRROR,,,2026-09-05,LATEST_HISTORY_PROXY,PROXY,CURRENT_HISTORY_ONLY_NO_VINTAGE,false,true,true
1963-05-31,1963-05,15888600000000.00000,15888600000000.00000,"指数2015=100(OECD,停2017)",M,M2_FRED_SA,FRED(OECD转载BOJ),VALIDATED_MIRROR,,,2026-09-05,LATEST_HISTORY_PROXY,PROXY,CURRENT_HISTORY_ONLY_NO_VINTAGE,false,true,true
1963-06-30,1963-06,16200800000000.00000,16200800000000.00000,"指数2015=100(OECD,停2017)",M,M2_FRED_SA,FRED(OECD转载BOJ),VALIDATED_MIRROR,,,2026-09-05,LATEST_HISTORY_PROXY,PROXY,CURRENT_HISTORY_ONLY_NO_VINTAGE,false,true,true
1963-07-31,1963-07,16509700000000.00000,16509700000000.00000,"指数2015=100(OECD,停2017)",M,M2_FRED_SA,FRED(OECD转载BOJ),VALIDATED_MIRROR,,,2026-09-05,LATEST_HISTORY_PROXY,PROXY,CURRENT_HISTORY_ONLY_NO_VINTAGE,false,true,true
1963-08-31,1963-08,16721500000000.00000,16721500000000.00000,"指数2015=100(OECD,停2017)",M,M2_FRED_SA,FRED(OECD转载BOJ),VALIDATED_MIRROR,,,2026-09-05,LATEST_HISTORY_PROXY,PROXY,CURRENT_HISTORY_ONLY_NO_VINTAGE,false,true,true
1963-09-30,1963-09,17118000000000.0000,17118000000000.0000,"指数2015=100(OECD,停2017)",M,M2_FRED_SA,FRED(OECD转载BOJ),VALIDATED_MIRROR,,,2026-09-05,LATEST_HISTORY_PROXY,PROXY,CURRENT_HISTORY_ONLY_NO_VINTAGE,false,true,true
1963-10-31,1963-10,17372900000000.00000,17372900000000.00000,"指数2015=100(OECD,停2017)",M,M2_FRED_SA,FRED(OECD转载BOJ),VALIDATED_MIRROR,,,2026-09-05,LATEST_HISTORY_PROXY,PROXY,CURRENT_HISTORY_ONLY_NO_VINTAGE,false,true,true
1963-11-30,1963-11,17612800000000.00000,17612800000000.00000,"指数2015=100(OECD,停2017)",M,M2_FRED_SA,FRED(OECD转载BOJ),VALIDATED_MIRROR,,,2026-09-05,LATEST_HISTORY_PROXY,PROXY,CURRENT_HISTORY_ONLY_NO_VINTAGE,false,true,true
1963-12-31,1963-12,17929800000000,17929800000000,"指数2015=100(OECD,停2017)",M,M2_FRED_SA,FRED(OECD转载BOJ),VALIDATED_MIRROR,,,2026-09-05,LATEST_HISTORY_PROXY,PROXY,CURRENT_HISTORY_ONLY_NO_VINTAGE,false,true,true
1964-01-31,1964-01,18143200000000,18143200000000,"指数2015=100(OECD,停2017)",M,M2_FRED_SA,FRED(OECD转载BOJ),VALIDATED_MIRROR,,,2026-09-05,LATEST_HISTORY_PROXY,PROXY,CURRENT_HISTORY_ONLY_NO_VINTAGE,false,true,true
1964-02-29,1964-02,18317700000000.00000,18317700000000.00000,"指数2015=100(OECD,停2017)",M,M2_FRED_SA,FRED(OECD转载BOJ),VALIDATED_MIRROR,,,2026-09-05,LATEST_HISTORY_PROXY,PROXY,CURRENT_HISTORY_ONLY_NO_VINTAGE,false,true,true
1964-03-31,1964-03,18626200000000.00000,18626200000000.00000,"指数2015=100(OECD,停2017)",M,M2_FRED_SA,FRED(OECD转载BOJ),VALIDATED_MIRROR,,,2026-09-05,LATEST_HISTORY_PROXY,PROXY,CURRENT_HISTORY_ONLY_NO_VINTAGE,false,true,true
1964-04-30,1964-04,18848300000000.00000,18848300000000.00000,"指数2015=100(OECD,停2017)",M,M2_FRED_SA,FRED(OECD转载BOJ),VALIDATED_MIRROR,,,2026-09-05,LATEST_HISTORY_PROXY,PROXY,CURRENT_HISTORY_ONLY_NO_VINTAGE,false,true,true
1964-05-31,1964-05,19065500000000.00000,19065500000000.00000,"指数2015=100(OECD,停2017)",M,M2_FRED_SA,FRED(OECD转载BOJ),VALIDATED_MIRROR,,,2026-09-05,LATEST_HISTORY_PROXY,PROXY,CURRENT_HISTORY_ONLY_NO_VINTAGE,false,true,true
1964-06-30,1964-06,19284600000000.00000,19284600000000.00000,"指数2015=100(OECD,停2017)",M,M2_FRED_SA,FRED(OECD转载BOJ),VALIDATED_MIRROR,,,2026-09-05,LATEST_HISTORY_PROXY,PROXY,CURRENT_HISTORY_ONLY_NO_VINTAGE,false,true,true
1964-07-31,1964-07,19518600000000.00000,19518600000000.00000,"指数2015=100(OECD,停2017)",M,M2_FRED_SA,FRED(OECD转载BOJ),VALIDATED_MIRROR,,,2026-09-05,LATEST_HISTORY_PROXY,PROXY,CURRENT_HISTORY_ONLY_NO_VINTAGE,false,true,true
1964-08-31,1964-08,19735400000000.00000,19735400000000.00000,"指数2015=100(OECD,停2017)",M,M2_FRED_SA,FRED(OECD转载BOJ),VALIDATED_MIRROR,,,2026-09-05,LATEST_HISTORY_PROXY,PROXY,CURRENT_HISTORY_ONLY_NO_VINTAGE,false,true,true
1964-09-30,1964-09,19983200000000.00000,19983200000000.00000,"指数2015=100(OECD,停2017)",M,M2_FRED_SA,FRED(OECD转载BOJ),VALIDATED_MIRROR,,,2026-09-05,LATEST_HISTORY_PROXY,PROXY,CURRENT_HISTORY_ONLY_NO_VINTAGE,false,true,true
1964-10-31,1964-10,20201100000000.00000,20201100000000.00000,"指数2015=100(OECD,停2017)",M,M2_FRED_SA,FRED(OECD转载BOJ),VALIDATED_MIRROR,,,2026-09-05,LATEST_HISTORY_PROXY,PROXY,CURRENT_HISTORY_ONLY_NO_VINTAGE,false,true,true
1964-11-30,1964-11,20442800000000.00000,20442800000000.00000,"指数2015=100(OECD,停2017)",M,M2_FRED_SA,FRED(OECD转载BOJ),VALIDATED_MIRROR,,,2026-09-05,LATEST_HISTORY_PROXY,PROXY,CURRENT_HISTORY_ONLY_NO_VINTAGE,false,true,true
1964-12-31,1964-12,20677600000000,20677600000000,"指数2015=100(OECD,停2017)",M,M2_FRED_SA,FRED(OECD转载BOJ),VALIDATED_MIRROR,,,2026-09-05,LATEST_HISTORY_PROXY,PROXY,CURRENT_HISTORY_ONLY_NO_VINTAGE,false,true,true
1965-01-31,1965-01,20965400000000.00000,20965400000000.00000,"指数2015=100(OECD,停2017)",M,M2_FRED_SA,FRED(OECD转载BOJ),VALIDATED_MIRROR,,,2026-09-05,LATEST_HISTORY_PROXY,PROXY,CURRENT_HISTORY_ONLY_NO_VINTAGE,false,true,true
1965-02-28,1965-02,21268600000000.00000,21268600000000.00000,"指数2015=100(OECD,停2017)",M,M2_FRED_SA,FRED(OECD转载BOJ),VALIDATED_MIRROR,,,2026-09-05,LATEST_HISTORY_PROXY,PROXY,CURRENT_HISTORY_ONLY_NO_VINTAGE,false,true,true
1965-03-31,1965-03,21552400000000.00000,21552400000000.00000,"指数2015=100(OECD,停2017)",M,M2_FRED_SA,FRED(OECD转载BOJ),VALIDATED_MIRROR,,,2026-09-05,LATEST_HISTORY_PROXY,PROXY,CURRENT_HISTORY_ONLY_NO_VINTAGE,false,true,true
1965-04-30,1965-04,21819000000000.0000,21819000000000.0000,"指数2015=100(OECD,停2017)",M,M2_FRED_SA,FRED(OECD转载BOJ),VALIDATED_MIRROR,,,2026-09-05,LATEST_HISTORY_PROXY,PROXY,CURRENT_HISTORY_ONLY_NO_VINTAGE,false,true,true
1965-05-31,1965-05,22120200000000.00000,22120200000000.00000,"指数2015=100(OECD,停2017)",M,M2_FRED_SA,FRED(OECD转载BOJ),VALIDATED_MIRROR,,,2026-09-05,LATEST_HISTORY_PROXY,PROXY,CURRENT_HISTORY_ONLY_NO_VINTAGE,false,true,true
1965-06-30,1965-06,22429400000000.00000,22429400000000.00000,"指数2015=100(OECD,停2017)",M,M2_FRED_SA,FRED(OECD转载BOJ),VALIDATED_MIRROR,,,2026-09-05,LATEST_HISTORY_PROXY,PROXY,CURRENT_HISTORY_ONLY_NO_VINTAGE,false,true,true
1965-07-31,1965-07,22644400000000.00000,22644400000000.00000,"指数2015=100(OECD,停2017)",M,M2_FRED_SA,FRED(OECD转载BOJ),VALIDATED_MIRROR,,,2026-09-05,LATEST_HISTORY_PROXY,PROXY,CURRENT_HISTORY_ONLY_NO_VINTAGE,false,true,true
1965-08-31,1965-08,23025600000000.00000,23025600000000.00000,"指数2015=100(OECD,停2017)",M,M2_FRED_SA,FRED(OECD转载BOJ),VALIDATED_MIRROR,,,2026-09-05,LATEST_HISTORY_PROXY,PROXY,CURRENT_HISTORY_ONLY_NO_VINTAGE,false,true,true
1965-09-30,1965-09,23378100000000.00000,23378100000000.00000,"指数2015=100(OECD,停2017)",M,M2_FRED_SA,FRED(OECD转载BOJ),VALIDATED_MIRROR,,,2026-09-05,LATEST_HISTORY_PROXY,PROXY,CURRENT_HISTORY_ONLY_NO_VINTAGE,false,true,true
1965-10-31,1965-10,23680900000000.00000,23680900000000.00000,"指数2015=100(OECD,停2017)",M,M2_FRED_SA,FRED(OECD转载BOJ),VALIDATED_MIRROR,,,2026-09-05,LATEST_HISTORY_PROXY,PROXY,CURRENT_HISTORY_ONLY_NO_VINTAGE,false,true,true
1965-11-30,1965-11,24031800000000.00000,24031800000000.00000,"指数2015=100(OECD,停2017)",M,M2_FRED_SA,FRED(OECD转载BOJ),VALIDATED_MIRROR,,,2026-09-05,LATEST_HISTORY_PROXY,PROXY,CURRENT_HISTORY_ONLY_NO_VINTAGE,false,true,true
1965-12-31,1965-12,24407100000000,24407100000000,"指数2015=100(OECD,停2017)",M,M2_FRED_SA,FRED(OECD转载BOJ),VALIDATED_MIRROR,,,2026-09-05,LATEST_HISTORY_PROXY,PROXY,CURRENT_HISTORY_ONLY_NO_VINTAGE,false,true,true
1966-01-31,1966-01,24727200000000.00000,24727200000000.00000,"指数2015=100(OECD,停2017)",M,M2_FRED_SA,FRED(OECD转载BOJ),VALIDATED_MIRROR,,,2026-09-05,LATEST_HISTORY_PROXY,PROXY,CURRENT_HISTORY_ONLY_NO_VINTAGE,false,true,true
1966-02-28,1966-02,25018900000000.00000,25018900000000.00000,"指数2015=100(OECD,停2017)",M,M2_FRED_SA,FRED(OECD转载BOJ),VALIDATED_MIRROR,,,2026-09-05,LATEST_HISTORY_PROXY,PROXY,CURRENT_HISTORY_ONLY_NO_VINTAGE,false,true,true
1966-03-31,1966-03,25572900000000,25572900000000,"指数2015=100(OECD,停2017)",M,M2_FRED_SA,FRED(OECD转载BOJ),VALIDATED_MIRROR,,,2026-09-05,LATEST_HISTORY_PROXY,PROXY,CURRENT_HISTORY_ONLY_NO_VINTAGE,false,true,true
1966-04-30,1966-04,25688200000000.00000,25688200000000.00000,"指数2015=100(OECD,停2017)",M,M2_FRED_SA,FRED(OECD转载BOJ),VALIDATED_MIRROR,,,2026-09-05,LATEST_HISTORY_PROXY,PROXY,CURRENT_HISTORY_ONLY_NO_VINTAGE,false,true,true
1966-05-31,1966-05,26067300000000.00000,26067300000000.00000,"指数2015=100(OECD,停2017)",M,M2_FRED_SA,FRED(OECD转载BOJ),VALIDATED_MIRROR,,,2026-09-05,LATEST_HISTORY_PROXY,PROXY,CURRENT_HISTORY_ONLY_NO_VINTAGE,false,true,true
1966-06-30,1966-06,26382000000000.0000,26382000000000.0000,"指数2015=100(OECD,停2017)",M,M2_FRED_SA,FRED(OECD转载BOJ),VALIDATED_MIRROR,,,2026-09-05,LATEST_HISTORY_PROXY,PROXY,CURRENT_HISTORY_ONLY_NO_VINTAGE,false,true,true
1966-07-31,1966-07,26695600000000.00000,26695600000000.00000,"指数2015=100(OECD,停2017)",M,M2_FRED_SA,FRED(OECD转载BOJ),VALIDATED_MIRROR,,,2026-09-05,LATEST_HISTORY_PROXY,PROXY,CURRENT_HISTORY_ONLY_NO_VINTAGE,false,true,true
1966-08-31,1966-08,27101700000000.00000,27101700000000.00000,"指数2015=100(OECD,停2017)",M,M2_FRED_SA,FRED(OECD转载BOJ),VALIDATED_MIRROR,,,2026-09-05,LATEST_HISTORY_PROXY,PROXY,CURRENT_HISTORY_ONLY_NO_VINTAGE,false,true,true
1966-09-30,1966-09,27494500000000.00000,27494500000000.00000,"指数2015=100(OECD,停2017)",M,M2_FRED_SA,FRED(OECD转载BOJ),VALIDATED_MIRROR,,,2026-09-05,LATEST_HISTORY_PROXY,PROXY,CURRENT_HISTORY_ONLY_NO_VINTAGE,false,true,true
1966-10-31,1966-10,27725900000000.00000,27725900000000.00000,"指数2015=100(OECD,停2017)",M,M2_FRED_SA,FRED(OECD转载BOJ),VALIDATED_MIRROR,,,2026-09-05,LATEST_HISTORY_PROXY,PROXY,CURRENT_HISTORY_ONLY_NO_VINTAGE,false,true,true
1966-11-30,1966-11,28045700000000.00000,28045700000000.00000,"指数2015=100(OECD,停2017)",M,M2_FRED_SA,FRED(OECD转载BOJ),VALIDATED_MIRROR,,,2026-09-05,LATEST_HISTORY_PROXY,PROXY,CURRENT_HISTORY_ONLY_NO_VINTAGE,false,true,true
1966-12-31,1966-12,28371300000000,28371300000000,"指数2015=100(OECD,停2017)",M,M2_FRED_SA,FRED(OECD转载BOJ),VALIDATED_MIRROR,,,2026-09-05,LATEST_HISTORY_PROXY,PROXY,CURRENT_HISTORY_ONLY_NO_VINTAGE,false,true,true
1967-01-31,1967-01,27844000000000.0000,27844000000000.0000,"指数2015=100(OECD,停2017)",M,M2_FRED_SA,FRED(OECD转载BOJ),VALIDATED_MIRROR,,,2026-09-05,LATEST_HISTORY_PROXY,PROXY,CURRENT_HISTORY_ONLY_NO_VINTAGE,false,true,true
1967-02-28,1967-02,28211900000000.00000,28211900000000.00000,"指数2015=100(OECD,停2017)",M,M2_FRED_SA,FRED(OECD转载BOJ),VALIDATED_MIRROR,,,2026-09-05,LATEST_HISTORY_PROXY,PROXY,CURRENT_HISTORY_ONLY_NO_VINTAGE,false,true,true
1967-03-31,1967-03,28729900000000.00000,28729900000000.00000,"指数2015=100(OECD,停2017)",M,M2_FRED_SA,FRED(OECD转载BOJ),VALIDATED_MIRROR,,,2026-09-05,LATEST_HISTORY_PROXY,PROXY,CURRENT_HISTORY_ONLY_NO_VINTAGE,false,true,true
1967-04-30,1967-04,28952500000000.00000,28952500000000.00000,"指数2015=100(OECD,停2017)",M,M2_FRED_SA,FRED(OECD转载BOJ),VALIDATED_MIRROR,,,2026-09-05,LATEST_HISTORY_PROXY,PROXY,CURRENT_HISTORY_ONLY_NO_VINTAGE,false,true,true
1967-05-31,1967-05,28975300000000.00000,28975300000000.00000,"指数2015=100(OECD,停2017)",M,M2_FRED_SA,FRED(OECD转载BOJ),VALIDATED_MIRROR,,,2026-09-05,LATEST_HISTORY_PROXY,PROXY,CURRENT_HISTORY_ONLY_NO_VINTAGE,false,true,true
1967-06-30,1967-06,29430300000000.00000,29430300000000.00000,"指数2015=100(OECD,停2017)",M,M2_FRED_SA,FRED(OECD转载BOJ),VALIDATED_MIRROR,,,2026-09-05,LATEST_HISTORY_PROXY,PROXY,CURRENT_HISTORY_ONLY_NO_VINTAGE,false,true,true
1967-07-31,1967-07,29843700000000.00000,29843700000000.00000,"指数2015=100(OECD,停2017)",M,M2_FRED_SA,FRED(OECD转载BOJ),VALIDATED_MIRROR,,,2026-09-05,LATEST_HISTORY_PROXY,PROXY,CURRENT_HISTORY_ONLY_NO_VINTAGE,false,true,true
1967-08-31,1967-08,30219000000000.0000,30219000000000.0000,"指数2015=100(OECD,停2017)",M,M2_FRED_SA,FRED(OECD转载BOJ),VALIDATED_MIRROR,,,2026-09-05,LATEST_HISTORY_PROXY,PROXY,CURRENT_HISTORY_ONLY_NO_VINTAGE,false,true,true
1967-09-30,1967-09,30781600000000.00000,30781600000000.00000,"指数2015=100(OECD,停2017)",M,M2_FRED_SA,FRED(OECD转载BOJ),VALIDATED_MIRROR,,,2026-09-05,LATEST_HISTORY_PROXY,PROXY,CURRENT_HISTORY_ONLY_NO_VINTAGE,false,true,true
1967-10-31,1967-10,31203600000000.00000,31203600000000.00000,"指数2015=100(OECD,停2017)",M,M2_FRED_SA,FRED(OECD转载BOJ),VALIDATED_MIRROR,,,2026-09-05,LATEST_HISTORY_PROXY,PROXY,CURRENT_HISTORY_ONLY_NO_VINTAGE,false,true,true
1967-11-30,1967-11,31490500000000.00000,31490500000000.00000,"指数2015=100(OECD,停2017)",M,M2_FRED_SA,FRED(OECD转载BOJ),VALIDATED_MIRROR,,,2026-09-05,LATEST_HISTORY_PROXY,PROXY,CURRENT_HISTORY_ONLY_NO_VINTAGE,false,true,true
1967-12-31,1967-12,31853800000000.00000,31853800000000.00000,"指数2015=100(OECD,停2017)",M,M2_FRED_SA,FRED(OECD转载BOJ),VALIDATED_MIRROR,,,2026-09-05,LATEST_HISTORY_PROXY,PROXY,CURRENT_HISTORY_ONLY_NO_VINTAGE,false,true,true
1968-01-31,1968-01,32222100000000,32222100000000,"指数2015=100(OECD,停2017)",M,M2_FRED_SA,FRED(OECD转载BOJ),VALIDATED_MIRROR,,,2026-09-05,LATEST_HISTORY_PROXY,PROXY,CURRENT_HISTORY_ONLY_NO_VINTAGE,false,true,true
1968-02-29,1968-02,32669200000000.00000,32669200000000.00000,"指数2015=100(OECD,停2017)",M,M2_FRED_SA,FRED(OECD转载BOJ),VALIDATED_MIRROR,,,2026-09-05,LATEST_HISTORY_PROXY,PROXY,CURRENT_HISTORY_ONLY_NO_VINTAGE,false,true,true
1968-03-31,1968-03,33133800000000.00000,33133800000000.00000,"指数2015=100(OECD,停2017)",M,M2_FRED_SA,FRED(OECD转载BOJ),VALIDATED_MIRROR,,,2026-09-05,LATEST_HISTORY_PROXY,PROXY,CURRENT_HISTORY_ONLY_NO_VINTAGE,false,true,true
1968-04-30,1968-04,33406600000000,33406600000000,"指数2015=100(OECD,停2017)",M,M2_FRED_SA,FRED(OECD转载BOJ),VALIDATED_MIRROR,,,2026-09-05,LATEST_HISTORY_PROXY,PROXY,CURRENT_HISTORY_ONLY_NO_VINTAGE,false,true,true
1968-05-31,1968-05,33789500000000.00000,33789500000000.00000,"指数2015=100(OECD,停2017)",M,M2_FRED_SA,FRED(OECD转载BOJ),VALIDATED_MIRROR,,,2026-09-05,LATEST_HISTORY_PROXY,PROXY,CURRENT_HISTORY_ONLY_NO_VINTAGE,false,true,true
1968-06-30,1968-06,34249300000000.00000,34249300000000.00000,"指数2015=100(OECD,停2017)",M,M2_FRED_SA,FRED(OECD转载BOJ),VALIDATED_MIRROR,,,2026-09-05,LATEST_HISTORY_PROXY,PROXY,CURRENT_HISTORY_ONLY_NO_VINTAGE,false,true,true
1968-07-31,1968-07,34603800000000.00000,34603800000000.00000,"指数2015=100(OECD,停2017)",M,M2_FRED_SA,FRED(OECD转载BOJ),VALIDATED_MIRROR,,,2026-09-05,LATEST_HISTORY_PROXY,PROXY,CURRENT_HISTORY_ONLY_NO_VINTAGE,false,true,true
1968-08-31,1968-08,34927400000000.00000,34927400000000.00000,"指数2015=100(OECD,停2017)",M,M2_FRED_SA,FRED(OECD转载BOJ),VALIDATED_MIRROR,,,2026-09-05,LATEST_HISTORY_PROXY,PROXY,CURRENT_HISTORY_ONLY_NO_VINTAGE,false,true,true
1968-09-30,1968-09,35371700000000.00000,35371700000000.00000,"指数2015=100(OECD,停2017)",M,M2_FRED_SA,FRED(OECD转载BOJ),VALIDATED_MIRROR,,,2026-09-05,LATEST_HISTORY_PROXY,PROXY,CURRENT_HISTORY_ONLY_NO_VINTAGE,false,true,true
1968-10-31,1968-10,35772300000000.00000,35772300000000.00000,"指数2015=100(OECD,停2017)",M,M2_FRED_SA,FRED(OECD转载BOJ),VALIDATED_MIRROR,,,2026-09-05,LATEST_HISTORY_PROXY,PROXY,CURRENT_HISTORY_ONLY_NO_VINTAGE,false,true,true
1968-11-30,1968-11,36323400000000.00000,36323400000000.00000,"指数2015=100(OECD,停2017)",M,M2_FRED_SA,FRED(OECD转载BOJ),VALIDATED_MIRROR,,,2026-09-05,LATEST_HISTORY_PROXY,PROXY,CURRENT_HISTORY_ONLY_NO_VINTAGE,false,true,true
1968-12-31,1968-12,36834000000000,36834000000000,"指数2015=100(OECD,停2017)",M,M2_FRED_SA,FRED(OECD转载BOJ),VALIDATED_MIRROR,,,2026-09-05,LATEST_HISTORY_PROXY,PROXY,CURRENT_HISTORY_ONLY_NO_VINTAGE,false,true,true
1969-01-31,1969-01,37343900000000,37343900000000,"指数2015=100(OECD,停2017)",M,M2_FRED_SA,FRED(OECD转载BOJ),VALIDATED_MIRROR,,,2026-09-05,LATEST_HISTORY_PROXY,PROXY,CURRENT_HISTORY_ONLY_NO_VINTAGE,false,true,true
1969-02-28,1969-02,37805500000000.00000,37805500000000.00000,"指数2015=100(OECD,停2017)",M,M2_FRED_SA,FRED(OECD转载BOJ),VALIDATED_MIRROR,,,2026-09-05,LATEST_HISTORY_PROXY,PROXY,CURRENT_HISTORY_ONLY_NO_VINTAGE,false,true,true
1969-03-31,1969-03,38360500000000.00000,38360500000000.00000,"指数2015=100(OECD,停2017)",M,M2_FRED_SA,FRED(OECD转载BOJ),VALIDATED_MIRROR,,,2026-09-05,LATEST_HISTORY_PROXY,PROXY,CURRENT_HISTORY_ONLY_NO_VINTAGE,false,true,true
1969-04-30,1969-04,38922400000000.00000,38922400000000.00000,"指数2015=100(OECD,停2017)",M,M2_FRED_SA,FRED(OECD转载BOJ),VALIDATED_MIRROR,,,2026-09-05,LATEST_HISTORY_PROXY,PROXY,CURRENT_HISTORY_ONLY_NO_VINTAGE,false,true,true
1969-05-31,1969-05,39410000000000.000,39410000000000.000,"指数2015=100(OECD,停2017)",M,M2_FRED_SA,FRED(OECD转载BOJ),VALIDATED_MIRROR,,,2026-09-05,LATEST_HISTORY_PROXY,PROXY,CURRENT_HISTORY_ONLY_NO_VINTAGE,false,true,true
1969-06-30,1969-06,40000100000000,40000100000000,"指数2015=100(OECD,停2017)",M,M2_FRED_SA,FRED(OECD转载BOJ),VALIDATED_MIRROR,,,2026-09-05,LATEST_HISTORY_PROXY,PROXY,CURRENT_HISTORY_ONLY_NO_VINTAGE,false,true,true
1969-07-31,1969-07,40573900000000.00000,40573900000000.00000,"指数2015=100(OECD,停2017)",M,M2_FRED_SA,FRED(OECD转载BOJ),VALIDATED_MIRROR,,,2026-09-05,LATEST_HISTORY_PROXY,PROXY,CURRENT_HISTORY_ONLY_NO_VINTAGE,false,true,true
1969-08-31,1969-08,41197400000000.00000,41197400000000.00000,"指数2015=100(OECD,停2017)",M,M2_FRED_SA,FRED(OECD转载BOJ),VALIDATED_MIRROR,,,2026-09-05,LATEST_HISTORY_PROXY,PROXY,CURRENT_HISTORY_ONLY_NO_VINTAGE,false,true,true
1969-09-30,1969-09,41787800000000.00000,41787800000000.00000,"指数2015=100(OECD,停2017)",M,M2_FRED_SA,FRED(OECD转载BOJ),VALIDATED_MIRROR,,,2026-09-05,LATEST_HISTORY_PROXY,PROXY,CURRENT_HISTORY_ONLY_NO_VINTAGE,false,true,true
1969-10-31,1969-10,42395400000000.00000,42395400000000.00000,"指数2015=100(OECD,停2017)",M,M2_FRED_SA,FRED(OECD转载BOJ),VALIDATED_MIRROR,,,2026-09-05,LATEST_HISTORY_PROXY,PROXY,CURRENT_HISTORY_ONLY_NO_VINTAGE,false,true,true
1969-11-30,1969-11,43053200000000.00000,43053200000000.00000,"指数2015=100(OECD,停2017)",M,M2_FRED_SA,FRED(OECD转载BOJ),VALIDATED_MIRROR,,,2026-09-05,LATEST_HISTORY_PROXY,PROXY,CURRENT_HISTORY_ONLY_NO_VINTAGE,false,true,true
1969-12-31,1969-12,43736200000000,43736200000000,"指数2015=100(OECD,停2017)",M,M2_FRED_SA,FRED(OECD转载BOJ),VALIDATED_MIRROR,,,2026-09-05,LATEST_HISTORY_PROXY,PROXY,CURRENT_HISTORY_ONLY_NO_VINTAGE,false,true,true
1970-01-31,1970-01,44405100000000.00000,44405100000000.00000,"指数2015=100(OECD,停2017)",M,M2_FRED_SA,FRED(OECD转载BOJ),VALIDATED_MIRROR,,,2026-09-05,LATEST_HISTORY_PROXY,PROXY,CURRENT_HISTORY_ONLY_NO_VINTAGE,false,true,true
1970-02-28,1970-02,45017500000000.00000,45017500000000.00000,"指数2015=100(OECD,停2017)",M,M2_FRED_SA,FRED(OECD转载BOJ),VALIDATED_MIRROR,,,2026-09-05,LATEST_HISTORY_PROXY,PROXY,CURRENT_HISTORY_ONLY_NO_VINTAGE,false,true,true
1970-03-31,1970-03,45579600000000.00000,45579600000000.00000,"指数2015=100(OECD,停2017)",M,M2_FRED_SA,FRED(OECD转载BOJ),VALIDATED_MIRROR,,,2026-09-05,LATEST_HISTORY_PROXY,PROXY,CURRENT_HISTORY_ONLY_NO_VINTAGE,false,true,true
1970-04-30,1970-04,46210500000000.00000,46210500000000.00000,"指数2015=100(OECD,停2017)",M,M2_FRED_SA,FRED(OECD转载BOJ),VALIDATED_MIRROR,,,2026-09-05,LATEST_HISTORY_PROXY,PROXY,CURRENT_HISTORY_ONLY_NO_VINTAGE,false,true,true
1970-05-31,1970-05,46900600000000.00000,46900600000000.00000,"指数2015=100(OECD,停2017)",M,M2_FRED_SA,FRED(OECD转载BOJ),VALIDATED_MIRROR,,,2026-09-05,LATEST_HISTORY_PROXY,PROXY,CURRENT_HISTORY_ONLY_NO_VINTAGE,false,true,true
1970-06-30,1970-06,47434100000000.00000,47434100000000.00000,"指数2015=100(OECD,停2017)",M,M2_FRED_SA,FRED(OECD转载BOJ),VALIDATED_MIRROR,,,2026-09-05,LATEST_HISTORY_PROXY,PROXY,CURRENT_HISTORY_ONLY_NO_VINTAGE,false,true,true
1970-07-31,1970-07,48051900000000.00000,48051900000000.00000,"指数2015=100(OECD,停2017)",M,M2_FRED_SA,FRED(OECD转载BOJ),VALIDATED_MIRROR,,,2026-09-05,LATEST_HISTORY_PROXY,PROXY,CURRENT_HISTORY_ONLY_NO_VINTAGE,false,true,true
1970-08-31,1970-08,48656300000000.00000,48656300000000.00000,"指数2015=100(OECD,停2017)",M,M2_FRED_SA,FRED(OECD转载BOJ),VALIDATED_MIRROR,,,2026-09-05,LATEST_HISTORY_PROXY,PROXY,CURRENT_HISTORY_ONLY_NO_VINTAGE,false,true,true
1970-09-30,1970-09,49207700000000.00000,49207700000000.00000,"指数2015=100(OECD,停2017)",M,M2_FRED_SA,FRED(OECD转载BOJ),VALIDATED_MIRROR,,,2026-09-05,LATEST_HISTORY_PROXY,PROXY,CURRENT_HISTORY_ONLY_NO_VINTAGE,false,true,true
1970-10-31,1970-10,49955100000000.00000,49955100000000.00000,"指数2015=100(OECD,停2017)",M,M2_FRED_SA,FRED(OECD转载BOJ),VALIDATED_MIRROR,,,2026-09-05,LATEST_HISTORY_PROXY,PROXY,CURRENT_HISTORY_ONLY_NO_VINTAGE,false,true,true
1970-11-30,1970-11,50531800000000.00000,50531800000000.00000,"指数2015=100(OECD,停2017)",M,M2_FRED_SA,FRED(OECD转载BOJ),VALIDATED_MIRROR,,,2026-09-05,LATEST_HISTORY_PROXY,PROXY,CURRENT_HISTORY_ONLY_NO_VINTAGE,false,true,true
1970-12-31,1970-12,51229200000000,51229200000000,"指数2015=100(OECD,停2017)",M,M2_FRED_SA,FRED(OECD转载BOJ),VALIDATED_MIRROR,,,2026-09-05,LATEST_HISTORY_PROXY,PROXY,CURRENT_HISTORY_ONLY_NO_VINTAGE,false,true,true
1971-01-31,1971-01,52011800000000.00000,52011800000000.00000,"指数2015=100(OECD,停2017)",M,M2_FRED_SA,FRED(OECD转载BOJ),VALIDATED_MIRROR,,,2026-09-05,LATEST_HISTORY_PROXY,PROXY,CURRENT_HISTORY_ONLY_NO_VINTAGE,false,true,true
1971-02-28,1971-02,52902900000000.00000,52902900000000.00000,"指数2015=100(OECD,停2017)",M,M2_FRED_SA,FRED(OECD转载BOJ),VALIDATED_MIRROR,,,2026-09-05,LATEST_HISTORY_PROXY,PROXY,CURRENT_HISTORY_ONLY_NO_VINTAGE,false,true,true
1971-03-31,1971-03,53684600000000.00000,53684600000000.00000,"指数2015=100(OECD,停2017)",M,M2_FRED_SA,FRED(OECD转载BOJ),VALIDATED_MIRROR,,,2026-09-05,LATEST_HISTORY_PROXY,PROXY,CURRENT_HISTORY_ONLY_NO_VINTAGE,false,true,true
1971-04-30,1971-04,54631000000000.0000,54631000000000.0000,"指数2015=100(OECD,停2017)",M,M2_FRED_SA,FRED(OECD转载BOJ),VALIDATED_MIRROR,,,2026-09-05,LATEST_HISTORY_PROXY,PROXY,CURRENT_HISTORY_ONLY_NO_VINTAGE,false,true,true
1971-05-31,1971-05,55697400000000.00000,55697400000000.00000,"指数2015=100(OECD,停2017)",M,M2_FRED_SA,FRED(OECD转载BOJ),VALIDATED_MIRROR,,,2026-09-05,LATEST_HISTORY_PROXY,PROXY,CURRENT_HISTORY_ONLY_NO_VINTAGE,false,true,true
1971-06-30,1971-06,56651100000000.00000,56651100000000.00000,"指数2015=100(OECD,停2017)",M,M2_FRED_SA,FRED(OECD转载BOJ),VALIDATED_MIRROR,,,2026-09-05,LATEST_HISTORY_PROXY,PROXY,CURRENT_HISTORY_ONLY_NO_VINTAGE,false,true,true
1971-07-31,1971-07,57969100000000.00000,57969100000000.00000,"指数2015=100(OECD,停2017)",M,M2_FRED_SA,FRED(OECD转载BOJ),VALIDATED_MIRROR,,,2026-09-05,LATEST_HISTORY_PROXY,PROXY,CURRENT_HISTORY_ONLY_NO_VINTAGE,false,true,true
1971-08-31,1971-08,59158200000000.00000,59158200000000.00000,"指数2015=100(OECD,停2017)",M,M2_FRED_SA,FRED(OECD转载BOJ),VALIDATED_MIRROR,,,2026-09-05,LATEST_HISTORY_PROXY,PROXY,CURRENT_HISTORY_ONLY_NO_VINTAGE,false,true,true
1971-09-30,1971-09,60272100000000.00000,60272100000000.00000,"指数2015=100(OECD,停2017)",M,M2_FRED_SA,FRED(OECD转载BOJ),VALIDATED_MIRROR,,,2026-09-05,LATEST_HISTORY_PROXY,PROXY,CURRENT_HISTORY_ONLY_NO_VINTAGE,false,true,true
1971-10-31,1971-10,61368300000000.00000,61368300000000.00000,"指数2015=100(OECD,停2017)",M,M2_FRED_SA,FRED(OECD转载BOJ),VALIDATED_MIRROR,,,2026-09-05,LATEST_HISTORY_PROXY,PROXY,CURRENT_HISTORY_ONLY_NO_VINTAGE,false,true,true
1971-11-30,1971-11,62072600000000.00000,62072600000000.00000,"指数2015=100(OECD,停2017)",M,M2_FRED_SA,FRED(OECD转载BOJ),VALIDATED_MIRROR,,,2026-09-05,LATEST_HISTORY_PROXY,PROXY,CURRENT_HISTORY_ONLY_NO_VINTAGE,false,true,true
1971-12-31,1971-12,63991600000000,63991600000000,"指数2015=100(OECD,停2017)",M,M2_FRED_SA,FRED(OECD转载BOJ),VALIDATED_MIRROR,,,2026-09-05,LATEST_HISTORY_PROXY,PROXY,CURRENT_HISTORY_ONLY_NO_VINTAGE,false,true,true
1972-01-31,1972-01,65167500000000,65167500000000,"指数2015=100(OECD,停2017)",M,M2_FRED_SA,FRED(OECD转载BOJ),VALIDATED_MIRROR,,,2026-09-05,LATEST_HISTORY_PROXY,PROXY,CURRENT_HISTORY_ONLY_NO_VINTAGE,false,true,true
1972-02-29,1972-02,66296600000000.00000,66296600000000.00000,"指数2015=100(OECD,停2017)",M,M2_FRED_SA,FRED(OECD转载BOJ),VALIDATED_MIRROR,,,2026-09-05,LATEST_HISTORY_PROXY,PROXY,CURRENT_HISTORY_ONLY_NO_VINTAGE,false,true,true
1972-03-31,1972-03,67654400000000.00000,67654400000000.00000,"指数2015=100(OECD,停2017)",M,M2_FRED_SA,FRED(OECD转载BOJ),VALIDATED_MIRROR,,,2026-09-05,LATEST_HISTORY_PROXY,PROXY,CURRENT_HISTORY_ONLY_NO_VINTAGE,false,true,true
1972-04-30,1972-04,68909700000000.00000,68909700000000.00000,"指数2015=100(OECD,停2017)",M,M2_FRED_SA,FRED(OECD转载BOJ),VALIDATED_MIRROR,,,2026-09-05,LATEST_HISTORY_PROXY,PROXY,CURRENT_HISTORY_ONLY_NO_VINTAGE,false,true,true
1972-05-31,1972-05,69890800000000.00000,69890800000000.00000,"指数2015=100(OECD,停2017)",M,M2_FRED_SA,FRED(OECD转载BOJ),VALIDATED_MIRROR,,,2026-09-05,LATEST_HISTORY_PROXY,PROXY,CURRENT_HISTORY_ONLY_NO_VINTAGE,false,true,true
1972-06-30,1972-06,71620400000000.00000,71620400000000.00000,"指数2015=100(OECD,停2017)",M,M2_FRED_SA,FRED(OECD转载BOJ),VALIDATED_MIRROR,,,2026-09-05,LATEST_HISTORY_PROXY,PROXY,CURRENT_HISTORY_ONLY_NO_VINTAGE,false,true,true
1972-07-31,1972-07,73605400000000.00000,73605400000000.00000,"指数2015=100(OECD,停2017)",M,M2_FRED_SA,FRED(OECD转载BOJ),VALIDATED_MIRROR,,,2026-09-05,LATEST_HISTORY_PROXY,PROXY,CURRENT_HISTORY_ONLY_NO_VINTAGE,false,true,true
1972-08-31,1972-08,74761300000000.00000,74761300000000.00000,"指数2015=100(OECD,停2017)",M,M2_FRED_SA,FRED(OECD转载BOJ),VALIDATED_MIRROR,,,2026-09-05,LATEST_HISTORY_PROXY,PROXY,CURRENT_HISTORY_ONLY_NO_VINTAGE,false,true,true
1972-09-30,1972-09,76466200000000.00000,76466200000000.00000,"指数2015=100(OECD,停2017)",M,M2_FRED_SA,FRED(OECD转载BOJ),VALIDATED_MIRROR,,,2026-09-05,LATEST_HISTORY_PROXY,PROXY,CURRENT_HISTORY_ONLY_NO_VINTAGE,false,true,true
1972-10-31,1972-10,78455400000000.00000,78455400000000.00000,"指数2015=100(OECD,停2017)",M,M2_FRED_SA,FRED(OECD转载BOJ),VALIDATED_MIRROR,,,2026-09-05,LATEST_HISTORY_PROXY,PROXY,CURRENT_HISTORY_ONLY_NO_VINTAGE,false,true,true
1972-11-30,1972-11,79754000000000.0000,79754000000000.0000,"指数2015=100(OECD,停2017)",M,M2_FRED_SA,FRED(OECD转载BOJ),VALIDATED_MIRROR,,,2026-09-05,LATEST_HISTORY_PROXY,PROXY,CURRENT_HISTORY_ONLY_NO_VINTAGE,false,true,true
1972-12-31,1972-12,81106800000000.00000,81106800000000.00000,"指数2015=100(OECD,停2017)",M,M2_FRED_SA,FRED(OECD转载BOJ),VALIDATED_MIRROR,,,2026-09-05,LATEST_HISTORY_PROXY,PROXY,CURRENT_HISTORY_ONLY_NO_VINTAGE,false,true,true
1973-01-31,1973-01,82303000000000,82303000000000,"指数2015=100(OECD,停2017)",M,M2_FRED_SA,FRED(OECD转载BOJ),VALIDATED_MIRROR,,,2026-09-05,LATEST_HISTORY_PROXY,PROXY,CURRENT_HISTORY_ONLY_NO_VINTAGE,false,true,true
1973-02-28,1973-02,84018600000000.00000,84018600000000.00000,"指数2015=100(OECD,停2017)",M,M2_FRED_SA,FRED(OECD转载BOJ),VALIDATED_MIRROR,,,2026-09-05,LATEST_HISTORY_PROXY,PROXY,CURRENT_HISTORY_ONLY_NO_VINTAGE,false,true,true
1973-03-31,1973-03,85803300000000.00000,85803300000000.00000,"指数2015=100(OECD,停2017)",M,M2_FRED_SA,FRED(OECD转载BOJ),VALIDATED_MIRROR,,,2026-09-05,LATEST_HISTORY_PROXY,PROXY,CURRENT_HISTORY_ONLY_NO_VINTAGE,false,true,true
1973-04-30,1973-04,87670000000000.000,87670000000000.000,"指数2015=100(OECD,停2017)",M,M2_FRED_SA,FRED(OECD转载BOJ),VALIDATED_MIRROR,,,2026-09-05,LATEST_HISTORY_PROXY,PROXY,CURRENT_HISTORY_ONLY_NO_VINTAGE,false,true,true
1973-05-31,1973-05,88337100000000.00000,88337100000000.00000,"指数2015=100(OECD,停2017)",M,M2_FRED_SA,FRED(OECD转载BOJ),VALIDATED_MIRROR,,,2026-09-05,LATEST_HISTORY_PROXY,PROXY,CURRENT_HISTORY_ONLY_NO_VINTAGE,false,true,true
1973-06-30,1973-06,89560100000000.00000,89560100000000.00000,"指数2015=100(OECD,停2017)",M,M2_FRED_SA,FRED(OECD转载BOJ),VALIDATED_MIRROR,,,2026-09-05,LATEST_HISTORY_PROXY,PROXY,CURRENT_HISTORY_ONLY_NO_VINTAGE,false,true,true
1973-07-31,1973-07,90333700000000.00000,90333700000000.00000,"指数2015=100(OECD,停2017)",M,M2_FRED_SA,FRED(OECD转载BOJ),VALIDATED_MIRROR,,,2026-09-05,LATEST_HISTORY_PROXY,PROXY,CURRENT_HISTORY_ONLY_NO_VINTAGE,false,true,true
1973-08-31,1973-08,91099000000000.0000,91099000000000.0000,"指数2015=100(OECD,停2017)",M,M2_FRED_SA,FRED(OECD转载BOJ),VALIDATED_MIRROR,,,2026-09-05,LATEST_HISTORY_PROXY,PROXY,CURRENT_HISTORY_ONLY_NO_VINTAGE,false,true,true
1973-09-30,1973-09,92208600000000.00000,92208600000000.00000,"指数2015=100(OECD,停2017)",M,M2_FRED_SA,FRED(OECD转载BOJ),VALIDATED_MIRROR,,,2026-09-05,LATEST_HISTORY_PROXY,PROXY,CURRENT_HISTORY_ONLY_NO_VINTAGE,false,true,true
1973-10-31,1973-10,92944200000000.00000,92944200000000.00000,"指数2015=100(OECD,停2017)",M,M2_FRED_SA,FRED(OECD转载BOJ),VALIDATED_MIRROR,,,2026-09-05,LATEST_HISTORY_PROXY,PROXY,CURRENT_HISTORY_ONLY_NO_VINTAGE,false,true,true
1973-11-30,1973-11,93659100000000.00000,93659100000000.00000,"指数2015=100(OECD,停2017)",M,M2_FRED_SA,FRED(OECD转载BOJ),VALIDATED_MIRROR,,,2026-09-05,LATEST_HISTORY_PROXY,PROXY,CURRENT_HISTORY_ONLY_NO_VINTAGE,false,true,true
1973-12-31,1973-12,94198300000000.00000,94198300000000.00000,"指数2015=100(OECD,停2017)",M,M2_FRED_SA,FRED(OECD转载BOJ),VALIDATED_MIRROR,,,2026-09-05,LATEST_HISTORY_PROXY,PROXY,CURRENT_HISTORY_ONLY_NO_VINTAGE,false,true,true
1974-01-31,1974-01,95100300000000,95100300000000,"指数2015=100(OECD,停2017)",M,M2_FRED_SA,FRED(OECD转载BOJ),VALIDATED_MIRROR,,,2026-09-05,LATEST_HISTORY_PROXY,PROXY,CURRENT_HISTORY_ONLY_NO_VINTAGE,false,true,true
1974-02-28,1974-02,96189100000000.00000,96189100000000.00000,"指数2015=100(OECD,停2017)",M,M2_FRED_SA,FRED(OECD转载BOJ),VALIDATED_MIRROR,,,2026-09-05,LATEST_HISTORY_PROXY,PROXY,CURRENT_HISTORY_ONLY_NO_VINTAGE,false,true,true
1974-03-31,1974-03,96738000000000.0000,96738000000000.0000,"指数2015=100(OECD,停2017)",M,M2_FRED_SA,FRED(OECD转载BOJ),VALIDATED_MIRROR,,,2026-09-05,LATEST_HISTORY_PROXY,PROXY,CURRENT_HISTORY_ONLY_NO_VINTAGE,false,true,true
1974-04-30,1974-04,97575500000000.00000,97575500000000.00000,"指数2015=100(OECD,停2017)",M,M2_FRED_SA,FRED(OECD转载BOJ),VALIDATED_MIRROR,,,2026-09-05,LATEST_HISTORY_PROXY,PROXY,CURRENT_HISTORY_ONLY_NO_VINTAGE,false,true,true
1974-05-31,1974-05,98591800000000.00000,98591800000000.00000,"指数2015=100(OECD,停2017)",M,M2_FRED_SA,FRED(OECD转载BOJ),VALIDATED_MIRROR,,,2026-09-05,LATEST_HISTORY_PROXY,PROXY,CURRENT_HISTORY_ONLY_NO_VINTAGE,false,true,true
1974-06-30,1974-06,99517400000000.00000,99517400000000.00000,"指数2015=100(OECD,停2017)",M,M2_FRED_SA,FRED(OECD转载BOJ),VALIDATED_MIRROR,,,2026-09-05,LATEST_HISTORY_PROXY,PROXY,CURRENT_HISTORY_ONLY_NO_VINTAGE,false,true,true
1974-07-31,1974-07,100325500000000.000000,100325500000000.000000,"指数2015=100(OECD,停2017)",M,M2_FRED_SA,FRED(OECD转载BOJ),VALIDATED_MIRROR,,,2026-09-05,LATEST_HISTORY_PROXY,PROXY,CURRENT_HISTORY_ONLY_NO_VINTAGE,false,true,true
1974-08-31,1974-08,101267200000000.000000,101267200000000.000000,"指数2015=100(OECD,停2017)",M,M2_FRED_SA,FRED(OECD转载BOJ),VALIDATED_MIRROR,,,2026-09-05,LATEST_HISTORY_PROXY,PROXY,CURRENT_HISTORY_ONLY_NO_VINTAGE,false,true,true
1974-09-30,1974-09,102026000000000.00000,102026000000000.00000,"指数2015=100(OECD,停2017)",M,M2_FRED_SA,FRED(OECD转载BOJ),VALIDATED_MIRROR,,,2026-09-05,LATEST_HISTORY_PROXY,PROXY,CURRENT_HISTORY_ONLY_NO_VINTAGE,false,true,true
1974-10-31,1974-10,102931200000000.000000,102931200000000.000000,"指数2015=100(OECD,停2017)",M,M2_FRED_SA,FRED(OECD转载BOJ),VALIDATED_MIRROR,,,2026-09-05,LATEST_HISTORY_PROXY,PROXY,CURRENT_HISTORY_ONLY_NO_VINTAGE,false,true,true
1974-11-30,1974-11,104258700000000.000000,104258700000000.000000,"指数2015=100(OECD,停2017)",M,M2_FRED_SA,FRED(OECD转载BOJ),VALIDATED_MIRROR,,,2026-09-05,LATEST_HISTORY_PROXY,PROXY,CURRENT_HISTORY_ONLY_NO_VINTAGE,false,true,true
1974-12-31,1974-12,105333800000000.000000,105333800000000.000000,"指数2015=100(OECD,停2017)",M,M2_FRED_SA,FRED(OECD转载BOJ),VALIDATED_MIRROR,,,2026-09-05,LATEST_HISTORY_PROXY,PROXY,CURRENT_HISTORY_ONLY_NO_VINTAGE,false,true,true
1975-01-31,1975-01,106435900000000,106435900000000,"指数2015=100(OECD,停2017)",M,M2_FRED_SA,FRED(OECD转载BOJ),VALIDATED_MIRROR,,,2026-09-05,LATEST_HISTORY_PROXY,PROXY,CURRENT_HISTORY_ONLY_NO_VINTAGE,false,true,true
1975-02-28,1975-02,107569400000000.000000,107569400000000.000000,"指数2015=100(OECD,停2017)",M,M2_FRED_SA,FRED(OECD转载BOJ),VALIDATED_MIRROR,,,2026-09-05,LATEST_HISTORY_PROXY,PROXY,CURRENT_HISTORY_ONLY_NO_VINTAGE,false,true,true
1975-03-31,1975-03,108558200000000.000000,108558200000000.000000,"指数2015=100(OECD,停2017)",M,M2_FRED_SA,FRED(OECD转载BOJ),VALIDATED_MIRROR,,,2026-09-05,LATEST_HISTORY_PROXY,PROXY,CURRENT_HISTORY_ONLY_NO_VINTAGE,false,true,true
1975-04-30,1975-04,110091500000000.000000,110091500000000.000000,"指数2015=100(OECD,停2017)",M,M2_FRED_SA,FRED(OECD转载BOJ),VALIDATED_MIRROR,,,2026-09-05,LATEST_HISTORY_PROXY,PROXY,CURRENT_HISTORY_ONLY_NO_VINTAGE,false,true,true
1975-05-31,1975-05,110997400000000.000000,110997400000000.000000,"指数2015=100(OECD,停2017)",M,M2_FRED_SA,FRED(OECD转载BOJ),VALIDATED_MIRROR,,,2026-09-05,LATEST_HISTORY_PROXY,PROXY,CURRENT_HISTORY_ONLY_NO_VINTAGE,false,true,true
1975-06-30,1975-06,111815400000000.000000,111815400000000.000000,"指数2015=100(OECD,停2017)",M,M2_FRED_SA,FRED(OECD转载BOJ),VALIDATED_MIRROR,,,2026-09-05,LATEST_HISTORY_PROXY,PROXY,CURRENT_HISTORY_ONLY_NO_VINTAGE,false,true,true
1975-07-31,1975-07,113417000000000.00000,113417000000000.00000,"指数2015=100(OECD,停2017)",M,M2_FRED_SA,FRED(OECD转载BOJ),VALIDATED_MIRROR,,,2026-09-05,LATEST_HISTORY_PROXY,PROXY,CURRENT_HISTORY_ONLY_NO_VINTAGE,false,true,true
1975-08-31,1975-08,114888300000000.000000,114888300000000.000000,"指数2015=100(OECD,停2017)",M,M2_FRED_SA,FRED(OECD转载BOJ),VALIDATED_MIRROR,,,2026-09-05,LATEST_HISTORY_PROXY,PROXY,CURRENT_HISTORY_ONLY_NO_VINTAGE,false,true,true
1975-09-30,1975-09,116093100000000.000000,116093100000000.000000,"指数2015=100(OECD,停2017)",M,M2_FRED_SA,FRED(OECD转载BOJ),VALIDATED_MIRROR,,,2026-09-05,LATEST_HISTORY_PROXY,PROXY,CURRENT_HISTORY_ONLY_NO_VINTAGE,false,true,true
1975-10-31,1975-10,117579100000000.000000,117579100000000.000000,"指数2015=100(OECD,停2017)",M,M2_FRED_SA,FRED(OECD转载BOJ),VALIDATED_MIRROR,,,2026-09-05,LATEST_HISTORY_PROXY,PROXY,CURRENT_HISTORY_ONLY_NO_VINTAGE,false,true,true
1975-11-30,1975-11,118907600000000.000000,118907600000000.000000,"指数2015=100(OECD,停2017)",M,M2_FRED_SA,FRED(OECD转载BOJ),VALIDATED_MIRROR,,,2026-09-05,LATEST_HISTORY_PROXY,PROXY,CURRENT_HISTORY_ONLY_NO_VINTAGE,false,true,true
1975-12-31,1975-12,120624800000000,120624800000000,"指数2015=100(OECD,停2017)",M,M2_FRED_SA,FRED(OECD转载BOJ),VALIDATED_MIRROR,,,2026-09-05,LATEST_HISTORY_PROXY,PROXY,CURRENT_HISTORY_ONLY_NO_VINTAGE,false,true,true
1976-01-31,1976-01,122407100000000,122407100000000,"指数2015=100(OECD,停2017)",M,M2_FRED_SA,FRED(OECD转载BOJ),VALIDATED_MIRROR,,,2026-09-05,LATEST_HISTORY_PROXY,PROXY,CURRENT_HISTORY_ONLY_NO_VINTAGE,false,true,true
1976-02-29,1976-02,124028800000000.000000,124028800000000.000000,"指数2015=100(OECD,停2017)",M,M2_FRED_SA,FRED(OECD转载BOJ),VALIDATED_MIRROR,,,2026-09-05,LATEST_HISTORY_PROXY,PROXY,CURRENT_HISTORY_ONLY_NO_VINTAGE,false,true,true
1976-03-31,1976-03,125510200000000.000000,125510200000000.000000,"指数2015=100(OECD,停2017)",M,M2_FRED_SA,FRED(OECD转载BOJ),VALIDATED_MIRROR,,,2026-09-05,LATEST_HISTORY_PROXY,PROXY,CURRENT_HISTORY_ONLY_NO_VINTAGE,false,true,true
1976-04-30,1976-04,126842500000000.000000,126842500000000.000000,"指数2015=100(OECD,停2017)",M,M2_FRED_SA,FRED(OECD转载BOJ),VALIDATED_MIRROR,,,2026-09-05,LATEST_HISTORY_PROXY,PROXY,CURRENT_HISTORY_ONLY_NO_VINTAGE,false,true,true
1976-05-31,1976-05,128298800000000.000000,128298800000000.000000,"指数2015=100(OECD,停2017)",M,M2_FRED_SA,FRED(OECD转载BOJ),VALIDATED_MIRROR,,,2026-09-05,LATEST_HISTORY_PROXY,PROXY,CURRENT_HISTORY_ONLY_NO_VINTAGE,false,true,true
1976-06-30,1976-06,129871500000000.000000,129871500000000.000000,"指数2015=100(OECD,停2017)",M,M2_FRED_SA,FRED(OECD转载BOJ),VALIDATED_MIRROR,,,2026-09-05,LATEST_HISTORY_PROXY,PROXY,CURRENT_HISTORY_ONLY_NO_VINTAGE,false,true,true
1976-07-31,1976-07,130944300000000,130944300000000,"指数2015=100(OECD,停2017)",M,M2_FRED_SA,FRED(OECD转载BOJ),VALIDATED_MIRROR,,,2026-09-05,LATEST_HISTORY_PROXY,PROXY,CURRENT_HISTORY_ONLY_NO_VINTAGE,false,true,true
1976-08-31,1976-08,132227400000000.000000,132227400000000.000000,"指数2015=100(OECD,停2017)",M,M2_FRED_SA,FRED(OECD转载BOJ),VALIDATED_MIRROR,,,2026-09-05,LATEST_HISTORY_PROXY,PROXY,CURRENT_HISTORY_ONLY_NO_VINTAGE,false,true,true
1976-09-30,1976-09,133479500000000.000000,133479500000000.000000,"指数2015=100(OECD,停2017)",M,M2_FRED_SA,FRED(OECD转载BOJ),VALIDATED_MIRROR,,,2026-09-05,LATEST_HISTORY_PROXY,PROXY,CURRENT_HISTORY_ONLY_NO_VINTAGE,false,true,true
1976-10-31,1976-10,135006300000000.000000,135006300000000.000000,"指数2015=100(OECD,停2017)",M,M2_FRED_SA,FRED(OECD转载BOJ),VALIDATED_MIRROR,,,2026-09-05,LATEST_HISTORY_PROXY,PROXY,CURRENT_HISTORY_ONLY_NO_VINTAGE,false,true,true
1976-11-30,1976-11,136005500000000.000000,136005500000000.000000,"指数2015=100(OECD,停2017)",M,M2_FRED_SA,FRED(OECD转载BOJ),VALIDATED_MIRROR,,,2026-09-05,LATEST_HISTORY_PROXY,PROXY,CURRENT_HISTORY_ONLY_NO_VINTAGE,false,true,true
1976-12-31,1976-12,137331400000000.000000,137331400000000.000000,"指数2015=100(OECD,停2017)",M,M2_FRED_SA,FRED(OECD转载BOJ),VALIDATED_MIRROR,,,2026-09-05,LATEST_HISTORY_PROXY,PROXY,CURRENT_HISTORY_ONLY_NO_VINTAGE,false,true,true
1977-01-31,1977-01,138517500000000,138517500000000,"指数2015=100(OECD,停2017)",M,M2_FRED_SA,FRED(OECD转载BOJ),VALIDATED_MIRROR,,,2026-09-05,LATEST_HISTORY_PROXY,PROXY,CURRENT_HISTORY_ONLY_NO_VINTAGE,false,true,true
1977-02-28,1977-02,139610300000000.000000,139610300000000.000000,"指数2015=100(OECD,停2017)",M,M2_FRED_SA,FRED(OECD转载BOJ),VALIDATED_MIRROR,,,2026-09-05,LATEST_HISTORY_PROXY,PROXY,CURRENT_HISTORY_ONLY_NO_VINTAGE,false,true,true
1977-03-31,1977-03,140772200000000.000000,140772200000000.000000,"指数2015=100(OECD,停2017)",M,M2_FRED_SA,FRED(OECD转载BOJ),VALIDATED_MIRROR,,,2026-09-05,LATEST_HISTORY_PROXY,PROXY,CURRENT_HISTORY_ONLY_NO_VINTAGE,false,true,true
1977-04-30,1977-04,141375400000000.000000,141375400000000.000000,"指数2015=100(OECD,停2017)",M,M2_FRED_SA,FRED(OECD转载BOJ),VALIDATED_MIRROR,,,2026-09-05,LATEST_HISTORY_PROXY,PROXY,CURRENT_HISTORY_ONLY_NO_VINTAGE,false,true,true
1977-05-31,1977-05,142709000000000.00000,142709000000000.00000,"指数2015=100(OECD,停2017)",M,M2_FRED_SA,FRED(OECD转载BOJ),VALIDATED_MIRROR,,,2026-09-05,LATEST_HISTORY_PROXY,PROXY,CURRENT_HISTORY_ONLY_NO_VINTAGE,false,true,true
1977-06-30,1977-06,144079400000000.000000,144079400000000.000000,"指数2015=100(OECD,停2017)",M,M2_FRED_SA,FRED(OECD转载BOJ),VALIDATED_MIRROR,,,2026-09-05,LATEST_HISTORY_PROXY,PROXY,CURRENT_HISTORY_ONLY_NO_VINTAGE,false,true,true
1977-07-31,1977-07,145472900000000.000000,145472900000000.000000,"指数2015=100(OECD,停2017)",M,M2_FRED_SA,FRED(OECD转载BOJ),VALIDATED_MIRROR,,,2026-09-05,LATEST_HISTORY_PROXY,PROXY,CURRENT_HISTORY_ONLY_NO_VINTAGE,false,true,true
1977-08-31,1977-08,146574400000000.000000,146574400000000.000000,"指数2015=100(OECD,停2017)",M,M2_FRED_SA,FRED(OECD转载BOJ),VALIDATED_MIRROR,,,2026-09-05,LATEST_HISTORY_PROXY,PROXY,CURRENT_HISTORY_ONLY_NO_VINTAGE,false,true,true
1977-09-30,1977-09,148408000000000,148408000000000,"指数2015=100(OECD,停2017)",M,M2_FRED_SA,FRED(OECD转载BOJ),VALIDATED_MIRROR,,,2026-09-05,LATEST_HISTORY_PROXY,PROXY,CURRENT_HISTORY_ONLY_NO_VINTAGE,false,true,true
1977-10-31,1977-10,149344800000000.000000,149344800000000.000000,"指数2015=100(OECD,停2017)",M,M2_FRED_SA,FRED(OECD转载BOJ),VALIDATED_MIRROR,,,2026-09-05,LATEST_HISTORY_PROXY,PROXY,CURRENT_HISTORY_ONLY_NO_VINTAGE,false,true,true
1977-11-30,1977-11,150735200000000.000000,150735200000000.000000,"指数2015=100(OECD,停2017)",M,M2_FRED_SA,FRED(OECD转载BOJ),VALIDATED_MIRROR,,,2026-09-05,LATEST_HISTORY_PROXY,PROXY,CURRENT_HISTORY_ONLY_NO_VINTAGE,false,true,true
1977-12-31,1977-12,152059900000000.000000,152059900000000.000000,"指数2015=100(OECD,停2017)",M,M2_FRED_SA,FRED(OECD转载BOJ),VALIDATED_MIRROR,,,2026-09-05,LATEST_HISTORY_PROXY,PROXY,CURRENT_HISTORY_ONLY_NO_VINTAGE,false,true,true
1978-01-31,1978-01,153366100000000.000000,153366100000000.000000,"指数2015=100(OECD,停2017)",M,M2_FRED_SA,FRED(OECD转载BOJ),VALIDATED_MIRROR,,,2026-09-05,LATEST_HISTORY_PROXY,PROXY,CURRENT_HISTORY_ONLY_NO_VINTAGE,false,true,true
1978-02-28,1978-02,154724400000000.000000,154724400000000.000000,"指数2015=100(OECD,停2017)",M,M2_FRED_SA,FRED(OECD转载BOJ),VALIDATED_MIRROR,,,2026-09-05,LATEST_HISTORY_PROXY,PROXY,CURRENT_HISTORY_ONLY_NO_VINTAGE,false,true,true
1978-03-31,1978-03,156366400000000.000000,156366400000000.000000,"指数2015=100(OECD,停2017)",M,M2_FRED_SA,FRED(OECD转载BOJ),VALIDATED_MIRROR,,,2026-09-05,LATEST_HISTORY_PROXY,PROXY,CURRENT_HISTORY_ONLY_NO_VINTAGE,false,true,true
1978-04-30,1978-04,158114600000000.000000,158114600000000.000000,"指数2015=100(OECD,停2017)",M,M2_FRED_SA,FRED(OECD转载BOJ),VALIDATED_MIRROR,,,2026-09-05,LATEST_HISTORY_PROXY,PROXY,CURRENT_HISTORY_ONLY_NO_VINTAGE,false,true,true
1978-05-31,1978-05,159086000000000.00000,159086000000000.00000,"指数2015=100(OECD,停2017)",M,M2_FRED_SA,FRED(OECD转载BOJ),VALIDATED_MIRROR,,,2026-09-05,LATEST_HISTORY_PROXY,PROXY,CURRENT_HISTORY_ONLY_NO_VINTAGE,false,true,true
1978-06-30,1978-06,161314400000000.000000,161314400000000.000000,"指数2015=100(OECD,停2017)",M,M2_FRED_SA,FRED(OECD转载BOJ),VALIDATED_MIRROR,,,2026-09-05,LATEST_HISTORY_PROXY,PROXY,CURRENT_HISTORY_ONLY_NO_VINTAGE,false,true,true
1978-07-31,1978-07,162919600000000.000000,162919600000000.000000,"指数2015=100(OECD,停2017)",M,M2_FRED_SA,FRED(OECD转载BOJ),VALIDATED_MIRROR,,,2026-09-05,LATEST_HISTORY_PROXY,PROXY,CURRENT_HISTORY_ONLY_NO_VINTAGE,false,true,true
1978-08-31,1978-08,164534900000000.000000,164534900000000.000000,"指数2015=100(OECD,停2017)",M,M2_FRED_SA,FRED(OECD转载BOJ),VALIDATED_MIRROR,,,2026-09-05,LATEST_HISTORY_PROXY,PROXY,CURRENT_HISTORY_ONLY_NO_VINTAGE,false,true,true
1978-09-30,1978-09,166177700000000.000000,166177700000000.000000,"指数2015=100(OECD,停2017)",M,M2_FRED_SA,FRED(OECD转载BOJ),VALIDATED_MIRROR,,,2026-09-05,LATEST_HISTORY_PROXY,PROXY,CURRENT_HISTORY_ONLY_NO_VINTAGE,false,true,true
1978-10-31,1978-10,167527800000000.000000,167527800000000.000000,"指数2015=100(OECD,停2017)",M,M2_FRED_SA,FRED(OECD转载BOJ),VALIDATED_MIRROR,,,2026-09-05,LATEST_HISTORY_PROXY,PROXY,CURRENT_HISTORY_ONLY_NO_VINTAGE,false,true,true
1978-11-30,1978-11,169247000000000.00000,169247000000000.00000,"指数2015=100(OECD,停2017)",M,M2_FRED_SA,FRED(OECD转载BOJ),VALIDATED_MIRROR,,,2026-09-05,LATEST_HISTORY_PROXY,PROXY,CURRENT_HISTORY_ONLY_NO_VINTAGE,false,true,true
1978-12-31,1978-12,170654400000000.000000,170654400000000.000000,"指数2015=100(OECD,停2017)",M,M2_FRED_SA,FRED(OECD转载BOJ),VALIDATED_MIRROR,,,2026-09-05,LATEST_HISTORY_PROXY,PROXY,CURRENT_HISTORY_ONLY_NO_VINTAGE,false,true,true
1979-01-31,1979-01,172443800000000,172443800000000,"指数2015=100(OECD,停2017)",M,M2_FRED_SA,FRED(OECD转载BOJ),VALIDATED_MIRROR,,,2026-09-05,LATEST_HISTORY_PROXY,PROXY,CURRENT_HISTORY_ONLY_NO_VINTAGE,false,true,true
1979-02-28,1979-02,173871500000000.000000,173871500000000.000000,"指数2015=100(OECD,停2017)",M,M2_FRED_SA,FRED(OECD转载BOJ),VALIDATED_MIRROR,,,2026-09-05,LATEST_HISTORY_PROXY,PROXY,CURRENT_HISTORY_ONLY_NO_VINTAGE,false,true,true
1979-03-31,1979-03,175498300000000.000000,175498300000000.000000,"指数2015=100(OECD,停2017)",M,M2_FRED_SA,FRED(OECD转载BOJ),VALIDATED_MIRROR,,,2026-09-05,LATEST_HISTORY_PROXY,PROXY,CURRENT_HISTORY_ONLY_NO_VINTAGE,false,true,true
1979-04-30,1979-04,177295000000000.00000,177295000000000.00000,"指数2015=100(OECD,停2017)",M,M2_FRED_SA,FRED(OECD转载BOJ),VALIDATED_MIRROR,,,2026-09-05,LATEST_HISTORY_PROXY,PROXY,CURRENT_HISTORY_ONLY_NO_VINTAGE,false,true,true
1979-05-31,1979-05,179386300000000.000000,179386300000000.000000,"指数2015=100(OECD,停2017)",M,M2_FRED_SA,FRED(OECD转载BOJ),VALIDATED_MIRROR,,,2026-09-05,LATEST_HISTORY_PROXY,PROXY,CURRENT_HISTORY_ONLY_NO_VINTAGE,false,true,true
1979-06-30,1979-06,180412200000000.000000,180412200000000.000000,"指数2015=100(OECD,停2017)",M,M2_FRED_SA,FRED(OECD转载BOJ),VALIDATED_MIRROR,,,2026-09-05,LATEST_HISTORY_PROXY,PROXY,CURRENT_HISTORY_ONLY_NO_VINTAGE,false,true,true
1979-07-31,1979-07,182231500000000.000000,182231500000000.000000,"指数2015=100(OECD,停2017)",M,M2_FRED_SA,FRED(OECD转载BOJ),VALIDATED_MIRROR,,,2026-09-05,LATEST_HISTORY_PROXY,PROXY,CURRENT_HISTORY_ONLY_NO_VINTAGE,false,true,true
1979-08-31,1979-08,183932000000000.00000,183932000000000.00000,"指数2015=100(OECD,停2017)",M,M2_FRED_SA,FRED(OECD转载BOJ),VALIDATED_MIRROR,,,2026-09-05,LATEST_HISTORY_PROXY,PROXY,CURRENT_HISTORY_ONLY_NO_VINTAGE,false,true,true
1979-09-30,1979-09,185166700000000.000000,185166700000000.000000,"指数2015=100(OECD,停2017)",M,M2_FRED_SA,FRED(OECD转载BOJ),VALIDATED_MIRROR,,,2026-09-05,LATEST_HISTORY_PROXY,PROXY,CURRENT_HISTORY_ONLY_NO_VINTAGE,false,true,true
1979-10-31,1979-10,186748200000000.000000,186748200000000.000000,"指数2015=100(OECD,停2017)",M,M2_FRED_SA,FRED(OECD转载BOJ),VALIDATED_MIRROR,,,2026-09-05,LATEST_HISTORY_PROXY,PROXY,CURRENT_HISTORY_ONLY_NO_VINTAGE,false,true,true
1979-11-30,1979-11,188027100000000.000000,188027100000000.000000,"指数2015=100(OECD,停2017)",M,M2_FRED_SA,FRED(OECD转载BOJ),VALIDATED_MIRROR,,,2026-09-05,LATEST_HISTORY_PROXY,PROXY,CURRENT_HISTORY_ONLY_NO_VINTAGE,false,true,true
1979-12-31,1979-12,189493300000000,189493300000000,"指数2015=100(OECD,停2017)",M,M2_FRED_SA,FRED(OECD转载BOJ),VALIDATED_MIRROR,,,2026-09-05,LATEST_HISTORY_PROXY,PROXY,CURRENT_HISTORY_ONLY_NO_VINTAGE,false,true,true
1980-01-31,1980-01,190905100000000,190905100000000,"指数2015=100(OECD,停2017)",M,M2_FRED_SA,FRED(OECD转载BOJ),VALIDATED_MIRROR,,,2026-09-05,LATEST_HISTORY_PROXY,PROXY,CURRENT_HISTORY_ONLY_NO_VINTAGE,false,true,true
1980-02-29,1980-02,192568400000000,192568400000000,"指数2015=100(OECD,停2017)",M,M2_FRED_SA,FRED(OECD转载BOJ),VALIDATED_MIRROR,,,2026-09-05,LATEST_HISTORY_PROXY,PROXY,CURRENT_HISTORY_ONLY_NO_VINTAGE,false,true,true
1980-03-31,1980-03,193990100000000,193990100000000,"指数2015=100(OECD,停2017)",M,M2_FRED_SA,FRED(OECD转载BOJ),VALIDATED_MIRROR,,,2026-09-05,LATEST_HISTORY_PROXY,PROXY,CURRENT_HISTORY_ONLY_NO_VINTAGE,false,true,true
1980-04-30,1980-04,195676200000000,195676200000000,"指数2015=100(OECD,停2017)",M,M2_FRED_SA,FRED(OECD转载BOJ),VALIDATED_MIRROR,,,2026-09-05,LATEST_HISTORY_PROXY,PROXY,CURRENT_HISTORY_ONLY_NO_VINTAGE,false,true,true
1980-05-31,1980-05,197865300000000,197865300000000,"指数2015=100(OECD,停2017)",M,M2_FRED_SA,FRED(OECD转载BOJ),VALIDATED_MIRROR,,,2026-09-05,LATEST_HISTORY_PROXY,PROXY,CURRENT_HISTORY_ONLY_NO_VINTAGE,false,true,true
1980-06-30,1980-06,197777700000000,197777700000000,"指数2015=100(OECD,停2017)",M,M2_FRED_SA,FRED(OECD转载BOJ),VALIDATED_MIRROR,,,2026-09-05,LATEST_HISTORY_PROXY,PROXY,CURRENT_HISTORY_ONLY_NO_VINTAGE,false,true,true
1980-07-31,1980-07,198323900000000,198323900000000,"指数2015=100(OECD,停2017)",M,M2_FRED_SA,FRED(OECD转载BOJ),VALIDATED_MIRROR,,,2026-09-05,LATEST_HISTORY_PROXY,PROXY,CURRENT_HISTORY_ONLY_NO_VINTAGE,false,true,true
1980-08-31,1980-08,199090600000000,199090600000000,"指数2015=100(OECD,停2017)",M,M2_FRED_SA,FRED(OECD转载BOJ),VALIDATED_MIRROR,,,2026-09-05,LATEST_HISTORY_PROXY,PROXY,CURRENT_HISTORY_ONLY_NO_VINTAGE,false,true,true
1980-09-30,1980-09,200078200000000,200078200000000,"指数2015=100(OECD,停2017)",M,M2_FRED_SA,FRED(OECD转载BOJ),VALIDATED_MIRROR,,,2026-09-05,LATEST_HISTORY_PROXY,PROXY,CURRENT_HISTORY_ONLY_NO_VINTAGE,false,true,true
1980-10-31,1980-10,200971900000000,200971900000000,"指数2015=100(OECD,停2017)",M,M2_FRED_SA,FRED(OECD转载BOJ),VALIDATED_MIRROR,,,2026-09-05,LATEST_HISTORY_PROXY,PROXY,CURRENT_HISTORY_ONLY_NO_VINTAGE,false,true,true
1980-11-30,1980-11,202801700000000,202801700000000,"指数2015=100(OECD,停2017)",M,M2_FRED_SA,FRED(OECD转载BOJ),VALIDATED_MIRROR,,,2026-09-05,LATEST_HISTORY_PROXY,PROXY,CURRENT_HISTORY_ONLY_NO_VINTAGE,false,true,true
1980-12-31,1980-12,204259200000000,204259200000000,"指数2015=100(OECD,停2017)",M,M2_FRED_SA,FRED(OECD转载BOJ),VALIDATED_MIRROR,,,2026-09-05,LATEST_HISTORY_PROXY,PROXY,CURRENT_HISTORY_ONLY_NO_VINTAGE,false,true,true
1981-01-31,1981-01,205207100000000,205207100000000,"指数2015=100(OECD,停2017)",M,M2_FRED_SA,FRED(OECD转载BOJ),VALIDATED_MIRROR,,,2026-09-05,LATEST_HISTORY_PROXY,PROXY,CURRENT_HISTORY_ONLY_NO_VINTAGE,false,true,true
1981-02-28,1981-02,207027700000000,207027700000000,"指数2015=100(OECD,停2017)",M,M2_FRED_SA,FRED(OECD转载BOJ),VALIDATED_MIRROR,,,2026-09-05,LATEST_HISTORY_PROXY,PROXY,CURRENT_HISTORY_ONLY_NO_VINTAGE,false,true,true
1981-03-31,1981-03,208634700000000,208634700000000,"指数2015=100(OECD,停2017)",M,M2_FRED_SA,FRED(OECD转载BOJ),VALIDATED_MIRROR,,,2026-09-05,LATEST_HISTORY_PROXY,PROXY,CURRENT_HISTORY_ONLY_NO_VINTAGE,false,true,true
1981-04-30,1981-04,211247100000000,211247100000000,"指数2015=100(OECD,停2017)",M,M2_FRED_SA,FRED(OECD转载BOJ),VALIDATED_MIRROR,,,2026-09-05,LATEST_HISTORY_PROXY,PROXY,CURRENT_HISTORY_ONLY_NO_VINTAGE,false,true,true
1981-05-31,1981-05,212652400000000,212652400000000,"指数2015=100(OECD,停2017)",M,M2_FRED_SA,FRED(OECD转载BOJ),VALIDATED_MIRROR,,,2026-09-05,LATEST_HISTORY_PROXY,PROXY,CURRENT_HISTORY_ONLY_NO_VINTAGE,false,true,true
1981-06-30,1981-06,214464700000000,214464700000000,"指数2015=100(OECD,停2017)",M,M2_FRED_SA,FRED(OECD转载BOJ),VALIDATED_MIRROR,,,2026-09-05,LATEST_HISTORY_PROXY,PROXY,CURRENT_HISTORY_ONLY_NO_VINTAGE,false,true,true
1981-07-31,1981-07,216281300000000,216281300000000,"指数2015=100(OECD,停2017)",M,M2_FRED_SA,FRED(OECD转载BOJ),VALIDATED_MIRROR,,,2026-09-05,LATEST_HISTORY_PROXY,PROXY,CURRENT_HISTORY_ONLY_NO_VINTAGE,false,true,true
1981-08-31,1981-08,218332500000000,218332500000000,"指数2015=100(OECD,停2017)",M,M2_FRED_SA,FRED(OECD转载BOJ),VALIDATED_MIRROR,,,2026-09-05,LATEST_HISTORY_PROXY,PROXY,CURRENT_HISTORY_ONLY_NO_VINTAGE,false,true,true
1981-09-30,1981-09,220225200000000,220225200000000,"指数2015=100(OECD,停2017)",M,M2_FRED_SA,FRED(OECD转载BOJ),VALIDATED_MIRROR,,,2026-09-05,LATEST_HISTORY_PROXY,PROXY,CURRENT_HISTORY_ONLY_NO_VINTAGE,false,true,true
1981-10-31,1981-10,222456600000000,222456600000000,"指数2015=100(OECD,停2017)",M,M2_FRED_SA,FRED(OECD转载BOJ),VALIDATED_MIRROR,,,2026-09-05,LATEST_HISTORY_PROXY,PROXY,CURRENT_HISTORY_ONLY_NO_VINTAGE,false,true,true
1981-11-30,1981-11,224047800000000,224047800000000,"指数2015=100(OECD,停2017)",M,M2_FRED_SA,FRED(OECD转载BOJ),VALIDATED_MIRROR,,,2026-09-05,LATEST_HISTORY_PROXY,PROXY,CURRENT_HISTORY_ONLY_NO_VINTAGE,false,true,true
1981-12-31,1981-12,225598100000000,225598100000000,"指数2015=100(OECD,停2017)",M,M2_FRED_SA,FRED(OECD转载BOJ),VALIDATED_MIRROR,,,2026-09-05,LATEST_HISTORY_PROXY,PROXY,CURRENT_HISTORY_ONLY_NO_VINTAGE,false,true,true
1982-01-31,1982-01,227194200000000,227194200000000,"指数2015=100(OECD,停2017)",M,M2_FRED_SA,FRED(OECD转载BOJ),VALIDATED_MIRROR,,,2026-09-05,LATEST_HISTORY_PROXY,PROXY,CURRENT_HISTORY_ONLY_NO_VINTAGE,false,true,true
1982-02-28,1982-02,228812300000000,228812300000000,"指数2015=100(OECD,停2017)",M,M2_FRED_SA,FRED(OECD转载BOJ),VALIDATED_MIRROR,,,2026-09-05,LATEST_HISTORY_PROXY,PROXY,CURRENT_HISTORY_ONLY_NO_VINTAGE,false,true,true
1982-03-31,1982-03,230140500000000,230140500000000,"指数2015=100(OECD,停2017)",M,M2_FRED_SA,FRED(OECD转载BOJ),VALIDATED_MIRROR,,,2026-09-05,LATEST_HISTORY_PROXY,PROXY,CURRENT_HISTORY_ONLY_NO_VINTAGE,false,true,true
1982-04-30,1982-04,231161500000000,231161500000000,"指数2015=100(OECD,停2017)",M,M2_FRED_SA,FRED(OECD转载BOJ),VALIDATED_MIRROR,,,2026-09-05,LATEST_HISTORY_PROXY,PROXY,CURRENT_HISTORY_ONLY_NO_VINTAGE,false,true,true
1982-05-31,1982-05,232758700000000,232758700000000,"指数2015=100(OECD,停2017)",M,M2_FRED_SA,FRED(OECD转载BOJ),VALIDATED_MIRROR,,,2026-09-05,LATEST_HISTORY_PROXY,PROXY,CURRENT_HISTORY_ONLY_NO_VINTAGE,false,true,true
1982-06-30,1982-06,233650200000000,233650200000000,"指数2015=100(OECD,停2017)",M,M2_FRED_SA,FRED(OECD转载BOJ),VALIDATED_MIRROR,,,2026-09-05,LATEST_HISTORY_PROXY,PROXY,CURRENT_HISTORY_ONLY_NO_VINTAGE,false,true,true
1982-07-31,1982-07,236420200000000,236420200000000,"指数2015=100(OECD,停2017)",M,M2_FRED_SA,FRED(OECD转载BOJ),VALIDATED_MIRROR,,,2026-09-05,LATEST_HISTORY_PROXY,PROXY,CURRENT_HISTORY_ONLY_NO_VINTAGE,false,true,true
1982-08-31,1982-08,238132900000000,238132900000000,"指数2015=100(OECD,停2017)",M,M2_FRED_SA,FRED(OECD转载BOJ),VALIDATED_MIRROR,,,2026-09-05,LATEST_HISTORY_PROXY,PROXY,CURRENT_HISTORY_ONLY_NO_VINTAGE,false,true,true
1982-09-30,1982-09,239465700000000,239465700000000,"指数2015=100(OECD,停2017)",M,M2_FRED_SA,FRED(OECD转载BOJ),VALIDATED_MIRROR,,,2026-09-05,LATEST_HISTORY_PROXY,PROXY,CURRENT_HISTORY_ONLY_NO_VINTAGE,false,true,true
1982-10-31,1982-10,240897600000000,240897600000000,"指数2015=100(OECD,停2017)",M,M2_FRED_SA,FRED(OECD转载BOJ),VALIDATED_MIRROR,,,2026-09-05,LATEST_HISTORY_PROXY,PROXY,CURRENT_HISTORY_ONLY_NO_VINTAGE,false,true,true
1982-11-30,1982-11,242112800000000,242112800000000,"指数2015=100(OECD,停2017)",M,M2_FRED_SA,FRED(OECD转载BOJ),VALIDATED_MIRROR,,,2026-09-05,LATEST_HISTORY_PROXY,PROXY,CURRENT_HISTORY_ONLY_NO_VINTAGE,false,true,true
1982-12-31,1982-12,243265000000000,243265000000000,"指数2015=100(OECD,停2017)",M,M2_FRED_SA,FRED(OECD转载BOJ),VALIDATED_MIRROR,,,2026-09-05,LATEST_HISTORY_PROXY,PROXY,CURRENT_HISTORY_ONLY_NO_VINTAGE,false,true,true
1983-01-31,1983-01,244589700000000,244589700000000,"指数2015=100(OECD,停2017)",M,M2_FRED_SA,FRED(OECD转载BOJ),VALIDATED_MIRROR,,,2026-09-05,LATEST_HISTORY_PROXY,PROXY,CURRENT_HISTORY_ONLY_NO_VINTAGE,false,true,true
1983-02-28,1983-02,245716000000000,245716000000000,"指数2015=100(OECD,停2017)",M,M2_FRED_SA,FRED(OECD转载BOJ),VALIDATED_MIRROR,,,2026-09-05,LATEST_HISTORY_PROXY,PROXY,CURRENT_HISTORY_ONLY_NO_VINTAGE,false,true,true
1983-03-31,1983-03,247142200000000,247142200000000,"指数2015=100(OECD,停2017)",M,M2_FRED_SA,FRED(OECD转载BOJ),VALIDATED_MIRROR,,,2026-09-05,LATEST_HISTORY_PROXY,PROXY,CURRENT_HISTORY_ONLY_NO_VINTAGE,false,true,true
1983-04-30,1983-04,248775500000000,248775500000000,"指数2015=100(OECD,停2017)",M,M2_FRED_SA,FRED(OECD转载BOJ),VALIDATED_MIRROR,,,2026-09-05,LATEST_HISTORY_PROXY,PROXY,CURRENT_HISTORY_ONLY_NO_VINTAGE,false,true,true
1983-05-31,1983-05,250427400000000,250427400000000,"指数2015=100(OECD,停2017)",M,M2_FRED_SA,FRED(OECD转载BOJ),VALIDATED_MIRROR,,,2026-09-05,LATEST_HISTORY_PROXY,PROXY,CURRENT_HISTORY_ONLY_NO_VINTAGE,false,true,true
1983-06-30,1983-06,251953800000000,251953800000000,"指数2015=100(OECD,停2017)",M,M2_FRED_SA,FRED(OECD转载BOJ),VALIDATED_MIRROR,,,2026-09-05,LATEST_HISTORY_PROXY,PROXY,CURRENT_HISTORY_ONLY_NO_VINTAGE,false,true,true
1983-07-31,1983-07,253305200000000,253305200000000,"指数2015=100(OECD,停2017)",M,M2_FRED_SA,FRED(OECD转载BOJ),VALIDATED_MIRROR,,,2026-09-05,LATEST_HISTORY_PROXY,PROXY,CURRENT_HISTORY_ONLY_NO_VINTAGE,false,true,true
1983-08-31,1983-08,254793800000000,254793800000000,"指数2015=100(OECD,停2017)",M,M2_FRED_SA,FRED(OECD转载BOJ),VALIDATED_MIRROR,,,2026-09-05,LATEST_HISTORY_PROXY,PROXY,CURRENT_HISTORY_ONLY_NO_VINTAGE,false,true,true
1983-09-30,1983-09,256522900000000,256522900000000,"指数2015=100(OECD,停2017)",M,M2_FRED_SA,FRED(OECD转载BOJ),VALIDATED_MIRROR,,,2026-09-05,LATEST_HISTORY_PROXY,PROXY,CURRENT_HISTORY_ONLY_NO_VINTAGE,false,true,true
1983-10-31,1983-10,258214500000000,258214500000000,"指数2015=100(OECD,停2017)",M,M2_FRED_SA,FRED(OECD转载BOJ),VALIDATED_MIRROR,,,2026-09-05,LATEST_HISTORY_PROXY,PROXY,CURRENT_HISTORY_ONLY_NO_VINTAGE,false,true,true
1983-11-30,1983-11,258742300000000,258742300000000,"指数2015=100(OECD,停2017)",M,M2_FRED_SA,FRED(OECD转载BOJ),VALIDATED_MIRROR,,,2026-09-05,LATEST_HISTORY_PROXY,PROXY,CURRENT_HISTORY_ONLY_NO_VINTAGE,false,true,true
1983-12-31,1983-12,261562900000000,261562900000000,"指数2015=100(OECD,停2017)",M,M2_FRED_SA,FRED(OECD转载BOJ),VALIDATED_MIRROR,,,2026-09-05,LATEST_HISTORY_PROXY,PROXY,CURRENT_HISTORY_ONLY_NO_VINTAGE,false,true,true
1984-01-31,1984-01,263045000000000,263045000000000,"指数2015=100(OECD,停2017)",M,M2_FRED_SA,FRED(OECD转载BOJ),VALIDATED_MIRROR,,,2026-09-05,LATEST_HISTORY_PROXY,PROXY,CURRENT_HISTORY_ONLY_NO_VINTAGE,false,true,true
1984-02-29,1984-02,264816000000000,264816000000000,"指数2015=100(OECD,停2017)",M,M2_FRED_SA,FRED(OECD转载BOJ),VALIDATED_MIRROR,,,2026-09-05,LATEST_HISTORY_PROXY,PROXY,CURRENT_HISTORY_ONLY_NO_VINTAGE,false,true,true
1984-03-31,1984-03,267496800000000,267496800000000,"指数2015=100(OECD,停2017)",M,M2_FRED_SA,FRED(OECD转载BOJ),VALIDATED_MIRROR,,,2026-09-05,LATEST_HISTORY_PROXY,PROXY,CURRENT_HISTORY_ONLY_NO_VINTAGE,false,true,true
1984-04-30,1984-04,267805800000000,267805800000000,"指数2015=100(OECD,停2017)",M,M2_FRED_SA,FRED(OECD转载BOJ),VALIDATED_MIRROR,,,2026-09-05,LATEST_HISTORY_PROXY,PROXY,CURRENT_HISTORY_ONLY_NO_VINTAGE,false,true,true
1984-05-31,1984-05,269483200000000,269483200000000,"指数2015=100(OECD,停2017)",M,M2_FRED_SA,FRED(OECD转载BOJ),VALIDATED_MIRROR,,,2026-09-05,LATEST_HISTORY_PROXY,PROXY,CURRENT_HISTORY_ONLY_NO_VINTAGE,false,true,true
1984-06-30,1984-06,271177600000000,271177600000000,"指数2015=100(OECD,停2017)",M,M2_FRED_SA,FRED(OECD转载BOJ),VALIDATED_MIRROR,,,2026-09-05,LATEST_HISTORY_PROXY,PROXY,CURRENT_HISTORY_ONLY_NO_VINTAGE,false,true,true
1984-07-31,1984-07,272962100000000.000000,272962100000000.000000,"指数2015=100(OECD,停2017)",M,M2_FRED_SA,FRED(OECD转载BOJ),VALIDATED_MIRROR,,,2026-09-05,LATEST_HISTORY_PROXY,PROXY,CURRENT_HISTORY_ONLY_NO_VINTAGE,false,true,true
1984-08-31,1984-08,274712800000000.000000,274712800000000.000000,"指数2015=100(OECD,停2017)",M,M2_FRED_SA,FRED(OECD转载BOJ),VALIDATED_MIRROR,,,2026-09-05,LATEST_HISTORY_PROXY,PROXY,CURRENT_HISTORY_ONLY_NO_VINTAGE,false,true,true
1984-09-30,1984-09,276998600000000.000000,276998600000000.000000,"指数2015=100(OECD,停2017)",M,M2_FRED_SA,FRED(OECD转载BOJ),VALIDATED_MIRROR,,,2026-09-05,LATEST_HISTORY_PROXY,PROXY,CURRENT_HISTORY_ONLY_NO_VINTAGE,false,true,true
1984-10-31,1984-10,278266700000000.000000,278266700000000.000000,"指数2015=100(OECD,停2017)",M,M2_FRED_SA,FRED(OECD转载BOJ),VALIDATED_MIRROR,,,2026-09-05,LATEST_HISTORY_PROXY,PROXY,CURRENT_HISTORY_ONLY_NO_VINTAGE,false,true,true
1984-11-30,1984-11,279838300000000.000000,279838300000000.000000,"指数2015=100(OECD,停2017)",M,M2_FRED_SA,FRED(OECD转载BOJ),VALIDATED_MIRROR,,,2026-09-05,LATEST_HISTORY_PROXY,PROXY,CURRENT_HISTORY_ONLY_NO_VINTAGE,false,true,true
1984-12-31,1984-12,281830100000000,281830100000000,"指数2015=100(OECD,停2017)",M,M2_FRED_SA,FRED(OECD转载BOJ),VALIDATED_MIRROR,,,2026-09-05,LATEST_HISTORY_PROXY,PROXY,CURRENT_HISTORY_ONLY_NO_VINTAGE,false,true,true
1985-01-31,1985-01,283712000000000,283712000000000,"指数2015=100(OECD,停2017)",M,M2_FRED_SA,FRED(OECD转载BOJ),VALIDATED_MIRROR,,,2026-09-05,LATEST_HISTORY_PROXY,PROXY,CURRENT_HISTORY_ONLY_NO_VINTAGE,false,true,true
1985-02-28,1985-02,285713400000000,285713400000000,"指数2015=100(OECD,停2017)",M,M2_FRED_SA,FRED(OECD转载BOJ),VALIDATED_MIRROR,,,2026-09-05,LATEST_HISTORY_PROXY,PROXY,CURRENT_HISTORY_ONLY_NO_VINTAGE,false,true,true
1985-03-31,1985-03,288273800000000,288273800000000,"指数2015=100(OECD,停2017)",M,M2_FRED_SA,FRED(OECD转载BOJ),VALIDATED_MIRROR,,,2026-09-05,LATEST_HISTORY_PROXY,PROXY,CURRENT_HISTORY_ONLY_NO_VINTAGE,false,true,true
1985-04-30,1985-04,290269600000000,290269600000000,"指数2015=100(OECD,停2017)",M,M2_FRED_SA,FRED(OECD转载BOJ),VALIDATED_MIRROR,,,2026-09-05,LATEST_HISTORY_PROXY,PROXY,CURRENT_HISTORY_ONLY_NO_VINTAGE,false,true,true
1985-05-31,1985-05,292030500000000,292030500000000,"指数2015=100(OECD,停2017)",M,M2_FRED_SA,FRED(OECD转载BOJ),VALIDATED_MIRROR,,,2026-09-05,LATEST_HISTORY_PROXY,PROXY,CURRENT_HISTORY_ONLY_NO_VINTAGE,false,true,true
1985-06-30,1985-06,293853300000000,293853300000000,"指数2015=100(OECD,停2017)",M,M2_FRED_SA,FRED(OECD转载BOJ),VALIDATED_MIRROR,,,2026-09-05,LATEST_HISTORY_PROXY,PROXY,CURRENT_HISTORY_ONLY_NO_VINTAGE,false,true,true
1985-07-31,1985-07,295705900000000,295705900000000,"指数2015=100(OECD,停2017)",M,M2_FRED_SA,FRED(OECD转载BOJ),VALIDATED_MIRROR,,,2026-09-05,LATEST_HISTORY_PROXY,PROXY,CURRENT_HISTORY_ONLY_NO_VINTAGE,false,true,true
1985-08-31,1985-08,297517000000000,297517000000000,"指数2015=100(OECD,停2017)",M,M2_FRED_SA,FRED(OECD转载BOJ),VALIDATED_MIRROR,,,2026-09-05,LATEST_HISTORY_PROXY,PROXY,CURRENT_HISTORY_ONLY_NO_VINTAGE,false,true,true
1985-09-30,1985-09,299793000000000,299793000000000,"指数2015=100(OECD,停2017)",M,M2_FRED_SA,FRED(OECD转载BOJ),VALIDATED_MIRROR,,,2026-09-05,LATEST_HISTORY_PROXY,PROXY,CURRENT_HISTORY_ONLY_NO_VINTAGE,false,true,true
1985-10-31,1985-10,302334800000000,302334800000000,"指数2015=100(OECD,停2017)",M,M2_FRED_SA,FRED(OECD转载BOJ),VALIDATED_MIRROR,,,2026-09-05,LATEST_HISTORY_PROXY,PROXY,CURRENT_HISTORY_ONLY_NO_VINTAGE,false,true,true
1985-11-30,1985-11,305076700000000,305076700000000,"指数2015=100(OECD,停2017)",M,M2_FRED_SA,FRED(OECD转载BOJ),VALIDATED_MIRROR,,,2026-09-05,LATEST_HISTORY_PROXY,PROXY,CURRENT_HISTORY_ONLY_NO_VINTAGE,false,true,true
1985-12-31,1985-12,308038200000000,308038200000000,"指数2015=100(OECD,停2017)",M,M2_FRED_SA,FRED(OECD转载BOJ),VALIDATED_MIRROR,,,2026-09-05,LATEST_HISTORY_PROXY,PROXY,CURRENT_HISTORY_ONLY_NO_VINTAGE,false,true,true
1986-01-31,1986-01,309233600000000,309233600000000,"指数2015=100(OECD,停2017)",M,M2_FRED_SA,FRED(OECD转载BOJ),VALIDATED_MIRROR,,,2026-09-05,LATEST_HISTORY_PROXY,PROXY,CURRENT_HISTORY_ONLY_NO_VINTAGE,false,true,true
1986-02-28,1986-02,311183600000000.000000,311183600000000.000000,"指数2015=100(OECD,停2017)",M,M2_FRED_SA,FRED(OECD转载BOJ),VALIDATED_MIRROR,,,2026-09-05,LATEST_HISTORY_PROXY,PROXY,CURRENT_HISTORY_ONLY_NO_VINTAGE,false,true,true
1986-03-31,1986-03,313831800000000.000000,313831800000000.000000,"指数2015=100(OECD,停2017)",M,M2_FRED_SA,FRED(OECD转载BOJ),VALIDATED_MIRROR,,,2026-09-05,LATEST_HISTORY_PROXY,PROXY,CURRENT_HISTORY_ONLY_NO_VINTAGE,false,true,true
1986-04-30,1986-04,314767200000000.000000,314767200000000.000000,"指数2015=100(OECD,停2017)",M,M2_FRED_SA,FRED(OECD转载BOJ),VALIDATED_MIRROR,,,2026-09-05,LATEST_HISTORY_PROXY,PROXY,CURRENT_HISTORY_ONLY_NO_VINTAGE,false,true,true
1986-05-31,1986-05,316678900000000.000000,316678900000000.000000,"指数2015=100(OECD,停2017)",M,M2_FRED_SA,FRED(OECD转载BOJ),VALIDATED_MIRROR,,,2026-09-05,LATEST_HISTORY_PROXY,PROXY,CURRENT_HISTORY_ONLY_NO_VINTAGE,false,true,true
1986-06-30,1986-06,319375300000000.000000,319375300000000.000000,"指数2015=100(OECD,停2017)",M,M2_FRED_SA,FRED(OECD转载BOJ),VALIDATED_MIRROR,,,2026-09-05,LATEST_HISTORY_PROXY,PROXY,CURRENT_HISTORY_ONLY_NO_VINTAGE,false,true,true
1986-07-31,1986-07,321739700000000.000000,321739700000000.000000,"指数2015=100(OECD,停2017)",M,M2_FRED_SA,FRED(OECD转载BOJ),VALIDATED_MIRROR,,,2026-09-05,LATEST_HISTORY_PROXY,PROXY,CURRENT_HISTORY_ONLY_NO_VINTAGE,false,true,true
1986-08-31,1986-08,323870000000000.0000,323870000000000.0000,"指数2015=100(OECD,停2017)",M,M2_FRED_SA,FRED(OECD转载BOJ),VALIDATED_MIRROR,,,2026-09-05,LATEST_HISTORY_PROXY,PROXY,CURRENT_HISTORY_ONLY_NO_VINTAGE,false,true,true
1986-09-30,1986-09,326409100000000,326409100000000,"指数2015=100(OECD,停2017)",M,M2_FRED_SA,FRED(OECD转载BOJ),VALIDATED_MIRROR,,,2026-09-05,LATEST_HISTORY_PROXY,PROXY,CURRENT_HISTORY_ONLY_NO_VINTAGE,false,true,true
1986-10-31,1986-10,328001500000000.000000,328001500000000.000000,"指数2015=100(OECD,停2017)",M,M2_FRED_SA,FRED(OECD转载BOJ),VALIDATED_MIRROR,,,2026-09-05,LATEST_HISTORY_PROXY,PROXY,CURRENT_HISTORY_ONLY_NO_VINTAGE,false,true,true
1986-11-30,1986-11,330339700000000.000000,330339700000000.000000,"指数2015=100(OECD,停2017)",M,M2_FRED_SA,FRED(OECD转载BOJ),VALIDATED_MIRROR,,,2026-09-05,LATEST_HISTORY_PROXY,PROXY,CURRENT_HISTORY_ONLY_NO_VINTAGE,false,true,true
1986-12-31,1986-12,333464100000000.000000,333464100000000.000000,"指数2015=100(OECD,停2017)",M,M2_FRED_SA,FRED(OECD转载BOJ),VALIDATED_MIRROR,,,2026-09-05,LATEST_HISTORY_PROXY,PROXY,CURRENT_HISTORY_ONLY_NO_VINTAGE,false,true,true
1987-01-31,1987-01,335909100000000,335909100000000,"指数2015=100(OECD,停2017)",M,M2_FRED_SA,FRED(OECD转载BOJ),VALIDATED_MIRROR,,,2026-09-05,LATEST_HISTORY_PROXY,PROXY,CURRENT_HISTORY_ONLY_NO_VINTAGE,false,true,true
1987-02-28,1987-02,338235300000000.000000,338235300000000.000000,"指数2015=100(OECD,停2017)",M,M2_FRED_SA,FRED(OECD转载BOJ),VALIDATED_MIRROR,,,2026-09-05,LATEST_HISTORY_PROXY,PROXY,CURRENT_HISTORY_ONLY_NO_VINTAGE,false,true,true
1987-03-31,1987-03,341883100000000,341883100000000,"指数2015=100(OECD,停2017)",M,M2_FRED_SA,FRED(OECD转载BOJ),VALIDATED_MIRROR,,,2026-09-05,LATEST_HISTORY_PROXY,PROXY,CURRENT_HISTORY_ONLY_NO_VINTAGE,false,true,true
1987-04-30,1987-04,345501400000000.000000,345501400000000.000000,"指数2015=100(OECD,停2017)",M,M2_FRED_SA,FRED(OECD转载BOJ),VALIDATED_MIRROR,,,2026-09-05,LATEST_HISTORY_PROXY,PROXY,CURRENT_HISTORY_ONLY_NO_VINTAGE,false,true,true
1987-05-31,1987-05,348938200000000,348938200000000,"指数2015=100(OECD,停2017)",M,M2_FRED_SA,FRED(OECD转载BOJ),VALIDATED_MIRROR,,,2026-09-05,LATEST_HISTORY_PROXY,PROXY,CURRENT_HISTORY_ONLY_NO_VINTAGE,false,true,true
1987-06-30,1987-06,351971600000000,351971600000000,"指数2015=100(OECD,停2017)",M,M2_FRED_SA,FRED(OECD转载BOJ),VALIDATED_MIRROR,,,2026-09-05,LATEST_HISTORY_PROXY,PROXY,CURRENT_HISTORY_ONLY_NO_VINTAGE,false,true,true
1987-07-31,1987-07,355174500000000,355174500000000,"指数2015=100(OECD,停2017)",M,M2_FRED_SA,FRED(OECD转载BOJ),VALIDATED_MIRROR,,,2026-09-05,LATEST_HISTORY_PROXY,PROXY,CURRENT_HISTORY_ONLY_NO_VINTAGE,false,true,true
1987-08-31,1987-08,359235800000000.000000,359235800000000.000000,"指数2015=100(OECD,停2017)",M,M2_FRED_SA,FRED(OECD转载BOJ),VALIDATED_MIRROR,,,2026-09-05,LATEST_HISTORY_PROXY,PROXY,CURRENT_HISTORY_ONLY_NO_VINTAGE,false,true,true
1987-09-30,1987-09,362756200000000.000000,362756200000000.000000,"指数2015=100(OECD,停2017)",M,M2_FRED_SA,FRED(OECD转载BOJ),VALIDATED_MIRROR,,,2026-09-05,LATEST_HISTORY_PROXY,PROXY,CURRENT_HISTORY_ONLY_NO_VINTAGE,false,true,true
1987-10-31,1987-10,365948100000000.000000,365948100000000.000000,"指数2015=100(OECD,停2017)",M,M2_FRED_SA,FRED(OECD转载BOJ),VALIDATED_MIRROR,,,2026-09-05,LATEST_HISTORY_PROXY,PROXY,CURRENT_HISTORY_ONLY_NO_VINTAGE,false,true,true
1987-11-30,1987-11,370896400000000.000000,370896400000000.000000,"指数2015=100(OECD,停2017)",M,M2_FRED_SA,FRED(OECD转载BOJ),VALIDATED_MIRROR,,,2026-09-05,LATEST_HISTORY_PROXY,PROXY,CURRENT_HISTORY_ONLY_NO_VINTAGE,false,true,true
1987-12-31,1987-12,372171200000000.000000,372171200000000.000000,"指数2015=100(OECD,停2017)",M,M2_FRED_SA,FRED(OECD转载BOJ),VALIDATED_MIRROR,,,2026-09-05,LATEST_HISTORY_PROXY,PROXY,CURRENT_HISTORY_ONLY_NO_VINTAGE,false,true,true
1988-01-31,1988-01,376039800000000.000000,376039800000000.000000,"指数2015=100(OECD,停2017)",M,M2_FRED_SA,FRED(OECD转载BOJ),VALIDATED_MIRROR,,,2026-09-05,LATEST_HISTORY_PROXY,PROXY,CURRENT_HISTORY_ONLY_NO_VINTAGE,false,true,true
1988-02-29,1988-02,379860300000000.000000,379860300000000.000000,"指数2015=100(OECD,停2017)",M,M2_FRED_SA,FRED(OECD转载BOJ),VALIDATED_MIRROR,,,2026-09-05,LATEST_HISTORY_PROXY,PROXY,CURRENT_HISTORY_ONLY_NO_VINTAGE,false,true,true
1988-03-31,1988-03,382202400000000.000000,382202400000000.000000,"指数2015=100(OECD,停2017)",M,M2_FRED_SA,FRED(OECD转载BOJ),VALIDATED_MIRROR,,,2026-09-05,LATEST_HISTORY_PROXY,PROXY,CURRENT_HISTORY_ONLY_NO_VINTAGE,false,true,true
1988-04-30,1988-04,384523700000000.000000,384523700000000.000000,"指数2015=100(OECD,停2017)",M,M2_FRED_SA,FRED(OECD转载BOJ),VALIDATED_MIRROR,,,2026-09-05,LATEST_HISTORY_PROXY,PROXY,CURRENT_HISTORY_ONLY_NO_VINTAGE,false,true,true
1988-05-31,1988-05,388775900000000.000000,388775900000000.000000,"指数2015=100(OECD,停2017)",M,M2_FRED_SA,FRED(OECD转载BOJ),VALIDATED_MIRROR,,,2026-09-05,LATEST_HISTORY_PROXY,PROXY,CURRENT_HISTORY_ONLY_NO_VINTAGE,false,true,true
1988-06-30,1988-06,391691400000000.000000,391691400000000.000000,"指数2015=100(OECD,停2017)",M,M2_FRED_SA,FRED(OECD转载BOJ),VALIDATED_MIRROR,,,2026-09-05,LATEST_HISTORY_PROXY,PROXY,CURRENT_HISTORY_ONLY_NO_VINTAGE,false,true,true
1988-07-31,1988-07,394791100000000.000000,394791100000000.000000,"指数2015=100(OECD,停2017)",M,M2_FRED_SA,FRED(OECD转载BOJ),VALIDATED_MIRROR,,,2026-09-05,LATEST_HISTORY_PROXY,PROXY,CURRENT_HISTORY_ONLY_NO_VINTAGE,false,true,true
1988-08-31,1988-08,398427000000000.00000,398427000000000.00000,"指数2015=100(OECD,停2017)",M,M2_FRED_SA,FRED(OECD转载BOJ),VALIDATED_MIRROR,,,2026-09-05,LATEST_HISTORY_PROXY,PROXY,CURRENT_HISTORY_ONLY_NO_VINTAGE,false,true,true
1988-09-30,1988-09,401421600000000.000000,401421600000000.000000,"指数2015=100(OECD,停2017)",M,M2_FRED_SA,FRED(OECD转载BOJ),VALIDATED_MIRROR,,,2026-09-05,LATEST_HISTORY_PROXY,PROXY,CURRENT_HISTORY_ONLY_NO_VINTAGE,false,true,true
1988-10-31,1988-10,405759800000000.000000,405759800000000.000000,"指数2015=100(OECD,停2017)",M,M2_FRED_SA,FRED(OECD转载BOJ),VALIDATED_MIRROR,,,2026-09-05,LATEST_HISTORY_PROXY,PROXY,CURRENT_HISTORY_ONLY_NO_VINTAGE,false,true,true
1988-11-30,1988-11,409116900000000.000000,409116900000000.000000,"指数2015=100(OECD,停2017)",M,M2_FRED_SA,FRED(OECD转载BOJ),VALIDATED_MIRROR,,,2026-09-05,LATEST_HISTORY_PROXY,PROXY,CURRENT_HISTORY_ONLY_NO_VINTAGE,false,true,true
1988-12-31,1988-12,411426500000000.000000,411426500000000.000000,"指数2015=100(OECD,停2017)",M,M2_FRED_SA,FRED(OECD转载BOJ),VALIDATED_MIRROR,,,2026-09-05,LATEST_HISTORY_PROXY,PROXY,CURRENT_HISTORY_ONLY_NO_VINTAGE,false,true,true
1989-01-31,1989-01,413815600000000,413815600000000,"指数2015=100(OECD,停2017)",M,M2_FRED_SA,FRED(OECD转载BOJ),VALIDATED_MIRROR,,,2026-09-05,LATEST_HISTORY_PROXY,PROXY,CURRENT_HISTORY_ONLY_NO_VINTAGE,false,true,true
1989-02-28,1989-02,419427500000000.000000,419427500000000.000000,"指数2015=100(OECD,停2017)",M,M2_FRED_SA,FRED(OECD转载BOJ),VALIDATED_MIRROR,,,2026-09-05,LATEST_HISTORY_PROXY,PROXY,CURRENT_HISTORY_ONLY_NO_VINTAGE,false,true,true
1989-03-31,1989-03,422006500000000.000000,422006500000000.000000,"指数2015=100(OECD,停2017)",M,M2_FRED_SA,FRED(OECD转载BOJ),VALIDATED_MIRROR,,,2026-09-05,LATEST_HISTORY_PROXY,PROXY,CURRENT_HISTORY_ONLY_NO_VINTAGE,false,true,true
1989-04-30,1989-04,423451600000000.000000,423451600000000.000000,"指数2015=100(OECD,停2017)",M,M2_FRED_SA,FRED(OECD转载BOJ),VALIDATED_MIRROR,,,2026-09-05,LATEST_HISTORY_PROXY,PROXY,CURRENT_HISTORY_ONLY_NO_VINTAGE,false,true,true
1989-05-31,1989-05,425271900000000.000000,425271900000000.000000,"指数2015=100(OECD,停2017)",M,M2_FRED_SA,FRED(OECD转载BOJ),VALIDATED_MIRROR,,,2026-09-05,LATEST_HISTORY_PROXY,PROXY,CURRENT_HISTORY_ONLY_NO_VINTAGE,false,true,true
1989-06-30,1989-06,428764400000000.000000,428764400000000.000000,"指数2015=100(OECD,停2017)",M,M2_FRED_SA,FRED(OECD转载BOJ),VALIDATED_MIRROR,,,2026-09-05,LATEST_HISTORY_PROXY,PROXY,CURRENT_HISTORY_ONLY_NO_VINTAGE,false,true,true
1989-07-31,1989-07,433324000000000.00000,433324000000000.00000,"指数2015=100(OECD,停2017)",M,M2_FRED_SA,FRED(OECD转载BOJ),VALIDATED_MIRROR,,,2026-09-05,LATEST_HISTORY_PROXY,PROXY,CURRENT_HISTORY_ONLY_NO_VINTAGE,false,true,true
1989-08-31,1989-08,436839000000000.00000,436839000000000.00000,"指数2015=100(OECD,停2017)",M,M2_FRED_SA,FRED(OECD转载BOJ),VALIDATED_MIRROR,,,2026-09-05,LATEST_HISTORY_PROXY,PROXY,CURRENT_HISTORY_ONLY_NO_VINTAGE,false,true,true
1989-09-30,1989-09,439904600000000.000000,439904600000000.000000,"指数2015=100(OECD,停2017)",M,M2_FRED_SA,FRED(OECD转载BOJ),VALIDATED_MIRROR,,,2026-09-05,LATEST_HISTORY_PROXY,PROXY,CURRENT_HISTORY_ONLY_NO_VINTAGE,false,true,true
1989-10-31,1989-10,443901900000000.000000,443901900000000.000000,"指数2015=100(OECD,停2017)",M,M2_FRED_SA,FRED(OECD转载BOJ),VALIDATED_MIRROR,,,2026-09-05,LATEST_HISTORY_PROXY,PROXY,CURRENT_HISTORY_ONLY_NO_VINTAGE,false,true,true
1989-11-30,1989-11,449496100000000.000000,449496100000000.000000,"指数2015=100(OECD,停2017)",M,M2_FRED_SA,FRED(OECD转载BOJ),VALIDATED_MIRROR,,,2026-09-05,LATEST_HISTORY_PROXY,PROXY,CURRENT_HISTORY_ONLY_NO_VINTAGE,false,true,true
1989-12-31,1989-12,455632200000000.000000,455632200000000.000000,"指数2015=100(OECD,停2017)",M,M2_FRED_SA,FRED(OECD转载BOJ),VALIDATED_MIRROR,,,2026-09-05,LATEST_HISTORY_PROXY,PROXY,CURRENT_HISTORY_ONLY_NO_VINTAGE,false,true,true
1990-01-31,1990-01,461555600000000,461555600000000,"指数2015=100(OECD,停2017)",M,M2_FRED_SA,FRED(OECD转载BOJ),VALIDATED_MIRROR,,,2026-09-05,LATEST_HISTORY_PROXY,PROXY,CURRENT_HISTORY_ONLY_NO_VINTAGE,false,true,true
1990-02-28,1990-02,469357700000000.000000,469357700000000.000000,"指数2015=100(OECD,停2017)",M,M2_FRED_SA,FRED(OECD转载BOJ),VALIDATED_MIRROR,,,2026-09-05,LATEST_HISTORY_PROXY,PROXY,CURRENT_HISTORY_ONLY_NO_VINTAGE,false,true,true
1990-03-31,1990-03,471653100000000.000000,471653100000000.000000,"指数2015=100(OECD,停2017)",M,M2_FRED_SA,FRED(OECD转载BOJ),VALIDATED_MIRROR,,,2026-09-05,LATEST_HISTORY_PROXY,PROXY,CURRENT_HISTORY_ONLY_NO_VINTAGE,false,true,true
1990-04-30,1990-04,479005500000000.000000,479005500000000.000000,"指数2015=100(OECD,停2017)",M,M2_FRED_SA,FRED(OECD转载BOJ),VALIDATED_MIRROR,,,2026-09-05,LATEST_HISTORY_PROXY,PROXY,CURRENT_HISTORY_ONLY_NO_VINTAGE,false,true,true
1990-05-31,1990-05,481302100000000.000000,481302100000000.000000,"指数2015=100(OECD,停2017)",M,M2_FRED_SA,FRED(OECD转载BOJ),VALIDATED_MIRROR,,,2026-09-05,LATEST_HISTORY_PROXY,PROXY,CURRENT_HISTORY_ONLY_NO_VINTAGE,false,true,true
1990-06-30,1990-06,482458700000000,482458700000000,"指数2015=100(OECD,停2017)",M,M2_FRED_SA,FRED(OECD转载BOJ),VALIDATED_MIRROR,,,2026-09-05,LATEST_HISTORY_PROXY,PROXY,CURRENT_HISTORY_ONLY_NO_VINTAGE,false,true,true
1990-07-31,1990-07,485995500000000,485995500000000,"指数2015=100(OECD,停2017)",M,M2_FRED_SA,FRED(OECD转载BOJ),VALIDATED_MIRROR,,,2026-09-05,LATEST_HISTORY_PROXY,PROXY,CURRENT_HISTORY_ONLY_NO_VINTAGE,false,true,true
1990-08-31,1990-08,488792100000000.000000,488792100000000.000000,"指数2015=100(OECD,停2017)",M,M2_FRED_SA,FRED(OECD转载BOJ),VALIDATED_MIRROR,,,2026-09-05,LATEST_HISTORY_PROXY,PROXY,CURRENT_HISTORY_ONLY_NO_VINTAGE,false,true,true
1990-09-30,1990-09,492539100000000.000000,492539100000000.000000,"指数2015=100(OECD,停2017)",M,M2_FRED_SA,FRED(OECD转载BOJ),VALIDATED_MIRROR,,,2026-09-05,LATEST_HISTORY_PROXY,PROXY,CURRENT_HISTORY_ONLY_NO_VINTAGE,false,true,true
1990-10-31,1990-10,495496500000000,495496500000000,"指数2015=100(OECD,停2017)",M,M2_FRED_SA,FRED(OECD转载BOJ),VALIDATED_MIRROR,,,2026-09-05,LATEST_HISTORY_PROXY,PROXY,CURRENT_HISTORY_ONLY_NO_VINTAGE,false,true,true
1990-11-30,1990-11,493905500000000.000000,493905500000000.000000,"指数2015=100(OECD,停2017)",M,M2_FRED_SA,FRED(OECD转载BOJ),VALIDATED_MIRROR,,,2026-09-05,LATEST_HISTORY_PROXY,PROXY,CURRENT_HISTORY_ONLY_NO_VINTAGE,false,true,true
1990-12-31,1990-12,494983500000000.000000,494983500000000.000000,"指数2015=100(OECD,停2017)",M,M2_FRED_SA,FRED(OECD转载BOJ),VALIDATED_MIRROR,,,2026-09-05,LATEST_HISTORY_PROXY,PROXY,CURRENT_HISTORY_ONLY_NO_VINTAGE,false,true,true
1991-01-31,1991-01,496005500000000,496005500000000,"指数2015=100(OECD,停2017)",M,M2_FRED_SA,FRED(OECD转载BOJ),VALIDATED_MIRROR,,,2026-09-05,LATEST_HISTORY_PROXY,PROXY,CURRENT_HISTORY_ONLY_NO_VINTAGE,false,true,true
1991-02-28,1991-02,496075500000000.000000,496075500000000.000000,"指数2015=100(OECD,停2017)",M,M2_FRED_SA,FRED(OECD转载BOJ),VALIDATED_MIRROR,,,2026-09-05,LATEST_HISTORY_PROXY,PROXY,CURRENT_HISTORY_ONLY_NO_VINTAGE,false,true,true
1991-03-31,1991-03,496187900000000.000000,496187900000000.000000,"指数2015=100(OECD,停2017)",M,M2_FRED_SA,FRED(OECD转载BOJ),VALIDATED_MIRROR,,,2026-09-05,LATEST_HISTORY_PROXY,PROXY,CURRENT_HISTORY_ONLY_NO_VINTAGE,false,true,true
1991-04-30,1991-04,497177000000000.00000,497177000000000.00000,"指数2015=100(OECD,停2017)",M,M2_FRED_SA,FRED(OECD转载BOJ),VALIDATED_MIRROR,,,2026-09-05,LATEST_HISTORY_PROXY,PROXY,CURRENT_HISTORY_ONLY_NO_VINTAGE,false,true,true
1991-05-31,1991-05,498449900000000.000000,498449900000000.000000,"指数2015=100(OECD,停2017)",M,M2_FRED_SA,FRED(OECD转载BOJ),VALIDATED_MIRROR,,,2026-09-05,LATEST_HISTORY_PROXY,PROXY,CURRENT_HISTORY_ONLY_NO_VINTAGE,false,true,true
1991-06-30,1991-06,499766800000000,499766800000000,"指数2015=100(OECD,停2017)",M,M2_FRED_SA,FRED(OECD转载BOJ),VALIDATED_MIRROR,,,2026-09-05,LATEST_HISTORY_PROXY,PROXY,CURRENT_HISTORY_ONLY_NO_VINTAGE,false,true,true
1991-07-31,1991-07,501911600000000.000000,501911600000000.000000,"指数2015=100(OECD,停2017)",M,M2_FRED_SA,FRED(OECD转载BOJ),VALIDATED_MIRROR,,,2026-09-05,LATEST_HISTORY_PROXY,PROXY,CURRENT_HISTORY_ONLY_NO_VINTAGE,false,true,true
1991-08-31,1991-08,501868700000000.000000,501868700000000.000000,"指数2015=100(OECD,停2017)",M,M2_FRED_SA,FRED(OECD转载BOJ),VALIDATED_MIRROR,,,2026-09-05,LATEST_HISTORY_PROXY,PROXY,CURRENT_HISTORY_ONLY_NO_VINTAGE,false,true,true
1991-09-30,1991-09,503748000000000.00000,503748000000000.00000,"指数2015=100(OECD,停2017)",M,M2_FRED_SA,FRED(OECD转载BOJ),VALIDATED_MIRROR,,,2026-09-05,LATEST_HISTORY_PROXY,PROXY,CURRENT_HISTORY_ONLY_NO_VINTAGE,false,true,true
1991-10-31,1991-10,505352600000000.000000,505352600000000.000000,"指数2015=100(OECD,停2017)",M,M2_FRED_SA,FRED(OECD转载BOJ),VALIDATED_MIRROR,,,2026-09-05,LATEST_HISTORY_PROXY,PROXY,CURRENT_HISTORY_ONLY_NO_VINTAGE,false,true,true
1991-11-30,1991-11,505863300000000.000000,505863300000000.000000,"指数2015=100(OECD,停2017)",M,M2_FRED_SA,FRED(OECD转载BOJ),VALIDATED_MIRROR,,,2026-09-05,LATEST_HISTORY_PROXY,PROXY,CURRENT_HISTORY_ONLY_NO_VINTAGE,false,true,true
1991-12-31,1991-12,505528100000000.000000,505528100000000.000000,"指数2015=100(OECD,停2017)",M,M2_FRED_SA,FRED(OECD转载BOJ),VALIDATED_MIRROR,,,2026-09-05,LATEST_HISTORY_PROXY,PROXY,CURRENT_HISTORY_ONLY_NO_VINTAGE,false,true,true
1992-01-31,1992-01,505380000000000,505380000000000,"指数2015=100(OECD,停2017)",M,M2_FRED_SA,FRED(OECD转载BOJ),VALIDATED_MIRROR,,,2026-09-05,LATEST_HISTORY_PROXY,PROXY,CURRENT_HISTORY_ONLY_NO_VINTAGE,false,true,true
1992-02-29,1992-02,504577900000000.000000,504577900000000.000000,"指数2015=100(OECD,停2017)",M,M2_FRED_SA,FRED(OECD转载BOJ),VALIDATED_MIRROR,,,2026-09-05,LATEST_HISTORY_PROXY,PROXY,CURRENT_HISTORY_ONLY_NO_VINTAGE,false,true,true
1992-03-31,1992-03,505473800000000.000000,505473800000000.000000,"指数2015=100(OECD,停2017)",M,M2_FRED_SA,FRED(OECD转载BOJ),VALIDATED_MIRROR,,,2026-09-05,LATEST_HISTORY_PROXY,PROXY,CURRENT_HISTORY_ONLY_NO_VINTAGE,false,true,true
1992-04-30,1992-04,504758600000000.000000,504758600000000.000000,"指数2015=100(OECD,停2017)",M,M2_FRED_SA,FRED(OECD转载BOJ),VALIDATED_MIRROR,,,2026-09-05,LATEST_HISTORY_PROXY,PROXY,CURRENT_HISTORY_ONLY_NO_VINTAGE,false,true,true
1992-05-31,1992-05,503391200000000.000000,503391200000000.000000,"指数2015=100(OECD,停2017)",M,M2_FRED_SA,FRED(OECD转载BOJ),VALIDATED_MIRROR,,,2026-09-05,LATEST_HISTORY_PROXY,PROXY,CURRENT_HISTORY_ONLY_NO_VINTAGE,false,true,true
1992-06-30,1992-06,503733100000000,503733100000000,"指数2015=100(OECD,停2017)",M,M2_FRED_SA,FRED(OECD转载BOJ),VALIDATED_MIRROR,,,2026-09-05,LATEST_HISTORY_PROXY,PROXY,CURRENT_HISTORY_ONLY_NO_VINTAGE,false,true,true
1992-07-31,1992-07,502558300000000,502558300000000,"指数2015=100(OECD,停2017)",M,M2_FRED_SA,FRED(OECD转载BOJ),VALIDATED_MIRROR,,,2026-09-05,LATEST_HISTORY_PROXY,PROXY,CURRENT_HISTORY_ONLY_NO_VINTAGE,false,true,true
1992-08-31,1992-08,503017000000000.00000,503017000000000.00000,"指数2015=100(OECD,停2017)",M,M2_FRED_SA,FRED(OECD转载BOJ),VALIDATED_MIRROR,,,2026-09-05,LATEST_HISTORY_PROXY,PROXY,CURRENT_HISTORY_ONLY_NO_VINTAGE,false,true,true
1992-09-30,1992-09,501433800000000.000000,501433800000000.000000,"指数2015=100(OECD,停2017)",M,M2_FRED_SA,FRED(OECD转载BOJ),VALIDATED_MIRROR,,,2026-09-05,LATEST_HISTORY_PROXY,PROXY,CURRENT_HISTORY_ONLY_NO_VINTAGE,false,true,true
1992-10-31,1992-10,502133100000000.000000,502133100000000.000000,"指数2015=100(OECD,停2017)",M,M2_FRED_SA,FRED(OECD转载BOJ),VALIDATED_MIRROR,,,2026-09-05,LATEST_HISTORY_PROXY,PROXY,CURRENT_HISTORY_ONLY_NO_VINTAGE,false,true,true
1992-11-30,1992-11,503120500000000.000000,503120500000000.000000,"指数2015=100(OECD,停2017)",M,M2_FRED_SA,FRED(OECD转载BOJ),VALIDATED_MIRROR,,,2026-09-05,LATEST_HISTORY_PROXY,PROXY,CURRENT_HISTORY_ONLY_NO_VINTAGE,false,true,true
1992-12-31,1992-12,504020500000000,504020500000000,"指数2015=100(OECD,停2017)",M,M2_FRED_SA,FRED(OECD转载BOJ),VALIDATED_MIRROR,,,2026-09-05,LATEST_HISTORY_PROXY,PROXY,CURRENT_HISTORY_ONLY_NO_VINTAGE,false,true,true
1993-01-31,1993-01,504400200000000,504400200000000,"指数2015=100(OECD,停2017)",M,M2_FRED_SA,FRED(OECD转载BOJ),VALIDATED_MIRROR,,,2026-09-05,LATEST_HISTORY_PROXY,PROXY,CURRENT_HISTORY_ONLY_NO_VINTAGE,false,true,true
1993-02-28,1993-02,505420900000000.000000,505420900000000.000000,"指数2015=100(OECD,停2017)",M,M2_FRED_SA,FRED(OECD转载BOJ),VALIDATED_MIRROR,,,2026-09-05,LATEST_HISTORY_PROXY,PROXY,CURRENT_HISTORY_ONLY_NO_VINTAGE,false,true,true
1993-03-31,1993-03,503831300000000.000000,503831300000000.000000,"指数2015=100(OECD,停2017)",M,M2_FRED_SA,FRED(OECD转载BOJ),VALIDATED_MIRROR,,,2026-09-05,LATEST_HISTORY_PROXY,PROXY,CURRENT_HISTORY_ONLY_NO_VINTAGE,false,true,true
1993-04-30,1993-04,507085200000000,507085200000000,"指数2015=100(OECD,停2017)",M,M2_FRED_SA,FRED(OECD转载BOJ),VALIDATED_MIRROR,,,2026-09-05,LATEST_HISTORY_PROXY,PROXY,CURRENT_HISTORY_ONLY_NO_VINTAGE,false,true,true
1993-05-31,1993-05,510144300000000,510144300000000,"指数2015=100(OECD,停2017)",M,M2_FRED_SA,FRED(OECD转载BOJ),VALIDATED_MIRROR,,,2026-09-05,LATEST_HISTORY_PROXY,PROXY,CURRENT_HISTORY_ONLY_NO_VINTAGE,false,true,true
1993-06-30,1993-06,510372800000000,510372800000000,"指数2015=100(OECD,停2017)",M,M2_FRED_SA,FRED(OECD转载BOJ),VALIDATED_MIRROR,,,2026-09-05,LATEST_HISTORY_PROXY,PROXY,CURRENT_HISTORY_ONLY_NO_VINTAGE,false,true,true
1993-07-31,1993-07,510281600000000,510281600000000,"指数2015=100(OECD,停2017)",M,M2_FRED_SA,FRED(OECD转载BOJ),VALIDATED_MIRROR,,,2026-09-05,LATEST_HISTORY_PROXY,PROXY,CURRENT_HISTORY_ONLY_NO_VINTAGE,false,true,true
1993-08-31,1993-08,511337500000000.000000,511337500000000.000000,"指数2015=100(OECD,停2017)",M,M2_FRED_SA,FRED(OECD转载BOJ),VALIDATED_MIRROR,,,2026-09-05,LATEST_HISTORY_PROXY,PROXY,CURRENT_HISTORY_ONLY_NO_VINTAGE,false,true,true
1993-09-30,1993-09,511222800000000.000000,511222800000000.000000,"指数2015=100(OECD,停2017)",M,M2_FRED_SA,FRED(OECD转载BOJ),VALIDATED_MIRROR,,,2026-09-05,LATEST_HISTORY_PROXY,PROXY,CURRENT_HISTORY_ONLY_NO_VINTAGE,false,true,true
1993-10-31,1993-10,511569300000000.000000,511569300000000.000000,"指数2015=100(OECD,停2017)",M,M2_FRED_SA,FRED(OECD转载BOJ),VALIDATED_MIRROR,,,2026-09-05,LATEST_HISTORY_PROXY,PROXY,CURRENT_HISTORY_ONLY_NO_VINTAGE,false,true,true
1993-11-30,1993-11,511091600000000.000000,511091600000000.000000,"指数2015=100(OECD,停2017)",M,M2_FRED_SA,FRED(OECD转载BOJ),VALIDATED_MIRROR,,,2026-09-05,LATEST_HISTORY_PROXY,PROXY,CURRENT_HISTORY_ONLY_NO_VINTAGE,false,true,true
1993-12-31,1993-12,511478200000000.000000,511478200000000.000000,"指数2015=100(OECD,停2017)",M,M2_FRED_SA,FRED(OECD转载BOJ),VALIDATED_MIRROR,,,2026-09-05,LATEST_HISTORY_PROXY,PROXY,CURRENT_HISTORY_ONLY_NO_VINTAGE,false,true,true
1994-01-31,1994-01,512523000000000,512523000000000,"指数2015=100(OECD,停2017)",M,M2_FRED_SA,FRED(OECD转载BOJ),VALIDATED_MIRROR,,,2026-09-05,LATEST_HISTORY_PROXY,PROXY,CURRENT_HISTORY_ONLY_NO_VINTAGE,false,true,true
1994-02-28,1994-02,513031800000000.000000,513031800000000.000000,"指数2015=100(OECD,停2017)",M,M2_FRED_SA,FRED(OECD转载BOJ),VALIDATED_MIRROR,,,2026-09-05,LATEST_HISTORY_PROXY,PROXY,CURRENT_HISTORY_ONLY_NO_VINTAGE,false,true,true
1994-03-31,1994-03,513767500000000.000000,513767500000000.000000,"指数2015=100(OECD,停2017)",M,M2_FRED_SA,FRED(OECD转载BOJ),VALIDATED_MIRROR,,,2026-09-05,LATEST_HISTORY_PROXY,PROXY,CURRENT_HISTORY_ONLY_NO_VINTAGE,false,true,true
1994-04-30,1994-04,517625600000000.000000,517625600000000.000000,"指数2015=100(OECD,停2017)",M,M2_FRED_SA,FRED(OECD转载BOJ),VALIDATED_MIRROR,,,2026-09-05,LATEST_HISTORY_PROXY,PROXY,CURRENT_HISTORY_ONLY_NO_VINTAGE,false,true,true
1994-05-31,1994-05,517905800000000.000000,517905800000000.000000,"指数2015=100(OECD,停2017)",M,M2_FRED_SA,FRED(OECD转载BOJ),VALIDATED_MIRROR,,,2026-09-05,LATEST_HISTORY_PROXY,PROXY,CURRENT_HISTORY_ONLY_NO_VINTAGE,false,true,true
1994-06-30,1994-06,517675500000000.000000,517675500000000.000000,"指数2015=100(OECD,停2017)",M,M2_FRED_SA,FRED(OECD转载BOJ),VALIDATED_MIRROR,,,2026-09-05,LATEST_HISTORY_PROXY,PROXY,CURRENT_HISTORY_ONLY_NO_VINTAGE,false,true,true
1994-07-31,1994-07,520216700000000.000000,520216700000000.000000,"指数2015=100(OECD,停2017)",M,M2_FRED_SA,FRED(OECD转载BOJ),VALIDATED_MIRROR,,,2026-09-05,LATEST_HISTORY_PROXY,PROXY,CURRENT_HISTORY_ONLY_NO_VINTAGE,false,true,true
1994-08-31,1994-08,521298600000000.000000,521298600000000.000000,"指数2015=100(OECD,停2017)",M,M2_FRED_SA,FRED(OECD转载BOJ),VALIDATED_MIRROR,,,2026-09-05,LATEST_HISTORY_PROXY,PROXY,CURRENT_HISTORY_ONLY_NO_VINTAGE,false,true,true
1994-09-30,1994-09,523492100000000.000000,523492100000000.000000,"指数2015=100(OECD,停2017)",M,M2_FRED_SA,FRED(OECD转载BOJ),VALIDATED_MIRROR,,,2026-09-05,LATEST_HISTORY_PROXY,PROXY,CURRENT_HISTORY_ONLY_NO_VINTAGE,false,true,true
1994-10-31,1994-10,524419000000000.00000,524419000000000.00000,"指数2015=100(OECD,停2017)",M,M2_FRED_SA,FRED(OECD转载BOJ),VALIDATED_MIRROR,,,2026-09-05,LATEST_HISTORY_PROXY,PROXY,CURRENT_HISTORY_ONLY_NO_VINTAGE,false,true,true
1994-11-30,1994-11,524990000000000.0000,524990000000000.0000,"指数2015=100(OECD,停2017)",M,M2_FRED_SA,FRED(OECD转载BOJ),VALIDATED_MIRROR,,,2026-09-05,LATEST_HISTORY_PROXY,PROXY,CURRENT_HISTORY_ONLY_NO_VINTAGE,false,true,true
1994-12-31,1994-12,526717900000000,526717900000000,"指数2015=100(OECD,停2017)",M,M2_FRED_SA,FRED(OECD转载BOJ),VALIDATED_MIRROR,,,2026-09-05,LATEST_HISTORY_PROXY,PROXY,CURRENT_HISTORY_ONLY_NO_VINTAGE,false,true,true
1995-01-31,1995-01,528391400000000,528391400000000,"指数2015=100(OECD,停2017)",M,M2_FRED_SA,FRED(OECD转载BOJ),VALIDATED_MIRROR,,,2026-09-05,LATEST_HISTORY_PROXY,PROXY,CURRENT_HISTORY_ONLY_NO_VINTAGE,false,true,true
1995-02-28,1995-02,531014000000000.00000,531014000000000.00000,"指数2015=100(OECD,停2017)",M,M2_FRED_SA,FRED(OECD转载BOJ),VALIDATED_MIRROR,,,2026-09-05,LATEST_HISTORY_PROXY,PROXY,CURRENT_HISTORY_ONLY_NO_VINTAGE,false,true,true
1995-03-31,1995-03,531857500000000.000000,531857500000000.000000,"指数2015=100(OECD,停2017)",M,M2_FRED_SA,FRED(OECD转载BOJ),VALIDATED_MIRROR,,,2026-09-05,LATEST_HISTORY_PROXY,PROXY,CURRENT_HISTORY_ONLY_NO_VINTAGE,false,true,true
1995-04-30,1995-04,533202100000000.000000,533202100000000.000000,"指数2015=100(OECD,停2017)",M,M2_FRED_SA,FRED(OECD转载BOJ),VALIDATED_MIRROR,,,2026-09-05,LATEST_HISTORY_PROXY,PROXY,CURRENT_HISTORY_ONLY_NO_VINTAGE,false,true,true
1995-05-31,1995-05,533291600000000.000000,533291600000000.000000,"指数2015=100(OECD,停2017)",M,M2_FRED_SA,FRED(OECD转载BOJ),VALIDATED_MIRROR,,,2026-09-05,LATEST_HISTORY_PROXY,PROXY,CURRENT_HISTORY_ONLY_NO_VINTAGE,false,true,true
1995-06-30,1995-06,533589200000000.000000,533589200000000.000000,"指数2015=100(OECD,停2017)",M,M2_FRED_SA,FRED(OECD转载BOJ),VALIDATED_MIRROR,,,2026-09-05,LATEST_HISTORY_PROXY,PROXY,CURRENT_HISTORY_ONLY_NO_VINTAGE,false,true,true
1995-07-31,1995-07,534354900000000,534354900000000,"指数2015=100(OECD,停2017)",M,M2_FRED_SA,FRED(OECD转载BOJ),VALIDATED_MIRROR,,,2026-09-05,LATEST_HISTORY_PROXY,PROXY,CURRENT_HISTORY_ONLY_NO_VINTAGE,false,true,true
1995-08-31,1995-08,535411200000000.000000,535411200000000.000000,"指数2015=100(OECD,停2017)",M,M2_FRED_SA,FRED(OECD转载BOJ),VALIDATED_MIRROR,,,2026-09-05,LATEST_HISTORY_PROXY,PROXY,CURRENT_HISTORY_ONLY_NO_VINTAGE,false,true,true
1995-09-30,1995-09,537587000000000.00000,537587000000000.00000,"指数2015=100(OECD,停2017)",M,M2_FRED_SA,FRED(OECD转载BOJ),VALIDATED_MIRROR,,,2026-09-05,LATEST_HISTORY_PROXY,PROXY,CURRENT_HISTORY_ONLY_NO_VINTAGE,false,true,true
1995-10-31,1995-10,537803600000000,537803600000000,"指数2015=100(OECD,停2017)",M,M2_FRED_SA,FRED(OECD转载BOJ),VALIDATED_MIRROR,,,2026-09-05,LATEST_HISTORY_PROXY,PROXY,CURRENT_HISTORY_ONLY_NO_VINTAGE,false,true,true
1995-11-30,1995-11,542286700000000.000000,542286700000000.000000,"指数2015=100(OECD,停2017)",M,M2_FRED_SA,FRED(OECD转载BOJ),VALIDATED_MIRROR,,,2026-09-05,LATEST_HISTORY_PROXY,PROXY,CURRENT_HISTORY_ONLY_NO_VINTAGE,false,true,true
1995-12-31,1995-12,543587700000000.000000,543587700000000.000000,"指数2015=100(OECD,停2017)",M,M2_FRED_SA,FRED(OECD转载BOJ),VALIDATED_MIRROR,,,2026-09-05,LATEST_HISTORY_PROXY,PROXY,CURRENT_HISTORY_ONLY_NO_VINTAGE,false,true,true
1996-01-31,1996-01,544421800000000,544421800000000,"指数2015=100(OECD,停2017)",M,M2_FRED_SA,FRED(OECD转载BOJ),VALIDATED_MIRROR,,,2026-09-05,LATEST_HISTORY_PROXY,PROXY,CURRENT_HISTORY_ONLY_NO_VINTAGE,false,true,true
1996-02-29,1996-02,545554100000000.000000,545554100000000.000000,"指数2015=100(OECD,停2017)",M,M2_FRED_SA,FRED(OECD转载BOJ),VALIDATED_MIRROR,,,2026-09-05,LATEST_HISTORY_PROXY,PROXY,CURRENT_HISTORY_ONLY_NO_VINTAGE,false,true,true
1996-03-31,1996-03,547677800000000.000000,547677800000000.000000,"指数2015=100(OECD,停2017)",M,M2_FRED_SA,FRED(OECD转载BOJ),VALIDATED_MIRROR,,,2026-09-05,LATEST_HISTORY_PROXY,PROXY,CURRENT_HISTORY_ONLY_NO_VINTAGE,false,true,true
1996-04-30,1996-04,547976500000000.000000,547976500000000.000000,"指数2015=100(OECD,停2017)",M,M2_FRED_SA,FRED(OECD转载BOJ),VALIDATED_MIRROR,,,2026-09-05,LATEST_HISTORY_PROXY,PROXY,CURRENT_HISTORY_ONLY_NO_VINTAGE,false,true,true
1996-05-31,1996-05,550174900000000.000000,550174900000000.000000,"指数2015=100(OECD,停2017)",M,M2_FRED_SA,FRED(OECD转载BOJ),VALIDATED_MIRROR,,,2026-09-05,LATEST_HISTORY_PROXY,PROXY,CURRENT_HISTORY_ONLY_NO_VINTAGE,false,true,true
1996-06-30,1996-06,553304300000000.000000,553304300000000.000000,"指数2015=100(OECD,停2017)",M,M2_FRED_SA,FRED(OECD转载BOJ),VALIDATED_MIRROR,,,2026-09-05,LATEST_HISTORY_PROXY,PROXY,CURRENT_HISTORY_ONLY_NO_VINTAGE,false,true,true
1996-07-31,1996-07,554019800000000.000000,554019800000000.000000,"指数2015=100(OECD,停2017)",M,M2_FRED_SA,FRED(OECD转载BOJ),VALIDATED_MIRROR,,,2026-09-05,LATEST_HISTORY_PROXY,PROXY,CURRENT_HISTORY_ONLY_NO_VINTAGE,false,true,true
1996-08-31,1996-08,555291600000000.000000,555291600000000.000000,"指数2015=100(OECD,停2017)",M,M2_FRED_SA,FRED(OECD转载BOJ),VALIDATED_MIRROR,,,2026-09-05,LATEST_HISTORY_PROXY,PROXY,CURRENT_HISTORY_ONLY_NO_VINTAGE,false,true,true
1996-09-30,1996-09,556694200000000.000000,556694200000000.000000,"指数2015=100(OECD,停2017)",M,M2_FRED_SA,FRED(OECD转载BOJ),VALIDATED_MIRROR,,,2026-09-05,LATEST_HISTORY_PROXY,PROXY,CURRENT_HISTORY_ONLY_NO_VINTAGE,false,true,true
1996-10-31,1996-10,557946500000000.000000,557946500000000.000000,"指数2015=100(OECD,停2017)",M,M2_FRED_SA,FRED(OECD转载BOJ),VALIDATED_MIRROR,,,2026-09-05,LATEST_HISTORY_PROXY,PROXY,CURRENT_HISTORY_ONLY_NO_VINTAGE,false,true,true
1996-11-30,1996-11,559186800000000.000000,559186800000000.000000,"指数2015=100(OECD,停2017)",M,M2_FRED_SA,FRED(OECD转载BOJ),VALIDATED_MIRROR,,,2026-09-05,LATEST_HISTORY_PROXY,PROXY,CURRENT_HISTORY_ONLY_NO_VINTAGE,false,true,true
1996-12-31,1996-12,559449000000000.00000,559449000000000.00000,"指数2015=100(OECD,停2017)",M,M2_FRED_SA,FRED(OECD转载BOJ),VALIDATED_MIRROR,,,2026-09-05,LATEST_HISTORY_PROXY,PROXY,CURRENT_HISTORY_ONLY_NO_VINTAGE,false,true,true
1997-01-31,1997-01,560339500000000,560339500000000,"指数2015=100(OECD,停2017)",M,M2_FRED_SA,FRED(OECD转载BOJ),VALIDATED_MIRROR,,,2026-09-05,LATEST_HISTORY_PROXY,PROXY,CURRENT_HISTORY_ONLY_NO_VINTAGE,false,true,true
1997-02-28,1997-02,560902300000000.000000,560902300000000.000000,"指数2015=100(OECD,停2017)",M,M2_FRED_SA,FRED(OECD转载BOJ),VALIDATED_MIRROR,,,2026-09-05,LATEST_HISTORY_PROXY,PROXY,CURRENT_HISTORY_ONLY_NO_VINTAGE,false,true,true
1997-03-31,1997-03,562345000000000.00000,562345000000000.00000,"指数2015=100(OECD,停2017)",M,M2_FRED_SA,FRED(OECD转载BOJ),VALIDATED_MIRROR,,,2026-09-05,LATEST_HISTORY_PROXY,PROXY,CURRENT_HISTORY_ONLY_NO_VINTAGE,false,true,true
1997-04-30,1997-04,565321800000000.000000,565321800000000.000000,"指数2015=100(OECD,停2017)",M,M2_FRED_SA,FRED(OECD转载BOJ),VALIDATED_MIRROR,,,2026-09-05,LATEST_HISTORY_PROXY,PROXY,CURRENT_HISTORY_ONLY_NO_VINTAGE,false,true,true
1997-05-31,1997-05,566772900000000,566772900000000,"指数2015=100(OECD,停2017)",M,M2_FRED_SA,FRED(OECD转载BOJ),VALIDATED_MIRROR,,,2026-09-05,LATEST_HISTORY_PROXY,PROXY,CURRENT_HISTORY_ONLY_NO_VINTAGE,false,true,true
1997-06-30,1997-06,569049200000000.000000,569049200000000.000000,"指数2015=100(OECD,停2017)",M,M2_FRED_SA,FRED(OECD转载BOJ),VALIDATED_MIRROR,,,2026-09-05,LATEST_HISTORY_PROXY,PROXY,CURRENT_HISTORY_ONLY_NO_VINTAGE,false,true,true
1997-07-31,1997-07,570975200000000.000000,570975200000000.000000,"指数2015=100(OECD,停2017)",M,M2_FRED_SA,FRED(OECD转载BOJ),VALIDATED_MIRROR,,,2026-09-05,LATEST_HISTORY_PROXY,PROXY,CURRENT_HISTORY_ONLY_NO_VINTAGE,false,true,true
1997-08-31,1997-08,573024200000000.000000,573024200000000.000000,"指数2015=100(OECD,停2017)",M,M2_FRED_SA,FRED(OECD转载BOJ),VALIDATED_MIRROR,,,2026-09-05,LATEST_HISTORY_PROXY,PROXY,CURRENT_HISTORY_ONLY_NO_VINTAGE,false,true,true
1997-09-30,1997-09,573875600000000.000000,573875600000000.000000,"指数2015=100(OECD,停2017)",M,M2_FRED_SA,FRED(OECD转载BOJ),VALIDATED_MIRROR,,,2026-09-05,LATEST_HISTORY_PROXY,PROXY,CURRENT_HISTORY_ONLY_NO_VINTAGE,false,true,true
1997-10-31,1997-10,574428800000000.000000,574428800000000.000000,"指数2015=100(OECD,停2017)",M,M2_FRED_SA,FRED(OECD转载BOJ),VALIDATED_MIRROR,,,2026-09-05,LATEST_HISTORY_PROXY,PROXY,CURRENT_HISTORY_ONLY_NO_VINTAGE,false,true,true
1997-11-30,1997-11,576954000000000.00000,576954000000000.00000,"指数2015=100(OECD,停2017)",M,M2_FRED_SA,FRED(OECD转载BOJ),VALIDATED_MIRROR,,,2026-09-05,LATEST_HISTORY_PROXY,PROXY,CURRENT_HISTORY_ONLY_NO_VINTAGE,false,true,true
1997-12-31,1997-12,580756900000000.000000,580756900000000.000000,"指数2015=100(OECD,停2017)",M,M2_FRED_SA,FRED(OECD转载BOJ),VALIDATED_MIRROR,,,2026-09-05,LATEST_HISTORY_PROXY,PROXY,CURRENT_HISTORY_ONLY_NO_VINTAGE,false,true,true
1998-01-31,1998-01,584767500000000,584767500000000,"指数2015=100(OECD,停2017)",M,M2_FRED_SA,FRED(OECD转载BOJ),VALIDATED_MIRROR,,,2026-09-05,LATEST_HISTORY_PROXY,PROXY,CURRENT_HISTORY_ONLY_NO_VINTAGE,false,true,true
1998-02-28,1998-02,588535100000000.000000,588535100000000.000000,"指数2015=100(OECD,停2017)",M,M2_FRED_SA,FRED(OECD转载BOJ),VALIDATED_MIRROR,,,2026-09-05,LATEST_HISTORY_PROXY,PROXY,CURRENT_HISTORY_ONLY_NO_VINTAGE,false,true,true
1998-03-31,1998-03,587817600000000.000000,587817600000000.000000,"指数2015=100(OECD,停2017)",M,M2_FRED_SA,FRED(OECD转载BOJ),VALIDATED_MIRROR,,,2026-09-05,LATEST_HISTORY_PROXY,PROXY,CURRENT_HISTORY_ONLY_NO_VINTAGE,false,true,true
1998-04-30,1998-04,588642700000000.000000,588642700000000.000000,"指数2015=100(OECD,停2017)",M,M2_FRED_SA,FRED(OECD转载BOJ),VALIDATED_MIRROR,,,2026-09-05,LATEST_HISTORY_PROXY,PROXY,CURRENT_HISTORY_ONLY_NO_VINTAGE,false,true,true
1998-05-31,1998-05,590924500000000.000000,590924500000000.000000,"指数2015=100(OECD,停2017)",M,M2_FRED_SA,FRED(OECD转载BOJ),VALIDATED_MIRROR,,,2026-09-05,LATEST_HISTORY_PROXY,PROXY,CURRENT_HISTORY_ONLY_NO_VINTAGE,false,true,true
1998-06-30,1998-06,591266100000000.000000,591266100000000.000000,"指数2015=100(OECD,停2017)",M,M2_FRED_SA,FRED(OECD转载BOJ),VALIDATED_MIRROR,,,2026-09-05,LATEST_HISTORY_PROXY,PROXY,CURRENT_HISTORY_ONLY_NO_VINTAGE,false,true,true
1998-07-31,1998-07,594029600000000.000000,594029600000000.000000,"指数2015=100(OECD,停2017)",M,M2_FRED_SA,FRED(OECD转载BOJ),VALIDATED_MIRROR,,,2026-09-05,LATEST_HISTORY_PROXY,PROXY,CURRENT_HISTORY_ONLY_NO_VINTAGE,false,true,true
1998-08-31,1998-08,597478800000000.000000,597478800000000.000000,"指数2015=100(OECD,停2017)",M,M2_FRED_SA,FRED(OECD转载BOJ),VALIDATED_MIRROR,,,2026-09-05,LATEST_HISTORY_PROXY,PROXY,CURRENT_HISTORY_ONLY_NO_VINTAGE,false,true,true
1998-09-30,1998-09,599211500000000.000000,599211500000000.000000,"指数2015=100(OECD,停2017)",M,M2_FRED_SA,FRED(OECD转载BOJ),VALIDATED_MIRROR,,,2026-09-05,LATEST_HISTORY_PROXY,PROXY,CURRENT_HISTORY_ONLY_NO_VINTAGE,false,true,true
1998-10-31,1998-10,599410700000000.000000,599410700000000.000000,"指数2015=100(OECD,停2017)",M,M2_FRED_SA,FRED(OECD转载BOJ),VALIDATED_MIRROR,,,2026-09-05,LATEST_HISTORY_PROXY,PROXY,CURRENT_HISTORY_ONLY_NO_VINTAGE,false,true,true
1998-11-30,1998-11,604654200000000,604654200000000,"指数2015=100(OECD,停2017)",M,M2_FRED_SA,FRED(OECD转载BOJ),VALIDATED_MIRROR,,,2026-09-05,LATEST_HISTORY_PROXY,PROXY,CURRENT_HISTORY_ONLY_NO_VINTAGE,false,true,true
1998-12-31,1998-12,606469900000000.000000,606469900000000.000000,"指数2015=100(OECD,停2017)",M,M2_FRED_SA,FRED(OECD转载BOJ),VALIDATED_MIRROR,,,2026-09-05,LATEST_HISTORY_PROXY,PROXY,CURRENT_HISTORY_ONLY_NO_VINTAGE,false,true,true
1999-01-31,1999-01,608088500000000,608088500000000,"指数2015=100(OECD,停2017)",M,M2_FRED_SA,FRED(OECD转载BOJ),VALIDATED_MIRROR,,,2026-09-05,LATEST_HISTORY_PROXY,PROXY,CURRENT_HISTORY_ONLY_NO_VINTAGE,false,true,true
1999-02-28,1999-02,610946600000000,610946600000000,"指数2015=100(OECD,停2017)",M,M2_FRED_SA,FRED(OECD转载BOJ),VALIDATED_MIRROR,,,2026-09-05,LATEST_HISTORY_PROXY,PROXY,CURRENT_HISTORY_ONLY_NO_VINTAGE,false,true,true
1999-03-31,1999-03,612593600000000.000000,612593600000000.000000,"指数2015=100(OECD,停2017)",M,M2_FRED_SA,FRED(OECD转载BOJ),VALIDATED_MIRROR,,,2026-09-05,LATEST_HISTORY_PROXY,PROXY,CURRENT_HISTORY_ONLY_NO_VINTAGE,false,true,true
1999-04-30,1999-04,611524500000000.000000,611524500000000.000000,"指数2015=100(OECD,停2017)",M,M2_FRED_SA,FRED(OECD转载BOJ),VALIDATED_MIRROR,,,2026-09-05,LATEST_HISTORY_PROXY,PROXY,CURRENT_HISTORY_ONLY_NO_VINTAGE,false,true,true
1999-05-31,1999-05,614688900000000.000000,614688900000000.000000,"指数2015=100(OECD,停2017)",M,M2_FRED_SA,FRED(OECD转载BOJ),VALIDATED_MIRROR,,,2026-09-05,LATEST_HISTORY_PROXY,PROXY,CURRENT_HISTORY_ONLY_NO_VINTAGE,false,true,true
1999-06-30,1999-06,616754500000000.000000,616754500000000.000000,"指数2015=100(OECD,停2017)",M,M2_FRED_SA,FRED(OECD转载BOJ),VALIDATED_MIRROR,,,2026-09-05,LATEST_HISTORY_PROXY,PROXY,CURRENT_HISTORY_ONLY_NO_VINTAGE,false,true,true
1999-07-31,1999-07,617487500000000.000000,617487500000000.000000,"指数2015=100(OECD,停2017)",M,M2_FRED_SA,FRED(OECD转载BOJ),VALIDATED_MIRROR,,,2026-09-05,LATEST_HISTORY_PROXY,PROXY,CURRENT_HISTORY_ONLY_NO_VINTAGE,false,true,true
1999-08-31,1999-08,618614100000000.000000,618614100000000.000000,"指数2015=100(OECD,停2017)",M,M2_FRED_SA,FRED(OECD转载BOJ),VALIDATED_MIRROR,,,2026-09-05,LATEST_HISTORY_PROXY,PROXY,CURRENT_HISTORY_ONLY_NO_VINTAGE,false,true,true
1999-09-30,1999-09,619203300000000.000000,619203300000000.000000,"指数2015=100(OECD,停2017)",M,M2_FRED_SA,FRED(OECD转载BOJ),VALIDATED_MIRROR,,,2026-09-05,LATEST_HISTORY_PROXY,PROXY,CURRENT_HISTORY_ONLY_NO_VINTAGE,false,true,true
1999-10-31,1999-10,620690200000000.000000,620690200000000.000000,"指数2015=100(OECD,停2017)",M,M2_FRED_SA,FRED(OECD转载BOJ),VALIDATED_MIRROR,,,2026-09-05,LATEST_HISTORY_PROXY,PROXY,CURRENT_HISTORY_ONLY_NO_VINTAGE,false,true,true
1999-11-30,1999-11,622107500000000.000000,622107500000000.000000,"指数2015=100(OECD,停2017)",M,M2_FRED_SA,FRED(OECD转载BOJ),VALIDATED_MIRROR,,,2026-09-05,LATEST_HISTORY_PROXY,PROXY,CURRENT_HISTORY_ONLY_NO_VINTAGE,false,true,true
1999-12-31,1999-12,622941900000000.000000,622941900000000.000000,"指数2015=100(OECD,停2017)",M,M2_FRED_SA,FRED(OECD转载BOJ),VALIDATED_MIRROR,,,2026-09-05,LATEST_HISTORY_PROXY,PROXY,CURRENT_HISTORY_ONLY_NO_VINTAGE,false,true,true
2000-01-31,2000-01,623791700000000,623791700000000,"指数2015=100(OECD,停2017)",M,M2_FRED_SA,FRED(OECD转载BOJ),VALIDATED_MIRROR,,,2026-09-05,LATEST_HISTORY_PROXY,PROXY,CURRENT_HISTORY_ONLY_NO_VINTAGE,false,true,true
2000-02-29,2000-02,623599700000000.000000,623599700000000.000000,"指数2015=100(OECD,停2017)",M,M2_FRED_SA,FRED(OECD转载BOJ),VALIDATED_MIRROR,,,2026-09-05,LATEST_HISTORY_PROXY,PROXY,CURRENT_HISTORY_ONLY_NO_VINTAGE,false,true,true
2000-03-31,2000-03,624794300000000.000000,624794300000000.000000,"指数2015=100(OECD,停2017)",M,M2_FRED_SA,FRED(OECD转载BOJ),VALIDATED_MIRROR,,,2026-09-05,LATEST_HISTORY_PROXY,PROXY,CURRENT_HISTORY_ONLY_NO_VINTAGE,false,true,true
2000-04-30,2000-04,628892600000000.000000,628892600000000.000000,"指数2015=100(OECD,停2017)",M,M2_FRED_SA,FRED(OECD转载BOJ),VALIDATED_MIRROR,,,2026-09-05,LATEST_HISTORY_PROXY,PROXY,CURRENT_HISTORY_ONLY_NO_VINTAGE,false,true,true
2000-05-31,2000-05,627928200000000.000000,627928200000000.000000,"指数2015=100(OECD,停2017)",M,M2_FRED_SA,FRED(OECD转载BOJ),VALIDATED_MIRROR,,,2026-09-05,LATEST_HISTORY_PROXY,PROXY,CURRENT_HISTORY_ONLY_NO_VINTAGE,false,true,true
2000-06-30,2000-06,628445400000000.000000,628445400000000.000000,"指数2015=100(OECD,停2017)",M,M2_FRED_SA,FRED(OECD转载BOJ),VALIDATED_MIRROR,,,2026-09-05,LATEST_HISTORY_PROXY,PROXY,CURRENT_HISTORY_ONLY_NO_VINTAGE,false,true,true
2000-07-31,2000-07,629479100000000,629479100000000,"指数2015=100(OECD,停2017)",M,M2_FRED_SA,FRED(OECD转载BOJ),VALIDATED_MIRROR,,,2026-09-05,LATEST_HISTORY_PROXY,PROXY,CURRENT_HISTORY_ONLY_NO_VINTAGE,false,true,true
2000-08-31,2000-08,630006200000000.000000,630006200000000.000000,"指数2015=100(OECD,停2017)",M,M2_FRED_SA,FRED(OECD转载BOJ),VALIDATED_MIRROR,,,2026-09-05,LATEST_HISTORY_PROXY,PROXY,CURRENT_HISTORY_ONLY_NO_VINTAGE,false,true,true
2000-09-30,2000-09,631221400000000.000000,631221400000000.000000,"指数2015=100(OECD,停2017)",M,M2_FRED_SA,FRED(OECD转载BOJ),VALIDATED_MIRROR,,,2026-09-05,LATEST_HISTORY_PROXY,PROXY,CURRENT_HISTORY_ONLY_NO_VINTAGE,false,true,true
2000-10-31,2000-10,633586000000000.00000,633586000000000.00000,"指数2015=100(OECD,停2017)",M,M2_FRED_SA,FRED(OECD转载BOJ),VALIDATED_MIRROR,,,2026-09-05,LATEST_HISTORY_PROXY,PROXY,CURRENT_HISTORY_ONLY_NO_VINTAGE,false,true,true
2000-11-30,2000-11,633784700000000.000000,633784700000000.000000,"指数2015=100(OECD,停2017)",M,M2_FRED_SA,FRED(OECD转载BOJ),VALIDATED_MIRROR,,,2026-09-05,LATEST_HISTORY_PROXY,PROXY,CURRENT_HISTORY_ONLY_NO_VINTAGE,false,true,true
2000-12-31,2000-12,635905800000000,635905800000000,"指数2015=100(OECD,停2017)",M,M2_FRED_SA,FRED(OECD转载BOJ),VALIDATED_MIRROR,,,2026-09-05,LATEST_HISTORY_PROXY,PROXY,CURRENT_HISTORY_ONLY_NO_VINTAGE,false,true,true
2001-01-31,2001-01,637630300000000,637630300000000,"指数2015=100(OECD,停2017)",M,M2_FRED_SA,FRED(OECD转载BOJ),VALIDATED_MIRROR,,,2026-09-05,LATEST_HISTORY_PROXY,PROXY,CURRENT_HISTORY_ONLY_NO_VINTAGE,false,true,true
2001-02-28,2001-02,639548400000000.000000,639548400000000.000000,"指数2015=100(OECD,停2017)",M,M2_FRED_SA,FRED(OECD转载BOJ),VALIDATED_MIRROR,,,2026-09-05,LATEST_HISTORY_PROXY,PROXY,CURRENT_HISTORY_ONLY_NO_VINTAGE,false,true,true
2001-03-31,2001-03,640592500000000.000000,640592500000000.000000,"指数2015=100(OECD,停2017)",M,M2_FRED_SA,FRED(OECD转载BOJ),VALIDATED_MIRROR,,,2026-09-05,LATEST_HISTORY_PROXY,PROXY,CURRENT_HISTORY_ONLY_NO_VINTAGE,false,true,true
2001-04-30,2001-04,643277600000000.000000,643277600000000.000000,"指数2015=100(OECD,停2017)",M,M2_FRED_SA,FRED(OECD转载BOJ),VALIDATED_MIRROR,,,2026-09-05,LATEST_HISTORY_PROXY,PROXY,CURRENT_HISTORY_ONLY_NO_VINTAGE,false,true,true
2001-05-31,2001-05,644624000000000.00000,644624000000000.00000,"指数2015=100(OECD,停2017)",M,M2_FRED_SA,FRED(OECD转载BOJ),VALIDATED_MIRROR,,,2026-09-05,LATEST_HISTORY_PROXY,PROXY,CURRENT_HISTORY_ONLY_NO_VINTAGE,false,true,true
2001-06-30,2001-06,646253900000000.000000,646253900000000.000000,"指数2015=100(OECD,停2017)",M,M2_FRED_SA,FRED(OECD转载BOJ),VALIDATED_MIRROR,,,2026-09-05,LATEST_HISTORY_PROXY,PROXY,CURRENT_HISTORY_ONLY_NO_VINTAGE,false,true,true
2001-07-31,2001-07,647863200000000.000000,647863200000000.000000,"指数2015=100(OECD,停2017)",M,M2_FRED_SA,FRED(OECD转载BOJ),VALIDATED_MIRROR,,,2026-09-05,LATEST_HISTORY_PROXY,PROXY,CURRENT_HISTORY_ONLY_NO_VINTAGE,false,true,true
2001-08-31,2001-08,648700900000000.000000,648700900000000.000000,"指数2015=100(OECD,停2017)",M,M2_FRED_SA,FRED(OECD转载BOJ),VALIDATED_MIRROR,,,2026-09-05,LATEST_HISTORY_PROXY,PROXY,CURRENT_HISTORY_ONLY_NO_VINTAGE,false,true,true
2001-09-30,2001-09,650808200000000.000000,650808200000000.000000,"指数2015=100(OECD,停2017)",M,M2_FRED_SA,FRED(OECD转载BOJ),VALIDATED_MIRROR,,,2026-09-05,LATEST_HISTORY_PROXY,PROXY,CURRENT_HISTORY_ONLY_NO_VINTAGE,false,true,true
2001-10-31,2001-10,651700200000000.000000,651700200000000.000000,"指数2015=100(OECD,停2017)",M,M2_FRED_SA,FRED(OECD转载BOJ),VALIDATED_MIRROR,,,2026-09-05,LATEST_HISTORY_PROXY,PROXY,CURRENT_HISTORY_ONLY_NO_VINTAGE,false,true,true
2001-11-30,2001-11,652752600000000.000000,652752600000000.000000,"指数2015=100(OECD,停2017)",M,M2_FRED_SA,FRED(OECD转载BOJ),VALIDATED_MIRROR,,,2026-09-05,LATEST_HISTORY_PROXY,PROXY,CURRENT_HISTORY_ONLY_NO_VINTAGE,false,true,true
2001-12-31,2001-12,657681900000000,657681900000000,"指数2015=100(OECD,停2017)",M,M2_FRED_SA,FRED(OECD转载BOJ),VALIDATED_MIRROR,,,2026-09-05,LATEST_HISTORY_PROXY,PROXY,CURRENT_HISTORY_ONLY_NO_VINTAGE,false,true,true
2002-01-31,2002-01,660284400000000,660284400000000,"指数2015=100(OECD,停2017)",M,M2_FRED_SA,FRED(OECD转载BOJ),VALIDATED_MIRROR,,,2026-09-05,LATEST_HISTORY_PROXY,PROXY,CURRENT_HISTORY_ONLY_NO_VINTAGE,false,true,true
2002-02-28,2002-02,662055400000000.000000,662055400000000.000000,"指数2015=100(OECD,停2017)",M,M2_FRED_SA,FRED(OECD转载BOJ),VALIDATED_MIRROR,,,2026-09-05,LATEST_HISTORY_PROXY,PROXY,CURRENT_HISTORY_ONLY_NO_VINTAGE,false,true,true
2002-03-31,2002-03,664371000000000.00000,664371000000000.00000,"指数2015=100(OECD,停2017)",M,M2_FRED_SA,FRED(OECD转载BOJ),VALIDATED_MIRROR,,,2026-09-05,LATEST_HISTORY_PROXY,PROXY,CURRENT_HISTORY_ONLY_NO_VINTAGE,false,true,true
2002-04-30,2002-04,666202400000000.000000,666202400000000.000000,"指数2015=100(OECD,停2017)",M,M2_FRED_SA,FRED(OECD转载BOJ),VALIDATED_MIRROR,,,2026-09-05,LATEST_HISTORY_PROXY,PROXY,CURRENT_HISTORY_ONLY_NO_VINTAGE,false,true,true
2002-05-31,2002-05,667117600000000.000000,667117600000000.000000,"指数2015=100(OECD,停2017)",M,M2_FRED_SA,FRED(OECD转载BOJ),VALIDATED_MIRROR,,,2026-09-05,LATEST_HISTORY_PROXY,PROXY,CURRENT_HISTORY_ONLY_NO_VINTAGE,false,true,true
2002-06-30,2002-06,668097800000000,668097800000000,"指数2015=100(OECD,停2017)",M,M2_FRED_SA,FRED(OECD转载BOJ),VALIDATED_MIRROR,,,2026-09-05,LATEST_HISTORY_PROXY,PROXY,CURRENT_HISTORY_ONLY_NO_VINTAGE,false,true,true
2002-07-31,2002-07,668993200000000.000000,668993200000000.000000,"指数2015=100(OECD,停2017)",M,M2_FRED_SA,FRED(OECD转载BOJ),VALIDATED_MIRROR,,,2026-09-05,LATEST_HISTORY_PROXY,PROXY,CURRENT_HISTORY_ONLY_NO_VINTAGE,false,true,true
2002-08-31,2002-08,670646700000000.000000,670646700000000.000000,"指数2015=100(OECD,停2017)",M,M2_FRED_SA,FRED(OECD转载BOJ),VALIDATED_MIRROR,,,2026-09-05,LATEST_HISTORY_PROXY,PROXY,CURRENT_HISTORY_ONLY_NO_VINTAGE,false,true,true
2002-09-30,2002-09,671129500000000.000000,671129500000000.000000,"指数2015=100(OECD,停2017)",M,M2_FRED_SA,FRED(OECD转载BOJ),VALIDATED_MIRROR,,,2026-09-05,LATEST_HISTORY_PROXY,PROXY,CURRENT_HISTORY_ONLY_NO_VINTAGE,false,true,true
2002-10-31,2002-10,672843200000000.000000,672843200000000.000000,"指数2015=100(OECD,停2017)",M,M2_FRED_SA,FRED(OECD转载BOJ),VALIDATED_MIRROR,,,2026-09-05,LATEST_HISTORY_PROXY,PROXY,CURRENT_HISTORY_ONLY_NO_VINTAGE,false,true,true
2002-11-30,2002-11,673356300000000.000000,673356300000000.000000,"指数2015=100(OECD,停2017)",M,M2_FRED_SA,FRED(OECD转载BOJ),VALIDATED_MIRROR,,,2026-09-05,LATEST_HISTORY_PROXY,PROXY,CURRENT_HISTORY_ONLY_NO_VINTAGE,false,true,true
2002-12-31,2002-12,672766800000000,672766800000000,"指数2015=100(OECD,停2017)",M,M2_FRED_SA,FRED(OECD转载BOJ),VALIDATED_MIRROR,,,2026-09-05,LATEST_HISTORY_PROXY,PROXY,CURRENT_HISTORY_ONLY_NO_VINTAGE,false,true,true
2003-01-31,2003-01,673713300000000,673713300000000,"指数2015=100(OECD,停2017)",M,M2_FRED_SA,FRED(OECD转载BOJ),VALIDATED_MIRROR,,,2026-09-05,LATEST_HISTORY_PROXY,PROXY,CURRENT_HISTORY_ONLY_NO_VINTAGE,false,true,true
2003-02-28,2003-02,674891800000000.000000,674891800000000.000000,"指数2015=100(OECD,停2017)",M,M2_FRED_SA,FRED(OECD转载BOJ),VALIDATED_MIRROR,,,2026-09-05,LATEST_HISTORY_PROXY,PROXY,CURRENT_HISTORY_ONLY_NO_VINTAGE,false,true,true
2003-03-31,2003-03,675592000000000.00000,675592000000000.00000,"指数2015=100(OECD,停2017)",M,M2_FRED_SA,FRED(OECD转载BOJ),VALIDATED_MIRROR,,,2026-09-05,LATEST_HISTORY_PROXY,PROXY,CURRENT_HISTORY_ONLY_NO_VINTAGE,false,true,true
2003-04-30,2003-04,672662800000000.000000,672662800000000.000000,"指数2015=100(OECD,停2017)",M,M2_FRED_SA,FRED(OECD转载BOJ),VALIDATED_MIRROR,,,2026-09-05,LATEST_HISTORY_PROXY,PROXY,CURRENT_HISTORY_ONLY_NO_VINTAGE,false,true,true
2003-05-31,2003-05,674620200000000.000000,674620200000000.000000,"指数2015=100(OECD,停2017)",M,M2_FRED_SA,FRED(OECD转载BOJ),VALIDATED_MIRROR,,,2026-09-05,LATEST_HISTORY_PROXY,PROXY,CURRENT_HISTORY_ONLY_NO_VINTAGE,false,true,true
2003-06-30,2003-06,676601000000000.00000,676601000000000.00000,"指数2015=100(OECD,停2017)",M,M2_FRED_SA,FRED(OECD转载BOJ),VALIDATED_MIRROR,,,2026-09-05,LATEST_HISTORY_PROXY,PROXY,CURRENT_HISTORY_ONLY_NO_VINTAGE,false,true,true
2003-07-31,2003-07,677502200000000.000000,677502200000000.000000,"指数2015=100(OECD,停2017)",M,M2_FRED_SA,FRED(OECD转载BOJ),VALIDATED_MIRROR,,,2026-09-05,LATEST_HISTORY_PROXY,PROXY,CURRENT_HISTORY_ONLY_NO_VINTAGE,false,true,true
2003-08-31,2003-08,680230700000000.000000,680230700000000.000000,"指数2015=100(OECD,停2017)",M,M2_FRED_SA,FRED(OECD转载BOJ),VALIDATED_MIRROR,,,2026-09-05,LATEST_HISTORY_PROXY,PROXY,CURRENT_HISTORY_ONLY_NO_VINTAGE,false,true,true
2003-09-30,2003-09,678956300000000.000000,678956300000000.000000,"指数2015=100(OECD,停2017)",M,M2_FRED_SA,FRED(OECD转载BOJ),VALIDATED_MIRROR,,,2026-09-05,LATEST_HISTORY_PROXY,PROXY,CURRENT_HISTORY_ONLY_NO_VINTAGE,false,true,true
2003-10-31,2003-10,679563700000000.000000,679563700000000.000000,"指数2015=100(OECD,停2017)",M,M2_FRED_SA,FRED(OECD转载BOJ),VALIDATED_MIRROR,,,2026-09-05,LATEST_HISTORY_PROXY,PROXY,CURRENT_HISTORY_ONLY_NO_VINTAGE,false,true,true
2003-11-30,2003-11,680041000000000.00000,680041000000000.00000,"指数2015=100(OECD,停2017)",M,M2_FRED_SA,FRED(OECD转载BOJ),VALIDATED_MIRROR,,,2026-09-05,LATEST_HISTORY_PROXY,PROXY,CURRENT_HISTORY_ONLY_NO_VINTAGE,false,true,true
2003-12-31,2003-12,680286700000000.000000,680286700000000.000000,"指数2015=100(OECD,停2017)",M,M2_FRED_SA,FRED(OECD转载BOJ),VALIDATED_MIRROR,,,2026-09-05,LATEST_HISTORY_PROXY,PROXY,CURRENT_HISTORY_ONLY_NO_VINTAGE,false,true,true
2004-01-31,2004-01,681748700000000.000000,681748700000000.000000,"指数2015=100(OECD,停2017)",M,M2_FRED_SA,FRED(OECD转载BOJ),VALIDATED_MIRROR,,,2026-09-05,LATEST_HISTORY_PROXY,PROXY,CURRENT_HISTORY_ONLY_NO_VINTAGE,false,true,true
2004-02-29,2004-02,683369100000000.000000,683369100000000.000000,"指数2015=100(OECD,停2017)",M,M2_FRED_SA,FRED(OECD转载BOJ),VALIDATED_MIRROR,,,2026-09-05,LATEST_HISTORY_PROXY,PROXY,CURRENT_HISTORY_ONLY_NO_VINTAGE,false,true,true
2004-03-31,2004-03,684390200000000.000000,684390200000000.000000,"指数2015=100(OECD,停2017)",M,M2_FRED_SA,FRED(OECD转载BOJ),VALIDATED_MIRROR,,,2026-09-05,LATEST_HISTORY_PROXY,PROXY,CURRENT_HISTORY_ONLY_NO_VINTAGE,false,true,true
2004-04-30,2004-04,685289200000000.000000,685289200000000.000000,"指数2015=100(OECD,停2017)",M,M2_FRED_SA,FRED(OECD转载BOJ),VALIDATED_MIRROR,,,2026-09-05,LATEST_HISTORY_PROXY,PROXY,CURRENT_HISTORY_ONLY_NO_VINTAGE,false,true,true
2004-05-31,2004-05,688092700000000.000000,688092700000000.000000,"指数2015=100(OECD,停2017)",M,M2_FRED_SA,FRED(OECD转载BOJ),VALIDATED_MIRROR,,,2026-09-05,LATEST_HISTORY_PROXY,PROXY,CURRENT_HISTORY_ONLY_NO_VINTAGE,false,true,true
2004-06-30,2004-06,688493000000000.00000,688493000000000.00000,"指数2015=100(OECD,停2017)",M,M2_FRED_SA,FRED(OECD转载BOJ),VALIDATED_MIRROR,,,2026-09-05,LATEST_HISTORY_PROXY,PROXY,CURRENT_HISTORY_ONLY_NO_VINTAGE,false,true,true
2004-07-31,2004-07,690147500000000,690147500000000,"指数2015=100(OECD,停2017)",M,M2_FRED_SA,FRED(OECD转载BOJ),VALIDATED_MIRROR,,,2026-09-05,LATEST_HISTORY_PROXY,PROXY,CURRENT_HISTORY_ONLY_NO_VINTAGE,false,true,true
2004-08-31,2004-08,692896300000000.000000,692896300000000.000000,"指数2015=100(OECD,停2017)",M,M2_FRED_SA,FRED(OECD转载BOJ),VALIDATED_MIRROR,,,2026-09-05,LATEST_HISTORY_PROXY,PROXY,CURRENT_HISTORY_ONLY_NO_VINTAGE,false,true,true
2004-09-30,2004-09,692121900000000.000000,692121900000000.000000,"指数2015=100(OECD,停2017)",M,M2_FRED_SA,FRED(OECD转载BOJ),VALIDATED_MIRROR,,,2026-09-05,LATEST_HISTORY_PROXY,PROXY,CURRENT_HISTORY_ONLY_NO_VINTAGE,false,true,true
2004-10-31,2004-10,692885800000000.000000,692885800000000.000000,"指数2015=100(OECD,停2017)",M,M2_FRED_SA,FRED(OECD转载BOJ),VALIDATED_MIRROR,,,2026-09-05,LATEST_HISTORY_PROXY,PROXY,CURRENT_HISTORY_ONLY_NO_VINTAGE,false,true,true
2004-11-30,2004-11,693380200000000.000000,693380200000000.000000,"指数2015=100(OECD,停2017)",M,M2_FRED_SA,FRED(OECD转载BOJ),VALIDATED_MIRROR,,,2026-09-05,LATEST_HISTORY_PROXY,PROXY,CURRENT_HISTORY_ONLY_NO_VINTAGE,false,true,true
2004-12-31,2004-12,694130900000000.000000,694130900000000.000000,"指数2015=100(OECD,停2017)",M,M2_FRED_SA,FRED(OECD转载BOJ),VALIDATED_MIRROR,,,2026-09-05,LATEST_HISTORY_PROXY,PROXY,CURRENT_HISTORY_ONLY_NO_VINTAGE,false,true,true
2005-01-31,2005-01,695103000000000.00000,695103000000000.00000,"指数2015=100(OECD,停2017)",M,M2_FRED_SA,FRED(OECD转载BOJ),VALIDATED_MIRROR,,,2026-09-05,LATEST_HISTORY_PROXY,PROXY,CURRENT_HISTORY_ONLY_NO_VINTAGE,false,true,true
2005-02-28,2005-02,695733800000000.000000,695733800000000.000000,"指数2015=100(OECD,停2017)",M,M2_FRED_SA,FRED(OECD转载BOJ),VALIDATED_MIRROR,,,2026-09-05,LATEST_HISTORY_PROXY,PROXY,CURRENT_HISTORY_ONLY_NO_VINTAGE,false,true,true
2005-03-31,2005-03,698258300000000.000000,698258300000000.000000,"指数2015=100(OECD,停2017)",M,M2_FRED_SA,FRED(OECD转载BOJ),VALIDATED_MIRROR,,,2026-09-05,LATEST_HISTORY_PROXY,PROXY,CURRENT_HISTORY_ONLY_NO_VINTAGE,false,true,true
2005-04-30,2005-04,697487700000000.000000,697487700000000.000000,"指数2015=100(OECD,停2017)",M,M2_FRED_SA,FRED(OECD转载BOJ),VALIDATED_MIRROR,,,2026-09-05,LATEST_HISTORY_PROXY,PROXY,CURRENT_HISTORY_ONLY_NO_VINTAGE,false,true,true
2005-05-31,2005-05,698360000000000.0000,698360000000000.0000,"指数2015=100(OECD,停2017)",M,M2_FRED_SA,FRED(OECD转载BOJ),VALIDATED_MIRROR,,,2026-09-05,LATEST_HISTORY_PROXY,PROXY,CURRENT_HISTORY_ONLY_NO_VINTAGE,false,true,true
2005-06-30,2005-06,699609600000000.000000,699609600000000.000000,"指数2015=100(OECD,停2017)",M,M2_FRED_SA,FRED(OECD转载BOJ),VALIDATED_MIRROR,,,2026-09-05,LATEST_HISTORY_PROXY,PROXY,CURRENT_HISTORY_ONLY_NO_VINTAGE,false,true,true
2005-07-31,2005-07,701726200000000.000000,701726200000000.000000,"指数2015=100(OECD,停2017)",M,M2_FRED_SA,FRED(OECD转载BOJ),VALIDATED_MIRROR,,,2026-09-05,LATEST_HISTORY_PROXY,PROXY,CURRENT_HISTORY_ONLY_NO_VINTAGE,false,true,true
2005-08-31,2005-08,704059700000000.000000,704059700000000.000000,"指数2015=100(OECD,停2017)",M,M2_FRED_SA,FRED(OECD转载BOJ),VALIDATED_MIRROR,,,2026-09-05,LATEST_HISTORY_PROXY,PROXY,CURRENT_HISTORY_ONLY_NO_VINTAGE,false,true,true
2005-09-30,2005-09,705682300000000.000000,705682300000000.000000,"指数2015=100(OECD,停2017)",M,M2_FRED_SA,FRED(OECD转载BOJ),VALIDATED_MIRROR,,,2026-09-05,LATEST_HISTORY_PROXY,PROXY,CURRENT_HISTORY_ONLY_NO_VINTAGE,false,true,true
2005-10-31,2005-10,706166900000000.000000,706166900000000.000000,"指数2015=100(OECD,停2017)",M,M2_FRED_SA,FRED(OECD转载BOJ),VALIDATED_MIRROR,,,2026-09-05,LATEST_HISTORY_PROXY,PROXY,CURRENT_HISTORY_ONLY_NO_VINTAGE,false,true,true
2005-11-30,2005-11,707194300000000.000000,707194300000000.000000,"指数2015=100(OECD,停2017)",M,M2_FRED_SA,FRED(OECD转载BOJ),VALIDATED_MIRROR,,,2026-09-05,LATEST_HISTORY_PROXY,PROXY,CURRENT_HISTORY_ONLY_NO_VINTAGE,false,true,true
2005-12-31,2005-12,707270400000000.000000,707270400000000.000000,"指数2015=100(OECD,停2017)",M,M2_FRED_SA,FRED(OECD转载BOJ),VALIDATED_MIRROR,,,2026-09-05,LATEST_HISTORY_PROXY,PROXY,CURRENT_HISTORY_ONLY_NO_VINTAGE,false,true,true
2006-01-31,2006-01,707248400000000.000000,707248400000000.000000,"指数2015=100(OECD,停2017)",M,M2_FRED_SA,FRED(OECD转载BOJ),VALIDATED_MIRROR,,,2026-09-05,LATEST_HISTORY_PROXY,PROXY,CURRENT_HISTORY_ONLY_NO_VINTAGE,false,true,true
2006-02-28,2006-02,707432400000000.000000,707432400000000.000000,"指数2015=100(OECD,停2017)",M,M2_FRED_SA,FRED(OECD转载BOJ),VALIDATED_MIRROR,,,2026-09-05,LATEST_HISTORY_PROXY,PROXY,CURRENT_HISTORY_ONLY_NO_VINTAGE,false,true,true
2006-03-31,2006-03,707741400000000.000000,707741400000000.000000,"指数2015=100(OECD,停2017)",M,M2_FRED_SA,FRED(OECD转载BOJ),VALIDATED_MIRROR,,,2026-09-05,LATEST_HISTORY_PROXY,PROXY,CURRENT_HISTORY_ONLY_NO_VINTAGE,false,true,true
2006-04-30,2006-04,708574300000000.000000,708574300000000.000000,"指数2015=100(OECD,停2017)",M,M2_FRED_SA,FRED(OECD转载BOJ),VALIDATED_MIRROR,,,2026-09-05,LATEST_HISTORY_PROXY,PROXY,CURRENT_HISTORY_ONLY_NO_VINTAGE,false,true,true
2006-05-31,2006-05,707658400000000.000000,707658400000000.000000,"指数2015=100(OECD,停2017)",M,M2_FRED_SA,FRED(OECD转载BOJ),VALIDATED_MIRROR,,,2026-09-05,LATEST_HISTORY_PROXY,PROXY,CURRENT_HISTORY_ONLY_NO_VINTAGE,false,true,true
2006-06-30,2006-06,707096300000000.000000,707096300000000.000000,"指数2015=100(OECD,停2017)",M,M2_FRED_SA,FRED(OECD转载BOJ),VALIDATED_MIRROR,,,2026-09-05,LATEST_HISTORY_PROXY,PROXY,CURRENT_HISTORY_ONLY_NO_VINTAGE,false,true,true
2006-07-31,2006-07,705547400000000.000000,705547400000000.000000,"指数2015=100(OECD,停2017)",M,M2_FRED_SA,FRED(OECD转载BOJ),VALIDATED_MIRROR,,,2026-09-05,LATEST_HISTORY_PROXY,PROXY,CURRENT_HISTORY_ONLY_NO_VINTAGE,false,true,true
2006-08-31,2006-08,707174500000000.000000,707174500000000.000000,"指数2015=100(OECD,停2017)",M,M2_FRED_SA,FRED(OECD转载BOJ),VALIDATED_MIRROR,,,2026-09-05,LATEST_HISTORY_PROXY,PROXY,CURRENT_HISTORY_ONLY_NO_VINTAGE,false,true,true
2006-09-30,2006-09,709316800000000.000000,709316800000000.000000,"指数2015=100(OECD,停2017)",M,M2_FRED_SA,FRED(OECD转载BOJ),VALIDATED_MIRROR,,,2026-09-05,LATEST_HISTORY_PROXY,PROXY,CURRENT_HISTORY_ONLY_NO_VINTAGE,false,true,true
2006-10-31,2006-10,710062100000000.000000,710062100000000.000000,"指数2015=100(OECD,停2017)",M,M2_FRED_SA,FRED(OECD转载BOJ),VALIDATED_MIRROR,,,2026-09-05,LATEST_HISTORY_PROXY,PROXY,CURRENT_HISTORY_ONLY_NO_VINTAGE,false,true,true
2006-11-30,2006-11,711341400000000.000000,711341400000000.000000,"指数2015=100(OECD,停2017)",M,M2_FRED_SA,FRED(OECD转载BOJ),VALIDATED_MIRROR,,,2026-09-05,LATEST_HISTORY_PROXY,PROXY,CURRENT_HISTORY_ONLY_NO_VINTAGE,false,true,true
2006-12-31,2006-12,712343000000000.00000,712343000000000.00000,"指数2015=100(OECD,停2017)",M,M2_FRED_SA,FRED(OECD转载BOJ),VALIDATED_MIRROR,,,2026-09-05,LATEST_HISTORY_PROXY,PROXY,CURRENT_HISTORY_ONLY_NO_VINTAGE,false,true,true
2007-01-31,2007-01,713579100000000.000000,713579100000000.000000,"指数2015=100(OECD,停2017)",M,M2_FRED_SA,FRED(OECD转载BOJ),VALIDATED_MIRROR,,,2026-09-05,LATEST_HISTORY_PROXY,PROXY,CURRENT_HISTORY_ONLY_NO_VINTAGE,false,true,true
2007-02-28,2007-02,714287300000000.000000,714287300000000.000000,"指数2015=100(OECD,停2017)",M,M2_FRED_SA,FRED(OECD转载BOJ),VALIDATED_MIRROR,,,2026-09-05,LATEST_HISTORY_PROXY,PROXY,CURRENT_HISTORY_ONLY_NO_VINTAGE,false,true,true
2007-03-31,2007-03,715368400000000.000000,715368400000000.000000,"指数2015=100(OECD,停2017)",M,M2_FRED_SA,FRED(OECD转载BOJ),VALIDATED_MIRROR,,,2026-09-05,LATEST_HISTORY_PROXY,PROXY,CURRENT_HISTORY_ONLY_NO_VINTAGE,false,true,true
2007-04-30,2007-04,716718100000000.000000,716718100000000.000000,"指数2015=100(OECD,停2017)",M,M2_FRED_SA,FRED(OECD转载BOJ),VALIDATED_MIRROR,,,2026-09-05,LATEST_HISTORY_PROXY,PROXY,CURRENT_HISTORY_ONLY_NO_VINTAGE,false,true,true
2007-05-31,2007-05,717993300000000.000000,717993300000000.000000,"指数2015=100(OECD,停2017)",M,M2_FRED_SA,FRED(OECD转载BOJ),VALIDATED_MIRROR,,,2026-09-05,LATEST_HISTORY_PROXY,PROXY,CURRENT_HISTORY_ONLY_NO_VINTAGE,false,true,true
2007-06-30,2007-06,719441100000000.000000,719441100000000.000000,"指数2015=100(OECD,停2017)",M,M2_FRED_SA,FRED(OECD转载BOJ),VALIDATED_MIRROR,,,2026-09-05,LATEST_HISTORY_PROXY,PROXY,CURRENT_HISTORY_ONLY_NO_VINTAGE,false,true,true
2007-07-31,2007-07,720107300000000.000000,720107300000000.000000,"指数2015=100(OECD,停2017)",M,M2_FRED_SA,FRED(OECD转载BOJ),VALIDATED_MIRROR,,,2026-09-05,LATEST_HISTORY_PROXY,PROXY,CURRENT_HISTORY_ONLY_NO_VINTAGE,false,true,true
2007-08-31,2007-08,719585800000000.000000,719585800000000.000000,"指数2015=100(OECD,停2017)",M,M2_FRED_SA,FRED(OECD转载BOJ),VALIDATED_MIRROR,,,2026-09-05,LATEST_HISTORY_PROXY,PROXY,CURRENT_HISTORY_ONLY_NO_VINTAGE,false,true,true
2007-09-30,2007-09,721575900000000.000000,721575900000000.000000,"指数2015=100(OECD,停2017)",M,M2_FRED_SA,FRED(OECD转载BOJ),VALIDATED_MIRROR,,,2026-09-05,LATEST_HISTORY_PROXY,PROXY,CURRENT_HISTORY_ONLY_NO_VINTAGE,false,true,true
2007-10-31,2007-10,723472500000000.000000,723472500000000.000000,"指数2015=100(OECD,停2017)",M,M2_FRED_SA,FRED(OECD转载BOJ),VALIDATED_MIRROR,,,2026-09-05,LATEST_HISTORY_PROXY,PROXY,CURRENT_HISTORY_ONLY_NO_VINTAGE,false,true,true
2007-11-30,2007-11,725689000000000.00000,725689000000000.00000,"指数2015=100(OECD,停2017)",M,M2_FRED_SA,FRED(OECD转载BOJ),VALIDATED_MIRROR,,,2026-09-05,LATEST_HISTORY_PROXY,PROXY,CURRENT_HISTORY_ONLY_NO_VINTAGE,false,true,true
2007-12-31,2007-12,727505600000000.000000,727505600000000.000000,"指数2015=100(OECD,停2017)",M,M2_FRED_SA,FRED(OECD转载BOJ),VALIDATED_MIRROR,,,2026-09-05,LATEST_HISTORY_PROXY,PROXY,CURRENT_HISTORY_ONLY_NO_VINTAGE,false,true,true
2008-01-31,2008-01,729017800000000.000000,729017800000000.000000,"指数2015=100(OECD,停2017)",M,M2_FRED_SA,FRED(OECD转载BOJ),VALIDATED_MIRROR,,,2026-09-05,LATEST_HISTORY_PROXY,PROXY,CURRENT_HISTORY_ONLY_NO_VINTAGE,false,true,true
2008-02-29,2008-02,730911500000000.000000,730911500000000.000000,"指数2015=100(OECD,停2017)",M,M2_FRED_SA,FRED(OECD转载BOJ),VALIDATED_MIRROR,,,2026-09-05,LATEST_HISTORY_PROXY,PROXY,CURRENT_HISTORY_ONLY_NO_VINTAGE,false,true,true
2008-03-31,2008-03,731568400000000.000000,731568400000000.000000,"指数2015=100(OECD,停2017)",M,M2_FRED_SA,FRED(OECD转载BOJ),VALIDATED_MIRROR,,,2026-09-05,LATEST_HISTORY_PROXY,PROXY,CURRENT_HISTORY_ONLY_NO_VINTAGE,false,true,true
2008-04-30,2008-04,730218800000000.000000,730218800000000.000000,"指数2015=100(OECD,停2017)",M,M2_FRED_SA,FRED(OECD转载BOJ),VALIDATED_MIRROR,,,2026-09-05,LATEST_HISTORY_PROXY,PROXY,CURRENT_HISTORY_ONLY_NO_VINTAGE,false,true,true
2008-05-31,2008-05,732683400000000.000000,732683400000000.000000,"指数2015=100(OECD,停2017)",M,M2_FRED_SA,FRED(OECD转载BOJ),VALIDATED_MIRROR,,,2026-09-05,LATEST_HISTORY_PROXY,PROXY,CURRENT_HISTORY_ONLY_NO_VINTAGE,false,true,true
2008-06-30,2008-06,734958000000000.00000,734958000000000.00000,"指数2015=100(OECD,停2017)",M,M2_FRED_SA,FRED(OECD转载BOJ),VALIDATED_MIRROR,,,2026-09-05,LATEST_HISTORY_PROXY,PROXY,CURRENT_HISTORY_ONLY_NO_VINTAGE,false,true,true
2008-07-31,2008-07,735459100000000.000000,735459100000000.000000,"指数2015=100(OECD,停2017)",M,M2_FRED_SA,FRED(OECD转载BOJ),VALIDATED_MIRROR,,,2026-09-05,LATEST_HISTORY_PROXY,PROXY,CURRENT_HISTORY_ONLY_NO_VINTAGE,false,true,true
2008-08-31,2008-08,736727700000000.000000,736727700000000.000000,"指数2015=100(OECD,停2017)",M,M2_FRED_SA,FRED(OECD转载BOJ),VALIDATED_MIRROR,,,2026-09-05,LATEST_HISTORY_PROXY,PROXY,CURRENT_HISTORY_ONLY_NO_VINTAGE,false,true,true
2008-09-30,2008-09,737264100000000.000000,737264100000000.000000,"指数2015=100(OECD,停2017)",M,M2_FRED_SA,FRED(OECD转载BOJ),VALIDATED_MIRROR,,,2026-09-05,LATEST_HISTORY_PROXY,PROXY,CURRENT_HISTORY_ONLY_NO_VINTAGE,false,true,true
2008-10-31,2008-10,736410400000000.000000,736410400000000.000000,"指数2015=100(OECD,停2017)",M,M2_FRED_SA,FRED(OECD转载BOJ),VALIDATED_MIRROR,,,2026-09-05,LATEST_HISTORY_PROXY,PROXY,CURRENT_HISTORY_ONLY_NO_VINTAGE,false,true,true
2008-11-30,2008-11,738797300000000.000000,738797300000000.000000,"指数2015=100(OECD,停2017)",M,M2_FRED_SA,FRED(OECD转载BOJ),VALIDATED_MIRROR,,,2026-09-05,LATEST_HISTORY_PROXY,PROXY,CURRENT_HISTORY_ONLY_NO_VINTAGE,false,true,true
2008-12-31,2008-12,741154100000000.000000,741154100000000.000000,"指数2015=100(OECD,停2017)",M,M2_FRED_SA,FRED(OECD转载BOJ),VALIDATED_MIRROR,,,2026-09-05,LATEST_HISTORY_PROXY,PROXY,CURRENT_HISTORY_ONLY_NO_VINTAGE,false,true,true
2009-01-31,2009-01,743672500000000.000000,743672500000000.000000,"指数2015=100(OECD,停2017)",M,M2_FRED_SA,FRED(OECD转载BOJ),VALIDATED_MIRROR,,,2026-09-05,LATEST_HISTORY_PROXY,PROXY,CURRENT_HISTORY_ONLY_NO_VINTAGE,false,true,true
2009-02-28,2009-02,746639100000000.000000,746639100000000.000000,"指数2015=100(OECD,停2017)",M,M2_FRED_SA,FRED(OECD转载BOJ),VALIDATED_MIRROR,,,2026-09-05,LATEST_HISTORY_PROXY,PROXY,CURRENT_HISTORY_ONLY_NO_VINTAGE,false,true,true
2009-03-31,2009-03,748233000000000.00000,748233000000000.00000,"指数2015=100(OECD,停2017)",M,M2_FRED_SA,FRED(OECD转载BOJ),VALIDATED_MIRROR,,,2026-09-05,LATEST_HISTORY_PROXY,PROXY,CURRENT_HISTORY_ONLY_NO_VINTAGE,false,true,true
2009-04-30,2009-04,749692900000000.000000,749692900000000.000000,"指数2015=100(OECD,停2017)",M,M2_FRED_SA,FRED(OECD转载BOJ),VALIDATED_MIRROR,,,2026-09-05,LATEST_HISTORY_PROXY,PROXY,CURRENT_HISTORY_ONLY_NO_VINTAGE,false,true,true
2009-05-31,2009-05,752040200000000.000000,752040200000000.000000,"指数2015=100(OECD,停2017)",M,M2_FRED_SA,FRED(OECD转载BOJ),VALIDATED_MIRROR,,,2026-09-05,LATEST_HISTORY_PROXY,PROXY,CURRENT_HISTORY_ONLY_NO_VINTAGE,false,true,true
2009-06-30,2009-06,753133500000000.000000,753133500000000.000000,"指数2015=100(OECD,停2017)",M,M2_FRED_SA,FRED(OECD转载BOJ),VALIDATED_MIRROR,,,2026-09-05,LATEST_HISTORY_PROXY,PROXY,CURRENT_HISTORY_ONLY_NO_VINTAGE,false,true,true
2009-07-31,2009-07,755400600000000.000000,755400600000000.000000,"指数2015=100(OECD,停2017)",M,M2_FRED_SA,FRED(OECD转载BOJ),VALIDATED_MIRROR,,,2026-09-05,LATEST_HISTORY_PROXY,PROXY,CURRENT_HISTORY_ONLY_NO_VINTAGE,false,true,true
2009-08-31,2009-08,757304100000000.000000,757304100000000.000000,"指数2015=100(OECD,停2017)",M,M2_FRED_SA,FRED(OECD转载BOJ),VALIDATED_MIRROR,,,2026-09-05,LATEST_HISTORY_PROXY,PROXY,CURRENT_HISTORY_ONLY_NO_VINTAGE,false,true,true
2009-09-30,2009-09,759123200000000.000000,759123200000000.000000,"指数2015=100(OECD,停2017)",M,M2_FRED_SA,FRED(OECD转载BOJ),VALIDATED_MIRROR,,,2026-09-05,LATEST_HISTORY_PROXY,PROXY,CURRENT_HISTORY_ONLY_NO_VINTAGE,false,true,true
2009-10-31,2009-10,761031200000000.000000,761031200000000.000000,"指数2015=100(OECD,停2017)",M,M2_FRED_SA,FRED(OECD转载BOJ),VALIDATED_MIRROR,,,2026-09-05,LATEST_HISTORY_PROXY,PROXY,CURRENT_HISTORY_ONLY_NO_VINTAGE,false,true,true
2009-11-30,2009-11,763003900000000.000000,763003900000000.000000,"指数2015=100(OECD,停2017)",M,M2_FRED_SA,FRED(OECD转载BOJ),VALIDATED_MIRROR,,,2026-09-05,LATEST_HISTORY_PROXY,PROXY,CURRENT_HISTORY_ONLY_NO_VINTAGE,false,true,true
2009-12-31,2009-12,764212200000000.000000,764212200000000.000000,"指数2015=100(OECD,停2017)",M,M2_FRED_SA,FRED(OECD转载BOJ),VALIDATED_MIRROR,,,2026-09-05,LATEST_HISTORY_PROXY,PROXY,CURRENT_HISTORY_ONLY_NO_VINTAGE,false,true,true
2010-01-31,2010-01,766254300000000.000000,766254300000000.000000,"指数2015=100(OECD,停2017)",M,M2_FRED_SA,FRED(OECD转载BOJ),VALIDATED_MIRROR,,,2026-09-05,LATEST_HISTORY_PROXY,PROXY,CURRENT_HISTORY_ONLY_NO_VINTAGE,false,true,true
2010-02-28,2010-02,767507500000000.000000,767507500000000.000000,"指数2015=100(OECD,停2017)",M,M2_FRED_SA,FRED(OECD转载BOJ),VALIDATED_MIRROR,,,2026-09-05,LATEST_HISTORY_PROXY,PROXY,CURRENT_HISTORY_ONLY_NO_VINTAGE,false,true,true
2010-03-31,2010-03,768505600000000.000000,768505600000000.000000,"指数2015=100(OECD,停2017)",M,M2_FRED_SA,FRED(OECD转载BOJ),VALIDATED_MIRROR,,,2026-09-05,LATEST_HISTORY_PROXY,PROXY,CURRENT_HISTORY_ONLY_NO_VINTAGE,false,true,true
2010-04-30,2010-04,771070100000000.000000,771070100000000.000000,"指数2015=100(OECD,停2017)",M,M2_FRED_SA,FRED(OECD转载BOJ),VALIDATED_MIRROR,,,2026-09-05,LATEST_HISTORY_PROXY,PROXY,CURRENT_HISTORY_ONLY_NO_VINTAGE,false,true,true
2010-05-31,2010-05,775214100000000.000000,775214100000000.000000,"指数2015=100(OECD,停2017)",M,M2_FRED_SA,FRED(OECD转载BOJ),VALIDATED_MIRROR,,,2026-09-05,LATEST_HISTORY_PROXY,PROXY,CURRENT_HISTORY_ONLY_NO_VINTAGE,false,true,true
2010-06-30,2010-06,774772000000000.00000,774772000000000.00000,"指数2015=100(OECD,停2017)",M,M2_FRED_SA,FRED(OECD转载BOJ),VALIDATED_MIRROR,,,2026-09-05,LATEST_HISTORY_PROXY,PROXY,CURRENT_HISTORY_ONLY_NO_VINTAGE,false,true,true
2010-07-31,2010-07,775922900000000.000000,775922900000000.000000,"指数2015=100(OECD,停2017)",M,M2_FRED_SA,FRED(OECD转载BOJ),VALIDATED_MIRROR,,,2026-09-05,LATEST_HISTORY_PROXY,PROXY,CURRENT_HISTORY_ONLY_NO_VINTAGE,false,true,true
2010-08-31,2010-08,778410900000000.000000,778410900000000.000000,"指数2015=100(OECD,停2017)",M,M2_FRED_SA,FRED(OECD转载BOJ),VALIDATED_MIRROR,,,2026-09-05,LATEST_HISTORY_PROXY,PROXY,CURRENT_HISTORY_ONLY_NO_VINTAGE,false,true,true
2010-09-30,2010-09,780144200000000.000000,780144200000000.000000,"指数2015=100(OECD,停2017)",M,M2_FRED_SA,FRED(OECD转载BOJ),VALIDATED_MIRROR,,,2026-09-05,LATEST_HISTORY_PROXY,PROXY,CURRENT_HISTORY_ONLY_NO_VINTAGE,false,true,true
2010-10-31,2010-10,781847400000000.000000,781847400000000.000000,"指数2015=100(OECD,停2017)",M,M2_FRED_SA,FRED(OECD转载BOJ),VALIDATED_MIRROR,,,2026-09-05,LATEST_HISTORY_PROXY,PROXY,CURRENT_HISTORY_ONLY_NO_VINTAGE,false,true,true
2010-11-30,2010-11,782422900000000.000000,782422900000000.000000,"指数2015=100(OECD,停2017)",M,M2_FRED_SA,FRED(OECD转载BOJ),VALIDATED_MIRROR,,,2026-09-05,LATEST_HISTORY_PROXY,PROXY,CURRENT_HISTORY_ONLY_NO_VINTAGE,false,true,true
2010-12-31,2010-12,782124800000000.000000,782124800000000.000000,"指数2015=100(OECD,停2017)",M,M2_FRED_SA,FRED(OECD转载BOJ),VALIDATED_MIRROR,,,2026-09-05,LATEST_HISTORY_PROXY,PROXY,CURRENT_HISTORY_ONLY_NO_VINTAGE,false,true,true
2011-01-31,2011-01,784191300000000.000000,784191300000000.000000,"指数2015=100(OECD,停2017)",M,M2_FRED_SA,FRED(OECD转载BOJ),VALIDATED_MIRROR,,,2026-09-05,LATEST_HISTORY_PROXY,PROXY,CURRENT_HISTORY_ONLY_NO_VINTAGE,false,true,true
2011-02-28,2011-02,786271600000000.000000,786271600000000.000000,"指数2015=100(OECD,停2017)",M,M2_FRED_SA,FRED(OECD转载BOJ),VALIDATED_MIRROR,,,2026-09-05,LATEST_HISTORY_PROXY,PROXY,CURRENT_HISTORY_ONLY_NO_VINTAGE,false,true,true
2011-03-31,2011-03,788467400000000.000000,788467400000000.000000,"指数2015=100(OECD,停2017)",M,M2_FRED_SA,FRED(OECD转载BOJ),VALIDATED_MIRROR,,,2026-09-05,LATEST_HISTORY_PROXY,PROXY,CURRENT_HISTORY_ONLY_NO_VINTAGE,false,true,true
2011-04-30,2011-04,791857600000000.000000,791857600000000.000000,"指数2015=100(OECD,停2017)",M,M2_FRED_SA,FRED(OECD转载BOJ),VALIDATED_MIRROR,,,2026-09-05,LATEST_HISTORY_PROXY,PROXY,CURRENT_HISTORY_ONLY_NO_VINTAGE,false,true,true
2011-05-31,2011-05,796042300000000.000000,796042300000000.000000,"指数2015=100(OECD,停2017)",M,M2_FRED_SA,FRED(OECD转载BOJ),VALIDATED_MIRROR,,,2026-09-05,LATEST_HISTORY_PROXY,PROXY,CURRENT_HISTORY_ONLY_NO_VINTAGE,false,true,true
2011-06-30,2011-06,796635300000000.000000,796635300000000.000000,"指数2015=100(OECD,停2017)",M,M2_FRED_SA,FRED(OECD转载BOJ),VALIDATED_MIRROR,,,2026-09-05,LATEST_HISTORY_PROXY,PROXY,CURRENT_HISTORY_ONLY_NO_VINTAGE,false,true,true
2011-07-31,2011-07,798703700000000.000000,798703700000000.000000,"指数2015=100(OECD,停2017)",M,M2_FRED_SA,FRED(OECD转载BOJ),VALIDATED_MIRROR,,,2026-09-05,LATEST_HISTORY_PROXY,PROXY,CURRENT_HISTORY_ONLY_NO_VINTAGE,false,true,true
2011-08-31,2011-08,799518600000000.000000,799518600000000.000000,"指数2015=100(OECD,停2017)",M,M2_FRED_SA,FRED(OECD转载BOJ),VALIDATED_MIRROR,,,2026-09-05,LATEST_HISTORY_PROXY,PROXY,CURRENT_HISTORY_ONLY_NO_VINTAGE,false,true,true
2011-09-30,2011-09,801521300000000.000000,801521300000000.000000,"指数2015=100(OECD,停2017)",M,M2_FRED_SA,FRED(OECD转载BOJ),VALIDATED_MIRROR,,,2026-09-05,LATEST_HISTORY_PROXY,PROXY,CURRENT_HISTORY_ONLY_NO_VINTAGE,false,true,true
2011-10-31,2011-10,803731400000000.000000,803731400000000.000000,"指数2015=100(OECD,停2017)",M,M2_FRED_SA,FRED(OECD转载BOJ),VALIDATED_MIRROR,,,2026-09-05,LATEST_HISTORY_PROXY,PROXY,CURRENT_HISTORY_ONLY_NO_VINTAGE,false,true,true
2011-11-30,2011-11,805684800000000.000000,805684800000000.000000,"指数2015=100(OECD,停2017)",M,M2_FRED_SA,FRED(OECD转载BOJ),VALIDATED_MIRROR,,,2026-09-05,LATEST_HISTORY_PROXY,PROXY,CURRENT_HISTORY_ONLY_NO_VINTAGE,false,true,true
2011-12-31,2011-12,806454800000000.000000,806454800000000.000000,"指数2015=100(OECD,停2017)",M,M2_FRED_SA,FRED(OECD转载BOJ),VALIDATED_MIRROR,,,2026-09-05,LATEST_HISTORY_PROXY,PROXY,CURRENT_HISTORY_ONLY_NO_VINTAGE,false,true,true
2012-01-31,2012-01,808053100000000.000000,808053100000000.000000,"指数2015=100(OECD,停2017)",M,M2_FRED_SA,FRED(OECD转载BOJ),VALIDATED_MIRROR,,,2026-09-05,LATEST_HISTORY_PROXY,PROXY,CURRENT_HISTORY_ONLY_NO_VINTAGE,false,true,true
2012-02-29,2012-02,809353500000000.000000,809353500000000.000000,"指数2015=100(OECD,停2017)",M,M2_FRED_SA,FRED(OECD转载BOJ),VALIDATED_MIRROR,,,2026-09-05,LATEST_HISTORY_PROXY,PROXY,CURRENT_HISTORY_ONLY_NO_VINTAGE,false,true,true
2012-03-31,2012-03,811535500000000.000000,811535500000000.000000,"指数2015=100(OECD,停2017)",M,M2_FRED_SA,FRED(OECD转载BOJ),VALIDATED_MIRROR,,,2026-09-05,LATEST_HISTORY_PROXY,PROXY,CURRENT_HISTORY_ONLY_NO_VINTAGE,false,true,true
2012-04-30,2012-04,812562400000000.000000,812562400000000.000000,"指数2015=100(OECD,停2017)",M,M2_FRED_SA,FRED(OECD转载BOJ),VALIDATED_MIRROR,,,2026-09-05,LATEST_HISTORY_PROXY,PROXY,CURRENT_HISTORY_ONLY_NO_VINTAGE,false,true,true
2012-05-31,2012-05,813517200000000.000000,813517200000000.000000,"指数2015=100(OECD,停2017)",M,M2_FRED_SA,FRED(OECD转载BOJ),VALIDATED_MIRROR,,,2026-09-05,LATEST_HISTORY_PROXY,PROXY,CURRENT_HISTORY_ONLY_NO_VINTAGE,false,true,true
2012-06-30,2012-06,814609700000000.000000,814609700000000.000000,"指数2015=100(OECD,停2017)",M,M2_FRED_SA,FRED(OECD转载BOJ),VALIDATED_MIRROR,,,2026-09-05,LATEST_HISTORY_PROXY,PROXY,CURRENT_HISTORY_ONLY_NO_VINTAGE,false,true,true
2012-07-31,2012-07,817155500000000.000000,817155500000000.000000,"指数2015=100(OECD,停2017)",M,M2_FRED_SA,FRED(OECD转载BOJ),VALIDATED_MIRROR,,,2026-09-05,LATEST_HISTORY_PROXY,PROXY,CURRENT_HISTORY_ONLY_NO_VINTAGE,false,true,true
2012-08-31,2012-08,819331600000000.000000,819331600000000.000000,"指数2015=100(OECD,停2017)",M,M2_FRED_SA,FRED(OECD转载BOJ),VALIDATED_MIRROR,,,2026-09-05,LATEST_HISTORY_PROXY,PROXY,CURRENT_HISTORY_ONLY_NO_VINTAGE,false,true,true
2012-09-30,2012-09,821119200000000.000000,821119200000000.000000,"指数2015=100(OECD,停2017)",M,M2_FRED_SA,FRED(OECD转载BOJ),VALIDATED_MIRROR,,,2026-09-05,LATEST_HISTORY_PROXY,PROXY,CURRENT_HISTORY_ONLY_NO_VINTAGE,false,true,true
2012-10-31,2012-10,822064900000000.000000,822064900000000.000000,"指数2015=100(OECD,停2017)",M,M2_FRED_SA,FRED(OECD转载BOJ),VALIDATED_MIRROR,,,2026-09-05,LATEST_HISTORY_PROXY,PROXY,CURRENT_HISTORY_ONLY_NO_VINTAGE,false,true,true
2012-11-30,2012-11,822401300000000.000000,822401300000000.000000,"指数2015=100(OECD,停2017)",M,M2_FRED_SA,FRED(OECD转载BOJ),VALIDATED_MIRROR,,,2026-09-05,LATEST_HISTORY_PROXY,PROXY,CURRENT_HISTORY_ONLY_NO_VINTAGE,false,true,true
2012-12-31,2012-12,826626600000000.000000,826626600000000.000000,"指数2015=100(OECD,停2017)",M,M2_FRED_SA,FRED(OECD转载BOJ),VALIDATED_MIRROR,,,2026-09-05,LATEST_HISTORY_PROXY,PROXY,CURRENT_HISTORY_ONLY_NO_VINTAGE,false,true,true
2013-01-31,2013-01,829400100000000.000000,829400100000000.000000,"指数2015=100(OECD,停2017)",M,M2_FRED_SA,FRED(OECD转载BOJ),VALIDATED_MIRROR,,,2026-09-05,LATEST_HISTORY_PROXY,PROXY,CURRENT_HISTORY_ONLY_NO_VINTAGE,false,true,true
2013-02-28,2013-02,832728700000000.000000,832728700000000.000000,"指数2015=100(OECD,停2017)",M,M2_FRED_SA,FRED(OECD转载BOJ),VALIDATED_MIRROR,,,2026-09-05,LATEST_HISTORY_PROXY,PROXY,CURRENT_HISTORY_ONLY_NO_VINTAGE,false,true,true
2013-03-31,2013-03,836299000000000.00000,836299000000000.00000,"指数2015=100(OECD,停2017)",M,M2_FRED_SA,FRED(OECD转载BOJ),VALIDATED_MIRROR,,,2026-09-05,LATEST_HISTORY_PROXY,PROXY,CURRENT_HISTORY_ONLY_NO_VINTAGE,false,true,true
2013-04-30,2013-04,838721600000000.000000,838721600000000.000000,"指数2015=100(OECD,停2017)",M,M2_FRED_SA,FRED(OECD转载BOJ),VALIDATED_MIRROR,,,2026-09-05,LATEST_HISTORY_PROXY,PROXY,CURRENT_HISTORY_ONLY_NO_VINTAGE,false,true,true
2013-05-31,2013-05,841970100000000.000000,841970100000000.000000,"指数2015=100(OECD,停2017)",M,M2_FRED_SA,FRED(OECD转载BOJ),VALIDATED_MIRROR,,,2026-09-05,LATEST_HISTORY_PROXY,PROXY,CURRENT_HISTORY_ONLY_NO_VINTAGE,false,true,true
2013-06-30,2013-06,845781500000000.000000,845781500000000.000000,"指数2015=100(OECD,停2017)",M,M2_FRED_SA,FRED(OECD转载BOJ),VALIDATED_MIRROR,,,2026-09-05,LATEST_HISTORY_PROXY,PROXY,CURRENT_HISTORY_ONLY_NO_VINTAGE,false,true,true
2013-07-31,2013-07,848105100000000.000000,848105100000000.000000,"指数2015=100(OECD,停2017)",M,M2_FRED_SA,FRED(OECD转载BOJ),VALIDATED_MIRROR,,,2026-09-05,LATEST_HISTORY_PROXY,PROXY,CURRENT_HISTORY_ONLY_NO_VINTAGE,false,true,true
2013-08-31,2013-08,850579700000000.000000,850579700000000.000000,"指数2015=100(OECD,停2017)",M,M2_FRED_SA,FRED(OECD转载BOJ),VALIDATED_MIRROR,,,2026-09-05,LATEST_HISTORY_PROXY,PROXY,CURRENT_HISTORY_ONLY_NO_VINTAGE,false,true,true
2013-09-30,2013-09,853221400000000.000000,853221400000000.000000,"指数2015=100(OECD,停2017)",M,M2_FRED_SA,FRED(OECD转载BOJ),VALIDATED_MIRROR,,,2026-09-05,LATEST_HISTORY_PROXY,PROXY,CURRENT_HISTORY_ONLY_NO_VINTAGE,false,true,true
2013-10-31,2013-10,856068600000000.000000,856068600000000.000000,"指数2015=100(OECD,停2017)",M,M2_FRED_SA,FRED(OECD转载BOJ),VALIDATED_MIRROR,,,2026-09-05,LATEST_HISTORY_PROXY,PROXY,CURRENT_HISTORY_ONLY_NO_VINTAGE,false,true,true
2013-11-30,2013-11,857764600000000.000000,857764600000000.000000,"指数2015=100(OECD,停2017)",M,M2_FRED_SA,FRED(OECD转载BOJ),VALIDATED_MIRROR,,,2026-09-05,LATEST_HISTORY_PROXY,PROXY,CURRENT_HISTORY_ONLY_NO_VINTAGE,false,true,true
2013-12-31,2013-12,860992600000000.000000,860992600000000.000000,"指数2015=100(OECD,停2017)",M,M2_FRED_SA,FRED(OECD转载BOJ),VALIDATED_MIRROR,,,2026-09-05,LATEST_HISTORY_PROXY,PROXY,CURRENT_HISTORY_ONLY_NO_VINTAGE,false,true,true
2014-01-31,2014-01,864710900000000.000000,864710900000000.000000,"指数2015=100(OECD,停2017)",M,M2_FRED_SA,FRED(OECD转载BOJ),VALIDATED_MIRROR,,,2026-09-05,LATEST_HISTORY_PROXY,PROXY,CURRENT_HISTORY_ONLY_NO_VINTAGE,false,true,true
2014-02-28,2014-02,865372800000000.000000,865372800000000.000000,"指数2015=100(OECD,停2017)",M,M2_FRED_SA,FRED(OECD转载BOJ),VALIDATED_MIRROR,,,2026-09-05,LATEST_HISTORY_PROXY,PROXY,CURRENT_HISTORY_ONLY_NO_VINTAGE,false,true,true
2014-03-31,2014-03,866239600000000.000000,866239600000000.000000,"指数2015=100(OECD,停2017)",M,M2_FRED_SA,FRED(OECD转载BOJ),VALIDATED_MIRROR,,,2026-09-05,LATEST_HISTORY_PROXY,PROXY,CURRENT_HISTORY_ONLY_NO_VINTAGE,false,true,true
2014-04-30,2014-04,868091800000000.000000,868091800000000.000000,"指数2015=100(OECD,停2017)",M,M2_FRED_SA,FRED(OECD转载BOJ),VALIDATED_MIRROR,,,2026-09-05,LATEST_HISTORY_PROXY,PROXY,CURRENT_HISTORY_ONLY_NO_VINTAGE,false,true,true
2014-05-31,2014-05,869528300000000.000000,869528300000000.000000,"指数2015=100(OECD,停2017)",M,M2_FRED_SA,FRED(OECD转载BOJ),VALIDATED_MIRROR,,,2026-09-05,LATEST_HISTORY_PROXY,PROXY,CURRENT_HISTORY_ONLY_NO_VINTAGE,false,true,true
2014-06-30,2014-06,871765900000000.000000,871765900000000.000000,"指数2015=100(OECD,停2017)",M,M2_FRED_SA,FRED(OECD转载BOJ),VALIDATED_MIRROR,,,2026-09-05,LATEST_HISTORY_PROXY,PROXY,CURRENT_HISTORY_ONLY_NO_VINTAGE,false,true,true
2014-07-31,2014-07,873699700000000.000000,873699700000000.000000,"指数2015=100(OECD,停2017)",M,M2_FRED_SA,FRED(OECD转载BOJ),VALIDATED_MIRROR,,,2026-09-05,LATEST_HISTORY_PROXY,PROXY,CURRENT_HISTORY_ONLY_NO_VINTAGE,false,true,true
2014-08-31,2014-08,876001300000000.000000,876001300000000.000000,"指数2015=100(OECD,停2017)",M,M2_FRED_SA,FRED(OECD转载BOJ),VALIDATED_MIRROR,,,2026-09-05,LATEST_HISTORY_PROXY,PROXY,CURRENT_HISTORY_ONLY_NO_VINTAGE,false,true,true
2014-09-30,2014-09,879801100000000.000000,879801100000000.000000,"指数2015=100(OECD,停2017)",M,M2_FRED_SA,FRED(OECD转载BOJ),VALIDATED_MIRROR,,,2026-09-05,LATEST_HISTORY_PROXY,PROXY,CURRENT_HISTORY_ONLY_NO_VINTAGE,false,true,true
2014-10-31,2014-10,883280200000000.000000,883280200000000.000000,"指数2015=100(OECD,停2017)",M,M2_FRED_SA,FRED(OECD转载BOJ),VALIDATED_MIRROR,,,2026-09-05,LATEST_HISTORY_PROXY,PROXY,CURRENT_HISTORY_ONLY_NO_VINTAGE,false,true,true
2014-11-30,2014-11,888003500000000.000000,888003500000000.000000,"指数2015=100(OECD,停2017)",M,M2_FRED_SA,FRED(OECD转载BOJ),VALIDATED_MIRROR,,,2026-09-05,LATEST_HISTORY_PROXY,PROXY,CURRENT_HISTORY_ONLY_NO_VINTAGE,false,true,true
2014-12-31,2014-12,891360000000000.0000,891360000000000.0000,"指数2015=100(OECD,停2017)",M,M2_FRED_SA,FRED(OECD转载BOJ),VALIDATED_MIRROR,,,2026-09-05,LATEST_HISTORY_PROXY,PROXY,CURRENT_HISTORY_ONLY_NO_VINTAGE,false,true,true
2015-01-31,2015-01,893554700000000.000000,893554700000000.000000,"指数2015=100(OECD,停2017)",M,M2_FRED_SA,FRED(OECD转载BOJ),VALIDATED_MIRROR,,,2026-09-05,LATEST_HISTORY_PROXY,PROXY,CURRENT_HISTORY_ONLY_NO_VINTAGE,false,true,true
2015-02-28,2015-02,895584300000000.000000,895584300000000.000000,"指数2015=100(OECD,停2017)",M,M2_FRED_SA,FRED(OECD转载BOJ),VALIDATED_MIRROR,,,2026-09-05,LATEST_HISTORY_PROXY,PROXY,CURRENT_HISTORY_ONLY_NO_VINTAGE,false,true,true
2015-03-31,2015-03,897942500000000.000000,897942500000000.000000,"指数2015=100(OECD,停2017)",M,M2_FRED_SA,FRED(OECD转载BOJ),VALIDATED_MIRROR,,,2026-09-05,LATEST_HISTORY_PROXY,PROXY,CURRENT_HISTORY_ONLY_NO_VINTAGE,false,true,true
2015-04-30,2015-04,899974600000000.000000,899974600000000.000000,"指数2015=100(OECD,停2017)",M,M2_FRED_SA,FRED(OECD转载BOJ),VALIDATED_MIRROR,,,2026-09-05,LATEST_HISTORY_PROXY,PROXY,CURRENT_HISTORY_ONLY_NO_VINTAGE,false,true,true
2015-05-31,2015-05,905085200000000.000000,905085200000000.000000,"指数2015=100(OECD,停2017)",M,M2_FRED_SA,FRED(OECD转载BOJ),VALIDATED_MIRROR,,,2026-09-05,LATEST_HISTORY_PROXY,PROXY,CURRENT_HISTORY_ONLY_NO_VINTAGE,false,true,true
2015-06-30,2015-06,906294600000000.000000,906294600000000.000000,"指数2015=100(OECD,停2017)",M,M2_FRED_SA,FRED(OECD转载BOJ),VALIDATED_MIRROR,,,2026-09-05,LATEST_HISTORY_PROXY,PROXY,CURRENT_HISTORY_ONLY_NO_VINTAGE,false,true,true
2015-07-31,2015-07,909245000000000.00000,909245000000000.00000,"指数2015=100(OECD,停2017)",M,M2_FRED_SA,FRED(OECD转载BOJ),VALIDATED_MIRROR,,,2026-09-05,LATEST_HISTORY_PROXY,PROXY,CURRENT_HISTORY_ONLY_NO_VINTAGE,false,true,true
2015-08-31,2015-08,912552100000000.000000,912552100000000.000000,"指数2015=100(OECD,停2017)",M,M2_FRED_SA,FRED(OECD转载BOJ),VALIDATED_MIRROR,,,2026-09-05,LATEST_HISTORY_PROXY,PROXY,CURRENT_HISTORY_ONLY_NO_VINTAGE,false,true,true
2015-09-30,2015-09,913466700000000.000000,913466700000000.000000,"指数2015=100(OECD,停2017)",M,M2_FRED_SA,FRED(OECD转载BOJ),VALIDATED_MIRROR,,,2026-09-05,LATEST_HISTORY_PROXY,PROXY,CURRENT_HISTORY_ONLY_NO_VINTAGE,false,true,true
2015-10-31,2015-10,915511400000000,915511400000000,"指数2015=100(OECD,停2017)",M,M2_FRED_SA,FRED(OECD转载BOJ),VALIDATED_MIRROR,,,2026-09-05,LATEST_HISTORY_PROXY,PROXY,CURRENT_HISTORY_ONLY_NO_VINTAGE,false,true,true
2015-11-30,2015-11,917338900000000.000000,917338900000000.000000,"指数2015=100(OECD,停2017)",M,M2_FRED_SA,FRED(OECD转载BOJ),VALIDATED_MIRROR,,,2026-09-05,LATEST_HISTORY_PROXY,PROXY,CURRENT_HISTORY_ONLY_NO_VINTAGE,false,true,true
2015-12-31,2015-12,918860800000000.000000,918860800000000.000000,"指数2015=100(OECD,停2017)",M,M2_FRED_SA,FRED(OECD转载BOJ),VALIDATED_MIRROR,,,2026-09-05,LATEST_HISTORY_PROXY,PROXY,CURRENT_HISTORY_ONLY_NO_VINTAGE,false,true,true
2016-01-31,2016-01,921563600000000,921563600000000,"指数2015=100(OECD,停2017)",M,M2_FRED_SA,FRED(OECD转载BOJ),VALIDATED_MIRROR,,,2026-09-05,LATEST_HISTORY_PROXY,PROXY,CURRENT_HISTORY_ONLY_NO_VINTAGE,false,true,true
2016-02-29,2016-02,924250300000000.000000,924250300000000.000000,"指数2015=100(OECD,停2017)",M,M2_FRED_SA,FRED(OECD转载BOJ),VALIDATED_MIRROR,,,2026-09-05,LATEST_HISTORY_PROXY,PROXY,CURRENT_HISTORY_ONLY_NO_VINTAGE,false,true,true
2016-03-31,2016-03,926806600000000.000000,926806600000000.000000,"指数2015=100(OECD,停2017)",M,M2_FRED_SA,FRED(OECD转载BOJ),VALIDATED_MIRROR,,,2026-09-05,LATEST_HISTORY_PROXY,PROXY,CURRENT_HISTORY_ONLY_NO_VINTAGE,false,true,true
2016-04-30,2016-04,931215500000000.000000,931215500000000.000000,"指数2015=100(OECD,停2017)",M,M2_FRED_SA,FRED(OECD转载BOJ),VALIDATED_MIRROR,,,2026-09-05,LATEST_HISTORY_PROXY,PROXY,CURRENT_HISTORY_ONLY_NO_VINTAGE,false,true,true
2016-05-31,2016-05,936066500000000.000000,936066500000000.000000,"指数2015=100(OECD,停2017)",M,M2_FRED_SA,FRED(OECD转载BOJ),VALIDATED_MIRROR,,,2026-09-05,LATEST_HISTORY_PROXY,PROXY,CURRENT_HISTORY_ONLY_NO_VINTAGE,false,true,true
2016-06-30,2016-06,937754400000000.000000,937754400000000.000000,"指数2015=100(OECD,停2017)",M,M2_FRED_SA,FRED(OECD转载BOJ),VALIDATED_MIRROR,,,2026-09-05,LATEST_HISTORY_PROXY,PROXY,CURRENT_HISTORY_ONLY_NO_VINTAGE,false,true,true
2016-07-31,2016-07,940137900000000.000000,940137900000000.000000,"指数2015=100(OECD,停2017)",M,M2_FRED_SA,FRED(OECD转载BOJ),VALIDATED_MIRROR,,,2026-09-05,LATEST_HISTORY_PROXY,PROXY,CURRENT_HISTORY_ONLY_NO_VINTAGE,false,true,true
2016-08-31,2016-08,942082600000000.000000,942082600000000.000000,"指数2015=100(OECD,停2017)",M,M2_FRED_SA,FRED(OECD转载BOJ),VALIDATED_MIRROR,,,2026-09-05,LATEST_HISTORY_PROXY,PROXY,CURRENT_HISTORY_ONLY_NO_VINTAGE,false,true,true
2016-09-30,2016-09,945826500000000.000000,945826500000000.000000,"指数2015=100(OECD,停2017)",M,M2_FRED_SA,FRED(OECD转载BOJ),VALIDATED_MIRROR,,,2026-09-05,LATEST_HISTORY_PROXY,PROXY,CURRENT_HISTORY_ONLY_NO_VINTAGE,false,true,true
2016-10-31,2016-10,949202000000000.00000,949202000000000.00000,"指数2015=100(OECD,停2017)",M,M2_FRED_SA,FRED(OECD转载BOJ),VALIDATED_MIRROR,,,2026-09-05,LATEST_HISTORY_PROXY,PROXY,CURRENT_HISTORY_ONLY_NO_VINTAGE,false,true,true
2016-11-30,2016-11,953066300000000.000000,953066300000000.000000,"指数2015=100(OECD,停2017)",M,M2_FRED_SA,FRED(OECD转载BOJ),VALIDATED_MIRROR,,,2026-09-05,LATEST_HISTORY_PROXY,PROXY,CURRENT_HISTORY_ONLY_NO_VINTAGE,false,true,true
2016-12-31,2016-12,956012400000000.000000,956012400000000.000000,"指数2015=100(OECD,停2017)",M,M2_FRED_SA,FRED(OECD转载BOJ),VALIDATED_MIRROR,,,2026-09-05,LATEST_HISTORY_PROXY,PROXY,CURRENT_HISTORY_ONLY_NO_VINTAGE,false,true,true
2017-01-31,2017-01,959171000000000.00000,959171000000000.00000,"指数2015=100(OECD,停2017)",M,M2_FRED_SA,FRED(OECD转载BOJ),VALIDATED_MIRROR,,,2026-09-05,LATEST_HISTORY_PROXY,PROXY,CURRENT_HISTORY_ONLY_NO_VINTAGE,false,true,true
2017-02-28,2017-02,963218700000000.000000,963218700000000.000000,"指数2015=100(OECD,停2017)",M,M2_FRED_SA,FRED(OECD转载BOJ),VALIDATED_MIRROR,,,2026-09-05,LATEST_HISTORY_PROXY,PROXY,CURRENT_HISTORY_ONLY_NO_VINTAGE,false,true,true
