date,period,value,value_raw,unit,freq,source,provider,source_type,definition_regime,note,value_available_date,vintage_type,release_rule_status,vintage_evidence,historical_realtime_eligible,post_vad_eligible,source_validity_eligible
1955-02-28,1955-02,1.4285717147,1.4285717147,%环比(非level),M,IIP_FRED_MOM,FRED(OECD转载经产省),VALIDATED_MIRROR,,IIP2020BASE_MOM,2026-09-05,LATEST_HISTORY_PROXY,PROXY,CURRENT_HISTORY_ONLY_NO_VINTAGE,false,true,true
1955-03-31,1955-03,1.4084504803,1.4084504803,%环比(非level),M,IIP_FRED_MOM,FRED(OECD转载经产省),VALIDATED_MIRROR,,IIP2020BASE_MOM,2026-09-05,LATEST_HISTORY_PROXY,PROXY,CURRENT_HISTORY_ONLY_NO_VINTAGE,false,true,true
1955-04-30,1955-04,0.0,0.0,%环比(非level),M,IIP_FRED_MOM,FRED(OECD转载经产省),VALIDATED_MIRROR,,IIP2020BASE_MOM,2026-09-05,LATEST_HISTORY_PROXY,PROXY,CURRENT_HISTORY_ONLY_NO_VINTAGE,false,true,true
1955-05-31,1955-05,0.0,0.0,%环比(非level),M,IIP_FRED_MOM,FRED(OECD转载经产省),VALIDATED_MIRROR,,IIP2020BASE_MOM,2026-09-05,LATEST_HISTORY_PROXY,PROXY,CURRENT_HISTORY_ONLY_NO_VINTAGE,false,true,true
1955-06-30,1955-06,0.0,0.0,%环比(非level),M,IIP_FRED_MOM,FRED(OECD转载经产省),VALIDATED_MIRROR,,IIP2020BASE_MOM,2026-09-05,LATEST_HISTORY_PROXY,PROXY,CURRENT_HISTORY_ONLY_NO_VINTAGE,false,true,true
1955-07-31,1955-07,2.7777778374,2.7777778374,%环比(非level),M,IIP_FRED_MOM,FRED(OECD转载经产省),VALIDATED_MIRROR,,IIP2020BASE_MOM,2026-09-05,LATEST_HISTORY_PROXY,PROXY,CURRENT_HISTORY_ONLY_NO_VINTAGE,false,true,true
1955-08-31,1955-08,2.7027027591,2.7027027591,%环比(非level),M,IIP_FRED_MOM,FRED(OECD转载经产省),VALIDATED_MIRROR,,IIP2020BASE_MOM,2026-09-05,LATEST_HISTORY_PROXY,PROXY,CURRENT_HISTORY_ONLY_NO_VINTAGE,false,true,true
1955-09-30,1955-09,2.6315791572,2.6315791572,%环比(非level),M,IIP_FRED_MOM,FRED(OECD转载经产省),VALIDATED_MIRROR,,IIP2020BASE_MOM,2026-09-05,LATEST_HISTORY_PROXY,PROXY,CURRENT_HISTORY_ONLY_NO_VINTAGE,false,true,true
1955-10-31,1955-10,0.0,0.0,%环比(非level),M,IIP_FRED_MOM,FRED(OECD转载经产省),VALIDATED_MIRROR,,IIP2020BASE_MOM,2026-09-05,LATEST_HISTORY_PROXY,PROXY,CURRENT_HISTORY_ONLY_NO_VINTAGE,false,true,true
1955-11-30,1955-11,1.282051077,1.282051077,%环比(非level),M,IIP_FRED_MOM,FRED(OECD转载经产省),VALIDATED_MIRROR,,IIP2020BASE_MOM,2026-09-05,LATEST_HISTORY_PROXY,PROXY,CURRENT_HISTORY_ONLY_NO_VINTAGE,false,true,true
1955-12-31,1955-12,2.531645621,2.531645621,%环比(非level),M,IIP_FRED_MOM,FRED(OECD转载经产省),VALIDATED_MIRROR,,IIP2020BASE_MOM,2026-09-05,LATEST_HISTORY_PROXY,PROXY,CURRENT_HISTORY_ONLY_NO_VINTAGE,false,true,true
1956-01-31,1956-01,2.4691358514,2.4691358514,%环比(非level),M,IIP_FRED_MOM,FRED(OECD转载经产省),VALIDATED_MIRROR,,IIP2020BASE_MOM,2026-09-05,LATEST_HISTORY_PROXY,PROXY,CURRENT_HISTORY_ONLY_NO_VINTAGE,false,true,true
1956-02-29,1956-02,2.4096383145,2.4096383145,%环比(非level),M,IIP_FRED_MOM,FRED(OECD转载经产省),VALIDATED_MIRROR,,IIP2020BASE_MOM,2026-09-05,LATEST_HISTORY_PROXY,PROXY,CURRENT_HISTORY_ONLY_NO_VINTAGE,false,true,true
1956-03-31,1956-03,-2.3529409479,-2.3529409479,%环比(非level),M,IIP_FRED_MOM,FRED(OECD转载经产省),VALIDATED_MIRROR,,IIP2020BASE_MOM,2026-09-05,LATEST_HISTORY_PROXY,PROXY,CURRENT_HISTORY_ONLY_NO_VINTAGE,false,true,true
1956-04-30,1956-04,3.6144576864,3.6144576864,%环比(非level),M,IIP_FRED_MOM,FRED(OECD转载经产省),VALIDATED_MIRROR,,IIP2020BASE_MOM,2026-09-05,LATEST_HISTORY_PROXY,PROXY,CURRENT_HISTORY_ONLY_NO_VINTAGE,false,true,true
1956-05-31,1956-05,2.3255814435,2.3255814435,%环比(非level),M,IIP_FRED_MOM,FRED(OECD转载经产省),VALIDATED_MIRROR,,IIP2020BASE_MOM,2026-09-05,LATEST_HISTORY_PROXY,PROXY,CURRENT_HISTORY_ONLY_NO_VINTAGE,false,true,true
1956-06-30,1956-06,2.2727273188,2.2727273188,%环比(非level),M,IIP_FRED_MOM,FRED(OECD转载经产省),VALIDATED_MIRROR,,IIP2020BASE_MOM,2026-09-05,LATEST_HISTORY_PROXY,PROXY,CURRENT_HISTORY_ONLY_NO_VINTAGE,false,true,true
1956-07-31,1956-07,3.3333333333,3.3333333333,%环比(非level),M,IIP_FRED_MOM,FRED(OECD转载经产省),VALIDATED_MIRROR,,IIP2020BASE_MOM,2026-09-05,LATEST_HISTORY_PROXY,PROXY,CURRENT_HISTORY_ONLY_NO_VINTAGE,false,true,true
1956-08-31,1956-08,1.0752687746,1.0752687746,%环比(非level),M,IIP_FRED_MOM,FRED(OECD转载经产省),VALIDATED_MIRROR,,IIP2020BASE_MOM,2026-09-05,LATEST_HISTORY_PROXY,PROXY,CURRENT_HISTORY_ONLY_NO_VINTAGE,false,true,true
1956-09-30,1956-09,2.1276594911,2.1276594911,%环比(非level),M,IIP_FRED_MOM,FRED(OECD转载经产省),VALIDATED_MIRROR,,IIP2020BASE_MOM,2026-09-05,LATEST_HISTORY_PROXY,PROXY,CURRENT_HISTORY_ONLY_NO_VINTAGE,false,true,true
1956-10-31,1956-10,4.1666668781,4.1666668781,%环比(非level),M,IIP_FRED_MOM,FRED(OECD转载经产省),VALIDATED_MIRROR,,IIP2020BASE_MOM,2026-09-05,LATEST_HISTORY_PROXY,PROXY,CURRENT_HISTORY_ONLY_NO_VINTAGE,false,true,true
1956-11-30,1956-11,0.0,0.0,%环比(非level),M,IIP_FRED_MOM,FRED(OECD转载经产省),VALIDATED_MIRROR,,IIP2020BASE_MOM,2026-09-05,LATEST_HISTORY_PROXY,PROXY,CURRENT_HISTORY_ONLY_NO_VINTAGE,false,true,true
1956-12-31,1956-12,0.0,0.0,%环比(非level),M,IIP_FRED_MOM,FRED(OECD转载经产省),VALIDATED_MIRROR,,IIP2020BASE_MOM,2026-09-05,LATEST_HISTORY_PROXY,PROXY,CURRENT_HISTORY_ONLY_NO_VINTAGE,false,true,true
1957-01-31,1957-01,0.9999998408,0.9999998408,%环比(非level),M,IIP_FRED_MOM,FRED(OECD转载经产省),VALIDATED_MIRROR,,IIP2020BASE_MOM,2026-09-05,LATEST_HISTORY_PROXY,PROXY,CURRENT_HISTORY_ONLY_NO_VINTAGE,false,true,true
1957-02-28,1957-02,1.9801980606,1.9801980606,%环比(非level),M,IIP_FRED_MOM,FRED(OECD转载经产省),VALIDATED_MIRROR,,IIP2020BASE_MOM,2026-09-05,LATEST_HISTORY_PROXY,PROXY,CURRENT_HISTORY_ONLY_NO_VINTAGE,false,true,true
1957-03-31,1957-03,0.9708738637,0.9708738637,%环比(非level),M,IIP_FRED_MOM,FRED(OECD转载经产省),VALIDATED_MIRROR,,IIP2020BASE_MOM,2026-09-05,LATEST_HISTORY_PROXY,PROXY,CURRENT_HISTORY_ONLY_NO_VINTAGE,false,true,true
1957-04-30,1957-04,3.8461539209,3.8461539209,%环比(非level),M,IIP_FRED_MOM,FRED(OECD转载经产省),VALIDATED_MIRROR,,IIP2020BASE_MOM,2026-09-05,LATEST_HISTORY_PROXY,PROXY,CURRENT_HISTORY_ONLY_NO_VINTAGE,false,true,true
1957-05-31,1957-05,5.5555553294,5.5555553294,%环比(非level),M,IIP_FRED_MOM,FRED(OECD转载经产省),VALIDATED_MIRROR,,IIP2020BASE_MOM,2026-09-05,LATEST_HISTORY_PROXY,PROXY,CURRENT_HISTORY_ONLY_NO_VINTAGE,false,true,true
1957-06-30,1957-06,-2.6315788459,-2.6315788459,%环比(非level),M,IIP_FRED_MOM,FRED(OECD转载经产省),VALIDATED_MIRROR,,IIP2020BASE_MOM,2026-09-05,LATEST_HISTORY_PROXY,PROXY,CURRENT_HISTORY_ONLY_NO_VINTAGE,false,true,true
1957-07-31,1957-07,1.8018018375,1.8018018375,%环比(非level),M,IIP_FRED_MOM,FRED(OECD转载经产省),VALIDATED_MIRROR,,IIP2020BASE_MOM,2026-09-05,LATEST_HISTORY_PROXY,PROXY,CURRENT_HISTORY_ONLY_NO_VINTAGE,false,true,true
1957-08-31,1957-08,-3.5398229726,-3.5398229726,%环比(非level),M,IIP_FRED_MOM,FRED(OECD转载经产省),VALIDATED_MIRROR,,IIP2020BASE_MOM,2026-09-05,LATEST_HISTORY_PROXY,PROXY,CURRENT_HISTORY_ONLY_NO_VINTAGE,false,true,true
1957-09-30,1957-09,0.0,0.0,%环比(非level),M,IIP_FRED_MOM,FRED(OECD转载经产省),VALIDATED_MIRROR,,IIP2020BASE_MOM,2026-09-05,LATEST_HISTORY_PROXY,PROXY,CURRENT_HISTORY_ONLY_NO_VINTAGE,false,true,true
1957-10-31,1957-10,-0.9174311557,-0.9174311557,%环比(非level),M,IIP_FRED_MOM,FRED(OECD转载经产省),VALIDATED_MIRROR,,IIP2020BASE_MOM,2026-09-05,LATEST_HISTORY_PROXY,PROXY,CURRENT_HISTORY_ONLY_NO_VINTAGE,false,true,true
1957-11-30,1957-11,0.0,0.0,%环比(非level),M,IIP_FRED_MOM,FRED(OECD转载经产省),VALIDATED_MIRROR,,IIP2020BASE_MOM,2026-09-05,LATEST_HISTORY_PROXY,PROXY,CURRENT_HISTORY_ONLY_NO_VINTAGE,false,true,true
1957-12-31,1957-12,-1.8518519965,-1.8518519965,%环比(非level),M,IIP_FRED_MOM,FRED(OECD转载经产省),VALIDATED_MIRROR,,IIP2020BASE_MOM,2026-09-05,LATEST_HISTORY_PROXY,PROXY,CURRENT_HISTORY_ONLY_NO_VINTAGE,false,true,true
1958-01-31,1958-01,-0.9433960773,-0.9433960773,%环比(非level),M,IIP_FRED_MOM,FRED(OECD转载经产省),VALIDATED_MIRROR,,IIP2020BASE_MOM,2026-09-05,LATEST_HISTORY_PROXY,PROXY,CURRENT_HISTORY_ONLY_NO_VINTAGE,false,true,true
1958-02-28,1958-02,0.9523808004,0.9523808004,%环比(非level),M,IIP_FRED_MOM,FRED(OECD转载经产省),VALIDATED_MIRROR,,IIP2020BASE_MOM,2026-09-05,LATEST_HISTORY_PROXY,PROXY,CURRENT_HISTORY_ONLY_NO_VINTAGE,false,true,true
1958-03-31,1958-03,-0.9433960773,-0.9433960773,%环比(非level),M,IIP_FRED_MOM,FRED(OECD转载经产省),VALIDATED_MIRROR,,IIP2020BASE_MOM,2026-09-05,LATEST_HISTORY_PROXY,PROXY,CURRENT_HISTORY_ONLY_NO_VINTAGE,false,true,true
1958-04-30,1958-04,0.0,0.0,%环比(非level),M,IIP_FRED_MOM,FRED(OECD转载经产省),VALIDATED_MIRROR,,IIP2020BASE_MOM,2026-09-05,LATEST_HISTORY_PROXY,PROXY,CURRENT_HISTORY_ONLY_NO_VINTAGE,false,true,true
1958-05-31,1958-05,-2.8571429671,-2.8571429671,%环比(非level),M,IIP_FRED_MOM,FRED(OECD转载经产省),VALIDATED_MIRROR,,IIP2020BASE_MOM,2026-09-05,LATEST_HISTORY_PROXY,PROXY,CURRENT_HISTORY_ONLY_NO_VINTAGE,false,true,true
1958-06-30,1958-06,-0.9803922345,-0.9803922345,%环比(非level),M,IIP_FRED_MOM,FRED(OECD转载经产省),VALIDATED_MIRROR,,IIP2020BASE_MOM,2026-09-05,LATEST_HISTORY_PROXY,PROXY,CURRENT_HISTORY_ONLY_NO_VINTAGE,false,true,true
1958-07-31,1958-07,3.9603962388,3.9603962388,%环比(非level),M,IIP_FRED_MOM,FRED(OECD转载经产省),VALIDATED_MIRROR,,IIP2020BASE_MOM,2026-09-05,LATEST_HISTORY_PROXY,PROXY,CURRENT_HISTORY_ONLY_NO_VINTAGE,false,true,true
1958-08-31,1958-08,0.9523808004,0.9523808004,%环比(非level),M,IIP_FRED_MOM,FRED(OECD转载经产省),VALIDATED_MIRROR,,IIP2020BASE_MOM,2026-09-05,LATEST_HISTORY_PROXY,PROXY,CURRENT_HISTORY_ONLY_NO_VINTAGE,false,true,true
1958-09-30,1958-09,0.0,0.0,%环比(非level),M,IIP_FRED_MOM,FRED(OECD转载经产省),VALIDATED_MIRROR,,IIP2020BASE_MOM,2026-09-05,LATEST_HISTORY_PROXY,PROXY,CURRENT_HISTORY_ONLY_NO_VINTAGE,false,true,true
1958-10-31,1958-10,2.8301887924,2.8301887924,%环比(非level),M,IIP_FRED_MOM,FRED(OECD转载经产省),VALIDATED_MIRROR,,IIP2020BASE_MOM,2026-09-05,LATEST_HISTORY_PROXY,PROXY,CURRENT_HISTORY_ONLY_NO_VINTAGE,false,true,true
1958-11-30,1958-11,-0.9174311557,-0.9174311557,%环比(非level),M,IIP_FRED_MOM,FRED(OECD转载经产省),VALIDATED_MIRROR,,IIP2020BASE_MOM,2026-09-05,LATEST_HISTORY_PROXY,PROXY,CURRENT_HISTORY_ONLY_NO_VINTAGE,false,true,true
1958-12-31,1958-12,2.7777776647,2.7777776647,%环比(非level),M,IIP_FRED_MOM,FRED(OECD转载经产省),VALIDATED_MIRROR,,IIP2020BASE_MOM,2026-09-05,LATEST_HISTORY_PROXY,PROXY,CURRENT_HISTORY_ONLY_NO_VINTAGE,false,true,true
1959-01-31,1959-01,0.9009008652,0.9009008652,%环比(非level),M,IIP_FRED_MOM,FRED(OECD转载经产省),VALIDATED_MIRROR,,IIP2020BASE_MOM,2026-09-05,LATEST_HISTORY_PROXY,PROXY,CURRENT_HISTORY_ONLY_NO_VINTAGE,false,true,true
1959-02-28,1959-02,3.5714286434,3.5714286434,%环比(非level),M,IIP_FRED_MOM,FRED(OECD转载经产省),VALIDATED_MIRROR,,IIP2020BASE_MOM,2026-09-05,LATEST_HISTORY_PROXY,PROXY,CURRENT_HISTORY_ONLY_NO_VINTAGE,false,true,true
1959-03-31,1959-03,0.8620687262,0.8620687262,%环比(非level),M,IIP_FRED_MOM,FRED(OECD转载经产省),VALIDATED_MIRROR,,IIP2020BASE_MOM,2026-09-05,LATEST_HISTORY_PROXY,PROXY,CURRENT_HISTORY_ONLY_NO_VINTAGE,false,true,true
1959-04-30,1959-04,1.7094019498,1.7094019498,%环比(非level),M,IIP_FRED_MOM,FRED(OECD转载经产省),VALIDATED_MIRROR,,IIP2020BASE_MOM,2026-09-05,LATEST_HISTORY_PROXY,PROXY,CURRENT_HISTORY_ONLY_NO_VINTAGE,false,true,true
1959-05-31,1959-05,3.3613444036,3.3613444036,%环比(非level),M,IIP_FRED_MOM,FRED(OECD转载经产省),VALIDATED_MIRROR,,IIP2020BASE_MOM,2026-09-05,LATEST_HISTORY_PROXY,PROXY,CURRENT_HISTORY_ONLY_NO_VINTAGE,false,true,true
1959-06-30,1959-06,3.2520326845,3.2520326845,%环比(非level),M,IIP_FRED_MOM,FRED(OECD转载经产省),VALIDATED_MIRROR,,IIP2020BASE_MOM,2026-09-05,LATEST_HISTORY_PROXY,PROXY,CURRENT_HISTORY_ONLY_NO_VINTAGE,false,true,true
1959-07-31,1959-07,0.7874014496,0.7874014496,%环比(非level),M,IIP_FRED_MOM,FRED(OECD转载经产省),VALIDATED_MIRROR,,IIP2020BASE_MOM,2026-09-05,LATEST_HISTORY_PROXY,PROXY,CURRENT_HISTORY_ONLY_NO_VINTAGE,false,true,true
1959-08-31,1959-08,1.5625000319,1.5625000319,%环比(非level),M,IIP_FRED_MOM,FRED(OECD转载经产省),VALIDATED_MIRROR,,IIP2020BASE_MOM,2026-09-05,LATEST_HISTORY_PROXY,PROXY,CURRENT_HISTORY_ONLY_NO_VINTAGE,false,true,true
1959-09-30,1959-09,2.3076923998,2.3076923998,%环比(非level),M,IIP_FRED_MOM,FRED(OECD转载经产省),VALIDATED_MIRROR,,IIP2020BASE_MOM,2026-09-05,LATEST_HISTORY_PROXY,PROXY,CURRENT_HISTORY_ONLY_NO_VINTAGE,false,true,true
1959-10-31,1959-10,2.2556390964,2.2556390964,%环比(非level),M,IIP_FRED_MOM,FRED(OECD转载经产省),VALIDATED_MIRROR,,IIP2020BASE_MOM,2026-09-05,LATEST_HISTORY_PROXY,PROXY,CURRENT_HISTORY_ONLY_NO_VINTAGE,false,true,true
1959-11-30,1959-11,1.4705880888,1.4705880888,%环比(非level),M,IIP_FRED_MOM,FRED(OECD转载经产省),VALIDATED_MIRROR,,IIP2020BASE_MOM,2026-09-05,LATEST_HISTORY_PROXY,PROXY,CURRENT_HISTORY_ONLY_NO_VINTAGE,false,true,true
1959-12-31,1959-12,4.3478260907,4.3478260907,%环比(非level),M,IIP_FRED_MOM,FRED(OECD转载经产省),VALIDATED_MIRROR,,IIP2020BASE_MOM,2026-09-05,LATEST_HISTORY_PROXY,PROXY,CURRENT_HISTORY_ONLY_NO_VINTAGE,false,true,true
1960-01-31,1960-01,0.0,0.0,%环比(非level),M,IIP_FRED_MOM,FRED(OECD转载经产省),VALIDATED_MIRROR,,IIP2020BASE_MOM,2026-09-05,LATEST_HISTORY_PROXY,PROXY,CURRENT_HISTORY_ONLY_NO_VINTAGE,false,true,true
1960-02-29,1960-02,4.8611111701,4.8611111701,%环比(非level),M,IIP_FRED_MOM,FRED(OECD转载经产省),VALIDATED_MIRROR,,IIP2020BASE_MOM,2026-09-05,LATEST_HISTORY_PROXY,PROXY,CURRENT_HISTORY_ONLY_NO_VINTAGE,false,true,true
1960-03-31,1960-03,0.0,0.0,%环比(非level),M,IIP_FRED_MOM,FRED(OECD转载经产省),VALIDATED_MIRROR,,IIP2020BASE_MOM,2026-09-05,LATEST_HISTORY_PROXY,PROXY,CURRENT_HISTORY_ONLY_NO_VINTAGE,false,true,true
1960-04-30,1960-04,1.9867549674,1.9867549674,%环比(非level),M,IIP_FRED_MOM,FRED(OECD转载经产省),VALIDATED_MIRROR,,IIP2020BASE_MOM,2026-09-05,LATEST_HISTORY_PROXY,PROXY,CURRENT_HISTORY_ONLY_NO_VINTAGE,false,true,true
1960-05-31,1960-05,0.6493506238,0.6493506238,%环比(非level),M,IIP_FRED_MOM,FRED(OECD转载经产省),VALIDATED_MIRROR,,IIP2020BASE_MOM,2026-09-05,LATEST_HISTORY_PROXY,PROXY,CURRENT_HISTORY_ONLY_NO_VINTAGE,false,true,true
1960-06-30,1960-06,0.0,0.0,%环比(非level),M,IIP_FRED_MOM,FRED(OECD转载经产省),VALIDATED_MIRROR,,IIP2020BASE_MOM,2026-09-05,LATEST_HISTORY_PROXY,PROXY,CURRENT_HISTORY_ONLY_NO_VINTAGE,false,true,true
1960-07-31,1960-07,2.5806452904,2.5806452904,%环比(非level),M,IIP_FRED_MOM,FRED(OECD转载经产省),VALIDATED_MIRROR,,IIP2020BASE_MOM,2026-09-05,LATEST_HISTORY_PROXY,PROXY,CURRENT_HISTORY_ONLY_NO_VINTAGE,false,true,true
1960-08-31,1960-08,1.2578616592,1.2578616592,%环比(非level),M,IIP_FRED_MOM,FRED(OECD转载经产省),VALIDATED_MIRROR,,IIP2020BASE_MOM,2026-09-05,LATEST_HISTORY_PROXY,PROXY,CURRENT_HISTORY_ONLY_NO_VINTAGE,false,true,true
1960-09-30,1960-09,1.8633539616,1.8633539616,%环比(非level),M,IIP_FRED_MOM,FRED(OECD转载经产省),VALIDATED_MIRROR,,IIP2020BASE_MOM,2026-09-05,LATEST_HISTORY_PROXY,PROXY,CURRENT_HISTORY_ONLY_NO_VINTAGE,false,true,true
1960-10-31,1960-10,1.2195121465,1.2195121465,%环比(非level),M,IIP_FRED_MOM,FRED(OECD转载经产省),VALIDATED_MIRROR,,IIP2020BASE_MOM,2026-09-05,LATEST_HISTORY_PROXY,PROXY,CURRENT_HISTORY_ONLY_NO_VINTAGE,false,true,true
1960-11-30,1960-11,2.4096385309,2.4096385309,%环比(非level),M,IIP_FRED_MOM,FRED(OECD转载经产省),VALIDATED_MIRROR,,IIP2020BASE_MOM,2026-09-05,LATEST_HISTORY_PROXY,PROXY,CURRENT_HISTORY_ONLY_NO_VINTAGE,false,true,true
1960-12-31,1960-12,0.588235341,0.588235341,%环比(非level),M,IIP_FRED_MOM,FRED(OECD转载经产省),VALIDATED_MIRROR,,IIP2020BASE_MOM,2026-09-05,LATEST_HISTORY_PROXY,PROXY,CURRENT_HISTORY_ONLY_NO_VINTAGE,false,true,true
1961-01-31,1961-01,2.9239765619,2.9239765619,%环比(非level),M,IIP_FRED_MOM,FRED(OECD转载经产省),VALIDATED_MIRROR,,IIP2020BASE_MOM,2026-09-05,LATEST_HISTORY_PROXY,PROXY,CURRENT_HISTORY_ONLY_NO_VINTAGE,false,true,true
1961-02-28,1961-02,0.568181931,0.568181931,%环比(非level),M,IIP_FRED_MOM,FRED(OECD转载经产省),VALIDATED_MIRROR,,IIP2020BASE_MOM,2026-09-05,LATEST_HISTORY_PROXY,PROXY,CURRENT_HISTORY_ONLY_NO_VINTAGE,false,true,true
1961-03-31,1961-03,2.8248586433,2.8248586433,%环比(非level),M,IIP_FRED_MOM,FRED(OECD转载经产省),VALIDATED_MIRROR,,IIP2020BASE_MOM,2026-09-05,LATEST_HISTORY_PROXY,PROXY,CURRENT_HISTORY_ONLY_NO_VINTAGE,false,true,true
1961-04-30,1961-04,0.0,0.0,%环比(非level),M,IIP_FRED_MOM,FRED(OECD转载经产省),VALIDATED_MIRROR,,IIP2020BASE_MOM,2026-09-05,LATEST_HISTORY_PROXY,PROXY,CURRENT_HISTORY_ONLY_NO_VINTAGE,false,true,true
1961-05-31,1961-05,2.1978023729,2.1978023729,%环比(非level),M,IIP_FRED_MOM,FRED(OECD转载经产省),VALIDATED_MIRROR,,IIP2020BASE_MOM,2026-09-05,LATEST_HISTORY_PROXY,PROXY,CURRENT_HISTORY_ONLY_NO_VINTAGE,false,true,true
1961-06-30,1961-06,1.0752687094,1.0752687094,%环比(非level),M,IIP_FRED_MOM,FRED(OECD转载经产省),VALIDATED_MIRROR,,IIP2020BASE_MOM,2026-09-05,LATEST_HISTORY_PROXY,PROXY,CURRENT_HISTORY_ONLY_NO_VINTAGE,false,true,true
1961-07-31,1961-07,2.1276594898,2.1276594898,%环比(非level),M,IIP_FRED_MOM,FRED(OECD转载经产省),VALIDATED_MIRROR,,IIP2020BASE_MOM,2026-09-05,LATEST_HISTORY_PROXY,PROXY,CURRENT_HISTORY_ONLY_NO_VINTAGE,false,true,true
1961-08-31,1961-08,1.562500001,1.562500001,%环比(非level),M,IIP_FRED_MOM,FRED(OECD转载经产省),VALIDATED_MIRROR,,IIP2020BASE_MOM,2026-09-05,LATEST_HISTORY_PROXY,PROXY,CURRENT_HISTORY_ONLY_NO_VINTAGE,false,true,true
1961-09-30,1961-09,-0.5128204928,-0.5128204928,%环比(非level),M,IIP_FRED_MOM,FRED(OECD转载经产省),VALIDATED_MIRROR,,IIP2020BASE_MOM,2026-09-05,LATEST_HISTORY_PROXY,PROXY,CURRENT_HISTORY_ONLY_NO_VINTAGE,false,true,true
1961-10-31,1961-10,2.0618556505,2.0618556505,%环比(非level),M,IIP_FRED_MOM,FRED(OECD转载经产省),VALIDATED_MIRROR,,IIP2020BASE_MOM,2026-09-05,LATEST_HISTORY_PROXY,PROXY,CURRENT_HISTORY_ONLY_NO_VINTAGE,false,true,true
1961-11-30,1961-11,1.0101010307,1.0101010307,%环比(非level),M,IIP_FRED_MOM,FRED(OECD转载经产省),VALIDATED_MIRROR,,IIP2020BASE_MOM,2026-09-05,LATEST_HISTORY_PROXY,PROXY,CURRENT_HISTORY_ONLY_NO_VINTAGE,false,true,true
1961-12-31,1961-12,1.50000006,1.50000006,%环比(非level),M,IIP_FRED_MOM,FRED(OECD转载经产省),VALIDATED_MIRROR,,IIP2020BASE_MOM,2026-09-05,LATEST_HISTORY_PROXY,PROXY,CURRENT_HISTORY_ONLY_NO_VINTAGE,false,true,true
1962-01-31,1962-01,1.4778324535,1.4778324535,%环比(非level),M,IIP_FRED_MOM,FRED(OECD转载经产省),VALIDATED_MIRROR,,IIP2020BASE_MOM,2026-09-05,LATEST_HISTORY_PROXY,PROXY,CURRENT_HISTORY_ONLY_NO_VINTAGE,false,true,true
1962-02-28,1962-02,0.0,0.0,%环比(非level),M,IIP_FRED_MOM,FRED(OECD转载经产省),VALIDATED_MIRROR,,IIP2020BASE_MOM,2026-09-05,LATEST_HISTORY_PROXY,PROXY,CURRENT_HISTORY_ONLY_NO_VINTAGE,false,true,true
1962-03-31,1962-03,1.4563106802,1.4563106802,%环比(非level),M,IIP_FRED_MOM,FRED(OECD转载经产省),VALIDATED_MIRROR,,IIP2020BASE_MOM,2026-09-05,LATEST_HISTORY_PROXY,PROXY,CURRENT_HISTORY_ONLY_NO_VINTAGE,false,true,true
1962-04-30,1962-04,-1.4354066991,-1.4354066991,%环比(非level),M,IIP_FRED_MOM,FRED(OECD转载经产省),VALIDATED_MIRROR,,IIP2020BASE_MOM,2026-09-05,LATEST_HISTORY_PROXY,PROXY,CURRENT_HISTORY_ONLY_NO_VINTAGE,false,true,true
1962-05-31,1962-05,1.4563106802,1.4563106802,%环比(非level),M,IIP_FRED_MOM,FRED(OECD转载经产省),VALIDATED_MIRROR,,IIP2020BASE_MOM,2026-09-05,LATEST_HISTORY_PROXY,PROXY,CURRENT_HISTORY_ONLY_NO_VINTAGE,false,true,true
1962-06-30,1962-06,-1.4354066991,-1.4354066991,%环比(非level),M,IIP_FRED_MOM,FRED(OECD转载经产省),VALIDATED_MIRROR,,IIP2020BASE_MOM,2026-09-05,LATEST_HISTORY_PROXY,PROXY,CURRENT_HISTORY_ONLY_NO_VINTAGE,false,true,true
1962-07-31,1962-07,-1.9417474967,-1.9417474967,%环比(非level),M,IIP_FRED_MOM,FRED(OECD转载经产省),VALIDATED_MIRROR,,IIP2020BASE_MOM,2026-09-05,LATEST_HISTORY_PROXY,PROXY,CURRENT_HISTORY_ONLY_NO_VINTAGE,false,true,true
1962-08-31,1962-08,1.9801979406,1.9801979406,%环比(非level),M,IIP_FRED_MOM,FRED(OECD转载经产省),VALIDATED_MIRROR,,IIP2020BASE_MOM,2026-09-05,LATEST_HISTORY_PROXY,PROXY,CURRENT_HISTORY_ONLY_NO_VINTAGE,false,true,true
1962-09-30,1962-09,-1.4563106225,-1.4563106225,%环比(非level),M,IIP_FRED_MOM,FRED(OECD转载经产省),VALIDATED_MIRROR,,IIP2020BASE_MOM,2026-09-05,LATEST_HISTORY_PROXY,PROXY,CURRENT_HISTORY_ONLY_NO_VINTAGE,false,true,true
1962-10-31,1962-10,-0.4926108178,-0.4926108178,%环比(非level),M,IIP_FRED_MOM,FRED(OECD转载经产省),VALIDATED_MIRROR,,IIP2020BASE_MOM,2026-09-05,LATEST_HISTORY_PROXY,PROXY,CURRENT_HISTORY_ONLY_NO_VINTAGE,false,true,true
1962-11-30,1962-11,0.4950494851,0.4950494851,%环比(非level),M,IIP_FRED_MOM,FRED(OECD转载经产省),VALIDATED_MIRROR,,IIP2020BASE_MOM,2026-09-05,LATEST_HISTORY_PROXY,PROXY,CURRENT_HISTORY_ONLY_NO_VINTAGE,false,true,true
1962-12-31,1962-12,-0.4926108178,-0.4926108178,%环比(非level),M,IIP_FRED_MOM,FRED(OECD转载经产省),VALIDATED_MIRROR,,IIP2020BASE_MOM,2026-09-05,LATEST_HISTORY_PROXY,PROXY,CURRENT_HISTORY_ONLY_NO_VINTAGE,false,true,true
1963-01-31,1963-01,1.9801979406,1.9801979406,%环比(非level),M,IIP_FRED_MOM,FRED(OECD转载经产省),VALIDATED_MIRROR,,IIP2020BASE_MOM,2026-09-05,LATEST_HISTORY_PROXY,PROXY,CURRENT_HISTORY_ONLY_NO_VINTAGE,false,true,true
1963-02-28,1963-02,2.912621418,2.912621418,%环比(非level),M,IIP_FRED_MOM,FRED(OECD转载经产省),VALIDATED_MIRROR,,IIP2020BASE_MOM,2026-09-05,LATEST_HISTORY_PROXY,PROXY,CURRENT_HISTORY_ONLY_NO_VINTAGE,false,true,true
1963-03-31,1963-03,0.4716980384,0.4716980384,%环比(非level),M,IIP_FRED_MOM,FRED(OECD转载经产省),VALIDATED_MIRROR,,IIP2020BASE_MOM,2026-09-05,LATEST_HISTORY_PROXY,PROXY,CURRENT_HISTORY_ONLY_NO_VINTAGE,false,true,true
1963-04-30,1963-04,3.7558686211,3.7558686211,%环比(非level),M,IIP_FRED_MOM,FRED(OECD转载经产省),VALIDATED_MIRROR,,IIP2020BASE_MOM,2026-09-05,LATEST_HISTORY_PROXY,PROXY,CURRENT_HISTORY_ONLY_NO_VINTAGE,false,true,true
1963-05-31,1963-05,1.3574660093,1.3574660093,%环比(非level),M,IIP_FRED_MOM,FRED(OECD转载经产省),VALIDATED_MIRROR,,IIP2020BASE_MOM,2026-09-05,LATEST_HISTORY_PROXY,PROXY,CURRENT_HISTORY_ONLY_NO_VINTAGE,false,true,true
1963-06-30,1963-06,-0.8928571078,-0.8928571078,%环比(非level),M,IIP_FRED_MOM,FRED(OECD转载经产省),VALIDATED_MIRROR,,IIP2020BASE_MOM,2026-09-05,LATEST_HISTORY_PROXY,PROXY,CURRENT_HISTORY_ONLY_NO_VINTAGE,false,true,true
1963-07-31,1963-07,3.6036036214,3.6036036214,%环比(非level),M,IIP_FRED_MOM,FRED(OECD转载经产省),VALIDATED_MIRROR,,IIP2020BASE_MOM,2026-09-05,LATEST_HISTORY_PROXY,PROXY,CURRENT_HISTORY_ONLY_NO_VINTAGE,false,true,true
1963-08-31,1963-08,2.6086956517,2.6086956517,%环比(非level),M,IIP_FRED_MOM,FRED(OECD转载经产省),VALIDATED_MIRROR,,IIP2020BASE_MOM,2026-09-05,LATEST_HISTORY_PROXY,PROXY,CURRENT_HISTORY_ONLY_NO_VINTAGE,false,true,true
1963-09-30,1963-09,0.0,0.0,%环比(非level),M,IIP_FRED_MOM,FRED(OECD转载经产省),VALIDATED_MIRROR,,IIP2020BASE_MOM,2026-09-05,LATEST_HISTORY_PROXY,PROXY,CURRENT_HISTORY_ONLY_NO_VINTAGE,false,true,true
1963-10-31,1963-10,2.966101728,2.966101728,%环比(非level),M,IIP_FRED_MOM,FRED(OECD转载经产省),VALIDATED_MIRROR,,IIP2020BASE_MOM,2026-09-05,LATEST_HISTORY_PROXY,PROXY,CURRENT_HISTORY_ONLY_NO_VINTAGE,false,true,true
1963-11-30,1963-11,1.646090469,1.646090469,%环比(非level),M,IIP_FRED_MOM,FRED(OECD转载经产省),VALIDATED_MIRROR,,IIP2020BASE_MOM,2026-09-05,LATEST_HISTORY_PROXY,PROXY,CURRENT_HISTORY_ONLY_NO_VINTAGE,false,true,true
1963-12-31,1963-12,0.4048582836,0.4048582836,%环比(非level),M,IIP_FRED_MOM,FRED(OECD转载经产省),VALIDATED_MIRROR,,IIP2020BASE_MOM,2026-09-05,LATEST_HISTORY_PROXY,PROXY,CURRENT_HISTORY_ONLY_NO_VINTAGE,false,true,true
1964-01-31,1964-01,1.2096774677,1.2096774677,%环比(非level),M,IIP_FRED_MOM,FRED(OECD转载经产省),VALIDATED_MIRROR,,IIP2020BASE_MOM,2026-09-05,LATEST_HISTORY_PROXY,PROXY,CURRENT_HISTORY_ONLY_NO_VINTAGE,false,true,true
1964-02-29,1964-02,2.390438152,2.390438152,%环比(非level),M,IIP_FRED_MOM,FRED(OECD转载经产省),VALIDATED_MIRROR,,IIP2020BASE_MOM,2026-09-05,LATEST_HISTORY_PROXY,PROXY,CURRENT_HISTORY_ONLY_NO_VINTAGE,false,true,true
1964-03-31,1964-03,-1.1673151298,-1.1673151298,%环比(非level),M,IIP_FRED_MOM,FRED(OECD转载经产省),VALIDATED_MIRROR,,IIP2020BASE_MOM,2026-09-05,LATEST_HISTORY_PROXY,PROXY,CURRENT_HISTORY_ONLY_NO_VINTAGE,false,true,true
1964-04-30,1964-04,1.5748031813,1.5748031813,%环比(非level),M,IIP_FRED_MOM,FRED(OECD转载经产省),VALIDATED_MIRROR,,IIP2020BASE_MOM,2026-09-05,LATEST_HISTORY_PROXY,PROXY,CURRENT_HISTORY_ONLY_NO_VINTAGE,false,true,true
1964-05-31,1964-05,1.1627907437,1.1627907437,%环比(非level),M,IIP_FRED_MOM,FRED(OECD转载经产省),VALIDATED_MIRROR,,IIP2020BASE_MOM,2026-09-05,LATEST_HISTORY_PROXY,PROXY,CURRENT_HISTORY_ONLY_NO_VINTAGE,false,true,true
1964-06-30,1964-06,1.91570869,1.91570869,%环比(非level),M,IIP_FRED_MOM,FRED(OECD转载经产省),VALIDATED_MIRROR,,IIP2020BASE_MOM,2026-09-05,LATEST_HISTORY_PROXY,PROXY,CURRENT_HISTORY_ONLY_NO_VINTAGE,false,true,true
1964-07-31,1964-07,0.0,0.0,%环比(非level),M,IIP_FRED_MOM,FRED(OECD转载经产省),VALIDATED_MIRROR,,IIP2020BASE_MOM,2026-09-05,LATEST_HISTORY_PROXY,PROXY,CURRENT_HISTORY_ONLY_NO_VINTAGE,false,true,true
1964-08-31,1964-08,0.0,0.0,%环比(非level),M,IIP_FRED_MOM,FRED(OECD转载经产省),VALIDATED_MIRROR,,IIP2020BASE_MOM,2026-09-05,LATEST_HISTORY_PROXY,PROXY,CURRENT_HISTORY_ONLY_NO_VINTAGE,false,true,true
1964-09-30,1964-09,3.0075189035,3.0075189035,%环比(非level),M,IIP_FRED_MOM,FRED(OECD转载经产省),VALIDATED_MIRROR,,IIP2020BASE_MOM,2026-09-05,LATEST_HISTORY_PROXY,PROXY,CURRENT_HISTORY_ONLY_NO_VINTAGE,false,true,true
1964-10-31,1964-10,-0.3649635325,-0.3649635325,%环比(非level),M,IIP_FRED_MOM,FRED(OECD转载经产省),VALIDATED_MIRROR,,IIP2020BASE_MOM,2026-09-05,LATEST_HISTORY_PROXY,PROXY,CURRENT_HISTORY_ONLY_NO_VINTAGE,false,true,true
1964-11-30,1964-11,-1.0989011424,-1.0989011424,%环比(非level),M,IIP_FRED_MOM,FRED(OECD转载经产省),VALIDATED_MIRROR,,IIP2020BASE_MOM,2026-09-05,LATEST_HISTORY_PROXY,PROXY,CURRENT_HISTORY_ONLY_NO_VINTAGE,false,true,true
1964-12-31,1964-12,2.5925926231,2.5925926231,%环比(非level),M,IIP_FRED_MOM,FRED(OECD转载经产省),VALIDATED_MIRROR,,IIP2020BASE_MOM,2026-09-05,LATEST_HISTORY_PROXY,PROXY,CURRENT_HISTORY_ONLY_NO_VINTAGE,false,true,true
1965-01-31,1965-01,-1.0830324482,-1.0830324482,%环比(非level),M,IIP_FRED_MOM,FRED(OECD转载经产省),VALIDATED_MIRROR,,IIP2020BASE_MOM,2026-09-05,LATEST_HISTORY_PROXY,PROXY,CURRENT_HISTORY_ONLY_NO_VINTAGE,false,true,true
1965-02-28,1965-02,-0.7299269782,-0.7299269782,%环比(非level),M,IIP_FRED_MOM,FRED(OECD转载经产省),VALIDATED_MIRROR,,IIP2020BASE_MOM,2026-09-05,LATEST_HISTORY_PROXY,PROXY,CURRENT_HISTORY_ONLY_NO_VINTAGE,false,true,true
1965-03-31,1965-03,0.7352940881,0.7352940881,%环比(非level),M,IIP_FRED_MOM,FRED(OECD转载经产省),VALIDATED_MIRROR,,IIP2020BASE_MOM,2026-09-05,LATEST_HISTORY_PROXY,PROXY,CURRENT_HISTORY_ONLY_NO_VINTAGE,false,true,true
1965-04-30,1965-04,-0.7299269782,-0.7299269782,%环比(非level),M,IIP_FRED_MOM,FRED(OECD转载经产省),VALIDATED_MIRROR,,IIP2020BASE_MOM,2026-09-05,LATEST_HISTORY_PROXY,PROXY,CURRENT_HISTORY_ONLY_NO_VINTAGE,false,true,true
1965-05-31,1965-05,-1.4705883509,-1.4705883509,%环比(非level),M,IIP_FRED_MOM,FRED(OECD转载经产省),VALIDATED_MIRROR,,IIP2020BASE_MOM,2026-09-05,LATEST_HISTORY_PROXY,PROXY,CURRENT_HISTORY_ONLY_NO_VINTAGE,false,true,true
1965-06-30,1965-06,1.865671702,1.865671702,%环比(非level),M,IIP_FRED_MOM,FRED(OECD转载经产省),VALIDATED_MIRROR,,IIP2020BASE_MOM,2026-09-05,LATEST_HISTORY_PROXY,PROXY,CURRENT_HISTORY_ONLY_NO_VINTAGE,false,true,true
1965-07-31,1965-07,0.0,0.0,%环比(非level),M,IIP_FRED_MOM,FRED(OECD转载经产省),VALIDATED_MIRROR,,IIP2020BASE_MOM,2026-09-05,LATEST_HISTORY_PROXY,PROXY,CURRENT_HISTORY_ONLY_NO_VINTAGE,false,true,true
1965-08-31,1965-08,0.3663003953,0.3663003953,%环比(非level),M,IIP_FRED_MOM,FRED(OECD转载经产省),VALIDATED_MIRROR,,IIP2020BASE_MOM,2026-09-05,LATEST_HISTORY_PROXY,PROXY,CURRENT_HISTORY_ONLY_NO_VINTAGE,false,true,true
1965-09-30,1965-09,0.3649634891,0.3649634891,%环比(非level),M,IIP_FRED_MOM,FRED(OECD转载经产省),VALIDATED_MIRROR,,IIP2020BASE_MOM,2026-09-05,LATEST_HISTORY_PROXY,PROXY,CURRENT_HISTORY_ONLY_NO_VINTAGE,false,true,true
1965-10-31,1965-10,0.0,0.0,%环比(非level),M,IIP_FRED_MOM,FRED(OECD转载经产省),VALIDATED_MIRROR,,IIP2020BASE_MOM,2026-09-05,LATEST_HISTORY_PROXY,PROXY,CURRENT_HISTORY_ONLY_NO_VINTAGE,false,true,true
1965-11-30,1965-11,1.8181817891,1.8181817891,%环比(非level),M,IIP_FRED_MOM,FRED(OECD转载经产省),VALIDATED_MIRROR,,IIP2020BASE_MOM,2026-09-05,LATEST_HISTORY_PROXY,PROXY,CURRENT_HISTORY_ONLY_NO_VINTAGE,false,true,true
1965-12-31,1965-12,0.0,0.0,%环比(非level),M,IIP_FRED_MOM,FRED(OECD转载经产省),VALIDATED_MIRROR,,IIP2020BASE_MOM,2026-09-05,LATEST_HISTORY_PROXY,PROXY,CURRENT_HISTORY_ONLY_NO_VINTAGE,false,true,true
1966-01-31,1966-01,1.4285714146,1.4285714146,%环比(非level),M,IIP_FRED_MOM,FRED(OECD转载经产省),VALIDATED_MIRROR,,IIP2020BASE_MOM,2026-09-05,LATEST_HISTORY_PROXY,PROXY,CURRENT_HISTORY_ONLY_NO_VINTAGE,false,true,true
1966-02-28,1966-02,0.3521127459,0.3521127459,%环比(非level),M,IIP_FRED_MOM,FRED(OECD转载经产省),VALIDATED_MIRROR,,IIP2020BASE_MOM,2026-09-05,LATEST_HISTORY_PROXY,PROXY,CURRENT_HISTORY_ONLY_NO_VINTAGE,false,true,true
1966-03-31,1966-03,2.8070175149,2.8070175149,%环比(非level),M,IIP_FRED_MOM,FRED(OECD转载经产省),VALIDATED_MIRROR,,IIP2020BASE_MOM,2026-09-05,LATEST_HISTORY_PROXY,PROXY,CURRENT_HISTORY_ONLY_NO_VINTAGE,false,true,true
1966-04-30,1966-04,2.0477816102,2.0477816102,%环比(非level),M,IIP_FRED_MOM,FRED(OECD转载经产省),VALIDATED_MIRROR,,IIP2020BASE_MOM,2026-09-05,LATEST_HISTORY_PROXY,PROXY,CURRENT_HISTORY_ONLY_NO_VINTAGE,false,true,true
1966-05-31,1966-05,1.0033444413,1.0033444413,%环比(非level),M,IIP_FRED_MOM,FRED(OECD转载经产省),VALIDATED_MIRROR,,IIP2020BASE_MOM,2026-09-05,LATEST_HISTORY_PROXY,PROXY,CURRENT_HISTORY_ONLY_NO_VINTAGE,false,true,true
1966-06-30,1966-06,1.6556291126,1.6556291126,%环比(非level),M,IIP_FRED_MOM,FRED(OECD转载经产省),VALIDATED_MIRROR,,IIP2020BASE_MOM,2026-09-05,LATEST_HISTORY_PROXY,PROXY,CURRENT_HISTORY_ONLY_NO_VINTAGE,false,true,true
1966-07-31,1966-07,1.6286645082,1.6286645082,%环比(非level),M,IIP_FRED_MOM,FRED(OECD转载经产省),VALIDATED_MIRROR,,IIP2020BASE_MOM,2026-09-05,LATEST_HISTORY_PROXY,PROXY,CURRENT_HISTORY_ONLY_NO_VINTAGE,false,true,true
1966-08-31,1966-08,1.6025640772,1.6025640772,%环比(非level),M,IIP_FRED_MOM,FRED(OECD转载经产省),VALIDATED_MIRROR,,IIP2020BASE_MOM,2026-09-05,LATEST_HISTORY_PROXY,PROXY,CURRENT_HISTORY_ONLY_NO_VINTAGE,false,true,true
1966-09-30,1966-09,1.5772870417,1.5772870417,%环比(非level),M,IIP_FRED_MOM,FRED(OECD转载经产省),VALIDATED_MIRROR,,IIP2020BASE_MOM,2026-09-05,LATEST_HISTORY_PROXY,PROXY,CURRENT_HISTORY_ONLY_NO_VINTAGE,false,true,true
1966-10-31,1966-10,1.8633540751,1.8633540751,%环比(非level),M,IIP_FRED_MOM,FRED(OECD转载经产省),VALIDATED_MIRROR,,IIP2020BASE_MOM,2026-09-05,LATEST_HISTORY_PROXY,PROXY,CURRENT_HISTORY_ONLY_NO_VINTAGE,false,true,true
1966-11-30,1966-11,2.1341463296,2.1341463296,%环比(非level),M,IIP_FRED_MOM,FRED(OECD转载经产省),VALIDATED_MIRROR,,IIP2020BASE_MOM,2026-09-05,LATEST_HISTORY_PROXY,PROXY,CURRENT_HISTORY_ONLY_NO_VINTAGE,false,true,true
1966-12-31,1966-12,2.0895522629,2.0895522629,%环比(非level),M,IIP_FRED_MOM,FRED(OECD转载经产省),VALIDATED_MIRROR,,IIP2020BASE_MOM,2026-09-05,LATEST_HISTORY_PROXY,PROXY,CURRENT_HISTORY_ONLY_NO_VINTAGE,false,true,true
1967-01-31,1967-01,0.5847952985,0.5847952985,%环比(非level),M,IIP_FRED_MOM,FRED(OECD转载经产省),VALIDATED_MIRROR,,IIP2020BASE_MOM,2026-09-05,LATEST_HISTORY_PROXY,PROXY,CURRENT_HISTORY_ONLY_NO_VINTAGE,false,true,true
1967-02-28,1967-02,-0.8720929889,-0.8720929889,%环比(非level),M,IIP_FRED_MOM,FRED(OECD转载经产省),VALIDATED_MIRROR,,IIP2020BASE_MOM,2026-09-05,LATEST_HISTORY_PROXY,PROXY,CURRENT_HISTORY_ONLY_NO_VINTAGE,false,true,true
1967-03-31,1967-03,2.6392961177,2.6392961177,%环比(非level),M,IIP_FRED_MOM,FRED(OECD转载经产省),VALIDATED_MIRROR,,IIP2020BASE_MOM,2026-09-05,LATEST_HISTORY_PROXY,PROXY,CURRENT_HISTORY_ONLY_NO_VINTAGE,false,true,true
1967-04-30,1967-04,0.8571428916,0.8571428916,%环比(非level),M,IIP_FRED_MOM,FRED(OECD转载经产省),VALIDATED_MIRROR,,IIP2020BASE_MOM,2026-09-05,LATEST_HISTORY_PROXY,PROXY,CURRENT_HISTORY_ONLY_NO_VINTAGE,false,true,true
1967-05-31,1967-05,2.2662889636,2.2662889636,%环比(非level),M,IIP_FRED_MOM,FRED(OECD转载经产省),VALIDATED_MIRROR,,IIP2020BASE_MOM,2026-09-05,LATEST_HISTORY_PROXY,PROXY,CURRENT_HISTORY_ONLY_NO_VINTAGE,false,true,true
1967-06-30,1967-06,1.6620497959,1.6620497959,%环比(非level),M,IIP_FRED_MOM,FRED(OECD转载经产省),VALIDATED_MIRROR,,IIP2020BASE_MOM,2026-09-05,LATEST_HISTORY_PROXY,PROXY,CURRENT_HISTORY_ONLY_NO_VINTAGE,false,true,true
1967-07-31,1967-07,1.0899183433,1.0899183433,%环比(非level),M,IIP_FRED_MOM,FRED(OECD转载经产省),VALIDATED_MIRROR,,IIP2020BASE_MOM,2026-09-05,LATEST_HISTORY_PROXY,PROXY,CURRENT_HISTORY_ONLY_NO_VINTAGE,false,true,true
1967-08-31,1967-08,1.6172506417,1.6172506417,%环比(非level),M,IIP_FRED_MOM,FRED(OECD转载经产省),VALIDATED_MIRROR,,IIP2020BASE_MOM,2026-09-05,LATEST_HISTORY_PROXY,PROXY,CURRENT_HISTORY_ONLY_NO_VINTAGE,false,true,true
1967-09-30,1967-09,2.9177718629,2.9177718629,%环比(非level),M,IIP_FRED_MOM,FRED(OECD转载经产省),VALIDATED_MIRROR,,IIP2020BASE_MOM,2026-09-05,LATEST_HISTORY_PROXY,PROXY,CURRENT_HISTORY_ONLY_NO_VINTAGE,false,true,true
1967-10-31,1967-10,1.0309278253,1.0309278253,%环比(非level),M,IIP_FRED_MOM,FRED(OECD转载经产省),VALIDATED_MIRROR,,IIP2020BASE_MOM,2026-09-05,LATEST_HISTORY_PROXY,PROXY,CURRENT_HISTORY_ONLY_NO_VINTAGE,false,true,true
1967-11-30,1967-11,2.0408163377,2.0408163377,%环比(非level),M,IIP_FRED_MOM,FRED(OECD转载经产省),VALIDATED_MIRROR,,IIP2020BASE_MOM,2026-09-05,LATEST_HISTORY_PROXY,PROXY,CURRENT_HISTORY_ONLY_NO_VINTAGE,false,true,true
1967-12-31,1967-12,1.0000000202,1.0000000202,%环比(非level),M,IIP_FRED_MOM,FRED(OECD转载经产省),VALIDATED_MIRROR,,IIP2020BASE_MOM,2026-09-05,LATEST_HISTORY_PROXY,PROXY,CURRENT_HISTORY_ONLY_NO_VINTAGE,false,true,true
1968-01-31,1968-01,-0.2475247721,-0.2475247721,%环比(非level),M,IIP_FRED_MOM,FRED(OECD转载经产省),VALIDATED_MIRROR,,IIP2020BASE_MOM,2026-09-05,LATEST_HISTORY_PROXY,PROXY,CURRENT_HISTORY_ONLY_NO_VINTAGE,false,true,true
1968-02-29,1968-02,1.4888337475,1.4888337475,%环比(非level),M,IIP_FRED_MOM,FRED(OECD转载经产省),VALIDATED_MIRROR,,IIP2020BASE_MOM,2026-09-05,LATEST_HISTORY_PROXY,PROXY,CURRENT_HISTORY_ONLY_NO_VINTAGE,false,true,true
1968-03-31,1968-03,0.4889975939,0.4889975939,%环比(非level),M,IIP_FRED_MOM,FRED(OECD转载经产省),VALIDATED_MIRROR,,IIP2020BASE_MOM,2026-09-05,LATEST_HISTORY_PROXY,PROXY,CURRENT_HISTORY_ONLY_NO_VINTAGE,false,true,true
1968-04-30,1968-04,0.7299269784,0.7299269784,%环比(非level),M,IIP_FRED_MOM,FRED(OECD转载经产省),VALIDATED_MIRROR,,IIP2020BASE_MOM,2026-09-05,LATEST_HISTORY_PROXY,PROXY,CURRENT_HISTORY_ONLY_NO_VINTAGE,false,true,true
1968-05-31,1968-05,3.1400966384,3.1400966384,%环比(非level),M,IIP_FRED_MOM,FRED(OECD转载经产省),VALIDATED_MIRROR,,IIP2020BASE_MOM,2026-09-05,LATEST_HISTORY_PROXY,PROXY,CURRENT_HISTORY_ONLY_NO_VINTAGE,false,true,true
1968-06-30,1968-06,-1.6393443088,-1.6393443088,%环比(非level),M,IIP_FRED_MOM,FRED(OECD转载经产省),VALIDATED_MIRROR,,IIP2020BASE_MOM,2026-09-05,LATEST_HISTORY_PROXY,PROXY,CURRENT_HISTORY_ONLY_NO_VINTAGE,false,true,true
1968-07-31,1968-07,1.1904762289,1.1904762289,%环比(非level),M,IIP_FRED_MOM,FRED(OECD转载经产省),VALIDATED_MIRROR,,IIP2020BASE_MOM,2026-09-05,LATEST_HISTORY_PROXY,PROXY,CURRENT_HISTORY_ONLY_NO_VINTAGE,false,true,true
1968-08-31,1968-08,2.588235276,2.588235276,%环比(非level),M,IIP_FRED_MOM,FRED(OECD转载经产省),VALIDATED_MIRROR,,IIP2020BASE_MOM,2026-09-05,LATEST_HISTORY_PROXY,PROXY,CURRENT_HISTORY_ONLY_NO_VINTAGE,false,true,true
1968-09-30,1968-09,-0.4587155511,-0.4587155511,%环比(非level),M,IIP_FRED_MOM,FRED(OECD转载经产省),VALIDATED_MIRROR,,IIP2020BASE_MOM,2026-09-05,LATEST_HISTORY_PROXY,PROXY,CURRENT_HISTORY_ONLY_NO_VINTAGE,false,true,true
1968-10-31,1968-10,2.5345621935,2.5345621935,%环比(非level),M,IIP_FRED_MOM,FRED(OECD转载经产省),VALIDATED_MIRROR,,IIP2020BASE_MOM,2026-09-05,LATEST_HISTORY_PROXY,PROXY,CURRENT_HISTORY_ONLY_NO_VINTAGE,false,true,true
1968-11-30,1968-11,2.696629187,2.696629187,%环比(非level),M,IIP_FRED_MOM,FRED(OECD转载经产省),VALIDATED_MIRROR,,IIP2020BASE_MOM,2026-09-05,LATEST_HISTORY_PROXY,PROXY,CURRENT_HISTORY_ONLY_NO_VINTAGE,false,true,true
1968-12-31,1968-12,-0.4376367183,-0.4376367183,%环比(非level),M,IIP_FRED_MOM,FRED(OECD转载经产省),VALIDATED_MIRROR,,IIP2020BASE_MOM,2026-09-05,LATEST_HISTORY_PROXY,PROXY,CURRENT_HISTORY_ONLY_NO_VINTAGE,false,true,true
1969-01-31,1969-01,1.3186813186,1.3186813186,%环比(非level),M,IIP_FRED_MOM,FRED(OECD转载经产省),VALIDATED_MIRROR,,IIP2020BASE_MOM,2026-09-05,LATEST_HISTORY_PROXY,PROXY,CURRENT_HISTORY_ONLY_NO_VINTAGE,false,true,true
1969-02-28,1969-02,1.5184381949,1.5184381949,%环比(非level),M,IIP_FRED_MOM,FRED(OECD转载经产省),VALIDATED_MIRROR,,IIP2020BASE_MOM,2026-09-05,LATEST_HISTORY_PROXY,PROXY,CURRENT_HISTORY_ONLY_NO_VINTAGE,false,true,true
1969-03-31,1969-03,0.2136751798,0.2136751798,%环比(非level),M,IIP_FRED_MOM,FRED(OECD转载经产省),VALIDATED_MIRROR,,IIP2020BASE_MOM,2026-09-05,LATEST_HISTORY_PROXY,PROXY,CURRENT_HISTORY_ONLY_NO_VINTAGE,false,true,true
1969-04-30,1969-04,2.7718550278,2.7718550278,%环比(非level),M,IIP_FRED_MOM,FRED(OECD转载经产省),VALIDATED_MIRROR,,IIP2020BASE_MOM,2026-09-05,LATEST_HISTORY_PROXY,PROXY,CURRENT_HISTORY_ONLY_NO_VINTAGE,false,true,true
1969-05-31,1969-05,2.2821576844,2.2821576844,%环比(非level),M,IIP_FRED_MOM,FRED(OECD转载经产省),VALIDATED_MIRROR,,IIP2020BASE_MOM,2026-09-05,LATEST_HISTORY_PROXY,PROXY,CURRENT_HISTORY_ONLY_NO_VINTAGE,false,true,true
1969-06-30,1969-06,-0.8113590423,-0.8113590423,%环比(非level),M,IIP_FRED_MOM,FRED(OECD转载经产省),VALIDATED_MIRROR,,IIP2020BASE_MOM,2026-09-05,LATEST_HISTORY_PROXY,PROXY,CURRENT_HISTORY_ONLY_NO_VINTAGE,false,true,true
1969-07-31,1969-07,1.4314928344,1.4314928344,%环比(非level),M,IIP_FRED_MOM,FRED(OECD转载经产省),VALIDATED_MIRROR,,IIP2020BASE_MOM,2026-09-05,LATEST_HISTORY_PROXY,PROXY,CURRENT_HISTORY_ONLY_NO_VINTAGE,false,true,true
1969-08-31,1969-08,0.8064516289,0.8064516289,%环比(非level),M,IIP_FRED_MOM,FRED(OECD转载经产省),VALIDATED_MIRROR,,IIP2020BASE_MOM,2026-09-05,LATEST_HISTORY_PROXY,PROXY,CURRENT_HISTORY_ONLY_NO_VINTAGE,false,true,true
1969-09-30,1969-09,2.199999984,2.199999984,%环比(非level),M,IIP_FRED_MOM,FRED(OECD转载经产省),VALIDATED_MIRROR,,IIP2020BASE_MOM,2026-09-05,LATEST_HISTORY_PROXY,PROXY,CURRENT_HISTORY_ONLY_NO_VINTAGE,false,true,true
1969-10-31,1969-10,2.7397260354,2.7397260354,%环比(非level),M,IIP_FRED_MOM,FRED(OECD转载经产省),VALIDATED_MIRROR,,IIP2020BASE_MOM,2026-09-05,LATEST_HISTORY_PROXY,PROXY,CURRENT_HISTORY_ONLY_NO_VINTAGE,false,true,true
1969-11-30,1969-11,0.0,0.0,%环比(非level),M,IIP_FRED_MOM,FRED(OECD转载经产省),VALIDATED_MIRROR,,IIP2020BASE_MOM,2026-09-05,LATEST_HISTORY_PROXY,PROXY,CURRENT_HISTORY_ONLY_NO_VINTAGE,false,true,true
1969-12-31,1969-12,1.9047618746,1.9047618746,%环比(非level),M,IIP_FRED_MOM,FRED(OECD转载经产省),VALIDATED_MIRROR,,IIP2020BASE_MOM,2026-09-05,LATEST_HISTORY_PROXY,PROXY,CURRENT_HISTORY_ONLY_NO_VINTAGE,false,true,true
1970-01-31,1970-01,1.3084112301,1.3084112301,%环比(非level),M,IIP_FRED_MOM,FRED(OECD转载经产省),VALIDATED_MIRROR,,IIP2020BASE_MOM,2026-09-05,LATEST_HISTORY_PROXY,PROXY,CURRENT_HISTORY_ONLY_NO_VINTAGE,false,true,true
1970-02-28,1970-02,1.1070110484,1.1070110484,%环比(非level),M,IIP_FRED_MOM,FRED(OECD转载经产省),VALIDATED_MIRROR,,IIP2020BASE_MOM,2026-09-05,LATEST_HISTORY_PROXY,PROXY,CURRENT_HISTORY_ONLY_NO_VINTAGE,false,true,true
1970-03-31,1970-03,0.729927022,0.729927022,%环比(非level),M,IIP_FRED_MOM,FRED(OECD转载经产省),VALIDATED_MIRROR,,IIP2020BASE_MOM,2026-09-05,LATEST_HISTORY_PROXY,PROXY,CURRENT_HISTORY_ONLY_NO_VINTAGE,false,true,true
1970-04-30,1970-04,0.9057970873,0.9057970873,%环比(非level),M,IIP_FRED_MOM,FRED(OECD转载经产省),VALIDATED_MIRROR,,IIP2020BASE_MOM,2026-09-05,LATEST_HISTORY_PROXY,PROXY,CURRENT_HISTORY_ONLY_NO_VINTAGE,false,true,true
1970-05-31,1970-05,1.2567325315,1.2567325315,%环比(非level),M,IIP_FRED_MOM,FRED(OECD转载经产省),VALIDATED_MIRROR,,IIP2020BASE_MOM,2026-09-05,LATEST_HISTORY_PROXY,PROXY,CURRENT_HISTORY_ONLY_NO_VINTAGE,false,true,true
1970-06-30,1970-06,1.4184396812,1.4184396812,%环比(非level),M,IIP_FRED_MOM,FRED(OECD转载经产省),VALIDATED_MIRROR,,IIP2020BASE_MOM,2026-09-05,LATEST_HISTORY_PROXY,PROXY,CURRENT_HISTORY_ONLY_NO_VINTAGE,false,true,true
1970-07-31,1970-07,0.0,0.0,%环比(非level),M,IIP_FRED_MOM,FRED(OECD转载经产省),VALIDATED_MIRROR,,IIP2020BASE_MOM,2026-09-05,LATEST_HISTORY_PROXY,PROXY,CURRENT_HISTORY_ONLY_NO_VINTAGE,false,true,true
1970-08-31,1970-08,-0.3496503359,-0.3496503359,%环比(非level),M,IIP_FRED_MOM,FRED(OECD转载经产省),VALIDATED_MIRROR,,IIP2020BASE_MOM,2026-09-05,LATEST_HISTORY_PROXY,PROXY,CURRENT_HISTORY_ONLY_NO_VINTAGE,false,true,true
1970-09-30,1970-09,0.3508771792,0.3508771792,%环比(非level),M,IIP_FRED_MOM,FRED(OECD转载经产省),VALIDATED_MIRROR,,IIP2020BASE_MOM,2026-09-05,LATEST_HISTORY_PROXY,PROXY,CURRENT_HISTORY_ONLY_NO_VINTAGE,false,true,true
1970-10-31,1970-10,0.3496503775,0.3496503775,%环比(非level),M,IIP_FRED_MOM,FRED(OECD转载经产省),VALIDATED_MIRROR,,IIP2020BASE_MOM,2026-09-05,LATEST_HISTORY_PROXY,PROXY,CURRENT_HISTORY_ONLY_NO_VINTAGE,false,true,true
1970-11-30,1970-11,-1.0452961673,-1.0452961673,%环比(非level),M,IIP_FRED_MOM,FRED(OECD转载经产省),VALIDATED_MIRROR,,IIP2020BASE_MOM,2026-09-05,LATEST_HISTORY_PROXY,PROXY,CURRENT_HISTORY_ONLY_NO_VINTAGE,false,true,true
1970-12-31,1970-12,2.1126760774,2.1126760774,%环比(非level),M,IIP_FRED_MOM,FRED(OECD转载经产省),VALIDATED_MIRROR,,IIP2020BASE_MOM,2026-09-05,LATEST_HISTORY_PROXY,PROXY,CURRENT_HISTORY_ONLY_NO_VINTAGE,false,true,true
1971-01-31,1971-01,-0.1724138272,-0.1724138272,%环比(非level),M,IIP_FRED_MOM,FRED(OECD转载经产省),VALIDATED_MIRROR,,IIP2020BASE_MOM,2026-09-05,LATEST_HISTORY_PROXY,PROXY,CURRENT_HISTORY_ONLY_NO_VINTAGE,false,true,true
1971-02-28,1971-02,-0.5181347562,-0.5181347562,%环比(非level),M,IIP_FRED_MOM,FRED(OECD转载经产省),VALIDATED_MIRROR,,IIP2020BASE_MOM,2026-09-05,LATEST_HISTORY_PROXY,PROXY,CURRENT_HISTORY_ONLY_NO_VINTAGE,false,true,true
1971-03-31,1971-03,1.0416667086,1.0416667086,%环比(非level),M,IIP_FRED_MOM,FRED(OECD转载经产省),VALIDATED_MIRROR,,IIP2020BASE_MOM,2026-09-05,LATEST_HISTORY_PROXY,PROXY,CURRENT_HISTORY_ONLY_NO_VINTAGE,false,true,true
1971-04-30,1971-04,-0.5154639176,-0.5154639176,%环比(非level),M,IIP_FRED_MOM,FRED(OECD转载经产省),VALIDATED_MIRROR,,IIP2020BASE_MOM,2026-09-05,LATEST_HISTORY_PROXY,PROXY,CURRENT_HISTORY_ONLY_NO_VINTAGE,false,true,true
1971-05-31,1971-05,-2.5906735551,-2.5906735551,%环比(非level),M,IIP_FRED_MOM,FRED(OECD转载经产省),VALIDATED_MIRROR,,IIP2020BASE_MOM,2026-09-05,LATEST_HISTORY_PROXY,PROXY,CURRENT_HISTORY_ONLY_NO_VINTAGE,false,true,true
1971-06-30,1971-06,2.1276595113,2.1276595113,%环比(非level),M,IIP_FRED_MOM,FRED(OECD转载经产省),VALIDATED_MIRROR,,IIP2020BASE_MOM,2026-09-05,LATEST_HISTORY_PROXY,PROXY,CURRENT_HISTORY_ONLY_NO_VINTAGE,false,true,true
1971-07-31,1971-07,0.3472222912,0.3472222912,%环比(非level),M,IIP_FRED_MOM,FRED(OECD转载经产省),VALIDATED_MIRROR,,IIP2020BASE_MOM,2026-09-05,LATEST_HISTORY_PROXY,PROXY,CURRENT_HISTORY_ONLY_NO_VINTAGE,false,true,true
1971-08-31,1971-08,0.3460207681,0.3460207681,%环比(非level),M,IIP_FRED_MOM,FRED(OECD转载经产省),VALIDATED_MIRROR,,IIP2020BASE_MOM,2026-09-05,LATEST_HISTORY_PROXY,PROXY,CURRENT_HISTORY_ONLY_NO_VINTAGE,false,true,true
1971-09-30,1971-09,1.3793103105,1.3793103105,%环比(非level),M,IIP_FRED_MOM,FRED(OECD转载经产省),VALIDATED_MIRROR,,IIP2020BASE_MOM,2026-09-05,LATEST_HISTORY_PROXY,PROXY,CURRENT_HISTORY_ONLY_NO_VINTAGE,false,true,true
1971-10-31,1971-10,-1.3605441843,-1.3605441843,%环比(非level),M,IIP_FRED_MOM,FRED(OECD转载经产省),VALIDATED_MIRROR,,IIP2020BASE_MOM,2026-09-05,LATEST_HISTORY_PROXY,PROXY,CURRENT_HISTORY_ONLY_NO_VINTAGE,false,true,true
1971-11-30,1971-11,1.2068965038,1.2068965038,%环比(非level),M,IIP_FRED_MOM,FRED(OECD转载经产省),VALIDATED_MIRROR,,IIP2020BASE_MOM,2026-09-05,LATEST_HISTORY_PROXY,PROXY,CURRENT_HISTORY_ONLY_NO_VINTAGE,false,true,true
1971-12-31,1971-12,-0.6814309986,-0.6814309986,%环比(非level),M,IIP_FRED_MOM,FRED(OECD转载经产省),VALIDATED_MIRROR,,IIP2020BASE_MOM,2026-09-05,LATEST_HISTORY_PROXY,PROXY,CURRENT_HISTORY_ONLY_NO_VINTAGE,false,true,true
1972-01-31,1972-01,0.6861063399,0.6861063399,%环比(非level),M,IIP_FRED_MOM,FRED(OECD转载经产省),VALIDATED_MIRROR,,IIP2020BASE_MOM,2026-09-05,LATEST_HISTORY_PROXY,PROXY,CURRENT_HISTORY_ONLY_NO_VINTAGE,false,true,true
1972-02-29,1972-02,1.0221465485,1.0221465485,%环比(非level),M,IIP_FRED_MOM,FRED(OECD转载经产省),VALIDATED_MIRROR,,IIP2020BASE_MOM,2026-09-05,LATEST_HISTORY_PROXY,PROXY,CURRENT_HISTORY_ONLY_NO_VINTAGE,false,true,true
1972-03-31,1972-03,2.0236087488,2.0236087488,%环比(非level),M,IIP_FRED_MOM,FRED(OECD转载经产省),VALIDATED_MIRROR,,IIP2020BASE_MOM,2026-09-05,LATEST_HISTORY_PROXY,PROXY,CURRENT_HISTORY_ONLY_NO_VINTAGE,false,true,true
1972-04-30,1972-04,-0.661157038,-0.661157038,%环比(非level),M,IIP_FRED_MOM,FRED(OECD转载经产省),VALIDATED_MIRROR,,IIP2020BASE_MOM,2026-09-05,LATEST_HISTORY_PROXY,PROXY,CURRENT_HISTORY_ONLY_NO_VINTAGE,false,true,true
1972-05-31,1972-05,1.4975041601,1.4975041601,%环比(非level),M,IIP_FRED_MOM,FRED(OECD转载经产省),VALIDATED_MIRROR,,IIP2020BASE_MOM,2026-09-05,LATEST_HISTORY_PROXY,PROXY,CURRENT_HISTORY_ONLY_NO_VINTAGE,false,true,true
1972-06-30,1972-06,0.4918032983,0.4918032983,%环比(非level),M,IIP_FRED_MOM,FRED(OECD转载经产省),VALIDATED_MIRROR,,IIP2020BASE_MOM,2026-09-05,LATEST_HISTORY_PROXY,PROXY,CURRENT_HISTORY_ONLY_NO_VINTAGE,false,true,true
1972-07-31,1972-07,-0.16313215,-0.16313215,%环比(非level),M,IIP_FRED_MOM,FRED(OECD转载经产省),VALIDATED_MIRROR,,IIP2020BASE_MOM,2026-09-05,LATEST_HISTORY_PROXY,PROXY,CURRENT_HISTORY_ONLY_NO_VINTAGE,false,true,true
1972-08-31,1972-08,2.6143790984,2.6143790984,%环比(非level),M,IIP_FRED_MOM,FRED(OECD转载经产省),VALIDATED_MIRROR,,IIP2020BASE_MOM,2026-09-05,LATEST_HISTORY_PROXY,PROXY,CURRENT_HISTORY_ONLY_NO_VINTAGE,false,true,true
1972-09-30,1972-09,1.1146496942,1.1146496942,%环比(非level),M,IIP_FRED_MOM,FRED(OECD转载经产省),VALIDATED_MIRROR,,IIP2020BASE_MOM,2026-09-05,LATEST_HISTORY_PROXY,PROXY,CURRENT_HISTORY_ONLY_NO_VINTAGE,false,true,true
1972-10-31,1972-10,1.102362161,1.102362161,%环比(非level),M,IIP_FRED_MOM,FRED(OECD转载经产省),VALIDATED_MIRROR,,IIP2020BASE_MOM,2026-09-05,LATEST_HISTORY_PROXY,PROXY,CURRENT_HISTORY_ONLY_NO_VINTAGE,false,true,true
1972-11-30,1972-11,1.8691588977,1.8691588977,%环比(非level),M,IIP_FRED_MOM,FRED(OECD转载经产省),VALIDATED_MIRROR,,IIP2020BASE_MOM,2026-09-05,LATEST_HISTORY_PROXY,PROXY,CURRENT_HISTORY_ONLY_NO_VINTAGE,false,true,true
1972-12-31,1972-12,2.4464831748,2.4464831748,%环比(非level),M,IIP_FRED_MOM,FRED(OECD转载经产省),VALIDATED_MIRROR,,IIP2020BASE_MOM,2026-09-05,LATEST_HISTORY_PROXY,PROXY,CURRENT_HISTORY_ONLY_NO_VINTAGE,false,true,true
1973-01-31,1973-01,2.5373134393,2.5373134393,%环比(非level),M,IIP_FRED_MOM,FRED(OECD转载经产省),VALIDATED_MIRROR,,IIP2020BASE_MOM,2026-09-05,LATEST_HISTORY_PROXY,PROXY,CURRENT_HISTORY_ONLY_NO_VINTAGE,false,true,true
1973-02-28,1973-02,0.8733624456,0.8733624456,%环比(非level),M,IIP_FRED_MOM,FRED(OECD转载经产省),VALIDATED_MIRROR,,IIP2020BASE_MOM,2026-09-05,LATEST_HISTORY_PROXY,PROXY,CURRENT_HISTORY_ONLY_NO_VINTAGE,false,true,true
1973-03-31,1973-03,1.5873015933,1.5873015933,%环比(非level),M,IIP_FRED_MOM,FRED(OECD转载经产省),VALIDATED_MIRROR,,IIP2020BASE_MOM,2026-09-05,LATEST_HISTORY_PROXY,PROXY,CURRENT_HISTORY_ONLY_NO_VINTAGE,false,true,true
1973-04-30,1973-04,-0.2840908979,-0.2840908979,%环比(非level),M,IIP_FRED_MOM,FRED(OECD转载经产省),VALIDATED_MIRROR,,IIP2020BASE_MOM,2026-09-05,LATEST_HISTORY_PROXY,PROXY,CURRENT_HISTORY_ONLY_NO_VINTAGE,false,true,true
1973-05-31,1973-05,0.9971509746,0.9971509746,%环比(非level),M,IIP_FRED_MOM,FRED(OECD转载经产省),VALIDATED_MIRROR,,IIP2020BASE_MOM,2026-09-05,LATEST_HISTORY_PROXY,PROXY,CURRENT_HISTORY_ONLY_NO_VINTAGE,false,true,true
1973-06-30,1973-06,0.987306093,0.987306093,%环比(非level),M,IIP_FRED_MOM,FRED(OECD转载经产省),VALIDATED_MIRROR,,IIP2020BASE_MOM,2026-09-05,LATEST_HISTORY_PROXY,PROXY,CURRENT_HISTORY_ONLY_NO_VINTAGE,false,true,true
1973-07-31,1973-07,-1.1173184412,-1.1173184412,%环比(非level),M,IIP_FRED_MOM,FRED(OECD转载经产省),VALIDATED_MIRROR,,IIP2020BASE_MOM,2026-09-05,LATEST_HISTORY_PROXY,PROXY,CURRENT_HISTORY_ONLY_NO_VINTAGE,false,true,true
1973-08-31,1973-08,2.9661016614,2.9661016614,%环比(非level),M,IIP_FRED_MOM,FRED(OECD转载经产省),VALIDATED_MIRROR,,IIP2020BASE_MOM,2026-09-05,LATEST_HISTORY_PROXY,PROXY,CURRENT_HISTORY_ONLY_NO_VINTAGE,false,true,true
1973-09-30,1973-09,-1.3717420912,-1.3717420912,%环比(非level),M,IIP_FRED_MOM,FRED(OECD转载经产省),VALIDATED_MIRROR,,IIP2020BASE_MOM,2026-09-05,LATEST_HISTORY_PROXY,PROXY,CURRENT_HISTORY_ONLY_NO_VINTAGE,false,true,true
1973-10-31,1973-10,1.3908205623,1.3908205623,%环比(非level),M,IIP_FRED_MOM,FRED(OECD转载经产省),VALIDATED_MIRROR,,IIP2020BASE_MOM,2026-09-05,LATEST_HISTORY_PROXY,PROXY,CURRENT_HISTORY_ONLY_NO_VINTAGE,false,true,true
1973-11-30,1973-11,0.9602195225,0.9602195225,%环比(非level),M,IIP_FRED_MOM,FRED(OECD转载经产省),VALIDATED_MIRROR,,IIP2020BASE_MOM,2026-09-05,LATEST_HISTORY_PROXY,PROXY,CURRENT_HISTORY_ONLY_NO_VINTAGE,false,true,true
1973-12-31,1973-12,0.0,0.0,%环比(非level),M,IIP_FRED_MOM,FRED(OECD转载经产省),VALIDATED_MIRROR,,IIP2020BASE_MOM,2026-09-05,LATEST_HISTORY_PROXY,PROXY,CURRENT_HISTORY_ONLY_NO_VINTAGE,false,true,true
1974-01-31,1974-01,0.5434782393,0.5434782393,%环比(非level),M,IIP_FRED_MOM,FRED(OECD转载经产省),VALIDATED_MIRROR,,IIP2020BASE_MOM,2026-09-05,LATEST_HISTORY_PROXY,PROXY,CURRENT_HISTORY_ONLY_NO_VINTAGE,false,true,true
1974-02-28,1974-02,-0.2702702917,-0.2702702917,%环比(非level),M,IIP_FRED_MOM,FRED(OECD转载经产省),VALIDATED_MIRROR,,IIP2020BASE_MOM,2026-09-05,LATEST_HISTORY_PROXY,PROXY,CURRENT_HISTORY_ONLY_NO_VINTAGE,false,true,true
1974-03-31,1974-03,-2.3035230091,-2.3035230091,%环比(非level),M,IIP_FRED_MOM,FRED(OECD转载经产省),VALIDATED_MIRROR,,IIP2020BASE_MOM,2026-09-05,LATEST_HISTORY_PROXY,PROXY,CURRENT_HISTORY_ONLY_NO_VINTAGE,false,true,true
1974-04-30,1974-04,-2.0804438611,-2.0804438611,%环比(非level),M,IIP_FRED_MOM,FRED(OECD转载经产省),VALIDATED_MIRROR,,IIP2020BASE_MOM,2026-09-05,LATEST_HISTORY_PROXY,PROXY,CURRENT_HISTORY_ONLY_NO_VINTAGE,false,true,true
1974-05-31,1974-05,0.2832861584,0.2832861584,%环比(非level),M,IIP_FRED_MOM,FRED(OECD转载经产省),VALIDATED_MIRROR,,IIP2020BASE_MOM,2026-09-05,LATEST_HISTORY_PROXY,PROXY,CURRENT_HISTORY_ONLY_NO_VINTAGE,false,true,true
1974-06-30,1974-06,-2.6836158304,-2.6836158304,%环比(非level),M,IIP_FRED_MOM,FRED(OECD转载经产省),VALIDATED_MIRROR,,IIP2020BASE_MOM,2026-09-05,LATEST_HISTORY_PROXY,PROXY,CURRENT_HISTORY_ONLY_NO_VINTAGE,false,true,true
1974-07-31,1974-07,-1.0159651958,-1.0159651958,%环比(非level),M,IIP_FRED_MOM,FRED(OECD转载经产省),VALIDATED_MIRROR,,IIP2020BASE_MOM,2026-09-05,LATEST_HISTORY_PROXY,PROXY,CURRENT_HISTORY_ONLY_NO_VINTAGE,false,true,true
1974-08-31,1974-08,-1.4662756372,-1.4662756372,%环比(非level),M,IIP_FRED_MOM,FRED(OECD转载经产省),VALIDATED_MIRROR,,IIP2020BASE_MOM,2026-09-05,LATEST_HISTORY_PROXY,PROXY,CURRENT_HISTORY_ONLY_NO_VINTAGE,false,true,true
1974-09-30,1974-09,-1.041666661,-1.041666661,%环比(非level),M,IIP_FRED_MOM,FRED(OECD转载经产省),VALIDATED_MIRROR,,IIP2020BASE_MOM,2026-09-05,LATEST_HISTORY_PROXY,PROXY,CURRENT_HISTORY_ONLY_NO_VINTAGE,false,true,true
1974-10-31,1974-10,-2.1052631462,-2.1052631462,%环比(非level),M,IIP_FRED_MOM,FRED(OECD转载经产省),VALIDATED_MIRROR,,IIP2020BASE_MOM,2026-09-05,LATEST_HISTORY_PROXY,PROXY,CURRENT_HISTORY_ONLY_NO_VINTAGE,false,true,true
1974-11-30,1974-11,-1.6897081657,-1.6897081657,%环比(非level),M,IIP_FRED_MOM,FRED(OECD转载经产省),VALIDATED_MIRROR,,IIP2020BASE_MOM,2026-09-05,LATEST_HISTORY_PROXY,PROXY,CURRENT_HISTORY_ONLY_NO_VINTAGE,false,true,true
1974-12-31,1974-12,-1.8749999819,-1.8749999819,%环比(非level),M,IIP_FRED_MOM,FRED(OECD转载经产省),VALIDATED_MIRROR,,IIP2020BASE_MOM,2026-09-05,LATEST_HISTORY_PROXY,PROXY,CURRENT_HISTORY_ONLY_NO_VINTAGE,false,true,true
1975-01-31,1975-01,-3.8216560512,-3.8216560512,%环比(非level),M,IIP_FRED_MOM,FRED(OECD转载经产省),VALIDATED_MIRROR,,IIP2020BASE_MOM,2026-09-05,LATEST_HISTORY_PROXY,PROXY,CURRENT_HISTORY_ONLY_NO_VINTAGE,false,true,true
1975-02-28,1975-02,-0.9933775032,-0.9933775032,%环比(非level),M,IIP_FRED_MOM,FRED(OECD转载经产省),VALIDATED_MIRROR,,IIP2020BASE_MOM,2026-09-05,LATEST_HISTORY_PROXY,PROXY,CURRENT_HISTORY_ONLY_NO_VINTAGE,false,true,true
1975-03-31,1975-03,-1.3377926094,-1.3377926094,%环比(非level),M,IIP_FRED_MOM,FRED(OECD转载经产省),VALIDATED_MIRROR,,IIP2020BASE_MOM,2026-09-05,LATEST_HISTORY_PROXY,PROXY,CURRENT_HISTORY_ONLY_NO_VINTAGE,false,true,true
1975-04-30,1975-04,2.3728813423,2.3728813423,%环比(非level),M,IIP_FRED_MOM,FRED(OECD转载经产省),VALIDATED_MIRROR,,IIP2020BASE_MOM,2026-09-05,LATEST_HISTORY_PROXY,PROXY,CURRENT_HISTORY_ONLY_NO_VINTAGE,false,true,true
1975-05-31,1975-05,0.0,0.0,%环比(非level),M,IIP_FRED_MOM,FRED(OECD转载经产省),VALIDATED_MIRROR,,IIP2020BASE_MOM,2026-09-05,LATEST_HISTORY_PROXY,PROXY,CURRENT_HISTORY_ONLY_NO_VINTAGE,false,true,true
1975-06-30,1975-06,0.9933774638,0.9933774638,%环比(非level),M,IIP_FRED_MOM,FRED(OECD转载经产省),VALIDATED_MIRROR,,IIP2020BASE_MOM,2026-09-05,LATEST_HISTORY_PROXY,PROXY,CURRENT_HISTORY_ONLY_NO_VINTAGE,false,true,true
1975-07-31,1975-07,0.9836065576,0.9836065576,%环比(非level),M,IIP_FRED_MOM,FRED(OECD转载经产省),VALIDATED_MIRROR,,IIP2020BASE_MOM,2026-09-05,LATEST_HISTORY_PROXY,PROXY,CURRENT_HISTORY_ONLY_NO_VINTAGE,false,true,true
1975-08-31,1975-08,0.0,0.0,%环比(非level),M,IIP_FRED_MOM,FRED(OECD转载经产省),VALIDATED_MIRROR,,IIP2020BASE_MOM,2026-09-05,LATEST_HISTORY_PROXY,PROXY,CURRENT_HISTORY_ONLY_NO_VINTAGE,false,true,true
1975-09-30,1975-09,0.8116883183,0.8116883183,%环比(非level),M,IIP_FRED_MOM,FRED(OECD转载经产省),VALIDATED_MIRROR,,IIP2020BASE_MOM,2026-09-05,LATEST_HISTORY_PROXY,PROXY,CURRENT_HISTORY_ONLY_NO_VINTAGE,false,true,true
1975-10-31,1975-10,0.3220611981,0.3220611981,%环比(非level),M,IIP_FRED_MOM,FRED(OECD转载经产省),VALIDATED_MIRROR,,IIP2020BASE_MOM,2026-09-05,LATEST_HISTORY_PROXY,PROXY,CURRENT_HISTORY_ONLY_NO_VINTAGE,false,true,true
1975-11-30,1975-11,-1.6051364304,-1.6051364304,%环比(非level),M,IIP_FRED_MOM,FRED(OECD转载经产省),VALIDATED_MIRROR,,IIP2020BASE_MOM,2026-09-05,LATEST_HISTORY_PROXY,PROXY,CURRENT_HISTORY_ONLY_NO_VINTAGE,false,true,true
1975-12-31,1975-12,2.1207177751,2.1207177751,%环比(非level),M,IIP_FRED_MOM,FRED(OECD转载经产省),VALIDATED_MIRROR,,IIP2020BASE_MOM,2026-09-05,LATEST_HISTORY_PROXY,PROXY,CURRENT_HISTORY_ONLY_NO_VINTAGE,false,true,true
1976-01-31,1976-01,1.757188505,1.757188505,%环比(非level),M,IIP_FRED_MOM,FRED(OECD转载经产省),VALIDATED_MIRROR,,IIP2020BASE_MOM,2026-09-05,LATEST_HISTORY_PROXY,PROXY,CURRENT_HISTORY_ONLY_NO_VINTAGE,false,true,true
1976-02-29,1976-02,2.5117739156,2.5117739156,%环比(非level),M,IIP_FRED_MOM,FRED(OECD转载经产省),VALIDATED_MIRROR,,IIP2020BASE_MOM,2026-09-05,LATEST_HISTORY_PROXY,PROXY,CURRENT_HISTORY_ONLY_NO_VINTAGE,false,true,true
1976-03-31,1976-03,1.5313935807,1.5313935807,%环比(非level),M,IIP_FRED_MOM,FRED(OECD转载经产省),VALIDATED_MIRROR,,IIP2020BASE_MOM,2026-09-05,LATEST_HISTORY_PROXY,PROXY,CURRENT_HISTORY_ONLY_NO_VINTAGE,false,true,true
1976-04-30,1976-04,1.3574660636,1.3574660636,%环比(非level),M,IIP_FRED_MOM,FRED(OECD转载经产省),VALIDATED_MIRROR,,IIP2020BASE_MOM,2026-09-05,LATEST_HISTORY_PROXY,PROXY,CURRENT_HISTORY_ONLY_NO_VINTAGE,false,true,true
1976-05-31,1976-05,-0.2976190536,-0.2976190536,%环比(非level),M,IIP_FRED_MOM,FRED(OECD转载经产省),VALIDATED_MIRROR,,IIP2020BASE_MOM,2026-09-05,LATEST_HISTORY_PROXY,PROXY,CURRENT_HISTORY_ONLY_NO_VINTAGE,false,true,true
1976-06-30,1976-06,1.7910447588,1.7910447588,%环比(非level),M,IIP_FRED_MOM,FRED(OECD转载经产省),VALIDATED_MIRROR,,IIP2020BASE_MOM,2026-09-05,LATEST_HISTORY_PROXY,PROXY,CURRENT_HISTORY_ONLY_NO_VINTAGE,false,true,true
1976-07-31,1976-07,0.8797654485,0.8797654485,%环比(非level),M,IIP_FRED_MOM,FRED(OECD转载经产省),VALIDATED_MIRROR,,IIP2020BASE_MOM,2026-09-05,LATEST_HISTORY_PROXY,PROXY,CURRENT_HISTORY_ONLY_NO_VINTAGE,false,true,true
1976-08-31,1976-08,0.2906976629,0.2906976629,%环比(非level),M,IIP_FRED_MOM,FRED(OECD转载经产省),VALIDATED_MIRROR,,IIP2020BASE_MOM,2026-09-05,LATEST_HISTORY_PROXY,PROXY,CURRENT_HISTORY_ONLY_NO_VINTAGE,false,true,true
1976-09-30,1976-09,-0.1449275477,-0.1449275477,%环比(非level),M,IIP_FRED_MOM,FRED(OECD转载经产省),VALIDATED_MIRROR,,IIP2020BASE_MOM,2026-09-05,LATEST_HISTORY_PROXY,PROXY,CURRENT_HISTORY_ONLY_NO_VINTAGE,false,true,true
1976-10-31,1976-10,0.0,0.0,%环比(非level),M,IIP_FRED_MOM,FRED(OECD转载经产省),VALIDATED_MIRROR,,IIP2020BASE_MOM,2026-09-05,LATEST_HISTORY_PROXY,PROXY,CURRENT_HISTORY_ONLY_NO_VINTAGE,false,true,true
1976-11-30,1976-11,1.4513788215,1.4513788215,%环比(非level),M,IIP_FRED_MOM,FRED(OECD转载经产省),VALIDATED_MIRROR,,IIP2020BASE_MOM,2026-09-05,LATEST_HISTORY_PROXY,PROXY,CURRENT_HISTORY_ONLY_NO_VINTAGE,false,true,true
1976-12-31,1976-12,0.4291845494,0.4291845494,%环比(非level),M,IIP_FRED_MOM,FRED(OECD转载经产省),VALIDATED_MIRROR,,IIP2020BASE_MOM,2026-09-05,LATEST_HISTORY_PROXY,PROXY,CURRENT_HISTORY_ONLY_NO_VINTAGE,false,true,true
1977-01-31,1977-01,0.8547008547,0.8547008547,%环比(非level),M,IIP_FRED_MOM,FRED(OECD转载经产省),VALIDATED_MIRROR,,IIP2020BASE_MOM,2026-09-05,LATEST_HISTORY_PROXY,PROXY,CURRENT_HISTORY_ONLY_NO_VINTAGE,false,true,true
1977-02-28,1977-02,-1.4124294065,-1.4124294065,%环比(非level),M,IIP_FRED_MOM,FRED(OECD转载经产省),VALIDATED_MIRROR,,IIP2020BASE_MOM,2026-09-05,LATEST_HISTORY_PROXY,PROXY,CURRENT_HISTORY_ONLY_NO_VINTAGE,false,true,true
1977-03-31,1977-03,1.4326647852,1.4326647852,%环比(非level),M,IIP_FRED_MOM,FRED(OECD转载经产省),VALIDATED_MIRROR,,IIP2020BASE_MOM,2026-09-05,LATEST_HISTORY_PROXY,PROXY,CURRENT_HISTORY_ONLY_NO_VINTAGE,false,true,true
1977-04-30,1977-04,-0.5649717626,-0.5649717626,%环比(非level),M,IIP_FRED_MOM,FRED(OECD转载经产省),VALIDATED_MIRROR,,IIP2020BASE_MOM,2026-09-05,LATEST_HISTORY_PROXY,PROXY,CURRENT_HISTORY_ONLY_NO_VINTAGE,false,true,true
1977-05-31,1977-05,-0.4261363806,-0.4261363806,%环比(非level),M,IIP_FRED_MOM,FRED(OECD转载经产省),VALIDATED_MIRROR,,IIP2020BASE_MOM,2026-09-05,LATEST_HISTORY_PROXY,PROXY,CURRENT_HISTORY_ONLY_NO_VINTAGE,false,true,true
1977-06-30,1977-06,0.8559201144,0.8559201144,%环比(非level),M,IIP_FRED_MOM,FRED(OECD转载经产省),VALIDATED_MIRROR,,IIP2020BASE_MOM,2026-09-05,LATEST_HISTORY_PROXY,PROXY,CURRENT_HISTORY_ONLY_NO_VINTAGE,false,true,true
1977-07-31,1977-07,-1.9801980092,-1.9801980092,%环比(非level),M,IIP_FRED_MOM,FRED(OECD转载经产省),VALIDATED_MIRROR,,IIP2020BASE_MOM,2026-09-05,LATEST_HISTORY_PROXY,PROXY,CURRENT_HISTORY_ONLY_NO_VINTAGE,false,true,true
1977-08-31,1977-08,2.164502182,2.164502182,%环比(非level),M,IIP_FRED_MOM,FRED(OECD转载经产省),VALIDATED_MIRROR,,IIP2020BASE_MOM,2026-09-05,LATEST_HISTORY_PROXY,PROXY,CURRENT_HISTORY_ONLY_NO_VINTAGE,false,true,true
1977-09-30,1977-09,0.0,0.0,%环比(非level),M,IIP_FRED_MOM,FRED(OECD转载经产省),VALIDATED_MIRROR,,IIP2020BASE_MOM,2026-09-05,LATEST_HISTORY_PROXY,PROXY,CURRENT_HISTORY_ONLY_NO_VINTAGE,false,true,true
1977-10-31,1977-10,-0.8474576271,-0.8474576271,%环比(非level),M,IIP_FRED_MOM,FRED(OECD转载经产省),VALIDATED_MIRROR,,IIP2020BASE_MOM,2026-09-05,LATEST_HISTORY_PROXY,PROXY,CURRENT_HISTORY_ONLY_NO_VINTAGE,false,true,true
1977-11-30,1977-11,1.9943019999,1.9943019999,%环比(非level),M,IIP_FRED_MOM,FRED(OECD转载经产省),VALIDATED_MIRROR,,IIP2020BASE_MOM,2026-09-05,LATEST_HISTORY_PROXY,PROXY,CURRENT_HISTORY_ONLY_NO_VINTAGE,false,true,true
1977-12-31,1977-12,0.6983240112,0.6983240112,%环比(非level),M,IIP_FRED_MOM,FRED(OECD转载经产省),VALIDATED_MIRROR,,IIP2020BASE_MOM,2026-09-05,LATEST_HISTORY_PROXY,PROXY,CURRENT_HISTORY_ONLY_NO_VINTAGE,false,true,true
1978-01-31,1978-01,0.9708737645,0.9708737645,%环比(非level),M,IIP_FRED_MOM,FRED(OECD转载经产省),VALIDATED_MIRROR,,IIP2020BASE_MOM,2026-09-05,LATEST_HISTORY_PROXY,PROXY,CURRENT_HISTORY_ONLY_NO_VINTAGE,false,true,true
1978-02-28,1978-02,-0.6868131761,-0.6868131761,%环比(非level),M,IIP_FRED_MOM,FRED(OECD转载经产省),VALIDATED_MIRROR,,IIP2020BASE_MOM,2026-09-05,LATEST_HISTORY_PROXY,PROXY,CURRENT_HISTORY_ONLY_NO_VINTAGE,false,true,true
1978-03-31,1978-03,2.213001378,2.213001378,%环比(非level),M,IIP_FRED_MOM,FRED(OECD转载经产省),VALIDATED_MIRROR,,IIP2020BASE_MOM,2026-09-05,LATEST_HISTORY_PROXY,PROXY,CURRENT_HISTORY_ONLY_NO_VINTAGE,false,true,true
1978-04-30,1978-04,0.0,0.0,%环比(非level),M,IIP_FRED_MOM,FRED(OECD转载经产省),VALIDATED_MIRROR,,IIP2020BASE_MOM,2026-09-05,LATEST_HISTORY_PROXY,PROXY,CURRENT_HISTORY_ONLY_NO_VINTAGE,false,true,true
1978-05-31,1978-05,0.270636,0.270636,%环比(非level),M,IIP_FRED_MOM,FRED(OECD转载经产省),VALIDATED_MIRROR,,IIP2020BASE_MOM,2026-09-05,LATEST_HISTORY_PROXY,PROXY,CURRENT_HISTORY_ONLY_NO_VINTAGE,false,true,true
1978-06-30,1978-06,0.5398110609,0.5398110609,%环比(非level),M,IIP_FRED_MOM,FRED(OECD转载经产省),VALIDATED_MIRROR,,IIP2020BASE_MOM,2026-09-05,LATEST_HISTORY_PROXY,PROXY,CURRENT_HISTORY_ONLY_NO_VINTAGE,false,true,true
1978-07-31,1978-07,0.6711409451,0.6711409451,%环比(非level),M,IIP_FRED_MOM,FRED(OECD转载经产省),VALIDATED_MIRROR,,IIP2020BASE_MOM,2026-09-05,LATEST_HISTORY_PROXY,PROXY,CURRENT_HISTORY_ONLY_NO_VINTAGE,false,true,true
1978-08-31,1978-08,1.3333333283,1.3333333283,%环比(非level),M,IIP_FRED_MOM,FRED(OECD转载经产省),VALIDATED_MIRROR,,IIP2020BASE_MOM,2026-09-05,LATEST_HISTORY_PROXY,PROXY,CURRENT_HISTORY_ONLY_NO_VINTAGE,false,true,true
1978-09-30,1978-09,0.7894736687,0.7894736687,%环比(非level),M,IIP_FRED_MOM,FRED(OECD转载经产省),VALIDATED_MIRROR,,IIP2020BASE_MOM,2026-09-05,LATEST_HISTORY_PROXY,PROXY,CURRENT_HISTORY_ONLY_NO_VINTAGE,false,true,true
1978-10-31,1978-10,0.1305483133,0.1305483133,%环比(非level),M,IIP_FRED_MOM,FRED(OECD转载经产省),VALIDATED_MIRROR,,IIP2020BASE_MOM,2026-09-05,LATEST_HISTORY_PROXY,PROXY,CURRENT_HISTORY_ONLY_NO_VINTAGE,false,true,true
1978-11-30,1978-11,0.5215124119,0.5215124119,%环比(非level),M,IIP_FRED_MOM,FRED(OECD转载经产省),VALIDATED_MIRROR,,IIP2020BASE_MOM,2026-09-05,LATEST_HISTORY_PROXY,PROXY,CURRENT_HISTORY_ONLY_NO_VINTAGE,false,true,true
1978-12-31,1978-12,0.9079117823,0.9079117823,%环比(非level),M,IIP_FRED_MOM,FRED(OECD转载经产省),VALIDATED_MIRROR,,IIP2020BASE_MOM,2026-09-05,LATEST_HISTORY_PROXY,PROXY,CURRENT_HISTORY_ONLY_NO_VINTAGE,false,true,true
1979-01-31,1979-01,-0.1285346993,-0.1285346993,%环比(非level),M,IIP_FRED_MOM,FRED(OECD转载经产省),VALIDATED_MIRROR,,IIP2020BASE_MOM,2026-09-05,LATEST_HISTORY_PROXY,PROXY,CURRENT_HISTORY_ONLY_NO_VINTAGE,false,true,true
1979-02-28,1979-02,-0.1287001236,-0.1287001236,%环比(非level),M,IIP_FRED_MOM,FRED(OECD转载经产省),VALIDATED_MIRROR,,IIP2020BASE_MOM,2026-09-05,LATEST_HISTORY_PROXY,PROXY,CURRENT_HISTORY_ONLY_NO_VINTAGE,false,true,true
1979-03-31,1979-03,0.9020618353,0.9020618353,%环比(非level),M,IIP_FRED_MOM,FRED(OECD转载经产省),VALIDATED_MIRROR,,IIP2020BASE_MOM,2026-09-05,LATEST_HISTORY_PROXY,PROXY,CURRENT_HISTORY_ONLY_NO_VINTAGE,false,true,true
1979-04-30,1979-04,0.3831417929,0.3831417929,%环比(非level),M,IIP_FRED_MOM,FRED(OECD转载经产省),VALIDATED_MIRROR,,IIP2020BASE_MOM,2026-09-05,LATEST_HISTORY_PROXY,PROXY,CURRENT_HISTORY_ONLY_NO_VINTAGE,false,true,true
1979-05-31,1979-05,2.1628498476,2.1628498476,%环比(非level),M,IIP_FRED_MOM,FRED(OECD转载经产省),VALIDATED_MIRROR,,IIP2020BASE_MOM,2026-09-05,LATEST_HISTORY_PROXY,PROXY,CURRENT_HISTORY_ONLY_NO_VINTAGE,false,true,true
1979-06-30,1979-06,0.3735990186,0.3735990186,%环比(非level),M,IIP_FRED_MOM,FRED(OECD转载经产省),VALIDATED_MIRROR,,IIP2020BASE_MOM,2026-09-05,LATEST_HISTORY_PROXY,PROXY,CURRENT_HISTORY_ONLY_NO_VINTAGE,false,true,true
1979-07-31,1979-07,0.7444168588,0.7444168588,%环比(非level),M,IIP_FRED_MOM,FRED(OECD转载经产省),VALIDATED_MIRROR,,IIP2020BASE_MOM,2026-09-05,LATEST_HISTORY_PROXY,PROXY,CURRENT_HISTORY_ONLY_NO_VINTAGE,false,true,true
1979-08-31,1979-08,1.4778325419,1.4778325419,%环比(非level),M,IIP_FRED_MOM,FRED(OECD转载经产省),VALIDATED_MIRROR,,IIP2020BASE_MOM,2026-09-05,LATEST_HISTORY_PROXY,PROXY,CURRENT_HISTORY_ONLY_NO_VINTAGE,false,true,true
1979-09-30,1979-09,-1.8203883783,-1.8203883783,%环比(非level),M,IIP_FRED_MOM,FRED(OECD转载经产省),VALIDATED_MIRROR,,IIP2020BASE_MOM,2026-09-05,LATEST_HISTORY_PROXY,PROXY,CURRENT_HISTORY_ONLY_NO_VINTAGE,false,true,true
1979-10-31,1979-10,2.1013597234,2.1013597234,%环比(非level),M,IIP_FRED_MOM,FRED(OECD转载经产省),VALIDATED_MIRROR,,IIP2020BASE_MOM,2026-09-05,LATEST_HISTORY_PROXY,PROXY,CURRENT_HISTORY_ONLY_NO_VINTAGE,false,true,true
1979-11-30,1979-11,1.2106537339,1.2106537339,%环比(非level),M,IIP_FRED_MOM,FRED(OECD转载经产省),VALIDATED_MIRROR,,IIP2020BASE_MOM,2026-09-05,LATEST_HISTORY_PROXY,PROXY,CURRENT_HISTORY_ONLY_NO_VINTAGE,false,true,true
1979-12-31,1979-12,-0.3588516605,-0.3588516605,%环比(非level),M,IIP_FRED_MOM,FRED(OECD转载经产省),VALIDATED_MIRROR,,IIP2020BASE_MOM,2026-09-05,LATEST_HISTORY_PROXY,PROXY,CURRENT_HISTORY_ONLY_NO_VINTAGE,false,true,true
1980-01-31,1980-01,0.7202881011,0.7202881011,%环比(非level),M,IIP_FRED_MOM,FRED(OECD转载经产省),VALIDATED_MIRROR,,IIP2020BASE_MOM,2026-09-05,LATEST_HISTORY_PROXY,PROXY,CURRENT_HISTORY_ONLY_NO_VINTAGE,false,true,true
1980-02-29,1980-02,3.6948748613,3.6948748613,%环比(非level),M,IIP_FRED_MOM,FRED(OECD转载经产省),VALIDATED_MIRROR,,IIP2020BASE_MOM,2026-09-05,LATEST_HISTORY_PROXY,PROXY,CURRENT_HISTORY_ONLY_NO_VINTAGE,false,true,true
1980-03-31,1980-03,-2.6436781658,-2.6436781658,%环比(非level),M,IIP_FRED_MOM,FRED(OECD转载经产省),VALIDATED_MIRROR,,IIP2020BASE_MOM,2026-09-05,LATEST_HISTORY_PROXY,PROXY,CURRENT_HISTORY_ONLY_NO_VINTAGE,false,true,true
1980-04-30,1980-04,1.7709563308,1.7709563308,%环比(非level),M,IIP_FRED_MOM,FRED(OECD转载经产省),VALIDATED_MIRROR,,IIP2020BASE_MOM,2026-09-05,LATEST_HISTORY_PROXY,PROXY,CURRENT_HISTORY_ONLY_NO_VINTAGE,false,true,true
1980-05-31,1980-05,-0.6960556845,-0.6960556845,%环比(非level),M,IIP_FRED_MOM,FRED(OECD转载经产省),VALIDATED_MIRROR,,IIP2020BASE_MOM,2026-09-05,LATEST_HISTORY_PROXY,PROXY,CURRENT_HISTORY_ONLY_NO_VINTAGE,false,true,true
1980-06-30,1980-06,-1.0514018831,-1.0514018831,%环比(非level),M,IIP_FRED_MOM,FRED(OECD转载经产省),VALIDATED_MIRROR,,IIP2020BASE_MOM,2026-09-05,LATEST_HISTORY_PROXY,PROXY,CURRENT_HISTORY_ONLY_NO_VINTAGE,false,true,true
1980-07-31,1980-07,-0.1180637357,-0.1180637357,%环比(非level),M,IIP_FRED_MOM,FRED(OECD转载经产省),VALIDATED_MIRROR,,IIP2020BASE_MOM,2026-09-05,LATEST_HISTORY_PROXY,PROXY,CURRENT_HISTORY_ONLY_NO_VINTAGE,false,true,true
1980-08-31,1980-08,-2.9550827517,-2.9550827517,%环比(非level),M,IIP_FRED_MOM,FRED(OECD转载经产省),VALIDATED_MIRROR,,IIP2020BASE_MOM,2026-09-05,LATEST_HISTORY_PROXY,PROXY,CURRENT_HISTORY_ONLY_NO_VINTAGE,false,true,true
1980-09-30,1980-09,1.5834348309,1.5834348309,%环比(非level),M,IIP_FRED_MOM,FRED(OECD转载经产省),VALIDATED_MIRROR,,IIP2020BASE_MOM,2026-09-05,LATEST_HISTORY_PROXY,PROXY,CURRENT_HISTORY_ONLY_NO_VINTAGE,false,true,true
1980-10-31,1980-10,0.5995203743,0.5995203743,%环比(非level),M,IIP_FRED_MOM,FRED(OECD转载经产省),VALIDATED_MIRROR,,IIP2020BASE_MOM,2026-09-05,LATEST_HISTORY_PROXY,PROXY,CURRENT_HISTORY_ONLY_NO_VINTAGE,false,true,true
1980-11-30,1980-11,-1.3110846154,-1.3110846154,%环比(非level),M,IIP_FRED_MOM,FRED(OECD转载经产省),VALIDATED_MIRROR,,IIP2020BASE_MOM,2026-09-05,LATEST_HISTORY_PROXY,PROXY,CURRENT_HISTORY_ONLY_NO_VINTAGE,false,true,true
1980-12-31,1980-12,1.4492753769,1.4492753769,%环比(非level),M,IIP_FRED_MOM,FRED(OECD转载经产省),VALIDATED_MIRROR,,IIP2020BASE_MOM,2026-09-05,LATEST_HISTORY_PROXY,PROXY,CURRENT_HISTORY_ONLY_NO_VINTAGE,false,true,true
1981-01-31,1981-01,0.119047586,0.119047586,%环比(非level),M,IIP_FRED_MOM,FRED(OECD转载经产省),VALIDATED_MIRROR,,IIP2020BASE_MOM,2026-09-05,LATEST_HISTORY_PROXY,PROXY,CURRENT_HISTORY_ONLY_NO_VINTAGE,false,true,true
1981-02-28,1981-02,-0.3567181786,-0.3567181786,%环比(非level),M,IIP_FRED_MOM,FRED(OECD转载经产省),VALIDATED_MIRROR,,IIP2020BASE_MOM,2026-09-05,LATEST_HISTORY_PROXY,PROXY,CURRENT_HISTORY_ONLY_NO_VINTAGE,false,true,true
1981-03-31,1981-03,0.3579952126,0.3579952126,%环比(非level),M,IIP_FRED_MOM,FRED(OECD转载经产省),VALIDATED_MIRROR,,IIP2020BASE_MOM,2026-09-05,LATEST_HISTORY_PROXY,PROXY,CURRENT_HISTORY_ONLY_NO_VINTAGE,false,true,true
1981-04-30,1981-04,0.0,0.0,%环比(非level),M,IIP_FRED_MOM,FRED(OECD转载经产省),VALIDATED_MIRROR,,IIP2020BASE_MOM,2026-09-05,LATEST_HISTORY_PROXY,PROXY,CURRENT_HISTORY_ONLY_NO_VINTAGE,false,true,true
1981-05-31,1981-05,-1.5457788164,-1.5457788164,%环比(非level),M,IIP_FRED_MOM,FRED(OECD转载经产省),VALIDATED_MIRROR,,IIP2020BASE_MOM,2026-09-05,LATEST_HISTORY_PROXY,PROXY,CURRENT_HISTORY_ONLY_NO_VINTAGE,false,true,true
1981-06-30,1981-06,2.5362318988,2.5362318988,%环比(非level),M,IIP_FRED_MOM,FRED(OECD转载经产省),VALIDATED_MIRROR,,IIP2020BASE_MOM,2026-09-05,LATEST_HISTORY_PROXY,PROXY,CURRENT_HISTORY_ONLY_NO_VINTAGE,false,true,true
1981-07-31,1981-07,0.8244994064,0.8244994064,%环比(非level),M,IIP_FRED_MOM,FRED(OECD转载经产省),VALIDATED_MIRROR,,IIP2020BASE_MOM,2026-09-05,LATEST_HISTORY_PROXY,PROXY,CURRENT_HISTORY_ONLY_NO_VINTAGE,false,true,true
1981-08-31,1981-08,-0.3504673036,-0.3504673036,%环比(非level),M,IIP_FRED_MOM,FRED(OECD转载经产省),VALIDATED_MIRROR,,IIP2020BASE_MOM,2026-09-05,LATEST_HISTORY_PROXY,PROXY,CURRENT_HISTORY_ONLY_NO_VINTAGE,false,true,true
1981-09-30,1981-09,1.6412661106,1.6412661106,%环比(非level),M,IIP_FRED_MOM,FRED(OECD转载经产省),VALIDATED_MIRROR,,IIP2020BASE_MOM,2026-09-05,LATEST_HISTORY_PROXY,PROXY,CURRENT_HISTORY_ONLY_NO_VINTAGE,false,true,true
1981-10-31,1981-10,0.5767012872,0.5767012872,%环比(非level),M,IIP_FRED_MOM,FRED(OECD转载经产省),VALIDATED_MIRROR,,IIP2020BASE_MOM,2026-09-05,LATEST_HISTORY_PROXY,PROXY,CURRENT_HISTORY_ONLY_NO_VINTAGE,false,true,true
1981-11-30,1981-11,0.0,0.0,%环比(非level),M,IIP_FRED_MOM,FRED(OECD转载经产省),VALIDATED_MIRROR,,IIP2020BASE_MOM,2026-09-05,LATEST_HISTORY_PROXY,PROXY,CURRENT_HISTORY_ONLY_NO_VINTAGE,false,true,true
1981-12-31,1981-12,-0.3440367109,-0.3440367109,%环比(非level),M,IIP_FRED_MOM,FRED(OECD转载经产省),VALIDATED_MIRROR,,IIP2020BASE_MOM,2026-09-05,LATEST_HISTORY_PROXY,PROXY,CURRENT_HISTORY_ONLY_NO_VINTAGE,false,true,true
1982-01-31,1982-01,-0.5753739841,-0.5753739841,%环比(非level),M,IIP_FRED_MOM,FRED(OECD转载经产省),VALIDATED_MIRROR,,IIP2020BASE_MOM,2026-09-05,LATEST_HISTORY_PROXY,PROXY,CURRENT_HISTORY_ONLY_NO_VINTAGE,false,true,true
1982-02-28,1982-02,-0.6944444445,-0.6944444445,%环比(非level),M,IIP_FRED_MOM,FRED(OECD转载经产省),VALIDATED_MIRROR,,IIP2020BASE_MOM,2026-09-05,LATEST_HISTORY_PROXY,PROXY,CURRENT_HISTORY_ONLY_NO_VINTAGE,false,true,true
1982-03-31,1982-03,1.0489510352,1.0489510352,%环比(非level),M,IIP_FRED_MOM,FRED(OECD转载经产省),VALIDATED_MIRROR,,IIP2020BASE_MOM,2026-09-05,LATEST_HISTORY_PROXY,PROXY,CURRENT_HISTORY_ONLY_NO_VINTAGE,false,true,true
1982-04-30,1982-04,-1.384083018,-1.384083018,%环比(非level),M,IIP_FRED_MOM,FRED(OECD转载经产省),VALIDATED_MIRROR,,IIP2020BASE_MOM,2026-09-05,LATEST_HISTORY_PROXY,PROXY,CURRENT_HISTORY_ONLY_NO_VINTAGE,false,true,true
1982-05-31,1982-05,-0.9356725331,-0.9356725331,%环比(非level),M,IIP_FRED_MOM,FRED(OECD转载经产省),VALIDATED_MIRROR,,IIP2020BASE_MOM,2026-09-05,LATEST_HISTORY_PROXY,PROXY,CURRENT_HISTORY_ONLY_NO_VINTAGE,false,true,true
1982-06-30,1982-06,1.2987013036,1.2987013036,%环比(非level),M,IIP_FRED_MOM,FRED(OECD转载经产省),VALIDATED_MIRROR,,IIP2020BASE_MOM,2026-09-05,LATEST_HISTORY_PROXY,PROXY,CURRENT_HISTORY_ONLY_NO_VINTAGE,false,true,true
1982-07-31,1982-07,-0.2331002239,-0.2331002239,%环比(非level),M,IIP_FRED_MOM,FRED(OECD转载经产省),VALIDATED_MIRROR,,IIP2020BASE_MOM,2026-09-05,LATEST_HISTORY_PROXY,PROXY,CURRENT_HISTORY_ONLY_NO_VINTAGE,false,true,true
1982-08-31,1982-08,0.1168224114,0.1168224114,%环比(非level),M,IIP_FRED_MOM,FRED(OECD转载经产省),VALIDATED_MIRROR,,IIP2020BASE_MOM,2026-09-05,LATEST_HISTORY_PROXY,PROXY,CURRENT_HISTORY_ONLY_NO_VINTAGE,false,true,true
1982-09-30,1982-09,0.4667444806,0.4667444806,%环比(非level),M,IIP_FRED_MOM,FRED(OECD转载经产省),VALIDATED_MIRROR,,IIP2020BASE_MOM,2026-09-05,LATEST_HISTORY_PROXY,PROXY,CURRENT_HISTORY_ONLY_NO_VINTAGE,false,true,true
1982-10-31,1982-10,-2.9036004876,-2.9036004876,%环比(非level),M,IIP_FRED_MOM,FRED(OECD转载经产省),VALIDATED_MIRROR,,IIP2020BASE_MOM,2026-09-05,LATEST_HISTORY_PROXY,PROXY,CURRENT_HISTORY_ONLY_NO_VINTAGE,false,true,true
1982-11-30,1982-11,2.5119617231,2.5119617231,%环比(非level),M,IIP_FRED_MOM,FRED(OECD转载经产省),VALIDATED_MIRROR,,IIP2020BASE_MOM,2026-09-05,LATEST_HISTORY_PROXY,PROXY,CURRENT_HISTORY_ONLY_NO_VINTAGE,false,true,true
1982-12-31,1982-12,-1.0501750294,-1.0501750294,%环比(非level),M,IIP_FRED_MOM,FRED(OECD转载经产省),VALIDATED_MIRROR,,IIP2020BASE_MOM,2026-09-05,LATEST_HISTORY_PROXY,PROXY,CURRENT_HISTORY_ONLY_NO_VINTAGE,false,true,true
1983-01-31,1983-01,0.8254717217,0.8254717217,%环比(非level),M,IIP_FRED_MOM,FRED(OECD转载经产省),VALIDATED_MIRROR,,IIP2020BASE_MOM,2026-09-05,LATEST_HISTORY_PROXY,PROXY,CURRENT_HISTORY_ONLY_NO_VINTAGE,false,true,true
1983-02-28,1983-02,-0.3508772208,-0.3508772208,%环比(非level),M,IIP_FRED_MOM,FRED(OECD转载经产省),VALIDATED_MIRROR,,IIP2020BASE_MOM,2026-09-05,LATEST_HISTORY_PROXY,PROXY,CURRENT_HISTORY_ONLY_NO_VINTAGE,false,true,true
1983-03-31,1983-03,1.4084507186,1.4084507186,%环比(非level),M,IIP_FRED_MOM,FRED(OECD转载经产省),VALIDATED_MIRROR,,IIP2020BASE_MOM,2026-09-05,LATEST_HISTORY_PROXY,PROXY,CURRENT_HISTORY_ONLY_NO_VINTAGE,false,true,true
1983-04-30,1983-04,0.0,0.0,%环比(非level),M,IIP_FRED_MOM,FRED(OECD转载经产省),VALIDATED_MIRROR,,IIP2020BASE_MOM,2026-09-05,LATEST_HISTORY_PROXY,PROXY,CURRENT_HISTORY_ONLY_NO_VINTAGE,false,true,true
1983-05-31,1983-05,0.4629629447,0.4629629447,%环比(非level),M,IIP_FRED_MOM,FRED(OECD转载经产省),VALIDATED_MIRROR,,IIP2020BASE_MOM,2026-09-05,LATEST_HISTORY_PROXY,PROXY,CURRENT_HISTORY_ONLY_NO_VINTAGE,false,true,true
1983-06-30,1983-06,1.0368663872,1.0368663872,%环比(非level),M,IIP_FRED_MOM,FRED(OECD转载经产省),VALIDATED_MIRROR,,IIP2020BASE_MOM,2026-09-05,LATEST_HISTORY_PROXY,PROXY,CURRENT_HISTORY_ONLY_NO_VINTAGE,false,true,true
1983-07-31,1983-07,-0.3420752566,-0.3420752566,%环比(非level),M,IIP_FRED_MOM,FRED(OECD转载经产省),VALIDATED_MIRROR,,IIP2020BASE_MOM,2026-09-05,LATEST_HISTORY_PROXY,PROXY,CURRENT_HISTORY_ONLY_NO_VINTAGE,false,true,true
1983-08-31,1983-08,2.2883294969,2.2883294969,%环比(非level),M,IIP_FRED_MOM,FRED(OECD转载经产省),VALIDATED_MIRROR,,IIP2020BASE_MOM,2026-09-05,LATEST_HISTORY_PROXY,PROXY,CURRENT_HISTORY_ONLY_NO_VINTAGE,false,true,true
1983-09-30,1983-09,1.3422818928,1.3422818928,%环比(非level),M,IIP_FRED_MOM,FRED(OECD转载经产省),VALIDATED_MIRROR,,IIP2020BASE_MOM,2026-09-05,LATEST_HISTORY_PROXY,PROXY,CURRENT_HISTORY_ONLY_NO_VINTAGE,false,true,true
1983-10-31,1983-10,-0.4415011126,-0.4415011126,%环比(非level),M,IIP_FRED_MOM,FRED(OECD转载经产省),VALIDATED_MIRROR,,IIP2020BASE_MOM,2026-09-05,LATEST_HISTORY_PROXY,PROXY,CURRENT_HISTORY_ONLY_NO_VINTAGE,false,true,true
1983-11-30,1983-11,0.9977827317,0.9977827317,%环比(非level),M,IIP_FRED_MOM,FRED(OECD转载经产省),VALIDATED_MIRROR,,IIP2020BASE_MOM,2026-09-05,LATEST_HISTORY_PROXY,PROXY,CURRENT_HISTORY_ONLY_NO_VINTAGE,false,true,true
1983-12-31,1983-12,1.3172337829,1.3172337829,%环比(非level),M,IIP_FRED_MOM,FRED(OECD转载经产省),VALIDATED_MIRROR,,IIP2020BASE_MOM,2026-09-05,LATEST_HISTORY_PROXY,PROXY,CURRENT_HISTORY_ONLY_NO_VINTAGE,false,true,true
1984-01-31,1984-01,0.7583965547,0.7583965547,%环比(非level),M,IIP_FRED_MOM,FRED(OECD转载经产省),VALIDATED_MIRROR,,IIP2020BASE_MOM,2026-09-05,LATEST_HISTORY_PROXY,PROXY,CURRENT_HISTORY_ONLY_NO_VINTAGE,false,true,true
1984-02-29,1984-02,2.4731182583,2.4731182583,%环比(非level),M,IIP_FRED_MOM,FRED(OECD转载经产省),VALIDATED_MIRROR,,IIP2020BASE_MOM,2026-09-05,LATEST_HISTORY_PROXY,PROXY,CURRENT_HISTORY_ONLY_NO_VINTAGE,false,true,true
1984-03-31,1984-03,-0.839454359,-0.839454359,%环比(非level),M,IIP_FRED_MOM,FRED(OECD转载经产省),VALIDATED_MIRROR,,IIP2020BASE_MOM,2026-09-05,LATEST_HISTORY_PROXY,PROXY,CURRENT_HISTORY_ONLY_NO_VINTAGE,false,true,true
1984-04-30,1984-04,-0.3174603175,-0.3174603175,%环比(非level),M,IIP_FRED_MOM,FRED(OECD转载经产省),VALIDATED_MIRROR,,IIP2020BASE_MOM,2026-09-05,LATEST_HISTORY_PROXY,PROXY,CURRENT_HISTORY_ONLY_NO_VINTAGE,false,true,true
1984-05-31,1984-05,1.8046709428,1.8046709428,%环比(非level),M,IIP_FRED_MOM,FRED(OECD转载经产省),VALIDATED_MIRROR,,IIP2020BASE_MOM,2026-09-05,LATEST_HISTORY_PROXY,PROXY,CURRENT_HISTORY_ONLY_NO_VINTAGE,false,true,true
1984-06-30,1984-06,0.6256517081,0.6256517081,%环比(非level),M,IIP_FRED_MOM,FRED(OECD转载经产省),VALIDATED_MIRROR,,IIP2020BASE_MOM,2026-09-05,LATEST_HISTORY_PROXY,PROXY,CURRENT_HISTORY_ONLY_NO_VINTAGE,false,true,true
1984-07-31,1984-07,0.0,0.0,%环比(非level),M,IIP_FRED_MOM,FRED(OECD转载经产省),VALIDATED_MIRROR,,IIP2020BASE_MOM,2026-09-05,LATEST_HISTORY_PROXY,PROXY,CURRENT_HISTORY_ONLY_NO_VINTAGE,false,true,true
1984-08-31,1984-08,1.4507771817,1.4507771817,%环比(非level),M,IIP_FRED_MOM,FRED(OECD转载经产省),VALIDATED_MIRROR,,IIP2020BASE_MOM,2026-09-05,LATEST_HISTORY_PROXY,PROXY,CURRENT_HISTORY_ONLY_NO_VINTAGE,false,true,true
1984-09-30,1984-09,-1.4300306237,-1.4300306237,%环比(非level),M,IIP_FRED_MOM,FRED(OECD转载经产省),VALIDATED_MIRROR,,IIP2020BASE_MOM,2026-09-05,LATEST_HISTORY_PROXY,PROXY,CURRENT_HISTORY_ONLY_NO_VINTAGE,false,true,true
1984-10-31,1984-10,2.9015544003,2.9015544003,%环比(非level),M,IIP_FRED_MOM,FRED(OECD转载经产省),VALIDATED_MIRROR,,IIP2020BASE_MOM,2026-09-05,LATEST_HISTORY_PROXY,PROXY,CURRENT_HISTORY_ONLY_NO_VINTAGE,false,true,true
1984-11-30,1984-11,0.0,0.0,%环比(非level),M,IIP_FRED_MOM,FRED(OECD转载经产省),VALIDATED_MIRROR,,IIP2020BASE_MOM,2026-09-05,LATEST_HISTORY_PROXY,PROXY,CURRENT_HISTORY_ONLY_NO_VINTAGE,false,true,true
1984-12-31,1984-12,-0.6042296193,-0.6042296193,%环比(非level),M,IIP_FRED_MOM,FRED(OECD转载经产省),VALIDATED_MIRROR,,IIP2020BASE_MOM,2026-09-05,LATEST_HISTORY_PROXY,PROXY,CURRENT_HISTORY_ONLY_NO_VINTAGE,false,true,true
1985-01-31,1985-01,1.0131712462,1.0131712462,%环比(非level),M,IIP_FRED_MOM,FRED(OECD转载经产省),VALIDATED_MIRROR,,IIP2020BASE_MOM,2026-09-05,LATEST_HISTORY_PROXY,PROXY,CURRENT_HISTORY_ONLY_NO_VINTAGE,false,true,true
1985-02-28,1985-02,-0.3009027081,-0.3009027081,%环比(非level),M,IIP_FRED_MOM,FRED(OECD转载经产省),VALIDATED_MIRROR,,IIP2020BASE_MOM,2026-09-05,LATEST_HISTORY_PROXY,PROXY,CURRENT_HISTORY_ONLY_NO_VINTAGE,false,true,true
1985-03-31,1985-03,-0.8048289779,-0.8048289779,%环比(非level),M,IIP_FRED_MOM,FRED(OECD转载经产省),VALIDATED_MIRROR,,IIP2020BASE_MOM,2026-09-05,LATEST_HISTORY_PROXY,PROXY,CURRENT_HISTORY_ONLY_NO_VINTAGE,false,true,true
1985-04-30,1985-04,1.6227180489,1.6227180489,%环比(非level),M,IIP_FRED_MOM,FRED(OECD转载经产省),VALIDATED_MIRROR,,IIP2020BASE_MOM,2026-09-05,LATEST_HISTORY_PROXY,PROXY,CURRENT_HISTORY_ONLY_NO_VINTAGE,false,true,true
1985-05-31,1985-05,0.998004,0.998004,%环比(非level),M,IIP_FRED_MOM,FRED(OECD转载经产省),VALIDATED_MIRROR,,IIP2020BASE_MOM,2026-09-05,LATEST_HISTORY_PROXY,PROXY,CURRENT_HISTORY_ONLY_NO_VINTAGE,false,true,true
1985-06-30,1985-06,-1.5810276641,-1.5810276641,%环比(非level),M,IIP_FRED_MOM,FRED(OECD转载经产省),VALIDATED_MIRROR,,IIP2020BASE_MOM,2026-09-05,LATEST_HISTORY_PROXY,PROXY,CURRENT_HISTORY_ONLY_NO_VINTAGE,false,true,true
1985-07-31,1985-07,1.5060240845,1.5060240845,%环比(非level),M,IIP_FRED_MOM,FRED(OECD转载经产省),VALIDATED_MIRROR,,IIP2020BASE_MOM,2026-09-05,LATEST_HISTORY_PROXY,PROXY,CURRENT_HISTORY_ONLY_NO_VINTAGE,false,true,true
1985-08-31,1985-08,-0.8902077152,-0.8902077152,%环比(非level),M,IIP_FRED_MOM,FRED(OECD转载经产省),VALIDATED_MIRROR,,IIP2020BASE_MOM,2026-09-05,LATEST_HISTORY_PROXY,PROXY,CURRENT_HISTORY_ONLY_NO_VINTAGE,false,true,true
1985-09-30,1985-09,-0.7984031858,-0.7984031858,%环比(非level),M,IIP_FRED_MOM,FRED(OECD转载经产省),VALIDATED_MIRROR,,IIP2020BASE_MOM,2026-09-05,LATEST_HISTORY_PROXY,PROXY,CURRENT_HISTORY_ONLY_NO_VINTAGE,false,true,true
1985-10-31,1985-10,1.0060362014,1.0060362014,%环比(非level),M,IIP_FRED_MOM,FRED(OECD转载经产省),VALIDATED_MIRROR,,IIP2020BASE_MOM,2026-09-05,LATEST_HISTORY_PROXY,PROXY,CURRENT_HISTORY_ONLY_NO_VINTAGE,false,true,true
1985-11-30,1985-11,-0.1992031794,-0.1992031794,%环比(非level),M,IIP_FRED_MOM,FRED(OECD转载经产省),VALIDATED_MIRROR,,IIP2020BASE_MOM,2026-09-05,LATEST_HISTORY_PROXY,PROXY,CURRENT_HISTORY_ONLY_NO_VINTAGE,false,true,true
1985-12-31,1985-12,0.0,0.0,%环比(非level),M,IIP_FRED_MOM,FRED(OECD转载经产省),VALIDATED_MIRROR,,IIP2020BASE_MOM,2026-09-05,LATEST_HISTORY_PROXY,PROXY,CURRENT_HISTORY_ONLY_NO_VINTAGE,false,true,true
1986-01-31,1986-01,-0.1996008024,-0.1996008024,%环比(非level),M,IIP_FRED_MOM,FRED(OECD转载经产省),VALIDATED_MIRROR,,IIP2020BASE_MOM,2026-09-05,LATEST_HISTORY_PROXY,PROXY,CURRENT_HISTORY_ONLY_NO_VINTAGE,false,true,true
1986-02-28,1986-02,0.0,0.0,%环比(非level),M,IIP_FRED_MOM,FRED(OECD转载经产省),VALIDATED_MIRROR,,IIP2020BASE_MOM,2026-09-05,LATEST_HISTORY_PROXY,PROXY,CURRENT_HISTORY_ONLY_NO_VINTAGE,false,true,true
1986-03-31,1986-03,-0.1000000079,-0.1000000079,%环比(非level),M,IIP_FRED_MOM,FRED(OECD转载经产省),VALIDATED_MIRROR,,IIP2020BASE_MOM,2026-09-05,LATEST_HISTORY_PROXY,PROXY,CURRENT_HISTORY_ONLY_NO_VINTAGE,false,true,true
1986-04-30,1986-04,0.0,0.0,%环比(非level),M,IIP_FRED_MOM,FRED(OECD转载经产省),VALIDATED_MIRROR,,IIP2020BASE_MOM,2026-09-05,LATEST_HISTORY_PROXY,PROXY,CURRENT_HISTORY_ONLY_NO_VINTAGE,false,true,true
1986-05-31,1986-05,0.0,0.0,%环比(非level),M,IIP_FRED_MOM,FRED(OECD转载经产省),VALIDATED_MIRROR,,IIP2020BASE_MOM,2026-09-05,LATEST_HISTORY_PROXY,PROXY,CURRENT_HISTORY_ONLY_NO_VINTAGE,false,true,true
1986-06-30,1986-06,0.3003003123,0.3003003123,%环比(非level),M,IIP_FRED_MOM,FRED(OECD转载经产省),VALIDATED_MIRROR,,IIP2020BASE_MOM,2026-09-05,LATEST_HISTORY_PROXY,PROXY,CURRENT_HISTORY_ONLY_NO_VINTAGE,false,true,true
1986-07-31,1986-07,0.0,0.0,%环比(非level),M,IIP_FRED_MOM,FRED(OECD转载经产省),VALIDATED_MIRROR,,IIP2020BASE_MOM,2026-09-05,LATEST_HISTORY_PROXY,PROXY,CURRENT_HISTORY_ONLY_NO_VINTAGE,false,true,true
1986-08-31,1986-08,-2.395209593,-2.395209593,%环比(非level),M,IIP_FRED_MOM,FRED(OECD转载经产省),VALIDATED_MIRROR,,IIP2020BASE_MOM,2026-09-05,LATEST_HISTORY_PROXY,PROXY,CURRENT_HISTORY_ONLY_NO_VINTAGE,false,true,true
1986-09-30,1986-09,3.3742331418,3.3742331418,%环比(非level),M,IIP_FRED_MOM,FRED(OECD转载经产省),VALIDATED_MIRROR,,IIP2020BASE_MOM,2026-09-05,LATEST_HISTORY_PROXY,PROXY,CURRENT_HISTORY_ONLY_NO_VINTAGE,false,true,true
1986-10-31,1986-10,-1.2858556083,-1.2858556083,%环比(非level),M,IIP_FRED_MOM,FRED(OECD转载经产省),VALIDATED_MIRROR,,IIP2020BASE_MOM,2026-09-05,LATEST_HISTORY_PROXY,PROXY,CURRENT_HISTORY_ONLY_NO_VINTAGE,false,true,true
1986-11-30,1986-11,-1.4028055918,-1.4028055918,%环比(非level),M,IIP_FRED_MOM,FRED(OECD转载经产省),VALIDATED_MIRROR,,IIP2020BASE_MOM,2026-09-05,LATEST_HISTORY_PROXY,PROXY,CURRENT_HISTORY_ONLY_NO_VINTAGE,false,true,true
1986-12-31,1986-12,2.3373983783,2.3373983783,%环比(非level),M,IIP_FRED_MOM,FRED(OECD转载经产省),VALIDATED_MIRROR,,IIP2020BASE_MOM,2026-09-05,LATEST_HISTORY_PROXY,PROXY,CURRENT_HISTORY_ONLY_NO_VINTAGE,false,true,true
1987-01-31,1987-01,-0.2979146096,-0.2979146096,%环比(非level),M,IIP_FRED_MOM,FRED(OECD转载经产省),VALIDATED_MIRROR,,IIP2020BASE_MOM,2026-09-05,LATEST_HISTORY_PROXY,PROXY,CURRENT_HISTORY_ONLY_NO_VINTAGE,false,true,true
1987-02-28,1987-02,-0.4980079722,-0.4980079722,%环比(非level),M,IIP_FRED_MOM,FRED(OECD转载经产省),VALIDATED_MIRROR,,IIP2020BASE_MOM,2026-09-05,LATEST_HISTORY_PROXY,PROXY,CURRENT_HISTORY_ONLY_NO_VINTAGE,false,true,true
1987-03-31,1987-03,1.5015015138,1.5015015138,%环比(非level),M,IIP_FRED_MOM,FRED(OECD转载经产省),VALIDATED_MIRROR,,IIP2020BASE_MOM,2026-09-05,LATEST_HISTORY_PROXY,PROXY,CURRENT_HISTORY_ONLY_NO_VINTAGE,false,true,true
1987-04-30,1987-04,-0.7889546508,-0.7889546508,%环比(非level),M,IIP_FRED_MOM,FRED(OECD转载经产省),VALIDATED_MIRROR,,IIP2020BASE_MOM,2026-09-05,LATEST_HISTORY_PROXY,PROXY,CURRENT_HISTORY_ONLY_NO_VINTAGE,false,true,true
1987-05-31,1987-05,-1.590457253,-1.590457253,%环比(非level),M,IIP_FRED_MOM,FRED(OECD转载经产省),VALIDATED_MIRROR,,IIP2020BASE_MOM,2026-09-05,LATEST_HISTORY_PROXY,PROXY,CURRENT_HISTORY_ONLY_NO_VINTAGE,false,true,true
1987-06-30,1987-06,3.7373737463,3.7373737463,%环比(非level),M,IIP_FRED_MOM,FRED(OECD转载经产省),VALIDATED_MIRROR,,IIP2020BASE_MOM,2026-09-05,LATEST_HISTORY_PROXY,PROXY,CURRENT_HISTORY_ONLY_NO_VINTAGE,false,true,true
1987-07-31,1987-07,0.8763388627,0.8763388627,%环比(非level),M,IIP_FRED_MOM,FRED(OECD转载经产省),VALIDATED_MIRROR,,IIP2020BASE_MOM,2026-09-05,LATEST_HISTORY_PROXY,PROXY,CURRENT_HISTORY_ONLY_NO_VINTAGE,false,true,true
1987-08-31,1987-08,0.0,0.0,%环比(非level),M,IIP_FRED_MOM,FRED(OECD转载经产省),VALIDATED_MIRROR,,IIP2020BASE_MOM,2026-09-05,LATEST_HISTORY_PROXY,PROXY,CURRENT_HISTORY_ONLY_NO_VINTAGE,false,true,true
1987-09-30,1987-09,1.5444015292,1.5444015292,%环比(非level),M,IIP_FRED_MOM,FRED(OECD转载经产省),VALIDATED_MIRROR,,IIP2020BASE_MOM,2026-09-05,LATEST_HISTORY_PROXY,PROXY,CURRENT_HISTORY_ONLY_NO_VINTAGE,false,true,true
1987-10-31,1987-10,1.6159695858,1.6159695858,%环比(非level),M,IIP_FRED_MOM,FRED(OECD转载经产省),VALIDATED_MIRROR,,IIP2020BASE_MOM,2026-09-05,LATEST_HISTORY_PROXY,PROXY,CURRENT_HISTORY_ONLY_NO_VINTAGE,false,true,true
1987-11-30,1987-11,0.3741814744,0.3741814744,%环比(非level),M,IIP_FRED_MOM,FRED(OECD转载经产省),VALIDATED_MIRROR,,IIP2020BASE_MOM,2026-09-05,LATEST_HISTORY_PROXY,PROXY,CURRENT_HISTORY_ONLY_NO_VINTAGE,false,true,true
1987-12-31,1987-12,1.1183597282,1.1183597282,%环比(非level),M,IIP_FRED_MOM,FRED(OECD转载经产省),VALIDATED_MIRROR,,IIP2020BASE_MOM,2026-09-05,LATEST_HISTORY_PROXY,PROXY,CURRENT_HISTORY_ONLY_NO_VINTAGE,false,true,true
1988-01-31,1988-01,0.3215179236,0.3215179236,%环比(非level),M,IIP_FRED_MOM,FRED(OECD转载经产省),VALIDATED_MIRROR,,IIP2020BASE_MOM,2026-09-05,LATEST_HISTORY_PROXY,PROXY,CURRENT_HISTORY_ONLY_NO_VINTAGE,false,true,true
1988-02-29,1988-02,3.211517167,3.211517167,%环比(非level),M,IIP_FRED_MOM,FRED(OECD转载经产省),VALIDATED_MIRROR,,IIP2020BASE_MOM,2026-09-05,LATEST_HISTORY_PROXY,PROXY,CURRENT_HISTORY_ONLY_NO_VINTAGE,false,true,true
1988-03-31,1988-03,-1.9313304652,-1.9313304652,%环比(非level),M,IIP_FRED_MOM,FRED(OECD转载经产省),VALIDATED_MIRROR,,IIP2020BASE_MOM,2026-09-05,LATEST_HISTORY_PROXY,PROXY,CURRENT_HISTORY_ONLY_NO_VINTAGE,false,true,true
1988-04-30,1988-04,2.4070021843,2.4070021843,%环比(非level),M,IIP_FRED_MOM,FRED(OECD转载经产省),VALIDATED_MIRROR,,IIP2020BASE_MOM,2026-09-05,LATEST_HISTORY_PROXY,PROXY,CURRENT_HISTORY_ONLY_NO_VINTAGE,false,true,true
1988-05-31,1988-05,-1.0683760552,-1.0683760552,%环比(非level),M,IIP_FRED_MOM,FRED(OECD转载经产省),VALIDATED_MIRROR,,IIP2020BASE_MOM,2026-09-05,LATEST_HISTORY_PROXY,PROXY,CURRENT_HISTORY_ONLY_NO_VINTAGE,false,true,true
1988-06-30,1988-06,0.3239740738,0.3239740738,%环比(非level),M,IIP_FRED_MOM,FRED(OECD转载经产省),VALIDATED_MIRROR,,IIP2020BASE_MOM,2026-09-05,LATEST_HISTORY_PROXY,PROXY,CURRENT_HISTORY_ONLY_NO_VINTAGE,false,true,true
1988-07-31,1988-07,0.4305705091,0.4305705091,%环比(非level),M,IIP_FRED_MOM,FRED(OECD转载经产省),VALIDATED_MIRROR,,IIP2020BASE_MOM,2026-09-05,LATEST_HISTORY_PROXY,PROXY,CURRENT_HISTORY_ONLY_NO_VINTAGE,false,true,true
1988-08-31,1988-08,0.5359056739,0.5359056739,%环比(非level),M,IIP_FRED_MOM,FRED(OECD转载经产省),VALIDATED_MIRROR,,IIP2020BASE_MOM,2026-09-05,LATEST_HISTORY_PROXY,PROXY,CURRENT_HISTORY_ONLY_NO_VINTAGE,false,true,true
1988-09-30,1988-09,1.5991471228,1.5991471228,%环比(非level),M,IIP_FRED_MOM,FRED(OECD转载经产省),VALIDATED_MIRROR,,IIP2020BASE_MOM,2026-09-05,LATEST_HISTORY_PROXY,PROXY,CURRENT_HISTORY_ONLY_NO_VINTAGE,false,true,true
1988-10-31,1988-10,-1.3641133364,-1.3641133364,%环比(非level),M,IIP_FRED_MOM,FRED(OECD转载经产省),VALIDATED_MIRROR,,IIP2020BASE_MOM,2026-09-05,LATEST_HISTORY_PROXY,PROXY,CURRENT_HISTORY_ONLY_NO_VINTAGE,false,true,true
1988-11-30,1988-11,2.1276595798,2.1276595798,%环比(非level),M,IIP_FRED_MOM,FRED(OECD转载经产省),VALIDATED_MIRROR,,IIP2020BASE_MOM,2026-09-05,LATEST_HISTORY_PROXY,PROXY,CURRENT_HISTORY_ONLY_NO_VINTAGE,false,true,true
1988-12-31,1988-12,0.7291666823,0.7291666823,%环比(非level),M,IIP_FRED_MOM,FRED(OECD转载经产省),VALIDATED_MIRROR,,IIP2020BASE_MOM,2026-09-05,LATEST_HISTORY_PROXY,PROXY,CURRENT_HISTORY_ONLY_NO_VINTAGE,false,true,true
1989-01-31,1989-01,0.8273009061,0.8273009061,%环比(非level),M,IIP_FRED_MOM,FRED(OECD转载经产省),VALIDATED_MIRROR,,IIP2020BASE_MOM,2026-09-05,LATEST_HISTORY_PROXY,PROXY,CURRENT_HISTORY_ONLY_NO_VINTAGE,false,true,true
1989-02-28,1989-02,-0.6153845998,-0.6153845998,%环比(非level),M,IIP_FRED_MOM,FRED(OECD转载经产省),VALIDATED_MIRROR,,IIP2020BASE_MOM,2026-09-05,LATEST_HISTORY_PROXY,PROXY,CURRENT_HISTORY_ONLY_NO_VINTAGE,false,true,true
1989-03-31,1989-03,3.6119711205,3.6119711205,%环比(非level),M,IIP_FRED_MOM,FRED(OECD转载经产省),VALIDATED_MIRROR,,IIP2020BASE_MOM,2026-09-05,LATEST_HISTORY_PROXY,PROXY,CURRENT_HISTORY_ONLY_NO_VINTAGE,false,true,true
1989-04-30,1989-04,-1.5936254996,-1.5936254996,%环比(非level),M,IIP_FRED_MOM,FRED(OECD转载经产省),VALIDATED_MIRROR,,IIP2020BASE_MOM,2026-09-05,LATEST_HISTORY_PROXY,PROXY,CURRENT_HISTORY_ONLY_NO_VINTAGE,false,true,true
1989-05-31,1989-05,0.1012145557,0.1012145557,%环比(非level),M,IIP_FRED_MOM,FRED(OECD转载经产省),VALIDATED_MIRROR,,IIP2020BASE_MOM,2026-09-05,LATEST_HISTORY_PROXY,PROXY,CURRENT_HISTORY_ONLY_NO_VINTAGE,false,true,true
1989-06-30,1989-06,1.2133468139,1.2133468139,%环比(非level),M,IIP_FRED_MOM,FRED(OECD转载经产省),VALIDATED_MIRROR,,IIP2020BASE_MOM,2026-09-05,LATEST_HISTORY_PROXY,PROXY,CURRENT_HISTORY_ONLY_NO_VINTAGE,false,true,true
1989-07-31,1989-07,-2.0979020839,-2.0979020839,%环比(非level),M,IIP_FRED_MOM,FRED(OECD转载经产省),VALIDATED_MIRROR,,IIP2020BASE_MOM,2026-09-05,LATEST_HISTORY_PROXY,PROXY,CURRENT_HISTORY_ONLY_NO_VINTAGE,false,true,true
1989-08-31,1989-08,1.73469387,1.73469387,%环比(非level),M,IIP_FRED_MOM,FRED(OECD转载经产省),VALIDATED_MIRROR,,IIP2020BASE_MOM,2026-09-05,LATEST_HISTORY_PROXY,PROXY,CURRENT_HISTORY_ONLY_NO_VINTAGE,false,true,true
1989-09-30,1989-09,-0.3009027202,-0.3009027202,%环比(非level),M,IIP_FRED_MOM,FRED(OECD转载经产省),VALIDATED_MIRROR,,IIP2020BASE_MOM,2026-09-05,LATEST_HISTORY_PROXY,PROXY,CURRENT_HISTORY_ONLY_NO_VINTAGE,false,true,true
1989-10-31,1989-10,-0.6036217051,-0.6036217051,%环比(非level),M,IIP_FRED_MOM,FRED(OECD转载经产省),VALIDATED_MIRROR,,IIP2020BASE_MOM,2026-09-05,LATEST_HISTORY_PROXY,PROXY,CURRENT_HISTORY_ONLY_NO_VINTAGE,false,true,true
1989-11-30,1989-11,0.7085020194,0.7085020194,%环比(非level),M,IIP_FRED_MOM,FRED(OECD转载经产省),VALIDATED_MIRROR,,IIP2020BASE_MOM,2026-09-05,LATEST_HISTORY_PROXY,PROXY,CURRENT_HISTORY_ONLY_NO_VINTAGE,false,true,true
1989-12-31,1989-12,0.6030150599,0.6030150599,%环比(非level),M,IIP_FRED_MOM,FRED(OECD转载经产省),VALIDATED_MIRROR,,IIP2020BASE_MOM,2026-09-05,LATEST_HISTORY_PROXY,PROXY,CURRENT_HISTORY_ONLY_NO_VINTAGE,false,true,true
1990-01-31,1990-01,-0.5994005841,-0.5994005841,%环比(非level),M,IIP_FRED_MOM,FRED(OECD转载经产省),VALIDATED_MIRROR,,IIP2020BASE_MOM,2026-09-05,LATEST_HISTORY_PROXY,PROXY,CURRENT_HISTORY_ONLY_NO_VINTAGE,false,true,true
1990-02-28,1990-02,0.5025125466,0.5025125466,%环比(非level),M,IIP_FRED_MOM,FRED(OECD转载经产省),VALIDATED_MIRROR,,IIP2020BASE_MOM,2026-09-05,LATEST_HISTORY_PROXY,PROXY,CURRENT_HISTORY_ONLY_NO_VINTAGE,false,true,true
1990-03-31,1990-03,1.8000000133,1.8000000133,%环比(非level),M,IIP_FRED_MOM,FRED(OECD转载经产省),VALIDATED_MIRROR,,IIP2020BASE_MOM,2026-09-05,LATEST_HISTORY_PROXY,PROXY,CURRENT_HISTORY_ONLY_NO_VINTAGE,false,true,true
1990-04-30,1990-04,0.196463646,0.196463646,%环比(非level),M,IIP_FRED_MOM,FRED(OECD转载经产省),VALIDATED_MIRROR,,IIP2020BASE_MOM,2026-09-05,LATEST_HISTORY_PROXY,PROXY,CURRENT_HISTORY_ONLY_NO_VINTAGE,false,true,true
1990-05-31,1990-05,0.6862745052,0.6862745052,%环比(非level),M,IIP_FRED_MOM,FRED(OECD转载经产省),VALIDATED_MIRROR,,IIP2020BASE_MOM,2026-09-05,LATEST_HISTORY_PROXY,PROXY,CURRENT_HISTORY_ONLY_NO_VINTAGE,false,true,true
1990-06-30,1990-06,0.2921129621,0.2921129621,%环比(非level),M,IIP_FRED_MOM,FRED(OECD转载经产省),VALIDATED_MIRROR,,IIP2020BASE_MOM,2026-09-05,LATEST_HISTORY_PROXY,PROXY,CURRENT_HISTORY_ONLY_NO_VINTAGE,false,true,true
1990-07-31,1990-07,0.873786395,0.873786395,%环比(非level),M,IIP_FRED_MOM,FRED(OECD转载经产省),VALIDATED_MIRROR,,IIP2020BASE_MOM,2026-09-05,LATEST_HISTORY_PROXY,PROXY,CURRENT_HISTORY_ONLY_NO_VINTAGE,false,true,true
1990-08-31,1990-08,0.8662175138,0.8662175138,%环比(非level),M,IIP_FRED_MOM,FRED(OECD转载经产省),VALIDATED_MIRROR,,IIP2020BASE_MOM,2026-09-05,LATEST_HISTORY_PROXY,PROXY,CURRENT_HISTORY_ONLY_NO_VINTAGE,false,true,true
1990-09-30,1990-09,-0.8587786229,-0.8587786229,%环比(非level),M,IIP_FRED_MOM,FRED(OECD转载经产省),VALIDATED_MIRROR,,IIP2020BASE_MOM,2026-09-05,LATEST_HISTORY_PROXY,PROXY,CURRENT_HISTORY_ONLY_NO_VINTAGE,false,true,true
1990-10-31,1990-10,2.0211742114,2.0211742114,%环比(非level),M,IIP_FRED_MOM,FRED(OECD转载经产省),VALIDATED_MIRROR,,IIP2020BASE_MOM,2026-09-05,LATEST_HISTORY_PROXY,PROXY,CURRENT_HISTORY_ONLY_NO_VINTAGE,false,true,true
1990-11-30,1990-11,-0.660377354,-0.660377354,%环比(非level),M,IIP_FRED_MOM,FRED(OECD转载经产省),VALIDATED_MIRROR,,IIP2020BASE_MOM,2026-09-05,LATEST_HISTORY_PROXY,PROXY,CURRENT_HISTORY_ONLY_NO_VINTAGE,false,true,true
1990-12-31,1990-12,0.0949667623,0.0949667623,%环比(非level),M,IIP_FRED_MOM,FRED(OECD转载经产省),VALIDATED_MIRROR,,IIP2020BASE_MOM,2026-09-05,LATEST_HISTORY_PROXY,PROXY,CURRENT_HISTORY_ONLY_NO_VINTAGE,false,true,true
1991-01-31,1991-01,0.6641366272,0.6641366272,%环比(非level),M,IIP_FRED_MOM,FRED(OECD转载经产省),VALIDATED_MIRROR,,IIP2020BASE_MOM,2026-09-05,LATEST_HISTORY_PROXY,PROXY,CURRENT_HISTORY_ONLY_NO_VINTAGE,false,true,true
1991-02-28,1991-02,0.377002821,0.377002821,%环比(非level),M,IIP_FRED_MOM,FRED(OECD转载经产省),VALIDATED_MIRROR,,IIP2020BASE_MOM,2026-09-05,LATEST_HISTORY_PROXY,PROXY,CURRENT_HISTORY_ONLY_NO_VINTAGE,false,true,true
1991-03-31,1991-03,-0.938967143,-0.938967143,%环比(非level),M,IIP_FRED_MOM,FRED(OECD转载经产省),VALIDATED_MIRROR,,IIP2020BASE_MOM,2026-09-05,LATEST_HISTORY_PROXY,PROXY,CURRENT_HISTORY_ONLY_NO_VINTAGE,false,true,true
1991-04-30,1991-04,0.3791469129,0.3791469129,%环比(非level),M,IIP_FRED_MOM,FRED(OECD转载经产省),VALIDATED_MIRROR,,IIP2020BASE_MOM,2026-09-05,LATEST_HISTORY_PROXY,PROXY,CURRENT_HISTORY_ONLY_NO_VINTAGE,false,true,true
1991-05-31,1991-05,1.0387157773,1.0387157773,%环比(非level),M,IIP_FRED_MOM,FRED(OECD转载经产省),VALIDATED_MIRROR,,IIP2020BASE_MOM,2026-09-05,LATEST_HISTORY_PROXY,PROXY,CURRENT_HISTORY_ONLY_NO_VINTAGE,false,true,true
1991-06-30,1991-06,-2.8971962646,-2.8971962646,%环比(非level),M,IIP_FRED_MOM,FRED(OECD转载经产省),VALIDATED_MIRROR,,IIP2020BASE_MOM,2026-09-05,LATEST_HISTORY_PROXY,PROXY,CURRENT_HISTORY_ONLY_NO_VINTAGE,false,true,true
1991-07-31,1991-07,2.2136669944,2.2136669944,%环比(非level),M,IIP_FRED_MOM,FRED(OECD转载经产省),VALIDATED_MIRROR,,IIP2020BASE_MOM,2026-09-05,LATEST_HISTORY_PROXY,PROXY,CURRENT_HISTORY_ONLY_NO_VINTAGE,false,true,true
1991-08-31,1991-08,-1.6007532888,-1.6007532888,%环比(非level),M,IIP_FRED_MOM,FRED(OECD转载经产省),VALIDATED_MIRROR,,IIP2020BASE_MOM,2026-09-05,LATEST_HISTORY_PROXY,PROXY,CURRENT_HISTORY_ONLY_NO_VINTAGE,false,true,true
1991-09-30,1991-09,0.0956937617,0.0956937617,%环比(非level),M,IIP_FRED_MOM,FRED(OECD转载经产省),VALIDATED_MIRROR,,IIP2020BASE_MOM,2026-09-05,LATEST_HISTORY_PROXY,PROXY,CURRENT_HISTORY_ONLY_NO_VINTAGE,false,true,true
1991-10-31,1991-10,-0.6692160567,-0.6692160567,%环比(非level),M,IIP_FRED_MOM,FRED(OECD转载经产省),VALIDATED_MIRROR,,IIP2020BASE_MOM,2026-09-05,LATEST_HISTORY_PROXY,PROXY,CURRENT_HISTORY_ONLY_NO_VINTAGE,false,true,true
1991-11-30,1991-11,0.6737247308,0.6737247308,%环比(非level),M,IIP_FRED_MOM,FRED(OECD转载经产省),VALIDATED_MIRROR,,IIP2020BASE_MOM,2026-09-05,LATEST_HISTORY_PROXY,PROXY,CURRENT_HISTORY_ONLY_NO_VINTAGE,false,true,true
1991-12-31,1991-12,-1.3384321041,-1.3384321041,%环比(非level),M,IIP_FRED_MOM,FRED(OECD转载经产省),VALIDATED_MIRROR,,IIP2020BASE_MOM,2026-09-05,LATEST_HISTORY_PROXY,PROXY,CURRENT_HISTORY_ONLY_NO_VINTAGE,false,true,true
1992-01-31,1992-01,-0.6782945786,-0.6782945786,%环比(非level),M,IIP_FRED_MOM,FRED(OECD转载经产省),VALIDATED_MIRROR,,IIP2020BASE_MOM,2026-09-05,LATEST_HISTORY_PROXY,PROXY,CURRENT_HISTORY_ONLY_NO_VINTAGE,false,true,true
1992-02-29,1992-02,-0.292682929,-0.292682929,%环比(非level),M,IIP_FRED_MOM,FRED(OECD转载经产省),VALIDATED_MIRROR,,IIP2020BASE_MOM,2026-09-05,LATEST_HISTORY_PROXY,PROXY,CURRENT_HISTORY_ONLY_NO_VINTAGE,false,true,true
1992-03-31,1992-03,-1.4677103729,-1.4677103729,%环比(非level),M,IIP_FRED_MOM,FRED(OECD转载经产省),VALIDATED_MIRROR,,IIP2020BASE_MOM,2026-09-05,LATEST_HISTORY_PROXY,PROXY,CURRENT_HISTORY_ONLY_NO_VINTAGE,false,true,true
1992-04-30,1992-04,-0.4965243138,-0.4965243138,%环比(非level),M,IIP_FRED_MOM,FRED(OECD转载经产省),VALIDATED_MIRROR,,IIP2020BASE_MOM,2026-09-05,LATEST_HISTORY_PROXY,PROXY,CURRENT_HISTORY_ONLY_NO_VINTAGE,false,true,true
1992-05-31,1992-05,-2.2954091981,-2.2954091981,%环比(非level),M,IIP_FRED_MOM,FRED(OECD转载经产省),VALIDATED_MIRROR,,IIP2020BASE_MOM,2026-09-05,LATEST_HISTORY_PROXY,PROXY,CURRENT_HISTORY_ONLY_NO_VINTAGE,false,true,true
1992-06-30,1992-06,2.0429009243,2.0429009243,%环比(非level),M,IIP_FRED_MOM,FRED(OECD转载经产省),VALIDATED_MIRROR,,IIP2020BASE_MOM,2026-09-05,LATEST_HISTORY_PROXY,PROXY,CURRENT_HISTORY_ONLY_NO_VINTAGE,false,true,true
1992-07-31,1992-07,-0.2002002017,-0.2002002017,%环比(非level),M,IIP_FRED_MOM,FRED(OECD转载经产省),VALIDATED_MIRROR,,IIP2020BASE_MOM,2026-09-05,LATEST_HISTORY_PROXY,PROXY,CURRENT_HISTORY_ONLY_NO_VINTAGE,false,true,true
1992-08-31,1992-08,-2.9087261899,-2.9087261899,%环比(非level),M,IIP_FRED_MOM,FRED(OECD转载经产省),VALIDATED_MIRROR,,IIP2020BASE_MOM,2026-09-05,LATEST_HISTORY_PROXY,PROXY,CURRENT_HISTORY_ONLY_NO_VINTAGE,false,true,true
1992-09-30,1992-09,3.8223140576,3.8223140576,%环比(非level),M,IIP_FRED_MOM,FRED(OECD转载经产省),VALIDATED_MIRROR,,IIP2020BASE_MOM,2026-09-05,LATEST_HISTORY_PROXY,PROXY,CURRENT_HISTORY_ONLY_NO_VINTAGE,false,true,true
1992-10-31,1992-10,-3.0845771077,-3.0845771077,%环比(非level),M,IIP_FRED_MOM,FRED(OECD转载经产省),VALIDATED_MIRROR,,IIP2020BASE_MOM,2026-09-05,LATEST_HISTORY_PROXY,PROXY,CURRENT_HISTORY_ONLY_NO_VINTAGE,false,true,true
1992-11-30,1992-11,-1.2320328632,-1.2320328632,%环比(非level),M,IIP_FRED_MOM,FRED(OECD转载经产省),VALIDATED_MIRROR,,IIP2020BASE_MOM,2026-09-05,LATEST_HISTORY_PROXY,PROXY,CURRENT_HISTORY_ONLY_NO_VINTAGE,false,true,true
1992-12-31,1992-12,-0.4158004086,-0.4158004086,%环比(非level),M,IIP_FRED_MOM,FRED(OECD转载经产省),VALIDATED_MIRROR,,IIP2020BASE_MOM,2026-09-05,LATEST_HISTORY_PROXY,PROXY,CURRENT_HISTORY_ONLY_NO_VINTAGE,false,true,true
1993-01-31,1993-01,2.0876826669,2.0876826669,%环比(非level),M,IIP_FRED_MOM,FRED(OECD转载经产省),VALIDATED_MIRROR,,IIP2020BASE_MOM,2026-09-05,LATEST_HISTORY_PROXY,PROXY,CURRENT_HISTORY_ONLY_NO_VINTAGE,false,true,true
1993-02-28,1993-02,0.2044989891,0.2044989891,%环比(非level),M,IIP_FRED_MOM,FRED(OECD转载经产省),VALIDATED_MIRROR,,IIP2020BASE_MOM,2026-09-05,LATEST_HISTORY_PROXY,PROXY,CURRENT_HISTORY_ONLY_NO_VINTAGE,false,true,true
1993-03-31,1993-03,-3.367346943,-3.367346943,%环比(非level),M,IIP_FRED_MOM,FRED(OECD转载经产省),VALIDATED_MIRROR,,IIP2020BASE_MOM,2026-09-05,LATEST_HISTORY_PROXY,PROXY,CURRENT_HISTORY_ONLY_NO_VINTAGE,false,true,true
1993-04-30,1993-04,1.9007391798,1.9007391798,%环比(非level),M,IIP_FRED_MOM,FRED(OECD转载经产省),VALIDATED_MIRROR,,IIP2020BASE_MOM,2026-09-05,LATEST_HISTORY_PROXY,PROXY,CURRENT_HISTORY_ONLY_NO_VINTAGE,false,true,true
1993-05-31,1993-05,1.3471502484,1.3471502484,%环比(非level),M,IIP_FRED_MOM,FRED(OECD转载经产省),VALIDATED_MIRROR,,IIP2020BASE_MOM,2026-09-05,LATEST_HISTORY_PROXY,PROXY,CURRENT_HISTORY_ONLY_NO_VINTAGE,false,true,true
1993-06-30,1993-06,-1.840490801,-1.840490801,%环比(非level),M,IIP_FRED_MOM,FRED(OECD转载经产省),VALIDATED_MIRROR,,IIP2020BASE_MOM,2026-09-05,LATEST_HISTORY_PROXY,PROXY,CURRENT_HISTORY_ONLY_NO_VINTAGE,false,true,true
1993-07-31,1993-07,-0.1041666674,-0.1041666674,%环比(非level),M,IIP_FRED_MOM,FRED(OECD转载经产省),VALIDATED_MIRROR,,IIP2020BASE_MOM,2026-09-05,LATEST_HISTORY_PROXY,PROXY,CURRENT_HISTORY_ONLY_NO_VINTAGE,false,true,true
1993-08-31,1993-08,-0.9384775672,-0.9384775672,%环比(非level),M,IIP_FRED_MOM,FRED(OECD转载经产省),VALIDATED_MIRROR,,IIP2020BASE_MOM,2026-09-05,LATEST_HISTORY_PROXY,PROXY,CURRENT_HISTORY_ONLY_NO_VINTAGE,false,true,true
1993-09-30,1993-09,0.3157894656,0.3157894656,%环比(非level),M,IIP_FRED_MOM,FRED(OECD转载经产省),VALIDATED_MIRROR,,IIP2020BASE_MOM,2026-09-05,LATEST_HISTORY_PROXY,PROXY,CURRENT_HISTORY_ONLY_NO_VINTAGE,false,true,true
1993-10-31,1993-10,-0.8394543505,-0.8394543505,%环比(非level),M,IIP_FRED_MOM,FRED(OECD转载经产省),VALIDATED_MIRROR,,IIP2020BASE_MOM,2026-09-05,LATEST_HISTORY_PROXY,PROXY,CURRENT_HISTORY_ONLY_NO_VINTAGE,false,true,true
1993-11-30,1993-11,-0.2116402236,-0.2116402236,%环比(非level),M,IIP_FRED_MOM,FRED(OECD转载经产省),VALIDATED_MIRROR,,IIP2020BASE_MOM,2026-09-05,LATEST_HISTORY_PROXY,PROXY,CURRENT_HISTORY_ONLY_NO_VINTAGE,false,true,true
1993-12-31,1993-12,-0.742311766,-0.742311766,%环比(非level),M,IIP_FRED_MOM,FRED(OECD转载经产省),VALIDATED_MIRROR,,IIP2020BASE_MOM,2026-09-05,LATEST_HISTORY_PROXY,PROXY,CURRENT_HISTORY_ONLY_NO_VINTAGE,false,true,true
1994-01-31,1994-01,-0.4273504305,-0.4273504305,%环比(非level),M,IIP_FRED_MOM,FRED(OECD转载经产省),VALIDATED_MIRROR,,IIP2020BASE_MOM,2026-09-05,LATEST_HISTORY_PROXY,PROXY,CURRENT_HISTORY_ONLY_NO_VINTAGE,false,true,true
1994-02-28,1994-02,0.8583690945,0.8583690945,%环比(非level),M,IIP_FRED_MOM,FRED(OECD转载经产省),VALIDATED_MIRROR,,IIP2020BASE_MOM,2026-09-05,LATEST_HISTORY_PROXY,PROXY,CURRENT_HISTORY_ONLY_NO_VINTAGE,false,true,true
1994-03-31,1994-03,1.0638298056,1.0638298056,%环比(非level),M,IIP_FRED_MOM,FRED(OECD转载经产省),VALIDATED_MIRROR,,IIP2020BASE_MOM,2026-09-05,LATEST_HISTORY_PROXY,PROXY,CURRENT_HISTORY_ONLY_NO_VINTAGE,false,true,true
1994-04-30,1994-04,0.9473684072,0.9473684072,%环比(非level),M,IIP_FRED_MOM,FRED(OECD转载经产省),VALIDATED_MIRROR,,IIP2020BASE_MOM,2026-09-05,LATEST_HISTORY_PROXY,PROXY,CURRENT_HISTORY_ONLY_NO_VINTAGE,false,true,true
1994-05-31,1994-05,-0.1042752773,-0.1042752773,%环比(非level),M,IIP_FRED_MOM,FRED(OECD转载经产省),VALIDATED_MIRROR,,IIP2020BASE_MOM,2026-09-05,LATEST_HISTORY_PROXY,PROXY,CURRENT_HISTORY_ONLY_NO_VINTAGE,false,true,true
1994-06-30,1994-06,1.2526096022,1.2526096022,%环比(非level),M,IIP_FRED_MOM,FRED(OECD转载经产省),VALIDATED_MIRROR,,IIP2020BASE_MOM,2026-09-05,LATEST_HISTORY_PROXY,PROXY,CURRENT_HISTORY_ONLY_NO_VINTAGE,false,true,true
1994-07-31,1994-07,1.0309278426,1.0309278426,%环比(非level),M,IIP_FRED_MOM,FRED(OECD转载经产省),VALIDATED_MIRROR,,IIP2020BASE_MOM,2026-09-05,LATEST_HISTORY_PROXY,PROXY,CURRENT_HISTORY_ONLY_NO_VINTAGE,false,true,true
1994-08-31,1994-08,0.8163265365,0.8163265365,%环比(非level),M,IIP_FRED_MOM,FRED(OECD转载经产省),VALIDATED_MIRROR,,IIP2020BASE_MOM,2026-09-05,LATEST_HISTORY_PROXY,PROXY,CURRENT_HISTORY_ONLY_NO_VINTAGE,false,true,true
1994-09-30,1994-09,-1.0121457662,-1.0121457662,%环比(非level),M,IIP_FRED_MOM,FRED(OECD转载经产省),VALIDATED_MIRROR,,IIP2020BASE_MOM,2026-09-05,LATEST_HISTORY_PROXY,PROXY,CURRENT_HISTORY_ONLY_NO_VINTAGE,false,true,true
1994-10-31,1994-10,1.0224949051,1.0224949051,%环比(非level),M,IIP_FRED_MOM,FRED(OECD转载经产省),VALIDATED_MIRROR,,IIP2020BASE_MOM,2026-09-05,LATEST_HISTORY_PROXY,PROXY,CURRENT_HISTORY_ONLY_NO_VINTAGE,false,true,true
1994-11-30,1994-11,0.6072874238,0.6072874238,%环比(非level),M,IIP_FRED_MOM,FRED(OECD转载经产省),VALIDATED_MIRROR,,IIP2020BASE_MOM,2026-09-05,LATEST_HISTORY_PROXY,PROXY,CURRENT_HISTORY_ONLY_NO_VINTAGE,false,true,true
1994-12-31,1994-12,0.7042253574,0.7042253574,%环比(非level),M,IIP_FRED_MOM,FRED(OECD转载经产省),VALIDATED_MIRROR,,IIP2020BASE_MOM,2026-09-05,LATEST_HISTORY_PROXY,PROXY,CURRENT_HISTORY_ONLY_NO_VINTAGE,false,true,true
1995-01-31,1995-01,-1.9980019931,-1.9980019931,%环比(非level),M,IIP_FRED_MOM,FRED(OECD转载经产省),VALIDATED_MIRROR,,IIP2020BASE_MOM,2026-09-05,LATEST_HISTORY_PROXY,PROXY,CURRENT_HISTORY_ONLY_NO_VINTAGE,false,true,true
1995-02-28,1995-02,1.4271151991,1.4271151991,%环比(非level),M,IIP_FRED_MOM,FRED(OECD转载经产省),VALIDATED_MIRROR,,IIP2020BASE_MOM,2026-09-05,LATEST_HISTORY_PROXY,PROXY,CURRENT_HISTORY_ONLY_NO_VINTAGE,false,true,true
1995-03-31,1995-03,1.0050251131,1.0050251131,%环比(非level),M,IIP_FRED_MOM,FRED(OECD转载经产省),VALIDATED_MIRROR,,IIP2020BASE_MOM,2026-09-05,LATEST_HISTORY_PROXY,PROXY,CURRENT_HISTORY_ONLY_NO_VINTAGE,false,true,true
1995-04-30,1995-04,1.1940298497,1.1940298497,%环比(非level),M,IIP_FRED_MOM,FRED(OECD转载经产省),VALIDATED_MIRROR,,IIP2020BASE_MOM,2026-09-05,LATEST_HISTORY_PROXY,PROXY,CURRENT_HISTORY_ONLY_NO_VINTAGE,false,true,true
1995-05-31,1995-05,-1.6715830901,-1.6715830901,%环比(非level),M,IIP_FRED_MOM,FRED(OECD转载经产省),VALIDATED_MIRROR,,IIP2020BASE_MOM,2026-09-05,LATEST_HISTORY_PROXY,PROXY,CURRENT_HISTORY_ONLY_NO_VINTAGE,false,true,true
1995-06-30,1995-06,-0.0999999909,-0.0999999909,%环比(非level),M,IIP_FRED_MOM,FRED(OECD转载经产省),VALIDATED_MIRROR,,IIP2020BASE_MOM,2026-09-05,LATEST_HISTORY_PROXY,PROXY,CURRENT_HISTORY_ONLY_NO_VINTAGE,false,true,true
1995-07-31,1995-07,-1.4014014116,-1.4014014116,%环比(非level),M,IIP_FRED_MOM,FRED(OECD转载经产省),VALIDATED_MIRROR,,IIP2020BASE_MOM,2026-09-05,LATEST_HISTORY_PROXY,PROXY,CURRENT_HISTORY_ONLY_NO_VINTAGE,false,true,true
1995-08-31,1995-08,1.5228426409,1.5228426409,%环比(非level),M,IIP_FRED_MOM,FRED(OECD转载经产省),VALIDATED_MIRROR,,IIP2020BASE_MOM,2026-09-05,LATEST_HISTORY_PROXY,PROXY,CURRENT_HISTORY_ONLY_NO_VINTAGE,false,true,true
1995-09-30,1995-09,-1.5999999921,-1.5999999921,%环比(非level),M,IIP_FRED_MOM,FRED(OECD转载经产省),VALIDATED_MIRROR,,IIP2020BASE_MOM,2026-09-05,LATEST_HISTORY_PROXY,PROXY,CURRENT_HISTORY_ONLY_NO_VINTAGE,false,true,true
1995-10-31,1995-10,1.524390245,1.524390245,%环比(非level),M,IIP_FRED_MOM,FRED(OECD转载经产省),VALIDATED_MIRROR,,IIP2020BASE_MOM,2026-09-05,LATEST_HISTORY_PROXY,PROXY,CURRENT_HISTORY_ONLY_NO_VINTAGE,false,true,true
1995-11-30,1995-11,0.8008007968,0.8008007968,%环比(非level),M,IIP_FRED_MOM,FRED(OECD转载经产省),VALIDATED_MIRROR,,IIP2020BASE_MOM,2026-09-05,LATEST_HISTORY_PROXY,PROXY,CURRENT_HISTORY_ONLY_NO_VINTAGE,false,true,true
1995-12-31,1995-12,1.2909632569,1.2909632569,%环比(非level),M,IIP_FRED_MOM,FRED(OECD转载经产省),VALIDATED_MIRROR,,IIP2020BASE_MOM,2026-09-05,LATEST_HISTORY_PROXY,PROXY,CURRENT_HISTORY_ONLY_NO_VINTAGE,false,true,true
1996-01-31,1996-01,-1.4705882364,-1.4705882364,%环比(非level),M,IIP_FRED_MOM,FRED(OECD转载经产省),VALIDATED_MIRROR,,IIP2020BASE_MOM,2026-09-05,LATEST_HISTORY_PROXY,PROXY,CURRENT_HISTORY_ONLY_NO_VINTAGE,false,true,true
1996-02-29,1996-02,-0.0995024687,-0.0995024687,%环比(非level),M,IIP_FRED_MOM,FRED(OECD转载经产省),VALIDATED_MIRROR,,IIP2020BASE_MOM,2026-09-05,LATEST_HISTORY_PROXY,PROXY,CURRENT_HISTORY_ONLY_NO_VINTAGE,false,true,true
1996-03-31,1996-03,-0.0996016238,-0.0996016238,%环比(非level),M,IIP_FRED_MOM,FRED(OECD转载经产省),VALIDATED_MIRROR,,IIP2020BASE_MOM,2026-09-05,LATEST_HISTORY_PROXY,PROXY,CURRENT_HISTORY_ONLY_NO_VINTAGE,false,true,true
1996-04-30,1996-04,0.2991027138,0.2991027138,%环比(非level),M,IIP_FRED_MOM,FRED(OECD转载经产省),VALIDATED_MIRROR,,IIP2020BASE_MOM,2026-09-05,LATEST_HISTORY_PROXY,PROXY,CURRENT_HISTORY_ONLY_NO_VINTAGE,false,true,true
1996-05-31,1996-05,0.5964214657,0.5964214657,%环比(非level),M,IIP_FRED_MOM,FRED(OECD转载经产省),VALIDATED_MIRROR,,IIP2020BASE_MOM,2026-09-05,LATEST_HISTORY_PROXY,PROXY,CURRENT_HISTORY_ONLY_NO_VINTAGE,false,true,true
1996-06-30,1996-06,0.1976284502,0.1976284502,%环比(非level),M,IIP_FRED_MOM,FRED(OECD转载经产省),VALIDATED_MIRROR,,IIP2020BASE_MOM,2026-09-05,LATEST_HISTORY_PROXY,PROXY,CURRENT_HISTORY_ONLY_NO_VINTAGE,false,true,true
1996-07-31,1996-07,0.5917159807,0.5917159807,%环比(非level),M,IIP_FRED_MOM,FRED(OECD转载经产省),VALIDATED_MIRROR,,IIP2020BASE_MOM,2026-09-05,LATEST_HISTORY_PROXY,PROXY,CURRENT_HISTORY_ONLY_NO_VINTAGE,false,true,true
1996-08-31,1996-08,0.0980392164,0.0980392164,%环比(非level),M,IIP_FRED_MOM,FRED(OECD转载经产省),VALIDATED_MIRROR,,IIP2020BASE_MOM,2026-09-05,LATEST_HISTORY_PROXY,PROXY,CURRENT_HISTORY_ONLY_NO_VINTAGE,false,true,true
1996-09-30,1996-09,1.0773751303,1.0773751303,%环比(非level),M,IIP_FRED_MOM,FRED(OECD转载经产省),VALIDATED_MIRROR,,IIP2020BASE_MOM,2026-09-05,LATEST_HISTORY_PROXY,PROXY,CURRENT_HISTORY_ONLY_NO_VINTAGE,false,true,true
1996-10-31,1996-10,0.5813953435,0.5813953435,%环比(非level),M,IIP_FRED_MOM,FRED(OECD转载经产省),VALIDATED_MIRROR,,IIP2020BASE_MOM,2026-09-05,LATEST_HISTORY_PROXY,PROXY,CURRENT_HISTORY_ONLY_NO_VINTAGE,false,true,true
1996-11-30,1996-11,0.4816955719,0.4816955719,%环比(非level),M,IIP_FRED_MOM,FRED(OECD转载经产省),VALIDATED_MIRROR,,IIP2020BASE_MOM,2026-09-05,LATEST_HISTORY_PROXY,PROXY,CURRENT_HISTORY_ONLY_NO_VINTAGE,false,true,true
1996-12-31,1996-12,0.9587727684,0.9587727684,%环比(非level),M,IIP_FRED_MOM,FRED(OECD转载经产省),VALIDATED_MIRROR,,IIP2020BASE_MOM,2026-09-05,LATEST_HISTORY_PROXY,PROXY,CURRENT_HISTORY_ONLY_NO_VINTAGE,false,true,true
1997-01-31,1997-01,1.5194681879,1.5194681879,%环比(非level),M,IIP_FRED_MOM,FRED(OECD转载经产省),VALIDATED_MIRROR,,IIP2020BASE_MOM,2026-09-05,LATEST_HISTORY_PROXY,PROXY,CURRENT_HISTORY_ONLY_NO_VINTAGE,false,true,true
1997-02-28,1997-02,0.0,0.0,%环比(非level),M,IIP_FRED_MOM,FRED(OECD转载经产省),VALIDATED_MIRROR,,IIP2020BASE_MOM,2026-09-05,LATEST_HISTORY_PROXY,PROXY,CURRENT_HISTORY_ONLY_NO_VINTAGE,false,true,true
1997-03-31,1997-03,0.3741814715,0.3741814715,%环比(非level),M,IIP_FRED_MOM,FRED(OECD转载经产省),VALIDATED_MIRROR,,IIP2020BASE_MOM,2026-09-05,LATEST_HISTORY_PROXY,PROXY,CURRENT_HISTORY_ONLY_NO_VINTAGE,false,true,true
1997-04-30,1997-04,-2.5163094222,-2.5163094222,%环比(非level),M,IIP_FRED_MOM,FRED(OECD转载经产省),VALIDATED_MIRROR,,IIP2020BASE_MOM,2026-09-05,LATEST_HISTORY_PROXY,PROXY,CURRENT_HISTORY_ONLY_NO_VINTAGE,false,true,true
1997-05-31,1997-05,2.9636711502,2.9636711502,%环比(非level),M,IIP_FRED_MOM,FRED(OECD转载经产省),VALIDATED_MIRROR,,IIP2020BASE_MOM,2026-09-05,LATEST_HISTORY_PROXY,PROXY,CURRENT_HISTORY_ONLY_NO_VINTAGE,false,true,true
1997-06-30,1997-06,-0.5571030681,-0.5571030681,%环比(非level),M,IIP_FRED_MOM,FRED(OECD转载经产省),VALIDATED_MIRROR,,IIP2020BASE_MOM,2026-09-05,LATEST_HISTORY_PROXY,PROXY,CURRENT_HISTORY_ONLY_NO_VINTAGE,false,true,true
1997-07-31,1997-07,0.2801120469,0.2801120469,%环比(非level),M,IIP_FRED_MOM,FRED(OECD转载经产省),VALIDATED_MIRROR,,IIP2020BASE_MOM,2026-09-05,LATEST_HISTORY_PROXY,PROXY,CURRENT_HISTORY_ONLY_NO_VINTAGE,false,true,true
1997-08-31,1997-08,-0.4655493516,-0.4655493516,%环比(非level),M,IIP_FRED_MOM,FRED(OECD转载经产省),VALIDATED_MIRROR,,IIP2020BASE_MOM,2026-09-05,LATEST_HISTORY_PROXY,PROXY,CURRENT_HISTORY_ONLY_NO_VINTAGE,false,true,true
1997-09-30,1997-09,-0.6548175913,-0.6548175913,%环比(非level),M,IIP_FRED_MOM,FRED(OECD转载经产省),VALIDATED_MIRROR,,IIP2020BASE_MOM,2026-09-05,LATEST_HISTORY_PROXY,PROXY,CURRENT_HISTORY_ONLY_NO_VINTAGE,false,true,true
1997-10-31,1997-10,-0.6591337148,-0.6591337148,%环比(非level),M,IIP_FRED_MOM,FRED(OECD转载经产省),VALIDATED_MIRROR,,IIP2020BASE_MOM,2026-09-05,LATEST_HISTORY_PROXY,PROXY,CURRENT_HISTORY_ONLY_NO_VINTAGE,false,true,true
1997-11-30,1997-11,-1.2322274879,-1.2322274879,%环比(非level),M,IIP_FRED_MOM,FRED(OECD转载经产省),VALIDATED_MIRROR,,IIP2020BASE_MOM,2026-09-05,LATEST_HISTORY_PROXY,PROXY,CURRENT_HISTORY_ONLY_NO_VINTAGE,false,true,true
1997-12-31,1997-12,-0.9596928864,-0.9596928864,%环比(非level),M,IIP_FRED_MOM,FRED(OECD转载经产省),VALIDATED_MIRROR,,IIP2020BASE_MOM,2026-09-05,LATEST_HISTORY_PROXY,PROXY,CURRENT_HISTORY_ONLY_NO_VINTAGE,false,true,true
1998-01-31,1998-01,1.4704796782,1.4704796782,%环比(非level),M,IIP_FRED_MOM,FRED(OECD转载经产省),VALIDATED_MIRROR,,IIP2020BASE_MOM,2026-09-05,LATEST_HISTORY_PROXY,PROXY,CURRENT_HISTORY_ONLY_NO_VINTAGE,false,true,true
1998-02-28,1998-02,-2.6026026036,-2.6026026036,%环比(非level),M,IIP_FRED_MOM,FRED(OECD转载经产省),VALIDATED_MIRROR,,IIP2020BASE_MOM,2026-09-05,LATEST_HISTORY_PROXY,PROXY,CURRENT_HISTORY_ONLY_NO_VINTAGE,false,true,true
1998-03-31,1998-03,-2.1582733691,-2.1582733691,%环比(非level),M,IIP_FRED_MOM,FRED(OECD转载经产省),VALIDATED_MIRROR,,IIP2020BASE_MOM,2026-09-05,LATEST_HISTORY_PROXY,PROXY,CURRENT_HISTORY_ONLY_NO_VINTAGE,false,true,true
1998-04-30,1998-04,-0.2100840192,-0.2100840192,%环比(非level),M,IIP_FRED_MOM,FRED(OECD转载经产省),VALIDATED_MIRROR,,IIP2020BASE_MOM,2026-09-05,LATEST_HISTORY_PROXY,PROXY,CURRENT_HISTORY_ONLY_NO_VINTAGE,false,true,true
1998-05-31,1998-05,-0.7368421141,-0.7368421141,%环比(非level),M,IIP_FRED_MOM,FRED(OECD转载经产省),VALIDATED_MIRROR,,IIP2020BASE_MOM,2026-09-05,LATEST_HISTORY_PROXY,PROXY,CURRENT_HISTORY_ONLY_NO_VINTAGE,false,true,true
1998-06-30,1998-06,0.0,0.0,%环比(非level),M,IIP_FRED_MOM,FRED(OECD转载经产省),VALIDATED_MIRROR,,IIP2020BASE_MOM,2026-09-05,LATEST_HISTORY_PROXY,PROXY,CURRENT_HISTORY_ONLY_NO_VINTAGE,false,true,true
1998-07-31,1998-07,-0.2120890828,-0.2120890828,%环比(非level),M,IIP_FRED_MOM,FRED(OECD转载经产省),VALIDATED_MIRROR,,IIP2020BASE_MOM,2026-09-05,LATEST_HISTORY_PROXY,PROXY,CURRENT_HISTORY_ONLY_NO_VINTAGE,false,true,true
1998-08-31,1998-08,-1.8065887316,-1.8065887316,%环比(非level),M,IIP_FRED_MOM,FRED(OECD转载经产省),VALIDATED_MIRROR,,IIP2020BASE_MOM,2026-09-05,LATEST_HISTORY_PROXY,PROXY,CURRENT_HISTORY_ONLY_NO_VINTAGE,false,true,true
1998-09-30,1998-09,1.298701281,1.298701281,%环比(非level),M,IIP_FRED_MOM,FRED(OECD转载经产省),VALIDATED_MIRROR,,IIP2020BASE_MOM,2026-09-05,LATEST_HISTORY_PROXY,PROXY,CURRENT_HISTORY_ONLY_NO_VINTAGE,false,true,true
1998-10-31,1998-10,-0.5341880178,-0.5341880178,%环比(非level),M,IIP_FRED_MOM,FRED(OECD转载经产省),VALIDATED_MIRROR,,IIP2020BASE_MOM,2026-09-05,LATEST_HISTORY_PROXY,PROXY,CURRENT_HISTORY_ONLY_NO_VINTAGE,false,true,true
1998-11-30,1998-11,-0.5370569317,-0.5370569317,%环比(非level),M,IIP_FRED_MOM,FRED(OECD转载经产省),VALIDATED_MIRROR,,IIP2020BASE_MOM,2026-09-05,LATEST_HISTORY_PROXY,PROXY,CURRENT_HISTORY_ONLY_NO_VINTAGE,false,true,true
1998-12-31,1998-12,-0.1079913635,-0.1079913635,%环比(非level),M,IIP_FRED_MOM,FRED(OECD转载经产省),VALIDATED_MIRROR,,IIP2020BASE_MOM,2026-09-05,LATEST_HISTORY_PROXY,PROXY,CURRENT_HISTORY_ONLY_NO_VINTAGE,false,true,true
1999-01-31,1999-01,1.2972973,1.2972973,%环比(非level),M,IIP_FRED_MOM,FRED(OECD转载经产省),VALIDATED_MIRROR,,IIP2020BASE_MOM,2026-09-05,LATEST_HISTORY_PROXY,PROXY,CURRENT_HISTORY_ONLY_NO_VINTAGE,false,true,true
1999-02-28,1999-02,0.0,0.0,%环比(非level),M,IIP_FRED_MOM,FRED(OECD转载经产省),VALIDATED_MIRROR,,IIP2020BASE_MOM,2026-09-05,LATEST_HISTORY_PROXY,PROXY,CURRENT_HISTORY_ONLY_NO_VINTAGE,false,true,true
1999-03-31,1999-03,1.2806830336,1.2806830336,%环比(非level),M,IIP_FRED_MOM,FRED(OECD转载经产省),VALIDATED_MIRROR,,IIP2020BASE_MOM,2026-09-05,LATEST_HISTORY_PROXY,PROXY,CURRENT_HISTORY_ONLY_NO_VINTAGE,false,true,true
1999-04-30,1999-04,-1.685985261,-1.685985261,%环比(非level),M,IIP_FRED_MOM,FRED(OECD转载经产省),VALIDATED_MIRROR,,IIP2020BASE_MOM,2026-09-05,LATEST_HISTORY_PROXY,PROXY,CURRENT_HISTORY_ONLY_NO_VINTAGE,false,true,true
1999-05-31,1999-05,1.6077170529,1.6077170529,%环比(非level),M,IIP_FRED_MOM,FRED(OECD转载经产省),VALIDATED_MIRROR,,IIP2020BASE_MOM,2026-09-05,LATEST_HISTORY_PROXY,PROXY,CURRENT_HISTORY_ONLY_NO_VINTAGE,false,true,true
1999-06-30,1999-06,-0.7383966235,-0.7383966235,%环比(非level),M,IIP_FRED_MOM,FRED(OECD转载经产省),VALIDATED_MIRROR,,IIP2020BASE_MOM,2026-09-05,LATEST_HISTORY_PROXY,PROXY,CURRENT_HISTORY_ONLY_NO_VINTAGE,false,true,true
1999-07-31,1999-07,0.5313496317,0.5313496317,%环比(非level),M,IIP_FRED_MOM,FRED(OECD转载经产省),VALIDATED_MIRROR,,IIP2020BASE_MOM,2026-09-05,LATEST_HISTORY_PROXY,PROXY,CURRENT_HISTORY_ONLY_NO_VINTAGE,false,true,true
1999-08-31,1999-08,0.9513741917,0.9513741917,%环比(非level),M,IIP_FRED_MOM,FRED(OECD转载经产省),VALIDATED_MIRROR,,IIP2020BASE_MOM,2026-09-05,LATEST_HISTORY_PROXY,PROXY,CURRENT_HISTORY_ONLY_NO_VINTAGE,false,true,true
1999-09-30,1999-09,0.7329843022,0.7329843022,%环比(非level),M,IIP_FRED_MOM,FRED(OECD转载经产省),VALIDATED_MIRROR,,IIP2020BASE_MOM,2026-09-05,LATEST_HISTORY_PROXY,PROXY,CURRENT_HISTORY_ONLY_NO_VINTAGE,false,true,true
1999-10-31,1999-10,-0.1039500968,-0.1039500968,%环比(非level),M,IIP_FRED_MOM,FRED(OECD转载经产省),VALIDATED_MIRROR,,IIP2020BASE_MOM,2026-09-05,LATEST_HISTORY_PROXY,PROXY,CURRENT_HISTORY_ONLY_NO_VINTAGE,false,true,true
1999-11-30,1999-11,1.0405827138,1.0405827138,%环比(非level),M,IIP_FRED_MOM,FRED(OECD转载经产省),VALIDATED_MIRROR,,IIP2020BASE_MOM,2026-09-05,LATEST_HISTORY_PROXY,PROXY,CURRENT_HISTORY_ONLY_NO_VINTAGE,false,true,true
1999-12-31,1999-12,-0.1029866144,-0.1029866144,%环比(非level),M,IIP_FRED_MOM,FRED(OECD转载经产省),VALIDATED_MIRROR,,IIP2020BASE_MOM,2026-09-05,LATEST_HISTORY_PROXY,PROXY,CURRENT_HISTORY_ONLY_NO_VINTAGE,false,true,true
2000-01-31,2000-01,-0.1030927862,-0.1030927862,%环比(非level),M,IIP_FRED_MOM,FRED(OECD转载经产省),VALIDATED_MIRROR,,IIP2020BASE_MOM,2026-09-05,LATEST_HISTORY_PROXY,PROXY,CURRENT_HISTORY_ONLY_NO_VINTAGE,false,true,true
2000-02-29,2000-02,-0.1031991577,-0.1031991577,%环比(非level),M,IIP_FRED_MOM,FRED(OECD转载经产省),VALIDATED_MIRROR,,IIP2020BASE_MOM,2026-09-05,LATEST_HISTORY_PROXY,PROXY,CURRENT_HISTORY_ONLY_NO_VINTAGE,false,true,true
2000-03-31,2000-03,1.4462809898,1.4462809898,%环比(非level),M,IIP_FRED_MOM,FRED(OECD转载经产省),VALIDATED_MIRROR,,IIP2020BASE_MOM,2026-09-05,LATEST_HISTORY_PROXY,PROXY,CURRENT_HISTORY_ONLY_NO_VINTAGE,false,true,true
2000-04-30,2000-04,1.5274948995,1.5274948995,%环比(非level),M,IIP_FRED_MOM,FRED(OECD转载经产省),VALIDATED_MIRROR,,IIP2020BASE_MOM,2026-09-05,LATEST_HISTORY_PROXY,PROXY,CURRENT_HISTORY_ONLY_NO_VINTAGE,false,true,true
2000-05-31,2000-05,-0.6018054223,-0.6018054223,%环比(非level),M,IIP_FRED_MOM,FRED(OECD转载经产省),VALIDATED_MIRROR,,IIP2020BASE_MOM,2026-09-05,LATEST_HISTORY_PROXY,PROXY,CURRENT_HISTORY_ONLY_NO_VINTAGE,false,true,true
2000-06-30,2000-06,1.3118062711,1.3118062711,%环比(非level),M,IIP_FRED_MOM,FRED(OECD转载经产省),VALIDATED_MIRROR,,IIP2020BASE_MOM,2026-09-05,LATEST_HISTORY_PROXY,PROXY,CURRENT_HISTORY_ONLY_NO_VINTAGE,false,true,true
2000-07-31,2000-07,-0.1992032017,-0.1992032017,%环比(非level),M,IIP_FRED_MOM,FRED(OECD转载经产省),VALIDATED_MIRROR,,IIP2020BASE_MOM,2026-09-05,LATEST_HISTORY_PROXY,PROXY,CURRENT_HISTORY_ONLY_NO_VINTAGE,false,true,true
2000-08-31,2000-08,1.3972055966,1.3972055966,%环比(非level),M,IIP_FRED_MOM,FRED(OECD转载经产省),VALIDATED_MIRROR,,IIP2020BASE_MOM,2026-09-05,LATEST_HISTORY_PROXY,PROXY,CURRENT_HISTORY_ONLY_NO_VINTAGE,false,true,true
2000-09-30,2000-09,-2.0669291313,-2.0669291313,%环比(非level),M,IIP_FRED_MOM,FRED(OECD转载经产省),VALIDATED_MIRROR,,IIP2020BASE_MOM,2026-09-05,LATEST_HISTORY_PROXY,PROXY,CURRENT_HISTORY_ONLY_NO_VINTAGE,false,true,true
2000-10-31,2000-10,1.5075376892,1.5075376892,%环比(非level),M,IIP_FRED_MOM,FRED(OECD转载经产省),VALIDATED_MIRROR,,IIP2020BASE_MOM,2026-09-05,LATEST_HISTORY_PROXY,PROXY,CURRENT_HISTORY_ONLY_NO_VINTAGE,false,true,true
2000-11-30,2000-11,0.3960395955,0.3960395955,%环比(非level),M,IIP_FRED_MOM,FRED(OECD转载经产省),VALIDATED_MIRROR,,IIP2020BASE_MOM,2026-09-05,LATEST_HISTORY_PROXY,PROXY,CURRENT_HISTORY_ONLY_NO_VINTAGE,false,true,true
2000-12-31,2000-12,0.9861933007,0.9861933007,%环比(非level),M,IIP_FRED_MOM,FRED(OECD转载经产省),VALIDATED_MIRROR,,IIP2020BASE_MOM,2026-09-05,LATEST_HISTORY_PROXY,PROXY,CURRENT_HISTORY_ONLY_NO_VINTAGE,false,true,true
2001-01-31,2001-01,-3.7109374941,-3.7109374941,%环比(非level),M,IIP_FRED_MOM,FRED(OECD转载经产省),VALIDATED_MIRROR,,IIP2020BASE_MOM,2026-09-05,LATEST_HISTORY_PROXY,PROXY,CURRENT_HISTORY_ONLY_NO_VINTAGE,false,true,true
2001-02-28,2001-02,0.9127788994,0.9127788994,%环比(非level),M,IIP_FRED_MOM,FRED(OECD转载经产省),VALIDATED_MIRROR,,IIP2020BASE_MOM,2026-09-05,LATEST_HISTORY_PROXY,PROXY,CURRENT_HISTORY_ONLY_NO_VINTAGE,false,true,true
2001-03-31,2001-03,-1.7085427195,-1.7085427195,%环比(非level),M,IIP_FRED_MOM,FRED(OECD转载经产省),VALIDATED_MIRROR,,IIP2020BASE_MOM,2026-09-05,LATEST_HISTORY_PROXY,PROXY,CURRENT_HISTORY_ONLY_NO_VINTAGE,false,true,true
2001-04-30,2001-04,-0.7157464204,-0.7157464204,%环比(非level),M,IIP_FRED_MOM,FRED(OECD转载经产省),VALIDATED_MIRROR,,IIP2020BASE_MOM,2026-09-05,LATEST_HISTORY_PROXY,PROXY,CURRENT_HISTORY_ONLY_NO_VINTAGE,false,true,true
2001-05-31,2001-05,-1.9567456152,-1.9567456152,%环比(非level),M,IIP_FRED_MOM,FRED(OECD转载经产省),VALIDATED_MIRROR,,IIP2020BASE_MOM,2026-09-05,LATEST_HISTORY_PROXY,PROXY,CURRENT_HISTORY_ONLY_NO_VINTAGE,false,true,true
2001-06-30,2001-06,-1.0504201653,-1.0504201653,%环比(非level),M,IIP_FRED_MOM,FRED(OECD转载经产省),VALIDATED_MIRROR,,IIP2020BASE_MOM,2026-09-05,LATEST_HISTORY_PROXY,PROXY,CURRENT_HISTORY_ONLY_NO_VINTAGE,false,true,true
2001-07-31,2001-07,-1.3800424781,-1.3800424781,%环比(非level),M,IIP_FRED_MOM,FRED(OECD转载经产省),VALIDATED_MIRROR,,IIP2020BASE_MOM,2026-09-05,LATEST_HISTORY_PROXY,PROXY,CURRENT_HISTORY_ONLY_NO_VINTAGE,false,true,true
2001-08-31,2001-08,-1.3993541296,-1.3993541296,%环比(非level),M,IIP_FRED_MOM,FRED(OECD转载经产省),VALIDATED_MIRROR,,IIP2020BASE_MOM,2026-09-05,LATEST_HISTORY_PROXY,PROXY,CURRENT_HISTORY_ONLY_NO_VINTAGE,false,true,true
2001-09-30,2001-09,-1.8558952029,-1.8558952029,%环比(非level),M,IIP_FRED_MOM,FRED(OECD转载经产省),VALIDATED_MIRROR,,IIP2020BASE_MOM,2026-09-05,LATEST_HISTORY_PROXY,PROXY,CURRENT_HISTORY_ONLY_NO_VINTAGE,false,true,true
2001-10-31,2001-10,0.0,0.0,%环比(非level),M,IIP_FRED_MOM,FRED(OECD转载经产省),VALIDATED_MIRROR,,IIP2020BASE_MOM,2026-09-05,LATEST_HISTORY_PROXY,PROXY,CURRENT_HISTORY_ONLY_NO_VINTAGE,false,true,true
2001-11-30,2001-11,-1.5572858713,-1.5572858713,%环比(非level),M,IIP_FRED_MOM,FRED(OECD转载经产省),VALIDATED_MIRROR,,IIP2020BASE_MOM,2026-09-05,LATEST_HISTORY_PROXY,PROXY,CURRENT_HISTORY_ONLY_NO_VINTAGE,false,true,true
2001-12-31,2001-12,1.0169491573,1.0169491573,%环比(非level),M,IIP_FRED_MOM,FRED(OECD转载经产省),VALIDATED_MIRROR,,IIP2020BASE_MOM,2026-09-05,LATEST_HISTORY_PROXY,PROXY,CURRENT_HISTORY_ONLY_NO_VINTAGE,false,true,true
2002-01-31,2002-01,-0.5592841306,-0.5592841306,%环比(非level),M,IIP_FRED_MOM,FRED(OECD转载经产省),VALIDATED_MIRROR,,IIP2020BASE_MOM,2026-09-05,LATEST_HISTORY_PROXY,PROXY,CURRENT_HISTORY_ONLY_NO_VINTAGE,false,true,true
2002-02-28,2002-02,1.2373453425,1.2373453425,%环比(非level),M,IIP_FRED_MOM,FRED(OECD转载经产省),VALIDATED_MIRROR,,IIP2020BASE_MOM,2026-09-05,LATEST_HISTORY_PROXY,PROXY,CURRENT_HISTORY_ONLY_NO_VINTAGE,false,true,true
2002-03-31,2002-03,0.4444444454,0.4444444454,%环比(非level),M,IIP_FRED_MOM,FRED(OECD转载经产省),VALIDATED_MIRROR,,IIP2020BASE_MOM,2026-09-05,LATEST_HISTORY_PROXY,PROXY,CURRENT_HISTORY_ONLY_NO_VINTAGE,false,true,true
2002-04-30,2002-04,-0.1106194719,-0.1106194719,%环比(非level),M,IIP_FRED_MOM,FRED(OECD转载经产省),VALIDATED_MIRROR,,IIP2020BASE_MOM,2026-09-05,LATEST_HISTORY_PROXY,PROXY,CURRENT_HISTORY_ONLY_NO_VINTAGE,false,true,true
2002-05-31,2002-05,3.9867109719,3.9867109719,%环比(非level),M,IIP_FRED_MOM,FRED(OECD转载经产省),VALIDATED_MIRROR,,IIP2020BASE_MOM,2026-09-05,LATEST_HISTORY_PROXY,PROXY,CURRENT_HISTORY_ONLY_NO_VINTAGE,false,true,true
2002-06-30,2002-06,-1.1714589988,-1.1714589988,%环比(非level),M,IIP_FRED_MOM,FRED(OECD转载经产省),VALIDATED_MIRROR,,IIP2020BASE_MOM,2026-09-05,LATEST_HISTORY_PROXY,PROXY,CURRENT_HISTORY_ONLY_NO_VINTAGE,false,true,true
2002-07-31,2002-07,0.7543103337,0.7543103337,%环比(非level),M,IIP_FRED_MOM,FRED(OECD转载经产省),VALIDATED_MIRROR,,IIP2020BASE_MOM,2026-09-05,LATEST_HISTORY_PROXY,PROXY,CURRENT_HISTORY_ONLY_NO_VINTAGE,false,true,true
2002-08-31,2002-08,0.4278074976,0.4278074976,%环比(非level),M,IIP_FRED_MOM,FRED(OECD转载经产省),VALIDATED_MIRROR,,IIP2020BASE_MOM,2026-09-05,LATEST_HISTORY_PROXY,PROXY,CURRENT_HISTORY_ONLY_NO_VINTAGE,false,true,true
2002-09-30,2002-09,0.6389776221,0.6389776221,%环比(非level),M,IIP_FRED_MOM,FRED(OECD转载经产省),VALIDATED_MIRROR,,IIP2020BASE_MOM,2026-09-05,LATEST_HISTORY_PROXY,PROXY,CURRENT_HISTORY_ONLY_NO_VINTAGE,false,true,true
2002-10-31,2002-10,0.0,0.0,%环比(非level),M,IIP_FRED_MOM,FRED(OECD转载经产省),VALIDATED_MIRROR,,IIP2020BASE_MOM,2026-09-05,LATEST_HISTORY_PROXY,PROXY,CURRENT_HISTORY_ONLY_NO_VINTAGE,false,true,true
2002-11-30,2002-11,-0.1058201085,-0.1058201085,%环比(非level),M,IIP_FRED_MOM,FRED(OECD转载经产省),VALIDATED_MIRROR,,IIP2020BASE_MOM,2026-09-05,LATEST_HISTORY_PROXY,PROXY,CURRENT_HISTORY_ONLY_NO_VINTAGE,false,true,true
2002-12-31,2002-12,-0.1059321862,-0.1059321862,%环比(非level),M,IIP_FRED_MOM,FRED(OECD转载经产省),VALIDATED_MIRROR,,IIP2020BASE_MOM,2026-09-05,LATEST_HISTORY_PROXY,PROXY,CURRENT_HISTORY_ONLY_NO_VINTAGE,false,true,true
2003-01-31,2003-01,1.3785789885,1.3785789885,%环比(非level),M,IIP_FRED_MOM,FRED(OECD转载经产省),VALIDATED_MIRROR,,IIP2020BASE_MOM,2026-09-05,LATEST_HISTORY_PROXY,PROXY,CURRENT_HISTORY_ONLY_NO_VINTAGE,false,true,true
2003-02-28,2003-02,-0.4278074674,-0.4278074674,%环比(非level),M,IIP_FRED_MOM,FRED(OECD转载经产省),VALIDATED_MIRROR,,IIP2020BASE_MOM,2026-09-05,LATEST_HISTORY_PROXY,PROXY,CURRENT_HISTORY_ONLY_NO_VINTAGE,false,true,true
2003-03-31,2003-03,0.7518796776,0.7518796776,%环比(非level),M,IIP_FRED_MOM,FRED(OECD转载经产省),VALIDATED_MIRROR,,IIP2020BASE_MOM,2026-09-05,LATEST_HISTORY_PROXY,PROXY,CURRENT_HISTORY_ONLY_NO_VINTAGE,false,true,true
2003-04-30,2003-04,-1.3859275092,-1.3859275092,%环比(非level),M,IIP_FRED_MOM,FRED(OECD转载经产省),VALIDATED_MIRROR,,IIP2020BASE_MOM,2026-09-05,LATEST_HISTORY_PROXY,PROXY,CURRENT_HISTORY_ONLY_NO_VINTAGE,false,true,true
2003-05-31,2003-05,1.2972972987,1.2972972987,%环比(非level),M,IIP_FRED_MOM,FRED(OECD转载经产省),VALIDATED_MIRROR,,IIP2020BASE_MOM,2026-09-05,LATEST_HISTORY_PROXY,PROXY,CURRENT_HISTORY_ONLY_NO_VINTAGE,false,true,true
2003-06-30,2003-06,-0.8537886784,-0.8537886784,%环比(非level),M,IIP_FRED_MOM,FRED(OECD转载经产省),VALIDATED_MIRROR,,IIP2020BASE_MOM,2026-09-05,LATEST_HISTORY_PROXY,PROXY,CURRENT_HISTORY_ONLY_NO_VINTAGE,false,true,true
2003-07-31,2003-07,0.4305705162,0.4305705162,%环比(非level),M,IIP_FRED_MOM,FRED(OECD转载经产省),VALIDATED_MIRROR,,IIP2020BASE_MOM,2026-09-05,LATEST_HISTORY_PROXY,PROXY,CURRENT_HISTORY_ONLY_NO_VINTAGE,false,true,true
2003-08-31,2003-08,-0.9646302382,-0.9646302382,%环比(非level),M,IIP_FRED_MOM,FRED(OECD转载经产省),VALIDATED_MIRROR,,IIP2020BASE_MOM,2026-09-05,LATEST_HISTORY_PROXY,PROXY,CURRENT_HISTORY_ONLY_NO_VINTAGE,false,true,true
2003-09-30,2003-09,3.0303030433,3.0303030433,%环比(非level),M,IIP_FRED_MOM,FRED(OECD转载经产省),VALIDATED_MIRROR,,IIP2020BASE_MOM,2026-09-05,LATEST_HISTORY_PROXY,PROXY,CURRENT_HISTORY_ONLY_NO_VINTAGE,false,true,true
2003-10-31,2003-10,1.1554621835,1.1554621835,%环比(非level),M,IIP_FRED_MOM,FRED(OECD转载经产省),VALIDATED_MIRROR,,IIP2020BASE_MOM,2026-09-05,LATEST_HISTORY_PROXY,PROXY,CURRENT_HISTORY_ONLY_NO_VINTAGE,false,true,true
2003-11-30,2003-11,0.2076843057,0.2076843057,%环比(非level),M,IIP_FRED_MOM,FRED(OECD转载经产省),VALIDATED_MIRROR,,IIP2020BASE_MOM,2026-09-05,LATEST_HISTORY_PROXY,PROXY,CURRENT_HISTORY_ONLY_NO_VINTAGE,false,true,true
2003-12-31,2003-12,-0.3108808174,-0.3108808174,%环比(非level),M,IIP_FRED_MOM,FRED(OECD转载经产省),VALIDATED_MIRROR,,IIP2020BASE_MOM,2026-09-05,LATEST_HISTORY_PROXY,PROXY,CURRENT_HISTORY_ONLY_NO_VINTAGE,false,true,true
2004-01-31,2004-01,1.7671517616,1.7671517616,%环比(非level),M,IIP_FRED_MOM,FRED(OECD转载经产省),VALIDATED_MIRROR,,IIP2020BASE_MOM,2026-09-05,LATEST_HISTORY_PROXY,PROXY,CURRENT_HISTORY_ONLY_NO_VINTAGE,false,true,true
2004-02-29,2004-02,-0.3064351264,-0.3064351264,%环比(非level),M,IIP_FRED_MOM,FRED(OECD转载经产省),VALIDATED_MIRROR,,IIP2020BASE_MOM,2026-09-05,LATEST_HISTORY_PROXY,PROXY,CURRENT_HISTORY_ONLY_NO_VINTAGE,false,true,true
2004-03-31,2004-03,-0.5122950942,-0.5122950942,%环比(非level),M,IIP_FRED_MOM,FRED(OECD转载经产省),VALIDATED_MIRROR,,IIP2020BASE_MOM,2026-09-05,LATEST_HISTORY_PROXY,PROXY,CURRENT_HISTORY_ONLY_NO_VINTAGE,false,true,true
2004-04-30,2004-04,1.7507724037,1.7507724037,%环比(非level),M,IIP_FRED_MOM,FRED(OECD转载经产省),VALIDATED_MIRROR,,IIP2020BASE_MOM,2026-09-05,LATEST_HISTORY_PROXY,PROXY,CURRENT_HISTORY_ONLY_NO_VINTAGE,false,true,true
2004-05-31,2004-05,0.101214568,0.101214568,%环比(非level),M,IIP_FRED_MOM,FRED(OECD转载经产省),VALIDATED_MIRROR,,IIP2020BASE_MOM,2026-09-05,LATEST_HISTORY_PROXY,PROXY,CURRENT_HISTORY_ONLY_NO_VINTAGE,false,true,true
2004-06-30,2004-06,0.303336711,0.303336711,%环比(非level),M,IIP_FRED_MOM,FRED(OECD转载经产省),VALIDATED_MIRROR,,IIP2020BASE_MOM,2026-09-05,LATEST_HISTORY_PROXY,PROXY,CURRENT_HISTORY_ONLY_NO_VINTAGE,false,true,true
2004-07-31,2004-07,1.4112903285,1.4112903285,%环比(非level),M,IIP_FRED_MOM,FRED(OECD转载经产省),VALIDATED_MIRROR,,IIP2020BASE_MOM,2026-09-05,LATEST_HISTORY_PROXY,PROXY,CURRENT_HISTORY_ONLY_NO_VINTAGE,false,true,true
2004-08-31,2004-08,-1.3916501052,-1.3916501052,%环比(非level),M,IIP_FRED_MOM,FRED(OECD转载经产省),VALIDATED_MIRROR,,IIP2020BASE_MOM,2026-09-05,LATEST_HISTORY_PROXY,PROXY,CURRENT_HISTORY_ONLY_NO_VINTAGE,false,true,true
2004-09-30,2004-09,0.3024193435,0.3024193435,%环比(非level),M,IIP_FRED_MOM,FRED(OECD转载经产省),VALIDATED_MIRROR,,IIP2020BASE_MOM,2026-09-05,LATEST_HISTORY_PROXY,PROXY,CURRENT_HISTORY_ONLY_NO_VINTAGE,false,true,true
2004-10-31,2004-10,-1.9095477199,-1.9095477199,%环比(非level),M,IIP_FRED_MOM,FRED(OECD转载经产省),VALIDATED_MIRROR,,IIP2020BASE_MOM,2026-09-05,LATEST_HISTORY_PROXY,PROXY,CURRENT_HISTORY_ONLY_NO_VINTAGE,false,true,true
2004-11-30,2004-11,1.2295081883,1.2295081883,%环比(非level),M,IIP_FRED_MOM,FRED(OECD转载经产省),VALIDATED_MIRROR,,IIP2020BASE_MOM,2026-09-05,LATEST_HISTORY_PROXY,PROXY,CURRENT_HISTORY_ONLY_NO_VINTAGE,false,true,true
2004-12-31,2004-12,-1.3157894772,-1.3157894772,%环比(非level),M,IIP_FRED_MOM,FRED(OECD转载经产省),VALIDATED_MIRROR,,IIP2020BASE_MOM,2026-09-05,LATEST_HISTORY_PROXY,PROXY,CURRENT_HISTORY_ONLY_NO_VINTAGE,false,true,true
2005-01-31,2005-01,2.3589743589,2.3589743589,%环比(非level),M,IIP_FRED_MOM,FRED(OECD转载经产省),VALIDATED_MIRROR,,IIP2020BASE_MOM,2026-09-05,LATEST_HISTORY_PROXY,PROXY,CURRENT_HISTORY_ONLY_NO_VINTAGE,false,true,true
2005-02-28,2005-02,0.0,0.0,%环比(非level),M,IIP_FRED_MOM,FRED(OECD转载经产省),VALIDATED_MIRROR,,IIP2020BASE_MOM,2026-09-05,LATEST_HISTORY_PROXY,PROXY,CURRENT_HISTORY_ONLY_NO_VINTAGE,false,true,true
2005-03-31,2005-03,0.3006012096,0.3006012096,%环比(非level),M,IIP_FRED_MOM,FRED(OECD转载经产省),VALIDATED_MIRROR,,IIP2020BASE_MOM,2026-09-05,LATEST_HISTORY_PROXY,PROXY,CURRENT_HISTORY_ONLY_NO_VINTAGE,false,true,true
2005-04-30,2005-04,0.3996003908,0.3996003908,%环比(非level),M,IIP_FRED_MOM,FRED(OECD转载经产省),VALIDATED_MIRROR,,IIP2020BASE_MOM,2026-09-05,LATEST_HISTORY_PROXY,PROXY,CURRENT_HISTORY_ONLY_NO_VINTAGE,false,true,true
2005-05-31,2005-05,-0.7960198921,-0.7960198921,%环比(非level),M,IIP_FRED_MOM,FRED(OECD转载经产省),VALIDATED_MIRROR,,IIP2020BASE_MOM,2026-09-05,LATEST_HISTORY_PROXY,PROXY,CURRENT_HISTORY_ONLY_NO_VINTAGE,false,true,true
2005-06-30,2005-06,0.4012036112,0.4012036112,%环比(非level),M,IIP_FRED_MOM,FRED(OECD转载经产省),VALIDATED_MIRROR,,IIP2020BASE_MOM,2026-09-05,LATEST_HISTORY_PROXY,PROXY,CURRENT_HISTORY_ONLY_NO_VINTAGE,false,true,true
2005-07-31,2005-07,-0.5994006137,-0.5994006137,%环比(非level),M,IIP_FRED_MOM,FRED(OECD转载经产省),VALIDATED_MIRROR,,IIP2020BASE_MOM,2026-09-05,LATEST_HISTORY_PROXY,PROXY,CURRENT_HISTORY_ONLY_NO_VINTAGE,false,true,true
2005-08-31,2005-08,0.0,0.0,%环比(非level),M,IIP_FRED_MOM,FRED(OECD转载经产省),VALIDATED_MIRROR,,IIP2020BASE_MOM,2026-09-05,LATEST_HISTORY_PROXY,PROXY,CURRENT_HISTORY_ONLY_NO_VINTAGE,false,true,true
2005-09-30,2005-09,0.8040201106,0.8040201106,%环比(非level),M,IIP_FRED_MOM,FRED(OECD转载经产省),VALIDATED_MIRROR,,IIP2020BASE_MOM,2026-09-05,LATEST_HISTORY_PROXY,PROXY,CURRENT_HISTORY_ONLY_NO_VINTAGE,false,true,true
2005-10-31,2005-10,-0.8973080789,-0.8973080789,%环比(非level),M,IIP_FRED_MOM,FRED(OECD转载经产省),VALIDATED_MIRROR,,IIP2020BASE_MOM,2026-09-05,LATEST_HISTORY_PROXY,PROXY,CURRENT_HISTORY_ONLY_NO_VINTAGE,false,true,true
2005-11-30,2005-11,2.0120724366,2.0120724366,%环比(非level),M,IIP_FRED_MOM,FRED(OECD转载经产省),VALIDATED_MIRROR,,IIP2020BASE_MOM,2026-09-05,LATEST_HISTORY_PROXY,PROXY,CURRENT_HISTORY_ONLY_NO_VINTAGE,false,true,true
2005-12-31,2005-12,0.394477327,0.394477327,%环比(非level),M,IIP_FRED_MOM,FRED(OECD转载经产省),VALIDATED_MIRROR,,IIP2020BASE_MOM,2026-09-05,LATEST_HISTORY_PROXY,PROXY,CURRENT_HISTORY_ONLY_NO_VINTAGE,false,true,true
2006-01-31,2006-01,0.2946954703,0.2946954703,%环比(非level),M,IIP_FRED_MOM,FRED(OECD转载经产省),VALIDATED_MIRROR,,IIP2020BASE_MOM,2026-09-05,LATEST_HISTORY_PROXY,PROXY,CURRENT_HISTORY_ONLY_NO_VINTAGE,false,true,true
2006-02-28,2006-02,-0.1958863816,-0.1958863816,%环比(非level),M,IIP_FRED_MOM,FRED(OECD转载经产省),VALIDATED_MIRROR,,IIP2020BASE_MOM,2026-09-05,LATEST_HISTORY_PROXY,PROXY,CURRENT_HISTORY_ONLY_NO_VINTAGE,false,true,true
2006-03-31,2006-03,0.6869479866,0.6869479866,%环比(非level),M,IIP_FRED_MOM,FRED(OECD转载经产省),VALIDATED_MIRROR,,IIP2020BASE_MOM,2026-09-05,LATEST_HISTORY_PROXY,PROXY,CURRENT_HISTORY_ONLY_NO_VINTAGE,false,true,true
2006-04-30,2006-04,1.8518518514,1.8518518514,%环比(非level),M,IIP_FRED_MOM,FRED(OECD转载经产省),VALIDATED_MIRROR,,IIP2020BASE_MOM,2026-09-05,LATEST_HISTORY_PROXY,PROXY,CURRENT_HISTORY_ONLY_NO_VINTAGE,false,true,true
2006-05-31,2006-05,-1.5311004799,-1.5311004799,%环比(非level),M,IIP_FRED_MOM,FRED(OECD转载经产省),VALIDATED_MIRROR,,IIP2020BASE_MOM,2026-09-05,LATEST_HISTORY_PROXY,PROXY,CURRENT_HISTORY_ONLY_NO_VINTAGE,false,true,true
2006-06-30,2006-06,1.3605442145,1.3605442145,%环比(非level),M,IIP_FRED_MOM,FRED(OECD转载经产省),VALIDATED_MIRROR,,IIP2020BASE_MOM,2026-09-05,LATEST_HISTORY_PROXY,PROXY,CURRENT_HISTORY_ONLY_NO_VINTAGE,false,true,true
2006-07-31,2006-07,0.3835091175,0.3835091175,%环比(非level),M,IIP_FRED_MOM,FRED(OECD转载经产省),VALIDATED_MIRROR,,IIP2020BASE_MOM,2026-09-05,LATEST_HISTORY_PROXY,PROXY,CURRENT_HISTORY_ONLY_NO_VINTAGE,false,true,true
2006-08-31,2006-08,0.2865329494,0.2865329494,%环比(非level),M,IIP_FRED_MOM,FRED(OECD转载经产省),VALIDATED_MIRROR,,IIP2020BASE_MOM,2026-09-05,LATEST_HISTORY_PROXY,PROXY,CURRENT_HISTORY_ONLY_NO_VINTAGE,false,true,true
2006-09-30,2006-09,-0.0952380975,-0.0952380975,%环比(非level),M,IIP_FRED_MOM,FRED(OECD转载经产省),VALIDATED_MIRROR,,IIP2020BASE_MOM,2026-09-05,LATEST_HISTORY_PROXY,PROXY,CURRENT_HISTORY_ONLY_NO_VINTAGE,false,true,true
2006-10-31,2006-10,0.381315539,0.381315539,%环比(非level),M,IIP_FRED_MOM,FRED(OECD转载经产省),VALIDATED_MIRROR,,IIP2020BASE_MOM,2026-09-05,LATEST_HISTORY_PROXY,PROXY,CURRENT_HISTORY_ONLY_NO_VINTAGE,false,true,true
2006-11-30,2006-11,0.9496676216,0.9496676216,%环比(非level),M,IIP_FRED_MOM,FRED(OECD转载经产省),VALIDATED_MIRROR,,IIP2020BASE_MOM,2026-09-05,LATEST_HISTORY_PROXY,PROXY,CURRENT_HISTORY_ONLY_NO_VINTAGE,false,true,true
2006-12-31,2006-12,0.0940733708,0.0940733708,%环比(非level),M,IIP_FRED_MOM,FRED(OECD转载经产省),VALIDATED_MIRROR,,IIP2020BASE_MOM,2026-09-05,LATEST_HISTORY_PROXY,PROXY,CURRENT_HISTORY_ONLY_NO_VINTAGE,false,true,true
2007-01-31,2007-01,-1.0338345853,-1.0338345853,%环比(非level),M,IIP_FRED_MOM,FRED(OECD转载经产省),VALIDATED_MIRROR,,IIP2020BASE_MOM,2026-09-05,LATEST_HISTORY_PROXY,PROXY,CURRENT_HISTORY_ONLY_NO_VINTAGE,false,true,true
2007-02-28,2007-02,0.569800566,0.569800566,%环比(非level),M,IIP_FRED_MOM,FRED(OECD转载经产省),VALIDATED_MIRROR,,IIP2020BASE_MOM,2026-09-05,LATEST_HISTORY_PROXY,PROXY,CURRENT_HISTORY_ONLY_NO_VINTAGE,false,true,true
2007-03-31,2007-03,0.0,0.0,%环比(非level),M,IIP_FRED_MOM,FRED(OECD转载经产省),VALIDATED_MIRROR,,IIP2020BASE_MOM,2026-09-05,LATEST_HISTORY_PROXY,PROXY,CURRENT_HISTORY_ONLY_NO_VINTAGE,false,true,true
2007-04-30,2007-04,-0.2832861258,-0.2832861258,%环比(非level),M,IIP_FRED_MOM,FRED(OECD转载经产省),VALIDATED_MIRROR,,IIP2020BASE_MOM,2026-09-05,LATEST_HISTORY_PROXY,PROXY,CURRENT_HISTORY_ONLY_NO_VINTAGE,false,true,true
2007-05-31,2007-05,1.1363636463,1.1363636463,%环比(非level),M,IIP_FRED_MOM,FRED(OECD转载经产省),VALIDATED_MIRROR,,IIP2020BASE_MOM,2026-09-05,LATEST_HISTORY_PROXY,PROXY,CURRENT_HISTORY_ONLY_NO_VINTAGE,false,true,true
2007-06-30,2007-06,0.0,0.0,%环比(非level),M,IIP_FRED_MOM,FRED(OECD转载经产省),VALIDATED_MIRROR,,IIP2020BASE_MOM,2026-09-05,LATEST_HISTORY_PROXY,PROXY,CURRENT_HISTORY_ONLY_NO_VINTAGE,false,true,true
2007-07-31,2007-07,0.093632961,0.093632961,%环比(非level),M,IIP_FRED_MOM,FRED(OECD转载经产省),VALIDATED_MIRROR,,IIP2020BASE_MOM,2026-09-05,LATEST_HISTORY_PROXY,PROXY,CURRENT_HISTORY_ONLY_NO_VINTAGE,false,true,true
2007-08-31,2007-08,2.5257249682,2.5257249682,%环比(非level),M,IIP_FRED_MOM,FRED(OECD转载经产省),VALIDATED_MIRROR,,IIP2020BASE_MOM,2026-09-05,LATEST_HISTORY_PROXY,PROXY,CURRENT_HISTORY_ONLY_NO_VINTAGE,false,true,true
2007-09-30,2007-09,-1.4598540077,-1.4598540077,%环比(非level),M,IIP_FRED_MOM,FRED(OECD转载经产省),VALIDATED_MIRROR,,IIP2020BASE_MOM,2026-09-05,LATEST_HISTORY_PROXY,PROXY,CURRENT_HISTORY_ONLY_NO_VINTAGE,false,true,true
2007-10-31,2007-10,1.2962962933,1.2962962933,%环比(非level),M,IIP_FRED_MOM,FRED(OECD转载经产省),VALIDATED_MIRROR,,IIP2020BASE_MOM,2026-09-05,LATEST_HISTORY_PROXY,PROXY,CURRENT_HISTORY_ONLY_NO_VINTAGE,false,true,true
2007-11-30,2007-11,-1.0054844596,-1.0054844596,%环比(非level),M,IIP_FRED_MOM,FRED(OECD转载经产省),VALIDATED_MIRROR,,IIP2020BASE_MOM,2026-09-05,LATEST_HISTORY_PROXY,PROXY,CURRENT_HISTORY_ONLY_NO_VINTAGE,false,true,true
2007-12-31,2007-12,0.5540166168,0.5540166168,%环比(非level),M,IIP_FRED_MOM,FRED(OECD转载经产省),VALIDATED_MIRROR,,IIP2020BASE_MOM,2026-09-05,LATEST_HISTORY_PROXY,PROXY,CURRENT_HISTORY_ONLY_NO_VINTAGE,false,true,true
2008-01-31,2008-01,0.679276073,0.679276073,%环比(非level),M,IIP_FRED_MOM,FRED(OECD转载经产省),VALIDATED_MIRROR,,IIP2020BASE_MOM,2026-09-05,LATEST_HISTORY_PROXY,PROXY,CURRENT_HISTORY_ONLY_NO_VINTAGE,false,true,true
2008-02-29,2008-02,0.2583979204,0.2583979204,%环比(非level),M,IIP_FRED_MOM,FRED(OECD转载经产省),VALIDATED_MIRROR,,IIP2020BASE_MOM,2026-09-05,LATEST_HISTORY_PROXY,PROXY,CURRENT_HISTORY_ONLY_NO_VINTAGE,false,true,true
2008-03-31,2008-03,-1.0309278274,-1.0309278274,%环比(非level),M,IIP_FRED_MOM,FRED(OECD转载经产省),VALIDATED_MIRROR,,IIP2020BASE_MOM,2026-09-05,LATEST_HISTORY_PROXY,PROXY,CURRENT_HISTORY_ONLY_NO_VINTAGE,false,true,true
2008-04-30,2008-04,-0.4340277794,-0.4340277794,%环比(非level),M,IIP_FRED_MOM,FRED(OECD转载经产省),VALIDATED_MIRROR,,IIP2020BASE_MOM,2026-09-05,LATEST_HISTORY_PROXY,PROXY,CURRENT_HISTORY_ONLY_NO_VINTAGE,false,true,true
2008-05-31,2008-05,0.5231037577,0.5231037577,%环比(非level),M,IIP_FRED_MOM,FRED(OECD转载经产省),VALIDATED_MIRROR,,IIP2020BASE_MOM,2026-09-05,LATEST_HISTORY_PROXY,PROXY,CURRENT_HISTORY_ONLY_NO_VINTAGE,false,true,true
2008-06-30,2008-06,-2.6886383517,-2.6886383517,%环比(非level),M,IIP_FRED_MOM,FRED(OECD转载经产省),VALIDATED_MIRROR,,IIP2020BASE_MOM,2026-09-05,LATEST_HISTORY_PROXY,PROXY,CURRENT_HISTORY_ONLY_NO_VINTAGE,false,true,true
2008-07-31,2008-07,0.0,0.0,%环比(非level),M,IIP_FRED_MOM,FRED(OECD转载经产省),VALIDATED_MIRROR,,IIP2020BASE_MOM,2026-09-05,LATEST_HISTORY_PROXY,PROXY,CURRENT_HISTORY_ONLY_NO_VINTAGE,false,true,true
2008-08-31,2008-08,-3.6541889436,-3.6541889436,%环比(非level),M,IIP_FRED_MOM,FRED(OECD转载经产省),VALIDATED_MIRROR,,IIP2020BASE_MOM,2026-09-05,LATEST_HISTORY_PROXY,PROXY,CURRENT_HISTORY_ONLY_NO_VINTAGE,false,true,true
2008-09-30,2008-09,1.2950971391,1.2950971391,%环比(非level),M,IIP_FRED_MOM,FRED(OECD转载经产省),VALIDATED_MIRROR,,IIP2020BASE_MOM,2026-09-05,LATEST_HISTORY_PROXY,PROXY,CURRENT_HISTORY_ONLY_NO_VINTAGE,false,true,true
2008-10-31,2008-10,-2.1917808143,-2.1917808143,%环比(非level),M,IIP_FRED_MOM,FRED(OECD转载经产省),VALIDATED_MIRROR,,IIP2020BASE_MOM,2026-09-05,LATEST_HISTORY_PROXY,PROXY,CURRENT_HISTORY_ONLY_NO_VINTAGE,false,true,true
2008-11-30,2008-11,-6.4425770386,-6.4425770386,%环比(非level),M,IIP_FRED_MOM,FRED(OECD转载经产省),VALIDATED_MIRROR,,IIP2020BASE_MOM,2026-09-05,LATEST_HISTORY_PROXY,PROXY,CURRENT_HISTORY_ONLY_NO_VINTAGE,false,true,true
2008-12-31,2008-12,-8.0838323352,-8.0838323352,%环比(非level),M,IIP_FRED_MOM,FRED(OECD转载经产省),VALIDATED_MIRROR,,IIP2020BASE_MOM,2026-09-05,LATEST_HISTORY_PROXY,PROXY,CURRENT_HISTORY_ONLY_NO_VINTAGE,false,true,true
2009-01-31,2009-01,-8.0347448437,-8.0347448437,%环比(非level),M,IIP_FRED_MOM,FRED(OECD转载经产省),VALIDATED_MIRROR,,IIP2020BASE_MOM,2026-09-05,LATEST_HISTORY_PROXY,PROXY,CURRENT_HISTORY_ONLY_NO_VINTAGE,false,true,true
2009-02-28,2009-02,-8.3825265597,-8.3825265597,%环比(非level),M,IIP_FRED_MOM,FRED(OECD转载经产省),VALIDATED_MIRROR,,IIP2020BASE_MOM,2026-09-05,LATEST_HISTORY_PROXY,PROXY,CURRENT_HISTORY_ONLY_NO_VINTAGE,false,true,true
2009-03-31,2009-03,0.9020618541,0.9020618541,%环比(非level),M,IIP_FRED_MOM,FRED(OECD转载经产省),VALIDATED_MIRROR,,IIP2020BASE_MOM,2026-09-05,LATEST_HISTORY_PROXY,PROXY,CURRENT_HISTORY_ONLY_NO_VINTAGE,false,true,true
2009-04-30,2009-04,4.3422733019,4.3422733019,%环比(非level),M,IIP_FRED_MOM,FRED(OECD转载经产省),VALIDATED_MIRROR,,IIP2020BASE_MOM,2026-09-05,LATEST_HISTORY_PROXY,PROXY,CURRENT_HISTORY_ONLY_NO_VINTAGE,false,true,true
2009-05-31,2009-05,3.6719706265,3.6719706265,%环比(非level),M,IIP_FRED_MOM,FRED(OECD转载经产省),VALIDATED_MIRROR,,IIP2020BASE_MOM,2026-09-05,LATEST_HISTORY_PROXY,PROXY,CURRENT_HISTORY_ONLY_NO_VINTAGE,false,true,true
2009-06-30,2009-06,1.6528925706,1.6528925706,%环比(非level),M,IIP_FRED_MOM,FRED(OECD转载经产省),VALIDATED_MIRROR,,IIP2020BASE_MOM,2026-09-05,LATEST_HISTORY_PROXY,PROXY,CURRENT_HISTORY_ONLY_NO_VINTAGE,false,true,true
2009-07-31,2009-07,1.1614401676,1.1614401676,%环比(非level),M,IIP_FRED_MOM,FRED(OECD转载经产省),VALIDATED_MIRROR,,IIP2020BASE_MOM,2026-09-05,LATEST_HISTORY_PROXY,PROXY,CURRENT_HISTORY_ONLY_NO_VINTAGE,false,true,true
2009-08-31,2009-08,1.4925373238,1.4925373238,%环比(非level),M,IIP_FRED_MOM,FRED(OECD转载经产省),VALIDATED_MIRROR,,IIP2020BASE_MOM,2026-09-05,LATEST_HISTORY_PROXY,PROXY,CURRENT_HISTORY_ONLY_NO_VINTAGE,false,true,true
2009-09-30,2009-09,3.0542986498,3.0542986498,%环比(非level),M,IIP_FRED_MOM,FRED(OECD转载经产省),VALIDATED_MIRROR,,IIP2020BASE_MOM,2026-09-05,LATEST_HISTORY_PROXY,PROXY,CURRENT_HISTORY_ONLY_NO_VINTAGE,false,true,true
2009-10-31,2009-10,2.7442371017,2.7442371017,%环比(非level),M,IIP_FRED_MOM,FRED(OECD转载经产省),VALIDATED_MIRROR,,IIP2020BASE_MOM,2026-09-05,LATEST_HISTORY_PROXY,PROXY,CURRENT_HISTORY_ONLY_NO_VINTAGE,false,true,true
2009-11-30,2009-11,2.0299145188,2.0299145188,%环比(非level),M,IIP_FRED_MOM,FRED(OECD转载经产省),VALIDATED_MIRROR,,IIP2020BASE_MOM,2026-09-05,LATEST_HISTORY_PROXY,PROXY,CURRENT_HISTORY_ONLY_NO_VINTAGE,false,true,true
2009-12-31,2009-12,0.8376963322,0.8376963322,%环比(非level),M,IIP_FRED_MOM,FRED(OECD转载经产省),VALIDATED_MIRROR,,IIP2020BASE_MOM,2026-09-05,LATEST_HISTORY_PROXY,PROXY,CURRENT_HISTORY_ONLY_NO_VINTAGE,false,true,true
2010-01-31,2010-01,2.2845275332,2.2845275332,%环比(非level),M,IIP_FRED_MOM,FRED(OECD转载经产省),VALIDATED_MIRROR,,IIP2020BASE_MOM,2026-09-05,LATEST_HISTORY_PROXY,PROXY,CURRENT_HISTORY_ONLY_NO_VINTAGE,false,true,true
2010-02-28,2010-02,0.3045685231,0.3045685231,%环比(非level),M,IIP_FRED_MOM,FRED(OECD转载经产省),VALIDATED_MIRROR,,IIP2020BASE_MOM,2026-09-05,LATEST_HISTORY_PROXY,PROXY,CURRENT_HISTORY_ONLY_NO_VINTAGE,false,true,true
2010-03-31,2010-03,0.3036437298,0.3036437298,%环比(非level),M,IIP_FRED_MOM,FRED(OECD转载经产省),VALIDATED_MIRROR,,IIP2020BASE_MOM,2026-09-05,LATEST_HISTORY_PROXY,PROXY,CURRENT_HISTORY_ONLY_NO_VINTAGE,false,true,true
2010-04-30,2010-04,1.2108980834,1.2108980834,%环比(非level),M,IIP_FRED_MOM,FRED(OECD转载经产省),VALIDATED_MIRROR,,IIP2020BASE_MOM,2026-09-05,LATEST_HISTORY_PROXY,PROXY,CURRENT_HISTORY_ONLY_NO_VINTAGE,false,true,true
2010-05-31,2010-05,-0.3988036024,-0.3988036024,%环比(非level),M,IIP_FRED_MOM,FRED(OECD转载经产省),VALIDATED_MIRROR,,IIP2020BASE_MOM,2026-09-05,LATEST_HISTORY_PROXY,PROXY,CURRENT_HISTORY_ONLY_NO_VINTAGE,false,true,true
2010-06-30,2010-06,-0.6006005912,-0.6006005912,%环比(非level),M,IIP_FRED_MOM,FRED(OECD转载经产省),VALIDATED_MIRROR,,IIP2020BASE_MOM,2026-09-05,LATEST_HISTORY_PROXY,PROXY,CURRENT_HISTORY_ONLY_NO_VINTAGE,false,true,true
2010-07-31,2010-07,1.2084592053,1.2084592053,%环比(非level),M,IIP_FRED_MOM,FRED(OECD转载经产省),VALIDATED_MIRROR,,IIP2020BASE_MOM,2026-09-05,LATEST_HISTORY_PROXY,PROXY,CURRENT_HISTORY_ONLY_NO_VINTAGE,false,true,true
2010-08-31,2010-08,0.4975124494,0.4975124494,%环比(非level),M,IIP_FRED_MOM,FRED(OECD转载经产省),VALIDATED_MIRROR,,IIP2020BASE_MOM,2026-09-05,LATEST_HISTORY_PROXY,PROXY,CURRENT_HISTORY_ONLY_NO_VINTAGE,false,true,true
2010-09-30,2010-09,1.2871287119,1.2871287119,%环比(非level),M,IIP_FRED_MOM,FRED(OECD转载经产省),VALIDATED_MIRROR,,IIP2020BASE_MOM,2026-09-05,LATEST_HISTORY_PROXY,PROXY,CURRENT_HISTORY_ONLY_NO_VINTAGE,false,true,true
2010-10-31,2010-10,-2.8347996121,-2.8347996121,%环比(非level),M,IIP_FRED_MOM,FRED(OECD转载经产省),VALIDATED_MIRROR,,IIP2020BASE_MOM,2026-09-05,LATEST_HISTORY_PROXY,PROXY,CURRENT_HISTORY_ONLY_NO_VINTAGE,false,true,true
2010-11-30,2010-11,1.7102615622,1.7102615622,%环比(非level),M,IIP_FRED_MOM,FRED(OECD转载经产省),VALIDATED_MIRROR,,IIP2020BASE_MOM,2026-09-05,LATEST_HISTORY_PROXY,PROXY,CURRENT_HISTORY_ONLY_NO_VINTAGE,false,true,true
2010-12-31,2010-12,0.2967359004,0.2967359004,%环比(非level),M,IIP_FRED_MOM,FRED(OECD转载经产省),VALIDATED_MIRROR,,IIP2020BASE_MOM,2026-09-05,LATEST_HISTORY_PROXY,PROXY,CURRENT_HISTORY_ONLY_NO_VINTAGE,false,true,true
2011-01-31,2011-01,0.6903353046,0.6903353046,%环比(非level),M,IIP_FRED_MOM,FRED(OECD转载经产省),VALIDATED_MIRROR,,IIP2020BASE_MOM,2026-09-05,LATEST_HISTORY_PROXY,PROXY,CURRENT_HISTORY_ONLY_NO_VINTAGE,false,true,true
2011-02-28,2011-02,0.3917727848,0.3917727848,%环比(非level),M,IIP_FRED_MOM,FRED(OECD转载经产省),VALIDATED_MIRROR,,IIP2020BASE_MOM,2026-09-05,LATEST_HISTORY_PROXY,PROXY,CURRENT_HISTORY_ONLY_NO_VINTAGE,false,true,true
2011-03-31,2011-03,-15.804878048,-15.804878048,%环比(非level),M,IIP_FRED_MOM,FRED(OECD转载经产省),VALIDATED_MIRROR,,IIP2020BASE_MOM,2026-09-05,LATEST_HISTORY_PROXY,PROXY,CURRENT_HISTORY_ONLY_NO_VINTAGE,false,true,true
2011-04-30,2011-04,1.853997676,1.853997676,%环比(非level),M,IIP_FRED_MOM,FRED(OECD转载经产省),VALIDATED_MIRROR,,IIP2020BASE_MOM,2026-09-05,LATEST_HISTORY_PROXY,PROXY,CURRENT_HISTORY_ONLY_NO_VINTAGE,false,true,true
2011-05-31,2011-05,6.5984072887,6.5984072887,%环比(非level),M,IIP_FRED_MOM,FRED(OECD转载经产省),VALIDATED_MIRROR,,IIP2020BASE_MOM,2026-09-05,LATEST_HISTORY_PROXY,PROXY,CURRENT_HISTORY_ONLY_NO_VINTAGE,false,true,true
2011-06-30,2011-06,4.0554962634,4.0554962634,%环比(非level),M,IIP_FRED_MOM,FRED(OECD转载经产省),VALIDATED_MIRROR,,IIP2020BASE_MOM,2026-09-05,LATEST_HISTORY_PROXY,PROXY,CURRENT_HISTORY_ONLY_NO_VINTAGE,false,true,true
2011-07-31,2011-07,0.9230769186,0.9230769186,%环比(非level),M,IIP_FRED_MOM,FRED(OECD转载经产省),VALIDATED_MIRROR,,IIP2020BASE_MOM,2026-09-05,LATEST_HISTORY_PROXY,PROXY,CURRENT_HISTORY_ONLY_NO_VINTAGE,false,true,true
2011-08-31,2011-08,1.5243902399,1.5243902399,%环比(非level),M,IIP_FRED_MOM,FRED(OECD转载经产省),VALIDATED_MIRROR,,IIP2020BASE_MOM,2026-09-05,LATEST_HISTORY_PROXY,PROXY,CURRENT_HISTORY_ONLY_NO_VINTAGE,false,true,true
2011-09-30,2011-09,-0.6006005912,-0.6006005912,%环比(非level),M,IIP_FRED_MOM,FRED(OECD转载经产省),VALIDATED_MIRROR,,IIP2020BASE_MOM,2026-09-05,LATEST_HISTORY_PROXY,PROXY,CURRENT_HISTORY_ONLY_NO_VINTAGE,false,true,true
2011-10-31,2011-10,1.611278947,1.611278947,%环比(非level),M,IIP_FRED_MOM,FRED(OECD转载经产省),VALIDATED_MIRROR,,IIP2020BASE_MOM,2026-09-05,LATEST_HISTORY_PROXY,PROXY,CURRENT_HISTORY_ONLY_NO_VINTAGE,false,true,true
2011-11-30,2011-11,-1.9821605626,-1.9821605626,%环比(非level),M,IIP_FRED_MOM,FRED(OECD转载经产省),VALIDATED_MIRROR,,IIP2020BASE_MOM,2026-09-05,LATEST_HISTORY_PROXY,PROXY,CURRENT_HISTORY_ONLY_NO_VINTAGE,false,true,true
2011-12-31,2011-12,2.0222446995,2.0222446995,%环比(非level),M,IIP_FRED_MOM,FRED(OECD转载经产省),VALIDATED_MIRROR,,IIP2020BASE_MOM,2026-09-05,LATEST_HISTORY_PROXY,PROXY,CURRENT_HISTORY_ONLY_NO_VINTAGE,false,true,true
2012-01-31,2012-01,0.2973240883,0.2973240883,%环比(非level),M,IIP_FRED_MOM,FRED(OECD转载经产省),VALIDATED_MIRROR,,IIP2020BASE_MOM,2026-09-05,LATEST_HISTORY_PROXY,PROXY,CURRENT_HISTORY_ONLY_NO_VINTAGE,false,true,true
2012-02-29,2012-02,-0.1976284554,-0.1976284554,%环比(非level),M,IIP_FRED_MOM,FRED(OECD转载经产省),VALIDATED_MIRROR,,IIP2020BASE_MOM,2026-09-05,LATEST_HISTORY_PROXY,PROXY,CURRENT_HISTORY_ONLY_NO_VINTAGE,false,true,true
2012-03-31,2012-03,-0.1980198085,-0.1980198085,%环比(非level),M,IIP_FRED_MOM,FRED(OECD转载经产省),VALIDATED_MIRROR,,IIP2020BASE_MOM,2026-09-05,LATEST_HISTORY_PROXY,PROXY,CURRENT_HISTORY_ONLY_NO_VINTAGE,false,true,true
2012-04-30,2012-04,-0.4960317383,-0.4960317383,%环比(非level),M,IIP_FRED_MOM,FRED(OECD转载经产省),VALIDATED_MIRROR,,IIP2020BASE_MOM,2026-09-05,LATEST_HISTORY_PROXY,PROXY,CURRENT_HISTORY_ONLY_NO_VINTAGE,false,true,true
2012-05-31,2012-05,-1.7946161524,-1.7946161524,%环比(非level),M,IIP_FRED_MOM,FRED(OECD转载经产省),VALIDATED_MIRROR,,IIP2020BASE_MOM,2026-09-05,LATEST_HISTORY_PROXY,PROXY,CURRENT_HISTORY_ONLY_NO_VINTAGE,false,true,true
2012-06-30,2012-06,-0.7106598972,-0.7106598972,%环比(非level),M,IIP_FRED_MOM,FRED(OECD转载经产省),VALIDATED_MIRROR,,IIP2020BASE_MOM,2026-09-05,LATEST_HISTORY_PROXY,PROXY,CURRENT_HISTORY_ONLY_NO_VINTAGE,false,true,true
2012-07-31,2012-07,-0.5112474556,-0.5112474556,%环比(非level),M,IIP_FRED_MOM,FRED(OECD转载经产省),VALIDATED_MIRROR,,IIP2020BASE_MOM,2026-09-05,LATEST_HISTORY_PROXY,PROXY,CURRENT_HISTORY_ONLY_NO_VINTAGE,false,true,true
2012-08-31,2012-08,-1.2332990658,-1.2332990658,%环比(非level),M,IIP_FRED_MOM,FRED(OECD转载经产省),VALIDATED_MIRROR,,IIP2020BASE_MOM,2026-09-05,LATEST_HISTORY_PROXY,PROXY,CURRENT_HISTORY_ONLY_NO_VINTAGE,false,true,true
2012-09-30,2012-09,-2.1852237315,-2.1852237315,%环比(非level),M,IIP_FRED_MOM,FRED(OECD转载经产省),VALIDATED_MIRROR,,IIP2020BASE_MOM,2026-09-05,LATEST_HISTORY_PROXY,PROXY,CURRENT_HISTORY_ONLY_NO_VINTAGE,false,true,true
2012-10-31,2012-10,0.3191489415,0.3191489415,%环比(非level),M,IIP_FRED_MOM,FRED(OECD转载经产省),VALIDATED_MIRROR,,IIP2020BASE_MOM,2026-09-05,LATEST_HISTORY_PROXY,PROXY,CURRENT_HISTORY_ONLY_NO_VINTAGE,false,true,true
2012-11-30,2012-11,-0.7423117696,-0.7423117696,%环比(非level),M,IIP_FRED_MOM,FRED(OECD转载经产省),VALIDATED_MIRROR,,IIP2020BASE_MOM,2026-09-05,LATEST_HISTORY_PROXY,PROXY,CURRENT_HISTORY_ONLY_NO_VINTAGE,false,true,true
2012-12-31,2012-12,1.3888888879,1.3888888879,%环比(非level),M,IIP_FRED_MOM,FRED(OECD转载经产省),VALIDATED_MIRROR,,IIP2020BASE_MOM,2026-09-05,LATEST_HISTORY_PROXY,PROXY,CURRENT_HISTORY_ONLY_NO_VINTAGE,false,true,true
2013-01-31,2013-01,-2.0671540862,-2.0671540862,%环比(非level),M,IIP_FRED_MOM,FRED(OECD转载经产省),VALIDATED_MIRROR,,IIP2020BASE_MOM,2026-09-05,LATEST_HISTORY_PROXY,PROXY,CURRENT_HISTORY_ONLY_NO_VINTAGE,false,true,true
2013-02-28,2013-02,1.6771488472,1.6771488472,%环比(非level),M,IIP_FRED_MOM,FRED(OECD转载经产省),VALIDATED_MIRROR,,IIP2020BASE_MOM,2026-09-05,LATEST_HISTORY_PROXY,PROXY,CURRENT_HISTORY_ONLY_NO_VINTAGE,false,true,true
2013-03-31,2013-03,0.9278350536,0.9278350536,%环比(非level),M,IIP_FRED_MOM,FRED(OECD转载经产省),VALIDATED_MIRROR,,IIP2020BASE_MOM,2026-09-05,LATEST_HISTORY_PROXY,PROXY,CURRENT_HISTORY_ONLY_NO_VINTAGE,false,true,true
2013-04-30,2013-04,0.2042900856,0.2042900856,%环比(非level),M,IIP_FRED_MOM,FRED(OECD转载经产省),VALIDATED_MIRROR,,IIP2020BASE_MOM,2026-09-05,LATEST_HISTORY_PROXY,PROXY,CURRENT_HISTORY_ONLY_NO_VINTAGE,false,true,true
2013-05-31,2013-05,1.5290519912,1.5290519912,%环比(非level),M,IIP_FRED_MOM,FRED(OECD转载经产省),VALIDATED_MIRROR,,IIP2020BASE_MOM,2026-09-05,LATEST_HISTORY_PROXY,PROXY,CURRENT_HISTORY_ONLY_NO_VINTAGE,false,true,true
2013-06-30,2013-06,-1.0040160631,-1.0040160631,%环比(非level),M,IIP_FRED_MOM,FRED(OECD转载经产省),VALIDATED_MIRROR,,IIP2020BASE_MOM,2026-09-05,LATEST_HISTORY_PROXY,PROXY,CURRENT_HISTORY_ONLY_NO_VINTAGE,false,true,true
2013-07-31,2013-07,1.5212981778,1.5212981778,%环比(非level),M,IIP_FRED_MOM,FRED(OECD转载经产省),VALIDATED_MIRROR,,IIP2020BASE_MOM,2026-09-05,LATEST_HISTORY_PROXY,PROXY,CURRENT_HISTORY_ONLY_NO_VINTAGE,false,true,true
2013-08-31,2013-08,0.2997003003,0.2997003003,%环比(非level),M,IIP_FRED_MOM,FRED(OECD转载经产省),VALIDATED_MIRROR,,IIP2020BASE_MOM,2026-09-05,LATEST_HISTORY_PROXY,PROXY,CURRENT_HISTORY_ONLY_NO_VINTAGE,false,true,true
2013-09-30,2013-09,0.7968127441,0.7968127441,%环比(非level),M,IIP_FRED_MOM,FRED(OECD转载经产省),VALIDATED_MIRROR,,IIP2020BASE_MOM,2026-09-05,LATEST_HISTORY_PROXY,PROXY,CURRENT_HISTORY_ONLY_NO_VINTAGE,false,true,true
2013-10-31,2013-10,0.2964426884,0.2964426884,%环比(非level),M,IIP_FRED_MOM,FRED(OECD转载经产省),VALIDATED_MIRROR,,IIP2020BASE_MOM,2026-09-05,LATEST_HISTORY_PROXY,PROXY,CURRENT_HISTORY_ONLY_NO_VINTAGE,false,true,true
2013-11-30,2013-11,0.3940886675,0.3940886675,%环比(非level),M,IIP_FRED_MOM,FRED(OECD转载经产省),VALIDATED_MIRROR,,IIP2020BASE_MOM,2026-09-05,LATEST_HISTORY_PROXY,PROXY,CURRENT_HISTORY_ONLY_NO_VINTAGE,false,true,true
2013-12-31,2013-12,0.0,0.0,%环比(非level),M,IIP_FRED_MOM,FRED(OECD转载经产省),VALIDATED_MIRROR,,IIP2020BASE_MOM,2026-09-05,LATEST_HISTORY_PROXY,PROXY,CURRENT_HISTORY_ONLY_NO_VINTAGE,false,true,true
2014-01-31,2014-01,1.6683022641,1.6683022641,%环比(非level),M,IIP_FRED_MOM,FRED(OECD转载经产省),VALIDATED_MIRROR,,IIP2020BASE_MOM,2026-09-05,LATEST_HISTORY_PROXY,PROXY,CURRENT_HISTORY_ONLY_NO_VINTAGE,false,true,true
2014-02-28,2014-02,-0.6756756739,-0.6756756739,%环比(非level),M,IIP_FRED_MOM,FRED(OECD转载经产省),VALIDATED_MIRROR,,IIP2020BASE_MOM,2026-09-05,LATEST_HISTORY_PROXY,PROXY,CURRENT_HISTORY_ONLY_NO_VINTAGE,false,true,true
2014-03-31,2014-03,1.3605442141,1.3605442141,%环比(非level),M,IIP_FRED_MOM,FRED(OECD转载经产省),VALIDATED_MIRROR,,IIP2020BASE_MOM,2026-09-05,LATEST_HISTORY_PROXY,PROXY,CURRENT_HISTORY_ONLY_NO_VINTAGE,false,true,true
2014-04-30,2014-04,-4.3144774686,-4.3144774686,%环比(非level),M,IIP_FRED_MOM,FRED(OECD转载经产省),VALIDATED_MIRROR,,IIP2020BASE_MOM,2026-09-05,LATEST_HISTORY_PROXY,PROXY,CURRENT_HISTORY_ONLY_NO_VINTAGE,false,true,true
2014-05-31,2014-05,2.1042084114,2.1042084114,%环比(非level),M,IIP_FRED_MOM,FRED(OECD转载经产省),VALIDATED_MIRROR,,IIP2020BASE_MOM,2026-09-05,LATEST_HISTORY_PROXY,PROXY,CURRENT_HISTORY_ONLY_NO_VINTAGE,false,true,true
2014-06-30,2014-06,-1.2757605491,-1.2757605491,%环比(非level),M,IIP_FRED_MOM,FRED(OECD转载经产省),VALIDATED_MIRROR,,IIP2020BASE_MOM,2026-09-05,LATEST_HISTORY_PROXY,PROXY,CURRENT_HISTORY_ONLY_NO_VINTAGE,false,true,true
2014-07-31,2014-07,-0.1988071509,-0.1988071509,%环比(非level),M,IIP_FRED_MOM,FRED(OECD转载经产省),VALIDATED_MIRROR,,IIP2020BASE_MOM,2026-09-05,LATEST_HISTORY_PROXY,PROXY,CURRENT_HISTORY_ONLY_NO_VINTAGE,false,true,true
2014-08-31,2014-08,-0.8964143545,-0.8964143545,%环比(非level),M,IIP_FRED_MOM,FRED(OECD转载经产省),VALIDATED_MIRROR,,IIP2020BASE_MOM,2026-09-05,LATEST_HISTORY_PROXY,PROXY,CURRENT_HISTORY_ONLY_NO_VINTAGE,false,true,true
2014-09-30,2014-09,1.1055276441,1.1055276441,%环比(非level),M,IIP_FRED_MOM,FRED(OECD转载经产省),VALIDATED_MIRROR,,IIP2020BASE_MOM,2026-09-05,LATEST_HISTORY_PROXY,PROXY,CURRENT_HISTORY_ONLY_NO_VINTAGE,false,true,true
2014-10-31,2014-10,0.0,0.0,%环比(非level),M,IIP_FRED_MOM,FRED(OECD转载经产省),VALIDATED_MIRROR,,IIP2020BASE_MOM,2026-09-05,LATEST_HISTORY_PROXY,PROXY,CURRENT_HISTORY_ONLY_NO_VINTAGE,false,true,true
2014-11-30,2014-11,0.0,0.0,%环比(非level),M,IIP_FRED_MOM,FRED(OECD转载经产省),VALIDATED_MIRROR,,IIP2020BASE_MOM,2026-09-05,LATEST_HISTORY_PROXY,PROXY,CURRENT_HISTORY_ONLY_NO_VINTAGE,false,true,true
2014-12-31,2014-12,-0.3976143117,-0.3976143117,%环比(非level),M,IIP_FRED_MOM,FRED(OECD转载经产省),VALIDATED_MIRROR,,IIP2020BASE_MOM,2026-09-05,LATEST_HISTORY_PROXY,PROXY,CURRENT_HISTORY_ONLY_NO_VINTAGE,false,true,true
2015-01-31,2015-01,2.4950099822,2.4950099822,%环比(非level),M,IIP_FRED_MOM,FRED(OECD转载经产省),VALIDATED_MIRROR,,IIP2020BASE_MOM,2026-09-05,LATEST_HISTORY_PROXY,PROXY,CURRENT_HISTORY_ONLY_NO_VINTAGE,false,true,true
2015-02-28,2015-02,-2.8237585196,-2.8237585196,%环比(非level),M,IIP_FRED_MOM,FRED(OECD转载经产省),VALIDATED_MIRROR,,IIP2020BASE_MOM,2026-09-05,LATEST_HISTORY_PROXY,PROXY,CURRENT_HISTORY_ONLY_NO_VINTAGE,false,true,true
2015-03-31,2015-03,-0.5010020084,-0.5010020084,%环比(非level),M,IIP_FRED_MOM,FRED(OECD转载经产省),VALIDATED_MIRROR,,IIP2020BASE_MOM,2026-09-05,LATEST_HISTORY_PROXY,PROXY,CURRENT_HISTORY_ONLY_NO_VINTAGE,false,true,true
2015-04-30,2015-04,0.4028197458,0.4028197458,%环比(非level),M,IIP_FRED_MOM,FRED(OECD转载经产省),VALIDATED_MIRROR,,IIP2020BASE_MOM,2026-09-05,LATEST_HISTORY_PROXY,PROXY,CURRENT_HISTORY_ONLY_NO_VINTAGE,false,true,true
2015-05-31,2015-05,0.0,0.0,%环比(非level),M,IIP_FRED_MOM,FRED(OECD转载经产省),VALIDATED_MIRROR,,IIP2020BASE_MOM,2026-09-05,LATEST_HISTORY_PROXY,PROXY,CURRENT_HISTORY_ONLY_NO_VINTAGE,false,true,true
2015-06-30,2015-06,0.8024072167,0.8024072167,%环比(非level),M,IIP_FRED_MOM,FRED(OECD转载经产省),VALIDATED_MIRROR,,IIP2020BASE_MOM,2026-09-05,LATEST_HISTORY_PROXY,PROXY,CURRENT_HISTORY_ONLY_NO_VINTAGE,false,true,true
2015-07-31,2015-07,-0.0995024845,-0.0995024845,%环比(非level),M,IIP_FRED_MOM,FRED(OECD转载经产省),VALIDATED_MIRROR,,IIP2020BASE_MOM,2026-09-05,LATEST_HISTORY_PROXY,PROXY,CURRENT_HISTORY_ONLY_NO_VINTAGE,false,true,true
2015-08-31,2015-08,-1.5936255081,-1.5936255081,%环比(非level),M,IIP_FRED_MOM,FRED(OECD转载经产省),VALIDATED_MIRROR,,IIP2020BASE_MOM,2026-09-05,LATEST_HISTORY_PROXY,PROXY,CURRENT_HISTORY_ONLY_NO_VINTAGE,false,true,true
2015-09-30,2015-09,1.7206477805,1.7206477805,%环比(非level),M,IIP_FRED_MOM,FRED(OECD转载经产省),VALIDATED_MIRROR,,IIP2020BASE_MOM,2026-09-05,LATEST_HISTORY_PROXY,PROXY,CURRENT_HISTORY_ONLY_NO_VINTAGE,false,true,true
2015-10-31,2015-10,0.0995024845,0.0995024845,%环比(非level),M,IIP_FRED_MOM,FRED(OECD转载经产省),VALIDATED_MIRROR,,IIP2020BASE_MOM,2026-09-05,LATEST_HISTORY_PROXY,PROXY,CURRENT_HISTORY_ONLY_NO_VINTAGE,false,true,true
2015-11-30,2015-11,-0.5964214725,-0.5964214725,%环比(非level),M,IIP_FRED_MOM,FRED(OECD转载经产省),VALIDATED_MIRROR,,IIP2020BASE_MOM,2026-09-05,LATEST_HISTORY_PROXY,PROXY,CURRENT_HISTORY_ONLY_NO_VINTAGE,false,true,true
2015-12-31,2015-12,-1.9000000009,-1.9000000009,%环比(非level),M,IIP_FRED_MOM,FRED(OECD转载经产省),VALIDATED_MIRROR,,IIP2020BASE_MOM,2026-09-05,LATEST_HISTORY_PROXY,PROXY,CURRENT_HISTORY_ONLY_NO_VINTAGE,false,true,true
2016-01-31,2016-01,2.2426095837,2.2426095837,%环比(非level),M,IIP_FRED_MOM,FRED(OECD转载经产省),VALIDATED_MIRROR,,IIP2020BASE_MOM,2026-09-05,LATEST_HISTORY_PROXY,PROXY,CURRENT_HISTORY_ONLY_NO_VINTAGE,false,true,true
2016-02-29,2016-02,-0.7976071836,-0.7976071836,%环比(非level),M,IIP_FRED_MOM,FRED(OECD转载经产省),VALIDATED_MIRROR,,IIP2020BASE_MOM,2026-09-05,LATEST_HISTORY_PROXY,PROXY,CURRENT_HISTORY_ONLY_NO_VINTAGE,false,true,true
2016-03-31,2016-03,0.4020100579,0.4020100579,%环比(非level),M,IIP_FRED_MOM,FRED(OECD转载经产省),VALIDATED_MIRROR,,IIP2020BASE_MOM,2026-09-05,LATEST_HISTORY_PROXY,PROXY,CURRENT_HISTORY_ONLY_NO_VINTAGE,false,true,true
2016-04-30,2016-04,-0.7007006989,-0.7007006989,%环比(非level),M,IIP_FRED_MOM,FRED(OECD转载经产省),VALIDATED_MIRROR,,IIP2020BASE_MOM,2026-09-05,LATEST_HISTORY_PROXY,PROXY,CURRENT_HISTORY_ONLY_NO_VINTAGE,false,true,true
2016-05-31,2016-05,-0.5040322524,-0.5040322524,%环比(非level),M,IIP_FRED_MOM,FRED(OECD转载经产省),VALIDATED_MIRROR,,IIP2020BASE_MOM,2026-09-05,LATEST_HISTORY_PROXY,PROXY,CURRENT_HISTORY_ONLY_NO_VINTAGE,false,true,true
2016-06-30,2016-06,0.5065856073,0.5065856073,%环比(非level),M,IIP_FRED_MOM,FRED(OECD转载经产省),VALIDATED_MIRROR,,IIP2020BASE_MOM,2026-09-05,LATEST_HISTORY_PROXY,PROXY,CURRENT_HISTORY_ONLY_NO_VINTAGE,false,true,true
2016-07-31,2016-07,0.5040322625,0.5040322625,%环比(非level),M,IIP_FRED_MOM,FRED(OECD转载经产省),VALIDATED_MIRROR,,IIP2020BASE_MOM,2026-09-05,LATEST_HISTORY_PROXY,PROXY,CURRENT_HISTORY_ONLY_NO_VINTAGE,false,true,true
2016-08-31,2016-08,0.9027081163,0.9027081163,%环比(非level),M,IIP_FRED_MOM,FRED(OECD转载经产省),VALIDATED_MIRROR,,IIP2020BASE_MOM,2026-09-05,LATEST_HISTORY_PROXY,PROXY,CURRENT_HISTORY_ONLY_NO_VINTAGE,false,true,true
2016-09-30,2016-09,0.3976143117,0.3976143117,%环比(非level),M,IIP_FRED_MOM,FRED(OECD转载经产省),VALIDATED_MIRROR,,IIP2020BASE_MOM,2026-09-05,LATEST_HISTORY_PROXY,PROXY,CURRENT_HISTORY_ONLY_NO_VINTAGE,false,true,true
2016-10-31,2016-10,0.0990099078,0.0990099078,%环比(非level),M,IIP_FRED_MOM,FRED(OECD转载经产省),VALIDATED_MIRROR,,IIP2020BASE_MOM,2026-09-05,LATEST_HISTORY_PROXY,PROXY,CURRENT_HISTORY_ONLY_NO_VINTAGE,false,true,true
2016-11-30,2016-11,0.9891196823,0.9891196823,%环比(非level),M,IIP_FRED_MOM,FRED(OECD转载经产省),VALIDATED_MIRROR,,IIP2020BASE_MOM,2026-09-05,LATEST_HISTORY_PROXY,PROXY,CURRENT_HISTORY_ONLY_NO_VINTAGE,false,true,true
2016-12-31,2016-12,-0.587659159,-0.587659159,%环比(非level),M,IIP_FRED_MOM,FRED(OECD转载经产省),VALIDATED_MIRROR,,IIP2020BASE_MOM,2026-09-05,LATEST_HISTORY_PROXY,PROXY,CURRENT_HISTORY_ONLY_NO_VINTAGE,false,true,true
2017-01-31,2017-01,-0.7881773351,-0.7881773351,%环比(非level),M,IIP_FRED_MOM,FRED(OECD转载经产省),VALIDATED_MIRROR,,IIP2020BASE_MOM,2026-09-05,LATEST_HISTORY_PROXY,PROXY,CURRENT_HISTORY_ONLY_NO_VINTAGE,false,true,true
2017-02-28,2017-02,0.6951340598,0.6951340598,%环比(非level),M,IIP_FRED_MOM,FRED(OECD转载经产省),VALIDATED_MIRROR,,IIP2020BASE_MOM,2026-09-05,LATEST_HISTORY_PROXY,PROXY,CURRENT_HISTORY_ONLY_NO_VINTAGE,false,true,true
2017-03-31,2017-03,0.0986193263,0.0986193263,%环比(非level),M,IIP_FRED_MOM,FRED(OECD转载经产省),VALIDATED_MIRROR,,IIP2020BASE_MOM,2026-09-05,LATEST_HISTORY_PROXY,PROXY,CURRENT_HISTORY_ONLY_NO_VINTAGE,false,true,true
2017-04-30,2017-04,2.2660098506,2.2660098506,%环比(非level),M,IIP_FRED_MOM,FRED(OECD转载经产省),VALIDATED_MIRROR,,IIP2020BASE_MOM,2026-09-05,LATEST_HISTORY_PROXY,PROXY,CURRENT_HISTORY_ONLY_NO_VINTAGE,false,true,true
2017-05-31,2017-05,-1.5414258095,-1.5414258095,%环比(非level),M,IIP_FRED_MOM,FRED(OECD转载经产省),VALIDATED_MIRROR,,IIP2020BASE_MOM,2026-09-05,LATEST_HISTORY_PROXY,PROXY,CURRENT_HISTORY_ONLY_NO_VINTAGE,false,true,true
2017-06-30,2017-06,0.7827788503,0.7827788503,%环比(非level),M,IIP_FRED_MOM,FRED(OECD转载经产省),VALIDATED_MIRROR,,IIP2020BASE_MOM,2026-09-05,LATEST_HISTORY_PROXY,PROXY,CURRENT_HISTORY_ONLY_NO_VINTAGE,false,true,true
2017-07-31,2017-07,-0.4854368878,-0.4854368878,%环比(非level),M,IIP_FRED_MOM,FRED(OECD转载经产省),VALIDATED_MIRROR,,IIP2020BASE_MOM,2026-09-05,LATEST_HISTORY_PROXY,PROXY,CURRENT_HISTORY_ONLY_NO_VINTAGE,false,true,true
2017-08-31,2017-08,1.2682926825,1.2682926825,%环比(非level),M,IIP_FRED_MOM,FRED(OECD转载经产省),VALIDATED_MIRROR,,IIP2020BASE_MOM,2026-09-05,LATEST_HISTORY_PROXY,PROXY,CURRENT_HISTORY_ONLY_NO_VINTAGE,false,true,true
2017-09-30,2017-09,-1.1560693667,-1.1560693667,%环比(非level),M,IIP_FRED_MOM,FRED(OECD转载经产省),VALIDATED_MIRROR,,IIP2020BASE_MOM,2026-09-05,LATEST_HISTORY_PROXY,PROXY,CURRENT_HISTORY_ONLY_NO_VINTAGE,false,true,true
2017-10-31,2017-10,0.5847953327,0.5847953327,%环比(非level),M,IIP_FRED_MOM,FRED(OECD转载经产省),VALIDATED_MIRROR,,IIP2020BASE_MOM,2026-09-05,LATEST_HISTORY_PROXY,PROXY,CURRENT_HISTORY_ONLY_NO_VINTAGE,false,true,true
2017-11-30,2017-11,0.775193784,0.775193784,%环比(非level),M,IIP_FRED_MOM,FRED(OECD转载经产省),VALIDATED_MIRROR,,IIP2020BASE_MOM,2026-09-05,LATEST_HISTORY_PROXY,PROXY,CURRENT_HISTORY_ONLY_NO_VINTAGE,false,true,true
2017-12-31,2017-12,1.4423076956,1.4423076956,%环比(非level),M,IIP_FRED_MOM,FRED(OECD转载经产省),VALIDATED_MIRROR,,IIP2020BASE_MOM,2026-09-05,LATEST_HISTORY_PROXY,PROXY,CURRENT_HISTORY_ONLY_NO_VINTAGE,false,true,true
2018-01-31,2018-01,-3.2337626636,-3.2337626636,%环比(非level),M,IIP_FRED_MOM,FRED(OECD转载经产省),VALIDATED_MIRROR,,IIP2020BASE_MOM,2026-09-05,LATEST_HISTORY_PROXY,PROXY,CURRENT_HISTORY_ONLY_NO_VINTAGE,false,true,true
2018-02-28,2018-02,1.962533455,1.962533455,%环比(非level),M,IIP_FRED_MOM,FRED(OECD转载经产省),VALIDATED_MIRROR,,IIP2020BASE_MOM,2026-09-05,LATEST_HISTORY_PROXY,PROXY,CURRENT_HISTORY_ONLY_NO_VINTAGE,false,true,true
2018-03-31,2018-03,0.962379699,0.962379699,%环比(非level),M,IIP_FRED_MOM,FRED(OECD转载经产省),VALIDATED_MIRROR,,IIP2020BASE_MOM,2026-09-05,LATEST_HISTORY_PROXY,PROXY,CURRENT_HISTORY_ONLY_NO_VINTAGE,false,true,true
2018-04-30,2018-04,-1.2131715779,-1.2131715779,%环比(非level),M,IIP_FRED_MOM,FRED(OECD转载经产省),VALIDATED_MIRROR,,IIP2020BASE_MOM,2026-09-05,LATEST_HISTORY_PROXY,PROXY,CURRENT_HISTORY_ONLY_NO_VINTAGE,false,true,true
2018-05-31,2018-05,0.263157899,0.263157899,%环比(非level),M,IIP_FRED_MOM,FRED(OECD转载经产省),VALIDATED_MIRROR,,IIP2020BASE_MOM,2026-09-05,LATEST_HISTORY_PROXY,PROXY,CURRENT_HISTORY_ONLY_NO_VINTAGE,false,true,true
2018-06-30,2018-06,-0.4374453265,-0.4374453265,%环比(非level),M,IIP_FRED_MOM,FRED(OECD转载经产省),VALIDATED_MIRROR,,IIP2020BASE_MOM,2026-09-05,LATEST_HISTORY_PROXY,PROXY,CURRENT_HISTORY_ONLY_NO_VINTAGE,false,true,true
2018-07-31,2018-07,-0.1757469177,-0.1757469177,%环比(非level),M,IIP_FRED_MOM,FRED(OECD转载经产省),VALIDATED_MIRROR,,IIP2020BASE_MOM,2026-09-05,LATEST_HISTORY_PROXY,PROXY,CURRENT_HISTORY_ONLY_NO_VINTAGE,false,true,true
2018-08-31,2018-08,0.3521126721,0.3521126721,%环比(非level),M,IIP_FRED_MOM,FRED(OECD转载经产省),VALIDATED_MIRROR,,IIP2020BASE_MOM,2026-09-05,LATEST_HISTORY_PROXY,PROXY,CURRENT_HISTORY_ONLY_NO_VINTAGE,false,true,true
2018-09-30,2018-09,-1.6666666651,-1.6666666651,%环比(非level),M,IIP_FRED_MOM,FRED(OECD转载经产省),VALIDATED_MIRROR,,IIP2020BASE_MOM,2026-09-05,LATEST_HISTORY_PROXY,PROXY,CURRENT_HISTORY_ONLY_NO_VINTAGE,false,true,true
2018-10-31,2018-10,3.6574487076,3.6574487076,%环比(非level),M,IIP_FRED_MOM,FRED(OECD转载经产省),VALIDATED_MIRROR,,IIP2020BASE_MOM,2026-09-05,LATEST_HISTORY_PROXY,PROXY,CURRENT_HISTORY_ONLY_NO_VINTAGE,false,true,true
2018-11-30,2018-11,-1.4629948415,-1.4629948415,%环比(非level),M,IIP_FRED_MOM,FRED(OECD转载经产省),VALIDATED_MIRROR,,IIP2020BASE_MOM,2026-09-05,LATEST_HISTORY_PROXY,PROXY,CURRENT_HISTORY_ONLY_NO_VINTAGE,false,true,true
2018-12-31,2018-12,0.087336246,0.087336246,%环比(非level),M,IIP_FRED_MOM,FRED(OECD转载经产省),VALIDATED_MIRROR,,IIP2020BASE_MOM,2026-09-05,LATEST_HISTORY_PROXY,PROXY,CURRENT_HISTORY_ONLY_NO_VINTAGE,false,true,true
2019-01-31,2019-01,-2.3560209427,-2.3560209427,%环比(非level),M,IIP_FRED_MOM,FRED(OECD转载经产省),VALIDATED_MIRROR,,IIP2020BASE_MOM,2026-09-05,LATEST_HISTORY_PROXY,PROXY,CURRENT_HISTORY_ONLY_NO_VINTAGE,false,true,true
2019-02-28,2019-02,1.5192135888,1.5192135888,%环比(非level),M,IIP_FRED_MOM,FRED(OECD转载经产省),VALIDATED_MIRROR,,IIP2020BASE_MOM,2026-09-05,LATEST_HISTORY_PROXY,PROXY,CURRENT_HISTORY_ONLY_NO_VINTAGE,false,true,true
2019-03-31,2019-03,-0.7922535244,-0.7922535244,%环比(非level),M,IIP_FRED_MOM,FRED(OECD转载经产省),VALIDATED_MIRROR,,IIP2020BASE_MOM,2026-09-05,LATEST_HISTORY_PROXY,PROXY,CURRENT_HISTORY_ONLY_NO_VINTAGE,false,true,true
2019-04-30,2019-04,-0.1774622922,-0.1774622922,%环比(非level),M,IIP_FRED_MOM,FRED(OECD转载经产省),VALIDATED_MIRROR,,IIP2020BASE_MOM,2026-09-05,LATEST_HISTORY_PROXY,PROXY,CURRENT_HISTORY_ONLY_NO_VINTAGE,false,true,true
2019-05-31,2019-05,1.0666666744,1.0666666744,%环比(非level),M,IIP_FRED_MOM,FRED(OECD转载经产省),VALIDATED_MIRROR,,IIP2020BASE_MOM,2026-09-05,LATEST_HISTORY_PROXY,PROXY,CURRENT_HISTORY_ONLY_NO_VINTAGE,false,true,true
2019-06-30,2019-06,-1.2313104669,-1.2313104669,%环比(非level),M,IIP_FRED_MOM,FRED(OECD转载经产省),VALIDATED_MIRROR,,IIP2020BASE_MOM,2026-09-05,LATEST_HISTORY_PROXY,PROXY,CURRENT_HISTORY_ONLY_NO_VINTAGE,false,true,true
2019-07-31,2019-07,-0.0890471965,-0.0890471965,%环比(非level),M,IIP_FRED_MOM,FRED(OECD转载经产省),VALIDATED_MIRROR,,IIP2020BASE_MOM,2026-09-05,LATEST_HISTORY_PROXY,PROXY,CURRENT_HISTORY_ONLY_NO_VINTAGE,false,true,true
2019-08-31,2019-08,-0.9803921631,-0.9803921631,%环比(非level),M,IIP_FRED_MOM,FRED(OECD转载经产省),VALIDATED_MIRROR,,IIP2020BASE_MOM,2026-09-05,LATEST_HISTORY_PROXY,PROXY,CURRENT_HISTORY_ONLY_NO_VINTAGE,false,true,true
2019-09-30,2019-09,1.1701170111,1.1701170111,%环比(非level),M,IIP_FRED_MOM,FRED(OECD转载经产省),VALIDATED_MIRROR,,IIP2020BASE_MOM,2026-09-05,LATEST_HISTORY_PROXY,PROXY,CURRENT_HISTORY_ONLY_NO_VINTAGE,false,true,true
2019-10-31,2019-10,-3.558718861,-3.558718861,%环比(非level),M,IIP_FRED_MOM,FRED(OECD转载经产省),VALIDATED_MIRROR,,IIP2020BASE_MOM,2026-09-05,LATEST_HISTORY_PROXY,PROXY,CURRENT_HISTORY_ONLY_NO_VINTAGE,false,true,true
2019-11-30,2019-11,-0.7380073719,-0.7380073719,%环比(非level),M,IIP_FRED_MOM,FRED(OECD转载经产省),VALIDATED_MIRROR,,IIP2020BASE_MOM,2026-09-05,LATEST_HISTORY_PROXY,PROXY,CURRENT_HISTORY_ONLY_NO_VINTAGE,false,true,true
2019-12-31,2019-12,0.3717472078,0.3717472078,%环比(非level),M,IIP_FRED_MOM,FRED(OECD转载经产省),VALIDATED_MIRROR,,IIP2020BASE_MOM,2026-09-05,LATEST_HISTORY_PROXY,PROXY,CURRENT_HISTORY_ONLY_NO_VINTAGE,false,true,true
2020-01-31,2020-01,0.0925925941,0.0925925941,%环比(非level),M,IIP_FRED_MOM,FRED(OECD转载经产省),VALIDATED_MIRROR,,IIP2020BASE_MOM,2026-09-05,LATEST_HISTORY_PROXY,PROXY,CURRENT_HISTORY_ONLY_NO_VINTAGE,false,true,true
2020-02-29,2020-02,-2.4976873268,-2.4976873268,%环比(非level),M,IIP_FRED_MOM,FRED(OECD转载经产省),VALIDATED_MIRROR,,IIP2020BASE_MOM,2026-09-05,LATEST_HISTORY_PROXY,PROXY,CURRENT_HISTORY_ONLY_NO_VINTAGE,false,true,true
2020-03-31,2020-03,0.0948766619,0.0948766619,%环比(非level),M,IIP_FRED_MOM,FRED(OECD转载经产省),VALIDATED_MIRROR,,IIP2020BASE_MOM,2026-09-05,LATEST_HISTORY_PROXY,PROXY,CURRENT_HISTORY_ONLY_NO_VINTAGE,false,true,true
2020-04-30,2020-04,-9.3838862531,-9.3838862531,%环比(非level),M,IIP_FRED_MOM,FRED(OECD转载经产省),VALIDATED_MIRROR,,IIP2020BASE_MOM,2026-09-05,LATEST_HISTORY_PROXY,PROXY,CURRENT_HISTORY_ONLY_NO_VINTAGE,false,true,true
2020-05-31,2020-05,-8.4728033476,-8.4728033476,%环比(非level),M,IIP_FRED_MOM,FRED(OECD转载经产省),VALIDATED_MIRROR,,IIP2020BASE_MOM,2026-09-05,LATEST_HISTORY_PROXY,PROXY,CURRENT_HISTORY_ONLY_NO_VINTAGE,false,true,true
2020-06-30,2020-06,2.7428571374,2.7428571374,%环比(非level),M,IIP_FRED_MOM,FRED(OECD转载经产省),VALIDATED_MIRROR,,IIP2020BASE_MOM,2026-09-05,LATEST_HISTORY_PROXY,PROXY,CURRENT_HISTORY_ONLY_NO_VINTAGE,false,true,true
2020-07-31,2020-07,5.6729699618,5.6729699618,%环比(非level),M,IIP_FRED_MOM,FRED(OECD转载经产省),VALIDATED_MIRROR,,IIP2020BASE_MOM,2026-09-05,LATEST_HISTORY_PROXY,PROXY,CURRENT_HISTORY_ONLY_NO_VINTAGE,false,true,true
2020-08-31,2020-08,2.9473684232,2.9473684232,%环比(非level),M,IIP_FRED_MOM,FRED(OECD转载经产省),VALIDATED_MIRROR,,IIP2020BASE_MOM,2026-09-05,LATEST_HISTORY_PROXY,PROXY,CURRENT_HISTORY_ONLY_NO_VINTAGE,false,true,true
2020-09-30,2020-09,2.1472392653,2.1472392653,%环比(非level),M,IIP_FRED_MOM,FRED(OECD转载经产省),VALIDATED_MIRROR,,IIP2020BASE_MOM,2026-09-05,LATEST_HISTORY_PROXY,PROXY,CURRENT_HISTORY_ONLY_NO_VINTAGE,false,true,true
2020-10-31,2020-10,4.6046046031,4.6046046031,%环比(非level),M,IIP_FRED_MOM,FRED(OECD转载经产省),VALIDATED_MIRROR,,IIP2020BASE_MOM,2026-09-05,LATEST_HISTORY_PROXY,PROXY,CURRENT_HISTORY_ONLY_NO_VINTAGE,false,true,true
2020-11-30,2020-11,-0.7655502413,-0.7655502413,%环比(非level),M,IIP_FRED_MOM,FRED(OECD转载经产省),VALIDATED_MIRROR,,IIP2020BASE_MOM,2026-09-05,LATEST_HISTORY_PROXY,PROXY,CURRENT_HISTORY_ONLY_NO_VINTAGE,false,true,true
2020-12-31,2020-12,-0.0964320064,-0.0964320064,%环比(非level),M,IIP_FRED_MOM,FRED(OECD转载经产省),VALIDATED_MIRROR,,IIP2020BASE_MOM,2026-09-05,LATEST_HISTORY_PROXY,PROXY,CURRENT_HISTORY_ONLY_NO_VINTAGE,false,true,true
2021-01-31,2021-01,2.7027026938,2.7027026938,%环比(非level),M,IIP_FRED_MOM,FRED(OECD转载经产省),VALIDATED_MIRROR,,IIP2020BASE_MOM,2026-09-05,LATEST_HISTORY_PROXY,PROXY,CURRENT_HISTORY_ONLY_NO_VINTAGE,false,true,true
2021-02-28,2021-02,-0.8458646549,-0.8458646549,%环比(非level),M,IIP_FRED_MOM,FRED(OECD转载经产省),VALIDATED_MIRROR,,IIP2020BASE_MOM,2026-09-05,LATEST_HISTORY_PROXY,PROXY,CURRENT_HISTORY_ONLY_NO_VINTAGE,false,true,true
2021-03-31,2021-03,0.6635071094,0.6635071094,%环比(非level),M,IIP_FRED_MOM,FRED(OECD转载经产省),VALIDATED_MIRROR,,IIP2020BASE_MOM,2026-09-05,LATEST_HISTORY_PROXY,PROXY,CURRENT_HISTORY_ONLY_NO_VINTAGE,false,true,true
2021-04-30,2021-04,2.071563081,2.071563081,%环比(非level),M,IIP_FRED_MOM,FRED(OECD转载经产省),VALIDATED_MIRROR,,IIP2020BASE_MOM,2026-09-05,LATEST_HISTORY_PROXY,PROXY,CURRENT_HISTORY_ONLY_NO_VINTAGE,false,true,true
2021-05-31,2021-05,-4.1512915101,-4.1512915101,%环比(非level),M,IIP_FRED_MOM,FRED(OECD转载经产省),VALIDATED_MIRROR,,IIP2020BASE_MOM,2026-09-05,LATEST_HISTORY_PROXY,PROXY,CURRENT_HISTORY_ONLY_NO_VINTAGE,false,true,true
2021-06-30,2021-06,4.4273339735,4.4273339735,%环比(非level),M,IIP_FRED_MOM,FRED(OECD转载经产省),VALIDATED_MIRROR,,IIP2020BASE_MOM,2026-09-05,LATEST_HISTORY_PROXY,PROXY,CURRENT_HISTORY_ONLY_NO_VINTAGE,false,true,true
2021-07-31,2021-07,-1.4746543717,-1.4746543717,%环比(非level),M,IIP_FRED_MOM,FRED(OECD转载经产省),VALIDATED_MIRROR,,IIP2020BASE_MOM,2026-09-05,LATEST_HISTORY_PROXY,PROXY,CURRENT_HISTORY_ONLY_NO_VINTAGE,false,true,true
2021-08-31,2021-08,-3.1805425637,-3.1805425637,%环比(非level),M,IIP_FRED_MOM,FRED(OECD转载经产省),VALIDATED_MIRROR,,IIP2020BASE_MOM,2026-09-05,LATEST_HISTORY_PROXY,PROXY,CURRENT_HISTORY_ONLY_NO_VINTAGE,false,true,true
2021-09-30,2021-09,-5.0241545866,-5.0241545866,%环比(非level),M,IIP_FRED_MOM,FRED(OECD转载经产省),VALIDATED_MIRROR,,IIP2020BASE_MOM,2026-09-05,LATEST_HISTORY_PROXY,PROXY,CURRENT_HISTORY_ONLY_NO_VINTAGE,false,true,true
2021-10-31,2021-10,4.3743641844,4.3743641844,%环比(非level),M,IIP_FRED_MOM,FRED(OECD转载经产省),VALIDATED_MIRROR,,IIP2020BASE_MOM,2026-09-05,LATEST_HISTORY_PROXY,PROXY,CURRENT_HISTORY_ONLY_NO_VINTAGE,false,true,true
2021-11-30,2021-11,4.3859649092,4.3859649092,%环比(非level),M,IIP_FRED_MOM,FRED(OECD转载经产省),VALIDATED_MIRROR,,IIP2020BASE_MOM,2026-09-05,LATEST_HISTORY_PROXY,PROXY,CURRENT_HISTORY_ONLY_NO_VINTAGE,false,true,true
2021-12-31,2021-12,-1.3071895434,-1.3071895434,%环比(非level),M,IIP_FRED_MOM,FRED(OECD转载经产省),VALIDATED_MIRROR,,IIP2020BASE_MOM,2026-09-05,LATEST_HISTORY_PROXY,PROXY,CURRENT_HISTORY_ONLY_NO_VINTAGE,false,true,true
2022-01-31,2022-01,-0.6622516457,-0.6622516457,%环比(非level),M,IIP_FRED_MOM,FRED(OECD转载经产省),VALIDATED_MIRROR,,IIP2020BASE_MOM,2026-09-05,LATEST_HISTORY_PROXY,PROXY,CURRENT_HISTORY_ONLY_NO_VINTAGE,false,true,true
2022-02-28,2022-02,1.0476190438,1.0476190438,%环比(非level),M,IIP_FRED_MOM,FRED(OECD转载经产省),VALIDATED_MIRROR,,IIP2020BASE_MOM,2026-09-05,LATEST_HISTORY_PROXY,PROXY,CURRENT_HISTORY_ONLY_NO_VINTAGE,false,true,true
2022-03-31,2022-03,-0.6597549486,-0.6597549486,%环比(非level),M,IIP_FRED_MOM,FRED(OECD转载经产省),VALIDATED_MIRROR,,IIP2020BASE_MOM,2026-09-05,LATEST_HISTORY_PROXY,PROXY,CURRENT_HISTORY_ONLY_NO_VINTAGE,false,true,true
2022-04-30,2022-04,-0.3795066372,-0.3795066372,%环比(非level),M,IIP_FRED_MOM,FRED(OECD转载经产省),VALIDATED_MIRROR,,IIP2020BASE_MOM,2026-09-05,LATEST_HISTORY_PROXY,PROXY,CURRENT_HISTORY_ONLY_NO_VINTAGE,false,true,true
2022-05-31,2022-05,-4.7619047664,-4.7619047664,%环比(非level),M,IIP_FRED_MOM,FRED(OECD转载经产省),VALIDATED_MIRROR,,IIP2020BASE_MOM,2026-09-05,LATEST_HISTORY_PROXY,PROXY,CURRENT_HISTORY_ONLY_NO_VINTAGE,false,true,true
2022-06-30,2022-06,5.5000000021,5.5000000021,%环比(非level),M,IIP_FRED_MOM,FRED(OECD转载经产省),VALIDATED_MIRROR,,IIP2020BASE_MOM,2026-09-05,LATEST_HISTORY_PROXY,PROXY,CURRENT_HISTORY_ONLY_NO_VINTAGE,false,true,true
2022-07-31,2022-07,0.4739336466,0.4739336466,%环比(非level),M,IIP_FRED_MOM,FRED(OECD转载经产省),VALIDATED_MIRROR,,IIP2020BASE_MOM,2026-09-05,LATEST_HISTORY_PROXY,PROXY,CURRENT_HISTORY_ONLY_NO_VINTAGE,false,true,true
2022-08-31,2022-08,1.4150943421,1.4150943421,%环比(非level),M,IIP_FRED_MOM,FRED(OECD转载经产省),VALIDATED_MIRROR,,IIP2020BASE_MOM,2026-09-05,LATEST_HISTORY_PROXY,PROXY,CURRENT_HISTORY_ONLY_NO_VINTAGE,false,true,true
2022-09-30,2022-09,-0.8372093058,-0.8372093058,%环比(非level),M,IIP_FRED_MOM,FRED(OECD转载经产省),VALIDATED_MIRROR,,IIP2020BASE_MOM,2026-09-05,LATEST_HISTORY_PROXY,PROXY,CURRENT_HISTORY_ONLY_NO_VINTAGE,false,true,true
2022-10-31,2022-10,-0.2814258855,-0.2814258855,%环比(非level),M,IIP_FRED_MOM,FRED(OECD转载经产省),VALIDATED_MIRROR,,IIP2020BASE_MOM,2026-09-05,LATEST_HISTORY_PROXY,PROXY,CURRENT_HISTORY_ONLY_NO_VINTAGE,false,true,true
2022-11-30,2022-11,-0.7525870198,-0.7525870198,%环比(非level),M,IIP_FRED_MOM,FRED(OECD转载经产省),VALIDATED_MIRROR,,IIP2020BASE_MOM,2026-09-05,LATEST_HISTORY_PROXY,PROXY,CURRENT_HISTORY_ONLY_NO_VINTAGE,false,true,true
2022-12-31,2022-12,-0.2843601942,-0.2843601942,%环比(非level),M,IIP_FRED_MOM,FRED(OECD转载经产省),VALIDATED_MIRROR,,IIP2020BASE_MOM,2026-09-05,LATEST_HISTORY_PROXY,PROXY,CURRENT_HISTORY_ONLY_NO_VINTAGE,false,true,true
2023-01-31,2023-01,-3.8973384043,-3.8973384043,%环比(非level),M,IIP_FRED_MOM,FRED(OECD转载经产省),VALIDATED_MIRROR,,IIP2020BASE_MOM,2026-09-05,LATEST_HISTORY_PROXY,PROXY,CURRENT_HISTORY_ONLY_NO_VINTAGE,false,true,true
2023-02-28,2023-02,3.2640949547,3.2640949547,%环比(非level),M,IIP_FRED_MOM,FRED(OECD转载经产省),VALIDATED_MIRROR,,IIP2020BASE_MOM,2026-09-05,LATEST_HISTORY_PROXY,PROXY,CURRENT_HISTORY_ONLY_NO_VINTAGE,false,true,true
2023-03-31,2023-03,0.0,0.0,%环比(非level),M,IIP_FRED_MOM,FRED(OECD转载经产省),VALIDATED_MIRROR,,IIP2020BASE_MOM,2026-09-05,LATEST_HISTORY_PROXY,PROXY,CURRENT_HISTORY_ONLY_NO_VINTAGE,false,true,true
2023-04-30,2023-04,0.3831417687,0.3831417687,%环比(非level),M,IIP_FRED_MOM,FRED(OECD转载经产省),VALIDATED_MIRROR,,IIP2020BASE_MOM,2026-09-05,LATEST_HISTORY_PROXY,PROXY,CURRENT_HISTORY_ONLY_NO_VINTAGE,false,true,true
2023-05-31,2023-05,-2.4809160292,-2.4809160292,%环比(非level),M,IIP_FRED_MOM,FRED(OECD转载经产省),VALIDATED_MIRROR,,IIP2020BASE_MOM,2026-09-05,LATEST_HISTORY_PROXY,PROXY,CURRENT_HISTORY_ONLY_NO_VINTAGE,false,true,true
2023-06-30,2023-06,2.5440313097,2.5440313097,%环比(非level),M,IIP_FRED_MOM,FRED(OECD转载经产省),VALIDATED_MIRROR,,IIP2020BASE_MOM,2026-09-05,LATEST_HISTORY_PROXY,PROXY,CURRENT_HISTORY_ONLY_NO_VINTAGE,false,true,true
2023-07-31,2023-07,-1.2404580146,-1.2404580146,%环比(非level),M,IIP_FRED_MOM,FRED(OECD转载经产省),VALIDATED_MIRROR,,IIP2020BASE_MOM,2026-09-05,LATEST_HISTORY_PROXY,PROXY,CURRENT_HISTORY_ONLY_NO_VINTAGE,false,true,true
2023-08-31,2023-08,-0.2898550772,-0.2898550772,%环比(非level),M,IIP_FRED_MOM,FRED(OECD转载经产省),VALIDATED_MIRROR,,IIP2020BASE_MOM,2026-09-05,LATEST_HISTORY_PROXY,PROXY,CURRENT_HISTORY_ONLY_NO_VINTAGE,false,true,true
2023-09-30,2023-09,0.0968992264,0.0968992264,%环比(非level),M,IIP_FRED_MOM,FRED(OECD转载经产省),VALIDATED_MIRROR,,IIP2020BASE_MOM,2026-09-05,LATEST_HISTORY_PROXY,PROXY,CURRENT_HISTORY_ONLY_NO_VINTAGE,false,true,true
2023-10-31,2023-10,1.161665051,1.161665051,%环比(非level),M,IIP_FRED_MOM,FRED(OECD转载经产省),VALIDATED_MIRROR,,IIP2020BASE_MOM,2026-09-05,LATEST_HISTORY_PROXY,PROXY,CURRENT_HISTORY_ONLY_NO_VINTAGE,false,true,true
2023-11-30,2023-11,-0.5741626783,-0.5741626783,%环比(非level),M,IIP_FRED_MOM,FRED(OECD转载经产省),VALIDATED_MIRROR,,IIP2020BASE_MOM,2026-09-05,LATEST_HISTORY_PROXY,PROXY,CURRENT_HISTORY_ONLY_NO_VINTAGE,false,true,true
2023-12-31,2023-12,0.9624639128,0.9624639128,%环比(非level),M,IIP_FRED_MOM,FRED(OECD转载经产省),VALIDATED_MIRROR,,IIP2020BASE_MOM,2026-09-05,LATEST_HISTORY_PROXY,PROXY,CURRENT_HISTORY_ONLY_NO_VINTAGE,false,true,true
2024-01-31,2024-01,-6.6730219299,-6.6730219299,%环比(非level),M,IIP_FRED_MOM,FRED(OECD转载经产省),VALIDATED_MIRROR,,IIP2020BASE_MOM,2026-09-05,LATEST_HISTORY_PROXY,PROXY,CURRENT_HISTORY_ONLY_NO_VINTAGE,false,true,true
2024-02-29,2024-02,0.1021450476,0.1021450476,%环比(非level),M,IIP_FRED_MOM,FRED(OECD转载经产省),VALIDATED_MIRROR,,IIP2020BASE_MOM,2026-09-05,LATEST_HISTORY_PROXY,PROXY,CURRENT_HISTORY_ONLY_NO_VINTAGE,false,true,true
2024-03-31,2024-03,3.5714285738,3.5714285738,%环比(非level),M,IIP_FRED_MOM,FRED(OECD转载经产省),VALIDATED_MIRROR,,IIP2020BASE_MOM,2026-09-05,LATEST_HISTORY_PROXY,PROXY,CURRENT_HISTORY_ONLY_NO_VINTAGE,false,true,true
2024-04-30,2024-04,-0.8866995111,-0.8866995111,%环比(非level),M,IIP_FRED_MOM,FRED(OECD转载经产省),VALIDATED_MIRROR,,IIP2020BASE_MOM,2026-09-05,LATEST_HISTORY_PROXY,PROXY,CURRENT_HISTORY_ONLY_NO_VINTAGE,false,true,true
2024-05-31,2024-05,1.19284294,1.19284294,%环比(非level),M,IIP_FRED_MOM,FRED(OECD转载经产省),VALIDATED_MIRROR,,IIP2020BASE_MOM,2026-09-05,LATEST_HISTORY_PROXY,PROXY,CURRENT_HISTORY_ONLY_NO_VINTAGE,false,true,true
2024-06-30,2024-06,-1.4734773985,-1.4734773985,%环比(非level),M,IIP_FRED_MOM,FRED(OECD转载经产省),VALIDATED_MIRROR,,IIP2020BASE_MOM,2026-09-05,LATEST_HISTORY_PROXY,PROXY,CURRENT_HISTORY_ONLY_NO_VINTAGE,false,true,true
2024-07-31,2024-07,2.2931206317,2.2931206317,%环比(非level),M,IIP_FRED_MOM,FRED(OECD转载经产省),VALIDATED_MIRROR,,IIP2020BASE_MOM,2026-09-05,LATEST_HISTORY_PROXY,PROXY,CURRENT_HISTORY_ONLY_NO_VINTAGE,false,true,true
2024-08-31,2024-08,-2.0467836271,-2.0467836271,%环比(非level),M,IIP_FRED_MOM,FRED(OECD转载经产省),VALIDATED_MIRROR,,IIP2020BASE_MOM,2026-09-05,LATEST_HISTORY_PROXY,PROXY,CURRENT_HISTORY_ONLY_NO_VINTAGE,false,true,true
2024-09-30,2024-09,0.7960199026,0.7960199026,%环比(非level),M,IIP_FRED_MOM,FRED(OECD转载经产省),VALIDATED_MIRROR,,IIP2020BASE_MOM,2026-09-05,LATEST_HISTORY_PROXY,PROXY,CURRENT_HISTORY_ONLY_NO_VINTAGE,false,true,true
2024-10-31,2024-10,1.6781836188,1.6781836188,%环比(非level),M,IIP_FRED_MOM,FRED(OECD转载经产省),VALIDATED_MIRROR,,IIP2020BASE_MOM,2026-09-05,LATEST_HISTORY_PROXY,PROXY,CURRENT_HISTORY_ONLY_NO_VINTAGE,false,true,true
2024-11-30,2024-11,-1.8446602029,-1.8446602029,%环比(非level),M,IIP_FRED_MOM,FRED(OECD转载经产省),VALIDATED_MIRROR,,IIP2020BASE_MOM,2026-09-05,LATEST_HISTORY_PROXY,PROXY,CURRENT_HISTORY_ONLY_NO_VINTAGE,false,true,true
2024-12-31,2024-12,-0.1978239291,-0.1978239291,%环比(非level),M,IIP_FRED_MOM,FRED(OECD转载经产省),VALIDATED_MIRROR,,IIP2020BASE_MOM,2026-09-05,LATEST_HISTORY_PROXY,PROXY,CURRENT_HISTORY_ONLY_NO_VINTAGE,false,true,true
2025-01-31,2025-01,-0.4955401468,-0.4955401468,%环比(非level),M,IIP_FRED_MOM,FRED(OECD转载经产省),VALIDATED_MIRROR,,IIP2020BASE_MOM,2026-09-05,LATEST_HISTORY_PROXY,PROXY,CURRENT_HISTORY_ONLY_NO_VINTAGE,false,true,true
2025-02-28,2025-02,1.2948207165,1.2948207165,%环比(非level),M,IIP_FRED_MOM,FRED(OECD转载经产省),VALIDATED_MIRROR,,IIP2020BASE_MOM,2026-09-05,LATEST_HISTORY_PROXY,PROXY,CURRENT_HISTORY_ONLY_NO_VINTAGE,false,true,true
2025-03-31,2025-03,-0.5899705004,-0.5899705004,%环比(非level),M,IIP_FRED_MOM,FRED(OECD转载经产省),VALIDATED_MIRROR,,IIP2020BASE_MOM,2026-09-05,LATEST_HISTORY_PROXY,PROXY,CURRENT_HISTORY_ONLY_NO_VINTAGE,false,true,true
2025-04-30,2025-04,-0.6923837789,-0.6923837789,%环比(非level),M,IIP_FRED_MOM,FRED(OECD转载经产省),VALIDATED_MIRROR,,IIP2020BASE_MOM,2026-09-05,LATEST_HISTORY_PROXY,PROXY,CURRENT_HISTORY_ONLY_NO_VINTAGE,false,true,true
2025-05-31,2025-05,0.6972111559,0.6972111559,%环比(非level),M,IIP_FRED_MOM,FRED(OECD转载经产省),VALIDATED_MIRROR,,IIP2020BASE_MOM,2026-09-05,LATEST_HISTORY_PROXY,PROXY,CURRENT_HISTORY_ONLY_NO_VINTAGE,false,true,true
2025-06-30,2025-06,0.3956478799,0.3956478799,%环比(非level),M,IIP_FRED_MOM,FRED(OECD转载经产省),VALIDATED_MIRROR,,IIP2020BASE_MOM,2026-09-05,LATEST_HISTORY_PROXY,PROXY,CURRENT_HISTORY_ONLY_NO_VINTAGE,false,true,true
2025-07-31,2025-07,-0.3940886764,-0.3940886764,%环比(非level),M,IIP_FRED_MOM,FRED(OECD转载经产省),VALIDATED_MIRROR,,IIP2020BASE_MOM,2026-09-05,LATEST_HISTORY_PROXY,PROXY,CURRENT_HISTORY_ONLY_NO_VINTAGE,false,true,true
2025-08-31,2025-08,-1.483679517,-1.483679517,%环比(非level),M,IIP_FRED_MOM,FRED(OECD转载经产省),VALIDATED_MIRROR,,IIP2020BASE_MOM,2026-09-05,LATEST_HISTORY_PROXY,PROXY,CURRENT_HISTORY_ONLY_NO_VINTAGE,false,true,true
2025-09-30,2025-09,2.0080321282,2.0080321282,%环比(非level),M,IIP_FRED_MOM,FRED(OECD转载经产省),VALIDATED_MIRROR,,IIP2020BASE_MOM,2026-09-05,LATEST_HISTORY_PROXY,PROXY,CURRENT_HISTORY_ONLY_NO_VINTAGE,false,true,true
2025-10-31,2025-10,0.787401566,0.787401566,%环比(非level),M,IIP_FRED_MOM,FRED(OECD转载经产省),VALIDATED_MIRROR,,IIP2020BASE_MOM,2026-09-05,LATEST_HISTORY_PROXY,PROXY,CURRENT_HISTORY_ONLY_NO_VINTAGE,false,true,true
2025-11-30,2025-11,-2.246093744,-2.246093744,%环比(非level),M,IIP_FRED_MOM,FRED(OECD转载经产省),VALIDATED_MIRROR,,IIP2020BASE_MOM,2026-09-05,LATEST_HISTORY_PROXY,PROXY,CURRENT_HISTORY_ONLY_NO_VINTAGE,false,true,true
2025-12-31,2025-12,0.0,0.0,%环比(非level),M,IIP_FRED_MOM,FRED(OECD转载经产省),VALIDATED_MIRROR,,IIP2020BASE_MOM,2026-09-05,LATEST_HISTORY_PROXY,PROXY,CURRENT_HISTORY_ONLY_NO_VINTAGE,false,true,true
2026-01-31,2026-01,2.797202799,2.797202799,%环比(非level),M,IIP_FRED_MOM,FRED(OECD转载经产省),VALIDATED_MIRROR,,IIP2020BASE_MOM,2026-09-05,LATEST_HISTORY_PROXY,PROXY,CURRENT_HISTORY_ONLY_NO_VINTAGE,false,true,true
2026-02-28,2026-02,-1.068999035,-1.068999035,%环比(非level),M,IIP_FRED_MOM,FRED(OECD转载经产省),VALIDATED_MIRROR,,IIP2020BASE_MOM,2026-09-05,LATEST_HISTORY_PROXY,PROXY,CURRENT_HISTORY_ONLY_NO_VINTAGE,false,true,true
2026-03-31,2026-03,-0.1964636467,-0.1964636467,%环比(非level),M,IIP_FRED_MOM,FRED(OECD转载经产省),VALIDATED_MIRROR,,IIP2020BASE_MOM,2026-09-05,LATEST_HISTORY_PROXY,PROXY,CURRENT_HISTORY_ONLY_NO_VINTAGE,false,true,true
2026-04-30,2026-04,0.68897637795271,0.68897637795271,%环比(非level),M,IIP_FRED_MOM,FRED(OECD转载经产省),VALIDATED_MIRROR,,IIP2020BASE_MOM,2026-09-05,LATEST_HISTORY_PROXY,PROXY,CURRENT_HISTORY_ONLY_NO_VINTAGE,false,true,true
2026-05-31,2026-05,-0.48875855327466,-0.48875855327466,%环比(非level),M,IIP_FRED_MOM,FRED(OECD转载经产省),VALIDATED_MIRROR,,IIP2020BASE_MOM,2026-09-05,LATEST_HISTORY_PROXY,PROXY,CURRENT_HISTORY_ONLY_NO_VINTAGE,false,true,true
