date,period,value,value_raw,unit,freq,source,provider,source_type,definition_regime,note,value_available_date,vintage_type,release_rule_status,vintage_evidence,historical_realtime_eligible,post_vad_eligible,source_validity_eligible
1970-01-31,1970-01,27.000,27.000,2025=100指数,M,CPI2025_ALL,总务省(e-Stat),OFFICIAL_CANONICAL,CPI2025BASE,linked level RETROSPECTIVE_REBASE,2026-08-21,RETROSPECTIVE_REBASE,VERIFIED,ARCHIVED_RELEASE_20260821,false,true,true
1970-02-28,1970-02,27.100,27.100,2025=100指数,M,CPI2025_ALL,总务省(e-Stat),OFFICIAL_CANONICAL,CPI2025BASE,linked level RETROSPECTIVE_REBASE,2026-08-21,RETROSPECTIVE_REBASE,VERIFIED,ARCHIVED_RELEASE_20260821,false,true,true
1970-03-31,1970-03,27.300,27.300,2025=100指数,M,CPI2025_ALL,总务省(e-Stat),OFFICIAL_CANONICAL,CPI2025BASE,linked level RETROSPECTIVE_REBASE,2026-08-21,RETROSPECTIVE_REBASE,VERIFIED,ARCHIVED_RELEASE_20260821,false,true,true
1970-04-30,1970-04,27.600,27.600,2025=100指数,M,CPI2025_ALL,总务省(e-Stat),OFFICIAL_CANONICAL,CPI2025BASE,linked level RETROSPECTIVE_REBASE,2026-08-21,RETROSPECTIVE_REBASE,VERIFIED,ARCHIVED_RELEASE_20260821,false,true,true
1970-05-31,1970-05,27.500,27.500,2025=100指数,M,CPI2025_ALL,总务省(e-Stat),OFFICIAL_CANONICAL,CPI2025BASE,linked level RETROSPECTIVE_REBASE,2026-08-21,RETROSPECTIVE_REBASE,VERIFIED,ARCHIVED_RELEASE_20260821,false,true,true
1970-06-30,1970-06,27.500,27.500,2025=100指数,M,CPI2025_ALL,总务省(e-Stat),OFFICIAL_CANONICAL,CPI2025BASE,linked level RETROSPECTIVE_REBASE,2026-08-21,RETROSPECTIVE_REBASE,VERIFIED,ARCHIVED_RELEASE_20260821,false,true,true
1970-07-31,1970-07,27.500,27.500,2025=100指数,M,CPI2025_ALL,总务省(e-Stat),OFFICIAL_CANONICAL,CPI2025BASE,linked level RETROSPECTIVE_REBASE,2026-08-21,RETROSPECTIVE_REBASE,VERIFIED,ARCHIVED_RELEASE_20260821,false,true,true
1970-08-31,1970-08,27.400,27.400,2025=100指数,M,CPI2025_ALL,总务省(e-Stat),OFFICIAL_CANONICAL,CPI2025BASE,linked level RETROSPECTIVE_REBASE,2026-08-21,RETROSPECTIVE_REBASE,VERIFIED,ARCHIVED_RELEASE_20260821,false,true,true
1970-09-30,1970-09,27.900,27.900,2025=100指数,M,CPI2025_ALL,总务省(e-Stat),OFFICIAL_CANONICAL,CPI2025BASE,linked level RETROSPECTIVE_REBASE,2026-08-21,RETROSPECTIVE_REBASE,VERIFIED,ARCHIVED_RELEASE_20260821,false,true,true
1970-10-31,1970-10,28.300,28.300,2025=100指数,M,CPI2025_ALL,总务省(e-Stat),OFFICIAL_CANONICAL,CPI2025BASE,linked level RETROSPECTIVE_REBASE,2026-08-21,RETROSPECTIVE_REBASE,VERIFIED,ARCHIVED_RELEASE_20260821,false,true,true
1970-11-30,1970-11,28.300,28.300,2025=100指数,M,CPI2025_ALL,总务省(e-Stat),OFFICIAL_CANONICAL,CPI2025BASE,linked level RETROSPECTIVE_REBASE,2026-08-21,RETROSPECTIVE_REBASE,VERIFIED,ARCHIVED_RELEASE_20260821,false,true,true
1970-12-31,1970-12,28.500,28.500,2025=100指数,M,CPI2025_ALL,总务省(e-Stat),OFFICIAL_CANONICAL,CPI2025BASE,linked level RETROSPECTIVE_REBASE,2026-08-21,RETROSPECTIVE_REBASE,VERIFIED,ARCHIVED_RELEASE_20260821,false,true,true
1971-01-31,1971-01,28.800,28.800,2025=100指数,M,CPI2025_ALL,总务省(e-Stat),OFFICIAL_CANONICAL,CPI2025BASE,linked level RETROSPECTIVE_REBASE,2026-08-21,RETROSPECTIVE_REBASE,VERIFIED,ARCHIVED_RELEASE_20260821,false,true,true
1971-02-28,1971-02,28.800,28.800,2025=100指数,M,CPI2025_ALL,总务省(e-Stat),OFFICIAL_CANONICAL,CPI2025BASE,linked level RETROSPECTIVE_REBASE,2026-08-21,RETROSPECTIVE_REBASE,VERIFIED,ARCHIVED_RELEASE_20260821,false,true,true
1971-03-31,1971-03,28.800,28.800,2025=100指数,M,CPI2025_ALL,总务省(e-Stat),OFFICIAL_CANONICAL,CPI2025BASE,linked level RETROSPECTIVE_REBASE,2026-08-21,RETROSPECTIVE_REBASE,VERIFIED,ARCHIVED_RELEASE_20260821,false,true,true
1971-04-30,1971-04,29.200,29.200,2025=100指数,M,CPI2025_ALL,总务省(e-Stat),OFFICIAL_CANONICAL,CPI2025BASE,linked level RETROSPECTIVE_REBASE,2026-08-21,RETROSPECTIVE_REBASE,VERIFIED,ARCHIVED_RELEASE_20260821,false,true,true
1971-05-31,1971-05,29.300,29.300,2025=100指数,M,CPI2025_ALL,总务省(e-Stat),OFFICIAL_CANONICAL,CPI2025BASE,linked level RETROSPECTIVE_REBASE,2026-08-21,RETROSPECTIVE_REBASE,VERIFIED,ARCHIVED_RELEASE_20260821,false,true,true
1971-06-30,1971-06,29.400,29.400,2025=100指数,M,CPI2025_ALL,总务省(e-Stat),OFFICIAL_CANONICAL,CPI2025BASE,linked level RETROSPECTIVE_REBASE,2026-08-21,RETROSPECTIVE_REBASE,VERIFIED,ARCHIVED_RELEASE_20260821,false,true,true
1971-07-31,1971-07,29.400,29.400,2025=100指数,M,CPI2025_ALL,总务省(e-Stat),OFFICIAL_CANONICAL,CPI2025BASE,linked level RETROSPECTIVE_REBASE,2026-08-21,RETROSPECTIVE_REBASE,VERIFIED,ARCHIVED_RELEASE_20260821,false,true,true
1971-08-31,1971-08,29.400,29.400,2025=100指数,M,CPI2025_ALL,总务省(e-Stat),OFFICIAL_CANONICAL,CPI2025BASE,linked level RETROSPECTIVE_REBASE,2026-08-21,RETROSPECTIVE_REBASE,VERIFIED,ARCHIVED_RELEASE_20260821,false,true,true
1971-09-30,1971-09,30.100,30.100,2025=100指数,M,CPI2025_ALL,总务省(e-Stat),OFFICIAL_CANONICAL,CPI2025BASE,linked level RETROSPECTIVE_REBASE,2026-08-21,RETROSPECTIVE_REBASE,VERIFIED,ARCHIVED_RELEASE_20260821,false,true,true
1971-10-31,1971-10,30.200,30.200,2025=100指数,M,CPI2025_ALL,总务省(e-Stat),OFFICIAL_CANONICAL,CPI2025BASE,linked level RETROSPECTIVE_REBASE,2026-08-21,RETROSPECTIVE_REBASE,VERIFIED,ARCHIVED_RELEASE_20260821,false,true,true
1971-11-30,1971-11,29.900,29.900,2025=100指数,M,CPI2025_ALL,总务省(e-Stat),OFFICIAL_CANONICAL,CPI2025BASE,linked level RETROSPECTIVE_REBASE,2026-08-21,RETROSPECTIVE_REBASE,VERIFIED,ARCHIVED_RELEASE_20260821,false,true,true
1971-12-31,1971-12,29.900,29.900,2025=100指数,M,CPI2025_ALL,总务省(e-Stat),OFFICIAL_CANONICAL,CPI2025BASE,linked level RETROSPECTIVE_REBASE,2026-08-21,RETROSPECTIVE_REBASE,VERIFIED,ARCHIVED_RELEASE_20260821,false,true,true
1972-01-31,1972-01,30.000,30.000,2025=100指数,M,CPI2025_ALL,总务省(e-Stat),OFFICIAL_CANONICAL,CPI2025BASE,linked level RETROSPECTIVE_REBASE,2026-08-21,RETROSPECTIVE_REBASE,VERIFIED,ARCHIVED_RELEASE_20260821,false,true,true
1972-02-29,1972-02,30.100,30.100,2025=100指数,M,CPI2025_ALL,总务省(e-Stat),OFFICIAL_CANONICAL,CPI2025BASE,linked level RETROSPECTIVE_REBASE,2026-08-21,RETROSPECTIVE_REBASE,VERIFIED,ARCHIVED_RELEASE_20260821,false,true,true
1972-03-31,1972-03,30.300,30.300,2025=100指数,M,CPI2025_ALL,总务省(e-Stat),OFFICIAL_CANONICAL,CPI2025BASE,linked level RETROSPECTIVE_REBASE,2026-08-21,RETROSPECTIVE_REBASE,VERIFIED,ARCHIVED_RELEASE_20260821,false,true,true
1972-04-30,1972-04,30.700,30.700,2025=100指数,M,CPI2025_ALL,总务省(e-Stat),OFFICIAL_CANONICAL,CPI2025BASE,linked level RETROSPECTIVE_REBASE,2026-08-21,RETROSPECTIVE_REBASE,VERIFIED,ARCHIVED_RELEASE_20260821,false,true,true
1972-05-31,1972-05,30.800,30.800,2025=100指数,M,CPI2025_ALL,总务省(e-Stat),OFFICIAL_CANONICAL,CPI2025BASE,linked level RETROSPECTIVE_REBASE,2026-08-21,RETROSPECTIVE_REBASE,VERIFIED,ARCHIVED_RELEASE_20260821,false,true,true
1972-06-30,1972-06,30.900,30.900,2025=100指数,M,CPI2025_ALL,总务省(e-Stat),OFFICIAL_CANONICAL,CPI2025BASE,linked level RETROSPECTIVE_REBASE,2026-08-21,RETROSPECTIVE_REBASE,VERIFIED,ARCHIVED_RELEASE_20260821,false,true,true
1972-07-31,1972-07,30.900,30.900,2025=100指数,M,CPI2025_ALL,总务省(e-Stat),OFFICIAL_CANONICAL,CPI2025BASE,linked level RETROSPECTIVE_REBASE,2026-08-21,RETROSPECTIVE_REBASE,VERIFIED,ARCHIVED_RELEASE_20260821,false,true,true
1972-08-31,1972-08,31.100,31.100,2025=100指数,M,CPI2025_ALL,总务省(e-Stat),OFFICIAL_CANONICAL,CPI2025BASE,linked level RETROSPECTIVE_REBASE,2026-08-21,RETROSPECTIVE_REBASE,VERIFIED,ARCHIVED_RELEASE_20260821,false,true,true
1972-09-30,1972-09,31.200,31.200,2025=100指数,M,CPI2025_ALL,总务省(e-Stat),OFFICIAL_CANONICAL,CPI2025BASE,linked level RETROSPECTIVE_REBASE,2026-08-21,RETROSPECTIVE_REBASE,VERIFIED,ARCHIVED_RELEASE_20260821,false,true,true
1972-10-31,1972-10,31.500,31.500,2025=100指数,M,CPI2025_ALL,总务省(e-Stat),OFFICIAL_CANONICAL,CPI2025BASE,linked level RETROSPECTIVE_REBASE,2026-08-21,RETROSPECTIVE_REBASE,VERIFIED,ARCHIVED_RELEASE_20260821,false,true,true
1972-11-30,1972-11,31.400,31.400,2025=100指数,M,CPI2025_ALL,总务省(e-Stat),OFFICIAL_CANONICAL,CPI2025BASE,linked level RETROSPECTIVE_REBASE,2026-08-21,RETROSPECTIVE_REBASE,VERIFIED,ARCHIVED_RELEASE_20260821,false,true,true
1972-12-31,1972-12,31.600,31.600,2025=100指数,M,CPI2025_ALL,总务省(e-Stat),OFFICIAL_CANONICAL,CPI2025BASE,linked level RETROSPECTIVE_REBASE,2026-08-21,RETROSPECTIVE_REBASE,VERIFIED,ARCHIVED_RELEASE_20260821,false,true,true
1973-01-31,1973-01,31.900,31.900,2025=100指数,M,CPI2025_ALL,总务省(e-Stat),OFFICIAL_CANONICAL,CPI2025BASE,linked level RETROSPECTIVE_REBASE,2026-08-21,RETROSPECTIVE_REBASE,VERIFIED,ARCHIVED_RELEASE_20260821,false,true,true
1973-02-28,1973-02,32.200,32.200,2025=100指数,M,CPI2025_ALL,总务省(e-Stat),OFFICIAL_CANONICAL,CPI2025BASE,linked level RETROSPECTIVE_REBASE,2026-08-21,RETROSPECTIVE_REBASE,VERIFIED,ARCHIVED_RELEASE_20260821,false,true,true
1973-03-31,1973-03,33.000,33.000,2025=100指数,M,CPI2025_ALL,总务省(e-Stat),OFFICIAL_CANONICAL,CPI2025BASE,linked level RETROSPECTIVE_REBASE,2026-08-21,RETROSPECTIVE_REBASE,VERIFIED,ARCHIVED_RELEASE_20260821,false,true,true
1973-04-30,1973-04,33.600,33.600,2025=100指数,M,CPI2025_ALL,总务省(e-Stat),OFFICIAL_CANONICAL,CPI2025BASE,linked level RETROSPECTIVE_REBASE,2026-08-21,RETROSPECTIVE_REBASE,VERIFIED,ARCHIVED_RELEASE_20260821,false,true,true
1973-05-31,1973-05,34.200,34.200,2025=100指数,M,CPI2025_ALL,总务省(e-Stat),OFFICIAL_CANONICAL,CPI2025BASE,linked level RETROSPECTIVE_REBASE,2026-08-21,RETROSPECTIVE_REBASE,VERIFIED,ARCHIVED_RELEASE_20260821,false,true,true
1973-06-30,1973-06,34.200,34.200,2025=100指数,M,CPI2025_ALL,总务省(e-Stat),OFFICIAL_CANONICAL,CPI2025BASE,linked level RETROSPECTIVE_REBASE,2026-08-21,RETROSPECTIVE_REBASE,VERIFIED,ARCHIVED_RELEASE_20260821,false,true,true
1973-07-31,1973-07,34.500,34.500,2025=100指数,M,CPI2025_ALL,总务省(e-Stat),OFFICIAL_CANONICAL,CPI2025BASE,linked level RETROSPECTIVE_REBASE,2026-08-21,RETROSPECTIVE_REBASE,VERIFIED,ARCHIVED_RELEASE_20260821,false,true,true
1973-08-31,1973-08,34.700,34.700,2025=100指数,M,CPI2025_ALL,总务省(e-Stat),OFFICIAL_CANONICAL,CPI2025BASE,linked level RETROSPECTIVE_REBASE,2026-08-21,RETROSPECTIVE_REBASE,VERIFIED,ARCHIVED_RELEASE_20260821,false,true,true
1973-09-30,1973-09,35.700,35.700,2025=100指数,M,CPI2025_ALL,总务省(e-Stat),OFFICIAL_CANONICAL,CPI2025BASE,linked level RETROSPECTIVE_REBASE,2026-08-21,RETROSPECTIVE_REBASE,VERIFIED,ARCHIVED_RELEASE_20260821,false,true,true
1973-10-31,1973-10,35.900,35.900,2025=100指数,M,CPI2025_ALL,总务省(e-Stat),OFFICIAL_CANONICAL,CPI2025BASE,linked level RETROSPECTIVE_REBASE,2026-08-21,RETROSPECTIVE_REBASE,VERIFIED,ARCHIVED_RELEASE_20260821,false,true,true
1973-11-30,1973-11,36.200,36.200,2025=100指数,M,CPI2025_ALL,总务省(e-Stat),OFFICIAL_CANONICAL,CPI2025BASE,linked level RETROSPECTIVE_REBASE,2026-08-21,RETROSPECTIVE_REBASE,VERIFIED,ARCHIVED_RELEASE_20260821,false,true,true
1973-12-31,1973-12,37.400,37.400,2025=100指数,M,CPI2025_ALL,总务省(e-Stat),OFFICIAL_CANONICAL,CPI2025BASE,linked level RETROSPECTIVE_REBASE,2026-08-21,RETROSPECTIVE_REBASE,VERIFIED,ARCHIVED_RELEASE_20260821,false,true,true
1974-01-31,1974-01,38.900,38.900,2025=100指数,M,CPI2025_ALL,总务省(e-Stat),OFFICIAL_CANONICAL,CPI2025BASE,linked level RETROSPECTIVE_REBASE,2026-08-21,RETROSPECTIVE_REBASE,VERIFIED,ARCHIVED_RELEASE_20260821,false,true,true
1974-02-28,1974-02,40.200,40.200,2025=100指数,M,CPI2025_ALL,总务省(e-Stat),OFFICIAL_CANONICAL,CPI2025BASE,linked level RETROSPECTIVE_REBASE,2026-08-21,RETROSPECTIVE_REBASE,VERIFIED,ARCHIVED_RELEASE_20260821,false,true,true
1974-03-31,1974-03,40.400,40.400,2025=100指数,M,CPI2025_ALL,总务省(e-Stat),OFFICIAL_CANONICAL,CPI2025BASE,linked level RETROSPECTIVE_REBASE,2026-08-21,RETROSPECTIVE_REBASE,VERIFIED,ARCHIVED_RELEASE_20260821,false,true,true
1974-04-30,1974-04,41.500,41.500,2025=100指数,M,CPI2025_ALL,总务省(e-Stat),OFFICIAL_CANONICAL,CPI2025BASE,linked level RETROSPECTIVE_REBASE,2026-08-21,RETROSPECTIVE_REBASE,VERIFIED,ARCHIVED_RELEASE_20260821,false,true,true
1974-05-31,1974-05,41.600,41.600,2025=100指数,M,CPI2025_ALL,总务省(e-Stat),OFFICIAL_CANONICAL,CPI2025BASE,linked level RETROSPECTIVE_REBASE,2026-08-21,RETROSPECTIVE_REBASE,VERIFIED,ARCHIVED_RELEASE_20260821,false,true,true
1974-06-30,1974-06,41.900,41.900,2025=100指数,M,CPI2025_ALL,总务省(e-Stat),OFFICIAL_CANONICAL,CPI2025BASE,linked level RETROSPECTIVE_REBASE,2026-08-21,RETROSPECTIVE_REBASE,VERIFIED,ARCHIVED_RELEASE_20260821,false,true,true
1974-07-31,1974-07,42.700,42.700,2025=100指数,M,CPI2025_ALL,总务省(e-Stat),OFFICIAL_CANONICAL,CPI2025BASE,linked level RETROSPECTIVE_REBASE,2026-08-21,RETROSPECTIVE_REBASE,VERIFIED,ARCHIVED_RELEASE_20260821,false,true,true
1974-08-31,1974-08,43.100,43.100,2025=100指数,M,CPI2025_ALL,总务省(e-Stat),OFFICIAL_CANONICAL,CPI2025BASE,linked level RETROSPECTIVE_REBASE,2026-08-21,RETROSPECTIVE_REBASE,VERIFIED,ARCHIVED_RELEASE_20260821,false,true,true
1974-09-30,1974-09,43.700,43.700,2025=100指数,M,CPI2025_ALL,总务省(e-Stat),OFFICIAL_CANONICAL,CPI2025BASE,linked level RETROSPECTIVE_REBASE,2026-08-21,RETROSPECTIVE_REBASE,VERIFIED,ARCHIVED_RELEASE_20260821,false,true,true
1974-10-31,1974-10,44.700,44.700,2025=100指数,M,CPI2025_ALL,总务省(e-Stat),OFFICIAL_CANONICAL,CPI2025BASE,linked level RETROSPECTIVE_REBASE,2026-08-21,RETROSPECTIVE_REBASE,VERIFIED,ARCHIVED_RELEASE_20260821,false,true,true
1974-11-30,1974-11,45.100,45.100,2025=100指数,M,CPI2025_ALL,总务省(e-Stat),OFFICIAL_CANONICAL,CPI2025BASE,linked level RETROSPECTIVE_REBASE,2026-08-21,RETROSPECTIVE_REBASE,VERIFIED,ARCHIVED_RELEASE_20260821,false,true,true
1974-12-31,1974-12,45.200,45.200,2025=100指数,M,CPI2025_ALL,总务省(e-Stat),OFFICIAL_CANONICAL,CPI2025BASE,linked level RETROSPECTIVE_REBASE,2026-08-21,RETROSPECTIVE_REBASE,VERIFIED,ARCHIVED_RELEASE_20260821,false,true,true
1975-01-31,1975-01,45.800,45.800,2025=100指数,M,CPI2025_ALL,总务省(e-Stat),OFFICIAL_CANONICAL,CPI2025BASE,linked level RETROSPECTIVE_REBASE,2026-08-21,RETROSPECTIVE_REBASE,VERIFIED,ARCHIVED_RELEASE_20260821,false,true,true
1975-02-28,1975-02,45.800,45.800,2025=100指数,M,CPI2025_ALL,总务省(e-Stat),OFFICIAL_CANONICAL,CPI2025BASE,linked level RETROSPECTIVE_REBASE,2026-08-21,RETROSPECTIVE_REBASE,VERIFIED,ARCHIVED_RELEASE_20260821,false,true,true
1975-03-31,1975-03,46.200,46.200,2025=100指数,M,CPI2025_ALL,总务省(e-Stat),OFFICIAL_CANONICAL,CPI2025BASE,linked level RETROSPECTIVE_REBASE,2026-08-21,RETROSPECTIVE_REBASE,VERIFIED,ARCHIVED_RELEASE_20260821,false,true,true
1975-04-30,1975-04,47.000,47.000,2025=100指数,M,CPI2025_ALL,总务省(e-Stat),OFFICIAL_CANONICAL,CPI2025BASE,linked level RETROSPECTIVE_REBASE,2026-08-21,RETROSPECTIVE_REBASE,VERIFIED,ARCHIVED_RELEASE_20260821,false,true,true
1975-05-31,1975-05,47.300,47.300,2025=100指数,M,CPI2025_ALL,总务省(e-Stat),OFFICIAL_CANONICAL,CPI2025BASE,linked level RETROSPECTIVE_REBASE,2026-08-21,RETROSPECTIVE_REBASE,VERIFIED,ARCHIVED_RELEASE_20260821,false,true,true
1975-06-30,1975-06,47.300,47.300,2025=100指数,M,CPI2025_ALL,总务省(e-Stat),OFFICIAL_CANONICAL,CPI2025BASE,linked level RETROSPECTIVE_REBASE,2026-08-21,RETROSPECTIVE_REBASE,VERIFIED,ARCHIVED_RELEASE_20260821,false,true,true
1975-07-31,1975-07,47.400,47.400,2025=100指数,M,CPI2025_ALL,总务省(e-Stat),OFFICIAL_CANONICAL,CPI2025BASE,linked level RETROSPECTIVE_REBASE,2026-08-21,RETROSPECTIVE_REBASE,VERIFIED,ARCHIVED_RELEASE_20260821,false,true,true
1975-08-31,1975-08,47.300,47.300,2025=100指数,M,CPI2025_ALL,总务省(e-Stat),OFFICIAL_CANONICAL,CPI2025BASE,linked level RETROSPECTIVE_REBASE,2026-08-21,RETROSPECTIVE_REBASE,VERIFIED,ARCHIVED_RELEASE_20260821,false,true,true
1975-09-30,1975-09,48.300,48.300,2025=100指数,M,CPI2025_ALL,总务省(e-Stat),OFFICIAL_CANONICAL,CPI2025BASE,linked level RETROSPECTIVE_REBASE,2026-08-21,RETROSPECTIVE_REBASE,VERIFIED,ARCHIVED_RELEASE_20260821,false,true,true
1975-10-31,1975-10,49.100,49.100,2025=100指数,M,CPI2025_ALL,总务省(e-Stat),OFFICIAL_CANONICAL,CPI2025BASE,linked level RETROSPECTIVE_REBASE,2026-08-21,RETROSPECTIVE_REBASE,VERIFIED,ARCHIVED_RELEASE_20260821,false,true,true
1975-11-30,1975-11,48.800,48.800,2025=100指数,M,CPI2025_ALL,总务省(e-Stat),OFFICIAL_CANONICAL,CPI2025BASE,linked level RETROSPECTIVE_REBASE,2026-08-21,RETROSPECTIVE_REBASE,VERIFIED,ARCHIVED_RELEASE_20260821,false,true,true
1975-12-31,1975-12,48.800,48.800,2025=100指数,M,CPI2025_ALL,总务省(e-Stat),OFFICIAL_CANONICAL,CPI2025BASE,linked level RETROSPECTIVE_REBASE,2026-08-21,RETROSPECTIVE_REBASE,VERIFIED,ARCHIVED_RELEASE_20260821,false,true,true
1976-01-31,1976-01,49.700,49.700,2025=100指数,M,CPI2025_ALL,总务省(e-Stat),OFFICIAL_CANONICAL,CPI2025BASE,linked level RETROSPECTIVE_REBASE,2026-08-21,RETROSPECTIVE_REBASE,VERIFIED,ARCHIVED_RELEASE_20260821,false,true,true
1976-02-29,1976-02,50.100,50.100,2025=100指数,M,CPI2025_ALL,总务省(e-Stat),OFFICIAL_CANONICAL,CPI2025BASE,linked level RETROSPECTIVE_REBASE,2026-08-21,RETROSPECTIVE_REBASE,VERIFIED,ARCHIVED_RELEASE_20260821,false,true,true
1976-03-31,1976-03,50.300,50.300,2025=100指数,M,CPI2025_ALL,总务省(e-Stat),OFFICIAL_CANONICAL,CPI2025BASE,linked level RETROSPECTIVE_REBASE,2026-08-21,RETROSPECTIVE_REBASE,VERIFIED,ARCHIVED_RELEASE_20260821,false,true,true
1976-04-30,1976-04,51.500,51.500,2025=100指数,M,CPI2025_ALL,总务省(e-Stat),OFFICIAL_CANONICAL,CPI2025BASE,linked level RETROSPECTIVE_REBASE,2026-08-21,RETROSPECTIVE_REBASE,VERIFIED,ARCHIVED_RELEASE_20260821,false,true,true
1976-05-31,1976-05,51.700,51.700,2025=100指数,M,CPI2025_ALL,总务省(e-Stat),OFFICIAL_CANONICAL,CPI2025BASE,linked level RETROSPECTIVE_REBASE,2026-08-21,RETROSPECTIVE_REBASE,VERIFIED,ARCHIVED_RELEASE_20260821,false,true,true
1976-06-30,1976-06,51.800,51.800,2025=100指数,M,CPI2025_ALL,总务省(e-Stat),OFFICIAL_CANONICAL,CPI2025BASE,linked level RETROSPECTIVE_REBASE,2026-08-21,RETROSPECTIVE_REBASE,VERIFIED,ARCHIVED_RELEASE_20260821,false,true,true
1976-07-31,1976-07,52.000,52.000,2025=100指数,M,CPI2025_ALL,总务省(e-Stat),OFFICIAL_CANONICAL,CPI2025BASE,linked level RETROSPECTIVE_REBASE,2026-08-21,RETROSPECTIVE_REBASE,VERIFIED,ARCHIVED_RELEASE_20260821,false,true,true
1976-08-31,1976-08,51.800,51.800,2025=100指数,M,CPI2025_ALL,总务省(e-Stat),OFFICIAL_CANONICAL,CPI2025BASE,linked level RETROSPECTIVE_REBASE,2026-08-21,RETROSPECTIVE_REBASE,VERIFIED,ARCHIVED_RELEASE_20260821,false,true,true
1976-09-30,1976-09,53.000,53.000,2025=100指数,M,CPI2025_ALL,总务省(e-Stat),OFFICIAL_CANONICAL,CPI2025BASE,linked level RETROSPECTIVE_REBASE,2026-08-21,RETROSPECTIVE_REBASE,VERIFIED,ARCHIVED_RELEASE_20260821,false,true,true
1976-10-31,1976-10,53.300,53.300,2025=100指数,M,CPI2025_ALL,总务省(e-Stat),OFFICIAL_CANONICAL,CPI2025BASE,linked level RETROSPECTIVE_REBASE,2026-08-21,RETROSPECTIVE_REBASE,VERIFIED,ARCHIVED_RELEASE_20260821,false,true,true
1976-11-30,1976-11,53.300,53.300,2025=100指数,M,CPI2025_ALL,总务省(e-Stat),OFFICIAL_CANONICAL,CPI2025BASE,linked level RETROSPECTIVE_REBASE,2026-08-21,RETROSPECTIVE_REBASE,VERIFIED,ARCHIVED_RELEASE_20260821,false,true,true
1976-12-31,1976-12,54.000,54.000,2025=100指数,M,CPI2025_ALL,总务省(e-Stat),OFFICIAL_CANONICAL,CPI2025BASE,linked level RETROSPECTIVE_REBASE,2026-08-21,RETROSPECTIVE_REBASE,VERIFIED,ARCHIVED_RELEASE_20260821,false,true,true
1977-01-31,1977-01,54.400,54.400,2025=100指数,M,CPI2025_ALL,总务省(e-Stat),OFFICIAL_CANONICAL,CPI2025BASE,linked level RETROSPECTIVE_REBASE,2026-08-21,RETROSPECTIVE_REBASE,VERIFIED,ARCHIVED_RELEASE_20260821,false,true,true
1977-02-28,1977-02,54.700,54.700,2025=100指数,M,CPI2025_ALL,总务省(e-Stat),OFFICIAL_CANONICAL,CPI2025BASE,linked level RETROSPECTIVE_REBASE,2026-08-21,RETROSPECTIVE_REBASE,VERIFIED,ARCHIVED_RELEASE_20260821,false,true,true
1977-03-31,1977-03,55.000,55.000,2025=100指数,M,CPI2025_ALL,总务省(e-Stat),OFFICIAL_CANONICAL,CPI2025BASE,linked level RETROSPECTIVE_REBASE,2026-08-21,RETROSPECTIVE_REBASE,VERIFIED,ARCHIVED_RELEASE_20260821,false,true,true
1977-04-30,1977-04,55.900,55.900,2025=100指数,M,CPI2025_ALL,总务省(e-Stat),OFFICIAL_CANONICAL,CPI2025BASE,linked level RETROSPECTIVE_REBASE,2026-08-21,RETROSPECTIVE_REBASE,VERIFIED,ARCHIVED_RELEASE_20260821,false,true,true
1977-05-31,1977-05,56.500,56.500,2025=100指数,M,CPI2025_ALL,总务省(e-Stat),OFFICIAL_CANONICAL,CPI2025BASE,linked level RETROSPECTIVE_REBASE,2026-08-21,RETROSPECTIVE_REBASE,VERIFIED,ARCHIVED_RELEASE_20260821,false,true,true
1977-06-30,1977-06,56.200,56.200,2025=100指数,M,CPI2025_ALL,总务省(e-Stat),OFFICIAL_CANONICAL,CPI2025BASE,linked level RETROSPECTIVE_REBASE,2026-08-21,RETROSPECTIVE_REBASE,VERIFIED,ARCHIVED_RELEASE_20260821,false,true,true
1977-07-31,1977-07,56.100,56.100,2025=100指数,M,CPI2025_ALL,总务省(e-Stat),OFFICIAL_CANONICAL,CPI2025BASE,linked level RETROSPECTIVE_REBASE,2026-08-21,RETROSPECTIVE_REBASE,VERIFIED,ARCHIVED_RELEASE_20260821,false,true,true
1977-08-31,1977-08,56.200,56.200,2025=100指数,M,CPI2025_ALL,总务省(e-Stat),OFFICIAL_CANONICAL,CPI2025BASE,linked level RETROSPECTIVE_REBASE,2026-08-21,RETROSPECTIVE_REBASE,VERIFIED,ARCHIVED_RELEASE_20260821,false,true,true
1977-09-30,1977-09,57.100,57.100,2025=100指数,M,CPI2025_ALL,总务省(e-Stat),OFFICIAL_CANONICAL,CPI2025BASE,linked level RETROSPECTIVE_REBASE,2026-08-21,RETROSPECTIVE_REBASE,VERIFIED,ARCHIVED_RELEASE_20260821,false,true,true
1977-10-31,1977-10,57.400,57.400,2025=100指数,M,CPI2025_ALL,总务省(e-Stat),OFFICIAL_CANONICAL,CPI2025BASE,linked level RETROSPECTIVE_REBASE,2026-08-21,RETROSPECTIVE_REBASE,VERIFIED,ARCHIVED_RELEASE_20260821,false,true,true
1977-11-30,1977-11,56.800,56.800,2025=100指数,M,CPI2025_ALL,总务省(e-Stat),OFFICIAL_CANONICAL,CPI2025BASE,linked level RETROSPECTIVE_REBASE,2026-08-21,RETROSPECTIVE_REBASE,VERIFIED,ARCHIVED_RELEASE_20260821,false,true,true
1977-12-31,1977-12,56.700,56.700,2025=100指数,M,CPI2025_ALL,总务省(e-Stat),OFFICIAL_CANONICAL,CPI2025BASE,linked level RETROSPECTIVE_REBASE,2026-08-21,RETROSPECTIVE_REBASE,VERIFIED,ARCHIVED_RELEASE_20260821,false,true,true
1978-01-31,1978-01,56.900,56.900,2025=100指数,M,CPI2025_ALL,总务省(e-Stat),OFFICIAL_CANONICAL,CPI2025BASE,linked level RETROSPECTIVE_REBASE,2026-08-21,RETROSPECTIVE_REBASE,VERIFIED,ARCHIVED_RELEASE_20260821,false,true,true
1978-02-28,1978-02,57.200,57.200,2025=100指数,M,CPI2025_ALL,总务省(e-Stat),OFFICIAL_CANONICAL,CPI2025BASE,linked level RETROSPECTIVE_REBASE,2026-08-21,RETROSPECTIVE_REBASE,VERIFIED,ARCHIVED_RELEASE_20260821,false,true,true
1978-03-31,1978-03,57.700,57.700,2025=100指数,M,CPI2025_ALL,总务省(e-Stat),OFFICIAL_CANONICAL,CPI2025BASE,linked level RETROSPECTIVE_REBASE,2026-08-21,RETROSPECTIVE_REBASE,VERIFIED,ARCHIVED_RELEASE_20260821,false,true,true
1978-04-30,1978-04,58.300,58.300,2025=100指数,M,CPI2025_ALL,总务省(e-Stat),OFFICIAL_CANONICAL,CPI2025BASE,linked level RETROSPECTIVE_REBASE,2026-08-21,RETROSPECTIVE_REBASE,VERIFIED,ARCHIVED_RELEASE_20260821,false,true,true
1978-05-31,1978-05,58.700,58.700,2025=100指数,M,CPI2025_ALL,总务省(e-Stat),OFFICIAL_CANONICAL,CPI2025BASE,linked level RETROSPECTIVE_REBASE,2026-08-21,RETROSPECTIVE_REBASE,VERIFIED,ARCHIVED_RELEASE_20260821,false,true,true
1978-06-30,1978-06,58.400,58.400,2025=100指数,M,CPI2025_ALL,总务省(e-Stat),OFFICIAL_CANONICAL,CPI2025BASE,linked level RETROSPECTIVE_REBASE,2026-08-21,RETROSPECTIVE_REBASE,VERIFIED,ARCHIVED_RELEASE_20260821,false,true,true
1978-07-31,1978-07,58.600,58.600,2025=100指数,M,CPI2025_ALL,总务省(e-Stat),OFFICIAL_CANONICAL,CPI2025BASE,linked level RETROSPECTIVE_REBASE,2026-08-21,RETROSPECTIVE_REBASE,VERIFIED,ARCHIVED_RELEASE_20260821,false,true,true
1978-08-31,1978-08,58.800,58.800,2025=100指数,M,CPI2025_ALL,总务省(e-Stat),OFFICIAL_CANONICAL,CPI2025BASE,linked level RETROSPECTIVE_REBASE,2026-08-21,RETROSPECTIVE_REBASE,VERIFIED,ARCHIVED_RELEASE_20260821,false,true,true
1978-09-30,1978-09,59.400,59.400,2025=100指数,M,CPI2025_ALL,总务省(e-Stat),OFFICIAL_CANONICAL,CPI2025BASE,linked level RETROSPECTIVE_REBASE,2026-08-21,RETROSPECTIVE_REBASE,VERIFIED,ARCHIVED_RELEASE_20260821,false,true,true
1978-10-31,1978-10,59.500,59.500,2025=100指数,M,CPI2025_ALL,总务省(e-Stat),OFFICIAL_CANONICAL,CPI2025BASE,linked level RETROSPECTIVE_REBASE,2026-08-21,RETROSPECTIVE_REBASE,VERIFIED,ARCHIVED_RELEASE_20260821,false,true,true
1978-11-30,1978-11,58.900,58.900,2025=100指数,M,CPI2025_ALL,总务省(e-Stat),OFFICIAL_CANONICAL,CPI2025BASE,linked level RETROSPECTIVE_REBASE,2026-08-21,RETROSPECTIVE_REBASE,VERIFIED,ARCHIVED_RELEASE_20260821,false,true,true
1978-12-31,1978-12,58.900,58.900,2025=100指数,M,CPI2025_ALL,总务省(e-Stat),OFFICIAL_CANONICAL,CPI2025BASE,linked level RETROSPECTIVE_REBASE,2026-08-21,RETROSPECTIVE_REBASE,VERIFIED,ARCHIVED_RELEASE_20260821,false,true,true
1979-01-31,1979-01,58.900,58.900,2025=100指数,M,CPI2025_ALL,总务省(e-Stat),OFFICIAL_CANONICAL,CPI2025BASE,linked level RETROSPECTIVE_REBASE,2026-08-21,RETROSPECTIVE_REBASE,VERIFIED,ARCHIVED_RELEASE_20260821,false,true,true
1979-02-28,1979-02,58.800,58.800,2025=100指数,M,CPI2025_ALL,总务省(e-Stat),OFFICIAL_CANONICAL,CPI2025BASE,linked level RETROSPECTIVE_REBASE,2026-08-21,RETROSPECTIVE_REBASE,VERIFIED,ARCHIVED_RELEASE_20260821,false,true,true
1979-03-31,1979-03,59.300,59.300,2025=100指数,M,CPI2025_ALL,总务省(e-Stat),OFFICIAL_CANONICAL,CPI2025BASE,linked level RETROSPECTIVE_REBASE,2026-08-21,RETROSPECTIVE_REBASE,VERIFIED,ARCHIVED_RELEASE_20260821,false,true,true
1979-04-30,1979-04,60.100,60.100,2025=100指数,M,CPI2025_ALL,总务省(e-Stat),OFFICIAL_CANONICAL,CPI2025BASE,linked level RETROSPECTIVE_REBASE,2026-08-21,RETROSPECTIVE_REBASE,VERIFIED,ARCHIVED_RELEASE_20260821,false,true,true
1979-05-31,1979-05,60.600,60.600,2025=100指数,M,CPI2025_ALL,总务省(e-Stat),OFFICIAL_CANONICAL,CPI2025BASE,linked level RETROSPECTIVE_REBASE,2026-08-21,RETROSPECTIVE_REBASE,VERIFIED,ARCHIVED_RELEASE_20260821,false,true,true
1979-06-30,1979-06,60.700,60.700,2025=100指数,M,CPI2025_ALL,总务省(e-Stat),OFFICIAL_CANONICAL,CPI2025BASE,linked level RETROSPECTIVE_REBASE,2026-08-21,RETROSPECTIVE_REBASE,VERIFIED,ARCHIVED_RELEASE_20260821,false,true,true
1979-07-31,1979-07,61.200,61.200,2025=100指数,M,CPI2025_ALL,总务省(e-Stat),OFFICIAL_CANONICAL,CPI2025BASE,linked level RETROSPECTIVE_REBASE,2026-08-21,RETROSPECTIVE_REBASE,VERIFIED,ARCHIVED_RELEASE_20260821,false,true,true
1979-08-31,1979-08,60.600,60.600,2025=100指数,M,CPI2025_ALL,总务省(e-Stat),OFFICIAL_CANONICAL,CPI2025BASE,linked level RETROSPECTIVE_REBASE,2026-08-21,RETROSPECTIVE_REBASE,VERIFIED,ARCHIVED_RELEASE_20260821,false,true,true
1979-09-30,1979-09,61.300,61.300,2025=100指数,M,CPI2025_ALL,总务省(e-Stat),OFFICIAL_CANONICAL,CPI2025BASE,linked level RETROSPECTIVE_REBASE,2026-08-21,RETROSPECTIVE_REBASE,VERIFIED,ARCHIVED_RELEASE_20260821,false,true,true
1979-10-31,1979-10,62.100,62.100,2025=100指数,M,CPI2025_ALL,总务省(e-Stat),OFFICIAL_CANONICAL,CPI2025BASE,linked level RETROSPECTIVE_REBASE,2026-08-21,RETROSPECTIVE_REBASE,VERIFIED,ARCHIVED_RELEASE_20260821,false,true,true
1979-11-30,1979-11,61.900,61.900,2025=100指数,M,CPI2025_ALL,总务省(e-Stat),OFFICIAL_CANONICAL,CPI2025BASE,linked level RETROSPECTIVE_REBASE,2026-08-21,RETROSPECTIVE_REBASE,VERIFIED,ARCHIVED_RELEASE_20260821,false,true,true
1979-12-31,1979-12,62.200,62.200,2025=100指数,M,CPI2025_ALL,总务省(e-Stat),OFFICIAL_CANONICAL,CPI2025BASE,linked level RETROSPECTIVE_REBASE,2026-08-21,RETROSPECTIVE_REBASE,VERIFIED,ARCHIVED_RELEASE_20260821,false,true,true
1980-01-31,1980-01,62.800,62.800,2025=100指数,M,CPI2025_ALL,总务省(e-Stat),OFFICIAL_CANONICAL,CPI2025BASE,linked level RETROSPECTIVE_REBASE,2026-08-21,RETROSPECTIVE_REBASE,VERIFIED,ARCHIVED_RELEASE_20260821,false,true,true
1980-02-29,1980-02,63.400,63.400,2025=100指数,M,CPI2025_ALL,总务省(e-Stat),OFFICIAL_CANONICAL,CPI2025BASE,linked level RETROSPECTIVE_REBASE,2026-08-21,RETROSPECTIVE_REBASE,VERIFIED,ARCHIVED_RELEASE_20260821,false,true,true
1980-03-31,1980-03,63.700,63.700,2025=100指数,M,CPI2025_ALL,总务省(e-Stat),OFFICIAL_CANONICAL,CPI2025BASE,linked level RETROSPECTIVE_REBASE,2026-08-21,RETROSPECTIVE_REBASE,VERIFIED,ARCHIVED_RELEASE_20260821,false,true,true
1980-04-30,1980-04,64.900,64.900,2025=100指数,M,CPI2025_ALL,总务省(e-Stat),OFFICIAL_CANONICAL,CPI2025BASE,linked level RETROSPECTIVE_REBASE,2026-08-21,RETROSPECTIVE_REBASE,VERIFIED,ARCHIVED_RELEASE_20260821,false,true,true
1980-05-31,1980-05,65.400,65.400,2025=100指数,M,CPI2025_ALL,总务省(e-Stat),OFFICIAL_CANONICAL,CPI2025BASE,linked level RETROSPECTIVE_REBASE,2026-08-21,RETROSPECTIVE_REBASE,VERIFIED,ARCHIVED_RELEASE_20260821,false,true,true
1980-06-30,1980-06,65.700,65.700,2025=100指数,M,CPI2025_ALL,总务省(e-Stat),OFFICIAL_CANONICAL,CPI2025BASE,linked level RETROSPECTIVE_REBASE,2026-08-21,RETROSPECTIVE_REBASE,VERIFIED,ARCHIVED_RELEASE_20260821,false,true,true
1980-07-31,1980-07,65.800,65.800,2025=100指数,M,CPI2025_ALL,总务省(e-Stat),OFFICIAL_CANONICAL,CPI2025BASE,linked level RETROSPECTIVE_REBASE,2026-08-21,RETROSPECTIVE_REBASE,VERIFIED,ARCHIVED_RELEASE_20260821,false,true,true
1980-08-31,1980-08,65.500,65.500,2025=100指数,M,CPI2025_ALL,总务省(e-Stat),OFFICIAL_CANONICAL,CPI2025BASE,linked level RETROSPECTIVE_REBASE,2026-08-21,RETROSPECTIVE_REBASE,VERIFIED,ARCHIVED_RELEASE_20260821,false,true,true
1980-09-30,1980-09,66.700,66.700,2025=100指数,M,CPI2025_ALL,总务省(e-Stat),OFFICIAL_CANONICAL,CPI2025BASE,linked level RETROSPECTIVE_REBASE,2026-08-21,RETROSPECTIVE_REBASE,VERIFIED,ARCHIVED_RELEASE_20260821,false,true,true
1980-10-31,1980-10,66.800,66.800,2025=100指数,M,CPI2025_ALL,总务省(e-Stat),OFFICIAL_CANONICAL,CPI2025BASE,linked level RETROSPECTIVE_REBASE,2026-08-21,RETROSPECTIVE_REBASE,VERIFIED,ARCHIVED_RELEASE_20260821,false,true,true
1980-11-30,1980-11,67.000,67.000,2025=100指数,M,CPI2025_ALL,总务省(e-Stat),OFFICIAL_CANONICAL,CPI2025BASE,linked level RETROSPECTIVE_REBASE,2026-08-21,RETROSPECTIVE_REBASE,VERIFIED,ARCHIVED_RELEASE_20260821,false,true,true
1980-12-31,1980-12,66.700,66.700,2025=100指数,M,CPI2025_ALL,总务省(e-Stat),OFFICIAL_CANONICAL,CPI2025BASE,linked level RETROSPECTIVE_REBASE,2026-08-21,RETROSPECTIVE_REBASE,VERIFIED,ARCHIVED_RELEASE_20260821,false,true,true
1981-01-31,1981-01,67.400,67.400,2025=100指数,M,CPI2025_ALL,总务省(e-Stat),OFFICIAL_CANONICAL,CPI2025BASE,linked level RETROSPECTIVE_REBASE,2026-08-21,RETROSPECTIVE_REBASE,VERIFIED,ARCHIVED_RELEASE_20260821,false,true,true
1981-02-28,1981-02,67.300,67.300,2025=100指数,M,CPI2025_ALL,总务省(e-Stat),OFFICIAL_CANONICAL,CPI2025BASE,linked level RETROSPECTIVE_REBASE,2026-08-21,RETROSPECTIVE_REBASE,VERIFIED,ARCHIVED_RELEASE_20260821,false,true,true
1981-03-31,1981-03,67.600,67.600,2025=100指数,M,CPI2025_ALL,总务省(e-Stat),OFFICIAL_CANONICAL,CPI2025BASE,linked level RETROSPECTIVE_REBASE,2026-08-21,RETROSPECTIVE_REBASE,VERIFIED,ARCHIVED_RELEASE_20260821,false,true,true
1981-04-30,1981-04,68.100,68.100,2025=100指数,M,CPI2025_ALL,总务省(e-Stat),OFFICIAL_CANONICAL,CPI2025BASE,linked level RETROSPECTIVE_REBASE,2026-08-21,RETROSPECTIVE_REBASE,VERIFIED,ARCHIVED_RELEASE_20260821,false,true,true
1981-05-31,1981-05,68.700,68.700,2025=100指数,M,CPI2025_ALL,总务省(e-Stat),OFFICIAL_CANONICAL,CPI2025BASE,linked level RETROSPECTIVE_REBASE,2026-08-21,RETROSPECTIVE_REBASE,VERIFIED,ARCHIVED_RELEASE_20260821,false,true,true
1981-06-30,1981-06,68.800,68.800,2025=100指数,M,CPI2025_ALL,总务省(e-Stat),OFFICIAL_CANONICAL,CPI2025BASE,linked level RETROSPECTIVE_REBASE,2026-08-21,RETROSPECTIVE_REBASE,VERIFIED,ARCHIVED_RELEASE_20260821,false,true,true
1981-07-31,1981-07,68.600,68.600,2025=100指数,M,CPI2025_ALL,总务省(e-Stat),OFFICIAL_CANONICAL,CPI2025BASE,linked level RETROSPECTIVE_REBASE,2026-08-21,RETROSPECTIVE_REBASE,VERIFIED,ARCHIVED_RELEASE_20260821,false,true,true
1981-08-31,1981-08,68.300,68.300,2025=100指数,M,CPI2025_ALL,总务省(e-Stat),OFFICIAL_CANONICAL,CPI2025BASE,linked level RETROSPECTIVE_REBASE,2026-08-21,RETROSPECTIVE_REBASE,VERIFIED,ARCHIVED_RELEASE_20260821,false,true,true
1981-09-30,1981-09,69.300,69.300,2025=100指数,M,CPI2025_ALL,总务省(e-Stat),OFFICIAL_CANONICAL,CPI2025BASE,linked level RETROSPECTIVE_REBASE,2026-08-21,RETROSPECTIVE_REBASE,VERIFIED,ARCHIVED_RELEASE_20260821,false,true,true
1981-10-31,1981-10,69.600,69.600,2025=100指数,M,CPI2025_ALL,总务省(e-Stat),OFFICIAL_CANONICAL,CPI2025BASE,linked level RETROSPECTIVE_REBASE,2026-08-21,RETROSPECTIVE_REBASE,VERIFIED,ARCHIVED_RELEASE_20260821,false,true,true
1981-11-30,1981-11,69.500,69.500,2025=100指数,M,CPI2025_ALL,总务省(e-Stat),OFFICIAL_CANONICAL,CPI2025BASE,linked level RETROSPECTIVE_REBASE,2026-08-21,RETROSPECTIVE_REBASE,VERIFIED,ARCHIVED_RELEASE_20260821,false,true,true
1981-12-31,1981-12,69.600,69.600,2025=100指数,M,CPI2025_ALL,总务省(e-Stat),OFFICIAL_CANONICAL,CPI2025BASE,linked level RETROSPECTIVE_REBASE,2026-08-21,RETROSPECTIVE_REBASE,VERIFIED,ARCHIVED_RELEASE_20260821,false,true,true
1982-01-31,1982-01,69.600,69.600,2025=100指数,M,CPI2025_ALL,总务省(e-Stat),OFFICIAL_CANONICAL,CPI2025BASE,linked level RETROSPECTIVE_REBASE,2026-08-21,RETROSPECTIVE_REBASE,VERIFIED,ARCHIVED_RELEASE_20260821,false,true,true
1982-02-28,1982-02,69.500,69.500,2025=100指数,M,CPI2025_ALL,总务省(e-Stat),OFFICIAL_CANONICAL,CPI2025BASE,linked level RETROSPECTIVE_REBASE,2026-08-21,RETROSPECTIVE_REBASE,VERIFIED,ARCHIVED_RELEASE_20260821,false,true,true
1982-03-31,1982-03,69.600,69.600,2025=100指数,M,CPI2025_ALL,总务省(e-Stat),OFFICIAL_CANONICAL,CPI2025BASE,linked level RETROSPECTIVE_REBASE,2026-08-21,RETROSPECTIVE_REBASE,VERIFIED,ARCHIVED_RELEASE_20260821,false,true,true
1982-04-30,1982-04,70.100,70.100,2025=100指数,M,CPI2025_ALL,总务省(e-Stat),OFFICIAL_CANONICAL,CPI2025BASE,linked level RETROSPECTIVE_REBASE,2026-08-21,RETROSPECTIVE_REBASE,VERIFIED,ARCHIVED_RELEASE_20260821,false,true,true
1982-05-31,1982-05,70.400,70.400,2025=100指数,M,CPI2025_ALL,总务省(e-Stat),OFFICIAL_CANONICAL,CPI2025BASE,linked level RETROSPECTIVE_REBASE,2026-08-21,RETROSPECTIVE_REBASE,VERIFIED,ARCHIVED_RELEASE_20260821,false,true,true
1982-06-30,1982-06,70.400,70.400,2025=100指数,M,CPI2025_ALL,总务省(e-Stat),OFFICIAL_CANONICAL,CPI2025BASE,linked level RETROSPECTIVE_REBASE,2026-08-21,RETROSPECTIVE_REBASE,VERIFIED,ARCHIVED_RELEASE_20260821,false,true,true
1982-07-31,1982-07,69.900,69.900,2025=100指数,M,CPI2025_ALL,总务省(e-Stat),OFFICIAL_CANONICAL,CPI2025BASE,linked level RETROSPECTIVE_REBASE,2026-08-21,RETROSPECTIVE_REBASE,VERIFIED,ARCHIVED_RELEASE_20260821,false,true,true
1982-08-31,1982-08,70.500,70.500,2025=100指数,M,CPI2025_ALL,总务省(e-Stat),OFFICIAL_CANONICAL,CPI2025BASE,linked level RETROSPECTIVE_REBASE,2026-08-21,RETROSPECTIVE_REBASE,VERIFIED,ARCHIVED_RELEASE_20260821,false,true,true
1982-09-30,1982-09,71.500,71.500,2025=100指数,M,CPI2025_ALL,总务省(e-Stat),OFFICIAL_CANONICAL,CPI2025BASE,linked level RETROSPECTIVE_REBASE,2026-08-21,RETROSPECTIVE_REBASE,VERIFIED,ARCHIVED_RELEASE_20260821,false,true,true
1982-10-31,1982-10,71.700,71.700,2025=100指数,M,CPI2025_ALL,总务省(e-Stat),OFFICIAL_CANONICAL,CPI2025BASE,linked level RETROSPECTIVE_REBASE,2026-08-21,RETROSPECTIVE_REBASE,VERIFIED,ARCHIVED_RELEASE_20260821,false,true,true
1982-11-30,1982-11,71.100,71.100,2025=100指数,M,CPI2025_ALL,总务省(e-Stat),OFFICIAL_CANONICAL,CPI2025BASE,linked level RETROSPECTIVE_REBASE,2026-08-21,RETROSPECTIVE_REBASE,VERIFIED,ARCHIVED_RELEASE_20260821,false,true,true
1982-12-31,1982-12,71.000,71.000,2025=100指数,M,CPI2025_ALL,总务省(e-Stat),OFFICIAL_CANONICAL,CPI2025BASE,linked level RETROSPECTIVE_REBASE,2026-08-21,RETROSPECTIVE_REBASE,VERIFIED,ARCHIVED_RELEASE_20260821,false,true,true
1983-01-31,1983-01,71.100,71.100,2025=100指数,M,CPI2025_ALL,总务省(e-Stat),OFFICIAL_CANONICAL,CPI2025BASE,linked level RETROSPECTIVE_REBASE,2026-08-21,RETROSPECTIVE_REBASE,VERIFIED,ARCHIVED_RELEASE_20260821,false,true,true
1983-02-28,1983-02,70.800,70.800,2025=100指数,M,CPI2025_ALL,总务省(e-Stat),OFFICIAL_CANONICAL,CPI2025BASE,linked level RETROSPECTIVE_REBASE,2026-08-21,RETROSPECTIVE_REBASE,VERIFIED,ARCHIVED_RELEASE_20260821,false,true,true
1983-03-31,1983-03,71.200,71.200,2025=100指数,M,CPI2025_ALL,总务省(e-Stat),OFFICIAL_CANONICAL,CPI2025BASE,linked level RETROSPECTIVE_REBASE,2026-08-21,RETROSPECTIVE_REBASE,VERIFIED,ARCHIVED_RELEASE_20260821,false,true,true
1983-04-30,1983-04,71.500,71.500,2025=100指数,M,CPI2025_ALL,总务省(e-Stat),OFFICIAL_CANONICAL,CPI2025BASE,linked level RETROSPECTIVE_REBASE,2026-08-21,RETROSPECTIVE_REBASE,VERIFIED,ARCHIVED_RELEASE_20260821,false,true,true
1983-05-31,1983-05,72.300,72.300,2025=100指数,M,CPI2025_ALL,总务省(e-Stat),OFFICIAL_CANONICAL,CPI2025BASE,linked level RETROSPECTIVE_REBASE,2026-08-21,RETROSPECTIVE_REBASE,VERIFIED,ARCHIVED_RELEASE_20260821,false,true,true
1983-06-30,1983-06,71.800,71.800,2025=100指数,M,CPI2025_ALL,总务省(e-Stat),OFFICIAL_CANONICAL,CPI2025BASE,linked level RETROSPECTIVE_REBASE,2026-08-21,RETROSPECTIVE_REBASE,VERIFIED,ARCHIVED_RELEASE_20260821,false,true,true
1983-07-31,1983-07,71.500,71.500,2025=100指数,M,CPI2025_ALL,总务省(e-Stat),OFFICIAL_CANONICAL,CPI2025BASE,linked level RETROSPECTIVE_REBASE,2026-08-21,RETROSPECTIVE_REBASE,VERIFIED,ARCHIVED_RELEASE_20260821,false,true,true
1983-08-31,1983-08,71.400,71.400,2025=100指数,M,CPI2025_ALL,总务省(e-Stat),OFFICIAL_CANONICAL,CPI2025BASE,linked level RETROSPECTIVE_REBASE,2026-08-21,RETROSPECTIVE_REBASE,VERIFIED,ARCHIVED_RELEASE_20260821,false,true,true
1983-09-30,1983-09,72.200,72.200,2025=100指数,M,CPI2025_ALL,总务省(e-Stat),OFFICIAL_CANONICAL,CPI2025BASE,linked level RETROSPECTIVE_REBASE,2026-08-21,RETROSPECTIVE_REBASE,VERIFIED,ARCHIVED_RELEASE_20260821,false,true,true
1983-10-31,1983-10,72.800,72.800,2025=100指数,M,CPI2025_ALL,总务省(e-Stat),OFFICIAL_CANONICAL,CPI2025BASE,linked level RETROSPECTIVE_REBASE,2026-08-21,RETROSPECTIVE_REBASE,VERIFIED,ARCHIVED_RELEASE_20260821,false,true,true
1983-11-30,1983-11,72.400,72.400,2025=100指数,M,CPI2025_ALL,总务省(e-Stat),OFFICIAL_CANONICAL,CPI2025BASE,linked level RETROSPECTIVE_REBASE,2026-08-21,RETROSPECTIVE_REBASE,VERIFIED,ARCHIVED_RELEASE_20260821,false,true,true
1983-12-31,1983-12,72.200,72.200,2025=100指数,M,CPI2025_ALL,总务省(e-Stat),OFFICIAL_CANONICAL,CPI2025BASE,linked level RETROSPECTIVE_REBASE,2026-08-21,RETROSPECTIVE_REBASE,VERIFIED,ARCHIVED_RELEASE_20260821,false,true,true
1984-01-31,1984-01,72.400,72.400,2025=100指数,M,CPI2025_ALL,总务省(e-Stat),OFFICIAL_CANONICAL,CPI2025BASE,linked level RETROSPECTIVE_REBASE,2026-08-21,RETROSPECTIVE_REBASE,VERIFIED,ARCHIVED_RELEASE_20260821,false,true,true
1984-02-29,1984-02,72.900,72.900,2025=100指数,M,CPI2025_ALL,总务省(e-Stat),OFFICIAL_CANONICAL,CPI2025BASE,linked level RETROSPECTIVE_REBASE,2026-08-21,RETROSPECTIVE_REBASE,VERIFIED,ARCHIVED_RELEASE_20260821,false,true,true
1984-03-31,1984-03,73.000,73.000,2025=100指数,M,CPI2025_ALL,总务省(e-Stat),OFFICIAL_CANONICAL,CPI2025BASE,linked level RETROSPECTIVE_REBASE,2026-08-21,RETROSPECTIVE_REBASE,VERIFIED,ARCHIVED_RELEASE_20260821,false,true,true
1984-04-30,1984-04,73.200,73.200,2025=100指数,M,CPI2025_ALL,总务省(e-Stat),OFFICIAL_CANONICAL,CPI2025BASE,linked level RETROSPECTIVE_REBASE,2026-08-21,RETROSPECTIVE_REBASE,VERIFIED,ARCHIVED_RELEASE_20260821,false,true,true
1984-05-31,1984-05,73.700,73.700,2025=100指数,M,CPI2025_ALL,总务省(e-Stat),OFFICIAL_CANONICAL,CPI2025BASE,linked level RETROSPECTIVE_REBASE,2026-08-21,RETROSPECTIVE_REBASE,VERIFIED,ARCHIVED_RELEASE_20260821,false,true,true
1984-06-30,1984-06,73.200,73.200,2025=100指数,M,CPI2025_ALL,总务省(e-Stat),OFFICIAL_CANONICAL,CPI2025BASE,linked level RETROSPECTIVE_REBASE,2026-08-21,RETROSPECTIVE_REBASE,VERIFIED,ARCHIVED_RELEASE_20260821,false,true,true
1984-07-31,1984-07,73.300,73.300,2025=100指数,M,CPI2025_ALL,总务省(e-Stat),OFFICIAL_CANONICAL,CPI2025BASE,linked level RETROSPECTIVE_REBASE,2026-08-21,RETROSPECTIVE_REBASE,VERIFIED,ARCHIVED_RELEASE_20260821,false,true,true
1984-08-31,1984-08,72.700,72.700,2025=100指数,M,CPI2025_ALL,总务省(e-Stat),OFFICIAL_CANONICAL,CPI2025BASE,linked level RETROSPECTIVE_REBASE,2026-08-21,RETROSPECTIVE_REBASE,VERIFIED,ARCHIVED_RELEASE_20260821,false,true,true
1984-09-30,1984-09,73.800,73.800,2025=100指数,M,CPI2025_ALL,总务省(e-Stat),OFFICIAL_CANONICAL,CPI2025BASE,linked level RETROSPECTIVE_REBASE,2026-08-21,RETROSPECTIVE_REBASE,VERIFIED,ARCHIVED_RELEASE_20260821,false,true,true
1984-10-31,1984-10,74.400,74.400,2025=100指数,M,CPI2025_ALL,总务省(e-Stat),OFFICIAL_CANONICAL,CPI2025BASE,linked level RETROSPECTIVE_REBASE,2026-08-21,RETROSPECTIVE_REBASE,VERIFIED,ARCHIVED_RELEASE_20260821,false,true,true
1984-11-30,1984-11,74.000,74.000,2025=100指数,M,CPI2025_ALL,总务省(e-Stat),OFFICIAL_CANONICAL,CPI2025BASE,linked level RETROSPECTIVE_REBASE,2026-08-21,RETROSPECTIVE_REBASE,VERIFIED,ARCHIVED_RELEASE_20260821,false,true,true
1984-12-31,1984-12,74.100,74.100,2025=100指数,M,CPI2025_ALL,总务省(e-Stat),OFFICIAL_CANONICAL,CPI2025BASE,linked level RETROSPECTIVE_REBASE,2026-08-21,RETROSPECTIVE_REBASE,VERIFIED,ARCHIVED_RELEASE_20260821,false,true,true
1985-01-31,1985-01,74.400,74.400,2025=100指数,M,CPI2025_ALL,总务省(e-Stat),OFFICIAL_CANONICAL,CPI2025BASE,linked level RETROSPECTIVE_REBASE,2026-08-21,RETROSPECTIVE_REBASE,VERIFIED,ARCHIVED_RELEASE_20260821,false,true,true
1985-02-28,1985-02,74.100,74.100,2025=100指数,M,CPI2025_ALL,总务省(e-Stat),OFFICIAL_CANONICAL,CPI2025BASE,linked level RETROSPECTIVE_REBASE,2026-08-21,RETROSPECTIVE_REBASE,VERIFIED,ARCHIVED_RELEASE_20260821,false,true,true
1985-03-31,1985-03,74.400,74.400,2025=100指数,M,CPI2025_ALL,总务省(e-Stat),OFFICIAL_CANONICAL,CPI2025BASE,linked level RETROSPECTIVE_REBASE,2026-08-21,RETROSPECTIVE_REBASE,VERIFIED,ARCHIVED_RELEASE_20260821,false,true,true
1985-04-30,1985-04,74.800,74.800,2025=100指数,M,CPI2025_ALL,总务省(e-Stat),OFFICIAL_CANONICAL,CPI2025BASE,linked level RETROSPECTIVE_REBASE,2026-08-21,RETROSPECTIVE_REBASE,VERIFIED,ARCHIVED_RELEASE_20260821,false,true,true
1985-05-31,1985-05,75.000,75.000,2025=100指数,M,CPI2025_ALL,总务省(e-Stat),OFFICIAL_CANONICAL,CPI2025BASE,linked level RETROSPECTIVE_REBASE,2026-08-21,RETROSPECTIVE_REBASE,VERIFIED,ARCHIVED_RELEASE_20260821,false,true,true
1985-06-30,1985-06,75.000,75.000,2025=100指数,M,CPI2025_ALL,总务省(e-Stat),OFFICIAL_CANONICAL,CPI2025BASE,linked level RETROSPECTIVE_REBASE,2026-08-21,RETROSPECTIVE_REBASE,VERIFIED,ARCHIVED_RELEASE_20260821,false,true,true
1985-07-31,1985-07,75.100,75.100,2025=100指数,M,CPI2025_ALL,总务省(e-Stat),OFFICIAL_CANONICAL,CPI2025BASE,linked level RETROSPECTIVE_REBASE,2026-08-21,RETROSPECTIVE_REBASE,VERIFIED,ARCHIVED_RELEASE_20260821,false,true,true
1985-08-31,1985-08,75.000,75.000,2025=100指数,M,CPI2025_ALL,总务省(e-Stat),OFFICIAL_CANONICAL,CPI2025BASE,linked level RETROSPECTIVE_REBASE,2026-08-21,RETROSPECTIVE_REBASE,VERIFIED,ARCHIVED_RELEASE_20260821,false,true,true
1985-09-30,1985-09,75.000,75.000,2025=100指数,M,CPI2025_ALL,总务省(e-Stat),OFFICIAL_CANONICAL,CPI2025BASE,linked level RETROSPECTIVE_REBASE,2026-08-21,RETROSPECTIVE_REBASE,VERIFIED,ARCHIVED_RELEASE_20260821,false,true,true
1985-10-31,1985-10,75.700,75.700,2025=100指数,M,CPI2025_ALL,总务省(e-Stat),OFFICIAL_CANONICAL,CPI2025BASE,linked level RETROSPECTIVE_REBASE,2026-08-21,RETROSPECTIVE_REBASE,VERIFIED,ARCHIVED_RELEASE_20260821,false,true,true
1985-11-30,1985-11,75.100,75.100,2025=100指数,M,CPI2025_ALL,总务省(e-Stat),OFFICIAL_CANONICAL,CPI2025BASE,linked level RETROSPECTIVE_REBASE,2026-08-21,RETROSPECTIVE_REBASE,VERIFIED,ARCHIVED_RELEASE_20260821,false,true,true
1985-12-31,1985-12,75.200,75.200,2025=100指数,M,CPI2025_ALL,总务省(e-Stat),OFFICIAL_CANONICAL,CPI2025BASE,linked level RETROSPECTIVE_REBASE,2026-08-21,RETROSPECTIVE_REBASE,VERIFIED,ARCHIVED_RELEASE_20260821,false,true,true
1986-01-31,1986-01,75.500,75.500,2025=100指数,M,CPI2025_ALL,总务省(e-Stat),OFFICIAL_CANONICAL,CPI2025BASE,linked level RETROSPECTIVE_REBASE,2026-08-21,RETROSPECTIVE_REBASE,VERIFIED,ARCHIVED_RELEASE_20260821,false,true,true
1986-02-28,1986-02,75.400,75.400,2025=100指数,M,CPI2025_ALL,总务省(e-Stat),OFFICIAL_CANONICAL,CPI2025BASE,linked level RETROSPECTIVE_REBASE,2026-08-21,RETROSPECTIVE_REBASE,VERIFIED,ARCHIVED_RELEASE_20260821,false,true,true
1986-03-31,1986-03,75.300,75.300,2025=100指数,M,CPI2025_ALL,总务省(e-Stat),OFFICIAL_CANONICAL,CPI2025BASE,linked level RETROSPECTIVE_REBASE,2026-08-21,RETROSPECTIVE_REBASE,VERIFIED,ARCHIVED_RELEASE_20260821,false,true,true
1986-04-30,1986-04,75.600,75.600,2025=100指数,M,CPI2025_ALL,总务省(e-Stat),OFFICIAL_CANONICAL,CPI2025BASE,linked level RETROSPECTIVE_REBASE,2026-08-21,RETROSPECTIVE_REBASE,VERIFIED,ARCHIVED_RELEASE_20260821,false,true,true
1986-05-31,1986-05,75.800,75.800,2025=100指数,M,CPI2025_ALL,总务省(e-Stat),OFFICIAL_CANONICAL,CPI2025BASE,linked level RETROSPECTIVE_REBASE,2026-08-21,RETROSPECTIVE_REBASE,VERIFIED,ARCHIVED_RELEASE_20260821,false,true,true
1986-06-30,1986-06,75.400,75.400,2025=100指数,M,CPI2025_ALL,总务省(e-Stat),OFFICIAL_CANONICAL,CPI2025BASE,linked level RETROSPECTIVE_REBASE,2026-08-21,RETROSPECTIVE_REBASE,VERIFIED,ARCHIVED_RELEASE_20260821,false,true,true
1986-07-31,1986-07,75.200,75.200,2025=100指数,M,CPI2025_ALL,总务省(e-Stat),OFFICIAL_CANONICAL,CPI2025BASE,linked level RETROSPECTIVE_REBASE,2026-08-21,RETROSPECTIVE_REBASE,VERIFIED,ARCHIVED_RELEASE_20260821,false,true,true
1986-08-31,1986-08,75.000,75.000,2025=100指数,M,CPI2025_ALL,总务省(e-Stat),OFFICIAL_CANONICAL,CPI2025BASE,linked level RETROSPECTIVE_REBASE,2026-08-21,RETROSPECTIVE_REBASE,VERIFIED,ARCHIVED_RELEASE_20260821,false,true,true
1986-09-30,1986-09,75.400,75.400,2025=100指数,M,CPI2025_ALL,总务省(e-Stat),OFFICIAL_CANONICAL,CPI2025BASE,linked level RETROSPECTIVE_REBASE,2026-08-21,RETROSPECTIVE_REBASE,VERIFIED,ARCHIVED_RELEASE_20260821,false,true,true
1986-10-31,1986-10,75.500,75.500,2025=100指数,M,CPI2025_ALL,总务省(e-Stat),OFFICIAL_CANONICAL,CPI2025BASE,linked level RETROSPECTIVE_REBASE,2026-08-21,RETROSPECTIVE_REBASE,VERIFIED,ARCHIVED_RELEASE_20260821,false,true,true
1986-11-30,1986-11,75.100,75.100,2025=100指数,M,CPI2025_ALL,总务省(e-Stat),OFFICIAL_CANONICAL,CPI2025BASE,linked level RETROSPECTIVE_REBASE,2026-08-21,RETROSPECTIVE_REBASE,VERIFIED,ARCHIVED_RELEASE_20260821,false,true,true
1986-12-31,1986-12,75.000,75.000,2025=100指数,M,CPI2025_ALL,总务省(e-Stat),OFFICIAL_CANONICAL,CPI2025BASE,linked level RETROSPECTIVE_REBASE,2026-08-21,RETROSPECTIVE_REBASE,VERIFIED,ARCHIVED_RELEASE_20260821,false,true,true
1987-01-31,1987-01,74.700,74.700,2025=100指数,M,CPI2025_ALL,总务省(e-Stat),OFFICIAL_CANONICAL,CPI2025BASE,linked level RETROSPECTIVE_REBASE,2026-08-21,RETROSPECTIVE_REBASE,VERIFIED,ARCHIVED_RELEASE_20260821,false,true,true
1987-02-28,1987-02,74.700,74.700,2025=100指数,M,CPI2025_ALL,总务省(e-Stat),OFFICIAL_CANONICAL,CPI2025BASE,linked level RETROSPECTIVE_REBASE,2026-08-21,RETROSPECTIVE_REBASE,VERIFIED,ARCHIVED_RELEASE_20260821,false,true,true
1987-03-31,1987-03,75.000,75.000,2025=100指数,M,CPI2025_ALL,总务省(e-Stat),OFFICIAL_CANONICAL,CPI2025BASE,linked level RETROSPECTIVE_REBASE,2026-08-21,RETROSPECTIVE_REBASE,VERIFIED,ARCHIVED_RELEASE_20260821,false,true,true
1987-04-30,1987-04,75.600,75.600,2025=100指数,M,CPI2025_ALL,总务省(e-Stat),OFFICIAL_CANONICAL,CPI2025BASE,linked level RETROSPECTIVE_REBASE,2026-08-21,RETROSPECTIVE_REBASE,VERIFIED,ARCHIVED_RELEASE_20260821,false,true,true
1987-05-31,1987-05,75.800,75.800,2025=100指数,M,CPI2025_ALL,总务省(e-Stat),OFFICIAL_CANONICAL,CPI2025BASE,linked level RETROSPECTIVE_REBASE,2026-08-21,RETROSPECTIVE_REBASE,VERIFIED,ARCHIVED_RELEASE_20260821,false,true,true
1987-06-30,1987-06,75.600,75.600,2025=100指数,M,CPI2025_ALL,总务省(e-Stat),OFFICIAL_CANONICAL,CPI2025BASE,linked level RETROSPECTIVE_REBASE,2026-08-21,RETROSPECTIVE_REBASE,VERIFIED,ARCHIVED_RELEASE_20260821,false,true,true
1987-07-31,1987-07,75.300,75.300,2025=100指数,M,CPI2025_ALL,总务省(e-Stat),OFFICIAL_CANONICAL,CPI2025BASE,linked level RETROSPECTIVE_REBASE,2026-08-21,RETROSPECTIVE_REBASE,VERIFIED,ARCHIVED_RELEASE_20260821,false,true,true
1987-08-31,1987-08,75.300,75.300,2025=100指数,M,CPI2025_ALL,总务省(e-Stat),OFFICIAL_CANONICAL,CPI2025BASE,linked level RETROSPECTIVE_REBASE,2026-08-21,RETROSPECTIVE_REBASE,VERIFIED,ARCHIVED_RELEASE_20260821,false,true,true
1987-09-30,1987-09,76.000,76.000,2025=100指数,M,CPI2025_ALL,总务省(e-Stat),OFFICIAL_CANONICAL,CPI2025BASE,linked level RETROSPECTIVE_REBASE,2026-08-21,RETROSPECTIVE_REBASE,VERIFIED,ARCHIVED_RELEASE_20260821,false,true,true
1987-10-31,1987-10,76.000,76.000,2025=100指数,M,CPI2025_ALL,总务省(e-Stat),OFFICIAL_CANONICAL,CPI2025BASE,linked level RETROSPECTIVE_REBASE,2026-08-21,RETROSPECTIVE_REBASE,VERIFIED,ARCHIVED_RELEASE_20260821,false,true,true
1987-11-30,1987-11,75.600,75.600,2025=100指数,M,CPI2025_ALL,总务省(e-Stat),OFFICIAL_CANONICAL,CPI2025BASE,linked level RETROSPECTIVE_REBASE,2026-08-21,RETROSPECTIVE_REBASE,VERIFIED,ARCHIVED_RELEASE_20260821,false,true,true
1987-12-31,1987-12,75.600,75.600,2025=100指数,M,CPI2025_ALL,总务省(e-Stat),OFFICIAL_CANONICAL,CPI2025BASE,linked level RETROSPECTIVE_REBASE,2026-08-21,RETROSPECTIVE_REBASE,VERIFIED,ARCHIVED_RELEASE_20260821,false,true,true
1988-01-31,1988-01,75.300,75.300,2025=100指数,M,CPI2025_ALL,总务省(e-Stat),OFFICIAL_CANONICAL,CPI2025BASE,linked level RETROSPECTIVE_REBASE,2026-08-21,RETROSPECTIVE_REBASE,VERIFIED,ARCHIVED_RELEASE_20260821,false,true,true
1988-02-29,1988-02,75.200,75.200,2025=100指数,M,CPI2025_ALL,总务省(e-Stat),OFFICIAL_CANONICAL,CPI2025BASE,linked level RETROSPECTIVE_REBASE,2026-08-21,RETROSPECTIVE_REBASE,VERIFIED,ARCHIVED_RELEASE_20260821,false,true,true
1988-03-31,1988-03,75.500,75.500,2025=100指数,M,CPI2025_ALL,总务省(e-Stat),OFFICIAL_CANONICAL,CPI2025BASE,linked level RETROSPECTIVE_REBASE,2026-08-21,RETROSPECTIVE_REBASE,VERIFIED,ARCHIVED_RELEASE_20260821,false,true,true
1988-04-30,1988-04,75.900,75.900,2025=100指数,M,CPI2025_ALL,总务省(e-Stat),OFFICIAL_CANONICAL,CPI2025BASE,linked level RETROSPECTIVE_REBASE,2026-08-21,RETROSPECTIVE_REBASE,VERIFIED,ARCHIVED_RELEASE_20260821,false,true,true
1988-05-31,1988-05,75.900,75.900,2025=100指数,M,CPI2025_ALL,总务省(e-Stat),OFFICIAL_CANONICAL,CPI2025BASE,linked level RETROSPECTIVE_REBASE,2026-08-21,RETROSPECTIVE_REBASE,VERIFIED,ARCHIVED_RELEASE_20260821,false,true,true
1988-06-30,1988-06,75.800,75.800,2025=100指数,M,CPI2025_ALL,总务省(e-Stat),OFFICIAL_CANONICAL,CPI2025BASE,linked level RETROSPECTIVE_REBASE,2026-08-21,RETROSPECTIVE_REBASE,VERIFIED,ARCHIVED_RELEASE_20260821,false,true,true
1988-07-31,1988-07,75.600,75.600,2025=100指数,M,CPI2025_ALL,总务省(e-Stat),OFFICIAL_CANONICAL,CPI2025BASE,linked level RETROSPECTIVE_REBASE,2026-08-21,RETROSPECTIVE_REBASE,VERIFIED,ARCHIVED_RELEASE_20260821,false,true,true
1988-08-31,1988-08,75.900,75.900,2025=100指数,M,CPI2025_ALL,总务省(e-Stat),OFFICIAL_CANONICAL,CPI2025BASE,linked level RETROSPECTIVE_REBASE,2026-08-21,RETROSPECTIVE_REBASE,VERIFIED,ARCHIVED_RELEASE_20260821,false,true,true
1988-09-30,1988-09,76.500,76.500,2025=100指数,M,CPI2025_ALL,总务省(e-Stat),OFFICIAL_CANONICAL,CPI2025BASE,linked level RETROSPECTIVE_REBASE,2026-08-21,RETROSPECTIVE_REBASE,VERIFIED,ARCHIVED_RELEASE_20260821,false,true,true
1988-10-31,1988-10,76.800,76.800,2025=100指数,M,CPI2025_ALL,总务省(e-Stat),OFFICIAL_CANONICAL,CPI2025BASE,linked level RETROSPECTIVE_REBASE,2026-08-21,RETROSPECTIVE_REBASE,VERIFIED,ARCHIVED_RELEASE_20260821,false,true,true
1988-11-30,1988-11,76.500,76.500,2025=100指数,M,CPI2025_ALL,总务省(e-Stat),OFFICIAL_CANONICAL,CPI2025BASE,linked level RETROSPECTIVE_REBASE,2026-08-21,RETROSPECTIVE_REBASE,VERIFIED,ARCHIVED_RELEASE_20260821,false,true,true
1988-12-31,1988-12,76.300,76.300,2025=100指数,M,CPI2025_ALL,总务省(e-Stat),OFFICIAL_CANONICAL,CPI2025BASE,linked level RETROSPECTIVE_REBASE,2026-08-21,RETROSPECTIVE_REBASE,VERIFIED,ARCHIVED_RELEASE_20260821,false,true,true
1989-01-31,1989-01,76.200,76.200,2025=100指数,M,CPI2025_ALL,总务省(e-Stat),OFFICIAL_CANONICAL,CPI2025BASE,linked level RETROSPECTIVE_REBASE,2026-08-21,RETROSPECTIVE_REBASE,VERIFIED,ARCHIVED_RELEASE_20260821,false,true,true
1989-02-28,1989-02,75.900,75.900,2025=100指数,M,CPI2025_ALL,总务省(e-Stat),OFFICIAL_CANONICAL,CPI2025BASE,linked level RETROSPECTIVE_REBASE,2026-08-21,RETROSPECTIVE_REBASE,VERIFIED,ARCHIVED_RELEASE_20260821,false,true,true
1989-03-31,1989-03,76.300,76.300,2025=100指数,M,CPI2025_ALL,总务省(e-Stat),OFFICIAL_CANONICAL,CPI2025BASE,linked level RETROSPECTIVE_REBASE,2026-08-21,RETROSPECTIVE_REBASE,VERIFIED,ARCHIVED_RELEASE_20260821,false,true,true
1989-04-30,1989-04,77.700,77.700,2025=100指数,M,CPI2025_ALL,总务省(e-Stat),OFFICIAL_CANONICAL,CPI2025BASE,linked level RETROSPECTIVE_REBASE,2026-08-21,RETROSPECTIVE_REBASE,VERIFIED,ARCHIVED_RELEASE_20260821,false,true,true
1989-05-31,1989-05,78.100,78.100,2025=100指数,M,CPI2025_ALL,总务省(e-Stat),OFFICIAL_CANONICAL,CPI2025BASE,linked level RETROSPECTIVE_REBASE,2026-08-21,RETROSPECTIVE_REBASE,VERIFIED,ARCHIVED_RELEASE_20260821,false,true,true
1989-06-30,1989-06,78.000,78.000,2025=100指数,M,CPI2025_ALL,总务省(e-Stat),OFFICIAL_CANONICAL,CPI2025BASE,linked level RETROSPECTIVE_REBASE,2026-08-21,RETROSPECTIVE_REBASE,VERIFIED,ARCHIVED_RELEASE_20260821,false,true,true
1989-07-31,1989-07,77.900,77.900,2025=100指数,M,CPI2025_ALL,总务省(e-Stat),OFFICIAL_CANONICAL,CPI2025BASE,linked level RETROSPECTIVE_REBASE,2026-08-21,RETROSPECTIVE_REBASE,VERIFIED,ARCHIVED_RELEASE_20260821,false,true,true
1989-08-31,1989-08,77.800,77.800,2025=100指数,M,CPI2025_ALL,总务省(e-Stat),OFFICIAL_CANONICAL,CPI2025BASE,linked level RETROSPECTIVE_REBASE,2026-08-21,RETROSPECTIVE_REBASE,VERIFIED,ARCHIVED_RELEASE_20260821,false,true,true
1989-09-30,1989-09,78.500,78.500,2025=100指数,M,CPI2025_ALL,总务省(e-Stat),OFFICIAL_CANONICAL,CPI2025BASE,linked level RETROSPECTIVE_REBASE,2026-08-21,RETROSPECTIVE_REBASE,VERIFIED,ARCHIVED_RELEASE_20260821,false,true,true
1989-10-31,1989-10,79.100,79.100,2025=100指数,M,CPI2025_ALL,总务省(e-Stat),OFFICIAL_CANONICAL,CPI2025BASE,linked level RETROSPECTIVE_REBASE,2026-08-21,RETROSPECTIVE_REBASE,VERIFIED,ARCHIVED_RELEASE_20260821,false,true,true
1989-11-30,1989-11,78.300,78.300,2025=100指数,M,CPI2025_ALL,总务省(e-Stat),OFFICIAL_CANONICAL,CPI2025BASE,linked level RETROSPECTIVE_REBASE,2026-08-21,RETROSPECTIVE_REBASE,VERIFIED,ARCHIVED_RELEASE_20260821,false,true,true
1989-12-31,1989-12,78.300,78.300,2025=100指数,M,CPI2025_ALL,总务省(e-Stat),OFFICIAL_CANONICAL,CPI2025BASE,linked level RETROSPECTIVE_REBASE,2026-08-21,RETROSPECTIVE_REBASE,VERIFIED,ARCHIVED_RELEASE_20260821,false,true,true
1990-01-31,1990-01,78.700,78.700,2025=100指数,M,CPI2025_ALL,总务省(e-Stat),OFFICIAL_CANONICAL,CPI2025BASE,linked level RETROSPECTIVE_REBASE,2026-08-21,RETROSPECTIVE_REBASE,VERIFIED,ARCHIVED_RELEASE_20260821,false,true,true
1990-02-28,1990-02,78.800,78.800,2025=100指数,M,CPI2025_ALL,总务省(e-Stat),OFFICIAL_CANONICAL,CPI2025BASE,linked level RETROSPECTIVE_REBASE,2026-08-21,RETROSPECTIVE_REBASE,VERIFIED,ARCHIVED_RELEASE_20260821,false,true,true
1990-03-31,1990-03,79.100,79.100,2025=100指数,M,CPI2025_ALL,总务省(e-Stat),OFFICIAL_CANONICAL,CPI2025BASE,linked level RETROSPECTIVE_REBASE,2026-08-21,RETROSPECTIVE_REBASE,VERIFIED,ARCHIVED_RELEASE_20260821,false,true,true
1990-04-30,1990-04,79.700,79.700,2025=100指数,M,CPI2025_ALL,总务省(e-Stat),OFFICIAL_CANONICAL,CPI2025BASE,linked level RETROSPECTIVE_REBASE,2026-08-21,RETROSPECTIVE_REBASE,VERIFIED,ARCHIVED_RELEASE_20260821,false,true,true
1990-05-31,1990-05,80.100,80.100,2025=100指数,M,CPI2025_ALL,总务省(e-Stat),OFFICIAL_CANONICAL,CPI2025BASE,linked level RETROSPECTIVE_REBASE,2026-08-21,RETROSPECTIVE_REBASE,VERIFIED,ARCHIVED_RELEASE_20260821,false,true,true
1990-06-30,1990-06,79.800,79.800,2025=100指数,M,CPI2025_ALL,总务省(e-Stat),OFFICIAL_CANONICAL,CPI2025BASE,linked level RETROSPECTIVE_REBASE,2026-08-21,RETROSPECTIVE_REBASE,VERIFIED,ARCHIVED_RELEASE_20260821,false,true,true
1990-07-31,1990-07,79.700,79.700,2025=100指数,M,CPI2025_ALL,总务省(e-Stat),OFFICIAL_CANONICAL,CPI2025BASE,linked level RETROSPECTIVE_REBASE,2026-08-21,RETROSPECTIVE_REBASE,VERIFIED,ARCHIVED_RELEASE_20260821,false,true,true
1990-08-31,1990-08,80.000,80.000,2025=100指数,M,CPI2025_ALL,总务省(e-Stat),OFFICIAL_CANONICAL,CPI2025BASE,linked level RETROSPECTIVE_REBASE,2026-08-21,RETROSPECTIVE_REBASE,VERIFIED,ARCHIVED_RELEASE_20260821,false,true,true
1990-09-30,1990-09,80.600,80.600,2025=100指数,M,CPI2025_ALL,总务省(e-Stat),OFFICIAL_CANONICAL,CPI2025BASE,linked level RETROSPECTIVE_REBASE,2026-08-21,RETROSPECTIVE_REBASE,VERIFIED,ARCHIVED_RELEASE_20260821,false,true,true
1990-10-31,1990-10,81.500,81.500,2025=100指数,M,CPI2025_ALL,总务省(e-Stat),OFFICIAL_CANONICAL,CPI2025BASE,linked level RETROSPECTIVE_REBASE,2026-08-21,RETROSPECTIVE_REBASE,VERIFIED,ARCHIVED_RELEASE_20260821,false,true,true
1990-11-30,1990-11,81.300,81.300,2025=100指数,M,CPI2025_ALL,总务省(e-Stat),OFFICIAL_CANONICAL,CPI2025BASE,linked level RETROSPECTIVE_REBASE,2026-08-21,RETROSPECTIVE_REBASE,VERIFIED,ARCHIVED_RELEASE_20260821,false,true,true
1990-12-31,1990-12,81.300,81.300,2025=100指数,M,CPI2025_ALL,总务省(e-Stat),OFFICIAL_CANONICAL,CPI2025BASE,linked level RETROSPECTIVE_REBASE,2026-08-21,RETROSPECTIVE_REBASE,VERIFIED,ARCHIVED_RELEASE_20260821,false,true,true
1991-01-31,1991-01,81.800,81.800,2025=100指数,M,CPI2025_ALL,总务省(e-Stat),OFFICIAL_CANONICAL,CPI2025BASE,linked level RETROSPECTIVE_REBASE,2026-08-21,RETROSPECTIVE_REBASE,VERIFIED,ARCHIVED_RELEASE_20260821,false,true,true
1991-02-28,1991-02,81.600,81.600,2025=100指数,M,CPI2025_ALL,总务省(e-Stat),OFFICIAL_CANONICAL,CPI2025BASE,linked level RETROSPECTIVE_REBASE,2026-08-21,RETROSPECTIVE_REBASE,VERIFIED,ARCHIVED_RELEASE_20260821,false,true,true
1991-03-31,1991-03,82.000,82.000,2025=100指数,M,CPI2025_ALL,总务省(e-Stat),OFFICIAL_CANONICAL,CPI2025BASE,linked level RETROSPECTIVE_REBASE,2026-08-21,RETROSPECTIVE_REBASE,VERIFIED,ARCHIVED_RELEASE_20260821,false,true,true
1991-04-30,1991-04,82.500,82.500,2025=100指数,M,CPI2025_ALL,总务省(e-Stat),OFFICIAL_CANONICAL,CPI2025BASE,linked level RETROSPECTIVE_REBASE,2026-08-21,RETROSPECTIVE_REBASE,VERIFIED,ARCHIVED_RELEASE_20260821,false,true,true
1991-05-31,1991-05,82.900,82.900,2025=100指数,M,CPI2025_ALL,总务省(e-Stat),OFFICIAL_CANONICAL,CPI2025BASE,linked level RETROSPECTIVE_REBASE,2026-08-21,RETROSPECTIVE_REBASE,VERIFIED,ARCHIVED_RELEASE_20260821,false,true,true
1991-06-30,1991-06,82.500,82.500,2025=100指数,M,CPI2025_ALL,总务省(e-Stat),OFFICIAL_CANONICAL,CPI2025BASE,linked level RETROSPECTIVE_REBASE,2026-08-21,RETROSPECTIVE_REBASE,VERIFIED,ARCHIVED_RELEASE_20260821,false,true,true
1991-07-31,1991-07,82.500,82.500,2025=100指数,M,CPI2025_ALL,总务省(e-Stat),OFFICIAL_CANONICAL,CPI2025BASE,linked level RETROSPECTIVE_REBASE,2026-08-21,RETROSPECTIVE_REBASE,VERIFIED,ARCHIVED_RELEASE_20260821,false,true,true
1991-08-31,1991-08,82.600,82.600,2025=100指数,M,CPI2025_ALL,总务省(e-Stat),OFFICIAL_CANONICAL,CPI2025BASE,linked level RETROSPECTIVE_REBASE,2026-08-21,RETROSPECTIVE_REBASE,VERIFIED,ARCHIVED_RELEASE_20260821,false,true,true
1991-09-30,1991-09,82.800,82.800,2025=100指数,M,CPI2025_ALL,总务省(e-Stat),OFFICIAL_CANONICAL,CPI2025BASE,linked level RETROSPECTIVE_REBASE,2026-08-21,RETROSPECTIVE_REBASE,VERIFIED,ARCHIVED_RELEASE_20260821,false,true,true
1991-10-31,1991-10,83.700,83.700,2025=100指数,M,CPI2025_ALL,总务省(e-Stat),OFFICIAL_CANONICAL,CPI2025BASE,linked level RETROSPECTIVE_REBASE,2026-08-21,RETROSPECTIVE_REBASE,VERIFIED,ARCHIVED_RELEASE_20260821,false,true,true
1991-11-30,1991-11,83.800,83.800,2025=100指数,M,CPI2025_ALL,总务省(e-Stat),OFFICIAL_CANONICAL,CPI2025BASE,linked level RETROSPECTIVE_REBASE,2026-08-21,RETROSPECTIVE_REBASE,VERIFIED,ARCHIVED_RELEASE_20260821,false,true,true
1991-12-31,1991-12,83.400,83.400,2025=100指数,M,CPI2025_ALL,总务省(e-Stat),OFFICIAL_CANONICAL,CPI2025BASE,linked level RETROSPECTIVE_REBASE,2026-08-21,RETROSPECTIVE_REBASE,VERIFIED,ARCHIVED_RELEASE_20260821,false,true,true
1992-01-31,1992-01,83.300,83.300,2025=100指数,M,CPI2025_ALL,总务省(e-Stat),OFFICIAL_CANONICAL,CPI2025BASE,linked level RETROSPECTIVE_REBASE,2026-08-21,RETROSPECTIVE_REBASE,VERIFIED,ARCHIVED_RELEASE_20260821,false,true,true
1992-02-29,1992-02,83.200,83.200,2025=100指数,M,CPI2025_ALL,总务省(e-Stat),OFFICIAL_CANONICAL,CPI2025BASE,linked level RETROSPECTIVE_REBASE,2026-08-21,RETROSPECTIVE_REBASE,VERIFIED,ARCHIVED_RELEASE_20260821,false,true,true
1992-03-31,1992-03,83.600,83.600,2025=100指数,M,CPI2025_ALL,总务省(e-Stat),OFFICIAL_CANONICAL,CPI2025BASE,linked level RETROSPECTIVE_REBASE,2026-08-21,RETROSPECTIVE_REBASE,VERIFIED,ARCHIVED_RELEASE_20260821,false,true,true
1992-04-30,1992-04,84.500,84.500,2025=100指数,M,CPI2025_ALL,总务省(e-Stat),OFFICIAL_CANONICAL,CPI2025BASE,linked level RETROSPECTIVE_REBASE,2026-08-21,RETROSPECTIVE_REBASE,VERIFIED,ARCHIVED_RELEASE_20260821,false,true,true
1992-05-31,1992-05,84.500,84.500,2025=100指数,M,CPI2025_ALL,总务省(e-Stat),OFFICIAL_CANONICAL,CPI2025BASE,linked level RETROSPECTIVE_REBASE,2026-08-21,RETROSPECTIVE_REBASE,VERIFIED,ARCHIVED_RELEASE_20260821,false,true,true
1992-06-30,1992-06,84.500,84.500,2025=100指数,M,CPI2025_ALL,总务省(e-Stat),OFFICIAL_CANONICAL,CPI2025BASE,linked level RETROSPECTIVE_REBASE,2026-08-21,RETROSPECTIVE_REBASE,VERIFIED,ARCHIVED_RELEASE_20260821,false,true,true
1992-07-31,1992-07,83.800,83.800,2025=100指数,M,CPI2025_ALL,总务省(e-Stat),OFFICIAL_CANONICAL,CPI2025BASE,linked level RETROSPECTIVE_REBASE,2026-08-21,RETROSPECTIVE_REBASE,VERIFIED,ARCHIVED_RELEASE_20260821,false,true,true
1992-08-31,1992-08,84.100,84.100,2025=100指数,M,CPI2025_ALL,总务省(e-Stat),OFFICIAL_CANONICAL,CPI2025BASE,linked level RETROSPECTIVE_REBASE,2026-08-21,RETROSPECTIVE_REBASE,VERIFIED,ARCHIVED_RELEASE_20260821,false,true,true
1992-09-30,1992-09,84.500,84.500,2025=100指数,M,CPI2025_ALL,总务省(e-Stat),OFFICIAL_CANONICAL,CPI2025BASE,linked level RETROSPECTIVE_REBASE,2026-08-21,RETROSPECTIVE_REBASE,VERIFIED,ARCHIVED_RELEASE_20260821,false,true,true
1992-10-31,1992-10,84.500,84.500,2025=100指数,M,CPI2025_ALL,总务省(e-Stat),OFFICIAL_CANONICAL,CPI2025BASE,linked level RETROSPECTIVE_REBASE,2026-08-21,RETROSPECTIVE_REBASE,VERIFIED,ARCHIVED_RELEASE_20260821,false,true,true
1992-11-30,1992-11,84.400,84.400,2025=100指数,M,CPI2025_ALL,总务省(e-Stat),OFFICIAL_CANONICAL,CPI2025BASE,linked level RETROSPECTIVE_REBASE,2026-08-21,RETROSPECTIVE_REBASE,VERIFIED,ARCHIVED_RELEASE_20260821,false,true,true
1992-12-31,1992-12,84.400,84.400,2025=100指数,M,CPI2025_ALL,总务省(e-Stat),OFFICIAL_CANONICAL,CPI2025BASE,linked level RETROSPECTIVE_REBASE,2026-08-21,RETROSPECTIVE_REBASE,VERIFIED,ARCHIVED_RELEASE_20260821,false,true,true
1993-01-31,1993-01,84.300,84.300,2025=100指数,M,CPI2025_ALL,总务省(e-Stat),OFFICIAL_CANONICAL,CPI2025BASE,linked level RETROSPECTIVE_REBASE,2026-08-21,RETROSPECTIVE_REBASE,VERIFIED,ARCHIVED_RELEASE_20260821,false,true,true
1993-02-28,1993-02,84.400,84.400,2025=100指数,M,CPI2025_ALL,总务省(e-Stat),OFFICIAL_CANONICAL,CPI2025BASE,linked level RETROSPECTIVE_REBASE,2026-08-21,RETROSPECTIVE_REBASE,VERIFIED,ARCHIVED_RELEASE_20260821,false,true,true
1993-03-31,1993-03,84.600,84.600,2025=100指数,M,CPI2025_ALL,总务省(e-Stat),OFFICIAL_CANONICAL,CPI2025BASE,linked level RETROSPECTIVE_REBASE,2026-08-21,RETROSPECTIVE_REBASE,VERIFIED,ARCHIVED_RELEASE_20260821,false,true,true
1993-04-30,1993-04,85.200,85.200,2025=100指数,M,CPI2025_ALL,总务省(e-Stat),OFFICIAL_CANONICAL,CPI2025BASE,linked level RETROSPECTIVE_REBASE,2026-08-21,RETROSPECTIVE_REBASE,VERIFIED,ARCHIVED_RELEASE_20260821,false,true,true
1993-05-31,1993-05,85.300,85.300,2025=100指数,M,CPI2025_ALL,总务省(e-Stat),OFFICIAL_CANONICAL,CPI2025BASE,linked level RETROSPECTIVE_REBASE,2026-08-21,RETROSPECTIVE_REBASE,VERIFIED,ARCHIVED_RELEASE_20260821,false,true,true
1993-06-30,1993-06,85.200,85.200,2025=100指数,M,CPI2025_ALL,总务省(e-Stat),OFFICIAL_CANONICAL,CPI2025BASE,linked level RETROSPECTIVE_REBASE,2026-08-21,RETROSPECTIVE_REBASE,VERIFIED,ARCHIVED_RELEASE_20260821,false,true,true
1993-07-31,1993-07,85.400,85.400,2025=100指数,M,CPI2025_ALL,总务省(e-Stat),OFFICIAL_CANONICAL,CPI2025BASE,linked level RETROSPECTIVE_REBASE,2026-08-21,RETROSPECTIVE_REBASE,VERIFIED,ARCHIVED_RELEASE_20260821,false,true,true
1993-08-31,1993-08,85.700,85.700,2025=100指数,M,CPI2025_ALL,总务省(e-Stat),OFFICIAL_CANONICAL,CPI2025BASE,linked level RETROSPECTIVE_REBASE,2026-08-21,RETROSPECTIVE_REBASE,VERIFIED,ARCHIVED_RELEASE_20260821,false,true,true
1993-09-30,1993-09,85.700,85.700,2025=100指数,M,CPI2025_ALL,总务省(e-Stat),OFFICIAL_CANONICAL,CPI2025BASE,linked level RETROSPECTIVE_REBASE,2026-08-21,RETROSPECTIVE_REBASE,VERIFIED,ARCHIVED_RELEASE_20260821,false,true,true
1993-10-31,1993-10,85.700,85.700,2025=100指数,M,CPI2025_ALL,总务省(e-Stat),OFFICIAL_CANONICAL,CPI2025BASE,linked level RETROSPECTIVE_REBASE,2026-08-21,RETROSPECTIVE_REBASE,VERIFIED,ARCHIVED_RELEASE_20260821,false,true,true
1993-11-30,1993-11,85.200,85.200,2025=100指数,M,CPI2025_ALL,总务省(e-Stat),OFFICIAL_CANONICAL,CPI2025BASE,linked level RETROSPECTIVE_REBASE,2026-08-21,RETROSPECTIVE_REBASE,VERIFIED,ARCHIVED_RELEASE_20260821,false,true,true
1993-12-31,1993-12,85.300,85.300,2025=100指数,M,CPI2025_ALL,总务省(e-Stat),OFFICIAL_CANONICAL,CPI2025BASE,linked level RETROSPECTIVE_REBASE,2026-08-21,RETROSPECTIVE_REBASE,VERIFIED,ARCHIVED_RELEASE_20260821,false,true,true
1994-01-31,1994-01,85.300,85.300,2025=100指数,M,CPI2025_ALL,总务省(e-Stat),OFFICIAL_CANONICAL,CPI2025BASE,linked level RETROSPECTIVE_REBASE,2026-08-21,RETROSPECTIVE_REBASE,VERIFIED,ARCHIVED_RELEASE_20260821,false,true,true
1994-02-28,1994-02,85.300,85.300,2025=100指数,M,CPI2025_ALL,总务省(e-Stat),OFFICIAL_CANONICAL,CPI2025BASE,linked level RETROSPECTIVE_REBASE,2026-08-21,RETROSPECTIVE_REBASE,VERIFIED,ARCHIVED_RELEASE_20260821,false,true,true
1994-03-31,1994-03,85.700,85.700,2025=100指数,M,CPI2025_ALL,总务省(e-Stat),OFFICIAL_CANONICAL,CPI2025BASE,linked level RETROSPECTIVE_REBASE,2026-08-21,RETROSPECTIVE_REBASE,VERIFIED,ARCHIVED_RELEASE_20260821,false,true,true
1994-04-30,1994-04,85.900,85.900,2025=100指数,M,CPI2025_ALL,总务省(e-Stat),OFFICIAL_CANONICAL,CPI2025BASE,linked level RETROSPECTIVE_REBASE,2026-08-21,RETROSPECTIVE_REBASE,VERIFIED,ARCHIVED_RELEASE_20260821,false,true,true
1994-05-31,1994-05,86.000,86.000,2025=100指数,M,CPI2025_ALL,总务省(e-Stat),OFFICIAL_CANONICAL,CPI2025BASE,linked level RETROSPECTIVE_REBASE,2026-08-21,RETROSPECTIVE_REBASE,VERIFIED,ARCHIVED_RELEASE_20260821,false,true,true
1994-06-30,1994-06,85.700,85.700,2025=100指数,M,CPI2025_ALL,总务省(e-Stat),OFFICIAL_CANONICAL,CPI2025BASE,linked level RETROSPECTIVE_REBASE,2026-08-21,RETROSPECTIVE_REBASE,VERIFIED,ARCHIVED_RELEASE_20260821,false,true,true
1994-07-31,1994-07,85.300,85.300,2025=100指数,M,CPI2025_ALL,总务省(e-Stat),OFFICIAL_CANONICAL,CPI2025BASE,linked level RETROSPECTIVE_REBASE,2026-08-21,RETROSPECTIVE_REBASE,VERIFIED,ARCHIVED_RELEASE_20260821,false,true,true
1994-08-31,1994-08,85.700,85.700,2025=100指数,M,CPI2025_ALL,总务省(e-Stat),OFFICIAL_CANONICAL,CPI2025BASE,linked level RETROSPECTIVE_REBASE,2026-08-21,RETROSPECTIVE_REBASE,VERIFIED,ARCHIVED_RELEASE_20260821,false,true,true
1994-09-30,1994-09,85.900,85.900,2025=100指数,M,CPI2025_ALL,总务省(e-Stat),OFFICIAL_CANONICAL,CPI2025BASE,linked level RETROSPECTIVE_REBASE,2026-08-21,RETROSPECTIVE_REBASE,VERIFIED,ARCHIVED_RELEASE_20260821,false,true,true
1994-10-31,1994-10,86.300,86.300,2025=100指数,M,CPI2025_ALL,总务省(e-Stat),OFFICIAL_CANONICAL,CPI2025BASE,linked level RETROSPECTIVE_REBASE,2026-08-21,RETROSPECTIVE_REBASE,VERIFIED,ARCHIVED_RELEASE_20260821,false,true,true
1994-11-30,1994-11,86.100,86.100,2025=100指数,M,CPI2025_ALL,总务省(e-Stat),OFFICIAL_CANONICAL,CPI2025BASE,linked level RETROSPECTIVE_REBASE,2026-08-21,RETROSPECTIVE_REBASE,VERIFIED,ARCHIVED_RELEASE_20260821,false,true,true
1994-12-31,1994-12,85.800,85.800,2025=100指数,M,CPI2025_ALL,总务省(e-Stat),OFFICIAL_CANONICAL,CPI2025BASE,linked level RETROSPECTIVE_REBASE,2026-08-21,RETROSPECTIVE_REBASE,VERIFIED,ARCHIVED_RELEASE_20260821,false,true,true
1995-01-31,1995-01,85.800,85.800,2025=100指数,M,CPI2025_ALL,总务省(e-Stat),OFFICIAL_CANONICAL,CPI2025BASE,linked level RETROSPECTIVE_REBASE,2026-08-21,RETROSPECTIVE_REBASE,VERIFIED,ARCHIVED_RELEASE_20260821,false,true,true
1995-02-28,1995-02,85.600,85.600,2025=100指数,M,CPI2025_ALL,总务省(e-Stat),OFFICIAL_CANONICAL,CPI2025BASE,linked level RETROSPECTIVE_REBASE,2026-08-21,RETROSPECTIVE_REBASE,VERIFIED,ARCHIVED_RELEASE_20260821,false,true,true
1995-03-31,1995-03,85.500,85.500,2025=100指数,M,CPI2025_ALL,总务省(e-Stat),OFFICIAL_CANONICAL,CPI2025BASE,linked level RETROSPECTIVE_REBASE,2026-08-21,RETROSPECTIVE_REBASE,VERIFIED,ARCHIVED_RELEASE_20260821,false,true,true
1995-04-30,1995-04,85.700,85.700,2025=100指数,M,CPI2025_ALL,总务省(e-Stat),OFFICIAL_CANONICAL,CPI2025BASE,linked level RETROSPECTIVE_REBASE,2026-08-21,RETROSPECTIVE_REBASE,VERIFIED,ARCHIVED_RELEASE_20260821,false,true,true
1995-05-31,1995-05,85.900,85.900,2025=100指数,M,CPI2025_ALL,总务省(e-Stat),OFFICIAL_CANONICAL,CPI2025BASE,linked level RETROSPECTIVE_REBASE,2026-08-21,RETROSPECTIVE_REBASE,VERIFIED,ARCHIVED_RELEASE_20260821,false,true,true
1995-06-30,1995-06,85.800,85.800,2025=100指数,M,CPI2025_ALL,总务省(e-Stat),OFFICIAL_CANONICAL,CPI2025BASE,linked level RETROSPECTIVE_REBASE,2026-08-21,RETROSPECTIVE_REBASE,VERIFIED,ARCHIVED_RELEASE_20260821,false,true,true
1995-07-31,1995-07,85.400,85.400,2025=100指数,M,CPI2025_ALL,总务省(e-Stat),OFFICIAL_CANONICAL,CPI2025BASE,linked level RETROSPECTIVE_REBASE,2026-08-21,RETROSPECTIVE_REBASE,VERIFIED,ARCHIVED_RELEASE_20260821,false,true,true
1995-08-31,1995-08,85.500,85.500,2025=100指数,M,CPI2025_ALL,总务省(e-Stat),OFFICIAL_CANONICAL,CPI2025BASE,linked level RETROSPECTIVE_REBASE,2026-08-21,RETROSPECTIVE_REBASE,VERIFIED,ARCHIVED_RELEASE_20260821,false,true,true
1995-09-30,1995-09,86.000,86.000,2025=100指数,M,CPI2025_ALL,总务省(e-Stat),OFFICIAL_CANONICAL,CPI2025BASE,linked level RETROSPECTIVE_REBASE,2026-08-21,RETROSPECTIVE_REBASE,VERIFIED,ARCHIVED_RELEASE_20260821,false,true,true
1995-10-31,1995-10,85.700,85.700,2025=100指数,M,CPI2025_ALL,总务省(e-Stat),OFFICIAL_CANONICAL,CPI2025BASE,linked level RETROSPECTIVE_REBASE,2026-08-21,RETROSPECTIVE_REBASE,VERIFIED,ARCHIVED_RELEASE_20260821,false,true,true
1995-11-30,1995-11,85.500,85.500,2025=100指数,M,CPI2025_ALL,总务省(e-Stat),OFFICIAL_CANONICAL,CPI2025BASE,linked level RETROSPECTIVE_REBASE,2026-08-21,RETROSPECTIVE_REBASE,VERIFIED,ARCHIVED_RELEASE_20260821,false,true,true
1995-12-31,1995-12,85.500,85.500,2025=100指数,M,CPI2025_ALL,总务省(e-Stat),OFFICIAL_CANONICAL,CPI2025BASE,linked level RETROSPECTIVE_REBASE,2026-08-21,RETROSPECTIVE_REBASE,VERIFIED,ARCHIVED_RELEASE_20260821,false,true,true
1996-01-31,1996-01,85.400,85.400,2025=100指数,M,CPI2025_ALL,总务省(e-Stat),OFFICIAL_CANONICAL,CPI2025BASE,linked level RETROSPECTIVE_REBASE,2026-08-21,RETROSPECTIVE_REBASE,VERIFIED,ARCHIVED_RELEASE_20260821,false,true,true
1996-02-29,1996-02,85.200,85.200,2025=100指数,M,CPI2025_ALL,总务省(e-Stat),OFFICIAL_CANONICAL,CPI2025BASE,linked level RETROSPECTIVE_REBASE,2026-08-21,RETROSPECTIVE_REBASE,VERIFIED,ARCHIVED_RELEASE_20260821,false,true,true
1996-03-31,1996-03,85.400,85.400,2025=100指数,M,CPI2025_ALL,总务省(e-Stat),OFFICIAL_CANONICAL,CPI2025BASE,linked level RETROSPECTIVE_REBASE,2026-08-21,RETROSPECTIVE_REBASE,VERIFIED,ARCHIVED_RELEASE_20260821,false,true,true
1996-04-30,1996-04,85.900,85.900,2025=100指数,M,CPI2025_ALL,总务省(e-Stat),OFFICIAL_CANONICAL,CPI2025BASE,linked level RETROSPECTIVE_REBASE,2026-08-21,RETROSPECTIVE_REBASE,VERIFIED,ARCHIVED_RELEASE_20260821,false,true,true
1996-05-31,1996-05,86.100,86.100,2025=100指数,M,CPI2025_ALL,总务省(e-Stat),OFFICIAL_CANONICAL,CPI2025BASE,linked level RETROSPECTIVE_REBASE,2026-08-21,RETROSPECTIVE_REBASE,VERIFIED,ARCHIVED_RELEASE_20260821,false,true,true
1996-06-30,1996-06,85.800,85.800,2025=100指数,M,CPI2025_ALL,总务省(e-Stat),OFFICIAL_CANONICAL,CPI2025BASE,linked level RETROSPECTIVE_REBASE,2026-08-21,RETROSPECTIVE_REBASE,VERIFIED,ARCHIVED_RELEASE_20260821,false,true,true
1996-07-31,1996-07,85.700,85.700,2025=100指数,M,CPI2025_ALL,总务省(e-Stat),OFFICIAL_CANONICAL,CPI2025BASE,linked level RETROSPECTIVE_REBASE,2026-08-21,RETROSPECTIVE_REBASE,VERIFIED,ARCHIVED_RELEASE_20260821,false,true,true
1996-08-31,1996-08,85.700,85.700,2025=100指数,M,CPI2025_ALL,总务省(e-Stat),OFFICIAL_CANONICAL,CPI2025BASE,linked level RETROSPECTIVE_REBASE,2026-08-21,RETROSPECTIVE_REBASE,VERIFIED,ARCHIVED_RELEASE_20260821,false,true,true
1996-09-30,1996-09,86.000,86.000,2025=100指数,M,CPI2025_ALL,总务省(e-Stat),OFFICIAL_CANONICAL,CPI2025BASE,linked level RETROSPECTIVE_REBASE,2026-08-21,RETROSPECTIVE_REBASE,VERIFIED,ARCHIVED_RELEASE_20260821,false,true,true
1996-10-31,1996-10,86.200,86.200,2025=100指数,M,CPI2025_ALL,总务省(e-Stat),OFFICIAL_CANONICAL,CPI2025BASE,linked level RETROSPECTIVE_REBASE,2026-08-21,RETROSPECTIVE_REBASE,VERIFIED,ARCHIVED_RELEASE_20260821,false,true,true
1996-11-30,1996-11,85.900,85.900,2025=100指数,M,CPI2025_ALL,总务省(e-Stat),OFFICIAL_CANONICAL,CPI2025BASE,linked level RETROSPECTIVE_REBASE,2026-08-21,RETROSPECTIVE_REBASE,VERIFIED,ARCHIVED_RELEASE_20260821,false,true,true
1996-12-31,1996-12,86.000,86.000,2025=100指数,M,CPI2025_ALL,总务省(e-Stat),OFFICIAL_CANONICAL,CPI2025BASE,linked level RETROSPECTIVE_REBASE,2026-08-21,RETROSPECTIVE_REBASE,VERIFIED,ARCHIVED_RELEASE_20260821,false,true,true
1997-01-31,1997-01,85.900,85.900,2025=100指数,M,CPI2025_ALL,总务省(e-Stat),OFFICIAL_CANONICAL,CPI2025BASE,linked level RETROSPECTIVE_REBASE,2026-08-21,RETROSPECTIVE_REBASE,VERIFIED,ARCHIVED_RELEASE_20260821,false,true,true
1997-02-28,1997-02,85.700,85.700,2025=100指数,M,CPI2025_ALL,总务省(e-Stat),OFFICIAL_CANONICAL,CPI2025BASE,linked level RETROSPECTIVE_REBASE,2026-08-21,RETROSPECTIVE_REBASE,VERIFIED,ARCHIVED_RELEASE_20260821,false,true,true
1997-03-31,1997-03,85.800,85.800,2025=100指数,M,CPI2025_ALL,总务省(e-Stat),OFFICIAL_CANONICAL,CPI2025BASE,linked level RETROSPECTIVE_REBASE,2026-08-21,RETROSPECTIVE_REBASE,VERIFIED,ARCHIVED_RELEASE_20260821,false,true,true
1997-04-30,1997-04,87.500,87.500,2025=100指数,M,CPI2025_ALL,总务省(e-Stat),OFFICIAL_CANONICAL,CPI2025BASE,linked level RETROSPECTIVE_REBASE,2026-08-21,RETROSPECTIVE_REBASE,VERIFIED,ARCHIVED_RELEASE_20260821,false,true,true
1997-05-31,1997-05,87.700,87.700,2025=100指数,M,CPI2025_ALL,总务省(e-Stat),OFFICIAL_CANONICAL,CPI2025BASE,linked level RETROSPECTIVE_REBASE,2026-08-21,RETROSPECTIVE_REBASE,VERIFIED,ARCHIVED_RELEASE_20260821,false,true,true
1997-06-30,1997-06,87.700,87.700,2025=100指数,M,CPI2025_ALL,总务省(e-Stat),OFFICIAL_CANONICAL,CPI2025BASE,linked level RETROSPECTIVE_REBASE,2026-08-21,RETROSPECTIVE_REBASE,VERIFIED,ARCHIVED_RELEASE_20260821,false,true,true
1997-07-31,1997-07,87.400,87.400,2025=100指数,M,CPI2025_ALL,总务省(e-Stat),OFFICIAL_CANONICAL,CPI2025BASE,linked level RETROSPECTIVE_REBASE,2026-08-21,RETROSPECTIVE_REBASE,VERIFIED,ARCHIVED_RELEASE_20260821,false,true,true
1997-08-31,1997-08,87.500,87.500,2025=100指数,M,CPI2025_ALL,总务省(e-Stat),OFFICIAL_CANONICAL,CPI2025BASE,linked level RETROSPECTIVE_REBASE,2026-08-21,RETROSPECTIVE_REBASE,VERIFIED,ARCHIVED_RELEASE_20260821,false,true,true
1997-09-30,1997-09,88.100,88.100,2025=100指数,M,CPI2025_ALL,总务省(e-Stat),OFFICIAL_CANONICAL,CPI2025BASE,linked level RETROSPECTIVE_REBASE,2026-08-21,RETROSPECTIVE_REBASE,VERIFIED,ARCHIVED_RELEASE_20260821,false,true,true
1997-10-31,1997-10,88.300,88.300,2025=100指数,M,CPI2025_ALL,总务省(e-Stat),OFFICIAL_CANONICAL,CPI2025BASE,linked level RETROSPECTIVE_REBASE,2026-08-21,RETROSPECTIVE_REBASE,VERIFIED,ARCHIVED_RELEASE_20260821,false,true,true
1997-11-30,1997-11,87.700,87.700,2025=100指数,M,CPI2025_ALL,总务省(e-Stat),OFFICIAL_CANONICAL,CPI2025BASE,linked level RETROSPECTIVE_REBASE,2026-08-21,RETROSPECTIVE_REBASE,VERIFIED,ARCHIVED_RELEASE_20260821,false,true,true
1997-12-31,1997-12,87.500,87.500,2025=100指数,M,CPI2025_ALL,总务省(e-Stat),OFFICIAL_CANONICAL,CPI2025BASE,linked level RETROSPECTIVE_REBASE,2026-08-21,RETROSPECTIVE_REBASE,VERIFIED,ARCHIVED_RELEASE_20260821,false,true,true
1998-01-31,1998-01,87.500,87.500,2025=100指数,M,CPI2025_ALL,总务省(e-Stat),OFFICIAL_CANONICAL,CPI2025BASE,linked level RETROSPECTIVE_REBASE,2026-08-21,RETROSPECTIVE_REBASE,VERIFIED,ARCHIVED_RELEASE_20260821,false,true,true
1998-02-28,1998-02,87.400,87.400,2025=100指数,M,CPI2025_ALL,总务省(e-Stat),OFFICIAL_CANONICAL,CPI2025BASE,linked level RETROSPECTIVE_REBASE,2026-08-21,RETROSPECTIVE_REBASE,VERIFIED,ARCHIVED_RELEASE_20260821,false,true,true
1998-03-31,1998-03,87.700,87.700,2025=100指数,M,CPI2025_ALL,总务省(e-Stat),OFFICIAL_CANONICAL,CPI2025BASE,linked level RETROSPECTIVE_REBASE,2026-08-21,RETROSPECTIVE_REBASE,VERIFIED,ARCHIVED_RELEASE_20260821,false,true,true
1998-04-30,1998-04,87.900,87.900,2025=100指数,M,CPI2025_ALL,总务省(e-Stat),OFFICIAL_CANONICAL,CPI2025BASE,linked level RETROSPECTIVE_REBASE,2026-08-21,RETROSPECTIVE_REBASE,VERIFIED,ARCHIVED_RELEASE_20260821,false,true,true
1998-05-31,1998-05,88.100,88.100,2025=100指数,M,CPI2025_ALL,总务省(e-Stat),OFFICIAL_CANONICAL,CPI2025BASE,linked level RETROSPECTIVE_REBASE,2026-08-21,RETROSPECTIVE_REBASE,VERIFIED,ARCHIVED_RELEASE_20260821,false,true,true
1998-06-30,1998-06,87.800,87.800,2025=100指数,M,CPI2025_ALL,总务省(e-Stat),OFFICIAL_CANONICAL,CPI2025BASE,linked level RETROSPECTIVE_REBASE,2026-08-21,RETROSPECTIVE_REBASE,VERIFIED,ARCHIVED_RELEASE_20260821,false,true,true
1998-07-31,1998-07,87.300,87.300,2025=100指数,M,CPI2025_ALL,总务省(e-Stat),OFFICIAL_CANONICAL,CPI2025BASE,linked level RETROSPECTIVE_REBASE,2026-08-21,RETROSPECTIVE_REBASE,VERIFIED,ARCHIVED_RELEASE_20260821,false,true,true
1998-08-31,1998-08,87.200,87.200,2025=100指数,M,CPI2025_ALL,总务省(e-Stat),OFFICIAL_CANONICAL,CPI2025BASE,linked level RETROSPECTIVE_REBASE,2026-08-21,RETROSPECTIVE_REBASE,VERIFIED,ARCHIVED_RELEASE_20260821,false,true,true
1998-09-30,1998-09,87.900,87.900,2025=100指数,M,CPI2025_ALL,总务省(e-Stat),OFFICIAL_CANONICAL,CPI2025BASE,linked level RETROSPECTIVE_REBASE,2026-08-21,RETROSPECTIVE_REBASE,VERIFIED,ARCHIVED_RELEASE_20260821,false,true,true
1998-10-31,1998-10,88.500,88.500,2025=100指数,M,CPI2025_ALL,总务省(e-Stat),OFFICIAL_CANONICAL,CPI2025BASE,linked level RETROSPECTIVE_REBASE,2026-08-21,RETROSPECTIVE_REBASE,VERIFIED,ARCHIVED_RELEASE_20260821,false,true,true
1998-11-30,1998-11,88.400,88.400,2025=100指数,M,CPI2025_ALL,总务省(e-Stat),OFFICIAL_CANONICAL,CPI2025BASE,linked level RETROSPECTIVE_REBASE,2026-08-21,RETROSPECTIVE_REBASE,VERIFIED,ARCHIVED_RELEASE_20260821,false,true,true
1998-12-31,1998-12,88.100,88.100,2025=100指数,M,CPI2025_ALL,总务省(e-Stat),OFFICIAL_CANONICAL,CPI2025BASE,linked level RETROSPECTIVE_REBASE,2026-08-21,RETROSPECTIVE_REBASE,VERIFIED,ARCHIVED_RELEASE_20260821,false,true,true
1999-01-31,1999-01,87.600,87.600,2025=100指数,M,CPI2025_ALL,总务省(e-Stat),OFFICIAL_CANONICAL,CPI2025BASE,linked level RETROSPECTIVE_REBASE,2026-08-21,RETROSPECTIVE_REBASE,VERIFIED,ARCHIVED_RELEASE_20260821,false,true,true
1999-02-28,1999-02,87.300,87.300,2025=100指数,M,CPI2025_ALL,总务省(e-Stat),OFFICIAL_CANONICAL,CPI2025BASE,linked level RETROSPECTIVE_REBASE,2026-08-21,RETROSPECTIVE_REBASE,VERIFIED,ARCHIVED_RELEASE_20260821,false,true,true
1999-03-31,1999-03,87.400,87.400,2025=100指数,M,CPI2025_ALL,总务省(e-Stat),OFFICIAL_CANONICAL,CPI2025BASE,linked level RETROSPECTIVE_REBASE,2026-08-21,RETROSPECTIVE_REBASE,VERIFIED,ARCHIVED_RELEASE_20260821,false,true,true
1999-04-30,1999-04,87.800,87.800,2025=100指数,M,CPI2025_ALL,总务省(e-Stat),OFFICIAL_CANONICAL,CPI2025BASE,linked level RETROSPECTIVE_REBASE,2026-08-21,RETROSPECTIVE_REBASE,VERIFIED,ARCHIVED_RELEASE_20260821,false,true,true
1999-05-31,1999-05,87.800,87.800,2025=100指数,M,CPI2025_ALL,总务省(e-Stat),OFFICIAL_CANONICAL,CPI2025BASE,linked level RETROSPECTIVE_REBASE,2026-08-21,RETROSPECTIVE_REBASE,VERIFIED,ARCHIVED_RELEASE_20260821,false,true,true
1999-06-30,1999-06,87.500,87.500,2025=100指数,M,CPI2025_ALL,总务省(e-Stat),OFFICIAL_CANONICAL,CPI2025BASE,linked level RETROSPECTIVE_REBASE,2026-08-21,RETROSPECTIVE_REBASE,VERIFIED,ARCHIVED_RELEASE_20260821,false,true,true
1999-07-31,1999-07,87.200,87.200,2025=100指数,M,CPI2025_ALL,总务省(e-Stat),OFFICIAL_CANONICAL,CPI2025BASE,linked level RETROSPECTIVE_REBASE,2026-08-21,RETROSPECTIVE_REBASE,VERIFIED,ARCHIVED_RELEASE_20260821,false,true,true
1999-08-31,1999-08,87.500,87.500,2025=100指数,M,CPI2025_ALL,总务省(e-Stat),OFFICIAL_CANONICAL,CPI2025BASE,linked level RETROSPECTIVE_REBASE,2026-08-21,RETROSPECTIVE_REBASE,VERIFIED,ARCHIVED_RELEASE_20260821,false,true,true
1999-09-30,1999-09,87.700,87.700,2025=100指数,M,CPI2025_ALL,总务省(e-Stat),OFFICIAL_CANONICAL,CPI2025BASE,linked level RETROSPECTIVE_REBASE,2026-08-21,RETROSPECTIVE_REBASE,VERIFIED,ARCHIVED_RELEASE_20260821,false,true,true
1999-10-31,1999-10,87.900,87.900,2025=100指数,M,CPI2025_ALL,总务省(e-Stat),OFFICIAL_CANONICAL,CPI2025BASE,linked level RETROSPECTIVE_REBASE,2026-08-21,RETROSPECTIVE_REBASE,VERIFIED,ARCHIVED_RELEASE_20260821,false,true,true
1999-11-30,1999-11,87.400,87.400,2025=100指数,M,CPI2025_ALL,总务省(e-Stat),OFFICIAL_CANONICAL,CPI2025BASE,linked level RETROSPECTIVE_REBASE,2026-08-21,RETROSPECTIVE_REBASE,VERIFIED,ARCHIVED_RELEASE_20260821,false,true,true
1999-12-31,1999-12,87.100,87.100,2025=100指数,M,CPI2025_ALL,总务省(e-Stat),OFFICIAL_CANONICAL,CPI2025BASE,linked level RETROSPECTIVE_REBASE,2026-08-21,RETROSPECTIVE_REBASE,VERIFIED,ARCHIVED_RELEASE_20260821,false,true,true
2000-01-31,2000-01,87.000,87.000,2025=100指数,M,CPI2025_ALL,总务省(e-Stat),OFFICIAL_CANONICAL,CPI2025BASE,linked level RETROSPECTIVE_REBASE,2026-08-21,RETROSPECTIVE_REBASE,VERIFIED,ARCHIVED_RELEASE_20260821,false,true,true
2000-02-29,2000-02,86.800,86.800,2025=100指数,M,CPI2025_ALL,总务省(e-Stat),OFFICIAL_CANONICAL,CPI2025BASE,linked level RETROSPECTIVE_REBASE,2026-08-21,RETROSPECTIVE_REBASE,VERIFIED,ARCHIVED_RELEASE_20260821,false,true,true
2000-03-31,2000-03,86.900,86.900,2025=100指数,M,CPI2025_ALL,总务省(e-Stat),OFFICIAL_CANONICAL,CPI2025BASE,linked level RETROSPECTIVE_REBASE,2026-08-21,RETROSPECTIVE_REBASE,VERIFIED,ARCHIVED_RELEASE_20260821,false,true,true
2000-04-30,2000-04,87.100,87.100,2025=100指数,M,CPI2025_ALL,总务省(e-Stat),OFFICIAL_CANONICAL,CPI2025BASE,linked level RETROSPECTIVE_REBASE,2026-08-21,RETROSPECTIVE_REBASE,VERIFIED,ARCHIVED_RELEASE_20260821,false,true,true
2000-05-31,2000-05,87.200,87.200,2025=100指数,M,CPI2025_ALL,总务省(e-Stat),OFFICIAL_CANONICAL,CPI2025BASE,linked level RETROSPECTIVE_REBASE,2026-08-21,RETROSPECTIVE_REBASE,VERIFIED,ARCHIVED_RELEASE_20260821,false,true,true
2000-06-30,2000-06,87.000,87.000,2025=100指数,M,CPI2025_ALL,总务省(e-Stat),OFFICIAL_CANONICAL,CPI2025BASE,linked level RETROSPECTIVE_REBASE,2026-08-21,RETROSPECTIVE_REBASE,VERIFIED,ARCHIVED_RELEASE_20260821,false,true,true
2000-07-31,2000-07,86.800,86.800,2025=100指数,M,CPI2025_ALL,总务省(e-Stat),OFFICIAL_CANONICAL,CPI2025BASE,linked level RETROSPECTIVE_REBASE,2026-08-21,RETROSPECTIVE_REBASE,VERIFIED,ARCHIVED_RELEASE_20260821,false,true,true
2000-08-31,2000-08,87.000,87.000,2025=100指数,M,CPI2025_ALL,总务省(e-Stat),OFFICIAL_CANONICAL,CPI2025BASE,linked level RETROSPECTIVE_REBASE,2026-08-21,RETROSPECTIVE_REBASE,VERIFIED,ARCHIVED_RELEASE_20260821,false,true,true
2000-09-30,2000-09,86.900,86.900,2025=100指数,M,CPI2025_ALL,总务省(e-Stat),OFFICIAL_CANONICAL,CPI2025BASE,linked level RETROSPECTIVE_REBASE,2026-08-21,RETROSPECTIVE_REBASE,VERIFIED,ARCHIVED_RELEASE_20260821,false,true,true
2000-10-31,2000-10,86.900,86.900,2025=100指数,M,CPI2025_ALL,总务省(e-Stat),OFFICIAL_CANONICAL,CPI2025BASE,linked level RETROSPECTIVE_REBASE,2026-08-21,RETROSPECTIVE_REBASE,VERIFIED,ARCHIVED_RELEASE_20260821,false,true,true
2000-11-30,2000-11,86.700,86.700,2025=100指数,M,CPI2025_ALL,总务省(e-Stat),OFFICIAL_CANONICAL,CPI2025BASE,linked level RETROSPECTIVE_REBASE,2026-08-21,RETROSPECTIVE_REBASE,VERIFIED,ARCHIVED_RELEASE_20260821,false,true,true
2000-12-31,2000-12,86.800,86.800,2025=100指数,M,CPI2025_ALL,总务省(e-Stat),OFFICIAL_CANONICAL,CPI2025BASE,linked level RETROSPECTIVE_REBASE,2026-08-21,RETROSPECTIVE_REBASE,VERIFIED,ARCHIVED_RELEASE_20260821,false,true,true
2001-01-31,2001-01,86.800,86.800,2025=100指数,M,CPI2025_ALL,总务省(e-Stat),OFFICIAL_CANONICAL,CPI2025BASE,linked level RETROSPECTIVE_REBASE,2026-08-21,RETROSPECTIVE_REBASE,VERIFIED,ARCHIVED_RELEASE_20260821,false,true,true
2001-02-28,2001-02,86.500,86.500,2025=100指数,M,CPI2025_ALL,总务省(e-Stat),OFFICIAL_CANONICAL,CPI2025BASE,linked level RETROSPECTIVE_REBASE,2026-08-21,RETROSPECTIVE_REBASE,VERIFIED,ARCHIVED_RELEASE_20260821,false,true,true
2001-03-31,2001-03,86.300,86.300,2025=100指数,M,CPI2025_ALL,总务省(e-Stat),OFFICIAL_CANONICAL,CPI2025BASE,linked level RETROSPECTIVE_REBASE,2026-08-21,RETROSPECTIVE_REBASE,VERIFIED,ARCHIVED_RELEASE_20260821,false,true,true
2001-04-30,2001-04,86.500,86.500,2025=100指数,M,CPI2025_ALL,总务省(e-Stat),OFFICIAL_CANONICAL,CPI2025BASE,linked level RETROSPECTIVE_REBASE,2026-08-21,RETROSPECTIVE_REBASE,VERIFIED,ARCHIVED_RELEASE_20260821,false,true,true
2001-05-31,2001-05,86.600,86.600,2025=100指数,M,CPI2025_ALL,总务省(e-Stat),OFFICIAL_CANONICAL,CPI2025BASE,linked level RETROSPECTIVE_REBASE,2026-08-21,RETROSPECTIVE_REBASE,VERIFIED,ARCHIVED_RELEASE_20260821,false,true,true
2001-06-30,2001-06,86.300,86.300,2025=100指数,M,CPI2025_ALL,总务省(e-Stat),OFFICIAL_CANONICAL,CPI2025BASE,linked level RETROSPECTIVE_REBASE,2026-08-21,RETROSPECTIVE_REBASE,VERIFIED,ARCHIVED_RELEASE_20260821,false,true,true
2001-07-31,2001-07,86.100,86.100,2025=100指数,M,CPI2025_ALL,总务省(e-Stat),OFFICIAL_CANONICAL,CPI2025BASE,linked level RETROSPECTIVE_REBASE,2026-08-21,RETROSPECTIVE_REBASE,VERIFIED,ARCHIVED_RELEASE_20260821,false,true,true
2001-08-31,2001-08,86.400,86.400,2025=100指数,M,CPI2025_ALL,总务省(e-Stat),OFFICIAL_CANONICAL,CPI2025BASE,linked level RETROSPECTIVE_REBASE,2026-08-21,RETROSPECTIVE_REBASE,VERIFIED,ARCHIVED_RELEASE_20260821,false,true,true
2001-09-30,2001-09,86.300,86.300,2025=100指数,M,CPI2025_ALL,总务省(e-Stat),OFFICIAL_CANONICAL,CPI2025BASE,linked level RETROSPECTIVE_REBASE,2026-08-21,RETROSPECTIVE_REBASE,VERIFIED,ARCHIVED_RELEASE_20260821,false,true,true
2001-10-31,2001-10,86.300,86.300,2025=100指数,M,CPI2025_ALL,总务省(e-Stat),OFFICIAL_CANONICAL,CPI2025BASE,linked level RETROSPECTIVE_REBASE,2026-08-21,RETROSPECTIVE_REBASE,VERIFIED,ARCHIVED_RELEASE_20260821,false,true,true
2001-11-30,2001-11,85.800,85.800,2025=100指数,M,CPI2025_ALL,总务省(e-Stat),OFFICIAL_CANONICAL,CPI2025BASE,linked level RETROSPECTIVE_REBASE,2026-08-21,RETROSPECTIVE_REBASE,VERIFIED,ARCHIVED_RELEASE_20260821,false,true,true
2001-12-31,2001-12,85.700,85.700,2025=100指数,M,CPI2025_ALL,总务省(e-Stat),OFFICIAL_CANONICAL,CPI2025BASE,linked level RETROSPECTIVE_REBASE,2026-08-21,RETROSPECTIVE_REBASE,VERIFIED,ARCHIVED_RELEASE_20260821,false,true,true
2002-01-31,2002-01,85.600,85.600,2025=100指数,M,CPI2025_ALL,总务省(e-Stat),OFFICIAL_CANONICAL,CPI2025BASE,linked level RETROSPECTIVE_REBASE,2026-08-21,RETROSPECTIVE_REBASE,VERIFIED,ARCHIVED_RELEASE_20260821,false,true,true
2002-02-28,2002-02,85.100,85.100,2025=100指数,M,CPI2025_ALL,总务省(e-Stat),OFFICIAL_CANONICAL,CPI2025BASE,linked level RETROSPECTIVE_REBASE,2026-08-21,RETROSPECTIVE_REBASE,VERIFIED,ARCHIVED_RELEASE_20260821,false,true,true
2002-03-31,2002-03,85.300,85.300,2025=100指数,M,CPI2025_ALL,总务省(e-Stat),OFFICIAL_CANONICAL,CPI2025BASE,linked level RETROSPECTIVE_REBASE,2026-08-21,RETROSPECTIVE_REBASE,VERIFIED,ARCHIVED_RELEASE_20260821,false,true,true
2002-04-30,2002-04,85.600,85.600,2025=100指数,M,CPI2025_ALL,总务省(e-Stat),OFFICIAL_CANONICAL,CPI2025BASE,linked level RETROSPECTIVE_REBASE,2026-08-21,RETROSPECTIVE_REBASE,VERIFIED,ARCHIVED_RELEASE_20260821,false,true,true
2002-05-31,2002-05,85.800,85.800,2025=100指数,M,CPI2025_ALL,总务省(e-Stat),OFFICIAL_CANONICAL,CPI2025BASE,linked level RETROSPECTIVE_REBASE,2026-08-21,RETROSPECTIVE_REBASE,VERIFIED,ARCHIVED_RELEASE_20260821,false,true,true
2002-06-30,2002-06,85.700,85.700,2025=100指数,M,CPI2025_ALL,总务省(e-Stat),OFFICIAL_CANONICAL,CPI2025BASE,linked level RETROSPECTIVE_REBASE,2026-08-21,RETROSPECTIVE_REBASE,VERIFIED,ARCHIVED_RELEASE_20260821,false,true,true
2002-07-31,2002-07,85.400,85.400,2025=100指数,M,CPI2025_ALL,总务省(e-Stat),OFFICIAL_CANONICAL,CPI2025BASE,linked level RETROSPECTIVE_REBASE,2026-08-21,RETROSPECTIVE_REBASE,VERIFIED,ARCHIVED_RELEASE_20260821,false,true,true
2002-08-31,2002-08,85.600,85.600,2025=100指数,M,CPI2025_ALL,总务省(e-Stat),OFFICIAL_CANONICAL,CPI2025BASE,linked level RETROSPECTIVE_REBASE,2026-08-21,RETROSPECTIVE_REBASE,VERIFIED,ARCHIVED_RELEASE_20260821,false,true,true
2002-09-30,2002-09,85.600,85.600,2025=100指数,M,CPI2025_ALL,总务省(e-Stat),OFFICIAL_CANONICAL,CPI2025BASE,linked level RETROSPECTIVE_REBASE,2026-08-21,RETROSPECTIVE_REBASE,VERIFIED,ARCHIVED_RELEASE_20260821,false,true,true
2002-10-31,2002-10,85.500,85.500,2025=100指数,M,CPI2025_ALL,总务省(e-Stat),OFFICIAL_CANONICAL,CPI2025BASE,linked level RETROSPECTIVE_REBASE,2026-08-21,RETROSPECTIVE_REBASE,VERIFIED,ARCHIVED_RELEASE_20260821,false,true,true
2002-11-30,2002-11,85.500,85.500,2025=100指数,M,CPI2025_ALL,总务省(e-Stat),OFFICIAL_CANONICAL,CPI2025BASE,linked level RETROSPECTIVE_REBASE,2026-08-21,RETROSPECTIVE_REBASE,VERIFIED,ARCHIVED_RELEASE_20260821,false,true,true
2002-12-31,2002-12,85.500,85.500,2025=100指数,M,CPI2025_ALL,总务省(e-Stat),OFFICIAL_CANONICAL,CPI2025BASE,linked level RETROSPECTIVE_REBASE,2026-08-21,RETROSPECTIVE_REBASE,VERIFIED,ARCHIVED_RELEASE_20260821,false,true,true
2003-01-31,2003-01,85.200,85.200,2025=100指数,M,CPI2025_ALL,总务省(e-Stat),OFFICIAL_CANONICAL,CPI2025BASE,linked level RETROSPECTIVE_REBASE,2026-08-21,RETROSPECTIVE_REBASE,VERIFIED,ARCHIVED_RELEASE_20260821,false,true,true
2003-02-28,2003-02,84.900,84.900,2025=100指数,M,CPI2025_ALL,总务省(e-Stat),OFFICIAL_CANONICAL,CPI2025BASE,linked level RETROSPECTIVE_REBASE,2026-08-21,RETROSPECTIVE_REBASE,VERIFIED,ARCHIVED_RELEASE_20260821,false,true,true
2003-03-31,2003-03,85.200,85.200,2025=100指数,M,CPI2025_ALL,总务省(e-Stat),OFFICIAL_CANONICAL,CPI2025BASE,linked level RETROSPECTIVE_REBASE,2026-08-21,RETROSPECTIVE_REBASE,VERIFIED,ARCHIVED_RELEASE_20260821,false,true,true
2003-04-30,2003-04,85.500,85.500,2025=100指数,M,CPI2025_ALL,总务省(e-Stat),OFFICIAL_CANONICAL,CPI2025BASE,linked level RETROSPECTIVE_REBASE,2026-08-21,RETROSPECTIVE_REBASE,VERIFIED,ARCHIVED_RELEASE_20260821,false,true,true
2003-05-31,2003-05,85.600,85.600,2025=100指数,M,CPI2025_ALL,总务省(e-Stat),OFFICIAL_CANONICAL,CPI2025BASE,linked level RETROSPECTIVE_REBASE,2026-08-21,RETROSPECTIVE_REBASE,VERIFIED,ARCHIVED_RELEASE_20260821,false,true,true
2003-06-30,2003-06,85.400,85.400,2025=100指数,M,CPI2025_ALL,总务省(e-Stat),OFFICIAL_CANONICAL,CPI2025BASE,linked level RETROSPECTIVE_REBASE,2026-08-21,RETROSPECTIVE_REBASE,VERIFIED,ARCHIVED_RELEASE_20260821,false,true,true
2003-07-31,2003-07,85.200,85.200,2025=100指数,M,CPI2025_ALL,总务省(e-Stat),OFFICIAL_CANONICAL,CPI2025BASE,linked level RETROSPECTIVE_REBASE,2026-08-21,RETROSPECTIVE_REBASE,VERIFIED,ARCHIVED_RELEASE_20260821,false,true,true
2003-08-31,2003-08,85.400,85.400,2025=100指数,M,CPI2025_ALL,总务省(e-Stat),OFFICIAL_CANONICAL,CPI2025BASE,linked level RETROSPECTIVE_REBASE,2026-08-21,RETROSPECTIVE_REBASE,VERIFIED,ARCHIVED_RELEASE_20260821,false,true,true
2003-09-30,2003-09,85.500,85.500,2025=100指数,M,CPI2025_ALL,总务省(e-Stat),OFFICIAL_CANONICAL,CPI2025BASE,linked level RETROSPECTIVE_REBASE,2026-08-21,RETROSPECTIVE_REBASE,VERIFIED,ARCHIVED_RELEASE_20260821,false,true,true
2003-10-31,2003-10,85.500,85.500,2025=100指数,M,CPI2025_ALL,总务省(e-Stat),OFFICIAL_CANONICAL,CPI2025BASE,linked level RETROSPECTIVE_REBASE,2026-08-21,RETROSPECTIVE_REBASE,VERIFIED,ARCHIVED_RELEASE_20260821,false,true,true
2003-11-30,2003-11,85.000,85.000,2025=100指数,M,CPI2025_ALL,总务省(e-Stat),OFFICIAL_CANONICAL,CPI2025BASE,linked level RETROSPECTIVE_REBASE,2026-08-21,RETROSPECTIVE_REBASE,VERIFIED,ARCHIVED_RELEASE_20260821,false,true,true
2003-12-31,2003-12,85.100,85.100,2025=100指数,M,CPI2025_ALL,总务省(e-Stat),OFFICIAL_CANONICAL,CPI2025BASE,linked level RETROSPECTIVE_REBASE,2026-08-21,RETROSPECTIVE_REBASE,VERIFIED,ARCHIVED_RELEASE_20260821,false,true,true
2004-01-31,2004-01,84.900,84.900,2025=100指数,M,CPI2025_ALL,总务省(e-Stat),OFFICIAL_CANONICAL,CPI2025BASE,linked level RETROSPECTIVE_REBASE,2026-08-21,RETROSPECTIVE_REBASE,VERIFIED,ARCHIVED_RELEASE_20260821,false,true,true
2004-02-29,2004-02,84.900,84.900,2025=100指数,M,CPI2025_ALL,总务省(e-Stat),OFFICIAL_CANONICAL,CPI2025BASE,linked level RETROSPECTIVE_REBASE,2026-08-21,RETROSPECTIVE_REBASE,VERIFIED,ARCHIVED_RELEASE_20260821,false,true,true
2004-03-31,2004-03,85.100,85.100,2025=100指数,M,CPI2025_ALL,总务省(e-Stat),OFFICIAL_CANONICAL,CPI2025BASE,linked level RETROSPECTIVE_REBASE,2026-08-21,RETROSPECTIVE_REBASE,VERIFIED,ARCHIVED_RELEASE_20260821,false,true,true
2004-04-30,2004-04,85.100,85.100,2025=100指数,M,CPI2025_ALL,总务省(e-Stat),OFFICIAL_CANONICAL,CPI2025BASE,linked level RETROSPECTIVE_REBASE,2026-08-21,RETROSPECTIVE_REBASE,VERIFIED,ARCHIVED_RELEASE_20260821,false,true,true
2004-05-31,2004-05,85.200,85.200,2025=100指数,M,CPI2025_ALL,总务省(e-Stat),OFFICIAL_CANONICAL,CPI2025BASE,linked level RETROSPECTIVE_REBASE,2026-08-21,RETROSPECTIVE_REBASE,VERIFIED,ARCHIVED_RELEASE_20260821,false,true,true
2004-06-30,2004-06,85.400,85.400,2025=100指数,M,CPI2025_ALL,总务省(e-Stat),OFFICIAL_CANONICAL,CPI2025BASE,linked level RETROSPECTIVE_REBASE,2026-08-21,RETROSPECTIVE_REBASE,VERIFIED,ARCHIVED_RELEASE_20260821,false,true,true
2004-07-31,2004-07,85.100,85.100,2025=100指数,M,CPI2025_ALL,总务省(e-Stat),OFFICIAL_CANONICAL,CPI2025BASE,linked level RETROSPECTIVE_REBASE,2026-08-21,RETROSPECTIVE_REBASE,VERIFIED,ARCHIVED_RELEASE_20260821,false,true,true
2004-08-31,2004-08,85.200,85.200,2025=100指数,M,CPI2025_ALL,总务省(e-Stat),OFFICIAL_CANONICAL,CPI2025BASE,linked level RETROSPECTIVE_REBASE,2026-08-21,RETROSPECTIVE_REBASE,VERIFIED,ARCHIVED_RELEASE_20260821,false,true,true
2004-09-30,2004-09,85.500,85.500,2025=100指数,M,CPI2025_ALL,总务省(e-Stat),OFFICIAL_CANONICAL,CPI2025BASE,linked level RETROSPECTIVE_REBASE,2026-08-21,RETROSPECTIVE_REBASE,VERIFIED,ARCHIVED_RELEASE_20260821,false,true,true
2004-10-31,2004-10,85.900,85.900,2025=100指数,M,CPI2025_ALL,总务省(e-Stat),OFFICIAL_CANONICAL,CPI2025BASE,linked level RETROSPECTIVE_REBASE,2026-08-21,RETROSPECTIVE_REBASE,VERIFIED,ARCHIVED_RELEASE_20260821,false,true,true
2004-11-30,2004-11,85.700,85.700,2025=100指数,M,CPI2025_ALL,总务省(e-Stat),OFFICIAL_CANONICAL,CPI2025BASE,linked level RETROSPECTIVE_REBASE,2026-08-21,RETROSPECTIVE_REBASE,VERIFIED,ARCHIVED_RELEASE_20260821,false,true,true
2004-12-31,2004-12,85.300,85.300,2025=100指数,M,CPI2025_ALL,总务省(e-Stat),OFFICIAL_CANONICAL,CPI2025BASE,linked level RETROSPECTIVE_REBASE,2026-08-21,RETROSPECTIVE_REBASE,VERIFIED,ARCHIVED_RELEASE_20260821,false,true,true
2005-01-31,2005-01,85.100,85.100,2025=100指数,M,CPI2025_ALL,总务省(e-Stat),OFFICIAL_CANONICAL,CPI2025BASE,linked level RETROSPECTIVE_REBASE,2026-08-21,RETROSPECTIVE_REBASE,VERIFIED,ARCHIVED_RELEASE_20260821,false,true,true
2005-02-28,2005-02,84.900,84.900,2025=100指数,M,CPI2025_ALL,总务省(e-Stat),OFFICIAL_CANONICAL,CPI2025BASE,linked level RETROSPECTIVE_REBASE,2026-08-21,RETROSPECTIVE_REBASE,VERIFIED,ARCHIVED_RELEASE_20260821,false,true,true
2005-03-31,2005-03,85.100,85.100,2025=100指数,M,CPI2025_ALL,总务省(e-Stat),OFFICIAL_CANONICAL,CPI2025BASE,linked level RETROSPECTIVE_REBASE,2026-08-21,RETROSPECTIVE_REBASE,VERIFIED,ARCHIVED_RELEASE_20260821,false,true,true
2005-04-30,2005-04,85.200,85.200,2025=100指数,M,CPI2025_ALL,总务省(e-Stat),OFFICIAL_CANONICAL,CPI2025BASE,linked level RETROSPECTIVE_REBASE,2026-08-21,RETROSPECTIVE_REBASE,VERIFIED,ARCHIVED_RELEASE_20260821,false,true,true
2005-05-31,2005-05,85.300,85.300,2025=100指数,M,CPI2025_ALL,总务省(e-Stat),OFFICIAL_CANONICAL,CPI2025BASE,linked level RETROSPECTIVE_REBASE,2026-08-21,RETROSPECTIVE_REBASE,VERIFIED,ARCHIVED_RELEASE_20260821,false,true,true
2005-06-30,2005-06,85.000,85.000,2025=100指数,M,CPI2025_ALL,总务省(e-Stat),OFFICIAL_CANONICAL,CPI2025BASE,linked level RETROSPECTIVE_REBASE,2026-08-21,RETROSPECTIVE_REBASE,VERIFIED,ARCHIVED_RELEASE_20260821,false,true,true
2005-07-31,2005-07,84.900,84.900,2025=100指数,M,CPI2025_ALL,总务省(e-Stat),OFFICIAL_CANONICAL,CPI2025BASE,linked level RETROSPECTIVE_REBASE,2026-08-21,RETROSPECTIVE_REBASE,VERIFIED,ARCHIVED_RELEASE_20260821,false,true,true
2005-08-31,2005-08,85.000,85.000,2025=100指数,M,CPI2025_ALL,总务省(e-Stat),OFFICIAL_CANONICAL,CPI2025BASE,linked level RETROSPECTIVE_REBASE,2026-08-21,RETROSPECTIVE_REBASE,VERIFIED,ARCHIVED_RELEASE_20260821,false,true,true
2005-09-30,2005-09,85.200,85.200,2025=100指数,M,CPI2025_ALL,总务省(e-Stat),OFFICIAL_CANONICAL,CPI2025BASE,linked level RETROSPECTIVE_REBASE,2026-08-21,RETROSPECTIVE_REBASE,VERIFIED,ARCHIVED_RELEASE_20260821,false,true,true
2005-10-31,2005-10,85.200,85.200,2025=100指数,M,CPI2025_ALL,总务省(e-Stat),OFFICIAL_CANONICAL,CPI2025BASE,linked level RETROSPECTIVE_REBASE,2026-08-21,RETROSPECTIVE_REBASE,VERIFIED,ARCHIVED_RELEASE_20260821,false,true,true
2005-11-30,2005-11,84.900,84.900,2025=100指数,M,CPI2025_ALL,总务省(e-Stat),OFFICIAL_CANONICAL,CPI2025BASE,linked level RETROSPECTIVE_REBASE,2026-08-21,RETROSPECTIVE_REBASE,VERIFIED,ARCHIVED_RELEASE_20260821,false,true,true
2005-12-31,2005-12,85.000,85.000,2025=100指数,M,CPI2025_ALL,总务省(e-Stat),OFFICIAL_CANONICAL,CPI2025BASE,linked level RETROSPECTIVE_REBASE,2026-08-21,RETROSPECTIVE_REBASE,VERIFIED,ARCHIVED_RELEASE_20260821,false,true,true
2006-01-31,2006-01,85.000,85.000,2025=100指数,M,CPI2025_ALL,总务省(e-Stat),OFFICIAL_CANONICAL,CPI2025BASE,linked level RETROSPECTIVE_REBASE,2026-08-21,RETROSPECTIVE_REBASE,VERIFIED,ARCHIVED_RELEASE_20260821,false,true,true
2006-02-28,2006-02,84.800,84.800,2025=100指数,M,CPI2025_ALL,总务省(e-Stat),OFFICIAL_CANONICAL,CPI2025BASE,linked level RETROSPECTIVE_REBASE,2026-08-21,RETROSPECTIVE_REBASE,VERIFIED,ARCHIVED_RELEASE_20260821,false,true,true
2006-03-31,2006-03,85.000,85.000,2025=100指数,M,CPI2025_ALL,总务省(e-Stat),OFFICIAL_CANONICAL,CPI2025BASE,linked level RETROSPECTIVE_REBASE,2026-08-21,RETROSPECTIVE_REBASE,VERIFIED,ARCHIVED_RELEASE_20260821,false,true,true
2006-04-30,2006-04,85.100,85.100,2025=100指数,M,CPI2025_ALL,总务省(e-Stat),OFFICIAL_CANONICAL,CPI2025BASE,linked level RETROSPECTIVE_REBASE,2026-08-21,RETROSPECTIVE_REBASE,VERIFIED,ARCHIVED_RELEASE_20260821,false,true,true
2006-05-31,2006-05,85.400,85.400,2025=100指数,M,CPI2025_ALL,总务省(e-Stat),OFFICIAL_CANONICAL,CPI2025BASE,linked level RETROSPECTIVE_REBASE,2026-08-21,RETROSPECTIVE_REBASE,VERIFIED,ARCHIVED_RELEASE_20260821,false,true,true
2006-06-30,2006-06,85.400,85.400,2025=100指数,M,CPI2025_ALL,总务省(e-Stat),OFFICIAL_CANONICAL,CPI2025BASE,linked level RETROSPECTIVE_REBASE,2026-08-21,RETROSPECTIVE_REBASE,VERIFIED,ARCHIVED_RELEASE_20260821,false,true,true
2006-07-31,2006-07,85.100,85.100,2025=100指数,M,CPI2025_ALL,总务省(e-Stat),OFFICIAL_CANONICAL,CPI2025BASE,linked level RETROSPECTIVE_REBASE,2026-08-21,RETROSPECTIVE_REBASE,VERIFIED,ARCHIVED_RELEASE_20260821,false,true,true
2006-08-31,2006-08,85.700,85.700,2025=100指数,M,CPI2025_ALL,总务省(e-Stat),OFFICIAL_CANONICAL,CPI2025BASE,linked level RETROSPECTIVE_REBASE,2026-08-21,RETROSPECTIVE_REBASE,VERIFIED,ARCHIVED_RELEASE_20260821,false,true,true
2006-09-30,2006-09,85.700,85.700,2025=100指数,M,CPI2025_ALL,总务省(e-Stat),OFFICIAL_CANONICAL,CPI2025BASE,linked level RETROSPECTIVE_REBASE,2026-08-21,RETROSPECTIVE_REBASE,VERIFIED,ARCHIVED_RELEASE_20260821,false,true,true
2006-10-31,2006-10,85.500,85.500,2025=100指数,M,CPI2025_ALL,总务省(e-Stat),OFFICIAL_CANONICAL,CPI2025BASE,linked level RETROSPECTIVE_REBASE,2026-08-21,RETROSPECTIVE_REBASE,VERIFIED,ARCHIVED_RELEASE_20260821,false,true,true
2006-11-30,2006-11,85.100,85.100,2025=100指数,M,CPI2025_ALL,总务省(e-Stat),OFFICIAL_CANONICAL,CPI2025BASE,linked level RETROSPECTIVE_REBASE,2026-08-21,RETROSPECTIVE_REBASE,VERIFIED,ARCHIVED_RELEASE_20260821,false,true,true
2006-12-31,2006-12,85.200,85.200,2025=100指数,M,CPI2025_ALL,总务省(e-Stat),OFFICIAL_CANONICAL,CPI2025BASE,linked level RETROSPECTIVE_REBASE,2026-08-21,RETROSPECTIVE_REBASE,VERIFIED,ARCHIVED_RELEASE_20260821,false,true,true
2007-01-31,2007-01,85.000,85.000,2025=100指数,M,CPI2025_ALL,总务省(e-Stat),OFFICIAL_CANONICAL,CPI2025BASE,linked level RETROSPECTIVE_REBASE,2026-08-21,RETROSPECTIVE_REBASE,VERIFIED,ARCHIVED_RELEASE_20260821,false,true,true
2007-02-28,2007-02,84.600,84.600,2025=100指数,M,CPI2025_ALL,总务省(e-Stat),OFFICIAL_CANONICAL,CPI2025BASE,linked level RETROSPECTIVE_REBASE,2026-08-21,RETROSPECTIVE_REBASE,VERIFIED,ARCHIVED_RELEASE_20260821,false,true,true
2007-03-31,2007-03,84.900,84.900,2025=100指数,M,CPI2025_ALL,总务省(e-Stat),OFFICIAL_CANONICAL,CPI2025BASE,linked level RETROSPECTIVE_REBASE,2026-08-21,RETROSPECTIVE_REBASE,VERIFIED,ARCHIVED_RELEASE_20260821,false,true,true
2007-04-30,2007-04,85.100,85.100,2025=100指数,M,CPI2025_ALL,总务省(e-Stat),OFFICIAL_CANONICAL,CPI2025BASE,linked level RETROSPECTIVE_REBASE,2026-08-21,RETROSPECTIVE_REBASE,VERIFIED,ARCHIVED_RELEASE_20260821,false,true,true
2007-05-31,2007-05,85.400,85.400,2025=100指数,M,CPI2025_ALL,总务省(e-Stat),OFFICIAL_CANONICAL,CPI2025BASE,linked level RETROSPECTIVE_REBASE,2026-08-21,RETROSPECTIVE_REBASE,VERIFIED,ARCHIVED_RELEASE_20260821,false,true,true
2007-06-30,2007-06,85.200,85.200,2025=100指数,M,CPI2025_ALL,总务省(e-Stat),OFFICIAL_CANONICAL,CPI2025BASE,linked level RETROSPECTIVE_REBASE,2026-08-21,RETROSPECTIVE_REBASE,VERIFIED,ARCHIVED_RELEASE_20260821,false,true,true
2007-07-31,2007-07,85.100,85.100,2025=100指数,M,CPI2025_ALL,总务省(e-Stat),OFFICIAL_CANONICAL,CPI2025BASE,linked level RETROSPECTIVE_REBASE,2026-08-21,RETROSPECTIVE_REBASE,VERIFIED,ARCHIVED_RELEASE_20260821,false,true,true
2007-08-31,2007-08,85.500,85.500,2025=100指数,M,CPI2025_ALL,总务省(e-Stat),OFFICIAL_CANONICAL,CPI2025BASE,linked level RETROSPECTIVE_REBASE,2026-08-21,RETROSPECTIVE_REBASE,VERIFIED,ARCHIVED_RELEASE_20260821,false,true,true
2007-09-30,2007-09,85.500,85.500,2025=100指数,M,CPI2025_ALL,总务省(e-Stat),OFFICIAL_CANONICAL,CPI2025BASE,linked level RETROSPECTIVE_REBASE,2026-08-21,RETROSPECTIVE_REBASE,VERIFIED,ARCHIVED_RELEASE_20260821,false,true,true
2007-10-31,2007-10,85.800,85.800,2025=100指数,M,CPI2025_ALL,总务省(e-Stat),OFFICIAL_CANONICAL,CPI2025BASE,linked level RETROSPECTIVE_REBASE,2026-08-21,RETROSPECTIVE_REBASE,VERIFIED,ARCHIVED_RELEASE_20260821,false,true,true
2007-11-30,2007-11,85.600,85.600,2025=100指数,M,CPI2025_ALL,总务省(e-Stat),OFFICIAL_CANONICAL,CPI2025BASE,linked level RETROSPECTIVE_REBASE,2026-08-21,RETROSPECTIVE_REBASE,VERIFIED,ARCHIVED_RELEASE_20260821,false,true,true
2007-12-31,2007-12,85.800,85.800,2025=100指数,M,CPI2025_ALL,总务省(e-Stat),OFFICIAL_CANONICAL,CPI2025BASE,linked level RETROSPECTIVE_REBASE,2026-08-21,RETROSPECTIVE_REBASE,VERIFIED,ARCHIVED_RELEASE_20260821,false,true,true
2008-01-31,2008-01,85.600,85.600,2025=100指数,M,CPI2025_ALL,总务省(e-Stat),OFFICIAL_CANONICAL,CPI2025BASE,linked level RETROSPECTIVE_REBASE,2026-08-21,RETROSPECTIVE_REBASE,VERIFIED,ARCHIVED_RELEASE_20260821,false,true,true
2008-02-29,2008-02,85.500,85.500,2025=100指数,M,CPI2025_ALL,总务省(e-Stat),OFFICIAL_CANONICAL,CPI2025BASE,linked level RETROSPECTIVE_REBASE,2026-08-21,RETROSPECTIVE_REBASE,VERIFIED,ARCHIVED_RELEASE_20260821,false,true,true
2008-03-31,2008-03,85.900,85.900,2025=100指数,M,CPI2025_ALL,总务省(e-Stat),OFFICIAL_CANONICAL,CPI2025BASE,linked level RETROSPECTIVE_REBASE,2026-08-21,RETROSPECTIVE_REBASE,VERIFIED,ARCHIVED_RELEASE_20260821,false,true,true
2008-04-30,2008-04,85.800,85.800,2025=100指数,M,CPI2025_ALL,总务省(e-Stat),OFFICIAL_CANONICAL,CPI2025BASE,linked level RETROSPECTIVE_REBASE,2026-08-21,RETROSPECTIVE_REBASE,VERIFIED,ARCHIVED_RELEASE_20260821,false,true,true
2008-05-31,2008-05,86.500,86.500,2025=100指数,M,CPI2025_ALL,总务省(e-Stat),OFFICIAL_CANONICAL,CPI2025BASE,linked level RETROSPECTIVE_REBASE,2026-08-21,RETROSPECTIVE_REBASE,VERIFIED,ARCHIVED_RELEASE_20260821,false,true,true
2008-06-30,2008-06,86.900,86.900,2025=100指数,M,CPI2025_ALL,总务省(e-Stat),OFFICIAL_CANONICAL,CPI2025BASE,linked level RETROSPECTIVE_REBASE,2026-08-21,RETROSPECTIVE_REBASE,VERIFIED,ARCHIVED_RELEASE_20260821,false,true,true
2008-07-31,2008-07,87.100,87.100,2025=100指数,M,CPI2025_ALL,总务省(e-Stat),OFFICIAL_CANONICAL,CPI2025BASE,linked level RETROSPECTIVE_REBASE,2026-08-21,RETROSPECTIVE_REBASE,VERIFIED,ARCHIVED_RELEASE_20260821,false,true,true
2008-08-31,2008-08,87.300,87.300,2025=100指数,M,CPI2025_ALL,总务省(e-Stat),OFFICIAL_CANONICAL,CPI2025BASE,linked level RETROSPECTIVE_REBASE,2026-08-21,RETROSPECTIVE_REBASE,VERIFIED,ARCHIVED_RELEASE_20260821,false,true,true
2008-09-30,2008-09,87.300,87.300,2025=100指数,M,CPI2025_ALL,总务省(e-Stat),OFFICIAL_CANONICAL,CPI2025BASE,linked level RETROSPECTIVE_REBASE,2026-08-21,RETROSPECTIVE_REBASE,VERIFIED,ARCHIVED_RELEASE_20260821,false,true,true
2008-10-31,2008-10,87.200,87.200,2025=100指数,M,CPI2025_ALL,总务省(e-Stat),OFFICIAL_CANONICAL,CPI2025BASE,linked level RETROSPECTIVE_REBASE,2026-08-21,RETROSPECTIVE_REBASE,VERIFIED,ARCHIVED_RELEASE_20260821,false,true,true
2008-11-30,2008-11,86.500,86.500,2025=100指数,M,CPI2025_ALL,总务省(e-Stat),OFFICIAL_CANONICAL,CPI2025BASE,linked level RETROSPECTIVE_REBASE,2026-08-21,RETROSPECTIVE_REBASE,VERIFIED,ARCHIVED_RELEASE_20260821,false,true,true
2008-12-31,2008-12,86.100,86.100,2025=100指数,M,CPI2025_ALL,总务省(e-Stat),OFFICIAL_CANONICAL,CPI2025BASE,linked level RETROSPECTIVE_REBASE,2026-08-21,RETROSPECTIVE_REBASE,VERIFIED,ARCHIVED_RELEASE_20260821,false,true,true
2009-01-31,2009-01,85.600,85.600,2025=100指数,M,CPI2025_ALL,总务省(e-Stat),OFFICIAL_CANONICAL,CPI2025BASE,linked level RETROSPECTIVE_REBASE,2026-08-21,RETROSPECTIVE_REBASE,VERIFIED,ARCHIVED_RELEASE_20260821,false,true,true
2009-02-28,2009-02,85.400,85.400,2025=100指数,M,CPI2025_ALL,总务省(e-Stat),OFFICIAL_CANONICAL,CPI2025BASE,linked level RETROSPECTIVE_REBASE,2026-08-21,RETROSPECTIVE_REBASE,VERIFIED,ARCHIVED_RELEASE_20260821,false,true,true
2009-03-31,2009-03,85.600,85.600,2025=100指数,M,CPI2025_ALL,总务省(e-Stat),OFFICIAL_CANONICAL,CPI2025BASE,linked level RETROSPECTIVE_REBASE,2026-08-21,RETROSPECTIVE_REBASE,VERIFIED,ARCHIVED_RELEASE_20260821,false,true,true
2009-04-30,2009-04,85.700,85.700,2025=100指数,M,CPI2025_ALL,总务省(e-Stat),OFFICIAL_CANONICAL,CPI2025BASE,linked level RETROSPECTIVE_REBASE,2026-08-21,RETROSPECTIVE_REBASE,VERIFIED,ARCHIVED_RELEASE_20260821,false,true,true
2009-05-31,2009-05,85.500,85.500,2025=100指数,M,CPI2025_ALL,总务省(e-Stat),OFFICIAL_CANONICAL,CPI2025BASE,linked level RETROSPECTIVE_REBASE,2026-08-21,RETROSPECTIVE_REBASE,VERIFIED,ARCHIVED_RELEASE_20260821,false,true,true
2009-06-30,2009-06,85.400,85.400,2025=100指数,M,CPI2025_ALL,总务省(e-Stat),OFFICIAL_CANONICAL,CPI2025BASE,linked level RETROSPECTIVE_REBASE,2026-08-21,RETROSPECTIVE_REBASE,VERIFIED,ARCHIVED_RELEASE_20260821,false,true,true
2009-07-31,2009-07,85.100,85.100,2025=100指数,M,CPI2025_ALL,总务省(e-Stat),OFFICIAL_CANONICAL,CPI2025BASE,linked level RETROSPECTIVE_REBASE,2026-08-21,RETROSPECTIVE_REBASE,VERIFIED,ARCHIVED_RELEASE_20260821,false,true,true
2009-08-31,2009-08,85.400,85.400,2025=100指数,M,CPI2025_ALL,总务省(e-Stat),OFFICIAL_CANONICAL,CPI2025BASE,linked level RETROSPECTIVE_REBASE,2026-08-21,RETROSPECTIVE_REBASE,VERIFIED,ARCHIVED_RELEASE_20260821,false,true,true
2009-09-30,2009-09,85.400,85.400,2025=100指数,M,CPI2025_ALL,总务省(e-Stat),OFFICIAL_CANONICAL,CPI2025BASE,linked level RETROSPECTIVE_REBASE,2026-08-21,RETROSPECTIVE_REBASE,VERIFIED,ARCHIVED_RELEASE_20260821,false,true,true
2009-10-31,2009-10,85.000,85.000,2025=100指数,M,CPI2025_ALL,总务省(e-Stat),OFFICIAL_CANONICAL,CPI2025BASE,linked level RETROSPECTIVE_REBASE,2026-08-21,RETROSPECTIVE_REBASE,VERIFIED,ARCHIVED_RELEASE_20260821,false,true,true
2009-11-30,2009-11,84.900,84.900,2025=100指数,M,CPI2025_ALL,总务省(e-Stat),OFFICIAL_CANONICAL,CPI2025BASE,linked level RETROSPECTIVE_REBASE,2026-08-21,RETROSPECTIVE_REBASE,VERIFIED,ARCHIVED_RELEASE_20260821,false,true,true
2009-12-31,2009-12,84.700,84.700,2025=100指数,M,CPI2025_ALL,总务省(e-Stat),OFFICIAL_CANONICAL,CPI2025BASE,linked level RETROSPECTIVE_REBASE,2026-08-21,RETROSPECTIVE_REBASE,VERIFIED,ARCHIVED_RELEASE_20260821,false,true,true
2010-01-31,2010-01,84.800,84.800,2025=100指数,M,CPI2025_ALL,总务省(e-Stat),OFFICIAL_CANONICAL,CPI2025BASE,linked level RETROSPECTIVE_REBASE,2026-08-21,RETROSPECTIVE_REBASE,VERIFIED,ARCHIVED_RELEASE_20260821,false,true,true
2010-02-28,2010-02,84.700,84.700,2025=100指数,M,CPI2025_ALL,总务省(e-Stat),OFFICIAL_CANONICAL,CPI2025BASE,linked level RETROSPECTIVE_REBASE,2026-08-21,RETROSPECTIVE_REBASE,VERIFIED,ARCHIVED_RELEASE_20260821,false,true,true
2010-03-31,2010-03,85.000,85.000,2025=100指数,M,CPI2025_ALL,总务省(e-Stat),OFFICIAL_CANONICAL,CPI2025BASE,linked level RETROSPECTIVE_REBASE,2026-08-21,RETROSPECTIVE_REBASE,VERIFIED,ARCHIVED_RELEASE_20260821,false,true,true
2010-04-30,2010-04,85.000,85.000,2025=100指数,M,CPI2025_ALL,总务省(e-Stat),OFFICIAL_CANONICAL,CPI2025BASE,linked level RETROSPECTIVE_REBASE,2026-08-21,RETROSPECTIVE_REBASE,VERIFIED,ARCHIVED_RELEASE_20260821,false,true,true
2010-05-31,2010-05,85.000,85.000,2025=100指数,M,CPI2025_ALL,总务省(e-Stat),OFFICIAL_CANONICAL,CPI2025BASE,linked level RETROSPECTIVE_REBASE,2026-08-21,RETROSPECTIVE_REBASE,VERIFIED,ARCHIVED_RELEASE_20260821,false,true,true
2010-06-30,2010-06,84.800,84.800,2025=100指数,M,CPI2025_ALL,总务省(e-Stat),OFFICIAL_CANONICAL,CPI2025BASE,linked level RETROSPECTIVE_REBASE,2026-08-21,RETROSPECTIVE_REBASE,VERIFIED,ARCHIVED_RELEASE_20260821,false,true,true
2010-07-31,2010-07,84.300,84.300,2025=100指数,M,CPI2025_ALL,总务省(e-Stat),OFFICIAL_CANONICAL,CPI2025BASE,linked level RETROSPECTIVE_REBASE,2026-08-21,RETROSPECTIVE_REBASE,VERIFIED,ARCHIVED_RELEASE_20260821,false,true,true
2010-08-31,2010-08,84.400,84.400,2025=100指数,M,CPI2025_ALL,总务省(e-Stat),OFFICIAL_CANONICAL,CPI2025BASE,linked level RETROSPECTIVE_REBASE,2026-08-21,RETROSPECTIVE_REBASE,VERIFIED,ARCHIVED_RELEASE_20260821,false,true,true
2010-09-30,2010-09,84.600,84.600,2025=100指数,M,CPI2025_ALL,总务省(e-Stat),OFFICIAL_CANONICAL,CPI2025BASE,linked level RETROSPECTIVE_REBASE,2026-08-21,RETROSPECTIVE_REBASE,VERIFIED,ARCHIVED_RELEASE_20260821,false,true,true
2010-10-31,2010-10,84.900,84.900,2025=100指数,M,CPI2025_ALL,总务省(e-Stat),OFFICIAL_CANONICAL,CPI2025BASE,linked level RETROSPECTIVE_REBASE,2026-08-21,RETROSPECTIVE_REBASE,VERIFIED,ARCHIVED_RELEASE_20260821,false,true,true
2010-11-30,2010-11,84.600,84.600,2025=100指数,M,CPI2025_ALL,总务省(e-Stat),OFFICIAL_CANONICAL,CPI2025BASE,linked level RETROSPECTIVE_REBASE,2026-08-21,RETROSPECTIVE_REBASE,VERIFIED,ARCHIVED_RELEASE_20260821,false,true,true
2010-12-31,2010-12,84.400,84.400,2025=100指数,M,CPI2025_ALL,总务省(e-Stat),OFFICIAL_CANONICAL,CPI2025BASE,linked level RETROSPECTIVE_REBASE,2026-08-21,RETROSPECTIVE_REBASE,VERIFIED,ARCHIVED_RELEASE_20260821,false,true,true
2011-01-31,2011-01,84.300,84.300,2025=100指数,M,CPI2025_ALL,总务省(e-Stat),OFFICIAL_CANONICAL,CPI2025BASE,linked level RETROSPECTIVE_REBASE,2026-08-21,RETROSPECTIVE_REBASE,VERIFIED,ARCHIVED_RELEASE_20260821,false,true,true
2011-02-28,2011-02,84.300,84.300,2025=100指数,M,CPI2025_ALL,总务省(e-Stat),OFFICIAL_CANONICAL,CPI2025BASE,linked level RETROSPECTIVE_REBASE,2026-08-21,RETROSPECTIVE_REBASE,VERIFIED,ARCHIVED_RELEASE_20260821,false,true,true
2011-03-31,2011-03,84.500,84.500,2025=100指数,M,CPI2025_ALL,总务省(e-Stat),OFFICIAL_CANONICAL,CPI2025BASE,linked level RETROSPECTIVE_REBASE,2026-08-21,RETROSPECTIVE_REBASE,VERIFIED,ARCHIVED_RELEASE_20260821,false,true,true
2011-04-30,2011-04,84.600,84.600,2025=100指数,M,CPI2025_ALL,总务省(e-Stat),OFFICIAL_CANONICAL,CPI2025BASE,linked level RETROSPECTIVE_REBASE,2026-08-21,RETROSPECTIVE_REBASE,VERIFIED,ARCHIVED_RELEASE_20260821,false,true,true
2011-05-31,2011-05,84.600,84.600,2025=100指数,M,CPI2025_ALL,总务省(e-Stat),OFFICIAL_CANONICAL,CPI2025BASE,linked level RETROSPECTIVE_REBASE,2026-08-21,RETROSPECTIVE_REBASE,VERIFIED,ARCHIVED_RELEASE_20260821,false,true,true
2011-06-30,2011-06,84.500,84.500,2025=100指数,M,CPI2025_ALL,总务省(e-Stat),OFFICIAL_CANONICAL,CPI2025BASE,linked level RETROSPECTIVE_REBASE,2026-08-21,RETROSPECTIVE_REBASE,VERIFIED,ARCHIVED_RELEASE_20260821,false,true,true
2011-07-31,2011-07,84.500,84.500,2025=100指数,M,CPI2025_ALL,总务省(e-Stat),OFFICIAL_CANONICAL,CPI2025BASE,linked level RETROSPECTIVE_REBASE,2026-08-21,RETROSPECTIVE_REBASE,VERIFIED,ARCHIVED_RELEASE_20260821,false,true,true
2011-08-31,2011-08,84.600,84.600,2025=100指数,M,CPI2025_ALL,总务省(e-Stat),OFFICIAL_CANONICAL,CPI2025BASE,linked level RETROSPECTIVE_REBASE,2026-08-21,RETROSPECTIVE_REBASE,VERIFIED,ARCHIVED_RELEASE_20260821,false,true,true
2011-09-30,2011-09,84.600,84.600,2025=100指数,M,CPI2025_ALL,总务省(e-Stat),OFFICIAL_CANONICAL,CPI2025BASE,linked level RETROSPECTIVE_REBASE,2026-08-21,RETROSPECTIVE_REBASE,VERIFIED,ARCHIVED_RELEASE_20260821,false,true,true
2011-10-31,2011-10,84.700,84.700,2025=100指数,M,CPI2025_ALL,总务省(e-Stat),OFFICIAL_CANONICAL,CPI2025BASE,linked level RETROSPECTIVE_REBASE,2026-08-21,RETROSPECTIVE_REBASE,VERIFIED,ARCHIVED_RELEASE_20260821,false,true,true
2011-11-30,2011-11,84.200,84.200,2025=100指数,M,CPI2025_ALL,总务省(e-Stat),OFFICIAL_CANONICAL,CPI2025BASE,linked level RETROSPECTIVE_REBASE,2026-08-21,RETROSPECTIVE_REBASE,VERIFIED,ARCHIVED_RELEASE_20260821,false,true,true
2011-12-31,2011-12,84.200,84.200,2025=100指数,M,CPI2025_ALL,总务省(e-Stat),OFFICIAL_CANONICAL,CPI2025BASE,linked level RETROSPECTIVE_REBASE,2026-08-21,RETROSPECTIVE_REBASE,VERIFIED,ARCHIVED_RELEASE_20260821,false,true,true
2012-01-31,2012-01,84.400,84.400,2025=100指数,M,CPI2025_ALL,总务省(e-Stat),OFFICIAL_CANONICAL,CPI2025BASE,linked level RETROSPECTIVE_REBASE,2026-08-21,RETROSPECTIVE_REBASE,VERIFIED,ARCHIVED_RELEASE_20260821,false,true,true
2012-02-29,2012-02,84.600,84.600,2025=100指数,M,CPI2025_ALL,总务省(e-Stat),OFFICIAL_CANONICAL,CPI2025BASE,linked level RETROSPECTIVE_REBASE,2026-08-21,RETROSPECTIVE_REBASE,VERIFIED,ARCHIVED_RELEASE_20260821,false,true,true
2012-03-31,2012-03,85.000,85.000,2025=100指数,M,CPI2025_ALL,总务省(e-Stat),OFFICIAL_CANONICAL,CPI2025BASE,linked level RETROSPECTIVE_REBASE,2026-08-21,RETROSPECTIVE_REBASE,VERIFIED,ARCHIVED_RELEASE_20260821,false,true,true
2012-04-30,2012-04,85.000,85.000,2025=100指数,M,CPI2025_ALL,总务省(e-Stat),OFFICIAL_CANONICAL,CPI2025BASE,linked level RETROSPECTIVE_REBASE,2026-08-21,RETROSPECTIVE_REBASE,VERIFIED,ARCHIVED_RELEASE_20260821,false,true,true
2012-05-31,2012-05,84.800,84.800,2025=100指数,M,CPI2025_ALL,总务省(e-Stat),OFFICIAL_CANONICAL,CPI2025BASE,linked level RETROSPECTIVE_REBASE,2026-08-21,RETROSPECTIVE_REBASE,VERIFIED,ARCHIVED_RELEASE_20260821,false,true,true
2012-06-30,2012-06,84.300,84.300,2025=100指数,M,CPI2025_ALL,总务省(e-Stat),OFFICIAL_CANONICAL,CPI2025BASE,linked level RETROSPECTIVE_REBASE,2026-08-21,RETROSPECTIVE_REBASE,VERIFIED,ARCHIVED_RELEASE_20260821,false,true,true
2012-07-31,2012-07,84.100,84.100,2025=100指数,M,CPI2025_ALL,总务省(e-Stat),OFFICIAL_CANONICAL,CPI2025BASE,linked level RETROSPECTIVE_REBASE,2026-08-21,RETROSPECTIVE_REBASE,VERIFIED,ARCHIVED_RELEASE_20260821,false,true,true
2012-08-31,2012-08,84.200,84.200,2025=100指数,M,CPI2025_ALL,总务省(e-Stat),OFFICIAL_CANONICAL,CPI2025BASE,linked level RETROSPECTIVE_REBASE,2026-08-21,RETROSPECTIVE_REBASE,VERIFIED,ARCHIVED_RELEASE_20260821,false,true,true
2012-09-30,2012-09,84.300,84.300,2025=100指数,M,CPI2025_ALL,总务省(e-Stat),OFFICIAL_CANONICAL,CPI2025BASE,linked level RETROSPECTIVE_REBASE,2026-08-21,RETROSPECTIVE_REBASE,VERIFIED,ARCHIVED_RELEASE_20260821,false,true,true
2012-10-31,2012-10,84.300,84.300,2025=100指数,M,CPI2025_ALL,总务省(e-Stat),OFFICIAL_CANONICAL,CPI2025BASE,linked level RETROSPECTIVE_REBASE,2026-08-21,RETROSPECTIVE_REBASE,VERIFIED,ARCHIVED_RELEASE_20260821,false,true,true
2012-11-30,2012-11,84.000,84.000,2025=100指数,M,CPI2025_ALL,总务省(e-Stat),OFFICIAL_CANONICAL,CPI2025BASE,linked level RETROSPECTIVE_REBASE,2026-08-21,RETROSPECTIVE_REBASE,VERIFIED,ARCHIVED_RELEASE_20260821,false,true,true
2012-12-31,2012-12,84.100,84.100,2025=100指数,M,CPI2025_ALL,总务省(e-Stat),OFFICIAL_CANONICAL,CPI2025BASE,linked level RETROSPECTIVE_REBASE,2026-08-21,RETROSPECTIVE_REBASE,VERIFIED,ARCHIVED_RELEASE_20260821,false,true,true
2013-01-31,2013-01,84.100,84.100,2025=100指数,M,CPI2025_ALL,总务省(e-Stat),OFFICIAL_CANONICAL,CPI2025BASE,linked level RETROSPECTIVE_REBASE,2026-08-21,RETROSPECTIVE_REBASE,VERIFIED,ARCHIVED_RELEASE_20260821,false,true,true
2013-02-28,2013-02,84.000,84.000,2025=100指数,M,CPI2025_ALL,总务省(e-Stat),OFFICIAL_CANONICAL,CPI2025BASE,linked level RETROSPECTIVE_REBASE,2026-08-21,RETROSPECTIVE_REBASE,VERIFIED,ARCHIVED_RELEASE_20260821,false,true,true
2013-03-31,2013-03,84.200,84.200,2025=100指数,M,CPI2025_ALL,总务省(e-Stat),OFFICIAL_CANONICAL,CPI2025BASE,linked level RETROSPECTIVE_REBASE,2026-08-21,RETROSPECTIVE_REBASE,VERIFIED,ARCHIVED_RELEASE_20260821,false,true,true
2013-04-30,2013-04,84.400,84.400,2025=100指数,M,CPI2025_ALL,总务省(e-Stat),OFFICIAL_CANONICAL,CPI2025BASE,linked level RETROSPECTIVE_REBASE,2026-08-21,RETROSPECTIVE_REBASE,VERIFIED,ARCHIVED_RELEASE_20260821,false,true,true
2013-05-31,2013-05,84.500,84.500,2025=100指数,M,CPI2025_ALL,总务省(e-Stat),OFFICIAL_CANONICAL,CPI2025BASE,linked level RETROSPECTIVE_REBASE,2026-08-21,RETROSPECTIVE_REBASE,VERIFIED,ARCHIVED_RELEASE_20260821,false,true,true
2013-06-30,2013-06,84.500,84.500,2025=100指数,M,CPI2025_ALL,总务省(e-Stat),OFFICIAL_CANONICAL,CPI2025BASE,linked level RETROSPECTIVE_REBASE,2026-08-21,RETROSPECTIVE_REBASE,VERIFIED,ARCHIVED_RELEASE_20260821,false,true,true
2013-07-31,2013-07,84.700,84.700,2025=100指数,M,CPI2025_ALL,总务省(e-Stat),OFFICIAL_CANONICAL,CPI2025BASE,linked level RETROSPECTIVE_REBASE,2026-08-21,RETROSPECTIVE_REBASE,VERIFIED,ARCHIVED_RELEASE_20260821,false,true,true
2013-08-31,2013-08,84.900,84.900,2025=100指数,M,CPI2025_ALL,总务省(e-Stat),OFFICIAL_CANONICAL,CPI2025BASE,linked level RETROSPECTIVE_REBASE,2026-08-21,RETROSPECTIVE_REBASE,VERIFIED,ARCHIVED_RELEASE_20260821,false,true,true
2013-09-30,2013-09,85.200,85.200,2025=100指数,M,CPI2025_ALL,总务省(e-Stat),OFFICIAL_CANONICAL,CPI2025BASE,linked level RETROSPECTIVE_REBASE,2026-08-21,RETROSPECTIVE_REBASE,VERIFIED,ARCHIVED_RELEASE_20260821,false,true,true
2013-10-31,2013-10,85.300,85.300,2025=100指数,M,CPI2025_ALL,总务省(e-Stat),OFFICIAL_CANONICAL,CPI2025BASE,linked level RETROSPECTIVE_REBASE,2026-08-21,RETROSPECTIVE_REBASE,VERIFIED,ARCHIVED_RELEASE_20260821,false,true,true
2013-11-30,2013-11,85.300,85.300,2025=100指数,M,CPI2025_ALL,总务省(e-Stat),OFFICIAL_CANONICAL,CPI2025BASE,linked level RETROSPECTIVE_REBASE,2026-08-21,RETROSPECTIVE_REBASE,VERIFIED,ARCHIVED_RELEASE_20260821,false,true,true
2013-12-31,2013-12,85.400,85.400,2025=100指数,M,CPI2025_ALL,总务省(e-Stat),OFFICIAL_CANONICAL,CPI2025BASE,linked level RETROSPECTIVE_REBASE,2026-08-21,RETROSPECTIVE_REBASE,VERIFIED,ARCHIVED_RELEASE_20260821,false,true,true
2014-01-31,2014-01,85.300,85.300,2025=100指数,M,CPI2025_ALL,总务省(e-Stat),OFFICIAL_CANONICAL,CPI2025BASE,linked level RETROSPECTIVE_REBASE,2026-08-21,RETROSPECTIVE_REBASE,VERIFIED,ARCHIVED_RELEASE_20260821,false,true,true
2014-02-28,2014-02,85.300,85.300,2025=100指数,M,CPI2025_ALL,总务省(e-Stat),OFFICIAL_CANONICAL,CPI2025BASE,linked level RETROSPECTIVE_REBASE,2026-08-21,RETROSPECTIVE_REBASE,VERIFIED,ARCHIVED_RELEASE_20260821,false,true,true
2014-03-31,2014-03,85.500,85.500,2025=100指数,M,CPI2025_ALL,总务省(e-Stat),OFFICIAL_CANONICAL,CPI2025BASE,linked level RETROSPECTIVE_REBASE,2026-08-21,RETROSPECTIVE_REBASE,VERIFIED,ARCHIVED_RELEASE_20260821,false,true,true
2014-04-30,2014-04,87.300,87.300,2025=100指数,M,CPI2025_ALL,总务省(e-Stat),OFFICIAL_CANONICAL,CPI2025BASE,linked level RETROSPECTIVE_REBASE,2026-08-21,RETROSPECTIVE_REBASE,VERIFIED,ARCHIVED_RELEASE_20260821,false,true,true
2014-05-31,2014-05,87.600,87.600,2025=100指数,M,CPI2025_ALL,总务省(e-Stat),OFFICIAL_CANONICAL,CPI2025BASE,linked level RETROSPECTIVE_REBASE,2026-08-21,RETROSPECTIVE_REBASE,VERIFIED,ARCHIVED_RELEASE_20260821,false,true,true
2014-06-30,2014-06,87.600,87.600,2025=100指数,M,CPI2025_ALL,总务省(e-Stat),OFFICIAL_CANONICAL,CPI2025BASE,linked level RETROSPECTIVE_REBASE,2026-08-21,RETROSPECTIVE_REBASE,VERIFIED,ARCHIVED_RELEASE_20260821,false,true,true
2014-07-31,2014-07,87.600,87.600,2025=100指数,M,CPI2025_ALL,总务省(e-Stat),OFFICIAL_CANONICAL,CPI2025BASE,linked level RETROSPECTIVE_REBASE,2026-08-21,RETROSPECTIVE_REBASE,VERIFIED,ARCHIVED_RELEASE_20260821,false,true,true
2014-08-31,2014-08,87.800,87.800,2025=100指数,M,CPI2025_ALL,总务省(e-Stat),OFFICIAL_CANONICAL,CPI2025BASE,linked level RETROSPECTIVE_REBASE,2026-08-21,RETROSPECTIVE_REBASE,VERIFIED,ARCHIVED_RELEASE_20260821,false,true,true
2014-09-30,2014-09,88.000,88.000,2025=100指数,M,CPI2025_ALL,总务省(e-Stat),OFFICIAL_CANONICAL,CPI2025BASE,linked level RETROSPECTIVE_REBASE,2026-08-21,RETROSPECTIVE_REBASE,VERIFIED,ARCHIVED_RELEASE_20260821,false,true,true
2014-10-31,2014-10,87.800,87.800,2025=100指数,M,CPI2025_ALL,总务省(e-Stat),OFFICIAL_CANONICAL,CPI2025BASE,linked level RETROSPECTIVE_REBASE,2026-08-21,RETROSPECTIVE_REBASE,VERIFIED,ARCHIVED_RELEASE_20260821,false,true,true
2014-11-30,2014-11,87.400,87.400,2025=100指数,M,CPI2025_ALL,总务省(e-Stat),OFFICIAL_CANONICAL,CPI2025BASE,linked level RETROSPECTIVE_REBASE,2026-08-21,RETROSPECTIVE_REBASE,VERIFIED,ARCHIVED_RELEASE_20260821,false,true,true
2014-12-31,2014-12,87.500,87.500,2025=100指数,M,CPI2025_ALL,总务省(e-Stat),OFFICIAL_CANONICAL,CPI2025BASE,linked level RETROSPECTIVE_REBASE,2026-08-21,RETROSPECTIVE_REBASE,VERIFIED,ARCHIVED_RELEASE_20260821,false,true,true
2015-01-31,2015-01,87.400,87.400,2025=100指数,M,CPI2025_ALL,总务省(e-Stat),OFFICIAL_CANONICAL,CPI2025BASE,linked level RETROSPECTIVE_REBASE,2026-08-21,RETROSPECTIVE_REBASE,VERIFIED,ARCHIVED_RELEASE_20260821,false,true,true
2015-02-28,2015-02,87.200,87.200,2025=100指数,M,CPI2025_ALL,总务省(e-Stat),OFFICIAL_CANONICAL,CPI2025BASE,linked level RETROSPECTIVE_REBASE,2026-08-21,RETROSPECTIVE_REBASE,VERIFIED,ARCHIVED_RELEASE_20260821,false,true,true
2015-03-31,2015-03,87.500,87.500,2025=100指数,M,CPI2025_ALL,总务省(e-Stat),OFFICIAL_CANONICAL,CPI2025BASE,linked level RETROSPECTIVE_REBASE,2026-08-21,RETROSPECTIVE_REBASE,VERIFIED,ARCHIVED_RELEASE_20260821,false,true,true
2015-04-30,2015-04,87.900,87.900,2025=100指数,M,CPI2025_ALL,总务省(e-Stat),OFFICIAL_CANONICAL,CPI2025BASE,linked level RETROSPECTIVE_REBASE,2026-08-21,RETROSPECTIVE_REBASE,VERIFIED,ARCHIVED_RELEASE_20260821,false,true,true
2015-05-31,2015-05,88.100,88.100,2025=100指数,M,CPI2025_ALL,总务省(e-Stat),OFFICIAL_CANONICAL,CPI2025BASE,linked level RETROSPECTIVE_REBASE,2026-08-21,RETROSPECTIVE_REBASE,VERIFIED,ARCHIVED_RELEASE_20260821,false,true,true
2015-06-30,2015-06,87.900,87.900,2025=100指数,M,CPI2025_ALL,总务省(e-Stat),OFFICIAL_CANONICAL,CPI2025BASE,linked level RETROSPECTIVE_REBASE,2026-08-21,RETROSPECTIVE_REBASE,VERIFIED,ARCHIVED_RELEASE_20260821,false,true,true
2015-07-31,2015-07,87.800,87.800,2025=100指数,M,CPI2025_ALL,总务省(e-Stat),OFFICIAL_CANONICAL,CPI2025BASE,linked level RETROSPECTIVE_REBASE,2026-08-21,RETROSPECTIVE_REBASE,VERIFIED,ARCHIVED_RELEASE_20260821,false,true,true
2015-08-31,2015-08,87.900,87.900,2025=100指数,M,CPI2025_ALL,总务省(e-Stat),OFFICIAL_CANONICAL,CPI2025BASE,linked level RETROSPECTIVE_REBASE,2026-08-21,RETROSPECTIVE_REBASE,VERIFIED,ARCHIVED_RELEASE_20260821,false,true,true
2015-09-30,2015-09,88.000,88.000,2025=100指数,M,CPI2025_ALL,总务省(e-Stat),OFFICIAL_CANONICAL,CPI2025BASE,linked level RETROSPECTIVE_REBASE,2026-08-21,RETROSPECTIVE_REBASE,VERIFIED,ARCHIVED_RELEASE_20260821,false,true,true
2015-10-31,2015-10,88.000,88.000,2025=100指数,M,CPI2025_ALL,总务省(e-Stat),OFFICIAL_CANONICAL,CPI2025BASE,linked level RETROSPECTIVE_REBASE,2026-08-21,RETROSPECTIVE_REBASE,VERIFIED,ARCHIVED_RELEASE_20260821,false,true,true
2015-11-30,2015-11,87.600,87.600,2025=100指数,M,CPI2025_ALL,总务省(e-Stat),OFFICIAL_CANONICAL,CPI2025BASE,linked level RETROSPECTIVE_REBASE,2026-08-21,RETROSPECTIVE_REBASE,VERIFIED,ARCHIVED_RELEASE_20260821,false,true,true
2015-12-31,2015-12,87.600,87.600,2025=100指数,M,CPI2025_ALL,总务省(e-Stat),OFFICIAL_CANONICAL,CPI2025BASE,linked level RETROSPECTIVE_REBASE,2026-08-21,RETROSPECTIVE_REBASE,VERIFIED,ARCHIVED_RELEASE_20260821,false,true,true
2016-01-31,2016-01,87.300,87.300,2025=100指数,M,CPI2025_ALL,总务省(e-Stat),OFFICIAL_CANONICAL,CPI2025BASE,linked level RETROSPECTIVE_REBASE,2026-08-21,RETROSPECTIVE_REBASE,VERIFIED,ARCHIVED_RELEASE_20260821,false,true,true
2016-02-29,2016-02,87.400,87.400,2025=100指数,M,CPI2025_ALL,总务省(e-Stat),OFFICIAL_CANONICAL,CPI2025BASE,linked level RETROSPECTIVE_REBASE,2026-08-21,RETROSPECTIVE_REBASE,VERIFIED,ARCHIVED_RELEASE_20260821,false,true,true
2016-03-31,2016-03,87.500,87.500,2025=100指数,M,CPI2025_ALL,总务省(e-Stat),OFFICIAL_CANONICAL,CPI2025BASE,linked level RETROSPECTIVE_REBASE,2026-08-21,RETROSPECTIVE_REBASE,VERIFIED,ARCHIVED_RELEASE_20260821,false,true,true
2016-04-30,2016-04,87.700,87.700,2025=100指数,M,CPI2025_ALL,总务省(e-Stat),OFFICIAL_CANONICAL,CPI2025BASE,linked level RETROSPECTIVE_REBASE,2026-08-21,RETROSPECTIVE_REBASE,VERIFIED,ARCHIVED_RELEASE_20260821,false,true,true
2016-05-31,2016-05,87.700,87.700,2025=100指数,M,CPI2025_ALL,总务省(e-Stat),OFFICIAL_CANONICAL,CPI2025BASE,linked level RETROSPECTIVE_REBASE,2026-08-21,RETROSPECTIVE_REBASE,VERIFIED,ARCHIVED_RELEASE_20260821,false,true,true
2016-06-30,2016-06,87.600,87.600,2025=100指数,M,CPI2025_ALL,总务省(e-Stat),OFFICIAL_CANONICAL,CPI2025BASE,linked level RETROSPECTIVE_REBASE,2026-08-21,RETROSPECTIVE_REBASE,VERIFIED,ARCHIVED_RELEASE_20260821,false,true,true
2016-07-31,2016-07,87.400,87.400,2025=100指数,M,CPI2025_ALL,总务省(e-Stat),OFFICIAL_CANONICAL,CPI2025BASE,linked level RETROSPECTIVE_REBASE,2026-08-21,RETROSPECTIVE_REBASE,VERIFIED,ARCHIVED_RELEASE_20260821,false,true,true
2016-08-31,2016-08,87.400,87.400,2025=100指数,M,CPI2025_ALL,总务省(e-Stat),OFFICIAL_CANONICAL,CPI2025BASE,linked level RETROSPECTIVE_REBASE,2026-08-21,RETROSPECTIVE_REBASE,VERIFIED,ARCHIVED_RELEASE_20260821,false,true,true
2016-09-30,2016-09,87.600,87.600,2025=100指数,M,CPI2025_ALL,总务省(e-Stat),OFFICIAL_CANONICAL,CPI2025BASE,linked level RETROSPECTIVE_REBASE,2026-08-21,RETROSPECTIVE_REBASE,VERIFIED,ARCHIVED_RELEASE_20260821,false,true,true
2016-10-31,2016-10,88.100,88.100,2025=100指数,M,CPI2025_ALL,总务省(e-Stat),OFFICIAL_CANONICAL,CPI2025BASE,linked level RETROSPECTIVE_REBASE,2026-08-21,RETROSPECTIVE_REBASE,VERIFIED,ARCHIVED_RELEASE_20260821,false,true,true
2016-11-30,2016-11,88.100,88.100,2025=100指数,M,CPI2025_ALL,总务省(e-Stat),OFFICIAL_CANONICAL,CPI2025BASE,linked level RETROSPECTIVE_REBASE,2026-08-21,RETROSPECTIVE_REBASE,VERIFIED,ARCHIVED_RELEASE_20260821,false,true,true
2016-12-31,2016-12,87.900,87.900,2025=100指数,M,CPI2025_ALL,总务省(e-Stat),OFFICIAL_CANONICAL,CPI2025BASE,linked level RETROSPECTIVE_REBASE,2026-08-21,RETROSPECTIVE_REBASE,VERIFIED,ARCHIVED_RELEASE_20260821,false,true,true
2017-01-31,2017-01,87.700,87.700,2025=100指数,M,CPI2025_ALL,总务省(e-Stat),OFFICIAL_CANONICAL,CPI2025BASE,linked level RETROSPECTIVE_REBASE,2026-08-21,RETROSPECTIVE_REBASE,VERIFIED,ARCHIVED_RELEASE_20260821,false,true,true
2017-02-28,2017-02,87.600,87.600,2025=100指数,M,CPI2025_ALL,总务省(e-Stat),OFFICIAL_CANONICAL,CPI2025BASE,linked level RETROSPECTIVE_REBASE,2026-08-21,RETROSPECTIVE_REBASE,VERIFIED,ARCHIVED_RELEASE_20260821,false,true,true
2017-03-31,2017-03,87.600,87.600,2025=100指数,M,CPI2025_ALL,总务省(e-Stat),OFFICIAL_CANONICAL,CPI2025BASE,linked level RETROSPECTIVE_REBASE,2026-08-21,RETROSPECTIVE_REBASE,VERIFIED,ARCHIVED_RELEASE_20260821,false,true,true
2017-04-30,2017-04,88.000,88.000,2025=100指数,M,CPI2025_ALL,总务省(e-Stat),OFFICIAL_CANONICAL,CPI2025BASE,linked level RETROSPECTIVE_REBASE,2026-08-21,RETROSPECTIVE_REBASE,VERIFIED,ARCHIVED_RELEASE_20260821,false,true,true
2017-05-31,2017-05,88.100,88.100,2025=100指数,M,CPI2025_ALL,总务省(e-Stat),OFFICIAL_CANONICAL,CPI2025BASE,linked level RETROSPECTIVE_REBASE,2026-08-21,RETROSPECTIVE_REBASE,VERIFIED,ARCHIVED_RELEASE_20260821,false,true,true
2017-06-30,2017-06,88.000,88.000,2025=100指数,M,CPI2025_ALL,总务省(e-Stat),OFFICIAL_CANONICAL,CPI2025BASE,linked level RETROSPECTIVE_REBASE,2026-08-21,RETROSPECTIVE_REBASE,VERIFIED,ARCHIVED_RELEASE_20260821,false,true,true
2017-07-31,2017-07,87.800,87.800,2025=100指数,M,CPI2025_ALL,总务省(e-Stat),OFFICIAL_CANONICAL,CPI2025BASE,linked level RETROSPECTIVE_REBASE,2026-08-21,RETROSPECTIVE_REBASE,VERIFIED,ARCHIVED_RELEASE_20260821,false,true,true
2017-08-31,2017-08,88.000,88.000,2025=100指数,M,CPI2025_ALL,总务省(e-Stat),OFFICIAL_CANONICAL,CPI2025BASE,linked level RETROSPECTIVE_REBASE,2026-08-21,RETROSPECTIVE_REBASE,VERIFIED,ARCHIVED_RELEASE_20260821,false,true,true
2017-09-30,2017-09,88.200,88.200,2025=100指数,M,CPI2025_ALL,总务省(e-Stat),OFFICIAL_CANONICAL,CPI2025BASE,linked level RETROSPECTIVE_REBASE,2026-08-21,RETROSPECTIVE_REBASE,VERIFIED,ARCHIVED_RELEASE_20260821,false,true,true
2017-10-31,2017-10,88.300,88.300,2025=100指数,M,CPI2025_ALL,总务省(e-Stat),OFFICIAL_CANONICAL,CPI2025BASE,linked level RETROSPECTIVE_REBASE,2026-08-21,RETROSPECTIVE_REBASE,VERIFIED,ARCHIVED_RELEASE_20260821,false,true,true
2017-11-30,2017-11,88.600,88.600,2025=100指数,M,CPI2025_ALL,总务省(e-Stat),OFFICIAL_CANONICAL,CPI2025BASE,linked level RETROSPECTIVE_REBASE,2026-08-21,RETROSPECTIVE_REBASE,VERIFIED,ARCHIVED_RELEASE_20260821,false,true,true
2017-12-31,2017-12,88.800,88.800,2025=100指数,M,CPI2025_ALL,总务省(e-Stat),OFFICIAL_CANONICAL,CPI2025BASE,linked level RETROSPECTIVE_REBASE,2026-08-21,RETROSPECTIVE_REBASE,VERIFIED,ARCHIVED_RELEASE_20260821,false,true,true
2018-01-31,2018-01,88.900,88.900,2025=100指数,M,CPI2025_ALL,总务省(e-Stat),OFFICIAL_CANONICAL,CPI2025BASE,linked level RETROSPECTIVE_REBASE,2026-08-21,RETROSPECTIVE_REBASE,VERIFIED,ARCHIVED_RELEASE_20260821,false,true,true
2018-02-28,2018-02,88.900,88.900,2025=100指数,M,CPI2025_ALL,总务省(e-Stat),OFFICIAL_CANONICAL,CPI2025BASE,linked level RETROSPECTIVE_REBASE,2026-08-21,RETROSPECTIVE_REBASE,VERIFIED,ARCHIVED_RELEASE_20260821,false,true,true
2018-03-31,2018-03,88.600,88.600,2025=100指数,M,CPI2025_ALL,总务省(e-Stat),OFFICIAL_CANONICAL,CPI2025BASE,linked level RETROSPECTIVE_REBASE,2026-08-21,RETROSPECTIVE_REBASE,VERIFIED,ARCHIVED_RELEASE_20260821,false,true,true
2018-04-30,2018-04,88.500,88.500,2025=100指数,M,CPI2025_ALL,总务省(e-Stat),OFFICIAL_CANONICAL,CPI2025BASE,linked level RETROSPECTIVE_REBASE,2026-08-21,RETROSPECTIVE_REBASE,VERIFIED,ARCHIVED_RELEASE_20260821,false,true,true
2018-05-31,2018-05,88.700,88.700,2025=100指数,M,CPI2025_ALL,总务省(e-Stat),OFFICIAL_CANONICAL,CPI2025BASE,linked level RETROSPECTIVE_REBASE,2026-08-21,RETROSPECTIVE_REBASE,VERIFIED,ARCHIVED_RELEASE_20260821,false,true,true
2018-06-30,2018-06,88.600,88.600,2025=100指数,M,CPI2025_ALL,总务省(e-Stat),OFFICIAL_CANONICAL,CPI2025BASE,linked level RETROSPECTIVE_REBASE,2026-08-21,RETROSPECTIVE_REBASE,VERIFIED,ARCHIVED_RELEASE_20260821,false,true,true
2018-07-31,2018-07,88.600,88.600,2025=100指数,M,CPI2025_ALL,总务省(e-Stat),OFFICIAL_CANONICAL,CPI2025BASE,linked level RETROSPECTIVE_REBASE,2026-08-21,RETROSPECTIVE_REBASE,VERIFIED,ARCHIVED_RELEASE_20260821,false,true,true
2018-08-31,2018-08,89.100,89.100,2025=100指数,M,CPI2025_ALL,总务省(e-Stat),OFFICIAL_CANONICAL,CPI2025BASE,linked level RETROSPECTIVE_REBASE,2026-08-21,RETROSPECTIVE_REBASE,VERIFIED,ARCHIVED_RELEASE_20260821,false,true,true
2018-09-30,2018-09,89.200,89.200,2025=100指数,M,CPI2025_ALL,总务省(e-Stat),OFFICIAL_CANONICAL,CPI2025BASE,linked level RETROSPECTIVE_REBASE,2026-08-21,RETROSPECTIVE_REBASE,VERIFIED,ARCHIVED_RELEASE_20260821,false,true,true
2018-10-31,2018-10,89.500,89.500,2025=100指数,M,CPI2025_ALL,总务省(e-Stat),OFFICIAL_CANONICAL,CPI2025BASE,linked level RETROSPECTIVE_REBASE,2026-08-21,RETROSPECTIVE_REBASE,VERIFIED,ARCHIVED_RELEASE_20260821,false,true,true
2018-11-30,2018-11,89.300,89.300,2025=100指数,M,CPI2025_ALL,总务省(e-Stat),OFFICIAL_CANONICAL,CPI2025BASE,linked level RETROSPECTIVE_REBASE,2026-08-21,RETROSPECTIVE_REBASE,VERIFIED,ARCHIVED_RELEASE_20260821,false,true,true
2018-12-31,2018-12,89.000,89.000,2025=100指数,M,CPI2025_ALL,总务省(e-Stat),OFFICIAL_CANONICAL,CPI2025BASE,linked level RETROSPECTIVE_REBASE,2026-08-21,RETROSPECTIVE_REBASE,VERIFIED,ARCHIVED_RELEASE_20260821,false,true,true
2019-01-31,2019-01,89.100,89.100,2025=100指数,M,CPI2025_ALL,总务省(e-Stat),OFFICIAL_CANONICAL,CPI2025BASE,linked level RETROSPECTIVE_REBASE,2026-08-21,RETROSPECTIVE_REBASE,VERIFIED,ARCHIVED_RELEASE_20260821,false,true,true
2019-02-28,2019-02,89.100,89.100,2025=100指数,M,CPI2025_ALL,总务省(e-Stat),OFFICIAL_CANONICAL,CPI2025BASE,linked level RETROSPECTIVE_REBASE,2026-08-21,RETROSPECTIVE_REBASE,VERIFIED,ARCHIVED_RELEASE_20260821,false,true,true
2019-03-31,2019-03,89.100,89.100,2025=100指数,M,CPI2025_ALL,总务省(e-Stat),OFFICIAL_CANONICAL,CPI2025BASE,linked level RETROSPECTIVE_REBASE,2026-08-21,RETROSPECTIVE_REBASE,VERIFIED,ARCHIVED_RELEASE_20260821,false,true,true
2019-04-30,2019-04,89.300,89.300,2025=100指数,M,CPI2025_ALL,总务省(e-Stat),OFFICIAL_CANONICAL,CPI2025BASE,linked level RETROSPECTIVE_REBASE,2026-08-21,RETROSPECTIVE_REBASE,VERIFIED,ARCHIVED_RELEASE_20260821,false,true,true
2019-05-31,2019-05,89.300,89.300,2025=100指数,M,CPI2025_ALL,总务省(e-Stat),OFFICIAL_CANONICAL,CPI2025BASE,linked level RETROSPECTIVE_REBASE,2026-08-21,RETROSPECTIVE_REBASE,VERIFIED,ARCHIVED_RELEASE_20260821,false,true,true
2019-06-30,2019-06,89.200,89.200,2025=100指数,M,CPI2025_ALL,总务省(e-Stat),OFFICIAL_CANONICAL,CPI2025BASE,linked level RETROSPECTIVE_REBASE,2026-08-21,RETROSPECTIVE_REBASE,VERIFIED,ARCHIVED_RELEASE_20260821,false,true,true
2019-07-31,2019-07,89.100,89.100,2025=100指数,M,CPI2025_ALL,总务省(e-Stat),OFFICIAL_CANONICAL,CPI2025BASE,linked level RETROSPECTIVE_REBASE,2026-08-21,RETROSPECTIVE_REBASE,VERIFIED,ARCHIVED_RELEASE_20260821,false,true,true
2019-08-31,2019-08,89.400,89.400,2025=100指数,M,CPI2025_ALL,总务省(e-Stat),OFFICIAL_CANONICAL,CPI2025BASE,linked level RETROSPECTIVE_REBASE,2026-08-21,RETROSPECTIVE_REBASE,VERIFIED,ARCHIVED_RELEASE_20260821,false,true,true
2019-09-30,2019-09,89.400,89.400,2025=100指数,M,CPI2025_ALL,总务省(e-Stat),OFFICIAL_CANONICAL,CPI2025BASE,linked level RETROSPECTIVE_REBASE,2026-08-21,RETROSPECTIVE_REBASE,VERIFIED,ARCHIVED_RELEASE_20260821,false,true,true
2019-10-31,2019-10,89.700,89.700,2025=100指数,M,CPI2025_ALL,总务省(e-Stat),OFFICIAL_CANONICAL,CPI2025BASE,linked level RETROSPECTIVE_REBASE,2026-08-21,RETROSPECTIVE_REBASE,VERIFIED,ARCHIVED_RELEASE_20260821,false,true,true
2019-11-30,2019-11,89.800,89.800,2025=100指数,M,CPI2025_ALL,总务省(e-Stat),OFFICIAL_CANONICAL,CPI2025BASE,linked level RETROSPECTIVE_REBASE,2026-08-21,RETROSPECTIVE_REBASE,VERIFIED,ARCHIVED_RELEASE_20260821,false,true,true
2019-12-31,2019-12,89.700,89.700,2025=100指数,M,CPI2025_ALL,总务省(e-Stat),OFFICIAL_CANONICAL,CPI2025BASE,linked level RETROSPECTIVE_REBASE,2026-08-21,RETROSPECTIVE_REBASE,VERIFIED,ARCHIVED_RELEASE_20260821,false,true,true
2020-01-31,2020-01,89.800,89.800,2025=100指数,M,CPI2025_ALL,总务省(e-Stat),OFFICIAL_CANONICAL,CPI2025BASE,linked level RETROSPECTIVE_REBASE,2026-08-21,RETROSPECTIVE_REBASE,VERIFIED,ARCHIVED_RELEASE_20260821,false,true,true
2020-02-29,2020-02,89.600,89.600,2025=100指数,M,CPI2025_ALL,总务省(e-Stat),OFFICIAL_CANONICAL,CPI2025BASE,linked level RETROSPECTIVE_REBASE,2026-08-21,RETROSPECTIVE_REBASE,VERIFIED,ARCHIVED_RELEASE_20260821,false,true,true
2020-03-31,2020-03,89.600,89.600,2025=100指数,M,CPI2025_ALL,总务省(e-Stat),OFFICIAL_CANONICAL,CPI2025BASE,linked level RETROSPECTIVE_REBASE,2026-08-21,RETROSPECTIVE_REBASE,VERIFIED,ARCHIVED_RELEASE_20260821,false,true,true
2020-04-30,2020-04,89.500,89.500,2025=100指数,M,CPI2025_ALL,总务省(e-Stat),OFFICIAL_CANONICAL,CPI2025BASE,linked level RETROSPECTIVE_REBASE,2026-08-21,RETROSPECTIVE_REBASE,VERIFIED,ARCHIVED_RELEASE_20260821,false,true,true
2020-05-31,2020-05,89.500,89.500,2025=100指数,M,CPI2025_ALL,总务省(e-Stat),OFFICIAL_CANONICAL,CPI2025BASE,linked level RETROSPECTIVE_REBASE,2026-08-21,RETROSPECTIVE_REBASE,VERIFIED,ARCHIVED_RELEASE_20260821,false,true,true
2020-06-30,2020-06,89.300,89.300,2025=100指数,M,CPI2025_ALL,总务省(e-Stat),OFFICIAL_CANONICAL,CPI2025BASE,linked level RETROSPECTIVE_REBASE,2026-08-21,RETROSPECTIVE_REBASE,VERIFIED,ARCHIVED_RELEASE_20260821,false,true,true
2020-07-31,2020-07,89.300,89.300,2025=100指数,M,CPI2025_ALL,总务省(e-Stat),OFFICIAL_CANONICAL,CPI2025BASE,linked level RETROSPECTIVE_REBASE,2026-08-21,RETROSPECTIVE_REBASE,VERIFIED,ARCHIVED_RELEASE_20260821,false,true,true
2020-08-31,2020-08,89.400,89.400,2025=100指数,M,CPI2025_ALL,总务省(e-Stat),OFFICIAL_CANONICAL,CPI2025BASE,linked level RETROSPECTIVE_REBASE,2026-08-21,RETROSPECTIVE_REBASE,VERIFIED,ARCHIVED_RELEASE_20260821,false,true,true
2020-09-30,2020-09,89.200,89.200,2025=100指数,M,CPI2025_ALL,总务省(e-Stat),OFFICIAL_CANONICAL,CPI2025BASE,linked level RETROSPECTIVE_REBASE,2026-08-21,RETROSPECTIVE_REBASE,VERIFIED,ARCHIVED_RELEASE_20260821,false,true,true
2020-10-31,2020-10,89.200,89.200,2025=100指数,M,CPI2025_ALL,总务省(e-Stat),OFFICIAL_CANONICAL,CPI2025BASE,linked level RETROSPECTIVE_REBASE,2026-08-21,RETROSPECTIVE_REBASE,VERIFIED,ARCHIVED_RELEASE_20260821,false,true,true
2020-11-30,2020-11,88.900,88.900,2025=100指数,M,CPI2025_ALL,总务省(e-Stat),OFFICIAL_CANONICAL,CPI2025BASE,linked level RETROSPECTIVE_REBASE,2026-08-21,RETROSPECTIVE_REBASE,VERIFIED,ARCHIVED_RELEASE_20260821,false,true,true
2020-12-31,2020-12,88.700,88.700,2025=100指数,M,CPI2025_ALL,总务省(e-Stat),OFFICIAL_CANONICAL,CPI2025BASE,linked level RETROSPECTIVE_REBASE,2026-08-21,RETROSPECTIVE_REBASE,VERIFIED,ARCHIVED_RELEASE_20260821,false,true,true
2021-01-31,2021-01,89.200,89.200,2025=100指数,M,CPI2025_ALL,总务省(e-Stat),OFFICIAL_CANONICAL,CPI2025BASE,linked level RETROSPECTIVE_REBASE,2026-08-21,RETROSPECTIVE_REBASE,VERIFIED,ARCHIVED_RELEASE_20260821,false,true,true
2021-02-28,2021-02,89.100,89.100,2025=100指数,M,CPI2025_ALL,总务省(e-Stat),OFFICIAL_CANONICAL,CPI2025BASE,linked level RETROSPECTIVE_REBASE,2026-08-21,RETROSPECTIVE_REBASE,VERIFIED,ARCHIVED_RELEASE_20260821,false,true,true
2021-03-31,2021-03,89.200,89.200,2025=100指数,M,CPI2025_ALL,总务省(e-Stat),OFFICIAL_CANONICAL,CPI2025BASE,linked level RETROSPECTIVE_REBASE,2026-08-21,RETROSPECTIVE_REBASE,VERIFIED,ARCHIVED_RELEASE_20260821,false,true,true
2021-04-30,2021-04,88.500,88.500,2025=100指数,M,CPI2025_ALL,总务省(e-Stat),OFFICIAL_CANONICAL,CPI2025BASE,linked level RETROSPECTIVE_REBASE,2026-08-21,RETROSPECTIVE_REBASE,VERIFIED,ARCHIVED_RELEASE_20260821,false,true,true
2021-05-31,2021-05,88.800,88.800,2025=100指数,M,CPI2025_ALL,总务省(e-Stat),OFFICIAL_CANONICAL,CPI2025BASE,linked level RETROSPECTIVE_REBASE,2026-08-21,RETROSPECTIVE_REBASE,VERIFIED,ARCHIVED_RELEASE_20260821,false,true,true
2021-06-30,2021-06,88.900,88.900,2025=100指数,M,CPI2025_ALL,总务省(e-Stat),OFFICIAL_CANONICAL,CPI2025BASE,linked level RETROSPECTIVE_REBASE,2026-08-21,RETROSPECTIVE_REBASE,VERIFIED,ARCHIVED_RELEASE_20260821,false,true,true
2021-07-31,2021-07,89.100,89.100,2025=100指数,M,CPI2025_ALL,总务省(e-Stat),OFFICIAL_CANONICAL,CPI2025BASE,linked level RETROSPECTIVE_REBASE,2026-08-21,RETROSPECTIVE_REBASE,VERIFIED,ARCHIVED_RELEASE_20260821,false,true,true
2021-08-31,2021-08,89.100,89.100,2025=100指数,M,CPI2025_ALL,总务省(e-Stat),OFFICIAL_CANONICAL,CPI2025BASE,linked level RETROSPECTIVE_REBASE,2026-08-21,RETROSPECTIVE_REBASE,VERIFIED,ARCHIVED_RELEASE_20260821,false,true,true
2021-09-30,2021-09,89.400,89.400,2025=100指数,M,CPI2025_ALL,总务省(e-Stat),OFFICIAL_CANONICAL,CPI2025BASE,linked level RETROSPECTIVE_REBASE,2026-08-21,RETROSPECTIVE_REBASE,VERIFIED,ARCHIVED_RELEASE_20260821,false,true,true
2021-10-31,2021-10,89.300,89.300,2025=100指数,M,CPI2025_ALL,总务省(e-Stat),OFFICIAL_CANONICAL,CPI2025BASE,linked level RETROSPECTIVE_REBASE,2026-08-21,RETROSPECTIVE_REBASE,VERIFIED,ARCHIVED_RELEASE_20260821,false,true,true
2021-11-30,2021-11,89.400,89.400,2025=100指数,M,CPI2025_ALL,总务省(e-Stat),OFFICIAL_CANONICAL,CPI2025BASE,linked level RETROSPECTIVE_REBASE,2026-08-21,RETROSPECTIVE_REBASE,VERIFIED,ARCHIVED_RELEASE_20260821,false,true,true
2021-12-31,2021-12,89.400,89.400,2025=100指数,M,CPI2025_ALL,总务省(e-Stat),OFFICIAL_CANONICAL,CPI2025BASE,linked level RETROSPECTIVE_REBASE,2026-08-21,RETROSPECTIVE_REBASE,VERIFIED,ARCHIVED_RELEASE_20260821,false,true,true
2022-01-31,2022-01,89.600,89.600,2025=100指数,M,CPI2025_ALL,总务省(e-Stat),OFFICIAL_CANONICAL,CPI2025BASE,linked level RETROSPECTIVE_REBASE,2026-08-21,RETROSPECTIVE_REBASE,VERIFIED,ARCHIVED_RELEASE_20260821,false,true,true
2022-02-28,2022-02,90.000,90.000,2025=100指数,M,CPI2025_ALL,总务省(e-Stat),OFFICIAL_CANONICAL,CPI2025BASE,linked level RETROSPECTIVE_REBASE,2026-08-21,RETROSPECTIVE_REBASE,VERIFIED,ARCHIVED_RELEASE_20260821,false,true,true
2022-03-31,2022-03,90.300,90.300,2025=100指数,M,CPI2025_ALL,总务省(e-Stat),OFFICIAL_CANONICAL,CPI2025BASE,linked level RETROSPECTIVE_REBASE,2026-08-21,RETROSPECTIVE_REBASE,VERIFIED,ARCHIVED_RELEASE_20260821,false,true,true
2022-04-30,2022-04,90.700,90.700,2025=100指数,M,CPI2025_ALL,总务省(e-Stat),OFFICIAL_CANONICAL,CPI2025BASE,linked level RETROSPECTIVE_REBASE,2026-08-21,RETROSPECTIVE_REBASE,VERIFIED,ARCHIVED_RELEASE_20260821,false,true,true
2022-05-31,2022-05,91.000,91.000,2025=100指数,M,CPI2025_ALL,总务省(e-Stat),OFFICIAL_CANONICAL,CPI2025BASE,linked level RETROSPECTIVE_REBASE,2026-08-21,RETROSPECTIVE_REBASE,VERIFIED,ARCHIVED_RELEASE_20260821,false,true,true
2022-06-30,2022-06,91.000,91.000,2025=100指数,M,CPI2025_ALL,总务省(e-Stat),OFFICIAL_CANONICAL,CPI2025BASE,linked level RETROSPECTIVE_REBASE,2026-08-21,RETROSPECTIVE_REBASE,VERIFIED,ARCHIVED_RELEASE_20260821,false,true,true
2022-07-31,2022-07,91.400,91.400,2025=100指数,M,CPI2025_ALL,总务省(e-Stat),OFFICIAL_CANONICAL,CPI2025BASE,linked level RETROSPECTIVE_REBASE,2026-08-21,RETROSPECTIVE_REBASE,VERIFIED,ARCHIVED_RELEASE_20260821,false,true,true
2022-08-31,2022-08,91.700,91.700,2025=100指数,M,CPI2025_ALL,总务省(e-Stat),OFFICIAL_CANONICAL,CPI2025BASE,linked level RETROSPECTIVE_REBASE,2026-08-21,RETROSPECTIVE_REBASE,VERIFIED,ARCHIVED_RELEASE_20260821,false,true,true
2022-09-30,2022-09,92.100,92.100,2025=100指数,M,CPI2025_ALL,总务省(e-Stat),OFFICIAL_CANONICAL,CPI2025BASE,linked level RETROSPECTIVE_REBASE,2026-08-21,RETROSPECTIVE_REBASE,VERIFIED,ARCHIVED_RELEASE_20260821,false,true,true
2022-10-31,2022-10,92.600,92.600,2025=100指数,M,CPI2025_ALL,总务省(e-Stat),OFFICIAL_CANONICAL,CPI2025BASE,linked level RETROSPECTIVE_REBASE,2026-08-21,RETROSPECTIVE_REBASE,VERIFIED,ARCHIVED_RELEASE_20260821,false,true,true
2022-11-30,2022-11,92.800,92.800,2025=100指数,M,CPI2025_ALL,总务省(e-Stat),OFFICIAL_CANONICAL,CPI2025BASE,linked level RETROSPECTIVE_REBASE,2026-08-21,RETROSPECTIVE_REBASE,VERIFIED,ARCHIVED_RELEASE_20260821,false,true,true
2022-12-31,2022-12,93.000,93.000,2025=100指数,M,CPI2025_ALL,总务省(e-Stat),OFFICIAL_CANONICAL,CPI2025BASE,linked level RETROSPECTIVE_REBASE,2026-08-21,RETROSPECTIVE_REBASE,VERIFIED,ARCHIVED_RELEASE_20260821,false,true,true
2023-01-31,2023-01,93.500,93.500,2025=100指数,M,CPI2025_ALL,总务省(e-Stat),OFFICIAL_CANONICAL,CPI2025BASE,linked level RETROSPECTIVE_REBASE,2026-08-21,RETROSPECTIVE_REBASE,VERIFIED,ARCHIVED_RELEASE_20260821,false,true,true
2023-02-28,2023-02,92.900,92.900,2025=100指数,M,CPI2025_ALL,总务省(e-Stat),OFFICIAL_CANONICAL,CPI2025BASE,linked level RETROSPECTIVE_REBASE,2026-08-21,RETROSPECTIVE_REBASE,VERIFIED,ARCHIVED_RELEASE_20260821,false,true,true
2023-03-31,2023-03,93.300,93.300,2025=100指数,M,CPI2025_ALL,总务省(e-Stat),OFFICIAL_CANONICAL,CPI2025BASE,linked level RETROSPECTIVE_REBASE,2026-08-21,RETROSPECTIVE_REBASE,VERIFIED,ARCHIVED_RELEASE_20260821,false,true,true
2023-04-30,2023-04,93.800,93.800,2025=100指数,M,CPI2025_ALL,总务省(e-Stat),OFFICIAL_CANONICAL,CPI2025BASE,linked level RETROSPECTIVE_REBASE,2026-08-21,RETROSPECTIVE_REBASE,VERIFIED,ARCHIVED_RELEASE_20260821,false,true,true
2023-05-31,2023-05,93.900,93.900,2025=100指数,M,CPI2025_ALL,总务省(e-Stat),OFFICIAL_CANONICAL,CPI2025BASE,linked level RETROSPECTIVE_REBASE,2026-08-21,RETROSPECTIVE_REBASE,VERIFIED,ARCHIVED_RELEASE_20260821,false,true,true
2023-06-30,2023-06,94.000,94.000,2025=100指数,M,CPI2025_ALL,总务省(e-Stat),OFFICIAL_CANONICAL,CPI2025BASE,linked level RETROSPECTIVE_REBASE,2026-08-21,RETROSPECTIVE_REBASE,VERIFIED,ARCHIVED_RELEASE_20260821,false,true,true
2023-07-31,2023-07,94.400,94.400,2025=100指数,M,CPI2025_ALL,总务省(e-Stat),OFFICIAL_CANONICAL,CPI2025BASE,linked level RETROSPECTIVE_REBASE,2026-08-21,RETROSPECTIVE_REBASE,VERIFIED,ARCHIVED_RELEASE_20260821,false,true,true
2023-08-31,2023-08,94.600,94.600,2025=100指数,M,CPI2025_ALL,总务省(e-Stat),OFFICIAL_CANONICAL,CPI2025BASE,linked level RETROSPECTIVE_REBASE,2026-08-21,RETROSPECTIVE_REBASE,VERIFIED,ARCHIVED_RELEASE_20260821,false,true,true
2023-09-30,2023-09,94.900,94.900,2025=100指数,M,CPI2025_ALL,总务省(e-Stat),OFFICIAL_CANONICAL,CPI2025BASE,linked level RETROSPECTIVE_REBASE,2026-08-21,RETROSPECTIVE_REBASE,VERIFIED,ARCHIVED_RELEASE_20260821,false,true,true
2023-10-31,2023-10,95.700,95.700,2025=100指数,M,CPI2025_ALL,总务省(e-Stat),OFFICIAL_CANONICAL,CPI2025BASE,linked level RETROSPECTIVE_REBASE,2026-08-21,RETROSPECTIVE_REBASE,VERIFIED,ARCHIVED_RELEASE_20260821,false,true,true
2023-11-30,2023-11,95.500,95.500,2025=100指数,M,CPI2025_ALL,总务省(e-Stat),OFFICIAL_CANONICAL,CPI2025BASE,linked level RETROSPECTIVE_REBASE,2026-08-21,RETROSPECTIVE_REBASE,VERIFIED,ARCHIVED_RELEASE_20260821,false,true,true
2023-12-31,2023-12,95.400,95.400,2025=100指数,M,CPI2025_ALL,总务省(e-Stat),OFFICIAL_CANONICAL,CPI2025BASE,linked level RETROSPECTIVE_REBASE,2026-08-21,RETROSPECTIVE_REBASE,VERIFIED,ARCHIVED_RELEASE_20260821,false,true,true
2024-01-31,2024-01,95.500,95.500,2025=100指数,M,CPI2025_ALL,总务省(e-Stat),OFFICIAL_CANONICAL,CPI2025BASE,linked level RETROSPECTIVE_REBASE,2026-08-21,RETROSPECTIVE_REBASE,VERIFIED,ARCHIVED_RELEASE_20260821,false,true,true
2024-02-29,2024-02,95.500,95.500,2025=100指数,M,CPI2025_ALL,总务省(e-Stat),OFFICIAL_CANONICAL,CPI2025BASE,linked level RETROSPECTIVE_REBASE,2026-08-21,RETROSPECTIVE_REBASE,VERIFIED,ARCHIVED_RELEASE_20260821,false,true,true
2024-03-31,2024-03,95.800,95.800,2025=100指数,M,CPI2025_ALL,总务省(e-Stat),OFFICIAL_CANONICAL,CPI2025BASE,linked level RETROSPECTIVE_REBASE,2026-08-21,RETROSPECTIVE_REBASE,VERIFIED,ARCHIVED_RELEASE_20260821,false,true,true
2024-04-30,2024-04,96.200,96.200,2025=100指数,M,CPI2025_ALL,总务省(e-Stat),OFFICIAL_CANONICAL,CPI2025BASE,linked level RETROSPECTIVE_REBASE,2026-08-21,RETROSPECTIVE_REBASE,VERIFIED,ARCHIVED_RELEASE_20260821,false,true,true
2024-05-31,2024-05,96.500,96.500,2025=100指数,M,CPI2025_ALL,总务省(e-Stat),OFFICIAL_CANONICAL,CPI2025BASE,linked level RETROSPECTIVE_REBASE,2026-08-21,RETROSPECTIVE_REBASE,VERIFIED,ARCHIVED_RELEASE_20260821,false,true,true
2024-06-30,2024-06,96.600,96.600,2025=100指数,M,CPI2025_ALL,总务省(e-Stat),OFFICIAL_CANONICAL,CPI2025BASE,linked level RETROSPECTIVE_REBASE,2026-08-21,RETROSPECTIVE_REBASE,VERIFIED,ARCHIVED_RELEASE_20260821,false,true,true
2024-07-31,2024-07,97.000,97.000,2025=100指数,M,CPI2025_ALL,总务省(e-Stat),OFFICIAL_CANONICAL,CPI2025BASE,linked level RETROSPECTIVE_REBASE,2026-08-21,RETROSPECTIVE_REBASE,VERIFIED,ARCHIVED_RELEASE_20260821,false,true,true
2024-08-31,2024-08,97.500,97.500,2025=100指数,M,CPI2025_ALL,总务省(e-Stat),OFFICIAL_CANONICAL,CPI2025BASE,linked level RETROSPECTIVE_REBASE,2026-08-21,RETROSPECTIVE_REBASE,VERIFIED,ARCHIVED_RELEASE_20260821,false,true,true
2024-09-30,2024-09,97.300,97.300,2025=100指数,M,CPI2025_ALL,总务省(e-Stat),OFFICIAL_CANONICAL,CPI2025BASE,linked level RETROSPECTIVE_REBASE,2026-08-21,RETROSPECTIVE_REBASE,VERIFIED,ARCHIVED_RELEASE_20260821,false,true,true
2024-10-31,2024-10,97.900,97.900,2025=100指数,M,CPI2025_ALL,总务省(e-Stat),OFFICIAL_CANONICAL,CPI2025BASE,linked level RETROSPECTIVE_REBASE,2026-08-21,RETROSPECTIVE_REBASE,VERIFIED,ARCHIVED_RELEASE_20260821,false,true,true
2024-11-30,2024-11,98.300,98.300,2025=100指数,M,CPI2025_ALL,总务省(e-Stat),OFFICIAL_CANONICAL,CPI2025BASE,linked level RETROSPECTIVE_REBASE,2026-08-21,RETROSPECTIVE_REBASE,VERIFIED,ARCHIVED_RELEASE_20260821,false,true,true
2024-12-31,2024-12,98.900,98.900,2025=100指数,M,CPI2025_ALL,总务省(e-Stat),OFFICIAL_CANONICAL,CPI2025BASE,linked level RETROSPECTIVE_REBASE,2026-08-21,RETROSPECTIVE_REBASE,VERIFIED,ARCHIVED_RELEASE_20260821,false,true,true
2025-01-31,2025-01,99.300,99.300,2025=100指数,M,CPI2025_ALL,总务省(e-Stat),OFFICIAL_CANONICAL,CPI2025BASE,linked level RETROSPECTIVE_REBASE,2026-08-21,RETROSPECTIVE_REBASE,VERIFIED,ARCHIVED_RELEASE_20260821,false,true,true
2025-02-28,2025-02,98.900,98.900,2025=100指数,M,CPI2025_ALL,总务省(e-Stat),OFFICIAL_CANONICAL,CPI2025BASE,linked level RETROSPECTIVE_REBASE,2026-08-21,RETROSPECTIVE_REBASE,VERIFIED,ARCHIVED_RELEASE_20260821,false,true,true
2025-03-31,2025-03,99.200,99.200,2025=100指数,M,CPI2025_ALL,总务省(e-Stat),OFFICIAL_CANONICAL,CPI2025BASE,linked level RETROSPECTIVE_REBASE,2026-08-21,RETROSPECTIVE_REBASE,VERIFIED,ARCHIVED_RELEASE_20260821,false,true,true
2025-04-30,2025-04,99.700,99.700,2025=100指数,M,CPI2025_ALL,总务省(e-Stat),OFFICIAL_CANONICAL,CPI2025BASE,linked level RETROSPECTIVE_REBASE,2026-08-21,RETROSPECTIVE_REBASE,VERIFIED,ARCHIVED_RELEASE_20260821,false,true,true
2025-05-31,2025-05,100.000,100.000,2025=100指数,M,CPI2025_ALL,总务省(e-Stat),OFFICIAL_CANONICAL,CPI2025BASE,linked level RETROSPECTIVE_REBASE,2026-08-21,RETROSPECTIVE_REBASE,VERIFIED,ARCHIVED_RELEASE_20260821,false,true,true
2025-06-30,2025-06,99.900,99.900,2025=100指数,M,CPI2025_ALL,总务省(e-Stat),OFFICIAL_CANONICAL,CPI2025BASE,linked level RETROSPECTIVE_REBASE,2026-08-21,RETROSPECTIVE_REBASE,VERIFIED,ARCHIVED_RELEASE_20260821,false,true,true
2025-07-31,2025-07,100.100,100.100,2025=100指数,M,CPI2025_ALL,总务省(e-Stat),OFFICIAL_CANONICAL,CPI2025BASE,linked level RETROSPECTIVE_REBASE,2026-08-21,RETROSPECTIVE_REBASE,VERIFIED,ARCHIVED_RELEASE_20260821,false,true,true
2025-08-31,2025-08,100.300,100.300,2025=100指数,M,CPI2025_ALL,总务省(e-Stat),OFFICIAL_CANONICAL,CPI2025BASE,linked level RETROSPECTIVE_REBASE,2026-08-21,RETROSPECTIVE_REBASE,VERIFIED,ARCHIVED_RELEASE_20260821,false,true,true
2025-09-30,2025-09,100.100,100.100,2025=100指数,M,CPI2025_ALL,总务省(e-Stat),OFFICIAL_CANONICAL,CPI2025BASE,linked level RETROSPECTIVE_REBASE,2026-08-21,RETROSPECTIVE_REBASE,VERIFIED,ARCHIVED_RELEASE_20260821,false,true,true
2025-10-31,2025-10,100.700,100.700,2025=100指数,M,CPI2025_ALL,总务省(e-Stat),OFFICIAL_CANONICAL,CPI2025BASE,linked level RETROSPECTIVE_REBASE,2026-08-21,RETROSPECTIVE_REBASE,VERIFIED,ARCHIVED_RELEASE_20260821,false,true,true
2025-11-30,2025-11,101.000,101.000,2025=100指数,M,CPI2025_ALL,总务省(e-Stat),OFFICIAL_CANONICAL,CPI2025BASE,linked level RETROSPECTIVE_REBASE,2026-08-21,RETROSPECTIVE_REBASE,VERIFIED,ARCHIVED_RELEASE_20260821,false,true,true
2025-12-31,2025-12,100.900,100.900,2025=100指数,M,CPI2025_ALL,总务省(e-Stat),OFFICIAL_CANONICAL,CPI2025BASE,linked level RETROSPECTIVE_REBASE,2026-08-21,RETROSPECTIVE_REBASE,VERIFIED,ARCHIVED_RELEASE_20260821,false,true,true
2026-01-31,2026-01,100.800,100.800,2025=100指数,M,CPI2025_ALL,总务省(e-Stat),OFFICIAL_CANONICAL,CPI2025BASE,linked level RETROSPECTIVE_REBASE,2026-08-21,RETROSPECTIVE_REBASE,VERIFIED,ARCHIVED_RELEASE_20260821,false,true,true
2026-02-28,2026-02,100.200,100.200,2025=100指数,M,CPI2025_ALL,总务省(e-Stat),OFFICIAL_CANONICAL,CPI2025BASE,linked level RETROSPECTIVE_REBASE,2026-08-21,RETROSPECTIVE_REBASE,VERIFIED,ARCHIVED_RELEASE_20260821,false,true,true
2026-03-31,2026-03,100.600,100.600,2025=100指数,M,CPI2025_ALL,总务省(e-Stat),OFFICIAL_CANONICAL,CPI2025BASE,linked level RETROSPECTIVE_REBASE,2026-08-21,RETROSPECTIVE_REBASE,VERIFIED,ARCHIVED_RELEASE_20260821,false,true,true
2026-04-30,2026-04,101.000,101.000,2025=100指数,M,CPI2025_ALL,总务省(e-Stat),OFFICIAL_CANONICAL,CPI2025BASE,linked level RETROSPECTIVE_REBASE,2026-08-21,RETROSPECTIVE_REBASE,VERIFIED,ARCHIVED_RELEASE_20260821,false,true,true
2026-05-31,2026-05,101.500,101.500,2025=100指数,M,CPI2025_ALL,总务省(e-Stat),OFFICIAL_CANONICAL,CPI2025BASE,linked level RETROSPECTIVE_REBASE,2026-08-21,RETROSPECTIVE_REBASE,VERIFIED,ARCHIVED_RELEASE_20260821,false,true,true
2026-06-30,2026-06,101.600,101.600,2025=100指数,M,CPI2025_ALL,总务省(e-Stat),OFFICIAL_CANONICAL,CPI2025BASE,linked level RETROSPECTIVE_REBASE,2026-08-21,RETROSPECTIVE_REBASE,VERIFIED,ARCHIVED_RELEASE_20260821,false,true,true
2026-07-31,2026-07,102.000,102.000,2025=100指数,M,CPI2025_ALL,总务省(e-Stat),OFFICIAL_CANONICAL,CPI2025BASE,linked level RETROSPECTIVE_REBASE,2026-08-21,RETROSPECTIVE_REBASE,VERIFIED,ARCHIVED_RELEASE_20260821,false,true,true
