date,period,value,value_raw,unit,freq,source,provider,source_type,definition_regime,note,value_available_date,vintage_type,release_rule_status,vintage_evidence,historical_realtime_eligible,post_vad_eligible,source_validity_eligible
1957-01-31,1957-01,359.8383255,359.8383255,日元/美元(月均),M,USDJPY_MONTHLY_1957,FRED(OECD),VALIDATED_MIRROR,,,2026-09-05,LATEST_HISTORY_PROXY,PROXY,CURRENT_HISTORY_ONLY_NO_VINTAGE,false,true,true
1957-02-28,1957-02,359.8383255,359.8383255,日元/美元(月均),M,USDJPY_MONTHLY_1957,FRED(OECD),VALIDATED_MIRROR,,,2026-09-05,LATEST_HISTORY_PROXY,PROXY,CURRENT_HISTORY_ONLY_NO_VINTAGE,false,true,true
1957-03-31,1957-03,359.8383255,359.8383255,日元/美元(月均),M,USDJPY_MONTHLY_1957,FRED(OECD),VALIDATED_MIRROR,,,2026-09-05,LATEST_HISTORY_PROXY,PROXY,CURRENT_HISTORY_ONLY_NO_VINTAGE,false,true,true
1957-04-30,1957-04,359.8383255,359.8383255,日元/美元(月均),M,USDJPY_MONTHLY_1957,FRED(OECD),VALIDATED_MIRROR,,,2026-09-05,LATEST_HISTORY_PROXY,PROXY,CURRENT_HISTORY_ONLY_NO_VINTAGE,false,true,true
1957-05-31,1957-05,359.8383255,359.8383255,日元/美元(月均),M,USDJPY_MONTHLY_1957,FRED(OECD),VALIDATED_MIRROR,,,2026-09-05,LATEST_HISTORY_PROXY,PROXY,CURRENT_HISTORY_ONLY_NO_VINTAGE,false,true,true
1957-06-30,1957-06,359.8383255,359.8383255,日元/美元(月均),M,USDJPY_MONTHLY_1957,FRED(OECD),VALIDATED_MIRROR,,,2026-09-05,LATEST_HISTORY_PROXY,PROXY,CURRENT_HISTORY_ONLY_NO_VINTAGE,false,true,true
1957-07-31,1957-07,359.8383255,359.8383255,日元/美元(月均),M,USDJPY_MONTHLY_1957,FRED(OECD),VALIDATED_MIRROR,,,2026-09-05,LATEST_HISTORY_PROXY,PROXY,CURRENT_HISTORY_ONLY_NO_VINTAGE,false,true,true
1957-08-31,1957-08,359.8383255,359.8383255,日元/美元(月均),M,USDJPY_MONTHLY_1957,FRED(OECD),VALIDATED_MIRROR,,,2026-09-05,LATEST_HISTORY_PROXY,PROXY,CURRENT_HISTORY_ONLY_NO_VINTAGE,false,true,true
1957-09-30,1957-09,359.8383255,359.8383255,日元/美元(月均),M,USDJPY_MONTHLY_1957,FRED(OECD),VALIDATED_MIRROR,,,2026-09-05,LATEST_HISTORY_PROXY,PROXY,CURRENT_HISTORY_ONLY_NO_VINTAGE,false,true,true
1957-10-31,1957-10,359.8383255,359.8383255,日元/美元(月均),M,USDJPY_MONTHLY_1957,FRED(OECD),VALIDATED_MIRROR,,,2026-09-05,LATEST_HISTORY_PROXY,PROXY,CURRENT_HISTORY_ONLY_NO_VINTAGE,false,true,true
1957-11-30,1957-11,359.8383255,359.8383255,日元/美元(月均),M,USDJPY_MONTHLY_1957,FRED(OECD),VALIDATED_MIRROR,,,2026-09-05,LATEST_HISTORY_PROXY,PROXY,CURRENT_HISTORY_ONLY_NO_VINTAGE,false,true,true
1957-12-31,1957-12,359.8383255,359.8383255,日元/美元(月均),M,USDJPY_MONTHLY_1957,FRED(OECD),VALIDATED_MIRROR,,,2026-09-05,LATEST_HISTORY_PROXY,PROXY,CURRENT_HISTORY_ONLY_NO_VINTAGE,false,true,true
1958-01-31,1958-01,359.8383255,359.8383255,日元/美元(月均),M,USDJPY_MONTHLY_1957,FRED(OECD),VALIDATED_MIRROR,,,2026-09-05,LATEST_HISTORY_PROXY,PROXY,CURRENT_HISTORY_ONLY_NO_VINTAGE,false,true,true
1958-02-28,1958-02,359.8383255,359.8383255,日元/美元(月均),M,USDJPY_MONTHLY_1957,FRED(OECD),VALIDATED_MIRROR,,,2026-09-05,LATEST_HISTORY_PROXY,PROXY,CURRENT_HISTORY_ONLY_NO_VINTAGE,false,true,true
1958-03-31,1958-03,359.8383255,359.8383255,日元/美元(月均),M,USDJPY_MONTHLY_1957,FRED(OECD),VALIDATED_MIRROR,,,2026-09-05,LATEST_HISTORY_PROXY,PROXY,CURRENT_HISTORY_ONLY_NO_VINTAGE,false,true,true
1958-04-30,1958-04,359.8383255,359.8383255,日元/美元(月均),M,USDJPY_MONTHLY_1957,FRED(OECD),VALIDATED_MIRROR,,,2026-09-05,LATEST_HISTORY_PROXY,PROXY,CURRENT_HISTORY_ONLY_NO_VINTAGE,false,true,true
1958-05-31,1958-05,359.8383255,359.8383255,日元/美元(月均),M,USDJPY_MONTHLY_1957,FRED(OECD),VALIDATED_MIRROR,,,2026-09-05,LATEST_HISTORY_PROXY,PROXY,CURRENT_HISTORY_ONLY_NO_VINTAGE,false,true,true
1958-06-30,1958-06,359.8383255,359.8383255,日元/美元(月均),M,USDJPY_MONTHLY_1957,FRED(OECD),VALIDATED_MIRROR,,,2026-09-05,LATEST_HISTORY_PROXY,PROXY,CURRENT_HISTORY_ONLY_NO_VINTAGE,false,true,true
1958-07-31,1958-07,359.8383255,359.8383255,日元/美元(月均),M,USDJPY_MONTHLY_1957,FRED(OECD),VALIDATED_MIRROR,,,2026-09-05,LATEST_HISTORY_PROXY,PROXY,CURRENT_HISTORY_ONLY_NO_VINTAGE,false,true,true
1958-08-31,1958-08,359.8383255,359.8383255,日元/美元(月均),M,USDJPY_MONTHLY_1957,FRED(OECD),VALIDATED_MIRROR,,,2026-09-05,LATEST_HISTORY_PROXY,PROXY,CURRENT_HISTORY_ONLY_NO_VINTAGE,false,true,true
1958-09-30,1958-09,359.8383255,359.8383255,日元/美元(月均),M,USDJPY_MONTHLY_1957,FRED(OECD),VALIDATED_MIRROR,,,2026-09-05,LATEST_HISTORY_PROXY,PROXY,CURRENT_HISTORY_ONLY_NO_VINTAGE,false,true,true
1958-10-31,1958-10,359.8383255,359.8383255,日元/美元(月均),M,USDJPY_MONTHLY_1957,FRED(OECD),VALIDATED_MIRROR,,,2026-09-05,LATEST_HISTORY_PROXY,PROXY,CURRENT_HISTORY_ONLY_NO_VINTAGE,false,true,true
1958-11-30,1958-11,359.8383255,359.8383255,日元/美元(月均),M,USDJPY_MONTHLY_1957,FRED(OECD),VALIDATED_MIRROR,,,2026-09-05,LATEST_HISTORY_PROXY,PROXY,CURRENT_HISTORY_ONLY_NO_VINTAGE,false,true,true
1958-12-31,1958-12,359.8383255,359.8383255,日元/美元(月均),M,USDJPY_MONTHLY_1957,FRED(OECD),VALIDATED_MIRROR,,,2026-09-05,LATEST_HISTORY_PROXY,PROXY,CURRENT_HISTORY_ONLY_NO_VINTAGE,false,true,true
1959-01-31,1959-01,359.8383255,359.8383255,日元/美元(月均),M,USDJPY_MONTHLY_1957,FRED(OECD),VALIDATED_MIRROR,,,2026-09-05,LATEST_HISTORY_PROXY,PROXY,CURRENT_HISTORY_ONLY_NO_VINTAGE,false,true,true
1959-02-28,1959-02,359.8383255,359.8383255,日元/美元(月均),M,USDJPY_MONTHLY_1957,FRED(OECD),VALIDATED_MIRROR,,,2026-09-05,LATEST_HISTORY_PROXY,PROXY,CURRENT_HISTORY_ONLY_NO_VINTAGE,false,true,true
1959-03-31,1959-03,359.8383255,359.8383255,日元/美元(月均),M,USDJPY_MONTHLY_1957,FRED(OECD),VALIDATED_MIRROR,,,2026-09-05,LATEST_HISTORY_PROXY,PROXY,CURRENT_HISTORY_ONLY_NO_VINTAGE,false,true,true
1959-04-30,1959-04,359.8383255,359.8383255,日元/美元(月均),M,USDJPY_MONTHLY_1957,FRED(OECD),VALIDATED_MIRROR,,,2026-09-05,LATEST_HISTORY_PROXY,PROXY,CURRENT_HISTORY_ONLY_NO_VINTAGE,false,true,true
1959-05-31,1959-05,359.8383255,359.8383255,日元/美元(月均),M,USDJPY_MONTHLY_1957,FRED(OECD),VALIDATED_MIRROR,,,2026-09-05,LATEST_HISTORY_PROXY,PROXY,CURRENT_HISTORY_ONLY_NO_VINTAGE,false,true,true
1959-06-30,1959-06,359.8383255,359.8383255,日元/美元(月均),M,USDJPY_MONTHLY_1957,FRED(OECD),VALIDATED_MIRROR,,,2026-09-05,LATEST_HISTORY_PROXY,PROXY,CURRENT_HISTORY_ONLY_NO_VINTAGE,false,true,true
1959-07-31,1959-07,359.8383255,359.8383255,日元/美元(月均),M,USDJPY_MONTHLY_1957,FRED(OECD),VALIDATED_MIRROR,,,2026-09-05,LATEST_HISTORY_PROXY,PROXY,CURRENT_HISTORY_ONLY_NO_VINTAGE,false,true,true
1959-08-31,1959-08,359.8383255,359.8383255,日元/美元(月均),M,USDJPY_MONTHLY_1957,FRED(OECD),VALIDATED_MIRROR,,,2026-09-05,LATEST_HISTORY_PROXY,PROXY,CURRENT_HISTORY_ONLY_NO_VINTAGE,false,true,true
1959-09-30,1959-09,360.0983243,360.0983243,日元/美元(月均),M,USDJPY_MONTHLY_1957,FRED(OECD),VALIDATED_MIRROR,,,2026-09-05,LATEST_HISTORY_PROXY,PROXY,CURRENT_HISTORY_ONLY_NO_VINTAGE,false,true,true
1959-10-31,1959-10,360.2283237,360.2283237,日元/美元(月均),M,USDJPY_MONTHLY_1957,FRED(OECD),VALIDATED_MIRROR,,,2026-09-05,LATEST_HISTORY_PROXY,PROXY,CURRENT_HISTORY_ONLY_NO_VINTAGE,false,true,true
1959-11-30,1959-11,360.2283237,360.2283237,日元/美元(月均),M,USDJPY_MONTHLY_1957,FRED(OECD),VALIDATED_MIRROR,,,2026-09-05,LATEST_HISTORY_PROXY,PROXY,CURRENT_HISTORY_ONLY_NO_VINTAGE,false,true,true
1959-12-31,1959-12,360.2283237,360.2283237,日元/美元(月均),M,USDJPY_MONTHLY_1957,FRED(OECD),VALIDATED_MIRROR,,,2026-09-05,LATEST_HISTORY_PROXY,PROXY,CURRENT_HISTORY_ONLY_NO_VINTAGE,false,true,true
1960-01-31,1960-01,360.3583231,360.3583231,日元/美元(月均),M,USDJPY_MONTHLY_1957,FRED(OECD),VALIDATED_MIRROR,,,2026-09-05,LATEST_HISTORY_PROXY,PROXY,CURRENT_HISTORY_ONLY_NO_VINTAGE,false,true,true
1960-02-29,1960-02,360.6183219,360.6183219,日元/美元(月均),M,USDJPY_MONTHLY_1957,FRED(OECD),VALIDATED_MIRROR,,,2026-09-05,LATEST_HISTORY_PROXY,PROXY,CURRENT_HISTORY_ONLY_NO_VINTAGE,false,true,true
1960-03-31,1960-03,360.6183219,360.6183219,日元/美元(月均),M,USDJPY_MONTHLY_1957,FRED(OECD),VALIDATED_MIRROR,,,2026-09-05,LATEST_HISTORY_PROXY,PROXY,CURRENT_HISTORY_ONLY_NO_VINTAGE,false,true,true
1960-04-30,1960-04,360.2283237,360.2283237,日元/美元(月均),M,USDJPY_MONTHLY_1957,FRED(OECD),VALIDATED_MIRROR,,,2026-09-05,LATEST_HISTORY_PROXY,PROXY,CURRENT_HISTORY_ONLY_NO_VINTAGE,false,true,true
1960-05-31,1960-05,360.4883225,360.4883225,日元/美元(月均),M,USDJPY_MONTHLY_1957,FRED(OECD),VALIDATED_MIRROR,,,2026-09-05,LATEST_HISTORY_PROXY,PROXY,CURRENT_HISTORY_ONLY_NO_VINTAGE,false,true,true
1960-06-30,1960-06,361.2683188,361.2683188,日元/美元(月均),M,USDJPY_MONTHLY_1957,FRED(OECD),VALIDATED_MIRROR,,,2026-09-05,LATEST_HISTORY_PROXY,PROXY,CURRENT_HISTORY_ONLY_NO_VINTAGE,false,true,true
1960-07-31,1960-07,359.3183279,359.3183279,日元/美元(月均),M,USDJPY_MONTHLY_1957,FRED(OECD),VALIDATED_MIRROR,,,2026-09-05,LATEST_HISTORY_PROXY,PROXY,CURRENT_HISTORY_ONLY_NO_VINTAGE,false,true,true
1960-08-31,1960-08,358.8083303,358.8083303,日元/美元(月均),M,USDJPY_MONTHLY_1957,FRED(OECD),VALIDATED_MIRROR,,,2026-09-05,LATEST_HISTORY_PROXY,PROXY,CURRENT_HISTORY_ONLY_NO_VINTAGE,false,true,true
1960-09-30,1960-09,358.8083303,358.8083303,日元/美元(月均),M,USDJPY_MONTHLY_1957,FRED(OECD),VALIDATED_MIRROR,,,2026-09-05,LATEST_HISTORY_PROXY,PROXY,CURRENT_HISTORY_ONLY_NO_VINTAGE,false,true,true
1960-10-31,1960-10,358.8083303,358.8083303,日元/美元(月均),M,USDJPY_MONTHLY_1957,FRED(OECD),VALIDATED_MIRROR,,,2026-09-05,LATEST_HISTORY_PROXY,PROXY,CURRENT_HISTORY_ONLY_NO_VINTAGE,false,true,true
1960-11-30,1960-11,359.9683249,359.9683249,日元/美元(月均),M,USDJPY_MONTHLY_1957,FRED(OECD),VALIDATED_MIRROR,,,2026-09-05,LATEST_HISTORY_PROXY,PROXY,CURRENT_HISTORY_ONLY_NO_VINTAGE,false,true,true
1960-12-31,1960-12,359.5783267,359.5783267,日元/美元(月均),M,USDJPY_MONTHLY_1957,FRED(OECD),VALIDATED_MIRROR,,,2026-09-05,LATEST_HISTORY_PROXY,PROXY,CURRENT_HISTORY_ONLY_NO_VINTAGE,false,true,true
1961-01-31,1961-01,358.9383297,358.9383297,日元/美元(月均),M,USDJPY_MONTHLY_1957,FRED(OECD),VALIDATED_MIRROR,,,2026-09-05,LATEST_HISTORY_PROXY,PROXY,CURRENT_HISTORY_ONLY_NO_VINTAGE,false,true,true
1961-02-28,1961-02,358.9383297,358.9383297,日元/美元(月均),M,USDJPY_MONTHLY_1957,FRED(OECD),VALIDATED_MIRROR,,,2026-09-05,LATEST_HISTORY_PROXY,PROXY,CURRENT_HISTORY_ONLY_NO_VINTAGE,false,true,true
1961-03-31,1961-03,358.9383297,358.9383297,日元/美元(月均),M,USDJPY_MONTHLY_1957,FRED(OECD),VALIDATED_MIRROR,,,2026-09-05,LATEST_HISTORY_PROXY,PROXY,CURRENT_HISTORY_ONLY_NO_VINTAGE,false,true,true
1961-04-30,1961-04,360.7483213,360.7483213,日元/美元(月均),M,USDJPY_MONTHLY_1957,FRED(OECD),VALIDATED_MIRROR,,,2026-09-05,LATEST_HISTORY_PROXY,PROXY,CURRENT_HISTORY_ONLY_NO_VINTAGE,false,true,true
1961-05-31,1961-05,361.9183158,361.9183158,日元/美元(月均),M,USDJPY_MONTHLY_1957,FRED(OECD),VALIDATED_MIRROR,,,2026-09-05,LATEST_HISTORY_PROXY,PROXY,CURRENT_HISTORY_ONLY_NO_VINTAGE,false,true,true
1961-06-30,1961-06,361.9183158,361.9183158,日元/美元(月均),M,USDJPY_MONTHLY_1957,FRED(OECD),VALIDATED_MIRROR,,,2026-09-05,LATEST_HISTORY_PROXY,PROXY,CURRENT_HISTORY_ONLY_NO_VINTAGE,false,true,true
1961-07-31,1961-07,362.0583152,362.0583152,日元/美元(月均),M,USDJPY_MONTHLY_1957,FRED(OECD),VALIDATED_MIRROR,,,2026-09-05,LATEST_HISTORY_PROXY,PROXY,CURRENT_HISTORY_ONLY_NO_VINTAGE,false,true,true
1961-08-31,1961-08,362.0583152,362.0583152,日元/美元(月均),M,USDJPY_MONTHLY_1957,FRED(OECD),VALIDATED_MIRROR,,,2026-09-05,LATEST_HISTORY_PROXY,PROXY,CURRENT_HISTORY_ONLY_NO_VINTAGE,false,true,true
1961-09-30,1961-09,362.0583152,362.0583152,日元/美元(月均),M,USDJPY_MONTHLY_1957,FRED(OECD),VALIDATED_MIRROR,,,2026-09-05,LATEST_HISTORY_PROXY,PROXY,CURRENT_HISTORY_ONLY_NO_VINTAGE,false,true,true
1961-10-31,1961-10,362.0583152,362.0583152,日元/美元(月均),M,USDJPY_MONTHLY_1957,FRED(OECD),VALIDATED_MIRROR,,,2026-09-05,LATEST_HISTORY_PROXY,PROXY,CURRENT_HISTORY_ONLY_NO_VINTAGE,false,true,true
1961-11-30,1961-11,362.0583152,362.0583152,日元/美元(月均),M,USDJPY_MONTHLY_1957,FRED(OECD),VALIDATED_MIRROR,,,2026-09-05,LATEST_HISTORY_PROXY,PROXY,CURRENT_HISTORY_ONLY_NO_VINTAGE,false,true,true
1961-12-31,1961-12,362.0583152,362.0583152,日元/美元(月均),M,USDJPY_MONTHLY_1957,FRED(OECD),VALIDATED_MIRROR,,,2026-09-05,LATEST_HISTORY_PROXY,PROXY,CURRENT_HISTORY_ONLY_NO_VINTAGE,false,true,true
1962-01-31,1962-01,362.0583152,362.0583152,日元/美元(月均),M,USDJPY_MONTHLY_1957,FRED(OECD),VALIDATED_MIRROR,,,2026-09-05,LATEST_HISTORY_PROXY,PROXY,CURRENT_HISTORY_ONLY_NO_VINTAGE,false,true,true
1962-02-28,1962-02,361.9183158,361.9183158,日元/美元(月均),M,USDJPY_MONTHLY_1957,FRED(OECD),VALIDATED_MIRROR,,,2026-09-05,LATEST_HISTORY_PROXY,PROXY,CURRENT_HISTORY_ONLY_NO_VINTAGE,false,true,true
1962-03-31,1962-03,361.7883164,361.7883164,日元/美元(月均),M,USDJPY_MONTHLY_1957,FRED(OECD),VALIDATED_MIRROR,,,2026-09-05,LATEST_HISTORY_PROXY,PROXY,CURRENT_HISTORY_ONLY_NO_VINTAGE,false,true,true
1962-04-30,1962-04,362.0583152,362.0583152,日元/美元(月均),M,USDJPY_MONTHLY_1957,FRED(OECD),VALIDATED_MIRROR,,,2026-09-05,LATEST_HISTORY_PROXY,PROXY,CURRENT_HISTORY_ONLY_NO_VINTAGE,false,true,true
1962-05-31,1962-05,361.9183158,361.9183158,日元/美元(月均),M,USDJPY_MONTHLY_1957,FRED(OECD),VALIDATED_MIRROR,,,2026-09-05,LATEST_HISTORY_PROXY,PROXY,CURRENT_HISTORY_ONLY_NO_VINTAGE,false,true,true
1962-06-30,1962-06,361.9183158,361.9183158,日元/美元(月均),M,USDJPY_MONTHLY_1957,FRED(OECD),VALIDATED_MIRROR,,,2026-09-05,LATEST_HISTORY_PROXY,PROXY,CURRENT_HISTORY_ONLY_NO_VINTAGE,false,true,true
1962-07-31,1962-07,361.9183158,361.9183158,日元/美元(月均),M,USDJPY_MONTHLY_1957,FRED(OECD),VALIDATED_MIRROR,,,2026-09-05,LATEST_HISTORY_PROXY,PROXY,CURRENT_HISTORY_ONLY_NO_VINTAGE,false,true,true
1962-08-31,1962-08,361.9183158,361.9183158,日元/美元(月均),M,USDJPY_MONTHLY_1957,FRED(OECD),VALIDATED_MIRROR,,,2026-09-05,LATEST_HISTORY_PROXY,PROXY,CURRENT_HISTORY_ONLY_NO_VINTAGE,false,true,true
1962-09-30,1962-09,359.0683291,359.0683291,日元/美元(月均),M,USDJPY_MONTHLY_1957,FRED(OECD),VALIDATED_MIRROR,,,2026-09-05,LATEST_HISTORY_PROXY,PROXY,CURRENT_HISTORY_ONLY_NO_VINTAGE,false,true,true
1962-10-31,1962-10,358.4183321,358.4183321,日元/美元(月均),M,USDJPY_MONTHLY_1957,FRED(OECD),VALIDATED_MIRROR,,,2026-09-05,LATEST_HISTORY_PROXY,PROXY,CURRENT_HISTORY_ONLY_NO_VINTAGE,false,true,true
1962-11-30,1962-11,358.4183321,358.4183321,日元/美元(月均),M,USDJPY_MONTHLY_1957,FRED(OECD),VALIDATED_MIRROR,,,2026-09-05,LATEST_HISTORY_PROXY,PROXY,CURRENT_HISTORY_ONLY_NO_VINTAGE,false,true,true
1962-12-31,1962-12,358.4183321,358.4183321,日元/美元(月均),M,USDJPY_MONTHLY_1957,FRED(OECD),VALIDATED_MIRROR,,,2026-09-05,LATEST_HISTORY_PROXY,PROXY,CURRENT_HISTORY_ONLY_NO_VINTAGE,false,true,true
1963-01-31,1963-01,358.4183321,358.4183321,日元/美元(月均),M,USDJPY_MONTHLY_1957,FRED(OECD),VALIDATED_MIRROR,,,2026-09-05,LATEST_HISTORY_PROXY,PROXY,CURRENT_HISTORY_ONLY_NO_VINTAGE,false,true,true
1963-02-28,1963-02,358.5483315,358.5483315,日元/美元(月均),M,USDJPY_MONTHLY_1957,FRED(OECD),VALIDATED_MIRROR,,,2026-09-05,LATEST_HISTORY_PROXY,PROXY,CURRENT_HISTORY_ONLY_NO_VINTAGE,false,true,true
1963-03-31,1963-03,358.5483315,358.5483315,日元/美元(月均),M,USDJPY_MONTHLY_1957,FRED(OECD),VALIDATED_MIRROR,,,2026-09-05,LATEST_HISTORY_PROXY,PROXY,CURRENT_HISTORY_ONLY_NO_VINTAGE,false,true,true
1963-04-30,1963-04,360.7483213,360.7483213,日元/美元(月均),M,USDJPY_MONTHLY_1957,FRED(OECD),VALIDATED_MIRROR,,,2026-09-05,LATEST_HISTORY_PROXY,PROXY,CURRENT_HISTORY_ONLY_NO_VINTAGE,false,true,true
1963-05-31,1963-05,362.5783127,362.5783127,日元/美元(月均),M,USDJPY_MONTHLY_1957,FRED(OECD),VALIDATED_MIRROR,,,2026-09-05,LATEST_HISTORY_PROXY,PROXY,CURRENT_HISTORY_ONLY_NO_VINTAGE,false,true,true
1963-06-30,1963-06,362.8383115,362.8383115,日元/美元(月均),M,USDJPY_MONTHLY_1957,FRED(OECD),VALIDATED_MIRROR,,,2026-09-05,LATEST_HISTORY_PROXY,PROXY,CURRENT_HISTORY_ONLY_NO_VINTAGE,false,true,true
1963-07-31,1963-07,362.9783109,362.9783109,日元/美元(月均),M,USDJPY_MONTHLY_1957,FRED(OECD),VALIDATED_MIRROR,,,2026-09-05,LATEST_HISTORY_PROXY,PROXY,CURRENT_HISTORY_ONLY_NO_VINTAGE,false,true,true
1963-08-31,1963-08,362.9783109,362.9783109,日元/美元(月均),M,USDJPY_MONTHLY_1957,FRED(OECD),VALIDATED_MIRROR,,,2026-09-05,LATEST_HISTORY_PROXY,PROXY,CURRENT_HISTORY_ONLY_NO_VINTAGE,false,true,true
1963-09-30,1963-09,362.4483134,362.4483134,日元/美元(月均),M,USDJPY_MONTHLY_1957,FRED(OECD),VALIDATED_MIRROR,,,2026-09-05,LATEST_HISTORY_PROXY,PROXY,CURRENT_HISTORY_ONLY_NO_VINTAGE,false,true,true
1963-10-31,1963-10,362.318314,362.318314,日元/美元(月均),M,USDJPY_MONTHLY_1957,FRED(OECD),VALIDATED_MIRROR,,,2026-09-05,LATEST_HISTORY_PROXY,PROXY,CURRENT_HISTORY_ONLY_NO_VINTAGE,false,true,true
1963-11-30,1963-11,362.4483134,362.4483134,日元/美元(月均),M,USDJPY_MONTHLY_1957,FRED(OECD),VALIDATED_MIRROR,,,2026-09-05,LATEST_HISTORY_PROXY,PROXY,CURRENT_HISTORY_ONLY_NO_VINTAGE,false,true,true
1963-12-31,1963-12,362.8383115,362.8383115,日元/美元(月均),M,USDJPY_MONTHLY_1957,FRED(OECD),VALIDATED_MIRROR,,,2026-09-05,LATEST_HISTORY_PROXY,PROXY,CURRENT_HISTORY_ONLY_NO_VINTAGE,false,true,true
1964-01-31,1964-01,362.4483134,362.4483134,日元/美元(月均),M,USDJPY_MONTHLY_1957,FRED(OECD),VALIDATED_MIRROR,,,2026-09-05,LATEST_HISTORY_PROXY,PROXY,CURRENT_HISTORY_ONLY_NO_VINTAGE,false,true,true
1964-02-29,1964-02,362.7083121,362.7083121,日元/美元(月均),M,USDJPY_MONTHLY_1957,FRED(OECD),VALIDATED_MIRROR,,,2026-09-05,LATEST_HISTORY_PROXY,PROXY,CURRENT_HISTORY_ONLY_NO_VINTAGE,false,true,true
1964-03-31,1964-03,362.318314,362.318314,日元/美元(月均),M,USDJPY_MONTHLY_1957,FRED(OECD),VALIDATED_MIRROR,,,2026-09-05,LATEST_HISTORY_PROXY,PROXY,CURRENT_HISTORY_ONLY_NO_VINTAGE,false,true,true
1964-04-30,1964-04,362.5783127,362.5783127,日元/美元(月均),M,USDJPY_MONTHLY_1957,FRED(OECD),VALIDATED_MIRROR,,,2026-09-05,LATEST_HISTORY_PROXY,PROXY,CURRENT_HISTORY_ONLY_NO_VINTAGE,false,true,true
1964-05-31,1964-05,362.5783127,362.5783127,日元/美元(月均),M,USDJPY_MONTHLY_1957,FRED(OECD),VALIDATED_MIRROR,,,2026-09-05,LATEST_HISTORY_PROXY,PROXY,CURRENT_HISTORY_ONLY_NO_VINTAGE,false,true,true
1964-06-30,1964-06,362.5783127,362.5783127,日元/美元(月均),M,USDJPY_MONTHLY_1957,FRED(OECD),VALIDATED_MIRROR,,,2026-09-05,LATEST_HISTORY_PROXY,PROXY,CURRENT_HISTORY_ONLY_NO_VINTAGE,false,true,true
1964-07-31,1964-07,362.5783127,362.5783127,日元/美元(月均),M,USDJPY_MONTHLY_1957,FRED(OECD),VALIDATED_MIRROR,,,2026-09-05,LATEST_HISTORY_PROXY,PROXY,CURRENT_HISTORY_ONLY_NO_VINTAGE,false,true,true
1964-08-31,1964-08,362.5783127,362.5783127,日元/美元(月均),M,USDJPY_MONTHLY_1957,FRED(OECD),VALIDATED_MIRROR,,,2026-09-05,LATEST_HISTORY_PROXY,PROXY,CURRENT_HISTORY_ONLY_NO_VINTAGE,false,true,true
1964-09-30,1964-09,361.3983182,361.3983182,日元/美元(月均),M,USDJPY_MONTHLY_1957,FRED(OECD),VALIDATED_MIRROR,,,2026-09-05,LATEST_HISTORY_PROXY,PROXY,CURRENT_HISTORY_ONLY_NO_VINTAGE,false,true,true
1964-10-31,1964-10,361.5283176,361.5283176,日元/美元(月均),M,USDJPY_MONTHLY_1957,FRED(OECD),VALIDATED_MIRROR,,,2026-09-05,LATEST_HISTORY_PROXY,PROXY,CURRENT_HISTORY_ONLY_NO_VINTAGE,false,true,true
1964-11-30,1964-11,361.1383194,361.1383194,日元/美元(月均),M,USDJPY_MONTHLY_1957,FRED(OECD),VALIDATED_MIRROR,,,2026-09-05,LATEST_HISTORY_PROXY,PROXY,CURRENT_HISTORY_ONLY_NO_VINTAGE,false,true,true
1964-12-31,1964-12,359.1983285,359.1983285,日元/美元(月均),M,USDJPY_MONTHLY_1957,FRED(OECD),VALIDATED_MIRROR,,,2026-09-05,LATEST_HISTORY_PROXY,PROXY,CURRENT_HISTORY_ONLY_NO_VINTAGE,false,true,true
1965-01-31,1965-01,358.9383297,358.9383297,日元/美元(月均),M,USDJPY_MONTHLY_1957,FRED(OECD),VALIDATED_MIRROR,,,2026-09-05,LATEST_HISTORY_PROXY,PROXY,CURRENT_HISTORY_ONLY_NO_VINTAGE,false,true,true
1965-02-28,1965-02,359.3183279,359.3183279,日元/美元(月均),M,USDJPY_MONTHLY_1957,FRED(OECD),VALIDATED_MIRROR,,,2026-09-05,LATEST_HISTORY_PROXY,PROXY,CURRENT_HISTORY_ONLY_NO_VINTAGE,false,true,true
1965-03-31,1965-03,360.8783207,360.8783207,日元/美元(月均),M,USDJPY_MONTHLY_1957,FRED(OECD),VALIDATED_MIRROR,,,2026-09-05,LATEST_HISTORY_PROXY,PROXY,CURRENT_HISTORY_ONLY_NO_VINTAGE,false,true,true
1965-04-30,1965-04,362.1883146,362.1883146,日元/美元(月均),M,USDJPY_MONTHLY_1957,FRED(OECD),VALIDATED_MIRROR,,,2026-09-05,LATEST_HISTORY_PROXY,PROXY,CURRENT_HISTORY_ONLY_NO_VINTAGE,false,true,true
1965-05-31,1965-05,362.8383115,362.8383115,日元/美元(月均),M,USDJPY_MONTHLY_1957,FRED(OECD),VALIDATED_MIRROR,,,2026-09-05,LATEST_HISTORY_PROXY,PROXY,CURRENT_HISTORY_ONLY_NO_VINTAGE,false,true,true
1965-06-30,1965-06,361.7883164,361.7883164,日元/美元(月均),M,USDJPY_MONTHLY_1957,FRED(OECD),VALIDATED_MIRROR,,,2026-09-05,LATEST_HISTORY_PROXY,PROXY,CURRENT_HISTORY_ONLY_NO_VINTAGE,false,true,true
1965-07-31,1965-07,362.318314,362.318314,日元/美元(月均),M,USDJPY_MONTHLY_1957,FRED(OECD),VALIDATED_MIRROR,,,2026-09-05,LATEST_HISTORY_PROXY,PROXY,CURRENT_HISTORY_ONLY_NO_VINTAGE,false,true,true
1965-08-31,1965-08,362.318314,362.318314,日元/美元(月均),M,USDJPY_MONTHLY_1957,FRED(OECD),VALIDATED_MIRROR,,,2026-09-05,LATEST_HISTORY_PROXY,PROXY,CURRENT_HISTORY_ONLY_NO_VINTAGE,false,true,true
1965-09-30,1965-09,362.318314,362.318314,日元/美元(月均),M,USDJPY_MONTHLY_1957,FRED(OECD),VALIDATED_MIRROR,,,2026-09-05,LATEST_HISTORY_PROXY,PROXY,CURRENT_HISTORY_ONLY_NO_VINTAGE,false,true,true
1965-10-31,1965-10,362.318314,362.318314,日元/美元(月均),M,USDJPY_MONTHLY_1957,FRED(OECD),VALIDATED_MIRROR,,,2026-09-05,LATEST_HISTORY_PROXY,PROXY,CURRENT_HISTORY_ONLY_NO_VINTAGE,false,true,true
1965-11-30,1965-11,361.5283176,361.5283176,日元/美元(月均),M,USDJPY_MONTHLY_1957,FRED(OECD),VALIDATED_MIRROR,,,2026-09-05,LATEST_HISTORY_PROXY,PROXY,CURRENT_HISTORY_ONLY_NO_VINTAGE,false,true,true
1965-12-31,1965-12,361.1383194,361.1383194,日元/美元(月均),M,USDJPY_MONTHLY_1957,FRED(OECD),VALIDATED_MIRROR,,,2026-09-05,LATEST_HISTORY_PROXY,PROXY,CURRENT_HISTORY_ONLY_NO_VINTAGE,false,true,true
1966-01-31,1966-01,361.0783197,361.0783197,日元/美元(月均),M,USDJPY_MONTHLY_1957,FRED(OECD),VALIDATED_MIRROR,,,2026-09-05,LATEST_HISTORY_PROXY,PROXY,CURRENT_HISTORY_ONLY_NO_VINTAGE,false,true,true
1966-02-28,1966-02,361.9083159,361.9083159,日元/美元(月均),M,USDJPY_MONTHLY_1957,FRED(OECD),VALIDATED_MIRROR,,,2026-09-05,LATEST_HISTORY_PROXY,PROXY,CURRENT_HISTORY_ONLY_NO_VINTAGE,false,true,true
1966-03-31,1966-03,362.1183149,362.1183149,日元/美元(月均),M,USDJPY_MONTHLY_1957,FRED(OECD),VALIDATED_MIRROR,,,2026-09-05,LATEST_HISTORY_PROXY,PROXY,CURRENT_HISTORY_ONLY_NO_VINTAGE,false,true,true
1966-04-30,1966-04,362.4383134,362.4383134,日元/美元(月均),M,USDJPY_MONTHLY_1957,FRED(OECD),VALIDATED_MIRROR,,,2026-09-05,LATEST_HISTORY_PROXY,PROXY,CURRENT_HISTORY_ONLY_NO_VINTAGE,false,true,true
1966-05-31,1966-05,362.2783141,362.2783141,日元/美元(月均),M,USDJPY_MONTHLY_1957,FRED(OECD),VALIDATED_MIRROR,,,2026-09-05,LATEST_HISTORY_PROXY,PROXY,CURRENT_HISTORY_ONLY_NO_VINTAGE,false,true,true
1966-06-30,1966-06,362.528313,362.528313,日元/美元(月均),M,USDJPY_MONTHLY_1957,FRED(OECD),VALIDATED_MIRROR,,,2026-09-05,LATEST_HISTORY_PROXY,PROXY,CURRENT_HISTORY_ONLY_NO_VINTAGE,false,true,true
1966-07-31,1966-07,362.6583124,362.6583124,日元/美元(月均),M,USDJPY_MONTHLY_1957,FRED(OECD),VALIDATED_MIRROR,,,2026-09-05,LATEST_HISTORY_PROXY,PROXY,CURRENT_HISTORY_ONLY_NO_VINTAGE,false,true,true
1966-08-31,1966-08,362.6183126,362.6183126,日元/美元(月均),M,USDJPY_MONTHLY_1957,FRED(OECD),VALIDATED_MIRROR,,,2026-09-05,LATEST_HISTORY_PROXY,PROXY,CURRENT_HISTORY_ONLY_NO_VINTAGE,false,true,true
1966-09-30,1966-09,362.6583124,362.6583124,日元/美元(月均),M,USDJPY_MONTHLY_1957,FRED(OECD),VALIDATED_MIRROR,,,2026-09-05,LATEST_HISTORY_PROXY,PROXY,CURRENT_HISTORY_ONLY_NO_VINTAGE,false,true,true
1966-10-31,1966-10,362.6683123,362.6683123,日元/美元(月均),M,USDJPY_MONTHLY_1957,FRED(OECD),VALIDATED_MIRROR,,,2026-09-05,LATEST_HISTORY_PROXY,PROXY,CURRENT_HISTORY_ONLY_NO_VINTAGE,false,true,true
1966-11-30,1966-11,362.6083126,362.6083126,日元/美元(月均),M,USDJPY_MONTHLY_1957,FRED(OECD),VALIDATED_MIRROR,,,2026-09-05,LATEST_HISTORY_PROXY,PROXY,CURRENT_HISTORY_ONLY_NO_VINTAGE,false,true,true
1966-12-31,1966-12,362.6183126,362.6183126,日元/美元(月均),M,USDJPY_MONTHLY_1957,FRED(OECD),VALIDATED_MIRROR,,,2026-09-05,LATEST_HISTORY_PROXY,PROXY,CURRENT_HISTORY_ONLY_NO_VINTAGE,false,true,true
1967-01-31,1967-01,362.6183126,362.6183126,日元/美元(月均),M,USDJPY_MONTHLY_1957,FRED(OECD),VALIDATED_MIRROR,,,2026-09-05,LATEST_HISTORY_PROXY,PROXY,CURRENT_HISTORY_ONLY_NO_VINTAGE,false,true,true
1967-02-28,1967-02,362.6283125,362.6283125,日元/美元(月均),M,USDJPY_MONTHLY_1957,FRED(OECD),VALIDATED_MIRROR,,,2026-09-05,LATEST_HISTORY_PROXY,PROXY,CURRENT_HISTORY_ONLY_NO_VINTAGE,false,true,true
1967-03-31,1967-03,362.2283144,362.2283144,日元/美元(月均),M,USDJPY_MONTHLY_1957,FRED(OECD),VALIDATED_MIRROR,,,2026-09-05,LATEST_HISTORY_PROXY,PROXY,CURRENT_HISTORY_ONLY_NO_VINTAGE,false,true,true
1967-04-30,1967-04,361.9883155,361.9883155,日元/美元(月均),M,USDJPY_MONTHLY_1957,FRED(OECD),VALIDATED_MIRROR,,,2026-09-05,LATEST_HISTORY_PROXY,PROXY,CURRENT_HISTORY_ONLY_NO_VINTAGE,false,true,true
1967-05-31,1967-05,361.9483157,361.9483157,日元/美元(月均),M,USDJPY_MONTHLY_1957,FRED(OECD),VALIDATED_MIRROR,,,2026-09-05,LATEST_HISTORY_PROXY,PROXY,CURRENT_HISTORY_ONLY_NO_VINTAGE,false,true,true
1967-06-30,1967-06,361.9583156,361.9583156,日元/美元(月均),M,USDJPY_MONTHLY_1957,FRED(OECD),VALIDATED_MIRROR,,,2026-09-05,LATEST_HISTORY_PROXY,PROXY,CURRENT_HISTORY_ONLY_NO_VINTAGE,false,true,true
1967-07-31,1967-07,362.0583152,362.0583152,日元/美元(月均),M,USDJPY_MONTHLY_1957,FRED(OECD),VALIDATED_MIRROR,,,2026-09-05,LATEST_HISTORY_PROXY,PROXY,CURRENT_HISTORY_ONLY_NO_VINTAGE,false,true,true
1967-08-31,1967-08,362.3283139,362.3283139,日元/美元(月均),M,USDJPY_MONTHLY_1957,FRED(OECD),VALIDATED_MIRROR,,,2026-09-05,LATEST_HISTORY_PROXY,PROXY,CURRENT_HISTORY_ONLY_NO_VINTAGE,false,true,true
1967-09-30,1967-09,362.0783151,362.0783151,日元/美元(月均),M,USDJPY_MONTHLY_1957,FRED(OECD),VALIDATED_MIRROR,,,2026-09-05,LATEST_HISTORY_PROXY,PROXY,CURRENT_HISTORY_ONLY_NO_VINTAGE,false,true,true
1967-10-31,1967-10,362.0283153,362.0283153,日元/美元(月均),M,USDJPY_MONTHLY_1957,FRED(OECD),VALIDATED_MIRROR,,,2026-09-05,LATEST_HISTORY_PROXY,PROXY,CURRENT_HISTORY_ONLY_NO_VINTAGE,false,true,true
1967-11-30,1967-11,362.0383153,362.0383153,日元/美元(月均),M,USDJPY_MONTHLY_1957,FRED(OECD),VALIDATED_MIRROR,,,2026-09-05,LATEST_HISTORY_PROXY,PROXY,CURRENT_HISTORY_ONLY_NO_VINTAGE,false,true,true
1967-12-31,1967-12,361.888316,361.888316,日元/美元(月均),M,USDJPY_MONTHLY_1957,FRED(OECD),VALIDATED_MIRROR,,,2026-09-05,LATEST_HISTORY_PROXY,PROXY,CURRENT_HISTORY_ONLY_NO_VINTAGE,false,true,true
1968-01-31,1968-01,362.1583147,362.1583147,日元/美元(月均),M,USDJPY_MONTHLY_1957,FRED(OECD),VALIDATED_MIRROR,,,2026-09-05,LATEST_HISTORY_PROXY,PROXY,CURRENT_HISTORY_ONLY_NO_VINTAGE,false,true,true
1968-02-29,1968-02,362.1083149,362.1083149,日元/美元(月均),M,USDJPY_MONTHLY_1957,FRED(OECD),VALIDATED_MIRROR,,,2026-09-05,LATEST_HISTORY_PROXY,PROXY,CURRENT_HISTORY_ONLY_NO_VINTAGE,false,true,true
1968-03-31,1968-03,362.0583152,362.0583152,日元/美元(月均),M,USDJPY_MONTHLY_1957,FRED(OECD),VALIDATED_MIRROR,,,2026-09-05,LATEST_HISTORY_PROXY,PROXY,CURRENT_HISTORY_ONLY_NO_VINTAGE,false,true,true
1968-04-30,1968-04,362.2783141,362.2783141,日元/美元(月均),M,USDJPY_MONTHLY_1957,FRED(OECD),VALIDATED_MIRROR,,,2026-09-05,LATEST_HISTORY_PROXY,PROXY,CURRENT_HISTORY_ONLY_NO_VINTAGE,false,true,true
1968-05-31,1968-05,362.2683142,362.2683142,日元/美元(月均),M,USDJPY_MONTHLY_1957,FRED(OECD),VALIDATED_MIRROR,,,2026-09-05,LATEST_HISTORY_PROXY,PROXY,CURRENT_HISTORY_ONLY_NO_VINTAGE,false,true,true
1968-06-30,1968-06,361.8483161,361.8483161,日元/美元(月均),M,USDJPY_MONTHLY_1957,FRED(OECD),VALIDATED_MIRROR,,,2026-09-05,LATEST_HISTORY_PROXY,PROXY,CURRENT_HISTORY_ONLY_NO_VINTAGE,false,true,true
1968-07-31,1968-07,360.4883225,360.4883225,日元/美元(月均),M,USDJPY_MONTHLY_1957,FRED(OECD),VALIDATED_MIRROR,,,2026-09-05,LATEST_HISTORY_PROXY,PROXY,CURRENT_HISTORY_ONLY_NO_VINTAGE,false,true,true
1968-08-31,1968-08,359.6683263,359.6683263,日元/美元(月均),M,USDJPY_MONTHLY_1957,FRED(OECD),VALIDATED_MIRROR,,,2026-09-05,LATEST_HISTORY_PROXY,PROXY,CURRENT_HISTORY_ONLY_NO_VINTAGE,false,true,true
1968-09-30,1968-09,359.2083284,359.2083284,日元/美元(月均),M,USDJPY_MONTHLY_1957,FRED(OECD),VALIDATED_MIRROR,,,2026-09-05,LATEST_HISTORY_PROXY,PROXY,CURRENT_HISTORY_ONLY_NO_VINTAGE,false,true,true
1968-10-31,1968-10,358.5483315,358.5483315,日元/美元(月均),M,USDJPY_MONTHLY_1957,FRED(OECD),VALIDATED_MIRROR,,,2026-09-05,LATEST_HISTORY_PROXY,PROXY,CURRENT_HISTORY_ONLY_NO_VINTAGE,false,true,true
1968-11-30,1968-11,358.0983336,358.0983336,日元/美元(月均),M,USDJPY_MONTHLY_1957,FRED(OECD),VALIDATED_MIRROR,,,2026-09-05,LATEST_HISTORY_PROXY,PROXY,CURRENT_HISTORY_ONLY_NO_VINTAGE,false,true,true
1968-12-31,1968-12,357.9083345,357.9083345,日元/美元(月均),M,USDJPY_MONTHLY_1957,FRED(OECD),VALIDATED_MIRROR,,,2026-09-05,LATEST_HISTORY_PROXY,PROXY,CURRENT_HISTORY_ONLY_NO_VINTAGE,false,true,true
1969-01-31,1969-01,357.9883341,357.9883341,日元/美元(月均),M,USDJPY_MONTHLY_1957,FRED(OECD),VALIDATED_MIRROR,,,2026-09-05,LATEST_HISTORY_PROXY,PROXY,CURRENT_HISTORY_ONLY_NO_VINTAGE,false,true,true
1969-02-28,1969-02,357.8483348,357.8483348,日元/美元(月均),M,USDJPY_MONTHLY_1957,FRED(OECD),VALIDATED_MIRROR,,,2026-09-05,LATEST_HISTORY_PROXY,PROXY,CURRENT_HISTORY_ONLY_NO_VINTAGE,false,true,true
1969-03-31,1969-03,357.9683342,357.9683342,日元/美元(月均),M,USDJPY_MONTHLY_1957,FRED(OECD),VALIDATED_MIRROR,,,2026-09-05,LATEST_HISTORY_PROXY,PROXY,CURRENT_HISTORY_ONLY_NO_VINTAGE,false,true,true
1969-04-30,1969-04,358.2083331,358.2083331,日元/美元(月均),M,USDJPY_MONTHLY_1957,FRED(OECD),VALIDATED_MIRROR,,,2026-09-05,LATEST_HISTORY_PROXY,PROXY,CURRENT_HISTORY_ONLY_NO_VINTAGE,false,true,true
1969-05-31,1969-05,358.438332,358.438332,日元/美元(月均),M,USDJPY_MONTHLY_1957,FRED(OECD),VALIDATED_MIRROR,,,2026-09-05,LATEST_HISTORY_PROXY,PROXY,CURRENT_HISTORY_ONLY_NO_VINTAGE,false,true,true
1969-06-30,1969-06,358.6783309,358.6783309,日元/美元(月均),M,USDJPY_MONTHLY_1957,FRED(OECD),VALIDATED_MIRROR,,,2026-09-05,LATEST_HISTORY_PROXY,PROXY,CURRENT_HISTORY_ONLY_NO_VINTAGE,false,true,true
1969-07-31,1969-07,359.5983266,359.5983266,日元/美元(月均),M,USDJPY_MONTHLY_1957,FRED(OECD),VALIDATED_MIRROR,,,2026-09-05,LATEST_HISTORY_PROXY,PROXY,CURRENT_HISTORY_ONLY_NO_VINTAGE,false,true,true
1969-08-31,1969-08,359.5783267,359.5783267,日元/美元(月均),M,USDJPY_MONTHLY_1957,FRED(OECD),VALIDATED_MIRROR,,,2026-09-05,LATEST_HISTORY_PROXY,PROXY,CURRENT_HISTORY_ONLY_NO_VINTAGE,false,true,true
1969-09-30,1969-09,358.3183326,358.3183326,日元/美元(月均),M,USDJPY_MONTHLY_1957,FRED(OECD),VALIDATED_MIRROR,,,2026-09-05,LATEST_HISTORY_PROXY,PROXY,CURRENT_HISTORY_ONLY_NO_VINTAGE,false,true,true
1969-10-31,1969-10,358.2783328,358.2783328,日元/美元(月均),M,USDJPY_MONTHLY_1957,FRED(OECD),VALIDATED_MIRROR,,,2026-09-05,LATEST_HISTORY_PROXY,PROXY,CURRENT_HISTORY_ONLY_NO_VINTAGE,false,true,true
1969-11-30,1969-11,357.7683351,357.7683351,日元/美元(月均),M,USDJPY_MONTHLY_1957,FRED(OECD),VALIDATED_MIRROR,,,2026-09-05,LATEST_HISTORY_PROXY,PROXY,CURRENT_HISTORY_ONLY_NO_VINTAGE,false,true,true
1969-12-31,1969-12,357.7383353,357.7383353,日元/美元(月均),M,USDJPY_MONTHLY_1957,FRED(OECD),VALIDATED_MIRROR,,,2026-09-05,LATEST_HISTORY_PROXY,PROXY,CURRENT_HISTORY_ONLY_NO_VINTAGE,false,true,true
1970-01-31,1970-01,357.807,357.807,日元/美元(月均),M,USDJPY_MONTHLY_1957,FRED(OECD),VALIDATED_MIRROR,,,2026-09-05,LATEST_HISTORY_PROXY,PROXY,CURRENT_HISTORY_ONLY_NO_VINTAGE,false,true,true
1970-02-28,1970-02,357.782,357.782,日元/美元(月均),M,USDJPY_MONTHLY_1957,FRED(OECD),VALIDATED_MIRROR,,,2026-09-05,LATEST_HISTORY_PROXY,PROXY,CURRENT_HISTORY_ONLY_NO_VINTAGE,false,true,true
1970-03-31,1970-03,357.615,357.615,日元/美元(月均),M,USDJPY_MONTHLY_1957,FRED(OECD),VALIDATED_MIRROR,,,2026-09-05,LATEST_HISTORY_PROXY,PROXY,CURRENT_HISTORY_ONLY_NO_VINTAGE,false,true,true
1970-04-30,1970-04,358.089,358.089,日元/美元(月均),M,USDJPY_MONTHLY_1957,FRED(OECD),VALIDATED_MIRROR,,,2026-09-05,LATEST_HISTORY_PROXY,PROXY,CURRENT_HISTORY_ONLY_NO_VINTAGE,false,true,true
1970-05-31,1970-05,358.912,358.912,日元/美元(月均),M,USDJPY_MONTHLY_1957,FRED(OECD),VALIDATED_MIRROR,,,2026-09-05,LATEST_HISTORY_PROXY,PROXY,CURRENT_HISTORY_ONLY_NO_VINTAGE,false,true,true
1970-06-30,1970-06,358.886,358.886,日元/美元(月均),M,USDJPY_MONTHLY_1957,FRED(OECD),VALIDATED_MIRROR,,,2026-09-05,LATEST_HISTORY_PROXY,PROXY,CURRENT_HISTORY_ONLY_NO_VINTAGE,false,true,true
1970-07-31,1970-07,359.376,359.376,日元/美元(月均),M,USDJPY_MONTHLY_1957,FRED(OECD),VALIDATED_MIRROR,,,2026-09-05,LATEST_HISTORY_PROXY,PROXY,CURRENT_HISTORY_ONLY_NO_VINTAGE,false,true,true
1970-08-31,1970-08,358.23,358.23,日元/美元(月均),M,USDJPY_MONTHLY_1957,FRED(OECD),VALIDATED_MIRROR,,,2026-09-05,LATEST_HISTORY_PROXY,PROXY,CURRENT_HISTORY_ONLY_NO_VINTAGE,false,true,true
1970-09-30,1970-09,357.974,357.974,日元/美元(月均),M,USDJPY_MONTHLY_1957,FRED(OECD),VALIDATED_MIRROR,,,2026-09-05,LATEST_HISTORY_PROXY,PROXY,CURRENT_HISTORY_ONLY_NO_VINTAGE,false,true,true
1970-10-31,1970-10,357.807,357.807,日元/美元(月均),M,USDJPY_MONTHLY_1957,FRED(OECD),VALIDATED_MIRROR,,,2026-09-05,LATEST_HISTORY_PROXY,PROXY,CURRENT_HISTORY_ONLY_NO_VINTAGE,false,true,true
1970-11-30,1970-11,357.705,357.705,日元/美元(月均),M,USDJPY_MONTHLY_1957,FRED(OECD),VALIDATED_MIRROR,,,2026-09-05,LATEST_HISTORY_PROXY,PROXY,CURRENT_HISTORY_ONLY_NO_VINTAGE,false,true,true
1970-12-31,1970-12,357.667,357.667,日元/美元(月均),M,USDJPY_MONTHLY_1957,FRED(OECD),VALIDATED_MIRROR,,,2026-09-05,LATEST_HISTORY_PROXY,PROXY,CURRENT_HISTORY_ONLY_NO_VINTAGE,false,true,true
1971-01-31,1971-01,358.012,358.012,日元/美元(月均),M,USDJPY_MONTHLY_1957,FRED(OECD),VALIDATED_MIRROR,,,2026-09-05,LATEST_HISTORY_PROXY,PROXY,CURRENT_HISTORY_ONLY_NO_VINTAGE,false,true,true
1971-02-28,1971-02,357.539,357.539,日元/美元(月均),M,USDJPY_MONTHLY_1957,FRED(OECD),VALIDATED_MIRROR,,,2026-09-05,LATEST_HISTORY_PROXY,PROXY,CURRENT_HISTORY_ONLY_NO_VINTAGE,false,true,true
1971-03-31,1971-03,357.513,357.513,日元/美元(月均),M,USDJPY_MONTHLY_1957,FRED(OECD),VALIDATED_MIRROR,,,2026-09-05,LATEST_HISTORY_PROXY,PROXY,CURRENT_HISTORY_ONLY_NO_VINTAGE,false,true,true
1971-04-30,1971-04,357.5,357.5,日元/美元(月均),M,USDJPY_MONTHLY_1957,FRED(OECD),VALIDATED_MIRROR,,,2026-09-05,LATEST_HISTORY_PROXY,PROXY,CURRENT_HISTORY_ONLY_NO_VINTAGE,false,true,true
1971-05-31,1971-05,357.411,357.411,日元/美元(月均),M,USDJPY_MONTHLY_1957,FRED(OECD),VALIDATED_MIRROR,,,2026-09-05,LATEST_HISTORY_PROXY,PROXY,CURRENT_HISTORY_ONLY_NO_VINTAGE,false,true,true
1971-06-30,1971-06,357.411,357.411,日元/美元(月均),M,USDJPY_MONTHLY_1957,FRED(OECD),VALIDATED_MIRROR,,,2026-09-05,LATEST_HISTORY_PROXY,PROXY,CURRENT_HISTORY_ONLY_NO_VINTAGE,false,true,true
1971-07-31,1971-07,357.398,357.398,日元/美元(月均),M,USDJPY_MONTHLY_1957,FRED(OECD),VALIDATED_MIRROR,,,2026-09-05,LATEST_HISTORY_PROXY,PROXY,CURRENT_HISTORY_ONLY_NO_VINTAGE,false,true,true
1971-08-31,1971-08,355.707,355.707,日元/美元(月均),M,USDJPY_MONTHLY_1957,FRED(OECD),VALIDATED_MIRROR,,,2026-09-05,LATEST_HISTORY_PROXY,PROXY,CURRENT_HISTORY_ONLY_NO_VINTAGE,false,true,true
1971-09-30,1971-09,346.021,346.021,日元/美元(月均),M,USDJPY_MONTHLY_1957,FRED(OECD),VALIDATED_MIRROR,,,2026-09-05,LATEST_HISTORY_PROXY,PROXY,CURRENT_HISTORY_ONLY_NO_VINTAGE,false,true,true
1971-10-31,1971-10,333.333,333.333,日元/美元(月均),M,USDJPY_MONTHLY_1957,FRED(OECD),VALIDATED_MIRROR,,,2026-09-05,LATEST_HISTORY_PROXY,PROXY,CURRENT_HISTORY_ONLY_NO_VINTAGE,false,true,true
1971-11-30,1971-11,328.947,328.947,日元/美元(月均),M,USDJPY_MONTHLY_1957,FRED(OECD),VALIDATED_MIRROR,,,2026-09-05,LATEST_HISTORY_PROXY,PROXY,CURRENT_HISTORY_ONLY_NO_VINTAGE,false,true,true
1971-12-31,1971-12,320.513,320.513,日元/美元(月均),M,USDJPY_MONTHLY_1957,FRED(OECD),VALIDATED_MIRROR,,,2026-09-05,LATEST_HISTORY_PROXY,PROXY,CURRENT_HISTORY_ONLY_NO_VINTAGE,false,true,true
1972-01-31,1972-01,308,308,日元/美元(月均),M,USDJPY_MONTHLY_1957,FRED(OECD),VALIDATED_MIRROR,,,2026-09-05,LATEST_HISTORY_PROXY,PROXY,CURRENT_HISTORY_ONLY_NO_VINTAGE,false,true,true
1972-02-29,1972-02,308,308,日元/美元(月均),M,USDJPY_MONTHLY_1957,FRED(OECD),VALIDATED_MIRROR,,,2026-09-05,LATEST_HISTORY_PROXY,PROXY,CURRENT_HISTORY_ONLY_NO_VINTAGE,false,true,true
1972-03-31,1972-03,308,308,日元/美元(月均),M,USDJPY_MONTHLY_1957,FRED(OECD),VALIDATED_MIRROR,,,2026-09-05,LATEST_HISTORY_PROXY,PROXY,CURRENT_HISTORY_ONLY_NO_VINTAGE,false,true,true
1972-04-30,1972-04,308,308,日元/美元(月均),M,USDJPY_MONTHLY_1957,FRED(OECD),VALIDATED_MIRROR,,,2026-09-05,LATEST_HISTORY_PROXY,PROXY,CURRENT_HISTORY_ONLY_NO_VINTAGE,false,true,true
1972-05-31,1972-05,308,308,日元/美元(月均),M,USDJPY_MONTHLY_1957,FRED(OECD),VALIDATED_MIRROR,,,2026-09-05,LATEST_HISTORY_PROXY,PROXY,CURRENT_HISTORY_ONLY_NO_VINTAGE,false,true,true
1972-06-30,1972-06,308,308,日元/美元(月均),M,USDJPY_MONTHLY_1957,FRED(OECD),VALIDATED_MIRROR,,,2026-09-05,LATEST_HISTORY_PROXY,PROXY,CURRENT_HISTORY_ONLY_NO_VINTAGE,false,true,true
1972-07-31,1972-07,308,308,日元/美元(月均),M,USDJPY_MONTHLY_1957,FRED(OECD),VALIDATED_MIRROR,,,2026-09-05,LATEST_HISTORY_PROXY,PROXY,CURRENT_HISTORY_ONLY_NO_VINTAGE,false,true,true
1972-08-31,1972-08,308,308,日元/美元(月均),M,USDJPY_MONTHLY_1957,FRED(OECD),VALIDATED_MIRROR,,,2026-09-05,LATEST_HISTORY_PROXY,PROXY,CURRENT_HISTORY_ONLY_NO_VINTAGE,false,true,true
1972-09-30,1972-09,308,308,日元/美元(月均),M,USDJPY_MONTHLY_1957,FRED(OECD),VALIDATED_MIRROR,,,2026-09-05,LATEST_HISTORY_PROXY,PROXY,CURRENT_HISTORY_ONLY_NO_VINTAGE,false,true,true
1972-10-31,1972-10,308,308,日元/美元(月均),M,USDJPY_MONTHLY_1957,FRED(OECD),VALIDATED_MIRROR,,,2026-09-05,LATEST_HISTORY_PROXY,PROXY,CURRENT_HISTORY_ONLY_NO_VINTAGE,false,true,true
1972-11-30,1972-11,308,308,日元/美元(月均),M,USDJPY_MONTHLY_1957,FRED(OECD),VALIDATED_MIRROR,,,2026-09-05,LATEST_HISTORY_PROXY,PROXY,CURRENT_HISTORY_ONLY_NO_VINTAGE,false,true,true
1972-12-31,1972-12,308,308,日元/美元(月均),M,USDJPY_MONTHLY_1957,FRED(OECD),VALIDATED_MIRROR,,,2026-09-05,LATEST_HISTORY_PROXY,PROXY,CURRENT_HISTORY_ONLY_NO_VINTAGE,false,true,true
1973-01-31,1973-01,301.730434252174,301.730434252174,日元/美元(月均),M,USDJPY_MONTHLY_1957,FRED(OECD),VALIDATED_MIRROR,,,2026-09-05,LATEST_HISTORY_PROXY,PROXY,CURRENT_HISTORY_ONLY_NO_VINTAGE,false,true,true
1973-02-28,1973-02,280.190003965,280.190003965,日元/美元(月均),M,USDJPY_MONTHLY_1957,FRED(OECD),VALIDATED_MIRROR,,,2026-09-05,LATEST_HISTORY_PROXY,PROXY,CURRENT_HISTORY_ONLY_NO_VINTAGE,false,true,true
1973-03-31,1973-03,261.5286352,261.5286352,日元/美元(月均),M,USDJPY_MONTHLY_1957,FRED(OECD),VALIDATED_MIRROR,,,2026-09-05,LATEST_HISTORY_PROXY,PROXY,CURRENT_HISTORY_ONLY_NO_VINTAGE,false,true,true
1973-04-30,1973-04,265.524764285714,265.524764285714,日元/美元(月均),M,USDJPY_MONTHLY_1957,FRED(OECD),VALIDATED_MIRROR,,,2026-09-05,LATEST_HISTORY_PROXY,PROXY,CURRENT_HISTORY_ONLY_NO_VINTAGE,false,true,true
1973-05-31,1973-05,264.83825816087,264.83825816087,日元/美元(月均),M,USDJPY_MONTHLY_1957,FRED(OECD),VALIDATED_MIRROR,,,2026-09-05,LATEST_HISTORY_PROXY,PROXY,CURRENT_HISTORY_ONLY_NO_VINTAGE,false,true,true
1973-06-30,1973-06,264.682855519048,264.682855519048,日元/美元(月均),M,USDJPY_MONTHLY_1957,FRED(OECD),VALIDATED_MIRROR,,,2026-09-05,LATEST_HISTORY_PROXY,PROXY,CURRENT_HISTORY_ONLY_NO_VINTAGE,false,true,true
1973-07-31,1973-07,264.645910095455,264.645910095455,日元/美元(月均),M,USDJPY_MONTHLY_1957,FRED(OECD),VALIDATED_MIRROR,,,2026-09-05,LATEST_HISTORY_PROXY,PROXY,CURRENT_HISTORY_ONLY_NO_VINTAGE,false,true,true
1973-08-31,1973-08,265.183910869565,265.183910869565,日元/美元(月均),M,USDJPY_MONTHLY_1957,FRED(OECD),VALIDATED_MIRROR,,,2026-09-05,LATEST_HISTORY_PROXY,PROXY,CURRENT_HISTORY_ONLY_NO_VINTAGE,false,true,true
1973-09-30,1973-09,265.475500485,265.475500485,日元/美元(月均),M,USDJPY_MONTHLY_1957,FRED(OECD),VALIDATED_MIRROR,,,2026-09-05,LATEST_HISTORY_PROXY,PROXY,CURRENT_HISTORY_ONLY_NO_VINTAGE,false,true,true
1973-10-31,1973-10,266.337826930435,266.337826930435,日元/美元(月均),M,USDJPY_MONTHLY_1957,FRED(OECD),VALIDATED_MIRROR,,,2026-09-05,LATEST_HISTORY_PROXY,PROXY,CURRENT_HISTORY_ONLY_NO_VINTAGE,false,true,true
1973-11-30,1973-11,277.760453659091,277.760453659091,日元/美元(月均),M,USDJPY_MONTHLY_1957,FRED(OECD),VALIDATED_MIRROR,,,2026-09-05,LATEST_HISTORY_PROXY,PROXY,CURRENT_HISTORY_ONLY_NO_VINTAGE,false,true,true
1973-12-31,1973-12,280,280,日元/美元(月均),M,USDJPY_MONTHLY_1957,FRED(OECD),VALIDATED_MIRROR,,,2026-09-05,LATEST_HISTORY_PROXY,PROXY,CURRENT_HISTORY_ONLY_NO_VINTAGE,false,true,true
1974-01-31,1974-01,296.294564952174,296.294564952174,日元/美元(月均),M,USDJPY_MONTHLY_1957,FRED(OECD),VALIDATED_MIRROR,,,2026-09-05,LATEST_HISTORY_PROXY,PROXY,CURRENT_HISTORY_ONLY_NO_VINTAGE,false,true,true
1974-02-28,1974-02,291.73874817,291.73874817,日元/美元(月均),M,USDJPY_MONTHLY_1957,FRED(OECD),VALIDATED_MIRROR,,,2026-09-05,LATEST_HISTORY_PROXY,PROXY,CURRENT_HISTORY_ONLY_NO_VINTAGE,false,true,true
1974-03-31,1974-03,282.0664295,282.0664295,日元/美元(月均),M,USDJPY_MONTHLY_1957,FRED(OECD),VALIDATED_MIRROR,,,2026-09-05,LATEST_HISTORY_PROXY,PROXY,CURRENT_HISTORY_ONLY_NO_VINTAGE,false,true,true
1974-04-30,1974-04,277.623410309091,277.623410309091,日元/美元(月均),M,USDJPY_MONTHLY_1957,FRED(OECD),VALIDATED_MIRROR,,,2026-09-05,LATEST_HISTORY_PROXY,PROXY,CURRENT_HISTORY_ONLY_NO_VINTAGE,false,true,true
1974-05-31,1974-05,278.976846447826,278.976846447826,日元/美元(月均),M,USDJPY_MONTHLY_1957,FRED(OECD),VALIDATED_MIRROR,,,2026-09-05,LATEST_HISTORY_PROXY,PROXY,CURRENT_HISTORY_ONLY_NO_VINTAGE,false,true,true
1974-06-30,1974-06,282.903749085,282.903749085,日元/美元(月均),M,USDJPY_MONTHLY_1957,FRED(OECD),VALIDATED_MIRROR,,,2026-09-05,LATEST_HISTORY_PROXY,PROXY,CURRENT_HISTORY_ONLY_NO_VINTAGE,false,true,true
1974-07-31,1974-07,290.603481126087,290.603481126087,日元/美元(月均),M,USDJPY_MONTHLY_1957,FRED(OECD),VALIDATED_MIRROR,,,2026-09-05,LATEST_HISTORY_PROXY,PROXY,CURRENT_HISTORY_ONLY_NO_VINTAGE,false,true,true
1974-08-31,1974-08,302.38670765,302.38670765,日元/美元(月均),M,USDJPY_MONTHLY_1957,FRED(OECD),VALIDATED_MIRROR,,,2026-09-05,LATEST_HISTORY_PROXY,PROXY,CURRENT_HISTORY_ONLY_NO_VINTAGE,false,true,true
1974-09-30,1974-09,298.963335309524,298.963335309524,日元/美元(月均),M,USDJPY_MONTHLY_1957,FRED(OECD),VALIDATED_MIRROR,,,2026-09-05,LATEST_HISTORY_PROXY,PROXY,CURRENT_HISTORY_ONLY_NO_VINTAGE,false,true,true
1974-10-31,1974-10,299.445430595652,299.445430595652,日元/美元(月均),M,USDJPY_MONTHLY_1957,FRED(OECD),VALIDATED_MIRROR,,,2026-09-05,LATEST_HISTORY_PROXY,PROXY,CURRENT_HISTORY_ONLY_NO_VINTAGE,false,true,true
1974-11-30,1974-11,300.100238614286,300.100238614286,日元/美元(月均),M,USDJPY_MONTHLY_1957,FRED(OECD),VALIDATED_MIRROR,,,2026-09-05,LATEST_HISTORY_PROXY,PROXY,CURRENT_HISTORY_ONLY_NO_VINTAGE,false,true,true
1974-12-31,1974-12,300.357262354545,300.357262354545,日元/美元(月均),M,USDJPY_MONTHLY_1957,FRED(OECD),VALIDATED_MIRROR,,,2026-09-05,LATEST_HISTORY_PROXY,PROXY,CURRENT_HISTORY_ONLY_NO_VINTAGE,false,true,true
1975-01-31,1975-01,299.912998369565,299.912998369565,日元/美元(月均),M,USDJPY_MONTHLY_1957,FRED(OECD),VALIDATED_MIRROR,,,2026-09-05,LATEST_HISTORY_PROXY,PROXY,CURRENT_HISTORY_ONLY_NO_VINTAGE,false,true,true
1975-02-28,1975-02,292.19375,292.19375,日元/美元(月均),M,USDJPY_MONTHLY_1957,FRED(OECD),VALIDATED_MIRROR,,,2026-09-05,LATEST_HISTORY_PROXY,PROXY,CURRENT_HISTORY_ONLY_NO_VINTAGE,false,true,true
1975-03-31,1975-03,288.059522357143,288.059522357143,日元/美元(月均),M,USDJPY_MONTHLY_1957,FRED(OECD),VALIDATED_MIRROR,,,2026-09-05,LATEST_HISTORY_PROXY,PROXY,CURRENT_HISTORY_ONLY_NO_VINTAGE,false,true,true
1975-04-30,1975-04,292.221045754545,292.221045754545,日元/美元(月均),M,USDJPY_MONTHLY_1957,FRED(OECD),VALIDATED_MIRROR,,,2026-09-05,LATEST_HISTORY_PROXY,PROXY,CURRENT_HISTORY_ONLY_NO_VINTAGE,false,true,true
1975-05-31,1975-05,291.451816904545,291.451816904545,日元/美元(月均),M,USDJPY_MONTHLY_1957,FRED(OECD),VALIDATED_MIRROR,,,2026-09-05,LATEST_HISTORY_PROXY,PROXY,CURRENT_HISTORY_ONLY_NO_VINTAGE,false,true,true
1975-06-30,1975-06,293.441021147619,293.441021147619,日元/美元(月均),M,USDJPY_MONTHLY_1957,FRED(OECD),VALIDATED_MIRROR,,,2026-09-05,LATEST_HISTORY_PROXY,PROXY,CURRENT_HISTORY_ONLY_NO_VINTAGE,false,true,true
1975-07-31,1975-07,296.254346765217,296.254346765217,日元/美元(月均),M,USDJPY_MONTHLY_1957,FRED(OECD),VALIDATED_MIRROR,,,2026-09-05,LATEST_HISTORY_PROXY,PROXY,CURRENT_HISTORY_ONLY_NO_VINTAGE,false,true,true
1975-08-31,1975-08,297.925005228571,297.925005228571,日元/美元(月均),M,USDJPY_MONTHLY_1957,FRED(OECD),VALIDATED_MIRROR,,,2026-09-05,LATEST_HISTORY_PROXY,PROXY,CURRENT_HISTORY_ONLY_NO_VINTAGE,false,true,true
1975-09-30,1975-09,299.742046004545,299.742046004545,日元/美元(月均),M,USDJPY_MONTHLY_1957,FRED(OECD),VALIDATED_MIRROR,,,2026-09-05,LATEST_HISTORY_PROXY,PROXY,CURRENT_HISTORY_ONLY_NO_VINTAGE,false,true,true
1975-10-31,1975-10,302.334784465217,302.334784465217,日元/美元(月均),M,USDJPY_MONTHLY_1957,FRED(OECD),VALIDATED_MIRROR,,,2026-09-05,LATEST_HISTORY_PROXY,PROXY,CURRENT_HISTORY_ONLY_NO_VINTAGE,false,true,true
1975-11-30,1975-11,302.609498595,302.609498595,日元/美元(月均),M,USDJPY_MONTHLY_1957,FRED(OECD),VALIDATED_MIRROR,,,2026-09-05,LATEST_HISTORY_PROXY,PROXY,CURRENT_HISTORY_ONLY_NO_VINTAGE,false,true,true
1975-12-31,1975-12,305.669553008696,305.669553008696,日元/美元(月均),M,USDJPY_MONTHLY_1957,FRED(OECD),VALIDATED_MIRROR,,,2026-09-05,LATEST_HISTORY_PROXY,PROXY,CURRENT_HISTORY_ONLY_NO_VINTAGE,false,true,true
1976-01-31,1976-01,304.663093204762,304.663093204762,日元/美元(月均),M,USDJPY_MONTHLY_1957,FRED(OECD),VALIDATED_MIRROR,,,2026-09-05,LATEST_HISTORY_PROXY,PROXY,CURRENT_HISTORY_ONLY_NO_VINTAGE,false,true,true
1976-02-29,1976-02,301.69750366,301.69750366,日元/美元(月均),M,USDJPY_MONTHLY_1957,FRED(OECD),VALIDATED_MIRROR,,,2026-09-05,LATEST_HISTORY_PROXY,PROXY,CURRENT_HISTORY_ONLY_NO_VINTAGE,false,true,true
1976-03-31,1976-03,300.628258747826,300.628258747826,日元/美元(月均),M,USDJPY_MONTHLY_1957,FRED(OECD),VALIDATED_MIRROR,,,2026-09-05,LATEST_HISTORY_PROXY,PROXY,CURRENT_HISTORY_ONLY_NO_VINTAGE,false,true,true
1976-04-30,1976-04,299.132673781818,299.132673781818,日元/美元(月均),M,USDJPY_MONTHLY_1957,FRED(OECD),VALIDATED_MIRROR,,,2026-09-05,LATEST_HISTORY_PROXY,PROXY,CURRENT_HISTORY_ONLY_NO_VINTAGE,false,true,true
1976-05-31,1976-05,299.04523867619,299.04523867619,日元/美元(月均),M,USDJPY_MONTHLY_1957,FRED(OECD),VALIDATED_MIRROR,,,2026-09-05,LATEST_HISTORY_PROXY,PROXY,CURRENT_HISTORY_ONLY_NO_VINTAGE,false,true,true
1976-06-30,1976-06,299.344318736364,299.344318736364,日元/美元(月均),M,USDJPY_MONTHLY_1957,FRED(OECD),VALIDATED_MIRROR,,,2026-09-05,LATEST_HISTORY_PROXY,PROXY,CURRENT_HISTORY_ONLY_NO_VINTAGE,false,true,true
1976-07-31,1976-07,294.846363413636,294.846363413636,日元/美元(月均),M,USDJPY_MONTHLY_1957,FRED(OECD),VALIDATED_MIRROR,,,2026-09-05,LATEST_HISTORY_PROXY,PROXY,CURRENT_HISTORY_ONLY_NO_VINTAGE,false,true,true
1976-08-31,1976-08,290.754544345455,290.754544345455,日元/美元(月均),M,USDJPY_MONTHLY_1957,FRED(OECD),VALIDATED_MIRROR,,,2026-09-05,LATEST_HISTORY_PROXY,PROXY,CURRENT_HISTORY_ONLY_NO_VINTAGE,false,true,true
1976-09-30,1976-09,287.524770563636,287.524770563636,日元/美元(月均),M,USDJPY_MONTHLY_1957,FRED(OECD),VALIDATED_MIRROR,,,2026-09-05,LATEST_HISTORY_PROXY,PROXY,CURRENT_HISTORY_ONLY_NO_VINTAGE,false,true,true
1976-10-31,1976-10,290.989586238095,290.989586238095,日元/美元(月均),M,USDJPY_MONTHLY_1957,FRED(OECD),VALIDATED_MIRROR,,,2026-09-05,LATEST_HISTORY_PROXY,PROXY,CURRENT_HISTORY_ONLY_NO_VINTAGE,false,true,true
1976-11-30,1976-11,295.129545731818,295.129545731818,日元/美元(月均),M,USDJPY_MONTHLY_1957,FRED(OECD),VALIDATED_MIRROR,,,2026-09-05,LATEST_HISTORY_PROXY,PROXY,CURRENT_HISTORY_ONLY_NO_VINTAGE,false,true,true
1976-12-31,1976-12,294.666287626087,294.666287626087,日元/美元(月均),M,USDJPY_MONTHLY_1957,FRED(OECD),VALIDATED_MIRROR,,,2026-09-05,LATEST_HISTORY_PROXY,PROXY,CURRENT_HISTORY_ONLY_NO_VINTAGE,false,true,true
1977-01-31,1977-01,290.933750915,290.933750915,日元/美元(月均),M,USDJPY_MONTHLY_1957,FRED(OECD),VALIDATED_MIRROR,,,2026-09-05,LATEST_HISTORY_PROXY,PROXY,CURRENT_HISTORY_ONLY_NO_VINTAGE,false,true,true
1977-02-28,1977-02,285.091841847368,285.091841847368,日元/美元(月均),M,USDJPY_MONTHLY_1957,FRED(OECD),VALIDATED_MIRROR,,,2026-09-05,LATEST_HISTORY_PROXY,PROXY,CURRENT_HISTORY_ONLY_NO_VINTAGE,false,true,true
1977-03-31,1977-03,280.396585640909,280.396585640909,日元/美元(月均),M,USDJPY_MONTHLY_1957,FRED(OECD),VALIDATED_MIRROR,,,2026-09-05,LATEST_HISTORY_PROXY,PROXY,CURRENT_HISTORY_ONLY_NO_VINTAGE,false,true,true
1977-04-30,1977-04,275.01625061,275.01625061,日元/美元(月均),M,USDJPY_MONTHLY_1957,FRED(OECD),VALIDATED_MIRROR,,,2026-09-05,LATEST_HISTORY_PROXY,PROXY,CURRENT_HISTORY_ONLY_NO_VINTAGE,false,true,true
1977-05-31,1977-05,277.52024689,277.52024689,日元/美元(月均),M,USDJPY_MONTHLY_1957,FRED(OECD),VALIDATED_MIRROR,,,2026-09-05,LATEST_HISTORY_PROXY,PROXY,CURRENT_HISTORY_ONLY_NO_VINTAGE,false,true,true
1977-06-30,1977-06,272.9579551,272.9579551,日元/美元(月均),M,USDJPY_MONTHLY_1957,FRED(OECD),VALIDATED_MIRROR,,,2026-09-05,LATEST_HISTORY_PROXY,PROXY,CURRENT_HISTORY_ONLY_NO_VINTAGE,false,true,true
1977-07-31,1977-07,264.915475028571,264.915475028571,日元/美元(月均),M,USDJPY_MONTHLY_1957,FRED(OECD),VALIDATED_MIRROR,,,2026-09-05,LATEST_HISTORY_PROXY,PROXY,CURRENT_HISTORY_ONLY_NO_VINTAGE,false,true,true
1977-08-31,1977-08,266.623909330435,266.623909330435,日元/美元(月均),M,USDJPY_MONTHLY_1957,FRED(OECD),VALIDATED_MIRROR,,,2026-09-05,LATEST_HISTORY_PROXY,PROXY,CURRENT_HISTORY_ONLY_NO_VINTAGE,false,true,true
1977-09-30,1977-09,266.970235190476,266.970235190476,日元/美元(月均),M,USDJPY_MONTHLY_1957,FRED(OECD),VALIDATED_MIRROR,,,2026-09-05,LATEST_HISTORY_PROXY,PROXY,CURRENT_HISTORY_ONLY_NO_VINTAGE,false,true,true
1977-10-31,1977-10,255.292105431579,255.292105431579,日元/美元(月均),M,USDJPY_MONTHLY_1957,FRED(OECD),VALIDATED_MIRROR,,,2026-09-05,LATEST_HISTORY_PROXY,PROXY,CURRENT_HISTORY_ONLY_NO_VINTAGE,false,true,true
1977-11-30,1977-11,244.7149971,244.7149971,日元/美元(月均),M,USDJPY_MONTHLY_1957,FRED(OECD),VALIDATED_MIRROR,,,2026-09-05,LATEST_HISTORY_PROXY,PROXY,CURRENT_HISTORY_ONLY_NO_VINTAGE,false,true,true
1977-12-31,1977-12,241.281817354545,241.281817354545,日元/美元(月均),M,USDJPY_MONTHLY_1957,FRED(OECD),VALIDATED_MIRROR,,,2026-09-05,LATEST_HISTORY_PROXY,PROXY,CURRENT_HISTORY_ONLY_NO_VINTAGE,false,true,true
1978-01-31,1978-01,241.209210042105,241.209210042105,日元/美元(月均),M,USDJPY_MONTHLY_1957,FRED(OECD),VALIDATED_MIRROR,,,2026-09-05,LATEST_HISTORY_PROXY,PROXY,CURRENT_HISTORY_ONLY_NO_VINTAGE,false,true,true
1978-02-28,1978-02,240.317999265,240.317999265,日元/美元(月均),M,USDJPY_MONTHLY_1957,FRED(OECD),VALIDATED_MIRROR,,,2026-09-05,LATEST_HISTORY_PROXY,PROXY,CURRENT_HISTORY_ONLY_NO_VINTAGE,false,true,true
1978-03-31,1978-03,231.49166652381,231.49166652381,日元/美元(月均),M,USDJPY_MONTHLY_1957,FRED(OECD),VALIDATED_MIRROR,,,2026-09-05,LATEST_HISTORY_PROXY,PROXY,CURRENT_HISTORY_ONLY_NO_VINTAGE,false,true,true
1978-04-30,1978-04,221.58525086,221.58525086,日元/美元(月均),M,USDJPY_MONTHLY_1957,FRED(OECD),VALIDATED_MIRROR,,,2026-09-05,LATEST_HISTORY_PROXY,PROXY,CURRENT_HISTORY_ONLY_NO_VINTAGE,false,true,true
1978-05-31,1978-05,226.333333333333,226.333333333333,日元/美元(月均),M,USDJPY_MONTHLY_1957,FRED(OECD),VALIDATED_MIRROR,,,2026-09-05,LATEST_HISTORY_PROXY,PROXY,CURRENT_HISTORY_ONLY_NO_VINTAGE,false,true,true
1978-06-30,1978-06,214.368182090909,214.368182090909,日元/美元(月均),M,USDJPY_MONTHLY_1957,FRED(OECD),VALIDATED_MIRROR,,,2026-09-05,LATEST_HISTORY_PROXY,PROXY,CURRENT_HISTORY_ONLY_NO_VINTAGE,false,true,true
1978-07-31,1978-07,199.93881007619,199.93881007619,日元/美元(月均),M,USDJPY_MONTHLY_1957,FRED(OECD),VALIDATED_MIRROR,,,2026-09-05,LATEST_HISTORY_PROXY,PROXY,CURRENT_HISTORY_ONLY_NO_VINTAGE,false,true,true
1978-08-31,1978-08,188.497826617391,188.497826617391,日元/美元(月均),M,USDJPY_MONTHLY_1957,FRED(OECD),VALIDATED_MIRROR,,,2026-09-05,LATEST_HISTORY_PROXY,PROXY,CURRENT_HISTORY_ONLY_NO_VINTAGE,false,true,true
1978-09-30,1978-09,190.12624969,190.12624969,日元/美元(月均),M,USDJPY_MONTHLY_1957,FRED(OECD),VALIDATED_MIRROR,,,2026-09-05,LATEST_HISTORY_PROXY,PROXY,CURRENT_HISTORY_ONLY_NO_VINTAGE,false,true,true
1978-10-31,1978-10,183.9440482,183.9440482,日元/美元(月均),M,USDJPY_MONTHLY_1957,FRED(OECD),VALIDATED_MIRROR,,,2026-09-05,LATEST_HISTORY_PROXY,PROXY,CURRENT_HISTORY_ONLY_NO_VINTAGE,false,true,true
1978-11-30,1978-11,191.321749885,191.321749885,日元/美元(月均),M,USDJPY_MONTHLY_1957,FRED(OECD),VALIDATED_MIRROR,,,2026-09-05,LATEST_HISTORY_PROXY,PROXY,CURRENT_HISTORY_ONLY_NO_VINTAGE,false,true,true
1978-12-31,1978-12,196.127142771429,196.127142771429,日元/美元(月均),M,USDJPY_MONTHLY_1957,FRED(OECD),VALIDATED_MIRROR,,,2026-09-05,LATEST_HISTORY_PROXY,PROXY,CURRENT_HISTORY_ONLY_NO_VINTAGE,false,true,true
1979-01-31,1979-01,197.7800012,197.7800012,日元/美元(月均),M,USDJPY_MONTHLY_1957,FRED(OECD),VALIDATED_MIRROR,,,2026-09-05,LATEST_HISTORY_PROXY,PROXY,CURRENT_HISTORY_ONLY_NO_VINTAGE,false,true,true
1979-02-28,1979-02,200.527632057895,200.527632057895,日元/美元(月均),M,USDJPY_MONTHLY_1957,FRED(OECD),VALIDATED_MIRROR,,,2026-09-05,LATEST_HISTORY_PROXY,PROXY,CURRENT_HISTORY_ONLY_NO_VINTAGE,false,true,true
1979-03-31,1979-03,206.203570409524,206.203570409524,日元/美元(月均),M,USDJPY_MONTHLY_1957,FRED(OECD),VALIDATED_MIRROR,,,2026-09-05,LATEST_HISTORY_PROXY,PROXY,CURRENT_HISTORY_ONLY_NO_VINTAGE,false,true,true
1979-04-30,1979-04,216.22261847619,216.22261847619,日元/美元(月均),M,USDJPY_MONTHLY_1957,FRED(OECD),VALIDATED_MIRROR,,,2026-09-05,LATEST_HISTORY_PROXY,PROXY,CURRENT_HISTORY_ONLY_NO_VINTAGE,false,true,true
1979-05-31,1979-05,218.301086434783,218.301086434783,日元/美元(月均),M,USDJPY_MONTHLY_1957,FRED(OECD),VALIDATED_MIRROR,,,2026-09-05,LATEST_HISTORY_PROXY,PROXY,CURRENT_HISTORY_ONLY_NO_VINTAGE,false,true,true
1979-06-30,1979-06,218.8404759,218.8404759,日元/美元(月均),M,USDJPY_MONTHLY_1957,FRED(OECD),VALIDATED_MIRROR,,,2026-09-05,LATEST_HISTORY_PROXY,PROXY,CURRENT_HISTORY_ONLY_NO_VINTAGE,false,true,true
1979-07-31,1979-07,216.465681595455,216.465681595455,日元/美元(月均),M,USDJPY_MONTHLY_1957,FRED(OECD),VALIDATED_MIRROR,,,2026-09-05,LATEST_HISTORY_PROXY,PROXY,CURRENT_HISTORY_ONLY_NO_VINTAGE,false,true,true
1979-08-31,1979-08,217.90760803913,217.90760803913,日元/美元(月均),M,USDJPY_MONTHLY_1957,FRED(OECD),VALIDATED_MIRROR,,,2026-09-05,LATEST_HISTORY_PROXY,PROXY,CURRENT_HISTORY_ONLY_NO_VINTAGE,false,true,true
1979-09-30,1979-09,222.205264436842,222.205264436842,日元/美元(月均),M,USDJPY_MONTHLY_1957,FRED(OECD),VALIDATED_MIRROR,,,2026-09-05,LATEST_HISTORY_PROXY,PROXY,CURRENT_HISTORY_ONLY_NO_VINTAGE,false,true,true
1979-10-31,1979-10,230.354545590909,230.354545590909,日元/美元(月均),M,USDJPY_MONTHLY_1957,FRED(OECD),VALIDATED_MIRROR,,,2026-09-05,LATEST_HISTORY_PROXY,PROXY,CURRENT_HISTORY_ONLY_NO_VINTAGE,false,true,true
1979-11-30,1979-11,244.867857438095,244.867857438095,日元/美元(月均),M,USDJPY_MONTHLY_1957,FRED(OECD),VALIDATED_MIRROR,,,2026-09-05,LATEST_HISTORY_PROXY,PROXY,CURRENT_HISTORY_ONLY_NO_VINTAGE,false,true,true
1979-12-31,1979-12,240.6940482,240.6940482,日元/美元(月均),M,USDJPY_MONTHLY_1957,FRED(OECD),VALIDATED_MIRROR,,,2026-09-05,LATEST_HISTORY_PROXY,PROXY,CURRENT_HISTORY_ONLY_NO_VINTAGE,false,true,true
1980-01-31,1980-01,238.002632547368,238.002632547368,日元/美元(月均),M,USDJPY_MONTHLY_1957,FRED(OECD),VALIDATED_MIRROR,,,2026-09-05,LATEST_HISTORY_PROXY,PROXY,CURRENT_HISTORY_ONLY_NO_VINTAGE,false,true,true
1980-02-29,1980-02,244.06325073,244.06325073,日元/美元(月均),M,USDJPY_MONTHLY_1957,FRED(OECD),VALIDATED_MIRROR,,,2026-09-05,LATEST_HISTORY_PROXY,PROXY,CURRENT_HISTORY_ONLY_NO_VINTAGE,false,true,true
1980-03-31,1980-03,248.59625015,248.59625015,日元/美元(月均),M,USDJPY_MONTHLY_1957,FRED(OECD),VALIDATED_MIRROR,,,2026-09-05,LATEST_HISTORY_PROXY,PROXY,CURRENT_HISTORY_ONLY_NO_VINTAGE,false,true,true
1980-04-30,1980-04,251.435713995238,251.435713995238,日元/美元(月均),M,USDJPY_MONTHLY_1957,FRED(OECD),VALIDATED_MIRROR,,,2026-09-05,LATEST_HISTORY_PROXY,PROXY,CURRENT_HISTORY_ONLY_NO_VINTAGE,false,true,true
1980-05-31,1980-05,228.144048057143,228.144048057143,日元/美元(月均),M,USDJPY_MONTHLY_1957,FRED(OECD),VALIDATED_MIRROR,,,2026-09-05,LATEST_HISTORY_PROXY,PROXY,CURRENT_HISTORY_ONLY_NO_VINTAGE,false,true,true
1980-06-30,1980-06,218.0880948,218.0880948,日元/美元(月均),M,USDJPY_MONTHLY_1957,FRED(OECD),VALIDATED_MIRROR,,,2026-09-05,LATEST_HISTORY_PROXY,PROXY,CURRENT_HISTORY_ONLY_NO_VINTAGE,false,true,true
1980-07-31,1980-07,220.478694743478,220.478694743478,日元/美元(月均),M,USDJPY_MONTHLY_1957,FRED(OECD),VALIDATED_MIRROR,,,2026-09-05,LATEST_HISTORY_PROXY,PROXY,CURRENT_HISTORY_ONLY_NO_VINTAGE,false,true,true
1980-08-31,1980-08,224.376189461905,224.376189461905,日元/美元(月均),M,USDJPY_MONTHLY_1957,FRED(OECD),VALIDATED_MIRROR,,,2026-09-05,LATEST_HISTORY_PROXY,PROXY,CURRENT_HISTORY_ONLY_NO_VINTAGE,false,true,true
1980-09-30,1980-09,214.94499893,214.94499893,日元/美元(月均),M,USDJPY_MONTHLY_1957,FRED(OECD),VALIDATED_MIRROR,,,2026-09-05,LATEST_HISTORY_PROXY,PROXY,CURRENT_HISTORY_ONLY_NO_VINTAGE,false,true,true
1980-10-31,1980-10,209.268864027273,209.268864027273,日元/美元(月均),M,USDJPY_MONTHLY_1957,FRED(OECD),VALIDATED_MIRROR,,,2026-09-05,LATEST_HISTORY_PROXY,PROXY,CURRENT_HISTORY_ONLY_NO_VINTAGE,false,true,true
1980-11-30,1980-11,213.0583335,213.0583335,日元/美元(月均),M,USDJPY_MONTHLY_1957,FRED(OECD),VALIDATED_MIRROR,,,2026-09-05,LATEST_HISTORY_PROXY,PROXY,CURRENT_HISTORY_ONLY_NO_VINTAGE,false,true,true
1980-12-31,1980-12,209.90000015,209.90000015,日元/美元(月均),M,USDJPY_MONTHLY_1957,FRED(OECD),VALIDATED_MIRROR,,,2026-09-05,LATEST_HISTORY_PROXY,PROXY,CURRENT_HISTORY_ONLY_NO_VINTAGE,false,true,true
1981-01-31,1981-01,202.203749085,202.203749085,日元/美元(月均),M,USDJPY_MONTHLY_1957,FRED(OECD),VALIDATED_MIRROR,,,2026-09-05,LATEST_HISTORY_PROXY,PROXY,CURRENT_HISTORY_ONLY_NO_VINTAGE,false,true,true
1981-02-28,1981-02,205.757892805263,205.757892805263,日元/美元(月均),M,USDJPY_MONTHLY_1957,FRED(OECD),VALIDATED_MIRROR,,,2026-09-05,LATEST_HISTORY_PROXY,PROXY,CURRENT_HISTORY_ONLY_NO_VINTAGE,false,true,true
1981-03-31,1981-03,209.007952604545,209.007952604545,日元/美元(月均),M,USDJPY_MONTHLY_1957,FRED(OECD),VALIDATED_MIRROR,,,2026-09-05,LATEST_HISTORY_PROXY,PROXY,CURRENT_HISTORY_ONLY_NO_VINTAGE,false,true,true
1981-04-30,1981-04,215.066667838095,215.066667838095,日元/美元(月均),M,USDJPY_MONTHLY_1957,FRED(OECD),VALIDATED_MIRROR,,,2026-09-05,LATEST_HISTORY_PROXY,PROXY,CURRENT_HISTORY_ONLY_NO_VINTAGE,false,true,true
1981-05-31,1981-05,220.778948326316,220.778948326316,日元/美元(月均),M,USDJPY_MONTHLY_1957,FRED(OECD),VALIDATED_MIRROR,,,2026-09-05,LATEST_HISTORY_PROXY,PROXY,CURRENT_HISTORY_ONLY_NO_VINTAGE,false,true,true
1981-06-30,1981-06,224.135713852381,224.135713852381,日元/美元(月均),M,USDJPY_MONTHLY_1957,FRED(OECD),VALIDATED_MIRROR,,,2026-09-05,LATEST_HISTORY_PROXY,PROXY,CURRENT_HISTORY_ONLY_NO_VINTAGE,false,true,true
1981-07-31,1981-07,232.480951942857,232.480951942857,日元/美元(月均),M,USDJPY_MONTHLY_1957,FRED(OECD),VALIDATED_MIRROR,,,2026-09-05,LATEST_HISTORY_PROXY,PROXY,CURRENT_HISTORY_ONLY_NO_VINTAGE,false,true,true
1981-08-31,1981-08,233.621427271429,233.621427271429,日元/美元(月均),M,USDJPY_MONTHLY_1957,FRED(OECD),VALIDATED_MIRROR,,,2026-09-05,LATEST_HISTORY_PROXY,PROXY,CURRENT_HISTORY_ONLY_NO_VINTAGE,false,true,true
1981-09-30,1981-09,229.82750245,229.82750245,日元/美元(月均),M,USDJPY_MONTHLY_1957,FRED(OECD),VALIDATED_MIRROR,,,2026-09-05,LATEST_HISTORY_PROXY,PROXY,CURRENT_HISTORY_ONLY_NO_VINTAGE,false,true,true
1981-10-31,1981-10,231.415909509091,231.415909509091,日元/美元(月均),M,USDJPY_MONTHLY_1957,FRED(OECD),VALIDATED_MIRROR,,,2026-09-05,LATEST_HISTORY_PROXY,PROXY,CURRENT_HISTORY_ONLY_NO_VINTAGE,false,true,true
1981-11-30,1981-11,223.786841936842,223.786841936842,日元/美元(月均),M,USDJPY_MONTHLY_1957,FRED(OECD),VALIDATED_MIRROR,,,2026-09-05,LATEST_HISTORY_PROXY,PROXY,CURRENT_HISTORY_ONLY_NO_VINTAGE,false,true,true
1981-12-31,1981-12,219.021737804348,219.021737804348,日元/美元(月均),M,USDJPY_MONTHLY_1957,FRED(OECD),VALIDATED_MIRROR,,,2026-09-05,LATEST_HISTORY_PROXY,PROXY,CURRENT_HISTORY_ONLY_NO_VINTAGE,false,true,true
1982-01-31,1982-01,224.676316115789,224.676316115789,日元/美元(月均),M,USDJPY_MONTHLY_1957,FRED(OECD),VALIDATED_MIRROR,,,2026-09-05,LATEST_HISTORY_PROXY,PROXY,CURRENT_HISTORY_ONLY_NO_VINTAGE,false,true,true
1982-02-28,1982-02,235.313159336842,235.313159336842,日元/美元(月均),M,USDJPY_MONTHLY_1957,FRED(OECD),VALIDATED_MIRROR,,,2026-09-05,LATEST_HISTORY_PROXY,PROXY,CURRENT_HISTORY_ONLY_NO_VINTAGE,false,true,true
1982-03-31,1982-03,240.615909231818,240.615909231818,日元/美元(月均),M,USDJPY_MONTHLY_1957,FRED(OECD),VALIDATED_MIRROR,,,2026-09-05,LATEST_HISTORY_PROXY,PROXY,CURRENT_HISTORY_ONLY_NO_VINTAGE,false,true,true
1982-04-30,1982-04,244.290475752381,244.290475752381,日元/美元(月均),M,USDJPY_MONTHLY_1957,FRED(OECD),VALIDATED_MIRROR,,,2026-09-05,LATEST_HISTORY_PROXY,PROXY,CURRENT_HISTORY_ONLY_NO_VINTAGE,false,true,true
1982-05-31,1982-05,236.969473594737,236.969473594737,日元/美元(月均),M,USDJPY_MONTHLY_1957,FRED(OECD),VALIDATED_MIRROR,,,2026-09-05,LATEST_HISTORY_PROXY,PROXY,CURRENT_HISTORY_ONLY_NO_VINTAGE,false,true,true
1982-06-30,1982-06,251.111362113636,251.111362113636,日元/美元(月均),M,USDJPY_MONTHLY_1957,FRED(OECD),VALIDATED_MIRROR,,,2026-09-05,LATEST_HISTORY_PROXY,PROXY,CURRENT_HISTORY_ONLY_NO_VINTAGE,false,true,true
1982-07-31,1982-07,254.964287166667,254.964287166667,日元/美元(月均),M,USDJPY_MONTHLY_1957,FRED(OECD),VALIDATED_MIRROR,,,2026-09-05,LATEST_HISTORY_PROXY,PROXY,CURRENT_HISTORY_ONLY_NO_VINTAGE,false,true,true
1982-08-31,1982-08,258.69090895,258.69090895,日元/美元(月均),M,USDJPY_MONTHLY_1957,FRED(OECD),VALIDATED_MIRROR,,,2026-09-05,LATEST_HISTORY_PROXY,PROXY,CURRENT_HISTORY_ONLY_NO_VINTAGE,false,true,true
1982-09-30,1982-09,262.740000915,262.740000915,日元/美元(月均),M,USDJPY_MONTHLY_1957,FRED(OECD),VALIDATED_MIRROR,,,2026-09-05,LATEST_HISTORY_PROXY,PROXY,CURRENT_HISTORY_ONLY_NO_VINTAGE,false,true,true
1982-10-31,1982-10,271.3125,271.3125,日元/美元(月均),M,USDJPY_MONTHLY_1957,FRED(OECD),VALIDATED_MIRROR,,,2026-09-05,LATEST_HISTORY_PROXY,PROXY,CURRENT_HISTORY_ONLY_NO_VINTAGE,false,true,true
1982-11-30,1982-11,265.421427409524,265.421427409524,日元/美元(月均),M,USDJPY_MONTHLY_1957,FRED(OECD),VALIDATED_MIRROR,,,2026-09-05,LATEST_HISTORY_PROXY,PROXY,CURRENT_HISTORY_ONLY_NO_VINTAGE,false,true,true
1982-12-31,1982-12,242.818181813636,242.818181813636,日元/美元(月均),M,USDJPY_MONTHLY_1957,FRED(OECD),VALIDATED_MIRROR,,,2026-09-05,LATEST_HISTORY_PROXY,PROXY,CURRENT_HISTORY_ONLY_NO_VINTAGE,false,true,true
1983-01-31,1983-01,232.94499893,232.94499893,日元/美元(月均),M,USDJPY_MONTHLY_1957,FRED(OECD),VALIDATED_MIRROR,,,2026-09-05,LATEST_HISTORY_PROXY,PROXY,CURRENT_HISTORY_ONLY_NO_VINTAGE,false,true,true
1983-02-28,1983-02,236.186843873684,236.186843873684,日元/美元(月均),M,USDJPY_MONTHLY_1957,FRED(OECD),VALIDATED_MIRROR,,,2026-09-05,LATEST_HISTORY_PROXY,PROXY,CURRENT_HISTORY_ONLY_NO_VINTAGE,false,true,true
1983-03-31,1983-03,237.956821095455,237.956821095455,日元/美元(月均),M,USDJPY_MONTHLY_1957,FRED(OECD),VALIDATED_MIRROR,,,2026-09-05,LATEST_HISTORY_PROXY,PROXY,CURRENT_HISTORY_ONLY_NO_VINTAGE,false,true,true
1983-04-30,1983-04,237.695499415,237.695499415,日元/美元(月均),M,USDJPY_MONTHLY_1957,FRED(OECD),VALIDATED_MIRROR,,,2026-09-05,LATEST_HISTORY_PROXY,PROXY,CURRENT_HISTORY_ONLY_NO_VINTAGE,false,true,true
1983-05-31,1983-05,234.875001525,234.875001525,日元/美元(月均),M,USDJPY_MONTHLY_1957,FRED(OECD),VALIDATED_MIRROR,,,2026-09-05,LATEST_HISTORY_PROXY,PROXY,CURRENT_HISTORY_ONLY_NO_VINTAGE,false,true,true
1983-06-30,1983-06,240.021817995455,240.021817995455,日元/美元(月均),M,USDJPY_MONTHLY_1957,FRED(OECD),VALIDATED_MIRROR,,,2026-09-05,LATEST_HISTORY_PROXY,PROXY,CURRENT_HISTORY_ONLY_NO_VINTAGE,false,true,true
1983-07-31,1983-07,240.492855247619,240.492855247619,日元/美元(月均),M,USDJPY_MONTHLY_1957,FRED(OECD),VALIDATED_MIRROR,,,2026-09-05,LATEST_HISTORY_PROXY,PROXY,CURRENT_HISTORY_ONLY_NO_VINTAGE,false,true,true
1983-08-31,1983-08,244.36304373913,244.36304373913,日元/美元(月均),M,USDJPY_MONTHLY_1957,FRED(OECD),VALIDATED_MIRROR,,,2026-09-05,LATEST_HISTORY_PROXY,PROXY,CURRENT_HISTORY_ONLY_NO_VINTAGE,false,true,true
1983-09-30,1983-09,242.670475557143,242.670475557143,日元/美元(月均),M,USDJPY_MONTHLY_1957,FRED(OECD),VALIDATED_MIRROR,,,2026-09-05,LATEST_HISTORY_PROXY,PROXY,CURRENT_HISTORY_ONLY_NO_VINTAGE,false,true,true
1983-10-31,1983-10,233.01275101,233.01275101,日元/美元(月均),M,USDJPY_MONTHLY_1957,FRED(OECD),VALIDATED_MIRROR,,,2026-09-05,LATEST_HISTORY_PROXY,PROXY,CURRENT_HISTORY_ONLY_NO_VINTAGE,false,true,true
1983-11-30,1983-11,235.118749995,235.118749995,日元/美元(月均),M,USDJPY_MONTHLY_1957,FRED(OECD),VALIDATED_MIRROR,,,2026-09-05,LATEST_HISTORY_PROXY,PROXY,CURRENT_HISTORY_ONLY_NO_VINTAGE,false,true,true
1983-12-31,1983-12,234.386818631818,234.386818631818,日元/美元(月均),M,USDJPY_MONTHLY_1957,FRED(OECD),VALIDATED_MIRROR,,,2026-09-05,LATEST_HISTORY_PROXY,PROXY,CURRENT_HISTORY_ONLY_NO_VINTAGE,false,true,true
1984-01-31,1984-01,233.951579847368,233.951579847368,日元/美元(月均),M,USDJPY_MONTHLY_1957,FRED(OECD),VALIDATED_MIRROR,,,2026-09-05,LATEST_HISTORY_PROXY,PROXY,CURRENT_HISTORY_ONLY_NO_VINTAGE,false,true,true
1984-02-29,1984-02,233.641904557143,233.641904557143,日元/美元(月均),M,USDJPY_MONTHLY_1957,FRED(OECD),VALIDATED_MIRROR,,,2026-09-05,LATEST_HISTORY_PROXY,PROXY,CURRENT_HISTORY_ONLY_NO_VINTAGE,false,true,true
1984-03-31,1984-03,225.519524714286,225.519524714286,日元/美元(月均),M,USDJPY_MONTHLY_1957,FRED(OECD),VALIDATED_MIRROR,,,2026-09-05,LATEST_HISTORY_PROXY,PROXY,CURRENT_HISTORY_ONLY_NO_VINTAGE,false,true,true
1984-04-30,1984-04,225.02350006,225.02350006,日元/美元(月均),M,USDJPY_MONTHLY_1957,FRED(OECD),VALIDATED_MIRROR,,,2026-09-05,LATEST_HISTORY_PROXY,PROXY,CURRENT_HISTORY_ONLY_NO_VINTAGE,false,true,true
1984-05-31,1984-05,230.812857490476,230.812857490476,日元/美元(月均),M,USDJPY_MONTHLY_1957,FRED(OECD),VALIDATED_MIRROR,,,2026-09-05,LATEST_HISTORY_PROXY,PROXY,CURRENT_HISTORY_ONLY_NO_VINTAGE,false,true,true
1984-06-30,1984-06,233.217143471429,233.217143471429,日元/美元(月均),M,USDJPY_MONTHLY_1957,FRED(OECD),VALIDATED_MIRROR,,,2026-09-05,LATEST_HISTORY_PROXY,PROXY,CURRENT_HISTORY_ONLY_NO_VINTAGE,false,true,true
1984-07-31,1984-07,242.719544822727,242.719544822727,日元/美元(月均),M,USDJPY_MONTHLY_1957,FRED(OECD),VALIDATED_MIRROR,,,2026-09-05,LATEST_HISTORY_PROXY,PROXY,CURRENT_HISTORY_ONLY_NO_VINTAGE,false,true,true
1984-08-31,1984-08,242.30434716087,242.30434716087,日元/美元(月均),M,USDJPY_MONTHLY_1957,FRED(OECD),VALIDATED_MIRROR,,,2026-09-05,LATEST_HISTORY_PROXY,PROXY,CURRENT_HISTORY_ONLY_NO_VINTAGE,false,true,true
1984-09-30,1984-09,245.305500795,245.305500795,日元/美元(月均),M,USDJPY_MONTHLY_1957,FRED(OECD),VALIDATED_MIRROR,,,2026-09-05,LATEST_HISTORY_PROXY,PROXY,CURRENT_HISTORY_ONLY_NO_VINTAGE,false,true,true
1984-10-31,1984-10,246.894546504545,246.894546504545,日元/美元(月均),M,USDJPY_MONTHLY_1957,FRED(OECD),VALIDATED_MIRROR,,,2026-09-05,LATEST_HISTORY_PROXY,PROXY,CURRENT_HISTORY_ONLY_NO_VINTAGE,false,true,true
1984-11-30,1984-11,243.285714271429,243.285714271429,日元/美元(月均),M,USDJPY_MONTHLY_1957,FRED(OECD),VALIDATED_MIRROR,,,2026-09-05,LATEST_HISTORY_PROXY,PROXY,CURRENT_HISTORY_ONLY_NO_VINTAGE,false,true,true
1984-12-31,1984-12,247.967142019048,247.967142019048,日元/美元(月均),M,USDJPY_MONTHLY_1957,FRED(OECD),VALIDATED_MIRROR,,,2026-09-05,LATEST_HISTORY_PROXY,PROXY,CURRENT_HISTORY_ONLY_NO_VINTAGE,false,true,true
1985-01-31,1985-01,254.126316273684,254.126316273684,日元/美元(月均),M,USDJPY_MONTHLY_1957,FRED(OECD),VALIDATED_MIRROR,,,2026-09-05,LATEST_HISTORY_PROXY,PROXY,CURRENT_HISTORY_ONLY_NO_VINTAGE,false,true,true
1985-02-28,1985-02,260.339473521053,260.339473521053,日元/美元(月均),M,USDJPY_MONTHLY_1957,FRED(OECD),VALIDATED_MIRROR,,,2026-09-05,LATEST_HISTORY_PROXY,PROXY,CURRENT_HISTORY_ONLY_NO_VINTAGE,false,true,true
1985-03-31,1985-03,258.43724823,258.43724823,日元/美元(月均),M,USDJPY_MONTHLY_1957,FRED(OECD),VALIDATED_MIRROR,,,2026-09-05,LATEST_HISTORY_PROXY,PROXY,CURRENT_HISTORY_ONLY_NO_VINTAGE,false,true,true
1985-04-30,1985-04,251.671428857143,251.671428857143,日元/美元(月均),M,USDJPY_MONTHLY_1957,FRED(OECD),VALIDATED_MIRROR,,,2026-09-05,LATEST_HISTORY_PROXY,PROXY,CURRENT_HISTORY_ONLY_NO_VINTAGE,false,true,true
1985-05-31,1985-05,251.855650530435,251.855650530435,日元/美元(月均),M,USDJPY_MONTHLY_1957,FRED(OECD),VALIDATED_MIRROR,,,2026-09-05,LATEST_HISTORY_PROXY,PROXY,CURRENT_HISTORY_ONLY_NO_VINTAGE,false,true,true
1985-06-30,1985-06,248.92199858,248.92199858,日元/美元(月均),M,USDJPY_MONTHLY_1957,FRED(OECD),VALIDATED_MIRROR,,,2026-09-05,LATEST_HISTORY_PROXY,PROXY,CURRENT_HISTORY_ONLY_NO_VINTAGE,false,true,true
1985-07-31,1985-07,241.69434853913,241.69434853913,日元/美元(月均),M,USDJPY_MONTHLY_1957,FRED(OECD),VALIDATED_MIRROR,,,2026-09-05,LATEST_HISTORY_PROXY,PROXY,CURRENT_HISTORY_ONLY_NO_VINTAGE,false,true,true
1985-08-31,1985-08,237.2009097,237.2009097,日元/美元(月均),M,USDJPY_MONTHLY_1957,FRED(OECD),VALIDATED_MIRROR,,,2026-09-05,LATEST_HISTORY_PROXY,PROXY,CURRENT_HISTORY_ONLY_NO_VINTAGE,false,true,true
1985-09-30,1985-09,237.2265007,237.2265007,日元/美元(月均),M,USDJPY_MONTHLY_1957,FRED(OECD),VALIDATED_MIRROR,,,2026-09-05,LATEST_HISTORY_PROXY,PROXY,CURRENT_HISTORY_ONLY_NO_VINTAGE,false,true,true
1985-10-31,1985-10,214.913912573913,214.913912573913,日元/美元(月均),M,USDJPY_MONTHLY_1957,FRED(OECD),VALIDATED_MIRROR,,,2026-09-05,LATEST_HISTORY_PROXY,PROXY,CURRENT_HISTORY_ONLY_NO_VINTAGE,false,true,true
1985-11-30,1985-11,204.34350129,204.34350129,日元/美元(月均),M,USDJPY_MONTHLY_1957,FRED(OECD),VALIDATED_MIRROR,,,2026-09-05,LATEST_HISTORY_PROXY,PROXY,CURRENT_HISTORY_ONLY_NO_VINTAGE,false,true,true
1985-12-31,1985-12,202.746816459091,202.746816459091,日元/美元(月均),M,USDJPY_MONTHLY_1957,FRED(OECD),VALIDATED_MIRROR,,,2026-09-05,LATEST_HISTORY_PROXY,PROXY,CURRENT_HISTORY_ONLY_NO_VINTAGE,false,true,true
1986-01-31,1986-01,200.098946015789,200.098946015789,日元/美元(月均),M,USDJPY_MONTHLY_1957,FRED(OECD),VALIDATED_MIRROR,,,2026-09-05,LATEST_HISTORY_PROXY,PROXY,CURRENT_HISTORY_ONLY_NO_VINTAGE,false,true,true
1986-02-28,1986-02,184.600001284211,184.600001284211,日元/美元(月均),M,USDJPY_MONTHLY_1957,FRED(OECD),VALIDATED_MIRROR,,,2026-09-05,LATEST_HISTORY_PROXY,PROXY,CURRENT_HISTORY_ONLY_NO_VINTAGE,false,true,true
1986-03-31,1986-03,178.782501225,178.782501225,日元/美元(月均),M,USDJPY_MONTHLY_1957,FRED(OECD),VALIDATED_MIRROR,,,2026-09-05,LATEST_HISTORY_PROXY,PROXY,CURRENT_HISTORY_ONLY_NO_VINTAGE,false,true,true
1986-04-30,1986-04,175.571427847619,175.571427847619,日元/美元(月均),M,USDJPY_MONTHLY_1957,FRED(OECD),VALIDATED_MIRROR,,,2026-09-05,LATEST_HISTORY_PROXY,PROXY,CURRENT_HISTORY_ONLY_NO_VINTAGE,false,true,true
1986-05-31,1986-05,166.844284785714,166.844284785714,日元/美元(月均),M,USDJPY_MONTHLY_1957,FRED(OECD),VALIDATED_MIRROR,,,2026-09-05,LATEST_HISTORY_PROXY,PROXY,CURRENT_HISTORY_ONLY_NO_VINTAGE,false,true,true
1986-06-30,1986-06,167.8261893,167.8261893,日元/美元(月均),M,USDJPY_MONTHLY_1957,FRED(OECD),VALIDATED_MIRROR,,,2026-09-05,LATEST_HISTORY_PROXY,PROXY,CURRENT_HISTORY_ONLY_NO_VINTAGE,false,true,true
1986-07-31,1986-07,158.647825152174,158.647825152174,日元/美元(月均),M,USDJPY_MONTHLY_1957,FRED(OECD),VALIDATED_MIRROR,,,2026-09-05,LATEST_HISTORY_PROXY,PROXY,CURRENT_HISTORY_ONLY_NO_VINTAGE,false,true,true
1986-08-31,1986-08,154.110477285714,154.110477285714,日元/美元(月均),M,USDJPY_MONTHLY_1957,FRED(OECD),VALIDATED_MIRROR,,,2026-09-05,LATEST_HISTORY_PROXY,PROXY,CURRENT_HISTORY_ONLY_NO_VINTAGE,false,true,true
1986-09-30,1986-09,154.780500035,154.780500035,日元/美元(月均),M,USDJPY_MONTHLY_1957,FRED(OECD),VALIDATED_MIRROR,,,2026-09-05,LATEST_HISTORY_PROXY,PROXY,CURRENT_HISTORY_ONLY_NO_VINTAGE,false,true,true
1986-10-31,1986-10,156.046819518182,156.046819518182,日元/美元(月均),M,USDJPY_MONTHLY_1957,FRED(OECD),VALIDATED_MIRROR,,,2026-09-05,LATEST_HISTORY_PROXY,PROXY,CURRENT_HISTORY_ONLY_NO_VINTAGE,false,true,true
1986-11-30,1986-11,162.682630842105,162.682630842105,日元/美元(月均),M,USDJPY_MONTHLY_1957,FRED(OECD),VALIDATED_MIRROR,,,2026-09-05,LATEST_HISTORY_PROXY,PROXY,CURRENT_HISTORY_ONLY_NO_VINTAGE,false,true,true
1986-12-31,1986-12,162.238635659091,162.238635659091,日元/美元(月均),M,USDJPY_MONTHLY_1957,FRED(OECD),VALIDATED_MIRROR,,,2026-09-05,LATEST_HISTORY_PROXY,PROXY,CURRENT_HISTORY_ONLY_NO_VINTAGE,false,true,true
1987-01-31,1987-01,154.480525763158,154.480525763158,日元/美元(月均),M,USDJPY_MONTHLY_1957,FRED(OECD),VALIDATED_MIRROR,,,2026-09-05,LATEST_HISTORY_PROXY,PROXY,CURRENT_HISTORY_ONLY_NO_VINTAGE,false,true,true
1987-02-28,1987-02,153.490524294737,153.490524294737,日元/美元(月均),M,USDJPY_MONTHLY_1957,FRED(OECD),VALIDATED_MIRROR,,,2026-09-05,LATEST_HISTORY_PROXY,PROXY,CURRENT_HISTORY_ONLY_NO_VINTAGE,false,true,true
1987-03-31,1987-03,151.572272563636,151.572272563636,日元/美元(月均),M,USDJPY_MONTHLY_1957,FRED(OECD),VALIDATED_MIRROR,,,2026-09-05,LATEST_HISTORY_PROXY,PROXY,CURRENT_HISTORY_ONLY_NO_VINTAGE,false,true,true
1987-04-30,1987-04,142.951429095238,142.951429095238,日元/美元(月均),M,USDJPY_MONTHLY_1957,FRED(OECD),VALIDATED_MIRROR,,,2026-09-05,LATEST_HISTORY_PROXY,PROXY,CURRENT_HISTORY_ONLY_NO_VINTAGE,false,true,true
1987-05-31,1987-05,140.4752631,140.4752631,日元/美元(月均),M,USDJPY_MONTHLY_1957,FRED(OECD),VALIDATED_MIRROR,,,2026-09-05,LATEST_HISTORY_PROXY,PROXY,CURRENT_HISTORY_ONLY_NO_VINTAGE,false,true,true
1987-06-30,1987-06,144.515454377273,144.515454377273,日元/美元(月均),M,USDJPY_MONTHLY_1957,FRED(OECD),VALIDATED_MIRROR,,,2026-09-05,LATEST_HISTORY_PROXY,PROXY,CURRENT_HISTORY_ONLY_NO_VINTAGE,false,true,true
1987-07-31,1987-07,150.203911817391,150.203911817391,日元/美元(月均),M,USDJPY_MONTHLY_1957,FRED(OECD),VALIDATED_MIRROR,,,2026-09-05,LATEST_HISTORY_PROXY,PROXY,CURRENT_HISTORY_ONLY_NO_VINTAGE,false,true,true
1987-08-31,1987-08,147.580952238095,147.580952238095,日元/美元(月均),M,USDJPY_MONTHLY_1957,FRED(OECD),VALIDATED_MIRROR,,,2026-09-05,LATEST_HISTORY_PROXY,PROXY,CURRENT_HISTORY_ONLY_NO_VINTAGE,false,true,true
1987-09-30,1987-09,143.051905319048,143.051905319048,日元/美元(月均),M,USDJPY_MONTHLY_1957,FRED(OECD),VALIDATED_MIRROR,,,2026-09-05,LATEST_HISTORY_PROXY,PROXY,CURRENT_HISTORY_ONLY_NO_VINTAGE,false,true,true
1987-10-31,1987-10,143.418637368182,143.418637368182,日元/美元(月均),M,USDJPY_MONTHLY_1957,FRED(OECD),VALIDATED_MIRROR,,,2026-09-05,LATEST_HISTORY_PROXY,PROXY,CURRENT_HISTORY_ONLY_NO_VINTAGE,false,true,true
1987-11-30,1987-11,135.421501165,135.421501165,日元/美元(月均),M,USDJPY_MONTHLY_1957,FRED(OECD),VALIDATED_MIRROR,,,2026-09-05,LATEST_HISTORY_PROXY,PROXY,CURRENT_HISTORY_ONLY_NO_VINTAGE,false,true,true
1987-12-31,1987-12,128.30136455,128.30136455,日元/美元(月均),M,USDJPY_MONTHLY_1957,FRED(OECD),VALIDATED_MIRROR,,,2026-09-05,LATEST_HISTORY_PROXY,PROXY,CURRENT_HISTORY_ONLY_NO_VINTAGE,false,true,true
1988-01-31,1988-01,127.41249961,127.41249961,日元/美元(月均),M,USDJPY_MONTHLY_1957,FRED(OECD),VALIDATED_MIRROR,,,2026-09-05,LATEST_HISTORY_PROXY,PROXY,CURRENT_HISTORY_ONLY_NO_VINTAGE,false,true,true
1988-02-29,1988-02,129.311906009524,129.311906009524,日元/美元(月均),M,USDJPY_MONTHLY_1957,FRED(OECD),VALIDATED_MIRROR,,,2026-09-05,LATEST_HISTORY_PROXY,PROXY,CURRENT_HISTORY_ONLY_NO_VINTAGE,false,true,true
1988-03-31,1988-03,127.204348695652,127.204348695652,日元/美元(月均),M,USDJPY_MONTHLY_1957,FRED(OECD),VALIDATED_MIRROR,,,2026-09-05,LATEST_HISTORY_PROXY,PROXY,CURRENT_HISTORY_ONLY_NO_VINTAGE,false,true,true
1988-04-30,1988-04,124.85949974,124.85949974,日元/美元(月均),M,USDJPY_MONTHLY_1957,FRED(OECD),VALIDATED_MIRROR,,,2026-09-05,LATEST_HISTORY_PROXY,PROXY,CURRENT_HISTORY_ONLY_NO_VINTAGE,false,true,true
1988-05-31,1988-05,124.744445805556,124.744445805556,日元/美元(月均),M,USDJPY_MONTHLY_1957,FRED(OECD),VALIDATED_MIRROR,,,2026-09-05,LATEST_HISTORY_PROXY,PROXY,CURRENT_HISTORY_ONLY_NO_VINTAGE,false,true,true
1988-06-30,1988-06,127.179544627273,127.179544627273,日元/美元(月均),M,USDJPY_MONTHLY_1957,FRED(OECD),VALIDATED_MIRROR,,,2026-09-05,LATEST_HISTORY_PROXY,PROXY,CURRENT_HISTORY_ONLY_NO_VINTAGE,false,true,true
1988-07-31,1988-07,133.101428804762,133.101428804762,日元/美元(月均),M,USDJPY_MONTHLY_1957,FRED(OECD),VALIDATED_MIRROR,,,2026-09-05,LATEST_HISTORY_PROXY,PROXY,CURRENT_HISTORY_ONLY_NO_VINTAGE,false,true,true
1988-08-31,1988-08,133.706521734783,133.706521734783,日元/美元(月均),M,USDJPY_MONTHLY_1957,FRED(OECD),VALIDATED_MIRROR,,,2026-09-05,LATEST_HISTORY_PROXY,PROXY,CURRENT_HISTORY_ONLY_NO_VINTAGE,false,true,true
1988-09-30,1988-09,134.476189742857,134.476189742857,日元/美元(月均),M,USDJPY_MONTHLY_1957,FRED(OECD),VALIDATED_MIRROR,,,2026-09-05,LATEST_HISTORY_PROXY,PROXY,CURRENT_HISTORY_ONLY_NO_VINTAGE,false,true,true
1988-10-31,1988-10,128.83900032,128.83900032,日元/美元(月均),M,USDJPY_MONTHLY_1957,FRED(OECD),VALIDATED_MIRROR,,,2026-09-05,LATEST_HISTORY_PROXY,PROXY,CURRENT_HISTORY_ONLY_NO_VINTAGE,false,true,true
1988-11-30,1988-11,123.14750023,123.14750023,日元/美元(月均),M,USDJPY_MONTHLY_1957,FRED(OECD),VALIDATED_MIRROR,,,2026-09-05,LATEST_HISTORY_PROXY,PROXY,CURRENT_HISTORY_ONLY_NO_VINTAGE,false,true,true
1988-12-31,1988-12,123.631817209091,123.631817209091,日元/美元(月均),M,USDJPY_MONTHLY_1957,FRED(OECD),VALIDATED_MIRROR,,,2026-09-05,LATEST_HISTORY_PROXY,PROXY,CURRENT_HISTORY_ONLY_NO_VINTAGE,false,true,true
1989-01-31,1989-01,127.114999005,127.114999005,日元/美元(月均),M,USDJPY_MONTHLY_1957,FRED(OECD),VALIDATED_MIRROR,,,2026-09-05,LATEST_HISTORY_PROXY,PROXY,CURRENT_HISTORY_ONLY_NO_VINTAGE,false,true,true
1989-02-28,1989-02,127.934210126316,127.934210126316,日元/美元(月均),M,USDJPY_MONTHLY_1957,FRED(OECD),VALIDATED_MIRROR,,,2026-09-05,LATEST_HISTORY_PROXY,PROXY,CURRENT_HISTORY_ONLY_NO_VINTAGE,false,true,true
1989-03-31,1989-03,130.330951509524,130.330951509524,日元/美元(月均),M,USDJPY_MONTHLY_1957,FRED(OECD),VALIDATED_MIRROR,,,2026-09-05,LATEST_HISTORY_PROXY,PROXY,CURRENT_HISTORY_ONLY_NO_VINTAGE,false,true,true
1989-04-30,1989-04,131.974500275,131.974500275,日元/美元(月均),M,USDJPY_MONTHLY_1957,FRED(OECD),VALIDATED_MIRROR,,,2026-09-05,LATEST_HISTORY_PROXY,PROXY,CURRENT_HISTORY_ONLY_NO_VINTAGE,false,true,true
1989-05-31,1989-05,138.080455431818,138.080455431818,日元/美元(月均),M,USDJPY_MONTHLY_1957,FRED(OECD),VALIDATED_MIRROR,,,2026-09-05,LATEST_HISTORY_PROXY,PROXY,CURRENT_HISTORY_ONLY_NO_VINTAGE,false,true,true
1989-06-30,1989-06,143.911818081818,143.911818081818,日元/美元(月均),M,USDJPY_MONTHLY_1957,FRED(OECD),VALIDATED_MIRROR,,,2026-09-05,LATEST_HISTORY_PROXY,PROXY,CURRENT_HISTORY_ONLY_NO_VINTAGE,false,true,true
1989-07-31,1989-07,140.666189280952,140.666189280952,日元/美元(月均),M,USDJPY_MONTHLY_1957,FRED(OECD),VALIDATED_MIRROR,,,2026-09-05,LATEST_HISTORY_PROXY,PROXY,CURRENT_HISTORY_ONLY_NO_VINTAGE,false,true,true
1989-08-31,1989-08,141.190001117391,141.190001117391,日元/美元(月均),M,USDJPY_MONTHLY_1957,FRED(OECD),VALIDATED_MIRROR,,,2026-09-05,LATEST_HISTORY_PROXY,PROXY,CURRENT_HISTORY_ONLY_NO_VINTAGE,false,true,true
1989-09-30,1989-09,145.05849914,145.05849914,日元/美元(月均),M,USDJPY_MONTHLY_1957,FRED(OECD),VALIDATED_MIRROR,,,2026-09-05,LATEST_HISTORY_PROXY,PROXY,CURRENT_HISTORY_ONLY_NO_VINTAGE,false,true,true
1989-10-31,1989-10,142.13809567619,142.13809567619,日元/美元(月均),M,USDJPY_MONTHLY_1957,FRED(OECD),VALIDATED_MIRROR,,,2026-09-05,LATEST_HISTORY_PROXY,PROXY,CURRENT_HISTORY_ONLY_NO_VINTAGE,false,true,true
1989-11-30,1989-11,143.551904590476,143.551904590476,日元/美元(月均),M,USDJPY_MONTHLY_1957,FRED(OECD),VALIDATED_MIRROR,,,2026-09-05,LATEST_HISTORY_PROXY,PROXY,CURRENT_HISTORY_ONLY_NO_VINTAGE,false,true,true
1989-12-31,1989-12,143.738572619048,143.738572619048,日元/美元(月均),M,USDJPY_MONTHLY_1957,FRED(OECD),VALIDATED_MIRROR,,,2026-09-05,LATEST_HISTORY_PROXY,PROXY,CURRENT_HISTORY_ONLY_NO_VINTAGE,false,true,true
1990-01-31,1990-01,145.17699967,145.17699967,日元/美元(月均),M,USDJPY_MONTHLY_1957,FRED(OECD),VALIDATED_MIRROR,,,2026-09-05,LATEST_HISTORY_PROXY,PROXY,CURRENT_HISTORY_ONLY_NO_VINTAGE,false,true,true
1990-02-28,1990-02,145.462777877778,145.462777877778,日元/美元(月均),M,USDJPY_MONTHLY_1957,FRED(OECD),VALIDATED_MIRROR,,,2026-09-05,LATEST_HISTORY_PROXY,PROXY,CURRENT_HISTORY_ONLY_NO_VINTAGE,false,true,true
1990-03-31,1990-03,153.192379904762,153.192379904762,日元/美元(月均),M,USDJPY_MONTHLY_1957,FRED(OECD),VALIDATED_MIRROR,,,2026-09-05,LATEST_HISTORY_PROXY,PROXY,CURRENT_HISTORY_ONLY_NO_VINTAGE,false,true,true
1990-04-30,1990-04,158.60599975,158.60599975,日元/美元(月均),M,USDJPY_MONTHLY_1957,FRED(OECD),VALIDATED_MIRROR,,,2026-09-05,LATEST_HISTORY_PROXY,PROXY,CURRENT_HISTORY_ONLY_NO_VINTAGE,false,true,true
1990-05-31,1990-05,153.229499055,153.229499055,日元/美元(月均),M,USDJPY_MONTHLY_1957,FRED(OECD),VALIDATED_MIRROR,,,2026-09-05,LATEST_HISTORY_PROXY,PROXY,CURRENT_HISTORY_ONLY_NO_VINTAGE,false,true,true
1990-06-30,1990-06,153.760240109524,153.760240109524,日元/美元(月均),M,USDJPY_MONTHLY_1957,FRED(OECD),VALIDATED_MIRROR,,,2026-09-05,LATEST_HISTORY_PROXY,PROXY,CURRENT_HISTORY_ONLY_NO_VINTAGE,false,true,true
1990-07-31,1990-07,149.254091427273,149.254091427273,日元/美元(月均),M,USDJPY_MONTHLY_1957,FRED(OECD),VALIDATED_MIRROR,,,2026-09-05,LATEST_HISTORY_PROXY,PROXY,CURRENT_HISTORY_ONLY_NO_VINTAGE,false,true,true
1990-08-31,1990-08,147.52217433913,147.52217433913,日元/美元(月均),M,USDJPY_MONTHLY_1957,FRED(OECD),VALIDATED_MIRROR,,,2026-09-05,LATEST_HISTORY_PROXY,PROXY,CURRENT_HISTORY_ONLY_NO_VINTAGE,false,true,true
1990-09-30,1990-09,138.917894068421,138.917894068421,日元/美元(月均),M,USDJPY_MONTHLY_1957,FRED(OECD),VALIDATED_MIRROR,,,2026-09-05,LATEST_HISTORY_PROXY,PROXY,CURRENT_HISTORY_ONLY_NO_VINTAGE,false,true,true
1990-10-31,1990-10,129.763043947826,129.763043947826,日元/美元(月均),M,USDJPY_MONTHLY_1957,FRED(OECD),VALIDATED_MIRROR,,,2026-09-05,LATEST_HISTORY_PROXY,PROXY,CURRENT_HISTORY_ONLY_NO_VINTAGE,false,true,true
1990-11-30,1990-11,128.933808095238,128.933808095238,日元/美元(月均),M,USDJPY_MONTHLY_1957,FRED(OECD),VALIDATED_MIRROR,,,2026-09-05,LATEST_HISTORY_PROXY,PROXY,CURRENT_HISTORY_ONLY_NO_VINTAGE,false,true,true
1990-12-31,1990-12,133.727368815789,133.727368815789,日元/美元(月均),M,USDJPY_MONTHLY_1957,FRED(OECD),VALIDATED_MIRROR,,,2026-09-05,LATEST_HISTORY_PROXY,PROXY,CURRENT_HISTORY_ONLY_NO_VINTAGE,false,true,true
1991-01-31,1991-01,133.592632089474,133.592632089474,日元/美元(月均),M,USDJPY_MONTHLY_1957,FRED(OECD),VALIDATED_MIRROR,,,2026-09-05,LATEST_HISTORY_PROXY,PROXY,CURRENT_HISTORY_ONLY_NO_VINTAGE,false,true,true
1991-02-28,1991-02,130.533684984211,130.533684984211,日元/美元(月均),M,USDJPY_MONTHLY_1957,FRED(OECD),VALIDATED_MIRROR,,,2026-09-05,LATEST_HISTORY_PROXY,PROXY,CURRENT_HISTORY_ONLY_NO_VINTAGE,false,true,true
1991-03-31,1991-03,136.946315573684,136.946315573684,日元/美元(月均),M,USDJPY_MONTHLY_1957,FRED(OECD),VALIDATED_MIRROR,,,2026-09-05,LATEST_HISTORY_PROXY,PROXY,CURRENT_HISTORY_ONLY_NO_VINTAGE,false,true,true
1991-04-30,1991-04,136.980999745,136.980999745,日元/美元(月均),M,USDJPY_MONTHLY_1957,FRED(OECD),VALIDATED_MIRROR,,,2026-09-05,LATEST_HISTORY_PROXY,PROXY,CURRENT_HISTORY_ONLY_NO_VINTAGE,false,true,true
1991-05-31,1991-05,138.038635254545,138.038635254545,日元/美元(月均),M,USDJPY_MONTHLY_1957,FRED(OECD),VALIDATED_MIRROR,,,2026-09-05,LATEST_HISTORY_PROXY,PROXY,CURRENT_HISTORY_ONLY_NO_VINTAGE,false,true,true
1991-06-30,1991-06,139.798500075,139.798500075,日元/美元(月均),M,USDJPY_MONTHLY_1957,FRED(OECD),VALIDATED_MIRROR,,,2026-09-05,LATEST_HISTORY_PROXY,PROXY,CURRENT_HISTORY_ONLY_NO_VINTAGE,false,true,true
1991-07-31,1991-07,138.000869747826,138.000869747826,日元/美元(月均),M,USDJPY_MONTHLY_1957,FRED(OECD),VALIDATED_MIRROR,,,2026-09-05,LATEST_HISTORY_PROXY,PROXY,CURRENT_HISTORY_ONLY_NO_VINTAGE,false,true,true
1991-08-31,1991-08,136.853179936364,136.853179936364,日元/美元(月均),M,USDJPY_MONTHLY_1957,FRED(OECD),VALIDATED_MIRROR,,,2026-09-05,LATEST_HISTORY_PROXY,PROXY,CURRENT_HISTORY_ONLY_NO_VINTAGE,false,true,true
1991-09-30,1991-09,134.586316547368,134.586316547368,日元/美元(月均),M,USDJPY_MONTHLY_1957,FRED(OECD),VALIDATED_MIRROR,,,2026-09-05,LATEST_HISTORY_PROXY,PROXY,CURRENT_HISTORY_ONLY_NO_VINTAGE,false,true,true
1991-10-31,1991-10,130.904090881818,130.904090881818,日元/美元(月均),M,USDJPY_MONTHLY_1957,FRED(OECD),VALIDATED_MIRROR,,,2026-09-05,LATEST_HISTORY_PROXY,PROXY,CURRENT_HISTORY_ONLY_NO_VINTAGE,false,true,true
1991-11-30,1991-11,129.64049912,129.64049912,日元/美元(月均),M,USDJPY_MONTHLY_1957,FRED(OECD),VALIDATED_MIRROR,,,2026-09-05,LATEST_HISTORY_PROXY,PROXY,CURRENT_HISTORY_ONLY_NO_VINTAGE,false,true,true
1991-12-31,1991-12,128.079524085714,128.079524085714,日元/美元(月均),M,USDJPY_MONTHLY_1957,FRED(OECD),VALIDATED_MIRROR,,,2026-09-05,LATEST_HISTORY_PROXY,PROXY,CURRENT_HISTORY_ONLY_NO_VINTAGE,false,true,true
1992-01-31,1992-01,125.050951642857,125.050951642857,日元/美元(月均),M,USDJPY_MONTHLY_1957,FRED(OECD),VALIDATED_MIRROR,,,2026-09-05,LATEST_HISTORY_PROXY,PROXY,CURRENT_HISTORY_ONLY_NO_VINTAGE,false,true,true
1992-02-29,1992-02,127.532105278947,127.532105278947,日元/美元(月均),M,USDJPY_MONTHLY_1957,FRED(OECD),VALIDATED_MIRROR,,,2026-09-05,LATEST_HISTORY_PROXY,PROXY,CURRENT_HISTORY_ONLY_NO_VINTAGE,false,true,true
1992-03-31,1992-03,132.750476657143,132.750476657143,日元/美元(月均),M,USDJPY_MONTHLY_1957,FRED(OECD),VALIDATED_MIRROR,,,2026-09-05,LATEST_HISTORY_PROXY,PROXY,CURRENT_HISTORY_ONLY_NO_VINTAGE,false,true,true
1992-04-30,1992-04,133.589047380952,133.589047380952,日元/美元(月均),M,USDJPY_MONTHLY_1957,FRED(OECD),VALIDATED_MIRROR,,,2026-09-05,LATEST_HISTORY_PROXY,PROXY,CURRENT_HISTORY_ONLY_NO_VINTAGE,false,true,true
1992-05-31,1992-05,130.670499425,130.670499425,日元/美元(月均),M,USDJPY_MONTHLY_1957,FRED(OECD),VALIDATED_MIRROR,,,2026-09-05,LATEST_HISTORY_PROXY,PROXY,CURRENT_HISTORY_ONLY_NO_VINTAGE,false,true,true
1992-06-30,1992-06,126.904999831818,126.904999831818,日元/美元(月均),M,USDJPY_MONTHLY_1957,FRED(OECD),VALIDATED_MIRROR,,,2026-09-05,LATEST_HISTORY_PROXY,PROXY,CURRENT_HISTORY_ONLY_NO_VINTAGE,false,true,true
1992-07-31,1992-07,125.664347773913,125.664347773913,日元/美元(月均),M,USDJPY_MONTHLY_1957,FRED(OECD),VALIDATED_MIRROR,,,2026-09-05,LATEST_HISTORY_PROXY,PROXY,CURRENT_HISTORY_ONLY_NO_VINTAGE,false,true,true
1992-08-31,1992-08,126.341428480952,126.341428480952,日元/美元(月均),M,USDJPY_MONTHLY_1957,FRED(OECD),VALIDATED_MIRROR,,,2026-09-05,LATEST_HISTORY_PROXY,PROXY,CURRENT_HISTORY_ONLY_NO_VINTAGE,false,true,true
1992-09-30,1992-09,122.670952214286,122.670952214286,日元/美元(月均),M,USDJPY_MONTHLY_1957,FRED(OECD),VALIDATED_MIRROR,,,2026-09-05,LATEST_HISTORY_PROXY,PROXY,CURRENT_HISTORY_ONLY_NO_VINTAGE,false,true,true
1992-10-31,1992-10,121.136363645455,121.136363645455,日元/美元(月均),M,USDJPY_MONTHLY_1957,FRED(OECD),VALIDATED_MIRROR,,,2026-09-05,LATEST_HISTORY_PROXY,PROXY,CURRENT_HISTORY_ONLY_NO_VINTAGE,false,true,true
1992-11-30,1992-11,123.81899948,123.81899948,日元/美元(月均),M,USDJPY_MONTHLY_1957,FRED(OECD),VALIDATED_MIRROR,,,2026-09-05,LATEST_HISTORY_PROXY,PROXY,CURRENT_HISTORY_ONLY_NO_VINTAGE,false,true,true
1992-12-31,1992-12,123.945238390476,123.945238390476,日元/美元(月均),M,USDJPY_MONTHLY_1957,FRED(OECD),VALIDATED_MIRROR,,,2026-09-05,LATEST_HISTORY_PROXY,PROXY,CURRENT_HISTORY_ONLY_NO_VINTAGE,false,true,true
1993-01-31,1993-01,125.017368915789,125.017368915789,日元/美元(月均),M,USDJPY_MONTHLY_1957,FRED(OECD),VALIDATED_MIRROR,,,2026-09-05,LATEST_HISTORY_PROXY,PROXY,CURRENT_HISTORY_ONLY_NO_VINTAGE,false,true,true
1993-02-28,1993-02,120.969473589474,120.969473589474,日元/美元(月均),M,USDJPY_MONTHLY_1957,FRED(OECD),VALIDATED_MIRROR,,,2026-09-05,LATEST_HISTORY_PROXY,PROXY,CURRENT_HISTORY_ONLY_NO_VINTAGE,false,true,true
1993-03-31,1993-03,117.018695330435,117.018695330435,日元/美元(月均),M,USDJPY_MONTHLY_1957,FRED(OECD),VALIDATED_MIRROR,,,2026-09-05,LATEST_HISTORY_PROXY,PROXY,CURRENT_HISTORY_ONLY_NO_VINTAGE,false,true,true
1993-04-30,1993-04,112.374285371429,112.374285371429,日元/美元(月均),M,USDJPY_MONTHLY_1957,FRED(OECD),VALIDATED_MIRROR,,,2026-09-05,LATEST_HISTORY_PROXY,PROXY,CURRENT_HISTORY_ONLY_NO_VINTAGE,false,true,true
1993-05-31,1993-05,110.205788857895,110.205788857895,日元/美元(月均),M,USDJPY_MONTHLY_1957,FRED(OECD),VALIDATED_MIRROR,,,2026-09-05,LATEST_HISTORY_PROXY,PROXY,CURRENT_HISTORY_ONLY_NO_VINTAGE,false,true,true
1993-06-30,1993-06,107.2933335,107.2933335,日元/美元(月均),M,USDJPY_MONTHLY_1957,FRED(OECD),VALIDATED_MIRROR,,,2026-09-05,LATEST_HISTORY_PROXY,PROXY,CURRENT_HISTORY_ONLY_NO_VINTAGE,false,true,true
1993-07-31,1993-07,107.774091209091,107.774091209091,日元/美元(月均),M,USDJPY_MONTHLY_1957,FRED(OECD),VALIDATED_MIRROR,,,2026-09-05,LATEST_HISTORY_PROXY,PROXY,CURRENT_HISTORY_ONLY_NO_VINTAGE,false,true,true
1993-08-31,1993-08,103.720454813636,103.720454813636,日元/美元(月均),M,USDJPY_MONTHLY_1957,FRED(OECD),VALIDATED_MIRROR,,,2026-09-05,LATEST_HISTORY_PROXY,PROXY,CURRENT_HISTORY_ONLY_NO_VINTAGE,false,true,true
1993-09-30,1993-09,105.24949991,105.24949991,日元/美元(月均),M,USDJPY_MONTHLY_1957,FRED(OECD),VALIDATED_MIRROR,,,2026-09-05,LATEST_HISTORY_PROXY,PROXY,CURRENT_HISTORY_ONLY_NO_VINTAGE,false,true,true
1993-10-31,1993-10,106.943999495,106.943999495,日元/美元(月均),M,USDJPY_MONTHLY_1957,FRED(OECD),VALIDATED_MIRROR,,,2026-09-05,LATEST_HISTORY_PROXY,PROXY,CURRENT_HISTORY_ONLY_NO_VINTAGE,false,true,true
1993-11-30,1993-11,107.84550019,107.84550019,日元/美元(月均),M,USDJPY_MONTHLY_1957,FRED(OECD),VALIDATED_MIRROR,,,2026-09-05,LATEST_HISTORY_PROXY,PROXY,CURRENT_HISTORY_ONLY_NO_VINTAGE,false,true,true
1993-12-31,1993-12,109.69399986,109.69399986,日元/美元(月均),M,USDJPY_MONTHLY_1957,FRED(OECD),VALIDATED_MIRROR,,,2026-09-05,LATEST_HISTORY_PROXY,PROXY,CURRENT_HISTORY_ONLY_NO_VINTAGE,false,true,true
1994-01-31,1994-01,111.538572414286,111.538572414286,日元/美元(月均),M,USDJPY_MONTHLY_1957,FRED(OECD),VALIDATED_MIRROR,,,2026-09-05,LATEST_HISTORY_PROXY,PROXY,CURRENT_HISTORY_ONLY_NO_VINTAGE,false,true,true
1994-02-28,1994-02,106.158421552632,106.158421552632,日元/美元(月均),M,USDJPY_MONTHLY_1957,FRED(OECD),VALIDATED_MIRROR,,,2026-09-05,LATEST_HISTORY_PROXY,PROXY,CURRENT_HISTORY_ONLY_NO_VINTAGE,false,true,true
1994-03-31,1994-03,105.121363922727,105.121363922727,日元/美元(月均),M,USDJPY_MONTHLY_1957,FRED(OECD),VALIDATED_MIRROR,,,2026-09-05,LATEST_HISTORY_PROXY,PROXY,CURRENT_HISTORY_ONLY_NO_VINTAGE,false,true,true
1994-04-30,1994-04,103.48399924,103.48399924,日元/美元(月均),M,USDJPY_MONTHLY_1957,FRED(OECD),VALIDATED_MIRROR,,,2026-09-05,LATEST_HISTORY_PROXY,PROXY,CURRENT_HISTORY_ONLY_NO_VINTAGE,false,true,true
1994-05-31,1994-05,103.995263747368,103.995263747368,日元/美元(月均),M,USDJPY_MONTHLY_1957,FRED(OECD),VALIDATED_MIRROR,,,2026-09-05,LATEST_HISTORY_PROXY,PROXY,CURRENT_HISTORY_ONLY_NO_VINTAGE,false,true,true
1994-06-30,1994-06,102.689999672727,102.689999672727,日元/美元(月均),M,USDJPY_MONTHLY_1957,FRED(OECD),VALIDATED_MIRROR,,,2026-09-05,LATEST_HISTORY_PROXY,PROXY,CURRENT_HISTORY_ONLY_NO_VINTAGE,false,true,true
1994-07-31,1994-07,98.5428575790476,98.5428575790476,日元/美元(月均),M,USDJPY_MONTHLY_1957,FRED(OECD),VALIDATED_MIRROR,,,2026-09-05,LATEST_HISTORY_PROXY,PROXY,CURRENT_HISTORY_ONLY_NO_VINTAGE,false,true,true
1994-08-31,1994-08,99.8582611034783,99.8582611034783,日元/美元(月均),M,USDJPY_MONTHLY_1957,FRED(OECD),VALIDATED_MIRROR,,,2026-09-05,LATEST_HISTORY_PROXY,PROXY,CURRENT_HISTORY_ONLY_NO_VINTAGE,false,true,true
1994-09-30,1994-09,98.7930004095,98.7930004095,日元/美元(月均),M,USDJPY_MONTHLY_1957,FRED(OECD),VALIDATED_MIRROR,,,2026-09-05,LATEST_HISTORY_PROXY,PROXY,CURRENT_HISTORY_ONLY_NO_VINTAGE,false,true,true
1994-10-31,1994-10,98.401000593,98.401000593,日元/美元(月均),M,USDJPY_MONTHLY_1957,FRED(OECD),VALIDATED_MIRROR,,,2026-09-05,LATEST_HISTORY_PROXY,PROXY,CURRENT_HISTORY_ONLY_NO_VINTAGE,false,true,true
1994-11-30,1994-11,97.999000168,97.999000168,日元/美元(月均),M,USDJPY_MONTHLY_1957,FRED(OECD),VALIDATED_MIRROR,,,2026-09-05,LATEST_HISTORY_PROXY,PROXY,CURRENT_HISTORY_ONLY_NO_VINTAGE,false,true,true
1994-12-31,1994-12,100.1610004475,100.1610004475,日元/美元(月均),M,USDJPY_MONTHLY_1957,FRED(OECD),VALIDATED_MIRROR,,,2026-09-05,LATEST_HISTORY_PROXY,PROXY,CURRENT_HISTORY_ONLY_NO_VINTAGE,false,true,true
1995-01-31,1995-01,99.7868427531579,99.7868427531579,日元/美元(月均),M,USDJPY_MONTHLY_1957,FRED(OECD),VALIDATED_MIRROR,,,2026-09-05,LATEST_HISTORY_PROXY,PROXY,CURRENT_HISTORY_ONLY_NO_VINTAGE,false,true,true
1995-02-28,1995-02,98.2284999845,98.2284999845,日元/美元(月均),M,USDJPY_MONTHLY_1957,FRED(OECD),VALIDATED_MIRROR,,,2026-09-05,LATEST_HISTORY_PROXY,PROXY,CURRENT_HISTORY_ONLY_NO_VINTAGE,false,true,true
1995-03-31,1995-03,90.8559088272727,90.8559088272727,日元/美元(月均),M,USDJPY_MONTHLY_1957,FRED(OECD),VALIDATED_MIRROR,,,2026-09-05,LATEST_HISTORY_PROXY,PROXY,CURRENT_HISTORY_ONLY_NO_VINTAGE,false,true,true
1995-04-30,1995-04,83.576750183,83.576750183,日元/美元(月均),M,USDJPY_MONTHLY_1957,FRED(OECD),VALIDATED_MIRROR,,,2026-09-05,LATEST_HISTORY_PROXY,PROXY,CURRENT_HISTORY_ONLY_NO_VINTAGE,false,true,true
1995-05-31,1995-05,85.2694730257895,85.2694730257895,日元/美元(月均),M,USDJPY_MONTHLY_1957,FRED(OECD),VALIDATED_MIRROR,,,2026-09-05,LATEST_HISTORY_PROXY,PROXY,CURRENT_HISTORY_ONLY_NO_VINTAGE,false,true,true
1995-06-30,1995-06,84.5050003745455,84.5050003745455,日元/美元(月均),M,USDJPY_MONTHLY_1957,FRED(OECD),VALIDATED_MIRROR,,,2026-09-05,LATEST_HISTORY_PROXY,PROXY,CURRENT_HISTORY_ONLY_NO_VINTAGE,false,true,true
1995-07-31,1995-07,87.2526194257143,87.2526194257143,日元/美元(月均),M,USDJPY_MONTHLY_1957,FRED(OECD),VALIDATED_MIRROR,,,2026-09-05,LATEST_HISTORY_PROXY,PROXY,CURRENT_HISTORY_ONLY_NO_VINTAGE,false,true,true
1995-08-31,1995-08,94.4871736608696,94.4871736608696,日元/美元(月均),M,USDJPY_MONTHLY_1957,FRED(OECD),VALIDATED_MIRROR,,,2026-09-05,LATEST_HISTORY_PROXY,PROXY,CURRENT_HISTORY_ONLY_NO_VINTAGE,false,true,true
1995-09-30,1995-09,100.47119031619,100.47119031619,日元/美元(月均),M,USDJPY_MONTHLY_1957,FRED(OECD),VALIDATED_MIRROR,,,2026-09-05,LATEST_HISTORY_PROXY,PROXY,CURRENT_HISTORY_ONLY_NO_VINTAGE,false,true,true
1995-10-31,1995-10,100.701667427143,100.701667427143,日元/美元(月均),M,USDJPY_MONTHLY_1957,FRED(OECD),VALIDATED_MIRROR,,,2026-09-05,LATEST_HISTORY_PROXY,PROXY,CURRENT_HISTORY_ONLY_NO_VINTAGE,false,true,true
1995-11-30,1995-11,101.87075004,101.87075004,日元/美元(月均),M,USDJPY_MONTHLY_1957,FRED(OECD),VALIDATED_MIRROR,,,2026-09-05,LATEST_HISTORY_PROXY,PROXY,CURRENT_HISTORY_ONLY_NO_VINTAGE,false,true,true
1995-12-31,1995-12,101.778749465,101.778749465,日元/美元(月均),M,USDJPY_MONTHLY_1957,FRED(OECD),VALIDATED_MIRROR,,,2026-09-05,LATEST_HISTORY_PROXY,PROXY,CURRENT_HISTORY_ONLY_NO_VINTAGE,false,true,true
1996-01-31,1996-01,105.818685042105,105.818685042105,日元/美元(月均),M,USDJPY_MONTHLY_1957,FRED(OECD),VALIDATED_MIRROR,,,2026-09-05,LATEST_HISTORY_PROXY,PROXY,CURRENT_HISTORY_ONLY_NO_VINTAGE,false,true,true
1996-02-29,1996-02,105.68025017,105.68025017,日元/美元(月均),M,USDJPY_MONTHLY_1957,FRED(OECD),VALIDATED_MIRROR,,,2026-09-05,LATEST_HISTORY_PROXY,PROXY,CURRENT_HISTORY_ONLY_NO_VINTAGE,false,true,true
1996-03-31,1996-03,105.86900063,105.86900063,日元/美元(月均),M,USDJPY_MONTHLY_1957,FRED(OECD),VALIDATED_MIRROR,,,2026-09-05,LATEST_HISTORY_PROXY,PROXY,CURRENT_HISTORY_ONLY_NO_VINTAGE,false,true,true
1996-04-30,1996-04,107.509249495,107.509249495,日元/美元(月均),M,USDJPY_MONTHLY_1957,FRED(OECD),VALIDATED_MIRROR,,,2026-09-05,LATEST_HISTORY_PROXY,PROXY,CURRENT_HISTORY_ONLY_NO_VINTAGE,false,true,true
1996-05-31,1996-05,106.570789526316,106.570789526316,日元/美元(月均),M,USDJPY_MONTHLY_1957,FRED(OECD),VALIDATED_MIRROR,,,2026-09-05,LATEST_HISTORY_PROXY,PROXY,CURRENT_HISTORY_ONLY_NO_VINTAGE,false,true,true
1996-06-30,1996-06,108.880000305,108.880000305,日元/美元(月均),M,USDJPY_MONTHLY_1957,FRED(OECD),VALIDATED_MIRROR,,,2026-09-05,LATEST_HISTORY_PROXY,PROXY,CURRENT_HISTORY_ONLY_NO_VINTAGE,false,true,true
1996-07-31,1996-07,109.359999621739,109.359999621739,日元/美元(月均),M,USDJPY_MONTHLY_1957,FRED(OECD),VALIDATED_MIRROR,,,2026-09-05,LATEST_HISTORY_PROXY,PROXY,CURRENT_HISTORY_ONLY_NO_VINTAGE,false,true,true
1996-08-31,1996-08,107.812272727273,107.812272727273,日元/美元(月均),M,USDJPY_MONTHLY_1957,FRED(OECD),VALIDATED_MIRROR,,,2026-09-05,LATEST_HISTORY_PROXY,PROXY,CURRENT_HISTORY_ONLY_NO_VINTAGE,false,true,true
1996-09-30,1996-09,109.748157894737,109.748157894737,日元/美元(月均),M,USDJPY_MONTHLY_1957,FRED(OECD),VALIDATED_MIRROR,,,2026-09-05,LATEST_HISTORY_PROXY,PROXY,CURRENT_HISTORY_ONLY_NO_VINTAGE,false,true,true
1996-10-31,1996-10,112.407272727273,112.407272727273,日元/美元(月均),M,USDJPY_MONTHLY_1957,FRED(OECD),VALIDATED_MIRROR,,,2026-09-05,LATEST_HISTORY_PROXY,PROXY,CURRENT_HISTORY_ONLY_NO_VINTAGE,false,true,true
1996-11-30,1996-11,112.384047619048,112.384047619048,日元/美元(月均),M,USDJPY_MONTHLY_1957,FRED(OECD),VALIDATED_MIRROR,,,2026-09-05,LATEST_HISTORY_PROXY,PROXY,CURRENT_HISTORY_ONLY_NO_VINTAGE,false,true,true
1996-12-31,1996-12,113.764722222222,113.764722222222,日元/美元(月均),M,USDJPY_MONTHLY_1957,FRED(OECD),VALIDATED_MIRROR,,,2026-09-05,LATEST_HISTORY_PROXY,PROXY,CURRENT_HISTORY_ONLY_NO_VINTAGE,false,true,true
1997-01-31,1997-01,117.98875,117.98875,日元/美元(月均),M,USDJPY_MONTHLY_1957,FRED(OECD),VALIDATED_MIRROR,,,2026-09-05,LATEST_HISTORY_PROXY,PROXY,CURRENT_HISTORY_ONLY_NO_VINTAGE,false,true,true
1997-02-28,1997-02,123.064210526316,123.064210526316,日元/美元(月均),M,USDJPY_MONTHLY_1957,FRED(OECD),VALIDATED_MIRROR,,,2026-09-05,LATEST_HISTORY_PROXY,PROXY,CURRENT_HISTORY_ONLY_NO_VINTAGE,false,true,true
1997-03-31,1997-03,122.69075,122.69075,日元/美元(月均),M,USDJPY_MONTHLY_1957,FRED(OECD),VALIDATED_MIRROR,,,2026-09-05,LATEST_HISTORY_PROXY,PROXY,CURRENT_HISTORY_ONLY_NO_VINTAGE,false,true,true
1997-04-30,1997-04,125.56380952381,125.56380952381,日元/美元(月均),M,USDJPY_MONTHLY_1957,FRED(OECD),VALIDATED_MIRROR,,,2026-09-05,LATEST_HISTORY_PROXY,PROXY,CURRENT_HISTORY_ONLY_NO_VINTAGE,false,true,true
1997-05-31,1997-05,118.6615,118.6615,日元/美元(月均),M,USDJPY_MONTHLY_1957,FRED(OECD),VALIDATED_MIRROR,,,2026-09-05,LATEST_HISTORY_PROXY,PROXY,CURRENT_HISTORY_ONLY_NO_VINTAGE,false,true,true
1997-06-30,1997-06,114.439523809524,114.439523809524,日元/美元(月均),M,USDJPY_MONTHLY_1957,FRED(OECD),VALIDATED_MIRROR,,,2026-09-05,LATEST_HISTORY_PROXY,PROXY,CURRENT_HISTORY_ONLY_NO_VINTAGE,false,true,true
1997-07-31,1997-07,115.207380952381,115.207380952381,日元/美元(月均),M,USDJPY_MONTHLY_1957,FRED(OECD),VALIDATED_MIRROR,,,2026-09-05,LATEST_HISTORY_PROXY,PROXY,CURRENT_HISTORY_ONLY_NO_VINTAGE,false,true,true
1997-08-31,1997-08,117.953571428571,117.953571428571,日元/美元(月均),M,USDJPY_MONTHLY_1957,FRED(OECD),VALIDATED_MIRROR,,,2026-09-05,LATEST_HISTORY_PROXY,PROXY,CURRENT_HISTORY_ONLY_NO_VINTAGE,false,true,true
1997-09-30,1997-09,120.71125,120.71125,日元/美元(月均),M,USDJPY_MONTHLY_1957,FRED(OECD),VALIDATED_MIRROR,,,2026-09-05,LATEST_HISTORY_PROXY,PROXY,CURRENT_HISTORY_ONLY_NO_VINTAGE,false,true,true
1997-10-31,1997-10,121.150454545455,121.150454545455,日元/美元(月均),M,USDJPY_MONTHLY_1957,FRED(OECD),VALIDATED_MIRROR,,,2026-09-05,LATEST_HISTORY_PROXY,PROXY,CURRENT_HISTORY_ONLY_NO_VINTAGE,false,true,true
1997-11-30,1997-11,125.105263157895,125.105263157895,日元/美元(月均),M,USDJPY_MONTHLY_1957,FRED(OECD),VALIDATED_MIRROR,,,2026-09-05,LATEST_HISTORY_PROXY,PROXY,CURRENT_HISTORY_ONLY_NO_VINTAGE,false,true,true
1997-12-31,1997-12,129.422368421053,129.422368421053,日元/美元(月均),M,USDJPY_MONTHLY_1957,FRED(OECD),VALIDATED_MIRROR,,,2026-09-05,LATEST_HISTORY_PROXY,PROXY,CURRENT_HISTORY_ONLY_NO_VINTAGE,false,true,true
1998-01-31,1998-01,129.404210526316,129.404210526316,日元/美元(月均),M,USDJPY_MONTHLY_1957,FRED(OECD),VALIDATED_MIRROR,,,2026-09-05,LATEST_HISTORY_PROXY,PROXY,CURRENT_HISTORY_ONLY_NO_VINTAGE,false,true,true
1998-02-28,1998-02,125.960526315789,125.960526315789,日元/美元(月均),M,USDJPY_MONTHLY_1957,FRED(OECD),VALIDATED_MIRROR,,,2026-09-05,LATEST_HISTORY_PROXY,PROXY,CURRENT_HISTORY_ONLY_NO_VINTAGE,false,true,true
1998-03-31,1998-03,128.751136363636,128.751136363636,日元/美元(月均),M,USDJPY_MONTHLY_1957,FRED(OECD),VALIDATED_MIRROR,,,2026-09-05,LATEST_HISTORY_PROXY,PROXY,CURRENT_HISTORY_ONLY_NO_VINTAGE,false,true,true
1998-04-30,1998-04,131.88,131.88,日元/美元(月均),M,USDJPY_MONTHLY_1957,FRED(OECD),VALIDATED_MIRROR,,,2026-09-05,LATEST_HISTORY_PROXY,PROXY,CURRENT_HISTORY_ONLY_NO_VINTAGE,false,true,true
1998-05-31,1998-05,134.910263157895,134.910263157895,日元/美元(月均),M,USDJPY_MONTHLY_1957,FRED(OECD),VALIDATED_MIRROR,,,2026-09-05,LATEST_HISTORY_PROXY,PROXY,CURRENT_HISTORY_ONLY_NO_VINTAGE,false,true,true
1998-06-30,1998-06,140.468409090909,140.468409090909,日元/美元(月均),M,USDJPY_MONTHLY_1957,FRED(OECD),VALIDATED_MIRROR,,,2026-09-05,LATEST_HISTORY_PROXY,PROXY,CURRENT_HISTORY_ONLY_NO_VINTAGE,false,true,true
1998-07-31,1998-07,140.597272727273,140.597272727273,日元/美元(月均),M,USDJPY_MONTHLY_1957,FRED(OECD),VALIDATED_MIRROR,,,2026-09-05,LATEST_HISTORY_PROXY,PROXY,CURRENT_HISTORY_ONLY_NO_VINTAGE,false,true,true
1998-08-31,1998-08,144.789523809524,144.789523809524,日元/美元(月均),M,USDJPY_MONTHLY_1957,FRED(OECD),VALIDATED_MIRROR,,,2026-09-05,LATEST_HISTORY_PROXY,PROXY,CURRENT_HISTORY_ONLY_NO_VINTAGE,false,true,true
1998-09-30,1998-09,134.47475,134.47475,日元/美元(月均),M,USDJPY_MONTHLY_1957,FRED(OECD),VALIDATED_MIRROR,,,2026-09-05,LATEST_HISTORY_PROXY,PROXY,CURRENT_HISTORY_ONLY_NO_VINTAGE,false,true,true
1998-10-31,1998-10,121.355681818182,121.355681818182,日元/美元(月均),M,USDJPY_MONTHLY_1957,FRED(OECD),VALIDATED_MIRROR,,,2026-09-05,LATEST_HISTORY_PROXY,PROXY,CURRENT_HISTORY_ONLY_NO_VINTAGE,false,true,true
1998-11-30,1998-11,120.542368421053,120.542368421053,日元/美元(月均),M,USDJPY_MONTHLY_1957,FRED(OECD),VALIDATED_MIRROR,,,2026-09-05,LATEST_HISTORY_PROXY,PROXY,CURRENT_HISTORY_ONLY_NO_VINTAGE,false,true,true
1998-12-31,1998-12,117.59975,117.59975,日元/美元(月均),M,USDJPY_MONTHLY_1957,FRED(OECD),VALIDATED_MIRROR,,,2026-09-05,LATEST_HISTORY_PROXY,PROXY,CURRENT_HISTORY_ONLY_NO_VINTAGE,false,true,true
1999-01-31,1999-01,113.158684210526,113.158684210526,日元/美元(月均),M,USDJPY_MONTHLY_1957,FRED(OECD),VALIDATED_MIRROR,,,2026-09-05,LATEST_HISTORY_PROXY,PROXY,CURRENT_HISTORY_ONLY_NO_VINTAGE,false,true,true
1999-02-28,1999-02,116.676578947368,116.676578947368,日元/美元(月均),M,USDJPY_MONTHLY_1957,FRED(OECD),VALIDATED_MIRROR,,,2026-09-05,LATEST_HISTORY_PROXY,PROXY,CURRENT_HISTORY_ONLY_NO_VINTAGE,false,true,true
1999-03-31,1999-03,119.735,119.735,日元/美元(月均),M,USDJPY_MONTHLY_1957,FRED(OECD),VALIDATED_MIRROR,,,2026-09-05,LATEST_HISTORY_PROXY,PROXY,CURRENT_HISTORY_ONLY_NO_VINTAGE,false,true,true
1999-04-30,1999-04,119.740526315789,119.740526315789,日元/美元(月均),M,USDJPY_MONTHLY_1957,FRED(OECD),VALIDATED_MIRROR,,,2026-09-05,LATEST_HISTORY_PROXY,PROXY,CURRENT_HISTORY_ONLY_NO_VINTAGE,false,true,true
1999-05-31,1999-05,122.125555555556,122.125555555556,日元/美元(月均),M,USDJPY_MONTHLY_1957,FRED(OECD),VALIDATED_MIRROR,,,2026-09-05,LATEST_HISTORY_PROXY,PROXY,CURRENT_HISTORY_ONLY_NO_VINTAGE,false,true,true
1999-06-30,1999-06,120.841136363636,120.841136363636,日元/美元(月均),M,USDJPY_MONTHLY_1957,FRED(OECD),VALIDATED_MIRROR,,,2026-09-05,LATEST_HISTORY_PROXY,PROXY,CURRENT_HISTORY_ONLY_NO_VINTAGE,false,true,true
1999-07-31,1999-07,119.888409090909,119.888409090909,日元/美元(月均),M,USDJPY_MONTHLY_1957,FRED(OECD),VALIDATED_MIRROR,,,2026-09-05,LATEST_HISTORY_PROXY,PROXY,CURRENT_HISTORY_ONLY_NO_VINTAGE,false,true,true
1999-08-31,1999-08,113.420681818182,113.420681818182,日元/美元(月均),M,USDJPY_MONTHLY_1957,FRED(OECD),VALIDATED_MIRROR,,,2026-09-05,LATEST_HISTORY_PROXY,PROXY,CURRENT_HISTORY_ONLY_NO_VINTAGE,false,true,true
1999-09-30,1999-09,107.4875,107.4875,日元/美元(月均),M,USDJPY_MONTHLY_1957,FRED(OECD),VALIDATED_MIRROR,,,2026-09-05,LATEST_HISTORY_PROXY,PROXY,CURRENT_HISTORY_ONLY_NO_VINTAGE,false,true,true
1999-10-31,1999-10,106.0145,106.0145,日元/美元(月均),M,USDJPY_MONTHLY_1957,FRED(OECD),VALIDATED_MIRROR,,,2026-09-05,LATEST_HISTORY_PROXY,PROXY,CURRENT_HISTORY_ONLY_NO_VINTAGE,false,true,true
1999-11-30,1999-11,104.925789473684,104.925789473684,日元/美元(月均),M,USDJPY_MONTHLY_1957,FRED(OECD),VALIDATED_MIRROR,,,2026-09-05,LATEST_HISTORY_PROXY,PROXY,CURRENT_HISTORY_ONLY_NO_VINTAGE,false,true,true
1999-12-31,1999-12,102.641739130435,102.641739130435,日元/美元(月均),M,USDJPY_MONTHLY_1957,FRED(OECD),VALIDATED_MIRROR,,,2026-09-05,LATEST_HISTORY_PROXY,PROXY,CURRENT_HISTORY_ONLY_NO_VINTAGE,false,true,true
2000-01-31,2000-01,105.269210526316,105.269210526316,日元/美元(月均),M,USDJPY_MONTHLY_1957,FRED(OECD),VALIDATED_MIRROR,,,2026-09-05,LATEST_HISTORY_PROXY,PROXY,CURRENT_HISTORY_ONLY_NO_VINTAGE,false,true,true
2000-02-29,2000-02,109.3595,109.3595,日元/美元(月均),M,USDJPY_MONTHLY_1957,FRED(OECD),VALIDATED_MIRROR,,,2026-09-05,LATEST_HISTORY_PROXY,PROXY,CURRENT_HISTORY_ONLY_NO_VINTAGE,false,true,true
2000-03-31,2000-03,106.755652173913,106.755652173913,日元/美元(月均),M,USDJPY_MONTHLY_1957,FRED(OECD),VALIDATED_MIRROR,,,2026-09-05,LATEST_HISTORY_PROXY,PROXY,CURRENT_HISTORY_ONLY_NO_VINTAGE,false,true,true
2000-04-30,2000-04,105.58275,105.58275,日元/美元(月均),M,USDJPY_MONTHLY_1957,FRED(OECD),VALIDATED_MIRROR,,,2026-09-05,LATEST_HISTORY_PROXY,PROXY,CURRENT_HISTORY_ONLY_NO_VINTAGE,false,true,true
2000-05-31,2000-05,108.18475,108.18475,日元/美元(月均),M,USDJPY_MONTHLY_1957,FRED(OECD),VALIDATED_MIRROR,,,2026-09-05,LATEST_HISTORY_PROXY,PROXY,CURRENT_HISTORY_ONLY_NO_VINTAGE,false,true,true
2000-06-30,2000-06,106.312727272727,106.312727272727,日元/美元(月均),M,USDJPY_MONTHLY_1957,FRED(OECD),VALIDATED_MIRROR,,,2026-09-05,LATEST_HISTORY_PROXY,PROXY,CURRENT_HISTORY_ONLY_NO_VINTAGE,false,true,true
2000-07-31,2000-07,107.97619047619,107.97619047619,日元/美元(月均),M,USDJPY_MONTHLY_1957,FRED(OECD),VALIDATED_MIRROR,,,2026-09-05,LATEST_HISTORY_PROXY,PROXY,CURRENT_HISTORY_ONLY_NO_VINTAGE,false,true,true
2000-08-31,2000-08,108.24347826087,108.24347826087,日元/美元(月均),M,USDJPY_MONTHLY_1957,FRED(OECD),VALIDATED_MIRROR,,,2026-09-05,LATEST_HISTORY_PROXY,PROXY,CURRENT_HISTORY_ONLY_NO_VINTAGE,false,true,true
2000-09-30,2000-09,106.859523809524,106.859523809524,日元/美元(月均),M,USDJPY_MONTHLY_1957,FRED(OECD),VALIDATED_MIRROR,,,2026-09-05,LATEST_HISTORY_PROXY,PROXY,CURRENT_HISTORY_ONLY_NO_VINTAGE,false,true,true
2000-10-31,2000-10,108.410454545455,108.410454545455,日元/美元(月均),M,USDJPY_MONTHLY_1957,FRED(OECD),VALIDATED_MIRROR,,,2026-09-05,LATEST_HISTORY_PROXY,PROXY,CURRENT_HISTORY_ONLY_NO_VINTAGE,false,true,true
2000-11-30,2000-11,108.87380952381,108.87380952381,日元/美元(月均),M,USDJPY_MONTHLY_1957,FRED(OECD),VALIDATED_MIRROR,,,2026-09-05,LATEST_HISTORY_PROXY,PROXY,CURRENT_HISTORY_ONLY_NO_VINTAGE,false,true,true
2000-12-31,2000-12,112.188571428571,112.188571428571,日元/美元(月均),M,USDJPY_MONTHLY_1957,FRED(OECD),VALIDATED_MIRROR,,,2026-09-05,LATEST_HISTORY_PROXY,PROXY,CURRENT_HISTORY_ONLY_NO_VINTAGE,false,true,true
2001-01-31,2001-01,116.837045454545,116.837045454545,日元/美元(月均),M,USDJPY_MONTHLY_1957,FRED(OECD),VALIDATED_MIRROR,,,2026-09-05,LATEST_HISTORY_PROXY,PROXY,CURRENT_HISTORY_ONLY_NO_VINTAGE,false,true,true
2001-02-28,2001-02,116.165789473684,116.165789473684,日元/美元(月均),M,USDJPY_MONTHLY_1957,FRED(OECD),VALIDATED_MIRROR,,,2026-09-05,LATEST_HISTORY_PROXY,PROXY,CURRENT_HISTORY_ONLY_NO_VINTAGE,false,true,true
2001-03-31,2001-03,120.999523809524,120.999523809524,日元/美元(月均),M,USDJPY_MONTHLY_1957,FRED(OECD),VALIDATED_MIRROR,,,2026-09-05,LATEST_HISTORY_PROXY,PROXY,CURRENT_HISTORY_ONLY_NO_VINTAGE,false,true,true
2001-04-30,2001-04,123.78,123.78,日元/美元(月均),M,USDJPY_MONTHLY_1957,FRED(OECD),VALIDATED_MIRROR,,,2026-09-05,LATEST_HISTORY_PROXY,PROXY,CURRENT_HISTORY_ONLY_NO_VINTAGE,false,true,true
2001-05-31,2001-05,121.944,121.944,日元/美元(月均),M,USDJPY_MONTHLY_1957,FRED(OECD),VALIDATED_MIRROR,,,2026-09-05,LATEST_HISTORY_PROXY,PROXY,CURRENT_HISTORY_ONLY_NO_VINTAGE,false,true,true
2001-06-30,2001-06,122.204761904762,122.204761904762,日元/美元(月均),M,USDJPY_MONTHLY_1957,FRED(OECD),VALIDATED_MIRROR,,,2026-09-05,LATEST_HISTORY_PROXY,PROXY,CURRENT_HISTORY_ONLY_NO_VINTAGE,false,true,true
2001-07-31,2001-07,124.669047619048,124.669047619048,日元/美元(月均),M,USDJPY_MONTHLY_1957,FRED(OECD),VALIDATED_MIRROR,,,2026-09-05,LATEST_HISTORY_PROXY,PROXY,CURRENT_HISTORY_ONLY_NO_VINTAGE,false,true,true
2001-08-31,2001-08,121.623913043478,121.623913043478,日元/美元(月均),M,USDJPY_MONTHLY_1957,FRED(OECD),VALIDATED_MIRROR,,,2026-09-05,LATEST_HISTORY_PROXY,PROXY,CURRENT_HISTORY_ONLY_NO_VINTAGE,false,true,true
2001-09-30,2001-09,118.873684210526,118.873684210526,日元/美元(月均),M,USDJPY_MONTHLY_1957,FRED(OECD),VALIDATED_MIRROR,,,2026-09-05,LATEST_HISTORY_PROXY,PROXY,CURRENT_HISTORY_ONLY_NO_VINTAGE,false,true,true
2001-10-31,2001-10,121.362727272727,121.362727272727,日元/美元(月均),M,USDJPY_MONTHLY_1957,FRED(OECD),VALIDATED_MIRROR,,,2026-09-05,LATEST_HISTORY_PROXY,PROXY,CURRENT_HISTORY_ONLY_NO_VINTAGE,false,true,true
2001-11-30,2001-11,122.311904761905,122.311904761905,日元/美元(月均),M,USDJPY_MONTHLY_1957,FRED(OECD),VALIDATED_MIRROR,,,2026-09-05,LATEST_HISTORY_PROXY,PROXY,CURRENT_HISTORY_ONLY_NO_VINTAGE,false,true,true
2001-12-31,2001-12,127.033333333333,127.033333333333,日元/美元(月均),M,USDJPY_MONTHLY_1957,FRED(OECD),VALIDATED_MIRROR,,,2026-09-05,LATEST_HISTORY_PROXY,PROXY,CURRENT_HISTORY_ONLY_NO_VINTAGE,false,true,true
2002-01-31,2002-01,132.8,132.8,日元/美元(月均),M,USDJPY_MONTHLY_1957,FRED(OECD),VALIDATED_MIRROR,,,2026-09-05,LATEST_HISTORY_PROXY,PROXY,CURRENT_HISTORY_ONLY_NO_VINTAGE,false,true,true
2002-02-28,2002-02,133.455,133.455,日元/美元(月均),M,USDJPY_MONTHLY_1957,FRED(OECD),VALIDATED_MIRROR,,,2026-09-05,LATEST_HISTORY_PROXY,PROXY,CURRENT_HISTORY_ONLY_NO_VINTAGE,false,true,true
2002-03-31,2002-03,131.24,131.24,日元/美元(月均),M,USDJPY_MONTHLY_1957,FRED(OECD),VALIDATED_MIRROR,,,2026-09-05,LATEST_HISTORY_PROXY,PROXY,CURRENT_HISTORY_ONLY_NO_VINTAGE,false,true,true
2002-04-30,2002-04,130.772727272727,130.772727272727,日元/美元(月均),M,USDJPY_MONTHLY_1957,FRED(OECD),VALIDATED_MIRROR,,,2026-09-05,LATEST_HISTORY_PROXY,PROXY,CURRENT_HISTORY_ONLY_NO_VINTAGE,false,true,true
2002-05-31,2002-05,126.34347826087,126.34347826087,日元/美元(月均),M,USDJPY_MONTHLY_1957,FRED(OECD),VALIDATED_MIRROR,,,2026-09-05,LATEST_HISTORY_PROXY,PROXY,CURRENT_HISTORY_ONLY_NO_VINTAGE,false,true,true
2002-06-30,2002-06,123.255,123.255,日元/美元(月均),M,USDJPY_MONTHLY_1957,FRED(OECD),VALIDATED_MIRROR,,,2026-09-05,LATEST_HISTORY_PROXY,PROXY,CURRENT_HISTORY_ONLY_NO_VINTAGE,false,true,true
2002-07-31,2002-07,118.015217391304,118.015217391304,日元/美元(月均),M,USDJPY_MONTHLY_1957,FRED(OECD),VALIDATED_MIRROR,,,2026-09-05,LATEST_HISTORY_PROXY,PROXY,CURRENT_HISTORY_ONLY_NO_VINTAGE,false,true,true
2002-08-31,2002-08,118.982272727273,118.982272727273,日元/美元(月均),M,USDJPY_MONTHLY_1957,FRED(OECD),VALIDATED_MIRROR,,,2026-09-05,LATEST_HISTORY_PROXY,PROXY,CURRENT_HISTORY_ONLY_NO_VINTAGE,false,true,true
2002-09-30,2002-09,120.833333333333,120.833333333333,日元/美元(月均),M,USDJPY_MONTHLY_1957,FRED(OECD),VALIDATED_MIRROR,,,2026-09-05,LATEST_HISTORY_PROXY,PROXY,CURRENT_HISTORY_ONLY_NO_VINTAGE,false,true,true
2002-10-31,2002-10,123.908695652174,123.908695652174,日元/美元(月均),M,USDJPY_MONTHLY_1957,FRED(OECD),VALIDATED_MIRROR,,,2026-09-05,LATEST_HISTORY_PROXY,PROXY,CURRENT_HISTORY_ONLY_NO_VINTAGE,false,true,true
2002-11-30,2002-11,121.447619047619,121.447619047619,日元/美元(月均),M,USDJPY_MONTHLY_1957,FRED(OECD),VALIDATED_MIRROR,,,2026-09-05,LATEST_HISTORY_PROXY,PROXY,CURRENT_HISTORY_ONLY_NO_VINTAGE,false,true,true
2002-12-31,2002-12,122.006,122.006,日元/美元(月均),M,USDJPY_MONTHLY_1957,FRED(OECD),VALIDATED_MIRROR,,,2026-09-05,LATEST_HISTORY_PROXY,PROXY,CURRENT_HISTORY_ONLY_NO_VINTAGE,false,true,true
2003-01-31,2003-01,118.804545454545,118.804545454545,日元/美元(月均),M,USDJPY_MONTHLY_1957,FRED(OECD),VALIDATED_MIRROR,,,2026-09-05,LATEST_HISTORY_PROXY,PROXY,CURRENT_HISTORY_ONLY_NO_VINTAGE,false,true,true
2003-02-28,2003-02,119.425,119.425,日元/美元(月均),M,USDJPY_MONTHLY_1957,FRED(OECD),VALIDATED_MIRROR,,,2026-09-05,LATEST_HISTORY_PROXY,PROXY,CURRENT_HISTORY_ONLY_NO_VINTAGE,false,true,true
2003-03-31,2003-03,118.652380952381,118.652380952381,日元/美元(月均),M,USDJPY_MONTHLY_1957,FRED(OECD),VALIDATED_MIRROR,,,2026-09-05,LATEST_HISTORY_PROXY,PROXY,CURRENT_HISTORY_ONLY_NO_VINTAGE,false,true,true
2003-04-30,2003-04,119.889545454545,119.889545454545,日元/美元(月均),M,USDJPY_MONTHLY_1957,FRED(OECD),VALIDATED_MIRROR,,,2026-09-05,LATEST_HISTORY_PROXY,PROXY,CURRENT_HISTORY_ONLY_NO_VINTAGE,false,true,true
2003-05-31,2003-05,117.377272727273,117.377272727273,日元/美元(月均),M,USDJPY_MONTHLY_1957,FRED(OECD),VALIDATED_MIRROR,,,2026-09-05,LATEST_HISTORY_PROXY,PROXY,CURRENT_HISTORY_ONLY_NO_VINTAGE,false,true,true
2003-06-30,2003-06,118.339047619048,118.339047619048,日元/美元(月均),M,USDJPY_MONTHLY_1957,FRED(OECD),VALIDATED_MIRROR,,,2026-09-05,LATEST_HISTORY_PROXY,PROXY,CURRENT_HISTORY_ONLY_NO_VINTAGE,false,true,true
2003-07-31,2003-07,118.626086956522,118.626086956522,日元/美元(月均),M,USDJPY_MONTHLY_1957,FRED(OECD),VALIDATED_MIRROR,,,2026-09-05,LATEST_HISTORY_PROXY,PROXY,CURRENT_HISTORY_ONLY_NO_VINTAGE,false,true,true
2003-08-31,2003-08,118.711904761905,118.711904761905,日元/美元(月均),M,USDJPY_MONTHLY_1957,FRED(OECD),VALIDATED_MIRROR,,,2026-09-05,LATEST_HISTORY_PROXY,PROXY,CURRENT_HISTORY_ONLY_NO_VINTAGE,false,true,true
2003-09-30,2003-09,114.95,114.95,日元/美元(月均),M,USDJPY_MONTHLY_1957,FRED(OECD),VALIDATED_MIRROR,,,2026-09-05,LATEST_HISTORY_PROXY,PROXY,CURRENT_HISTORY_ONLY_NO_VINTAGE,false,true,true
2003-10-31,2003-10,109.5,109.5,日元/美元(月均),M,USDJPY_MONTHLY_1957,FRED(OECD),VALIDATED_MIRROR,,,2026-09-05,LATEST_HISTORY_PROXY,PROXY,CURRENT_HISTORY_ONLY_NO_VINTAGE,false,true,true
2003-11-30,2003-11,109.165,109.165,日元/美元(月均),M,USDJPY_MONTHLY_1957,FRED(OECD),VALIDATED_MIRROR,,,2026-09-05,LATEST_HISTORY_PROXY,PROXY,CURRENT_HISTORY_ONLY_NO_VINTAGE,false,true,true
2003-12-31,2003-12,107.795238095238,107.795238095238,日元/美元(月均),M,USDJPY_MONTHLY_1957,FRED(OECD),VALIDATED_MIRROR,,,2026-09-05,LATEST_HISTORY_PROXY,PROXY,CURRENT_HISTORY_ONLY_NO_VINTAGE,false,true,true
2004-01-31,2004-01,106.297142857143,106.297142857143,日元/美元(月均),M,USDJPY_MONTHLY_1957,FRED(OECD),VALIDATED_MIRROR,,,2026-09-05,LATEST_HISTORY_PROXY,PROXY,CURRENT_HISTORY_ONLY_NO_VINTAGE,false,true,true
2004-02-29,2004-02,106.6485,106.6485,日元/美元(月均),M,USDJPY_MONTHLY_1957,FRED(OECD),VALIDATED_MIRROR,,,2026-09-05,LATEST_HISTORY_PROXY,PROXY,CURRENT_HISTORY_ONLY_NO_VINTAGE,false,true,true
2004-03-31,2004-03,108.513043478261,108.513043478261,日元/美元(月均),M,USDJPY_MONTHLY_1957,FRED(OECD),VALIDATED_MIRROR,,,2026-09-05,LATEST_HISTORY_PROXY,PROXY,CURRENT_HISTORY_ONLY_NO_VINTAGE,false,true,true
2004-04-30,2004-04,107.621818181818,107.621818181818,日元/美元(月均),M,USDJPY_MONTHLY_1957,FRED(OECD),VALIDATED_MIRROR,,,2026-09-05,LATEST_HISTORY_PROXY,PROXY,CURRENT_HISTORY_ONLY_NO_VINTAGE,false,true,true
2004-05-31,2004-05,112.091904761905,112.091904761905,日元/美元(月均),M,USDJPY_MONTHLY_1957,FRED(OECD),VALIDATED_MIRROR,,,2026-09-05,LATEST_HISTORY_PROXY,PROXY,CURRENT_HISTORY_ONLY_NO_VINTAGE,false,true,true
2004-06-30,2004-06,109.468181818182,109.468181818182,日元/美元(月均),M,USDJPY_MONTHLY_1957,FRED(OECD),VALIDATED_MIRROR,,,2026-09-05,LATEST_HISTORY_PROXY,PROXY,CURRENT_HISTORY_ONLY_NO_VINTAGE,false,true,true
2004-07-31,2004-07,109.462272727273,109.462272727273,日元/美元(月均),M,USDJPY_MONTHLY_1957,FRED(OECD),VALIDATED_MIRROR,,,2026-09-05,LATEST_HISTORY_PROXY,PROXY,CURRENT_HISTORY_ONLY_NO_VINTAGE,false,true,true
2004-08-31,2004-08,110.254545454545,110.254545454545,日元/美元(月均),M,USDJPY_MONTHLY_1957,FRED(OECD),VALIDATED_MIRROR,,,2026-09-05,LATEST_HISTORY_PROXY,PROXY,CURRENT_HISTORY_ONLY_NO_VINTAGE,false,true,true
2004-09-30,2004-09,110.068181818182,110.068181818182,日元/美元(月均),M,USDJPY_MONTHLY_1957,FRED(OECD),VALIDATED_MIRROR,,,2026-09-05,LATEST_HISTORY_PROXY,PROXY,CURRENT_HISTORY_ONLY_NO_VINTAGE,false,true,true
2004-10-31,2004-10,108.786666666667,108.786666666667,日元/美元(月均),M,USDJPY_MONTHLY_1957,FRED(OECD),VALIDATED_MIRROR,,,2026-09-05,LATEST_HISTORY_PROXY,PROXY,CURRENT_HISTORY_ONLY_NO_VINTAGE,false,true,true
2004-11-30,2004-11,104.704545454545,104.704545454545,日元/美元(月均),M,USDJPY_MONTHLY_1957,FRED(OECD),VALIDATED_MIRROR,,,2026-09-05,LATEST_HISTORY_PROXY,PROXY,CURRENT_HISTORY_ONLY_NO_VINTAGE,false,true,true
2004-12-31,2004-12,103.846086956522,103.846086956522,日元/美元(月均),M,USDJPY_MONTHLY_1957,FRED(OECD),VALIDATED_MIRROR,,,2026-09-05,LATEST_HISTORY_PROXY,PROXY,CURRENT_HISTORY_ONLY_NO_VINTAGE,false,true,true
2005-01-31,2005-01,103.361904761905,103.361904761905,日元/美元(月均),M,USDJPY_MONTHLY_1957,FRED(OECD),VALIDATED_MIRROR,,,2026-09-05,LATEST_HISTORY_PROXY,PROXY,CURRENT_HISTORY_ONLY_NO_VINTAGE,false,true,true
2005-02-28,2005-02,104.9895,104.9895,日元/美元(月均),M,USDJPY_MONTHLY_1957,FRED(OECD),VALIDATED_MIRROR,,,2026-09-05,LATEST_HISTORY_PROXY,PROXY,CURRENT_HISTORY_ONLY_NO_VINTAGE,false,true,true
2005-03-31,2005-03,105.276956521739,105.276956521739,日元/美元(月均),M,USDJPY_MONTHLY_1957,FRED(OECD),VALIDATED_MIRROR,,,2026-09-05,LATEST_HISTORY_PROXY,PROXY,CURRENT_HISTORY_ONLY_NO_VINTAGE,false,true,true
2005-04-30,2005-04,107.254761904762,107.254761904762,日元/美元(月均),M,USDJPY_MONTHLY_1957,FRED(OECD),VALIDATED_MIRROR,,,2026-09-05,LATEST_HISTORY_PROXY,PROXY,CURRENT_HISTORY_ONLY_NO_VINTAGE,false,true,true
2005-05-31,2005-05,106.627272727273,106.627272727273,日元/美元(月均),M,USDJPY_MONTHLY_1957,FRED(OECD),VALIDATED_MIRROR,,,2026-09-05,LATEST_HISTORY_PROXY,PROXY,CURRENT_HISTORY_ONLY_NO_VINTAGE,false,true,true
2005-06-30,2005-06,108.706818181818,108.706818181818,日元/美元(月均),M,USDJPY_MONTHLY_1957,FRED(OECD),VALIDATED_MIRROR,,,2026-09-05,LATEST_HISTORY_PROXY,PROXY,CURRENT_HISTORY_ONLY_NO_VINTAGE,false,true,true
2005-07-31,2005-07,111.95619047619,111.95619047619,日元/美元(月均),M,USDJPY_MONTHLY_1957,FRED(OECD),VALIDATED_MIRROR,,,2026-09-05,LATEST_HISTORY_PROXY,PROXY,CURRENT_HISTORY_ONLY_NO_VINTAGE,false,true,true
2005-08-31,2005-08,110.645652173913,110.645652173913,日元/美元(月均),M,USDJPY_MONTHLY_1957,FRED(OECD),VALIDATED_MIRROR,,,2026-09-05,LATEST_HISTORY_PROXY,PROXY,CURRENT_HISTORY_ONLY_NO_VINTAGE,false,true,true
2005-09-30,2005-09,111.104545454545,111.104545454545,日元/美元(月均),M,USDJPY_MONTHLY_1957,FRED(OECD),VALIDATED_MIRROR,,,2026-09-05,LATEST_HISTORY_PROXY,PROXY,CURRENT_HISTORY_ONLY_NO_VINTAGE,false,true,true
2005-10-31,2005-10,114.847142857143,114.847142857143,日元/美元(月均),M,USDJPY_MONTHLY_1957,FRED(OECD),VALIDATED_MIRROR,,,2026-09-05,LATEST_HISTORY_PROXY,PROXY,CURRENT_HISTORY_ONLY_NO_VINTAGE,false,true,true
2005-11-30,2005-11,118.455454545455,118.455454545455,日元/美元(月均),M,USDJPY_MONTHLY_1957,FRED(OECD),VALIDATED_MIRROR,,,2026-09-05,LATEST_HISTORY_PROXY,PROXY,CURRENT_HISTORY_ONLY_NO_VINTAGE,false,true,true
2005-12-31,2005-12,118.373636363636,118.373636363636,日元/美元(月均),M,USDJPY_MONTHLY_1957,FRED(OECD),VALIDATED_MIRROR,,,2026-09-05,LATEST_HISTORY_PROXY,PROXY,CURRENT_HISTORY_ONLY_NO_VINTAGE,false,true,true
2006-01-31,2006-01,115.477727272727,115.477727272727,日元/美元(月均),M,USDJPY_MONTHLY_1957,FRED(OECD),VALIDATED_MIRROR,,,2026-09-05,LATEST_HISTORY_PROXY,PROXY,CURRENT_HISTORY_ONLY_NO_VINTAGE,false,true,true
2006-02-28,2006-02,117.895,117.895,日元/美元(月均),M,USDJPY_MONTHLY_1957,FRED(OECD),VALIDATED_MIRROR,,,2026-09-05,LATEST_HISTORY_PROXY,PROXY,CURRENT_HISTORY_ONLY_NO_VINTAGE,false,true,true
2006-03-31,2006-03,117.287826086957,117.287826086957,日元/美元(月均),M,USDJPY_MONTHLY_1957,FRED(OECD),VALIDATED_MIRROR,,,2026-09-05,LATEST_HISTORY_PROXY,PROXY,CURRENT_HISTORY_ONLY_NO_VINTAGE,false,true,true
2006-04-30,2006-04,117.073,117.073,日元/美元(月均),M,USDJPY_MONTHLY_1957,FRED(OECD),VALIDATED_MIRROR,,,2026-09-05,LATEST_HISTORY_PROXY,PROXY,CURRENT_HISTORY_ONLY_NO_VINTAGE,false,true,true
2006-05-31,2006-05,111.75652173913,111.75652173913,日元/美元(月均),M,USDJPY_MONTHLY_1957,FRED(OECD),VALIDATED_MIRROR,,,2026-09-05,LATEST_HISTORY_PROXY,PROXY,CURRENT_HISTORY_ONLY_NO_VINTAGE,false,true,true
2006-06-30,2006-06,114.667727272727,114.667727272727,日元/美元(月均),M,USDJPY_MONTHLY_1957,FRED(OECD),VALIDATED_MIRROR,,,2026-09-05,LATEST_HISTORY_PROXY,PROXY,CURRENT_HISTORY_ONLY_NO_VINTAGE,false,true,true
2006-07-31,2006-07,115.661904761905,115.661904761905,日元/美元(月均),M,USDJPY_MONTHLY_1957,FRED(OECD),VALIDATED_MIRROR,,,2026-09-05,LATEST_HISTORY_PROXY,PROXY,CURRENT_HISTORY_ONLY_NO_VINTAGE,false,true,true
2006-08-31,2006-08,115.913043478261,115.913043478261,日元/美元(月均),M,USDJPY_MONTHLY_1957,FRED(OECD),VALIDATED_MIRROR,,,2026-09-05,LATEST_HISTORY_PROXY,PROXY,CURRENT_HISTORY_ONLY_NO_VINTAGE,false,true,true
2006-09-30,2006-09,117.185714285714,117.185714285714,日元/美元(月均),M,USDJPY_MONTHLY_1957,FRED(OECD),VALIDATED_MIRROR,,,2026-09-05,LATEST_HISTORY_PROXY,PROXY,CURRENT_HISTORY_ONLY_NO_VINTAGE,false,true,true
2006-10-31,2006-10,118.677727272727,118.677727272727,日元/美元(月均),M,USDJPY_MONTHLY_1957,FRED(OECD),VALIDATED_MIRROR,,,2026-09-05,LATEST_HISTORY_PROXY,PROXY,CURRENT_HISTORY_ONLY_NO_VINTAGE,false,true,true
2006-11-30,2006-11,117.285,117.285,日元/美元(月均),M,USDJPY_MONTHLY_1957,FRED(OECD),VALIDATED_MIRROR,,,2026-09-05,LATEST_HISTORY_PROXY,PROXY,CURRENT_HISTORY_ONLY_NO_VINTAGE,false,true,true
2006-12-31,2006-12,117.371428571429,117.371428571429,日元/美元(月均),M,USDJPY_MONTHLY_1957,FRED(OECD),VALIDATED_MIRROR,,,2026-09-05,LATEST_HISTORY_PROXY,PROXY,CURRENT_HISTORY_ONLY_NO_VINTAGE,false,true,true
2007-01-31,2007-01,120.373913043478,120.373913043478,日元/美元(月均),M,USDJPY_MONTHLY_1957,FRED(OECD),VALIDATED_MIRROR,,,2026-09-05,LATEST_HISTORY_PROXY,PROXY,CURRENT_HISTORY_ONLY_NO_VINTAGE,false,true,true
2007-02-28,2007-02,120.465,120.465,日元/美元(月均),M,USDJPY_MONTHLY_1957,FRED(OECD),VALIDATED_MIRROR,,,2026-09-05,LATEST_HISTORY_PROXY,PROXY,CURRENT_HISTORY_ONLY_NO_VINTAGE,false,true,true
2007-03-31,2007-03,117.304090909091,117.304090909091,日元/美元(月均),M,USDJPY_MONTHLY_1957,FRED(OECD),VALIDATED_MIRROR,,,2026-09-05,LATEST_HISTORY_PROXY,PROXY,CURRENT_HISTORY_ONLY_NO_VINTAGE,false,true,true
2007-04-30,2007-04,118.904,118.904,日元/美元(月均),M,USDJPY_MONTHLY_1957,FRED(OECD),VALIDATED_MIRROR,,,2026-09-05,LATEST_HISTORY_PROXY,PROXY,CURRENT_HISTORY_ONLY_NO_VINTAGE,false,true,true
2007-05-31,2007-05,120.813043478261,120.813043478261,日元/美元(月均),M,USDJPY_MONTHLY_1957,FRED(OECD),VALIDATED_MIRROR,,,2026-09-05,LATEST_HISTORY_PROXY,PROXY,CURRENT_HISTORY_ONLY_NO_VINTAGE,false,true,true
2007-06-30,2007-06,122.698571428571,122.698571428571,日元/美元(月均),M,USDJPY_MONTHLY_1957,FRED(OECD),VALIDATED_MIRROR,,,2026-09-05,LATEST_HISTORY_PROXY,PROXY,CURRENT_HISTORY_ONLY_NO_VINTAGE,false,true,true
2007-07-31,2007-07,121.479090909091,121.479090909091,日元/美元(月均),M,USDJPY_MONTHLY_1957,FRED(OECD),VALIDATED_MIRROR,,,2026-09-05,LATEST_HISTORY_PROXY,PROXY,CURRENT_HISTORY_ONLY_NO_VINTAGE,false,true,true
2007-08-31,2007-08,116.697826086957,116.697826086957,日元/美元(月均),M,USDJPY_MONTHLY_1957,FRED(OECD),VALIDATED_MIRROR,,,2026-09-05,LATEST_HISTORY_PROXY,PROXY,CURRENT_HISTORY_ONLY_NO_VINTAGE,false,true,true
2007-09-30,2007-09,115.0515,115.0515,日元/美元(月均),M,USDJPY_MONTHLY_1957,FRED(OECD),VALIDATED_MIRROR,,,2026-09-05,LATEST_HISTORY_PROXY,PROXY,CURRENT_HISTORY_ONLY_NO_VINTAGE,false,true,true
2007-10-31,2007-10,115.897391304348,115.897391304348,日元/美元(月均),M,USDJPY_MONTHLY_1957,FRED(OECD),VALIDATED_MIRROR,,,2026-09-05,LATEST_HISTORY_PROXY,PROXY,CURRENT_HISTORY_ONLY_NO_VINTAGE,false,true,true
2007-11-30,2007-11,110.920454545455,110.920454545455,日元/美元(月均),M,USDJPY_MONTHLY_1957,FRED(OECD),VALIDATED_MIRROR,,,2026-09-05,LATEST_HISTORY_PROXY,PROXY,CURRENT_HISTORY_ONLY_NO_VINTAGE,false,true,true
2007-12-31,2007-12,112.4565,112.4565,日元/美元(月均),M,USDJPY_MONTHLY_1957,FRED(OECD),VALIDATED_MIRROR,,,2026-09-05,LATEST_HISTORY_PROXY,PROXY,CURRENT_HISTORY_ONLY_NO_VINTAGE,false,true,true
2008-01-31,2008-01,107.885869565217,107.885869565217,日元/美元(月均),M,USDJPY_MONTHLY_1957,FRED(OECD),VALIDATED_MIRROR,,,2026-09-05,LATEST_HISTORY_PROXY,PROXY,CURRENT_HISTORY_ONLY_NO_VINTAGE,false,true,true
2008-02-29,2008-02,107.114047619048,107.114047619048,日元/美元(月均),M,USDJPY_MONTHLY_1957,FRED(OECD),VALIDATED_MIRROR,,,2026-09-05,LATEST_HISTORY_PROXY,PROXY,CURRENT_HISTORY_ONLY_NO_VINTAGE,false,true,true
2008-03-31,2008-03,100.706666666667,100.706666666667,日元/美元(月均),M,USDJPY_MONTHLY_1957,FRED(OECD),VALIDATED_MIRROR,,,2026-09-05,LATEST_HISTORY_PROXY,PROXY,CURRENT_HISTORY_ONLY_NO_VINTAGE,false,true,true
2008-04-30,2008-04,102.607727272727,102.607727272727,日元/美元(月均),M,USDJPY_MONTHLY_1957,FRED(OECD),VALIDATED_MIRROR,,,2026-09-05,LATEST_HISTORY_PROXY,PROXY,CURRENT_HISTORY_ONLY_NO_VINTAGE,false,true,true
2008-05-31,2008-05,104.347272727273,104.347272727273,日元/美元(月均),M,USDJPY_MONTHLY_1957,FRED(OECD),VALIDATED_MIRROR,,,2026-09-05,LATEST_HISTORY_PROXY,PROXY,CURRENT_HISTORY_ONLY_NO_VINTAGE,false,true,true
2008-06-30,2008-06,106.933571428571,106.933571428571,日元/美元(月均),M,USDJPY_MONTHLY_1957,FRED(OECD),VALIDATED_MIRROR,,,2026-09-05,LATEST_HISTORY_PROXY,PROXY,CURRENT_HISTORY_ONLY_NO_VINTAGE,false,true,true
2008-07-31,2008-07,106.84347826087,106.84347826087,日元/美元(月均),M,USDJPY_MONTHLY_1957,FRED(OECD),VALIDATED_MIRROR,,,2026-09-05,LATEST_HISTORY_PROXY,PROXY,CURRENT_HISTORY_ONLY_NO_VINTAGE,false,true,true
2008-08-31,2008-08,109.331428571429,109.331428571429,日元/美元(月均),M,USDJPY_MONTHLY_1957,FRED(OECD),VALIDATED_MIRROR,,,2026-09-05,LATEST_HISTORY_PROXY,PROXY,CURRENT_HISTORY_ONLY_NO_VINTAGE,false,true,true
2008-09-30,2008-09,106.644545454545,106.644545454545,日元/美元(月均),M,USDJPY_MONTHLY_1957,FRED(OECD),VALIDATED_MIRROR,,,2026-09-05,LATEST_HISTORY_PROXY,PROXY,CURRENT_HISTORY_ONLY_NO_VINTAGE,false,true,true
2008-10-31,2008-10,100.072173913043,100.072173913043,日元/美元(月均),M,USDJPY_MONTHLY_1957,FRED(OECD),VALIDATED_MIRROR,,,2026-09-05,LATEST_HISTORY_PROXY,PROXY,CURRENT_HISTORY_ONLY_NO_VINTAGE,false,true,true
2008-11-30,2008-11,96.86125,96.86125,日元/美元(月均),M,USDJPY_MONTHLY_1957,FRED(OECD),VALIDATED_MIRROR,,,2026-09-05,LATEST_HISTORY_PROXY,PROXY,CURRENT_HISTORY_ONLY_NO_VINTAGE,false,true,true
2008-12-31,2008-12,91.30975,91.30975,日元/美元(月均),M,USDJPY_MONTHLY_1957,FRED(OECD),VALIDATED_MIRROR,,,2026-09-05,LATEST_HISTORY_PROXY,PROXY,CURRENT_HISTORY_ONLY_NO_VINTAGE,false,true,true
2009-01-31,2009-01,90.26975,90.26975,日元/美元(月均),M,USDJPY_MONTHLY_1957,FRED(OECD),VALIDATED_MIRROR,,,2026-09-05,LATEST_HISTORY_PROXY,PROXY,CURRENT_HISTORY_ONLY_NO_VINTAGE,false,true,true
2009-02-28,2009-02,92.8245,92.8245,日元/美元(月均),M,USDJPY_MONTHLY_1957,FRED(OECD),VALIDATED_MIRROR,,,2026-09-05,LATEST_HISTORY_PROXY,PROXY,CURRENT_HISTORY_ONLY_NO_VINTAGE,false,true,true
2009-03-31,2009-03,97.8045454545455,97.8045454545455,日元/美元(月均),M,USDJPY_MONTHLY_1957,FRED(OECD),VALIDATED_MIRROR,,,2026-09-05,LATEST_HISTORY_PROXY,PROXY,CURRENT_HISTORY_ONLY_NO_VINTAGE,false,true,true
2009-04-30,2009-04,98.9009090909091,98.9009090909091,日元/美元(月均),M,USDJPY_MONTHLY_1957,FRED(OECD),VALIDATED_MIRROR,,,2026-09-05,LATEST_HISTORY_PROXY,PROXY,CURRENT_HISTORY_ONLY_NO_VINTAGE,false,true,true
2009-05-31,2009-05,96.5304761904762,96.5304761904762,日元/美元(月均),M,USDJPY_MONTHLY_1957,FRED(OECD),VALIDATED_MIRROR,,,2026-09-05,LATEST_HISTORY_PROXY,PROXY,CURRENT_HISTORY_ONLY_NO_VINTAGE,false,true,true
2009-06-30,2009-06,96.6265909090909,96.6265909090909,日元/美元(月均),M,USDJPY_MONTHLY_1957,FRED(OECD),VALIDATED_MIRROR,,,2026-09-05,LATEST_HISTORY_PROXY,PROXY,CURRENT_HISTORY_ONLY_NO_VINTAGE,false,true,true
2009-07-31,2009-07,94.3134782608696,94.3134782608696,日元/美元(月均),M,USDJPY_MONTHLY_1957,FRED(OECD),VALIDATED_MIRROR,,,2026-09-05,LATEST_HISTORY_PROXY,PROXY,CURRENT_HISTORY_ONLY_NO_VINTAGE,false,true,true
2009-08-31,2009-08,94.8861904761905,94.8861904761905,日元/美元(月均),M,USDJPY_MONTHLY_1957,FRED(OECD),VALIDATED_MIRROR,,,2026-09-05,LATEST_HISTORY_PROXY,PROXY,CURRENT_HISTORY_ONLY_NO_VINTAGE,false,true,true
2009-09-30,2009-09,91.34,91.34,日元/美元(月均),M,USDJPY_MONTHLY_1957,FRED(OECD),VALIDATED_MIRROR,,,2026-09-05,LATEST_HISTORY_PROXY,PROXY,CURRENT_HISTORY_ONLY_NO_VINTAGE,false,true,true
2009-10-31,2009-10,90.3009090909091,90.3009090909091,日元/美元(月均),M,USDJPY_MONTHLY_1957,FRED(OECD),VALIDATED_MIRROR,,,2026-09-05,LATEST_HISTORY_PROXY,PROXY,CURRENT_HISTORY_ONLY_NO_VINTAGE,false,true,true
2009-11-30,2009-11,89.1438095238095,89.1438095238095,日元/美元(月均),M,USDJPY_MONTHLY_1957,FRED(OECD),VALIDATED_MIRROR,,,2026-09-05,LATEST_HISTORY_PROXY,PROXY,CURRENT_HISTORY_ONLY_NO_VINTAGE,false,true,true
2009-12-31,2009-12,89.9173913043478,89.9173913043478,日元/美元(月均),M,USDJPY_MONTHLY_1957,FRED(OECD),VALIDATED_MIRROR,,,2026-09-05,LATEST_HISTORY_PROXY,PROXY,CURRENT_HISTORY_ONLY_NO_VINTAGE,false,true,true
2010-01-31,2010-01,91.1238095238095,91.1238095238095,日元/美元(月均),M,USDJPY_MONTHLY_1957,FRED(OECD),VALIDATED_MIRROR,,,2026-09-05,LATEST_HISTORY_PROXY,PROXY,CURRENT_HISTORY_ONLY_NO_VINTAGE,false,true,true
2010-02-28,2010-02,90.1115,90.1115,日元/美元(月均),M,USDJPY_MONTHLY_1957,FRED(OECD),VALIDATED_MIRROR,,,2026-09-05,LATEST_HISTORY_PROXY,PROXY,CURRENT_HISTORY_ONLY_NO_VINTAGE,false,true,true
2010-03-31,2010-03,90.705652173913,90.705652173913,日元/美元(月均),M,USDJPY_MONTHLY_1957,FRED(OECD),VALIDATED_MIRROR,,,2026-09-05,LATEST_HISTORY_PROXY,PROXY,CURRENT_HISTORY_ONLY_NO_VINTAGE,false,true,true
2010-04-30,2010-04,93.5145454545455,93.5145454545455,日元/美元(月均),M,USDJPY_MONTHLY_1957,FRED(OECD),VALIDATED_MIRROR,,,2026-09-05,LATEST_HISTORY_PROXY,PROXY,CURRENT_HISTORY_ONLY_NO_VINTAGE,false,true,true
2010-05-31,2010-05,91.97,91.97,日元/美元(月均),M,USDJPY_MONTHLY_1957,FRED(OECD),VALIDATED_MIRROR,,,2026-09-05,LATEST_HISTORY_PROXY,PROXY,CURRENT_HISTORY_ONLY_NO_VINTAGE,false,true,true
2010-06-30,2010-06,90.8295454545455,90.8295454545455,日元/美元(月均),M,USDJPY_MONTHLY_1957,FRED(OECD),VALIDATED_MIRROR,,,2026-09-05,LATEST_HISTORY_PROXY,PROXY,CURRENT_HISTORY_ONLY_NO_VINTAGE,false,true,true
2010-07-31,2010-07,87.4957727272727,87.4957727272727,日元/美元(月均),M,USDJPY_MONTHLY_1957,FRED(OECD),VALIDATED_MIRROR,,,2026-09-05,LATEST_HISTORY_PROXY,PROXY,CURRENT_HISTORY_ONLY_NO_VINTAGE,false,true,true
2010-08-31,2010-08,85.3795454545455,85.3795454545455,日元/美元(月均),M,USDJPY_MONTHLY_1957,FRED(OECD),VALIDATED_MIRROR,,,2026-09-05,LATEST_HISTORY_PROXY,PROXY,CURRENT_HISTORY_ONLY_NO_VINTAGE,false,true,true
2010-09-30,2010-09,84.3722727272727,84.3722727272727,日元/美元(月均),M,USDJPY_MONTHLY_1957,FRED(OECD),VALIDATED_MIRROR,,,2026-09-05,LATEST_HISTORY_PROXY,PROXY,CURRENT_HISTORY_ONLY_NO_VINTAGE,false,true,true
2010-10-31,2010-10,81.8028571428571,81.8028571428571,日元/美元(月均),M,USDJPY_MONTHLY_1957,FRED(OECD),VALIDATED_MIRROR,,,2026-09-05,LATEST_HISTORY_PROXY,PROXY,CURRENT_HISTORY_ONLY_NO_VINTAGE,false,true,true
2010-11-30,2010-11,82.5522727272727,82.5522727272727,日元/美元(月均),M,USDJPY_MONTHLY_1957,FRED(OECD),VALIDATED_MIRROR,,,2026-09-05,LATEST_HISTORY_PROXY,PROXY,CURRENT_HISTORY_ONLY_NO_VINTAGE,false,true,true
2010-12-31,2010-12,83.27,83.27,日元/美元(月均),M,USDJPY_MONTHLY_1957,FRED(OECD),VALIDATED_MIRROR,,,2026-09-05,LATEST_HISTORY_PROXY,PROXY,CURRENT_HISTORY_ONLY_NO_VINTAGE,false,true,true
2011-01-31,2011-01,82.5776190476191,82.5776190476191,日元/美元(月均),M,USDJPY_MONTHLY_1957,FRED(OECD),VALIDATED_MIRROR,,,2026-09-05,LATEST_HISTORY_PROXY,PROXY,CURRENT_HISTORY_ONLY_NO_VINTAGE,false,true,true
2011-02-28,2011-02,82.5355,82.5355,日元/美元(月均),M,USDJPY_MONTHLY_1957,FRED(OECD),VALIDATED_MIRROR,,,2026-09-05,LATEST_HISTORY_PROXY,PROXY,CURRENT_HISTORY_ONLY_NO_VINTAGE,false,true,true
2011-03-31,2011-03,81.66,81.66,日元/美元(月均),M,USDJPY_MONTHLY_1957,FRED(OECD),VALIDATED_MIRROR,,,2026-09-05,LATEST_HISTORY_PROXY,PROXY,CURRENT_HISTORY_ONLY_NO_VINTAGE,false,true,true
2011-04-30,2011-04,83.1652380952381,83.1652380952381,日元/美元(月均),M,USDJPY_MONTHLY_1957,FRED(OECD),VALIDATED_MIRROR,,,2026-09-05,LATEST_HISTORY_PROXY,PROXY,CURRENT_HISTORY_ONLY_NO_VINTAGE,false,true,true
2011-05-31,2011-05,81.0845454545454,81.0845454545454,日元/美元(月均),M,USDJPY_MONTHLY_1957,FRED(OECD),VALIDATED_MIRROR,,,2026-09-05,LATEST_HISTORY_PROXY,PROXY,CURRENT_HISTORY_ONLY_NO_VINTAGE,false,true,true
2011-06-30,2011-06,80.3959090909091,80.3959090909091,日元/美元(月均),M,USDJPY_MONTHLY_1957,FRED(OECD),VALIDATED_MIRROR,,,2026-09-05,LATEST_HISTORY_PROXY,PROXY,CURRENT_HISTORY_ONLY_NO_VINTAGE,false,true,true
2011-07-31,2011-07,79.3238095238095,79.3238095238095,日元/美元(月均),M,USDJPY_MONTHLY_1957,FRED(OECD),VALIDATED_MIRROR,,,2026-09-05,LATEST_HISTORY_PROXY,PROXY,CURRENT_HISTORY_ONLY_NO_VINTAGE,false,true,true
2011-08-31,2011-08,76.95,76.95,日元/美元(月均),M,USDJPY_MONTHLY_1957,FRED(OECD),VALIDATED_MIRROR,,,2026-09-05,LATEST_HISTORY_PROXY,PROXY,CURRENT_HISTORY_ONLY_NO_VINTAGE,false,true,true
2011-09-30,2011-09,76.8177272727273,76.8177272727273,日元/美元(月均),M,USDJPY_MONTHLY_1957,FRED(OECD),VALIDATED_MIRROR,,,2026-09-05,LATEST_HISTORY_PROXY,PROXY,CURRENT_HISTORY_ONLY_NO_VINTAGE,false,true,true
2011-10-31,2011-10,76.6547619047619,76.6547619047619,日元/美元(月均),M,USDJPY_MONTHLY_1957,FRED(OECD),VALIDATED_MIRROR,,,2026-09-05,LATEST_HISTORY_PROXY,PROXY,CURRENT_HISTORY_ONLY_NO_VINTAGE,false,true,true
2011-11-30,2011-11,77.5018181818182,77.5018181818182,日元/美元(月均),M,USDJPY_MONTHLY_1957,FRED(OECD),VALIDATED_MIRROR,,,2026-09-05,LATEST_HISTORY_PROXY,PROXY,CURRENT_HISTORY_ONLY_NO_VINTAGE,false,true,true
2011-12-31,2011-12,77.8140909090909,77.8140909090909,日元/美元(月均),M,USDJPY_MONTHLY_1957,FRED(OECD),VALIDATED_MIRROR,,,2026-09-05,LATEST_HISTORY_PROXY,PROXY,CURRENT_HISTORY_ONLY_NO_VINTAGE,false,true,true
2012-01-31,2012-01,76.9159090909091,76.9159090909091,日元/美元(月均),M,USDJPY_MONTHLY_1957,FRED(OECD),VALIDATED_MIRROR,,,2026-09-05,LATEST_HISTORY_PROXY,PROXY,CURRENT_HISTORY_ONLY_NO_VINTAGE,false,true,true
2012-02-29,2012-02,78.5485714285714,78.5485714285714,日元/美元(月均),M,USDJPY_MONTHLY_1957,FRED(OECD),VALIDATED_MIRROR,,,2026-09-05,LATEST_HISTORY_PROXY,PROXY,CURRENT_HISTORY_ONLY_NO_VINTAGE,false,true,true
2012-03-31,2012-03,82.4436363636364,82.4436363636364,日元/美元(月均),M,USDJPY_MONTHLY_1957,FRED(OECD),VALIDATED_MIRROR,,,2026-09-05,LATEST_HISTORY_PROXY,PROXY,CURRENT_HISTORY_ONLY_NO_VINTAGE,false,true,true
2012-04-30,2012-04,81.2742857142857,81.2742857142857,日元/美元(月均),M,USDJPY_MONTHLY_1957,FRED(OECD),VALIDATED_MIRROR,,,2026-09-05,LATEST_HISTORY_PROXY,PROXY,CURRENT_HISTORY_ONLY_NO_VINTAGE,false,true,true
2012-05-31,2012-05,79.6647826086956,79.6647826086956,日元/美元(月均),M,USDJPY_MONTHLY_1957,FRED(OECD),VALIDATED_MIRROR,,,2026-09-05,LATEST_HISTORY_PROXY,PROXY,CURRENT_HISTORY_ONLY_NO_VINTAGE,false,true,true
2012-06-30,2012-06,79.302380952381,79.302380952381,日元/美元(月均),M,USDJPY_MONTHLY_1957,FRED(OECD),VALIDATED_MIRROR,,,2026-09-05,LATEST_HISTORY_PROXY,PROXY,CURRENT_HISTORY_ONLY_NO_VINTAGE,false,true,true
2012-07-31,2012-07,78.9822727272727,78.9822727272727,日元/美元(月均),M,USDJPY_MONTHLY_1957,FRED(OECD),VALIDATED_MIRROR,,,2026-09-05,LATEST_HISTORY_PROXY,PROXY,CURRENT_HISTORY_ONLY_NO_VINTAGE,false,true,true
2012-08-31,2012-08,78.684347826087,78.684347826087,日元/美元(月均),M,USDJPY_MONTHLY_1957,FRED(OECD),VALIDATED_MIRROR,,,2026-09-05,LATEST_HISTORY_PROXY,PROXY,CURRENT_HISTORY_ONLY_NO_VINTAGE,false,true,true
2012-09-30,2012-09,78.148,78.148,日元/美元(月均),M,USDJPY_MONTHLY_1957,FRED(OECD),VALIDATED_MIRROR,,,2026-09-05,LATEST_HISTORY_PROXY,PROXY,CURRENT_HISTORY_ONLY_NO_VINTAGE,false,true,true
2012-10-31,2012-10,78.9760869565217,78.9760869565217,日元/美元(月均),M,USDJPY_MONTHLY_1957,FRED(OECD),VALIDATED_MIRROR,,,2026-09-05,LATEST_HISTORY_PROXY,PROXY,CURRENT_HISTORY_ONLY_NO_VINTAGE,false,true,true
2012-11-30,2012-11,81.025,81.025,日元/美元(月均),M,USDJPY_MONTHLY_1957,FRED(OECD),VALIDATED_MIRROR,,,2026-09-05,LATEST_HISTORY_PROXY,PROXY,CURRENT_HISTORY_ONLY_NO_VINTAGE,false,true,true
2012-12-31,2012-12,83.7976190476191,83.7976190476191,日元/美元(月均),M,USDJPY_MONTHLY_1957,FRED(OECD),VALIDATED_MIRROR,,,2026-09-05,LATEST_HISTORY_PROXY,PROXY,CURRENT_HISTORY_ONLY_NO_VINTAGE,false,true,true
2013-01-31,2013-01,89.0326086956522,89.0326086956522,日元/美元(月均),M,USDJPY_MONTHLY_1957,FRED(OECD),VALIDATED_MIRROR,,,2026-09-05,LATEST_HISTORY_PROXY,PROXY,CURRENT_HISTORY_ONLY_NO_VINTAGE,false,true,true
2013-02-28,2013-02,93.0715,93.0715,日元/美元(月均),M,USDJPY_MONTHLY_1957,FRED(OECD),VALIDATED_MIRROR,,,2026-09-05,LATEST_HISTORY_PROXY,PROXY,CURRENT_HISTORY_ONLY_NO_VINTAGE,false,true,true
2013-03-31,2013-03,94.7976190476191,94.7976190476191,日元/美元(月均),M,USDJPY_MONTHLY_1957,FRED(OECD),VALIDATED_MIRROR,,,2026-09-05,LATEST_HISTORY_PROXY,PROXY,CURRENT_HISTORY_ONLY_NO_VINTAGE,false,true,true
2013-04-30,2013-04,97.7309090909091,97.7309090909091,日元/美元(月均),M,USDJPY_MONTHLY_1957,FRED(OECD),VALIDATED_MIRROR,,,2026-09-05,LATEST_HISTORY_PROXY,PROXY,CURRENT_HISTORY_ONLY_NO_VINTAGE,false,true,true
2013-05-31,2013-05,101.020952380952,101.020952380952,日元/美元(月均),M,USDJPY_MONTHLY_1957,FRED(OECD),VALIDATED_MIRROR,,,2026-09-05,LATEST_HISTORY_PROXY,PROXY,CURRENT_HISTORY_ONLY_NO_VINTAGE,false,true,true
2013-06-30,2013-06,97.5115,97.5115,日元/美元(月均),M,USDJPY_MONTHLY_1957,FRED(OECD),VALIDATED_MIRROR,,,2026-09-05,LATEST_HISTORY_PROXY,PROXY,CURRENT_HISTORY_ONLY_NO_VINTAGE,false,true,true
2013-07-31,2013-07,99.6347826086957,99.6347826086957,日元/美元(月均),M,USDJPY_MONTHLY_1957,FRED(OECD),VALIDATED_MIRROR,,,2026-09-05,LATEST_HISTORY_PROXY,PROXY,CURRENT_HISTORY_ONLY_NO_VINTAGE,false,true,true
2013-08-31,2013-08,97.8245454545455,97.8245454545455,日元/美元(月均),M,USDJPY_MONTHLY_1957,FRED(OECD),VALIDATED_MIRROR,,,2026-09-05,LATEST_HISTORY_PROXY,PROXY,CURRENT_HISTORY_ONLY_NO_VINTAGE,false,true,true
2013-09-30,2013-09,99.3109523809524,99.3109523809524,日元/美元(月均),M,USDJPY_MONTHLY_1957,FRED(OECD),VALIDATED_MIRROR,,,2026-09-05,LATEST_HISTORY_PROXY,PROXY,CURRENT_HISTORY_ONLY_NO_VINTAGE,false,true,true
2013-10-31,2013-10,97.7504347826087,97.7504347826087,日元/美元(月均),M,USDJPY_MONTHLY_1957,FRED(OECD),VALIDATED_MIRROR,,,2026-09-05,LATEST_HISTORY_PROXY,PROXY,CURRENT_HISTORY_ONLY_NO_VINTAGE,false,true,true
2013-11-30,2013-11,99.9428571428571,99.9428571428571,日元/美元(月均),M,USDJPY_MONTHLY_1957,FRED(OECD),VALIDATED_MIRROR,,,2026-09-05,LATEST_HISTORY_PROXY,PROXY,CURRENT_HISTORY_ONLY_NO_VINTAGE,false,true,true
2013-12-31,2013-12,103.548181818182,103.548181818182,日元/美元(月均),M,USDJPY_MONTHLY_1957,FRED(OECD),VALIDATED_MIRROR,,,2026-09-05,LATEST_HISTORY_PROXY,PROXY,CURRENT_HISTORY_ONLY_NO_VINTAGE,false,true,true
2014-01-31,2014-01,104.168695652174,104.168695652174,日元/美元(月均),M,USDJPY_MONTHLY_1957,FRED(OECD),VALIDATED_MIRROR,,,2026-09-05,LATEST_HISTORY_PROXY,PROXY,CURRENT_HISTORY_ONLY_NO_VINTAGE,false,true,true
2014-02-28,2014-02,102.024,102.024,日元/美元(月均),M,USDJPY_MONTHLY_1957,FRED(OECD),VALIDATED_MIRROR,,,2026-09-05,LATEST_HISTORY_PROXY,PROXY,CURRENT_HISTORY_ONLY_NO_VINTAGE,false,true,true
2014-03-31,2014-03,102.297619047619,102.297619047619,日元/美元(月均),M,USDJPY_MONTHLY_1957,FRED(OECD),VALIDATED_MIRROR,,,2026-09-05,LATEST_HISTORY_PROXY,PROXY,CURRENT_HISTORY_ONLY_NO_VINTAGE,false,true,true
2014-04-30,2014-04,102.521363636364,102.521363636364,日元/美元(月均),M,USDJPY_MONTHLY_1957,FRED(OECD),VALIDATED_MIRROR,,,2026-09-05,LATEST_HISTORY_PROXY,PROXY,CURRENT_HISTORY_ONLY_NO_VINTAGE,false,true,true
2014-05-31,2014-05,101.831818181818,101.831818181818,日元/美元(月均),M,USDJPY_MONTHLY_1957,FRED(OECD),VALIDATED_MIRROR,,,2026-09-05,LATEST_HISTORY_PROXY,PROXY,CURRENT_HISTORY_ONLY_NO_VINTAGE,false,true,true
2014-06-30,2014-06,102.039523809524,102.039523809524,日元/美元(月均),M,USDJPY_MONTHLY_1957,FRED(OECD),VALIDATED_MIRROR,,,2026-09-05,LATEST_HISTORY_PROXY,PROXY,CURRENT_HISTORY_ONLY_NO_VINTAGE,false,true,true
2014-07-31,2014-07,101.710869565217,101.710869565217,日元/美元(月均),M,USDJPY_MONTHLY_1957,FRED(OECD),VALIDATED_MIRROR,,,2026-09-05,LATEST_HISTORY_PROXY,PROXY,CURRENT_HISTORY_ONLY_NO_VINTAGE,false,true,true
2014-08-31,2014-08,102.945714285714,102.945714285714,日元/美元(月均),M,USDJPY_MONTHLY_1957,FRED(OECD),VALIDATED_MIRROR,,,2026-09-05,LATEST_HISTORY_PROXY,PROXY,CURRENT_HISTORY_ONLY_NO_VINTAGE,false,true,true
2014-09-30,2014-09,107.233636363636,107.233636363636,日元/美元(月均),M,USDJPY_MONTHLY_1957,FRED(OECD),VALIDATED_MIRROR,,,2026-09-05,LATEST_HISTORY_PROXY,PROXY,CURRENT_HISTORY_ONLY_NO_VINTAGE,false,true,true
2014-10-31,2014-10,108.02347826087,108.02347826087,日元/美元(月均),M,USDJPY_MONTHLY_1957,FRED(OECD),VALIDATED_MIRROR,,,2026-09-05,LATEST_HISTORY_PROXY,PROXY,CURRENT_HISTORY_ONLY_NO_VINTAGE,false,true,true
2014-11-30,2014-11,116.052,116.052,日元/美元(月均),M,USDJPY_MONTHLY_1957,FRED(OECD),VALIDATED_MIRROR,,,2026-09-05,LATEST_HISTORY_PROXY,PROXY,CURRENT_HISTORY_ONLY_NO_VINTAGE,false,true,true
2014-12-31,2014-12,119.321304347826,119.321304347826,日元/美元(月均),M,USDJPY_MONTHLY_1957,FRED(OECD),VALIDATED_MIRROR,,,2026-09-05,LATEST_HISTORY_PROXY,PROXY,CURRENT_HISTORY_ONLY_NO_VINTAGE,false,true,true
2015-01-31,2015-01,118.437727272727,118.437727272727,日元/美元(月均),M,USDJPY_MONTHLY_1957,FRED(OECD),VALIDATED_MIRROR,,,2026-09-05,LATEST_HISTORY_PROXY,PROXY,CURRENT_HISTORY_ONLY_NO_VINTAGE,false,true,true
2015-02-28,2015-02,118.5925,118.5925,日元/美元(月均),M,USDJPY_MONTHLY_1957,FRED(OECD),VALIDATED_MIRROR,,,2026-09-05,LATEST_HISTORY_PROXY,PROXY,CURRENT_HISTORY_ONLY_NO_VINTAGE,false,true,true
2015-03-31,2015-03,120.369545454545,120.369545454545,日元/美元(月均),M,USDJPY_MONTHLY_1957,FRED(OECD),VALIDATED_MIRROR,,,2026-09-05,LATEST_HISTORY_PROXY,PROXY,CURRENT_HISTORY_ONLY_NO_VINTAGE,false,true,true
2015-04-30,2015-04,119.540909090909,119.540909090909,日元/美元(月均),M,USDJPY_MONTHLY_1957,FRED(OECD),VALIDATED_MIRROR,,,2026-09-05,LATEST_HISTORY_PROXY,PROXY,CURRENT_HISTORY_ONLY_NO_VINTAGE,false,true,true
2015-05-31,2015-05,120.66619047619,120.66619047619,日元/美元(月均),M,USDJPY_MONTHLY_1957,FRED(OECD),VALIDATED_MIRROR,,,2026-09-05,LATEST_HISTORY_PROXY,PROXY,CURRENT_HISTORY_ONLY_NO_VINTAGE,false,true,true
2015-06-30,2015-06,123.697272727273,123.697272727273,日元/美元(月均),M,USDJPY_MONTHLY_1957,FRED(OECD),VALIDATED_MIRROR,,,2026-09-05,LATEST_HISTORY_PROXY,PROXY,CURRENT_HISTORY_ONLY_NO_VINTAGE,false,true,true
2015-07-31,2015-07,123.341304347826,123.341304347826,日元/美元(月均),M,USDJPY_MONTHLY_1957,FRED(OECD),VALIDATED_MIRROR,,,2026-09-05,LATEST_HISTORY_PROXY,PROXY,CURRENT_HISTORY_ONLY_NO_VINTAGE,false,true,true
2015-08-31,2015-08,123.170952380952,123.170952380952,日元/美元(月均),M,USDJPY_MONTHLY_1957,FRED(OECD),VALIDATED_MIRROR,,,2026-09-05,LATEST_HISTORY_PROXY,PROXY,CURRENT_HISTORY_ONLY_NO_VINTAGE,false,true,true
2015-09-30,2015-09,120.034545454545,120.034545454545,日元/美元(月均),M,USDJPY_MONTHLY_1957,FRED(OECD),VALIDATED_MIRROR,,,2026-09-05,LATEST_HISTORY_PROXY,PROXY,CURRENT_HISTORY_ONLY_NO_VINTAGE,false,true,true
2015-10-31,2015-10,119.990454545455,119.990454545455,日元/美元(月均),M,USDJPY_MONTHLY_1957,FRED(OECD),VALIDATED_MIRROR,,,2026-09-05,LATEST_HISTORY_PROXY,PROXY,CURRENT_HISTORY_ONLY_NO_VINTAGE,false,true,true
2015-11-30,2015-11,122.49619047619,122.49619047619,日元/美元(月均),M,USDJPY_MONTHLY_1957,FRED(OECD),VALIDATED_MIRROR,,,2026-09-05,LATEST_HISTORY_PROXY,PROXY,CURRENT_HISTORY_ONLY_NO_VINTAGE,false,true,true
2015-12-31,2015-12,121.69,121.69,日元/美元(月均),M,USDJPY_MONTHLY_1957,FRED(OECD),VALIDATED_MIRROR,,,2026-09-05,LATEST_HISTORY_PROXY,PROXY,CURRENT_HISTORY_ONLY_NO_VINTAGE,false,true,true
2016-01-31,2016-01,118.283333333333,118.283333333333,日元/美元(月均),M,USDJPY_MONTHLY_1957,FRED(OECD),VALIDATED_MIRROR,,,2026-09-05,LATEST_HISTORY_PROXY,PROXY,CURRENT_HISTORY_ONLY_NO_VINTAGE,false,true,true
2016-02-29,2016-02,114.997619047619,114.997619047619,日元/美元(月均),M,USDJPY_MONTHLY_1957,FRED(OECD),VALIDATED_MIRROR,,,2026-09-05,LATEST_HISTORY_PROXY,PROXY,CURRENT_HISTORY_ONLY_NO_VINTAGE,false,true,true
2016-03-31,2016-03,112.970434782609,112.970434782609,日元/美元(月均),M,USDJPY_MONTHLY_1957,FRED(OECD),VALIDATED_MIRROR,,,2026-09-05,LATEST_HISTORY_PROXY,PROXY,CURRENT_HISTORY_ONLY_NO_VINTAGE,false,true,true
2016-04-30,2016-04,109.654761904762,109.654761904762,日元/美元(月均),M,USDJPY_MONTHLY_1957,FRED(OECD),VALIDATED_MIRROR,,,2026-09-05,LATEST_HISTORY_PROXY,PROXY,CURRENT_HISTORY_ONLY_NO_VINTAGE,false,true,true
2016-05-31,2016-05,108.853636363636,108.853636363636,日元/美元(月均),M,USDJPY_MONTHLY_1957,FRED(OECD),VALIDATED_MIRROR,,,2026-09-05,LATEST_HISTORY_PROXY,PROXY,CURRENT_HISTORY_ONLY_NO_VINTAGE,false,true,true
2016-06-30,2016-06,105.433181818182,105.433181818182,日元/美元(月均),M,USDJPY_MONTHLY_1957,FRED(OECD),VALIDATED_MIRROR,,,2026-09-05,LATEST_HISTORY_PROXY,PROXY,CURRENT_HISTORY_ONLY_NO_VINTAGE,false,true,true
2016-07-31,2016-07,104.058571428571,104.058571428571,日元/美元(月均),M,USDJPY_MONTHLY_1957,FRED(OECD),VALIDATED_MIRROR,,,2026-09-05,LATEST_HISTORY_PROXY,PROXY,CURRENT_HISTORY_ONLY_NO_VINTAGE,false,true,true
2016-08-31,2016-08,101.28347826087,101.28347826087,日元/美元(月均),M,USDJPY_MONTHLY_1957,FRED(OECD),VALIDATED_MIRROR,,,2026-09-05,LATEST_HISTORY_PROXY,PROXY,CURRENT_HISTORY_ONLY_NO_VINTAGE,false,true,true
2016-09-30,2016-09,101.969545454545,101.969545454545,日元/美元(月均),M,USDJPY_MONTHLY_1957,FRED(OECD),VALIDATED_MIRROR,,,2026-09-05,LATEST_HISTORY_PROXY,PROXY,CURRENT_HISTORY_ONLY_NO_VINTAGE,false,true,true
2016-10-31,2016-10,103.814285714286,103.814285714286,日元/美元(月均),M,USDJPY_MONTHLY_1957,FRED(OECD),VALIDATED_MIRROR,,,2026-09-05,LATEST_HISTORY_PROXY,PROXY,CURRENT_HISTORY_ONLY_NO_VINTAGE,false,true,true
2016-11-30,2016-11,108.231363636364,108.231363636364,日元/美元(月均),M,USDJPY_MONTHLY_1957,FRED(OECD),VALIDATED_MIRROR,,,2026-09-05,LATEST_HISTORY_PROXY,PROXY,CURRENT_HISTORY_ONLY_NO_VINTAGE,false,true,true
2016-12-31,2016-12,116.082272727273,116.082272727273,日元/美元(月均),M,USDJPY_MONTHLY_1957,FRED(OECD),VALIDATED_MIRROR,,,2026-09-05,LATEST_HISTORY_PROXY,PROXY,CURRENT_HISTORY_ONLY_NO_VINTAGE,false,true,true
2017-01-31,2017-01,114.975454545455,114.975454545455,日元/美元(月均),M,USDJPY_MONTHLY_1957,FRED(OECD),VALIDATED_MIRROR,,,2026-09-05,LATEST_HISTORY_PROXY,PROXY,CURRENT_HISTORY_ONLY_NO_VINTAGE,false,true,true
2017-02-28,2017-02,113.1205,113.1205,日元/美元(月均),M,USDJPY_MONTHLY_1957,FRED(OECD),VALIDATED_MIRROR,,,2026-09-05,LATEST_HISTORY_PROXY,PROXY,CURRENT_HISTORY_ONLY_NO_VINTAGE,false,true,true
2017-03-31,2017-03,113.031739130435,113.031739130435,日元/美元(月均),M,USDJPY_MONTHLY_1957,FRED(OECD),VALIDATED_MIRROR,,,2026-09-05,LATEST_HISTORY_PROXY,PROXY,CURRENT_HISTORY_ONLY_NO_VINTAGE,false,true,true
2017-04-30,2017-04,110.073,110.073,日元/美元(月均),M,USDJPY_MONTHLY_1957,FRED(OECD),VALIDATED_MIRROR,,,2026-09-05,LATEST_HISTORY_PROXY,PROXY,CURRENT_HISTORY_ONLY_NO_VINTAGE,false,true,true
2017-05-31,2017-05,112.223913043478,112.223913043478,日元/美元(月均),M,USDJPY_MONTHLY_1957,FRED(OECD),VALIDATED_MIRROR,,,2026-09-05,LATEST_HISTORY_PROXY,PROXY,CURRENT_HISTORY_ONLY_NO_VINTAGE,false,true,true
2017-06-30,2017-06,110.881818181818,110.881818181818,日元/美元(月均),M,USDJPY_MONTHLY_1957,FRED(OECD),VALIDATED_MIRROR,,,2026-09-05,LATEST_HISTORY_PROXY,PROXY,CURRENT_HISTORY_ONLY_NO_VINTAGE,false,true,true
2017-07-31,2017-07,112.534761904762,112.534761904762,日元/美元(月均),M,USDJPY_MONTHLY_1957,FRED(OECD),VALIDATED_MIRROR,,,2026-09-05,LATEST_HISTORY_PROXY,PROXY,CURRENT_HISTORY_ONLY_NO_VINTAGE,false,true,true
2017-08-31,2017-08,109.89652173913,109.89652173913,日元/美元(月均),M,USDJPY_MONTHLY_1957,FRED(OECD),VALIDATED_MIRROR,,,2026-09-05,LATEST_HISTORY_PROXY,PROXY,CURRENT_HISTORY_ONLY_NO_VINTAGE,false,true,true
2017-09-30,2017-09,110.665238095238,110.665238095238,日元/美元(月均),M,USDJPY_MONTHLY_1957,FRED(OECD),VALIDATED_MIRROR,,,2026-09-05,LATEST_HISTORY_PROXY,PROXY,CURRENT_HISTORY_ONLY_NO_VINTAGE,false,true,true
2017-10-31,2017-10,112.941363636364,112.941363636364,日元/美元(月均),M,USDJPY_MONTHLY_1957,FRED(OECD),VALIDATED_MIRROR,,,2026-09-05,LATEST_HISTORY_PROXY,PROXY,CURRENT_HISTORY_ONLY_NO_VINTAGE,false,true,true
2017-11-30,2017-11,112.900454545455,112.900454545455,日元/美元(月均),M,USDJPY_MONTHLY_1957,FRED(OECD),VALIDATED_MIRROR,,,2026-09-05,LATEST_HISTORY_PROXY,PROXY,CURRENT_HISTORY_ONLY_NO_VINTAGE,false,true,true
2017-12-31,2017-12,112.951904761905,112.951904761905,日元/美元(月均),M,USDJPY_MONTHLY_1957,FRED(OECD),VALIDATED_MIRROR,,,2026-09-05,LATEST_HISTORY_PROXY,PROXY,CURRENT_HISTORY_ONLY_NO_VINTAGE,false,true,true
2018-01-31,2018-01,111.086086956522,111.086086956522,日元/美元(月均),M,USDJPY_MONTHLY_1957,FRED(OECD),VALIDATED_MIRROR,,,2026-09-05,LATEST_HISTORY_PROXY,PROXY,CURRENT_HISTORY_ONLY_NO_VINTAGE,false,true,true
2018-02-28,2018-02,107.9545,107.9545,日元/美元(月均),M,USDJPY_MONTHLY_1957,FRED(OECD),VALIDATED_MIRROR,,,2026-09-05,LATEST_HISTORY_PROXY,PROXY,CURRENT_HISTORY_ONLY_NO_VINTAGE,false,true,true
2018-03-31,2018-03,106.024545454545,106.024545454545,日元/美元(月均),M,USDJPY_MONTHLY_1957,FRED(OECD),VALIDATED_MIRROR,,,2026-09-05,LATEST_HISTORY_PROXY,PROXY,CURRENT_HISTORY_ONLY_NO_VINTAGE,false,true,true
2018-04-30,2018-04,107.572380952381,107.572380952381,日元/美元(月均),M,USDJPY_MONTHLY_1957,FRED(OECD),VALIDATED_MIRROR,,,2026-09-05,LATEST_HISTORY_PROXY,PROXY,CURRENT_HISTORY_ONLY_NO_VINTAGE,false,true,true
2018-05-31,2018-05,109.74,109.74,日元/美元(月均),M,USDJPY_MONTHLY_1957,FRED(OECD),VALIDATED_MIRROR,,,2026-09-05,LATEST_HISTORY_PROXY,PROXY,CURRENT_HISTORY_ONLY_NO_VINTAGE,false,true,true
2018-06-30,2018-06,110.009523809524,110.009523809524,日元/美元(月均),M,USDJPY_MONTHLY_1957,FRED(OECD),VALIDATED_MIRROR,,,2026-09-05,LATEST_HISTORY_PROXY,PROXY,CURRENT_HISTORY_ONLY_NO_VINTAGE,false,true,true
2018-07-31,2018-07,111.462272727273,111.462272727273,日元/美元(月均),M,USDJPY_MONTHLY_1957,FRED(OECD),VALIDATED_MIRROR,,,2026-09-05,LATEST_HISTORY_PROXY,PROXY,CURRENT_HISTORY_ONLY_NO_VINTAGE,false,true,true
2018-08-31,2018-08,111.052173913043,111.052173913043,日元/美元(月均),M,USDJPY_MONTHLY_1957,FRED(OECD),VALIDATED_MIRROR,,,2026-09-05,LATEST_HISTORY_PROXY,PROXY,CURRENT_HISTORY_ONLY_NO_VINTAGE,false,true,true
2018-09-30,2018-09,111.9375,111.9375,日元/美元(月均),M,USDJPY_MONTHLY_1957,FRED(OECD),VALIDATED_MIRROR,,,2026-09-05,LATEST_HISTORY_PROXY,PROXY,CURRENT_HISTORY_ONLY_NO_VINTAGE,false,true,true
2018-10-31,2018-10,112.851739130435,112.851739130435,日元/美元(月均),M,USDJPY_MONTHLY_1957,FRED(OECD),VALIDATED_MIRROR,,,2026-09-05,LATEST_HISTORY_PROXY,PROXY,CURRENT_HISTORY_ONLY_NO_VINTAGE,false,true,true
2018-11-30,2018-11,113.338181818182,113.338181818182,日元/美元(月均),M,USDJPY_MONTHLY_1957,FRED(OECD),VALIDATED_MIRROR,,,2026-09-05,LATEST_HISTORY_PROXY,PROXY,CURRENT_HISTORY_ONLY_NO_VINTAGE,false,true,true
2018-12-31,2018-12,112.224761904762,112.224761904762,日元/美元(月均),M,USDJPY_MONTHLY_1957,FRED(OECD),VALIDATED_MIRROR,,,2026-09-05,LATEST_HISTORY_PROXY,PROXY,CURRENT_HISTORY_ONLY_NO_VINTAGE,false,true,true
2019-01-31,2019-01,109.125217391304,109.125217391304,日元/美元(月均),M,USDJPY_MONTHLY_1957,FRED(OECD),VALIDATED_MIRROR,,,2026-09-05,LATEST_HISTORY_PROXY,PROXY,CURRENT_HISTORY_ONLY_NO_VINTAGE,false,true,true
2019-02-28,2019-02,110.329,110.329,日元/美元(月均),M,USDJPY_MONTHLY_1957,FRED(OECD),VALIDATED_MIRROR,,,2026-09-05,LATEST_HISTORY_PROXY,PROXY,CURRENT_HISTORY_ONLY_NO_VINTAGE,false,true,true
2019-03-31,2019-03,111.228095238095,111.228095238095,日元/美元(月均),M,USDJPY_MONTHLY_1957,FRED(OECD),VALIDATED_MIRROR,,,2026-09-05,LATEST_HISTORY_PROXY,PROXY,CURRENT_HISTORY_ONLY_NO_VINTAGE,false,true,true
2019-04-30,2019-04,111.627272727273,111.627272727273,日元/美元(月均),M,USDJPY_MONTHLY_1957,FRED(OECD),VALIDATED_MIRROR,,,2026-09-05,LATEST_HISTORY_PROXY,PROXY,CURRENT_HISTORY_ONLY_NO_VINTAGE,false,true,true
2019-05-31,2019-05,110.084782608696,110.084782608696,日元/美元(月均),M,USDJPY_MONTHLY_1957,FRED(OECD),VALIDATED_MIRROR,,,2026-09-05,LATEST_HISTORY_PROXY,PROXY,CURRENT_HISTORY_ONLY_NO_VINTAGE,false,true,true
2019-06-30,2019-06,108.063,108.063,日元/美元(月均),M,USDJPY_MONTHLY_1957,FRED(OECD),VALIDATED_MIRROR,,,2026-09-05,LATEST_HISTORY_PROXY,PROXY,CURRENT_HISTORY_ONLY_NO_VINTAGE,false,true,true
2019-07-31,2019-07,108.230434782609,108.230434782609,日元/美元(月均),M,USDJPY_MONTHLY_1957,FRED(OECD),VALIDATED_MIRROR,,,2026-09-05,LATEST_HISTORY_PROXY,PROXY,CURRENT_HISTORY_ONLY_NO_VINTAGE,false,true,true
2019-08-31,2019-08,106.318636363636,106.318636363636,日元/美元(月均),M,USDJPY_MONTHLY_1957,FRED(OECD),VALIDATED_MIRROR,,,2026-09-05,LATEST_HISTORY_PROXY,PROXY,CURRENT_HISTORY_ONLY_NO_VINTAGE,false,true,true
2019-09-30,2019-09,107.44380952381,107.44380952381,日元/美元(月均),M,USDJPY_MONTHLY_1957,FRED(OECD),VALIDATED_MIRROR,,,2026-09-05,LATEST_HISTORY_PROXY,PROXY,CURRENT_HISTORY_ONLY_NO_VINTAGE,false,true,true
2019-10-31,2019-10,108.119565217391,108.119565217391,日元/美元(月均),M,USDJPY_MONTHLY_1957,FRED(OECD),VALIDATED_MIRROR,,,2026-09-05,LATEST_HISTORY_PROXY,PROXY,CURRENT_HISTORY_ONLY_NO_VINTAGE,false,true,true
2019-11-30,2019-11,108.801904761905,108.801904761905,日元/美元(月均),M,USDJPY_MONTHLY_1957,FRED(OECD),VALIDATED_MIRROR,,,2026-09-05,LATEST_HISTORY_PROXY,PROXY,CURRENT_HISTORY_ONLY_NO_VINTAGE,false,true,true
2019-12-31,2019-12,109.178636363636,109.178636363636,日元/美元(月均),M,USDJPY_MONTHLY_1957,FRED(OECD),VALIDATED_MIRROR,,,2026-09-05,LATEST_HISTORY_PROXY,PROXY,CURRENT_HISTORY_ONLY_NO_VINTAGE,false,true,true
2020-01-31,2020-01,109.33347826087,109.33347826087,日元/美元(月均),M,USDJPY_MONTHLY_1957,FRED(OECD),VALIDATED_MIRROR,,,2026-09-05,LATEST_HISTORY_PROXY,PROXY,CURRENT_HISTORY_ONLY_NO_VINTAGE,false,true,true
2020-02-29,2020-02,110.0295,110.0295,日元/美元(月均),M,USDJPY_MONTHLY_1957,FRED(OECD),VALIDATED_MIRROR,,,2026-09-05,LATEST_HISTORY_PROXY,PROXY,CURRENT_HISTORY_ONLY_NO_VINTAGE,false,true,true
2020-03-31,2020-03,107.492272727273,107.492272727273,日元/美元(月均),M,USDJPY_MONTHLY_1957,FRED(OECD),VALIDATED_MIRROR,,,2026-09-05,LATEST_HISTORY_PROXY,PROXY,CURRENT_HISTORY_ONLY_NO_VINTAGE,false,true,true
2020-04-30,2020-04,107.806363636364,107.806363636364,日元/美元(月均),M,USDJPY_MONTHLY_1957,FRED(OECD),VALIDATED_MIRROR,,,2026-09-05,LATEST_HISTORY_PROXY,PROXY,CURRENT_HISTORY_ONLY_NO_VINTAGE,false,true,true
2020-05-31,2020-05,107.224285714286,107.224285714286,日元/美元(月均),M,USDJPY_MONTHLY_1957,FRED(OECD),VALIDATED_MIRROR,,,2026-09-05,LATEST_HISTORY_PROXY,PROXY,CURRENT_HISTORY_ONLY_NO_VINTAGE,false,true,true
2020-06-30,2020-06,107.585909090909,107.585909090909,日元/美元(月均),M,USDJPY_MONTHLY_1957,FRED(OECD),VALIDATED_MIRROR,,,2026-09-05,LATEST_HISTORY_PROXY,PROXY,CURRENT_HISTORY_ONLY_NO_VINTAGE,false,true,true
2020-07-31,2020-07,106.751739130435,106.751739130435,日元/美元(月均),M,USDJPY_MONTHLY_1957,FRED(OECD),VALIDATED_MIRROR,,,2026-09-05,LATEST_HISTORY_PROXY,PROXY,CURRENT_HISTORY_ONLY_NO_VINTAGE,false,true,true
2020-08-31,2020-08,105.98619047619,105.98619047619,日元/美元(月均),M,USDJPY_MONTHLY_1957,FRED(OECD),VALIDATED_MIRROR,,,2026-09-05,LATEST_HISTORY_PROXY,PROXY,CURRENT_HISTORY_ONLY_NO_VINTAGE,false,true,true
2020-09-30,2020-09,105.559545454545,105.559545454545,日元/美元(月均),M,USDJPY_MONTHLY_1957,FRED(OECD),VALIDATED_MIRROR,,,2026-09-05,LATEST_HISTORY_PROXY,PROXY,CURRENT_HISTORY_ONLY_NO_VINTAGE,false,true,true
2020-10-31,2020-10,105.198636363636,105.198636363636,日元/美元(月均),M,USDJPY_MONTHLY_1957,FRED(OECD),VALIDATED_MIRROR,,,2026-09-05,LATEST_HISTORY_PROXY,PROXY,CURRENT_HISTORY_ONLY_NO_VINTAGE,false,true,true
2020-11-30,2020-11,104.390476190476,104.390476190476,日元/美元(月均),M,USDJPY_MONTHLY_1957,FRED(OECD),VALIDATED_MIRROR,,,2026-09-05,LATEST_HISTORY_PROXY,PROXY,CURRENT_HISTORY_ONLY_NO_VINTAGE,false,true,true
2020-12-31,2020-12,103.790434782609,103.790434782609,日元/美元(月均),M,USDJPY_MONTHLY_1957,FRED(OECD),VALIDATED_MIRROR,,,2026-09-05,LATEST_HISTORY_PROXY,PROXY,CURRENT_HISTORY_ONLY_NO_VINTAGE,false,true,true
2021-01-31,2021-01,103.687142857143,103.687142857143,日元/美元(月均),M,USDJPY_MONTHLY_1957,FRED(OECD),VALIDATED_MIRROR,,,2026-09-05,LATEST_HISTORY_PROXY,PROXY,CURRENT_HISTORY_ONLY_NO_VINTAGE,false,true,true
2021-02-28,2021-02,105.3485,105.3485,日元/美元(月均),M,USDJPY_MONTHLY_1957,FRED(OECD),VALIDATED_MIRROR,,,2026-09-05,LATEST_HISTORY_PROXY,PROXY,CURRENT_HISTORY_ONLY_NO_VINTAGE,false,true,true
2021-03-31,2021-03,108.692173913043,108.692173913043,日元/美元(月均),M,USDJPY_MONTHLY_1957,FRED(OECD),VALIDATED_MIRROR,,,2026-09-05,LATEST_HISTORY_PROXY,PROXY,CURRENT_HISTORY_ONLY_NO_VINTAGE,false,true,true
2021-04-30,2021-04,109.089545454545,109.089545454545,日元/美元(月均),M,USDJPY_MONTHLY_1957,FRED(OECD),VALIDATED_MIRROR,,,2026-09-05,LATEST_HISTORY_PROXY,PROXY,CURRENT_HISTORY_ONLY_NO_VINTAGE,false,true,true
2021-05-31,2021-05,109.081428571429,109.081428571429,日元/美元(月均),M,USDJPY_MONTHLY_1957,FRED(OECD),VALIDATED_MIRROR,,,2026-09-05,LATEST_HISTORY_PROXY,PROXY,CURRENT_HISTORY_ONLY_NO_VINTAGE,false,true,true
2021-06-30,2021-06,110.078181818182,110.078181818182,日元/美元(月均),M,USDJPY_MONTHLY_1957,FRED(OECD),VALIDATED_MIRROR,,,2026-09-05,LATEST_HISTORY_PROXY,PROXY,CURRENT_HISTORY_ONLY_NO_VINTAGE,false,true,true
2021-07-31,2021-07,110.230909090909,110.230909090909,日元/美元(月均),M,USDJPY_MONTHLY_1957,FRED(OECD),VALIDATED_MIRROR,,,2026-09-05,LATEST_HISTORY_PROXY,PROXY,CURRENT_HISTORY_ONLY_NO_VINTAGE,false,true,true
2021-08-31,2021-08,109.807272727273,109.807272727273,日元/美元(月均),M,USDJPY_MONTHLY_1957,FRED(OECD),VALIDATED_MIRROR,,,2026-09-05,LATEST_HISTORY_PROXY,PROXY,CURRENT_HISTORY_ONLY_NO_VINTAGE,false,true,true
2021-09-30,2021-09,110.146363636364,110.146363636364,日元/美元(月均),M,USDJPY_MONTHLY_1957,FRED(OECD),VALIDATED_MIRROR,,,2026-09-05,LATEST_HISTORY_PROXY,PROXY,CURRENT_HISTORY_ONLY_NO_VINTAGE,false,true,true
2021-10-31,2021-10,113.083333333333,113.083333333333,日元/美元(月均),M,USDJPY_MONTHLY_1957,FRED(OECD),VALIDATED_MIRROR,,,2026-09-05,LATEST_HISTORY_PROXY,PROXY,CURRENT_HISTORY_ONLY_NO_VINTAGE,false,true,true
2021-11-30,2021-11,114.015,114.015,日元/美元(月均),M,USDJPY_MONTHLY_1957,FRED(OECD),VALIDATED_MIRROR,,,2026-09-05,LATEST_HISTORY_PROXY,PROXY,CURRENT_HISTORY_ONLY_NO_VINTAGE,false,true,true
2021-12-31,2021-12,113.92347826087,113.92347826087,日元/美元(月均),M,USDJPY_MONTHLY_1957,FRED(OECD),VALIDATED_MIRROR,,,2026-09-05,LATEST_HISTORY_PROXY,PROXY,CURRENT_HISTORY_ONLY_NO_VINTAGE,false,true,true
2022-01-31,2022-01,114.890952380952,114.890952380952,日元/美元(月均),M,USDJPY_MONTHLY_1957,FRED(OECD),VALIDATED_MIRROR,,,2026-09-05,LATEST_HISTORY_PROXY,PROXY,CURRENT_HISTORY_ONLY_NO_VINTAGE,false,true,true
2022-02-28,2022-02,115.1535,115.1535,日元/美元(月均),M,USDJPY_MONTHLY_1957,FRED(OECD),VALIDATED_MIRROR,,,2026-09-05,LATEST_HISTORY_PROXY,PROXY,CURRENT_HISTORY_ONLY_NO_VINTAGE,false,true,true
2022-03-31,2022-03,118.547391304348,118.547391304348,日元/美元(月均),M,USDJPY_MONTHLY_1957,FRED(OECD),VALIDATED_MIRROR,,,2026-09-05,LATEST_HISTORY_PROXY,PROXY,CURRENT_HISTORY_ONLY_NO_VINTAGE,false,true,true
2022-04-30,2022-04,126.33619047619,126.33619047619,日元/美元(月均),M,USDJPY_MONTHLY_1957,FRED(OECD),VALIDATED_MIRROR,,,2026-09-05,LATEST_HISTORY_PROXY,PROXY,CURRENT_HISTORY_ONLY_NO_VINTAGE,false,true,true
2022-05-31,2022-05,128.864545454545,128.864545454545,日元/美元(月均),M,USDJPY_MONTHLY_1957,FRED(OECD),VALIDATED_MIRROR,,,2026-09-05,LATEST_HISTORY_PROXY,PROXY,CURRENT_HISTORY_ONLY_NO_VINTAGE,false,true,true
2022-06-30,2022-06,133.841818181818,133.841818181818,日元/美元(月均),M,USDJPY_MONTHLY_1957,FRED(OECD),VALIDATED_MIRROR,,,2026-09-05,LATEST_HISTORY_PROXY,PROXY,CURRENT_HISTORY_ONLY_NO_VINTAGE,false,true,true
2022-07-31,2022-07,136.792380952381,136.792380952381,日元/美元(月均),M,USDJPY_MONTHLY_1957,FRED(OECD),VALIDATED_MIRROR,,,2026-09-05,LATEST_HISTORY_PROXY,PROXY,CURRENT_HISTORY_ONLY_NO_VINTAGE,false,true,true
2022-08-31,2022-08,135.25,135.25,日元/美元(月均),M,USDJPY_MONTHLY_1957,FRED(OECD),VALIDATED_MIRROR,,,2026-09-05,LATEST_HISTORY_PROXY,PROXY,CURRENT_HISTORY_ONLY_NO_VINTAGE,false,true,true
2022-09-30,2022-09,143.216818181818,143.216818181818,日元/美元(月均),M,USDJPY_MONTHLY_1957,FRED(OECD),VALIDATED_MIRROR,,,2026-09-05,LATEST_HISTORY_PROXY,PROXY,CURRENT_HISTORY_ONLY_NO_VINTAGE,false,true,true
2022-10-31,2022-10,147.040476190476,147.040476190476,日元/美元(月均),M,USDJPY_MONTHLY_1957,FRED(OECD),VALIDATED_MIRROR,,,2026-09-05,LATEST_HISTORY_PROXY,PROXY,CURRENT_HISTORY_ONLY_NO_VINTAGE,false,true,true
2022-11-30,2022-11,142.375909090909,142.375909090909,日元/美元(月均),M,USDJPY_MONTHLY_1957,FRED(OECD),VALIDATED_MIRROR,,,2026-09-05,LATEST_HISTORY_PROXY,PROXY,CURRENT_HISTORY_ONLY_NO_VINTAGE,false,true,true
2022-12-31,2022-12,134.829545454545,134.829545454545,日元/美元(月均),M,USDJPY_MONTHLY_1957,FRED(OECD),VALIDATED_MIRROR,,,2026-09-05,LATEST_HISTORY_PROXY,PROXY,CURRENT_HISTORY_ONLY_NO_VINTAGE,false,true,true
2023-01-31,2023-01,130.616363636364,130.616363636364,日元/美元(月均),M,USDJPY_MONTHLY_1957,FRED(OECD),VALIDATED_MIRROR,,,2026-09-05,LATEST_HISTORY_PROXY,PROXY,CURRENT_HISTORY_ONLY_NO_VINTAGE,false,true,true
2023-02-28,2023-02,132.7835,132.7835,日元/美元(月均),M,USDJPY_MONTHLY_1957,FRED(OECD),VALIDATED_MIRROR,,,2026-09-05,LATEST_HISTORY_PROXY,PROXY,CURRENT_HISTORY_ONLY_NO_VINTAGE,false,true,true
2023-03-31,2023-03,133.721739130435,133.721739130435,日元/美元(月均),M,USDJPY_MONTHLY_1957,FRED(OECD),VALIDATED_MIRROR,,,2026-09-05,LATEST_HISTORY_PROXY,PROXY,CURRENT_HISTORY_ONLY_NO_VINTAGE,false,true,true
2023-04-30,2023-04,133.39,133.39,日元/美元(月均),M,USDJPY_MONTHLY_1957,FRED(OECD),VALIDATED_MIRROR,,,2026-09-05,LATEST_HISTORY_PROXY,PROXY,CURRENT_HISTORY_ONLY_NO_VINTAGE,false,true,true
2023-05-31,2023-05,137.406086956522,137.406086956522,日元/美元(月均),M,USDJPY_MONTHLY_1957,FRED(OECD),VALIDATED_MIRROR,,,2026-09-05,LATEST_HISTORY_PROXY,PROXY,CURRENT_HISTORY_ONLY_NO_VINTAGE,false,true,true
2023-06-30,2023-06,141.315454545455,141.315454545455,日元/美元(月均),M,USDJPY_MONTHLY_1957,FRED(OECD),VALIDATED_MIRROR,,,2026-09-05,LATEST_HISTORY_PROXY,PROXY,CURRENT_HISTORY_ONLY_NO_VINTAGE,false,true,true
2023-07-31,2023-07,141.050952380952,141.050952380952,日元/美元(月均),M,USDJPY_MONTHLY_1957,FRED(OECD),VALIDATED_MIRROR,,,2026-09-05,LATEST_HISTORY_PROXY,PROXY,CURRENT_HISTORY_ONLY_NO_VINTAGE,false,true,true
2023-08-31,2023-08,144.675652173913,144.675652173913,日元/美元(月均),M,USDJPY_MONTHLY_1957,FRED(OECD),VALIDATED_MIRROR,,,2026-09-05,LATEST_HISTORY_PROXY,PROXY,CURRENT_HISTORY_ONLY_NO_VINTAGE,false,true,true
2023-09-30,2023-09,147.645714285714,147.645714285714,日元/美元(月均),M,USDJPY_MONTHLY_1957,FRED(OECD),VALIDATED_MIRROR,,,2026-09-05,LATEST_HISTORY_PROXY,PROXY,CURRENT_HISTORY_ONLY_NO_VINTAGE,false,true,true
2023-10-31,2023-10,149.544545454545,149.544545454545,日元/美元(月均),M,USDJPY_MONTHLY_1957,FRED(OECD),VALIDATED_MIRROR,,,2026-09-05,LATEST_HISTORY_PROXY,PROXY,CURRENT_HISTORY_ONLY_NO_VINTAGE,false,true,true
2023-11-30,2023-11,149.850909090909,149.850909090909,日元/美元(月均),M,USDJPY_MONTHLY_1957,FRED(OECD),VALIDATED_MIRROR,,,2026-09-05,LATEST_HISTORY_PROXY,PROXY,CURRENT_HISTORY_ONLY_NO_VINTAGE,false,true,true
2023-12-31,2023-12,144.072380952381,144.072380952381,日元/美元(月均),M,USDJPY_MONTHLY_1957,FRED(OECD),VALIDATED_MIRROR,,,2026-09-05,LATEST_HISTORY_PROXY,PROXY,CURRENT_HISTORY_ONLY_NO_VINTAGE,false,true,true
2024-01-31,2024-01,145.833043478261,145.833043478261,日元/美元(月均),M,USDJPY_MONTHLY_1957,FRED(OECD),VALIDATED_MIRROR,,,2026-09-05,LATEST_HISTORY_PROXY,PROXY,CURRENT_HISTORY_ONLY_NO_VINTAGE,false,true,true
2024-02-29,2024-02,149.431904761905,149.431904761905,日元/美元(月均),M,USDJPY_MONTHLY_1957,FRED(OECD),VALIDATED_MIRROR,,,2026-09-05,LATEST_HISTORY_PROXY,PROXY,CURRENT_HISTORY_ONLY_NO_VINTAGE,false,true,true
2024-03-31,2024-03,149.714761904762,149.714761904762,日元/美元(月均),M,USDJPY_MONTHLY_1957,FRED(OECD),VALIDATED_MIRROR,,,2026-09-05,LATEST_HISTORY_PROXY,PROXY,CURRENT_HISTORY_ONLY_NO_VINTAGE,false,true,true
2024-04-30,2024-04,153.705454545455,153.705454545455,日元/美元(月均),M,USDJPY_MONTHLY_1957,FRED(OECD),VALIDATED_MIRROR,,,2026-09-05,LATEST_HISTORY_PROXY,PROXY,CURRENT_HISTORY_ONLY_NO_VINTAGE,false,true,true
2024-05-31,2024-05,156.132173913043,156.132173913043,日元/美元(月均),M,USDJPY_MONTHLY_1957,FRED(OECD),VALIDATED_MIRROR,,,2026-09-05,LATEST_HISTORY_PROXY,PROXY,CURRENT_HISTORY_ONLY_NO_VINTAGE,false,true,true
2024-06-30,2024-06,157.889,157.889,日元/美元(月均),M,USDJPY_MONTHLY_1957,FRED(OECD),VALIDATED_MIRROR,,,2026-09-05,LATEST_HISTORY_PROXY,PROXY,CURRENT_HISTORY_ONLY_NO_VINTAGE,false,true,true
2024-07-31,2024-07,157.857391304348,157.857391304348,日元/美元(月均),M,USDJPY_MONTHLY_1957,FRED(OECD),VALIDATED_MIRROR,,,2026-09-05,LATEST_HISTORY_PROXY,PROXY,CURRENT_HISTORY_ONLY_NO_VINTAGE,false,true,true
2024-08-31,2024-08,146.322727272727,146.322727272727,日元/美元(月均),M,USDJPY_MONTHLY_1957,FRED(OECD),VALIDATED_MIRROR,,,2026-09-05,LATEST_HISTORY_PROXY,PROXY,CURRENT_HISTORY_ONLY_NO_VINTAGE,false,true,true
2024-09-30,2024-09,143.201428571429,143.201428571429,日元/美元(月均),M,USDJPY_MONTHLY_1957,FRED(OECD),VALIDATED_MIRROR,,,2026-09-05,LATEST_HISTORY_PROXY,PROXY,CURRENT_HISTORY_ONLY_NO_VINTAGE,false,true,true
2024-10-31,2024-10,149.552173913043,149.552173913043,日元/美元(月均),M,USDJPY_MONTHLY_1957,FRED(OECD),VALIDATED_MIRROR,,,2026-09-05,LATEST_HISTORY_PROXY,PROXY,CURRENT_HISTORY_ONLY_NO_VINTAGE,false,true,true
2024-11-30,2024-11,153.74380952381,153.74380952381,日元/美元(月均),M,USDJPY_MONTHLY_1957,FRED(OECD),VALIDATED_MIRROR,,,2026-09-05,LATEST_HISTORY_PROXY,PROXY,CURRENT_HISTORY_ONLY_NO_VINTAGE,false,true,true
2024-12-31,2024-12,153.892727272727,153.892727272727,日元/美元(月均),M,USDJPY_MONTHLY_1957,FRED(OECD),VALIDATED_MIRROR,,,2026-09-05,LATEST_HISTORY_PROXY,PROXY,CURRENT_HISTORY_ONLY_NO_VINTAGE,false,true,true
2025-01-31,2025-01,156.688260869565,156.688260869565,日元/美元(月均),M,USDJPY_MONTHLY_1957,FRED(OECD),VALIDATED_MIRROR,,,2026-09-05,LATEST_HISTORY_PROXY,PROXY,CURRENT_HISTORY_ONLY_NO_VINTAGE,false,true,true
2025-02-28,2025-02,151.9515,151.9515,日元/美元(月均),M,USDJPY_MONTHLY_1957,FRED(OECD),VALIDATED_MIRROR,,,2026-09-05,LATEST_HISTORY_PROXY,PROXY,CURRENT_HISTORY_ONLY_NO_VINTAGE,false,true,true
2025-03-31,2025-03,149.139523809524,149.139523809524,日元/美元(月均),M,USDJPY_MONTHLY_1957,FRED(OECD),VALIDATED_MIRROR,,,2026-09-05,LATEST_HISTORY_PROXY,PROXY,CURRENT_HISTORY_ONLY_NO_VINTAGE,false,true,true
2025-04-30,2025-04,144.226363636364,144.226363636364,日元/美元(月均),M,USDJPY_MONTHLY_1957,FRED(OECD),VALIDATED_MIRROR,,,2026-09-05,LATEST_HISTORY_PROXY,PROXY,CURRENT_HISTORY_ONLY_NO_VINTAGE,false,true,true
2025-05-31,2025-05,144.794545454545,144.794545454545,日元/美元(月均),M,USDJPY_MONTHLY_1957,FRED(OECD),VALIDATED_MIRROR,,,2026-09-05,LATEST_HISTORY_PROXY,PROXY,CURRENT_HISTORY_ONLY_NO_VINTAGE,false,true,true
2025-06-30,2025-06,144.460476190476,144.460476190476,日元/美元(月均),M,USDJPY_MONTHLY_1957,FRED(OECD),VALIDATED_MIRROR,,,2026-09-05,LATEST_HISTORY_PROXY,PROXY,CURRENT_HISTORY_ONLY_NO_VINTAGE,false,true,true
2025-07-31,2025-07,146.859130434783,146.859130434783,日元/美元(月均),M,USDJPY_MONTHLY_1957,FRED(OECD),VALIDATED_MIRROR,,,2026-09-05,LATEST_HISTORY_PROXY,PROXY,CURRENT_HISTORY_ONLY_NO_VINTAGE,false,true,true
2025-08-31,2025-08,147.615714285714,147.615714285714,日元/美元(月均),M,USDJPY_MONTHLY_1957,FRED(OECD),VALIDATED_MIRROR,,,2026-09-05,LATEST_HISTORY_PROXY,PROXY,CURRENT_HISTORY_ONLY_NO_VINTAGE,false,true,true
2025-09-30,2025-09,147.909545454545,147.909545454545,日元/美元(月均),M,USDJPY_MONTHLY_1957,FRED(OECD),VALIDATED_MIRROR,,,2026-09-05,LATEST_HISTORY_PROXY,PROXY,CURRENT_HISTORY_ONLY_NO_VINTAGE,false,true,true
2025-10-31,2025-10,151.373913043478,151.373913043478,日元/美元(月均),M,USDJPY_MONTHLY_1957,FRED(OECD),VALIDATED_MIRROR,,,2026-09-05,LATEST_HISTORY_PROXY,PROXY,CURRENT_HISTORY_ONLY_NO_VINTAGE,false,true,true
2025-11-30,2025-11,155.117,155.117,日元/美元(月均),M,USDJPY_MONTHLY_1957,FRED(OECD),VALIDATED_MIRROR,,,2026-09-05,LATEST_HISTORY_PROXY,PROXY,CURRENT_HISTORY_ONLY_NO_VINTAGE,false,true,true
2025-12-31,2025-12,155.845217391304,155.845217391304,日元/美元(月均),M,USDJPY_MONTHLY_1957,FRED(OECD),VALIDATED_MIRROR,,,2026-09-05,LATEST_HISTORY_PROXY,PROXY,CURRENT_HISTORY_ONLY_NO_VINTAGE,false,true,true
2026-01-31,2026-01,156.733181818182,156.733181818182,日元/美元(月均),M,USDJPY_MONTHLY_1957,FRED(OECD),VALIDATED_MIRROR,,,2026-09-05,LATEST_HISTORY_PROXY,PROXY,CURRENT_HISTORY_ONLY_NO_VINTAGE,false,true,true
2026-02-28,2026-02,155.246,155.246,日元/美元(月均),M,USDJPY_MONTHLY_1957,FRED(OECD),VALIDATED_MIRROR,,,2026-09-05,LATEST_HISTORY_PROXY,PROXY,CURRENT_HISTORY_ONLY_NO_VINTAGE,false,true,true
2026-03-31,2026-03,158.657272727273,158.657272727273,日元/美元(月均),M,USDJPY_MONTHLY_1957,FRED(OECD),VALIDATED_MIRROR,,,2026-09-05,LATEST_HISTORY_PROXY,PROXY,CURRENT_HISTORY_ONLY_NO_VINTAGE,false,true,true
2026-04-30,2026-04,159.282272727273,159.282272727273,日元/美元(月均),M,USDJPY_MONTHLY_1957,FRED(OECD),VALIDATED_MIRROR,,,2026-09-05,LATEST_HISTORY_PROXY,PROXY,CURRENT_HISTORY_ONLY_NO_VINTAGE,false,true,true
2026-05-31,2026-05,158.081428571429,158.081428571429,日元/美元(月均),M,USDJPY_MONTHLY_1957,FRED(OECD),VALIDATED_MIRROR,,,2026-09-05,LATEST_HISTORY_PROXY,PROXY,CURRENT_HISTORY_ONLY_NO_VINTAGE,false,true,true
2026-06-30,2026-06,160.684545454545,160.684545454545,日元/美元(月均),M,USDJPY_MONTHLY_1957,FRED(OECD),VALIDATED_MIRROR,,,2026-09-05,LATEST_HISTORY_PROXY,PROXY,CURRENT_HISTORY_ONLY_NO_VINTAGE,false,true,true
2026-07-31,2026-07,162.437391304348,162.437391304348,日元/美元(月均),M,USDJPY_MONTHLY_1957,FRED(OECD),VALIDATED_MIRROR,,,2026-09-05,LATEST_HISTORY_PROXY,PROXY,CURRENT_HISTORY_ONLY_NO_VINTAGE,false,true,true
