date,period,value,value_raw,unit,freq,source,provider,source_type,definition_regime,note,value_available_date,vintage_type,release_rule_status,vintage_evidence,historical_realtime_eligible,post_vad_eligible,source_validity_eligible
1955-01-31,1955-01,64980000000.00001,64980000000.00001,日元(OECD自行季调),M,IMPORT_FRED_SA,FRED(OECD转载财务省),VALIDATED_MIRROR,,TRADE_OECD_SA,2026-09-05,LATEST_HISTORY_PROXY,PROXY,CURRENT_HISTORY_ONLY_NO_VINTAGE,false,true,true
1955-02-28,1955-02,66610000000.0,66610000000.0,日元(OECD自行季调),M,IMPORT_FRED_SA,FRED(OECD转载财务省),VALIDATED_MIRROR,,TRADE_OECD_SA,2026-09-05,LATEST_HISTORY_PROXY,PROXY,CURRENT_HISTORY_ONLY_NO_VINTAGE,false,true,true
1955-03-31,1955-03,72920000000.0,72920000000.0,日元(OECD自行季调),M,IMPORT_FRED_SA,FRED(OECD转载财务省),VALIDATED_MIRROR,,TRADE_OECD_SA,2026-09-05,LATEST_HISTORY_PROXY,PROXY,CURRENT_HISTORY_ONLY_NO_VINTAGE,false,true,true
1955-04-30,1955-04,70620000000.0,70620000000.0,日元(OECD自行季调),M,IMPORT_FRED_SA,FRED(OECD转载财务省),VALIDATED_MIRROR,,TRADE_OECD_SA,2026-09-05,LATEST_HISTORY_PROXY,PROXY,CURRENT_HISTORY_ONLY_NO_VINTAGE,false,true,true
1955-05-31,1955-05,69580000000.0,69580000000.0,日元(OECD自行季调),M,IMPORT_FRED_SA,FRED(OECD转载财务省),VALIDATED_MIRROR,,TRADE_OECD_SA,2026-09-05,LATEST_HISTORY_PROXY,PROXY,CURRENT_HISTORY_ONLY_NO_VINTAGE,false,true,true
1955-06-30,1955-06,73190000000.0,73190000000.0,日元(OECD自行季调),M,IMPORT_FRED_SA,FRED(OECD转载财务省),VALIDATED_MIRROR,,TRADE_OECD_SA,2026-09-05,LATEST_HISTORY_PROXY,PROXY,CURRENT_HISTORY_ONLY_NO_VINTAGE,false,true,true
1955-07-31,1955-07,73010000000.0,73010000000.0,日元(OECD自行季调),M,IMPORT_FRED_SA,FRED(OECD转载财务省),VALIDATED_MIRROR,,TRADE_OECD_SA,2026-09-05,LATEST_HISTORY_PROXY,PROXY,CURRENT_HISTORY_ONLY_NO_VINTAGE,false,true,true
1955-08-31,1955-08,75940000000.0,75940000000.0,日元(OECD自行季调),M,IMPORT_FRED_SA,FRED(OECD转载财务省),VALIDATED_MIRROR,,TRADE_OECD_SA,2026-09-05,LATEST_HISTORY_PROXY,PROXY,CURRENT_HISTORY_ONLY_NO_VINTAGE,false,true,true
1955-09-30,1955-09,74810000000.0,74810000000.0,日元(OECD自行季调),M,IMPORT_FRED_SA,FRED(OECD转载财务省),VALIDATED_MIRROR,,TRADE_OECD_SA,2026-09-05,LATEST_HISTORY_PROXY,PROXY,CURRENT_HISTORY_ONLY_NO_VINTAGE,false,true,true
1955-10-31,1955-10,76890000000.0,76890000000.0,日元(OECD自行季调),M,IMPORT_FRED_SA,FRED(OECD转载财务省),VALIDATED_MIRROR,,TRADE_OECD_SA,2026-09-05,LATEST_HISTORY_PROXY,PROXY,CURRENT_HISTORY_ONLY_NO_VINTAGE,false,true,true
1955-11-30,1955-11,89050000000.0,89050000000.0,日元(OECD自行季调),M,IMPORT_FRED_SA,FRED(OECD转载财务省),VALIDATED_MIRROR,,TRADE_OECD_SA,2026-09-05,LATEST_HISTORY_PROXY,PROXY,CURRENT_HISTORY_ONLY_NO_VINTAGE,false,true,true
1955-12-31,1955-12,84180000000.0,84180000000.0,日元(OECD自行季调),M,IMPORT_FRED_SA,FRED(OECD转载财务省),VALIDATED_MIRROR,,TRADE_OECD_SA,2026-09-05,LATEST_HISTORY_PROXY,PROXY,CURRENT_HISTORY_ONLY_NO_VINTAGE,false,true,true
1956-01-31,1956-01,82110000000.0,82110000000.0,日元(OECD自行季调),M,IMPORT_FRED_SA,FRED(OECD转载财务省),VALIDATED_MIRROR,,TRADE_OECD_SA,2026-09-05,LATEST_HISTORY_PROXY,PROXY,CURRENT_HISTORY_ONLY_NO_VINTAGE,false,true,true
1956-02-29,1956-02,83630000000.0,83630000000.0,日元(OECD自行季调),M,IMPORT_FRED_SA,FRED(OECD转载财务省),VALIDATED_MIRROR,,TRADE_OECD_SA,2026-09-05,LATEST_HISTORY_PROXY,PROXY,CURRENT_HISTORY_ONLY_NO_VINTAGE,false,true,true
1956-03-31,1956-03,82510000000.0,82510000000.0,日元(OECD自行季调),M,IMPORT_FRED_SA,FRED(OECD转载财务省),VALIDATED_MIRROR,,TRADE_OECD_SA,2026-09-05,LATEST_HISTORY_PROXY,PROXY,CURRENT_HISTORY_ONLY_NO_VINTAGE,false,true,true
1956-04-30,1956-04,84110000000.0,84110000000.0,日元(OECD自行季调),M,IMPORT_FRED_SA,FRED(OECD转载财务省),VALIDATED_MIRROR,,TRADE_OECD_SA,2026-09-05,LATEST_HISTORY_PROXY,PROXY,CURRENT_HISTORY_ONLY_NO_VINTAGE,false,true,true
1956-05-31,1956-05,87790000000.0,87790000000.0,日元(OECD自行季调),M,IMPORT_FRED_SA,FRED(OECD转载财务省),VALIDATED_MIRROR,,TRADE_OECD_SA,2026-09-05,LATEST_HISTORY_PROXY,PROXY,CURRENT_HISTORY_ONLY_NO_VINTAGE,false,true,true
1956-06-30,1956-06,96150000000.0,96150000000.0,日元(OECD自行季调),M,IMPORT_FRED_SA,FRED(OECD转载财务省),VALIDATED_MIRROR,,TRADE_OECD_SA,2026-09-05,LATEST_HISTORY_PROXY,PROXY,CURRENT_HISTORY_ONLY_NO_VINTAGE,false,true,true
1956-07-31,1956-07,97920000000.0,97920000000.0,日元(OECD自行季调),M,IMPORT_FRED_SA,FRED(OECD转载财务省),VALIDATED_MIRROR,,TRADE_OECD_SA,2026-09-05,LATEST_HISTORY_PROXY,PROXY,CURRENT_HISTORY_ONLY_NO_VINTAGE,false,true,true
1956-08-31,1956-08,105690000000.0,105690000000.0,日元(OECD自行季调),M,IMPORT_FRED_SA,FRED(OECD转载财务省),VALIDATED_MIRROR,,TRADE_OECD_SA,2026-09-05,LATEST_HISTORY_PROXY,PROXY,CURRENT_HISTORY_ONLY_NO_VINTAGE,false,true,true
1956-09-30,1956-09,105080000000.0,105080000000.0,日元(OECD自行季调),M,IMPORT_FRED_SA,FRED(OECD转载财务省),VALIDATED_MIRROR,,TRADE_OECD_SA,2026-09-05,LATEST_HISTORY_PROXY,PROXY,CURRENT_HISTORY_ONLY_NO_VINTAGE,false,true,true
1956-10-31,1956-10,116010000000.0,116010000000.0,日元(OECD自行季调),M,IMPORT_FRED_SA,FRED(OECD转载财务省),VALIDATED_MIRROR,,TRADE_OECD_SA,2026-09-05,LATEST_HISTORY_PROXY,PROXY,CURRENT_HISTORY_ONLY_NO_VINTAGE,false,true,true
1956-11-30,1956-11,113560000000.0,113560000000.0,日元(OECD自行季调),M,IMPORT_FRED_SA,FRED(OECD转载财务省),VALIDATED_MIRROR,,TRADE_OECD_SA,2026-09-05,LATEST_HISTORY_PROXY,PROXY,CURRENT_HISTORY_ONLY_NO_VINTAGE,false,true,true
1956-12-31,1956-12,114420000000.0,114420000000.0,日元(OECD自行季调),M,IMPORT_FRED_SA,FRED(OECD转载财务省),VALIDATED_MIRROR,,TRADE_OECD_SA,2026-09-05,LATEST_HISTORY_PROXY,PROXY,CURRENT_HISTORY_ONLY_NO_VINTAGE,false,true,true
1957-01-31,1957-01,124270000000.0,124270000000.0,日元(OECD自行季调),M,IMPORT_FRED_SA,FRED(OECD转载财务省),VALIDATED_MIRROR,,TRADE_OECD_SA,2026-09-05,LATEST_HISTORY_PROXY,PROXY,CURRENT_HISTORY_ONLY_NO_VINTAGE,false,true,true
1957-02-28,1957-02,129650000000.0,129650000000.0,日元(OECD自行季调),M,IMPORT_FRED_SA,FRED(OECD转载财务省),VALIDATED_MIRROR,,TRADE_OECD_SA,2026-09-05,LATEST_HISTORY_PROXY,PROXY,CURRENT_HISTORY_ONLY_NO_VINTAGE,false,true,true
1957-03-31,1957-03,129169999999.99998,129169999999.99998,日元(OECD自行季调),M,IMPORT_FRED_SA,FRED(OECD转载财务省),VALIDATED_MIRROR,,TRADE_OECD_SA,2026-09-05,LATEST_HISTORY_PROXY,PROXY,CURRENT_HISTORY_ONLY_NO_VINTAGE,false,true,true
1957-04-30,1957-04,144720000000.0,144720000000.0,日元(OECD自行季调),M,IMPORT_FRED_SA,FRED(OECD转载财务省),VALIDATED_MIRROR,,TRADE_OECD_SA,2026-09-05,LATEST_HISTORY_PROXY,PROXY,CURRENT_HISTORY_ONLY_NO_VINTAGE,false,true,true
1957-05-31,1957-05,146440000000.0,146440000000.0,日元(OECD自行季调),M,IMPORT_FRED_SA,FRED(OECD转载财务省),VALIDATED_MIRROR,,TRADE_OECD_SA,2026-09-05,LATEST_HISTORY_PROXY,PROXY,CURRENT_HISTORY_ONLY_NO_VINTAGE,false,true,true
1957-06-30,1957-06,134660000000.0,134660000000.0,日元(OECD自行季调),M,IMPORT_FRED_SA,FRED(OECD转载财务省),VALIDATED_MIRROR,,TRADE_OECD_SA,2026-09-05,LATEST_HISTORY_PROXY,PROXY,CURRENT_HISTORY_ONLY_NO_VINTAGE,false,true,true
1957-07-31,1957-07,136630000000.0,136630000000.0,日元(OECD自行季调),M,IMPORT_FRED_SA,FRED(OECD转载财务省),VALIDATED_MIRROR,,TRADE_OECD_SA,2026-09-05,LATEST_HISTORY_PROXY,PROXY,CURRENT_HISTORY_ONLY_NO_VINTAGE,false,true,true
1957-08-31,1957-08,132110000000.00002,132110000000.00002,日元(OECD自行季调),M,IMPORT_FRED_SA,FRED(OECD转载财务省),VALIDATED_MIRROR,,TRADE_OECD_SA,2026-09-05,LATEST_HISTORY_PROXY,PROXY,CURRENT_HISTORY_ONLY_NO_VINTAGE,false,true,true
1957-09-30,1957-09,126280000000.0,126280000000.0,日元(OECD自行季调),M,IMPORT_FRED_SA,FRED(OECD转载财务省),VALIDATED_MIRROR,,TRADE_OECD_SA,2026-09-05,LATEST_HISTORY_PROXY,PROXY,CURRENT_HISTORY_ONLY_NO_VINTAGE,false,true,true
1957-10-31,1957-10,117350000000.0,117350000000.0,日元(OECD自行季调),M,IMPORT_FRED_SA,FRED(OECD转载财务省),VALIDATED_MIRROR,,TRADE_OECD_SA,2026-09-05,LATEST_HISTORY_PROXY,PROXY,CURRENT_HISTORY_ONLY_NO_VINTAGE,false,true,true
1957-11-30,1957-11,108110000000.0,108110000000.0,日元(OECD自行季调),M,IMPORT_FRED_SA,FRED(OECD转载财务省),VALIDATED_MIRROR,,TRADE_OECD_SA,2026-09-05,LATEST_HISTORY_PROXY,PROXY,CURRENT_HISTORY_ONLY_NO_VINTAGE,false,true,true
1957-12-31,1957-12,105760000000.0,105760000000.0,日元(OECD自行季调),M,IMPORT_FRED_SA,FRED(OECD转载财务省),VALIDATED_MIRROR,,TRADE_OECD_SA,2026-09-05,LATEST_HISTORY_PROXY,PROXY,CURRENT_HISTORY_ONLY_NO_VINTAGE,false,true,true
1958-01-31,1958-01,102670000000.0,102670000000.0,日元(OECD自行季调),M,IMPORT_FRED_SA,FRED(OECD转载财务省),VALIDATED_MIRROR,,TRADE_OECD_SA,2026-09-05,LATEST_HISTORY_PROXY,PROXY,CURRENT_HISTORY_ONLY_NO_VINTAGE,false,true,true
1958-02-28,1958-02,97110000000.0,97110000000.0,日元(OECD自行季调),M,IMPORT_FRED_SA,FRED(OECD转载财务省),VALIDATED_MIRROR,,TRADE_OECD_SA,2026-09-05,LATEST_HISTORY_PROXY,PROXY,CURRENT_HISTORY_ONLY_NO_VINTAGE,false,true,true
1958-03-31,1958-03,90260000000.0,90260000000.0,日元(OECD自行季调),M,IMPORT_FRED_SA,FRED(OECD转载财务省),VALIDATED_MIRROR,,TRADE_OECD_SA,2026-09-05,LATEST_HISTORY_PROXY,PROXY,CURRENT_HISTORY_ONLY_NO_VINTAGE,false,true,true
1958-04-30,1958-04,87110000000.0,87110000000.0,日元(OECD自行季调),M,IMPORT_FRED_SA,FRED(OECD转载财务省),VALIDATED_MIRROR,,TRADE_OECD_SA,2026-09-05,LATEST_HISTORY_PROXY,PROXY,CURRENT_HISTORY_ONLY_NO_VINTAGE,false,true,true
1958-05-31,1958-05,86240000000.0,86240000000.0,日元(OECD自行季调),M,IMPORT_FRED_SA,FRED(OECD转载财务省),VALIDATED_MIRROR,,TRADE_OECD_SA,2026-09-05,LATEST_HISTORY_PROXY,PROXY,CURRENT_HISTORY_ONLY_NO_VINTAGE,false,true,true
1958-06-30,1958-06,87760000000.0,87760000000.0,日元(OECD自行季调),M,IMPORT_FRED_SA,FRED(OECD转载财务省),VALIDATED_MIRROR,,TRADE_OECD_SA,2026-09-05,LATEST_HISTORY_PROXY,PROXY,CURRENT_HISTORY_ONLY_NO_VINTAGE,false,true,true
1958-07-31,1958-07,88490000000.0,88490000000.0,日元(OECD自行季调),M,IMPORT_FRED_SA,FRED(OECD转载财务省),VALIDATED_MIRROR,,TRADE_OECD_SA,2026-09-05,LATEST_HISTORY_PROXY,PROXY,CURRENT_HISTORY_ONLY_NO_VINTAGE,false,true,true
1958-08-31,1958-08,89370000000.0,89370000000.0,日元(OECD自行季调),M,IMPORT_FRED_SA,FRED(OECD转载财务省),VALIDATED_MIRROR,,TRADE_OECD_SA,2026-09-05,LATEST_HISTORY_PROXY,PROXY,CURRENT_HISTORY_ONLY_NO_VINTAGE,false,true,true
1958-09-30,1958-09,90520000000.0,90520000000.0,日元(OECD自行季调),M,IMPORT_FRED_SA,FRED(OECD转载财务省),VALIDATED_MIRROR,,TRADE_OECD_SA,2026-09-05,LATEST_HISTORY_PROXY,PROXY,CURRENT_HISTORY_ONLY_NO_VINTAGE,false,true,true
1958-10-31,1958-10,90480000000.0,90480000000.0,日元(OECD自行季调),M,IMPORT_FRED_SA,FRED(OECD转载财务省),VALIDATED_MIRROR,,TRADE_OECD_SA,2026-09-05,LATEST_HISTORY_PROXY,PROXY,CURRENT_HISTORY_ONLY_NO_VINTAGE,false,true,true
1958-11-30,1958-11,90180000000.0,90180000000.0,日元(OECD自行季调),M,IMPORT_FRED_SA,FRED(OECD转载财务省),VALIDATED_MIRROR,,TRADE_OECD_SA,2026-09-05,LATEST_HISTORY_PROXY,PROXY,CURRENT_HISTORY_ONLY_NO_VINTAGE,false,true,true
1958-12-31,1958-12,93330000000.0,93330000000.0,日元(OECD自行季调),M,IMPORT_FRED_SA,FRED(OECD转载财务省),VALIDATED_MIRROR,,TRADE_OECD_SA,2026-09-05,LATEST_HISTORY_PROXY,PROXY,CURRENT_HISTORY_ONLY_NO_VINTAGE,false,true,true
1959-01-31,1959-01,91880000000.0,91880000000.0,日元(OECD自行季调),M,IMPORT_FRED_SA,FRED(OECD转载财务省),VALIDATED_MIRROR,,TRADE_OECD_SA,2026-09-05,LATEST_HISTORY_PROXY,PROXY,CURRENT_HISTORY_ONLY_NO_VINTAGE,false,true,true
1959-02-28,1959-02,93620000000.0,93620000000.0,日元(OECD自行季调),M,IMPORT_FRED_SA,FRED(OECD转载财务省),VALIDATED_MIRROR,,TRADE_OECD_SA,2026-09-05,LATEST_HISTORY_PROXY,PROXY,CURRENT_HISTORY_ONLY_NO_VINTAGE,false,true,true
1959-03-31,1959-03,97430000000.0,97430000000.0,日元(OECD自行季调),M,IMPORT_FRED_SA,FRED(OECD转载财务省),VALIDATED_MIRROR,,TRADE_OECD_SA,2026-09-05,LATEST_HISTORY_PROXY,PROXY,CURRENT_HISTORY_ONLY_NO_VINTAGE,false,true,true
1959-04-30,1959-04,104440000000.0,104440000000.0,日元(OECD自行季调),M,IMPORT_FRED_SA,FRED(OECD转载财务省),VALIDATED_MIRROR,,TRADE_OECD_SA,2026-09-05,LATEST_HISTORY_PROXY,PROXY,CURRENT_HISTORY_ONLY_NO_VINTAGE,false,true,true
1959-05-31,1959-05,105540000000.0,105540000000.0,日元(OECD自行季调),M,IMPORT_FRED_SA,FRED(OECD转载财务省),VALIDATED_MIRROR,,TRADE_OECD_SA,2026-09-05,LATEST_HISTORY_PROXY,PROXY,CURRENT_HISTORY_ONLY_NO_VINTAGE,false,true,true
1959-06-30,1959-06,111930000000.0,111930000000.0,日元(OECD自行季调),M,IMPORT_FRED_SA,FRED(OECD转载财务省),VALIDATED_MIRROR,,TRADE_OECD_SA,2026-09-05,LATEST_HISTORY_PROXY,PROXY,CURRENT_HISTORY_ONLY_NO_VINTAGE,false,true,true
1959-07-31,1959-07,110070000000.0,110070000000.0,日元(OECD自行季调),M,IMPORT_FRED_SA,FRED(OECD转载财务省),VALIDATED_MIRROR,,TRADE_OECD_SA,2026-09-05,LATEST_HISTORY_PROXY,PROXY,CURRENT_HISTORY_ONLY_NO_VINTAGE,false,true,true
1959-08-31,1959-08,106110000000.0,106110000000.0,日元(OECD自行季调),M,IMPORT_FRED_SA,FRED(OECD转载财务省),VALIDATED_MIRROR,,TRADE_OECD_SA,2026-09-05,LATEST_HISTORY_PROXY,PROXY,CURRENT_HISTORY_ONLY_NO_VINTAGE,false,true,true
1959-09-30,1959-09,113350000000.0,113350000000.0,日元(OECD自行季调),M,IMPORT_FRED_SA,FRED(OECD转载财务省),VALIDATED_MIRROR,,TRADE_OECD_SA,2026-09-05,LATEST_HISTORY_PROXY,PROXY,CURRENT_HISTORY_ONLY_NO_VINTAGE,false,true,true
1959-10-31,1959-10,114600000000.0,114600000000.0,日元(OECD自行季调),M,IMPORT_FRED_SA,FRED(OECD转载财务省),VALIDATED_MIRROR,,TRADE_OECD_SA,2026-09-05,LATEST_HISTORY_PROXY,PROXY,CURRENT_HISTORY_ONLY_NO_VINTAGE,false,true,true
1959-11-30,1959-11,117000000000.0,117000000000.0,日元(OECD自行季调),M,IMPORT_FRED_SA,FRED(OECD转载财务省),VALIDATED_MIRROR,,TRADE_OECD_SA,2026-09-05,LATEST_HISTORY_PROXY,PROXY,CURRENT_HISTORY_ONLY_NO_VINTAGE,false,true,true
1959-12-31,1959-12,130740000000.00002,130740000000.00002,日元(OECD自行季调),M,IMPORT_FRED_SA,FRED(OECD转载财务省),VALIDATED_MIRROR,,TRADE_OECD_SA,2026-09-05,LATEST_HISTORY_PROXY,PROXY,CURRENT_HISTORY_ONLY_NO_VINTAGE,false,true,true
1960-01-31,1960-01,126310000000,126310000000,日元(OECD自行季调),M,IMPORT_FRED_SA,FRED(OECD转载财务省),VALIDATED_MIRROR,,TRADE_OECD_SA,2026-09-05,LATEST_HISTORY_PROXY,PROXY,CURRENT_HISTORY_ONLY_NO_VINTAGE,false,true,true
1960-02-29,1960-02,132710000000.00002,132710000000.00002,日元(OECD自行季调),M,IMPORT_FRED_SA,FRED(OECD转载财务省),VALIDATED_MIRROR,,TRADE_OECD_SA,2026-09-05,LATEST_HISTORY_PROXY,PROXY,CURRENT_HISTORY_ONLY_NO_VINTAGE,false,true,true
1960-03-31,1960-03,142290000000,142290000000,日元(OECD自行季调),M,IMPORT_FRED_SA,FRED(OECD转载财务省),VALIDATED_MIRROR,,TRADE_OECD_SA,2026-09-05,LATEST_HISTORY_PROXY,PROXY,CURRENT_HISTORY_ONLY_NO_VINTAGE,false,true,true
1960-04-30,1960-04,125910000000,125910000000,日元(OECD自行季调),M,IMPORT_FRED_SA,FRED(OECD转载财务省),VALIDATED_MIRROR,,TRADE_OECD_SA,2026-09-05,LATEST_HISTORY_PROXY,PROXY,CURRENT_HISTORY_ONLY_NO_VINTAGE,false,true,true
1960-05-31,1960-05,127140000000,127140000000,日元(OECD自行季调),M,IMPORT_FRED_SA,FRED(OECD转载财务省),VALIDATED_MIRROR,,TRADE_OECD_SA,2026-09-05,LATEST_HISTORY_PROXY,PROXY,CURRENT_HISTORY_ONLY_NO_VINTAGE,false,true,true
1960-06-30,1960-06,129479999999.99998,129479999999.99998,日元(OECD自行季调),M,IMPORT_FRED_SA,FRED(OECD转载财务省),VALIDATED_MIRROR,,TRADE_OECD_SA,2026-09-05,LATEST_HISTORY_PROXY,PROXY,CURRENT_HISTORY_ONLY_NO_VINTAGE,false,true,true
1960-07-31,1960-07,134120000000,134120000000,日元(OECD自行季调),M,IMPORT_FRED_SA,FRED(OECD转载财务省),VALIDATED_MIRROR,,TRADE_OECD_SA,2026-09-05,LATEST_HISTORY_PROXY,PROXY,CURRENT_HISTORY_ONLY_NO_VINTAGE,false,true,true
1960-08-31,1960-08,135169999999.99998,135169999999.99998,日元(OECD自行季调),M,IMPORT_FRED_SA,FRED(OECD转载财务省),VALIDATED_MIRROR,,TRADE_OECD_SA,2026-09-05,LATEST_HISTORY_PROXY,PROXY,CURRENT_HISTORY_ONLY_NO_VINTAGE,false,true,true
1960-09-30,1960-09,144220000000,144220000000,日元(OECD自行季调),M,IMPORT_FRED_SA,FRED(OECD转载财务省),VALIDATED_MIRROR,,TRADE_OECD_SA,2026-09-05,LATEST_HISTORY_PROXY,PROXY,CURRENT_HISTORY_ONLY_NO_VINTAGE,false,true,true
1960-10-31,1960-10,134600000000,134600000000,日元(OECD自行季调),M,IMPORT_FRED_SA,FRED(OECD转载财务省),VALIDATED_MIRROR,,TRADE_OECD_SA,2026-09-05,LATEST_HISTORY_PROXY,PROXY,CURRENT_HISTORY_ONLY_NO_VINTAGE,false,true,true
1960-11-30,1960-11,144760000000,144760000000,日元(OECD自行季调),M,IMPORT_FRED_SA,FRED(OECD转载财务省),VALIDATED_MIRROR,,TRADE_OECD_SA,2026-09-05,LATEST_HISTORY_PROXY,PROXY,CURRENT_HISTORY_ONLY_NO_VINTAGE,false,true,true
1960-12-31,1960-12,141030000000,141030000000,日元(OECD自行季调),M,IMPORT_FRED_SA,FRED(OECD转载财务省),VALIDATED_MIRROR,,TRADE_OECD_SA,2026-09-05,LATEST_HISTORY_PROXY,PROXY,CURRENT_HISTORY_ONLY_NO_VINTAGE,false,true,true
1961-01-31,1961-01,152980000000,152980000000,日元(OECD自行季调),M,IMPORT_FRED_SA,FRED(OECD转载财务省),VALIDATED_MIRROR,,TRADE_OECD_SA,2026-09-05,LATEST_HISTORY_PROXY,PROXY,CURRENT_HISTORY_ONLY_NO_VINTAGE,false,true,true
1961-02-28,1961-02,157070000000,157070000000,日元(OECD自行季调),M,IMPORT_FRED_SA,FRED(OECD转载财务省),VALIDATED_MIRROR,,TRADE_OECD_SA,2026-09-05,LATEST_HISTORY_PROXY,PROXY,CURRENT_HISTORY_ONLY_NO_VINTAGE,false,true,true
1961-03-31,1961-03,152240000000,152240000000,日元(OECD自行季调),M,IMPORT_FRED_SA,FRED(OECD转载财务省),VALIDATED_MIRROR,,TRADE_OECD_SA,2026-09-05,LATEST_HISTORY_PROXY,PROXY,CURRENT_HISTORY_ONLY_NO_VINTAGE,false,true,true
1961-04-30,1961-04,156530000000,156530000000,日元(OECD自行季调),M,IMPORT_FRED_SA,FRED(OECD转载财务省),VALIDATED_MIRROR,,TRADE_OECD_SA,2026-09-05,LATEST_HISTORY_PROXY,PROXY,CURRENT_HISTORY_ONLY_NO_VINTAGE,false,true,true
1961-05-31,1961-05,169940000000,169940000000,日元(OECD自行季调),M,IMPORT_FRED_SA,FRED(OECD转载财务省),VALIDATED_MIRROR,,TRADE_OECD_SA,2026-09-05,LATEST_HISTORY_PROXY,PROXY,CURRENT_HISTORY_ONLY_NO_VINTAGE,false,true,true
1961-06-30,1961-06,178710000000,178710000000,日元(OECD自行季调),M,IMPORT_FRED_SA,FRED(OECD转载财务省),VALIDATED_MIRROR,,TRADE_OECD_SA,2026-09-05,LATEST_HISTORY_PROXY,PROXY,CURRENT_HISTORY_ONLY_NO_VINTAGE,false,true,true
1961-07-31,1961-07,174740000000,174740000000,日元(OECD自行季调),M,IMPORT_FRED_SA,FRED(OECD转载财务省),VALIDATED_MIRROR,,TRADE_OECD_SA,2026-09-05,LATEST_HISTORY_PROXY,PROXY,CURRENT_HISTORY_ONLY_NO_VINTAGE,false,true,true
1961-08-31,1961-08,191950000000,191950000000,日元(OECD自行季调),M,IMPORT_FRED_SA,FRED(OECD转载财务省),VALIDATED_MIRROR,,TRADE_OECD_SA,2026-09-05,LATEST_HISTORY_PROXY,PROXY,CURRENT_HISTORY_ONLY_NO_VINTAGE,false,true,true
1961-09-30,1961-09,181770000000,181770000000,日元(OECD自行季调),M,IMPORT_FRED_SA,FRED(OECD转载财务省),VALIDATED_MIRROR,,TRADE_OECD_SA,2026-09-05,LATEST_HISTORY_PROXY,PROXY,CURRENT_HISTORY_ONLY_NO_VINTAGE,false,true,true
1961-10-31,1961-10,189090000000,189090000000,日元(OECD自行季调),M,IMPORT_FRED_SA,FRED(OECD转载财务省),VALIDATED_MIRROR,,TRADE_OECD_SA,2026-09-05,LATEST_HISTORY_PROXY,PROXY,CURRENT_HISTORY_ONLY_NO_VINTAGE,false,true,true
1961-11-30,1961-11,197280000000,197280000000,日元(OECD自行季调),M,IMPORT_FRED_SA,FRED(OECD转载财务省),VALIDATED_MIRROR,,TRADE_OECD_SA,2026-09-05,LATEST_HISTORY_PROXY,PROXY,CURRENT_HISTORY_ONLY_NO_VINTAGE,false,true,true
1961-12-31,1961-12,187870000000,187870000000,日元(OECD自行季调),M,IMPORT_FRED_SA,FRED(OECD转载财务省),VALIDATED_MIRROR,,TRADE_OECD_SA,2026-09-05,LATEST_HISTORY_PROXY,PROXY,CURRENT_HISTORY_ONLY_NO_VINTAGE,false,true,true
1962-01-31,1962-01,179240000000,179240000000,日元(OECD自行季调),M,IMPORT_FRED_SA,FRED(OECD转载财务省),VALIDATED_MIRROR,,TRADE_OECD_SA,2026-09-05,LATEST_HISTORY_PROXY,PROXY,CURRENT_HISTORY_ONLY_NO_VINTAGE,false,true,true
1962-02-28,1962-02,178190000000,178190000000,日元(OECD自行季调),M,IMPORT_FRED_SA,FRED(OECD转载财务省),VALIDATED_MIRROR,,TRADE_OECD_SA,2026-09-05,LATEST_HISTORY_PROXY,PROXY,CURRENT_HISTORY_ONLY_NO_VINTAGE,false,true,true
1962-03-31,1962-03,176850000000,176850000000,日元(OECD自行季调),M,IMPORT_FRED_SA,FRED(OECD转载财务省),VALIDATED_MIRROR,,TRADE_OECD_SA,2026-09-05,LATEST_HISTORY_PROXY,PROXY,CURRENT_HISTORY_ONLY_NO_VINTAGE,false,true,true
1962-04-30,1962-04,170730000000,170730000000,日元(OECD自行季调),M,IMPORT_FRED_SA,FRED(OECD转载财务省),VALIDATED_MIRROR,,TRADE_OECD_SA,2026-09-05,LATEST_HISTORY_PROXY,PROXY,CURRENT_HISTORY_ONLY_NO_VINTAGE,false,true,true
1962-05-31,1962-05,171600000000,171600000000,日元(OECD自行季调),M,IMPORT_FRED_SA,FRED(OECD转载财务省),VALIDATED_MIRROR,,TRADE_OECD_SA,2026-09-05,LATEST_HISTORY_PROXY,PROXY,CURRENT_HISTORY_ONLY_NO_VINTAGE,false,true,true
1962-06-30,1962-06,161760000000,161760000000,日元(OECD自行季调),M,IMPORT_FRED_SA,FRED(OECD转载财务省),VALIDATED_MIRROR,,TRADE_OECD_SA,2026-09-05,LATEST_HISTORY_PROXY,PROXY,CURRENT_HISTORY_ONLY_NO_VINTAGE,false,true,true
1962-07-31,1962-07,166550000000,166550000000,日元(OECD自行季调),M,IMPORT_FRED_SA,FRED(OECD转载财务省),VALIDATED_MIRROR,,TRADE_OECD_SA,2026-09-05,LATEST_HISTORY_PROXY,PROXY,CURRENT_HISTORY_ONLY_NO_VINTAGE,false,true,true
1962-08-31,1962-08,163610000000,163610000000,日元(OECD自行季调),M,IMPORT_FRED_SA,FRED(OECD转载财务省),VALIDATED_MIRROR,,TRADE_OECD_SA,2026-09-05,LATEST_HISTORY_PROXY,PROXY,CURRENT_HISTORY_ONLY_NO_VINTAGE,false,true,true
1962-09-30,1962-09,163860000000,163860000000,日元(OECD自行季调),M,IMPORT_FRED_SA,FRED(OECD转载财务省),VALIDATED_MIRROR,,TRADE_OECD_SA,2026-09-05,LATEST_HISTORY_PROXY,PROXY,CURRENT_HISTORY_ONLY_NO_VINTAGE,false,true,true
1962-10-31,1962-10,166000000000,166000000000,日元(OECD自行季调),M,IMPORT_FRED_SA,FRED(OECD转载财务省),VALIDATED_MIRROR,,TRADE_OECD_SA,2026-09-05,LATEST_HISTORY_PROXY,PROXY,CURRENT_HISTORY_ONLY_NO_VINTAGE,false,true,true
1962-11-30,1962-11,159710000000,159710000000,日元(OECD自行季调),M,IMPORT_FRED_SA,FRED(OECD转载财务省),VALIDATED_MIRROR,,TRADE_OECD_SA,2026-09-05,LATEST_HISTORY_PROXY,PROXY,CURRENT_HISTORY_ONLY_NO_VINTAGE,false,true,true
1962-12-31,1962-12,169620000000,169620000000,日元(OECD自行季调),M,IMPORT_FRED_SA,FRED(OECD转载财务省),VALIDATED_MIRROR,,TRADE_OECD_SA,2026-09-05,LATEST_HISTORY_PROXY,PROXY,CURRENT_HISTORY_ONLY_NO_VINTAGE,false,true,true
1963-01-31,1963-01,170140000000,170140000000,日元(OECD自行季调),M,IMPORT_FRED_SA,FRED(OECD转载财务省),VALIDATED_MIRROR,,TRADE_OECD_SA,2026-09-05,LATEST_HISTORY_PROXY,PROXY,CURRENT_HISTORY_ONLY_NO_VINTAGE,false,true,true
1963-02-28,1963-02,174000000000,174000000000,日元(OECD自行季调),M,IMPORT_FRED_SA,FRED(OECD转载财务省),VALIDATED_MIRROR,,TRADE_OECD_SA,2026-09-05,LATEST_HISTORY_PROXY,PROXY,CURRENT_HISTORY_ONLY_NO_VINTAGE,false,true,true
1963-03-31,1963-03,185040000000,185040000000,日元(OECD自行季调),M,IMPORT_FRED_SA,FRED(OECD转载财务省),VALIDATED_MIRROR,,TRADE_OECD_SA,2026-09-05,LATEST_HISTORY_PROXY,PROXY,CURRENT_HISTORY_ONLY_NO_VINTAGE,false,true,true
1963-04-30,1963-04,199310000000,199310000000,日元(OECD自行季调),M,IMPORT_FRED_SA,FRED(OECD转载财务省),VALIDATED_MIRROR,,TRADE_OECD_SA,2026-09-05,LATEST_HISTORY_PROXY,PROXY,CURRENT_HISTORY_ONLY_NO_VINTAGE,false,true,true
1963-05-31,1963-05,193400000000,193400000000,日元(OECD自行季调),M,IMPORT_FRED_SA,FRED(OECD转载财务省),VALIDATED_MIRROR,,TRADE_OECD_SA,2026-09-05,LATEST_HISTORY_PROXY,PROXY,CURRENT_HISTORY_ONLY_NO_VINTAGE,false,true,true
1963-06-30,1963-06,191670000000,191670000000,日元(OECD自行季调),M,IMPORT_FRED_SA,FRED(OECD转载财务省),VALIDATED_MIRROR,,TRADE_OECD_SA,2026-09-05,LATEST_HISTORY_PROXY,PROXY,CURRENT_HISTORY_ONLY_NO_VINTAGE,false,true,true
1963-07-31,1963-07,210810000000,210810000000,日元(OECD自行季调),M,IMPORT_FRED_SA,FRED(OECD转载财务省),VALIDATED_MIRROR,,TRADE_OECD_SA,2026-09-05,LATEST_HISTORY_PROXY,PROXY,CURRENT_HISTORY_ONLY_NO_VINTAGE,false,true,true
1963-08-31,1963-08,215640000000,215640000000,日元(OECD自行季调),M,IMPORT_FRED_SA,FRED(OECD转载财务省),VALIDATED_MIRROR,,TRADE_OECD_SA,2026-09-05,LATEST_HISTORY_PROXY,PROXY,CURRENT_HISTORY_ONLY_NO_VINTAGE,false,true,true
1963-09-30,1963-09,206650000000,206650000000,日元(OECD自行季调),M,IMPORT_FRED_SA,FRED(OECD转载财务省),VALIDATED_MIRROR,,TRADE_OECD_SA,2026-09-05,LATEST_HISTORY_PROXY,PROXY,CURRENT_HISTORY_ONLY_NO_VINTAGE,false,true,true
1963-10-31,1963-10,227750000000,227750000000,日元(OECD自行季调),M,IMPORT_FRED_SA,FRED(OECD转载财务省),VALIDATED_MIRROR,,TRADE_OECD_SA,2026-09-05,LATEST_HISTORY_PROXY,PROXY,CURRENT_HISTORY_ONLY_NO_VINTAGE,false,true,true
1963-11-30,1963-11,224860000000,224860000000,日元(OECD自行季调),M,IMPORT_FRED_SA,FRED(OECD转载财务省),VALIDATED_MIRROR,,TRADE_OECD_SA,2026-09-05,LATEST_HISTORY_PROXY,PROXY,CURRENT_HISTORY_ONLY_NO_VINTAGE,false,true,true
1963-12-31,1963-12,227980000000,227980000000,日元(OECD自行季调),M,IMPORT_FRED_SA,FRED(OECD转载财务省),VALIDATED_MIRROR,,TRADE_OECD_SA,2026-09-05,LATEST_HISTORY_PROXY,PROXY,CURRENT_HISTORY_ONLY_NO_VINTAGE,false,true,true
1964-01-31,1964-01,245390000000,245390000000,日元(OECD自行季调),M,IMPORT_FRED_SA,FRED(OECD转载财务省),VALIDATED_MIRROR,,TRADE_OECD_SA,2026-09-05,LATEST_HISTORY_PROXY,PROXY,CURRENT_HISTORY_ONLY_NO_VINTAGE,false,true,true
1964-02-29,1964-02,237490000000,237490000000,日元(OECD自行季调),M,IMPORT_FRED_SA,FRED(OECD转载财务省),VALIDATED_MIRROR,,TRADE_OECD_SA,2026-09-05,LATEST_HISTORY_PROXY,PROXY,CURRENT_HISTORY_ONLY_NO_VINTAGE,false,true,true
1964-03-31,1964-03,232610000000,232610000000,日元(OECD自行季调),M,IMPORT_FRED_SA,FRED(OECD转载财务省),VALIDATED_MIRROR,,TRADE_OECD_SA,2026-09-05,LATEST_HISTORY_PROXY,PROXY,CURRENT_HISTORY_ONLY_NO_VINTAGE,false,true,true
1964-04-30,1964-04,234910000000,234910000000,日元(OECD自行季调),M,IMPORT_FRED_SA,FRED(OECD转载财务省),VALIDATED_MIRROR,,TRADE_OECD_SA,2026-09-05,LATEST_HISTORY_PROXY,PROXY,CURRENT_HISTORY_ONLY_NO_VINTAGE,false,true,true
1964-05-31,1964-05,237150000000,237150000000,日元(OECD自行季调),M,IMPORT_FRED_SA,FRED(OECD转载财务省),VALIDATED_MIRROR,,TRADE_OECD_SA,2026-09-05,LATEST_HISTORY_PROXY,PROXY,CURRENT_HISTORY_ONLY_NO_VINTAGE,false,true,true
1964-06-30,1964-06,237930000000,237930000000,日元(OECD自行季调),M,IMPORT_FRED_SA,FRED(OECD转载财务省),VALIDATED_MIRROR,,TRADE_OECD_SA,2026-09-05,LATEST_HISTORY_PROXY,PROXY,CURRENT_HISTORY_ONLY_NO_VINTAGE,false,true,true
1964-07-31,1964-07,237360000000,237360000000,日元(OECD自行季调),M,IMPORT_FRED_SA,FRED(OECD转载财务省),VALIDATED_MIRROR,,TRADE_OECD_SA,2026-09-05,LATEST_HISTORY_PROXY,PROXY,CURRENT_HISTORY_ONLY_NO_VINTAGE,false,true,true
1964-08-31,1964-08,222160000000,222160000000,日元(OECD自行季调),M,IMPORT_FRED_SA,FRED(OECD转载财务省),VALIDATED_MIRROR,,TRADE_OECD_SA,2026-09-05,LATEST_HISTORY_PROXY,PROXY,CURRENT_HISTORY_ONLY_NO_VINTAGE,false,true,true
1964-09-30,1964-09,237480000000,237480000000,日元(OECD自行季调),M,IMPORT_FRED_SA,FRED(OECD转载财务省),VALIDATED_MIRROR,,TRADE_OECD_SA,2026-09-05,LATEST_HISTORY_PROXY,PROXY,CURRENT_HISTORY_ONLY_NO_VINTAGE,false,true,true
1964-10-31,1964-10,245360000000,245360000000,日元(OECD自行季调),M,IMPORT_FRED_SA,FRED(OECD转载财务省),VALIDATED_MIRROR,,TRADE_OECD_SA,2026-09-05,LATEST_HISTORY_PROXY,PROXY,CURRENT_HISTORY_ONLY_NO_VINTAGE,false,true,true
1964-11-30,1964-11,240140000000,240140000000,日元(OECD自行季调),M,IMPORT_FRED_SA,FRED(OECD转载财务省),VALIDATED_MIRROR,,TRADE_OECD_SA,2026-09-05,LATEST_HISTORY_PROXY,PROXY,CURRENT_HISTORY_ONLY_NO_VINTAGE,false,true,true
1964-12-31,1964-12,249530000000,249530000000,日元(OECD自行季调),M,IMPORT_FRED_SA,FRED(OECD转载财务省),VALIDATED_MIRROR,,TRADE_OECD_SA,2026-09-05,LATEST_HISTORY_PROXY,PROXY,CURRENT_HISTORY_ONLY_NO_VINTAGE,false,true,true
1965-01-31,1965-01,236980000000,236980000000,日元(OECD自行季调),M,IMPORT_FRED_SA,FRED(OECD转载财务省),VALIDATED_MIRROR,,TRADE_OECD_SA,2026-09-05,LATEST_HISTORY_PROXY,PROXY,CURRENT_HISTORY_ONLY_NO_VINTAGE,false,true,true
1965-02-28,1965-02,238820000000,238820000000,日元(OECD自行季调),M,IMPORT_FRED_SA,FRED(OECD转载财务省),VALIDATED_MIRROR,,TRADE_OECD_SA,2026-09-05,LATEST_HISTORY_PROXY,PROXY,CURRENT_HISTORY_ONLY_NO_VINTAGE,false,true,true
1965-03-31,1965-03,235100000000,235100000000,日元(OECD自行季调),M,IMPORT_FRED_SA,FRED(OECD转载财务省),VALIDATED_MIRROR,,TRADE_OECD_SA,2026-09-05,LATEST_HISTORY_PROXY,PROXY,CURRENT_HISTORY_ONLY_NO_VINTAGE,false,true,true
1965-04-30,1965-04,243310000000,243310000000,日元(OECD自行季调),M,IMPORT_FRED_SA,FRED(OECD转载财务省),VALIDATED_MIRROR,,TRADE_OECD_SA,2026-09-05,LATEST_HISTORY_PROXY,PROXY,CURRENT_HISTORY_ONLY_NO_VINTAGE,false,true,true
1965-05-31,1965-05,243500000000,243500000000,日元(OECD自行季调),M,IMPORT_FRED_SA,FRED(OECD转载财务省),VALIDATED_MIRROR,,TRADE_OECD_SA,2026-09-05,LATEST_HISTORY_PROXY,PROXY,CURRENT_HISTORY_ONLY_NO_VINTAGE,false,true,true
1965-06-30,1965-06,261070000000,261070000000,日元(OECD自行季调),M,IMPORT_FRED_SA,FRED(OECD转载财务省),VALIDATED_MIRROR,,TRADE_OECD_SA,2026-09-05,LATEST_HISTORY_PROXY,PROXY,CURRENT_HISTORY_ONLY_NO_VINTAGE,false,true,true
1965-07-31,1965-07,245520000000,245520000000,日元(OECD自行季调),M,IMPORT_FRED_SA,FRED(OECD转载财务省),VALIDATED_MIRROR,,TRADE_OECD_SA,2026-09-05,LATEST_HISTORY_PROXY,PROXY,CURRENT_HISTORY_ONLY_NO_VINTAGE,false,true,true
1965-08-31,1965-08,246860000000,246860000000,日元(OECD自行季调),M,IMPORT_FRED_SA,FRED(OECD转载财务省),VALIDATED_MIRROR,,TRADE_OECD_SA,2026-09-05,LATEST_HISTORY_PROXY,PROXY,CURRENT_HISTORY_ONLY_NO_VINTAGE,false,true,true
1965-09-30,1965-09,253350000000,253350000000,日元(OECD自行季调),M,IMPORT_FRED_SA,FRED(OECD转载财务省),VALIDATED_MIRROR,,TRADE_OECD_SA,2026-09-05,LATEST_HISTORY_PROXY,PROXY,CURRENT_HISTORY_ONLY_NO_VINTAGE,false,true,true
1965-10-31,1965-10,240520000000,240520000000,日元(OECD自行季调),M,IMPORT_FRED_SA,FRED(OECD转载财务省),VALIDATED_MIRROR,,TRADE_OECD_SA,2026-09-05,LATEST_HISTORY_PROXY,PROXY,CURRENT_HISTORY_ONLY_NO_VINTAGE,false,true,true
1965-11-30,1965-11,248640000000,248640000000,日元(OECD自行季调),M,IMPORT_FRED_SA,FRED(OECD转载财务省),VALIDATED_MIRROR,,TRADE_OECD_SA,2026-09-05,LATEST_HISTORY_PROXY,PROXY,CURRENT_HISTORY_ONLY_NO_VINTAGE,false,true,true
1965-12-31,1965-12,247980000000,247980000000,日元(OECD自行季调),M,IMPORT_FRED_SA,FRED(OECD转载财务省),VALIDATED_MIRROR,,TRADE_OECD_SA,2026-09-05,LATEST_HISTORY_PROXY,PROXY,CURRENT_HISTORY_ONLY_NO_VINTAGE,false,true,true
1966-01-31,1966-01,250900000000,250900000000,日元(OECD自行季调),M,IMPORT_FRED_SA,FRED(OECD转载财务省),VALIDATED_MIRROR,,TRADE_OECD_SA,2026-09-05,LATEST_HISTORY_PROXY,PROXY,CURRENT_HISTORY_ONLY_NO_VINTAGE,false,true,true
1966-02-28,1966-02,270060000000,270060000000,日元(OECD自行季调),M,IMPORT_FRED_SA,FRED(OECD转载财务省),VALIDATED_MIRROR,,TRADE_OECD_SA,2026-09-05,LATEST_HISTORY_PROXY,PROXY,CURRENT_HISTORY_ONLY_NO_VINTAGE,false,true,true
1966-03-31,1966-03,278160000000,278160000000,日元(OECD自行季调),M,IMPORT_FRED_SA,FRED(OECD转载财务省),VALIDATED_MIRROR,,TRADE_OECD_SA,2026-09-05,LATEST_HISTORY_PROXY,PROXY,CURRENT_HISTORY_ONLY_NO_VINTAGE,false,true,true
1966-04-30,1966-04,280400000000,280400000000,日元(OECD自行季调),M,IMPORT_FRED_SA,FRED(OECD转载财务省),VALIDATED_MIRROR,,TRADE_OECD_SA,2026-09-05,LATEST_HISTORY_PROXY,PROXY,CURRENT_HISTORY_ONLY_NO_VINTAGE,false,true,true
1966-05-31,1966-05,276360000000,276360000000,日元(OECD自行季调),M,IMPORT_FRED_SA,FRED(OECD转载财务省),VALIDATED_MIRROR,,TRADE_OECD_SA,2026-09-05,LATEST_HISTORY_PROXY,PROXY,CURRENT_HISTORY_ONLY_NO_VINTAGE,false,true,true
1966-06-30,1966-06,277810000000,277810000000,日元(OECD自行季调),M,IMPORT_FRED_SA,FRED(OECD转载财务省),VALIDATED_MIRROR,,TRADE_OECD_SA,2026-09-05,LATEST_HISTORY_PROXY,PROXY,CURRENT_HISTORY_ONLY_NO_VINTAGE,false,true,true
1966-07-31,1966-07,284100000000,284100000000,日元(OECD自行季调),M,IMPORT_FRED_SA,FRED(OECD转载财务省),VALIDATED_MIRROR,,TRADE_OECD_SA,2026-09-05,LATEST_HISTORY_PROXY,PROXY,CURRENT_HISTORY_ONLY_NO_VINTAGE,false,true,true
1966-08-31,1966-08,296880000000,296880000000,日元(OECD自行季调),M,IMPORT_FRED_SA,FRED(OECD转载财务省),VALIDATED_MIRROR,,TRADE_OECD_SA,2026-09-05,LATEST_HISTORY_PROXY,PROXY,CURRENT_HISTORY_ONLY_NO_VINTAGE,false,true,true
1966-09-30,1966-09,294940000000,294940000000,日元(OECD自行季调),M,IMPORT_FRED_SA,FRED(OECD转载财务省),VALIDATED_MIRROR,,TRADE_OECD_SA,2026-09-05,LATEST_HISTORY_PROXY,PROXY,CURRENT_HISTORY_ONLY_NO_VINTAGE,false,true,true
1966-10-31,1966-10,303300000000,303300000000,日元(OECD自行季调),M,IMPORT_FRED_SA,FRED(OECD转载财务省),VALIDATED_MIRROR,,TRADE_OECD_SA,2026-09-05,LATEST_HISTORY_PROXY,PROXY,CURRENT_HISTORY_ONLY_NO_VINTAGE,false,true,true
1966-11-30,1966-11,314570000000,314570000000,日元(OECD自行季调),M,IMPORT_FRED_SA,FRED(OECD转载财务省),VALIDATED_MIRROR,,TRADE_OECD_SA,2026-09-05,LATEST_HISTORY_PROXY,PROXY,CURRENT_HISTORY_ONLY_NO_VINTAGE,false,true,true
1966-12-31,1966-12,301570000000,301570000000,日元(OECD自行季调),M,IMPORT_FRED_SA,FRED(OECD转载财务省),VALIDATED_MIRROR,,TRADE_OECD_SA,2026-09-05,LATEST_HISTORY_PROXY,PROXY,CURRENT_HISTORY_ONLY_NO_VINTAGE,false,true,true
1967-01-31,1967-01,322160000000,322160000000,日元(OECD自行季调),M,IMPORT_FRED_SA,FRED(OECD转载财务省),VALIDATED_MIRROR,,TRADE_OECD_SA,2026-09-05,LATEST_HISTORY_PROXY,PROXY,CURRENT_HISTORY_ONLY_NO_VINTAGE,false,true,true
1967-02-28,1967-02,325320000000,325320000000,日元(OECD自行季调),M,IMPORT_FRED_SA,FRED(OECD转载财务省),VALIDATED_MIRROR,,TRADE_OECD_SA,2026-09-05,LATEST_HISTORY_PROXY,PROXY,CURRENT_HISTORY_ONLY_NO_VINTAGE,false,true,true
1967-03-31,1967-03,332790000000,332790000000,日元(OECD自行季调),M,IMPORT_FRED_SA,FRED(OECD转载财务省),VALIDATED_MIRROR,,TRADE_OECD_SA,2026-09-05,LATEST_HISTORY_PROXY,PROXY,CURRENT_HISTORY_ONLY_NO_VINTAGE,false,true,true
1967-04-30,1967-04,335260000000,335260000000,日元(OECD自行季调),M,IMPORT_FRED_SA,FRED(OECD转载财务省),VALIDATED_MIRROR,,TRADE_OECD_SA,2026-09-05,LATEST_HISTORY_PROXY,PROXY,CURRENT_HISTORY_ONLY_NO_VINTAGE,false,true,true
1967-05-31,1967-05,351850000000,351850000000,日元(OECD自行季调),M,IMPORT_FRED_SA,FRED(OECD转载财务省),VALIDATED_MIRROR,,TRADE_OECD_SA,2026-09-05,LATEST_HISTORY_PROXY,PROXY,CURRENT_HISTORY_ONLY_NO_VINTAGE,false,true,true
1967-06-30,1967-06,352740000000,352740000000,日元(OECD自行季调),M,IMPORT_FRED_SA,FRED(OECD转载财务省),VALIDATED_MIRROR,,TRADE_OECD_SA,2026-09-05,LATEST_HISTORY_PROXY,PROXY,CURRENT_HISTORY_ONLY_NO_VINTAGE,false,true,true
1967-07-31,1967-07,332000000000,332000000000,日元(OECD自行季调),M,IMPORT_FRED_SA,FRED(OECD转载财务省),VALIDATED_MIRROR,,TRADE_OECD_SA,2026-09-05,LATEST_HISTORY_PROXY,PROXY,CURRENT_HISTORY_ONLY_NO_VINTAGE,false,true,true
1967-08-31,1967-08,364820000000,364820000000,日元(OECD自行季调),M,IMPORT_FRED_SA,FRED(OECD转载财务省),VALIDATED_MIRROR,,TRADE_OECD_SA,2026-09-05,LATEST_HISTORY_PROXY,PROXY,CURRENT_HISTORY_ONLY_NO_VINTAGE,false,true,true
1967-09-30,1967-09,360090000000,360090000000,日元(OECD自行季调),M,IMPORT_FRED_SA,FRED(OECD转载财务省),VALIDATED_MIRROR,,TRADE_OECD_SA,2026-09-05,LATEST_HISTORY_PROXY,PROXY,CURRENT_HISTORY_ONLY_NO_VINTAGE,false,true,true
1967-10-31,1967-10,362800000000,362800000000,日元(OECD自行季调),M,IMPORT_FRED_SA,FRED(OECD转载财务省),VALIDATED_MIRROR,,TRADE_OECD_SA,2026-09-05,LATEST_HISTORY_PROXY,PROXY,CURRENT_HISTORY_ONLY_NO_VINTAGE,false,true,true
1967-11-30,1967-11,375680000000,375680000000,日元(OECD自行季调),M,IMPORT_FRED_SA,FRED(OECD转载财务省),VALIDATED_MIRROR,,TRADE_OECD_SA,2026-09-05,LATEST_HISTORY_PROXY,PROXY,CURRENT_HISTORY_ONLY_NO_VINTAGE,false,true,true
1967-12-31,1967-12,382530000000,382530000000,日元(OECD自行季调),M,IMPORT_FRED_SA,FRED(OECD转载财务省),VALIDATED_MIRROR,,TRADE_OECD_SA,2026-09-05,LATEST_HISTORY_PROXY,PROXY,CURRENT_HISTORY_ONLY_NO_VINTAGE,false,true,true
1968-01-31,1968-01,375710000000,375710000000,日元(OECD自行季调),M,IMPORT_FRED_SA,FRED(OECD转载财务省),VALIDATED_MIRROR,,TRADE_OECD_SA,2026-09-05,LATEST_HISTORY_PROXY,PROXY,CURRENT_HISTORY_ONLY_NO_VINTAGE,false,true,true
1968-02-29,1968-02,380520000000,380520000000,日元(OECD自行季调),M,IMPORT_FRED_SA,FRED(OECD转载财务省),VALIDATED_MIRROR,,TRADE_OECD_SA,2026-09-05,LATEST_HISTORY_PROXY,PROXY,CURRENT_HISTORY_ONLY_NO_VINTAGE,false,true,true
1968-03-31,1968-03,371370000000,371370000000,日元(OECD自行季调),M,IMPORT_FRED_SA,FRED(OECD转载财务省),VALIDATED_MIRROR,,TRADE_OECD_SA,2026-09-05,LATEST_HISTORY_PROXY,PROXY,CURRENT_HISTORY_ONLY_NO_VINTAGE,false,true,true
1968-04-30,1968-04,383110000000,383110000000,日元(OECD自行季调),M,IMPORT_FRED_SA,FRED(OECD转载财务省),VALIDATED_MIRROR,,TRADE_OECD_SA,2026-09-05,LATEST_HISTORY_PROXY,PROXY,CURRENT_HISTORY_ONLY_NO_VINTAGE,false,true,true
1968-05-31,1968-05,394610000000,394610000000,日元(OECD自行季调),M,IMPORT_FRED_SA,FRED(OECD转载财务省),VALIDATED_MIRROR,,TRADE_OECD_SA,2026-09-05,LATEST_HISTORY_PROXY,PROXY,CURRENT_HISTORY_ONLY_NO_VINTAGE,false,true,true
1968-06-30,1968-06,367320000000,367320000000,日元(OECD自行季调),M,IMPORT_FRED_SA,FRED(OECD转载财务省),VALIDATED_MIRROR,,TRADE_OECD_SA,2026-09-05,LATEST_HISTORY_PROXY,PROXY,CURRENT_HISTORY_ONLY_NO_VINTAGE,false,true,true
1968-07-31,1968-07,399680000000,399680000000,日元(OECD自行季调),M,IMPORT_FRED_SA,FRED(OECD转载财务省),VALIDATED_MIRROR,,TRADE_OECD_SA,2026-09-05,LATEST_HISTORY_PROXY,PROXY,CURRENT_HISTORY_ONLY_NO_VINTAGE,false,true,true
1968-08-31,1968-08,384500000000,384500000000,日元(OECD自行季调),M,IMPORT_FRED_SA,FRED(OECD转载财务省),VALIDATED_MIRROR,,TRADE_OECD_SA,2026-09-05,LATEST_HISTORY_PROXY,PROXY,CURRENT_HISTORY_ONLY_NO_VINTAGE,false,true,true
1968-09-30,1968-09,388440000000,388440000000,日元(OECD自行季调),M,IMPORT_FRED_SA,FRED(OECD转载财务省),VALIDATED_MIRROR,,TRADE_OECD_SA,2026-09-05,LATEST_HISTORY_PROXY,PROXY,CURRENT_HISTORY_ONLY_NO_VINTAGE,false,true,true
1968-10-31,1968-10,399970000000,399970000000,日元(OECD自行季调),M,IMPORT_FRED_SA,FRED(OECD转载财务省),VALIDATED_MIRROR,,TRADE_OECD_SA,2026-09-05,LATEST_HISTORY_PROXY,PROXY,CURRENT_HISTORY_ONLY_NO_VINTAGE,false,true,true
1968-11-30,1968-11,414380000000,414380000000,日元(OECD自行季调),M,IMPORT_FRED_SA,FRED(OECD转载财务省),VALIDATED_MIRROR,,TRADE_OECD_SA,2026-09-05,LATEST_HISTORY_PROXY,PROXY,CURRENT_HISTORY_ONLY_NO_VINTAGE,false,true,true
1968-12-31,1968-12,414920000000,414920000000,日元(OECD自行季调),M,IMPORT_FRED_SA,FRED(OECD转载财务省),VALIDATED_MIRROR,,TRADE_OECD_SA,2026-09-05,LATEST_HISTORY_PROXY,PROXY,CURRENT_HISTORY_ONLY_NO_VINTAGE,false,true,true
1969-01-31,1969-01,419691000000.0,419691000000.0,日元(OECD自行季调),M,IMPORT_FRED_SA,FRED(OECD转载财务省),VALIDATED_MIRROR,,TRADE_OECD_SA,2026-09-05,LATEST_HISTORY_PROXY,PROXY,CURRENT_HISTORY_ONLY_NO_VINTAGE,false,true,true
1969-02-28,1969-02,416737000000.0,416737000000.0,日元(OECD自行季调),M,IMPORT_FRED_SA,FRED(OECD转载财务省),VALIDATED_MIRROR,,TRADE_OECD_SA,2026-09-05,LATEST_HISTORY_PROXY,PROXY,CURRENT_HISTORY_ONLY_NO_VINTAGE,false,true,true
1969-03-31,1969-03,409617000000.0,409617000000.0,日元(OECD自行季调),M,IMPORT_FRED_SA,FRED(OECD转载财务省),VALIDATED_MIRROR,,TRADE_OECD_SA,2026-09-05,LATEST_HISTORY_PROXY,PROXY,CURRENT_HISTORY_ONLY_NO_VINTAGE,false,true,true
1969-04-30,1969-04,409102000000.0,409102000000.0,日元(OECD自行季调),M,IMPORT_FRED_SA,FRED(OECD转载财务省),VALIDATED_MIRROR,,TRADE_OECD_SA,2026-09-05,LATEST_HISTORY_PROXY,PROXY,CURRENT_HISTORY_ONLY_NO_VINTAGE,false,true,true
1969-05-31,1969-05,440152000000.0,440152000000.0,日元(OECD自行季调),M,IMPORT_FRED_SA,FRED(OECD转载财务省),VALIDATED_MIRROR,,TRADE_OECD_SA,2026-09-05,LATEST_HISTORY_PROXY,PROXY,CURRENT_HISTORY_ONLY_NO_VINTAGE,false,true,true
1969-06-30,1969-06,425486000000.0,425486000000.0,日元(OECD自行季调),M,IMPORT_FRED_SA,FRED(OECD转载财务省),VALIDATED_MIRROR,,TRADE_OECD_SA,2026-09-05,LATEST_HISTORY_PROXY,PROXY,CURRENT_HISTORY_ONLY_NO_VINTAGE,false,true,true
1969-07-31,1969-07,444293000000.0,444293000000.0,日元(OECD自行季调),M,IMPORT_FRED_SA,FRED(OECD转载财务省),VALIDATED_MIRROR,,TRADE_OECD_SA,2026-09-05,LATEST_HISTORY_PROXY,PROXY,CURRENT_HISTORY_ONLY_NO_VINTAGE,false,true,true
1969-08-31,1969-08,474173000000.0,474173000000.0,日元(OECD自行季调),M,IMPORT_FRED_SA,FRED(OECD转载财务省),VALIDATED_MIRROR,,TRADE_OECD_SA,2026-09-05,LATEST_HISTORY_PROXY,PROXY,CURRENT_HISTORY_ONLY_NO_VINTAGE,false,true,true
1969-09-30,1969-09,487467000000.0,487467000000.0,日元(OECD自行季调),M,IMPORT_FRED_SA,FRED(OECD转载财务省),VALIDATED_MIRROR,,TRADE_OECD_SA,2026-09-05,LATEST_HISTORY_PROXY,PROXY,CURRENT_HISTORY_ONLY_NO_VINTAGE,false,true,true
1969-10-31,1969-10,488154000000.0,488154000000.0,日元(OECD自行季调),M,IMPORT_FRED_SA,FRED(OECD转载财务省),VALIDATED_MIRROR,,TRADE_OECD_SA,2026-09-05,LATEST_HISTORY_PROXY,PROXY,CURRENT_HISTORY_ONLY_NO_VINTAGE,false,true,true
1969-11-30,1969-11,496959000000.0,496959000000.0,日元(OECD自行季调),M,IMPORT_FRED_SA,FRED(OECD转载财务省),VALIDATED_MIRROR,,TRADE_OECD_SA,2026-09-05,LATEST_HISTORY_PROXY,PROXY,CURRENT_HISTORY_ONLY_NO_VINTAGE,false,true,true
1969-12-31,1969-12,498306000000.0,498306000000.0,日元(OECD自行季调),M,IMPORT_FRED_SA,FRED(OECD转载财务省),VALIDATED_MIRROR,,TRADE_OECD_SA,2026-09-05,LATEST_HISTORY_PROXY,PROXY,CURRENT_HISTORY_ONLY_NO_VINTAGE,false,true,true
1970-01-31,1970-01,526326000000.0,526326000000.0,日元(OECD自行季调),M,IMPORT_FRED_SA,FRED(OECD转载财务省),VALIDATED_MIRROR,,TRADE_OECD_SA,2026-09-05,LATEST_HISTORY_PROXY,PROXY,CURRENT_HISTORY_ONLY_NO_VINTAGE,false,true,true
1970-02-28,1970-02,530253000000.00006,530253000000.00006,日元(OECD自行季调),M,IMPORT_FRED_SA,FRED(OECD转载财务省),VALIDATED_MIRROR,,TRADE_OECD_SA,2026-09-05,LATEST_HISTORY_PROXY,PROXY,CURRENT_HISTORY_ONLY_NO_VINTAGE,false,true,true
1970-03-31,1970-03,546366000000.0,546366000000.0,日元(OECD自行季调),M,IMPORT_FRED_SA,FRED(OECD转载财务省),VALIDATED_MIRROR,,TRADE_OECD_SA,2026-09-05,LATEST_HISTORY_PROXY,PROXY,CURRENT_HISTORY_ONLY_NO_VINTAGE,false,true,true
1970-04-30,1970-04,538654000000.0,538654000000.0,日元(OECD自行季调),M,IMPORT_FRED_SA,FRED(OECD转载财务省),VALIDATED_MIRROR,,TRADE_OECD_SA,2026-09-05,LATEST_HISTORY_PROXY,PROXY,CURRENT_HISTORY_ONLY_NO_VINTAGE,false,true,true
1970-05-31,1970-05,543313000000.0,543313000000.0,日元(OECD自行季调),M,IMPORT_FRED_SA,FRED(OECD转载财务省),VALIDATED_MIRROR,,TRADE_OECD_SA,2026-09-05,LATEST_HISTORY_PROXY,PROXY,CURRENT_HISTORY_ONLY_NO_VINTAGE,false,true,true
1970-06-30,1970-06,572748000000.0,572748000000.0,日元(OECD自行季调),M,IMPORT_FRED_SA,FRED(OECD转载财务省),VALIDATED_MIRROR,,TRADE_OECD_SA,2026-09-05,LATEST_HISTORY_PROXY,PROXY,CURRENT_HISTORY_ONLY_NO_VINTAGE,false,true,true
1970-07-31,1970-07,576892000000.0,576892000000.0,日元(OECD自行季调),M,IMPORT_FRED_SA,FRED(OECD转载财务省),VALIDATED_MIRROR,,TRADE_OECD_SA,2026-09-05,LATEST_HISTORY_PROXY,PROXY,CURRENT_HISTORY_ONLY_NO_VINTAGE,false,true,true
1970-08-31,1970-08,572255000000.0,572255000000.0,日元(OECD自行季调),M,IMPORT_FRED_SA,FRED(OECD转载财务省),VALIDATED_MIRROR,,TRADE_OECD_SA,2026-09-05,LATEST_HISTORY_PROXY,PROXY,CURRENT_HISTORY_ONLY_NO_VINTAGE,false,true,true
1970-09-30,1970-09,600165000000.0,600165000000.0,日元(OECD自行季调),M,IMPORT_FRED_SA,FRED(OECD转载财务省),VALIDATED_MIRROR,,TRADE_OECD_SA,2026-09-05,LATEST_HISTORY_PROXY,PROXY,CURRENT_HISTORY_ONLY_NO_VINTAGE,false,true,true
1970-10-31,1970-10,602250000000,602250000000,日元(OECD自行季调),M,IMPORT_FRED_SA,FRED(OECD转载财务省),VALIDATED_MIRROR,,TRADE_OECD_SA,2026-09-05,LATEST_HISTORY_PROXY,PROXY,CURRENT_HISTORY_ONLY_NO_VINTAGE,false,true,true
1970-11-30,1970-11,586352000000.0,586352000000.0,日元(OECD自行季调),M,IMPORT_FRED_SA,FRED(OECD转载财务省),VALIDATED_MIRROR,,TRADE_OECD_SA,2026-09-05,LATEST_HISTORY_PROXY,PROXY,CURRENT_HISTORY_ONLY_NO_VINTAGE,false,true,true
1970-12-31,1970-12,599559000000.0,599559000000.0,日元(OECD自行季调),M,IMPORT_FRED_SA,FRED(OECD转载财务省),VALIDATED_MIRROR,,TRADE_OECD_SA,2026-09-05,LATEST_HISTORY_PROXY,PROXY,CURRENT_HISTORY_ONLY_NO_VINTAGE,false,true,true
1971-01-31,1971-01,594955000000.0,594955000000.0,日元(OECD自行季调),M,IMPORT_FRED_SA,FRED(OECD转载财务省),VALIDATED_MIRROR,,TRADE_OECD_SA,2026-09-05,LATEST_HISTORY_PROXY,PROXY,CURRENT_HISTORY_ONLY_NO_VINTAGE,false,true,true
1971-02-28,1971-02,589492000000.0,589492000000.0,日元(OECD自行季调),M,IMPORT_FRED_SA,FRED(OECD转载财务省),VALIDATED_MIRROR,,TRADE_OECD_SA,2026-09-05,LATEST_HISTORY_PROXY,PROXY,CURRENT_HISTORY_ONLY_NO_VINTAGE,false,true,true
1971-03-31,1971-03,593821000000.0,593821000000.0,日元(OECD自行季调),M,IMPORT_FRED_SA,FRED(OECD转载财务省),VALIDATED_MIRROR,,TRADE_OECD_SA,2026-09-05,LATEST_HISTORY_PROXY,PROXY,CURRENT_HISTORY_ONLY_NO_VINTAGE,false,true,true
1971-04-30,1971-04,602116000000.0,602116000000.0,日元(OECD自行季调),M,IMPORT_FRED_SA,FRED(OECD转载财务省),VALIDATED_MIRROR,,TRADE_OECD_SA,2026-09-05,LATEST_HISTORY_PROXY,PROXY,CURRENT_HISTORY_ONLY_NO_VINTAGE,false,true,true
1971-05-31,1971-05,569833000000.0,569833000000.0,日元(OECD自行季调),M,IMPORT_FRED_SA,FRED(OECD转载财务省),VALIDATED_MIRROR,,TRADE_OECD_SA,2026-09-05,LATEST_HISTORY_PROXY,PROXY,CURRENT_HISTORY_ONLY_NO_VINTAGE,false,true,true
1971-06-30,1971-06,591994000000.0,591994000000.0,日元(OECD自行季调),M,IMPORT_FRED_SA,FRED(OECD转载财务省),VALIDATED_MIRROR,,TRADE_OECD_SA,2026-09-05,LATEST_HISTORY_PROXY,PROXY,CURRENT_HISTORY_ONLY_NO_VINTAGE,false,true,true
1971-07-31,1971-07,586153000000.0,586153000000.0,日元(OECD自行季调),M,IMPORT_FRED_SA,FRED(OECD转载财务省),VALIDATED_MIRROR,,TRADE_OECD_SA,2026-09-05,LATEST_HISTORY_PROXY,PROXY,CURRENT_HISTORY_ONLY_NO_VINTAGE,false,true,true
1971-08-31,1971-08,544351000000.0,544351000000.0,日元(OECD自行季调),M,IMPORT_FRED_SA,FRED(OECD转载财务省),VALIDATED_MIRROR,,TRADE_OECD_SA,2026-09-05,LATEST_HISTORY_PROXY,PROXY,CURRENT_HISTORY_ONLY_NO_VINTAGE,false,true,true
1971-09-30,1971-09,542586000000.0,542586000000.0,日元(OECD自行季调),M,IMPORT_FRED_SA,FRED(OECD转载财务省),VALIDATED_MIRROR,,TRADE_OECD_SA,2026-09-05,LATEST_HISTORY_PROXY,PROXY,CURRENT_HISTORY_ONLY_NO_VINTAGE,false,true,true
1971-10-31,1971-10,553777000000.0,553777000000.0,日元(OECD自行季调),M,IMPORT_FRED_SA,FRED(OECD转载财务省),VALIDATED_MIRROR,,TRADE_OECD_SA,2026-09-05,LATEST_HISTORY_PROXY,PROXY,CURRENT_HISTORY_ONLY_NO_VINTAGE,false,true,true
1971-11-30,1971-11,590844000000.0,590844000000.0,日元(OECD自行季调),M,IMPORT_FRED_SA,FRED(OECD转载财务省),VALIDATED_MIRROR,,TRADE_OECD_SA,2026-09-05,LATEST_HISTORY_PROXY,PROXY,CURRENT_HISTORY_ONLY_NO_VINTAGE,false,true,true
1971-12-31,1971-12,547613000000.00006,547613000000.00006,日元(OECD自行季调),M,IMPORT_FRED_SA,FRED(OECD转载财务省),VALIDATED_MIRROR,,TRADE_OECD_SA,2026-09-05,LATEST_HISTORY_PROXY,PROXY,CURRENT_HISTORY_ONLY_NO_VINTAGE,false,true,true
1972-01-31,1972-01,535317000000.0,535317000000.0,日元(OECD自行季调),M,IMPORT_FRED_SA,FRED(OECD转载财务省),VALIDATED_MIRROR,,TRADE_OECD_SA,2026-09-05,LATEST_HISTORY_PROXY,PROXY,CURRENT_HISTORY_ONLY_NO_VINTAGE,false,true,true
1972-02-29,1972-02,562399000000.0,562399000000.0,日元(OECD自行季调),M,IMPORT_FRED_SA,FRED(OECD转载财务省),VALIDATED_MIRROR,,TRADE_OECD_SA,2026-09-05,LATEST_HISTORY_PROXY,PROXY,CURRENT_HISTORY_ONLY_NO_VINTAGE,false,true,true
1972-03-31,1972-03,594193000000.0,594193000000.0,日元(OECD自行季调),M,IMPORT_FRED_SA,FRED(OECD转载财务省),VALIDATED_MIRROR,,TRADE_OECD_SA,2026-09-05,LATEST_HISTORY_PROXY,PROXY,CURRENT_HISTORY_ONLY_NO_VINTAGE,false,true,true
1972-04-30,1972-04,577664000000.0,577664000000.0,日元(OECD自行季调),M,IMPORT_FRED_SA,FRED(OECD转载财务省),VALIDATED_MIRROR,,TRADE_OECD_SA,2026-09-05,LATEST_HISTORY_PROXY,PROXY,CURRENT_HISTORY_ONLY_NO_VINTAGE,false,true,true
1972-05-31,1972-05,571804000000.0,571804000000.0,日元(OECD自行季调),M,IMPORT_FRED_SA,FRED(OECD转载财务省),VALIDATED_MIRROR,,TRADE_OECD_SA,2026-09-05,LATEST_HISTORY_PROXY,PROXY,CURRENT_HISTORY_ONLY_NO_VINTAGE,false,true,true
1972-06-30,1972-06,511282000000.0,511282000000.0,日元(OECD自行季调),M,IMPORT_FRED_SA,FRED(OECD转载财务省),VALIDATED_MIRROR,,TRADE_OECD_SA,2026-09-05,LATEST_HISTORY_PROXY,PROXY,CURRENT_HISTORY_ONLY_NO_VINTAGE,false,true,true
1972-07-31,1972-07,531828999999.99994,531828999999.99994,日元(OECD自行季调),M,IMPORT_FRED_SA,FRED(OECD转载财务省),VALIDATED_MIRROR,,TRADE_OECD_SA,2026-09-05,LATEST_HISTORY_PROXY,PROXY,CURRENT_HISTORY_ONLY_NO_VINTAGE,false,true,true
1972-08-31,1972-08,641439000000.0,641439000000.0,日元(OECD自行季调),M,IMPORT_FRED_SA,FRED(OECD转载财务省),VALIDATED_MIRROR,,TRADE_OECD_SA,2026-09-05,LATEST_HISTORY_PROXY,PROXY,CURRENT_HISTORY_ONLY_NO_VINTAGE,false,true,true
1972-09-30,1972-09,663197000000.0,663197000000.0,日元(OECD自行季调),M,IMPORT_FRED_SA,FRED(OECD转载财务省),VALIDATED_MIRROR,,TRADE_OECD_SA,2026-09-05,LATEST_HISTORY_PROXY,PROXY,CURRENT_HISTORY_ONLY_NO_VINTAGE,false,true,true
1972-10-31,1972-10,652191000000.0,652191000000.0,日元(OECD自行季调),M,IMPORT_FRED_SA,FRED(OECD转载财务省),VALIDATED_MIRROR,,TRADE_OECD_SA,2026-09-05,LATEST_HISTORY_PROXY,PROXY,CURRENT_HISTORY_ONLY_NO_VINTAGE,false,true,true
1972-11-30,1972-11,687924000000.0,687924000000.0,日元(OECD自行季调),M,IMPORT_FRED_SA,FRED(OECD转载财务省),VALIDATED_MIRROR,,TRADE_OECD_SA,2026-09-05,LATEST_HISTORY_PROXY,PROXY,CURRENT_HISTORY_ONLY_NO_VINTAGE,false,true,true
1972-12-31,1972-12,701727000000.0,701727000000.0,日元(OECD自行季调),M,IMPORT_FRED_SA,FRED(OECD转载财务省),VALIDATED_MIRROR,,TRADE_OECD_SA,2026-09-05,LATEST_HISTORY_PROXY,PROXY,CURRENT_HISTORY_ONLY_NO_VINTAGE,false,true,true
1973-01-31,1973-01,706640000000,706640000000,日元(OECD自行季调),M,IMPORT_FRED_SA,FRED(OECD转载财务省),VALIDATED_MIRROR,,TRADE_OECD_SA,2026-09-05,LATEST_HISTORY_PROXY,PROXY,CURRENT_HISTORY_ONLY_NO_VINTAGE,false,true,true
1973-02-28,1973-02,717165000000.0,717165000000.0,日元(OECD自行季调),M,IMPORT_FRED_SA,FRED(OECD转载财务省),VALIDATED_MIRROR,,TRADE_OECD_SA,2026-09-05,LATEST_HISTORY_PROXY,PROXY,CURRENT_HISTORY_ONLY_NO_VINTAGE,false,true,true
1973-03-31,1973-03,710224000000.0,710224000000.0,日元(OECD自行季调),M,IMPORT_FRED_SA,FRED(OECD转载财务省),VALIDATED_MIRROR,,TRADE_OECD_SA,2026-09-05,LATEST_HISTORY_PROXY,PROXY,CURRENT_HISTORY_ONLY_NO_VINTAGE,false,true,true
1973-04-30,1973-04,746862000000.0,746862000000.0,日元(OECD自行季调),M,IMPORT_FRED_SA,FRED(OECD转载财务省),VALIDATED_MIRROR,,TRADE_OECD_SA,2026-09-05,LATEST_HISTORY_PROXY,PROXY,CURRENT_HISTORY_ONLY_NO_VINTAGE,false,true,true
1973-05-31,1973-05,808519000000.0,808519000000.0,日元(OECD自行季调),M,IMPORT_FRED_SA,FRED(OECD转载财务省),VALIDATED_MIRROR,,TRADE_OECD_SA,2026-09-05,LATEST_HISTORY_PROXY,PROXY,CURRENT_HISTORY_ONLY_NO_VINTAGE,false,true,true
1973-06-30,1973-06,872313000000.0,872313000000.0,日元(OECD自行季调),M,IMPORT_FRED_SA,FRED(OECD转载财务省),VALIDATED_MIRROR,,TRADE_OECD_SA,2026-09-05,LATEST_HISTORY_PROXY,PROXY,CURRENT_HISTORY_ONLY_NO_VINTAGE,false,true,true
1973-07-31,1973-07,846237000000.0,846237000000.0,日元(OECD自行季调),M,IMPORT_FRED_SA,FRED(OECD转载财务省),VALIDATED_MIRROR,,TRADE_OECD_SA,2026-09-05,LATEST_HISTORY_PROXY,PROXY,CURRENT_HISTORY_ONLY_NO_VINTAGE,false,true,true
1973-08-31,1973-08,932696000000.0,932696000000.0,日元(OECD自行季调),M,IMPORT_FRED_SA,FRED(OECD转载财务省),VALIDATED_MIRROR,,TRADE_OECD_SA,2026-09-05,LATEST_HISTORY_PROXY,PROXY,CURRENT_HISTORY_ONLY_NO_VINTAGE,false,true,true
1973-09-30,1973-09,909648000000.0,909648000000.0,日元(OECD自行季调),M,IMPORT_FRED_SA,FRED(OECD转载财务省),VALIDATED_MIRROR,,TRADE_OECD_SA,2026-09-05,LATEST_HISTORY_PROXY,PROXY,CURRENT_HISTORY_ONLY_NO_VINTAGE,false,true,true
1973-10-31,1973-10,990139000000.0,990139000000.0,日元(OECD自行季调),M,IMPORT_FRED_SA,FRED(OECD转载财务省),VALIDATED_MIRROR,,TRADE_OECD_SA,2026-09-05,LATEST_HISTORY_PROXY,PROXY,CURRENT_HISTORY_ONLY_NO_VINTAGE,false,true,true
1973-11-30,1973-11,1033864000000.0,1033864000000.0,日元(OECD自行季调),M,IMPORT_FRED_SA,FRED(OECD转载财务省),VALIDATED_MIRROR,,TRADE_OECD_SA,2026-09-05,LATEST_HISTORY_PROXY,PROXY,CURRENT_HISTORY_ONLY_NO_VINTAGE,false,true,true
1973-12-31,1973-12,1115975000000.0,1115975000000.0,日元(OECD自行季调),M,IMPORT_FRED_SA,FRED(OECD转载财务省),VALIDATED_MIRROR,,TRADE_OECD_SA,2026-09-05,LATEST_HISTORY_PROXY,PROXY,CURRENT_HISTORY_ONLY_NO_VINTAGE,false,true,true
1974-01-31,1974-01,1176532000000.0,1176532000000.0,日元(OECD自行季调),M,IMPORT_FRED_SA,FRED(OECD转载财务省),VALIDATED_MIRROR,,TRADE_OECD_SA,2026-09-05,LATEST_HISTORY_PROXY,PROXY,CURRENT_HISTORY_ONLY_NO_VINTAGE,false,true,true
1974-02-28,1974-02,1490636000000.0,1490636000000.0,日元(OECD自行季调),M,IMPORT_FRED_SA,FRED(OECD转载财务省),VALIDATED_MIRROR,,TRADE_OECD_SA,2026-09-05,LATEST_HISTORY_PROXY,PROXY,CURRENT_HISTORY_ONLY_NO_VINTAGE,false,true,true
1974-03-31,1974-03,1462090000000,1462090000000,日元(OECD自行季调),M,IMPORT_FRED_SA,FRED(OECD转载财务省),VALIDATED_MIRROR,,TRADE_OECD_SA,2026-09-05,LATEST_HISTORY_PROXY,PROXY,CURRENT_HISTORY_ONLY_NO_VINTAGE,false,true,true
1974-04-30,1974-04,1495778000000.0,1495778000000.0,日元(OECD自行季调),M,IMPORT_FRED_SA,FRED(OECD转载财务省),VALIDATED_MIRROR,,TRADE_OECD_SA,2026-09-05,LATEST_HISTORY_PROXY,PROXY,CURRENT_HISTORY_ONLY_NO_VINTAGE,false,true,true
1974-05-31,1974-05,1546257000000.0,1546257000000.0,日元(OECD自行季调),M,IMPORT_FRED_SA,FRED(OECD转载财务省),VALIDATED_MIRROR,,TRADE_OECD_SA,2026-09-05,LATEST_HISTORY_PROXY,PROXY,CURRENT_HISTORY_ONLY_NO_VINTAGE,false,true,true
1974-06-30,1974-06,1540863000000.0,1540863000000.0,日元(OECD自行季调),M,IMPORT_FRED_SA,FRED(OECD转载财务省),VALIDATED_MIRROR,,TRADE_OECD_SA,2026-09-05,LATEST_HISTORY_PROXY,PROXY,CURRENT_HISTORY_ONLY_NO_VINTAGE,false,true,true
1974-07-31,1974-07,1573435000000.0,1573435000000.0,日元(OECD自行季调),M,IMPORT_FRED_SA,FRED(OECD转载财务省),VALIDATED_MIRROR,,TRADE_OECD_SA,2026-09-05,LATEST_HISTORY_PROXY,PROXY,CURRENT_HISTORY_ONLY_NO_VINTAGE,false,true,true
1974-08-31,1974-08,1568808000000.0,1568808000000.0,日元(OECD自行季调),M,IMPORT_FRED_SA,FRED(OECD转载财务省),VALIDATED_MIRROR,,TRADE_OECD_SA,2026-09-05,LATEST_HISTORY_PROXY,PROXY,CURRENT_HISTORY_ONLY_NO_VINTAGE,false,true,true
1974-09-30,1974-09,1509361000000.0,1509361000000.0,日元(OECD自行季调),M,IMPORT_FRED_SA,FRED(OECD转载财务省),VALIDATED_MIRROR,,TRADE_OECD_SA,2026-09-05,LATEST_HISTORY_PROXY,PROXY,CURRENT_HISTORY_ONLY_NO_VINTAGE,false,true,true
1974-10-31,1974-10,1590283000000.0,1590283000000.0,日元(OECD自行季调),M,IMPORT_FRED_SA,FRED(OECD转载财务省),VALIDATED_MIRROR,,TRADE_OECD_SA,2026-09-05,LATEST_HISTORY_PROXY,PROXY,CURRENT_HISTORY_ONLY_NO_VINTAGE,false,true,true
1974-11-30,1974-11,1573435000000.0,1573435000000.0,日元(OECD自行季调),M,IMPORT_FRED_SA,FRED(OECD转载财务省),VALIDATED_MIRROR,,TRADE_OECD_SA,2026-09-05,LATEST_HISTORY_PROXY,PROXY,CURRENT_HISTORY_ONLY_NO_VINTAGE,false,true,true
1974-12-31,1974-12,1532989000000.0,1532989000000.0,日元(OECD自行季调),M,IMPORT_FRED_SA,FRED(OECD转载财务省),VALIDATED_MIRROR,,TRADE_OECD_SA,2026-09-05,LATEST_HISTORY_PROXY,PROXY,CURRENT_HISTORY_ONLY_NO_VINTAGE,false,true,true
1975-01-31,1975-01,1521504000000.0,1521504000000.0,日元(OECD自行季调),M,IMPORT_FRED_SA,FRED(OECD转载财务省),VALIDATED_MIRROR,,TRADE_OECD_SA,2026-09-05,LATEST_HISTORY_PROXY,PROXY,CURRENT_HISTORY_ONLY_NO_VINTAGE,false,true,true
1975-02-28,1975-02,1422164000000.0,1422164000000.0,日元(OECD自行季调),M,IMPORT_FRED_SA,FRED(OECD转载财务省),VALIDATED_MIRROR,,TRADE_OECD_SA,2026-09-05,LATEST_HISTORY_PROXY,PROXY,CURRENT_HISTORY_ONLY_NO_VINTAGE,false,true,true
1975-03-31,1975-03,1384978000000.0,1384978000000.0,日元(OECD自行季调),M,IMPORT_FRED_SA,FRED(OECD转载财务省),VALIDATED_MIRROR,,TRADE_OECD_SA,2026-09-05,LATEST_HISTORY_PROXY,PROXY,CURRENT_HISTORY_ONLY_NO_VINTAGE,false,true,true
1975-04-30,1975-04,1388032000000.0,1388032000000.0,日元(OECD自行季调),M,IMPORT_FRED_SA,FRED(OECD转载财务省),VALIDATED_MIRROR,,TRADE_OECD_SA,2026-09-05,LATEST_HISTORY_PROXY,PROXY,CURRENT_HISTORY_ONLY_NO_VINTAGE,false,true,true
1975-05-31,1975-05,1383062000000.0,1383062000000.0,日元(OECD自行季调),M,IMPORT_FRED_SA,FRED(OECD转载财务省),VALIDATED_MIRROR,,TRADE_OECD_SA,2026-09-05,LATEST_HISTORY_PROXY,PROXY,CURRENT_HISTORY_ONLY_NO_VINTAGE,false,true,true
1975-06-30,1975-06,1321950000000,1321950000000,日元(OECD自行季调),M,IMPORT_FRED_SA,FRED(OECD转载财务省),VALIDATED_MIRROR,,TRADE_OECD_SA,2026-09-05,LATEST_HISTORY_PROXY,PROXY,CURRENT_HISTORY_ONLY_NO_VINTAGE,false,true,true
1975-07-31,1975-07,1445341000000.0,1445341000000.0,日元(OECD自行季调),M,IMPORT_FRED_SA,FRED(OECD转载财务省),VALIDATED_MIRROR,,TRADE_OECD_SA,2026-09-05,LATEST_HISTORY_PROXY,PROXY,CURRENT_HISTORY_ONLY_NO_VINTAGE,false,true,true
1975-08-31,1975-08,1356428000000.0,1356428000000.0,日元(OECD自行季调),M,IMPORT_FRED_SA,FRED(OECD转载财务省),VALIDATED_MIRROR,,TRADE_OECD_SA,2026-09-05,LATEST_HISTORY_PROXY,PROXY,CURRENT_HISTORY_ONLY_NO_VINTAGE,false,true,true
1975-09-30,1975-09,1471233000000.0,1471233000000.0,日元(OECD自行季调),M,IMPORT_FRED_SA,FRED(OECD转载财务省),VALIDATED_MIRROR,,TRADE_OECD_SA,2026-09-05,LATEST_HISTORY_PROXY,PROXY,CURRENT_HISTORY_ONLY_NO_VINTAGE,false,true,true
1975-10-31,1975-10,1554731000000.0,1554731000000.0,日元(OECD自行季调),M,IMPORT_FRED_SA,FRED(OECD转载财务省),VALIDATED_MIRROR,,TRADE_OECD_SA,2026-09-05,LATEST_HISTORY_PROXY,PROXY,CURRENT_HISTORY_ONLY_NO_VINTAGE,false,true,true
1975-11-30,1975-11,1377630000000,1377630000000,日元(OECD自行季调),M,IMPORT_FRED_SA,FRED(OECD转载财务省),VALIDATED_MIRROR,,TRADE_OECD_SA,2026-09-05,LATEST_HISTORY_PROXY,PROXY,CURRENT_HISTORY_ONLY_NO_VINTAGE,false,true,true
1975-12-31,1975-12,1545135000000.0,1545135000000.0,日元(OECD自行季调),M,IMPORT_FRED_SA,FRED(OECD转载财务省),VALIDATED_MIRROR,,TRADE_OECD_SA,2026-09-05,LATEST_HISTORY_PROXY,PROXY,CURRENT_HISTORY_ONLY_NO_VINTAGE,false,true,true
1976-01-31,1976-01,1495082000000.0,1495082000000.0,日元(OECD自行季调),M,IMPORT_FRED_SA,FRED(OECD转载财务省),VALIDATED_MIRROR,,TRADE_OECD_SA,2026-09-05,LATEST_HISTORY_PROXY,PROXY,CURRENT_HISTORY_ONLY_NO_VINTAGE,false,true,true
1976-02-29,1976-02,1531424000000.0,1531424000000.0,日元(OECD自行季调),M,IMPORT_FRED_SA,FRED(OECD转载财务省),VALIDATED_MIRROR,,TRADE_OECD_SA,2026-09-05,LATEST_HISTORY_PROXY,PROXY,CURRENT_HISTORY_ONLY_NO_VINTAGE,false,true,true
1976-03-31,1976-03,1511933000000.0,1511933000000.0,日元(OECD自行季调),M,IMPORT_FRED_SA,FRED(OECD转载财务省),VALIDATED_MIRROR,,TRADE_OECD_SA,2026-09-05,LATEST_HISTORY_PROXY,PROXY,CURRENT_HISTORY_ONLY_NO_VINTAGE,false,true,true
1976-04-30,1976-04,1553080000000,1553080000000,日元(OECD自行季调),M,IMPORT_FRED_SA,FRED(OECD转载财务省),VALIDATED_MIRROR,,TRADE_OECD_SA,2026-09-05,LATEST_HISTORY_PROXY,PROXY,CURRENT_HISTORY_ONLY_NO_VINTAGE,false,true,true
1976-05-31,1976-05,1481621000000.0,1481621000000.0,日元(OECD自行季调),M,IMPORT_FRED_SA,FRED(OECD转载财务省),VALIDATED_MIRROR,,TRADE_OECD_SA,2026-09-05,LATEST_HISTORY_PROXY,PROXY,CURRENT_HISTORY_ONLY_NO_VINTAGE,false,true,true
1976-06-30,1976-06,1654708000000.0,1654708000000.0,日元(OECD自行季调),M,IMPORT_FRED_SA,FRED(OECD转载财务省),VALIDATED_MIRROR,,TRADE_OECD_SA,2026-09-05,LATEST_HISTORY_PROXY,PROXY,CURRENT_HISTORY_ONLY_NO_VINTAGE,false,true,true
1976-07-31,1976-07,1664458000000.0,1664458000000.0,日元(OECD自行季调),M,IMPORT_FRED_SA,FRED(OECD转载财务省),VALIDATED_MIRROR,,TRADE_OECD_SA,2026-09-05,LATEST_HISTORY_PROXY,PROXY,CURRENT_HISTORY_ONLY_NO_VINTAGE,false,true,true
1976-08-31,1976-08,1635760000000,1635760000000,日元(OECD自行季调),M,IMPORT_FRED_SA,FRED(OECD转载财务省),VALIDATED_MIRROR,,TRADE_OECD_SA,2026-09-05,LATEST_HISTORY_PROXY,PROXY,CURRENT_HISTORY_ONLY_NO_VINTAGE,false,true,true
1976-09-30,1976-09,1681950000000,1681950000000,日元(OECD自行季调),M,IMPORT_FRED_SA,FRED(OECD转载财务省),VALIDATED_MIRROR,,TRADE_OECD_SA,2026-09-05,LATEST_HISTORY_PROXY,PROXY,CURRENT_HISTORY_ONLY_NO_VINTAGE,false,true,true
1976-10-31,1976-10,1647522000000.0,1647522000000.0,日元(OECD自行季调),M,IMPORT_FRED_SA,FRED(OECD转载财务省),VALIDATED_MIRROR,,TRADE_OECD_SA,2026-09-05,LATEST_HISTORY_PROXY,PROXY,CURRENT_HISTORY_ONLY_NO_VINTAGE,false,true,true
1976-11-30,1976-11,1721896000000.0,1721896000000.0,日元(OECD自行季调),M,IMPORT_FRED_SA,FRED(OECD转载财务省),VALIDATED_MIRROR,,TRADE_OECD_SA,2026-09-05,LATEST_HISTORY_PROXY,PROXY,CURRENT_HISTORY_ONLY_NO_VINTAGE,false,true,true
1976-12-31,1976-12,1666030000000,1666030000000,日元(OECD自行季调),M,IMPORT_FRED_SA,FRED(OECD转载财务省),VALIDATED_MIRROR,,TRADE_OECD_SA,2026-09-05,LATEST_HISTORY_PROXY,PROXY,CURRENT_HISTORY_ONLY_NO_VINTAGE,false,true,true
1977-01-31,1977-01,1685212000000.0,1685212000000.0,日元(OECD自行季调),M,IMPORT_FRED_SA,FRED(OECD转载财务省),VALIDATED_MIRROR,,TRADE_OECD_SA,2026-09-05,LATEST_HISTORY_PROXY,PROXY,CURRENT_HISTORY_ONLY_NO_VINTAGE,false,true,true
1977-02-28,1977-02,1605884000000.0,1605884000000.0,日元(OECD自行季调),M,IMPORT_FRED_SA,FRED(OECD转载财务省),VALIDATED_MIRROR,,TRADE_OECD_SA,2026-09-05,LATEST_HISTORY_PROXY,PROXY,CURRENT_HISTORY_ONLY_NO_VINTAGE,false,true,true
1977-03-31,1977-03,1709337000000.0,1709337000000.0,日元(OECD自行季调),M,IMPORT_FRED_SA,FRED(OECD转载财务省),VALIDATED_MIRROR,,TRADE_OECD_SA,2026-09-05,LATEST_HISTORY_PROXY,PROXY,CURRENT_HISTORY_ONLY_NO_VINTAGE,false,true,true
1977-04-30,1977-04,1598052000000.0,1598052000000.0,日元(OECD自行季调),M,IMPORT_FRED_SA,FRED(OECD转载财务省),VALIDATED_MIRROR,,TRADE_OECD_SA,2026-09-05,LATEST_HISTORY_PROXY,PROXY,CURRENT_HISTORY_ONLY_NO_VINTAGE,false,true,true
1977-05-31,1977-05,1609404000000.0,1609404000000.0,日元(OECD自行季调),M,IMPORT_FRED_SA,FRED(OECD转载财务省),VALIDATED_MIRROR,,TRADE_OECD_SA,2026-09-05,LATEST_HISTORY_PROXY,PROXY,CURRENT_HISTORY_ONLY_NO_VINTAGE,false,true,true
1977-06-30,1977-06,1644978000000.0,1644978000000.0,日元(OECD自行季调),M,IMPORT_FRED_SA,FRED(OECD转载财务省),VALIDATED_MIRROR,,TRADE_OECD_SA,2026-09-05,LATEST_HISTORY_PROXY,PROXY,CURRENT_HISTORY_ONLY_NO_VINTAGE,false,true,true
1977-07-31,1977-07,1559086000000.0,1559086000000.0,日元(OECD自行季调),M,IMPORT_FRED_SA,FRED(OECD转载财务省),VALIDATED_MIRROR,,TRADE_OECD_SA,2026-09-05,LATEST_HISTORY_PROXY,PROXY,CURRENT_HISTORY_ONLY_NO_VINTAGE,false,true,true
1977-08-31,1977-08,1651508000000.0,1651508000000.0,日元(OECD自行季调),M,IMPORT_FRED_SA,FRED(OECD转载财务省),VALIDATED_MIRROR,,TRADE_OECD_SA,2026-09-05,LATEST_HISTORY_PROXY,PROXY,CURRENT_HISTORY_ONLY_NO_VINTAGE,false,true,true
1977-09-30,1977-09,1584294000000.0,1584294000000.0,日元(OECD自行季调),M,IMPORT_FRED_SA,FRED(OECD转载财务省),VALIDATED_MIRROR,,TRADE_OECD_SA,2026-09-05,LATEST_HISTORY_PROXY,PROXY,CURRENT_HISTORY_ONLY_NO_VINTAGE,false,true,true
1977-10-31,1977-10,1545860000000,1545860000000,日元(OECD自行季调),M,IMPORT_FRED_SA,FRED(OECD转载财务省),VALIDATED_MIRROR,,TRADE_OECD_SA,2026-09-05,LATEST_HISTORY_PROXY,PROXY,CURRENT_HISTORY_ONLY_NO_VINTAGE,false,true,true
1977-11-30,1977-11,1485727000000.0,1485727000000.0,日元(OECD自行季调),M,IMPORT_FRED_SA,FRED(OECD转载财务省),VALIDATED_MIRROR,,TRADE_OECD_SA,2026-09-05,LATEST_HISTORY_PROXY,PROXY,CURRENT_HISTORY_ONLY_NO_VINTAGE,false,true,true
1977-12-31,1977-12,1461833000000.0,1461833000000.0,日元(OECD自行季调),M,IMPORT_FRED_SA,FRED(OECD转载财务省),VALIDATED_MIRROR,,TRADE_OECD_SA,2026-09-05,LATEST_HISTORY_PROXY,PROXY,CURRENT_HISTORY_ONLY_NO_VINTAGE,false,true,true
1978-01-31,1978-01,1466870000000,1466870000000,日元(OECD自行季调),M,IMPORT_FRED_SA,FRED(OECD转载财务省),VALIDATED_MIRROR,,TRADE_OECD_SA,2026-09-05,LATEST_HISTORY_PROXY,PROXY,CURRENT_HISTORY_ONLY_NO_VINTAGE,false,true,true
1978-02-28,1978-02,1477054000000.0,1477054000000.0,日元(OECD自行季调),M,IMPORT_FRED_SA,FRED(OECD转载财务省),VALIDATED_MIRROR,,TRADE_OECD_SA,2026-09-05,LATEST_HISTORY_PROXY,PROXY,CURRENT_HISTORY_ONLY_NO_VINTAGE,false,true,true
1978-03-31,1978-03,1424907000000.0,1424907000000.0,日元(OECD自行季调),M,IMPORT_FRED_SA,FRED(OECD转载财务省),VALIDATED_MIRROR,,TRADE_OECD_SA,2026-09-05,LATEST_HISTORY_PROXY,PROXY,CURRENT_HISTORY_ONLY_NO_VINTAGE,false,true,true
1978-04-30,1978-04,1396253000000.0,1396253000000.0,日元(OECD自行季调),M,IMPORT_FRED_SA,FRED(OECD转载财务省),VALIDATED_MIRROR,,TRADE_OECD_SA,2026-09-05,LATEST_HISTORY_PROXY,PROXY,CURRENT_HISTORY_ONLY_NO_VINTAGE,false,true,true
1978-05-31,1978-05,1513539000000.0,1513539000000.0,日元(OECD自行季调),M,IMPORT_FRED_SA,FRED(OECD转载财务省),VALIDATED_MIRROR,,TRADE_OECD_SA,2026-09-05,LATEST_HISTORY_PROXY,PROXY,CURRENT_HISTORY_ONLY_NO_VINTAGE,false,true,true
1978-06-30,1978-06,1315871000000.0,1315871000000.0,日元(OECD自行季调),M,IMPORT_FRED_SA,FRED(OECD转载财务省),VALIDATED_MIRROR,,TRADE_OECD_SA,2026-09-05,LATEST_HISTORY_PROXY,PROXY,CURRENT_HISTORY_ONLY_NO_VINTAGE,false,true,true
1978-07-31,1978-07,1303323000000.0,1303323000000.0,日元(OECD自行季调),M,IMPORT_FRED_SA,FRED(OECD转载财务省),VALIDATED_MIRROR,,TRADE_OECD_SA,2026-09-05,LATEST_HISTORY_PROXY,PROXY,CURRENT_HISTORY_ONLY_NO_VINTAGE,false,true,true
1978-08-31,1978-08,1328289000000.0,1328289000000.0,日元(OECD自行季调),M,IMPORT_FRED_SA,FRED(OECD转载财务省),VALIDATED_MIRROR,,TRADE_OECD_SA,2026-09-05,LATEST_HISTORY_PROXY,PROXY,CURRENT_HISTORY_ONLY_NO_VINTAGE,false,true,true
1978-09-30,1978-09,1349542000000.0,1349542000000.0,日元(OECD自行季调),M,IMPORT_FRED_SA,FRED(OECD转载财务省),VALIDATED_MIRROR,,TRADE_OECD_SA,2026-09-05,LATEST_HISTORY_PROXY,PROXY,CURRENT_HISTORY_ONLY_NO_VINTAGE,false,true,true
1978-10-31,1978-10,1343607000000.0,1343607000000.0,日元(OECD自行季调),M,IMPORT_FRED_SA,FRED(OECD转载财务省),VALIDATED_MIRROR,,TRADE_OECD_SA,2026-09-05,LATEST_HISTORY_PROXY,PROXY,CURRENT_HISTORY_ONLY_NO_VINTAGE,false,true,true
1978-11-30,1978-11,1359039000000.0,1359039000000.0,日元(OECD自行季调),M,IMPORT_FRED_SA,FRED(OECD转载财务省),VALIDATED_MIRROR,,TRADE_OECD_SA,2026-09-05,LATEST_HISTORY_PROXY,PROXY,CURRENT_HISTORY_ONLY_NO_VINTAGE,false,true,true
1978-12-31,1978-12,1443547000000.0,1443547000000.0,日元(OECD自行季调),M,IMPORT_FRED_SA,FRED(OECD转载财务省),VALIDATED_MIRROR,,TRADE_OECD_SA,2026-09-05,LATEST_HISTORY_PROXY,PROXY,CURRENT_HISTORY_ONLY_NO_VINTAGE,false,true,true
1979-01-31,1979-01,1500921000000.0,1500921000000.0,日元(OECD自行季调),M,IMPORT_FRED_SA,FRED(OECD转载财务省),VALIDATED_MIRROR,,TRADE_OECD_SA,2026-09-05,LATEST_HISTORY_PROXY,PROXY,CURRENT_HISTORY_ONLY_NO_VINTAGE,false,true,true
1979-02-28,1979-02,1548598000000.0,1548598000000.0,日元(OECD自行季调),M,IMPORT_FRED_SA,FRED(OECD转载财务省),VALIDATED_MIRROR,,TRADE_OECD_SA,2026-09-05,LATEST_HISTORY_PROXY,PROXY,CURRENT_HISTORY_ONLY_NO_VINTAGE,false,true,true
1979-03-31,1979-03,1626946000000.0,1626946000000.0,日元(OECD自行季调),M,IMPORT_FRED_SA,FRED(OECD转载财务省),VALIDATED_MIRROR,,TRADE_OECD_SA,2026-09-05,LATEST_HISTORY_PROXY,PROXY,CURRENT_HISTORY_ONLY_NO_VINTAGE,false,true,true
1979-04-30,1979-04,1737038000000.0,1737038000000.0,日元(OECD自行季调),M,IMPORT_FRED_SA,FRED(OECD转载财务省),VALIDATED_MIRROR,,TRADE_OECD_SA,2026-09-05,LATEST_HISTORY_PROXY,PROXY,CURRENT_HISTORY_ONLY_NO_VINTAGE,false,true,true
1979-05-31,1979-05,1857125000000.0,1857125000000.0,日元(OECD自行季调),M,IMPORT_FRED_SA,FRED(OECD转载财务省),VALIDATED_MIRROR,,TRADE_OECD_SA,2026-09-05,LATEST_HISTORY_PROXY,PROXY,CURRENT_HISTORY_ONLY_NO_VINTAGE,false,true,true
1979-06-30,1979-06,1920587000000.0,1920587000000.0,日元(OECD自行季调),M,IMPORT_FRED_SA,FRED(OECD转载财务省),VALIDATED_MIRROR,,TRADE_OECD_SA,2026-09-05,LATEST_HISTORY_PROXY,PROXY,CURRENT_HISTORY_ONLY_NO_VINTAGE,false,true,true
1979-07-31,1979-07,2004421000000.0,2004421000000.0,日元(OECD自行季调),M,IMPORT_FRED_SA,FRED(OECD转载财务省),VALIDATED_MIRROR,,TRADE_OECD_SA,2026-09-05,LATEST_HISTORY_PROXY,PROXY,CURRENT_HISTORY_ONLY_NO_VINTAGE,false,true,true
1979-08-31,1979-08,2200193000000.0,2200193000000.0,日元(OECD自行季调),M,IMPORT_FRED_SA,FRED(OECD转载财务省),VALIDATED_MIRROR,,TRADE_OECD_SA,2026-09-05,LATEST_HISTORY_PROXY,PROXY,CURRENT_HISTORY_ONLY_NO_VINTAGE,false,true,true
1979-09-30,1979-09,2316815000000.0,2316815000000.0,日元(OECD自行季调),M,IMPORT_FRED_SA,FRED(OECD转载财务省),VALIDATED_MIRROR,,TRADE_OECD_SA,2026-09-05,LATEST_HISTORY_PROXY,PROXY,CURRENT_HISTORY_ONLY_NO_VINTAGE,false,true,true
1979-10-31,1979-10,2369581000000.0,2369581000000.0,日元(OECD自行季调),M,IMPORT_FRED_SA,FRED(OECD转载财务省),VALIDATED_MIRROR,,TRADE_OECD_SA,2026-09-05,LATEST_HISTORY_PROXY,PROXY,CURRENT_HISTORY_ONLY_NO_VINTAGE,false,true,true
1979-11-30,1979-11,2588528000000.0,2588528000000.0,日元(OECD自行季调),M,IMPORT_FRED_SA,FRED(OECD转载财务省),VALIDATED_MIRROR,,TRADE_OECD_SA,2026-09-05,LATEST_HISTORY_PROXY,PROXY,CURRENT_HISTORY_ONLY_NO_VINTAGE,false,true,true
1979-12-31,1979-12,2571972000000.0,2571972000000.0,日元(OECD自行季调),M,IMPORT_FRED_SA,FRED(OECD转载财务省),VALIDATED_MIRROR,,TRADE_OECD_SA,2026-09-05,LATEST_HISTORY_PROXY,PROXY,CURRENT_HISTORY_ONLY_NO_VINTAGE,false,true,true
1980-01-31,1980-01,2517509000000.0,2517509000000.0,日元(OECD自行季调),M,IMPORT_FRED_SA,FRED(OECD转载财务省),VALIDATED_MIRROR,,TRADE_OECD_SA,2026-09-05,LATEST_HISTORY_PROXY,PROXY,CURRENT_HISTORY_ONLY_NO_VINTAGE,false,true,true
1980-02-29,1980-02,2769438000000.0,2769438000000.0,日元(OECD自行季调),M,IMPORT_FRED_SA,FRED(OECD转载财务省),VALIDATED_MIRROR,,TRADE_OECD_SA,2026-09-05,LATEST_HISTORY_PROXY,PROXY,CURRENT_HISTORY_ONLY_NO_VINTAGE,false,true,true
1980-03-31,1980-03,2742388000000.0,2742388000000.0,日元(OECD自行季调),M,IMPORT_FRED_SA,FRED(OECD转载财务省),VALIDATED_MIRROR,,TRADE_OECD_SA,2026-09-05,LATEST_HISTORY_PROXY,PROXY,CURRENT_HISTORY_ONLY_NO_VINTAGE,false,true,true
1980-04-30,1980-04,2982448000000.0,2982448000000.0,日元(OECD自行季调),M,IMPORT_FRED_SA,FRED(OECD转载财务省),VALIDATED_MIRROR,,TRADE_OECD_SA,2026-09-05,LATEST_HISTORY_PROXY,PROXY,CURRENT_HISTORY_ONLY_NO_VINTAGE,false,true,true
1980-05-31,1980-05,2810926000000.0,2810926000000.0,日元(OECD自行季调),M,IMPORT_FRED_SA,FRED(OECD转载财务省),VALIDATED_MIRROR,,TRADE_OECD_SA,2026-09-05,LATEST_HISTORY_PROXY,PROXY,CURRENT_HISTORY_ONLY_NO_VINTAGE,false,true,true
1980-06-30,1980-06,2792499000000.0,2792499000000.0,日元(OECD自行季调),M,IMPORT_FRED_SA,FRED(OECD转载财务省),VALIDATED_MIRROR,,TRADE_OECD_SA,2026-09-05,LATEST_HISTORY_PROXY,PROXY,CURRENT_HISTORY_ONLY_NO_VINTAGE,false,true,true
1980-07-31,1980-07,2725710000000,2725710000000,日元(OECD自行季调),M,IMPORT_FRED_SA,FRED(OECD转载财务省),VALIDATED_MIRROR,,TRADE_OECD_SA,2026-09-05,LATEST_HISTORY_PROXY,PROXY,CURRENT_HISTORY_ONLY_NO_VINTAGE,false,true,true
1980-08-31,1980-08,2570226000000.0,2570226000000.0,日元(OECD自行季调),M,IMPORT_FRED_SA,FRED(OECD转载财务省),VALIDATED_MIRROR,,TRADE_OECD_SA,2026-09-05,LATEST_HISTORY_PROXY,PROXY,CURRENT_HISTORY_ONLY_NO_VINTAGE,false,true,true
1980-09-30,1980-09,2468440000000,2468440000000,日元(OECD自行季调),M,IMPORT_FRED_SA,FRED(OECD转载财务省),VALIDATED_MIRROR,,TRADE_OECD_SA,2026-09-05,LATEST_HISTORY_PROXY,PROXY,CURRENT_HISTORY_ONLY_NO_VINTAGE,false,true,true
1980-10-31,1980-10,2611247000000.0,2611247000000.0,日元(OECD自行季调),M,IMPORT_FRED_SA,FRED(OECD转载财务省),VALIDATED_MIRROR,,TRADE_OECD_SA,2026-09-05,LATEST_HISTORY_PROXY,PROXY,CURRENT_HISTORY_ONLY_NO_VINTAGE,false,true,true
1980-11-30,1980-11,2396807000000.0,2396807000000.0,日元(OECD自行季调),M,IMPORT_FRED_SA,FRED(OECD转载财务省),VALIDATED_MIRROR,,TRADE_OECD_SA,2026-09-05,LATEST_HISTORY_PROXY,PROXY,CURRENT_HISTORY_ONLY_NO_VINTAGE,false,true,true
1980-12-31,1980-12,2579146000000.0,2579146000000.0,日元(OECD自行季调),M,IMPORT_FRED_SA,FRED(OECD转载财务省),VALIDATED_MIRROR,,TRADE_OECD_SA,2026-09-05,LATEST_HISTORY_PROXY,PROXY,CURRENT_HISTORY_ONLY_NO_VINTAGE,false,true,true
1981-01-31,1981-01,2473224000000.0,2473224000000.0,日元(OECD自行季调),M,IMPORT_FRED_SA,FRED(OECD转载财务省),VALIDATED_MIRROR,,TRADE_OECD_SA,2026-09-05,LATEST_HISTORY_PROXY,PROXY,CURRENT_HISTORY_ONLY_NO_VINTAGE,false,true,true
1981-02-28,1981-02,2517545000000.0,2517545000000.0,日元(OECD自行季调),M,IMPORT_FRED_SA,FRED(OECD转载财务省),VALIDATED_MIRROR,,TRADE_OECD_SA,2026-09-05,LATEST_HISTORY_PROXY,PROXY,CURRENT_HISTORY_ONLY_NO_VINTAGE,false,true,true
1981-03-31,1981-03,2520257000000.0,2520257000000.0,日元(OECD自行季调),M,IMPORT_FRED_SA,FRED(OECD转载财务省),VALIDATED_MIRROR,,TRADE_OECD_SA,2026-09-05,LATEST_HISTORY_PROXY,PROXY,CURRENT_HISTORY_ONLY_NO_VINTAGE,false,true,true
1981-04-30,1981-04,2557791000000.0,2557791000000.0,日元(OECD自行季调),M,IMPORT_FRED_SA,FRED(OECD转载财务省),VALIDATED_MIRROR,,TRADE_OECD_SA,2026-09-05,LATEST_HISTORY_PROXY,PROXY,CURRENT_HISTORY_ONLY_NO_VINTAGE,false,true,true
1981-05-31,1981-05,2659351000000.0,2659351000000.0,日元(OECD自行季调),M,IMPORT_FRED_SA,FRED(OECD转载财务省),VALIDATED_MIRROR,,TRADE_OECD_SA,2026-09-05,LATEST_HISTORY_PROXY,PROXY,CURRENT_HISTORY_ONLY_NO_VINTAGE,false,true,true
1981-06-30,1981-06,2680732000000.0,2680732000000.0,日元(OECD自行季调),M,IMPORT_FRED_SA,FRED(OECD转载财务省),VALIDATED_MIRROR,,TRADE_OECD_SA,2026-09-05,LATEST_HISTORY_PROXY,PROXY,CURRENT_HISTORY_ONLY_NO_VINTAGE,false,true,true
1981-07-31,1981-07,2741466000000.0,2741466000000.0,日元(OECD自行季调),M,IMPORT_FRED_SA,FRED(OECD转载财务省),VALIDATED_MIRROR,,TRADE_OECD_SA,2026-09-05,LATEST_HISTORY_PROXY,PROXY,CURRENT_HISTORY_ONLY_NO_VINTAGE,false,true,true
1981-08-31,1981-08,2669164000000.0,2669164000000.0,日元(OECD自行季调),M,IMPORT_FRED_SA,FRED(OECD转载财务省),VALIDATED_MIRROR,,TRADE_OECD_SA,2026-09-05,LATEST_HISTORY_PROXY,PROXY,CURRENT_HISTORY_ONLY_NO_VINTAGE,false,true,true
1981-09-30,1981-09,2610474000000.0,2610474000000.0,日元(OECD自行季调),M,IMPORT_FRED_SA,FRED(OECD转载财务省),VALIDATED_MIRROR,,TRADE_OECD_SA,2026-09-05,LATEST_HISTORY_PROXY,PROXY,CURRENT_HISTORY_ONLY_NO_VINTAGE,false,true,true
1981-10-31,1981-10,2629014000000.0,2629014000000.0,日元(OECD自行季调),M,IMPORT_FRED_SA,FRED(OECD转载财务省),VALIDATED_MIRROR,,TRADE_OECD_SA,2026-09-05,LATEST_HISTORY_PROXY,PROXY,CURRENT_HISTORY_ONLY_NO_VINTAGE,false,true,true
1981-11-30,1981-11,2718697000000.0,2718697000000.0,日元(OECD自行季调),M,IMPORT_FRED_SA,FRED(OECD转载财务省),VALIDATED_MIRROR,,TRADE_OECD_SA,2026-09-05,LATEST_HISTORY_PROXY,PROXY,CURRENT_HISTORY_ONLY_NO_VINTAGE,false,true,true
1981-12-31,1981-12,2667930000000,2667930000000,日元(OECD自行季调),M,IMPORT_FRED_SA,FRED(OECD转载财务省),VALIDATED_MIRROR,,TRADE_OECD_SA,2026-09-05,LATEST_HISTORY_PROXY,PROXY,CURRENT_HISTORY_ONLY_NO_VINTAGE,false,true,true
1982-01-31,1982-01,2733430000000,2733430000000,日元(OECD自行季调),M,IMPORT_FRED_SA,FRED(OECD转载财务省),VALIDATED_MIRROR,,TRADE_OECD_SA,2026-09-05,LATEST_HISTORY_PROXY,PROXY,CURRENT_HISTORY_ONLY_NO_VINTAGE,false,true,true
1982-02-28,1982-02,2750771000000.0,2750771000000.0,日元(OECD自行季调),M,IMPORT_FRED_SA,FRED(OECD转载财务省),VALIDATED_MIRROR,,TRADE_OECD_SA,2026-09-05,LATEST_HISTORY_PROXY,PROXY,CURRENT_HISTORY_ONLY_NO_VINTAGE,false,true,true
1982-03-31,1982-03,2808863000000.0,2808863000000.0,日元(OECD自行季调),M,IMPORT_FRED_SA,FRED(OECD转载财务省),VALIDATED_MIRROR,,TRADE_OECD_SA,2026-09-05,LATEST_HISTORY_PROXY,PROXY,CURRENT_HISTORY_ONLY_NO_VINTAGE,false,true,true
1982-04-30,1982-04,2820521000000.0,2820521000000.0,日元(OECD自行季调),M,IMPORT_FRED_SA,FRED(OECD转载财务省),VALIDATED_MIRROR,,TRADE_OECD_SA,2026-09-05,LATEST_HISTORY_PROXY,PROXY,CURRENT_HISTORY_ONLY_NO_VINTAGE,false,true,true
1982-05-31,1982-05,2593756000000.0,2593756000000.0,日元(OECD自行季调),M,IMPORT_FRED_SA,FRED(OECD转载财务省),VALIDATED_MIRROR,,TRADE_OECD_SA,2026-09-05,LATEST_HISTORY_PROXY,PROXY,CURRENT_HISTORY_ONLY_NO_VINTAGE,false,true,true
1982-06-30,1982-06,2619796000000.0,2619796000000.0,日元(OECD自行季调),M,IMPORT_FRED_SA,FRED(OECD转载财务省),VALIDATED_MIRROR,,TRADE_OECD_SA,2026-09-05,LATEST_HISTORY_PROXY,PROXY,CURRENT_HISTORY_ONLY_NO_VINTAGE,false,true,true
1982-07-31,1982-07,2727132000000.0,2727132000000.0,日元(OECD自行季调),M,IMPORT_FRED_SA,FRED(OECD转载财务省),VALIDATED_MIRROR,,TRADE_OECD_SA,2026-09-05,LATEST_HISTORY_PROXY,PROXY,CURRENT_HISTORY_ONLY_NO_VINTAGE,false,true,true
1982-08-31,1982-08,2749412000000.0,2749412000000.0,日元(OECD自行季调),M,IMPORT_FRED_SA,FRED(OECD转载财务省),VALIDATED_MIRROR,,TRADE_OECD_SA,2026-09-05,LATEST_HISTORY_PROXY,PROXY,CURRENT_HISTORY_ONLY_NO_VINTAGE,false,true,true
1982-09-30,1982-09,2705213000000.0,2705213000000.0,日元(OECD自行季调),M,IMPORT_FRED_SA,FRED(OECD转载财务省),VALIDATED_MIRROR,,TRADE_OECD_SA,2026-09-05,LATEST_HISTORY_PROXY,PROXY,CURRENT_HISTORY_ONLY_NO_VINTAGE,false,true,true
1982-10-31,1982-10,2704104000000.0,2704104000000.0,日元(OECD自行季调),M,IMPORT_FRED_SA,FRED(OECD转载财务省),VALIDATED_MIRROR,,TRADE_OECD_SA,2026-09-05,LATEST_HISTORY_PROXY,PROXY,CURRENT_HISTORY_ONLY_NO_VINTAGE,false,true,true
1982-11-30,1982-11,2846272000000.0,2846272000000.0,日元(OECD自行季调),M,IMPORT_FRED_SA,FRED(OECD转载财务省),VALIDATED_MIRROR,,TRADE_OECD_SA,2026-09-05,LATEST_HISTORY_PROXY,PROXY,CURRENT_HISTORY_ONLY_NO_VINTAGE,false,true,true
1982-12-31,1982-12,2584061000000.0,2584061000000.0,日元(OECD自行季调),M,IMPORT_FRED_SA,FRED(OECD转载财务省),VALIDATED_MIRROR,,TRADE_OECD_SA,2026-09-05,LATEST_HISTORY_PROXY,PROXY,CURRENT_HISTORY_ONLY_NO_VINTAGE,false,true,true
1983-01-31,1983-01,2579078000000.0,2579078000000.0,日元(OECD自行季调),M,IMPORT_FRED_SA,FRED(OECD转载财务省),VALIDATED_MIRROR,,TRADE_OECD_SA,2026-09-05,LATEST_HISTORY_PROXY,PROXY,CURRENT_HISTORY_ONLY_NO_VINTAGE,false,true,true
1983-02-28,1983-02,2389936000000.0,2389936000000.0,日元(OECD自行季调),M,IMPORT_FRED_SA,FRED(OECD转载财务省),VALIDATED_MIRROR,,TRADE_OECD_SA,2026-09-05,LATEST_HISTORY_PROXY,PROXY,CURRENT_HISTORY_ONLY_NO_VINTAGE,false,true,true
1983-03-31,1983-03,2438154000000.0,2438154000000.0,日元(OECD自行季调),M,IMPORT_FRED_SA,FRED(OECD转载财务省),VALIDATED_MIRROR,,TRADE_OECD_SA,2026-09-05,LATEST_HISTORY_PROXY,PROXY,CURRENT_HISTORY_ONLY_NO_VINTAGE,false,true,true
1983-04-30,1983-04,2344493000000.0,2344493000000.0,日元(OECD自行季调),M,IMPORT_FRED_SA,FRED(OECD转载财务省),VALIDATED_MIRROR,,TRADE_OECD_SA,2026-09-05,LATEST_HISTORY_PROXY,PROXY,CURRENT_HISTORY_ONLY_NO_VINTAGE,false,true,true
1983-05-31,1983-05,2303219000000.0,2303219000000.0,日元(OECD自行季调),M,IMPORT_FRED_SA,FRED(OECD转载财务省),VALIDATED_MIRROR,,TRADE_OECD_SA,2026-09-05,LATEST_HISTORY_PROXY,PROXY,CURRENT_HISTORY_ONLY_NO_VINTAGE,false,true,true
1983-06-30,1983-06,2646310000000,2646310000000,日元(OECD自行季调),M,IMPORT_FRED_SA,FRED(OECD转载财务省),VALIDATED_MIRROR,,TRADE_OECD_SA,2026-09-05,LATEST_HISTORY_PROXY,PROXY,CURRENT_HISTORY_ONLY_NO_VINTAGE,false,true,true
1983-07-31,1983-07,2332154000000.0,2332154000000.0,日元(OECD自行季调),M,IMPORT_FRED_SA,FRED(OECD转载财务省),VALIDATED_MIRROR,,TRADE_OECD_SA,2026-09-05,LATEST_HISTORY_PROXY,PROXY,CURRENT_HISTORY_ONLY_NO_VINTAGE,false,true,true
1983-08-31,1983-08,2466831000000.0,2466831000000.0,日元(OECD自行季调),M,IMPORT_FRED_SA,FRED(OECD转载财务省),VALIDATED_MIRROR,,TRADE_OECD_SA,2026-09-05,LATEST_HISTORY_PROXY,PROXY,CURRENT_HISTORY_ONLY_NO_VINTAGE,false,true,true
1983-09-30,1983-09,2641796000000.0,2641796000000.0,日元(OECD自行季调),M,IMPORT_FRED_SA,FRED(OECD转载财务省),VALIDATED_MIRROR,,TRADE_OECD_SA,2026-09-05,LATEST_HISTORY_PROXY,PROXY,CURRENT_HISTORY_ONLY_NO_VINTAGE,false,true,true
1983-10-31,1983-10,2496513000000.0,2496513000000.0,日元(OECD自行季调),M,IMPORT_FRED_SA,FRED(OECD转载财务省),VALIDATED_MIRROR,,TRADE_OECD_SA,2026-09-05,LATEST_HISTORY_PROXY,PROXY,CURRENT_HISTORY_ONLY_NO_VINTAGE,false,true,true
1983-11-30,1983-11,2637631000000.0,2637631000000.0,日元(OECD自行季调),M,IMPORT_FRED_SA,FRED(OECD转载财务省),VALIDATED_MIRROR,,TRADE_OECD_SA,2026-09-05,LATEST_HISTORY_PROXY,PROXY,CURRENT_HISTORY_ONLY_NO_VINTAGE,false,true,true
1983-12-31,1983-12,2743702000000.0,2743702000000.0,日元(OECD自行季调),M,IMPORT_FRED_SA,FRED(OECD转载财务省),VALIDATED_MIRROR,,TRADE_OECD_SA,2026-09-05,LATEST_HISTORY_PROXY,PROXY,CURRENT_HISTORY_ONLY_NO_VINTAGE,false,true,true
1984-01-31,1984-01,2601731000000.0,2601731000000.0,日元(OECD自行季调),M,IMPORT_FRED_SA,FRED(OECD转载财务省),VALIDATED_MIRROR,,TRADE_OECD_SA,2026-09-05,LATEST_HISTORY_PROXY,PROXY,CURRENT_HISTORY_ONLY_NO_VINTAGE,false,true,true
1984-02-29,1984-02,2713660000000,2713660000000,日元(OECD自行季调),M,IMPORT_FRED_SA,FRED(OECD转载财务省),VALIDATED_MIRROR,,TRADE_OECD_SA,2026-09-05,LATEST_HISTORY_PROXY,PROXY,CURRENT_HISTORY_ONLY_NO_VINTAGE,false,true,true
1984-03-31,1984-03,2689652000000.0,2689652000000.0,日元(OECD自行季调),M,IMPORT_FRED_SA,FRED(OECD转载财务省),VALIDATED_MIRROR,,TRADE_OECD_SA,2026-09-05,LATEST_HISTORY_PROXY,PROXY,CURRENT_HISTORY_ONLY_NO_VINTAGE,false,true,true
1984-04-30,1984-04,2463220000000,2463220000000,日元(OECD自行季调),M,IMPORT_FRED_SA,FRED(OECD转载财务省),VALIDATED_MIRROR,,TRADE_OECD_SA,2026-09-05,LATEST_HISTORY_PROXY,PROXY,CURRENT_HISTORY_ONLY_NO_VINTAGE,false,true,true
1984-05-31,1984-05,2844493000000.0,2844493000000.0,日元(OECD自行季调),M,IMPORT_FRED_SA,FRED(OECD转载财务省),VALIDATED_MIRROR,,TRADE_OECD_SA,2026-09-05,LATEST_HISTORY_PROXY,PROXY,CURRENT_HISTORY_ONLY_NO_VINTAGE,false,true,true
1984-06-30,1984-06,2653896000000.0,2653896000000.0,日元(OECD自行季调),M,IMPORT_FRED_SA,FRED(OECD转载财务省),VALIDATED_MIRROR,,TRADE_OECD_SA,2026-09-05,LATEST_HISTORY_PROXY,PROXY,CURRENT_HISTORY_ONLY_NO_VINTAGE,false,true,true
1984-07-31,1984-07,2753933000000.0,2753933000000.0,日元(OECD自行季调),M,IMPORT_FRED_SA,FRED(OECD转载财务省),VALIDATED_MIRROR,,TRADE_OECD_SA,2026-09-05,LATEST_HISTORY_PROXY,PROXY,CURRENT_HISTORY_ONLY_NO_VINTAGE,false,true,true
1984-08-31,1984-08,3026984000000.0,3026984000000.0,日元(OECD自行季调),M,IMPORT_FRED_SA,FRED(OECD转载财务省),VALIDATED_MIRROR,,TRADE_OECD_SA,2026-09-05,LATEST_HISTORY_PROXY,PROXY,CURRENT_HISTORY_ONLY_NO_VINTAGE,false,true,true
1984-09-30,1984-09,2546045000000.0,2546045000000.0,日元(OECD自行季调),M,IMPORT_FRED_SA,FRED(OECD转载财务省),VALIDATED_MIRROR,,TRADE_OECD_SA,2026-09-05,LATEST_HISTORY_PROXY,PROXY,CURRENT_HISTORY_ONLY_NO_VINTAGE,false,true,true
1984-10-31,1984-10,2694794000000.0,2694794000000.0,日元(OECD自行季调),M,IMPORT_FRED_SA,FRED(OECD转载财务省),VALIDATED_MIRROR,,TRADE_OECD_SA,2026-09-05,LATEST_HISTORY_PROXY,PROXY,CURRENT_HISTORY_ONLY_NO_VINTAGE,false,true,true
1984-11-30,1984-11,2681364000000.0,2681364000000.0,日元(OECD自行季调),M,IMPORT_FRED_SA,FRED(OECD转载财务省),VALIDATED_MIRROR,,TRADE_OECD_SA,2026-09-05,LATEST_HISTORY_PROXY,PROXY,CURRENT_HISTORY_ONLY_NO_VINTAGE,false,true,true
1984-12-31,1984-12,2657387000000.0,2657387000000.0,日元(OECD自行季调),M,IMPORT_FRED_SA,FRED(OECD转载财务省),VALIDATED_MIRROR,,TRADE_OECD_SA,2026-09-05,LATEST_HISTORY_PROXY,PROXY,CURRENT_HISTORY_ONLY_NO_VINTAGE,false,true,true
1985-01-31,1985-01,2680588000000.0,2680588000000.0,日元(OECD自行季调),M,IMPORT_FRED_SA,FRED(OECD转载财务省),VALIDATED_MIRROR,,TRADE_OECD_SA,2026-09-05,LATEST_HISTORY_PROXY,PROXY,CURRENT_HISTORY_ONLY_NO_VINTAGE,false,true,true
1985-02-28,1985-02,2849030000000,2849030000000,日元(OECD自行季调),M,IMPORT_FRED_SA,FRED(OECD转载财务省),VALIDATED_MIRROR,,TRADE_OECD_SA,2026-09-05,LATEST_HISTORY_PROXY,PROXY,CURRENT_HISTORY_ONLY_NO_VINTAGE,false,true,true
1985-03-31,1985-03,2841724000000.0,2841724000000.0,日元(OECD自行季调),M,IMPORT_FRED_SA,FRED(OECD转载财务省),VALIDATED_MIRROR,,TRADE_OECD_SA,2026-09-05,LATEST_HISTORY_PROXY,PROXY,CURRENT_HISTORY_ONLY_NO_VINTAGE,false,true,true
1985-04-30,1985-04,2861896000000.0,2861896000000.0,日元(OECD自行季调),M,IMPORT_FRED_SA,FRED(OECD转载财务省),VALIDATED_MIRROR,,TRADE_OECD_SA,2026-09-05,LATEST_HISTORY_PROXY,PROXY,CURRENT_HISTORY_ONLY_NO_VINTAGE,false,true,true
1985-05-31,1985-05,2812347000000.0,2812347000000.0,日元(OECD自行季调),M,IMPORT_FRED_SA,FRED(OECD转载财务省),VALIDATED_MIRROR,,TRADE_OECD_SA,2026-09-05,LATEST_HISTORY_PROXY,PROXY,CURRENT_HISTORY_ONLY_NO_VINTAGE,false,true,true
1985-06-30,1985-06,2487110000000,2487110000000,日元(OECD自行季调),M,IMPORT_FRED_SA,FRED(OECD转载财务省),VALIDATED_MIRROR,,TRADE_OECD_SA,2026-09-05,LATEST_HISTORY_PROXY,PROXY,CURRENT_HISTORY_ONLY_NO_VINTAGE,false,true,true
1985-07-31,1985-07,2594879000000.0,2594879000000.0,日元(OECD自行季调),M,IMPORT_FRED_SA,FRED(OECD转载财务省),VALIDATED_MIRROR,,TRADE_OECD_SA,2026-09-05,LATEST_HISTORY_PROXY,PROXY,CURRENT_HISTORY_ONLY_NO_VINTAGE,false,true,true
1985-08-31,1985-08,2495510000000,2495510000000,日元(OECD自行季调),M,IMPORT_FRED_SA,FRED(OECD转载财务省),VALIDATED_MIRROR,,TRADE_OECD_SA,2026-09-05,LATEST_HISTORY_PROXY,PROXY,CURRENT_HISTORY_ONLY_NO_VINTAGE,false,true,true
1985-09-30,1985-09,2504157000000.0,2504157000000.0,日元(OECD自行季调),M,IMPORT_FRED_SA,FRED(OECD转载财务省),VALIDATED_MIRROR,,TRADE_OECD_SA,2026-09-05,LATEST_HISTORY_PROXY,PROXY,CURRENT_HISTORY_ONLY_NO_VINTAGE,false,true,true
1985-10-31,1985-10,2467036000000.0,2467036000000.0,日元(OECD自行季调),M,IMPORT_FRED_SA,FRED(OECD转载财务省),VALIDATED_MIRROR,,TRADE_OECD_SA,2026-09-05,LATEST_HISTORY_PROXY,PROXY,CURRENT_HISTORY_ONLY_NO_VINTAGE,false,true,true
1985-11-30,1985-11,2274726000000.0,2274726000000.0,日元(OECD自行季调),M,IMPORT_FRED_SA,FRED(OECD转载财务省),VALIDATED_MIRROR,,TRADE_OECD_SA,2026-09-05,LATEST_HISTORY_PROXY,PROXY,CURRENT_HISTORY_ONLY_NO_VINTAGE,false,true,true
1985-12-31,1985-12,2213659000000.0,2213659000000.0,日元(OECD自行季调),M,IMPORT_FRED_SA,FRED(OECD转载财务省),VALIDATED_MIRROR,,TRADE_OECD_SA,2026-09-05,LATEST_HISTORY_PROXY,PROXY,CURRENT_HISTORY_ONLY_NO_VINTAGE,false,true,true
1986-01-31,1986-01,2209611000000.0,2209611000000.0,日元(OECD自行季调),M,IMPORT_FRED_SA,FRED(OECD转载财务省),VALIDATED_MIRROR,,TRADE_OECD_SA,2026-09-05,LATEST_HISTORY_PROXY,PROXY,CURRENT_HISTORY_ONLY_NO_VINTAGE,false,true,true
1986-02-28,1986-02,2268968000000.0,2268968000000.0,日元(OECD自行季调),M,IMPORT_FRED_SA,FRED(OECD转载财务省),VALIDATED_MIRROR,,TRADE_OECD_SA,2026-09-05,LATEST_HISTORY_PROXY,PROXY,CURRENT_HISTORY_ONLY_NO_VINTAGE,false,true,true
1986-03-31,1986-03,1923644000000.0,1923644000000.0,日元(OECD自行季调),M,IMPORT_FRED_SA,FRED(OECD转载财务省),VALIDATED_MIRROR,,TRADE_OECD_SA,2026-09-05,LATEST_HISTORY_PROXY,PROXY,CURRENT_HISTORY_ONLY_NO_VINTAGE,false,true,true
1986-04-30,1986-04,1895623000000.0,1895623000000.0,日元(OECD自行季调),M,IMPORT_FRED_SA,FRED(OECD转载财务省),VALIDATED_MIRROR,,TRADE_OECD_SA,2026-09-05,LATEST_HISTORY_PROXY,PROXY,CURRENT_HISTORY_ONLY_NO_VINTAGE,false,true,true
1986-05-31,1986-05,1759170000000,1759170000000,日元(OECD自行季调),M,IMPORT_FRED_SA,FRED(OECD转载财务省),VALIDATED_MIRROR,,TRADE_OECD_SA,2026-09-05,LATEST_HISTORY_PROXY,PROXY,CURRENT_HISTORY_ONLY_NO_VINTAGE,false,true,true
1986-06-30,1986-06,1781241000000.0,1781241000000.0,日元(OECD自行季调),M,IMPORT_FRED_SA,FRED(OECD转载财务省),VALIDATED_MIRROR,,TRADE_OECD_SA,2026-09-05,LATEST_HISTORY_PROXY,PROXY,CURRENT_HISTORY_ONLY_NO_VINTAGE,false,true,true
1986-07-31,1986-07,1710816000000.0,1710816000000.0,日元(OECD自行季调),M,IMPORT_FRED_SA,FRED(OECD转载财务省),VALIDATED_MIRROR,,TRADE_OECD_SA,2026-09-05,LATEST_HISTORY_PROXY,PROXY,CURRENT_HISTORY_ONLY_NO_VINTAGE,false,true,true
1986-08-31,1986-08,1454878000000.0,1454878000000.0,日元(OECD自行季调),M,IMPORT_FRED_SA,FRED(OECD转载财务省),VALIDATED_MIRROR,,TRADE_OECD_SA,2026-09-05,LATEST_HISTORY_PROXY,PROXY,CURRENT_HISTORY_ONLY_NO_VINTAGE,false,true,true
1986-09-30,1986-09,1600606000000.0,1600606000000.0,日元(OECD自行季调),M,IMPORT_FRED_SA,FRED(OECD转载财务省),VALIDATED_MIRROR,,TRADE_OECD_SA,2026-09-05,LATEST_HISTORY_PROXY,PROXY,CURRENT_HISTORY_ONLY_NO_VINTAGE,false,true,true
1986-10-31,1986-10,1668789000000.0,1668789000000.0,日元(OECD自行季调),M,IMPORT_FRED_SA,FRED(OECD转载财务省),VALIDATED_MIRROR,,TRADE_OECD_SA,2026-09-05,LATEST_HISTORY_PROXY,PROXY,CURRENT_HISTORY_ONLY_NO_VINTAGE,false,true,true
1986-11-30,1986-11,1546967000000.0,1546967000000.0,日元(OECD自行季调),M,IMPORT_FRED_SA,FRED(OECD转载财务省),VALIDATED_MIRROR,,TRADE_OECD_SA,2026-09-05,LATEST_HISTORY_PROXY,PROXY,CURRENT_HISTORY_ONLY_NO_VINTAGE,false,true,true
1986-12-31,1986-12,1743079000000.0,1743079000000.0,日元(OECD自行季调),M,IMPORT_FRED_SA,FRED(OECD转载财务省),VALIDATED_MIRROR,,TRADE_OECD_SA,2026-09-05,LATEST_HISTORY_PROXY,PROXY,CURRENT_HISTORY_ONLY_NO_VINTAGE,false,true,true
1987-01-31,1987-01,1690970000000,1690970000000,日元(OECD自行季调),M,IMPORT_FRED_SA,FRED(OECD转载财务省),VALIDATED_MIRROR,,TRADE_OECD_SA,2026-09-05,LATEST_HISTORY_PROXY,PROXY,CURRENT_HISTORY_ONLY_NO_VINTAGE,false,true,true
1987-02-28,1987-02,1637379000000.0,1637379000000.0,日元(OECD自行季调),M,IMPORT_FRED_SA,FRED(OECD转载财务省),VALIDATED_MIRROR,,TRADE_OECD_SA,2026-09-05,LATEST_HISTORY_PROXY,PROXY,CURRENT_HISTORY_ONLY_NO_VINTAGE,false,true,true
1987-03-31,1987-03,1696987000000.0,1696987000000.0,日元(OECD自行季调),M,IMPORT_FRED_SA,FRED(OECD转载财务省),VALIDATED_MIRROR,,TRADE_OECD_SA,2026-09-05,LATEST_HISTORY_PROXY,PROXY,CURRENT_HISTORY_ONLY_NO_VINTAGE,false,true,true
1987-04-30,1987-04,1715528000000.0,1715528000000.0,日元(OECD自行季调),M,IMPORT_FRED_SA,FRED(OECD转载财务省),VALIDATED_MIRROR,,TRADE_OECD_SA,2026-09-05,LATEST_HISTORY_PROXY,PROXY,CURRENT_HISTORY_ONLY_NO_VINTAGE,false,true,true
1987-05-31,1987-05,1729932000000.0,1729932000000.0,日元(OECD自行季调),M,IMPORT_FRED_SA,FRED(OECD转载财务省),VALIDATED_MIRROR,,TRADE_OECD_SA,2026-09-05,LATEST_HISTORY_PROXY,PROXY,CURRENT_HISTORY_ONLY_NO_VINTAGE,false,true,true
1987-06-30,1987-06,1790348000000.0,1790348000000.0,日元(OECD自行季调),M,IMPORT_FRED_SA,FRED(OECD转载财务省),VALIDATED_MIRROR,,TRADE_OECD_SA,2026-09-05,LATEST_HISTORY_PROXY,PROXY,CURRENT_HISTORY_ONLY_NO_VINTAGE,false,true,true
1987-07-31,1987-07,1871305000000.0,1871305000000.0,日元(OECD自行季调),M,IMPORT_FRED_SA,FRED(OECD转载财务省),VALIDATED_MIRROR,,TRADE_OECD_SA,2026-09-05,LATEST_HISTORY_PROXY,PROXY,CURRENT_HISTORY_ONLY_NO_VINTAGE,false,true,true
1987-08-31,1987-08,1866767000000.0,1866767000000.0,日元(OECD自行季调),M,IMPORT_FRED_SA,FRED(OECD转载财务省),VALIDATED_MIRROR,,TRADE_OECD_SA,2026-09-05,LATEST_HISTORY_PROXY,PROXY,CURRENT_HISTORY_ONLY_NO_VINTAGE,false,true,true
1987-09-30,1987-09,1892195000000.0,1892195000000.0,日元(OECD自行季调),M,IMPORT_FRED_SA,FRED(OECD转载财务省),VALIDATED_MIRROR,,TRADE_OECD_SA,2026-09-05,LATEST_HISTORY_PROXY,PROXY,CURRENT_HISTORY_ONLY_NO_VINTAGE,false,true,true
1987-10-31,1987-10,1904591000000.0,1904591000000.0,日元(OECD自行季调),M,IMPORT_FRED_SA,FRED(OECD转载财务省),VALIDATED_MIRROR,,TRADE_OECD_SA,2026-09-05,LATEST_HISTORY_PROXY,PROXY,CURRENT_HISTORY_ONLY_NO_VINTAGE,false,true,true
1987-11-30,1987-11,1982852000000.0,1982852000000.0,日元(OECD自行季调),M,IMPORT_FRED_SA,FRED(OECD转载财务省),VALIDATED_MIRROR,,TRADE_OECD_SA,2026-09-05,LATEST_HISTORY_PROXY,PROXY,CURRENT_HISTORY_ONLY_NO_VINTAGE,false,true,true
1987-12-31,1987-12,1933973000000.0,1933973000000.0,日元(OECD自行季调),M,IMPORT_FRED_SA,FRED(OECD转载财务省),VALIDATED_MIRROR,,TRADE_OECD_SA,2026-09-05,LATEST_HISTORY_PROXY,PROXY,CURRENT_HISTORY_ONLY_NO_VINTAGE,false,true,true
1988-01-31,1988-01,1805576000000.0,1805576000000.0,日元(OECD自行季调),M,IMPORT_FRED_SA,FRED(OECD转载财务省),VALIDATED_MIRROR,,TRADE_OECD_SA,2026-09-05,LATEST_HISTORY_PROXY,PROXY,CURRENT_HISTORY_ONLY_NO_VINTAGE,false,true,true
1988-02-29,1988-02,2067001000000.0002,2067001000000.0002,日元(OECD自行季调),M,IMPORT_FRED_SA,FRED(OECD转载财务省),VALIDATED_MIRROR,,TRADE_OECD_SA,2026-09-05,LATEST_HISTORY_PROXY,PROXY,CURRENT_HISTORY_ONLY_NO_VINTAGE,false,true,true
1988-03-31,1988-03,1933897000000.0,1933897000000.0,日元(OECD自行季调),M,IMPORT_FRED_SA,FRED(OECD转载财务省),VALIDATED_MIRROR,,TRADE_OECD_SA,2026-09-05,LATEST_HISTORY_PROXY,PROXY,CURRENT_HISTORY_ONLY_NO_VINTAGE,false,true,true
1988-04-30,1988-04,1929589000000.0,1929589000000.0,日元(OECD自行季调),M,IMPORT_FRED_SA,FRED(OECD转载财务省),VALIDATED_MIRROR,,TRADE_OECD_SA,2026-09-05,LATEST_HISTORY_PROXY,PROXY,CURRENT_HISTORY_ONLY_NO_VINTAGE,false,true,true
1988-05-31,1988-05,1947017000000.0,1947017000000.0,日元(OECD自行季调),M,IMPORT_FRED_SA,FRED(OECD转载财务省),VALIDATED_MIRROR,,TRADE_OECD_SA,2026-09-05,LATEST_HISTORY_PROXY,PROXY,CURRENT_HISTORY_ONLY_NO_VINTAGE,false,true,true
1988-06-30,1988-06,2064933000000.0,2064933000000.0,日元(OECD自行季调),M,IMPORT_FRED_SA,FRED(OECD转载财务省),VALIDATED_MIRROR,,TRADE_OECD_SA,2026-09-05,LATEST_HISTORY_PROXY,PROXY,CURRENT_HISTORY_ONLY_NO_VINTAGE,false,true,true
1988-07-31,1988-07,2048335999999.9998,2048335999999.9998,日元(OECD自行季调),M,IMPORT_FRED_SA,FRED(OECD转载财务省),VALIDATED_MIRROR,,TRADE_OECD_SA,2026-09-05,LATEST_HISTORY_PROXY,PROXY,CURRENT_HISTORY_ONLY_NO_VINTAGE,false,true,true
1988-08-31,1988-08,2087775000000.0,2087775000000.0,日元(OECD自行季调),M,IMPORT_FRED_SA,FRED(OECD转载财务省),VALIDATED_MIRROR,,TRADE_OECD_SA,2026-09-05,LATEST_HISTORY_PROXY,PROXY,CURRENT_HISTORY_ONLY_NO_VINTAGE,false,true,true
1988-09-30,1988-09,2116542000000.0,2116542000000.0,日元(OECD自行季调),M,IMPORT_FRED_SA,FRED(OECD转载财务省),VALIDATED_MIRROR,,TRADE_OECD_SA,2026-09-05,LATEST_HISTORY_PROXY,PROXY,CURRENT_HISTORY_ONLY_NO_VINTAGE,false,true,true
1988-10-31,1988-10,1987262000000.0,1987262000000.0,日元(OECD自行季调),M,IMPORT_FRED_SA,FRED(OECD转载财务省),VALIDATED_MIRROR,,TRADE_OECD_SA,2026-09-05,LATEST_HISTORY_PROXY,PROXY,CURRENT_HISTORY_ONLY_NO_VINTAGE,false,true,true
1988-11-30,1988-11,2012988000000.0,2012988000000.0,日元(OECD自行季调),M,IMPORT_FRED_SA,FRED(OECD转载财务省),VALIDATED_MIRROR,,TRADE_OECD_SA,2026-09-05,LATEST_HISTORY_PROXY,PROXY,CURRENT_HISTORY_ONLY_NO_VINTAGE,false,true,true
1988-12-31,1988-12,1995859000000.0,1995859000000.0,日元(OECD自行季调),M,IMPORT_FRED_SA,FRED(OECD转载财务省),VALIDATED_MIRROR,,TRADE_OECD_SA,2026-09-05,LATEST_HISTORY_PROXY,PROXY,CURRENT_HISTORY_ONLY_NO_VINTAGE,false,true,true
1989-01-31,1989-01,2041275000000.0,2041275000000.0,日元(OECD自行季调),M,IMPORT_FRED_SA,FRED(OECD转载财务省),VALIDATED_MIRROR,,TRADE_OECD_SA,2026-09-05,LATEST_HISTORY_PROXY,PROXY,CURRENT_HISTORY_ONLY_NO_VINTAGE,false,true,true
1989-02-28,1989-02,2106603000000.0,2106603000000.0,日元(OECD自行季调),M,IMPORT_FRED_SA,FRED(OECD转载财务省),VALIDATED_MIRROR,,TRADE_OECD_SA,2026-09-05,LATEST_HISTORY_PROXY,PROXY,CURRENT_HISTORY_ONLY_NO_VINTAGE,false,true,true
1989-03-31,1989-03,2508554000000.0,2508554000000.0,日元(OECD自行季调),M,IMPORT_FRED_SA,FRED(OECD转载财务省),VALIDATED_MIRROR,,TRADE_OECD_SA,2026-09-05,LATEST_HISTORY_PROXY,PROXY,CURRENT_HISTORY_ONLY_NO_VINTAGE,false,true,true
1989-04-30,1989-04,2064897000000.0,2064897000000.0,日元(OECD自行季调),M,IMPORT_FRED_SA,FRED(OECD转载财务省),VALIDATED_MIRROR,,TRADE_OECD_SA,2026-09-05,LATEST_HISTORY_PROXY,PROXY,CURRENT_HISTORY_ONLY_NO_VINTAGE,false,true,true
1989-05-31,1989-05,2413030000000,2413030000000,日元(OECD自行季调),M,IMPORT_FRED_SA,FRED(OECD转载财务省),VALIDATED_MIRROR,,TRADE_OECD_SA,2026-09-05,LATEST_HISTORY_PROXY,PROXY,CURRENT_HISTORY_ONLY_NO_VINTAGE,false,true,true
1989-06-30,1989-06,2553502000000.0,2553502000000.0,日元(OECD自行季调),M,IMPORT_FRED_SA,FRED(OECD转载财务省),VALIDATED_MIRROR,,TRADE_OECD_SA,2026-09-05,LATEST_HISTORY_PROXY,PROXY,CURRENT_HISTORY_ONLY_NO_VINTAGE,false,true,true
1989-07-31,1989-07,2411499000000.0,2411499000000.0,日元(OECD自行季调),M,IMPORT_FRED_SA,FRED(OECD转载财务省),VALIDATED_MIRROR,,TRADE_OECD_SA,2026-09-05,LATEST_HISTORY_PROXY,PROXY,CURRENT_HISTORY_ONLY_NO_VINTAGE,false,true,true
1989-08-31,1989-08,2554367000000.0,2554367000000.0,日元(OECD自行季调),M,IMPORT_FRED_SA,FRED(OECD转载财务省),VALIDATED_MIRROR,,TRADE_OECD_SA,2026-09-05,LATEST_HISTORY_PROXY,PROXY,CURRENT_HISTORY_ONLY_NO_VINTAGE,false,true,true
1989-09-30,1989-09,2545496000000.0,2545496000000.0,日元(OECD自行季调),M,IMPORT_FRED_SA,FRED(OECD转载财务省),VALIDATED_MIRROR,,TRADE_OECD_SA,2026-09-05,LATEST_HISTORY_PROXY,PROXY,CURRENT_HISTORY_ONLY_NO_VINTAGE,false,true,true
1989-10-31,1989-10,2496124000000.0,2496124000000.0,日元(OECD自行季调),M,IMPORT_FRED_SA,FRED(OECD转载财务省),VALIDATED_MIRROR,,TRADE_OECD_SA,2026-09-05,LATEST_HISTORY_PROXY,PROXY,CURRENT_HISTORY_ONLY_NO_VINTAGE,false,true,true
1989-11-30,1989-11,2608751000000.0,2608751000000.0,日元(OECD自行季调),M,IMPORT_FRED_SA,FRED(OECD转载财务省),VALIDATED_MIRROR,,TRADE_OECD_SA,2026-09-05,LATEST_HISTORY_PROXY,PROXY,CURRENT_HISTORY_ONLY_NO_VINTAGE,false,true,true
1989-12-31,1989-12,2635547000000.0,2635547000000.0,日元(OECD自行季调),M,IMPORT_FRED_SA,FRED(OECD转载财务省),VALIDATED_MIRROR,,TRADE_OECD_SA,2026-09-05,LATEST_HISTORY_PROXY,PROXY,CURRENT_HISTORY_ONLY_NO_VINTAGE,false,true,true
1990-01-31,1990-01,2679534000000.0,2679534000000.0,日元(OECD自行季调),M,IMPORT_FRED_SA,FRED(OECD转载财务省),VALIDATED_MIRROR,,TRADE_OECD_SA,2026-09-05,LATEST_HISTORY_PROXY,PROXY,CURRENT_HISTORY_ONLY_NO_VINTAGE,false,true,true
1990-02-28,1990-02,2690800000000,2690800000000,日元(OECD自行季调),M,IMPORT_FRED_SA,FRED(OECD转载财务省),VALIDATED_MIRROR,,TRADE_OECD_SA,2026-09-05,LATEST_HISTORY_PROXY,PROXY,CURRENT_HISTORY_ONLY_NO_VINTAGE,false,true,true
1990-03-31,1990-03,2767042000000.0,2767042000000.0,日元(OECD自行季调),M,IMPORT_FRED_SA,FRED(OECD转载财务省),VALIDATED_MIRROR,,TRADE_OECD_SA,2026-09-05,LATEST_HISTORY_PROXY,PROXY,CURRENT_HISTORY_ONLY_NO_VINTAGE,false,true,true
1990-04-30,1990-04,2834207000000.0,2834207000000.0,日元(OECD自行季调),M,IMPORT_FRED_SA,FRED(OECD转载财务省),VALIDATED_MIRROR,,TRADE_OECD_SA,2026-09-05,LATEST_HISTORY_PROXY,PROXY,CURRENT_HISTORY_ONLY_NO_VINTAGE,false,true,true
1990-05-31,1990-05,2911754000000.0,2911754000000.0,日元(OECD自行季调),M,IMPORT_FRED_SA,FRED(OECD转载财务省),VALIDATED_MIRROR,,TRADE_OECD_SA,2026-09-05,LATEST_HISTORY_PROXY,PROXY,CURRENT_HISTORY_ONLY_NO_VINTAGE,false,true,true
1990-06-30,1990-06,2672280000000,2672280000000,日元(OECD自行季调),M,IMPORT_FRED_SA,FRED(OECD转载财务省),VALIDATED_MIRROR,,TRADE_OECD_SA,2026-09-05,LATEST_HISTORY_PROXY,PROXY,CURRENT_HISTORY_ONLY_NO_VINTAGE,false,true,true
1990-07-31,1990-07,2757547000000.0,2757547000000.0,日元(OECD自行季调),M,IMPORT_FRED_SA,FRED(OECD转载财务省),VALIDATED_MIRROR,,TRADE_OECD_SA,2026-09-05,LATEST_HISTORY_PROXY,PROXY,CURRENT_HISTORY_ONLY_NO_VINTAGE,false,true,true
1990-08-31,1990-08,2805036000000.0,2805036000000.0,日元(OECD自行季调),M,IMPORT_FRED_SA,FRED(OECD转载财务省),VALIDATED_MIRROR,,TRADE_OECD_SA,2026-09-05,LATEST_HISTORY_PROXY,PROXY,CURRENT_HISTORY_ONLY_NO_VINTAGE,false,true,true
1990-09-30,1990-09,2776421000000.0,2776421000000.0,日元(OECD自行季调),M,IMPORT_FRED_SA,FRED(OECD转载财务省),VALIDATED_MIRROR,,TRADE_OECD_SA,2026-09-05,LATEST_HISTORY_PROXY,PROXY,CURRENT_HISTORY_ONLY_NO_VINTAGE,false,true,true
1990-10-31,1990-10,3007326000000.0,3007326000000.0,日元(OECD自行季调),M,IMPORT_FRED_SA,FRED(OECD转载财务省),VALIDATED_MIRROR,,TRADE_OECD_SA,2026-09-05,LATEST_HISTORY_PROXY,PROXY,CURRENT_HISTORY_ONLY_NO_VINTAGE,false,true,true
1990-11-30,1990-11,2944098000000.0,2944098000000.0,日元(OECD自行季调),M,IMPORT_FRED_SA,FRED(OECD转载财务省),VALIDATED_MIRROR,,TRADE_OECD_SA,2026-09-05,LATEST_HISTORY_PROXY,PROXY,CURRENT_HISTORY_ONLY_NO_VINTAGE,false,true,true
1990-12-31,1990-12,2983686000000.0,2983686000000.0,日元(OECD自行季调),M,IMPORT_FRED_SA,FRED(OECD转载财务省),VALIDATED_MIRROR,,TRADE_OECD_SA,2026-09-05,LATEST_HISTORY_PROXY,PROXY,CURRENT_HISTORY_ONLY_NO_VINTAGE,false,true,true
1991-01-31,1991-01,2851368000000.0,2851368000000.0,日元(OECD自行季调),M,IMPORT_FRED_SA,FRED(OECD转载财务省),VALIDATED_MIRROR,,TRADE_OECD_SA,2026-09-05,LATEST_HISTORY_PROXY,PROXY,CURRENT_HISTORY_ONLY_NO_VINTAGE,false,true,true
1991-02-28,1991-02,2852549000000.0,2852549000000.0,日元(OECD自行季调),M,IMPORT_FRED_SA,FRED(OECD转载财务省),VALIDATED_MIRROR,,TRADE_OECD_SA,2026-09-05,LATEST_HISTORY_PROXY,PROXY,CURRENT_HISTORY_ONLY_NO_VINTAGE,false,true,true
1991-03-31,1991-03,2742103000000.0,2742103000000.0,日元(OECD自行季调),M,IMPORT_FRED_SA,FRED(OECD转载财务省),VALIDATED_MIRROR,,TRADE_OECD_SA,2026-09-05,LATEST_HISTORY_PROXY,PROXY,CURRENT_HISTORY_ONLY_NO_VINTAGE,false,true,true
1991-04-30,1991-04,2403788000000.0,2403788000000.0,日元(OECD自行季调),M,IMPORT_FRED_SA,FRED(OECD转载财务省),VALIDATED_MIRROR,,TRADE_OECD_SA,2026-09-05,LATEST_HISTORY_PROXY,PROXY,CURRENT_HISTORY_ONLY_NO_VINTAGE,false,true,true
1991-05-31,1991-05,2823557000000.0,2823557000000.0,日元(OECD自行季调),M,IMPORT_FRED_SA,FRED(OECD转载财务省),VALIDATED_MIRROR,,TRADE_OECD_SA,2026-09-05,LATEST_HISTORY_PROXY,PROXY,CURRENT_HISTORY_ONLY_NO_VINTAGE,false,true,true
1991-06-30,1991-06,2593712000000.0,2593712000000.0,日元(OECD自行季调),M,IMPORT_FRED_SA,FRED(OECD转载财务省),VALIDATED_MIRROR,,TRADE_OECD_SA,2026-09-05,LATEST_HISTORY_PROXY,PROXY,CURRENT_HISTORY_ONLY_NO_VINTAGE,false,true,true
1991-07-31,1991-07,2718542000000.0,2718542000000.0,日元(OECD自行季调),M,IMPORT_FRED_SA,FRED(OECD转载财务省),VALIDATED_MIRROR,,TRADE_OECD_SA,2026-09-05,LATEST_HISTORY_PROXY,PROXY,CURRENT_HISTORY_ONLY_NO_VINTAGE,false,true,true
1991-08-31,1991-08,2614034000000.0,2614034000000.0,日元(OECD自行季调),M,IMPORT_FRED_SA,FRED(OECD转载财务省),VALIDATED_MIRROR,,TRADE_OECD_SA,2026-09-05,LATEST_HISTORY_PROXY,PROXY,CURRENT_HISTORY_ONLY_NO_VINTAGE,false,true,true
1991-09-30,1991-09,2507946000000.0,2507946000000.0,日元(OECD自行季调),M,IMPORT_FRED_SA,FRED(OECD转载财务省),VALIDATED_MIRROR,,TRADE_OECD_SA,2026-09-05,LATEST_HISTORY_PROXY,PROXY,CURRENT_HISTORY_ONLY_NO_VINTAGE,false,true,true
1991-10-31,1991-10,2688428000000.0,2688428000000.0,日元(OECD自行季调),M,IMPORT_FRED_SA,FRED(OECD转载财务省),VALIDATED_MIRROR,,TRADE_OECD_SA,2026-09-05,LATEST_HISTORY_PROXY,PROXY,CURRENT_HISTORY_ONLY_NO_VINTAGE,false,true,true
1991-11-30,1991-11,2625183000000.0,2625183000000.0,日元(OECD自行季调),M,IMPORT_FRED_SA,FRED(OECD转载财务省),VALIDATED_MIRROR,,TRADE_OECD_SA,2026-09-05,LATEST_HISTORY_PROXY,PROXY,CURRENT_HISTORY_ONLY_NO_VINTAGE,false,true,true
1991-12-31,1991-12,2507827000000.0,2507827000000.0,日元(OECD自行季调),M,IMPORT_FRED_SA,FRED(OECD转载财务省),VALIDATED_MIRROR,,TRADE_OECD_SA,2026-09-05,LATEST_HISTORY_PROXY,PROXY,CURRENT_HISTORY_ONLY_NO_VINTAGE,false,true,true
1992-01-31,1992-01,2558100000000,2558100000000,日元(OECD自行季调),M,IMPORT_FRED_SA,FRED(OECD转载财务省),VALIDATED_MIRROR,,TRADE_OECD_SA,2026-09-05,LATEST_HISTORY_PROXY,PROXY,CURRENT_HISTORY_ONLY_NO_VINTAGE,false,true,true
1992-02-29,1992-02,2454098000000.0,2454098000000.0,日元(OECD自行季调),M,IMPORT_FRED_SA,FRED(OECD转载财务省),VALIDATED_MIRROR,,TRADE_OECD_SA,2026-09-05,LATEST_HISTORY_PROXY,PROXY,CURRENT_HISTORY_ONLY_NO_VINTAGE,false,true,true
1992-03-31,1992-03,2431135000000.0,2431135000000.0,日元(OECD自行季调),M,IMPORT_FRED_SA,FRED(OECD转载财务省),VALIDATED_MIRROR,,TRADE_OECD_SA,2026-09-05,LATEST_HISTORY_PROXY,PROXY,CURRENT_HISTORY_ONLY_NO_VINTAGE,false,true,true
1992-04-30,1992-04,2632630000000,2632630000000,日元(OECD自行季调),M,IMPORT_FRED_SA,FRED(OECD转载财务省),VALIDATED_MIRROR,,TRADE_OECD_SA,2026-09-05,LATEST_HISTORY_PROXY,PROXY,CURRENT_HISTORY_ONLY_NO_VINTAGE,false,true,true
1992-05-31,1992-05,2397242000000.0,2397242000000.0,日元(OECD自行季调),M,IMPORT_FRED_SA,FRED(OECD转载财务省),VALIDATED_MIRROR,,TRADE_OECD_SA,2026-09-05,LATEST_HISTORY_PROXY,PROXY,CURRENT_HISTORY_ONLY_NO_VINTAGE,false,true,true
1992-06-30,1992-06,2519032000000.0,2519032000000.0,日元(OECD自行季调),M,IMPORT_FRED_SA,FRED(OECD转载财务省),VALIDATED_MIRROR,,TRADE_OECD_SA,2026-09-05,LATEST_HISTORY_PROXY,PROXY,CURRENT_HISTORY_ONLY_NO_VINTAGE,false,true,true
1992-07-31,1992-07,2493251000000.0,2493251000000.0,日元(OECD自行季调),M,IMPORT_FRED_SA,FRED(OECD转载财务省),VALIDATED_MIRROR,,TRADE_OECD_SA,2026-09-05,LATEST_HISTORY_PROXY,PROXY,CURRENT_HISTORY_ONLY_NO_VINTAGE,false,true,true
1992-08-31,1992-08,2445048000000.0,2445048000000.0,日元(OECD自行季调),M,IMPORT_FRED_SA,FRED(OECD转载财务省),VALIDATED_MIRROR,,TRADE_OECD_SA,2026-09-05,LATEST_HISTORY_PROXY,PROXY,CURRENT_HISTORY_ONLY_NO_VINTAGE,false,true,true
1992-09-30,1992-09,2485092000000.0,2485092000000.0,日元(OECD自行季调),M,IMPORT_FRED_SA,FRED(OECD转载财务省),VALIDATED_MIRROR,,TRADE_OECD_SA,2026-09-05,LATEST_HISTORY_PROXY,PROXY,CURRENT_HISTORY_ONLY_NO_VINTAGE,false,true,true
1992-10-31,1992-10,2356272000000.0,2356272000000.0,日元(OECD自行季调),M,IMPORT_FRED_SA,FRED(OECD转载财务省),VALIDATED_MIRROR,,TRADE_OECD_SA,2026-09-05,LATEST_HISTORY_PROXY,PROXY,CURRENT_HISTORY_ONLY_NO_VINTAGE,false,true,true
1992-11-30,1992-11,2349150000000,2349150000000,日元(OECD自行季调),M,IMPORT_FRED_SA,FRED(OECD转载财务省),VALIDATED_MIRROR,,TRADE_OECD_SA,2026-09-05,LATEST_HISTORY_PROXY,PROXY,CURRENT_HISTORY_ONLY_NO_VINTAGE,false,true,true
1992-12-31,1992-12,2433717000000.0,2433717000000.0,日元(OECD自行季调),M,IMPORT_FRED_SA,FRED(OECD转载财务省),VALIDATED_MIRROR,,TRADE_OECD_SA,2026-09-05,LATEST_HISTORY_PROXY,PROXY,CURRENT_HISTORY_ONLY_NO_VINTAGE,false,true,true
1993-01-31,1993-01,2360384000000.0,2360384000000.0,日元(OECD自行季调),M,IMPORT_FRED_SA,FRED(OECD转载财务省),VALIDATED_MIRROR,,TRADE_OECD_SA,2026-09-05,LATEST_HISTORY_PROXY,PROXY,CURRENT_HISTORY_ONLY_NO_VINTAGE,false,true,true
1993-02-28,1993-02,2334869000000.0,2334869000000.0,日元(OECD自行季调),M,IMPORT_FRED_SA,FRED(OECD转载财务省),VALIDATED_MIRROR,,TRADE_OECD_SA,2026-09-05,LATEST_HISTORY_PROXY,PROXY,CURRENT_HISTORY_ONLY_NO_VINTAGE,false,true,true
1993-03-31,1993-03,2385292000000.0,2385292000000.0,日元(OECD自行季调),M,IMPORT_FRED_SA,FRED(OECD转载财务省),VALIDATED_MIRROR,,TRADE_OECD_SA,2026-09-05,LATEST_HISTORY_PROXY,PROXY,CURRENT_HISTORY_ONLY_NO_VINTAGE,false,true,true
1993-04-30,1993-04,2309104000000.0,2309104000000.0,日元(OECD自行季调),M,IMPORT_FRED_SA,FRED(OECD转载财务省),VALIDATED_MIRROR,,TRADE_OECD_SA,2026-09-05,LATEST_HISTORY_PROXY,PROXY,CURRENT_HISTORY_ONLY_NO_VINTAGE,false,true,true
1993-05-31,1993-05,2191972000000.0002,2191972000000.0002,日元(OECD自行季调),M,IMPORT_FRED_SA,FRED(OECD转载财务省),VALIDATED_MIRROR,,TRADE_OECD_SA,2026-09-05,LATEST_HISTORY_PROXY,PROXY,CURRENT_HISTORY_ONLY_NO_VINTAGE,false,true,true
1993-06-30,1993-06,2282838000000.0,2282838000000.0,日元(OECD自行季调),M,IMPORT_FRED_SA,FRED(OECD转载财务省),VALIDATED_MIRROR,,TRADE_OECD_SA,2026-09-05,LATEST_HISTORY_PROXY,PROXY,CURRENT_HISTORY_ONLY_NO_VINTAGE,false,true,true
1993-07-31,1993-07,2157063999999.9998,2157063999999.9998,日元(OECD自行季调),M,IMPORT_FRED_SA,FRED(OECD转载财务省),VALIDATED_MIRROR,,TRADE_OECD_SA,2026-09-05,LATEST_HISTORY_PROXY,PROXY,CURRENT_HISTORY_ONLY_NO_VINTAGE,false,true,true
1993-08-31,1993-08,2174674000000.0,2174674000000.0,日元(OECD自行季调),M,IMPORT_FRED_SA,FRED(OECD转载财务省),VALIDATED_MIRROR,,TRADE_OECD_SA,2026-09-05,LATEST_HISTORY_PROXY,PROXY,CURRENT_HISTORY_ONLY_NO_VINTAGE,false,true,true
1993-09-30,1993-09,2215710000000,2215710000000,日元(OECD自行季调),M,IMPORT_FRED_SA,FRED(OECD转载财务省),VALIDATED_MIRROR,,TRADE_OECD_SA,2026-09-05,LATEST_HISTORY_PROXY,PROXY,CURRENT_HISTORY_ONLY_NO_VINTAGE,false,true,true
1993-10-31,1993-10,2084223000000.0,2084223000000.0,日元(OECD自行季调),M,IMPORT_FRED_SA,FRED(OECD转载财务省),VALIDATED_MIRROR,,TRADE_OECD_SA,2026-09-05,LATEST_HISTORY_PROXY,PROXY,CURRENT_HISTORY_ONLY_NO_VINTAGE,false,true,true
1993-11-30,1993-11,2209930000000,2209930000000,日元(OECD自行季调),M,IMPORT_FRED_SA,FRED(OECD转载财务省),VALIDATED_MIRROR,,TRADE_OECD_SA,2026-09-05,LATEST_HISTORY_PROXY,PROXY,CURRENT_HISTORY_ONLY_NO_VINTAGE,false,true,true
1993-12-31,1993-12,2153826000000.0,2153826000000.0,日元(OECD自行季调),M,IMPORT_FRED_SA,FRED(OECD转载财务省),VALIDATED_MIRROR,,TRADE_OECD_SA,2026-09-05,LATEST_HISTORY_PROXY,PROXY,CURRENT_HISTORY_ONLY_NO_VINTAGE,false,true,true
1994-01-31,1994-01,2227228000000.0,2227228000000.0,日元(OECD自行季调),M,IMPORT_FRED_SA,FRED(OECD转载财务省),VALIDATED_MIRROR,,TRADE_OECD_SA,2026-09-05,LATEST_HISTORY_PROXY,PROXY,CURRENT_HISTORY_ONLY_NO_VINTAGE,false,true,true
1994-02-28,1994-02,2186467999999.9998,2186467999999.9998,日元(OECD自行季调),M,IMPORT_FRED_SA,FRED(OECD转载财务省),VALIDATED_MIRROR,,TRADE_OECD_SA,2026-09-05,LATEST_HISTORY_PROXY,PROXY,CURRENT_HISTORY_ONLY_NO_VINTAGE,false,true,true
1994-03-31,1994-03,2236577000000.0,2236577000000.0,日元(OECD自行季调),M,IMPORT_FRED_SA,FRED(OECD转载财务省),VALIDATED_MIRROR,,TRADE_OECD_SA,2026-09-05,LATEST_HISTORY_PROXY,PROXY,CURRENT_HISTORY_ONLY_NO_VINTAGE,false,true,true
1994-04-30,1994-04,2235780000000,2235780000000,日元(OECD自行季调),M,IMPORT_FRED_SA,FRED(OECD转载财务省),VALIDATED_MIRROR,,TRADE_OECD_SA,2026-09-05,LATEST_HISTORY_PROXY,PROXY,CURRENT_HISTORY_ONLY_NO_VINTAGE,false,true,true
1994-05-31,1994-05,2309443000000.0,2309443000000.0,日元(OECD自行季调),M,IMPORT_FRED_SA,FRED(OECD转载财务省),VALIDATED_MIRROR,,TRADE_OECD_SA,2026-09-05,LATEST_HISTORY_PROXY,PROXY,CURRENT_HISTORY_ONLY_NO_VINTAGE,false,true,true
1994-06-30,1994-06,2407016000000.0,2407016000000.0,日元(OECD自行季调),M,IMPORT_FRED_SA,FRED(OECD转载财务省),VALIDATED_MIRROR,,TRADE_OECD_SA,2026-09-05,LATEST_HISTORY_PROXY,PROXY,CURRENT_HISTORY_ONLY_NO_VINTAGE,false,true,true
1994-07-31,1994-07,2165078000000.0,2165078000000.0,日元(OECD自行季调),M,IMPORT_FRED_SA,FRED(OECD转载财务省),VALIDATED_MIRROR,,TRADE_OECD_SA,2026-09-05,LATEST_HISTORY_PROXY,PROXY,CURRENT_HISTORY_ONLY_NO_VINTAGE,false,true,true
1994-08-31,1994-08,2556659000000.0,2556659000000.0,日元(OECD自行季调),M,IMPORT_FRED_SA,FRED(OECD转载财务省),VALIDATED_MIRROR,,TRADE_OECD_SA,2026-09-05,LATEST_HISTORY_PROXY,PROXY,CURRENT_HISTORY_ONLY_NO_VINTAGE,false,true,true
1994-09-30,1994-09,2441186000000.0,2441186000000.0,日元(OECD自行季调),M,IMPORT_FRED_SA,FRED(OECD转载财务省),VALIDATED_MIRROR,,TRADE_OECD_SA,2026-09-05,LATEST_HISTORY_PROXY,PROXY,CURRENT_HISTORY_ONLY_NO_VINTAGE,false,true,true
1994-10-31,1994-10,2418515000000.0,2418515000000.0,日元(OECD自行季调),M,IMPORT_FRED_SA,FRED(OECD转载财务省),VALIDATED_MIRROR,,TRADE_OECD_SA,2026-09-05,LATEST_HISTORY_PROXY,PROXY,CURRENT_HISTORY_ONLY_NO_VINTAGE,false,true,true
1994-11-30,1994-11,2481629000000.0,2481629000000.0,日元(OECD自行季调),M,IMPORT_FRED_SA,FRED(OECD转载财务省),VALIDATED_MIRROR,,TRADE_OECD_SA,2026-09-05,LATEST_HISTORY_PROXY,PROXY,CURRENT_HISTORY_ONLY_NO_VINTAGE,false,true,true
1994-12-31,1994-12,2470842000000.0,2470842000000.0,日元(OECD自行季调),M,IMPORT_FRED_SA,FRED(OECD转载财务省),VALIDATED_MIRROR,,TRADE_OECD_SA,2026-09-05,LATEST_HISTORY_PROXY,PROXY,CURRENT_HISTORY_ONLY_NO_VINTAGE,false,true,true
1995-01-31,1995-01,2433701000000.0,2433701000000.0,日元(OECD自行季调),M,IMPORT_FRED_SA,FRED(OECD转载财务省),VALIDATED_MIRROR,,TRADE_OECD_SA,2026-09-05,LATEST_HISTORY_PROXY,PROXY,CURRENT_HISTORY_ONLY_NO_VINTAGE,false,true,true
1995-02-28,1995-02,2524762000000.0,2524762000000.0,日元(OECD自行季调),M,IMPORT_FRED_SA,FRED(OECD转载财务省),VALIDATED_MIRROR,,TRADE_OECD_SA,2026-09-05,LATEST_HISTORY_PROXY,PROXY,CURRENT_HISTORY_ONLY_NO_VINTAGE,false,true,true
1995-03-31,1995-03,2540817000000.0,2540817000000.0,日元(OECD自行季调),M,IMPORT_FRED_SA,FRED(OECD转载财务省),VALIDATED_MIRROR,,TRADE_OECD_SA,2026-09-05,LATEST_HISTORY_PROXY,PROXY,CURRENT_HISTORY_ONLY_NO_VINTAGE,false,true,true
1995-04-30,1995-04,2482213000000.0,2482213000000.0,日元(OECD自行季调),M,IMPORT_FRED_SA,FRED(OECD转载财务省),VALIDATED_MIRROR,,TRADE_OECD_SA,2026-09-05,LATEST_HISTORY_PROXY,PROXY,CURRENT_HISTORY_ONLY_NO_VINTAGE,false,true,true
1995-05-31,1995-05,2485632000000.0,2485632000000.0,日元(OECD自行季调),M,IMPORT_FRED_SA,FRED(OECD转载财务省),VALIDATED_MIRROR,,TRADE_OECD_SA,2026-09-05,LATEST_HISTORY_PROXY,PROXY,CURRENT_HISTORY_ONLY_NO_VINTAGE,false,true,true
1995-06-30,1995-06,2509643000000.0,2509643000000.0,日元(OECD自行季调),M,IMPORT_FRED_SA,FRED(OECD转载财务省),VALIDATED_MIRROR,,TRADE_OECD_SA,2026-09-05,LATEST_HISTORY_PROXY,PROXY,CURRENT_HISTORY_ONLY_NO_VINTAGE,false,true,true
1995-07-31,1995-07,2392072000000.0,2392072000000.0,日元(OECD自行季调),M,IMPORT_FRED_SA,FRED(OECD转载财务省),VALIDATED_MIRROR,,TRADE_OECD_SA,2026-09-05,LATEST_HISTORY_PROXY,PROXY,CURRENT_HISTORY_ONLY_NO_VINTAGE,false,true,true
1995-08-31,1995-08,2710611000000.0,2710611000000.0,日元(OECD自行季调),M,IMPORT_FRED_SA,FRED(OECD转载财务省),VALIDATED_MIRROR,,TRADE_OECD_SA,2026-09-05,LATEST_HISTORY_PROXY,PROXY,CURRENT_HISTORY_ONLY_NO_VINTAGE,false,true,true
1995-09-30,1995-09,2739066000000.0,2739066000000.0,日元(OECD自行季调),M,IMPORT_FRED_SA,FRED(OECD转载财务省),VALIDATED_MIRROR,,TRADE_OECD_SA,2026-09-05,LATEST_HISTORY_PROXY,PROXY,CURRENT_HISTORY_ONLY_NO_VINTAGE,false,true,true
1995-10-31,1995-10,2895611000000.0,2895611000000.0,日元(OECD自行季调),M,IMPORT_FRED_SA,FRED(OECD转载财务省),VALIDATED_MIRROR,,TRADE_OECD_SA,2026-09-05,LATEST_HISTORY_PROXY,PROXY,CURRENT_HISTORY_ONLY_NO_VINTAGE,false,true,true
1995-11-30,1995-11,2918824000000.0,2918824000000.0,日元(OECD自行季调),M,IMPORT_FRED_SA,FRED(OECD转载财务省),VALIDATED_MIRROR,,TRADE_OECD_SA,2026-09-05,LATEST_HISTORY_PROXY,PROXY,CURRENT_HISTORY_ONLY_NO_VINTAGE,false,true,true
1995-12-31,1995-12,2930869000000.0,2930869000000.0,日元(OECD自行季调),M,IMPORT_FRED_SA,FRED(OECD转载财务省),VALIDATED_MIRROR,,TRADE_OECD_SA,2026-09-05,LATEST_HISTORY_PROXY,PROXY,CURRENT_HISTORY_ONLY_NO_VINTAGE,false,true,true
1996-01-31,1996-01,2951940000000,2951940000000,日元(OECD自行季调),M,IMPORT_FRED_SA,FRED(OECD转载财务省),VALIDATED_MIRROR,,TRADE_OECD_SA,2026-09-05,LATEST_HISTORY_PROXY,PROXY,CURRENT_HISTORY_ONLY_NO_VINTAGE,false,true,true
1996-02-29,1996-02,3154374000000.0,3154374000000.0,日元(OECD自行季调),M,IMPORT_FRED_SA,FRED(OECD转载财务省),VALIDATED_MIRROR,,TRADE_OECD_SA,2026-09-05,LATEST_HISTORY_PROXY,PROXY,CURRENT_HISTORY_ONLY_NO_VINTAGE,false,true,true
1996-03-31,1996-03,2794730000000,2794730000000,日元(OECD自行季调),M,IMPORT_FRED_SA,FRED(OECD转载财务省),VALIDATED_MIRROR,,TRADE_OECD_SA,2026-09-05,LATEST_HISTORY_PROXY,PROXY,CURRENT_HISTORY_ONLY_NO_VINTAGE,false,true,true
1996-04-30,1996-04,3245411000000.0,3245411000000.0,日元(OECD自行季调),M,IMPORT_FRED_SA,FRED(OECD转载财务省),VALIDATED_MIRROR,,TRADE_OECD_SA,2026-09-05,LATEST_HISTORY_PROXY,PROXY,CURRENT_HISTORY_ONLY_NO_VINTAGE,false,true,true
1996-05-31,1996-05,3298327000000.0,3298327000000.0,日元(OECD自行季调),M,IMPORT_FRED_SA,FRED(OECD转载财务省),VALIDATED_MIRROR,,TRADE_OECD_SA,2026-09-05,LATEST_HISTORY_PROXY,PROXY,CURRENT_HISTORY_ONLY_NO_VINTAGE,false,true,true
1996-06-30,1996-06,3043022000000.0,3043022000000.0,日元(OECD自行季调),M,IMPORT_FRED_SA,FRED(OECD转载财务省),VALIDATED_MIRROR,,TRADE_OECD_SA,2026-09-05,LATEST_HISTORY_PROXY,PROXY,CURRENT_HISTORY_ONLY_NO_VINTAGE,false,true,true
1996-07-31,1996-07,3240675000000.0,3240675000000.0,日元(OECD自行季调),M,IMPORT_FRED_SA,FRED(OECD转载财务省),VALIDATED_MIRROR,,TRADE_OECD_SA,2026-09-05,LATEST_HISTORY_PROXY,PROXY,CURRENT_HISTORY_ONLY_NO_VINTAGE,false,true,true
1996-08-31,1996-08,3154119000000.0,3154119000000.0,日元(OECD自行季调),M,IMPORT_FRED_SA,FRED(OECD转载财务省),VALIDATED_MIRROR,,TRADE_OECD_SA,2026-09-05,LATEST_HISTORY_PROXY,PROXY,CURRENT_HISTORY_ONLY_NO_VINTAGE,false,true,true
1996-09-30,1996-09,3139774000000.0,3139774000000.0,日元(OECD自行季调),M,IMPORT_FRED_SA,FRED(OECD转载财务省),VALIDATED_MIRROR,,TRADE_OECD_SA,2026-09-05,LATEST_HISTORY_PROXY,PROXY,CURRENT_HISTORY_ONLY_NO_VINTAGE,false,true,true
1996-10-31,1996-10,3348685000000.0,3348685000000.0,日元(OECD自行季调),M,IMPORT_FRED_SA,FRED(OECD转载财务省),VALIDATED_MIRROR,,TRADE_OECD_SA,2026-09-05,LATEST_HISTORY_PROXY,PROXY,CURRENT_HISTORY_ONLY_NO_VINTAGE,false,true,true
1996-11-30,1996-11,3314120000000,3314120000000,日元(OECD自行季调),M,IMPORT_FRED_SA,FRED(OECD转载财务省),VALIDATED_MIRROR,,TRADE_OECD_SA,2026-09-05,LATEST_HISTORY_PROXY,PROXY,CURRENT_HISTORY_ONLY_NO_VINTAGE,false,true,true
1996-12-31,1996-12,3328280000000,3328280000000,日元(OECD自行季调),M,IMPORT_FRED_SA,FRED(OECD转载财务省),VALIDATED_MIRROR,,TRADE_OECD_SA,2026-09-05,LATEST_HISTORY_PROXY,PROXY,CURRENT_HISTORY_ONLY_NO_VINTAGE,false,true,true
1997-01-31,1997-01,3563825000000.0,3563825000000.0,日元(OECD自行季调),M,IMPORT_FRED_SA,FRED(OECD转载财务省),VALIDATED_MIRROR,,TRADE_OECD_SA,2026-09-05,LATEST_HISTORY_PROXY,PROXY,CURRENT_HISTORY_ONLY_NO_VINTAGE,false,true,true
1997-02-28,1997-02,3508062000000.0,3508062000000.0,日元(OECD自行季调),M,IMPORT_FRED_SA,FRED(OECD转载财务省),VALIDATED_MIRROR,,TRADE_OECD_SA,2026-09-05,LATEST_HISTORY_PROXY,PROXY,CURRENT_HISTORY_ONLY_NO_VINTAGE,false,true,true
1997-03-31,1997-03,3493543000000.0,3493543000000.0,日元(OECD自行季调),M,IMPORT_FRED_SA,FRED(OECD转载财务省),VALIDATED_MIRROR,,TRADE_OECD_SA,2026-09-05,LATEST_HISTORY_PROXY,PROXY,CURRENT_HISTORY_ONLY_NO_VINTAGE,false,true,true
1997-04-30,1997-04,3529846000000.0,3529846000000.0,日元(OECD自行季调),M,IMPORT_FRED_SA,FRED(OECD转载财务省),VALIDATED_MIRROR,,TRADE_OECD_SA,2026-09-05,LATEST_HISTORY_PROXY,PROXY,CURRENT_HISTORY_ONLY_NO_VINTAGE,false,true,true
1997-05-31,1997-05,3494958000000.0,3494958000000.0,日元(OECD自行季调),M,IMPORT_FRED_SA,FRED(OECD转载财务省),VALIDATED_MIRROR,,TRADE_OECD_SA,2026-09-05,LATEST_HISTORY_PROXY,PROXY,CURRENT_HISTORY_ONLY_NO_VINTAGE,false,true,true
1997-06-30,1997-06,3262887000000.0,3262887000000.0,日元(OECD自行季调),M,IMPORT_FRED_SA,FRED(OECD转载财务省),VALIDATED_MIRROR,,TRADE_OECD_SA,2026-09-05,LATEST_HISTORY_PROXY,PROXY,CURRENT_HISTORY_ONLY_NO_VINTAGE,false,true,true
1997-07-31,1997-07,3350427000000.0,3350427000000.0,日元(OECD自行季调),M,IMPORT_FRED_SA,FRED(OECD转载财务省),VALIDATED_MIRROR,,TRADE_OECD_SA,2026-09-05,LATEST_HISTORY_PROXY,PROXY,CURRENT_HISTORY_ONLY_NO_VINTAGE,false,true,true
1997-08-31,1997-08,3233882000000.0,3233882000000.0,日元(OECD自行季调),M,IMPORT_FRED_SA,FRED(OECD转载财务省),VALIDATED_MIRROR,,TRADE_OECD_SA,2026-09-05,LATEST_HISTORY_PROXY,PROXY,CURRENT_HISTORY_ONLY_NO_VINTAGE,false,true,true
1997-09-30,1997-09,3408820000000,3408820000000,日元(OECD自行季调),M,IMPORT_FRED_SA,FRED(OECD转载财务省),VALIDATED_MIRROR,,TRADE_OECD_SA,2026-09-05,LATEST_HISTORY_PROXY,PROXY,CURRENT_HISTORY_ONLY_NO_VINTAGE,false,true,true
1997-10-31,1997-10,3395977000000.0,3395977000000.0,日元(OECD自行季调),M,IMPORT_FRED_SA,FRED(OECD转载财务省),VALIDATED_MIRROR,,TRADE_OECD_SA,2026-09-05,LATEST_HISTORY_PROXY,PROXY,CURRENT_HISTORY_ONLY_NO_VINTAGE,false,true,true
1997-11-30,1997-11,3202061000000.0,3202061000000.0,日元(OECD自行季调),M,IMPORT_FRED_SA,FRED(OECD转载财务省),VALIDATED_MIRROR,,TRADE_OECD_SA,2026-09-05,LATEST_HISTORY_PROXY,PROXY,CURRENT_HISTORY_ONLY_NO_VINTAGE,false,true,true
1997-12-31,1997-12,3507530000000,3507530000000,日元(OECD自行季调),M,IMPORT_FRED_SA,FRED(OECD转载财务省),VALIDATED_MIRROR,,TRADE_OECD_SA,2026-09-05,LATEST_HISTORY_PROXY,PROXY,CURRENT_HISTORY_ONLY_NO_VINTAGE,false,true,true
1998-01-31,1998-01,3468128000000.0,3468128000000.0,日元(OECD自行季调),M,IMPORT_FRED_SA,FRED(OECD转载财务省),VALIDATED_MIRROR,,TRADE_OECD_SA,2026-09-05,LATEST_HISTORY_PROXY,PROXY,CURRENT_HISTORY_ONLY_NO_VINTAGE,false,true,true
1998-02-28,1998-02,3120612000000.0,3120612000000.0,日元(OECD自行季调),M,IMPORT_FRED_SA,FRED(OECD转载财务省),VALIDATED_MIRROR,,TRADE_OECD_SA,2026-09-05,LATEST_HISTORY_PROXY,PROXY,CURRENT_HISTORY_ONLY_NO_VINTAGE,false,true,true
1998-03-31,1998-03,3045269000000.0,3045269000000.0,日元(OECD自行季调),M,IMPORT_FRED_SA,FRED(OECD转载财务省),VALIDATED_MIRROR,,TRADE_OECD_SA,2026-09-05,LATEST_HISTORY_PROXY,PROXY,CURRENT_HISTORY_ONLY_NO_VINTAGE,false,true,true
1998-04-30,1998-04,3051546000000.0,3051546000000.0,日元(OECD自行季调),M,IMPORT_FRED_SA,FRED(OECD转载财务省),VALIDATED_MIRROR,,TRADE_OECD_SA,2026-09-05,LATEST_HISTORY_PROXY,PROXY,CURRENT_HISTORY_ONLY_NO_VINTAGE,false,true,true
1998-05-31,1998-05,2972743000000.0,2972743000000.0,日元(OECD自行季调),M,IMPORT_FRED_SA,FRED(OECD转载财务省),VALIDATED_MIRROR,,TRADE_OECD_SA,2026-09-05,LATEST_HISTORY_PROXY,PROXY,CURRENT_HISTORY_ONLY_NO_VINTAGE,false,true,true
1998-06-30,1998-06,3137166000000.0,3137166000000.0,日元(OECD自行季调),M,IMPORT_FRED_SA,FRED(OECD转载财务省),VALIDATED_MIRROR,,TRADE_OECD_SA,2026-09-05,LATEST_HISTORY_PROXY,PROXY,CURRENT_HISTORY_ONLY_NO_VINTAGE,false,true,true
1998-07-31,1998-07,3169088000000.0,3169088000000.0,日元(OECD自行季调),M,IMPORT_FRED_SA,FRED(OECD转载财务省),VALIDATED_MIRROR,,TRADE_OECD_SA,2026-09-05,LATEST_HISTORY_PROXY,PROXY,CURRENT_HISTORY_ONLY_NO_VINTAGE,false,true,true
1998-08-31,1998-08,3150948000000.0,3150948000000.0,日元(OECD自行季调),M,IMPORT_FRED_SA,FRED(OECD转载财务省),VALIDATED_MIRROR,,TRADE_OECD_SA,2026-09-05,LATEST_HISTORY_PROXY,PROXY,CURRENT_HISTORY_ONLY_NO_VINTAGE,false,true,true
1998-09-30,1998-09,3148814000000.0,3148814000000.0,日元(OECD自行季调),M,IMPORT_FRED_SA,FRED(OECD转载财务省),VALIDATED_MIRROR,,TRADE_OECD_SA,2026-09-05,LATEST_HISTORY_PROXY,PROXY,CURRENT_HISTORY_ONLY_NO_VINTAGE,false,true,true
1998-10-31,1998-10,2908042000000.0,2908042000000.0,日元(OECD自行季调),M,IMPORT_FRED_SA,FRED(OECD转载财务省),VALIDATED_MIRROR,,TRADE_OECD_SA,2026-09-05,LATEST_HISTORY_PROXY,PROXY,CURRENT_HISTORY_ONLY_NO_VINTAGE,false,true,true
1998-11-30,1998-11,2749339000000.0,2749339000000.0,日元(OECD自行季调),M,IMPORT_FRED_SA,FRED(OECD转载财务省),VALIDATED_MIRROR,,TRADE_OECD_SA,2026-09-05,LATEST_HISTORY_PROXY,PROXY,CURRENT_HISTORY_ONLY_NO_VINTAGE,false,true,true
1998-12-31,1998-12,2611419000000.0,2611419000000.0,日元(OECD自行季调),M,IMPORT_FRED_SA,FRED(OECD转载财务省),VALIDATED_MIRROR,,TRADE_OECD_SA,2026-09-05,LATEST_HISTORY_PROXY,PROXY,CURRENT_HISTORY_ONLY_NO_VINTAGE,false,true,true
1999-01-31,1999-01,2822534000000.0,2822534000000.0,日元(OECD自行季调),M,IMPORT_FRED_SA,FRED(OECD转载财务省),VALIDATED_MIRROR,,TRADE_OECD_SA,2026-09-05,LATEST_HISTORY_PROXY,PROXY,CURRENT_HISTORY_ONLY_NO_VINTAGE,false,true,true
1999-02-28,1999-02,2963419000000.0,2963419000000.0,日元(OECD自行季调),M,IMPORT_FRED_SA,FRED(OECD转载财务省),VALIDATED_MIRROR,,TRADE_OECD_SA,2026-09-05,LATEST_HISTORY_PROXY,PROXY,CURRENT_HISTORY_ONLY_NO_VINTAGE,false,true,true
1999-03-31,1999-03,2687340000000,2687340000000,日元(OECD自行季调),M,IMPORT_FRED_SA,FRED(OECD转载财务省),VALIDATED_MIRROR,,TRADE_OECD_SA,2026-09-05,LATEST_HISTORY_PROXY,PROXY,CURRENT_HISTORY_ONLY_NO_VINTAGE,false,true,true
1999-04-30,1999-04,2881071000000.0,2881071000000.0,日元(OECD自行季调),M,IMPORT_FRED_SA,FRED(OECD转载财务省),VALIDATED_MIRROR,,TRADE_OECD_SA,2026-09-05,LATEST_HISTORY_PROXY,PROXY,CURRENT_HISTORY_ONLY_NO_VINTAGE,false,true,true
1999-05-31,1999-05,2842348000000.0,2842348000000.0,日元(OECD自行季调),M,IMPORT_FRED_SA,FRED(OECD转载财务省),VALIDATED_MIRROR,,TRADE_OECD_SA,2026-09-05,LATEST_HISTORY_PROXY,PROXY,CURRENT_HISTORY_ONLY_NO_VINTAGE,false,true,true
1999-06-30,1999-06,2983990000000,2983990000000,日元(OECD自行季调),M,IMPORT_FRED_SA,FRED(OECD转载财务省),VALIDATED_MIRROR,,TRADE_OECD_SA,2026-09-05,LATEST_HISTORY_PROXY,PROXY,CURRENT_HISTORY_ONLY_NO_VINTAGE,false,true,true
1999-07-31,1999-07,2975211000000.0,2975211000000.0,日元(OECD自行季调),M,IMPORT_FRED_SA,FRED(OECD转载财务省),VALIDATED_MIRROR,,TRADE_OECD_SA,2026-09-05,LATEST_HISTORY_PROXY,PROXY,CURRENT_HISTORY_ONLY_NO_VINTAGE,false,true,true
1999-08-31,1999-08,2998233000000.0,2998233000000.0,日元(OECD自行季调),M,IMPORT_FRED_SA,FRED(OECD转载财务省),VALIDATED_MIRROR,,TRADE_OECD_SA,2026-09-05,LATEST_HISTORY_PROXY,PROXY,CURRENT_HISTORY_ONLY_NO_VINTAGE,false,true,true
1999-09-30,1999-09,3028967000000.0,3028967000000.0,日元(OECD自行季调),M,IMPORT_FRED_SA,FRED(OECD转载财务省),VALIDATED_MIRROR,,TRADE_OECD_SA,2026-09-05,LATEST_HISTORY_PROXY,PROXY,CURRENT_HISTORY_ONLY_NO_VINTAGE,false,true,true
1999-10-31,1999-10,2972788000000.0,2972788000000.0,日元(OECD自行季调),M,IMPORT_FRED_SA,FRED(OECD转载财务省),VALIDATED_MIRROR,,TRADE_OECD_SA,2026-09-05,LATEST_HISTORY_PROXY,PROXY,CURRENT_HISTORY_ONLY_NO_VINTAGE,false,true,true
1999-11-30,1999-11,3057915000000.0,3057915000000.0,日元(OECD自行季调),M,IMPORT_FRED_SA,FRED(OECD转载财务省),VALIDATED_MIRROR,,TRADE_OECD_SA,2026-09-05,LATEST_HISTORY_PROXY,PROXY,CURRENT_HISTORY_ONLY_NO_VINTAGE,false,true,true
1999-12-31,1999-12,3049599000000.0,3049599000000.0,日元(OECD自行季调),M,IMPORT_FRED_SA,FRED(OECD转载财务省),VALIDATED_MIRROR,,TRADE_OECD_SA,2026-09-05,LATEST_HISTORY_PROXY,PROXY,CURRENT_HISTORY_ONLY_NO_VINTAGE,false,true,true
2000-01-31,2000-01,3113289000000.0,3113289000000.0,日元(OECD自行季调),M,IMPORT_FRED_SA,FRED(OECD转载财务省),VALIDATED_MIRROR,,TRADE_OECD_SA,2026-09-05,LATEST_HISTORY_PROXY,PROXY,CURRENT_HISTORY_ONLY_NO_VINTAGE,false,true,true
2000-02-29,2000-02,3120976000000.0,3120976000000.0,日元(OECD自行季调),M,IMPORT_FRED_SA,FRED(OECD转载财务省),VALIDATED_MIRROR,,TRADE_OECD_SA,2026-09-05,LATEST_HISTORY_PROXY,PROXY,CURRENT_HISTORY_ONLY_NO_VINTAGE,false,true,true
2000-03-31,2000-03,3281837000000.0,3281837000000.0,日元(OECD自行季调),M,IMPORT_FRED_SA,FRED(OECD转载财务省),VALIDATED_MIRROR,,TRADE_OECD_SA,2026-09-05,LATEST_HISTORY_PROXY,PROXY,CURRENT_HISTORY_ONLY_NO_VINTAGE,false,true,true
2000-04-30,2000-04,3314875000000.0,3314875000000.0,日元(OECD自行季调),M,IMPORT_FRED_SA,FRED(OECD转载财务省),VALIDATED_MIRROR,,TRADE_OECD_SA,2026-09-05,LATEST_HISTORY_PROXY,PROXY,CURRENT_HISTORY_ONLY_NO_VINTAGE,false,true,true
2000-05-31,2000-05,3211323000000.0,3211323000000.0,日元(OECD自行季调),M,IMPORT_FRED_SA,FRED(OECD转载财务省),VALIDATED_MIRROR,,TRADE_OECD_SA,2026-09-05,LATEST_HISTORY_PROXY,PROXY,CURRENT_HISTORY_ONLY_NO_VINTAGE,false,true,true
2000-06-30,2000-06,3351375000000.0,3351375000000.0,日元(OECD自行季调),M,IMPORT_FRED_SA,FRED(OECD转载财务省),VALIDATED_MIRROR,,TRADE_OECD_SA,2026-09-05,LATEST_HISTORY_PROXY,PROXY,CURRENT_HISTORY_ONLY_NO_VINTAGE,false,true,true
2000-07-31,2000-07,3378386000000.0,3378386000000.0,日元(OECD自行季调),M,IMPORT_FRED_SA,FRED(OECD转载财务省),VALIDATED_MIRROR,,TRADE_OECD_SA,2026-09-05,LATEST_HISTORY_PROXY,PROXY,CURRENT_HISTORY_ONLY_NO_VINTAGE,false,true,true
2000-08-31,2000-08,3535068000000.0,3535068000000.0,日元(OECD自行季调),M,IMPORT_FRED_SA,FRED(OECD转载财务省),VALIDATED_MIRROR,,TRADE_OECD_SA,2026-09-05,LATEST_HISTORY_PROXY,PROXY,CURRENT_HISTORY_ONLY_NO_VINTAGE,false,true,true
2000-09-30,2000-09,3564748000000.0,3564748000000.0,日元(OECD自行季调),M,IMPORT_FRED_SA,FRED(OECD转载财务省),VALIDATED_MIRROR,,TRADE_OECD_SA,2026-09-05,LATEST_HISTORY_PROXY,PROXY,CURRENT_HISTORY_ONLY_NO_VINTAGE,false,true,true
2000-10-31,2000-10,3638272000000.0,3638272000000.0,日元(OECD自行季调),M,IMPORT_FRED_SA,FRED(OECD转载财务省),VALIDATED_MIRROR,,TRADE_OECD_SA,2026-09-05,LATEST_HISTORY_PROXY,PROXY,CURRENT_HISTORY_ONLY_NO_VINTAGE,false,true,true
2000-11-30,2000-11,3616178000000.0,3616178000000.0,日元(OECD自行季调),M,IMPORT_FRED_SA,FRED(OECD转载财务省),VALIDATED_MIRROR,,TRADE_OECD_SA,2026-09-05,LATEST_HISTORY_PROXY,PROXY,CURRENT_HISTORY_ONLY_NO_VINTAGE,false,true,true
2000-12-31,2000-12,3863757000000.0,3863757000000.0,日元(OECD自行季调),M,IMPORT_FRED_SA,FRED(OECD转载财务省),VALIDATED_MIRROR,,TRADE_OECD_SA,2026-09-05,LATEST_HISTORY_PROXY,PROXY,CURRENT_HISTORY_ONLY_NO_VINTAGE,false,true,true
2001-01-31,2001-01,3649047000000.0,3649047000000.0,日元(OECD自行季调),M,IMPORT_FRED_SA,FRED(OECD转载财务省),VALIDATED_MIRROR,,TRADE_OECD_SA,2026-09-05,LATEST_HISTORY_PROXY,PROXY,CURRENT_HISTORY_ONLY_NO_VINTAGE,false,true,true
2001-02-28,2001-02,3689737000000.0,3689737000000.0,日元(OECD自行季调),M,IMPORT_FRED_SA,FRED(OECD转载财务省),VALIDATED_MIRROR,,TRADE_OECD_SA,2026-09-05,LATEST_HISTORY_PROXY,PROXY,CURRENT_HISTORY_ONLY_NO_VINTAGE,false,true,true
2001-03-31,2001-03,3778221000000.0,3778221000000.0,日元(OECD自行季调),M,IMPORT_FRED_SA,FRED(OECD转载财务省),VALIDATED_MIRROR,,TRADE_OECD_SA,2026-09-05,LATEST_HISTORY_PROXY,PROXY,CURRENT_HISTORY_ONLY_NO_VINTAGE,false,true,true
2001-04-30,2001-04,3638369000000.0,3638369000000.0,日元(OECD自行季调),M,IMPORT_FRED_SA,FRED(OECD转载财务省),VALIDATED_MIRROR,,TRADE_OECD_SA,2026-09-05,LATEST_HISTORY_PROXY,PROXY,CURRENT_HISTORY_ONLY_NO_VINTAGE,false,true,true
2001-05-31,2001-05,3697852000000.0,3697852000000.0,日元(OECD自行季调),M,IMPORT_FRED_SA,FRED(OECD转载财务省),VALIDATED_MIRROR,,TRADE_OECD_SA,2026-09-05,LATEST_HISTORY_PROXY,PROXY,CURRENT_HISTORY_ONLY_NO_VINTAGE,false,true,true
2001-06-30,2001-06,3515579000000.0,3515579000000.0,日元(OECD自行季调),M,IMPORT_FRED_SA,FRED(OECD转载财务省),VALIDATED_MIRROR,,TRADE_OECD_SA,2026-09-05,LATEST_HISTORY_PROXY,PROXY,CURRENT_HISTORY_ONLY_NO_VINTAGE,false,true,true
2001-07-31,2001-07,3551090000000,3551090000000,日元(OECD自行季调),M,IMPORT_FRED_SA,FRED(OECD转载财务省),VALIDATED_MIRROR,,TRADE_OECD_SA,2026-09-05,LATEST_HISTORY_PROXY,PROXY,CURRENT_HISTORY_ONLY_NO_VINTAGE,false,true,true
2001-08-31,2001-08,3487580000000,3487580000000,日元(OECD自行季调),M,IMPORT_FRED_SA,FRED(OECD转载财务省),VALIDATED_MIRROR,,TRADE_OECD_SA,2026-09-05,LATEST_HISTORY_PROXY,PROXY,CURRENT_HISTORY_ONLY_NO_VINTAGE,false,true,true
2001-09-30,2001-09,3304637000000.0,3304637000000.0,日元(OECD自行季调),M,IMPORT_FRED_SA,FRED(OECD转载财务省),VALIDATED_MIRROR,,TRADE_OECD_SA,2026-09-05,LATEST_HISTORY_PROXY,PROXY,CURRENT_HISTORY_ONLY_NO_VINTAGE,false,true,true
2001-10-31,2001-10,3412327000000.0,3412327000000.0,日元(OECD自行季调),M,IMPORT_FRED_SA,FRED(OECD转载财务省),VALIDATED_MIRROR,,TRADE_OECD_SA,2026-09-05,LATEST_HISTORY_PROXY,PROXY,CURRENT_HISTORY_ONLY_NO_VINTAGE,false,true,true
2001-11-30,2001-11,3319550000000,3319550000000,日元(OECD自行季调),M,IMPORT_FRED_SA,FRED(OECD转载财务省),VALIDATED_MIRROR,,TRADE_OECD_SA,2026-09-05,LATEST_HISTORY_PROXY,PROXY,CURRENT_HISTORY_ONLY_NO_VINTAGE,false,true,true
2001-12-31,2001-12,3320946000000.0,3320946000000.0,日元(OECD自行季调),M,IMPORT_FRED_SA,FRED(OECD转载财务省),VALIDATED_MIRROR,,TRADE_OECD_SA,2026-09-05,LATEST_HISTORY_PROXY,PROXY,CURRENT_HISTORY_ONLY_NO_VINTAGE,false,true,true
2002-01-31,2002-01,3349622000000.0,3349622000000.0,日元(OECD自行季调),M,IMPORT_FRED_SA,FRED(OECD转载财务省),VALIDATED_MIRROR,,TRADE_OECD_SA,2026-09-05,LATEST_HISTORY_PROXY,PROXY,CURRENT_HISTORY_ONLY_NO_VINTAGE,false,true,true
2002-02-28,2002-02,3615800000000,3615800000000,日元(OECD自行季调),M,IMPORT_FRED_SA,FRED(OECD转载财务省),VALIDATED_MIRROR,,TRADE_OECD_SA,2026-09-05,LATEST_HISTORY_PROXY,PROXY,CURRENT_HISTORY_ONLY_NO_VINTAGE,false,true,true
2002-03-31,2002-03,3415619000000.0,3415619000000.0,日元(OECD自行季调),M,IMPORT_FRED_SA,FRED(OECD转载财务省),VALIDATED_MIRROR,,TRADE_OECD_SA,2026-09-05,LATEST_HISTORY_PROXY,PROXY,CURRENT_HISTORY_ONLY_NO_VINTAGE,false,true,true
2002-04-30,2002-04,3432089000000.0,3432089000000.0,日元(OECD自行季调),M,IMPORT_FRED_SA,FRED(OECD转载财务省),VALIDATED_MIRROR,,TRADE_OECD_SA,2026-09-05,LATEST_HISTORY_PROXY,PROXY,CURRENT_HISTORY_ONLY_NO_VINTAGE,false,true,true
2002-05-31,2002-05,3566393000000.0,3566393000000.0,日元(OECD自行季调),M,IMPORT_FRED_SA,FRED(OECD转载财务省),VALIDATED_MIRROR,,TRADE_OECD_SA,2026-09-05,LATEST_HISTORY_PROXY,PROXY,CURRENT_HISTORY_ONLY_NO_VINTAGE,false,true,true
2002-06-30,2002-06,3382789000000.0,3382789000000.0,日元(OECD自行季调),M,IMPORT_FRED_SA,FRED(OECD转载财务省),VALIDATED_MIRROR,,TRADE_OECD_SA,2026-09-05,LATEST_HISTORY_PROXY,PROXY,CURRENT_HISTORY_ONLY_NO_VINTAGE,false,true,true
2002-07-31,2002-07,3474379000000.0,3474379000000.0,日元(OECD自行季调),M,IMPORT_FRED_SA,FRED(OECD转载财务省),VALIDATED_MIRROR,,TRADE_OECD_SA,2026-09-05,LATEST_HISTORY_PROXY,PROXY,CURRENT_HISTORY_ONLY_NO_VINTAGE,false,true,true
2002-08-31,2002-08,3442766000000.0,3442766000000.0,日元(OECD自行季调),M,IMPORT_FRED_SA,FRED(OECD转载财务省),VALIDATED_MIRROR,,TRADE_OECD_SA,2026-09-05,LATEST_HISTORY_PROXY,PROXY,CURRENT_HISTORY_ONLY_NO_VINTAGE,false,true,true
2002-09-30,2002-09,3449061000000.0,3449061000000.0,日元(OECD自行季调),M,IMPORT_FRED_SA,FRED(OECD转载财务省),VALIDATED_MIRROR,,TRADE_OECD_SA,2026-09-05,LATEST_HISTORY_PROXY,PROXY,CURRENT_HISTORY_ONLY_NO_VINTAGE,false,true,true
2002-10-31,2002-10,3580657000000.0,3580657000000.0,日元(OECD自行季调),M,IMPORT_FRED_SA,FRED(OECD转载财务省),VALIDATED_MIRROR,,TRADE_OECD_SA,2026-09-05,LATEST_HISTORY_PROXY,PROXY,CURRENT_HISTORY_ONLY_NO_VINTAGE,false,true,true
2002-11-30,2002-11,3771338000000.0,3771338000000.0,日元(OECD自行季调),M,IMPORT_FRED_SA,FRED(OECD转载财务省),VALIDATED_MIRROR,,TRADE_OECD_SA,2026-09-05,LATEST_HISTORY_PROXY,PROXY,CURRENT_HISTORY_ONLY_NO_VINTAGE,false,true,true
2002-12-31,2002-12,3726120000000,3726120000000,日元(OECD自行季调),M,IMPORT_FRED_SA,FRED(OECD转载财务省),VALIDATED_MIRROR,,TRADE_OECD_SA,2026-09-05,LATEST_HISTORY_PROXY,PROXY,CURRENT_HISTORY_ONLY_NO_VINTAGE,false,true,true
2003-01-31,2003-01,3732238000000.0,3732238000000.0,日元(OECD自行季调),M,IMPORT_FRED_SA,FRED(OECD转载财务省),VALIDATED_MIRROR,,TRADE_OECD_SA,2026-09-05,LATEST_HISTORY_PROXY,PROXY,CURRENT_HISTORY_ONLY_NO_VINTAGE,false,true,true
2003-02-28,2003-02,3861571000000.0,3861571000000.0,日元(OECD自行季调),M,IMPORT_FRED_SA,FRED(OECD转载财务省),VALIDATED_MIRROR,,TRADE_OECD_SA,2026-09-05,LATEST_HISTORY_PROXY,PROXY,CURRENT_HISTORY_ONLY_NO_VINTAGE,false,true,true
2003-03-31,2003-03,3731891000000.0,3731891000000.0,日元(OECD自行季调),M,IMPORT_FRED_SA,FRED(OECD转载财务省),VALIDATED_MIRROR,,TRADE_OECD_SA,2026-09-05,LATEST_HISTORY_PROXY,PROXY,CURRENT_HISTORY_ONLY_NO_VINTAGE,false,true,true
2003-04-30,2003-04,3679150000000,3679150000000,日元(OECD自行季调),M,IMPORT_FRED_SA,FRED(OECD转载财务省),VALIDATED_MIRROR,,TRADE_OECD_SA,2026-09-05,LATEST_HISTORY_PROXY,PROXY,CURRENT_HISTORY_ONLY_NO_VINTAGE,false,true,true
2003-05-31,2003-05,3731542000000.0,3731542000000.0,日元(OECD自行季调),M,IMPORT_FRED_SA,FRED(OECD转载财务省),VALIDATED_MIRROR,,TRADE_OECD_SA,2026-09-05,LATEST_HISTORY_PROXY,PROXY,CURRENT_HISTORY_ONLY_NO_VINTAGE,false,true,true
2003-06-30,2003-06,3649954000000.0,3649954000000.0,日元(OECD自行季调),M,IMPORT_FRED_SA,FRED(OECD转载财务省),VALIDATED_MIRROR,,TRADE_OECD_SA,2026-09-05,LATEST_HISTORY_PROXY,PROXY,CURRENT_HISTORY_ONLY_NO_VINTAGE,false,true,true
2003-07-31,2003-07,3711763000000.0,3711763000000.0,日元(OECD自行季调),M,IMPORT_FRED_SA,FRED(OECD转载财务省),VALIDATED_MIRROR,,TRADE_OECD_SA,2026-09-05,LATEST_HISTORY_PROXY,PROXY,CURRENT_HISTORY_ONLY_NO_VINTAGE,false,true,true
2003-08-31,2003-08,3580990000000,3580990000000,日元(OECD自行季调),M,IMPORT_FRED_SA,FRED(OECD转载财务省),VALIDATED_MIRROR,,TRADE_OECD_SA,2026-09-05,LATEST_HISTORY_PROXY,PROXY,CURRENT_HISTORY_ONLY_NO_VINTAGE,false,true,true
2003-09-30,2003-09,3655883000000.0,3655883000000.0,日元(OECD自行季调),M,IMPORT_FRED_SA,FRED(OECD转载财务省),VALIDATED_MIRROR,,TRADE_OECD_SA,2026-09-05,LATEST_HISTORY_PROXY,PROXY,CURRENT_HISTORY_ONLY_NO_VINTAGE,false,true,true
2003-10-31,2003-10,3656330000000,3656330000000,日元(OECD自行季调),M,IMPORT_FRED_SA,FRED(OECD转载财务省),VALIDATED_MIRROR,,TRADE_OECD_SA,2026-09-05,LATEST_HISTORY_PROXY,PROXY,CURRENT_HISTORY_ONLY_NO_VINTAGE,false,true,true
2003-11-30,2003-11,3653813000000.0,3653813000000.0,日元(OECD自行季调),M,IMPORT_FRED_SA,FRED(OECD转载财务省),VALIDATED_MIRROR,,TRADE_OECD_SA,2026-09-05,LATEST_HISTORY_PROXY,PROXY,CURRENT_HISTORY_ONLY_NO_VINTAGE,false,true,true
2003-12-31,2003-12,3707861000000.0,3707861000000.0,日元(OECD自行季调),M,IMPORT_FRED_SA,FRED(OECD转载财务省),VALIDATED_MIRROR,,TRADE_OECD_SA,2026-09-05,LATEST_HISTORY_PROXY,PROXY,CURRENT_HISTORY_ONLY_NO_VINTAGE,false,true,true
2004-01-31,2004-01,3814328000000.0,3814328000000.0,日元(OECD自行季调),M,IMPORT_FRED_SA,FRED(OECD转载财务省),VALIDATED_MIRROR,,TRADE_OECD_SA,2026-09-05,LATEST_HISTORY_PROXY,PROXY,CURRENT_HISTORY_ONLY_NO_VINTAGE,false,true,true
2004-02-29,2004-02,3765394000000.0,3765394000000.0,日元(OECD自行季调),M,IMPORT_FRED_SA,FRED(OECD转载财务省),VALIDATED_MIRROR,,TRADE_OECD_SA,2026-09-05,LATEST_HISTORY_PROXY,PROXY,CURRENT_HISTORY_ONLY_NO_VINTAGE,false,true,true
2004-03-31,2004-03,4055390000000,4055390000000,日元(OECD自行季调),M,IMPORT_FRED_SA,FRED(OECD转载财务省),VALIDATED_MIRROR,,TRADE_OECD_SA,2026-09-05,LATEST_HISTORY_PROXY,PROXY,CURRENT_HISTORY_ONLY_NO_VINTAGE,false,true,true
2004-04-30,2004-04,3927138000000.0,3927138000000.0,日元(OECD自行季调),M,IMPORT_FRED_SA,FRED(OECD转载财务省),VALIDATED_MIRROR,,TRADE_OECD_SA,2026-09-05,LATEST_HISTORY_PROXY,PROXY,CURRENT_HISTORY_ONLY_NO_VINTAGE,false,true,true
2004-05-31,2004-05,3983885000000.0,3983885000000.0,日元(OECD自行季调),M,IMPORT_FRED_SA,FRED(OECD转载财务省),VALIDATED_MIRROR,,TRADE_OECD_SA,2026-09-05,LATEST_HISTORY_PROXY,PROXY,CURRENT_HISTORY_ONLY_NO_VINTAGE,false,true,true
2004-06-30,2004-06,4147460000000,4147460000000,日元(OECD自行季调),M,IMPORT_FRED_SA,FRED(OECD转载财务省),VALIDATED_MIRROR,,TRADE_OECD_SA,2026-09-05,LATEST_HISTORY_PROXY,PROXY,CURRENT_HISTORY_ONLY_NO_VINTAGE,false,true,true
2004-07-31,2004-07,4167657000000.0,4167657000000.0,日元(OECD自行季调),M,IMPORT_FRED_SA,FRED(OECD转载财务省),VALIDATED_MIRROR,,TRADE_OECD_SA,2026-09-05,LATEST_HISTORY_PROXY,PROXY,CURRENT_HISTORY_ONLY_NO_VINTAGE,false,true,true
2004-08-31,2004-08,4104502999999.9995,4104502999999.9995,日元(OECD自行季调),M,IMPORT_FRED_SA,FRED(OECD转载财务省),VALIDATED_MIRROR,,TRADE_OECD_SA,2026-09-05,LATEST_HISTORY_PROXY,PROXY,CURRENT_HISTORY_ONLY_NO_VINTAGE,false,true,true
2004-09-30,2004-09,4211798000000.0,4211798000000.0,日元(OECD自行季调),M,IMPORT_FRED_SA,FRED(OECD转载财务省),VALIDATED_MIRROR,,TRADE_OECD_SA,2026-09-05,LATEST_HISTORY_PROXY,PROXY,CURRENT_HISTORY_ONLY_NO_VINTAGE,false,true,true
2004-10-31,2004-10,4262616000000.0,4262616000000.0,日元(OECD自行季调),M,IMPORT_FRED_SA,FRED(OECD转载财务省),VALIDATED_MIRROR,,TRADE_OECD_SA,2026-09-05,LATEST_HISTORY_PROXY,PROXY,CURRENT_HISTORY_ONLY_NO_VINTAGE,false,true,true
2004-11-30,2004-11,4471848000000.0,4471848000000.0,日元(OECD自行季调),M,IMPORT_FRED_SA,FRED(OECD转载财务省),VALIDATED_MIRROR,,TRADE_OECD_SA,2026-09-05,LATEST_HISTORY_PROXY,PROXY,CURRENT_HISTORY_ONLY_NO_VINTAGE,false,true,true
2004-12-31,2004-12,4131934000000.0,4131934000000.0,日元(OECD自行季调),M,IMPORT_FRED_SA,FRED(OECD转载财务省),VALIDATED_MIRROR,,TRADE_OECD_SA,2026-09-05,LATEST_HISTORY_PROXY,PROXY,CURRENT_HISTORY_ONLY_NO_VINTAGE,false,true,true
2005-01-31,2005-01,4304791000000.0,4304791000000.0,日元(OECD自行季调),M,IMPORT_FRED_SA,FRED(OECD转载财务省),VALIDATED_MIRROR,,TRADE_OECD_SA,2026-09-05,LATEST_HISTORY_PROXY,PROXY,CURRENT_HISTORY_ONLY_NO_VINTAGE,false,true,true
2005-02-28,2005-02,4237524999999.9995,4237524999999.9995,日元(OECD自行季调),M,IMPORT_FRED_SA,FRED(OECD转载财务省),VALIDATED_MIRROR,,TRADE_OECD_SA,2026-09-05,LATEST_HISTORY_PROXY,PROXY,CURRENT_HISTORY_ONLY_NO_VINTAGE,false,true,true
2005-03-31,2005-03,4475500000000,4475500000000,日元(OECD自行季调),M,IMPORT_FRED_SA,FRED(OECD转载财务省),VALIDATED_MIRROR,,TRADE_OECD_SA,2026-09-05,LATEST_HISTORY_PROXY,PROXY,CURRENT_HISTORY_ONLY_NO_VINTAGE,false,true,true
2005-04-30,2005-04,4513059000000.0,4513059000000.0,日元(OECD自行季调),M,IMPORT_FRED_SA,FRED(OECD转载财务省),VALIDATED_MIRROR,,TRADE_OECD_SA,2026-09-05,LATEST_HISTORY_PROXY,PROXY,CURRENT_HISTORY_ONLY_NO_VINTAGE,false,true,true
2005-05-31,2005-05,4643281000000.0,4643281000000.0,日元(OECD自行季调),M,IMPORT_FRED_SA,FRED(OECD转载财务省),VALIDATED_MIRROR,,TRADE_OECD_SA,2026-09-05,LATEST_HISTORY_PROXY,PROXY,CURRENT_HISTORY_ONLY_NO_VINTAGE,false,true,true
2005-06-30,2005-06,4621681000000.0,4621681000000.0,日元(OECD自行季调),M,IMPORT_FRED_SA,FRED(OECD转载财务省),VALIDATED_MIRROR,,TRADE_OECD_SA,2026-09-05,LATEST_HISTORY_PROXY,PROXY,CURRENT_HISTORY_ONLY_NO_VINTAGE,false,true,true
2005-07-31,2005-07,4735510000000.0,4735510000000.0,日元(OECD自行季调),M,IMPORT_FRED_SA,FRED(OECD转载财务省),VALIDATED_MIRROR,,TRADE_OECD_SA,2026-09-05,LATEST_HISTORY_PROXY,PROXY,CURRENT_HISTORY_ONLY_NO_VINTAGE,false,true,true
2005-08-31,2005-08,4904349000000.0,4904349000000.0,日元(OECD自行季调),M,IMPORT_FRED_SA,FRED(OECD转载财务省),VALIDATED_MIRROR,,TRADE_OECD_SA,2026-09-05,LATEST_HISTORY_PROXY,PROXY,CURRENT_HISTORY_ONLY_NO_VINTAGE,false,true,true
2005-09-30,2005-09,5093684000000.0,5093684000000.0,日元(OECD自行季调),M,IMPORT_FRED_SA,FRED(OECD转载财务省),VALIDATED_MIRROR,,TRADE_OECD_SA,2026-09-05,LATEST_HISTORY_PROXY,PROXY,CURRENT_HISTORY_ONLY_NO_VINTAGE,false,true,true
2005-10-31,2005-10,5062153000000.0,5062153000000.0,日元(OECD自行季调),M,IMPORT_FRED_SA,FRED(OECD转载财务省),VALIDATED_MIRROR,,TRADE_OECD_SA,2026-09-05,LATEST_HISTORY_PROXY,PROXY,CURRENT_HISTORY_ONLY_NO_VINTAGE,false,true,true
2005-11-30,2005-11,5270715000000.0,5270715000000.0,日元(OECD自行季调),M,IMPORT_FRED_SA,FRED(OECD转载财务省),VALIDATED_MIRROR,,TRADE_OECD_SA,2026-09-05,LATEST_HISTORY_PROXY,PROXY,CURRENT_HISTORY_ONLY_NO_VINTAGE,false,true,true
2005-12-31,2005-12,5333868000000.0,5333868000000.0,日元(OECD自行季调),M,IMPORT_FRED_SA,FRED(OECD转载财务省),VALIDATED_MIRROR,,TRADE_OECD_SA,2026-09-05,LATEST_HISTORY_PROXY,PROXY,CURRENT_HISTORY_ONLY_NO_VINTAGE,false,true,true
2006-01-31,2006-01,5404862000000.0,5404862000000.0,日元(OECD自行季调),M,IMPORT_FRED_SA,FRED(OECD转载财务省),VALIDATED_MIRROR,,TRADE_OECD_SA,2026-09-05,LATEST_HISTORY_PROXY,PROXY,CURRENT_HISTORY_ONLY_NO_VINTAGE,false,true,true
2006-02-28,2006-02,5520785000000.0,5520785000000.0,日元(OECD自行季调),M,IMPORT_FRED_SA,FRED(OECD转载财务省),VALIDATED_MIRROR,,TRADE_OECD_SA,2026-09-05,LATEST_HISTORY_PROXY,PROXY,CURRENT_HISTORY_ONLY_NO_VINTAGE,false,true,true
2006-03-31,2006-03,5626615000000.0,5626615000000.0,日元(OECD自行季调),M,IMPORT_FRED_SA,FRED(OECD转载财务省),VALIDATED_MIRROR,,TRADE_OECD_SA,2026-09-05,LATEST_HISTORY_PROXY,PROXY,CURRENT_HISTORY_ONLY_NO_VINTAGE,false,true,true
2006-04-30,2006-04,5560522000000.0,5560522000000.0,日元(OECD自行季调),M,IMPORT_FRED_SA,FRED(OECD转载财务省),VALIDATED_MIRROR,,TRADE_OECD_SA,2026-09-05,LATEST_HISTORY_PROXY,PROXY,CURRENT_HISTORY_ONLY_NO_VINTAGE,false,true,true
2006-05-31,2006-05,5343271000000.0,5343271000000.0,日元(OECD自行季调),M,IMPORT_FRED_SA,FRED(OECD转载财务省),VALIDATED_MIRROR,,TRADE_OECD_SA,2026-09-05,LATEST_HISTORY_PROXY,PROXY,CURRENT_HISTORY_ONLY_NO_VINTAGE,false,true,true
2006-06-30,2006-06,5396871000000.0,5396871000000.0,日元(OECD自行季调),M,IMPORT_FRED_SA,FRED(OECD转载财务省),VALIDATED_MIRROR,,TRADE_OECD_SA,2026-09-05,LATEST_HISTORY_PROXY,PROXY,CURRENT_HISTORY_ONLY_NO_VINTAGE,false,true,true
2006-07-31,2006-07,5361653000000.0,5361653000000.0,日元(OECD自行季调),M,IMPORT_FRED_SA,FRED(OECD转载财务省),VALIDATED_MIRROR,,TRADE_OECD_SA,2026-09-05,LATEST_HISTORY_PROXY,PROXY,CURRENT_HISTORY_ONLY_NO_VINTAGE,false,true,true
2006-08-31,2006-08,5732898000000.0,5732898000000.0,日元(OECD自行季调),M,IMPORT_FRED_SA,FRED(OECD转载财务省),VALIDATED_MIRROR,,TRADE_OECD_SA,2026-09-05,LATEST_HISTORY_PROXY,PROXY,CURRENT_HISTORY_ONLY_NO_VINTAGE,false,true,true
2006-09-30,2006-09,6150727000000.0,6150727000000.0,日元(OECD自行季调),M,IMPORT_FRED_SA,FRED(OECD转载财务省),VALIDATED_MIRROR,,TRADE_OECD_SA,2026-09-05,LATEST_HISTORY_PROXY,PROXY,CURRENT_HISTORY_ONLY_NO_VINTAGE,false,true,true
2006-10-31,2006-10,5782304000000.0,5782304000000.0,日元(OECD自行季调),M,IMPORT_FRED_SA,FRED(OECD转载财务省),VALIDATED_MIRROR,,TRADE_OECD_SA,2026-09-05,LATEST_HISTORY_PROXY,PROXY,CURRENT_HISTORY_ONLY_NO_VINTAGE,false,true,true
2006-11-30,2006-11,5597388000000.0,5597388000000.0,日元(OECD自行季调),M,IMPORT_FRED_SA,FRED(OECD转载财务省),VALIDATED_MIRROR,,TRADE_OECD_SA,2026-09-05,LATEST_HISTORY_PROXY,PROXY,CURRENT_HISTORY_ONLY_NO_VINTAGE,false,true,true
2006-12-31,2006-12,5880534000000.0,5880534000000.0,日元(OECD自行季调),M,IMPORT_FRED_SA,FRED(OECD转载财务省),VALIDATED_MIRROR,,TRADE_OECD_SA,2026-09-05,LATEST_HISTORY_PROXY,PROXY,CURRENT_HISTORY_ONLY_NO_VINTAGE,false,true,true
2007-01-31,2007-01,5735917000000.0,5735917000000.0,日元(OECD自行季调),M,IMPORT_FRED_SA,FRED(OECD转载财务省),VALIDATED_MIRROR,,TRADE_OECD_SA,2026-09-05,LATEST_HISTORY_PROXY,PROXY,CURRENT_HISTORY_ONLY_NO_VINTAGE,false,true,true
2007-02-28,2007-02,6049572000000.0,6049572000000.0,日元(OECD自行季调),M,IMPORT_FRED_SA,FRED(OECD转载财务省),VALIDATED_MIRROR,,TRADE_OECD_SA,2026-09-05,LATEST_HISTORY_PROXY,PROXY,CURRENT_HISTORY_ONLY_NO_VINTAGE,false,true,true
2007-03-31,2007-03,5792257000000.0,5792257000000.0,日元(OECD自行季调),M,IMPORT_FRED_SA,FRED(OECD转载财务省),VALIDATED_MIRROR,,TRADE_OECD_SA,2026-09-05,LATEST_HISTORY_PROXY,PROXY,CURRENT_HISTORY_ONLY_NO_VINTAGE,false,true,true
2007-04-30,2007-04,5749652000000.0,5749652000000.0,日元(OECD自行季调),M,IMPORT_FRED_SA,FRED(OECD转载财务省),VALIDATED_MIRROR,,TRADE_OECD_SA,2026-09-05,LATEST_HISTORY_PROXY,PROXY,CURRENT_HISTORY_ONLY_NO_VINTAGE,false,true,true
2007-05-31,2007-05,6280259000000.0,6280259000000.0,日元(OECD自行季调),M,IMPORT_FRED_SA,FRED(OECD转载财务省),VALIDATED_MIRROR,,TRADE_OECD_SA,2026-09-05,LATEST_HISTORY_PROXY,PROXY,CURRENT_HISTORY_ONLY_NO_VINTAGE,false,true,true
2007-06-30,2007-06,6184293000000.0,6184293000000.0,日元(OECD自行季调),M,IMPORT_FRED_SA,FRED(OECD转载财务省),VALIDATED_MIRROR,,TRADE_OECD_SA,2026-09-05,LATEST_HISTORY_PROXY,PROXY,CURRENT_HISTORY_ONLY_NO_VINTAGE,false,true,true
2007-07-31,2007-07,6112149000000.0,6112149000000.0,日元(OECD自行季调),M,IMPORT_FRED_SA,FRED(OECD转载财务省),VALIDATED_MIRROR,,TRADE_OECD_SA,2026-09-05,LATEST_HISTORY_PROXY,PROXY,CURRENT_HISTORY_ONLY_NO_VINTAGE,false,true,true
2007-08-31,2007-08,5945579000000.0,5945579000000.0,日元(OECD自行季调),M,IMPORT_FRED_SA,FRED(OECD转载财务省),VALIDATED_MIRROR,,TRADE_OECD_SA,2026-09-05,LATEST_HISTORY_PROXY,PROXY,CURRENT_HISTORY_ONLY_NO_VINTAGE,false,true,true
2007-09-30,2007-09,6116304000000.0,6116304000000.0,日元(OECD自行季调),M,IMPORT_FRED_SA,FRED(OECD转载财务省),VALIDATED_MIRROR,,TRADE_OECD_SA,2026-09-05,LATEST_HISTORY_PROXY,PROXY,CURRENT_HISTORY_ONLY_NO_VINTAGE,false,true,true
2007-10-31,2007-10,6396288000000.0,6396288000000.0,日元(OECD自行季调),M,IMPORT_FRED_SA,FRED(OECD转载财务省),VALIDATED_MIRROR,,TRADE_OECD_SA,2026-09-05,LATEST_HISTORY_PROXY,PROXY,CURRENT_HISTORY_ONLY_NO_VINTAGE,false,true,true
2007-11-30,2007-11,6402862000000.0,6402862000000.0,日元(OECD自行季调),M,IMPORT_FRED_SA,FRED(OECD转载财务省),VALIDATED_MIRROR,,TRADE_OECD_SA,2026-09-05,LATEST_HISTORY_PROXY,PROXY,CURRENT_HISTORY_ONLY_NO_VINTAGE,false,true,true
2007-12-31,2007-12,6600212000000.0,6600212000000.0,日元(OECD自行季调),M,IMPORT_FRED_SA,FRED(OECD转载财务省),VALIDATED_MIRROR,,TRADE_OECD_SA,2026-09-05,LATEST_HISTORY_PROXY,PROXY,CURRENT_HISTORY_ONLY_NO_VINTAGE,false,true,true
2008-01-31,2008-01,6253428000000.0,6253428000000.0,日元(OECD自行季调),M,IMPORT_FRED_SA,FRED(OECD转载财务省),VALIDATED_MIRROR,,TRADE_OECD_SA,2026-09-05,LATEST_HISTORY_PROXY,PROXY,CURRENT_HISTORY_ONLY_NO_VINTAGE,false,true,true
2008-02-29,2008-02,6380874000000.0,6380874000000.0,日元(OECD自行季调),M,IMPORT_FRED_SA,FRED(OECD转载财务省),VALIDATED_MIRROR,,TRADE_OECD_SA,2026-09-05,LATEST_HISTORY_PROXY,PROXY,CURRENT_HISTORY_ONLY_NO_VINTAGE,false,true,true
2008-03-31,2008-03,6418696000000.0,6418696000000.0,日元(OECD自行季调),M,IMPORT_FRED_SA,FRED(OECD转载财务省),VALIDATED_MIRROR,,TRADE_OECD_SA,2026-09-05,LATEST_HISTORY_PROXY,PROXY,CURRENT_HISTORY_ONLY_NO_VINTAGE,false,true,true
2008-04-30,2008-04,6310934000000.0,6310934000000.0,日元(OECD自行季调),M,IMPORT_FRED_SA,FRED(OECD转载财务省),VALIDATED_MIRROR,,TRADE_OECD_SA,2026-09-05,LATEST_HISTORY_PROXY,PROXY,CURRENT_HISTORY_ONLY_NO_VINTAGE,false,true,true
2008-05-31,2008-05,6649672000000.0,6649672000000.0,日元(OECD自行季调),M,IMPORT_FRED_SA,FRED(OECD转载财务省),VALIDATED_MIRROR,,TRADE_OECD_SA,2026-09-05,LATEST_HISTORY_PROXY,PROXY,CURRENT_HISTORY_ONLY_NO_VINTAGE,false,true,true
2008-06-30,2008-06,7105687000000.0,7105687000000.0,日元(OECD自行季调),M,IMPORT_FRED_SA,FRED(OECD转载财务省),VALIDATED_MIRROR,,TRADE_OECD_SA,2026-09-05,LATEST_HISTORY_PROXY,PROXY,CURRENT_HISTORY_ONLY_NO_VINTAGE,false,true,true
2008-07-31,2008-07,7199174000000.0,7199174000000.0,日元(OECD自行季调),M,IMPORT_FRED_SA,FRED(OECD转载财务省),VALIDATED_MIRROR,,TRADE_OECD_SA,2026-09-05,LATEST_HISTORY_PROXY,PROXY,CURRENT_HISTORY_ONLY_NO_VINTAGE,false,true,true
2008-08-31,2008-08,7472146000000.0,7472146000000.0,日元(OECD自行季调),M,IMPORT_FRED_SA,FRED(OECD转载财务省),VALIDATED_MIRROR,,TRADE_OECD_SA,2026-09-05,LATEST_HISTORY_PROXY,PROXY,CURRENT_HISTORY_ONLY_NO_VINTAGE,false,true,true
2008-09-30,2008-09,7514084000000.0,7514084000000.0,日元(OECD自行季调),M,IMPORT_FRED_SA,FRED(OECD转载财务省),VALIDATED_MIRROR,,TRADE_OECD_SA,2026-09-05,LATEST_HISTORY_PROXY,PROXY,CURRENT_HISTORY_ONLY_NO_VINTAGE,false,true,true
2008-10-31,2008-10,6860820000000.0,6860820000000.0,日元(OECD自行季调),M,IMPORT_FRED_SA,FRED(OECD转载财务省),VALIDATED_MIRROR,,TRADE_OECD_SA,2026-09-05,LATEST_HISTORY_PROXY,PROXY,CURRENT_HISTORY_ONLY_NO_VINTAGE,false,true,true
2008-11-30,2008-11,5831915000000.0,5831915000000.0,日元(OECD自行季调),M,IMPORT_FRED_SA,FRED(OECD转载财务省),VALIDATED_MIRROR,,TRADE_OECD_SA,2026-09-05,LATEST_HISTORY_PROXY,PROXY,CURRENT_HISTORY_ONLY_NO_VINTAGE,false,true,true
2008-12-31,2008-12,5019918000000.0,5019918000000.0,日元(OECD自行季调),M,IMPORT_FRED_SA,FRED(OECD转载财务省),VALIDATED_MIRROR,,TRADE_OECD_SA,2026-09-05,LATEST_HISTORY_PROXY,PROXY,CURRENT_HISTORY_ONLY_NO_VINTAGE,false,true,true
2009-01-31,2009-01,4295965000000.0,4295965000000.0,日元(OECD自行季调),M,IMPORT_FRED_SA,FRED(OECD转载财务省),VALIDATED_MIRROR,,TRADE_OECD_SA,2026-09-05,LATEST_HISTORY_PROXY,PROXY,CURRENT_HISTORY_ONLY_NO_VINTAGE,false,true,true
2009-02-28,2009-02,3771719000000.0,3771719000000.0,日元(OECD自行季调),M,IMPORT_FRED_SA,FRED(OECD转载财务省),VALIDATED_MIRROR,,TRADE_OECD_SA,2026-09-05,LATEST_HISTORY_PROXY,PROXY,CURRENT_HISTORY_ONLY_NO_VINTAGE,false,true,true
2009-03-31,2009-03,4105576000000.0,4105576000000.0,日元(OECD自行季调),M,IMPORT_FRED_SA,FRED(OECD转载财务省),VALIDATED_MIRROR,,TRADE_OECD_SA,2026-09-05,LATEST_HISTORY_PROXY,PROXY,CURRENT_HISTORY_ONLY_NO_VINTAGE,false,true,true
2009-04-30,2009-04,3915806000000.0,3915806000000.0,日元(OECD自行季调),M,IMPORT_FRED_SA,FRED(OECD转载财务省),VALIDATED_MIRROR,,TRADE_OECD_SA,2026-09-05,LATEST_HISTORY_PROXY,PROXY,CURRENT_HISTORY_ONLY_NO_VINTAGE,false,true,true
2009-05-31,2009-05,3839441000000.0,3839441000000.0,日元(OECD自行季调),M,IMPORT_FRED_SA,FRED(OECD转载财务省),VALIDATED_MIRROR,,TRADE_OECD_SA,2026-09-05,LATEST_HISTORY_PROXY,PROXY,CURRENT_HISTORY_ONLY_NO_VINTAGE,false,true,true
2009-06-30,2009-06,4156904000000.0005,4156904000000.0005,日元(OECD自行季调),M,IMPORT_FRED_SA,FRED(OECD转载财务省),VALIDATED_MIRROR,,TRADE_OECD_SA,2026-09-05,LATEST_HISTORY_PROXY,PROXY,CURRENT_HISTORY_ONLY_NO_VINTAGE,false,true,true
2009-07-31,2009-07,4302612000000.0,4302612000000.0,日元(OECD自行季调),M,IMPORT_FRED_SA,FRED(OECD转载财务省),VALIDATED_MIRROR,,TRADE_OECD_SA,2026-09-05,LATEST_HISTORY_PROXY,PROXY,CURRENT_HISTORY_ONLY_NO_VINTAGE,false,true,true
2009-08-31,2009-08,4453385000000.0,4453385000000.0,日元(OECD自行季调),M,IMPORT_FRED_SA,FRED(OECD转载财务省),VALIDATED_MIRROR,,TRADE_OECD_SA,2026-09-05,LATEST_HISTORY_PROXY,PROXY,CURRENT_HISTORY_ONLY_NO_VINTAGE,false,true,true
2009-09-30,2009-09,4690822000000.0,4690822000000.0,日元(OECD自行季调),M,IMPORT_FRED_SA,FRED(OECD转载财务省),VALIDATED_MIRROR,,TRADE_OECD_SA,2026-09-05,LATEST_HISTORY_PROXY,PROXY,CURRENT_HISTORY_ONLY_NO_VINTAGE,false,true,true
2009-10-31,2009-10,4609833000000.0,4609833000000.0,日元(OECD自行季调),M,IMPORT_FRED_SA,FRED(OECD转载财务省),VALIDATED_MIRROR,,TRADE_OECD_SA,2026-09-05,LATEST_HISTORY_PROXY,PROXY,CURRENT_HISTORY_ONLY_NO_VINTAGE,false,true,true
2009-11-30,2009-11,4654761000000.0,4654761000000.0,日元(OECD自行季调),M,IMPORT_FRED_SA,FRED(OECD转载财务省),VALIDATED_MIRROR,,TRADE_OECD_SA,2026-09-05,LATEST_HISTORY_PROXY,PROXY,CURRENT_HISTORY_ONLY_NO_VINTAGE,false,true,true
2009-12-31,2009-12,4815444000000.0,4815444000000.0,日元(OECD自行季调),M,IMPORT_FRED_SA,FRED(OECD转载财务省),VALIDATED_MIRROR,,TRADE_OECD_SA,2026-09-05,LATEST_HISTORY_PROXY,PROXY,CURRENT_HISTORY_ONLY_NO_VINTAGE,false,true,true
2010-01-31,2010-01,4830199000000.0,4830199000000.0,日元(OECD自行季调),M,IMPORT_FRED_SA,FRED(OECD转载财务省),VALIDATED_MIRROR,,TRADE_OECD_SA,2026-09-05,LATEST_HISTORY_PROXY,PROXY,CURRENT_HISTORY_ONLY_NO_VINTAGE,false,true,true
2010-02-28,2010-02,4803634000000.0,4803634000000.0,日元(OECD自行季调),M,IMPORT_FRED_SA,FRED(OECD转载财务省),VALIDATED_MIRROR,,TRADE_OECD_SA,2026-09-05,LATEST_HISTORY_PROXY,PROXY,CURRENT_HISTORY_ONLY_NO_VINTAGE,false,true,true
2010-03-31,2010-03,4797716000000.0,4797716000000.0,日元(OECD自行季调),M,IMPORT_FRED_SA,FRED(OECD转载财务省),VALIDATED_MIRROR,,TRADE_OECD_SA,2026-09-05,LATEST_HISTORY_PROXY,PROXY,CURRENT_HISTORY_ONLY_NO_VINTAGE,false,true,true
2010-04-30,2010-04,5045774000000.0,5045774000000.0,日元(OECD自行季调),M,IMPORT_FRED_SA,FRED(OECD转载财务省),VALIDATED_MIRROR,,TRADE_OECD_SA,2026-09-05,LATEST_HISTORY_PROXY,PROXY,CURRENT_HISTORY_ONLY_NO_VINTAGE,false,true,true
2010-05-31,2010-05,5191851000000.0,5191851000000.0,日元(OECD自行季调),M,IMPORT_FRED_SA,FRED(OECD转载财务省),VALIDATED_MIRROR,,TRADE_OECD_SA,2026-09-05,LATEST_HISTORY_PROXY,PROXY,CURRENT_HISTORY_ONLY_NO_VINTAGE,false,true,true
2010-06-30,2010-06,5238395000000.0,5238395000000.0,日元(OECD自行季调),M,IMPORT_FRED_SA,FRED(OECD转载财务省),VALIDATED_MIRROR,,TRADE_OECD_SA,2026-09-05,LATEST_HISTORY_PROXY,PROXY,CURRENT_HISTORY_ONLY_NO_VINTAGE,false,true,true
2010-07-31,2010-07,5157601000000.0,5157601000000.0,日元(OECD自行季调),M,IMPORT_FRED_SA,FRED(OECD转载财务省),VALIDATED_MIRROR,,TRADE_OECD_SA,2026-09-05,LATEST_HISTORY_PROXY,PROXY,CURRENT_HISTORY_ONLY_NO_VINTAGE,false,true,true
2010-08-31,2010-08,5169752000000.0,5169752000000.0,日元(OECD自行季调),M,IMPORT_FRED_SA,FRED(OECD转载财务省),VALIDATED_MIRROR,,TRADE_OECD_SA,2026-09-05,LATEST_HISTORY_PROXY,PROXY,CURRENT_HISTORY_ONLY_NO_VINTAGE,false,true,true
2010-09-30,2010-09,5012698000000.0,5012698000000.0,日元(OECD自行季调),M,IMPORT_FRED_SA,FRED(OECD转载财务省),VALIDATED_MIRROR,,TRADE_OECD_SA,2026-09-05,LATEST_HISTORY_PROXY,PROXY,CURRENT_HISTORY_ONLY_NO_VINTAGE,false,true,true
2010-10-31,2010-10,5170377000000.0,5170377000000.0,日元(OECD自行季调),M,IMPORT_FRED_SA,FRED(OECD转载财务省),VALIDATED_MIRROR,,TRADE_OECD_SA,2026-09-05,LATEST_HISTORY_PROXY,PROXY,CURRENT_HISTORY_ONLY_NO_VINTAGE,false,true,true
2010-11-30,2010-11,5193335000000.0,5193335000000.0,日元(OECD自行季调),M,IMPORT_FRED_SA,FRED(OECD转载财务省),VALIDATED_MIRROR,,TRADE_OECD_SA,2026-09-05,LATEST_HISTORY_PROXY,PROXY,CURRENT_HISTORY_ONLY_NO_VINTAGE,false,true,true
2010-12-31,2010-12,5104129000000.0,5104129000000.0,日元(OECD自行季调),M,IMPORT_FRED_SA,FRED(OECD转载财务省),VALIDATED_MIRROR,,TRADE_OECD_SA,2026-09-05,LATEST_HISTORY_PROXY,PROXY,CURRENT_HISTORY_ONLY_NO_VINTAGE,false,true,true
2011-01-31,2011-01,5377638000000.0,5377638000000.0,日元(OECD自行季调),M,IMPORT_FRED_SA,FRED(OECD转载财务省),VALIDATED_MIRROR,,TRADE_OECD_SA,2026-09-05,LATEST_HISTORY_PROXY,PROXY,CURRENT_HISTORY_ONLY_NO_VINTAGE,false,true,true
2011-02-28,2011-02,5309004000000.0,5309004000000.0,日元(OECD自行季调),M,IMPORT_FRED_SA,FRED(OECD转载财务省),VALIDATED_MIRROR,,TRADE_OECD_SA,2026-09-05,LATEST_HISTORY_PROXY,PROXY,CURRENT_HISTORY_ONLY_NO_VINTAGE,false,true,true
2011-03-31,2011-03,5378520000000.0,5378520000000.0,日元(OECD自行季调),M,IMPORT_FRED_SA,FRED(OECD转载财务省),VALIDATED_MIRROR,,TRADE_OECD_SA,2026-09-05,LATEST_HISTORY_PROXY,PROXY,CURRENT_HISTORY_ONLY_NO_VINTAGE,false,true,true
2011-04-30,2011-04,5733421000000.0,5733421000000.0,日元(OECD自行季调),M,IMPORT_FRED_SA,FRED(OECD转载财务省),VALIDATED_MIRROR,,TRADE_OECD_SA,2026-09-05,LATEST_HISTORY_PROXY,PROXY,CURRENT_HISTORY_ONLY_NO_VINTAGE,false,true,true
2011-05-31,2011-05,5790929000000.0,5790929000000.0,日元(OECD自行季调),M,IMPORT_FRED_SA,FRED(OECD转载财务省),VALIDATED_MIRROR,,TRADE_OECD_SA,2026-09-05,LATEST_HISTORY_PROXY,PROXY,CURRENT_HISTORY_ONLY_NO_VINTAGE,false,true,true
2011-06-30,2011-06,5765283000000.0,5765283000000.0,日元(OECD自行季调),M,IMPORT_FRED_SA,FRED(OECD转载财务省),VALIDATED_MIRROR,,TRADE_OECD_SA,2026-09-05,LATEST_HISTORY_PROXY,PROXY,CURRENT_HISTORY_ONLY_NO_VINTAGE,false,true,true
2011-07-31,2011-07,5956221000000.0,5956221000000.0,日元(OECD自行季调),M,IMPORT_FRED_SA,FRED(OECD转载财务省),VALIDATED_MIRROR,,TRADE_OECD_SA,2026-09-05,LATEST_HISTORY_PROXY,PROXY,CURRENT_HISTORY_ONLY_NO_VINTAGE,false,true,true
2011-08-31,2011-08,6141513000000.0,6141513000000.0,日元(OECD自行季调),M,IMPORT_FRED_SA,FRED(OECD转载财务省),VALIDATED_MIRROR,,TRADE_OECD_SA,2026-09-05,LATEST_HISTORY_PROXY,PROXY,CURRENT_HISTORY_ONLY_NO_VINTAGE,false,true,true
2011-09-30,2011-09,5666734000000.0,5666734000000.0,日元(OECD自行季调),M,IMPORT_FRED_SA,FRED(OECD转载财务省),VALIDATED_MIRROR,,TRADE_OECD_SA,2026-09-05,LATEST_HISTORY_PROXY,PROXY,CURRENT_HISTORY_ONLY_NO_VINTAGE,false,true,true
2011-10-31,2011-10,5974523000000.0,5974523000000.0,日元(OECD自行季调),M,IMPORT_FRED_SA,FRED(OECD转载财务省),VALIDATED_MIRROR,,TRADE_OECD_SA,2026-09-05,LATEST_HISTORY_PROXY,PROXY,CURRENT_HISTORY_ONLY_NO_VINTAGE,false,true,true
2011-11-30,2011-11,5639132000000.0,5639132000000.0,日元(OECD自行季调),M,IMPORT_FRED_SA,FRED(OECD转载财务省),VALIDATED_MIRROR,,TRADE_OECD_SA,2026-09-05,LATEST_HISTORY_PROXY,PROXY,CURRENT_HISTORY_ONLY_NO_VINTAGE,false,true,true
2011-12-31,2011-12,5619542000000.0,5619542000000.0,日元(OECD自行季调),M,IMPORT_FRED_SA,FRED(OECD转载财务省),VALIDATED_MIRROR,,TRADE_OECD_SA,2026-09-05,LATEST_HISTORY_PROXY,PROXY,CURRENT_HISTORY_ONLY_NO_VINTAGE,false,true,true
2012-01-31,2012-01,5622014000000.0,5622014000000.0,日元(OECD自行季调),M,IMPORT_FRED_SA,FRED(OECD转载财务省),VALIDATED_MIRROR,,TRADE_OECD_SA,2026-09-05,LATEST_HISTORY_PROXY,PROXY,CURRENT_HISTORY_ONLY_NO_VINTAGE,false,true,true
2012-02-29,2012-02,5637909000000.0,5637909000000.0,日元(OECD自行季调),M,IMPORT_FRED_SA,FRED(OECD转载财务省),VALIDATED_MIRROR,,TRADE_OECD_SA,2026-09-05,LATEST_HISTORY_PROXY,PROXY,CURRENT_HISTORY_ONLY_NO_VINTAGE,false,true,true
2012-03-31,2012-03,6205193000000.0,6205193000000.0,日元(OECD自行季调),M,IMPORT_FRED_SA,FRED(OECD转载财务省),VALIDATED_MIRROR,,TRADE_OECD_SA,2026-09-05,LATEST_HISTORY_PROXY,PROXY,CURRENT_HISTORY_ONLY_NO_VINTAGE,false,true,true
2012-04-30,2012-04,6161196000000.0,6161196000000.0,日元(OECD自行季调),M,IMPORT_FRED_SA,FRED(OECD转载财务省),VALIDATED_MIRROR,,TRADE_OECD_SA,2026-09-05,LATEST_HISTORY_PROXY,PROXY,CURRENT_HISTORY_ONLY_NO_VINTAGE,false,true,true
2012-05-31,2012-05,6432581000000.0,6432581000000.0,日元(OECD自行季调),M,IMPORT_FRED_SA,FRED(OECD转载财务省),VALIDATED_MIRROR,,TRADE_OECD_SA,2026-09-05,LATEST_HISTORY_PROXY,PROXY,CURRENT_HISTORY_ONLY_NO_VINTAGE,false,true,true
2012-06-30,2012-06,5974417000000.0,5974417000000.0,日元(OECD自行季调),M,IMPORT_FRED_SA,FRED(OECD转载财务省),VALIDATED_MIRROR,,TRADE_OECD_SA,2026-09-05,LATEST_HISTORY_PROXY,PROXY,CURRENT_HISTORY_ONLY_NO_VINTAGE,false,true,true
2012-07-31,2012-07,5807616000000.0,5807616000000.0,日元(OECD自行季调),M,IMPORT_FRED_SA,FRED(OECD转载财务省),VALIDATED_MIRROR,,TRADE_OECD_SA,2026-09-05,LATEST_HISTORY_PROXY,PROXY,CURRENT_HISTORY_ONLY_NO_VINTAGE,false,true,true
2012-08-31,2012-08,5679787000000.0,5679787000000.0,日元(OECD自行季调),M,IMPORT_FRED_SA,FRED(OECD转载财务省),VALIDATED_MIRROR,,TRADE_OECD_SA,2026-09-05,LATEST_HISTORY_PROXY,PROXY,CURRENT_HISTORY_ONLY_NO_VINTAGE,false,true,true
2012-09-30,2012-09,6189477000000.0,6189477000000.0,日元(OECD自行季调),M,IMPORT_FRED_SA,FRED(OECD转载财务省),VALIDATED_MIRROR,,TRADE_OECD_SA,2026-09-05,LATEST_HISTORY_PROXY,PROXY,CURRENT_HISTORY_ONLY_NO_VINTAGE,false,true,true
2012-10-31,2012-10,5400408000000.0,5400408000000.0,日元(OECD自行季调),M,IMPORT_FRED_SA,FRED(OECD转载财务省),VALIDATED_MIRROR,,TRADE_OECD_SA,2026-09-05,LATEST_HISTORY_PROXY,PROXY,CURRENT_HISTORY_ONLY_NO_VINTAGE,false,true,true
2012-11-30,2012-11,5514580000000.0,5514580000000.0,日元(OECD自行季调),M,IMPORT_FRED_SA,FRED(OECD转载财务省),VALIDATED_MIRROR,,TRADE_OECD_SA,2026-09-05,LATEST_HISTORY_PROXY,PROXY,CURRENT_HISTORY_ONLY_NO_VINTAGE,false,true,true
2012-12-31,2012-12,5823307000000.0,5823307000000.0,日元(OECD自行季调),M,IMPORT_FRED_SA,FRED(OECD转载财务省),VALIDATED_MIRROR,,TRADE_OECD_SA,2026-09-05,LATEST_HISTORY_PROXY,PROXY,CURRENT_HISTORY_ONLY_NO_VINTAGE,false,true,true
2013-01-31,2013-01,5900001000000.0,5900001000000.0,日元(OECD自行季调),M,IMPORT_FRED_SA,FRED(OECD转载财务省),VALIDATED_MIRROR,,TRADE_OECD_SA,2026-09-05,LATEST_HISTORY_PROXY,PROXY,CURRENT_HISTORY_ONLY_NO_VINTAGE,false,true,true
2013-02-28,2013-02,6606822000000.0,6606822000000.0,日元(OECD自行季调),M,IMPORT_FRED_SA,FRED(OECD转载财务省),VALIDATED_MIRROR,,TRADE_OECD_SA,2026-09-05,LATEST_HISTORY_PROXY,PROXY,CURRENT_HISTORY_ONLY_NO_VINTAGE,false,true,true
2013-03-31,2013-03,6832378000000.0,6832378000000.0,日元(OECD自行季调),M,IMPORT_FRED_SA,FRED(OECD转载财务省),VALIDATED_MIRROR,,TRADE_OECD_SA,2026-09-05,LATEST_HISTORY_PROXY,PROXY,CURRENT_HISTORY_ONLY_NO_VINTAGE,false,true,true
2013-04-30,2013-04,6833967000000.0,6833967000000.0,日元(OECD自行季调),M,IMPORT_FRED_SA,FRED(OECD转载财务省),VALIDATED_MIRROR,,TRADE_OECD_SA,2026-09-05,LATEST_HISTORY_PROXY,PROXY,CURRENT_HISTORY_ONLY_NO_VINTAGE,false,true,true
2013-05-31,2013-05,7053317000000.0,7053317000000.0,日元(OECD自行季调),M,IMPORT_FRED_SA,FRED(OECD转载财务省),VALIDATED_MIRROR,,TRADE_OECD_SA,2026-09-05,LATEST_HISTORY_PROXY,PROXY,CURRENT_HISTORY_ONLY_NO_VINTAGE,false,true,true
2013-06-30,2013-06,6829190000000.0,6829190000000.0,日元(OECD自行季调),M,IMPORT_FRED_SA,FRED(OECD转载财务省),VALIDATED_MIRROR,,TRADE_OECD_SA,2026-09-05,LATEST_HISTORY_PROXY,PROXY,CURRENT_HISTORY_ONLY_NO_VINTAGE,false,true,true
2013-07-31,2013-07,6782145000000.0,6782145000000.0,日元(OECD自行季调),M,IMPORT_FRED_SA,FRED(OECD转载财务省),VALIDATED_MIRROR,,TRADE_OECD_SA,2026-09-05,LATEST_HISTORY_PROXY,PROXY,CURRENT_HISTORY_ONLY_NO_VINTAGE,false,true,true
2013-08-31,2013-08,6901228000000.0,6901228000000.0,日元(OECD自行季调),M,IMPORT_FRED_SA,FRED(OECD转载财务省),VALIDATED_MIRROR,,TRADE_OECD_SA,2026-09-05,LATEST_HISTORY_PROXY,PROXY,CURRENT_HISTORY_ONLY_NO_VINTAGE,false,true,true
2013-09-30,2013-09,6711760000000.0,6711760000000.0,日元(OECD自行季调),M,IMPORT_FRED_SA,FRED(OECD转载财务省),VALIDATED_MIRROR,,TRADE_OECD_SA,2026-09-05,LATEST_HISTORY_PROXY,PROXY,CURRENT_HISTORY_ONLY_NO_VINTAGE,false,true,true
2013-10-31,2013-10,6917658000000.0,6917658000000.0,日元(OECD自行季调),M,IMPORT_FRED_SA,FRED(OECD转载财务省),VALIDATED_MIRROR,,TRADE_OECD_SA,2026-09-05,LATEST_HISTORY_PROXY,PROXY,CURRENT_HISTORY_ONLY_NO_VINTAGE,false,true,true
2013-11-30,2013-11,7096046000000.0,7096046000000.0,日元(OECD自行季调),M,IMPORT_FRED_SA,FRED(OECD转载财务省),VALIDATED_MIRROR,,TRADE_OECD_SA,2026-09-05,LATEST_HISTORY_PROXY,PROXY,CURRENT_HISTORY_ONLY_NO_VINTAGE,false,true,true
2013-12-31,2013-12,7038985000000.0,7038985000000.0,日元(OECD自行季调),M,IMPORT_FRED_SA,FRED(OECD转载财务省),VALIDATED_MIRROR,,TRADE_OECD_SA,2026-09-05,LATEST_HISTORY_PROXY,PROXY,CURRENT_HISTORY_ONLY_NO_VINTAGE,false,true,true
2014-01-31,2014-01,7247089000000.0,7247089000000.0,日元(OECD自行季调),M,IMPORT_FRED_SA,FRED(OECD转载财务省),VALIDATED_MIRROR,,TRADE_OECD_SA,2026-09-05,LATEST_HISTORY_PROXY,PROXY,CURRENT_HISTORY_ONLY_NO_VINTAGE,false,true,true
2014-02-28,2014-02,7278177000000.0,7278177000000.0,日元(OECD自行季调),M,IMPORT_FRED_SA,FRED(OECD转载财务省),VALIDATED_MIRROR,,TRADE_OECD_SA,2026-09-05,LATEST_HISTORY_PROXY,PROXY,CURRENT_HISTORY_ONLY_NO_VINTAGE,false,true,true
2014-03-31,2014-03,7919593000000.0,7919593000000.0,日元(OECD自行季调),M,IMPORT_FRED_SA,FRED(OECD转载财务省),VALIDATED_MIRROR,,TRADE_OECD_SA,2026-09-05,LATEST_HISTORY_PROXY,PROXY,CURRENT_HISTORY_ONLY_NO_VINTAGE,false,true,true
2014-04-30,2014-04,7145166000000.0,7145166000000.0,日元(OECD自行季调),M,IMPORT_FRED_SA,FRED(OECD转载财务省),VALIDATED_MIRROR,,TRADE_OECD_SA,2026-09-05,LATEST_HISTORY_PROXY,PROXY,CURRENT_HISTORY_ONLY_NO_VINTAGE,false,true,true
2014-05-31,2014-05,7024706000000.0,7024706000000.0,日元(OECD自行季调),M,IMPORT_FRED_SA,FRED(OECD转载财务省),VALIDATED_MIRROR,,TRADE_OECD_SA,2026-09-05,LATEST_HISTORY_PROXY,PROXY,CURRENT_HISTORY_ONLY_NO_VINTAGE,false,true,true
2014-06-30,2014-06,6892775000000.0,6892775000000.0,日元(OECD自行季调),M,IMPORT_FRED_SA,FRED(OECD转载财务省),VALIDATED_MIRROR,,TRADE_OECD_SA,2026-09-05,LATEST_HISTORY_PROXY,PROXY,CURRENT_HISTORY_ONLY_NO_VINTAGE,false,true,true
2014-07-31,2014-07,7017208000000.0,7017208000000.0,日元(OECD自行季调),M,IMPORT_FRED_SA,FRED(OECD转载财务省),VALIDATED_MIRROR,,TRADE_OECD_SA,2026-09-05,LATEST_HISTORY_PROXY,PROXY,CURRENT_HISTORY_ONLY_NO_VINTAGE,false,true,true
2014-08-31,2014-08,7058919000000.0,7058919000000.0,日元(OECD自行季调),M,IMPORT_FRED_SA,FRED(OECD转载财务省),VALIDATED_MIRROR,,TRADE_OECD_SA,2026-09-05,LATEST_HISTORY_PROXY,PROXY,CURRENT_HISTORY_ONLY_NO_VINTAGE,false,true,true
2014-09-30,2014-09,7226704000000.0,7226704000000.0,日元(OECD自行季调),M,IMPORT_FRED_SA,FRED(OECD转载财务省),VALIDATED_MIRROR,,TRADE_OECD_SA,2026-09-05,LATEST_HISTORY_PROXY,PROXY,CURRENT_HISTORY_ONLY_NO_VINTAGE,false,true,true
2014-10-31,2014-10,7072427000000.0,7072427000000.0,日元(OECD自行季调),M,IMPORT_FRED_SA,FRED(OECD转载财务省),VALIDATED_MIRROR,,TRADE_OECD_SA,2026-09-05,LATEST_HISTORY_PROXY,PROXY,CURRENT_HISTORY_ONLY_NO_VINTAGE,false,true,true
2014-11-30,2014-11,7168702000000.0,7168702000000.0,日元(OECD自行季调),M,IMPORT_FRED_SA,FRED(OECD转载财务省),VALIDATED_MIRROR,,TRADE_OECD_SA,2026-09-05,LATEST_HISTORY_PROXY,PROXY,CURRENT_HISTORY_ONLY_NO_VINTAGE,false,true,true
2014-12-31,2014-12,6919874000000.0,6919874000000.0,日元(OECD自行季调),M,IMPORT_FRED_SA,FRED(OECD转载财务省),VALIDATED_MIRROR,,TRADE_OECD_SA,2026-09-05,LATEST_HISTORY_PROXY,PROXY,CURRENT_HISTORY_ONLY_NO_VINTAGE,false,true,true
2015-01-31,2015-01,6904081000000.0,6904081000000.0,日元(OECD自行季调),M,IMPORT_FRED_SA,FRED(OECD转载财务省),VALIDATED_MIRROR,,TRADE_OECD_SA,2026-09-05,LATEST_HISTORY_PROXY,PROXY,CURRENT_HISTORY_ONLY_NO_VINTAGE,false,true,true
2015-02-28,2015-02,7011284000000.0,7011284000000.0,日元(OECD自行季调),M,IMPORT_FRED_SA,FRED(OECD转载财务省),VALIDATED_MIRROR,,TRADE_OECD_SA,2026-09-05,LATEST_HISTORY_PROXY,PROXY,CURRENT_HISTORY_ONLY_NO_VINTAGE,false,true,true
2015-03-31,2015-03,6487480000000.0,6487480000000.0,日元(OECD自行季调),M,IMPORT_FRED_SA,FRED(OECD转载财务省),VALIDATED_MIRROR,,TRADE_OECD_SA,2026-09-05,LATEST_HISTORY_PROXY,PROXY,CURRENT_HISTORY_ONLY_NO_VINTAGE,false,true,true
2015-04-30,2015-04,6596465000000.0,6596465000000.0,日元(OECD自行季调),M,IMPORT_FRED_SA,FRED(OECD转载财务省),VALIDATED_MIRROR,,TRADE_OECD_SA,2026-09-05,LATEST_HISTORY_PROXY,PROXY,CURRENT_HISTORY_ONLY_NO_VINTAGE,false,true,true
2015-05-31,2015-05,6443266000000.0,6443266000000.0,日元(OECD自行季调),M,IMPORT_FRED_SA,FRED(OECD转载财务省),VALIDATED_MIRROR,,TRADE_OECD_SA,2026-09-05,LATEST_HISTORY_PROXY,PROXY,CURRENT_HISTORY_ONLY_NO_VINTAGE,false,true,true
2015-06-30,2015-06,6746219000000.0,6746219000000.0,日元(OECD自行季调),M,IMPORT_FRED_SA,FRED(OECD转载财务省),VALIDATED_MIRROR,,TRADE_OECD_SA,2026-09-05,LATEST_HISTORY_PROXY,PROXY,CURRENT_HISTORY_ONLY_NO_VINTAGE,false,true,true
2015-07-31,2015-07,6727690000000.0,6727690000000.0,日元(OECD自行季调),M,IMPORT_FRED_SA,FRED(OECD转载财务省),VALIDATED_MIRROR,,TRADE_OECD_SA,2026-09-05,LATEST_HISTORY_PROXY,PROXY,CURRENT_HISTORY_ONLY_NO_VINTAGE,false,true,true
2015-08-31,2015-08,6879171000000.0,6879171000000.0,日元(OECD自行季调),M,IMPORT_FRED_SA,FRED(OECD转载财务省),VALIDATED_MIRROR,,TRADE_OECD_SA,2026-09-05,LATEST_HISTORY_PROXY,PROXY,CURRENT_HISTORY_ONLY_NO_VINTAGE,false,true,true
2015-09-30,2015-09,6617378000000.0,6617378000000.0,日元(OECD自行季调),M,IMPORT_FRED_SA,FRED(OECD转载财务省),VALIDATED_MIRROR,,TRADE_OECD_SA,2026-09-05,LATEST_HISTORY_PROXY,PROXY,CURRENT_HISTORY_ONLY_NO_VINTAGE,false,true,true
2015-10-31,2015-10,6393252000000.0,6393252000000.0,日元(OECD自行季调),M,IMPORT_FRED_SA,FRED(OECD转载财务省),VALIDATED_MIRROR,,TRADE_OECD_SA,2026-09-05,LATEST_HISTORY_PROXY,PROXY,CURRENT_HISTORY_ONLY_NO_VINTAGE,false,true,true
2015-11-30,2015-11,5995203000000.0,5995203000000.0,日元(OECD自行季调),M,IMPORT_FRED_SA,FRED(OECD转载财务省),VALIDATED_MIRROR,,TRADE_OECD_SA,2026-09-05,LATEST_HISTORY_PROXY,PROXY,CURRENT_HISTORY_ONLY_NO_VINTAGE,false,true,true
2015-12-31,2015-12,5669773000000.0,5669773000000.0,日元(OECD自行季调),M,IMPORT_FRED_SA,FRED(OECD转载财务省),VALIDATED_MIRROR,,TRADE_OECD_SA,2026-09-05,LATEST_HISTORY_PROXY,PROXY,CURRENT_HISTORY_ONLY_NO_VINTAGE,false,true,true
2016-01-31,2016-01,5822338000000.0,5822338000000.0,日元(OECD自行季调),M,IMPORT_FRED_SA,FRED(OECD转载财务省),VALIDATED_MIRROR,,TRADE_OECD_SA,2026-09-05,LATEST_HISTORY_PROXY,PROXY,CURRENT_HISTORY_ONLY_NO_VINTAGE,false,true,true
2016-02-29,2016-02,5675441000000.0,5675441000000.0,日元(OECD自行季调),M,IMPORT_FRED_SA,FRED(OECD转载财务省),VALIDATED_MIRROR,,TRADE_OECD_SA,2026-09-05,LATEST_HISTORY_PROXY,PROXY,CURRENT_HISTORY_ONLY_NO_VINTAGE,false,true,true
2016-03-31,2016-03,5420893000000.0,5420893000000.0,日元(OECD自行季调),M,IMPORT_FRED_SA,FRED(OECD转载财务省),VALIDATED_MIRROR,,TRADE_OECD_SA,2026-09-05,LATEST_HISTORY_PROXY,PROXY,CURRENT_HISTORY_ONLY_NO_VINTAGE,false,true,true
2016-04-30,2016-04,5284651000000.0,5284651000000.0,日元(OECD自行季调),M,IMPORT_FRED_SA,FRED(OECD转载财务省),VALIDATED_MIRROR,,TRADE_OECD_SA,2026-09-05,LATEST_HISTORY_PROXY,PROXY,CURRENT_HISTORY_ONLY_NO_VINTAGE,false,true,true
2016-05-31,2016-05,5252952000000.0,5252952000000.0,日元(OECD自行季调),M,IMPORT_FRED_SA,FRED(OECD转载财务省),VALIDATED_MIRROR,,TRADE_OECD_SA,2026-09-05,LATEST_HISTORY_PROXY,PROXY,CURRENT_HISTORY_ONLY_NO_VINTAGE,false,true,true
2016-06-30,2016-06,5499586000000.0,5499586000000.0,日元(OECD自行季调),M,IMPORT_FRED_SA,FRED(OECD转载财务省),VALIDATED_MIRROR,,TRADE_OECD_SA,2026-09-05,LATEST_HISTORY_PROXY,PROXY,CURRENT_HISTORY_ONLY_NO_VINTAGE,false,true,true
2016-07-31,2016-07,5421125000000.0,5421125000000.0,日元(OECD自行季调),M,IMPORT_FRED_SA,FRED(OECD转载财务省),VALIDATED_MIRROR,,TRADE_OECD_SA,2026-09-05,LATEST_HISTORY_PROXY,PROXY,CURRENT_HISTORY_ONLY_NO_VINTAGE,false,true,true
2016-08-31,2016-08,5369255000000.0,5369255000000.0,日元(OECD自行季调),M,IMPORT_FRED_SA,FRED(OECD转载财务省),VALIDATED_MIRROR,,TRADE_OECD_SA,2026-09-05,LATEST_HISTORY_PROXY,PROXY,CURRENT_HISTORY_ONLY_NO_VINTAGE,false,true,true
2016-09-30,2016-09,5379324000000.0,5379324000000.0,日元(OECD自行季调),M,IMPORT_FRED_SA,FRED(OECD转载财务省),VALIDATED_MIRROR,,TRADE_OECD_SA,2026-09-05,LATEST_HISTORY_PROXY,PROXY,CURRENT_HISTORY_ONLY_NO_VINTAGE,false,true,true
2016-10-31,2016-10,5458844000000.0,5458844000000.0,日元(OECD自行季调),M,IMPORT_FRED_SA,FRED(OECD转载财务省),VALIDATED_MIRROR,,TRADE_OECD_SA,2026-09-05,LATEST_HISTORY_PROXY,PROXY,CURRENT_HISTORY_ONLY_NO_VINTAGE,false,true,true
2016-11-30,2016-11,5538292000000.0,5538292000000.0,日元(OECD自行季调),M,IMPORT_FRED_SA,FRED(OECD转载财务省),VALIDATED_MIRROR,,TRADE_OECD_SA,2026-09-05,LATEST_HISTORY_PROXY,PROXY,CURRENT_HISTORY_ONLY_NO_VINTAGE,false,true,true
2016-12-31,2016-12,5668698000000.0,5668698000000.0,日元(OECD自行季调),M,IMPORT_FRED_SA,FRED(OECD转载财务省),VALIDATED_MIRROR,,TRADE_OECD_SA,2026-09-05,LATEST_HISTORY_PROXY,PROXY,CURRENT_HISTORY_ONLY_NO_VINTAGE,false,true,true
2017-01-31,2017-01,6178877000000.0,6178877000000.0,日元(OECD自行季调),M,IMPORT_FRED_SA,FRED(OECD转载财务省),VALIDATED_MIRROR,,TRADE_OECD_SA,2026-09-05,LATEST_HISTORY_PROXY,PROXY,CURRENT_HISTORY_ONLY_NO_VINTAGE,false,true,true
2017-02-28,2017-02,6166799000000.0,6166799000000.0,日元(OECD自行季调),M,IMPORT_FRED_SA,FRED(OECD转载财务省),VALIDATED_MIRROR,,TRADE_OECD_SA,2026-09-05,LATEST_HISTORY_PROXY,PROXY,CURRENT_HISTORY_ONLY_NO_VINTAGE,false,true,true
2017-03-31,2017-03,6241046000000.0,6241046000000.0,日元(OECD自行季调),M,IMPORT_FRED_SA,FRED(OECD转载财务省),VALIDATED_MIRROR,,TRADE_OECD_SA,2026-09-05,LATEST_HISTORY_PROXY,PROXY,CURRENT_HISTORY_ONLY_NO_VINTAGE,false,true,true
2017-04-30,2017-04,6271081000000.0,6271081000000.0,日元(OECD自行季调),M,IMPORT_FRED_SA,FRED(OECD转载财务省),VALIDATED_MIRROR,,TRADE_OECD_SA,2026-09-05,LATEST_HISTORY_PROXY,PROXY,CURRENT_HISTORY_ONLY_NO_VINTAGE,false,true,true
2017-05-31,2017-05,6047073000000.0,6047073000000.0,日元(OECD自行季调),M,IMPORT_FRED_SA,FRED(OECD转载财务省),VALIDATED_MIRROR,,TRADE_OECD_SA,2026-09-05,LATEST_HISTORY_PROXY,PROXY,CURRENT_HISTORY_ONLY_NO_VINTAGE,false,true,true
2017-06-30,2017-06,6324348000000.0,6324348000000.0,日元(OECD自行季调),M,IMPORT_FRED_SA,FRED(OECD转载财务省),VALIDATED_MIRROR,,TRADE_OECD_SA,2026-09-05,LATEST_HISTORY_PROXY,PROXY,CURRENT_HISTORY_ONLY_NO_VINTAGE,false,true,true
2017-07-31,2017-07,6265596000000.0,6265596000000.0,日元(OECD自行季调),M,IMPORT_FRED_SA,FRED(OECD转载财务省),VALIDATED_MIRROR,,TRADE_OECD_SA,2026-09-05,LATEST_HISTORY_PROXY,PROXY,CURRENT_HISTORY_ONLY_NO_VINTAGE,false,true,true
2017-08-31,2017-08,6260830000000.0,6260830000000.0,日元(OECD自行季调),M,IMPORT_FRED_SA,FRED(OECD转载财务省),VALIDATED_MIRROR,,TRADE_OECD_SA,2026-09-05,LATEST_HISTORY_PROXY,PROXY,CURRENT_HISTORY_ONLY_NO_VINTAGE,false,true,true
2017-09-30,2017-09,6393161000000.0,6393161000000.0,日元(OECD自行季调),M,IMPORT_FRED_SA,FRED(OECD转载财务省),VALIDATED_MIRROR,,TRADE_OECD_SA,2026-09-05,LATEST_HISTORY_PROXY,PROXY,CURRENT_HISTORY_ONLY_NO_VINTAGE,false,true,true
2017-10-31,2017-10,6219695000000.0,6219695000000.0,日元(OECD自行季调),M,IMPORT_FRED_SA,FRED(OECD转载财务省),VALIDATED_MIRROR,,TRADE_OECD_SA,2026-09-05,LATEST_HISTORY_PROXY,PROXY,CURRENT_HISTORY_ONLY_NO_VINTAGE,false,true,true
2017-11-30,2017-11,6403711000000.0,6403711000000.0,日元(OECD自行季调),M,IMPORT_FRED_SA,FRED(OECD转载财务省),VALIDATED_MIRROR,,TRADE_OECD_SA,2026-09-05,LATEST_HISTORY_PROXY,PROXY,CURRENT_HISTORY_ONLY_NO_VINTAGE,false,true,true
2017-12-31,2017-12,6701700000000.0,6701700000000.0,日元(OECD自行季调),M,IMPORT_FRED_SA,FRED(OECD转载财务省),VALIDATED_MIRROR,,TRADE_OECD_SA,2026-09-05,LATEST_HISTORY_PROXY,PROXY,CURRENT_HISTORY_ONLY_NO_VINTAGE,false,true,true
2018-01-31,2018-01,6576032000000.0,6576032000000.0,日元(OECD自行季调),M,IMPORT_FRED_SA,FRED(OECD转载财务省),VALIDATED_MIRROR,,TRADE_OECD_SA,2026-09-05,LATEST_HISTORY_PROXY,PROXY,CURRENT_HISTORY_ONLY_NO_VINTAGE,false,true,true
2018-02-28,2018-02,7191213000000.0,7191213000000.0,日元(OECD自行季调),M,IMPORT_FRED_SA,FRED(OECD转载财务省),VALIDATED_MIRROR,,TRADE_OECD_SA,2026-09-05,LATEST_HISTORY_PROXY,PROXY,CURRENT_HISTORY_ONLY_NO_VINTAGE,false,true,true
2018-03-31,2018-03,6529721000000.0,6529721000000.0,日元(OECD自行季调),M,IMPORT_FRED_SA,FRED(OECD转载财务省),VALIDATED_MIRROR,,TRADE_OECD_SA,2026-09-05,LATEST_HISTORY_PROXY,PROXY,CURRENT_HISTORY_ONLY_NO_VINTAGE,false,true,true
2018-04-30,2018-04,6204704000000.0,6204704000000.0,日元(OECD自行季调),M,IMPORT_FRED_SA,FRED(OECD转载财务省),VALIDATED_MIRROR,,TRADE_OECD_SA,2026-09-05,LATEST_HISTORY_PROXY,PROXY,CURRENT_HISTORY_ONLY_NO_VINTAGE,false,true,true
2018-05-31,2018-05,6967907000000.0,6967907000000.0,日元(OECD自行季调),M,IMPORT_FRED_SA,FRED(OECD转载财务省),VALIDATED_MIRROR,,TRADE_OECD_SA,2026-09-05,LATEST_HISTORY_PROXY,PROXY,CURRENT_HISTORY_ONLY_NO_VINTAGE,false,true,true
2018-06-30,2018-06,6850759000000.0,6850759000000.0,日元(OECD自行季调),M,IMPORT_FRED_SA,FRED(OECD转载财务省),VALIDATED_MIRROR,,TRADE_OECD_SA,2026-09-05,LATEST_HISTORY_PROXY,PROXY,CURRENT_HISTORY_ONLY_NO_VINTAGE,false,true,true
2018-07-31,2018-07,6896918000000.0,6896918000000.0,日元(OECD自行季调),M,IMPORT_FRED_SA,FRED(OECD转载财务省),VALIDATED_MIRROR,,TRADE_OECD_SA,2026-09-05,LATEST_HISTORY_PROXY,PROXY,CURRENT_HISTORY_ONLY_NO_VINTAGE,false,true,true
2018-08-31,2018-08,7092153000000.0,7092153000000.0,日元(OECD自行季调),M,IMPORT_FRED_SA,FRED(OECD转载财务省),VALIDATED_MIRROR,,TRADE_OECD_SA,2026-09-05,LATEST_HISTORY_PROXY,PROXY,CURRENT_HISTORY_ONLY_NO_VINTAGE,false,true,true
2018-09-30,2018-09,7003311000000.0,7003311000000.0,日元(OECD自行季调),M,IMPORT_FRED_SA,FRED(OECD转载财务省),VALIDATED_MIRROR,,TRADE_OECD_SA,2026-09-05,LATEST_HISTORY_PROXY,PROXY,CURRENT_HISTORY_ONLY_NO_VINTAGE,false,true,true
2018-10-31,2018-10,7341474000000.0,7341474000000.0,日元(OECD自行季调),M,IMPORT_FRED_SA,FRED(OECD转载财务省),VALIDATED_MIRROR,,TRADE_OECD_SA,2026-09-05,LATEST_HISTORY_PROXY,PROXY,CURRENT_HISTORY_ONLY_NO_VINTAGE,false,true,true
2018-11-30,2018-11,7128704000000.0,7128704000000.0,日元(OECD自行季调),M,IMPORT_FRED_SA,FRED(OECD转载财务省),VALIDATED_MIRROR,,TRADE_OECD_SA,2026-09-05,LATEST_HISTORY_PROXY,PROXY,CURRENT_HISTORY_ONLY_NO_VINTAGE,false,true,true
2018-12-31,2018-12,6830465000000.0,6830465000000.0,日元(OECD自行季调),M,IMPORT_FRED_SA,FRED(OECD转载财务省),VALIDATED_MIRROR,,TRADE_OECD_SA,2026-09-05,LATEST_HISTORY_PROXY,PROXY,CURRENT_HISTORY_ONLY_NO_VINTAGE,false,true,true
2019-01-31,2019-01,6576727000000.0,6576727000000.0,日元(OECD自行季调),M,IMPORT_FRED_SA,FRED(OECD转载财务省),VALIDATED_MIRROR,,TRADE_OECD_SA,2026-09-05,LATEST_HISTORY_PROXY,PROXY,CURRENT_HISTORY_ONLY_NO_VINTAGE,false,true,true
2019-02-28,2019-02,6698167000000.0,6698167000000.0,日元(OECD自行季调),M,IMPORT_FRED_SA,FRED(OECD转载财务省),VALIDATED_MIRROR,,TRADE_OECD_SA,2026-09-05,LATEST_HISTORY_PROXY,PROXY,CURRENT_HISTORY_ONLY_NO_VINTAGE,false,true,true
2019-03-31,2019-03,6812295000000.0,6812295000000.0,日元(OECD自行季调),M,IMPORT_FRED_SA,FRED(OECD转载财务省),VALIDATED_MIRROR,,TRADE_OECD_SA,2026-09-05,LATEST_HISTORY_PROXY,PROXY,CURRENT_HISTORY_ONLY_NO_VINTAGE,false,true,true
2019-04-30,2019-04,6549715000000.0,6549715000000.0,日元(OECD自行季调),M,IMPORT_FRED_SA,FRED(OECD转载财务省),VALIDATED_MIRROR,,TRADE_OECD_SA,2026-09-05,LATEST_HISTORY_PROXY,PROXY,CURRENT_HISTORY_ONLY_NO_VINTAGE,false,true,true
2019-05-31,2019-05,6752030000000.0,6752030000000.0,日元(OECD自行季调),M,IMPORT_FRED_SA,FRED(OECD转载财务省),VALIDATED_MIRROR,,TRADE_OECD_SA,2026-09-05,LATEST_HISTORY_PROXY,PROXY,CURRENT_HISTORY_ONLY_NO_VINTAGE,false,true,true
2019-06-30,2019-06,6642752000000.0,6642752000000.0,日元(OECD自行季调),M,IMPORT_FRED_SA,FRED(OECD转载财务省),VALIDATED_MIRROR,,TRADE_OECD_SA,2026-09-05,LATEST_HISTORY_PROXY,PROXY,CURRENT_HISTORY_ONLY_NO_VINTAGE,false,true,true
2019-07-31,2019-07,6737214000000.0,6737214000000.0,日元(OECD自行季调),M,IMPORT_FRED_SA,FRED(OECD转载财务省),VALIDATED_MIRROR,,TRADE_OECD_SA,2026-09-05,LATEST_HISTORY_PROXY,PROXY,CURRENT_HISTORY_ONLY_NO_VINTAGE,false,true,true
2019-08-31,2019-08,6530047000000.0,6530047000000.0,日元(OECD自行季调),M,IMPORT_FRED_SA,FRED(OECD转载财务省),VALIDATED_MIRROR,,TRADE_OECD_SA,2026-09-05,LATEST_HISTORY_PROXY,PROXY,CURRENT_HISTORY_ONLY_NO_VINTAGE,false,true,true
2019-09-30,2019-09,6444612000000.0,6444612000000.0,日元(OECD自行季调),M,IMPORT_FRED_SA,FRED(OECD转载财务省),VALIDATED_MIRROR,,TRADE_OECD_SA,2026-09-05,LATEST_HISTORY_PROXY,PROXY,CURRENT_HISTORY_ONLY_NO_VINTAGE,false,true,true
2019-10-31,2019-10,6270063000000.0,6270063000000.0,日元(OECD自行季调),M,IMPORT_FRED_SA,FRED(OECD转载财务省),VALIDATED_MIRROR,,TRADE_OECD_SA,2026-09-05,LATEST_HISTORY_PROXY,PROXY,CURRENT_HISTORY_ONLY_NO_VINTAGE,false,true,true
2019-11-30,2019-11,6373071000000.0,6373071000000.0,日元(OECD自行季调),M,IMPORT_FRED_SA,FRED(OECD转载财务省),VALIDATED_MIRROR,,TRADE_OECD_SA,2026-09-05,LATEST_HISTORY_PROXY,PROXY,CURRENT_HISTORY_ONLY_NO_VINTAGE,false,true,true
2019-12-31,2019-12,6311667000000.0,6311667000000.0,日元(OECD自行季调),M,IMPORT_FRED_SA,FRED(OECD转载财务省),VALIDATED_MIRROR,,TRADE_OECD_SA,2026-09-05,LATEST_HISTORY_PROXY,PROXY,CURRENT_HISTORY_ONLY_NO_VINTAGE,false,true,true
2020-01-31,2020-01,6236375000000.0,6236375000000.0,日元(OECD自行季调),M,IMPORT_FRED_SA,FRED(OECD转载财务省),VALIDATED_MIRROR,,TRADE_OECD_SA,2026-09-05,LATEST_HISTORY_PROXY,PROXY,CURRENT_HISTORY_ONLY_NO_VINTAGE,false,true,true
2020-02-29,2020-02,5791578000000.0,5791578000000.0,日元(OECD自行季调),M,IMPORT_FRED_SA,FRED(OECD转载财务省),VALIDATED_MIRROR,,TRADE_OECD_SA,2026-09-05,LATEST_HISTORY_PROXY,PROXY,CURRENT_HISTORY_ONLY_NO_VINTAGE,false,true,true
2020-03-31,2020-03,6206360000000.0,6206360000000.0,日元(OECD自行季调),M,IMPORT_FRED_SA,FRED(OECD转载财务省),VALIDATED_MIRROR,,TRADE_OECD_SA,2026-09-05,LATEST_HISTORY_PROXY,PROXY,CURRENT_HISTORY_ONLY_NO_VINTAGE,false,true,true
2020-04-30,2020-04,6105737000000.0,6105737000000.0,日元(OECD自行季调),M,IMPORT_FRED_SA,FRED(OECD转载财务省),VALIDATED_MIRROR,,TRADE_OECD_SA,2026-09-05,LATEST_HISTORY_PROXY,PROXY,CURRENT_HISTORY_ONLY_NO_VINTAGE,false,true,true
2020-05-31,2020-05,5395682000000.0,5395682000000.0,日元(OECD自行季调),M,IMPORT_FRED_SA,FRED(OECD转载财务省),VALIDATED_MIRROR,,TRADE_OECD_SA,2026-09-05,LATEST_HISTORY_PROXY,PROXY,CURRENT_HISTORY_ONLY_NO_VINTAGE,false,true,true
2020-06-30,2020-06,5297039000000.0,5297039000000.0,日元(OECD自行季调),M,IMPORT_FRED_SA,FRED(OECD转载财务省),VALIDATED_MIRROR,,TRADE_OECD_SA,2026-09-05,LATEST_HISTORY_PROXY,PROXY,CURRENT_HISTORY_ONLY_NO_VINTAGE,false,true,true
2020-07-31,2020-07,5224161000000.0,5224161000000.0,日元(OECD自行季调),M,IMPORT_FRED_SA,FRED(OECD转载财务省),VALIDATED_MIRROR,,TRADE_OECD_SA,2026-09-05,LATEST_HISTORY_PROXY,PROXY,CURRENT_HISTORY_ONLY_NO_VINTAGE,false,true,true
2020-08-31,2020-08,5267030000000.0,5267030000000.0,日元(OECD自行季调),M,IMPORT_FRED_SA,FRED(OECD转载财务省),VALIDATED_MIRROR,,TRADE_OECD_SA,2026-09-05,LATEST_HISTORY_PROXY,PROXY,CURRENT_HISTORY_ONLY_NO_VINTAGE,false,true,true
2020-09-30,2020-09,5403813000000.0,5403813000000.0,日元(OECD自行季调),M,IMPORT_FRED_SA,FRED(OECD转载财务省),VALIDATED_MIRROR,,TRADE_OECD_SA,2026-09-05,LATEST_HISTORY_PROXY,PROXY,CURRENT_HISTORY_ONLY_NO_VINTAGE,false,true,true
2020-10-31,2020-10,5591114000000.0,5591114000000.0,日元(OECD自行季调),M,IMPORT_FRED_SA,FRED(OECD转载财务省),VALIDATED_MIRROR,,TRADE_OECD_SA,2026-09-05,LATEST_HISTORY_PROXY,PROXY,CURRENT_HISTORY_ONLY_NO_VINTAGE,false,true,true
2020-11-30,2020-11,5472057000000.0,5472057000000.0,日元(OECD自行季调),M,IMPORT_FRED_SA,FRED(OECD转载财务省),VALIDATED_MIRROR,,TRADE_OECD_SA,2026-09-05,LATEST_HISTORY_PROXY,PROXY,CURRENT_HISTORY_ONLY_NO_VINTAGE,false,true,true
2020-12-31,2020-12,5664907000000.0,5664907000000.0,日元(OECD自行季调),M,IMPORT_FRED_SA,FRED(OECD转载财务省),VALIDATED_MIRROR,,TRADE_OECD_SA,2026-09-05,LATEST_HISTORY_PROXY,PROXY,CURRENT_HISTORY_ONLY_NO_VINTAGE,false,true,true
2021-01-31,2021-01,6104628000000.0,6104628000000.0,日元(OECD自行季调),M,IMPORT_FRED_SA,FRED(OECD转载财务省),VALIDATED_MIRROR,,TRADE_OECD_SA,2026-09-05,LATEST_HISTORY_PROXY,PROXY,CURRENT_HISTORY_ONLY_NO_VINTAGE,false,true,true
2021-02-28,2021-02,6466443000000.0,6466443000000.0,日元(OECD自行季调),M,IMPORT_FRED_SA,FRED(OECD转载财务省),VALIDATED_MIRROR,,TRADE_OECD_SA,2026-09-05,LATEST_HISTORY_PROXY,PROXY,CURRENT_HISTORY_ONLY_NO_VINTAGE,false,true,true
2021-03-31,2021-03,6566801000000.0,6566801000000.0,日元(OECD自行季调),M,IMPORT_FRED_SA,FRED(OECD转载财务省),VALIDATED_MIRROR,,TRADE_OECD_SA,2026-09-05,LATEST_HISTORY_PROXY,PROXY,CURRENT_HISTORY_ONLY_NO_VINTAGE,false,true,true
2021-04-30,2021-04,6821506000000.0,6821506000000.0,日元(OECD自行季调),M,IMPORT_FRED_SA,FRED(OECD转载财务省),VALIDATED_MIRROR,,TRADE_OECD_SA,2026-09-05,LATEST_HISTORY_PROXY,PROXY,CURRENT_HISTORY_ONLY_NO_VINTAGE,false,true,true
2021-05-31,2021-05,6891526000000.0,6891526000000.0,日元(OECD自行季调),M,IMPORT_FRED_SA,FRED(OECD转载财务省),VALIDATED_MIRROR,,TRADE_OECD_SA,2026-09-05,LATEST_HISTORY_PROXY,PROXY,CURRENT_HISTORY_ONLY_NO_VINTAGE,false,true,true
2021-06-30,2021-06,7148152000000.0,7148152000000.0,日元(OECD自行季调),M,IMPORT_FRED_SA,FRED(OECD转载财务省),VALIDATED_MIRROR,,TRADE_OECD_SA,2026-09-05,LATEST_HISTORY_PROXY,PROXY,CURRENT_HISTORY_ONLY_NO_VINTAGE,false,true,true
2021-07-31,2021-07,6986011000000.0,6986011000000.0,日元(OECD自行季调),M,IMPORT_FRED_SA,FRED(OECD转载财务省),VALIDATED_MIRROR,,TRADE_OECD_SA,2026-09-05,LATEST_HISTORY_PROXY,PROXY,CURRENT_HISTORY_ONLY_NO_VINTAGE,false,true,true
2021-08-31,2021-08,7296590000000.0,7296590000000.0,日元(OECD自行季调),M,IMPORT_FRED_SA,FRED(OECD转载财务省),VALIDATED_MIRROR,,TRADE_OECD_SA,2026-09-05,LATEST_HISTORY_PROXY,PROXY,CURRENT_HISTORY_ONLY_NO_VINTAGE,false,true,true
2021-09-30,2021-09,7351882000000.0,7351882000000.0,日元(OECD自行季调),M,IMPORT_FRED_SA,FRED(OECD转载财务省),VALIDATED_MIRROR,,TRADE_OECD_SA,2026-09-05,LATEST_HISTORY_PROXY,PROXY,CURRENT_HISTORY_ONLY_NO_VINTAGE,false,true,true
2021-10-31,2021-10,7216315000000.0,7216315000000.0,日元(OECD自行季调),M,IMPORT_FRED_SA,FRED(OECD转载财务省),VALIDATED_MIRROR,,TRADE_OECD_SA,2026-09-05,LATEST_HISTORY_PROXY,PROXY,CURRENT_HISTORY_ONLY_NO_VINTAGE,false,true,true
2021-11-30,2021-11,7852939000000.0,7852939000000.0,日元(OECD自行季调),M,IMPORT_FRED_SA,FRED(OECD转载财务省),VALIDATED_MIRROR,,TRADE_OECD_SA,2026-09-05,LATEST_HISTORY_PROXY,PROXY,CURRENT_HISTORY_ONLY_NO_VINTAGE,false,true,true
2021-12-31,2021-12,7951851000000.0,7951851000000.0,日元(OECD自行季调),M,IMPORT_FRED_SA,FRED(OECD转载财务省),VALIDATED_MIRROR,,TRADE_OECD_SA,2026-09-05,LATEST_HISTORY_PROXY,PROXY,CURRENT_HISTORY_ONLY_NO_VINTAGE,false,true,true
2022-01-31,2022-01,8466896000000.001,8466896000000.001,日元(OECD自行季调),M,IMPORT_FRED_SA,FRED(OECD转载财务省),VALIDATED_MIRROR,,TRADE_OECD_SA,2026-09-05,LATEST_HISTORY_PROXY,PROXY,CURRENT_HISTORY_ONLY_NO_VINTAGE,false,true,true
2022-02-28,2022-02,8732549999999.999,8732549999999.999,日元(OECD自行季调),M,IMPORT_FRED_SA,FRED(OECD转载财务省),VALIDATED_MIRROR,,TRADE_OECD_SA,2026-09-05,LATEST_HISTORY_PROXY,PROXY,CURRENT_HISTORY_ONLY_NO_VINTAGE,false,true,true
2022-03-31,2022-03,8794602000000.001,8794602000000.001,日元(OECD自行季调),M,IMPORT_FRED_SA,FRED(OECD转载财务省),VALIDATED_MIRROR,,TRADE_OECD_SA,2026-09-05,LATEST_HISTORY_PROXY,PROXY,CURRENT_HISTORY_ONLY_NO_VINTAGE,false,true,true
2022-04-30,2022-04,9291375000000.0,9291375000000.0,日元(OECD自行季调),M,IMPORT_FRED_SA,FRED(OECD转载财务省),VALIDATED_MIRROR,,TRADE_OECD_SA,2026-09-05,LATEST_HISTORY_PROXY,PROXY,CURRENT_HISTORY_ONLY_NO_VINTAGE,false,true,true
2022-05-31,2022-05,9913217000000.0,9913217000000.0,日元(OECD自行季调),M,IMPORT_FRED_SA,FRED(OECD转载财务省),VALIDATED_MIRROR,,TRADE_OECD_SA,2026-09-05,LATEST_HISTORY_PROXY,PROXY,CURRENT_HISTORY_ONLY_NO_VINTAGE,false,true,true
2022-06-30,2022-06,10207470000000.0,10207470000000.0,日元(OECD自行季调),M,IMPORT_FRED_SA,FRED(OECD转载财务省),VALIDATED_MIRROR,,TRADE_OECD_SA,2026-09-05,LATEST_HISTORY_PROXY,PROXY,CURRENT_HISTORY_ONLY_NO_VINTAGE,false,true,true
2022-07-31,2022-07,10506730000000.0,10506730000000.0,日元(OECD自行季调),M,IMPORT_FRED_SA,FRED(OECD转载财务省),VALIDATED_MIRROR,,TRADE_OECD_SA,2026-09-05,LATEST_HISTORY_PROXY,PROXY,CURRENT_HISTORY_ONLY_NO_VINTAGE,false,true,true
2022-08-31,2022-08,10734330000000.0,10734330000000.0,日元(OECD自行季调),M,IMPORT_FRED_SA,FRED(OECD转载财务省),VALIDATED_MIRROR,,TRADE_OECD_SA,2026-09-05,LATEST_HISTORY_PROXY,PROXY,CURRENT_HISTORY_ONLY_NO_VINTAGE,false,true,true
2022-09-30,2022-09,10581370000000.0,10581370000000.0,日元(OECD自行季调),M,IMPORT_FRED_SA,FRED(OECD转载财务省),VALIDATED_MIRROR,,TRADE_OECD_SA,2026-09-05,LATEST_HISTORY_PROXY,PROXY,CURRENT_HISTORY_ONLY_NO_VINTAGE,false,true,true
2022-10-31,2022-10,11006190000000.0,11006190000000.0,日元(OECD自行季调),M,IMPORT_FRED_SA,FRED(OECD转载财务省),VALIDATED_MIRROR,,TRADE_OECD_SA,2026-09-05,LATEST_HISTORY_PROXY,PROXY,CURRENT_HISTORY_ONLY_NO_VINTAGE,false,true,true
2022-11-30,2022-11,10486260000000.0,10486260000000.0,日元(OECD自行季调),M,IMPORT_FRED_SA,FRED(OECD转载财务省),VALIDATED_MIRROR,,TRADE_OECD_SA,2026-09-05,LATEST_HISTORY_PROXY,PROXY,CURRENT_HISTORY_ONLY_NO_VINTAGE,false,true,true
2022-12-31,2022-12,10152730000000.0,10152730000000.0,日元(OECD自行季调),M,IMPORT_FRED_SA,FRED(OECD转载财务省),VALIDATED_MIRROR,,TRADE_OECD_SA,2026-09-05,LATEST_HISTORY_PROXY,PROXY,CURRENT_HISTORY_ONLY_NO_VINTAGE,false,true,true
2023-01-31,2023-01,9560661000000.0,9560661000000.0,日元(OECD自行季调),M,IMPORT_FRED_SA,FRED(OECD转载财务省),VALIDATED_MIRROR,,TRADE_OECD_SA,2026-09-05,LATEST_HISTORY_PROXY,PROXY,CURRENT_HISTORY_ONLY_NO_VINTAGE,false,true,true
2023-02-28,2023-02,9476949000000.0,9476949000000.0,日元(OECD自行季调),M,IMPORT_FRED_SA,FRED(OECD转载财务省),VALIDATED_MIRROR,,TRADE_OECD_SA,2026-09-05,LATEST_HISTORY_PROXY,PROXY,CURRENT_HISTORY_ONLY_NO_VINTAGE,false,true,true
2023-03-31,2023-03,9271482000000.0,9271482000000.0,日元(OECD自行季调),M,IMPORT_FRED_SA,FRED(OECD转载财务省),VALIDATED_MIRROR,,TRADE_OECD_SA,2026-09-05,LATEST_HISTORY_PROXY,PROXY,CURRENT_HISTORY_ONLY_NO_VINTAGE,false,true,true
2023-04-30,2023-04,9307425000000.0,9307425000000.0,日元(OECD自行季调),M,IMPORT_FRED_SA,FRED(OECD转载财务省),VALIDATED_MIRROR,,TRADE_OECD_SA,2026-09-05,LATEST_HISTORY_PROXY,PROXY,CURRENT_HISTORY_ONLY_NO_VINTAGE,false,true,true
2023-05-31,2023-05,8835647000000.0,8835647000000.0,日元(OECD自行季调),M,IMPORT_FRED_SA,FRED(OECD转载财务省),VALIDATED_MIRROR,,TRADE_OECD_SA,2026-09-05,LATEST_HISTORY_PROXY,PROXY,CURRENT_HISTORY_ONLY_NO_VINTAGE,false,true,true
2023-06-30,2023-06,8731454000000.0,8731454000000.0,日元(OECD自行季调),M,IMPORT_FRED_SA,FRED(OECD转载财务省),VALIDATED_MIRROR,,TRADE_OECD_SA,2026-09-05,LATEST_HISTORY_PROXY,PROXY,CURRENT_HISTORY_ONLY_NO_VINTAGE,false,true,true
2023-07-31,2023-07,8900905000000.0,8900905000000.0,日元(OECD自行季调),M,IMPORT_FRED_SA,FRED(OECD转载财务省),VALIDATED_MIRROR,,TRADE_OECD_SA,2026-09-05,LATEST_HISTORY_PROXY,PROXY,CURRENT_HISTORY_ONLY_NO_VINTAGE,false,true,true
2023-08-31,2023-08,8925065000000.0,8925065000000.0,日元(OECD自行季调),M,IMPORT_FRED_SA,FRED(OECD转载财务省),VALIDATED_MIRROR,,TRADE_OECD_SA,2026-09-05,LATEST_HISTORY_PROXY,PROXY,CURRENT_HISTORY_ONLY_NO_VINTAGE,false,true,true
2023-09-30,2023-09,9377724000000.0,9377724000000.0,日元(OECD自行季调),M,IMPORT_FRED_SA,FRED(OECD转载财务省),VALIDATED_MIRROR,,TRADE_OECD_SA,2026-09-05,LATEST_HISTORY_PROXY,PROXY,CURRENT_HISTORY_ONLY_NO_VINTAGE,false,true,true
2023-10-31,2023-10,9286308000000.0,9286308000000.0,日元(OECD自行季调),M,IMPORT_FRED_SA,FRED(OECD转载财务省),VALIDATED_MIRROR,,TRADE_OECD_SA,2026-09-05,LATEST_HISTORY_PROXY,PROXY,CURRENT_HISTORY_ONLY_NO_VINTAGE,false,true,true
2023-11-30,2023-11,9142967000000.0,9142967000000.0,日元(OECD自行季调),M,IMPORT_FRED_SA,FRED(OECD转载财务省),VALIDATED_MIRROR,,TRADE_OECD_SA,2026-09-05,LATEST_HISTORY_PROXY,PROXY,CURRENT_HISTORY_ONLY_NO_VINTAGE,false,true,true
2023-12-31,2023-12,9706093000000.0,9706093000000.0,日元(OECD自行季调),M,IMPORT_FRED_SA,FRED(OECD转载财务省),VALIDATED_MIRROR,,TRADE_OECD_SA,2026-09-05,LATEST_HISTORY_PROXY,PROXY,CURRENT_HISTORY_ONLY_NO_VINTAGE,false,true,true
2024-01-31,2024-01,8557398999999.999,8557398999999.999,日元(OECD自行季调),M,IMPORT_FRED_SA,FRED(OECD转载财务省),VALIDATED_MIRROR,,TRADE_OECD_SA,2026-09-05,LATEST_HISTORY_PROXY,PROXY,CURRENT_HISTORY_ONLY_NO_VINTAGE,false,true,true
2024-02-29,2024-02,9112926000000.0,9112926000000.0,日元(OECD自行季调),M,IMPORT_FRED_SA,FRED(OECD转载财务省),VALIDATED_MIRROR,,TRADE_OECD_SA,2026-09-05,LATEST_HISTORY_PROXY,PROXY,CURRENT_HISTORY_ONLY_NO_VINTAGE,false,true,true
2024-03-31,2024-03,9467877000000.0,9467877000000.0,日元(OECD自行季调),M,IMPORT_FRED_SA,FRED(OECD转载财务省),VALIDATED_MIRROR,,TRADE_OECD_SA,2026-09-05,LATEST_HISTORY_PROXY,PROXY,CURRENT_HISTORY_ONLY_NO_VINTAGE,false,true,true
2024-04-30,2024-04,9394409000000.0,9394409000000.0,日元(OECD自行季调),M,IMPORT_FRED_SA,FRED(OECD转载财务省),VALIDATED_MIRROR,,TRADE_OECD_SA,2026-09-05,LATEST_HISTORY_PROXY,PROXY,CURRENT_HISTORY_ONLY_NO_VINTAGE,false,true,true
2024-05-31,2024-05,9617192000000.0,9617192000000.0,日元(OECD自行季调),M,IMPORT_FRED_SA,FRED(OECD转载财务省),VALIDATED_MIRROR,,TRADE_OECD_SA,2026-09-05,LATEST_HISTORY_PROXY,PROXY,CURRENT_HISTORY_ONLY_NO_VINTAGE,false,true,true
2024-06-30,2024-06,9771310000000.0,9771310000000.0,日元(OECD自行季调),M,IMPORT_FRED_SA,FRED(OECD转载财务省),VALIDATED_MIRROR,,TRADE_OECD_SA,2026-09-05,LATEST_HISTORY_PROXY,PROXY,CURRENT_HISTORY_ONLY_NO_VINTAGE,false,true,true
2024-07-31,2024-07,9789589000000.0,9789589000000.0,日元(OECD自行季调),M,IMPORT_FRED_SA,FRED(OECD转载财务省),VALIDATED_MIRROR,,TRADE_OECD_SA,2026-09-05,LATEST_HISTORY_PROXY,PROXY,CURRENT_HISTORY_ONLY_NO_VINTAGE,false,true,true
2024-08-31,2024-08,9445671000000.0,9445671000000.0,日元(OECD自行季调),M,IMPORT_FRED_SA,FRED(OECD转载财务省),VALIDATED_MIRROR,,TRADE_OECD_SA,2026-09-05,LATEST_HISTORY_PROXY,PROXY,CURRENT_HISTORY_ONLY_NO_VINTAGE,false,true,true
2024-09-30,2024-09,9187714000000.0,9187714000000.0,日元(OECD自行季调),M,IMPORT_FRED_SA,FRED(OECD转载财务省),VALIDATED_MIRROR,,TRADE_OECD_SA,2026-09-05,LATEST_HISTORY_PROXY,PROXY,CURRENT_HISTORY_ONLY_NO_VINTAGE,false,true,true
2024-10-31,2024-10,9365973000000.0,9365973000000.0,日元(OECD自行季调),M,IMPORT_FRED_SA,FRED(OECD转载财务省),VALIDATED_MIRROR,,TRADE_OECD_SA,2026-09-05,LATEST_HISTORY_PROXY,PROXY,CURRENT_HISTORY_ONLY_NO_VINTAGE,false,true,true
2024-11-30,2024-11,9232171000000.0,9232171000000.0,日元(OECD自行季调),M,IMPORT_FRED_SA,FRED(OECD转载财务省),VALIDATED_MIRROR,,TRADE_OECD_SA,2026-09-05,LATEST_HISTORY_PROXY,PROXY,CURRENT_HISTORY_ONLY_NO_VINTAGE,false,true,true
2024-12-31,2024-12,9376514000000.0,9376514000000.0,日元(OECD自行季调),M,IMPORT_FRED_SA,FRED(OECD转载财务省),VALIDATED_MIRROR,,TRADE_OECD_SA,2026-09-05,LATEST_HISTORY_PROXY,PROXY,CURRENT_HISTORY_ONLY_NO_VINTAGE,false,true,true
2025-01-31,2025-01,9877386000000.0,9877386000000.0,日元(OECD自行季调),M,IMPORT_FRED_SA,FRED(OECD转载财务省),VALIDATED_MIRROR,,TRADE_OECD_SA,2026-09-05,LATEST_HISTORY_PROXY,PROXY,CURRENT_HISTORY_ONLY_NO_VINTAGE,false,true,true
2025-02-28,2025-02,9515255000000.0,9515255000000.0,日元(OECD自行季调),M,IMPORT_FRED_SA,FRED(OECD转载财务省),VALIDATED_MIRROR,,TRADE_OECD_SA,2026-09-05,LATEST_HISTORY_PROXY,PROXY,CURRENT_HISTORY_ONLY_NO_VINTAGE,false,true,true
2025-03-31,2025-03,9556417000000.0,9556417000000.0,日元(OECD自行季调),M,IMPORT_FRED_SA,FRED(OECD转载财务省),VALIDATED_MIRROR,,TRADE_OECD_SA,2026-09-05,LATEST_HISTORY_PROXY,PROXY,CURRENT_HISTORY_ONLY_NO_VINTAGE,false,true,true
2025-04-30,2025-04,9403855000000.0,9403855000000.0,日元(OECD自行季调),M,IMPORT_FRED_SA,FRED(OECD转载财务省),VALIDATED_MIRROR,,TRADE_OECD_SA,2026-09-05,LATEST_HISTORY_PROXY,PROXY,CURRENT_HISTORY_ONLY_NO_VINTAGE,false,true,true
2025-05-31,2025-05,9326061000000.0,9326061000000.0,日元(OECD自行季调),M,IMPORT_FRED_SA,FRED(OECD转载财务省),VALIDATED_MIRROR,,TRADE_OECD_SA,2026-09-05,LATEST_HISTORY_PROXY,PROXY,CURRENT_HISTORY_ONLY_NO_VINTAGE,false,true,true
2025-06-30,2025-06,9181416000000.0,9181416000000.0,日元(OECD自行季调),M,IMPORT_FRED_SA,FRED(OECD转载财务省),VALIDATED_MIRROR,,TRADE_OECD_SA,2026-09-05,LATEST_HISTORY_PROXY,PROXY,CURRENT_HISTORY_ONLY_NO_VINTAGE,false,true,true
2025-07-31,2025-07,9134930000000.0,9134930000000.0,日元(OECD自行季调),M,IMPORT_FRED_SA,FRED(OECD转载财务省),VALIDATED_MIRROR,,TRADE_OECD_SA,2026-09-05,LATEST_HISTORY_PROXY,PROXY,CURRENT_HISTORY_ONLY_NO_VINTAGE,false,true,true
2025-08-31,2025-08,9198502000000.0,9198502000000.0,日元(OECD自行季调),M,IMPORT_FRED_SA,FRED(OECD转载财务省),VALIDATED_MIRROR,,TRADE_OECD_SA,2026-09-05,LATEST_HISTORY_PROXY,PROXY,CURRENT_HISTORY_ONLY_NO_VINTAGE,false,true,true
2025-09-30,2025-09,9446548000000.0,9446548000000.0,日元(OECD自行季调),M,IMPORT_FRED_SA,FRED(OECD转载财务省),VALIDATED_MIRROR,,TRADE_OECD_SA,2026-09-05,LATEST_HISTORY_PROXY,PROXY,CURRENT_HISTORY_ONLY_NO_VINTAGE,false,true,true
2025-10-31,2025-10,9323947000000.0,9323947000000.0,日元(OECD自行季调),M,IMPORT_FRED_SA,FRED(OECD转载财务省),VALIDATED_MIRROR,,TRADE_OECD_SA,2026-09-05,LATEST_HISTORY_PROXY,PROXY,CURRENT_HISTORY_ONLY_NO_VINTAGE,false,true,true
2025-11-30,2025-11,9616335000000.0,9616335000000.0,日元(OECD自行季调),M,IMPORT_FRED_SA,FRED(OECD转载财务省),VALIDATED_MIRROR,,TRADE_OECD_SA,2026-09-05,LATEST_HISTORY_PROXY,PROXY,CURRENT_HISTORY_ONLY_NO_VINTAGE,false,true,true
2025-12-31,2025-12,9709883000000.0,9709883000000.0,日元(OECD自行季调),M,IMPORT_FRED_SA,FRED(OECD转载财务省),VALIDATED_MIRROR,,TRADE_OECD_SA,2026-09-05,LATEST_HISTORY_PROXY,PROXY,CURRENT_HISTORY_ONLY_NO_VINTAGE,false,true,true
2026-01-31,2026-01,10079750000000.0,10079750000000.0,日元(OECD自行季调),M,IMPORT_FRED_SA,FRED(OECD转载财务省),VALIDATED_MIRROR,,TRADE_OECD_SA,2026-09-05,LATEST_HISTORY_PROXY,PROXY,CURRENT_HISTORY_ONLY_NO_VINTAGE,false,true,true
2026-02-28,2026-02,10467010000000.0,10467010000000.0,日元(OECD自行季调),M,IMPORT_FRED_SA,FRED(OECD转载财务省),VALIDATED_MIRROR,,TRADE_OECD_SA,2026-09-05,LATEST_HISTORY_PROXY,PROXY,CURRENT_HISTORY_ONLY_NO_VINTAGE,false,true,true
2026-03-31,2026-03,10144560000000.0,10144560000000.0,日元(OECD自行季调),M,IMPORT_FRED_SA,FRED(OECD转载财务省),VALIDATED_MIRROR,,TRADE_OECD_SA,2026-09-05,LATEST_HISTORY_PROXY,PROXY,CURRENT_HISTORY_ONLY_NO_VINTAGE,false,true,true
2026-04-30,2026-04,10185720000000.0,10185720000000.0,日元(OECD自行季调),M,IMPORT_FRED_SA,FRED(OECD转载财务省),VALIDATED_MIRROR,,TRADE_OECD_SA,2026-09-05,LATEST_HISTORY_PROXY,PROXY,CURRENT_HISTORY_ONLY_NO_VINTAGE,false,true,true
2026-05-31,2026-05,10723940000000.0,10723940000000.0,日元(OECD自行季调),M,IMPORT_FRED_SA,FRED(OECD转载财务省),VALIDATED_MIRROR,,TRADE_OECD_SA,2026-09-05,LATEST_HISTORY_PROXY,PROXY,CURRENT_HISTORY_ONLY_NO_VINTAGE,false,true,true
2026-06-30,2026-06,11435370000000.0,11435370000000.0,日元(OECD自行季调),M,IMPORT_FRED_SA,FRED(OECD转载财务省),VALIDATED_MIRROR,,TRADE_OECD_SA,2026-09-05,LATEST_HISTORY_PROXY,PROXY,CURRENT_HISTORY_ONLY_NO_VINTAGE,false,true,true
