date,period,value,value_raw,unit,freq,source,provider,source_type,definition_regime,note,value_available_date,vintage_type,release_rule_status,vintage_evidence,historical_realtime_eligible,post_vad_eligible,source_validity_eligible
1970-01-31,1970-01,26.700,26.700,2025=100指数,M,CPI2025_EXRENT,总务省(e-Stat),OFFICIAL_CANONICAL,CPI2025BASE,linked level RETROSPECTIVE_REBASE,2026-08-21,RETROSPECTIVE_REBASE,VERIFIED,ARCHIVED_RELEASE_20260821,false,true,true
1970-02-28,1970-02,26.900,26.900,2025=100指数,M,CPI2025_EXRENT,总务省(e-Stat),OFFICIAL_CANONICAL,CPI2025BASE,linked level RETROSPECTIVE_REBASE,2026-08-21,RETROSPECTIVE_REBASE,VERIFIED,ARCHIVED_RELEASE_20260821,false,true,true
1970-03-31,1970-03,27.100,27.100,2025=100指数,M,CPI2025_EXRENT,总务省(e-Stat),OFFICIAL_CANONICAL,CPI2025BASE,linked level RETROSPECTIVE_REBASE,2026-08-21,RETROSPECTIVE_REBASE,VERIFIED,ARCHIVED_RELEASE_20260821,false,true,true
1970-04-30,1970-04,27.300,27.300,2025=100指数,M,CPI2025_EXRENT,总务省(e-Stat),OFFICIAL_CANONICAL,CPI2025BASE,linked level RETROSPECTIVE_REBASE,2026-08-21,RETROSPECTIVE_REBASE,VERIFIED,ARCHIVED_RELEASE_20260821,false,true,true
1970-05-31,1970-05,27.300,27.300,2025=100指数,M,CPI2025_EXRENT,总务省(e-Stat),OFFICIAL_CANONICAL,CPI2025BASE,linked level RETROSPECTIVE_REBASE,2026-08-21,RETROSPECTIVE_REBASE,VERIFIED,ARCHIVED_RELEASE_20260821,false,true,true
1970-06-30,1970-06,27.200,27.200,2025=100指数,M,CPI2025_EXRENT,总务省(e-Stat),OFFICIAL_CANONICAL,CPI2025BASE,linked level RETROSPECTIVE_REBASE,2026-08-21,RETROSPECTIVE_REBASE,VERIFIED,ARCHIVED_RELEASE_20260821,false,true,true
1970-07-31,1970-07,27.100,27.100,2025=100指数,M,CPI2025_EXRENT,总务省(e-Stat),OFFICIAL_CANONICAL,CPI2025BASE,linked level RETROSPECTIVE_REBASE,2026-08-21,RETROSPECTIVE_REBASE,VERIFIED,ARCHIVED_RELEASE_20260821,false,true,true
1970-08-31,1970-08,27.000,27.000,2025=100指数,M,CPI2025_EXRENT,总务省(e-Stat),OFFICIAL_CANONICAL,CPI2025BASE,linked level RETROSPECTIVE_REBASE,2026-08-21,RETROSPECTIVE_REBASE,VERIFIED,ARCHIVED_RELEASE_20260821,false,true,true
1970-09-30,1970-09,27.600,27.600,2025=100指数,M,CPI2025_EXRENT,总务省(e-Stat),OFFICIAL_CANONICAL,CPI2025BASE,linked level RETROSPECTIVE_REBASE,2026-08-21,RETROSPECTIVE_REBASE,VERIFIED,ARCHIVED_RELEASE_20260821,false,true,true
1970-10-31,1970-10,28.000,28.000,2025=100指数,M,CPI2025_EXRENT,总务省(e-Stat),OFFICIAL_CANONICAL,CPI2025BASE,linked level RETROSPECTIVE_REBASE,2026-08-21,RETROSPECTIVE_REBASE,VERIFIED,ARCHIVED_RELEASE_20260821,false,true,true
1970-11-30,1970-11,28.000,28.000,2025=100指数,M,CPI2025_EXRENT,总务省(e-Stat),OFFICIAL_CANONICAL,CPI2025BASE,linked level RETROSPECTIVE_REBASE,2026-08-21,RETROSPECTIVE_REBASE,VERIFIED,ARCHIVED_RELEASE_20260821,false,true,true
1970-12-31,1970-12,28.100,28.100,2025=100指数,M,CPI2025_EXRENT,总务省(e-Stat),OFFICIAL_CANONICAL,CPI2025BASE,linked level RETROSPECTIVE_REBASE,2026-08-21,RETROSPECTIVE_REBASE,VERIFIED,ARCHIVED_RELEASE_20260821,false,true,true
1971-01-31,1971-01,28.400,28.400,2025=100指数,M,CPI2025_EXRENT,总务省(e-Stat),OFFICIAL_CANONICAL,CPI2025BASE,linked level RETROSPECTIVE_REBASE,2026-08-21,RETROSPECTIVE_REBASE,VERIFIED,ARCHIVED_RELEASE_20260821,false,true,true
1971-02-28,1971-02,28.400,28.400,2025=100指数,M,CPI2025_EXRENT,总务省(e-Stat),OFFICIAL_CANONICAL,CPI2025BASE,linked level RETROSPECTIVE_REBASE,2026-08-21,RETROSPECTIVE_REBASE,VERIFIED,ARCHIVED_RELEASE_20260821,false,true,true
1971-03-31,1971-03,28.500,28.500,2025=100指数,M,CPI2025_EXRENT,总务省(e-Stat),OFFICIAL_CANONICAL,CPI2025BASE,linked level RETROSPECTIVE_REBASE,2026-08-21,RETROSPECTIVE_REBASE,VERIFIED,ARCHIVED_RELEASE_20260821,false,true,true
1971-04-30,1971-04,28.900,28.900,2025=100指数,M,CPI2025_EXRENT,总务省(e-Stat),OFFICIAL_CANONICAL,CPI2025BASE,linked level RETROSPECTIVE_REBASE,2026-08-21,RETROSPECTIVE_REBASE,VERIFIED,ARCHIVED_RELEASE_20260821,false,true,true
1971-05-31,1971-05,28.900,28.900,2025=100指数,M,CPI2025_EXRENT,总务省(e-Stat),OFFICIAL_CANONICAL,CPI2025BASE,linked level RETROSPECTIVE_REBASE,2026-08-21,RETROSPECTIVE_REBASE,VERIFIED,ARCHIVED_RELEASE_20260821,false,true,true
1971-06-30,1971-06,29.000,29.000,2025=100指数,M,CPI2025_EXRENT,总务省(e-Stat),OFFICIAL_CANONICAL,CPI2025BASE,linked level RETROSPECTIVE_REBASE,2026-08-21,RETROSPECTIVE_REBASE,VERIFIED,ARCHIVED_RELEASE_20260821,false,true,true
1971-07-31,1971-07,29.000,29.000,2025=100指数,M,CPI2025_EXRENT,总务省(e-Stat),OFFICIAL_CANONICAL,CPI2025BASE,linked level RETROSPECTIVE_REBASE,2026-08-21,RETROSPECTIVE_REBASE,VERIFIED,ARCHIVED_RELEASE_20260821,false,true,true
1971-08-31,1971-08,29.000,29.000,2025=100指数,M,CPI2025_EXRENT,总务省(e-Stat),OFFICIAL_CANONICAL,CPI2025BASE,linked level RETROSPECTIVE_REBASE,2026-08-21,RETROSPECTIVE_REBASE,VERIFIED,ARCHIVED_RELEASE_20260821,false,true,true
1971-09-30,1971-09,29.700,29.700,2025=100指数,M,CPI2025_EXRENT,总务省(e-Stat),OFFICIAL_CANONICAL,CPI2025BASE,linked level RETROSPECTIVE_REBASE,2026-08-21,RETROSPECTIVE_REBASE,VERIFIED,ARCHIVED_RELEASE_20260821,false,true,true
1971-10-31,1971-10,29.800,29.800,2025=100指数,M,CPI2025_EXRENT,总务省(e-Stat),OFFICIAL_CANONICAL,CPI2025BASE,linked level RETROSPECTIVE_REBASE,2026-08-21,RETROSPECTIVE_REBASE,VERIFIED,ARCHIVED_RELEASE_20260821,false,true,true
1971-11-30,1971-11,29.500,29.500,2025=100指数,M,CPI2025_EXRENT,总务省(e-Stat),OFFICIAL_CANONICAL,CPI2025BASE,linked level RETROSPECTIVE_REBASE,2026-08-21,RETROSPECTIVE_REBASE,VERIFIED,ARCHIVED_RELEASE_20260821,false,true,true
1971-12-31,1971-12,29.500,29.500,2025=100指数,M,CPI2025_EXRENT,总务省(e-Stat),OFFICIAL_CANONICAL,CPI2025BASE,linked level RETROSPECTIVE_REBASE,2026-08-21,RETROSPECTIVE_REBASE,VERIFIED,ARCHIVED_RELEASE_20260821,false,true,true
1972-01-31,1972-01,29.600,29.600,2025=100指数,M,CPI2025_EXRENT,总务省(e-Stat),OFFICIAL_CANONICAL,CPI2025BASE,linked level RETROSPECTIVE_REBASE,2026-08-21,RETROSPECTIVE_REBASE,VERIFIED,ARCHIVED_RELEASE_20260821,false,true,true
1972-02-29,1972-02,29.600,29.600,2025=100指数,M,CPI2025_EXRENT,总务省(e-Stat),OFFICIAL_CANONICAL,CPI2025BASE,linked level RETROSPECTIVE_REBASE,2026-08-21,RETROSPECTIVE_REBASE,VERIFIED,ARCHIVED_RELEASE_20260821,false,true,true
1972-03-31,1972-03,29.900,29.900,2025=100指数,M,CPI2025_EXRENT,总务省(e-Stat),OFFICIAL_CANONICAL,CPI2025BASE,linked level RETROSPECTIVE_REBASE,2026-08-21,RETROSPECTIVE_REBASE,VERIFIED,ARCHIVED_RELEASE_20260821,false,true,true
1972-04-30,1972-04,30.100,30.100,2025=100指数,M,CPI2025_EXRENT,总务省(e-Stat),OFFICIAL_CANONICAL,CPI2025BASE,linked level RETROSPECTIVE_REBASE,2026-08-21,RETROSPECTIVE_REBASE,VERIFIED,ARCHIVED_RELEASE_20260821,false,true,true
1972-05-31,1972-05,30.300,30.300,2025=100指数,M,CPI2025_EXRENT,总务省(e-Stat),OFFICIAL_CANONICAL,CPI2025BASE,linked level RETROSPECTIVE_REBASE,2026-08-21,RETROSPECTIVE_REBASE,VERIFIED,ARCHIVED_RELEASE_20260821,false,true,true
1972-06-30,1972-06,30.300,30.300,2025=100指数,M,CPI2025_EXRENT,总务省(e-Stat),OFFICIAL_CANONICAL,CPI2025BASE,linked level RETROSPECTIVE_REBASE,2026-08-21,RETROSPECTIVE_REBASE,VERIFIED,ARCHIVED_RELEASE_20260821,false,true,true
1972-07-31,1972-07,30.300,30.300,2025=100指数,M,CPI2025_EXRENT,总务省(e-Stat),OFFICIAL_CANONICAL,CPI2025BASE,linked level RETROSPECTIVE_REBASE,2026-08-21,RETROSPECTIVE_REBASE,VERIFIED,ARCHIVED_RELEASE_20260821,false,true,true
1972-08-31,1972-08,30.600,30.600,2025=100指数,M,CPI2025_EXRENT,总务省(e-Stat),OFFICIAL_CANONICAL,CPI2025BASE,linked level RETROSPECTIVE_REBASE,2026-08-21,RETROSPECTIVE_REBASE,VERIFIED,ARCHIVED_RELEASE_20260821,false,true,true
1972-09-30,1972-09,30.700,30.700,2025=100指数,M,CPI2025_EXRENT,总务省(e-Stat),OFFICIAL_CANONICAL,CPI2025BASE,linked level RETROSPECTIVE_REBASE,2026-08-21,RETROSPECTIVE_REBASE,VERIFIED,ARCHIVED_RELEASE_20260821,false,true,true
1972-10-31,1972-10,31.000,31.000,2025=100指数,M,CPI2025_EXRENT,总务省(e-Stat),OFFICIAL_CANONICAL,CPI2025BASE,linked level RETROSPECTIVE_REBASE,2026-08-21,RETROSPECTIVE_REBASE,VERIFIED,ARCHIVED_RELEASE_20260821,false,true,true
1972-11-30,1972-11,30.800,30.800,2025=100指数,M,CPI2025_EXRENT,总务省(e-Stat),OFFICIAL_CANONICAL,CPI2025BASE,linked level RETROSPECTIVE_REBASE,2026-08-21,RETROSPECTIVE_REBASE,VERIFIED,ARCHIVED_RELEASE_20260821,false,true,true
1972-12-31,1972-12,31.000,31.000,2025=100指数,M,CPI2025_EXRENT,总务省(e-Stat),OFFICIAL_CANONICAL,CPI2025BASE,linked level RETROSPECTIVE_REBASE,2026-08-21,RETROSPECTIVE_REBASE,VERIFIED,ARCHIVED_RELEASE_20260821,false,true,true
1973-01-31,1973-01,31.300,31.300,2025=100指数,M,CPI2025_EXRENT,总务省(e-Stat),OFFICIAL_CANONICAL,CPI2025BASE,linked level RETROSPECTIVE_REBASE,2026-08-21,RETROSPECTIVE_REBASE,VERIFIED,ARCHIVED_RELEASE_20260821,false,true,true
1973-02-28,1973-02,31.600,31.600,2025=100指数,M,CPI2025_EXRENT,总务省(e-Stat),OFFICIAL_CANONICAL,CPI2025BASE,linked level RETROSPECTIVE_REBASE,2026-08-21,RETROSPECTIVE_REBASE,VERIFIED,ARCHIVED_RELEASE_20260821,false,true,true
1973-03-31,1973-03,32.400,32.400,2025=100指数,M,CPI2025_EXRENT,总务省(e-Stat),OFFICIAL_CANONICAL,CPI2025BASE,linked level RETROSPECTIVE_REBASE,2026-08-21,RETROSPECTIVE_REBASE,VERIFIED,ARCHIVED_RELEASE_20260821,false,true,true
1973-04-30,1973-04,33.000,33.000,2025=100指数,M,CPI2025_EXRENT,总务省(e-Stat),OFFICIAL_CANONICAL,CPI2025BASE,linked level RETROSPECTIVE_REBASE,2026-08-21,RETROSPECTIVE_REBASE,VERIFIED,ARCHIVED_RELEASE_20260821,false,true,true
1973-05-31,1973-05,33.600,33.600,2025=100指数,M,CPI2025_EXRENT,总务省(e-Stat),OFFICIAL_CANONICAL,CPI2025BASE,linked level RETROSPECTIVE_REBASE,2026-08-21,RETROSPECTIVE_REBASE,VERIFIED,ARCHIVED_RELEASE_20260821,false,true,true
1973-06-30,1973-06,33.700,33.700,2025=100指数,M,CPI2025_EXRENT,总务省(e-Stat),OFFICIAL_CANONICAL,CPI2025BASE,linked level RETROSPECTIVE_REBASE,2026-08-21,RETROSPECTIVE_REBASE,VERIFIED,ARCHIVED_RELEASE_20260821,false,true,true
1973-07-31,1973-07,33.900,33.900,2025=100指数,M,CPI2025_EXRENT,总务省(e-Stat),OFFICIAL_CANONICAL,CPI2025BASE,linked level RETROSPECTIVE_REBASE,2026-08-21,RETROSPECTIVE_REBASE,VERIFIED,ARCHIVED_RELEASE_20260821,false,true,true
1973-08-31,1973-08,34.200,34.200,2025=100指数,M,CPI2025_EXRENT,总务省(e-Stat),OFFICIAL_CANONICAL,CPI2025BASE,linked level RETROSPECTIVE_REBASE,2026-08-21,RETROSPECTIVE_REBASE,VERIFIED,ARCHIVED_RELEASE_20260821,false,true,true
1973-09-30,1973-09,35.300,35.300,2025=100指数,M,CPI2025_EXRENT,总务省(e-Stat),OFFICIAL_CANONICAL,CPI2025BASE,linked level RETROSPECTIVE_REBASE,2026-08-21,RETROSPECTIVE_REBASE,VERIFIED,ARCHIVED_RELEASE_20260821,false,true,true
1973-10-31,1973-10,35.300,35.300,2025=100指数,M,CPI2025_EXRENT,总务省(e-Stat),OFFICIAL_CANONICAL,CPI2025BASE,linked level RETROSPECTIVE_REBASE,2026-08-21,RETROSPECTIVE_REBASE,VERIFIED,ARCHIVED_RELEASE_20260821,false,true,true
1973-11-30,1973-11,35.700,35.700,2025=100指数,M,CPI2025_EXRENT,总务省(e-Stat),OFFICIAL_CANONICAL,CPI2025BASE,linked level RETROSPECTIVE_REBASE,2026-08-21,RETROSPECTIVE_REBASE,VERIFIED,ARCHIVED_RELEASE_20260821,false,true,true
1973-12-31,1973-12,37.000,37.000,2025=100指数,M,CPI2025_EXRENT,总务省(e-Stat),OFFICIAL_CANONICAL,CPI2025BASE,linked level RETROSPECTIVE_REBASE,2026-08-21,RETROSPECTIVE_REBASE,VERIFIED,ARCHIVED_RELEASE_20260821,false,true,true
1974-01-31,1974-01,38.600,38.600,2025=100指数,M,CPI2025_EXRENT,总务省(e-Stat),OFFICIAL_CANONICAL,CPI2025BASE,linked level RETROSPECTIVE_REBASE,2026-08-21,RETROSPECTIVE_REBASE,VERIFIED,ARCHIVED_RELEASE_20260821,false,true,true
1974-02-28,1974-02,39.900,39.900,2025=100指数,M,CPI2025_EXRENT,总务省(e-Stat),OFFICIAL_CANONICAL,CPI2025BASE,linked level RETROSPECTIVE_REBASE,2026-08-21,RETROSPECTIVE_REBASE,VERIFIED,ARCHIVED_RELEASE_20260821,false,true,true
1974-03-31,1974-03,40.200,40.200,2025=100指数,M,CPI2025_EXRENT,总务省(e-Stat),OFFICIAL_CANONICAL,CPI2025BASE,linked level RETROSPECTIVE_REBASE,2026-08-21,RETROSPECTIVE_REBASE,VERIFIED,ARCHIVED_RELEASE_20260821,false,true,true
1974-04-30,1974-04,41.300,41.300,2025=100指数,M,CPI2025_EXRENT,总务省(e-Stat),OFFICIAL_CANONICAL,CPI2025BASE,linked level RETROSPECTIVE_REBASE,2026-08-21,RETROSPECTIVE_REBASE,VERIFIED,ARCHIVED_RELEASE_20260821,false,true,true
1974-05-31,1974-05,41.400,41.400,2025=100指数,M,CPI2025_EXRENT,总务省(e-Stat),OFFICIAL_CANONICAL,CPI2025BASE,linked level RETROSPECTIVE_REBASE,2026-08-21,RETROSPECTIVE_REBASE,VERIFIED,ARCHIVED_RELEASE_20260821,false,true,true
1974-06-30,1974-06,41.600,41.600,2025=100指数,M,CPI2025_EXRENT,总务省(e-Stat),OFFICIAL_CANONICAL,CPI2025BASE,linked level RETROSPECTIVE_REBASE,2026-08-21,RETROSPECTIVE_REBASE,VERIFIED,ARCHIVED_RELEASE_20260821,false,true,true
1974-07-31,1974-07,42.400,42.400,2025=100指数,M,CPI2025_EXRENT,总务省(e-Stat),OFFICIAL_CANONICAL,CPI2025BASE,linked level RETROSPECTIVE_REBASE,2026-08-21,RETROSPECTIVE_REBASE,VERIFIED,ARCHIVED_RELEASE_20260821,false,true,true
1974-08-31,1974-08,42.900,42.900,2025=100指数,M,CPI2025_EXRENT,总务省(e-Stat),OFFICIAL_CANONICAL,CPI2025BASE,linked level RETROSPECTIVE_REBASE,2026-08-21,RETROSPECTIVE_REBASE,VERIFIED,ARCHIVED_RELEASE_20260821,false,true,true
1974-09-30,1974-09,43.600,43.600,2025=100指数,M,CPI2025_EXRENT,总务省(e-Stat),OFFICIAL_CANONICAL,CPI2025BASE,linked level RETROSPECTIVE_REBASE,2026-08-21,RETROSPECTIVE_REBASE,VERIFIED,ARCHIVED_RELEASE_20260821,false,true,true
1974-10-31,1974-10,44.600,44.600,2025=100指数,M,CPI2025_EXRENT,总务省(e-Stat),OFFICIAL_CANONICAL,CPI2025BASE,linked level RETROSPECTIVE_REBASE,2026-08-21,RETROSPECTIVE_REBASE,VERIFIED,ARCHIVED_RELEASE_20260821,false,true,true
1974-11-30,1974-11,44.900,44.900,2025=100指数,M,CPI2025_EXRENT,总务省(e-Stat),OFFICIAL_CANONICAL,CPI2025BASE,linked level RETROSPECTIVE_REBASE,2026-08-21,RETROSPECTIVE_REBASE,VERIFIED,ARCHIVED_RELEASE_20260821,false,true,true
1974-12-31,1974-12,45.000,45.000,2025=100指数,M,CPI2025_EXRENT,总务省(e-Stat),OFFICIAL_CANONICAL,CPI2025BASE,linked level RETROSPECTIVE_REBASE,2026-08-21,RETROSPECTIVE_REBASE,VERIFIED,ARCHIVED_RELEASE_20260821,false,true,true
1975-01-31,1975-01,45.600,45.600,2025=100指数,M,CPI2025_EXRENT,总务省(e-Stat),OFFICIAL_CANONICAL,CPI2025BASE,linked level RETROSPECTIVE_REBASE,2026-08-21,RETROSPECTIVE_REBASE,VERIFIED,ARCHIVED_RELEASE_20260821,false,true,true
1975-02-28,1975-02,45.600,45.600,2025=100指数,M,CPI2025_EXRENT,总务省(e-Stat),OFFICIAL_CANONICAL,CPI2025BASE,linked level RETROSPECTIVE_REBASE,2026-08-21,RETROSPECTIVE_REBASE,VERIFIED,ARCHIVED_RELEASE_20260821,false,true,true
1975-03-31,1975-03,46.100,46.100,2025=100指数,M,CPI2025_EXRENT,总务省(e-Stat),OFFICIAL_CANONICAL,CPI2025BASE,linked level RETROSPECTIVE_REBASE,2026-08-21,RETROSPECTIVE_REBASE,VERIFIED,ARCHIVED_RELEASE_20260821,false,true,true
1975-04-30,1975-04,46.900,46.900,2025=100指数,M,CPI2025_EXRENT,总务省(e-Stat),OFFICIAL_CANONICAL,CPI2025BASE,linked level RETROSPECTIVE_REBASE,2026-08-21,RETROSPECTIVE_REBASE,VERIFIED,ARCHIVED_RELEASE_20260821,false,true,true
1975-05-31,1975-05,47.000,47.000,2025=100指数,M,CPI2025_EXRENT,总务省(e-Stat),OFFICIAL_CANONICAL,CPI2025BASE,linked level RETROSPECTIVE_REBASE,2026-08-21,RETROSPECTIVE_REBASE,VERIFIED,ARCHIVED_RELEASE_20260821,false,true,true
1975-06-30,1975-06,47.000,47.000,2025=100指数,M,CPI2025_EXRENT,总务省(e-Stat),OFFICIAL_CANONICAL,CPI2025BASE,linked level RETROSPECTIVE_REBASE,2026-08-21,RETROSPECTIVE_REBASE,VERIFIED,ARCHIVED_RELEASE_20260821,false,true,true
1975-07-31,1975-07,47.000,47.000,2025=100指数,M,CPI2025_EXRENT,总务省(e-Stat),OFFICIAL_CANONICAL,CPI2025BASE,linked level RETROSPECTIVE_REBASE,2026-08-21,RETROSPECTIVE_REBASE,VERIFIED,ARCHIVED_RELEASE_20260821,false,true,true
1975-08-31,1975-08,47.000,47.000,2025=100指数,M,CPI2025_EXRENT,总务省(e-Stat),OFFICIAL_CANONICAL,CPI2025BASE,linked level RETROSPECTIVE_REBASE,2026-08-21,RETROSPECTIVE_REBASE,VERIFIED,ARCHIVED_RELEASE_20260821,false,true,true
1975-09-30,1975-09,48.100,48.100,2025=100指数,M,CPI2025_EXRENT,总务省(e-Stat),OFFICIAL_CANONICAL,CPI2025BASE,linked level RETROSPECTIVE_REBASE,2026-08-21,RETROSPECTIVE_REBASE,VERIFIED,ARCHIVED_RELEASE_20260821,false,true,true
1975-10-31,1975-10,48.800,48.800,2025=100指数,M,CPI2025_EXRENT,总务省(e-Stat),OFFICIAL_CANONICAL,CPI2025BASE,linked level RETROSPECTIVE_REBASE,2026-08-21,RETROSPECTIVE_REBASE,VERIFIED,ARCHIVED_RELEASE_20260821,false,true,true
1975-11-30,1975-11,48.600,48.600,2025=100指数,M,CPI2025_EXRENT,总务省(e-Stat),OFFICIAL_CANONICAL,CPI2025BASE,linked level RETROSPECTIVE_REBASE,2026-08-21,RETROSPECTIVE_REBASE,VERIFIED,ARCHIVED_RELEASE_20260821,false,true,true
1975-12-31,1975-12,48.600,48.600,2025=100指数,M,CPI2025_EXRENT,总务省(e-Stat),OFFICIAL_CANONICAL,CPI2025BASE,linked level RETROSPECTIVE_REBASE,2026-08-21,RETROSPECTIVE_REBASE,VERIFIED,ARCHIVED_RELEASE_20260821,false,true,true
1976-01-31,1976-01,49.600,49.600,2025=100指数,M,CPI2025_EXRENT,总务省(e-Stat),OFFICIAL_CANONICAL,CPI2025BASE,linked level RETROSPECTIVE_REBASE,2026-08-21,RETROSPECTIVE_REBASE,VERIFIED,ARCHIVED_RELEASE_20260821,false,true,true
1976-02-29,1976-02,49.900,49.900,2025=100指数,M,CPI2025_EXRENT,总务省(e-Stat),OFFICIAL_CANONICAL,CPI2025BASE,linked level RETROSPECTIVE_REBASE,2026-08-21,RETROSPECTIVE_REBASE,VERIFIED,ARCHIVED_RELEASE_20260821,false,true,true
1976-03-31,1976-03,50.100,50.100,2025=100指数,M,CPI2025_EXRENT,总务省(e-Stat),OFFICIAL_CANONICAL,CPI2025BASE,linked level RETROSPECTIVE_REBASE,2026-08-21,RETROSPECTIVE_REBASE,VERIFIED,ARCHIVED_RELEASE_20260821,false,true,true
1976-04-30,1976-04,51.300,51.300,2025=100指数,M,CPI2025_EXRENT,总务省(e-Stat),OFFICIAL_CANONICAL,CPI2025BASE,linked level RETROSPECTIVE_REBASE,2026-08-21,RETROSPECTIVE_REBASE,VERIFIED,ARCHIVED_RELEASE_20260821,false,true,true
1976-05-31,1976-05,51.400,51.400,2025=100指数,M,CPI2025_EXRENT,总务省(e-Stat),OFFICIAL_CANONICAL,CPI2025BASE,linked level RETROSPECTIVE_REBASE,2026-08-21,RETROSPECTIVE_REBASE,VERIFIED,ARCHIVED_RELEASE_20260821,false,true,true
1976-06-30,1976-06,51.500,51.500,2025=100指数,M,CPI2025_EXRENT,总务省(e-Stat),OFFICIAL_CANONICAL,CPI2025BASE,linked level RETROSPECTIVE_REBASE,2026-08-21,RETROSPECTIVE_REBASE,VERIFIED,ARCHIVED_RELEASE_20260821,false,true,true
1976-07-31,1976-07,51.800,51.800,2025=100指数,M,CPI2025_EXRENT,总务省(e-Stat),OFFICIAL_CANONICAL,CPI2025BASE,linked level RETROSPECTIVE_REBASE,2026-08-21,RETROSPECTIVE_REBASE,VERIFIED,ARCHIVED_RELEASE_20260821,false,true,true
1976-08-31,1976-08,51.300,51.300,2025=100指数,M,CPI2025_EXRENT,总务省(e-Stat),OFFICIAL_CANONICAL,CPI2025BASE,linked level RETROSPECTIVE_REBASE,2026-08-21,RETROSPECTIVE_REBASE,VERIFIED,ARCHIVED_RELEASE_20260821,false,true,true
1976-09-30,1976-09,52.700,52.700,2025=100指数,M,CPI2025_EXRENT,总务省(e-Stat),OFFICIAL_CANONICAL,CPI2025BASE,linked level RETROSPECTIVE_REBASE,2026-08-21,RETROSPECTIVE_REBASE,VERIFIED,ARCHIVED_RELEASE_20260821,false,true,true
1976-10-31,1976-10,53.000,53.000,2025=100指数,M,CPI2025_EXRENT,总务省(e-Stat),OFFICIAL_CANONICAL,CPI2025BASE,linked level RETROSPECTIVE_REBASE,2026-08-21,RETROSPECTIVE_REBASE,VERIFIED,ARCHIVED_RELEASE_20260821,false,true,true
1976-11-30,1976-11,53.000,53.000,2025=100指数,M,CPI2025_EXRENT,总务省(e-Stat),OFFICIAL_CANONICAL,CPI2025BASE,linked level RETROSPECTIVE_REBASE,2026-08-21,RETROSPECTIVE_REBASE,VERIFIED,ARCHIVED_RELEASE_20260821,false,true,true
1976-12-31,1976-12,53.600,53.600,2025=100指数,M,CPI2025_EXRENT,总务省(e-Stat),OFFICIAL_CANONICAL,CPI2025BASE,linked level RETROSPECTIVE_REBASE,2026-08-21,RETROSPECTIVE_REBASE,VERIFIED,ARCHIVED_RELEASE_20260821,false,true,true
1977-01-31,1977-01,54.100,54.100,2025=100指数,M,CPI2025_EXRENT,总务省(e-Stat),OFFICIAL_CANONICAL,CPI2025BASE,linked level RETROSPECTIVE_REBASE,2026-08-21,RETROSPECTIVE_REBASE,VERIFIED,ARCHIVED_RELEASE_20260821,false,true,true
1977-02-28,1977-02,54.400,54.400,2025=100指数,M,CPI2025_EXRENT,总务省(e-Stat),OFFICIAL_CANONICAL,CPI2025BASE,linked level RETROSPECTIVE_REBASE,2026-08-21,RETROSPECTIVE_REBASE,VERIFIED,ARCHIVED_RELEASE_20260821,false,true,true
1977-03-31,1977-03,54.700,54.700,2025=100指数,M,CPI2025_EXRENT,总务省(e-Stat),OFFICIAL_CANONICAL,CPI2025BASE,linked level RETROSPECTIVE_REBASE,2026-08-21,RETROSPECTIVE_REBASE,VERIFIED,ARCHIVED_RELEASE_20260821,false,true,true
1977-04-30,1977-04,55.600,55.600,2025=100指数,M,CPI2025_EXRENT,总务省(e-Stat),OFFICIAL_CANONICAL,CPI2025BASE,linked level RETROSPECTIVE_REBASE,2026-08-21,RETROSPECTIVE_REBASE,VERIFIED,ARCHIVED_RELEASE_20260821,false,true,true
1977-05-31,1977-05,56.100,56.100,2025=100指数,M,CPI2025_EXRENT,总务省(e-Stat),OFFICIAL_CANONICAL,CPI2025BASE,linked level RETROSPECTIVE_REBASE,2026-08-21,RETROSPECTIVE_REBASE,VERIFIED,ARCHIVED_RELEASE_20260821,false,true,true
1977-06-30,1977-06,55.900,55.900,2025=100指数,M,CPI2025_EXRENT,总务省(e-Stat),OFFICIAL_CANONICAL,CPI2025BASE,linked level RETROSPECTIVE_REBASE,2026-08-21,RETROSPECTIVE_REBASE,VERIFIED,ARCHIVED_RELEASE_20260821,false,true,true
1977-07-31,1977-07,55.800,55.800,2025=100指数,M,CPI2025_EXRENT,总务省(e-Stat),OFFICIAL_CANONICAL,CPI2025BASE,linked level RETROSPECTIVE_REBASE,2026-08-21,RETROSPECTIVE_REBASE,VERIFIED,ARCHIVED_RELEASE_20260821,false,true,true
1977-08-31,1977-08,55.800,55.800,2025=100指数,M,CPI2025_EXRENT,总务省(e-Stat),OFFICIAL_CANONICAL,CPI2025BASE,linked level RETROSPECTIVE_REBASE,2026-08-21,RETROSPECTIVE_REBASE,VERIFIED,ARCHIVED_RELEASE_20260821,false,true,true
1977-09-30,1977-09,56.700,56.700,2025=100指数,M,CPI2025_EXRENT,总务省(e-Stat),OFFICIAL_CANONICAL,CPI2025BASE,linked level RETROSPECTIVE_REBASE,2026-08-21,RETROSPECTIVE_REBASE,VERIFIED,ARCHIVED_RELEASE_20260821,false,true,true
1977-10-31,1977-10,57.000,57.000,2025=100指数,M,CPI2025_EXRENT,总务省(e-Stat),OFFICIAL_CANONICAL,CPI2025BASE,linked level RETROSPECTIVE_REBASE,2026-08-21,RETROSPECTIVE_REBASE,VERIFIED,ARCHIVED_RELEASE_20260821,false,true,true
1977-11-30,1977-11,56.300,56.300,2025=100指数,M,CPI2025_EXRENT,总务省(e-Stat),OFFICIAL_CANONICAL,CPI2025BASE,linked level RETROSPECTIVE_REBASE,2026-08-21,RETROSPECTIVE_REBASE,VERIFIED,ARCHIVED_RELEASE_20260821,false,true,true
1977-12-31,1977-12,56.200,56.200,2025=100指数,M,CPI2025_EXRENT,总务省(e-Stat),OFFICIAL_CANONICAL,CPI2025BASE,linked level RETROSPECTIVE_REBASE,2026-08-21,RETROSPECTIVE_REBASE,VERIFIED,ARCHIVED_RELEASE_20260821,false,true,true
1978-01-31,1978-01,56.400,56.400,2025=100指数,M,CPI2025_EXRENT,总务省(e-Stat),OFFICIAL_CANONICAL,CPI2025BASE,linked level RETROSPECTIVE_REBASE,2026-08-21,RETROSPECTIVE_REBASE,VERIFIED,ARCHIVED_RELEASE_20260821,false,true,true
1978-02-28,1978-02,56.700,56.700,2025=100指数,M,CPI2025_EXRENT,总务省(e-Stat),OFFICIAL_CANONICAL,CPI2025BASE,linked level RETROSPECTIVE_REBASE,2026-08-21,RETROSPECTIVE_REBASE,VERIFIED,ARCHIVED_RELEASE_20260821,false,true,true
1978-03-31,1978-03,57.200,57.200,2025=100指数,M,CPI2025_EXRENT,总务省(e-Stat),OFFICIAL_CANONICAL,CPI2025BASE,linked level RETROSPECTIVE_REBASE,2026-08-21,RETROSPECTIVE_REBASE,VERIFIED,ARCHIVED_RELEASE_20260821,false,true,true
1978-04-30,1978-04,57.900,57.900,2025=100指数,M,CPI2025_EXRENT,总务省(e-Stat),OFFICIAL_CANONICAL,CPI2025BASE,linked level RETROSPECTIVE_REBASE,2026-08-21,RETROSPECTIVE_REBASE,VERIFIED,ARCHIVED_RELEASE_20260821,false,true,true
1978-05-31,1978-05,58.100,58.100,2025=100指数,M,CPI2025_EXRENT,总务省(e-Stat),OFFICIAL_CANONICAL,CPI2025BASE,linked level RETROSPECTIVE_REBASE,2026-08-21,RETROSPECTIVE_REBASE,VERIFIED,ARCHIVED_RELEASE_20260821,false,true,true
1978-06-30,1978-06,57.900,57.900,2025=100指数,M,CPI2025_EXRENT,总务省(e-Stat),OFFICIAL_CANONICAL,CPI2025BASE,linked level RETROSPECTIVE_REBASE,2026-08-21,RETROSPECTIVE_REBASE,VERIFIED,ARCHIVED_RELEASE_20260821,false,true,true
1978-07-31,1978-07,58.100,58.100,2025=100指数,M,CPI2025_EXRENT,总务省(e-Stat),OFFICIAL_CANONICAL,CPI2025BASE,linked level RETROSPECTIVE_REBASE,2026-08-21,RETROSPECTIVE_REBASE,VERIFIED,ARCHIVED_RELEASE_20260821,false,true,true
1978-08-31,1978-08,58.100,58.100,2025=100指数,M,CPI2025_EXRENT,总务省(e-Stat),OFFICIAL_CANONICAL,CPI2025BASE,linked level RETROSPECTIVE_REBASE,2026-08-21,RETROSPECTIVE_REBASE,VERIFIED,ARCHIVED_RELEASE_20260821,false,true,true
1978-09-30,1978-09,58.800,58.800,2025=100指数,M,CPI2025_EXRENT,总务省(e-Stat),OFFICIAL_CANONICAL,CPI2025BASE,linked level RETROSPECTIVE_REBASE,2026-08-21,RETROSPECTIVE_REBASE,VERIFIED,ARCHIVED_RELEASE_20260821,false,true,true
1978-10-31,1978-10,58.900,58.900,2025=100指数,M,CPI2025_EXRENT,总务省(e-Stat),OFFICIAL_CANONICAL,CPI2025BASE,linked level RETROSPECTIVE_REBASE,2026-08-21,RETROSPECTIVE_REBASE,VERIFIED,ARCHIVED_RELEASE_20260821,false,true,true
1978-11-30,1978-11,58.300,58.300,2025=100指数,M,CPI2025_EXRENT,总务省(e-Stat),OFFICIAL_CANONICAL,CPI2025BASE,linked level RETROSPECTIVE_REBASE,2026-08-21,RETROSPECTIVE_REBASE,VERIFIED,ARCHIVED_RELEASE_20260821,false,true,true
1978-12-31,1978-12,58.200,58.200,2025=100指数,M,CPI2025_EXRENT,总务省(e-Stat),OFFICIAL_CANONICAL,CPI2025BASE,linked level RETROSPECTIVE_REBASE,2026-08-21,RETROSPECTIVE_REBASE,VERIFIED,ARCHIVED_RELEASE_20260821,false,true,true
1979-01-31,1979-01,58.200,58.200,2025=100指数,M,CPI2025_EXRENT,总务省(e-Stat),OFFICIAL_CANONICAL,CPI2025BASE,linked level RETROSPECTIVE_REBASE,2026-08-21,RETROSPECTIVE_REBASE,VERIFIED,ARCHIVED_RELEASE_20260821,false,true,true
1979-02-28,1979-02,58.100,58.100,2025=100指数,M,CPI2025_EXRENT,总务省(e-Stat),OFFICIAL_CANONICAL,CPI2025BASE,linked level RETROSPECTIVE_REBASE,2026-08-21,RETROSPECTIVE_REBASE,VERIFIED,ARCHIVED_RELEASE_20260821,false,true,true
1979-03-31,1979-03,58.500,58.500,2025=100指数,M,CPI2025_EXRENT,总务省(e-Stat),OFFICIAL_CANONICAL,CPI2025BASE,linked level RETROSPECTIVE_REBASE,2026-08-21,RETROSPECTIVE_REBASE,VERIFIED,ARCHIVED_RELEASE_20260821,false,true,true
1979-04-30,1979-04,59.300,59.300,2025=100指数,M,CPI2025_EXRENT,总务省(e-Stat),OFFICIAL_CANONICAL,CPI2025BASE,linked level RETROSPECTIVE_REBASE,2026-08-21,RETROSPECTIVE_REBASE,VERIFIED,ARCHIVED_RELEASE_20260821,false,true,true
1979-05-31,1979-05,59.900,59.900,2025=100指数,M,CPI2025_EXRENT,总务省(e-Stat),OFFICIAL_CANONICAL,CPI2025BASE,linked level RETROSPECTIVE_REBASE,2026-08-21,RETROSPECTIVE_REBASE,VERIFIED,ARCHIVED_RELEASE_20260821,false,true,true
1979-06-30,1979-06,59.900,59.900,2025=100指数,M,CPI2025_EXRENT,总务省(e-Stat),OFFICIAL_CANONICAL,CPI2025BASE,linked level RETROSPECTIVE_REBASE,2026-08-21,RETROSPECTIVE_REBASE,VERIFIED,ARCHIVED_RELEASE_20260821,false,true,true
1979-07-31,1979-07,60.400,60.400,2025=100指数,M,CPI2025_EXRENT,总务省(e-Stat),OFFICIAL_CANONICAL,CPI2025BASE,linked level RETROSPECTIVE_REBASE,2026-08-21,RETROSPECTIVE_REBASE,VERIFIED,ARCHIVED_RELEASE_20260821,false,true,true
1979-08-31,1979-08,59.900,59.900,2025=100指数,M,CPI2025_EXRENT,总务省(e-Stat),OFFICIAL_CANONICAL,CPI2025BASE,linked level RETROSPECTIVE_REBASE,2026-08-21,RETROSPECTIVE_REBASE,VERIFIED,ARCHIVED_RELEASE_20260821,false,true,true
1979-09-30,1979-09,60.700,60.700,2025=100指数,M,CPI2025_EXRENT,总务省(e-Stat),OFFICIAL_CANONICAL,CPI2025BASE,linked level RETROSPECTIVE_REBASE,2026-08-21,RETROSPECTIVE_REBASE,VERIFIED,ARCHIVED_RELEASE_20260821,false,true,true
1979-10-31,1979-10,61.400,61.400,2025=100指数,M,CPI2025_EXRENT,总务省(e-Stat),OFFICIAL_CANONICAL,CPI2025BASE,linked level RETROSPECTIVE_REBASE,2026-08-21,RETROSPECTIVE_REBASE,VERIFIED,ARCHIVED_RELEASE_20260821,false,true,true
1979-11-30,1979-11,61.200,61.200,2025=100指数,M,CPI2025_EXRENT,总务省(e-Stat),OFFICIAL_CANONICAL,CPI2025BASE,linked level RETROSPECTIVE_REBASE,2026-08-21,RETROSPECTIVE_REBASE,VERIFIED,ARCHIVED_RELEASE_20260821,false,true,true
1979-12-31,1979-12,61.500,61.500,2025=100指数,M,CPI2025_EXRENT,总务省(e-Stat),OFFICIAL_CANONICAL,CPI2025BASE,linked level RETROSPECTIVE_REBASE,2026-08-21,RETROSPECTIVE_REBASE,VERIFIED,ARCHIVED_RELEASE_20260821,false,true,true
1980-01-31,1980-01,62.200,62.200,2025=100指数,M,CPI2025_EXRENT,总务省(e-Stat),OFFICIAL_CANONICAL,CPI2025BASE,linked level RETROSPECTIVE_REBASE,2026-08-21,RETROSPECTIVE_REBASE,VERIFIED,ARCHIVED_RELEASE_20260821,false,true,true
1980-02-29,1980-02,62.700,62.700,2025=100指数,M,CPI2025_EXRENT,总务省(e-Stat),OFFICIAL_CANONICAL,CPI2025BASE,linked level RETROSPECTIVE_REBASE,2026-08-21,RETROSPECTIVE_REBASE,VERIFIED,ARCHIVED_RELEASE_20260821,false,true,true
1980-03-31,1980-03,63.000,63.000,2025=100指数,M,CPI2025_EXRENT,总务省(e-Stat),OFFICIAL_CANONICAL,CPI2025BASE,linked level RETROSPECTIVE_REBASE,2026-08-21,RETROSPECTIVE_REBASE,VERIFIED,ARCHIVED_RELEASE_20260821,false,true,true
1980-04-30,1980-04,64.200,64.200,2025=100指数,M,CPI2025_EXRENT,总务省(e-Stat),OFFICIAL_CANONICAL,CPI2025BASE,linked level RETROSPECTIVE_REBASE,2026-08-21,RETROSPECTIVE_REBASE,VERIFIED,ARCHIVED_RELEASE_20260821,false,true,true
1980-05-31,1980-05,64.800,64.800,2025=100指数,M,CPI2025_EXRENT,总务省(e-Stat),OFFICIAL_CANONICAL,CPI2025BASE,linked level RETROSPECTIVE_REBASE,2026-08-21,RETROSPECTIVE_REBASE,VERIFIED,ARCHIVED_RELEASE_20260821,false,true,true
1980-06-30,1980-06,65.100,65.100,2025=100指数,M,CPI2025_EXRENT,总务省(e-Stat),OFFICIAL_CANONICAL,CPI2025BASE,linked level RETROSPECTIVE_REBASE,2026-08-21,RETROSPECTIVE_REBASE,VERIFIED,ARCHIVED_RELEASE_20260821,false,true,true
1980-07-31,1980-07,65.100,65.100,2025=100指数,M,CPI2025_EXRENT,总务省(e-Stat),OFFICIAL_CANONICAL,CPI2025BASE,linked level RETROSPECTIVE_REBASE,2026-08-21,RETROSPECTIVE_REBASE,VERIFIED,ARCHIVED_RELEASE_20260821,false,true,true
1980-08-31,1980-08,65.000,65.000,2025=100指数,M,CPI2025_EXRENT,总务省(e-Stat),OFFICIAL_CANONICAL,CPI2025BASE,linked level RETROSPECTIVE_REBASE,2026-08-21,RETROSPECTIVE_REBASE,VERIFIED,ARCHIVED_RELEASE_20260821,false,true,true
1980-09-30,1980-09,66.100,66.100,2025=100指数,M,CPI2025_EXRENT,总务省(e-Stat),OFFICIAL_CANONICAL,CPI2025BASE,linked level RETROSPECTIVE_REBASE,2026-08-21,RETROSPECTIVE_REBASE,VERIFIED,ARCHIVED_RELEASE_20260821,false,true,true
1980-10-31,1980-10,66.200,66.200,2025=100指数,M,CPI2025_EXRENT,总务省(e-Stat),OFFICIAL_CANONICAL,CPI2025BASE,linked level RETROSPECTIVE_REBASE,2026-08-21,RETROSPECTIVE_REBASE,VERIFIED,ARCHIVED_RELEASE_20260821,false,true,true
1980-11-30,1980-11,66.400,66.400,2025=100指数,M,CPI2025_EXRENT,总务省(e-Stat),OFFICIAL_CANONICAL,CPI2025BASE,linked level RETROSPECTIVE_REBASE,2026-08-21,RETROSPECTIVE_REBASE,VERIFIED,ARCHIVED_RELEASE_20260821,false,true,true
1980-12-31,1980-12,66.100,66.100,2025=100指数,M,CPI2025_EXRENT,总务省(e-Stat),OFFICIAL_CANONICAL,CPI2025BASE,linked level RETROSPECTIVE_REBASE,2026-08-21,RETROSPECTIVE_REBASE,VERIFIED,ARCHIVED_RELEASE_20260821,false,true,true
1981-01-31,1981-01,66.700,66.700,2025=100指数,M,CPI2025_EXRENT,总务省(e-Stat),OFFICIAL_CANONICAL,CPI2025BASE,linked level RETROSPECTIVE_REBASE,2026-08-21,RETROSPECTIVE_REBASE,VERIFIED,ARCHIVED_RELEASE_20260821,false,true,true
1981-02-28,1981-02,66.700,66.700,2025=100指数,M,CPI2025_EXRENT,总务省(e-Stat),OFFICIAL_CANONICAL,CPI2025BASE,linked level RETROSPECTIVE_REBASE,2026-08-21,RETROSPECTIVE_REBASE,VERIFIED,ARCHIVED_RELEASE_20260821,false,true,true
1981-03-31,1981-03,67.000,67.000,2025=100指数,M,CPI2025_EXRENT,总务省(e-Stat),OFFICIAL_CANONICAL,CPI2025BASE,linked level RETROSPECTIVE_REBASE,2026-08-21,RETROSPECTIVE_REBASE,VERIFIED,ARCHIVED_RELEASE_20260821,false,true,true
1981-04-30,1981-04,67.600,67.600,2025=100指数,M,CPI2025_EXRENT,总务省(e-Stat),OFFICIAL_CANONICAL,CPI2025BASE,linked level RETROSPECTIVE_REBASE,2026-08-21,RETROSPECTIVE_REBASE,VERIFIED,ARCHIVED_RELEASE_20260821,false,true,true
1981-05-31,1981-05,68.100,68.100,2025=100指数,M,CPI2025_EXRENT,总务省(e-Stat),OFFICIAL_CANONICAL,CPI2025BASE,linked level RETROSPECTIVE_REBASE,2026-08-21,RETROSPECTIVE_REBASE,VERIFIED,ARCHIVED_RELEASE_20260821,false,true,true
1981-06-30,1981-06,68.100,68.100,2025=100指数,M,CPI2025_EXRENT,总务省(e-Stat),OFFICIAL_CANONICAL,CPI2025BASE,linked level RETROSPECTIVE_REBASE,2026-08-21,RETROSPECTIVE_REBASE,VERIFIED,ARCHIVED_RELEASE_20260821,false,true,true
1981-07-31,1981-07,68.000,68.000,2025=100指数,M,CPI2025_EXRENT,总务省(e-Stat),OFFICIAL_CANONICAL,CPI2025BASE,linked level RETROSPECTIVE_REBASE,2026-08-21,RETROSPECTIVE_REBASE,VERIFIED,ARCHIVED_RELEASE_20260821,false,true,true
1981-08-31,1981-08,67.600,67.600,2025=100指数,M,CPI2025_EXRENT,总务省(e-Stat),OFFICIAL_CANONICAL,CPI2025BASE,linked level RETROSPECTIVE_REBASE,2026-08-21,RETROSPECTIVE_REBASE,VERIFIED,ARCHIVED_RELEASE_20260821,false,true,true
1981-09-30,1981-09,68.700,68.700,2025=100指数,M,CPI2025_EXRENT,总务省(e-Stat),OFFICIAL_CANONICAL,CPI2025BASE,linked level RETROSPECTIVE_REBASE,2026-08-21,RETROSPECTIVE_REBASE,VERIFIED,ARCHIVED_RELEASE_20260821,false,true,true
1981-10-31,1981-10,69.000,69.000,2025=100指数,M,CPI2025_EXRENT,总务省(e-Stat),OFFICIAL_CANONICAL,CPI2025BASE,linked level RETROSPECTIVE_REBASE,2026-08-21,RETROSPECTIVE_REBASE,VERIFIED,ARCHIVED_RELEASE_20260821,false,true,true
1981-11-30,1981-11,68.700,68.700,2025=100指数,M,CPI2025_EXRENT,总务省(e-Stat),OFFICIAL_CANONICAL,CPI2025BASE,linked level RETROSPECTIVE_REBASE,2026-08-21,RETROSPECTIVE_REBASE,VERIFIED,ARCHIVED_RELEASE_20260821,false,true,true
1981-12-31,1981-12,69.000,69.000,2025=100指数,M,CPI2025_EXRENT,总务省(e-Stat),OFFICIAL_CANONICAL,CPI2025BASE,linked level RETROSPECTIVE_REBASE,2026-08-21,RETROSPECTIVE_REBASE,VERIFIED,ARCHIVED_RELEASE_20260821,false,true,true
1982-01-31,1982-01,69.000,69.000,2025=100指数,M,CPI2025_EXRENT,总务省(e-Stat),OFFICIAL_CANONICAL,CPI2025BASE,linked level RETROSPECTIVE_REBASE,2026-08-21,RETROSPECTIVE_REBASE,VERIFIED,ARCHIVED_RELEASE_20260821,false,true,true
1982-02-28,1982-02,68.700,68.700,2025=100指数,M,CPI2025_EXRENT,总务省(e-Stat),OFFICIAL_CANONICAL,CPI2025BASE,linked level RETROSPECTIVE_REBASE,2026-08-21,RETROSPECTIVE_REBASE,VERIFIED,ARCHIVED_RELEASE_20260821,false,true,true
1982-03-31,1982-03,68.900,68.900,2025=100指数,M,CPI2025_EXRENT,总务省(e-Stat),OFFICIAL_CANONICAL,CPI2025BASE,linked level RETROSPECTIVE_REBASE,2026-08-21,RETROSPECTIVE_REBASE,VERIFIED,ARCHIVED_RELEASE_20260821,false,true,true
1982-04-30,1982-04,69.400,69.400,2025=100指数,M,CPI2025_EXRENT,总务省(e-Stat),OFFICIAL_CANONICAL,CPI2025BASE,linked level RETROSPECTIVE_REBASE,2026-08-21,RETROSPECTIVE_REBASE,VERIFIED,ARCHIVED_RELEASE_20260821,false,true,true
1982-05-31,1982-05,69.700,69.700,2025=100指数,M,CPI2025_EXRENT,总务省(e-Stat),OFFICIAL_CANONICAL,CPI2025BASE,linked level RETROSPECTIVE_REBASE,2026-08-21,RETROSPECTIVE_REBASE,VERIFIED,ARCHIVED_RELEASE_20260821,false,true,true
1982-06-30,1982-06,69.700,69.700,2025=100指数,M,CPI2025_EXRENT,总务省(e-Stat),OFFICIAL_CANONICAL,CPI2025BASE,linked level RETROSPECTIVE_REBASE,2026-08-21,RETROSPECTIVE_REBASE,VERIFIED,ARCHIVED_RELEASE_20260821,false,true,true
1982-07-31,1982-07,69.200,69.200,2025=100指数,M,CPI2025_EXRENT,总务省(e-Stat),OFFICIAL_CANONICAL,CPI2025BASE,linked level RETROSPECTIVE_REBASE,2026-08-21,RETROSPECTIVE_REBASE,VERIFIED,ARCHIVED_RELEASE_20260821,false,true,true
1982-08-31,1982-08,69.700,69.700,2025=100指数,M,CPI2025_EXRENT,总务省(e-Stat),OFFICIAL_CANONICAL,CPI2025BASE,linked level RETROSPECTIVE_REBASE,2026-08-21,RETROSPECTIVE_REBASE,VERIFIED,ARCHIVED_RELEASE_20260821,false,true,true
1982-09-30,1982-09,70.900,70.900,2025=100指数,M,CPI2025_EXRENT,总务省(e-Stat),OFFICIAL_CANONICAL,CPI2025BASE,linked level RETROSPECTIVE_REBASE,2026-08-21,RETROSPECTIVE_REBASE,VERIFIED,ARCHIVED_RELEASE_20260821,false,true,true
1982-10-31,1982-10,71.100,71.100,2025=100指数,M,CPI2025_EXRENT,总务省(e-Stat),OFFICIAL_CANONICAL,CPI2025BASE,linked level RETROSPECTIVE_REBASE,2026-08-21,RETROSPECTIVE_REBASE,VERIFIED,ARCHIVED_RELEASE_20260821,false,true,true
1982-11-30,1982-11,70.300,70.300,2025=100指数,M,CPI2025_EXRENT,总务省(e-Stat),OFFICIAL_CANONICAL,CPI2025BASE,linked level RETROSPECTIVE_REBASE,2026-08-21,RETROSPECTIVE_REBASE,VERIFIED,ARCHIVED_RELEASE_20260821,false,true,true
1982-12-31,1982-12,70.200,70.200,2025=100指数,M,CPI2025_EXRENT,总务省(e-Stat),OFFICIAL_CANONICAL,CPI2025BASE,linked level RETROSPECTIVE_REBASE,2026-08-21,RETROSPECTIVE_REBASE,VERIFIED,ARCHIVED_RELEASE_20260821,false,true,true
1983-01-31,1983-01,70.300,70.300,2025=100指数,M,CPI2025_EXRENT,总务省(e-Stat),OFFICIAL_CANONICAL,CPI2025BASE,linked level RETROSPECTIVE_REBASE,2026-08-21,RETROSPECTIVE_REBASE,VERIFIED,ARCHIVED_RELEASE_20260821,false,true,true
1983-02-28,1983-02,70.100,70.100,2025=100指数,M,CPI2025_EXRENT,总务省(e-Stat),OFFICIAL_CANONICAL,CPI2025BASE,linked level RETROSPECTIVE_REBASE,2026-08-21,RETROSPECTIVE_REBASE,VERIFIED,ARCHIVED_RELEASE_20260821,false,true,true
1983-03-31,1983-03,70.500,70.500,2025=100指数,M,CPI2025_EXRENT,总务省(e-Stat),OFFICIAL_CANONICAL,CPI2025BASE,linked level RETROSPECTIVE_REBASE,2026-08-21,RETROSPECTIVE_REBASE,VERIFIED,ARCHIVED_RELEASE_20260821,false,true,true
1983-04-30,1983-04,70.700,70.700,2025=100指数,M,CPI2025_EXRENT,总务省(e-Stat),OFFICIAL_CANONICAL,CPI2025BASE,linked level RETROSPECTIVE_REBASE,2026-08-21,RETROSPECTIVE_REBASE,VERIFIED,ARCHIVED_RELEASE_20260821,false,true,true
1983-05-31,1983-05,71.600,71.600,2025=100指数,M,CPI2025_EXRENT,总务省(e-Stat),OFFICIAL_CANONICAL,CPI2025BASE,linked level RETROSPECTIVE_REBASE,2026-08-21,RETROSPECTIVE_REBASE,VERIFIED,ARCHIVED_RELEASE_20260821,false,true,true
1983-06-30,1983-06,71.000,71.000,2025=100指数,M,CPI2025_EXRENT,总务省(e-Stat),OFFICIAL_CANONICAL,CPI2025BASE,linked level RETROSPECTIVE_REBASE,2026-08-21,RETROSPECTIVE_REBASE,VERIFIED,ARCHIVED_RELEASE_20260821,false,true,true
1983-07-31,1983-07,70.700,70.700,2025=100指数,M,CPI2025_EXRENT,总务省(e-Stat),OFFICIAL_CANONICAL,CPI2025BASE,linked level RETROSPECTIVE_REBASE,2026-08-21,RETROSPECTIVE_REBASE,VERIFIED,ARCHIVED_RELEASE_20260821,false,true,true
1983-08-31,1983-08,70.500,70.500,2025=100指数,M,CPI2025_EXRENT,总务省(e-Stat),OFFICIAL_CANONICAL,CPI2025BASE,linked level RETROSPECTIVE_REBASE,2026-08-21,RETROSPECTIVE_REBASE,VERIFIED,ARCHIVED_RELEASE_20260821,false,true,true
1983-09-30,1983-09,71.400,71.400,2025=100指数,M,CPI2025_EXRENT,总务省(e-Stat),OFFICIAL_CANONICAL,CPI2025BASE,linked level RETROSPECTIVE_REBASE,2026-08-21,RETROSPECTIVE_REBASE,VERIFIED,ARCHIVED_RELEASE_20260821,false,true,true
1983-10-31,1983-10,72.100,72.100,2025=100指数,M,CPI2025_EXRENT,总务省(e-Stat),OFFICIAL_CANONICAL,CPI2025BASE,linked level RETROSPECTIVE_REBASE,2026-08-21,RETROSPECTIVE_REBASE,VERIFIED,ARCHIVED_RELEASE_20260821,false,true,true
1983-11-30,1983-11,71.600,71.600,2025=100指数,M,CPI2025_EXRENT,总务省(e-Stat),OFFICIAL_CANONICAL,CPI2025BASE,linked level RETROSPECTIVE_REBASE,2026-08-21,RETROSPECTIVE_REBASE,VERIFIED,ARCHIVED_RELEASE_20260821,false,true,true
1983-12-31,1983-12,71.400,71.400,2025=100指数,M,CPI2025_EXRENT,总务省(e-Stat),OFFICIAL_CANONICAL,CPI2025BASE,linked level RETROSPECTIVE_REBASE,2026-08-21,RETROSPECTIVE_REBASE,VERIFIED,ARCHIVED_RELEASE_20260821,false,true,true
1984-01-31,1984-01,71.600,71.600,2025=100指数,M,CPI2025_EXRENT,总务省(e-Stat),OFFICIAL_CANONICAL,CPI2025BASE,linked level RETROSPECTIVE_REBASE,2026-08-21,RETROSPECTIVE_REBASE,VERIFIED,ARCHIVED_RELEASE_20260821,false,true,true
1984-02-29,1984-02,72.100,72.100,2025=100指数,M,CPI2025_EXRENT,总务省(e-Stat),OFFICIAL_CANONICAL,CPI2025BASE,linked level RETROSPECTIVE_REBASE,2026-08-21,RETROSPECTIVE_REBASE,VERIFIED,ARCHIVED_RELEASE_20260821,false,true,true
1984-03-31,1984-03,72.300,72.300,2025=100指数,M,CPI2025_EXRENT,总务省(e-Stat),OFFICIAL_CANONICAL,CPI2025BASE,linked level RETROSPECTIVE_REBASE,2026-08-21,RETROSPECTIVE_REBASE,VERIFIED,ARCHIVED_RELEASE_20260821,false,true,true
1984-04-30,1984-04,72.400,72.400,2025=100指数,M,CPI2025_EXRENT,总务省(e-Stat),OFFICIAL_CANONICAL,CPI2025BASE,linked level RETROSPECTIVE_REBASE,2026-08-21,RETROSPECTIVE_REBASE,VERIFIED,ARCHIVED_RELEASE_20260821,false,true,true
1984-05-31,1984-05,73.000,73.000,2025=100指数,M,CPI2025_EXRENT,总务省(e-Stat),OFFICIAL_CANONICAL,CPI2025BASE,linked level RETROSPECTIVE_REBASE,2026-08-21,RETROSPECTIVE_REBASE,VERIFIED,ARCHIVED_RELEASE_20260821,false,true,true
1984-06-30,1984-06,72.400,72.400,2025=100指数,M,CPI2025_EXRENT,总务省(e-Stat),OFFICIAL_CANONICAL,CPI2025BASE,linked level RETROSPECTIVE_REBASE,2026-08-21,RETROSPECTIVE_REBASE,VERIFIED,ARCHIVED_RELEASE_20260821,false,true,true
1984-07-31,1984-07,72.500,72.500,2025=100指数,M,CPI2025_EXRENT,总务省(e-Stat),OFFICIAL_CANONICAL,CPI2025BASE,linked level RETROSPECTIVE_REBASE,2026-08-21,RETROSPECTIVE_REBASE,VERIFIED,ARCHIVED_RELEASE_20260821,false,true,true
1984-08-31,1984-08,71.900,71.900,2025=100指数,M,CPI2025_EXRENT,总务省(e-Stat),OFFICIAL_CANONICAL,CPI2025BASE,linked level RETROSPECTIVE_REBASE,2026-08-21,RETROSPECTIVE_REBASE,VERIFIED,ARCHIVED_RELEASE_20260821,false,true,true
1984-09-30,1984-09,73.000,73.000,2025=100指数,M,CPI2025_EXRENT,总务省(e-Stat),OFFICIAL_CANONICAL,CPI2025BASE,linked level RETROSPECTIVE_REBASE,2026-08-21,RETROSPECTIVE_REBASE,VERIFIED,ARCHIVED_RELEASE_20260821,false,true,true
1984-10-31,1984-10,73.600,73.600,2025=100指数,M,CPI2025_EXRENT,总务省(e-Stat),OFFICIAL_CANONICAL,CPI2025BASE,linked level RETROSPECTIVE_REBASE,2026-08-21,RETROSPECTIVE_REBASE,VERIFIED,ARCHIVED_RELEASE_20260821,false,true,true
1984-11-30,1984-11,73.200,73.200,2025=100指数,M,CPI2025_EXRENT,总务省(e-Stat),OFFICIAL_CANONICAL,CPI2025BASE,linked level RETROSPECTIVE_REBASE,2026-08-21,RETROSPECTIVE_REBASE,VERIFIED,ARCHIVED_RELEASE_20260821,false,true,true
1984-12-31,1984-12,73.300,73.300,2025=100指数,M,CPI2025_EXRENT,总务省(e-Stat),OFFICIAL_CANONICAL,CPI2025BASE,linked level RETROSPECTIVE_REBASE,2026-08-21,RETROSPECTIVE_REBASE,VERIFIED,ARCHIVED_RELEASE_20260821,false,true,true
1985-01-31,1985-01,73.600,73.600,2025=100指数,M,CPI2025_EXRENT,总务省(e-Stat),OFFICIAL_CANONICAL,CPI2025BASE,linked level RETROSPECTIVE_REBASE,2026-08-21,RETROSPECTIVE_REBASE,VERIFIED,ARCHIVED_RELEASE_20260821,false,true,true
1985-02-28,1985-02,73.300,73.300,2025=100指数,M,CPI2025_EXRENT,总务省(e-Stat),OFFICIAL_CANONICAL,CPI2025BASE,linked level RETROSPECTIVE_REBASE,2026-08-21,RETROSPECTIVE_REBASE,VERIFIED,ARCHIVED_RELEASE_20260821,false,true,true
1985-03-31,1985-03,73.600,73.600,2025=100指数,M,CPI2025_EXRENT,总务省(e-Stat),OFFICIAL_CANONICAL,CPI2025BASE,linked level RETROSPECTIVE_REBASE,2026-08-21,RETROSPECTIVE_REBASE,VERIFIED,ARCHIVED_RELEASE_20260821,false,true,true
1985-04-30,1985-04,74.100,74.100,2025=100指数,M,CPI2025_EXRENT,总务省(e-Stat),OFFICIAL_CANONICAL,CPI2025BASE,linked level RETROSPECTIVE_REBASE,2026-08-21,RETROSPECTIVE_REBASE,VERIFIED,ARCHIVED_RELEASE_20260821,false,true,true
1985-05-31,1985-05,74.100,74.100,2025=100指数,M,CPI2025_EXRENT,总务省(e-Stat),OFFICIAL_CANONICAL,CPI2025BASE,linked level RETROSPECTIVE_REBASE,2026-08-21,RETROSPECTIVE_REBASE,VERIFIED,ARCHIVED_RELEASE_20260821,false,true,true
1985-06-30,1985-06,74.100,74.100,2025=100指数,M,CPI2025_EXRENT,总务省(e-Stat),OFFICIAL_CANONICAL,CPI2025BASE,linked level RETROSPECTIVE_REBASE,2026-08-21,RETROSPECTIVE_REBASE,VERIFIED,ARCHIVED_RELEASE_20260821,false,true,true
1985-07-31,1985-07,74.300,74.300,2025=100指数,M,CPI2025_EXRENT,总务省(e-Stat),OFFICIAL_CANONICAL,CPI2025BASE,linked level RETROSPECTIVE_REBASE,2026-08-21,RETROSPECTIVE_REBASE,VERIFIED,ARCHIVED_RELEASE_20260821,false,true,true
1985-08-31,1985-08,74.100,74.100,2025=100指数,M,CPI2025_EXRENT,总务省(e-Stat),OFFICIAL_CANONICAL,CPI2025BASE,linked level RETROSPECTIVE_REBASE,2026-08-21,RETROSPECTIVE_REBASE,VERIFIED,ARCHIVED_RELEASE_20260821,false,true,true
1985-09-30,1985-09,74.200,74.200,2025=100指数,M,CPI2025_EXRENT,总务省(e-Stat),OFFICIAL_CANONICAL,CPI2025BASE,linked level RETROSPECTIVE_REBASE,2026-08-21,RETROSPECTIVE_REBASE,VERIFIED,ARCHIVED_RELEASE_20260821,false,true,true
1985-10-31,1985-10,74.900,74.900,2025=100指数,M,CPI2025_EXRENT,总务省(e-Stat),OFFICIAL_CANONICAL,CPI2025BASE,linked level RETROSPECTIVE_REBASE,2026-08-21,RETROSPECTIVE_REBASE,VERIFIED,ARCHIVED_RELEASE_20260821,false,true,true
1985-11-30,1985-11,74.200,74.200,2025=100指数,M,CPI2025_EXRENT,总务省(e-Stat),OFFICIAL_CANONICAL,CPI2025BASE,linked level RETROSPECTIVE_REBASE,2026-08-21,RETROSPECTIVE_REBASE,VERIFIED,ARCHIVED_RELEASE_20260821,false,true,true
1985-12-31,1985-12,74.300,74.300,2025=100指数,M,CPI2025_EXRENT,总务省(e-Stat),OFFICIAL_CANONICAL,CPI2025BASE,linked level RETROSPECTIVE_REBASE,2026-08-21,RETROSPECTIVE_REBASE,VERIFIED,ARCHIVED_RELEASE_20260821,false,true,true
1986-01-31,1986-01,74.700,74.700,2025=100指数,M,CPI2025_EXRENT,总务省(e-Stat),OFFICIAL_CANONICAL,CPI2025BASE,linked level RETROSPECTIVE_REBASE,2026-08-21,RETROSPECTIVE_REBASE,VERIFIED,ARCHIVED_RELEASE_20260821,false,true,true
1986-02-28,1986-02,74.500,74.500,2025=100指数,M,CPI2025_EXRENT,总务省(e-Stat),OFFICIAL_CANONICAL,CPI2025BASE,linked level RETROSPECTIVE_REBASE,2026-08-21,RETROSPECTIVE_REBASE,VERIFIED,ARCHIVED_RELEASE_20260821,false,true,true
1986-03-31,1986-03,74.400,74.400,2025=100指数,M,CPI2025_EXRENT,总务省(e-Stat),OFFICIAL_CANONICAL,CPI2025BASE,linked level RETROSPECTIVE_REBASE,2026-08-21,RETROSPECTIVE_REBASE,VERIFIED,ARCHIVED_RELEASE_20260821,false,true,true
1986-04-30,1986-04,74.700,74.700,2025=100指数,M,CPI2025_EXRENT,总务省(e-Stat),OFFICIAL_CANONICAL,CPI2025BASE,linked level RETROSPECTIVE_REBASE,2026-08-21,RETROSPECTIVE_REBASE,VERIFIED,ARCHIVED_RELEASE_20260821,false,true,true
1986-05-31,1986-05,74.900,74.900,2025=100指数,M,CPI2025_EXRENT,总务省(e-Stat),OFFICIAL_CANONICAL,CPI2025BASE,linked level RETROSPECTIVE_REBASE,2026-08-21,RETROSPECTIVE_REBASE,VERIFIED,ARCHIVED_RELEASE_20260821,false,true,true
1986-06-30,1986-06,74.400,74.400,2025=100指数,M,CPI2025_EXRENT,总务省(e-Stat),OFFICIAL_CANONICAL,CPI2025BASE,linked level RETROSPECTIVE_REBASE,2026-08-21,RETROSPECTIVE_REBASE,VERIFIED,ARCHIVED_RELEASE_20260821,false,true,true
1986-07-31,1986-07,74.200,74.200,2025=100指数,M,CPI2025_EXRENT,总务省(e-Stat),OFFICIAL_CANONICAL,CPI2025BASE,linked level RETROSPECTIVE_REBASE,2026-08-21,RETROSPECTIVE_REBASE,VERIFIED,ARCHIVED_RELEASE_20260821,false,true,true
1986-08-31,1986-08,74.000,74.000,2025=100指数,M,CPI2025_EXRENT,总务省(e-Stat),OFFICIAL_CANONICAL,CPI2025BASE,linked level RETROSPECTIVE_REBASE,2026-08-21,RETROSPECTIVE_REBASE,VERIFIED,ARCHIVED_RELEASE_20260821,false,true,true
1986-09-30,1986-09,74.400,74.400,2025=100指数,M,CPI2025_EXRENT,总务省(e-Stat),OFFICIAL_CANONICAL,CPI2025BASE,linked level RETROSPECTIVE_REBASE,2026-08-21,RETROSPECTIVE_REBASE,VERIFIED,ARCHIVED_RELEASE_20260821,false,true,true
1986-10-31,1986-10,74.400,74.400,2025=100指数,M,CPI2025_EXRENT,总务省(e-Stat),OFFICIAL_CANONICAL,CPI2025BASE,linked level RETROSPECTIVE_REBASE,2026-08-21,RETROSPECTIVE_REBASE,VERIFIED,ARCHIVED_RELEASE_20260821,false,true,true
1986-11-30,1986-11,74.100,74.100,2025=100指数,M,CPI2025_EXRENT,总务省(e-Stat),OFFICIAL_CANONICAL,CPI2025BASE,linked level RETROSPECTIVE_REBASE,2026-08-21,RETROSPECTIVE_REBASE,VERIFIED,ARCHIVED_RELEASE_20260821,false,true,true
1986-12-31,1986-12,73.900,73.900,2025=100指数,M,CPI2025_EXRENT,总务省(e-Stat),OFFICIAL_CANONICAL,CPI2025BASE,linked level RETROSPECTIVE_REBASE,2026-08-21,RETROSPECTIVE_REBASE,VERIFIED,ARCHIVED_RELEASE_20260821,false,true,true
1987-01-31,1987-01,73.600,73.600,2025=100指数,M,CPI2025_EXRENT,总务省(e-Stat),OFFICIAL_CANONICAL,CPI2025BASE,linked level RETROSPECTIVE_REBASE,2026-08-21,RETROSPECTIVE_REBASE,VERIFIED,ARCHIVED_RELEASE_20260821,false,true,true
1987-02-28,1987-02,73.500,73.500,2025=100指数,M,CPI2025_EXRENT,总务省(e-Stat),OFFICIAL_CANONICAL,CPI2025BASE,linked level RETROSPECTIVE_REBASE,2026-08-21,RETROSPECTIVE_REBASE,VERIFIED,ARCHIVED_RELEASE_20260821,false,true,true
1987-03-31,1987-03,73.900,73.900,2025=100指数,M,CPI2025_EXRENT,总务省(e-Stat),OFFICIAL_CANONICAL,CPI2025BASE,linked level RETROSPECTIVE_REBASE,2026-08-21,RETROSPECTIVE_REBASE,VERIFIED,ARCHIVED_RELEASE_20260821,false,true,true
1987-04-30,1987-04,74.500,74.500,2025=100指数,M,CPI2025_EXRENT,总务省(e-Stat),OFFICIAL_CANONICAL,CPI2025BASE,linked level RETROSPECTIVE_REBASE,2026-08-21,RETROSPECTIVE_REBASE,VERIFIED,ARCHIVED_RELEASE_20260821,false,true,true
1987-05-31,1987-05,74.700,74.700,2025=100指数,M,CPI2025_EXRENT,总务省(e-Stat),OFFICIAL_CANONICAL,CPI2025BASE,linked level RETROSPECTIVE_REBASE,2026-08-21,RETROSPECTIVE_REBASE,VERIFIED,ARCHIVED_RELEASE_20260821,false,true,true
1987-06-30,1987-06,74.400,74.400,2025=100指数,M,CPI2025_EXRENT,总务省(e-Stat),OFFICIAL_CANONICAL,CPI2025BASE,linked level RETROSPECTIVE_REBASE,2026-08-21,RETROSPECTIVE_REBASE,VERIFIED,ARCHIVED_RELEASE_20260821,false,true,true
1987-07-31,1987-07,73.900,73.900,2025=100指数,M,CPI2025_EXRENT,总务省(e-Stat),OFFICIAL_CANONICAL,CPI2025BASE,linked level RETROSPECTIVE_REBASE,2026-08-21,RETROSPECTIVE_REBASE,VERIFIED,ARCHIVED_RELEASE_20260821,false,true,true
1987-08-31,1987-08,74.100,74.100,2025=100指数,M,CPI2025_EXRENT,总务省(e-Stat),OFFICIAL_CANONICAL,CPI2025BASE,linked level RETROSPECTIVE_REBASE,2026-08-21,RETROSPECTIVE_REBASE,VERIFIED,ARCHIVED_RELEASE_20260821,false,true,true
1987-09-30,1987-09,74.800,74.800,2025=100指数,M,CPI2025_EXRENT,总务省(e-Stat),OFFICIAL_CANONICAL,CPI2025BASE,linked level RETROSPECTIVE_REBASE,2026-08-21,RETROSPECTIVE_REBASE,VERIFIED,ARCHIVED_RELEASE_20260821,false,true,true
1987-10-31,1987-10,74.800,74.800,2025=100指数,M,CPI2025_EXRENT,总务省(e-Stat),OFFICIAL_CANONICAL,CPI2025BASE,linked level RETROSPECTIVE_REBASE,2026-08-21,RETROSPECTIVE_REBASE,VERIFIED,ARCHIVED_RELEASE_20260821,false,true,true
1987-11-30,1987-11,74.400,74.400,2025=100指数,M,CPI2025_EXRENT,总务省(e-Stat),OFFICIAL_CANONICAL,CPI2025BASE,linked level RETROSPECTIVE_REBASE,2026-08-21,RETROSPECTIVE_REBASE,VERIFIED,ARCHIVED_RELEASE_20260821,false,true,true
1987-12-31,1987-12,74.300,74.300,2025=100指数,M,CPI2025_EXRENT,总务省(e-Stat),OFFICIAL_CANONICAL,CPI2025BASE,linked level RETROSPECTIVE_REBASE,2026-08-21,RETROSPECTIVE_REBASE,VERIFIED,ARCHIVED_RELEASE_20260821,false,true,true
1988-01-31,1988-01,74.100,74.100,2025=100指数,M,CPI2025_EXRENT,总务省(e-Stat),OFFICIAL_CANONICAL,CPI2025BASE,linked level RETROSPECTIVE_REBASE,2026-08-21,RETROSPECTIVE_REBASE,VERIFIED,ARCHIVED_RELEASE_20260821,false,true,true
1988-02-29,1988-02,73.900,73.900,2025=100指数,M,CPI2025_EXRENT,总务省(e-Stat),OFFICIAL_CANONICAL,CPI2025BASE,linked level RETROSPECTIVE_REBASE,2026-08-21,RETROSPECTIVE_REBASE,VERIFIED,ARCHIVED_RELEASE_20260821,false,true,true
1988-03-31,1988-03,74.200,74.200,2025=100指数,M,CPI2025_EXRENT,总务省(e-Stat),OFFICIAL_CANONICAL,CPI2025BASE,linked level RETROSPECTIVE_REBASE,2026-08-21,RETROSPECTIVE_REBASE,VERIFIED,ARCHIVED_RELEASE_20260821,false,true,true
1988-04-30,1988-04,74.500,74.500,2025=100指数,M,CPI2025_EXRENT,总务省(e-Stat),OFFICIAL_CANONICAL,CPI2025BASE,linked level RETROSPECTIVE_REBASE,2026-08-21,RETROSPECTIVE_REBASE,VERIFIED,ARCHIVED_RELEASE_20260821,false,true,true
1988-05-31,1988-05,74.600,74.600,2025=100指数,M,CPI2025_EXRENT,总务省(e-Stat),OFFICIAL_CANONICAL,CPI2025BASE,linked level RETROSPECTIVE_REBASE,2026-08-21,RETROSPECTIVE_REBASE,VERIFIED,ARCHIVED_RELEASE_20260821,false,true,true
1988-06-30,1988-06,74.400,74.400,2025=100指数,M,CPI2025_EXRENT,总务省(e-Stat),OFFICIAL_CANONICAL,CPI2025BASE,linked level RETROSPECTIVE_REBASE,2026-08-21,RETROSPECTIVE_REBASE,VERIFIED,ARCHIVED_RELEASE_20260821,false,true,true
1988-07-31,1988-07,74.300,74.300,2025=100指数,M,CPI2025_EXRENT,总务省(e-Stat),OFFICIAL_CANONICAL,CPI2025BASE,linked level RETROSPECTIVE_REBASE,2026-08-21,RETROSPECTIVE_REBASE,VERIFIED,ARCHIVED_RELEASE_20260821,false,true,true
1988-08-31,1988-08,74.500,74.500,2025=100指数,M,CPI2025_EXRENT,总务省(e-Stat),OFFICIAL_CANONICAL,CPI2025BASE,linked level RETROSPECTIVE_REBASE,2026-08-21,RETROSPECTIVE_REBASE,VERIFIED,ARCHIVED_RELEASE_20260821,false,true,true
1988-09-30,1988-09,75.200,75.200,2025=100指数,M,CPI2025_EXRENT,总务省(e-Stat),OFFICIAL_CANONICAL,CPI2025BASE,linked level RETROSPECTIVE_REBASE,2026-08-21,RETROSPECTIVE_REBASE,VERIFIED,ARCHIVED_RELEASE_20260821,false,true,true
1988-10-31,1988-10,75.600,75.600,2025=100指数,M,CPI2025_EXRENT,总务省(e-Stat),OFFICIAL_CANONICAL,CPI2025BASE,linked level RETROSPECTIVE_REBASE,2026-08-21,RETROSPECTIVE_REBASE,VERIFIED,ARCHIVED_RELEASE_20260821,false,true,true
1988-11-30,1988-11,75.200,75.200,2025=100指数,M,CPI2025_EXRENT,总务省(e-Stat),OFFICIAL_CANONICAL,CPI2025BASE,linked level RETROSPECTIVE_REBASE,2026-08-21,RETROSPECTIVE_REBASE,VERIFIED,ARCHIVED_RELEASE_20260821,false,true,true
1988-12-31,1988-12,75.000,75.000,2025=100指数,M,CPI2025_EXRENT,总务省(e-Stat),OFFICIAL_CANONICAL,CPI2025BASE,linked level RETROSPECTIVE_REBASE,2026-08-21,RETROSPECTIVE_REBASE,VERIFIED,ARCHIVED_RELEASE_20260821,false,true,true
1989-01-31,1989-01,74.700,74.700,2025=100指数,M,CPI2025_EXRENT,总务省(e-Stat),OFFICIAL_CANONICAL,CPI2025BASE,linked level RETROSPECTIVE_REBASE,2026-08-21,RETROSPECTIVE_REBASE,VERIFIED,ARCHIVED_RELEASE_20260821,false,true,true
1989-02-28,1989-02,74.500,74.500,2025=100指数,M,CPI2025_EXRENT,总务省(e-Stat),OFFICIAL_CANONICAL,CPI2025BASE,linked level RETROSPECTIVE_REBASE,2026-08-21,RETROSPECTIVE_REBASE,VERIFIED,ARCHIVED_RELEASE_20260821,false,true,true
1989-03-31,1989-03,74.900,74.900,2025=100指数,M,CPI2025_EXRENT,总务省(e-Stat),OFFICIAL_CANONICAL,CPI2025BASE,linked level RETROSPECTIVE_REBASE,2026-08-21,RETROSPECTIVE_REBASE,VERIFIED,ARCHIVED_RELEASE_20260821,false,true,true
1989-04-30,1989-04,76.300,76.300,2025=100指数,M,CPI2025_EXRENT,总务省(e-Stat),OFFICIAL_CANONICAL,CPI2025BASE,linked level RETROSPECTIVE_REBASE,2026-08-21,RETROSPECTIVE_REBASE,VERIFIED,ARCHIVED_RELEASE_20260821,false,true,true
1989-05-31,1989-05,76.800,76.800,2025=100指数,M,CPI2025_EXRENT,总务省(e-Stat),OFFICIAL_CANONICAL,CPI2025BASE,linked level RETROSPECTIVE_REBASE,2026-08-21,RETROSPECTIVE_REBASE,VERIFIED,ARCHIVED_RELEASE_20260821,false,true,true
1989-06-30,1989-06,76.700,76.700,2025=100指数,M,CPI2025_EXRENT,总务省(e-Stat),OFFICIAL_CANONICAL,CPI2025BASE,linked level RETROSPECTIVE_REBASE,2026-08-21,RETROSPECTIVE_REBASE,VERIFIED,ARCHIVED_RELEASE_20260821,false,true,true
1989-07-31,1989-07,76.500,76.500,2025=100指数,M,CPI2025_EXRENT,总务省(e-Stat),OFFICIAL_CANONICAL,CPI2025BASE,linked level RETROSPECTIVE_REBASE,2026-08-21,RETROSPECTIVE_REBASE,VERIFIED,ARCHIVED_RELEASE_20260821,false,true,true
1989-08-31,1989-08,76.400,76.400,2025=100指数,M,CPI2025_EXRENT,总务省(e-Stat),OFFICIAL_CANONICAL,CPI2025BASE,linked level RETROSPECTIVE_REBASE,2026-08-21,RETROSPECTIVE_REBASE,VERIFIED,ARCHIVED_RELEASE_20260821,false,true,true
1989-09-30,1989-09,77.100,77.100,2025=100指数,M,CPI2025_EXRENT,总务省(e-Stat),OFFICIAL_CANONICAL,CPI2025BASE,linked level RETROSPECTIVE_REBASE,2026-08-21,RETROSPECTIVE_REBASE,VERIFIED,ARCHIVED_RELEASE_20260821,false,true,true
1989-10-31,1989-10,77.800,77.800,2025=100指数,M,CPI2025_EXRENT,总务省(e-Stat),OFFICIAL_CANONICAL,CPI2025BASE,linked level RETROSPECTIVE_REBASE,2026-08-21,RETROSPECTIVE_REBASE,VERIFIED,ARCHIVED_RELEASE_20260821,false,true,true
1989-11-30,1989-11,76.900,76.900,2025=100指数,M,CPI2025_EXRENT,总务省(e-Stat),OFFICIAL_CANONICAL,CPI2025BASE,linked level RETROSPECTIVE_REBASE,2026-08-21,RETROSPECTIVE_REBASE,VERIFIED,ARCHIVED_RELEASE_20260821,false,true,true
1989-12-31,1989-12,76.900,76.900,2025=100指数,M,CPI2025_EXRENT,总务省(e-Stat),OFFICIAL_CANONICAL,CPI2025BASE,linked level RETROSPECTIVE_REBASE,2026-08-21,RETROSPECTIVE_REBASE,VERIFIED,ARCHIVED_RELEASE_20260821,false,true,true
1990-01-31,1990-01,77.200,77.200,2025=100指数,M,CPI2025_EXRENT,总务省(e-Stat),OFFICIAL_CANONICAL,CPI2025BASE,linked level RETROSPECTIVE_REBASE,2026-08-21,RETROSPECTIVE_REBASE,VERIFIED,ARCHIVED_RELEASE_20260821,false,true,true
1990-02-28,1990-02,77.400,77.400,2025=100指数,M,CPI2025_EXRENT,总务省(e-Stat),OFFICIAL_CANONICAL,CPI2025BASE,linked level RETROSPECTIVE_REBASE,2026-08-21,RETROSPECTIVE_REBASE,VERIFIED,ARCHIVED_RELEASE_20260821,false,true,true
1990-03-31,1990-03,77.700,77.700,2025=100指数,M,CPI2025_EXRENT,总务省(e-Stat),OFFICIAL_CANONICAL,CPI2025BASE,linked level RETROSPECTIVE_REBASE,2026-08-21,RETROSPECTIVE_REBASE,VERIFIED,ARCHIVED_RELEASE_20260821,false,true,true
1990-04-30,1990-04,78.400,78.400,2025=100指数,M,CPI2025_EXRENT,总务省(e-Stat),OFFICIAL_CANONICAL,CPI2025BASE,linked level RETROSPECTIVE_REBASE,2026-08-21,RETROSPECTIVE_REBASE,VERIFIED,ARCHIVED_RELEASE_20260821,false,true,true
1990-05-31,1990-05,78.800,78.800,2025=100指数,M,CPI2025_EXRENT,总务省(e-Stat),OFFICIAL_CANONICAL,CPI2025BASE,linked level RETROSPECTIVE_REBASE,2026-08-21,RETROSPECTIVE_REBASE,VERIFIED,ARCHIVED_RELEASE_20260821,false,true,true
1990-06-30,1990-06,78.400,78.400,2025=100指数,M,CPI2025_EXRENT,总务省(e-Stat),OFFICIAL_CANONICAL,CPI2025BASE,linked level RETROSPECTIVE_REBASE,2026-08-21,RETROSPECTIVE_REBASE,VERIFIED,ARCHIVED_RELEASE_20260821,false,true,true
1990-07-31,1990-07,78.300,78.300,2025=100指数,M,CPI2025_EXRENT,总务省(e-Stat),OFFICIAL_CANONICAL,CPI2025BASE,linked level RETROSPECTIVE_REBASE,2026-08-21,RETROSPECTIVE_REBASE,VERIFIED,ARCHIVED_RELEASE_20260821,false,true,true
1990-08-31,1990-08,78.600,78.600,2025=100指数,M,CPI2025_EXRENT,总务省(e-Stat),OFFICIAL_CANONICAL,CPI2025BASE,linked level RETROSPECTIVE_REBASE,2026-08-21,RETROSPECTIVE_REBASE,VERIFIED,ARCHIVED_RELEASE_20260821,false,true,true
1990-09-30,1990-09,79.200,79.200,2025=100指数,M,CPI2025_EXRENT,总务省(e-Stat),OFFICIAL_CANONICAL,CPI2025BASE,linked level RETROSPECTIVE_REBASE,2026-08-21,RETROSPECTIVE_REBASE,VERIFIED,ARCHIVED_RELEASE_20260821,false,true,true
1990-10-31,1990-10,80.200,80.200,2025=100指数,M,CPI2025_EXRENT,总务省(e-Stat),OFFICIAL_CANONICAL,CPI2025BASE,linked level RETROSPECTIVE_REBASE,2026-08-21,RETROSPECTIVE_REBASE,VERIFIED,ARCHIVED_RELEASE_20260821,false,true,true
1990-11-30,1990-11,80.000,80.000,2025=100指数,M,CPI2025_EXRENT,总务省(e-Stat),OFFICIAL_CANONICAL,CPI2025BASE,linked level RETROSPECTIVE_REBASE,2026-08-21,RETROSPECTIVE_REBASE,VERIFIED,ARCHIVED_RELEASE_20260821,false,true,true
1990-12-31,1990-12,79.800,79.800,2025=100指数,M,CPI2025_EXRENT,总务省(e-Stat),OFFICIAL_CANONICAL,CPI2025BASE,linked level RETROSPECTIVE_REBASE,2026-08-21,RETROSPECTIVE_REBASE,VERIFIED,ARCHIVED_RELEASE_20260821,false,true,true
1991-01-31,1991-01,80.500,80.500,2025=100指数,M,CPI2025_EXRENT,总务省(e-Stat),OFFICIAL_CANONICAL,CPI2025BASE,linked level RETROSPECTIVE_REBASE,2026-08-21,RETROSPECTIVE_REBASE,VERIFIED,ARCHIVED_RELEASE_20260821,false,true,true
1991-02-28,1991-02,80.200,80.200,2025=100指数,M,CPI2025_EXRENT,总务省(e-Stat),OFFICIAL_CANONICAL,CPI2025BASE,linked level RETROSPECTIVE_REBASE,2026-08-21,RETROSPECTIVE_REBASE,VERIFIED,ARCHIVED_RELEASE_20260821,false,true,true
1991-03-31,1991-03,80.600,80.600,2025=100指数,M,CPI2025_EXRENT,总务省(e-Stat),OFFICIAL_CANONICAL,CPI2025BASE,linked level RETROSPECTIVE_REBASE,2026-08-21,RETROSPECTIVE_REBASE,VERIFIED,ARCHIVED_RELEASE_20260821,false,true,true
1991-04-30,1991-04,81.100,81.100,2025=100指数,M,CPI2025_EXRENT,总务省(e-Stat),OFFICIAL_CANONICAL,CPI2025BASE,linked level RETROSPECTIVE_REBASE,2026-08-21,RETROSPECTIVE_REBASE,VERIFIED,ARCHIVED_RELEASE_20260821,false,true,true
1991-05-31,1991-05,81.500,81.500,2025=100指数,M,CPI2025_EXRENT,总务省(e-Stat),OFFICIAL_CANONICAL,CPI2025BASE,linked level RETROSPECTIVE_REBASE,2026-08-21,RETROSPECTIVE_REBASE,VERIFIED,ARCHIVED_RELEASE_20260821,false,true,true
1991-06-30,1991-06,81.100,81.100,2025=100指数,M,CPI2025_EXRENT,总务省(e-Stat),OFFICIAL_CANONICAL,CPI2025BASE,linked level RETROSPECTIVE_REBASE,2026-08-21,RETROSPECTIVE_REBASE,VERIFIED,ARCHIVED_RELEASE_20260821,false,true,true
1991-07-31,1991-07,81.000,81.000,2025=100指数,M,CPI2025_EXRENT,总务省(e-Stat),OFFICIAL_CANONICAL,CPI2025BASE,linked level RETROSPECTIVE_REBASE,2026-08-21,RETROSPECTIVE_REBASE,VERIFIED,ARCHIVED_RELEASE_20260821,false,true,true
1991-08-31,1991-08,81.200,81.200,2025=100指数,M,CPI2025_EXRENT,总务省(e-Stat),OFFICIAL_CANONICAL,CPI2025BASE,linked level RETROSPECTIVE_REBASE,2026-08-21,RETROSPECTIVE_REBASE,VERIFIED,ARCHIVED_RELEASE_20260821,false,true,true
1991-09-30,1991-09,81.300,81.300,2025=100指数,M,CPI2025_EXRENT,总务省(e-Stat),OFFICIAL_CANONICAL,CPI2025BASE,linked level RETROSPECTIVE_REBASE,2026-08-21,RETROSPECTIVE_REBASE,VERIFIED,ARCHIVED_RELEASE_20260821,false,true,true
1991-10-31,1991-10,82.200,82.200,2025=100指数,M,CPI2025_EXRENT,总务省(e-Stat),OFFICIAL_CANONICAL,CPI2025BASE,linked level RETROSPECTIVE_REBASE,2026-08-21,RETROSPECTIVE_REBASE,VERIFIED,ARCHIVED_RELEASE_20260821,false,true,true
1991-11-30,1991-11,82.400,82.400,2025=100指数,M,CPI2025_EXRENT,总务省(e-Stat),OFFICIAL_CANONICAL,CPI2025BASE,linked level RETROSPECTIVE_REBASE,2026-08-21,RETROSPECTIVE_REBASE,VERIFIED,ARCHIVED_RELEASE_20260821,false,true,true
1991-12-31,1991-12,82.000,82.000,2025=100指数,M,CPI2025_EXRENT,总务省(e-Stat),OFFICIAL_CANONICAL,CPI2025BASE,linked level RETROSPECTIVE_REBASE,2026-08-21,RETROSPECTIVE_REBASE,VERIFIED,ARCHIVED_RELEASE_20260821,false,true,true
1992-01-31,1992-01,81.800,81.800,2025=100指数,M,CPI2025_EXRENT,总务省(e-Stat),OFFICIAL_CANONICAL,CPI2025BASE,linked level RETROSPECTIVE_REBASE,2026-08-21,RETROSPECTIVE_REBASE,VERIFIED,ARCHIVED_RELEASE_20260821,false,true,true
1992-02-29,1992-02,81.700,81.700,2025=100指数,M,CPI2025_EXRENT,总务省(e-Stat),OFFICIAL_CANONICAL,CPI2025BASE,linked level RETROSPECTIVE_REBASE,2026-08-21,RETROSPECTIVE_REBASE,VERIFIED,ARCHIVED_RELEASE_20260821,false,true,true
1992-03-31,1992-03,82.000,82.000,2025=100指数,M,CPI2025_EXRENT,总务省(e-Stat),OFFICIAL_CANONICAL,CPI2025BASE,linked level RETROSPECTIVE_REBASE,2026-08-21,RETROSPECTIVE_REBASE,VERIFIED,ARCHIVED_RELEASE_20260821,false,true,true
1992-04-30,1992-04,83.100,83.100,2025=100指数,M,CPI2025_EXRENT,总务省(e-Stat),OFFICIAL_CANONICAL,CPI2025BASE,linked level RETROSPECTIVE_REBASE,2026-08-21,RETROSPECTIVE_REBASE,VERIFIED,ARCHIVED_RELEASE_20260821,false,true,true
1992-05-31,1992-05,83.100,83.100,2025=100指数,M,CPI2025_EXRENT,总务省(e-Stat),OFFICIAL_CANONICAL,CPI2025BASE,linked level RETROSPECTIVE_REBASE,2026-08-21,RETROSPECTIVE_REBASE,VERIFIED,ARCHIVED_RELEASE_20260821,false,true,true
1992-06-30,1992-06,82.900,82.900,2025=100指数,M,CPI2025_EXRENT,总务省(e-Stat),OFFICIAL_CANONICAL,CPI2025BASE,linked level RETROSPECTIVE_REBASE,2026-08-21,RETROSPECTIVE_REBASE,VERIFIED,ARCHIVED_RELEASE_20260821,false,true,true
1992-07-31,1992-07,82.200,82.200,2025=100指数,M,CPI2025_EXRENT,总务省(e-Stat),OFFICIAL_CANONICAL,CPI2025BASE,linked level RETROSPECTIVE_REBASE,2026-08-21,RETROSPECTIVE_REBASE,VERIFIED,ARCHIVED_RELEASE_20260821,false,true,true
1992-08-31,1992-08,82.500,82.500,2025=100指数,M,CPI2025_EXRENT,总务省(e-Stat),OFFICIAL_CANONICAL,CPI2025BASE,linked level RETROSPECTIVE_REBASE,2026-08-21,RETROSPECTIVE_REBASE,VERIFIED,ARCHIVED_RELEASE_20260821,false,true,true
1992-09-30,1992-09,83.000,83.000,2025=100指数,M,CPI2025_EXRENT,总务省(e-Stat),OFFICIAL_CANONICAL,CPI2025BASE,linked level RETROSPECTIVE_REBASE,2026-08-21,RETROSPECTIVE_REBASE,VERIFIED,ARCHIVED_RELEASE_20260821,false,true,true
1992-10-31,1992-10,83.000,83.000,2025=100指数,M,CPI2025_EXRENT,总务省(e-Stat),OFFICIAL_CANONICAL,CPI2025BASE,linked level RETROSPECTIVE_REBASE,2026-08-21,RETROSPECTIVE_REBASE,VERIFIED,ARCHIVED_RELEASE_20260821,false,true,true
1992-11-30,1992-11,82.800,82.800,2025=100指数,M,CPI2025_EXRENT,总务省(e-Stat),OFFICIAL_CANONICAL,CPI2025BASE,linked level RETROSPECTIVE_REBASE,2026-08-21,RETROSPECTIVE_REBASE,VERIFIED,ARCHIVED_RELEASE_20260821,false,true,true
1992-12-31,1992-12,82.800,82.800,2025=100指数,M,CPI2025_EXRENT,总务省(e-Stat),OFFICIAL_CANONICAL,CPI2025BASE,linked level RETROSPECTIVE_REBASE,2026-08-21,RETROSPECTIVE_REBASE,VERIFIED,ARCHIVED_RELEASE_20260821,false,true,true
1993-01-31,1993-01,82.700,82.700,2025=100指数,M,CPI2025_EXRENT,总务省(e-Stat),OFFICIAL_CANONICAL,CPI2025BASE,linked level RETROSPECTIVE_REBASE,2026-08-21,RETROSPECTIVE_REBASE,VERIFIED,ARCHIVED_RELEASE_20260821,false,true,true
1993-02-28,1993-02,82.800,82.800,2025=100指数,M,CPI2025_EXRENT,总务省(e-Stat),OFFICIAL_CANONICAL,CPI2025BASE,linked level RETROSPECTIVE_REBASE,2026-08-21,RETROSPECTIVE_REBASE,VERIFIED,ARCHIVED_RELEASE_20260821,false,true,true
1993-03-31,1993-03,83.100,83.100,2025=100指数,M,CPI2025_EXRENT,总务省(e-Stat),OFFICIAL_CANONICAL,CPI2025BASE,linked level RETROSPECTIVE_REBASE,2026-08-21,RETROSPECTIVE_REBASE,VERIFIED,ARCHIVED_RELEASE_20260821,false,true,true
1993-04-30,1993-04,83.500,83.500,2025=100指数,M,CPI2025_EXRENT,总务省(e-Stat),OFFICIAL_CANONICAL,CPI2025BASE,linked level RETROSPECTIVE_REBASE,2026-08-21,RETROSPECTIVE_REBASE,VERIFIED,ARCHIVED_RELEASE_20260821,false,true,true
1993-05-31,1993-05,83.700,83.700,2025=100指数,M,CPI2025_EXRENT,总务省(e-Stat),OFFICIAL_CANONICAL,CPI2025BASE,linked level RETROSPECTIVE_REBASE,2026-08-21,RETROSPECTIVE_REBASE,VERIFIED,ARCHIVED_RELEASE_20260821,false,true,true
1993-06-30,1993-06,83.600,83.600,2025=100指数,M,CPI2025_EXRENT,总务省(e-Stat),OFFICIAL_CANONICAL,CPI2025BASE,linked level RETROSPECTIVE_REBASE,2026-08-21,RETROSPECTIVE_REBASE,VERIFIED,ARCHIVED_RELEASE_20260821,false,true,true
1993-07-31,1993-07,83.800,83.800,2025=100指数,M,CPI2025_EXRENT,总务省(e-Stat),OFFICIAL_CANONICAL,CPI2025BASE,linked level RETROSPECTIVE_REBASE,2026-08-21,RETROSPECTIVE_REBASE,VERIFIED,ARCHIVED_RELEASE_20260821,false,true,true
1993-08-31,1993-08,84.000,84.000,2025=100指数,M,CPI2025_EXRENT,总务省(e-Stat),OFFICIAL_CANONICAL,CPI2025BASE,linked level RETROSPECTIVE_REBASE,2026-08-21,RETROSPECTIVE_REBASE,VERIFIED,ARCHIVED_RELEASE_20260821,false,true,true
1993-09-30,1993-09,84.100,84.100,2025=100指数,M,CPI2025_EXRENT,总务省(e-Stat),OFFICIAL_CANONICAL,CPI2025BASE,linked level RETROSPECTIVE_REBASE,2026-08-21,RETROSPECTIVE_REBASE,VERIFIED,ARCHIVED_RELEASE_20260821,false,true,true
1993-10-31,1993-10,84.000,84.000,2025=100指数,M,CPI2025_EXRENT,总务省(e-Stat),OFFICIAL_CANONICAL,CPI2025BASE,linked level RETROSPECTIVE_REBASE,2026-08-21,RETROSPECTIVE_REBASE,VERIFIED,ARCHIVED_RELEASE_20260821,false,true,true
1993-11-30,1993-11,83.500,83.500,2025=100指数,M,CPI2025_EXRENT,总务省(e-Stat),OFFICIAL_CANONICAL,CPI2025BASE,linked level RETROSPECTIVE_REBASE,2026-08-21,RETROSPECTIVE_REBASE,VERIFIED,ARCHIVED_RELEASE_20260821,false,true,true
1993-12-31,1993-12,83.500,83.500,2025=100指数,M,CPI2025_EXRENT,总务省(e-Stat),OFFICIAL_CANONICAL,CPI2025BASE,linked level RETROSPECTIVE_REBASE,2026-08-21,RETROSPECTIVE_REBASE,VERIFIED,ARCHIVED_RELEASE_20260821,false,true,true
1994-01-31,1994-01,83.600,83.600,2025=100指数,M,CPI2025_EXRENT,总务省(e-Stat),OFFICIAL_CANONICAL,CPI2025BASE,linked level RETROSPECTIVE_REBASE,2026-08-21,RETROSPECTIVE_REBASE,VERIFIED,ARCHIVED_RELEASE_20260821,false,true,true
1994-02-28,1994-02,83.500,83.500,2025=100指数,M,CPI2025_EXRENT,总务省(e-Stat),OFFICIAL_CANONICAL,CPI2025BASE,linked level RETROSPECTIVE_REBASE,2026-08-21,RETROSPECTIVE_REBASE,VERIFIED,ARCHIVED_RELEASE_20260821,false,true,true
1994-03-31,1994-03,84.000,84.000,2025=100指数,M,CPI2025_EXRENT,总务省(e-Stat),OFFICIAL_CANONICAL,CPI2025BASE,linked level RETROSPECTIVE_REBASE,2026-08-21,RETROSPECTIVE_REBASE,VERIFIED,ARCHIVED_RELEASE_20260821,false,true,true
1994-04-30,1994-04,84.100,84.100,2025=100指数,M,CPI2025_EXRENT,总务省(e-Stat),OFFICIAL_CANONICAL,CPI2025BASE,linked level RETROSPECTIVE_REBASE,2026-08-21,RETROSPECTIVE_REBASE,VERIFIED,ARCHIVED_RELEASE_20260821,false,true,true
1994-05-31,1994-05,84.300,84.300,2025=100指数,M,CPI2025_EXRENT,总务省(e-Stat),OFFICIAL_CANONICAL,CPI2025BASE,linked level RETROSPECTIVE_REBASE,2026-08-21,RETROSPECTIVE_REBASE,VERIFIED,ARCHIVED_RELEASE_20260821,false,true,true
1994-06-30,1994-06,83.900,83.900,2025=100指数,M,CPI2025_EXRENT,总务省(e-Stat),OFFICIAL_CANONICAL,CPI2025BASE,linked level RETROSPECTIVE_REBASE,2026-08-21,RETROSPECTIVE_REBASE,VERIFIED,ARCHIVED_RELEASE_20260821,false,true,true
1994-07-31,1994-07,83.500,83.500,2025=100指数,M,CPI2025_EXRENT,总务省(e-Stat),OFFICIAL_CANONICAL,CPI2025BASE,linked level RETROSPECTIVE_REBASE,2026-08-21,RETROSPECTIVE_REBASE,VERIFIED,ARCHIVED_RELEASE_20260821,false,true,true
1994-08-31,1994-08,83.900,83.900,2025=100指数,M,CPI2025_EXRENT,总务省(e-Stat),OFFICIAL_CANONICAL,CPI2025BASE,linked level RETROSPECTIVE_REBASE,2026-08-21,RETROSPECTIVE_REBASE,VERIFIED,ARCHIVED_RELEASE_20260821,false,true,true
1994-09-30,1994-09,84.100,84.100,2025=100指数,M,CPI2025_EXRENT,总务省(e-Stat),OFFICIAL_CANONICAL,CPI2025BASE,linked level RETROSPECTIVE_REBASE,2026-08-21,RETROSPECTIVE_REBASE,VERIFIED,ARCHIVED_RELEASE_20260821,false,true,true
1994-10-31,1994-10,84.500,84.500,2025=100指数,M,CPI2025_EXRENT,总务省(e-Stat),OFFICIAL_CANONICAL,CPI2025BASE,linked level RETROSPECTIVE_REBASE,2026-08-21,RETROSPECTIVE_REBASE,VERIFIED,ARCHIVED_RELEASE_20260821,false,true,true
1994-11-30,1994-11,84.200,84.200,2025=100指数,M,CPI2025_EXRENT,总务省(e-Stat),OFFICIAL_CANONICAL,CPI2025BASE,linked level RETROSPECTIVE_REBASE,2026-08-21,RETROSPECTIVE_REBASE,VERIFIED,ARCHIVED_RELEASE_20260821,false,true,true
1994-12-31,1994-12,83.900,83.900,2025=100指数,M,CPI2025_EXRENT,总务省(e-Stat),OFFICIAL_CANONICAL,CPI2025BASE,linked level RETROSPECTIVE_REBASE,2026-08-21,RETROSPECTIVE_REBASE,VERIFIED,ARCHIVED_RELEASE_20260821,false,true,true
1995-01-31,1995-01,84.000,84.000,2025=100指数,M,CPI2025_EXRENT,总务省(e-Stat),OFFICIAL_CANONICAL,CPI2025BASE,linked level RETROSPECTIVE_REBASE,2026-08-21,RETROSPECTIVE_REBASE,VERIFIED,ARCHIVED_RELEASE_20260821,false,true,true
1995-02-28,1995-02,83.600,83.600,2025=100指数,M,CPI2025_EXRENT,总务省(e-Stat),OFFICIAL_CANONICAL,CPI2025BASE,linked level RETROSPECTIVE_REBASE,2026-08-21,RETROSPECTIVE_REBASE,VERIFIED,ARCHIVED_RELEASE_20260821,false,true,true
1995-03-31,1995-03,83.600,83.600,2025=100指数,M,CPI2025_EXRENT,总务省(e-Stat),OFFICIAL_CANONICAL,CPI2025BASE,linked level RETROSPECTIVE_REBASE,2026-08-21,RETROSPECTIVE_REBASE,VERIFIED,ARCHIVED_RELEASE_20260821,false,true,true
1995-04-30,1995-04,83.900,83.900,2025=100指数,M,CPI2025_EXRENT,总务省(e-Stat),OFFICIAL_CANONICAL,CPI2025BASE,linked level RETROSPECTIVE_REBASE,2026-08-21,RETROSPECTIVE_REBASE,VERIFIED,ARCHIVED_RELEASE_20260821,false,true,true
1995-05-31,1995-05,84.000,84.000,2025=100指数,M,CPI2025_EXRENT,总务省(e-Stat),OFFICIAL_CANONICAL,CPI2025BASE,linked level RETROSPECTIVE_REBASE,2026-08-21,RETROSPECTIVE_REBASE,VERIFIED,ARCHIVED_RELEASE_20260821,false,true,true
1995-06-30,1995-06,84.000,84.000,2025=100指数,M,CPI2025_EXRENT,总务省(e-Stat),OFFICIAL_CANONICAL,CPI2025BASE,linked level RETROSPECTIVE_REBASE,2026-08-21,RETROSPECTIVE_REBASE,VERIFIED,ARCHIVED_RELEASE_20260821,false,true,true
1995-07-31,1995-07,83.400,83.400,2025=100指数,M,CPI2025_EXRENT,总务省(e-Stat),OFFICIAL_CANONICAL,CPI2025BASE,linked level RETROSPECTIVE_REBASE,2026-08-21,RETROSPECTIVE_REBASE,VERIFIED,ARCHIVED_RELEASE_20260821,false,true,true
1995-08-31,1995-08,83.400,83.400,2025=100指数,M,CPI2025_EXRENT,总务省(e-Stat),OFFICIAL_CANONICAL,CPI2025BASE,linked level RETROSPECTIVE_REBASE,2026-08-21,RETROSPECTIVE_REBASE,VERIFIED,ARCHIVED_RELEASE_20260821,false,true,true
1995-09-30,1995-09,84.000,84.000,2025=100指数,M,CPI2025_EXRENT,总务省(e-Stat),OFFICIAL_CANONICAL,CPI2025BASE,linked level RETROSPECTIVE_REBASE,2026-08-21,RETROSPECTIVE_REBASE,VERIFIED,ARCHIVED_RELEASE_20260821,false,true,true
1995-10-31,1995-10,83.800,83.800,2025=100指数,M,CPI2025_EXRENT,总务省(e-Stat),OFFICIAL_CANONICAL,CPI2025BASE,linked level RETROSPECTIVE_REBASE,2026-08-21,RETROSPECTIVE_REBASE,VERIFIED,ARCHIVED_RELEASE_20260821,false,true,true
1995-11-30,1995-11,83.400,83.400,2025=100指数,M,CPI2025_EXRENT,总务省(e-Stat),OFFICIAL_CANONICAL,CPI2025BASE,linked level RETROSPECTIVE_REBASE,2026-08-21,RETROSPECTIVE_REBASE,VERIFIED,ARCHIVED_RELEASE_20260821,false,true,true
1995-12-31,1995-12,83.400,83.400,2025=100指数,M,CPI2025_EXRENT,总务省(e-Stat),OFFICIAL_CANONICAL,CPI2025BASE,linked level RETROSPECTIVE_REBASE,2026-08-21,RETROSPECTIVE_REBASE,VERIFIED,ARCHIVED_RELEASE_20260821,false,true,true
1996-01-31,1996-01,83.300,83.300,2025=100指数,M,CPI2025_EXRENT,总务省(e-Stat),OFFICIAL_CANONICAL,CPI2025BASE,linked level RETROSPECTIVE_REBASE,2026-08-21,RETROSPECTIVE_REBASE,VERIFIED,ARCHIVED_RELEASE_20260821,false,true,true
1996-02-29,1996-02,83.200,83.200,2025=100指数,M,CPI2025_EXRENT,总务省(e-Stat),OFFICIAL_CANONICAL,CPI2025BASE,linked level RETROSPECTIVE_REBASE,2026-08-21,RETROSPECTIVE_REBASE,VERIFIED,ARCHIVED_RELEASE_20260821,false,true,true
1996-03-31,1996-03,83.400,83.400,2025=100指数,M,CPI2025_EXRENT,总务省(e-Stat),OFFICIAL_CANONICAL,CPI2025BASE,linked level RETROSPECTIVE_REBASE,2026-08-21,RETROSPECTIVE_REBASE,VERIFIED,ARCHIVED_RELEASE_20260821,false,true,true
1996-04-30,1996-04,83.900,83.900,2025=100指数,M,CPI2025_EXRENT,总务省(e-Stat),OFFICIAL_CANONICAL,CPI2025BASE,linked level RETROSPECTIVE_REBASE,2026-08-21,RETROSPECTIVE_REBASE,VERIFIED,ARCHIVED_RELEASE_20260821,false,true,true
1996-05-31,1996-05,84.000,84.000,2025=100指数,M,CPI2025_EXRENT,总务省(e-Stat),OFFICIAL_CANONICAL,CPI2025BASE,linked level RETROSPECTIVE_REBASE,2026-08-21,RETROSPECTIVE_REBASE,VERIFIED,ARCHIVED_RELEASE_20260821,false,true,true
1996-06-30,1996-06,83.700,83.700,2025=100指数,M,CPI2025_EXRENT,总务省(e-Stat),OFFICIAL_CANONICAL,CPI2025BASE,linked level RETROSPECTIVE_REBASE,2026-08-21,RETROSPECTIVE_REBASE,VERIFIED,ARCHIVED_RELEASE_20260821,false,true,true
1996-07-31,1996-07,83.600,83.600,2025=100指数,M,CPI2025_EXRENT,总务省(e-Stat),OFFICIAL_CANONICAL,CPI2025BASE,linked level RETROSPECTIVE_REBASE,2026-08-21,RETROSPECTIVE_REBASE,VERIFIED,ARCHIVED_RELEASE_20260821,false,true,true
1996-08-31,1996-08,83.500,83.500,2025=100指数,M,CPI2025_EXRENT,总务省(e-Stat),OFFICIAL_CANONICAL,CPI2025BASE,linked level RETROSPECTIVE_REBASE,2026-08-21,RETROSPECTIVE_REBASE,VERIFIED,ARCHIVED_RELEASE_20260821,false,true,true
1996-09-30,1996-09,83.900,83.900,2025=100指数,M,CPI2025_EXRENT,总务省(e-Stat),OFFICIAL_CANONICAL,CPI2025BASE,linked level RETROSPECTIVE_REBASE,2026-08-21,RETROSPECTIVE_REBASE,VERIFIED,ARCHIVED_RELEASE_20260821,false,true,true
1996-10-31,1996-10,84.000,84.000,2025=100指数,M,CPI2025_EXRENT,总务省(e-Stat),OFFICIAL_CANONICAL,CPI2025BASE,linked level RETROSPECTIVE_REBASE,2026-08-21,RETROSPECTIVE_REBASE,VERIFIED,ARCHIVED_RELEASE_20260821,false,true,true
1996-11-30,1996-11,83.700,83.700,2025=100指数,M,CPI2025_EXRENT,总务省(e-Stat),OFFICIAL_CANONICAL,CPI2025BASE,linked level RETROSPECTIVE_REBASE,2026-08-21,RETROSPECTIVE_REBASE,VERIFIED,ARCHIVED_RELEASE_20260821,false,true,true
1996-12-31,1996-12,83.900,83.900,2025=100指数,M,CPI2025_EXRENT,总务省(e-Stat),OFFICIAL_CANONICAL,CPI2025BASE,linked level RETROSPECTIVE_REBASE,2026-08-21,RETROSPECTIVE_REBASE,VERIFIED,ARCHIVED_RELEASE_20260821,false,true,true
1997-01-31,1997-01,83.600,83.600,2025=100指数,M,CPI2025_EXRENT,总务省(e-Stat),OFFICIAL_CANONICAL,CPI2025BASE,linked level RETROSPECTIVE_REBASE,2026-08-21,RETROSPECTIVE_REBASE,VERIFIED,ARCHIVED_RELEASE_20260821,false,true,true
1997-02-28,1997-02,83.400,83.400,2025=100指数,M,CPI2025_EXRENT,总务省(e-Stat),OFFICIAL_CANONICAL,CPI2025BASE,linked level RETROSPECTIVE_REBASE,2026-08-21,RETROSPECTIVE_REBASE,VERIFIED,ARCHIVED_RELEASE_20260821,false,true,true
1997-03-31,1997-03,83.500,83.500,2025=100指数,M,CPI2025_EXRENT,总务省(e-Stat),OFFICIAL_CANONICAL,CPI2025BASE,linked level RETROSPECTIVE_REBASE,2026-08-21,RETROSPECTIVE_REBASE,VERIFIED,ARCHIVED_RELEASE_20260821,false,true,true
1997-04-30,1997-04,85.500,85.500,2025=100指数,M,CPI2025_EXRENT,总务省(e-Stat),OFFICIAL_CANONICAL,CPI2025BASE,linked level RETROSPECTIVE_REBASE,2026-08-21,RETROSPECTIVE_REBASE,VERIFIED,ARCHIVED_RELEASE_20260821,false,true,true
1997-05-31,1997-05,85.600,85.600,2025=100指数,M,CPI2025_EXRENT,总务省(e-Stat),OFFICIAL_CANONICAL,CPI2025BASE,linked level RETROSPECTIVE_REBASE,2026-08-21,RETROSPECTIVE_REBASE,VERIFIED,ARCHIVED_RELEASE_20260821,false,true,true
1997-06-30,1997-06,85.600,85.600,2025=100指数,M,CPI2025_EXRENT,总务省(e-Stat),OFFICIAL_CANONICAL,CPI2025BASE,linked level RETROSPECTIVE_REBASE,2026-08-21,RETROSPECTIVE_REBASE,VERIFIED,ARCHIVED_RELEASE_20260821,false,true,true
1997-07-31,1997-07,85.200,85.200,2025=100指数,M,CPI2025_EXRENT,总务省(e-Stat),OFFICIAL_CANONICAL,CPI2025BASE,linked level RETROSPECTIVE_REBASE,2026-08-21,RETROSPECTIVE_REBASE,VERIFIED,ARCHIVED_RELEASE_20260821,false,true,true
1997-08-31,1997-08,85.300,85.300,2025=100指数,M,CPI2025_EXRENT,总务省(e-Stat),OFFICIAL_CANONICAL,CPI2025BASE,linked level RETROSPECTIVE_REBASE,2026-08-21,RETROSPECTIVE_REBASE,VERIFIED,ARCHIVED_RELEASE_20260821,false,true,true
1997-09-30,1997-09,86.000,86.000,2025=100指数,M,CPI2025_EXRENT,总务省(e-Stat),OFFICIAL_CANONICAL,CPI2025BASE,linked level RETROSPECTIVE_REBASE,2026-08-21,RETROSPECTIVE_REBASE,VERIFIED,ARCHIVED_RELEASE_20260821,false,true,true
1997-10-31,1997-10,86.200,86.200,2025=100指数,M,CPI2025_EXRENT,总务省(e-Stat),OFFICIAL_CANONICAL,CPI2025BASE,linked level RETROSPECTIVE_REBASE,2026-08-21,RETROSPECTIVE_REBASE,VERIFIED,ARCHIVED_RELEASE_20260821,false,true,true
1997-11-30,1997-11,85.500,85.500,2025=100指数,M,CPI2025_EXRENT,总务省(e-Stat),OFFICIAL_CANONICAL,CPI2025BASE,linked level RETROSPECTIVE_REBASE,2026-08-21,RETROSPECTIVE_REBASE,VERIFIED,ARCHIVED_RELEASE_20260821,false,true,true
1997-12-31,1997-12,85.400,85.400,2025=100指数,M,CPI2025_EXRENT,总务省(e-Stat),OFFICIAL_CANONICAL,CPI2025BASE,linked level RETROSPECTIVE_REBASE,2026-08-21,RETROSPECTIVE_REBASE,VERIFIED,ARCHIVED_RELEASE_20260821,false,true,true
1998-01-31,1998-01,85.300,85.300,2025=100指数,M,CPI2025_EXRENT,总务省(e-Stat),OFFICIAL_CANONICAL,CPI2025BASE,linked level RETROSPECTIVE_REBASE,2026-08-21,RETROSPECTIVE_REBASE,VERIFIED,ARCHIVED_RELEASE_20260821,false,true,true
1998-02-28,1998-02,85.100,85.100,2025=100指数,M,CPI2025_EXRENT,总务省(e-Stat),OFFICIAL_CANONICAL,CPI2025BASE,linked level RETROSPECTIVE_REBASE,2026-08-21,RETROSPECTIVE_REBASE,VERIFIED,ARCHIVED_RELEASE_20260821,false,true,true
1998-03-31,1998-03,85.500,85.500,2025=100指数,M,CPI2025_EXRENT,总务省(e-Stat),OFFICIAL_CANONICAL,CPI2025BASE,linked level RETROSPECTIVE_REBASE,2026-08-21,RETROSPECTIVE_REBASE,VERIFIED,ARCHIVED_RELEASE_20260821,false,true,true
1998-04-30,1998-04,85.700,85.700,2025=100指数,M,CPI2025_EXRENT,总务省(e-Stat),OFFICIAL_CANONICAL,CPI2025BASE,linked level RETROSPECTIVE_REBASE,2026-08-21,RETROSPECTIVE_REBASE,VERIFIED,ARCHIVED_RELEASE_20260821,false,true,true
1998-05-31,1998-05,86.000,86.000,2025=100指数,M,CPI2025_EXRENT,总务省(e-Stat),OFFICIAL_CANONICAL,CPI2025BASE,linked level RETROSPECTIVE_REBASE,2026-08-21,RETROSPECTIVE_REBASE,VERIFIED,ARCHIVED_RELEASE_20260821,false,true,true
1998-06-30,1998-06,85.600,85.600,2025=100指数,M,CPI2025_EXRENT,总务省(e-Stat),OFFICIAL_CANONICAL,CPI2025BASE,linked level RETROSPECTIVE_REBASE,2026-08-21,RETROSPECTIVE_REBASE,VERIFIED,ARCHIVED_RELEASE_20260821,false,true,true
1998-07-31,1998-07,85.000,85.000,2025=100指数,M,CPI2025_EXRENT,总务省(e-Stat),OFFICIAL_CANONICAL,CPI2025BASE,linked level RETROSPECTIVE_REBASE,2026-08-21,RETROSPECTIVE_REBASE,VERIFIED,ARCHIVED_RELEASE_20260821,false,true,true
1998-08-31,1998-08,84.900,84.900,2025=100指数,M,CPI2025_EXRENT,总务省(e-Stat),OFFICIAL_CANONICAL,CPI2025BASE,linked level RETROSPECTIVE_REBASE,2026-08-21,RETROSPECTIVE_REBASE,VERIFIED,ARCHIVED_RELEASE_20260821,false,true,true
1998-09-30,1998-09,85.700,85.700,2025=100指数,M,CPI2025_EXRENT,总务省(e-Stat),OFFICIAL_CANONICAL,CPI2025BASE,linked level RETROSPECTIVE_REBASE,2026-08-21,RETROSPECTIVE_REBASE,VERIFIED,ARCHIVED_RELEASE_20260821,false,true,true
1998-10-31,1998-10,86.400,86.400,2025=100指数,M,CPI2025_EXRENT,总务省(e-Stat),OFFICIAL_CANONICAL,CPI2025BASE,linked level RETROSPECTIVE_REBASE,2026-08-21,RETROSPECTIVE_REBASE,VERIFIED,ARCHIVED_RELEASE_20260821,false,true,true
1998-11-30,1998-11,86.300,86.300,2025=100指数,M,CPI2025_EXRENT,总务省(e-Stat),OFFICIAL_CANONICAL,CPI2025BASE,linked level RETROSPECTIVE_REBASE,2026-08-21,RETROSPECTIVE_REBASE,VERIFIED,ARCHIVED_RELEASE_20260821,false,true,true
1998-12-31,1998-12,85.900,85.900,2025=100指数,M,CPI2025_EXRENT,总务省(e-Stat),OFFICIAL_CANONICAL,CPI2025BASE,linked level RETROSPECTIVE_REBASE,2026-08-21,RETROSPECTIVE_REBASE,VERIFIED,ARCHIVED_RELEASE_20260821,false,true,true
1999-01-31,1999-01,85.500,85.500,2025=100指数,M,CPI2025_EXRENT,总务省(e-Stat),OFFICIAL_CANONICAL,CPI2025BASE,linked level RETROSPECTIVE_REBASE,2026-08-21,RETROSPECTIVE_REBASE,VERIFIED,ARCHIVED_RELEASE_20260821,false,true,true
1999-02-28,1999-02,85.100,85.100,2025=100指数,M,CPI2025_EXRENT,总务省(e-Stat),OFFICIAL_CANONICAL,CPI2025BASE,linked level RETROSPECTIVE_REBASE,2026-08-21,RETROSPECTIVE_REBASE,VERIFIED,ARCHIVED_RELEASE_20260821,false,true,true
1999-03-31,1999-03,85.100,85.100,2025=100指数,M,CPI2025_EXRENT,总务省(e-Stat),OFFICIAL_CANONICAL,CPI2025BASE,linked level RETROSPECTIVE_REBASE,2026-08-21,RETROSPECTIVE_REBASE,VERIFIED,ARCHIVED_RELEASE_20260821,false,true,true
1999-04-30,1999-04,85.500,85.500,2025=100指数,M,CPI2025_EXRENT,总务省(e-Stat),OFFICIAL_CANONICAL,CPI2025BASE,linked level RETROSPECTIVE_REBASE,2026-08-21,RETROSPECTIVE_REBASE,VERIFIED,ARCHIVED_RELEASE_20260821,false,true,true
1999-05-31,1999-05,85.600,85.600,2025=100指数,M,CPI2025_EXRENT,总务省(e-Stat),OFFICIAL_CANONICAL,CPI2025BASE,linked level RETROSPECTIVE_REBASE,2026-08-21,RETROSPECTIVE_REBASE,VERIFIED,ARCHIVED_RELEASE_20260821,false,true,true
1999-06-30,1999-06,85.300,85.300,2025=100指数,M,CPI2025_EXRENT,总务省(e-Stat),OFFICIAL_CANONICAL,CPI2025BASE,linked level RETROSPECTIVE_REBASE,2026-08-21,RETROSPECTIVE_REBASE,VERIFIED,ARCHIVED_RELEASE_20260821,false,true,true
1999-07-31,1999-07,84.900,84.900,2025=100指数,M,CPI2025_EXRENT,总务省(e-Stat),OFFICIAL_CANONICAL,CPI2025BASE,linked level RETROSPECTIVE_REBASE,2026-08-21,RETROSPECTIVE_REBASE,VERIFIED,ARCHIVED_RELEASE_20260821,false,true,true
1999-08-31,1999-08,85.100,85.100,2025=100指数,M,CPI2025_EXRENT,总务省(e-Stat),OFFICIAL_CANONICAL,CPI2025BASE,linked level RETROSPECTIVE_REBASE,2026-08-21,RETROSPECTIVE_REBASE,VERIFIED,ARCHIVED_RELEASE_20260821,false,true,true
1999-09-30,1999-09,85.500,85.500,2025=100指数,M,CPI2025_EXRENT,总务省(e-Stat),OFFICIAL_CANONICAL,CPI2025BASE,linked level RETROSPECTIVE_REBASE,2026-08-21,RETROSPECTIVE_REBASE,VERIFIED,ARCHIVED_RELEASE_20260821,false,true,true
1999-10-31,1999-10,85.700,85.700,2025=100指数,M,CPI2025_EXRENT,总务省(e-Stat),OFFICIAL_CANONICAL,CPI2025BASE,linked level RETROSPECTIVE_REBASE,2026-08-21,RETROSPECTIVE_REBASE,VERIFIED,ARCHIVED_RELEASE_20260821,false,true,true
1999-11-30,1999-11,85.100,85.100,2025=100指数,M,CPI2025_EXRENT,总务省(e-Stat),OFFICIAL_CANONICAL,CPI2025BASE,linked level RETROSPECTIVE_REBASE,2026-08-21,RETROSPECTIVE_REBASE,VERIFIED,ARCHIVED_RELEASE_20260821,false,true,true
1999-12-31,1999-12,84.800,84.800,2025=100指数,M,CPI2025_EXRENT,总务省(e-Stat),OFFICIAL_CANONICAL,CPI2025BASE,linked level RETROSPECTIVE_REBASE,2026-08-21,RETROSPECTIVE_REBASE,VERIFIED,ARCHIVED_RELEASE_20260821,false,true,true
2000-01-31,2000-01,84.600,84.600,2025=100指数,M,CPI2025_EXRENT,总务省(e-Stat),OFFICIAL_CANONICAL,CPI2025BASE,linked level RETROSPECTIVE_REBASE,2026-08-21,RETROSPECTIVE_REBASE,VERIFIED,ARCHIVED_RELEASE_20260821,false,true,true
2000-02-29,2000-02,84.400,84.400,2025=100指数,M,CPI2025_EXRENT,总务省(e-Stat),OFFICIAL_CANONICAL,CPI2025BASE,linked level RETROSPECTIVE_REBASE,2026-08-21,RETROSPECTIVE_REBASE,VERIFIED,ARCHIVED_RELEASE_20260821,false,true,true
2000-03-31,2000-03,84.600,84.600,2025=100指数,M,CPI2025_EXRENT,总务省(e-Stat),OFFICIAL_CANONICAL,CPI2025BASE,linked level RETROSPECTIVE_REBASE,2026-08-21,RETROSPECTIVE_REBASE,VERIFIED,ARCHIVED_RELEASE_20260821,false,true,true
2000-04-30,2000-04,84.800,84.800,2025=100指数,M,CPI2025_EXRENT,总务省(e-Stat),OFFICIAL_CANONICAL,CPI2025BASE,linked level RETROSPECTIVE_REBASE,2026-08-21,RETROSPECTIVE_REBASE,VERIFIED,ARCHIVED_RELEASE_20260821,false,true,true
2000-05-31,2000-05,84.900,84.900,2025=100指数,M,CPI2025_EXRENT,总务省(e-Stat),OFFICIAL_CANONICAL,CPI2025BASE,linked level RETROSPECTIVE_REBASE,2026-08-21,RETROSPECTIVE_REBASE,VERIFIED,ARCHIVED_RELEASE_20260821,false,true,true
2000-06-30,2000-06,84.600,84.600,2025=100指数,M,CPI2025_EXRENT,总务省(e-Stat),OFFICIAL_CANONICAL,CPI2025BASE,linked level RETROSPECTIVE_REBASE,2026-08-21,RETROSPECTIVE_REBASE,VERIFIED,ARCHIVED_RELEASE_20260821,false,true,true
2000-07-31,2000-07,84.400,84.400,2025=100指数,M,CPI2025_EXRENT,总务省(e-Stat),OFFICIAL_CANONICAL,CPI2025BASE,linked level RETROSPECTIVE_REBASE,2026-08-21,RETROSPECTIVE_REBASE,VERIFIED,ARCHIVED_RELEASE_20260821,false,true,true
2000-08-31,2000-08,84.600,84.600,2025=100指数,M,CPI2025_EXRENT,总务省(e-Stat),OFFICIAL_CANONICAL,CPI2025BASE,linked level RETROSPECTIVE_REBASE,2026-08-21,RETROSPECTIVE_REBASE,VERIFIED,ARCHIVED_RELEASE_20260821,false,true,true
2000-09-30,2000-09,84.500,84.500,2025=100指数,M,CPI2025_EXRENT,总务省(e-Stat),OFFICIAL_CANONICAL,CPI2025BASE,linked level RETROSPECTIVE_REBASE,2026-08-21,RETROSPECTIVE_REBASE,VERIFIED,ARCHIVED_RELEASE_20260821,false,true,true
2000-10-31,2000-10,84.500,84.500,2025=100指数,M,CPI2025_EXRENT,总务省(e-Stat),OFFICIAL_CANONICAL,CPI2025BASE,linked level RETROSPECTIVE_REBASE,2026-08-21,RETROSPECTIVE_REBASE,VERIFIED,ARCHIVED_RELEASE_20260821,false,true,true
2000-11-30,2000-11,84.200,84.200,2025=100指数,M,CPI2025_EXRENT,总务省(e-Stat),OFFICIAL_CANONICAL,CPI2025BASE,linked level RETROSPECTIVE_REBASE,2026-08-21,RETROSPECTIVE_REBASE,VERIFIED,ARCHIVED_RELEASE_20260821,false,true,true
2000-12-31,2000-12,84.400,84.400,2025=100指数,M,CPI2025_EXRENT,总务省(e-Stat),OFFICIAL_CANONICAL,CPI2025BASE,linked level RETROSPECTIVE_REBASE,2026-08-21,RETROSPECTIVE_REBASE,VERIFIED,ARCHIVED_RELEASE_20260821,false,true,true
2001-01-31,2001-01,84.300,84.300,2025=100指数,M,CPI2025_EXRENT,总务省(e-Stat),OFFICIAL_CANONICAL,CPI2025BASE,linked level RETROSPECTIVE_REBASE,2026-08-21,RETROSPECTIVE_REBASE,VERIFIED,ARCHIVED_RELEASE_20260821,false,true,true
2001-02-28,2001-02,84.000,84.000,2025=100指数,M,CPI2025_EXRENT,总务省(e-Stat),OFFICIAL_CANONICAL,CPI2025BASE,linked level RETROSPECTIVE_REBASE,2026-08-21,RETROSPECTIVE_REBASE,VERIFIED,ARCHIVED_RELEASE_20260821,false,true,true
2001-03-31,2001-03,83.900,83.900,2025=100指数,M,CPI2025_EXRENT,总务省(e-Stat),OFFICIAL_CANONICAL,CPI2025BASE,linked level RETROSPECTIVE_REBASE,2026-08-21,RETROSPECTIVE_REBASE,VERIFIED,ARCHIVED_RELEASE_20260821,false,true,true
2001-04-30,2001-04,83.900,83.900,2025=100指数,M,CPI2025_EXRENT,总务省(e-Stat),OFFICIAL_CANONICAL,CPI2025BASE,linked level RETROSPECTIVE_REBASE,2026-08-21,RETROSPECTIVE_REBASE,VERIFIED,ARCHIVED_RELEASE_20260821,false,true,true
2001-05-31,2001-05,84.100,84.100,2025=100指数,M,CPI2025_EXRENT,总务省(e-Stat),OFFICIAL_CANONICAL,CPI2025BASE,linked level RETROSPECTIVE_REBASE,2026-08-21,RETROSPECTIVE_REBASE,VERIFIED,ARCHIVED_RELEASE_20260821,false,true,true
2001-06-30,2001-06,83.800,83.800,2025=100指数,M,CPI2025_EXRENT,总务省(e-Stat),OFFICIAL_CANONICAL,CPI2025BASE,linked level RETROSPECTIVE_REBASE,2026-08-21,RETROSPECTIVE_REBASE,VERIFIED,ARCHIVED_RELEASE_20260821,false,true,true
2001-07-31,2001-07,83.400,83.400,2025=100指数,M,CPI2025_EXRENT,总务省(e-Stat),OFFICIAL_CANONICAL,CPI2025BASE,linked level RETROSPECTIVE_REBASE,2026-08-21,RETROSPECTIVE_REBASE,VERIFIED,ARCHIVED_RELEASE_20260821,false,true,true
2001-08-31,2001-08,83.900,83.900,2025=100指数,M,CPI2025_EXRENT,总务省(e-Stat),OFFICIAL_CANONICAL,CPI2025BASE,linked level RETROSPECTIVE_REBASE,2026-08-21,RETROSPECTIVE_REBASE,VERIFIED,ARCHIVED_RELEASE_20260821,false,true,true
2001-09-30,2001-09,83.700,83.700,2025=100指数,M,CPI2025_EXRENT,总务省(e-Stat),OFFICIAL_CANONICAL,CPI2025BASE,linked level RETROSPECTIVE_REBASE,2026-08-21,RETROSPECTIVE_REBASE,VERIFIED,ARCHIVED_RELEASE_20260821,false,true,true
2001-10-31,2001-10,83.700,83.700,2025=100指数,M,CPI2025_EXRENT,总务省(e-Stat),OFFICIAL_CANONICAL,CPI2025BASE,linked level RETROSPECTIVE_REBASE,2026-08-21,RETROSPECTIVE_REBASE,VERIFIED,ARCHIVED_RELEASE_20260821,false,true,true
2001-11-30,2001-11,83.100,83.100,2025=100指数,M,CPI2025_EXRENT,总务省(e-Stat),OFFICIAL_CANONICAL,CPI2025BASE,linked level RETROSPECTIVE_REBASE,2026-08-21,RETROSPECTIVE_REBASE,VERIFIED,ARCHIVED_RELEASE_20260821,false,true,true
2001-12-31,2001-12,83.000,83.000,2025=100指数,M,CPI2025_EXRENT,总务省(e-Stat),OFFICIAL_CANONICAL,CPI2025BASE,linked level RETROSPECTIVE_REBASE,2026-08-21,RETROSPECTIVE_REBASE,VERIFIED,ARCHIVED_RELEASE_20260821,false,true,true
2002-01-31,2002-01,82.800,82.800,2025=100指数,M,CPI2025_EXRENT,总务省(e-Stat),OFFICIAL_CANONICAL,CPI2025BASE,linked level RETROSPECTIVE_REBASE,2026-08-21,RETROSPECTIVE_REBASE,VERIFIED,ARCHIVED_RELEASE_20260821,false,true,true
2002-02-28,2002-02,82.400,82.400,2025=100指数,M,CPI2025_EXRENT,总务省(e-Stat),OFFICIAL_CANONICAL,CPI2025BASE,linked level RETROSPECTIVE_REBASE,2026-08-21,RETROSPECTIVE_REBASE,VERIFIED,ARCHIVED_RELEASE_20260821,false,true,true
2002-03-31,2002-03,82.600,82.600,2025=100指数,M,CPI2025_EXRENT,总务省(e-Stat),OFFICIAL_CANONICAL,CPI2025BASE,linked level RETROSPECTIVE_REBASE,2026-08-21,RETROSPECTIVE_REBASE,VERIFIED,ARCHIVED_RELEASE_20260821,false,true,true
2002-04-30,2002-04,82.800,82.800,2025=100指数,M,CPI2025_EXRENT,总务省(e-Stat),OFFICIAL_CANONICAL,CPI2025BASE,linked level RETROSPECTIVE_REBASE,2026-08-21,RETROSPECTIVE_REBASE,VERIFIED,ARCHIVED_RELEASE_20260821,false,true,true
2002-05-31,2002-05,83.200,83.200,2025=100指数,M,CPI2025_EXRENT,总务省(e-Stat),OFFICIAL_CANONICAL,CPI2025BASE,linked level RETROSPECTIVE_REBASE,2026-08-21,RETROSPECTIVE_REBASE,VERIFIED,ARCHIVED_RELEASE_20260821,false,true,true
2002-06-30,2002-06,83.100,83.100,2025=100指数,M,CPI2025_EXRENT,总务省(e-Stat),OFFICIAL_CANONICAL,CPI2025BASE,linked level RETROSPECTIVE_REBASE,2026-08-21,RETROSPECTIVE_REBASE,VERIFIED,ARCHIVED_RELEASE_20260821,false,true,true
2002-07-31,2002-07,82.800,82.800,2025=100指数,M,CPI2025_EXRENT,总务省(e-Stat),OFFICIAL_CANONICAL,CPI2025BASE,linked level RETROSPECTIVE_REBASE,2026-08-21,RETROSPECTIVE_REBASE,VERIFIED,ARCHIVED_RELEASE_20260821,false,true,true
2002-08-31,2002-08,83.000,83.000,2025=100指数,M,CPI2025_EXRENT,总务省(e-Stat),OFFICIAL_CANONICAL,CPI2025BASE,linked level RETROSPECTIVE_REBASE,2026-08-21,RETROSPECTIVE_REBASE,VERIFIED,ARCHIVED_RELEASE_20260821,false,true,true
2002-09-30,2002-09,82.900,82.900,2025=100指数,M,CPI2025_EXRENT,总务省(e-Stat),OFFICIAL_CANONICAL,CPI2025BASE,linked level RETROSPECTIVE_REBASE,2026-08-21,RETROSPECTIVE_REBASE,VERIFIED,ARCHIVED_RELEASE_20260821,false,true,true
2002-10-31,2002-10,82.800,82.800,2025=100指数,M,CPI2025_EXRENT,总务省(e-Stat),OFFICIAL_CANONICAL,CPI2025BASE,linked level RETROSPECTIVE_REBASE,2026-08-21,RETROSPECTIVE_REBASE,VERIFIED,ARCHIVED_RELEASE_20260821,false,true,true
2002-11-30,2002-11,82.800,82.800,2025=100指数,M,CPI2025_EXRENT,总务省(e-Stat),OFFICIAL_CANONICAL,CPI2025BASE,linked level RETROSPECTIVE_REBASE,2026-08-21,RETROSPECTIVE_REBASE,VERIFIED,ARCHIVED_RELEASE_20260821,false,true,true
2002-12-31,2002-12,82.800,82.800,2025=100指数,M,CPI2025_EXRENT,总务省(e-Stat),OFFICIAL_CANONICAL,CPI2025BASE,linked level RETROSPECTIVE_REBASE,2026-08-21,RETROSPECTIVE_REBASE,VERIFIED,ARCHIVED_RELEASE_20260821,false,true,true
2003-01-31,2003-01,82.400,82.400,2025=100指数,M,CPI2025_EXRENT,总务省(e-Stat),OFFICIAL_CANONICAL,CPI2025BASE,linked level RETROSPECTIVE_REBASE,2026-08-21,RETROSPECTIVE_REBASE,VERIFIED,ARCHIVED_RELEASE_20260821,false,true,true
2003-02-28,2003-02,82.200,82.200,2025=100指数,M,CPI2025_EXRENT,总务省(e-Stat),OFFICIAL_CANONICAL,CPI2025BASE,linked level RETROSPECTIVE_REBASE,2026-08-21,RETROSPECTIVE_REBASE,VERIFIED,ARCHIVED_RELEASE_20260821,false,true,true
2003-03-31,2003-03,82.400,82.400,2025=100指数,M,CPI2025_EXRENT,总务省(e-Stat),OFFICIAL_CANONICAL,CPI2025BASE,linked level RETROSPECTIVE_REBASE,2026-08-21,RETROSPECTIVE_REBASE,VERIFIED,ARCHIVED_RELEASE_20260821,false,true,true
2003-04-30,2003-04,82.800,82.800,2025=100指数,M,CPI2025_EXRENT,总务省(e-Stat),OFFICIAL_CANONICAL,CPI2025BASE,linked level RETROSPECTIVE_REBASE,2026-08-21,RETROSPECTIVE_REBASE,VERIFIED,ARCHIVED_RELEASE_20260821,false,true,true
2003-05-31,2003-05,82.900,82.900,2025=100指数,M,CPI2025_EXRENT,总务省(e-Stat),OFFICIAL_CANONICAL,CPI2025BASE,linked level RETROSPECTIVE_REBASE,2026-08-21,RETROSPECTIVE_REBASE,VERIFIED,ARCHIVED_RELEASE_20260821,false,true,true
2003-06-30,2003-06,82.700,82.700,2025=100指数,M,CPI2025_EXRENT,总务省(e-Stat),OFFICIAL_CANONICAL,CPI2025BASE,linked level RETROSPECTIVE_REBASE,2026-08-21,RETROSPECTIVE_REBASE,VERIFIED,ARCHIVED_RELEASE_20260821,false,true,true
2003-07-31,2003-07,82.500,82.500,2025=100指数,M,CPI2025_EXRENT,总务省(e-Stat),OFFICIAL_CANONICAL,CPI2025BASE,linked level RETROSPECTIVE_REBASE,2026-08-21,RETROSPECTIVE_REBASE,VERIFIED,ARCHIVED_RELEASE_20260821,false,true,true
2003-08-31,2003-08,82.700,82.700,2025=100指数,M,CPI2025_EXRENT,总务省(e-Stat),OFFICIAL_CANONICAL,CPI2025BASE,linked level RETROSPECTIVE_REBASE,2026-08-21,RETROSPECTIVE_REBASE,VERIFIED,ARCHIVED_RELEASE_20260821,false,true,true
2003-09-30,2003-09,82.800,82.800,2025=100指数,M,CPI2025_EXRENT,总务省(e-Stat),OFFICIAL_CANONICAL,CPI2025BASE,linked level RETROSPECTIVE_REBASE,2026-08-21,RETROSPECTIVE_REBASE,VERIFIED,ARCHIVED_RELEASE_20260821,false,true,true
2003-10-31,2003-10,82.800,82.800,2025=100指数,M,CPI2025_EXRENT,总务省(e-Stat),OFFICIAL_CANONICAL,CPI2025BASE,linked level RETROSPECTIVE_REBASE,2026-08-21,RETROSPECTIVE_REBASE,VERIFIED,ARCHIVED_RELEASE_20260821,false,true,true
2003-11-30,2003-11,82.300,82.300,2025=100指数,M,CPI2025_EXRENT,总务省(e-Stat),OFFICIAL_CANONICAL,CPI2025BASE,linked level RETROSPECTIVE_REBASE,2026-08-21,RETROSPECTIVE_REBASE,VERIFIED,ARCHIVED_RELEASE_20260821,false,true,true
2003-12-31,2003-12,82.400,82.400,2025=100指数,M,CPI2025_EXRENT,总务省(e-Stat),OFFICIAL_CANONICAL,CPI2025BASE,linked level RETROSPECTIVE_REBASE,2026-08-21,RETROSPECTIVE_REBASE,VERIFIED,ARCHIVED_RELEASE_20260821,false,true,true
2004-01-31,2004-01,82.200,82.200,2025=100指数,M,CPI2025_EXRENT,总务省(e-Stat),OFFICIAL_CANONICAL,CPI2025BASE,linked level RETROSPECTIVE_REBASE,2026-08-21,RETROSPECTIVE_REBASE,VERIFIED,ARCHIVED_RELEASE_20260821,false,true,true
2004-02-29,2004-02,82.200,82.200,2025=100指数,M,CPI2025_EXRENT,总务省(e-Stat),OFFICIAL_CANONICAL,CPI2025BASE,linked level RETROSPECTIVE_REBASE,2026-08-21,RETROSPECTIVE_REBASE,VERIFIED,ARCHIVED_RELEASE_20260821,false,true,true
2004-03-31,2004-03,82.300,82.300,2025=100指数,M,CPI2025_EXRENT,总务省(e-Stat),OFFICIAL_CANONICAL,CPI2025BASE,linked level RETROSPECTIVE_REBASE,2026-08-21,RETROSPECTIVE_REBASE,VERIFIED,ARCHIVED_RELEASE_20260821,false,true,true
2004-04-30,2004-04,82.300,82.300,2025=100指数,M,CPI2025_EXRENT,总务省(e-Stat),OFFICIAL_CANONICAL,CPI2025BASE,linked level RETROSPECTIVE_REBASE,2026-08-21,RETROSPECTIVE_REBASE,VERIFIED,ARCHIVED_RELEASE_20260821,false,true,true
2004-05-31,2004-05,82.500,82.500,2025=100指数,M,CPI2025_EXRENT,总务省(e-Stat),OFFICIAL_CANONICAL,CPI2025BASE,linked level RETROSPECTIVE_REBASE,2026-08-21,RETROSPECTIVE_REBASE,VERIFIED,ARCHIVED_RELEASE_20260821,false,true,true
2004-06-30,2004-06,82.700,82.700,2025=100指数,M,CPI2025_EXRENT,总务省(e-Stat),OFFICIAL_CANONICAL,CPI2025BASE,linked level RETROSPECTIVE_REBASE,2026-08-21,RETROSPECTIVE_REBASE,VERIFIED,ARCHIVED_RELEASE_20260821,false,true,true
2004-07-31,2004-07,82.300,82.300,2025=100指数,M,CPI2025_EXRENT,总务省(e-Stat),OFFICIAL_CANONICAL,CPI2025BASE,linked level RETROSPECTIVE_REBASE,2026-08-21,RETROSPECTIVE_REBASE,VERIFIED,ARCHIVED_RELEASE_20260821,false,true,true
2004-08-31,2004-08,82.500,82.500,2025=100指数,M,CPI2025_EXRENT,总务省(e-Stat),OFFICIAL_CANONICAL,CPI2025BASE,linked level RETROSPECTIVE_REBASE,2026-08-21,RETROSPECTIVE_REBASE,VERIFIED,ARCHIVED_RELEASE_20260821,false,true,true
2004-09-30,2004-09,82.800,82.800,2025=100指数,M,CPI2025_EXRENT,总务省(e-Stat),OFFICIAL_CANONICAL,CPI2025BASE,linked level RETROSPECTIVE_REBASE,2026-08-21,RETROSPECTIVE_REBASE,VERIFIED,ARCHIVED_RELEASE_20260821,false,true,true
2004-10-31,2004-10,83.300,83.300,2025=100指数,M,CPI2025_EXRENT,总务省(e-Stat),OFFICIAL_CANONICAL,CPI2025BASE,linked level RETROSPECTIVE_REBASE,2026-08-21,RETROSPECTIVE_REBASE,VERIFIED,ARCHIVED_RELEASE_20260821,false,true,true
2004-11-30,2004-11,83.100,83.100,2025=100指数,M,CPI2025_EXRENT,总务省(e-Stat),OFFICIAL_CANONICAL,CPI2025BASE,linked level RETROSPECTIVE_REBASE,2026-08-21,RETROSPECTIVE_REBASE,VERIFIED,ARCHIVED_RELEASE_20260821,false,true,true
2004-12-31,2004-12,82.700,82.700,2025=100指数,M,CPI2025_EXRENT,总务省(e-Stat),OFFICIAL_CANONICAL,CPI2025BASE,linked level RETROSPECTIVE_REBASE,2026-08-21,RETROSPECTIVE_REBASE,VERIFIED,ARCHIVED_RELEASE_20260821,false,true,true
2005-01-31,2005-01,82.300,82.300,2025=100指数,M,CPI2025_EXRENT,总务省(e-Stat),OFFICIAL_CANONICAL,CPI2025BASE,linked level RETROSPECTIVE_REBASE,2026-08-21,RETROSPECTIVE_REBASE,VERIFIED,ARCHIVED_RELEASE_20260821,false,true,true
2005-02-28,2005-02,82.000,82.000,2025=100指数,M,CPI2025_EXRENT,总务省(e-Stat),OFFICIAL_CANONICAL,CPI2025BASE,linked level RETROSPECTIVE_REBASE,2026-08-21,RETROSPECTIVE_REBASE,VERIFIED,ARCHIVED_RELEASE_20260821,false,true,true
2005-03-31,2005-03,82.300,82.300,2025=100指数,M,CPI2025_EXRENT,总务省(e-Stat),OFFICIAL_CANONICAL,CPI2025BASE,linked level RETROSPECTIVE_REBASE,2026-08-21,RETROSPECTIVE_REBASE,VERIFIED,ARCHIVED_RELEASE_20260821,false,true,true
2005-04-30,2005-04,82.400,82.400,2025=100指数,M,CPI2025_EXRENT,总务省(e-Stat),OFFICIAL_CANONICAL,CPI2025BASE,linked level RETROSPECTIVE_REBASE,2026-08-21,RETROSPECTIVE_REBASE,VERIFIED,ARCHIVED_RELEASE_20260821,false,true,true
2005-05-31,2005-05,82.600,82.600,2025=100指数,M,CPI2025_EXRENT,总务省(e-Stat),OFFICIAL_CANONICAL,CPI2025BASE,linked level RETROSPECTIVE_REBASE,2026-08-21,RETROSPECTIVE_REBASE,VERIFIED,ARCHIVED_RELEASE_20260821,false,true,true
2005-06-30,2005-06,82.200,82.200,2025=100指数,M,CPI2025_EXRENT,总务省(e-Stat),OFFICIAL_CANONICAL,CPI2025BASE,linked level RETROSPECTIVE_REBASE,2026-08-21,RETROSPECTIVE_REBASE,VERIFIED,ARCHIVED_RELEASE_20260821,false,true,true
2005-07-31,2005-07,82.000,82.000,2025=100指数,M,CPI2025_EXRENT,总务省(e-Stat),OFFICIAL_CANONICAL,CPI2025BASE,linked level RETROSPECTIVE_REBASE,2026-08-21,RETROSPECTIVE_REBASE,VERIFIED,ARCHIVED_RELEASE_20260821,false,true,true
2005-08-31,2005-08,82.200,82.200,2025=100指数,M,CPI2025_EXRENT,总务省(e-Stat),OFFICIAL_CANONICAL,CPI2025BASE,linked level RETROSPECTIVE_REBASE,2026-08-21,RETROSPECTIVE_REBASE,VERIFIED,ARCHIVED_RELEASE_20260821,false,true,true
2005-09-30,2005-09,82.400,82.400,2025=100指数,M,CPI2025_EXRENT,总务省(e-Stat),OFFICIAL_CANONICAL,CPI2025BASE,linked level RETROSPECTIVE_REBASE,2026-08-21,RETROSPECTIVE_REBASE,VERIFIED,ARCHIVED_RELEASE_20260821,false,true,true
2005-10-31,2005-10,82.400,82.400,2025=100指数,M,CPI2025_EXRENT,总务省(e-Stat),OFFICIAL_CANONICAL,CPI2025BASE,linked level RETROSPECTIVE_REBASE,2026-08-21,RETROSPECTIVE_REBASE,VERIFIED,ARCHIVED_RELEASE_20260821,false,true,true
2005-11-30,2005-11,82.100,82.100,2025=100指数,M,CPI2025_EXRENT,总务省(e-Stat),OFFICIAL_CANONICAL,CPI2025BASE,linked level RETROSPECTIVE_REBASE,2026-08-21,RETROSPECTIVE_REBASE,VERIFIED,ARCHIVED_RELEASE_20260821,false,true,true
2005-12-31,2005-12,82.100,82.100,2025=100指数,M,CPI2025_EXRENT,总务省(e-Stat),OFFICIAL_CANONICAL,CPI2025BASE,linked level RETROSPECTIVE_REBASE,2026-08-21,RETROSPECTIVE_REBASE,VERIFIED,ARCHIVED_RELEASE_20260821,false,true,true
2006-01-31,2006-01,82.300,82.300,2025=100指数,M,CPI2025_EXRENT,总务省(e-Stat),OFFICIAL_CANONICAL,CPI2025BASE,linked level RETROSPECTIVE_REBASE,2026-08-21,RETROSPECTIVE_REBASE,VERIFIED,ARCHIVED_RELEASE_20260821,false,true,true
2006-02-28,2006-02,81.900,81.900,2025=100指数,M,CPI2025_EXRENT,总务省(e-Stat),OFFICIAL_CANONICAL,CPI2025BASE,linked level RETROSPECTIVE_REBASE,2026-08-21,RETROSPECTIVE_REBASE,VERIFIED,ARCHIVED_RELEASE_20260821,false,true,true
2006-03-31,2006-03,82.100,82.100,2025=100指数,M,CPI2025_EXRENT,总务省(e-Stat),OFFICIAL_CANONICAL,CPI2025BASE,linked level RETROSPECTIVE_REBASE,2026-08-21,RETROSPECTIVE_REBASE,VERIFIED,ARCHIVED_RELEASE_20260821,false,true,true
2006-04-30,2006-04,82.300,82.300,2025=100指数,M,CPI2025_EXRENT,总务省(e-Stat),OFFICIAL_CANONICAL,CPI2025BASE,linked level RETROSPECTIVE_REBASE,2026-08-21,RETROSPECTIVE_REBASE,VERIFIED,ARCHIVED_RELEASE_20260821,false,true,true
2006-05-31,2006-05,82.700,82.700,2025=100指数,M,CPI2025_EXRENT,总务省(e-Stat),OFFICIAL_CANONICAL,CPI2025BASE,linked level RETROSPECTIVE_REBASE,2026-08-21,RETROSPECTIVE_REBASE,VERIFIED,ARCHIVED_RELEASE_20260821,false,true,true
2006-06-30,2006-06,82.700,82.700,2025=100指数,M,CPI2025_EXRENT,总务省(e-Stat),OFFICIAL_CANONICAL,CPI2025BASE,linked level RETROSPECTIVE_REBASE,2026-08-21,RETROSPECTIVE_REBASE,VERIFIED,ARCHIVED_RELEASE_20260821,false,true,true
2006-07-31,2006-07,82.400,82.400,2025=100指数,M,CPI2025_EXRENT,总务省(e-Stat),OFFICIAL_CANONICAL,CPI2025BASE,linked level RETROSPECTIVE_REBASE,2026-08-21,RETROSPECTIVE_REBASE,VERIFIED,ARCHIVED_RELEASE_20260821,false,true,true
2006-08-31,2006-08,83.000,83.000,2025=100指数,M,CPI2025_EXRENT,总务省(e-Stat),OFFICIAL_CANONICAL,CPI2025BASE,linked level RETROSPECTIVE_REBASE,2026-08-21,RETROSPECTIVE_REBASE,VERIFIED,ARCHIVED_RELEASE_20260821,false,true,true
2006-09-30,2006-09,83.100,83.100,2025=100指数,M,CPI2025_EXRENT,总务省(e-Stat),OFFICIAL_CANONICAL,CPI2025BASE,linked level RETROSPECTIVE_REBASE,2026-08-21,RETROSPECTIVE_REBASE,VERIFIED,ARCHIVED_RELEASE_20260821,false,true,true
2006-10-31,2006-10,82.900,82.900,2025=100指数,M,CPI2025_EXRENT,总务省(e-Stat),OFFICIAL_CANONICAL,CPI2025BASE,linked level RETROSPECTIVE_REBASE,2026-08-21,RETROSPECTIVE_REBASE,VERIFIED,ARCHIVED_RELEASE_20260821,false,true,true
2006-11-30,2006-11,82.400,82.400,2025=100指数,M,CPI2025_EXRENT,总务省(e-Stat),OFFICIAL_CANONICAL,CPI2025BASE,linked level RETROSPECTIVE_REBASE,2026-08-21,RETROSPECTIVE_REBASE,VERIFIED,ARCHIVED_RELEASE_20260821,false,true,true
2006-12-31,2006-12,82.400,82.400,2025=100指数,M,CPI2025_EXRENT,总务省(e-Stat),OFFICIAL_CANONICAL,CPI2025BASE,linked level RETROSPECTIVE_REBASE,2026-08-21,RETROSPECTIVE_REBASE,VERIFIED,ARCHIVED_RELEASE_20260821,false,true,true
2007-01-31,2007-01,82.300,82.300,2025=100指数,M,CPI2025_EXRENT,总务省(e-Stat),OFFICIAL_CANONICAL,CPI2025BASE,linked level RETROSPECTIVE_REBASE,2026-08-21,RETROSPECTIVE_REBASE,VERIFIED,ARCHIVED_RELEASE_20260821,false,true,true
2007-02-28,2007-02,81.800,81.800,2025=100指数,M,CPI2025_EXRENT,总务省(e-Stat),OFFICIAL_CANONICAL,CPI2025BASE,linked level RETROSPECTIVE_REBASE,2026-08-21,RETROSPECTIVE_REBASE,VERIFIED,ARCHIVED_RELEASE_20260821,false,true,true
2007-03-31,2007-03,82.100,82.100,2025=100指数,M,CPI2025_EXRENT,总务省(e-Stat),OFFICIAL_CANONICAL,CPI2025BASE,linked level RETROSPECTIVE_REBASE,2026-08-21,RETROSPECTIVE_REBASE,VERIFIED,ARCHIVED_RELEASE_20260821,false,true,true
2007-04-30,2007-04,82.300,82.300,2025=100指数,M,CPI2025_EXRENT,总务省(e-Stat),OFFICIAL_CANONICAL,CPI2025BASE,linked level RETROSPECTIVE_REBASE,2026-08-21,RETROSPECTIVE_REBASE,VERIFIED,ARCHIVED_RELEASE_20260821,false,true,true
2007-05-31,2007-05,82.700,82.700,2025=100指数,M,CPI2025_EXRENT,总务省(e-Stat),OFFICIAL_CANONICAL,CPI2025BASE,linked level RETROSPECTIVE_REBASE,2026-08-21,RETROSPECTIVE_REBASE,VERIFIED,ARCHIVED_RELEASE_20260821,false,true,true
2007-06-30,2007-06,82.500,82.500,2025=100指数,M,CPI2025_EXRENT,总务省(e-Stat),OFFICIAL_CANONICAL,CPI2025BASE,linked level RETROSPECTIVE_REBASE,2026-08-21,RETROSPECTIVE_REBASE,VERIFIED,ARCHIVED_RELEASE_20260821,false,true,true
2007-07-31,2007-07,82.300,82.300,2025=100指数,M,CPI2025_EXRENT,总务省(e-Stat),OFFICIAL_CANONICAL,CPI2025BASE,linked level RETROSPECTIVE_REBASE,2026-08-21,RETROSPECTIVE_REBASE,VERIFIED,ARCHIVED_RELEASE_20260821,false,true,true
2007-08-31,2007-08,82.800,82.800,2025=100指数,M,CPI2025_EXRENT,总务省(e-Stat),OFFICIAL_CANONICAL,CPI2025BASE,linked level RETROSPECTIVE_REBASE,2026-08-21,RETROSPECTIVE_REBASE,VERIFIED,ARCHIVED_RELEASE_20260821,false,true,true
2007-09-30,2007-09,82.900,82.900,2025=100指数,M,CPI2025_EXRENT,总务省(e-Stat),OFFICIAL_CANONICAL,CPI2025BASE,linked level RETROSPECTIVE_REBASE,2026-08-21,RETROSPECTIVE_REBASE,VERIFIED,ARCHIVED_RELEASE_20260821,false,true,true
2007-10-31,2007-10,83.100,83.100,2025=100指数,M,CPI2025_EXRENT,总务省(e-Stat),OFFICIAL_CANONICAL,CPI2025BASE,linked level RETROSPECTIVE_REBASE,2026-08-21,RETROSPECTIVE_REBASE,VERIFIED,ARCHIVED_RELEASE_20260821,false,true,true
2007-11-30,2007-11,82.900,82.900,2025=100指数,M,CPI2025_EXRENT,总务省(e-Stat),OFFICIAL_CANONICAL,CPI2025BASE,linked level RETROSPECTIVE_REBASE,2026-08-21,RETROSPECTIVE_REBASE,VERIFIED,ARCHIVED_RELEASE_20260821,false,true,true
2007-12-31,2007-12,83.200,83.200,2025=100指数,M,CPI2025_EXRENT,总务省(e-Stat),OFFICIAL_CANONICAL,CPI2025BASE,linked level RETROSPECTIVE_REBASE,2026-08-21,RETROSPECTIVE_REBASE,VERIFIED,ARCHIVED_RELEASE_20260821,false,true,true
2008-01-31,2008-01,83.000,83.000,2025=100指数,M,CPI2025_EXRENT,总务省(e-Stat),OFFICIAL_CANONICAL,CPI2025BASE,linked level RETROSPECTIVE_REBASE,2026-08-21,RETROSPECTIVE_REBASE,VERIFIED,ARCHIVED_RELEASE_20260821,false,true,true
2008-02-29,2008-02,82.700,82.700,2025=100指数,M,CPI2025_EXRENT,总务省(e-Stat),OFFICIAL_CANONICAL,CPI2025BASE,linked level RETROSPECTIVE_REBASE,2026-08-21,RETROSPECTIVE_REBASE,VERIFIED,ARCHIVED_RELEASE_20260821,false,true,true
2008-03-31,2008-03,83.200,83.200,2025=100指数,M,CPI2025_EXRENT,总务省(e-Stat),OFFICIAL_CANONICAL,CPI2025BASE,linked level RETROSPECTIVE_REBASE,2026-08-21,RETROSPECTIVE_REBASE,VERIFIED,ARCHIVED_RELEASE_20260821,false,true,true
2008-04-30,2008-04,83.200,83.200,2025=100指数,M,CPI2025_EXRENT,总务省(e-Stat),OFFICIAL_CANONICAL,CPI2025BASE,linked level RETROSPECTIVE_REBASE,2026-08-21,RETROSPECTIVE_REBASE,VERIFIED,ARCHIVED_RELEASE_20260821,false,true,true
2008-05-31,2008-05,83.900,83.900,2025=100指数,M,CPI2025_EXRENT,总务省(e-Stat),OFFICIAL_CANONICAL,CPI2025BASE,linked level RETROSPECTIVE_REBASE,2026-08-21,RETROSPECTIVE_REBASE,VERIFIED,ARCHIVED_RELEASE_20260821,false,true,true
2008-06-30,2008-06,84.400,84.400,2025=100指数,M,CPI2025_EXRENT,总务省(e-Stat),OFFICIAL_CANONICAL,CPI2025BASE,linked level RETROSPECTIVE_REBASE,2026-08-21,RETROSPECTIVE_REBASE,VERIFIED,ARCHIVED_RELEASE_20260821,false,true,true
2008-07-31,2008-07,84.600,84.600,2025=100指数,M,CPI2025_EXRENT,总务省(e-Stat),OFFICIAL_CANONICAL,CPI2025BASE,linked level RETROSPECTIVE_REBASE,2026-08-21,RETROSPECTIVE_REBASE,VERIFIED,ARCHIVED_RELEASE_20260821,false,true,true
2008-08-31,2008-08,84.900,84.900,2025=100指数,M,CPI2025_EXRENT,总务省(e-Stat),OFFICIAL_CANONICAL,CPI2025BASE,linked level RETROSPECTIVE_REBASE,2026-08-21,RETROSPECTIVE_REBASE,VERIFIED,ARCHIVED_RELEASE_20260821,false,true,true
2008-09-30,2008-09,84.900,84.900,2025=100指数,M,CPI2025_EXRENT,总务省(e-Stat),OFFICIAL_CANONICAL,CPI2025BASE,linked level RETROSPECTIVE_REBASE,2026-08-21,RETROSPECTIVE_REBASE,VERIFIED,ARCHIVED_RELEASE_20260821,false,true,true
2008-10-31,2008-10,84.800,84.800,2025=100指数,M,CPI2025_EXRENT,总务省(e-Stat),OFFICIAL_CANONICAL,CPI2025BASE,linked level RETROSPECTIVE_REBASE,2026-08-21,RETROSPECTIVE_REBASE,VERIFIED,ARCHIVED_RELEASE_20260821,false,true,true
2008-11-30,2008-11,83.900,83.900,2025=100指数,M,CPI2025_EXRENT,总务省(e-Stat),OFFICIAL_CANONICAL,CPI2025BASE,linked level RETROSPECTIVE_REBASE,2026-08-21,RETROSPECTIVE_REBASE,VERIFIED,ARCHIVED_RELEASE_20260821,false,true,true
2008-12-31,2008-12,83.500,83.500,2025=100指数,M,CPI2025_EXRENT,总务省(e-Stat),OFFICIAL_CANONICAL,CPI2025BASE,linked level RETROSPECTIVE_REBASE,2026-08-21,RETROSPECTIVE_REBASE,VERIFIED,ARCHIVED_RELEASE_20260821,false,true,true
2009-01-31,2009-01,83.000,83.000,2025=100指数,M,CPI2025_EXRENT,总务省(e-Stat),OFFICIAL_CANONICAL,CPI2025BASE,linked level RETROSPECTIVE_REBASE,2026-08-21,RETROSPECTIVE_REBASE,VERIFIED,ARCHIVED_RELEASE_20260821,false,true,true
2009-02-28,2009-02,82.700,82.700,2025=100指数,M,CPI2025_EXRENT,总务省(e-Stat),OFFICIAL_CANONICAL,CPI2025BASE,linked level RETROSPECTIVE_REBASE,2026-08-21,RETROSPECTIVE_REBASE,VERIFIED,ARCHIVED_RELEASE_20260821,false,true,true
2009-03-31,2009-03,83.000,83.000,2025=100指数,M,CPI2025_EXRENT,总务省(e-Stat),OFFICIAL_CANONICAL,CPI2025BASE,linked level RETROSPECTIVE_REBASE,2026-08-21,RETROSPECTIVE_REBASE,VERIFIED,ARCHIVED_RELEASE_20260821,false,true,true
2009-04-30,2009-04,83.100,83.100,2025=100指数,M,CPI2025_EXRENT,总务省(e-Stat),OFFICIAL_CANONICAL,CPI2025BASE,linked level RETROSPECTIVE_REBASE,2026-08-21,RETROSPECTIVE_REBASE,VERIFIED,ARCHIVED_RELEASE_20260821,false,true,true
2009-05-31,2009-05,82.900,82.900,2025=100指数,M,CPI2025_EXRENT,总务省(e-Stat),OFFICIAL_CANONICAL,CPI2025BASE,linked level RETROSPECTIVE_REBASE,2026-08-21,RETROSPECTIVE_REBASE,VERIFIED,ARCHIVED_RELEASE_20260821,false,true,true
2009-06-30,2009-06,82.700,82.700,2025=100指数,M,CPI2025_EXRENT,总务省(e-Stat),OFFICIAL_CANONICAL,CPI2025BASE,linked level RETROSPECTIVE_REBASE,2026-08-21,RETROSPECTIVE_REBASE,VERIFIED,ARCHIVED_RELEASE_20260821,false,true,true
2009-07-31,2009-07,82.400,82.400,2025=100指数,M,CPI2025_EXRENT,总务省(e-Stat),OFFICIAL_CANONICAL,CPI2025BASE,linked level RETROSPECTIVE_REBASE,2026-08-21,RETROSPECTIVE_REBASE,VERIFIED,ARCHIVED_RELEASE_20260821,false,true,true
2009-08-31,2009-08,82.700,82.700,2025=100指数,M,CPI2025_EXRENT,总务省(e-Stat),OFFICIAL_CANONICAL,CPI2025BASE,linked level RETROSPECTIVE_REBASE,2026-08-21,RETROSPECTIVE_REBASE,VERIFIED,ARCHIVED_RELEASE_20260821,false,true,true
2009-09-30,2009-09,82.700,82.700,2025=100指数,M,CPI2025_EXRENT,总务省(e-Stat),OFFICIAL_CANONICAL,CPI2025BASE,linked level RETROSPECTIVE_REBASE,2026-08-21,RETROSPECTIVE_REBASE,VERIFIED,ARCHIVED_RELEASE_20260821,false,true,true
2009-10-31,2009-10,82.300,82.300,2025=100指数,M,CPI2025_EXRENT,总务省(e-Stat),OFFICIAL_CANONICAL,CPI2025BASE,linked level RETROSPECTIVE_REBASE,2026-08-21,RETROSPECTIVE_REBASE,VERIFIED,ARCHIVED_RELEASE_20260821,false,true,true
2009-11-30,2009-11,82.100,82.100,2025=100指数,M,CPI2025_EXRENT,总务省(e-Stat),OFFICIAL_CANONICAL,CPI2025BASE,linked level RETROSPECTIVE_REBASE,2026-08-21,RETROSPECTIVE_REBASE,VERIFIED,ARCHIVED_RELEASE_20260821,false,true,true
2009-12-31,2009-12,82.000,82.000,2025=100指数,M,CPI2025_EXRENT,总务省(e-Stat),OFFICIAL_CANONICAL,CPI2025BASE,linked level RETROSPECTIVE_REBASE,2026-08-21,RETROSPECTIVE_REBASE,VERIFIED,ARCHIVED_RELEASE_20260821,false,true,true
2010-01-31,2010-01,82.100,82.100,2025=100指数,M,CPI2025_EXRENT,总务省(e-Stat),OFFICIAL_CANONICAL,CPI2025BASE,linked level RETROSPECTIVE_REBASE,2026-08-21,RETROSPECTIVE_REBASE,VERIFIED,ARCHIVED_RELEASE_20260821,false,true,true
2010-02-28,2010-02,82.000,82.000,2025=100指数,M,CPI2025_EXRENT,总务省(e-Stat),OFFICIAL_CANONICAL,CPI2025BASE,linked level RETROSPECTIVE_REBASE,2026-08-21,RETROSPECTIVE_REBASE,VERIFIED,ARCHIVED_RELEASE_20260821,false,true,true
2010-03-31,2010-03,82.300,82.300,2025=100指数,M,CPI2025_EXRENT,总务省(e-Stat),OFFICIAL_CANONICAL,CPI2025BASE,linked level RETROSPECTIVE_REBASE,2026-08-21,RETROSPECTIVE_REBASE,VERIFIED,ARCHIVED_RELEASE_20260821,false,true,true
2010-04-30,2010-04,82.400,82.400,2025=100指数,M,CPI2025_EXRENT,总务省(e-Stat),OFFICIAL_CANONICAL,CPI2025BASE,linked level RETROSPECTIVE_REBASE,2026-08-21,RETROSPECTIVE_REBASE,VERIFIED,ARCHIVED_RELEASE_20260821,false,true,true
2010-05-31,2010-05,82.300,82.300,2025=100指数,M,CPI2025_EXRENT,总务省(e-Stat),OFFICIAL_CANONICAL,CPI2025BASE,linked level RETROSPECTIVE_REBASE,2026-08-21,RETROSPECTIVE_REBASE,VERIFIED,ARCHIVED_RELEASE_20260821,false,true,true
2010-06-30,2010-06,82.100,82.100,2025=100指数,M,CPI2025_EXRENT,总务省(e-Stat),OFFICIAL_CANONICAL,CPI2025BASE,linked level RETROSPECTIVE_REBASE,2026-08-21,RETROSPECTIVE_REBASE,VERIFIED,ARCHIVED_RELEASE_20260821,false,true,true
2010-07-31,2010-07,81.500,81.500,2025=100指数,M,CPI2025_EXRENT,总务省(e-Stat),OFFICIAL_CANONICAL,CPI2025BASE,linked level RETROSPECTIVE_REBASE,2026-08-21,RETROSPECTIVE_REBASE,VERIFIED,ARCHIVED_RELEASE_20260821,false,true,true
2010-08-31,2010-08,81.700,81.700,2025=100指数,M,CPI2025_EXRENT,总务省(e-Stat),OFFICIAL_CANONICAL,CPI2025BASE,linked level RETROSPECTIVE_REBASE,2026-08-21,RETROSPECTIVE_REBASE,VERIFIED,ARCHIVED_RELEASE_20260821,false,true,true
2010-09-30,2010-09,81.900,81.900,2025=100指数,M,CPI2025_EXRENT,总务省(e-Stat),OFFICIAL_CANONICAL,CPI2025BASE,linked level RETROSPECTIVE_REBASE,2026-08-21,RETROSPECTIVE_REBASE,VERIFIED,ARCHIVED_RELEASE_20260821,false,true,true
2010-10-31,2010-10,82.200,82.200,2025=100指数,M,CPI2025_EXRENT,总务省(e-Stat),OFFICIAL_CANONICAL,CPI2025BASE,linked level RETROSPECTIVE_REBASE,2026-08-21,RETROSPECTIVE_REBASE,VERIFIED,ARCHIVED_RELEASE_20260821,false,true,true
2010-11-30,2010-11,81.900,81.900,2025=100指数,M,CPI2025_EXRENT,总务省(e-Stat),OFFICIAL_CANONICAL,CPI2025BASE,linked level RETROSPECTIVE_REBASE,2026-08-21,RETROSPECTIVE_REBASE,VERIFIED,ARCHIVED_RELEASE_20260821,false,true,true
2010-12-31,2010-12,81.700,81.700,2025=100指数,M,CPI2025_EXRENT,总务省(e-Stat),OFFICIAL_CANONICAL,CPI2025BASE,linked level RETROSPECTIVE_REBASE,2026-08-21,RETROSPECTIVE_REBASE,VERIFIED,ARCHIVED_RELEASE_20260821,false,true,true
2011-01-31,2011-01,81.600,81.600,2025=100指数,M,CPI2025_EXRENT,总务省(e-Stat),OFFICIAL_CANONICAL,CPI2025BASE,linked level RETROSPECTIVE_REBASE,2026-08-21,RETROSPECTIVE_REBASE,VERIFIED,ARCHIVED_RELEASE_20260821,false,true,true
2011-02-28,2011-02,81.600,81.600,2025=100指数,M,CPI2025_EXRENT,总务省(e-Stat),OFFICIAL_CANONICAL,CPI2025BASE,linked level RETROSPECTIVE_REBASE,2026-08-21,RETROSPECTIVE_REBASE,VERIFIED,ARCHIVED_RELEASE_20260821,false,true,true
2011-03-31,2011-03,81.800,81.800,2025=100指数,M,CPI2025_EXRENT,总务省(e-Stat),OFFICIAL_CANONICAL,CPI2025BASE,linked level RETROSPECTIVE_REBASE,2026-08-21,RETROSPECTIVE_REBASE,VERIFIED,ARCHIVED_RELEASE_20260821,false,true,true
2011-04-30,2011-04,82.000,82.000,2025=100指数,M,CPI2025_EXRENT,总务省(e-Stat),OFFICIAL_CANONICAL,CPI2025BASE,linked level RETROSPECTIVE_REBASE,2026-08-21,RETROSPECTIVE_REBASE,VERIFIED,ARCHIVED_RELEASE_20260821,false,true,true
2011-05-31,2011-05,81.900,81.900,2025=100指数,M,CPI2025_EXRENT,总务省(e-Stat),OFFICIAL_CANONICAL,CPI2025BASE,linked level RETROSPECTIVE_REBASE,2026-08-21,RETROSPECTIVE_REBASE,VERIFIED,ARCHIVED_RELEASE_20260821,false,true,true
2011-06-30,2011-06,81.800,81.800,2025=100指数,M,CPI2025_EXRENT,总务省(e-Stat),OFFICIAL_CANONICAL,CPI2025BASE,linked level RETROSPECTIVE_REBASE,2026-08-21,RETROSPECTIVE_REBASE,VERIFIED,ARCHIVED_RELEASE_20260821,false,true,true
2011-07-31,2011-07,81.800,81.800,2025=100指数,M,CPI2025_EXRENT,总务省(e-Stat),OFFICIAL_CANONICAL,CPI2025BASE,linked level RETROSPECTIVE_REBASE,2026-08-21,RETROSPECTIVE_REBASE,VERIFIED,ARCHIVED_RELEASE_20260821,false,true,true
2011-08-31,2011-08,81.900,81.900,2025=100指数,M,CPI2025_EXRENT,总务省(e-Stat),OFFICIAL_CANONICAL,CPI2025BASE,linked level RETROSPECTIVE_REBASE,2026-08-21,RETROSPECTIVE_REBASE,VERIFIED,ARCHIVED_RELEASE_20260821,false,true,true
2011-09-30,2011-09,81.900,81.900,2025=100指数,M,CPI2025_EXRENT,总务省(e-Stat),OFFICIAL_CANONICAL,CPI2025BASE,linked level RETROSPECTIVE_REBASE,2026-08-21,RETROSPECTIVE_REBASE,VERIFIED,ARCHIVED_RELEASE_20260821,false,true,true
2011-10-31,2011-10,82.000,82.000,2025=100指数,M,CPI2025_EXRENT,总务省(e-Stat),OFFICIAL_CANONICAL,CPI2025BASE,linked level RETROSPECTIVE_REBASE,2026-08-21,RETROSPECTIVE_REBASE,VERIFIED,ARCHIVED_RELEASE_20260821,false,true,true
2011-11-30,2011-11,81.500,81.500,2025=100指数,M,CPI2025_EXRENT,总务省(e-Stat),OFFICIAL_CANONICAL,CPI2025BASE,linked level RETROSPECTIVE_REBASE,2026-08-21,RETROSPECTIVE_REBASE,VERIFIED,ARCHIVED_RELEASE_20260821,false,true,true
2011-12-31,2011-12,81.500,81.500,2025=100指数,M,CPI2025_EXRENT,总务省(e-Stat),OFFICIAL_CANONICAL,CPI2025BASE,linked level RETROSPECTIVE_REBASE,2026-08-21,RETROSPECTIVE_REBASE,VERIFIED,ARCHIVED_RELEASE_20260821,false,true,true
2012-01-31,2012-01,81.700,81.700,2025=100指数,M,CPI2025_EXRENT,总务省(e-Stat),OFFICIAL_CANONICAL,CPI2025BASE,linked level RETROSPECTIVE_REBASE,2026-08-21,RETROSPECTIVE_REBASE,VERIFIED,ARCHIVED_RELEASE_20260821,false,true,true
2012-02-29,2012-02,81.900,81.900,2025=100指数,M,CPI2025_EXRENT,总务省(e-Stat),OFFICIAL_CANONICAL,CPI2025BASE,linked level RETROSPECTIVE_REBASE,2026-08-21,RETROSPECTIVE_REBASE,VERIFIED,ARCHIVED_RELEASE_20260821,false,true,true
2012-03-31,2012-03,82.400,82.400,2025=100指数,M,CPI2025_EXRENT,总务省(e-Stat),OFFICIAL_CANONICAL,CPI2025BASE,linked level RETROSPECTIVE_REBASE,2026-08-21,RETROSPECTIVE_REBASE,VERIFIED,ARCHIVED_RELEASE_20260821,false,true,true
2012-04-30,2012-04,82.400,82.400,2025=100指数,M,CPI2025_EXRENT,总务省(e-Stat),OFFICIAL_CANONICAL,CPI2025BASE,linked level RETROSPECTIVE_REBASE,2026-08-21,RETROSPECTIVE_REBASE,VERIFIED,ARCHIVED_RELEASE_20260821,false,true,true
2012-05-31,2012-05,82.200,82.200,2025=100指数,M,CPI2025_EXRENT,总务省(e-Stat),OFFICIAL_CANONICAL,CPI2025BASE,linked level RETROSPECTIVE_REBASE,2026-08-21,RETROSPECTIVE_REBASE,VERIFIED,ARCHIVED_RELEASE_20260821,false,true,true
2012-06-30,2012-06,81.700,81.700,2025=100指数,M,CPI2025_EXRENT,总务省(e-Stat),OFFICIAL_CANONICAL,CPI2025BASE,linked level RETROSPECTIVE_REBASE,2026-08-21,RETROSPECTIVE_REBASE,VERIFIED,ARCHIVED_RELEASE_20260821,false,true,true
2012-07-31,2012-07,81.400,81.400,2025=100指数,M,CPI2025_EXRENT,总务省(e-Stat),OFFICIAL_CANONICAL,CPI2025BASE,linked level RETROSPECTIVE_REBASE,2026-08-21,RETROSPECTIVE_REBASE,VERIFIED,ARCHIVED_RELEASE_20260821,false,true,true
2012-08-31,2012-08,81.500,81.500,2025=100指数,M,CPI2025_EXRENT,总务省(e-Stat),OFFICIAL_CANONICAL,CPI2025BASE,linked level RETROSPECTIVE_REBASE,2026-08-21,RETROSPECTIVE_REBASE,VERIFIED,ARCHIVED_RELEASE_20260821,false,true,true
2012-09-30,2012-09,81.700,81.700,2025=100指数,M,CPI2025_EXRENT,总务省(e-Stat),OFFICIAL_CANONICAL,CPI2025BASE,linked level RETROSPECTIVE_REBASE,2026-08-21,RETROSPECTIVE_REBASE,VERIFIED,ARCHIVED_RELEASE_20260821,false,true,true
2012-10-31,2012-10,81.700,81.700,2025=100指数,M,CPI2025_EXRENT,总务省(e-Stat),OFFICIAL_CANONICAL,CPI2025BASE,linked level RETROSPECTIVE_REBASE,2026-08-21,RETROSPECTIVE_REBASE,VERIFIED,ARCHIVED_RELEASE_20260821,false,true,true
2012-11-30,2012-11,81.400,81.400,2025=100指数,M,CPI2025_EXRENT,总务省(e-Stat),OFFICIAL_CANONICAL,CPI2025BASE,linked level RETROSPECTIVE_REBASE,2026-08-21,RETROSPECTIVE_REBASE,VERIFIED,ARCHIVED_RELEASE_20260821,false,true,true
2012-12-31,2012-12,81.400,81.400,2025=100指数,M,CPI2025_EXRENT,总务省(e-Stat),OFFICIAL_CANONICAL,CPI2025BASE,linked level RETROSPECTIVE_REBASE,2026-08-21,RETROSPECTIVE_REBASE,VERIFIED,ARCHIVED_RELEASE_20260821,false,true,true
2013-01-31,2013-01,81.500,81.500,2025=100指数,M,CPI2025_EXRENT,总务省(e-Stat),OFFICIAL_CANONICAL,CPI2025BASE,linked level RETROSPECTIVE_REBASE,2026-08-21,RETROSPECTIVE_REBASE,VERIFIED,ARCHIVED_RELEASE_20260821,false,true,true
2013-02-28,2013-02,81.300,81.300,2025=100指数,M,CPI2025_EXRENT,总务省(e-Stat),OFFICIAL_CANONICAL,CPI2025BASE,linked level RETROSPECTIVE_REBASE,2026-08-21,RETROSPECTIVE_REBASE,VERIFIED,ARCHIVED_RELEASE_20260821,false,true,true
2013-03-31,2013-03,81.500,81.500,2025=100指数,M,CPI2025_EXRENT,总务省(e-Stat),OFFICIAL_CANONICAL,CPI2025BASE,linked level RETROSPECTIVE_REBASE,2026-08-21,RETROSPECTIVE_REBASE,VERIFIED,ARCHIVED_RELEASE_20260821,false,true,true
2013-04-30,2013-04,81.800,81.800,2025=100指数,M,CPI2025_EXRENT,总务省(e-Stat),OFFICIAL_CANONICAL,CPI2025BASE,linked level RETROSPECTIVE_REBASE,2026-08-21,RETROSPECTIVE_REBASE,VERIFIED,ARCHIVED_RELEASE_20260821,false,true,true
2013-05-31,2013-05,81.900,81.900,2025=100指数,M,CPI2025_EXRENT,总务省(e-Stat),OFFICIAL_CANONICAL,CPI2025BASE,linked level RETROSPECTIVE_REBASE,2026-08-21,RETROSPECTIVE_REBASE,VERIFIED,ARCHIVED_RELEASE_20260821,false,true,true
2013-06-30,2013-06,81.900,81.900,2025=100指数,M,CPI2025_EXRENT,总务省(e-Stat),OFFICIAL_CANONICAL,CPI2025BASE,linked level RETROSPECTIVE_REBASE,2026-08-21,RETROSPECTIVE_REBASE,VERIFIED,ARCHIVED_RELEASE_20260821,false,true,true
2013-07-31,2013-07,82.200,82.200,2025=100指数,M,CPI2025_EXRENT,总务省(e-Stat),OFFICIAL_CANONICAL,CPI2025BASE,linked level RETROSPECTIVE_REBASE,2026-08-21,RETROSPECTIVE_REBASE,VERIFIED,ARCHIVED_RELEASE_20260821,false,true,true
2013-08-31,2013-08,82.500,82.500,2025=100指数,M,CPI2025_EXRENT,总务省(e-Stat),OFFICIAL_CANONICAL,CPI2025BASE,linked level RETROSPECTIVE_REBASE,2026-08-21,RETROSPECTIVE_REBASE,VERIFIED,ARCHIVED_RELEASE_20260821,false,true,true
2013-09-30,2013-09,82.800,82.800,2025=100指数,M,CPI2025_EXRENT,总务省(e-Stat),OFFICIAL_CANONICAL,CPI2025BASE,linked level RETROSPECTIVE_REBASE,2026-08-21,RETROSPECTIVE_REBASE,VERIFIED,ARCHIVED_RELEASE_20260821,false,true,true
2013-10-31,2013-10,82.900,82.900,2025=100指数,M,CPI2025_EXRENT,总务省(e-Stat),OFFICIAL_CANONICAL,CPI2025BASE,linked level RETROSPECTIVE_REBASE,2026-08-21,RETROSPECTIVE_REBASE,VERIFIED,ARCHIVED_RELEASE_20260821,false,true,true
2013-11-30,2013-11,82.900,82.900,2025=100指数,M,CPI2025_EXRENT,总务省(e-Stat),OFFICIAL_CANONICAL,CPI2025BASE,linked level RETROSPECTIVE_REBASE,2026-08-21,RETROSPECTIVE_REBASE,VERIFIED,ARCHIVED_RELEASE_20260821,false,true,true
2013-12-31,2013-12,83.000,83.000,2025=100指数,M,CPI2025_EXRENT,总务省(e-Stat),OFFICIAL_CANONICAL,CPI2025BASE,linked level RETROSPECTIVE_REBASE,2026-08-21,RETROSPECTIVE_REBASE,VERIFIED,ARCHIVED_RELEASE_20260821,false,true,true
2014-01-31,2014-01,82.900,82.900,2025=100指数,M,CPI2025_EXRENT,总务省(e-Stat),OFFICIAL_CANONICAL,CPI2025BASE,linked level RETROSPECTIVE_REBASE,2026-08-21,RETROSPECTIVE_REBASE,VERIFIED,ARCHIVED_RELEASE_20260821,false,true,true
2014-02-28,2014-02,82.900,82.900,2025=100指数,M,CPI2025_EXRENT,总务省(e-Stat),OFFICIAL_CANONICAL,CPI2025BASE,linked level RETROSPECTIVE_REBASE,2026-08-21,RETROSPECTIVE_REBASE,VERIFIED,ARCHIVED_RELEASE_20260821,false,true,true
2014-03-31,2014-03,83.100,83.100,2025=100指数,M,CPI2025_EXRENT,总务省(e-Stat),OFFICIAL_CANONICAL,CPI2025BASE,linked level RETROSPECTIVE_REBASE,2026-08-21,RETROSPECTIVE_REBASE,VERIFIED,ARCHIVED_RELEASE_20260821,false,true,true
2014-04-30,2014-04,85.200,85.200,2025=100指数,M,CPI2025_EXRENT,总务省(e-Stat),OFFICIAL_CANONICAL,CPI2025BASE,linked level RETROSPECTIVE_REBASE,2026-08-21,RETROSPECTIVE_REBASE,VERIFIED,ARCHIVED_RELEASE_20260821,false,true,true
2014-05-31,2014-05,85.600,85.600,2025=100指数,M,CPI2025_EXRENT,总务省(e-Stat),OFFICIAL_CANONICAL,CPI2025BASE,linked level RETROSPECTIVE_REBASE,2026-08-21,RETROSPECTIVE_REBASE,VERIFIED,ARCHIVED_RELEASE_20260821,false,true,true
2014-06-30,2014-06,85.500,85.500,2025=100指数,M,CPI2025_EXRENT,总务省(e-Stat),OFFICIAL_CANONICAL,CPI2025BASE,linked level RETROSPECTIVE_REBASE,2026-08-21,RETROSPECTIVE_REBASE,VERIFIED,ARCHIVED_RELEASE_20260821,false,true,true
2014-07-31,2014-07,85.600,85.600,2025=100指数,M,CPI2025_EXRENT,总务省(e-Stat),OFFICIAL_CANONICAL,CPI2025BASE,linked level RETROSPECTIVE_REBASE,2026-08-21,RETROSPECTIVE_REBASE,VERIFIED,ARCHIVED_RELEASE_20260821,false,true,true
2014-08-31,2014-08,85.800,85.800,2025=100指数,M,CPI2025_EXRENT,总务省(e-Stat),OFFICIAL_CANONICAL,CPI2025BASE,linked level RETROSPECTIVE_REBASE,2026-08-21,RETROSPECTIVE_REBASE,VERIFIED,ARCHIVED_RELEASE_20260821,false,true,true
2014-09-30,2014-09,86.000,86.000,2025=100指数,M,CPI2025_EXRENT,总务省(e-Stat),OFFICIAL_CANONICAL,CPI2025BASE,linked level RETROSPECTIVE_REBASE,2026-08-21,RETROSPECTIVE_REBASE,VERIFIED,ARCHIVED_RELEASE_20260821,false,true,true
2014-10-31,2014-10,85.700,85.700,2025=100指数,M,CPI2025_EXRENT,总务省(e-Stat),OFFICIAL_CANONICAL,CPI2025BASE,linked level RETROSPECTIVE_REBASE,2026-08-21,RETROSPECTIVE_REBASE,VERIFIED,ARCHIVED_RELEASE_20260821,false,true,true
2014-11-30,2014-11,85.300,85.300,2025=100指数,M,CPI2025_EXRENT,总务省(e-Stat),OFFICIAL_CANONICAL,CPI2025BASE,linked level RETROSPECTIVE_REBASE,2026-08-21,RETROSPECTIVE_REBASE,VERIFIED,ARCHIVED_RELEASE_20260821,false,true,true
2014-12-31,2014-12,85.400,85.400,2025=100指数,M,CPI2025_EXRENT,总务省(e-Stat),OFFICIAL_CANONICAL,CPI2025BASE,linked level RETROSPECTIVE_REBASE,2026-08-21,RETROSPECTIVE_REBASE,VERIFIED,ARCHIVED_RELEASE_20260821,false,true,true
2015-01-31,2015-01,85.300,85.300,2025=100指数,M,CPI2025_EXRENT,总务省(e-Stat),OFFICIAL_CANONICAL,CPI2025BASE,linked level RETROSPECTIVE_REBASE,2026-08-21,RETROSPECTIVE_REBASE,VERIFIED,ARCHIVED_RELEASE_20260821,false,true,true
2015-02-28,2015-02,85.100,85.100,2025=100指数,M,CPI2025_EXRENT,总务省(e-Stat),OFFICIAL_CANONICAL,CPI2025BASE,linked level RETROSPECTIVE_REBASE,2026-08-21,RETROSPECTIVE_REBASE,VERIFIED,ARCHIVED_RELEASE_20260821,false,true,true
2015-03-31,2015-03,85.500,85.500,2025=100指数,M,CPI2025_EXRENT,总务省(e-Stat),OFFICIAL_CANONICAL,CPI2025BASE,linked level RETROSPECTIVE_REBASE,2026-08-21,RETROSPECTIVE_REBASE,VERIFIED,ARCHIVED_RELEASE_20260821,false,true,true
2015-04-30,2015-04,86.000,86.000,2025=100指数,M,CPI2025_EXRENT,总务省(e-Stat),OFFICIAL_CANONICAL,CPI2025BASE,linked level RETROSPECTIVE_REBASE,2026-08-21,RETROSPECTIVE_REBASE,VERIFIED,ARCHIVED_RELEASE_20260821,false,true,true
2015-05-31,2015-05,86.200,86.200,2025=100指数,M,CPI2025_EXRENT,总务省(e-Stat),OFFICIAL_CANONICAL,CPI2025BASE,linked level RETROSPECTIVE_REBASE,2026-08-21,RETROSPECTIVE_REBASE,VERIFIED,ARCHIVED_RELEASE_20260821,false,true,true
2015-06-30,2015-06,86.000,86.000,2025=100指数,M,CPI2025_EXRENT,总务省(e-Stat),OFFICIAL_CANONICAL,CPI2025BASE,linked level RETROSPECTIVE_REBASE,2026-08-21,RETROSPECTIVE_REBASE,VERIFIED,ARCHIVED_RELEASE_20260821,false,true,true
2015-07-31,2015-07,85.800,85.800,2025=100指数,M,CPI2025_EXRENT,总务省(e-Stat),OFFICIAL_CANONICAL,CPI2025BASE,linked level RETROSPECTIVE_REBASE,2026-08-21,RETROSPECTIVE_REBASE,VERIFIED,ARCHIVED_RELEASE_20260821,false,true,true
2015-08-31,2015-08,85.900,85.900,2025=100指数,M,CPI2025_EXRENT,总务省(e-Stat),OFFICIAL_CANONICAL,CPI2025BASE,linked level RETROSPECTIVE_REBASE,2026-08-21,RETROSPECTIVE_REBASE,VERIFIED,ARCHIVED_RELEASE_20260821,false,true,true
2015-09-30,2015-09,86.000,86.000,2025=100指数,M,CPI2025_EXRENT,总务省(e-Stat),OFFICIAL_CANONICAL,CPI2025BASE,linked level RETROSPECTIVE_REBASE,2026-08-21,RETROSPECTIVE_REBASE,VERIFIED,ARCHIVED_RELEASE_20260821,false,true,true
2015-10-31,2015-10,86.000,86.000,2025=100指数,M,CPI2025_EXRENT,总务省(e-Stat),OFFICIAL_CANONICAL,CPI2025BASE,linked level RETROSPECTIVE_REBASE,2026-08-21,RETROSPECTIVE_REBASE,VERIFIED,ARCHIVED_RELEASE_20260821,false,true,true
2015-11-30,2015-11,85.600,85.600,2025=100指数,M,CPI2025_EXRENT,总务省(e-Stat),OFFICIAL_CANONICAL,CPI2025BASE,linked level RETROSPECTIVE_REBASE,2026-08-21,RETROSPECTIVE_REBASE,VERIFIED,ARCHIVED_RELEASE_20260821,false,true,true
2015-12-31,2015-12,85.600,85.600,2025=100指数,M,CPI2025_EXRENT,总务省(e-Stat),OFFICIAL_CANONICAL,CPI2025BASE,linked level RETROSPECTIVE_REBASE,2026-08-21,RETROSPECTIVE_REBASE,VERIFIED,ARCHIVED_RELEASE_20260821,false,true,true
2016-01-31,2016-01,85.300,85.300,2025=100指数,M,CPI2025_EXRENT,总务省(e-Stat),OFFICIAL_CANONICAL,CPI2025BASE,linked level RETROSPECTIVE_REBASE,2026-08-21,RETROSPECTIVE_REBASE,VERIFIED,ARCHIVED_RELEASE_20260821,false,true,true
2016-02-29,2016-02,85.400,85.400,2025=100指数,M,CPI2025_EXRENT,总务省(e-Stat),OFFICIAL_CANONICAL,CPI2025BASE,linked level RETROSPECTIVE_REBASE,2026-08-21,RETROSPECTIVE_REBASE,VERIFIED,ARCHIVED_RELEASE_20260821,false,true,true
2016-03-31,2016-03,85.500,85.500,2025=100指数,M,CPI2025_EXRENT,总务省(e-Stat),OFFICIAL_CANONICAL,CPI2025BASE,linked level RETROSPECTIVE_REBASE,2026-08-21,RETROSPECTIVE_REBASE,VERIFIED,ARCHIVED_RELEASE_20260821,false,true,true
2016-04-30,2016-04,85.700,85.700,2025=100指数,M,CPI2025_EXRENT,总务省(e-Stat),OFFICIAL_CANONICAL,CPI2025BASE,linked level RETROSPECTIVE_REBASE,2026-08-21,RETROSPECTIVE_REBASE,VERIFIED,ARCHIVED_RELEASE_20260821,false,true,true
2016-05-31,2016-05,85.800,85.800,2025=100指数,M,CPI2025_EXRENT,总务省(e-Stat),OFFICIAL_CANONICAL,CPI2025BASE,linked level RETROSPECTIVE_REBASE,2026-08-21,RETROSPECTIVE_REBASE,VERIFIED,ARCHIVED_RELEASE_20260821,false,true,true
2016-06-30,2016-06,85.700,85.700,2025=100指数,M,CPI2025_EXRENT,总务省(e-Stat),OFFICIAL_CANONICAL,CPI2025BASE,linked level RETROSPECTIVE_REBASE,2026-08-21,RETROSPECTIVE_REBASE,VERIFIED,ARCHIVED_RELEASE_20260821,false,true,true
2016-07-31,2016-07,85.500,85.500,2025=100指数,M,CPI2025_EXRENT,总务省(e-Stat),OFFICIAL_CANONICAL,CPI2025BASE,linked level RETROSPECTIVE_REBASE,2026-08-21,RETROSPECTIVE_REBASE,VERIFIED,ARCHIVED_RELEASE_20260821,false,true,true
2016-08-31,2016-08,85.500,85.500,2025=100指数,M,CPI2025_EXRENT,总务省(e-Stat),OFFICIAL_CANONICAL,CPI2025BASE,linked level RETROSPECTIVE_REBASE,2026-08-21,RETROSPECTIVE_REBASE,VERIFIED,ARCHIVED_RELEASE_20260821,false,true,true
2016-09-30,2016-09,85.600,85.600,2025=100指数,M,CPI2025_EXRENT,总务省(e-Stat),OFFICIAL_CANONICAL,CPI2025BASE,linked level RETROSPECTIVE_REBASE,2026-08-21,RETROSPECTIVE_REBASE,VERIFIED,ARCHIVED_RELEASE_20260821,false,true,true
2016-10-31,2016-10,86.200,86.200,2025=100指数,M,CPI2025_EXRENT,总务省(e-Stat),OFFICIAL_CANONICAL,CPI2025BASE,linked level RETROSPECTIVE_REBASE,2026-08-21,RETROSPECTIVE_REBASE,VERIFIED,ARCHIVED_RELEASE_20260821,false,true,true
2016-11-30,2016-11,86.200,86.200,2025=100指数,M,CPI2025_EXRENT,总务省(e-Stat),OFFICIAL_CANONICAL,CPI2025BASE,linked level RETROSPECTIVE_REBASE,2026-08-21,RETROSPECTIVE_REBASE,VERIFIED,ARCHIVED_RELEASE_20260821,false,true,true
2016-12-31,2016-12,86.000,86.000,2025=100指数,M,CPI2025_EXRENT,总务省(e-Stat),OFFICIAL_CANONICAL,CPI2025BASE,linked level RETROSPECTIVE_REBASE,2026-08-21,RETROSPECTIVE_REBASE,VERIFIED,ARCHIVED_RELEASE_20260821,false,true,true
2017-01-31,2017-01,85.800,85.800,2025=100指数,M,CPI2025_EXRENT,总务省(e-Stat),OFFICIAL_CANONICAL,CPI2025BASE,linked level RETROSPECTIVE_REBASE,2026-08-21,RETROSPECTIVE_REBASE,VERIFIED,ARCHIVED_RELEASE_20260821,false,true,true
2017-02-28,2017-02,85.700,85.700,2025=100指数,M,CPI2025_EXRENT,总务省(e-Stat),OFFICIAL_CANONICAL,CPI2025BASE,linked level RETROSPECTIVE_REBASE,2026-08-21,RETROSPECTIVE_REBASE,VERIFIED,ARCHIVED_RELEASE_20260821,false,true,true
2017-03-31,2017-03,85.700,85.700,2025=100指数,M,CPI2025_EXRENT,总务省(e-Stat),OFFICIAL_CANONICAL,CPI2025BASE,linked level RETROSPECTIVE_REBASE,2026-08-21,RETROSPECTIVE_REBASE,VERIFIED,ARCHIVED_RELEASE_20260821,false,true,true
2017-04-30,2017-04,86.100,86.100,2025=100指数,M,CPI2025_EXRENT,总务省(e-Stat),OFFICIAL_CANONICAL,CPI2025BASE,linked level RETROSPECTIVE_REBASE,2026-08-21,RETROSPECTIVE_REBASE,VERIFIED,ARCHIVED_RELEASE_20260821,false,true,true
2017-05-31,2017-05,86.200,86.200,2025=100指数,M,CPI2025_EXRENT,总务省(e-Stat),OFFICIAL_CANONICAL,CPI2025BASE,linked level RETROSPECTIVE_REBASE,2026-08-21,RETROSPECTIVE_REBASE,VERIFIED,ARCHIVED_RELEASE_20260821,false,true,true
2017-06-30,2017-06,86.100,86.100,2025=100指数,M,CPI2025_EXRENT,总务省(e-Stat),OFFICIAL_CANONICAL,CPI2025BASE,linked level RETROSPECTIVE_REBASE,2026-08-21,RETROSPECTIVE_REBASE,VERIFIED,ARCHIVED_RELEASE_20260821,false,true,true
2017-07-31,2017-07,85.900,85.900,2025=100指数,M,CPI2025_EXRENT,总务省(e-Stat),OFFICIAL_CANONICAL,CPI2025BASE,linked level RETROSPECTIVE_REBASE,2026-08-21,RETROSPECTIVE_REBASE,VERIFIED,ARCHIVED_RELEASE_20260821,false,true,true
2017-08-31,2017-08,86.200,86.200,2025=100指数,M,CPI2025_EXRENT,总务省(e-Stat),OFFICIAL_CANONICAL,CPI2025BASE,linked level RETROSPECTIVE_REBASE,2026-08-21,RETROSPECTIVE_REBASE,VERIFIED,ARCHIVED_RELEASE_20260821,false,true,true
2017-09-30,2017-09,86.400,86.400,2025=100指数,M,CPI2025_EXRENT,总务省(e-Stat),OFFICIAL_CANONICAL,CPI2025BASE,linked level RETROSPECTIVE_REBASE,2026-08-21,RETROSPECTIVE_REBASE,VERIFIED,ARCHIVED_RELEASE_20260821,false,true,true
2017-10-31,2017-10,86.400,86.400,2025=100指数,M,CPI2025_EXRENT,总务省(e-Stat),OFFICIAL_CANONICAL,CPI2025BASE,linked level RETROSPECTIVE_REBASE,2026-08-21,RETROSPECTIVE_REBASE,VERIFIED,ARCHIVED_RELEASE_20260821,false,true,true
2017-11-30,2017-11,86.800,86.800,2025=100指数,M,CPI2025_EXRENT,总务省(e-Stat),OFFICIAL_CANONICAL,CPI2025BASE,linked level RETROSPECTIVE_REBASE,2026-08-21,RETROSPECTIVE_REBASE,VERIFIED,ARCHIVED_RELEASE_20260821,false,true,true
2017-12-31,2017-12,87.100,87.100,2025=100指数,M,CPI2025_EXRENT,总务省(e-Stat),OFFICIAL_CANONICAL,CPI2025BASE,linked level RETROSPECTIVE_REBASE,2026-08-21,RETROSPECTIVE_REBASE,VERIFIED,ARCHIVED_RELEASE_20260821,false,true,true
2018-01-31,2018-01,87.200,87.200,2025=100指数,M,CPI2025_EXRENT,总务省(e-Stat),OFFICIAL_CANONICAL,CPI2025BASE,linked level RETROSPECTIVE_REBASE,2026-08-21,RETROSPECTIVE_REBASE,VERIFIED,ARCHIVED_RELEASE_20260821,false,true,true
2018-02-28,2018-02,87.200,87.200,2025=100指数,M,CPI2025_EXRENT,总务省(e-Stat),OFFICIAL_CANONICAL,CPI2025BASE,linked level RETROSPECTIVE_REBASE,2026-08-21,RETROSPECTIVE_REBASE,VERIFIED,ARCHIVED_RELEASE_20260821,false,true,true
2018-03-31,2018-03,86.900,86.900,2025=100指数,M,CPI2025_EXRENT,总务省(e-Stat),OFFICIAL_CANONICAL,CPI2025BASE,linked level RETROSPECTIVE_REBASE,2026-08-21,RETROSPECTIVE_REBASE,VERIFIED,ARCHIVED_RELEASE_20260821,false,true,true
2018-04-30,2018-04,86.800,86.800,2025=100指数,M,CPI2025_EXRENT,总务省(e-Stat),OFFICIAL_CANONICAL,CPI2025BASE,linked level RETROSPECTIVE_REBASE,2026-08-21,RETROSPECTIVE_REBASE,VERIFIED,ARCHIVED_RELEASE_20260821,false,true,true
2018-05-31,2018-05,86.900,86.900,2025=100指数,M,CPI2025_EXRENT,总务省(e-Stat),OFFICIAL_CANONICAL,CPI2025BASE,linked level RETROSPECTIVE_REBASE,2026-08-21,RETROSPECTIVE_REBASE,VERIFIED,ARCHIVED_RELEASE_20260821,false,true,true
2018-06-30,2018-06,86.800,86.800,2025=100指数,M,CPI2025_EXRENT,总务省(e-Stat),OFFICIAL_CANONICAL,CPI2025BASE,linked level RETROSPECTIVE_REBASE,2026-08-21,RETROSPECTIVE_REBASE,VERIFIED,ARCHIVED_RELEASE_20260821,false,true,true
2018-07-31,2018-07,86.900,86.900,2025=100指数,M,CPI2025_EXRENT,总务省(e-Stat),OFFICIAL_CANONICAL,CPI2025BASE,linked level RETROSPECTIVE_REBASE,2026-08-21,RETROSPECTIVE_REBASE,VERIFIED,ARCHIVED_RELEASE_20260821,false,true,true
2018-08-31,2018-08,87.500,87.500,2025=100指数,M,CPI2025_EXRENT,总务省(e-Stat),OFFICIAL_CANONICAL,CPI2025BASE,linked level RETROSPECTIVE_REBASE,2026-08-21,RETROSPECTIVE_REBASE,VERIFIED,ARCHIVED_RELEASE_20260821,false,true,true
2018-09-30,2018-09,87.600,87.600,2025=100指数,M,CPI2025_EXRENT,总务省(e-Stat),OFFICIAL_CANONICAL,CPI2025BASE,linked level RETROSPECTIVE_REBASE,2026-08-21,RETROSPECTIVE_REBASE,VERIFIED,ARCHIVED_RELEASE_20260821,false,true,true
2018-10-31,2018-10,87.900,87.900,2025=100指数,M,CPI2025_EXRENT,总务省(e-Stat),OFFICIAL_CANONICAL,CPI2025BASE,linked level RETROSPECTIVE_REBASE,2026-08-21,RETROSPECTIVE_REBASE,VERIFIED,ARCHIVED_RELEASE_20260821,false,true,true
2018-11-30,2018-11,87.700,87.700,2025=100指数,M,CPI2025_EXRENT,总务省(e-Stat),OFFICIAL_CANONICAL,CPI2025BASE,linked level RETROSPECTIVE_REBASE,2026-08-21,RETROSPECTIVE_REBASE,VERIFIED,ARCHIVED_RELEASE_20260821,false,true,true
2018-12-31,2018-12,87.300,87.300,2025=100指数,M,CPI2025_EXRENT,总务省(e-Stat),OFFICIAL_CANONICAL,CPI2025BASE,linked level RETROSPECTIVE_REBASE,2026-08-21,RETROSPECTIVE_REBASE,VERIFIED,ARCHIVED_RELEASE_20260821,false,true,true
2019-01-31,2019-01,87.400,87.400,2025=100指数,M,CPI2025_EXRENT,总务省(e-Stat),OFFICIAL_CANONICAL,CPI2025BASE,linked level RETROSPECTIVE_REBASE,2026-08-21,RETROSPECTIVE_REBASE,VERIFIED,ARCHIVED_RELEASE_20260821,false,true,true
2019-02-28,2019-02,87.400,87.400,2025=100指数,M,CPI2025_EXRENT,总务省(e-Stat),OFFICIAL_CANONICAL,CPI2025BASE,linked level RETROSPECTIVE_REBASE,2026-08-21,RETROSPECTIVE_REBASE,VERIFIED,ARCHIVED_RELEASE_20260821,false,true,true
2019-03-31,2019-03,87.400,87.400,2025=100指数,M,CPI2025_EXRENT,总务省(e-Stat),OFFICIAL_CANONICAL,CPI2025BASE,linked level RETROSPECTIVE_REBASE,2026-08-21,RETROSPECTIVE_REBASE,VERIFIED,ARCHIVED_RELEASE_20260821,false,true,true
2019-04-30,2019-04,87.700,87.700,2025=100指数,M,CPI2025_EXRENT,总务省(e-Stat),OFFICIAL_CANONICAL,CPI2025BASE,linked level RETROSPECTIVE_REBASE,2026-08-21,RETROSPECTIVE_REBASE,VERIFIED,ARCHIVED_RELEASE_20260821,false,true,true
2019-05-31,2019-05,87.700,87.700,2025=100指数,M,CPI2025_EXRENT,总务省(e-Stat),OFFICIAL_CANONICAL,CPI2025BASE,linked level RETROSPECTIVE_REBASE,2026-08-21,RETROSPECTIVE_REBASE,VERIFIED,ARCHIVED_RELEASE_20260821,false,true,true
2019-06-30,2019-06,87.500,87.500,2025=100指数,M,CPI2025_EXRENT,总务省(e-Stat),OFFICIAL_CANONICAL,CPI2025BASE,linked level RETROSPECTIVE_REBASE,2026-08-21,RETROSPECTIVE_REBASE,VERIFIED,ARCHIVED_RELEASE_20260821,false,true,true
2019-07-31,2019-07,87.500,87.500,2025=100指数,M,CPI2025_EXRENT,总务省(e-Stat),OFFICIAL_CANONICAL,CPI2025BASE,linked level RETROSPECTIVE_REBASE,2026-08-21,RETROSPECTIVE_REBASE,VERIFIED,ARCHIVED_RELEASE_20260821,false,true,true
2019-08-31,2019-08,87.700,87.700,2025=100指数,M,CPI2025_EXRENT,总务省(e-Stat),OFFICIAL_CANONICAL,CPI2025BASE,linked level RETROSPECTIVE_REBASE,2026-08-21,RETROSPECTIVE_REBASE,VERIFIED,ARCHIVED_RELEASE_20260821,false,true,true
2019-09-30,2019-09,87.800,87.800,2025=100指数,M,CPI2025_EXRENT,总务省(e-Stat),OFFICIAL_CANONICAL,CPI2025BASE,linked level RETROSPECTIVE_REBASE,2026-08-21,RETROSPECTIVE_REBASE,VERIFIED,ARCHIVED_RELEASE_20260821,false,true,true
2019-10-31,2019-10,88.100,88.100,2025=100指数,M,CPI2025_EXRENT,总务省(e-Stat),OFFICIAL_CANONICAL,CPI2025BASE,linked level RETROSPECTIVE_REBASE,2026-08-21,RETROSPECTIVE_REBASE,VERIFIED,ARCHIVED_RELEASE_20260821,false,true,true
2019-11-30,2019-11,88.200,88.200,2025=100指数,M,CPI2025_EXRENT,总务省(e-Stat),OFFICIAL_CANONICAL,CPI2025BASE,linked level RETROSPECTIVE_REBASE,2026-08-21,RETROSPECTIVE_REBASE,VERIFIED,ARCHIVED_RELEASE_20260821,false,true,true
2019-12-31,2019-12,88.200,88.200,2025=100指数,M,CPI2025_EXRENT,总务省(e-Stat),OFFICIAL_CANONICAL,CPI2025BASE,linked level RETROSPECTIVE_REBASE,2026-08-21,RETROSPECTIVE_REBASE,VERIFIED,ARCHIVED_RELEASE_20260821,false,true,true
2020-01-31,2020-01,88.200,88.200,2025=100指数,M,CPI2025_EXRENT,总务省(e-Stat),OFFICIAL_CANONICAL,CPI2025BASE,linked level RETROSPECTIVE_REBASE,2026-08-21,RETROSPECTIVE_REBASE,VERIFIED,ARCHIVED_RELEASE_20260821,false,true,true
2020-02-29,2020-02,88.000,88.000,2025=100指数,M,CPI2025_EXRENT,总务省(e-Stat),OFFICIAL_CANONICAL,CPI2025BASE,linked level RETROSPECTIVE_REBASE,2026-08-21,RETROSPECTIVE_REBASE,VERIFIED,ARCHIVED_RELEASE_20260821,false,true,true
2020-03-31,2020-03,88.000,88.000,2025=100指数,M,CPI2025_EXRENT,总务省(e-Stat),OFFICIAL_CANONICAL,CPI2025BASE,linked level RETROSPECTIVE_REBASE,2026-08-21,RETROSPECTIVE_REBASE,VERIFIED,ARCHIVED_RELEASE_20260821,false,true,true
2020-04-30,2020-04,87.900,87.900,2025=100指数,M,CPI2025_EXRENT,总务省(e-Stat),OFFICIAL_CANONICAL,CPI2025BASE,linked level RETROSPECTIVE_REBASE,2026-08-21,RETROSPECTIVE_REBASE,VERIFIED,ARCHIVED_RELEASE_20260821,false,true,true
2020-05-31,2020-05,87.800,87.800,2025=100指数,M,CPI2025_EXRENT,总务省(e-Stat),OFFICIAL_CANONICAL,CPI2025BASE,linked level RETROSPECTIVE_REBASE,2026-08-21,RETROSPECTIVE_REBASE,VERIFIED,ARCHIVED_RELEASE_20260821,false,true,true
2020-06-30,2020-06,87.600,87.600,2025=100指数,M,CPI2025_EXRENT,总务省(e-Stat),OFFICIAL_CANONICAL,CPI2025BASE,linked level RETROSPECTIVE_REBASE,2026-08-21,RETROSPECTIVE_REBASE,VERIFIED,ARCHIVED_RELEASE_20260821,false,true,true
2020-07-31,2020-07,87.700,87.700,2025=100指数,M,CPI2025_EXRENT,总务省(e-Stat),OFFICIAL_CANONICAL,CPI2025BASE,linked level RETROSPECTIVE_REBASE,2026-08-21,RETROSPECTIVE_REBASE,VERIFIED,ARCHIVED_RELEASE_20260821,false,true,true
2020-08-31,2020-08,87.800,87.800,2025=100指数,M,CPI2025_EXRENT,总务省(e-Stat),OFFICIAL_CANONICAL,CPI2025BASE,linked level RETROSPECTIVE_REBASE,2026-08-21,RETROSPECTIVE_REBASE,VERIFIED,ARCHIVED_RELEASE_20260821,false,true,true
2020-09-30,2020-09,87.600,87.600,2025=100指数,M,CPI2025_EXRENT,总务省(e-Stat),OFFICIAL_CANONICAL,CPI2025BASE,linked level RETROSPECTIVE_REBASE,2026-08-21,RETROSPECTIVE_REBASE,VERIFIED,ARCHIVED_RELEASE_20260821,false,true,true
2020-10-31,2020-10,87.500,87.500,2025=100指数,M,CPI2025_EXRENT,总务省(e-Stat),OFFICIAL_CANONICAL,CPI2025BASE,linked level RETROSPECTIVE_REBASE,2026-08-21,RETROSPECTIVE_REBASE,VERIFIED,ARCHIVED_RELEASE_20260821,false,true,true
2020-11-30,2020-11,87.200,87.200,2025=100指数,M,CPI2025_EXRENT,总务省(e-Stat),OFFICIAL_CANONICAL,CPI2025BASE,linked level RETROSPECTIVE_REBASE,2026-08-21,RETROSPECTIVE_REBASE,VERIFIED,ARCHIVED_RELEASE_20260821,false,true,true
2020-12-31,2020-12,87.000,87.000,2025=100指数,M,CPI2025_EXRENT,总务省(e-Stat),OFFICIAL_CANONICAL,CPI2025BASE,linked level RETROSPECTIVE_REBASE,2026-08-21,RETROSPECTIVE_REBASE,VERIFIED,ARCHIVED_RELEASE_20260821,false,true,true
2021-01-31,2021-01,87.500,87.500,2025=100指数,M,CPI2025_EXRENT,总务省(e-Stat),OFFICIAL_CANONICAL,CPI2025BASE,linked level RETROSPECTIVE_REBASE,2026-08-21,RETROSPECTIVE_REBASE,VERIFIED,ARCHIVED_RELEASE_20260821,false,true,true
2021-02-28,2021-02,87.400,87.400,2025=100指数,M,CPI2025_EXRENT,总务省(e-Stat),OFFICIAL_CANONICAL,CPI2025BASE,linked level RETROSPECTIVE_REBASE,2026-08-21,RETROSPECTIVE_REBASE,VERIFIED,ARCHIVED_RELEASE_20260821,false,true,true
2021-03-31,2021-03,87.600,87.600,2025=100指数,M,CPI2025_EXRENT,总务省(e-Stat),OFFICIAL_CANONICAL,CPI2025BASE,linked level RETROSPECTIVE_REBASE,2026-08-21,RETROSPECTIVE_REBASE,VERIFIED,ARCHIVED_RELEASE_20260821,false,true,true
2021-04-30,2021-04,86.700,86.700,2025=100指数,M,CPI2025_EXRENT,总务省(e-Stat),OFFICIAL_CANONICAL,CPI2025BASE,linked level RETROSPECTIVE_REBASE,2026-08-21,RETROSPECTIVE_REBASE,VERIFIED,ARCHIVED_RELEASE_20260821,false,true,true
2021-05-31,2021-05,87.000,87.000,2025=100指数,M,CPI2025_EXRENT,总务省(e-Stat),OFFICIAL_CANONICAL,CPI2025BASE,linked level RETROSPECTIVE_REBASE,2026-08-21,RETROSPECTIVE_REBASE,VERIFIED,ARCHIVED_RELEASE_20260821,false,true,true
2021-06-30,2021-06,87.100,87.100,2025=100指数,M,CPI2025_EXRENT,总务省(e-Stat),OFFICIAL_CANONICAL,CPI2025BASE,linked level RETROSPECTIVE_REBASE,2026-08-21,RETROSPECTIVE_REBASE,VERIFIED,ARCHIVED_RELEASE_20260821,false,true,true
2021-07-31,2021-07,87.400,87.400,2025=100指数,M,CPI2025_EXRENT,总务省(e-Stat),OFFICIAL_CANONICAL,CPI2025BASE,linked level RETROSPECTIVE_REBASE,2026-08-21,RETROSPECTIVE_REBASE,VERIFIED,ARCHIVED_RELEASE_20260821,false,true,true
2021-08-31,2021-08,87.400,87.400,2025=100指数,M,CPI2025_EXRENT,总务省(e-Stat),OFFICIAL_CANONICAL,CPI2025BASE,linked level RETROSPECTIVE_REBASE,2026-08-21,RETROSPECTIVE_REBASE,VERIFIED,ARCHIVED_RELEASE_20260821,false,true,true
2021-09-30,2021-09,87.700,87.700,2025=100指数,M,CPI2025_EXRENT,总务省(e-Stat),OFFICIAL_CANONICAL,CPI2025BASE,linked level RETROSPECTIVE_REBASE,2026-08-21,RETROSPECTIVE_REBASE,VERIFIED,ARCHIVED_RELEASE_20260821,false,true,true
2021-10-31,2021-10,87.600,87.600,2025=100指数,M,CPI2025_EXRENT,总务省(e-Stat),OFFICIAL_CANONICAL,CPI2025BASE,linked level RETROSPECTIVE_REBASE,2026-08-21,RETROSPECTIVE_REBASE,VERIFIED,ARCHIVED_RELEASE_20260821,false,true,true
2021-11-30,2021-11,87.800,87.800,2025=100指数,M,CPI2025_EXRENT,总务省(e-Stat),OFFICIAL_CANONICAL,CPI2025BASE,linked level RETROSPECTIVE_REBASE,2026-08-21,RETROSPECTIVE_REBASE,VERIFIED,ARCHIVED_RELEASE_20260821,false,true,true
2021-12-31,2021-12,87.800,87.800,2025=100指数,M,CPI2025_EXRENT,总务省(e-Stat),OFFICIAL_CANONICAL,CPI2025BASE,linked level RETROSPECTIVE_REBASE,2026-08-21,RETROSPECTIVE_REBASE,VERIFIED,ARCHIVED_RELEASE_20260821,false,true,true
2022-01-31,2022-01,88.000,88.000,2025=100指数,M,CPI2025_EXRENT,总务省(e-Stat),OFFICIAL_CANONICAL,CPI2025BASE,linked level RETROSPECTIVE_REBASE,2026-08-21,RETROSPECTIVE_REBASE,VERIFIED,ARCHIVED_RELEASE_20260821,false,true,true
2022-02-28,2022-02,88.400,88.400,2025=100指数,M,CPI2025_EXRENT,总务省(e-Stat),OFFICIAL_CANONICAL,CPI2025BASE,linked level RETROSPECTIVE_REBASE,2026-08-21,RETROSPECTIVE_REBASE,VERIFIED,ARCHIVED_RELEASE_20260821,false,true,true
2022-03-31,2022-03,88.800,88.800,2025=100指数,M,CPI2025_EXRENT,总务省(e-Stat),OFFICIAL_CANONICAL,CPI2025BASE,linked level RETROSPECTIVE_REBASE,2026-08-21,RETROSPECTIVE_REBASE,VERIFIED,ARCHIVED_RELEASE_20260821,false,true,true
2022-04-30,2022-04,89.300,89.300,2025=100指数,M,CPI2025_EXRENT,总务省(e-Stat),OFFICIAL_CANONICAL,CPI2025BASE,linked level RETROSPECTIVE_REBASE,2026-08-21,RETROSPECTIVE_REBASE,VERIFIED,ARCHIVED_RELEASE_20260821,false,true,true
2022-05-31,2022-05,89.600,89.600,2025=100指数,M,CPI2025_EXRENT,总务省(e-Stat),OFFICIAL_CANONICAL,CPI2025BASE,linked level RETROSPECTIVE_REBASE,2026-08-21,RETROSPECTIVE_REBASE,VERIFIED,ARCHIVED_RELEASE_20260821,false,true,true
2022-06-30,2022-06,89.600,89.600,2025=100指数,M,CPI2025_EXRENT,总务省(e-Stat),OFFICIAL_CANONICAL,CPI2025BASE,linked level RETROSPECTIVE_REBASE,2026-08-21,RETROSPECTIVE_REBASE,VERIFIED,ARCHIVED_RELEASE_20260821,false,true,true
2022-07-31,2022-07,90.100,90.100,2025=100指数,M,CPI2025_EXRENT,总务省(e-Stat),OFFICIAL_CANONICAL,CPI2025BASE,linked level RETROSPECTIVE_REBASE,2026-08-21,RETROSPECTIVE_REBASE,VERIFIED,ARCHIVED_RELEASE_20260821,false,true,true
2022-08-31,2022-08,90.500,90.500,2025=100指数,M,CPI2025_EXRENT,总务省(e-Stat),OFFICIAL_CANONICAL,CPI2025BASE,linked level RETROSPECTIVE_REBASE,2026-08-21,RETROSPECTIVE_REBASE,VERIFIED,ARCHIVED_RELEASE_20260821,false,true,true
2022-09-30,2022-09,90.900,90.900,2025=100指数,M,CPI2025_EXRENT,总务省(e-Stat),OFFICIAL_CANONICAL,CPI2025BASE,linked level RETROSPECTIVE_REBASE,2026-08-21,RETROSPECTIVE_REBASE,VERIFIED,ARCHIVED_RELEASE_20260821,false,true,true
2022-10-31,2022-10,91.500,91.500,2025=100指数,M,CPI2025_EXRENT,总务省(e-Stat),OFFICIAL_CANONICAL,CPI2025BASE,linked level RETROSPECTIVE_REBASE,2026-08-21,RETROSPECTIVE_REBASE,VERIFIED,ARCHIVED_RELEASE_20260821,false,true,true
2022-11-30,2022-11,91.800,91.800,2025=100指数,M,CPI2025_EXRENT,总务省(e-Stat),OFFICIAL_CANONICAL,CPI2025BASE,linked level RETROSPECTIVE_REBASE,2026-08-21,RETROSPECTIVE_REBASE,VERIFIED,ARCHIVED_RELEASE_20260821,false,true,true
2022-12-31,2022-12,92.000,92.000,2025=100指数,M,CPI2025_EXRENT,总务省(e-Stat),OFFICIAL_CANONICAL,CPI2025BASE,linked level RETROSPECTIVE_REBASE,2026-08-21,RETROSPECTIVE_REBASE,VERIFIED,ARCHIVED_RELEASE_20260821,false,true,true
2023-01-31,2023-01,92.500,92.500,2025=100指数,M,CPI2025_EXRENT,总务省(e-Stat),OFFICIAL_CANONICAL,CPI2025BASE,linked level RETROSPECTIVE_REBASE,2026-08-21,RETROSPECTIVE_REBASE,VERIFIED,ARCHIVED_RELEASE_20260821,false,true,true
2023-02-28,2023-02,91.800,91.800,2025=100指数,M,CPI2025_EXRENT,总务省(e-Stat),OFFICIAL_CANONICAL,CPI2025BASE,linked level RETROSPECTIVE_REBASE,2026-08-21,RETROSPECTIVE_REBASE,VERIFIED,ARCHIVED_RELEASE_20260821,false,true,true
2023-03-31,2023-03,92.200,92.200,2025=100指数,M,CPI2025_EXRENT,总务省(e-Stat),OFFICIAL_CANONICAL,CPI2025BASE,linked level RETROSPECTIVE_REBASE,2026-08-21,RETROSPECTIVE_REBASE,VERIFIED,ARCHIVED_RELEASE_20260821,false,true,true
2023-04-30,2023-04,92.900,92.900,2025=100指数,M,CPI2025_EXRENT,总务省(e-Stat),OFFICIAL_CANONICAL,CPI2025BASE,linked level RETROSPECTIVE_REBASE,2026-08-21,RETROSPECTIVE_REBASE,VERIFIED,ARCHIVED_RELEASE_20260821,false,true,true
2023-05-31,2023-05,93.000,93.000,2025=100指数,M,CPI2025_EXRENT,总务省(e-Stat),OFFICIAL_CANONICAL,CPI2025BASE,linked level RETROSPECTIVE_REBASE,2026-08-21,RETROSPECTIVE_REBASE,VERIFIED,ARCHIVED_RELEASE_20260821,false,true,true
2023-06-30,2023-06,93.100,93.100,2025=100指数,M,CPI2025_EXRENT,总务省(e-Stat),OFFICIAL_CANONICAL,CPI2025BASE,linked level RETROSPECTIVE_REBASE,2026-08-21,RETROSPECTIVE_REBASE,VERIFIED,ARCHIVED_RELEASE_20260821,false,true,true
2023-07-31,2023-07,93.600,93.600,2025=100指数,M,CPI2025_EXRENT,总务省(e-Stat),OFFICIAL_CANONICAL,CPI2025BASE,linked level RETROSPECTIVE_REBASE,2026-08-21,RETROSPECTIVE_REBASE,VERIFIED,ARCHIVED_RELEASE_20260821,false,true,true
2023-08-31,2023-08,93.800,93.800,2025=100指数,M,CPI2025_EXRENT,总务省(e-Stat),OFFICIAL_CANONICAL,CPI2025BASE,linked level RETROSPECTIVE_REBASE,2026-08-21,RETROSPECTIVE_REBASE,VERIFIED,ARCHIVED_RELEASE_20260821,false,true,true
2023-09-30,2023-09,94.100,94.100,2025=100指数,M,CPI2025_EXRENT,总务省(e-Stat),OFFICIAL_CANONICAL,CPI2025BASE,linked level RETROSPECTIVE_REBASE,2026-08-21,RETROSPECTIVE_REBASE,VERIFIED,ARCHIVED_RELEASE_20260821,false,true,true
2023-10-31,2023-10,95.100,95.100,2025=100指数,M,CPI2025_EXRENT,总务省(e-Stat),OFFICIAL_CANONICAL,CPI2025BASE,linked level RETROSPECTIVE_REBASE,2026-08-21,RETROSPECTIVE_REBASE,VERIFIED,ARCHIVED_RELEASE_20260821,false,true,true
2023-11-30,2023-11,94.800,94.800,2025=100指数,M,CPI2025_EXRENT,总务省(e-Stat),OFFICIAL_CANONICAL,CPI2025BASE,linked level RETROSPECTIVE_REBASE,2026-08-21,RETROSPECTIVE_REBASE,VERIFIED,ARCHIVED_RELEASE_20260821,false,true,true
2023-12-31,2023-12,94.700,94.700,2025=100指数,M,CPI2025_EXRENT,总务省(e-Stat),OFFICIAL_CANONICAL,CPI2025BASE,linked level RETROSPECTIVE_REBASE,2026-08-21,RETROSPECTIVE_REBASE,VERIFIED,ARCHIVED_RELEASE_20260821,false,true,true
2024-01-31,2024-01,94.800,94.800,2025=100指数,M,CPI2025_EXRENT,总务省(e-Stat),OFFICIAL_CANONICAL,CPI2025BASE,linked level RETROSPECTIVE_REBASE,2026-08-21,RETROSPECTIVE_REBASE,VERIFIED,ARCHIVED_RELEASE_20260821,false,true,true
2024-02-29,2024-02,94.800,94.800,2025=100指数,M,CPI2025_EXRENT,总务省(e-Stat),OFFICIAL_CANONICAL,CPI2025BASE,linked level RETROSPECTIVE_REBASE,2026-08-21,RETROSPECTIVE_REBASE,VERIFIED,ARCHIVED_RELEASE_20260821,false,true,true
2024-03-31,2024-03,95.100,95.100,2025=100指数,M,CPI2025_EXRENT,总务省(e-Stat),OFFICIAL_CANONICAL,CPI2025BASE,linked level RETROSPECTIVE_REBASE,2026-08-21,RETROSPECTIVE_REBASE,VERIFIED,ARCHIVED_RELEASE_20260821,false,true,true
2024-04-30,2024-04,95.600,95.600,2025=100指数,M,CPI2025_EXRENT,总务省(e-Stat),OFFICIAL_CANONICAL,CPI2025BASE,linked level RETROSPECTIVE_REBASE,2026-08-21,RETROSPECTIVE_REBASE,VERIFIED,ARCHIVED_RELEASE_20260821,false,true,true
2024-05-31,2024-05,96.000,96.000,2025=100指数,M,CPI2025_EXRENT,总务省(e-Stat),OFFICIAL_CANONICAL,CPI2025BASE,linked level RETROSPECTIVE_REBASE,2026-08-21,RETROSPECTIVE_REBASE,VERIFIED,ARCHIVED_RELEASE_20260821,false,true,true
2024-06-30,2024-06,96.100,96.100,2025=100指数,M,CPI2025_EXRENT,总务省(e-Stat),OFFICIAL_CANONICAL,CPI2025BASE,linked level RETROSPECTIVE_REBASE,2026-08-21,RETROSPECTIVE_REBASE,VERIFIED,ARCHIVED_RELEASE_20260821,false,true,true
2024-07-31,2024-07,96.500,96.500,2025=100指数,M,CPI2025_EXRENT,总务省(e-Stat),OFFICIAL_CANONICAL,CPI2025BASE,linked level RETROSPECTIVE_REBASE,2026-08-21,RETROSPECTIVE_REBASE,VERIFIED,ARCHIVED_RELEASE_20260821,false,true,true
2024-08-31,2024-08,97.100,97.100,2025=100指数,M,CPI2025_EXRENT,总务省(e-Stat),OFFICIAL_CANONICAL,CPI2025BASE,linked level RETROSPECTIVE_REBASE,2026-08-21,RETROSPECTIVE_REBASE,VERIFIED,ARCHIVED_RELEASE_20260821,false,true,true
2024-09-30,2024-09,96.800,96.800,2025=100指数,M,CPI2025_EXRENT,总务省(e-Stat),OFFICIAL_CANONICAL,CPI2025BASE,linked level RETROSPECTIVE_REBASE,2026-08-21,RETROSPECTIVE_REBASE,VERIFIED,ARCHIVED_RELEASE_20260821,false,true,true
2024-10-31,2024-10,97.500,97.500,2025=100指数,M,CPI2025_EXRENT,总务省(e-Stat),OFFICIAL_CANONICAL,CPI2025BASE,linked level RETROSPECTIVE_REBASE,2026-08-21,RETROSPECTIVE_REBASE,VERIFIED,ARCHIVED_RELEASE_20260821,false,true,true
2024-11-30,2024-11,98.000,98.000,2025=100指数,M,CPI2025_EXRENT,总务省(e-Stat),OFFICIAL_CANONICAL,CPI2025BASE,linked level RETROSPECTIVE_REBASE,2026-08-21,RETROSPECTIVE_REBASE,VERIFIED,ARCHIVED_RELEASE_20260821,false,true,true
2024-12-31,2024-12,98.700,98.700,2025=100指数,M,CPI2025_EXRENT,总务省(e-Stat),OFFICIAL_CANONICAL,CPI2025BASE,linked level RETROSPECTIVE_REBASE,2026-08-21,RETROSPECTIVE_REBASE,VERIFIED,ARCHIVED_RELEASE_20260821,false,true,true
2025-01-31,2025-01,99.200,99.200,2025=100指数,M,CPI2025_EXRENT,总务省(e-Stat),OFFICIAL_CANONICAL,CPI2025BASE,linked level RETROSPECTIVE_REBASE,2026-08-21,RETROSPECTIVE_REBASE,VERIFIED,ARCHIVED_RELEASE_20260821,false,true,true
2025-02-28,2025-02,98.800,98.800,2025=100指数,M,CPI2025_EXRENT,总务省(e-Stat),OFFICIAL_CANONICAL,CPI2025BASE,linked level RETROSPECTIVE_REBASE,2026-08-21,RETROSPECTIVE_REBASE,VERIFIED,ARCHIVED_RELEASE_20260821,false,true,true
2025-03-31,2025-03,99.100,99.100,2025=100指数,M,CPI2025_EXRENT,总务省(e-Stat),OFFICIAL_CANONICAL,CPI2025BASE,linked level RETROSPECTIVE_REBASE,2026-08-21,RETROSPECTIVE_REBASE,VERIFIED,ARCHIVED_RELEASE_20260821,false,true,true
2025-04-30,2025-04,99.600,99.600,2025=100指数,M,CPI2025_EXRENT,总务省(e-Stat),OFFICIAL_CANONICAL,CPI2025BASE,linked level RETROSPECTIVE_REBASE,2026-08-21,RETROSPECTIVE_REBASE,VERIFIED,ARCHIVED_RELEASE_20260821,false,true,true
2025-05-31,2025-05,100.000,100.000,2025=100指数,M,CPI2025_EXRENT,总务省(e-Stat),OFFICIAL_CANONICAL,CPI2025BASE,linked level RETROSPECTIVE_REBASE,2026-08-21,RETROSPECTIVE_REBASE,VERIFIED,ARCHIVED_RELEASE_20260821,false,true,true
2025-06-30,2025-06,99.900,99.900,2025=100指数,M,CPI2025_EXRENT,总务省(e-Stat),OFFICIAL_CANONICAL,CPI2025BASE,linked level RETROSPECTIVE_REBASE,2026-08-21,RETROSPECTIVE_REBASE,VERIFIED,ARCHIVED_RELEASE_20260821,false,true,true
2025-07-31,2025-07,100.100,100.100,2025=100指数,M,CPI2025_EXRENT,总务省(e-Stat),OFFICIAL_CANONICAL,CPI2025BASE,linked level RETROSPECTIVE_REBASE,2026-08-21,RETROSPECTIVE_REBASE,VERIFIED,ARCHIVED_RELEASE_20260821,false,true,true
2025-08-31,2025-08,100.300,100.300,2025=100指数,M,CPI2025_EXRENT,总务省(e-Stat),OFFICIAL_CANONICAL,CPI2025BASE,linked level RETROSPECTIVE_REBASE,2026-08-21,RETROSPECTIVE_REBASE,VERIFIED,ARCHIVED_RELEASE_20260821,false,true,true
2025-09-30,2025-09,100.100,100.100,2025=100指数,M,CPI2025_EXRENT,总务省(e-Stat),OFFICIAL_CANONICAL,CPI2025BASE,linked level RETROSPECTIVE_REBASE,2026-08-21,RETROSPECTIVE_REBASE,VERIFIED,ARCHIVED_RELEASE_20260821,false,true,true
2025-10-31,2025-10,100.800,100.800,2025=100指数,M,CPI2025_EXRENT,总务省(e-Stat),OFFICIAL_CANONICAL,CPI2025BASE,linked level RETROSPECTIVE_REBASE,2026-08-21,RETROSPECTIVE_REBASE,VERIFIED,ARCHIVED_RELEASE_20260821,false,true,true
2025-11-30,2025-11,101.200,101.200,2025=100指数,M,CPI2025_EXRENT,总务省(e-Stat),OFFICIAL_CANONICAL,CPI2025BASE,linked level RETROSPECTIVE_REBASE,2026-08-21,RETROSPECTIVE_REBASE,VERIFIED,ARCHIVED_RELEASE_20260821,false,true,true
2025-12-31,2025-12,101.000,101.000,2025=100指数,M,CPI2025_EXRENT,总务省(e-Stat),OFFICIAL_CANONICAL,CPI2025BASE,linked level RETROSPECTIVE_REBASE,2026-08-21,RETROSPECTIVE_REBASE,VERIFIED,ARCHIVED_RELEASE_20260821,false,true,true
2026-01-31,2026-01,100.900,100.900,2025=100指数,M,CPI2025_EXRENT,总务省(e-Stat),OFFICIAL_CANONICAL,CPI2025BASE,linked level RETROSPECTIVE_REBASE,2026-08-21,RETROSPECTIVE_REBASE,VERIFIED,ARCHIVED_RELEASE_20260821,false,true,true
2026-02-28,2026-02,100.200,100.200,2025=100指数,M,CPI2025_EXRENT,总务省(e-Stat),OFFICIAL_CANONICAL,CPI2025BASE,linked level RETROSPECTIVE_REBASE,2026-08-21,RETROSPECTIVE_REBASE,VERIFIED,ARCHIVED_RELEASE_20260821,false,true,true
2026-03-31,2026-03,100.700,100.700,2025=100指数,M,CPI2025_EXRENT,总务省(e-Stat),OFFICIAL_CANONICAL,CPI2025BASE,linked level RETROSPECTIVE_REBASE,2026-08-21,RETROSPECTIVE_REBASE,VERIFIED,ARCHIVED_RELEASE_20260821,false,true,true
2026-04-30,2026-04,101.100,101.100,2025=100指数,M,CPI2025_EXRENT,总务省(e-Stat),OFFICIAL_CANONICAL,CPI2025BASE,linked level RETROSPECTIVE_REBASE,2026-08-21,RETROSPECTIVE_REBASE,VERIFIED,ARCHIVED_RELEASE_20260821,false,true,true
2026-05-31,2026-05,101.700,101.700,2025=100指数,M,CPI2025_EXRENT,总务省(e-Stat),OFFICIAL_CANONICAL,CPI2025BASE,linked level RETROSPECTIVE_REBASE,2026-08-21,RETROSPECTIVE_REBASE,VERIFIED,ARCHIVED_RELEASE_20260821,false,true,true
2026-06-30,2026-06,101.800,101.800,2025=100指数,M,CPI2025_EXRENT,总务省(e-Stat),OFFICIAL_CANONICAL,CPI2025BASE,linked level RETROSPECTIVE_REBASE,2026-08-21,RETROSPECTIVE_REBASE,VERIFIED,ARCHIVED_RELEASE_20260821,false,true,true
2026-07-31,2026-07,102.400,102.400,2025=100指数,M,CPI2025_EXRENT,总务省(e-Stat),OFFICIAL_CANONICAL,CPI2025BASE,linked level RETROSPECTIVE_REBASE,2026-08-21,RETROSPECTIVE_REBASE,VERIFIED,ARCHIVED_RELEASE_20260821,false,true,true
