decision_month,target_id,value,na_reason,decision_date,state_start_date,execution_entry_date,target_end_date,path_start_date,path_end_date,path_n_obs,observed_data_end_date
2008-01,forward_36m_state,-0.31380604,,2008-01-31,2008-01-31,,2011-01-31,2008-01-31,2011-01-31,,
2008-01,forward_36m_execution,-0.30653415,,2008-01-31,2008-01-31,2008-02-01,2011-01-31,2008-01-31,2011-01-31,,
2008-01,loss_flag_36m,1,,2008-01-31,2008-01-31,,2011-01-31,2008-01-31,2011-01-31,,
2008-01,future_max_drawdown_36m,-0.67267096,,2008-01-31,2008-01-31,,2011-01-31,2008-01-31,2011-01-31,731,
2008-01,forward_60m_state,-0.38032543,,2008-01-31,2008-01-31,,2013-01-31,2008-01-31,2013-01-31,,
2008-01,forward_60m_execution,-0.37375848,,2008-01-31,2008-01-31,2008-02-01,2013-01-31,2008-01-31,2013-01-31,,
2008-01,loss_flag_60m,1,,2008-01-31,2008-01-31,,2013-01-31,2008-01-31,2013-01-31,,
2008-01,future_max_drawdown_60m,-0.67267096,,2008-01-31,2008-01-31,,2013-01-31,2008-01-31,2013-01-31,1218,
2008-01,forward_120m_state,0.10103344,,2008-01-31,2008-01-31,,2018-01-31,2008-01-31,2018-01-31,,
2008-01,forward_120m_execution,0.11270155,,2008-01-31,2008-01-31,2008-02-01,2018-01-31,2008-01-31,2018-01-31,,
2008-01,loss_flag_120m,0,,2008-01-31,2008-01-31,,2018-01-31,2008-01-31,2018-01-31,,
2008-01,future_max_drawdown_120m,-0.67267096,,2008-01-31,2008-01-31,,2018-01-31,2008-01-31,2018-01-31,2435,
2008-02,forward_36m_state,-0.28578936,,2008-02-29,2008-02-29,,2011-02-28,2008-02-29,2011-02-28,,
2008-02,forward_36m_execution,-0.30311176,,2008-02-29,2008-02-29,2008-03-03,2011-02-28,2008-02-29,2011-02-28,,
2008-02,loss_flag_36m,1,,2008-02-29,2008-02-29,,2011-02-28,2008-02-29,2011-02-28,,
2008-02,future_max_drawdown_36m,-0.65695547,,2008-02-29,2008-02-29,,2011-02-28,2008-02-29,2011-02-28,730,
2008-02,forward_60m_state,-0.39059492,,2008-02-29,2008-02-29,,2013-02-28,2008-02-29,2013-02-28,,
2008-02,forward_60m_execution,-0.40537538,,2008-02-29,2008-02-29,2008-03-03,2013-02-28,2008-02-29,2013-02-28,,
2008-02,loss_flag_60m,1,,2008-02-29,2008-02-29,,2013-02-28,2008-02-29,2013-02-28,,
2008-02,future_max_drawdown_60m,-0.65695547,,2008-02-29,2008-02-29,,2013-02-28,2008-02-29,2013-02-28,1217,
2008-02,forward_120m_state,0.02407890,,2008-02-29,2008-02-29,,2018-02-28,2008-02-29,2018-02-28,,
2008-02,forward_120m_execution,-0.00075902,,2008-02-29,2008-02-29,2008-03-03,2018-02-28,2008-02-29,2018-02-28,,
2008-02,loss_flag_120m,0,,2008-02-29,2008-02-29,,2018-02-28,2008-02-29,2018-02-28,,
2008-02,future_max_drawdown_120m,-0.65695547,,2008-02-29,2008-02-29,,2018-02-28,2008-02-29,2018-02-28,2434,
2008-03,forward_36m_state,-0.12355918,,2008-03-31,2008-03-31,,2011-03-31,2008-03-31,2011-03-31,,
2008-03,forward_36m_execution,-0.07275963,,2008-03-31,2008-03-31,2008-04-01,2011-03-31,2008-03-31,2011-03-31,,
2008-03,loss_flag_36m,1,,2008-03-31,2008-03-31,,2011-03-31,2008-03-31,2011-03-31,,
2008-03,future_max_drawdown_36m,-0.59496460,,2008-03-31,2008-03-31,,2011-03-31,2008-03-31,2011-03-31,732,
2008-03,forward_60m_state,-0.29855571,,2008-03-31,2008-03-31,,2013-03-29,2008-03-31,2013-03-29,,
2008-03,forward_60m_execution,-0.25789916,,2008-03-31,2008-03-31,2008-04-01,2013-03-29,2008-03-31,2013-03-29,,
2008-03,loss_flag_60m,1,,2008-03-31,2008-03-31,,2013-03-29,2008-03-31,2013-03-29,,
2008-03,future_max_drawdown_60m,-0.59496460,,2008-03-31,2008-03-31,,2013-03-29,2008-03-31,2013-03-29,1217,
2008-03,forward_120m_state,0.22360496,,2008-03-31,2008-03-31,,2018-03-30,2008-03-31,2018-03-30,,
2008-03,forward_120m_execution,0.29452657,,2008-03-31,2008-03-31,2008-04-01,2018-03-30,2008-03-31,2018-03-30,,
2008-03,loss_flag_120m,0,,2008-03-31,2008-03-31,,2018-03-30,2008-03-31,2018-03-30,,
2008-03,future_max_drawdown_120m,-0.59496460,,2008-03-31,2008-03-31,,2018-03-30,2008-03-31,2018-03-30,2435,
2008-04,forward_36m_state,-0.16897124,,2008-04-30,2008-04-30,,2011-04-29,2008-04-30,2011-04-29,,
2008-04,forward_36m_execution,-0.18877594,,2008-04-30,2008-04-30,2008-05-05,2011-04-29,2008-04-30,2011-04-29,,
2008-04,loss_flag_36m,1,,2008-04-30,2008-04-30,,2011-04-29,2008-04-30,2011-04-29,,
2008-04,future_max_drawdown_36m,-0.59496460,,2008-04-30,2008-04-30,,2011-04-29,2008-04-30,2011-04-29,730,
2008-04,forward_60m_state,-0.34138087,,2008-04-30,2008-04-30,,2013-04-26,2008-04-30,2013-04-26,,
2008-04,forward_60m_execution,-0.35707679,,2008-04-30,2008-04-30,2008-05-05,2013-04-26,2008-04-30,2013-04-26,,
2008-04,loss_flag_60m,1,,2008-04-30,2008-04-30,,2013-04-26,2008-04-30,2013-04-26,,
2008-04,future_max_drawdown_60m,-0.59496460,,2008-04-30,2008-04-30,,2013-04-26,2008-04-30,2013-04-26,1214,
2008-04,forward_120m_state,0.12865560,,2008-04-30,2008-04-30,,2018-04-27,2008-04-30,2018-04-27,,
2008-04,forward_120m_execution,0.10175799,,2008-04-30,2008-04-30,2008-05-05,2018-04-27,2008-04-30,2018-04-27,,
2008-04,loss_flag_120m,0,,2008-04-30,2008-04-30,,2018-04-27,2008-04-30,2018-04-27,,
2008-04,future_max_drawdown_120m,-0.59496460,,2008-04-30,2008-04-30,,2018-04-27,2008-04-30,2018-04-27,2432,
2008-05,forward_36m_state,-0.14374429,,2008-05-30,2008-05-30,,2011-05-31,2008-05-30,2011-05-31,,
2008-05,forward_36m_execution,-0.14718155,,2008-05-30,2008-05-30,2008-06-02,2011-05-31,2008-05-30,2011-05-31,,
2008-05,loss_flag_36m,1,,2008-05-30,2008-05-30,,2011-05-31,2008-05-30,2011-05-31,,
2008-05,future_max_drawdown_36m,-0.54763879,,2008-05-30,2008-05-30,,2011-05-31,2008-05-30,2011-05-31,731,
2008-05,forward_60m_state,-0.23034272,,2008-05-30,2008-05-30,,2013-05-31,2008-05-30,2013-05-31,,
2008-05,forward_60m_execution,-0.23343235,,2008-05-30,2008-05-30,2008-06-02,2013-05-31,2008-05-30,2013-05-31,,
2008-05,loss_flag_60m,1,,2008-05-30,2008-05-30,,2013-05-31,2008-05-30,2013-05-31,,
2008-05,future_max_drawdown_60m,-0.54763879,,2008-05-30,2008-05-30,,2013-05-31,2008-05-30,2013-05-31,1216,
2008-05,forward_120m_state,0.25349096,,2008-05-30,2008-05-30,,2018-05-31,2008-05-30,2018-05-31,,
2008-05,forward_120m_execution,0.24845909,,2008-05-30,2008-05-30,2008-06-02,2018-05-31,2008-05-30,2018-05-31,,
2008-05,loss_flag_120m,0,,2008-05-30,2008-05-30,,2018-05-31,2008-05-30,2018-05-31,,
2008-05,future_max_drawdown_120m,-0.54763879,,2008-05-30,2008-05-30,,2018-05-31,2008-05-30,2018-05-31,2434,
2008-06,forward_36m_state,0.12723292,,2008-06-30,2008-06-30,,2011-06-30,2008-06-30,2011-06-30,,
2008-06,forward_36m_execution,0.16588503,,2008-06-30,2008-06-30,2008-07-01,2011-06-30,2008-06-30,2011-06-30,,
2008-06,loss_flag_36m,0,,2008-06-30,2008-06-30,,2011-06-30,2008-06-30,2011-06-30,,
2008-06,future_max_drawdown_36m,-0.45878293,,2008-06-30,2008-06-30,,2011-06-30,2008-06-30,2011-06-30,732,
2008-06,forward_60m_state,-0.15409915,,2008-06-30,2008-06-30,,2013-06-28,2008-06-30,2013-06-28,,
2008-06,forward_60m_execution,-0.12509374,,2008-06-30,2008-06-30,2008-07-01,2013-06-28,2008-06-30,2013-06-28,,
2008-06,loss_flag_60m,1,,2008-06-30,2008-06-30,,2013-06-28,2008-06-30,2013-06-28,,
2008-06,future_max_drawdown_60m,-0.45878293,,2008-06-30,2008-06-30,,2013-06-28,2008-06-30,2013-06-28,1213,
2008-06,forward_120m_state,0.50126456,,2008-06-30,2008-06-30,,2018-06-29,2008-06-30,2018-06-29,,
2008-06,forward_120m_execution,0.55274197,,2008-06-30,2008-06-30,2008-07-01,2018-06-29,2008-06-30,2018-06-29,,
2008-06,loss_flag_120m,0,,2008-06-30,2008-06-30,,2018-06-29,2008-06-30,2018-06-29,,
2008-06,future_max_drawdown_120m,-0.46058855,,2008-06-30,2008-06-30,,2018-06-29,2008-06-30,2018-06-29,2435,
2008-07,forward_36m_state,0.09538558,,2008-07-31,2008-07-31,,2011-07-29,2008-07-31,2011-07-29,,
2008-07,forward_36m_execution,0.08166466,,2008-07-31,2008-07-31,2008-08-01,2011-07-29,2008-07-31,2011-07-29,,
2008-07,loss_flag_36m,0,,2008-07-31,2008-07-31,,2011-07-29,2008-07-31,2011-07-29,,
2008-07,future_max_drawdown_36m,-0.42648990,,2008-07-31,2008-07-31,,2011-07-29,2008-07-31,2011-07-29,730,
2008-07,forward_60m_state,-0.15548949,,2008-07-31,2008-07-31,,2013-07-31,2008-07-31,2013-07-31,,
2008-07,forward_60m_execution,-0.16606792,,2008-07-31,2008-07-31,2008-08-01,2013-07-31,2008-07-31,2013-07-31,,
2008-07,loss_flag_60m,1,,2008-07-31,2008-07-31,,2013-07-31,2008-07-31,2013-07-31,,
2008-07,future_max_drawdown_60m,-0.42648990,,2008-07-31,2008-07-31,,2013-07-31,2008-07-31,2013-07-31,1213,
2008-07,forward_120m_state,0.50599799,,2008-07-31,2008-07-31,,2018-07-31,2008-07-31,2018-07-31,,
2008-07,forward_120m_execution,0.48713369,,2008-07-31,2008-07-31,2008-08-01,2018-07-31,2008-07-31,2018-07-31,,
2008-07,loss_flag_120m,0,,2008-07-31,2008-07-31,,2018-07-31,2008-07-31,2018-07-31,,
2008-07,future_max_drawdown_120m,-0.46058855,,2008-07-31,2008-07-31,,2018-07-31,2008-07-31,2018-07-31,2434,
2008-08,forward_36m_state,0.23065147,,2008-08-29,2008-08-29,,2011-08-31,2008-08-29,2011-08-31,,
2008-08,forward_36m_execution,0.27460496,,2008-08-29,2008-08-29,2008-09-01,2011-08-31,2008-08-29,2011-08-31,,
2008-08,loss_flag_36m,0,,2008-08-29,2008-08-29,,2011-08-31,2008-08-29,2011-08-31,,
2008-08,future_max_drawdown_36m,-0.33092832,,2008-08-29,2008-08-29,,2011-08-31,2008-08-29,2011-08-31,732,
2008-08,forward_60m_state,0.04614160,,2008-08-29,2008-08-29,,2013-08-30,2008-08-29,2013-08-30,,
2008-08,forward_60m_execution,0.08350521,,2008-08-29,2008-08-29,2008-09-01,2013-08-30,2008-08-29,2013-08-30,,
2008-08,loss_flag_60m,0,,2008-08-29,2008-08-29,,2013-08-30,2008-08-29,2013-08-30,,
2008-08,future_max_drawdown_60m,-0.41745809,,2008-08-29,2008-08-29,,2013-08-30,2008-08-29,2013-08-30,1214,
2008-08,forward_120m_state,0.67787724,,2008-08-29,2008-08-29,,2018-08-31,2008-08-29,2018-08-31,,
2008-08,forward_120m_execution,0.73780368,,2008-08-29,2008-08-29,2008-09-01,2018-08-31,2008-08-29,2018-08-31,,
2008-08,loss_flag_120m,0,,2008-08-29,2008-08-29,,2018-08-31,2008-08-29,2018-08-31,,
2008-08,future_max_drawdown_120m,-0.46058855,,2008-08-29,2008-08-29,,2018-08-31,2008-08-29,2018-08-31,2436,
2008-09,forward_36m_state,0.18952574,,2008-09-26,2008-09-26,,2011-09-30,2008-09-26,2011-09-30,,
2008-09,forward_36m_execution,0.25352330,,2008-09-26,2008-09-26,2008-10-06,2011-09-30,2008-09-26,2011-09-30,,
2008-09,loss_flag_36m,0,,2008-09-26,2008-09-26,,2011-09-30,2008-09-26,2011-09-30,,
2008-09,future_max_drawdown_36m,-0.33092832,,2008-09-26,2008-09-26,,2011-09-30,2008-09-26,2011-09-30,734,
2008-09,forward_60m_state,0.16180129,,2008-09-26,2008-09-26,,2013-09-30,2008-09-26,2013-09-30,,
2008-09,forward_60m_execution,0.22430725,,2008-09-26,2008-09-26,2008-10-06,2013-09-30,2008-09-26,2013-09-30,,
2008-09,loss_flag_60m,0,,2008-09-26,2008-09-26,,2013-09-30,2008-09-26,2013-09-30,,
2008-09,future_max_drawdown_60m,-0.41745809,,2008-09-26,2008-09-26,,2013-09-30,2008-09-26,2013-09-30,1214,
2008-09,forward_120m_state,0.84570983,,2008-09-26,2008-09-26,,2018-09-28,2008-09-26,2018-09-28,,
2008-09,forward_120m_execution,0.94501068,,2008-09-26,2008-09-26,2008-10-06,2018-09-28,2008-09-26,2018-09-28,,
2008-09,loss_flag_120m,0,,2008-09-26,2008-09-26,,2018-09-28,2008-09-26,2018-09-28,,
2008-09,future_max_drawdown_120m,-0.46058855,,2008-09-26,2008-09-26,,2018-09-28,2008-09-26,2018-09-28,2436,
2008-10,forward_36m_state,0.67475145,,2008-10-31,2008-10-31,,2011-10-31,2008-10-31,2011-10-31,,
2008-10,forward_36m_execution,0.68500038,,2008-10-31,2008-10-31,2008-11-03,2011-10-31,2008-10-31,2011-10-31,,
2008-10,loss_flag_36m,0,,2008-10-31,2008-10-31,,2011-10-31,2008-10-31,2011-10-31,,
2008-10,future_max_drawdown_36m,-0.33092832,,2008-10-31,2008-10-31,,2011-10-31,2008-10-31,2011-10-31,730,
2008-10,forward_60m_state,0.54364796,,2008-10-31,2008-10-31,,2013-10-31,2008-10-31,2013-10-31,,
2008-10,forward_60m_execution,0.55309458,,2008-10-31,2008-10-31,2008-11-03,2013-10-31,2008-10-31,2013-10-31,,
2008-10,loss_flag_60m,0,,2008-10-31,2008-10-31,,2013-10-31,2008-10-31,2013-10-31,,
2008-10,future_max_drawdown_60m,-0.41745809,,2008-10-31,2008-10-31,,2013-10-31,2008-10-31,2013-10-31,1212,
2008-10,forward_120m_state,1.28306026,,2008-10-31,2008-10-31,,2018-10-31,2008-10-31,2018-10-31,,
2008-10,forward_120m_execution,1.29703184,,2008-10-31,2008-10-31,2008-11-03,2018-10-31,2008-10-31,2018-10-31,,
2008-10,loss_flag_120m,0,,2008-10-31,2008-10-31,,2018-10-31,2008-10-31,2018-10-31,,
2008-10,future_max_drawdown_120m,-0.46058855,,2008-10-31,2008-10-31,,2018-10-31,2008-10-31,2018-10-31,2434,
2008-11,forward_36m_state,0.42398110,,2008-11-28,2008-11-28,,2011-11-30,2008-11-28,2011-11-30,,
2008-11,forward_36m_execution,0.39780058,,2008-11-28,2008-11-28,2008-12-01,2011-11-30,2008-11-28,2011-11-30,,
2008-11,loss_flag_36m,0,,2008-11-28,2008-11-28,,2011-11-30,2008-11-28,2011-11-30,,
2008-11,future_max_drawdown_36m,-0.33092832,,2008-11-28,2008-11-28,,2011-11-30,2008-11-28,2011-11-30,732,
2008-11,forward_60m_state,0.44141336,,2008-11-28,2008-11-28,,2013-11-29,2008-11-28,2013-11-29,,
2008-11,forward_60m_execution,0.41491234,,2008-11-28,2008-11-28,2008-12-01,2013-11-29,2008-11-28,2013-11-29,,
2008-11,loss_flag_60m,0,,2008-11-28,2008-11-28,,2013-11-29,2008-11-28,2013-11-29,,
2008-11,future_max_drawdown_60m,-0.41745809,,2008-11-28,2008-11-28,,2013-11-29,2008-11-28,2013-11-29,1213,
2008-11,forward_120m_state,1.08745141,,2008-11-28,2008-11-28,,2018-11-30,2008-11-28,2018-11-30,,
2008-11,forward_120m_execution,1.04907270,,2008-11-28,2008-11-28,2008-12-01,2018-11-30,2008-11-28,2018-11-30,,
2008-11,loss_flag_120m,0,,2008-11-28,2008-11-28,,2018-11-30,2008-11-28,2018-11-30,,
2008-11,future_max_drawdown_120m,-0.46058855,,2008-11-28,2008-11-28,,2018-11-30,2008-11-28,2018-11-30,2436,
2008-12,forward_36m_state,0.33358289,,2008-12-31,2008-12-31,,2011-12-30,2008-12-31,2011-12-30,,
2008-12,forward_36m_execution,0.28737500,,2008-12-31,2008-12-31,2009-01-05,2011-12-30,2008-12-31,2011-12-30,,
2008-12,loss_flag_36m,0,,2008-12-31,2008-12-31,,2011-12-30,2008-12-31,2011-12-30,,
2008-12,future_max_drawdown_36m,-0.37628569,,2008-12-31,2008-12-31,,2011-12-30,2008-12-31,2011-12-30,731,
2008-12,forward_60m_state,0.38621195,,2008-12-31,2008-12-31,,2013-12-31,2008-12-31,2013-12-31,,
2008-12,forward_60m_execution,0.33818049,,2008-12-31,2008-12-31,2009-01-05,2013-12-31,2008-12-31,2013-12-31,,
2008-12,loss_flag_60m,0,,2008-12-31,2008-12-31,,2013-12-31,2008-12-31,2013-12-31,,
2008-12,future_max_drawdown_60m,-0.41745809,,2008-12-31,2008-12-31,,2013-12-31,2008-12-31,2013-12-31,1212,
2008-12,forward_120m_state,0.99424967,,2008-12-31,2008-12-31,,2018-12-28,2008-12-31,2018-12-28,,
2008-12,forward_120m_execution,0.92515005,,2008-12-31,2008-12-31,2009-01-05,2018-12-28,2008-12-31,2018-12-28,,
2008-12,loss_flag_120m,0,,2008-12-31,2008-12-31,,2018-12-28,2008-12-31,2018-12-28,,
2008-12,future_max_drawdown_120m,-0.46058855,,2008-12-31,2008-12-31,,2018-12-28,2008-12-31,2018-12-28,2433,
2009-01,forward_36m_state,0.25280376,,2009-01-23,2009-01-23,,2012-01-31,2009-01-23,2012-01-31,,
2009-01,forward_36m_execution,0.23795605,,2009-01-23,2009-01-23,2009-02-02,2012-01-31,2009-01-23,2012-01-31,,
2009-01,loss_flag_36m,0,,2009-01-23,2009-01-23,,2012-01-31,2009-01-23,2012-01-31,,
2009-01,future_max_drawdown_36m,-0.38403900,,2009-01-23,2009-01-23,,2012-01-31,2009-01-23,2012-01-31,731,
2009-01,forward_60m_state,0.17175348,,2009-01-23,2009-01-23,,2014-01-30,2009-01-23,2014-01-30,,
2009-01,forward_60m_execution,0.15786634,,2009-01-23,2009-01-23,2009-02-02,2014-01-30,2009-01-23,2014-01-30,,
2009-01,loss_flag_60m,0,,2009-01-23,2009-01-23,,2014-01-30,2009-01-23,2014-01-30,,
2009-01,future_max_drawdown_60m,-0.41745809,,2009-01-23,2009-01-23,,2014-01-30,2009-01-23,2014-01-30,1218,
2009-01,forward_120m_state,0.89647690,,2009-01-23,2009-01-23,,2019-01-31,2009-01-23,2019-01-31,,
2009-01,forward_120m_execution,0.87400064,,2009-01-23,2009-01-23,2009-02-02,2019-01-31,2009-01-23,2019-01-31,,
2009-01,loss_flag_120m,0,,2009-01-23,2009-01-23,,2019-01-31,2009-01-23,2019-01-31,,
2009-01,future_max_drawdown_120m,-0.46058855,,2009-01-23,2009-01-23,,2019-01-31,2009-01-23,2019-01-31,2440,
2009-02,forward_36m_state,0.27172423,,2009-02-27,2009-02-27,,2012-02-29,2009-02-27,2012-02-29,,
2009-02,forward_36m_execution,0.25752057,,2009-02-27,2009-02-27,2009-03-02,2012-02-29,2009-02-27,2012-02-29,,
2009-02,loss_flag_36m,0,,2009-02-27,2009-02-27,,2012-02-29,2009-02-27,2012-02-29,,
2009-02,future_max_drawdown_36m,-0.38403900,,2009-02-27,2009-02-27,,2012-02-29,2009-02-27,2012-02-29,732,
2009-02,forward_60m_state,0.10093336,,2009-02-27,2009-02-27,,2014-02-28,2009-02-27,2014-02-28,,
2009-02,forward_60m_execution,0.08863722,,2009-02-27,2009-02-27,2009-03-02,2014-02-28,2009-02-27,2014-02-28,,
2009-02,loss_flag_60m,0,,2009-02-27,2009-02-27,,2014-02-28,2009-02-27,2014-02-28,,
2009-02,future_max_drawdown_60m,-0.41745809,,2009-02-27,2009-02-27,,2014-02-28,2009-02-27,2014-02-28,1214,
2009-02,forward_120m_state,1.06460907,,2009-02-27,2009-02-27,,2019-02-28,2009-02-27,2019-02-28,,
2009-02,forward_120m_execution,1.04154981,,2009-02-27,2009-02-27,2009-03-02,2019-02-28,2009-02-27,2019-02-28,,
2009-02,loss_flag_120m,0,,2009-02-27,2009-02-27,,2019-02-28,2009-02-27,2019-02-28,,
2009-02,future_max_drawdown_120m,-0.46058855,,2009-02-27,2009-02-27,,2019-02-28,2009-02-27,2019-02-28,2435,
2009-03,forward_36m_state,0.01168429,,2009-03-31,2009-03-31,,2012-03-30,2009-03-31,2012-03-30,,
2009-03,forward_36m_execution,-0.00436701,,2009-03-31,2009-03-31,2009-04-01,2012-03-30,2009-03-31,2012-03-30,,
2009-03,loss_flag_36m,0,,2009-03-31,2009-03-31,,2012-03-30,2009-03-31,2012-03-30,,
2009-03,future_max_drawdown_36m,-0.38403900,,2009-03-31,2009-03-31,,2012-03-30,2009-03-31,2012-03-30,732,
2009-03,forward_60m_state,-0.07430071,,2009-03-31,2009-03-31,,2014-03-31,2009-03-31,2014-03-31,,
2009-03,forward_60m_execution,-0.08898779,,2009-03-31,2009-03-31,2009-04-01,2014-03-31,2009-03-31,2014-03-31,,
2009-03,loss_flag_60m,1,,2009-03-31,2009-03-31,,2014-03-31,2009-03-31,2014-03-31,,
2009-03,future_max_drawdown_60m,-0.41745809,,2009-03-31,2009-03-31,,2014-03-31,2009-03-31,2014-03-31,1213,
2009-03,forward_120m_state,0.85980003,,2009-03-31,2009-03-31,,2019-03-29,2009-03-31,2019-03-29,,
2009-03,forward_120m_execution,0.83029259,,2009-03-31,2009-03-31,2009-04-01,2019-03-29,2009-03-31,2019-03-29,,
2009-03,loss_flag_120m,0,,2009-03-31,2009-03-31,,2019-03-29,2009-03-31,2019-03-29,,
2009-03,future_max_drawdown_120m,-0.46058855,,2009-03-31,2009-03-31,,2019-03-29,2009-03-31,2019-03-29,2434,
2009-04,forward_36m_state,0.03483184,,2009-04-30,2009-04-30,,2012-04-27,2009-04-30,2012-04-27,,
2009-04,forward_36m_execution,-0.00000355,,2009-04-30,2009-04-30,2009-05-04,2012-04-27,2009-04-30,2012-04-27,,
2009-04,loss_flag_36m,0,,2009-04-30,2009-04-30,,2012-04-27,2009-04-30,2012-04-27,,
2009-04,future_max_drawdown_36m,-0.38403900,,2009-04-30,2009-04-30,,2012-04-27,2009-04-30,2012-04-27,728,
2009-04,forward_60m_state,-0.10946886,,2009-04-30,2009-04-30,,2014-04-30,2009-04-30,2014-04-30,,
2009-04,forward_60m_execution,-0.13944668,,2009-04-30,2009-04-30,2009-05-04,2014-04-30,2009-04-30,2014-04-30,,
2009-04,loss_flag_60m,1,,2009-04-30,2009-04-30,,2014-04-30,2009-04-30,2014-04-30,,
2009-04,future_max_drawdown_60m,-0.41745809,,2009-04-30,2009-04-30,,2014-04-30,2009-04-30,2014-04-30,1213,
2009-04,forward_120m_state,0.79736545,,2009-04-30,2009-04-30,,2019-04-30,2009-04-30,2019-04-30,,
2009-04,forward_120m_execution,0.73686100,,2009-04-30,2009-04-30,2009-05-04,2019-04-30,2009-04-30,2019-04-30,,
2009-04,loss_flag_120m,0,,2009-04-30,2009-04-30,,2019-04-30,2009-04-30,2019-04-30,,
2009-04,future_max_drawdown_120m,-0.46058855,,2009-04-30,2009-04-30,,2019-04-30,2009-04-30,2019-04-30,2434,
2009-05,forward_36m_state,-0.01297817,,2009-05-27,2009-05-27,,2012-05-31,2009-05-27,2012-05-31,,
2009-05,forward_36m_execution,-0.04717248,,2009-05-27,2009-05-27,2009-06-01,2012-05-31,2009-05-27,2012-05-31,,
2009-05,loss_flag_36m,1,,2009-05-27,2009-05-27,,2012-05-31,2009-05-27,2012-05-31,,
2009-05,future_max_drawdown_36m,-0.38403900,,2009-05-27,2009-05-27,,2012-05-31,2009-05-27,2012-05-31,732,
2009-05,forward_60m_state,-0.15337492,,2009-05-27,2009-05-27,,2014-05-30,2009-05-27,2014-05-30,,
2009-05,forward_60m_execution,-0.18270533,,2009-05-27,2009-05-27,2009-06-01,2014-05-30,2009-05-27,2014-05-30,,
2009-05,loss_flag_60m,1,,2009-05-27,2009-05-27,,2014-05-30,2009-05-27,2014-05-30,,
2009-05,future_max_drawdown_60m,-0.41745809,,2009-05-27,2009-05-27,,2014-05-30,2009-05-27,2014-05-30,1215,
2009-05,forward_120m_state,0.58814023,,2009-05-27,2009-05-27,,2019-05-31,2009-05-27,2019-05-31,,
2009-05,forward_120m_execution,0.53312082,,2009-05-27,2009-05-27,2009-06-01,2019-05-31,2009-05-27,2019-05-31,,
2009-05,loss_flag_120m,0,,2009-05-27,2009-05-27,,2019-05-31,2009-05-27,2019-05-31,,
2009-05,future_max_drawdown_120m,-0.46058855,,2009-05-27,2009-05-27,,2019-05-31,2009-05-27,2019-05-31,2436,
2009-06,forward_36m_state,-0.19144034,,2009-06-30,2009-06-30,,2012-06-29,2009-06-30,2012-06-29,,
2009-06,forward_36m_execution,-0.20968859,,2009-06-30,2009-06-30,2009-07-01,2012-06-29,2009-06-30,2012-06-29,,
2009-06,loss_flag_36m,1,,2009-06-30,2009-06-30,,2012-06-29,2009-06-30,2012-06-29,,
2009-06,future_max_drawdown_36m,-0.38403900,,2009-06-30,2009-06-30,,2012-06-29,2009-06-30,2012-06-29,730,
2009-06,forward_60m_state,-0.25607522,,2009-06-30,2009-06-30,,2014-06-30,2009-06-30,2014-06-30,,
2009-06,forward_60m_execution,-0.27286473,,2009-06-30,2009-06-30,2009-07-01,2014-06-30,2009-06-30,2014-06-30,,
2009-06,loss_flag_60m,1,,2009-06-30,2009-06-30,,2014-06-30,2009-06-30,2014-06-30,,
2009-06,future_max_drawdown_60m,-0.41745809,,2009-06-30,2009-06-30,,2014-06-30,2009-06-30,2014-06-30,1213,
2009-06,forward_120m_state,0.46081794,,2009-06-30,2009-06-30,,2019-06-28,2009-06-30,2019-06-28,,
2009-06,forward_120m_execution,0.42784899,,2009-06-30,2009-06-30,2009-07-01,2019-06-28,2009-06-30,2019-06-28,,
2009-06,loss_flag_120m,0,,2009-06-30,2009-06-30,,2019-06-28,2009-06-30,2019-06-28,,
2009-06,future_max_drawdown_120m,-0.46058855,,2009-06-30,2009-06-30,,2019-06-28,2009-06-30,2019-06-28,2433,
2009-07,forward_36m_state,-0.34849805,,2009-07-31,2009-07-31,,2012-07-31,2009-07-31,2012-07-31,,
2009-07,forward_36m_execution,-0.35751399,,2009-07-31,2009-07-31,2009-08-03,2012-07-31,2009-07-31,2012-07-31,,
2009-07,loss_flag_36m,1,,2009-07-31,2009-07-31,,2012-07-31,2009-07-31,2012-07-31,,
2009-07,future_max_drawdown_36m,-0.38403900,,2009-07-31,2009-07-31,,2012-07-31,2009-07-31,2012-07-31,729,
2009-07,forward_60m_state,-0.30775243,,2009-07-31,2009-07-31,,2014-07-31,2009-07-31,2014-07-31,,
2009-07,forward_60m_execution,-0.31733223,,2009-07-31,2009-07-31,2009-08-03,2014-07-31,2009-07-31,2014-07-31,,
2009-07,loss_flag_60m,1,,2009-07-31,2009-07-31,,2014-07-31,2009-07-31,2014-07-31,,
2009-07,future_max_drawdown_60m,-0.41745809,,2009-07-31,2009-07-31,,2014-07-31,2009-07-31,2014-07-31,1213,
2009-07,forward_120m_state,0.24971171,,2009-07-31,2009-07-31,,2019-07-31,2009-07-31,2019-07-31,,
2009-07,forward_120m_execution,0.23241732,,2009-07-31,2009-07-31,2009-08-03,2019-07-31,2009-07-31,2019-07-31,,
2009-07,loss_flag_120m,0,,2009-07-31,2009-07-31,,2019-07-31,2009-07-31,2019-07-31,,
2009-07,future_max_drawdown_120m,-0.46058855,,2009-07-31,2009-07-31,,2019-07-31,2009-07-31,2019-07-31,2433,
2009-08,forward_36m_state,-0.18636087,,2009-08-31,2009-08-31,,2012-08-31,2009-08-31,2012-08-31,,
2009-08,forward_36m_execution,-0.19028301,,2009-08-31,2009-08-31,2009-09-01,2012-08-31,2009-08-31,2012-08-31,,
2009-08,loss_flag_36m,1,,2009-08-31,2009-08-31,,2012-08-31,2009-08-31,2012-08-31,,
2009-08,future_max_drawdown_36m,-0.37273251,,2009-08-31,2009-08-31,,2012-08-31,2009-08-31,2012-08-31,731,
2009-08,forward_60m_state,-0.09047120,,2009-08-31,2009-08-31,,2014-08-29,2009-08-31,2014-08-29,,
2009-08,forward_60m_execution,-0.09485557,,2009-08-31,2009-08-31,2009-09-01,2014-08-29,2009-08-31,2014-08-29,,
2009-08,loss_flag_60m,1,,2009-08-31,2009-08-31,,2014-08-29,2009-08-31,2014-08-29,,
2009-08,future_max_drawdown_60m,-0.39929744,,2009-08-31,2009-08-31,,2014-08-29,2009-08-31,2014-08-29,1213,
2009-08,forward_120m_state,0.63701663,,2009-08-31,2009-08-31,,2019-08-30,2009-08-31,2019-08-30,,
2009-08,forward_120m_execution,0.62912542,,2009-08-31,2009-08-31,2009-09-01,2019-08-30,2009-08-31,2019-08-30,,
2009-08,loss_flag_120m,0,,2009-08-31,2009-08-31,,2019-08-30,2009-08-31,2019-08-30,,
2009-08,future_max_drawdown_120m,-0.46058855,,2009-08-31,2009-08-31,,2019-08-30,2009-08-31,2019-08-30,2434,
2009-09,forward_36m_state,-0.20256201,,2009-09-30,2009-09-30,,2012-09-28,2009-09-30,2012-09-28,,
2009-09,forward_36m_execution,-0.24261417,,2009-09-30,2009-09-30,2009-10-09,2012-09-28,2009-09-30,2012-09-28,,
2009-09,loss_flag_36m,1,,2009-09-30,2009-09-30,,2012-09-28,2009-09-30,2012-09-28,,
2009-09,future_max_drawdown_36m,-0.37773070,,2009-09-30,2009-09-30,,2012-09-28,2009-09-30,2012-09-28,729,
2009-09,forward_60m_state,-0.10219101,,2009-09-30,2009-09-30,,2014-09-30,2009-09-30,2014-09-30,,
2009-09,forward_60m_execution,-0.14728441,,2009-09-30,2009-09-30,2009-10-09,2014-09-30,2009-09-30,2014-09-30,,
2009-09,loss_flag_60m,1,,2009-09-30,2009-09-30,,2014-09-30,2009-09-30,2014-09-30,,
2009-09,future_max_drawdown_60m,-0.39929744,,2009-09-30,2009-09-30,,2014-09-30,2009-09-30,2014-09-30,1212,
2009-09,forward_120m_state,0.54832254,,2009-09-30,2009-09-30,,2019-09-30,2009-09-30,2019-09-30,,
2009-09,forward_120m_execution,0.47055642,,2009-09-30,2009-09-30,2009-10-09,2019-09-30,2009-09-30,2019-09-30,,
2009-09,loss_flag_120m,0,,2009-09-30,2009-09-30,,2019-09-30,2009-09-30,2019-09-30,,
2009-09,future_max_drawdown_120m,-0.46058855,,2009-09-30,2009-09-30,,2019-09-30,2009-09-30,2019-09-30,2432,
2009-10,forward_36m_state,-0.28168682,,2009-10-30,2009-10-30,,2012-10-31,2009-10-30,2012-10-31,,
2009-10,forward_36m_execution,-0.30549106,,2009-10-30,2009-10-30,2009-11-02,2012-10-31,2009-10-30,2012-10-31,,
2009-10,loss_flag_36m,1,,2009-10-30,2009-10-30,,2012-10-31,2009-10-30,2012-10-31,,
2009-10,future_max_drawdown_36m,-0.37773070,,2009-10-30,2009-10-30,,2012-10-31,2009-10-30,2012-10-31,731,
2009-10,forward_60m_state,-0.15834956,,2009-10-30,2009-10-30,,2014-10-31,2009-10-30,2014-10-31,,
2009-10,forward_60m_execution,-0.18624108,,2009-10-30,2009-10-30,2009-11-02,2014-10-31,2009-10-30,2014-10-31,,
2009-10,loss_flag_60m,1,,2009-10-30,2009-10-30,,2014-10-31,2009-10-30,2014-10-31,,
2009-10,future_max_drawdown_60m,-0.39929744,,2009-10-30,2009-10-30,,2014-10-31,2009-10-30,2014-10-31,1214,
2009-10,forward_120m_state,0.44533791,,2009-10-30,2009-10-30,,2019-10-31,2009-10-30,2019-10-31,,
2009-10,forward_120m_execution,0.39744074,,2009-10-30,2009-10-30,2009-11-02,2019-10-31,2009-10-30,2019-10-31,,
2009-10,loss_flag_120m,0,,2009-10-30,2009-10-30,,2019-10-31,2009-10-30,2019-10-31,,
2009-10,future_max_drawdown_120m,-0.46058855,,2009-10-30,2009-10-30,,2019-10-31,2009-10-30,2019-10-31,2434,
2009-11,forward_36m_state,-0.36324258,,2009-11-30,2009-11-30,,2012-11-30,2009-11-30,2012-11-30,,
2009-11,forward_36m_execution,-0.37203545,,2009-11-30,2009-11-30,2009-12-01,2012-11-30,2009-11-30,2012-11-30,,
2009-11,loss_flag_36m,1,,2009-11-30,2009-11-30,,2012-11-30,2009-11-30,2012-11-30,,
2009-11,future_max_drawdown_36m,-0.39735341,,2009-11-30,2009-11-30,,2012-11-30,2009-11-30,2012-11-30,732,
2009-11,forward_60m_state,-0.11953172,,2009-11-30,2009-11-30,,2014-11-28,2009-11-30,2014-11-28,,
2009-11,forward_60m_execution,-0.13168995,,2009-11-30,2009-11-30,2009-12-01,2014-11-28,2009-11-30,2014-11-28,,
2009-11,loss_flag_60m,1,,2009-11-30,2009-11-30,,2014-11-28,2009-11-30,2014-11-28,,
2009-11,future_max_drawdown_60m,-0.39929744,,2009-11-30,2009-11-30,,2014-11-28,2009-11-30,2014-11-28,1213,
2009-11,forward_120m_state,0.33007895,,2009-11-30,2009-11-30,,2019-11-29,2009-11-30,2019-11-29,,
2009-11,forward_120m_execution,0.31171213,,2009-11-30,2009-11-30,2009-12-01,2019-11-29,2009-11-30,2019-11-29,,
2009-11,loss_flag_120m,0,,2009-11-30,2009-11-30,,2019-11-29,2009-11-30,2019-11-29,,
2009-11,future_max_drawdown_120m,-0.46058855,,2009-11-30,2009-11-30,,2019-11-29,2009-11-30,2019-11-29,2434,
2009-12,forward_36m_state,-0.26262637,,2009-12-31,2009-12-31,,2012-12-31,2009-12-31,2012-12-31,,
2009-12,forward_36m_execution,-0.25418710,,2009-12-31,2009-12-31,2010-01-04,2012-12-31,2009-12-31,2012-12-31,,
2009-12,loss_flag_36m,1,,2009-12-31,2009-12-31,,2012-12-31,2009-12-31,2012-12-31,,
2009-12,future_max_drawdown_36m,-0.38550022,,2009-12-31,2009-12-31,,2012-12-31,2009-12-31,2012-12-31,730,
2009-12,forward_60m_state,0.08792269,,2009-12-31,2009-12-31,,2014-12-31,2009-12-31,2014-12-31,,
2009-12,forward_60m_execution,0.10037402,,2009-12-31,2009-12-31,2010-01-04,2014-12-31,2009-12-31,2014-12-31,,
2009-12,loss_flag_60m,0,,2009-12-31,2009-12-31,,2014-12-31,2009-12-31,2014-12-31,,
2009-12,future_max_drawdown_60m,-0.38550022,,2009-12-31,2009-12-31,,2014-12-31,2009-12-31,2014-12-31,1213,
2009-12,forward_120m_state,0.39779251,,2009-12-31,2009-12-31,,2019-12-31,2009-12-31,2019-12-31,,
2009-12,forward_120m_execution,0.41379031,,2009-12-31,2009-12-31,2010-01-04,2019-12-31,2009-12-31,2019-12-31,,
2009-12,loss_flag_120m,0,,2009-12-31,2009-12-31,,2019-12-31,2009-12-31,2019-12-31,,
2009-12,future_max_drawdown_120m,-0.46058855,,2009-12-31,2009-12-31,,2019-12-31,2009-12-31,2019-12-31,2433,
2010-01,forward_36m_state,-0.12365914,,2010-01-29,2010-01-29,,2013-01-31,2010-01-29,2013-01-31,,
2010-01,forward_36m_execution,-0.10935898,,2010-01-29,2010-01-29,2010-02-01,2013-01-31,2010-01-29,2013-01-31,,
2010-01,loss_flag_36m,1,,2010-01-29,2010-01-29,,2013-01-31,2010-01-29,2013-01-31,,
2010-01,future_max_drawdown_36m,-0.38550022,,2010-01-29,2010-01-29,,2013-01-31,2010-01-29,2013-01-31,730,
2010-01,forward_60m_state,0.18021179,,2010-01-29,2010-01-29,,2015-01-30,2010-01-29,2015-01-30,,
2010-01,forward_60m_execution,0.19947052,,2010-01-29,2010-01-29,2010-02-01,2015-01-30,2010-01-29,2015-01-30,,
2010-01,loss_flag_60m,0,,2010-01-29,2010-01-29,,2015-01-30,2010-01-29,2015-01-30,,
2010-01,future_max_drawdown_60m,-0.38550022,,2010-01-29,2010-01-29,,2015-01-30,2010-01-29,2015-01-30,1213,
2010-01,forward_120m_state,0.52457637,,2010-01-29,2010-01-29,,2020-01-23,2010-01-29,2020-01-23,,
2010-01,forward_120m_execution,0.54945445,,2010-01-29,2010-01-29,2010-02-01,2020-01-23,2010-01-29,2020-01-23,,
2010-01,loss_flag_120m,0,,2010-01-29,2010-01-29,,2020-01-23,2010-01-29,2020-01-23,,
2010-01,future_max_drawdown_120m,-0.46058855,,2010-01-29,2010-01-29,,2020-01-23,2010-01-29,2020-01-23,2429,
2010-02,forward_36m_state,-0.14867471,,2010-02-26,2010-02-26,,2013-02-28,2010-02-26,2013-02-28,,
2010-02,forward_36m_execution,-0.15962360,,2010-02-26,2010-02-26,2010-03-01,2013-02-28,2010-02-26,2013-02-28,,
2010-02,loss_flag_36m,1,,2010-02-26,2010-02-26,,2013-02-28,2010-02-26,2013-02-28,,
2010-02,future_max_drawdown_36m,-0.38550022,,2010-02-26,2010-02-26,,2013-02-28,2010-02-26,2013-02-28,730,
2010-02,forward_60m_state,0.19879037,,2010-02-26,2010-02-26,,2015-02-27,2010-02-26,2015-02-27,,
2010-02,forward_60m_execution,0.18337273,,2010-02-26,2010-02-26,2010-03-01,2015-02-27,2010-02-26,2015-02-27,,
2010-02,loss_flag_60m,0,,2010-02-26,2010-02-26,,2015-02-27,2010-02-26,2015-02-27,,
2010-02,future_max_drawdown_60m,-0.38550022,,2010-02-26,2010-02-26,,2015-02-27,2010-02-26,2015-02-27,1213,
2010-02,forward_120m_state,0.46482989,,2010-02-26,2010-02-26,,2020-02-28,2010-02-26,2020-02-28,,
2010-02,forward_120m_execution,0.44599072,,2010-02-26,2010-02-26,2010-03-01,2020-02-28,2010-02-26,2020-02-28,,
2010-02,loss_flag_120m,0,,2010-02-26,2010-02-26,,2020-02-28,2010-02-26,2020-02-28,,
2010-02,future_max_drawdown_120m,-0.46058855,,2010-02-26,2010-02-26,,2020-02-28,2010-02-26,2020-02-28,2434,
2010-03,forward_36m_state,-0.22060899,,2010-03-31,2010-03-31,,2013-03-29,2010-03-31,2013-03-29,,
2010-03,forward_36m_execution,-0.23125423,,2010-03-31,2010-03-31,2010-04-01,2013-03-29,2010-03-31,2013-03-29,,
2010-03,loss_flag_36m,1,,2010-03-31,2010-03-31,,2013-03-29,2010-03-31,2013-03-29,,
2010-03,future_max_drawdown_36m,-0.38550022,,2010-03-31,2010-03-31,,2013-03-29,2010-03-31,2013-03-29,728,
2010-03,forward_60m_state,0.33324094,,2010-03-31,2010-03-31,,2015-03-31,2010-03-31,2015-03-31,,
2010-03,forward_60m_execution,0.31503100,,2010-03-31,2010-03-31,2010-04-01,2015-03-31,2010-03-31,2015-03-31,,
2010-03,loss_flag_60m,0,,2010-03-31,2010-03-31,,2015-03-31,2010-03-31,2015-03-31,,
2010-03,future_max_drawdown_60m,-0.38550022,,2010-03-31,2010-03-31,,2015-03-31,2010-03-31,2015-03-31,1212,
2010-03,forward_120m_state,0.34416809,,2010-03-31,2010-03-31,,2020-03-31,2010-03-31,2020-03-31,,
2010-03,forward_120m_execution,0.32580891,,2010-03-31,2010-03-31,2010-04-01,2020-03-31,2010-03-31,2020-03-31,,
2010-03,loss_flag_120m,0,,2010-03-31,2010-03-31,,2020-03-31,2010-03-31,2020-03-31,,
2010-03,future_max_drawdown_120m,-0.46058855,,2010-03-31,2010-03-31,,2020-03-31,2010-03-31,2020-03-31,2433,
2010-04,forward_36m_state,-0.16653533,,2010-04-30,2010-04-30,,2013-04-26,2010-04-30,2013-04-26,,
2010-04,forward_36m_execution,-0.15332871,,2010-04-30,2010-04-30,2010-05-04,2013-04-26,2010-04-30,2013-04-26,,
2010-04,loss_flag_36m,1,,2010-04-30,2010-04-30,,2013-04-26,2010-04-30,2013-04-26,,
2010-04,future_max_drawdown_36m,-0.38550022,,2010-04-30,2010-04-30,,2013-04-26,2010-04-30,2013-04-26,725,
2010-04,forward_60m_state,0.70517129,,2010-04-30,2010-04-30,,2015-04-30,2010-04-30,2015-04-30,,
2010-04,forward_60m_execution,0.73219049,,2010-04-30,2010-04-30,2010-05-04,2015-04-30,2010-04-30,2015-04-30,,
2010-04,loss_flag_60m,0,,2010-04-30,2010-04-30,,2015-04-30,2010-04-30,2015-04-30,,
2010-04,future_max_drawdown_60m,-0.38550022,,2010-04-30,2010-04-30,,2015-04-30,2010-04-30,2015-04-30,1212,
2010-04,forward_120m_state,0.55548946,,2010-04-30,2010-04-30,,2020-04-30,2010-04-30,2020-04-30,,
2010-04,forward_120m_execution,0.58013688,,2010-04-30,2010-04-30,2010-05-04,2020-04-30,2010-04-30,2020-04-30,,
2010-04,loss_flag_120m,0,,2010-04-30,2010-04-30,,2020-04-30,2010-04-30,2020-04-30,,
2010-04,future_max_drawdown_120m,-0.46058855,,2010-04-30,2010-04-30,,2020-04-30,2010-04-30,2020-04-30,2433,
2010-05,forward_36m_state,-0.01807958,,2010-05-31,2010-05-31,,2013-05-31,2010-05-31,2013-05-31,,
2010-05,forward_36m_execution,-0.00768010,,2010-05-31,2010-05-31,2010-06-01,2013-05-31,2010-05-31,2013-05-31,,
2010-05,loss_flag_36m,1,,2010-05-31,2010-05-31,,2013-05-31,2010-05-31,2013-05-31,,
2010-05,future_max_drawdown_36m,-0.38550022,,2010-05-31,2010-05-31,,2013-05-31,2010-05-31,2013-05-31,727,
2010-05,forward_60m_state,0.92098262,,2010-05-31,2010-05-31,,2015-05-29,2010-05-31,2015-05-29,,
2010-05,forward_60m_execution,0.94132767,,2010-05-31,2010-05-31,2010-06-01,2015-05-29,2010-05-31,2015-05-29,,
2010-05,loss_flag_60m,0,,2010-05-31,2010-05-31,,2015-05-29,2010-05-31,2015-05-29,,
2010-05,future_max_drawdown_60m,-0.38550022,,2010-05-31,2010-05-31,,2015-05-29,2010-05-31,2015-05-29,1212,
2010-05,forward_120m_state,0.70161479,,2010-05-31,2010-05-31,,2020-05-29,2010-05-31,2020-05-29,,
2010-05,forward_120m_execution,0.71963652,,2010-05-31,2010-05-31,2010-06-01,2020-05-29,2010-05-31,2020-05-29,,
2010-05,loss_flag_120m,0,,2010-05-31,2010-05-31,,2020-05-29,2010-05-31,2020-05-29,,
2010-05,future_max_drawdown_120m,-0.46058855,,2010-05-31,2010-05-31,,2020-05-29,2010-05-31,2020-05-29,2431,
2010-06,forward_36m_state,-0.09575888,,2010-06-30,2010-06-30,,2013-06-28,2010-06-30,2013-06-28,,
2010-06,forward_36m_execution,-0.08307166,,2010-06-30,2010-06-30,2010-07-01,2013-06-28,2010-06-30,2013-06-28,,
2010-06,loss_flag_36m,1,,2010-06-30,2010-06-30,,2013-06-28,2010-06-30,2013-06-28,,
2010-06,future_max_drawdown_36m,-0.38550022,,2010-06-30,2010-06-30,,2013-06-28,2010-06-30,2013-06-28,725,
2010-06,forward_60m_state,0.92267269,,2010-06-30,2010-06-30,,2015-06-30,2010-06-30,2015-06-30,,
2010-06,forward_60m_execution,0.94964932,,2010-06-30,2010-06-30,2010-07-01,2015-06-30,2010-06-30,2015-06-30,,
2010-06,loss_flag_60m,0,,2010-06-30,2010-06-30,,2015-06-30,2010-06-30,2015-06-30,,
2010-06,future_max_drawdown_60m,-0.38550022,,2010-06-30,2010-06-30,,2015-06-30,2010-06-30,2015-06-30,1214,
2010-06,forward_120m_state,0.99160010,,2010-06-30,2010-06-30,,2020-06-30,2010-06-30,2020-06-30,,
2010-06,forward_120m_execution,1.01954384,,2010-06-30,2010-06-30,2010-07-01,2020-06-30,2010-06-30,2020-06-30,,
2010-06,loss_flag_120m,0,,2010-06-30,2010-06-30,,2020-06-30,2010-06-30,2020-06-30,,
2010-06,future_max_drawdown_120m,-0.46058855,,2010-06-30,2010-06-30,,2020-06-30,2010-06-30,2020-06-30,2432,
2010-07,forward_36m_state,-0.19096277,,2010-07-30,2010-07-30,,2013-07-31,2010-07-30,2013-07-31,,
2010-07,forward_36m_execution,-0.20439394,,2010-07-30,2010-07-30,2010-08-02,2013-07-31,2010-07-30,2013-07-31,,
2010-07,loss_flag_36m,1,,2010-07-30,2010-07-30,,2013-07-31,2010-07-30,2013-07-31,,
2010-07,future_max_drawdown_36m,-0.38550022,,2010-07-30,2010-07-30,,2013-07-31,2010-07-30,2013-07-31,726,
2010-07,forward_60m_state,0.47070375,,2010-07-30,2010-07-30,,2015-07-31,2010-07-30,2015-07-31,,
2010-07,forward_60m_execution,0.44628797,,2010-07-30,2010-07-30,2010-08-02,2015-07-31,2010-07-30,2015-07-31,,
2010-07,loss_flag_60m,0,,2010-07-30,2010-07-30,,2015-07-31,2010-07-30,2015-07-31,,
2010-07,future_max_drawdown_60m,-0.38550022,,2010-07-30,2010-07-30,,2015-07-31,2010-07-30,2015-07-31,1215,
2010-07,forward_120m_state,1.01284197,,2010-07-30,2010-07-30,,2020-07-31,2010-07-30,2020-07-31,,
2010-07,forward_120m_execution,0.97942591,,2010-07-30,2010-07-30,2010-08-02,2020-07-31,2010-07-30,2020-07-31,,
2010-07,loss_flag_120m,0,,2010-07-30,2010-07-30,,2020-07-31,2010-07-30,2020-07-31,,
2010-07,future_max_drawdown_120m,-0.46058855,,2010-07-30,2010-07-30,,2020-07-31,2010-07-30,2020-07-31,2433,
2010-08,forward_36m_state,-0.15548911,,2010-08-31,2010-08-31,,2013-08-30,2010-08-31,2013-08-30,,
2010-08,forward_36m_execution,-0.14988396,,2010-08-31,2010-08-31,2010-09-01,2013-08-30,2010-08-31,2013-08-30,,
2010-08,loss_flag_36m,1,,2010-08-31,2010-08-31,,2013-08-30,2010-08-31,2013-08-30,,
2010-08,future_max_drawdown_36m,-0.38550022,,2010-08-31,2010-08-31,,2013-08-30,2010-08-31,2013-08-30,726,
2010-08,forward_60m_state,0.28241992,,2010-08-31,2010-08-31,,2015-08-31,2010-08-31,2015-08-31,,
2010-08,forward_60m_execution,0.29093153,,2010-08-31,2010-08-31,2010-09-01,2015-08-31,2010-08-31,2015-08-31,,
2010-08,loss_flag_60m,0,,2010-08-31,2010-08-31,,2015-08-31,2010-08-31,2015-08-31,,
2010-08,future_max_drawdown_60m,-0.42860838,,2010-08-31,2010-08-31,,2015-08-31,2010-08-31,2015-08-31,1214,
2010-08,forward_120m_state,1.04337221,,2010-08-31,2010-08-31,,2020-08-31,2010-08-31,2020-08-31,,
2010-08,forward_120m_execution,1.05693437,,2010-08-31,2010-08-31,2010-09-01,2020-08-31,2010-08-31,2020-08-31,,
2010-08,loss_flag_120m,0,,2010-08-31,2010-08-31,,2020-08-31,2010-08-31,2020-08-31,,
2010-08,future_max_drawdown_120m,-0.46058855,,2010-08-31,2010-08-31,,2020-08-31,2010-08-31,2020-08-31,2432,
2010-09,forward_36m_state,-0.13022238,,2010-09-30,2010-09-30,,2013-09-30,2010-09-30,2013-09-30,,
2010-09,forward_36m_execution,-0.16126647,,2010-09-30,2010-09-30,2010-10-08,2013-09-30,2010-09-30,2013-09-30,,
2010-09,loss_flag_36m,1,,2010-09-30,2010-09-30,,2013-09-30,2010-09-30,2013-09-30,,
2010-09,future_max_drawdown_36m,-0.38550022,,2010-09-30,2010-09-30,,2013-09-30,2010-09-30,2013-09-30,726,
2010-09,forward_60m_state,0.20642041,,2010-09-30,2010-09-30,,2015-09-30,2010-09-30,2015-09-30,,
2010-09,forward_60m_execution,0.16336088,,2010-09-30,2010-09-30,2010-10-08,2015-09-30,2010-09-30,2015-09-30,,
2010-09,loss_flag_60m,0,,2010-09-30,2010-09-30,,2015-09-30,2010-09-30,2015-09-30,,
2010-09,future_max_drawdown_60m,-0.42860838,,2010-09-30,2010-09-30,,2015-09-30,2010-09-30,2015-09-30,1215,
2010-09,forward_120m_state,0.92458181,,2010-09-30,2010-09-30,,2020-09-30,2010-09-30,2020-09-30,,
2010-09,forward_120m_execution,0.85588967,,2010-09-30,2010-09-30,2010-10-08,2020-09-30,2010-09-30,2020-09-30,,
2010-09,loss_flag_120m,0,,2010-09-30,2010-09-30,,2020-09-30,2010-09-30,2020-09-30,,
2010-09,future_max_drawdown_120m,-0.46058855,,2010-09-30,2010-09-30,,2020-09-30,2010-09-30,2020-09-30,2435,
2010-10,forward_36m_state,-0.25561641,,2010-10-29,2010-10-29,,2013-10-31,2010-10-29,2013-10-31,,
2010-10,forward_36m_execution,-0.27555334,,2010-10-29,2010-10-29,2010-11-01,2013-10-31,2010-10-29,2013-10-31,,
2010-10,loss_flag_36m,1,,2010-10-29,2010-10-29,,2013-10-31,2010-10-29,2013-10-31,,
2010-10,future_max_drawdown_36m,-0.38550022,,2010-10-29,2010-10-29,,2013-10-31,2010-10-29,2013-10-31,728,
2010-10,forward_60m_state,0.15632198,,2010-10-29,2010-10-29,,2015-10-30,2010-10-29,2015-10-30,,
2010-10,forward_60m_execution,0.12535205,,2010-10-29,2010-10-29,2010-11-01,2015-10-30,2010-10-29,2015-10-30,,
2010-10,loss_flag_60m,0,,2010-10-29,2010-10-29,,2015-10-30,2010-10-29,2015-10-30,,
2010-10,future_max_drawdown_60m,-0.42860838,,2010-10-29,2010-10-29,,2015-10-30,2010-10-29,2015-10-30,1216,
2010-10,forward_120m_state,0.71124626,,2010-10-29,2010-10-29,,2020-10-30,2010-10-29,2020-10-30,,
2010-10,forward_120m_execution,0.66541372,,2010-10-29,2010-10-29,2010-11-01,2020-10-30,2010-10-29,2020-10-30,,
2010-10,loss_flag_120m,0,,2010-10-29,2010-10-29,,2020-10-30,2010-10-29,2020-10-30,,
2010-10,future_max_drawdown_120m,-0.46058855,,2010-10-29,2010-10-29,,2020-10-30,2010-10-29,2020-10-30,2435,
2010-11,forward_36m_state,-0.17591236,,2010-11-30,2010-11-30,,2013-11-29,2010-11-30,2013-11-29,,
2010-11,forward_36m_execution,-0.17565880,,2010-11-30,2010-11-30,2010-12-01,2013-11-29,2010-11-30,2013-11-29,,
2010-11,loss_flag_36m,1,,2010-11-30,2010-11-30,,2013-11-29,2010-11-30,2013-11-29,,
2010-11,future_max_drawdown_36m,-0.35344143,,2010-11-30,2010-11-30,,2013-11-29,2010-11-30,2013-11-29,727,
2010-11,forward_60m_state,0.25732629,,2010-11-30,2010-11-30,,2015-11-30,2010-11-30,2015-11-30,,
2010-11,forward_60m_execution,0.25771314,,2010-11-30,2010-11-30,2010-12-01,2015-11-30,2010-11-30,2015-11-30,,
2010-11,loss_flag_60m,0,,2010-11-30,2010-11-30,,2015-11-30,2010-11-30,2015-11-30,,
2010-11,future_max_drawdown_60m,-0.42860838,,2010-11-30,2010-11-30,,2015-11-30,2010-11-30,2015-11-30,1215,
2010-11,forward_120m_state,0.94888032,,2010-11-30,2010-11-30,,2020-11-30,2010-11-30,2020-11-30,,
2010-11,forward_120m_execution,0.94947996,,2010-11-30,2010-11-30,2010-12-01,2020-11-30,2010-11-30,2020-11-30,,
2010-11,loss_flag_120m,0,,2010-11-30,2010-11-30,,2020-11-30,2010-11-30,2020-11-30,,
2010-11,future_max_drawdown_120m,-0.46058855,,2010-11-30,2010-11-30,,2020-11-30,2010-11-30,2020-11-30,2434,
2010-12,forward_36m_state,-0.21052393,,2010-12-31,2010-12-31,,2013-12-31,2010-12-31,2013-12-31,,
2010-12,forward_36m_execution,-0.22572638,,2010-12-31,2010-12-31,2011-01-04,2013-12-31,2010-12-31,2013-12-31,,
2010-12,loss_flag_36m,1,,2010-12-31,2010-12-31,,2013-12-31,2010-12-31,2013-12-31,,
2010-12,future_max_drawdown_36m,-0.35344143,,2010-12-31,2010-12-31,,2013-12-31,2010-12-31,2013-12-31,726,
2010-12,forward_60m_state,0.31917725,,2010-12-31,2010-12-31,,2015-12-31,2010-12-31,2015-12-31,,
2010-12,forward_60m_execution,0.29377467,,2010-12-31,2010-12-31,2011-01-04,2015-12-31,2010-12-31,2015-12-31,,
2010-12,loss_flag_60m,0,,2010-12-31,2010-12-31,,2015-12-31,2010-12-31,2015-12-31,,
2010-12,future_max_drawdown_60m,-0.42860838,,2010-12-31,2010-12-31,,2015-12-31,2010-12-31,2015-12-31,1215,
2010-12,forward_120m_state,1.05337563,,2010-12-31,2010-12-31,,2020-12-31,2010-12-31,2020-12-31,,
2010-12,forward_120m_execution,1.01383505,,2010-12-31,2010-12-31,2011-01-04,2020-12-31,2010-12-31,2020-12-31,,
2010-12,loss_flag_120m,0,,2010-12-31,2010-12-31,,2020-12-31,2010-12-31,2020-12-31,,
2010-12,future_max_drawdown_120m,-0.46058855,,2010-12-31,2010-12-31,,2020-12-31,2010-12-31,2020-12-31,2434,
2011-01,forward_36m_state,-0.24118835,,2011-01-31,2011-01-31,,2014-01-30,2011-01-31,2014-01-30,,
2011-01,forward_36m_execution,-0.24137963,,2011-01-31,2011-01-31,2011-02-01,2014-01-30,2011-01-31,2014-01-30,,
2011-01,loss_flag_36m,1,,2011-01-31,2011-01-31,,2014-01-30,2011-01-31,2014-01-30,,
2011-01,future_max_drawdown_36m,-0.35344143,,2011-01-31,2011-01-31,,2014-01-30,2011-01-31,2014-01-30,727,
2011-01,forward_60m_state,0.05920245,,2011-01-31,2011-01-31,,2016-01-29,2011-01-31,2016-01-29,,
2011-01,forward_60m_execution,0.05893546,,2011-01-31,2011-01-31,2011-02-01,2016-01-29,2011-01-31,2016-01-29,,
2011-01,loss_flag_60m,0,,2011-01-31,2011-01-31,,2016-01-29,2011-01-31,2016-01-29,,
2011-01,future_max_drawdown_60m,-0.46058855,,2011-01-31,2011-01-31,,2016-01-29,2011-01-31,2016-01-29,1215,
2011-01,forward_120m_state,1.14427946,,2011-01-31,2011-01-31,,2021-01-29,2011-01-31,2021-01-29,,
2011-01,forward_120m_execution,1.14373895,,2011-01-31,2011-01-31,2011-02-01,2021-01-29,2011-01-31,2021-01-29,,
2011-01,loss_flag_120m,0,,2011-01-31,2011-01-31,,2021-01-29,2011-01-31,2021-01-29,,
2011-01,future_max_drawdown_120m,-0.46058855,,2011-01-31,2011-01-31,,2021-01-29,2011-01-31,2021-01-29,2434,
2011-02,forward_36m_state,-0.28704496,,2011-02-28,2011-02-28,,2014-02-28,2011-02-28,2014-02-28,,
2011-02,forward_36m_execution,-0.29040367,,2011-02-28,2011-02-28,2011-03-01,2014-02-28,2011-02-28,2014-02-28,,
2011-02,loss_flag_36m,1,,2011-02-28,2011-02-28,,2014-02-28,2011-02-28,2014-02-28,,
2011-02,future_max_drawdown_36m,-0.35344143,,2011-02-28,2011-02-28,,2014-02-28,2011-02-28,2014-02-28,728,
2011-02,forward_60m_state,-0.01730376,,2011-02-28,2011-02-28,,2016-02-29,2011-02-28,2016-02-29,,
2011-02,forward_60m_execution,-0.02193322,,2011-02-28,2011-02-28,2011-03-01,2016-02-29,2011-02-28,2016-02-29,,
2011-02,loss_flag_60m,1,,2011-02-28,2011-02-28,,2016-02-29,2011-02-28,2016-02-29,,
2011-02,future_max_drawdown_60m,-0.46058855,,2011-02-28,2011-02-28,,2016-02-29,2011-02-28,2016-02-29,1216,
2011-02,forward_120m_state,1.03051371,,2011-02-28,2011-02-28,,2021-02-26,2011-02-28,2021-02-26,,
2011-02,forward_120m_execution,1.02094801,,2011-02-28,2011-02-28,2011-03-01,2021-02-26,2011-02-28,2021-02-26,,
2011-02,loss_flag_120m,0,,2011-02-28,2011-02-28,,2021-02-26,2011-02-28,2021-02-26,,
2011-02,future_max_drawdown_120m,-0.46058855,,2011-02-28,2011-02-28,,2021-02-26,2011-02-28,2021-02-26,2434,
2011-03,forward_36m_state,-0.29421327,,2011-03-31,2011-03-31,,2014-03-31,2011-03-31,2014-03-31,,
2011-03,forward_36m_execution,-0.30487481,,2011-03-31,2011-03-31,2011-04-01,2014-03-31,2011-03-31,2014-03-31,,
2011-03,loss_flag_36m,1,,2011-03-31,2011-03-31,,2014-03-31,2011-03-31,2014-03-31,,
2011-03,future_max_drawdown_36m,-0.35344143,,2011-03-31,2011-03-31,,2014-03-31,2011-03-31,2014-03-31,726,
2011-03,forward_60m_state,0.10441700,,2011-03-31,2011-03-31,,2016-03-31,2011-03-31,2016-03-31,,
2011-03,forward_60m_execution,0.08773380,,2011-03-31,2011-03-31,2011-04-01,2016-03-31,2011-03-31,2016-03-31,,
2011-03,loss_flag_60m,0,,2011-03-31,2011-03-31,,2016-03-31,2011-03-31,2016-03-31,,
2011-03,future_max_drawdown_60m,-0.46058855,,2011-03-31,2011-03-31,,2016-03-31,2011-03-31,2016-03-31,1216,
2011-03,forward_120m_state,0.93026934,,2011-03-31,2011-03-31,,2021-03-31,2011-03-31,2021-03-31,,
2011-03,forward_120m_execution,0.90111091,,2011-03-31,2011-03-31,2011-04-01,2021-03-31,2011-03-31,2021-03-31,,
2011-03,loss_flag_120m,0,,2011-03-31,2011-03-31,,2021-03-31,2011-03-31,2021-03-31,,
2011-03,future_max_drawdown_120m,-0.46058855,,2011-03-31,2011-03-31,,2021-03-31,2011-03-31,2021-03-31,2434,
2011-04,forward_36m_state,-0.28299797,,2011-04-29,2011-04-29,,2014-04-30,2011-04-29,2014-04-30,,
2011-04,forward_36m_execution,-0.28710883,,2011-04-29,2011-04-29,2011-05-03,2014-04-30,2011-04-29,2014-04-30,,
2011-04,loss_flag_36m,1,,2011-04-29,2011-04-29,,2014-04-30,2011-04-29,2014-04-30,,
2011-04,future_max_drawdown_36m,-0.32120004,,2011-04-29,2011-04-29,,2014-04-30,2011-04-29,2014-04-30,728,
2011-04,forward_60m_state,0.09419444,,2011-04-29,2011-04-29,,2016-04-29,2011-04-29,2016-04-29,,
2011-04,forward_60m_execution,0.08792099,,2011-04-29,2011-04-29,2011-05-03,2016-04-29,2011-04-29,2016-04-29,,
2011-04,loss_flag_60m,0,,2011-04-29,2011-04-29,,2016-04-29,2011-04-29,2016-04-29,,
2011-04,future_max_drawdown_60m,-0.46058855,,2011-04-29,2011-04-29,,2016-04-29,2011-04-29,2016-04-29,1217,
2011-04,forward_120m_state,0.97924133,,2011-04-29,2011-04-29,,2021-04-30,2011-04-29,2021-04-30,,
2011-04,forward_120m_execution,0.96789354,,2011-04-29,2011-04-29,2011-05-03,2021-04-30,2011-04-29,2021-04-30,,
2011-04,loss_flag_120m,0,,2011-04-29,2011-04-29,,2021-04-30,2011-04-29,2021-04-30,,
2011-04,future_max_drawdown_120m,-0.46058855,,2011-04-29,2011-04-29,,2021-04-30,2011-04-29,2021-04-30,2436,
2011-05,forward_36m_state,-0.23685494,,2011-05-31,2011-05-31,,2014-05-30,2011-05-31,2014-05-30,,
2011-05,forward_36m_execution,-0.23769204,,2011-05-31,2011-05-31,2011-06-01,2014-05-30,2011-05-31,2014-05-30,,
2011-05,loss_flag_36m,1,,2011-05-31,2011-05-31,,2014-05-30,2011-05-31,2014-05-30,,
2011-05,future_max_drawdown_36m,-0.31091621,,2011-05-31,2011-05-31,,2014-05-30,2011-05-31,2014-05-30,727,
2011-05,forward_60m_state,0.16959653,,2011-05-31,2011-05-31,,2016-05-31,2011-05-31,2016-05-31,,
2011-05,forward_60m_execution,0.16831360,,2011-05-31,2011-05-31,2011-06-01,2016-05-31,2011-05-31,2016-05-31,,
2011-05,loss_flag_60m,0,,2011-05-31,2011-05-31,,2016-05-31,2011-05-31,2016-05-31,,
2011-05,future_max_drawdown_60m,-0.46058855,,2011-05-31,2011-05-31,,2016-05-31,2011-05-31,2016-05-31,1217,
2011-05,forward_120m_state,1.19048263,,2011-05-31,2011-05-31,,2021-05-31,2011-05-31,2021-05-31,,
2011-05,forward_120m_execution,1.18807988,,2011-05-31,2011-05-31,2011-06-01,2021-05-31,2011-05-31,2021-05-31,,
2011-05,loss_flag_120m,0,,2011-05-31,2011-05-31,,2021-05-31,2011-05-31,2021-05-31,,
2011-05,future_max_drawdown_120m,-0.46058855,,2011-05-31,2011-05-31,,2021-05-31,2011-05-31,2021-05-31,2433,
2011-06,forward_36m_state,-0.24371147,,2011-06-30,2011-06-30,,2014-06-30,2011-06-30,2014-06-30,,
2011-06,forward_36m_execution,-0.24538366,,2011-06-30,2011-06-30,2011-07-01,2014-06-30,2011-06-30,2014-06-30,,
2011-06,loss_flag_36m,1,,2011-06-30,2011-06-30,,2014-06-30,2011-06-30,2014-06-30,,
2011-06,future_max_drawdown_36m,-0.31091621,,2011-06-30,2011-06-30,,2014-06-30,2011-06-30,2014-06-30,726,
2011-06,forward_60m_state,0.14579723,,2011-06-30,2011-06-30,,2016-06-30,2011-06-30,2016-06-30,,
2011-06,forward_60m_execution,0.14326382,,2011-06-30,2011-06-30,2011-07-01,2016-06-30,2011-06-30,2016-06-30,,
2011-06,loss_flag_60m,0,,2011-06-30,2011-06-30,,2016-06-30,2011-06-30,2016-06-30,,
2011-06,future_max_drawdown_60m,-0.46058855,,2011-06-30,2011-06-30,,2016-06-30,2011-06-30,2016-06-30,1216,
2011-06,forward_120m_state,1.11101912,,2011-06-30,2011-06-30,,2021-06-30,2011-06-30,2021-06-30,,
2011-06,forward_120m_execution,1.10635155,,2011-06-30,2011-06-30,2011-07-01,2021-06-30,2011-06-30,2021-06-30,,
2011-06,loss_flag_120m,0,,2011-06-30,2011-06-30,,2021-06-30,2011-06-30,2021-06-30,,
2011-06,future_max_drawdown_120m,-0.46058855,,2011-06-30,2011-06-30,,2021-06-30,2011-06-30,2021-06-30,2433,
2011-07,forward_36m_state,-0.15039424,,2011-07-29,2011-07-29,,2014-07-31,2011-07-29,2014-07-31,,
2011-07,forward_36m_execution,-0.15207968,,2011-07-29,2011-07-29,2011-08-01,2014-07-31,2011-07-29,2014-07-31,,
2011-07,loss_flag_36m,1,,2011-07-29,2011-07-29,,2014-07-31,2011-07-29,2014-07-31,,
2011-07,future_max_drawdown_36m,-0.27644287,,2011-07-29,2011-07-29,,2014-07-31,2011-07-29,2014-07-31,728,
2011-07,forward_60m_state,0.20157823,,2011-07-29,2011-07-29,,2016-07-29,2011-07-29,2016-07-29,,
2011-07,forward_60m_execution,0.19919456,,2011-07-29,2011-07-29,2011-08-01,2016-07-29,2011-07-29,2016-07-29,,
2011-07,loss_flag_60m,0,,2011-07-29,2011-07-29,,2016-07-29,2011-07-29,2016-07-29,,
2011-07,future_max_drawdown_60m,-0.46058855,,2011-07-29,2011-07-29,,2016-07-29,2011-07-29,2016-07-29,1216,
2011-07,forward_120m_state,0.99956912,,2011-07-29,2011-07-29,,2021-07-30,2011-07-29,2021-07-30,,
2011-07,forward_120m_execution,0.99560240,,2011-07-29,2011-07-29,2011-08-01,2021-07-30,2011-07-29,2021-07-30,,
2011-07,loss_flag_120m,0,,2011-07-29,2011-07-29,,2021-07-30,2011-07-29,2021-07-30,,
2011-07,future_max_drawdown_120m,-0.46058855,,2011-07-29,2011-07-29,,2021-07-30,2011-07-29,2021-07-30,2434,
2011-08,forward_36m_state,-0.11681683,,2011-08-31,2011-08-31,,2014-08-29,2011-08-31,2014-08-29,,
2011-08,forward_36m_execution,-0.11300292,,2011-08-31,2011-08-31,2011-09-01,2014-08-29,2011-08-31,2014-08-29,,
2011-08,loss_flag_36m,1,,2011-08-31,2011-08-31,,2014-08-29,2011-08-31,2014-08-29,,
2011-08,future_max_drawdown_36m,-0.24338864,,2011-08-31,2011-08-31,,2014-08-29,2011-08-31,2014-08-29,726,
2011-08,forward_60m_state,0.30498745,,2011-08-31,2011-08-31,,2016-08-31,2011-08-31,2016-08-31,,
2011-08,forward_60m_execution,0.31062287,,2011-08-31,2011-08-31,2011-09-01,2016-08-31,2011-08-31,2016-08-31,,
2011-08,loss_flag_60m,0,,2011-08-31,2011-08-31,,2016-08-31,2011-08-31,2016-08-31,,
2011-08,future_max_drawdown_60m,-0.46058855,,2011-08-31,2011-08-31,,2016-08-31,2011-08-31,2016-08-31,1216,
2011-08,forward_120m_state,1.08952784,,2011-08-31,2011-08-31,,2021-08-31,2011-08-31,2021-08-31,,
2011-08,forward_120m_execution,1.09855120,,2011-08-31,2011-08-31,2011-09-01,2021-08-31,2011-08-31,2021-08-31,,
2011-08,loss_flag_120m,0,,2011-08-31,2011-08-31,,2021-08-31,2011-08-31,2021-08-31,,
2011-08,future_max_drawdown_120m,-0.46058855,,2011-08-31,2011-08-31,,2021-08-31,2011-08-31,2021-08-31,2433,
2011-09,forward_36m_state,0.02103831,,2011-09-30,2011-09-30,,2014-09-30,2011-09-30,2014-09-30,,
2011-09,forward_36m_execution,0.03072821,,2011-09-30,2011-09-30,2011-10-10,2014-09-30,2011-09-30,2014-09-30,,
2011-09,loss_flag_36m,0,,2011-09-30,2011-09-30,,2014-09-30,2011-09-30,2014-09-30,,
2011-09,future_max_drawdown_36m,-0.22926636,,2011-09-30,2011-09-30,,2014-09-30,2011-09-30,2014-09-30,726,
2011-09,forward_60m_state,0.40765253,,2011-09-30,2011-09-30,,2016-09-30,2011-09-30,2016-09-30,,
2011-09,forward_60m_execution,0.42101149,,2011-09-30,2011-09-30,2011-10-10,2016-09-30,2011-09-30,2016-09-30,,
2011-09,loss_flag_60m,0,,2011-09-30,2011-09-30,,2016-09-30,2011-09-30,2016-09-30,,
2011-09,future_max_drawdown_60m,-0.46058855,,2011-09-30,2011-09-30,,2016-09-30,2011-09-30,2016-09-30,1215,
2011-09,forward_120m_state,1.33315723,,2011-09-30,2011-09-30,,2021-09-30,2011-09-30,2021-09-30,,
2011-09,forward_120m_execution,1.35529945,,2011-09-30,2011-09-30,2011-10-10,2021-09-30,2011-09-30,2021-09-30,,
2011-09,loss_flag_120m,0,,2011-09-30,2011-09-30,,2021-09-30,2011-09-30,2021-09-30,,
2011-09,future_max_drawdown_120m,-0.46058855,,2011-09-30,2011-09-30,,2021-09-30,2011-09-30,2021-09-30,2432,
2011-10,forward_36m_state,0.00075895,,2011-10-31,2011-10-31,,2014-10-31,2011-10-31,2014-10-31,,
2011-10,forward_36m_execution,-0.00006579,,2011-10-31,2011-10-31,2011-11-01,2014-10-31,2011-10-31,2014-10-31,,
2011-10,loss_flag_36m,0,,2011-10-31,2011-10-31,,2014-10-31,2011-10-31,2014-10-31,,
2011-10,future_max_drawdown_36m,-0.22926636,,2011-10-31,2011-10-31,,2014-10-31,2011-10-31,2014-10-31,728,
2011-10,forward_60m_state,0.38254701,,2011-10-31,2011-10-31,,2016-10-31,2011-10-31,2016-10-31,,
2011-10,forward_60m_execution,0.38140764,,2011-10-31,2011-10-31,2011-11-01,2016-10-31,2011-10-31,2016-10-31,,
2011-10,loss_flag_60m,0,,2011-10-31,2011-10-31,,2016-10-31,2011-10-31,2016-10-31,,
2011-10,future_max_drawdown_60m,-0.46058855,,2011-10-31,2011-10-31,,2016-10-31,2011-10-31,2016-10-31,1215,
2011-10,forward_120m_state,1.25570942,,2011-10-31,2011-10-31,,2021-10-29,2011-10-31,2021-10-29,,
2011-10,forward_120m_execution,1.25385047,,2011-10-31,2011-10-31,2011-11-01,2021-10-29,2011-10-31,2021-10-29,,
2011-10,loss_flag_120m,0,,2011-10-31,2011-10-31,,2021-10-29,2011-10-31,2021-10-29,,
2011-10,future_max_drawdown_120m,-0.46058855,,2011-10-31,2011-10-31,,2021-10-29,2011-10-31,2021-10-29,2432,
2011-11,forward_36m_state,0.19787831,,2011-11-30,2011-11-30,,2014-11-28,2011-11-30,2014-11-28,,
2011-11,forward_36m_execution,0.16908995,,2011-11-30,2011-11-30,2011-12-01,2014-11-28,2011-11-30,2014-11-28,,
2011-11,loss_flag_36m,0,,2011-11-30,2011-11-30,,2014-11-28,2011-11-30,2014-11-28,,
2011-11,future_max_drawdown_36m,-0.22926636,,2011-11-30,2011-11-30,,2014-11-28,2011-11-30,2014-11-28,726,
2011-11,forward_60m_state,0.56715832,,2011-11-30,2011-11-30,,2016-11-30,2011-11-30,2016-11-30,,
2011-11,forward_60m_execution,0.52949512,,2011-11-30,2011-11-30,2011-12-01,2016-11-30,2011-11-30,2016-11-30,,
2011-11,loss_flag_60m,0,,2011-11-30,2011-11-30,,2016-11-30,2011-11-30,2016-11-30,,
2011-11,future_max_drawdown_60m,-0.46058855,,2011-11-30,2011-11-30,,2016-11-30,2011-11-30,2016-11-30,1215,
2011-11,forward_120m_state,1.37352115,,2011-11-30,2011-11-30,,2021-11-30,2011-11-30,2021-11-30,,
2011-11,forward_120m_execution,1.31647881,,2011-11-30,2011-11-30,2011-12-01,2021-11-30,2011-11-30,2021-11-30,,
2011-11,loss_flag_120m,0,,2011-11-30,2011-11-30,,2021-11-30,2011-11-30,2021-11-30,,
2011-11,future_max_drawdown_120m,-0.46058855,,2011-11-30,2011-11-30,,2021-11-30,2011-11-30,2021-11-30,2432,
2011-12,forward_36m_state,0.61999180,,2011-12-30,2011-12-30,,2014-12-31,2011-12-30,2014-12-31,,
2011-12,forward_36m_execution,0.65310484,,2011-12-30,2011-12-30,2012-01-04,2014-12-31,2011-12-30,2014-12-31,,
2011-12,loss_flag_36m,0,,2011-12-30,2011-12-30,,2014-12-31,2011-12-30,2014-12-31,,
2011-12,future_max_drawdown_36m,-0.22926636,,2011-12-30,2011-12-30,,2014-12-31,2011-12-30,2014-12-31,727,
2011-12,forward_60m_state,0.57608008,,2011-12-30,2011-12-30,,2016-12-30,2011-12-30,2016-12-30,,
2011-12,forward_60m_execution,0.60829555,,2011-12-30,2011-12-30,2012-01-04,2016-12-30,2011-12-30,2016-12-30,,
2011-12,loss_flag_60m,0,,2011-12-30,2011-12-30,,2016-12-30,2011-12-30,2016-12-30,,
2011-12,future_max_drawdown_60m,-0.46058855,,2011-12-30,2011-12-30,,2016-12-30,2011-12-30,2016-12-30,1215,
2011-12,forward_120m_state,1.60850125,,2011-12-30,2011-12-30,,2021-12-31,2011-12-30,2021-12-31,,
2011-12,forward_120m_execution,1.66181967,,2011-12-30,2011-12-30,2012-01-04,2021-12-31,2011-12-30,2021-12-31,,
2011-12,loss_flag_120m,0,,2011-12-30,2011-12-30,,2021-12-31,2011-12-30,2021-12-31,,
2011-12,future_max_drawdown_120m,-0.46058855,,2011-12-30,2011-12-30,,2021-12-31,2011-12-30,2021-12-31,2433,
2012-01,forward_36m_state,0.49907335,,2012-01-31,2012-01-31,,2015-01-30,2012-01-31,2015-01-30,,
2012-01,forward_36m_execution,0.52083806,,2012-01-31,2012-01-31,2012-02-01,2015-01-30,2012-01-31,2015-01-30,,
2012-01,loss_flag_36m,0,,2012-01-31,2012-01-31,,2015-01-30,2012-01-31,2015-01-30,,
2012-01,future_max_drawdown_36m,-0.22926636,,2012-01-31,2012-01-31,,2015-01-30,2012-01-31,2015-01-30,732,
2012-01,forward_60m_state,0.53557852,,2012-01-31,2012-01-31,,2017-01-26,2012-01-31,2017-01-26,,
2012-01,forward_60m_execution,0.55787325,,2012-01-31,2012-01-31,2012-02-01,2017-01-26,2012-01-31,2017-01-26,,
2012-01,loss_flag_60m,0,,2012-01-31,2012-01-31,,2017-01-26,2012-01-31,2017-01-26,,
2012-01,future_max_drawdown_60m,-0.46058855,,2012-01-31,2012-01-31,,2017-01-26,2012-01-31,2017-01-26,1218,
2012-01,forward_120m_state,1.29376206,,2012-01-31,2012-01-31,,2022-01-28,2012-01-31,2022-01-28,,
2012-01,forward_120m_execution,1.32706468,,2012-01-31,2012-01-31,2012-02-01,2022-01-28,2012-01-31,2022-01-28,,
2012-01,loss_flag_120m,0,,2012-01-31,2012-01-31,,2022-01-28,2012-01-31,2022-01-28,,
2012-01,future_max_drawdown_120m,-0.46058855,,2012-01-31,2012-01-31,,2022-01-28,2012-01-31,2022-01-28,2437,
2012-02,forward_36m_state,0.45892648,,2012-02-29,2012-02-29,,2015-02-27,2012-02-29,2015-02-27,,
2012-02,forward_36m_execution,0.45937146,,2012-02-29,2012-02-29,2012-03-01,2015-02-27,2012-02-29,2015-02-27,,
2012-02,loss_flag_36m,0,,2012-02-29,2012-02-29,,2015-02-27,2012-02-29,2015-02-27,,
2012-02,future_max_drawdown_36m,-0.22926636,,2012-02-29,2012-02-29,,2015-02-27,2012-02-29,2015-02-27,726,
2012-02,forward_60m_state,0.46403917,,2012-02-29,2012-02-29,,2017-02-28,2012-02-29,2017-02-28,,
2012-02,forward_60m_execution,0.46448572,,2012-02-29,2012-02-29,2012-03-01,2017-02-28,2012-02-29,2017-02-28,,
2012-02,loss_flag_60m,0,,2012-02-29,2012-02-29,,2017-02-28,2012-02-29,2017-02-28,,
2012-02,future_max_drawdown_60m,-0.46058855,,2012-02-29,2012-02-29,,2017-02-28,2012-02-29,2017-02-28,1215,
2012-02,forward_120m_state,1.15423535,,2012-02-29,2012-02-29,,2022-02-28,2012-02-29,2022-02-28,,
2012-02,forward_120m_execution,1.15489241,,2012-02-29,2012-02-29,2012-03-01,2022-02-28,2012-02-29,2022-02-28,,
2012-02,loss_flag_120m,0,,2012-02-29,2012-02-29,,2022-02-28,2012-02-29,2022-02-28,,
2012-02,future_max_drawdown_120m,-0.46058855,,2012-02-29,2012-02-29,,2022-02-28,2012-02-29,2022-02-28,2432,
2012-03,forward_36m_state,0.77490566,,2012-03-30,2012-03-30,,2015-03-31,2012-03-30,2015-03-31,,
2012-03,forward_36m_execution,0.73396289,,2012-03-30,2012-03-30,2012-04-05,2015-03-31,2012-03-30,2015-03-31,,
2012-03,loss_flag_36m,0,,2012-03-30,2012-03-30,,2015-03-31,2012-03-30,2015-03-31,,
2012-03,future_max_drawdown_36m,-0.22926636,,2012-03-30,2012-03-30,,2015-03-31,2012-03-30,2015-03-31,726,
2012-03,forward_60m_state,0.57268557,,2012-03-30,2012-03-30,,2017-03-31,2012-03-30,2017-03-31,,
2012-03,forward_60m_execution,0.53640752,,2012-03-30,2012-03-30,2012-04-05,2017-03-31,2012-03-30,2017-03-31,,
2012-03,loss_flag_60m,0,,2012-03-30,2012-03-30,,2017-03-31,2012-03-30,2017-03-31,,
2012-03,future_max_drawdown_60m,-0.46058855,,2012-03-30,2012-03-30,,2017-03-31,2012-03-30,2017-03-31,1216,
2012-03,forward_120m_state,1.13025351,,2012-03-30,2012-03-30,,2022-03-31,2012-03-30,2022-03-31,,
2012-03,forward_120m_execution,1.08111372,,2012-03-30,2012-03-30,2012-04-05,2022-03-31,2012-03-30,2022-03-31,,
2012-03,loss_flag_120m,0,,2012-03-30,2012-03-30,,2022-03-31,2012-03-30,2022-03-31,,
2012-03,future_max_drawdown_120m,-0.46058855,,2012-03-30,2012-03-30,,2022-03-31,2012-03-30,2022-03-31,2433,
2012-04,forward_36m_state,0.94606815,,2012-04-27,2012-04-27,,2015-04-30,2012-04-27,2015-04-30,,
2012-04,forward_36m_execution,0.90449421,,2012-04-27,2012-04-27,2012-05-02,2015-04-30,2012-04-27,2015-04-30,,
2012-04,loss_flag_36m,0,,2012-04-27,2012-04-27,,2015-04-30,2012-04-27,2015-04-30,,
2012-04,future_max_drawdown_36m,-0.22926636,,2012-04-27,2012-04-27,,2015-04-30,2012-04-27,2015-04-30,730,
2012-04,forward_60m_state,0.46292096,,2012-04-27,2012-04-27,,2017-04-28,2012-04-27,2017-04-28,,
2012-04,forward_60m_execution,0.43166852,,2012-04-27,2012-04-27,2012-05-02,2017-04-28,2012-04-27,2017-04-28,,
2012-04,loss_flag_60m,0,,2012-04-27,2012-04-27,,2017-04-28,2012-04-27,2017-04-28,,
2012-04,future_max_drawdown_60m,-0.46058855,,2012-04-27,2012-04-27,,2017-04-28,2012-04-27,2017-04-28,1217,
2012-04,forward_120m_state,0.89472767,,2012-04-27,2012-04-27,,2022-04-29,2012-04-27,2022-04-29,,
2012-04,forward_120m_execution,0.85425052,,2012-04-27,2012-04-27,2012-05-02,2022-04-29,2012-04-27,2022-04-29,,
2012-04,loss_flag_120m,0,,2012-04-27,2012-04-27,,2022-04-29,2012-04-27,2022-04-29,,
2012-04,future_max_drawdown_120m,-0.46058855,,2012-04-27,2012-04-27,,2022-04-29,2012-04-27,2022-04-29,2435,
2012-05,forward_36m_state,0.97650683,,2012-05-31,2012-05-31,,2015-05-29,2012-05-31,2015-05-29,,
2012-05,forward_36m_execution,0.97541001,,2012-05-31,2012-05-31,2012-06-01,2015-05-29,2012-05-31,2015-05-29,,
2012-05,loss_flag_36m,0,,2012-05-31,2012-05-31,,2015-05-29,2012-05-31,2015-05-29,,
2012-05,future_max_drawdown_36m,-0.22926636,,2012-05-31,2012-05-31,,2015-05-29,2012-05-31,2015-05-29,728,
2012-05,forward_60m_state,0.48138193,,2012-05-31,2012-05-31,,2017-05-31,2012-05-31,2017-05-31,,
2012-05,forward_60m_execution,0.48055988,,2012-05-31,2012-05-31,2012-06-01,2017-05-31,2012-05-31,2017-05-31,,
2012-05,loss_flag_60m,0,,2012-05-31,2012-05-31,,2017-05-31,2012-05-31,2017-05-31,,
2012-05,future_max_drawdown_60m,-0.46058855,,2012-05-31,2012-05-31,,2017-05-31,2012-05-31,2017-05-31,1215,
2012-05,forward_120m_state,0.92417678,,2012-05-31,2012-05-31,,2022-05-31,2012-05-31,2022-05-31,,
2012-05,forward_120m_execution,0.92310901,,2012-05-31,2012-05-31,2012-06-01,2022-05-31,2012-05-31,2022-05-31,,
2012-05,loss_flag_120m,0,,2012-05-31,2012-05-31,,2022-05-31,2012-05-31,2022-05-31,,
2012-05,future_max_drawdown_120m,-0.46058855,,2012-05-31,2012-05-31,,2022-05-31,2012-05-31,2022-05-31,2432,
2012-06,forward_36m_state,0.94113771,,2012-06-29,2012-06-29,,2015-06-30,2012-06-29,2015-06-30,,
2012-06,forward_36m_execution,0.93769879,,2012-06-29,2012-06-29,2012-07-02,2015-06-30,2012-06-29,2015-06-30,,
2012-06,loss_flag_36m,0,,2012-06-29,2012-06-29,,2015-06-30,2012-06-29,2015-06-30,,
2012-06,future_max_drawdown_36m,-0.22926636,,2012-06-29,2012-06-29,,2015-06-30,2012-06-29,2015-06-30,729,
2012-06,forward_60m_state,0.65609310,,2012-06-29,2012-06-29,,2017-06-30,2012-06-29,2017-06-30,,
2012-06,forward_60m_execution,0.65315916,,2012-06-29,2012-06-29,2012-07-02,2017-06-30,2012-06-29,2017-06-30,,
2012-06,loss_flag_60m,0,,2012-06-29,2012-06-29,,2017-06-30,2012-06-29,2017-06-30,,
2012-06,future_max_drawdown_60m,-0.46058855,,2012-06-29,2012-06-29,,2017-06-30,2012-06-29,2017-06-30,1217,
2012-06,forward_120m_state,1.24959844,,2012-06-29,2012-06-29,,2022-06-30,2012-06-29,2022-06-30,,
2012-06,forward_120m_execution,1.24561305,,2012-06-29,2012-06-29,2012-07-02,2022-06-30,2012-06-29,2022-06-30,,
2012-06,loss_flag_120m,0,,2012-06-29,2012-06-29,,2022-06-30,2012-06-29,2022-06-30,,
2012-06,future_max_drawdown_120m,-0.46058855,,2012-06-29,2012-06-29,,2022-06-30,2012-06-29,2022-06-30,2433,
2012-07,forward_36m_state,0.75276223,,2012-07-31,2012-07-31,,2015-07-31,2012-07-31,2015-07-31,,
2012-07,forward_36m_execution,0.73364146,,2012-07-31,2012-07-31,2012-08-01,2015-07-31,2012-07-31,2015-07-31,,
2012-07,loss_flag_36m,0,,2012-07-31,2012-07-31,,2015-07-31,2012-07-31,2015-07-31,,
2012-07,future_max_drawdown_36m,-0.31087355,,2012-07-31,2012-07-31,,2015-07-31,2012-07-31,2015-07-31,730,
2012-07,forward_60m_state,0.78842243,,2012-07-31,2012-07-31,,2017-07-31,2012-07-31,2017-07-31,,
2012-07,forward_60m_execution,0.76891265,,2012-07-31,2012-07-31,2012-08-01,2017-07-31,2012-07-31,2017-07-31,,
2012-07,loss_flag_60m,0,,2012-07-31,2012-07-31,,2017-07-31,2012-07-31,2017-07-31,,
2012-07,future_max_drawdown_60m,-0.46058855,,2012-07-31,2012-07-31,,2017-07-31,2012-07-31,2017-07-31,1216,
2012-07,forward_120m_state,1.21342627,,2012-07-31,2012-07-31,,2022-07-29,2012-07-31,2022-07-29,,
2012-07,forward_120m_execution,1.18928014,,2012-07-31,2012-07-31,2012-08-01,2022-07-29,2012-07-31,2022-07-29,,
2012-07,loss_flag_120m,0,,2012-07-31,2012-07-31,,2022-07-29,2012-07-31,2022-07-29,,
2012-07,future_max_drawdown_120m,-0.46058855,,2012-07-31,2012-07-31,,2022-07-29,2012-07-31,2022-07-29,2432,
2012-08,forward_36m_state,0.63385776,,2012-08-31,2012-08-31,,2015-08-31,2012-08-31,2015-08-31,,
2012-08,forward_36m_execution,0.61538240,,2012-08-31,2012-08-31,2012-09-03,2015-08-31,2012-08-31,2015-08-31,,
2012-08,loss_flag_36m,0,,2012-08-31,2012-08-31,,2015-08-31,2012-08-31,2015-08-31,,
2012-08,future_max_drawdown_36m,-0.42860838,,2012-08-31,2012-08-31,,2015-08-31,2012-08-31,2015-08-31,728,
2012-08,forward_60m_state,0.93564375,,2012-08-31,2012-08-31,,2017-08-31,2012-08-31,2017-08-31,,
2012-08,forward_60m_execution,0.91375585,,2012-08-31,2012-08-31,2012-09-03,2017-08-31,2012-08-31,2017-08-31,,
2012-08,loss_flag_60m,0,,2012-08-31,2012-08-31,,2017-08-31,2012-08-31,2017-08-31,,
2012-08,future_max_drawdown_60m,-0.46058855,,2012-08-31,2012-08-31,,2017-08-31,2012-08-31,2017-08-31,1216,
2012-08,forward_120m_state,1.29203555,,2012-08-31,2012-08-31,,2022-08-31,2012-08-31,2022-08-31,,
2012-08,forward_120m_execution,1.26611764,,2012-08-31,2012-08-31,2012-09-03,2022-08-31,2012-08-31,2022-08-31,,
2012-08,loss_flag_120m,0,,2012-08-31,2012-08-31,,2022-08-31,2012-08-31,2022-08-31,,
2012-08,future_max_drawdown_120m,-0.46058855,,2012-08-31,2012-08-31,,2022-08-31,2012-08-31,2022-08-31,2432,
2012-09,forward_36m_state,0.49380342,,2012-09-28,2012-09-28,,2015-09-30,2012-09-28,2015-09-30,,
2012-09,forward_36m_execution,0.50897006,,2012-09-28,2012-09-28,2012-10-08,2015-09-30,2012-09-28,2015-09-30,,
2012-09,loss_flag_36m,0,,2012-09-28,2012-09-28,,2015-09-30,2012-09-28,2015-09-30,,
2012-09,future_max_drawdown_36m,-0.42860838,,2012-09-28,2012-09-28,,2015-09-30,2012-09-28,2015-09-30,728,
2012-09,forward_60m_state,0.86773308,,2012-09-28,2012-09-28,,2017-09-29,2012-09-28,2017-09-29,,
2012-09,forward_60m_execution,0.88669625,,2012-09-28,2012-09-28,2012-10-08,2017-09-29,2012-09-28,2017-09-29,,
2012-09,loss_flag_60m,0,,2012-09-28,2012-09-28,,2017-09-29,2012-09-28,2017-09-29,,
2012-09,future_max_drawdown_60m,-0.46058855,,2012-09-28,2012-09-28,,2017-09-29,2012-09-28,2017-09-29,1217,
2012-09,forward_120m_state,1.05458020,,2012-09-28,2012-09-28,,2022-09-30,2012-09-28,2022-09-30,,
2012-09,forward_120m_execution,1.07544044,,2012-09-28,2012-09-28,2012-10-08,2022-09-30,2012-09-28,2022-09-30,,
2012-09,loss_flag_120m,0,,2012-09-28,2012-09-28,,2022-09-30,2012-09-28,2022-09-30,,
2012-09,future_max_drawdown_120m,-0.46058855,,2012-09-28,2012-09-28,,2022-09-30,2012-09-28,2022-09-30,2433,
2012-10,forward_36m_state,0.67636402,,2012-10-31,2012-10-31,,2015-10-30,2012-10-31,2015-10-30,,
2012-10,forward_36m_execution,0.64494796,,2012-10-31,2012-10-31,2012-11-01,2015-10-30,2012-10-31,2015-10-30,,
2012-10,loss_flag_36m,0,,2012-10-31,2012-10-31,,2015-10-30,2012-10-31,2015-10-30,,
2012-10,future_max_drawdown_36m,-0.42860838,,2012-10-31,2012-10-31,,2015-10-30,2012-10-31,2015-10-30,727,
2012-10,forward_60m_state,0.98370114,,2012-10-31,2012-10-31,,2017-10-31,2012-10-31,2017-10-31,,
2012-10,forward_60m_execution,0.94652541,,2012-10-31,2012-10-31,2012-11-01,2017-10-31,2012-10-31,2017-10-31,,
2012-10,loss_flag_60m,0,,2012-10-31,2012-10-31,,2017-10-31,2012-10-31,2017-10-31,,
2012-10,future_max_drawdown_60m,-0.46058855,,2012-10-31,2012-10-31,,2017-10-31,2012-10-31,2017-10-31,1216,
2012-10,forward_120m_state,0.92804077,,2012-10-31,2012-10-31,,2022-10-31,2012-10-31,2022-10-31,,
2012-10,forward_120m_execution,0.89190814,,2012-10-31,2012-10-31,2012-11-01,2022-10-31,2012-10-31,2022-10-31,,
2012-10,loss_flag_120m,0,,2012-10-31,2012-10-31,,2022-10-31,2012-10-31,2022-10-31,,
2012-10,future_max_drawdown_120m,-0.46058855,,2012-10-31,2012-10-31,,2022-10-31,2012-10-31,2022-10-31,2431,
2012-11,forward_36m_state,0.78273139,,2012-11-30,2012-11-30,,2015-11-30,2012-11-30,2015-11-30,,
2012-11,forward_36m_execution,0.80877868,,2012-11-30,2012-11-30,2012-12-03,2015-11-30,2012-11-30,2015-11-30,,
2012-11,loss_flag_36m,0,,2012-11-30,2012-11-30,,2015-11-30,2012-11-30,2015-11-30,,
2012-11,future_max_drawdown_36m,-0.42860838,,2012-11-30,2012-11-30,,2015-11-30,2012-11-30,2015-11-30,726,
2012-11,forward_60m_state,1.09008000,,2012-11-30,2012-11-30,,2017-11-30,2012-11-30,2017-11-30,,
2012-11,forward_60m_execution,1.12061793,,2012-11-30,2012-11-30,2012-12-03,2017-11-30,2012-11-30,2017-11-30,,
2012-11,loss_flag_60m,0,,2012-11-30,2012-11-30,,2017-11-30,2012-11-30,2017-11-30,,
2012-11,future_max_drawdown_60m,-0.46058855,,2012-11-30,2012-11-30,,2017-11-30,2012-11-30,2017-11-30,1216,
2012-11,forward_120m_state,1.23139973,,2012-11-30,2012-11-30,,2022-11-30,2012-11-30,2022-11-30,,
2012-11,forward_120m_execution,1.26400246,,2012-11-30,2012-11-30,2012-12-03,2022-11-30,2012-11-30,2022-11-30,,
2012-11,loss_flag_120m,0,,2012-11-30,2012-11-30,,2022-11-30,2012-11-30,2022-11-30,,
2012-11,future_max_drawdown_120m,-0.46058855,,2012-11-30,2012-11-30,,2022-11-30,2012-11-30,2022-11-30,2431,
2012-12,forward_36m_state,0.58187231,,2012-12-31,2012-12-31,,2015-12-31,2012-12-31,2015-12-31,,
2012-12,forward_36m_execution,0.58095507,,2012-12-31,2012-12-31,2013-01-04,2015-12-31,2012-12-31,2015-12-31,,
2012-12,loss_flag_36m,0,,2012-12-31,2012-12-31,,2015-12-31,2012-12-31,2015-12-31,,
2012-12,future_max_drawdown_36m,-0.42860838,,2012-12-31,2012-12-31,,2015-12-31,2012-12-31,2015-12-31,728,
2012-12,forward_60m_state,0.78351349,,2012-12-31,2012-12-31,,2017-12-29,2012-12-31,2017-12-29,,
2012-12,forward_60m_execution,0.78247933,,2012-12-31,2012-12-31,2013-01-04,2017-12-29,2012-12-31,2017-12-29,,
2012-12,loss_flag_60m,0,,2012-12-31,2012-12-31,,2017-12-29,2012-12-31,2017-12-29,,
2012-12,future_max_drawdown_60m,-0.46058855,,2012-12-31,2012-12-31,,2017-12-29,2012-12-31,2017-12-29,1216,
2012-12,forward_120m_state,0.90442640,,2012-12-31,2012-12-31,,2022-12-30,2012-12-31,2022-12-30,,
2012-12,forward_120m_execution,0.90332214,,2012-12-31,2012-12-31,2013-01-04,2022-12-30,2012-12-31,2022-12-30,,
2012-12,loss_flag_120m,0,,2012-12-31,2012-12-31,,2022-12-30,2012-12-31,2022-12-30,,
2012-12,future_max_drawdown_120m,-0.46058855,,2012-12-31,2012-12-31,,2022-12-30,2012-12-31,2022-12-30,2432,
2013-01,forward_36m_state,0.17290327,,2013-01-31,2013-01-31,,2016-01-29,2013-01-31,2016-01-29,,
2013-01,forward_36m_execution,0.14876978,,2013-01-31,2013-01-31,2013-02-01,2016-01-29,2013-01-31,2016-01-29,,
2013-01,loss_flag_36m,0,,2013-01-31,2013-01-31,,2016-01-29,2013-01-31,2016-01-29,,
2013-01,future_max_drawdown_36m,-0.46058855,,2013-01-31,2013-01-31,,2016-01-29,2013-01-31,2016-01-29,728,
2013-01,forward_60m_state,0.77679301,,2013-01-31,2013-01-31,,2018-01-31,2013-01-31,2018-01-31,,
2013-01,forward_60m_execution,0.74023397,,2013-01-31,2013-01-31,2013-02-01,2018-01-31,2013-01-31,2018-01-31,,
2013-01,loss_flag_60m,0,,2013-01-31,2013-01-31,,2018-01-31,2013-01-31,2018-01-31,,
2013-01,future_max_drawdown_60m,-0.46058855,,2013-01-31,2013-01-31,,2018-01-31,2013-01-31,2018-01-31,1218,
2013-01,forward_120m_state,0.92011127,,2013-01-31,2013-01-31,,2023-01-31,2013-01-31,2023-01-31,,
2013-01,forward_120m_execution,0.88060334,,2013-01-31,2013-01-31,2013-02-01,2023-01-31,2013-01-31,2023-01-31,,
2013-01,loss_flag_120m,0,,2013-01-31,2013-01-31,,2023-01-31,2013-01-31,2023-01-31,,
2013-01,future_max_drawdown_120m,-0.46058855,,2013-01-31,2013-01-31,,2023-01-31,2013-01-31,2023-01-31,2428,
2013-02,forward_36m_state,0.15170047,,2013-02-28,2013-02-28,,2016-02-29,2013-02-28,2016-02-29,,
2013-02,forward_36m_execution,0.15363890,,2013-02-28,2013-02-28,2013-03-01,2016-02-29,2013-02-28,2016-02-29,,
2013-02,loss_flag_36m,0,,2013-02-28,2013-02-28,,2016-02-29,2013-02-28,2016-02-29,,
2013-02,future_max_drawdown_36m,-0.46058855,,2013-02-28,2013-02-28,,2016-02-29,2013-02-28,2016-02-29,729,
2013-02,forward_60m_state,0.68045679,,2013-02-28,2013-02-28,,2018-02-28,2013-02-28,2018-02-28,,
2013-02,forward_60m_execution,0.68328517,,2013-02-28,2013-02-28,2013-03-01,2018-02-28,2013-02-28,2018-02-28,,
2013-02,loss_flag_60m,0,,2013-02-28,2013-02-28,,2018-02-28,2013-02-28,2018-02-28,,
2013-02,future_max_drawdown_60m,-0.46058855,,2013-02-28,2013-02-28,,2018-02-28,2013-02-28,2018-02-28,1218,
2013-02,forward_120m_state,0.88971097,,2013-02-28,2013-02-28,,2023-02-28,2013-02-28,2023-02-28,,
2013-02,forward_120m_execution,0.89289154,,2013-02-28,2013-02-28,2013-03-01,2023-02-28,2013-02-28,2023-02-28,,
2013-02,loss_flag_120m,0,,2013-02-28,2013-02-28,,2023-02-28,2013-02-28,2023-02-28,,
2013-02,future_max_drawdown_120m,-0.46058855,,2013-02-28,2013-02-28,,2023-02-28,2013-02-28,2023-02-28,2433,
2013-03,forward_36m_state,0.37994728,,2013-03-29,2013-03-29,,2016-03-31,2013-03-29,2016-03-31,,
2013-03,forward_36m_execution,0.38100043,,2013-03-29,2013-03-29,2013-04-01,2016-03-31,2013-03-29,2016-03-31,,
2013-03,loss_flag_36m,0,,2013-03-29,2013-03-29,,2016-03-31,2013-03-29,2016-03-31,,
2013-03,future_max_drawdown_36m,-0.46058855,,2013-03-29,2013-03-29,,2016-03-31,2013-03-29,2016-03-31,731,
2013-03,forward_60m_state,0.74440790,,2013-03-29,2013-03-29,,2018-03-30,2013-03-29,2018-03-30,,
2013-03,forward_60m_execution,0.74573920,,2013-03-29,2013-03-29,2013-04-01,2018-03-30,2013-03-29,2018-03-30,,
2013-03,loss_flag_60m,0,,2013-03-29,2013-03-29,,2018-03-30,2013-03-29,2018-03-30,,
2013-03,future_max_drawdown_60m,-0.46058855,,2013-03-29,2013-03-29,,2018-03-30,2013-03-29,2018-03-30,1219,
2013-03,forward_120m_state,1.01540233,,2013-03-29,2013-03-29,,2023-03-31,2013-03-29,2023-03-31,,
2013-03,forward_120m_execution,1.01694045,,2013-03-29,2013-03-29,2013-04-01,2023-03-31,2013-03-29,2023-03-31,,
2013-03,loss_flag_120m,0,,2013-03-29,2013-03-29,,2023-03-31,2013-03-29,2023-03-31,,
2013-03,future_max_drawdown_120m,-0.46058855,,2013-03-29,2013-03-29,,2023-03-31,2013-03-29,2023-03-31,2435,
2013-04,forward_36m_state,0.38062655,,2013-04-26,2013-04-26,,2016-04-29,2013-04-26,2016-04-29,,
2013-04,forward_36m_execution,0.37930700,,2013-04-26,2013-04-26,2013-05-02,2016-04-29,2013-04-26,2016-04-29,,
2013-04,loss_flag_36m,0,,2013-04-26,2013-04-26,,2016-04-29,2013-04-26,2016-04-29,,
2013-04,future_max_drawdown_36m,-0.46058855,,2013-04-26,2013-04-26,,2016-04-29,2013-04-26,2016-04-29,733,
2013-04,forward_60m_state,0.71366964,,2013-04-26,2013-04-26,,2018-04-27,2013-04-26,2018-04-27,,
2013-04,forward_60m_execution,0.71203178,,2013-04-26,2013-04-26,2013-05-02,2018-04-27,2013-04-26,2018-04-27,,
2013-04,loss_flag_60m,0,,2013-04-26,2013-04-26,,2018-04-27,2013-04-26,2018-04-27,,
2013-04,future_max_drawdown_60m,-0.46058855,,2013-04-26,2013-04-26,,2018-04-27,2013-04-26,2018-04-27,1219,
2013-04,forward_120m_state,1.04417530,,2013-04-26,2013-04-26,,2023-04-28,2013-04-26,2023-04-28,,
2013-04,forward_120m_execution,1.04222155,,2013-04-26,2013-04-26,2013-05-02,2023-04-28,2013-04-26,2023-04-28,,
2013-04,loss_flag_120m,0,,2013-04-26,2013-04-26,,2023-04-28,2013-04-26,2023-04-28,,
2013-04,future_max_drawdown_120m,-0.46058855,,2013-04-26,2013-04-26,,2023-04-28,2013-04-26,2023-04-28,2436,
2013-05,forward_36m_state,0.30119436,,2013-05-31,2013-05-31,,2016-05-31,2013-05-31,2016-05-31,,
2013-05,forward_36m_execution,0.30128091,,2013-05-31,2013-05-31,2013-06-03,2016-05-31,2013-05-31,2016-05-31,,
2013-05,loss_flag_36m,0,,2013-05-31,2013-05-31,,2016-05-31,2013-05-31,2016-05-31,,
2013-05,future_max_drawdown_36m,-0.46058855,,2013-05-31,2013-05-31,,2016-05-31,2013-05-31,2016-05-31,732,
2013-05,forward_60m_state,0.62863524,,2013-05-31,2013-05-31,,2018-05-31,2013-05-31,2018-05-31,,
2013-05,forward_60m_execution,0.62874356,,2013-05-31,2013-05-31,2013-06-03,2018-05-31,2013-05-31,2018-05-31,,
2013-05,loss_flag_60m,0,,2013-05-31,2013-05-31,,2018-05-31,2013-05-31,2018-05-31,,
2013-05,future_max_drawdown_60m,-0.46058855,,2013-05-31,2013-05-31,,2018-05-31,2013-05-31,2018-05-31,1219,
2013-05,forward_120m_state,0.80838432,,2013-05-31,2013-05-31,,2023-05-31,2013-05-31,2023-05-31,,
2013-05,forward_120m_execution,0.80850461,,2013-05-31,2013-05-31,2013-06-03,2023-05-31,2013-05-31,2023-05-31,,
2013-05,loss_flag_120m,0,,2013-05-31,2013-05-31,,2023-05-31,2013-05-31,2023-05-31,,
2013-05,future_max_drawdown_120m,-0.46058855,,2013-05-31,2013-05-31,,2023-05-31,2013-05-31,2023-05-31,2434,
2013-06,forward_36m_state,0.52686968,,2013-06-28,2013-06-28,,2016-06-30,2013-06-28,2016-06-30,,
2013-06,forward_36m_execution,0.51721847,,2013-06-28,2013-06-28,2013-07-01,2016-06-30,2013-06-28,2016-06-30,,
2013-06,loss_flag_36m,0,,2013-06-28,2013-06-28,,2016-06-30,2013-06-28,2016-06-30,,
2013-06,future_max_drawdown_36m,-0.46058855,,2013-06-28,2013-06-28,,2016-06-30,2013-06-28,2016-06-30,735,
2013-06,forward_60m_state,0.77475238,,2013-06-28,2013-06-28,,2018-06-29,2013-06-28,2018-06-29,,
2013-06,forward_60m_execution,0.76353433,,2013-06-28,2013-06-28,2013-07-01,2018-06-29,2013-06-28,2018-06-29,,
2013-06,loss_flag_60m,0,,2013-06-28,2013-06-28,,2018-06-29,2013-06-28,2018-06-29,,
2013-06,future_max_drawdown_60m,-0.46058855,,2013-06-28,2013-06-28,,2018-06-29,2013-06-28,2018-06-29,1223,
2013-06,forward_120m_state,1.16382651,,2013-06-28,2013-06-28,,2023-06-30,2013-06-28,2023-06-30,,
2013-06,forward_120m_execution,1.15014916,,2013-06-28,2013-06-28,2013-07-01,2023-06-30,2013-06-28,2023-06-30,,
2013-06,loss_flag_120m,0,,2013-06-28,2013-06-28,,2023-06-30,2013-06-28,2023-06-30,,
2013-06,future_max_drawdown_120m,-0.46058855,,2013-06-28,2013-06-28,,2023-06-30,2013-06-28,2023-06-30,2437,
2013-07,forward_36m_state,0.55852585,,2013-07-31,2013-07-31,,2016-07-29,2013-07-31,2016-07-29,,
2013-07,forward_36m_execution,0.52219283,,2013-07-31,2013-07-31,2013-08-01,2016-07-29,2013-07-31,2016-07-29,,
2013-07,loss_flag_36m,0,,2013-07-31,2013-07-31,,2016-07-29,2013-07-31,2016-07-29,,
2013-07,future_max_drawdown_36m,-0.46058855,,2013-07-31,2013-07-31,,2016-07-29,2013-07-31,2016-07-29,733,
2013-07,forward_60m_state,0.78327914,,2013-07-31,2013-07-31,,2018-07-31,2013-07-31,2018-07-31,,
2013-07,forward_60m_execution,0.74170658,,2013-07-31,2013-07-31,2013-08-01,2018-07-31,2013-07-31,2018-07-31,,
2013-07,loss_flag_60m,0,,2013-07-31,2013-07-31,,2018-07-31,2013-07-31,2018-07-31,,
2013-07,future_max_drawdown_60m,-0.46058855,,2013-07-31,2013-07-31,,2018-07-31,2013-07-31,2018-07-31,1222,
2013-07,forward_120m_state,1.26751818,,2013-07-31,2013-07-31,,2023-07-31,2013-07-31,2023-07-31,,
2013-07,forward_120m_execution,1.21465683,,2013-07-31,2013-07-31,2013-08-01,2023-07-31,2013-07-31,2023-07-31,,
2013-07,loss_flag_120m,0,,2013-07-31,2013-07-31,,2023-07-31,2013-07-31,2023-07-31,,
2013-07,future_max_drawdown_120m,-0.46058855,,2013-07-31,2013-07-31,,2023-07-31,2013-07-31,2023-07-31,2435,
2013-08,forward_36m_state,0.53515041,,2013-08-30,2013-08-30,,2016-08-31,2013-08-30,2016-08-31,,
2013-08,forward_36m_execution,0.53089443,,2013-08-30,2013-08-30,2013-09-02,2016-08-31,2013-08-30,2016-08-31,,
2013-08,loss_flag_36m,0,,2013-08-30,2013-08-30,,2016-08-31,2013-08-30,2016-08-31,,
2013-08,future_max_drawdown_36m,-0.46058855,,2013-08-30,2013-08-30,,2016-08-31,2013-08-30,2016-08-31,734,
2013-08,forward_60m_state,0.60387201,,2013-08-30,2013-08-30,,2018-08-31,2013-08-30,2018-08-31,,
2013-08,forward_60m_execution,0.59942551,,2013-08-30,2013-08-30,2013-09-02,2018-08-31,2013-08-30,2018-08-31,,
2013-08,loss_flag_60m,0,,2013-08-30,2013-08-30,,2018-08-31,2013-08-30,2018-08-31,,
2013-08,future_max_drawdown_60m,-0.46058855,,2013-08-30,2013-08-30,,2018-08-31,2013-08-30,2018-08-31,1223,
2013-08,forward_120m_state,1.01691591,,2013-08-30,2013-08-30,,2023-08-31,2013-08-30,2023-08-31,,
2013-08,forward_120m_execution,1.01132430,,2013-08-30,2013-08-30,2013-09-02,2023-08-31,2013-08-30,2023-08-31,,
2013-08,loss_flag_120m,0,,2013-08-30,2013-08-30,,2023-08-31,2013-08-30,2023-08-31,,
2013-08,future_max_drawdown_120m,-0.46058855,,2013-08-30,2013-08-30,,2023-08-31,2013-08-30,2023-08-31,2436,
2013-09,forward_36m_state,0.44124381,,2013-09-30,2013-09-30,,2016-09-30,2013-09-30,2016-09-30,,
2013-09,forward_36m_execution,0.42188408,,2013-09-30,2013-09-30,2013-10-08,2016-09-30,2013-09-30,2016-09-30,,
2013-09,loss_flag_36m,0,,2013-09-30,2013-09-30,,2016-09-30,2013-09-30,2016-09-30,,
2013-09,future_max_drawdown_36m,-0.46058855,,2013-09-30,2013-09-30,,2016-09-30,2013-09-30,2016-09-30,735,
2013-09,forward_60m_state,0.58866223,,2013-09-30,2013-09-30,,2018-09-28,2013-09-30,2018-09-28,,
2013-09,forward_60m_execution,0.56732228,,2013-09-30,2013-09-30,2013-10-08,2018-09-28,2013-09-30,2018-09-28,,
2013-09,loss_flag_60m,0,,2013-09-30,2013-09-30,,2018-09-28,2013-09-30,2018-09-28,,
2013-09,future_max_drawdown_60m,-0.46058855,,2013-09-30,2013-09-30,,2018-09-28,2013-09-30,2018-09-28,1223,
2013-09,forward_120m_state,0.89731839,,2013-09-30,2013-09-30,,2023-09-28,2013-09-30,2023-09-28,,
2013-09,forward_120m_execution,0.87183236,,2013-09-30,2013-09-30,2013-10-08,2023-09-28,2013-09-30,2023-09-28,,
2013-09,loss_flag_120m,0,,2013-09-30,2013-09-30,,2023-09-28,2013-09-30,2023-09-28,,
2013-09,future_max_drawdown_120m,-0.46058855,,2013-09-30,2013-09-30,,2023-09-28,2013-09-30,2023-09-28,2437,
2013-10,forward_36m_state,0.49996804,,2013-10-31,2013-10-31,,2016-10-31,2013-10-31,2016-10-31,,
2013-10,forward_36m_execution,0.49289561,,2013-10-31,2013-10-31,2013-11-01,2016-10-31,2013-10-31,2016-10-31,,
2013-10,loss_flag_36m,0,,2013-10-31,2013-10-31,,2016-10-31,2013-10-31,2016-10-31,,
2013-10,future_max_drawdown_36m,-0.46058855,,2013-10-31,2013-10-31,,2016-10-31,2013-10-31,2016-10-31,733,
2013-10,forward_60m_state,0.47900319,,2013-10-31,2013-10-31,,2018-10-31,2013-10-31,2018-10-31,,
2013-10,forward_60m_execution,0.47202961,,2013-10-31,2013-10-31,2013-11-01,2018-10-31,2013-10-31,2018-10-31,,
2013-10,loss_flag_60m,0,,2013-10-31,2013-10-31,,2018-10-31,2013-10-31,2018-10-31,,
2013-10,future_max_drawdown_60m,-0.46058855,,2013-10-31,2013-10-31,,2018-10-31,2013-10-31,2018-10-31,1223,
2013-10,forward_120m_state,0.86581519,,2013-10-31,2013-10-31,,2023-10-31,2013-10-31,2023-10-31,,
2013-10,forward_120m_execution,0.85701776,,2013-10-31,2013-10-31,2013-11-01,2023-10-31,2013-10-31,2023-10-31,,
2013-10,loss_flag_120m,0,,2013-10-31,2013-10-31,,2023-10-31,2013-10-31,2023-10-31,,
2013-10,future_max_drawdown_120m,-0.46058855,,2013-10-31,2013-10-31,,2023-10-31,2013-10-31,2023-10-31,2436,
2013-11,forward_36m_state,0.54820531,,2013-11-29,2013-11-29,,2016-11-30,2013-11-29,2016-11-30,,
2013-11,forward_36m_execution,0.56110988,,2013-11-29,2013-11-29,2013-12-02,2016-11-30,2013-11-29,2016-11-30,,
2013-11,loss_flag_36m,0,,2013-11-29,2013-11-29,,2016-11-30,2013-11-29,2016-11-30,,
2013-11,future_max_drawdown_36m,-0.46058855,,2013-11-29,2013-11-29,,2016-11-30,2013-11-29,2016-11-30,734,
2013-11,forward_60m_state,0.44819763,,2013-11-29,2013-11-29,,2018-11-30,2013-11-29,2018-11-30,,
2013-11,forward_60m_execution,0.46026861,,2013-11-29,2013-11-29,2013-12-02,2018-11-30,2013-11-29,2018-11-30,,
2013-11,loss_flag_60m,0,,2013-11-29,2013-11-29,,2018-11-30,2013-11-29,2018-11-30,,
2013-11,future_max_drawdown_60m,-0.46058855,,2013-11-29,2013-11-29,,2018-11-30,2013-11-29,2018-11-30,1224,
2013-11,forward_120m_state,0.77753871,,2013-11-29,2013-11-29,,2023-11-30,2013-11-29,2023-11-30,,
2013-11,forward_120m_execution,0.79235481,,2013-11-29,2013-11-29,2013-12-02,2023-11-30,2013-11-29,2023-11-30,,
2013-11,loss_flag_120m,0,,2013-11-29,2013-11-29,,2023-11-30,2013-11-29,2023-11-30,,
2013-11,future_max_drawdown_120m,-0.46058855,,2013-11-29,2013-11-29,,2023-11-30,2013-11-29,2023-11-30,2437,
2013-12,forward_36m_state,0.51624246,,2013-12-31,2013-12-31,,2016-12-30,2013-12-31,2016-12-30,,
2013-12,forward_36m_execution,0.52149916,,2013-12-31,2013-12-31,2014-01-02,2016-12-30,2013-12-31,2016-12-30,,
2013-12,loss_flag_36m,0,,2013-12-31,2013-12-31,,2016-12-30,2013-12-31,2016-12-30,,
2013-12,future_max_drawdown_36m,-0.46058855,,2013-12-31,2013-12-31,,2016-12-30,2013-12-31,2016-12-30,734,
2013-12,forward_60m_state,0.43863258,,2013-12-31,2013-12-31,,2018-12-28,2013-12-31,2018-12-28,,
2013-12,forward_60m_execution,0.44362021,,2013-12-31,2013-12-31,2014-01-02,2018-12-28,2013-12-31,2018-12-28,,
2013-12,loss_flag_60m,0,,2013-12-31,2013-12-31,,2018-12-28,2013-12-31,2018-12-28,,
2013-12,future_max_drawdown_60m,-0.46058855,,2013-12-31,2013-12-31,,2018-12-28,2013-12-31,2018-12-28,1222,
2013-12,forward_120m_state,0.82789620,,2013-12-31,2013-12-31,,2023-12-29,2013-12-31,2023-12-29,,
2013-12,forward_120m_execution,0.83423338,,2013-12-31,2013-12-31,2014-01-02,2023-12-29,2013-12-31,2023-12-29,,
2013-12,loss_flag_120m,0,,2013-12-31,2013-12-31,,2023-12-29,2013-12-31,2023-12-29,,
2013-12,future_max_drawdown_120m,-0.46058855,,2013-12-31,2013-12-31,,2023-12-29,2013-12-31,2023-12-29,2436,
2014-01,forward_36m_state,0.64179461,,2014-01-30,2014-01-30,,2017-01-26,2014-01-30,2017-01-26,,
2014-01,forward_36m_execution,0.63435078,,2014-01-30,2014-01-30,2014-02-07,2017-01-26,2014-01-30,2017-01-26,,
2014-01,loss_flag_36m,0,,2014-01-30,2014-01-30,,2017-01-26,2014-01-30,2017-01-26,,
2014-01,future_max_drawdown_36m,-0.46058855,,2014-01-30,2014-01-30,,2017-01-26,2014-01-30,2017-01-26,731,
2014-01,forward_60m_state,0.61849479,,2014-01-30,2014-01-30,,2019-01-31,2014-01-30,2019-01-31,,
2014-01,forward_60m_execution,0.61115660,,2014-01-30,2014-01-30,2014-02-07,2019-01-31,2014-01-30,2019-01-31,,
2014-01,loss_flag_60m,0,,2014-01-30,2014-01-30,,2019-01-31,2014-01-30,2019-01-31,,
2014-01,future_max_drawdown_60m,-0.46058855,,2014-01-30,2014-01-30,,2019-01-31,2014-01-30,2019-01-31,1223,
2014-01,forward_120m_state,0.81215481,,2014-01-30,2014-01-30,,2024-01-31,2014-01-30,2024-01-31,,
2014-01,forward_120m_execution,0.80393857,,2014-01-30,2014-01-30,2014-02-07,2024-01-31,2014-01-30,2024-01-31,,
2014-01,loss_flag_120m,0,,2014-01-30,2014-01-30,,2024-01-31,2014-01-30,2024-01-31,,
2014-01,future_max_drawdown_120m,-0.46058855,,2014-01-30,2014-01-30,,2024-01-31,2014-01-30,2024-01-31,2437,
2014-02,forward_36m_state,0.69115967,,2014-02-28,2014-02-28,,2017-02-28,2014-02-28,2017-02-28,,
2014-02,forward_36m_execution,0.68235395,,2014-02-28,2014-02-28,2014-03-03,2017-02-28,2014-02-28,2017-02-28,,
2014-02,loss_flag_36m,0,,2014-02-28,2014-02-28,,2017-02-28,2014-02-28,2017-02-28,,
2014-02,future_max_drawdown_36m,-0.46058855,,2014-02-28,2014-02-28,,2017-02-28,2014-02-28,2017-02-28,733,
2014-02,forward_60m_state,0.87532611,,2014-02-28,2014-02-28,,2019-02-28,2014-02-28,2019-02-28,,
2014-02,forward_60m_execution,0.86556145,,2014-02-28,2014-02-28,2014-03-03,2019-02-28,2014-02-28,2019-02-28,,
2014-02,loss_flag_60m,0,,2014-02-28,2014-02-28,,2019-02-28,2014-02-28,2019-02-28,,
2014-02,future_max_drawdown_60m,-0.46058855,,2014-02-28,2014-02-28,,2019-02-28,2014-02-28,2019-02-28,1222,
2014-02,forward_120m_state,1.00289149,,2014-02-28,2014-02-28,,2024-02-29,2014-02-28,2024-02-29,,
2014-02,forward_120m_execution,0.99246261,,2014-02-28,2014-02-28,2014-03-03,2024-02-29,2014-02-28,2024-02-29,,
2014-02,loss_flag_120m,0,,2014-02-28,2014-02-28,,2024-02-29,2014-02-28,2024-02-29,,
2014-02,future_max_drawdown_120m,-0.46058855,,2014-02-28,2014-02-28,,2024-02-29,2014-02-28,2024-02-29,2436,
2014-03,forward_36m_state,0.71876689,,2014-03-31,2014-03-31,,2017-03-31,2014-03-31,2017-03-31,,
2014-03,forward_36m_execution,0.70540893,,2014-03-31,2014-03-31,2014-04-01,2017-03-31,2014-03-31,2017-03-31,,
2014-03,loss_flag_36m,0,,2014-03-31,2014-03-31,,2017-03-31,2014-03-31,2017-03-31,,
2014-03,future_max_drawdown_36m,-0.46058855,,2014-03-31,2014-03-31,,2017-03-31,2014-03-31,2017-03-31,735,
2014-03,forward_60m_state,1.00907579,,2014-03-31,2014-03-31,,2019-03-29,2014-03-31,2019-03-29,,
2014-03,forward_60m_execution,0.99346160,,2014-03-31,2014-03-31,2014-04-01,2019-03-29,2014-03-31,2019-03-29,,
2014-03,loss_flag_60m,0,,2014-03-31,2014-03-31,,2019-03-29,2014-03-31,2019-03-29,,
2014-03,future_max_drawdown_60m,-0.46058855,,2014-03-31,2014-03-31,,2019-03-29,2014-03-31,2019-03-29,1222,
2014-03,forward_120m_state,1.04559099,,2014-03-31,2014-03-31,,2024-03-29,2014-03-31,2024-03-29,,
2014-03,forward_120m_execution,1.02969300,,2014-03-31,2014-03-31,2014-04-01,2024-03-29,2014-03-31,2024-03-29,,
2014-03,loss_flag_120m,0,,2014-03-31,2014-03-31,,2024-03-29,2014-03-31,2024-03-29,,
2014-03,future_max_drawdown_120m,-0.46058855,,2014-03-31,2014-03-31,,2024-03-29,2014-03-31,2024-03-29,2436,
2014-04,forward_36m_state,0.69997109,,2014-04-30,2014-04-30,,2017-04-28,2014-04-30,2017-04-28,,
2014-04,forward_36m_execution,0.70169323,,2014-04-30,2014-04-30,2014-05-05,2017-04-28,2014-04-30,2017-04-28,,
2014-04,loss_flag_36m,0,,2014-04-30,2014-04-30,,2017-04-28,2014-04-30,2017-04-28,,
2014-04,future_max_drawdown_36m,-0.46058855,,2014-04-30,2014-04-30,,2017-04-28,2014-04-30,2017-04-28,732,
2014-04,forward_60m_state,1.01830724,,2014-04-30,2014-04-30,,2019-04-30,2014-04-30,2019-04-30,,
2014-04,forward_60m_execution,1.02035188,,2014-04-30,2014-04-30,2014-05-05,2019-04-30,2014-04-30,2019-04-30,,
2014-04,loss_flag_60m,0,,2014-04-30,2014-04-30,,2019-04-30,2014-04-30,2019-04-30,,
2014-04,future_max_drawdown_60m,-0.46058855,,2014-04-30,2014-04-30,,2019-04-30,2014-04-30,2019-04-30,1222,
2014-04,forward_120m_state,1.07327440,,2014-04-30,2014-04-30,,2024-04-30,2014-04-30,2024-04-30,,
2014-04,forward_120m_execution,1.07537472,,2014-04-30,2014-04-30,2014-05-05,2024-04-30,2014-04-30,2024-04-30,,
2014-04,loss_flag_120m,0,,2014-04-30,2014-04-30,,2024-04-30,2014-04-30,2024-04-30,,
2014-04,future_max_drawdown_120m,-0.46058855,,2014-04-30,2014-04-30,,2024-04-30,2014-04-30,2024-04-30,2435,
2014-05,forward_36m_state,0.72704109,,2014-05-30,2014-05-30,,2017-05-31,2014-05-30,2017-05-31,,
2014-05,forward_36m_execution,0.73198263,,2014-05-30,2014-05-30,2014-06-03,2017-05-31,2014-05-30,2017-05-31,,
2014-05,loss_flag_36m,0,,2014-05-30,2014-05-30,,2017-05-31,2014-05-30,2017-05-31,,
2014-05,future_max_drawdown_36m,-0.46058855,,2014-05-30,2014-05-30,,2017-05-31,2014-05-30,2017-05-31,732,
2014-05,forward_60m_state,0.87584831,,2014-05-30,2014-05-30,,2019-05-31,2014-05-30,2019-05-31,,
2014-05,forward_60m_execution,0.88121563,,2014-05-30,2014-05-30,2014-06-03,2019-05-31,2014-05-30,2019-05-31,,
2014-05,loss_flag_60m,0,,2014-05-30,2014-05-30,,2019-05-31,2014-05-30,2019-05-31,,
2014-05,future_max_drawdown_60m,-0.46058855,,2014-05-30,2014-05-30,,2019-05-31,2014-05-30,2019-05-31,1222,
2014-05,forward_120m_state,1.05998549,,2014-05-30,2014-05-30,,2024-05-31,2014-05-30,2024-05-31,,
2014-05,forward_120m_execution,1.06587968,,2014-05-30,2014-05-30,2014-06-03,2024-05-31,2014-05-30,2024-05-31,,
2014-05,loss_flag_120m,0,,2014-05-30,2014-05-30,,2024-05-31,2014-05-30,2024-05-31,,
2014-05,future_max_drawdown_120m,-0.46058855,,2014-05-30,2014-05-30,,2024-05-31,2014-05-30,2024-05-31,2435,
2014-06,forward_36m_state,0.79998047,,2014-06-30,2014-06-30,,2017-06-30,2014-06-30,2017-06-30,,
2014-06,forward_36m_execution,0.79991454,,2014-06-30,2014-06-30,2014-07-01,2017-06-30,2014-06-30,2017-06-30,,
2014-06,loss_flag_36m,0,,2014-06-30,2014-06-30,,2017-06-30,2014-06-30,2017-06-30,,
2014-06,future_max_drawdown_36m,-0.46058855,,2014-06-30,2014-06-30,,2017-06-30,2014-06-30,2017-06-30,734,
2014-06,forward_60m_state,0.96366352,,2014-06-30,2014-06-30,,2019-06-28,2014-06-30,2019-06-28,,
2014-06,forward_60m_execution,0.96359160,,2014-06-30,2014-06-30,2014-07-01,2019-06-28,2014-06-30,2019-06-28,,
2014-06,loss_flag_60m,0,,2014-06-30,2014-06-30,,2019-06-28,2014-06-30,2019-06-28,,
2014-06,future_max_drawdown_60m,-0.46058855,,2014-06-30,2014-06-30,,2019-06-28,2014-06-30,2019-06-28,1221,
2014-06,forward_120m_state,0.98203320,,2014-06-30,2014-06-30,,2024-06-28,2014-06-30,2024-06-28,,
2014-06,forward_120m_execution,0.98196061,,2014-06-30,2014-06-30,2014-07-01,2024-06-28,2014-06-30,2024-06-28,,
2014-06,loss_flag_120m,0,,2014-06-30,2014-06-30,,2024-06-28,2014-06-30,2024-06-28,,
2014-06,future_max_drawdown_120m,-0.46058855,,2014-06-30,2014-06-30,,2024-06-28,2014-06-30,2024-06-28,2434,
2014-07,forward_36m_state,0.68315607,,2014-07-31,2014-07-31,,2017-07-31,2014-07-31,2017-07-31,,
2014-07,forward_36m_execution,0.69817438,,2014-07-31,2014-07-31,2014-08-01,2017-07-31,2014-07-31,2017-07-31,,
2014-07,loss_flag_36m,0,,2014-07-31,2014-07-31,,2017-07-31,2014-07-31,2017-07-31,,
2014-07,future_max_drawdown_36m,-0.46058855,,2014-07-31,2014-07-31,,2017-07-31,2014-07-31,2017-07-31,732,
2014-07,forward_60m_state,0.80529591,,2014-07-31,2014-07-31,,2019-07-31,2014-07-31,2019-07-31,,
2014-07,forward_60m_execution,0.82140403,,2014-07-31,2014-07-31,2014-08-01,2019-07-31,2014-07-31,2019-07-31,,
2014-07,loss_flag_60m,0,,2014-07-31,2014-07-31,,2019-07-31,2014-07-31,2019-07-31,,
2014-07,future_max_drawdown_60m,-0.46058855,,2014-07-31,2014-07-31,,2019-07-31,2014-07-31,2019-07-31,1221,
2014-07,forward_120m_state,0.81385466,,2014-07-31,2014-07-31,,2024-07-31,2014-07-31,2024-07-31,,
2014-07,forward_120m_execution,0.83003914,,2014-07-31,2014-07-31,2014-08-01,2024-07-31,2014-07-31,2024-07-31,,
2014-07,loss_flag_120m,0,,2014-07-31,2014-07-31,,2024-07-31,2014-07-31,2024-07-31,,
2014-07,future_max_drawdown_120m,-0.46058855,,2014-07-31,2014-07-31,,2024-07-31,2014-07-31,2024-07-31,2434,
2014-08,forward_36m_state,0.73157298,,2014-08-29,2014-08-29,,2017-08-31,2014-08-29,2017-08-31,,
2014-08,forward_36m_execution,0.71905105,,2014-08-29,2014-08-29,2014-09-01,2017-08-31,2014-08-29,2017-08-31,,
2014-08,loss_flag_36m,0,,2014-08-29,2014-08-29,,2017-08-31,2014-08-29,2017-08-31,,
2014-08,future_max_drawdown_36m,-0.46058855,,2014-08-29,2014-08-29,,2017-08-31,2014-08-29,2017-08-31,734,
2014-08,forward_60m_state,0.79985134,,2014-08-29,2014-08-29,,2019-08-30,2014-08-29,2019-08-30,,
2014-08,forward_60m_execution,0.78683565,,2014-08-29,2014-08-29,2014-09-01,2019-08-30,2014-08-29,2019-08-30,,
2014-08,loss_flag_60m,0,,2014-08-29,2014-08-29,,2019-08-30,2014-08-29,2019-08-30,,
2014-08,future_max_drawdown_60m,-0.46058855,,2014-08-29,2014-08-29,,2019-08-30,2014-08-29,2019-08-30,1222,
2014-08,forward_120m_state,0.76171699,,2014-08-29,2014-08-29,,2024-08-30,2014-08-29,2024-08-30,,
2014-08,forward_120m_execution,0.74897707,,2014-08-29,2014-08-29,2014-09-01,2024-08-30,2014-08-29,2024-08-30,,
2014-08,loss_flag_120m,0,,2014-08-29,2014-08-29,,2024-08-30,2014-08-29,2024-08-30,,
2014-08,future_max_drawdown_120m,-0.46058855,,2014-08-29,2014-08-29,,2024-08-30,2014-08-29,2024-08-30,2435,
2014-09,forward_36m_state,0.65892893,,2014-09-30,2014-09-30,,2017-09-29,2014-09-30,2017-09-29,,
2014-09,forward_36m_execution,0.64059077,,2014-09-30,2014-09-30,2014-10-08,2017-09-29,2014-09-30,2017-09-29,,
2014-09,loss_flag_36m,0,,2014-09-30,2014-09-30,,2017-09-29,2014-09-30,2017-09-29,,
2014-09,future_max_drawdown_36m,-0.46058855,,2014-09-30,2014-09-30,,2017-09-29,2014-09-30,2017-09-29,734,
2014-09,forward_60m_state,0.72455673,,2014-09-30,2014-09-30,,2019-09-30,2014-09-30,2019-09-30,,
2014-09,forward_60m_execution,0.70549311,,2014-09-30,2014-09-30,2014-10-08,2019-09-30,2014-09-30,2019-09-30,,
2014-09,loss_flag_60m,0,,2014-09-30,2014-09-30,,2019-09-30,2014-09-30,2019-09-30,,
2014-09,future_max_drawdown_60m,-0.46058855,,2014-09-30,2014-09-30,,2019-09-30,2014-09-30,2019-09-30,1221,
2014-09,forward_120m_state,1.03462134,,2014-09-30,2014-09-30,,2024-09-30,2014-09-30,2024-09-30,,
2014-09,forward_120m_execution,1.01213020,,2014-09-30,2014-09-30,2014-10-08,2024-09-30,2014-09-30,2024-09-30,,
2014-09,loss_flag_120m,0,,2014-09-30,2014-09-30,,2024-09-30,2014-09-30,2024-09-30,,
2014-09,future_max_drawdown_120m,-0.46058855,,2014-09-30,2014-09-30,,2024-09-30,2014-09-30,2024-09-30,2433,
2014-10,forward_36m_state,0.69300533,,2014-10-31,2014-10-31,,2017-10-31,2014-10-31,2017-10-31,,
2014-10,forward_36m_execution,0.69016086,,2014-10-31,2014-10-31,2014-11-03,2017-10-31,2014-10-31,2017-10-31,,
2014-10,loss_flag_36m,0,,2014-10-31,2014-10-31,,2017-10-31,2014-10-31,2017-10-31,,
2014-10,future_max_drawdown_36m,-0.46058855,,2014-10-31,2014-10-31,,2017-10-31,2014-10-31,2017-10-31,733,
2014-10,forward_60m_state,0.71726626,,2014-10-31,2014-10-31,,2019-10-31,2014-10-31,2019-10-31,,
2014-10,forward_60m_execution,0.71438103,,2014-10-31,2014-10-31,2014-11-03,2019-10-31,2014-10-31,2019-10-31,,
2014-10,loss_flag_60m,0,,2014-10-31,2014-10-31,,2019-10-31,2014-10-31,2019-10-31,,
2014-10,future_max_drawdown_60m,-0.46058855,,2014-10-31,2014-10-31,,2019-10-31,2014-10-31,2019-10-31,1221,
2014-10,forward_120m_state,0.92812793,,2014-10-31,2014-10-31,,2024-10-31,2014-10-31,2024-10-31,,
2014-10,forward_120m_execution,0.92488842,,2014-10-31,2014-10-31,2014-11-03,2024-10-31,2014-10-31,2024-10-31,,
2014-10,loss_flag_120m,0,,2014-10-31,2014-10-31,,2024-10-31,2014-10-31,2024-10-31,,
2014-10,future_max_drawdown_120m,-0.46058855,,2014-10-31,2014-10-31,,2024-10-31,2014-10-31,2024-10-31,2433,
2014-11,forward_36m_state,0.51155240,,2014-11-28,2014-11-28,,2017-11-30,2014-11-28,2017-11-30,,
2014-11,forward_36m_execution,0.50565819,,2014-11-28,2014-11-28,2014-12-01,2017-11-30,2014-11-28,2017-11-30,,
2014-11,loss_flag_36m,0,,2014-11-28,2014-11-28,,2017-11-30,2014-11-28,2017-11-30,,
2014-11,future_max_drawdown_36m,-0.46058855,,2014-11-28,2014-11-28,,2017-11-30,2014-11-28,2017-11-30,735,
2014-11,forward_60m_state,0.51064948,,2014-11-28,2014-11-28,,2019-11-29,2014-11-28,2019-11-29,,
2014-11,forward_60m_execution,0.50475880,,2014-11-28,2014-11-28,2014-12-01,2019-11-29,2014-11-28,2019-11-29,,
2014-11,loss_flag_60m,0,,2014-11-28,2014-11-28,,2019-11-29,2014-11-28,2019-11-29,,
2014-11,future_max_drawdown_60m,-0.46058855,,2014-11-28,2014-11-28,,2019-11-29,2014-11-28,2019-11-29,1222,
2014-11,forward_120m_state,0.73464731,,2014-11-28,2014-11-28,,2024-11-29,2014-11-28,2024-11-29,,
2014-11,forward_120m_execution,0.72788315,,2014-11-28,2014-11-28,2014-12-01,2024-11-29,2014-11-28,2024-11-29,,
2014-11,loss_flag_120m,0,,2014-11-28,2014-11-28,,2024-11-29,2014-11-28,2024-11-29,,
2014-11,future_max_drawdown_120m,-0.46058855,,2014-11-28,2014-11-28,,2024-11-29,2014-11-28,2024-11-29,2434,
2014-12,forward_36m_state,0.20883204,,2014-12-31,2014-12-31,,2017-12-29,2014-12-31,2017-12-29,,
2014-12,forward_36m_execution,0.17303404,,2014-12-31,2014-12-31,2015-01-05,2017-12-29,2014-12-31,2017-12-29,,
2014-12,loss_flag_36m,0,,2014-12-31,2014-12-31,,2017-12-29,2014-12-31,2017-12-29,,
2014-12,future_max_drawdown_36m,-0.46058855,,2014-12-31,2014-12-31,,2017-12-29,2014-12-31,2017-12-29,733,
2014-12,forward_60m_state,0.28482705,,2014-12-31,2014-12-31,,2019-12-31,2014-12-31,2019-12-31,,
2014-12,forward_60m_execution,0.24677855,,2014-12-31,2014-12-31,2015-01-05,2019-12-31,2014-12-31,2019-12-31,,
2014-12,loss_flag_60m,0,,2014-12-31,2014-12-31,,2019-12-31,2014-12-31,2019-12-31,,
2014-12,future_max_drawdown_60m,-0.46058855,,2014-12-31,2014-12-31,,2019-12-31,2014-12-31,2019-12-31,1221,
2014-12,forward_120m_state,0.38679027,,2014-12-31,2014-12-31,,2024-12-31,2014-12-31,2024-12-31,,
2014-12,forward_120m_execution,0.34572227,,2014-12-31,2014-12-31,2015-01-05,2024-12-31,2014-12-31,2024-12-31,,
2014-12,loss_flag_120m,0,,2014-12-31,2014-12-31,,2024-12-31,2014-12-31,2024-12-31,,
2014-12,future_max_drawdown_120m,-0.46058855,,2014-12-31,2014-12-31,,2024-12-31,2014-12-31,2024-12-31,2433,
2015-01,forward_36m_state,0.31931940,,2015-01-30,2015-01-30,,2018-01-31,2015-01-30,2018-01-31,,
2015-01,forward_36m_execution,0.35095736,,2015-01-30,2015-01-30,2015-02-02,2018-01-31,2015-01-30,2018-01-31,,
2015-01,loss_flag_36m,0,,2015-01-30,2015-01-30,,2018-01-31,2015-01-30,2018-01-31,,
2015-01,future_max_drawdown_36m,-0.46058855,,2015-01-30,2015-01-30,,2018-01-31,2015-01-30,2018-01-31,735,
2015-01,forward_60m_state,0.29178202,,2015-01-30,2015-01-30,,2020-01-23,2015-01-30,2020-01-23,,
2015-01,forward_60m_execution,0.32275961,,2015-01-30,2015-01-30,2015-02-02,2020-01-23,2015-01-30,2020-01-23,,
2015-01,loss_flag_60m,0,,2015-01-30,2015-01-30,,2020-01-23,2015-01-30,2020-01-23,,
2015-01,future_max_drawdown_60m,-0.46058855,,2015-01-30,2015-01-30,,2020-01-23,2015-01-30,2020-01-23,1217,
2015-01,forward_120m_state,0.38691393,,2015-01-30,2015-01-30,,2025-01-27,2015-01-30,2025-01-27,,
2015-01,forward_120m_execution,0.42017283,,2015-01-30,2015-01-30,2015-02-02,2025-01-27,2015-01-30,2025-01-27,,
2015-01,loss_flag_120m,0,,2015-01-30,2015-01-30,,2025-01-27,2015-01-30,2025-01-27,,
2015-01,future_max_drawdown_120m,-0.46058855,,2015-01-30,2015-01-30,,2025-01-27,2015-01-30,2025-01-27,2431,
2015-02,forward_36m_state,0.19338242,,2015-02-27,2015-02-27,,2018-02-28,2015-02-27,2018-02-28,,
2015-02,forward_36m_execution,0.18396206,,2015-02-27,2015-02-27,2015-03-02,2018-02-28,2015-02-27,2018-02-28,,
2015-02,loss_flag_36m,0,,2015-02-27,2015-02-27,,2018-02-28,2015-02-27,2018-02-28,,
2015-02,future_max_drawdown_36m,-0.46058855,,2015-02-27,2015-02-27,,2018-02-28,2015-02-27,2018-02-28,735,
2015-02,forward_60m_state,0.22192330,,2015-02-27,2015-02-27,,2020-02-28,2015-02-27,2020-02-28,,
2015-02,forward_60m_execution,0.21227764,,2015-02-27,2015-02-27,2015-03-02,2020-02-28,2015-02-27,2020-02-28,,
2015-02,loss_flag_60m,0,,2015-02-27,2015-02-27,,2020-02-28,2015-02-27,2020-02-28,,
2015-02,future_max_drawdown_60m,-0.46058855,,2015-02-27,2015-02-27,,2020-02-28,2015-02-27,2020-02-28,1222,
2015-02,forward_120m_state,0.35865656,,2015-02-27,2015-02-27,,2025-02-28,2015-02-27,2025-02-28,,
2015-02,forward_120m_execution,0.34793154,,2015-02-27,2015-02-27,2015-03-02,2025-02-28,2015-02-27,2025-02-28,,
2015-02,loss_flag_120m,0,,2015-02-27,2015-02-27,,2025-02-28,2015-02-27,2025-02-28,,
2015-02,future_max_drawdown_120m,-0.46058855,,2015-02-27,2015-02-27,,2025-02-28,2015-02-27,2025-02-28,2434,
2015-03,forward_36m_state,0.01975254,,2015-03-31,2015-03-31,,2018-03-30,2015-03-31,2018-03-30,,
2015-03,forward_36m_execution,0.00177916,,2015-03-31,2015-03-31,2015-04-01,2018-03-30,2015-03-31,2018-03-30,,
2015-03,loss_flag_36m,0,,2015-03-31,2015-03-31,,2018-03-30,2015-03-31,2018-03-30,,
2015-03,future_max_drawdown_36m,-0.46058855,,2015-03-31,2015-03-31,,2018-03-30,2015-03-31,2018-03-30,735,
2015-03,forward_60m_state,0.00819593,,2015-03-31,2015-03-31,,2020-03-31,2015-03-31,2020-03-31,,
2015-03,forward_60m_execution,-0.00957376,,2015-03-31,2015-03-31,2015-04-01,2020-03-31,2015-03-31,2020-03-31,,
2015-03,loss_flag_60m,0,,2015-03-31,2015-03-31,,2020-03-31,2015-03-31,2020-03-31,,
2015-03,future_max_drawdown_60m,-0.46058855,,2015-03-31,2015-03-31,,2020-03-31,2015-03-31,2020-03-31,1222,
2015-03,forward_120m_state,0.19741820,,2015-03-31,2015-03-31,,2025-03-31,2015-03-31,2025-03-31,,
2015-03,forward_120m_execution,0.17631342,,2015-03-31,2015-03-31,2015-04-01,2025-03-31,2015-03-31,2025-03-31,,
2015-03,loss_flag_120m,0,,2015-03-31,2015-03-31,,2025-03-31,2015-03-31,2025-03-31,,
2015-03,future_max_drawdown_120m,-0.46058855,,2015-03-31,2015-03-31,,2025-03-31,2015-03-31,2025-03-31,2433,
2015-04,forward_36m_state,-0.16238145,,2015-04-30,2015-04-30,,2018-04-27,2015-04-30,2018-04-27,,
2015-04,forward_36m_execution,-0.16903718,,2015-04-30,2015-04-30,2015-05-04,2018-04-27,2015-04-30,2018-04-27,,
2015-04,loss_flag_36m,1,,2015-04-30,2015-04-30,,2018-04-27,2015-04-30,2018-04-27,,
2015-04,future_max_drawdown_36m,-0.46058855,,2015-04-30,2015-04-30,,2018-04-27,2015-04-30,2018-04-27,732,
2015-04,forward_60m_state,-0.08778111,,2015-04-30,2015-04-30,,2020-04-30,2015-04-30,2020-04-30,,
2015-04,forward_60m_execution,-0.09502962,,2015-04-30,2015-04-30,2015-05-04,2020-04-30,2015-04-30,2020-04-30,,
2015-04,loss_flag_60m,1,,2015-04-30,2015-04-30,,2020-04-30,2015-04-30,2020-04-30,,
2015-04,future_max_drawdown_60m,-0.46058855,,2015-04-30,2015-04-30,,2020-04-30,2015-04-30,2020-04-30,1222,
2015-04,forward_120m_state,-0.00869464,,2015-04-30,2015-04-30,,2025-04-30,2015-04-30,2025-04-30,,
2015-04,forward_120m_execution,-0.01657156,,2015-04-30,2015-04-30,2015-05-04,2025-04-30,2015-04-30,2025-04-30,,
2015-04,loss_flag_120m,1,,2015-04-30,2015-04-30,,2025-04-30,2015-04-30,2025-04-30,,
2015-04,future_max_drawdown_120m,-0.46058855,,2015-04-30,2015-04-30,,2025-04-30,2015-04-30,2025-04-30,2433,
2015-05,forward_36m_state,-0.16751449,,2015-05-29,2015-05-29,,2018-05-31,2015-05-29,2018-05-31,,
2015-05,forward_36m_execution,-0.20614050,,2015-05-29,2015-05-29,2015-06-01,2018-05-31,2015-05-29,2018-05-31,,
2015-05,loss_flag_36m,1,,2015-05-29,2015-05-29,,2018-05-31,2015-05-29,2018-05-31,,
2015-05,future_max_drawdown_36m,-0.46058855,,2015-05-29,2015-05-29,,2018-05-31,2015-05-29,2018-05-31,734,
2015-05,forward_60m_state,-0.11419564,,2015-05-29,2015-05-29,,2020-05-29,2015-05-29,2020-05-29,,
2015-05,forward_60m_execution,-0.15529556,,2015-05-29,2015-05-29,2015-06-01,2020-05-29,2015-05-29,2020-05-29,,
2015-05,loss_flag_60m,1,,2015-05-29,2015-05-29,,2020-05-29,2015-05-29,2020-05-29,,
2015-05,future_max_drawdown_60m,-0.46058855,,2015-05-29,2015-05-29,,2020-05-29,2015-05-29,2020-05-29,1220,
2015-05,forward_120m_state,-0.00936511,,2015-05-29,2015-05-29,,2025-05-30,2015-05-29,2025-05-30,,
2015-05,forward_120m_execution,-0.05532900,,2015-05-29,2015-05-29,2015-06-01,2025-05-30,2015-05-29,2025-05-30,,
2015-05,loss_flag_120m,1,,2015-05-29,2015-05-29,,2025-05-30,2015-05-29,2025-05-30,,
2015-05,future_max_drawdown_120m,-0.46058855,,2015-05-29,2015-05-29,,2025-05-30,2015-05-29,2025-05-30,2432,
2015-06,forward_36m_state,-0.16532643,,2015-06-30,2015-06-30,,2018-06-29,2015-06-30,2018-06-29,,
2015-06,forward_36m_execution,-0.12237282,,2015-06-30,2015-06-30,2015-07-01,2018-06-29,2015-06-30,2018-06-29,,
2015-06,loss_flag_36m,1,,2015-06-30,2015-06-30,,2018-06-29,2015-06-30,2018-06-29,,
2015-06,future_max_drawdown_36m,-0.35637614,,2015-06-30,2015-06-30,,2018-06-29,2015-06-30,2018-06-29,734,
2015-06,forward_60m_state,0.03584979,,2015-06-30,2015-06-30,,2020-06-30,2015-06-30,2020-06-30,,
2015-06,forward_60m_execution,0.08915624,,2015-06-30,2015-06-30,2015-07-01,2020-06-30,2015-06-30,2020-06-30,,
2015-06,loss_flag_60m,0,,2015-06-30,2015-06-30,,2020-06-30,2015-06-30,2020-06-30,,
2015-06,future_max_drawdown_60m,-0.35637614,,2015-06-30,2015-06-30,,2020-06-30,2015-06-30,2020-06-30,1219,
2015-06,forward_120m_state,0.10330202,,2015-06-30,2015-06-30,,2025-06-30,2015-06-30,2025-06-30,,
2015-06,forward_120m_execution,0.16007966,,2015-06-30,2015-06-30,2015-07-01,2025-06-30,2015-06-30,2025-06-30,,
2015-06,loss_flag_120m,0,,2015-06-30,2015-06-30,,2025-06-30,2015-06-30,2025-06-30,,
2015-06,future_max_drawdown_120m,-0.41561007,,2015-06-30,2015-06-30,,2025-06-30,2015-06-30,2025-06-30,2431,
2015-07,forward_36m_state,-0.01901438,,2015-07-31,2015-07-31,,2018-07-31,2015-07-31,2018-07-31,,
2015-07,forward_36m_execution,-0.02222456,,2015-07-31,2015-07-31,2015-08-03,2018-07-31,2015-07-31,2018-07-31,,
2015-07,loss_flag_36m,1,,2015-07-31,2015-07-31,,2018-07-31,2015-07-31,2018-07-31,,
2015-07,future_max_drawdown_36m,-0.30034324,,2015-07-31,2015-07-31,,2018-07-31,2015-07-31,2018-07-31,733,
2015-07,forward_60m_state,0.36862503,,2015-07-31,2015-07-31,,2020-07-31,2015-07-31,2020-07-31,,
2015-07,forward_60m_execution,0.36414635,,2015-07-31,2015-07-31,2015-08-03,2020-07-31,2015-07-31,2020-07-31,,
2015-07,loss_flag_60m,0,,2015-07-31,2015-07-31,,2020-07-31,2015-07-31,2020-07-31,,
2015-07,future_max_drawdown_60m,-0.30949612,,2015-07-31,2015-07-31,,2020-07-31,2015-07-31,2020-07-31,1219,
2015-07,forward_120m_state,0.33847086,,2015-07-31,2015-07-31,,2025-07-31,2015-07-31,2025-07-31,,
2015-07,forward_120m_execution,0.33409085,,2015-07-31,2015-07-31,2015-08-03,2025-07-31,2015-07-31,2025-07-31,,
2015-07,loss_flag_120m,0,,2015-07-31,2015-07-31,,2025-07-31,2015-07-31,2025-07-31,,
2015-07,future_max_drawdown_120m,-0.41561007,,2015-07-31,2015-07-31,,2025-07-31,2015-07-31,2025-07-31,2431,
2015-08,forward_36m_state,0.05619646,,2015-08-31,2015-08-31,,2018-08-31,2015-08-31,2018-08-31,,
2015-08,forward_36m_execution,0.05759482,,2015-08-31,2015-08-31,2015-09-01,2018-08-31,2015-08-31,2018-08-31,,
2015-08,loss_flag_36m,0,,2015-08-31,2015-08-31,,2018-08-31,2015-08-31,2018-08-31,,
2015-08,future_max_drawdown_36m,-0.26385399,,2015-08-31,2015-08-31,,2018-08-31,2015-08-31,2018-08-31,735,
2015-08,forward_60m_state,0.59337217,,2015-08-31,2015-08-31,,2020-08-31,2015-08-31,2020-08-31,,
2015-08,forward_60m_execution,0.59548173,,2015-08-31,2015-08-31,2015-09-01,2020-08-31,2015-08-31,2020-08-31,,
2015-08,loss_flag_60m,0,,2015-08-31,2015-08-31,,2020-08-31,2015-08-31,2020-08-31,,
2015-08,future_max_drawdown_60m,-0.30949612,,2015-08-31,2015-08-31,,2020-08-31,2015-08-31,2020-08-31,1219,
2015-08,forward_120m_state,0.67606622,,2015-08-31,2015-08-31,,2025-08-29,2015-08-31,2025-08-29,,
2015-08,forward_120m_execution,0.67828527,,2015-08-31,2015-08-31,2015-09-01,2025-08-29,2015-08-31,2025-08-29,,
2015-08,loss_flag_120m,0,,2015-08-31,2015-08-31,,2025-08-29,2015-08-31,2025-08-29,,
2015-08,future_max_drawdown_120m,-0.41561007,,2015-08-31,2015-08-31,,2025-08-29,2015-08-31,2025-08-29,2431,
2015-09,forward_36m_state,0.14535766,,2015-09-30,2015-09-30,,2018-09-28,2015-09-30,2018-09-28,,
2015-09,forward_36m_execution,0.11286178,,2015-09-30,2015-09-30,2015-10-08,2018-09-28,2015-09-30,2018-09-28,,
2015-09,loss_flag_36m,0,,2015-09-30,2015-09-30,,2018-09-28,2015-09-30,2018-09-28,,
2015-09,future_max_drawdown_36m,-0.26385399,,2015-09-30,2015-09-30,,2018-09-28,2015-09-30,2018-09-28,734,
2015-09,forward_60m_state,0.59528287,,2015-09-30,2015-09-30,,2020-09-30,2015-09-30,2020-09-30,,
2015-09,forward_60m_execution,0.55002180,,2015-09-30,2015-09-30,2015-10-08,2020-09-30,2015-09-30,2020-09-30,,
2015-09,loss_flag_60m,0,,2015-09-30,2015-09-30,,2020-09-30,2015-09-30,2020-09-30,,
2015-09,future_max_drawdown_60m,-0.30949612,,2015-09-30,2015-09-30,,2020-09-30,2015-09-30,2020-09-30,1221,
2015-09,forward_120m_state,0.81942144,,2015-09-30,2015-09-30,,2025-09-30,2015-09-30,2025-09-30,,
2015-09,forward_120m_execution,0.76780116,,2015-09-30,2015-09-30,2015-10-08,2025-09-30,2015-09-30,2025-09-30,,
2015-09,loss_flag_120m,0,,2015-09-30,2015-09-30,,2025-09-30,2015-09-30,2025-09-30,,
2015-09,future_max_drawdown_120m,-0.41561007,,2015-09-30,2015-09-30,,2025-09-30,2015-09-30,2025-09-30,2433,
2015-10,forward_36m_state,-0.04789002,,2015-10-30,2015-10-30,,2018-10-31,2015-10-30,2018-10-31,,
2015-10,forward_36m_execution,-0.03197157,,2015-10-30,2015-10-30,2015-11-02,2018-10-31,2015-10-30,2018-10-31,,
2015-10,loss_flag_36m,1,,2015-10-30,2015-10-30,,2018-10-31,2015-10-30,2018-10-31,,
2015-10,future_max_drawdown_36m,-0.29131858,,2015-10-30,2015-10-30,,2018-10-31,2015-10-30,2018-10-31,735,
2015-10,forward_60m_state,0.47990464,,2015-10-30,2015-10-30,,2020-10-30,2015-10-30,2020-10-30,,
2015-10,forward_60m_execution,0.50464735,,2015-10-30,2015-10-30,2015-11-02,2020-10-30,2015-10-30,2020-10-30,,
2015-10,loss_flag_60m,0,,2015-10-30,2015-10-30,,2020-10-30,2015-10-30,2020-10-30,,
2015-10,future_max_drawdown_60m,-0.30949612,,2015-10-30,2015-10-30,,2020-10-30,2015-10-30,2020-10-30,1220,
2015-10,forward_120m_state,0.65178444,,2015-10-30,2015-10-30,,2025-10-31,2015-10-30,2025-10-31,,
2015-10,forward_120m_execution,0.67940083,,2015-10-30,2015-10-30,2015-11-02,2025-10-31,2015-10-30,2025-10-31,,
2015-10,loss_flag_120m,0,,2015-10-30,2015-10-30,,2025-10-31,2015-10-30,2025-10-31,,
2015-10,future_max_drawdown_120m,-0.41561007,,2015-10-30,2015-10-30,,2025-10-31,2015-10-30,2025-10-31,2433,
2015-11,forward_36m_state,-0.05080982,,2015-11-30,2015-11-30,,2018-11-30,2015-11-30,2018-11-30,,
2015-11,forward_36m_execution,-0.05749185,,2015-11-30,2015-11-30,2015-12-01,2018-11-30,2015-11-30,2018-11-30,,
2015-11,loss_flag_36m,1,,2015-11-30,2015-11-30,,2018-11-30,2015-11-30,2018-11-30,,
2015-11,future_max_drawdown_36m,-0.29131858,,2015-11-30,2015-11-30,,2018-11-30,2015-11-30,2018-11-30,736,
2015-11,forward_60m_state,0.55001955,,2015-11-30,2015-11-30,,2020-11-30,2015-11-30,2020-11-30,,
2015-11,forward_60m_execution,0.53910784,,2015-11-30,2015-11-30,2015-12-01,2020-11-30,2015-11-30,2020-11-30,,
2015-11,loss_flag_60m,0,,2015-11-30,2015-11-30,,2020-11-30,2015-11-30,2020-11-30,,
2015-11,future_max_drawdown_60m,-0.30949612,,2015-11-30,2015-11-30,,2020-11-30,2015-11-30,2020-11-30,1220,
2015-11,forward_120m_state,0.59784337,,2015-11-30,2015-11-30,,2025-11-28,2015-11-30,2025-11-28,,
2015-11,forward_120m_execution,0.58659500,,2015-11-30,2015-11-30,2015-12-01,2025-11-28,2015-11-30,2025-11-28,,
2015-11,loss_flag_120m,0,,2015-11-30,2015-11-30,,2025-11-28,2015-11-30,2025-11-28,,
2015-11,future_max_drawdown_120m,-0.41561007,,2015-11-30,2015-11-30,,2025-11-28,2015-11-30,2025-11-28,2432,
2015-12,forward_36m_state,-0.13903458,,2015-12-31,2015-12-31,,2018-12-28,2015-12-31,2018-12-28,,
2015-12,forward_36m_execution,-0.07402550,,2015-12-31,2015-12-31,2016-01-04,2018-12-28,2015-12-31,2018-12-28,,
2015-12,loss_flag_36m,1,,2015-12-31,2015-12-31,,2018-12-28,2015-12-31,2018-12-28,,
2015-12,future_max_drawdown_36m,-0.30353152,,2015-12-31,2015-12-31,,2018-12-28,2015-12-31,2018-12-28,733,
2015-12,forward_60m_state,0.55655780,,2015-12-31,2015-12-31,,2020-12-31,2015-12-31,2020-12-31,,
2015-12,forward_60m_execution,0.67408910,,2015-12-31,2015-12-31,2016-01-04,2020-12-31,2015-12-31,2020-12-31,,
2015-12,loss_flag_60m,0,,2015-12-31,2015-12-31,,2020-12-31,2015-12-31,2020-12-31,,
2015-12,future_max_drawdown_60m,-0.30949612,,2015-12-31,2015-12-31,,2020-12-31,2015-12-31,2020-12-31,1220,
2015-12,forward_120m_state,0.56486278,,2015-12-31,2015-12-31,,2025-12-31,2015-12-31,2025-12-31,,
2015-12,forward_120m_execution,0.68302118,,2015-12-31,2015-12-31,2016-01-04,2025-12-31,2015-12-31,2025-12-31,,
2015-12,loss_flag_120m,0,,2015-12-31,2015-12-31,,2025-12-31,2015-12-31,2025-12-31,,
2015-12,future_max_drawdown_120m,-0.41561007,,2015-12-31,2015-12-31,,2025-12-31,2015-12-31,2025-12-31,2432,
2016-01,forward_36m_state,0.15948815,,2016-01-29,2016-01-29,,2019-01-31,2016-01-29,2019-01-31,,
2016-01,forward_36m_execution,0.17749182,,2016-01-29,2016-01-29,2016-02-01,2019-01-31,2016-01-29,2019-01-31,,
2016-01,loss_flag_36m,0,,2016-01-29,2016-01-29,,2019-01-31,2016-01-29,2019-01-31,,
2016-01,future_max_drawdown_36m,-0.30949612,,2016-01-29,2016-01-29,,2019-01-31,2016-01-29,2019-01-31,735,
2016-01,forward_60m_state,1.02442834,,2016-01-29,2016-01-29,,2021-01-29,2016-01-29,2021-01-29,,
2016-01,forward_60m_execution,1.05586215,,2016-01-29,2016-01-29,2016-02-01,2021-01-29,2016-01-29,2021-01-29,,
2016-01,loss_flag_60m,0,,2016-01-29,2016-01-29,,2021-01-29,2016-01-29,2021-01-29,,
2016-01,future_max_drawdown_60m,-0.30949612,,2016-01-29,2016-01-29,,2021-01-29,2016-01-29,2021-01-29,1220,
2016-01,forward_120m_state,1.01682841,,2016-01-29,2016-01-29,,2026-01-30,2016-01-29,2026-01-30,,
2016-01,forward_120m_execution,1.04814422,,2016-01-29,2016-01-29,2016-02-01,2026-01-30,2016-01-29,2026-01-30,,
2016-01,loss_flag_120m,0,,2016-01-29,2016-01-29,,2026-01-30,2016-01-29,2026-01-30,,
2016-01,future_max_drawdown_120m,-0.41561007,,2016-01-29,2016-01-29,,2026-01-30,2016-01-29,2026-01-30,2432,
2016-02,forward_36m_state,0.36056611,,2016-02-29,2016-02-29,,2019-02-28,2016-02-29,2019-02-28,,
2016-02,forward_36m_execution,0.33585301,,2016-02-29,2016-02-29,2016-03-01,2019-02-28,2016-02-29,2019-02-28,,
2016-02,loss_flag_36m,0,,2016-02-29,2016-02-29,,2019-02-28,2016-02-29,2019-02-28,,
2016-02,future_max_drawdown_36m,-0.30949612,,2016-02-29,2016-02-29,,2019-02-28,2016-02-29,2019-02-28,734,
2016-02,forward_60m_state,1.06626791,,2016-02-29,2016-02-29,,2021-02-26,2016-02-29,2021-02-26,,
2016-02,forward_60m_execution,1.02873655,,2016-02-29,2016-02-29,2016-03-01,2021-02-26,2016-02-29,2021-02-26,,
2016-02,loss_flag_60m,0,,2016-02-29,2016-02-29,,2021-02-26,2016-02-29,2021-02-26,,
2016-02,future_max_drawdown_60m,-0.30949612,,2016-02-29,2016-02-29,,2021-02-26,2016-02-29,2021-02-26,1219,
2016-02,forward_120m_state,1.06782194,,2016-02-29,2016-02-29,,2026-02-27,2016-02-29,2026-02-27,,
2016-02,forward_120m_execution,1.03026236,,2016-02-29,2016-02-29,2016-03-01,2026-02-27,2016-02-29,2026-02-27,,
2016-02,loss_flag_120m,0,,2016-02-29,2016-02-29,,2026-02-27,2016-02-29,2026-02-27,,
2016-02,future_max_drawdown_120m,-0.41561007,,2016-02-29,2016-02-29,,2026-02-27,2016-02-29,2026-02-27,2430,
2016-03,forward_36m_state,0.28391634,,2016-03-31,2016-03-31,,2019-03-29,2016-03-31,2019-03-29,,
2016-03,forward_36m_execution,0.28237292,,2016-03-31,2016-03-31,2016-04-01,2019-03-29,2016-03-31,2019-03-29,,
2016-03,loss_flag_36m,0,,2016-03-31,2016-03-31,,2019-03-29,2016-03-31,2019-03-29,,
2016-03,future_max_drawdown_36m,-0.30949612,,2016-03-31,2016-03-31,,2019-03-29,2016-03-31,2019-03-29,732,
2016-03,forward_60m_state,0.74777221,,2016-03-31,2016-03-31,,2021-03-31,2016-03-31,2021-03-31,,
2016-03,forward_60m_execution,0.74567118,,2016-03-31,2016-03-31,2016-04-01,2021-03-31,2016-03-31,2021-03-31,,
2016-03,loss_flag_60m,0,,2016-03-31,2016-03-31,,2021-03-31,2016-03-31,2021-03-31,,
2016-03,future_max_drawdown_60m,-0.30949612,,2016-03-31,2016-03-31,,2021-03-31,2016-03-31,2021-03-31,1219,
2016-03,forward_120m_state,0.74666695,,2016-03-31,2016-03-31,,2026-03-31,2016-03-31,2026-03-31,,
2016-03,forward_120m_execution,0.74456725,,2016-03-31,2016-03-31,2016-04-01,2026-03-31,2016-03-31,2026-03-31,,
2016-03,loss_flag_120m,0,,2016-03-31,2016-03-31,,2026-03-31,2016-03-31,2026-03-31,,
2016-03,future_max_drawdown_120m,-0.41561007,,2016-03-31,2016-03-31,,2026-03-31,2016-03-31,2026-03-31,2429,
2016-04,forward_36m_state,0.32255323,,2016-04-29,2016-04-29,,2019-04-30,2016-04-29,2019-04-30,,
2016-04,forward_36m_execution,0.29913030,,2016-04-29,2016-04-29,2016-05-03,2019-04-30,2016-04-29,2019-04-30,,
2016-04,loss_flag_36m,0,,2016-04-29,2016-04-29,,2019-04-30,2016-04-29,2019-04-30,,
2016-04,future_max_drawdown_36m,-0.30949612,,2016-04-29,2016-04-29,,2019-04-30,2016-04-29,2019-04-30,733,
2016-04,forward_60m_state,0.80885705,,2016-04-29,2016-04-29,,2021-04-30,2016-04-29,2021-04-30,,
2016-04,forward_60m_execution,0.77682149,,2016-04-29,2016-04-29,2016-05-03,2021-04-30,2016-04-29,2021-04-30,,
2016-04,loss_flag_60m,0,,2016-04-29,2016-04-29,,2021-04-30,2016-04-29,2021-04-30,,
2016-04,future_max_drawdown_60m,-0.30949612,,2016-04-29,2016-04-29,,2021-04-30,2016-04-29,2021-04-30,1220,
2016-04,forward_120m_state,0.92447881,,2016-04-29,2016-04-29,,2026-04-30,2016-04-29,2026-04-30,,
2016-04,forward_120m_execution,0.89039555,,2016-04-29,2016-04-29,2016-05-03,2026-04-30,2016-04-29,2026-04-30,,
2016-04,loss_flag_120m,0,,2016-04-29,2016-04-29,,2026-04-30,2016-04-29,2026-04-30,,
2016-04,future_max_drawdown_120m,-0.41561007,,2016-04-29,2016-04-29,,2026-04-30,2016-04-29,2026-04-30,2430,
2016-05,forward_36m_state,0.22396427,,2016-05-31,2016-05-31,,2019-05-31,2016-05-31,2019-05-31,,
2016-05,forward_36m_execution,0.22744465,,2016-05-31,2016-05-31,2016-06-01,2019-05-31,2016-05-31,2019-05-31,,
2016-05,loss_flag_36m,0,,2016-05-31,2016-05-31,,2019-05-31,2016-05-31,2019-05-31,,
2016-05,future_max_drawdown_36m,-0.30949612,,2016-05-31,2016-05-31,,2019-05-31,2016-05-31,2019-05-31,732,
2016-05,forward_60m_state,0.87285322,,2016-05-31,2016-05-31,,2021-05-31,2016-05-31,2021-05-31,,
2016-05,forward_60m_execution,0.87817874,,2016-05-31,2016-05-31,2016-06-01,2021-05-31,2016-05-31,2021-05-31,,
2016-05,loss_flag_60m,0,,2016-05-31,2016-05-31,,2021-05-31,2016-05-31,2021-05-31,,
2016-05,future_max_drawdown_60m,-0.30949612,,2016-05-31,2016-05-31,,2021-05-31,2016-05-31,2021-05-31,1217,
2016-05,forward_120m_state,0.94977402,,2016-05-31,2016-05-31,,2026-05-29,2016-05-31,2026-05-29,,
2016-05,forward_120m_execution,0.95531826,,2016-05-31,2016-05-31,2016-06-01,2026-05-29,2016-05-31,2026-05-29,,
2016-05,loss_flag_120m,0,,2016-05-31,2016-05-31,,2026-05-29,2016-05-31,2026-05-29,,
2016-05,future_max_drawdown_120m,-0.41561007,,2016-05-31,2016-05-31,,2026-05-29,2016-05-31,2026-05-29,2427,
2016-06,forward_36m_state,0.29612478,,2016-06-30,2016-06-30,,2019-06-28,2016-06-30,2019-06-28,,
2016-06,forward_36m_execution,0.29548798,,2016-06-30,2016-06-30,2016-07-01,2019-06-28,2016-06-30,2019-06-28,,
2016-06,loss_flag_36m,0,,2016-06-30,2016-06-30,,2019-06-28,2016-06-30,2019-06-28,,
2016-06,future_max_drawdown_36m,-0.30949612,,2016-06-30,2016-06-30,,2019-06-28,2016-06-30,2019-06-28,731,
2016-06,forward_60m_state,0.84240200,,2016-06-30,2016-06-30,,2021-06-30,2016-06-30,2021-06-30,,
2016-06,forward_60m_execution,0.84149681,,2016-06-30,2016-06-30,2016-07-01,2021-06-30,2016-06-30,2021-06-30,,
2016-06,loss_flag_60m,0,,2016-06-30,2016-06-30,,2021-06-30,2016-06-30,2021-06-30,,
2016-06,future_max_drawdown_60m,-0.30949612,,2016-06-30,2016-06-30,,2021-06-30,2016-06-30,2021-06-30,1218,
2016-06,forward_120m_state,0.99194174,,2016-06-30,2016-06-30,,2026-06-30,2016-06-30,2026-06-30,,
2016-06,forward_120m_execution,0.99096308,,2016-06-30,2016-06-30,2016-07-01,2026-06-30,2016-06-30,2026-06-30,,
2016-06,loss_flag_120m,0,,2016-06-30,2016-06-30,,2026-06-30,2016-06-30,2026-06-30,,
2016-06,future_max_drawdown_120m,-0.41561007,,2016-06-30,2016-06-30,,2026-06-30,2016-06-30,2026-06-30,2428,
2016-07,forward_36m_state,0.27647935,,2016-07-29,2016-07-29,,2019-07-31,2016-07-29,2019-07-31,,
2016-07,forward_36m_execution,0.28737702,,2016-07-29,2016-07-29,2016-08-01,2019-07-31,2016-07-29,2019-07-31,,
2016-07,loss_flag_36m,0,,2016-07-29,2016-07-29,,2019-07-31,2016-07-29,2019-07-31,,
2016-07,future_max_drawdown_36m,-0.30949612,,2016-07-29,2016-07-29,,2019-07-31,2016-07-29,2019-07-31,733,
2016-07,forward_60m_state,0.66411896,,2016-07-29,2016-07-29,,2021-07-30,2016-07-29,2021-07-30,,
2016-07,forward_60m_execution,0.67832602,,2016-07-29,2016-07-29,2016-08-01,2021-07-30,2016-07-29,2021-07-30,,
2016-07,loss_flag_60m,0,,2016-07-29,2016-07-29,,2021-07-30,2016-07-29,2021-07-30,,
2016-07,future_max_drawdown_60m,-0.30949612,,2016-07-29,2016-07-29,,2021-07-30,2016-07-29,2021-07-30,1219,
2016-07,forward_120m_state,0.79717990,,2016-07-29,2016-07-29,,2026-07-31,2016-07-29,2026-07-31,,
2016-07,forward_120m_execution,0.81252293,,2016-07-29,2016-07-29,2016-08-01,2026-07-31,2016-07-29,2026-07-31,,
2016-07,loss_flag_120m,0,,2016-07-29,2016-07-29,,2026-07-31,2016-07-29,2026-07-31,,
2016-07,future_max_drawdown_120m,-0.41561007,,2016-07-29,2016-07-29,,2026-07-31,2016-07-29,2026-07-31,2430,
2016-08,forward_36m_state,0.21809479,,2016-08-31,2016-08-31,,2019-08-30,2016-08-31,2019-08-30,,
2016-08,forward_36m_execution,0.22776974,,2016-08-31,2016-08-31,2016-09-01,2019-08-30,2016-08-31,2019-08-30,,
2016-08,loss_flag_36m,0,,2016-08-31,2016-08-31,,2019-08-30,2016-08-31,2019-08-30,,
2016-08,future_max_drawdown_36m,-0.30949612,,2016-08-31,2016-08-31,,2019-08-30,2016-08-31,2019-08-30,732,
2016-08,forward_60m_state,0.60118616,,2016-08-31,2016-08-31,,2021-08-31,2016-08-31,2021-08-31,,
2016-08,forward_60m_execution,0.61390388,,2016-08-31,2016-08-31,2016-09-01,2021-08-31,2016-08-31,2021-08-31,,
2016-08,loss_flag_60m,0,,2016-08-31,2016-08-31,,2021-08-31,2016-08-31,2021-08-31,,
2016-08,future_max_drawdown_60m,-0.30949612,,2016-08-31,2016-08-31,,2021-08-31,2016-08-31,2021-08-31,1218,
2016-08,forward_120m_state,,HORIZON_INCOMPLETE,2016-08-31,2016-08-31,,,2016-08-31,,,2026-08-25
2016-08,forward_120m_execution,,HORIZON_INCOMPLETE,2016-08-31,2016-08-31,,,2016-08-31,,,2026-08-25
2016-08,loss_flag_120m,,HORIZON_INCOMPLETE,2016-08-31,2016-08-31,,,2016-08-31,,,2026-08-25
2016-08,future_max_drawdown_120m,,HORIZON_INCOMPLETE,2016-08-31,2016-08-31,,,2016-08-31,,,2026-08-25
2016-09,forward_36m_state,0.25090422,,2016-09-30,2016-09-30,,2019-09-30,2016-09-30,2019-09-30,,
2016-09,forward_36m_execution,0.23549111,,2016-09-30,2016-09-30,2016-10-10,2019-09-30,2016-09-30,2019-09-30,,
2016-09,loss_flag_36m,0,,2016-09-30,2016-09-30,,2019-09-30,2016-09-30,2019-09-30,,
2016-09,future_max_drawdown_36m,-0.30949612,,2016-09-30,2016-09-30,,2019-09-30,2016-09-30,2019-09-30,732,
2016-09,forward_60m_state,0.65748093,,2016-09-30,2016-09-30,,2021-09-30,2016-09-30,2021-09-30,,
2016-09,forward_60m_execution,0.63705816,,2016-09-30,2016-09-30,2016-10-10,2021-09-30,2016-09-30,2021-09-30,,
2016-09,loss_flag_60m,0,,2016-09-30,2016-09-30,,2021-09-30,2016-09-30,2021-09-30,,
2016-09,future_max_drawdown_60m,-0.30949612,,2016-09-30,2016-09-30,,2021-09-30,2016-09-30,2021-09-30,1218,
2016-09,forward_120m_state,,HORIZON_INCOMPLETE,2016-09-30,2016-09-30,,,2016-09-30,,,2026-08-25
2016-09,forward_120m_execution,,HORIZON_INCOMPLETE,2016-09-30,2016-09-30,,,2016-09-30,,,2026-08-25
2016-09,loss_flag_120m,,HORIZON_INCOMPLETE,2016-09-30,2016-09-30,,,2016-09-30,,,2026-08-25
2016-09,future_max_drawdown_120m,,HORIZON_INCOMPLETE,2016-09-30,2016-09-30,,,2016-09-30,,,2026-08-25
2016-10,forward_36m_state,0.24304603,,2016-10-31,2016-10-31,,2019-10-31,2016-10-31,2019-10-31,,
2016-10,forward_36m_execution,0.23461914,,2016-10-31,2016-10-31,2016-11-01,2019-10-31,2016-10-31,2019-10-31,,
2016-10,loss_flag_36m,0,,2016-10-31,2016-10-31,,2019-10-31,2016-10-31,2019-10-31,,
2016-10,future_max_drawdown_36m,-0.30949612,,2016-10-31,2016-10-31,,2019-10-31,2016-10-31,2019-10-31,734,
2016-10,forward_60m_state,0.63156074,,2016-10-31,2016-10-31,,2021-10-29,2016-10-31,2021-10-29,,
2016-10,forward_60m_execution,0.62050001,,2016-10-31,2016-10-31,2016-11-01,2021-10-29,2016-10-31,2021-10-29,,
2016-10,loss_flag_60m,0,,2016-10-31,2016-10-31,,2021-10-29,2016-10-31,2021-10-29,,
2016-10,future_max_drawdown_60m,-0.30949612,,2016-10-31,2016-10-31,,2021-10-29,2016-10-31,2021-10-29,1218,
2016-10,forward_120m_state,,HORIZON_INCOMPLETE,2016-10-31,2016-10-31,,,2016-10-31,,,2026-08-25
2016-10,forward_120m_execution,,HORIZON_INCOMPLETE,2016-10-31,2016-10-31,,,2016-10-31,,,2026-08-25
2016-10,loss_flag_120m,,HORIZON_INCOMPLETE,2016-10-31,2016-10-31,,,2016-10-31,,,2026-08-25
2016-10,future_max_drawdown_120m,,HORIZON_INCOMPLETE,2016-10-31,2016-10-31,,,2016-10-31,,,2026-08-25
2016-11,forward_36m_state,0.15468503,,2016-11-30,2016-11-30,,2019-11-29,2016-11-30,2019-11-29,,
2016-11,forward_36m_execution,0.14592858,,2016-11-30,2016-11-30,2016-12-01,2019-11-29,2016-11-30,2019-11-29,,
2016-11,loss_flag_36m,0,,2016-11-30,2016-11-30,,2019-11-29,2016-11-30,2019-11-29,,
2016-11,future_max_drawdown_36m,-0.30949612,,2016-11-30,2016-11-30,,2019-11-29,2016-11-30,2019-11-29,733,
2016-11,forward_60m_state,0.51453821,,2016-11-30,2016-11-30,,2021-11-30,2016-11-30,2021-11-30,,
2016-11,forward_60m_execution,0.50305284,,2016-11-30,2016-11-30,2016-12-01,2021-11-30,2016-11-30,2021-11-30,,
2016-11,loss_flag_60m,0,,2016-11-30,2016-11-30,,2021-11-30,2016-11-30,2021-11-30,,
2016-11,future_max_drawdown_60m,-0.30949612,,2016-11-30,2016-11-30,,2021-11-30,2016-11-30,2021-11-30,1218,
2016-11,forward_120m_state,,HORIZON_INCOMPLETE,2016-11-30,2016-11-30,,,2016-11-30,,,2026-08-25
2016-11,forward_120m_execution,,HORIZON_INCOMPLETE,2016-11-30,2016-11-30,,,2016-11-30,,,2026-08-25
2016-11,loss_flag_120m,,HORIZON_INCOMPLETE,2016-11-30,2016-11-30,,,2016-11-30,,,2026-08-25
2016-11,future_max_drawdown_120m,,HORIZON_INCOMPLETE,2016-11-30,2016-11-30,,,2016-11-30,,,2026-08-25
2016-12,forward_36m_state,0.32062407,,2016-12-30,2016-12-30,,2019-12-31,2016-12-30,2019-12-31,,
2016-12,forward_36m_execution,0.30792325,,2016-12-30,2016-12-30,2017-01-03,2019-12-31,2016-12-30,2019-12-31,,
2016-12,loss_flag_36m,0,,2016-12-30,2016-12-30,,2019-12-31,2016-12-30,2019-12-31,,
2016-12,future_max_drawdown_36m,-0.30949612,,2016-12-30,2016-12-30,,2019-12-31,2016-12-30,2019-12-31,733,
2016-12,forward_60m_state,0.65505630,,2016-12-30,2016-12-30,,2021-12-31,2016-12-30,2021-12-31,,
2016-12,forward_60m_execution,0.63913915,,2016-12-30,2016-12-30,2017-01-03,2021-12-31,2016-12-30,2021-12-31,,
2016-12,loss_flag_60m,0,,2016-12-30,2016-12-30,,2021-12-31,2016-12-30,2021-12-31,,
2016-12,future_max_drawdown_60m,-0.30949612,,2016-12-30,2016-12-30,,2021-12-31,2016-12-30,2021-12-31,1219,
2016-12,forward_120m_state,,HORIZON_INCOMPLETE,2016-12-30,2016-12-30,,,2016-12-30,,,2026-08-25
2016-12,forward_120m_execution,,HORIZON_INCOMPLETE,2016-12-30,2016-12-30,,,2016-12-30,,,2026-08-25
2016-12,loss_flag_120m,,HORIZON_INCOMPLETE,2016-12-30,2016-12-30,,,2016-12-30,,,2026-08-25
2016-12,future_max_drawdown_120m,,HORIZON_INCOMPLETE,2016-12-30,2016-12-30,,,2016-12-30,,,2026-08-25
2017-01,forward_36m_state,0.26107259,,2017-01-26,2017-01-26,,2020-01-23,2017-01-26,2020-01-23,,
2017-01,forward_36m_execution,0.26987027,,2017-01-26,2017-01-26,2017-02-03,2020-01-23,2017-01-26,2020-01-23,,
2017-01,loss_flag_36m,0,,2017-01-26,2017-01-26,,2020-01-23,2017-01-26,2020-01-23,,
2017-01,future_max_drawdown_36m,-0.30949612,,2017-01-26,2017-01-26,,2020-01-23,2017-01-26,2020-01-23,731,
2017-01,forward_60m_state,0.49374455,,2017-01-26,2017-01-26,,2022-01-28,2017-01-26,2022-01-28,,
2017-01,forward_60m_execution,0.50416542,,2017-01-26,2017-01-26,2017-02-03,2022-01-28,2017-01-26,2022-01-28,,
2017-01,loss_flag_60m,0,,2017-01-26,2017-01-26,,2022-01-28,2017-01-26,2022-01-28,,
2017-01,future_max_drawdown_60m,-0.30949612,,2017-01-26,2017-01-26,,2022-01-28,2017-01-26,2022-01-28,1220,
2017-01,forward_120m_state,,HORIZON_INCOMPLETE,2017-01-26,2017-01-26,,,2017-01-26,,,2026-08-25
2017-01,forward_120m_execution,,HORIZON_INCOMPLETE,2017-01-26,2017-01-26,,,2017-01-26,,,2026-08-25
2017-01,loss_flag_120m,,HORIZON_INCOMPLETE,2017-01-26,2017-01-26,,,2017-01-26,,,2026-08-25
2017-01,future_max_drawdown_120m,,HORIZON_INCOMPLETE,2017-01-26,2017-01-26,,,2017-01-26,,,2026-08-25
2017-02,forward_36m_state,0.21765612,,2017-02-28,2017-02-28,,2020-02-28,2017-02-28,2020-02-28,,
2017-02,forward_36m_execution,0.21567475,,2017-02-28,2017-02-28,2017-03-01,2020-02-28,2017-02-28,2020-02-28,,
2017-02,loss_flag_36m,0,,2017-02-28,2017-02-28,,2020-02-28,2017-02-28,2020-02-28,,
2017-02,future_max_drawdown_36m,-0.30949612,,2017-02-28,2017-02-28,,2020-02-28,2017-02-28,2020-02-28,733,
2017-02,forward_60m_state,0.47143286,,2017-02-28,2017-02-28,,2022-02-28,2017-02-28,2022-02-28,,
2017-02,forward_60m_execution,0.46903855,,2017-02-28,2017-02-28,2017-03-01,2022-02-28,2017-02-28,2022-02-28,,
2017-02,loss_flag_60m,0,,2017-02-28,2017-02-28,,2022-02-28,2017-02-28,2022-02-28,,
2017-02,future_max_drawdown_60m,-0.30949612,,2017-02-28,2017-02-28,,2022-02-28,2017-02-28,2022-02-28,1218,
2017-02,forward_120m_state,,HORIZON_INCOMPLETE,2017-02-28,2017-02-28,,,2017-02-28,,,2026-08-25
2017-02,forward_120m_execution,,HORIZON_INCOMPLETE,2017-02-28,2017-02-28,,,2017-02-28,,,2026-08-25
2017-02,loss_flag_120m,,HORIZON_INCOMPLETE,2017-02-28,2017-02-28,,,2017-02-28,,,2026-08-25
2017-02,future_max_drawdown_120m,,HORIZON_INCOMPLETE,2017-02-28,2017-02-28,,,2017-02-28,,,2026-08-25
2017-03,forward_36m_state,0.13783244,,2017-03-31,2017-03-31,,2020-03-31,2017-03-31,2020-03-31,,
2017-03,forward_36m_execution,0.12229624,,2017-03-31,2017-03-31,2017-04-05,2020-03-31,2017-03-31,2020-03-31,,
2017-03,loss_flag_36m,0,,2017-03-31,2017-03-31,,2020-03-31,2017-03-31,2020-03-31,,
2017-03,future_max_drawdown_36m,-0.30949612,,2017-03-31,2017-03-31,,2020-03-31,2017-03-31,2020-03-31,732,
2017-03,forward_60m_state,0.35453237,,2017-03-31,2017-03-31,,2022-03-31,2017-03-31,2022-03-31,,
2017-03,forward_60m_execution,0.33603730,,2017-03-31,2017-03-31,2017-04-05,2022-03-31,2017-03-31,2022-03-31,,
2017-03,loss_flag_60m,0,,2017-03-31,2017-03-31,,2022-03-31,2017-03-31,2022-03-31,,
2017-03,future_max_drawdown_60m,-0.30949612,,2017-03-31,2017-03-31,,2022-03-31,2017-03-31,2022-03-31,1218,
2017-03,forward_120m_state,,HORIZON_INCOMPLETE,2017-03-31,2017-03-31,,,2017-03-31,,,2026-08-25
2017-03,forward_120m_execution,,HORIZON_INCOMPLETE,2017-03-31,2017-03-31,,,2017-03-31,,,2026-08-25
2017-03,loss_flag_120m,,HORIZON_INCOMPLETE,2017-03-31,2017-03-31,,,2017-03-31,,,2026-08-25
2017-03,future_max_drawdown_120m,,HORIZON_INCOMPLETE,2017-03-31,2017-03-31,,,2017-03-31,,,2026-08-25
2017-04,forward_36m_state,0.21349011,,2017-04-28,2017-04-28,,2020-04-30,2017-04-28,2020-04-30,,
2017-04,forward_36m_execution,0.21815499,,2017-04-28,2017-04-28,2017-05-02,2020-04-30,2017-04-28,2020-04-30,,
2017-04,loss_flag_36m,0,,2017-04-28,2017-04-28,,2020-04-30,2017-04-28,2020-04-30,,
2017-04,future_max_drawdown_36m,-0.30949612,,2017-04-28,2017-04-28,,2020-04-30,2017-04-28,2020-04-30,735,
2017-04,forward_60m_state,0.29516749,,2017-04-28,2017-04-28,,2022-04-29,2017-04-28,2022-04-29,,
2017-04,forward_60m_execution,0.30014635,,2017-04-28,2017-04-28,2017-05-02,2022-04-29,2017-04-28,2022-04-29,,
2017-04,loss_flag_60m,0,,2017-04-28,2017-04-28,,2022-04-29,2017-04-28,2022-04-29,,
2017-04,future_max_drawdown_60m,-0.33663735,,2017-04-28,2017-04-28,,2022-04-29,2017-04-28,2022-04-29,1219,
2017-04,forward_120m_state,,HORIZON_INCOMPLETE,2017-04-28,2017-04-28,,,2017-04-28,,,2026-08-25
2017-04,forward_120m_execution,,HORIZON_INCOMPLETE,2017-04-28,2017-04-28,,,2017-04-28,,,2026-08-25
2017-04,loss_flag_120m,,HORIZON_INCOMPLETE,2017-04-28,2017-04-28,,,2017-04-28,,,2026-08-25
2017-04,future_max_drawdown_120m,,HORIZON_INCOMPLETE,2017-04-28,2017-04-28,,,2017-04-28,,,2026-08-25
2017-05,forward_36m_state,0.18186832,,2017-05-31,2017-05-31,,2020-05-29,2017-05-31,2020-05-29,,
2017-05,forward_36m_execution,0.18015815,,2017-05-31,2017-05-31,2017-06-01,2020-05-29,2017-05-31,2020-05-29,,
2017-05,loss_flag_36m,0,,2017-05-31,2017-05-31,,2020-05-29,2017-05-31,2020-05-29,,
2017-05,future_max_drawdown_36m,-0.30949612,,2017-05-31,2017-05-31,,2020-05-29,2017-05-31,2020-05-29,733,
2017-05,forward_60m_state,0.29890661,,2017-05-31,2017-05-31,,2022-05-31,2017-05-31,2022-05-31,,
2017-05,forward_60m_execution,0.29702708,,2017-05-31,2017-05-31,2017-06-01,2022-05-31,2017-05-31,2022-05-31,,
2017-05,loss_flag_60m,0,,2017-05-31,2017-05-31,,2022-05-31,2017-05-31,2022-05-31,,
2017-05,future_max_drawdown_60m,-0.33663735,,2017-05-31,2017-05-31,,2022-05-31,2017-05-31,2022-05-31,1218,
2017-05,forward_120m_state,,HORIZON_INCOMPLETE,2017-05-31,2017-05-31,,,2017-05-31,,,2026-08-25
2017-05,forward_120m_execution,,HORIZON_INCOMPLETE,2017-05-31,2017-05-31,,,2017-05-31,,,2026-08-25
2017-05,loss_flag_120m,,HORIZON_INCOMPLETE,2017-05-31,2017-05-31,,,2017-05-31,,,2026-08-25
2017-05,future_max_drawdown_120m,,HORIZON_INCOMPLETE,2017-05-31,2017-05-31,,,2017-05-31,,,2026-08-25
2017-06,forward_36m_state,0.21413892,,2017-06-30,2017-06-30,,2020-06-30,2017-06-30,2020-06-30,,
2017-06,forward_36m_execution,0.21944058,,2017-06-30,2017-06-30,2017-07-03,2020-06-30,2017-06-30,2020-06-30,,
2017-06,loss_flag_36m,0,,2017-06-30,2017-06-30,,2020-06-30,2017-06-30,2020-06-30,,
2017-06,future_max_drawdown_36m,-0.30949612,,2017-06-30,2017-06-30,,2020-06-30,2017-06-30,2020-06-30,731,
2017-06,forward_60m_state,0.35837680,,2017-06-30,2017-06-30,,2022-06-30,2017-06-30,2022-06-30,,
2017-06,forward_60m_execution,0.36430829,,2017-06-30,2017-06-30,2017-07-03,2022-06-30,2017-06-30,2022-06-30,,
2017-06,loss_flag_60m,0,,2017-06-30,2017-06-30,,2022-06-30,2017-06-30,2022-06-30,,
2017-06,future_max_drawdown_60m,-0.33663735,,2017-06-30,2017-06-30,,2022-06-30,2017-06-30,2022-06-30,1217,
2017-06,forward_120m_state,,HORIZON_INCOMPLETE,2017-06-30,2017-06-30,,,2017-06-30,,,2026-08-25
2017-06,forward_120m_execution,,HORIZON_INCOMPLETE,2017-06-30,2017-06-30,,,2017-06-30,,,2026-08-25
2017-06,loss_flag_120m,,HORIZON_INCOMPLETE,2017-06-30,2017-06-30,,,2017-06-30,,,2026-08-25
2017-06,future_max_drawdown_120m,,HORIZON_INCOMPLETE,2017-06-30,2017-06-30,,,2017-06-30,,,2026-08-25
2017-07,forward_36m_state,0.34133537,,2017-07-31,2017-07-31,,2020-07-31,2017-07-31,2020-07-31,,
2017-07,forward_36m_execution,0.32967270,,2017-07-31,2017-07-31,2017-08-01,2020-07-31,2017-07-31,2020-07-31,,
2017-07,loss_flag_36m,0,,2017-07-31,2017-07-31,,2020-07-31,2017-07-31,2020-07-31,,
2017-07,future_max_drawdown_36m,-0.30949612,,2017-07-31,2017-07-31,,2020-07-31,2017-07-31,2020-07-31,733,
2017-07,forward_60m_state,0.23764175,,2017-07-31,2017-07-31,,2022-07-29,2017-07-31,2022-07-29,,
2017-07,forward_60m_execution,0.22688068,,2017-07-31,2017-07-31,2017-08-01,2022-07-29,2017-07-31,2022-07-29,,
2017-07,loss_flag_60m,0,,2017-07-31,2017-07-31,,2022-07-29,2017-07-31,2022-07-29,,
2017-07,future_max_drawdown_60m,-0.33663735,,2017-07-31,2017-07-31,,2022-07-29,2017-07-31,2022-07-29,1217,
2017-07,forward_120m_state,,HORIZON_INCOMPLETE,2017-07-31,2017-07-31,,,2017-07-31,,,2026-08-25
2017-07,forward_120m_execution,,HORIZON_INCOMPLETE,2017-07-31,2017-07-31,,,2017-07-31,,,2026-08-25
2017-07,loss_flag_120m,,HORIZON_INCOMPLETE,2017-07-31,2017-07-31,,,2017-07-31,,,2026-08-25
2017-07,future_max_drawdown_120m,,HORIZON_INCOMPLETE,2017-07-31,2017-07-31,,,2017-07-31,,,2026-08-25
2017-08,forward_36m_state,0.34494970,,2017-08-31,2017-08-31,,2020-08-31,2017-08-31,2020-08-31,,
2017-08,forward_36m_execution,0.34198303,,2017-08-31,2017-08-31,2017-09-01,2020-08-31,2017-08-31,2020-08-31,,
2017-08,loss_flag_36m,0,,2017-08-31,2017-08-31,,2020-08-31,2017-08-31,2020-08-31,,
2017-08,future_max_drawdown_36m,-0.30949612,,2017-08-31,2017-08-31,,2020-08-31,2017-08-31,2020-08-31,731,
2017-08,forward_60m_state,0.18412055,,2017-08-31,2017-08-31,,2022-08-31,2017-08-31,2022-08-31,,
2017-08,forward_60m_execution,0.18150863,,2017-08-31,2017-08-31,2017-09-01,2022-08-31,2017-08-31,2022-08-31,,
2017-08,loss_flag_60m,0,,2017-08-31,2017-08-31,,2022-08-31,2017-08-31,2022-08-31,,
2017-08,future_max_drawdown_60m,-0.33663735,,2017-08-31,2017-08-31,,2022-08-31,2017-08-31,2022-08-31,1217,
2017-08,forward_120m_state,,HORIZON_INCOMPLETE,2017-08-31,2017-08-31,,,2017-08-31,,,2026-08-25
2017-08,forward_120m_execution,,HORIZON_INCOMPLETE,2017-08-31,2017-08-31,,,2017-08-31,,,2026-08-25
2017-08,loss_flag_120m,,HORIZON_INCOMPLETE,2017-08-31,2017-08-31,,,2017-08-31,,,2026-08-25
2017-08,future_max_drawdown_120m,,HORIZON_INCOMPLETE,2017-08-31,2017-08-31,,,2017-08-31,,,2026-08-25
2017-09,forward_36m_state,0.27589912,,2017-09-29,2017-09-29,,2020-09-30,2017-09-29,2020-09-30,,
2017-09,forward_36m_execution,0.26087672,,2017-09-29,2017-09-29,2017-10-09,2020-09-30,2017-09-29,2020-09-30,,
2017-09,loss_flag_36m,0,,2017-09-29,2017-09-29,,2020-09-30,2017-09-29,2020-09-30,,
2017-09,future_max_drawdown_36m,-0.30949612,,2017-09-29,2017-09-29,,2020-09-30,2017-09-29,2020-09-30,732,
2017-09,forward_60m_state,0.10003952,,2017-09-29,2017-09-29,,2022-09-30,2017-09-29,2022-09-30,,
2017-09,forward_60m_execution,0.08708769,,2017-09-29,2017-09-29,2017-10-09,2022-09-30,2017-09-29,2022-09-30,,
2017-09,loss_flag_60m,0,,2017-09-29,2017-09-29,,2022-09-30,2017-09-29,2022-09-30,,
2017-09,future_max_drawdown_60m,-0.33663735,,2017-09-29,2017-09-29,,2022-09-30,2017-09-29,2022-09-30,1217,
2017-09,forward_120m_state,,HORIZON_INCOMPLETE,2017-09-29,2017-09-29,,,2017-09-29,,,2026-08-25
2017-09,forward_120m_execution,,HORIZON_INCOMPLETE,2017-09-29,2017-09-29,,,2017-09-29,,,2026-08-25
2017-09,loss_flag_120m,,HORIZON_INCOMPLETE,2017-09-29,2017-09-29,,,2017-09-29,,,2026-08-25
2017-09,future_max_drawdown_120m,,HORIZON_INCOMPLETE,2017-09-29,2017-09-29,,,2017-09-29,,,2026-08-25
2017-10,forward_36m_state,0.25062129,,2017-10-31,2017-10-31,,2020-10-30,2017-10-31,2020-10-30,,
2017-10,forward_36m_execution,0.25378074,,2017-10-31,2017-10-31,2017-11-01,2020-10-30,2017-10-31,2020-10-30,,
2017-10,loss_flag_36m,0,,2017-10-31,2017-10-31,,2020-10-30,2017-10-31,2020-10-30,,
2017-10,future_max_drawdown_36m,-0.30949612,,2017-10-31,2017-10-31,,2020-10-30,2017-10-31,2020-10-30,731,
2017-10,forward_60m_state,-0.02805885,,2017-10-31,2017-10-31,,2022-10-31,2017-10-31,2022-10-31,,
2017-10,forward_60m_execution,-0.02560343,,2017-10-31,2017-10-31,2017-11-01,2022-10-31,2017-10-31,2022-10-31,,
2017-10,loss_flag_60m,1,,2017-10-31,2017-10-31,,2022-10-31,2017-10-31,2022-10-31,,
2017-10,future_max_drawdown_60m,-0.37207815,,2017-10-31,2017-10-31,,2022-10-31,2017-10-31,2022-10-31,1216,
2017-10,forward_120m_state,,HORIZON_INCOMPLETE,2017-10-31,2017-10-31,,,2017-10-31,,,2026-08-25
2017-10,forward_120m_execution,,HORIZON_INCOMPLETE,2017-10-31,2017-10-31,,,2017-10-31,,,2026-08-25
2017-10,loss_flag_120m,,HORIZON_INCOMPLETE,2017-10-31,2017-10-31,,,2017-10-31,,,2026-08-25
2017-10,future_max_drawdown_120m,,HORIZON_INCOMPLETE,2017-10-31,2017-10-31,,,2017-10-31,,,2026-08-25
2017-11,forward_36m_state,0.32208743,,2017-11-30,2017-11-30,,2020-11-30,2017-11-30,2020-11-30,,
2017-11,forward_36m_execution,0.32472154,,2017-11-30,2017-11-30,2017-12-01,2020-11-30,2017-11-30,2020-11-30,,
2017-11,loss_flag_36m,0,,2017-11-30,2017-11-30,,2020-11-30,2017-11-30,2020-11-30,,
2017-11,future_max_drawdown_36m,-0.30949612,,2017-11-30,2017-11-30,,2020-11-30,2017-11-30,2020-11-30,730,
2017-11,forward_60m_state,0.06761451,,2017-11-30,2017-11-30,,2022-11-30,2017-11-30,2022-11-30,,
2017-11,forward_60m_execution,0.06974161,,2017-11-30,2017-11-30,2017-12-01,2022-11-30,2017-11-30,2022-11-30,,
2017-11,loss_flag_60m,0,,2017-11-30,2017-11-30,,2022-11-30,2017-11-30,2022-11-30,,
2017-11,future_max_drawdown_60m,-0.37207815,,2017-11-30,2017-11-30,,2022-11-30,2017-11-30,2022-11-30,1216,
2017-11,forward_120m_state,,HORIZON_INCOMPLETE,2017-11-30,2017-11-30,,,2017-11-30,,,2026-08-25
2017-11,forward_120m_execution,,HORIZON_INCOMPLETE,2017-11-30,2017-11-30,,,2017-11-30,,,2026-08-25
2017-11,loss_flag_120m,,HORIZON_INCOMPLETE,2017-11-30,2017-11-30,,,2017-11-30,,,2026-08-25
2017-11,future_max_drawdown_120m,,HORIZON_INCOMPLETE,2017-11-30,2017-11-30,,,2017-11-30,,,2026-08-25
2017-12,forward_36m_state,0.38057586,,2017-12-29,2017-12-29,,2020-12-31,2017-12-29,2020-12-31,,
2017-12,forward_36m_execution,0.36147624,,2017-12-29,2017-12-29,2018-01-02,2020-12-31,2017-12-29,2020-12-31,,
2017-12,loss_flag_36m,0,,2017-12-29,2017-12-29,,2020-12-31,2017-12-29,2020-12-31,,
2017-12,future_max_drawdown_36m,-0.30949612,,2017-12-29,2017-12-29,,2020-12-31,2017-12-29,2020-12-31,732,
2017-12,forward_60m_state,0.06779478,,2017-12-29,2017-12-29,,2022-12-30,2017-12-29,2022-12-30,,
2017-12,forward_60m_execution,0.05302234,,2017-12-29,2017-12-29,2018-01-02,2022-12-30,2017-12-29,2022-12-30,,
2017-12,loss_flag_60m,0,,2017-12-29,2017-12-29,,2022-12-30,2017-12-29,2022-12-30,,
2017-12,future_max_drawdown_60m,-0.37207815,,2017-12-29,2017-12-29,,2022-12-30,2017-12-29,2022-12-30,1217,
2017-12,forward_120m_state,,HORIZON_INCOMPLETE,2017-12-29,2017-12-29,,,2017-12-29,,,2026-08-25
2017-12,forward_120m_execution,,HORIZON_INCOMPLETE,2017-12-29,2017-12-29,,,2017-12-29,,,2026-08-25
2017-12,loss_flag_120m,,HORIZON_INCOMPLETE,2017-12-29,2017-12-29,,,2017-12-29,,,2026-08-25
2017-12,future_max_drawdown_120m,,HORIZON_INCOMPLETE,2017-12-29,2017-12-29,,,2017-12-29,,,2026-08-25
2018-01,forward_36m_state,0.33637324,,2018-01-31,2018-01-31,,2021-01-29,2018-01-31,2021-01-29,,
2018-01,forward_36m_execution,0.34581753,,2018-01-31,2018-01-31,2018-02-01,2021-01-29,2018-01-31,2021-01-29,,
2018-01,loss_flag_36m,0,,2018-01-31,2018-01-31,,2021-01-29,2018-01-31,2021-01-29,,
2018-01,future_max_drawdown_36m,-0.29120396,,2018-01-31,2018-01-31,,2021-01-29,2018-01-31,2021-01-29,730,
2018-01,forward_60m_state,0.08066120,,2018-01-31,2018-01-31,,2023-01-31,2018-01-31,2023-01-31,,
2018-01,forward_60m_execution,0.08829835,,2018-01-31,2018-01-31,2018-02-01,2023-01-31,2018-01-31,2023-01-31,,
2018-01,loss_flag_60m,0,,2018-01-31,2018-01-31,,2023-01-31,2018-01-31,2023-01-31,,
2018-01,future_max_drawdown_60m,-0.37207815,,2018-01-31,2018-01-31,,2023-01-31,2018-01-31,2023-01-31,1211,
2018-01,forward_120m_state,,HORIZON_INCOMPLETE,2018-01-31,2018-01-31,,,2018-01-31,,,2026-08-25
2018-01,forward_120m_execution,,HORIZON_INCOMPLETE,2018-01-31,2018-01-31,,,2018-01-31,,,2026-08-25
2018-01,loss_flag_120m,,HORIZON_INCOMPLETE,2018-01-31,2018-01-31,,,2018-01-31,,,2026-08-25
2018-01,future_max_drawdown_120m,,HORIZON_INCOMPLETE,2018-01-31,2018-01-31,,,2018-01-31,,,2026-08-25
2018-02,forward_36m_state,0.41611598,,2018-02-28,2018-02-28,,2021-02-26,2018-02-28,2021-02-26,,
2018-02,forward_36m_execution,0.40721509,,2018-02-28,2018-02-28,2018-03-01,2021-02-26,2018-02-28,2021-02-26,,
2018-02,loss_flag_36m,0,,2018-02-28,2018-02-28,,2021-02-26,2018-02-28,2021-02-26,,
2018-02,future_max_drawdown_36m,-0.26575338,,2018-02-28,2018-02-28,,2021-02-26,2018-02-28,2021-02-26,730,
2018-02,forward_60m_state,0.12452220,,2018-02-28,2018-02-28,,2023-02-28,2018-02-28,2023-02-28,,
2018-02,forward_60m_execution,0.11745410,,2018-02-28,2018-02-28,2018-03-01,2023-02-28,2018-02-28,2023-02-28,,
2018-02,loss_flag_60m,0,,2018-02-28,2018-02-28,,2023-02-28,2018-02-28,2023-02-28,,
2018-02,future_max_drawdown_60m,-0.37207815,,2018-02-28,2018-02-28,,2023-02-28,2018-02-28,2023-02-28,1216,
2018-02,forward_120m_state,,HORIZON_INCOMPLETE,2018-02-28,2018-02-28,,,2018-02-28,,,2026-08-25
2018-02,forward_120m_execution,,HORIZON_INCOMPLETE,2018-02-28,2018-02-28,,,2018-02-28,,,2026-08-25
2018-02,loss_flag_120m,,HORIZON_INCOMPLETE,2018-02-28,2018-02-28,,,2018-02-28,,,2026-08-25
2018-02,future_max_drawdown_120m,,HORIZON_INCOMPLETE,2018-02-28,2018-02-28,,,2018-02-28,,,2026-08-25
2018-03,forward_36m_state,0.38260868,,2018-03-30,2018-03-30,,2021-03-31,2018-03-30,2021-03-31,,
2018-03,forward_36m_execution,0.38672698,,2018-03-30,2018-03-30,2018-04-02,2021-03-31,2018-03-30,2021-03-31,,
2018-03,loss_flag_36m,0,,2018-03-30,2018-03-30,,2021-03-31,2018-03-30,2021-03-31,,
2018-03,future_max_drawdown_36m,-0.23047028,,2018-03-30,2018-03-30,,2021-03-31,2018-03-30,2021-03-31,731,
2018-03,forward_60m_state,0.15535038,,2018-03-30,2018-03-30,,2023-03-31,2018-03-30,2023-03-31,,
2018-03,forward_60m_execution,0.15879176,,2018-03-30,2018-03-30,2018-04-02,2023-03-31,2018-03-30,2023-03-31,,
2018-03,loss_flag_60m,0,,2018-03-30,2018-03-30,,2023-03-31,2018-03-30,2023-03-31,,
2018-03,future_max_drawdown_60m,-0.37207815,,2018-03-30,2018-03-30,,2023-03-31,2018-03-30,2023-03-31,1217,
2018-03,forward_120m_state,,HORIZON_INCOMPLETE,2018-03-30,2018-03-30,,,2018-03-30,,,2026-08-25
2018-03,forward_120m_execution,,HORIZON_INCOMPLETE,2018-03-30,2018-03-30,,,2018-03-30,,,2026-08-25
2018-03,loss_flag_120m,,HORIZON_INCOMPLETE,2018-03-30,2018-03-30,,,2018-03-30,,,2026-08-25
2018-03,future_max_drawdown_120m,,HORIZON_INCOMPLETE,2018-03-30,2018-03-30,,,2018-03-30,,,2026-08-25
2018-04,forward_36m_state,0.45731476,,2018-04-27,2018-04-27,,2021-04-30,2018-04-27,2021-04-30,,
2018-04,forward_36m_execution,0.45467230,,2018-04-27,2018-04-27,2018-05-02,2021-04-30,2018-04-27,2021-04-30,,
2018-04,loss_flag_36m,0,,2018-04-27,2018-04-27,,2021-04-30,2018-04-27,2021-04-30,,
2018-04,future_max_drawdown_36m,-0.22855874,,2018-04-27,2018-04-27,,2021-04-30,2018-04-27,2021-04-30,734,
2018-04,forward_60m_state,0.19286428,,2018-04-27,2018-04-27,,2023-04-28,2018-04-27,2023-04-28,,
2018-04,forward_60m_execution,0.19070133,,2018-04-27,2018-04-27,2018-05-02,2023-04-28,2018-04-27,2023-04-28,,
2018-04,loss_flag_60m,0,,2018-04-27,2018-04-27,,2023-04-28,2018-04-27,2023-04-28,,
2018-04,future_max_drawdown_60m,-0.37207815,,2018-04-27,2018-04-27,,2023-04-28,2018-04-27,2023-04-28,1218,
2018-04,forward_120m_state,,HORIZON_INCOMPLETE,2018-04-27,2018-04-27,,,2018-04-27,,,2026-08-25
2018-04,forward_120m_execution,,HORIZON_INCOMPLETE,2018-04-27,2018-04-27,,,2018-04-27,,,2026-08-25
2018-04,loss_flag_120m,,HORIZON_INCOMPLETE,2018-04-27,2018-04-27,,,2018-04-27,,,2026-08-25
2018-04,future_max_drawdown_120m,,HORIZON_INCOMPLETE,2018-04-27,2018-04-27,,,2018-04-27,,,2026-08-25
2018-05,forward_36m_state,0.49631176,,2018-05-31,2018-05-31,,2021-05-31,2018-05-31,2021-05-31,,
2018-05,forward_36m_execution,0.50879691,,2018-05-31,2018-05-31,2018-06-01,2021-05-31,2018-05-31,2021-05-31,,
2018-05,loss_flag_36m,0,,2018-05-31,2018-05-31,,2021-05-31,2018-05-31,2021-05-31,,
2018-05,future_max_drawdown_36m,-0.21429027,,2018-05-31,2018-05-31,,2021-05-31,2018-05-31,2021-05-31,730,
2018-05,forward_60m_state,0.11036792,,2018-05-31,2018-05-31,,2023-05-31,2018-05-31,2023-05-31,,
2018-05,forward_60m_execution,0.11963278,,2018-05-31,2018-05-31,2018-06-01,2023-05-31,2018-05-31,2023-05-31,,
2018-05,loss_flag_60m,0,,2018-05-31,2018-05-31,,2023-05-31,2018-05-31,2023-05-31,,
2018-05,future_max_drawdown_60m,-0.37207815,,2018-05-31,2018-05-31,,2023-05-31,2018-05-31,2023-05-31,1216,
2018-05,forward_120m_state,,HORIZON_INCOMPLETE,2018-05-31,2018-05-31,,,2018-05-31,,,2026-08-25
2018-05,forward_120m_execution,,HORIZON_INCOMPLETE,2018-05-31,2018-05-31,,,2018-05-31,,,2026-08-25
2018-05,loss_flag_120m,,HORIZON_INCOMPLETE,2018-05-31,2018-05-31,,,2018-05-31,,,2026-08-25
2018-05,future_max_drawdown_120m,,HORIZON_INCOMPLETE,2018-05-31,2018-05-31,,,2018-05-31,,,2026-08-25
2018-06,forward_36m_state,0.58507056,,2018-06-29,2018-06-29,,2021-06-30,2018-06-29,2021-06-30,,
2018-06,forward_36m_execution,0.63291902,,2018-06-29,2018-06-29,2018-07-02,2021-06-30,2018-06-29,2021-06-30,,
2018-06,loss_flag_36m,0,,2018-06-29,2018-06-29,,2021-06-30,2018-06-29,2021-06-30,,
2018-06,future_max_drawdown_36m,-0.16853771,,2018-06-29,2018-06-29,,2021-06-30,2018-06-29,2021-06-30,730,
2018-06,forward_60m_state,0.21922728,,2018-06-29,2018-06-29,,2023-06-30,2018-06-29,2023-06-30,,
2018-06,forward_60m_execution,0.25603203,,2018-06-29,2018-06-29,2018-07-02,2023-06-30,2018-06-29,2023-06-30,,
2018-06,loss_flag_60m,0,,2018-06-29,2018-06-29,,2023-06-30,2018-06-29,2023-06-30,,
2018-06,future_max_drawdown_60m,-0.37207815,,2018-06-29,2018-06-29,,2023-06-30,2018-06-29,2023-06-30,1215,
2018-06,forward_120m_state,,HORIZON_INCOMPLETE,2018-06-29,2018-06-29,,,2018-06-29,,,2026-08-25
2018-06,forward_120m_execution,,HORIZON_INCOMPLETE,2018-06-29,2018-06-29,,,2018-06-29,,,2026-08-25
2018-06,loss_flag_120m,,HORIZON_INCOMPLETE,2018-06-29,2018-06-29,,,2018-06-29,,,2026-08-25
2018-06,future_max_drawdown_120m,,HORIZON_INCOMPLETE,2018-06-29,2018-06-29,,,2018-06-29,,,2026-08-25
2018-07,forward_36m_state,0.45438387,,2018-07-31,2018-07-31,,2021-07-30,2018-07-31,2021-07-30,,
2018-07,forward_36m_execution,0.48376128,,2018-07-31,2018-07-31,2018-08-01,2021-07-30,2018-07-31,2021-07-30,,
2018-07,loss_flag_36m,0,,2018-07-31,2018-07-31,,2021-07-30,2018-07-31,2021-07-30,,
2018-07,future_max_drawdown_36m,-0.17094568,,2018-07-31,2018-07-31,,2021-07-30,2018-07-31,2021-07-30,730,
2018-07,forward_60m_state,0.27154416,,2018-07-31,2018-07-31,,2023-07-31,2018-07-31,2023-07-31,,
2018-07,forward_60m_execution,0.29722835,,2018-07-31,2018-07-31,2018-08-01,2023-07-31,2018-07-31,2023-07-31,,
2018-07,loss_flag_60m,0,,2018-07-31,2018-07-31,,2023-07-31,2018-07-31,2023-07-31,,
2018-07,future_max_drawdown_60m,-0.37207815,,2018-07-31,2018-07-31,,2023-07-31,2018-07-31,2023-07-31,1214,
2018-07,forward_120m_state,,HORIZON_INCOMPLETE,2018-07-31,2018-07-31,,,2018-07-31,,,2026-08-25
2018-07,forward_120m_execution,,HORIZON_INCOMPLETE,2018-07-31,2018-07-31,,,2018-07-31,,,2026-08-25
2018-07,loss_flag_120m,,HORIZON_INCOMPLETE,2018-07-31,2018-07-31,,,2018-07-31,,,2026-08-25
2018-07,future_max_drawdown_120m,,HORIZON_INCOMPLETE,2018-07-31,2018-07-31,,,2018-07-31,,,2026-08-25
2018-08,forward_36m_state,0.53257965,,2018-08-31,2018-08-31,,2021-08-31,2018-08-31,2021-08-31,,
2018-08,forward_36m_execution,0.53843142,,2018-08-31,2018-08-31,2018-09-03,2021-08-31,2018-08-31,2021-08-31,,
2018-08,loss_flag_36m,0,,2018-08-31,2018-08-31,,2021-08-31,2018-08-31,2021-08-31,,
2018-08,future_max_drawdown_36m,-0.17094568,,2018-08-31,2018-08-31,,2021-08-31,2018-08-31,2021-08-31,729,
2018-08,forward_60m_state,0.25752921,,2018-08-31,2018-08-31,,2023-08-31,2018-08-31,2023-08-31,,
2018-08,forward_60m_execution,0.26233078,,2018-08-31,2018-08-31,2018-09-03,2023-08-31,2018-08-31,2023-08-31,,
2018-08,loss_flag_60m,0,,2018-08-31,2018-08-31,,2023-08-31,2018-08-31,2023-08-31,,
2018-08,future_max_drawdown_60m,-0.37207815,,2018-08-31,2018-08-31,,2023-08-31,2018-08-31,2023-08-31,1214,
2018-08,forward_120m_state,,HORIZON_INCOMPLETE,2018-08-31,2018-08-31,,,2018-08-31,,,2026-08-25
2018-08,forward_120m_execution,,HORIZON_INCOMPLETE,2018-08-31,2018-08-31,,,2018-08-31,,,2026-08-25
2018-08,loss_flag_120m,,HORIZON_INCOMPLETE,2018-08-31,2018-08-31,,,2018-08-31,,,2026-08-25
2018-08,future_max_drawdown_120m,,HORIZON_INCOMPLETE,2018-08-31,2018-08-31,,,2018-08-31,,,2026-08-25
2018-09,forward_36m_state,0.50367655,,2018-09-28,2018-09-28,,2021-09-30,2018-09-28,2021-09-30,,
2018-09,forward_36m_execution,0.57128827,,2018-09-28,2018-09-28,2018-10-08,2021-09-30,2018-09-28,2021-09-30,,
2018-09,loss_flag_36m,0,,2018-09-28,2018-09-28,,2021-09-30,2018-09-28,2021-09-30,,
2018-09,future_max_drawdown_36m,-0.17094568,,2018-09-28,2018-09-28,,2021-09-30,2018-09-28,2021-09-30,730,
2018-09,forward_60m_state,0.19428683,,2018-09-28,2018-09-28,,2023-09-28,2018-09-28,2023-09-28,,
2018-09,forward_60m_execution,0.24798707,,2018-09-28,2018-09-28,2018-10-08,2023-09-28,2018-09-28,2023-09-28,,
2018-09,loss_flag_60m,0,,2018-09-28,2018-09-28,,2023-09-28,2018-09-28,2023-09-28,,
2018-09,future_max_drawdown_60m,-0.37207815,,2018-09-28,2018-09-28,,2023-09-28,2018-09-28,2023-09-28,1215,
2018-09,forward_120m_state,,HORIZON_INCOMPLETE,2018-09-28,2018-09-28,,,2018-09-28,,,2026-08-25
2018-09,forward_120m_execution,,HORIZON_INCOMPLETE,2018-09-28,2018-09-28,,,2018-09-28,,,2026-08-25
2018-09,loss_flag_120m,,HORIZON_INCOMPLETE,2018-09-28,2018-09-28,,,2018-09-28,,,2026-08-25
2018-09,future_max_drawdown_120m,,HORIZON_INCOMPLETE,2018-09-28,2018-09-28,,,2018-09-28,,,2026-08-25
2018-10,forward_36m_state,0.65468809,,2018-10-31,2018-10-31,,2021-10-29,2018-10-31,2021-10-29,,
2018-10,forward_36m_execution,0.64259938,,2018-10-31,2018-10-31,2018-11-01,2021-10-29,2018-10-31,2021-10-29,,
2018-10,loss_flag_36m,0,,2018-10-31,2018-10-31,,2021-10-29,2018-10-31,2021-10-29,,
2018-10,future_max_drawdown_36m,-0.17094568,,2018-10-31,2018-10-31,,2021-10-29,2018-10-31,2021-10-29,728,
2018-10,forward_60m_state,0.26153561,,2018-10-31,2018-10-31,,2023-10-31,2018-10-31,2023-10-31,,
2018-10,forward_60m_execution,0.25231916,,2018-10-31,2018-10-31,2018-11-01,2023-10-31,2018-10-31,2023-10-31,,
2018-10,loss_flag_60m,0,,2018-10-31,2018-10-31,,2023-10-31,2018-10-31,2023-10-31,,
2018-10,future_max_drawdown_60m,-0.37207815,,2018-10-31,2018-10-31,,2023-10-31,2018-10-31,2023-10-31,1214,
2018-10,forward_120m_state,,HORIZON_INCOMPLETE,2018-10-31,2018-10-31,,,2018-10-31,,,2026-08-25
2018-10,forward_120m_execution,,HORIZON_INCOMPLETE,2018-10-31,2018-10-31,,,2018-10-31,,,2026-08-25
2018-10,loss_flag_120m,,HORIZON_INCOMPLETE,2018-10-31,2018-10-31,,,2018-10-31,,,2026-08-25
2018-10,future_max_drawdown_120m,,HORIZON_INCOMPLETE,2018-10-31,2018-10-31,,,2018-10-31,,,2026-08-25
2018-11,forward_36m_state,0.61912715,,2018-11-30,2018-11-30,,2021-11-30,2018-11-30,2021-11-30,,
2018-11,forward_36m_execution,0.57530263,,2018-11-30,2018-11-30,2018-12-03,2021-11-30,2018-11-30,2021-11-30,,
2018-11,loss_flag_36m,0,,2018-11-30,2018-11-30,,2021-11-30,2018-11-30,2021-11-30,,
2018-11,future_max_drawdown_36m,-0.17094568,,2018-11-30,2018-11-30,,2021-11-30,2018-11-30,2021-11-30,728,
2018-11,forward_60m_state,0.22741446,,2018-11-30,2018-11-30,,2023-11-30,2018-11-30,2023-11-30,,
2018-11,forward_60m_execution,0.19419232,,2018-11-30,2018-11-30,2018-12-03,2023-11-30,2018-11-30,2023-11-30,,
2018-11,loss_flag_60m,0,,2018-11-30,2018-11-30,,2023-11-30,2018-11-30,2023-11-30,,
2018-11,future_max_drawdown_60m,-0.37207815,,2018-11-30,2018-11-30,,2023-11-30,2018-11-30,2023-11-30,1214,
2018-11,forward_120m_state,,HORIZON_INCOMPLETE,2018-11-30,2018-11-30,,,2018-11-30,,,2026-08-25
2018-11,forward_120m_execution,,HORIZON_INCOMPLETE,2018-11-30,2018-11-30,,,2018-11-30,,,2026-08-25
2018-11,loss_flag_120m,,HORIZON_INCOMPLETE,2018-11-30,2018-11-30,,,2018-11-30,,,2026-08-25
2018-11,future_max_drawdown_120m,,HORIZON_INCOMPLETE,2018-11-30,2018-11-30,,,2018-11-30,,,2026-08-25
2018-12,forward_36m_state,0.74434158,,2018-12-28,2018-12-28,,2021-12-31,2018-12-28,2021-12-31,,
2018-12,forward_36m_execution,0.76849178,,2018-12-28,2018-12-28,2019-01-02,2021-12-31,2018-12-28,2021-12-31,,
2018-12,loss_flag_36m,0,,2018-12-28,2018-12-28,,2021-12-31,2018-12-28,2021-12-31,,
2018-12,future_max_drawdown_36m,-0.17094568,,2018-12-28,2018-12-28,,2021-12-31,2018-12-28,2021-12-31,731,
2018-12,forward_60m_state,0.27057890,,2018-12-28,2018-12-28,,2023-12-29,2018-12-28,2023-12-29,,
2018-12,forward_60m_execution,0.28816991,,2018-12-28,2018-12-28,2019-01-02,2023-12-29,2018-12-28,2023-12-29,,
2018-12,loss_flag_60m,0,,2018-12-28,2018-12-28,,2023-12-29,2018-12-28,2023-12-29,,
2018-12,future_max_drawdown_60m,-0.39397559,,2018-12-28,2018-12-28,,2023-12-29,2018-12-28,2023-12-29,1215,
2018-12,forward_120m_state,,HORIZON_INCOMPLETE,2018-12-28,2018-12-28,,,2018-12-28,,,2026-08-25
2018-12,forward_120m_execution,,HORIZON_INCOMPLETE,2018-12-28,2018-12-28,,,2018-12-28,,,2026-08-25
2018-12,loss_flag_120m,,HORIZON_INCOMPLETE,2018-12-28,2018-12-28,,,2018-12-28,,,2026-08-25
2018-12,future_max_drawdown_120m,,HORIZON_INCOMPLETE,2018-12-28,2018-12-28,,,2018-12-28,,,2026-08-25
2019-01,forward_36m_state,0.51524847,,2019-01-31,2019-01-31,,2022-01-28,2019-01-31,2022-01-28,,
2019-01,forward_36m_execution,0.49389573,,2019-01-31,2019-01-31,2019-02-01,2022-01-28,2019-01-31,2022-01-28,,
2019-01,loss_flag_36m,0,,2019-01-31,2019-01-31,,2022-01-28,2019-01-31,2022-01-28,,
2019-01,future_max_drawdown_36m,-0.20024843,,2019-01-31,2019-01-31,,2022-01-28,2019-01-31,2022-01-28,728,
2019-01,forward_60m_state,0.11965440,,2019-01-31,2019-01-31,,2024-01-31,2019-01-31,2024-01-31,,
2019-01,forward_60m_execution,0.10387632,,2019-01-31,2019-01-31,2019-02-01,2024-01-31,2019-01-31,2024-01-31,,
2019-01,loss_flag_60m,0,,2019-01-31,2019-01-31,,2024-01-31,2019-01-31,2024-01-31,,
2019-01,future_max_drawdown_60m,-0.40904388,,2019-01-31,2019-01-31,,2024-01-31,2019-01-31,2024-01-31,1215,
2019-01,forward_120m_state,,HORIZON_INCOMPLETE,2019-01-31,2019-01-31,,,2019-01-31,,,2026-08-25
2019-01,forward_120m_execution,,HORIZON_INCOMPLETE,2019-01-31,2019-01-31,,,2019-01-31,,,2026-08-25
2019-01,loss_flag_120m,,HORIZON_INCOMPLETE,2019-01-31,2019-01-31,,,2019-01-31,,,2026-08-25
2019-01,future_max_drawdown_120m,,HORIZON_INCOMPLETE,2019-01-31,2019-01-31,,,2019-01-31,,,2026-08-25
2019-02,forward_36m_state,0.32693076,,2019-02-28,2019-02-28,,2022-02-28,2019-02-28,2022-02-28,,
2019-02,forward_36m_execution,0.29849866,,2019-02-28,2019-02-28,2019-03-01,2022-02-28,2019-02-28,2022-02-28,,
2019-02,loss_flag_36m,0,,2019-02-28,2019-02-28,,2022-02-28,2019-02-28,2022-02-28,,
2019-02,future_max_drawdown_36m,-0.20628605,,2019-02-28,2019-02-28,,2022-02-28,2019-02-28,2022-02-28,729,
2019-02,forward_60m_state,0.06802304,,2019-02-28,2019-02-28,,2024-02-29,2019-02-28,2024-02-29,,
2019-02,forward_60m_execution,0.04513854,,2019-02-28,2019-02-28,2019-03-01,2024-02-29,2019-02-28,2024-02-29,,
2019-02,loss_flag_60m,0,,2019-02-28,2019-02-28,,2024-02-29,2019-02-28,2024-02-29,,
2019-02,future_max_drawdown_60m,-0.41561007,,2019-02-28,2019-02-28,,2024-02-29,2019-02-28,2024-02-29,1215,
2019-02,forward_120m_state,,HORIZON_INCOMPLETE,2019-02-28,2019-02-28,,,2019-02-28,,,2026-08-25
2019-02,forward_120m_execution,,HORIZON_INCOMPLETE,2019-02-28,2019-02-28,,,2019-02-28,,,2026-08-25
2019-02,loss_flag_120m,,HORIZON_INCOMPLETE,2019-02-28,2019-02-28,,,2019-02-28,,,2026-08-25
2019-02,future_max_drawdown_120m,,HORIZON_INCOMPLETE,2019-02-28,2019-02-28,,,2019-02-28,,,2026-08-25
2019-03,forward_36m_state,0.15880416,,2019-03-29,2019-03-29,,2022-03-31,2019-03-29,2022-03-31,,
2019-03,forward_36m_execution,0.12918213,,2019-03-29,2019-03-29,2019-04-01,2022-03-31,2019-03-29,2022-03-31,,
2019-03,loss_flag_36m,0,,2019-03-29,2019-03-29,,2022-03-31,2019-03-29,2022-03-31,,
2019-03,future_max_drawdown_36m,-0.30187974,,2019-03-29,2019-03-29,,2022-03-31,2019-03-29,2022-03-31,731,
2019-03,forward_60m_state,0.01817512,,2019-03-29,2019-03-29,,2024-03-29,2019-03-29,2024-03-29,,
2019-03,forward_60m_execution,-0.00785207,,2019-03-29,2019-03-29,2019-04-01,2024-03-29,2019-03-29,2024-03-29,,
2019-03,loss_flag_60m,0,,2019-03-29,2019-03-29,,2024-03-29,2019-03-29,2024-03-29,,
2019-03,future_max_drawdown_60m,-0.41561007,,2019-03-29,2019-03-29,,2024-03-29,2019-03-29,2024-03-29,1215,
2019-03,forward_120m_state,,HORIZON_INCOMPLETE,2019-03-29,2019-03-29,,,2019-03-29,,,2026-08-25
2019-03,forward_120m_execution,,HORIZON_INCOMPLETE,2019-03-29,2019-03-29,,,2019-03-29,,,2026-08-25
2019-03,loss_flag_120m,,HORIZON_INCOMPLETE,2019-03-29,2019-03-29,,,2019-03-29,,,2026-08-25
2019-03,future_max_drawdown_120m,,HORIZON_INCOMPLETE,2019-03-29,2019-03-29,,,2019-03-29,,,2026-08-25
2019-04,forward_36m_state,0.09088807,,2019-04-30,2019-04-30,,2022-04-29,2019-04-30,2022-04-29,,
2019-04,forward_36m_execution,0.15855745,,2019-04-30,2019-04-30,2019-05-06,2022-04-29,2019-04-30,2022-04-29,,
2019-04,loss_flag_36m,0,,2019-04-30,2019-04-30,,2022-04-29,2019-04-30,2022-04-29,,
2019-04,future_max_drawdown_36m,-0.33663735,,2019-04-30,2019-04-30,,2022-04-29,2019-04-30,2022-04-29,729,
2019-04,forward_60m_state,0.02723429,,2019-04-30,2019-04-30,,2024-04-30,2019-04-30,2024-04-30,,
2019-04,forward_60m_execution,0.09095513,,2019-04-30,2019-04-30,2019-05-06,2024-04-30,2019-04-30,2024-04-30,,
2019-04,loss_flag_60m,0,,2019-04-30,2019-04-30,,2024-04-30,2019-04-30,2024-04-30,,
2019-04,future_max_drawdown_60m,-0.41561007,,2019-04-30,2019-04-30,,2024-04-30,2019-04-30,2024-04-30,1214,
2019-04,forward_120m_state,,HORIZON_INCOMPLETE,2019-04-30,2019-04-30,,,2019-04-30,,,2026-08-25
2019-04,forward_120m_execution,,HORIZON_INCOMPLETE,2019-04-30,2019-04-30,,,2019-04-30,,,2026-08-25
2019-04,loss_flag_120m,,HORIZON_INCOMPLETE,2019-04-30,2019-04-30,,,2019-04-30,,,2026-08-25
2019-04,future_max_drawdown_120m,,HORIZON_INCOMPLETE,2019-04-30,2019-04-30,,,2019-04-30,,,2026-08-25
2019-05,forward_36m_state,0.19586700,,2019-05-31,2019-05-31,,2022-05-31,2019-05-31,2022-05-31,,
2019-05,forward_36m_execution,0.19468012,,2019-05-31,2019-05-31,2019-06-03,2022-05-31,2019-05-31,2022-05-31,,
2019-05,loss_flag_36m,0,,2019-05-31,2019-05-31,,2022-05-31,2019-05-31,2022-05-31,,
2019-05,future_max_drawdown_36m,-0.33663735,,2019-05-31,2019-05-31,,2022-05-31,2019-05-31,2022-05-31,728,
2019-05,forward_60m_state,0.09816208,,2019-05-31,2019-05-31,,2024-05-31,2019-05-31,2024-05-31,,
2019-05,forward_60m_execution,0.09707218,,2019-05-31,2019-05-31,2019-06-03,2024-05-31,2019-05-31,2024-05-31,,
2019-05,loss_flag_60m,0,,2019-05-31,2019-05-31,,2024-05-31,2019-05-31,2024-05-31,,
2019-05,future_max_drawdown_60m,-0.41561007,,2019-05-31,2019-05-31,,2024-05-31,2019-05-31,2024-05-31,1214,
2019-05,forward_120m_state,,HORIZON_INCOMPLETE,2019-05-31,2019-05-31,,,2019-05-31,,,2026-08-25
2019-05,forward_120m_execution,,HORIZON_INCOMPLETE,2019-05-31,2019-05-31,,,2019-05-31,,,2026-08-25
2019-05,loss_flag_120m,,HORIZON_INCOMPLETE,2019-05-31,2019-05-31,,,2019-05-31,,,2026-08-25
2019-05,future_max_drawdown_120m,,HORIZON_INCOMPLETE,2019-05-31,2019-05-31,,,2019-05-31,,,2026-08-25
2019-06,forward_36m_state,0.24514800,,2019-06-28,2019-06-28,,2022-06-30,2019-06-28,2022-06-30,,
2019-06,forward_36m_execution,0.21025247,,2019-06-28,2019-06-28,2019-07-01,2022-06-30,2019-06-28,2022-06-30,,
2019-06,loss_flag_36m,0,,2019-06-28,2019-06-28,,2022-06-30,2019-06-28,2022-06-30,,
2019-06,future_max_drawdown_36m,-0.33663735,,2019-06-28,2019-06-28,,2022-06-30,2019-06-28,2022-06-30,730,
2019-06,forward_60m_state,0.00935480,,2019-06-28,2019-06-28,,2024-06-28,2019-06-28,2024-06-28,,
2019-06,forward_60m_execution,-0.01893257,,2019-06-28,2019-06-28,2019-07-01,2024-06-28,2019-06-28,2024-06-28,,
2019-06,loss_flag_60m,0,,2019-06-28,2019-06-28,,2024-06-28,2019-06-28,2024-06-28,,
2019-06,future_max_drawdown_60m,-0.41561007,,2019-06-28,2019-06-28,,2024-06-28,2019-06-28,2024-06-28,1214,
2019-06,forward_120m_state,,HORIZON_INCOMPLETE,2019-06-28,2019-06-28,,,2019-06-28,,,2026-08-25
2019-06,forward_120m_execution,,HORIZON_INCOMPLETE,2019-06-28,2019-06-28,,,2019-06-28,,,2026-08-25
2019-06,loss_flag_120m,,HORIZON_INCOMPLETE,2019-06-28,2019-06-28,,,2019-06-28,,,2026-08-25
2019-06,future_max_drawdown_120m,,HORIZON_INCOMPLETE,2019-06-28,2019-06-28,,,2019-06-28,,,2026-08-25
2019-07,forward_36m_state,0.15390736,,2019-07-31,2019-07-31,,2022-07-29,2019-07-31,2022-07-29,,
2019-07,forward_36m_execution,0.16358260,,2019-07-31,2019-07-31,2019-08-01,2022-07-29,2019-07-31,2022-07-29,,
2019-07,loss_flag_36m,0,,2019-07-31,2019-07-31,,2022-07-29,2019-07-31,2022-07-29,,
2019-07,future_max_drawdown_36m,-0.33663735,,2019-07-31,2019-07-31,,2022-07-29,2019-07-31,2022-07-29,728,
2019-07,forward_60m_state,0.00474091,,2019-07-31,2019-07-31,,2024-07-31,2019-07-31,2024-07-31,,
2019-07,forward_60m_execution,0.01316543,,2019-07-31,2019-07-31,2019-08-01,2024-07-31,2019-07-31,2024-07-31,,
2019-07,loss_flag_60m,0,,2019-07-31,2019-07-31,,2024-07-31,2019-07-31,2024-07-31,,
2019-07,future_max_drawdown_60m,-0.41561007,,2019-07-31,2019-07-31,,2024-07-31,2019-07-31,2024-07-31,1214,
2019-07,forward_120m_state,,HORIZON_INCOMPLETE,2019-07-31,2019-07-31,,,2019-07-31,,,2026-08-25
2019-07,forward_120m_execution,,HORIZON_INCOMPLETE,2019-07-31,2019-07-31,,,2019-07-31,,,2026-08-25
2019-07,loss_flag_120m,,HORIZON_INCOMPLETE,2019-07-31,2019-07-31,,,2019-07-31,,,2026-08-25
2019-07,future_max_drawdown_120m,,HORIZON_INCOMPLETE,2019-07-31,2019-07-31,,,2019-07-31,,,2026-08-25
2019-08,forward_36m_state,0.13920028,,2019-08-30,2019-08-30,,2022-08-31,2019-08-30,2022-08-31,,
2019-08,forward_36m_execution,0.12477294,,2019-08-30,2019-08-30,2019-09-02,2022-08-31,2019-08-30,2022-08-31,,
2019-08,loss_flag_36m,0,,2019-08-30,2019-08-30,,2022-08-31,2019-08-30,2022-08-31,,
2019-08,future_max_drawdown_36m,-0.33663735,,2019-08-30,2019-08-30,,2022-08-31,2019-08-30,2022-08-31,729,
2019-08,forward_60m_state,-0.02118750,,2019-08-30,2019-08-30,,2024-08-30,2019-08-30,2024-08-30,,
2019-08,forward_60m_execution,-0.03358362,,2019-08-30,2019-08-30,2019-09-02,2024-08-30,2019-08-30,2024-08-30,,
2019-08,loss_flag_60m,1,,2019-08-30,2019-08-30,,2024-08-30,2019-08-30,2024-08-30,,
2019-08,future_max_drawdown_60m,-0.41561007,,2019-08-30,2019-08-30,,2024-08-30,2019-08-30,2024-08-30,1214,
2019-08,forward_120m_state,,HORIZON_INCOMPLETE,2019-08-30,2019-08-30,,,2019-08-30,,,2026-08-25
2019-08,forward_120m_execution,,HORIZON_INCOMPLETE,2019-08-30,2019-08-30,,,2019-08-30,,,2026-08-25
2019-08,loss_flag_120m,,HORIZON_INCOMPLETE,2019-08-30,2019-08-30,,,2019-08-30,,,2026-08-25
2019-08,future_max_drawdown_120m,,HORIZON_INCOMPLETE,2019-08-30,2019-08-30,,,2019-08-30,,,2026-08-25
2019-09,forward_36m_state,0.05817765,,2019-09-30,2019-09-30,,2022-09-30,2019-09-30,2022-09-30,,
2019-09,forward_36m_execution,0.05179271,,2019-09-30,2019-09-30,2019-10-08,2022-09-30,2019-09-30,2022-09-30,,
2019-09,loss_flag_36m,0,,2019-09-30,2019-09-30,,2022-09-30,2019-09-30,2022-09-30,,
2019-09,future_max_drawdown_36m,-0.33663735,,2019-09-30,2019-09-30,,2022-09-30,2019-09-30,2022-09-30,730,
2019-09,forward_60m_state,0.17979380,,2019-09-30,2019-09-30,,2024-09-30,2019-09-30,2024-09-30,,
2019-09,forward_60m_execution,0.17267504,,2019-09-30,2019-09-30,2019-10-08,2024-09-30,2019-09-30,2024-09-30,,
2019-09,loss_flag_60m,0,,2019-09-30,2019-09-30,,2024-09-30,2019-09-30,2024-09-30,,
2019-09,future_max_drawdown_60m,-0.41561007,,2019-09-30,2019-09-30,,2024-09-30,2019-09-30,2024-09-30,1213,
2019-09,forward_120m_state,,HORIZON_INCOMPLETE,2019-09-30,2019-09-30,,,2019-09-30,,,2026-08-25
2019-09,forward_120m_execution,,HORIZON_INCOMPLETE,2019-09-30,2019-09-30,,,2019-09-30,,,2026-08-25
2019-09,loss_flag_120m,,HORIZON_INCOMPLETE,2019-09-30,2019-09-30,,,2019-09-30,,,2026-08-25
2019-09,future_max_drawdown_120m,,HORIZON_INCOMPLETE,2019-09-30,2019-09-30,,,2019-09-30,,,2026-08-25
2019-10,forward_36m_state,-0.04179009,,2019-10-31,2019-10-31,,2022-10-31,2019-10-31,2022-10-31,,
2019-10,forward_36m_execution,-0.05770196,,2019-10-31,2019-10-31,2019-11-01,2022-10-31,2019-10-31,2022-10-31,,
2019-10,loss_flag_36m,1,,2019-10-31,2019-10-31,,2022-10-31,2019-10-31,2022-10-31,,
2019-10,future_max_drawdown_36m,-0.37207815,,2019-10-31,2019-10-31,,2022-10-31,2019-10-31,2022-10-31,728,
2019-10,forward_60m_state,0.12278915,,2019-10-31,2019-10-31,,2024-10-31,2019-10-31,2024-10-31,,
2019-10,forward_60m_execution,0.10414432,,2019-10-31,2019-10-31,2019-11-01,2024-10-31,2019-10-31,2024-10-31,,
2019-10,loss_flag_60m,0,,2019-10-31,2019-10-31,,2024-10-31,2019-10-31,2024-10-31,,
2019-10,future_max_drawdown_60m,-0.41561007,,2019-10-31,2019-10-31,,2024-10-31,2019-10-31,2024-10-31,1213,
2019-10,forward_120m_state,,HORIZON_INCOMPLETE,2019-10-31,2019-10-31,,,2019-10-31,,,2026-08-25
2019-10,forward_120m_execution,,HORIZON_INCOMPLETE,2019-10-31,2019-10-31,,,2019-10-31,,,2026-08-25
2019-10,loss_flag_120m,,HORIZON_INCOMPLETE,2019-10-31,2019-10-31,,,2019-10-31,,,2026-08-25
2019-10,future_max_drawdown_120m,,HORIZON_INCOMPLETE,2019-10-31,2019-10-31,,,2019-10-31,,,2026-08-25
2019-11,forward_36m_state,0.06825262,,2019-11-29,2019-11-29,,2022-11-30,2019-11-29,2022-11-30,,
2019-11,forward_36m_execution,0.06619460,,2019-11-29,2019-11-29,2019-12-02,2022-11-30,2019-11-29,2022-11-30,,
2019-11,loss_flag_36m,0,,2019-11-29,2019-11-29,,2022-11-30,2019-11-29,2022-11-30,,
2019-11,future_max_drawdown_36m,-0.37207815,,2019-11-29,2019-11-29,,2022-11-30,2019-11-29,2022-11-30,729,
2019-11,forward_60m_state,0.14827915,,2019-11-29,2019-11-29,,2024-11-29,2019-11-29,2024-11-29,,
2019-11,forward_60m_execution,0.14606696,,2019-11-29,2019-11-29,2019-12-02,2024-11-29,2019-11-29,2024-11-29,,
2019-11,loss_flag_60m,0,,2019-11-29,2019-11-29,,2024-11-29,2019-11-29,2024-11-29,,
2019-11,future_max_drawdown_60m,-0.41561007,,2019-11-29,2019-11-29,,2024-11-29,2019-11-29,2024-11-29,1213,
2019-11,forward_120m_state,,HORIZON_INCOMPLETE,2019-11-29,2019-11-29,,,2019-11-29,,,2026-08-25
2019-11,forward_120m_execution,,HORIZON_INCOMPLETE,2019-11-29,2019-11-29,,,2019-11-29,,,2026-08-25
2019-11,loss_flag_120m,,HORIZON_INCOMPLETE,2019-11-29,2019-11-29,,,2019-11-29,,,2026-08-25
2019-11,future_max_drawdown_120m,,HORIZON_INCOMPLETE,2019-11-29,2019-11-29,,,2019-11-29,,,2026-08-25
2019-12,forward_36m_state,0.00463681,,2019-12-31,2019-12-31,,2022-12-30,2019-12-31,2022-12-30,,
2019-12,forward_36m_execution,-0.00882850,,2019-12-31,2019-12-31,2020-01-02,2022-12-30,2019-12-31,2022-12-30,,
2019-12,loss_flag_36m,0,,2019-12-31,2019-12-31,,2022-12-30,2019-12-31,2022-12-30,,
2019-12,future_max_drawdown_36m,-0.37207815,,2019-12-31,2019-12-31,,2022-12-30,2019-12-31,2022-12-30,729,
2019-12,forward_60m_state,0.07935949,,2019-12-31,2019-12-31,,2024-12-31,2019-12-31,2024-12-31,,
2019-12,forward_60m_execution,0.06489266,,2019-12-31,2019-12-31,2020-01-02,2024-12-31,2019-12-31,2024-12-31,,
2019-12,loss_flag_60m,0,,2019-12-31,2019-12-31,,2024-12-31,2019-12-31,2024-12-31,,
2019-12,future_max_drawdown_60m,-0.41561007,,2019-12-31,2019-12-31,,2024-12-31,2019-12-31,2024-12-31,1213,
2019-12,forward_120m_state,,HORIZON_INCOMPLETE,2019-12-31,2019-12-31,,,2019-12-31,,,2026-08-25
2019-12,forward_120m_execution,,HORIZON_INCOMPLETE,2019-12-31,2019-12-31,,,2019-12-31,,,2026-08-25
2019-12,loss_flag_120m,,HORIZON_INCOMPLETE,2019-12-31,2019-12-31,,,2019-12-31,,,2026-08-25
2019-12,future_max_drawdown_120m,,HORIZON_INCOMPLETE,2019-12-31,2019-12-31,,,2019-12-31,,,2026-08-25
2020-01,forward_36m_state,0.10369805,,2020-01-23,2020-01-23,,2023-01-31,2020-01-23,2023-01-31,,
2020-01,forward_36m_execution,0.19812058,,2020-01-23,2020-01-23,2020-02-03,2023-01-31,2020-01-23,2023-01-31,,
2020-01,loss_flag_36m,0,,2020-01-23,2020-01-23,,2023-01-31,2020-01-23,2023-01-31,,
2020-01,future_max_drawdown_36m,-0.37207815,,2020-01-23,2020-01-23,,2023-01-31,2020-01-23,2023-01-31,729,
2020-01,forward_60m_state,0.07364393,,2020-01-23,2020-01-23,,2025-01-27,2020-01-23,2025-01-27,,
2020-01,forward_60m_execution,0.16549531,,2020-01-23,2020-01-23,2020-02-03,2025-01-27,2020-01-23,2025-01-27,,
2020-01,loss_flag_60m,0,,2020-01-23,2020-01-23,,2025-01-27,2020-01-23,2025-01-27,,
2020-01,future_max_drawdown_60m,-0.41561007,,2020-01-23,2020-01-23,,2025-01-27,2020-01-23,2025-01-27,1215,
2020-01,forward_120m_state,,HORIZON_INCOMPLETE,2020-01-23,2020-01-23,,,2020-01-23,,,2026-08-25
2020-01,forward_120m_execution,,HORIZON_INCOMPLETE,2020-01-23,2020-01-23,,,2020-01-23,,,2026-08-25
2020-01,loss_flag_120m,,HORIZON_INCOMPLETE,2020-01-23,2020-01-23,,,2020-01-23,,,2026-08-25
2020-01,future_max_drawdown_120m,,HORIZON_INCOMPLETE,2020-01-23,2020-01-23,,,2020-01-23,,,2026-08-25
2020-02,forward_36m_state,0.09825635,,2020-02-28,2020-02-28,,2023-02-28,2020-02-28,2023-02-28,,
2020-02,forward_36m_execution,0.06327671,,2020-02-28,2020-02-28,2020-03-02,2023-02-28,2020-02-28,2023-02-28,,
2020-02,loss_flag_36m,0,,2020-02-28,2020-02-28,,2023-02-28,2020-02-28,2023-02-28,,
2020-02,future_max_drawdown_36m,-0.37207815,,2020-02-28,2020-02-28,,2023-02-28,2020-02-28,2023-02-28,729,
2020-02,forward_60m_state,0.11190003,,2020-02-28,2020-02-28,,2025-02-28,2020-02-28,2025-02-28,,
2020-02,forward_60m_execution,0.07648583,,2020-02-28,2020-02-28,2020-03-02,2025-02-28,2020-02-28,2025-02-28,,
2020-02,loss_flag_60m,0,,2020-02-28,2020-02-28,,2025-02-28,2020-02-28,2025-02-28,,
2020-02,future_max_drawdown_60m,-0.41561007,,2020-02-28,2020-02-28,,2025-02-28,2020-02-28,2025-02-28,1213,
2020-02,forward_120m_state,,HORIZON_INCOMPLETE,2020-02-28,2020-02-28,,,2020-02-28,,,2026-08-25
2020-02,forward_120m_execution,,HORIZON_INCOMPLETE,2020-02-28,2020-02-28,,,2020-02-28,,,2026-08-25
2020-02,loss_flag_120m,,HORIZON_INCOMPLETE,2020-02-28,2020-02-28,,,2020-02-28,,,2026-08-25
2020-02,future_max_drawdown_120m,,HORIZON_INCOMPLETE,2020-02-28,2020-02-28,,,2020-02-28,,,2026-08-25
2020-03,forward_36m_state,0.16859376,,2020-03-31,2020-03-31,,2023-03-31,2020-03-31,2023-03-31,,
2020-03,forward_36m_execution,0.17211711,,2020-03-31,2020-03-31,2020-04-01,2023-03-31,2020-03-31,2023-03-31,,
2020-03,loss_flag_36m,0,,2020-03-31,2020-03-31,,2023-03-31,2020-03-31,2023-03-31,,
2020-03,future_max_drawdown_36m,-0.37207815,,2020-03-31,2020-03-31,,2023-03-31,2020-03-31,2023-03-31,730,
2020-03,forward_60m_state,0.18768402,,2020-03-31,2020-03-31,,2025-03-31,2020-03-31,2025-03-31,,
2020-03,forward_60m_execution,0.19126493,,2020-03-31,2020-03-31,2020-04-01,2025-03-31,2020-03-31,2025-03-31,,
2020-03,loss_flag_60m,0,,2020-03-31,2020-03-31,,2025-03-31,2020-03-31,2025-03-31,,
2020-03,future_max_drawdown_60m,-0.41561007,,2020-03-31,2020-03-31,,2025-03-31,2020-03-31,2025-03-31,1212,
2020-03,forward_120m_state,,HORIZON_INCOMPLETE,2020-03-31,2020-03-31,,,2020-03-31,,,2026-08-25
2020-03,forward_120m_execution,,HORIZON_INCOMPLETE,2020-03-31,2020-03-31,,,2020-03-31,,,2026-08-25
2020-03,loss_flag_120m,,HORIZON_INCOMPLETE,2020-03-31,2020-03-31,,,2020-03-31,,,2026-08-25
2020-03,future_max_drawdown_120m,,HORIZON_INCOMPLETE,2020-03-31,2020-03-31,,,2020-03-31,,,2026-08-25
2020-04,forward_36m_state,0.09531304,,2020-04-30,2020-04-30,,2023-04-28,2020-04-30,2023-04-28,,
2020-04,forward_36m_execution,0.08872497,,2020-04-30,2020-04-30,2020-05-06,2023-04-28,2020-04-30,2023-04-28,,
2020-04,loss_flag_36m,0,,2020-04-30,2020-04-30,,2023-04-28,2020-04-30,2023-04-28,,
2020-04,future_max_drawdown_36m,-0.37207815,,2020-04-30,2020-04-30,,2023-04-28,2020-04-30,2023-04-28,728,
2020-04,forward_60m_state,0.08669682,,2020-04-30,2020-04-30,,2025-04-30,2020-04-30,2025-04-30,,
2020-04,forward_60m_execution,0.08016058,,2020-04-30,2020-04-30,2020-05-06,2025-04-30,2020-04-30,2025-04-30,,
2020-04,loss_flag_60m,0,,2020-04-30,2020-04-30,,2025-04-30,2020-04-30,2025-04-30,,
2020-04,future_max_drawdown_60m,-0.41561007,,2020-04-30,2020-04-30,,2025-04-30,2020-04-30,2025-04-30,1212,
2020-04,forward_120m_state,,HORIZON_INCOMPLETE,2020-04-30,2020-04-30,,,2020-04-30,,,2026-08-25
2020-04,forward_120m_execution,,HORIZON_INCOMPLETE,2020-04-30,2020-04-30,,,2020-04-30,,,2026-08-25
2020-04,loss_flag_120m,,HORIZON_INCOMPLETE,2020-04-30,2020-04-30,,,2020-04-30,,,2026-08-25
2020-04,future_max_drawdown_120m,,HORIZON_INCOMPLETE,2020-04-30,2020-04-30,,,2020-04-30,,,2026-08-25
2020-05,forward_36m_state,0.04353201,,2020-05-29,2020-05-29,,2023-05-31,2020-05-29,2023-05-31,,
2020-05,forward_36m_execution,0.01609867,,2020-05-29,2020-05-29,2020-06-01,2023-05-31,2020-05-29,2023-05-31,,
2020-05,loss_flag_36m,0,,2020-05-29,2020-05-29,,2023-05-31,2020-05-29,2023-05-31,,
2020-05,future_max_drawdown_36m,-0.37207815,,2020-05-29,2020-05-29,,2023-05-31,2020-05-29,2023-05-31,730,
2020-05,forward_60m_state,0.11834501,,2020-05-29,2020-05-29,,2025-05-30,2020-05-29,2025-05-30,,
2020-05,forward_60m_execution,0.08894492,,2020-05-29,2020-05-29,2020-06-01,2025-05-30,2020-05-29,2025-05-30,,
2020-05,loss_flag_60m,0,,2020-05-29,2020-05-29,,2025-05-30,2020-05-29,2025-05-30,,
2020-05,future_max_drawdown_60m,-0.41561007,,2020-05-29,2020-05-29,,2025-05-30,2020-05-29,2025-05-30,1213,
2020-05,forward_120m_state,,HORIZON_INCOMPLETE,2020-05-29,2020-05-29,,,2020-05-29,,,2026-08-25
2020-05,forward_120m_execution,,HORIZON_INCOMPLETE,2020-05-29,2020-05-29,,,2020-05-29,,,2026-08-25
2020-05,loss_flag_120m,,HORIZON_INCOMPLETE,2020-05-29,2020-05-29,,,2020-05-29,,,2026-08-25
2020-05,future_max_drawdown_120m,,HORIZON_INCOMPLETE,2020-05-29,2020-05-29,,,2020-05-29,,,2026-08-25
2020-06,forward_36m_state,-0.01756336,,2020-06-30,2020-06-30,,2023-06-30,2020-06-30,2023-06-30,,
2020-06,forward_36m_execution,-0.03698235,,2020-06-30,2020-06-30,2020-07-01,2023-06-30,2020-06-30,2023-06-30,,
2020-06,loss_flag_36m,1,,2020-06-30,2020-06-30,,2023-06-30,2020-06-30,2023-06-30,,
2020-06,future_max_drawdown_36m,-0.37207815,,2020-06-30,2020-06-30,,2023-06-30,2020-06-30,2023-06-30,730,
2020-06,forward_60m_state,0.06511777,,2020-06-30,2020-06-30,,2025-06-30,2020-06-30,2025-06-30,,
2020-06,forward_60m_execution,0.04406450,,2020-06-30,2020-06-30,2020-07-01,2025-06-30,2020-06-30,2025-06-30,,
2020-06,loss_flag_60m,0,,2020-06-30,2020-06-30,,2025-06-30,2020-06-30,2025-06-30,,
2020-06,future_max_drawdown_60m,-0.41561007,,2020-06-30,2020-06-30,,2025-06-30,2020-06-30,2025-06-30,1213,
2020-06,forward_120m_state,,HORIZON_INCOMPLETE,2020-06-30,2020-06-30,,,2020-06-30,,,2026-08-25
2020-06,forward_120m_execution,,HORIZON_INCOMPLETE,2020-06-30,2020-06-30,,,2020-06-30,,,2026-08-25
2020-06,loss_flag_120m,,HORIZON_INCOMPLETE,2020-06-30,2020-06-30,,,2020-06-30,,,2026-08-25
2020-06,future_max_drawdown_120m,,HORIZON_INCOMPLETE,2020-06-30,2020-06-30,,,2020-06-30,,,2026-08-25
2020-07,forward_36m_state,-0.08859877,,2020-07-31,2020-07-31,,2023-07-31,2020-07-31,2023-07-31,,
2020-07,forward_36m_execution,-0.10316725,,2020-07-31,2020-07-31,2020-08-03,2023-07-31,2020-07-31,2023-07-31,,
2020-07,loss_flag_36m,1,,2020-07-31,2020-07-31,,2023-07-31,2020-07-31,2023-07-31,,
2020-07,future_max_drawdown_36m,-0.37207815,,2020-07-31,2020-07-31,,2023-07-31,2020-07-31,2023-07-31,728,
2020-07,forward_60m_state,-0.02203246,,2020-07-31,2020-07-31,,2025-07-31,2020-07-31,2025-07-31,,
2020-07,forward_60m_execution,-0.03766498,,2020-07-31,2020-07-31,2020-08-03,2025-07-31,2020-07-31,2025-07-31,,
2020-07,loss_flag_60m,1,,2020-07-31,2020-07-31,,2025-07-31,2020-07-31,2025-07-31,,
2020-07,future_max_drawdown_60m,-0.41561007,,2020-07-31,2020-07-31,,2025-07-31,2020-07-31,2025-07-31,1213,
2020-07,forward_120m_state,,HORIZON_INCOMPLETE,2020-07-31,2020-07-31,,,2020-07-31,,,2026-08-25
2020-07,forward_120m_execution,,HORIZON_INCOMPLETE,2020-07-31,2020-07-31,,,2020-07-31,,,2026-08-25
2020-07,loss_flag_120m,,HORIZON_INCOMPLETE,2020-07-31,2020-07-31,,,2020-07-31,,,2026-08-25
2020-07,future_max_drawdown_120m,,HORIZON_INCOMPLETE,2020-07-31,2020-07-31,,,2020-07-31,,,2026-08-25
2020-08,forward_36m_state,-0.16642331,,2020-08-31,2020-08-31,,2023-08-31,2020-08-31,2023-08-31,,
2020-08,forward_36m_execution,-0.17088350,,2020-08-31,2020-08-31,2020-09-01,2023-08-31,2020-08-31,2023-08-31,,
2020-08,loss_flag_36m,1,,2020-08-31,2020-08-31,,2023-08-31,2020-08-31,2023-08-31,,
2020-08,future_max_drawdown_36m,-0.37207815,,2020-08-31,2020-08-31,,2023-08-31,2020-08-31,2023-08-31,730,
2020-08,forward_60m_state,0.05189877,,2020-08-31,2020-08-31,,2025-08-29,2020-08-31,2025-08-29,,
2020-08,forward_60m_execution,0.04627040,,2020-08-31,2020-08-31,2020-09-01,2025-08-29,2020-08-31,2025-08-29,,
2020-08,loss_flag_60m,0,,2020-08-31,2020-08-31,,2025-08-29,2020-08-31,2025-08-29,,
2020-08,future_max_drawdown_60m,-0.41561007,,2020-08-31,2020-08-31,,2025-08-29,2020-08-31,2025-08-29,1213,
2020-08,forward_120m_state,,HORIZON_INCOMPLETE,2020-08-31,2020-08-31,,,2020-08-31,,,2026-08-25
2020-08,forward_120m_execution,,HORIZON_INCOMPLETE,2020-08-31,2020-08-31,,,2020-08-31,,,2026-08-25
2020-08,loss_flag_120m,,HORIZON_INCOMPLETE,2020-08-31,2020-08-31,,,2020-08-31,,,2026-08-25
2020-08,future_max_drawdown_120m,,HORIZON_INCOMPLETE,2020-08-31,2020-08-31,,,2020-08-31,,,2026-08-25
2020-09,forward_36m_state,-0.14254356,,2020-09-30,2020-09-30,,2023-09-28,2020-09-30,2023-09-28,,
2020-09,forward_36m_execution,-0.15971390,,2020-09-30,2020-09-30,2020-10-09,2023-09-28,2020-09-30,2023-09-28,,
2020-09,loss_flag_36m,1,,2020-09-30,2020-09-30,,2023-09-28,2020-09-30,2023-09-28,,
2020-09,future_max_drawdown_36m,-0.37207815,,2020-09-30,2020-09-30,,2023-09-28,2020-09-30,2023-09-28,728,
2020-09,forward_60m_state,0.14050084,,2020-09-30,2020-09-30,,2025-09-30,2020-09-30,2025-09-30,,
2020-09,forward_60m_execution,0.11766260,,2020-09-30,2020-09-30,2020-10-09,2025-09-30,2020-09-30,2025-09-30,,
2020-09,loss_flag_60m,0,,2020-09-30,2020-09-30,,2025-09-30,2020-09-30,2025-09-30,,
2020-09,future_max_drawdown_60m,-0.41561007,,2020-09-30,2020-09-30,,2025-09-30,2020-09-30,2025-09-30,1213,
2020-09,forward_120m_state,,HORIZON_INCOMPLETE,2020-09-30,2020-09-30,,,2020-09-30,,,2026-08-25
2020-09,forward_120m_execution,,HORIZON_INCOMPLETE,2020-09-30,2020-09-30,,,2020-09-30,,,2026-08-25
2020-09,loss_flag_120m,,HORIZON_INCOMPLETE,2020-09-30,2020-09-30,,,2020-09-30,,,2026-08-25
2020-09,future_max_drawdown_120m,,HORIZON_INCOMPLETE,2020-09-30,2020-09-30,,,2020-09-30,,,2026-08-25
2020-10,forward_36m_state,-0.18837970,,2020-10-30,2020-10-30,,2023-10-31,2020-10-30,2023-10-31,,
2020-10,forward_36m_execution,-0.19276291,,2020-10-30,2020-10-30,2020-11-02,2023-10-31,2020-10-30,2023-10-31,,
2020-10,loss_flag_36m,1,,2020-10-30,2020-10-30,,2023-10-31,2020-10-30,2023-10-31,,
2020-10,future_max_drawdown_36m,-0.37207815,,2020-10-30,2020-10-30,,2023-10-31,2020-10-30,2023-10-31,729,
2020-10,forward_60m_state,0.11614249,,2020-10-30,2020-10-30,,2025-10-31,2020-10-30,2025-10-31,,
2020-10,forward_60m_execution,0.11011468,,2020-10-30,2020-10-30,2020-11-02,2025-10-31,2020-10-30,2025-10-31,,
2020-10,loss_flag_60m,0,,2020-10-30,2020-10-30,,2025-10-31,2020-10-30,2025-10-31,,
2020-10,future_max_drawdown_60m,-0.41561007,,2020-10-30,2020-10-30,,2025-10-31,2020-10-30,2025-10-31,1214,
2020-10,forward_120m_state,,HORIZON_INCOMPLETE,2020-10-30,2020-10-30,,,2020-10-30,,,2026-08-25
2020-10,forward_120m_execution,,HORIZON_INCOMPLETE,2020-10-30,2020-10-30,,,2020-10-30,,,2026-08-25
2020-10,loss_flag_120m,,HORIZON_INCOMPLETE,2020-10-30,2020-10-30,,,2020-10-30,,,2026-08-25
2020-10,future_max_drawdown_120m,,HORIZON_INCOMPLETE,2020-10-30,2020-10-30,,,2020-10-30,,,2026-08-25
2020-11,forward_36m_state,-0.24836448,,2020-11-30,2020-11-30,,2023-11-30,2020-11-30,2023-11-30,,
2020-11,forward_36m_execution,-0.26421356,,2020-11-30,2020-11-30,2020-12-01,2023-11-30,2020-11-30,2023-11-30,,
2020-11,loss_flag_36m,1,,2020-11-30,2020-11-30,,2023-11-30,2020-11-30,2023-11-30,,
2020-11,future_max_drawdown_36m,-0.37207815,,2020-11-30,2020-11-30,,2023-11-30,2020-11-30,2023-11-30,730,
2020-11,forward_60m_state,0.03085369,,2020-11-30,2020-11-30,,2025-11-28,2020-11-30,2025-11-28,,
2020-11,forward_60m_execution,0.00911698,,2020-11-30,2020-11-30,2020-12-01,2025-11-28,2020-11-30,2025-11-28,,
2020-11,loss_flag_60m,0,,2020-11-30,2020-11-30,,2025-11-28,2020-11-30,2025-11-28,,
2020-11,future_max_drawdown_60m,-0.41561007,,2020-11-30,2020-11-30,,2025-11-28,2020-11-30,2025-11-28,1213,
2020-11,forward_120m_state,,HORIZON_INCOMPLETE,2020-11-30,2020-11-30,,,2020-11-30,,,2026-08-25
2020-11,forward_120m_execution,,HORIZON_INCOMPLETE,2020-11-30,2020-11-30,,,2020-11-30,,,2026-08-25
2020-11,loss_flag_120m,,HORIZON_INCOMPLETE,2020-11-30,2020-11-30,,,2020-11-30,,,2026-08-25
2020-11,future_max_drawdown_120m,,HORIZON_INCOMPLETE,2020-11-30,2020-11-30,,,2020-11-30,,,2026-08-25
2020-12,forward_36m_state,-0.29721562,,2020-12-31,2020-12-31,,2023-12-29,2020-12-31,2023-12-29,,
2020-12,forward_36m_execution,-0.30474423,,2020-12-31,2020-12-31,2021-01-04,2023-12-29,2020-12-31,2023-12-29,,
2020-12,loss_flag_36m,1,,2020-12-31,2020-12-31,,2023-12-29,2020-12-31,2023-12-29,,
2020-12,future_max_drawdown_36m,-0.39397559,,2020-12-31,2020-12-31,,2023-12-29,2020-12-31,2023-12-29,728,
2020-12,forward_60m_state,0.00533548,,2020-12-31,2020-12-31,,2025-12-31,2020-12-31,2025-12-31,,
2020-12,forward_60m_execution,-0.00543421,,2020-12-31,2020-12-31,2021-01-04,2025-12-31,2020-12-31,2025-12-31,,
2020-12,loss_flag_60m,0,,2020-12-31,2020-12-31,,2025-12-31,2020-12-31,2025-12-31,,
2020-12,future_max_drawdown_60m,-0.41561007,,2020-12-31,2020-12-31,,2025-12-31,2020-12-31,2025-12-31,1213,
2020-12,forward_120m_state,,HORIZON_INCOMPLETE,2020-12-31,2020-12-31,,,2020-12-31,,,2026-08-25
2020-12,forward_120m_execution,,HORIZON_INCOMPLETE,2020-12-31,2020-12-31,,,2020-12-31,,,2026-08-25
2020-12,loss_flag_120m,,HORIZON_INCOMPLETE,2020-12-31,2020-12-31,,,2020-12-31,,,2026-08-25
2020-12,future_max_drawdown_120m,,HORIZON_INCOMPLETE,2020-12-31,2020-12-31,,,2020-12-31,,,2026-08-25
2021-01,forward_36m_state,-0.35871970,,2021-01-29,2021-01-29,,2024-01-31,2021-01-29,2024-01-31,,
2021-01,forward_36m_execution,-0.36649488,,2021-01-29,2021-01-29,2021-02-01,2024-01-31,2021-01-29,2024-01-31,,
2021-01,loss_flag_36m,1,,2021-01-29,2021-01-29,,2024-01-31,2021-01-29,2024-01-31,,
2021-01,future_max_drawdown_36m,-0.40904388,,2021-01-29,2021-01-29,,2024-01-31,2021-01-29,2024-01-31,730,
2021-01,forward_60m_state,-0.00375411,,2021-01-29,2021-01-29,,2026-01-30,2021-01-29,2026-01-30,,
2021-01,forward_60m_execution,-0.01583306,,2021-01-29,2021-01-29,2021-02-01,2026-01-30,2021-01-29,2026-01-30,,
2021-01,loss_flag_60m,1,,2021-01-29,2021-01-29,,2026-01-30,2021-01-29,2026-01-30,,
2021-01,future_max_drawdown_60m,-0.41561007,,2021-01-29,2021-01-29,,2026-01-30,2021-01-29,2026-01-30,1213,
2021-01,forward_120m_state,,HORIZON_INCOMPLETE,2021-01-29,2021-01-29,,,2021-01-29,,,2026-08-25
2021-01,forward_120m_execution,,HORIZON_INCOMPLETE,2021-01-29,2021-01-29,,,2021-01-29,,,2026-08-25
2021-01,loss_flag_120m,,HORIZON_INCOMPLETE,2021-01-29,2021-01-29,,,2021-01-29,,,2026-08-25
2021-01,future_max_drawdown_120m,,HORIZON_INCOMPLETE,2021-01-29,2021-01-29,,,2021-01-29,,,2026-08-25
2021-02,forward_36m_state,-0.29674369,,2021-02-26,2021-02-26,,2024-02-29,2021-02-26,2024-02-29,,
2021-02,forward_36m_execution,-0.30738901,,2021-02-26,2021-02-26,2021-03-01,2024-02-29,2021-02-26,2024-02-29,,
2021-02,loss_flag_36m,1,,2021-02-26,2021-02-26,,2024-02-29,2021-02-26,2024-02-29,,
2021-02,future_max_drawdown_36m,-0.37750552,,2021-02-26,2021-02-26,,2024-02-29,2021-02-26,2024-02-29,730,
2021-02,forward_60m_state,0.00075210,,2021-02-26,2021-02-26,,2026-02-27,2021-02-26,2026-02-27,,
2021-02,forward_60m_execution,-0.01439647,,2021-02-26,2021-02-26,2021-03-01,2026-02-27,2021-02-26,2026-02-27,,
2021-02,loss_flag_60m,0,,2021-02-26,2021-02-26,,2026-02-27,2021-02-26,2026-02-27,,
2021-02,future_max_drawdown_60m,-0.37750552,,2021-02-26,2021-02-26,,2026-02-27,2021-02-26,2026-02-27,1212,
2021-02,forward_120m_state,,HORIZON_INCOMPLETE,2021-02-26,2021-02-26,,,2021-02-26,,,2026-08-25
2021-02,forward_120m_execution,,HORIZON_INCOMPLETE,2021-02-26,2021-02-26,,,2021-02-26,,,2026-08-25
2021-02,loss_flag_120m,,HORIZON_INCOMPLETE,2021-02-26,2021-02-26,,,2021-02-26,,,2026-08-25
2021-02,future_max_drawdown_120m,,HORIZON_INCOMPLETE,2021-02-26,2021-02-26,,,2021-02-26,,,2026-08-25
2021-03,forward_36m_state,-0.25204688,,2021-03-31,2021-03-31,,2024-03-29,2021-03-31,2024-03-29,,
2021-03,forward_36m_execution,-0.26120891,,2021-03-31,2021-03-31,2021-04-01,2024-03-29,2021-03-31,2024-03-29,,
2021-03,loss_flag_36m,1,,2021-03-31,2021-03-31,,2024-03-29,2021-03-31,2024-03-29,,
2021-03,future_max_drawdown_36m,-0.36600961,,2021-03-31,2021-03-31,,2024-03-29,2021-03-31,2024-03-29,728,
2021-03,forward_60m_state,-0.00063238,,2021-03-31,2021-03-31,,2026-03-31,2021-03-31,2026-03-31,,
2021-03,forward_60m_execution,-0.01287411,,2021-03-31,2021-03-31,2021-04-01,2026-03-31,2021-03-31,2026-03-31,,
2021-03,loss_flag_60m,1,,2021-03-31,2021-03-31,,2026-03-31,2021-03-31,2026-03-31,,
2021-03,future_max_drawdown_60m,-0.36600961,,2021-03-31,2021-03-31,,2026-03-31,2021-03-31,2026-03-31,1211,
2021-03,forward_120m_state,,HORIZON_INCOMPLETE,2021-03-31,2021-03-31,,,2021-03-31,,,2026-08-25
2021-03,forward_120m_execution,,HORIZON_INCOMPLETE,2021-03-31,2021-03-31,,,2021-03-31,,,2026-08-25
2021-03,loss_flag_120m,,HORIZON_INCOMPLETE,2021-03-31,2021-03-31,,,2021-03-31,,,2026-08-25
2021-03,future_max_drawdown_120m,,HORIZON_INCOMPLETE,2021-03-31,2021-03-31,,,2021-03-31,,,2026-08-25
2021-04,forward_36m_state,-0.24893345,,2021-04-30,2021-04-30,,2024-04-30,2021-04-30,2024-04-30,,
2021-04,forward_36m_execution,-0.23967910,,2021-04-30,2021-04-30,2021-05-06,2024-04-30,2021-04-30,2024-04-30,,
2021-04,loss_flag_36m,1,,2021-04-30,2021-04-30,,2024-04-30,2021-04-30,2024-04-30,,
2021-04,future_max_drawdown_36m,-0.36600961,,2021-04-30,2021-04-30,,2024-04-30,2021-04-30,2024-04-30,727,
2021-04,forward_60m_state,0.06391979,,2021-04-30,2021-04-30,,2026-04-30,2021-04-30,2026-04-30,,
2021-04,forward_60m_execution,0.07702900,,2021-04-30,2021-04-30,2021-05-06,2026-04-30,2021-04-30,2026-04-30,,
2021-04,loss_flag_60m,0,,2021-04-30,2021-04-30,,2026-04-30,2021-04-30,2026-04-30,,
2021-04,future_max_drawdown_60m,-0.36600961,,2021-04-30,2021-04-30,,2026-04-30,2021-04-30,2026-04-30,1211,
2021-04,forward_120m_state,,HORIZON_INCOMPLETE,2021-04-30,2021-04-30,,,2021-04-30,,,2026-08-25
2021-04,forward_120m_execution,,HORIZON_INCOMPLETE,2021-04-30,2021-04-30,,,2021-04-30,,,2026-08-25
2021-04,loss_flag_120m,,HORIZON_INCOMPLETE,2021-04-30,2021-04-30,,,2021-04-30,,,2026-08-25
2021-04,future_max_drawdown_120m,,HORIZON_INCOMPLETE,2021-04-30,2021-04-30,,,2021-04-30,,,2026-08-25
2021-05,forward_36m_state,-0.28231901,,2021-05-31,2021-05-31,,2024-05-31,2021-05-31,2024-05-31,,
2021-05,forward_36m_execution,-0.28373163,,2021-05-31,2021-05-31,2021-06-01,2024-05-31,2021-05-31,2024-05-31,,
2021-05,loss_flag_36m,1,,2021-05-31,2021-05-31,,2024-05-31,2021-05-31,2024-05-31,,
2021-05,future_max_drawdown_36m,-0.36600961,,2021-05-31,2021-05-31,,2024-05-31,2021-05-31,2024-05-31,729,
2021-05,forward_60m_state,0.04107145,,2021-05-31,2021-05-31,,2026-05-29,2021-05-31,2026-05-29,,
2021-05,forward_60m_execution,0.03902229,,2021-05-31,2021-05-31,2021-06-01,2026-05-29,2021-05-31,2026-05-29,,
2021-05,loss_flag_60m,0,,2021-05-31,2021-05-31,,2026-05-29,2021-05-31,2026-05-29,,
2021-05,future_max_drawdown_60m,-0.36600961,,2021-05-31,2021-05-31,,2026-05-29,2021-05-31,2026-05-29,1211,
2021-05,forward_120m_state,,HORIZON_INCOMPLETE,2021-05-31,2021-05-31,,,2021-05-31,,,2026-08-25
2021-05,forward_120m_execution,,HORIZON_INCOMPLETE,2021-05-31,2021-05-31,,,2021-05-31,,,2026-08-25
2021-05,loss_flag_120m,,HORIZON_INCOMPLETE,2021-05-31,2021-05-31,,,2021-05-31,,,2026-08-25
2021-05,future_max_drawdown_120m,,HORIZON_INCOMPLETE,2021-05-31,2021-05-31,,,2021-05-31,,,2026-08-25
2021-06,forward_36m_state,-0.28992165,,2021-06-30,2021-06-30,,2024-06-28,2021-06-30,2024-06-28,,
2021-06,forward_36m_execution,-0.29074268,,2021-06-30,2021-06-30,2021-07-01,2024-06-28,2021-06-30,2024-06-28,,
2021-06,loss_flag_36m,1,,2021-06-30,2021-06-30,,2024-06-28,2021-06-30,2024-06-28,,
2021-06,future_max_drawdown_36m,-0.35599243,,2021-06-30,2021-06-30,,2024-06-28,2021-06-30,2024-06-28,727,
2021-06,forward_60m_state,0.08116564,,2021-06-30,2021-06-30,,2026-06-30,2021-06-30,2026-06-30,,
2021-06,forward_60m_execution,0.07991554,,2021-06-30,2021-06-30,2021-07-01,2026-06-30,2021-06-30,2026-06-30,,
2021-06,loss_flag_60m,0,,2021-06-30,2021-06-30,,2026-06-30,2021-06-30,2026-06-30,,
2021-06,future_max_drawdown_60m,-0.35599243,,2021-06-30,2021-06-30,,2026-06-30,2021-06-30,2026-06-30,1211,
2021-06,forward_120m_state,,HORIZON_INCOMPLETE,2021-06-30,2021-06-30,,,2021-06-30,,,2026-08-25
2021-06,forward_120m_execution,,HORIZON_INCOMPLETE,2021-06-30,2021-06-30,,,2021-06-30,,,2026-08-25
2021-06,loss_flag_120m,,HORIZON_INCOMPLETE,2021-06-30,2021-06-30,,,2021-06-30,,,2026-08-25
2021-06,future_max_drawdown_120m,,HORIZON_INCOMPLETE,2021-06-30,2021-06-30,,,2021-06-30,,,2026-08-25
2021-07,forward_36m_state,-0.22930328,,2021-07-30,2021-07-30,,2024-07-31,2021-07-30,2024-07-31,,
2021-07,forward_36m_execution,-0.24844891,,2021-07-30,2021-07-30,2021-08-02,2024-07-31,2021-07-30,2024-07-31,,
2021-07,loss_flag_36m,1,,2021-07-30,2021-07-30,,2024-07-31,2021-07-30,2024-07-31,,
2021-07,future_max_drawdown_36m,-0.34403178,,2021-07-30,2021-07-30,,2024-07-31,2021-07-30,2024-07-31,728,
2021-07,forward_60m_state,0.07995879,,2021-07-30,2021-07-30,,2026-07-31,2021-07-30,2026-07-31,,
2021-07,forward_60m_execution,0.05313048,,2021-07-30,2021-07-30,2021-08-02,2026-07-31,2021-07-30,2026-07-31,,
2021-07,loss_flag_60m,0,,2021-07-30,2021-07-30,,2026-07-31,2021-07-30,2026-07-31,,
2021-07,future_max_drawdown_60m,-0.34403178,,2021-07-30,2021-07-30,,2026-07-31,2021-07-30,2026-07-31,1212,
2021-07,forward_120m_state,,HORIZON_INCOMPLETE,2021-07-30,2021-07-30,,,2021-07-30,,,2026-08-25
2021-07,forward_120m_execution,,HORIZON_INCOMPLETE,2021-07-30,2021-07-30,,,2021-07-30,,,2026-08-25
2021-07,loss_flag_120m,,HORIZON_INCOMPLETE,2021-07-30,2021-07-30,,,2021-07-30,,,2026-08-25
2021-07,future_max_drawdown_120m,,HORIZON_INCOMPLETE,2021-07-30,2021-07-30,,,2021-07-30,,,2026-08-25
2021-08,forward_36m_state,-0.25537303,,2021-08-31,2021-08-31,,2024-08-30,2021-08-31,2024-08-30,,
2021-08,forward_36m_execution,-0.26513648,,2021-08-31,2021-08-31,2021-09-01,2024-08-30,2021-08-31,2024-08-30,,
2021-08,loss_flag_36m,1,,2021-08-31,2021-08-31,,2024-08-30,2021-08-31,2024-08-30,,
2021-08,future_max_drawdown_36m,-0.34403178,,2021-08-31,2021-08-31,,2024-08-30,2021-08-31,2024-08-30,728,
2021-08,forward_60m_state,,HORIZON_INCOMPLETE,2021-08-31,2021-08-31,,,2021-08-31,,,2026-08-25
2021-08,forward_60m_execution,,HORIZON_INCOMPLETE,2021-08-31,2021-08-31,,,2021-08-31,,,2026-08-25
2021-08,loss_flag_60m,,HORIZON_INCOMPLETE,2021-08-31,2021-08-31,,,2021-08-31,,,2026-08-25
2021-08,future_max_drawdown_60m,,HORIZON_INCOMPLETE,2021-08-31,2021-08-31,,,2021-08-31,,,2026-08-25
2021-08,forward_120m_state,,HORIZON_INCOMPLETE,2021-08-31,2021-08-31,,,2021-08-31,,,2026-08-25
2021-08,forward_120m_execution,,HORIZON_INCOMPLETE,2021-08-31,2021-08-31,,,2021-08-31,,,2026-08-25
2021-08,loss_flag_120m,,HORIZON_INCOMPLETE,2021-08-31,2021-08-31,,,2021-08-31,,,2026-08-25
2021-08,future_max_drawdown_120m,,HORIZON_INCOMPLETE,2021-08-31,2021-08-31,,,2021-08-31,,,2026-08-25
2021-09,forward_36m_state,-0.10960723,,2021-09-30,2021-09-30,,2024-09-30,2021-09-30,2024-09-30,,
2021-09,forward_36m_execution,-0.12108751,,2021-09-30,2021-09-30,2021-10-08,2024-09-30,2021-09-30,2024-09-30,,
2021-09,loss_flag_36m,1,,2021-09-30,2021-09-30,,2024-09-30,2021-09-30,2024-09-30,,
2021-09,future_max_drawdown_36m,-0.34403178,,2021-09-30,2021-09-30,,2024-09-30,2021-09-30,2024-09-30,727,
2021-09,forward_60m_state,,HORIZON_INCOMPLETE,2021-09-30,2021-09-30,,,2021-09-30,,,2026-08-25
2021-09,forward_60m_execution,,HORIZON_INCOMPLETE,2021-09-30,2021-09-30,,,2021-09-30,,,2026-08-25
2021-09,loss_flag_60m,,HORIZON_INCOMPLETE,2021-09-30,2021-09-30,,,2021-09-30,,,2026-08-25
2021-09,future_max_drawdown_60m,,HORIZON_INCOMPLETE,2021-09-30,2021-09-30,,,2021-09-30,,,2026-08-25
2021-09,forward_120m_state,,HORIZON_INCOMPLETE,2021-09-30,2021-09-30,,,2021-09-30,,,2026-08-25
2021-09,forward_120m_execution,,HORIZON_INCOMPLETE,2021-09-30,2021-09-30,,,2021-09-30,,,2026-08-25
2021-09,loss_flag_120m,,HORIZON_INCOMPLETE,2021-09-30,2021-09-30,,,2021-09-30,,,2026-08-25
2021-09,future_max_drawdown_120m,,HORIZON_INCOMPLETE,2021-09-30,2021-09-30,,,2021-09-30,,,2026-08-25
2021-10,forward_36m_state,-0.14457454,,2021-10-29,2021-10-29,,2024-10-31,2021-10-29,2024-10-31,,
2021-10,forward_36m_execution,-0.14141140,,2021-10-29,2021-10-29,2021-11-01,2024-10-31,2021-10-29,2024-10-31,,
2021-10,loss_flag_36m,1,,2021-10-29,2021-10-29,,2024-10-31,2021-10-29,2024-10-31,,
2021-10,future_max_drawdown_36m,-0.34403178,,2021-10-29,2021-10-29,,2024-10-31,2021-10-29,2024-10-31,729,
2021-10,forward_60m_state,,HORIZON_INCOMPLETE,2021-10-29,2021-10-29,,,2021-10-29,,,2026-08-25
2021-10,forward_60m_execution,,HORIZON_INCOMPLETE,2021-10-29,2021-10-29,,,2021-10-29,,,2026-08-25
2021-10,loss_flag_60m,,HORIZON_INCOMPLETE,2021-10-29,2021-10-29,,,2021-10-29,,,2026-08-25
2021-10,future_max_drawdown_60m,,HORIZON_INCOMPLETE,2021-10-29,2021-10-29,,,2021-10-29,,,2026-08-25
2021-10,forward_120m_state,,HORIZON_INCOMPLETE,2021-10-29,2021-10-29,,,2021-10-29,,,2026-08-25
2021-10,forward_120m_execution,,HORIZON_INCOMPLETE,2021-10-29,2021-10-29,,,2021-10-29,,,2026-08-25
2021-10,loss_flag_120m,,HORIZON_INCOMPLETE,2021-10-29,2021-10-29,,,2021-10-29,,,2026-08-25
2021-10,future_max_drawdown_120m,,HORIZON_INCOMPLETE,2021-10-29,2021-10-29,,,2021-10-29,,,2026-08-25
2021-11,forward_36m_state,-0.12455114,,2021-11-30,2021-11-30,,2024-11-29,2021-11-30,2024-11-29,,
2021-11,forward_36m_execution,-0.12668812,,2021-11-30,2021-11-30,2021-12-01,2024-11-29,2021-11-30,2024-11-29,,
2021-11,loss_flag_36m,1,,2021-11-30,2021-11-30,,2024-11-29,2021-11-30,2024-11-29,,
2021-11,future_max_drawdown_36m,-0.34403178,,2021-11-30,2021-11-30,,2024-11-29,2021-11-30,2024-11-29,728,
2021-11,forward_60m_state,,HORIZON_INCOMPLETE,2021-11-30,2021-11-30,,,2021-11-30,,,2026-08-25
2021-11,forward_60m_execution,,HORIZON_INCOMPLETE,2021-11-30,2021-11-30,,,2021-11-30,,,2026-08-25
2021-11,loss_flag_60m,,HORIZON_INCOMPLETE,2021-11-30,2021-11-30,,,2021-11-30,,,2026-08-25
2021-11,future_max_drawdown_60m,,HORIZON_INCOMPLETE,2021-11-30,2021-11-30,,,2021-11-30,,,2026-08-25
2021-11,forward_120m_state,,HORIZON_INCOMPLETE,2021-11-30,2021-11-30,,,2021-11-30,,,2026-08-25
2021-11,forward_120m_execution,,HORIZON_INCOMPLETE,2021-11-30,2021-11-30,,,2021-11-30,,,2026-08-25
2021-11,loss_flag_120m,,HORIZON_INCOMPLETE,2021-11-30,2021-11-30,,,2021-11-30,,,2026-08-25
2021-11,future_max_drawdown_120m,,HORIZON_INCOMPLETE,2021-11-30,2021-11-30,,,2021-11-30,,,2026-08-25
2021-12,forward_36m_state,-0.13874342,,2021-12-31,2021-12-31,,2024-12-31,2021-12-31,2024-12-31,,
2021-12,forward_36m_execution,-0.13478420,,2021-12-31,2021-12-31,2022-01-04,2024-12-31,2021-12-31,2024-12-31,,
2021-12,loss_flag_36m,1,,2021-12-31,2021-12-31,,2024-12-31,2021-12-31,2024-12-31,,
2021-12,future_max_drawdown_36m,-0.32498829,,2021-12-31,2021-12-31,,2024-12-31,2021-12-31,2024-12-31,727,
2021-12,forward_60m_state,,HORIZON_INCOMPLETE,2021-12-31,2021-12-31,,,2021-12-31,,,2026-08-25
2021-12,forward_60m_execution,,HORIZON_INCOMPLETE,2021-12-31,2021-12-31,,,2021-12-31,,,2026-08-25
2021-12,loss_flag_60m,,HORIZON_INCOMPLETE,2021-12-31,2021-12-31,,,2021-12-31,,,2026-08-25
2021-12,future_max_drawdown_60m,,HORIZON_INCOMPLETE,2021-12-31,2021-12-31,,,2021-12-31,,,2026-08-25
2021-12,forward_120m_state,,HORIZON_INCOMPLETE,2021-12-31,2021-12-31,,,2021-12-31,,,2026-08-25
2021-12,forward_120m_execution,,HORIZON_INCOMPLETE,2021-12-31,2021-12-31,,,2021-12-31,,,2026-08-25
2021-12,loss_flag_120m,,HORIZON_INCOMPLETE,2021-12-31,2021-12-31,,,2021-12-31,,,2026-08-25
2021-12,future_max_drawdown_120m,,HORIZON_INCOMPLETE,2021-12-31,2021-12-31,,,2021-12-31,,,2026-08-25
2022-01,forward_36m_state,-0.09359138,,2022-01-28,2022-01-28,,2025-01-27,2022-01-28,2025-01-27,,
2022-01,forward_36m_execution,-0.10734516,,2022-01-28,2022-01-28,2022-02-07,2025-01-27,2022-01-28,2025-01-27,,
2022-01,loss_flag_36m,1,,2022-01-28,2022-01-28,,2025-01-27,2022-01-28,2025-01-27,,
2022-01,future_max_drawdown_36m,-0.28315435,,2022-01-28,2022-01-28,,2025-01-27,2022-01-28,2025-01-27,726,
2022-01,forward_60m_state,,HORIZON_INCOMPLETE,2022-01-28,2022-01-28,,,2022-01-28,,,2026-08-25
2022-01,forward_60m_execution,,HORIZON_INCOMPLETE,2022-01-28,2022-01-28,,,2022-01-28,,,2026-08-25
2022-01,loss_flag_60m,,HORIZON_INCOMPLETE,2022-01-28,2022-01-28,,,2022-01-28,,,2026-08-25
2022-01,future_max_drawdown_60m,,HORIZON_INCOMPLETE,2022-01-28,2022-01-28,,,2022-01-28,,,2026-08-25
2022-01,forward_120m_state,,HORIZON_INCOMPLETE,2022-01-28,2022-01-28,,,2022-01-28,,,2026-08-25
2022-01,forward_120m_execution,,HORIZON_INCOMPLETE,2022-01-28,2022-01-28,,,2022-01-28,,,2026-08-25
2022-01,loss_flag_120m,,HORIZON_INCOMPLETE,2022-01-28,2022-01-28,,,2022-01-28,,,2026-08-25
2022-01,future_max_drawdown_120m,,HORIZON_INCOMPLETE,2022-01-28,2022-01-28,,,2022-01-28,,,2026-08-25
2022-02,forward_36m_state,-0.07986840,,2022-02-28,2022-02-28,,2025-02-28,2022-02-28,2025-02-28,,
2022-02,forward_36m_execution,-0.08744415,,2022-02-28,2022-02-28,2022-03-01,2025-02-28,2022-02-28,2025-02-28,,
2022-02,loss_flag_36m,1,,2022-02-28,2022-02-28,,2025-02-28,2022-02-28,2025-02-28,,
2022-02,future_max_drawdown_36m,-0.27812990,,2022-02-28,2022-02-28,,2025-02-28,2022-02-28,2025-02-28,728,
2022-02,forward_60m_state,,HORIZON_INCOMPLETE,2022-02-28,2022-02-28,,,2022-02-28,,,2026-08-25
2022-02,forward_60m_execution,,HORIZON_INCOMPLETE,2022-02-28,2022-02-28,,,2022-02-28,,,2026-08-25
2022-02,loss_flag_60m,,HORIZON_INCOMPLETE,2022-02-28,2022-02-28,,,2022-02-28,,,2026-08-25
2022-02,future_max_drawdown_60m,,HORIZON_INCOMPLETE,2022-02-28,2022-02-28,,,2022-02-28,,,2026-08-25
2022-02,forward_120m_state,,HORIZON_INCOMPLETE,2022-02-28,2022-02-28,,,2022-02-28,,,2026-08-25
2022-02,forward_120m_execution,,HORIZON_INCOMPLETE,2022-02-28,2022-02-28,,,2022-02-28,,,2026-08-25
2022-02,loss_flag_120m,,HORIZON_INCOMPLETE,2022-02-28,2022-02-28,,,2022-02-28,,,2026-08-25
2022-02,future_max_drawdown_120m,,HORIZON_INCOMPLETE,2022-02-28,2022-02-28,,,2022-02-28,,,2026-08-25
2022-03,forward_36m_state,-0.00232328,,2022-03-31,2022-03-31,,2025-03-31,2022-03-31,2025-03-31,,
2022-03,forward_36m_execution,-0.01481960,,2022-03-31,2022-03-31,2022-04-01,2025-03-31,2022-03-31,2025-03-31,,
2022-03,loss_flag_36m,1,,2022-03-31,2022-03-31,,2025-03-31,2022-03-31,2025-03-31,,
2022-03,future_max_drawdown_36m,-0.26575772,,2022-03-31,2022-03-31,,2025-03-31,2022-03-31,2025-03-31,726,
2022-03,forward_60m_state,,HORIZON_INCOMPLETE,2022-03-31,2022-03-31,,,2022-03-31,,,2026-08-25
2022-03,forward_60m_execution,,HORIZON_INCOMPLETE,2022-03-31,2022-03-31,,,2022-03-31,,,2026-08-25
2022-03,loss_flag_60m,,HORIZON_INCOMPLETE,2022-03-31,2022-03-31,,,2022-03-31,,,2026-08-25
2022-03,future_max_drawdown_60m,,HORIZON_INCOMPLETE,2022-03-31,2022-03-31,,,2022-03-31,,,2026-08-25
2022-03,forward_120m_state,,HORIZON_INCOMPLETE,2022-03-31,2022-03-31,,,2022-03-31,,,2026-08-25
2022-03,forward_120m_execution,,HORIZON_INCOMPLETE,2022-03-31,2022-03-31,,,2022-03-31,,,2026-08-25
2022-03,loss_flag_120m,,HORIZON_INCOMPLETE,2022-03-31,2022-03-31,,,2022-03-31,,,2026-08-25
2022-03,future_max_drawdown_120m,,HORIZON_INCOMPLETE,2022-03-31,2022-03-31,,,2022-03-31,,,2026-08-25
2022-04,forward_36m_state,0.01816626,,2022-04-29,2022-04-29,,2025-04-30,2022-04-29,2025-04-30,,
2022-04,forward_36m_execution,0.01965072,,2022-04-29,2022-04-29,2022-05-05,2025-04-30,2022-04-29,2025-04-30,,
2022-04,loss_flag_36m,0,,2022-04-29,2022-04-29,,2025-04-30,2022-04-29,2025-04-30,,
2022-04,future_max_drawdown_36m,-0.26575772,,2022-04-29,2022-04-29,,2025-04-30,2022-04-29,2025-04-30,728,
2022-04,forward_60m_state,,HORIZON_INCOMPLETE,2022-04-29,2022-04-29,,,2022-04-29,,,2026-08-25
2022-04,forward_60m_execution,,HORIZON_INCOMPLETE,2022-04-29,2022-04-29,,,2022-04-29,,,2026-08-25
2022-04,loss_flag_60m,,HORIZON_INCOMPLETE,2022-04-29,2022-04-29,,,2022-04-29,,,2026-08-25
2022-04,future_max_drawdown_60m,,HORIZON_INCOMPLETE,2022-04-29,2022-04-29,,,2022-04-29,,,2026-08-25
2022-04,forward_120m_state,,HORIZON_INCOMPLETE,2022-04-29,2022-04-29,,,2022-04-29,,,2026-08-25
2022-04,forward_120m_execution,,HORIZON_INCOMPLETE,2022-04-29,2022-04-29,,,2022-04-29,,,2026-08-25
2022-04,loss_flag_120m,,HORIZON_INCOMPLETE,2022-04-29,2022-04-29,,,2022-04-29,,,2026-08-25
2022-04,future_max_drawdown_120m,,HORIZON_INCOMPLETE,2022-04-29,2022-04-29,,,2022-04-29,,,2026-08-25
2022-05,forward_36m_state,0.01757627,,2022-05-31,2022-05-31,,2025-05-30,2022-05-31,2025-05-30,,
2022-05,forward_36m_execution,0.01921725,,2022-05-31,2022-05-31,2022-06-01,2025-05-30,2022-05-31,2025-05-30,,
2022-05,loss_flag_36m,0,,2022-05-31,2022-05-31,,2025-05-30,2022-05-31,2025-05-30,,
2022-05,future_max_drawdown_36m,-0.26575772,,2022-05-31,2022-05-31,,2025-05-30,2022-05-31,2025-05-30,728,
2022-05,forward_60m_state,,HORIZON_INCOMPLETE,2022-05-31,2022-05-31,,,2022-05-31,,,2026-08-25
2022-05,forward_60m_execution,,HORIZON_INCOMPLETE,2022-05-31,2022-05-31,,,2022-05-31,,,2026-08-25
2022-05,loss_flag_60m,,HORIZON_INCOMPLETE,2022-05-31,2022-05-31,,,2022-05-31,,,2026-08-25
2022-05,future_max_drawdown_60m,,HORIZON_INCOMPLETE,2022-05-31,2022-05-31,,,2022-05-31,,,2026-08-25
2022-05,forward_120m_state,,HORIZON_INCOMPLETE,2022-05-31,2022-05-31,,,2022-05-31,,,2026-08-25
2022-05,forward_120m_execution,,HORIZON_INCOMPLETE,2022-05-31,2022-05-31,,,2022-05-31,,,2026-08-25
2022-05,loss_flag_120m,,HORIZON_INCOMPLETE,2022-05-31,2022-05-31,,,2022-05-31,,,2026-08-25
2022-05,future_max_drawdown_120m,,HORIZON_INCOMPLETE,2022-05-31,2022-05-31,,,2022-05-31,,,2026-08-25
2022-06,forward_36m_state,-0.04798069,,2022-06-30,2022-06-30,,2025-06-30,2022-06-30,2025-06-30,,
2022-06,forward_36m_execution,-0.04408113,,2022-06-30,2022-06-30,2022-07-01,2025-06-30,2022-06-30,2025-06-30,,
2022-06,loss_flag_36m,1,,2022-06-30,2022-06-30,,2025-06-30,2022-06-30,2025-06-30,,
2022-06,future_max_drawdown_36m,-0.26575772,,2022-06-30,2022-06-30,,2025-06-30,2022-06-30,2025-06-30,727,
2022-06,forward_60m_state,,HORIZON_INCOMPLETE,2022-06-30,2022-06-30,,,2022-06-30,,,2026-08-25
2022-06,forward_60m_execution,,HORIZON_INCOMPLETE,2022-06-30,2022-06-30,,,2022-06-30,,,2026-08-25
2022-06,loss_flag_60m,,HORIZON_INCOMPLETE,2022-06-30,2022-06-30,,,2022-06-30,,,2026-08-25
2022-06,future_max_drawdown_60m,,HORIZON_INCOMPLETE,2022-06-30,2022-06-30,,,2022-06-30,,,2026-08-25
2022-06,forward_120m_state,,HORIZON_INCOMPLETE,2022-06-30,2022-06-30,,,2022-06-30,,,2026-08-25
2022-06,forward_120m_execution,,HORIZON_INCOMPLETE,2022-06-30,2022-06-30,,,2022-06-30,,,2026-08-25
2022-06,loss_flag_120m,,HORIZON_INCOMPLETE,2022-06-30,2022-06-30,,,2022-06-30,,,2026-08-25
2022-06,future_max_drawdown_120m,,HORIZON_INCOMPLETE,2022-06-30,2022-06-30,,,2022-06-30,,,2026-08-25
2022-07,forward_36m_state,0.05990482,,2022-07-29,2022-07-29,,2025-07-31,2022-07-29,2025-07-31,,
2022-07,forward_36m_execution,0.05520378,,2022-07-29,2022-07-29,2022-08-01,2025-07-31,2022-07-29,2025-07-31,,
2022-07,loss_flag_36m,0,,2022-07-29,2022-07-29,,2025-07-31,2022-07-29,2025-07-31,,
2022-07,future_max_drawdown_36m,-0.22409271,,2022-07-29,2022-07-29,,2025-07-31,2022-07-29,2025-07-31,729,
2022-07,forward_60m_state,,HORIZON_INCOMPLETE,2022-07-29,2022-07-29,,,2022-07-29,,,2026-08-25
2022-07,forward_60m_execution,,HORIZON_INCOMPLETE,2022-07-29,2022-07-29,,,2022-07-29,,,2026-08-25
2022-07,loss_flag_60m,,HORIZON_INCOMPLETE,2022-07-29,2022-07-29,,,2022-07-29,,,2026-08-25
2022-07,future_max_drawdown_60m,,HORIZON_INCOMPLETE,2022-07-29,2022-07-29,,,2022-07-29,,,2026-08-25
2022-07,forward_120m_state,,HORIZON_INCOMPLETE,2022-07-29,2022-07-29,,,2022-07-29,,,2026-08-25
2022-07,forward_120m_execution,,HORIZON_INCOMPLETE,2022-07-29,2022-07-29,,,2022-07-29,,,2026-08-25
2022-07,loss_flag_120m,,HORIZON_INCOMPLETE,2022-07-29,2022-07-29,,,2022-07-29,,,2026-08-25
2022-07,future_max_drawdown_120m,,HORIZON_INCOMPLETE,2022-07-29,2022-07-29,,,2022-07-29,,,2026-08-25
2022-08,forward_36m_state,0.19476934,,2022-08-31,2022-08-31,,2025-08-29,2022-08-31,2025-08-29,,
2022-08,forward_36m_execution,0.20514077,,2022-08-31,2022-08-31,2022-09-01,2025-08-29,2022-08-31,2025-08-29,,
2022-08,loss_flag_36m,0,,2022-08-31,2022-08-31,,2025-08-29,2022-08-31,2025-08-29,,
2022-08,future_max_drawdown_36m,-0.22409271,,2022-08-31,2022-08-31,,2025-08-29,2022-08-31,2025-08-29,727,
2022-08,forward_60m_state,,HORIZON_INCOMPLETE,2022-08-31,2022-08-31,,,2022-08-31,,,2026-08-25
2022-08,forward_60m_execution,,HORIZON_INCOMPLETE,2022-08-31,2022-08-31,,,2022-08-31,,,2026-08-25
2022-08,loss_flag_60m,,HORIZON_INCOMPLETE,2022-08-31,2022-08-31,,,2022-08-31,,,2026-08-25
2022-08,future_max_drawdown_60m,,HORIZON_INCOMPLETE,2022-08-31,2022-08-31,,,2022-08-31,,,2026-08-25
2022-08,forward_120m_state,,HORIZON_INCOMPLETE,2022-08-31,2022-08-31,,,2022-08-31,,,2026-08-25
2022-08,forward_120m_execution,,HORIZON_INCOMPLETE,2022-08-31,2022-08-31,,,2022-08-31,,,2026-08-25
2022-08,loss_flag_120m,,HORIZON_INCOMPLETE,2022-08-31,2022-08-31,,,2022-08-31,,,2026-08-25
2022-08,future_max_drawdown_120m,,HORIZON_INCOMPLETE,2022-08-31,2022-08-31,,,2022-08-31,,,2026-08-25
2022-09,forward_36m_state,0.32282885,,2022-09-30,2022-09-30,,2025-09-30,2022-09-30,2025-09-30,,
2022-09,forward_36m_execution,0.35267355,,2022-09-30,2022-09-30,2022-10-10,2025-09-30,2022-09-30,2025-09-30,,
2022-09,loss_flag_36m,0,,2022-09-30,2022-09-30,,2025-09-30,2022-09-30,2025-09-30,,
2022-09,future_max_drawdown_36m,-0.22409271,,2022-09-30,2022-09-30,,2025-09-30,2022-09-30,2025-09-30,728,
2022-09,forward_60m_state,,HORIZON_INCOMPLETE,2022-09-30,2022-09-30,,,2022-09-30,,,2026-08-25
2022-09,forward_60m_execution,,HORIZON_INCOMPLETE,2022-09-30,2022-09-30,,,2022-09-30,,,2026-08-25
2022-09,loss_flag_60m,,HORIZON_INCOMPLETE,2022-09-30,2022-09-30,,,2022-09-30,,,2026-08-25
2022-09,future_max_drawdown_60m,,HORIZON_INCOMPLETE,2022-09-30,2022-09-30,,,2022-09-30,,,2026-08-25
2022-09,forward_120m_state,,HORIZON_INCOMPLETE,2022-09-30,2022-09-30,,,2022-09-30,,,2026-08-25
2022-09,forward_120m_execution,,HORIZON_INCOMPLETE,2022-09-30,2022-09-30,,,2022-09-30,,,2026-08-25
2022-09,loss_flag_120m,,HORIZON_INCOMPLETE,2022-09-30,2022-09-30,,,2022-09-30,,,2026-08-25
2022-09,future_max_drawdown_120m,,HORIZON_INCOMPLETE,2022-09-30,2022-09-30,,,2022-09-30,,,2026-08-25
2022-10,forward_36m_state,0.43616880,,2022-10-31,2022-10-31,,2025-10-31,2022-10-31,2025-10-31,,
2022-10,forward_36m_execution,0.38658325,,2022-10-31,2022-10-31,2022-11-01,2025-10-31,2022-10-31,2025-10-31,,
2022-10,loss_flag_36m,0,,2022-10-31,2022-10-31,,2025-10-31,2022-10-31,2025-10-31,,
2022-10,future_max_drawdown_36m,-0.22409271,,2022-10-31,2022-10-31,,2025-10-31,2022-10-31,2025-10-31,729,
2022-10,forward_60m_state,,HORIZON_INCOMPLETE,2022-10-31,2022-10-31,,,2022-10-31,,,2026-08-25
2022-10,forward_60m_execution,,HORIZON_INCOMPLETE,2022-10-31,2022-10-31,,,2022-10-31,,,2026-08-25
2022-10,loss_flag_60m,,HORIZON_INCOMPLETE,2022-10-31,2022-10-31,,,2022-10-31,,,2026-08-25
2022-10,future_max_drawdown_60m,,HORIZON_INCOMPLETE,2022-10-31,2022-10-31,,,2022-10-31,,,2026-08-25
2022-10,forward_120m_state,,HORIZON_INCOMPLETE,2022-10-31,2022-10-31,,,2022-10-31,,,2026-08-25
2022-10,forward_120m_execution,,HORIZON_INCOMPLETE,2022-10-31,2022-10-31,,,2022-10-31,,,2026-08-25
2022-10,loss_flag_120m,,HORIZON_INCOMPLETE,2022-10-31,2022-10-31,,,2022-10-31,,,2026-08-25
2022-10,future_max_drawdown_120m,,HORIZON_INCOMPLETE,2022-10-31,2022-10-31,,,2022-10-31,,,2026-08-25
2022-11,forward_36m_state,0.27656443,,2022-11-30,2022-11-30,,2025-11-28,2022-11-30,2025-11-28,,
2022-11,forward_36m_execution,0.26288732,,2022-11-30,2022-11-30,2022-12-01,2025-11-28,2022-11-30,2025-11-28,,
2022-11,loss_flag_36m,0,,2022-11-30,2022-11-30,,2025-11-28,2022-11-30,2025-11-28,,
2022-11,future_max_drawdown_36m,-0.22409271,,2022-11-30,2022-11-30,,2025-11-28,2022-11-30,2025-11-28,727,
2022-11,forward_60m_state,,HORIZON_INCOMPLETE,2022-11-30,2022-11-30,,,2022-11-30,,,2026-08-25
2022-11,forward_60m_execution,,HORIZON_INCOMPLETE,2022-11-30,2022-11-30,,,2022-11-30,,,2026-08-25
2022-11,loss_flag_60m,,HORIZON_INCOMPLETE,2022-11-30,2022-11-30,,,2022-11-30,,,2026-08-25
2022-11,future_max_drawdown_60m,,HORIZON_INCOMPLETE,2022-11-30,2022-11-30,,,2022-11-30,,,2026-08-25
2022-11,forward_120m_state,,HORIZON_INCOMPLETE,2022-11-30,2022-11-30,,,2022-11-30,,,2026-08-25
2022-11,forward_120m_execution,,HORIZON_INCOMPLETE,2022-11-30,2022-11-30,,,2022-11-30,,,2026-08-25
2022-11,loss_flag_120m,,HORIZON_INCOMPLETE,2022-11-30,2022-11-30,,,2022-11-30,,,2026-08-25
2022-11,future_max_drawdown_120m,,HORIZON_INCOMPLETE,2022-11-30,2022-11-30,,,2022-11-30,,,2026-08-25
2022-12,forward_36m_state,0.29982083,,2022-12-30,2022-12-30,,2025-12-31,2022-12-30,2025-12-31,,
2022-12,forward_36m_execution,0.29438399,,2022-12-30,2022-12-30,2023-01-03,2025-12-31,2022-12-30,2025-12-31,,
2022-12,loss_flag_36m,0,,2022-12-30,2022-12-30,,2025-12-31,2022-12-30,2025-12-31,,
2022-12,future_max_drawdown_36m,-0.22409271,,2022-12-30,2022-12-30,,2025-12-31,2022-12-30,2025-12-31,728,
2022-12,forward_60m_state,,HORIZON_INCOMPLETE,2022-12-30,2022-12-30,,,2022-12-30,,,2026-08-25
2022-12,forward_60m_execution,,HORIZON_INCOMPLETE,2022-12-30,2022-12-30,,,2022-12-30,,,2026-08-25
2022-12,loss_flag_60m,,HORIZON_INCOMPLETE,2022-12-30,2022-12-30,,,2022-12-30,,,2026-08-25
2022-12,future_max_drawdown_60m,,HORIZON_INCOMPLETE,2022-12-30,2022-12-30,,,2022-12-30,,,2026-08-25
2022-12,forward_120m_state,,HORIZON_INCOMPLETE,2022-12-30,2022-12-30,,,2022-12-30,,,2026-08-25
2022-12,forward_120m_execution,,HORIZON_INCOMPLETE,2022-12-30,2022-12-30,,,2022-12-30,,,2026-08-25
2022-12,loss_flag_120m,,HORIZON_INCOMPLETE,2022-12-30,2022-12-30,,,2022-12-30,,,2026-08-25
2022-12,future_max_drawdown_120m,,HORIZON_INCOMPLETE,2022-12-30,2022-12-30,,,2022-12-30,,,2026-08-25
2023-01,forward_36m_state,0.23198310,,2023-01-31,2023-01-31,,2026-01-30,2023-01-31,2026-01-30,,
2023-01,forward_36m_execution,0.22051016,,2023-01-31,2023-01-31,2023-02-01,2026-01-30,2023-01-31,2026-01-30,,
2023-01,loss_flag_36m,0,,2023-01-31,2023-01-31,,2026-01-30,2023-01-31,2026-01-30,,
2023-01,future_max_drawdown_36m,-0.22309084,,2023-01-31,2023-01-31,,2026-01-30,2023-01-31,2026-01-30,732,
2023-01,forward_60m_state,,HORIZON_INCOMPLETE,2023-01-31,2023-01-31,,,2023-01-31,,,2026-08-25
2023-01,forward_60m_execution,,HORIZON_INCOMPLETE,2023-01-31,2023-01-31,,,2023-01-31,,,2026-08-25
2023-01,loss_flag_60m,,HORIZON_INCOMPLETE,2023-01-31,2023-01-31,,,2023-01-31,,,2026-08-25
2023-01,future_max_drawdown_60m,,HORIZON_INCOMPLETE,2023-01-31,2023-01-31,,,2023-01-31,,,2026-08-25
2023-01,forward_120m_state,,HORIZON_INCOMPLETE,2023-01-31,2023-01-31,,,2023-01-31,,,2026-08-25
2023-01,forward_120m_execution,,HORIZON_INCOMPLETE,2023-01-31,2023-01-31,,,2023-01-31,,,2026-08-25
2023-01,loss_flag_120m,,HORIZON_INCOMPLETE,2023-01-31,2023-01-31,,,2023-01-31,,,2026-08-25
2023-01,future_max_drawdown_120m,,HORIZON_INCOMPLETE,2023-01-31,2023-01-31,,,2023-01-31,,,2026-08-25
2023-02,forward_36m_state,0.26025172,,2023-02-28,2023-02-28,,2026-02-27,2023-02-28,2026-02-27,,
2023-02,forward_36m_execution,0.24269821,,2023-02-28,2023-02-28,2023-03-01,2026-02-27,2023-02-28,2026-02-27,,
2023-02,loss_flag_36m,0,,2023-02-28,2023-02-28,,2026-02-27,2023-02-28,2026-02-27,,
2023-02,future_max_drawdown_36m,-0.21702351,,2023-02-28,2023-02-28,,2026-02-27,2023-02-28,2026-02-27,726,
2023-02,forward_60m_state,,HORIZON_INCOMPLETE,2023-02-28,2023-02-28,,,2023-02-28,,,2026-08-25
2023-02,forward_60m_execution,,HORIZON_INCOMPLETE,2023-02-28,2023-02-28,,,2023-02-28,,,2026-08-25
2023-02,loss_flag_60m,,HORIZON_INCOMPLETE,2023-02-28,2023-02-28,,,2023-02-28,,,2026-08-25
2023-02,future_max_drawdown_60m,,HORIZON_INCOMPLETE,2023-02-28,2023-02-28,,,2023-02-28,,,2026-08-25
2023-02,forward_120m_state,,HORIZON_INCOMPLETE,2023-02-28,2023-02-28,,,2023-02-28,,,2026-08-25
2023-02,forward_120m_execution,,HORIZON_INCOMPLETE,2023-02-28,2023-02-28,,,2023-02-28,,,2026-08-25
2023-02,loss_flag_120m,,HORIZON_INCOMPLETE,2023-02-28,2023-02-28,,,2023-02-28,,,2026-08-25
2023-02,future_max_drawdown_120m,,HORIZON_INCOMPLETE,2023-02-28,2023-02-28,,,2023-02-28,,,2026-08-25
2023-03,forward_36m_state,0.19594399,,2023-03-31,2023-03-31,,2026-03-31,2023-03-31,2026-03-31,,
2023-03,forward_36m_execution,0.18435261,,2023-03-31,2023-03-31,2023-04-03,2026-03-31,2023-03-31,2026-03-31,,
2023-03,loss_flag_36m,0,,2023-03-31,2023-03-31,,2026-03-31,2023-03-31,2026-03-31,,
2023-03,future_max_drawdown_36m,-0.21702351,,2023-03-31,2023-03-31,,2026-03-31,2023-03-31,2026-03-31,725,
2023-03,forward_60m_state,,HORIZON_INCOMPLETE,2023-03-31,2023-03-31,,,2023-03-31,,,2026-08-25
2023-03,forward_60m_execution,,HORIZON_INCOMPLETE,2023-03-31,2023-03-31,,,2023-03-31,,,2026-08-25
2023-03,loss_flag_60m,,HORIZON_INCOMPLETE,2023-03-31,2023-03-31,,,2023-03-31,,,2026-08-25
2023-03,future_max_drawdown_60m,,HORIZON_INCOMPLETE,2023-03-31,2023-03-31,,,2023-03-31,,,2026-08-25
2023-03,forward_120m_state,,HORIZON_INCOMPLETE,2023-03-31,2023-03-31,,,2023-03-31,,,2026-08-25
2023-03,forward_120m_execution,,HORIZON_INCOMPLETE,2023-03-31,2023-03-31,,,2023-03-31,,,2026-08-25
2023-03,loss_flag_120m,,HORIZON_INCOMPLETE,2023-03-31,2023-03-31,,,2023-03-31,,,2026-08-25
2023-03,future_max_drawdown_120m,,HORIZON_INCOMPLETE,2023-03-31,2023-03-31,,,2023-03-31,,,2026-08-25
2023-04,forward_36m_state,0.29978410,,2023-04-28,2023-04-28,,2026-04-30,2023-04-28,2026-04-30,,
2023-04,forward_36m_execution,0.29940877,,2023-04-28,2023-04-28,2023-05-04,2026-04-30,2023-04-28,2026-04-30,,
2023-04,loss_flag_36m,0,,2023-04-28,2023-04-28,,2026-04-30,2023-04-28,2026-04-30,,
2023-04,future_max_drawdown_36m,-0.20563870,,2023-04-28,2023-04-28,,2026-04-30,2023-04-28,2026-04-30,727,
2023-04,forward_60m_state,,HORIZON_INCOMPLETE,2023-04-28,2023-04-28,,,2023-04-28,,,2026-08-25
2023-04,forward_60m_execution,,HORIZON_INCOMPLETE,2023-04-28,2023-04-28,,,2023-04-28,,,2026-08-25
2023-04,loss_flag_60m,,HORIZON_INCOMPLETE,2023-04-28,2023-04-28,,,2023-04-28,,,2026-08-25
2023-04,future_max_drawdown_60m,,HORIZON_INCOMPLETE,2023-04-28,2023-04-28,,,2023-04-28,,,2026-08-25
2023-04,forward_120m_state,,HORIZON_INCOMPLETE,2023-04-28,2023-04-28,,,2023-04-28,,,2026-08-25
2023-04,forward_120m_execution,,HORIZON_INCOMPLETE,2023-04-28,2023-04-28,,,2023-04-28,,,2026-08-25
2023-04,loss_flag_120m,,HORIZON_INCOMPLETE,2023-04-28,2023-04-28,,,2023-04-28,,,2026-08-25
2023-04,future_max_drawdown_120m,,HORIZON_INCOMPLETE,2023-04-28,2023-04-28,,,2023-04-28,,,2026-08-25
2023-05,forward_36m_state,0.40292908,,2023-05-31,2023-05-31,,2026-05-29,2023-05-31,2026-05-29,,
2023-05,forward_36m_execution,0.39881883,,2023-05-31,2023-05-31,2023-06-01,2026-05-29,2023-05-31,2026-05-29,,
2023-05,loss_flag_36m,0,,2023-05-31,2023-05-31,,2026-05-29,2023-05-31,2026-05-29,,
2023-05,future_max_drawdown_36m,-0.20563870,,2023-05-31,2023-05-31,,2026-05-29,2023-05-31,2026-05-29,725,
2023-05,forward_60m_state,,HORIZON_INCOMPLETE,2023-05-31,2023-05-31,,,2023-05-31,,,2026-08-25
2023-05,forward_60m_execution,,HORIZON_INCOMPLETE,2023-05-31,2023-05-31,,,2023-05-31,,,2026-08-25
2023-05,loss_flag_60m,,HORIZON_INCOMPLETE,2023-05-31,2023-05-31,,,2023-05-31,,,2026-08-25
2023-05,future_max_drawdown_60m,,HORIZON_INCOMPLETE,2023-05-31,2023-05-31,,,2023-05-31,,,2026-08-25
2023-05,forward_120m_state,,HORIZON_INCOMPLETE,2023-05-31,2023-05-31,,,2023-05-31,,,2026-08-25
2023-05,forward_120m_execution,,HORIZON_INCOMPLETE,2023-05-31,2023-05-31,,,2023-05-31,,,2026-08-25
2023-05,loss_flag_120m,,HORIZON_INCOMPLETE,2023-05-31,2023-05-31,,,2023-05-31,,,2026-08-25
2023-05,future_max_drawdown_120m,,HORIZON_INCOMPLETE,2023-05-31,2023-05-31,,,2023-05-31,,,2026-08-25
2023-06,forward_36m_state,0.40558193,,2023-06-30,2023-06-30,,2026-06-30,2023-06-30,2026-06-30,,
2023-06,forward_36m_execution,0.38716683,,2023-06-30,2023-06-30,2023-07-03,2026-06-30,2023-06-30,2026-06-30,,
2023-06,loss_flag_36m,0,,2023-06-30,2023-06-30,,2026-06-30,2023-06-30,2026-06-30,,
2023-06,future_max_drawdown_36m,-0.20563870,,2023-06-30,2023-06-30,,2026-06-30,2023-06-30,2026-06-30,726,
2023-06,forward_60m_state,,HORIZON_INCOMPLETE,2023-06-30,2023-06-30,,,2023-06-30,,,2026-08-25
2023-06,forward_60m_execution,,HORIZON_INCOMPLETE,2023-06-30,2023-06-30,,,2023-06-30,,,2026-08-25
2023-06,loss_flag_60m,,HORIZON_INCOMPLETE,2023-06-30,2023-06-30,,,2023-06-30,,,2026-08-25
2023-06,future_max_drawdown_60m,,HORIZON_INCOMPLETE,2023-06-30,2023-06-30,,,2023-06-30,,,2026-08-25
2023-06,forward_120m_state,,HORIZON_INCOMPLETE,2023-06-30,2023-06-30,,,2023-06-30,,,2026-08-25
2023-06,forward_120m_execution,,HORIZON_INCOMPLETE,2023-06-30,2023-06-30,,,2023-06-30,,,2026-08-25
2023-06,loss_flag_120m,,HORIZON_INCOMPLETE,2023-06-30,2023-06-30,,,2023-06-30,,,2026-08-25
2023-06,future_max_drawdown_120m,,HORIZON_INCOMPLETE,2023-06-30,2023-06-30,,,2023-06-30,,,2026-08-25
2023-07,forward_36m_state,0.23524978,,2023-07-31,2023-07-31,,2026-07-31,2023-07-31,2026-07-31,,
2023-07,forward_36m_execution,0.24038458,,2023-07-31,2023-07-31,2023-08-01,2026-07-31,2023-07-31,2026-07-31,,
2023-07,loss_flag_36m,0,,2023-07-31,2023-07-31,,2026-07-31,2023-07-31,2026-07-31,,
2023-07,future_max_drawdown_36m,-0.20563870,,2023-07-31,2023-07-31,,2026-07-31,2023-07-31,2026-07-31,728,
2023-07,forward_60m_state,,HORIZON_INCOMPLETE,2023-07-31,2023-07-31,,,2023-07-31,,,2026-08-25
2023-07,forward_60m_execution,,HORIZON_INCOMPLETE,2023-07-31,2023-07-31,,,2023-07-31,,,2026-08-25
2023-07,loss_flag_60m,,HORIZON_INCOMPLETE,2023-07-31,2023-07-31,,,2023-07-31,,,2026-08-25
2023-07,future_max_drawdown_60m,,HORIZON_INCOMPLETE,2023-07-31,2023-07-31,,,2023-07-31,,,2026-08-25
2023-07,forward_120m_state,,HORIZON_INCOMPLETE,2023-07-31,2023-07-31,,,2023-07-31,,,2026-08-25
2023-07,forward_120m_execution,,HORIZON_INCOMPLETE,2023-07-31,2023-07-31,,,2023-07-31,,,2026-08-25
2023-07,loss_flag_120m,,HORIZON_INCOMPLETE,2023-07-31,2023-07-31,,,2023-07-31,,,2026-08-25
2023-07,future_max_drawdown_120m,,HORIZON_INCOMPLETE,2023-07-31,2023-07-31,,,2023-07-31,,,2026-08-25
2023-08,forward_36m_state,,HORIZON_INCOMPLETE,2023-08-31,2023-08-31,,,2023-08-31,,,2026-08-25
2023-08,forward_36m_execution,,HORIZON_INCOMPLETE,2023-08-31,2023-08-31,,,2023-08-31,,,2026-08-25
2023-08,loss_flag_36m,,HORIZON_INCOMPLETE,2023-08-31,2023-08-31,,,2023-08-31,,,2026-08-25
2023-08,future_max_drawdown_36m,,HORIZON_INCOMPLETE,2023-08-31,2023-08-31,,,2023-08-31,,,2026-08-25
2023-08,forward_60m_state,,HORIZON_INCOMPLETE,2023-08-31,2023-08-31,,,2023-08-31,,,2026-08-25
2023-08,forward_60m_execution,,HORIZON_INCOMPLETE,2023-08-31,2023-08-31,,,2023-08-31,,,2026-08-25
2023-08,loss_flag_60m,,HORIZON_INCOMPLETE,2023-08-31,2023-08-31,,,2023-08-31,,,2026-08-25
2023-08,future_max_drawdown_60m,,HORIZON_INCOMPLETE,2023-08-31,2023-08-31,,,2023-08-31,,,2026-08-25
2023-08,forward_120m_state,,HORIZON_INCOMPLETE,2023-08-31,2023-08-31,,,2023-08-31,,,2026-08-25
2023-08,forward_120m_execution,,HORIZON_INCOMPLETE,2023-08-31,2023-08-31,,,2023-08-31,,,2026-08-25
2023-08,loss_flag_120m,,HORIZON_INCOMPLETE,2023-08-31,2023-08-31,,,2023-08-31,,,2026-08-25
2023-08,future_max_drawdown_120m,,HORIZON_INCOMPLETE,2023-08-31,2023-08-31,,,2023-08-31,,,2026-08-25
2023-09,forward_36m_state,,HORIZON_INCOMPLETE,2023-09-28,2023-09-28,,,2023-09-28,,,2026-08-25
2023-09,forward_36m_execution,,HORIZON_INCOMPLETE,2023-09-28,2023-09-28,,,2023-09-28,,,2026-08-25
2023-09,loss_flag_36m,,HORIZON_INCOMPLETE,2023-09-28,2023-09-28,,,2023-09-28,,,2026-08-25
2023-09,future_max_drawdown_36m,,HORIZON_INCOMPLETE,2023-09-28,2023-09-28,,,2023-09-28,,,2026-08-25
2023-09,forward_60m_state,,HORIZON_INCOMPLETE,2023-09-28,2023-09-28,,,2023-09-28,,,2026-08-25
2023-09,forward_60m_execution,,HORIZON_INCOMPLETE,2023-09-28,2023-09-28,,,2023-09-28,,,2026-08-25
2023-09,loss_flag_60m,,HORIZON_INCOMPLETE,2023-09-28,2023-09-28,,,2023-09-28,,,2026-08-25
2023-09,future_max_drawdown_60m,,HORIZON_INCOMPLETE,2023-09-28,2023-09-28,,,2023-09-28,,,2026-08-25
2023-09,forward_120m_state,,HORIZON_INCOMPLETE,2023-09-28,2023-09-28,,,2023-09-28,,,2026-08-25
2023-09,forward_120m_execution,,HORIZON_INCOMPLETE,2023-09-28,2023-09-28,,,2023-09-28,,,2026-08-25
2023-09,loss_flag_120m,,HORIZON_INCOMPLETE,2023-09-28,2023-09-28,,,2023-09-28,,,2026-08-25
2023-09,future_max_drawdown_120m,,HORIZON_INCOMPLETE,2023-09-28,2023-09-28,,,2023-09-28,,,2026-08-25
2023-10,forward_36m_state,,HORIZON_INCOMPLETE,2023-10-31,2023-10-31,,,2023-10-31,,,2026-08-25
2023-10,forward_36m_execution,,HORIZON_INCOMPLETE,2023-10-31,2023-10-31,,,2023-10-31,,,2026-08-25
2023-10,loss_flag_36m,,HORIZON_INCOMPLETE,2023-10-31,2023-10-31,,,2023-10-31,,,2026-08-25
2023-10,future_max_drawdown_36m,,HORIZON_INCOMPLETE,2023-10-31,2023-10-31,,,2023-10-31,,,2026-08-25
2023-10,forward_60m_state,,HORIZON_INCOMPLETE,2023-10-31,2023-10-31,,,2023-10-31,,,2026-08-25
2023-10,forward_60m_execution,,HORIZON_INCOMPLETE,2023-10-31,2023-10-31,,,2023-10-31,,,2026-08-25
2023-10,loss_flag_60m,,HORIZON_INCOMPLETE,2023-10-31,2023-10-31,,,2023-10-31,,,2026-08-25
2023-10,future_max_drawdown_60m,,HORIZON_INCOMPLETE,2023-10-31,2023-10-31,,,2023-10-31,,,2026-08-25
2023-10,forward_120m_state,,HORIZON_INCOMPLETE,2023-10-31,2023-10-31,,,2023-10-31,,,2026-08-25
2023-10,forward_120m_execution,,HORIZON_INCOMPLETE,2023-10-31,2023-10-31,,,2023-10-31,,,2026-08-25
2023-10,loss_flag_120m,,HORIZON_INCOMPLETE,2023-10-31,2023-10-31,,,2023-10-31,,,2026-08-25
2023-10,future_max_drawdown_120m,,HORIZON_INCOMPLETE,2023-10-31,2023-10-31,,,2023-10-31,,,2026-08-25
2023-11,forward_36m_state,,HORIZON_INCOMPLETE,2023-11-30,2023-11-30,,,2023-11-30,,,2026-08-25
2023-11,forward_36m_execution,,HORIZON_INCOMPLETE,2023-11-30,2023-11-30,,,2023-11-30,,,2026-08-25
2023-11,loss_flag_36m,,HORIZON_INCOMPLETE,2023-11-30,2023-11-30,,,2023-11-30,,,2026-08-25
2023-11,future_max_drawdown_36m,,HORIZON_INCOMPLETE,2023-11-30,2023-11-30,,,2023-11-30,,,2026-08-25
2023-11,forward_60m_state,,HORIZON_INCOMPLETE,2023-11-30,2023-11-30,,,2023-11-30,,,2026-08-25
2023-11,forward_60m_execution,,HORIZON_INCOMPLETE,2023-11-30,2023-11-30,,,2023-11-30,,,2026-08-25
2023-11,loss_flag_60m,,HORIZON_INCOMPLETE,2023-11-30,2023-11-30,,,2023-11-30,,,2026-08-25
2023-11,future_max_drawdown_60m,,HORIZON_INCOMPLETE,2023-11-30,2023-11-30,,,2023-11-30,,,2026-08-25
2023-11,forward_120m_state,,HORIZON_INCOMPLETE,2023-11-30,2023-11-30,,,2023-11-30,,,2026-08-25
2023-11,forward_120m_execution,,HORIZON_INCOMPLETE,2023-11-30,2023-11-30,,,2023-11-30,,,2026-08-25
2023-11,loss_flag_120m,,HORIZON_INCOMPLETE,2023-11-30,2023-11-30,,,2023-11-30,,,2026-08-25
2023-11,future_max_drawdown_120m,,HORIZON_INCOMPLETE,2023-11-30,2023-11-30,,,2023-11-30,,,2026-08-25
2023-12,forward_36m_state,,HORIZON_INCOMPLETE,2023-12-29,2023-12-29,,,2023-12-29,,,2026-08-25
2023-12,forward_36m_execution,,HORIZON_INCOMPLETE,2023-12-29,2023-12-29,,,2023-12-29,,,2026-08-25
2023-12,loss_flag_36m,,HORIZON_INCOMPLETE,2023-12-29,2023-12-29,,,2023-12-29,,,2026-08-25
2023-12,future_max_drawdown_36m,,HORIZON_INCOMPLETE,2023-12-29,2023-12-29,,,2023-12-29,,,2026-08-25
2023-12,forward_60m_state,,HORIZON_INCOMPLETE,2023-12-29,2023-12-29,,,2023-12-29,,,2026-08-25
2023-12,forward_60m_execution,,HORIZON_INCOMPLETE,2023-12-29,2023-12-29,,,2023-12-29,,,2026-08-25
2023-12,loss_flag_60m,,HORIZON_INCOMPLETE,2023-12-29,2023-12-29,,,2023-12-29,,,2026-08-25
2023-12,future_max_drawdown_60m,,HORIZON_INCOMPLETE,2023-12-29,2023-12-29,,,2023-12-29,,,2026-08-25
2023-12,forward_120m_state,,HORIZON_INCOMPLETE,2023-12-29,2023-12-29,,,2023-12-29,,,2026-08-25
2023-12,forward_120m_execution,,HORIZON_INCOMPLETE,2023-12-29,2023-12-29,,,2023-12-29,,,2026-08-25
2023-12,loss_flag_120m,,HORIZON_INCOMPLETE,2023-12-29,2023-12-29,,,2023-12-29,,,2026-08-25
2023-12,future_max_drawdown_120m,,HORIZON_INCOMPLETE,2023-12-29,2023-12-29,,,2023-12-29,,,2026-08-25
2024-01,forward_36m_state,,HORIZON_INCOMPLETE,2024-01-31,2024-01-31,,,2024-01-31,,,2026-08-25
2024-01,forward_36m_execution,,HORIZON_INCOMPLETE,2024-01-31,2024-01-31,,,2024-01-31,,,2026-08-25
2024-01,loss_flag_36m,,HORIZON_INCOMPLETE,2024-01-31,2024-01-31,,,2024-01-31,,,2026-08-25
2024-01,future_max_drawdown_36m,,HORIZON_INCOMPLETE,2024-01-31,2024-01-31,,,2024-01-31,,,2026-08-25
2024-01,forward_60m_state,,HORIZON_INCOMPLETE,2024-01-31,2024-01-31,,,2024-01-31,,,2026-08-25
2024-01,forward_60m_execution,,HORIZON_INCOMPLETE,2024-01-31,2024-01-31,,,2024-01-31,,,2026-08-25
2024-01,loss_flag_60m,,HORIZON_INCOMPLETE,2024-01-31,2024-01-31,,,2024-01-31,,,2026-08-25
2024-01,future_max_drawdown_60m,,HORIZON_INCOMPLETE,2024-01-31,2024-01-31,,,2024-01-31,,,2026-08-25
2024-01,forward_120m_state,,HORIZON_INCOMPLETE,2024-01-31,2024-01-31,,,2024-01-31,,,2026-08-25
2024-01,forward_120m_execution,,HORIZON_INCOMPLETE,2024-01-31,2024-01-31,,,2024-01-31,,,2026-08-25
2024-01,loss_flag_120m,,HORIZON_INCOMPLETE,2024-01-31,2024-01-31,,,2024-01-31,,,2026-08-25
2024-01,future_max_drawdown_120m,,HORIZON_INCOMPLETE,2024-01-31,2024-01-31,,,2024-01-31,,,2026-08-25
2024-02,forward_36m_state,,HORIZON_INCOMPLETE,2024-02-29,2024-02-29,,,2024-02-29,,,2026-08-25
2024-02,forward_36m_execution,,HORIZON_INCOMPLETE,2024-02-29,2024-02-29,,,2024-02-29,,,2026-08-25
2024-02,loss_flag_36m,,HORIZON_INCOMPLETE,2024-02-29,2024-02-29,,,2024-02-29,,,2026-08-25
2024-02,future_max_drawdown_36m,,HORIZON_INCOMPLETE,2024-02-29,2024-02-29,,,2024-02-29,,,2026-08-25
2024-02,forward_60m_state,,HORIZON_INCOMPLETE,2024-02-29,2024-02-29,,,2024-02-29,,,2026-08-25
2024-02,forward_60m_execution,,HORIZON_INCOMPLETE,2024-02-29,2024-02-29,,,2024-02-29,,,2026-08-25
2024-02,loss_flag_60m,,HORIZON_INCOMPLETE,2024-02-29,2024-02-29,,,2024-02-29,,,2026-08-25
2024-02,future_max_drawdown_60m,,HORIZON_INCOMPLETE,2024-02-29,2024-02-29,,,2024-02-29,,,2026-08-25
2024-02,forward_120m_state,,HORIZON_INCOMPLETE,2024-02-29,2024-02-29,,,2024-02-29,,,2026-08-25
2024-02,forward_120m_execution,,HORIZON_INCOMPLETE,2024-02-29,2024-02-29,,,2024-02-29,,,2026-08-25
2024-02,loss_flag_120m,,HORIZON_INCOMPLETE,2024-02-29,2024-02-29,,,2024-02-29,,,2026-08-25
2024-02,future_max_drawdown_120m,,HORIZON_INCOMPLETE,2024-02-29,2024-02-29,,,2024-02-29,,,2026-08-25
2024-03,forward_36m_state,,HORIZON_INCOMPLETE,2024-03-29,2024-03-29,,,2024-03-29,,,2026-08-25
2024-03,forward_36m_execution,,HORIZON_INCOMPLETE,2024-03-29,2024-03-29,,,2024-03-29,,,2026-08-25
2024-03,loss_flag_36m,,HORIZON_INCOMPLETE,2024-03-29,2024-03-29,,,2024-03-29,,,2026-08-25
2024-03,future_max_drawdown_36m,,HORIZON_INCOMPLETE,2024-03-29,2024-03-29,,,2024-03-29,,,2026-08-25
2024-03,forward_60m_state,,HORIZON_INCOMPLETE,2024-03-29,2024-03-29,,,2024-03-29,,,2026-08-25
2024-03,forward_60m_execution,,HORIZON_INCOMPLETE,2024-03-29,2024-03-29,,,2024-03-29,,,2026-08-25
2024-03,loss_flag_60m,,HORIZON_INCOMPLETE,2024-03-29,2024-03-29,,,2024-03-29,,,2026-08-25
2024-03,future_max_drawdown_60m,,HORIZON_INCOMPLETE,2024-03-29,2024-03-29,,,2024-03-29,,,2026-08-25
2024-03,forward_120m_state,,HORIZON_INCOMPLETE,2024-03-29,2024-03-29,,,2024-03-29,,,2026-08-25
2024-03,forward_120m_execution,,HORIZON_INCOMPLETE,2024-03-29,2024-03-29,,,2024-03-29,,,2026-08-25
2024-03,loss_flag_120m,,HORIZON_INCOMPLETE,2024-03-29,2024-03-29,,,2024-03-29,,,2026-08-25
2024-03,future_max_drawdown_120m,,HORIZON_INCOMPLETE,2024-03-29,2024-03-29,,,2024-03-29,,,2026-08-25
2024-04,forward_36m_state,,HORIZON_INCOMPLETE,2024-04-30,2024-04-30,,,2024-04-30,,,2026-08-25
2024-04,forward_36m_execution,,HORIZON_INCOMPLETE,2024-04-30,2024-04-30,,,2024-04-30,,,2026-08-25
2024-04,loss_flag_36m,,HORIZON_INCOMPLETE,2024-04-30,2024-04-30,,,2024-04-30,,,2026-08-25
2024-04,future_max_drawdown_36m,,HORIZON_INCOMPLETE,2024-04-30,2024-04-30,,,2024-04-30,,,2026-08-25
2024-04,forward_60m_state,,HORIZON_INCOMPLETE,2024-04-30,2024-04-30,,,2024-04-30,,,2026-08-25
2024-04,forward_60m_execution,,HORIZON_INCOMPLETE,2024-04-30,2024-04-30,,,2024-04-30,,,2026-08-25
2024-04,loss_flag_60m,,HORIZON_INCOMPLETE,2024-04-30,2024-04-30,,,2024-04-30,,,2026-08-25
2024-04,future_max_drawdown_60m,,HORIZON_INCOMPLETE,2024-04-30,2024-04-30,,,2024-04-30,,,2026-08-25
2024-04,forward_120m_state,,HORIZON_INCOMPLETE,2024-04-30,2024-04-30,,,2024-04-30,,,2026-08-25
2024-04,forward_120m_execution,,HORIZON_INCOMPLETE,2024-04-30,2024-04-30,,,2024-04-30,,,2026-08-25
2024-04,loss_flag_120m,,HORIZON_INCOMPLETE,2024-04-30,2024-04-30,,,2024-04-30,,,2026-08-25
2024-04,future_max_drawdown_120m,,HORIZON_INCOMPLETE,2024-04-30,2024-04-30,,,2024-04-30,,,2026-08-25
2024-05,forward_36m_state,,HORIZON_INCOMPLETE,2024-05-31,2024-05-31,,,2024-05-31,,,2026-08-25
2024-05,forward_36m_execution,,HORIZON_INCOMPLETE,2024-05-31,2024-05-31,,,2024-05-31,,,2026-08-25
2024-05,loss_flag_36m,,HORIZON_INCOMPLETE,2024-05-31,2024-05-31,,,2024-05-31,,,2026-08-25
2024-05,future_max_drawdown_36m,,HORIZON_INCOMPLETE,2024-05-31,2024-05-31,,,2024-05-31,,,2026-08-25
2024-05,forward_60m_state,,HORIZON_INCOMPLETE,2024-05-31,2024-05-31,,,2024-05-31,,,2026-08-25
2024-05,forward_60m_execution,,HORIZON_INCOMPLETE,2024-05-31,2024-05-31,,,2024-05-31,,,2026-08-25
2024-05,loss_flag_60m,,HORIZON_INCOMPLETE,2024-05-31,2024-05-31,,,2024-05-31,,,2026-08-25
2024-05,future_max_drawdown_60m,,HORIZON_INCOMPLETE,2024-05-31,2024-05-31,,,2024-05-31,,,2026-08-25
2024-05,forward_120m_state,,HORIZON_INCOMPLETE,2024-05-31,2024-05-31,,,2024-05-31,,,2026-08-25
2024-05,forward_120m_execution,,HORIZON_INCOMPLETE,2024-05-31,2024-05-31,,,2024-05-31,,,2026-08-25
2024-05,loss_flag_120m,,HORIZON_INCOMPLETE,2024-05-31,2024-05-31,,,2024-05-31,,,2026-08-25
2024-05,future_max_drawdown_120m,,HORIZON_INCOMPLETE,2024-05-31,2024-05-31,,,2024-05-31,,,2026-08-25
2024-06,forward_36m_state,,HORIZON_INCOMPLETE,2024-06-28,2024-06-28,,,2024-06-28,,,2026-08-25
2024-06,forward_36m_execution,,HORIZON_INCOMPLETE,2024-06-28,2024-06-28,,,2024-06-28,,,2026-08-25
2024-06,loss_flag_36m,,HORIZON_INCOMPLETE,2024-06-28,2024-06-28,,,2024-06-28,,,2026-08-25
2024-06,future_max_drawdown_36m,,HORIZON_INCOMPLETE,2024-06-28,2024-06-28,,,2024-06-28,,,2026-08-25
2024-06,forward_60m_state,,HORIZON_INCOMPLETE,2024-06-28,2024-06-28,,,2024-06-28,,,2026-08-25
2024-06,forward_60m_execution,,HORIZON_INCOMPLETE,2024-06-28,2024-06-28,,,2024-06-28,,,2026-08-25
2024-06,loss_flag_60m,,HORIZON_INCOMPLETE,2024-06-28,2024-06-28,,,2024-06-28,,,2026-08-25
2024-06,future_max_drawdown_60m,,HORIZON_INCOMPLETE,2024-06-28,2024-06-28,,,2024-06-28,,,2026-08-25
2024-06,forward_120m_state,,HORIZON_INCOMPLETE,2024-06-28,2024-06-28,,,2024-06-28,,,2026-08-25
2024-06,forward_120m_execution,,HORIZON_INCOMPLETE,2024-06-28,2024-06-28,,,2024-06-28,,,2026-08-25
2024-06,loss_flag_120m,,HORIZON_INCOMPLETE,2024-06-28,2024-06-28,,,2024-06-28,,,2026-08-25
2024-06,future_max_drawdown_120m,,HORIZON_INCOMPLETE,2024-06-28,2024-06-28,,,2024-06-28,,,2026-08-25
2024-07,forward_36m_state,,HORIZON_INCOMPLETE,2024-07-31,2024-07-31,,,2024-07-31,,,2026-08-25
2024-07,forward_36m_execution,,HORIZON_INCOMPLETE,2024-07-31,2024-07-31,,,2024-07-31,,,2026-08-25
2024-07,loss_flag_36m,,HORIZON_INCOMPLETE,2024-07-31,2024-07-31,,,2024-07-31,,,2026-08-25
2024-07,future_max_drawdown_36m,,HORIZON_INCOMPLETE,2024-07-31,2024-07-31,,,2024-07-31,,,2026-08-25
2024-07,forward_60m_state,,HORIZON_INCOMPLETE,2024-07-31,2024-07-31,,,2024-07-31,,,2026-08-25
2024-07,forward_60m_execution,,HORIZON_INCOMPLETE,2024-07-31,2024-07-31,,,2024-07-31,,,2026-08-25
2024-07,loss_flag_60m,,HORIZON_INCOMPLETE,2024-07-31,2024-07-31,,,2024-07-31,,,2026-08-25
2024-07,future_max_drawdown_60m,,HORIZON_INCOMPLETE,2024-07-31,2024-07-31,,,2024-07-31,,,2026-08-25
2024-07,forward_120m_state,,HORIZON_INCOMPLETE,2024-07-31,2024-07-31,,,2024-07-31,,,2026-08-25
2024-07,forward_120m_execution,,HORIZON_INCOMPLETE,2024-07-31,2024-07-31,,,2024-07-31,,,2026-08-25
2024-07,loss_flag_120m,,HORIZON_INCOMPLETE,2024-07-31,2024-07-31,,,2024-07-31,,,2026-08-25
2024-07,future_max_drawdown_120m,,HORIZON_INCOMPLETE,2024-07-31,2024-07-31,,,2024-07-31,,,2026-08-25
2024-08,forward_36m_state,,HORIZON_INCOMPLETE,2024-08-30,2024-08-30,,,2024-08-30,,,2026-08-25
2024-08,forward_36m_execution,,HORIZON_INCOMPLETE,2024-08-30,2024-08-30,,,2024-08-30,,,2026-08-25
2024-08,loss_flag_36m,,HORIZON_INCOMPLETE,2024-08-30,2024-08-30,,,2024-08-30,,,2026-08-25
2024-08,future_max_drawdown_36m,,HORIZON_INCOMPLETE,2024-08-30,2024-08-30,,,2024-08-30,,,2026-08-25
2024-08,forward_60m_state,,HORIZON_INCOMPLETE,2024-08-30,2024-08-30,,,2024-08-30,,,2026-08-25
2024-08,forward_60m_execution,,HORIZON_INCOMPLETE,2024-08-30,2024-08-30,,,2024-08-30,,,2026-08-25
2024-08,loss_flag_60m,,HORIZON_INCOMPLETE,2024-08-30,2024-08-30,,,2024-08-30,,,2026-08-25
2024-08,future_max_drawdown_60m,,HORIZON_INCOMPLETE,2024-08-30,2024-08-30,,,2024-08-30,,,2026-08-25
2024-08,forward_120m_state,,HORIZON_INCOMPLETE,2024-08-30,2024-08-30,,,2024-08-30,,,2026-08-25
2024-08,forward_120m_execution,,HORIZON_INCOMPLETE,2024-08-30,2024-08-30,,,2024-08-30,,,2026-08-25
2024-08,loss_flag_120m,,HORIZON_INCOMPLETE,2024-08-30,2024-08-30,,,2024-08-30,,,2026-08-25
2024-08,future_max_drawdown_120m,,HORIZON_INCOMPLETE,2024-08-30,2024-08-30,,,2024-08-30,,,2026-08-25
2024-09,forward_36m_state,,HORIZON_INCOMPLETE,2024-09-30,2024-09-30,,,2024-09-30,,,2026-08-25
2024-09,forward_36m_execution,,HORIZON_INCOMPLETE,2024-09-30,2024-09-30,,,2024-09-30,,,2026-08-25
2024-09,loss_flag_36m,,HORIZON_INCOMPLETE,2024-09-30,2024-09-30,,,2024-09-30,,,2026-08-25
2024-09,future_max_drawdown_36m,,HORIZON_INCOMPLETE,2024-09-30,2024-09-30,,,2024-09-30,,,2026-08-25
2024-09,forward_60m_state,,HORIZON_INCOMPLETE,2024-09-30,2024-09-30,,,2024-09-30,,,2026-08-25
2024-09,forward_60m_execution,,HORIZON_INCOMPLETE,2024-09-30,2024-09-30,,,2024-09-30,,,2026-08-25
2024-09,loss_flag_60m,,HORIZON_INCOMPLETE,2024-09-30,2024-09-30,,,2024-09-30,,,2026-08-25
2024-09,future_max_drawdown_60m,,HORIZON_INCOMPLETE,2024-09-30,2024-09-30,,,2024-09-30,,,2026-08-25
2024-09,forward_120m_state,,HORIZON_INCOMPLETE,2024-09-30,2024-09-30,,,2024-09-30,,,2026-08-25
2024-09,forward_120m_execution,,HORIZON_INCOMPLETE,2024-09-30,2024-09-30,,,2024-09-30,,,2026-08-25
2024-09,loss_flag_120m,,HORIZON_INCOMPLETE,2024-09-30,2024-09-30,,,2024-09-30,,,2026-08-25
2024-09,future_max_drawdown_120m,,HORIZON_INCOMPLETE,2024-09-30,2024-09-30,,,2024-09-30,,,2026-08-25
2024-10,forward_36m_state,,HORIZON_INCOMPLETE,2024-10-31,2024-10-31,,,2024-10-31,,,2026-08-25
2024-10,forward_36m_execution,,HORIZON_INCOMPLETE,2024-10-31,2024-10-31,,,2024-10-31,,,2026-08-25
2024-10,loss_flag_36m,,HORIZON_INCOMPLETE,2024-10-31,2024-10-31,,,2024-10-31,,,2026-08-25
2024-10,future_max_drawdown_36m,,HORIZON_INCOMPLETE,2024-10-31,2024-10-31,,,2024-10-31,,,2026-08-25
2024-10,forward_60m_state,,HORIZON_INCOMPLETE,2024-10-31,2024-10-31,,,2024-10-31,,,2026-08-25
2024-10,forward_60m_execution,,HORIZON_INCOMPLETE,2024-10-31,2024-10-31,,,2024-10-31,,,2026-08-25
2024-10,loss_flag_60m,,HORIZON_INCOMPLETE,2024-10-31,2024-10-31,,,2024-10-31,,,2026-08-25
2024-10,future_max_drawdown_60m,,HORIZON_INCOMPLETE,2024-10-31,2024-10-31,,,2024-10-31,,,2026-08-25
2024-10,forward_120m_state,,HORIZON_INCOMPLETE,2024-10-31,2024-10-31,,,2024-10-31,,,2026-08-25
2024-10,forward_120m_execution,,HORIZON_INCOMPLETE,2024-10-31,2024-10-31,,,2024-10-31,,,2026-08-25
2024-10,loss_flag_120m,,HORIZON_INCOMPLETE,2024-10-31,2024-10-31,,,2024-10-31,,,2026-08-25
2024-10,future_max_drawdown_120m,,HORIZON_INCOMPLETE,2024-10-31,2024-10-31,,,2024-10-31,,,2026-08-25
2024-11,forward_36m_state,,HORIZON_INCOMPLETE,2024-11-29,2024-11-29,,,2024-11-29,,,2026-08-25
2024-11,forward_36m_execution,,HORIZON_INCOMPLETE,2024-11-29,2024-11-29,,,2024-11-29,,,2026-08-25
2024-11,loss_flag_36m,,HORIZON_INCOMPLETE,2024-11-29,2024-11-29,,,2024-11-29,,,2026-08-25
2024-11,future_max_drawdown_36m,,HORIZON_INCOMPLETE,2024-11-29,2024-11-29,,,2024-11-29,,,2026-08-25
2024-11,forward_60m_state,,HORIZON_INCOMPLETE,2024-11-29,2024-11-29,,,2024-11-29,,,2026-08-25
2024-11,forward_60m_execution,,HORIZON_INCOMPLETE,2024-11-29,2024-11-29,,,2024-11-29,,,2026-08-25
2024-11,loss_flag_60m,,HORIZON_INCOMPLETE,2024-11-29,2024-11-29,,,2024-11-29,,,2026-08-25
2024-11,future_max_drawdown_60m,,HORIZON_INCOMPLETE,2024-11-29,2024-11-29,,,2024-11-29,,,2026-08-25
2024-11,forward_120m_state,,HORIZON_INCOMPLETE,2024-11-29,2024-11-29,,,2024-11-29,,,2026-08-25
2024-11,forward_120m_execution,,HORIZON_INCOMPLETE,2024-11-29,2024-11-29,,,2024-11-29,,,2026-08-25
2024-11,loss_flag_120m,,HORIZON_INCOMPLETE,2024-11-29,2024-11-29,,,2024-11-29,,,2026-08-25
2024-11,future_max_drawdown_120m,,HORIZON_INCOMPLETE,2024-11-29,2024-11-29,,,2024-11-29,,,2026-08-25
2024-12,forward_36m_state,,HORIZON_INCOMPLETE,2024-12-31,2024-12-31,,,2024-12-31,,,2026-08-25
2024-12,forward_36m_execution,,HORIZON_INCOMPLETE,2024-12-31,2024-12-31,,,2024-12-31,,,2026-08-25
2024-12,loss_flag_36m,,HORIZON_INCOMPLETE,2024-12-31,2024-12-31,,,2024-12-31,,,2026-08-25
2024-12,future_max_drawdown_36m,,HORIZON_INCOMPLETE,2024-12-31,2024-12-31,,,2024-12-31,,,2026-08-25
2024-12,forward_60m_state,,HORIZON_INCOMPLETE,2024-12-31,2024-12-31,,,2024-12-31,,,2026-08-25
2024-12,forward_60m_execution,,HORIZON_INCOMPLETE,2024-12-31,2024-12-31,,,2024-12-31,,,2026-08-25
2024-12,loss_flag_60m,,HORIZON_INCOMPLETE,2024-12-31,2024-12-31,,,2024-12-31,,,2026-08-25
2024-12,future_max_drawdown_60m,,HORIZON_INCOMPLETE,2024-12-31,2024-12-31,,,2024-12-31,,,2026-08-25
2024-12,forward_120m_state,,HORIZON_INCOMPLETE,2024-12-31,2024-12-31,,,2024-12-31,,,2026-08-25
2024-12,forward_120m_execution,,HORIZON_INCOMPLETE,2024-12-31,2024-12-31,,,2024-12-31,,,2026-08-25
2024-12,loss_flag_120m,,HORIZON_INCOMPLETE,2024-12-31,2024-12-31,,,2024-12-31,,,2026-08-25
2024-12,future_max_drawdown_120m,,HORIZON_INCOMPLETE,2024-12-31,2024-12-31,,,2024-12-31,,,2026-08-25
2025-01,forward_36m_state,,HORIZON_INCOMPLETE,2025-01-27,2025-01-27,,,2025-01-27,,,2026-08-25
2025-01,forward_36m_execution,,HORIZON_INCOMPLETE,2025-01-27,2025-01-27,,,2025-01-27,,,2026-08-25
2025-01,loss_flag_36m,,HORIZON_INCOMPLETE,2025-01-27,2025-01-27,,,2025-01-27,,,2026-08-25
2025-01,future_max_drawdown_36m,,HORIZON_INCOMPLETE,2025-01-27,2025-01-27,,,2025-01-27,,,2026-08-25
2025-01,forward_60m_state,,HORIZON_INCOMPLETE,2025-01-27,2025-01-27,,,2025-01-27,,,2026-08-25
2025-01,forward_60m_execution,,HORIZON_INCOMPLETE,2025-01-27,2025-01-27,,,2025-01-27,,,2026-08-25
2025-01,loss_flag_60m,,HORIZON_INCOMPLETE,2025-01-27,2025-01-27,,,2025-01-27,,,2026-08-25
2025-01,future_max_drawdown_60m,,HORIZON_INCOMPLETE,2025-01-27,2025-01-27,,,2025-01-27,,,2026-08-25
2025-01,forward_120m_state,,HORIZON_INCOMPLETE,2025-01-27,2025-01-27,,,2025-01-27,,,2026-08-25
2025-01,forward_120m_execution,,HORIZON_INCOMPLETE,2025-01-27,2025-01-27,,,2025-01-27,,,2026-08-25
2025-01,loss_flag_120m,,HORIZON_INCOMPLETE,2025-01-27,2025-01-27,,,2025-01-27,,,2026-08-25
2025-01,future_max_drawdown_120m,,HORIZON_INCOMPLETE,2025-01-27,2025-01-27,,,2025-01-27,,,2026-08-25
2025-02,forward_36m_state,,HORIZON_INCOMPLETE,2025-02-28,2025-02-28,,,2025-02-28,,,2026-08-25
2025-02,forward_36m_execution,,HORIZON_INCOMPLETE,2025-02-28,2025-02-28,,,2025-02-28,,,2026-08-25
2025-02,loss_flag_36m,,HORIZON_INCOMPLETE,2025-02-28,2025-02-28,,,2025-02-28,,,2026-08-25
2025-02,future_max_drawdown_36m,,HORIZON_INCOMPLETE,2025-02-28,2025-02-28,,,2025-02-28,,,2026-08-25
2025-02,forward_60m_state,,HORIZON_INCOMPLETE,2025-02-28,2025-02-28,,,2025-02-28,,,2026-08-25
2025-02,forward_60m_execution,,HORIZON_INCOMPLETE,2025-02-28,2025-02-28,,,2025-02-28,,,2026-08-25
2025-02,loss_flag_60m,,HORIZON_INCOMPLETE,2025-02-28,2025-02-28,,,2025-02-28,,,2026-08-25
2025-02,future_max_drawdown_60m,,HORIZON_INCOMPLETE,2025-02-28,2025-02-28,,,2025-02-28,,,2026-08-25
2025-02,forward_120m_state,,HORIZON_INCOMPLETE,2025-02-28,2025-02-28,,,2025-02-28,,,2026-08-25
2025-02,forward_120m_execution,,HORIZON_INCOMPLETE,2025-02-28,2025-02-28,,,2025-02-28,,,2026-08-25
2025-02,loss_flag_120m,,HORIZON_INCOMPLETE,2025-02-28,2025-02-28,,,2025-02-28,,,2026-08-25
2025-02,future_max_drawdown_120m,,HORIZON_INCOMPLETE,2025-02-28,2025-02-28,,,2025-02-28,,,2026-08-25
2025-03,forward_36m_state,,HORIZON_INCOMPLETE,2025-03-31,2025-03-31,,,2025-03-31,,,2026-08-25
2025-03,forward_36m_execution,,HORIZON_INCOMPLETE,2025-03-31,2025-03-31,,,2025-03-31,,,2026-08-25
2025-03,loss_flag_36m,,HORIZON_INCOMPLETE,2025-03-31,2025-03-31,,,2025-03-31,,,2026-08-25
2025-03,future_max_drawdown_36m,,HORIZON_INCOMPLETE,2025-03-31,2025-03-31,,,2025-03-31,,,2026-08-25
2025-03,forward_60m_state,,HORIZON_INCOMPLETE,2025-03-31,2025-03-31,,,2025-03-31,,,2026-08-25
2025-03,forward_60m_execution,,HORIZON_INCOMPLETE,2025-03-31,2025-03-31,,,2025-03-31,,,2026-08-25
2025-03,loss_flag_60m,,HORIZON_INCOMPLETE,2025-03-31,2025-03-31,,,2025-03-31,,,2026-08-25
2025-03,future_max_drawdown_60m,,HORIZON_INCOMPLETE,2025-03-31,2025-03-31,,,2025-03-31,,,2026-08-25
2025-03,forward_120m_state,,HORIZON_INCOMPLETE,2025-03-31,2025-03-31,,,2025-03-31,,,2026-08-25
2025-03,forward_120m_execution,,HORIZON_INCOMPLETE,2025-03-31,2025-03-31,,,2025-03-31,,,2026-08-25
2025-03,loss_flag_120m,,HORIZON_INCOMPLETE,2025-03-31,2025-03-31,,,2025-03-31,,,2026-08-25
2025-03,future_max_drawdown_120m,,HORIZON_INCOMPLETE,2025-03-31,2025-03-31,,,2025-03-31,,,2026-08-25
2025-04,forward_36m_state,,HORIZON_INCOMPLETE,2025-04-30,2025-04-30,,,2025-04-30,,,2026-08-25
2025-04,forward_36m_execution,,HORIZON_INCOMPLETE,2025-04-30,2025-04-30,,,2025-04-30,,,2026-08-25
2025-04,loss_flag_36m,,HORIZON_INCOMPLETE,2025-04-30,2025-04-30,,,2025-04-30,,,2026-08-25
2025-04,future_max_drawdown_36m,,HORIZON_INCOMPLETE,2025-04-30,2025-04-30,,,2025-04-30,,,2026-08-25
2025-04,forward_60m_state,,HORIZON_INCOMPLETE,2025-04-30,2025-04-30,,,2025-04-30,,,2026-08-25
2025-04,forward_60m_execution,,HORIZON_INCOMPLETE,2025-04-30,2025-04-30,,,2025-04-30,,,2026-08-25
2025-04,loss_flag_60m,,HORIZON_INCOMPLETE,2025-04-30,2025-04-30,,,2025-04-30,,,2026-08-25
2025-04,future_max_drawdown_60m,,HORIZON_INCOMPLETE,2025-04-30,2025-04-30,,,2025-04-30,,,2026-08-25
2025-04,forward_120m_state,,HORIZON_INCOMPLETE,2025-04-30,2025-04-30,,,2025-04-30,,,2026-08-25
2025-04,forward_120m_execution,,HORIZON_INCOMPLETE,2025-04-30,2025-04-30,,,2025-04-30,,,2026-08-25
2025-04,loss_flag_120m,,HORIZON_INCOMPLETE,2025-04-30,2025-04-30,,,2025-04-30,,,2026-08-25
2025-04,future_max_drawdown_120m,,HORIZON_INCOMPLETE,2025-04-30,2025-04-30,,,2025-04-30,,,2026-08-25
2025-05,forward_36m_state,,HORIZON_INCOMPLETE,2025-05-30,2025-05-30,,,2025-05-30,,,2026-08-25
2025-05,forward_36m_execution,,HORIZON_INCOMPLETE,2025-05-30,2025-05-30,,,2025-05-30,,,2026-08-25
2025-05,loss_flag_36m,,HORIZON_INCOMPLETE,2025-05-30,2025-05-30,,,2025-05-30,,,2026-08-25
2025-05,future_max_drawdown_36m,,HORIZON_INCOMPLETE,2025-05-30,2025-05-30,,,2025-05-30,,,2026-08-25
2025-05,forward_60m_state,,HORIZON_INCOMPLETE,2025-05-30,2025-05-30,,,2025-05-30,,,2026-08-25
2025-05,forward_60m_execution,,HORIZON_INCOMPLETE,2025-05-30,2025-05-30,,,2025-05-30,,,2026-08-25
2025-05,loss_flag_60m,,HORIZON_INCOMPLETE,2025-05-30,2025-05-30,,,2025-05-30,,,2026-08-25
2025-05,future_max_drawdown_60m,,HORIZON_INCOMPLETE,2025-05-30,2025-05-30,,,2025-05-30,,,2026-08-25
2025-05,forward_120m_state,,HORIZON_INCOMPLETE,2025-05-30,2025-05-30,,,2025-05-30,,,2026-08-25
2025-05,forward_120m_execution,,HORIZON_INCOMPLETE,2025-05-30,2025-05-30,,,2025-05-30,,,2026-08-25
2025-05,loss_flag_120m,,HORIZON_INCOMPLETE,2025-05-30,2025-05-30,,,2025-05-30,,,2026-08-25
2025-05,future_max_drawdown_120m,,HORIZON_INCOMPLETE,2025-05-30,2025-05-30,,,2025-05-30,,,2026-08-25
2025-06,forward_36m_state,,HORIZON_INCOMPLETE,2025-06-30,2025-06-30,,,2025-06-30,,,2026-08-25
2025-06,forward_36m_execution,,HORIZON_INCOMPLETE,2025-06-30,2025-06-30,,,2025-06-30,,,2026-08-25
2025-06,loss_flag_36m,,HORIZON_INCOMPLETE,2025-06-30,2025-06-30,,,2025-06-30,,,2026-08-25
2025-06,future_max_drawdown_36m,,HORIZON_INCOMPLETE,2025-06-30,2025-06-30,,,2025-06-30,,,2026-08-25
2025-06,forward_60m_state,,HORIZON_INCOMPLETE,2025-06-30,2025-06-30,,,2025-06-30,,,2026-08-25
2025-06,forward_60m_execution,,HORIZON_INCOMPLETE,2025-06-30,2025-06-30,,,2025-06-30,,,2026-08-25
2025-06,loss_flag_60m,,HORIZON_INCOMPLETE,2025-06-30,2025-06-30,,,2025-06-30,,,2026-08-25
2025-06,future_max_drawdown_60m,,HORIZON_INCOMPLETE,2025-06-30,2025-06-30,,,2025-06-30,,,2026-08-25
2025-06,forward_120m_state,,HORIZON_INCOMPLETE,2025-06-30,2025-06-30,,,2025-06-30,,,2026-08-25
2025-06,forward_120m_execution,,HORIZON_INCOMPLETE,2025-06-30,2025-06-30,,,2025-06-30,,,2026-08-25
2025-06,loss_flag_120m,,HORIZON_INCOMPLETE,2025-06-30,2025-06-30,,,2025-06-30,,,2026-08-25
2025-06,future_max_drawdown_120m,,HORIZON_INCOMPLETE,2025-06-30,2025-06-30,,,2025-06-30,,,2026-08-25
2025-07,forward_36m_state,,HORIZON_INCOMPLETE,2025-07-31,2025-07-31,,,2025-07-31,,,2026-08-25
2025-07,forward_36m_execution,,HORIZON_INCOMPLETE,2025-07-31,2025-07-31,,,2025-07-31,,,2026-08-25
2025-07,loss_flag_36m,,HORIZON_INCOMPLETE,2025-07-31,2025-07-31,,,2025-07-31,,,2026-08-25
2025-07,future_max_drawdown_36m,,HORIZON_INCOMPLETE,2025-07-31,2025-07-31,,,2025-07-31,,,2026-08-25
2025-07,forward_60m_state,,HORIZON_INCOMPLETE,2025-07-31,2025-07-31,,,2025-07-31,,,2026-08-25
2025-07,forward_60m_execution,,HORIZON_INCOMPLETE,2025-07-31,2025-07-31,,,2025-07-31,,,2026-08-25
2025-07,loss_flag_60m,,HORIZON_INCOMPLETE,2025-07-31,2025-07-31,,,2025-07-31,,,2026-08-25
2025-07,future_max_drawdown_60m,,HORIZON_INCOMPLETE,2025-07-31,2025-07-31,,,2025-07-31,,,2026-08-25
2025-07,forward_120m_state,,HORIZON_INCOMPLETE,2025-07-31,2025-07-31,,,2025-07-31,,,2026-08-25
2025-07,forward_120m_execution,,HORIZON_INCOMPLETE,2025-07-31,2025-07-31,,,2025-07-31,,,2026-08-25
2025-07,loss_flag_120m,,HORIZON_INCOMPLETE,2025-07-31,2025-07-31,,,2025-07-31,,,2026-08-25
2025-07,future_max_drawdown_120m,,HORIZON_INCOMPLETE,2025-07-31,2025-07-31,,,2025-07-31,,,2026-08-25
2025-08,forward_36m_state,,HORIZON_INCOMPLETE,2025-08-29,2025-08-29,,,2025-08-29,,,2026-08-25
2025-08,forward_36m_execution,,HORIZON_INCOMPLETE,2025-08-29,2025-08-29,,,2025-08-29,,,2026-08-25
2025-08,loss_flag_36m,,HORIZON_INCOMPLETE,2025-08-29,2025-08-29,,,2025-08-29,,,2026-08-25
2025-08,future_max_drawdown_36m,,HORIZON_INCOMPLETE,2025-08-29,2025-08-29,,,2025-08-29,,,2026-08-25
2025-08,forward_60m_state,,HORIZON_INCOMPLETE,2025-08-29,2025-08-29,,,2025-08-29,,,2026-08-25
2025-08,forward_60m_execution,,HORIZON_INCOMPLETE,2025-08-29,2025-08-29,,,2025-08-29,,,2026-08-25
2025-08,loss_flag_60m,,HORIZON_INCOMPLETE,2025-08-29,2025-08-29,,,2025-08-29,,,2026-08-25
2025-08,future_max_drawdown_60m,,HORIZON_INCOMPLETE,2025-08-29,2025-08-29,,,2025-08-29,,,2026-08-25
2025-08,forward_120m_state,,HORIZON_INCOMPLETE,2025-08-29,2025-08-29,,,2025-08-29,,,2026-08-25
2025-08,forward_120m_execution,,HORIZON_INCOMPLETE,2025-08-29,2025-08-29,,,2025-08-29,,,2026-08-25
2025-08,loss_flag_120m,,HORIZON_INCOMPLETE,2025-08-29,2025-08-29,,,2025-08-29,,,2026-08-25
2025-08,future_max_drawdown_120m,,HORIZON_INCOMPLETE,2025-08-29,2025-08-29,,,2025-08-29,,,2026-08-25
2025-09,forward_36m_state,,HORIZON_INCOMPLETE,2025-09-30,2025-09-30,,,2025-09-30,,,2026-08-25
2025-09,forward_36m_execution,,HORIZON_INCOMPLETE,2025-09-30,2025-09-30,,,2025-09-30,,,2026-08-25
2025-09,loss_flag_36m,,HORIZON_INCOMPLETE,2025-09-30,2025-09-30,,,2025-09-30,,,2026-08-25
2025-09,future_max_drawdown_36m,,HORIZON_INCOMPLETE,2025-09-30,2025-09-30,,,2025-09-30,,,2026-08-25
2025-09,forward_60m_state,,HORIZON_INCOMPLETE,2025-09-30,2025-09-30,,,2025-09-30,,,2026-08-25
2025-09,forward_60m_execution,,HORIZON_INCOMPLETE,2025-09-30,2025-09-30,,,2025-09-30,,,2026-08-25
2025-09,loss_flag_60m,,HORIZON_INCOMPLETE,2025-09-30,2025-09-30,,,2025-09-30,,,2026-08-25
2025-09,future_max_drawdown_60m,,HORIZON_INCOMPLETE,2025-09-30,2025-09-30,,,2025-09-30,,,2026-08-25
2025-09,forward_120m_state,,HORIZON_INCOMPLETE,2025-09-30,2025-09-30,,,2025-09-30,,,2026-08-25
2025-09,forward_120m_execution,,HORIZON_INCOMPLETE,2025-09-30,2025-09-30,,,2025-09-30,,,2026-08-25
2025-09,loss_flag_120m,,HORIZON_INCOMPLETE,2025-09-30,2025-09-30,,,2025-09-30,,,2026-08-25
2025-09,future_max_drawdown_120m,,HORIZON_INCOMPLETE,2025-09-30,2025-09-30,,,2025-09-30,,,2026-08-25
2025-10,forward_36m_state,,HORIZON_INCOMPLETE,2025-10-31,2025-10-31,,,2025-10-31,,,2026-08-25
2025-10,forward_36m_execution,,HORIZON_INCOMPLETE,2025-10-31,2025-10-31,,,2025-10-31,,,2026-08-25
2025-10,loss_flag_36m,,HORIZON_INCOMPLETE,2025-10-31,2025-10-31,,,2025-10-31,,,2026-08-25
2025-10,future_max_drawdown_36m,,HORIZON_INCOMPLETE,2025-10-31,2025-10-31,,,2025-10-31,,,2026-08-25
2025-10,forward_60m_state,,HORIZON_INCOMPLETE,2025-10-31,2025-10-31,,,2025-10-31,,,2026-08-25
2025-10,forward_60m_execution,,HORIZON_INCOMPLETE,2025-10-31,2025-10-31,,,2025-10-31,,,2026-08-25
2025-10,loss_flag_60m,,HORIZON_INCOMPLETE,2025-10-31,2025-10-31,,,2025-10-31,,,2026-08-25
2025-10,future_max_drawdown_60m,,HORIZON_INCOMPLETE,2025-10-31,2025-10-31,,,2025-10-31,,,2026-08-25
2025-10,forward_120m_state,,HORIZON_INCOMPLETE,2025-10-31,2025-10-31,,,2025-10-31,,,2026-08-25
2025-10,forward_120m_execution,,HORIZON_INCOMPLETE,2025-10-31,2025-10-31,,,2025-10-31,,,2026-08-25
2025-10,loss_flag_120m,,HORIZON_INCOMPLETE,2025-10-31,2025-10-31,,,2025-10-31,,,2026-08-25
2025-10,future_max_drawdown_120m,,HORIZON_INCOMPLETE,2025-10-31,2025-10-31,,,2025-10-31,,,2026-08-25
2025-11,forward_36m_state,,HORIZON_INCOMPLETE,2025-11-28,2025-11-28,,,2025-11-28,,,2026-08-25
2025-11,forward_36m_execution,,HORIZON_INCOMPLETE,2025-11-28,2025-11-28,,,2025-11-28,,,2026-08-25
2025-11,loss_flag_36m,,HORIZON_INCOMPLETE,2025-11-28,2025-11-28,,,2025-11-28,,,2026-08-25
2025-11,future_max_drawdown_36m,,HORIZON_INCOMPLETE,2025-11-28,2025-11-28,,,2025-11-28,,,2026-08-25
2025-11,forward_60m_state,,HORIZON_INCOMPLETE,2025-11-28,2025-11-28,,,2025-11-28,,,2026-08-25
2025-11,forward_60m_execution,,HORIZON_INCOMPLETE,2025-11-28,2025-11-28,,,2025-11-28,,,2026-08-25
2025-11,loss_flag_60m,,HORIZON_INCOMPLETE,2025-11-28,2025-11-28,,,2025-11-28,,,2026-08-25
2025-11,future_max_drawdown_60m,,HORIZON_INCOMPLETE,2025-11-28,2025-11-28,,,2025-11-28,,,2026-08-25
2025-11,forward_120m_state,,HORIZON_INCOMPLETE,2025-11-28,2025-11-28,,,2025-11-28,,,2026-08-25
2025-11,forward_120m_execution,,HORIZON_INCOMPLETE,2025-11-28,2025-11-28,,,2025-11-28,,,2026-08-25
2025-11,loss_flag_120m,,HORIZON_INCOMPLETE,2025-11-28,2025-11-28,,,2025-11-28,,,2026-08-25
2025-11,future_max_drawdown_120m,,HORIZON_INCOMPLETE,2025-11-28,2025-11-28,,,2025-11-28,,,2026-08-25
2025-12,forward_36m_state,,HORIZON_INCOMPLETE,2025-12-31,2025-12-31,,,2025-12-31,,,2026-08-25
2025-12,forward_36m_execution,,HORIZON_INCOMPLETE,2025-12-31,2025-12-31,,,2025-12-31,,,2026-08-25
2025-12,loss_flag_36m,,HORIZON_INCOMPLETE,2025-12-31,2025-12-31,,,2025-12-31,,,2026-08-25
2025-12,future_max_drawdown_36m,,HORIZON_INCOMPLETE,2025-12-31,2025-12-31,,,2025-12-31,,,2026-08-25
2025-12,forward_60m_state,,HORIZON_INCOMPLETE,2025-12-31,2025-12-31,,,2025-12-31,,,2026-08-25
2025-12,forward_60m_execution,,HORIZON_INCOMPLETE,2025-12-31,2025-12-31,,,2025-12-31,,,2026-08-25
2025-12,loss_flag_60m,,HORIZON_INCOMPLETE,2025-12-31,2025-12-31,,,2025-12-31,,,2026-08-25
2025-12,future_max_drawdown_60m,,HORIZON_INCOMPLETE,2025-12-31,2025-12-31,,,2025-12-31,,,2026-08-25
2025-12,forward_120m_state,,HORIZON_INCOMPLETE,2025-12-31,2025-12-31,,,2025-12-31,,,2026-08-25
2025-12,forward_120m_execution,,HORIZON_INCOMPLETE,2025-12-31,2025-12-31,,,2025-12-31,,,2026-08-25
2025-12,loss_flag_120m,,HORIZON_INCOMPLETE,2025-12-31,2025-12-31,,,2025-12-31,,,2026-08-25
2025-12,future_max_drawdown_120m,,HORIZON_INCOMPLETE,2025-12-31,2025-12-31,,,2025-12-31,,,2026-08-25
2026-01,forward_36m_state,,HORIZON_INCOMPLETE,2026-01-30,2026-01-30,,,2026-01-30,,,2026-08-25
2026-01,forward_36m_execution,,HORIZON_INCOMPLETE,2026-01-30,2026-01-30,,,2026-01-30,,,2026-08-25
2026-01,loss_flag_36m,,HORIZON_INCOMPLETE,2026-01-30,2026-01-30,,,2026-01-30,,,2026-08-25
2026-01,future_max_drawdown_36m,,HORIZON_INCOMPLETE,2026-01-30,2026-01-30,,,2026-01-30,,,2026-08-25
2026-01,forward_60m_state,,HORIZON_INCOMPLETE,2026-01-30,2026-01-30,,,2026-01-30,,,2026-08-25
2026-01,forward_60m_execution,,HORIZON_INCOMPLETE,2026-01-30,2026-01-30,,,2026-01-30,,,2026-08-25
2026-01,loss_flag_60m,,HORIZON_INCOMPLETE,2026-01-30,2026-01-30,,,2026-01-30,,,2026-08-25
2026-01,future_max_drawdown_60m,,HORIZON_INCOMPLETE,2026-01-30,2026-01-30,,,2026-01-30,,,2026-08-25
2026-01,forward_120m_state,,HORIZON_INCOMPLETE,2026-01-30,2026-01-30,,,2026-01-30,,,2026-08-25
2026-01,forward_120m_execution,,HORIZON_INCOMPLETE,2026-01-30,2026-01-30,,,2026-01-30,,,2026-08-25
2026-01,loss_flag_120m,,HORIZON_INCOMPLETE,2026-01-30,2026-01-30,,,2026-01-30,,,2026-08-25
2026-01,future_max_drawdown_120m,,HORIZON_INCOMPLETE,2026-01-30,2026-01-30,,,2026-01-30,,,2026-08-25
2026-02,forward_36m_state,,HORIZON_INCOMPLETE,2026-02-27,2026-02-27,,,2026-02-27,,,2026-08-25
2026-02,forward_36m_execution,,HORIZON_INCOMPLETE,2026-02-27,2026-02-27,,,2026-02-27,,,2026-08-25
2026-02,loss_flag_36m,,HORIZON_INCOMPLETE,2026-02-27,2026-02-27,,,2026-02-27,,,2026-08-25
2026-02,future_max_drawdown_36m,,HORIZON_INCOMPLETE,2026-02-27,2026-02-27,,,2026-02-27,,,2026-08-25
2026-02,forward_60m_state,,HORIZON_INCOMPLETE,2026-02-27,2026-02-27,,,2026-02-27,,,2026-08-25
2026-02,forward_60m_execution,,HORIZON_INCOMPLETE,2026-02-27,2026-02-27,,,2026-02-27,,,2026-08-25
2026-02,loss_flag_60m,,HORIZON_INCOMPLETE,2026-02-27,2026-02-27,,,2026-02-27,,,2026-08-25
2026-02,future_max_drawdown_60m,,HORIZON_INCOMPLETE,2026-02-27,2026-02-27,,,2026-02-27,,,2026-08-25
2026-02,forward_120m_state,,HORIZON_INCOMPLETE,2026-02-27,2026-02-27,,,2026-02-27,,,2026-08-25
2026-02,forward_120m_execution,,HORIZON_INCOMPLETE,2026-02-27,2026-02-27,,,2026-02-27,,,2026-08-25
2026-02,loss_flag_120m,,HORIZON_INCOMPLETE,2026-02-27,2026-02-27,,,2026-02-27,,,2026-08-25
2026-02,future_max_drawdown_120m,,HORIZON_INCOMPLETE,2026-02-27,2026-02-27,,,2026-02-27,,,2026-08-25
2026-03,forward_36m_state,,HORIZON_INCOMPLETE,2026-03-31,2026-03-31,,,2026-03-31,,,2026-08-25
2026-03,forward_36m_execution,,HORIZON_INCOMPLETE,2026-03-31,2026-03-31,,,2026-03-31,,,2026-08-25
2026-03,loss_flag_36m,,HORIZON_INCOMPLETE,2026-03-31,2026-03-31,,,2026-03-31,,,2026-08-25
2026-03,future_max_drawdown_36m,,HORIZON_INCOMPLETE,2026-03-31,2026-03-31,,,2026-03-31,,,2026-08-25
2026-03,forward_60m_state,,HORIZON_INCOMPLETE,2026-03-31,2026-03-31,,,2026-03-31,,,2026-08-25
2026-03,forward_60m_execution,,HORIZON_INCOMPLETE,2026-03-31,2026-03-31,,,2026-03-31,,,2026-08-25
2026-03,loss_flag_60m,,HORIZON_INCOMPLETE,2026-03-31,2026-03-31,,,2026-03-31,,,2026-08-25
2026-03,future_max_drawdown_60m,,HORIZON_INCOMPLETE,2026-03-31,2026-03-31,,,2026-03-31,,,2026-08-25
2026-03,forward_120m_state,,HORIZON_INCOMPLETE,2026-03-31,2026-03-31,,,2026-03-31,,,2026-08-25
2026-03,forward_120m_execution,,HORIZON_INCOMPLETE,2026-03-31,2026-03-31,,,2026-03-31,,,2026-08-25
2026-03,loss_flag_120m,,HORIZON_INCOMPLETE,2026-03-31,2026-03-31,,,2026-03-31,,,2026-08-25
2026-03,future_max_drawdown_120m,,HORIZON_INCOMPLETE,2026-03-31,2026-03-31,,,2026-03-31,,,2026-08-25
2026-04,forward_36m_state,,HORIZON_INCOMPLETE,2026-04-30,2026-04-30,,,2026-04-30,,,2026-08-25
2026-04,forward_36m_execution,,HORIZON_INCOMPLETE,2026-04-30,2026-04-30,,,2026-04-30,,,2026-08-25
2026-04,loss_flag_36m,,HORIZON_INCOMPLETE,2026-04-30,2026-04-30,,,2026-04-30,,,2026-08-25
2026-04,future_max_drawdown_36m,,HORIZON_INCOMPLETE,2026-04-30,2026-04-30,,,2026-04-30,,,2026-08-25
2026-04,forward_60m_state,,HORIZON_INCOMPLETE,2026-04-30,2026-04-30,,,2026-04-30,,,2026-08-25
2026-04,forward_60m_execution,,HORIZON_INCOMPLETE,2026-04-30,2026-04-30,,,2026-04-30,,,2026-08-25
2026-04,loss_flag_60m,,HORIZON_INCOMPLETE,2026-04-30,2026-04-30,,,2026-04-30,,,2026-08-25
2026-04,future_max_drawdown_60m,,HORIZON_INCOMPLETE,2026-04-30,2026-04-30,,,2026-04-30,,,2026-08-25
2026-04,forward_120m_state,,HORIZON_INCOMPLETE,2026-04-30,2026-04-30,,,2026-04-30,,,2026-08-25
2026-04,forward_120m_execution,,HORIZON_INCOMPLETE,2026-04-30,2026-04-30,,,2026-04-30,,,2026-08-25
2026-04,loss_flag_120m,,HORIZON_INCOMPLETE,2026-04-30,2026-04-30,,,2026-04-30,,,2026-08-25
2026-04,future_max_drawdown_120m,,HORIZON_INCOMPLETE,2026-04-30,2026-04-30,,,2026-04-30,,,2026-08-25
2026-05,forward_36m_state,,HORIZON_INCOMPLETE,2026-05-29,2026-05-29,,,2026-05-29,,,2026-08-25
2026-05,forward_36m_execution,,HORIZON_INCOMPLETE,2026-05-29,2026-05-29,,,2026-05-29,,,2026-08-25
2026-05,loss_flag_36m,,HORIZON_INCOMPLETE,2026-05-29,2026-05-29,,,2026-05-29,,,2026-08-25
2026-05,future_max_drawdown_36m,,HORIZON_INCOMPLETE,2026-05-29,2026-05-29,,,2026-05-29,,,2026-08-25
2026-05,forward_60m_state,,HORIZON_INCOMPLETE,2026-05-29,2026-05-29,,,2026-05-29,,,2026-08-25
2026-05,forward_60m_execution,,HORIZON_INCOMPLETE,2026-05-29,2026-05-29,,,2026-05-29,,,2026-08-25
2026-05,loss_flag_60m,,HORIZON_INCOMPLETE,2026-05-29,2026-05-29,,,2026-05-29,,,2026-08-25
2026-05,future_max_drawdown_60m,,HORIZON_INCOMPLETE,2026-05-29,2026-05-29,,,2026-05-29,,,2026-08-25
2026-05,forward_120m_state,,HORIZON_INCOMPLETE,2026-05-29,2026-05-29,,,2026-05-29,,,2026-08-25
2026-05,forward_120m_execution,,HORIZON_INCOMPLETE,2026-05-29,2026-05-29,,,2026-05-29,,,2026-08-25
2026-05,loss_flag_120m,,HORIZON_INCOMPLETE,2026-05-29,2026-05-29,,,2026-05-29,,,2026-08-25
2026-05,future_max_drawdown_120m,,HORIZON_INCOMPLETE,2026-05-29,2026-05-29,,,2026-05-29,,,2026-08-25
2026-06,forward_36m_state,,HORIZON_INCOMPLETE,2026-06-30,2026-06-30,,,2026-06-30,,,2026-08-25
2026-06,forward_36m_execution,,HORIZON_INCOMPLETE,2026-06-30,2026-06-30,,,2026-06-30,,,2026-08-25
2026-06,loss_flag_36m,,HORIZON_INCOMPLETE,2026-06-30,2026-06-30,,,2026-06-30,,,2026-08-25
2026-06,future_max_drawdown_36m,,HORIZON_INCOMPLETE,2026-06-30,2026-06-30,,,2026-06-30,,,2026-08-25
2026-06,forward_60m_state,,HORIZON_INCOMPLETE,2026-06-30,2026-06-30,,,2026-06-30,,,2026-08-25
2026-06,forward_60m_execution,,HORIZON_INCOMPLETE,2026-06-30,2026-06-30,,,2026-06-30,,,2026-08-25
2026-06,loss_flag_60m,,HORIZON_INCOMPLETE,2026-06-30,2026-06-30,,,2026-06-30,,,2026-08-25
2026-06,future_max_drawdown_60m,,HORIZON_INCOMPLETE,2026-06-30,2026-06-30,,,2026-06-30,,,2026-08-25
2026-06,forward_120m_state,,HORIZON_INCOMPLETE,2026-06-30,2026-06-30,,,2026-06-30,,,2026-08-25
2026-06,forward_120m_execution,,HORIZON_INCOMPLETE,2026-06-30,2026-06-30,,,2026-06-30,,,2026-08-25
2026-06,loss_flag_120m,,HORIZON_INCOMPLETE,2026-06-30,2026-06-30,,,2026-06-30,,,2026-08-25
2026-06,future_max_drawdown_120m,,HORIZON_INCOMPLETE,2026-06-30,2026-06-30,,,2026-06-30,,,2026-08-25
2026-07,forward_36m_state,,HORIZON_INCOMPLETE,2026-07-31,2026-07-31,,,2026-07-31,,,2026-08-25
2026-07,forward_36m_execution,,HORIZON_INCOMPLETE,2026-07-31,2026-07-31,,,2026-07-31,,,2026-08-25
2026-07,loss_flag_36m,,HORIZON_INCOMPLETE,2026-07-31,2026-07-31,,,2026-07-31,,,2026-08-25
2026-07,future_max_drawdown_36m,,HORIZON_INCOMPLETE,2026-07-31,2026-07-31,,,2026-07-31,,,2026-08-25
2026-07,forward_60m_state,,HORIZON_INCOMPLETE,2026-07-31,2026-07-31,,,2026-07-31,,,2026-08-25
2026-07,forward_60m_execution,,HORIZON_INCOMPLETE,2026-07-31,2026-07-31,,,2026-07-31,,,2026-08-25
2026-07,loss_flag_60m,,HORIZON_INCOMPLETE,2026-07-31,2026-07-31,,,2026-07-31,,,2026-08-25
2026-07,future_max_drawdown_60m,,HORIZON_INCOMPLETE,2026-07-31,2026-07-31,,,2026-07-31,,,2026-08-25
2026-07,forward_120m_state,,HORIZON_INCOMPLETE,2026-07-31,2026-07-31,,,2026-07-31,,,2026-08-25
2026-07,forward_120m_execution,,HORIZON_INCOMPLETE,2026-07-31,2026-07-31,,,2026-07-31,,,2026-08-25
2026-07,loss_flag_120m,,HORIZON_INCOMPLETE,2026-07-31,2026-07-31,,,2026-07-31,,,2026-08-25
2026-07,future_max_drawdown_120m,,HORIZON_INCOMPLETE,2026-07-31,2026-07-31,,,2026-07-31,,,2026-08-25
